group,scenario,trace,period,node,demand,cost,inventory,backlog,policy_order,actual_order,chosen,notification_period
happo,base,0,1,0,10,10.0,10,0,16,16,zero,
happo,base,0,1,1,10,4.0,4,0,8,8,zero,
happo,base,0,1,2,10,12.0,12,0,0,0,zero,
happo,base,0,2,0,8,12.0,12,0,10,10,zero,
happo,base,0,2,1,8,4.0,4,0,17,17,zero,
happo,base,0,2,2,8,5.0,5,0,2,2,zero,
happo,base,0,3,0,8,14.0,14,0,0,0,zero,
happo,base,0,3,1,8,14.0,14,0,8,8,zero,
happo,base,0,3,2,8,7.0,7,0,19,19,zero,
happo,base,0,4,0,7,17.0,17,0,6,6,zero,
happo,base,0,4,1,7,18.0,18,0,0,0,zero,
happo,base,0,4,2,7,17.0,17,0,20,20,zero,
happo,base,0,5,0,7,26.0,26,0,6,6,zero,
happo,base,0,5,1,7,20.0,20,0,1,1,zero,
happo,base,0,5,2,7,16.0,16,0,3,3,zero,
happo,base,0,6,0,7,29.0,29,0,0,0,zero,
happo,base,0,6,1,7,37.0,37,0,1,1,zero,
happo,base,0,6,2,7,17.0,17,0,0,0,zero,
happo,base,0,7,0,7,22.0,22,0,0,0,zero,
happo,base,0,7,1,7,45.0,45,0,1,1,zero,
happo,base,0,7,2,7,35.0,35,0,0,0,zero,
happo,base,0,8,0,7,21.0,21,0,11,11,zero,
happo,base,0,8,1,7,34.0,34,0,0,0,zero,
happo,base,0,8,2,7,55.0,55,0,0,0,zero,
happo,base,0,9,0,7,20.0,20,0,11,11,zero,
happo,base,0,9,1,7,24.0,24,0,4,4,zero,
happo,base,0,9,2,7,54.0,54,0,0,0,zero,
happo,base,0,10,0,7,13.0,13,0,0,0,zero,
happo,base,0,10,1,7,25.0,25,0,17,17,zero,
happo,base,0,10,2,7,37.0,37,0,0,0,zero,
happo,base,0,11,0,6,7.0,7,0,0,0,zero,
happo,base,0,11,1,6,26.0,26,0,0,0,zero,
happo,base,0,11,2,6,37.0,37,0,2,2,zero,
happo,base,0,12,0,5,13.0,13,0,6,6,zero,
happo,base,0,12,1,5,20.0,20,0,0,0,zero,
happo,base,0,12,2,5,37.0,37,0,0,0,zero,
happo,base,0,13,0,5,19.0,19,0,0,0,zero,
happo,base,0,13,1,5,24.0,24,0,0,0,zero,
happo,base,0,13,2,5,37.0,37,0,0,0,zero,
happo,base,0,14,0,5,14.0,14,0,0,0,zero,
happo,base,0,14,1,5,41.0,41,0,0,0,zero,
happo,base,0,14,2,5,37.0,37,0,0,0,zero,
happo,base,0,15,0,4,10.0,10,0,11,11,zero,
happo,base,0,15,1,4,30.0,30,0,0,0,zero,
happo,base,0,15,2,4,39.0,39,0,0,0,zero,
happo,base,0,16,0,4,12.0,12,0,0,0,zero,
happo,base,0,16,1,4,30.0,30,0,7,7,zero,
happo,base,0,16,2,4,32.0,32,0,0,0,zero,
happo,base,0,17,0,4,8.0,8,0,0,0,zero,
happo,base,0,17,1,4,30.0,30,0,0,0,zero,
happo,base,0,17,2,4,32.0,32,0,0,0,zero,
happo,base,0,18,0,4,4.0,4,0,0,0,zero,
happo,base,0,18,1,4,30.0,30,0,0,0,zero,
happo,base,0,18,2,4,32.0,32,0,0,0,zero,
happo,base,0,19,0,4,11.0,11,0,4,4,zero,
happo,base,0,19,1,4,26.0,26,0,0,0,zero,
happo,base,0,19,2,4,32.0,32,0,0,0,zero,
happo,base,0,20,0,5,6.0,6,0,11,11,zero,
happo,base,0,20,1,5,22.0,22,0,0,0,zero,
happo,base,0,20,2,5,32.0,32,0,0,0,zero,
happo,base,0,21,0,5,1.0,1,0,12,12,zero,
happo,base,0,21,1,5,10.0,10,0,16,16,zero,
happo,base,0,21,2,5,16.0,16,0,0,0,zero,
happo,base,0,22,0,6,5.0,0,5,1,1,zero,
happo,base,0,22,1,6,9.0,9,0,16,16,zero,
happo,base,0,22,2,6,-0.0,0,0,2,2,zero,
happo,base,0,23,0,5,6.0,0,6,2,2,zero,
happo,base,0,23,1,5,7.0,7,0,0,0,zero,
happo,base,0,23,2,5,-0.0,0,0,19,19,zero,
happo,base,0,24,0,5,-0.0,0,0,4,4,zero,
happo,base,0,24,1,5,3.0,3,0,0,0,zero,
happo,base,0,24,2,5,-0.0,0,0,16,16,zero,
happo,base,0,25,0,5,7.0,7,0,4,4,zero,
happo,base,0,25,1,5,15.0,15,0,0,0,zero,
happo,base,0,25,2,5,-0.0,0,0,0,0,zero,
happo,base,0,26,0,5,3.0,3,0,12,12,zero,
happo,base,0,26,1,5,19.0,19,0,0,0,zero,
happo,base,0,26,2,5,2.0,2,0,0,0,zero,
happo,base,0,27,0,5,-0.0,0,0,2,2,zero,
happo,base,0,27,1,5,17.0,17,0,17,17,zero,
happo,base,0,27,2,5,4.0,4,0,0,0,zero,
happo,base,0,28,0,5,1.0,0,1,2,2,zero,
happo,base,0,28,1,5,15.0,15,0,0,0,zero,
happo,base,0,28,2,5,20.0,20,0,16,16,zero,
happo,base,0,29,0,5,2.0,0,2,4,4,zero,
happo,base,0,29,1,5,11.0,11,0,0,0,zero,
happo,base,0,29,2,5,20.0,20,0,0,0,zero,
happo,base,0,30,0,5,5.0,5,0,4,4,zero,
happo,base,0,30,1,5,7.0,7,0,0,0,zero,
happo,base,0,30,2,5,20.0,20,0,0,0,zero,
happo,base,0,31,0,5,2.0,2,0,12,12,zero,
happo,base,0,31,1,5,12.0,12,0,8,8,zero,
happo,base,0,31,2,5,12.0,12,0,0,0,zero,
happo,base,0,32,0,5,1.0,0,1,4,4,zero,
happo,base,0,32,1,5,8.0,8,0,17,17,zero,
happo,base,0,32,2,5,11.0,11,0,0,0,zero,
happo,base,0,33,0,5,2.0,0,2,2,2,zero,
happo,base,0,33,1,5,6.0,6,0,0,0,zero,
happo,base,0,33,2,5,11.0,11,0,19,19,zero,
happo,base,0,34,0,5,3.0,0,3,4,4,zero,
happo,base,0,34,1,5,2.0,2,0,0,0,zero,
happo,base,0,34,2,5,11.0,11,0,0,0,zero,
happo,base,0,35,0,5,4.0,4,0,4,4,zero,
happo,base,0,35,1,5,6.0,6,0,0,0,zero,
happo,base,0,35,2,5,11.0,11,0,0,0,zero,
happo,base,0,36,0,4,4.0,4,0,12,12,zero,
happo,base,0,36,1,4,11.0,11,0,0,0,zero,
happo,base,0,36,2,4,11.0,11,0,0,0,zero,
happo,base,0,37,0,5,1.0,1,0,1,1,zero,
happo,base,0,37,1,5,10.0,10,0,17,17,zero,
happo,base,0,37,2,5,13.0,13,0,0,0,zero,
happo,base,0,38,0,4,1.0,1,0,2,2,zero,
happo,base,0,38,1,4,8.0,8,0,0,0,zero,
happo,base,0,38,2,4,13.0,13,0,19,19,zero,
happo,base,0,39,0,4,1.0,1,0,4,4,zero,
happo,base,0,39,1,4,4.0,4,0,0,0,zero,
happo,base,0,39,2,4,13.0,13,0,0,0,zero,
happo,base,0,40,0,4,9.0,9,0,4,4,zero,
happo,base,0,40,1,4,-0.0,0,0,8,8,zero,
happo,base,0,40,2,4,5.0,5,0,0,0,zero,
happo,base,0,41,0,4,6.0,6,0,0,0,zero,
happo,base,0,41,1,4,17.0,17,0,8,8,zero,
happo,base,0,41,2,4,3.0,0,3,0,0,zero,
happo,base,0,42,0,3,5.0,5,0,6,6,zero,
happo,base,0,42,1,3,11.0,11,0,0,0,zero,
happo,base,0,42,2,3,16.0,16,0,19,19,zero,
happo,base,0,43,0,4,5.0,5,0,6,6,zero,
happo,base,0,43,1,4,5.0,5,0,7,7,zero,
happo,base,0,43,2,4,9.0,9,0,0,0,zero,
happo,base,0,44,0,4,5.0,5,0,0,0,zero,
happo,base,0,44,1,4,13.0,13,0,8,8,zero,
happo,base,0,44,2,4,1.0,1,0,0,0,zero,
happo,base,0,45,0,4,1.0,1,0,0,0,zero,
happo,base,0,45,1,4,18.0,18,0,0,0,zero,
happo,base,0,45,2,4,1.0,1,0,2,2,zero,
happo,base,0,46,0,5,2.0,2,0,6,6,zero,
happo,base,0,46,1,5,15.0,15,0,0,0,zero,
happo,base,0,46,2,5,20.0,20,0,0,0,zero,
happo,base,0,47,0,6,2.0,2,0,10,10,zero,
happo,base,0,47,1,6,12.0,12,0,0,0,zero,
happo,base,0,47,2,6,20.0,20,0,0,0,zero,
happo,base,0,48,0,6,4.0,0,4,12,12,zero,
happo,base,0,48,1,6,8.0,8,0,16,16,zero,
happo,base,0,48,2,6,4.0,4,0,0,0,zero,
happo,base,0,49,0,5,9.0,0,9,2,2,zero,
happo,base,0,49,1,5,6.0,6,0,16,16,zero,
happo,base,0,49,2,5,10.0,0,10,19,19,zero,
happo,base,0,50,0,6,9.0,0,9,4,4,zero,
happo,base,0,50,1,6,2.0,2,0,0,0,zero,
happo,base,0,50,2,6,10.0,0,10,20,20,zero,
happo,base,0,51,0,5,4.0,0,4,6,6,zero,
happo,base,0,51,1,5,4.0,0,4,8,8,zero,
happo,base,0,51,2,5,18.0,0,18,4,4,zero,
happo,base,0,52,0,6,2.0,2,0,6,6,zero,
happo,base,0,52,1,6,6.0,6,0,11,11,zero,
happo,base,0,52,2,6,29.0,0,29,18,18,zero,
happo,base,0,53,0,5,1.0,0,1,10,10,zero,
happo,base,0,53,1,5,2.0,2,0,11,11,zero,
happo,base,0,53,2,5,21.0,0,21,0,0,zero,
happo,base,0,54,0,5,2.0,0,2,2,2,zero,
happo,base,0,54,1,5,-0.0,0,0,0,0,zero,
happo,base,0,54,2,5,1.0,0,1,19,19,zero,
happo,base,0,55,0,6,6.0,0,6,4,4,zero,
happo,base,0,55,1,6,4.0,0,4,0,0,zero,
happo,base,0,55,2,6,3.0,3,0,4,4,zero,
happo,base,0,56,0,5,1.0,0,1,6,6,zero,
happo,base,0,56,1,5,10.0,0,10,0,0,zero,
happo,base,0,56,2,5,21.0,21,0,0,0,zero,
happo,base,0,57,0,5,4.0,4,0,6,6,zero,
happo,base,0,57,1,5,3.0,3,0,8,8,zero,
happo,base,0,57,2,5,13.0,13,0,0,0,zero,
happo,base,0,58,0,5,1.0,1,0,6,6,zero,
happo,base,0,58,1,5,17.0,17,0,11,11,zero,
happo,base,0,58,2,5,21.0,21,0,0,0,zero,
happo,base,0,59,0,5,4.0,0,4,2,2,zero,
happo,base,0,59,1,5,16.0,16,0,0,0,zero,
happo,base,0,59,2,5,25.0,25,0,19,19,zero,
happo,base,0,60,0,5,9.0,0,9,4,4,zero,
happo,base,0,60,1,5,12.0,12,0,0,0,zero,
happo,base,0,60,2,5,25.0,25,0,0,0,zero,
happo,base,0,61,0,4,3.0,3,0,4,4,zero,
happo,base,0,61,1,4,16.0,16,0,1,1,zero,
happo,base,0,61,2,4,24.0,24,0,0,0,zero,
happo,base,0,62,0,4,5.0,5,0,1,1,zero,
happo,base,0,62,1,4,26.0,26,0,1,1,zero,
happo,base,0,62,2,4,23.0,23,0,0,0,zero,
happo,base,0,63,0,4,3.0,3,0,6,6,zero,
happo,base,0,63,1,4,20.0,20,0,0,0,zero,
happo,base,0,63,2,4,42.0,42,0,0,0,zero,
happo,base,0,64,0,4,3.0,3,0,10,10,zero,
happo,base,0,64,1,4,10.0,10,0,7,7,zero,
happo,base,0,64,2,4,35.0,35,0,0,0,zero,
happo,base,0,65,0,4,3.0,3,0,1,1,zero,
happo,base,0,65,1,4,10.0,10,0,17,17,zero,
happo,base,0,65,2,4,18.0,18,0,0,0,zero,
happo,base,0,66,0,5,1.0,0,1,0,0,zero,
happo,base,0,66,1,5,11.0,11,0,0,0,zero,
happo,base,0,66,2,5,18.0,18,0,16,16,zero,
happo,base,0,67,0,5,-0.0,0,0,4,4,zero,
happo,base,0,67,1,5,7.0,7,0,0,0,zero,
happo,base,0,67,2,5,18.0,18,0,0,0,zero,
happo,base,0,68,0,5,5.0,5,0,6,6,zero,
happo,base,0,68,1,5,8.0,8,0,0,0,zero,
happo,base,0,68,2,5,18.0,18,0,0,0,zero,
happo,base,0,69,0,5,1.0,1,0,12,12,zero,
happo,base,0,69,1,5,13.0,13,0,8,8,zero,
happo,base,0,69,2,5,10.0,10,0,0,0,zero,
happo,base,0,70,0,5,4.0,0,4,2,2,zero,
happo,base,0,70,1,5,11.0,11,0,17,17,zero,
happo,base,0,70,2,5,9.0,9,0,0,0,zero,
happo,base,0,71,0,4,4.0,0,4,2,2,zero,
happo,base,0,71,1,4,9.0,9,0,0,0,zero,
happo,base,0,71,2,4,9.0,9,0,19,19,zero,
happo,base,0,72,0,4,2.0,0,2,4,4,zero,
happo,base,0,72,1,4,5.0,5,0,0,0,zero,
happo,base,0,72,2,4,9.0,9,0,2,2,zero,
happo,base,0,73,0,4,6.0,6,0,2,2,zero,
happo,base,0,73,1,4,11.0,11,0,0,0,zero,
happo,base,0,73,2,4,9.0,9,0,0,0,zero,
happo,base,0,74,0,4,4.0,4,0,6,6,zero,
happo,base,0,74,1,4,22.0,22,0,0,0,zero,
happo,base,0,74,2,4,9.0,9,0,0,0,zero,
happo,base,0,75,0,4,2.0,2,0,10,10,zero,
happo,base,0,75,1,4,12.0,12,0,0,0,zero,
happo,base,0,75,2,4,28.0,28,0,0,0,zero,
happo,base,0,76,0,4,2.0,2,0,1,1,zero,
happo,base,0,76,1,4,11.0,11,0,17,17,zero,
happo,base,0,76,2,4,13.0,13,0,0,0,zero,
happo,base,0,77,0,4,-0.0,0,0,1,1,zero,
happo,base,0,77,1,4,10.0,10,0,0,0,zero,
happo,base,0,77,2,4,13.0,13,0,16,16,zero,
happo,base,0,78,0,3,3.0,3,0,4,4,zero,
happo,base,0,78,1,3,6.0,6,0,0,0,zero,
happo,base,0,78,2,3,13.0,13,0,0,0,zero,
happo,base,0,79,0,3,10.0,10,0,1,1,zero,
happo,base,0,79,1,3,5.0,5,0,0,0,zero,
happo,base,0,79,2,3,13.0,13,0,0,0,zero,
happo,base,0,80,0,3,8.0,8,0,0,0,zero,
happo,base,0,80,1,3,22.0,22,0,0,0,zero,
happo,base,0,80,2,3,13.0,13,0,0,0,zero,
happo,base,0,81,0,3,6.0,6,0,0,0,zero,
happo,base,0,81,1,3,22.0,22,0,0,0,zero,
happo,base,0,81,2,3,29.0,29,0,0,0,zero,
happo,base,0,82,0,3,7.0,7,0,6,6,zero,
happo,base,0,82,1,3,16.0,16,0,0,0,zero,
happo,base,0,82,2,3,29.0,29,0,0,0,zero,
happo,base,0,83,0,3,5.0,5,0,10,10,zero,
happo,base,0,83,1,3,6.0,6,0,7,7,zero,
happo,base,0,83,2,3,22.0,22,0,0,0,zero,
happo,base,0,84,0,2,3.0,3,0,0,0,zero,
happo,base,0,84,1,2,6.0,6,0,16,16,zero,
happo,base,0,84,2,2,6.0,6,0,0,0,zero,
happo,base,0,85,0,2,1.0,1,0,0,0,zero,
happo,base,0,85,1,2,6.0,6,0,0,0,zero,
happo,base,0,85,2,2,6.0,6,0,19,19,zero,
happo,base,0,86,0,2,5.0,5,0,0,0,zero,
happo,base,0,86,1,2,6.0,6,0,0,0,zero,
happo,base,0,86,2,2,6.0,6,0,2,2,zero,
happo,base,0,87,0,2,13.0,13,0,0,0,zero,
happo,base,0,87,1,2,13.0,13,0,0,0,zero,
happo,base,0,87,2,2,6.0,6,0,0,0,zero,
happo,base,0,88,0,2,11.0,11,0,0,0,zero,
happo,base,0,88,1,2,29.0,29,0,0,0,zero,
happo,base,0,88,2,2,6.0,6,0,0,0,zero,
happo,base,0,89,0,2,9.0,9,0,0,0,zero,
happo,base,0,89,1,2,29.0,29,0,0,0,zero,
happo,base,0,89,2,2,25.0,25,0,0,0,zero,
happo,base,0,90,0,2,7.0,7,0,0,0,zero,
happo,base,0,90,1,2,29.0,29,0,0,0,zero,
happo,base,0,90,2,2,27.0,27,0,0,0,zero,
happo,base,0,91,0,2,5.0,5,0,0,0,zero,
happo,base,0,91,1,2,29.0,29,0,0,0,zero,
happo,base,0,91,2,2,27.0,27,0,0,0,zero,
happo,base,0,92,0,2,3.0,3,0,11,11,zero,
happo,base,0,92,1,2,18.0,18,0,0,0,zero,
happo,base,0,92,2,2,27.0,27,0,0,0,zero,
happo,base,0,93,0,2,1.0,1,0,0,0,zero,
happo,base,0,93,1,2,18.0,18,0,7,7,zero,
happo,base,0,93,2,2,20.0,20,0,0,0,zero,
happo,base,0,94,0,2,1.0,0,1,0,0,zero,
happo,base,0,94,1,2,18.0,18,0,0,0,zero,
happo,base,0,94,2,2,20.0,20,0,0,0,zero,
happo,base,0,95,0,2,3.0,0,3,1,1,zero,
happo,base,0,95,1,2,17.0,17,0,0,0,zero,
happo,base,0,95,2,2,20.0,20,0,0,0,zero,
happo,base,0,96,0,2,6.0,6,0,1,1,zero,
happo,base,0,96,1,2,16.0,16,0,0,0,zero,
happo,base,0,96,2,2,20.0,20,0,0,0,zero,
happo,base,0,97,0,2,4.0,4,0,0,0,zero,
happo,base,0,97,1,2,23.0,23,0,0,0,zero,
happo,base,0,97,2,2,20.0,20,0,0,0,zero,
happo,base,0,98,0,2,2.0,2,0,4,4,zero,
happo,base,0,98,1,2,19.0,19,0,0,0,zero,
happo,base,0,98,2,2,20.0,20,0,0,0,zero,
happo,base,0,99,0,2,1.0,1,0,6,6,zero,
happo,base,0,99,1,2,13.0,13,0,0,0,zero,
happo,base,0,99,2,2,20.0,20,0,0,0,zero,
happo,base,0,100,0,2,-0.0,0,0,0,0,zero,
happo,base,0,100,1,2,13.0,13,0,7,7,zero,
happo,base,0,100,2,2,13.0,13,0,0,0,zero,
happo,base,0,101,0,2,2.0,0,2,0,0,zero,
happo,base,0,101,1,2,13.0,13,0,0,0,zero,
happo,base,0,101,2,2,13.0,13,0,2,2,zero,
happo,base,0,102,0,2,-0.0,0,0,1,1,zero,
happo,base,0,102,1,2,12.0,12,0,0,0,zero,
happo,base,0,102,2,2,13.0,13,0,0,0,zero,
happo,base,0,103,0,2,4.0,4,0,1,1,zero,
happo,base,0,103,1,2,11.0,11,0,0,0,zero,
happo,base,0,103,2,2,13.0,13,0,0,0,zero,
happo,base,0,104,0,2,2.0,2,0,4,4,zero,
happo,base,0,104,1,2,14.0,14,0,0,0,zero,
happo,base,0,104,2,2,13.0,13,0,0,0,zero,
happo,base,0,105,0,2,-0.0,0,0,4,4,zero,
happo,base,0,105,1,2,10.0,10,0,0,0,zero,
happo,base,0,105,2,2,15.0,15,0,0,0,zero,
happo,base,0,106,0,2,1.0,0,1,1,1,zero,
happo,base,0,106,1,2,9.0,9,0,7,7,zero,
happo,base,0,106,2,2,8.0,8,0,0,0,zero,
happo,base,0,107,0,2,2.0,0,2,1,1,zero,
happo,base,0,107,1,2,8.0,8,0,0,0,zero,
happo,base,0,107,2,2,8.0,8,0,16,16,zero,
happo,base,0,108,0,2,-0.0,0,0,1,1,zero,
happo,base,0,108,1,2,7.0,7,0,0,0,zero,
happo,base,0,108,2,2,8.0,8,0,0,0,zero,
happo,base,0,109,0,2,2.0,2,0,1,1,zero,
happo,base,0,109,1,2,6.0,6,0,0,0,zero,
happo,base,0,109,2,2,8.0,8,0,0,0,zero,
happo,base,0,110,0,2,1.0,1,0,6,6,zero,
happo,base,0,110,1,2,7.0,7,0,0,0,zero,
happo,base,0,110,2,2,8.0,8,0,0,0,zero,
happo,base,0,111,0,3,1.0,0,1,1,1,zero,
happo,base,0,111,1,3,6.0,6,0,16,16,zero,
happo,base,0,111,2,3,8.0,8,0,0,0,zero,
happo,base,0,112,0,2,2.0,0,2,1,1,zero,
happo,base,0,112,1,2,5.0,5,0,0,0,zero,
happo,base,0,112,2,2,8.0,8,0,19,19,zero,
happo,base,0,113,0,2,3.0,0,3,1,1,zero,
happo,base,0,113,1,2,4.0,4,0,0,0,zero,
happo,base,0,113,2,2,8.0,8,0,0,0,zero,
happo,base,0,114,0,3,-0.0,0,0,1,1,zero,
happo,base,0,114,1,3,3.0,3,0,0,0,zero,
happo,base,0,114,2,3,8.0,8,0,0,0,zero,
happo,base,0,115,0,3,2.0,0,2,6,6,zero,
happo,base,0,115,1,3,13.0,13,0,0,0,zero,
happo,base,0,115,2,3,8.0,8,0,0,0,zero,
happo,base,0,116,0,3,4.0,0,4,6,6,zero,
happo,base,0,116,1,3,7.0,7,0,16,16,zero,
happo,base,0,116,2,3,11.0,11,0,0,0,zero,
happo,base,0,117,0,3,6.0,0,6,2,2,zero,
happo,base,0,117,1,3,5.0,5,0,0,0,zero,
happo,base,0,117,2,3,11.0,11,0,19,19,zero,
happo,base,0,118,0,4,9.0,0,9,4,4,zero,
happo,base,0,118,1,4,1.0,1,0,0,0,zero,
happo,base,0,118,2,4,11.0,11,0,0,0,zero,
happo,base,0,119,0,4,7.0,0,7,6,6,zero,
happo,base,0,119,1,4,5.0,0,5,0,0,zero,
happo,base,0,119,2,4,11.0,11,0,0,0,zero,
happo,base,0,120,0,4,5.0,0,5,6,6,zero,
happo,base,0,120,1,4,5.0,5,0,8,8,zero,
happo,base,0,120,2,4,3.0,3,0,0,0,zero,
happo,base,0,121,0,3,6.0,0,6,6,6,zero,
happo,base,0,121,1,3,1.0,0,1,8,8,zero,
happo,base,0,121,2,3,14.0,14,0,2,2,zero,
happo,base,0,122,0,5,7.0,0,7,0,0,zero,
happo,base,0,122,1,5,1.0,0,1,0,0,zero,
happo,base,0,122,2,5,14.0,14,0,19,19,zero,
happo,base,0,123,0,4,10.0,0,10,4,4,zero,
happo,base,0,123,1,4,5.0,0,5,0,0,zero,
happo,base,0,123,2,4,14.0,14,0,0,0,zero,
happo,base,0,124,0,5,4.0,0,4,6,6,zero,
happo,base,0,124,1,5,3.0,0,3,8,8,zero,
happo,base,0,124,2,5,6.0,6,0,0,0,zero,
happo,base,0,125,0,5,4.0,0,4,6,6,zero,
happo,base,0,125,1,5,1.0,0,1,16,16,zero,
happo,base,0,125,2,5,8.0,0,8,0,0,zero,
happo,base,0,126,0,6,10.0,0,10,6,6,zero,
happo,base,0,126,1,6,7.0,0,7,0,0,zero,
happo,base,0,126,2,6,11.0,11,0,19,19,zero,
happo,base,0,127,0,6,16.0,0,16,6,6,zero,
happo,base,0,127,1,6,13.0,0,13,16,16,zero,
happo,base,0,127,2,6,5.0,0,5,0,0,zero,
happo,base,0,128,0,6,14.0,0,14,11,11,zero,
happo,base,0,128,1,6,16.0,0,16,0,0,zero,
happo,base,0,128,2,6,5.0,0,5,19,19,zero,
happo,base,0,129,0,6,12.0,0,12,11,11,zero,
happo,base,0,129,1,6,19.0,0,19,16,16,zero,
happo,base,0,129,2,6,21.0,0,21,4,4,zero,
happo,base,0,130,0,6,18.0,0,18,6,6,zero,
happo,base,0,130,1,6,17.0,0,17,11,11,zero,
happo,base,0,130,2,6,13.0,0,13,19,19,zero,
happo,base,0,131,0,5,23.0,0,23,11,11,zero,
happo,base,0,131,1,5,17.0,0,17,8,8,zero,
happo,base,0,131,2,5,21.0,0,21,20,20,zero,
happo,base,0,132,0,5,20.0,0,20,11,11,zero,
happo,base,0,132,1,5,28.0,0,28,17,17,zero,
happo,base,0,132,2,5,19.0,0,19,0,0,zero,
happo,base,0,133,0,5,17.0,0,17,6,6,zero,
happo,base,0,133,1,5,34.0,0,34,16,16,zero,
happo,base,0,133,2,5,31.0,0,31,19,19,zero,
happo,base,0,134,0,5,14.0,0,14,6,6,zero,
happo,base,0,134,1,5,21.0,0,21,16,16,zero,
happo,base,0,134,2,5,28.0,0,28,20,20,zero,
happo,base,0,135,0,5,8.0,0,8,6,6,zero,
happo,base,0,135,1,5,27.0,0,27,0,0,zero,
happo,base,0,135,2,5,8.0,0,8,20,20,zero,
happo,base,0,136,0,6,14.0,0,14,0,0,zero,
happo,base,0,136,1,6,8.0,0,8,0,0,zero,
happo,base,0,136,2,6,8.0,0,8,4,4,zero,
happo,base,0,137,0,6,20.0,0,20,0,0,zero,
happo,base,0,137,1,6,4.0,0,4,0,0,zero,
happo,base,0,137,2,6,11.0,11,0,0,0,zero,
happo,base,0,138,0,5,6.0,0,6,6,6,zero,
happo,base,0,138,1,5,9.0,9,0,0,0,zero,
happo,base,0,138,2,5,31.0,31,0,0,0,zero,
happo,base,0,139,0,5,11.0,0,11,6,6,zero,
happo,base,0,139,1,5,23.0,23,0,1,1,zero,
happo,base,0,139,2,5,50.0,50,0,0,0,zero,
happo,base,0,140,0,6,2.0,2,0,6,6,zero,
happo,base,0,140,1,6,17.0,17,0,16,16,zero,
happo,base,0,140,2,6,38.0,38,0,0,0,zero,
happo,base,0,141,0,6,-0.0,0,0,10,10,zero,
happo,base,0,141,1,6,15.0,15,0,0,0,zero,
happo,base,0,141,2,6,38.0,38,0,2,2,zero,
happo,base,0,142,0,5,5.0,5,0,4,4,zero,
happo,base,0,142,1,5,11.0,11,0,16,16,zero,
happo,base,0,142,2,5,22.0,22,0,0,0,zero,
happo,base,0,143,0,5,6.0,6,0,1,1,zero,
happo,base,0,143,1,5,11.0,11,0,8,8,zero,
happo,base,0,143,2,5,14.0,14,0,19,19,zero,
happo,base,0,144,0,5,7.0,7,0,6,6,zero,
happo,base,0,144,1,5,21.0,21,0,0,0,zero,
happo,base,0,144,2,5,14.0,14,0,4,4,zero,
happo,base,0,145,0,6,11.0,11,0,6,6,zero,
happo,base,0,145,1,6,15.0,15,0,0,0,zero,
happo,base,0,145,2,6,16.0,16,0,0,0,zero,
happo,base,0,146,0,6,9.0,9,0,11,11,zero,
happo,base,0,146,1,6,20.0,20,0,1,1,zero,
happo,base,0,146,2,6,15.0,15,0,0,0,zero,
happo,base,0,147,0,5,5.0,5,0,11,11,zero,
happo,base,0,147,1,5,17.0,17,0,16,16,zero,
happo,base,0,147,2,5,18.0,18,0,0,0,zero,
happo,base,0,148,0,5,6.0,6,0,0,0,zero,
happo,base,0,148,1,5,17.0,17,0,17,17,zero,
happo,base,0,148,2,5,5.0,5,0,16,16,zero,
happo,base,0,149,0,5,7.0,7,0,0,0,zero,
happo,base,0,149,1,5,17.0,17,0,0,0,zero,
happo,base,0,149,2,5,5.0,5,0,16,16,zero,
happo,base,0,150,0,5,13.0,13,0,6,6,zero,
happo,base,0,150,1,5,12.0,12,0,0,0,zero,
happo,base,0,150,2,5,5.0,5,0,0,0,zero,
happo,base,0,151,0,5,19.0,19,0,0,0,zero,
happo,base,0,151,1,5,28.0,28,0,0,0,zero,
happo,base,0,151,2,5,5.0,5,0,0,0,zero,
happo,base,0,152,0,5,14.0,14,0,0,0,zero,
happo,base,0,152,1,5,45.0,45,0,0,0,zero,
happo,base,0,152,2,5,21.0,21,0,0,0,zero,
happo,base,0,153,0,5,9.0,9,0,11,11,zero,
happo,base,0,153,1,5,34.0,34,0,0,0,zero,
happo,base,0,153,2,5,37.0,37,0,0,0,zero,
happo,base,0,154,0,4,11.0,11,0,10,10,zero,
happo,base,0,154,1,4,24.0,24,0,0,0,zero,
happo,base,0,154,2,4,37.0,37,0,0,0,zero,
happo,base,0,155,0,5,6.0,6,0,0,0,zero,
happo,base,0,155,1,5,24.0,24,0,16,16,zero,
happo,base,0,155,2,5,21.0,21,0,0,0,zero,
happo,base,0,156,0,5,1.0,1,0,0,0,zero,
happo,base,0,156,1,5,24.0,24,0,0,0,zero,
happo,base,0,156,2,5,21.0,21,0,2,2,zero,
happo,base,0,157,0,5,7.0,7,0,4,4,zero,
happo,base,0,157,1,5,20.0,20,0,0,0,zero,
happo,base,0,157,2,5,21.0,21,0,0,0,zero,
happo,base,0,158,0,4,13.0,13,0,6,6,zero,
happo,base,0,158,1,4,14.0,14,0,0,0,zero,
happo,base,0,158,2,4,21.0,21,0,0,0,zero,
happo,base,0,159,0,4,9.0,9,0,0,0,zero,
happo,base,0,159,1,4,30.0,30,0,0,0,zero,
happo,base,0,159,2,4,21.0,21,0,0,0,zero,
happo,base,0,160,0,4,5.0,5,0,0,0,zero,
happo,base,0,160,1,4,30.0,30,0,0,0,zero,
happo,base,0,160,2,4,23.0,23,0,0,0,zero,
happo,base,0,161,0,5,4.0,4,0,6,6,zero,
happo,base,0,161,1,5,24.0,24,0,0,0,zero,
happo,base,0,161,2,5,23.0,23,0,0,0,zero,
happo,base,0,162,0,5,5.0,5,0,11,11,zero,
happo,base,0,162,1,5,13.0,13,0,0,0,zero,
happo,base,0,162,2,5,23.0,23,0,0,0,zero,
happo,base,0,163,0,6,1.0,0,1,9,9,zero,
happo,base,0,163,1,6,4.0,4,0,16,16,zero,
happo,base,0,163,2,6,7.0,7,0,0,0,zero,
happo,base,0,164,0,6,7.0,0,7,2,2,zero,
happo,base,0,164,1,6,2.0,2,0,0,0,zero,
happo,base,0,164,2,6,7.0,7,0,16,16,zero,
happo,base,0,165,0,5,6.0,0,6,6,6,zero,
happo,base,0,165,1,5,4.0,0,4,0,0,zero,
happo,base,0,165,2,5,7.0,7,0,0,0,zero,
happo,base,0,166,0,5,-0.0,0,0,6,6,zero,
happo,base,0,166,1,5,10.0,0,10,7,7,zero,
happo,base,0,166,2,5,-0.0,0,0,0,0,zero,
happo,base,0,167,0,5,4.0,4,0,6,6,zero,
happo,base,0,167,1,5,-0.0,0,0,11,11,zero,
happo,base,0,167,2,5,11.0,0,11,0,0,zero,
happo,base,0,168,0,6,-0.0,0,0,6,6,zero,
happo,base,0,168,1,6,6.0,0,6,16,16,zero,
happo,base,0,168,2,6,11.0,0,11,19,19,zero,
happo,base,0,169,0,7,5.0,0,5,2,2,zero,
happo,base,0,169,1,7,8.0,0,8,0,0,zero,
happo,base,0,169,2,7,11.0,0,11,20,20,zero,
happo,base,0,170,0,7,12.0,0,12,6,6,zero,
happo,base,0,170,1,7,7.0,0,7,8,8,zero,
happo,base,0,170,2,7,19.0,0,19,4,4,zero,
happo,base,0,171,0,7,3.0,0,3,6,6,zero,
happo,base,0,171,1,7,13.0,0,13,16,16,zero,
happo,base,0,171,2,7,35.0,0,35,18,18,zero,
happo,base,0,172,0,7,10.0,0,10,11,11,zero,
happo,base,0,172,1,7,8.0,0,8,11,11,zero,
happo,base,0,172,2,7,27.0,0,27,18,18,zero,
happo,base,0,173,0,7,17.0,0,17,6,6,zero,
happo,base,0,173,1,7,14.0,0,14,8,8,zero,
happo,base,0,173,2,7,15.0,0,15,0,0,zero,
happo,base,0,174,0,7,17.0,0,17,6,6,zero,
happo,base,0,174,1,7,20.0,0,20,0,0,zero,
happo,base,0,174,2,7,11.0,0,11,19,19,zero,
happo,base,0,175,0,7,24.0,0,24,6,6,zero,
happo,base,0,175,1,7,26.0,0,26,8,8,zero,
happo,base,0,175,2,7,1.0,0,1,0,0,zero,
happo,base,0,176,0,7,15.0,0,15,11,11,zero,
happo,base,0,176,1,7,18.0,0,18,0,0,zero,
happo,base,0,176,2,7,17.0,17,0,2,2,zero,
happo,base,0,177,0,6,21.0,0,21,6,6,zero,
happo,base,0,177,1,6,4.0,0,4,16,16,zero,
happo,base,0,177,2,6,1.0,1,0,0,0,zero,
happo,base,0,178,0,6,27.0,0,27,6,6,zero,
happo,base,0,178,1,6,6.0,0,6,8,8,zero,
happo,base,0,178,2,6,12.0,12,0,19,19,zero,
happo,base,0,179,0,7,34.0,0,34,6,6,zero,
happo,base,0,179,1,7,6.0,6,0,16,16,zero,
happo,base,0,179,2,7,4.0,0,4,16,16,zero,
happo,base,0,180,0,6,21.0,0,21,6,6,zero,
happo,base,0,180,1,6,1.0,1,0,8,8,zero,
happo,base,0,180,2,6,10.0,0,10,18,18,zero,
happo,base,0,181,0,6,7.0,0,7,6,6,zero,
happo,base,0,181,1,6,11.0,11,0,8,8,zero,
happo,base,0,181,2,6,18.0,0,18,18,18,zero,
happo,base,0,182,0,8,11.0,0,11,6,6,zero,
happo,base,0,182,1,8,13.0,13,0,11,11,zero,
happo,base,0,182,2,8,10.0,0,10,0,0,zero,
happo,base,0,183,0,8,7.0,0,7,11,11,zero,
happo,base,0,183,1,8,14.0,14,0,0,0,zero,
happo,base,0,183,2,8,6.0,6,0,1,1,zero,
happo,base,0,184,0,9,10.0,0,10,10,10,zero,
happo,base,0,184,1,9,6.0,6,0,1,1,zero,
happo,base,0,184,2,9,23.0,23,0,0,0,zero,
happo,base,0,185,0,8,12.0,0,12,10,10,zero,
happo,base,0,185,1,8,4.0,0,4,16,16,zero,
happo,base,0,185,2,8,25.0,25,0,0,0,zero,
happo,base,0,186,0,8,14.0,0,14,16,16,zero,
happo,base,0,186,1,8,1.0,0,1,16,16,zero,
happo,base,0,186,2,8,9.0,9,0,19,19,zero,
happo,base,0,187,0,9,12.0,0,12,4,4,zero,
happo,base,0,187,1,9,5.0,5,0,17,17,zero,
happo,base,0,187,2,9,7.0,0,7,20,20,zero,
happo,base,0,188,0,9,11.0,0,11,6,6,zero,
happo,base,0,188,1,9,-0.0,0,0,0,0,zero,
happo,base,0,188,2,9,7.0,0,7,20,20,zero,
happo,base,0,189,0,9,14.0,0,14,10,10,zero,
happo,base,0,189,1,9,6.0,6,0,0,0,zero,
happo,base,0,189,2,9,7.0,0,7,0,0,zero,
happo,base,0,190,0,8,3.0,0,3,10,10,zero,
happo,base,0,190,1,8,12.0,12,0,16,16,zero,
happo,base,0,190,2,8,4.0,0,4,0,0,zero,
happo,base,0,191,0,9,7.0,0,7,10,10,zero,
happo,base,0,191,1,9,12.0,12,0,8,8,zero,
happo,base,0,191,2,9,8.0,8,0,1,1,zero,
happo,base,0,192,0,10,11.0,0,11,12,12,zero,
happo,base,0,192,1,10,-0.0,0,0,8,8,zero,
happo,base,0,192,2,10,20.0,20,0,16,16,zero,
happo,base,0,193,0,9,10.0,0,10,12,12,zero,
happo,base,0,193,1,9,12.0,0,12,17,17,zero,
happo,base,0,193,2,9,3.0,3,0,0,0,zero,
happo,base,0,194,0,10,10.0,0,10,10,10,zero,
happo,base,0,194,1,10,3.0,0,3,16,16,zero,
happo,base,0,194,2,10,13.0,0,13,19,19,zero,
happo,base,0,195,0,10,10.0,0,10,6,6,zero,
happo,base,0,195,1,10,3.0,3,0,16,16,zero,
happo,base,0,195,2,10,28.0,0,28,20,20,zero,
happo,base,0,196,0,10,8.0,0,8,6,6,zero,
happo,base,0,196,1,10,5.0,5,0,7,7,zero,
happo,base,0,196,2,10,19.0,0,19,20,20,zero,
happo,base,0,197,0,9,17.0,0,17,10,10,zero,
happo,base,0,197,1,9,12.0,12,0,0,0,zero,
happo,base,0,197,2,9,19.0,0,19,20,20,zero,
happo,base,0,198,0,11,9.0,0,9,10,10,zero,
happo,base,0,198,1,11,5.0,5,0,16,16,zero,
happo,base,0,198,2,11,16.0,0,16,0,0,zero,
happo,base,0,199,0,9,9.0,0,9,12,12,zero,
happo,base,0,199,1,9,6.0,0,6,16,16,zero,
happo,base,0,199,2,9,12.0,0,12,1,1,zero,
happo,base,0,200,0,10,13.0,0,13,16,16,zero,
happo,base,0,200,1,10,6.0,0,6,8,8,zero,
happo,base,0,200,2,10,-0.0,0,0,19,19,zero,
happo,base,1,1,0,10,10.0,10,0,16,16,zero,
happo,base,1,1,1,10,4.0,4,0,8,8,zero,
happo,base,1,1,2,10,12.0,12,0,0,0,zero,
happo,base,1,2,0,11,9.0,9,0,10,10,zero,
happo,base,1,2,1,11,4.0,4,0,17,17,zero,
happo,base,1,2,2,11,5.0,5,0,2,2,zero,
happo,base,1,3,0,9,10.0,10,0,16,16,zero,
happo,base,1,3,1,9,2.0,0,2,8,8,zero,
happo,base,1,3,2,9,7.0,7,0,19,19,zero,
happo,base,1,4,0,9,11.0,11,0,1,1,zero,
happo,base,1,4,1,9,7.0,7,0,17,17,zero,
happo,base,1,4,2,9,-0.0,0,0,20,20,zero,
happo,base,1,5,0,8,19.0,19,0,6,6,zero,
happo,base,1,5,1,8,9.0,9,0,0,0,zero,
happo,base,1,5,2,8,-0.0,0,0,18,18,zero,
happo,base,1,6,0,8,21.0,21,0,6,6,zero,
happo,base,1,6,1,8,20.0,20,0,1,1,zero,
happo,base,1,6,2,8,1.0,1,0,0,0,zero,
happo,base,1,7,0,7,28.0,28,0,6,6,zero,
happo,base,1,7,1,7,22.0,22,0,4,4,zero,
happo,base,1,7,2,7,16.0,16,0,0,0,zero,
happo,base,1,8,0,7,24.0,24,0,0,0,zero,
happo,base,1,8,1,7,39.0,39,0,4,4,zero,
happo,base,1,8,2,7,32.0,32,0,0,0,zero,
happo,base,1,9,0,7,23.0,23,0,0,0,zero,
happo,base,1,9,1,7,39.0,39,0,0,0,zero,
happo,base,1,9,2,7,50.0,50,0,0,0,zero,
happo,base,1,10,0,7,22.0,22,0,11,11,zero,
happo,base,1,10,1,7,29.0,29,0,0,0,zero,
happo,base,1,10,2,7,50.0,50,0,0,0,zero,
happo,base,1,11,0,7,21.0,21,0,11,11,zero,
happo,base,1,11,1,7,22.0,22,0,16,16,zero,
happo,base,1,11,2,7,34.0,34,0,0,0,zero,
happo,base,1,12,0,6,15.0,15,0,0,0,zero,
happo,base,1,12,1,6,26.0,26,0,17,17,zero,
happo,base,1,12,2,6,17.0,17,0,2,2,zero,
happo,base,1,13,0,6,9.0,9,0,0,0,zero,
happo,base,1,13,1,6,26.0,26,0,0,0,zero,
happo,base,1,13,2,6,17.0,17,0,19,19,zero,
happo,base,1,14,0,6,14.0,14,0,6,6,zero,
happo,base,1,14,1,6,20.0,20,0,0,0,zero,
happo,base,1,14,2,6,17.0,17,0,0,0,zero,
happo,base,1,15,0,6,19.0,19,0,6,6,zero,
happo,base,1,15,1,6,30.0,30,0,0,0,zero,
happo,base,1,15,2,6,17.0,17,0,0,0,zero,
happo,base,1,16,0,7,12.0,12,0,0,0,zero,
happo,base,1,16,1,7,47.0,47,0,1,1,zero,
happo,base,1,16,2,7,18.0,18,0,0,0,zero,
happo,base,1,17,0,7,5.0,5,0,11,11,zero,
happo,base,1,17,1,7,36.0,36,0,0,0,zero,
happo,base,1,17,2,7,37.0,37,0,0,0,zero,
happo,base,1,18,0,7,4.0,4,0,9,9,zero,
happo,base,1,18,1,7,27.0,27,0,7,7,zero,
happo,base,1,18,2,7,30.0,30,0,0,0,zero,
happo,base,1,19,0,7,3.0,3,0,1,1,zero,
happo,base,1,19,1,7,26.0,26,0,16,16,zero,
happo,base,1,19,2,7,14.0,14,0,0,0,zero,
happo,base,1,20,0,8,5.0,0,5,10,10,zero,
happo,base,1,20,1,8,17.0,17,0,0,0,zero,
happo,base,1,20,2,8,14.0,14,0,19,19,zero,
happo,base,1,21,0,9,3.0,0,3,10,10,zero,
happo,base,1,21,1,9,7.0,7,0,16,16,zero,
happo,base,1,21,2,9,2.0,0,2,0,0,zero,
happo,base,1,22,0,9,3.0,0,3,6,6,zero,
happo,base,1,22,1,9,8.0,8,0,7,7,zero,
happo,base,1,22,2,9,9.0,0,9,19,19,zero,
happo,base,1,23,0,7,9.0,0,9,11,11,zero,
happo,base,1,23,1,7,13.0,13,0,7,7,zero,
happo,base,1,23,2,7,16.0,0,16,16,16,zero,
happo,base,1,24,0,6,5.0,0,5,6,6,zero,
happo,base,1,24,1,6,7.0,7,0,16,16,zero,
happo,base,1,24,2,6,13.0,0,13,0,0,zero,
happo,base,1,25,0,6,1.0,0,1,4,4,zero,
happo,base,1,25,1,6,17.0,17,0,0,0,zero,
happo,base,1,25,2,6,13.0,0,13,19,19,zero,
happo,base,1,26,0,6,1.0,0,1,6,6,zero,
happo,base,1,26,1,6,11.0,11,0,0,0,zero,
happo,base,1,26,2,6,6.0,6,0,0,0,zero,
happo,base,1,27,0,5,5.0,5,0,6,6,zero,
happo,base,1,27,1,5,5.0,5,0,0,0,zero,
happo,base,1,27,2,5,22.0,22,0,0,0,zero,
happo,base,1,28,0,5,6.0,6,0,4,4,zero,
happo,base,1,28,1,5,20.0,20,0,7,7,zero,
happo,base,1,28,2,5,15.0,15,0,0,0,zero,
happo,base,1,29,0,4,6.0,6,0,6,6,zero,
happo,base,1,29,1,4,14.0,14,0,0,0,zero,
happo,base,1,29,2,4,34.0,34,0,0,0,zero,
happo,base,1,30,0,4,8.0,8,0,0,0,zero,
happo,base,1,30,1,4,27.0,27,0,7,7,zero,
happo,base,1,30,2,4,27.0,27,0,0,0,zero,
happo,base,1,31,0,4,10.0,10,0,0,0,zero,
happo,base,1,31,1,4,27.0,27,0,0,0,zero,
happo,base,1,31,2,4,27.0,27,0,0,0,zero,
happo,base,1,32,0,3,11.0,11,0,6,6,zero,
happo,base,1,32,1,3,28.0,28,0,0,0,zero,
happo,base,1,32,2,3,27.0,27,0,0,0,zero,
happo,base,1,33,0,3,14.0,14,0,0,0,zero,
happo,base,1,33,1,3,28.0,28,0,0,0,zero,
happo,base,1,33,2,3,27.0,27,0,0,0,zero,
happo,base,1,34,0,4,10.0,10,0,0,0,zero,
happo,base,1,34,1,4,35.0,35,0,0,0,zero,
happo,base,1,34,2,4,27.0,27,0,0,0,zero,
happo,base,1,35,0,3,7.0,7,0,6,6,zero,
happo,base,1,35,1,3,29.0,29,0,0,0,zero,
happo,base,1,35,2,3,27.0,27,0,0,0,zero,
happo,base,1,36,0,3,10.0,10,0,0,0,zero,
happo,base,1,36,1,3,29.0,29,0,0,0,zero,
happo,base,1,36,2,3,27.0,27,0,0,0,zero,
happo,base,1,37,0,4,6.0,6,0,0,0,zero,
happo,base,1,37,1,4,29.0,29,0,0,0,zero,
happo,base,1,37,2,4,27.0,27,0,0,0,zero,
happo,base,1,38,0,4,2.0,2,0,11,11,zero,
happo,base,1,38,1,4,18.0,18,0,0,0,zero,
happo,base,1,38,2,4,27.0,27,0,0,0,zero,
happo,base,1,39,0,4,4.0,4,0,6,6,zero,
happo,base,1,39,1,4,12.0,12,0,16,16,zero,
happo,base,1,39,2,4,11.0,11,0,0,0,zero,
happo,base,1,40,0,3,1.0,1,0,0,0,zero,
happo,base,1,40,1,3,12.0,12,0,0,0,zero,
happo,base,1,40,2,3,11.0,11,0,2,2,zero,
happo,base,1,41,0,3,2.0,0,2,0,0,zero,
happo,base,1,41,1,3,12.0,12,0,0,0,zero,
happo,base,1,41,2,3,11.0,11,0,0,0,zero,
happo,base,1,42,0,3,6.0,6,0,1,1,zero,
happo,base,1,42,1,3,11.0,11,0,0,0,zero,
happo,base,1,42,2,3,11.0,11,0,0,0,zero,
happo,base,1,43,0,3,9.0,9,0,4,4,zero,
happo,base,1,43,1,3,23.0,23,0,0,0,zero,
happo,base,1,43,2,3,11.0,11,0,0,0,zero,
happo,base,1,44,0,3,6.0,6,0,0,0,zero,
happo,base,1,44,1,3,23.0,23,0,0,0,zero,
happo,base,1,44,2,3,13.0,13,0,0,0,zero,
happo,base,1,45,0,4,2.0,2,0,0,0,zero,
happo,base,1,45,1,4,23.0,23,0,0,0,zero,
happo,base,1,45,2,4,13.0,13,0,0,0,zero,
happo,base,1,46,0,3,-0.0,0,0,11,11,zero,
happo,base,1,46,1,3,12.0,12,0,0,0,zero,
happo,base,1,46,2,3,13.0,13,0,0,0,zero,
happo,base,1,47,0,3,1.0,1,0,0,0,zero,
happo,base,1,47,1,3,12.0,12,0,16,16,zero,
happo,base,1,47,2,3,3.0,0,3,0,0,zero,
happo,base,1,48,0,3,2.0,0,2,0,0,zero,
happo,base,1,48,1,3,12.0,12,0,0,0,zero,
happo,base,1,48,2,3,3.0,0,3,19,19,zero,
happo,base,1,49,0,4,6.0,0,6,1,1,zero,
happo,base,1,49,1,4,11.0,11,0,0,0,zero,
happo,base,1,49,2,4,3.0,0,3,2,2,zero,
happo,base,1,50,0,3,2.0,2,0,4,4,zero,
happo,base,1,50,1,3,7.0,7,0,0,0,zero,
happo,base,1,50,2,3,3.0,0,3,1,1,zero,
happo,base,1,51,0,3,1.0,0,1,12,12,zero,
happo,base,1,51,1,3,8.0,8,0,0,0,zero,
happo,base,1,51,2,3,3.0,0,3,0,0,zero,
happo,base,1,52,0,4,5.0,0,5,1,1,zero,
happo,base,1,52,1,4,7.0,7,0,17,17,zero,
happo,base,1,52,2,4,1.0,0,1,0,0,zero,
happo,base,1,53,0,4,8.0,0,8,1,1,zero,
happo,base,1,53,1,4,6.0,6,0,0,0,zero,
happo,base,1,53,2,4,1.0,1,0,19,19,zero,
happo,base,1,54,0,4,8.0,0,8,4,4,zero,
happo,base,1,54,1,4,2.0,2,0,0,0,zero,
happo,base,1,54,2,4,2.0,2,0,3,3,zero,
happo,base,1,55,0,4,-0.0,0,0,4,4,zero,
happo,base,1,55,1,4,2.0,0,2,0,0,zero,
happo,base,1,55,2,4,2.0,2,0,0,0,zero,
happo,base,1,56,0,4,3.0,0,3,6,6,zero,
happo,base,1,56,1,4,11.0,11,0,8,8,zero,
happo,base,1,56,2,4,6.0,0,6,0,0,zero,
happo,base,1,57,0,4,6.0,0,6,6,6,zero,
happo,base,1,57,1,4,6.0,6,0,16,16,zero,
happo,base,1,57,2,4,3.0,0,3,16,16,zero,
happo,base,1,58,0,5,7.0,0,7,2,2,zero,
happo,base,1,58,1,5,4.0,4,0,0,0,zero,
happo,base,1,58,2,5,-0.0,0,0,20,20,zero,
happo,base,1,59,0,5,10.0,0,10,6,6,zero,
happo,base,1,59,1,5,2.0,0,2,0,0,zero,
happo,base,1,59,2,5,-0.0,0,0,0,0,zero,
happo,base,1,60,0,5,7.0,0,7,10,10,zero,
happo,base,1,60,1,5,10.0,0,10,0,0,zero,
happo,base,1,60,2,5,-0.0,0,0,0,0,zero,
happo,base,1,61,0,5,6.0,0,6,10,10,zero,
happo,base,1,61,1,5,1.0,0,1,11,11,zero,
happo,base,1,61,2,5,5.0,5,0,0,0,zero,
happo,base,1,62,0,5,9.0,0,9,2,2,zero,
happo,base,1,62,1,5,-0.0,0,0,17,17,zero,
happo,base,1,62,2,5,8.0,8,0,2,2,zero,
happo,base,1,63,0,5,10.0,0,10,2,2,zero,
happo,base,1,63,1,5,2.0,0,2,0,0,zero,
happo,base,1,63,2,5,8.0,8,0,19,19,zero,
happo,base,1,64,0,4,12.0,0,12,4,4,zero,
happo,base,1,64,1,4,6.0,0,6,0,0,zero,
happo,base,1,64,2,4,8.0,8,0,4,4,zero,
happo,base,1,65,0,4,3.0,3,0,4,4,zero,
happo,base,1,65,1,4,1.0,1,0,0,0,zero,
happo,base,1,65,2,4,8.0,8,0,0,0,zero,
happo,base,1,66,0,5,1.0,1,0,6,6,zero,
happo,base,1,66,1,5,12.0,12,0,11,11,zero,
happo,base,1,66,2,5,1.0,0,1,0,0,zero,
happo,base,1,67,0,5,4.0,0,4,10,10,zero,
happo,base,1,67,1,5,2.0,2,0,8,8,zero,
happo,base,1,67,2,5,10.0,10,0,16,16,zero,
happo,base,1,68,0,5,9.0,0,9,6,6,zero,
happo,base,1,68,1,5,4.0,0,4,17,17,zero,
happo,base,1,68,2,5,3.0,0,3,0,0,zero,
happo,base,1,69,0,5,4.0,0,4,6,6,zero,
happo,base,1,69,1,5,10.0,0,10,0,0,zero,
happo,base,1,69,2,5,3.0,0,3,19,19,zero,
happo,base,1,70,0,4,2.0,0,2,6,6,zero,
happo,base,1,70,1,4,6.0,0,6,16,16,zero,
happo,base,1,70,2,4,19.0,0,19,18,18,zero,
happo,base,1,71,0,4,4.0,4,0,6,6,zero,
happo,base,1,71,1,4,3.0,0,3,8,8,zero,
happo,base,1,71,2,4,11.0,0,11,19,19,zero,
happo,base,1,72,0,3,3.0,3,0,1,1,zero,
happo,base,1,72,1,3,10.0,10,0,0,0,zero,
happo,base,1,72,2,3,11.0,0,11,20,20,zero,
happo,base,1,73,0,3,-0.0,0,0,0,0,zero,
happo,base,1,73,1,3,10.0,10,0,0,0,zero,
happo,base,1,73,2,3,8.0,8,0,0,0,zero,
happo,base,1,74,0,3,7.0,7,0,1,1,zero,
happo,base,1,74,1,3,9.0,9,0,0,0,zero,
happo,base,1,74,2,3,26.0,26,0,0,0,zero,
happo,base,1,75,0,4,12.0,12,0,1,1,zero,
happo,base,1,75,1,4,24.0,24,0,0,0,zero,
happo,base,1,75,2,4,45.0,45,0,0,0,zero,
happo,base,1,76,0,4,12.0,12,0,6,6,zero,
happo,base,1,76,1,4,18.0,18,0,0,0,zero,
happo,base,1,76,2,4,65.0,65,0,0,0,zero,
happo,base,1,77,0,4,8.0,8,0,11,11,zero,
happo,base,1,77,1,4,18.0,18,0,0,0,zero,
happo,base,1,77,2,4,65.0,65,0,0,0,zero,
happo,base,1,78,0,4,5.0,5,0,0,0,zero,
happo,base,1,78,1,4,18.0,18,0,17,17,zero,
happo,base,1,78,2,4,48.0,48,0,0,0,zero,
happo,base,1,79,0,4,2.0,2,0,0,0,zero,
happo,base,1,79,1,4,18.0,18,0,0,0,zero,
happo,base,1,79,2,4,48.0,48,0,0,0,zero,
happo,base,1,80,0,4,4.0,4,0,0,0,zero,
happo,base,1,80,1,4,18.0,18,0,0,0,zero,
happo,base,1,80,2,4,48.0,48,0,0,0,zero,
happo,base,1,81,0,5,10.0,10,0,4,4,zero,
happo,base,1,81,1,5,14.0,14,0,0,0,zero,
happo,base,1,81,2,5,48.0,48,0,0,0,zero,
happo,base,1,82,0,5,5.0,5,0,12,12,zero,
happo,base,1,82,1,5,19.0,19,0,0,0,zero,
happo,base,1,82,2,5,48.0,48,0,0,0,zero,
happo,base,1,83,0,4,1.0,1,0,12,12,zero,
happo,base,1,83,1,4,7.0,7,0,16,16,zero,
happo,base,1,83,2,4,32.0,32,0,0,0,zero,
happo,base,1,84,0,5,4.0,0,4,1,1,zero,
happo,base,1,84,1,5,6.0,6,0,16,16,zero,
happo,base,1,84,2,5,16.0,16,0,0,0,zero,
happo,base,1,85,0,6,6.0,0,6,1,1,zero,
happo,base,1,85,1,6,5.0,5,0,0,0,zero,
happo,base,1,85,2,6,16.0,16,0,19,19,zero,
happo,base,1,86,0,6,-0.0,0,0,4,4,zero,
happo,base,1,86,1,6,1.0,1,0,0,0,zero,
happo,base,1,86,2,6,16.0,16,0,0,0,zero,
happo,base,1,87,0,5,7.0,7,0,6,6,zero,
happo,base,1,87,1,5,11.0,11,0,0,0,zero,
happo,base,1,87,2,5,16.0,16,0,0,0,zero,
happo,base,1,88,0,6,2.0,2,0,12,12,zero,
happo,base,1,88,1,6,15.0,15,0,1,1,zero,
happo,base,1,88,2,6,15.0,15,0,0,0,zero,
happo,base,1,89,0,5,2.0,0,2,12,12,zero,
happo,base,1,89,1,5,3.0,3,0,17,17,zero,
happo,base,1,89,2,5,17.0,17,0,0,0,zero,
happo,base,1,90,0,5,3.0,0,3,2,2,zero,
happo,base,1,90,1,5,1.0,1,0,16,16,zero,
happo,base,1,90,2,5,1.0,1,0,16,16,zero,
happo,base,1,91,0,4,1.0,0,1,1,1,zero,
happo,base,1,91,1,4,-0.0,0,0,0,0,zero,
happo,base,1,91,2,4,1.0,1,0,16,16,zero,
happo,base,1,92,0,4,7.0,7,0,4,4,zero,
happo,base,1,92,1,4,3.0,0,3,0,0,zero,
happo,base,1,92,2,4,1.0,1,0,0,0,zero,
happo,base,1,93,0,4,15.0,15,0,1,1,zero,
happo,base,1,93,1,4,13.0,13,0,0,0,zero,
happo,base,1,93,2,4,1.0,1,0,0,0,zero,
happo,base,1,94,0,5,12.0,12,0,0,0,zero,
happo,base,1,94,1,5,29.0,29,0,0,0,zero,
happo,base,1,94,2,5,17.0,17,0,0,0,zero,
happo,base,1,95,0,4,9.0,9,0,11,11,zero,
happo,base,1,95,1,4,18.0,18,0,0,0,zero,
happo,base,1,95,2,4,33.0,33,0,0,0,zero,
happo,base,1,96,0,3,7.0,7,0,10,10,zero,
happo,base,1,96,1,3,8.0,8,0,16,16,zero,
happo,base,1,96,2,3,17.0,17,0,0,0,zero,
happo,base,1,97,0,3,8.0,8,0,0,0,zero,
happo,base,1,97,1,3,8.0,8,0,8,8,zero,
happo,base,1,97,2,3,9.0,9,0,16,16,zero,
happo,base,1,98,0,3,5.0,5,0,0,0,zero,
happo,base,1,98,1,3,8.0,8,0,0,0,zero,
happo,base,1,98,2,3,9.0,9,0,0,0,zero,
happo,base,1,99,0,3,13.0,13,0,0,0,zero,
happo,base,1,99,1,3,8.0,8,0,0,0,zero,
happo,base,1,99,2,3,9.0,9,0,0,0,zero,
happo,base,1,100,0,3,20.0,20,0,0,0,zero,
happo,base,1,100,1,3,24.0,24,0,0,0,zero,
happo,base,1,100,2,3,9.0,9,0,0,0,zero,
happo,base,1,101,0,3,17.0,17,0,0,0,zero,
happo,base,1,101,1,3,32.0,32,0,0,0,zero,
happo,base,1,101,2,3,25.0,25,0,0,0,zero,
happo,base,1,102,0,3,14.0,14,0,0,0,zero,
happo,base,1,102,1,3,32.0,32,0,0,0,zero,
happo,base,1,102,2,3,25.0,25,0,0,0,zero,
happo,base,1,103,0,3,11.0,11,0,0,0,zero,
happo,base,1,103,1,3,32.0,32,0,0,0,zero,
happo,base,1,103,2,3,25.0,25,0,0,0,zero,
happo,base,1,104,0,3,8.0,8,0,11,11,zero,
happo,base,1,104,1,3,21.0,21,0,0,0,zero,
happo,base,1,104,2,3,25.0,25,0,0,0,zero,
happo,base,1,105,0,3,5.0,5,0,0,0,zero,
happo,base,1,105,1,3,21.0,21,0,7,7,zero,
happo,base,1,105,2,3,18.0,18,0,0,0,zero,
happo,base,1,106,0,3,2.0,2,0,0,0,zero,
happo,base,1,106,1,3,21.0,21,0,0,0,zero,
happo,base,1,106,2,3,18.0,18,0,0,0,zero,
happo,base,1,107,0,4,2.0,0,2,0,0,zero,
happo,base,1,107,1,4,21.0,21,0,0,0,zero,
happo,base,1,107,2,4,18.0,18,0,0,0,zero,
happo,base,1,108,0,4,5.0,5,0,4,4,zero,
happo,base,1,108,1,4,17.0,17,0,0,0,zero,
happo,base,1,108,2,4,18.0,18,0,0,0,zero,
happo,base,1,109,0,4,1.0,1,0,12,12,zero,
happo,base,1,109,1,4,12.0,12,0,0,0,zero,
happo,base,1,109,2,4,18.0,18,0,0,0,zero,
happo,base,1,110,0,5,4.0,0,4,1,1,zero,
happo,base,1,110,1,5,11.0,11,0,16,16,zero,
happo,base,1,110,2,5,2.0,2,0,0,0,zero,
happo,base,1,111,0,6,10.0,0,10,2,2,zero,
happo,base,1,111,1,6,9.0,9,0,0,0,zero,
happo,base,1,111,2,6,2.0,2,0,16,16,zero,
happo,base,1,112,0,5,11.0,0,11,6,6,zero,
happo,base,1,112,1,5,3.0,3,0,0,0,zero,
happo,base,1,112,2,5,2.0,2,0,0,0,zero,
happo,base,1,113,0,6,5.0,0,5,6,6,zero,
happo,base,1,113,1,6,3.0,0,3,8,8,zero,
happo,base,1,113,2,6,6.0,0,6,0,0,zero,
happo,base,1,114,0,5,9.0,0,9,6,6,zero,
happo,base,1,114,1,5,7.0,7,0,11,11,zero,
happo,base,1,114,2,5,17.0,0,17,2,2,zero,
happo,base,1,115,0,6,13.0,0,13,6,6,zero,
happo,base,1,115,1,6,1.0,1,0,16,16,zero,
happo,base,1,115,2,6,17.0,0,17,19,19,zero,
happo,base,1,116,0,6,13.0,0,13,6,6,zero,
happo,base,1,116,1,6,5.0,0,5,0,0,zero,
happo,base,1,116,2,6,17.0,0,17,20,20,zero,
happo,base,1,117,0,5,15.0,0,15,6,6,zero,
happo,base,1,117,1,5,9.0,0,9,5,5,zero,
happo,base,1,117,2,5,22.0,0,22,4,4,zero,
happo,base,1,118,0,6,12.0,0,12,11,11,zero,
happo,base,1,118,1,6,20.0,0,20,16,16,zero,
happo,base,1,118,2,6,36.0,0,36,0,0,zero,
happo,base,1,119,0,5,11.0,0,11,11,11,zero,
happo,base,1,119,1,5,15.0,0,15,11,11,zero,
happo,base,1,119,2,5,28.0,0,28,15,15,zero,
happo,base,1,120,0,6,16.0,0,16,6,6,zero,
happo,base,1,120,1,6,21.0,0,21,8,8,zero,
happo,base,1,120,2,6,16.0,0,16,15,15,zero,
happo,base,1,121,0,5,19.0,0,19,6,6,zero,
happo,base,1,121,1,5,27.0,0,27,0,0,zero,
happo,base,1,121,2,5,12.0,0,12,20,20,zero,
happo,base,1,122,0,5,24.0,0,24,6,6,zero,
happo,base,1,122,1,5,31.0,0,31,8,8,zero,
happo,base,1,122,2,5,20.0,0,20,0,0,zero,
happo,base,1,123,0,4,12.0,0,12,11,11,zero,
happo,base,1,123,1,4,23.0,0,23,8,8,zero,
happo,base,1,123,2,4,13.0,0,13,0,0,zero,
happo,base,1,124,0,5,17.0,0,17,6,6,zero,
happo,base,1,124,1,5,9.0,0,9,11,11,zero,
happo,base,1,124,2,5,9.0,0,9,0,0,zero,
happo,base,1,125,0,5,22.0,0,22,0,0,zero,
happo,base,1,125,1,5,5.0,0,5,0,0,zero,
happo,base,1,125,2,5,11.0,11,0,19,19,zero,
happo,base,1,126,0,5,25.0,0,25,0,0,zero,
happo,base,1,126,1,5,5.0,0,5,0,0,zero,
happo,base,1,126,2,5,11.0,11,0,0,0,zero,
happo,base,1,127,0,5,11.0,0,11,4,4,zero,
happo,base,1,127,1,5,6.0,6,0,0,0,zero,
happo,base,1,127,2,5,11.0,11,0,0,0,zero,
happo,base,1,128,0,4,5.0,5,0,4,4,zero,
happo,base,1,128,1,4,17.0,17,0,1,1,zero,
happo,base,1,128,2,4,10.0,10,0,0,0,zero,
happo,base,1,129,0,4,5.0,5,0,0,0,zero,
happo,base,1,129,1,4,26.0,26,0,1,1,zero,
happo,base,1,129,2,4,28.0,28,0,0,0,zero,
happo,base,1,130,0,4,1.0,1,0,4,4,zero,
happo,base,1,130,1,4,22.0,22,0,0,0,zero,
happo,base,1,130,2,4,28.0,28,0,0,0,zero,
happo,base,1,131,0,5,5.0,5,0,6,6,zero,
happo,base,1,131,1,5,16.0,16,0,0,0,zero,
happo,base,1,131,2,5,28.0,28,0,0,0,zero,
happo,base,1,132,0,5,4.0,4,0,12,12,zero,
happo,base,1,132,1,5,5.0,5,0,16,16,zero,
happo,base,1,132,2,5,12.0,12,0,0,0,zero,
happo,base,1,133,0,5,1.0,0,1,12,12,zero,
happo,base,1,133,1,5,6.0,0,6,16,16,zero,
happo,base,1,133,2,5,4.0,0,4,16,16,zero,
happo,base,1,134,0,4,1.0,0,1,2,2,zero,
happo,base,1,134,1,4,8.0,0,8,16,16,zero,
happo,base,1,134,2,4,20.0,0,20,15,15,zero,
happo,base,1,135,0,4,1.0,1,0,1,1,zero,
happo,base,1,135,1,4,9.0,0,9,0,0,zero,
happo,base,1,135,2,4,20.0,0,20,20,20,zero,
happo,base,1,136,0,4,9.0,9,0,4,4,zero,
happo,base,1,136,1,4,3.0,3,0,0,0,zero,
happo,base,1,136,2,4,20.0,0,20,0,0,zero,
happo,base,1,137,0,4,11.0,11,0,1,1,zero,
happo,base,1,137,1,4,14.0,14,0,11,11,zero,
happo,base,1,137,2,4,15.0,0,15,0,0,zero,
happo,base,1,138,0,4,7.0,7,0,0,0,zero,
happo,base,1,138,1,4,14.0,14,0,0,0,zero,
happo,base,1,138,2,4,-0.0,0,0,0,0,zero,
happo,base,1,139,0,4,3.0,3,0,0,0,zero,
happo,base,1,139,1,4,14.0,14,0,0,0,zero,
happo,base,1,139,2,4,20.0,20,0,0,0,zero,
happo,base,1,140,0,4,12.0,12,0,4,4,zero,
happo,base,1,140,1,4,10.0,10,0,0,0,zero,
happo,base,1,140,2,4,20.0,20,0,0,0,zero,
happo,base,1,141,0,3,10.0,10,0,6,6,zero,
happo,base,1,141,1,3,20.0,20,0,0,0,zero,
happo,base,1,141,2,3,20.0,20,0,0,0,zero,
happo,base,1,142,0,3,7.0,7,0,0,0,zero,
happo,base,1,142,1,3,35.0,35,0,0,0,zero,
happo,base,1,142,2,3,20.0,20,0,0,0,zero,
happo,base,1,143,0,3,4.0,4,0,0,0,zero,
happo,base,1,143,1,3,35.0,35,0,0,0,zero,
happo,base,1,143,2,3,20.0,20,0,0,0,zero,
happo,base,1,144,0,3,5.0,5,0,4,4,zero,
happo,base,1,144,1,3,31.0,31,0,0,0,zero,
happo,base,1,144,2,3,20.0,20,0,0,0,zero,
happo,base,1,145,0,3,8.0,8,0,0,0,zero,
happo,base,1,145,1,3,31.0,31,0,0,0,zero,
happo,base,1,145,2,3,20.0,20,0,0,0,zero,
happo,base,1,146,0,2,6.0,6,0,0,0,zero,
happo,base,1,146,1,2,31.0,31,0,0,0,zero,
happo,base,1,146,2,2,20.0,20,0,0,0,zero,
happo,base,1,147,0,2,4.0,4,0,0,0,zero,
happo,base,1,147,1,2,31.0,31,0,0,0,zero,
happo,base,1,147,2,2,20.0,20,0,0,0,zero,
happo,base,1,148,0,3,5.0,5,0,0,0,zero,
happo,base,1,148,1,3,31.0,31,0,0,0,zero,
happo,base,1,148,2,3,20.0,20,0,0,0,zero,
happo,base,1,149,0,3,2.0,2,0,11,11,zero,
happo,base,1,149,1,3,20.0,20,0,0,0,zero,
happo,base,1,149,2,3,20.0,20,0,0,0,zero,
happo,base,1,150,0,2,-0.0,0,0,1,1,zero,
happo,base,1,150,1,2,19.0,19,0,7,7,zero,
happo,base,1,150,2,2,13.0,13,0,0,0,zero,
happo,base,1,151,0,3,3.0,0,3,0,0,zero,
happo,base,1,151,1,3,19.0,19,0,0,0,zero,
happo,base,1,151,2,3,13.0,13,0,1,1,zero,
happo,base,1,152,0,2,5.0,0,5,1,1,zero,
happo,base,1,152,1,2,18.0,18,0,0,0,zero,
happo,base,1,152,2,2,13.0,13,0,0,0,zero,
happo,base,1,153,0,2,4.0,4,0,1,1,zero,
happo,base,1,153,1,2,17.0,17,0,0,0,zero,
happo,base,1,153,2,2,13.0,13,0,0,0,zero,
happo,base,1,154,0,2,3.0,3,0,4,4,zero,
happo,base,1,154,1,2,20.0,20,0,0,0,zero,
happo,base,1,154,2,2,13.0,13,0,0,0,zero,
happo,base,1,155,0,2,1.0,1,0,1,1,zero,
happo,base,1,155,1,2,19.0,19,0,0,0,zero,
happo,base,1,155,2,2,14.0,14,0,0,0,zero,
happo,base,1,156,0,2,-0.0,0,0,0,0,zero,
happo,base,1,156,1,2,19.0,19,0,0,0,zero,
happo,base,1,156,2,2,14.0,14,0,0,0,zero,
happo,base,1,157,0,2,1.0,0,1,1,1,zero,
happo,base,1,157,1,2,18.0,18,0,0,0,zero,
happo,base,1,157,2,2,14.0,14,0,0,0,zero,
happo,base,1,158,0,2,1.0,1,0,1,1,zero,
happo,base,1,158,1,2,17.0,17,0,0,0,zero,
happo,base,1,158,2,2,14.0,14,0,0,0,zero,
happo,base,1,159,0,3,1.0,0,1,6,6,zero,
happo,base,1,159,1,3,11.0,11,0,0,0,zero,
happo,base,1,159,2,3,14.0,14,0,0,0,zero,
happo,base,1,160,0,3,4.0,0,4,6,6,zero,
happo,base,1,160,1,3,5.0,5,0,7,7,zero,
happo,base,1,160,2,3,7.0,7,0,0,0,zero,
happo,base,1,161,0,4,7.0,0,7,2,2,zero,
happo,base,1,161,1,4,3.0,3,0,8,8,zero,
happo,base,1,161,2,4,1.0,0,1,16,16,zero,
happo,base,1,162,0,4,10.0,0,10,6,6,zero,
happo,base,1,162,1,4,3.0,0,3,0,0,zero,
happo,base,1,162,2,4,1.0,0,1,15,15,zero,
happo,base,1,163,0,4,8.0,0,8,6,6,zero,
happo,base,1,163,1,4,9.0,0,9,16,16,zero,
happo,base,1,163,2,4,17.0,0,17,0,0,zero,
happo,base,1,164,0,4,6.0,0,6,6,6,zero,
happo,base,1,164,1,4,8.0,0,8,11,11,zero,
happo,base,1,164,2,4,28.0,0,28,18,18,zero,
happo,base,1,165,0,4,8.0,0,8,6,6,zero,
happo,base,1,165,1,4,7.0,0,7,11,11,zero,
happo,base,1,165,2,4,23.0,0,23,15,15,zero,
happo,base,1,166,0,3,8.0,0,8,6,6,zero,
happo,base,1,166,1,3,13.0,0,13,0,0,zero,
happo,base,1,166,2,3,8.0,0,8,19,19,zero,
happo,base,1,167,0,3,11.0,0,11,6,6,zero,
happo,base,1,167,1,3,19.0,0,19,0,0,zero,
happo,base,1,167,2,3,8.0,0,8,0,0,zero,
happo,base,1,168,0,3,7.0,0,7,6,6,zero,
happo,base,1,168,1,3,25.0,0,25,16,16,zero,
happo,base,1,168,2,3,6.0,0,6,0,0,zero,
happo,base,1,169,0,3,3.0,0,3,6,6,zero,
happo,base,1,169,1,3,15.0,0,15,0,0,zero,
happo,base,1,169,2,3,9.0,9,0,2,2,zero,
happo,base,1,170,0,3,6.0,0,6,4,4,zero,
happo,base,1,170,1,3,4.0,0,4,16,16,zero,
happo,base,1,170,2,3,12.0,12,0,0,0,zero,
happo,base,1,171,0,3,9.0,0,9,0,0,zero,
happo,base,1,171,1,3,4.0,0,4,0,0,zero,
happo,base,1,171,2,3,12.0,12,0,19,19,zero,
happo,base,1,172,0,4,13.0,0,13,0,0,zero,
happo,base,1,172,1,4,14.0,14,0,0,0,zero,
happo,base,1,172,2,4,12.0,12,0,0,0,zero,
happo,base,1,173,0,3,-0.0,0,0,1,1,zero,
happo,base,1,173,1,3,19.0,19,0,0,0,zero,
happo,base,1,173,2,3,14.0,14,0,0,0,zero,
happo,base,1,174,0,3,12.0,12,0,1,1,zero,
happo,base,1,174,1,3,34.0,34,0,0,0,zero,
happo,base,1,174,2,3,14.0,14,0,0,0,zero,
happo,base,1,175,0,3,9.0,9,0,0,0,zero,
happo,base,1,175,1,3,34.0,34,0,0,0,zero,
happo,base,1,175,2,3,33.0,33,0,0,0,zero,
happo,base,1,176,0,3,10.0,10,0,4,4,zero,
happo,base,1,176,1,3,30.0,30,0,0,0,zero,
happo,base,1,176,2,3,33.0,33,0,0,0,zero,
happo,base,1,177,0,2,9.0,9,0,6,6,zero,
happo,base,1,177,1,2,24.0,24,0,0,0,zero,
happo,base,1,177,2,2,33.0,33,0,0,0,zero,
happo,base,1,178,0,3,7.0,7,0,0,0,zero,
happo,base,1,178,1,3,24.0,24,0,0,0,zero,
happo,base,1,178,2,3,33.0,33,0,0,0,zero,
happo,base,1,179,0,2,5.0,5,0,0,0,zero,
happo,base,1,179,1,2,24.0,24,0,0,0,zero,
happo,base,1,179,2,2,33.0,33,0,0,0,zero,
happo,base,1,180,0,3,6.0,6,0,0,0,zero,
happo,base,1,180,1,3,24.0,24,0,0,0,zero,
happo,base,1,180,2,3,33.0,33,0,0,0,zero,
happo,base,1,181,0,3,9.0,9,0,0,0,zero,
happo,base,1,181,1,3,24.0,24,0,0,0,zero,
happo,base,1,181,2,3,33.0,33,0,0,0,zero,
happo,base,1,182,0,3,6.0,6,0,11,11,zero,
happo,base,1,182,1,3,13.0,13,0,0,0,zero,
happo,base,1,182,2,3,33.0,33,0,0,0,zero,
happo,base,1,183,0,3,3.0,3,0,0,0,zero,
happo,base,1,183,1,3,13.0,13,0,16,16,zero,
happo,base,1,183,2,3,17.0,17,0,0,0,zero,
happo,base,1,184,0,3,-0.0,0,0,0,0,zero,
happo,base,1,184,1,3,13.0,13,0,0,0,zero,
happo,base,1,184,2,3,17.0,17,0,2,2,zero,
happo,base,1,185,0,4,4.0,0,4,0,0,zero,
happo,base,1,185,1,4,13.0,13,0,0,0,zero,
happo,base,1,185,2,4,17.0,17,0,0,0,zero,
happo,base,1,186,0,4,3.0,3,0,4,4,zero,
happo,base,1,186,1,4,9.0,9,0,0,0,zero,
happo,base,1,186,2,4,17.0,17,0,0,0,zero,
happo,base,1,187,0,4,1.0,0,1,12,12,zero,
happo,base,1,187,1,4,13.0,13,0,0,0,zero,
happo,base,1,187,2,4,17.0,17,0,0,0,zero,
happo,base,1,188,0,4,5.0,0,5,1,1,zero,
happo,base,1,188,1,4,12.0,12,0,17,17,zero,
happo,base,1,188,2,4,2.0,2,0,0,0,zero,
happo,base,1,189,0,4,9.0,0,9,2,2,zero,
happo,base,1,189,1,4,10.0,10,0,0,0,zero,
happo,base,1,189,2,4,2.0,2,0,16,16,zero,
happo,base,1,190,0,4,9.0,0,9,4,4,zero,
happo,base,1,190,1,4,6.0,6,0,0,0,zero,
happo,base,1,190,2,4,2.0,2,0,0,0,zero,
happo,base,1,191,0,4,1.0,0,1,4,4,zero,
happo,base,1,191,1,4,2.0,2,0,0,0,zero,
happo,base,1,191,2,4,2.0,2,0,0,0,zero,
happo,base,1,192,0,5,5.0,0,5,6,6,zero,
happo,base,1,192,1,5,13.0,13,0,8,8,zero,
happo,base,1,192,2,5,6.0,0,6,0,0,zero,
happo,base,1,193,0,4,7.0,0,7,6,6,zero,
happo,base,1,193,1,4,7.0,7,0,16,16,zero,
happo,base,1,193,2,4,6.0,0,6,16,16,zero,
happo,base,1,194,0,5,8.0,0,8,6,6,zero,
happo,base,1,194,1,5,1.0,1,0,0,0,zero,
happo,base,1,194,2,5,6.0,0,6,20,20,zero,
happo,base,1,195,0,5,9.0,0,9,6,6,zero,
happo,base,1,195,1,5,5.0,0,5,0,0,zero,
happo,base,1,195,2,5,6.0,0,6,3,3,zero,
happo,base,1,196,0,5,8.0,0,8,6,6,zero,
happo,base,1,196,1,5,9.0,0,9,8,8,zero,
happo,base,1,196,2,5,14.0,0,14,0,0,zero,
happo,base,1,197,0,5,7.0,0,7,10,10,zero,
happo,base,1,197,1,5,3.0,0,3,11,11,zero,
happo,base,1,197,2,5,9.0,0,9,0,0,zero,
happo,base,1,198,0,5,6.0,0,6,6,6,zero,
happo,base,1,198,1,5,9.0,0,9,8,8,zero,
happo,base,1,198,2,5,3.0,3,0,19,19,zero,
happo,base,1,199,0,6,11.0,0,11,4,4,zero,
happo,base,1,199,1,6,13.0,0,13,0,0,zero,
happo,base,1,199,2,6,6.0,6,0,15,15,zero,
happo,base,1,200,0,5,14.0,0,14,6,6,zero,
happo,base,1,200,1,5,19.0,0,19,0,0,zero,
happo,base,1,200,2,5,6.0,6,0,0,0,zero,
happo,base,2,1,0,10,10.0,10,0,16,16,zero,
happo,base,2,1,1,10,4.0,4,0,8,8,zero,
happo,base,2,1,2,10,12.0,12,0,0,0,zero,
happo,base,2,2,0,10,10.0,10,0,10,10,zero,
happo,base,2,2,1,10,4.0,4,0,17,17,zero,
happo,base,2,2,2,10,5.0,5,0,2,2,zero,
happo,base,2,3,0,8,12.0,12,0,10,10,zero,
happo,base,2,3,1,8,4.0,4,0,8,8,zero,
happo,base,2,3,2,8,7.0,7,0,19,19,zero,
happo,base,2,4,0,9,13.0,13,0,0,0,zero,
happo,base,2,4,1,9,14.0,14,0,8,8,zero,
happo,base,2,4,2,9,9.0,9,0,20,20,zero,
happo,base,2,5,0,10,19.0,19,0,10,10,zero,
happo,base,2,5,1,10,12.0,12,0,0,0,zero,
happo,base,2,5,2,10,9.0,9,0,3,3,zero,
happo,base,2,6,0,10,19.0,19,0,11,11,zero,
happo,base,2,6,1,10,18.0,18,0,4,4,zero,
happo,base,2,6,2,10,7.0,7,0,0,0,zero,
happo,base,2,7,0,10,19.0,19,0,16,16,zero,
happo,base,2,7,1,10,10.0,10,0,19,19,zero,
happo,base,2,7,2,10,7.0,7,0,0,0,zero,
happo,base,2,8,0,9,10.0,10,0,16,16,zero,
happo,base,2,8,1,9,2.0,2,0,17,17,zero,
happo,base,2,8,2,9,10.0,10,0,19,19,zero,
happo,base,2,9,0,9,11.0,11,0,0,0,zero,
happo,base,2,9,1,9,2.0,2,0,17,17,zero,
happo,base,2,9,2,9,4.0,0,4,18,18,zero,
happo,base,2,10,0,9,13.0,13,0,0,0,zero,
happo,base,2,10,1,9,6.0,6,0,0,0,zero,
happo,base,2,10,2,9,4.0,0,4,18,18,zero,
happo,base,2,11,0,9,20.0,20,0,10,10,zero,
happo,base,2,11,1,9,15.0,15,0,0,0,zero,
happo,base,2,11,2,9,4.0,0,4,0,0,zero,
happo,base,2,12,0,9,27.0,27,0,10,10,zero,
happo,base,2,12,1,9,22.0,22,0,4,4,zero,
happo,base,2,12,2,9,11.0,11,0,0,0,zero,
happo,base,2,13,0,11,16.0,16,0,0,0,zero,
happo,base,2,13,1,11,35.0,35,0,19,19,zero,
happo,base,2,13,2,11,10.0,10,0,0,0,zero,
happo,base,2,14,0,10,6.0,6,0,16,16,zero,
happo,base,2,14,1,10,19.0,19,0,0,0,zero,
happo,base,2,14,2,10,28.0,28,0,16,16,zero,
happo,base,2,15,0,10,6.0,6,0,9,9,zero,
happo,base,2,15,1,10,10.0,10,0,17,17,zero,
happo,base,2,15,2,10,11.0,11,0,0,0,zero,
happo,base,2,16,0,11,5.0,5,0,9,9,zero,
happo,base,2,16,1,11,9.0,9,0,16,16,zero,
happo,base,2,16,2,11,5.0,0,5,19,19,zero,
happo,base,2,17,0,12,7.0,0,7,16,16,zero,
happo,base,2,17,1,12,12.0,12,0,8,8,zero,
happo,base,2,17,2,12,13.0,0,13,16,16,zero,
happo,base,2,18,0,11,2.0,0,2,2,2,zero,
happo,base,2,18,1,11,10.0,10,0,17,17,zero,
happo,base,2,18,2,11,14.0,0,14,0,0,zero,
happo,base,2,19,0,11,4.0,0,4,12,12,zero,
happo,base,2,19,1,11,15.0,15,0,0,0,zero,
happo,base,2,19,2,11,14.0,0,14,19,19,zero,
happo,base,2,20,0,12,7.0,0,7,12,12,zero,
happo,base,2,20,1,12,14.0,14,0,4,4,zero,
happo,base,2,20,2,12,1.0,1,0,0,0,zero,
happo,base,2,21,0,10,1.0,0,1,10,10,zero,
happo,base,2,21,1,10,4.0,4,0,17,17,zero,
happo,base,2,21,2,10,-0.0,0,0,0,0,zero,
happo,base,2,22,0,9,8.0,0,8,10,10,zero,
happo,base,2,22,1,9,10.0,10,0,8,8,zero,
happo,base,2,22,2,9,8.0,0,8,19,19,zero,
happo,base,2,23,0,8,4.0,0,4,10,10,zero,
happo,base,2,23,1,8,-0.0,0,0,16,16,zero,
happo,base,2,23,2,8,5.0,0,5,2,2,zero,
happo,base,2,24,0,7,1.0,1,0,6,6,zero,
happo,base,2,24,1,7,12.0,12,0,0,0,zero,
happo,base,2,24,2,7,5.0,0,5,19,19,zero,
happo,base,2,25,0,7,4.0,4,0,6,6,zero,
happo,base,2,25,1,7,23.0,23,0,4,4,zero,
happo,base,2,25,2,7,9.0,0,9,20,20,zero,
happo,base,2,26,0,7,7.0,7,0,6,6,zero,
happo,base,2,26,1,7,17.0,17,0,16,16,zero,
happo,base,2,26,2,7,6.0,0,6,0,0,zero,
happo,base,2,27,0,6,11.0,11,0,10,10,zero,
happo,base,2,27,1,6,26.0,26,0,0,0,zero,
happo,base,2,27,2,6,4.0,0,4,19,19,zero,
happo,base,2,28,0,6,11.0,11,0,6,6,zero,
happo,base,2,28,1,6,20.0,20,0,1,1,zero,
happo,base,2,28,2,6,14.0,14,0,0,0,zero,
happo,base,2,29,0,6,11.0,11,0,0,0,zero,
happo,base,2,29,1,6,20.0,20,0,7,7,zero,
happo,base,2,29,2,6,27.0,27,0,0,0,zero,
happo,base,2,30,0,5,12.0,12,0,6,6,zero,
happo,base,2,30,1,5,33.0,33,0,0,0,zero,
happo,base,2,30,2,5,27.0,27,0,0,0,zero,
happo,base,2,31,0,5,17.0,17,0,6,6,zero,
happo,base,2,31,1,5,29.0,29,0,0,0,zero,
happo,base,2,31,2,5,46.0,46,0,0,0,zero,
happo,base,2,32,0,5,18.0,18,0,0,0,zero,
happo,base,2,32,1,5,34.0,34,0,1,1,zero,
happo,base,2,32,2,5,45.0,45,0,0,0,zero,
happo,base,2,33,0,5,13.0,13,0,0,0,zero,
happo,base,2,33,1,5,41.0,41,0,0,0,zero,
happo,base,2,33,2,5,45.0,45,0,0,0,zero,
happo,base,2,34,0,5,14.0,14,0,6,6,zero,
happo,base,2,34,1,5,35.0,35,0,0,0,zero,
happo,base,2,34,2,5,45.0,45,0,0,0,zero,
happo,base,2,35,0,5,15.0,15,0,10,10,zero,
happo,base,2,35,1,5,25.0,25,0,0,0,zero,
happo,base,2,35,2,5,45.0,45,0,0,0,zero,
happo,base,2,36,0,4,11.0,11,0,0,0,zero,
happo,base,2,36,1,4,26.0,26,0,16,16,zero,
happo,base,2,36,2,4,29.0,29,0,0,0,zero,
happo,base,2,37,0,4,7.0,7,0,0,0,zero,
happo,base,2,37,1,4,26.0,26,0,0,0,zero,
happo,base,2,37,2,4,29.0,29,0,0,0,zero,
happo,base,2,38,0,3,10.0,10,0,0,0,zero,
happo,base,2,38,1,3,26.0,26,0,0,0,zero,
happo,base,2,38,2,3,29.0,29,0,0,0,zero,
happo,base,2,39,0,4,16.0,16,0,0,0,zero,
happo,base,2,39,1,4,26.0,26,0,0,0,zero,
happo,base,2,39,2,4,29.0,29,0,0,0,zero,
happo,base,2,40,0,4,12.0,12,0,6,6,zero,
happo,base,2,40,1,4,36.0,36,0,0,0,zero,
happo,base,2,40,2,4,29.0,29,0,0,0,zero,
happo,base,2,41,0,5,7.0,7,0,11,11,zero,
happo,base,2,41,1,5,25.0,25,0,0,0,zero,
happo,base,2,41,2,5,29.0,29,0,0,0,zero,
happo,base,2,42,0,6,1.0,1,0,12,12,zero,
happo,base,2,42,1,6,13.0,13,0,7,7,zero,
happo,base,2,42,2,6,22.0,22,0,0,0,zero,
happo,base,2,43,0,8,7.0,0,7,1,1,zero,
happo,base,2,43,1,8,12.0,12,0,17,17,zero,
happo,base,2,43,2,8,5.0,5,0,0,0,zero,
happo,base,2,44,0,9,10.0,0,10,6,6,zero,
happo,base,2,44,1,9,6.0,6,0,0,0,zero,
happo,base,2,44,2,9,5.0,5,0,19,19,zero,
happo,base,2,45,0,12,11.0,0,11,12,12,zero,
happo,base,2,45,1,12,6.0,0,6,0,0,zero,
happo,base,2,45,2,12,5.0,5,0,2,2,zero,
happo,base,2,46,0,13,12.0,0,12,12,12,zero,
happo,base,2,46,1,13,11.0,0,11,16,16,zero,
happo,base,2,46,2,13,11.0,0,11,0,0,zero,
happo,base,2,47,0,13,24.0,0,24,10,10,zero,
happo,base,2,47,1,13,4.0,0,4,11,11,zero,
happo,base,2,47,2,13,22.0,0,22,19,19,zero,
happo,base,2,48,0,12,30.0,0,30,10,10,zero,
happo,base,2,48,1,12,14.0,0,14,17,17,zero,
happo,base,2,48,2,12,20.0,0,20,0,0,zero,
happo,base,2,49,0,10,34.0,0,34,10,10,zero,
happo,base,2,49,1,10,24.0,0,24,16,16,zero,
happo,base,2,49,2,10,34.0,0,34,19,19,zero,
happo,base,2,50,0,10,37.0,0,37,18,18,zero,
happo,base,2,50,1,10,37.0,0,37,16,16,zero,
happo,base,2,50,2,10,50.0,0,50,20,20,zero,
happo,base,2,51,0,10,30.0,0,30,18,18,zero,
happo,base,2,51,1,10,55.0,0,55,16,16,zero,
happo,base,2,51,2,10,47.0,0,47,20,20,zero,
happo,base,2,52,0,10,40.0,0,40,17,17,zero,
happo,base,2,52,1,10,53.0,0,53,16,16,zero,
happo,base,2,52,2,10,63.0,0,63,20,20,zero,
happo,base,2,53,0,11,51.0,0,51,17,17,zero,
happo,base,2,53,1,11,68.0,0,68,16,16,zero,
happo,base,2,53,2,11,60.0,0,60,20,20,zero,
happo,base,2,54,0,11,57.0,0,57,17,17,zero,
happo,base,2,54,1,11,85.0,0,85,16,16,zero,
happo,base,2,54,2,11,56.0,0,56,20,20,zero,
happo,base,2,55,0,11,68.0,0,68,17,17,zero,
happo,base,2,55,1,11,83.0,0,83,16,16,zero,
happo,base,2,55,2,11,52.0,0,52,20,20,zero,
happo,base,2,56,0,10,59.0,0,59,17,17,zero,
happo,base,2,56,1,10,100.0,0,100,16,16,zero,
happo,base,2,56,2,10,48.0,0,48,20,20,zero,
happo,base,2,57,0,10,67.0,0,67,17,17,zero,
happo,base,2,57,1,10,98.0,0,98,11,11,zero,
happo,base,2,57,2,10,39.0,0,39,20,20,zero,
happo,base,2,58,0,9,76.0,0,76,17,17,zero,
happo,base,2,58,1,9,95.0,0,95,11,11,zero,
happo,base,2,58,2,9,30.0,0,30,16,16,zero,
happo,base,2,59,0,8,65.0,0,65,17,17,zero,
happo,base,2,59,1,8,92.0,0,92,11,11,zero,
happo,base,2,59,2,8,21.0,0,21,16,16,zero,
happo,base,2,60,0,9,74.0,0,74,17,17,zero,
happo,base,2,60,1,9,89.0,0,89,16,16,zero,
happo,base,2,60,2,9,17.0,0,17,3,3,zero,
happo,base,2,61,0,8,63.0,0,63,19,19,zero,
happo,base,2,61,1,8,88.0,0,88,16,16,zero,
happo,base,2,61,2,8,13.0,0,13,19,19,zero,
happo,base,2,62,0,8,51.0,0,51,19,19,zero,
happo,base,2,62,1,8,87.0,0,87,16,16,zero,
happo,base,2,62,2,8,13.0,0,13,20,20,zero,
happo,base,2,63,0,7,38.0,0,38,20,20,zero,
happo,base,2,63,1,7,87.0,0,87,16,16,zero,
happo,base,2,63,2,7,13.0,0,13,20,20,zero,
happo,base,2,64,0,7,25.0,0,25,0,0,zero,
happo,base,2,64,1,7,67.0,0,67,16,16,zero,
happo,base,2,64,2,7,26.0,0,26,20,20,zero,
happo,base,2,65,0,6,11.0,0,11,0,0,zero,
happo,base,2,65,1,6,47.0,0,47,4,4,zero,
happo,base,2,65,2,6,11.0,0,11,20,20,zero,
happo,base,2,66,0,6,3.0,3,0,0,0,zero,
happo,base,2,66,1,6,31.0,0,31,1,1,zero,
happo,base,2,66,2,6,8.0,8,0,3,3,zero,
happo,base,2,67,0,7,16.0,16,0,0,0,zero,
happo,base,2,67,1,7,15.0,0,15,0,0,zero,
happo,base,2,67,2,7,28.0,28,0,0,0,zero,
happo,base,2,68,0,7,29.0,29,0,0,0,zero,
happo,base,2,68,1,7,12.0,0,12,0,0,zero,
happo,base,2,68,2,7,48.0,48,0,0,0,zero,
happo,base,2,69,0,6,43.0,43,0,0,0,zero,
happo,base,2,69,1,6,7.0,7,0,1,1,zero,
happo,base,2,69,2,6,67.0,67,0,0,0,zero,
happo,base,2,70,0,8,51.0,51,0,0,0,zero,
happo,base,2,70,1,8,19.0,19,0,1,1,zero,
happo,base,2,70,2,8,69.0,69,0,0,0,zero,
happo,base,2,71,0,7,60.0,60,0,0,0,zero,
happo,base,2,71,1,7,19.0,19,0,0,0,zero,
happo,base,2,71,2,7,69.0,69,0,0,0,zero,
happo,base,2,72,0,8,55.0,55,0,0,0,zero,
happo,base,2,72,1,8,19.0,19,0,0,0,zero,
happo,base,2,72,2,8,69.0,69,0,0,0,zero,
happo,base,2,73,0,8,59.0,59,0,0,0,zero,
happo,base,2,73,1,8,20.0,20,0,0,0,zero,
happo,base,2,73,2,8,69.0,69,0,0,0,zero,
happo,base,2,74,0,8,51.0,51,0,0,0,zero,
happo,base,2,74,1,8,21.0,21,0,0,0,zero,
happo,base,2,74,2,8,69.0,69,0,0,0,zero,
happo,base,2,75,0,6,45.0,45,0,0,0,zero,
happo,base,2,75,1,6,21.0,21,0,0,0,zero,
happo,base,2,75,2,6,69.0,69,0,0,0,zero,
happo,base,2,76,0,6,39.0,39,0,0,0,zero,
happo,base,2,76,1,6,21.0,21,0,0,0,zero,
happo,base,2,76,2,6,69.0,69,0,0,0,zero,
happo,base,2,77,0,6,33.0,33,0,0,0,zero,
happo,base,2,77,1,6,21.0,21,0,0,0,zero,
happo,base,2,77,2,6,69.0,69,0,0,0,zero,
happo,base,2,78,0,6,27.0,27,0,0,0,zero,
happo,base,2,78,1,6,21.0,21,0,0,0,zero,
happo,base,2,78,2,6,69.0,69,0,0,0,zero,
happo,base,2,79,0,6,21.0,21,0,11,11,zero,
happo,base,2,79,1,6,10.0,10,0,0,0,zero,
happo,base,2,79,2,6,69.0,69,0,0,0,zero,
happo,base,2,80,0,6,15.0,15,0,9,9,zero,
happo,base,2,80,1,6,1.0,1,0,16,16,zero,
happo,base,2,80,2,6,53.0,53,0,0,0,zero,
happo,base,2,81,0,5,10.0,10,0,0,0,zero,
happo,base,2,81,1,5,1.0,1,0,0,0,zero,
happo,base,2,81,2,5,53.0,53,0,0,0,zero,
happo,base,2,82,0,5,5.0,5,0,0,0,zero,
happo,base,2,82,1,5,1.0,1,0,0,0,zero,
happo,base,2,82,2,5,53.0,53,0,0,0,zero,
happo,base,2,83,0,5,11.0,11,0,6,6,zero,
happo,base,2,83,1,5,5.0,0,5,0,0,zero,
happo,base,2,83,2,5,53.0,53,0,0,0,zero,
happo,base,2,84,0,4,16.0,16,0,10,10,zero,
happo,base,2,84,1,4,1.0,1,0,11,11,zero,
happo,base,2,84,2,4,42.0,42,0,0,0,zero,
happo,base,2,85,0,4,12.0,12,0,0,0,zero,
happo,base,2,85,1,4,1.0,1,0,17,17,zero,
happo,base,2,85,2,4,25.0,25,0,0,0,zero,
happo,base,2,86,0,4,8.0,8,0,0,0,zero,
happo,base,2,86,1,4,1.0,1,0,0,0,zero,
happo,base,2,86,2,4,25.0,25,0,16,16,zero,
happo,base,2,87,0,4,5.0,5,0,0,0,zero,
happo,base,2,87,1,4,1.0,1,0,0,0,zero,
happo,base,2,87,2,4,25.0,25,0,0,0,zero,
happo,base,2,88,0,4,16.0,16,0,0,0,zero,
happo,base,2,88,1,4,12.0,12,0,0,0,zero,
happo,base,2,88,2,4,25.0,25,0,0,0,zero,
happo,base,2,89,0,4,12.0,12,0,4,4,zero,
happo,base,2,89,1,4,25.0,25,0,0,0,zero,
happo,base,2,89,2,4,25.0,25,0,0,0,zero,
happo,base,2,90,0,4,8.0,8,0,11,11,zero,
happo,base,2,90,1,4,14.0,14,0,0,0,zero,
happo,base,2,90,2,4,41.0,41,0,0,0,zero,
happo,base,2,91,0,3,5.0,5,0,0,0,zero,
happo,base,2,91,1,3,14.0,14,0,16,16,zero,
happo,base,2,91,2,3,25.0,25,0,0,0,zero,
happo,base,2,92,0,4,1.0,1,0,0,0,zero,
happo,base,2,92,1,4,14.0,14,0,0,0,zero,
happo,base,2,92,2,4,25.0,25,0,2,2,zero,
happo,base,2,93,0,4,1.0,1,0,0,0,zero,
happo,base,2,93,1,4,14.0,14,0,0,0,zero,
happo,base,2,93,2,4,25.0,25,0,0,0,zero,
happo,base,2,94,0,3,9.0,9,0,4,4,zero,
happo,base,2,94,1,3,10.0,10,0,0,0,zero,
happo,base,2,94,2,3,25.0,25,0,0,0,zero,
happo,base,2,95,0,4,5.0,5,0,4,4,zero,
happo,base,2,95,1,4,22.0,22,0,0,0,zero,
happo,base,2,95,2,4,25.0,25,0,0,0,zero,
happo,base,2,96,0,4,1.0,1,0,12,12,zero,
happo,base,2,96,1,4,10.0,10,0,0,0,zero,
happo,base,2,96,2,4,27.0,27,0,0,0,zero,
happo,base,2,97,0,4,3.0,0,3,1,1,zero,
happo,base,2,97,1,4,9.0,9,0,17,17,zero,
happo,base,2,97,2,4,10.0,10,0,0,0,zero,
happo,base,2,98,0,4,3.0,0,3,1,1,zero,
happo,base,2,98,1,4,8.0,8,0,0,0,zero,
happo,base,2,98,2,4,10.0,10,0,16,16,zero,
happo,base,2,99,0,4,3.0,0,3,1,1,zero,
happo,base,2,99,1,4,7.0,7,0,0,0,zero,
happo,base,2,99,2,4,10.0,10,0,0,0,zero,
happo,base,2,100,0,5,4.0,4,0,4,4,zero,
happo,base,2,100,1,5,3.0,3,0,0,0,zero,
happo,base,2,100,2,5,10.0,10,0,0,0,zero,
happo,base,2,101,0,5,-0.0,0,0,12,12,zero,
happo,base,2,101,1,5,8.0,8,0,8,8,zero,
happo,base,2,101,2,5,2.0,2,0,0,0,zero,
happo,base,2,102,0,6,5.0,0,5,4,4,zero,
happo,base,2,102,1,6,4.0,4,0,17,17,zero,
happo,base,2,102,2,6,1.0,1,0,2,2,zero,
happo,base,2,103,0,4,8.0,0,8,6,6,zero,
happo,base,2,103,1,4,2.0,0,2,0,0,zero,
happo,base,2,103,2,4,1.0,1,0,19,19,zero,
happo,base,2,104,0,4,8.0,0,8,4,4,zero,
happo,base,2,104,1,4,6.0,0,6,16,16,zero,
happo,base,2,104,2,4,15.0,0,15,16,16,zero,
happo,base,2,105,0,4,-0.0,0,0,6,6,zero,
happo,base,2,105,1,4,4.0,0,4,8,8,zero,
happo,base,2,105,2,4,23.0,0,23,19,19,zero,
happo,base,2,106,0,4,-0.0,0,0,6,6,zero,
happo,base,2,106,1,4,7.0,7,0,11,11,zero,
happo,base,2,106,2,4,32.0,0,32,20,20,zero,
happo,base,2,107,0,4,-0.0,0,0,2,2,zero,
happo,base,2,107,1,4,5.0,5,0,17,17,zero,
happo,base,2,107,2,4,30.0,0,30,0,0,zero,
happo,base,2,108,0,4,4.0,0,4,1,1,zero,
happo,base,2,108,1,4,5.0,5,0,0,0,zero,
happo,base,2,108,2,4,14.0,0,14,16,16,zero,
happo,base,2,109,0,4,-0.0,0,0,4,4,zero,
happo,base,2,109,1,4,1.0,1,0,0,0,zero,
happo,base,2,109,2,4,5.0,5,0,0,0,zero,
happo,base,2,110,0,4,6.0,6,0,4,4,zero,
happo,base,2,110,1,4,1.0,0,1,0,0,zero,
happo,base,2,110,2,4,25.0,25,0,0,0,zero,
happo,base,2,111,0,4,4.0,4,0,6,6,zero,
happo,base,2,111,1,4,12.0,12,0,0,0,zero,
happo,base,2,111,2,4,25.0,25,0,0,0,zero,
happo,base,2,112,0,4,1.0,1,0,10,10,zero,
happo,base,2,112,1,4,18.0,18,0,0,0,zero,
happo,base,2,112,2,4,41.0,41,0,0,0,zero,
happo,base,2,113,0,4,1.0,1,0,1,1,zero,
happo,base,2,113,1,4,31.0,31,0,11,11,zero,
happo,base,2,113,2,4,30.0,30,0,0,0,zero,
happo,base,2,114,0,4,-0.0,0,0,1,1,zero,
happo,base,2,114,1,4,30.0,30,0,0,0,zero,
happo,base,2,114,2,4,30.0,30,0,2,2,zero,
happo,base,2,115,0,4,3.0,3,0,1,1,zero,
happo,base,2,115,1,4,29.0,29,0,0,0,zero,
happo,base,2,115,2,4,30.0,30,0,0,0,zero,
happo,base,2,116,0,3,10.0,10,0,4,4,zero,
happo,base,2,116,1,3,25.0,25,0,0,0,zero,
happo,base,2,116,2,3,30.0,30,0,0,0,zero,
happo,base,2,117,0,4,7.0,7,0,0,0,zero,
happo,base,2,117,1,4,36.0,36,0,0,0,zero,
happo,base,2,117,2,4,30.0,30,0,0,0,zero,
happo,base,2,118,0,4,4.0,4,0,11,11,zero,
happo,base,2,118,1,4,25.0,25,0,0,0,zero,
happo,base,2,118,2,4,32.0,32,0,0,0,zero,
happo,base,2,119,0,5,-0.0,0,0,10,10,zero,
happo,base,2,119,1,5,15.0,15,0,7,7,zero,
happo,base,2,119,2,5,25.0,25,0,0,0,zero,
happo,base,2,120,0,4,-0.0,0,0,0,0,zero,
happo,base,2,120,1,4,15.0,15,0,17,17,zero,
happo,base,2,120,2,4,8.0,8,0,0,0,zero,
happo,base,2,121,0,4,4.0,0,4,0,0,zero,
happo,base,2,121,1,4,15.0,15,0,0,0,zero,
happo,base,2,121,2,4,8.0,8,0,19,19,zero,
happo,base,2,122,0,5,2.0,2,0,1,1,zero,
happo,base,2,122,1,5,14.0,14,0,0,0,zero,
happo,base,2,122,2,5,8.0,8,0,0,0,zero,
happo,base,2,123,0,4,8.0,8,0,6,6,zero,
happo,base,2,123,1,4,15.0,15,0,0,0,zero,
happo,base,2,123,2,4,8.0,8,0,0,0,zero,
happo,base,2,124,0,4,4.0,4,0,12,12,zero,
happo,base,2,124,1,4,20.0,20,0,0,0,zero,
happo,base,2,124,2,4,8.0,8,0,0,0,zero,
happo,base,2,125,0,4,-0.0,0,0,1,1,zero,
happo,base,2,125,1,4,19.0,19,0,16,16,zero,
happo,base,2,125,2,4,11.0,11,0,0,0,zero,
happo,base,2,126,0,4,3.0,0,3,1,1,zero,
happo,base,2,126,1,4,18.0,18,0,0,0,zero,
happo,base,2,126,2,4,11.0,11,0,19,19,zero,
happo,base,2,127,0,4,1.0,0,1,1,1,zero,
happo,base,2,127,1,4,17.0,17,0,0,0,zero,
happo,base,2,127,2,4,11.0,11,0,0,0,zero,
happo,base,2,128,0,5,6.0,6,0,4,4,zero,
happo,base,2,128,1,5,13.0,13,0,0,0,zero,
happo,base,2,128,2,5,11.0,11,0,0,0,zero,
happo,base,2,129,0,5,2.0,2,0,12,12,zero,
happo,base,2,129,1,5,17.0,17,0,0,0,zero,
happo,base,2,129,2,5,11.0,11,0,0,0,zero,
happo,base,2,130,0,5,2.0,0,2,10,10,zero,
happo,base,2,130,1,5,7.0,7,0,16,16,zero,
happo,base,2,130,2,5,14.0,14,0,0,0,zero,
happo,base,2,131,0,4,5.0,0,5,2,2,zero,
happo,base,2,131,1,4,5.0,5,0,8,8,zero,
happo,base,2,131,2,4,6.0,6,0,19,19,zero,
happo,base,2,132,0,4,5.0,0,5,2,2,zero,
happo,base,2,132,1,4,3.0,3,0,0,0,zero,
happo,base,2,132,2,4,6.0,6,0,15,15,zero,
happo,base,2,133,0,4,3.0,3,0,4,4,zero,
happo,base,2,133,1,4,1.0,0,1,0,0,zero,
happo,base,2,133,2,4,6.0,6,0,0,0,zero,
happo,base,2,134,0,3,10.0,10,0,1,1,zero,
happo,base,2,134,1,3,14.0,14,0,8,8,zero,
happo,base,2,134,2,3,2.0,0,2,0,0,zero,
happo,base,2,135,0,4,8.0,8,0,0,0,zero,
happo,base,2,135,1,4,22.0,22,0,0,0,zero,
happo,base,2,135,2,4,17.0,17,0,0,0,zero,
happo,base,2,136,0,3,7.0,7,0,6,6,zero,
happo,base,2,136,1,3,16.0,16,0,0,0,zero,
happo,base,2,136,2,3,32.0,32,0,0,0,zero,
happo,base,2,137,0,4,6.0,6,0,6,6,zero,
happo,base,2,137,1,4,10.0,10,0,7,7,zero,
happo,base,2,137,2,4,25.0,25,0,0,0,zero,
happo,base,2,138,0,5,3.0,3,0,0,0,zero,
happo,base,2,138,1,5,16.0,16,0,16,16,zero,
happo,base,2,138,2,5,9.0,9,0,0,0,zero,
happo,base,2,139,0,5,2.0,0,2,11,11,zero,
happo,base,2,139,1,5,7.0,7,0,0,0,zero,
happo,base,2,139,2,5,9.0,9,0,19,19,zero,
happo,base,2,140,0,5,1.0,0,1,6,6,zero,
happo,base,2,140,1,5,1.0,1,0,16,16,zero,
happo,base,2,140,2,5,7.0,0,7,4,4,zero,
happo,base,2,141,0,5,-0.0,0,0,0,0,zero,
happo,base,2,141,1,5,8.0,8,0,8,8,zero,
happo,base,2,141,2,5,15.0,0,15,19,19,zero,
happo,base,2,142,0,4,4.0,0,4,4,4,zero,
happo,base,2,142,1,4,20.0,20,0,0,0,zero,
happo,base,2,142,2,4,15.0,0,15,20,20,zero,
happo,base,2,143,0,4,3.0,3,0,4,4,zero,
happo,base,2,143,1,4,16.0,16,0,0,0,zero,
happo,base,2,143,2,4,4.0,4,0,0,0,zero,
happo,base,2,144,0,4,5.0,5,0,1,1,zero,
happo,base,2,144,1,4,24.0,24,0,0,0,zero,
happo,base,2,144,2,4,8.0,8,0,0,0,zero,
happo,base,2,145,0,4,1.0,1,0,6,6,zero,
happo,base,2,145,1,4,18.0,18,0,0,0,zero,
happo,base,2,145,2,4,27.0,27,0,0,0,zero,
happo,base,2,146,0,4,1.0,1,0,10,10,zero,
happo,base,2,146,1,4,8.0,8,0,0,0,zero,
happo,base,2,146,2,4,47.0,47,0,0,0,zero,
happo,base,2,147,0,4,1.0,1,0,1,1,zero,
happo,base,2,147,1,4,22.0,22,0,11,11,zero,
happo,base,2,147,2,4,36.0,36,0,0,0,zero,
happo,base,2,148,0,3,1.0,0,1,1,1,zero,
happo,base,2,148,1,3,21.0,21,0,0,0,zero,
happo,base,2,148,2,3,36.0,36,0,0,0,zero,
happo,base,2,149,0,3,2.0,2,0,1,1,zero,
happo,base,2,149,1,3,20.0,20,0,0,0,zero,
happo,base,2,149,2,3,36.0,36,0,0,0,zero,
happo,base,2,150,0,3,9.0,9,0,1,1,zero,
happo,base,2,150,1,3,19.0,19,0,0,0,zero,
happo,base,2,150,2,3,36.0,36,0,0,0,zero,
happo,base,2,151,0,3,7.0,7,0,4,4,zero,
happo,base,2,151,1,3,26.0,26,0,0,0,zero,
happo,base,2,151,2,3,36.0,36,0,0,0,zero,
happo,base,2,152,0,3,5.0,5,0,6,6,zero,
happo,base,2,152,1,3,20.0,20,0,0,0,zero,
happo,base,2,152,2,3,36.0,36,0,0,0,zero,
happo,base,2,153,0,3,3.0,3,0,0,0,zero,
happo,base,2,153,1,3,20.0,20,0,0,0,zero,
happo,base,2,153,2,3,36.0,36,0,0,0,zero,
happo,base,2,154,0,4,-0.0,0,0,0,0,zero,
happo,base,2,154,1,4,20.0,20,0,0,0,zero,
happo,base,2,154,2,4,36.0,36,0,0,0,zero,
happo,base,2,155,0,4,-0.0,0,0,6,6,zero,
happo,base,2,155,1,4,14.0,14,0,0,0,zero,
happo,base,2,155,2,4,36.0,36,0,0,0,zero,
happo,base,2,156,0,4,2.0,2,0,6,6,zero,
happo,base,2,156,1,4,8.0,8,0,7,7,zero,
happo,base,2,156,2,4,29.0,29,0,0,0,zero,
happo,base,2,157,0,4,2.0,0,2,6,6,zero,
happo,base,2,157,1,4,2.0,2,0,7,7,zero,
happo,base,2,157,2,4,22.0,22,0,0,0,zero,
happo,base,2,158,0,5,7.0,0,7,6,6,zero,
happo,base,2,158,1,5,4.0,0,4,0,0,zero,
happo,base,2,158,2,5,22.0,22,0,0,0,zero,
happo,base,2,159,0,4,5.0,0,5,6,6,zero,
happo,base,2,159,1,4,10.0,0,10,16,16,zero,
happo,base,2,159,2,4,6.0,6,0,0,0,zero,
happo,base,2,160,0,5,4.0,0,4,6,6,zero,
happo,base,2,160,1,5,9.0,0,9,0,0,zero,
happo,base,2,160,2,5,6.0,6,0,19,19,zero,
happo,base,2,161,0,4,2.0,0,2,6,6,zero,
happo,base,2,161,1,4,8.0,0,8,11,11,zero,
happo,base,2,161,2,4,5.0,0,5,0,0,zero,
happo,base,2,162,0,4,4.0,0,4,4,4,zero,
happo,base,2,162,1,4,12.0,0,12,7,7,zero,
happo,base,2,162,2,4,12.0,0,12,19,19,zero,
happo,base,2,163,0,5,9.0,0,9,6,6,zero,
happo,base,2,163,1,5,2.0,0,2,11,11,zero,
happo,base,2,163,2,5,23.0,0,23,18,18,zero,
happo,base,2,164,0,5,7.0,0,7,4,4,zero,
happo,base,2,164,1,5,6.0,0,6,16,16,zero,
happo,base,2,164,2,5,20.0,0,20,15,15,zero,
happo,base,2,165,0,5,5.0,0,5,4,4,zero,
happo,base,2,165,1,5,4.0,0,4,0,0,zero,
happo,base,2,165,2,5,20.0,0,20,19,19,zero,
happo,base,2,166,0,5,10.0,0,10,6,6,zero,
happo,base,2,166,1,5,10.0,0,10,0,0,zero,
happo,base,2,166,2,5,1.0,0,1,0,0,zero,
happo,base,2,167,0,6,-0.0,0,0,6,6,zero,
happo,base,2,167,1,6,16.0,0,16,0,0,zero,
happo,base,2,167,2,6,17.0,17,0,0,0,zero,
happo,base,2,168,0,5,5.0,0,5,12,12,zero,
happo,base,2,168,1,5,9.0,0,9,16,16,zero,
happo,base,2,168,2,5,16.0,16,0,0,0,zero,
happo,base,2,169,0,6,5.0,0,5,6,6,zero,
happo,base,2,169,1,6,15.0,0,15,16,16,zero,
happo,base,2,169,2,6,19.0,19,0,2,2,zero,
happo,base,2,170,0,6,11.0,0,11,2,2,zero,
happo,base,2,170,1,6,2.0,2,0,0,0,zero,
happo,base,2,170,2,6,19.0,19,0,19,19,zero,
happo,base,2,171,0,6,17.0,0,17,2,2,zero,
happo,base,2,171,1,6,1.0,1,0,0,0,zero,
happo,base,2,171,2,6,19.0,19,0,0,0,zero,
happo,base,2,172,0,6,4.0,0,4,6,6,zero,
happo,base,2,172,1,6,11.0,11,0,0,0,zero,
happo,base,2,172,2,6,19.0,19,0,0,0,zero,
happo,base,2,173,0,5,9.0,0,9,6,6,zero,
happo,base,2,173,1,5,21.0,21,0,4,4,zero,
happo,base,2,173,2,5,17.0,17,0,0,0,zero,
happo,base,2,174,0,6,2.0,2,0,6,6,zero,
happo,base,2,174,1,6,15.0,15,0,17,17,zero,
happo,base,2,174,2,6,19.0,19,0,0,0,zero,
happo,base,2,175,0,6,2.0,0,2,12,12,zero,
happo,base,2,175,1,6,3.0,3,0,0,0,zero,
happo,base,2,175,2,6,19.0,19,0,19,19,zero,
happo,base,2,176,0,5,1.0,0,1,4,4,zero,
happo,base,2,176,1,5,1.0,0,1,17,17,zero,
happo,base,2,176,2,5,2.0,2,0,0,0,zero,
happo,base,2,177,0,5,-0.0,0,0,2,2,zero,
happo,base,2,177,1,5,1.0,1,0,0,0,zero,
happo,base,2,177,2,5,2.0,2,0,19,19,zero,
happo,base,2,178,0,5,1.0,1,0,6,6,zero,
happo,base,2,178,1,5,12.0,12,0,0,0,zero,
happo,base,2,178,2,5,2.0,2,0,4,4,zero,
happo,base,2,179,0,5,8.0,8,0,6,6,zero,
happo,base,2,179,1,5,6.0,6,0,16,16,zero,
happo,base,2,179,2,5,5.0,5,0,0,0,zero,
happo,base,2,180,0,4,7.0,7,0,6,6,zero,
happo,base,2,180,1,4,17.0,17,0,0,0,zero,
happo,base,2,180,2,4,5.0,5,0,2,2,zero,
happo,base,2,181,0,5,5.0,5,0,0,0,zero,
happo,base,2,181,1,5,17.0,17,0,0,0,zero,
happo,base,2,181,2,5,24.0,24,0,0,0,zero,
happo,base,2,182,0,5,6.0,6,0,6,6,zero,
happo,base,2,182,1,5,11.0,11,0,0,0,zero,
happo,base,2,182,2,5,28.0,28,0,0,0,zero,
happo,base,2,183,0,6,6.0,6,0,10,10,zero,
happo,base,2,183,1,6,17.0,17,0,1,1,zero,
happo,base,2,183,2,6,27.0,27,0,0,0,zero,
happo,base,2,184,0,5,7.0,7,0,6,6,zero,
happo,base,2,184,1,5,11.0,11,0,17,17,zero,
happo,base,2,184,2,5,12.0,12,0,0,0,zero,
happo,base,2,185,0,5,2.0,2,0,0,0,zero,
happo,base,2,185,1,5,11.0,11,0,0,0,zero,
happo,base,2,185,2,5,12.0,12,0,19,19,zero,
happo,base,2,186,0,4,4.0,4,0,4,4,zero,
happo,base,2,186,1,4,7.0,7,0,0,0,zero,
happo,base,2,186,2,4,12.0,12,0,0,0,zero,
happo,base,2,187,0,4,10.0,10,0,4,4,zero,
happo,base,2,187,1,4,4.0,4,0,8,8,zero,
happo,base,2,187,2,4,4.0,4,0,0,0,zero,
happo,base,2,188,0,4,12.0,12,0,0,0,zero,
happo,base,2,188,1,4,21.0,21,0,0,0,zero,
happo,base,2,188,2,4,4.0,4,0,0,0,zero,
happo,base,2,189,0,5,7.0,7,0,0,0,zero,
happo,base,2,189,1,5,21.0,21,0,0,0,zero,
happo,base,2,189,2,5,23.0,23,0,0,0,zero,
happo,base,2,190,0,5,6.0,6,0,11,11,zero,
happo,base,2,190,1,5,10.0,10,0,0,0,zero,
happo,base,2,190,2,5,23.0,23,0,0,0,zero,
happo,base,2,191,0,5,5.0,5,0,9,9,zero,
happo,base,2,191,1,5,9.0,9,0,16,16,zero,
happo,base,2,191,2,5,7.0,7,0,0,0,zero,
happo,base,2,192,0,5,-0.0,0,0,0,0,zero,
happo,base,2,192,1,5,9.0,9,0,8,8,zero,
happo,base,2,192,2,5,1.0,0,1,19,19,zero,
happo,base,2,193,0,5,5.0,0,5,1,1,zero,
happo,base,2,193,1,5,8.0,8,0,0,0,zero,
happo,base,2,193,2,5,1.0,0,1,16,16,zero,
happo,base,2,194,0,5,1.0,1,0,4,4,zero,
happo,base,2,194,1,5,4.0,4,0,0,0,zero,
happo,base,2,194,2,5,1.0,0,1,0,0,zero,
happo,base,2,195,0,4,6.0,6,0,6,6,zero,
happo,base,2,195,1,4,14.0,14,0,0,0,zero,
happo,base,2,195,2,4,1.0,0,1,0,0,zero,
happo,base,2,196,0,5,1.0,1,0,10,10,zero,
happo,base,2,196,1,5,11.0,11,0,7,7,zero,
happo,base,2,196,2,5,11.0,11,0,0,0,zero,
happo,base,2,197,0,6,4.0,0,4,2,2,zero,
happo,base,2,197,1,6,9.0,9,0,17,17,zero,
happo,base,2,197,2,6,10.0,10,0,0,0,zero,
happo,base,2,198,0,5,5.0,0,5,6,6,zero,
happo,base,2,198,1,5,3.0,3,0,0,0,zero,
happo,base,2,198,2,5,10.0,10,0,19,19,zero,
happo,base,2,199,0,5,4.0,0,4,6,6,zero,
happo,base,2,199,1,5,3.0,0,3,5,5,zero,
happo,base,2,199,2,5,5.0,5,0,0,0,zero,
happo,base,2,200,0,4,2.0,2,0,6,6,zero,
happo,base,2,200,1,4,1.0,0,1,8,8,zero,
happo,base,2,200,2,4,3.0,0,3,9,9,zero,
happo,base,3,1,0,10,10.0,10,0,16,16,zero,
happo,base,3,1,1,10,4.0,4,0,8,8,zero,
happo,base,3,1,2,10,12.0,12,0,0,0,zero,
happo,base,3,2,0,9,11.0,11,0,10,10,zero,
happo,base,3,2,1,9,4.0,4,0,17,17,zero,
happo,base,3,2,2,9,5.0,5,0,2,2,zero,
happo,base,3,3,0,9,12.0,12,0,0,0,zero,
happo,base,3,3,1,9,14.0,14,0,8,8,zero,
happo,base,3,3,2,9,7.0,7,0,19,19,zero,
happo,base,3,4,0,8,14.0,14,0,10,10,zero,
happo,base,3,4,1,8,14.0,14,0,0,0,zero,
happo,base,3,4,2,8,17.0,17,0,20,20,zero,
happo,base,3,5,0,8,22.0,22,0,10,10,zero,
happo,base,3,5,1,8,12.0,12,0,4,4,zero,
happo,base,3,5,2,8,13.0,13,0,3,3,zero,
happo,base,3,6,0,8,24.0,24,0,0,0,zero,
happo,base,3,6,1,8,29.0,29,0,20,20,zero,
happo,base,3,6,2,8,5.0,0,5,0,0,zero,
happo,base,3,7,0,9,15.0,15,0,0,0,zero,
happo,base,3,7,1,9,37.0,37,0,0,0,zero,
happo,base,3,7,2,9,14.0,14,0,2,2,zero,
happo,base,3,8,0,8,17.0,17,0,11,11,zero,
happo,base,3,8,1,8,26.0,26,0,0,0,zero,
happo,base,3,8,2,8,34.0,34,0,0,0,zero,
happo,base,3,9,0,8,19.0,19,0,9,9,zero,
happo,base,3,9,1,8,21.0,21,0,4,4,zero,
happo,base,3,9,2,8,33.0,33,0,0,0,zero,
happo,base,3,10,0,7,12.0,12,0,16,16,zero,
happo,base,3,10,1,7,20.0,20,0,16,16,zero,
happo,base,3,10,2,7,17.0,17,0,0,0,zero,
happo,base,3,11,0,6,6.0,6,0,0,0,zero,
happo,base,3,11,1,6,25.0,25,0,17,17,zero,
happo,base,3,11,2,6,2.0,2,0,19,19,zero,
happo,base,3,12,0,5,12.0,12,0,0,0,zero,
happo,base,3,12,1,5,25.0,25,0,0,0,zero,
happo,base,3,12,2,5,2.0,2,0,20,20,zero,
happo,base,3,13,0,5,16.0,16,0,0,0,zero,
happo,base,3,13,1,5,29.0,29,0,0,0,zero,
happo,base,3,13,2,5,2.0,2,0,3,3,zero,
happo,base,3,14,0,5,27.0,27,0,0,0,zero,
happo,base,3,14,1,5,45.0,45,0,0,0,zero,
happo,base,3,14,2,5,2.0,2,0,0,0,zero,
happo,base,3,15,0,6,21.0,21,0,0,0,zero,
happo,base,3,15,1,6,62.0,62,0,0,0,zero,
happo,base,3,15,2,6,21.0,21,0,0,0,zero,
happo,base,3,16,0,6,15.0,15,0,11,11,zero,
happo,base,3,16,1,6,51.0,51,0,0,0,zero,
happo,base,3,16,2,6,41.0,41,0,0,0,zero,
happo,base,3,17,0,7,8.0,8,0,16,16,zero,
happo,base,3,17,1,7,35.0,35,0,0,0,zero,
happo,base,3,17,2,7,44.0,44,0,0,0,zero,
happo,base,3,18,0,6,2.0,2,0,12,12,zero,
happo,base,3,18,1,6,23.0,23,0,16,16,zero,
happo,base,3,18,2,6,28.0,28,0,0,0,zero,
happo,base,3,19,0,6,4.0,0,4,1,1,zero,
happo,base,3,19,1,6,22.0,22,0,17,17,zero,
happo,base,3,19,2,6,11.0,11,0,2,2,zero,
happo,base,3,20,0,7,-0.0,0,0,1,1,zero,
happo,base,3,20,1,7,21.0,21,0,0,0,zero,
happo,base,3,20,2,7,11.0,11,0,19,19,zero,
happo,base,3,21,0,6,10.0,10,0,4,4,zero,
happo,base,3,21,1,6,17.0,17,0,0,0,zero,
happo,base,3,21,2,6,11.0,11,0,4,4,zero,
happo,base,3,22,0,6,16.0,16,0,6,6,zero,
happo,base,3,22,1,6,27.0,27,0,0,0,zero,
happo,base,3,22,2,6,11.0,11,0,0,0,zero,
happo,base,3,23,0,6,11.0,11,0,10,10,zero,
happo,base,3,23,1,6,34.0,34,0,0,0,zero,
happo,base,3,23,2,6,13.0,13,0,0,0,zero,
happo,base,3,24,0,6,6.0,6,0,9,9,zero,
happo,base,3,24,1,6,25.0,25,0,1,1,zero,
happo,base,3,24,2,6,31.0,31,0,0,0,zero,
happo,base,3,25,0,6,4.0,4,0,0,0,zero,
happo,base,3,25,1,6,25.0,25,0,16,16,zero,
happo,base,3,25,2,6,19.0,19,0,0,0,zero,
happo,base,3,26,0,6,4.0,4,0,6,6,zero,
happo,base,3,26,1,6,19.0,19,0,0,0,zero,
happo,base,3,26,2,6,19.0,19,0,16,16,zero,
happo,base,3,27,0,6,8.0,8,0,6,6,zero,
happo,base,3,27,1,6,13.0,13,0,0,0,zero,
happo,base,3,27,2,6,19.0,19,0,0,0,zero,
happo,base,3,28,0,6,11.0,11,0,0,0,zero,
happo,base,3,28,1,6,14.0,14,0,7,7,zero,
happo,base,3,28,2,6,12.0,12,0,0,0,zero,
happo,base,3,29,0,7,4.0,4,0,11,11,zero,
happo,base,3,29,1,7,19.0,19,0,0,0,zero,
happo,base,3,29,2,7,12.0,12,0,0,0,zero,
happo,base,3,30,0,7,3.0,3,0,11,11,zero,
happo,base,3,30,1,7,8.0,8,0,16,16,zero,
happo,base,3,30,2,7,12.0,12,0,0,0,zero,
happo,base,3,31,0,7,2.0,2,0,1,1,zero,
happo,base,3,31,1,7,7.0,7,0,16,16,zero,
happo,base,3,31,2,7,4.0,0,4,19,19,zero,
happo,base,3,32,0,7,5.0,0,5,6,6,zero,
happo,base,3,32,1,7,8.0,8,0,0,0,zero,
happo,base,3,32,2,7,4.0,0,4,20,20,zero,
happo,base,3,33,0,6,-0.0,0,0,10,10,zero,
happo,base,3,33,1,6,2.0,0,2,0,0,zero,
happo,base,3,33,2,6,4.0,0,4,3,3,zero,
happo,base,3,34,0,7,4.0,4,0,4,4,zero,
happo,base,3,34,1,7,10.0,10,0,11,11,zero,
happo,base,3,34,2,7,15.0,0,15,0,0,zero,
happo,base,3,35,0,7,2.0,0,2,12,12,zero,
happo,base,3,35,1,7,10.0,10,0,1,1,zero,
happo,base,3,35,2,7,3.0,3,0,0,0,zero,
happo,base,3,36,0,7,3.0,0,3,6,6,zero,
happo,base,3,36,1,7,4.0,4,0,17,17,zero,
happo,base,3,36,2,7,6.0,6,0,0,0,zero,
happo,base,3,37,0,6,1.0,0,1,6,6,zero,
happo,base,3,37,1,6,2.0,0,2,0,0,zero,
happo,base,3,37,2,6,9.0,9,0,19,19,zero,
happo,base,3,38,0,6,1.0,0,1,6,6,zero,
happo,base,3,38,1,6,8.0,0,8,16,16,zero,
happo,base,3,38,2,6,7.0,0,7,3,3,zero,
happo,base,3,39,0,6,5.0,5,0,6,6,zero,
happo,base,3,39,1,6,2.0,2,0,0,0,zero,
happo,base,3,39,2,6,7.0,0,7,19,19,zero,
happo,base,3,40,0,6,5.0,5,0,10,10,zero,
happo,base,3,40,1,6,9.0,9,0,11,11,zero,
happo,base,3,40,2,6,18.0,0,18,4,4,zero,
happo,base,3,41,0,5,4.0,4,0,2,2,zero,
happo,base,3,41,1,5,7.0,7,0,17,17,zero,
happo,base,3,41,2,5,16.0,0,16,19,19,zero,
happo,base,3,42,0,6,2.0,0,2,1,1,zero,
happo,base,3,42,1,6,15.0,15,0,0,0,zero,
happo,base,3,42,2,6,13.0,0,13,20,20,zero,
happo,base,3,43,0,7,5.0,5,0,4,4,zero,
happo,base,3,43,1,7,11.0,11,0,0,0,zero,
happo,base,3,43,2,7,6.0,6,0,0,0,zero,
happo,base,3,44,0,7,8.0,8,0,12,12,zero,
happo,base,3,44,1,7,1.0,0,1,0,0,zero,
happo,base,3,44,2,7,10.0,10,0,0,0,zero,
happo,base,3,45,0,8,2.0,2,0,12,12,zero,
happo,base,3,45,1,8,6.0,6,0,16,16,zero,
happo,base,3,45,2,8,13.0,13,0,0,0,zero,
happo,base,3,46,0,7,4.0,0,4,12,12,zero,
happo,base,3,46,1,7,3.0,0,3,16,16,zero,
happo,base,3,46,2,7,17.0,17,0,2,2,zero,
happo,base,3,47,0,6,6.0,0,6,2,2,zero,
happo,base,3,47,1,6,8.0,8,0,8,8,zero,
happo,base,3,47,2,6,9.0,9,0,19,19,zero,
happo,base,3,48,0,6,1.0,0,1,2,2,zero,
happo,base,3,48,1,6,6.0,6,0,0,0,zero,
happo,base,3,48,2,6,9.0,9,0,20,20,zero,
happo,base,3,49,0,6,6.0,6,0,4,4,zero,
happo,base,3,49,1,6,18.0,18,0,0,0,zero,
happo,base,3,49,2,6,9.0,9,0,3,3,zero,
happo,base,3,50,0,4,11.0,11,0,10,10,zero,
happo,base,3,50,1,4,24.0,24,0,0,0,zero,
happo,base,3,50,2,4,11.0,11,0,0,0,zero,
happo,base,3,51,0,5,11.0,11,0,0,0,zero,
happo,base,3,51,1,5,32.0,32,0,4,4,zero,
happo,base,3,51,2,5,26.0,26,0,0,0,zero,
happo,base,3,52,0,5,8.0,8,0,0,0,zero,
happo,base,3,52,1,5,32.0,32,0,0,0,zero,
happo,base,3,52,2,5,46.0,46,0,0,0,zero,
happo,base,3,53,0,4,8.0,8,0,6,6,zero,
happo,base,3,53,1,4,26.0,26,0,0,0,zero,
happo,base,3,53,2,4,49.0,49,0,0,0,zero,
happo,base,3,54,0,4,14.0,14,0,0,0,zero,
happo,base,3,54,1,4,26.0,26,0,0,0,zero,
happo,base,3,54,2,4,49.0,49,0,0,0,zero,
happo,base,3,55,0,5,9.0,9,0,0,0,zero,
happo,base,3,55,1,5,30.0,30,0,0,0,zero,
happo,base,3,55,2,5,49.0,49,0,0,0,zero,
happo,base,3,56,0,5,4.0,4,0,11,11,zero,
happo,base,3,56,1,5,19.0,19,0,0,0,zero,
happo,base,3,56,2,5,49.0,49,0,0,0,zero,
happo,base,3,57,0,4,6.0,6,0,10,10,zero,
happo,base,3,57,1,4,9.0,9,0,16,16,zero,
happo,base,3,57,2,4,33.0,33,0,0,0,zero,
happo,base,3,58,0,4,2.0,2,0,0,0,zero,
happo,base,3,58,1,4,9.0,9,0,8,8,zero,
happo,base,3,58,2,4,25.0,25,0,0,0,zero,
happo,base,3,59,0,4,2.0,0,2,0,0,zero,
happo,base,3,59,1,4,9.0,9,0,0,0,zero,
happo,base,3,59,2,4,25.0,25,0,16,16,zero,
happo,base,3,60,0,4,5.0,5,0,1,1,zero,
happo,base,3,60,1,4,8.0,8,0,0,0,zero,
happo,base,3,60,2,4,25.0,25,0,0,0,zero,
happo,base,3,61,0,4,11.0,11,0,4,4,zero,
happo,base,3,61,1,4,20.0,20,0,0,0,zero,
happo,base,3,61,2,4,25.0,25,0,0,0,zero,
happo,base,3,62,0,3,8.0,8,0,6,6,zero,
happo,base,3,62,1,3,22.0,22,0,0,0,zero,
happo,base,3,62,2,3,25.0,25,0,0,0,zero,
happo,base,3,63,0,4,4.0,4,0,0,0,zero,
happo,base,3,63,1,4,22.0,22,0,0,0,zero,
happo,base,3,63,2,4,41.0,41,0,0,0,zero,
happo,base,3,64,0,3,2.0,2,0,6,6,zero,
happo,base,3,64,1,3,16.0,16,0,0,0,zero,
happo,base,3,64,2,3,41.0,41,0,0,0,zero,
happo,base,3,65,0,3,3.0,3,0,0,0,zero,
happo,base,3,65,1,3,16.0,16,0,7,7,zero,
happo,base,3,65,2,3,34.0,34,0,0,0,zero,
happo,base,3,66,0,3,6.0,6,0,0,0,zero,
happo,base,3,66,1,3,16.0,16,0,0,0,zero,
happo,base,3,66,2,3,34.0,34,0,0,0,zero,
happo,base,3,67,0,4,2.0,2,0,6,6,zero,
happo,base,3,67,1,4,10.0,10,0,0,0,zero,
happo,base,3,67,2,4,34.0,34,0,0,0,zero,
happo,base,3,68,0,4,4.0,4,0,10,10,zero,
happo,base,3,68,1,4,-0.0,0,0,16,16,zero,
happo,base,3,68,2,4,18.0,18,0,0,0,zero,
happo,base,3,69,0,4,-0.0,0,0,0,0,zero,
happo,base,3,69,1,4,7.0,7,0,8,8,zero,
happo,base,3,69,2,4,10.0,10,0,2,2,zero,
happo,base,3,70,0,4,4.0,0,4,1,1,zero,
happo,base,3,70,1,4,6.0,6,0,0,0,zero,
happo,base,3,70,2,4,10.0,10,0,19,19,zero,
happo,base,3,71,0,4,2.0,0,2,4,4,zero,
happo,base,3,71,1,4,2.0,2,0,0,0,zero,
happo,base,3,71,2,4,10.0,10,0,0,0,zero,
happo,base,3,72,0,4,4.0,4,0,4,4,zero,
happo,base,3,72,1,4,14.0,14,0,0,0,zero,
happo,base,3,72,2,4,10.0,10,0,0,0,zero,
happo,base,3,73,0,5,1.0,0,1,12,12,zero,
happo,base,3,73,1,5,10.0,10,0,0,0,zero,
happo,base,3,73,2,5,12.0,12,0,0,0,zero,
happo,base,3,74,0,5,5.0,0,5,2,2,zero,
happo,base,3,74,1,5,8.0,8,0,17,17,zero,
happo,base,3,74,2,5,14.0,14,0,0,0,zero,
happo,base,3,75,0,5,6.0,0,6,4,4,zero,
happo,base,3,75,1,5,4.0,4,0,0,0,zero,
happo,base,3,75,2,5,14.0,14,0,19,19,zero,
happo,base,3,76,0,5,7.0,0,7,6,6,zero,
happo,base,3,76,1,5,2.0,0,2,0,0,zero,
happo,base,3,76,2,5,14.0,14,0,0,0,zero,
happo,base,3,77,0,4,1.0,1,0,6,6,zero,
happo,base,3,77,1,4,8.0,0,8,8,8,zero,
happo,base,3,77,2,4,6.0,6,0,0,0,zero,
happo,base,3,78,0,5,2.0,0,2,6,6,zero,
happo,base,3,78,1,5,3.0,3,0,11,11,zero,
happo,base,3,78,2,5,5.0,0,5,0,0,zero,
happo,base,3,79,0,5,3.0,0,3,6,6,zero,
happo,base,3,79,1,5,3.0,0,3,8,8,zero,
happo,base,3,79,2,5,6.0,6,0,19,19,zero,
happo,base,3,80,0,5,4.0,0,4,2,2,zero,
happo,base,3,80,1,5,5.0,0,5,0,0,zero,
happo,base,3,80,2,5,6.0,6,0,15,15,zero,
happo,base,3,81,0,5,9.0,0,9,4,4,zero,
happo,base,3,81,1,5,1.0,0,1,0,0,zero,
happo,base,3,81,2,5,6.0,6,0,0,0,zero,
happo,base,3,82,0,5,-0.0,0,0,4,4,zero,
happo,base,3,82,1,5,1.0,1,0,8,8,zero,
happo,base,3,82,2,5,2.0,0,2,0,0,zero,
happo,base,3,83,0,5,2.0,0,2,6,6,zero,
happo,base,3,83,1,5,8.0,8,0,8,8,zero,
happo,base,3,83,2,5,9.0,9,0,0,0,zero,
happo,base,3,84,0,5,7.0,0,7,6,6,zero,
happo,base,3,84,1,5,2.0,2,0,0,0,zero,
happo,base,3,84,2,5,24.0,24,0,2,2,zero,
happo,base,3,85,0,5,4.0,0,4,6,6,zero,
happo,base,3,85,1,5,4.0,0,4,17,17,zero,
happo,base,3,85,2,5,7.0,7,0,0,0,zero,
happo,base,3,86,0,4,3.0,0,3,6,6,zero,
happo,base,3,86,1,4,4.0,0,4,0,0,zero,
happo,base,3,86,2,4,7.0,7,0,19,19,zero,
happo,base,3,87,0,5,2.0,0,2,6,6,zero,
happo,base,3,87,1,5,-0.0,0,0,8,8,zero,
happo,base,3,87,2,5,1.0,0,1,0,0,zero,
happo,base,3,88,0,5,1.0,0,1,2,2,zero,
happo,base,3,88,1,5,2.0,0,2,8,8,zero,
happo,base,3,88,2,5,7.0,0,7,19,19,zero,
happo,base,3,89,0,5,4.0,0,4,6,6,zero,
happo,base,3,89,1,5,9.0,9,0,8,8,zero,
happo,base,3,89,2,5,15.0,0,15,18,18,zero,
happo,base,3,90,0,4,2.0,0,2,6,6,zero,
happo,base,3,90,1,4,3.0,3,0,16,16,zero,
happo,base,3,90,2,4,12.0,0,12,0,0,zero,
happo,base,3,91,0,5,3.0,3,0,2,2,zero,
happo,base,3,91,1,5,8.0,8,0,0,0,zero,
happo,base,3,91,2,5,12.0,0,12,19,19,zero,
happo,base,3,92,0,5,2.0,0,2,6,6,zero,
happo,base,3,92,1,5,4.0,4,0,0,0,zero,
happo,base,3,92,2,5,7.0,7,0,0,0,zero,
happo,base,3,93,0,4,2.0,2,0,6,6,zero,
happo,base,3,93,1,4,2.0,0,2,0,0,zero,
happo,base,3,93,2,4,25.0,25,0,0,0,zero,
happo,base,3,94,0,4,4.0,4,0,1,1,zero,
happo,base,3,94,1,4,16.0,16,0,16,16,zero,
happo,base,3,94,2,4,9.0,9,0,0,0,zero,
happo,base,3,95,0,5,1.0,1,0,6,6,zero,
happo,base,3,95,1,5,10.0,10,0,0,0,zero,
happo,base,3,95,2,5,28.0,28,0,16,16,zero,
happo,base,3,96,0,5,2.0,2,0,6,6,zero,
happo,base,3,96,1,5,16.0,16,0,0,0,zero,
happo,base,3,96,2,5,28.0,28,0,0,0,zero,
happo,base,3,97,0,5,1.0,1,0,10,10,zero,
happo,base,3,97,1,5,6.0,6,0,7,7,zero,
happo,base,3,97,2,5,21.0,21,0,0,0,zero,
happo,base,3,98,0,6,2.0,0,2,2,2,zero,
happo,base,3,98,1,6,20.0,20,0,16,16,zero,
happo,base,3,98,2,6,5.0,5,0,0,0,zero,
happo,base,3,99,0,7,3.0,0,3,6,6,zero,
happo,base,3,99,1,7,14.0,14,0,0,0,zero,
happo,base,3,99,2,7,21.0,21,0,16,16,zero,
happo,base,3,100,0,6,3.0,0,3,12,12,zero,
happo,base,3,100,1,6,2.0,2,0,0,0,zero,
happo,base,3,100,2,6,21.0,21,0,0,0,zero,
happo,base,3,101,0,5,2.0,2,0,2,2,zero,
happo,base,3,101,1,5,7.0,7,0,16,16,zero,
happo,base,3,101,2,5,5.0,5,0,0,0,zero,
happo,base,3,102,0,5,1.0,0,1,6,6,zero,
happo,base,3,102,1,5,17.0,17,0,0,0,zero,
happo,base,3,102,2,5,5.0,5,0,0,0,zero,
happo,base,3,103,0,5,-0.0,0,0,6,6,zero,
happo,base,3,103,1,5,11.0,11,0,0,0,zero,
happo,base,3,103,2,5,21.0,21,0,0,0,zero,
happo,base,3,104,0,5,7.0,7,0,4,4,zero,
happo,base,3,104,1,5,7.0,7,0,7,7,zero,
happo,base,3,104,2,5,14.0,14,0,0,0,zero,
happo,base,3,105,0,5,4.0,4,0,6,6,zero,
happo,base,3,105,1,5,17.0,17,0,0,0,zero,
happo,base,3,105,2,5,14.0,14,0,19,19,zero,
happo,base,3,106,0,6,4.0,4,0,10,10,zero,
happo,base,3,106,1,6,7.0,7,0,16,16,zero,
happo,base,3,106,2,6,2.0,0,2,0,0,zero,
happo,base,3,107,0,6,4.0,4,0,6,6,zero,
happo,base,3,107,1,6,1.0,1,0,16,16,zero,
happo,base,3,107,2,6,18.0,0,18,19,19,zero,
happo,base,3,108,0,6,2.0,2,0,10,10,zero,
happo,base,3,108,1,6,2.0,0,2,7,7,zero,
happo,base,3,108,2,6,25.0,0,25,19,19,zero,
happo,base,3,109,0,6,2.0,2,0,10,10,zero,
happo,base,3,109,1,6,12.0,0,12,16,16,zero,
happo,base,3,109,2,6,22.0,0,22,0,0,zero,
happo,base,3,110,0,6,6.0,6,0,6,6,zero,
happo,base,3,110,1,6,4.0,0,4,16,16,zero,
happo,base,3,110,2,6,38.0,0,38,19,19,zero,
happo,base,3,111,0,7,5.0,5,0,10,10,zero,
happo,base,3,111,1,7,14.0,0,14,16,16,zero,
happo,base,3,111,2,7,35.0,0,35,20,20,zero,
happo,base,3,112,0,7,6.0,6,0,10,10,zero,
happo,base,3,112,1,7,24.0,0,24,16,16,zero,
happo,base,3,112,2,7,32.0,0,32,20,20,zero,
happo,base,3,113,0,7,1.0,0,1,10,10,zero,
happo,base,3,113,1,7,15.0,0,15,16,16,zero,
happo,base,3,113,2,7,48.0,0,48,20,20,zero,
happo,base,3,114,0,8,5.0,5,0,6,6,zero,
happo,base,3,114,1,8,21.0,0,21,16,16,zero,
happo,base,3,114,2,8,45.0,0,45,20,20,zero,
happo,base,3,115,0,9,4.0,0,4,6,6,zero,
happo,base,3,115,1,9,8.0,0,8,0,0,zero,
happo,base,3,115,2,9,25.0,0,25,20,20,zero,
happo,base,3,116,0,9,13.0,0,13,6,6,zero,
happo,base,3,116,1,9,5.0,5,0,0,0,zero,
happo,base,3,116,2,9,5.0,0,5,0,0,zero,
happo,base,3,117,0,9,3.0,0,3,6,6,zero,
happo,base,3,117,1,9,1.0,0,1,0,0,zero,
happo,base,3,117,2,9,15.0,15,0,0,0,zero,
happo,base,3,118,0,7,10.0,0,10,6,6,zero,
happo,base,3,118,1,7,12.0,12,0,0,0,zero,
happo,base,3,118,2,7,35.0,35,0,0,0,zero,
happo,base,3,119,0,9,-0.0,0,0,6,6,zero,
happo,base,3,119,1,9,26.0,26,0,0,0,zero,
happo,base,3,119,2,9,55.0,55,0,0,0,zero,
happo,base,3,120,0,9,5.0,5,0,6,6,zero,
happo,base,3,120,1,9,40.0,40,0,1,1,zero,
happo,base,3,120,2,9,54.0,54,0,0,0,zero,
happo,base,3,121,0,8,2.0,2,0,12,12,zero,
happo,base,3,121,1,8,33.0,33,0,0,0,zero,
happo,base,3,121,2,8,54.0,54,0,0,0,zero,
happo,base,3,122,0,8,1.0,1,0,12,12,zero,
happo,base,3,122,1,8,21.0,21,0,19,19,zero,
happo,base,3,122,2,8,35.0,35,0,0,0,zero,
happo,base,3,123,0,8,1.0,0,1,2,2,zero,
happo,base,3,123,1,8,19.0,19,0,17,17,zero,
happo,base,3,123,2,8,18.0,18,0,2,2,zero,
happo,base,3,124,0,8,3.0,0,3,10,10,zero,
happo,base,3,124,1,8,10.0,10,0,0,0,zero,
happo,base,3,124,2,8,18.0,18,0,19,19,zero,
happo,base,3,125,0,7,2.0,2,0,10,10,zero,
happo,base,3,125,1,7,-0.0,0,0,16,16,zero,
happo,base,3,125,2,7,2.0,2,0,0,0,zero,
happo,base,3,126,0,8,6.0,6,0,2,2,zero,
happo,base,3,126,1,8,17.0,17,0,7,7,zero,
happo,base,3,126,2,8,5.0,0,5,19,19,zero,
happo,base,3,127,0,9,1.0,0,1,11,11,zero,
happo,base,3,127,1,9,23.0,23,0,0,0,zero,
happo,base,3,127,2,9,3.0,0,3,20,20,zero,
happo,base,3,128,0,9,-0.0,0,0,10,10,zero,
happo,base,3,128,1,9,13.0,13,0,16,16,zero,
happo,base,3,128,2,9,-0.0,0,0,0,0,zero,
happo,base,3,129,0,9,1.0,1,0,6,6,zero,
happo,base,3,129,1,9,23.0,23,0,8,8,zero,
happo,base,3,129,2,9,8.0,0,8,9,9,zero,
happo,base,3,130,0,8,5.0,0,5,12,12,zero,
happo,base,3,130,1,8,13.0,13,0,0,0,zero,
happo,base,3,130,2,8,11.0,11,0,9,9,zero,
happo,base,3,131,0,8,2.0,0,2,10,10,zero,
happo,base,3,131,1,8,5.0,5,0,16,16,zero,
happo,base,3,131,2,8,15.0,15,0,0,0,zero,
happo,base,3,132,0,9,1.0,0,1,6,6,zero,
happo,base,3,132,1,9,18.0,18,0,8,8,zero,
happo,base,3,132,2,9,7.0,7,0,19,19,zero,
happo,base,3,133,0,9,4.0,0,4,12,12,zero,
happo,base,3,133,1,9,6.0,6,0,0,0,zero,
happo,base,3,133,2,9,16.0,16,0,3,3,zero,
happo,base,3,134,0,8,-0.0,0,0,10,10,zero,
happo,base,3,134,1,8,4.0,4,0,16,16,zero,
happo,base,3,134,2,8,9.0,9,0,0,0,zero,
happo,base,3,135,0,8,2.0,2,0,6,6,zero,
happo,base,3,135,1,8,14.0,14,0,11,11,zero,
happo,base,3,135,2,8,2.0,0,2,19,19,zero,
happo,base,3,136,0,8,-0.0,0,0,10,10,zero,
happo,base,3,136,1,8,12.0,12,0,1,1,zero,
happo,base,3,136,2,8,16.0,16,0,16,16,zero,
happo,base,3,137,0,8,4.0,4,0,10,10,zero,
happo,base,3,137,1,8,2.0,2,0,16,16,zero,
happo,base,3,137,2,8,3.0,3,0,0,0,zero,
happo,base,3,138,0,9,5.0,5,0,6,6,zero,
happo,base,3,138,1,9,12.0,12,0,8,8,zero,
happo,base,3,138,2,9,5.0,0,5,19,19,zero,
happo,base,3,139,0,9,2.0,2,0,12,12,zero,
happo,base,3,139,1,9,9.0,9,0,1,1,zero,
happo,base,3,139,2,9,13.0,13,0,0,0,zero,
happo,base,3,140,0,9,3.0,3,0,12,12,zero,
happo,base,3,140,1,9,-0.0,0,0,17,17,zero,
happo,base,3,140,2,9,12.0,12,0,0,0,zero,
happo,base,3,141,0,8,5.0,5,0,2,2,zero,
happo,base,3,141,1,8,14.0,14,0,16,16,zero,
happo,base,3,141,2,8,4.0,0,4,9,9,zero,
happo,base,3,142,0,8,3.0,3,0,10,10,zero,
happo,base,3,142,1,8,7.0,7,0,0,0,zero,
happo,base,3,142,2,8,15.0,15,0,19,19,zero,
happo,base,3,143,0,7,8.0,8,0,10,10,zero,
happo,base,3,143,1,7,3.0,3,0,8,8,zero,
happo,base,3,143,2,7,7.0,7,0,3,3,zero,
happo,base,3,144,0,7,13.0,13,0,1,1,zero,
happo,base,3,144,1,7,19.0,19,0,16,16,zero,
happo,base,3,144,2,7,9.0,0,9,9,9,zero,
happo,base,3,145,0,8,7.0,7,0,6,6,zero,
happo,base,3,145,1,8,25.0,25,0,0,0,zero,
happo,base,3,145,2,8,-0.0,0,0,19,19,zero,
happo,base,3,146,0,6,11.0,11,0,11,11,zero,
happo,base,3,146,1,6,18.0,18,0,1,1,zero,
happo,base,3,146,2,6,18.0,18,0,0,0,zero,
happo,base,3,147,0,6,15.0,15,0,0,0,zero,
happo,base,3,147,1,6,26.0,26,0,16,16,zero,
happo,base,3,147,2,6,5.0,5,0,0,0,zero,
happo,base,3,148,0,6,10.0,10,0,0,0,zero,
happo,base,3,148,1,6,33.0,33,0,0,0,zero,
happo,base,3,148,2,6,14.0,14,0,2,2,zero,
happo,base,3,149,0,6,10.0,10,0,6,6,zero,
happo,base,3,149,1,6,36.0,36,0,0,0,zero,
happo,base,3,149,2,6,33.0,33,0,0,0,zero,
happo,base,3,150,0,6,15.0,15,0,11,11,zero,
happo,base,3,150,1,6,26.0,26,0,0,0,zero,
happo,base,3,150,2,6,33.0,33,0,0,0,zero,
happo,base,3,151,0,6,9.0,9,0,0,0,zero,
happo,base,3,151,1,6,42.0,42,0,4,4,zero,
happo,base,3,151,2,6,29.0,29,0,0,0,zero,
happo,base,3,152,0,6,3.0,3,0,0,0,zero,
happo,base,3,152,1,6,42.0,42,0,0,0,zero,
happo,base,3,152,2,6,31.0,31,0,0,0,zero,
happo,base,3,153,0,6,3.0,3,0,6,6,zero,
happo,base,3,153,1,6,36.0,36,0,0,0,zero,
happo,base,3,153,2,6,31.0,31,0,0,0,zero,
happo,base,3,154,0,6,8.0,8,0,10,10,zero,
happo,base,3,154,1,6,26.0,26,0,0,0,zero,
happo,base,3,154,2,6,31.0,31,0,0,0,zero,
happo,base,3,155,0,7,1.0,1,0,12,12,zero,
happo,base,3,155,1,7,18.0,18,0,16,16,zero,
happo,base,3,155,2,7,15.0,15,0,0,0,zero,
happo,base,3,156,0,7,6.0,0,6,10,10,zero,
happo,base,3,156,1,7,8.0,8,0,16,16,zero,
happo,base,3,156,2,7,1.0,0,1,16,16,zero,
happo,base,3,157,0,9,9.0,0,9,2,2,zero,
happo,base,3,157,1,9,6.0,6,0,0,0,zero,
happo,base,3,157,2,9,1.0,0,1,15,15,zero,
happo,base,3,158,0,8,7.0,0,7,10,10,zero,
happo,base,3,158,1,8,4.0,0,4,0,0,zero,
happo,base,3,158,2,8,1.0,0,1,0,0,zero,
happo,base,3,159,0,8,3.0,0,3,10,10,zero,
happo,base,3,159,1,8,2.0,2,0,11,11,zero,
happo,base,3,159,2,8,12.0,0,12,0,0,zero,
happo,base,3,160,0,8,1.0,0,1,6,6,zero,
happo,base,3,160,1,8,11.0,11,0,16,16,zero,
happo,base,3,160,2,8,12.0,0,12,1,1,zero,
happo,base,3,161,0,7,6.0,0,6,10,10,zero,
happo,base,3,161,1,7,1.0,1,0,0,0,zero,
happo,base,3,161,2,7,3.0,3,0,19,19,zero,
happo,base,3,162,0,8,8.0,0,8,6,6,zero,
happo,base,3,162,1,8,5.0,0,5,0,0,zero,
happo,base,3,162,2,8,3.0,3,0,4,4,zero,
happo,base,3,163,0,8,2.0,0,2,10,10,zero,
happo,base,3,163,1,8,15.0,0,15,16,16,zero,
happo,base,3,163,2,8,13.0,0,13,0,0,zero,
happo,base,3,164,0,8,4.0,0,4,10,10,zero,
happo,base,3,164,1,8,9.0,0,9,11,11,zero,
happo,base,3,164,2,8,23.0,0,23,18,18,zero,
happo,base,3,165,0,8,2.0,0,2,6,6,zero,
happo,base,3,165,1,8,3.0,0,3,11,11,zero,
happo,base,3,165,2,8,15.0,0,15,3,3,zero,
happo,base,3,166,0,9,10.0,0,10,6,6,zero,
happo,base,3,166,1,9,9.0,0,9,0,0,zero,
happo,base,3,166,2,9,11.0,0,11,19,19,zero,
happo,base,3,167,0,11,21.0,0,21,6,6,zero,
happo,base,3,167,1,11,12.0,0,12,16,16,zero,
happo,base,3,167,2,11,27.0,0,27,16,16,zero,
happo,base,3,168,0,12,17.0,0,17,11,11,zero,
happo,base,3,168,1,12,22.0,0,22,16,16,zero,
happo,base,3,168,2,12,25.0,0,25,19,19,zero,
happo,base,3,169,0,13,18.0,0,18,12,12,zero,
happo,base,3,169,1,13,15.0,0,15,16,16,zero,
happo,base,3,169,2,13,38.0,0,38,20,20,zero,
happo,base,3,170,0,12,30.0,0,30,10,10,zero,
happo,base,3,170,1,12,21.0,0,21,17,17,zero,
happo,base,3,170,2,12,36.0,0,36,20,20,zero,
happo,base,3,171,0,10,37.0,0,37,11,11,zero,
happo,base,3,171,1,10,32.0,0,32,16,16,zero,
happo,base,3,171,2,10,36.0,0,36,20,20,zero,
happo,base,3,172,0,9,45.0,0,45,18,18,zero,
happo,base,3,172,1,9,32.0,0,32,16,16,zero,
happo,base,3,172,2,9,33.0,0,33,20,20,zero,
happo,base,3,173,0,8,34.0,0,34,18,18,zero,
happo,base,3,173,1,8,47.0,0,47,17,17,zero,
happo,base,3,173,2,8,30.0,0,30,20,20,zero,
happo,base,3,174,0,9,39.0,0,39,18,18,zero,
happo,base,3,174,1,9,46.0,0,46,16,16,zero,
happo,base,3,174,2,9,26.0,0,26,20,20,zero,
happo,base,3,175,0,8,47.0,0,47,18,18,zero,
happo,base,3,175,1,8,48.0,0,48,16,16,zero,
happo,base,3,175,2,8,22.0,0,22,20,20,zero,
happo,base,3,176,0,8,37.0,0,37,18,18,zero,
happo,base,3,176,1,8,47.0,0,47,20,20,zero,
happo,base,3,176,2,8,22.0,0,22,20,20,zero,
happo,base,3,177,0,8,42.0,0,42,18,18,zero,
happo,base,3,177,1,8,45.0,0,45,19,19,zero,
happo,base,3,177,2,8,21.0,0,21,20,20,zero,
happo,base,3,178,0,8,31.0,0,31,0,0,zero,
happo,base,3,178,1,8,25.0,0,25,19,19,zero,
happo,base,3,178,2,8,20.0,0,20,20,20,zero,
happo,base,3,179,0,8,23.0,0,23,0,0,zero,
happo,base,3,179,1,8,5.0,0,5,0,0,zero,
happo,base,3,179,2,8,-0.0,0,0,20,20,zero,
happo,base,3,180,0,8,12.0,0,12,0,0,zero,
happo,base,3,180,1,8,15.0,15,0,0,0,zero,
happo,base,3,180,2,8,20.0,20,0,3,3,zero,
happo,base,3,181,0,7,1.0,1,0,1,1,zero,
happo,base,3,181,1,7,34.0,34,0,0,0,zero,
happo,base,3,181,2,7,40.0,40,0,0,0,zero,
happo,base,3,182,0,7,14.0,14,0,4,4,zero,
happo,base,3,182,1,7,50.0,50,0,0,0,zero,
happo,base,3,182,2,7,60.0,60,0,0,0,zero,
happo,base,3,183,0,6,28.0,28,0,6,6,zero,
happo,base,3,183,1,6,64.0,64,0,0,0,zero,
happo,base,3,183,2,6,80.0,80,0,0,0,zero,
happo,base,3,184,0,6,27.0,27,0,0,0,zero,
happo,base,3,184,1,6,64.0,64,0,0,0,zero,
happo,base,3,184,2,6,83.0,83,0,0,0,zero,
happo,base,3,185,0,7,21.0,21,0,0,0,zero,
happo,base,3,185,1,7,64.0,64,0,0,0,zero,
happo,base,3,185,2,7,83.0,83,0,0,0,zero,
happo,base,3,186,0,7,18.0,18,0,11,11,zero,
happo,base,3,186,1,7,53.0,53,0,0,0,zero,
happo,base,3,186,2,7,83.0,83,0,0,0,zero,
happo,base,3,187,0,6,18.0,18,0,11,11,zero,
happo,base,3,187,1,6,42.0,42,0,0,0,zero,
happo,base,3,187,2,6,83.0,83,0,0,0,zero,
happo,base,3,188,0,7,11.0,11,0,0,0,zero,
happo,base,3,188,1,7,42.0,42,0,7,7,zero,
happo,base,3,188,2,7,76.0,76,0,0,0,zero,
happo,base,3,189,0,7,4.0,4,0,0,0,zero,
happo,base,3,189,1,7,42.0,42,0,0,0,zero,
happo,base,3,189,2,7,76.0,76,0,0,0,zero,
happo,base,3,190,0,6,9.0,9,0,10,10,zero,
happo,base,3,190,1,6,32.0,32,0,0,0,zero,
happo,base,3,190,2,6,76.0,76,0,0,0,zero,
happo,base,3,191,0,6,14.0,14,0,6,6,zero,
happo,base,3,191,1,6,26.0,26,0,7,7,zero,
happo,base,3,191,2,6,69.0,69,0,0,0,zero,
happo,base,3,192,0,6,8.0,8,0,0,0,zero,
happo,base,3,192,1,6,33.0,33,0,0,0,zero,
happo,base,3,192,2,6,69.0,69,0,0,0,zero,
happo,base,3,193,0,6,2.0,2,0,11,11,zero,
happo,base,3,193,1,6,22.0,22,0,0,0,zero,
happo,base,3,193,2,6,69.0,69,0,0,0,zero,
happo,base,3,194,0,6,6.0,6,0,6,6,zero,
happo,base,3,194,1,6,16.0,16,0,16,16,zero,
happo,base,3,194,2,6,53.0,53,0,0,0,zero,
happo,base,3,195,0,7,5.0,5,0,0,0,zero,
happo,base,3,195,1,7,23.0,23,0,0,0,zero,
happo,base,3,195,2,7,53.0,53,0,0,0,zero,
happo,base,3,196,0,6,1.0,0,1,11,11,zero,
happo,base,3,196,1,6,12.0,12,0,0,0,zero,
happo,base,3,196,2,6,53.0,53,0,0,0,zero,
happo,base,3,197,0,6,4.0,4,0,6,6,zero,
happo,base,3,197,1,6,6.0,6,0,16,16,zero,
happo,base,3,197,2,6,37.0,37,0,0,0,zero,
happo,base,3,198,0,5,5.0,5,0,0,0,zero,
happo,base,3,198,1,5,22.0,22,0,0,0,zero,
happo,base,3,198,2,5,37.0,37,0,0,0,zero,
happo,base,3,199,0,5,-0.0,0,0,4,4,zero,
happo,base,3,199,1,5,18.0,18,0,0,0,zero,
happo,base,3,199,2,5,37.0,37,0,0,0,zero,
happo,base,3,200,0,5,6.0,6,0,6,6,zero,
happo,base,3,200,1,5,12.0,12,0,0,0,zero,
happo,base,3,200,2,5,37.0,37,0,0,0,zero,
happo,shock,0,1,0,10,10.0,10,0,16,16,zero,
happo,shock,0,1,1,10,4.0,4,0,8,8,zero,
happo,shock,0,1,2,10,12.0,12,0,0,0,zero,
happo,shock,0,2,0,8,12.0,12,0,10,10,zero,
happo,shock,0,2,1,8,4.0,4,0,17,17,zero,
happo,shock,0,2,2,8,5.0,5,0,2,2,zero,
happo,shock,0,3,0,8,14.0,14,0,0,0,zero,
happo,shock,0,3,1,8,14.0,14,0,8,8,zero,
happo,shock,0,3,2,8,7.0,7,0,19,19,zero,
happo,shock,0,4,0,7,17.0,17,0,6,6,zero,
happo,shock,0,4,1,7,18.0,18,0,0,0,zero,
happo,shock,0,4,2,7,17.0,17,0,20,20,zero,
happo,shock,0,5,0,7,26.0,26,0,6,6,zero,
happo,shock,0,5,1,7,20.0,20,0,1,1,zero,
happo,shock,0,5,2,7,16.0,16,0,3,3,zero,
happo,shock,0,6,0,7,29.0,29,0,0,0,zero,
happo,shock,0,6,1,7,37.0,37,0,1,1,zero,
happo,shock,0,6,2,7,17.0,17,0,0,0,zero,
happo,shock,0,7,0,7,22.0,22,0,0,0,zero,
happo,shock,0,7,1,7,45.0,45,0,1,1,zero,
happo,shock,0,7,2,7,35.0,35,0,0,0,zero,
happo,shock,0,8,0,7,21.0,21,0,11,11,zero,
happo,shock,0,8,1,7,34.0,34,0,0,0,zero,
happo,shock,0,8,2,7,55.0,55,0,0,0,zero,
happo,shock,0,9,0,7,20.0,20,0,11,11,zero,
happo,shock,0,9,1,7,24.0,24,0,4,4,zero,
happo,shock,0,9,2,7,54.0,54,0,0,0,zero,
happo,shock,0,10,0,7,13.0,13,0,0,0,zero,
happo,shock,0,10,1,7,25.0,25,0,17,17,zero,
happo,shock,0,10,2,7,37.0,37,0,0,0,zero,
happo,shock,0,11,0,6,7.0,7,0,0,0,zero,
happo,shock,0,11,1,6,26.0,26,0,0,0,zero,
happo,shock,0,11,2,6,37.0,37,0,2,2,zero,
happo,shock,0,12,0,5,13.0,13,0,6,6,zero,
happo,shock,0,12,1,5,20.0,20,0,0,0,zero,
happo,shock,0,12,2,5,37.0,37,0,0,0,zero,
happo,shock,0,13,0,5,19.0,19,0,0,0,zero,
happo,shock,0,13,1,5,24.0,24,0,0,0,zero,
happo,shock,0,13,2,5,37.0,37,0,0,0,zero,
happo,shock,0,14,0,5,14.0,14,0,0,0,zero,
happo,shock,0,14,1,5,41.0,41,0,0,0,zero,
happo,shock,0,14,2,5,37.0,37,0,0,0,zero,
happo,shock,0,15,0,4,10.0,10,0,11,11,zero,
happo,shock,0,15,1,4,30.0,30,0,0,0,zero,
happo,shock,0,15,2,4,39.0,39,0,0,0,zero,
happo,shock,0,16,0,4,12.0,12,0,0,0,zero,
happo,shock,0,16,1,4,30.0,30,0,7,7,zero,
happo,shock,0,16,2,4,32.0,32,0,0,0,zero,
happo,shock,0,17,0,4,8.0,8,0,0,0,zero,
happo,shock,0,17,1,4,30.0,30,0,0,0,zero,
happo,shock,0,17,2,4,32.0,32,0,0,0,zero,
happo,shock,0,18,0,4,4.0,4,0,0,0,zero,
happo,shock,0,18,1,4,30.0,30,0,0,0,zero,
happo,shock,0,18,2,4,32.0,32,0,0,0,zero,
happo,shock,0,19,0,4,11.0,11,0,4,4,zero,
happo,shock,0,19,1,4,26.0,26,0,0,0,zero,
happo,shock,0,19,2,4,32.0,32,0,0,0,zero,
happo,shock,0,20,0,5,6.0,6,0,11,11,zero,
happo,shock,0,20,1,5,22.0,22,0,0,0,zero,
happo,shock,0,20,2,5,32.0,32,0,0,0,zero,
happo,shock,0,21,0,5,1.0,1,0,12,12,zero,
happo,shock,0,21,1,5,10.0,10,0,16,16,zero,
happo,shock,0,21,2,5,16.0,16,0,0,0,zero,
happo,shock,0,22,0,6,5.0,0,5,1,1,zero,
happo,shock,0,22,1,6,9.0,9,0,16,16,zero,
happo,shock,0,22,2,6,-0.0,0,0,2,2,zero,
happo,shock,0,23,0,5,6.0,0,6,2,2,zero,
happo,shock,0,23,1,5,7.0,7,0,0,0,zero,
happo,shock,0,23,2,5,-0.0,0,0,19,19,zero,
happo,shock,0,24,0,5,-0.0,0,0,4,4,zero,
happo,shock,0,24,1,5,3.0,3,0,0,0,zero,
happo,shock,0,24,2,5,-0.0,0,0,16,16,zero,
happo,shock,0,25,0,5,7.0,7,0,4,4,zero,
happo,shock,0,25,1,5,15.0,15,0,0,0,zero,
happo,shock,0,25,2,5,-0.0,0,0,0,0,zero,
happo,shock,0,26,0,5,3.0,3,0,12,12,zero,
happo,shock,0,26,1,5,19.0,19,0,0,0,zero,
happo,shock,0,26,2,5,2.0,2,0,0,0,zero,
happo,shock,0,27,0,5,-0.0,0,0,2,2,zero,
happo,shock,0,27,1,5,17.0,17,0,17,17,zero,
happo,shock,0,27,2,5,4.0,4,0,0,0,zero,
happo,shock,0,28,0,5,1.0,0,1,2,2,zero,
happo,shock,0,28,1,5,15.0,15,0,0,0,zero,
happo,shock,0,28,2,5,20.0,20,0,16,16,zero,
happo,shock,0,29,0,5,2.0,0,2,4,4,zero,
happo,shock,0,29,1,5,11.0,11,0,0,0,zero,
happo,shock,0,29,2,5,20.0,20,0,0,0,zero,
happo,shock,0,30,0,5,5.0,5,0,4,4,zero,
happo,shock,0,30,1,5,7.0,7,0,0,0,zero,
happo,shock,0,30,2,5,20.0,20,0,0,0,zero,
happo,shock,0,31,0,5,2.0,2,0,12,12,zero,
happo,shock,0,31,1,5,12.0,12,0,8,8,zero,
happo,shock,0,31,2,5,12.0,12,0,0,0,zero,
happo,shock,0,32,0,5,1.0,0,1,4,4,zero,
happo,shock,0,32,1,5,8.0,8,0,17,17,zero,
happo,shock,0,32,2,5,11.0,11,0,0,0,zero,
happo,shock,0,33,0,5,2.0,0,2,2,2,zero,
happo,shock,0,33,1,5,6.0,6,0,0,0,zero,
happo,shock,0,33,2,5,11.0,11,0,19,19,zero,
happo,shock,0,34,0,5,3.0,0,3,4,4,zero,
happo,shock,0,34,1,5,2.0,2,0,0,0,zero,
happo,shock,0,34,2,5,11.0,11,0,0,0,zero,
happo,shock,0,35,0,5,4.0,4,0,4,4,zero,
happo,shock,0,35,1,5,6.0,6,0,0,0,zero,
happo,shock,0,35,2,5,11.0,11,0,0,0,zero,
happo,shock,0,36,0,4,4.0,4,0,12,12,zero,
happo,shock,0,36,1,4,11.0,11,0,0,0,zero,
happo,shock,0,36,2,4,11.0,11,0,0,0,zero,
happo,shock,0,37,0,5,1.0,1,0,1,1,zero,
happo,shock,0,37,1,5,10.0,10,0,17,17,zero,
happo,shock,0,37,2,5,13.0,13,0,0,0,zero,
happo,shock,0,38,0,4,1.0,1,0,2,2,zero,
happo,shock,0,38,1,4,8.0,8,0,0,0,zero,
happo,shock,0,38,2,4,13.0,13,0,19,19,zero,
happo,shock,0,39,0,4,1.0,1,0,4,4,zero,
happo,shock,0,39,1,4,4.0,4,0,0,0,zero,
happo,shock,0,39,2,4,13.0,13,0,0,0,zero,
happo,shock,0,40,0,4,9.0,9,0,4,4,zero,
happo,shock,0,40,1,4,-0.0,0,0,8,8,zero,
happo,shock,0,40,2,4,5.0,5,0,0,0,zero,
happo,shock,0,41,0,4,6.0,6,0,0,0,zero,
happo,shock,0,41,1,4,17.0,17,0,8,8,zero,
happo,shock,0,41,2,4,3.0,0,3,0,0,zero,
happo,shock,0,42,0,3,5.0,5,0,6,6,zero,
happo,shock,0,42,1,3,11.0,11,0,0,0,zero,
happo,shock,0,42,2,3,16.0,16,0,19,19,zero,
happo,shock,0,43,0,4,5.0,5,0,6,6,zero,
happo,shock,0,43,1,4,5.0,5,0,7,7,zero,
happo,shock,0,43,2,4,9.0,9,0,0,0,zero,
happo,shock,0,44,0,4,5.0,5,0,0,0,zero,
happo,shock,0,44,1,4,13.0,13,0,8,8,zero,
happo,shock,0,44,2,4,1.0,1,0,0,0,zero,
happo,shock,0,45,0,4,1.0,1,0,0,0,zero,
happo,shock,0,45,1,4,18.0,18,0,0,0,zero,
happo,shock,0,45,2,4,1.0,1,0,2,2,zero,
happo,shock,0,46,0,5,2.0,2,0,6,6,zero,
happo,shock,0,46,1,5,15.0,15,0,0,0,zero,
happo,shock,0,46,2,5,20.0,20,0,0,0,zero,
happo,shock,0,47,0,6,2.0,2,0,10,10,zero,
happo,shock,0,47,1,6,12.0,12,0,0,0,zero,
happo,shock,0,47,2,6,20.0,20,0,0,0,zero,
happo,shock,0,48,0,6,4.0,0,4,12,12,zero,
happo,shock,0,48,1,6,8.0,8,0,16,16,zero,
happo,shock,0,48,2,6,4.0,4,0,0,0,zero,
happo,shock,0,49,0,5,9.0,0,9,2,2,zero,
happo,shock,0,49,1,5,6.0,6,0,16,16,zero,
happo,shock,0,49,2,5,10.0,0,10,19,19,zero,
happo,shock,0,50,0,6,9.0,0,9,4,4,zero,
happo,shock,0,50,1,6,2.0,2,0,0,0,zero,
happo,shock,0,50,2,6,10.0,0,10,20,20,zero,
happo,shock,0,51,0,5,4.0,0,4,6,6,zero,
happo,shock,0,51,1,5,4.0,0,4,8,8,zero,
happo,shock,0,51,2,5,18.0,0,18,4,4,zero,
happo,shock,0,52,0,6,2.0,2,0,6,6,zero,
happo,shock,0,52,1,6,6.0,6,0,11,11,zero,
happo,shock,0,52,2,6,29.0,0,29,18,18,zero,
happo,shock,0,53,0,5,1.0,0,1,10,10,zero,
happo,shock,0,53,1,5,2.0,2,0,11,11,zero,
happo,shock,0,53,2,5,21.0,0,21,0,0,zero,
happo,shock,0,54,0,5,2.0,0,2,2,2,zero,
happo,shock,0,54,1,5,-0.0,0,0,0,0,zero,
happo,shock,0,54,2,5,1.0,0,1,19,19,zero,
happo,shock,0,55,0,6,6.0,0,6,4,4,zero,
happo,shock,0,55,1,6,4.0,0,4,0,0,zero,
happo,shock,0,55,2,6,3.0,3,0,4,4,zero,
happo,shock,0,56,0,5,1.0,0,1,6,6,zero,
happo,shock,0,56,1,5,10.0,0,10,0,0,zero,
happo,shock,0,56,2,5,21.0,21,0,0,0,zero,
happo,shock,0,57,0,5,4.0,4,0,6,6,zero,
happo,shock,0,57,1,5,3.0,3,0,8,8,zero,
happo,shock,0,57,2,5,13.0,13,0,0,0,zero,
happo,shock,0,58,0,5,1.0,1,0,6,6,zero,
happo,shock,0,58,1,5,17.0,17,0,11,11,zero,
happo,shock,0,58,2,5,21.0,21,0,0,0,zero,
happo,shock,0,59,0,5,4.0,0,4,2,2,zero,
happo,shock,0,59,1,5,16.0,16,0,0,0,zero,
happo,shock,0,59,2,5,25.0,25,0,19,19,zero,
happo,shock,0,60,0,5,9.0,0,9,4,4,zero,
happo,shock,0,60,1,5,12.0,12,0,0,0,zero,
happo,shock,0,60,2,5,25.0,25,0,0,0,zero,
happo,shock,0,61,0,4,3.0,3,0,4,4,zero,
happo,shock,0,61,1,4,16.0,16,0,1,1,zero,
happo,shock,0,61,2,4,24.0,24,0,0,0,zero,
happo,shock,0,62,0,4,5.0,5,0,1,1,zero,
happo,shock,0,62,1,4,26.0,26,0,1,1,zero,
happo,shock,0,62,2,4,23.0,23,0,0,0,zero,
happo,shock,0,63,0,4,3.0,3,0,6,6,zero,
happo,shock,0,63,1,4,20.0,20,0,0,0,zero,
happo,shock,0,63,2,4,42.0,42,0,0,0,zero,
happo,shock,0,64,0,4,3.0,3,0,10,10,zero,
happo,shock,0,64,1,4,10.0,10,0,7,7,zero,
happo,shock,0,64,2,4,35.0,35,0,0,0,zero,
happo,shock,0,65,0,4,3.0,3,0,1,1,zero,
happo,shock,0,65,1,4,10.0,10,0,17,17,zero,
happo,shock,0,65,2,4,18.0,18,0,0,0,zero,
happo,shock,0,66,0,5,1.0,0,1,0,0,zero,
happo,shock,0,66,1,5,11.0,11,0,0,0,zero,
happo,shock,0,66,2,5,18.0,18,0,16,16,zero,
happo,shock,0,67,0,5,-0.0,0,0,4,4,zero,
happo,shock,0,67,1,5,7.0,7,0,0,0,zero,
happo,shock,0,67,2,5,18.0,18,0,0,0,zero,
happo,shock,0,68,0,5,5.0,5,0,6,6,zero,
happo,shock,0,68,1,5,8.0,8,0,0,0,zero,
happo,shock,0,68,2,5,18.0,18,0,0,0,zero,
happo,shock,0,69,0,5,1.0,1,0,12,12,zero,
happo,shock,0,69,1,5,13.0,13,0,8,8,zero,
happo,shock,0,69,2,5,10.0,10,0,0,0,zero,
happo,shock,0,70,0,5,4.0,0,4,2,2,zero,
happo,shock,0,70,1,5,11.0,11,0,17,17,zero,
happo,shock,0,70,2,5,9.0,9,0,0,0,zero,
happo,shock,0,71,0,4,4.0,0,4,2,2,zero,
happo,shock,0,71,1,4,9.0,9,0,0,0,zero,
happo,shock,0,71,2,4,9.0,9,0,19,19,zero,
happo,shock,0,72,0,4,2.0,0,2,4,4,zero,
happo,shock,0,72,1,4,5.0,5,0,0,0,zero,
happo,shock,0,72,2,4,9.0,9,0,2,2,zero,
happo,shock,0,73,0,4,6.0,6,0,2,2,zero,
happo,shock,0,73,1,4,11.0,11,0,0,0,zero,
happo,shock,0,73,2,4,9.0,9,0,0,0,zero,
happo,shock,0,74,0,4,4.0,4,0,6,6,zero,
happo,shock,0,74,1,4,22.0,22,0,0,0,zero,
happo,shock,0,74,2,4,9.0,9,0,0,0,zero,
happo,shock,0,75,0,4,2.0,2,0,10,10,zero,
happo,shock,0,75,1,4,12.0,12,0,0,0,zero,
happo,shock,0,75,2,4,28.0,28,0,0,0,zero,
happo,shock,0,76,0,4,2.0,2,0,1,1,zero,
happo,shock,0,76,1,4,11.0,11,0,17,17,zero,
happo,shock,0,76,2,4,13.0,13,0,0,0,zero,
happo,shock,0,77,0,4,-0.0,0,0,1,1,zero,
happo,shock,0,77,1,4,10.0,10,0,0,0,zero,
happo,shock,0,77,2,4,13.0,13,0,16,16,zero,
happo,shock,0,78,0,3,3.0,3,0,4,4,zero,
happo,shock,0,78,1,3,6.0,6,0,0,0,zero,
happo,shock,0,78,2,3,13.0,13,0,0,0,zero,
happo,shock,0,79,0,3,10.0,10,0,1,1,zero,
happo,shock,0,79,1,3,5.0,5,0,0,0,zero,
happo,shock,0,79,2,3,13.0,13,0,0,0,zero,
happo,shock,0,80,0,3,8.0,8,0,0,0,zero,
happo,shock,0,80,1,3,22.0,22,0,0,0,zero,
happo,shock,0,80,2,3,13.0,13,0,0,0,zero,
happo,shock,0,81,0,3,6.0,6,0,0,0,zero,
happo,shock,0,81,1,3,22.0,22,0,0,0,zero,
happo,shock,0,81,2,3,29.0,29,0,0,0,zero,
happo,shock,0,82,0,3,7.0,7,0,6,6,zero,
happo,shock,0,82,1,3,16.0,16,0,0,0,zero,
happo,shock,0,82,2,3,29.0,29,0,0,0,zero,
happo,shock,0,83,0,5,3.0,3,0,10,10,zero,
happo,shock,0,83,1,5,6.0,6,0,7,7,zero,
happo,shock,0,83,2,5,22.0,22,0,0,0,zero,
happo,shock,0,84,0,3,-0.0,0,0,12,12,zero,
happo,shock,0,84,1,3,6.0,0,6,16,16,zero,
happo,shock,0,84,2,3,6.0,6,0,0,0,zero,
happo,shock,0,85,0,3,3.0,0,3,1,1,zero,85
happo,shock,0,85,1,3,7.0,0,7,8,8,zero,85
happo,shock,0,85,2,3,2.0,0,2,19,19,zero,85
happo,shock,0,86,0,3,-0.0,0,0,1,1,zero,85
happo,shock,0,86,1,3,8.0,0,8,0,0,zero,85
happo,shock,0,86,2,3,2.0,0,2,20,20,zero,85
happo,shock,0,87,0,3,7.0,7,0,1,1,zero,85
happo,shock,0,87,1,3,2.0,0,2,0,0,zero,85
happo,shock,0,87,2,3,2.0,0,2,4,4,zero,85
happo,shock,0,88,0,3,10.0,10,0,1,1,zero,85
happo,shock,0,88,1,3,13.0,13,0,0,0,zero,85
happo,shock,0,88,2,3,2.0,0,2,0,0,zero,85
happo,shock,0,89,0,3,7.0,7,0,0,0,zero,85
happo,shock,0,89,1,3,19.0,19,0,0,0,zero,85
happo,shock,0,89,2,3,17.0,17,0,0,0,zero,85
happo,shock,0,90,0,3,4.0,4,0,0,0,zero,85
happo,shock,0,90,1,3,19.0,19,0,0,0,zero,85
happo,shock,0,90,2,3,37.0,37,0,0,0,zero,85
happo,shock,0,91,0,3,8.0,8,0,0,0,zero,85
happo,shock,0,91,1,3,19.0,19,0,0,0,zero,85
happo,shock,0,91,2,3,41.0,41,0,0,0,zero,85
happo,shock,0,92,0,3,8.0,8,0,6,6,zero,85
happo,shock,0,92,1,3,13.0,13,0,0,0,zero,85
happo,shock,0,92,2,3,41.0,41,0,0,0,zero,85
happo,shock,0,93,0,3,5.0,5,0,10,10,zero,85
happo,shock,0,93,1,3,5.0,5,0,0,0,zero,85
happo,shock,0,93,2,3,41.0,41,0,0,0,zero,85
happo,shock,0,94,0,3,2.0,2,0,0,0,zero,85
happo,shock,0,94,1,3,5.0,5,0,16,16,zero,85
happo,shock,0,94,2,3,25.0,25,0,0,0,zero,85
happo,shock,0,95,0,3,1.0,0,1,0,0,zero,85
happo,shock,0,95,1,3,5.0,5,0,0,0,zero,85
happo,shock,0,95,2,3,25.0,25,0,0,0,zero,85
happo,shock,0,96,0,3,2.0,2,0,1,1,zero,85
happo,shock,0,96,1,3,4.0,4,0,0,0,zero,85
happo,shock,0,96,2,3,25.0,25,0,0,0,zero,85
happo,shock,0,97,0,3,9.0,9,0,1,1,zero,85
happo,shock,0,97,1,3,3.0,3,0,0,0,zero,85
happo,shock,0,97,2,3,25.0,25,0,0,0,zero,85
happo,shock,0,98,0,3,6.0,6,0,4,4,zero,85
happo,shock,0,98,1,3,15.0,15,0,0,0,zero,85
happo,shock,0,98,2,3,25.0,25,0,0,0,zero,85
happo,shock,0,99,0,3,3.0,3,0,11,11,zero,85
happo,shock,0,99,1,3,4.0,4,0,0,0,zero,85
happo,shock,0,99,2,3,25.0,25,0,0,0,zero,85
happo,shock,0,100,0,3,1.0,1,0,1,1,zero,85
happo,shock,0,100,1,3,3.0,3,0,17,17,zero,85
happo,shock,0,100,2,3,8.0,8,0,0,0,zero,85
happo,shock,0,101,0,3,1.0,0,1,0,0,zero,85
happo,shock,0,101,1,3,3.0,3,0,0,0,zero,85
happo,shock,0,101,2,3,8.0,8,0,16,16,zero,85
happo,shock,0,102,0,3,-0.0,0,0,1,1,zero,85
happo,shock,0,102,1,3,2.0,2,0,0,0,zero,85
happo,shock,0,102,2,3,8.0,8,0,0,0,zero,85
happo,shock,0,103,0,2,9.0,9,0,1,1,zero,85
happo,shock,0,103,1,2,1.0,1,0,0,0,zero,85
happo,shock,0,103,2,2,8.0,8,0,0,0,zero,85
happo,shock,0,104,0,2,8.0,8,0,0,0,zero,85
happo,shock,0,104,1,2,18.0,18,0,0,0,zero,85
happo,shock,0,104,2,2,8.0,8,0,0,0,zero,85
happo,shock,0,105,0,2,6.0,6,0,0,0,zero,85
happo,shock,0,105,1,2,18.0,18,0,0,0,zero,85
happo,shock,0,105,2,2,24.0,24,0,0,0,zero,85
happo,shock,0,106,0,2,5.0,5,0,0,0,zero,85
happo,shock,0,106,1,2,18.0,18,0,0,0,zero,85
happo,shock,0,106,2,2,24.0,24,0,0,0,zero,85
happo,shock,0,107,0,2,4.0,4,0,6,6,zero,85
happo,shock,0,107,1,2,12.0,12,0,0,0,zero,85
happo,shock,0,107,2,2,24.0,24,0,0,0,zero,85
happo,shock,0,108,0,2,2.0,2,0,0,0,zero,85
happo,shock,0,108,1,2,12.0,12,0,7,7,zero,85
happo,shock,0,108,2,2,17.0,17,0,0,0,zero,85
happo,shock,0,109,0,2,-0.0,0,0,0,0,zero,85
happo,shock,0,109,1,2,12.0,12,0,0,0,zero,85
happo,shock,0,109,2,2,17.0,17,0,0,0,zero,85
happo,shock,0,110,0,2,2.0,0,2,1,1,zero,85
happo,shock,0,110,1,2,11.0,11,0,0,0,zero,85
happo,shock,0,110,2,2,17.0,17,0,0,0,zero,85
happo,shock,0,111,0,3,1.0,1,0,1,1,zero,85
happo,shock,0,111,1,3,10.0,10,0,0,0,zero,85
happo,shock,0,111,2,3,17.0,17,0,0,0,zero,85
happo,shock,0,112,0,2,1.0,0,1,6,6,zero,85
happo,shock,0,112,1,2,11.0,11,0,0,0,zero,85
happo,shock,0,112,2,2,17.0,17,0,0,0,zero,85
happo,shock,0,113,0,2,3.0,0,3,2,2,zero,85
happo,shock,0,113,1,2,9.0,9,0,7,7,zero,85
happo,shock,0,113,2,2,10.0,10,0,0,0,zero,85
happo,shock,0,114,0,3,5.0,0,5,0,0,zero,85
happo,shock,0,114,1,3,9.0,9,0,0,0,zero,85
happo,shock,0,114,2,3,10.0,10,0,16,16,zero,85
happo,shock,0,115,0,3,7.0,0,7,4,4,zero,85
happo,shock,0,115,1,3,5.0,5,0,0,0,zero,85
happo,shock,0,115,2,3,10.0,10,0,0,0,zero,85
happo,shock,0,116,0,3,4.0,0,4,4,4,zero,85
happo,shock,0,116,1,3,1.0,1,0,7,7,zero,85
happo,shock,0,116,2,3,3.0,3,0,0,0,zero,85
happo,shock,0,117,0,3,5.0,0,5,4,4,zero,85
happo,shock,0,117,1,3,4.0,4,0,0,0,zero,85
happo,shock,0,117,2,3,3.0,3,0,0,0,zero,85
happo,shock,0,118,0,4,9.0,0,9,6,6,zero,85
happo,shock,0,118,1,4,2.0,0,2,8,8,zero,85
happo,shock,0,118,2,4,11.0,11,0,0,0,zero,85
happo,shock,0,119,0,4,9.0,0,9,6,6,zero,85
happo,shock,0,119,1,4,8.0,0,8,13,13,zero,85
happo,shock,0,119,2,4,2.0,0,2,19,19,zero,85
happo,shock,0,120,0,4,9.0,0,9,6,6,zero,85
happo,shock,0,120,1,4,7.0,0,7,0,0,zero,85
happo,shock,0,120,2,4,2.0,0,2,20,20,zero,85
happo,shock,0,121,0,3,8.0,0,8,6,6,zero,85
happo,shock,0,121,1,3,13.0,0,13,16,16,zero,85
happo,shock,0,121,2,3,18.0,0,18,3,3,zero,85
happo,shock,0,122,0,5,9.0,0,9,6,6,zero,85
happo,shock,0,122,1,5,11.0,0,11,8,8,zero,85
happo,shock,0,122,2,5,26.0,0,26,18,18,zero,85
happo,shock,0,123,0,4,13.0,0,13,6,6,zero,85
happo,shock,0,123,1,4,6.0,0,6,11,11,zero,85
happo,shock,0,123,2,4,18.0,0,18,0,0,zero,85
happo,shock,0,124,0,5,11.0,0,11,6,6,zero,85
happo,shock,0,124,1,5,12.0,0,12,0,0,zero,85
happo,shock,0,124,2,5,2.0,2,0,19,19,zero,85
happo,shock,0,125,0,5,16.0,0,16,6,6,zero,85
happo,shock,0,125,1,5,18.0,0,18,0,0,zero,85
happo,shock,0,125,2,5,5.0,5,0,4,4,zero,85
happo,shock,0,126,0,6,14.0,0,14,6,6,zero,85
happo,shock,0,126,1,6,24.0,0,24,16,16,zero,85
happo,shock,0,126,2,6,7.0,7,0,0,0,zero,85
happo,shock,0,127,0,6,9.0,0,9,11,11,zero,85
happo,shock,0,127,1,6,16.0,0,16,0,0,zero,85
happo,shock,0,127,2,6,7.0,7,0,2,2,zero,85
happo,shock,0,128,0,6,15.0,0,15,6,6,zero,85
happo,shock,0,128,1,6,4.0,0,4,16,16,zero,85
happo,shock,0,128,2,6,10.0,10,0,0,0,zero,85
happo,shock,0,129,0,6,21.0,0,21,0,0,zero,85
happo,shock,0,129,1,6,4.0,0,4,8,8,zero,85
happo,shock,0,129,2,6,6.0,6,0,19,19,zero,85
happo,shock,0,130,0,6,27.0,0,27,6,6,zero,85
happo,shock,0,130,1,6,6.0,6,0,0,0,zero,85
happo,shock,0,130,2,6,6.0,6,0,20,20,zero,85
happo,shock,0,131,0,5,13.0,0,13,6,6,zero,85
happo,shock,0,131,1,5,-0.0,0,0,8,8,zero,85
happo,shock,0,131,2,5,-0.0,0,0,3,3,zero,85
happo,shock,0,132,0,5,-0.0,0,0,6,6,zero,85
happo,shock,0,132,1,5,10.0,10,0,8,8,zero,85
happo,shock,0,132,2,5,8.0,0,8,0,0,zero,85
happo,shock,0,133,0,5,5.0,0,5,6,6,zero,85
happo,shock,0,133,1,5,12.0,12,0,11,11,zero,85
happo,shock,0,133,2,5,-0.0,0,0,18,18,zero,85
happo,shock,0,134,0,5,-0.0,0,0,6,6,zero,85
happo,shock,0,134,1,5,6.0,6,0,0,0,zero,85
happo,shock,0,134,2,5,20.0,20,0,3,3,zero,85
happo,shock,0,135,0,5,1.0,1,0,6,6,zero,85
happo,shock,0,135,1,5,8.0,8,0,0,0,zero,85
happo,shock,0,135,2,5,23.0,23,0,0,0,zero,85
happo,shock,0,136,0,6,1.0,1,0,6,6,zero,85
happo,shock,0,136,1,6,2.0,2,0,16,16,zero,85
happo,shock,0,136,2,6,7.0,7,0,0,0,zero,85
happo,shock,0,137,0,6,1.0,1,0,10,10,zero,85
happo,shock,0,137,1,6,11.0,11,0,0,0,zero,85
happo,shock,0,137,2,6,25.0,25,0,19,19,zero,85
happo,shock,0,138,0,5,2.0,2,0,6,6,zero,85
happo,shock,0,138,1,5,5.0,5,0,16,16,zero,85
happo,shock,0,138,2,5,12.0,12,0,0,0,zero,85
happo,shock,0,139,0,5,3.0,3,0,2,2,zero,85
happo,shock,0,139,1,5,3.0,3,0,8,8,zero,85
happo,shock,0,139,2,5,4.0,4,0,16,16,zero,85
happo,shock,0,140,0,6,3.0,3,0,6,6,zero,85
happo,shock,0,140,1,6,13.0,13,0,0,0,zero,85
happo,shock,0,140,2,6,4.0,4,0,15,15,zero,85
happo,shock,0,141,0,6,7.0,7,0,10,10,zero,85
happo,shock,0,141,1,6,3.0,3,0,0,0,zero,85
happo,shock,0,141,2,6,23.0,23,0,0,0,zero,85
happo,shock,0,142,0,5,8.0,8,0,6,6,zero,85
happo,shock,0,142,1,5,13.0,13,0,16,16,zero,85
happo,shock,0,142,2,5,7.0,7,0,0,0,zero,85
happo,shock,0,143,0,5,5.0,5,0,0,0,zero,85
happo,shock,0,143,1,5,21.0,21,0,0,0,zero,85
happo,shock,0,143,2,5,23.0,23,0,2,2,zero,85
happo,shock,0,144,0,5,6.0,6,0,6,6,zero,85
happo,shock,0,144,1,5,15.0,15,0,0,0,zero,85
happo,shock,0,144,2,5,38.0,38,0,0,0,zero,85
happo,shock,0,145,0,6,10.0,10,0,6,6,zero,85
happo,shock,0,145,1,6,9.0,9,0,7,7,zero,85
happo,shock,0,145,2,6,31.0,31,0,0,0,zero,85
happo,shock,0,146,0,6,10.0,10,0,6,6,zero,85
happo,shock,0,146,1,6,19.0,19,0,7,7,zero,85
happo,shock,0,146,2,6,24.0,24,0,0,0,zero,85
happo,shock,0,147,0,5,5.0,5,0,11,11,zero,85
happo,shock,0,147,1,5,8.0,8,0,8,8,zero,85
happo,shock,0,147,2,5,18.0,18,0,16,16,zero,85
happo,shock,0,148,0,5,6.0,6,0,0,0,zero,85
happo,shock,0,148,1,5,8.0,8,0,17,17,zero,85
happo,shock,0,148,2,5,1.0,1,0,0,0,zero,85
happo,shock,0,149,0,5,7.0,7,0,0,0,zero,85
happo,shock,0,149,1,5,15.0,15,0,0,0,zero,85
happo,shock,0,149,2,5,1.0,1,0,19,19,zero,85
happo,shock,0,150,0,5,8.0,8,0,6,6,zero,85
happo,shock,0,150,1,5,16.0,16,0,0,0,zero,85
happo,shock,0,150,2,5,1.0,1,0,16,16,zero,85
happo,shock,0,151,0,5,14.0,14,0,6,6,zero,85
happo,shock,0,151,1,5,18.0,18,0,0,0,zero,85
happo,shock,0,151,2,5,17.0,17,0,0,0,zero,85
happo,shock,0,152,0,5,9.0,9,0,0,0,zero,85
happo,shock,0,152,1,5,35.0,35,0,1,1,zero,85
happo,shock,0,152,2,5,16.0,16,0,0,0,zero,85
happo,shock,0,153,0,5,4.0,4,0,6,6,zero,85
happo,shock,0,153,1,5,29.0,29,0,0,0,zero,85
happo,shock,0,153,2,5,35.0,35,0,0,0,zero,85
happo,shock,0,154,0,4,6.0,6,0,10,10,zero,85
happo,shock,0,154,1,4,19.0,19,0,0,0,zero,85
happo,shock,0,154,2,4,51.0,51,0,0,0,zero,85
happo,shock,0,155,0,5,7.0,7,0,0,0,zero,85
happo,shock,0,155,1,5,19.0,19,0,17,17,zero,85
happo,shock,0,155,2,5,34.0,34,0,0,0,zero,85
happo,shock,0,156,0,5,2.0,2,0,0,0,zero,85
happo,shock,0,156,1,5,20.0,20,0,0,0,zero,85
happo,shock,0,156,2,5,34.0,34,0,2,2,zero,85
happo,shock,0,157,0,5,3.0,3,0,6,6,zero,85
happo,shock,0,157,1,5,14.0,14,0,0,0,zero,85
happo,shock,0,157,2,5,34.0,34,0,0,0,zero,85
happo,shock,0,158,0,4,9.0,9,0,6,6,zero,85
happo,shock,0,158,1,4,8.0,8,0,7,7,zero,85
happo,shock,0,158,2,4,27.0,27,0,0,0,zero,85
happo,shock,0,159,0,4,5.0,5,0,0,0,zero,85
happo,shock,0,159,1,4,25.0,25,0,7,7,zero,85
happo,shock,0,159,2,4,20.0,20,0,0,0,zero,85
happo,shock,0,160,0,4,1.0,1,0,0,0,zero,85
happo,shock,0,160,1,4,25.0,25,0,0,0,zero,85
happo,shock,0,160,2,4,22.0,22,0,16,16,zero,85
happo,shock,0,161,0,5,2.0,2,0,6,6,zero,85
happo,shock,0,161,1,5,19.0,19,0,0,0,zero,85
happo,shock,0,161,2,5,22.0,22,0,0,0,zero,85
happo,shock,0,162,0,5,3.0,3,0,10,10,zero,85
happo,shock,0,162,1,5,16.0,16,0,0,0,zero,85
happo,shock,0,162,2,5,22.0,22,0,0,0,zero,85
happo,shock,0,163,0,6,3.0,0,3,10,10,zero,85
happo,shock,0,163,1,6,13.0,13,0,16,16,zero,85
happo,shock,0,163,2,6,6.0,6,0,0,0,zero,85
happo,shock,0,164,0,6,9.0,0,9,6,6,zero,85
happo,shock,0,164,1,6,7.0,7,0,8,8,zero,85
happo,shock,0,164,2,6,14.0,14,0,16,16,zero,85
happo,shock,0,165,0,5,8.0,0,8,6,6,zero,85
happo,shock,0,165,1,5,1.0,1,0,0,0,zero,85
happo,shock,0,165,2,5,14.0,14,0,0,0,zero,85
happo,shock,0,166,0,5,3.0,0,3,2,2,zero,85
happo,shock,0,166,1,5,1.0,0,1,7,7,zero,85
happo,shock,0,166,2,5,7.0,7,0,0,0,zero,85
happo,shock,0,167,0,5,2.0,2,0,4,4,zero,85
happo,shock,0,167,1,5,11.0,11,0,0,0,zero,85
happo,shock,0,167,2,5,7.0,7,0,0,0,zero,85
happo,shock,0,168,0,6,2.0,2,0,10,10,zero,85
happo,shock,0,168,1,6,9.0,9,0,0,0,zero,85
happo,shock,0,168,2,6,23.0,23,0,0,0,zero,85
happo,shock,0,169,0,7,1.0,1,0,6,6,zero,85
happo,shock,0,169,1,7,3.0,3,0,17,17,zero,85
happo,shock,0,169,2,7,6.0,6,0,0,0,zero,85
happo,shock,0,170,0,7,5.0,0,5,12,12,zero,85
happo,shock,0,170,1,7,2.0,0,2,0,0,zero,85
happo,shock,0,170,2,7,6.0,6,0,19,19,zero,85
happo,shock,0,171,0,7,7.0,0,7,10,10,zero,85
happo,shock,0,171,1,7,12.0,0,12,17,17,zero,85
happo,shock,0,171,2,7,11.0,0,11,0,0,zero,85
happo,shock,0,172,0,7,4.0,0,4,6,6,zero,85
happo,shock,0,172,1,7,18.0,0,18,16,16,zero,85
happo,shock,0,172,2,7,27.0,0,27,19,19,zero,85
happo,shock,0,173,0,7,5.0,0,5,10,10,zero,85
happo,shock,0,173,1,7,11.0,0,11,11,11,zero,85
happo,shock,0,173,2,7,38.0,0,38,20,20,zero,85
happo,shock,0,174,0,7,2.0,0,2,6,6,zero,85
happo,shock,0,174,1,7,17.0,0,17,16,16,zero,85
happo,shock,0,174,2,7,35.0,0,35,20,20,zero,85
happo,shock,0,175,0,7,9.0,0,9,6,6,zero,85
happo,shock,0,175,1,7,17.0,0,17,8,8,zero,85
happo,shock,0,175,2,7,43.0,0,43,20,20,zero,85
happo,shock,0,176,0,7,16.0,0,16,6,6,zero,85
happo,shock,0,176,1,7,23.0,0,23,17,17,zero,85
happo,shock,0,176,2,7,41.0,0,41,0,0,zero,85
happo,shock,0,177,0,6,5.0,0,5,11,11,zero,85
happo,shock,0,177,1,6,34.0,0,34,0,0,zero,85
happo,shock,0,177,2,6,21.0,0,21,16,16,zero,85
happo,shock,0,178,0,6,11.0,0,11,11,11,zero,85
happo,shock,0,178,1,6,26.0,0,26,17,17,zero,85
happo,shock,0,178,2,6,18.0,0,18,0,0,zero,85
happo,shock,0,179,0,7,12.0,0,12,6,6,zero,85
happo,shock,0,179,1,7,32.0,0,32,16,16,zero,85
happo,shock,0,179,2,7,14.0,0,14,19,19,zero,85
happo,shock,0,180,0,6,18.0,0,18,6,6,zero,85
happo,shock,0,180,1,6,19.0,0,19,0,0,zero,85
happo,shock,0,180,2,6,14.0,0,14,20,20,zero,85
happo,shock,0,181,0,6,24.0,0,24,6,6,zero,85
happo,shock,0,181,1,6,5.0,0,5,4,4,zero,85
happo,shock,0,181,2,6,2.0,0,2,0,0,zero,85
happo,shock,0,182,0,8,13.0,0,13,0,0,zero,85
happo,shock,0,182,1,8,15.0,15,0,1,1,zero,85
happo,shock,0,182,2,8,3.0,0,3,0,0,zero,85
happo,shock,0,183,0,8,21.0,0,21,6,6,zero,85
happo,shock,0,183,1,8,29.0,29,0,1,1,zero,85
happo,shock,0,183,2,8,15.0,15,0,0,0,zero,85
happo,shock,0,184,0,9,11.0,0,11,6,6,zero,85
happo,shock,0,184,1,9,23.0,23,0,4,4,zero,85
happo,shock,0,184,2,9,31.0,31,0,0,0,zero,85
happo,shock,0,185,0,8,1.0,1,0,10,10,zero,85
happo,shock,0,185,1,8,29.0,29,0,1,1,zero,85
happo,shock,0,185,2,8,30.0,30,0,0,0,zero,85
happo,shock,0,186,0,8,2.0,0,2,10,10,zero,85
happo,shock,0,186,1,8,19.0,19,0,17,17,zero,85
happo,shock,0,186,2,8,13.0,13,0,0,0,zero,85
happo,shock,0,187,0,9,5.0,0,5,10,10,zero,85
happo,shock,0,187,1,9,13.0,13,0,16,16,zero,85
happo,shock,0,187,2,9,3.0,0,3,19,19,zero,85
happo,shock,0,188,0,9,8.0,0,8,10,10,zero,85
happo,shock,0,188,1,9,7.0,7,0,8,8,zero,85
happo,shock,0,188,2,9,11.0,0,11,20,20,zero,85
happo,shock,0,189,0,9,7.0,0,7,10,10,zero,85
happo,shock,0,189,1,9,2.0,0,2,16,16,zero,85
happo,shock,0,189,2,9,27.0,0,27,20,20,zero,85
happo,shock,0,190,0,8,5.0,0,5,12,12,zero,85
happo,shock,0,190,1,8,3.0,3,0,11,11,zero,85
happo,shock,0,190,2,8,38.0,0,38,20,20,zero,85
happo,shock,0,191,0,9,4.0,0,4,2,2,zero,85
happo,shock,0,191,1,9,14.0,14,0,16,16,zero,85
happo,shock,0,191,2,9,35.0,0,35,0,0,zero,85
happo,shock,0,192,0,10,4.0,0,4,12,12,zero,85
happo,shock,0,192,1,10,2.0,2,0,0,0,zero,85
happo,shock,0,192,2,10,15.0,0,15,16,16,zero,85
happo,shock,0,193,0,9,5.0,0,5,12,12,zero,85
happo,shock,0,193,1,9,10.0,0,10,0,0,zero,85
happo,shock,0,193,2,9,5.0,5,0,0,0,zero,85
happo,shock,0,194,0,10,1.0,0,1,12,12,zero,85
happo,shock,0,194,1,10,22.0,0,22,16,16,zero,85
happo,shock,0,194,2,10,9.0,9,0,0,0,zero,85
happo,shock,0,195,0,10,9.0,0,9,12,12,zero,85
happo,shock,0,195,1,10,15.0,0,15,7,7,zero,85
happo,shock,0,195,2,10,2.0,2,0,2,2,zero,85
happo,shock,0,196,0,10,7.0,0,7,10,10,zero,85
happo,shock,0,196,1,10,5.0,0,5,16,16,zero,85
happo,shock,0,196,2,10,2.0,2,0,19,19,zero,85
happo,shock,0,197,0,9,14.0,0,14,6,6,zero,85
happo,shock,0,197,1,9,4.0,4,0,1,1,zero,85
happo,shock,0,197,2,9,1.0,1,0,20,20,zero,85
happo,shock,0,198,0,11,25.0,0,25,6,6,zero,85
happo,shock,0,198,1,11,14.0,14,0,4,4,zero,85
happo,shock,0,198,2,11,3.0,0,3,3,3,zero,85
happo,shock,0,199,0,9,15.0,0,15,10,10,zero,85
happo,shock,0,199,1,9,11.0,11,0,16,16,zero,85
happo,shock,0,199,2,9,17.0,0,17,0,0,zero,85
happo,shock,0,200,0,10,5.0,0,5,10,10,zero,85
happo,shock,0,200,1,10,17.0,17,0,17,17,zero,85
happo,shock,0,200,2,10,15.0,0,15,16,16,zero,85
happo,shock,1,1,0,10,10.0,10,0,16,16,zero,
happo,shock,1,1,1,10,4.0,4,0,8,8,zero,
happo,shock,1,1,2,10,12.0,12,0,0,0,zero,
happo,shock,1,2,0,11,9.0,9,0,10,10,zero,
happo,shock,1,2,1,11,4.0,4,0,17,17,zero,
happo,shock,1,2,2,11,5.0,5,0,2,2,zero,
happo,shock,1,3,0,9,10.0,10,0,16,16,zero,
happo,shock,1,3,1,9,2.0,0,2,8,8,zero,
happo,shock,1,3,2,9,7.0,7,0,19,19,zero,
happo,shock,1,4,0,9,11.0,11,0,1,1,zero,
happo,shock,1,4,1,9,7.0,7,0,17,17,zero,
happo,shock,1,4,2,9,-0.0,0,0,20,20,zero,
happo,shock,1,5,0,8,19.0,19,0,6,6,zero,
happo,shock,1,5,1,8,9.0,9,0,0,0,zero,
happo,shock,1,5,2,8,-0.0,0,0,18,18,zero,
happo,shock,1,6,0,8,21.0,21,0,6,6,zero,
happo,shock,1,6,1,8,20.0,20,0,1,1,zero,
happo,shock,1,6,2,8,1.0,1,0,0,0,zero,
happo,shock,1,7,0,7,28.0,28,0,6,6,zero,
happo,shock,1,7,1,7,22.0,22,0,4,4,zero,
happo,shock,1,7,2,7,16.0,16,0,0,0,zero,
happo,shock,1,8,0,7,24.0,24,0,0,0,zero,
happo,shock,1,8,1,7,39.0,39,0,4,4,zero,
happo,shock,1,8,2,7,32.0,32,0,0,0,zero,
happo,shock,1,9,0,7,23.0,23,0,0,0,zero,
happo,shock,1,9,1,7,39.0,39,0,0,0,zero,
happo,shock,1,9,2,7,50.0,50,0,0,0,zero,
happo,shock,1,10,0,7,22.0,22,0,11,11,zero,
happo,shock,1,10,1,7,29.0,29,0,0,0,zero,
happo,shock,1,10,2,7,50.0,50,0,0,0,zero,
happo,shock,1,11,0,7,21.0,21,0,11,11,zero,
happo,shock,1,11,1,7,22.0,22,0,16,16,zero,
happo,shock,1,11,2,7,34.0,34,0,0,0,zero,
happo,shock,1,12,0,6,15.0,15,0,0,0,zero,
happo,shock,1,12,1,6,26.0,26,0,17,17,zero,
happo,shock,1,12,2,6,17.0,17,0,2,2,zero,
happo,shock,1,13,0,6,9.0,9,0,0,0,zero,
happo,shock,1,13,1,6,26.0,26,0,0,0,zero,
happo,shock,1,13,2,6,17.0,17,0,19,19,zero,
happo,shock,1,14,0,6,14.0,14,0,6,6,zero,
happo,shock,1,14,1,6,20.0,20,0,0,0,zero,
happo,shock,1,14,2,6,17.0,17,0,0,0,zero,
happo,shock,1,15,0,6,19.0,19,0,6,6,zero,
happo,shock,1,15,1,6,30.0,30,0,0,0,zero,
happo,shock,1,15,2,6,17.0,17,0,0,0,zero,
happo,shock,1,16,0,7,12.0,12,0,0,0,zero,
happo,shock,1,16,1,7,47.0,47,0,1,1,zero,
happo,shock,1,16,2,7,18.0,18,0,0,0,zero,
happo,shock,1,17,0,7,5.0,5,0,11,11,zero,
happo,shock,1,17,1,7,36.0,36,0,0,0,zero,
happo,shock,1,17,2,7,37.0,37,0,0,0,zero,
happo,shock,1,18,0,7,4.0,4,0,9,9,zero,
happo,shock,1,18,1,7,27.0,27,0,7,7,zero,
happo,shock,1,18,2,7,30.0,30,0,0,0,zero,
happo,shock,1,19,0,7,3.0,3,0,1,1,zero,
happo,shock,1,19,1,7,26.0,26,0,16,16,zero,
happo,shock,1,19,2,7,14.0,14,0,0,0,zero,
happo,shock,1,20,0,8,5.0,0,5,10,10,zero,
happo,shock,1,20,1,8,17.0,17,0,0,0,zero,
happo,shock,1,20,2,8,14.0,14,0,19,19,zero,
happo,shock,1,21,0,9,3.0,0,3,10,10,zero,
happo,shock,1,21,1,9,7.0,7,0,16,16,zero,
happo,shock,1,21,2,9,2.0,0,2,0,0,zero,
happo,shock,1,22,0,9,3.0,0,3,6,6,zero,
happo,shock,1,22,1,9,8.0,8,0,7,7,zero,
happo,shock,1,22,2,9,9.0,0,9,19,19,zero,
happo,shock,1,23,0,7,9.0,0,9,11,11,zero,
happo,shock,1,23,1,7,13.0,13,0,7,7,zero,
happo,shock,1,23,2,7,16.0,0,16,16,16,zero,
happo,shock,1,24,0,6,5.0,0,5,6,6,zero,
happo,shock,1,24,1,6,7.0,7,0,16,16,zero,
happo,shock,1,24,2,6,13.0,0,13,0,0,zero,
happo,shock,1,25,0,6,1.0,0,1,4,4,zero,
happo,shock,1,25,1,6,17.0,17,0,0,0,zero,
happo,shock,1,25,2,6,13.0,0,13,19,19,zero,
happo,shock,1,26,0,6,1.0,0,1,6,6,zero,
happo,shock,1,26,1,6,11.0,11,0,0,0,zero,
happo,shock,1,26,2,6,6.0,6,0,0,0,zero,
happo,shock,1,27,0,5,5.0,5,0,6,6,zero,
happo,shock,1,27,1,5,5.0,5,0,0,0,zero,
happo,shock,1,27,2,5,22.0,22,0,0,0,zero,
happo,shock,1,28,0,5,6.0,6,0,4,4,zero,
happo,shock,1,28,1,5,20.0,20,0,7,7,zero,
happo,shock,1,28,2,5,15.0,15,0,0,0,zero,
happo,shock,1,29,0,4,6.0,6,0,6,6,zero,
happo,shock,1,29,1,4,14.0,14,0,0,0,zero,
happo,shock,1,29,2,4,34.0,34,0,0,0,zero,
happo,shock,1,30,0,4,8.0,8,0,0,0,zero,
happo,shock,1,30,1,4,27.0,27,0,7,7,zero,
happo,shock,1,30,2,4,27.0,27,0,0,0,zero,
happo,shock,1,31,0,4,10.0,10,0,0,0,zero,
happo,shock,1,31,1,4,27.0,27,0,0,0,zero,
happo,shock,1,31,2,4,27.0,27,0,0,0,zero,
happo,shock,1,32,0,3,11.0,11,0,6,6,zero,
happo,shock,1,32,1,3,28.0,28,0,0,0,zero,
happo,shock,1,32,2,3,27.0,27,0,0,0,zero,
happo,shock,1,33,0,3,14.0,14,0,0,0,zero,
happo,shock,1,33,1,3,28.0,28,0,0,0,zero,
happo,shock,1,33,2,3,27.0,27,0,0,0,zero,
happo,shock,1,34,0,4,10.0,10,0,0,0,zero,
happo,shock,1,34,1,4,35.0,35,0,0,0,zero,
happo,shock,1,34,2,4,27.0,27,0,0,0,zero,
happo,shock,1,35,0,3,7.0,7,0,6,6,zero,
happo,shock,1,35,1,3,29.0,29,0,0,0,zero,
happo,shock,1,35,2,3,27.0,27,0,0,0,zero,
happo,shock,1,36,0,3,10.0,10,0,0,0,zero,
happo,shock,1,36,1,3,29.0,29,0,0,0,zero,
happo,shock,1,36,2,3,27.0,27,0,0,0,zero,
happo,shock,1,37,0,4,6.0,6,0,0,0,zero,
happo,shock,1,37,1,4,29.0,29,0,0,0,zero,
happo,shock,1,37,2,4,27.0,27,0,0,0,zero,
happo,shock,1,38,0,4,2.0,2,0,11,11,zero,
happo,shock,1,38,1,4,18.0,18,0,0,0,zero,
happo,shock,1,38,2,4,27.0,27,0,0,0,zero,
happo,shock,1,39,0,4,4.0,4,0,6,6,zero,
happo,shock,1,39,1,4,12.0,12,0,16,16,zero,
happo,shock,1,39,2,4,11.0,11,0,0,0,zero,
happo,shock,1,40,0,3,1.0,1,0,0,0,zero,
happo,shock,1,40,1,3,12.0,12,0,0,0,zero,
happo,shock,1,40,2,3,11.0,11,0,2,2,zero,
happo,shock,1,41,0,3,2.0,0,2,0,0,zero,
happo,shock,1,41,1,3,12.0,12,0,0,0,zero,
happo,shock,1,41,2,3,11.0,11,0,0,0,zero,
happo,shock,1,42,0,3,6.0,6,0,1,1,zero,
happo,shock,1,42,1,3,11.0,11,0,0,0,zero,
happo,shock,1,42,2,3,11.0,11,0,0,0,zero,
happo,shock,1,43,0,3,9.0,9,0,4,4,zero,
happo,shock,1,43,1,3,23.0,23,0,0,0,zero,
happo,shock,1,43,2,3,11.0,11,0,0,0,zero,
happo,shock,1,44,0,3,6.0,6,0,0,0,zero,
happo,shock,1,44,1,3,23.0,23,0,0,0,zero,
happo,shock,1,44,2,3,13.0,13,0,0,0,zero,
happo,shock,1,45,0,4,2.0,2,0,0,0,zero,
happo,shock,1,45,1,4,23.0,23,0,0,0,zero,
happo,shock,1,45,2,4,13.0,13,0,0,0,zero,
happo,shock,1,46,0,3,-0.0,0,0,11,11,zero,
happo,shock,1,46,1,3,12.0,12,0,0,0,zero,
happo,shock,1,46,2,3,13.0,13,0,0,0,zero,
happo,shock,1,47,0,3,1.0,1,0,0,0,zero,
happo,shock,1,47,1,3,12.0,12,0,16,16,zero,
happo,shock,1,47,2,3,3.0,0,3,0,0,zero,
happo,shock,1,48,0,3,2.0,0,2,0,0,zero,
happo,shock,1,48,1,3,12.0,12,0,0,0,zero,
happo,shock,1,48,2,3,3.0,0,3,19,19,zero,
happo,shock,1,49,0,4,6.0,0,6,1,1,zero,
happo,shock,1,49,1,4,11.0,11,0,0,0,zero,
happo,shock,1,49,2,4,3.0,0,3,2,2,zero,
happo,shock,1,50,0,3,2.0,2,0,4,4,zero,
happo,shock,1,50,1,3,7.0,7,0,0,0,zero,
happo,shock,1,50,2,3,3.0,0,3,1,1,zero,
happo,shock,1,51,0,3,1.0,0,1,12,12,zero,
happo,shock,1,51,1,3,8.0,8,0,0,0,zero,
happo,shock,1,51,2,3,3.0,0,3,0,0,zero,
happo,shock,1,52,0,4,5.0,0,5,1,1,zero,
happo,shock,1,52,1,4,7.0,7,0,17,17,zero,
happo,shock,1,52,2,4,1.0,0,1,0,0,zero,
happo,shock,1,53,0,4,8.0,0,8,1,1,zero,
happo,shock,1,53,1,4,6.0,6,0,0,0,zero,
happo,shock,1,53,2,4,1.0,1,0,19,19,zero,
happo,shock,1,54,0,4,8.0,0,8,4,4,zero,
happo,shock,1,54,1,4,2.0,2,0,0,0,zero,
happo,shock,1,54,2,4,2.0,2,0,3,3,zero,
happo,shock,1,55,0,4,-0.0,0,0,4,4,zero,
happo,shock,1,55,1,4,2.0,0,2,0,0,zero,
happo,shock,1,55,2,4,2.0,2,0,0,0,zero,
happo,shock,1,56,0,4,3.0,0,3,6,6,zero,
happo,shock,1,56,1,4,11.0,11,0,8,8,zero,
happo,shock,1,56,2,4,6.0,0,6,0,0,zero,
happo,shock,1,57,0,4,6.0,0,6,6,6,zero,
happo,shock,1,57,1,4,6.0,6,0,16,16,zero,
happo,shock,1,57,2,4,3.0,0,3,16,16,zero,
happo,shock,1,58,0,5,7.0,0,7,2,2,zero,
happo,shock,1,58,1,5,4.0,4,0,0,0,zero,
happo,shock,1,58,2,5,-0.0,0,0,20,20,zero,
happo,shock,1,59,0,5,10.0,0,10,6,6,zero,
happo,shock,1,59,1,5,2.0,0,2,0,0,zero,
happo,shock,1,59,2,5,-0.0,0,0,0,0,zero,
happo,shock,1,60,0,5,7.0,0,7,10,10,zero,
happo,shock,1,60,1,5,10.0,0,10,0,0,zero,
happo,shock,1,60,2,5,-0.0,0,0,0,0,zero,
happo,shock,1,61,0,5,6.0,0,6,10,10,zero,
happo,shock,1,61,1,5,1.0,0,1,11,11,zero,
happo,shock,1,61,2,5,5.0,5,0,0,0,zero,
happo,shock,1,62,0,5,9.0,0,9,2,2,zero,
happo,shock,1,62,1,5,-0.0,0,0,17,17,zero,
happo,shock,1,62,2,5,8.0,8,0,2,2,zero,
happo,shock,1,63,0,5,10.0,0,10,2,2,zero,
happo,shock,1,63,1,5,2.0,0,2,0,0,zero,
happo,shock,1,63,2,5,8.0,8,0,19,19,zero,
happo,shock,1,64,0,4,12.0,0,12,4,4,zero,
happo,shock,1,64,1,4,6.0,0,6,0,0,zero,
happo,shock,1,64,2,4,8.0,8,0,4,4,zero,
happo,shock,1,65,0,4,3.0,3,0,4,4,zero,
happo,shock,1,65,1,4,1.0,1,0,0,0,zero,
happo,shock,1,65,2,4,8.0,8,0,0,0,zero,
happo,shock,1,66,0,5,1.0,1,0,6,6,zero,
happo,shock,1,66,1,5,12.0,12,0,11,11,zero,
happo,shock,1,66,2,5,1.0,0,1,0,0,zero,
happo,shock,1,67,0,5,4.0,0,4,10,10,zero,
happo,shock,1,67,1,5,2.0,2,0,8,8,zero,
happo,shock,1,67,2,5,10.0,10,0,16,16,zero,
happo,shock,1,68,0,5,9.0,0,9,6,6,zero,
happo,shock,1,68,1,5,4.0,0,4,17,17,zero,
happo,shock,1,68,2,5,3.0,0,3,0,0,zero,
happo,shock,1,69,0,5,4.0,0,4,6,6,zero,
happo,shock,1,69,1,5,10.0,0,10,0,0,zero,
happo,shock,1,69,2,5,3.0,0,3,19,19,zero,
happo,shock,1,70,0,4,2.0,0,2,6,6,zero,
happo,shock,1,70,1,4,6.0,0,6,16,16,zero,
happo,shock,1,70,2,4,19.0,0,19,18,18,zero,
happo,shock,1,71,0,4,4.0,4,0,6,6,zero,
happo,shock,1,71,1,4,3.0,0,3,8,8,zero,
happo,shock,1,71,2,4,11.0,0,11,19,19,zero,
happo,shock,1,72,0,3,3.0,3,0,1,1,zero,
happo,shock,1,72,1,3,10.0,10,0,0,0,zero,
happo,shock,1,72,2,3,11.0,0,11,20,20,zero,
happo,shock,1,73,0,4,1.0,0,1,0,0,zero,
happo,shock,1,73,1,4,10.0,10,0,0,0,zero,
happo,shock,1,73,2,4,8.0,8,0,0,0,zero,
happo,shock,1,74,0,4,5.0,5,0,1,1,zero,
happo,shock,1,74,1,4,9.0,9,0,0,0,zero,
happo,shock,1,74,2,4,26.0,26,0,0,0,zero,
happo,shock,1,75,0,5,9.0,9,0,4,4,zero,75
happo,shock,1,75,1,5,21.0,21,0,0,0,zero,75
happo,shock,1,75,2,5,45.0,45,0,0,0,zero,75
happo,shock,1,76,0,5,8.0,8,0,12,12,zero,75
happo,shock,1,76,1,5,9.0,9,0,0,0,zero,75
happo,shock,1,76,2,5,65.0,65,0,0,0,zero,75
happo,shock,1,77,0,5,3.0,3,0,12,12,zero,75
happo,shock,1,77,1,5,8.0,8,0,16,16,zero,75
happo,shock,1,77,2,5,49.0,49,0,0,0,zero,75
happo,shock,1,78,0,5,1.0,0,1,1,1,zero,75
happo,shock,1,78,1,5,7.0,7,0,17,17,zero,75
happo,shock,1,78,2,5,32.0,32,0,0,0,zero,75
happo,shock,1,79,0,5,2.0,0,2,1,1,zero,75
happo,shock,1,79,1,5,6.0,6,0,0,0,zero,75
happo,shock,1,79,2,5,32.0,32,0,19,19,zero,75
happo,shock,1,80,0,5,5.0,5,0,1,1,zero,75
happo,shock,1,80,1,5,5.0,5,0,0,0,zero,75
happo,shock,1,80,2,5,32.0,32,0,0,0,zero,75
happo,shock,1,81,0,7,10.0,10,0,4,4,zero,75
happo,shock,1,81,1,7,17.0,17,0,0,0,zero,75
happo,shock,1,81,2,7,32.0,32,0,0,0,zero,75
happo,shock,1,82,0,7,4.0,4,0,12,12,zero,75
happo,shock,1,82,1,7,22.0,22,0,0,0,zero,75
happo,shock,1,82,2,7,32.0,32,0,0,0,zero,75
happo,shock,1,83,0,5,-0.0,0,0,12,12,zero,75
happo,shock,1,83,1,5,10.0,10,0,16,16,zero,75
happo,shock,1,83,2,5,35.0,35,0,0,0,zero,75
happo,shock,1,84,0,7,6.0,0,6,1,1,zero,75
happo,shock,1,84,1,7,9.0,9,0,17,17,zero,75
happo,shock,1,84,2,7,18.0,18,0,2,2,zero,75
happo,shock,1,85,0,8,10.0,0,10,4,4,zero,75
happo,shock,1,85,1,8,5.0,5,0,0,0,zero,75
happo,shock,1,85,2,8,18.0,18,0,19,19,zero,75
happo,shock,1,86,0,8,6.0,0,6,10,10,zero,75
happo,shock,1,86,1,8,5.0,0,5,0,0,zero,75
happo,shock,1,86,2,8,18.0,18,0,0,0,zero,75
happo,shock,1,87,0,7,1.0,0,1,10,10,zero,75
happo,shock,1,87,1,7,1.0,1,0,11,11,zero,75
happo,shock,1,87,2,7,7.0,7,0,0,0,zero,75
happo,shock,1,88,0,8,8.0,0,8,6,6,zero,75
happo,shock,1,88,1,8,12.0,12,0,16,16,zero,75
happo,shock,1,88,2,8,7.0,0,7,0,0,zero,75
happo,shock,1,89,0,7,11.0,0,11,10,10,zero,75
happo,shock,1,89,1,7,2.0,2,0,8,8,zero,75
happo,shock,1,89,2,7,4.0,4,0,19,19,zero,75
happo,shock,1,90,0,7,13.0,0,13,10,10,zero,75
happo,shock,1,90,1,7,8.0,0,8,8,8,zero,75
happo,shock,1,90,2,7,4.0,0,4,20,20,zero,75
happo,shock,1,91,0,5,3.0,0,3,10,10,zero,75
happo,shock,1,91,1,5,7.0,0,7,16,16,zero,75
happo,shock,1,91,2,5,20.0,0,20,18,18,zero,75
happo,shock,1,92,0,5,2.0,0,2,6,6,zero,75
happo,shock,1,92,1,5,4.0,0,4,11,11,zero,75
happo,shock,1,92,2,5,31.0,0,31,18,18,zero,75
happo,shock,1,93,0,5,3.0,3,0,1,1,zero,75
happo,shock,1,93,1,5,10.0,10,0,11,11,zero,75
happo,shock,1,93,2,5,23.0,0,23,0,0,zero,75
happo,shock,1,94,0,7,2.0,0,2,4,4,zero,75
happo,shock,1,94,1,7,10.0,10,0,0,0,zero,75
happo,shock,1,94,2,7,3.0,0,3,1,1,zero,75
happo,shock,1,95,0,5,4.0,4,0,6,6,zero,75
happo,shock,1,95,1,5,4.0,4,0,0,0,zero,75
happo,shock,1,95,2,5,15.0,15,0,0,0,zero,75
happo,shock,1,96,0,4,9.0,9,0,6,6,zero,75
happo,shock,1,96,1,4,2.0,0,2,0,0,zero,75
happo,shock,1,96,2,4,33.0,33,0,0,0,zero,75
happo,shock,1,97,0,4,10.0,10,0,0,0,zero,75
happo,shock,1,97,1,4,17.0,17,0,1,1,zero,75
happo,shock,1,97,2,4,32.0,32,0,0,0,zero,75
happo,shock,1,98,0,4,10.0,10,0,0,0,zero,75
happo,shock,1,98,1,4,37.0,37,0,0,0,zero,75
happo,shock,1,98,2,4,33.0,33,0,0,0,zero,75
happo,shock,1,99,0,4,12.0,12,0,0,0,zero,75
happo,shock,1,99,1,4,40.0,40,0,0,0,zero,75
happo,shock,1,99,2,4,33.0,33,0,0,0,zero,75
happo,shock,1,100,0,4,12.0,12,0,11,11,zero,75
happo,shock,1,100,1,4,29.0,29,0,0,0,zero,75
happo,shock,1,100,2,4,33.0,33,0,0,0,zero,75
happo,shock,1,101,0,4,10.0,10,0,0,0,zero,75
happo,shock,1,101,1,4,30.0,30,0,7,7,zero,75
happo,shock,1,101,2,4,26.0,26,0,0,0,zero,75
happo,shock,1,102,0,4,6.0,6,0,0,0,zero,75
happo,shock,1,102,1,4,30.0,30,0,0,0,zero,75
happo,shock,1,102,2,4,26.0,26,0,0,0,zero,75
happo,shock,1,103,0,4,2.0,2,0,6,6,zero,75
happo,shock,1,103,1,4,24.0,24,0,0,0,zero,75
happo,shock,1,103,2,4,26.0,26,0,0,0,zero,75
happo,shock,1,104,0,4,9.0,9,0,4,4,zero,75
happo,shock,1,104,1,4,20.0,20,0,0,0,zero,75
happo,shock,1,104,2,4,26.0,26,0,0,0,zero,75
happo,shock,1,105,0,4,5.0,5,0,0,0,zero,75
happo,shock,1,105,1,4,27.0,27,0,0,0,zero,75
happo,shock,1,105,2,4,26.0,26,0,0,0,zero,75
happo,shock,1,106,0,4,1.0,1,0,6,6,zero,75
happo,shock,1,106,1,4,21.0,21,0,0,0,zero,75
happo,shock,1,106,2,4,26.0,26,0,0,0,zero,75
happo,shock,1,107,0,5,2.0,2,0,6,6,zero,75
happo,shock,1,107,1,5,15.0,15,0,0,0,zero,75
happo,shock,1,107,2,5,26.0,26,0,0,0,zero,75
happo,shock,1,108,0,5,1.0,1,0,6,6,zero,75
happo,shock,1,108,1,5,9.0,9,0,16,16,zero,75
happo,shock,1,108,2,5,10.0,10,0,0,0,zero,75
happo,shock,1,109,0,5,4.0,0,4,12,12,zero,75
happo,shock,1,109,1,5,3.0,0,3,0,0,zero,75
happo,shock,1,109,2,5,10.0,10,0,2,2,zero,75
happo,shock,1,110,0,7,5.0,0,5,2,2,zero,75
happo,shock,1,110,1,7,5.0,0,5,16,16,zero,75
happo,shock,1,110,2,7,6.0,0,6,0,0,zero,75
happo,shock,1,111,0,8,7.0,0,7,6,6,zero,75
happo,shock,1,111,1,8,11.0,0,11,0,0,zero,75
happo,shock,1,111,2,8,6.0,0,6,19,19,zero,75
happo,shock,1,112,0,7,8.0,0,8,12,12,zero,75
happo,shock,1,112,1,7,7.0,0,7,11,11,zero,75
happo,shock,1,112,2,7,17.0,0,17,16,16,zero,75
happo,shock,1,113,0,8,7.0,0,7,6,6,zero,75
happo,shock,1,113,1,8,13.0,0,13,16,16,zero,75
happo,shock,1,113,2,8,31.0,0,31,20,20,zero,75
happo,shock,1,114,0,7,14.0,0,14,6,6,zero,75
happo,shock,1,114,1,7,9.0,0,9,11,11,zero,75
happo,shock,1,114,2,7,42.0,0,42,20,20,zero,75
happo,shock,1,115,0,8,22.0,0,22,6,6,zero,75
happo,shock,1,115,1,8,15.0,0,15,16,16,zero,75
happo,shock,1,115,2,8,39.0,0,39,4,4,zero,75
happo,shock,1,116,0,8,14.0,0,14,11,11,zero,75
happo,shock,1,116,1,8,26.0,0,26,0,0,zero,75
happo,shock,1,116,2,8,23.0,0,23,20,20,zero,75
happo,shock,1,117,0,7,21.0,0,21,11,11,zero,75
happo,shock,1,117,1,7,35.0,0,35,17,17,zero,75
happo,shock,1,117,2,7,20.0,0,20,0,0,zero,75
happo,shock,1,118,0,8,19.0,0,19,18,18,zero,75
happo,shock,1,118,1,8,53.0,0,53,8,8,zero,75
happo,shock,1,118,2,8,8.0,0,8,16,16,zero,75
happo,shock,1,119,0,7,26.0,0,26,18,18,zero,75
happo,shock,1,119,1,7,52.0,0,52,16,16,zero,75
happo,shock,1,119,2,7,20.0,0,20,16,16,zero,75
happo,shock,1,120,0,8,34.0,0,34,11,11,zero,75
happo,shock,1,120,1,8,47.0,0,47,11,11,zero,75
happo,shock,1,120,2,8,11.0,0,11,20,20,zero,75
happo,shock,1,121,0,7,39.0,0,39,11,11,zero,75
happo,shock,1,121,1,7,38.0,0,38,11,11,zero,75
happo,shock,1,121,2,7,22.0,0,22,20,20,zero,75
happo,shock,1,122,0,7,46.0,0,46,11,11,zero,75
happo,shock,1,122,1,7,29.0,0,29,17,17,zero,75
happo,shock,1,122,2,7,23.0,0,23,4,4,zero,75
happo,shock,1,123,0,4,31.0,0,31,11,11,zero,75
happo,shock,1,123,1,4,36.0,0,36,16,16,zero,75
happo,shock,1,123,2,4,23.0,0,23,19,19,zero,75
happo,shock,1,124,0,5,20.0,0,20,0,0,zero,75
happo,shock,1,124,1,5,16.0,0,16,17,17,zero,75
happo,shock,1,124,2,5,20.0,0,20,20,20,zero,75
happo,shock,1,125,0,5,5.0,0,5,0,0,zero,75
happo,shock,1,125,1,5,16.0,0,16,0,0,zero,75
happo,shock,1,125,2,5,-0.0,0,0,20,20,zero,75
happo,shock,1,126,0,5,10.0,10,0,0,0,zero,75
happo,shock,1,126,1,5,-0.0,0,0,0,0,zero,75
happo,shock,1,126,2,5,4.0,4,0,3,3,zero,75
happo,shock,1,127,0,5,9.0,9,0,0,0,zero,75
happo,shock,1,127,1,5,16.0,16,0,0,0,zero,75
happo,shock,1,127,2,5,23.0,23,0,0,0,zero,75
happo,shock,1,128,0,4,25.0,25,0,0,0,zero,75
happo,shock,1,128,1,4,36.0,36,0,0,0,zero,75
happo,shock,1,128,2,4,43.0,43,0,0,0,zero,75
happo,shock,1,129,0,4,21.0,21,0,0,0,zero,75
happo,shock,1,129,1,4,56.0,56,0,0,0,zero,75
happo,shock,1,129,2,4,63.0,63,0,0,0,zero,75
happo,shock,1,130,0,4,33.0,33,0,0,0,zero,75
happo,shock,1,130,1,4,56.0,56,0,0,0,zero,75
happo,shock,1,130,2,4,66.0,66,0,0,0,zero,75
happo,shock,1,131,0,5,28.0,28,0,0,0,zero,75
happo,shock,1,131,1,5,56.0,56,0,0,0,zero,75
happo,shock,1,131,2,5,66.0,66,0,0,0,zero,75
happo,shock,1,132,0,5,23.0,23,0,0,0,zero,75
happo,shock,1,132,1,5,56.0,56,0,0,0,zero,75
happo,shock,1,132,2,5,66.0,66,0,0,0,zero,75
happo,shock,1,133,0,5,18.0,18,0,11,11,zero,75
happo,shock,1,133,1,5,45.0,45,0,0,0,zero,75
happo,shock,1,133,2,5,66.0,66,0,0,0,zero,75
happo,shock,1,134,0,4,14.0,14,0,0,0,zero,75
happo,shock,1,134,1,4,45.0,45,0,0,0,zero,75
happo,shock,1,134,2,4,66.0,66,0,0,0,zero,75
happo,shock,1,135,0,4,10.0,10,0,0,0,zero,75
happo,shock,1,135,1,4,45.0,45,0,0,0,zero,75
happo,shock,1,135,2,4,66.0,66,0,0,0,zero,75
happo,shock,1,136,0,4,6.0,6,0,0,0,zero,75
happo,shock,1,136,1,4,45.0,45,0,0,0,zero,75
happo,shock,1,136,2,4,66.0,66,0,0,0,zero,75
happo,shock,1,137,0,4,13.0,13,0,0,0,zero,75
happo,shock,1,137,1,4,45.0,45,0,0,0,zero,75
happo,shock,1,137,2,4,66.0,66,0,0,0,zero,75
happo,shock,1,138,0,4,9.0,9,0,11,11,zero,75
happo,shock,1,138,1,4,34.0,34,0,0,0,zero,75
happo,shock,1,138,2,4,66.0,66,0,0,0,zero,75
happo,shock,1,139,0,4,5.0,5,0,9,9,zero,75
happo,shock,1,139,1,4,25.0,25,0,0,0,zero,75
happo,shock,1,139,2,4,66.0,66,0,0,0,zero,75
happo,shock,1,140,0,4,1.0,1,0,0,0,zero,75
happo,shock,1,140,1,4,25.0,25,0,7,7,zero,75
happo,shock,1,140,2,4,59.0,59,0,0,0,zero,75
happo,shock,1,141,0,3,2.0,0,2,0,0,zero,75
happo,shock,1,141,1,3,25.0,25,0,0,0,zero,75
happo,shock,1,141,2,3,59.0,59,0,0,0,zero,75
happo,shock,1,142,0,3,6.0,6,0,1,1,zero,75
happo,shock,1,142,1,3,24.0,24,0,0,0,zero,75
happo,shock,1,142,2,3,59.0,59,0,0,0,zero,75
happo,shock,1,143,0,3,12.0,12,0,0,0,zero,75
happo,shock,1,143,1,3,24.0,24,0,0,0,zero,75
happo,shock,1,143,2,3,59.0,59,0,0,0,zero,75
happo,shock,1,144,0,3,9.0,9,0,0,0,zero,75
happo,shock,1,144,1,3,31.0,31,0,0,0,zero,75
happo,shock,1,144,2,3,59.0,59,0,0,0,zero,75
happo,shock,1,145,0,3,6.0,6,0,11,11,zero,75
happo,shock,1,145,1,3,20.0,20,0,0,0,zero,75
happo,shock,1,145,2,3,59.0,59,0,0,0,zero,75
happo,shock,1,146,0,2,5.0,5,0,0,0,zero,75
happo,shock,1,146,1,2,20.0,20,0,7,7,zero,75
happo,shock,1,146,2,2,52.0,52,0,0,0,zero,75
happo,shock,1,147,0,2,3.0,3,0,0,0,zero,75
happo,shock,1,147,1,2,20.0,20,0,0,0,zero,75
happo,shock,1,147,2,2,52.0,52,0,0,0,zero,75
happo,shock,1,148,0,3,-0.0,0,0,0,0,zero,75
happo,shock,1,148,1,3,20.0,20,0,0,0,zero,75
happo,shock,1,148,2,3,52.0,52,0,0,0,zero,75
happo,shock,1,149,0,3,8.0,8,0,1,1,zero,75
happo,shock,1,149,1,3,19.0,19,0,0,0,zero,75
happo,shock,1,149,2,3,52.0,52,0,0,0,zero,75
happo,shock,1,150,0,2,6.0,6,0,6,6,zero,75
happo,shock,1,150,1,2,20.0,20,0,0,0,zero,75
happo,shock,1,150,2,2,52.0,52,0,0,0,zero,75
happo,shock,1,151,0,3,3.0,3,0,1,1,zero,75
happo,shock,1,151,1,3,19.0,19,0,0,0,zero,75
happo,shock,1,151,2,3,52.0,52,0,0,0,zero,75
happo,shock,1,152,0,2,1.0,1,0,0,0,zero,75
happo,shock,1,152,1,2,19.0,19,0,0,0,zero,75
happo,shock,1,152,2,2,52.0,52,0,0,0,zero,75
happo,shock,1,153,0,2,-0.0,0,0,1,1,zero,75
happo,shock,1,153,1,2,18.0,18,0,0,0,zero,75
happo,shock,1,153,2,2,52.0,52,0,0,0,zero,75
happo,shock,1,154,0,2,4.0,4,0,1,1,zero,75
happo,shock,1,154,1,2,17.0,17,0,0,0,zero,75
happo,shock,1,154,2,2,52.0,52,0,0,0,zero,75
happo,shock,1,155,0,2,3.0,3,0,4,4,zero,75
happo,shock,1,155,1,2,13.0,13,0,0,0,zero,75
happo,shock,1,155,2,2,52.0,52,0,0,0,zero,75
happo,shock,1,156,0,2,1.0,1,0,0,0,zero,75
happo,shock,1,156,1,2,13.0,13,0,0,0,zero,75
happo,shock,1,156,2,2,52.0,52,0,0,0,zero,75
happo,shock,1,157,0,2,-0.0,0,0,0,0,zero,75
happo,shock,1,157,1,2,13.0,13,0,0,0,zero,75
happo,shock,1,157,2,2,52.0,52,0,0,0,zero,75
happo,shock,1,158,0,2,1.0,0,1,4,4,zero,75
happo,shock,1,158,1,2,9.0,9,0,0,0,zero,75
happo,shock,1,158,2,2,52.0,52,0,0,0,zero,75
happo,shock,1,159,0,3,-0.0,0,0,1,1,zero,75
happo,shock,1,159,1,3,8.0,8,0,7,7,zero,75
happo,shock,1,159,2,3,45.0,45,0,0,0,zero,75
happo,shock,1,160,0,3,3.0,0,3,4,4,zero,75
happo,shock,1,160,1,3,4.0,4,0,0,0,zero,75
happo,shock,1,160,2,3,45.0,45,0,0,0,zero,75
happo,shock,1,161,0,4,7.0,0,7,6,6,zero,75
happo,shock,1,161,1,4,2.0,0,2,0,0,zero,75
happo,shock,1,161,2,4,45.0,45,0,0,0,zero,75
happo,shock,1,162,0,4,7.0,0,7,6,6,zero,75
happo,shock,1,162,1,4,8.0,0,8,16,16,zero,75
happo,shock,1,162,2,4,29.0,29,0,0,0,zero,75
happo,shock,1,163,0,4,10.0,0,10,6,6,zero,75
happo,shock,1,163,1,4,7.0,0,7,0,0,zero,75
happo,shock,1,163,2,4,29.0,29,0,0,0,zero,75
happo,shock,1,164,0,4,10.0,0,10,6,6,zero,75
happo,shock,1,164,1,4,13.0,0,13,8,8,zero,75
happo,shock,1,164,2,4,21.0,21,0,0,0,zero,75
happo,shock,1,165,0,4,10.0,0,10,6,6,zero,75
happo,shock,1,165,1,4,19.0,0,19,8,8,zero,75
happo,shock,1,165,2,4,13.0,13,0,2,2,zero,75
happo,shock,1,166,0,3,13.0,0,13,6,6,zero,75
happo,shock,1,166,1,3,9.0,0,9,11,11,zero,75
happo,shock,1,166,2,3,2.0,2,0,19,19,zero,75
happo,shock,1,167,0,3,9.0,0,9,6,6,zero,75
happo,shock,1,167,1,3,15.0,0,15,8,8,zero,75
happo,shock,1,167,2,3,6.0,0,6,20,20,zero,75
happo,shock,1,168,0,3,12.0,0,12,0,0,zero,75
happo,shock,1,168,1,3,7.0,0,7,11,11,zero,75
happo,shock,1,168,2,3,17.0,0,17,20,20,zero,75
happo,shock,1,169,0,3,15.0,0,15,0,0,zero,75
happo,shock,1,169,1,3,1.0,1,0,0,0,zero,75
happo,shock,1,169,2,3,15.0,0,15,18,18,zero,75
happo,shock,1,170,0,3,2.0,0,2,0,0,zero,75
happo,shock,1,170,1,3,12.0,12,0,1,1,zero,75
happo,shock,1,170,2,3,3.0,3,0,0,0,zero,75
happo,shock,1,171,0,3,5.0,0,5,4,4,zero,75
happo,shock,1,171,1,3,10.0,10,0,0,0,zero,75
happo,shock,1,171,2,3,23.0,23,0,0,0,zero,75
happo,shock,1,172,0,4,1.0,0,1,0,0,zero,75
happo,shock,1,172,1,4,10.0,10,0,0,0,zero,75
happo,shock,1,172,2,4,43.0,43,0,0,0,zero,75
happo,shock,1,173,0,3,3.0,3,0,4,4,zero,75
happo,shock,1,173,1,3,8.0,8,0,0,0,zero,75
happo,shock,1,173,2,3,61.0,61,0,0,0,zero,75
happo,shock,1,174,0,3,-0.0,0,0,10,10,zero,75
happo,shock,1,174,1,3,14.0,14,0,1,1,zero,75
happo,shock,1,174,2,3,60.0,60,0,0,0,zero,75
happo,shock,1,175,0,3,1.0,1,0,1,1,zero,75
happo,shock,1,175,1,3,13.0,13,0,17,17,zero,75
happo,shock,1,175,2,3,43.0,43,0,0,0,zero,75
happo,shock,1,176,0,3,2.0,0,2,0,0,zero,75
happo,shock,1,176,1,3,13.0,13,0,0,0,zero,75
happo,shock,1,176,2,3,43.0,43,0,0,0,zero,75
happo,shock,1,177,0,2,-0.0,0,0,1,1,zero,75
happo,shock,1,177,1,2,12.0,12,0,0,0,zero,75
happo,shock,1,177,2,2,43.0,43,0,0,0,zero,75
happo,shock,1,178,0,3,7.0,7,0,1,1,zero,75
happo,shock,1,178,1,3,12.0,12,0,0,0,zero,75
happo,shock,1,178,2,3,43.0,43,0,0,0,zero,75
happo,shock,1,179,0,2,6.0,6,0,6,6,zero,75
happo,shock,1,179,1,2,23.0,23,0,0,0,zero,75
happo,shock,1,179,2,2,43.0,43,0,0,0,zero,75
happo,shock,1,180,0,3,3.0,3,0,0,0,zero,75
happo,shock,1,180,1,3,23.0,23,0,0,0,zero,75
happo,shock,1,180,2,3,43.0,43,0,0,0,zero,75
happo,shock,1,181,0,3,1.0,1,0,0,0,zero,75
happo,shock,1,181,1,3,23.0,23,0,0,0,zero,75
happo,shock,1,181,2,3,43.0,43,0,0,0,zero,75
happo,shock,1,182,0,3,1.0,0,1,6,6,zero,75
happo,shock,1,182,1,3,17.0,17,0,0,0,zero,75
happo,shock,1,182,2,3,43.0,43,0,0,0,zero,75
happo,shock,1,183,0,3,2.0,2,0,4,4,zero,75
happo,shock,1,183,1,3,13.0,13,0,7,7,zero,75
happo,shock,1,183,2,3,36.0,36,0,0,0,zero,75
happo,shock,1,184,0,3,1.0,0,1,0,0,zero,75
happo,shock,1,184,1,3,13.0,13,0,0,0,zero,75
happo,shock,1,184,2,3,36.0,36,0,0,0,zero,75
happo,shock,1,185,0,4,5.0,0,5,4,4,zero,75
happo,shock,1,185,1,4,9.0,9,0,0,0,zero,75
happo,shock,1,185,2,4,36.0,36,0,0,0,zero,75
happo,shock,1,186,0,4,3.0,0,3,6,6,zero,75
happo,shock,1,186,1,4,3.0,3,0,7,7,zero,75
happo,shock,1,186,2,4,29.0,29,0,0,0,zero,75
happo,shock,1,187,0,4,3.0,0,3,4,4,zero,75
happo,shock,1,187,1,4,6.0,6,0,7,7,zero,75
happo,shock,1,187,2,4,22.0,22,0,0,0,zero,75
happo,shock,1,188,0,4,7.0,0,7,6,6,zero,75
happo,shock,1,188,1,4,-0.0,0,0,0,0,zero,75
happo,shock,1,188,2,4,22.0,22,0,2,2,zero,75
happo,shock,1,189,0,4,7.0,0,7,6,6,zero,75
happo,shock,1,189,1,4,6.0,0,6,16,16,zero,75
happo,shock,1,189,2,4,6.0,6,0,0,0,zero,75
happo,shock,1,190,0,4,5.0,0,5,6,6,zero,75
happo,shock,1,190,1,4,5.0,0,5,0,0,zero,75
happo,shock,1,190,2,4,6.0,6,0,19,19,zero,75
happo,shock,1,191,0,4,5.0,0,5,6,6,zero,75
happo,shock,1,191,1,4,4.0,0,4,7,7,zero,75
happo,shock,1,191,2,4,1.0,0,1,0,0,zero,75
happo,shock,1,192,0,5,4.0,0,4,4,4,zero,75
happo,shock,1,192,1,5,8.0,0,8,7,7,zero,75
happo,shock,1,192,2,5,6.0,0,6,16,16,zero,75
happo,shock,1,193,0,4,8.0,0,8,6,6,zero,75
happo,shock,1,193,1,4,2.0,2,0,11,11,zero,75
happo,shock,1,193,2,4,17.0,0,17,15,15,zero,75
happo,shock,1,194,0,5,6.0,0,6,4,4,zero,75
happo,shock,1,194,1,5,2.0,0,2,16,16,zero,75
happo,shock,1,194,2,5,14.0,0,14,15,15,zero,75
happo,shock,1,195,0,5,4.0,0,4,4,4,zero,75
happo,shock,1,195,1,5,-0.0,0,0,0,0,zero,75
happo,shock,1,195,2,5,14.0,0,14,19,19,zero,75
happo,shock,1,196,0,5,9.0,0,9,6,6,zero,75
happo,shock,1,196,1,5,4.0,0,4,0,0,zero,75
happo,shock,1,196,2,5,2.0,2,0,0,0,zero,75
happo,shock,1,197,0,5,-0.0,0,0,6,6,zero,75
happo,shock,1,197,1,5,10.0,0,10,0,0,zero,75
happo,shock,1,197,2,5,17.0,17,0,0,0,zero,75
happo,shock,1,198,0,5,3.0,0,3,10,10,zero,75
happo,shock,1,198,1,5,1.0,0,1,16,16,zero,75
happo,shock,1,198,2,5,16.0,16,0,0,0,zero,75
happo,shock,1,199,0,6,3.0,0,3,6,6,zero,75
happo,shock,1,199,1,6,7.0,0,7,16,16,zero,75
happo,shock,1,199,2,6,19.0,19,0,2,2,zero,75
happo,shock,1,200,0,5,6.0,0,6,2,2,zero,75
happo,shock,1,200,1,5,5.0,5,0,0,0,zero,75
happo,shock,1,200,2,5,19.0,19,0,19,19,zero,75
happo,shock,2,1,0,10,10.0,10,0,16,16,zero,
happo,shock,2,1,1,10,4.0,4,0,8,8,zero,
happo,shock,2,1,2,10,12.0,12,0,0,0,zero,
happo,shock,2,2,0,10,10.0,10,0,10,10,zero,
happo,shock,2,2,1,10,4.0,4,0,17,17,zero,
happo,shock,2,2,2,10,5.0,5,0,2,2,zero,
happo,shock,2,3,0,8,12.0,12,0,10,10,zero,
happo,shock,2,3,1,8,4.0,4,0,8,8,zero,
happo,shock,2,3,2,8,7.0,7,0,19,19,zero,
happo,shock,2,4,0,9,13.0,13,0,0,0,zero,
happo,shock,2,4,1,9,14.0,14,0,8,8,zero,
happo,shock,2,4,2,9,9.0,9,0,20,20,zero,
happo,shock,2,5,0,10,19.0,19,0,10,10,zero,
happo,shock,2,5,1,10,12.0,12,0,0,0,zero,
happo,shock,2,5,2,10,9.0,9,0,3,3,zero,
happo,shock,2,6,0,10,19.0,19,0,11,11,zero,
happo,shock,2,6,1,10,18.0,18,0,4,4,zero,
happo,shock,2,6,2,10,7.0,7,0,0,0,zero,
happo,shock,2,7,0,10,19.0,19,0,16,16,zero,
happo,shock,2,7,1,10,10.0,10,0,19,19,zero,
happo,shock,2,7,2,10,7.0,7,0,0,0,zero,
happo,shock,2,8,0,9,10.0,10,0,16,16,zero,
happo,shock,2,8,1,9,2.0,2,0,17,17,zero,
happo,shock,2,8,2,9,10.0,10,0,19,19,zero,
happo,shock,2,9,0,9,11.0,11,0,0,0,zero,
happo,shock,2,9,1,9,2.0,2,0,17,17,zero,
happo,shock,2,9,2,9,4.0,0,4,18,18,zero,
happo,shock,2,10,0,9,13.0,13,0,0,0,zero,
happo,shock,2,10,1,9,6.0,6,0,0,0,zero,
happo,shock,2,10,2,9,4.0,0,4,18,18,zero,
happo,shock,2,11,0,9,20.0,20,0,10,10,zero,
happo,shock,2,11,1,9,15.0,15,0,0,0,zero,
happo,shock,2,11,2,9,4.0,0,4,0,0,zero,
happo,shock,2,12,0,9,27.0,27,0,10,10,zero,
happo,shock,2,12,1,9,22.0,22,0,4,4,zero,
happo,shock,2,12,2,9,11.0,11,0,0,0,zero,
happo,shock,2,13,0,11,16.0,16,0,0,0,zero,
happo,shock,2,13,1,11,35.0,35,0,19,19,zero,
happo,shock,2,13,2,11,10.0,10,0,0,0,zero,
happo,shock,2,14,0,10,6.0,6,0,16,16,zero,
happo,shock,2,14,1,10,19.0,19,0,0,0,zero,
happo,shock,2,14,2,10,28.0,28,0,16,16,zero,
happo,shock,2,15,0,10,6.0,6,0,9,9,zero,
happo,shock,2,15,1,10,10.0,10,0,17,17,zero,
happo,shock,2,15,2,10,11.0,11,0,0,0,zero,
happo,shock,2,16,0,11,5.0,5,0,9,9,zero,
happo,shock,2,16,1,11,9.0,9,0,16,16,zero,
happo,shock,2,16,2,11,5.0,0,5,19,19,zero,
happo,shock,2,17,0,12,7.0,0,7,16,16,zero,
happo,shock,2,17,1,12,12.0,12,0,8,8,zero,
happo,shock,2,17,2,12,13.0,0,13,16,16,zero,
happo,shock,2,18,0,11,2.0,0,2,2,2,zero,
happo,shock,2,18,1,11,10.0,10,0,17,17,zero,
happo,shock,2,18,2,11,14.0,0,14,0,0,zero,
happo,shock,2,19,0,11,4.0,0,4,12,12,zero,
happo,shock,2,19,1,11,15.0,15,0,0,0,zero,
happo,shock,2,19,2,11,14.0,0,14,19,19,zero,
happo,shock,2,20,0,12,7.0,0,7,12,12,zero,
happo,shock,2,20,1,12,14.0,14,0,4,4,zero,
happo,shock,2,20,2,12,1.0,1,0,0,0,zero,
happo,shock,2,21,0,10,1.0,0,1,10,10,zero,
happo,shock,2,21,1,10,4.0,4,0,17,17,zero,
happo,shock,2,21,2,10,-0.0,0,0,0,0,zero,
happo,shock,2,22,0,9,8.0,0,8,10,10,zero,
happo,shock,2,22,1,9,10.0,10,0,8,8,zero,
happo,shock,2,22,2,9,8.0,0,8,19,19,zero,
happo,shock,2,23,0,8,4.0,0,4,10,10,zero,
happo,shock,2,23,1,8,-0.0,0,0,16,16,zero,
happo,shock,2,23,2,8,5.0,0,5,2,2,zero,
happo,shock,2,24,0,7,1.0,1,0,6,6,zero,
happo,shock,2,24,1,7,12.0,12,0,0,0,zero,
happo,shock,2,24,2,7,5.0,0,5,19,19,zero,
happo,shock,2,25,0,7,4.0,4,0,6,6,zero,
happo,shock,2,25,1,7,23.0,23,0,4,4,zero,
happo,shock,2,25,2,7,9.0,0,9,20,20,zero,
happo,shock,2,26,0,7,7.0,7,0,6,6,zero,
happo,shock,2,26,1,7,17.0,17,0,16,16,zero,
happo,shock,2,26,2,7,6.0,0,6,0,0,zero,
happo,shock,2,27,0,6,11.0,11,0,10,10,zero,
happo,shock,2,27,1,6,26.0,26,0,0,0,zero,
happo,shock,2,27,2,6,4.0,0,4,19,19,zero,
happo,shock,2,28,0,6,11.0,11,0,6,6,zero,
happo,shock,2,28,1,6,20.0,20,0,1,1,zero,
happo,shock,2,28,2,6,14.0,14,0,0,0,zero,
happo,shock,2,29,0,6,11.0,11,0,0,0,zero,
happo,shock,2,29,1,6,20.0,20,0,7,7,zero,
happo,shock,2,29,2,6,27.0,27,0,0,0,zero,
happo,shock,2,30,0,5,12.0,12,0,6,6,zero,
happo,shock,2,30,1,5,33.0,33,0,0,0,zero,
happo,shock,2,30,2,5,27.0,27,0,0,0,zero,
happo,shock,2,31,0,5,17.0,17,0,6,6,zero,
happo,shock,2,31,1,5,29.0,29,0,0,0,zero,
happo,shock,2,31,2,5,46.0,46,0,0,0,zero,
happo,shock,2,32,0,5,18.0,18,0,0,0,zero,
happo,shock,2,32,1,5,34.0,34,0,1,1,zero,
happo,shock,2,32,2,5,45.0,45,0,0,0,zero,
happo,shock,2,33,0,5,13.0,13,0,0,0,zero,
happo,shock,2,33,1,5,41.0,41,0,0,0,zero,
happo,shock,2,33,2,5,45.0,45,0,0,0,zero,
happo,shock,2,34,0,5,14.0,14,0,6,6,zero,
happo,shock,2,34,1,5,35.0,35,0,0,0,zero,
happo,shock,2,34,2,5,45.0,45,0,0,0,zero,
happo,shock,2,35,0,5,15.0,15,0,10,10,zero,
happo,shock,2,35,1,5,25.0,25,0,0,0,zero,
happo,shock,2,35,2,5,45.0,45,0,0,0,zero,
happo,shock,2,36,0,4,11.0,11,0,0,0,zero,
happo,shock,2,36,1,4,26.0,26,0,16,16,zero,
happo,shock,2,36,2,4,29.0,29,0,0,0,zero,
happo,shock,2,37,0,4,7.0,7,0,0,0,zero,
happo,shock,2,37,1,4,26.0,26,0,0,0,zero,
happo,shock,2,37,2,4,29.0,29,0,0,0,zero,
happo,shock,2,38,0,3,10.0,10,0,0,0,zero,
happo,shock,2,38,1,3,26.0,26,0,0,0,zero,
happo,shock,2,38,2,3,29.0,29,0,0,0,zero,
happo,shock,2,39,0,4,16.0,16,0,0,0,zero,
happo,shock,2,39,1,4,26.0,26,0,0,0,zero,
happo,shock,2,39,2,4,29.0,29,0,0,0,zero,
happo,shock,2,40,0,4,12.0,12,0,6,6,zero,
happo,shock,2,40,1,4,36.0,36,0,0,0,zero,
happo,shock,2,40,2,4,29.0,29,0,0,0,zero,
happo,shock,2,41,0,5,7.0,7,0,11,11,zero,
happo,shock,2,41,1,5,25.0,25,0,0,0,zero,
happo,shock,2,41,2,5,29.0,29,0,0,0,zero,
happo,shock,2,42,0,6,1.0,1,0,12,12,zero,
happo,shock,2,42,1,6,13.0,13,0,7,7,zero,
happo,shock,2,42,2,6,22.0,22,0,0,0,zero,
happo,shock,2,43,0,8,7.0,0,7,1,1,zero,
happo,shock,2,43,1,8,12.0,12,0,17,17,zero,
happo,shock,2,43,2,8,5.0,5,0,0,0,zero,
happo,shock,2,44,0,9,10.0,0,10,6,6,zero,
happo,shock,2,44,1,9,6.0,6,0,0,0,zero,
happo,shock,2,44,2,9,5.0,5,0,19,19,zero,
happo,shock,2,45,0,12,11.0,0,11,12,12,zero,
happo,shock,2,45,1,12,6.0,0,6,0,0,zero,
happo,shock,2,45,2,12,5.0,5,0,2,2,zero,
happo,shock,2,46,0,13,12.0,0,12,12,12,zero,
happo,shock,2,46,1,13,11.0,0,11,16,16,zero,
happo,shock,2,46,2,13,11.0,0,11,0,0,zero,
happo,shock,2,47,0,13,24.0,0,24,10,10,zero,
happo,shock,2,47,1,13,4.0,0,4,11,11,zero,
happo,shock,2,47,2,13,22.0,0,22,19,19,zero,
happo,shock,2,48,0,12,30.0,0,30,10,10,zero,
happo,shock,2,48,1,12,14.0,0,14,17,17,zero,
happo,shock,2,48,2,12,20.0,0,20,0,0,zero,
happo,shock,2,49,0,10,34.0,0,34,10,10,zero,
happo,shock,2,49,1,10,24.0,0,24,16,16,zero,
happo,shock,2,49,2,10,34.0,0,34,19,19,zero,
happo,shock,2,50,0,10,37.0,0,37,18,18,zero,
happo,shock,2,50,1,10,37.0,0,37,16,16,zero,
happo,shock,2,50,2,10,50.0,0,50,20,20,zero,
happo,shock,2,51,0,10,30.0,0,30,18,18,zero,
happo,shock,2,51,1,10,55.0,0,55,16,16,zero,
happo,shock,2,51,2,10,47.0,0,47,20,20,zero,
happo,shock,2,52,0,10,40.0,0,40,17,17,zero,
happo,shock,2,52,1,10,53.0,0,53,16,16,zero,
happo,shock,2,52,2,10,63.0,0,63,20,20,zero,
happo,shock,2,53,0,11,51.0,0,51,17,17,zero,
happo,shock,2,53,1,11,68.0,0,68,16,16,zero,
happo,shock,2,53,2,11,60.0,0,60,20,20,zero,
happo,shock,2,54,0,11,57.0,0,57,17,17,zero,
happo,shock,2,54,1,11,85.0,0,85,16,16,zero,
happo,shock,2,54,2,11,56.0,0,56,20,20,zero,
happo,shock,2,55,0,11,68.0,0,68,17,17,zero,
happo,shock,2,55,1,11,83.0,0,83,16,16,zero,
happo,shock,2,55,2,11,52.0,0,52,20,20,zero,
happo,shock,2,56,0,10,59.0,0,59,17,17,zero,
happo,shock,2,56,1,10,100.0,0,100,16,16,zero,
happo,shock,2,56,2,10,48.0,0,48,20,20,zero,
happo,shock,2,57,0,10,67.0,0,67,17,17,zero,
happo,shock,2,57,1,10,98.0,0,98,11,11,zero,
happo,shock,2,57,2,10,39.0,0,39,20,20,zero,
happo,shock,2,58,0,9,76.0,0,76,17,17,zero,
happo,shock,2,58,1,9,95.0,0,95,11,11,zero,
happo,shock,2,58,2,9,30.0,0,30,16,16,zero,
happo,shock,2,59,0,8,65.0,0,65,17,17,zero,
happo,shock,2,59,1,8,92.0,0,92,11,11,zero,
happo,shock,2,59,2,8,21.0,0,21,16,16,zero,
happo,shock,2,60,0,9,74.0,0,74,17,17,zero,
happo,shock,2,60,1,9,89.0,0,89,16,16,zero,
happo,shock,2,60,2,9,17.0,0,17,3,3,zero,
happo,shock,2,61,0,8,63.0,0,63,19,19,zero,
happo,shock,2,61,1,8,88.0,0,88,16,16,zero,
happo,shock,2,61,2,8,13.0,0,13,19,19,zero,
happo,shock,2,62,0,8,51.0,0,51,19,19,zero,
happo,shock,2,62,1,8,87.0,0,87,16,16,zero,
happo,shock,2,62,2,8,13.0,0,13,20,20,zero,
happo,shock,2,63,0,7,38.0,0,38,20,20,zero,
happo,shock,2,63,1,7,87.0,0,87,16,16,zero,
happo,shock,2,63,2,7,13.0,0,13,20,20,zero,
happo,shock,2,64,0,7,25.0,0,25,0,0,zero,
happo,shock,2,64,1,7,67.0,0,67,16,16,zero,
happo,shock,2,64,2,7,26.0,0,26,20,20,zero,
happo,shock,2,65,0,6,11.0,0,11,0,0,zero,
happo,shock,2,65,1,6,47.0,0,47,4,4,zero,
happo,shock,2,65,2,6,11.0,0,11,20,20,zero,
happo,shock,2,66,0,6,3.0,3,0,0,0,zero,
happo,shock,2,66,1,6,31.0,0,31,1,1,zero,
happo,shock,2,66,2,6,8.0,8,0,3,3,zero,
happo,shock,2,67,0,7,16.0,16,0,0,0,zero,
happo,shock,2,67,1,7,15.0,0,15,0,0,zero,
happo,shock,2,67,2,7,28.0,28,0,0,0,zero,
happo,shock,2,68,0,7,29.0,29,0,0,0,zero,
happo,shock,2,68,1,7,12.0,0,12,0,0,zero,
happo,shock,2,68,2,7,48.0,48,0,0,0,zero,
happo,shock,2,69,0,6,43.0,43,0,0,0,zero,
happo,shock,2,69,1,6,7.0,7,0,1,1,zero,
happo,shock,2,69,2,6,67.0,67,0,0,0,zero,
happo,shock,2,70,0,8,51.0,51,0,0,0,zero,
happo,shock,2,70,1,8,19.0,19,0,1,1,zero,
happo,shock,2,70,2,8,69.0,69,0,0,0,zero,
happo,shock,2,71,0,7,60.0,60,0,0,0,zero,
happo,shock,2,71,1,7,19.0,19,0,0,0,zero,
happo,shock,2,71,2,7,69.0,69,0,0,0,zero,
happo,shock,2,72,0,8,55.0,55,0,0,0,zero,
happo,shock,2,72,1,8,19.0,19,0,0,0,zero,
happo,shock,2,72,2,8,69.0,69,0,0,0,zero,
happo,shock,2,73,0,8,59.0,59,0,0,0,zero,
happo,shock,2,73,1,8,20.0,20,0,0,0,zero,
happo,shock,2,73,2,8,69.0,69,0,0,0,zero,
happo,shock,2,74,0,8,51.0,51,0,0,0,zero,
happo,shock,2,74,1,8,21.0,21,0,0,0,zero,
happo,shock,2,74,2,8,69.0,69,0,0,0,zero,
happo,shock,2,75,0,6,45.0,45,0,0,0,zero,
happo,shock,2,75,1,6,21.0,21,0,0,0,zero,
happo,shock,2,75,2,6,69.0,69,0,0,0,zero,
happo,shock,2,76,0,6,39.0,39,0,0,0,zero,
happo,shock,2,76,1,6,21.0,21,0,0,0,zero,
happo,shock,2,76,2,6,69.0,69,0,0,0,zero,
happo,shock,2,77,0,6,33.0,33,0,0,0,zero,
happo,shock,2,77,1,6,21.0,21,0,0,0,zero,
happo,shock,2,77,2,6,69.0,69,0,0,0,zero,
happo,shock,2,78,0,9,24.0,24,0,0,0,zero,
happo,shock,2,78,1,9,21.0,21,0,0,0,zero,
happo,shock,2,78,2,9,69.0,69,0,0,0,zero,
happo,shock,2,79,0,9,15.0,15,0,16,16,zero,
happo,shock,2,79,1,9,5.0,5,0,0,0,zero,
happo,shock,2,79,2,9,69.0,69,0,0,0,zero,
happo,shock,2,80,0,9,6.0,6,0,17,17,zero,80
happo,shock,2,80,1,9,12.0,0,12,16,16,zero,80
happo,shock,2,80,2,9,53.0,53,0,0,0,zero,80
happo,shock,2,81,0,8,2.0,0,2,17,17,zero,80
happo,shock,2,81,1,8,29.0,0,29,17,17,zero,80
happo,shock,2,81,2,8,36.0,36,0,0,0,zero,80
happo,shock,2,82,0,8,10.0,0,10,9,9,zero,80
happo,shock,2,82,1,8,38.0,0,38,17,17,zero,80
happo,shock,2,82,2,8,19.0,19,0,2,2,zero,80
happo,shock,2,83,0,8,2.0,0,2,10,10,zero,80
happo,shock,2,83,1,8,48.0,0,48,8,8,zero,80
happo,shock,2,83,2,8,11.0,11,0,19,19,zero,80
happo,shock,2,84,0,6,3.0,0,3,10,10,zero,80
happo,shock,2,84,1,6,42.0,0,42,11,11,zero,80
happo,shock,2,84,2,6,-0.0,0,0,20,20,zero,80
happo,shock,2,85,0,6,9.0,0,9,6,6,zero,80
happo,shock,2,85,1,6,31.0,0,31,11,11,zero,80
happo,shock,2,85,2,6,11.0,0,11,18,18,zero,80
happo,shock,2,86,0,6,15.0,0,15,0,0,zero,80
happo,shock,2,86,1,6,14.0,0,14,11,11,zero,80
happo,shock,2,86,2,6,20.0,0,20,18,18,zero,80
happo,shock,2,87,0,6,21.0,0,21,0,0,zero,80
happo,shock,2,87,1,6,6.0,0,6,1,1,zero,80
happo,shock,2,87,2,6,2.0,0,2,0,0,zero,80
happo,shock,2,88,0,6,11.0,0,11,1,1,zero,80
happo,shock,2,88,1,6,4.0,4,0,0,0,zero,80
happo,shock,2,88,2,6,18.0,18,0,0,0,zero,80
happo,shock,2,89,0,6,-0.0,0,0,1,1,zero,80
happo,shock,2,89,1,6,3.0,3,0,0,0,zero,80
happo,shock,2,89,2,6,36.0,36,0,0,0,zero,80
happo,shock,2,90,0,6,11.0,11,0,4,4,zero,80
happo,shock,2,90,1,6,1.0,1,0,0,0,zero,80
happo,shock,2,90,2,6,54.0,54,0,0,0,zero,80
happo,shock,2,91,0,5,14.0,14,0,10,10,zero,80
happo,shock,2,91,1,5,10.0,10,0,4,4,zero,80
happo,shock,2,91,2,5,50.0,50,0,0,0,zero,80
happo,shock,2,92,0,6,15.0,15,0,0,0,zero,80
happo,shock,2,92,1,6,12.0,12,0,17,17,zero,80
happo,shock,2,92,2,6,33.0,33,0,0,0,zero,80
happo,shock,2,93,0,6,10.0,10,0,0,0,zero,80
happo,shock,2,93,1,6,12.0,12,0,0,0,zero,80
happo,shock,2,93,2,6,33.0,33,0,2,2,zero,80
happo,shock,2,94,0,5,9.0,9,0,11,11,zero,80
happo,shock,2,94,1,5,1.0,1,0,0,0,zero,80
happo,shock,2,94,2,5,33.0,33,0,0,0,zero,80
happo,shock,2,95,0,6,13.0,13,0,0,0,zero,80
happo,shock,2,95,1,6,5.0,5,0,16,16,zero,80
happo,shock,2,95,2,6,17.0,17,0,0,0,zero,80
happo,shock,2,96,0,6,7.0,7,0,0,0,zero,80
happo,shock,2,96,1,6,22.0,22,0,0,0,zero,80
happo,shock,2,96,2,6,17.0,17,0,19,19,zero,80
happo,shock,2,97,0,6,1.0,1,0,11,11,zero,80
happo,shock,2,97,1,6,11.0,11,0,0,0,zero,80
happo,shock,2,97,2,6,19.0,19,0,0,0,zero,80
happo,shock,2,98,0,4,8.0,8,0,6,6,zero,80
happo,shock,2,98,1,4,5.0,5,0,16,16,zero,80
happo,shock,2,98,2,4,3.0,3,0,0,0,zero,80
happo,shock,2,99,0,4,4.0,4,0,0,0,zero,80
happo,shock,2,99,1,4,21.0,21,0,0,0,zero,80
happo,shock,2,99,2,4,3.0,3,0,0,0,zero,80
happo,shock,2,100,0,5,1.0,0,1,0,0,zero,80
happo,shock,2,100,1,5,21.0,21,0,0,0,zero,80
happo,shock,2,100,2,5,22.0,22,0,0,0,zero,80
happo,shock,2,101,0,5,5.0,5,0,4,4,zero,80
happo,shock,2,101,1,5,17.0,17,0,0,0,zero,80
happo,shock,2,101,2,5,22.0,22,0,0,0,zero,80
happo,shock,2,102,0,6,5.0,5,0,12,12,zero,80
happo,shock,2,102,1,6,21.0,21,0,0,0,zero,80
happo,shock,2,102,2,6,22.0,22,0,0,0,zero,80
happo,shock,2,103,0,4,1.0,1,0,12,12,zero,80
happo,shock,2,103,1,4,9.0,9,0,16,16,zero,80
happo,shock,2,103,2,4,6.0,6,0,0,0,zero,80
happo,shock,2,104,0,4,3.0,0,3,1,1,zero,80
happo,shock,2,104,1,4,8.0,8,0,17,17,zero,80
happo,shock,2,104,2,4,11.0,0,11,19,19,zero,80
happo,shock,2,105,0,4,3.0,0,3,1,1,zero,80
happo,shock,2,105,1,4,7.0,7,0,0,0,zero,80
happo,shock,2,105,2,4,11.0,0,11,20,20,zero,80
happo,shock,2,106,0,4,5.0,5,0,1,1,zero,80
happo,shock,2,106,1,4,6.0,6,0,0,0,zero,80
happo,shock,2,106,2,4,11.0,0,11,4,4,zero,80
happo,shock,2,107,0,4,13.0,13,0,1,1,zero,80
happo,shock,2,107,1,4,21.0,21,0,0,0,zero,80
happo,shock,2,107,2,4,11.0,0,11,0,0,zero,80
happo,shock,2,108,0,4,10.0,10,0,6,6,zero,80
happo,shock,2,108,1,4,21.0,21,0,0,0,zero,80
happo,shock,2,108,2,4,8.0,8,0,0,0,zero,80
happo,shock,2,109,0,4,7.0,7,0,10,10,zero,80
happo,shock,2,109,1,4,11.0,11,0,0,0,zero,80
happo,shock,2,109,2,4,28.0,28,0,0,0,zero,80
happo,shock,2,110,0,4,4.0,4,0,0,0,zero,80
happo,shock,2,110,1,4,11.0,11,0,16,16,zero,80
happo,shock,2,110,2,4,16.0,16,0,0,0,zero,80
happo,shock,2,111,0,4,1.0,1,0,0,0,zero,80
happo,shock,2,111,1,4,11.0,11,0,0,0,zero,80
happo,shock,2,111,2,4,16.0,16,0,16,16,zero,80
happo,shock,2,112,0,4,3.0,3,0,4,4,zero,80
happo,shock,2,112,1,4,18.0,18,0,0,0,zero,80
happo,shock,2,112,2,4,16.0,16,0,0,0,zero,80
happo,shock,2,113,0,4,9.0,9,0,4,4,zero,80
happo,shock,2,113,1,4,14.0,14,0,0,0,zero,80
happo,shock,2,113,2,4,16.0,16,0,0,0,zero,80
happo,shock,2,114,0,4,5.0,5,0,0,0,zero,80
happo,shock,2,114,1,4,30.0,30,0,0,0,zero,80
happo,shock,2,114,2,4,16.0,16,0,0,0,zero,80
happo,shock,2,115,0,4,1.0,1,0,6,6,zero,80
happo,shock,2,115,1,4,24.0,24,0,0,0,zero,80
happo,shock,2,115,2,4,32.0,32,0,0,0,zero,80
happo,shock,2,116,0,3,2.0,2,0,10,10,zero,80
happo,shock,2,116,1,3,14.0,14,0,0,0,zero,80
happo,shock,2,116,2,3,32.0,32,0,0,0,zero,80
happo,shock,2,117,0,4,2.0,2,0,0,0,zero,80
happo,shock,2,117,1,4,14.0,14,0,16,16,zero,80
happo,shock,2,117,2,4,16.0,16,0,0,0,zero,80
happo,shock,2,118,0,6,4.0,0,4,0,0,zero,80
happo,shock,2,118,1,6,14.0,14,0,0,0,zero,80
happo,shock,2,118,2,6,16.0,16,0,2,2,zero,80
happo,shock,2,119,0,8,6.0,0,6,6,6,zero,80
happo,shock,2,119,1,8,8.0,8,0,0,0,zero,80
happo,shock,2,119,2,8,16.0,16,0,0,0,zero,80
happo,shock,2,120,0,6,2.0,0,2,10,10,zero,80
happo,shock,2,120,1,6,2.0,0,2,7,7,zero,80
happo,shock,2,120,2,6,9.0,9,0,0,0,zero,80
happo,shock,2,121,0,6,8.0,0,8,10,10,zero,80
happo,shock,2,121,1,6,4.0,4,0,16,16,zero,80
happo,shock,2,121,2,6,7.0,0,7,19,19,zero,80
happo,shock,2,122,0,8,16.0,0,16,6,6,zero,80
happo,shock,2,122,1,8,2.0,0,2,16,16,zero,80
happo,shock,2,122,2,8,21.0,0,21,16,16,zero,80
happo,shock,2,123,0,6,16.0,0,16,6,6,zero,80
happo,shock,2,123,1,6,8.0,0,8,16,16,zero,80
happo,shock,2,123,2,6,37.0,0,37,20,20,zero,80
happo,shock,2,124,0,6,14.0,0,14,6,6,zero,80
happo,shock,2,124,1,6,7.0,0,7,11,11,zero,80
happo,shock,2,124,2,6,48.0,0,48,20,20,zero,80
happo,shock,2,125,0,6,8.0,0,8,6,6,zero,80
happo,shock,2,125,1,6,4.0,0,4,11,11,zero,80
happo,shock,2,125,2,6,40.0,0,40,20,20,zero,80
happo,shock,2,126,0,6,10.0,0,10,6,6,zero,80
happo,shock,2,126,1,6,8.0,0,8,0,0,zero,80
happo,shock,2,126,2,6,24.0,0,24,0,0,zero,80
happo,shock,2,127,0,6,16.0,0,16,6,6,zero,80
happo,shock,2,127,1,6,14.0,0,14,0,0,zero,80
happo,shock,2,127,2,6,4.0,0,4,0,0,zero,80
happo,shock,2,128,0,8,17.0,0,17,11,11,zero,80
happo,shock,2,128,1,8,25.0,0,25,0,0,zero,80
happo,shock,2,128,2,8,16.0,16,0,0,0,zero,80
happo,shock,2,129,0,8,16.0,0,16,11,11,zero,80
happo,shock,2,129,1,8,17.0,0,17,16,16,zero,80
happo,shock,2,129,2,8,20.0,20,0,0,0,zero,80
happo,shock,2,130,0,8,22.0,0,22,6,6,zero,80
happo,shock,2,130,1,8,7.0,0,7,8,8,zero,80
happo,shock,2,130,2,8,12.0,12,0,16,16,zero,80
happo,shock,2,131,0,6,28.0,0,28,6,6,zero,80
happo,shock,2,131,1,6,7.0,7,0,11,11,zero,80
happo,shock,2,131,2,6,1.0,1,0,4,4,zero,80
happo,shock,2,132,0,6,34.0,0,34,6,6,zero,80
happo,shock,2,132,1,6,5.0,5,0,8,8,zero,80
happo,shock,2,132,2,6,7.0,0,7,19,19,zero,80
happo,shock,2,133,0,6,21.0,0,21,6,6,zero,80
happo,shock,2,133,1,6,15.0,15,0,8,8,zero,80
happo,shock,2,133,2,6,15.0,0,15,20,20,zero,80
happo,shock,2,134,0,5,10.0,0,10,6,6,zero,80
happo,shock,2,134,1,5,17.0,17,0,11,11,zero,80
happo,shock,2,134,2,5,10.0,0,10,0,0,zero,80
happo,shock,2,135,0,6,3.0,0,3,6,6,zero,80
happo,shock,2,135,1,6,22.0,22,0,1,1,zero,80
happo,shock,2,135,2,6,7.0,0,7,19,19,zero,80
happo,shock,2,136,0,5,2.0,0,2,6,6,zero,80
happo,shock,2,136,1,5,17.0,17,0,1,1,zero,80
happo,shock,2,136,2,5,11.0,11,0,0,0,zero,80
happo,shock,2,137,0,6,2.0,0,2,6,6,zero,80
happo,shock,2,137,1,6,11.0,11,0,8,8,zero,80
happo,shock,2,137,2,6,23.0,23,0,0,0,zero,80
happo,shock,2,138,0,5,1.0,0,1,6,6,zero,80
happo,shock,2,138,1,5,21.0,21,0,1,1,zero,80
happo,shock,2,138,2,5,22.0,22,0,0,0,zero,80
happo,shock,2,139,0,5,-0.0,0,0,6,6,zero,80
happo,shock,2,139,1,5,19.0,19,0,1,1,zero,80
happo,shock,2,139,2,5,40.0,40,0,0,0,zero,80
happo,shock,2,140,0,5,1.0,1,0,6,6,zero,80
happo,shock,2,140,1,5,21.0,21,0,7,7,zero,80
happo,shock,2,140,2,5,33.0,33,0,0,0,zero,80
happo,shock,2,141,0,5,2.0,2,0,6,6,zero,80
happo,shock,2,141,1,5,23.0,23,0,7,7,zero,80
happo,shock,2,141,2,5,26.0,26,0,0,0,zero,80
happo,shock,2,142,0,4,4.0,4,0,6,6,zero,80
happo,shock,2,142,1,4,18.0,18,0,7,7,zero,80
happo,shock,2,142,2,4,19.0,19,0,2,2,zero,80
happo,shock,2,143,0,4,6.0,6,0,1,1,zero,80
happo,shock,2,143,1,4,18.0,18,0,7,7,zero,80
happo,shock,2,143,2,4,12.0,12,0,19,19,zero,80
happo,shock,2,144,0,4,8.0,8,0,0,0,zero,80
happo,shock,2,144,1,4,25.0,25,0,0,0,zero,80
happo,shock,2,144,2,4,12.0,12,0,16,16,zero,80
happo,shock,2,145,0,4,10.0,10,0,6,6,zero,80
happo,shock,2,145,1,4,26.0,26,0,0,0,zero,80
happo,shock,2,145,2,4,12.0,12,0,0,0,zero,80
happo,shock,2,146,0,4,12.0,12,0,6,6,zero,80
happo,shock,2,146,1,4,27.0,27,0,0,0,zero,80
happo,shock,2,146,2,4,14.0,14,0,0,0,zero,80
happo,shock,2,147,0,4,9.0,9,0,0,0,zero,80
happo,shock,2,147,1,4,34.0,34,0,0,0,zero,80
happo,shock,2,147,2,4,33.0,33,0,0,0,zero,80
happo,shock,2,148,0,3,6.0,6,0,0,0,zero,80
happo,shock,2,148,1,3,34.0,34,0,0,0,zero,80
happo,shock,2,148,2,3,49.0,49,0,0,0,zero,80
happo,shock,2,149,0,3,9.0,9,0,6,6,zero,80
happo,shock,2,149,1,3,28.0,28,0,0,0,zero,80
happo,shock,2,149,2,3,49.0,49,0,0,0,zero,80
happo,shock,2,150,0,3,12.0,12,0,0,0,zero,80
happo,shock,2,150,1,3,28.0,28,0,0,0,zero,80
happo,shock,2,150,2,3,49.0,49,0,0,0,zero,80
happo,shock,2,151,0,3,9.0,9,0,0,0,zero,80
happo,shock,2,151,1,3,28.0,28,0,0,0,zero,80
happo,shock,2,151,2,3,49.0,49,0,0,0,zero,80
happo,shock,2,152,0,3,6.0,6,0,0,0,zero,80
happo,shock,2,152,1,3,28.0,28,0,0,0,zero,80
happo,shock,2,152,2,3,49.0,49,0,0,0,zero,80
happo,shock,2,153,0,3,9.0,9,0,6,6,zero,80
happo,shock,2,153,1,3,22.0,22,0,0,0,zero,80
happo,shock,2,153,2,3,49.0,49,0,0,0,zero,80
happo,shock,2,154,0,4,5.0,5,0,0,0,zero,80
happo,shock,2,154,1,4,22.0,22,0,0,0,zero,80
happo,shock,2,154,2,4,49.0,49,0,0,0,zero,80
happo,shock,2,155,0,4,1.0,1,0,11,11,zero,80
happo,shock,2,155,1,4,11.0,11,0,0,0,zero,80
happo,shock,2,155,2,4,49.0,49,0,0,0,zero,80
happo,shock,2,156,0,4,3.0,0,3,0,0,zero,80
happo,shock,2,156,1,4,11.0,11,0,16,16,zero,80
happo,shock,2,156,2,4,33.0,33,0,0,0,zero,80
happo,shock,2,157,0,4,1.0,0,1,1,1,zero,80
happo,shock,2,157,1,4,10.0,10,0,0,0,zero,80
happo,shock,2,157,2,4,33.0,33,0,0,0,zero,80
happo,shock,2,158,0,5,6.0,0,6,4,4,zero,80
happo,shock,2,158,1,5,6.0,6,0,0,0,zero,80
happo,shock,2,158,2,5,33.0,33,0,0,0,zero,80
happo,shock,2,159,0,4,1.0,1,0,6,6,zero,80
happo,shock,2,159,1,4,-0.0,0,0,0,0,zero,80
happo,shock,2,159,2,4,33.0,33,0,0,0,zero,80
happo,shock,2,160,0,5,4.0,0,4,12,12,zero,80
happo,shock,2,160,1,5,4.0,4,0,11,11,zero,80
happo,shock,2,160,2,5,22.0,22,0,0,0,zero,80
happo,shock,2,161,0,4,7.0,0,7,2,2,zero,80
happo,shock,2,161,1,4,2.0,2,0,17,17,zero,80
happo,shock,2,161,2,4,5.0,5,0,2,2,zero,80
happo,shock,2,162,0,4,7.0,0,7,4,4,zero,80
happo,shock,2,162,1,4,2.0,0,2,0,0,zero,80
happo,shock,2,162,2,4,5.0,5,0,19,19,zero,80
happo,shock,2,163,0,5,6.0,0,6,4,4,zero,80
happo,shock,2,163,1,5,6.0,0,6,0,0,zero,80
happo,shock,2,163,2,5,5.0,5,0,4,4,zero,80
happo,shock,2,164,0,5,1.0,1,0,6,6,zero,80
happo,shock,2,164,1,5,1.0,0,1,0,0,zero,80
happo,shock,2,164,2,5,5.0,5,0,0,0,zero,80
happo,shock,2,165,0,5,2.0,0,2,6,6,zero,80
happo,shock,2,165,1,5,10.0,10,0,11,11,zero,80
happo,shock,2,165,2,5,4.0,0,4,0,0,zero,80
happo,shock,2,166,0,5,5.0,0,5,6,6,zero,80
happo,shock,2,166,1,5,4.0,4,0,17,17,zero,80
happo,shock,2,166,2,5,2.0,0,2,16,16,zero,80
happo,shock,2,167,0,6,11.0,0,11,6,6,zero,80
happo,shock,2,167,1,6,2.0,0,2,0,0,zero,80
happo,shock,2,167,2,6,2.0,2,0,16,16,zero,80
happo,shock,2,168,0,5,5.0,0,5,6,6,zero,80
happo,shock,2,168,1,5,8.0,0,8,0,0,zero,80
happo,shock,2,168,2,5,2.0,2,0,3,3,zero,80
happo,shock,2,169,0,6,4.0,0,4,6,6,zero,80
happo,shock,2,169,1,6,7.0,0,7,8,8,zero,80
happo,shock,2,169,2,6,6.0,0,6,0,0,zero,80
happo,shock,2,170,0,6,4.0,0,4,10,10,zero,80
happo,shock,2,170,1,6,2.0,2,0,11,11,zero,80
happo,shock,2,170,2,6,1.0,0,1,0,0,zero,80
happo,shock,2,171,0,6,6.0,0,6,6,6,zero,80
happo,shock,2,171,1,6,2.0,0,2,0,0,zero,80
happo,shock,2,171,2,6,15.0,15,0,19,19,zero,80
happo,shock,2,172,0,6,12.0,0,12,6,6,zero,80
happo,shock,2,172,1,6,8.0,0,8,16,16,zero,80
happo,shock,2,172,2,6,2.0,2,0,0,0,zero,80
happo,shock,2,173,0,5,10.0,0,10,6,6,zero,80
happo,shock,2,173,1,5,12.0,0,12,0,0,zero,80
happo,shock,2,173,2,5,2.0,2,0,19,19,zero,80
happo,shock,2,174,0,6,1.0,1,0,6,6,zero,80
happo,shock,2,174,1,6,2.0,0,2,16,16,zero,80
happo,shock,2,174,2,6,14.0,0,14,4,4,zero,80
happo,shock,2,175,0,6,1.0,0,1,6,6,zero,80
happo,shock,2,175,1,6,7.0,0,7,11,11,zero,80
happo,shock,2,175,2,6,6.0,0,6,19,19,zero,80
happo,shock,2,176,0,5,6.0,0,6,6,6,zero,80
happo,shock,2,176,1,5,3.0,3,0,0,0,zero,80
happo,shock,2,176,2,5,6.0,0,6,20,20,zero,80
happo,shock,2,177,0,5,9.0,0,9,2,2,zero,80
happo,shock,2,177,1,5,1.0,1,0,0,0,zero,80
happo,shock,2,177,2,5,13.0,13,0,0,0,zero,80
happo,shock,2,178,0,5,2.0,2,0,6,6,zero,80
happo,shock,2,178,1,5,3.0,0,3,0,0,zero,80
happo,shock,2,178,2,5,17.0,17,0,0,0,zero,80
happo,shock,2,179,0,5,2.0,0,2,6,6,zero,80
happo,shock,2,179,1,5,10.0,10,0,16,16,zero,80
happo,shock,2,179,2,5,20.0,20,0,0,0,zero,80
happo,shock,2,180,0,4,7.0,7,0,6,6,zero,80
happo,shock,2,180,1,4,4.0,4,0,0,0,zero,80
happo,shock,2,180,2,4,40.0,40,0,2,2,zero,80
happo,shock,2,181,0,5,4.0,4,0,0,0,zero,80
happo,shock,2,181,1,5,10.0,10,0,0,0,zero,80
happo,shock,2,181,2,5,40.0,40,0,0,0,zero,80
happo,shock,2,182,0,5,2.0,2,0,6,6,zero,80
happo,shock,2,182,1,5,4.0,4,0,0,0,zero,80
happo,shock,2,182,2,5,40.0,40,0,0,0,zero,80
happo,shock,2,183,0,6,5.0,5,0,6,6,zero,80
happo,shock,2,183,1,6,14.0,14,0,16,16,zero,80
happo,shock,2,183,2,6,24.0,24,0,0,0,zero,80
happo,shock,2,184,0,5,6.0,6,0,12,12,zero,80
happo,shock,2,184,1,5,2.0,2,0,0,0,zero,80
happo,shock,2,184,2,5,26.0,26,0,2,2,zero,80
happo,shock,2,185,0,5,1.0,1,0,8,8,zero,80
happo,shock,2,185,1,5,6.0,0,6,17,17,zero,80
happo,shock,2,185,2,5,9.0,9,0,0,0,zero,80
happo,shock,2,186,0,4,3.0,3,0,2,2,zero,80
happo,shock,2,186,1,4,8.0,0,8,16,16,zero,80
happo,shock,2,186,2,4,7.0,0,7,19,19,zero,80
happo,shock,2,187,0,4,5.0,5,0,4,4,zero,80
happo,shock,2,187,1,4,4.0,4,0,0,0,zero,80
happo,shock,2,187,2,4,7.0,0,7,20,20,zero,80
happo,shock,2,188,0,4,13.0,13,0,1,1,zero,80
happo,shock,2,188,1,4,3.0,3,0,0,0,zero,80
happo,shock,2,188,2,4,5.0,0,5,4,4,zero,80
happo,shock,2,189,0,5,10.0,10,0,0,0,zero,80
happo,shock,2,189,1,5,20.0,20,0,0,0,zero,80
happo,shock,2,189,2,5,5.0,0,5,0,0,zero,80
happo,shock,2,190,0,5,5.0,5,0,4,4,zero,80
happo,shock,2,190,1,5,25.0,25,0,0,0,zero,80
happo,shock,2,190,2,5,14.0,14,0,0,0,zero,80
happo,shock,2,191,0,5,12.0,12,0,6,6,zero,80
happo,shock,2,191,1,5,19.0,19,0,0,0,zero,80
happo,shock,2,191,2,5,34.0,34,0,0,0,zero,80
happo,shock,2,192,0,5,8.0,8,0,0,0,zero,80
happo,shock,2,192,1,5,21.0,21,0,0,0,zero,80
happo,shock,2,192,2,5,38.0,38,0,0,0,zero,80
happo,shock,2,193,0,5,3.0,3,0,11,11,zero,80
happo,shock,2,193,1,5,10.0,10,0,0,0,zero,80
happo,shock,2,193,2,5,38.0,38,0,0,0,zero,80
happo,shock,2,194,0,5,2.0,2,0,10,10,zero,80
happo,shock,2,194,1,5,5.0,5,0,16,16,zero,80
happo,shock,2,194,2,5,22.0,22,0,0,0,zero,80
happo,shock,2,195,0,4,4.0,4,0,0,0,zero,80
happo,shock,2,195,1,4,5.0,5,0,8,8,zero,80
happo,shock,2,195,2,4,14.0,14,0,2,2,zero,80
happo,shock,2,196,0,5,1.0,0,1,0,0,zero,80
happo,shock,2,196,1,5,5.0,5,0,0,0,zero,80
happo,shock,2,196,2,5,14.0,14,0,19,19,zero,80
happo,shock,2,197,0,6,4.0,4,0,4,4,zero,80
happo,shock,2,197,1,6,1.0,1,0,0,0,zero,80
happo,shock,2,197,2,6,14.0,14,0,0,0,zero,80
happo,shock,2,198,0,5,9.0,9,0,10,10,zero,80
happo,shock,2,198,1,5,7.0,7,0,0,0,zero,80
happo,shock,2,198,2,5,14.0,14,0,0,0,zero,80
happo,shock,2,199,0,5,4.0,4,0,12,12,zero,80
happo,shock,2,199,1,5,3.0,3,0,16,16,zero,80
happo,shock,2,199,2,5,-0.0,0,0,0,0,zero,80
happo,shock,2,200,0,4,-0.0,0,0,1,1,zero,80
happo,shock,2,200,1,4,2.0,2,0,16,16,zero,80
happo,shock,2,200,2,4,3.0,3,0,16,16,zero,80
happo,shock,3,1,0,10,10.0,10,0,16,16,zero,
happo,shock,3,1,1,10,4.0,4,0,8,8,zero,
happo,shock,3,1,2,10,12.0,12,0,0,0,zero,
happo,shock,3,2,0,9,11.0,11,0,10,10,zero,
happo,shock,3,2,1,9,4.0,4,0,17,17,zero,
happo,shock,3,2,2,9,5.0,5,0,2,2,zero,
happo,shock,3,3,0,9,12.0,12,0,0,0,zero,
happo,shock,3,3,1,9,14.0,14,0,8,8,zero,
happo,shock,3,3,2,9,7.0,7,0,19,19,zero,
happo,shock,3,4,0,8,14.0,14,0,10,10,zero,
happo,shock,3,4,1,8,14.0,14,0,0,0,zero,
happo,shock,3,4,2,8,17.0,17,0,20,20,zero,
happo,shock,3,5,0,8,22.0,22,0,10,10,zero,
happo,shock,3,5,1,8,12.0,12,0,4,4,zero,
happo,shock,3,5,2,8,13.0,13,0,3,3,zero,
happo,shock,3,6,0,8,24.0,24,0,0,0,zero,
happo,shock,3,6,1,8,29.0,29,0,20,20,zero,
happo,shock,3,6,2,8,5.0,0,5,0,0,zero,
happo,shock,3,7,0,9,15.0,15,0,0,0,zero,
happo,shock,3,7,1,9,37.0,37,0,0,0,zero,
happo,shock,3,7,2,9,14.0,14,0,2,2,zero,
happo,shock,3,8,0,8,17.0,17,0,11,11,zero,
happo,shock,3,8,1,8,26.0,26,0,0,0,zero,
happo,shock,3,8,2,8,34.0,34,0,0,0,zero,
happo,shock,3,9,0,8,19.0,19,0,9,9,zero,
happo,shock,3,9,1,8,21.0,21,0,4,4,zero,
happo,shock,3,9,2,8,33.0,33,0,0,0,zero,
happo,shock,3,10,0,7,12.0,12,0,16,16,zero,
happo,shock,3,10,1,7,20.0,20,0,16,16,zero,
happo,shock,3,10,2,7,17.0,17,0,0,0,zero,
happo,shock,3,11,0,6,6.0,6,0,0,0,zero,
happo,shock,3,11,1,6,25.0,25,0,17,17,zero,
happo,shock,3,11,2,6,2.0,2,0,19,19,zero,
happo,shock,3,12,0,5,12.0,12,0,0,0,zero,
happo,shock,3,12,1,5,25.0,25,0,0,0,zero,
happo,shock,3,12,2,5,2.0,2,0,20,20,zero,
happo,shock,3,13,0,5,16.0,16,0,0,0,zero,
happo,shock,3,13,1,5,29.0,29,0,0,0,zero,
happo,shock,3,13,2,5,2.0,2,0,3,3,zero,
happo,shock,3,14,0,5,27.0,27,0,0,0,zero,
happo,shock,3,14,1,5,45.0,45,0,0,0,zero,
happo,shock,3,14,2,5,2.0,2,0,0,0,zero,
happo,shock,3,15,0,6,21.0,21,0,0,0,zero,
happo,shock,3,15,1,6,62.0,62,0,0,0,zero,
happo,shock,3,15,2,6,21.0,21,0,0,0,zero,
happo,shock,3,16,0,6,15.0,15,0,11,11,zero,
happo,shock,3,16,1,6,51.0,51,0,0,0,zero,
happo,shock,3,16,2,6,41.0,41,0,0,0,zero,
happo,shock,3,17,0,7,8.0,8,0,16,16,zero,
happo,shock,3,17,1,7,35.0,35,0,0,0,zero,
happo,shock,3,17,2,7,44.0,44,0,0,0,zero,
happo,shock,3,18,0,6,2.0,2,0,12,12,zero,
happo,shock,3,18,1,6,23.0,23,0,16,16,zero,
happo,shock,3,18,2,6,28.0,28,0,0,0,zero,
happo,shock,3,19,0,6,4.0,0,4,1,1,zero,
happo,shock,3,19,1,6,22.0,22,0,17,17,zero,
happo,shock,3,19,2,6,11.0,11,0,2,2,zero,
happo,shock,3,20,0,7,-0.0,0,0,1,1,zero,
happo,shock,3,20,1,7,21.0,21,0,0,0,zero,
happo,shock,3,20,2,7,11.0,11,0,19,19,zero,
happo,shock,3,21,0,6,10.0,10,0,4,4,zero,
happo,shock,3,21,1,6,17.0,17,0,0,0,zero,
happo,shock,3,21,2,6,11.0,11,0,4,4,zero,
happo,shock,3,22,0,6,16.0,16,0,6,6,zero,
happo,shock,3,22,1,6,27.0,27,0,0,0,zero,
happo,shock,3,22,2,6,11.0,11,0,0,0,zero,
happo,shock,3,23,0,6,11.0,11,0,10,10,zero,
happo,shock,3,23,1,6,34.0,34,0,0,0,zero,
happo,shock,3,23,2,6,13.0,13,0,0,0,zero,
happo,shock,3,24,0,6,6.0,6,0,9,9,zero,
happo,shock,3,24,1,6,25.0,25,0,1,1,zero,
happo,shock,3,24,2,6,31.0,31,0,0,0,zero,
happo,shock,3,25,0,6,4.0,4,0,0,0,zero,
happo,shock,3,25,1,6,25.0,25,0,16,16,zero,
happo,shock,3,25,2,6,19.0,19,0,0,0,zero,
happo,shock,3,26,0,6,4.0,4,0,6,6,zero,
happo,shock,3,26,1,6,19.0,19,0,0,0,zero,
happo,shock,3,26,2,6,19.0,19,0,16,16,zero,
happo,shock,3,27,0,6,8.0,8,0,6,6,zero,
happo,shock,3,27,1,6,13.0,13,0,0,0,zero,
happo,shock,3,27,2,6,19.0,19,0,0,0,zero,
happo,shock,3,28,0,6,11.0,11,0,0,0,zero,
happo,shock,3,28,1,6,14.0,14,0,7,7,zero,
happo,shock,3,28,2,6,12.0,12,0,0,0,zero,
happo,shock,3,29,0,7,4.0,4,0,11,11,zero,
happo,shock,3,29,1,7,19.0,19,0,0,0,zero,
happo,shock,3,29,2,7,12.0,12,0,0,0,zero,
happo,shock,3,30,0,7,3.0,3,0,11,11,zero,
happo,shock,3,30,1,7,8.0,8,0,16,16,zero,
happo,shock,3,30,2,7,12.0,12,0,0,0,zero,
happo,shock,3,31,0,7,2.0,2,0,1,1,zero,
happo,shock,3,31,1,7,7.0,7,0,16,16,zero,
happo,shock,3,31,2,7,4.0,0,4,19,19,zero,
happo,shock,3,32,0,7,5.0,0,5,6,6,zero,
happo,shock,3,32,1,7,8.0,8,0,0,0,zero,
happo,shock,3,32,2,7,4.0,0,4,20,20,zero,
happo,shock,3,33,0,6,-0.0,0,0,10,10,zero,
happo,shock,3,33,1,6,2.0,0,2,0,0,zero,
happo,shock,3,33,2,6,4.0,0,4,3,3,zero,
happo,shock,3,34,0,7,4.0,4,0,4,4,zero,
happo,shock,3,34,1,7,10.0,10,0,11,11,zero,
happo,shock,3,34,2,7,15.0,0,15,0,0,zero,
happo,shock,3,35,0,7,2.0,0,2,12,12,zero,
happo,shock,3,35,1,7,10.0,10,0,1,1,zero,
happo,shock,3,35,2,7,3.0,3,0,0,0,zero,
happo,shock,3,36,0,7,3.0,0,3,6,6,zero,
happo,shock,3,36,1,7,4.0,4,0,17,17,zero,
happo,shock,3,36,2,7,6.0,6,0,0,0,zero,
happo,shock,3,37,0,6,1.0,0,1,6,6,zero,
happo,shock,3,37,1,6,2.0,0,2,0,0,zero,
happo,shock,3,37,2,6,9.0,9,0,19,19,zero,
happo,shock,3,38,0,6,1.0,0,1,6,6,zero,
happo,shock,3,38,1,6,8.0,0,8,16,16,zero,
happo,shock,3,38,2,6,7.0,0,7,3,3,zero,
happo,shock,3,39,0,6,5.0,5,0,6,6,zero,
happo,shock,3,39,1,6,2.0,2,0,0,0,zero,
happo,shock,3,39,2,6,7.0,0,7,19,19,zero,
happo,shock,3,40,0,6,5.0,5,0,10,10,zero,
happo,shock,3,40,1,6,9.0,9,0,11,11,zero,
happo,shock,3,40,2,6,18.0,0,18,4,4,zero,
happo,shock,3,41,0,5,4.0,4,0,2,2,zero,
happo,shock,3,41,1,5,7.0,7,0,17,17,zero,
happo,shock,3,41,2,5,16.0,0,16,19,19,zero,
happo,shock,3,42,0,6,2.0,0,2,1,1,zero,
happo,shock,3,42,1,6,15.0,15,0,0,0,zero,
happo,shock,3,42,2,6,13.0,0,13,20,20,zero,
happo,shock,3,43,0,7,5.0,5,0,4,4,zero,
happo,shock,3,43,1,7,11.0,11,0,0,0,zero,
happo,shock,3,43,2,7,6.0,6,0,0,0,zero,
happo,shock,3,44,0,7,8.0,8,0,12,12,zero,
happo,shock,3,44,1,7,1.0,0,1,0,0,zero,
happo,shock,3,44,2,7,10.0,10,0,0,0,zero,
happo,shock,3,45,0,8,2.0,2,0,12,12,zero,
happo,shock,3,45,1,8,6.0,6,0,16,16,zero,
happo,shock,3,45,2,8,13.0,13,0,0,0,zero,
happo,shock,3,46,0,7,4.0,0,4,12,12,zero,
happo,shock,3,46,1,7,3.0,0,3,16,16,zero,
happo,shock,3,46,2,7,17.0,17,0,2,2,zero,
happo,shock,3,47,0,6,6.0,0,6,2,2,zero,
happo,shock,3,47,1,6,8.0,8,0,8,8,zero,
happo,shock,3,47,2,6,9.0,9,0,19,19,zero,
happo,shock,3,48,0,6,1.0,0,1,2,2,zero,
happo,shock,3,48,1,6,6.0,6,0,0,0,zero,
happo,shock,3,48,2,6,9.0,9,0,20,20,zero,
happo,shock,3,49,0,6,6.0,6,0,4,4,zero,
happo,shock,3,49,1,6,18.0,18,0,0,0,zero,
happo,shock,3,49,2,6,9.0,9,0,3,3,zero,
happo,shock,3,50,0,4,11.0,11,0,10,10,zero,
happo,shock,3,50,1,4,24.0,24,0,0,0,zero,
happo,shock,3,50,2,4,11.0,11,0,0,0,zero,
happo,shock,3,51,0,5,11.0,11,0,0,0,zero,
happo,shock,3,51,1,5,32.0,32,0,4,4,zero,
happo,shock,3,51,2,5,26.0,26,0,0,0,zero,
happo,shock,3,52,0,5,8.0,8,0,0,0,zero,
happo,shock,3,52,1,5,32.0,32,0,0,0,zero,
happo,shock,3,52,2,5,46.0,46,0,0,0,zero,
happo,shock,3,53,0,4,8.0,8,0,6,6,zero,
happo,shock,3,53,1,4,26.0,26,0,0,0,zero,
happo,shock,3,53,2,4,49.0,49,0,0,0,zero,
happo,shock,3,54,0,4,14.0,14,0,0,0,zero,
happo,shock,3,54,1,4,26.0,26,0,0,0,zero,
happo,shock,3,54,2,4,49.0,49,0,0,0,zero,
happo,shock,3,55,0,5,9.0,9,0,0,0,zero,
happo,shock,3,55,1,5,30.0,30,0,0,0,zero,
happo,shock,3,55,2,5,49.0,49,0,0,0,zero,
happo,shock,3,56,0,5,4.0,4,0,11,11,zero,
happo,shock,3,56,1,5,19.0,19,0,0,0,zero,
happo,shock,3,56,2,5,49.0,49,0,0,0,zero,
happo,shock,3,57,0,4,6.0,6,0,10,10,zero,
happo,shock,3,57,1,4,9.0,9,0,16,16,zero,
happo,shock,3,57,2,4,33.0,33,0,0,0,zero,
happo,shock,3,58,0,4,2.0,2,0,0,0,zero,
happo,shock,3,58,1,4,9.0,9,0,8,8,zero,
happo,shock,3,58,2,4,25.0,25,0,0,0,zero,
happo,shock,3,59,0,4,2.0,0,2,0,0,zero,
happo,shock,3,59,1,4,9.0,9,0,0,0,zero,
happo,shock,3,59,2,4,25.0,25,0,16,16,zero,
happo,shock,3,60,0,4,5.0,5,0,1,1,zero,
happo,shock,3,60,1,4,8.0,8,0,0,0,zero,
happo,shock,3,60,2,4,25.0,25,0,0,0,zero,
happo,shock,3,61,0,4,11.0,11,0,4,4,zero,
happo,shock,3,61,1,4,20.0,20,0,0,0,zero,
happo,shock,3,61,2,4,25.0,25,0,0,0,zero,
happo,shock,3,62,0,3,8.0,8,0,6,6,zero,
happo,shock,3,62,1,3,22.0,22,0,0,0,zero,
happo,shock,3,62,2,3,25.0,25,0,0,0,zero,
happo,shock,3,63,0,4,4.0,4,0,0,0,zero,
happo,shock,3,63,1,4,22.0,22,0,0,0,zero,
happo,shock,3,63,2,4,41.0,41,0,0,0,zero,
happo,shock,3,64,0,3,2.0,2,0,6,6,zero,
happo,shock,3,64,1,3,16.0,16,0,0,0,zero,
happo,shock,3,64,2,3,41.0,41,0,0,0,zero,
happo,shock,3,65,0,3,3.0,3,0,0,0,zero,
happo,shock,3,65,1,3,16.0,16,0,7,7,zero,
happo,shock,3,65,2,3,34.0,34,0,0,0,zero,
happo,shock,3,66,0,3,6.0,6,0,0,0,zero,
happo,shock,3,66,1,3,16.0,16,0,0,0,zero,
happo,shock,3,66,2,3,34.0,34,0,0,0,zero,
happo,shock,3,67,0,4,2.0,2,0,6,6,zero,
happo,shock,3,67,1,4,10.0,10,0,0,0,zero,
happo,shock,3,67,2,4,34.0,34,0,0,0,zero,
happo,shock,3,68,0,4,4.0,4,0,10,10,zero,
happo,shock,3,68,1,4,-0.0,0,0,16,16,zero,
happo,shock,3,68,2,4,18.0,18,0,0,0,zero,
happo,shock,3,69,0,4,-0.0,0,0,0,0,zero,
happo,shock,3,69,1,4,7.0,7,0,8,8,zero,
happo,shock,3,69,2,4,10.0,10,0,2,2,zero,
happo,shock,3,70,0,4,4.0,0,4,1,1,zero,
happo,shock,3,70,1,4,6.0,6,0,0,0,zero,
happo,shock,3,70,2,4,10.0,10,0,19,19,zero,
happo,shock,3,71,0,4,2.0,0,2,4,4,zero,
happo,shock,3,71,1,4,2.0,2,0,0,0,zero,
happo,shock,3,71,2,4,10.0,10,0,0,0,zero,
happo,shock,3,72,0,4,4.0,4,0,4,4,zero,
happo,shock,3,72,1,4,14.0,14,0,0,0,zero,
happo,shock,3,72,2,4,10.0,10,0,0,0,zero,
happo,shock,3,73,0,5,1.0,0,1,12,12,zero,
happo,shock,3,73,1,5,10.0,10,0,0,0,zero,
happo,shock,3,73,2,5,12.0,12,0,0,0,zero,
happo,shock,3,74,0,5,5.0,0,5,2,2,zero,
happo,shock,3,74,1,5,8.0,8,0,17,17,zero,
happo,shock,3,74,2,5,14.0,14,0,0,0,zero,
happo,shock,3,75,0,5,6.0,0,6,4,4,zero,
happo,shock,3,75,1,5,4.0,4,0,0,0,zero,
happo,shock,3,75,2,5,14.0,14,0,19,19,zero,
happo,shock,3,76,0,5,7.0,0,7,6,6,zero,
happo,shock,3,76,1,5,2.0,0,2,0,0,zero,
happo,shock,3,76,2,5,14.0,14,0,0,0,zero,
happo,shock,3,77,0,4,1.0,1,0,6,6,zero,
happo,shock,3,77,1,4,8.0,0,8,8,8,zero,
happo,shock,3,77,2,4,6.0,6,0,0,0,zero,
happo,shock,3,78,0,5,2.0,0,2,6,6,zero,
happo,shock,3,78,1,5,3.0,3,0,11,11,zero,
happo,shock,3,78,2,5,5.0,0,5,0,0,zero,
happo,shock,3,79,0,5,3.0,0,3,6,6,zero,
happo,shock,3,79,1,5,3.0,0,3,8,8,zero,
happo,shock,3,79,2,5,6.0,6,0,19,19,zero,
happo,shock,3,80,0,5,4.0,0,4,2,2,zero,
happo,shock,3,80,1,5,5.0,0,5,0,0,zero,
happo,shock,3,80,2,5,6.0,6,0,15,15,zero,
happo,shock,3,81,0,5,9.0,0,9,4,4,zero,
happo,shock,3,81,1,5,1.0,0,1,0,0,zero,
happo,shock,3,81,2,5,6.0,6,0,0,0,zero,
happo,shock,3,82,0,5,-0.0,0,0,4,4,zero,
happo,shock,3,82,1,5,1.0,1,0,8,8,zero,
happo,shock,3,82,2,5,2.0,0,2,0,0,zero,
happo,shock,3,83,0,8,5.0,0,5,6,6,zero,
happo,shock,3,83,1,8,8.0,8,0,8,8,zero,
happo,shock,3,83,2,8,9.0,9,0,0,0,zero,
happo,shock,3,84,0,8,13.0,0,13,12,12,zero,
happo,shock,3,84,1,8,4.0,0,4,0,0,zero,
happo,shock,3,84,2,8,24.0,24,0,2,2,zero,
happo,shock,3,85,0,8,13.0,0,13,12,12,zero,85
happo,shock,3,85,1,8,16.0,0,16,17,17,zero,85
happo,shock,3,85,2,8,7.0,7,0,0,0,zero,85
happo,shock,3,86,0,6,14.0,0,14,10,10,zero,85
happo,shock,3,86,1,6,20.0,0,20,17,17,zero,85
happo,shock,3,86,2,6,10.0,0,10,19,19,zero,85
happo,shock,3,87,0,8,16.0,0,16,11,11,zero,85
happo,shock,3,87,1,8,21.0,0,21,16,16,zero,85
happo,shock,3,87,2,8,26.0,0,26,20,20,zero,85
happo,shock,3,88,0,8,16.0,0,16,10,10,zero,85
happo,shock,3,88,1,8,31.0,0,31,16,16,zero,85
happo,shock,3,88,2,8,40.0,0,40,20,20,zero,85
happo,shock,3,89,0,8,24.0,0,24,11,11,zero,85
happo,shock,3,89,1,8,25.0,0,25,11,11,zero,85
happo,shock,3,89,2,8,51.0,0,51,20,20,zero,85
happo,shock,3,90,0,6,24.0,0,24,11,11,zero,85
happo,shock,3,90,1,6,29.0,0,29,16,16,zero,85
happo,shock,3,90,2,6,48.0,0,48,20,20,zero,85
happo,shock,3,91,0,8,22.0,0,22,11,11,zero,85
happo,shock,3,91,1,8,40.0,0,40,17,17,zero,85
happo,shock,3,91,2,8,45.0,0,45,20,20,zero,85
happo,shock,3,92,0,8,30.0,0,30,11,11,zero,85
happo,shock,3,92,1,8,49.0,0,49,17,17,zero,85
happo,shock,3,92,2,8,42.0,0,42,20,20,zero,85
happo,shock,3,93,0,6,19.0,0,19,11,11,zero,85
happo,shock,3,93,1,6,60.0,0,60,8,8,zero,85
happo,shock,3,93,2,6,30.0,0,30,20,20,zero,85
happo,shock,3,94,0,6,18.0,0,18,18,18,zero,85
happo,shock,3,94,1,6,59.0,0,59,8,8,zero,85
happo,shock,3,94,2,6,18.0,0,18,0,0,zero,85
happo,shock,3,95,0,8,26.0,0,26,13,13,zero,85
happo,shock,3,95,1,8,52.0,0,52,11,11,zero,85
happo,shock,3,95,2,8,9.0,0,9,2,2,zero,85
happo,shock,3,96,0,8,32.0,0,32,6,6,zero,85
happo,shock,3,96,1,8,38.0,0,38,11,11,zero,85
happo,shock,3,96,2,8,-0.0,0,0,16,16,zero,85
happo,shock,3,97,0,8,40.0,0,40,6,6,zero,85
happo,shock,3,97,1,8,24.0,0,24,0,0,zero,85
happo,shock,3,97,2,8,20.0,20,0,20,20,zero,85
happo,shock,3,98,0,9,30.0,0,30,0,0,zero,85
happo,shock,3,98,1,9,4.0,0,4,19,19,zero,85
happo,shock,3,98,2,9,1.0,1,0,3,3,zero,85
happo,shock,3,99,0,11,21.0,0,21,0,0,zero,85
happo,shock,3,99,1,11,16.0,16,0,0,0,zero,85
happo,shock,3,99,2,11,3.0,3,0,19,19,zero,85
happo,shock,3,100,0,9,10.0,0,10,6,6,zero,85
happo,shock,3,100,1,9,30.0,30,0,0,0,zero,85
happo,shock,3,100,2,9,19.0,19,0,0,0,zero,85
happo,shock,3,101,0,8,2.0,2,0,6,6,zero,85
happo,shock,3,101,1,8,24.0,24,0,1,1,zero,85
happo,shock,3,101,2,8,38.0,38,0,0,0,zero,85
happo,shock,3,102,0,8,14.0,14,0,6,6,zero,85
happo,shock,3,102,1,8,37.0,37,0,1,1,zero,85
happo,shock,3,102,2,8,40.0,40,0,0,0,zero,85
happo,shock,3,103,0,2,16.0,16,0,11,11,zero,85
happo,shock,3,103,1,2,26.0,26,0,1,1,zero,85
happo,shock,3,103,2,2,58.0,58,0,0,0,zero,85
happo,shock,3,104,0,2,20.0,20,0,0,0,zero,85
happo,shock,3,104,1,2,26.0,26,0,17,17,zero,85
happo,shock,3,104,2,2,41.0,41,0,0,0,zero,85
happo,shock,3,105,0,2,24.0,24,0,0,0,zero,85
happo,shock,3,105,1,2,27.0,27,0,0,0,zero,85
happo,shock,3,105,2,2,41.0,41,0,2,2,zero,85
happo,shock,3,106,0,3,27.0,27,0,0,0,zero,85
happo,shock,3,106,1,3,28.0,28,0,0,0,zero,85
happo,shock,3,106,2,3,41.0,41,0,0,0,zero,85
happo,shock,3,107,0,3,35.0,35,0,0,0,zero,85
happo,shock,3,107,1,3,29.0,29,0,0,0,zero,85
happo,shock,3,107,2,3,41.0,41,0,0,0,zero,85
happo,shock,3,108,0,3,32.0,32,0,0,0,zero,85
happo,shock,3,108,1,3,46.0,46,0,0,0,zero,85
happo,shock,3,108,2,3,41.0,41,0,0,0,zero,85
happo,shock,3,109,0,3,29.0,29,0,0,0,zero,85
happo,shock,3,109,1,3,46.0,46,0,0,0,zero,85
happo,shock,3,109,2,3,43.0,43,0,0,0,zero,85
happo,shock,3,110,0,3,26.0,26,0,0,0,zero,85
happo,shock,3,110,1,3,46.0,46,0,0,0,zero,85
happo,shock,3,110,2,3,43.0,43,0,0,0,zero,85
happo,shock,3,111,0,3,23.0,23,0,0,0,zero,85
happo,shock,3,111,1,3,46.0,46,0,0,0,zero,85
happo,shock,3,111,2,3,43.0,43,0,0,0,zero,85
happo,shock,3,112,0,3,20.0,20,0,0,0,zero,85
happo,shock,3,112,1,3,46.0,46,0,0,0,zero,85
happo,shock,3,112,2,3,43.0,43,0,0,0,zero,85
happo,shock,3,113,0,3,17.0,17,0,0,0,zero,85
happo,shock,3,113,1,3,46.0,46,0,0,0,zero,85
happo,shock,3,113,2,3,43.0,43,0,0,0,zero,85
happo,shock,3,114,0,4,13.0,13,0,0,0,zero,85
happo,shock,3,114,1,4,46.0,46,0,0,0,zero,85
happo,shock,3,114,2,4,43.0,43,0,0,0,zero,85
happo,shock,3,115,0,4,9.0,9,0,11,11,zero,85
happo,shock,3,115,1,4,35.0,35,0,0,0,zero,85
happo,shock,3,115,2,4,43.0,43,0,0,0,zero,85
happo,shock,3,116,0,4,5.0,5,0,9,9,zero,85
happo,shock,3,116,1,4,26.0,26,0,0,0,zero,85
happo,shock,3,116,2,4,43.0,43,0,0,0,zero,85
happo,shock,3,117,0,4,1.0,1,0,0,0,zero,85
happo,shock,3,117,1,4,26.0,26,0,7,7,zero,85
happo,shock,3,117,2,4,36.0,36,0,0,0,zero,85
happo,shock,3,118,0,3,2.0,0,2,0,0,zero,85
happo,shock,3,118,1,3,26.0,26,0,0,0,zero,85
happo,shock,3,118,2,3,36.0,36,0,0,0,zero,85
happo,shock,3,119,0,4,5.0,5,0,1,1,zero,85
happo,shock,3,119,1,4,25.0,25,0,0,0,zero,85
happo,shock,3,119,2,4,36.0,36,0,0,0,zero,85
happo,shock,3,120,0,4,10.0,10,0,4,4,zero,85
happo,shock,3,120,1,4,21.0,21,0,0,0,zero,85
happo,shock,3,120,2,4,36.0,36,0,0,0,zero,85
happo,shock,3,121,0,4,6.0,6,0,11,11,zero,85
happo,shock,3,121,1,4,17.0,17,0,0,0,zero,85
happo,shock,3,121,2,4,36.0,36,0,0,0,zero,85
happo,shock,3,122,0,4,2.0,2,0,1,1,zero,85
happo,shock,3,122,1,4,16.0,16,0,16,16,zero,85
happo,shock,3,122,2,4,20.0,20,0,0,0,zero,85
happo,shock,3,123,0,4,1.0,0,1,0,0,zero,85
happo,shock,3,123,1,4,16.0,16,0,0,0,zero,85
happo,shock,3,123,2,4,20.0,20,0,0,0,zero,85
happo,shock,3,124,0,4,1.0,0,1,1,1,zero,85
happo,shock,3,124,1,4,15.0,15,0,0,0,zero,85
happo,shock,3,124,2,4,20.0,20,0,0,0,zero,85
happo,shock,3,125,0,3,7.0,7,0,4,4,zero,85
happo,shock,3,125,1,3,11.0,11,0,0,0,zero,85
happo,shock,3,125,2,3,20.0,20,0,0,0,zero,85
happo,shock,3,126,0,4,4.0,4,0,4,4,zero,85
happo,shock,3,126,1,4,23.0,23,0,0,0,zero,85
happo,shock,3,126,2,4,20.0,20,0,0,0,zero,85
happo,shock,3,127,0,4,-0.0,0,0,12,12,zero,85
happo,shock,3,127,1,4,11.0,11,0,0,0,zero,85
happo,shock,3,127,2,4,20.0,20,0,0,0,zero,85
happo,shock,3,128,0,4,3.0,0,3,1,1,zero,85
happo,shock,3,128,1,4,10.0,10,0,16,16,zero,85
happo,shock,3,128,2,4,4.0,4,0,0,0,zero,85
happo,shock,3,129,0,4,3.0,0,3,1,1,zero,85
happo,shock,3,129,1,4,9.0,9,0,0,0,zero,85
happo,shock,3,129,2,4,4.0,4,0,16,16,zero,85
happo,shock,3,130,0,4,3.0,0,3,4,4,zero,85
happo,shock,3,130,1,4,5.0,5,0,0,0,zero,85
happo,shock,3,130,2,4,4.0,4,0,0,0,zero,85
happo,shock,3,131,0,4,5.0,5,0,4,4,zero,85
happo,shock,3,131,1,4,1.0,1,0,0,0,zero,85
happo,shock,3,131,2,4,4.0,4,0,0,0,zero,85
happo,shock,3,132,0,4,2.0,2,0,12,12,zero,85
happo,shock,3,132,1,4,5.0,5,0,8,8,zero,85
happo,shock,3,132,2,4,4.0,0,4,0,0,zero,85
happo,shock,3,133,0,4,1.0,0,1,1,1,zero,85
happo,shock,3,133,1,4,4.0,4,0,17,17,zero,85
happo,shock,3,133,2,4,5.0,0,5,16,16,zero,85
happo,shock,3,134,0,4,1.0,0,1,1,1,zero,85
happo,shock,3,134,1,4,3.0,3,0,0,0,zero,85
happo,shock,3,134,2,4,5.0,0,5,20,20,zero,85
happo,shock,3,135,0,4,1.0,0,1,1,1,zero,85
happo,shock,3,135,1,4,2.0,2,0,0,0,zero,85
happo,shock,3,135,2,4,5.0,0,5,0,0,zero,85
happo,shock,3,136,0,4,7.0,7,0,4,4,zero,85
happo,shock,3,136,1,4,2.0,2,0,0,0,zero,85
happo,shock,3,136,2,4,5.0,0,5,0,0,zero,85
happo,shock,3,137,0,4,4.0,4,0,12,12,zero,85
happo,shock,3,137,1,4,6.0,6,0,8,8,zero,85
happo,shock,3,137,2,4,3.0,3,0,0,0,zero,85
happo,shock,3,138,0,4,1.0,1,0,1,1,zero,85
happo,shock,3,138,1,4,5.0,5,0,17,17,zero,85
happo,shock,3,138,2,4,6.0,6,0,2,2,zero,85
happo,shock,3,139,0,4,2.0,0,2,1,1,zero,85
happo,shock,3,139,1,4,4.0,4,0,0,0,zero,85
happo,shock,3,139,2,4,6.0,6,0,19,19,zero,85
happo,shock,3,140,0,4,2.0,0,2,1,1,zero,85
happo,shock,3,140,1,4,3.0,3,0,0,0,zero,85
happo,shock,3,140,2,4,6.0,6,0,4,4,zero,85
happo,shock,3,141,0,4,6.0,6,0,4,4,zero,85
happo,shock,3,141,1,4,12.0,12,0,0,0,zero,85
happo,shock,3,141,2,4,6.0,6,0,0,0,zero,85
happo,shock,3,142,0,4,3.0,3,0,12,12,zero,85
happo,shock,3,142,1,4,17.0,17,0,0,0,zero,85
happo,shock,3,142,2,4,8.0,8,0,0,0,zero,85
happo,shock,3,143,0,7,3.0,0,3,1,1,zero,85
happo,shock,3,143,1,7,16.0,16,0,17,17,zero,85
happo,shock,3,143,2,7,10.0,10,0,0,0,zero,85
happo,shock,3,144,0,7,9.0,0,9,6,6,zero,85
happo,shock,3,144,1,7,10.0,10,0,0,0,zero,85
happo,shock,3,144,2,7,14.0,14,0,19,19,zero,85
happo,shock,3,145,0,8,13.0,0,13,10,10,zero,85
happo,shock,3,145,1,8,-0.0,0,0,0,0,zero,85
happo,shock,3,145,2,8,14.0,14,0,0,0,zero,85
happo,shock,3,146,0,6,7.0,0,7,6,6,zero,85
happo,shock,3,146,1,6,6.0,0,6,16,16,zero,85
happo,shock,3,146,2,6,2.0,0,2,0,0,zero,85
happo,shock,3,147,0,6,12.0,0,12,6,6,zero,85
happo,shock,3,147,1,6,5.0,5,0,8,8,zero,85
happo,shock,3,147,2,6,10.0,0,10,2,2,zero,85
happo,shock,3,148,0,6,12.0,0,12,6,6,zero,85
happo,shock,3,148,1,6,1.0,0,1,16,16,zero,85
happo,shock,3,148,2,6,7.0,0,7,19,19,zero,85
happo,shock,3,149,0,6,8.0,0,8,6,6,zero,85
happo,shock,3,149,1,6,7.0,0,7,0,0,zero,85
happo,shock,3,149,2,6,7.0,0,7,20,20,zero,85
happo,shock,3,150,0,6,14.0,0,14,6,6,zero,85
happo,shock,3,150,1,6,1.0,1,0,16,16,zero,85
happo,shock,3,150,2,6,23.0,0,23,3,3,zero,85
happo,shock,3,151,0,6,8.0,0,8,6,6,zero,85
happo,shock,3,151,1,6,5.0,0,5,8,8,zero,85
happo,shock,3,151,2,6,29.0,0,29,19,19,zero,85
happo,shock,3,152,0,6,9.0,0,9,6,6,zero,85
happo,shock,3,152,1,6,8.0,8,0,11,11,zero,85
happo,shock,3,152,2,6,21.0,0,21,0,0,zero,85
happo,shock,3,153,0,6,15.0,0,15,6,6,zero,85
happo,shock,3,153,1,6,2.0,2,0,0,0,zero,85
happo,shock,3,153,2,6,1.0,0,1,19,19,zero,85
happo,shock,3,154,0,6,8.0,0,8,11,11,zero,85
happo,shock,3,154,1,6,9.0,0,9,0,0,zero,85
happo,shock,3,154,2,6,2.0,2,0,4,4,zero,85
happo,shock,3,155,0,7,14.0,0,14,6,6,zero,85
happo,shock,3,155,1,7,13.0,0,13,16,16,zero,85
happo,shock,3,155,2,7,5.0,5,0,0,0,zero,85
happo,shock,3,156,0,7,10.0,0,10,11,11,zero,85
happo,shock,3,156,1,7,5.0,0,5,0,0,zero,85
happo,shock,3,156,2,7,5.0,5,0,2,2,zero,85
happo,shock,3,157,0,9,13.0,0,13,6,6,zero,85
happo,shock,3,157,1,9,9.0,9,0,16,16,zero,85
happo,shock,3,157,2,9,8.0,8,0,0,0,zero,85
happo,shock,3,158,0,8,19.0,0,19,6,6,zero,85
happo,shock,3,158,1,8,4.0,4,0,8,8,zero,85
happo,shock,3,158,2,8,4.0,4,0,19,19,zero,85
happo,shock,3,159,0,8,25.0,0,25,6,6,zero,85
happo,shock,3,159,1,8,14.0,14,0,0,0,zero,85
happo,shock,3,159,2,8,4.0,4,0,20,20,zero,85
happo,shock,3,160,0,8,14.0,0,14,11,11,zero,85
happo,shock,3,160,1,8,3.0,3,0,8,8,zero,85
happo,shock,3,160,2,8,2.0,0,2,3,3,zero,85
happo,shock,3,161,0,7,10.0,0,10,6,6,zero,85
happo,shock,3,161,1,7,13.0,13,0,16,16,zero,85
happo,shock,3,161,2,7,18.0,0,18,3,3,zero,85
happo,shock,3,162,0,8,12.0,0,12,11,11,zero,85
happo,shock,3,162,1,8,10.0,10,0,11,11,zero,85
happo,shock,3,162,2,8,10.0,0,10,19,19,zero,85
happo,shock,3,163,0,8,14.0,0,14,10,10,zero,85
happo,shock,3,163,1,8,-0.0,0,0,16,16,zero,85
happo,shock,3,163,2,8,6.0,0,6,20,20,zero,85
happo,shock,3,164,0,8,11.0,0,11,10,10,zero,85
happo,shock,3,164,1,8,4.0,0,4,0,0,zero,85
happo,shock,3,164,2,8,3.0,0,3,20,20,zero,85
happo,shock,3,165,0,8,13.0,0,13,16,16,zero,85
happo,shock,3,165,1,8,20.0,0,20,16,16,zero,85
happo,shock,3,165,2,8,16.0,0,16,0,0,zero,85
happo,shock,3,166,0,9,11.0,0,11,12,12,zero,85
happo,shock,3,166,1,9,13.0,0,13,16,16,zero,85
happo,shock,3,166,2,9,13.0,0,13,1,1,zero,85
happo,shock,3,167,0,11,12.0,0,12,6,6,zero,85
happo,shock,3,167,1,11,1.0,1,0,17,17,zero,85
happo,shock,3,167,2,11,10.0,0,10,19,19,zero,85
happo,shock,3,168,0,12,18.0,0,18,6,6,zero,85
happo,shock,3,168,1,12,2.0,0,2,0,0,zero,85
happo,shock,3,168,2,12,10.0,10,0,20,20,zero,85
happo,shock,3,169,0,13,31.0,0,31,11,11,zero,85
happo,shock,3,169,1,13,10.0,0,10,0,0,zero,85
happo,shock,3,169,2,13,10.0,10,0,3,3,zero,85
happo,shock,3,170,0,12,24.0,0,24,16,16,zero,85
happo,shock,3,170,1,12,7.0,0,7,16,16,zero,85
happo,shock,3,170,2,12,5.0,0,5,0,0,zero,85
happo,shock,3,171,0,10,15.0,0,15,10,10,zero,85
happo,shock,3,171,1,10,3.0,3,0,16,16,zero,85
happo,shock,3,171,2,10,2.0,0,2,2,2,zero,85
happo,shock,3,172,0,9,20.0,0,20,6,6,zero,85
happo,shock,3,172,1,9,7.0,7,0,8,8,zero,85
happo,shock,3,172,2,9,10.0,10,0,19,19,zero,85
happo,shock,3,173,0,8,25.0,0,25,6,6,zero,85
happo,shock,3,173,1,8,1.0,1,0,0,0,zero,85
happo,shock,3,173,2,8,13.0,13,0,4,4,zero,85
happo,shock,3,174,0,9,15.0,0,15,6,6,zero,85
happo,shock,3,174,1,9,6.0,6,0,8,8,zero,85
happo,shock,3,174,2,9,5.0,5,0,0,0,zero,85
happo,shock,3,175,0,8,6.0,0,6,11,11,zero,85
happo,shock,3,175,1,8,14.0,14,0,1,1,zero,85
happo,shock,3,175,2,8,6.0,6,0,0,0,zero,85
happo,shock,3,176,0,8,8.0,0,8,6,6,zero,85
happo,shock,3,176,1,8,18.0,18,0,17,17,zero,85
happo,shock,3,176,2,8,8.0,8,0,0,0,zero,85
happo,shock,3,177,0,8,10.0,0,10,16,16,zero,85
happo,shock,3,177,1,8,2.0,2,0,8,8,zero,85
happo,shock,3,177,2,8,4.0,4,0,19,19,zero,85
happo,shock,3,178,0,8,12.0,0,12,6,6,zero,85
happo,shock,3,178,1,8,4.0,4,0,17,17,zero,85
happo,shock,3,178,2,8,13.0,0,13,20,20,zero,85
happo,shock,3,179,0,8,9.0,0,9,10,10,zero,85
happo,shock,3,179,1,8,5.0,0,5,16,16,zero,85
happo,shock,3,179,2,8,29.0,0,29,20,20,zero,85
happo,shock,3,180,0,8,11.0,0,11,10,10,zero,85
happo,shock,3,180,1,8,2.0,2,0,16,16,zero,85
happo,shock,3,180,2,8,45.0,0,45,20,20,zero,85
happo,shock,3,181,0,7,2.0,0,2,6,6,zero,85
happo,shock,3,181,1,7,4.0,4,0,16,16,zero,85
happo,shock,3,181,2,7,42.0,0,42,20,20,zero,85
happo,shock,3,182,0,7,3.0,0,3,6,6,zero,85
happo,shock,3,182,1,7,2.0,2,0,1,1,zero,85
happo,shock,3,182,2,7,23.0,0,23,20,20,zero,85
happo,shock,3,183,0,6,4.0,0,4,10,10,zero,85
happo,shock,3,183,1,6,8.0,0,8,0,0,zero,85
happo,shock,3,183,2,6,3.0,0,3,0,0,zero,85
happo,shock,3,184,0,6,5.0,5,0,6,6,zero,85
happo,shock,3,184,1,6,14.0,0,14,0,0,zero,85
happo,shock,3,184,2,6,17.0,17,0,0,0,zero,85
happo,shock,3,185,0,7,4.0,4,0,11,11,zero,85
happo,shock,3,185,1,7,6.0,0,6,0,0,zero,85
happo,shock,3,185,2,7,37.0,37,0,0,0,zero,85
happo,shock,3,186,0,7,3.0,3,0,10,10,zero,85
happo,shock,3,186,1,7,4.0,4,0,11,11,zero,85
happo,shock,3,186,2,7,46.0,46,0,0,0,zero,85
happo,shock,3,187,0,6,1.0,0,1,1,1,zero,85
happo,shock,3,187,1,6,23.0,23,0,17,17,zero,85
happo,shock,3,187,2,6,29.0,29,0,0,0,zero,85
happo,shock,3,188,0,7,8.0,0,8,1,1,zero,85
happo,shock,3,188,1,7,25.0,25,0,0,0,zero,85
happo,shock,3,188,2,7,29.0,29,0,19,19,zero,85
happo,shock,3,189,0,7,4.0,4,0,4,4,zero,85
happo,shock,3,189,1,7,21.0,21,0,0,0,zero,85
happo,shock,3,189,2,7,29.0,29,0,0,0,zero,85
happo,shock,3,190,0,6,14.0,14,0,6,6,zero,85
happo,shock,3,190,1,6,26.0,26,0,0,0,zero,85
happo,shock,3,190,2,6,29.0,29,0,0,0,zero,85
happo,shock,3,191,0,6,9.0,9,0,12,12,zero,85
happo,shock,3,191,1,6,31.0,31,0,1,1,zero,85
happo,shock,3,191,2,6,28.0,28,0,0,0,zero,85
happo,shock,3,192,0,6,4.0,4,0,12,12,zero,85
happo,shock,3,192,1,6,19.0,19,0,16,16,zero,85
happo,shock,3,192,2,6,31.0,31,0,0,0,zero,85
happo,shock,3,193,0,6,2.0,2,0,1,1,zero,85
happo,shock,3,193,1,6,18.0,18,0,17,17,zero,85
happo,shock,3,193,2,6,14.0,14,0,2,2,zero,85
happo,shock,3,194,0,6,2.0,2,0,1,1,zero,85
happo,shock,3,194,1,6,17.0,17,0,0,0,zero,85
happo,shock,3,194,2,6,14.0,14,0,19,19,zero,85
happo,shock,3,195,0,7,7.0,7,0,4,4,zero,85
happo,shock,3,195,1,7,14.0,14,0,0,0,zero,85
happo,shock,3,195,2,7,14.0,14,0,4,4,zero,85
happo,shock,3,196,0,6,13.0,13,0,12,12,zero,85
happo,shock,3,196,1,6,18.0,18,0,0,0,zero,85
happo,shock,3,196,2,6,14.0,14,0,0,0,zero,85
happo,shock,3,197,0,6,8.0,8,0,10,10,zero,85
happo,shock,3,197,1,6,25.0,25,0,4,4,zero,85
happo,shock,3,197,2,6,12.0,12,0,0,0,zero,85
happo,shock,3,198,0,5,4.0,4,0,1,1,zero,85
happo,shock,3,198,1,5,24.0,24,0,17,17,zero,85
happo,shock,3,198,2,5,14.0,14,0,0,0,zero,85
happo,shock,3,199,0,5,3.0,3,0,1,1,zero,85
happo,shock,3,199,1,5,23.0,23,0,0,0,zero,85
happo,shock,3,199,2,5,18.0,18,0,19,19,zero,85
happo,shock,3,200,0,5,10.0,10,0,4,4,zero,85
happo,shock,3,200,1,5,19.0,19,0,0,0,zero,85
happo,shock,3,200,2,5,18.0,18,0,0,0,zero,85
ippo,base,0,1,0,10,10.0,10,0,5,5,zero,
ippo,base,0,1,1,10,15.0,15,0,18,18,zero,
ippo,base,0,1,2,10,2.0,2,0,0,0,zero,
ippo,base,0,2,0,8,12.0,12,0,17,17,zero,
ippo,base,0,2,1,8,8.0,8,0,4,4,zero,
ippo,base,0,2,2,8,8.0,8,0,20,20,zero,
ippo,base,0,3,0,8,14.0,14,0,5,5,zero,
ippo,base,0,3,1,8,13.0,13,0,16,16,zero,
ippo,base,0,3,2,8,2.0,2,0,8,8,zero,
ippo,base,0,4,0,7,17.0,17,0,1,1,zero,
ippo,base,0,4,1,7,22.0,22,0,14,14,zero,
ippo,base,0,4,2,7,2.0,0,2,20,20,zero,
ippo,base,0,5,0,7,15.0,15,0,1,1,zero,
ippo,base,0,5,1,7,39.0,39,0,4,4,zero,
ippo,base,0,5,2,7,6.0,0,6,20,20,zero,
ippo,base,0,6,0,7,25.0,25,0,9,9,zero,
ippo,base,0,6,1,7,34.0,34,0,0,0,zero,
ippo,base,0,6,2,7,14.0,14,0,3,3,zero,
ippo,base,0,7,0,7,23.0,23,0,9,9,zero,
ippo,base,0,7,1,7,41.0,41,0,0,0,zero,
ippo,base,0,7,2,7,22.0,22,0,3,3,zero,
ippo,base,0,8,0,7,17.0,17,0,9,9,zero,
ippo,base,0,8,1,7,44.0,44,0,0,0,zero,
ippo,base,0,8,2,7,42.0,42,0,0,0,zero,
ippo,base,0,9,0,7,11.0,11,0,5,5,zero,
ippo,base,0,9,1,7,39.0,39,0,12,12,zero,
ippo,base,0,9,2,7,50.0,50,0,0,0,zero,
ippo,base,0,10,0,7,13.0,13,0,1,1,zero,
ippo,base,0,10,1,7,44.0,44,0,6,6,zero,
ippo,base,0,10,2,7,47.0,47,0,1,1,zero,
ippo,base,0,11,0,6,16.0,16,0,9,9,zero,
ippo,base,0,11,1,6,35.0,35,0,0,0,zero,
ippo,base,0,11,2,6,50.0,50,0,1,1,zero,
ippo,base,0,12,0,5,20.0,20,0,9,9,zero,
ippo,base,0,12,1,5,26.0,26,0,0,0,zero,
ippo,base,0,12,2,5,50.0,50,0,0,0,zero,
ippo,base,0,13,0,5,20.0,20,0,1,1,zero,
ippo,base,0,13,1,5,37.0,37,0,12,12,zero,
ippo,base,0,13,2,5,38.0,38,0,0,0,zero,
ippo,base,0,14,0,5,16.0,16,0,0,0,zero,
ippo,base,0,14,1,5,43.0,43,0,0,0,zero,
ippo,base,0,14,2,5,39.0,39,0,1,1,zero,
ippo,base,0,15,0,4,21.0,21,0,0,0,zero,
ippo,base,0,15,1,4,43.0,43,0,0,0,zero,
ippo,base,0,15,2,4,40.0,40,0,0,0,zero,
ippo,base,0,16,0,4,26.0,26,0,0,0,zero,
ippo,base,0,16,1,4,43.0,43,0,0,0,zero,
ippo,base,0,16,2,4,40.0,40,0,0,0,zero,
ippo,base,0,17,0,4,23.0,23,0,1,1,zero,
ippo,base,0,17,1,4,54.0,54,0,0,0,zero,
ippo,base,0,17,2,4,40.0,40,0,0,0,zero,
ippo,base,0,18,0,4,19.0,19,0,9,9,zero,
ippo,base,0,18,1,4,45.0,45,0,0,0,zero,
ippo,base,0,18,2,4,41.0,41,0,0,0,zero,
ippo,base,0,19,0,4,15.0,15,0,5,5,zero,
ippo,base,0,19,1,4,40.0,40,0,0,0,zero,
ippo,base,0,19,2,4,41.0,41,0,0,0,zero,
ippo,base,0,20,0,5,10.0,10,0,1,1,zero,
ippo,base,0,20,1,5,39.0,39,0,0,0,zero,
ippo,base,0,20,2,5,41.0,41,0,0,0,zero,
ippo,base,0,21,0,5,6.0,6,0,1,1,zero,
ippo,base,0,21,1,5,38.0,38,0,0,0,zero,
ippo,base,0,21,2,5,41.0,41,0,0,0,zero,
ippo,base,0,22,0,6,9.0,9,0,9,9,zero,
ippo,base,0,22,1,6,29.0,29,0,0,0,zero,
ippo,base,0,22,2,6,41.0,41,0,0,0,zero,
ippo,base,0,23,0,5,9.0,9,0,9,9,zero,
ippo,base,0,23,1,5,20.0,20,0,0,0,zero,
ippo,base,0,23,2,5,41.0,41,0,0,0,zero,
ippo,base,0,24,0,5,5.0,5,0,1,1,zero,
ippo,base,0,24,1,5,19.0,19,0,12,12,zero,
ippo,base,0,24,2,5,29.0,29,0,0,0,zero,
ippo,base,0,25,0,5,1.0,1,0,9,9,zero,
ippo,base,0,25,1,5,10.0,10,0,6,6,zero,
ippo,base,0,25,2,5,23.0,23,0,1,1,zero,
ippo,base,0,26,0,5,5.0,5,0,1,1,zero,
ippo,base,0,26,1,5,9.0,9,0,12,12,zero,
ippo,base,0,26,2,5,11.0,11,0,1,1,zero,
ippo,base,0,27,0,5,9.0,9,0,1,1,zero,
ippo,base,0,27,1,5,8.0,8,0,0,0,zero,
ippo,base,0,27,2,5,11.0,11,0,15,15,zero,
ippo,base,0,28,0,5,5.0,5,0,9,9,zero,
ippo,base,0,28,1,5,11.0,11,0,0,0,zero,
ippo,base,0,28,2,5,11.0,11,0,3,3,zero,
ippo,base,0,29,0,5,9.0,9,0,1,1,zero,
ippo,base,0,29,1,5,16.0,16,0,0,0,zero,
ippo,base,0,29,2,5,12.0,12,0,0,0,zero,
ippo,base,0,30,0,5,5.0,5,0,9,9,zero,
ippo,base,0,30,1,5,19.0,19,0,0,0,zero,
ippo,base,0,30,2,5,13.0,13,0,0,0,zero,
ippo,base,0,31,0,5,1.0,1,0,1,1,zero,
ippo,base,0,31,1,5,18.0,18,0,14,14,zero,
ippo,base,0,31,2,5,14.0,14,0,0,0,zero,
ippo,base,0,32,0,5,5.0,5,0,1,1,zero,
ippo,base,0,32,1,5,17.0,17,0,4,4,zero,
ippo,base,0,32,2,5,13.0,13,0,1,1,zero,
ippo,base,0,33,0,5,1.0,1,0,9,9,zero,
ippo,base,0,33,1,5,8.0,8,0,0,0,zero,
ippo,base,0,33,2,5,13.0,13,0,15,15,zero,
ippo,base,0,34,0,5,5.0,5,0,9,9,zero,
ippo,base,0,34,1,5,1.0,0,1,8,8,zero,
ippo,base,0,34,2,5,5.0,5,0,3,3,zero,
ippo,base,0,35,0,5,1.0,1,0,1,1,zero,
ippo,base,0,35,1,5,12.0,12,0,14,14,zero,
ippo,base,0,35,2,5,9.0,0,9,20,20,zero,
ippo,base,0,36,0,4,2.0,0,2,9,9,zero,
ippo,base,0,36,1,4,7.0,7,0,4,4,zero,
ippo,base,0,36,2,4,12.0,0,12,20,20,zero,
ippo,base,0,37,0,5,2.0,2,0,0,0,zero,
ippo,base,0,37,1,5,7.0,7,0,14,14,zero,
ippo,base,0,37,2,5,11.0,0,11,3,3,zero,
ippo,base,0,38,0,4,6.0,6,0,1,1,zero,
ippo,base,0,38,1,4,14.0,14,0,4,4,zero,
ippo,base,0,38,2,4,12.0,0,12,12,12,zero,
ippo,base,0,39,0,4,4.0,4,0,9,9,zero,
ippo,base,0,39,1,4,10.0,10,0,0,0,zero,
ippo,base,0,39,2,4,8.0,8,0,3,3,zero,
ippo,base,0,40,0,4,9.0,9,0,9,9,zero,
ippo,base,0,40,1,4,2.0,2,0,0,0,zero,
ippo,base,0,40,2,4,28.0,28,0,0,0,zero,
ippo,base,0,41,0,4,5.0,5,0,0,0,zero,
ippo,base,0,41,1,4,17.0,17,0,14,14,zero,
ippo,base,0,41,2,4,17.0,17,0,0,0,zero,
ippo,base,0,42,0,3,3.0,3,0,1,1,zero,
ippo,base,0,42,1,3,19.0,19,0,4,4,zero,
ippo,base,0,42,2,3,25.0,25,0,3,3,zero,
ippo,base,0,43,0,4,8.0,8,0,0,0,zero,
ippo,base,0,43,1,4,31.0,31,0,0,0,zero,
ippo,base,0,43,2,4,28.0,28,0,3,3,zero,
ippo,base,0,44,0,4,13.0,13,0,9,9,zero,
ippo,base,0,44,1,4,22.0,22,0,0,0,zero,
ippo,base,0,44,2,4,28.0,28,0,0,0,zero,
ippo,base,0,45,0,4,9.0,9,0,1,1,zero,
ippo,base,0,45,1,4,35.0,35,0,0,0,zero,
ippo,base,0,45,2,4,28.0,28,0,0,0,zero,
ippo,base,0,46,0,5,5.0,5,0,1,1,zero,
ippo,base,0,46,1,5,38.0,38,0,0,0,zero,
ippo,base,0,46,2,5,31.0,31,0,0,0,zero,
ippo,base,0,47,0,6,1.0,0,1,9,9,zero,
ippo,base,0,47,1,6,29.0,29,0,0,0,zero,
ippo,base,0,47,2,6,34.0,34,0,0,0,zero,
ippo,base,0,48,0,6,2.0,2,0,9,9,zero,
ippo,base,0,48,1,6,20.0,20,0,0,0,zero,
ippo,base,0,48,2,6,34.0,34,0,0,0,zero,
ippo,base,0,49,0,5,2.0,0,2,9,9,zero,
ippo,base,0,49,1,5,11.0,11,0,12,12,zero,
ippo,base,0,49,2,5,22.0,22,0,0,0,zero,
ippo,base,0,50,0,6,7.0,0,7,0,0,zero,
ippo,base,0,50,1,6,11.0,11,0,18,18,zero,
ippo,base,0,50,2,6,4.0,4,0,1,1,zero,
ippo,base,0,51,0,5,3.0,0,3,9,9,zero,
ippo,base,0,51,1,5,2.0,2,0,2,2,zero,
ippo,base,0,51,2,5,2.0,2,0,12,12,zero,
ippo,base,0,52,0,6,-0.0,0,0,0,0,zero,
ippo,base,0,52,1,6,2.0,2,0,12,12,zero,
ippo,base,0,52,2,6,10.0,0,10,12,12,zero,
ippo,base,0,53,0,5,4.0,4,0,9,9,zero,
ippo,base,0,53,1,5,5.0,5,0,0,0,zero,
ippo,base,0,53,2,5,10.0,0,10,20,20,zero,
ippo,base,0,54,0,5,1.0,0,1,1,1,zero,
ippo,base,0,54,1,5,22.0,22,0,4,4,zero,
ippo,base,0,54,2,5,13.0,0,13,3,3,zero,
ippo,base,0,55,0,6,2.0,2,0,1,1,zero,
ippo,base,0,55,1,6,23.0,23,0,0,0,zero,
ippo,base,0,55,2,6,1.0,0,1,0,0,zero,
ippo,base,0,56,0,5,3.0,0,3,9,9,zero,
ippo,base,0,56,1,5,16.0,16,0,0,0,zero,
ippo,base,0,56,2,5,11.0,11,0,0,0,zero,
ippo,base,0,57,0,5,1.0,1,0,9,9,zero,
ippo,base,0,57,1,5,7.0,7,0,0,0,zero,
ippo,base,0,57,2,5,31.0,31,0,0,0,zero,
ippo,base,0,58,0,5,3.0,0,3,9,9,zero,
ippo,base,0,58,1,5,1.0,0,1,12,12,zero,
ippo,base,0,58,2,5,22.0,22,0,0,0,zero,
ippo,base,0,59,0,5,7.0,0,7,0,0,zero,
ippo,base,0,59,1,5,11.0,11,0,18,18,zero,
ippo,base,0,59,2,5,4.0,4,0,1,1,zero,
ippo,base,0,60,0,5,3.0,0,3,1,1,zero,
ippo,base,0,60,1,5,11.0,11,0,2,2,zero,
ippo,base,0,60,2,5,2.0,2,0,19,19,zero,
ippo,base,0,61,0,4,2.0,2,0,9,9,zero,
ippo,base,0,61,1,4,2.0,2,0,0,0,zero,
ippo,base,0,61,2,4,2.0,2,0,12,12,zero,
ippo,base,0,62,0,4,6.0,6,0,1,1,zero,
ippo,base,0,62,1,4,13.0,13,0,0,0,zero,
ippo,base,0,62,2,4,2.0,2,0,0,0,zero,
ippo,base,0,63,0,4,3.0,3,0,9,9,zero,
ippo,base,0,63,1,4,22.0,22,0,0,0,zero,
ippo,base,0,63,2,4,3.0,3,0,0,0,zero,
ippo,base,0,64,0,4,-0.0,0,0,0,0,zero,
ippo,base,0,64,1,4,24.0,24,0,4,4,zero,
ippo,base,0,64,2,4,18.0,18,0,0,0,zero,
ippo,base,0,65,0,4,5.0,5,0,1,1,zero,
ippo,base,0,65,1,4,23.0,23,0,0,0,zero,
ippo,base,0,65,2,4,30.0,30,0,1,1,zero,
ippo,base,0,66,0,5,1.0,1,0,9,9,zero,
ippo,base,0,66,1,5,14.0,14,0,0,0,zero,
ippo,base,0,66,2,5,30.0,30,0,0,0,zero,
ippo,base,0,67,0,5,5.0,5,0,9,9,zero,
ippo,base,0,67,1,5,5.0,5,0,8,8,zero,
ippo,base,0,67,2,5,22.0,22,0,0,0,zero,
ippo,base,0,68,0,5,-0.0,0,0,1,1,zero,
ippo,base,0,68,1,5,8.0,8,0,17,17,zero,
ippo,base,0,68,2,5,5.0,5,0,1,1,zero,
ippo,base,0,69,0,5,4.0,0,4,9,9,zero,
ippo,base,0,69,1,5,1.0,0,1,8,8,zero,
ippo,base,0,69,2,5,2.0,0,2,15,15,zero,
ippo,base,0,70,0,5,-0.0,0,0,1,1,zero,
ippo,base,0,70,1,5,2.0,0,2,12,12,zero,
ippo,base,0,70,2,5,14.0,0,14,20,20,zero,
ippo,base,0,71,0,4,5.0,5,0,9,9,zero,
ippo,base,0,71,1,4,3.0,0,3,4,4,zero,
ippo,base,0,71,2,4,18.0,0,18,20,20,zero,
ippo,base,0,72,0,4,2.0,2,0,1,1,zero,
ippo,base,0,72,1,4,13.0,13,0,4,4,zero,
ippo,base,0,72,2,4,21.0,0,21,3,3,zero,
ippo,base,0,73,0,4,6.0,6,0,0,0,zero,
ippo,base,0,73,1,4,19.0,19,0,4,4,zero,
ippo,base,0,73,2,4,10.0,0,10,0,0,zero,
ippo,base,0,74,0,4,2.0,2,0,9,9,zero,
ippo,base,0,74,1,4,10.0,10,0,0,0,zero,
ippo,base,0,74,2,4,10.0,10,0,3,3,zero,
ippo,base,0,75,0,4,6.0,6,0,1,1,zero,
ippo,base,0,75,1,4,9.0,9,0,0,0,zero,
ippo,base,0,75,2,4,30.0,30,0,0,0,zero,
ippo,base,0,76,0,4,6.0,6,0,1,1,zero,
ippo,base,0,76,1,4,9.0,9,0,0,0,zero,
ippo,base,0,76,2,4,33.0,33,0,0,0,zero,
ippo,base,0,77,0,4,2.0,2,0,9,9,zero,
ippo,base,0,77,1,4,15.0,15,0,0,0,zero,
ippo,base,0,77,2,4,33.0,33,0,0,0,zero,
ippo,base,0,78,0,3,8.0,8,0,1,1,zero,
ippo,base,0,78,1,3,24.0,24,0,0,0,zero,
ippo,base,0,78,2,3,36.0,36,0,0,0,zero,
ippo,base,0,79,0,3,6.0,6,0,0,0,zero,
ippo,base,0,79,1,3,24.0,24,0,0,0,zero,
ippo,base,0,79,2,3,36.0,36,0,0,0,zero,
ippo,base,0,80,0,3,4.0,4,0,0,0,zero,
ippo,base,0,80,1,3,24.0,24,0,0,0,zero,
ippo,base,0,80,2,3,36.0,36,0,0,0,zero,
ippo,base,0,81,0,3,10.0,10,0,1,1,zero,
ippo,base,0,81,1,3,23.0,23,0,0,0,zero,
ippo,base,0,81,2,3,36.0,36,0,0,0,zero,
ippo,base,0,82,0,3,8.0,8,0,9,9,zero,
ippo,base,0,82,1,3,14.0,14,0,0,0,zero,
ippo,base,0,82,2,3,36.0,36,0,0,0,zero,
ippo,base,0,83,0,3,5.0,5,0,9,9,zero,
ippo,base,0,83,1,3,5.0,5,0,0,0,zero,
ippo,base,0,83,2,3,36.0,36,0,0,0,zero,
ippo,base,0,84,0,2,3.0,3,0,0,0,zero,
ippo,base,0,84,1,2,5.0,5,0,18,18,zero,
ippo,base,0,84,2,2,18.0,18,0,0,0,zero,
ippo,base,0,85,0,2,2.0,2,0,0,0,zero,
ippo,base,0,85,1,2,5.0,5,0,8,8,zero,
ippo,base,0,85,2,2,10.0,10,0,1,1,zero,
ippo,base,0,86,0,2,9.0,9,0,0,0,zero,
ippo,base,0,86,1,2,5.0,5,0,0,0,zero,
ippo,base,0,86,2,2,10.0,10,0,12,12,zero,
ippo,base,0,87,0,2,16.0,16,0,0,0,zero,
ippo,base,0,87,1,2,5.0,5,0,0,0,zero,
ippo,base,0,87,2,2,10.0,10,0,3,3,zero,
ippo,base,0,88,0,2,14.0,14,0,0,0,zero,
ippo,base,0,88,1,2,23.0,23,0,0,0,zero,
ippo,base,0,88,2,2,10.0,10,0,0,0,zero,
ippo,base,0,89,0,2,12.0,12,0,1,1,zero,
ippo,base,0,89,1,2,30.0,30,0,0,0,zero,
ippo,base,0,89,2,2,11.0,11,0,0,0,zero,
ippo,base,0,90,0,2,10.0,10,0,9,9,zero,
ippo,base,0,90,1,2,21.0,21,0,0,0,zero,
ippo,base,0,90,2,2,23.0,23,0,0,0,zero,
ippo,base,0,91,0,2,8.0,8,0,1,1,zero,
ippo,base,0,91,1,2,20.0,20,0,0,0,zero,
ippo,base,0,91,2,2,26.0,26,0,0,0,zero,
ippo,base,0,92,0,2,6.0,6,0,0,0,zero,
ippo,base,0,92,1,2,20.0,20,0,0,0,zero,
ippo,base,0,92,2,2,26.0,26,0,0,0,zero,
ippo,base,0,93,0,2,5.0,5,0,0,0,zero,
ippo,base,0,93,1,2,20.0,20,0,0,0,zero,
ippo,base,0,93,2,2,26.0,26,0,0,0,zero,
ippo,base,0,94,0,2,12.0,12,0,0,0,zero,
ippo,base,0,94,1,2,20.0,20,0,0,0,zero,
ippo,base,0,94,2,2,26.0,26,0,0,0,zero,
ippo,base,0,95,0,2,11.0,11,0,1,1,zero,
ippo,base,0,95,1,2,19.0,19,0,0,0,zero,
ippo,base,0,95,2,2,26.0,26,0,0,0,zero,
ippo,base,0,96,0,2,9.0,9,0,1,1,zero,
ippo,base,0,96,1,2,18.0,18,0,0,0,zero,
ippo,base,0,96,2,2,26.0,26,0,0,0,zero,
ippo,base,0,97,0,2,7.0,7,0,9,9,zero,
ippo,base,0,97,1,2,9.0,9,0,0,0,zero,
ippo,base,0,97,2,2,26.0,26,0,0,0,zero,
ippo,base,0,98,0,2,5.0,5,0,1,1,zero,
ippo,base,0,98,1,2,8.0,8,0,0,0,zero,
ippo,base,0,98,2,2,26.0,26,0,0,0,zero,
ippo,base,0,99,0,2,4.0,4,0,0,0,zero,
ippo,base,0,99,1,2,8.0,8,0,6,6,zero,
ippo,base,0,99,2,2,20.0,20,0,0,0,zero,
ippo,base,0,100,0,2,3.0,3,0,0,0,zero,
ippo,base,0,100,1,2,8.0,8,0,0,0,zero,
ippo,base,0,100,2,2,20.0,20,0,1,1,zero,
ippo,base,0,101,0,2,10.0,10,0,0,0,zero,
ippo,base,0,101,1,2,8.0,8,0,0,0,zero,
ippo,base,0,101,2,2,20.0,20,0,0,0,zero,
ippo,base,0,102,0,2,9.0,9,0,1,1,zero,
ippo,base,0,102,1,2,7.0,7,0,0,0,zero,
ippo,base,0,102,2,2,20.0,20,0,0,0,zero,
ippo,base,0,103,0,2,7.0,7,0,9,9,zero,
ippo,base,0,103,1,2,4.0,4,0,0,0,zero,
ippo,base,0,103,2,2,20.0,20,0,0,0,zero,
ippo,base,0,104,0,2,5.0,5,0,1,1,zero,
ippo,base,0,104,1,2,3.0,3,0,0,0,zero,
ippo,base,0,104,2,2,21.0,21,0,0,0,zero,
ippo,base,0,105,0,2,3.0,3,0,0,0,zero,
ippo,base,0,105,1,2,3.0,3,0,14,14,zero,
ippo,base,0,105,2,2,7.0,7,0,0,0,zero,
ippo,base,0,106,0,2,2.0,2,0,0,0,zero,
ippo,base,0,106,1,2,3.0,3,0,2,2,zero,
ippo,base,0,106,2,2,5.0,5,0,1,1,zero,
ippo,base,0,107,0,2,9.0,9,0,0,0,zero,
ippo,base,0,107,1,2,3.0,3,0,0,0,zero,
ippo,base,0,107,2,2,5.0,5,0,12,12,zero,
ippo,base,0,108,0,2,8.0,8,0,1,1,zero,
ippo,base,0,108,1,2,2.0,2,0,0,0,zero,
ippo,base,0,108,2,2,5.0,5,0,3,3,zero,
ippo,base,0,109,0,2,6.0,6,0,9,9,zero,
ippo,base,0,109,1,2,7.0,7,0,0,0,zero,
ippo,base,0,109,2,2,5.0,5,0,0,0,zero,
ippo,base,0,110,0,2,4.0,4,0,1,1,zero,
ippo,base,0,110,1,2,8.0,8,0,0,0,zero,
ippo,base,0,110,2,2,6.0,6,0,0,0,zero,
ippo,base,0,111,0,3,1.0,1,0,0,0,zero,
ippo,base,0,111,1,3,8.0,8,0,4,4,zero,
ippo,base,0,111,2,3,14.0,14,0,0,0,zero,
ippo,base,0,112,0,2,-0.0,0,0,1,1,zero,
ippo,base,0,112,1,2,7.0,7,0,0,0,zero,
ippo,base,0,112,2,2,17.0,17,0,1,1,zero,
ippo,base,0,113,0,2,7.0,7,0,9,9,zero,
ippo,base,0,113,1,2,2.0,0,2,0,0,zero,
ippo,base,0,113,2,2,17.0,17,0,0,0,zero,
ippo,base,0,114,0,3,5.0,5,0,0,0,zero,
ippo,base,0,114,1,3,2.0,0,2,12,12,zero,
ippo,base,0,114,2,3,5.0,5,0,0,0,zero,
ippo,base,0,115,0,3,2.0,2,0,0,0,zero,
ippo,base,0,115,1,3,2.0,2,0,4,4,zero,
ippo,base,0,115,2,3,1.0,1,0,12,12,zero,
ippo,base,0,116,0,3,-0.0,0,0,1,1,zero,
ippo,base,0,116,1,3,1.0,1,0,0,0,zero,
ippo,base,0,116,2,3,2.0,2,0,20,20,zero,
ippo,base,0,117,0,3,4.0,4,0,9,9,zero,
ippo,base,0,117,1,3,8.0,0,8,0,0,zero,
ippo,base,0,117,2,3,2.0,2,0,0,0,zero,
ippo,base,0,118,0,4,-0.0,0,0,9,9,zero,
ippo,base,0,118,1,4,5.0,0,5,4,4,zero,
ippo,base,0,118,2,4,2.0,0,2,0,0,zero,
ippo,base,0,119,0,4,2.0,0,2,9,9,zero,
ippo,base,0,119,1,4,10.0,0,10,16,16,zero,
ippo,base,0,119,2,4,6.0,0,6,0,0,zero,
ippo,base,0,120,0,4,5.0,0,5,1,1,zero,
ippo,base,0,120,1,4,11.0,0,11,18,18,zero,
ippo,base,0,120,2,4,4.0,0,4,12,12,zero,
ippo,base,0,121,0,3,7.0,0,7,9,9,zero,
ippo,base,0,121,1,3,20.0,0,20,8,8,zero,
ippo,base,0,121,2,3,12.0,0,12,20,20,zero,
ippo,base,0,122,0,5,-0.0,0,0,9,9,zero,
ippo,base,0,122,1,5,27.0,0,27,17,17,zero,
ippo,base,0,122,2,5,29.0,0,29,20,20,zero,
ippo,base,0,123,0,4,-0.0,0,0,9,9,zero,
ippo,base,0,123,1,4,24.0,0,24,17,17,zero,
ippo,base,0,123,2,4,46.0,0,46,20,20,zero,
ippo,base,0,124,0,5,5.0,0,5,9,9,zero,
ippo,base,0,124,1,5,13.0,0,13,17,17,zero,
ippo,base,0,124,2,5,51.0,0,51,20,20,zero,
ippo,base,0,125,0,5,10.0,0,10,0,0,zero,
ippo,base,0,125,1,5,13.0,0,13,17,17,zero,
ippo,base,0,125,2,5,48.0,0,48,20,20,zero,
ippo,base,0,126,0,6,14.0,0,14,1,1,zero,
ippo,base,0,126,1,6,14.0,0,14,4,4,zero,
ippo,base,0,126,2,6,32.0,0,32,20,20,zero,
ippo,base,0,127,0,6,8.0,0,8,9,9,zero,
ippo,base,0,127,1,6,23.0,0,23,0,0,zero,
ippo,base,0,127,2,6,12.0,0,12,3,3,zero,
ippo,base,0,128,0,6,6.0,6,0,9,9,zero,
ippo,base,0,128,1,6,20.0,0,20,0,0,zero,
ippo,base,0,128,2,6,8.0,8,0,3,3,zero,
ippo,base,0,129,0,6,-0.0,0,0,9,9,zero,
ippo,base,0,129,1,6,9.0,0,9,0,0,zero,
ippo,base,0,129,2,6,28.0,28,0,0,0,zero,
ippo,base,0,130,0,6,6.0,0,6,0,0,zero,
ippo,base,0,130,1,6,11.0,11,0,0,0,zero,
ippo,base,0,130,2,6,48.0,48,0,0,0,zero,
ippo,base,0,131,0,5,11.0,0,11,0,0,zero,
ippo,base,0,131,1,5,31.0,31,0,0,0,zero,
ippo,base,0,131,2,5,51.0,51,0,0,0,zero,
ippo,base,0,132,0,5,4.0,0,4,0,0,zero,
ippo,base,0,132,1,5,43.0,43,0,0,0,zero,
ippo,base,0,132,2,5,54.0,54,0,0,0,zero,
ippo,base,0,133,0,5,11.0,11,0,1,1,zero,
ippo,base,0,133,1,5,42.0,42,0,0,0,zero,
ippo,base,0,133,2,5,54.0,54,0,0,0,zero,
ippo,base,0,134,0,5,15.0,15,0,9,9,zero,
ippo,base,0,134,1,5,33.0,33,0,0,0,zero,
ippo,base,0,134,2,5,54.0,54,0,0,0,zero,
ippo,base,0,135,0,5,10.0,10,0,9,9,zero,
ippo,base,0,135,1,5,24.0,24,0,0,0,zero,
ippo,base,0,135,2,5,54.0,54,0,0,0,zero,
ippo,base,0,136,0,6,4.0,4,0,9,9,zero,
ippo,base,0,136,1,6,15.0,15,0,1,1,zero,
ippo,base,0,136,2,6,53.0,53,0,0,0,zero,
ippo,base,0,137,0,6,1.0,0,1,1,1,zero,
ippo,base,0,137,1,6,14.0,14,0,18,18,zero,
ippo,base,0,137,2,6,35.0,35,0,0,0,zero,
ippo,base,0,138,0,5,3.0,3,0,9,9,zero,
ippo,base,0,138,1,5,5.0,5,0,6,6,zero,
ippo,base,0,138,2,5,29.0,29,0,1,1,zero,
ippo,base,0,139,0,5,7.0,7,0,0,0,zero,
ippo,base,0,139,1,5,5.0,5,0,18,18,zero,
ippo,base,0,139,2,5,11.0,11,0,1,1,zero,
ippo,base,0,140,0,6,10.0,10,0,1,1,zero,
ippo,base,0,140,1,6,5.0,5,0,4,4,zero,
ippo,base,0,140,2,6,7.0,7,0,15,15,zero,
ippo,base,0,141,0,6,5.0,5,0,9,9,zero,
ippo,base,0,141,1,6,14.0,14,0,0,0,zero,
ippo,base,0,141,2,6,7.0,7,0,12,12,zero,
ippo,base,0,142,0,5,9.0,9,0,9,9,zero,
ippo,base,0,142,1,5,11.0,11,0,0,0,zero,
ippo,base,0,142,2,5,8.0,8,0,0,0,zero,
ippo,base,0,143,0,5,4.0,4,0,9,9,zero,
ippo,base,0,143,1,5,20.0,20,0,14,14,zero,
ippo,base,0,143,2,5,5.0,0,5,0,0,zero,
ippo,base,0,144,0,5,-0.0,0,0,0,0,zero,
ippo,base,0,144,1,5,24.0,24,0,14,14,zero,
ippo,base,0,144,2,5,4.0,0,4,3,3,zero,
ippo,base,0,145,0,6,3.0,3,0,1,1,zero,
ippo,base,0,145,1,6,23.0,23,0,2,2,zero,
ippo,base,0,145,2,6,6.0,6,0,20,20,zero,
ippo,base,0,146,0,6,6.0,6,0,9,9,zero,
ippo,base,0,146,1,6,14.0,14,0,0,0,zero,
ippo,base,0,146,2,6,6.0,6,0,12,12,zero,
ippo,base,0,147,0,5,10.0,10,0,9,9,zero,
ippo,base,0,147,1,5,14.0,14,0,0,0,zero,
ippo,base,0,147,2,5,6.0,6,0,0,0,zero,
ippo,base,0,148,0,5,5.0,5,0,9,9,zero,
ippo,base,0,148,1,5,20.0,20,0,8,8,zero,
ippo,base,0,148,2,5,1.0,1,0,0,0,zero,
ippo,base,0,149,0,5,1.0,1,0,0,0,zero,
ippo,base,0,149,1,5,26.0,26,0,12,12,zero,
ippo,base,0,149,2,5,9.0,9,0,1,1,zero,
ippo,base,0,150,0,5,5.0,5,0,0,0,zero,
ippo,base,0,150,1,5,26.0,26,0,0,0,zero,
ippo,base,0,150,2,5,21.0,21,0,12,12,zero,
ippo,base,0,151,0,5,9.0,9,0,9,9,zero,
ippo,base,0,151,1,5,17.0,17,0,0,0,zero,
ippo,base,0,151,2,5,21.0,21,0,12,12,zero,
ippo,base,0,152,0,5,13.0,13,0,9,9,zero,
ippo,base,0,152,1,5,16.0,16,0,0,0,zero,
ippo,base,0,152,2,5,21.0,21,0,0,0,zero,
ippo,base,0,153,0,5,8.0,8,0,1,1,zero,
ippo,base,0,153,1,5,27.0,27,0,12,12,zero,
ippo,base,0,153,2,5,10.0,10,0,0,0,zero,
ippo,base,0,154,0,4,4.0,4,0,9,9,zero,
ippo,base,0,154,1,4,18.0,18,0,0,0,zero,
ippo,base,0,154,2,4,22.0,22,0,1,1,zero,
ippo,base,0,155,0,5,8.0,8,0,0,0,zero,
ippo,base,0,155,1,5,18.0,18,0,12,12,zero,
ippo,base,0,155,2,5,22.0,22,0,1,1,zero,
ippo,base,0,156,0,5,12.0,12,0,1,1,zero,
ippo,base,0,156,1,5,17.0,17,0,0,0,zero,
ippo,base,0,156,2,5,22.0,22,0,12,12,zero,
ippo,base,0,157,0,5,8.0,8,0,9,9,zero,
ippo,base,0,157,1,5,20.0,20,0,0,0,zero,
ippo,base,0,157,2,5,22.0,22,0,3,3,zero,
ippo,base,0,158,0,4,13.0,13,0,1,1,zero,
ippo,base,0,158,1,4,19.0,19,0,0,0,zero,
ippo,base,0,158,2,4,23.0,23,0,0,0,zero,
ippo,base,0,159,0,4,9.0,9,0,1,1,zero,
ippo,base,0,159,1,4,30.0,30,0,0,0,zero,
ippo,base,0,159,2,4,24.0,24,0,0,0,zero,
ippo,base,0,160,0,4,6.0,6,0,1,1,zero,
ippo,base,0,160,1,4,29.0,29,0,0,0,zero,
ippo,base,0,160,2,4,36.0,36,0,0,0,zero,
ippo,base,0,161,0,5,10.0,10,0,9,9,zero,
ippo,base,0,161,1,5,20.0,20,0,0,0,zero,
ippo,base,0,161,2,5,39.0,39,0,0,0,zero,
ippo,base,0,162,0,5,6.0,6,0,9,9,zero,
ippo,base,0,162,1,5,11.0,11,0,0,0,zero,
ippo,base,0,162,2,5,39.0,39,0,0,0,zero,
ippo,base,0,163,0,6,1.0,1,0,1,1,zero,
ippo,base,0,163,1,6,10.0,10,0,18,18,zero,
ippo,base,0,163,2,6,21.0,21,0,0,0,zero,
ippo,base,0,164,0,6,4.0,0,4,9,9,zero,
ippo,base,0,164,1,6,1.0,1,0,14,14,zero,
ippo,base,0,164,2,6,7.0,7,0,1,1,zero,
ippo,base,0,165,0,5,-0.0,0,0,9,9,zero,
ippo,base,0,165,1,5,8.0,0,8,12,12,zero,
ippo,base,0,165,2,5,5.0,0,5,12,12,zero,
ippo,base,0,166,0,5,4.0,4,0,9,9,zero,
ippo,base,0,166,1,5,17.0,0,17,18,18,zero,
ippo,base,0,166,2,5,23.0,0,23,20,20,zero,
ippo,base,0,167,0,5,-0.0,0,0,9,9,zero,
ippo,base,0,167,1,5,8.0,0,8,14,14,zero,
ippo,base,0,167,2,5,37.0,0,37,20,20,zero,
ippo,base,0,168,0,6,3.0,3,0,9,9,zero,
ippo,base,0,168,1,6,3.0,0,3,14,14,zero,
ippo,base,0,168,2,6,50.0,0,50,20,20,zero,
ippo,base,0,169,0,7,3.0,0,3,1,1,zero,
ippo,base,0,169,1,7,3.0,3,0,18,18,zero,
ippo,base,0,169,2,7,56.0,0,56,20,20,zero,
ippo,base,0,170,0,7,10.0,0,10,0,0,zero,
ippo,base,0,170,1,7,3.0,3,0,14,14,zero,
ippo,base,0,170,2,7,50.0,0,50,20,20,zero,
ippo,base,0,171,0,7,1.0,1,0,9,9,zero,
ippo,base,0,171,1,7,6.0,0,6,4,4,zero,
ippo,base,0,171,2,7,34.0,0,34,20,20,zero,
ippo,base,0,172,0,7,8.0,8,0,9,9,zero,
ippo,base,0,172,1,7,14.0,0,14,0,0,zero,
ippo,base,0,172,2,7,14.0,0,14,3,3,zero,
ippo,base,0,173,0,7,5.0,5,0,9,9,zero,
ippo,base,0,173,1,7,11.0,0,11,0,0,zero,
ippo,base,0,173,2,7,6.0,6,0,3,3,zero,
ippo,base,0,174,0,7,2.0,0,2,9,9,zero,
ippo,base,0,174,1,7,-0.0,0,0,0,0,zero,
ippo,base,0,174,2,7,26.0,26,0,0,0,zero,
ippo,base,0,175,0,7,6.0,0,6,5,5,zero,
ippo,base,0,175,1,7,15.0,15,0,0,0,zero,
ippo,base,0,175,2,7,46.0,46,0,0,0,zero,
ippo,base,0,176,0,7,12.0,0,12,0,0,zero,
ippo,base,0,176,1,7,35.0,35,0,0,0,zero,
ippo,base,0,176,2,7,49.0,49,0,0,0,zero,
ippo,base,0,177,0,6,6.0,0,6,9,9,zero,
ippo,base,0,177,1,6,40.0,40,0,0,0,zero,
ippo,base,0,177,2,6,52.0,52,0,0,0,zero,
ippo,base,0,178,0,6,8.0,8,0,9,9,zero,
ippo,base,0,178,1,6,31.0,31,0,0,0,zero,
ippo,base,0,178,2,6,52.0,52,0,0,0,zero,
ippo,base,0,179,0,7,6.0,6,0,1,1,zero,
ippo,base,0,179,1,7,30.0,30,0,14,14,zero,
ippo,base,0,179,2,7,38.0,38,0,0,0,zero,
ippo,base,0,180,0,6,-0.0,0,0,9,9,zero,
ippo,base,0,180,1,6,21.0,21,0,0,0,zero,
ippo,base,0,180,2,6,38.0,38,0,1,1,zero,
ippo,base,0,181,0,6,3.0,3,0,9,9,zero,
ippo,base,0,181,1,6,12.0,12,0,12,12,zero,
ippo,base,0,181,2,6,26.0,26,0,0,0,zero,
ippo,base,0,182,0,8,4.0,4,0,9,9,zero,
ippo,base,0,182,1,8,3.0,3,0,12,12,zero,
ippo,base,0,182,2,8,14.0,14,0,1,1,zero,
ippo,base,0,183,0,8,3.0,0,3,9,9,zero,
ippo,base,0,183,1,8,8.0,8,0,12,12,zero,
ippo,base,0,183,2,8,2.0,2,0,19,19,zero,
ippo,base,0,184,0,9,3.0,0,3,9,9,zero,
ippo,base,0,184,1,9,1.0,0,1,18,18,zero,
ippo,base,0,184,2,9,15.0,0,15,20,20,zero,
ippo,base,0,185,0,8,2.0,0,2,9,9,zero,
ippo,base,0,185,1,8,2.0,2,0,18,18,zero,
ippo,base,0,185,2,8,33.0,0,33,20,20,zero,
ippo,base,0,186,0,8,1.0,0,1,9,9,zero,
ippo,base,0,186,1,8,5.0,5,0,18,18,zero,
ippo,base,0,186,2,8,50.0,0,50,20,20,zero,
ippo,base,0,187,0,9,1.0,0,1,9,9,zero,
ippo,base,0,187,1,9,8.0,8,0,18,18,zero,
ippo,base,0,187,2,9,49.0,0,49,20,20,zero,
ippo,base,0,188,0,9,2.0,0,2,18,18,zero,
ippo,base,0,188,1,9,7.0,0,7,18,18,zero,
ippo,base,0,188,2,9,47.0,0,47,20,20,zero,
ippo,base,0,189,0,9,1.0,0,1,11,11,zero,
ippo,base,0,189,1,9,18.0,0,18,18,18,zero,
ippo,base,0,189,2,9,45.0,0,45,20,20,zero,
ippo,base,0,190,0,8,-0.0,0,0,17,17,zero,
ippo,base,0,190,1,8,34.0,0,34,18,18,zero,
ippo,base,0,190,2,8,43.0,0,43,20,20,zero,
ippo,base,0,191,0,9,-0.0,0,0,17,17,zero,
ippo,base,0,191,1,9,32.0,0,32,18,18,zero,
ippo,base,0,191,2,9,41.0,0,41,20,20,zero,
ippo,base,0,192,0,10,1.0,1,0,11,11,zero,
ippo,base,0,192,1,10,23.0,0,23,18,18,zero,
ippo,base,0,192,2,10,39.0,0,39,20,20,zero,
ippo,base,0,193,0,9,8.0,0,8,0,0,zero,
ippo,base,0,193,1,9,3.0,0,3,14,14,zero,
ippo,base,0,193,2,9,33.0,0,33,20,20,zero,
ippo,base,0,194,0,10,17.0,0,17,0,0,zero,
ippo,base,0,194,1,10,17.0,17,0,4,4,zero,
ippo,base,0,194,2,10,17.0,0,17,20,20,zero,
ippo,base,0,195,0,10,8.0,0,8,0,0,zero,
ippo,base,0,195,1,10,37.0,37,0,0,0,zero,
ippo,base,0,195,2,10,3.0,3,0,3,3,zero,
ippo,base,0,196,0,10,2.0,2,0,9,9,zero,
ippo,base,0,196,1,10,48.0,48,0,0,0,zero,
ippo,base,0,196,2,10,23.0,23,0,3,3,zero,
ippo,base,0,197,0,9,13.0,13,0,9,9,zero,
ippo,base,0,197,1,9,59.0,59,0,0,0,zero,
ippo,base,0,197,2,9,43.0,43,0,0,0,zero,
ippo,base,0,198,0,11,5.0,5,0,18,18,zero,
ippo,base,0,198,1,11,61.0,61,0,0,0,zero,
ippo,base,0,198,2,11,63.0,63,0,0,0,zero,
ippo,base,0,199,0,9,4.0,0,4,9,9,zero,
ippo,base,0,199,1,9,69.0,69,0,1,1,zero,
ippo,base,0,199,2,9,65.0,65,0,0,0,zero,
ippo,base,0,200,0,10,5.0,0,5,5,5,zero,
ippo,base,0,200,1,10,64.0,64,0,12,12,zero,
ippo,base,0,200,2,10,56.0,56,0,0,0,zero,
ippo,base,1,1,0,10,10.0,10,0,5,5,zero,
ippo,base,1,1,1,10,15.0,15,0,18,18,zero,
ippo,base,1,1,2,10,2.0,2,0,0,0,zero,
ippo,base,1,2,0,11,9.0,9,0,17,17,zero,
ippo,base,1,2,1,11,8.0,8,0,4,4,zero,
ippo,base,1,2,2,11,8.0,8,0,20,20,zero,
ippo,base,1,3,0,9,10.0,10,0,9,9,zero,
ippo,base,1,3,1,9,9.0,9,0,16,16,zero,
ippo,base,1,3,2,9,2.0,2,0,8,8,zero,
ippo,base,1,4,0,9,11.0,11,0,1,1,zero,
ippo,base,1,4,1,9,18.0,18,0,14,14,zero,
ippo,base,1,4,2,9,2.0,0,2,20,20,zero,
ippo,base,1,5,0,8,8.0,8,0,9,9,zero,
ippo,base,1,5,1,8,27.0,27,0,4,4,zero,
ippo,base,1,5,2,8,6.0,0,6,20,20,zero,
ippo,base,1,6,0,8,17.0,17,0,9,9,zero,
ippo,base,1,6,1,8,22.0,22,0,4,4,zero,
ippo,base,1,6,2,8,10.0,10,0,3,3,zero,
ippo,base,1,7,0,7,19.0,19,0,9,9,zero,
ippo,base,1,7,1,7,29.0,29,0,4,4,zero,
ippo,base,1,7,2,7,14.0,14,0,3,3,zero,
ippo,base,1,8,0,7,13.0,13,0,5,5,zero,
ippo,base,1,8,1,7,36.0,36,0,14,14,zero,
ippo,base,1,8,2,7,20.0,20,0,0,0,zero,
ippo,base,1,9,0,7,15.0,15,0,1,1,zero,
ippo,base,1,9,1,7,35.0,35,0,0,0,zero,
ippo,base,1,9,2,7,40.0,40,0,12,12,zero,
ippo,base,1,10,0,7,17.0,17,0,9,9,zero,
ippo,base,1,10,1,7,36.0,36,0,0,0,zero,
ippo,base,1,10,2,7,43.0,43,0,3,3,zero,
ippo,base,1,11,0,7,19.0,19,0,9,9,zero,
ippo,base,1,11,1,7,31.0,31,0,0,0,zero,
ippo,base,1,11,2,7,46.0,46,0,0,0,zero,
ippo,base,1,12,0,6,18.0,18,0,9,9,zero,
ippo,base,1,12,1,6,36.0,36,0,5,5,zero,
ippo,base,1,12,2,6,41.0,41,0,0,0,zero,
ippo,base,1,13,0,6,13.0,13,0,1,1,zero,
ippo,base,1,13,1,6,35.0,35,0,12,12,zero,
ippo,base,1,13,2,6,41.0,41,0,0,0,zero,
ippo,base,1,14,0,6,16.0,16,0,1,1,zero,
ippo,base,1,14,1,6,34.0,34,0,0,0,zero,
ippo,base,1,14,2,6,44.0,44,0,1,1,zero,
ippo,base,1,15,0,6,19.0,19,0,1,1,zero,
ippo,base,1,15,1,6,33.0,33,0,0,0,zero,
ippo,base,1,15,2,6,44.0,44,0,0,0,zero,
ippo,base,1,16,0,7,21.0,21,0,9,9,zero,
ippo,base,1,16,1,7,29.0,29,0,0,0,zero,
ippo,base,1,16,2,7,44.0,44,0,0,0,zero,
ippo,base,1,17,0,7,15.0,15,0,9,9,zero,
ippo,base,1,17,1,7,32.0,32,0,0,0,zero,
ippo,base,1,17,2,7,44.0,44,0,0,0,zero,
ippo,base,1,18,0,7,9.0,9,0,9,9,zero,
ippo,base,1,18,1,7,23.0,23,0,1,1,zero,
ippo,base,1,18,2,7,44.0,44,0,0,0,zero,
ippo,base,1,19,0,7,3.0,3,0,9,9,zero,
ippo,base,1,19,1,7,14.0,14,0,18,18,zero,
ippo,base,1,19,2,7,26.0,26,0,0,0,zero,
ippo,base,1,20,0,8,4.0,4,0,1,1,zero,
ippo,base,1,20,1,8,13.0,13,0,18,18,zero,
ippo,base,1,20,2,8,8.0,8,0,1,1,zero,
ippo,base,1,21,0,9,4.0,4,0,9,9,zero,
ippo,base,1,21,1,9,4.0,4,0,0,0,zero,
ippo,base,1,21,2,9,8.0,8,0,12,12,zero,
ippo,base,1,22,0,9,4.0,4,0,9,9,zero,
ippo,base,1,22,1,9,4.0,0,4,8,8,zero,
ippo,base,1,22,2,9,-0.0,0,0,12,12,zero,
ippo,base,1,23,0,7,6.0,6,0,9,9,zero,
ippo,base,1,23,1,7,5.0,5,0,4,4,zero,
ippo,base,1,23,2,7,4.0,0,4,20,20,zero,
ippo,base,1,24,0,6,1.0,1,0,9,9,zero,
ippo,base,1,24,1,6,14.0,14,0,14,14,zero,
ippo,base,1,24,2,6,17.0,0,17,3,3,zero,
ippo,base,1,25,0,6,4.0,4,0,1,1,zero,
ippo,base,1,25,1,6,13.0,13,0,16,16,zero,
ippo,base,1,25,2,6,21.0,0,21,12,12,zero,
ippo,base,1,26,0,6,3.0,3,0,9,9,zero,
ippo,base,1,26,1,6,12.0,12,0,14,14,zero,
ippo,base,1,26,2,6,23.0,0,23,20,20,zero,
ippo,base,1,27,0,5,11.0,11,0,9,9,zero,
ippo,base,1,27,1,5,3.0,3,0,14,14,zero,
ippo,base,1,27,2,5,17.0,0,17,20,20,zero,
ippo,base,1,28,0,5,15.0,15,0,0,0,zero,
ippo,base,1,28,1,5,4.0,4,0,14,14,zero,
ippo,base,1,28,2,5,28.0,0,28,20,20,zero,
ippo,base,1,29,0,4,12.0,12,0,0,0,zero,
ippo,base,1,29,1,4,16.0,16,0,4,4,zero,
ippo,base,1,29,2,4,20.0,0,20,20,20,zero,
ippo,base,1,30,0,4,17.0,17,0,0,0,zero,
ippo,base,1,30,1,4,28.0,28,0,0,0,zero,
ippo,base,1,30,2,4,-0.0,0,0,3,3,zero,
ippo,base,1,31,0,4,22.0,22,0,1,1,zero,
ippo,base,1,31,1,4,47.0,47,0,0,0,zero,
ippo,base,1,31,2,4,20.0,20,0,0,0,zero,
ippo,base,1,32,0,3,19.0,19,0,9,9,zero,
ippo,base,1,32,1,3,41.0,41,0,0,0,zero,
ippo,base,1,32,2,3,40.0,40,0,0,0,zero,
ippo,base,1,33,0,3,16.0,16,0,1,1,zero,
ippo,base,1,33,1,3,52.0,52,0,0,0,zero,
ippo,base,1,33,2,3,60.0,60,0,0,0,zero,
ippo,base,1,34,0,4,12.0,12,0,0,0,zero,
ippo,base,1,34,1,4,72.0,72,0,0,0,zero,
ippo,base,1,34,2,4,63.0,63,0,0,0,zero,
ippo,base,1,35,0,3,10.0,10,0,1,1,zero,
ippo,base,1,35,1,3,71.0,71,0,0,0,zero,
ippo,base,1,35,2,3,63.0,63,0,0,0,zero,
ippo,base,1,36,0,3,16.0,16,0,1,1,zero,
ippo,base,1,36,1,3,70.0,70,0,0,0,zero,
ippo,base,1,36,2,3,63.0,63,0,0,0,zero,
ippo,base,1,37,0,4,13.0,13,0,5,5,zero,
ippo,base,1,37,1,4,65.0,65,0,0,0,zero,
ippo,base,1,37,2,4,63.0,63,0,0,0,zero,
ippo,base,1,38,0,4,9.0,9,0,9,9,zero,
ippo,base,1,38,1,4,56.0,56,0,0,0,zero,
ippo,base,1,38,2,4,63.0,63,0,0,0,zero,
ippo,base,1,39,0,4,6.0,6,0,1,1,zero,
ippo,base,1,39,1,4,55.0,55,0,0,0,zero,
ippo,base,1,39,2,4,63.0,63,0,0,0,zero,
ippo,base,1,40,0,3,4.0,4,0,1,1,zero,
ippo,base,1,40,1,3,54.0,54,0,0,0,zero,
ippo,base,1,40,2,3,63.0,63,0,0,0,zero,
ippo,base,1,41,0,3,6.0,6,0,0,0,zero,
ippo,base,1,41,1,3,54.0,54,0,0,0,zero,
ippo,base,1,41,2,3,63.0,63,0,0,0,zero,
ippo,base,1,42,0,3,12.0,12,0,1,1,zero,
ippo,base,1,42,1,3,53.0,53,0,0,0,zero,
ippo,base,1,42,2,3,63.0,63,0,0,0,zero,
ippo,base,1,43,0,3,10.0,10,0,9,9,zero,
ippo,base,1,43,1,3,44.0,44,0,0,0,zero,
ippo,base,1,43,2,3,63.0,63,0,0,0,zero,
ippo,base,1,44,0,3,8.0,8,0,1,1,zero,
ippo,base,1,44,1,3,43.0,43,0,0,0,zero,
ippo,base,1,44,2,3,63.0,63,0,0,0,zero,
ippo,base,1,45,0,4,4.0,4,0,0,0,zero,
ippo,base,1,45,1,4,43.0,43,0,0,0,zero,
ippo,base,1,45,2,4,63.0,63,0,0,0,zero,
ippo,base,1,46,0,3,2.0,2,0,9,9,zero,
ippo,base,1,46,1,3,34.0,34,0,0,0,zero,
ippo,base,1,46,2,3,63.0,63,0,0,0,zero,
ippo,base,1,47,0,3,8.0,8,0,1,1,zero,
ippo,base,1,47,1,3,33.0,33,0,0,0,zero,
ippo,base,1,47,2,3,63.0,63,0,0,0,zero,
ippo,base,1,48,0,3,6.0,6,0,0,0,zero,
ippo,base,1,48,1,3,33.0,33,0,0,0,zero,
ippo,base,1,48,2,3,63.0,63,0,0,0,zero,
ippo,base,1,49,0,4,2.0,2,0,0,0,zero,
ippo,base,1,49,1,4,33.0,33,0,0,0,zero,
ippo,base,1,49,2,4,63.0,63,0,0,0,zero,
ippo,base,1,50,0,3,8.0,8,0,9,9,zero,
ippo,base,1,50,1,3,24.0,24,0,0,0,zero,
ippo,base,1,50,2,3,63.0,63,0,0,0,zero,
ippo,base,1,51,0,3,6.0,6,0,1,1,zero,
ippo,base,1,51,1,3,23.0,23,0,0,0,zero,
ippo,base,1,51,2,3,63.0,63,0,0,0,zero,
ippo,base,1,52,0,4,2.0,2,0,0,0,zero,
ippo,base,1,52,1,4,23.0,23,0,0,0,zero,
ippo,base,1,52,2,4,63.0,63,0,0,0,zero,
ippo,base,1,53,0,4,2.0,0,2,9,9,zero,
ippo,base,1,53,1,4,14.0,14,0,0,0,zero,
ippo,base,1,53,2,4,63.0,63,0,0,0,zero,
ippo,base,1,54,0,4,3.0,3,0,9,9,zero,
ippo,base,1,54,1,4,5.0,5,0,0,0,zero,
ippo,base,1,54,2,4,63.0,63,0,0,0,zero,
ippo,base,1,55,0,4,-0.0,0,0,0,0,zero,
ippo,base,1,55,1,4,5.0,5,0,18,18,zero,
ippo,base,1,55,2,4,45.0,45,0,0,0,zero,
ippo,base,1,56,0,4,4.0,0,4,0,0,zero,
ippo,base,1,56,1,4,5.0,5,0,8,8,zero,
ippo,base,1,56,2,4,37.0,37,0,1,1,zero,
ippo,base,1,57,0,4,1.0,1,0,9,9,zero,
ippo,base,1,57,1,4,4.0,0,4,0,0,zero,
ippo,base,1,57,2,4,37.0,37,0,1,1,zero,
ippo,base,1,58,0,5,5.0,5,0,9,9,zero,
ippo,base,1,58,1,5,13.0,0,13,8,8,zero,
ippo,base,1,58,2,5,29.0,29,0,0,0,zero,
ippo,base,1,59,0,5,-0.0,0,0,9,9,zero,
ippo,base,1,59,1,5,4.0,0,4,14,14,zero,
ippo,base,1,59,2,5,15.0,15,0,1,1,zero,
ippo,base,1,60,0,5,5.0,0,5,9,9,zero,
ippo,base,1,60,1,5,5.0,0,5,14,14,zero,
ippo,base,1,60,2,5,2.0,2,0,15,15,zero,
ippo,base,1,61,0,5,5.0,0,5,1,1,zero,
ippo,base,1,61,1,5,6.0,0,6,17,17,zero,
ippo,base,1,61,2,5,14.0,0,14,20,20,zero,
ippo,base,1,62,0,5,10.0,0,10,9,9,zero,
ippo,base,1,62,1,5,7.0,0,7,4,4,zero,
ippo,base,1,62,2,5,18.0,0,18,20,20,zero,
ippo,base,1,63,0,5,3.0,3,0,9,9,zero,
ippo,base,1,63,1,5,2.0,0,2,14,14,zero,
ippo,base,1,63,2,5,31.0,0,31,3,3,zero,
ippo,base,1,64,0,4,7.0,7,0,0,0,zero,
ippo,base,1,64,1,4,12.0,12,0,14,14,zero,
ippo,base,1,64,2,4,30.0,0,30,12,12,zero,
ippo,base,1,65,0,4,3.0,3,0,0,0,zero,
ippo,base,1,65,1,4,15.0,15,0,4,4,zero,
ippo,base,1,65,2,4,14.0,0,14,20,20,zero,
ippo,base,1,66,0,5,6.0,6,0,0,0,zero,
ippo,base,1,66,1,5,15.0,15,0,0,0,zero,
ippo,base,1,66,2,5,6.0,6,0,12,12,zero,
ippo,base,1,67,0,5,15.0,15,0,9,9,zero,
ippo,base,1,67,1,5,7.0,7,0,0,0,zero,
ippo,base,1,67,2,5,9.0,9,0,0,0,zero,
ippo,base,1,68,0,5,12.0,12,0,9,9,zero,
ippo,base,1,68,1,5,13.0,13,0,0,0,zero,
ippo,base,1,68,2,5,21.0,21,0,0,0,zero,
ippo,base,1,69,0,5,7.0,7,0,1,1,zero,
ippo,base,1,69,1,5,32.0,32,0,0,0,zero,
ippo,base,1,69,2,5,41.0,41,0,0,0,zero,
ippo,base,1,70,0,4,3.0,3,0,9,9,zero,
ippo,base,1,70,1,4,37.0,37,0,0,0,zero,
ippo,base,1,70,2,4,53.0,53,0,0,0,zero,
ippo,base,1,71,0,4,8.0,8,0,0,0,zero,
ippo,base,1,71,1,4,37.0,37,0,0,0,zero,
ippo,base,1,71,2,4,53.0,53,0,0,0,zero,
ippo,base,1,72,0,3,14.0,14,0,0,0,zero,
ippo,base,1,72,1,3,37.0,37,0,0,0,zero,
ippo,base,1,72,2,3,53.0,53,0,0,0,zero,
ippo,base,1,73,0,3,12.0,12,0,0,0,zero,
ippo,base,1,73,1,3,37.0,37,0,0,0,zero,
ippo,base,1,73,2,3,53.0,53,0,0,0,zero,
ippo,base,1,74,0,3,18.0,18,0,0,0,zero,
ippo,base,1,74,1,3,37.0,37,0,0,0,zero,
ippo,base,1,74,2,3,53.0,53,0,0,0,zero,
ippo,base,1,75,0,4,14.0,14,0,9,9,zero,
ippo,base,1,75,1,4,28.0,28,0,0,0,zero,
ippo,base,1,75,2,4,53.0,53,0,0,0,zero,
ippo,base,1,76,0,4,10.0,10,0,5,5,zero,
ippo,base,1,76,1,4,23.0,23,0,0,0,zero,
ippo,base,1,76,2,4,53.0,53,0,0,0,zero,
ippo,base,1,77,0,4,6.0,6,0,1,1,zero,
ippo,base,1,77,1,4,22.0,22,0,1,1,zero,
ippo,base,1,77,2,4,52.0,52,0,0,0,zero,
ippo,base,1,78,0,4,2.0,2,0,1,1,zero,
ippo,base,1,78,1,4,21.0,21,0,0,0,zero,
ippo,base,1,78,2,4,52.0,52,0,0,0,zero,
ippo,base,1,79,0,4,7.0,7,0,9,9,zero,
ippo,base,1,79,1,4,12.0,12,0,0,0,zero,
ippo,base,1,79,2,4,52.0,52,0,0,0,zero,
ippo,base,1,80,0,4,8.0,8,0,1,1,zero,
ippo,base,1,80,1,4,11.0,11,0,12,12,zero,
ippo,base,1,80,2,4,40.0,40,0,0,0,zero,
ippo,base,1,81,0,5,4.0,4,0,1,1,zero,
ippo,base,1,81,1,5,11.0,11,0,6,6,zero,
ippo,base,1,81,2,5,34.0,34,0,0,0,zero,
ippo,base,1,82,0,5,-0.0,0,0,9,9,zero,
ippo,base,1,82,1,5,2.0,2,0,0,0,zero,
ippo,base,1,82,2,5,34.0,34,0,1,1,zero,
ippo,base,1,83,0,4,5.0,5,0,9,9,zero,
ippo,base,1,83,1,4,7.0,0,7,8,8,zero,
ippo,base,1,83,2,4,26.0,26,0,0,0,zero,
ippo,base,1,84,0,5,1.0,1,0,9,9,zero,
ippo,base,1,84,1,5,4.0,0,4,17,17,zero,
ippo,base,1,84,2,5,9.0,9,0,1,1,zero,
ippo,base,1,85,0,6,4.0,0,4,0,0,zero,
ippo,base,1,85,1,6,2.0,2,0,17,17,zero,
ippo,base,1,85,2,6,8.0,0,8,12,12,zero,
ippo,base,1,86,0,6,1.0,0,1,0,0,zero,
ippo,base,1,86,1,6,2.0,2,0,2,2,zero,
ippo,base,1,86,2,6,9.0,0,9,20,20,zero,
ippo,base,1,87,0,5,4.0,0,4,9,9,zero,
ippo,base,1,87,1,5,1.0,1,0,0,0,zero,
ippo,base,1,87,2,5,9.0,0,9,3,3,zero,
ippo,base,1,88,0,6,2.0,2,0,9,9,zero,
ippo,base,1,88,1,6,9.0,9,0,0,0,zero,
ippo,base,1,88,2,6,8.0,0,8,0,0,zero,
ippo,base,1,89,0,5,1.0,1,0,9,9,zero,
ippo,base,1,89,1,5,9.0,9,0,14,14,zero,
ippo,base,1,89,2,5,10.0,0,10,0,0,zero,
ippo,base,1,90,0,5,4.0,0,4,0,0,zero,
ippo,base,1,90,1,5,10.0,10,0,16,16,zero,
ippo,base,1,90,2,5,6.0,0,6,3,3,zero,
ippo,base,1,91,0,4,1.0,1,0,1,1,zero,
ippo,base,1,91,1,4,9.0,9,0,4,4,zero,
ippo,base,1,91,2,4,7.0,0,7,20,20,zero,
ippo,base,1,92,0,4,6.0,6,0,9,9,zero,
ippo,base,1,92,1,4,1.0,1,0,0,0,zero,
ippo,base,1,92,2,4,7.0,0,7,20,20,zero,
ippo,base,1,93,0,4,11.0,11,0,1,1,zero,
ippo,base,1,93,1,4,12.0,12,0,0,0,zero,
ippo,base,1,93,2,4,7.0,0,7,3,3,zero,
ippo,base,1,94,0,5,6.0,6,0,1,1,zero,
ippo,base,1,94,1,5,31.0,31,0,0,0,zero,
ippo,base,1,94,2,5,4.0,0,4,0,0,zero,
ippo,base,1,95,0,4,3.0,3,0,9,9,zero,
ippo,base,1,95,1,4,25.0,25,0,0,0,zero,
ippo,base,1,95,2,4,16.0,16,0,0,0,zero,
ippo,base,1,96,0,3,9.0,9,0,9,9,zero,
ippo,base,1,96,1,3,16.0,16,0,0,0,zero,
ippo,base,1,96,2,3,36.0,36,0,0,0,zero,
ippo,base,1,97,0,3,7.0,7,0,0,0,zero,
ippo,base,1,97,1,3,16.0,16,0,14,14,zero,
ippo,base,1,97,2,3,25.0,25,0,0,0,zero,
ippo,base,1,98,0,3,5.0,5,0,0,0,zero,
ippo,base,1,98,1,3,19.0,19,0,4,4,zero,
ippo,base,1,98,2,3,21.0,21,0,1,1,zero,
ippo,base,1,99,0,3,11.0,11,0,0,0,zero,
ippo,base,1,99,1,3,23.0,23,0,0,0,zero,
ippo,base,1,99,2,3,21.0,21,0,1,1,zero,
ippo,base,1,100,0,3,17.0,17,0,0,0,zero,
ippo,base,1,100,1,3,23.0,23,0,0,0,zero,
ippo,base,1,100,2,3,21.0,21,0,1,1,zero,
ippo,base,1,101,0,3,14.0,14,0,9,9,zero,
ippo,base,1,101,1,3,28.0,28,0,0,0,zero,
ippo,base,1,101,2,3,21.0,21,0,0,0,zero,
ippo,base,1,102,0,3,11.0,11,0,1,1,zero,
ippo,base,1,102,1,3,31.0,31,0,0,0,zero,
ippo,base,1,102,2,3,22.0,22,0,0,0,zero,
ippo,base,1,103,0,3,8.0,8,0,0,0,zero,
ippo,base,1,103,1,3,31.0,31,0,0,0,zero,
ippo,base,1,103,2,3,23.0,23,0,0,0,zero,
ippo,base,1,104,0,3,5.0,5,0,0,0,zero,
ippo,base,1,104,1,3,31.0,31,0,0,0,zero,
ippo,base,1,104,2,3,24.0,24,0,0,0,zero,
ippo,base,1,105,0,3,11.0,11,0,1,1,zero,
ippo,base,1,105,1,3,30.0,30,0,0,0,zero,
ippo,base,1,105,2,3,24.0,24,0,0,0,zero,
ippo,base,1,106,0,3,9.0,9,0,9,9,zero,
ippo,base,1,106,1,3,21.0,21,0,0,0,zero,
ippo,base,1,106,2,3,24.0,24,0,0,0,zero,
ippo,base,1,107,0,4,5.0,5,0,1,1,zero,
ippo,base,1,107,1,4,20.0,20,0,0,0,zero,
ippo,base,1,107,2,4,24.0,24,0,0,0,zero,
ippo,base,1,108,0,4,1.0,1,0,1,1,zero,
ippo,base,1,108,1,4,19.0,19,0,0,0,zero,
ippo,base,1,108,2,4,24.0,24,0,0,0,zero,
ippo,base,1,109,0,4,2.0,0,2,9,9,zero,
ippo,base,1,109,1,4,10.0,10,0,0,0,zero,
ippo,base,1,109,2,4,24.0,24,0,0,0,zero,
ippo,base,1,110,0,5,2.0,2,0,9,9,zero,
ippo,base,1,110,1,5,1.0,1,0,12,12,zero,
ippo,base,1,110,2,5,12.0,12,0,0,0,zero,
ippo,base,1,111,0,6,3.0,0,3,0,0,zero,
ippo,base,1,111,1,6,1.0,1,0,18,18,zero,
ippo,base,1,111,2,6,6.0,0,6,1,1,zero,
ippo,base,1,112,0,5,7.0,0,7,9,9,zero,
ippo,base,1,112,1,5,8.0,0,8,8,8,zero,
ippo,base,1,112,2,5,14.0,0,14,12,12,zero,
ippo,base,1,113,0,6,4.0,0,4,9,9,zero,
ippo,base,1,113,1,6,17.0,0,17,17,17,zero,
ippo,base,1,113,2,6,31.0,0,31,20,20,zero,
ippo,base,1,114,0,5,-0.0,0,0,9,9,zero,
ippo,base,1,114,1,5,14.0,0,14,17,17,zero,
ippo,base,1,114,2,5,48.0,0,48,20,20,zero,
ippo,base,1,115,0,6,6.0,0,6,9,9,zero,
ippo,base,1,115,1,6,11.0,0,11,18,18,zero,
ippo,base,1,115,2,6,65.0,0,65,20,20,zero,
ippo,base,1,116,0,6,11.0,0,11,1,1,zero,
ippo,base,1,116,1,6,12.0,0,12,18,18,zero,
ippo,base,1,116,2,6,71.0,0,71,20,20,zero,
ippo,base,1,117,0,5,16.0,0,16,9,9,zero,
ippo,base,1,117,1,5,21.0,0,21,10,10,zero,
ippo,base,1,117,2,5,61.0,0,61,20,20,zero,
ippo,base,1,118,0,6,10.0,0,10,9,9,zero,
ippo,base,1,118,1,6,30.0,0,30,17,17,zero,
ippo,base,1,118,2,6,58.0,0,58,20,20,zero,
ippo,base,1,119,0,5,3.0,0,3,9,9,zero,
ippo,base,1,119,1,5,38.0,0,38,8,8,zero,
ippo,base,1,119,2,5,46.0,0,46,20,20,zero,
ippo,base,1,120,0,6,9.0,0,9,17,17,zero,
ippo,base,1,120,1,6,43.0,0,43,0,0,zero,
ippo,base,1,120,2,6,26.0,0,26,20,20,zero,
ippo,base,1,121,0,5,14.0,0,14,9,9,zero,
ippo,base,1,121,1,5,32.0,0,32,4,4,zero,
ippo,base,1,121,2,5,10.0,0,10,3,3,zero,
ippo,base,1,122,0,5,19.0,0,19,1,1,zero,
ippo,base,1,122,1,5,13.0,0,13,0,0,zero,
ippo,base,1,122,2,5,10.0,10,0,3,3,zero,
ippo,base,1,123,0,4,22.0,0,22,0,0,zero,
ippo,base,1,123,1,4,7.0,7,0,0,0,zero,
ippo,base,1,123,2,4,30.0,30,0,0,0,zero,
ippo,base,1,124,0,5,15.0,0,15,0,0,zero,
ippo,base,1,124,1,5,27.0,27,0,0,0,zero,
ippo,base,1,124,2,5,50.0,50,0,0,0,zero,
ippo,base,1,125,0,5,-0.0,0,0,0,0,zero,
ippo,base,1,125,1,5,47.0,47,0,0,0,zero,
ippo,base,1,125,2,5,53.0,53,0,0,0,zero,
ippo,base,1,126,0,5,15.0,15,0,1,1,zero,
ippo,base,1,126,1,5,56.0,56,0,0,0,zero,
ippo,base,1,126,2,5,56.0,56,0,0,0,zero,
ippo,base,1,127,0,5,23.0,23,0,9,9,zero,
ippo,base,1,127,1,5,47.0,47,0,0,0,zero,
ippo,base,1,127,2,5,56.0,56,0,0,0,zero,
ippo,base,1,128,0,4,19.0,19,0,9,9,zero,
ippo,base,1,128,1,4,38.0,38,0,0,0,zero,
ippo,base,1,128,2,4,56.0,56,0,0,0,zero,
ippo,base,1,129,0,4,15.0,15,0,1,1,zero,
ippo,base,1,129,1,4,37.0,37,0,1,1,zero,
ippo,base,1,129,2,4,55.0,55,0,0,0,zero,
ippo,base,1,130,0,4,12.0,12,0,0,0,zero,
ippo,base,1,130,1,4,37.0,37,0,0,0,zero,
ippo,base,1,130,2,4,55.0,55,0,0,0,zero,
ippo,base,1,131,0,5,16.0,16,0,0,0,zero,
ippo,base,1,131,1,5,37.0,37,0,0,0,zero,
ippo,base,1,131,2,5,55.0,55,0,0,0,zero,
ippo,base,1,132,0,5,20.0,20,0,9,9,zero,
ippo,base,1,132,1,5,28.0,28,0,0,0,zero,
ippo,base,1,132,2,5,55.0,55,0,0,0,zero,
ippo,base,1,133,0,5,16.0,16,0,9,9,zero,
ippo,base,1,133,1,5,20.0,20,0,0,0,zero,
ippo,base,1,133,2,5,55.0,55,0,0,0,zero,
ippo,base,1,134,0,4,12.0,12,0,1,1,zero,
ippo,base,1,134,1,4,19.0,19,0,12,12,zero,
ippo,base,1,134,2,4,43.0,43,0,0,0,zero,
ippo,base,1,135,0,4,8.0,8,0,0,0,zero,
ippo,base,1,135,1,4,19.0,19,0,6,6,zero,
ippo,base,1,135,2,4,37.0,37,0,0,0,zero,
ippo,base,1,136,0,4,13.0,13,0,0,0,zero,
ippo,base,1,136,1,4,19.0,19,0,0,0,zero,
ippo,base,1,136,2,4,37.0,37,0,1,1,zero,
ippo,base,1,137,0,4,18.0,18,0,1,1,zero,
ippo,base,1,137,1,4,18.0,18,0,0,0,zero,
ippo,base,1,137,2,4,37.0,37,0,0,0,zero,
ippo,base,1,138,0,4,15.0,15,0,9,9,zero,
ippo,base,1,138,1,4,21.0,21,0,0,0,zero,
ippo,base,1,138,2,4,37.0,37,0,0,0,zero,
ippo,base,1,139,0,4,11.0,11,0,9,9,zero,
ippo,base,1,139,1,4,18.0,18,0,0,0,zero,
ippo,base,1,139,2,4,37.0,37,0,0,0,zero,
ippo,base,1,140,0,4,7.0,7,0,1,1,zero,
ippo,base,1,140,1,4,17.0,17,0,14,14,zero,
ippo,base,1,140,2,4,24.0,24,0,0,0,zero,
ippo,base,1,141,0,3,5.0,5,0,0,0,zero,
ippo,base,1,141,1,3,17.0,17,0,6,6,zero,
ippo,base,1,141,2,3,18.0,18,0,1,1,zero,
ippo,base,1,142,0,3,11.0,11,0,0,0,zero,
ippo,base,1,142,1,3,17.0,17,0,0,0,zero,
ippo,base,1,142,2,3,18.0,18,0,1,1,zero,
ippo,base,1,143,0,3,17.0,17,0,0,0,zero,
ippo,base,1,143,1,3,17.0,17,0,0,0,zero,
ippo,base,1,143,2,3,18.0,18,0,1,1,zero,
ippo,base,1,144,0,3,15.0,15,0,1,1,zero,
ippo,base,1,144,1,3,30.0,30,0,0,0,zero,
ippo,base,1,144,2,3,18.0,18,0,0,0,zero,
ippo,base,1,145,0,3,12.0,12,0,9,9,zero,
ippo,base,1,145,1,3,27.0,27,0,0,0,zero,
ippo,base,1,145,2,3,19.0,19,0,0,0,zero,
ippo,base,1,146,0,2,10.0,10,0,1,1,zero,
ippo,base,1,146,1,2,26.0,26,0,0,0,zero,
ippo,base,1,146,2,2,20.0,20,0,0,0,zero,
ippo,base,1,147,0,2,8.0,8,0,0,0,zero,
ippo,base,1,147,1,2,26.0,26,0,0,0,zero,
ippo,base,1,147,2,2,21.0,21,0,0,0,zero,
ippo,base,1,148,0,3,6.0,6,0,0,0,zero,
ippo,base,1,148,1,3,26.0,26,0,0,0,zero,
ippo,base,1,148,2,3,21.0,21,0,0,0,zero,
ippo,base,1,149,0,3,12.0,12,0,0,0,zero,
ippo,base,1,149,1,3,26.0,26,0,0,0,zero,
ippo,base,1,149,2,3,21.0,21,0,0,0,zero,
ippo,base,1,150,0,2,11.0,11,0,9,9,zero,
ippo,base,1,150,1,2,17.0,17,0,0,0,zero,
ippo,base,1,150,2,2,21.0,21,0,0,0,zero,
ippo,base,1,151,0,3,8.0,8,0,1,1,zero,
ippo,base,1,151,1,3,16.0,16,0,0,0,zero,
ippo,base,1,151,2,3,21.0,21,0,0,0,zero,
ippo,base,1,152,0,2,6.0,6,0,0,0,zero,
ippo,base,1,152,1,2,16.0,16,0,0,0,zero,
ippo,base,1,152,2,2,21.0,21,0,0,0,zero,
ippo,base,1,153,0,2,4.0,4,0,0,0,zero,
ippo,base,1,153,1,2,16.0,16,0,0,0,zero,
ippo,base,1,153,2,2,21.0,21,0,0,0,zero,
ippo,base,1,154,0,2,11.0,11,0,0,0,zero,
ippo,base,1,154,1,2,16.0,16,0,0,0,zero,
ippo,base,1,154,2,2,21.0,21,0,0,0,zero,
ippo,base,1,155,0,2,10.0,10,0,1,1,zero,
ippo,base,1,155,1,2,15.0,15,0,0,0,zero,
ippo,base,1,155,2,2,21.0,21,0,0,0,zero,
ippo,base,1,156,0,2,8.0,8,0,9,9,zero,
ippo,base,1,156,1,2,6.0,6,0,0,0,zero,
ippo,base,1,156,2,2,21.0,21,0,0,0,zero,
ippo,base,1,157,0,2,6.0,6,0,1,1,zero,
ippo,base,1,157,1,2,5.0,5,0,0,0,zero,
ippo,base,1,157,2,2,21.0,21,0,0,0,zero,
ippo,base,1,158,0,2,4.0,4,0,0,0,zero,
ippo,base,1,158,1,2,5.0,5,0,12,12,zero,
ippo,base,1,158,2,2,9.0,9,0,0,0,zero,
ippo,base,1,159,0,3,2.0,2,0,0,0,zero,
ippo,base,1,159,1,3,5.0,5,0,0,0,zero,
ippo,base,1,159,2,3,9.0,9,0,1,1,zero,
ippo,base,1,160,0,3,8.0,8,0,0,0,zero,
ippo,base,1,160,1,3,5.0,5,0,0,0,zero,
ippo,base,1,160,2,3,9.0,9,0,0,0,zero,
ippo,base,1,161,0,4,5.0,5,0,9,9,zero,
ippo,base,1,161,1,4,4.0,0,4,0,0,zero,
ippo,base,1,161,2,4,9.0,9,0,0,0,zero,
ippo,base,1,162,0,4,1.0,1,0,9,9,zero,
ippo,base,1,162,1,4,1.0,0,1,0,0,zero,
ippo,base,1,162,2,4,9.0,9,0,0,0,zero,
ippo,base,1,163,0,4,3.0,0,3,9,9,zero,
ippo,base,1,163,1,4,10.0,0,10,16,16,zero,
ippo,base,1,163,2,4,6.0,0,6,0,0,zero,
ippo,base,1,164,0,4,7.0,0,7,1,1,zero,
ippo,base,1,164,1,4,11.0,0,11,18,18,zero,
ippo,base,1,164,2,4,24.0,0,24,12,12,zero,
ippo,base,1,165,0,4,6.0,0,6,9,9,zero,
ippo,base,1,165,1,4,20.0,0,20,8,8,zero,
ippo,base,1,165,2,4,32.0,0,32,20,20,zero,
ippo,base,1,166,0,3,3.0,3,0,9,9,zero,
ippo,base,1,166,1,3,29.0,0,29,17,17,zero,
ippo,base,1,166,2,3,49.0,0,49,20,20,zero,
ippo,base,1,167,0,3,-0.0,0,0,9,9,zero,
ippo,base,1,167,1,3,28.0,0,28,17,17,zero,
ippo,base,1,167,2,3,66.0,0,66,20,20,zero,
ippo,base,1,168,0,3,3.0,0,3,9,9,zero,
ippo,base,1,168,1,3,37.0,0,37,18,18,zero,
ippo,base,1,168,2,3,72.0,0,72,20,20,zero,
ippo,base,1,169,0,3,6.0,0,6,5,5,zero,
ippo,base,1,169,1,3,42.0,0,42,18,18,zero,
ippo,base,1,169,2,3,70.0,0,70,20,20,zero,
ippo,base,1,170,0,3,9.0,0,9,9,9,zero,
ippo,base,1,170,1,3,51.0,0,51,18,18,zero,
ippo,base,1,170,2,3,68.0,0,68,20,20,zero,
ippo,base,1,171,0,3,2.0,0,2,9,9,zero,
ippo,base,1,171,1,3,60.0,0,60,17,17,zero,
ippo,base,1,171,2,3,65.0,0,65,20,20,zero,
ippo,base,1,172,0,4,6.0,0,6,17,17,zero,
ippo,base,1,172,1,4,65.0,0,65,0,0,zero,
ippo,base,1,172,2,4,45.0,0,45,20,20,zero,
ippo,base,1,173,0,3,9.0,0,9,9,9,zero,
ippo,base,1,173,1,3,54.0,0,54,0,0,zero,
ippo,base,1,173,2,3,25.0,0,25,12,12,zero,
ippo,base,1,174,0,3,12.0,0,12,1,1,zero,
ippo,base,1,174,1,3,35.0,0,35,0,0,zero,
ippo,base,1,174,2,3,5.0,0,5,3,3,zero,
ippo,base,1,175,0,3,15.0,0,15,0,0,zero,
ippo,base,1,175,1,3,15.0,0,15,0,0,zero,
ippo,base,1,175,2,3,15.0,15,0,0,0,zero,
ippo,base,1,176,0,3,6.0,0,6,0,0,zero,
ippo,base,1,176,1,3,5.0,5,0,0,0,zero,
ippo,base,1,176,2,3,35.0,35,0,0,0,zero,
ippo,base,1,177,0,2,12.0,12,0,0,0,zero,
ippo,base,1,177,1,2,25.0,25,0,0,0,zero,
ippo,base,1,177,2,2,47.0,47,0,0,0,zero,
ippo,base,1,178,0,3,29.0,29,0,0,0,zero,
ippo,base,1,178,1,3,45.0,45,0,0,0,zero,
ippo,base,1,178,2,3,50.0,50,0,0,0,zero,
ippo,base,1,179,0,2,47.0,47,0,0,0,zero,
ippo,base,1,179,1,2,50.0,50,0,0,0,zero,
ippo,base,1,179,2,2,50.0,50,0,0,0,zero,
ippo,base,1,180,0,3,59.0,59,0,0,0,zero,
ippo,base,1,180,1,3,50.0,50,0,0,0,zero,
ippo,base,1,180,2,3,50.0,50,0,0,0,zero,
ippo,base,1,181,0,3,56.0,56,0,0,0,zero,
ippo,base,1,181,1,3,50.0,50,0,0,0,zero,
ippo,base,1,181,2,3,50.0,50,0,0,0,zero,
ippo,base,1,182,0,3,53.0,53,0,0,0,zero,
ippo,base,1,182,1,3,50.0,50,0,0,0,zero,
ippo,base,1,182,2,3,50.0,50,0,0,0,zero,
ippo,base,1,183,0,3,50.0,50,0,0,0,zero,
ippo,base,1,183,1,3,50.0,50,0,0,0,zero,
ippo,base,1,183,2,3,50.0,50,0,0,0,zero,
ippo,base,1,184,0,3,47.0,47,0,0,0,zero,
ippo,base,1,184,1,3,50.0,50,0,0,0,zero,
ippo,base,1,184,2,3,50.0,50,0,0,0,zero,
ippo,base,1,185,0,4,43.0,43,0,0,0,zero,
ippo,base,1,185,1,4,50.0,50,0,0,0,zero,
ippo,base,1,185,2,4,50.0,50,0,0,0,zero,
ippo,base,1,186,0,4,39.0,39,0,0,0,zero,
ippo,base,1,186,1,4,50.0,50,0,0,0,zero,
ippo,base,1,186,2,4,50.0,50,0,0,0,zero,
ippo,base,1,187,0,4,35.0,35,0,0,0,zero,
ippo,base,1,187,1,4,50.0,50,0,0,0,zero,
ippo,base,1,187,2,4,50.0,50,0,0,0,zero,
ippo,base,1,188,0,4,31.0,31,0,15,15,zero,
ippo,base,1,188,1,4,35.0,35,0,0,0,zero,
ippo,base,1,188,2,4,50.0,50,0,0,0,zero,
ippo,base,1,189,0,4,27.0,27,0,0,0,zero,
ippo,base,1,189,1,4,35.0,35,0,0,0,zero,
ippo,base,1,189,2,4,50.0,50,0,0,0,zero,
ippo,base,1,190,0,4,23.0,23,0,0,0,zero,
ippo,base,1,190,1,4,35.0,35,0,0,0,zero,
ippo,base,1,190,2,4,50.0,50,0,0,0,zero,
ippo,base,1,191,0,4,19.0,19,0,0,0,zero,
ippo,base,1,191,1,4,35.0,35,0,0,0,zero,
ippo,base,1,191,2,4,50.0,50,0,0,0,zero,
ippo,base,1,192,0,5,29.0,29,0,0,0,zero,
ippo,base,1,192,1,5,35.0,35,0,0,0,zero,
ippo,base,1,192,2,5,50.0,50,0,0,0,zero,
ippo,base,1,193,0,4,25.0,25,0,5,5,zero,
ippo,base,1,193,1,4,30.0,30,0,0,0,zero,
ippo,base,1,193,2,4,50.0,50,0,0,0,zero,
ippo,base,1,194,0,5,20.0,20,0,6,6,zero,
ippo,base,1,194,1,5,24.0,24,0,0,0,zero,
ippo,base,1,194,2,5,50.0,50,0,0,0,zero,
ippo,base,1,195,0,5,15.0,15,0,6,6,zero,
ippo,base,1,195,1,5,18.0,18,0,0,0,zero,
ippo,base,1,195,2,5,50.0,50,0,0,0,zero,
ippo,base,1,196,0,5,10.0,10,0,5,5,zero,
ippo,base,1,196,1,5,13.0,13,0,12,12,zero,
ippo,base,1,196,2,5,38.0,38,0,0,0,zero,
ippo,base,1,197,0,5,10.0,10,0,1,1,zero,
ippo,base,1,197,1,5,12.0,12,0,12,12,zero,
ippo,base,1,197,2,5,26.0,26,0,0,0,zero,
ippo,base,1,198,0,5,11.0,11,0,1,1,zero,
ippo,base,1,198,1,5,11.0,11,0,0,0,zero,
ippo,base,1,198,2,5,26.0,26,0,1,1,zero,
ippo,base,1,199,0,6,11.0,11,0,9,9,zero,
ippo,base,1,199,1,6,2.0,2,0,0,0,zero,
ippo,base,1,199,2,6,26.0,26,0,0,0,zero,
ippo,base,1,200,0,5,11.0,11,0,9,9,zero,
ippo,base,1,200,1,5,5.0,5,0,0,0,zero,
ippo,base,1,200,2,5,26.0,26,0,0,0,zero,
ippo,base,2,1,0,10,10.0,10,0,5,5,zero,
ippo,base,2,1,1,10,15.0,15,0,18,18,zero,
ippo,base,2,1,2,10,2.0,2,0,0,0,zero,
ippo,base,2,2,0,10,10.0,10,0,17,17,zero,
ippo,base,2,2,1,10,8.0,8,0,4,4,zero,
ippo,base,2,2,2,10,8.0,8,0,20,20,zero,
ippo,base,2,3,0,8,12.0,12,0,5,5,zero,
ippo,base,2,3,1,8,13.0,13,0,16,16,zero,
ippo,base,2,3,2,8,2.0,2,0,8,8,zero,
ippo,base,2,4,0,9,13.0,13,0,1,1,zero,
ippo,base,2,4,1,9,22.0,22,0,14,14,zero,
ippo,base,2,4,2,9,2.0,0,2,20,20,zero,
ippo,base,2,5,0,10,8.0,8,0,9,9,zero,
ippo,base,2,5,1,10,31.0,31,0,4,4,zero,
ippo,base,2,5,2,10,6.0,0,6,20,20,zero,
ippo,base,2,6,0,10,15.0,15,0,9,9,zero,
ippo,base,2,6,1,10,26.0,26,0,4,4,zero,
ippo,base,2,6,2,10,10.0,10,0,3,3,zero,
ippo,base,2,7,0,10,10.0,10,0,9,9,zero,
ippo,base,2,7,1,10,33.0,33,0,4,4,zero,
ippo,base,2,7,2,10,14.0,14,0,3,3,zero,
ippo,base,2,8,0,9,2.0,2,0,19,19,zero,
ippo,base,2,8,1,9,26.0,26,0,4,4,zero,
ippo,base,2,8,2,9,30.0,30,0,0,0,zero,
ippo,base,2,9,0,9,2.0,2,0,9,9,zero,
ippo,base,2,9,1,9,17.0,17,0,20,20,zero,
ippo,base,2,9,2,9,30.0,30,0,0,0,zero,
ippo,base,2,10,0,9,2.0,2,0,1,1,zero,
ippo,base,2,10,1,9,26.0,26,0,12,12,zero,
ippo,base,2,10,2,9,21.0,21,0,12,12,zero,
ippo,base,2,11,0,9,2.0,2,0,9,9,zero,
ippo,base,2,11,1,9,21.0,21,0,2,2,zero,
ippo,base,2,11,2,9,22.0,22,0,20,20,zero,
ippo,base,2,12,0,9,12.0,12,0,9,9,zero,
ippo,base,2,12,1,9,16.0,16,0,0,0,zero,
ippo,base,2,12,2,9,22.0,22,0,3,3,zero,
ippo,base,2,13,0,11,10.0,10,0,9,9,zero,
ippo,base,2,13,1,11,27.0,27,0,4,4,zero,
ippo,base,2,13,2,11,18.0,18,0,0,0,zero,
ippo,base,2,14,0,10,1.0,1,0,17,17,zero,
ippo,base,2,14,1,10,22.0,22,0,14,14,zero,
ippo,base,2,14,2,10,16.0,16,0,0,0,zero,
ippo,base,2,15,0,10,-0.0,0,0,9,9,zero,
ippo,base,2,15,1,10,15.0,15,0,18,18,zero,
ippo,base,2,15,2,10,18.0,18,0,1,1,zero,
ippo,base,2,16,0,11,2.0,0,2,9,9,zero,
ippo,base,2,16,1,11,6.0,6,0,12,12,zero,
ippo,base,2,16,2,11,9.0,9,0,20,20,zero,
ippo,base,2,17,0,12,5.0,0,5,17,17,zero,
ippo,base,2,17,1,12,7.0,0,7,12,12,zero,
ippo,base,2,17,2,12,3.0,0,3,20,20,zero,
ippo,base,2,18,0,11,1.0,1,0,17,17,zero,
ippo,base,2,18,1,11,10.0,0,10,18,18,zero,
ippo,base,2,18,2,11,21.0,0,21,20,20,zero,
ippo,base,2,19,0,11,1.0,0,1,11,11,zero,
ippo,base,2,19,1,11,3.0,0,3,18,18,zero,
ippo,base,2,19,2,11,38.0,0,38,20,20,zero,
ippo,base,2,20,0,12,4.0,0,4,5,5,zero,
ippo,base,2,20,1,12,4.0,4,0,18,18,zero,
ippo,base,2,20,2,12,36.0,0,36,20,20,zero,
ippo,base,2,21,0,10,4.0,0,4,9,9,zero,
ippo,base,2,21,1,10,4.0,4,0,12,12,zero,
ippo,base,2,21,2,10,28.0,0,28,20,20,zero,
ippo,base,2,22,0,9,1.0,1,0,17,17,zero,
ippo,base,2,22,1,9,13.0,0,13,12,12,zero,
ippo,base,2,22,2,9,20.0,0,20,20,20,zero,
ippo,base,2,23,0,8,11.0,11,0,19,19,zero,
ippo,base,2,23,1,8,31.0,0,31,18,18,zero,
ippo,base,2,23,2,8,18.0,0,18,12,12,zero,
ippo,base,2,24,0,7,12.0,12,0,17,17,zero,
ippo,base,2,24,1,7,28.0,0,28,18,18,zero,
ippo,base,2,24,2,7,16.0,0,16,20,20,zero,
ippo,base,2,25,0,7,14.0,14,0,11,11,zero,
ippo,base,2,25,1,7,19.0,0,19,18,18,zero,
ippo,base,2,25,2,7,14.0,0,14,20,20,zero,
ippo,base,2,26,0,7,11.0,11,0,0,0,zero,
ippo,base,2,26,1,7,1.0,1,0,14,14,zero,
ippo,base,2,26,2,7,8.0,0,8,20,20,zero,
ippo,base,2,27,0,6,6.0,6,0,0,0,zero,
ippo,base,2,27,1,6,21.0,21,0,4,4,zero,
ippo,base,2,27,2,6,-0.0,0,0,12,12,zero,
ippo,base,2,28,0,6,20.0,20,0,0,0,zero,
ippo,base,2,28,1,6,41.0,41,0,0,0,zero,
ippo,base,2,28,2,6,20.0,20,0,3,3,zero,
ippo,base,2,29,0,6,34.0,34,0,0,0,zero,
ippo,base,2,29,1,6,61.0,61,0,0,0,zero,
ippo,base,2,29,2,6,40.0,40,0,0,0,zero,
ippo,base,2,30,0,5,48.0,48,0,0,0,zero,
ippo,base,2,30,1,5,81.0,81,0,0,0,zero,
ippo,base,2,30,2,5,60.0,60,0,0,0,zero,
ippo,base,2,31,0,5,43.0,43,0,0,0,zero,
ippo,base,2,31,1,5,93.0,93,0,0,0,zero,
ippo,base,2,31,2,5,72.0,72,0,0,0,zero,
ippo,base,2,32,0,5,38.0,38,0,1,1,zero,
ippo,base,2,32,1,5,92.0,92,0,0,0,zero,
ippo,base,2,32,2,5,75.0,75,0,0,0,zero,
ippo,base,2,33,0,5,33.0,33,0,6,6,zero,
ippo,base,2,33,1,5,86.0,86,0,0,0,zero,
ippo,base,2,33,2,5,75.0,75,0,0,0,zero,
ippo,base,2,34,0,5,28.0,28,0,6,6,zero,
ippo,base,2,34,1,5,80.0,80,0,0,0,zero,
ippo,base,2,34,2,5,75.0,75,0,0,0,zero,
ippo,base,2,35,0,5,23.0,23,0,5,5,zero,
ippo,base,2,35,1,5,75.0,75,0,0,0,zero,
ippo,base,2,35,2,5,75.0,75,0,0,0,zero,
ippo,base,2,36,0,4,20.0,20,0,0,0,zero,
ippo,base,2,36,1,4,75.0,75,0,0,0,zero,
ippo,base,2,36,2,4,75.0,75,0,0,0,zero,
ippo,base,2,37,0,4,22.0,22,0,0,0,zero,
ippo,base,2,37,1,4,75.0,75,0,0,0,zero,
ippo,base,2,37,2,4,75.0,75,0,0,0,zero,
ippo,base,2,38,0,3,25.0,25,0,0,0,zero,
ippo,base,2,38,1,3,75.0,75,0,0,0,zero,
ippo,base,2,38,2,3,75.0,75,0,0,0,zero,
ippo,base,2,39,0,4,26.0,26,0,0,0,zero,
ippo,base,2,39,1,4,75.0,75,0,0,0,zero,
ippo,base,2,39,2,4,75.0,75,0,0,0,zero,
ippo,base,2,40,0,4,22.0,22,0,1,1,zero,
ippo,base,2,40,1,4,74.0,74,0,0,0,zero,
ippo,base,2,40,2,4,75.0,75,0,0,0,zero,
ippo,base,2,41,0,5,17.0,17,0,9,9,zero,
ippo,base,2,41,1,5,65.0,65,0,0,0,zero,
ippo,base,2,41,2,5,75.0,75,0,0,0,zero,
ippo,base,2,42,0,6,11.0,11,0,9,9,zero,
ippo,base,2,42,1,6,56.0,56,0,0,0,zero,
ippo,base,2,42,2,6,75.0,75,0,0,0,zero,
ippo,base,2,43,0,8,3.0,3,0,5,5,zero,
ippo,base,2,43,1,8,51.0,51,0,0,0,zero,
ippo,base,2,43,2,8,75.0,75,0,0,0,zero,
ippo,base,2,44,0,9,5.0,0,5,9,9,zero,
ippo,base,2,44,1,9,42.0,42,0,0,0,zero,
ippo,base,2,44,2,9,75.0,75,0,0,0,zero,
ippo,base,2,45,0,12,8.0,0,8,17,17,zero,
ippo,base,2,45,1,12,25.0,25,0,6,6,zero,
ippo,base,2,45,2,12,69.0,69,0,0,0,zero,
ippo,base,2,46,0,13,12.0,0,12,9,9,zero,
ippo,base,2,46,1,13,16.0,16,0,18,18,zero,
ippo,base,2,46,2,13,51.0,51,0,0,0,zero,
ippo,base,2,47,0,13,20.0,0,20,19,19,zero,
ippo,base,2,47,1,13,3.0,0,3,18,18,zero,
ippo,base,2,47,2,13,33.0,33,0,1,1,zero,
ippo,base,2,48,0,12,23.0,0,23,19,19,zero,
ippo,base,2,48,1,12,22.0,0,22,18,18,zero,
ippo,base,2,48,2,12,15.0,15,0,1,1,zero,
ippo,base,2,49,0,10,16.0,0,16,19,19,zero,
ippo,base,2,49,1,10,35.0,0,35,18,18,zero,
ippo,base,2,49,2,10,3.0,0,3,15,15,zero,
ippo,base,2,50,0,10,17.0,0,17,19,19,zero,
ippo,base,2,50,1,10,36.0,0,36,18,18,zero,
ippo,base,2,50,2,10,21.0,0,21,20,20,zero,
ippo,base,2,51,0,10,11.0,0,11,19,19,zero,
ippo,base,2,51,1,10,37.0,0,37,18,18,zero,
ippo,base,2,51,2,10,38.0,0,38,20,20,zero,
ippo,base,2,52,0,10,21.0,0,21,7,7,zero,
ippo,base,2,52,1,10,26.0,0,26,18,18,zero,
ippo,base,2,52,2,10,55.0,0,55,20,20,zero,
ippo,base,2,53,0,11,26.0,0,26,0,0,zero,
ippo,base,2,53,1,11,11.0,0,11,18,18,zero,
ippo,base,2,53,2,11,58.0,0,58,20,20,zero,
ippo,base,2,54,0,11,19.0,0,19,0,0,zero,
ippo,base,2,54,1,11,11.0,0,11,10,10,zero,
ippo,base,2,54,2,11,48.0,0,48,20,20,zero,
ippo,base,2,55,0,11,12.0,0,12,19,19,zero,
ippo,base,2,55,1,11,29.0,0,29,0,0,zero,
ippo,base,2,55,2,11,28.0,0,28,20,20,zero,
ippo,base,2,56,0,10,4.0,0,4,19,19,zero,
ippo,base,2,56,1,10,47.0,0,47,17,17,zero,
ippo,base,2,56,2,10,25.0,0,25,3,3,zero,
ippo,base,2,57,0,10,1.0,1,0,19,19,zero,
ippo,base,2,57,1,10,51.0,0,51,17,17,zero,
ippo,base,2,57,2,10,22.0,0,22,12,12,zero,
ippo,base,2,58,0,9,8.0,0,8,19,19,zero,
ippo,base,2,58,1,9,50.0,0,50,18,18,zero,
ippo,base,2,58,2,9,20.0,0,20,20,20,zero,
ippo,base,2,59,0,8,15.0,0,15,7,7,zero,
ippo,base,2,59,1,8,37.0,0,37,18,18,zero,
ippo,base,2,59,2,8,18.0,0,18,20,20,zero,
ippo,base,2,60,0,9,23.0,0,23,0,0,zero,
ippo,base,2,60,1,9,17.0,0,17,4,4,zero,
ippo,base,2,60,2,9,19.0,0,19,20,20,zero,
ippo,base,2,61,0,8,16.0,0,16,0,0,zero,
ippo,base,2,61,1,8,3.0,3,0,0,0,zero,
ippo,base,2,61,2,8,7.0,0,7,3,3,zero,
ippo,base,2,62,0,8,4.0,0,4,0,0,zero,
ippo,base,2,62,1,8,23.0,23,0,0,0,zero,
ippo,base,2,62,2,8,13.0,13,0,3,3,zero,
ippo,base,2,63,0,7,9.0,9,0,0,0,zero,
ippo,base,2,63,1,7,43.0,43,0,0,0,zero,
ippo,base,2,63,2,7,33.0,33,0,0,0,zero,
ippo,base,2,64,0,7,22.0,22,0,1,1,zero,
ippo,base,2,64,1,7,45.0,45,0,0,0,zero,
ippo,base,2,64,2,7,53.0,53,0,0,0,zero,
ippo,base,2,65,0,6,33.0,33,0,9,9,zero,
ippo,base,2,65,1,6,48.0,48,0,0,0,zero,
ippo,base,2,65,2,6,56.0,56,0,0,0,zero,
ippo,base,2,66,0,6,27.0,27,0,9,9,zero,
ippo,base,2,66,1,6,46.0,46,0,0,0,zero,
ippo,base,2,66,2,6,59.0,59,0,0,0,zero,
ippo,base,2,67,0,7,20.0,20,0,9,9,zero,
ippo,base,2,67,1,7,37.0,37,0,0,0,zero,
ippo,base,2,67,2,7,59.0,59,0,0,0,zero,
ippo,base,2,68,0,7,14.0,14,0,1,1,zero,
ippo,base,2,68,1,7,36.0,36,0,12,12,zero,
ippo,base,2,68,2,7,47.0,47,0,0,0,zero,
ippo,base,2,69,0,6,17.0,17,0,9,9,zero,
ippo,base,2,69,1,6,27.0,27,0,0,0,zero,
ippo,base,2,69,2,6,47.0,47,0,1,1,zero,
ippo,base,2,70,0,8,18.0,18,0,1,1,zero,
ippo,base,2,70,1,8,26.0,26,0,12,12,zero,
ippo,base,2,70,2,8,35.0,35,0,0,0,zero,
ippo,base,2,71,0,7,20.0,20,0,9,9,zero,
ippo,base,2,71,1,7,17.0,17,0,0,0,zero,
ippo,base,2,71,2,7,35.0,35,0,1,1,zero,
ippo,base,2,72,0,8,13.0,13,0,9,9,zero,
ippo,base,2,72,1,8,20.0,20,0,0,0,zero,
ippo,base,2,72,2,8,35.0,35,0,0,0,zero,
ippo,base,2,73,0,8,14.0,14,0,9,9,zero,
ippo,base,2,73,1,8,11.0,11,0,12,12,zero,
ippo,base,2,73,2,8,24.0,24,0,0,0,zero,
ippo,base,2,74,0,8,7.0,7,0,9,9,zero,
ippo,base,2,74,1,8,14.0,14,0,18,18,zero,
ippo,base,2,74,2,8,6.0,6,0,1,1,zero,
ippo,base,2,75,0,6,10.0,10,0,1,1,zero,
ippo,base,2,75,1,6,13.0,13,0,12,12,zero,
ippo,base,2,75,2,6,5.0,0,5,19,19,zero,
ippo,base,2,76,0,6,13.0,13,0,1,1,zero,
ippo,base,2,76,1,6,12.0,12,0,0,0,zero,
ippo,base,2,76,2,6,5.0,0,5,20,20,zero,
ippo,base,2,77,0,6,16.0,16,0,9,9,zero,
ippo,base,2,77,1,6,15.0,15,0,0,0,zero,
ippo,base,2,77,2,6,5.0,0,5,3,3,zero,
ippo,base,2,78,0,6,19.0,19,0,9,9,zero,
ippo,base,2,78,1,6,24.0,24,0,0,0,zero,
ippo,base,2,78,2,6,4.0,0,4,0,0,zero,
ippo,base,2,79,0,6,14.0,14,0,1,1,zero,
ippo,base,2,79,1,6,30.0,30,0,6,6,zero,
ippo,base,2,79,2,6,9.0,9,0,0,0,zero,
ippo,base,2,80,0,6,9.0,9,0,9,9,zero,
ippo,base,2,80,1,6,21.0,21,0,0,0,zero,
ippo,base,2,80,2,6,29.0,29,0,3,3,zero,
ippo,base,2,81,0,5,13.0,13,0,1,1,zero,
ippo,base,2,81,1,5,20.0,20,0,8,8,zero,
ippo,base,2,81,2,5,24.0,24,0,0,0,zero,
ippo,base,2,82,0,5,17.0,17,0,1,1,zero,
ippo,base,2,82,1,5,20.0,20,0,0,0,zero,
ippo,base,2,82,2,5,24.0,24,0,3,3,zero,
ippo,base,2,83,0,5,13.0,13,0,1,1,zero,
ippo,base,2,83,1,5,29.0,29,0,0,0,zero,
ippo,base,2,83,2,5,24.0,24,0,1,1,zero,
ippo,base,2,84,0,4,18.0,18,0,9,9,zero,
ippo,base,2,84,1,4,20.0,20,0,0,0,zero,
ippo,base,2,84,2,4,27.0,27,0,0,0,zero,
ippo,base,2,85,0,4,15.0,15,0,5,5,zero,
ippo,base,2,85,1,4,23.0,23,0,0,0,zero,
ippo,base,2,85,2,4,27.0,27,0,0,0,zero,
ippo,base,2,86,0,4,12.0,12,0,1,1,zero,
ippo,base,2,86,1,4,22.0,22,0,6,6,zero,
ippo,base,2,86,2,4,24.0,24,0,0,0,zero,
ippo,base,2,87,0,4,9.0,9,0,0,0,zero,
ippo,base,2,87,1,4,22.0,22,0,0,0,zero,
ippo,base,2,87,2,4,25.0,25,0,1,1,zero,
ippo,base,2,88,0,4,14.0,14,0,1,1,zero,
ippo,base,2,88,1,4,21.0,21,0,0,0,zero,
ippo,base,2,88,2,4,25.0,25,0,0,0,zero,
ippo,base,2,89,0,4,15.0,15,0,9,9,zero,
ippo,base,2,89,1,4,12.0,12,0,0,0,zero,
ippo,base,2,89,2,4,25.0,25,0,0,0,zero,
ippo,base,2,90,0,4,12.0,12,0,1,1,zero,
ippo,base,2,90,1,4,17.0,17,0,0,0,zero,
ippo,base,2,90,2,4,25.0,25,0,0,0,zero,
ippo,base,2,91,0,3,9.0,9,0,1,1,zero,
ippo,base,2,91,1,3,16.0,16,0,0,0,zero,
ippo,base,2,91,2,3,26.0,26,0,0,0,zero,
ippo,base,2,92,0,4,6.0,6,0,0,0,zero,
ippo,base,2,92,1,4,16.0,16,0,0,0,zero,
ippo,base,2,92,2,4,26.0,26,0,0,0,zero,
ippo,base,2,93,0,4,11.0,11,0,1,1,zero,
ippo,base,2,93,1,4,15.0,15,0,0,0,zero,
ippo,base,2,93,2,4,26.0,26,0,0,0,zero,
ippo,base,2,94,0,3,9.0,9,0,9,9,zero,
ippo,base,2,94,1,3,6.0,6,0,0,0,zero,
ippo,base,2,94,2,3,26.0,26,0,0,0,zero,
ippo,base,2,95,0,4,6.0,6,0,9,9,zero,
ippo,base,2,95,1,4,3.0,0,3,12,12,zero,
ippo,base,2,95,2,4,14.0,14,0,0,0,zero,
ippo,base,2,96,0,4,2.0,2,0,1,1,zero,
ippo,base,2,96,1,4,4.0,0,4,18,18,zero,
ippo,base,2,96,2,4,4.0,0,4,1,1,zero,
ippo,base,2,97,0,4,1.0,0,1,9,9,zero,
ippo,base,2,97,1,4,13.0,0,13,8,8,zero,
ippo,base,2,97,2,4,12.0,0,12,12,12,zero,
ippo,base,2,98,0,4,4.0,4,0,9,9,zero,
ippo,base,2,98,1,4,22.0,0,22,17,17,zero,
ippo,base,2,98,2,4,29.0,0,29,20,20,zero,
ippo,base,2,99,0,4,6.0,6,0,9,9,zero,
ippo,base,2,99,1,4,19.0,0,19,17,17,zero,
ippo,base,2,99,2,4,46.0,0,46,20,20,zero,
ippo,base,2,100,0,5,1.0,1,0,9,9,zero,
ippo,base,2,100,1,5,14.0,0,14,18,18,zero,
ippo,base,2,100,2,5,63.0,0,63,20,20,zero,
ippo,base,2,101,0,5,4.0,0,4,0,0,zero,
ippo,base,2,101,1,5,14.0,0,14,18,18,zero,
ippo,base,2,101,2,5,69.0,0,69,20,20,zero,
ippo,base,2,102,0,6,10.0,0,10,1,1,zero,
ippo,base,2,102,1,6,15.0,0,15,8,8,zero,
ippo,base,2,102,2,6,57.0,0,57,20,20,zero,
ippo,base,2,103,0,4,2.0,0,2,9,9,zero,
ippo,base,2,103,1,4,24.0,0,24,0,0,zero,
ippo,base,2,103,2,4,37.0,0,37,20,20,zero,
ippo,base,2,104,0,4,8.0,8,0,9,9,zero,
ippo,base,2,104,1,4,32.0,0,32,0,0,zero,
ippo,base,2,104,2,4,17.0,0,17,3,3,zero,
ippo,base,2,105,0,4,4.0,4,0,9,9,zero,
ippo,base,2,105,1,4,29.0,0,29,0,0,zero,
ippo,base,2,105,2,4,3.0,3,0,0,0,zero,
ippo,base,2,106,0,4,-0.0,0,0,9,9,zero,
ippo,base,2,106,1,4,18.0,0,18,0,0,zero,
ippo,base,2,106,2,4,23.0,23,0,0,0,zero,
ippo,base,2,107,0,4,4.0,0,4,0,0,zero,
ippo,base,2,107,1,4,2.0,2,0,0,0,zero,
ippo,base,2,107,2,4,43.0,43,0,0,0,zero,
ippo,base,2,108,0,4,7.0,0,7,0,0,zero,
ippo,base,2,108,1,4,22.0,22,0,0,0,zero,
ippo,base,2,108,2,4,46.0,46,0,0,0,zero,
ippo,base,2,109,0,4,1.0,1,0,0,0,zero,
ippo,base,2,109,1,4,39.0,39,0,0,0,zero,
ippo,base,2,109,2,4,46.0,46,0,0,0,zero,
ippo,base,2,110,0,4,17.0,17,0,0,0,zero,
ippo,base,2,110,1,4,39.0,39,0,0,0,zero,
ippo,base,2,110,2,4,46.0,46,0,0,0,zero,
ippo,base,2,111,0,4,31.0,31,0,0,0,zero,
ippo,base,2,111,1,4,39.0,39,0,0,0,zero,
ippo,base,2,111,2,4,46.0,46,0,0,0,zero,
ippo,base,2,112,0,4,27.0,27,0,1,1,zero,
ippo,base,2,112,1,4,38.0,38,0,0,0,zero,
ippo,base,2,112,2,4,46.0,46,0,0,0,zero,
ippo,base,2,113,0,4,23.0,23,0,9,9,zero,
ippo,base,2,113,1,4,29.0,29,0,0,0,zero,
ippo,base,2,113,2,4,46.0,46,0,0,0,zero,
ippo,base,2,114,0,4,19.0,19,0,5,5,zero,
ippo,base,2,114,1,4,24.0,24,0,0,0,zero,
ippo,base,2,114,2,4,46.0,46,0,0,0,zero,
ippo,base,2,115,0,4,15.0,15,0,1,1,zero,
ippo,base,2,115,1,4,23.0,23,0,0,0,zero,
ippo,base,2,115,2,4,46.0,46,0,0,0,zero,
ippo,base,2,116,0,3,13.0,13,0,0,0,zero,
ippo,base,2,116,1,3,23.0,23,0,0,0,zero,
ippo,base,2,116,2,3,46.0,46,0,0,0,zero,
ippo,base,2,117,0,4,18.0,18,0,0,0,zero,
ippo,base,2,117,1,4,23.0,23,0,0,0,zero,
ippo,base,2,117,2,4,46.0,46,0,0,0,zero,
ippo,base,2,118,0,4,19.0,19,0,1,1,zero,
ippo,base,2,118,1,4,22.0,22,0,0,0,zero,
ippo,base,2,118,2,4,46.0,46,0,0,0,zero,
ippo,base,2,119,0,5,15.0,15,0,9,9,zero,
ippo,base,2,119,1,5,13.0,13,0,0,0,zero,
ippo,base,2,119,2,5,46.0,46,0,0,0,zero,
ippo,base,2,120,0,4,11.0,11,0,9,9,zero,
ippo,base,2,120,1,4,4.0,4,0,0,0,zero,
ippo,base,2,120,2,4,46.0,46,0,0,0,zero,
ippo,base,2,121,0,4,7.0,7,0,1,1,zero,
ippo,base,2,121,1,4,3.0,3,0,18,18,zero,
ippo,base,2,121,2,4,28.0,28,0,0,0,zero,
ippo,base,2,122,0,5,3.0,3,0,0,0,zero,
ippo,base,2,122,1,5,3.0,3,0,8,8,zero,
ippo,base,2,122,2,5,20.0,20,0,1,1,zero,
ippo,base,2,123,0,4,8.0,8,0,9,9,zero,
ippo,base,2,123,1,4,6.0,0,6,0,0,zero,
ippo,base,2,123,2,4,20.0,20,0,1,1,zero,
ippo,base,2,124,0,4,13.0,13,0,9,9,zero,
ippo,base,2,124,1,4,15.0,0,15,8,8,zero,
ippo,base,2,124,2,4,12.0,12,0,1,1,zero,
ippo,base,2,125,0,4,10.0,10,0,9,9,zero,
ippo,base,2,125,1,4,6.0,0,6,14,14,zero,
ippo,base,2,125,2,4,2.0,0,2,12,12,zero,
ippo,base,2,126,0,4,6.0,6,0,9,9,zero,
ippo,base,2,126,1,4,7.0,0,7,14,14,zero,
ippo,base,2,126,2,4,15.0,0,15,20,20,zero,
ippo,base,2,127,0,4,5.0,5,0,0,0,zero,
ippo,base,2,127,1,4,7.0,0,7,18,18,zero,
ippo,base,2,127,2,4,32.0,0,32,20,20,zero,
ippo,base,2,128,0,5,-0.0,0,0,0,0,zero,
ippo,base,2,128,1,5,1.0,1,0,4,4,zero,
ippo,base,2,128,2,5,35.0,0,35,20,20,zero,
ippo,base,2,129,0,5,13.0,13,0,0,0,zero,
ippo,base,2,129,1,5,13.0,13,0,4,4,zero,
ippo,base,2,129,2,5,27.0,0,27,12,12,zero,
ippo,base,2,130,0,5,16.0,16,0,1,1,zero,
ippo,base,2,130,1,5,13.0,13,0,0,0,zero,
ippo,base,2,130,2,5,7.0,0,7,0,0,zero,
ippo,base,2,131,0,4,12.0,12,0,9,9,zero,
ippo,base,2,131,1,4,5.0,5,0,0,0,zero,
ippo,base,2,131,2,4,13.0,13,0,0,0,zero,
ippo,base,2,132,0,4,15.0,15,0,1,1,zero,
ippo,base,2,132,1,4,5.0,5,0,0,0,zero,
ippo,base,2,132,2,4,33.0,33,0,0,0,zero,
ippo,base,2,133,0,4,11.0,11,0,1,1,zero,
ippo,base,2,133,1,4,16.0,16,0,0,0,zero,
ippo,base,2,133,2,4,45.0,45,0,0,0,zero,
ippo,base,2,134,0,3,9.0,9,0,1,1,zero,
ippo,base,2,134,1,3,35.0,35,0,0,0,zero,
ippo,base,2,134,2,3,45.0,45,0,0,0,zero,
ippo,base,2,135,0,4,14.0,14,0,1,1,zero,
ippo,base,2,135,1,4,41.0,41,0,0,0,zero,
ippo,base,2,135,2,4,45.0,45,0,0,0,zero,
ippo,base,2,136,0,3,12.0,12,0,9,9,zero,
ippo,base,2,136,1,3,32.0,32,0,0,0,zero,
ippo,base,2,136,2,3,45.0,45,0,0,0,zero,
ippo,base,2,137,0,4,9.0,9,0,1,1,zero,
ippo,base,2,137,1,4,31.0,31,0,0,0,zero,
ippo,base,2,137,2,4,45.0,45,0,0,0,zero,
ippo,base,2,138,0,5,5.0,5,0,1,1,zero,
ippo,base,2,138,1,5,30.0,30,0,0,0,zero,
ippo,base,2,138,2,5,45.0,45,0,0,0,zero,
ippo,base,2,139,0,5,1.0,1,0,9,9,zero,
ippo,base,2,139,1,5,21.0,21,0,0,0,zero,
ippo,base,2,139,2,5,45.0,45,0,0,0,zero,
ippo,base,2,140,0,5,5.0,5,0,9,9,zero,
ippo,base,2,140,1,5,12.0,12,0,0,0,zero,
ippo,base,2,140,2,5,45.0,45,0,0,0,zero,
ippo,base,2,141,0,5,1.0,1,0,1,1,zero,
ippo,base,2,141,1,5,11.0,11,0,18,18,zero,
ippo,base,2,141,2,5,27.0,27,0,0,0,zero,
ippo,base,2,142,0,4,2.0,0,2,9,9,zero,
ippo,base,2,142,1,4,2.0,2,0,6,6,zero,
ippo,base,2,142,2,4,21.0,21,0,1,1,zero,
ippo,base,2,143,0,4,3.0,3,0,0,0,zero,
ippo,base,2,143,1,4,2.0,2,0,18,18,zero,
ippo,base,2,143,2,4,3.0,3,0,1,1,zero,
ippo,base,2,144,0,4,8.0,8,0,0,0,zero,
ippo,base,2,144,1,4,2.0,2,0,4,4,zero,
ippo,base,2,144,2,4,1.0,0,1,18,18,zero,
ippo,base,2,145,0,4,5.0,5,0,9,9,zero,
ippo,base,2,145,1,4,11.0,11,0,0,0,zero,
ippo,base,2,145,2,4,1.0,0,1,12,12,zero,
ippo,base,2,146,0,4,10.0,10,0,1,1,zero,
ippo,base,2,146,1,4,16.0,16,0,0,0,zero,
ippo,base,2,146,2,4,-0.0,0,0,0,0,zero,
ippo,base,2,147,0,4,6.0,6,0,1,1,zero,
ippo,base,2,147,1,4,33.0,33,0,0,0,zero,
ippo,base,2,147,2,4,1.0,1,0,0,0,zero,
ippo,base,2,148,0,3,3.0,3,0,9,9,zero,
ippo,base,2,148,1,3,27.0,27,0,0,0,zero,
ippo,base,2,148,2,3,19.0,19,0,0,0,zero,
ippo,base,2,149,0,3,9.0,9,0,1,1,zero,
ippo,base,2,149,1,3,26.0,26,0,0,0,zero,
ippo,base,2,149,2,3,31.0,31,0,0,0,zero,
ippo,base,2,150,0,3,7.0,7,0,0,0,zero,
ippo,base,2,150,1,3,27.0,27,0,0,0,zero,
ippo,base,2,150,2,3,31.0,31,0,0,0,zero,
ippo,base,2,151,0,3,5.0,5,0,0,0,zero,
ippo,base,2,151,1,3,27.0,27,0,0,0,zero,
ippo,base,2,151,2,3,31.0,31,0,0,0,zero,
ippo,base,2,152,0,3,11.0,11,0,1,1,zero,
ippo,base,2,152,1,3,26.0,26,0,0,0,zero,
ippo,base,2,152,2,3,31.0,31,0,0,0,zero,
ippo,base,2,153,0,3,9.0,9,0,9,9,zero,
ippo,base,2,153,1,3,17.0,17,0,0,0,zero,
ippo,base,2,153,2,3,31.0,31,0,0,0,zero,
ippo,base,2,154,0,4,5.0,5,0,1,1,zero,
ippo,base,2,154,1,4,16.0,16,0,0,0,zero,
ippo,base,2,154,2,4,31.0,31,0,0,0,zero,
ippo,base,2,155,0,4,1.0,1,0,1,1,zero,
ippo,base,2,155,1,4,15.0,15,0,0,0,zero,
ippo,base,2,155,2,4,31.0,31,0,0,0,zero,
ippo,base,2,156,0,4,2.0,0,2,9,9,zero,
ippo,base,2,156,1,4,6.0,6,0,0,0,zero,
ippo,base,2,156,2,4,31.0,31,0,0,0,zero,
ippo,base,2,157,0,4,3.0,3,0,9,9,zero,
ippo,base,2,157,1,4,3.0,0,3,12,12,zero,
ippo,base,2,157,2,4,19.0,19,0,0,0,zero,
ippo,base,2,158,0,5,1.0,0,1,0,0,zero,
ippo,base,2,158,1,5,3.0,0,3,18,18,zero,
ippo,base,2,158,2,5,1.0,1,0,1,1,zero,
ippo,base,2,159,0,4,4.0,0,4,9,9,zero,
ippo,base,2,159,1,4,12.0,0,12,8,8,zero,
ippo,base,2,159,2,4,7.0,0,7,12,12,zero,
ippo,base,2,160,0,5,-0.0,0,0,9,9,zero,
ippo,base,2,160,1,5,21.0,0,21,17,17,zero,
ippo,base,2,160,2,5,24.0,0,24,20,20,zero,
ippo,base,2,161,0,4,2.0,2,0,9,9,zero,
ippo,base,2,161,1,4,18.0,0,18,17,17,zero,
ippo,base,2,161,2,4,41.0,0,41,20,20,zero,
ippo,base,2,162,0,4,2.0,0,2,9,9,zero,
ippo,base,2,162,1,4,9.0,0,9,17,17,zero,
ippo,base,2,162,2,4,57.0,0,57,20,20,zero,
ippo,base,2,163,0,5,7.0,0,7,0,0,zero,
ippo,base,2,163,1,5,8.0,0,8,18,18,zero,
ippo,base,2,163,2,5,63.0,0,63,20,20,zero,
ippo,base,2,164,0,5,12.0,0,12,0,0,zero,
ippo,base,2,164,1,5,8.0,0,8,14,14,zero,
ippo,base,2,164,2,5,57.0,0,57,20,20,zero,
ippo,base,2,165,0,5,5.0,0,5,1,1,zero,
ippo,base,2,165,1,5,9.0,0,9,0,0,zero,
ippo,base,2,165,2,5,37.0,0,37,20,20,zero,
ippo,base,2,166,0,5,8.0,8,0,9,9,zero,
ippo,base,2,166,1,5,17.0,0,17,0,0,zero,
ippo,base,2,166,2,5,17.0,0,17,3,3,zero,
ippo,base,2,167,0,6,3.0,3,0,9,9,zero,
ippo,base,2,167,1,6,14.0,0,14,0,0,zero,
ippo,base,2,167,2,6,3.0,3,0,3,3,zero,
ippo,base,2,168,0,5,2.0,0,2,9,9,zero,
ippo,base,2,168,1,5,3.0,0,3,0,0,zero,
ippo,base,2,168,2,5,23.0,23,0,0,0,zero,
ippo,base,2,169,0,6,8.0,0,8,1,1,zero,
ippo,base,2,169,1,6,16.0,16,0,0,0,zero,
ippo,base,2,169,2,6,43.0,43,0,0,0,zero,
ippo,base,2,170,0,6,13.0,0,13,0,0,zero,
ippo,base,2,170,1,6,36.0,36,0,0,0,zero,
ippo,base,2,170,2,6,46.0,46,0,0,0,zero,
ippo,base,2,171,0,6,7.0,0,7,9,9,zero,
ippo,base,2,171,1,6,44.0,44,0,0,0,zero,
ippo,base,2,171,2,6,49.0,49,0,0,0,zero,
ippo,base,2,172,0,6,7.0,7,0,1,1,zero,
ippo,base,2,172,1,6,43.0,43,0,0,0,zero,
ippo,base,2,172,2,6,49.0,49,0,0,0,zero,
ippo,base,2,173,0,5,6.0,6,0,9,9,zero,
ippo,base,2,173,1,5,34.0,34,0,0,0,zero,
ippo,base,2,173,2,5,49.0,49,0,0,0,zero,
ippo,base,2,174,0,6,-0.0,0,0,9,9,zero,
ippo,base,2,174,1,6,25.0,25,0,0,0,zero,
ippo,base,2,174,2,6,49.0,49,0,0,0,zero,
ippo,base,2,175,0,6,3.0,3,0,1,1,zero,
ippo,base,2,175,1,6,24.0,24,0,12,12,zero,
ippo,base,2,175,2,6,37.0,37,0,0,0,zero,
ippo,base,2,176,0,5,1.0,0,1,9,9,zero,
ippo,base,2,176,1,5,15.0,15,0,6,6,zero,
ippo,base,2,176,2,5,31.0,31,0,1,1,zero,
ippo,base,2,177,0,5,3.0,3,0,9,9,zero,
ippo,base,2,177,1,5,6.0,6,0,12,12,zero,
ippo,base,2,177,2,5,19.0,19,0,1,1,zero,
ippo,base,2,178,0,5,7.0,7,0,0,0,zero,
ippo,base,2,178,1,5,6.0,6,0,18,18,zero,
ippo,base,2,178,2,5,1.0,1,0,12,12,zero,
ippo,base,2,179,0,5,3.0,3,0,9,9,zero,
ippo,base,2,179,1,5,9.0,9,0,2,2,zero,
ippo,base,2,179,2,5,1.0,0,1,20,20,zero,
ippo,base,2,180,0,4,8.0,8,0,1,1,zero,
ippo,base,2,180,1,4,14.0,14,0,4,4,zero,
ippo,base,2,180,2,4,4.0,0,4,3,3,zero,
ippo,base,2,181,0,5,12.0,12,0,1,1,zero,
ippo,base,2,181,1,5,25.0,25,0,0,0,zero,
ippo,base,2,181,2,5,3.0,0,3,3,3,zero,
ippo,base,2,182,0,5,7.0,7,0,9,9,zero,
ippo,base,2,182,1,5,34.0,34,0,0,0,zero,
ippo,base,2,182,2,5,9.0,9,0,0,0,zero,
ippo,base,2,183,0,6,10.0,10,0,1,1,zero,
ippo,base,2,183,1,6,34.0,34,0,0,0,zero,
ippo,base,2,183,2,6,29.0,29,0,0,0,zero,
ippo,base,2,184,0,5,6.0,6,0,9,9,zero,
ippo,base,2,184,1,5,26.0,26,0,0,0,zero,
ippo,base,2,184,2,5,32.0,32,0,0,0,zero,
ippo,base,2,185,0,5,2.0,2,0,9,9,zero,
ippo,base,2,185,1,5,18.0,18,0,0,0,zero,
ippo,base,2,185,2,5,35.0,35,0,0,0,zero,
ippo,base,2,186,0,4,7.0,7,0,1,1,zero,
ippo,base,2,186,1,4,20.0,20,0,12,12,zero,
ippo,base,2,186,2,4,23.0,23,0,0,0,zero,
ippo,base,2,187,0,4,4.0,4,0,0,0,zero,
ippo,base,2,187,1,4,20.0,20,0,8,8,zero,
ippo,base,2,187,2,4,15.0,15,0,1,1,zero,
ippo,base,2,188,0,4,9.0,9,0,1,1,zero,
ippo,base,2,188,1,4,19.0,19,0,0,0,zero,
ippo,base,2,188,2,4,15.0,15,0,12,12,zero,
ippo,base,2,189,0,5,13.0,13,0,9,9,zero,
ippo,base,2,189,1,5,10.0,10,0,0,0,zero,
ippo,base,2,189,2,5,15.0,15,0,3,3,zero,
ippo,base,2,190,0,5,9.0,9,0,9,9,zero,
ippo,base,2,190,1,5,13.0,13,0,0,0,zero,
ippo,base,2,190,2,5,15.0,15,0,0,0,zero,
ippo,base,2,191,0,5,4.0,4,0,1,1,zero,
ippo,base,2,191,1,5,20.0,20,0,12,12,zero,
ippo,base,2,191,2,5,4.0,4,0,0,0,zero,
ippo,base,2,192,0,5,-0.0,0,0,9,9,zero,
ippo,base,2,192,1,5,11.0,11,0,8,8,zero,
ippo,base,2,192,2,5,8.0,8,0,3,3,zero,
ippo,base,2,193,0,5,4.0,4,0,1,1,zero,
ippo,base,2,193,1,5,10.0,10,0,12,12,zero,
ippo,base,2,193,2,5,1.0,0,1,20,20,zero,
ippo,base,2,194,0,5,8.0,8,0,1,1,zero,
ippo,base,2,194,1,5,9.0,9,0,0,0,zero,
ippo,base,2,194,2,5,1.0,0,1,20,20,zero,
ippo,base,2,195,0,4,5.0,5,0,9,9,zero,
ippo,base,2,195,1,4,12.0,12,0,0,0,zero,
ippo,base,2,195,2,4,1.0,0,1,3,3,zero,
ippo,base,2,196,0,5,9.0,9,0,9,9,zero,
ippo,base,2,196,1,5,11.0,11,0,0,0,zero,
ippo,base,2,196,2,5,2.0,2,0,0,0,zero,
ippo,base,2,197,0,6,4.0,4,0,0,0,zero,
ippo,base,2,197,1,6,22.0,22,0,16,16,zero,
ippo,base,2,197,2,6,6.0,6,0,0,0,zero,
ippo,base,2,198,0,5,-0.0,0,0,9,9,zero,
ippo,base,2,198,1,5,13.0,13,0,4,4,zero,
ippo,base,2,198,2,5,22.0,22,0,3,3,zero,
ippo,base,2,199,0,5,4.0,4,0,9,9,zero,
ippo,base,2,199,1,5,4.0,4,0,12,12,zero,
ippo,base,2,199,2,5,13.0,13,0,12,12,zero,
ippo,base,2,200,0,4,9.0,9,0,0,0,zero,
ippo,base,2,200,1,4,5.0,5,0,12,12,zero,
ippo,base,2,200,2,4,1.0,1,0,20,20,zero,
ippo,base,3,1,0,10,10.0,10,0,5,5,zero,
ippo,base,3,1,1,10,15.0,15,0,18,18,zero,
ippo,base,3,1,2,10,2.0,2,0,0,0,zero,
ippo,base,3,2,0,9,11.0,11,0,17,17,zero,
ippo,base,3,2,1,9,8.0,8,0,4,4,zero,
ippo,base,3,2,2,9,8.0,8,0,20,20,zero,
ippo,base,3,3,0,9,12.0,12,0,5,5,zero,
ippo,base,3,3,1,9,13.0,13,0,16,16,zero,
ippo,base,3,3,2,9,2.0,2,0,8,8,zero,
ippo,base,3,4,0,8,14.0,14,0,1,1,zero,
ippo,base,3,4,1,8,22.0,22,0,14,14,zero,
ippo,base,3,4,2,8,2.0,0,2,20,20,zero,
ippo,base,3,5,0,8,11.0,11,0,9,9,zero,
ippo,base,3,5,1,8,31.0,31,0,4,4,zero,
ippo,base,3,5,2,8,6.0,0,6,20,20,zero,
ippo,base,3,6,0,8,20.0,20,0,9,9,zero,
ippo,base,3,6,1,8,26.0,26,0,4,4,zero,
ippo,base,3,6,2,8,10.0,10,0,3,3,zero,
ippo,base,3,7,0,9,16.0,16,0,9,9,zero,
ippo,base,3,7,1,9,33.0,33,0,4,4,zero,
ippo,base,3,7,2,9,14.0,14,0,3,3,zero,
ippo,base,3,8,0,8,9.0,9,0,9,9,zero,
ippo,base,3,8,1,8,36.0,36,0,4,4,zero,
ippo,base,3,8,2,8,30.0,30,0,0,0,zero,
ippo,base,3,9,0,8,10.0,10,0,5,5,zero,
ippo,base,3,9,1,8,31.0,31,0,12,12,zero,
ippo,base,3,9,2,8,38.0,38,0,0,0,zero,
ippo,base,3,10,0,7,12.0,12,0,9,9,zero,
ippo,base,3,10,1,7,32.0,32,0,0,0,zero,
ippo,base,3,10,2,7,41.0,41,0,3,3,zero,
ippo,base,3,11,0,6,15.0,15,0,1,1,zero,
ippo,base,3,11,1,6,35.0,35,0,6,6,zero,
ippo,base,3,11,2,6,38.0,38,0,1,1,zero,
ippo,base,3,12,0,5,19.0,19,0,1,1,zero,
ippo,base,3,12,1,5,38.0,38,0,0,0,zero,
ippo,base,3,12,2,5,38.0,38,0,1,1,zero,
ippo,base,3,13,0,5,19.0,19,0,1,1,zero,
ippo,base,3,13,1,5,49.0,49,0,0,0,zero,
ippo,base,3,13,2,5,38.0,38,0,0,0,zero,
ippo,base,3,14,0,5,23.0,23,0,1,1,zero,
ippo,base,3,14,1,5,48.0,48,0,0,0,zero,
ippo,base,3,14,2,5,41.0,41,0,0,0,zero,
ippo,base,3,15,0,6,18.0,18,0,9,9,zero,
ippo,base,3,15,1,6,45.0,45,0,0,0,zero,
ippo,base,3,15,2,6,42.0,42,0,0,0,zero,
ippo,base,3,16,0,6,13.0,13,0,9,9,zero,
ippo,base,3,16,1,6,36.0,36,0,0,0,zero,
ippo,base,3,16,2,6,43.0,43,0,0,0,zero,
ippo,base,3,17,0,7,7.0,7,0,9,9,zero,
ippo,base,3,17,1,7,27.0,27,0,1,1,zero,
ippo,base,3,17,2,7,42.0,42,0,0,0,zero,
ippo,base,3,18,0,6,2.0,2,0,1,1,zero,
ippo,base,3,18,1,6,26.0,26,0,12,12,zero,
ippo,base,3,18,2,6,30.0,30,0,0,0,zero,
ippo,base,3,19,0,6,5.0,5,0,9,9,zero,
ippo,base,3,19,1,6,17.0,17,0,6,6,zero,
ippo,base,3,19,2,6,24.0,24,0,1,1,zero,
ippo,base,3,20,0,7,7.0,7,0,1,1,zero,
ippo,base,3,20,1,7,16.0,16,0,12,12,zero,
ippo,base,3,20,2,7,12.0,12,0,1,1,zero,
ippo,base,3,21,0,6,10.0,10,0,9,9,zero,
ippo,base,3,21,1,6,8.0,8,0,0,0,zero,
ippo,base,3,21,2,6,12.0,12,0,19,19,zero,
ippo,base,3,22,0,6,5.0,5,0,9,9,zero,
ippo,base,3,22,1,6,11.0,11,0,2,2,zero,
ippo,base,3,22,2,6,10.0,10,0,3,3,zero,
ippo,base,3,23,0,6,8.0,8,0,1,1,zero,
ippo,base,3,23,1,6,16.0,16,0,17,17,zero,
ippo,base,3,23,2,6,6.0,0,6,1,1,zero,
ippo,base,3,24,0,6,3.0,3,0,9,9,zero,
ippo,base,3,24,1,6,19.0,19,0,4,4,zero,
ippo,base,3,24,2,6,9.0,0,9,20,20,zero,
ippo,base,3,25,0,6,6.0,6,0,9,9,zero,
ippo,base,3,25,1,6,10.0,10,0,14,14,zero,
ippo,base,3,25,2,6,4.0,0,4,20,20,zero,
ippo,base,3,26,0,6,9.0,9,0,1,1,zero,
ippo,base,3,26,1,6,11.0,11,0,14,14,zero,
ippo,base,3,26,2,6,15.0,0,15,20,20,zero,
ippo,base,3,27,0,6,4.0,4,0,9,9,zero,
ippo,base,3,27,1,6,13.0,13,0,4,4,zero,
ippo,base,3,27,2,6,18.0,0,18,20,20,zero,
ippo,base,3,28,0,6,7.0,7,0,9,9,zero,
ippo,base,3,28,1,6,5.0,5,0,14,14,zero,
ippo,base,3,28,2,6,12.0,0,12,3,3,zero,
ippo,base,3,29,0,7,9.0,9,0,0,0,zero,
ippo,base,3,29,1,7,24.0,24,0,4,4,zero,
ippo,base,3,29,2,7,4.0,4,0,3,3,zero,
ippo,base,3,30,0,7,3.0,3,0,9,9,zero,
ippo,base,3,30,1,7,18.0,18,0,0,0,zero,
ippo,base,3,30,2,7,24.0,24,0,3,3,zero,
ippo,base,3,31,0,7,5.0,5,0,9,9,zero,
ippo,base,3,31,1,7,10.0,10,0,0,0,zero,
ippo,base,3,31,2,7,44.0,44,0,0,0,zero,
ippo,base,3,32,0,7,7.0,7,0,9,9,zero,
ippo,base,3,32,1,7,21.0,21,0,0,0,zero,
ippo,base,3,32,2,7,47.0,47,0,0,0,zero,
ippo,base,3,33,0,6,1.0,1,0,9,9,zero,
ippo,base,3,33,1,6,28.0,28,0,14,14,zero,
ippo,base,3,33,2,6,36.0,36,0,0,0,zero,
ippo,base,3,34,0,7,3.0,3,0,0,0,zero,
ippo,base,3,34,1,7,28.0,28,0,14,14,zero,
ippo,base,3,34,2,7,25.0,25,0,1,1,zero,
ippo,base,3,35,0,7,5.0,5,0,9,9,zero,
ippo,base,3,35,1,7,19.0,19,0,0,0,zero,
ippo,base,3,35,2,7,25.0,25,0,12,12,zero,
ippo,base,3,36,0,7,7.0,7,0,9,9,zero,
ippo,base,3,36,1,7,10.0,10,0,0,0,zero,
ippo,base,3,36,2,7,25.0,25,0,3,3,zero,
ippo,base,3,37,0,6,10.0,10,0,9,9,zero,
ippo,base,3,37,1,6,15.0,15,0,8,8,zero,
ippo,base,3,37,2,6,17.0,17,0,0,0,zero,
ippo,base,3,38,0,6,4.0,4,0,1,1,zero,
ippo,base,3,38,1,6,28.0,28,0,14,14,zero,
ippo,base,3,38,2,6,4.0,4,0,1,1,zero,
ippo,base,3,39,0,6,7.0,7,0,9,9,zero,
ippo,base,3,39,1,6,19.0,19,0,0,0,zero,
ippo,base,3,39,2,6,16.0,16,0,19,19,zero,
ippo,base,3,40,0,6,10.0,10,0,1,1,zero,
ippo,base,3,40,1,6,18.0,18,0,8,8,zero,
ippo,base,3,40,2,6,11.0,11,0,12,12,zero,
ippo,base,3,41,0,5,14.0,14,0,9,9,zero,
ippo,base,3,41,1,5,17.0,17,0,0,0,zero,
ippo,base,3,41,2,5,11.0,11,0,20,20,zero,
ippo,base,3,42,0,6,9.0,9,0,1,1,zero,
ippo,base,3,42,1,6,30.0,30,0,4,4,zero,
ippo,base,3,42,2,6,8.0,8,0,0,0,zero,
ippo,base,3,43,0,7,11.0,11,0,9,9,zero,
ippo,base,3,43,1,7,21.0,21,0,0,0,zero,
ippo,base,3,43,2,7,27.0,27,0,0,0,zero,
ippo,base,3,44,0,7,5.0,5,0,9,9,zero,
ippo,base,3,44,1,7,20.0,20,0,5,5,zero,
ippo,base,3,44,2,7,34.0,34,0,0,0,zero,
ippo,base,3,45,0,8,6.0,6,0,9,9,zero,
ippo,base,3,45,1,8,11.0,11,0,12,12,zero,
ippo,base,3,45,2,8,42.0,42,0,0,0,zero,
ippo,base,3,46,0,7,-0.0,0,0,9,9,zero,
ippo,base,3,46,1,7,6.0,6,0,18,18,zero,
ippo,base,3,46,2,7,24.0,24,0,1,1,zero,
ippo,base,3,47,0,6,3.0,3,0,1,1,zero,
ippo,base,3,47,1,6,5.0,5,0,18,18,zero,
ippo,base,3,47,2,6,6.0,6,0,12,12,zero,
ippo,base,3,48,0,6,6.0,6,0,9,9,zero,
ippo,base,3,48,1,6,1.0,1,0,2,2,zero,
ippo,base,3,48,2,6,4.0,4,0,20,20,zero,
ippo,base,3,49,0,6,9.0,9,0,1,1,zero,
ippo,base,3,49,1,6,12.0,12,0,2,2,zero,
ippo,base,3,49,2,6,2.0,2,0,3,3,zero,
ippo,base,3,50,0,4,14.0,14,0,9,9,zero,
ippo,base,3,50,1,4,21.0,21,0,0,0,zero,
ippo,base,3,50,2,4,3.0,3,0,3,3,zero,
ippo,base,3,51,0,5,10.0,10,0,1,1,zero,
ippo,base,3,51,1,5,38.0,38,0,0,0,zero,
ippo,base,3,51,2,5,15.0,15,0,0,0,zero,
ippo,base,3,52,0,5,14.0,14,0,1,1,zero,
ippo,base,3,52,1,5,39.0,39,0,0,0,zero,
ippo,base,3,52,2,5,35.0,35,0,0,0,zero,
ippo,base,3,53,0,4,11.0,11,0,9,9,zero,
ippo,base,3,53,1,4,32.0,32,0,0,0,zero,
ippo,base,3,53,2,4,38.0,38,0,0,0,zero,
ippo,base,3,54,0,4,16.0,16,0,1,1,zero,
ippo,base,3,54,1,4,31.0,31,0,0,0,zero,
ippo,base,3,54,2,4,41.0,41,0,0,0,zero,
ippo,base,3,55,0,5,12.0,12,0,1,1,zero,
ippo,base,3,55,1,5,30.0,30,0,0,0,zero,
ippo,base,3,55,2,5,41.0,41,0,0,0,zero,
ippo,base,3,56,0,5,8.0,8,0,9,9,zero,
ippo,base,3,56,1,5,21.0,21,0,0,0,zero,
ippo,base,3,56,2,5,41.0,41,0,0,0,zero,
ippo,base,3,57,0,4,13.0,13,0,1,1,zero,
ippo,base,3,57,1,4,20.0,20,0,0,0,zero,
ippo,base,3,57,2,4,41.0,41,0,0,0,zero,
ippo,base,3,58,0,4,10.0,10,0,1,1,zero,
ippo,base,3,58,1,4,19.0,19,0,0,0,zero,
ippo,base,3,58,2,4,41.0,41,0,0,0,zero,
ippo,base,3,59,0,4,7.0,7,0,1,1,zero,
ippo,base,3,59,1,4,18.0,18,0,0,0,zero,
ippo,base,3,59,2,4,41.0,41,0,0,0,zero,
ippo,base,3,60,0,4,12.0,12,0,9,9,zero,
ippo,base,3,60,1,4,9.0,9,0,0,0,zero,
ippo,base,3,60,2,4,41.0,41,0,0,0,zero,
ippo,base,3,61,0,4,9.0,9,0,1,1,zero,
ippo,base,3,61,1,4,8.0,8,0,12,12,zero,
ippo,base,3,61,2,4,29.0,29,0,0,0,zero,
ippo,base,3,62,0,3,7.0,7,0,1,1,zero,
ippo,base,3,62,1,3,7.0,7,0,6,6,zero,
ippo,base,3,62,2,3,23.0,23,0,1,1,zero,
ippo,base,3,63,0,4,4.0,4,0,0,0,zero,
ippo,base,3,63,1,4,7.0,7,0,0,0,zero,
ippo,base,3,63,2,4,23.0,23,0,1,1,zero,
ippo,base,3,64,0,3,10.0,10,0,1,1,zero,
ippo,base,3,64,1,3,6.0,6,0,0,0,zero,
ippo,base,3,64,2,3,23.0,23,0,0,0,zero,
ippo,base,3,65,0,3,8.0,8,0,9,9,zero,
ippo,base,3,65,1,3,9.0,9,0,0,0,zero,
ippo,base,3,65,2,3,23.0,23,0,0,0,zero,
ippo,base,3,66,0,3,6.0,6,0,1,1,zero,
ippo,base,3,66,1,3,14.0,14,0,0,0,zero,
ippo,base,3,66,2,3,24.0,24,0,0,0,zero,
ippo,base,3,67,0,4,2.0,2,0,0,0,zero,
ippo,base,3,67,1,4,14.0,14,0,0,0,zero,
ippo,base,3,67,2,4,25.0,25,0,0,0,zero,
ippo,base,3,68,0,4,1.0,0,1,9,9,zero,
ippo,base,3,68,1,4,5.0,5,0,0,0,zero,
ippo,base,3,68,2,4,25.0,25,0,0,0,zero,
ippo,base,3,69,0,4,4.0,4,0,9,9,zero,
ippo,base,3,69,1,4,4.0,0,4,17,17,zero,
ippo,base,3,69,2,4,8.0,8,0,0,0,zero,
ippo,base,3,70,0,4,1.0,1,0,1,1,zero,
ippo,base,3,70,1,4,5.0,0,5,17,17,zero,
ippo,base,3,70,2,4,9.0,0,9,1,1,zero,
ippo,base,3,71,0,4,3.0,0,3,9,9,zero,
ippo,base,3,71,1,4,14.0,0,14,8,8,zero,
ippo,base,3,71,2,4,17.0,0,17,12,12,zero,
ippo,base,3,72,0,4,2.0,2,0,9,9,zero,
ippo,base,3,72,1,4,23.0,0,23,17,17,zero,
ippo,base,3,72,2,4,34.0,0,34,20,20,zero,
ippo,base,3,73,0,5,2.0,2,0,9,9,zero,
ippo,base,3,73,1,5,15.0,0,15,17,17,zero,
ippo,base,3,73,2,5,51.0,0,51,20,20,zero,
ippo,base,3,74,0,5,3.0,0,3,9,9,zero,
ippo,base,3,74,1,5,16.0,0,16,17,17,zero,
ippo,base,3,74,2,5,67.0,0,67,20,20,zero,
ippo,base,3,75,0,5,8.0,0,8,0,0,zero,
ippo,base,3,75,1,5,16.0,0,16,18,18,zero,
ippo,base,3,75,2,5,73.0,0,73,20,20,zero,
ippo,base,3,76,0,5,13.0,0,13,9,9,zero,
ippo,base,3,76,1,5,25.0,0,25,8,8,zero,
ippo,base,3,76,2,5,61.0,0,61,20,20,zero,
ippo,base,3,77,0,4,-0.0,0,0,9,9,zero,
ippo,base,3,77,1,4,34.0,0,34,17,17,zero,
ippo,base,3,77,2,4,58.0,0,58,20,20,zero,
ippo,base,3,78,0,5,3.0,3,0,9,9,zero,
ippo,base,3,78,1,5,42.0,0,42,8,8,zero,
ippo,base,3,78,2,5,46.0,0,46,20,20,zero,
ippo,base,3,79,0,5,2.0,0,2,17,17,zero,
ippo,base,3,79,1,5,47.0,0,47,0,0,zero,
ippo,base,3,79,2,5,26.0,0,26,20,20,zero,
ippo,base,3,80,0,5,7.0,0,7,9,9,zero,
ippo,base,3,80,1,5,36.0,0,36,0,0,zero,
ippo,base,3,80,2,5,6.0,0,6,3,3,zero,
ippo,base,3,81,0,5,12.0,0,12,1,1,zero,
ippo,base,3,81,1,5,17.0,0,17,0,0,zero,
ippo,base,3,81,2,5,14.0,14,0,0,0,zero,
ippo,base,3,82,0,5,16.0,0,16,0,0,zero,
ippo,base,3,82,1,5,3.0,3,0,0,0,zero,
ippo,base,3,82,2,5,34.0,34,0,0,0,zero,
ippo,base,3,83,0,5,9.0,0,9,0,0,zero,
ippo,base,3,83,1,5,23.0,23,0,0,0,zero,
ippo,base,3,83,2,5,54.0,54,0,0,0,zero,
ippo,base,3,84,0,5,6.0,6,0,0,0,zero,
ippo,base,3,84,1,5,43.0,43,0,0,0,zero,
ippo,base,3,84,2,5,57.0,57,0,0,0,zero,
ippo,base,3,85,0,5,21.0,21,0,0,0,zero,
ippo,base,3,85,1,5,49.0,49,0,0,0,zero,
ippo,base,3,85,2,5,57.0,57,0,0,0,zero,
ippo,base,3,86,0,4,34.0,34,0,0,0,zero,
ippo,base,3,86,1,4,49.0,49,0,0,0,zero,
ippo,base,3,86,2,4,57.0,57,0,0,0,zero,
ippo,base,3,87,0,5,29.0,29,0,1,1,zero,
ippo,base,3,87,1,5,48.0,48,0,0,0,zero,
ippo,base,3,87,2,5,57.0,57,0,0,0,zero,
ippo,base,3,88,0,5,24.0,24,0,9,9,zero,
ippo,base,3,88,1,5,39.0,39,0,0,0,zero,
ippo,base,3,88,2,5,57.0,57,0,0,0,zero,
ippo,base,3,89,0,5,19.0,19,0,9,9,zero,
ippo,base,3,89,1,5,30.0,30,0,0,0,zero,
ippo,base,3,89,2,5,57.0,57,0,0,0,zero,
ippo,base,3,90,0,4,15.0,15,0,5,5,zero,
ippo,base,3,90,1,4,25.0,25,0,1,1,zero,
ippo,base,3,90,2,4,56.0,56,0,0,0,zero,
ippo,base,3,91,0,5,11.0,11,0,0,0,zero,
ippo,base,3,91,1,5,25.0,25,0,12,12,zero,
ippo,base,3,91,2,5,44.0,44,0,0,0,zero,
ippo,base,3,92,0,5,15.0,15,0,0,0,zero,
ippo,base,3,92,1,5,25.0,25,0,0,0,zero,
ippo,base,3,92,2,5,44.0,44,0,0,0,zero,
ippo,base,3,93,0,4,20.0,20,0,1,1,zero,
ippo,base,3,93,1,4,24.0,24,0,0,0,zero,
ippo,base,3,93,2,4,44.0,44,0,0,0,zero,
ippo,base,3,94,0,4,21.0,21,0,5,5,zero,
ippo,base,3,94,1,4,20.0,20,0,0,0,zero,
ippo,base,3,94,2,4,44.0,44,0,0,0,zero,
ippo,base,3,95,0,5,16.0,16,0,9,9,zero,
ippo,base,3,95,1,5,23.0,23,0,0,0,zero,
ippo,base,3,95,2,5,44.0,44,0,0,0,zero,
ippo,base,3,96,0,5,11.0,11,0,1,1,zero,
ippo,base,3,96,1,5,22.0,22,0,12,12,zero,
ippo,base,3,96,2,5,32.0,32,0,0,0,zero,
ippo,base,3,97,0,5,7.0,7,0,9,9,zero,
ippo,base,3,97,1,5,13.0,13,0,0,0,zero,
ippo,base,3,97,2,5,32.0,32,0,1,1,zero,
ippo,base,3,98,0,6,6.0,6,0,1,1,zero,
ippo,base,3,98,1,6,12.0,12,0,12,12,zero,
ippo,base,3,98,2,6,20.0,20,0,0,0,zero,
ippo,base,3,99,0,7,8.0,8,0,1,1,zero,
ippo,base,3,99,1,7,11.0,11,0,2,2,zero,
ippo,base,3,99,2,7,18.0,18,0,1,1,zero,
ippo,base,3,100,0,6,3.0,3,0,9,9,zero,
ippo,base,3,100,1,6,14.0,14,0,0,0,zero,
ippo,base,3,100,2,6,18.0,18,0,1,1,zero,
ippo,base,3,101,0,5,7.0,7,0,9,9,zero,
ippo,base,3,101,1,5,5.0,5,0,4,4,zero,
ippo,base,3,101,2,5,15.0,15,0,0,0,zero,
ippo,base,3,102,0,5,3.0,3,0,9,9,zero,
ippo,base,3,102,1,5,8.0,8,0,16,16,zero,
ippo,base,3,102,2,5,1.0,0,1,1,1,zero,
ippo,base,3,103,0,5,1.0,0,1,0,0,zero,
ippo,base,3,103,1,5,10.0,10,0,17,17,zero,
ippo,base,3,103,2,5,17.0,0,17,18,18,zero,
ippo,base,3,104,0,5,3.0,3,0,0,0,zero,
ippo,base,3,104,1,5,10.0,10,0,8,8,zero,
ippo,base,3,104,2,5,24.0,0,24,20,20,zero,
ippo,base,3,105,0,5,7.0,7,0,9,9,zero,
ippo,base,3,105,1,5,5.0,5,0,0,0,zero,
ippo,base,3,105,2,5,24.0,0,24,20,20,zero,
ippo,base,3,106,0,6,10.0,10,0,9,9,zero,
ippo,base,3,106,1,6,11.0,11,0,0,0,zero,
ippo,base,3,106,2,6,23.0,0,23,3,3,zero,
ippo,base,3,107,0,6,4.0,4,0,1,1,zero,
ippo,base,3,107,1,6,11.0,11,0,16,16,zero,
ippo,base,3,107,2,6,21.0,0,21,0,0,zero,
ippo,base,3,108,0,6,2.0,0,2,9,9,zero,
ippo,base,3,108,1,6,3.0,3,0,4,4,zero,
ippo,base,3,108,2,6,5.0,0,5,3,3,zero,
ippo,base,3,109,0,6,1.0,1,0,9,9,zero,
ippo,base,3,109,1,6,6.0,0,6,8,8,zero,
ippo,base,3,109,2,6,7.0,7,0,12,12,zero,
ippo,base,3,110,0,6,4.0,4,0,9,9,zero,
ippo,base,3,110,1,6,14.0,0,14,8,8,zero,
ippo,base,3,110,2,6,2.0,2,0,20,20,zero,
ippo,base,3,111,0,7,2.0,0,2,9,9,zero,
ippo,base,3,111,1,7,5.0,0,5,4,4,zero,
ippo,base,3,111,2,7,2.0,0,2,8,8,zero,
ippo,base,3,112,0,7,-0.0,0,0,9,9,zero,
ippo,base,3,112,1,7,6.0,6,0,4,4,zero,
ippo,base,3,112,2,7,3.0,0,3,3,3,zero,
ippo,base,3,113,0,7,4.0,0,4,1,1,zero,
ippo,base,3,113,1,7,18.0,18,0,14,14,zero,
ippo,base,3,113,2,7,5.0,0,5,3,3,zero,
ippo,base,3,114,0,8,11.0,0,11,9,9,zero,
ippo,base,3,114,1,8,17.0,17,0,4,4,zero,
ippo,base,3,114,2,8,11.0,11,0,12,12,zero,
ippo,base,3,115,0,9,2.0,0,2,9,9,zero,
ippo,base,3,115,1,9,10.0,10,0,4,4,zero,
ippo,base,3,115,2,9,15.0,15,0,12,12,zero,
ippo,base,3,116,0,9,3.0,3,0,9,9,zero,
ippo,base,3,116,1,9,4.0,4,0,14,14,zero,
ippo,base,3,116,2,9,4.0,4,0,3,3,zero,
ippo,base,3,117,0,9,5.0,0,5,9,9,zero,
ippo,base,3,117,1,9,7.0,7,0,14,14,zero,
ippo,base,3,117,2,9,7.0,0,7,20,20,zero,
ippo,base,3,118,0,7,3.0,0,3,9,9,zero,
ippo,base,3,118,1,7,7.0,7,0,20,20,zero,
ippo,base,3,118,2,7,15.0,0,15,20,20,zero,
ippo,base,3,119,0,9,3.0,0,3,9,9,zero,
ippo,base,3,119,1,9,2.0,2,0,20,20,zero,
ippo,base,3,119,2,9,23.0,0,23,20,20,zero,
ippo,base,3,120,0,9,3.0,0,3,9,9,zero,
ippo,base,3,120,1,9,7.0,7,0,14,14,zero,
ippo,base,3,120,2,9,34.0,0,34,20,20,zero,
ippo,base,3,121,0,8,2.0,0,2,18,18,zero,
ippo,base,3,121,1,8,4.0,0,4,20,20,zero,
ippo,base,3,121,2,8,34.0,0,34,20,20,zero,
ippo,base,3,122,0,8,1.0,0,1,5,5,zero,
ippo,base,3,122,1,8,3.0,3,0,20,20,zero,
ippo,base,3,122,2,8,34.0,0,34,20,20,zero,
ippo,base,3,123,0,8,-0.0,0,0,0,0,zero,
ippo,base,3,123,1,8,15.0,15,0,8,8,zero,
ippo,base,3,123,2,8,22.0,0,22,20,20,zero,
ippo,base,3,124,0,8,1.0,1,0,17,17,zero,
ippo,base,3,124,1,8,1.0,1,0,0,0,zero,
ippo,base,3,124,2,8,2.0,0,2,3,3,zero,
ippo,base,3,125,0,7,8.0,8,0,9,9,zero,
ippo,base,3,125,1,7,12.0,12,0,0,0,zero,
ippo,base,3,125,2,7,18.0,18,0,3,3,zero,
ippo,base,3,126,0,8,9.0,9,0,1,1,zero,
ippo,base,3,126,1,8,31.0,31,0,0,0,zero,
ippo,base,3,126,2,8,38.0,38,0,0,0,zero,
ippo,base,3,127,0,9,-0.0,0,0,9,9,zero,
ippo,base,3,127,1,9,42.0,42,0,0,0,zero,
ippo,base,3,127,2,9,58.0,58,0,0,0,zero,
ippo,base,3,128,0,9,8.0,8,0,17,17,zero,
ippo,base,3,128,1,9,45.0,45,0,0,0,zero,
ippo,base,3,128,2,9,61.0,61,0,0,0,zero,
ippo,base,3,129,0,9,8.0,8,0,9,9,zero,
ippo,base,3,129,1,9,38.0,38,0,14,14,zero,
ippo,base,3,129,2,9,50.0,50,0,0,0,zero,
ippo,base,3,130,0,8,1.0,1,0,9,9,zero,
ippo,base,3,130,1,8,29.0,29,0,14,14,zero,
ippo,base,3,130,2,8,36.0,36,0,1,1,zero,
ippo,base,3,131,0,8,2.0,2,0,9,9,zero,
ippo,base,3,131,1,8,20.0,20,0,6,6,zero,
ippo,base,3,131,2,8,30.0,30,0,1,1,zero,
ippo,base,3,132,0,9,10.0,10,0,0,0,zero,
ippo,base,3,132,1,9,20.0,20,0,12,12,zero,
ippo,base,3,132,2,9,18.0,18,0,15,15,zero,
ippo,base,3,133,0,9,10.0,10,0,9,9,zero,
ippo,base,3,133,1,9,25.0,25,0,0,0,zero,
ippo,base,3,133,2,9,18.0,18,0,20,20,zero,
ippo,base,3,134,0,8,11.0,11,0,9,9,zero,
ippo,base,3,134,1,8,30.0,30,0,0,0,zero,
ippo,base,3,134,2,8,19.0,19,0,3,3,zero,
ippo,base,3,135,0,8,12.0,12,0,9,9,zero,
ippo,base,3,135,1,8,27.0,27,0,14,14,zero,
ippo,base,3,135,2,8,6.0,6,0,0,0,zero,
ippo,base,3,136,0,8,4.0,4,0,9,9,zero,
ippo,base,3,136,1,8,30.0,30,0,14,14,zero,
ippo,base,3,136,2,8,7.0,7,0,3,3,zero,
ippo,base,3,137,0,8,5.0,5,0,9,9,zero,
ippo,base,3,137,1,8,21.0,21,0,6,6,zero,
ippo,base,3,137,2,8,21.0,21,0,12,12,zero,
ippo,base,3,138,0,9,5.0,5,0,1,1,zero,
ippo,base,3,138,1,9,20.0,20,0,12,12,zero,
ippo,base,3,138,2,9,12.0,12,0,12,12,zero,
ippo,base,3,139,0,9,5.0,5,0,9,9,zero,
ippo,base,3,139,1,9,25.0,25,0,0,0,zero,
ippo,base,3,139,2,9,12.0,12,0,20,20,zero,
ippo,base,3,140,0,9,5.0,5,0,17,17,zero,
ippo,base,3,140,1,9,22.0,22,0,0,0,zero,
ippo,base,3,140,2,9,15.0,15,0,3,3,zero,
ippo,base,3,141,0,8,6.0,6,0,9,9,zero,
ippo,base,3,141,1,8,19.0,19,0,14,14,zero,
ippo,base,3,141,2,8,13.0,13,0,0,0,zero,
ippo,base,3,142,0,8,1.0,0,1,9,9,zero,
ippo,base,3,142,1,8,22.0,22,0,14,14,zero,
ippo,base,3,142,2,8,11.0,11,0,3,3,zero,
ippo,base,3,143,0,7,1.0,1,0,0,0,zero,
ippo,base,3,143,1,7,22.0,22,0,12,12,zero,
ippo,base,3,143,2,7,19.0,19,0,12,12,zero,
ippo,base,3,144,0,7,11.0,11,0,1,1,zero,
ippo,base,3,144,1,7,21.0,21,0,0,0,zero,
ippo,base,3,144,2,7,22.0,22,0,20,20,zero,
ippo,base,3,145,0,8,12.0,12,0,9,9,zero,
ippo,base,3,145,1,8,26.0,26,0,0,0,zero,
ippo,base,3,145,2,8,22.0,22,0,3,3,zero,
ippo,base,3,146,0,6,15.0,15,0,9,9,zero,
ippo,base,3,146,1,6,31.0,31,0,0,0,zero,
ippo,base,3,146,2,6,25.0,25,0,0,0,zero,
ippo,base,3,147,0,6,9.0,9,0,9,9,zero,
ippo,base,3,147,1,6,34.0,34,0,0,0,zero,
ippo,base,3,147,2,6,37.0,37,0,0,0,zero,
ippo,base,3,148,0,6,4.0,4,0,9,9,zero,
ippo,base,3,148,1,6,25.0,25,0,18,18,zero,
ippo,base,3,148,2,6,39.0,39,0,0,0,zero,
ippo,base,3,149,0,6,7.0,7,0,0,0,zero,
ippo,base,3,149,1,6,25.0,25,0,18,18,zero,
ippo,base,3,149,2,6,24.0,24,0,1,1,zero,
ippo,base,3,150,0,6,10.0,10,0,9,9,zero,
ippo,base,3,150,1,6,16.0,16,0,0,0,zero,
ippo,base,3,150,2,6,24.0,24,0,12,12,zero,
ippo,base,3,151,0,6,13.0,13,0,1,1,zero,
ippo,base,3,151,1,6,15.0,15,0,0,0,zero,
ippo,base,3,151,2,6,24.0,24,0,3,3,zero,
ippo,base,3,152,0,6,16.0,16,0,9,9,zero,
ippo,base,3,152,1,6,24.0,24,0,0,0,zero,
ippo,base,3,152,2,6,24.0,24,0,0,0,zero,
ippo,base,3,153,0,6,10.0,10,0,9,9,zero,
ippo,base,3,153,1,6,33.0,33,0,0,0,zero,
ippo,base,3,153,2,6,25.0,25,0,0,0,zero,
ippo,base,3,154,0,6,13.0,13,0,1,1,zero,
ippo,base,3,154,1,6,32.0,32,0,14,14,zero,
ippo,base,3,154,2,6,23.0,23,0,0,0,zero,
ippo,base,3,155,0,7,7.0,7,0,9,9,zero,
ippo,base,3,155,1,7,23.0,23,0,0,0,zero,
ippo,base,3,155,2,7,26.0,26,0,1,1,zero,
ippo,base,3,156,0,7,9.0,9,0,9,9,zero,
ippo,base,3,156,1,7,14.0,14,0,8,8,zero,
ippo,base,3,156,2,7,18.0,18,0,0,0,zero,
ippo,base,3,157,0,9,9.0,9,0,1,1,zero,
ippo,base,3,157,1,9,13.0,13,0,12,12,zero,
ippo,base,3,157,2,9,6.0,6,0,12,12,zero,
ippo,base,3,158,0,8,2.0,2,0,9,9,zero,
ippo,base,3,158,1,8,18.0,18,0,4,4,zero,
ippo,base,3,158,2,8,2.0,2,0,20,20,zero,
ippo,base,3,159,0,8,3.0,3,0,9,9,zero,
ippo,base,3,159,1,8,9.0,9,0,4,4,zero,
ippo,base,3,159,2,8,1.0,0,1,3,3,zero,
ippo,base,3,160,0,8,4.0,4,0,9,9,zero,
ippo,base,3,160,1,8,8.0,8,0,14,14,zero,
ippo,base,3,160,2,8,15.0,0,15,3,3,zero,
ippo,base,3,161,0,7,2.0,0,2,9,9,zero,
ippo,base,3,161,1,7,11.0,11,0,18,18,zero,
ippo,base,3,161,2,7,21.0,0,21,12,12,zero,
ippo,base,3,162,0,8,1.0,0,1,9,9,zero,
ippo,base,3,162,1,8,6.0,6,0,18,18,zero,
ippo,base,3,162,2,8,19.0,0,19,20,20,zero,
ippo,base,3,163,0,8,-0.0,0,0,0,0,zero,
ippo,base,3,163,1,8,9.0,9,0,12,12,zero,
ippo,base,3,163,2,8,28.0,0,28,20,20,zero,
ippo,base,3,164,0,8,1.0,1,0,9,9,zero,
ippo,base,3,164,1,8,-0.0,0,0,2,2,zero,
ippo,base,3,164,2,8,27.0,0,27,20,20,zero,
ippo,base,3,165,0,8,2.0,2,0,17,17,zero,
ippo,base,3,165,1,8,5.0,0,5,0,0,zero,
ippo,base,3,165,2,8,15.0,0,15,3,3,zero,
ippo,base,3,166,0,9,2.0,2,0,9,9,zero,
ippo,base,3,166,1,9,6.0,6,0,14,14,zero,
ippo,base,3,166,2,9,9.0,0,9,0,0,zero,
ippo,base,3,167,0,11,9.0,0,9,9,9,zero,
ippo,base,3,167,1,11,-0.0,0,0,14,14,zero,
ippo,base,3,167,2,11,3.0,0,3,3,3,zero,
ippo,base,3,168,0,12,12.0,0,12,9,9,zero,
ippo,base,3,168,1,12,6.0,0,6,12,12,zero,
ippo,base,3,168,2,12,5.0,5,0,19,19,zero,
ippo,base,3,169,0,13,13.0,0,13,17,17,zero,
ippo,base,3,169,1,13,11.0,0,11,6,6,zero,
ippo,base,3,169,2,13,2.0,2,0,20,20,zero,
ippo,base,3,170,0,12,11.0,0,11,19,19,zero,
ippo,base,3,170,1,12,10.0,0,10,14,14,zero,
ippo,base,3,170,2,12,12.0,0,12,3,3,zero,
ippo,base,3,171,0,10,12.0,0,12,11,11,zero,
ippo,base,3,171,1,10,1.0,0,1,18,18,zero,
ippo,base,3,171,2,10,27.0,0,27,12,12,zero,
ippo,base,3,172,0,9,18.0,0,18,0,0,zero,
ippo,base,3,172,1,9,14.0,14,0,18,18,zero,
ippo,base,3,172,2,9,26.0,0,26,20,20,zero,
ippo,base,3,173,0,8,14.0,0,14,5,5,zero,
ippo,base,3,173,1,8,15.0,15,0,14,14,zero,
ippo,base,3,173,2,8,20.0,0,20,20,20,zero,
ippo,base,3,174,0,9,3.0,0,3,9,9,zero,
ippo,base,3,174,1,9,8.0,8,0,0,0,zero,
ippo,base,3,174,2,9,17.0,0,17,20,20,zero,
ippo,base,3,175,0,8,9.0,9,0,9,9,zero,
ippo,base,3,175,1,8,2.0,2,0,0,0,zero,
ippo,base,3,175,2,8,5.0,0,5,3,3,zero,
ippo,base,3,176,0,8,2.0,2,0,19,19,zero,
ippo,base,3,176,1,8,2.0,2,0,0,0,zero,
ippo,base,3,176,2,8,15.0,15,0,0,0,zero,
ippo,base,3,177,0,8,1.0,0,1,5,5,zero,
ippo,base,3,177,1,8,17.0,17,0,14,14,zero,
ippo,base,3,177,2,8,21.0,21,0,0,0,zero,
ippo,base,3,178,0,8,-0.0,0,0,1,1,zero,
ippo,base,3,178,1,8,19.0,19,0,14,14,zero,
ippo,base,3,178,2,8,27.0,27,0,3,3,zero,
ippo,base,3,179,0,8,1.0,1,0,18,18,zero,
ippo,base,3,179,1,8,13.0,13,0,0,0,zero,
ippo,base,3,179,2,8,30.0,30,0,19,19,zero,
ippo,base,3,180,0,8,12.0,12,0,9,9,zero,
ippo,base,3,180,1,8,9.0,9,0,4,4,zero,
ippo,base,3,180,2,8,26.0,26,0,3,3,zero,
ippo,base,3,181,0,7,10.0,10,0,5,5,zero,
ippo,base,3,181,1,7,18.0,18,0,14,14,zero,
ippo,base,3,181,2,7,12.0,12,0,3,3,zero,
ippo,base,3,182,0,7,4.0,4,0,9,9,zero,
ippo,base,3,182,1,7,23.0,23,0,4,4,zero,
ippo,base,3,182,2,7,11.0,11,0,12,12,zero,
ippo,base,3,183,0,6,16.0,16,0,1,1,zero,
ippo,base,3,183,1,6,22.0,22,0,4,4,zero,
ippo,base,3,183,2,6,26.0,26,0,8,8,zero,
ippo,base,3,184,0,6,19.0,19,0,1,1,zero,
ippo,base,3,184,1,6,25.0,25,0,0,0,zero,
ippo,base,3,184,2,6,29.0,29,0,0,0,zero,
ippo,base,3,185,0,7,17.0,17,0,9,9,zero,
ippo,base,3,185,1,7,30.0,30,0,0,0,zero,
ippo,base,3,185,2,7,32.0,32,0,0,0,zero,
ippo,base,3,186,0,7,19.0,19,0,9,9,zero,
ippo,base,3,186,1,7,25.0,25,0,0,0,zero,
ippo,base,3,186,2,7,44.0,44,0,0,0,zero,
ippo,base,3,187,0,6,14.0,14,0,9,9,zero,
ippo,base,3,187,1,6,20.0,20,0,14,14,zero,
ippo,base,3,187,2,6,38.0,38,0,0,0,zero,
ippo,base,3,188,0,7,8.0,8,0,5,5,zero,
ippo,base,3,188,1,7,15.0,15,0,14,14,zero,
ippo,base,3,188,2,7,24.0,24,0,1,1,zero,
ippo,base,3,189,0,7,10.0,10,0,1,1,zero,
ippo,base,3,189,1,7,14.0,14,0,6,6,zero,
ippo,base,3,189,2,7,18.0,18,0,12,12,zero,
ippo,base,3,190,0,6,13.0,13,0,9,9,zero,
ippo,base,3,190,1,6,5.0,5,0,0,0,zero,
ippo,base,3,190,2,6,18.0,18,0,12,12,zero,
ippo,base,3,191,0,6,16.0,16,0,9,9,zero,
ippo,base,3,191,1,6,10.0,10,0,0,0,zero,
ippo,base,3,191,2,6,18.0,18,0,1,1,zero,
ippo,base,3,192,0,6,15.0,15,0,1,1,zero,
ippo,base,3,192,1,6,23.0,23,0,14,14,zero,
ippo,base,3,192,2,6,5.0,5,0,0,0,zero,
ippo,base,3,193,0,6,10.0,10,0,9,9,zero,
ippo,base,3,193,1,6,20.0,20,0,0,0,zero,
ippo,base,3,193,2,6,17.0,17,0,1,1,zero,
ippo,base,3,194,0,6,13.0,13,0,1,1,zero,
ippo,base,3,194,1,6,19.0,19,0,8,8,zero,
ippo,base,3,194,2,6,21.0,21,0,1,1,zero,
ippo,base,3,195,0,7,15.0,15,0,1,1,zero,
ippo,base,3,195,1,7,18.0,18,0,0,0,zero,
ippo,base,3,195,2,7,22.0,22,0,12,12,zero,
ippo,base,3,196,0,6,10.0,10,0,9,9,zero,
ippo,base,3,196,1,6,23.0,23,0,0,0,zero,
ippo,base,3,196,2,6,22.0,22,0,3,3,zero,
ippo,base,3,197,0,6,13.0,13,0,9,9,zero,
ippo,base,3,197,1,6,14.0,14,0,0,0,zero,
ippo,base,3,197,2,6,23.0,23,0,0,0,zero,
ippo,base,3,198,0,5,9.0,9,0,9,9,zero,
ippo,base,3,198,1,5,13.0,13,0,14,14,zero,
ippo,base,3,198,2,5,10.0,10,0,0,0,zero,
ippo,base,3,199,0,5,5.0,5,0,1,1,zero,
ippo,base,3,199,1,5,12.0,12,0,18,18,zero,
ippo,base,3,199,2,5,4.0,4,0,3,3,zero,
ippo,base,3,200,0,5,9.0,9,0,0,0,zero,
ippo,base,3,200,1,5,12.0,12,0,2,2,zero,
ippo,base,3,200,2,5,5.0,5,0,20,20,zero,
ippo,shock,0,1,0,10,10.0,10,0,5,5,zero,
ippo,shock,0,1,1,10,15.0,15,0,18,18,zero,
ippo,shock,0,1,2,10,2.0,2,0,0,0,zero,
ippo,shock,0,2,0,8,12.0,12,0,17,17,zero,
ippo,shock,0,2,1,8,8.0,8,0,4,4,zero,
ippo,shock,0,2,2,8,8.0,8,0,20,20,zero,
ippo,shock,0,3,0,8,14.0,14,0,5,5,zero,
ippo,shock,0,3,1,8,13.0,13,0,16,16,zero,
ippo,shock,0,3,2,8,2.0,2,0,8,8,zero,
ippo,shock,0,4,0,7,17.0,17,0,1,1,zero,
ippo,shock,0,4,1,7,22.0,22,0,14,14,zero,
ippo,shock,0,4,2,7,2.0,0,2,20,20,zero,
ippo,shock,0,5,0,7,15.0,15,0,1,1,zero,
ippo,shock,0,5,1,7,39.0,39,0,4,4,zero,
ippo,shock,0,5,2,7,6.0,0,6,20,20,zero,
ippo,shock,0,6,0,7,25.0,25,0,9,9,zero,
ippo,shock,0,6,1,7,34.0,34,0,0,0,zero,
ippo,shock,0,6,2,7,14.0,14,0,3,3,zero,
ippo,shock,0,7,0,7,23.0,23,0,9,9,zero,
ippo,shock,0,7,1,7,41.0,41,0,0,0,zero,
ippo,shock,0,7,2,7,22.0,22,0,3,3,zero,
ippo,shock,0,8,0,7,17.0,17,0,9,9,zero,
ippo,shock,0,8,1,7,44.0,44,0,0,0,zero,
ippo,shock,0,8,2,7,42.0,42,0,0,0,zero,
ippo,shock,0,9,0,7,11.0,11,0,5,5,zero,
ippo,shock,0,9,1,7,39.0,39,0,12,12,zero,
ippo,shock,0,9,2,7,50.0,50,0,0,0,zero,
ippo,shock,0,10,0,7,13.0,13,0,1,1,zero,
ippo,shock,0,10,1,7,44.0,44,0,6,6,zero,
ippo,shock,0,10,2,7,47.0,47,0,1,1,zero,
ippo,shock,0,11,0,6,16.0,16,0,9,9,zero,
ippo,shock,0,11,1,6,35.0,35,0,0,0,zero,
ippo,shock,0,11,2,6,50.0,50,0,1,1,zero,
ippo,shock,0,12,0,5,20.0,20,0,9,9,zero,
ippo,shock,0,12,1,5,26.0,26,0,0,0,zero,
ippo,shock,0,12,2,5,50.0,50,0,0,0,zero,
ippo,shock,0,13,0,5,20.0,20,0,1,1,zero,
ippo,shock,0,13,1,5,37.0,37,0,12,12,zero,
ippo,shock,0,13,2,5,38.0,38,0,0,0,zero,
ippo,shock,0,14,0,5,16.0,16,0,0,0,zero,
ippo,shock,0,14,1,5,43.0,43,0,0,0,zero,
ippo,shock,0,14,2,5,39.0,39,0,1,1,zero,
ippo,shock,0,15,0,4,21.0,21,0,0,0,zero,
ippo,shock,0,15,1,4,43.0,43,0,0,0,zero,
ippo,shock,0,15,2,4,40.0,40,0,0,0,zero,
ippo,shock,0,16,0,4,26.0,26,0,0,0,zero,
ippo,shock,0,16,1,4,43.0,43,0,0,0,zero,
ippo,shock,0,16,2,4,40.0,40,0,0,0,zero,
ippo,shock,0,17,0,4,23.0,23,0,1,1,zero,
ippo,shock,0,17,1,4,54.0,54,0,0,0,zero,
ippo,shock,0,17,2,4,40.0,40,0,0,0,zero,
ippo,shock,0,18,0,4,19.0,19,0,9,9,zero,
ippo,shock,0,18,1,4,45.0,45,0,0,0,zero,
ippo,shock,0,18,2,4,41.0,41,0,0,0,zero,
ippo,shock,0,19,0,4,15.0,15,0,5,5,zero,
ippo,shock,0,19,1,4,40.0,40,0,0,0,zero,
ippo,shock,0,19,2,4,41.0,41,0,0,0,zero,
ippo,shock,0,20,0,5,10.0,10,0,1,1,zero,
ippo,shock,0,20,1,5,39.0,39,0,0,0,zero,
ippo,shock,0,20,2,5,41.0,41,0,0,0,zero,
ippo,shock,0,21,0,5,6.0,6,0,1,1,zero,
ippo,shock,0,21,1,5,38.0,38,0,0,0,zero,
ippo,shock,0,21,2,5,41.0,41,0,0,0,zero,
ippo,shock,0,22,0,6,9.0,9,0,9,9,zero,
ippo,shock,0,22,1,6,29.0,29,0,0,0,zero,
ippo,shock,0,22,2,6,41.0,41,0,0,0,zero,
ippo,shock,0,23,0,5,9.0,9,0,9,9,zero,
ippo,shock,0,23,1,5,20.0,20,0,0,0,zero,
ippo,shock,0,23,2,5,41.0,41,0,0,0,zero,
ippo,shock,0,24,0,5,5.0,5,0,1,1,zero,
ippo,shock,0,24,1,5,19.0,19,0,12,12,zero,
ippo,shock,0,24,2,5,29.0,29,0,0,0,zero,
ippo,shock,0,25,0,5,1.0,1,0,9,9,zero,
ippo,shock,0,25,1,5,10.0,10,0,6,6,zero,
ippo,shock,0,25,2,5,23.0,23,0,1,1,zero,
ippo,shock,0,26,0,5,5.0,5,0,1,1,zero,
ippo,shock,0,26,1,5,9.0,9,0,12,12,zero,
ippo,shock,0,26,2,5,11.0,11,0,1,1,zero,
ippo,shock,0,27,0,5,9.0,9,0,1,1,zero,
ippo,shock,0,27,1,5,8.0,8,0,0,0,zero,
ippo,shock,0,27,2,5,11.0,11,0,15,15,zero,
ippo,shock,0,28,0,5,5.0,5,0,9,9,zero,
ippo,shock,0,28,1,5,11.0,11,0,0,0,zero,
ippo,shock,0,28,2,5,11.0,11,0,3,3,zero,
ippo,shock,0,29,0,5,9.0,9,0,1,1,zero,
ippo,shock,0,29,1,5,16.0,16,0,0,0,zero,
ippo,shock,0,29,2,5,12.0,12,0,0,0,zero,
ippo,shock,0,30,0,5,5.0,5,0,9,9,zero,
ippo,shock,0,30,1,5,19.0,19,0,0,0,zero,
ippo,shock,0,30,2,5,13.0,13,0,0,0,zero,
ippo,shock,0,31,0,5,1.0,1,0,1,1,zero,
ippo,shock,0,31,1,5,18.0,18,0,14,14,zero,
ippo,shock,0,31,2,5,14.0,14,0,0,0,zero,
ippo,shock,0,32,0,5,5.0,5,0,1,1,zero,
ippo,shock,0,32,1,5,17.0,17,0,4,4,zero,
ippo,shock,0,32,2,5,13.0,13,0,1,1,zero,
ippo,shock,0,33,0,5,1.0,1,0,9,9,zero,
ippo,shock,0,33,1,5,8.0,8,0,0,0,zero,
ippo,shock,0,33,2,5,13.0,13,0,15,15,zero,
ippo,shock,0,34,0,5,5.0,5,0,9,9,zero,
ippo,shock,0,34,1,5,1.0,0,1,8,8,zero,
ippo,shock,0,34,2,5,5.0,5,0,3,3,zero,
ippo,shock,0,35,0,5,1.0,1,0,1,1,zero,
ippo,shock,0,35,1,5,12.0,12,0,14,14,zero,
ippo,shock,0,35,2,5,9.0,0,9,20,20,zero,
ippo,shock,0,36,0,4,2.0,0,2,9,9,zero,
ippo,shock,0,36,1,4,7.0,7,0,4,4,zero,
ippo,shock,0,36,2,4,12.0,0,12,20,20,zero,
ippo,shock,0,37,0,5,2.0,2,0,0,0,zero,
ippo,shock,0,37,1,5,7.0,7,0,14,14,zero,
ippo,shock,0,37,2,5,11.0,0,11,3,3,zero,
ippo,shock,0,38,0,4,6.0,6,0,1,1,zero,
ippo,shock,0,38,1,4,14.0,14,0,4,4,zero,
ippo,shock,0,38,2,4,12.0,0,12,12,12,zero,
ippo,shock,0,39,0,4,4.0,4,0,9,9,zero,
ippo,shock,0,39,1,4,10.0,10,0,0,0,zero,
ippo,shock,0,39,2,4,8.0,8,0,3,3,zero,
ippo,shock,0,40,0,4,9.0,9,0,9,9,zero,
ippo,shock,0,40,1,4,2.0,2,0,0,0,zero,
ippo,shock,0,40,2,4,28.0,28,0,0,0,zero,
ippo,shock,0,41,0,4,5.0,5,0,0,0,zero,
ippo,shock,0,41,1,4,17.0,17,0,14,14,zero,
ippo,shock,0,41,2,4,17.0,17,0,0,0,zero,
ippo,shock,0,42,0,3,3.0,3,0,1,1,zero,
ippo,shock,0,42,1,3,19.0,19,0,4,4,zero,
ippo,shock,0,42,2,3,25.0,25,0,3,3,zero,
ippo,shock,0,43,0,4,8.0,8,0,0,0,zero,
ippo,shock,0,43,1,4,31.0,31,0,0,0,zero,
ippo,shock,0,43,2,4,28.0,28,0,3,3,zero,
ippo,shock,0,44,0,4,13.0,13,0,9,9,zero,
ippo,shock,0,44,1,4,22.0,22,0,0,0,zero,
ippo,shock,0,44,2,4,28.0,28,0,0,0,zero,
ippo,shock,0,45,0,4,9.0,9,0,1,1,zero,
ippo,shock,0,45,1,4,35.0,35,0,0,0,zero,
ippo,shock,0,45,2,4,28.0,28,0,0,0,zero,
ippo,shock,0,46,0,5,5.0,5,0,1,1,zero,
ippo,shock,0,46,1,5,38.0,38,0,0,0,zero,
ippo,shock,0,46,2,5,31.0,31,0,0,0,zero,
ippo,shock,0,47,0,6,1.0,0,1,9,9,zero,
ippo,shock,0,47,1,6,29.0,29,0,0,0,zero,
ippo,shock,0,47,2,6,34.0,34,0,0,0,zero,
ippo,shock,0,48,0,6,2.0,2,0,9,9,zero,
ippo,shock,0,48,1,6,20.0,20,0,0,0,zero,
ippo,shock,0,48,2,6,34.0,34,0,0,0,zero,
ippo,shock,0,49,0,5,2.0,0,2,9,9,zero,
ippo,shock,0,49,1,5,11.0,11,0,12,12,zero,
ippo,shock,0,49,2,5,22.0,22,0,0,0,zero,
ippo,shock,0,50,0,6,7.0,0,7,0,0,zero,
ippo,shock,0,50,1,6,11.0,11,0,18,18,zero,
ippo,shock,0,50,2,6,4.0,4,0,1,1,zero,
ippo,shock,0,51,0,5,3.0,0,3,9,9,zero,
ippo,shock,0,51,1,5,2.0,2,0,2,2,zero,
ippo,shock,0,51,2,5,2.0,2,0,12,12,zero,
ippo,shock,0,52,0,6,-0.0,0,0,0,0,zero,
ippo,shock,0,52,1,6,2.0,2,0,12,12,zero,
ippo,shock,0,52,2,6,10.0,0,10,12,12,zero,
ippo,shock,0,53,0,5,4.0,4,0,9,9,zero,
ippo,shock,0,53,1,5,5.0,5,0,0,0,zero,
ippo,shock,0,53,2,5,10.0,0,10,20,20,zero,
ippo,shock,0,54,0,5,1.0,0,1,1,1,zero,
ippo,shock,0,54,1,5,22.0,22,0,4,4,zero,
ippo,shock,0,54,2,5,13.0,0,13,3,3,zero,
ippo,shock,0,55,0,6,2.0,2,0,1,1,zero,
ippo,shock,0,55,1,6,23.0,23,0,0,0,zero,
ippo,shock,0,55,2,6,1.0,0,1,0,0,zero,
ippo,shock,0,56,0,5,3.0,0,3,9,9,zero,
ippo,shock,0,56,1,5,16.0,16,0,0,0,zero,
ippo,shock,0,56,2,5,11.0,11,0,0,0,zero,
ippo,shock,0,57,0,5,1.0,1,0,9,9,zero,
ippo,shock,0,57,1,5,7.0,7,0,0,0,zero,
ippo,shock,0,57,2,5,31.0,31,0,0,0,zero,
ippo,shock,0,58,0,5,3.0,0,3,9,9,zero,
ippo,shock,0,58,1,5,1.0,0,1,12,12,zero,
ippo,shock,0,58,2,5,22.0,22,0,0,0,zero,
ippo,shock,0,59,0,5,7.0,0,7,0,0,zero,
ippo,shock,0,59,1,5,11.0,11,0,18,18,zero,
ippo,shock,0,59,2,5,4.0,4,0,1,1,zero,
ippo,shock,0,60,0,5,3.0,0,3,1,1,zero,
ippo,shock,0,60,1,5,11.0,11,0,2,2,zero,
ippo,shock,0,60,2,5,2.0,2,0,19,19,zero,
ippo,shock,0,61,0,4,2.0,2,0,9,9,zero,
ippo,shock,0,61,1,4,2.0,2,0,0,0,zero,
ippo,shock,0,61,2,4,2.0,2,0,12,12,zero,
ippo,shock,0,62,0,4,6.0,6,0,1,1,zero,
ippo,shock,0,62,1,4,13.0,13,0,0,0,zero,
ippo,shock,0,62,2,4,2.0,2,0,0,0,zero,
ippo,shock,0,63,0,4,3.0,3,0,9,9,zero,
ippo,shock,0,63,1,4,22.0,22,0,0,0,zero,
ippo,shock,0,63,2,4,3.0,3,0,0,0,zero,
ippo,shock,0,64,0,4,-0.0,0,0,0,0,zero,
ippo,shock,0,64,1,4,24.0,24,0,4,4,zero,
ippo,shock,0,64,2,4,18.0,18,0,0,0,zero,
ippo,shock,0,65,0,4,5.0,5,0,1,1,zero,
ippo,shock,0,65,1,4,23.0,23,0,0,0,zero,
ippo,shock,0,65,2,4,30.0,30,0,1,1,zero,
ippo,shock,0,66,0,5,1.0,1,0,9,9,zero,
ippo,shock,0,66,1,5,14.0,14,0,0,0,zero,
ippo,shock,0,66,2,5,30.0,30,0,0,0,zero,
ippo,shock,0,67,0,5,5.0,5,0,9,9,zero,
ippo,shock,0,67,1,5,5.0,5,0,8,8,zero,
ippo,shock,0,67,2,5,22.0,22,0,0,0,zero,
ippo,shock,0,68,0,5,-0.0,0,0,1,1,zero,
ippo,shock,0,68,1,5,8.0,8,0,17,17,zero,
ippo,shock,0,68,2,5,5.0,5,0,1,1,zero,
ippo,shock,0,69,0,5,4.0,0,4,9,9,zero,
ippo,shock,0,69,1,5,1.0,0,1,8,8,zero,
ippo,shock,0,69,2,5,2.0,0,2,15,15,zero,
ippo,shock,0,70,0,5,-0.0,0,0,1,1,zero,
ippo,shock,0,70,1,5,2.0,0,2,12,12,zero,
ippo,shock,0,70,2,5,14.0,0,14,20,20,zero,
ippo,shock,0,71,0,4,5.0,5,0,9,9,zero,
ippo,shock,0,71,1,4,3.0,0,3,4,4,zero,
ippo,shock,0,71,2,4,18.0,0,18,20,20,zero,
ippo,shock,0,72,0,4,2.0,2,0,1,1,zero,
ippo,shock,0,72,1,4,13.0,13,0,4,4,zero,
ippo,shock,0,72,2,4,21.0,0,21,3,3,zero,
ippo,shock,0,73,0,4,6.0,6,0,0,0,zero,
ippo,shock,0,73,1,4,19.0,19,0,4,4,zero,
ippo,shock,0,73,2,4,10.0,0,10,0,0,zero,
ippo,shock,0,74,0,4,2.0,2,0,9,9,zero,
ippo,shock,0,74,1,4,10.0,10,0,0,0,zero,
ippo,shock,0,74,2,4,10.0,10,0,3,3,zero,
ippo,shock,0,75,0,4,6.0,6,0,1,1,zero,
ippo,shock,0,75,1,4,9.0,9,0,0,0,zero,
ippo,shock,0,75,2,4,30.0,30,0,0,0,zero,
ippo,shock,0,76,0,4,6.0,6,0,1,1,zero,
ippo,shock,0,76,1,4,9.0,9,0,0,0,zero,
ippo,shock,0,76,2,4,33.0,33,0,0,0,zero,
ippo,shock,0,77,0,4,2.0,2,0,9,9,zero,
ippo,shock,0,77,1,4,15.0,15,0,0,0,zero,
ippo,shock,0,77,2,4,33.0,33,0,0,0,zero,
ippo,shock,0,78,0,3,8.0,8,0,1,1,zero,
ippo,shock,0,78,1,3,24.0,24,0,0,0,zero,
ippo,shock,0,78,2,3,36.0,36,0,0,0,zero,
ippo,shock,0,79,0,3,6.0,6,0,0,0,zero,
ippo,shock,0,79,1,3,24.0,24,0,0,0,zero,
ippo,shock,0,79,2,3,36.0,36,0,0,0,zero,
ippo,shock,0,80,0,3,4.0,4,0,0,0,zero,
ippo,shock,0,80,1,3,24.0,24,0,0,0,zero,
ippo,shock,0,80,2,3,36.0,36,0,0,0,zero,
ippo,shock,0,81,0,3,10.0,10,0,1,1,zero,
ippo,shock,0,81,1,3,23.0,23,0,0,0,zero,
ippo,shock,0,81,2,3,36.0,36,0,0,0,zero,
ippo,shock,0,82,0,3,8.0,8,0,9,9,zero,
ippo,shock,0,82,1,3,14.0,14,0,0,0,zero,
ippo,shock,0,82,2,3,36.0,36,0,0,0,zero,
ippo,shock,0,83,0,5,3.0,3,0,9,9,zero,
ippo,shock,0,83,1,5,5.0,5,0,0,0,zero,
ippo,shock,0,83,2,5,36.0,36,0,0,0,zero,
ippo,shock,0,84,0,3,-0.0,0,0,0,0,zero,
ippo,shock,0,84,1,3,5.0,5,0,18,18,zero,
ippo,shock,0,84,2,3,18.0,18,0,0,0,zero,
ippo,shock,0,85,0,3,2.0,0,2,0,0,zero,85
ippo,shock,0,85,1,3,5.0,5,0,8,8,zero,85
ippo,shock,0,85,2,3,10.0,10,0,1,1,zero,85
ippo,shock,0,86,0,3,4.0,4,0,0,0,zero,85
ippo,shock,0,86,1,3,5.0,5,0,0,0,zero,85
ippo,shock,0,86,2,3,10.0,10,0,12,12,zero,85
ippo,shock,0,87,0,3,10.0,10,0,1,1,zero,85
ippo,shock,0,87,1,3,4.0,4,0,0,0,zero,85
ippo,shock,0,87,2,3,10.0,10,0,3,3,zero,85
ippo,shock,0,88,0,3,7.0,7,0,9,9,zero,85
ippo,shock,0,88,1,3,13.0,13,0,0,0,zero,85
ippo,shock,0,88,2,3,10.0,10,0,0,0,zero,85
ippo,shock,0,89,0,3,4.0,4,0,9,9,zero,85
ippo,shock,0,89,1,3,12.0,12,0,0,0,zero,85
ippo,shock,0,89,2,3,11.0,11,0,0,0,zero,85
ippo,shock,0,90,0,3,1.0,1,0,0,0,zero,85
ippo,shock,0,90,1,3,12.0,12,0,14,14,zero,85
ippo,shock,0,90,2,3,9.0,9,0,0,0,zero,85
ippo,shock,0,91,0,3,1.0,0,1,0,0,zero,85
ippo,shock,0,91,1,3,12.0,12,0,4,4,zero,85
ippo,shock,0,91,2,3,8.0,8,0,1,1,zero,85
ippo,shock,0,92,0,3,5.0,5,0,0,0,zero,85
ippo,shock,0,92,1,3,12.0,12,0,0,0,zero,85
ippo,shock,0,92,2,3,8.0,8,0,19,19,zero,85
ippo,shock,0,93,0,3,11.0,11,0,1,1,zero,85
ippo,shock,0,93,1,3,11.0,11,0,0,0,zero,85
ippo,shock,0,93,2,3,8.0,8,0,8,8,zero,85
ippo,shock,0,94,0,3,8.0,8,0,9,9,zero,85
ippo,shock,0,94,1,3,16.0,16,0,0,0,zero,85
ippo,shock,0,94,2,3,8.0,8,0,0,0,zero,85
ippo,shock,0,95,0,3,5.0,5,0,1,1,zero,85
ippo,shock,0,95,1,3,19.0,19,0,0,0,zero,85
ippo,shock,0,95,2,3,9.0,9,0,0,0,zero,85
ippo,shock,0,96,0,3,2.0,2,0,0,0,zero,85
ippo,shock,0,96,1,3,19.0,19,0,0,0,zero,85
ippo,shock,0,96,2,3,28.0,28,0,0,0,zero,85
ippo,shock,0,97,0,3,-0.0,0,0,9,9,zero,85
ippo,shock,0,97,1,3,10.0,10,0,0,0,zero,85
ippo,shock,0,97,2,3,36.0,36,0,0,0,zero,85
ippo,shock,0,98,0,3,6.0,6,0,0,0,zero,85
ippo,shock,0,98,1,3,10.0,10,0,8,8,zero,85
ippo,shock,0,98,2,3,28.0,28,0,0,0,zero,85
ippo,shock,0,99,0,3,4.0,4,0,0,0,zero,85
ippo,shock,0,99,1,3,10.0,10,0,0,0,zero,85
ippo,shock,0,99,2,3,28.0,28,0,1,1,zero,85
ippo,shock,0,100,0,3,1.0,1,0,1,1,zero,85
ippo,shock,0,100,1,3,9.0,9,0,0,0,zero,85
ippo,shock,0,100,2,3,28.0,28,0,0,0,zero,85
ippo,shock,0,101,0,3,7.0,7,0,9,9,zero,85
ippo,shock,0,101,1,3,-0.0,0,0,0,0,zero,85
ippo,shock,0,101,2,3,28.0,28,0,0,0,zero,85
ippo,shock,0,102,0,3,4.0,4,0,1,1,zero,85
ippo,shock,0,102,1,3,7.0,7,0,0,0,zero,85
ippo,shock,0,102,2,3,28.0,28,0,0,0,zero,85
ippo,shock,0,103,0,2,2.0,2,0,0,0,zero,85
ippo,shock,0,103,1,2,7.0,7,0,8,8,zero,85
ippo,shock,0,103,2,2,21.0,21,0,0,0,zero,85
ippo,shock,0,104,0,2,1.0,1,0,0,0,zero,85
ippo,shock,0,104,1,2,7.0,7,0,0,0,zero,85
ippo,shock,0,104,2,2,21.0,21,0,1,1,zero,85
ippo,shock,0,105,0,2,8.0,8,0,0,0,zero,85
ippo,shock,0,105,1,2,7.0,7,0,0,0,zero,85
ippo,shock,0,105,2,2,21.0,21,0,0,0,zero,85
ippo,shock,0,106,0,2,7.0,7,0,1,1,zero,85
ippo,shock,0,106,1,2,6.0,6,0,0,0,zero,85
ippo,shock,0,106,2,2,21.0,21,0,0,0,zero,85
ippo,shock,0,107,0,2,5.0,5,0,9,9,zero,85
ippo,shock,0,107,1,2,5.0,5,0,0,0,zero,85
ippo,shock,0,107,2,2,21.0,21,0,0,0,zero,85
ippo,shock,0,108,0,2,3.0,3,0,1,1,zero,85
ippo,shock,0,108,1,2,4.0,4,0,0,0,zero,85
ippo,shock,0,108,2,2,22.0,22,0,0,0,zero,85
ippo,shock,0,109,0,2,1.0,1,0,0,0,zero,85
ippo,shock,0,109,1,2,4.0,4,0,14,14,zero,85
ippo,shock,0,109,2,2,8.0,8,0,0,0,zero,85
ippo,shock,0,110,0,2,-0.0,0,0,0,0,zero,85
ippo,shock,0,110,1,2,4.0,4,0,4,4,zero,85
ippo,shock,0,110,2,2,4.0,4,0,1,1,zero,85
ippo,shock,0,111,0,3,6.0,6,0,0,0,zero,85
ippo,shock,0,111,1,3,4.0,4,0,0,0,zero,85
ippo,shock,0,111,2,3,4.0,4,0,12,12,zero,85
ippo,shock,0,112,0,2,5.0,5,0,9,9,zero,85
ippo,shock,0,112,1,2,5.0,0,5,0,0,zero,85
ippo,shock,0,112,2,2,4.0,4,0,12,12,zero,85
ippo,shock,0,113,0,2,3.0,3,0,9,9,zero,85
ippo,shock,0,113,1,2,-0.0,0,0,0,0,zero,85
ippo,shock,0,113,2,2,4.0,4,0,0,0,zero,85
ippo,shock,0,114,0,3,-0.0,0,0,0,0,zero,85
ippo,shock,0,114,1,3,4.0,4,0,16,16,zero,85
ippo,shock,0,114,2,3,11.0,0,11,0,0,zero,85
ippo,shock,0,115,0,3,3.0,0,3,0,0,zero,85
ippo,shock,0,115,1,3,4.0,4,0,4,4,zero,85
ippo,shock,0,115,2,3,3.0,0,3,3,3,zero,85
ippo,shock,0,116,0,3,2.0,0,2,1,1,zero,85
ippo,shock,0,116,1,3,3.0,3,0,0,0,zero,85
ippo,shock,0,116,2,3,9.0,9,0,20,20,zero,85
ippo,shock,0,117,0,3,9.0,9,0,9,9,zero,85
ippo,shock,0,117,1,3,6.0,0,6,0,0,zero,85
ippo,shock,0,117,2,3,9.0,9,0,8,8,zero,85
ippo,shock,0,118,0,4,5.0,5,0,9,9,zero,85
ippo,shock,0,118,1,4,10.0,0,10,8,8,zero,85
ippo,shock,0,118,2,4,1.0,1,0,0,0,zero,85
ippo,shock,0,119,0,4,1.0,1,0,9,9,zero,85
ippo,shock,0,119,1,4,7.0,0,7,17,17,zero,85
ippo,shock,0,119,2,4,13.0,0,13,1,1,zero,85
ippo,shock,0,120,0,4,2.0,0,2,1,1,zero,85
ippo,shock,0,120,1,4,5.0,0,5,18,18,zero,85
ippo,shock,0,120,2,4,11.0,0,11,12,12,zero,85
ippo,shock,0,121,0,3,2.0,0,2,0,0,zero,85
ippo,shock,0,121,1,3,5.0,0,5,8,8,zero,85
ippo,shock,0,121,2,3,11.0,0,11,20,20,zero,85
ippo,shock,0,122,0,5,2.0,0,2,0,0,zero,85
ippo,shock,0,122,1,5,3.0,3,0,0,0,zero,85
ippo,shock,0,122,2,5,11.0,0,11,20,20,zero,85
ippo,shock,0,123,0,4,6.0,6,0,9,9,zero,85
ippo,shock,0,123,1,4,2.0,0,2,0,0,zero,85
ippo,shock,0,123,2,4,10.0,0,10,3,3,zero,85
ippo,shock,0,124,0,5,4.0,4,0,1,1,zero,85
ippo,shock,0,124,1,5,17.0,17,0,0,0,zero,85
ippo,shock,0,124,2,5,2.0,2,0,0,0,zero,85
ippo,shock,0,125,0,5,1.0,0,1,9,9,zero,85
ippo,shock,0,125,1,5,16.0,16,0,0,0,zero,85
ippo,shock,0,125,2,5,22.0,22,0,0,0,zero,85
ippo,shock,0,126,0,6,2.0,0,2,9,9,zero,85
ippo,shock,0,126,1,6,7.0,7,0,0,0,zero,85
ippo,shock,0,126,2,6,42.0,42,0,0,0,zero,85
ippo,shock,0,127,0,6,1.0,0,1,0,0,zero,85
ippo,shock,0,127,1,6,8.0,8,0,16,16,zero,85
ippo,shock,0,127,2,6,29.0,29,0,0,0,zero,85
ippo,shock,0,128,0,6,4.0,0,4,9,9,zero,85
ippo,shock,0,128,1,6,9.0,9,0,4,4,zero,85
ippo,shock,0,128,2,6,25.0,25,0,1,1,zero,85
ippo,shock,0,129,0,6,1.0,0,1,9,9,zero,85
ippo,shock,0,129,1,6,-0.0,0,0,14,14,zero,85
ippo,shock,0,129,2,6,11.0,11,0,1,1,zero,85
ippo,shock,0,130,0,6,2.0,2,0,9,9,zero,85
ippo,shock,0,130,1,6,9.0,0,9,14,14,zero,85
ippo,shock,0,130,2,6,3.0,0,3,19,19,zero,85
ippo,shock,0,131,0,5,3.0,0,3,9,9,zero,85
ippo,shock,0,131,1,5,2.0,0,2,14,14,zero,85
ippo,shock,0,131,2,5,17.0,0,17,20,20,zero,85
ippo,shock,0,132,0,5,1.0,1,0,9,9,zero,85
ippo,shock,0,132,1,5,7.0,0,7,16,16,zero,85
ippo,shock,0,132,2,5,32.0,0,32,20,20,zero,85
ippo,shock,0,133,0,5,5.0,5,0,1,1,zero,85
ippo,shock,0,133,1,5,6.0,6,0,18,18,zero,85
ippo,shock,0,133,2,5,49.0,0,49,20,20,zero,85
ippo,shock,0,134,0,5,-0.0,0,0,0,0,zero,85
ippo,shock,0,134,1,5,17.0,17,0,14,14,zero,85
ippo,shock,0,134,2,5,44.0,0,44,20,20,zero,85
ippo,shock,0,135,0,5,11.0,11,0,0,0,zero,85
ippo,shock,0,135,1,5,17.0,17,0,4,4,zero,85
ippo,shock,0,135,2,5,28.0,0,28,20,20,zero,85
ippo,shock,0,136,0,6,9.0,9,0,9,9,zero,85
ippo,shock,0,136,1,6,9.0,9,0,0,0,zero,85
ippo,shock,0,136,2,6,8.0,0,8,3,3,zero,85
ippo,shock,0,137,0,6,11.0,11,0,9,9,zero,85
ippo,shock,0,137,1,6,1.0,1,0,0,0,zero,85
ippo,shock,0,137,2,6,12.0,12,0,3,3,zero,85
ippo,shock,0,138,0,5,6.0,6,0,9,9,zero,85
ippo,shock,0,138,1,5,11.0,11,0,0,0,zero,85
ippo,shock,0,138,2,5,32.0,32,0,0,0,zero,85
ippo,shock,0,139,0,5,1.0,1,0,1,1,zero,85
ippo,shock,0,139,1,5,30.0,30,0,0,0,zero,85
ippo,shock,0,139,2,5,52.0,52,0,0,0,zero,85
ippo,shock,0,140,0,6,4.0,4,0,1,1,zero,85
ippo,shock,0,140,1,6,49.0,49,0,0,0,zero,85
ippo,shock,0,140,2,6,55.0,55,0,0,0,zero,85
ippo,shock,0,141,0,6,7.0,7,0,9,9,zero,85
ippo,shock,0,141,1,6,48.0,48,0,0,0,zero,85
ippo,shock,0,141,2,6,58.0,58,0,0,0,zero,85
ippo,shock,0,142,0,5,11.0,11,0,9,9,zero,85
ippo,shock,0,142,1,5,39.0,39,0,0,0,zero,85
ippo,shock,0,142,2,5,58.0,58,0,0,0,zero,85
ippo,shock,0,143,0,5,7.0,7,0,9,9,zero,85
ippo,shock,0,143,1,5,30.0,30,0,6,6,zero,85
ippo,shock,0,143,2,5,52.0,52,0,0,0,zero,85
ippo,shock,0,144,0,5,3.0,3,0,0,0,zero,85
ippo,shock,0,144,1,5,30.0,30,0,12,12,zero,85
ippo,shock,0,144,2,5,40.0,40,0,0,0,zero,85
ippo,shock,0,145,0,6,6.0,6,0,0,0,zero,85
ippo,shock,0,145,1,6,30.0,30,0,0,0,zero,85
ippo,shock,0,145,2,6,40.0,40,0,1,1,zero,85
ippo,shock,0,146,0,6,9.0,9,0,9,9,zero,85
ippo,shock,0,146,1,6,21.0,21,0,0,0,zero,85
ippo,shock,0,146,2,6,40.0,40,0,0,0,zero,85
ippo,shock,0,147,0,5,13.0,13,0,9,9,zero,85
ippo,shock,0,147,1,5,18.0,18,0,0,0,zero,85
ippo,shock,0,147,2,5,40.0,40,0,0,0,zero,85
ippo,shock,0,148,0,5,8.0,8,0,9,9,zero,85
ippo,shock,0,148,1,5,21.0,21,0,12,12,zero,85
ippo,shock,0,148,2,5,28.0,28,0,0,0,zero,85
ippo,shock,0,149,0,5,3.0,3,0,0,0,zero,85
ippo,shock,0,149,1,5,21.0,21,0,12,12,zero,85
ippo,shock,0,149,2,5,17.0,17,0,1,1,zero,85
ippo,shock,0,150,0,5,7.0,7,0,1,1,zero,85
ippo,shock,0,150,1,5,20.0,20,0,0,0,zero,85
ippo,shock,0,150,2,5,17.0,17,0,12,12,zero,85
ippo,shock,0,151,0,5,11.0,11,0,9,9,zero,85
ippo,shock,0,151,1,5,11.0,11,0,0,0,zero,85
ippo,shock,0,151,2,5,17.0,17,0,1,1,zero,85
ippo,shock,0,152,0,5,15.0,15,0,1,1,zero,85
ippo,shock,0,152,1,5,22.0,22,0,0,0,zero,85
ippo,shock,0,152,2,5,17.0,17,0,0,0,zero,85
ippo,shock,0,153,0,5,10.0,10,0,9,9,zero,85
ippo,shock,0,153,1,5,25.0,25,0,0,0,zero,85
ippo,shock,0,153,2,5,18.0,18,0,0,0,zero,85
ippo,shock,0,154,0,4,7.0,7,0,1,1,zero,85
ippo,shock,0,154,1,4,24.0,24,0,6,6,zero,85
ippo,shock,0,154,2,4,24.0,24,0,0,0,zero,85
ippo,shock,0,155,0,5,11.0,11,0,1,1,zero,85
ippo,shock,0,155,1,5,23.0,23,0,0,0,zero,85
ippo,shock,0,155,2,5,25.0,25,0,1,1,zero,85
ippo,shock,0,156,0,5,7.0,7,0,9,9,zero,85
ippo,shock,0,156,1,5,14.0,14,0,0,0,zero,85
ippo,shock,0,156,2,5,25.0,25,0,0,0,zero,85
ippo,shock,0,157,0,5,11.0,11,0,1,1,zero,85
ippo,shock,0,157,1,5,13.0,13,0,8,8,zero,85
ippo,shock,0,157,2,5,17.0,17,0,0,0,zero,85
ippo,shock,0,158,0,4,8.0,8,0,9,9,zero,85
ippo,shock,0,158,1,4,10.0,10,0,0,0,zero,85
ippo,shock,0,158,2,4,17.0,17,0,1,1,zero,85
ippo,shock,0,159,0,4,5.0,5,0,1,1,zero,85
ippo,shock,0,159,1,4,9.0,9,0,14,14,zero,85
ippo,shock,0,159,2,4,4.0,4,0,0,0,zero,85
ippo,shock,0,160,0,4,10.0,10,0,0,0,zero,85
ippo,shock,0,160,1,4,9.0,9,0,4,4,zero,85
ippo,shock,0,160,2,4,-0.0,0,0,12,12,zero,85
ippo,shock,0,161,0,5,6.0,6,0,1,1,zero,85
ippo,shock,0,161,1,5,16.0,16,0,0,0,zero,85
ippo,shock,0,161,2,5,-0.0,0,0,20,20,zero,85
ippo,shock,0,162,0,5,10.0,10,0,9,9,zero,85
ippo,shock,0,162,1,5,7.0,7,0,0,0,zero,85
ippo,shock,0,162,2,5,1.0,1,0,3,3,zero,85
ippo,shock,0,163,0,6,5.0,5,0,9,9,zero,85
ippo,shock,0,163,1,6,12.0,12,0,0,0,zero,85
ippo,shock,0,163,2,6,1.0,1,0,0,0,zero,85
ippo,shock,0,164,0,6,1.0,0,1,9,9,zero,85
ippo,shock,0,164,1,6,7.0,7,0,16,16,zero,85
ippo,shock,0,164,2,6,3.0,0,3,0,0,zero,85
ippo,shock,0,165,0,5,5.0,0,5,0,0,zero,85
ippo,shock,0,165,1,5,7.0,7,0,18,18,zero,85
ippo,shock,0,165,2,5,1.0,0,1,3,3,zero,85
ippo,shock,0,166,0,5,1.0,0,1,1,1,zero,85
ippo,shock,0,166,1,5,6.0,6,0,8,8,zero,85
ippo,shock,0,166,2,5,6.0,0,6,20,20,zero,85
ippo,shock,0,167,0,5,3.0,3,0,9,9,zero,85
ippo,shock,0,167,1,5,3.0,0,3,0,0,zero,85
ippo,shock,0,167,2,5,6.0,0,6,20,20,zero,85
ippo,shock,0,168,0,6,6.0,6,0,9,9,zero,85
ippo,shock,0,168,1,6,1.0,1,0,0,0,zero,85
ippo,shock,0,168,2,6,6.0,0,6,3,3,zero,85
ippo,shock,0,169,0,7,1.0,0,1,1,1,zero,85
ippo,shock,0,169,1,7,20.0,20,0,4,4,zero,85
ippo,shock,0,169,2,7,7.0,0,7,0,0,zero,85
ippo,shock,0,170,0,7,7.0,0,7,9,9,zero,85
ippo,shock,0,170,1,7,14.0,14,0,0,0,zero,85
ippo,shock,0,170,2,7,13.0,13,0,0,0,zero,85
ippo,shock,0,171,0,7,8.0,0,8,9,9,zero,85
ippo,shock,0,171,1,7,5.0,5,0,14,14,zero,85
ippo,shock,0,171,2,7,19.0,19,0,0,0,zero,85
ippo,shock,0,172,0,7,3.0,0,3,9,9,zero,85
ippo,shock,0,172,1,7,4.0,0,4,12,12,zero,85
ippo,shock,0,172,2,7,10.0,10,0,3,3,zero,85
ippo,shock,0,173,0,7,9.0,0,9,9,9,zero,85
ippo,shock,0,173,1,7,10.0,0,10,18,18,zero,85
ippo,shock,0,173,2,7,8.0,0,8,19,19,zero,85
ippo,shock,0,174,0,7,7.0,0,7,17,17,zero,85
ippo,shock,0,174,1,7,20.0,0,20,18,18,zero,85
ippo,shock,0,174,2,7,26.0,0,26,20,20,zero,85
ippo,shock,0,175,0,7,5.0,0,5,9,9,zero,85
ippo,shock,0,175,1,7,15.0,0,15,18,18,zero,85
ippo,shock,0,175,2,7,44.0,0,44,20,20,zero,85
ippo,shock,0,176,0,7,7.0,0,7,5,5,zero,85
ippo,shock,0,176,1,7,8.0,0,8,18,18,zero,85
ippo,shock,0,176,2,7,59.0,0,59,20,20,zero,85
ippo,shock,0,177,0,6,10.0,0,10,0,0,zero,85
ippo,shock,0,177,1,6,2.0,2,0,18,18,zero,85
ippo,shock,0,177,2,6,58.0,0,58,20,20,zero,85
ippo,shock,0,178,0,6,9.0,0,9,0,0,zero,85
ippo,shock,0,178,1,6,2.0,2,0,8,8,zero,85
ippo,shock,0,178,2,6,46.0,0,46,20,20,zero,85
ippo,shock,0,179,0,7,2.0,0,2,1,1,zero,85
ippo,shock,0,179,1,7,1.0,1,0,0,0,zero,85
ippo,shock,0,179,2,7,26.0,0,26,20,20,zero,85
ippo,shock,0,180,0,6,4.0,4,0,18,18,zero,85
ippo,shock,0,180,1,6,14.0,0,14,0,0,zero,85
ippo,shock,0,180,2,6,6.0,0,6,3,3,zero,85
ippo,shock,0,181,0,6,6.0,6,0,17,17,zero,85
ippo,shock,0,181,1,6,12.0,0,12,0,0,zero,85
ippo,shock,0,181,2,6,14.0,14,0,0,0,zero,85
ippo,shock,0,182,0,8,2.0,0,2,9,9,zero,85
ippo,shock,0,182,1,8,1.0,0,1,14,14,zero,85
ippo,shock,0,182,2,8,20.0,20,0,0,0,zero,85
ippo,shock,0,183,0,8,9.0,0,9,0,0,zero,85
ippo,shock,0,183,1,8,19.0,19,0,14,14,zero,85
ippo,shock,0,183,2,8,26.0,26,0,3,3,zero,85
ippo,shock,0,184,0,9,14.0,0,14,9,9,zero,85
ippo,shock,0,184,1,9,30.0,30,0,4,4,zero,85
ippo,shock,0,184,2,9,25.0,25,0,19,19,zero,85
ippo,shock,0,185,0,8,3.0,0,3,9,9,zero,85
ippo,shock,0,185,1,8,27.0,27,0,0,0,zero,85
ippo,shock,0,185,2,8,25.0,25,0,8,8,zero,85
ippo,shock,0,186,0,8,9.0,9,0,5,5,zero,85
ippo,shock,0,186,1,8,36.0,36,0,4,4,zero,85
ippo,shock,0,186,2,8,21.0,21,0,3,3,zero,85
ippo,shock,0,187,0,9,1.0,1,0,18,18,zero,85
ippo,shock,0,187,1,9,32.0,32,0,6,6,zero,85
ippo,shock,0,187,2,9,18.0,18,0,0,0,zero,85
ippo,shock,0,188,0,9,1.0,1,0,9,9,zero,85
ippo,shock,0,188,1,9,27.0,27,0,20,20,zero,85
ippo,shock,0,188,2,9,17.0,17,0,0,0,zero,85
ippo,shock,0,189,0,9,1.0,1,0,1,1,zero,85
ippo,shock,0,189,1,9,26.0,26,0,12,12,zero,85
ippo,shock,0,189,2,9,13.0,13,0,12,12,zero,85
ippo,shock,0,190,0,8,2.0,0,2,18,18,zero,85
ippo,shock,0,190,1,8,12.0,12,0,0,0,zero,85
ippo,shock,0,190,2,8,16.0,16,0,20,20,zero,85
ippo,shock,0,191,0,9,7.0,7,0,9,9,zero,85
ippo,shock,0,191,1,9,9.0,9,0,12,12,zero,85
ippo,shock,0,191,2,9,4.0,4,0,3,3,zero,85
ippo,shock,0,192,0,10,6.0,6,0,5,5,zero,85
ippo,shock,0,192,1,10,24.0,24,0,4,4,zero,85
ippo,shock,0,192,2,10,-0.0,0,0,12,12,zero,85
ippo,shock,0,193,0,9,2.0,0,2,17,17,zero,85
ippo,shock,0,193,1,9,19.0,19,0,4,4,zero,85
ippo,shock,0,193,2,9,8.0,8,0,3,3,zero,85
ippo,shock,0,194,0,10,6.0,6,0,9,9,zero,85
ippo,shock,0,194,1,10,10.0,10,0,14,14,zero,85
ippo,shock,0,194,2,10,14.0,14,0,3,3,zero,85
ippo,shock,0,195,0,10,5.0,5,0,9,9,zero,85
ippo,shock,0,195,1,10,13.0,13,0,14,14,zero,85
ippo,shock,0,195,2,10,3.0,3,0,20,20,zero,85
ippo,shock,0,196,0,10,-0.0,0,0,9,9,zero,85
ippo,shock,0,196,1,10,8.0,8,0,14,14,zero,85
ippo,shock,0,196,2,10,1.0,1,0,20,20,zero,85
ippo,shock,0,197,0,9,8.0,8,0,9,9,zero,85
ippo,shock,0,197,1,9,3.0,3,0,12,12,zero,85
ippo,shock,0,197,2,9,8.0,0,8,20,20,zero,85
ippo,shock,0,198,0,11,6.0,6,0,9,9,zero,85
ippo,shock,0,198,1,11,8.0,8,0,14,14,zero,85
ippo,shock,0,198,2,11,19.0,0,19,20,20,zero,85
ippo,shock,0,199,0,9,6.0,6,0,17,17,zero,85
ippo,shock,0,199,1,9,5.0,5,0,14,14,zero,85
ippo,shock,0,199,2,9,13.0,0,13,20,20,zero,85
ippo,shock,0,200,0,10,5.0,5,0,9,9,zero,85
ippo,shock,0,200,1,10,10.0,10,0,14,14,zero,85
ippo,shock,0,200,2,10,7.0,0,7,20,20,zero,85
ippo,shock,1,1,0,10,10.0,10,0,5,5,zero,
ippo,shock,1,1,1,10,15.0,15,0,18,18,zero,
ippo,shock,1,1,2,10,2.0,2,0,0,0,zero,
ippo,shock,1,2,0,11,9.0,9,0,17,17,zero,
ippo,shock,1,2,1,11,8.0,8,0,4,4,zero,
ippo,shock,1,2,2,11,8.0,8,0,20,20,zero,
ippo,shock,1,3,0,9,10.0,10,0,9,9,zero,
ippo,shock,1,3,1,9,9.0,9,0,16,16,zero,
ippo,shock,1,3,2,9,2.0,2,0,8,8,zero,
ippo,shock,1,4,0,9,11.0,11,0,1,1,zero,
ippo,shock,1,4,1,9,18.0,18,0,14,14,zero,
ippo,shock,1,4,2,9,2.0,0,2,20,20,zero,
ippo,shock,1,5,0,8,8.0,8,0,9,9,zero,
ippo,shock,1,5,1,8,27.0,27,0,4,4,zero,
ippo,shock,1,5,2,8,6.0,0,6,20,20,zero,
ippo,shock,1,6,0,8,17.0,17,0,9,9,zero,
ippo,shock,1,6,1,8,22.0,22,0,4,4,zero,
ippo,shock,1,6,2,8,10.0,10,0,3,3,zero,
ippo,shock,1,7,0,7,19.0,19,0,9,9,zero,
ippo,shock,1,7,1,7,29.0,29,0,4,4,zero,
ippo,shock,1,7,2,7,14.0,14,0,3,3,zero,
ippo,shock,1,8,0,7,13.0,13,0,5,5,zero,
ippo,shock,1,8,1,7,36.0,36,0,14,14,zero,
ippo,shock,1,8,2,7,20.0,20,0,0,0,zero,
ippo,shock,1,9,0,7,15.0,15,0,1,1,zero,
ippo,shock,1,9,1,7,35.0,35,0,0,0,zero,
ippo,shock,1,9,2,7,40.0,40,0,12,12,zero,
ippo,shock,1,10,0,7,17.0,17,0,9,9,zero,
ippo,shock,1,10,1,7,36.0,36,0,0,0,zero,
ippo,shock,1,10,2,7,43.0,43,0,3,3,zero,
ippo,shock,1,11,0,7,19.0,19,0,9,9,zero,
ippo,shock,1,11,1,7,31.0,31,0,0,0,zero,
ippo,shock,1,11,2,7,46.0,46,0,0,0,zero,
ippo,shock,1,12,0,6,18.0,18,0,9,9,zero,
ippo,shock,1,12,1,6,36.0,36,0,5,5,zero,
ippo,shock,1,12,2,6,41.0,41,0,0,0,zero,
ippo,shock,1,13,0,6,13.0,13,0,1,1,zero,
ippo,shock,1,13,1,6,35.0,35,0,12,12,zero,
ippo,shock,1,13,2,6,41.0,41,0,0,0,zero,
ippo,shock,1,14,0,6,16.0,16,0,1,1,zero,
ippo,shock,1,14,1,6,34.0,34,0,0,0,zero,
ippo,shock,1,14,2,6,44.0,44,0,1,1,zero,
ippo,shock,1,15,0,6,19.0,19,0,1,1,zero,
ippo,shock,1,15,1,6,33.0,33,0,0,0,zero,
ippo,shock,1,15,2,6,44.0,44,0,0,0,zero,
ippo,shock,1,16,0,7,21.0,21,0,9,9,zero,
ippo,shock,1,16,1,7,29.0,29,0,0,0,zero,
ippo,shock,1,16,2,7,44.0,44,0,0,0,zero,
ippo,shock,1,17,0,7,15.0,15,0,9,9,zero,
ippo,shock,1,17,1,7,32.0,32,0,0,0,zero,
ippo,shock,1,17,2,7,44.0,44,0,0,0,zero,
ippo,shock,1,18,0,7,9.0,9,0,9,9,zero,
ippo,shock,1,18,1,7,23.0,23,0,1,1,zero,
ippo,shock,1,18,2,7,44.0,44,0,0,0,zero,
ippo,shock,1,19,0,7,3.0,3,0,9,9,zero,
ippo,shock,1,19,1,7,14.0,14,0,18,18,zero,
ippo,shock,1,19,2,7,26.0,26,0,0,0,zero,
ippo,shock,1,20,0,8,4.0,4,0,1,1,zero,
ippo,shock,1,20,1,8,13.0,13,0,18,18,zero,
ippo,shock,1,20,2,8,8.0,8,0,1,1,zero,
ippo,shock,1,21,0,9,4.0,4,0,9,9,zero,
ippo,shock,1,21,1,9,4.0,4,0,0,0,zero,
ippo,shock,1,21,2,9,8.0,8,0,12,12,zero,
ippo,shock,1,22,0,9,4.0,4,0,9,9,zero,
ippo,shock,1,22,1,9,4.0,0,4,8,8,zero,
ippo,shock,1,22,2,9,-0.0,0,0,12,12,zero,
ippo,shock,1,23,0,7,6.0,6,0,9,9,zero,
ippo,shock,1,23,1,7,5.0,5,0,4,4,zero,
ippo,shock,1,23,2,7,4.0,0,4,20,20,zero,
ippo,shock,1,24,0,6,1.0,1,0,9,9,zero,
ippo,shock,1,24,1,6,14.0,14,0,14,14,zero,
ippo,shock,1,24,2,6,17.0,0,17,3,3,zero,
ippo,shock,1,25,0,6,4.0,4,0,1,1,zero,
ippo,shock,1,25,1,6,13.0,13,0,16,16,zero,
ippo,shock,1,25,2,6,21.0,0,21,12,12,zero,
ippo,shock,1,26,0,6,3.0,3,0,9,9,zero,
ippo,shock,1,26,1,6,12.0,12,0,14,14,zero,
ippo,shock,1,26,2,6,23.0,0,23,20,20,zero,
ippo,shock,1,27,0,5,11.0,11,0,9,9,zero,
ippo,shock,1,27,1,5,3.0,3,0,14,14,zero,
ippo,shock,1,27,2,5,17.0,0,17,20,20,zero,
ippo,shock,1,28,0,5,15.0,15,0,0,0,zero,
ippo,shock,1,28,1,5,4.0,4,0,14,14,zero,
ippo,shock,1,28,2,5,28.0,0,28,20,20,zero,
ippo,shock,1,29,0,4,12.0,12,0,0,0,zero,
ippo,shock,1,29,1,4,16.0,16,0,4,4,zero,
ippo,shock,1,29,2,4,20.0,0,20,20,20,zero,
ippo,shock,1,30,0,4,17.0,17,0,0,0,zero,
ippo,shock,1,30,1,4,28.0,28,0,0,0,zero,
ippo,shock,1,30,2,4,-0.0,0,0,3,3,zero,
ippo,shock,1,31,0,4,22.0,22,0,1,1,zero,
ippo,shock,1,31,1,4,47.0,47,0,0,0,zero,
ippo,shock,1,31,2,4,20.0,20,0,0,0,zero,
ippo,shock,1,32,0,3,19.0,19,0,9,9,zero,
ippo,shock,1,32,1,3,41.0,41,0,0,0,zero,
ippo,shock,1,32,2,3,40.0,40,0,0,0,zero,
ippo,shock,1,33,0,3,16.0,16,0,1,1,zero,
ippo,shock,1,33,1,3,52.0,52,0,0,0,zero,
ippo,shock,1,33,2,3,60.0,60,0,0,0,zero,
ippo,shock,1,34,0,4,12.0,12,0,0,0,zero,
ippo,shock,1,34,1,4,72.0,72,0,0,0,zero,
ippo,shock,1,34,2,4,63.0,63,0,0,0,zero,
ippo,shock,1,35,0,3,10.0,10,0,1,1,zero,
ippo,shock,1,35,1,3,71.0,71,0,0,0,zero,
ippo,shock,1,35,2,3,63.0,63,0,0,0,zero,
ippo,shock,1,36,0,3,16.0,16,0,1,1,zero,
ippo,shock,1,36,1,3,70.0,70,0,0,0,zero,
ippo,shock,1,36,2,3,63.0,63,0,0,0,zero,
ippo,shock,1,37,0,4,13.0,13,0,5,5,zero,
ippo,shock,1,37,1,4,65.0,65,0,0,0,zero,
ippo,shock,1,37,2,4,63.0,63,0,0,0,zero,
ippo,shock,1,38,0,4,9.0,9,0,9,9,zero,
ippo,shock,1,38,1,4,56.0,56,0,0,0,zero,
ippo,shock,1,38,2,4,63.0,63,0,0,0,zero,
ippo,shock,1,39,0,4,6.0,6,0,1,1,zero,
ippo,shock,1,39,1,4,55.0,55,0,0,0,zero,
ippo,shock,1,39,2,4,63.0,63,0,0,0,zero,
ippo,shock,1,40,0,3,4.0,4,0,1,1,zero,
ippo,shock,1,40,1,3,54.0,54,0,0,0,zero,
ippo,shock,1,40,2,3,63.0,63,0,0,0,zero,
ippo,shock,1,41,0,3,6.0,6,0,0,0,zero,
ippo,shock,1,41,1,3,54.0,54,0,0,0,zero,
ippo,shock,1,41,2,3,63.0,63,0,0,0,zero,
ippo,shock,1,42,0,3,12.0,12,0,1,1,zero,
ippo,shock,1,42,1,3,53.0,53,0,0,0,zero,
ippo,shock,1,42,2,3,63.0,63,0,0,0,zero,
ippo,shock,1,43,0,3,10.0,10,0,9,9,zero,
ippo,shock,1,43,1,3,44.0,44,0,0,0,zero,
ippo,shock,1,43,2,3,63.0,63,0,0,0,zero,
ippo,shock,1,44,0,3,8.0,8,0,1,1,zero,
ippo,shock,1,44,1,3,43.0,43,0,0,0,zero,
ippo,shock,1,44,2,3,63.0,63,0,0,0,zero,
ippo,shock,1,45,0,4,4.0,4,0,0,0,zero,
ippo,shock,1,45,1,4,43.0,43,0,0,0,zero,
ippo,shock,1,45,2,4,63.0,63,0,0,0,zero,
ippo,shock,1,46,0,3,2.0,2,0,9,9,zero,
ippo,shock,1,46,1,3,34.0,34,0,0,0,zero,
ippo,shock,1,46,2,3,63.0,63,0,0,0,zero,
ippo,shock,1,47,0,3,8.0,8,0,1,1,zero,
ippo,shock,1,47,1,3,33.0,33,0,0,0,zero,
ippo,shock,1,47,2,3,63.0,63,0,0,0,zero,
ippo,shock,1,48,0,3,6.0,6,0,0,0,zero,
ippo,shock,1,48,1,3,33.0,33,0,0,0,zero,
ippo,shock,1,48,2,3,63.0,63,0,0,0,zero,
ippo,shock,1,49,0,4,2.0,2,0,0,0,zero,
ippo,shock,1,49,1,4,33.0,33,0,0,0,zero,
ippo,shock,1,49,2,4,63.0,63,0,0,0,zero,
ippo,shock,1,50,0,3,8.0,8,0,9,9,zero,
ippo,shock,1,50,1,3,24.0,24,0,0,0,zero,
ippo,shock,1,50,2,3,63.0,63,0,0,0,zero,
ippo,shock,1,51,0,3,6.0,6,0,1,1,zero,
ippo,shock,1,51,1,3,23.0,23,0,0,0,zero,
ippo,shock,1,51,2,3,63.0,63,0,0,0,zero,
ippo,shock,1,52,0,4,2.0,2,0,0,0,zero,
ippo,shock,1,52,1,4,23.0,23,0,0,0,zero,
ippo,shock,1,52,2,4,63.0,63,0,0,0,zero,
ippo,shock,1,53,0,4,2.0,0,2,9,9,zero,
ippo,shock,1,53,1,4,14.0,14,0,0,0,zero,
ippo,shock,1,53,2,4,63.0,63,0,0,0,zero,
ippo,shock,1,54,0,4,3.0,3,0,9,9,zero,
ippo,shock,1,54,1,4,5.0,5,0,0,0,zero,
ippo,shock,1,54,2,4,63.0,63,0,0,0,zero,
ippo,shock,1,55,0,4,-0.0,0,0,0,0,zero,
ippo,shock,1,55,1,4,5.0,5,0,18,18,zero,
ippo,shock,1,55,2,4,45.0,45,0,0,0,zero,
ippo,shock,1,56,0,4,4.0,0,4,0,0,zero,
ippo,shock,1,56,1,4,5.0,5,0,8,8,zero,
ippo,shock,1,56,2,4,37.0,37,0,1,1,zero,
ippo,shock,1,57,0,4,1.0,1,0,9,9,zero,
ippo,shock,1,57,1,4,4.0,0,4,0,0,zero,
ippo,shock,1,57,2,4,37.0,37,0,1,1,zero,
ippo,shock,1,58,0,5,5.0,5,0,9,9,zero,
ippo,shock,1,58,1,5,13.0,0,13,8,8,zero,
ippo,shock,1,58,2,5,29.0,29,0,0,0,zero,
ippo,shock,1,59,0,5,-0.0,0,0,9,9,zero,
ippo,shock,1,59,1,5,4.0,0,4,14,14,zero,
ippo,shock,1,59,2,5,15.0,15,0,1,1,zero,
ippo,shock,1,60,0,5,5.0,0,5,9,9,zero,
ippo,shock,1,60,1,5,5.0,0,5,14,14,zero,
ippo,shock,1,60,2,5,2.0,2,0,15,15,zero,
ippo,shock,1,61,0,5,5.0,0,5,1,1,zero,
ippo,shock,1,61,1,5,6.0,0,6,17,17,zero,
ippo,shock,1,61,2,5,14.0,0,14,20,20,zero,
ippo,shock,1,62,0,5,10.0,0,10,9,9,zero,
ippo,shock,1,62,1,5,7.0,0,7,4,4,zero,
ippo,shock,1,62,2,5,18.0,0,18,20,20,zero,
ippo,shock,1,63,0,5,3.0,3,0,9,9,zero,
ippo,shock,1,63,1,5,2.0,0,2,14,14,zero,
ippo,shock,1,63,2,5,31.0,0,31,3,3,zero,
ippo,shock,1,64,0,4,7.0,7,0,0,0,zero,
ippo,shock,1,64,1,4,12.0,12,0,14,14,zero,
ippo,shock,1,64,2,4,30.0,0,30,12,12,zero,
ippo,shock,1,65,0,4,3.0,3,0,0,0,zero,
ippo,shock,1,65,1,4,15.0,15,0,4,4,zero,
ippo,shock,1,65,2,4,14.0,0,14,20,20,zero,
ippo,shock,1,66,0,5,6.0,6,0,0,0,zero,
ippo,shock,1,66,1,5,15.0,15,0,0,0,zero,
ippo,shock,1,66,2,5,6.0,6,0,12,12,zero,
ippo,shock,1,67,0,5,15.0,15,0,9,9,zero,
ippo,shock,1,67,1,5,7.0,7,0,0,0,zero,
ippo,shock,1,67,2,5,9.0,9,0,0,0,zero,
ippo,shock,1,68,0,5,12.0,12,0,9,9,zero,
ippo,shock,1,68,1,5,13.0,13,0,0,0,zero,
ippo,shock,1,68,2,5,21.0,21,0,0,0,zero,
ippo,shock,1,69,0,5,7.0,7,0,1,1,zero,
ippo,shock,1,69,1,5,32.0,32,0,0,0,zero,
ippo,shock,1,69,2,5,41.0,41,0,0,0,zero,
ippo,shock,1,70,0,4,3.0,3,0,9,9,zero,
ippo,shock,1,70,1,4,37.0,37,0,0,0,zero,
ippo,shock,1,70,2,4,53.0,53,0,0,0,zero,
ippo,shock,1,71,0,4,8.0,8,0,0,0,zero,
ippo,shock,1,71,1,4,37.0,37,0,0,0,zero,
ippo,shock,1,71,2,4,53.0,53,0,0,0,zero,
ippo,shock,1,72,0,3,14.0,14,0,0,0,zero,
ippo,shock,1,72,1,3,37.0,37,0,0,0,zero,
ippo,shock,1,72,2,3,53.0,53,0,0,0,zero,
ippo,shock,1,73,0,4,11.0,11,0,0,0,zero,
ippo,shock,1,73,1,4,37.0,37,0,0,0,zero,
ippo,shock,1,73,2,4,53.0,53,0,0,0,zero,
ippo,shock,1,74,0,4,16.0,16,0,1,1,zero,
ippo,shock,1,74,1,4,36.0,36,0,0,0,zero,
ippo,shock,1,74,2,4,53.0,53,0,0,0,zero,
ippo,shock,1,75,0,5,11.0,11,0,9,9,zero,75
ippo,shock,1,75,1,5,27.0,27,0,0,0,zero,75
ippo,shock,1,75,2,5,53.0,53,0,0,0,zero,75
ippo,shock,1,76,0,5,6.0,6,0,9,9,zero,75
ippo,shock,1,76,1,5,18.0,18,0,0,0,zero,75
ippo,shock,1,76,2,5,53.0,53,0,0,0,zero,75
ippo,shock,1,77,0,5,1.0,1,0,9,9,zero,75
ippo,shock,1,77,1,5,9.0,9,0,12,12,zero,75
ippo,shock,1,77,2,5,41.0,41,0,0,0,zero,75
ippo,shock,1,78,0,5,3.0,0,3,0,0,zero,75
ippo,shock,1,78,1,5,9.0,9,0,18,18,zero,75
ippo,shock,1,78,2,5,23.0,23,0,0,0,zero,75
ippo,shock,1,79,0,5,1.0,1,0,0,0,zero,75
ippo,shock,1,79,1,5,9.0,9,0,2,2,zero,75
ippo,shock,1,79,2,5,21.0,21,0,1,1,zero,75
ippo,shock,1,80,0,5,5.0,5,0,9,9,zero,75
ippo,shock,1,80,1,5,-0.0,0,0,0,0,zero,75
ippo,shock,1,80,2,5,21.0,21,0,1,1,zero,75
ippo,shock,1,81,0,7,7.0,7,0,9,9,zero,75
ippo,shock,1,81,1,7,3.0,3,0,0,0,zero,75
ippo,shock,1,81,2,7,21.0,21,0,0,0,zero,75
ippo,shock,1,82,0,7,-0.0,0,0,9,9,zero,75
ippo,shock,1,82,1,7,12.0,12,0,14,14,zero,75
ippo,shock,1,82,2,7,7.0,7,0,0,0,zero,75
ippo,shock,1,83,0,5,5.0,0,5,9,9,zero,75
ippo,shock,1,83,1,5,5.0,5,0,14,14,zero,75
ippo,shock,1,83,2,5,6.0,0,6,1,1,zero,75
ippo,shock,1,84,0,7,3.0,0,3,0,0,zero,75
ippo,shock,1,84,1,7,5.0,5,0,18,18,zero,75
ippo,shock,1,84,2,7,23.0,0,23,20,20,zero,75
ippo,shock,1,85,0,8,2.0,0,2,9,9,zero,75
ippo,shock,1,85,1,8,4.0,0,4,4,4,zero,75
ippo,shock,1,85,2,8,27.0,0,27,20,20,zero,75
ippo,shock,1,86,0,8,1.0,0,1,9,9,zero,75
ippo,shock,1,86,1,8,1.0,1,0,14,14,zero,75
ippo,shock,1,86,2,8,41.0,0,41,20,20,zero,75
ippo,shock,1,87,0,7,1.0,1,0,9,9,zero,75
ippo,shock,1,87,1,7,-0.0,0,0,16,16,zero,75
ippo,shock,1,87,2,7,56.0,0,56,20,20,zero,75
ippo,shock,1,88,0,8,7.0,0,7,9,9,zero,75
ippo,shock,1,88,1,8,8.0,0,8,18,18,zero,75
ippo,shock,1,88,2,8,54.0,0,54,20,20,zero,75
ippo,shock,1,89,0,7,9.0,0,9,9,9,zero,75
ippo,shock,1,89,1,7,17.0,0,17,18,18,zero,75
ippo,shock,1,89,2,7,52.0,0,52,20,20,zero,75
ippo,shock,1,90,0,7,3.0,0,3,17,17,zero,75
ippo,shock,1,90,1,7,34.0,0,34,12,12,zero,75
ippo,shock,1,90,2,7,44.0,0,44,20,20,zero,75
ippo,shock,1,91,0,5,1.0,1,0,17,17,zero,75
ippo,shock,1,91,1,5,50.0,0,50,18,18,zero,75
ippo,shock,1,91,2,5,42.0,0,42,20,20,zero,75
ippo,shock,1,92,0,5,3.0,0,3,17,17,zero,75
ippo,shock,1,92,1,5,47.0,0,47,18,18,zero,75
ippo,shock,1,92,2,5,40.0,0,40,20,20,zero,75
ippo,shock,1,93,0,5,8.0,0,8,11,11,zero,75
ippo,shock,1,93,1,5,38.0,0,38,17,17,zero,75
ippo,shock,1,93,2,5,37.0,0,37,20,20,zero,75
ippo,shock,1,94,0,7,15.0,0,15,0,0,zero,75
ippo,shock,1,94,1,7,18.0,0,18,4,4,zero,75
ippo,shock,1,94,2,7,21.0,0,21,20,20,zero,75
ippo,shock,1,95,0,5,19.0,0,19,0,0,zero,75
ippo,shock,1,95,1,5,2.0,2,0,4,4,zero,75
ippo,shock,1,95,2,5,5.0,0,5,3,3,zero,75
ippo,shock,1,96,0,4,3.0,0,3,0,0,zero,75
ippo,shock,1,96,1,4,22.0,22,0,0,0,zero,75
ippo,shock,1,96,2,4,15.0,15,0,3,3,zero,75
ippo,shock,1,97,0,4,13.0,13,0,0,0,zero,75
ippo,shock,1,97,1,4,42.0,42,0,0,0,zero,75
ippo,shock,1,97,2,4,35.0,35,0,0,0,zero,75
ippo,shock,1,98,0,4,29.0,29,0,0,0,zero,75
ippo,shock,1,98,1,4,62.0,62,0,0,0,zero,75
ippo,shock,1,98,2,4,55.0,55,0,0,0,zero,75
ippo,shock,1,99,0,4,43.0,43,0,0,0,zero,75
ippo,shock,1,99,1,4,82.0,82,0,0,0,zero,75
ippo,shock,1,99,2,4,58.0,58,0,0,0,zero,75
ippo,shock,1,100,0,4,39.0,39,0,0,0,zero,75
ippo,shock,1,100,1,4,87.0,87,0,0,0,zero,75
ippo,shock,1,100,2,4,61.0,61,0,0,0,zero,75
ippo,shock,1,101,0,4,35.0,35,0,1,1,zero,75
ippo,shock,1,101,1,4,86.0,86,0,0,0,zero,75
ippo,shock,1,101,2,4,61.0,61,0,0,0,zero,75
ippo,shock,1,102,0,4,31.0,31,0,5,5,zero,75
ippo,shock,1,102,1,4,81.0,81,0,0,0,zero,75
ippo,shock,1,102,2,4,61.0,61,0,0,0,zero,75
ippo,shock,1,103,0,4,27.0,27,0,1,1,zero,75
ippo,shock,1,103,1,4,80.0,80,0,0,0,zero,75
ippo,shock,1,103,2,4,61.0,61,0,0,0,zero,75
ippo,shock,1,104,0,4,23.0,23,0,5,5,zero,75
ippo,shock,1,104,1,4,75.0,75,0,0,0,zero,75
ippo,shock,1,104,2,4,61.0,61,0,0,0,zero,75
ippo,shock,1,105,0,4,20.0,20,0,0,0,zero,75
ippo,shock,1,105,1,4,75.0,75,0,0,0,zero,75
ippo,shock,1,105,2,4,61.0,61,0,0,0,zero,75
ippo,shock,1,106,0,4,21.0,21,0,1,1,zero,75
ippo,shock,1,106,1,4,74.0,74,0,0,0,zero,75
ippo,shock,1,106,2,4,61.0,61,0,0,0,zero,75
ippo,shock,1,107,0,5,17.0,17,0,1,1,zero,75
ippo,shock,1,107,1,5,73.0,73,0,0,0,zero,75
ippo,shock,1,107,2,5,61.0,61,0,0,0,zero,75
ippo,shock,1,108,0,5,17.0,17,0,9,9,zero,75
ippo,shock,1,108,1,5,64.0,64,0,0,0,zero,75
ippo,shock,1,108,2,5,61.0,61,0,0,0,zero,75
ippo,shock,1,109,0,5,12.0,12,0,9,9,zero,75
ippo,shock,1,109,1,5,55.0,55,0,0,0,zero,75
ippo,shock,1,109,2,5,61.0,61,0,0,0,zero,75
ippo,shock,1,110,0,7,6.0,6,0,1,1,zero,75
ippo,shock,1,110,1,7,54.0,54,0,0,0,zero,75
ippo,shock,1,110,2,7,61.0,61,0,0,0,zero,75
ippo,shock,1,111,0,8,1.0,0,1,9,9,zero,75
ippo,shock,1,111,1,8,45.0,45,0,0,0,zero,75
ippo,shock,1,111,2,8,61.0,61,0,0,0,zero,75
ippo,shock,1,112,0,7,1.0,1,0,9,9,zero,75
ippo,shock,1,112,1,7,36.0,36,0,0,0,zero,75
ippo,shock,1,112,2,7,61.0,61,0,0,0,zero,75
ippo,shock,1,113,0,8,2.0,2,0,9,9,zero,75
ippo,shock,1,113,1,8,27.0,27,0,12,12,zero,75
ippo,shock,1,113,2,8,49.0,49,0,0,0,zero,75
ippo,shock,1,114,0,7,4.0,0,4,9,9,zero,75
ippo,shock,1,114,1,7,18.0,18,0,12,12,zero,75
ippo,shock,1,114,2,7,37.0,37,0,0,0,zero,75
ippo,shock,1,115,0,8,3.0,0,3,1,1,zero,75
ippo,shock,1,115,1,8,17.0,17,0,12,12,zero,75
ippo,shock,1,115,2,8,25.0,25,0,1,1,zero,75
ippo,shock,1,116,0,8,2.0,0,2,9,9,zero,75
ippo,shock,1,116,1,8,8.0,8,0,0,0,zero,75
ippo,shock,1,116,2,8,25.0,25,0,1,1,zero,75
ippo,shock,1,117,0,7,-0.0,0,0,17,17,zero,75
ippo,shock,1,117,1,7,3.0,3,0,0,0,zero,75
ippo,shock,1,117,2,7,25.0,25,0,1,1,zero,75
ippo,shock,1,118,0,8,1.0,1,0,9,9,zero,75
ippo,shock,1,118,1,8,6.0,6,0,17,17,zero,75
ippo,shock,1,118,2,8,8.0,8,0,0,0,zero,75
ippo,shock,1,119,0,7,5.0,0,5,9,9,zero,75
ippo,shock,1,119,1,7,9.0,9,0,18,18,zero,75
ippo,shock,1,119,2,7,9.0,0,9,12,12,zero,75
ippo,shock,1,120,0,8,4.0,0,4,0,0,zero,75
ippo,shock,1,120,1,8,9.0,9,0,18,18,zero,75
ippo,shock,1,120,2,8,26.0,0,26,20,20,zero,75
ippo,shock,1,121,0,7,6.0,6,0,9,9,zero,75
ippo,shock,1,121,1,7,-0.0,0,0,2,2,zero,75
ippo,shock,1,121,2,7,27.0,0,27,20,20,zero,75
ippo,shock,1,122,0,7,8.0,8,0,9,9,zero,75
ippo,shock,1,122,1,7,8.0,8,0,4,4,zero,75
ippo,shock,1,122,2,7,31.0,0,31,3,3,zero,75
ippo,shock,1,123,0,4,13.0,13,0,9,9,zero,75
ippo,shock,1,123,1,4,8.0,8,0,16,16,zero,75
ippo,shock,1,123,2,4,35.0,0,35,3,3,zero,75
ippo,shock,1,124,0,5,8.0,8,0,0,0,zero,75
ippo,shock,1,124,1,5,9.0,9,0,18,18,zero,75
ippo,shock,1,124,2,5,33.0,0,33,18,18,zero,75
ippo,shock,1,125,0,5,12.0,12,0,1,1,zero,75
ippo,shock,1,125,1,5,9.0,9,0,8,8,zero,75
ippo,shock,1,125,2,5,21.0,0,21,20,20,zero,75
ippo,shock,1,126,0,5,16.0,16,0,1,1,zero,75
ippo,shock,1,126,1,5,8.0,8,0,0,0,zero,75
ippo,shock,1,126,2,5,18.0,0,18,20,20,zero,75
ippo,shock,1,127,0,5,20.0,20,0,9,9,zero,75
ippo,shock,1,127,1,5,11.0,11,0,0,0,zero,75
ippo,shock,1,127,2,5,15.0,0,15,3,3,zero,75
ippo,shock,1,128,0,4,16.0,16,0,9,9,zero,75
ippo,shock,1,128,1,4,22.0,22,0,0,0,zero,75
ippo,shock,1,128,2,4,3.0,3,0,0,0,zero,75
ippo,shock,1,129,0,4,13.0,13,0,1,1,zero,75
ippo,shock,1,129,1,4,41.0,41,0,0,0,zero,75
ippo,shock,1,129,2,4,23.0,23,0,0,0,zero,75
ippo,shock,1,130,0,4,10.0,10,0,0,0,zero,75
ippo,shock,1,130,1,4,44.0,44,0,0,0,zero,75
ippo,shock,1,130,2,4,43.0,43,0,0,0,zero,75
ippo,shock,1,131,0,5,14.0,14,0,0,0,zero,75
ippo,shock,1,131,1,5,47.0,47,0,0,0,zero,75
ippo,shock,1,131,2,5,46.0,46,0,0,0,zero,75
ippo,shock,1,132,0,5,18.0,18,0,9,9,zero,75
ippo,shock,1,132,1,5,53.0,53,0,0,0,zero,75
ippo,shock,1,132,2,5,46.0,46,0,0,0,zero,75
ippo,shock,1,133,0,5,14.0,14,0,9,9,zero,75
ippo,shock,1,133,1,5,44.0,44,0,0,0,zero,75
ippo,shock,1,133,2,5,46.0,46,0,0,0,zero,75
ippo,shock,1,134,0,4,10.0,10,0,1,1,zero,75
ippo,shock,1,134,1,4,43.0,43,0,0,0,zero,75
ippo,shock,1,134,2,4,46.0,46,0,0,0,zero,75
ippo,shock,1,135,0,4,6.0,6,0,1,1,zero,75
ippo,shock,1,135,1,4,42.0,42,0,0,0,zero,75
ippo,shock,1,135,2,4,46.0,46,0,0,0,zero,75
ippo,shock,1,136,0,4,11.0,11,0,0,0,zero,75
ippo,shock,1,136,1,4,42.0,42,0,0,0,zero,75
ippo,shock,1,136,2,4,46.0,46,0,0,0,zero,75
ippo,shock,1,137,0,4,16.0,16,0,1,1,zero,75
ippo,shock,1,137,1,4,41.0,41,0,0,0,zero,75
ippo,shock,1,137,2,4,46.0,46,0,0,0,zero,75
ippo,shock,1,138,0,4,13.0,13,0,9,9,zero,75
ippo,shock,1,138,1,4,32.0,32,0,0,0,zero,75
ippo,shock,1,138,2,4,46.0,46,0,0,0,zero,75
ippo,shock,1,139,0,4,10.0,10,0,9,9,zero,75
ippo,shock,1,139,1,4,23.0,23,0,0,0,zero,75
ippo,shock,1,139,2,4,46.0,46,0,0,0,zero,75
ippo,shock,1,140,0,4,6.0,6,0,1,1,zero,75
ippo,shock,1,140,1,4,22.0,22,0,12,12,zero,75
ippo,shock,1,140,2,4,34.0,34,0,0,0,zero,75
ippo,shock,1,141,0,3,4.0,4,0,0,0,zero,75
ippo,shock,1,141,1,3,22.0,22,0,0,0,zero,75
ippo,shock,1,141,2,3,34.0,34,0,1,1,zero,75
ippo,shock,1,142,0,3,10.0,10,0,0,0,zero,75
ippo,shock,1,142,1,3,22.0,22,0,0,0,zero,75
ippo,shock,1,142,2,3,34.0,34,0,0,0,zero,75
ippo,shock,1,143,0,3,16.0,16,0,0,0,zero,75
ippo,shock,1,143,1,3,22.0,22,0,0,0,zero,75
ippo,shock,1,143,2,3,34.0,34,0,0,0,zero,75
ippo,shock,1,144,0,3,14.0,14,0,9,9,zero,75
ippo,shock,1,144,1,3,25.0,25,0,0,0,zero,75
ippo,shock,1,144,2,3,34.0,34,0,0,0,zero,75
ippo,shock,1,145,0,3,11.0,11,0,1,1,zero,75
ippo,shock,1,145,1,3,24.0,24,0,0,0,zero,75
ippo,shock,1,145,2,3,35.0,35,0,0,0,zero,75
ippo,shock,1,146,0,2,9.0,9,0,0,0,zero,75
ippo,shock,1,146,1,2,24.0,24,0,0,0,zero,75
ippo,shock,1,146,2,2,35.0,35,0,0,0,zero,75
ippo,shock,1,147,0,2,7.0,7,0,0,0,zero,75
ippo,shock,1,147,1,2,24.0,24,0,0,0,zero,75
ippo,shock,1,147,2,2,35.0,35,0,0,0,zero,75
ippo,shock,1,148,0,3,13.0,13,0,0,0,zero,75
ippo,shock,1,148,1,3,24.0,24,0,0,0,zero,75
ippo,shock,1,148,2,3,35.0,35,0,0,0,zero,75
ippo,shock,1,149,0,3,11.0,11,0,1,1,zero,75
ippo,shock,1,149,1,3,23.0,23,0,0,0,zero,75
ippo,shock,1,149,2,3,35.0,35,0,0,0,zero,75
ippo,shock,1,150,0,2,9.0,9,0,9,9,zero,75
ippo,shock,1,150,1,2,14.0,14,0,0,0,zero,75
ippo,shock,1,150,2,2,35.0,35,0,0,0,zero,75
ippo,shock,1,151,0,3,6.0,6,0,1,1,zero,75
ippo,shock,1,151,1,3,13.0,13,0,0,0,zero,75
ippo,shock,1,151,2,3,35.0,35,0,0,0,zero,75
ippo,shock,1,152,0,2,4.0,4,0,0,0,zero,75
ippo,shock,1,152,1,2,13.0,13,0,0,0,zero,75
ippo,shock,1,152,2,2,35.0,35,0,0,0,zero,75
ippo,shock,1,153,0,2,3.0,3,0,0,0,zero,75
ippo,shock,1,153,1,2,13.0,13,0,0,0,zero,75
ippo,shock,1,153,2,2,35.0,35,0,0,0,zero,75
ippo,shock,1,154,0,2,10.0,10,0,0,0,zero,75
ippo,shock,1,154,1,2,13.0,13,0,0,0,zero,75
ippo,shock,1,154,2,2,35.0,35,0,0,0,zero,75
ippo,shock,1,155,0,2,9.0,9,0,1,1,zero,75
ippo,shock,1,155,1,2,12.0,12,0,0,0,zero,75
ippo,shock,1,155,2,2,35.0,35,0,0,0,zero,75
ippo,shock,1,156,0,2,7.0,7,0,9,9,zero,75
ippo,shock,1,156,1,2,3.0,3,0,0,0,zero,75
ippo,shock,1,156,2,2,35.0,35,0,0,0,zero,75
ippo,shock,1,157,0,2,5.0,5,0,1,1,zero,75
ippo,shock,1,157,1,2,2.0,2,0,12,12,zero,75
ippo,shock,1,157,2,2,23.0,23,0,0,0,zero,75
ippo,shock,1,158,0,2,3.0,3,0,0,0,zero,75
ippo,shock,1,158,1,2,2.0,2,0,6,6,zero,75
ippo,shock,1,158,2,2,17.0,17,0,1,1,zero,75
ippo,shock,1,159,0,3,1.0,1,0,0,0,zero,75
ippo,shock,1,159,1,3,2.0,2,0,0,0,zero,75
ippo,shock,1,159,2,3,17.0,17,0,1,1,zero,75
ippo,shock,1,160,0,3,7.0,7,0,0,0,zero,75
ippo,shock,1,160,1,3,2.0,2,0,0,0,zero,75
ippo,shock,1,160,2,3,17.0,17,0,1,1,zero,75
ippo,shock,1,161,0,4,4.0,4,0,9,9,zero,75
ippo,shock,1,161,1,4,5.0,5,0,0,0,zero,75
ippo,shock,1,161,2,4,17.0,17,0,0,0,zero,75
ippo,shock,1,162,0,4,-0.0,0,0,9,9,zero,75
ippo,shock,1,162,1,4,2.0,2,0,0,0,zero,75
ippo,shock,1,162,2,4,18.0,18,0,0,0,zero,75
ippo,shock,1,163,0,4,4.0,0,4,0,0,zero,75
ippo,shock,1,163,1,4,2.0,2,0,16,16,zero,75
ippo,shock,1,163,2,4,3.0,3,0,0,0,zero,75
ippo,shock,1,164,0,4,8.0,0,8,9,9,zero,75
ippo,shock,1,164,1,4,7.0,0,7,4,4,zero,75
ippo,shock,1,164,2,4,-0.0,0,0,1,1,zero,75
ippo,shock,1,165,0,4,3.0,0,3,9,9,zero,75
ippo,shock,1,165,1,4,16.0,0,16,14,14,zero,75
ippo,shock,1,165,2,4,14.0,0,14,19,19,zero,75
ippo,shock,1,166,0,3,3.0,3,0,9,9,zero,75
ippo,shock,1,166,1,3,25.0,0,25,17,17,zero,75
ippo,shock,1,166,2,3,31.0,0,31,20,20,zero,75
ippo,shock,1,167,0,3,-0.0,0,0,9,9,zero,75
ippo,shock,1,167,1,3,18.0,0,18,18,18,zero,75
ippo,shock,1,167,2,3,49.0,0,49,20,20,zero,75
ippo,shock,1,168,0,3,1.0,0,1,9,9,zero,75
ippo,shock,1,168,1,3,23.0,0,23,18,18,zero,75
ippo,shock,1,168,2,3,66.0,0,66,20,20,zero,75
ippo,shock,1,169,0,3,4.0,0,4,1,1,zero,75
ippo,shock,1,169,1,3,24.0,0,24,18,18,zero,75
ippo,shock,1,169,2,3,65.0,0,65,20,20,zero,75
ippo,shock,1,170,0,3,7.0,0,7,9,9,zero,75
ippo,shock,1,170,1,3,33.0,0,33,17,17,zero,75
ippo,shock,1,170,2,3,62.0,0,62,20,20,zero,75
ippo,shock,1,171,0,3,6.0,6,0,9,9,zero,75
ippo,shock,1,171,1,3,42.0,0,42,17,17,zero,75
ippo,shock,1,171,2,3,59.0,0,59,20,20,zero,75
ippo,shock,1,172,0,4,6.0,6,0,9,9,zero,75
ippo,shock,1,172,1,4,50.0,0,50,0,0,zero,75
ippo,shock,1,172,2,4,39.0,0,39,20,20,zero,75
ippo,shock,1,173,0,3,3.0,3,0,9,9,zero,75
ippo,shock,1,173,1,3,40.0,0,40,0,0,zero,75
ippo,shock,1,173,2,3,19.0,0,19,3,3,zero,75
ippo,shock,1,174,0,3,-0.0,0,0,9,9,zero,75
ippo,shock,1,174,1,3,29.0,0,29,0,0,zero,75
ippo,shock,1,174,2,3,1.0,1,0,3,3,zero,75
ippo,shock,1,175,0,3,3.0,0,3,0,0,zero,75
ippo,shock,1,175,1,3,9.0,0,9,0,0,zero,75
ippo,shock,1,175,2,3,21.0,21,0,0,0,zero,75
ippo,shock,1,176,0,3,5.0,0,5,0,0,zero,75
ippo,shock,1,176,1,3,11.0,11,0,0,0,zero,75
ippo,shock,1,176,2,3,41.0,41,0,0,0,zero,75
ippo,shock,1,177,0,2,12.0,12,0,0,0,zero,75
ippo,shock,1,177,1,2,31.0,31,0,0,0,zero,75
ippo,shock,1,177,2,2,44.0,44,0,0,0,zero,75
ippo,shock,1,178,0,3,29.0,29,0,0,0,zero,75
ippo,shock,1,178,1,3,50.0,50,0,0,0,zero,75
ippo,shock,1,178,2,3,47.0,47,0,0,0,zero,75
ippo,shock,1,179,0,2,47.0,47,0,0,0,zero,75
ippo,shock,1,179,1,2,50.0,50,0,0,0,zero,75
ippo,shock,1,179,2,2,47.0,47,0,0,0,zero,75
ippo,shock,1,180,0,3,53.0,53,0,0,0,zero,75
ippo,shock,1,180,1,3,50.0,50,0,0,0,zero,75
ippo,shock,1,180,2,3,47.0,47,0,0,0,zero,75
ippo,shock,1,181,0,3,50.0,50,0,0,0,zero,75
ippo,shock,1,181,1,3,50.0,50,0,0,0,zero,75
ippo,shock,1,181,2,3,47.0,47,0,0,0,zero,75
ippo,shock,1,182,0,3,47.0,47,0,0,0,zero,75
ippo,shock,1,182,1,3,50.0,50,0,0,0,zero,75
ippo,shock,1,182,2,3,47.0,47,0,0,0,zero,75
ippo,shock,1,183,0,3,44.0,44,0,0,0,zero,75
ippo,shock,1,183,1,3,50.0,50,0,0,0,zero,75
ippo,shock,1,183,2,3,47.0,47,0,0,0,zero,75
ippo,shock,1,184,0,3,41.0,41,0,0,0,zero,75
ippo,shock,1,184,1,3,50.0,50,0,0,0,zero,75
ippo,shock,1,184,2,3,47.0,47,0,0,0,zero,75
ippo,shock,1,185,0,4,37.0,37,0,0,0,zero,75
ippo,shock,1,185,1,4,50.0,50,0,0,0,zero,75
ippo,shock,1,185,2,4,47.0,47,0,0,0,zero,75
ippo,shock,1,186,0,4,33.0,33,0,0,0,zero,75
ippo,shock,1,186,1,4,50.0,50,0,0,0,zero,75
ippo,shock,1,186,2,4,47.0,47,0,0,0,zero,75
ippo,shock,1,187,0,4,29.0,29,0,15,15,zero,75
ippo,shock,1,187,1,4,35.0,35,0,0,0,zero,75
ippo,shock,1,187,2,4,47.0,47,0,0,0,zero,75
ippo,shock,1,188,0,4,25.0,25,0,0,0,zero,75
ippo,shock,1,188,1,4,35.0,35,0,0,0,zero,75
ippo,shock,1,188,2,4,47.0,47,0,0,0,zero,75
ippo,shock,1,189,0,4,21.0,21,0,0,0,zero,75
ippo,shock,1,189,1,4,35.0,35,0,0,0,zero,75
ippo,shock,1,189,2,4,47.0,47,0,0,0,zero,75
ippo,shock,1,190,0,4,17.0,17,0,0,0,zero,75
ippo,shock,1,190,1,4,35.0,35,0,0,0,zero,75
ippo,shock,1,190,2,4,47.0,47,0,0,0,zero,75
ippo,shock,1,191,0,4,28.0,28,0,0,0,zero,75
ippo,shock,1,191,1,4,35.0,35,0,0,0,zero,75
ippo,shock,1,191,2,4,47.0,47,0,0,0,zero,75
ippo,shock,1,192,0,5,23.0,23,0,1,1,zero,75
ippo,shock,1,192,1,5,34.0,34,0,0,0,zero,75
ippo,shock,1,192,2,5,47.0,47,0,0,0,zero,75
ippo,shock,1,193,0,4,19.0,19,0,9,9,zero,75
ippo,shock,1,193,1,4,25.0,25,0,0,0,zero,75
ippo,shock,1,193,2,4,47.0,47,0,0,0,zero,75
ippo,shock,1,194,0,5,14.0,14,0,6,6,zero,75
ippo,shock,1,194,1,5,19.0,19,0,0,0,zero,75
ippo,shock,1,194,2,5,47.0,47,0,0,0,zero,75
ippo,shock,1,195,0,5,9.0,9,0,5,5,zero,75
ippo,shock,1,195,1,5,14.0,14,0,1,1,zero,75
ippo,shock,1,195,2,5,46.0,46,0,0,0,zero,75
ippo,shock,1,196,0,5,5.0,5,0,1,1,zero,75
ippo,shock,1,196,1,5,13.0,13,0,12,12,zero,75
ippo,shock,1,196,2,5,34.0,34,0,0,0,zero,75
ippo,shock,1,197,0,5,9.0,9,0,1,1,zero,75
ippo,shock,1,197,1,5,12.0,12,0,6,6,zero,75
ippo,shock,1,197,2,5,28.0,28,0,0,0,zero,75
ippo,shock,1,198,0,5,10.0,10,0,9,9,zero,75
ippo,shock,1,198,1,5,3.0,3,0,0,0,zero,75
ippo,shock,1,198,2,5,28.0,28,0,1,1,zero,75
ippo,shock,1,199,0,6,9.0,9,0,9,9,zero,75
ippo,shock,1,199,1,6,5.0,0,5,8,8,zero,75
ippo,shock,1,199,2,6,20.0,20,0,0,0,zero,75
ippo,shock,1,200,0,5,5.0,5,0,9,9,zero,75
ippo,shock,1,200,1,5,2.0,0,2,17,17,zero,75
ippo,shock,1,200,2,5,3.0,3,0,1,1,zero,75
ippo,shock,2,1,0,10,10.0,10,0,5,5,zero,
ippo,shock,2,1,1,10,15.0,15,0,18,18,zero,
ippo,shock,2,1,2,10,2.0,2,0,0,0,zero,
ippo,shock,2,2,0,10,10.0,10,0,17,17,zero,
ippo,shock,2,2,1,10,8.0,8,0,4,4,zero,
ippo,shock,2,2,2,10,8.0,8,0,20,20,zero,
ippo,shock,2,3,0,8,12.0,12,0,5,5,zero,
ippo,shock,2,3,1,8,13.0,13,0,16,16,zero,
ippo,shock,2,3,2,8,2.0,2,0,8,8,zero,
ippo,shock,2,4,0,9,13.0,13,0,1,1,zero,
ippo,shock,2,4,1,9,22.0,22,0,14,14,zero,
ippo,shock,2,4,2,9,2.0,0,2,20,20,zero,
ippo,shock,2,5,0,10,8.0,8,0,9,9,zero,
ippo,shock,2,5,1,10,31.0,31,0,4,4,zero,
ippo,shock,2,5,2,10,6.0,0,6,20,20,zero,
ippo,shock,2,6,0,10,15.0,15,0,9,9,zero,
ippo,shock,2,6,1,10,26.0,26,0,4,4,zero,
ippo,shock,2,6,2,10,10.0,10,0,3,3,zero,
ippo,shock,2,7,0,10,10.0,10,0,9,9,zero,
ippo,shock,2,7,1,10,33.0,33,0,4,4,zero,
ippo,shock,2,7,2,10,14.0,14,0,3,3,zero,
ippo,shock,2,8,0,9,2.0,2,0,19,19,zero,
ippo,shock,2,8,1,9,26.0,26,0,4,4,zero,
ippo,shock,2,8,2,9,30.0,30,0,0,0,zero,
ippo,shock,2,9,0,9,2.0,2,0,9,9,zero,
ippo,shock,2,9,1,9,17.0,17,0,20,20,zero,
ippo,shock,2,9,2,9,30.0,30,0,0,0,zero,
ippo,shock,2,10,0,9,2.0,2,0,1,1,zero,
ippo,shock,2,10,1,9,26.0,26,0,12,12,zero,
ippo,shock,2,10,2,9,21.0,21,0,12,12,zero,
ippo,shock,2,11,0,9,2.0,2,0,9,9,zero,
ippo,shock,2,11,1,9,21.0,21,0,2,2,zero,
ippo,shock,2,11,2,9,22.0,22,0,20,20,zero,
ippo,shock,2,12,0,9,12.0,12,0,9,9,zero,
ippo,shock,2,12,1,9,16.0,16,0,0,0,zero,
ippo,shock,2,12,2,9,22.0,22,0,3,3,zero,
ippo,shock,2,13,0,11,10.0,10,0,9,9,zero,
ippo,shock,2,13,1,11,27.0,27,0,4,4,zero,
ippo,shock,2,13,2,11,18.0,18,0,0,0,zero,
ippo,shock,2,14,0,10,1.0,1,0,17,17,zero,
ippo,shock,2,14,1,10,22.0,22,0,14,14,zero,
ippo,shock,2,14,2,10,16.0,16,0,0,0,zero,
ippo,shock,2,15,0,10,-0.0,0,0,9,9,zero,
ippo,shock,2,15,1,10,15.0,15,0,18,18,zero,
ippo,shock,2,15,2,10,18.0,18,0,1,1,zero,
ippo,shock,2,16,0,11,2.0,0,2,9,9,zero,
ippo,shock,2,16,1,11,6.0,6,0,12,12,zero,
ippo,shock,2,16,2,11,9.0,9,0,20,20,zero,
ippo,shock,2,17,0,12,5.0,0,5,17,17,zero,
ippo,shock,2,17,1,12,7.0,0,7,12,12,zero,
ippo,shock,2,17,2,12,3.0,0,3,20,20,zero,
ippo,shock,2,18,0,11,1.0,1,0,17,17,zero,
ippo,shock,2,18,1,11,10.0,0,10,18,18,zero,
ippo,shock,2,18,2,11,21.0,0,21,20,20,zero,
ippo,shock,2,19,0,11,1.0,0,1,11,11,zero,
ippo,shock,2,19,1,11,3.0,0,3,18,18,zero,
ippo,shock,2,19,2,11,38.0,0,38,20,20,zero,
ippo,shock,2,20,0,12,4.0,0,4,5,5,zero,
ippo,shock,2,20,1,12,4.0,4,0,18,18,zero,
ippo,shock,2,20,2,12,36.0,0,36,20,20,zero,
ippo,shock,2,21,0,10,4.0,0,4,9,9,zero,
ippo,shock,2,21,1,10,4.0,4,0,12,12,zero,
ippo,shock,2,21,2,10,28.0,0,28,20,20,zero,
ippo,shock,2,22,0,9,1.0,1,0,17,17,zero,
ippo,shock,2,22,1,9,13.0,0,13,12,12,zero,
ippo,shock,2,22,2,9,20.0,0,20,20,20,zero,
ippo,shock,2,23,0,8,11.0,11,0,19,19,zero,
ippo,shock,2,23,1,8,31.0,0,31,18,18,zero,
ippo,shock,2,23,2,8,18.0,0,18,12,12,zero,
ippo,shock,2,24,0,7,12.0,12,0,17,17,zero,
ippo,shock,2,24,1,7,28.0,0,28,18,18,zero,
ippo,shock,2,24,2,7,16.0,0,16,20,20,zero,
ippo,shock,2,25,0,7,14.0,14,0,11,11,zero,
ippo,shock,2,25,1,7,19.0,0,19,18,18,zero,
ippo,shock,2,25,2,7,14.0,0,14,20,20,zero,
ippo,shock,2,26,0,7,11.0,11,0,0,0,zero,
ippo,shock,2,26,1,7,1.0,1,0,14,14,zero,
ippo,shock,2,26,2,7,8.0,0,8,20,20,zero,
ippo,shock,2,27,0,6,6.0,6,0,0,0,zero,
ippo,shock,2,27,1,6,21.0,21,0,4,4,zero,
ippo,shock,2,27,2,6,-0.0,0,0,12,12,zero,
ippo,shock,2,28,0,6,20.0,20,0,0,0,zero,
ippo,shock,2,28,1,6,41.0,41,0,0,0,zero,
ippo,shock,2,28,2,6,20.0,20,0,3,3,zero,
ippo,shock,2,29,0,6,34.0,34,0,0,0,zero,
ippo,shock,2,29,1,6,61.0,61,0,0,0,zero,
ippo,shock,2,29,2,6,40.0,40,0,0,0,zero,
ippo,shock,2,30,0,5,48.0,48,0,0,0,zero,
ippo,shock,2,30,1,5,81.0,81,0,0,0,zero,
ippo,shock,2,30,2,5,60.0,60,0,0,0,zero,
ippo,shock,2,31,0,5,43.0,43,0,0,0,zero,
ippo,shock,2,31,1,5,93.0,93,0,0,0,zero,
ippo,shock,2,31,2,5,72.0,72,0,0,0,zero,
ippo,shock,2,32,0,5,38.0,38,0,1,1,zero,
ippo,shock,2,32,1,5,92.0,92,0,0,0,zero,
ippo,shock,2,32,2,5,75.0,75,0,0,0,zero,
ippo,shock,2,33,0,5,33.0,33,0,6,6,zero,
ippo,shock,2,33,1,5,86.0,86,0,0,0,zero,
ippo,shock,2,33,2,5,75.0,75,0,0,0,zero,
ippo,shock,2,34,0,5,28.0,28,0,6,6,zero,
ippo,shock,2,34,1,5,80.0,80,0,0,0,zero,
ippo,shock,2,34,2,5,75.0,75,0,0,0,zero,
ippo,shock,2,35,0,5,23.0,23,0,5,5,zero,
ippo,shock,2,35,1,5,75.0,75,0,0,0,zero,
ippo,shock,2,35,2,5,75.0,75,0,0,0,zero,
ippo,shock,2,36,0,4,20.0,20,0,0,0,zero,
ippo,shock,2,36,1,4,75.0,75,0,0,0,zero,
ippo,shock,2,36,2,4,75.0,75,0,0,0,zero,
ippo,shock,2,37,0,4,22.0,22,0,0,0,zero,
ippo,shock,2,37,1,4,75.0,75,0,0,0,zero,
ippo,shock,2,37,2,4,75.0,75,0,0,0,zero,
ippo,shock,2,38,0,3,25.0,25,0,0,0,zero,
ippo,shock,2,38,1,3,75.0,75,0,0,0,zero,
ippo,shock,2,38,2,3,75.0,75,0,0,0,zero,
ippo,shock,2,39,0,4,26.0,26,0,0,0,zero,
ippo,shock,2,39,1,4,75.0,75,0,0,0,zero,
ippo,shock,2,39,2,4,75.0,75,0,0,0,zero,
ippo,shock,2,40,0,4,22.0,22,0,1,1,zero,
ippo,shock,2,40,1,4,74.0,74,0,0,0,zero,
ippo,shock,2,40,2,4,75.0,75,0,0,0,zero,
ippo,shock,2,41,0,5,17.0,17,0,9,9,zero,
ippo,shock,2,41,1,5,65.0,65,0,0,0,zero,
ippo,shock,2,41,2,5,75.0,75,0,0,0,zero,
ippo,shock,2,42,0,6,11.0,11,0,9,9,zero,
ippo,shock,2,42,1,6,56.0,56,0,0,0,zero,
ippo,shock,2,42,2,6,75.0,75,0,0,0,zero,
ippo,shock,2,43,0,8,3.0,3,0,5,5,zero,
ippo,shock,2,43,1,8,51.0,51,0,0,0,zero,
ippo,shock,2,43,2,8,75.0,75,0,0,0,zero,
ippo,shock,2,44,0,9,5.0,0,5,9,9,zero,
ippo,shock,2,44,1,9,42.0,42,0,0,0,zero,
ippo,shock,2,44,2,9,75.0,75,0,0,0,zero,
ippo,shock,2,45,0,12,8.0,0,8,17,17,zero,
ippo,shock,2,45,1,12,25.0,25,0,6,6,zero,
ippo,shock,2,45,2,12,69.0,69,0,0,0,zero,
ippo,shock,2,46,0,13,12.0,0,12,9,9,zero,
ippo,shock,2,46,1,13,16.0,16,0,18,18,zero,
ippo,shock,2,46,2,13,51.0,51,0,0,0,zero,
ippo,shock,2,47,0,13,20.0,0,20,19,19,zero,
ippo,shock,2,47,1,13,3.0,0,3,18,18,zero,
ippo,shock,2,47,2,13,33.0,33,0,1,1,zero,
ippo,shock,2,48,0,12,23.0,0,23,19,19,zero,
ippo,shock,2,48,1,12,22.0,0,22,18,18,zero,
ippo,shock,2,48,2,12,15.0,15,0,1,1,zero,
ippo,shock,2,49,0,10,16.0,0,16,19,19,zero,
ippo,shock,2,49,1,10,35.0,0,35,18,18,zero,
ippo,shock,2,49,2,10,3.0,0,3,15,15,zero,
ippo,shock,2,50,0,10,17.0,0,17,19,19,zero,
ippo,shock,2,50,1,10,36.0,0,36,18,18,zero,
ippo,shock,2,50,2,10,21.0,0,21,20,20,zero,
ippo,shock,2,51,0,10,11.0,0,11,19,19,zero,
ippo,shock,2,51,1,10,37.0,0,37,18,18,zero,
ippo,shock,2,51,2,10,38.0,0,38,20,20,zero,
ippo,shock,2,52,0,10,21.0,0,21,7,7,zero,
ippo,shock,2,52,1,10,26.0,0,26,18,18,zero,
ippo,shock,2,52,2,10,55.0,0,55,20,20,zero,
ippo,shock,2,53,0,11,26.0,0,26,0,0,zero,
ippo,shock,2,53,1,11,11.0,0,11,18,18,zero,
ippo,shock,2,53,2,11,58.0,0,58,20,20,zero,
ippo,shock,2,54,0,11,19.0,0,19,0,0,zero,
ippo,shock,2,54,1,11,11.0,0,11,10,10,zero,
ippo,shock,2,54,2,11,48.0,0,48,20,20,zero,
ippo,shock,2,55,0,11,12.0,0,12,19,19,zero,
ippo,shock,2,55,1,11,29.0,0,29,0,0,zero,
ippo,shock,2,55,2,11,28.0,0,28,20,20,zero,
ippo,shock,2,56,0,10,4.0,0,4,19,19,zero,
ippo,shock,2,56,1,10,47.0,0,47,17,17,zero,
ippo,shock,2,56,2,10,25.0,0,25,3,3,zero,
ippo,shock,2,57,0,10,1.0,1,0,19,19,zero,
ippo,shock,2,57,1,10,51.0,0,51,17,17,zero,
ippo,shock,2,57,2,10,22.0,0,22,12,12,zero,
ippo,shock,2,58,0,9,8.0,0,8,19,19,zero,
ippo,shock,2,58,1,9,50.0,0,50,18,18,zero,
ippo,shock,2,58,2,9,20.0,0,20,20,20,zero,
ippo,shock,2,59,0,8,15.0,0,15,7,7,zero,
ippo,shock,2,59,1,8,37.0,0,37,18,18,zero,
ippo,shock,2,59,2,8,18.0,0,18,20,20,zero,
ippo,shock,2,60,0,9,23.0,0,23,0,0,zero,
ippo,shock,2,60,1,9,17.0,0,17,4,4,zero,
ippo,shock,2,60,2,9,19.0,0,19,20,20,zero,
ippo,shock,2,61,0,8,16.0,0,16,0,0,zero,
ippo,shock,2,61,1,8,3.0,3,0,0,0,zero,
ippo,shock,2,61,2,8,7.0,0,7,3,3,zero,
ippo,shock,2,62,0,8,4.0,0,4,0,0,zero,
ippo,shock,2,62,1,8,23.0,23,0,0,0,zero,
ippo,shock,2,62,2,8,13.0,13,0,3,3,zero,
ippo,shock,2,63,0,7,9.0,9,0,0,0,zero,
ippo,shock,2,63,1,7,43.0,43,0,0,0,zero,
ippo,shock,2,63,2,7,33.0,33,0,0,0,zero,
ippo,shock,2,64,0,7,22.0,22,0,1,1,zero,
ippo,shock,2,64,1,7,45.0,45,0,0,0,zero,
ippo,shock,2,64,2,7,53.0,53,0,0,0,zero,
ippo,shock,2,65,0,6,33.0,33,0,9,9,zero,
ippo,shock,2,65,1,6,48.0,48,0,0,0,zero,
ippo,shock,2,65,2,6,56.0,56,0,0,0,zero,
ippo,shock,2,66,0,6,27.0,27,0,9,9,zero,
ippo,shock,2,66,1,6,46.0,46,0,0,0,zero,
ippo,shock,2,66,2,6,59.0,59,0,0,0,zero,
ippo,shock,2,67,0,7,20.0,20,0,9,9,zero,
ippo,shock,2,67,1,7,37.0,37,0,0,0,zero,
ippo,shock,2,67,2,7,59.0,59,0,0,0,zero,
ippo,shock,2,68,0,7,14.0,14,0,1,1,zero,
ippo,shock,2,68,1,7,36.0,36,0,12,12,zero,
ippo,shock,2,68,2,7,47.0,47,0,0,0,zero,
ippo,shock,2,69,0,6,17.0,17,0,9,9,zero,
ippo,shock,2,69,1,6,27.0,27,0,0,0,zero,
ippo,shock,2,69,2,6,47.0,47,0,1,1,zero,
ippo,shock,2,70,0,8,18.0,18,0,1,1,zero,
ippo,shock,2,70,1,8,26.0,26,0,12,12,zero,
ippo,shock,2,70,2,8,35.0,35,0,0,0,zero,
ippo,shock,2,71,0,7,20.0,20,0,9,9,zero,
ippo,shock,2,71,1,7,17.0,17,0,0,0,zero,
ippo,shock,2,71,2,7,35.0,35,0,1,1,zero,
ippo,shock,2,72,0,8,13.0,13,0,9,9,zero,
ippo,shock,2,72,1,8,20.0,20,0,0,0,zero,
ippo,shock,2,72,2,8,35.0,35,0,0,0,zero,
ippo,shock,2,73,0,8,14.0,14,0,9,9,zero,
ippo,shock,2,73,1,8,11.0,11,0,12,12,zero,
ippo,shock,2,73,2,8,24.0,24,0,0,0,zero,
ippo,shock,2,74,0,8,7.0,7,0,9,9,zero,
ippo,shock,2,74,1,8,14.0,14,0,18,18,zero,
ippo,shock,2,74,2,8,6.0,6,0,1,1,zero,
ippo,shock,2,75,0,6,10.0,10,0,1,1,zero,
ippo,shock,2,75,1,6,13.0,13,0,12,12,zero,
ippo,shock,2,75,2,6,5.0,0,5,19,19,zero,
ippo,shock,2,76,0,6,13.0,13,0,1,1,zero,
ippo,shock,2,76,1,6,12.0,12,0,0,0,zero,
ippo,shock,2,76,2,6,5.0,0,5,20,20,zero,
ippo,shock,2,77,0,6,16.0,16,0,9,9,zero,
ippo,shock,2,77,1,6,15.0,15,0,0,0,zero,
ippo,shock,2,77,2,6,5.0,0,5,3,3,zero,
ippo,shock,2,78,0,9,16.0,16,0,9,9,zero,
ippo,shock,2,78,1,9,24.0,24,0,0,0,zero,
ippo,shock,2,78,2,9,4.0,0,4,0,0,zero,
ippo,shock,2,79,0,9,8.0,8,0,9,9,zero,
ippo,shock,2,79,1,9,22.0,22,0,6,6,zero,
ippo,shock,2,79,2,9,9.0,9,0,0,0,zero,
ippo,shock,2,80,0,9,-0.0,0,0,9,9,zero,80
ippo,shock,2,80,1,9,13.0,13,0,14,14,zero,80
ippo,shock,2,80,2,9,15.0,15,0,3,3,zero,80
ippo,shock,2,81,0,8,1.0,1,0,9,9,zero,80
ippo,shock,2,81,1,8,4.0,4,0,14,14,zero,80
ippo,shock,2,81,2,8,4.0,4,0,15,15,zero,80
ippo,shock,2,82,0,8,2.0,2,0,9,9,zero,80
ippo,shock,2,82,1,8,4.0,0,4,18,18,zero,80
ippo,shock,2,82,2,8,14.0,0,14,20,20,zero,80
ippo,shock,2,83,0,8,3.0,3,0,9,9,zero,80
ippo,shock,2,83,1,8,3.0,0,3,18,18,zero,80
ippo,shock,2,83,2,8,32.0,0,32,20,20,zero,80
ippo,shock,2,84,0,6,6.0,6,0,9,9,zero,80
ippo,shock,2,84,1,6,2.0,2,0,18,18,zero,80
ippo,shock,2,84,2,6,47.0,0,47,20,20,zero,80
ippo,shock,2,85,0,6,9.0,9,0,1,1,zero,80
ippo,shock,2,85,1,6,15.0,15,0,18,18,zero,80
ippo,shock,2,85,2,6,50.0,0,50,20,20,zero,80
ippo,shock,2,86,0,6,8.0,8,0,9,9,zero,80
ippo,shock,2,86,1,6,10.0,10,0,14,14,zero,80
ippo,shock,2,86,2,6,44.0,0,44,20,20,zero,80
ippo,shock,2,87,0,6,12.0,12,0,0,0,zero,80
ippo,shock,2,87,1,6,10.0,10,0,6,6,zero,80
ippo,shock,2,87,2,6,30.0,0,30,20,20,zero,80
ippo,shock,2,88,0,6,18.0,18,0,1,1,zero,80
ippo,shock,2,88,1,6,12.0,12,0,0,0,zero,80
ippo,shock,2,88,2,6,10.0,0,10,3,3,zero,80
ippo,shock,2,89,0,6,13.0,13,0,9,9,zero,80
ippo,shock,2,89,1,6,18.0,18,0,0,0,zero,80
ippo,shock,2,89,2,6,10.0,10,0,3,3,zero,80
ippo,shock,2,90,0,6,16.0,16,0,9,9,zero,80
ippo,shock,2,90,1,6,29.0,29,0,0,0,zero,80
ippo,shock,2,90,2,6,30.0,30,0,0,0,zero,80
ippo,shock,2,91,0,5,11.0,11,0,9,9,zero,80
ippo,shock,2,91,1,5,40.0,40,0,0,0,zero,80
ippo,shock,2,91,2,5,50.0,50,0,0,0,zero,80
ippo,shock,2,92,0,6,6.0,6,0,1,1,zero,80
ippo,shock,2,92,1,6,59.0,59,0,0,0,zero,80
ippo,shock,2,92,2,6,53.0,53,0,0,0,zero,80
ippo,shock,2,93,0,6,9.0,9,0,1,1,zero,80
ippo,shock,2,93,1,6,68.0,68,0,0,0,zero,80
ippo,shock,2,93,2,6,56.0,56,0,0,0,zero,80
ippo,shock,2,94,0,5,13.0,13,0,9,9,zero,80
ippo,shock,2,94,1,5,59.0,59,0,0,0,zero,80
ippo,shock,2,94,2,5,56.0,56,0,0,0,zero,80
ippo,shock,2,95,0,6,16.0,16,0,9,9,zero,80
ippo,shock,2,95,1,6,50.0,50,0,0,0,zero,80
ippo,shock,2,95,2,6,56.0,56,0,0,0,zero,80
ippo,shock,2,96,0,6,11.0,11,0,9,9,zero,80
ippo,shock,2,96,1,6,41.0,41,0,1,1,zero,80
ippo,shock,2,96,2,6,55.0,55,0,0,0,zero,80
ippo,shock,2,97,0,6,6.0,6,0,1,1,zero,80
ippo,shock,2,97,1,6,40.0,40,0,12,12,zero,80
ippo,shock,2,97,2,6,43.0,43,0,0,0,zero,80
ippo,shock,2,98,0,4,11.0,11,0,1,1,zero,80
ippo,shock,2,98,1,4,39.0,39,0,0,0,zero,80
ippo,shock,2,98,2,4,43.0,43,0,0,0,zero,80
ippo,shock,2,99,0,4,16.0,16,0,1,1,zero,80
ippo,shock,2,99,1,4,38.0,38,0,0,0,zero,80
ippo,shock,2,99,2,4,43.0,43,0,0,0,zero,80
ippo,shock,2,100,0,5,20.0,20,0,1,1,zero,80
ippo,shock,2,100,1,5,38.0,38,0,0,0,zero,80
ippo,shock,2,100,2,5,43.0,43,0,0,0,zero,80
ippo,shock,2,101,0,5,16.0,16,0,9,9,zero,80
ippo,shock,2,101,1,5,41.0,41,0,0,0,zero,80
ippo,shock,2,101,2,5,43.0,43,0,0,0,zero,80
ippo,shock,2,102,0,6,11.0,11,0,9,9,zero,80
ippo,shock,2,102,1,6,32.0,32,0,0,0,zero,80
ippo,shock,2,102,2,6,43.0,43,0,0,0,zero,80
ippo,shock,2,103,0,4,8.0,8,0,9,9,zero,80
ippo,shock,2,103,1,4,23.0,23,0,1,1,zero,80
ippo,shock,2,103,2,4,42.0,42,0,0,0,zero,80
ippo,shock,2,104,0,4,5.0,5,0,0,0,zero,80
ippo,shock,2,104,1,4,23.0,23,0,18,18,zero,80
ippo,shock,2,104,2,4,24.0,24,0,0,0,zero,80
ippo,shock,2,105,0,4,10.0,10,0,0,0,zero,80
ippo,shock,2,105,1,4,23.0,23,0,6,6,zero,80
ippo,shock,2,105,2,4,18.0,18,0,1,1,zero,80
ippo,shock,2,106,0,4,15.0,15,0,0,0,zero,80
ippo,shock,2,106,1,4,23.0,23,0,0,0,zero,80
ippo,shock,2,106,2,4,18.0,18,0,1,1,zero,80
ippo,shock,2,107,0,4,20.0,20,0,1,1,zero,80
ippo,shock,2,107,1,4,23.0,23,0,0,0,zero,80
ippo,shock,2,107,2,4,18.0,18,0,1,1,zero,80
ippo,shock,2,108,0,4,16.0,16,0,9,9,zero,80
ippo,shock,2,108,1,4,32.0,32,0,0,0,zero,80
ippo,shock,2,108,2,4,18.0,18,0,0,0,zero,80
ippo,shock,2,109,0,4,12.0,12,0,9,9,zero,80
ippo,shock,2,109,1,4,29.0,29,0,0,0,zero,80
ippo,shock,2,109,2,4,19.0,19,0,0,0,zero,80
ippo,shock,2,110,0,4,8.0,8,0,1,1,zero,80
ippo,shock,2,110,1,4,28.0,28,0,0,0,zero,80
ippo,shock,2,110,2,4,20.0,20,0,0,0,zero,80
ippo,shock,2,111,0,4,5.0,5,0,0,0,zero,80
ippo,shock,2,111,1,4,28.0,28,0,0,0,zero,80
ippo,shock,2,111,2,4,21.0,21,0,0,0,zero,80
ippo,shock,2,112,0,4,10.0,10,0,0,0,zero,80
ippo,shock,2,112,1,4,28.0,28,0,0,0,zero,80
ippo,shock,2,112,2,4,21.0,21,0,0,0,zero,80
ippo,shock,2,113,0,4,15.0,15,0,9,9,zero,80
ippo,shock,2,113,1,4,19.0,19,0,0,0,zero,80
ippo,shock,2,113,2,4,21.0,21,0,0,0,zero,80
ippo,shock,2,114,0,4,12.0,12,0,1,1,zero,80
ippo,shock,2,114,1,4,18.0,18,0,0,0,zero,80
ippo,shock,2,114,2,4,21.0,21,0,0,0,zero,80
ippo,shock,2,115,0,4,8.0,8,0,1,1,zero,80
ippo,shock,2,115,1,4,17.0,17,0,0,0,zero,80
ippo,shock,2,115,2,4,21.0,21,0,0,0,zero,80
ippo,shock,2,116,0,3,5.0,5,0,9,9,zero,80
ippo,shock,2,116,1,3,8.0,8,0,0,0,zero,80
ippo,shock,2,116,2,3,21.0,21,0,0,0,zero,80
ippo,shock,2,117,0,4,10.0,10,0,0,0,zero,80
ippo,shock,2,117,1,4,8.0,8,0,12,12,zero,80
ippo,shock,2,117,2,4,9.0,9,0,0,0,zero,80
ippo,shock,2,118,0,6,5.0,5,0,1,1,zero,80
ippo,shock,2,118,1,6,7.0,7,0,6,6,zero,80
ippo,shock,2,118,2,6,3.0,3,0,1,1,zero,80
ippo,shock,2,119,0,8,2.0,0,2,9,9,zero,80
ippo,shock,2,119,1,8,2.0,0,2,0,0,zero,80
ippo,shock,2,119,2,8,3.0,3,0,12,12,zero,80
ippo,shock,2,120,0,6,1.0,1,0,9,9,zero,80
ippo,shock,2,120,1,6,11.0,0,11,8,8,zero,80
ippo,shock,2,120,2,6,5.0,0,5,12,12,zero,80
ippo,shock,2,121,0,6,5.0,0,5,17,17,zero,80
ippo,shock,2,121,1,6,16.0,0,16,17,17,zero,80
ippo,shock,2,121,2,6,22.0,0,22,20,20,zero,80
ippo,shock,2,122,0,8,12.0,0,12,9,9,zero,80
ippo,shock,2,122,1,8,19.0,0,19,18,18,zero,80
ippo,shock,2,122,2,8,39.0,0,39,20,20,zero,80
ippo,shock,2,123,0,6,11.0,0,11,5,5,zero,80
ippo,shock,2,123,1,6,24.0,0,24,18,18,zero,80
ippo,shock,2,123,2,6,45.0,0,45,20,20,zero,80
ippo,shock,2,124,0,6,17.0,0,17,9,9,zero,80
ippo,shock,2,124,1,6,30.0,0,30,18,18,zero,80
ippo,shock,2,124,2,6,51.0,0,51,20,20,zero,80
ippo,shock,2,125,0,6,11.0,0,11,19,19,zero,80
ippo,shock,2,125,1,6,49.0,0,49,18,18,zero,80
ippo,shock,2,125,2,6,49.0,0,49,20,20,zero,80
ippo,shock,2,126,0,6,11.0,0,11,19,19,zero,80
ippo,shock,2,126,1,6,67.0,0,67,18,18,zero,80
ippo,shock,2,126,2,6,47.0,0,47,20,20,zero,80
ippo,shock,2,127,0,6,17.0,0,17,19,19,zero,80
ippo,shock,2,127,1,6,74.0,0,74,18,18,zero,80
ippo,shock,2,127,2,6,45.0,0,45,20,20,zero,80
ippo,shock,2,128,0,8,22.0,0,22,19,19,zero,80
ippo,shock,2,128,1,8,81.0,0,81,18,18,zero,80
ippo,shock,2,128,2,8,43.0,0,43,20,20,zero,80
ippo,shock,2,129,0,8,30.0,0,30,19,19,zero,80
ippo,shock,2,129,1,8,80.0,0,80,18,18,zero,80
ippo,shock,2,129,2,8,41.0,0,41,20,20,zero,80
ippo,shock,2,130,0,8,37.0,0,37,19,19,zero,80
ippo,shock,2,130,1,8,79.0,0,79,18,18,zero,80
ippo,shock,2,130,2,8,39.0,0,39,20,20,zero,80
ippo,shock,2,131,0,6,31.0,0,31,7,7,zero,80
ippo,shock,2,131,1,6,66.0,0,66,18,18,zero,80
ippo,shock,2,131,2,6,37.0,0,37,20,20,zero,80
ippo,shock,2,132,0,6,25.0,0,25,0,0,zero,80
ippo,shock,2,132,1,6,46.0,0,46,0,0,zero,80
ippo,shock,2,132,2,6,17.0,0,17,20,20,zero,80
ippo,shock,2,133,0,6,11.0,0,11,0,0,zero,80
ippo,shock,2,133,1,6,26.0,0,26,0,0,zero,80
ippo,shock,2,133,2,6,3.0,3,0,3,3,zero,80
ippo,shock,2,134,0,5,4.0,4,0,0,0,zero,80
ippo,shock,2,134,1,5,6.0,0,6,0,0,zero,80
ippo,shock,2,134,2,5,23.0,23,0,3,3,zero,80
ippo,shock,2,135,0,6,18.0,18,0,0,0,zero,80
ippo,shock,2,135,1,6,14.0,14,0,0,0,zero,80
ippo,shock,2,135,2,6,43.0,43,0,0,0,zero,80
ippo,shock,2,136,0,5,33.0,33,0,0,0,zero,80
ippo,shock,2,136,1,5,34.0,34,0,0,0,zero,80
ippo,shock,2,136,2,5,63.0,63,0,0,0,zero,80
ippo,shock,2,137,0,6,47.0,47,0,0,0,zero,80
ippo,shock,2,137,1,6,51.0,51,0,0,0,zero,80
ippo,shock,2,137,2,6,66.0,66,0,0,0,zero,80
ippo,shock,2,138,0,5,62.0,62,0,0,0,zero,80
ippo,shock,2,138,1,5,51.0,51,0,0,0,zero,80
ippo,shock,2,138,2,5,69.0,69,0,0,0,zero,80
ippo,shock,2,139,0,5,63.0,63,0,0,0,zero,80
ippo,shock,2,139,1,5,51.0,51,0,0,0,zero,80
ippo,shock,2,139,2,5,69.0,69,0,0,0,zero,80
ippo,shock,2,140,0,5,58.0,58,0,0,0,zero,80
ippo,shock,2,140,1,5,51.0,51,0,0,0,zero,80
ippo,shock,2,140,2,5,69.0,69,0,0,0,zero,80
ippo,shock,2,141,0,5,53.0,53,0,0,0,zero,80
ippo,shock,2,141,1,5,51.0,51,0,0,0,zero,80
ippo,shock,2,141,2,5,69.0,69,0,0,0,zero,80
ippo,shock,2,142,0,4,49.0,49,0,0,0,zero,80
ippo,shock,2,142,1,4,51.0,51,0,0,0,zero,80
ippo,shock,2,142,2,4,69.0,69,0,0,0,zero,80
ippo,shock,2,143,0,4,45.0,45,0,0,0,zero,80
ippo,shock,2,143,1,4,51.0,51,0,0,0,zero,80
ippo,shock,2,143,2,4,69.0,69,0,0,0,zero,80
ippo,shock,2,144,0,4,41.0,41,0,0,0,zero,80
ippo,shock,2,144,1,4,51.0,51,0,0,0,zero,80
ippo,shock,2,144,2,4,69.0,69,0,0,0,zero,80
ippo,shock,2,145,0,4,37.0,37,0,15,15,zero,80
ippo,shock,2,145,1,4,36.0,36,0,0,0,zero,80
ippo,shock,2,145,2,4,69.0,69,0,0,0,zero,80
ippo,shock,2,146,0,4,33.0,33,0,0,0,zero,80
ippo,shock,2,146,1,4,36.0,36,0,0,0,zero,80
ippo,shock,2,146,2,4,69.0,69,0,0,0,zero,80
ippo,shock,2,147,0,4,29.0,29,0,0,0,zero,80
ippo,shock,2,147,1,4,36.0,36,0,0,0,zero,80
ippo,shock,2,147,2,4,69.0,69,0,0,0,zero,80
ippo,shock,2,148,0,3,26.0,26,0,0,0,zero,80
ippo,shock,2,148,1,3,36.0,36,0,0,0,zero,80
ippo,shock,2,148,2,3,69.0,69,0,0,0,zero,80
ippo,shock,2,149,0,3,38.0,38,0,0,0,zero,80
ippo,shock,2,149,1,3,36.0,36,0,0,0,zero,80
ippo,shock,2,149,2,3,69.0,69,0,0,0,zero,80
ippo,shock,2,150,0,3,35.0,35,0,0,0,zero,80
ippo,shock,2,150,1,3,36.0,36,0,0,0,zero,80
ippo,shock,2,150,2,3,69.0,69,0,0,0,zero,80
ippo,shock,2,151,0,3,32.0,32,0,0,0,zero,80
ippo,shock,2,151,1,3,36.0,36,0,0,0,zero,80
ippo,shock,2,151,2,3,69.0,69,0,0,0,zero,80
ippo,shock,2,152,0,3,29.0,29,0,0,0,zero,80
ippo,shock,2,152,1,3,36.0,36,0,0,0,zero,80
ippo,shock,2,152,2,3,69.0,69,0,0,0,zero,80
ippo,shock,2,153,0,3,26.0,26,0,0,0,zero,80
ippo,shock,2,153,1,3,36.0,36,0,0,0,zero,80
ippo,shock,2,153,2,3,69.0,69,0,0,0,zero,80
ippo,shock,2,154,0,4,22.0,22,0,6,6,zero,80
ippo,shock,2,154,1,4,30.0,30,0,0,0,zero,80
ippo,shock,2,154,2,4,69.0,69,0,0,0,zero,80
ippo,shock,2,155,0,4,18.0,18,0,6,6,zero,80
ippo,shock,2,155,1,4,24.0,24,0,0,0,zero,80
ippo,shock,2,155,2,4,69.0,69,0,0,0,zero,80
ippo,shock,2,156,0,4,14.0,14,0,0,0,zero,80
ippo,shock,2,156,1,4,24.0,24,0,0,0,zero,80
ippo,shock,2,156,2,4,69.0,69,0,0,0,zero,80
ippo,shock,2,157,0,4,10.0,10,0,1,1,zero,80
ippo,shock,2,157,1,4,23.0,23,0,0,0,zero,80
ippo,shock,2,157,2,4,69.0,69,0,0,0,zero,80
ippo,shock,2,158,0,5,11.0,11,0,1,1,zero,80
ippo,shock,2,158,1,5,22.0,22,0,0,0,zero,80
ippo,shock,2,158,2,5,69.0,69,0,0,0,zero,80
ippo,shock,2,159,0,4,13.0,13,0,9,9,zero,80
ippo,shock,2,159,1,4,13.0,13,0,0,0,zero,80
ippo,shock,2,159,2,4,69.0,69,0,0,0,zero,80
ippo,shock,2,160,0,5,8.0,8,0,5,5,zero,80
ippo,shock,2,160,1,5,8.0,8,0,0,0,zero,80
ippo,shock,2,160,2,5,69.0,69,0,0,0,zero,80
ippo,shock,2,161,0,4,5.0,5,0,1,1,zero,80
ippo,shock,2,161,1,4,7.0,7,0,18,18,zero,80
ippo,shock,2,161,2,4,51.0,51,0,0,0,zero,80
ippo,shock,2,162,0,4,2.0,2,0,9,9,zero,80
ippo,shock,2,162,1,4,2.0,0,2,6,6,zero,80
ippo,shock,2,162,2,4,45.0,45,0,1,1,zero,80
ippo,shock,2,163,0,5,6.0,6,0,0,0,zero,80
ippo,shock,2,163,1,5,2.0,0,2,17,17,zero,80
ippo,shock,2,163,2,5,28.0,28,0,0,0,zero,80
ippo,shock,2,164,0,5,6.0,6,0,9,9,zero,80
ippo,shock,2,164,1,5,11.0,0,11,4,4,zero,80
ippo,shock,2,164,2,5,24.0,24,0,1,1,zero,80
ippo,shock,2,165,0,5,2.0,2,0,9,9,zero,80
ippo,shock,2,165,1,5,2.0,0,2,4,4,zero,80
ippo,shock,2,165,2,5,20.0,20,0,1,1,zero,80
ippo,shock,2,166,0,5,4.0,4,0,9,9,zero,80
ippo,shock,2,166,1,5,5.0,0,5,14,14,zero,80
ippo,shock,2,166,2,5,7.0,7,0,12,12,zero,80
ippo,shock,2,167,0,6,2.0,0,2,1,1,zero,80
ippo,shock,2,167,1,6,11.0,11,0,14,14,zero,80
ippo,shock,2,167,2,6,7.0,0,7,20,20,zero,80
ippo,shock,2,168,0,5,7.0,0,7,0,0,zero,80
ippo,shock,2,168,1,5,15.0,15,0,4,4,zero,80
ippo,shock,2,168,2,5,10.0,0,10,20,20,zero,80
ippo,shock,2,169,0,6,5.0,5,0,0,0,zero,80
ippo,shock,2,169,1,6,19.0,19,0,0,0,zero,80
ippo,shock,2,169,2,6,9.0,0,9,3,3,zero,80
ippo,shock,2,170,0,6,5.0,5,0,9,9,zero,80
ippo,shock,2,170,1,6,24.0,24,0,0,0,zero,80
ippo,shock,2,170,2,6,3.0,3,0,0,0,zero,80
ippo,shock,2,171,0,6,5.0,5,0,9,9,zero,80
ippo,shock,2,171,1,6,22.0,22,0,0,0,zero,80
ippo,shock,2,171,2,6,23.0,23,0,0,0,zero,80
ippo,shock,2,172,0,6,1.0,0,1,9,9,zero,80
ippo,shock,2,172,1,6,14.0,14,0,0,0,zero,80
ippo,shock,2,172,2,6,43.0,43,0,0,0,zero,80
ippo,shock,2,173,0,5,6.0,0,6,1,1,zero,80
ippo,shock,2,173,1,5,14.0,14,0,14,14,zero,80
ippo,shock,2,173,2,5,32.0,32,0,0,0,zero,80
ippo,shock,2,174,0,6,3.0,0,3,1,1,zero,80
ippo,shock,2,174,1,6,22.0,22,0,4,4,zero,80
ippo,shock,2,174,2,6,28.0,28,0,3,3,zero,80
ippo,shock,2,175,0,6,-0.0,0,0,9,9,zero,80
ippo,shock,2,175,1,6,13.0,13,0,0,0,zero,80
ippo,shock,2,175,2,6,28.0,28,0,1,1,zero,80
ippo,shock,2,176,0,5,4.0,4,0,9,9,zero,80
ippo,shock,2,176,1,5,4.0,4,0,8,8,zero,80
ippo,shock,2,176,2,5,20.0,20,0,0,0,zero,80
ippo,shock,2,177,0,5,-0.0,0,0,1,1,zero,80
ippo,shock,2,177,1,5,17.0,17,0,14,14,zero,80
ippo,shock,2,177,2,5,6.0,6,0,1,1,zero,80
ippo,shock,2,178,0,5,4.0,0,4,9,9,zero,80
ippo,shock,2,178,1,5,12.0,12,0,4,4,zero,80
ippo,shock,2,178,2,5,5.0,5,0,19,19,zero,80
ippo,shock,2,179,0,5,-0.0,0,0,1,1,zero,80
ippo,shock,2,179,1,5,11.0,11,0,8,8,zero,80
ippo,shock,2,179,2,5,2.0,0,2,12,12,zero,80
ippo,shock,2,180,0,4,5.0,5,0,9,9,zero,80
ippo,shock,2,180,1,4,10.0,10,0,0,0,zero,80
ippo,shock,2,180,2,4,2.0,0,2,20,20,zero,80
ippo,shock,2,181,0,5,1.0,1,0,0,0,zero,80
ippo,shock,2,181,1,5,24.0,24,0,4,4,zero,80
ippo,shock,2,181,2,5,5.0,0,5,3,3,zero,80
ippo,shock,2,182,0,5,5.0,5,0,1,1,zero,80
ippo,shock,2,182,1,5,27.0,27,0,0,0,zero,80
ippo,shock,2,182,2,5,14.0,14,0,0,0,zero,80
ippo,shock,2,183,0,6,-0.0,0,0,9,9,zero,80
ippo,shock,2,183,1,6,24.0,24,0,0,0,zero,80
ippo,shock,2,183,2,6,26.0,26,0,0,0,zero,80
ippo,shock,2,184,0,5,4.0,4,0,9,9,zero,80
ippo,shock,2,184,1,5,15.0,15,0,0,0,zero,80
ippo,shock,2,184,2,5,46.0,46,0,0,0,zero,80
ippo,shock,2,185,0,5,1.0,0,1,9,9,zero,80
ippo,shock,2,185,1,5,7.0,7,0,12,12,zero,80
ippo,shock,2,185,2,5,37.0,37,0,0,0,zero,80
ippo,shock,2,186,0,4,4.0,0,4,0,0,zero,80
ippo,shock,2,186,1,4,12.0,12,0,18,18,zero,80
ippo,shock,2,186,2,4,19.0,19,0,1,1,zero,80
ippo,shock,2,187,0,4,1.0,1,0,0,0,zero,80
ippo,shock,2,187,1,4,12.0,12,0,2,2,zero,80
ippo,shock,2,187,2,4,17.0,17,0,12,12,zero,80
ippo,shock,2,188,0,4,6.0,6,0,9,9,zero,80
ippo,shock,2,188,1,4,3.0,3,0,0,0,zero,80
ippo,shock,2,188,2,4,17.0,17,0,3,3,zero,80
ippo,shock,2,189,0,5,10.0,10,0,1,1,zero,80
ippo,shock,2,189,1,5,14.0,14,0,0,0,zero,80
ippo,shock,2,189,2,5,17.0,17,0,0,0,zero,80
ippo,shock,2,190,0,5,5.0,5,0,9,9,zero,80
ippo,shock,2,190,1,5,23.0,23,0,0,0,zero,80
ippo,shock,2,190,2,5,18.0,18,0,0,0,zero,80
ippo,shock,2,191,0,5,-0.0,0,0,1,1,zero,80
ippo,shock,2,191,1,5,24.0,24,0,4,4,zero,80
ippo,shock,2,191,2,5,26.0,26,0,0,0,zero,80
ippo,shock,2,192,0,5,4.0,4,0,1,1,zero,80
ippo,shock,2,192,1,5,23.0,23,0,0,0,zero,80
ippo,shock,2,192,2,5,29.0,29,0,0,0,zero,80
ippo,shock,2,193,0,5,-0.0,0,0,9,9,zero,80
ippo,shock,2,193,1,5,14.0,14,0,0,0,zero,80
ippo,shock,2,193,2,5,29.0,29,0,0,0,zero,80
ippo,shock,2,194,0,5,4.0,4,0,9,9,zero,80
ippo,shock,2,194,1,5,5.0,5,0,8,8,zero,80
ippo,shock,2,194,2,5,21.0,21,0,0,0,zero,80
ippo,shock,2,195,0,4,1.0,1,0,1,1,zero,80
ippo,shock,2,195,1,4,8.0,8,0,17,17,zero,80
ippo,shock,2,195,2,4,4.0,4,0,1,1,zero,80
ippo,shock,2,196,0,5,3.0,0,3,1,1,zero,80
ippo,shock,2,196,1,5,7.0,7,0,8,8,zero,80
ippo,shock,2,196,2,5,4.0,0,4,12,12,zero,80
ippo,shock,2,197,0,6,-0.0,0,0,9,9,zero,80
ippo,shock,2,197,1,6,2.0,0,2,0,0,zero,80
ippo,shock,2,197,2,6,4.0,0,4,20,20,zero,80
ippo,shock,2,198,0,5,4.0,4,0,9,9,zero,80
ippo,shock,2,198,1,5,3.0,0,3,0,0,zero,80
ippo,shock,2,198,2,5,4.0,0,4,3,3,zero,80
ippo,shock,2,199,0,5,-0.0,0,0,9,9,zero,80
ippo,shock,2,199,1,5,5.0,5,0,14,14,zero,80
ippo,shock,2,199,2,5,17.0,0,17,0,0,zero,80
ippo,shock,2,200,0,4,3.0,0,3,0,0,zero,80
ippo,shock,2,200,1,4,9.0,9,0,16,16,zero,80
ippo,shock,2,200,2,4,21.0,0,21,3,3,zero,80
ippo,shock,3,1,0,10,10.0,10,0,5,5,zero,
ippo,shock,3,1,1,10,15.0,15,0,18,18,zero,
ippo,shock,3,1,2,10,2.0,2,0,0,0,zero,
ippo,shock,3,2,0,9,11.0,11,0,17,17,zero,
ippo,shock,3,2,1,9,8.0,8,0,4,4,zero,
ippo,shock,3,2,2,9,8.0,8,0,20,20,zero,
ippo,shock,3,3,0,9,12.0,12,0,5,5,zero,
ippo,shock,3,3,1,9,13.0,13,0,16,16,zero,
ippo,shock,3,3,2,9,2.0,2,0,8,8,zero,
ippo,shock,3,4,0,8,14.0,14,0,1,1,zero,
ippo,shock,3,4,1,8,22.0,22,0,14,14,zero,
ippo,shock,3,4,2,8,2.0,0,2,20,20,zero,
ippo,shock,3,5,0,8,11.0,11,0,9,9,zero,
ippo,shock,3,5,1,8,31.0,31,0,4,4,zero,
ippo,shock,3,5,2,8,6.0,0,6,20,20,zero,
ippo,shock,3,6,0,8,20.0,20,0,9,9,zero,
ippo,shock,3,6,1,8,26.0,26,0,4,4,zero,
ippo,shock,3,6,2,8,10.0,10,0,3,3,zero,
ippo,shock,3,7,0,9,16.0,16,0,9,9,zero,
ippo,shock,3,7,1,9,33.0,33,0,4,4,zero,
ippo,shock,3,7,2,9,14.0,14,0,3,3,zero,
ippo,shock,3,8,0,8,9.0,9,0,9,9,zero,
ippo,shock,3,8,1,8,36.0,36,0,4,4,zero,
ippo,shock,3,8,2,8,30.0,30,0,0,0,zero,
ippo,shock,3,9,0,8,10.0,10,0,5,5,zero,
ippo,shock,3,9,1,8,31.0,31,0,12,12,zero,
ippo,shock,3,9,2,8,38.0,38,0,0,0,zero,
ippo,shock,3,10,0,7,12.0,12,0,9,9,zero,
ippo,shock,3,10,1,7,32.0,32,0,0,0,zero,
ippo,shock,3,10,2,7,41.0,41,0,3,3,zero,
ippo,shock,3,11,0,6,15.0,15,0,1,1,zero,
ippo,shock,3,11,1,6,35.0,35,0,6,6,zero,
ippo,shock,3,11,2,6,38.0,38,0,1,1,zero,
ippo,shock,3,12,0,5,19.0,19,0,1,1,zero,
ippo,shock,3,12,1,5,38.0,38,0,0,0,zero,
ippo,shock,3,12,2,5,38.0,38,0,1,1,zero,
ippo,shock,3,13,0,5,19.0,19,0,1,1,zero,
ippo,shock,3,13,1,5,49.0,49,0,0,0,zero,
ippo,shock,3,13,2,5,38.0,38,0,0,0,zero,
ippo,shock,3,14,0,5,23.0,23,0,1,1,zero,
ippo,shock,3,14,1,5,48.0,48,0,0,0,zero,
ippo,shock,3,14,2,5,41.0,41,0,0,0,zero,
ippo,shock,3,15,0,6,18.0,18,0,9,9,zero,
ippo,shock,3,15,1,6,45.0,45,0,0,0,zero,
ippo,shock,3,15,2,6,42.0,42,0,0,0,zero,
ippo,shock,3,16,0,6,13.0,13,0,9,9,zero,
ippo,shock,3,16,1,6,36.0,36,0,0,0,zero,
ippo,shock,3,16,2,6,43.0,43,0,0,0,zero,
ippo,shock,3,17,0,7,7.0,7,0,9,9,zero,
ippo,shock,3,17,1,7,27.0,27,0,1,1,zero,
ippo,shock,3,17,2,7,42.0,42,0,0,0,zero,
ippo,shock,3,18,0,6,2.0,2,0,1,1,zero,
ippo,shock,3,18,1,6,26.0,26,0,12,12,zero,
ippo,shock,3,18,2,6,30.0,30,0,0,0,zero,
ippo,shock,3,19,0,6,5.0,5,0,9,9,zero,
ippo,shock,3,19,1,6,17.0,17,0,6,6,zero,
ippo,shock,3,19,2,6,24.0,24,0,1,1,zero,
ippo,shock,3,20,0,7,7.0,7,0,1,1,zero,
ippo,shock,3,20,1,7,16.0,16,0,12,12,zero,
ippo,shock,3,20,2,7,12.0,12,0,1,1,zero,
ippo,shock,3,21,0,6,10.0,10,0,9,9,zero,
ippo,shock,3,21,1,6,8.0,8,0,0,0,zero,
ippo,shock,3,21,2,6,12.0,12,0,19,19,zero,
ippo,shock,3,22,0,6,5.0,5,0,9,9,zero,
ippo,shock,3,22,1,6,11.0,11,0,2,2,zero,
ippo,shock,3,22,2,6,10.0,10,0,3,3,zero,
ippo,shock,3,23,0,6,8.0,8,0,1,1,zero,
ippo,shock,3,23,1,6,16.0,16,0,17,17,zero,
ippo,shock,3,23,2,6,6.0,0,6,1,1,zero,
ippo,shock,3,24,0,6,3.0,3,0,9,9,zero,
ippo,shock,3,24,1,6,19.0,19,0,4,4,zero,
ippo,shock,3,24,2,6,9.0,0,9,20,20,zero,
ippo,shock,3,25,0,6,6.0,6,0,9,9,zero,
ippo,shock,3,25,1,6,10.0,10,0,14,14,zero,
ippo,shock,3,25,2,6,4.0,0,4,20,20,zero,
ippo,shock,3,26,0,6,9.0,9,0,1,1,zero,
ippo,shock,3,26,1,6,11.0,11,0,14,14,zero,
ippo,shock,3,26,2,6,15.0,0,15,20,20,zero,
ippo,shock,3,27,0,6,4.0,4,0,9,9,zero,
ippo,shock,3,27,1,6,13.0,13,0,4,4,zero,
ippo,shock,3,27,2,6,18.0,0,18,20,20,zero,
ippo,shock,3,28,0,6,7.0,7,0,9,9,zero,
ippo,shock,3,28,1,6,5.0,5,0,14,14,zero,
ippo,shock,3,28,2,6,12.0,0,12,3,3,zero,
ippo,shock,3,29,0,7,9.0,9,0,0,0,zero,
ippo,shock,3,29,1,7,24.0,24,0,4,4,zero,
ippo,shock,3,29,2,7,4.0,4,0,3,3,zero,
ippo,shock,3,30,0,7,3.0,3,0,9,9,zero,
ippo,shock,3,30,1,7,18.0,18,0,0,0,zero,
ippo,shock,3,30,2,7,24.0,24,0,3,3,zero,
ippo,shock,3,31,0,7,5.0,5,0,9,9,zero,
ippo,shock,3,31,1,7,10.0,10,0,0,0,zero,
ippo,shock,3,31,2,7,44.0,44,0,0,0,zero,
ippo,shock,3,32,0,7,7.0,7,0,9,9,zero,
ippo,shock,3,32,1,7,21.0,21,0,0,0,zero,
ippo,shock,3,32,2,7,47.0,47,0,0,0,zero,
ippo,shock,3,33,0,6,1.0,1,0,9,9,zero,
ippo,shock,3,33,1,6,28.0,28,0,14,14,zero,
ippo,shock,3,33,2,6,36.0,36,0,0,0,zero,
ippo,shock,3,34,0,7,3.0,3,0,0,0,zero,
ippo,shock,3,34,1,7,28.0,28,0,14,14,zero,
ippo,shock,3,34,2,7,25.0,25,0,1,1,zero,
ippo,shock,3,35,0,7,5.0,5,0,9,9,zero,
ippo,shock,3,35,1,7,19.0,19,0,0,0,zero,
ippo,shock,3,35,2,7,25.0,25,0,12,12,zero,
ippo,shock,3,36,0,7,7.0,7,0,9,9,zero,
ippo,shock,3,36,1,7,10.0,10,0,0,0,zero,
ippo,shock,3,36,2,7,25.0,25,0,3,3,zero,
ippo,shock,3,37,0,6,10.0,10,0,9,9,zero,
ippo,shock,3,37,1,6,15.0,15,0,8,8,zero,
ippo,shock,3,37,2,6,17.0,17,0,0,0,zero,
ippo,shock,3,38,0,6,4.0,4,0,1,1,zero,
ippo,shock,3,38,1,6,28.0,28,0,14,14,zero,
ippo,shock,3,38,2,6,4.0,4,0,1,1,zero,
ippo,shock,3,39,0,6,7.0,7,0,9,9,zero,
ippo,shock,3,39,1,6,19.0,19,0,0,0,zero,
ippo,shock,3,39,2,6,16.0,16,0,19,19,zero,
ippo,shock,3,40,0,6,10.0,10,0,1,1,zero,
ippo,shock,3,40,1,6,18.0,18,0,8,8,zero,
ippo,shock,3,40,2,6,11.0,11,0,12,12,zero,
ippo,shock,3,41,0,5,14.0,14,0,9,9,zero,
ippo,shock,3,41,1,5,17.0,17,0,0,0,zero,
ippo,shock,3,41,2,5,11.0,11,0,20,20,zero,
ippo,shock,3,42,0,6,9.0,9,0,1,1,zero,
ippo,shock,3,42,1,6,30.0,30,0,4,4,zero,
ippo,shock,3,42,2,6,8.0,8,0,0,0,zero,
ippo,shock,3,43,0,7,11.0,11,0,9,9,zero,
ippo,shock,3,43,1,7,21.0,21,0,0,0,zero,
ippo,shock,3,43,2,7,27.0,27,0,0,0,zero,
ippo,shock,3,44,0,7,5.0,5,0,9,9,zero,
ippo,shock,3,44,1,7,20.0,20,0,5,5,zero,
ippo,shock,3,44,2,7,34.0,34,0,0,0,zero,
ippo,shock,3,45,0,8,6.0,6,0,9,9,zero,
ippo,shock,3,45,1,8,11.0,11,0,12,12,zero,
ippo,shock,3,45,2,8,42.0,42,0,0,0,zero,
ippo,shock,3,46,0,7,-0.0,0,0,9,9,zero,
ippo,shock,3,46,1,7,6.0,6,0,18,18,zero,
ippo,shock,3,46,2,7,24.0,24,0,1,1,zero,
ippo,shock,3,47,0,6,3.0,3,0,1,1,zero,
ippo,shock,3,47,1,6,5.0,5,0,18,18,zero,
ippo,shock,3,47,2,6,6.0,6,0,12,12,zero,
ippo,shock,3,48,0,6,6.0,6,0,9,9,zero,
ippo,shock,3,48,1,6,1.0,1,0,2,2,zero,
ippo,shock,3,48,2,6,4.0,4,0,20,20,zero,
ippo,shock,3,49,0,6,9.0,9,0,1,1,zero,
ippo,shock,3,49,1,6,12.0,12,0,2,2,zero,
ippo,shock,3,49,2,6,2.0,2,0,3,3,zero,
ippo,shock,3,50,0,4,14.0,14,0,9,9,zero,
ippo,shock,3,50,1,4,21.0,21,0,0,0,zero,
ippo,shock,3,50,2,4,3.0,3,0,3,3,zero,
ippo,shock,3,51,0,5,10.0,10,0,1,1,zero,
ippo,shock,3,51,1,5,38.0,38,0,0,0,zero,
ippo,shock,3,51,2,5,15.0,15,0,0,0,zero,
ippo,shock,3,52,0,5,14.0,14,0,1,1,zero,
ippo,shock,3,52,1,5,39.0,39,0,0,0,zero,
ippo,shock,3,52,2,5,35.0,35,0,0,0,zero,
ippo,shock,3,53,0,4,11.0,11,0,9,9,zero,
ippo,shock,3,53,1,4,32.0,32,0,0,0,zero,
ippo,shock,3,53,2,4,38.0,38,0,0,0,zero,
ippo,shock,3,54,0,4,16.0,16,0,1,1,zero,
ippo,shock,3,54,1,4,31.0,31,0,0,0,zero,
ippo,shock,3,54,2,4,41.0,41,0,0,0,zero,
ippo,shock,3,55,0,5,12.0,12,0,1,1,zero,
ippo,shock,3,55,1,5,30.0,30,0,0,0,zero,
ippo,shock,3,55,2,5,41.0,41,0,0,0,zero,
ippo,shock,3,56,0,5,8.0,8,0,9,9,zero,
ippo,shock,3,56,1,5,21.0,21,0,0,0,zero,
ippo,shock,3,56,2,5,41.0,41,0,0,0,zero,
ippo,shock,3,57,0,4,13.0,13,0,1,1,zero,
ippo,shock,3,57,1,4,20.0,20,0,0,0,zero,
ippo,shock,3,57,2,4,41.0,41,0,0,0,zero,
ippo,shock,3,58,0,4,10.0,10,0,1,1,zero,
ippo,shock,3,58,1,4,19.0,19,0,0,0,zero,
ippo,shock,3,58,2,4,41.0,41,0,0,0,zero,
ippo,shock,3,59,0,4,7.0,7,0,1,1,zero,
ippo,shock,3,59,1,4,18.0,18,0,0,0,zero,
ippo,shock,3,59,2,4,41.0,41,0,0,0,zero,
ippo,shock,3,60,0,4,12.0,12,0,9,9,zero,
ippo,shock,3,60,1,4,9.0,9,0,0,0,zero,
ippo,shock,3,60,2,4,41.0,41,0,0,0,zero,
ippo,shock,3,61,0,4,9.0,9,0,1,1,zero,
ippo,shock,3,61,1,4,8.0,8,0,12,12,zero,
ippo,shock,3,61,2,4,29.0,29,0,0,0,zero,
ippo,shock,3,62,0,3,7.0,7,0,1,1,zero,
ippo,shock,3,62,1,3,7.0,7,0,6,6,zero,
ippo,shock,3,62,2,3,23.0,23,0,1,1,zero,
ippo,shock,3,63,0,4,4.0,4,0,0,0,zero,
ippo,shock,3,63,1,4,7.0,7,0,0,0,zero,
ippo,shock,3,63,2,4,23.0,23,0,1,1,zero,
ippo,shock,3,64,0,3,10.0,10,0,1,1,zero,
ippo,shock,3,64,1,3,6.0,6,0,0,0,zero,
ippo,shock,3,64,2,3,23.0,23,0,0,0,zero,
ippo,shock,3,65,0,3,8.0,8,0,9,9,zero,
ippo,shock,3,65,1,3,9.0,9,0,0,0,zero,
ippo,shock,3,65,2,3,23.0,23,0,0,0,zero,
ippo,shock,3,66,0,3,6.0,6,0,1,1,zero,
ippo,shock,3,66,1,3,14.0,14,0,0,0,zero,
ippo,shock,3,66,2,3,24.0,24,0,0,0,zero,
ippo,shock,3,67,0,4,2.0,2,0,0,0,zero,
ippo,shock,3,67,1,4,14.0,14,0,0,0,zero,
ippo,shock,3,67,2,4,25.0,25,0,0,0,zero,
ippo,shock,3,68,0,4,1.0,0,1,9,9,zero,
ippo,shock,3,68,1,4,5.0,5,0,0,0,zero,
ippo,shock,3,68,2,4,25.0,25,0,0,0,zero,
ippo,shock,3,69,0,4,4.0,4,0,9,9,zero,
ippo,shock,3,69,1,4,4.0,0,4,17,17,zero,
ippo,shock,3,69,2,4,8.0,8,0,0,0,zero,
ippo,shock,3,70,0,4,1.0,1,0,1,1,zero,
ippo,shock,3,70,1,4,5.0,0,5,17,17,zero,
ippo,shock,3,70,2,4,9.0,0,9,1,1,zero,
ippo,shock,3,71,0,4,3.0,0,3,9,9,zero,
ippo,shock,3,71,1,4,14.0,0,14,8,8,zero,
ippo,shock,3,71,2,4,17.0,0,17,12,12,zero,
ippo,shock,3,72,0,4,2.0,2,0,9,9,zero,
ippo,shock,3,72,1,4,23.0,0,23,17,17,zero,
ippo,shock,3,72,2,4,34.0,0,34,20,20,zero,
ippo,shock,3,73,0,5,2.0,2,0,9,9,zero,
ippo,shock,3,73,1,5,15.0,0,15,17,17,zero,
ippo,shock,3,73,2,5,51.0,0,51,20,20,zero,
ippo,shock,3,74,0,5,3.0,0,3,9,9,zero,
ippo,shock,3,74,1,5,16.0,0,16,17,17,zero,
ippo,shock,3,74,2,5,67.0,0,67,20,20,zero,
ippo,shock,3,75,0,5,8.0,0,8,0,0,zero,
ippo,shock,3,75,1,5,16.0,0,16,18,18,zero,
ippo,shock,3,75,2,5,73.0,0,73,20,20,zero,
ippo,shock,3,76,0,5,13.0,0,13,9,9,zero,
ippo,shock,3,76,1,5,25.0,0,25,8,8,zero,
ippo,shock,3,76,2,5,61.0,0,61,20,20,zero,
ippo,shock,3,77,0,4,-0.0,0,0,9,9,zero,
ippo,shock,3,77,1,4,34.0,0,34,17,17,zero,
ippo,shock,3,77,2,4,58.0,0,58,20,20,zero,
ippo,shock,3,78,0,5,3.0,3,0,9,9,zero,
ippo,shock,3,78,1,5,42.0,0,42,8,8,zero,
ippo,shock,3,78,2,5,46.0,0,46,20,20,zero,
ippo,shock,3,79,0,5,2.0,0,2,17,17,zero,
ippo,shock,3,79,1,5,47.0,0,47,0,0,zero,
ippo,shock,3,79,2,5,26.0,0,26,20,20,zero,
ippo,shock,3,80,0,5,7.0,0,7,9,9,zero,
ippo,shock,3,80,1,5,36.0,0,36,0,0,zero,
ippo,shock,3,80,2,5,6.0,0,6,3,3,zero,
ippo,shock,3,81,0,5,12.0,0,12,1,1,zero,
ippo,shock,3,81,1,5,17.0,0,17,0,0,zero,
ippo,shock,3,81,2,5,14.0,14,0,0,0,zero,
ippo,shock,3,82,0,5,16.0,0,16,0,0,zero,
ippo,shock,3,82,1,5,3.0,3,0,0,0,zero,
ippo,shock,3,82,2,5,34.0,34,0,0,0,zero,
ippo,shock,3,83,0,8,12.0,0,12,0,0,zero,
ippo,shock,3,83,1,8,23.0,23,0,0,0,zero,
ippo,shock,3,83,2,8,54.0,54,0,0,0,zero,
ippo,shock,3,84,0,8,-0.0,0,0,0,0,zero,
ippo,shock,3,84,1,8,43.0,43,0,0,0,zero,
ippo,shock,3,84,2,8,57.0,57,0,0,0,zero,
ippo,shock,3,85,0,8,12.0,12,0,9,9,zero,85
ippo,shock,3,85,1,8,40.0,40,0,0,0,zero,85
ippo,shock,3,85,2,8,57.0,57,0,0,0,zero,85
ippo,shock,3,86,0,6,23.0,23,0,9,9,zero,85
ippo,shock,3,86,1,6,31.0,31,0,0,0,zero,85
ippo,shock,3,86,2,6,57.0,57,0,0,0,zero,85
ippo,shock,3,87,0,8,15.0,15,0,9,9,zero,85
ippo,shock,3,87,1,8,22.0,22,0,14,14,zero,85
ippo,shock,3,87,2,8,43.0,43,0,0,0,zero,85
ippo,shock,3,88,0,8,7.0,7,0,9,9,zero,85
ippo,shock,3,88,1,8,13.0,13,0,14,14,zero,85
ippo,shock,3,88,2,8,29.0,29,0,1,1,zero,85
ippo,shock,3,89,0,8,8.0,8,0,5,5,zero,85
ippo,shock,3,89,1,8,8.0,8,0,12,12,zero,85
ippo,shock,3,89,2,8,17.0,17,0,1,1,zero,85
ippo,shock,3,90,0,6,11.0,11,0,9,9,zero,85
ippo,shock,3,90,1,6,1.0,0,1,6,6,zero,85
ippo,shock,3,90,2,6,11.0,11,0,19,19,zero,85
ippo,shock,3,91,0,8,12.0,12,0,1,1,zero,85
ippo,shock,3,91,1,8,12.0,12,0,14,14,zero,85
ippo,shock,3,91,2,8,3.0,0,3,12,12,zero,85
ippo,shock,3,92,0,8,13.0,13,0,9,9,zero,85
ippo,shock,3,92,1,8,17.0,17,0,0,0,zero,85
ippo,shock,3,92,2,8,2.0,0,2,20,20,zero,85
ippo,shock,3,93,0,6,12.0,12,0,9,9,zero,85
ippo,shock,3,93,1,6,20.0,20,0,4,4,zero,85
ippo,shock,3,93,2,6,5.0,0,5,3,3,zero,85
ippo,shock,3,94,0,6,14.0,14,0,9,9,zero,85
ippo,shock,3,94,1,6,17.0,17,0,14,14,zero,85
ippo,shock,3,94,2,6,-0.0,0,0,3,3,zero,85
ippo,shock,3,95,0,8,8.0,8,0,1,1,zero,85
ippo,shock,3,95,1,8,27.0,27,0,14,14,zero,85
ippo,shock,3,95,2,8,2.0,0,2,3,3,zero,85
ippo,shock,3,96,0,8,9.0,9,0,9,9,zero,85
ippo,shock,3,96,1,8,19.0,19,0,0,0,zero,85
ippo,shock,3,96,2,8,18.0,18,0,20,20,zero,85
ippo,shock,3,97,0,8,10.0,10,0,9,9,zero,85
ippo,shock,3,97,1,8,11.0,11,0,0,0,zero,85
ippo,shock,3,97,2,8,21.0,21,0,12,12,zero,85
ippo,shock,3,98,0,9,10.0,10,0,9,9,zero,85
ippo,shock,3,98,1,9,21.0,21,0,4,4,zero,85
ippo,shock,3,98,2,9,20.0,20,0,3,3,zero,85
ippo,shock,3,99,0,11,-0.0,0,0,9,9,zero,85
ippo,shock,3,99,1,11,24.0,24,0,14,14,zero,85
ippo,shock,3,99,2,11,9.0,9,0,0,0,zero,85
ippo,shock,3,100,0,9,-0.0,0,0,9,9,zero,85
ippo,shock,3,100,1,9,17.0,17,0,14,14,zero,85
ippo,shock,3,100,2,9,15.0,15,0,3,3,zero,85
ippo,shock,3,101,0,8,1.0,1,0,9,9,zero,85
ippo,shock,3,101,1,8,8.0,8,0,12,12,zero,85
ippo,shock,3,101,2,8,15.0,15,0,12,12,zero,85
ippo,shock,3,102,0,8,2.0,2,0,9,9,zero,85
ippo,shock,3,102,1,8,3.0,3,0,12,12,zero,85
ippo,shock,3,102,2,8,6.0,6,0,20,20,zero,85
ippo,shock,3,103,0,2,9.0,9,0,9,9,zero,85
ippo,shock,3,103,1,2,8.0,8,0,14,14,zero,85
ippo,shock,3,103,2,2,8.0,0,8,20,20,zero,85
ippo,shock,3,104,0,2,16.0,16,0,0,0,zero,85
ippo,shock,3,104,1,2,22.0,22,0,14,14,zero,85
ippo,shock,3,104,2,2,19.0,0,19,20,20,zero,85
ippo,shock,3,105,0,2,23.0,23,0,0,0,zero,85
ippo,shock,3,105,1,2,34.0,34,0,4,4,zero,85
ippo,shock,3,105,2,2,11.0,0,11,20,20,zero,85
ippo,shock,3,106,0,3,29.0,29,0,0,0,zero,85
ippo,shock,3,106,1,3,46.0,46,0,0,0,zero,85
ippo,shock,3,106,2,3,9.0,9,0,3,3,zero,85
ippo,shock,3,107,0,3,35.0,35,0,0,0,zero,85
ippo,shock,3,107,1,3,52.0,52,0,0,0,zero,85
ippo,shock,3,107,2,3,29.0,29,0,3,3,zero,85
ippo,shock,3,108,0,3,32.0,32,0,0,0,zero,85
ippo,shock,3,108,1,3,55.0,55,0,0,0,zero,85
ippo,shock,3,108,2,3,49.0,49,0,0,0,zero,85
ippo,shock,3,109,0,3,29.0,29,0,0,0,zero,85
ippo,shock,3,109,1,3,67.0,67,0,0,0,zero,85
ippo,shock,3,109,2,3,69.0,69,0,0,0,zero,85
ippo,shock,3,110,0,3,26.0,26,0,0,0,zero,85
ippo,shock,3,110,1,3,78.0,78,0,0,0,zero,85
ippo,shock,3,110,2,3,72.0,72,0,0,0,zero,85
ippo,shock,3,111,0,3,23.0,23,0,1,1,zero,85
ippo,shock,3,111,1,3,77.0,77,0,0,0,zero,85
ippo,shock,3,111,2,3,75.0,75,0,0,0,zero,85
ippo,shock,3,112,0,3,20.0,20,0,6,6,zero,85
ippo,shock,3,112,1,3,71.0,71,0,0,0,zero,85
ippo,shock,3,112,2,3,75.0,75,0,0,0,zero,85
ippo,shock,3,113,0,3,17.0,17,0,0,0,zero,85
ippo,shock,3,113,1,3,71.0,71,0,0,0,zero,85
ippo,shock,3,113,2,3,75.0,75,0,0,0,zero,85
ippo,shock,3,114,0,4,13.0,13,0,0,0,zero,85
ippo,shock,3,114,1,4,71.0,71,0,0,0,zero,85
ippo,shock,3,114,2,4,75.0,75,0,0,0,zero,85
ippo,shock,3,115,0,4,10.0,10,0,6,6,zero,85
ippo,shock,3,115,1,4,65.0,65,0,0,0,zero,85
ippo,shock,3,115,2,4,75.0,75,0,0,0,zero,85
ippo,shock,3,116,0,4,12.0,12,0,5,5,zero,85
ippo,shock,3,116,1,4,60.0,60,0,0,0,zero,85
ippo,shock,3,116,2,4,75.0,75,0,0,0,zero,85
ippo,shock,3,117,0,4,8.0,8,0,1,1,zero,85
ippo,shock,3,117,1,4,59.0,59,0,0,0,zero,85
ippo,shock,3,117,2,4,75.0,75,0,0,0,zero,85
ippo,shock,3,118,0,3,5.0,5,0,1,1,zero,85
ippo,shock,3,118,1,3,58.0,58,0,0,0,zero,85
ippo,shock,3,118,2,3,75.0,75,0,0,0,zero,85
ippo,shock,3,119,0,4,7.0,7,0,1,1,zero,85
ippo,shock,3,119,1,4,57.0,57,0,0,0,zero,85
ippo,shock,3,119,2,4,75.0,75,0,0,0,zero,85
ippo,shock,3,120,0,4,8.0,8,0,9,9,zero,85
ippo,shock,3,120,1,4,48.0,48,0,0,0,zero,85
ippo,shock,3,120,2,4,75.0,75,0,0,0,zero,85
ippo,shock,3,121,0,4,5.0,5,0,5,5,zero,85
ippo,shock,3,121,1,4,43.0,43,0,0,0,zero,85
ippo,shock,3,121,2,4,75.0,75,0,0,0,zero,85
ippo,shock,3,122,0,4,2.0,2,0,1,1,zero,85
ippo,shock,3,122,1,4,42.0,42,0,0,0,zero,85
ippo,shock,3,122,2,4,75.0,75,0,0,0,zero,85
ippo,shock,3,123,0,4,1.0,0,1,9,9,zero,85
ippo,shock,3,123,1,4,33.0,33,0,0,0,zero,85
ippo,shock,3,123,2,4,75.0,75,0,0,0,zero,85
ippo,shock,3,124,0,4,4.0,4,0,0,0,zero,85
ippo,shock,3,124,1,4,33.0,33,0,0,0,zero,85
ippo,shock,3,124,2,4,75.0,75,0,0,0,zero,85
ippo,shock,3,125,0,3,6.0,6,0,1,1,zero,85
ippo,shock,3,125,1,3,32.0,32,0,0,0,zero,85
ippo,shock,3,125,2,3,75.0,75,0,0,0,zero,85
ippo,shock,3,126,0,4,3.0,3,0,1,1,zero,85
ippo,shock,3,126,1,4,31.0,31,0,0,0,zero,85
ippo,shock,3,126,2,4,75.0,75,0,0,0,zero,85
ippo,shock,3,127,0,4,8.0,8,0,9,9,zero,85
ippo,shock,3,127,1,4,22.0,22,0,0,0,zero,85
ippo,shock,3,127,2,4,75.0,75,0,0,0,zero,85
ippo,shock,3,128,0,4,4.0,4,0,1,1,zero,85
ippo,shock,3,128,1,4,21.0,21,0,0,0,zero,85
ippo,shock,3,128,2,4,75.0,75,0,0,0,zero,85
ippo,shock,3,129,0,4,1.0,1,0,1,1,zero,85
ippo,shock,3,129,1,4,20.0,20,0,0,0,zero,85
ippo,shock,3,129,2,4,75.0,75,0,0,0,zero,85
ippo,shock,3,130,0,4,2.0,0,2,9,9,zero,85
ippo,shock,3,130,1,4,11.0,11,0,0,0,zero,85
ippo,shock,3,130,2,4,75.0,75,0,0,0,zero,85
ippo,shock,3,131,0,4,3.0,3,0,9,9,zero,85
ippo,shock,3,131,1,4,2.0,2,0,12,12,zero,85
ippo,shock,3,131,2,4,63.0,63,0,0,0,zero,85
ippo,shock,3,132,0,4,-0.0,0,0,0,0,zero,85
ippo,shock,3,132,1,4,2.0,2,0,18,18,zero,85
ippo,shock,3,132,2,4,45.0,45,0,0,0,zero,85
ippo,shock,3,133,0,4,3.0,0,3,0,0,zero,85
ippo,shock,3,133,1,4,2.0,2,0,2,2,zero,85
ippo,shock,3,133,2,4,43.0,43,0,1,1,zero,85
ippo,shock,3,134,0,4,2.0,2,0,9,9,zero,85
ippo,shock,3,134,1,4,7.0,0,7,0,0,zero,85
ippo,shock,3,134,2,4,43.0,43,0,0,0,zero,85
ippo,shock,3,135,0,4,7.0,7,0,9,9,zero,85
ippo,shock,3,135,1,4,4.0,0,4,0,0,zero,85
ippo,shock,3,135,2,4,43.0,43,0,0,0,zero,85
ippo,shock,3,136,0,4,3.0,3,0,1,1,zero,85
ippo,shock,3,136,1,4,13.0,13,0,14,14,zero,85
ippo,shock,3,136,2,4,29.0,29,0,0,0,zero,85
ippo,shock,3,137,0,4,1.0,0,1,0,0,zero,85
ippo,shock,3,137,1,4,15.0,15,0,4,4,zero,85
ippo,shock,3,137,2,4,26.0,26,0,1,1,zero,85
ippo,shock,3,138,0,4,3.0,0,3,9,9,zero,85
ippo,shock,3,138,1,4,6.0,6,0,0,0,zero,85
ippo,shock,3,138,2,4,26.0,26,0,1,1,zero,85
ippo,shock,3,139,0,4,5.0,5,0,1,1,zero,85
ippo,shock,3,139,1,4,5.0,5,0,4,4,zero,85
ippo,shock,3,139,2,4,22.0,22,0,0,0,zero,85
ippo,shock,3,140,0,4,6.0,6,0,1,1,zero,85
ippo,shock,3,140,1,4,18.0,18,0,0,0,zero,85
ippo,shock,3,140,2,4,22.0,22,0,1,1,zero,85
ippo,shock,3,141,0,4,2.0,2,0,9,9,zero,85
ippo,shock,3,141,1,4,13.0,13,0,0,0,zero,85
ippo,shock,3,141,2,4,23.0,23,0,0,0,zero,85
ippo,shock,3,142,0,4,7.0,7,0,1,1,zero,85
ippo,shock,3,142,1,4,12.0,12,0,4,4,zero,85
ippo,shock,3,142,2,4,20.0,20,0,0,0,zero,85
ippo,shock,3,143,0,7,1.0,1,0,1,1,zero,85
ippo,shock,3,143,1,7,15.0,15,0,4,4,zero,85
ippo,shock,3,143,2,7,16.0,16,0,1,1,zero,85
ippo,shock,3,144,0,7,5.0,0,5,9,9,zero,85
ippo,shock,3,144,1,7,6.0,6,0,0,0,zero,85
ippo,shock,3,144,2,7,17.0,17,0,1,1,zero,85
ippo,shock,3,145,0,8,4.0,0,4,9,9,zero,85
ippo,shock,3,145,1,8,3.0,0,3,8,8,zero,85
ippo,shock,3,145,2,8,9.0,9,0,1,1,zero,85
ippo,shock,3,146,0,6,9.0,0,9,9,9,zero,85
ippo,shock,3,146,1,6,8.0,0,8,17,17,zero,85
ippo,shock,3,146,2,6,8.0,0,8,12,12,zero,85
ippo,shock,3,147,0,6,14.0,0,14,17,17,zero,85
ippo,shock,3,147,1,6,21.0,0,21,18,18,zero,85
ippo,shock,3,147,2,6,25.0,0,25,20,20,zero,85
ippo,shock,3,148,0,6,11.0,0,11,9,9,zero,85
ippo,shock,3,148,1,6,30.0,0,30,18,18,zero,85
ippo,shock,3,148,2,6,42.0,0,42,20,20,zero,85
ippo,shock,3,149,0,6,11.0,0,11,19,19,zero,85
ippo,shock,3,149,1,6,41.0,0,41,18,18,zero,85
ippo,shock,3,149,2,6,59.0,0,59,20,20,zero,85
ippo,shock,3,150,0,6,13.0,0,13,19,19,zero,85
ippo,shock,3,150,1,6,51.0,0,51,18,18,zero,85
ippo,shock,3,150,2,6,65.0,0,65,20,20,zero,85
ippo,shock,3,151,0,6,15.0,0,15,7,7,zero,85
ippo,shock,3,151,1,6,57.0,0,57,18,18,zero,85
ippo,shock,3,151,2,6,63.0,0,63,20,20,zero,85
ippo,shock,3,152,0,6,21.0,0,21,19,19,zero,85
ippo,shock,3,152,1,6,75.0,0,75,18,18,zero,85
ippo,shock,3,152,2,6,61.0,0,61,20,20,zero,85
ippo,shock,3,153,0,6,19.0,0,19,19,19,zero,85
ippo,shock,3,153,1,6,93.0,0,93,18,18,zero,85
ippo,shock,3,153,2,6,59.0,0,59,20,20,zero,85
ippo,shock,3,154,0,6,16.0,0,16,19,19,zero,85
ippo,shock,3,154,1,6,100.0,0,100,18,18,zero,85
ippo,shock,3,154,2,6,57.0,0,57,20,20,zero,85
ippo,shock,3,155,0,7,22.0,0,22,19,19,zero,85
ippo,shock,3,155,1,7,99.0,0,99,18,18,zero,85
ippo,shock,3,155,2,7,55.0,0,55,20,20,zero,85
ippo,shock,3,156,0,7,28.0,0,28,7,7,zero,85
ippo,shock,3,156,1,7,86.0,0,86,18,18,zero,85
ippo,shock,3,156,2,7,53.0,0,53,20,20,zero,85
ippo,shock,3,157,0,9,36.0,0,36,1,1,zero,85
ippo,shock,3,157,1,9,67.0,0,67,0,0,zero,85
ippo,shock,3,157,2,9,33.0,0,33,20,20,zero,85
ippo,shock,3,158,0,8,32.0,0,32,0,0,zero,85
ippo,shock,3,158,1,8,47.0,0,47,0,0,zero,85
ippo,shock,3,158,2,8,13.0,0,13,3,3,zero,85
ippo,shock,3,159,0,8,20.0,0,20,0,0,zero,85
ippo,shock,3,159,1,8,27.0,0,27,0,0,zero,85
ippo,shock,3,159,2,8,7.0,7,0,3,3,zero,85
ippo,shock,3,160,0,8,8.0,0,8,0,0,zero,85
ippo,shock,3,160,1,8,7.0,0,7,0,0,zero,85
ippo,shock,3,160,2,8,27.0,27,0,0,0,zero,85
ippo,shock,3,161,0,7,5.0,5,0,0,0,zero,85
ippo,shock,3,161,1,7,13.0,13,0,0,0,zero,85
ippo,shock,3,161,2,7,47.0,47,0,0,0,zero,85
ippo,shock,3,162,0,8,17.0,17,0,0,0,zero,85
ippo,shock,3,162,1,8,33.0,33,0,0,0,zero,85
ippo,shock,3,162,2,8,50.0,50,0,0,0,zero,85
ippo,shock,3,163,0,8,29.0,29,0,0,0,zero,85
ippo,shock,3,163,1,8,46.0,46,0,0,0,zero,85
ippo,shock,3,163,2,8,53.0,53,0,0,0,zero,85
ippo,shock,3,164,0,8,41.0,41,0,1,1,zero,85
ippo,shock,3,164,1,8,45.0,45,0,0,0,zero,85
ippo,shock,3,164,2,8,53.0,53,0,0,0,zero,85
ippo,shock,3,165,0,8,40.0,40,0,9,9,zero,85
ippo,shock,3,165,1,8,36.0,36,0,0,0,zero,85
ippo,shock,3,165,2,8,53.0,53,0,0,0,zero,85
ippo,shock,3,166,0,9,31.0,31,0,18,18,zero,85
ippo,shock,3,166,1,9,18.0,18,0,0,0,zero,85
ippo,shock,3,166,2,9,53.0,53,0,0,0,zero,85
ippo,shock,3,167,0,11,20.0,20,0,9,9,zero,85
ippo,shock,3,167,1,11,9.0,9,0,18,18,zero,85
ippo,shock,3,167,2,11,35.0,35,0,0,0,zero,85
ippo,shock,3,168,0,12,9.0,9,0,9,9,zero,85
ippo,shock,3,168,1,12,-0.0,0,0,18,18,zero,85
ippo,shock,3,168,2,12,17.0,17,0,1,1,zero,85
ippo,shock,3,169,0,13,5.0,5,0,17,17,zero,85
ippo,shock,3,169,1,13,17.0,0,17,18,18,zero,85
ippo,shock,3,169,2,13,1.0,0,1,1,1,zero,85
ippo,shock,3,170,0,12,11.0,11,0,17,17,zero,85
ippo,shock,3,170,1,12,34.0,0,34,18,18,zero,85
ippo,shock,3,170,2,12,19.0,0,19,18,18,zero,85
ippo,shock,3,171,0,10,10.0,10,0,19,19,zero,85
ippo,shock,3,171,1,10,35.0,0,35,18,18,zero,85
ippo,shock,3,171,2,10,37.0,0,37,20,20,zero,85
ippo,shock,3,172,0,9,10.0,10,0,9,9,zero,85
ippo,shock,3,172,1,9,26.0,0,26,18,18,zero,85
ippo,shock,3,172,2,9,54.0,0,54,20,20,zero,85
ippo,shock,3,173,0,8,2.0,2,0,1,1,zero,85
ippo,shock,3,173,1,8,10.0,0,10,18,18,zero,85
ippo,shock,3,173,2,8,71.0,0,71,20,20,zero,85
ippo,shock,3,174,0,9,7.0,0,7,0,0,zero,85
ippo,shock,3,174,1,9,10.0,0,10,18,18,zero,85
ippo,shock,3,174,2,9,71.0,0,71,20,20,zero,85
ippo,shock,3,175,0,8,3.0,3,0,0,0,zero,85
ippo,shock,3,175,1,8,10.0,0,10,0,0,zero,85
ippo,shock,3,175,2,8,51.0,0,51,20,20,zero,85
ippo,shock,3,176,0,8,13.0,13,0,9,9,zero,85
ippo,shock,3,176,1,8,18.0,0,18,0,0,zero,85
ippo,shock,3,176,2,8,31.0,0,31,20,20,zero,85
ippo,shock,3,177,0,8,22.0,22,0,9,9,zero,85
ippo,shock,3,177,1,8,26.0,0,26,0,0,zero,85
ippo,shock,3,177,2,8,11.0,0,11,3,3,zero,85
ippo,shock,3,178,0,8,14.0,14,0,9,9,zero,85
ippo,shock,3,178,1,8,17.0,0,17,0,0,zero,85
ippo,shock,3,178,2,8,9.0,9,0,0,0,zero,85
ippo,shock,3,179,0,8,6.0,6,0,9,9,zero,85
ippo,shock,3,179,1,8,6.0,0,6,0,0,zero,85
ippo,shock,3,179,2,8,29.0,29,0,0,0,zero,85
ippo,shock,3,180,0,8,1.0,0,1,5,5,zero,85
ippo,shock,3,180,1,8,9.0,9,0,0,0,zero,85
ippo,shock,3,180,2,8,49.0,49,0,0,0,zero,85
ippo,shock,3,181,0,7,7.0,0,7,0,0,zero,85
ippo,shock,3,181,1,7,29.0,29,0,0,0,zero,85
ippo,shock,3,181,2,7,52.0,52,0,0,0,zero,85
ippo,shock,3,182,0,7,4.0,4,0,0,0,zero,85
ippo,shock,3,182,1,7,40.0,40,0,0,0,zero,85
ippo,shock,3,182,2,7,52.0,52,0,0,0,zero,85
ippo,shock,3,183,0,6,18.0,18,0,9,9,zero,85
ippo,shock,3,183,1,6,31.0,31,0,0,0,zero,85
ippo,shock,3,183,2,6,52.0,52,0,0,0,zero,85
ippo,shock,3,184,0,6,23.0,23,0,1,1,zero,85
ippo,shock,3,184,1,6,30.0,30,0,0,0,zero,85
ippo,shock,3,184,2,6,52.0,52,0,0,0,zero,85
ippo,shock,3,185,0,7,16.0,16,0,9,9,zero,85
ippo,shock,3,185,1,7,21.0,21,0,0,0,zero,85
ippo,shock,3,185,2,7,52.0,52,0,0,0,zero,85
ippo,shock,3,186,0,7,9.0,9,0,9,9,zero,85
ippo,shock,3,186,1,7,12.0,12,0,1,1,zero,85
ippo,shock,3,186,2,7,51.0,51,0,0,0,zero,85
ippo,shock,3,187,0,6,12.0,12,0,9,9,zero,85
ippo,shock,3,187,1,6,3.0,3,0,18,18,zero,85
ippo,shock,3,187,2,6,33.0,33,0,0,0,zero,85
ippo,shock,3,188,0,7,6.0,6,0,1,1,zero,85
ippo,shock,3,188,1,7,2.0,2,0,18,18,zero,85
ippo,shock,3,188,2,7,15.0,15,0,1,1,zero,85
ippo,shock,3,189,0,7,8.0,8,0,9,9,zero,85
ippo,shock,3,189,1,7,7.0,0,7,8,8,zero,85
ippo,shock,3,189,2,7,7.0,7,0,1,1,zero,85
ippo,shock,3,190,0,6,11.0,11,0,9,9,zero,85
ippo,shock,3,190,1,6,15.0,0,15,12,12,zero,85
ippo,shock,3,190,2,6,5.0,0,5,18,18,zero,85
ippo,shock,3,191,0,6,14.0,14,0,9,9,zero,85
ippo,shock,3,191,1,6,6.0,0,6,4,4,zero,85
ippo,shock,3,191,2,6,9.0,0,9,20,20,zero,85
ippo,shock,3,192,0,6,9.0,9,0,9,9,zero,85
ippo,shock,3,192,1,6,3.0,3,0,14,14,zero,85
ippo,shock,3,192,2,6,22.0,0,22,3,3,zero,85
ippo,shock,3,193,0,6,5.0,5,0,1,1,zero,85
ippo,shock,3,193,1,6,10.0,10,0,16,16,zero,85
ippo,shock,3,193,2,6,37.0,0,37,12,12,zero,85
ippo,shock,3,194,0,6,-0.0,0,0,0,0,zero,85
ippo,shock,3,194,1,6,17.0,17,0,14,14,zero,85
ippo,shock,3,194,2,6,33.0,0,33,20,20,zero,85
ippo,shock,3,195,0,7,11.0,11,0,1,1,zero,85
ippo,shock,3,195,1,7,16.0,16,0,4,4,zero,85
ippo,shock,3,195,2,7,17.0,0,17,20,20,zero,85
ippo,shock,3,196,0,6,20.0,20,0,9,9,zero,85
ippo,shock,3,196,1,6,8.0,8,0,0,0,zero,85
ippo,shock,3,196,2,6,14.0,0,14,3,3,zero,85
ippo,shock,3,197,0,6,15.0,15,0,9,9,zero,85
ippo,shock,3,197,1,6,-0.0,0,0,0,0,zero,85
ippo,shock,3,197,2,6,2.0,0,2,0,0,zero,85
ippo,shock,3,198,0,5,10.0,10,0,9,9,zero,85
ippo,shock,3,198,1,5,9.0,9,0,0,0,zero,85
ippo,shock,3,198,2,5,18.0,18,0,0,0,zero,85
ippo,shock,3,199,0,5,6.0,6,0,1,1,zero,85
ippo,shock,3,199,1,5,28.0,28,0,4,4,zero,85
ippo,shock,3,199,2,5,34.0,34,0,0,0,zero,85
ippo,shock,3,200,0,5,10.0,10,0,0,0,zero,85
ippo,shock,3,200,1,5,31.0,31,0,0,0,zero,85
ippo,shock,3,200,2,5,37.0,37,0,0,0,zero,85
online_feedback,base,0,1,0,10,10.0,10,0,16,16,zero,
online_feedback,base,0,1,1,10,4.0,4,0,8,8,zero,
online_feedback,base,0,1,2,10,12.0,12,0,0,0,zero,
online_feedback,base,0,2,0,8,12.0,12,0,10,10,zero,
online_feedback,base,0,2,1,8,4.0,4,0,17,17,zero,
online_feedback,base,0,2,2,8,5.0,5,0,2,2,zero,
online_feedback,base,0,3,0,8,14.0,14,0,0,0,zero,
online_feedback,base,0,3,1,8,14.0,14,0,8,8,zero,
online_feedback,base,0,3,2,8,7.0,7,0,19,19,zero,
online_feedback,base,0,4,0,7,17.0,17,0,6,6,zero,
online_feedback,base,0,4,1,7,18.0,18,0,0,0,zero,
online_feedback,base,0,4,2,7,17.0,17,0,20,20,zero,
online_feedback,base,0,5,0,7,26.0,26,0,6,6,zero,
online_feedback,base,0,5,1,7,20.0,20,0,1,1,zero,
online_feedback,base,0,5,2,7,16.0,16,0,3,3,zero,
online_feedback,base,0,6,0,7,29.0,29,0,0,0,zero,
online_feedback,base,0,6,1,7,37.0,37,0,1,1,zero,
online_feedback,base,0,6,2,7,17.0,17,0,0,0,zero,
online_feedback,base,0,7,0,7,22.0,22,0,0,0,zero,
online_feedback,base,0,7,1,7,45.0,45,0,1,1,zero,
online_feedback,base,0,7,2,7,35.0,35,0,0,0,zero,
online_feedback,base,0,8,0,7,21.0,21,0,11,11,zero,
online_feedback,base,0,8,1,7,34.0,34,0,0,0,zero,
online_feedback,base,0,8,2,7,55.0,55,0,0,0,zero,
online_feedback,base,0,9,0,7,20.0,20,0,11,11,zero,
online_feedback,base,0,9,1,7,24.0,24,0,4,4,zero,
online_feedback,base,0,9,2,7,54.0,54,0,0,0,zero,
online_feedback,base,0,10,0,7,13.0,13,0,0,0,zero,
online_feedback,base,0,10,1,7,25.0,25,0,17,17,zero,
online_feedback,base,0,10,2,7,37.0,37,0,0,0,zero,
online_feedback,base,0,11,0,6,7.0,7,0,0,0,zero,
online_feedback,base,0,11,1,6,26.0,26,0,0,0,zero,
online_feedback,base,0,11,2,6,37.0,37,0,2,2,zero,
online_feedback,base,0,12,0,5,13.0,13,0,6,6,zero,
online_feedback,base,0,12,1,5,20.0,20,0,0,0,zero,
online_feedback,base,0,12,2,5,37.0,37,0,0,0,zero,
online_feedback,base,0,13,0,5,19.0,19,0,0,0,zero,
online_feedback,base,0,13,1,5,24.0,24,0,0,0,zero,
online_feedback,base,0,13,2,5,37.0,37,0,0,0,zero,
online_feedback,base,0,14,0,5,14.0,14,0,0,0,zero,
online_feedback,base,0,14,1,5,41.0,41,0,0,0,zero,
online_feedback,base,0,14,2,5,37.0,37,0,0,0,zero,
online_feedback,base,0,15,0,4,10.0,10,0,11,11,zero,
online_feedback,base,0,15,1,4,30.0,30,0,0,0,zero,
online_feedback,base,0,15,2,4,39.0,39,0,0,0,zero,
online_feedback,base,0,16,0,4,12.0,12,0,0,0,zero,
online_feedback,base,0,16,1,4,30.0,30,0,7,7,zero,
online_feedback,base,0,16,2,4,32.0,32,0,0,0,zero,
online_feedback,base,0,17,0,4,8.0,8,0,0,0,zero,
online_feedback,base,0,17,1,4,30.0,30,0,0,0,zero,
online_feedback,base,0,17,2,4,32.0,32,0,0,0,zero,
online_feedback,base,0,18,0,4,4.0,4,0,0,0,zero,
online_feedback,base,0,18,1,4,30.0,30,0,0,0,zero,
online_feedback,base,0,18,2,4,32.0,32,0,0,0,zero,
online_feedback,base,0,19,0,4,11.0,11,0,4,4,zero,
online_feedback,base,0,19,1,4,26.0,26,0,0,0,zero,
online_feedback,base,0,19,2,4,32.0,32,0,0,0,zero,
online_feedback,base,0,20,0,5,6.0,6,0,11,11,zero,
online_feedback,base,0,20,1,5,22.0,22,0,0,0,zero,
online_feedback,base,0,20,2,5,32.0,32,0,0,0,zero,
online_feedback,base,0,21,0,5,1.0,1,0,12,12,zero,
online_feedback,base,0,21,1,5,10.0,10,0,16,16,zero,
online_feedback,base,0,21,2,5,16.0,16,0,0,0,zero,
online_feedback,base,0,22,0,6,5.0,0,5,1,1,zero,
online_feedback,base,0,22,1,6,9.0,9,0,16,16,zero,
online_feedback,base,0,22,2,6,-0.0,0,0,2,2,zero,
online_feedback,base,0,23,0,5,6.0,0,6,2,2,zero,
online_feedback,base,0,23,1,5,7.0,7,0,0,0,zero,
online_feedback,base,0,23,2,5,-0.0,0,0,19,19,zero,
online_feedback,base,0,24,0,5,-0.0,0,0,4,4,zero,
online_feedback,base,0,24,1,5,3.0,3,0,0,0,zero,
online_feedback,base,0,24,2,5,-0.0,0,0,16,16,zero,
online_feedback,base,0,25,0,5,7.0,7,0,4,4,zero,
online_feedback,base,0,25,1,5,15.0,15,0,0,0,zero,
online_feedback,base,0,25,2,5,-0.0,0,0,0,0,zero,
online_feedback,base,0,26,0,5,3.0,3,0,12,12,zero,
online_feedback,base,0,26,1,5,19.0,19,0,0,0,zero,
online_feedback,base,0,26,2,5,2.0,2,0,0,0,zero,
online_feedback,base,0,27,0,5,-0.0,0,0,2,2,zero,
online_feedback,base,0,27,1,5,17.0,17,0,17,17,zero,
online_feedback,base,0,27,2,5,4.0,4,0,0,0,zero,
online_feedback,base,0,28,0,5,1.0,0,1,2,2,zero,
online_feedback,base,0,28,1,5,15.0,15,0,0,0,zero,
online_feedback,base,0,28,2,5,20.0,20,0,16,16,zero,
online_feedback,base,0,29,0,5,2.0,0,2,4,4,zero,
online_feedback,base,0,29,1,5,11.0,11,0,0,0,zero,
online_feedback,base,0,29,2,5,20.0,20,0,0,0,zero,
online_feedback,base,0,30,0,5,5.0,5,0,4,4,zero,
online_feedback,base,0,30,1,5,7.0,7,0,0,0,zero,
online_feedback,base,0,30,2,5,20.0,20,0,0,0,zero,
online_feedback,base,0,31,0,5,2.0,2,0,12,12,zero,
online_feedback,base,0,31,1,5,12.0,12,0,8,8,zero,
online_feedback,base,0,31,2,5,12.0,12,0,0,0,zero,
online_feedback,base,0,32,0,5,1.0,0,1,4,4,zero,
online_feedback,base,0,32,1,5,8.0,8,0,17,17,zero,
online_feedback,base,0,32,2,5,11.0,11,0,0,0,zero,
online_feedback,base,0,33,0,5,2.0,0,2,2,2,zero,
online_feedback,base,0,33,1,5,6.0,6,0,0,0,zero,
online_feedback,base,0,33,2,5,11.0,11,0,19,19,zero,
online_feedback,base,0,34,0,5,3.0,0,3,4,4,zero,
online_feedback,base,0,34,1,5,2.0,2,0,0,0,zero,
online_feedback,base,0,34,2,5,11.0,11,0,0,0,zero,
online_feedback,base,0,35,0,5,4.0,4,0,4,4,zero,
online_feedback,base,0,35,1,5,6.0,6,0,0,0,zero,
online_feedback,base,0,35,2,5,11.0,11,0,0,0,zero,
online_feedback,base,0,36,0,4,4.0,4,0,12,12,zero,
online_feedback,base,0,36,1,4,11.0,11,0,0,0,zero,
online_feedback,base,0,36,2,4,11.0,11,0,0,0,zero,
online_feedback,base,0,37,0,5,1.0,1,0,1,1,zero,
online_feedback,base,0,37,1,5,10.0,10,0,17,17,zero,
online_feedback,base,0,37,2,5,13.0,13,0,0,0,zero,
online_feedback,base,0,38,0,4,1.0,1,0,2,2,zero,
online_feedback,base,0,38,1,4,8.0,8,0,0,0,zero,
online_feedback,base,0,38,2,4,13.0,13,0,19,19,zero,
online_feedback,base,0,39,0,4,1.0,1,0,4,4,zero,
online_feedback,base,0,39,1,4,4.0,4,0,0,0,zero,
online_feedback,base,0,39,2,4,13.0,13,0,0,0,zero,
online_feedback,base,0,40,0,4,9.0,9,0,4,4,zero,
online_feedback,base,0,40,1,4,-0.0,0,0,8,8,zero,
online_feedback,base,0,40,2,4,5.0,5,0,0,0,zero,
online_feedback,base,0,41,0,4,6.0,6,0,0,0,zero,
online_feedback,base,0,41,1,4,17.0,17,0,8,8,zero,
online_feedback,base,0,41,2,4,3.0,0,3,0,0,zero,
online_feedback,base,0,42,0,3,5.0,5,0,6,6,zero,
online_feedback,base,0,42,1,3,11.0,11,0,0,0,zero,
online_feedback,base,0,42,2,3,16.0,16,0,19,19,zero,
online_feedback,base,0,43,0,4,5.0,5,0,6,6,zero,
online_feedback,base,0,43,1,4,5.0,5,0,7,7,zero,
online_feedback,base,0,43,2,4,9.0,9,0,0,0,zero,
online_feedback,base,0,44,0,4,5.0,5,0,0,0,zero,
online_feedback,base,0,44,1,4,13.0,13,0,8,8,zero,
online_feedback,base,0,44,2,4,1.0,1,0,0,0,zero,
online_feedback,base,0,45,0,4,1.0,1,0,0,0,zero,
online_feedback,base,0,45,1,4,18.0,18,0,0,0,zero,
online_feedback,base,0,45,2,4,1.0,1,0,2,2,zero,
online_feedback,base,0,46,0,5,2.0,2,0,6,6,zero,
online_feedback,base,0,46,1,5,15.0,15,0,0,0,zero,
online_feedback,base,0,46,2,5,20.0,20,0,0,0,zero,
online_feedback,base,0,47,0,6,2.0,2,0,10,10,zero,
online_feedback,base,0,47,1,6,12.0,12,0,0,0,zero,
online_feedback,base,0,47,2,6,20.0,20,0,0,0,zero,
online_feedback,base,0,48,0,6,4.0,0,4,12,12,zero,
online_feedback,base,0,48,1,6,8.0,8,0,16,16,zero,
online_feedback,base,0,48,2,6,4.0,4,0,0,0,zero,
online_feedback,base,0,49,0,5,9.0,0,9,2,2,zero,
online_feedback,base,0,49,1,5,6.0,6,0,16,16,zero,
online_feedback,base,0,49,2,5,10.0,0,10,19,19,zero,
online_feedback,base,0,50,0,6,9.0,0,9,4,4,zero,
online_feedback,base,0,50,1,6,2.0,2,0,0,0,zero,
online_feedback,base,0,50,2,6,10.0,0,10,20,20,zero,
online_feedback,base,0,51,0,5,4.0,0,4,6,6,zero,
online_feedback,base,0,51,1,5,4.0,0,4,8,8,zero,
online_feedback,base,0,51,2,5,18.0,0,18,4,4,zero,
online_feedback,base,0,52,0,6,2.0,2,0,6,6,zero,
online_feedback,base,0,52,1,6,6.0,6,0,11,11,zero,
online_feedback,base,0,52,2,6,29.0,0,29,18,18,zero,
online_feedback,base,0,53,0,5,1.0,0,1,10,10,zero,
online_feedback,base,0,53,1,5,2.0,2,0,11,11,zero,
online_feedback,base,0,53,2,5,21.0,0,21,0,0,zero,
online_feedback,base,0,54,0,5,2.0,0,2,2,2,zero,
online_feedback,base,0,54,1,5,-0.0,0,0,0,0,zero,
online_feedback,base,0,54,2,5,1.0,0,1,19,19,zero,
online_feedback,base,0,55,0,6,6.0,0,6,4,4,zero,
online_feedback,base,0,55,1,6,4.0,0,4,0,0,zero,
online_feedback,base,0,55,2,6,3.0,3,0,4,4,zero,
online_feedback,base,0,56,0,5,1.0,0,1,6,6,zero,
online_feedback,base,0,56,1,5,10.0,0,10,0,0,zero,
online_feedback,base,0,56,2,5,21.0,21,0,0,0,zero,
online_feedback,base,0,57,0,5,4.0,4,0,6,6,zero,
online_feedback,base,0,57,1,5,3.0,3,0,8,8,zero,
online_feedback,base,0,57,2,5,13.0,13,0,0,0,zero,
online_feedback,base,0,58,0,5,1.0,1,0,6,6,zero,
online_feedback,base,0,58,1,5,17.0,17,0,11,11,zero,
online_feedback,base,0,58,2,5,21.0,21,0,0,0,zero,
online_feedback,base,0,59,0,5,4.0,0,4,2,2,zero,
online_feedback,base,0,59,1,5,16.0,16,0,0,0,zero,
online_feedback,base,0,59,2,5,25.0,25,0,19,19,zero,
online_feedback,base,0,60,0,5,9.0,0,9,4,4,zero,
online_feedback,base,0,60,1,5,12.0,12,0,0,0,zero,
online_feedback,base,0,60,2,5,25.0,25,0,0,0,zero,
online_feedback,base,0,61,0,4,3.0,3,0,4,4,zero,
online_feedback,base,0,61,1,4,16.0,16,0,1,1,zero,
online_feedback,base,0,61,2,4,24.0,24,0,0,0,zero,
online_feedback,base,0,62,0,4,5.0,5,0,1,1,zero,
online_feedback,base,0,62,1,4,26.0,26,0,1,1,zero,
online_feedback,base,0,62,2,4,23.0,23,0,0,0,zero,
online_feedback,base,0,63,0,4,3.0,3,0,6,6,zero,
online_feedback,base,0,63,1,4,20.0,20,0,0,0,zero,
online_feedback,base,0,63,2,4,42.0,42,0,0,0,zero,
online_feedback,base,0,64,0,4,3.0,3,0,10,10,zero,
online_feedback,base,0,64,1,4,10.0,10,0,7,7,zero,
online_feedback,base,0,64,2,4,35.0,35,0,0,0,zero,
online_feedback,base,0,65,0,4,3.0,3,0,1,1,zero,
online_feedback,base,0,65,1,4,10.0,10,0,17,17,zero,
online_feedback,base,0,65,2,4,18.0,18,0,0,0,zero,
online_feedback,base,0,66,0,5,1.0,0,1,0,0,zero,
online_feedback,base,0,66,1,5,11.0,11,0,0,0,zero,
online_feedback,base,0,66,2,5,18.0,18,0,16,16,zero,
online_feedback,base,0,67,0,5,-0.0,0,0,4,4,zero,
online_feedback,base,0,67,1,5,7.0,7,0,0,0,zero,
online_feedback,base,0,67,2,5,18.0,18,0,0,0,zero,
online_feedback,base,0,68,0,5,5.0,5,0,6,6,zero,
online_feedback,base,0,68,1,5,8.0,8,0,0,0,zero,
online_feedback,base,0,68,2,5,18.0,18,0,0,0,zero,
online_feedback,base,0,69,0,5,1.0,1,0,12,12,zero,
online_feedback,base,0,69,1,5,13.0,13,0,8,8,zero,
online_feedback,base,0,69,2,5,10.0,10,0,0,0,zero,
online_feedback,base,0,70,0,5,4.0,0,4,2,2,zero,
online_feedback,base,0,70,1,5,11.0,11,0,17,17,zero,
online_feedback,base,0,70,2,5,9.0,9,0,0,0,zero,
online_feedback,base,0,71,0,4,4.0,0,4,2,2,zero,
online_feedback,base,0,71,1,4,9.0,9,0,0,0,zero,
online_feedback,base,0,71,2,4,9.0,9,0,19,19,zero,
online_feedback,base,0,72,0,4,2.0,0,2,4,4,zero,
online_feedback,base,0,72,1,4,5.0,5,0,0,0,zero,
online_feedback,base,0,72,2,4,9.0,9,0,2,2,zero,
online_feedback,base,0,73,0,4,6.0,6,0,2,2,zero,
online_feedback,base,0,73,1,4,11.0,11,0,0,0,zero,
online_feedback,base,0,73,2,4,9.0,9,0,0,0,zero,
online_feedback,base,0,74,0,4,4.0,4,0,6,6,zero,
online_feedback,base,0,74,1,4,22.0,22,0,0,0,zero,
online_feedback,base,0,74,2,4,9.0,9,0,0,0,zero,
online_feedback,base,0,75,0,4,2.0,2,0,10,10,zero,
online_feedback,base,0,75,1,4,12.0,12,0,0,0,zero,
online_feedback,base,0,75,2,4,28.0,28,0,0,0,zero,
online_feedback,base,0,76,0,4,2.0,2,0,1,1,zero,
online_feedback,base,0,76,1,4,11.0,11,0,17,17,zero,
online_feedback,base,0,76,2,4,13.0,13,0,0,0,zero,
online_feedback,base,0,77,0,4,-0.0,0,0,1,1,zero,
online_feedback,base,0,77,1,4,10.0,10,0,0,0,zero,
online_feedback,base,0,77,2,4,13.0,13,0,16,16,zero,
online_feedback,base,0,78,0,3,3.0,3,0,4,4,zero,
online_feedback,base,0,78,1,3,6.0,6,0,0,0,zero,
online_feedback,base,0,78,2,3,13.0,13,0,0,0,zero,
online_feedback,base,0,79,0,3,10.0,10,0,1,1,zero,
online_feedback,base,0,79,1,3,5.0,5,0,0,0,zero,
online_feedback,base,0,79,2,3,13.0,13,0,0,0,zero,
online_feedback,base,0,80,0,3,8.0,8,0,0,0,zero,
online_feedback,base,0,80,1,3,22.0,22,0,0,0,zero,
online_feedback,base,0,80,2,3,13.0,13,0,0,0,zero,
online_feedback,base,0,81,0,3,6.0,6,0,0,0,zero,
online_feedback,base,0,81,1,3,22.0,22,0,0,0,zero,
online_feedback,base,0,81,2,3,29.0,29,0,0,0,zero,
online_feedback,base,0,82,0,3,7.0,7,0,6,6,zero,
online_feedback,base,0,82,1,3,16.0,16,0,0,0,zero,
online_feedback,base,0,82,2,3,29.0,29,0,0,0,zero,
online_feedback,base,0,83,0,3,5.0,5,0,10,10,zero,
online_feedback,base,0,83,1,3,6.0,6,0,7,7,zero,
online_feedback,base,0,83,2,3,22.0,22,0,0,0,zero,
online_feedback,base,0,84,0,2,3.0,3,0,0,0,zero,
online_feedback,base,0,84,1,2,6.0,6,0,16,16,zero,
online_feedback,base,0,84,2,2,6.0,6,0,0,0,zero,
online_feedback,base,0,85,0,2,1.0,1,0,0,0,zero,
online_feedback,base,0,85,1,2,6.0,6,0,0,0,zero,
online_feedback,base,0,85,2,2,6.0,6,0,19,19,zero,
online_feedback,base,0,86,0,2,5.0,5,0,0,0,zero,
online_feedback,base,0,86,1,2,6.0,6,0,0,0,zero,
online_feedback,base,0,86,2,2,6.0,6,0,2,2,zero,
online_feedback,base,0,87,0,2,13.0,13,0,0,0,zero,
online_feedback,base,0,87,1,2,13.0,13,0,0,0,zero,
online_feedback,base,0,87,2,2,6.0,6,0,0,0,zero,
online_feedback,base,0,88,0,2,11.0,11,0,0,0,zero,
online_feedback,base,0,88,1,2,29.0,29,0,0,0,zero,
online_feedback,base,0,88,2,2,6.0,6,0,0,0,zero,
online_feedback,base,0,89,0,2,9.0,9,0,0,0,zero,
online_feedback,base,0,89,1,2,29.0,29,0,0,0,zero,
online_feedback,base,0,89,2,2,25.0,25,0,0,0,zero,
online_feedback,base,0,90,0,2,7.0,7,0,0,0,zero,
online_feedback,base,0,90,1,2,29.0,29,0,0,0,zero,
online_feedback,base,0,90,2,2,27.0,27,0,0,0,zero,
online_feedback,base,0,91,0,2,5.0,5,0,0,0,zero,
online_feedback,base,0,91,1,2,29.0,29,0,0,0,zero,
online_feedback,base,0,91,2,2,27.0,27,0,0,0,zero,
online_feedback,base,0,92,0,2,3.0,3,0,11,11,zero,
online_feedback,base,0,92,1,2,18.0,18,0,0,0,zero,
online_feedback,base,0,92,2,2,27.0,27,0,0,0,zero,
online_feedback,base,0,93,0,2,1.0,1,0,0,0,zero,
online_feedback,base,0,93,1,2,18.0,18,0,7,7,zero,
online_feedback,base,0,93,2,2,20.0,20,0,0,0,zero,
online_feedback,base,0,94,0,2,1.0,0,1,0,0,zero,
online_feedback,base,0,94,1,2,18.0,18,0,0,0,zero,
online_feedback,base,0,94,2,2,20.0,20,0,0,0,zero,
online_feedback,base,0,95,0,2,3.0,0,3,1,1,zero,
online_feedback,base,0,95,1,2,17.0,17,0,0,0,zero,
online_feedback,base,0,95,2,2,20.0,20,0,0,0,zero,
online_feedback,base,0,96,0,2,6.0,6,0,1,1,zero,
online_feedback,base,0,96,1,2,16.0,16,0,0,0,zero,
online_feedback,base,0,96,2,2,20.0,20,0,0,0,zero,
online_feedback,base,0,97,0,2,4.0,4,0,0,0,zero,
online_feedback,base,0,97,1,2,23.0,23,0,0,0,zero,
online_feedback,base,0,97,2,2,20.0,20,0,0,0,zero,
online_feedback,base,0,98,0,2,2.0,2,0,4,4,zero,
online_feedback,base,0,98,1,2,19.0,19,0,0,0,zero,
online_feedback,base,0,98,2,2,20.0,20,0,0,0,zero,
online_feedback,base,0,99,0,2,1.0,1,0,6,6,zero,
online_feedback,base,0,99,1,2,13.0,13,0,0,0,zero,
online_feedback,base,0,99,2,2,20.0,20,0,0,0,zero,
online_feedback,base,0,100,0,2,-0.0,0,0,0,0,zero,
online_feedback,base,0,100,1,2,13.0,13,0,7,7,zero,
online_feedback,base,0,100,2,2,13.0,13,0,0,0,zero,
online_feedback,base,0,101,0,2,2.0,0,2,0,0,zero,
online_feedback,base,0,101,1,2,13.0,13,0,0,0,zero,
online_feedback,base,0,101,2,2,13.0,13,0,2,2,zero,
online_feedback,base,0,102,0,2,-0.0,0,0,1,1,zero,
online_feedback,base,0,102,1,2,12.0,12,0,0,0,zero,
online_feedback,base,0,102,2,2,13.0,13,0,0,0,zero,
online_feedback,base,0,103,0,2,4.0,4,0,1,1,zero,
online_feedback,base,0,103,1,2,11.0,11,0,0,0,zero,
online_feedback,base,0,103,2,2,13.0,13,0,0,0,zero,
online_feedback,base,0,104,0,2,2.0,2,0,4,4,zero,
online_feedback,base,0,104,1,2,14.0,14,0,0,0,zero,
online_feedback,base,0,104,2,2,13.0,13,0,0,0,zero,
online_feedback,base,0,105,0,2,-0.0,0,0,4,4,zero,
online_feedback,base,0,105,1,2,10.0,10,0,0,0,zero,
online_feedback,base,0,105,2,2,15.0,15,0,0,0,zero,
online_feedback,base,0,106,0,2,1.0,0,1,1,1,zero,
online_feedback,base,0,106,1,2,9.0,9,0,7,7,zero,
online_feedback,base,0,106,2,2,8.0,8,0,0,0,zero,
online_feedback,base,0,107,0,2,2.0,0,2,1,1,zero,
online_feedback,base,0,107,1,2,8.0,8,0,0,0,zero,
online_feedback,base,0,107,2,2,8.0,8,0,16,16,zero,
online_feedback,base,0,108,0,2,-0.0,0,0,1,1,zero,
online_feedback,base,0,108,1,2,7.0,7,0,0,0,zero,
online_feedback,base,0,108,2,2,8.0,8,0,0,0,zero,
online_feedback,base,0,109,0,2,2.0,2,0,1,1,zero,
online_feedback,base,0,109,1,2,6.0,6,0,0,0,zero,
online_feedback,base,0,109,2,2,8.0,8,0,0,0,zero,
online_feedback,base,0,110,0,2,1.0,1,0,6,6,zero,
online_feedback,base,0,110,1,2,7.0,7,0,0,0,zero,
online_feedback,base,0,110,2,2,8.0,8,0,0,0,zero,
online_feedback,base,0,111,0,3,1.0,0,1,1,1,zero,
online_feedback,base,0,111,1,3,6.0,6,0,16,16,zero,
online_feedback,base,0,111,2,3,8.0,8,0,0,0,zero,
online_feedback,base,0,112,0,2,2.0,0,2,1,1,zero,
online_feedback,base,0,112,1,2,5.0,5,0,0,0,zero,
online_feedback,base,0,112,2,2,8.0,8,0,19,19,zero,
online_feedback,base,0,113,0,2,3.0,0,3,1,1,zero,
online_feedback,base,0,113,1,2,4.0,4,0,0,0,zero,
online_feedback,base,0,113,2,2,8.0,8,0,0,0,zero,
online_feedback,base,0,114,0,3,-0.0,0,0,1,1,zero,
online_feedback,base,0,114,1,3,3.0,3,0,0,0,zero,
online_feedback,base,0,114,2,3,8.0,8,0,0,0,zero,
online_feedback,base,0,115,0,3,2.0,0,2,6,6,zero,
online_feedback,base,0,115,1,3,13.0,13,0,0,0,zero,
online_feedback,base,0,115,2,3,8.0,8,0,0,0,zero,
online_feedback,base,0,116,0,3,4.0,0,4,6,6,zero,
online_feedback,base,0,116,1,3,7.0,7,0,16,16,zero,
online_feedback,base,0,116,2,3,11.0,11,0,0,0,zero,
online_feedback,base,0,117,0,3,6.0,0,6,2,2,zero,
online_feedback,base,0,117,1,3,5.0,5,0,0,0,zero,
online_feedback,base,0,117,2,3,11.0,11,0,19,19,zero,
online_feedback,base,0,118,0,4,9.0,0,9,4,4,zero,
online_feedback,base,0,118,1,4,1.0,1,0,0,0,zero,
online_feedback,base,0,118,2,4,11.0,11,0,0,0,zero,
online_feedback,base,0,119,0,4,7.0,0,7,6,6,zero,
online_feedback,base,0,119,1,4,5.0,0,5,0,0,zero,
online_feedback,base,0,119,2,4,11.0,11,0,0,0,zero,
online_feedback,base,0,120,0,4,5.0,0,5,6,6,zero,
online_feedback,base,0,120,1,4,5.0,5,0,8,8,zero,
online_feedback,base,0,120,2,4,3.0,3,0,0,0,zero,
online_feedback,base,0,121,0,3,6.0,0,6,6,6,zero,
online_feedback,base,0,121,1,3,1.0,0,1,8,8,zero,
online_feedback,base,0,121,2,3,14.0,14,0,2,2,zero,
online_feedback,base,0,122,0,5,7.0,0,7,0,0,zero,
online_feedback,base,0,122,1,5,1.0,0,1,0,0,zero,
online_feedback,base,0,122,2,5,14.0,14,0,19,19,zero,
online_feedback,base,0,123,0,4,10.0,0,10,4,4,zero,
online_feedback,base,0,123,1,4,5.0,0,5,0,0,zero,
online_feedback,base,0,123,2,4,14.0,14,0,0,0,zero,
online_feedback,base,0,124,0,5,4.0,0,4,6,6,zero,
online_feedback,base,0,124,1,5,3.0,0,3,8,8,zero,
online_feedback,base,0,124,2,5,6.0,6,0,0,0,zero,
online_feedback,base,0,125,0,5,4.0,0,4,6,6,zero,
online_feedback,base,0,125,1,5,1.0,0,1,16,16,zero,
online_feedback,base,0,125,2,5,8.0,0,8,0,0,zero,
online_feedback,base,0,126,0,6,10.0,0,10,6,6,zero,
online_feedback,base,0,126,1,6,7.0,0,7,0,0,zero,
online_feedback,base,0,126,2,6,11.0,11,0,19,19,zero,
online_feedback,base,0,127,0,6,16.0,0,16,6,6,zero,
online_feedback,base,0,127,1,6,13.0,0,13,16,16,zero,
online_feedback,base,0,127,2,6,5.0,0,5,0,0,zero,
online_feedback,base,0,128,0,6,14.0,0,14,11,11,zero,
online_feedback,base,0,128,1,6,16.0,0,16,0,0,zero,
online_feedback,base,0,128,2,6,5.0,0,5,19,19,zero,
online_feedback,base,0,129,0,6,12.0,0,12,11,11,zero,
online_feedback,base,0,129,1,6,19.0,0,19,16,16,zero,
online_feedback,base,0,129,2,6,21.0,0,21,4,4,zero,
online_feedback,base,0,130,0,6,18.0,0,18,6,6,zero,
online_feedback,base,0,130,1,6,17.0,0,17,11,11,zero,
online_feedback,base,0,130,2,6,13.0,0,13,19,19,zero,
online_feedback,base,0,131,0,5,23.0,0,23,11,11,zero,
online_feedback,base,0,131,1,5,17.0,0,17,8,8,zero,
online_feedback,base,0,131,2,5,21.0,0,21,20,20,zero,
online_feedback,base,0,132,0,5,20.0,0,20,11,11,zero,
online_feedback,base,0,132,1,5,28.0,0,28,17,17,zero,
online_feedback,base,0,132,2,5,19.0,0,19,0,0,zero,
online_feedback,base,0,133,0,5,17.0,0,17,6,6,zero,
online_feedback,base,0,133,1,5,34.0,0,34,16,16,zero,
online_feedback,base,0,133,2,5,31.0,0,31,19,19,zero,
online_feedback,base,0,134,0,5,14.0,0,14,6,6,zero,
online_feedback,base,0,134,1,5,21.0,0,21,16,16,zero,
online_feedback,base,0,134,2,5,28.0,0,28,20,20,zero,
online_feedback,base,0,135,0,5,8.0,0,8,6,6,zero,
online_feedback,base,0,135,1,5,27.0,0,27,0,0,zero,
online_feedback,base,0,135,2,5,8.0,0,8,20,20,zero,
online_feedback,base,0,136,0,6,14.0,0,14,0,0,zero,
online_feedback,base,0,136,1,6,8.0,0,8,0,0,zero,
online_feedback,base,0,136,2,6,8.0,0,8,4,4,zero,
online_feedback,base,0,137,0,6,20.0,0,20,0,0,zero,
online_feedback,base,0,137,1,6,4.0,0,4,0,0,zero,
online_feedback,base,0,137,2,6,11.0,11,0,0,0,zero,
online_feedback,base,0,138,0,5,6.0,0,6,6,6,zero,
online_feedback,base,0,138,1,5,9.0,9,0,0,0,zero,
online_feedback,base,0,138,2,5,31.0,31,0,0,0,zero,
online_feedback,base,0,139,0,5,11.0,0,11,6,6,zero,
online_feedback,base,0,139,1,5,23.0,23,0,1,1,zero,
online_feedback,base,0,139,2,5,50.0,50,0,0,0,zero,
online_feedback,base,0,140,0,6,2.0,2,0,6,6,zero,
online_feedback,base,0,140,1,6,17.0,17,0,16,16,zero,
online_feedback,base,0,140,2,6,38.0,38,0,0,0,zero,
online_feedback,base,0,141,0,6,-0.0,0,0,10,10,zero,
online_feedback,base,0,141,1,6,15.0,15,0,0,0,zero,
online_feedback,base,0,141,2,6,38.0,38,0,2,2,zero,
online_feedback,base,0,142,0,5,5.0,5,0,4,4,zero,
online_feedback,base,0,142,1,5,11.0,11,0,16,16,zero,
online_feedback,base,0,142,2,5,22.0,22,0,0,0,zero,
online_feedback,base,0,143,0,5,6.0,6,0,1,1,zero,
online_feedback,base,0,143,1,5,11.0,11,0,8,8,zero,
online_feedback,base,0,143,2,5,14.0,14,0,19,19,zero,
online_feedback,base,0,144,0,5,7.0,7,0,6,6,zero,
online_feedback,base,0,144,1,5,21.0,21,0,0,0,zero,
online_feedback,base,0,144,2,5,14.0,14,0,4,4,zero,
online_feedback,base,0,145,0,6,11.0,11,0,6,6,zero,
online_feedback,base,0,145,1,6,15.0,15,0,0,0,zero,
online_feedback,base,0,145,2,6,16.0,16,0,0,0,zero,
online_feedback,base,0,146,0,6,9.0,9,0,11,11,zero,
online_feedback,base,0,146,1,6,20.0,20,0,1,1,zero,
online_feedback,base,0,146,2,6,15.0,15,0,0,0,zero,
online_feedback,base,0,147,0,5,5.0,5,0,11,11,zero,
online_feedback,base,0,147,1,5,17.0,17,0,16,16,zero,
online_feedback,base,0,147,2,5,18.0,18,0,0,0,zero,
online_feedback,base,0,148,0,5,6.0,6,0,0,0,zero,
online_feedback,base,0,148,1,5,17.0,17,0,17,17,zero,
online_feedback,base,0,148,2,5,5.0,5,0,16,16,zero,
online_feedback,base,0,149,0,5,7.0,7,0,0,0,zero,
online_feedback,base,0,149,1,5,17.0,17,0,0,0,zero,
online_feedback,base,0,149,2,5,5.0,5,0,16,16,zero,
online_feedback,base,0,150,0,5,13.0,13,0,6,6,zero,
online_feedback,base,0,150,1,5,12.0,12,0,0,0,zero,
online_feedback,base,0,150,2,5,5.0,5,0,0,0,zero,
online_feedback,base,0,151,0,5,19.0,19,0,0,0,zero,
online_feedback,base,0,151,1,5,28.0,28,0,0,0,zero,
online_feedback,base,0,151,2,5,5.0,5,0,0,0,zero,
online_feedback,base,0,152,0,5,14.0,14,0,0,0,zero,
online_feedback,base,0,152,1,5,45.0,45,0,0,0,zero,
online_feedback,base,0,152,2,5,21.0,21,0,0,0,zero,
online_feedback,base,0,153,0,5,9.0,9,0,11,11,zero,
online_feedback,base,0,153,1,5,34.0,34,0,0,0,zero,
online_feedback,base,0,153,2,5,37.0,37,0,0,0,zero,
online_feedback,base,0,154,0,4,11.0,11,0,10,10,zero,
online_feedback,base,0,154,1,4,24.0,24,0,0,0,zero,
online_feedback,base,0,154,2,4,37.0,37,0,0,0,zero,
online_feedback,base,0,155,0,5,6.0,6,0,0,0,zero,
online_feedback,base,0,155,1,5,24.0,24,0,16,16,zero,
online_feedback,base,0,155,2,5,21.0,21,0,0,0,zero,
online_feedback,base,0,156,0,5,1.0,1,0,0,0,zero,
online_feedback,base,0,156,1,5,24.0,24,0,0,0,zero,
online_feedback,base,0,156,2,5,21.0,21,0,2,2,zero,
online_feedback,base,0,157,0,5,7.0,7,0,4,4,zero,
online_feedback,base,0,157,1,5,20.0,20,0,0,0,zero,
online_feedback,base,0,157,2,5,21.0,21,0,0,0,zero,
online_feedback,base,0,158,0,4,13.0,13,0,6,6,zero,
online_feedback,base,0,158,1,4,14.0,14,0,0,0,zero,
online_feedback,base,0,158,2,4,21.0,21,0,0,0,zero,
online_feedback,base,0,159,0,4,9.0,9,0,0,0,zero,
online_feedback,base,0,159,1,4,30.0,30,0,0,0,zero,
online_feedback,base,0,159,2,4,21.0,21,0,0,0,zero,
online_feedback,base,0,160,0,4,5.0,5,0,0,0,zero,
online_feedback,base,0,160,1,4,30.0,30,0,0,0,zero,
online_feedback,base,0,160,2,4,23.0,23,0,0,0,zero,
online_feedback,base,0,161,0,5,4.0,4,0,6,6,zero,
online_feedback,base,0,161,1,5,24.0,24,0,0,0,zero,
online_feedback,base,0,161,2,5,23.0,23,0,0,0,zero,
online_feedback,base,0,162,0,5,5.0,5,0,11,11,zero,
online_feedback,base,0,162,1,5,13.0,13,0,0,0,zero,
online_feedback,base,0,162,2,5,23.0,23,0,0,0,zero,
online_feedback,base,0,163,0,6,1.0,0,1,9,9,zero,
online_feedback,base,0,163,1,6,4.0,4,0,16,16,zero,
online_feedback,base,0,163,2,6,7.0,7,0,0,0,zero,
online_feedback,base,0,164,0,6,7.0,0,7,2,2,zero,
online_feedback,base,0,164,1,6,2.0,2,0,0,0,zero,
online_feedback,base,0,164,2,6,7.0,7,0,16,16,zero,
online_feedback,base,0,165,0,5,6.0,0,6,6,6,zero,
online_feedback,base,0,165,1,5,4.0,0,4,0,0,zero,
online_feedback,base,0,165,2,5,7.0,7,0,0,0,zero,
online_feedback,base,0,166,0,5,-0.0,0,0,6,6,zero,
online_feedback,base,0,166,1,5,10.0,0,10,7,7,zero,
online_feedback,base,0,166,2,5,-0.0,0,0,0,0,zero,
online_feedback,base,0,167,0,5,4.0,4,0,6,6,zero,
online_feedback,base,0,167,1,5,-0.0,0,0,11,11,zero,
online_feedback,base,0,167,2,5,11.0,0,11,0,0,zero,
online_feedback,base,0,168,0,6,-0.0,0,0,6,6,zero,
online_feedback,base,0,168,1,6,6.0,0,6,16,16,zero,
online_feedback,base,0,168,2,6,11.0,0,11,19,19,zero,
online_feedback,base,0,169,0,7,5.0,0,5,2,2,zero,
online_feedback,base,0,169,1,7,8.0,0,8,0,0,zero,
online_feedback,base,0,169,2,7,11.0,0,11,20,20,zero,
online_feedback,base,0,170,0,7,12.0,0,12,6,6,zero,
online_feedback,base,0,170,1,7,7.0,0,7,8,8,zero,
online_feedback,base,0,170,2,7,19.0,0,19,4,4,zero,
online_feedback,base,0,171,0,7,3.0,0,3,6,6,zero,
online_feedback,base,0,171,1,7,13.0,0,13,16,16,zero,
online_feedback,base,0,171,2,7,35.0,0,35,18,18,zero,
online_feedback,base,0,172,0,7,10.0,0,10,11,11,zero,
online_feedback,base,0,172,1,7,8.0,0,8,11,11,zero,
online_feedback,base,0,172,2,7,27.0,0,27,18,18,zero,
online_feedback,base,0,173,0,7,17.0,0,17,6,6,zero,
online_feedback,base,0,173,1,7,14.0,0,14,8,8,zero,
online_feedback,base,0,173,2,7,15.0,0,15,0,0,zero,
online_feedback,base,0,174,0,7,17.0,0,17,6,6,zero,
online_feedback,base,0,174,1,7,20.0,0,20,0,0,zero,
online_feedback,base,0,174,2,7,11.0,0,11,19,19,zero,
online_feedback,base,0,175,0,7,24.0,0,24,6,6,zero,
online_feedback,base,0,175,1,7,26.0,0,26,8,8,zero,
online_feedback,base,0,175,2,7,1.0,0,1,0,0,zero,
online_feedback,base,0,176,0,7,15.0,0,15,11,11,zero,
online_feedback,base,0,176,1,7,18.0,0,18,0,0,zero,
online_feedback,base,0,176,2,7,17.0,17,0,2,2,zero,
online_feedback,base,0,177,0,6,21.0,0,21,6,6,zero,
online_feedback,base,0,177,1,6,4.0,0,4,16,16,zero,
online_feedback,base,0,177,2,6,1.0,1,0,0,0,zero,
online_feedback,base,0,178,0,6,27.0,0,27,6,6,zero,
online_feedback,base,0,178,1,6,6.0,0,6,8,8,zero,
online_feedback,base,0,178,2,6,12.0,12,0,19,19,zero,
online_feedback,base,0,179,0,7,34.0,0,34,6,6,zero,
online_feedback,base,0,179,1,7,6.0,6,0,16,16,zero,
online_feedback,base,0,179,2,7,4.0,0,4,16,16,zero,
online_feedback,base,0,180,0,6,21.0,0,21,6,6,zero,
online_feedback,base,0,180,1,6,1.0,1,0,8,8,zero,
online_feedback,base,0,180,2,6,10.0,0,10,18,18,zero,
online_feedback,base,0,181,0,6,7.0,0,7,6,6,zero,
online_feedback,base,0,181,1,6,11.0,11,0,8,8,zero,
online_feedback,base,0,181,2,6,18.0,0,18,18,18,zero,
online_feedback,base,0,182,0,8,11.0,0,11,6,6,zero,
online_feedback,base,0,182,1,8,13.0,13,0,11,11,zero,
online_feedback,base,0,182,2,8,10.0,0,10,0,0,zero,
online_feedback,base,0,183,0,8,7.0,0,7,11,11,zero,
online_feedback,base,0,183,1,8,14.0,14,0,0,0,zero,
online_feedback,base,0,183,2,8,6.0,6,0,1,1,zero,
online_feedback,base,0,184,0,9,10.0,0,10,10,10,zero,
online_feedback,base,0,184,1,9,6.0,6,0,1,1,zero,
online_feedback,base,0,184,2,9,23.0,23,0,0,0,zero,
online_feedback,base,0,185,0,8,12.0,0,12,10,10,zero,
online_feedback,base,0,185,1,8,4.0,0,4,16,16,zero,
online_feedback,base,0,185,2,8,25.0,25,0,0,0,zero,
online_feedback,base,0,186,0,8,14.0,0,14,16,16,zero,
online_feedback,base,0,186,1,8,1.0,0,1,16,16,zero,
online_feedback,base,0,186,2,8,9.0,9,0,19,19,zero,
online_feedback,base,0,187,0,9,12.0,0,12,4,4,zero,
online_feedback,base,0,187,1,9,5.0,5,0,17,17,zero,
online_feedback,base,0,187,2,9,7.0,0,7,20,20,zero,
online_feedback,base,0,188,0,9,11.0,0,11,6,6,zero,
online_feedback,base,0,188,1,9,-0.0,0,0,0,0,zero,
online_feedback,base,0,188,2,9,7.0,0,7,20,20,zero,
online_feedback,base,0,189,0,9,14.0,0,14,10,10,zero,
online_feedback,base,0,189,1,9,6.0,6,0,0,0,zero,
online_feedback,base,0,189,2,9,7.0,0,7,0,0,zero,
online_feedback,base,0,190,0,8,3.0,0,3,10,10,zero,
online_feedback,base,0,190,1,8,12.0,12,0,16,16,zero,
online_feedback,base,0,190,2,8,4.0,0,4,0,0,zero,
online_feedback,base,0,191,0,9,7.0,0,7,10,10,zero,
online_feedback,base,0,191,1,9,12.0,12,0,8,8,zero,
online_feedback,base,0,191,2,9,8.0,8,0,1,1,zero,
online_feedback,base,0,192,0,10,11.0,0,11,12,12,zero,
online_feedback,base,0,192,1,10,-0.0,0,0,8,8,zero,
online_feedback,base,0,192,2,10,20.0,20,0,16,16,zero,
online_feedback,base,0,193,0,9,10.0,0,10,12,12,zero,
online_feedback,base,0,193,1,9,12.0,0,12,17,17,zero,
online_feedback,base,0,193,2,9,3.0,3,0,0,0,zero,
online_feedback,base,0,194,0,10,10.0,0,10,10,10,zero,
online_feedback,base,0,194,1,10,3.0,0,3,16,16,zero,
online_feedback,base,0,194,2,10,13.0,0,13,19,19,zero,
online_feedback,base,0,195,0,10,10.0,0,10,6,6,zero,
online_feedback,base,0,195,1,10,3.0,3,0,16,16,zero,
online_feedback,base,0,195,2,10,28.0,0,28,20,20,zero,
online_feedback,base,0,196,0,10,8.0,0,8,6,6,zero,
online_feedback,base,0,196,1,10,5.0,5,0,7,7,zero,
online_feedback,base,0,196,2,10,19.0,0,19,20,20,zero,
online_feedback,base,0,197,0,9,17.0,0,17,10,10,zero,
online_feedback,base,0,197,1,9,12.0,12,0,0,0,zero,
online_feedback,base,0,197,2,9,19.0,0,19,20,20,zero,
online_feedback,base,0,198,0,11,9.0,0,9,10,10,zero,
online_feedback,base,0,198,1,11,5.0,5,0,16,16,zero,
online_feedback,base,0,198,2,11,16.0,0,16,0,0,zero,
online_feedback,base,0,199,0,9,9.0,0,9,12,12,zero,
online_feedback,base,0,199,1,9,6.0,0,6,16,16,zero,
online_feedback,base,0,199,2,9,12.0,0,12,1,1,zero,
online_feedback,base,0,200,0,10,13.0,0,13,16,16,zero,
online_feedback,base,0,200,1,10,6.0,0,6,8,8,zero,
online_feedback,base,0,200,2,10,-0.0,0,0,19,19,zero,
online_feedback,base,1,1,0,10,10.0,10,0,16,16,zero,
online_feedback,base,1,1,1,10,4.0,4,0,8,8,zero,
online_feedback,base,1,1,2,10,12.0,12,0,0,0,zero,
online_feedback,base,1,2,0,11,9.0,9,0,10,10,zero,
online_feedback,base,1,2,1,11,4.0,4,0,17,17,zero,
online_feedback,base,1,2,2,11,5.0,5,0,2,2,zero,
online_feedback,base,1,3,0,9,10.0,10,0,16,16,zero,
online_feedback,base,1,3,1,9,2.0,0,2,8,8,zero,
online_feedback,base,1,3,2,9,7.0,7,0,19,19,zero,
online_feedback,base,1,4,0,9,11.0,11,0,1,1,zero,
online_feedback,base,1,4,1,9,7.0,7,0,17,17,zero,
online_feedback,base,1,4,2,9,-0.0,0,0,20,20,zero,
online_feedback,base,1,5,0,8,19.0,19,0,6,6,zero,
online_feedback,base,1,5,1,8,9.0,9,0,0,0,zero,
online_feedback,base,1,5,2,8,-0.0,0,0,18,18,zero,
online_feedback,base,1,6,0,8,21.0,21,0,6,6,zero,
online_feedback,base,1,6,1,8,20.0,20,0,1,1,zero,
online_feedback,base,1,6,2,8,1.0,1,0,0,0,zero,
online_feedback,base,1,7,0,7,28.0,28,0,6,6,zero,
online_feedback,base,1,7,1,7,22.0,22,0,4,4,zero,
online_feedback,base,1,7,2,7,16.0,16,0,0,0,zero,
online_feedback,base,1,8,0,7,24.0,24,0,0,0,zero,
online_feedback,base,1,8,1,7,39.0,39,0,4,4,zero,
online_feedback,base,1,8,2,7,32.0,32,0,0,0,zero,
online_feedback,base,1,9,0,7,23.0,23,0,0,0,zero,
online_feedback,base,1,9,1,7,39.0,39,0,0,0,zero,
online_feedback,base,1,9,2,7,50.0,50,0,0,0,zero,
online_feedback,base,1,10,0,7,22.0,22,0,11,11,zero,
online_feedback,base,1,10,1,7,29.0,29,0,0,0,zero,
online_feedback,base,1,10,2,7,50.0,50,0,0,0,zero,
online_feedback,base,1,11,0,7,21.0,21,0,11,11,zero,
online_feedback,base,1,11,1,7,22.0,22,0,16,16,zero,
online_feedback,base,1,11,2,7,34.0,34,0,0,0,zero,
online_feedback,base,1,12,0,6,15.0,15,0,0,0,zero,
online_feedback,base,1,12,1,6,26.0,26,0,17,17,zero,
online_feedback,base,1,12,2,6,17.0,17,0,2,2,zero,
online_feedback,base,1,13,0,6,9.0,9,0,0,0,zero,
online_feedback,base,1,13,1,6,26.0,26,0,0,0,zero,
online_feedback,base,1,13,2,6,17.0,17,0,19,19,zero,
online_feedback,base,1,14,0,6,14.0,14,0,6,6,zero,
online_feedback,base,1,14,1,6,20.0,20,0,0,0,zero,
online_feedback,base,1,14,2,6,17.0,17,0,0,0,zero,
online_feedback,base,1,15,0,6,19.0,19,0,6,6,zero,
online_feedback,base,1,15,1,6,30.0,30,0,0,0,zero,
online_feedback,base,1,15,2,6,17.0,17,0,0,0,zero,
online_feedback,base,1,16,0,7,12.0,12,0,0,0,zero,
online_feedback,base,1,16,1,7,47.0,47,0,1,1,zero,
online_feedback,base,1,16,2,7,18.0,18,0,0,0,zero,
online_feedback,base,1,17,0,7,5.0,5,0,11,11,zero,
online_feedback,base,1,17,1,7,36.0,36,0,0,0,zero,
online_feedback,base,1,17,2,7,37.0,37,0,0,0,zero,
online_feedback,base,1,18,0,7,4.0,4,0,9,9,zero,
online_feedback,base,1,18,1,7,27.0,27,0,7,7,zero,
online_feedback,base,1,18,2,7,30.0,30,0,0,0,zero,
online_feedback,base,1,19,0,7,3.0,3,0,1,1,zero,
online_feedback,base,1,19,1,7,26.0,26,0,16,16,zero,
online_feedback,base,1,19,2,7,14.0,14,0,0,0,zero,
online_feedback,base,1,20,0,8,5.0,0,5,10,10,zero,
online_feedback,base,1,20,1,8,17.0,17,0,0,0,zero,
online_feedback,base,1,20,2,8,14.0,14,0,19,19,zero,
online_feedback,base,1,21,0,9,3.0,0,3,10,10,zero,
online_feedback,base,1,21,1,9,7.0,7,0,16,16,zero,
online_feedback,base,1,21,2,9,2.0,0,2,0,0,zero,
online_feedback,base,1,22,0,9,3.0,0,3,6,6,zero,
online_feedback,base,1,22,1,9,8.0,8,0,7,7,zero,
online_feedback,base,1,22,2,9,9.0,0,9,19,19,zero,
online_feedback,base,1,23,0,7,9.0,0,9,11,11,zero,
online_feedback,base,1,23,1,7,13.0,13,0,7,7,zero,
online_feedback,base,1,23,2,7,16.0,0,16,16,16,zero,
online_feedback,base,1,24,0,6,5.0,0,5,6,6,zero,
online_feedback,base,1,24,1,6,7.0,7,0,16,16,zero,
online_feedback,base,1,24,2,6,13.0,0,13,0,0,zero,
online_feedback,base,1,25,0,6,1.0,0,1,4,4,zero,
online_feedback,base,1,25,1,6,17.0,17,0,0,0,zero,
online_feedback,base,1,25,2,6,13.0,0,13,19,19,zero,
online_feedback,base,1,26,0,6,1.0,0,1,6,6,zero,
online_feedback,base,1,26,1,6,11.0,11,0,0,0,zero,
online_feedback,base,1,26,2,6,6.0,6,0,0,0,zero,
online_feedback,base,1,27,0,5,5.0,5,0,6,6,zero,
online_feedback,base,1,27,1,5,5.0,5,0,0,0,zero,
online_feedback,base,1,27,2,5,22.0,22,0,0,0,zero,
online_feedback,base,1,28,0,5,6.0,6,0,4,4,zero,
online_feedback,base,1,28,1,5,20.0,20,0,7,7,zero,
online_feedback,base,1,28,2,5,15.0,15,0,0,0,zero,
online_feedback,base,1,29,0,4,6.0,6,0,6,6,zero,
online_feedback,base,1,29,1,4,14.0,14,0,0,0,zero,
online_feedback,base,1,29,2,4,34.0,34,0,0,0,zero,
online_feedback,base,1,30,0,4,8.0,8,0,0,0,zero,
online_feedback,base,1,30,1,4,27.0,27,0,7,7,zero,
online_feedback,base,1,30,2,4,27.0,27,0,0,0,zero,
online_feedback,base,1,31,0,4,10.0,10,0,0,0,zero,
online_feedback,base,1,31,1,4,27.0,27,0,0,0,zero,
online_feedback,base,1,31,2,4,27.0,27,0,0,0,zero,
online_feedback,base,1,32,0,3,11.0,11,0,6,6,zero,
online_feedback,base,1,32,1,3,28.0,28,0,0,0,zero,
online_feedback,base,1,32,2,3,27.0,27,0,0,0,zero,
online_feedback,base,1,33,0,3,14.0,14,0,0,0,zero,
online_feedback,base,1,33,1,3,28.0,28,0,0,0,zero,
online_feedback,base,1,33,2,3,27.0,27,0,0,0,zero,
online_feedback,base,1,34,0,4,10.0,10,0,0,0,zero,
online_feedback,base,1,34,1,4,35.0,35,0,0,0,zero,
online_feedback,base,1,34,2,4,27.0,27,0,0,0,zero,
online_feedback,base,1,35,0,3,7.0,7,0,6,6,zero,
online_feedback,base,1,35,1,3,29.0,29,0,0,0,zero,
online_feedback,base,1,35,2,3,27.0,27,0,0,0,zero,
online_feedback,base,1,36,0,3,10.0,10,0,0,0,zero,
online_feedback,base,1,36,1,3,29.0,29,0,0,0,zero,
online_feedback,base,1,36,2,3,27.0,27,0,0,0,zero,
online_feedback,base,1,37,0,4,6.0,6,0,0,0,zero,
online_feedback,base,1,37,1,4,29.0,29,0,0,0,zero,
online_feedback,base,1,37,2,4,27.0,27,0,0,0,zero,
online_feedback,base,1,38,0,4,2.0,2,0,11,11,zero,
online_feedback,base,1,38,1,4,18.0,18,0,0,0,zero,
online_feedback,base,1,38,2,4,27.0,27,0,0,0,zero,
online_feedback,base,1,39,0,4,4.0,4,0,6,6,zero,
online_feedback,base,1,39,1,4,12.0,12,0,16,16,zero,
online_feedback,base,1,39,2,4,11.0,11,0,0,0,zero,
online_feedback,base,1,40,0,3,1.0,1,0,0,0,zero,
online_feedback,base,1,40,1,3,12.0,12,0,0,0,zero,
online_feedback,base,1,40,2,3,11.0,11,0,2,2,zero,
online_feedback,base,1,41,0,3,2.0,0,2,0,0,zero,
online_feedback,base,1,41,1,3,12.0,12,0,0,0,zero,
online_feedback,base,1,41,2,3,11.0,11,0,0,0,zero,
online_feedback,base,1,42,0,3,6.0,6,0,1,1,zero,
online_feedback,base,1,42,1,3,11.0,11,0,0,0,zero,
online_feedback,base,1,42,2,3,11.0,11,0,0,0,zero,
online_feedback,base,1,43,0,3,9.0,9,0,4,4,zero,
online_feedback,base,1,43,1,3,23.0,23,0,0,0,zero,
online_feedback,base,1,43,2,3,11.0,11,0,0,0,zero,
online_feedback,base,1,44,0,3,6.0,6,0,0,0,zero,
online_feedback,base,1,44,1,3,23.0,23,0,0,0,zero,
online_feedback,base,1,44,2,3,13.0,13,0,0,0,zero,
online_feedback,base,1,45,0,4,2.0,2,0,0,0,zero,
online_feedback,base,1,45,1,4,23.0,23,0,0,0,zero,
online_feedback,base,1,45,2,4,13.0,13,0,0,0,zero,
online_feedback,base,1,46,0,3,-0.0,0,0,11,11,zero,
online_feedback,base,1,46,1,3,12.0,12,0,0,0,zero,
online_feedback,base,1,46,2,3,13.0,13,0,0,0,zero,
online_feedback,base,1,47,0,3,1.0,1,0,0,0,zero,
online_feedback,base,1,47,1,3,12.0,12,0,16,16,zero,
online_feedback,base,1,47,2,3,3.0,0,3,0,0,zero,
online_feedback,base,1,48,0,3,2.0,0,2,0,0,zero,
online_feedback,base,1,48,1,3,12.0,12,0,0,0,zero,
online_feedback,base,1,48,2,3,3.0,0,3,19,19,zero,
online_feedback,base,1,49,0,4,6.0,0,6,1,1,zero,
online_feedback,base,1,49,1,4,11.0,11,0,0,0,zero,
online_feedback,base,1,49,2,4,3.0,0,3,2,2,zero,
online_feedback,base,1,50,0,3,2.0,2,0,4,4,zero,
online_feedback,base,1,50,1,3,7.0,7,0,0,0,zero,
online_feedback,base,1,50,2,3,3.0,0,3,1,1,zero,
online_feedback,base,1,51,0,3,1.0,0,1,12,12,zero,
online_feedback,base,1,51,1,3,8.0,8,0,0,0,zero,
online_feedback,base,1,51,2,3,3.0,0,3,0,0,zero,
online_feedback,base,1,52,0,4,5.0,0,5,1,1,zero,
online_feedback,base,1,52,1,4,7.0,7,0,17,17,zero,
online_feedback,base,1,52,2,4,1.0,0,1,0,0,zero,
online_feedback,base,1,53,0,4,8.0,0,8,1,1,zero,
online_feedback,base,1,53,1,4,6.0,6,0,0,0,zero,
online_feedback,base,1,53,2,4,1.0,1,0,19,19,zero,
online_feedback,base,1,54,0,4,8.0,0,8,4,4,zero,
online_feedback,base,1,54,1,4,2.0,2,0,0,0,zero,
online_feedback,base,1,54,2,4,2.0,2,0,3,3,zero,
online_feedback,base,1,55,0,4,-0.0,0,0,4,4,zero,
online_feedback,base,1,55,1,4,2.0,0,2,0,0,zero,
online_feedback,base,1,55,2,4,2.0,2,0,0,0,zero,
online_feedback,base,1,56,0,4,3.0,0,3,6,6,zero,
online_feedback,base,1,56,1,4,11.0,11,0,8,8,zero,
online_feedback,base,1,56,2,4,6.0,0,6,0,0,zero,
online_feedback,base,1,57,0,4,6.0,0,6,6,6,zero,
online_feedback,base,1,57,1,4,6.0,6,0,16,16,zero,
online_feedback,base,1,57,2,4,3.0,0,3,16,16,zero,
online_feedback,base,1,58,0,5,7.0,0,7,2,2,zero,
online_feedback,base,1,58,1,5,4.0,4,0,0,0,zero,
online_feedback,base,1,58,2,5,-0.0,0,0,20,20,zero,
online_feedback,base,1,59,0,5,10.0,0,10,6,6,zero,
online_feedback,base,1,59,1,5,2.0,0,2,0,0,zero,
online_feedback,base,1,59,2,5,-0.0,0,0,0,0,zero,
online_feedback,base,1,60,0,5,7.0,0,7,10,10,zero,
online_feedback,base,1,60,1,5,10.0,0,10,0,0,zero,
online_feedback,base,1,60,2,5,-0.0,0,0,0,0,zero,
online_feedback,base,1,61,0,5,6.0,0,6,10,10,zero,
online_feedback,base,1,61,1,5,1.0,0,1,11,11,zero,
online_feedback,base,1,61,2,5,5.0,5,0,0,0,zero,
online_feedback,base,1,62,0,5,9.0,0,9,2,2,zero,
online_feedback,base,1,62,1,5,-0.0,0,0,17,17,zero,
online_feedback,base,1,62,2,5,8.0,8,0,2,2,zero,
online_feedback,base,1,63,0,5,10.0,0,10,2,2,zero,
online_feedback,base,1,63,1,5,2.0,0,2,0,0,zero,
online_feedback,base,1,63,2,5,8.0,8,0,19,19,zero,
online_feedback,base,1,64,0,4,12.0,0,12,4,4,zero,
online_feedback,base,1,64,1,4,6.0,0,6,0,0,zero,
online_feedback,base,1,64,2,4,8.0,8,0,4,4,zero,
online_feedback,base,1,65,0,4,3.0,3,0,4,4,zero,
online_feedback,base,1,65,1,4,1.0,1,0,0,0,zero,
online_feedback,base,1,65,2,4,8.0,8,0,0,0,zero,
online_feedback,base,1,66,0,5,1.0,1,0,6,6,zero,
online_feedback,base,1,66,1,5,12.0,12,0,11,11,zero,
online_feedback,base,1,66,2,5,1.0,0,1,0,0,zero,
online_feedback,base,1,67,0,5,4.0,0,4,10,10,zero,
online_feedback,base,1,67,1,5,2.0,2,0,8,8,zero,
online_feedback,base,1,67,2,5,10.0,10,0,16,16,zero,
online_feedback,base,1,68,0,5,9.0,0,9,6,6,zero,
online_feedback,base,1,68,1,5,4.0,0,4,17,17,zero,
online_feedback,base,1,68,2,5,3.0,0,3,0,0,zero,
online_feedback,base,1,69,0,5,4.0,0,4,6,6,zero,
online_feedback,base,1,69,1,5,10.0,0,10,0,0,zero,
online_feedback,base,1,69,2,5,3.0,0,3,19,19,zero,
online_feedback,base,1,70,0,4,2.0,0,2,6,6,zero,
online_feedback,base,1,70,1,4,6.0,0,6,16,16,zero,
online_feedback,base,1,70,2,4,19.0,0,19,18,18,zero,
online_feedback,base,1,71,0,4,4.0,4,0,6,6,zero,
online_feedback,base,1,71,1,4,3.0,0,3,8,8,zero,
online_feedback,base,1,71,2,4,11.0,0,11,19,19,zero,
online_feedback,base,1,72,0,3,3.0,3,0,1,1,zero,
online_feedback,base,1,72,1,3,10.0,10,0,0,0,zero,
online_feedback,base,1,72,2,3,11.0,0,11,20,20,zero,
online_feedback,base,1,73,0,3,-0.0,0,0,0,0,zero,
online_feedback,base,1,73,1,3,10.0,10,0,0,0,zero,
online_feedback,base,1,73,2,3,8.0,8,0,0,0,zero,
online_feedback,base,1,74,0,3,7.0,7,0,1,1,zero,
online_feedback,base,1,74,1,3,9.0,9,0,0,0,zero,
online_feedback,base,1,74,2,3,26.0,26,0,0,0,zero,
online_feedback,base,1,75,0,4,12.0,12,0,1,1,zero,
online_feedback,base,1,75,1,4,24.0,24,0,0,0,zero,
online_feedback,base,1,75,2,4,45.0,45,0,0,0,zero,
online_feedback,base,1,76,0,4,12.0,12,0,6,6,zero,
online_feedback,base,1,76,1,4,18.0,18,0,0,0,zero,
online_feedback,base,1,76,2,4,65.0,65,0,0,0,zero,
online_feedback,base,1,77,0,4,8.0,8,0,11,11,zero,
online_feedback,base,1,77,1,4,18.0,18,0,0,0,zero,
online_feedback,base,1,77,2,4,65.0,65,0,0,0,zero,
online_feedback,base,1,78,0,4,5.0,5,0,0,0,zero,
online_feedback,base,1,78,1,4,18.0,18,0,17,17,zero,
online_feedback,base,1,78,2,4,48.0,48,0,0,0,zero,
online_feedback,base,1,79,0,4,2.0,2,0,0,0,zero,
online_feedback,base,1,79,1,4,18.0,18,0,0,0,zero,
online_feedback,base,1,79,2,4,48.0,48,0,0,0,zero,
online_feedback,base,1,80,0,4,4.0,4,0,0,0,zero,
online_feedback,base,1,80,1,4,18.0,18,0,0,0,zero,
online_feedback,base,1,80,2,4,48.0,48,0,0,0,zero,
online_feedback,base,1,81,0,5,10.0,10,0,4,4,zero,
online_feedback,base,1,81,1,5,14.0,14,0,0,0,zero,
online_feedback,base,1,81,2,5,48.0,48,0,0,0,zero,
online_feedback,base,1,82,0,5,5.0,5,0,12,12,zero,
online_feedback,base,1,82,1,5,19.0,19,0,0,0,zero,
online_feedback,base,1,82,2,5,48.0,48,0,0,0,zero,
online_feedback,base,1,83,0,4,1.0,1,0,12,12,zero,
online_feedback,base,1,83,1,4,7.0,7,0,16,16,zero,
online_feedback,base,1,83,2,4,32.0,32,0,0,0,zero,
online_feedback,base,1,84,0,5,4.0,0,4,1,1,zero,
online_feedback,base,1,84,1,5,6.0,6,0,16,16,zero,
online_feedback,base,1,84,2,5,16.0,16,0,0,0,zero,
online_feedback,base,1,85,0,6,6.0,0,6,1,1,zero,
online_feedback,base,1,85,1,6,5.0,5,0,0,0,zero,
online_feedback,base,1,85,2,6,16.0,16,0,19,19,zero,
online_feedback,base,1,86,0,6,-0.0,0,0,4,4,zero,
online_feedback,base,1,86,1,6,1.0,1,0,0,0,zero,
online_feedback,base,1,86,2,6,16.0,16,0,0,0,zero,
online_feedback,base,1,87,0,5,7.0,7,0,6,6,zero,
online_feedback,base,1,87,1,5,11.0,11,0,0,0,zero,
online_feedback,base,1,87,2,5,16.0,16,0,0,0,zero,
online_feedback,base,1,88,0,6,2.0,2,0,12,12,zero,
online_feedback,base,1,88,1,6,15.0,15,0,1,1,zero,
online_feedback,base,1,88,2,6,15.0,15,0,0,0,zero,
online_feedback,base,1,89,0,5,2.0,0,2,12,12,zero,
online_feedback,base,1,89,1,5,3.0,3,0,17,17,zero,
online_feedback,base,1,89,2,5,17.0,17,0,0,0,zero,
online_feedback,base,1,90,0,5,3.0,0,3,2,2,zero,
online_feedback,base,1,90,1,5,1.0,1,0,16,16,zero,
online_feedback,base,1,90,2,5,1.0,1,0,16,16,zero,
online_feedback,base,1,91,0,4,1.0,0,1,1,1,zero,
online_feedback,base,1,91,1,4,-0.0,0,0,0,0,zero,
online_feedback,base,1,91,2,4,1.0,1,0,16,16,zero,
online_feedback,base,1,92,0,4,7.0,7,0,4,4,zero,
online_feedback,base,1,92,1,4,3.0,0,3,0,0,zero,
online_feedback,base,1,92,2,4,1.0,1,0,0,0,zero,
online_feedback,base,1,93,0,4,15.0,15,0,1,1,zero,
online_feedback,base,1,93,1,4,13.0,13,0,0,0,zero,
online_feedback,base,1,93,2,4,1.0,1,0,0,0,zero,
online_feedback,base,1,94,0,5,12.0,12,0,0,0,zero,
online_feedback,base,1,94,1,5,29.0,29,0,0,0,zero,
online_feedback,base,1,94,2,5,17.0,17,0,0,0,zero,
online_feedback,base,1,95,0,4,9.0,9,0,11,11,zero,
online_feedback,base,1,95,1,4,18.0,18,0,0,0,zero,
online_feedback,base,1,95,2,4,33.0,33,0,0,0,zero,
online_feedback,base,1,96,0,3,7.0,7,0,10,10,zero,
online_feedback,base,1,96,1,3,8.0,8,0,16,16,zero,
online_feedback,base,1,96,2,3,17.0,17,0,0,0,zero,
online_feedback,base,1,97,0,3,8.0,8,0,0,0,zero,
online_feedback,base,1,97,1,3,8.0,8,0,8,8,zero,
online_feedback,base,1,97,2,3,9.0,9,0,16,16,zero,
online_feedback,base,1,98,0,3,5.0,5,0,0,0,zero,
online_feedback,base,1,98,1,3,8.0,8,0,0,0,zero,
online_feedback,base,1,98,2,3,9.0,9,0,0,0,zero,
online_feedback,base,1,99,0,3,13.0,13,0,0,0,zero,
online_feedback,base,1,99,1,3,8.0,8,0,0,0,zero,
online_feedback,base,1,99,2,3,9.0,9,0,0,0,zero,
online_feedback,base,1,100,0,3,20.0,20,0,0,0,zero,
online_feedback,base,1,100,1,3,24.0,24,0,0,0,zero,
online_feedback,base,1,100,2,3,9.0,9,0,0,0,zero,
online_feedback,base,1,101,0,3,17.0,17,0,0,0,zero,
online_feedback,base,1,101,1,3,32.0,32,0,0,0,zero,
online_feedback,base,1,101,2,3,25.0,25,0,0,0,zero,
online_feedback,base,1,102,0,3,14.0,14,0,0,0,zero,
online_feedback,base,1,102,1,3,32.0,32,0,0,0,zero,
online_feedback,base,1,102,2,3,25.0,25,0,0,0,zero,
online_feedback,base,1,103,0,3,11.0,11,0,0,0,zero,
online_feedback,base,1,103,1,3,32.0,32,0,0,0,zero,
online_feedback,base,1,103,2,3,25.0,25,0,0,0,zero,
online_feedback,base,1,104,0,3,8.0,8,0,11,11,zero,
online_feedback,base,1,104,1,3,21.0,21,0,0,0,zero,
online_feedback,base,1,104,2,3,25.0,25,0,0,0,zero,
online_feedback,base,1,105,0,3,5.0,5,0,0,0,zero,
online_feedback,base,1,105,1,3,21.0,21,0,7,7,zero,
online_feedback,base,1,105,2,3,18.0,18,0,0,0,zero,
online_feedback,base,1,106,0,3,2.0,2,0,0,0,zero,
online_feedback,base,1,106,1,3,21.0,21,0,0,0,zero,
online_feedback,base,1,106,2,3,18.0,18,0,0,0,zero,
online_feedback,base,1,107,0,4,2.0,0,2,0,0,zero,
online_feedback,base,1,107,1,4,21.0,21,0,0,0,zero,
online_feedback,base,1,107,2,4,18.0,18,0,0,0,zero,
online_feedback,base,1,108,0,4,5.0,5,0,4,4,zero,
online_feedback,base,1,108,1,4,17.0,17,0,0,0,zero,
online_feedback,base,1,108,2,4,18.0,18,0,0,0,zero,
online_feedback,base,1,109,0,4,1.0,1,0,12,12,zero,
online_feedback,base,1,109,1,4,12.0,12,0,0,0,zero,
online_feedback,base,1,109,2,4,18.0,18,0,0,0,zero,
online_feedback,base,1,110,0,5,4.0,0,4,1,1,zero,
online_feedback,base,1,110,1,5,11.0,11,0,16,16,zero,
online_feedback,base,1,110,2,5,2.0,2,0,0,0,zero,
online_feedback,base,1,111,0,6,10.0,0,10,2,2,zero,
online_feedback,base,1,111,1,6,9.0,9,0,0,0,zero,
online_feedback,base,1,111,2,6,2.0,2,0,16,16,zero,
online_feedback,base,1,112,0,5,11.0,0,11,6,6,zero,
online_feedback,base,1,112,1,5,3.0,3,0,0,0,zero,
online_feedback,base,1,112,2,5,2.0,2,0,0,0,zero,
online_feedback,base,1,113,0,6,5.0,0,5,6,6,zero,
online_feedback,base,1,113,1,6,3.0,0,3,8,8,zero,
online_feedback,base,1,113,2,6,6.0,0,6,0,0,zero,
online_feedback,base,1,114,0,5,9.0,0,9,6,6,zero,
online_feedback,base,1,114,1,5,7.0,7,0,11,11,zero,
online_feedback,base,1,114,2,5,17.0,0,17,2,2,zero,
online_feedback,base,1,115,0,6,13.0,0,13,6,6,zero,
online_feedback,base,1,115,1,6,1.0,1,0,16,16,zero,
online_feedback,base,1,115,2,6,17.0,0,17,19,19,zero,
online_feedback,base,1,116,0,6,13.0,0,13,6,6,zero,
online_feedback,base,1,116,1,6,5.0,0,5,0,0,zero,
online_feedback,base,1,116,2,6,17.0,0,17,20,20,zero,
online_feedback,base,1,117,0,5,15.0,0,15,6,6,zero,
online_feedback,base,1,117,1,5,9.0,0,9,5,5,zero,
online_feedback,base,1,117,2,5,22.0,0,22,4,4,zero,
online_feedback,base,1,118,0,6,12.0,0,12,11,11,zero,
online_feedback,base,1,118,1,6,20.0,0,20,16,16,zero,
online_feedback,base,1,118,2,6,36.0,0,36,0,0,zero,
online_feedback,base,1,119,0,5,11.0,0,11,11,11,zero,
online_feedback,base,1,119,1,5,15.0,0,15,11,11,zero,
online_feedback,base,1,119,2,5,28.0,0,28,15,15,zero,
online_feedback,base,1,120,0,6,16.0,0,16,6,6,zero,
online_feedback,base,1,120,1,6,21.0,0,21,8,8,zero,
online_feedback,base,1,120,2,6,16.0,0,16,15,15,zero,
online_feedback,base,1,121,0,5,19.0,0,19,6,6,zero,
online_feedback,base,1,121,1,5,27.0,0,27,0,0,zero,
online_feedback,base,1,121,2,5,12.0,0,12,20,20,zero,
online_feedback,base,1,122,0,5,24.0,0,24,6,6,zero,
online_feedback,base,1,122,1,5,31.0,0,31,8,8,zero,
online_feedback,base,1,122,2,5,20.0,0,20,0,0,zero,
online_feedback,base,1,123,0,4,12.0,0,12,11,11,zero,
online_feedback,base,1,123,1,4,23.0,0,23,8,8,zero,
online_feedback,base,1,123,2,4,13.0,0,13,0,0,zero,
online_feedback,base,1,124,0,5,17.0,0,17,6,6,zero,
online_feedback,base,1,124,1,5,9.0,0,9,11,11,zero,
online_feedback,base,1,124,2,5,9.0,0,9,0,0,zero,
online_feedback,base,1,125,0,5,22.0,0,22,0,0,zero,
online_feedback,base,1,125,1,5,5.0,0,5,0,0,zero,
online_feedback,base,1,125,2,5,11.0,11,0,19,19,zero,
online_feedback,base,1,126,0,5,25.0,0,25,0,0,zero,
online_feedback,base,1,126,1,5,5.0,0,5,0,0,zero,
online_feedback,base,1,126,2,5,11.0,11,0,0,0,zero,
online_feedback,base,1,127,0,5,11.0,0,11,4,4,zero,
online_feedback,base,1,127,1,5,6.0,6,0,0,0,zero,
online_feedback,base,1,127,2,5,11.0,11,0,0,0,zero,
online_feedback,base,1,128,0,4,5.0,5,0,4,4,zero,
online_feedback,base,1,128,1,4,17.0,17,0,1,1,zero,
online_feedback,base,1,128,2,4,10.0,10,0,0,0,zero,
online_feedback,base,1,129,0,4,5.0,5,0,0,0,zero,
online_feedback,base,1,129,1,4,26.0,26,0,1,1,zero,
online_feedback,base,1,129,2,4,28.0,28,0,0,0,zero,
online_feedback,base,1,130,0,4,1.0,1,0,4,4,zero,
online_feedback,base,1,130,1,4,22.0,22,0,0,0,zero,
online_feedback,base,1,130,2,4,28.0,28,0,0,0,zero,
online_feedback,base,1,131,0,5,5.0,5,0,6,6,zero,
online_feedback,base,1,131,1,5,16.0,16,0,0,0,zero,
online_feedback,base,1,131,2,5,28.0,28,0,0,0,zero,
online_feedback,base,1,132,0,5,4.0,4,0,12,12,zero,
online_feedback,base,1,132,1,5,5.0,5,0,16,16,zero,
online_feedback,base,1,132,2,5,12.0,12,0,0,0,zero,
online_feedback,base,1,133,0,5,1.0,0,1,12,12,zero,
online_feedback,base,1,133,1,5,6.0,0,6,16,16,zero,
online_feedback,base,1,133,2,5,4.0,0,4,16,16,zero,
online_feedback,base,1,134,0,4,1.0,0,1,2,2,zero,
online_feedback,base,1,134,1,4,8.0,0,8,16,16,zero,
online_feedback,base,1,134,2,4,20.0,0,20,15,15,zero,
online_feedback,base,1,135,0,4,1.0,1,0,1,1,zero,
online_feedback,base,1,135,1,4,9.0,0,9,0,0,zero,
online_feedback,base,1,135,2,4,20.0,0,20,20,20,zero,
online_feedback,base,1,136,0,4,9.0,9,0,4,4,zero,
online_feedback,base,1,136,1,4,3.0,3,0,0,0,zero,
online_feedback,base,1,136,2,4,20.0,0,20,0,0,zero,
online_feedback,base,1,137,0,4,11.0,11,0,1,1,zero,
online_feedback,base,1,137,1,4,14.0,14,0,11,11,zero,
online_feedback,base,1,137,2,4,15.0,0,15,0,0,zero,
online_feedback,base,1,138,0,4,7.0,7,0,0,0,zero,
online_feedback,base,1,138,1,4,14.0,14,0,0,0,zero,
online_feedback,base,1,138,2,4,-0.0,0,0,0,0,zero,
online_feedback,base,1,139,0,4,3.0,3,0,0,0,zero,
online_feedback,base,1,139,1,4,14.0,14,0,0,0,zero,
online_feedback,base,1,139,2,4,20.0,20,0,0,0,zero,
online_feedback,base,1,140,0,4,12.0,12,0,4,4,zero,
online_feedback,base,1,140,1,4,10.0,10,0,0,0,zero,
online_feedback,base,1,140,2,4,20.0,20,0,0,0,zero,
online_feedback,base,1,141,0,3,10.0,10,0,6,6,zero,
online_feedback,base,1,141,1,3,20.0,20,0,0,0,zero,
online_feedback,base,1,141,2,3,20.0,20,0,0,0,zero,
online_feedback,base,1,142,0,3,7.0,7,0,0,0,zero,
online_feedback,base,1,142,1,3,35.0,35,0,0,0,zero,
online_feedback,base,1,142,2,3,20.0,20,0,0,0,zero,
online_feedback,base,1,143,0,3,4.0,4,0,0,0,zero,
online_feedback,base,1,143,1,3,35.0,35,0,0,0,zero,
online_feedback,base,1,143,2,3,20.0,20,0,0,0,zero,
online_feedback,base,1,144,0,3,5.0,5,0,4,4,zero,
online_feedback,base,1,144,1,3,31.0,31,0,0,0,zero,
online_feedback,base,1,144,2,3,20.0,20,0,0,0,zero,
online_feedback,base,1,145,0,3,8.0,8,0,0,0,zero,
online_feedback,base,1,145,1,3,31.0,31,0,0,0,zero,
online_feedback,base,1,145,2,3,20.0,20,0,0,0,zero,
online_feedback,base,1,146,0,2,6.0,6,0,0,0,zero,
online_feedback,base,1,146,1,2,31.0,31,0,0,0,zero,
online_feedback,base,1,146,2,2,20.0,20,0,0,0,zero,
online_feedback,base,1,147,0,2,4.0,4,0,0,0,zero,
online_feedback,base,1,147,1,2,31.0,31,0,0,0,zero,
online_feedback,base,1,147,2,2,20.0,20,0,0,0,zero,
online_feedback,base,1,148,0,3,5.0,5,0,0,0,zero,
online_feedback,base,1,148,1,3,31.0,31,0,0,0,zero,
online_feedback,base,1,148,2,3,20.0,20,0,0,0,zero,
online_feedback,base,1,149,0,3,2.0,2,0,11,11,zero,
online_feedback,base,1,149,1,3,20.0,20,0,0,0,zero,
online_feedback,base,1,149,2,3,20.0,20,0,0,0,zero,
online_feedback,base,1,150,0,2,-0.0,0,0,1,1,zero,
online_feedback,base,1,150,1,2,19.0,19,0,7,7,zero,
online_feedback,base,1,150,2,2,13.0,13,0,0,0,zero,
online_feedback,base,1,151,0,3,3.0,0,3,0,0,zero,
online_feedback,base,1,151,1,3,19.0,19,0,0,0,zero,
online_feedback,base,1,151,2,3,13.0,13,0,1,1,zero,
online_feedback,base,1,152,0,2,5.0,0,5,1,1,zero,
online_feedback,base,1,152,1,2,18.0,18,0,0,0,zero,
online_feedback,base,1,152,2,2,13.0,13,0,0,0,zero,
online_feedback,base,1,153,0,2,4.0,4,0,1,1,zero,
online_feedback,base,1,153,1,2,17.0,17,0,0,0,zero,
online_feedback,base,1,153,2,2,13.0,13,0,0,0,zero,
online_feedback,base,1,154,0,2,3.0,3,0,4,4,zero,
online_feedback,base,1,154,1,2,20.0,20,0,0,0,zero,
online_feedback,base,1,154,2,2,13.0,13,0,0,0,zero,
online_feedback,base,1,155,0,2,1.0,1,0,1,1,zero,
online_feedback,base,1,155,1,2,19.0,19,0,0,0,zero,
online_feedback,base,1,155,2,2,14.0,14,0,0,0,zero,
online_feedback,base,1,156,0,2,-0.0,0,0,0,0,zero,
online_feedback,base,1,156,1,2,19.0,19,0,0,0,zero,
online_feedback,base,1,156,2,2,14.0,14,0,0,0,zero,
online_feedback,base,1,157,0,2,1.0,0,1,1,1,zero,
online_feedback,base,1,157,1,2,18.0,18,0,0,0,zero,
online_feedback,base,1,157,2,2,14.0,14,0,0,0,zero,
online_feedback,base,1,158,0,2,1.0,1,0,1,1,zero,
online_feedback,base,1,158,1,2,17.0,17,0,0,0,zero,
online_feedback,base,1,158,2,2,14.0,14,0,0,0,zero,
online_feedback,base,1,159,0,3,1.0,0,1,6,6,zero,
online_feedback,base,1,159,1,3,11.0,11,0,0,0,zero,
online_feedback,base,1,159,2,3,14.0,14,0,0,0,zero,
online_feedback,base,1,160,0,3,4.0,0,4,6,6,zero,
online_feedback,base,1,160,1,3,5.0,5,0,7,7,zero,
online_feedback,base,1,160,2,3,7.0,7,0,0,0,zero,
online_feedback,base,1,161,0,4,7.0,0,7,2,2,zero,
online_feedback,base,1,161,1,4,3.0,3,0,8,8,zero,
online_feedback,base,1,161,2,4,1.0,0,1,16,16,zero,
online_feedback,base,1,162,0,4,10.0,0,10,6,6,zero,
online_feedback,base,1,162,1,4,3.0,0,3,0,0,zero,
online_feedback,base,1,162,2,4,1.0,0,1,15,15,zero,
online_feedback,base,1,163,0,4,8.0,0,8,6,6,zero,
online_feedback,base,1,163,1,4,9.0,0,9,16,16,zero,
online_feedback,base,1,163,2,4,17.0,0,17,0,0,zero,
online_feedback,base,1,164,0,4,6.0,0,6,6,6,zero,
online_feedback,base,1,164,1,4,8.0,0,8,11,11,zero,
online_feedback,base,1,164,2,4,28.0,0,28,18,18,zero,
online_feedback,base,1,165,0,4,8.0,0,8,6,6,zero,
online_feedback,base,1,165,1,4,7.0,0,7,11,11,zero,
online_feedback,base,1,165,2,4,23.0,0,23,15,15,zero,
online_feedback,base,1,166,0,3,8.0,0,8,6,6,zero,
online_feedback,base,1,166,1,3,13.0,0,13,0,0,zero,
online_feedback,base,1,166,2,3,8.0,0,8,19,19,zero,
online_feedback,base,1,167,0,3,11.0,0,11,6,6,zero,
online_feedback,base,1,167,1,3,19.0,0,19,0,0,zero,
online_feedback,base,1,167,2,3,8.0,0,8,0,0,zero,
online_feedback,base,1,168,0,3,7.0,0,7,6,6,zero,
online_feedback,base,1,168,1,3,25.0,0,25,16,16,zero,
online_feedback,base,1,168,2,3,6.0,0,6,0,0,zero,
online_feedback,base,1,169,0,3,3.0,0,3,6,6,zero,
online_feedback,base,1,169,1,3,15.0,0,15,0,0,zero,
online_feedback,base,1,169,2,3,9.0,9,0,2,2,zero,
online_feedback,base,1,170,0,3,6.0,0,6,4,4,zero,
online_feedback,base,1,170,1,3,4.0,0,4,16,16,zero,
online_feedback,base,1,170,2,3,12.0,12,0,0,0,zero,
online_feedback,base,1,171,0,3,9.0,0,9,0,0,zero,
online_feedback,base,1,171,1,3,4.0,0,4,0,0,zero,
online_feedback,base,1,171,2,3,12.0,12,0,19,19,zero,
online_feedback,base,1,172,0,4,13.0,0,13,0,0,zero,
online_feedback,base,1,172,1,4,14.0,14,0,0,0,zero,
online_feedback,base,1,172,2,4,12.0,12,0,0,0,zero,
online_feedback,base,1,173,0,3,-0.0,0,0,1,1,zero,
online_feedback,base,1,173,1,3,19.0,19,0,0,0,zero,
online_feedback,base,1,173,2,3,14.0,14,0,0,0,zero,
online_feedback,base,1,174,0,3,12.0,12,0,1,1,zero,
online_feedback,base,1,174,1,3,34.0,34,0,0,0,zero,
online_feedback,base,1,174,2,3,14.0,14,0,0,0,zero,
online_feedback,base,1,175,0,3,9.0,9,0,0,0,zero,
online_feedback,base,1,175,1,3,34.0,34,0,0,0,zero,
online_feedback,base,1,175,2,3,33.0,33,0,0,0,zero,
online_feedback,base,1,176,0,3,10.0,10,0,4,4,zero,
online_feedback,base,1,176,1,3,30.0,30,0,0,0,zero,
online_feedback,base,1,176,2,3,33.0,33,0,0,0,zero,
online_feedback,base,1,177,0,2,9.0,9,0,6,6,zero,
online_feedback,base,1,177,1,2,24.0,24,0,0,0,zero,
online_feedback,base,1,177,2,2,33.0,33,0,0,0,zero,
online_feedback,base,1,178,0,3,7.0,7,0,0,0,zero,
online_feedback,base,1,178,1,3,24.0,24,0,0,0,zero,
online_feedback,base,1,178,2,3,33.0,33,0,0,0,zero,
online_feedback,base,1,179,0,2,5.0,5,0,0,0,zero,
online_feedback,base,1,179,1,2,24.0,24,0,0,0,zero,
online_feedback,base,1,179,2,2,33.0,33,0,0,0,zero,
online_feedback,base,1,180,0,3,6.0,6,0,0,0,zero,
online_feedback,base,1,180,1,3,24.0,24,0,0,0,zero,
online_feedback,base,1,180,2,3,33.0,33,0,0,0,zero,
online_feedback,base,1,181,0,3,9.0,9,0,0,0,zero,
online_feedback,base,1,181,1,3,24.0,24,0,0,0,zero,
online_feedback,base,1,181,2,3,33.0,33,0,0,0,zero,
online_feedback,base,1,182,0,3,6.0,6,0,11,11,zero,
online_feedback,base,1,182,1,3,13.0,13,0,0,0,zero,
online_feedback,base,1,182,2,3,33.0,33,0,0,0,zero,
online_feedback,base,1,183,0,3,3.0,3,0,0,0,zero,
online_feedback,base,1,183,1,3,13.0,13,0,16,16,zero,
online_feedback,base,1,183,2,3,17.0,17,0,0,0,zero,
online_feedback,base,1,184,0,3,-0.0,0,0,0,0,zero,
online_feedback,base,1,184,1,3,13.0,13,0,0,0,zero,
online_feedback,base,1,184,2,3,17.0,17,0,2,2,zero,
online_feedback,base,1,185,0,4,4.0,0,4,0,0,zero,
online_feedback,base,1,185,1,4,13.0,13,0,0,0,zero,
online_feedback,base,1,185,2,4,17.0,17,0,0,0,zero,
online_feedback,base,1,186,0,4,3.0,3,0,4,4,zero,
online_feedback,base,1,186,1,4,9.0,9,0,0,0,zero,
online_feedback,base,1,186,2,4,17.0,17,0,0,0,zero,
online_feedback,base,1,187,0,4,1.0,0,1,12,12,zero,
online_feedback,base,1,187,1,4,13.0,13,0,0,0,zero,
online_feedback,base,1,187,2,4,17.0,17,0,0,0,zero,
online_feedback,base,1,188,0,4,5.0,0,5,1,1,zero,
online_feedback,base,1,188,1,4,12.0,12,0,17,17,zero,
online_feedback,base,1,188,2,4,2.0,2,0,0,0,zero,
online_feedback,base,1,189,0,4,9.0,0,9,2,2,zero,
online_feedback,base,1,189,1,4,10.0,10,0,0,0,zero,
online_feedback,base,1,189,2,4,2.0,2,0,16,16,zero,
online_feedback,base,1,190,0,4,9.0,0,9,4,4,zero,
online_feedback,base,1,190,1,4,6.0,6,0,0,0,zero,
online_feedback,base,1,190,2,4,2.0,2,0,0,0,zero,
online_feedback,base,1,191,0,4,1.0,0,1,4,4,zero,
online_feedback,base,1,191,1,4,2.0,2,0,0,0,zero,
online_feedback,base,1,191,2,4,2.0,2,0,0,0,zero,
online_feedback,base,1,192,0,5,5.0,0,5,6,6,zero,
online_feedback,base,1,192,1,5,13.0,13,0,8,8,zero,
online_feedback,base,1,192,2,5,6.0,0,6,0,0,zero,
online_feedback,base,1,193,0,4,7.0,0,7,6,6,zero,
online_feedback,base,1,193,1,4,7.0,7,0,16,16,zero,
online_feedback,base,1,193,2,4,6.0,0,6,16,16,zero,
online_feedback,base,1,194,0,5,8.0,0,8,6,6,zero,
online_feedback,base,1,194,1,5,1.0,1,0,0,0,zero,
online_feedback,base,1,194,2,5,6.0,0,6,20,20,zero,
online_feedback,base,1,195,0,5,9.0,0,9,6,6,zero,
online_feedback,base,1,195,1,5,5.0,0,5,0,0,zero,
online_feedback,base,1,195,2,5,6.0,0,6,3,3,zero,
online_feedback,base,1,196,0,5,8.0,0,8,6,6,zero,
online_feedback,base,1,196,1,5,9.0,0,9,8,8,zero,
online_feedback,base,1,196,2,5,14.0,0,14,0,0,zero,
online_feedback,base,1,197,0,5,7.0,0,7,10,10,zero,
online_feedback,base,1,197,1,5,3.0,0,3,11,11,zero,
online_feedback,base,1,197,2,5,9.0,0,9,0,0,zero,
online_feedback,base,1,198,0,5,6.0,0,6,6,6,zero,
online_feedback,base,1,198,1,5,9.0,0,9,8,8,zero,
online_feedback,base,1,198,2,5,3.0,3,0,19,19,zero,
online_feedback,base,1,199,0,6,11.0,0,11,4,4,zero,
online_feedback,base,1,199,1,6,13.0,0,13,0,0,zero,
online_feedback,base,1,199,2,6,6.0,6,0,15,15,zero,
online_feedback,base,1,200,0,5,14.0,0,14,6,6,zero,
online_feedback,base,1,200,1,5,19.0,0,19,0,0,zero,
online_feedback,base,1,200,2,5,6.0,6,0,0,0,zero,
online_feedback,base,2,1,0,10,10.0,10,0,16,16,zero,
online_feedback,base,2,1,1,10,4.0,4,0,8,8,zero,
online_feedback,base,2,1,2,10,12.0,12,0,0,0,zero,
online_feedback,base,2,2,0,10,10.0,10,0,10,10,zero,
online_feedback,base,2,2,1,10,4.0,4,0,17,17,zero,
online_feedback,base,2,2,2,10,5.0,5,0,2,2,zero,
online_feedback,base,2,3,0,8,12.0,12,0,10,10,zero,
online_feedback,base,2,3,1,8,4.0,4,0,8,8,zero,
online_feedback,base,2,3,2,8,7.0,7,0,19,19,zero,
online_feedback,base,2,4,0,9,13.0,13,0,0,0,zero,
online_feedback,base,2,4,1,9,14.0,14,0,8,8,zero,
online_feedback,base,2,4,2,9,9.0,9,0,20,20,zero,
online_feedback,base,2,5,0,10,19.0,19,0,10,10,zero,
online_feedback,base,2,5,1,10,12.0,12,0,0,0,zero,
online_feedback,base,2,5,2,10,9.0,9,0,3,3,zero,
online_feedback,base,2,6,0,10,19.0,19,0,11,11,zero,
online_feedback,base,2,6,1,10,18.0,18,0,4,4,zero,
online_feedback,base,2,6,2,10,7.0,7,0,0,0,zero,
online_feedback,base,2,7,0,10,19.0,19,0,16,16,zero,
online_feedback,base,2,7,1,10,10.0,10,0,19,19,zero,
online_feedback,base,2,7,2,10,7.0,7,0,0,0,zero,
online_feedback,base,2,8,0,9,10.0,10,0,16,16,zero,
online_feedback,base,2,8,1,9,2.0,2,0,17,17,zero,
online_feedback,base,2,8,2,9,10.0,10,0,19,19,zero,
online_feedback,base,2,9,0,9,11.0,11,0,0,0,zero,
online_feedback,base,2,9,1,9,2.0,2,0,17,17,zero,
online_feedback,base,2,9,2,9,4.0,0,4,18,18,zero,
online_feedback,base,2,10,0,9,13.0,13,0,0,0,zero,
online_feedback,base,2,10,1,9,6.0,6,0,0,0,zero,
online_feedback,base,2,10,2,9,4.0,0,4,18,18,zero,
online_feedback,base,2,11,0,9,20.0,20,0,10,10,zero,
online_feedback,base,2,11,1,9,15.0,15,0,0,0,zero,
online_feedback,base,2,11,2,9,4.0,0,4,0,0,zero,
online_feedback,base,2,12,0,9,27.0,27,0,10,10,zero,
online_feedback,base,2,12,1,9,22.0,22,0,4,4,zero,
online_feedback,base,2,12,2,9,11.0,11,0,0,0,zero,
online_feedback,base,2,13,0,11,16.0,16,0,0,0,zero,
online_feedback,base,2,13,1,11,35.0,35,0,19,19,zero,
online_feedback,base,2,13,2,11,10.0,10,0,0,0,zero,
online_feedback,base,2,14,0,10,6.0,6,0,16,16,zero,
online_feedback,base,2,14,1,10,19.0,19,0,0,0,zero,
online_feedback,base,2,14,2,10,28.0,28,0,16,16,zero,
online_feedback,base,2,15,0,10,6.0,6,0,9,9,zero,
online_feedback,base,2,15,1,10,10.0,10,0,17,17,zero,
online_feedback,base,2,15,2,10,11.0,11,0,0,0,zero,
online_feedback,base,2,16,0,11,5.0,5,0,9,9,zero,
online_feedback,base,2,16,1,11,9.0,9,0,16,16,zero,
online_feedback,base,2,16,2,11,5.0,0,5,19,19,zero,
online_feedback,base,2,17,0,12,7.0,0,7,16,16,zero,
online_feedback,base,2,17,1,12,12.0,12,0,8,8,zero,
online_feedback,base,2,17,2,12,13.0,0,13,16,16,zero,
online_feedback,base,2,18,0,11,2.0,0,2,2,2,zero,
online_feedback,base,2,18,1,11,10.0,10,0,17,17,zero,
online_feedback,base,2,18,2,11,14.0,0,14,0,0,zero,
online_feedback,base,2,19,0,11,4.0,0,4,12,12,zero,
online_feedback,base,2,19,1,11,15.0,15,0,0,0,zero,
online_feedback,base,2,19,2,11,14.0,0,14,19,19,zero,
online_feedback,base,2,20,0,12,7.0,0,7,12,12,zero,
online_feedback,base,2,20,1,12,14.0,14,0,4,4,zero,
online_feedback,base,2,20,2,12,1.0,1,0,0,0,zero,
online_feedback,base,2,21,0,10,1.0,0,1,10,10,zero,
online_feedback,base,2,21,1,10,4.0,4,0,17,17,zero,
online_feedback,base,2,21,2,10,-0.0,0,0,0,0,zero,
online_feedback,base,2,22,0,9,8.0,0,8,10,10,zero,
online_feedback,base,2,22,1,9,10.0,10,0,8,8,zero,
online_feedback,base,2,22,2,9,8.0,0,8,19,19,zero,
online_feedback,base,2,23,0,8,4.0,0,4,10,10,zero,
online_feedback,base,2,23,1,8,-0.0,0,0,16,16,zero,
online_feedback,base,2,23,2,8,5.0,0,5,2,2,zero,
online_feedback,base,2,24,0,7,1.0,1,0,6,6,zero,
online_feedback,base,2,24,1,7,12.0,12,0,0,0,zero,
online_feedback,base,2,24,2,7,5.0,0,5,19,19,zero,
online_feedback,base,2,25,0,7,4.0,4,0,6,6,zero,
online_feedback,base,2,25,1,7,23.0,23,0,4,4,zero,
online_feedback,base,2,25,2,7,9.0,0,9,20,20,zero,
online_feedback,base,2,26,0,7,7.0,7,0,6,6,zero,
online_feedback,base,2,26,1,7,17.0,17,0,16,16,zero,
online_feedback,base,2,26,2,7,6.0,0,6,0,0,zero,
online_feedback,base,2,27,0,6,11.0,11,0,10,10,zero,
online_feedback,base,2,27,1,6,26.0,26,0,0,0,zero,
online_feedback,base,2,27,2,6,4.0,0,4,19,19,zero,
online_feedback,base,2,28,0,6,11.0,11,0,6,6,zero,
online_feedback,base,2,28,1,6,20.0,20,0,1,1,zero,
online_feedback,base,2,28,2,6,14.0,14,0,0,0,zero,
online_feedback,base,2,29,0,6,11.0,11,0,0,0,zero,
online_feedback,base,2,29,1,6,20.0,20,0,7,7,zero,
online_feedback,base,2,29,2,6,27.0,27,0,0,0,zero,
online_feedback,base,2,30,0,5,12.0,12,0,6,6,zero,
online_feedback,base,2,30,1,5,33.0,33,0,0,0,zero,
online_feedback,base,2,30,2,5,27.0,27,0,0,0,zero,
online_feedback,base,2,31,0,5,17.0,17,0,6,6,zero,
online_feedback,base,2,31,1,5,29.0,29,0,0,0,zero,
online_feedback,base,2,31,2,5,46.0,46,0,0,0,zero,
online_feedback,base,2,32,0,5,18.0,18,0,0,0,zero,
online_feedback,base,2,32,1,5,34.0,34,0,1,1,zero,
online_feedback,base,2,32,2,5,45.0,45,0,0,0,zero,
online_feedback,base,2,33,0,5,13.0,13,0,0,0,zero,
online_feedback,base,2,33,1,5,41.0,41,0,0,0,zero,
online_feedback,base,2,33,2,5,45.0,45,0,0,0,zero,
online_feedback,base,2,34,0,5,14.0,14,0,6,6,zero,
online_feedback,base,2,34,1,5,35.0,35,0,0,0,zero,
online_feedback,base,2,34,2,5,45.0,45,0,0,0,zero,
online_feedback,base,2,35,0,5,15.0,15,0,10,10,zero,
online_feedback,base,2,35,1,5,25.0,25,0,0,0,zero,
online_feedback,base,2,35,2,5,45.0,45,0,0,0,zero,
online_feedback,base,2,36,0,4,11.0,11,0,0,0,zero,
online_feedback,base,2,36,1,4,26.0,26,0,16,16,zero,
online_feedback,base,2,36,2,4,29.0,29,0,0,0,zero,
online_feedback,base,2,37,0,4,7.0,7,0,0,0,zero,
online_feedback,base,2,37,1,4,26.0,26,0,0,0,zero,
online_feedback,base,2,37,2,4,29.0,29,0,0,0,zero,
online_feedback,base,2,38,0,3,10.0,10,0,0,0,zero,
online_feedback,base,2,38,1,3,26.0,26,0,0,0,zero,
online_feedback,base,2,38,2,3,29.0,29,0,0,0,zero,
online_feedback,base,2,39,0,4,16.0,16,0,0,0,zero,
online_feedback,base,2,39,1,4,26.0,26,0,0,0,zero,
online_feedback,base,2,39,2,4,29.0,29,0,0,0,zero,
online_feedback,base,2,40,0,4,12.0,12,0,6,6,zero,
online_feedback,base,2,40,1,4,36.0,36,0,0,0,zero,
online_feedback,base,2,40,2,4,29.0,29,0,0,0,zero,
online_feedback,base,2,41,0,5,7.0,7,0,11,11,zero,
online_feedback,base,2,41,1,5,25.0,25,0,0,0,zero,
online_feedback,base,2,41,2,5,29.0,29,0,0,0,zero,
online_feedback,base,2,42,0,6,1.0,1,0,12,12,zero,
online_feedback,base,2,42,1,6,13.0,13,0,7,7,zero,
online_feedback,base,2,42,2,6,22.0,22,0,0,0,zero,
online_feedback,base,2,43,0,8,7.0,0,7,1,1,zero,
online_feedback,base,2,43,1,8,12.0,12,0,17,17,zero,
online_feedback,base,2,43,2,8,5.0,5,0,0,0,zero,
online_feedback,base,2,44,0,9,10.0,0,10,6,6,zero,
online_feedback,base,2,44,1,9,6.0,6,0,0,0,zero,
online_feedback,base,2,44,2,9,5.0,5,0,19,19,zero,
online_feedback,base,2,45,0,12,11.0,0,11,12,12,zero,
online_feedback,base,2,45,1,12,6.0,0,6,0,0,zero,
online_feedback,base,2,45,2,12,5.0,5,0,2,2,zero,
online_feedback,base,2,46,0,13,12.0,0,12,12,12,zero,
online_feedback,base,2,46,1,13,11.0,0,11,16,16,zero,
online_feedback,base,2,46,2,13,11.0,0,11,0,0,zero,
online_feedback,base,2,47,0,13,24.0,0,24,10,10,zero,
online_feedback,base,2,47,1,13,4.0,0,4,11,11,zero,
online_feedback,base,2,47,2,13,22.0,0,22,19,19,zero,
online_feedback,base,2,48,0,12,30.0,0,30,10,10,zero,
online_feedback,base,2,48,1,12,14.0,0,14,17,17,zero,
online_feedback,base,2,48,2,12,20.0,0,20,0,0,zero,
online_feedback,base,2,49,0,10,34.0,0,34,10,10,zero,
online_feedback,base,2,49,1,10,24.0,0,24,16,16,zero,
online_feedback,base,2,49,2,10,34.0,0,34,19,19,zero,
online_feedback,base,2,50,0,10,37.0,0,37,18,18,zero,
online_feedback,base,2,50,1,10,37.0,0,37,16,16,zero,
online_feedback,base,2,50,2,10,50.0,0,50,20,20,zero,
online_feedback,base,2,51,0,10,30.0,0,30,18,18,zero,
online_feedback,base,2,51,1,10,55.0,0,55,16,16,zero,
online_feedback,base,2,51,2,10,47.0,0,47,20,20,zero,
online_feedback,base,2,52,0,10,40.0,0,40,17,17,zero,
online_feedback,base,2,52,1,10,53.0,0,53,16,16,zero,
online_feedback,base,2,52,2,10,63.0,0,63,20,20,zero,
online_feedback,base,2,53,0,11,51.0,0,51,17,17,zero,
online_feedback,base,2,53,1,11,68.0,0,68,16,16,zero,
online_feedback,base,2,53,2,11,60.0,0,60,20,20,zero,
online_feedback,base,2,54,0,11,57.0,0,57,17,17,zero,
online_feedback,base,2,54,1,11,85.0,0,85,16,16,zero,
online_feedback,base,2,54,2,11,56.0,0,56,20,20,zero,
online_feedback,base,2,55,0,11,68.0,0,68,17,17,zero,
online_feedback,base,2,55,1,11,83.0,0,83,16,16,zero,
online_feedback,base,2,55,2,11,52.0,0,52,20,20,zero,
online_feedback,base,2,56,0,10,59.0,0,59,17,17,zero,
online_feedback,base,2,56,1,10,100.0,0,100,16,16,zero,
online_feedback,base,2,56,2,10,48.0,0,48,20,20,zero,
online_feedback,base,2,57,0,10,67.0,0,67,17,17,zero,
online_feedback,base,2,57,1,10,98.0,0,98,11,11,zero,
online_feedback,base,2,57,2,10,39.0,0,39,20,20,zero,
online_feedback,base,2,58,0,9,76.0,0,76,17,17,zero,
online_feedback,base,2,58,1,9,95.0,0,95,11,11,zero,
online_feedback,base,2,58,2,9,30.0,0,30,16,16,zero,
online_feedback,base,2,59,0,8,65.0,0,65,17,17,zero,
online_feedback,base,2,59,1,8,92.0,0,92,11,11,zero,
online_feedback,base,2,59,2,8,21.0,0,21,16,16,zero,
online_feedback,base,2,60,0,9,74.0,0,74,17,17,zero,
online_feedback,base,2,60,1,9,89.0,0,89,16,16,zero,
online_feedback,base,2,60,2,9,17.0,0,17,3,3,zero,
online_feedback,base,2,61,0,8,63.0,0,63,19,19,zero,
online_feedback,base,2,61,1,8,88.0,0,88,16,16,zero,
online_feedback,base,2,61,2,8,13.0,0,13,19,19,zero,
online_feedback,base,2,62,0,8,51.0,0,51,19,19,zero,
online_feedback,base,2,62,1,8,87.0,0,87,16,16,zero,
online_feedback,base,2,62,2,8,13.0,0,13,20,20,zero,
online_feedback,base,2,63,0,7,38.0,0,38,20,20,zero,
online_feedback,base,2,63,1,7,87.0,0,87,16,16,zero,
online_feedback,base,2,63,2,7,13.0,0,13,20,20,zero,
online_feedback,base,2,64,0,7,25.0,0,25,0,0,zero,
online_feedback,base,2,64,1,7,67.0,0,67,16,16,zero,
online_feedback,base,2,64,2,7,26.0,0,26,20,20,zero,
online_feedback,base,2,65,0,6,11.0,0,11,0,0,zero,
online_feedback,base,2,65,1,6,47.0,0,47,4,4,zero,
online_feedback,base,2,65,2,6,11.0,0,11,20,20,zero,
online_feedback,base,2,66,0,6,3.0,3,0,0,0,zero,
online_feedback,base,2,66,1,6,31.0,0,31,1,1,zero,
online_feedback,base,2,66,2,6,8.0,8,0,3,3,zero,
online_feedback,base,2,67,0,7,16.0,16,0,0,0,zero,
online_feedback,base,2,67,1,7,15.0,0,15,0,0,zero,
online_feedback,base,2,67,2,7,28.0,28,0,0,0,zero,
online_feedback,base,2,68,0,7,29.0,29,0,0,0,zero,
online_feedback,base,2,68,1,7,12.0,0,12,0,0,zero,
online_feedback,base,2,68,2,7,48.0,48,0,0,0,zero,
online_feedback,base,2,69,0,6,43.0,43,0,0,0,zero,
online_feedback,base,2,69,1,6,7.0,7,0,1,1,zero,
online_feedback,base,2,69,2,6,67.0,67,0,0,0,zero,
online_feedback,base,2,70,0,8,51.0,51,0,0,0,zero,
online_feedback,base,2,70,1,8,19.0,19,0,1,1,zero,
online_feedback,base,2,70,2,8,69.0,69,0,0,0,zero,
online_feedback,base,2,71,0,7,60.0,60,0,0,0,zero,
online_feedback,base,2,71,1,7,19.0,19,0,0,0,zero,
online_feedback,base,2,71,2,7,69.0,69,0,0,0,zero,
online_feedback,base,2,72,0,8,55.0,55,0,0,0,zero,
online_feedback,base,2,72,1,8,19.0,19,0,0,0,zero,
online_feedback,base,2,72,2,8,69.0,69,0,0,0,zero,
online_feedback,base,2,73,0,8,59.0,59,0,0,0,zero,
online_feedback,base,2,73,1,8,20.0,20,0,0,0,zero,
online_feedback,base,2,73,2,8,69.0,69,0,0,0,zero,
online_feedback,base,2,74,0,8,51.0,51,0,0,0,zero,
online_feedback,base,2,74,1,8,21.0,21,0,0,0,zero,
online_feedback,base,2,74,2,8,69.0,69,0,0,0,zero,
online_feedback,base,2,75,0,6,45.0,45,0,0,0,zero,
online_feedback,base,2,75,1,6,21.0,21,0,0,0,zero,
online_feedback,base,2,75,2,6,69.0,69,0,0,0,zero,
online_feedback,base,2,76,0,6,39.0,39,0,0,0,zero,
online_feedback,base,2,76,1,6,21.0,21,0,0,0,zero,
online_feedback,base,2,76,2,6,69.0,69,0,0,0,zero,
online_feedback,base,2,77,0,6,33.0,33,0,0,0,zero,
online_feedback,base,2,77,1,6,21.0,21,0,0,0,zero,
online_feedback,base,2,77,2,6,69.0,69,0,0,0,zero,
online_feedback,base,2,78,0,6,27.0,27,0,0,0,zero,
online_feedback,base,2,78,1,6,21.0,21,0,0,0,zero,
online_feedback,base,2,78,2,6,69.0,69,0,0,0,zero,
online_feedback,base,2,79,0,6,21.0,21,0,11,11,zero,
online_feedback,base,2,79,1,6,10.0,10,0,0,0,zero,
online_feedback,base,2,79,2,6,69.0,69,0,0,0,zero,
online_feedback,base,2,80,0,6,15.0,15,0,9,9,zero,
online_feedback,base,2,80,1,6,1.0,1,0,16,16,zero,
online_feedback,base,2,80,2,6,53.0,53,0,0,0,zero,
online_feedback,base,2,81,0,5,10.0,10,0,0,0,zero,
online_feedback,base,2,81,1,5,1.0,1,0,0,0,zero,
online_feedback,base,2,81,2,5,53.0,53,0,0,0,zero,
online_feedback,base,2,82,0,5,5.0,5,0,0,0,zero,
online_feedback,base,2,82,1,5,1.0,1,0,0,0,zero,
online_feedback,base,2,82,2,5,53.0,53,0,0,0,zero,
online_feedback,base,2,83,0,5,11.0,11,0,6,6,zero,
online_feedback,base,2,83,1,5,5.0,0,5,0,0,zero,
online_feedback,base,2,83,2,5,53.0,53,0,0,0,zero,
online_feedback,base,2,84,0,4,16.0,16,0,10,10,zero,
online_feedback,base,2,84,1,4,1.0,1,0,11,11,zero,
online_feedback,base,2,84,2,4,42.0,42,0,0,0,zero,
online_feedback,base,2,85,0,4,12.0,12,0,0,0,zero,
online_feedback,base,2,85,1,4,1.0,1,0,17,17,zero,
online_feedback,base,2,85,2,4,25.0,25,0,0,0,zero,
online_feedback,base,2,86,0,4,8.0,8,0,0,0,zero,
online_feedback,base,2,86,1,4,1.0,1,0,0,0,zero,
online_feedback,base,2,86,2,4,25.0,25,0,16,16,zero,
online_feedback,base,2,87,0,4,5.0,5,0,0,0,zero,
online_feedback,base,2,87,1,4,1.0,1,0,0,0,zero,
online_feedback,base,2,87,2,4,25.0,25,0,0,0,zero,
online_feedback,base,2,88,0,4,16.0,16,0,0,0,zero,
online_feedback,base,2,88,1,4,12.0,12,0,0,0,zero,
online_feedback,base,2,88,2,4,25.0,25,0,0,0,zero,
online_feedback,base,2,89,0,4,12.0,12,0,4,4,zero,
online_feedback,base,2,89,1,4,25.0,25,0,0,0,zero,
online_feedback,base,2,89,2,4,25.0,25,0,0,0,zero,
online_feedback,base,2,90,0,4,8.0,8,0,11,11,zero,
online_feedback,base,2,90,1,4,14.0,14,0,0,0,zero,
online_feedback,base,2,90,2,4,41.0,41,0,0,0,zero,
online_feedback,base,2,91,0,3,5.0,5,0,0,0,zero,
online_feedback,base,2,91,1,3,14.0,14,0,16,16,zero,
online_feedback,base,2,91,2,3,25.0,25,0,0,0,zero,
online_feedback,base,2,92,0,4,1.0,1,0,0,0,zero,
online_feedback,base,2,92,1,4,14.0,14,0,0,0,zero,
online_feedback,base,2,92,2,4,25.0,25,0,2,2,zero,
online_feedback,base,2,93,0,4,1.0,1,0,0,0,zero,
online_feedback,base,2,93,1,4,14.0,14,0,0,0,zero,
online_feedback,base,2,93,2,4,25.0,25,0,0,0,zero,
online_feedback,base,2,94,0,3,9.0,9,0,4,4,zero,
online_feedback,base,2,94,1,3,10.0,10,0,0,0,zero,
online_feedback,base,2,94,2,3,25.0,25,0,0,0,zero,
online_feedback,base,2,95,0,4,5.0,5,0,4,4,zero,
online_feedback,base,2,95,1,4,22.0,22,0,0,0,zero,
online_feedback,base,2,95,2,4,25.0,25,0,0,0,zero,
online_feedback,base,2,96,0,4,1.0,1,0,12,12,zero,
online_feedback,base,2,96,1,4,10.0,10,0,0,0,zero,
online_feedback,base,2,96,2,4,27.0,27,0,0,0,zero,
online_feedback,base,2,97,0,4,3.0,0,3,1,1,zero,
online_feedback,base,2,97,1,4,9.0,9,0,17,17,zero,
online_feedback,base,2,97,2,4,10.0,10,0,0,0,zero,
online_feedback,base,2,98,0,4,3.0,0,3,1,1,zero,
online_feedback,base,2,98,1,4,8.0,8,0,0,0,zero,
online_feedback,base,2,98,2,4,10.0,10,0,16,16,zero,
online_feedback,base,2,99,0,4,3.0,0,3,1,1,zero,
online_feedback,base,2,99,1,4,7.0,7,0,0,0,zero,
online_feedback,base,2,99,2,4,10.0,10,0,0,0,zero,
online_feedback,base,2,100,0,5,4.0,4,0,4,4,zero,
online_feedback,base,2,100,1,5,3.0,3,0,0,0,zero,
online_feedback,base,2,100,2,5,10.0,10,0,0,0,zero,
online_feedback,base,2,101,0,5,-0.0,0,0,12,12,zero,
online_feedback,base,2,101,1,5,8.0,8,0,8,8,zero,
online_feedback,base,2,101,2,5,2.0,2,0,0,0,zero,
online_feedback,base,2,102,0,6,5.0,0,5,4,4,zero,
online_feedback,base,2,102,1,6,4.0,4,0,17,17,zero,
online_feedback,base,2,102,2,6,1.0,1,0,2,2,zero,
online_feedback,base,2,103,0,4,8.0,0,8,6,6,zero,
online_feedback,base,2,103,1,4,2.0,0,2,0,0,zero,
online_feedback,base,2,103,2,4,1.0,1,0,19,19,zero,
online_feedback,base,2,104,0,4,8.0,0,8,4,4,zero,
online_feedback,base,2,104,1,4,6.0,0,6,16,16,zero,
online_feedback,base,2,104,2,4,15.0,0,15,16,16,zero,
online_feedback,base,2,105,0,4,-0.0,0,0,6,6,zero,
online_feedback,base,2,105,1,4,4.0,0,4,8,8,zero,
online_feedback,base,2,105,2,4,23.0,0,23,19,19,zero,
online_feedback,base,2,106,0,4,-0.0,0,0,6,6,zero,
online_feedback,base,2,106,1,4,7.0,7,0,11,11,zero,
online_feedback,base,2,106,2,4,32.0,0,32,20,20,zero,
online_feedback,base,2,107,0,4,-0.0,0,0,2,2,zero,
online_feedback,base,2,107,1,4,5.0,5,0,17,17,zero,
online_feedback,base,2,107,2,4,30.0,0,30,0,0,zero,
online_feedback,base,2,108,0,4,4.0,0,4,1,1,zero,
online_feedback,base,2,108,1,4,5.0,5,0,0,0,zero,
online_feedback,base,2,108,2,4,14.0,0,14,16,16,zero,
online_feedback,base,2,109,0,4,-0.0,0,0,4,4,zero,
online_feedback,base,2,109,1,4,1.0,1,0,0,0,zero,
online_feedback,base,2,109,2,4,5.0,5,0,0,0,zero,
online_feedback,base,2,110,0,4,6.0,6,0,4,4,zero,
online_feedback,base,2,110,1,4,1.0,0,1,0,0,zero,
online_feedback,base,2,110,2,4,25.0,25,0,0,0,zero,
online_feedback,base,2,111,0,4,4.0,4,0,6,6,zero,
online_feedback,base,2,111,1,4,12.0,12,0,0,0,zero,
online_feedback,base,2,111,2,4,25.0,25,0,0,0,zero,
online_feedback,base,2,112,0,4,1.0,1,0,10,10,zero,
online_feedback,base,2,112,1,4,18.0,18,0,0,0,zero,
online_feedback,base,2,112,2,4,41.0,41,0,0,0,zero,
online_feedback,base,2,113,0,4,1.0,1,0,1,1,zero,
online_feedback,base,2,113,1,4,31.0,31,0,11,11,zero,
online_feedback,base,2,113,2,4,30.0,30,0,0,0,zero,
online_feedback,base,2,114,0,4,-0.0,0,0,1,1,zero,
online_feedback,base,2,114,1,4,30.0,30,0,0,0,zero,
online_feedback,base,2,114,2,4,30.0,30,0,2,2,zero,
online_feedback,base,2,115,0,4,3.0,3,0,1,1,zero,
online_feedback,base,2,115,1,4,29.0,29,0,0,0,zero,
online_feedback,base,2,115,2,4,30.0,30,0,0,0,zero,
online_feedback,base,2,116,0,3,10.0,10,0,4,4,zero,
online_feedback,base,2,116,1,3,25.0,25,0,0,0,zero,
online_feedback,base,2,116,2,3,30.0,30,0,0,0,zero,
online_feedback,base,2,117,0,4,7.0,7,0,0,0,zero,
online_feedback,base,2,117,1,4,36.0,36,0,0,0,zero,
online_feedback,base,2,117,2,4,30.0,30,0,0,0,zero,
online_feedback,base,2,118,0,4,4.0,4,0,11,11,zero,
online_feedback,base,2,118,1,4,25.0,25,0,0,0,zero,
online_feedback,base,2,118,2,4,32.0,32,0,0,0,zero,
online_feedback,base,2,119,0,5,-0.0,0,0,10,10,zero,
online_feedback,base,2,119,1,5,15.0,15,0,7,7,zero,
online_feedback,base,2,119,2,5,25.0,25,0,0,0,zero,
online_feedback,base,2,120,0,4,-0.0,0,0,0,0,zero,
online_feedback,base,2,120,1,4,15.0,15,0,17,17,zero,
online_feedback,base,2,120,2,4,8.0,8,0,0,0,zero,
online_feedback,base,2,121,0,4,4.0,0,4,0,0,zero,
online_feedback,base,2,121,1,4,15.0,15,0,0,0,zero,
online_feedback,base,2,121,2,4,8.0,8,0,19,19,zero,
online_feedback,base,2,122,0,5,2.0,2,0,1,1,zero,
online_feedback,base,2,122,1,5,14.0,14,0,0,0,zero,
online_feedback,base,2,122,2,5,8.0,8,0,0,0,zero,
online_feedback,base,2,123,0,4,8.0,8,0,6,6,zero,
online_feedback,base,2,123,1,4,15.0,15,0,0,0,zero,
online_feedback,base,2,123,2,4,8.0,8,0,0,0,zero,
online_feedback,base,2,124,0,4,4.0,4,0,12,12,zero,
online_feedback,base,2,124,1,4,20.0,20,0,0,0,zero,
online_feedback,base,2,124,2,4,8.0,8,0,0,0,zero,
online_feedback,base,2,125,0,4,-0.0,0,0,1,1,zero,
online_feedback,base,2,125,1,4,19.0,19,0,16,16,zero,
online_feedback,base,2,125,2,4,11.0,11,0,0,0,zero,
online_feedback,base,2,126,0,4,3.0,0,3,1,1,zero,
online_feedback,base,2,126,1,4,18.0,18,0,0,0,zero,
online_feedback,base,2,126,2,4,11.0,11,0,19,19,zero,
online_feedback,base,2,127,0,4,1.0,0,1,1,1,zero,
online_feedback,base,2,127,1,4,17.0,17,0,0,0,zero,
online_feedback,base,2,127,2,4,11.0,11,0,0,0,zero,
online_feedback,base,2,128,0,5,6.0,6,0,4,4,zero,
online_feedback,base,2,128,1,5,13.0,13,0,0,0,zero,
online_feedback,base,2,128,2,5,11.0,11,0,0,0,zero,
online_feedback,base,2,129,0,5,2.0,2,0,12,12,zero,
online_feedback,base,2,129,1,5,17.0,17,0,0,0,zero,
online_feedback,base,2,129,2,5,11.0,11,0,0,0,zero,
online_feedback,base,2,130,0,5,2.0,0,2,10,10,zero,
online_feedback,base,2,130,1,5,7.0,7,0,16,16,zero,
online_feedback,base,2,130,2,5,14.0,14,0,0,0,zero,
online_feedback,base,2,131,0,4,5.0,0,5,2,2,zero,
online_feedback,base,2,131,1,4,5.0,5,0,8,8,zero,
online_feedback,base,2,131,2,4,6.0,6,0,19,19,zero,
online_feedback,base,2,132,0,4,5.0,0,5,2,2,zero,
online_feedback,base,2,132,1,4,3.0,3,0,0,0,zero,
online_feedback,base,2,132,2,4,6.0,6,0,15,15,zero,
online_feedback,base,2,133,0,4,3.0,3,0,4,4,zero,
online_feedback,base,2,133,1,4,1.0,0,1,0,0,zero,
online_feedback,base,2,133,2,4,6.0,6,0,0,0,zero,
online_feedback,base,2,134,0,3,10.0,10,0,1,1,zero,
online_feedback,base,2,134,1,3,14.0,14,0,8,8,zero,
online_feedback,base,2,134,2,3,2.0,0,2,0,0,zero,
online_feedback,base,2,135,0,4,8.0,8,0,0,0,zero,
online_feedback,base,2,135,1,4,22.0,22,0,0,0,zero,
online_feedback,base,2,135,2,4,17.0,17,0,0,0,zero,
online_feedback,base,2,136,0,3,7.0,7,0,6,6,zero,
online_feedback,base,2,136,1,3,16.0,16,0,0,0,zero,
online_feedback,base,2,136,2,3,32.0,32,0,0,0,zero,
online_feedback,base,2,137,0,4,6.0,6,0,6,6,zero,
online_feedback,base,2,137,1,4,10.0,10,0,7,7,zero,
online_feedback,base,2,137,2,4,25.0,25,0,0,0,zero,
online_feedback,base,2,138,0,5,3.0,3,0,0,0,zero,
online_feedback,base,2,138,1,5,16.0,16,0,16,16,zero,
online_feedback,base,2,138,2,5,9.0,9,0,0,0,zero,
online_feedback,base,2,139,0,5,2.0,0,2,11,11,zero,
online_feedback,base,2,139,1,5,7.0,7,0,0,0,zero,
online_feedback,base,2,139,2,5,9.0,9,0,19,19,zero,
online_feedback,base,2,140,0,5,1.0,0,1,6,6,zero,
online_feedback,base,2,140,1,5,1.0,1,0,16,16,zero,
online_feedback,base,2,140,2,5,7.0,0,7,4,4,zero,
online_feedback,base,2,141,0,5,-0.0,0,0,0,0,zero,
online_feedback,base,2,141,1,5,8.0,8,0,8,8,zero,
online_feedback,base,2,141,2,5,15.0,0,15,19,19,zero,
online_feedback,base,2,142,0,4,4.0,0,4,4,4,zero,
online_feedback,base,2,142,1,4,20.0,20,0,0,0,zero,
online_feedback,base,2,142,2,4,15.0,0,15,20,20,zero,
online_feedback,base,2,143,0,4,3.0,3,0,4,4,zero,
online_feedback,base,2,143,1,4,16.0,16,0,0,0,zero,
online_feedback,base,2,143,2,4,4.0,4,0,0,0,zero,
online_feedback,base,2,144,0,4,5.0,5,0,1,1,zero,
online_feedback,base,2,144,1,4,24.0,24,0,0,0,zero,
online_feedback,base,2,144,2,4,8.0,8,0,0,0,zero,
online_feedback,base,2,145,0,4,1.0,1,0,6,6,zero,
online_feedback,base,2,145,1,4,18.0,18,0,0,0,zero,
online_feedback,base,2,145,2,4,27.0,27,0,0,0,zero,
online_feedback,base,2,146,0,4,1.0,1,0,10,10,zero,
online_feedback,base,2,146,1,4,8.0,8,0,0,0,zero,
online_feedback,base,2,146,2,4,47.0,47,0,0,0,zero,
online_feedback,base,2,147,0,4,1.0,1,0,1,1,zero,
online_feedback,base,2,147,1,4,22.0,22,0,11,11,zero,
online_feedback,base,2,147,2,4,36.0,36,0,0,0,zero,
online_feedback,base,2,148,0,3,1.0,0,1,1,1,zero,
online_feedback,base,2,148,1,3,21.0,21,0,0,0,zero,
online_feedback,base,2,148,2,3,36.0,36,0,0,0,zero,
online_feedback,base,2,149,0,3,2.0,2,0,1,1,zero,
online_feedback,base,2,149,1,3,20.0,20,0,0,0,zero,
online_feedback,base,2,149,2,3,36.0,36,0,0,0,zero,
online_feedback,base,2,150,0,3,9.0,9,0,1,1,zero,
online_feedback,base,2,150,1,3,19.0,19,0,0,0,zero,
online_feedback,base,2,150,2,3,36.0,36,0,0,0,zero,
online_feedback,base,2,151,0,3,7.0,7,0,4,4,zero,
online_feedback,base,2,151,1,3,26.0,26,0,0,0,zero,
online_feedback,base,2,151,2,3,36.0,36,0,0,0,zero,
online_feedback,base,2,152,0,3,5.0,5,0,6,6,zero,
online_feedback,base,2,152,1,3,20.0,20,0,0,0,zero,
online_feedback,base,2,152,2,3,36.0,36,0,0,0,zero,
online_feedback,base,2,153,0,3,3.0,3,0,0,0,zero,
online_feedback,base,2,153,1,3,20.0,20,0,0,0,zero,
online_feedback,base,2,153,2,3,36.0,36,0,0,0,zero,
online_feedback,base,2,154,0,4,-0.0,0,0,0,0,zero,
online_feedback,base,2,154,1,4,20.0,20,0,0,0,zero,
online_feedback,base,2,154,2,4,36.0,36,0,0,0,zero,
online_feedback,base,2,155,0,4,-0.0,0,0,6,6,zero,
online_feedback,base,2,155,1,4,14.0,14,0,0,0,zero,
online_feedback,base,2,155,2,4,36.0,36,0,0,0,zero,
online_feedback,base,2,156,0,4,2.0,2,0,6,6,zero,
online_feedback,base,2,156,1,4,8.0,8,0,7,7,zero,
online_feedback,base,2,156,2,4,29.0,29,0,0,0,zero,
online_feedback,base,2,157,0,4,2.0,0,2,6,6,zero,
online_feedback,base,2,157,1,4,2.0,2,0,7,7,zero,
online_feedback,base,2,157,2,4,22.0,22,0,0,0,zero,
online_feedback,base,2,158,0,5,7.0,0,7,6,6,zero,
online_feedback,base,2,158,1,5,4.0,0,4,0,0,zero,
online_feedback,base,2,158,2,5,22.0,22,0,0,0,zero,
online_feedback,base,2,159,0,4,5.0,0,5,6,6,zero,
online_feedback,base,2,159,1,4,10.0,0,10,16,16,zero,
online_feedback,base,2,159,2,4,6.0,6,0,0,0,zero,
online_feedback,base,2,160,0,5,4.0,0,4,6,6,zero,
online_feedback,base,2,160,1,5,9.0,0,9,0,0,zero,
online_feedback,base,2,160,2,5,6.0,6,0,19,19,zero,
online_feedback,base,2,161,0,4,2.0,0,2,6,6,zero,
online_feedback,base,2,161,1,4,8.0,0,8,11,11,zero,
online_feedback,base,2,161,2,4,5.0,0,5,0,0,zero,
online_feedback,base,2,162,0,4,4.0,0,4,4,4,zero,
online_feedback,base,2,162,1,4,12.0,0,12,7,7,zero,
online_feedback,base,2,162,2,4,12.0,0,12,19,19,zero,
online_feedback,base,2,163,0,5,9.0,0,9,6,6,zero,
online_feedback,base,2,163,1,5,2.0,0,2,11,11,zero,
online_feedback,base,2,163,2,5,23.0,0,23,18,18,zero,
online_feedback,base,2,164,0,5,7.0,0,7,4,4,zero,
online_feedback,base,2,164,1,5,6.0,0,6,16,16,zero,
online_feedback,base,2,164,2,5,20.0,0,20,15,15,zero,
online_feedback,base,2,165,0,5,5.0,0,5,4,4,zero,
online_feedback,base,2,165,1,5,4.0,0,4,0,0,zero,
online_feedback,base,2,165,2,5,20.0,0,20,19,19,zero,
online_feedback,base,2,166,0,5,10.0,0,10,6,6,zero,
online_feedback,base,2,166,1,5,10.0,0,10,0,0,zero,
online_feedback,base,2,166,2,5,1.0,0,1,0,0,zero,
online_feedback,base,2,167,0,6,-0.0,0,0,6,6,zero,
online_feedback,base,2,167,1,6,16.0,0,16,0,0,zero,
online_feedback,base,2,167,2,6,17.0,17,0,0,0,zero,
online_feedback,base,2,168,0,5,5.0,0,5,12,12,zero,
online_feedback,base,2,168,1,5,9.0,0,9,16,16,zero,
online_feedback,base,2,168,2,5,16.0,16,0,0,0,zero,
online_feedback,base,2,169,0,6,5.0,0,5,6,6,zero,
online_feedback,base,2,169,1,6,15.0,0,15,16,16,zero,
online_feedback,base,2,169,2,6,19.0,19,0,2,2,zero,
online_feedback,base,2,170,0,6,11.0,0,11,2,2,zero,
online_feedback,base,2,170,1,6,2.0,2,0,0,0,zero,
online_feedback,base,2,170,2,6,19.0,19,0,19,19,zero,
online_feedback,base,2,171,0,6,17.0,0,17,2,2,zero,
online_feedback,base,2,171,1,6,1.0,1,0,0,0,zero,
online_feedback,base,2,171,2,6,19.0,19,0,0,0,zero,
online_feedback,base,2,172,0,6,4.0,0,4,6,6,zero,
online_feedback,base,2,172,1,6,11.0,11,0,0,0,zero,
online_feedback,base,2,172,2,6,19.0,19,0,0,0,zero,
online_feedback,base,2,173,0,5,9.0,0,9,6,6,zero,
online_feedback,base,2,173,1,5,21.0,21,0,4,4,zero,
online_feedback,base,2,173,2,5,17.0,17,0,0,0,zero,
online_feedback,base,2,174,0,6,2.0,2,0,6,6,zero,
online_feedback,base,2,174,1,6,15.0,15,0,17,17,zero,
online_feedback,base,2,174,2,6,19.0,19,0,0,0,zero,
online_feedback,base,2,175,0,6,2.0,0,2,12,12,zero,
online_feedback,base,2,175,1,6,3.0,3,0,0,0,zero,
online_feedback,base,2,175,2,6,19.0,19,0,19,19,zero,
online_feedback,base,2,176,0,5,1.0,0,1,4,4,zero,
online_feedback,base,2,176,1,5,1.0,0,1,17,17,zero,
online_feedback,base,2,176,2,5,2.0,2,0,0,0,zero,
online_feedback,base,2,177,0,5,-0.0,0,0,2,2,zero,
online_feedback,base,2,177,1,5,1.0,1,0,0,0,zero,
online_feedback,base,2,177,2,5,2.0,2,0,19,19,zero,
online_feedback,base,2,178,0,5,1.0,1,0,6,6,zero,
online_feedback,base,2,178,1,5,12.0,12,0,0,0,zero,
online_feedback,base,2,178,2,5,2.0,2,0,4,4,zero,
online_feedback,base,2,179,0,5,8.0,8,0,6,6,zero,
online_feedback,base,2,179,1,5,6.0,6,0,16,16,zero,
online_feedback,base,2,179,2,5,5.0,5,0,0,0,zero,
online_feedback,base,2,180,0,4,7.0,7,0,6,6,zero,
online_feedback,base,2,180,1,4,17.0,17,0,0,0,zero,
online_feedback,base,2,180,2,4,5.0,5,0,2,2,zero,
online_feedback,base,2,181,0,5,5.0,5,0,0,0,zero,
online_feedback,base,2,181,1,5,17.0,17,0,0,0,zero,
online_feedback,base,2,181,2,5,24.0,24,0,0,0,zero,
online_feedback,base,2,182,0,5,6.0,6,0,6,6,zero,
online_feedback,base,2,182,1,5,11.0,11,0,0,0,zero,
online_feedback,base,2,182,2,5,28.0,28,0,0,0,zero,
online_feedback,base,2,183,0,6,6.0,6,0,10,10,zero,
online_feedback,base,2,183,1,6,17.0,17,0,1,1,zero,
online_feedback,base,2,183,2,6,27.0,27,0,0,0,zero,
online_feedback,base,2,184,0,5,7.0,7,0,6,6,zero,
online_feedback,base,2,184,1,5,11.0,11,0,17,17,zero,
online_feedback,base,2,184,2,5,12.0,12,0,0,0,zero,
online_feedback,base,2,185,0,5,2.0,2,0,0,0,zero,
online_feedback,base,2,185,1,5,11.0,11,0,0,0,zero,
online_feedback,base,2,185,2,5,12.0,12,0,19,19,zero,
online_feedback,base,2,186,0,4,4.0,4,0,4,4,zero,
online_feedback,base,2,186,1,4,7.0,7,0,0,0,zero,
online_feedback,base,2,186,2,4,12.0,12,0,0,0,zero,
online_feedback,base,2,187,0,4,10.0,10,0,4,4,zero,
online_feedback,base,2,187,1,4,4.0,4,0,8,8,zero,
online_feedback,base,2,187,2,4,4.0,4,0,0,0,zero,
online_feedback,base,2,188,0,4,12.0,12,0,0,0,zero,
online_feedback,base,2,188,1,4,21.0,21,0,0,0,zero,
online_feedback,base,2,188,2,4,4.0,4,0,0,0,zero,
online_feedback,base,2,189,0,5,7.0,7,0,0,0,zero,
online_feedback,base,2,189,1,5,21.0,21,0,0,0,zero,
online_feedback,base,2,189,2,5,23.0,23,0,0,0,zero,
online_feedback,base,2,190,0,5,6.0,6,0,11,11,zero,
online_feedback,base,2,190,1,5,10.0,10,0,0,0,zero,
online_feedback,base,2,190,2,5,23.0,23,0,0,0,zero,
online_feedback,base,2,191,0,5,5.0,5,0,9,9,zero,
online_feedback,base,2,191,1,5,9.0,9,0,16,16,zero,
online_feedback,base,2,191,2,5,7.0,7,0,0,0,zero,
online_feedback,base,2,192,0,5,-0.0,0,0,0,0,zero,
online_feedback,base,2,192,1,5,9.0,9,0,8,8,zero,
online_feedback,base,2,192,2,5,1.0,0,1,19,19,zero,
online_feedback,base,2,193,0,5,5.0,0,5,1,1,zero,
online_feedback,base,2,193,1,5,8.0,8,0,0,0,zero,
online_feedback,base,2,193,2,5,1.0,0,1,16,16,zero,
online_feedback,base,2,194,0,5,1.0,1,0,4,4,zero,
online_feedback,base,2,194,1,5,4.0,4,0,0,0,zero,
online_feedback,base,2,194,2,5,1.0,0,1,0,0,zero,
online_feedback,base,2,195,0,4,6.0,6,0,6,6,zero,
online_feedback,base,2,195,1,4,14.0,14,0,0,0,zero,
online_feedback,base,2,195,2,4,1.0,0,1,0,0,zero,
online_feedback,base,2,196,0,5,1.0,1,0,10,10,zero,
online_feedback,base,2,196,1,5,11.0,11,0,7,7,zero,
online_feedback,base,2,196,2,5,11.0,11,0,0,0,zero,
online_feedback,base,2,197,0,6,4.0,0,4,2,2,zero,
online_feedback,base,2,197,1,6,9.0,9,0,17,17,zero,
online_feedback,base,2,197,2,6,10.0,10,0,0,0,zero,
online_feedback,base,2,198,0,5,5.0,0,5,6,6,zero,
online_feedback,base,2,198,1,5,3.0,3,0,0,0,zero,
online_feedback,base,2,198,2,5,10.0,10,0,19,19,zero,
online_feedback,base,2,199,0,5,4.0,0,4,6,6,zero,
online_feedback,base,2,199,1,5,3.0,0,3,5,5,zero,
online_feedback,base,2,199,2,5,5.0,5,0,0,0,zero,
online_feedback,base,2,200,0,4,2.0,2,0,6,6,zero,
online_feedback,base,2,200,1,4,1.0,0,1,8,8,zero,
online_feedback,base,2,200,2,4,3.0,0,3,9,9,zero,
online_feedback,base,3,1,0,10,10.0,10,0,16,16,zero,
online_feedback,base,3,1,1,10,4.0,4,0,8,8,zero,
online_feedback,base,3,1,2,10,12.0,12,0,0,0,zero,
online_feedback,base,3,2,0,9,11.0,11,0,10,10,zero,
online_feedback,base,3,2,1,9,4.0,4,0,17,17,zero,
online_feedback,base,3,2,2,9,5.0,5,0,2,2,zero,
online_feedback,base,3,3,0,9,12.0,12,0,0,0,zero,
online_feedback,base,3,3,1,9,14.0,14,0,8,8,zero,
online_feedback,base,3,3,2,9,7.0,7,0,19,19,zero,
online_feedback,base,3,4,0,8,14.0,14,0,10,10,zero,
online_feedback,base,3,4,1,8,14.0,14,0,0,0,zero,
online_feedback,base,3,4,2,8,17.0,17,0,20,20,zero,
online_feedback,base,3,5,0,8,22.0,22,0,10,10,zero,
online_feedback,base,3,5,1,8,12.0,12,0,4,4,zero,
online_feedback,base,3,5,2,8,13.0,13,0,3,3,zero,
online_feedback,base,3,6,0,8,24.0,24,0,0,0,zero,
online_feedback,base,3,6,1,8,29.0,29,0,20,20,zero,
online_feedback,base,3,6,2,8,5.0,0,5,0,0,zero,
online_feedback,base,3,7,0,9,15.0,15,0,0,0,zero,
online_feedback,base,3,7,1,9,37.0,37,0,0,0,zero,
online_feedback,base,3,7,2,9,14.0,14,0,2,2,zero,
online_feedback,base,3,8,0,8,17.0,17,0,11,11,zero,
online_feedback,base,3,8,1,8,26.0,26,0,0,0,zero,
online_feedback,base,3,8,2,8,34.0,34,0,0,0,zero,
online_feedback,base,3,9,0,8,19.0,19,0,9,9,zero,
online_feedback,base,3,9,1,8,21.0,21,0,4,4,zero,
online_feedback,base,3,9,2,8,33.0,33,0,0,0,zero,
online_feedback,base,3,10,0,7,12.0,12,0,16,16,zero,
online_feedback,base,3,10,1,7,20.0,20,0,16,16,zero,
online_feedback,base,3,10,2,7,17.0,17,0,0,0,zero,
online_feedback,base,3,11,0,6,6.0,6,0,0,0,zero,
online_feedback,base,3,11,1,6,25.0,25,0,17,17,zero,
online_feedback,base,3,11,2,6,2.0,2,0,19,19,zero,
online_feedback,base,3,12,0,5,12.0,12,0,0,0,zero,
online_feedback,base,3,12,1,5,25.0,25,0,0,0,zero,
online_feedback,base,3,12,2,5,2.0,2,0,20,20,zero,
online_feedback,base,3,13,0,5,16.0,16,0,0,0,zero,
online_feedback,base,3,13,1,5,29.0,29,0,0,0,zero,
online_feedback,base,3,13,2,5,2.0,2,0,3,3,zero,
online_feedback,base,3,14,0,5,27.0,27,0,0,0,zero,
online_feedback,base,3,14,1,5,45.0,45,0,0,0,zero,
online_feedback,base,3,14,2,5,2.0,2,0,0,0,zero,
online_feedback,base,3,15,0,6,21.0,21,0,0,0,zero,
online_feedback,base,3,15,1,6,62.0,62,0,0,0,zero,
online_feedback,base,3,15,2,6,21.0,21,0,0,0,zero,
online_feedback,base,3,16,0,6,15.0,15,0,11,11,zero,
online_feedback,base,3,16,1,6,51.0,51,0,0,0,zero,
online_feedback,base,3,16,2,6,41.0,41,0,0,0,zero,
online_feedback,base,3,17,0,7,8.0,8,0,16,16,zero,
online_feedback,base,3,17,1,7,35.0,35,0,0,0,zero,
online_feedback,base,3,17,2,7,44.0,44,0,0,0,zero,
online_feedback,base,3,18,0,6,2.0,2,0,12,12,zero,
online_feedback,base,3,18,1,6,23.0,23,0,16,16,zero,
online_feedback,base,3,18,2,6,28.0,28,0,0,0,zero,
online_feedback,base,3,19,0,6,4.0,0,4,1,1,zero,
online_feedback,base,3,19,1,6,22.0,22,0,17,17,zero,
online_feedback,base,3,19,2,6,11.0,11,0,2,2,zero,
online_feedback,base,3,20,0,7,-0.0,0,0,1,1,zero,
online_feedback,base,3,20,1,7,21.0,21,0,0,0,zero,
online_feedback,base,3,20,2,7,11.0,11,0,19,19,zero,
online_feedback,base,3,21,0,6,10.0,10,0,4,4,zero,
online_feedback,base,3,21,1,6,17.0,17,0,0,0,zero,
online_feedback,base,3,21,2,6,11.0,11,0,4,4,zero,
online_feedback,base,3,22,0,6,16.0,16,0,6,6,zero,
online_feedback,base,3,22,1,6,27.0,27,0,0,0,zero,
online_feedback,base,3,22,2,6,11.0,11,0,0,0,zero,
online_feedback,base,3,23,0,6,11.0,11,0,10,10,zero,
online_feedback,base,3,23,1,6,34.0,34,0,0,0,zero,
online_feedback,base,3,23,2,6,13.0,13,0,0,0,zero,
online_feedback,base,3,24,0,6,6.0,6,0,9,9,zero,
online_feedback,base,3,24,1,6,25.0,25,0,1,1,zero,
online_feedback,base,3,24,2,6,31.0,31,0,0,0,zero,
online_feedback,base,3,25,0,6,4.0,4,0,0,0,zero,
online_feedback,base,3,25,1,6,25.0,25,0,16,16,zero,
online_feedback,base,3,25,2,6,19.0,19,0,0,0,zero,
online_feedback,base,3,26,0,6,4.0,4,0,6,6,zero,
online_feedback,base,3,26,1,6,19.0,19,0,0,0,zero,
online_feedback,base,3,26,2,6,19.0,19,0,16,16,zero,
online_feedback,base,3,27,0,6,8.0,8,0,6,6,zero,
online_feedback,base,3,27,1,6,13.0,13,0,0,0,zero,
online_feedback,base,3,27,2,6,19.0,19,0,0,0,zero,
online_feedback,base,3,28,0,6,11.0,11,0,0,0,zero,
online_feedback,base,3,28,1,6,14.0,14,0,7,7,zero,
online_feedback,base,3,28,2,6,12.0,12,0,0,0,zero,
online_feedback,base,3,29,0,7,4.0,4,0,11,11,zero,
online_feedback,base,3,29,1,7,19.0,19,0,0,0,zero,
online_feedback,base,3,29,2,7,12.0,12,0,0,0,zero,
online_feedback,base,3,30,0,7,3.0,3,0,11,11,zero,
online_feedback,base,3,30,1,7,8.0,8,0,16,16,zero,
online_feedback,base,3,30,2,7,12.0,12,0,0,0,zero,
online_feedback,base,3,31,0,7,2.0,2,0,1,1,zero,
online_feedback,base,3,31,1,7,7.0,7,0,16,16,zero,
online_feedback,base,3,31,2,7,4.0,0,4,19,19,zero,
online_feedback,base,3,32,0,7,5.0,0,5,6,6,zero,
online_feedback,base,3,32,1,7,8.0,8,0,0,0,zero,
online_feedback,base,3,32,2,7,4.0,0,4,20,20,zero,
online_feedback,base,3,33,0,6,-0.0,0,0,10,10,zero,
online_feedback,base,3,33,1,6,2.0,0,2,0,0,zero,
online_feedback,base,3,33,2,6,4.0,0,4,3,3,zero,
online_feedback,base,3,34,0,7,4.0,4,0,4,4,zero,
online_feedback,base,3,34,1,7,10.0,10,0,11,11,zero,
online_feedback,base,3,34,2,7,15.0,0,15,0,0,zero,
online_feedback,base,3,35,0,7,2.0,0,2,12,12,zero,
online_feedback,base,3,35,1,7,10.0,10,0,1,1,zero,
online_feedback,base,3,35,2,7,3.0,3,0,0,0,zero,
online_feedback,base,3,36,0,7,3.0,0,3,6,6,zero,
online_feedback,base,3,36,1,7,4.0,4,0,17,17,zero,
online_feedback,base,3,36,2,7,6.0,6,0,0,0,zero,
online_feedback,base,3,37,0,6,1.0,0,1,6,6,zero,
online_feedback,base,3,37,1,6,2.0,0,2,0,0,zero,
online_feedback,base,3,37,2,6,9.0,9,0,19,19,zero,
online_feedback,base,3,38,0,6,1.0,0,1,6,6,zero,
online_feedback,base,3,38,1,6,8.0,0,8,16,16,zero,
online_feedback,base,3,38,2,6,7.0,0,7,3,3,zero,
online_feedback,base,3,39,0,6,5.0,5,0,6,6,zero,
online_feedback,base,3,39,1,6,2.0,2,0,0,0,zero,
online_feedback,base,3,39,2,6,7.0,0,7,19,19,zero,
online_feedback,base,3,40,0,6,5.0,5,0,10,10,zero,
online_feedback,base,3,40,1,6,9.0,9,0,11,11,zero,
online_feedback,base,3,40,2,6,18.0,0,18,4,4,zero,
online_feedback,base,3,41,0,5,4.0,4,0,2,2,zero,
online_feedback,base,3,41,1,5,7.0,7,0,17,17,zero,
online_feedback,base,3,41,2,5,16.0,0,16,19,19,zero,
online_feedback,base,3,42,0,6,2.0,0,2,1,1,zero,
online_feedback,base,3,42,1,6,15.0,15,0,0,0,zero,
online_feedback,base,3,42,2,6,13.0,0,13,20,20,zero,
online_feedback,base,3,43,0,7,5.0,5,0,4,4,zero,
online_feedback,base,3,43,1,7,11.0,11,0,0,0,zero,
online_feedback,base,3,43,2,7,6.0,6,0,0,0,zero,
online_feedback,base,3,44,0,7,8.0,8,0,12,12,zero,
online_feedback,base,3,44,1,7,1.0,0,1,0,0,zero,
online_feedback,base,3,44,2,7,10.0,10,0,0,0,zero,
online_feedback,base,3,45,0,8,2.0,2,0,12,12,zero,
online_feedback,base,3,45,1,8,6.0,6,0,16,16,zero,
online_feedback,base,3,45,2,8,13.0,13,0,0,0,zero,
online_feedback,base,3,46,0,7,4.0,0,4,12,12,zero,
online_feedback,base,3,46,1,7,3.0,0,3,16,16,zero,
online_feedback,base,3,46,2,7,17.0,17,0,2,2,zero,
online_feedback,base,3,47,0,6,6.0,0,6,2,2,zero,
online_feedback,base,3,47,1,6,8.0,8,0,8,8,zero,
online_feedback,base,3,47,2,6,9.0,9,0,19,19,zero,
online_feedback,base,3,48,0,6,1.0,0,1,2,2,zero,
online_feedback,base,3,48,1,6,6.0,6,0,0,0,zero,
online_feedback,base,3,48,2,6,9.0,9,0,20,20,zero,
online_feedback,base,3,49,0,6,6.0,6,0,4,4,zero,
online_feedback,base,3,49,1,6,18.0,18,0,0,0,zero,
online_feedback,base,3,49,2,6,9.0,9,0,3,3,zero,
online_feedback,base,3,50,0,4,11.0,11,0,10,10,zero,
online_feedback,base,3,50,1,4,24.0,24,0,0,0,zero,
online_feedback,base,3,50,2,4,11.0,11,0,0,0,zero,
online_feedback,base,3,51,0,5,11.0,11,0,0,0,zero,
online_feedback,base,3,51,1,5,32.0,32,0,4,4,zero,
online_feedback,base,3,51,2,5,26.0,26,0,0,0,zero,
online_feedback,base,3,52,0,5,8.0,8,0,0,0,zero,
online_feedback,base,3,52,1,5,32.0,32,0,0,0,zero,
online_feedback,base,3,52,2,5,46.0,46,0,0,0,zero,
online_feedback,base,3,53,0,4,8.0,8,0,6,6,zero,
online_feedback,base,3,53,1,4,26.0,26,0,0,0,zero,
online_feedback,base,3,53,2,4,49.0,49,0,0,0,zero,
online_feedback,base,3,54,0,4,14.0,14,0,0,0,zero,
online_feedback,base,3,54,1,4,26.0,26,0,0,0,zero,
online_feedback,base,3,54,2,4,49.0,49,0,0,0,zero,
online_feedback,base,3,55,0,5,9.0,9,0,0,0,zero,
online_feedback,base,3,55,1,5,30.0,30,0,0,0,zero,
online_feedback,base,3,55,2,5,49.0,49,0,0,0,zero,
online_feedback,base,3,56,0,5,4.0,4,0,11,11,zero,
online_feedback,base,3,56,1,5,19.0,19,0,0,0,zero,
online_feedback,base,3,56,2,5,49.0,49,0,0,0,zero,
online_feedback,base,3,57,0,4,6.0,6,0,10,10,zero,
online_feedback,base,3,57,1,4,9.0,9,0,16,16,zero,
online_feedback,base,3,57,2,4,33.0,33,0,0,0,zero,
online_feedback,base,3,58,0,4,2.0,2,0,0,0,zero,
online_feedback,base,3,58,1,4,9.0,9,0,8,8,zero,
online_feedback,base,3,58,2,4,25.0,25,0,0,0,zero,
online_feedback,base,3,59,0,4,2.0,0,2,0,0,zero,
online_feedback,base,3,59,1,4,9.0,9,0,0,0,zero,
online_feedback,base,3,59,2,4,25.0,25,0,16,16,zero,
online_feedback,base,3,60,0,4,5.0,5,0,1,1,zero,
online_feedback,base,3,60,1,4,8.0,8,0,0,0,zero,
online_feedback,base,3,60,2,4,25.0,25,0,0,0,zero,
online_feedback,base,3,61,0,4,11.0,11,0,4,4,zero,
online_feedback,base,3,61,1,4,20.0,20,0,0,0,zero,
online_feedback,base,3,61,2,4,25.0,25,0,0,0,zero,
online_feedback,base,3,62,0,3,8.0,8,0,6,6,zero,
online_feedback,base,3,62,1,3,22.0,22,0,0,0,zero,
online_feedback,base,3,62,2,3,25.0,25,0,0,0,zero,
online_feedback,base,3,63,0,4,4.0,4,0,0,0,zero,
online_feedback,base,3,63,1,4,22.0,22,0,0,0,zero,
online_feedback,base,3,63,2,4,41.0,41,0,0,0,zero,
online_feedback,base,3,64,0,3,2.0,2,0,6,6,zero,
online_feedback,base,3,64,1,3,16.0,16,0,0,0,zero,
online_feedback,base,3,64,2,3,41.0,41,0,0,0,zero,
online_feedback,base,3,65,0,3,3.0,3,0,0,0,zero,
online_feedback,base,3,65,1,3,16.0,16,0,7,7,zero,
online_feedback,base,3,65,2,3,34.0,34,0,0,0,zero,
online_feedback,base,3,66,0,3,6.0,6,0,0,0,zero,
online_feedback,base,3,66,1,3,16.0,16,0,0,0,zero,
online_feedback,base,3,66,2,3,34.0,34,0,0,0,zero,
online_feedback,base,3,67,0,4,2.0,2,0,6,6,zero,
online_feedback,base,3,67,1,4,10.0,10,0,0,0,zero,
online_feedback,base,3,67,2,4,34.0,34,0,0,0,zero,
online_feedback,base,3,68,0,4,4.0,4,0,10,10,zero,
online_feedback,base,3,68,1,4,-0.0,0,0,16,16,zero,
online_feedback,base,3,68,2,4,18.0,18,0,0,0,zero,
online_feedback,base,3,69,0,4,-0.0,0,0,0,0,zero,
online_feedback,base,3,69,1,4,7.0,7,0,8,8,zero,
online_feedback,base,3,69,2,4,10.0,10,0,2,2,zero,
online_feedback,base,3,70,0,4,4.0,0,4,1,1,zero,
online_feedback,base,3,70,1,4,6.0,6,0,0,0,zero,
online_feedback,base,3,70,2,4,10.0,10,0,19,19,zero,
online_feedback,base,3,71,0,4,2.0,0,2,4,4,zero,
online_feedback,base,3,71,1,4,2.0,2,0,0,0,zero,
online_feedback,base,3,71,2,4,10.0,10,0,0,0,zero,
online_feedback,base,3,72,0,4,4.0,4,0,4,4,zero,
online_feedback,base,3,72,1,4,14.0,14,0,0,0,zero,
online_feedback,base,3,72,2,4,10.0,10,0,0,0,zero,
online_feedback,base,3,73,0,5,1.0,0,1,12,12,zero,
online_feedback,base,3,73,1,5,10.0,10,0,0,0,zero,
online_feedback,base,3,73,2,5,12.0,12,0,0,0,zero,
online_feedback,base,3,74,0,5,5.0,0,5,2,2,zero,
online_feedback,base,3,74,1,5,8.0,8,0,17,17,zero,
online_feedback,base,3,74,2,5,14.0,14,0,0,0,zero,
online_feedback,base,3,75,0,5,6.0,0,6,4,4,zero,
online_feedback,base,3,75,1,5,4.0,4,0,0,0,zero,
online_feedback,base,3,75,2,5,14.0,14,0,19,19,zero,
online_feedback,base,3,76,0,5,7.0,0,7,6,6,zero,
online_feedback,base,3,76,1,5,2.0,0,2,0,0,zero,
online_feedback,base,3,76,2,5,14.0,14,0,0,0,zero,
online_feedback,base,3,77,0,4,1.0,1,0,6,6,zero,
online_feedback,base,3,77,1,4,8.0,0,8,8,8,zero,
online_feedback,base,3,77,2,4,6.0,6,0,0,0,zero,
online_feedback,base,3,78,0,5,2.0,0,2,6,6,zero,
online_feedback,base,3,78,1,5,3.0,3,0,11,11,zero,
online_feedback,base,3,78,2,5,5.0,0,5,0,0,zero,
online_feedback,base,3,79,0,5,3.0,0,3,6,6,zero,
online_feedback,base,3,79,1,5,3.0,0,3,8,8,zero,
online_feedback,base,3,79,2,5,6.0,6,0,19,19,zero,
online_feedback,base,3,80,0,5,4.0,0,4,2,2,zero,
online_feedback,base,3,80,1,5,5.0,0,5,0,0,zero,
online_feedback,base,3,80,2,5,6.0,6,0,15,15,zero,
online_feedback,base,3,81,0,5,9.0,0,9,4,4,zero,
online_feedback,base,3,81,1,5,1.0,0,1,0,0,zero,
online_feedback,base,3,81,2,5,6.0,6,0,0,0,zero,
online_feedback,base,3,82,0,5,-0.0,0,0,4,4,zero,
online_feedback,base,3,82,1,5,1.0,1,0,8,8,zero,
online_feedback,base,3,82,2,5,2.0,0,2,0,0,zero,
online_feedback,base,3,83,0,5,2.0,0,2,6,6,zero,
online_feedback,base,3,83,1,5,8.0,8,0,8,8,zero,
online_feedback,base,3,83,2,5,9.0,9,0,0,0,zero,
online_feedback,base,3,84,0,5,7.0,0,7,6,6,zero,
online_feedback,base,3,84,1,5,2.0,2,0,0,0,zero,
online_feedback,base,3,84,2,5,24.0,24,0,2,2,zero,
online_feedback,base,3,85,0,5,4.0,0,4,6,6,zero,
online_feedback,base,3,85,1,5,4.0,0,4,17,17,zero,
online_feedback,base,3,85,2,5,7.0,7,0,0,0,zero,
online_feedback,base,3,86,0,4,3.0,0,3,6,6,zero,
online_feedback,base,3,86,1,4,4.0,0,4,0,0,zero,
online_feedback,base,3,86,2,4,7.0,7,0,19,19,zero,
online_feedback,base,3,87,0,5,2.0,0,2,6,6,zero,
online_feedback,base,3,87,1,5,-0.0,0,0,8,8,zero,
online_feedback,base,3,87,2,5,1.0,0,1,0,0,zero,
online_feedback,base,3,88,0,5,1.0,0,1,2,2,zero,
online_feedback,base,3,88,1,5,2.0,0,2,8,8,zero,
online_feedback,base,3,88,2,5,7.0,0,7,19,19,zero,
online_feedback,base,3,89,0,5,4.0,0,4,6,6,zero,
online_feedback,base,3,89,1,5,9.0,9,0,8,8,zero,
online_feedback,base,3,89,2,5,15.0,0,15,18,18,zero,
online_feedback,base,3,90,0,4,2.0,0,2,6,6,zero,
online_feedback,base,3,90,1,4,3.0,3,0,16,16,zero,
online_feedback,base,3,90,2,4,12.0,0,12,0,0,zero,
online_feedback,base,3,91,0,5,3.0,3,0,2,2,zero,
online_feedback,base,3,91,1,5,8.0,8,0,0,0,zero,
online_feedback,base,3,91,2,5,12.0,0,12,19,19,zero,
online_feedback,base,3,92,0,5,2.0,0,2,6,6,zero,
online_feedback,base,3,92,1,5,4.0,4,0,0,0,zero,
online_feedback,base,3,92,2,5,7.0,7,0,0,0,zero,
online_feedback,base,3,93,0,4,2.0,2,0,6,6,zero,
online_feedback,base,3,93,1,4,2.0,0,2,0,0,zero,
online_feedback,base,3,93,2,4,25.0,25,0,0,0,zero,
online_feedback,base,3,94,0,4,4.0,4,0,1,1,zero,
online_feedback,base,3,94,1,4,16.0,16,0,16,16,zero,
online_feedback,base,3,94,2,4,9.0,9,0,0,0,zero,
online_feedback,base,3,95,0,5,1.0,1,0,6,6,zero,
online_feedback,base,3,95,1,5,10.0,10,0,0,0,zero,
online_feedback,base,3,95,2,5,28.0,28,0,16,16,zero,
online_feedback,base,3,96,0,5,2.0,2,0,6,6,zero,
online_feedback,base,3,96,1,5,16.0,16,0,0,0,zero,
online_feedback,base,3,96,2,5,28.0,28,0,0,0,zero,
online_feedback,base,3,97,0,5,1.0,1,0,10,10,zero,
online_feedback,base,3,97,1,5,6.0,6,0,7,7,zero,
online_feedback,base,3,97,2,5,21.0,21,0,0,0,zero,
online_feedback,base,3,98,0,6,2.0,0,2,2,2,zero,
online_feedback,base,3,98,1,6,20.0,20,0,16,16,zero,
online_feedback,base,3,98,2,6,5.0,5,0,0,0,zero,
online_feedback,base,3,99,0,7,3.0,0,3,6,6,zero,
online_feedback,base,3,99,1,7,14.0,14,0,0,0,zero,
online_feedback,base,3,99,2,7,21.0,21,0,16,16,zero,
online_feedback,base,3,100,0,6,3.0,0,3,12,12,zero,
online_feedback,base,3,100,1,6,2.0,2,0,0,0,zero,
online_feedback,base,3,100,2,6,21.0,21,0,0,0,zero,
online_feedback,base,3,101,0,5,2.0,2,0,2,2,zero,
online_feedback,base,3,101,1,5,7.0,7,0,16,16,zero,
online_feedback,base,3,101,2,5,5.0,5,0,0,0,zero,
online_feedback,base,3,102,0,5,1.0,0,1,6,6,zero,
online_feedback,base,3,102,1,5,17.0,17,0,0,0,zero,
online_feedback,base,3,102,2,5,5.0,5,0,0,0,zero,
online_feedback,base,3,103,0,5,-0.0,0,0,6,6,zero,
online_feedback,base,3,103,1,5,11.0,11,0,0,0,zero,
online_feedback,base,3,103,2,5,21.0,21,0,0,0,zero,
online_feedback,base,3,104,0,5,7.0,7,0,4,4,zero,
online_feedback,base,3,104,1,5,7.0,7,0,7,7,zero,
online_feedback,base,3,104,2,5,14.0,14,0,0,0,zero,
online_feedback,base,3,105,0,5,4.0,4,0,6,6,zero,
online_feedback,base,3,105,1,5,17.0,17,0,0,0,zero,
online_feedback,base,3,105,2,5,14.0,14,0,19,19,zero,
online_feedback,base,3,106,0,6,4.0,4,0,10,10,zero,
online_feedback,base,3,106,1,6,7.0,7,0,16,16,zero,
online_feedback,base,3,106,2,6,2.0,0,2,0,0,zero,
online_feedback,base,3,107,0,6,4.0,4,0,6,6,zero,
online_feedback,base,3,107,1,6,1.0,1,0,16,16,zero,
online_feedback,base,3,107,2,6,18.0,0,18,19,19,zero,
online_feedback,base,3,108,0,6,2.0,2,0,10,10,zero,
online_feedback,base,3,108,1,6,2.0,0,2,7,7,zero,
online_feedback,base,3,108,2,6,25.0,0,25,19,19,zero,
online_feedback,base,3,109,0,6,2.0,2,0,10,10,zero,
online_feedback,base,3,109,1,6,12.0,0,12,16,16,zero,
online_feedback,base,3,109,2,6,22.0,0,22,0,0,zero,
online_feedback,base,3,110,0,6,6.0,6,0,6,6,zero,
online_feedback,base,3,110,1,6,4.0,0,4,16,16,zero,
online_feedback,base,3,110,2,6,38.0,0,38,19,19,zero,
online_feedback,base,3,111,0,7,5.0,5,0,10,10,zero,
online_feedback,base,3,111,1,7,14.0,0,14,16,16,zero,
online_feedback,base,3,111,2,7,35.0,0,35,20,20,zero,
online_feedback,base,3,112,0,7,6.0,6,0,10,10,zero,
online_feedback,base,3,112,1,7,24.0,0,24,16,16,zero,
online_feedback,base,3,112,2,7,32.0,0,32,20,20,zero,
online_feedback,base,3,113,0,7,1.0,0,1,10,10,zero,
online_feedback,base,3,113,1,7,15.0,0,15,16,16,zero,
online_feedback,base,3,113,2,7,48.0,0,48,20,20,zero,
online_feedback,base,3,114,0,8,5.0,5,0,6,6,zero,
online_feedback,base,3,114,1,8,21.0,0,21,16,16,zero,
online_feedback,base,3,114,2,8,45.0,0,45,20,20,zero,
online_feedback,base,3,115,0,9,4.0,0,4,6,6,zero,
online_feedback,base,3,115,1,9,8.0,0,8,0,0,zero,
online_feedback,base,3,115,2,9,25.0,0,25,20,20,zero,
online_feedback,base,3,116,0,9,13.0,0,13,6,6,zero,
online_feedback,base,3,116,1,9,5.0,5,0,0,0,zero,
online_feedback,base,3,116,2,9,5.0,0,5,0,0,zero,
online_feedback,base,3,117,0,9,3.0,0,3,6,6,zero,
online_feedback,base,3,117,1,9,1.0,0,1,0,0,zero,
online_feedback,base,3,117,2,9,15.0,15,0,0,0,zero,
online_feedback,base,3,118,0,7,10.0,0,10,6,6,zero,
online_feedback,base,3,118,1,7,12.0,12,0,0,0,zero,
online_feedback,base,3,118,2,7,35.0,35,0,0,0,zero,
online_feedback,base,3,119,0,9,-0.0,0,0,6,6,zero,
online_feedback,base,3,119,1,9,26.0,26,0,0,0,zero,
online_feedback,base,3,119,2,9,55.0,55,0,0,0,zero,
online_feedback,base,3,120,0,9,5.0,5,0,6,6,zero,
online_feedback,base,3,120,1,9,40.0,40,0,1,1,zero,
online_feedback,base,3,120,2,9,54.0,54,0,0,0,zero,
online_feedback,base,3,121,0,8,2.0,2,0,12,12,zero,
online_feedback,base,3,121,1,8,33.0,33,0,0,0,zero,
online_feedback,base,3,121,2,8,54.0,54,0,0,0,zero,
online_feedback,base,3,122,0,8,1.0,1,0,12,12,zero,
online_feedback,base,3,122,1,8,21.0,21,0,19,19,zero,
online_feedback,base,3,122,2,8,35.0,35,0,0,0,zero,
online_feedback,base,3,123,0,8,1.0,0,1,2,2,zero,
online_feedback,base,3,123,1,8,19.0,19,0,17,17,zero,
online_feedback,base,3,123,2,8,18.0,18,0,2,2,zero,
online_feedback,base,3,124,0,8,3.0,0,3,10,10,zero,
online_feedback,base,3,124,1,8,10.0,10,0,0,0,zero,
online_feedback,base,3,124,2,8,18.0,18,0,19,19,zero,
online_feedback,base,3,125,0,7,2.0,2,0,10,10,zero,
online_feedback,base,3,125,1,7,-0.0,0,0,16,16,zero,
online_feedback,base,3,125,2,7,2.0,2,0,0,0,zero,
online_feedback,base,3,126,0,8,6.0,6,0,2,2,zero,
online_feedback,base,3,126,1,8,17.0,17,0,7,7,zero,
online_feedback,base,3,126,2,8,5.0,0,5,19,19,zero,
online_feedback,base,3,127,0,9,1.0,0,1,11,11,zero,
online_feedback,base,3,127,1,9,23.0,23,0,0,0,zero,
online_feedback,base,3,127,2,9,3.0,0,3,20,20,zero,
online_feedback,base,3,128,0,9,-0.0,0,0,10,10,zero,
online_feedback,base,3,128,1,9,13.0,13,0,16,16,zero,
online_feedback,base,3,128,2,9,-0.0,0,0,0,0,zero,
online_feedback,base,3,129,0,9,1.0,1,0,6,6,zero,
online_feedback,base,3,129,1,9,23.0,23,0,8,8,zero,
online_feedback,base,3,129,2,9,8.0,0,8,9,9,zero,
online_feedback,base,3,130,0,8,5.0,0,5,12,12,zero,
online_feedback,base,3,130,1,8,13.0,13,0,0,0,zero,
online_feedback,base,3,130,2,8,11.0,11,0,9,9,zero,
online_feedback,base,3,131,0,8,2.0,0,2,10,10,zero,
online_feedback,base,3,131,1,8,5.0,5,0,16,16,zero,
online_feedback,base,3,131,2,8,15.0,15,0,0,0,zero,
online_feedback,base,3,132,0,9,1.0,0,1,6,6,zero,
online_feedback,base,3,132,1,9,18.0,18,0,8,8,zero,
online_feedback,base,3,132,2,9,7.0,7,0,19,19,zero,
online_feedback,base,3,133,0,9,4.0,0,4,12,12,zero,
online_feedback,base,3,133,1,9,6.0,6,0,0,0,zero,
online_feedback,base,3,133,2,9,16.0,16,0,3,3,zero,
online_feedback,base,3,134,0,8,-0.0,0,0,10,10,zero,
online_feedback,base,3,134,1,8,4.0,4,0,16,16,zero,
online_feedback,base,3,134,2,8,9.0,9,0,0,0,zero,
online_feedback,base,3,135,0,8,2.0,2,0,6,6,zero,
online_feedback,base,3,135,1,8,14.0,14,0,11,11,zero,
online_feedback,base,3,135,2,8,2.0,0,2,19,19,zero,
online_feedback,base,3,136,0,8,-0.0,0,0,10,10,zero,
online_feedback,base,3,136,1,8,12.0,12,0,1,1,zero,
online_feedback,base,3,136,2,8,16.0,16,0,16,16,zero,
online_feedback,base,3,137,0,8,4.0,4,0,10,10,zero,
online_feedback,base,3,137,1,8,2.0,2,0,16,16,zero,
online_feedback,base,3,137,2,8,3.0,3,0,0,0,zero,
online_feedback,base,3,138,0,9,5.0,5,0,6,6,zero,
online_feedback,base,3,138,1,9,12.0,12,0,8,8,zero,
online_feedback,base,3,138,2,9,5.0,0,5,19,19,zero,
online_feedback,base,3,139,0,9,2.0,2,0,12,12,zero,
online_feedback,base,3,139,1,9,9.0,9,0,1,1,zero,
online_feedback,base,3,139,2,9,13.0,13,0,0,0,zero,
online_feedback,base,3,140,0,9,3.0,3,0,12,12,zero,
online_feedback,base,3,140,1,9,-0.0,0,0,17,17,zero,
online_feedback,base,3,140,2,9,12.0,12,0,0,0,zero,
online_feedback,base,3,141,0,8,5.0,5,0,2,2,zero,
online_feedback,base,3,141,1,8,14.0,14,0,16,16,zero,
online_feedback,base,3,141,2,8,4.0,0,4,9,9,zero,
online_feedback,base,3,142,0,8,3.0,3,0,10,10,zero,
online_feedback,base,3,142,1,8,7.0,7,0,0,0,zero,
online_feedback,base,3,142,2,8,15.0,15,0,19,19,zero,
online_feedback,base,3,143,0,7,8.0,8,0,10,10,zero,
online_feedback,base,3,143,1,7,3.0,3,0,8,8,zero,
online_feedback,base,3,143,2,7,7.0,7,0,3,3,zero,
online_feedback,base,3,144,0,7,13.0,13,0,1,1,zero,
online_feedback,base,3,144,1,7,19.0,19,0,16,16,zero,
online_feedback,base,3,144,2,7,9.0,0,9,9,9,zero,
online_feedback,base,3,145,0,8,7.0,7,0,6,6,zero,
online_feedback,base,3,145,1,8,25.0,25,0,0,0,zero,
online_feedback,base,3,145,2,8,-0.0,0,0,19,19,zero,
online_feedback,base,3,146,0,6,11.0,11,0,11,11,zero,
online_feedback,base,3,146,1,6,18.0,18,0,1,1,zero,
online_feedback,base,3,146,2,6,18.0,18,0,0,0,zero,
online_feedback,base,3,147,0,6,15.0,15,0,0,0,zero,
online_feedback,base,3,147,1,6,26.0,26,0,16,16,zero,
online_feedback,base,3,147,2,6,5.0,5,0,0,0,zero,
online_feedback,base,3,148,0,6,10.0,10,0,0,0,zero,
online_feedback,base,3,148,1,6,33.0,33,0,0,0,zero,
online_feedback,base,3,148,2,6,14.0,14,0,2,2,zero,
online_feedback,base,3,149,0,6,10.0,10,0,6,6,zero,
online_feedback,base,3,149,1,6,36.0,36,0,0,0,zero,
online_feedback,base,3,149,2,6,33.0,33,0,0,0,zero,
online_feedback,base,3,150,0,6,15.0,15,0,11,11,zero,
online_feedback,base,3,150,1,6,26.0,26,0,0,0,zero,
online_feedback,base,3,150,2,6,33.0,33,0,0,0,zero,
online_feedback,base,3,151,0,6,9.0,9,0,0,0,zero,
online_feedback,base,3,151,1,6,42.0,42,0,4,4,zero,
online_feedback,base,3,151,2,6,29.0,29,0,0,0,zero,
online_feedback,base,3,152,0,6,3.0,3,0,0,0,zero,
online_feedback,base,3,152,1,6,42.0,42,0,0,0,zero,
online_feedback,base,3,152,2,6,31.0,31,0,0,0,zero,
online_feedback,base,3,153,0,6,3.0,3,0,6,6,zero,
online_feedback,base,3,153,1,6,36.0,36,0,0,0,zero,
online_feedback,base,3,153,2,6,31.0,31,0,0,0,zero,
online_feedback,base,3,154,0,6,8.0,8,0,10,10,zero,
online_feedback,base,3,154,1,6,26.0,26,0,0,0,zero,
online_feedback,base,3,154,2,6,31.0,31,0,0,0,zero,
online_feedback,base,3,155,0,7,1.0,1,0,12,12,zero,
online_feedback,base,3,155,1,7,18.0,18,0,16,16,zero,
online_feedback,base,3,155,2,7,15.0,15,0,0,0,zero,
online_feedback,base,3,156,0,7,6.0,0,6,10,10,zero,
online_feedback,base,3,156,1,7,8.0,8,0,16,16,zero,
online_feedback,base,3,156,2,7,1.0,0,1,16,16,zero,
online_feedback,base,3,157,0,9,9.0,0,9,2,2,zero,
online_feedback,base,3,157,1,9,6.0,6,0,0,0,zero,
online_feedback,base,3,157,2,9,1.0,0,1,15,15,zero,
online_feedback,base,3,158,0,8,7.0,0,7,10,10,zero,
online_feedback,base,3,158,1,8,4.0,0,4,0,0,zero,
online_feedback,base,3,158,2,8,1.0,0,1,0,0,zero,
online_feedback,base,3,159,0,8,3.0,0,3,10,10,zero,
online_feedback,base,3,159,1,8,2.0,2,0,11,11,zero,
online_feedback,base,3,159,2,8,12.0,0,12,0,0,zero,
online_feedback,base,3,160,0,8,1.0,0,1,6,6,zero,
online_feedback,base,3,160,1,8,11.0,11,0,16,16,zero,
online_feedback,base,3,160,2,8,12.0,0,12,1,1,zero,
online_feedback,base,3,161,0,7,6.0,0,6,10,10,zero,
online_feedback,base,3,161,1,7,1.0,1,0,0,0,zero,
online_feedback,base,3,161,2,7,3.0,3,0,19,19,zero,
online_feedback,base,3,162,0,8,8.0,0,8,6,6,zero,
online_feedback,base,3,162,1,8,5.0,0,5,0,0,zero,
online_feedback,base,3,162,2,8,3.0,3,0,4,4,zero,
online_feedback,base,3,163,0,8,2.0,0,2,10,10,zero,
online_feedback,base,3,163,1,8,15.0,0,15,16,16,zero,
online_feedback,base,3,163,2,8,13.0,0,13,0,0,zero,
online_feedback,base,3,164,0,8,4.0,0,4,10,10,zero,
online_feedback,base,3,164,1,8,9.0,0,9,11,11,zero,
online_feedback,base,3,164,2,8,23.0,0,23,18,18,zero,
online_feedback,base,3,165,0,8,2.0,0,2,6,6,zero,
online_feedback,base,3,165,1,8,3.0,0,3,11,11,zero,
online_feedback,base,3,165,2,8,15.0,0,15,3,3,zero,
online_feedback,base,3,166,0,9,10.0,0,10,6,6,zero,
online_feedback,base,3,166,1,9,9.0,0,9,0,0,zero,
online_feedback,base,3,166,2,9,11.0,0,11,19,19,zero,
online_feedback,base,3,167,0,11,21.0,0,21,6,6,zero,
online_feedback,base,3,167,1,11,12.0,0,12,16,16,zero,
online_feedback,base,3,167,2,11,27.0,0,27,16,16,zero,
online_feedback,base,3,168,0,12,17.0,0,17,11,11,zero,
online_feedback,base,3,168,1,12,22.0,0,22,16,16,zero,
online_feedback,base,3,168,2,12,25.0,0,25,19,19,zero,
online_feedback,base,3,169,0,13,18.0,0,18,12,12,zero,
online_feedback,base,3,169,1,13,15.0,0,15,16,16,zero,
online_feedback,base,3,169,2,13,38.0,0,38,20,20,zero,
online_feedback,base,3,170,0,12,30.0,0,30,10,10,zero,
online_feedback,base,3,170,1,12,21.0,0,21,17,17,zero,
online_feedback,base,3,170,2,12,36.0,0,36,20,20,zero,
online_feedback,base,3,171,0,10,37.0,0,37,11,11,zero,
online_feedback,base,3,171,1,10,32.0,0,32,16,16,zero,
online_feedback,base,3,171,2,10,36.0,0,36,20,20,zero,
online_feedback,base,3,172,0,9,45.0,0,45,18,18,zero,
online_feedback,base,3,172,1,9,32.0,0,32,16,16,zero,
online_feedback,base,3,172,2,9,33.0,0,33,20,20,zero,
online_feedback,base,3,173,0,8,34.0,0,34,18,18,zero,
online_feedback,base,3,173,1,8,47.0,0,47,17,17,zero,
online_feedback,base,3,173,2,8,30.0,0,30,20,20,zero,
online_feedback,base,3,174,0,9,39.0,0,39,18,18,zero,
online_feedback,base,3,174,1,9,46.0,0,46,16,16,zero,
online_feedback,base,3,174,2,9,26.0,0,26,20,20,zero,
online_feedback,base,3,175,0,8,47.0,0,47,18,18,zero,
online_feedback,base,3,175,1,8,48.0,0,48,16,16,zero,
online_feedback,base,3,175,2,8,22.0,0,22,20,20,zero,
online_feedback,base,3,176,0,8,37.0,0,37,18,18,zero,
online_feedback,base,3,176,1,8,47.0,0,47,20,20,zero,
online_feedback,base,3,176,2,8,22.0,0,22,20,20,zero,
online_feedback,base,3,177,0,8,42.0,0,42,18,18,zero,
online_feedback,base,3,177,1,8,45.0,0,45,19,19,zero,
online_feedback,base,3,177,2,8,21.0,0,21,20,20,zero,
online_feedback,base,3,178,0,8,31.0,0,31,0,0,zero,
online_feedback,base,3,178,1,8,25.0,0,25,19,19,zero,
online_feedback,base,3,178,2,8,20.0,0,20,20,20,zero,
online_feedback,base,3,179,0,8,23.0,0,23,0,0,zero,
online_feedback,base,3,179,1,8,5.0,0,5,0,0,zero,
online_feedback,base,3,179,2,8,-0.0,0,0,20,20,zero,
online_feedback,base,3,180,0,8,12.0,0,12,0,0,zero,
online_feedback,base,3,180,1,8,15.0,15,0,0,0,zero,
online_feedback,base,3,180,2,8,20.0,20,0,3,3,zero,
online_feedback,base,3,181,0,7,1.0,1,0,1,1,zero,
online_feedback,base,3,181,1,7,34.0,34,0,0,0,zero,
online_feedback,base,3,181,2,7,40.0,40,0,0,0,zero,
online_feedback,base,3,182,0,7,14.0,14,0,4,4,zero,
online_feedback,base,3,182,1,7,50.0,50,0,0,0,zero,
online_feedback,base,3,182,2,7,60.0,60,0,0,0,zero,
online_feedback,base,3,183,0,6,28.0,28,0,6,6,zero,
online_feedback,base,3,183,1,6,64.0,64,0,0,0,zero,
online_feedback,base,3,183,2,6,80.0,80,0,0,0,zero,
online_feedback,base,3,184,0,6,27.0,27,0,0,0,zero,
online_feedback,base,3,184,1,6,64.0,64,0,0,0,zero,
online_feedback,base,3,184,2,6,83.0,83,0,0,0,zero,
online_feedback,base,3,185,0,7,21.0,21,0,0,0,zero,
online_feedback,base,3,185,1,7,64.0,64,0,0,0,zero,
online_feedback,base,3,185,2,7,83.0,83,0,0,0,zero,
online_feedback,base,3,186,0,7,18.0,18,0,11,11,zero,
online_feedback,base,3,186,1,7,53.0,53,0,0,0,zero,
online_feedback,base,3,186,2,7,83.0,83,0,0,0,zero,
online_feedback,base,3,187,0,6,18.0,18,0,11,11,zero,
online_feedback,base,3,187,1,6,42.0,42,0,0,0,zero,
online_feedback,base,3,187,2,6,83.0,83,0,0,0,zero,
online_feedback,base,3,188,0,7,11.0,11,0,0,0,zero,
online_feedback,base,3,188,1,7,42.0,42,0,7,7,zero,
online_feedback,base,3,188,2,7,76.0,76,0,0,0,zero,
online_feedback,base,3,189,0,7,4.0,4,0,0,0,zero,
online_feedback,base,3,189,1,7,42.0,42,0,0,0,zero,
online_feedback,base,3,189,2,7,76.0,76,0,0,0,zero,
online_feedback,base,3,190,0,6,9.0,9,0,10,10,zero,
online_feedback,base,3,190,1,6,32.0,32,0,0,0,zero,
online_feedback,base,3,190,2,6,76.0,76,0,0,0,zero,
online_feedback,base,3,191,0,6,14.0,14,0,6,6,zero,
online_feedback,base,3,191,1,6,26.0,26,0,7,7,zero,
online_feedback,base,3,191,2,6,69.0,69,0,0,0,zero,
online_feedback,base,3,192,0,6,8.0,8,0,0,0,zero,
online_feedback,base,3,192,1,6,33.0,33,0,0,0,zero,
online_feedback,base,3,192,2,6,69.0,69,0,0,0,zero,
online_feedback,base,3,193,0,6,2.0,2,0,11,11,zero,
online_feedback,base,3,193,1,6,22.0,22,0,0,0,zero,
online_feedback,base,3,193,2,6,69.0,69,0,0,0,zero,
online_feedback,base,3,194,0,6,6.0,6,0,6,6,zero,
online_feedback,base,3,194,1,6,16.0,16,0,16,16,zero,
online_feedback,base,3,194,2,6,53.0,53,0,0,0,zero,
online_feedback,base,3,195,0,7,5.0,5,0,0,0,zero,
online_feedback,base,3,195,1,7,23.0,23,0,0,0,zero,
online_feedback,base,3,195,2,7,53.0,53,0,0,0,zero,
online_feedback,base,3,196,0,6,1.0,0,1,11,11,zero,
online_feedback,base,3,196,1,6,12.0,12,0,0,0,zero,
online_feedback,base,3,196,2,6,53.0,53,0,0,0,zero,
online_feedback,base,3,197,0,6,4.0,4,0,6,6,zero,
online_feedback,base,3,197,1,6,6.0,6,0,16,16,zero,
online_feedback,base,3,197,2,6,37.0,37,0,0,0,zero,
online_feedback,base,3,198,0,5,5.0,5,0,0,0,zero,
online_feedback,base,3,198,1,5,22.0,22,0,0,0,zero,
online_feedback,base,3,198,2,5,37.0,37,0,0,0,zero,
online_feedback,base,3,199,0,5,-0.0,0,0,4,4,zero,
online_feedback,base,3,199,1,5,18.0,18,0,0,0,zero,
online_feedback,base,3,199,2,5,37.0,37,0,0,0,zero,
online_feedback,base,3,200,0,5,6.0,6,0,6,6,zero,
online_feedback,base,3,200,1,5,12.0,12,0,0,0,zero,
online_feedback,base,3,200,2,5,37.0,37,0,0,0,zero,
online_feedback,shock,0,1,0,10,10.0,10,0,16,16,zero,
online_feedback,shock,0,1,1,10,4.0,4,0,8,8,zero,
online_feedback,shock,0,1,2,10,12.0,12,0,0,0,zero,
online_feedback,shock,0,2,0,8,12.0,12,0,10,10,zero,
online_feedback,shock,0,2,1,8,4.0,4,0,17,17,zero,
online_feedback,shock,0,2,2,8,5.0,5,0,2,2,zero,
online_feedback,shock,0,3,0,8,14.0,14,0,0,0,zero,
online_feedback,shock,0,3,1,8,14.0,14,0,8,8,zero,
online_feedback,shock,0,3,2,8,7.0,7,0,19,19,zero,
online_feedback,shock,0,4,0,7,17.0,17,0,6,6,zero,
online_feedback,shock,0,4,1,7,18.0,18,0,0,0,zero,
online_feedback,shock,0,4,2,7,17.0,17,0,20,20,zero,
online_feedback,shock,0,5,0,7,26.0,26,0,6,6,zero,
online_feedback,shock,0,5,1,7,20.0,20,0,1,1,zero,
online_feedback,shock,0,5,2,7,16.0,16,0,3,3,zero,
online_feedback,shock,0,6,0,7,29.0,29,0,0,0,zero,
online_feedback,shock,0,6,1,7,37.0,37,0,1,1,zero,
online_feedback,shock,0,6,2,7,17.0,17,0,0,0,zero,
online_feedback,shock,0,7,0,7,22.0,22,0,0,0,zero,
online_feedback,shock,0,7,1,7,45.0,45,0,1,1,zero,
online_feedback,shock,0,7,2,7,35.0,35,0,0,0,zero,
online_feedback,shock,0,8,0,7,21.0,21,0,11,11,zero,
online_feedback,shock,0,8,1,7,34.0,34,0,0,0,zero,
online_feedback,shock,0,8,2,7,55.0,55,0,0,0,zero,
online_feedback,shock,0,9,0,7,20.0,20,0,11,11,zero,
online_feedback,shock,0,9,1,7,24.0,24,0,4,4,zero,
online_feedback,shock,0,9,2,7,54.0,54,0,0,0,zero,
online_feedback,shock,0,10,0,7,13.0,13,0,0,0,zero,
online_feedback,shock,0,10,1,7,25.0,25,0,17,17,zero,
online_feedback,shock,0,10,2,7,37.0,37,0,0,0,zero,
online_feedback,shock,0,11,0,6,7.0,7,0,0,0,zero,
online_feedback,shock,0,11,1,6,26.0,26,0,0,0,zero,
online_feedback,shock,0,11,2,6,37.0,37,0,2,2,zero,
online_feedback,shock,0,12,0,5,13.0,13,0,6,6,zero,
online_feedback,shock,0,12,1,5,20.0,20,0,0,0,zero,
online_feedback,shock,0,12,2,5,37.0,37,0,0,0,zero,
online_feedback,shock,0,13,0,5,19.0,19,0,0,0,zero,
online_feedback,shock,0,13,1,5,24.0,24,0,0,0,zero,
online_feedback,shock,0,13,2,5,37.0,37,0,0,0,zero,
online_feedback,shock,0,14,0,5,14.0,14,0,0,0,zero,
online_feedback,shock,0,14,1,5,41.0,41,0,0,0,zero,
online_feedback,shock,0,14,2,5,37.0,37,0,0,0,zero,
online_feedback,shock,0,15,0,4,10.0,10,0,11,11,zero,
online_feedback,shock,0,15,1,4,30.0,30,0,0,0,zero,
online_feedback,shock,0,15,2,4,39.0,39,0,0,0,zero,
online_feedback,shock,0,16,0,4,12.0,12,0,0,0,zero,
online_feedback,shock,0,16,1,4,30.0,30,0,7,7,zero,
online_feedback,shock,0,16,2,4,32.0,32,0,0,0,zero,
online_feedback,shock,0,17,0,4,8.0,8,0,0,0,zero,
online_feedback,shock,0,17,1,4,30.0,30,0,0,0,zero,
online_feedback,shock,0,17,2,4,32.0,32,0,0,0,zero,
online_feedback,shock,0,18,0,4,4.0,4,0,0,0,zero,
online_feedback,shock,0,18,1,4,30.0,30,0,0,0,zero,
online_feedback,shock,0,18,2,4,32.0,32,0,0,0,zero,
online_feedback,shock,0,19,0,4,11.0,11,0,4,4,zero,
online_feedback,shock,0,19,1,4,26.0,26,0,0,0,zero,
online_feedback,shock,0,19,2,4,32.0,32,0,0,0,zero,
online_feedback,shock,0,20,0,5,6.0,6,0,11,11,zero,
online_feedback,shock,0,20,1,5,22.0,22,0,0,0,zero,
online_feedback,shock,0,20,2,5,32.0,32,0,0,0,zero,
online_feedback,shock,0,21,0,5,1.0,1,0,12,12,zero,
online_feedback,shock,0,21,1,5,10.0,10,0,16,16,zero,
online_feedback,shock,0,21,2,5,16.0,16,0,0,0,zero,
online_feedback,shock,0,22,0,6,5.0,0,5,1,1,zero,
online_feedback,shock,0,22,1,6,9.0,9,0,16,16,zero,
online_feedback,shock,0,22,2,6,-0.0,0,0,2,2,zero,
online_feedback,shock,0,23,0,5,6.0,0,6,2,2,zero,
online_feedback,shock,0,23,1,5,7.0,7,0,0,0,zero,
online_feedback,shock,0,23,2,5,-0.0,0,0,19,19,zero,
online_feedback,shock,0,24,0,5,-0.0,0,0,4,4,zero,
online_feedback,shock,0,24,1,5,3.0,3,0,0,0,zero,
online_feedback,shock,0,24,2,5,-0.0,0,0,16,16,zero,
online_feedback,shock,0,25,0,5,7.0,7,0,4,4,zero,
online_feedback,shock,0,25,1,5,15.0,15,0,0,0,zero,
online_feedback,shock,0,25,2,5,-0.0,0,0,0,0,zero,
online_feedback,shock,0,26,0,5,3.0,3,0,12,12,zero,
online_feedback,shock,0,26,1,5,19.0,19,0,0,0,zero,
online_feedback,shock,0,26,2,5,2.0,2,0,0,0,zero,
online_feedback,shock,0,27,0,5,-0.0,0,0,2,2,zero,
online_feedback,shock,0,27,1,5,17.0,17,0,17,17,zero,
online_feedback,shock,0,27,2,5,4.0,4,0,0,0,zero,
online_feedback,shock,0,28,0,5,1.0,0,1,2,2,zero,
online_feedback,shock,0,28,1,5,15.0,15,0,0,0,zero,
online_feedback,shock,0,28,2,5,20.0,20,0,16,16,zero,
online_feedback,shock,0,29,0,5,2.0,0,2,4,4,zero,
online_feedback,shock,0,29,1,5,11.0,11,0,0,0,zero,
online_feedback,shock,0,29,2,5,20.0,20,0,0,0,zero,
online_feedback,shock,0,30,0,5,5.0,5,0,4,4,zero,
online_feedback,shock,0,30,1,5,7.0,7,0,0,0,zero,
online_feedback,shock,0,30,2,5,20.0,20,0,0,0,zero,
online_feedback,shock,0,31,0,5,2.0,2,0,12,12,zero,
online_feedback,shock,0,31,1,5,12.0,12,0,8,8,zero,
online_feedback,shock,0,31,2,5,12.0,12,0,0,0,zero,
online_feedback,shock,0,32,0,5,1.0,0,1,4,4,zero,
online_feedback,shock,0,32,1,5,8.0,8,0,17,17,zero,
online_feedback,shock,0,32,2,5,11.0,11,0,0,0,zero,
online_feedback,shock,0,33,0,5,2.0,0,2,2,2,zero,
online_feedback,shock,0,33,1,5,6.0,6,0,0,0,zero,
online_feedback,shock,0,33,2,5,11.0,11,0,19,19,zero,
online_feedback,shock,0,34,0,5,3.0,0,3,4,4,zero,
online_feedback,shock,0,34,1,5,2.0,2,0,0,0,zero,
online_feedback,shock,0,34,2,5,11.0,11,0,0,0,zero,
online_feedback,shock,0,35,0,5,4.0,4,0,4,4,zero,
online_feedback,shock,0,35,1,5,6.0,6,0,0,0,zero,
online_feedback,shock,0,35,2,5,11.0,11,0,0,0,zero,
online_feedback,shock,0,36,0,4,4.0,4,0,12,12,zero,
online_feedback,shock,0,36,1,4,11.0,11,0,0,0,zero,
online_feedback,shock,0,36,2,4,11.0,11,0,0,0,zero,
online_feedback,shock,0,37,0,5,1.0,1,0,1,1,zero,
online_feedback,shock,0,37,1,5,10.0,10,0,17,17,zero,
online_feedback,shock,0,37,2,5,13.0,13,0,0,0,zero,
online_feedback,shock,0,38,0,4,1.0,1,0,2,2,zero,
online_feedback,shock,0,38,1,4,8.0,8,0,0,0,zero,
online_feedback,shock,0,38,2,4,13.0,13,0,19,19,zero,
online_feedback,shock,0,39,0,4,1.0,1,0,4,4,zero,
online_feedback,shock,0,39,1,4,4.0,4,0,0,0,zero,
online_feedback,shock,0,39,2,4,13.0,13,0,0,0,zero,
online_feedback,shock,0,40,0,4,9.0,9,0,4,4,zero,
online_feedback,shock,0,40,1,4,-0.0,0,0,8,8,zero,
online_feedback,shock,0,40,2,4,5.0,5,0,0,0,zero,
online_feedback,shock,0,41,0,4,6.0,6,0,0,0,zero,
online_feedback,shock,0,41,1,4,17.0,17,0,8,8,zero,
online_feedback,shock,0,41,2,4,3.0,0,3,0,0,zero,
online_feedback,shock,0,42,0,3,5.0,5,0,6,6,zero,
online_feedback,shock,0,42,1,3,11.0,11,0,0,0,zero,
online_feedback,shock,0,42,2,3,16.0,16,0,19,19,zero,
online_feedback,shock,0,43,0,4,5.0,5,0,6,6,zero,
online_feedback,shock,0,43,1,4,5.0,5,0,7,7,zero,
online_feedback,shock,0,43,2,4,9.0,9,0,0,0,zero,
online_feedback,shock,0,44,0,4,5.0,5,0,0,0,zero,
online_feedback,shock,0,44,1,4,13.0,13,0,8,8,zero,
online_feedback,shock,0,44,2,4,1.0,1,0,0,0,zero,
online_feedback,shock,0,45,0,4,1.0,1,0,0,0,zero,
online_feedback,shock,0,45,1,4,18.0,18,0,0,0,zero,
online_feedback,shock,0,45,2,4,1.0,1,0,2,2,zero,
online_feedback,shock,0,46,0,5,2.0,2,0,6,6,zero,
online_feedback,shock,0,46,1,5,15.0,15,0,0,0,zero,
online_feedback,shock,0,46,2,5,20.0,20,0,0,0,zero,
online_feedback,shock,0,47,0,6,2.0,2,0,10,10,zero,
online_feedback,shock,0,47,1,6,12.0,12,0,0,0,zero,
online_feedback,shock,0,47,2,6,20.0,20,0,0,0,zero,
online_feedback,shock,0,48,0,6,4.0,0,4,12,12,zero,
online_feedback,shock,0,48,1,6,8.0,8,0,16,16,zero,
online_feedback,shock,0,48,2,6,4.0,4,0,0,0,zero,
online_feedback,shock,0,49,0,5,9.0,0,9,2,2,zero,
online_feedback,shock,0,49,1,5,6.0,6,0,16,16,zero,
online_feedback,shock,0,49,2,5,10.0,0,10,19,19,zero,
online_feedback,shock,0,50,0,6,9.0,0,9,4,4,zero,
online_feedback,shock,0,50,1,6,2.0,2,0,0,0,zero,
online_feedback,shock,0,50,2,6,10.0,0,10,20,20,zero,
online_feedback,shock,0,51,0,5,4.0,0,4,6,6,zero,
online_feedback,shock,0,51,1,5,4.0,0,4,8,8,zero,
online_feedback,shock,0,51,2,5,18.0,0,18,4,4,zero,
online_feedback,shock,0,52,0,6,2.0,2,0,6,6,zero,
online_feedback,shock,0,52,1,6,6.0,6,0,11,11,zero,
online_feedback,shock,0,52,2,6,29.0,0,29,18,18,zero,
online_feedback,shock,0,53,0,5,1.0,0,1,10,10,zero,
online_feedback,shock,0,53,1,5,2.0,2,0,11,11,zero,
online_feedback,shock,0,53,2,5,21.0,0,21,0,0,zero,
online_feedback,shock,0,54,0,5,2.0,0,2,2,2,zero,
online_feedback,shock,0,54,1,5,-0.0,0,0,0,0,zero,
online_feedback,shock,0,54,2,5,1.0,0,1,19,19,zero,
online_feedback,shock,0,55,0,6,6.0,0,6,4,4,zero,
online_feedback,shock,0,55,1,6,4.0,0,4,0,0,zero,
online_feedback,shock,0,55,2,6,3.0,3,0,4,4,zero,
online_feedback,shock,0,56,0,5,1.0,0,1,6,6,zero,
online_feedback,shock,0,56,1,5,10.0,0,10,0,0,zero,
online_feedback,shock,0,56,2,5,21.0,21,0,0,0,zero,
online_feedback,shock,0,57,0,5,4.0,4,0,6,6,zero,
online_feedback,shock,0,57,1,5,3.0,3,0,8,8,zero,
online_feedback,shock,0,57,2,5,13.0,13,0,0,0,zero,
online_feedback,shock,0,58,0,5,1.0,1,0,6,6,zero,
online_feedback,shock,0,58,1,5,17.0,17,0,11,11,zero,
online_feedback,shock,0,58,2,5,21.0,21,0,0,0,zero,
online_feedback,shock,0,59,0,5,4.0,0,4,2,2,zero,
online_feedback,shock,0,59,1,5,16.0,16,0,0,0,zero,
online_feedback,shock,0,59,2,5,25.0,25,0,19,19,zero,
online_feedback,shock,0,60,0,5,9.0,0,9,4,4,zero,
online_feedback,shock,0,60,1,5,12.0,12,0,0,0,zero,
online_feedback,shock,0,60,2,5,25.0,25,0,0,0,zero,
online_feedback,shock,0,61,0,4,3.0,3,0,4,4,zero,
online_feedback,shock,0,61,1,4,16.0,16,0,1,1,zero,
online_feedback,shock,0,61,2,4,24.0,24,0,0,0,zero,
online_feedback,shock,0,62,0,4,5.0,5,0,1,1,zero,
online_feedback,shock,0,62,1,4,26.0,26,0,1,1,zero,
online_feedback,shock,0,62,2,4,23.0,23,0,0,0,zero,
online_feedback,shock,0,63,0,4,3.0,3,0,6,6,zero,
online_feedback,shock,0,63,1,4,20.0,20,0,0,0,zero,
online_feedback,shock,0,63,2,4,42.0,42,0,0,0,zero,
online_feedback,shock,0,64,0,4,3.0,3,0,10,10,zero,
online_feedback,shock,0,64,1,4,10.0,10,0,7,7,zero,
online_feedback,shock,0,64,2,4,35.0,35,0,0,0,zero,
online_feedback,shock,0,65,0,4,3.0,3,0,1,1,zero,
online_feedback,shock,0,65,1,4,10.0,10,0,17,17,zero,
online_feedback,shock,0,65,2,4,18.0,18,0,0,0,zero,
online_feedback,shock,0,66,0,5,1.0,0,1,0,0,zero,
online_feedback,shock,0,66,1,5,11.0,11,0,0,0,zero,
online_feedback,shock,0,66,2,5,18.0,18,0,16,16,zero,
online_feedback,shock,0,67,0,5,-0.0,0,0,4,4,zero,
online_feedback,shock,0,67,1,5,7.0,7,0,0,0,zero,
online_feedback,shock,0,67,2,5,18.0,18,0,0,0,zero,
online_feedback,shock,0,68,0,5,5.0,5,0,6,6,zero,
online_feedback,shock,0,68,1,5,8.0,8,0,0,0,zero,
online_feedback,shock,0,68,2,5,18.0,18,0,0,0,zero,
online_feedback,shock,0,69,0,5,1.0,1,0,12,12,zero,
online_feedback,shock,0,69,1,5,13.0,13,0,8,8,zero,
online_feedback,shock,0,69,2,5,10.0,10,0,0,0,zero,
online_feedback,shock,0,70,0,5,4.0,0,4,2,2,zero,
online_feedback,shock,0,70,1,5,11.0,11,0,17,17,zero,
online_feedback,shock,0,70,2,5,9.0,9,0,0,0,zero,
online_feedback,shock,0,71,0,4,4.0,0,4,2,2,zero,
online_feedback,shock,0,71,1,4,9.0,9,0,0,0,zero,
online_feedback,shock,0,71,2,4,9.0,9,0,19,19,zero,
online_feedback,shock,0,72,0,4,2.0,0,2,4,4,zero,
online_feedback,shock,0,72,1,4,5.0,5,0,0,0,zero,
online_feedback,shock,0,72,2,4,9.0,9,0,2,2,zero,
online_feedback,shock,0,73,0,4,6.0,6,0,2,2,zero,
online_feedback,shock,0,73,1,4,11.0,11,0,0,0,zero,
online_feedback,shock,0,73,2,4,9.0,9,0,0,0,zero,
online_feedback,shock,0,74,0,4,4.0,4,0,6,6,zero,
online_feedback,shock,0,74,1,4,22.0,22,0,0,0,zero,
online_feedback,shock,0,74,2,4,9.0,9,0,0,0,zero,
online_feedback,shock,0,75,0,4,2.0,2,0,10,10,zero,
online_feedback,shock,0,75,1,4,12.0,12,0,0,0,zero,
online_feedback,shock,0,75,2,4,28.0,28,0,0,0,zero,
online_feedback,shock,0,76,0,4,2.0,2,0,1,1,zero,
online_feedback,shock,0,76,1,4,11.0,11,0,17,17,zero,
online_feedback,shock,0,76,2,4,13.0,13,0,0,0,zero,
online_feedback,shock,0,77,0,4,-0.0,0,0,1,1,zero,
online_feedback,shock,0,77,1,4,10.0,10,0,0,0,zero,
online_feedback,shock,0,77,2,4,13.0,13,0,16,16,zero,
online_feedback,shock,0,78,0,3,3.0,3,0,4,4,zero,
online_feedback,shock,0,78,1,3,6.0,6,0,0,0,zero,
online_feedback,shock,0,78,2,3,13.0,13,0,0,0,zero,
online_feedback,shock,0,79,0,3,10.0,10,0,1,1,zero,
online_feedback,shock,0,79,1,3,5.0,5,0,0,0,zero,
online_feedback,shock,0,79,2,3,13.0,13,0,0,0,zero,
online_feedback,shock,0,80,0,3,8.0,8,0,0,0,zero,
online_feedback,shock,0,80,1,3,22.0,22,0,0,0,zero,
online_feedback,shock,0,80,2,3,13.0,13,0,0,0,zero,
online_feedback,shock,0,81,0,3,6.0,6,0,0,0,zero,
online_feedback,shock,0,81,1,3,22.0,22,0,0,0,zero,
online_feedback,shock,0,81,2,3,29.0,29,0,0,0,zero,
online_feedback,shock,0,82,0,3,7.0,7,0,6,6,zero,
online_feedback,shock,0,82,1,3,16.0,16,0,0,0,zero,
online_feedback,shock,0,82,2,3,29.0,29,0,0,0,zero,
online_feedback,shock,0,83,0,5,3.0,3,0,10,10,zero,
online_feedback,shock,0,83,1,5,6.0,6,0,7,7,zero,
online_feedback,shock,0,83,2,5,22.0,22,0,0,0,zero,
online_feedback,shock,0,84,0,3,-0.0,0,0,12,12,zero,
online_feedback,shock,0,84,1,3,6.0,0,6,16,16,zero,
online_feedback,shock,0,84,2,3,6.0,6,0,0,0,zero,
online_feedback,shock,0,85,0,3,3.0,0,3,1,1,zero,85
online_feedback,shock,0,85,1,3,7.0,0,7,8,8,zero,85
online_feedback,shock,0,85,2,3,2.0,0,2,19,19,zero,85
online_feedback,shock,0,86,0,3,-0.0,0,0,1,1,zero,85
online_feedback,shock,0,86,1,3,8.0,0,8,0,0,zero,85
online_feedback,shock,0,86,2,3,2.0,0,2,20,20,zero,85
online_feedback,shock,0,87,0,3,7.0,7,0,1,1,zero,85
online_feedback,shock,0,87,1,3,2.0,0,2,0,0,zero,85
online_feedback,shock,0,87,2,3,2.0,0,2,4,4,zero,85
online_feedback,shock,0,88,0,3,10.0,10,0,1,1,zero,85
online_feedback,shock,0,88,1,3,13.0,13,0,0,0,zero,85
online_feedback,shock,0,88,2,3,2.0,0,2,0,0,zero,85
online_feedback,shock,0,89,0,3,7.0,7,0,0,0,zero,85
online_feedback,shock,0,89,1,3,19.0,19,0,0,0,zero,85
online_feedback,shock,0,89,2,3,17.0,17,0,0,0,zero,85
online_feedback,shock,0,90,0,3,4.0,4,0,0,0,zero,85
online_feedback,shock,0,90,1,3,19.0,19,0,0,0,zero,85
online_feedback,shock,0,90,2,3,37.0,37,0,0,0,zero,85
online_feedback,shock,0,91,0,3,8.0,8,0,0,0,zero,85
online_feedback,shock,0,91,1,3,19.0,19,0,0,0,zero,85
online_feedback,shock,0,91,2,3,41.0,41,0,0,0,zero,85
online_feedback,shock,0,92,0,3,8.0,8,0,6,6,zero,85
online_feedback,shock,0,92,1,3,13.0,13,0,0,0,zero,85
online_feedback,shock,0,92,2,3,41.0,41,0,0,0,zero,85
online_feedback,shock,0,93,0,3,5.0,5,0,10,10,zero,85
online_feedback,shock,0,93,1,3,5.0,5,0,0,0,zero,85
online_feedback,shock,0,93,2,3,41.0,41,0,0,0,zero,85
online_feedback,shock,0,94,0,3,2.0,2,0,0,0,zero,85
online_feedback,shock,0,94,1,3,5.0,5,0,16,16,zero,85
online_feedback,shock,0,94,2,3,25.0,25,0,0,0,zero,85
online_feedback,shock,0,95,0,3,1.0,0,1,0,0,zero,85
online_feedback,shock,0,95,1,3,5.0,5,0,0,0,zero,85
online_feedback,shock,0,95,2,3,25.0,25,0,0,0,zero,85
online_feedback,shock,0,96,0,3,2.0,2,0,1,1,zero,85
online_feedback,shock,0,96,1,3,4.0,4,0,0,0,zero,85
online_feedback,shock,0,96,2,3,25.0,25,0,0,0,zero,85
online_feedback,shock,0,97,0,3,9.0,9,0,1,1,zero,85
online_feedback,shock,0,97,1,3,3.0,3,0,0,0,zero,85
online_feedback,shock,0,97,2,3,25.0,25,0,0,0,zero,85
online_feedback,shock,0,98,0,3,6.0,6,0,4,4,zero,85
online_feedback,shock,0,98,1,3,15.0,15,0,0,0,zero,85
online_feedback,shock,0,98,2,3,25.0,25,0,0,0,zero,85
online_feedback,shock,0,99,0,3,3.0,3,0,11,11,zero,85
online_feedback,shock,0,99,1,3,4.0,4,0,0,0,zero,85
online_feedback,shock,0,99,2,3,25.0,25,0,0,0,zero,85
online_feedback,shock,0,100,0,3,1.0,1,0,1,1,zero,85
online_feedback,shock,0,100,1,3,3.0,3,0,17,17,zero,85
online_feedback,shock,0,100,2,3,8.0,8,0,0,0,zero,85
online_feedback,shock,0,101,0,3,1.0,0,1,0,0,zero,85
online_feedback,shock,0,101,1,3,3.0,3,0,0,0,zero,85
online_feedback,shock,0,101,2,3,8.0,8,0,16,16,zero,85
online_feedback,shock,0,102,0,3,-0.0,0,0,1,1,zero,85
online_feedback,shock,0,102,1,3,2.0,2,0,0,0,zero,85
online_feedback,shock,0,102,2,3,8.0,8,0,0,0,zero,85
online_feedback,shock,0,103,0,2,9.0,9,0,1,1,zero,85
online_feedback,shock,0,103,1,2,1.0,1,0,0,0,zero,85
online_feedback,shock,0,103,2,2,8.0,8,0,0,0,zero,85
online_feedback,shock,0,104,0,2,8.0,8,0,0,0,zero,85
online_feedback,shock,0,104,1,2,18.0,18,0,0,0,zero,85
online_feedback,shock,0,104,2,2,8.0,8,0,0,0,zero,85
online_feedback,shock,0,105,0,2,6.0,6,0,0,0,zero,85
online_feedback,shock,0,105,1,2,18.0,18,0,0,0,zero,85
online_feedback,shock,0,105,2,2,24.0,24,0,0,0,zero,85
online_feedback,shock,0,106,0,2,5.0,5,0,0,0,zero,85
online_feedback,shock,0,106,1,2,18.0,18,0,0,0,zero,85
online_feedback,shock,0,106,2,2,24.0,24,0,0,0,zero,85
online_feedback,shock,0,107,0,2,4.0,4,0,6,6,zero,85
online_feedback,shock,0,107,1,2,12.0,12,0,0,0,zero,85
online_feedback,shock,0,107,2,2,24.0,24,0,0,0,zero,85
online_feedback,shock,0,108,0,2,2.0,2,0,0,0,zero,85
online_feedback,shock,0,108,1,2,12.0,12,0,7,7,zero,85
online_feedback,shock,0,108,2,2,17.0,17,0,0,0,zero,85
online_feedback,shock,0,109,0,2,-0.0,0,0,0,0,zero,85
online_feedback,shock,0,109,1,2,12.0,12,0,0,0,zero,85
online_feedback,shock,0,109,2,2,17.0,17,0,0,0,zero,85
online_feedback,shock,0,110,0,2,2.0,0,2,1,1,zero,85
online_feedback,shock,0,110,1,2,11.0,11,0,0,0,zero,85
online_feedback,shock,0,110,2,2,17.0,17,0,0,0,zero,85
online_feedback,shock,0,111,0,3,1.0,1,0,1,1,zero,85
online_feedback,shock,0,111,1,3,10.0,10,0,0,0,zero,85
online_feedback,shock,0,111,2,3,17.0,17,0,0,0,zero,85
online_feedback,shock,0,112,0,2,1.0,0,1,6,6,zero,85
online_feedback,shock,0,112,1,2,11.0,11,0,0,0,zero,85
online_feedback,shock,0,112,2,2,17.0,17,0,0,0,zero,85
online_feedback,shock,0,113,0,2,3.0,0,3,2,2,zero,85
online_feedback,shock,0,113,1,2,9.0,9,0,7,7,zero,85
online_feedback,shock,0,113,2,2,10.0,10,0,0,0,zero,85
online_feedback,shock,0,114,0,3,5.0,0,5,0,0,zero,85
online_feedback,shock,0,114,1,3,9.0,9,0,0,0,zero,85
online_feedback,shock,0,114,2,3,10.0,10,0,16,16,zero,85
online_feedback,shock,0,115,0,3,7.0,0,7,4,4,zero,85
online_feedback,shock,0,115,1,3,5.0,5,0,0,0,zero,85
online_feedback,shock,0,115,2,3,10.0,10,0,0,0,zero,85
online_feedback,shock,0,116,0,3,4.0,0,4,4,4,zero,85
online_feedback,shock,0,116,1,3,1.0,1,0,7,7,zero,85
online_feedback,shock,0,116,2,3,3.0,3,0,0,0,zero,85
online_feedback,shock,0,117,0,3,5.0,0,5,4,4,zero,85
online_feedback,shock,0,117,1,3,4.0,4,0,0,0,zero,85
online_feedback,shock,0,117,2,3,3.0,3,0,0,0,zero,85
online_feedback,shock,0,118,0,4,9.0,0,9,6,6,zero,85
online_feedback,shock,0,118,1,4,2.0,0,2,8,8,zero,85
online_feedback,shock,0,118,2,4,11.0,11,0,0,0,zero,85
online_feedback,shock,0,119,0,4,9.0,0,9,6,6,zero,85
online_feedback,shock,0,119,1,4,8.0,0,8,13,13,zero,85
online_feedback,shock,0,119,2,4,2.0,0,2,19,19,zero,85
online_feedback,shock,0,120,0,4,9.0,0,9,6,6,zero,85
online_feedback,shock,0,120,1,4,7.0,0,7,0,0,zero,85
online_feedback,shock,0,120,2,4,2.0,0,2,20,20,zero,85
online_feedback,shock,0,121,0,3,8.0,0,8,6,6,zero,85
online_feedback,shock,0,121,1,3,13.0,0,13,16,16,zero,85
online_feedback,shock,0,121,2,3,18.0,0,18,3,3,zero,85
online_feedback,shock,0,122,0,5,9.0,0,9,6,6,zero,85
online_feedback,shock,0,122,1,5,11.0,0,11,8,8,zero,85
online_feedback,shock,0,122,2,5,26.0,0,26,18,18,zero,85
online_feedback,shock,0,123,0,4,13.0,0,13,6,6,zero,85
online_feedback,shock,0,123,1,4,6.0,0,6,11,11,zero,85
online_feedback,shock,0,123,2,4,18.0,0,18,0,0,zero,85
online_feedback,shock,0,124,0,5,11.0,0,11,6,6,zero,85
online_feedback,shock,0,124,1,5,12.0,0,12,0,0,zero,85
online_feedback,shock,0,124,2,5,2.0,2,0,19,19,zero,85
online_feedback,shock,0,125,0,5,16.0,0,16,6,6,zero,85
online_feedback,shock,0,125,1,5,18.0,0,18,0,0,zero,85
online_feedback,shock,0,125,2,5,5.0,5,0,4,4,zero,85
online_feedback,shock,0,126,0,6,14.0,0,14,6,6,zero,85
online_feedback,shock,0,126,1,6,24.0,0,24,16,16,zero,85
online_feedback,shock,0,126,2,6,7.0,7,0,0,0,zero,85
online_feedback,shock,0,127,0,6,9.0,0,9,11,11,zero,85
online_feedback,shock,0,127,1,6,16.0,0,16,0,0,zero,85
online_feedback,shock,0,127,2,6,7.0,7,0,2,2,zero,85
online_feedback,shock,0,128,0,6,15.0,0,15,6,6,zero,85
online_feedback,shock,0,128,1,6,4.0,0,4,16,16,zero,85
online_feedback,shock,0,128,2,6,10.0,10,0,0,0,zero,85
online_feedback,shock,0,129,0,6,21.0,0,21,0,0,zero,85
online_feedback,shock,0,129,1,6,4.0,0,4,8,8,zero,85
online_feedback,shock,0,129,2,6,6.0,6,0,19,19,zero,85
online_feedback,shock,0,130,0,6,27.0,0,27,6,6,zero,85
online_feedback,shock,0,130,1,6,6.0,6,0,0,0,zero,85
online_feedback,shock,0,130,2,6,6.0,6,0,20,20,zero,85
online_feedback,shock,0,131,0,5,13.0,0,13,6,6,zero,85
online_feedback,shock,0,131,1,5,-0.0,0,0,8,8,zero,85
online_feedback,shock,0,131,2,5,-0.0,0,0,3,3,zero,85
online_feedback,shock,0,132,0,5,-0.0,0,0,6,6,zero,85
online_feedback,shock,0,132,1,5,10.0,10,0,8,8,zero,85
online_feedback,shock,0,132,2,5,8.0,0,8,0,0,zero,85
online_feedback,shock,0,133,0,5,5.0,0,5,6,6,zero,85
online_feedback,shock,0,133,1,5,12.0,12,0,11,11,zero,85
online_feedback,shock,0,133,2,5,-0.0,0,0,18,18,zero,85
online_feedback,shock,0,134,0,5,-0.0,0,0,6,6,zero,85
online_feedback,shock,0,134,1,5,6.0,6,0,0,0,zero,85
online_feedback,shock,0,134,2,5,20.0,20,0,3,3,zero,85
online_feedback,shock,0,135,0,5,1.0,1,0,6,6,zero,85
online_feedback,shock,0,135,1,5,8.0,8,0,0,0,zero,85
online_feedback,shock,0,135,2,5,23.0,23,0,0,0,zero,85
online_feedback,shock,0,136,0,6,1.0,1,0,6,6,zero,85
online_feedback,shock,0,136,1,6,2.0,2,0,16,16,zero,85
online_feedback,shock,0,136,2,6,7.0,7,0,0,0,zero,85
online_feedback,shock,0,137,0,6,1.0,1,0,10,10,zero,85
online_feedback,shock,0,137,1,6,11.0,11,0,0,0,zero,85
online_feedback,shock,0,137,2,6,25.0,25,0,19,19,zero,85
online_feedback,shock,0,138,0,5,2.0,2,0,6,6,zero,85
online_feedback,shock,0,138,1,5,5.0,5,0,16,16,zero,85
online_feedback,shock,0,138,2,5,12.0,12,0,0,0,zero,85
online_feedback,shock,0,139,0,5,3.0,3,0,2,2,zero,85
online_feedback,shock,0,139,1,5,3.0,3,0,8,8,zero,85
online_feedback,shock,0,139,2,5,4.0,4,0,16,16,zero,85
online_feedback,shock,0,140,0,6,3.0,3,0,6,6,zero,85
online_feedback,shock,0,140,1,6,13.0,13,0,0,0,zero,85
online_feedback,shock,0,140,2,6,4.0,4,0,15,15,zero,85
online_feedback,shock,0,141,0,6,7.0,7,0,10,10,zero,85
online_feedback,shock,0,141,1,6,3.0,3,0,0,0,zero,85
online_feedback,shock,0,141,2,6,23.0,23,0,0,0,zero,85
online_feedback,shock,0,142,0,5,8.0,8,0,6,6,zero,85
online_feedback,shock,0,142,1,5,13.0,13,0,16,16,zero,85
online_feedback,shock,0,142,2,5,7.0,7,0,0,0,zero,85
online_feedback,shock,0,143,0,5,5.0,5,0,0,0,zero,85
online_feedback,shock,0,143,1,5,21.0,21,0,0,0,zero,85
online_feedback,shock,0,143,2,5,23.0,23,0,2,2,zero,85
online_feedback,shock,0,144,0,5,6.0,6,0,6,6,zero,85
online_feedback,shock,0,144,1,5,15.0,15,0,0,0,zero,85
online_feedback,shock,0,144,2,5,38.0,38,0,0,0,zero,85
online_feedback,shock,0,145,0,6,10.0,10,0,6,6,zero,85
online_feedback,shock,0,145,1,6,9.0,9,0,7,7,zero,85
online_feedback,shock,0,145,2,6,31.0,31,0,0,0,zero,85
online_feedback,shock,0,146,0,6,10.0,10,0,6,6,zero,85
online_feedback,shock,0,146,1,6,19.0,19,0,7,7,zero,85
online_feedback,shock,0,146,2,6,24.0,24,0,0,0,zero,85
online_feedback,shock,0,147,0,5,5.0,5,0,11,11,zero,85
online_feedback,shock,0,147,1,5,8.0,8,0,8,8,zero,85
online_feedback,shock,0,147,2,5,18.0,18,0,16,16,zero,85
online_feedback,shock,0,148,0,5,6.0,6,0,0,0,zero,85
online_feedback,shock,0,148,1,5,8.0,8,0,17,17,zero,85
online_feedback,shock,0,148,2,5,1.0,1,0,0,0,zero,85
online_feedback,shock,0,149,0,5,7.0,7,0,0,0,zero,85
online_feedback,shock,0,149,1,5,15.0,15,0,0,0,zero,85
online_feedback,shock,0,149,2,5,1.0,1,0,19,19,zero,85
online_feedback,shock,0,150,0,5,8.0,8,0,6,6,zero,85
online_feedback,shock,0,150,1,5,16.0,16,0,0,0,zero,85
online_feedback,shock,0,150,2,5,1.0,1,0,16,16,zero,85
online_feedback,shock,0,151,0,5,14.0,14,0,6,6,zero,85
online_feedback,shock,0,151,1,5,18.0,18,0,0,0,zero,85
online_feedback,shock,0,151,2,5,17.0,17,0,0,0,zero,85
online_feedback,shock,0,152,0,5,9.0,9,0,0,0,zero,85
online_feedback,shock,0,152,1,5,35.0,35,0,1,1,zero,85
online_feedback,shock,0,152,2,5,16.0,16,0,0,0,zero,85
online_feedback,shock,0,153,0,5,4.0,4,0,6,6,zero,85
online_feedback,shock,0,153,1,5,29.0,29,0,0,0,zero,85
online_feedback,shock,0,153,2,5,35.0,35,0,0,0,zero,85
online_feedback,shock,0,154,0,4,6.0,6,0,10,10,zero,85
online_feedback,shock,0,154,1,4,19.0,19,0,0,0,zero,85
online_feedback,shock,0,154,2,4,51.0,51,0,0,0,zero,85
online_feedback,shock,0,155,0,5,7.0,7,0,0,0,zero,85
online_feedback,shock,0,155,1,5,19.0,19,0,17,17,zero,85
online_feedback,shock,0,155,2,5,34.0,34,0,0,0,zero,85
online_feedback,shock,0,156,0,5,2.0,2,0,0,0,zero,85
online_feedback,shock,0,156,1,5,20.0,20,0,0,0,zero,85
online_feedback,shock,0,156,2,5,34.0,34,0,2,2,zero,85
online_feedback,shock,0,157,0,5,3.0,3,0,6,6,zero,85
online_feedback,shock,0,157,1,5,14.0,14,0,0,0,zero,85
online_feedback,shock,0,157,2,5,34.0,34,0,0,0,zero,85
online_feedback,shock,0,158,0,4,9.0,9,0,6,6,zero,85
online_feedback,shock,0,158,1,4,8.0,8,0,7,7,zero,85
online_feedback,shock,0,158,2,4,27.0,27,0,0,0,zero,85
online_feedback,shock,0,159,0,4,5.0,5,0,0,0,zero,85
online_feedback,shock,0,159,1,4,25.0,25,0,7,7,zero,85
online_feedback,shock,0,159,2,4,20.0,20,0,0,0,zero,85
online_feedback,shock,0,160,0,4,1.0,1,0,0,0,zero,85
online_feedback,shock,0,160,1,4,25.0,25,0,0,0,zero,85
online_feedback,shock,0,160,2,4,22.0,22,0,16,16,zero,85
online_feedback,shock,0,161,0,5,2.0,2,0,6,6,zero,85
online_feedback,shock,0,161,1,5,19.0,19,0,0,0,zero,85
online_feedback,shock,0,161,2,5,22.0,22,0,0,0,zero,85
online_feedback,shock,0,162,0,5,3.0,3,0,10,10,zero,85
online_feedback,shock,0,162,1,5,16.0,16,0,0,0,zero,85
online_feedback,shock,0,162,2,5,22.0,22,0,0,0,zero,85
online_feedback,shock,0,163,0,6,3.0,0,3,10,10,zero,85
online_feedback,shock,0,163,1,6,13.0,13,0,16,16,zero,85
online_feedback,shock,0,163,2,6,6.0,6,0,0,0,zero,85
online_feedback,shock,0,164,0,6,9.0,0,9,6,6,zero,85
online_feedback,shock,0,164,1,6,7.0,7,0,8,8,zero,85
online_feedback,shock,0,164,2,6,14.0,14,0,16,16,zero,85
online_feedback,shock,0,165,0,5,8.0,0,8,6,6,zero,85
online_feedback,shock,0,165,1,5,1.0,1,0,0,0,zero,85
online_feedback,shock,0,165,2,5,14.0,14,0,0,0,zero,85
online_feedback,shock,0,166,0,5,3.0,0,3,2,2,zero,85
online_feedback,shock,0,166,1,5,1.0,0,1,7,7,zero,85
online_feedback,shock,0,166,2,5,7.0,7,0,0,0,zero,85
online_feedback,shock,0,167,0,5,2.0,2,0,4,4,zero,85
online_feedback,shock,0,167,1,5,11.0,11,0,0,0,zero,85
online_feedback,shock,0,167,2,5,7.0,7,0,0,0,zero,85
online_feedback,shock,0,168,0,6,2.0,2,0,10,10,zero,85
online_feedback,shock,0,168,1,6,9.0,9,0,0,0,zero,85
online_feedback,shock,0,168,2,6,23.0,23,0,0,0,zero,85
online_feedback,shock,0,169,0,7,1.0,1,0,6,6,zero,85
online_feedback,shock,0,169,1,7,3.0,3,0,17,17,zero,85
online_feedback,shock,0,169,2,7,6.0,6,0,0,0,zero,85
online_feedback,shock,0,170,0,7,5.0,0,5,12,12,zero,85
online_feedback,shock,0,170,1,7,2.0,0,2,0,0,zero,85
online_feedback,shock,0,170,2,7,6.0,6,0,19,19,zero,85
online_feedback,shock,0,171,0,7,7.0,0,7,10,10,zero,85
online_feedback,shock,0,171,1,7,12.0,0,12,17,17,zero,85
online_feedback,shock,0,171,2,7,11.0,0,11,0,0,zero,85
online_feedback,shock,0,172,0,7,4.0,0,4,6,6,zero,85
online_feedback,shock,0,172,1,7,18.0,0,18,16,16,zero,85
online_feedback,shock,0,172,2,7,27.0,0,27,19,19,zero,85
online_feedback,shock,0,173,0,7,5.0,0,5,10,10,zero,85
online_feedback,shock,0,173,1,7,11.0,0,11,11,11,zero,85
online_feedback,shock,0,173,2,7,38.0,0,38,20,20,zero,85
online_feedback,shock,0,174,0,7,2.0,0,2,6,6,zero,85
online_feedback,shock,0,174,1,7,17.0,0,17,16,16,zero,85
online_feedback,shock,0,174,2,7,35.0,0,35,20,20,zero,85
online_feedback,shock,0,175,0,7,9.0,0,9,6,6,zero,85
online_feedback,shock,0,175,1,7,17.0,0,17,8,8,zero,85
online_feedback,shock,0,175,2,7,43.0,0,43,20,20,zero,85
online_feedback,shock,0,176,0,7,16.0,0,16,6,6,zero,85
online_feedback,shock,0,176,1,7,23.0,0,23,17,17,zero,85
online_feedback,shock,0,176,2,7,41.0,0,41,0,0,zero,85
online_feedback,shock,0,177,0,6,5.0,0,5,11,11,zero,85
online_feedback,shock,0,177,1,6,34.0,0,34,0,0,zero,85
online_feedback,shock,0,177,2,6,21.0,0,21,16,16,zero,85
online_feedback,shock,0,178,0,6,11.0,0,11,11,11,zero,85
online_feedback,shock,0,178,1,6,26.0,0,26,17,17,zero,85
online_feedback,shock,0,178,2,6,18.0,0,18,0,0,zero,85
online_feedback,shock,0,179,0,7,12.0,0,12,6,6,zero,85
online_feedback,shock,0,179,1,7,32.0,0,32,16,16,zero,85
online_feedback,shock,0,179,2,7,14.0,0,14,19,19,zero,85
online_feedback,shock,0,180,0,6,18.0,0,18,6,6,zero,85
online_feedback,shock,0,180,1,6,19.0,0,19,0,0,zero,85
online_feedback,shock,0,180,2,6,14.0,0,14,20,20,zero,85
online_feedback,shock,0,181,0,6,24.0,0,24,6,6,zero,85
online_feedback,shock,0,181,1,6,5.0,0,5,4,4,zero,85
online_feedback,shock,0,181,2,6,2.0,0,2,0,0,zero,85
online_feedback,shock,0,182,0,8,13.0,0,13,0,0,zero,85
online_feedback,shock,0,182,1,8,15.0,15,0,1,1,zero,85
online_feedback,shock,0,182,2,8,3.0,0,3,0,0,zero,85
online_feedback,shock,0,183,0,8,21.0,0,21,6,6,zero,85
online_feedback,shock,0,183,1,8,29.0,29,0,1,1,zero,85
online_feedback,shock,0,183,2,8,15.0,15,0,0,0,zero,85
online_feedback,shock,0,184,0,9,11.0,0,11,6,6,zero,85
online_feedback,shock,0,184,1,9,23.0,23,0,4,4,zero,85
online_feedback,shock,0,184,2,9,31.0,31,0,0,0,zero,85
online_feedback,shock,0,185,0,8,1.0,1,0,10,10,zero,85
online_feedback,shock,0,185,1,8,29.0,29,0,1,1,zero,85
online_feedback,shock,0,185,2,8,30.0,30,0,0,0,zero,85
online_feedback,shock,0,186,0,8,2.0,0,2,10,10,zero,85
online_feedback,shock,0,186,1,8,19.0,19,0,17,17,zero,85
online_feedback,shock,0,186,2,8,13.0,13,0,0,0,zero,85
online_feedback,shock,0,187,0,9,5.0,0,5,10,10,zero,85
online_feedback,shock,0,187,1,9,13.0,13,0,16,16,zero,85
online_feedback,shock,0,187,2,9,3.0,0,3,19,19,zero,85
online_feedback,shock,0,188,0,9,8.0,0,8,10,10,zero,85
online_feedback,shock,0,188,1,9,7.0,7,0,8,8,zero,85
online_feedback,shock,0,188,2,9,11.0,0,11,20,20,zero,85
online_feedback,shock,0,189,0,9,7.0,0,7,10,10,zero,85
online_feedback,shock,0,189,1,9,2.0,0,2,16,16,zero,85
online_feedback,shock,0,189,2,9,27.0,0,27,20,20,zero,85
online_feedback,shock,0,190,0,8,5.0,0,5,12,12,zero,85
online_feedback,shock,0,190,1,8,3.0,3,0,11,11,zero,85
online_feedback,shock,0,190,2,8,38.0,0,38,20,20,zero,85
online_feedback,shock,0,191,0,9,4.0,0,4,2,2,zero,85
online_feedback,shock,0,191,1,9,14.0,14,0,16,16,zero,85
online_feedback,shock,0,191,2,9,35.0,0,35,0,0,zero,85
online_feedback,shock,0,192,0,10,4.0,0,4,12,12,zero,85
online_feedback,shock,0,192,1,10,2.0,2,0,0,0,zero,85
online_feedback,shock,0,192,2,10,15.0,0,15,16,16,zero,85
online_feedback,shock,0,193,0,9,5.0,0,5,12,12,zero,85
online_feedback,shock,0,193,1,9,10.0,0,10,0,0,zero,85
online_feedback,shock,0,193,2,9,5.0,5,0,0,0,zero,85
online_feedback,shock,0,194,0,10,1.0,0,1,12,12,zero,85
online_feedback,shock,0,194,1,10,22.0,0,22,16,16,zero,85
online_feedback,shock,0,194,2,10,9.0,9,0,0,0,zero,85
online_feedback,shock,0,195,0,10,9.0,0,9,12,12,zero,85
online_feedback,shock,0,195,1,10,15.0,0,15,7,7,zero,85
online_feedback,shock,0,195,2,10,2.0,2,0,2,2,zero,85
online_feedback,shock,0,196,0,10,7.0,0,7,10,10,zero,85
online_feedback,shock,0,196,1,10,5.0,0,5,16,16,zero,85
online_feedback,shock,0,196,2,10,2.0,2,0,19,19,zero,85
online_feedback,shock,0,197,0,9,14.0,0,14,6,6,zero,85
online_feedback,shock,0,197,1,9,4.0,4,0,1,1,zero,85
online_feedback,shock,0,197,2,9,1.0,1,0,20,20,zero,85
online_feedback,shock,0,198,0,11,25.0,0,25,6,6,zero,85
online_feedback,shock,0,198,1,11,14.0,14,0,4,4,zero,85
online_feedback,shock,0,198,2,11,3.0,0,3,3,3,zero,85
online_feedback,shock,0,199,0,9,15.0,0,15,10,10,zero,85
online_feedback,shock,0,199,1,9,11.0,11,0,16,16,zero,85
online_feedback,shock,0,199,2,9,17.0,0,17,0,0,zero,85
online_feedback,shock,0,200,0,10,5.0,0,5,10,10,zero,85
online_feedback,shock,0,200,1,10,17.0,17,0,17,17,zero,85
online_feedback,shock,0,200,2,10,15.0,0,15,16,16,zero,85
online_feedback,shock,1,1,0,10,10.0,10,0,16,16,zero,
online_feedback,shock,1,1,1,10,4.0,4,0,8,8,zero,
online_feedback,shock,1,1,2,10,12.0,12,0,0,0,zero,
online_feedback,shock,1,2,0,11,9.0,9,0,10,10,zero,
online_feedback,shock,1,2,1,11,4.0,4,0,17,17,zero,
online_feedback,shock,1,2,2,11,5.0,5,0,2,2,zero,
online_feedback,shock,1,3,0,9,10.0,10,0,16,16,zero,
online_feedback,shock,1,3,1,9,2.0,0,2,8,8,zero,
online_feedback,shock,1,3,2,9,7.0,7,0,19,19,zero,
online_feedback,shock,1,4,0,9,11.0,11,0,1,1,zero,
online_feedback,shock,1,4,1,9,7.0,7,0,17,17,zero,
online_feedback,shock,1,4,2,9,-0.0,0,0,20,20,zero,
online_feedback,shock,1,5,0,8,19.0,19,0,6,6,zero,
online_feedback,shock,1,5,1,8,9.0,9,0,0,0,zero,
online_feedback,shock,1,5,2,8,-0.0,0,0,18,18,zero,
online_feedback,shock,1,6,0,8,21.0,21,0,6,6,zero,
online_feedback,shock,1,6,1,8,20.0,20,0,1,1,zero,
online_feedback,shock,1,6,2,8,1.0,1,0,0,0,zero,
online_feedback,shock,1,7,0,7,28.0,28,0,6,6,zero,
online_feedback,shock,1,7,1,7,22.0,22,0,4,4,zero,
online_feedback,shock,1,7,2,7,16.0,16,0,0,0,zero,
online_feedback,shock,1,8,0,7,24.0,24,0,0,0,zero,
online_feedback,shock,1,8,1,7,39.0,39,0,4,4,zero,
online_feedback,shock,1,8,2,7,32.0,32,0,0,0,zero,
online_feedback,shock,1,9,0,7,23.0,23,0,0,0,zero,
online_feedback,shock,1,9,1,7,39.0,39,0,0,0,zero,
online_feedback,shock,1,9,2,7,50.0,50,0,0,0,zero,
online_feedback,shock,1,10,0,7,22.0,22,0,11,11,zero,
online_feedback,shock,1,10,1,7,29.0,29,0,0,0,zero,
online_feedback,shock,1,10,2,7,50.0,50,0,0,0,zero,
online_feedback,shock,1,11,0,7,21.0,21,0,11,11,zero,
online_feedback,shock,1,11,1,7,22.0,22,0,16,16,zero,
online_feedback,shock,1,11,2,7,34.0,34,0,0,0,zero,
online_feedback,shock,1,12,0,6,15.0,15,0,0,0,zero,
online_feedback,shock,1,12,1,6,26.0,26,0,17,17,zero,
online_feedback,shock,1,12,2,6,17.0,17,0,2,2,zero,
online_feedback,shock,1,13,0,6,9.0,9,0,0,0,zero,
online_feedback,shock,1,13,1,6,26.0,26,0,0,0,zero,
online_feedback,shock,1,13,2,6,17.0,17,0,19,19,zero,
online_feedback,shock,1,14,0,6,14.0,14,0,6,6,zero,
online_feedback,shock,1,14,1,6,20.0,20,0,0,0,zero,
online_feedback,shock,1,14,2,6,17.0,17,0,0,0,zero,
online_feedback,shock,1,15,0,6,19.0,19,0,6,6,zero,
online_feedback,shock,1,15,1,6,30.0,30,0,0,0,zero,
online_feedback,shock,1,15,2,6,17.0,17,0,0,0,zero,
online_feedback,shock,1,16,0,7,12.0,12,0,0,0,zero,
online_feedback,shock,1,16,1,7,47.0,47,0,1,1,zero,
online_feedback,shock,1,16,2,7,18.0,18,0,0,0,zero,
online_feedback,shock,1,17,0,7,5.0,5,0,11,11,zero,
online_feedback,shock,1,17,1,7,36.0,36,0,0,0,zero,
online_feedback,shock,1,17,2,7,37.0,37,0,0,0,zero,
online_feedback,shock,1,18,0,7,4.0,4,0,9,9,zero,
online_feedback,shock,1,18,1,7,27.0,27,0,7,7,zero,
online_feedback,shock,1,18,2,7,30.0,30,0,0,0,zero,
online_feedback,shock,1,19,0,7,3.0,3,0,1,1,zero,
online_feedback,shock,1,19,1,7,26.0,26,0,16,16,zero,
online_feedback,shock,1,19,2,7,14.0,14,0,0,0,zero,
online_feedback,shock,1,20,0,8,5.0,0,5,10,10,zero,
online_feedback,shock,1,20,1,8,17.0,17,0,0,0,zero,
online_feedback,shock,1,20,2,8,14.0,14,0,19,19,zero,
online_feedback,shock,1,21,0,9,3.0,0,3,10,10,zero,
online_feedback,shock,1,21,1,9,7.0,7,0,16,16,zero,
online_feedback,shock,1,21,2,9,2.0,0,2,0,0,zero,
online_feedback,shock,1,22,0,9,3.0,0,3,6,6,zero,
online_feedback,shock,1,22,1,9,8.0,8,0,7,7,zero,
online_feedback,shock,1,22,2,9,9.0,0,9,19,19,zero,
online_feedback,shock,1,23,0,7,9.0,0,9,11,11,zero,
online_feedback,shock,1,23,1,7,13.0,13,0,7,7,zero,
online_feedback,shock,1,23,2,7,16.0,0,16,16,16,zero,
online_feedback,shock,1,24,0,6,5.0,0,5,6,6,zero,
online_feedback,shock,1,24,1,6,7.0,7,0,16,16,zero,
online_feedback,shock,1,24,2,6,13.0,0,13,0,0,zero,
online_feedback,shock,1,25,0,6,1.0,0,1,4,4,zero,
online_feedback,shock,1,25,1,6,17.0,17,0,0,0,zero,
online_feedback,shock,1,25,2,6,13.0,0,13,19,19,zero,
online_feedback,shock,1,26,0,6,1.0,0,1,6,6,zero,
online_feedback,shock,1,26,1,6,11.0,11,0,0,0,zero,
online_feedback,shock,1,26,2,6,6.0,6,0,0,0,zero,
online_feedback,shock,1,27,0,5,5.0,5,0,6,6,zero,
online_feedback,shock,1,27,1,5,5.0,5,0,0,0,zero,
online_feedback,shock,1,27,2,5,22.0,22,0,0,0,zero,
online_feedback,shock,1,28,0,5,6.0,6,0,4,4,zero,
online_feedback,shock,1,28,1,5,20.0,20,0,7,7,zero,
online_feedback,shock,1,28,2,5,15.0,15,0,0,0,zero,
online_feedback,shock,1,29,0,4,6.0,6,0,6,6,zero,
online_feedback,shock,1,29,1,4,14.0,14,0,0,0,zero,
online_feedback,shock,1,29,2,4,34.0,34,0,0,0,zero,
online_feedback,shock,1,30,0,4,8.0,8,0,0,0,zero,
online_feedback,shock,1,30,1,4,27.0,27,0,7,7,zero,
online_feedback,shock,1,30,2,4,27.0,27,0,0,0,zero,
online_feedback,shock,1,31,0,4,10.0,10,0,0,0,zero,
online_feedback,shock,1,31,1,4,27.0,27,0,0,0,zero,
online_feedback,shock,1,31,2,4,27.0,27,0,0,0,zero,
online_feedback,shock,1,32,0,3,11.0,11,0,6,6,zero,
online_feedback,shock,1,32,1,3,28.0,28,0,0,0,zero,
online_feedback,shock,1,32,2,3,27.0,27,0,0,0,zero,
online_feedback,shock,1,33,0,3,14.0,14,0,0,0,zero,
online_feedback,shock,1,33,1,3,28.0,28,0,0,0,zero,
online_feedback,shock,1,33,2,3,27.0,27,0,0,0,zero,
online_feedback,shock,1,34,0,4,10.0,10,0,0,0,zero,
online_feedback,shock,1,34,1,4,35.0,35,0,0,0,zero,
online_feedback,shock,1,34,2,4,27.0,27,0,0,0,zero,
online_feedback,shock,1,35,0,3,7.0,7,0,6,6,zero,
online_feedback,shock,1,35,1,3,29.0,29,0,0,0,zero,
online_feedback,shock,1,35,2,3,27.0,27,0,0,0,zero,
online_feedback,shock,1,36,0,3,10.0,10,0,0,0,zero,
online_feedback,shock,1,36,1,3,29.0,29,0,0,0,zero,
online_feedback,shock,1,36,2,3,27.0,27,0,0,0,zero,
online_feedback,shock,1,37,0,4,6.0,6,0,0,0,zero,
online_feedback,shock,1,37,1,4,29.0,29,0,0,0,zero,
online_feedback,shock,1,37,2,4,27.0,27,0,0,0,zero,
online_feedback,shock,1,38,0,4,2.0,2,0,11,11,zero,
online_feedback,shock,1,38,1,4,18.0,18,0,0,0,zero,
online_feedback,shock,1,38,2,4,27.0,27,0,0,0,zero,
online_feedback,shock,1,39,0,4,4.0,4,0,6,6,zero,
online_feedback,shock,1,39,1,4,12.0,12,0,16,16,zero,
online_feedback,shock,1,39,2,4,11.0,11,0,0,0,zero,
online_feedback,shock,1,40,0,3,1.0,1,0,0,0,zero,
online_feedback,shock,1,40,1,3,12.0,12,0,0,0,zero,
online_feedback,shock,1,40,2,3,11.0,11,0,2,2,zero,
online_feedback,shock,1,41,0,3,2.0,0,2,0,0,zero,
online_feedback,shock,1,41,1,3,12.0,12,0,0,0,zero,
online_feedback,shock,1,41,2,3,11.0,11,0,0,0,zero,
online_feedback,shock,1,42,0,3,6.0,6,0,1,1,zero,
online_feedback,shock,1,42,1,3,11.0,11,0,0,0,zero,
online_feedback,shock,1,42,2,3,11.0,11,0,0,0,zero,
online_feedback,shock,1,43,0,3,9.0,9,0,4,4,zero,
online_feedback,shock,1,43,1,3,23.0,23,0,0,0,zero,
online_feedback,shock,1,43,2,3,11.0,11,0,0,0,zero,
online_feedback,shock,1,44,0,3,6.0,6,0,0,0,zero,
online_feedback,shock,1,44,1,3,23.0,23,0,0,0,zero,
online_feedback,shock,1,44,2,3,13.0,13,0,0,0,zero,
online_feedback,shock,1,45,0,4,2.0,2,0,0,0,zero,
online_feedback,shock,1,45,1,4,23.0,23,0,0,0,zero,
online_feedback,shock,1,45,2,4,13.0,13,0,0,0,zero,
online_feedback,shock,1,46,0,3,-0.0,0,0,11,11,zero,
online_feedback,shock,1,46,1,3,12.0,12,0,0,0,zero,
online_feedback,shock,1,46,2,3,13.0,13,0,0,0,zero,
online_feedback,shock,1,47,0,3,1.0,1,0,0,0,zero,
online_feedback,shock,1,47,1,3,12.0,12,0,16,16,zero,
online_feedback,shock,1,47,2,3,3.0,0,3,0,0,zero,
online_feedback,shock,1,48,0,3,2.0,0,2,0,0,zero,
online_feedback,shock,1,48,1,3,12.0,12,0,0,0,zero,
online_feedback,shock,1,48,2,3,3.0,0,3,19,19,zero,
online_feedback,shock,1,49,0,4,6.0,0,6,1,1,zero,
online_feedback,shock,1,49,1,4,11.0,11,0,0,0,zero,
online_feedback,shock,1,49,2,4,3.0,0,3,2,2,zero,
online_feedback,shock,1,50,0,3,2.0,2,0,4,4,zero,
online_feedback,shock,1,50,1,3,7.0,7,0,0,0,zero,
online_feedback,shock,1,50,2,3,3.0,0,3,1,1,zero,
online_feedback,shock,1,51,0,3,1.0,0,1,12,12,zero,
online_feedback,shock,1,51,1,3,8.0,8,0,0,0,zero,
online_feedback,shock,1,51,2,3,3.0,0,3,0,0,zero,
online_feedback,shock,1,52,0,4,5.0,0,5,1,1,zero,
online_feedback,shock,1,52,1,4,7.0,7,0,17,17,zero,
online_feedback,shock,1,52,2,4,1.0,0,1,0,0,zero,
online_feedback,shock,1,53,0,4,8.0,0,8,1,1,zero,
online_feedback,shock,1,53,1,4,6.0,6,0,0,0,zero,
online_feedback,shock,1,53,2,4,1.0,1,0,19,19,zero,
online_feedback,shock,1,54,0,4,8.0,0,8,4,4,zero,
online_feedback,shock,1,54,1,4,2.0,2,0,0,0,zero,
online_feedback,shock,1,54,2,4,2.0,2,0,3,3,zero,
online_feedback,shock,1,55,0,4,-0.0,0,0,4,4,zero,
online_feedback,shock,1,55,1,4,2.0,0,2,0,0,zero,
online_feedback,shock,1,55,2,4,2.0,2,0,0,0,zero,
online_feedback,shock,1,56,0,4,3.0,0,3,6,6,zero,
online_feedback,shock,1,56,1,4,11.0,11,0,8,8,zero,
online_feedback,shock,1,56,2,4,6.0,0,6,0,0,zero,
online_feedback,shock,1,57,0,4,6.0,0,6,6,6,zero,
online_feedback,shock,1,57,1,4,6.0,6,0,16,16,zero,
online_feedback,shock,1,57,2,4,3.0,0,3,16,16,zero,
online_feedback,shock,1,58,0,5,7.0,0,7,2,2,zero,
online_feedback,shock,1,58,1,5,4.0,4,0,0,0,zero,
online_feedback,shock,1,58,2,5,-0.0,0,0,20,20,zero,
online_feedback,shock,1,59,0,5,10.0,0,10,6,6,zero,
online_feedback,shock,1,59,1,5,2.0,0,2,0,0,zero,
online_feedback,shock,1,59,2,5,-0.0,0,0,0,0,zero,
online_feedback,shock,1,60,0,5,7.0,0,7,10,10,zero,
online_feedback,shock,1,60,1,5,10.0,0,10,0,0,zero,
online_feedback,shock,1,60,2,5,-0.0,0,0,0,0,zero,
online_feedback,shock,1,61,0,5,6.0,0,6,10,10,zero,
online_feedback,shock,1,61,1,5,1.0,0,1,11,11,zero,
online_feedback,shock,1,61,2,5,5.0,5,0,0,0,zero,
online_feedback,shock,1,62,0,5,9.0,0,9,2,2,zero,
online_feedback,shock,1,62,1,5,-0.0,0,0,17,17,zero,
online_feedback,shock,1,62,2,5,8.0,8,0,2,2,zero,
online_feedback,shock,1,63,0,5,10.0,0,10,2,2,zero,
online_feedback,shock,1,63,1,5,2.0,0,2,0,0,zero,
online_feedback,shock,1,63,2,5,8.0,8,0,19,19,zero,
online_feedback,shock,1,64,0,4,12.0,0,12,4,4,zero,
online_feedback,shock,1,64,1,4,6.0,0,6,0,0,zero,
online_feedback,shock,1,64,2,4,8.0,8,0,4,4,zero,
online_feedback,shock,1,65,0,4,3.0,3,0,4,4,zero,
online_feedback,shock,1,65,1,4,1.0,1,0,0,0,zero,
online_feedback,shock,1,65,2,4,8.0,8,0,0,0,zero,
online_feedback,shock,1,66,0,5,1.0,1,0,6,6,zero,
online_feedback,shock,1,66,1,5,12.0,12,0,11,11,zero,
online_feedback,shock,1,66,2,5,1.0,0,1,0,0,zero,
online_feedback,shock,1,67,0,5,4.0,0,4,10,10,zero,
online_feedback,shock,1,67,1,5,2.0,2,0,8,8,zero,
online_feedback,shock,1,67,2,5,10.0,10,0,16,16,zero,
online_feedback,shock,1,68,0,5,9.0,0,9,6,6,zero,
online_feedback,shock,1,68,1,5,4.0,0,4,17,17,zero,
online_feedback,shock,1,68,2,5,3.0,0,3,0,0,zero,
online_feedback,shock,1,69,0,5,4.0,0,4,6,6,zero,
online_feedback,shock,1,69,1,5,10.0,0,10,0,0,zero,
online_feedback,shock,1,69,2,5,3.0,0,3,19,19,zero,
online_feedback,shock,1,70,0,4,2.0,0,2,6,6,zero,
online_feedback,shock,1,70,1,4,6.0,0,6,16,16,zero,
online_feedback,shock,1,70,2,4,19.0,0,19,18,18,zero,
online_feedback,shock,1,71,0,4,4.0,4,0,6,6,zero,
online_feedback,shock,1,71,1,4,3.0,0,3,8,8,zero,
online_feedback,shock,1,71,2,4,11.0,0,11,19,19,zero,
online_feedback,shock,1,72,0,3,3.0,3,0,1,1,zero,
online_feedback,shock,1,72,1,3,10.0,10,0,0,0,zero,
online_feedback,shock,1,72,2,3,11.0,0,11,20,20,zero,
online_feedback,shock,1,73,0,4,1.0,0,1,0,0,zero,
online_feedback,shock,1,73,1,4,10.0,10,0,0,0,zero,
online_feedback,shock,1,73,2,4,8.0,8,0,0,0,zero,
online_feedback,shock,1,74,0,4,5.0,5,0,1,1,zero,
online_feedback,shock,1,74,1,4,9.0,9,0,0,0,zero,
online_feedback,shock,1,74,2,4,26.0,26,0,0,0,zero,
online_feedback,shock,1,75,0,5,9.0,9,0,4,4,zero,75
online_feedback,shock,1,75,1,5,21.0,21,0,0,0,zero,75
online_feedback,shock,1,75,2,5,45.0,45,0,0,0,zero,75
online_feedback,shock,1,76,0,5,8.0,8,0,12,12,zero,75
online_feedback,shock,1,76,1,5,9.0,9,0,0,0,zero,75
online_feedback,shock,1,76,2,5,65.0,65,0,0,0,zero,75
online_feedback,shock,1,77,0,5,3.0,3,0,12,12,zero,75
online_feedback,shock,1,77,1,5,8.0,8,0,16,16,zero,75
online_feedback,shock,1,77,2,5,49.0,49,0,0,0,zero,75
online_feedback,shock,1,78,0,5,1.0,0,1,1,1,zero,75
online_feedback,shock,1,78,1,5,7.0,7,0,17,17,zero,75
online_feedback,shock,1,78,2,5,32.0,32,0,0,0,zero,75
online_feedback,shock,1,79,0,5,2.0,0,2,1,1,zero,75
online_feedback,shock,1,79,1,5,6.0,6,0,0,0,zero,75
online_feedback,shock,1,79,2,5,32.0,32,0,19,19,zero,75
online_feedback,shock,1,80,0,5,5.0,5,0,1,1,zero,75
online_feedback,shock,1,80,1,5,5.0,5,0,0,0,zero,75
online_feedback,shock,1,80,2,5,32.0,32,0,0,0,zero,75
online_feedback,shock,1,81,0,7,10.0,10,0,4,4,zero,75
online_feedback,shock,1,81,1,7,17.0,17,0,0,0,zero,75
online_feedback,shock,1,81,2,7,32.0,32,0,0,0,zero,75
online_feedback,shock,1,82,0,7,4.0,4,0,12,12,zero,75
online_feedback,shock,1,82,1,7,22.0,22,0,0,0,zero,75
online_feedback,shock,1,82,2,7,32.0,32,0,0,0,zero,75
online_feedback,shock,1,83,0,5,-0.0,0,0,12,12,zero,75
online_feedback,shock,1,83,1,5,10.0,10,0,16,16,zero,75
online_feedback,shock,1,83,2,5,35.0,35,0,0,0,zero,75
online_feedback,shock,1,84,0,7,6.0,0,6,1,1,zero,75
online_feedback,shock,1,84,1,7,9.0,9,0,17,17,zero,75
online_feedback,shock,1,84,2,7,18.0,18,0,2,2,zero,75
online_feedback,shock,1,85,0,8,10.0,0,10,4,4,zero,75
online_feedback,shock,1,85,1,8,5.0,5,0,0,0,zero,75
online_feedback,shock,1,85,2,8,18.0,18,0,19,19,zero,75
online_feedback,shock,1,86,0,8,6.0,0,6,10,10,zero,75
online_feedback,shock,1,86,1,8,5.0,0,5,0,0,zero,75
online_feedback,shock,1,86,2,8,18.0,18,0,0,0,zero,75
online_feedback,shock,1,87,0,7,1.0,0,1,10,10,zero,75
online_feedback,shock,1,87,1,7,1.0,1,0,11,11,zero,75
online_feedback,shock,1,87,2,7,7.0,7,0,0,0,zero,75
online_feedback,shock,1,88,0,8,8.0,0,8,6,6,zero,75
online_feedback,shock,1,88,1,8,12.0,12,0,16,16,zero,75
online_feedback,shock,1,88,2,8,7.0,0,7,0,0,zero,75
online_feedback,shock,1,89,0,7,11.0,0,11,10,10,zero,75
online_feedback,shock,1,89,1,7,2.0,2,0,8,8,zero,75
online_feedback,shock,1,89,2,7,4.0,4,0,19,19,zero,75
online_feedback,shock,1,90,0,7,13.0,0,13,10,10,zero,75
online_feedback,shock,1,90,1,7,8.0,0,8,8,8,zero,75
online_feedback,shock,1,90,2,7,4.0,0,4,20,20,zero,75
online_feedback,shock,1,91,0,5,3.0,0,3,10,10,zero,75
online_feedback,shock,1,91,1,5,7.0,0,7,16,16,zero,75
online_feedback,shock,1,91,2,5,20.0,0,20,18,18,zero,75
online_feedback,shock,1,92,0,5,2.0,0,2,6,6,zero,75
online_feedback,shock,1,92,1,5,4.0,0,4,11,11,zero,75
online_feedback,shock,1,92,2,5,31.0,0,31,18,18,zero,75
online_feedback,shock,1,93,0,5,3.0,3,0,1,1,zero,75
online_feedback,shock,1,93,1,5,10.0,10,0,11,11,zero,75
online_feedback,shock,1,93,2,5,23.0,0,23,0,0,zero,75
online_feedback,shock,1,94,0,7,2.0,0,2,4,4,zero,75
online_feedback,shock,1,94,1,7,10.0,10,0,0,0,zero,75
online_feedback,shock,1,94,2,7,3.0,0,3,1,1,zero,75
online_feedback,shock,1,95,0,5,4.0,4,0,6,6,zero,75
online_feedback,shock,1,95,1,5,4.0,4,0,0,0,zero,75
online_feedback,shock,1,95,2,5,15.0,15,0,0,0,zero,75
online_feedback,shock,1,96,0,4,9.0,9,0,6,6,zero,75
online_feedback,shock,1,96,1,4,2.0,0,2,0,0,zero,75
online_feedback,shock,1,96,2,4,33.0,33,0,0,0,zero,75
online_feedback,shock,1,97,0,4,10.0,10,0,0,0,zero,75
online_feedback,shock,1,97,1,4,17.0,17,0,1,1,zero,75
online_feedback,shock,1,97,2,4,32.0,32,0,0,0,zero,75
online_feedback,shock,1,98,0,4,10.0,10,0,0,0,zero,75
online_feedback,shock,1,98,1,4,37.0,37,0,0,0,zero,75
online_feedback,shock,1,98,2,4,33.0,33,0,0,0,zero,75
online_feedback,shock,1,99,0,4,12.0,12,0,0,0,zero,75
online_feedback,shock,1,99,1,4,40.0,40,0,0,0,zero,75
online_feedback,shock,1,99,2,4,33.0,33,0,0,0,zero,75
online_feedback,shock,1,100,0,4,12.0,12,0,11,11,zero,75
online_feedback,shock,1,100,1,4,29.0,29,0,0,0,zero,75
online_feedback,shock,1,100,2,4,33.0,33,0,0,0,zero,75
online_feedback,shock,1,101,0,4,10.0,10,0,0,0,zero,75
online_feedback,shock,1,101,1,4,30.0,30,0,7,7,zero,75
online_feedback,shock,1,101,2,4,26.0,26,0,0,0,zero,75
online_feedback,shock,1,102,0,4,6.0,6,0,0,0,zero,75
online_feedback,shock,1,102,1,4,30.0,30,0,0,0,zero,75
online_feedback,shock,1,102,2,4,26.0,26,0,0,0,zero,75
online_feedback,shock,1,103,0,4,2.0,2,0,6,6,zero,75
online_feedback,shock,1,103,1,4,24.0,24,0,0,0,zero,75
online_feedback,shock,1,103,2,4,26.0,26,0,0,0,zero,75
online_feedback,shock,1,104,0,4,9.0,9,0,4,4,zero,75
online_feedback,shock,1,104,1,4,20.0,20,0,0,0,zero,75
online_feedback,shock,1,104,2,4,26.0,26,0,0,0,zero,75
online_feedback,shock,1,105,0,4,5.0,5,0,0,0,zero,75
online_feedback,shock,1,105,1,4,27.0,27,0,0,0,zero,75
online_feedback,shock,1,105,2,4,26.0,26,0,0,0,zero,75
online_feedback,shock,1,106,0,4,1.0,1,0,6,6,zero,75
online_feedback,shock,1,106,1,4,21.0,21,0,0,0,zero,75
online_feedback,shock,1,106,2,4,26.0,26,0,0,0,zero,75
online_feedback,shock,1,107,0,5,2.0,2,0,6,6,zero,75
online_feedback,shock,1,107,1,5,15.0,15,0,0,0,zero,75
online_feedback,shock,1,107,2,5,26.0,26,0,0,0,zero,75
online_feedback,shock,1,108,0,5,1.0,1,0,6,6,zero,75
online_feedback,shock,1,108,1,5,9.0,9,0,16,16,zero,75
online_feedback,shock,1,108,2,5,10.0,10,0,0,0,zero,75
online_feedback,shock,1,109,0,5,4.0,0,4,12,12,zero,75
online_feedback,shock,1,109,1,5,3.0,0,3,0,0,zero,75
online_feedback,shock,1,109,2,5,10.0,10,0,2,2,zero,75
online_feedback,shock,1,110,0,7,5.0,0,5,2,2,zero,75
online_feedback,shock,1,110,1,7,5.0,0,5,16,16,zero,75
online_feedback,shock,1,110,2,7,6.0,0,6,0,0,zero,75
online_feedback,shock,1,111,0,8,7.0,0,7,6,6,zero,75
online_feedback,shock,1,111,1,8,11.0,0,11,0,0,zero,75
online_feedback,shock,1,111,2,8,6.0,0,6,19,19,zero,75
online_feedback,shock,1,112,0,7,8.0,0,8,12,12,zero,75
online_feedback,shock,1,112,1,7,7.0,0,7,11,11,zero,75
online_feedback,shock,1,112,2,7,17.0,0,17,16,16,zero,75
online_feedback,shock,1,113,0,8,7.0,0,7,6,6,zero,75
online_feedback,shock,1,113,1,8,13.0,0,13,16,16,zero,75
online_feedback,shock,1,113,2,8,31.0,0,31,20,20,zero,75
online_feedback,shock,1,114,0,7,14.0,0,14,6,6,zero,75
online_feedback,shock,1,114,1,7,9.0,0,9,11,11,zero,75
online_feedback,shock,1,114,2,7,42.0,0,42,20,20,zero,75
online_feedback,shock,1,115,0,8,22.0,0,22,6,6,zero,75
online_feedback,shock,1,115,1,8,15.0,0,15,16,16,zero,75
online_feedback,shock,1,115,2,8,39.0,0,39,4,4,zero,75
online_feedback,shock,1,116,0,8,14.0,0,14,11,11,zero,75
online_feedback,shock,1,116,1,8,26.0,0,26,0,0,zero,75
online_feedback,shock,1,116,2,8,23.0,0,23,20,20,zero,75
online_feedback,shock,1,117,0,7,21.0,0,21,11,11,zero,75
online_feedback,shock,1,117,1,7,35.0,0,35,17,17,zero,75
online_feedback,shock,1,117,2,7,20.0,0,20,0,0,zero,75
online_feedback,shock,1,118,0,8,19.0,0,19,18,18,zero,75
online_feedback,shock,1,118,1,8,53.0,0,53,8,8,zero,75
online_feedback,shock,1,118,2,8,8.0,0,8,16,16,zero,75
online_feedback,shock,1,119,0,7,26.0,0,26,18,18,zero,75
online_feedback,shock,1,119,1,7,52.0,0,52,16,16,zero,75
online_feedback,shock,1,119,2,7,20.0,0,20,16,16,zero,75
online_feedback,shock,1,120,0,8,34.0,0,34,11,11,zero,75
online_feedback,shock,1,120,1,8,47.0,0,47,11,11,zero,75
online_feedback,shock,1,120,2,8,11.0,0,11,20,20,zero,75
online_feedback,shock,1,121,0,7,39.0,0,39,11,11,zero,75
online_feedback,shock,1,121,1,7,38.0,0,38,11,11,zero,75
online_feedback,shock,1,121,2,7,22.0,0,22,20,20,zero,75
online_feedback,shock,1,122,0,7,46.0,0,46,11,11,zero,75
online_feedback,shock,1,122,1,7,29.0,0,29,17,17,zero,75
online_feedback,shock,1,122,2,7,23.0,0,23,4,4,zero,75
online_feedback,shock,1,123,0,4,31.0,0,31,11,11,zero,75
online_feedback,shock,1,123,1,4,36.0,0,36,16,16,zero,75
online_feedback,shock,1,123,2,4,23.0,0,23,19,19,zero,75
online_feedback,shock,1,124,0,5,20.0,0,20,0,0,zero,75
online_feedback,shock,1,124,1,5,16.0,0,16,17,17,zero,75
online_feedback,shock,1,124,2,5,20.0,0,20,20,20,zero,75
online_feedback,shock,1,125,0,5,5.0,0,5,0,0,zero,75
online_feedback,shock,1,125,1,5,16.0,0,16,0,0,zero,75
online_feedback,shock,1,125,2,5,-0.0,0,0,20,20,zero,75
online_feedback,shock,1,126,0,5,10.0,10,0,0,0,zero,75
online_feedback,shock,1,126,1,5,-0.0,0,0,0,0,zero,75
online_feedback,shock,1,126,2,5,4.0,4,0,3,3,zero,75
online_feedback,shock,1,127,0,5,9.0,9,0,0,0,zero,75
online_feedback,shock,1,127,1,5,16.0,16,0,0,0,zero,75
online_feedback,shock,1,127,2,5,23.0,23,0,0,0,zero,75
online_feedback,shock,1,128,0,4,25.0,25,0,0,0,zero,75
online_feedback,shock,1,128,1,4,36.0,36,0,0,0,zero,75
online_feedback,shock,1,128,2,4,43.0,43,0,0,0,zero,75
online_feedback,shock,1,129,0,4,21.0,21,0,0,0,zero,75
online_feedback,shock,1,129,1,4,56.0,56,0,0,0,zero,75
online_feedback,shock,1,129,2,4,63.0,63,0,0,0,zero,75
online_feedback,shock,1,130,0,4,33.0,33,0,0,0,zero,75
online_feedback,shock,1,130,1,4,56.0,56,0,0,0,zero,75
online_feedback,shock,1,130,2,4,66.0,66,0,0,0,zero,75
online_feedback,shock,1,131,0,5,28.0,28,0,0,0,zero,75
online_feedback,shock,1,131,1,5,56.0,56,0,0,0,zero,75
online_feedback,shock,1,131,2,5,66.0,66,0,0,0,zero,75
online_feedback,shock,1,132,0,5,23.0,23,0,0,0,zero,75
online_feedback,shock,1,132,1,5,56.0,56,0,0,0,zero,75
online_feedback,shock,1,132,2,5,66.0,66,0,0,0,zero,75
online_feedback,shock,1,133,0,5,18.0,18,0,11,11,zero,75
online_feedback,shock,1,133,1,5,45.0,45,0,0,0,zero,75
online_feedback,shock,1,133,2,5,66.0,66,0,0,0,zero,75
online_feedback,shock,1,134,0,4,14.0,14,0,0,0,zero,75
online_feedback,shock,1,134,1,4,45.0,45,0,0,0,zero,75
online_feedback,shock,1,134,2,4,66.0,66,0,0,0,zero,75
online_feedback,shock,1,135,0,4,10.0,10,0,0,0,zero,75
online_feedback,shock,1,135,1,4,45.0,45,0,0,0,zero,75
online_feedback,shock,1,135,2,4,66.0,66,0,0,0,zero,75
online_feedback,shock,1,136,0,4,6.0,6,0,0,0,zero,75
online_feedback,shock,1,136,1,4,45.0,45,0,0,0,zero,75
online_feedback,shock,1,136,2,4,66.0,66,0,0,0,zero,75
online_feedback,shock,1,137,0,4,13.0,13,0,0,0,zero,75
online_feedback,shock,1,137,1,4,45.0,45,0,0,0,zero,75
online_feedback,shock,1,137,2,4,66.0,66,0,0,0,zero,75
online_feedback,shock,1,138,0,4,9.0,9,0,11,11,zero,75
online_feedback,shock,1,138,1,4,34.0,34,0,0,0,zero,75
online_feedback,shock,1,138,2,4,66.0,66,0,0,0,zero,75
online_feedback,shock,1,139,0,4,5.0,5,0,9,9,zero,75
online_feedback,shock,1,139,1,4,25.0,25,0,0,0,zero,75
online_feedback,shock,1,139,2,4,66.0,66,0,0,0,zero,75
online_feedback,shock,1,140,0,4,1.0,1,0,0,0,zero,75
online_feedback,shock,1,140,1,4,25.0,25,0,7,7,zero,75
online_feedback,shock,1,140,2,4,59.0,59,0,0,0,zero,75
online_feedback,shock,1,141,0,3,2.0,0,2,0,0,zero,75
online_feedback,shock,1,141,1,3,25.0,25,0,0,0,zero,75
online_feedback,shock,1,141,2,3,59.0,59,0,0,0,zero,75
online_feedback,shock,1,142,0,3,6.0,6,0,1,1,zero,75
online_feedback,shock,1,142,1,3,24.0,24,0,0,0,zero,75
online_feedback,shock,1,142,2,3,59.0,59,0,0,0,zero,75
online_feedback,shock,1,143,0,3,12.0,12,0,0,0,zero,75
online_feedback,shock,1,143,1,3,24.0,24,0,0,0,zero,75
online_feedback,shock,1,143,2,3,59.0,59,0,0,0,zero,75
online_feedback,shock,1,144,0,3,9.0,9,0,0,0,zero,75
online_feedback,shock,1,144,1,3,31.0,31,0,0,0,zero,75
online_feedback,shock,1,144,2,3,59.0,59,0,0,0,zero,75
online_feedback,shock,1,145,0,3,6.0,6,0,11,11,zero,75
online_feedback,shock,1,145,1,3,20.0,20,0,0,0,zero,75
online_feedback,shock,1,145,2,3,59.0,59,0,0,0,zero,75
online_feedback,shock,1,146,0,2,5.0,5,0,0,0,zero,75
online_feedback,shock,1,146,1,2,20.0,20,0,7,7,zero,75
online_feedback,shock,1,146,2,2,52.0,52,0,0,0,zero,75
online_feedback,shock,1,147,0,2,3.0,3,0,0,0,zero,75
online_feedback,shock,1,147,1,2,20.0,20,0,0,0,zero,75
online_feedback,shock,1,147,2,2,52.0,52,0,0,0,zero,75
online_feedback,shock,1,148,0,3,-0.0,0,0,0,0,zero,75
online_feedback,shock,1,148,1,3,20.0,20,0,0,0,zero,75
online_feedback,shock,1,148,2,3,52.0,52,0,0,0,zero,75
online_feedback,shock,1,149,0,3,8.0,8,0,1,1,zero,75
online_feedback,shock,1,149,1,3,19.0,19,0,0,0,zero,75
online_feedback,shock,1,149,2,3,52.0,52,0,0,0,zero,75
online_feedback,shock,1,150,0,2,6.0,6,0,6,6,zero,75
online_feedback,shock,1,150,1,2,20.0,20,0,0,0,zero,75
online_feedback,shock,1,150,2,2,52.0,52,0,0,0,zero,75
online_feedback,shock,1,151,0,3,3.0,3,0,1,1,zero,75
online_feedback,shock,1,151,1,3,19.0,19,0,0,0,zero,75
online_feedback,shock,1,151,2,3,52.0,52,0,0,0,zero,75
online_feedback,shock,1,152,0,2,1.0,1,0,0,0,zero,75
online_feedback,shock,1,152,1,2,19.0,19,0,0,0,zero,75
online_feedback,shock,1,152,2,2,52.0,52,0,0,0,zero,75
online_feedback,shock,1,153,0,2,-0.0,0,0,1,1,zero,75
online_feedback,shock,1,153,1,2,18.0,18,0,0,0,zero,75
online_feedback,shock,1,153,2,2,52.0,52,0,0,0,zero,75
online_feedback,shock,1,154,0,2,4.0,4,0,1,1,zero,75
online_feedback,shock,1,154,1,2,17.0,17,0,0,0,zero,75
online_feedback,shock,1,154,2,2,52.0,52,0,0,0,zero,75
online_feedback,shock,1,155,0,2,3.0,3,0,4,4,zero,75
online_feedback,shock,1,155,1,2,13.0,13,0,0,0,zero,75
online_feedback,shock,1,155,2,2,52.0,52,0,0,0,zero,75
online_feedback,shock,1,156,0,2,1.0,1,0,0,0,zero,75
online_feedback,shock,1,156,1,2,13.0,13,0,0,0,zero,75
online_feedback,shock,1,156,2,2,52.0,52,0,0,0,zero,75
online_feedback,shock,1,157,0,2,-0.0,0,0,0,0,zero,75
online_feedback,shock,1,157,1,2,13.0,13,0,0,0,zero,75
online_feedback,shock,1,157,2,2,52.0,52,0,0,0,zero,75
online_feedback,shock,1,158,0,2,1.0,0,1,4,4,zero,75
online_feedback,shock,1,158,1,2,9.0,9,0,0,0,zero,75
online_feedback,shock,1,158,2,2,52.0,52,0,0,0,zero,75
online_feedback,shock,1,159,0,3,-0.0,0,0,1,1,zero,75
online_feedback,shock,1,159,1,3,8.0,8,0,7,7,zero,75
online_feedback,shock,1,159,2,3,45.0,45,0,0,0,zero,75
online_feedback,shock,1,160,0,3,3.0,0,3,4,4,event4_revision_0,75
online_feedback,shock,1,160,1,3,4.0,4,0,0,0,event4_revision_0,75
online_feedback,shock,1,160,2,3,45.0,45,0,0,0,event4_revision_0,75
online_feedback,shock,1,161,0,4,7.0,0,7,6,6,event4_revision_0,75
online_feedback,shock,1,161,1,4,2.0,0,2,0,3,event4_revision_0,75
online_feedback,shock,1,161,2,4,42.0,42,0,0,0,event4_revision_0,75
online_feedback,shock,1,162,0,4,7.0,0,7,6,6,event4_revision_0,75
online_feedback,shock,1,162,1,4,8.0,0,8,16,19,event4_revision_0,75
online_feedback,shock,1,162,2,4,23.0,23,0,0,0,event4_revision_0,75
online_feedback,shock,1,163,0,4,10.0,0,10,6,6,event4_revision_0,75
online_feedback,shock,1,163,1,4,7.0,0,7,0,3,event4_revision_0,75
online_feedback,shock,1,163,2,4,20.0,20,0,0,0,event4_revision_0,75
online_feedback,shock,1,164,0,4,10.0,0,10,6,6,event4_revision_0,75
online_feedback,shock,1,164,1,4,13.0,0,13,0,3,event4_revision_0,75
online_feedback,shock,1,164,2,4,17.0,17,0,0,0,event4_revision_0,75
online_feedback,shock,1,165,0,4,10.0,0,10,6,6,zero,75
online_feedback,shock,1,165,1,4,16.0,0,16,8,8,zero,75
online_feedback,shock,1,165,2,4,9.0,9,0,2,2,zero,75
online_feedback,shock,1,166,0,3,13.0,0,13,6,6,zero,75
online_feedback,shock,1,166,1,3,3.0,0,3,8,8,zero,75
online_feedback,shock,1,166,2,3,1.0,1,0,19,19,zero,75
online_feedback,shock,1,167,0,3,9.0,0,9,0,0,zero,75
online_feedback,shock,1,167,1,3,-0.0,0,0,0,0,zero,75
online_feedback,shock,1,167,2,3,1.0,1,0,20,20,zero,75
online_feedback,shock,1,168,0,3,12.0,0,12,0,0,zero,75
online_feedback,shock,1,168,1,3,3.0,3,0,0,0,zero,75
online_feedback,shock,1,168,2,3,1.0,1,0,4,4,zero,75
online_feedback,shock,1,169,0,3,12.0,0,12,0,0,zero,75
online_feedback,shock,1,169,1,3,11.0,11,0,0,0,zero,75
online_feedback,shock,1,169,2,3,3.0,3,0,0,0,zero,75
online_feedback,shock,1,170,0,3,4.0,4,0,4,4,zero,75
online_feedback,shock,1,170,1,3,15.0,15,0,0,0,zero,75
online_feedback,shock,1,170,2,3,22.0,22,0,0,0,zero,75
online_feedback,shock,1,171,0,3,4.0,4,0,6,6,zero,75
online_feedback,shock,1,171,1,3,9.0,9,0,0,0,zero,75
online_feedback,shock,1,171,2,3,42.0,42,0,0,0,zero,75
online_feedback,shock,1,172,0,4,-0.0,0,0,2,2,zero,75
online_feedback,shock,1,172,1,4,7.0,7,0,17,17,zero,75
online_feedback,shock,1,172,2,4,29.0,29,0,0,0,zero,75
online_feedback,shock,1,173,0,3,3.0,0,3,12,12,zero,75
online_feedback,shock,1,173,1,3,5.0,0,5,0,0,zero,75
online_feedback,shock,1,173,2,3,29.0,29,0,2,2,zero,75
online_feedback,shock,1,174,0,3,2.0,0,2,1,1,zero,75
online_feedback,shock,1,174,1,3,6.0,0,6,16,16,zero,75
online_feedback,shock,1,174,2,3,13.0,13,0,0,0,zero,75
online_feedback,shock,1,175,0,3,1.0,1,0,1,1,zero,75
online_feedback,shock,1,175,1,3,7.0,0,7,0,0,zero,75
online_feedback,shock,1,175,2,3,13.0,13,0,19,19,zero,75
online_feedback,shock,1,176,0,3,-0.0,0,0,4,4,zero,75
online_feedback,shock,1,176,1,3,6.0,6,0,0,0,zero,75
online_feedback,shock,1,176,2,3,13.0,13,0,0,0,zero,75
online_feedback,shock,1,177,0,2,5.0,5,0,4,4,zero,75
online_feedback,shock,1,177,1,2,2.0,2,0,7,7,zero,75
online_feedback,shock,1,177,2,2,8.0,8,0,0,0,zero,75
online_feedback,shock,1,178,0,3,2.0,2,0,0,0,zero,75
online_feedback,shock,1,178,1,3,18.0,18,0,8,8,zero,75
online_feedback,shock,1,178,2,3,-0.0,0,0,0,0,zero,75
online_feedback,shock,1,179,0,2,-0.0,0,0,0,0,zero,75
online_feedback,shock,1,179,1,2,18.0,18,0,0,0,zero,75
online_feedback,shock,1,179,2,2,19.0,19,0,19,19,zero,75
online_feedback,shock,1,180,0,3,8.0,8,0,1,1,zero,75
online_feedback,shock,1,180,1,3,17.0,17,0,0,0,zero,75
online_feedback,shock,1,180,2,3,19.0,19,0,0,0,zero,75
online_feedback,shock,1,181,0,3,9.0,9,0,4,4,zero,75
online_feedback,shock,1,181,1,3,20.0,20,0,0,0,zero,75
online_feedback,shock,1,181,2,3,19.0,19,0,0,0,zero,75
online_feedback,shock,1,182,0,3,6.0,6,0,6,6,zero,75
online_feedback,shock,1,182,1,3,22.0,22,0,0,0,zero,75
online_feedback,shock,1,182,2,3,19.0,19,0,0,0,zero,75
online_feedback,shock,1,183,0,3,3.0,3,0,0,0,zero,75
online_feedback,shock,1,183,1,3,22.0,22,0,0,0,zero,75
online_feedback,shock,1,183,2,3,38.0,38,0,0,0,zero,75
online_feedback,shock,1,184,0,3,1.0,1,0,0,0,zero,75
online_feedback,shock,1,184,1,3,22.0,22,0,0,0,zero,75
online_feedback,shock,1,184,2,3,38.0,38,0,0,0,zero,75
online_feedback,shock,1,185,0,4,1.0,1,0,4,4,zero,75
online_feedback,shock,1,185,1,4,18.0,18,0,0,0,zero,75
online_feedback,shock,1,185,2,4,38.0,38,0,0,0,zero,75
online_feedback,shock,1,186,0,4,3.0,3,0,6,6,zero,75
online_feedback,shock,1,186,1,4,12.0,12,0,0,0,zero,75
online_feedback,shock,1,186,2,4,38.0,38,0,0,0,zero,75
online_feedback,shock,1,187,0,4,1.0,0,1,12,12,zero,75
online_feedback,shock,1,187,1,4,-0.0,0,0,16,16,zero,75
online_feedback,shock,1,187,2,4,22.0,22,0,0,0,zero,75
online_feedback,shock,1,188,0,4,5.0,0,5,1,1,zero,75
online_feedback,shock,1,188,1,4,1.0,0,1,5,5,zero,75
online_feedback,shock,1,188,2,4,17.0,17,0,0,0,zero,75
online_feedback,shock,1,189,0,4,5.0,0,5,1,1,zero,75
online_feedback,shock,1,189,1,4,2.0,0,2,0,0,zero,75
online_feedback,shock,1,189,2,4,17.0,17,0,16,16,zero,75
online_feedback,shock,1,190,0,4,3.0,0,3,4,4,zero,75
online_feedback,shock,1,190,1,4,6.0,0,6,0,0,zero,75
online_feedback,shock,1,190,2,4,17.0,17,0,0,0,zero,75
online_feedback,shock,1,191,0,4,5.0,5,0,4,4,zero,75
online_feedback,shock,1,191,1,4,6.0,6,0,8,8,zero,75
online_feedback,shock,1,191,2,4,9.0,9,0,0,0,zero,75
online_feedback,shock,1,192,0,5,-0.0,0,0,10,10,zero,75
online_feedback,shock,1,192,1,5,1.0,1,0,0,0,zero,75
online_feedback,shock,1,192,2,5,9.0,9,0,0,0,zero,75
online_feedback,shock,1,193,0,4,4.0,0,4,2,2,zero,75
online_feedback,shock,1,193,1,4,1.0,0,1,17,17,zero,75
online_feedback,shock,1,193,2,4,8.0,8,0,0,0,zero,75
online_feedback,shock,1,194,0,5,9.0,0,9,4,4,zero,75
online_feedback,shock,1,194,1,5,5.0,0,5,0,0,zero,75
online_feedback,shock,1,194,2,5,8.0,8,0,19,19,zero,75
online_feedback,shock,1,195,0,5,4.0,0,4,6,5,event4_initial_2,75
online_feedback,shock,1,195,1,5,2.0,0,2,0,0,event4_initial_2,75
online_feedback,shock,1,195,2,5,8.0,8,0,0,0,event4_initial_2,75
online_feedback,shock,1,196,0,5,1.0,1,0,6,6,event4_initial_2,75
online_feedback,shock,1,196,1,5,8.0,0,8,8,12,event4_initial_2,75
online_feedback,shock,1,196,2,5,4.0,0,4,0,0,event4_initial_2,75
online_feedback,shock,1,197,0,5,3.0,0,3,6,6,event4_initial_2,75
online_feedback,shock,1,197,1,5,3.0,3,0,11,11,event4_initial_2,75
online_feedback,shock,1,197,2,5,15.0,0,15,2,3,event4_initial_2,75
online_feedback,shock,1,198,0,5,8.0,0,8,4,4,event4_initial_2,75
online_feedback,shock,1,198,1,5,1.0,0,1,17,17,event4_initial_2,75
online_feedback,shock,1,198,2,5,13.0,0,13,19,20,event4_initial_2,75
online_feedback,shock,1,199,0,6,6.0,0,6,4,3,event4_initial_2,75
online_feedback,shock,1,199,1,6,4.0,0,4,0,0,event4_initial_2,75
online_feedback,shock,1,199,2,6,13.0,0,13,20,20,event4_initial_2,75
online_feedback,shock,1,200,0,5,11.0,0,11,6,5,event4_initial_2,75
online_feedback,shock,1,200,1,5,1.0,0,1,0,0,event4_initial_2,75
online_feedback,shock,1,200,2,5,13.0,0,13,4,5,event4_initial_2,75
online_feedback,shock,2,1,0,10,10.0,10,0,16,16,zero,
online_feedback,shock,2,1,1,10,4.0,4,0,8,8,zero,
online_feedback,shock,2,1,2,10,12.0,12,0,0,0,zero,
online_feedback,shock,2,2,0,10,10.0,10,0,10,10,zero,
online_feedback,shock,2,2,1,10,4.0,4,0,17,17,zero,
online_feedback,shock,2,2,2,10,5.0,5,0,2,2,zero,
online_feedback,shock,2,3,0,8,12.0,12,0,10,10,zero,
online_feedback,shock,2,3,1,8,4.0,4,0,8,8,zero,
online_feedback,shock,2,3,2,8,7.0,7,0,19,19,zero,
online_feedback,shock,2,4,0,9,13.0,13,0,0,0,zero,
online_feedback,shock,2,4,1,9,14.0,14,0,8,8,zero,
online_feedback,shock,2,4,2,9,9.0,9,0,20,20,zero,
online_feedback,shock,2,5,0,10,19.0,19,0,10,10,zero,
online_feedback,shock,2,5,1,10,12.0,12,0,0,0,zero,
online_feedback,shock,2,5,2,10,9.0,9,0,3,3,zero,
online_feedback,shock,2,6,0,10,19.0,19,0,11,11,zero,
online_feedback,shock,2,6,1,10,18.0,18,0,4,4,zero,
online_feedback,shock,2,6,2,10,7.0,7,0,0,0,zero,
online_feedback,shock,2,7,0,10,19.0,19,0,16,16,zero,
online_feedback,shock,2,7,1,10,10.0,10,0,19,19,zero,
online_feedback,shock,2,7,2,10,7.0,7,0,0,0,zero,
online_feedback,shock,2,8,0,9,10.0,10,0,16,16,zero,
online_feedback,shock,2,8,1,9,2.0,2,0,17,17,zero,
online_feedback,shock,2,8,2,9,10.0,10,0,19,19,zero,
online_feedback,shock,2,9,0,9,11.0,11,0,0,0,zero,
online_feedback,shock,2,9,1,9,2.0,2,0,17,17,zero,
online_feedback,shock,2,9,2,9,4.0,0,4,18,18,zero,
online_feedback,shock,2,10,0,9,13.0,13,0,0,0,zero,
online_feedback,shock,2,10,1,9,6.0,6,0,0,0,zero,
online_feedback,shock,2,10,2,9,4.0,0,4,18,18,zero,
online_feedback,shock,2,11,0,9,20.0,20,0,10,10,zero,
online_feedback,shock,2,11,1,9,15.0,15,0,0,0,zero,
online_feedback,shock,2,11,2,9,4.0,0,4,0,0,zero,
online_feedback,shock,2,12,0,9,27.0,27,0,10,10,zero,
online_feedback,shock,2,12,1,9,22.0,22,0,4,4,zero,
online_feedback,shock,2,12,2,9,11.0,11,0,0,0,zero,
online_feedback,shock,2,13,0,11,16.0,16,0,0,0,zero,
online_feedback,shock,2,13,1,11,35.0,35,0,19,19,zero,
online_feedback,shock,2,13,2,11,10.0,10,0,0,0,zero,
online_feedback,shock,2,14,0,10,6.0,6,0,16,16,zero,
online_feedback,shock,2,14,1,10,19.0,19,0,0,0,zero,
online_feedback,shock,2,14,2,10,28.0,28,0,16,16,zero,
online_feedback,shock,2,15,0,10,6.0,6,0,9,9,zero,
online_feedback,shock,2,15,1,10,10.0,10,0,17,17,zero,
online_feedback,shock,2,15,2,10,11.0,11,0,0,0,zero,
online_feedback,shock,2,16,0,11,5.0,5,0,9,9,zero,
online_feedback,shock,2,16,1,11,9.0,9,0,16,16,zero,
online_feedback,shock,2,16,2,11,5.0,0,5,19,19,zero,
online_feedback,shock,2,17,0,12,7.0,0,7,16,16,zero,
online_feedback,shock,2,17,1,12,12.0,12,0,8,8,zero,
online_feedback,shock,2,17,2,12,13.0,0,13,16,16,zero,
online_feedback,shock,2,18,0,11,2.0,0,2,2,2,zero,
online_feedback,shock,2,18,1,11,10.0,10,0,17,17,zero,
online_feedback,shock,2,18,2,11,14.0,0,14,0,0,zero,
online_feedback,shock,2,19,0,11,4.0,0,4,12,12,zero,
online_feedback,shock,2,19,1,11,15.0,15,0,0,0,zero,
online_feedback,shock,2,19,2,11,14.0,0,14,19,19,zero,
online_feedback,shock,2,20,0,12,7.0,0,7,12,12,zero,
online_feedback,shock,2,20,1,12,14.0,14,0,4,4,zero,
online_feedback,shock,2,20,2,12,1.0,1,0,0,0,zero,
online_feedback,shock,2,21,0,10,1.0,0,1,10,10,zero,
online_feedback,shock,2,21,1,10,4.0,4,0,17,17,zero,
online_feedback,shock,2,21,2,10,-0.0,0,0,0,0,zero,
online_feedback,shock,2,22,0,9,8.0,0,8,10,10,zero,
online_feedback,shock,2,22,1,9,10.0,10,0,8,8,zero,
online_feedback,shock,2,22,2,9,8.0,0,8,19,19,zero,
online_feedback,shock,2,23,0,8,4.0,0,4,10,10,zero,
online_feedback,shock,2,23,1,8,-0.0,0,0,16,16,zero,
online_feedback,shock,2,23,2,8,5.0,0,5,2,2,zero,
online_feedback,shock,2,24,0,7,1.0,1,0,6,6,zero,
online_feedback,shock,2,24,1,7,12.0,12,0,0,0,zero,
online_feedback,shock,2,24,2,7,5.0,0,5,19,19,zero,
online_feedback,shock,2,25,0,7,4.0,4,0,6,6,zero,
online_feedback,shock,2,25,1,7,23.0,23,0,4,4,zero,
online_feedback,shock,2,25,2,7,9.0,0,9,20,20,zero,
online_feedback,shock,2,26,0,7,7.0,7,0,6,6,zero,
online_feedback,shock,2,26,1,7,17.0,17,0,16,16,zero,
online_feedback,shock,2,26,2,7,6.0,0,6,0,0,zero,
online_feedback,shock,2,27,0,6,11.0,11,0,10,10,zero,
online_feedback,shock,2,27,1,6,26.0,26,0,0,0,zero,
online_feedback,shock,2,27,2,6,4.0,0,4,19,19,zero,
online_feedback,shock,2,28,0,6,11.0,11,0,6,6,zero,
online_feedback,shock,2,28,1,6,20.0,20,0,1,1,zero,
online_feedback,shock,2,28,2,6,14.0,14,0,0,0,zero,
online_feedback,shock,2,29,0,6,11.0,11,0,0,0,zero,
online_feedback,shock,2,29,1,6,20.0,20,0,7,7,zero,
online_feedback,shock,2,29,2,6,27.0,27,0,0,0,zero,
online_feedback,shock,2,30,0,5,12.0,12,0,6,6,zero,
online_feedback,shock,2,30,1,5,33.0,33,0,0,0,zero,
online_feedback,shock,2,30,2,5,27.0,27,0,0,0,zero,
online_feedback,shock,2,31,0,5,17.0,17,0,6,6,zero,
online_feedback,shock,2,31,1,5,29.0,29,0,0,0,zero,
online_feedback,shock,2,31,2,5,46.0,46,0,0,0,zero,
online_feedback,shock,2,32,0,5,18.0,18,0,0,0,zero,
online_feedback,shock,2,32,1,5,34.0,34,0,1,1,zero,
online_feedback,shock,2,32,2,5,45.0,45,0,0,0,zero,
online_feedback,shock,2,33,0,5,13.0,13,0,0,0,zero,
online_feedback,shock,2,33,1,5,41.0,41,0,0,0,zero,
online_feedback,shock,2,33,2,5,45.0,45,0,0,0,zero,
online_feedback,shock,2,34,0,5,14.0,14,0,6,6,zero,
online_feedback,shock,2,34,1,5,35.0,35,0,0,0,zero,
online_feedback,shock,2,34,2,5,45.0,45,0,0,0,zero,
online_feedback,shock,2,35,0,5,15.0,15,0,10,10,zero,
online_feedback,shock,2,35,1,5,25.0,25,0,0,0,zero,
online_feedback,shock,2,35,2,5,45.0,45,0,0,0,zero,
online_feedback,shock,2,36,0,4,11.0,11,0,0,0,zero,
online_feedback,shock,2,36,1,4,26.0,26,0,16,16,zero,
online_feedback,shock,2,36,2,4,29.0,29,0,0,0,zero,
online_feedback,shock,2,37,0,4,7.0,7,0,0,0,zero,
online_feedback,shock,2,37,1,4,26.0,26,0,0,0,zero,
online_feedback,shock,2,37,2,4,29.0,29,0,0,0,zero,
online_feedback,shock,2,38,0,3,10.0,10,0,0,0,zero,
online_feedback,shock,2,38,1,3,26.0,26,0,0,0,zero,
online_feedback,shock,2,38,2,3,29.0,29,0,0,0,zero,
online_feedback,shock,2,39,0,4,16.0,16,0,0,0,zero,
online_feedback,shock,2,39,1,4,26.0,26,0,0,0,zero,
online_feedback,shock,2,39,2,4,29.0,29,0,0,0,zero,
online_feedback,shock,2,40,0,4,12.0,12,0,6,6,zero,
online_feedback,shock,2,40,1,4,36.0,36,0,0,0,zero,
online_feedback,shock,2,40,2,4,29.0,29,0,0,0,zero,
online_feedback,shock,2,41,0,5,7.0,7,0,11,11,zero,
online_feedback,shock,2,41,1,5,25.0,25,0,0,0,zero,
online_feedback,shock,2,41,2,5,29.0,29,0,0,0,zero,
online_feedback,shock,2,42,0,6,1.0,1,0,12,12,zero,
online_feedback,shock,2,42,1,6,13.0,13,0,7,7,zero,
online_feedback,shock,2,42,2,6,22.0,22,0,0,0,zero,
online_feedback,shock,2,43,0,8,7.0,0,7,1,1,zero,
online_feedback,shock,2,43,1,8,12.0,12,0,17,17,zero,
online_feedback,shock,2,43,2,8,5.0,5,0,0,0,zero,
online_feedback,shock,2,44,0,9,10.0,0,10,6,6,zero,
online_feedback,shock,2,44,1,9,6.0,6,0,0,0,zero,
online_feedback,shock,2,44,2,9,5.0,5,0,19,19,zero,
online_feedback,shock,2,45,0,12,11.0,0,11,12,12,zero,
online_feedback,shock,2,45,1,12,6.0,0,6,0,0,zero,
online_feedback,shock,2,45,2,12,5.0,5,0,2,2,zero,
online_feedback,shock,2,46,0,13,12.0,0,12,12,12,zero,
online_feedback,shock,2,46,1,13,11.0,0,11,16,16,zero,
online_feedback,shock,2,46,2,13,11.0,0,11,0,0,zero,
online_feedback,shock,2,47,0,13,24.0,0,24,10,10,zero,
online_feedback,shock,2,47,1,13,4.0,0,4,11,11,zero,
online_feedback,shock,2,47,2,13,22.0,0,22,19,19,zero,
online_feedback,shock,2,48,0,12,30.0,0,30,10,10,zero,
online_feedback,shock,2,48,1,12,14.0,0,14,17,17,zero,
online_feedback,shock,2,48,2,12,20.0,0,20,0,0,zero,
online_feedback,shock,2,49,0,10,34.0,0,34,10,10,zero,
online_feedback,shock,2,49,1,10,24.0,0,24,16,16,zero,
online_feedback,shock,2,49,2,10,34.0,0,34,19,19,zero,
online_feedback,shock,2,50,0,10,37.0,0,37,18,18,zero,
online_feedback,shock,2,50,1,10,37.0,0,37,16,16,zero,
online_feedback,shock,2,50,2,10,50.0,0,50,20,20,zero,
online_feedback,shock,2,51,0,10,30.0,0,30,18,18,zero,
online_feedback,shock,2,51,1,10,55.0,0,55,16,16,zero,
online_feedback,shock,2,51,2,10,47.0,0,47,20,20,zero,
online_feedback,shock,2,52,0,10,40.0,0,40,17,17,zero,
online_feedback,shock,2,52,1,10,53.0,0,53,16,16,zero,
online_feedback,shock,2,52,2,10,63.0,0,63,20,20,zero,
online_feedback,shock,2,53,0,11,51.0,0,51,17,17,zero,
online_feedback,shock,2,53,1,11,68.0,0,68,16,16,zero,
online_feedback,shock,2,53,2,11,60.0,0,60,20,20,zero,
online_feedback,shock,2,54,0,11,57.0,0,57,17,17,zero,
online_feedback,shock,2,54,1,11,85.0,0,85,16,16,zero,
online_feedback,shock,2,54,2,11,56.0,0,56,20,20,zero,
online_feedback,shock,2,55,0,11,68.0,0,68,17,17,zero,
online_feedback,shock,2,55,1,11,83.0,0,83,16,16,zero,
online_feedback,shock,2,55,2,11,52.0,0,52,20,20,zero,
online_feedback,shock,2,56,0,10,59.0,0,59,17,17,zero,
online_feedback,shock,2,56,1,10,100.0,0,100,16,16,zero,
online_feedback,shock,2,56,2,10,48.0,0,48,20,20,zero,
online_feedback,shock,2,57,0,10,67.0,0,67,17,17,zero,
online_feedback,shock,2,57,1,10,98.0,0,98,11,11,zero,
online_feedback,shock,2,57,2,10,39.0,0,39,20,20,zero,
online_feedback,shock,2,58,0,9,76.0,0,76,17,17,zero,
online_feedback,shock,2,58,1,9,95.0,0,95,11,11,zero,
online_feedback,shock,2,58,2,9,30.0,0,30,16,16,zero,
online_feedback,shock,2,59,0,8,65.0,0,65,17,17,zero,
online_feedback,shock,2,59,1,8,92.0,0,92,11,11,zero,
online_feedback,shock,2,59,2,8,21.0,0,21,16,16,zero,
online_feedback,shock,2,60,0,9,74.0,0,74,17,17,zero,
online_feedback,shock,2,60,1,9,89.0,0,89,16,16,zero,
online_feedback,shock,2,60,2,9,17.0,0,17,3,3,zero,
online_feedback,shock,2,61,0,8,63.0,0,63,19,19,zero,
online_feedback,shock,2,61,1,8,88.0,0,88,16,16,zero,
online_feedback,shock,2,61,2,8,13.0,0,13,19,19,zero,
online_feedback,shock,2,62,0,8,51.0,0,51,19,19,zero,
online_feedback,shock,2,62,1,8,87.0,0,87,16,16,zero,
online_feedback,shock,2,62,2,8,13.0,0,13,20,20,zero,
online_feedback,shock,2,63,0,7,38.0,0,38,20,20,zero,
online_feedback,shock,2,63,1,7,87.0,0,87,16,16,zero,
online_feedback,shock,2,63,2,7,13.0,0,13,20,20,zero,
online_feedback,shock,2,64,0,7,25.0,0,25,0,0,zero,
online_feedback,shock,2,64,1,7,67.0,0,67,16,16,zero,
online_feedback,shock,2,64,2,7,26.0,0,26,20,20,zero,
online_feedback,shock,2,65,0,6,11.0,0,11,0,0,zero,
online_feedback,shock,2,65,1,6,47.0,0,47,4,4,zero,
online_feedback,shock,2,65,2,6,11.0,0,11,20,20,zero,
online_feedback,shock,2,66,0,6,3.0,3,0,0,0,zero,
online_feedback,shock,2,66,1,6,31.0,0,31,1,1,zero,
online_feedback,shock,2,66,2,6,8.0,8,0,3,3,zero,
online_feedback,shock,2,67,0,7,16.0,16,0,0,0,zero,
online_feedback,shock,2,67,1,7,15.0,0,15,0,0,zero,
online_feedback,shock,2,67,2,7,28.0,28,0,0,0,zero,
online_feedback,shock,2,68,0,7,29.0,29,0,0,0,zero,
online_feedback,shock,2,68,1,7,12.0,0,12,0,0,zero,
online_feedback,shock,2,68,2,7,48.0,48,0,0,0,zero,
online_feedback,shock,2,69,0,6,43.0,43,0,0,0,zero,
online_feedback,shock,2,69,1,6,7.0,7,0,1,1,zero,
online_feedback,shock,2,69,2,6,67.0,67,0,0,0,zero,
online_feedback,shock,2,70,0,8,51.0,51,0,0,0,zero,
online_feedback,shock,2,70,1,8,19.0,19,0,1,1,zero,
online_feedback,shock,2,70,2,8,69.0,69,0,0,0,zero,
online_feedback,shock,2,71,0,7,60.0,60,0,0,0,zero,
online_feedback,shock,2,71,1,7,19.0,19,0,0,0,zero,
online_feedback,shock,2,71,2,7,69.0,69,0,0,0,zero,
online_feedback,shock,2,72,0,8,55.0,55,0,0,0,zero,
online_feedback,shock,2,72,1,8,19.0,19,0,0,0,zero,
online_feedback,shock,2,72,2,8,69.0,69,0,0,0,zero,
online_feedback,shock,2,73,0,8,59.0,59,0,0,0,zero,
online_feedback,shock,2,73,1,8,20.0,20,0,0,0,zero,
online_feedback,shock,2,73,2,8,69.0,69,0,0,0,zero,
online_feedback,shock,2,74,0,8,51.0,51,0,0,0,zero,
online_feedback,shock,2,74,1,8,21.0,21,0,0,0,zero,
online_feedback,shock,2,74,2,8,69.0,69,0,0,0,zero,
online_feedback,shock,2,75,0,6,45.0,45,0,0,0,zero,
online_feedback,shock,2,75,1,6,21.0,21,0,0,0,zero,
online_feedback,shock,2,75,2,6,69.0,69,0,0,0,zero,
online_feedback,shock,2,76,0,6,39.0,39,0,0,0,zero,
online_feedback,shock,2,76,1,6,21.0,21,0,0,0,zero,
online_feedback,shock,2,76,2,6,69.0,69,0,0,0,zero,
online_feedback,shock,2,77,0,6,33.0,33,0,0,0,zero,
online_feedback,shock,2,77,1,6,21.0,21,0,0,0,zero,
online_feedback,shock,2,77,2,6,69.0,69,0,0,0,zero,
online_feedback,shock,2,78,0,9,24.0,24,0,0,0,zero,
online_feedback,shock,2,78,1,9,21.0,21,0,0,0,zero,
online_feedback,shock,2,78,2,9,69.0,69,0,0,0,zero,
online_feedback,shock,2,79,0,9,15.0,15,0,16,16,zero,
online_feedback,shock,2,79,1,9,5.0,5,0,0,0,zero,
online_feedback,shock,2,79,2,9,69.0,69,0,0,0,zero,
online_feedback,shock,2,80,0,9,6.0,6,0,17,17,zero,80
online_feedback,shock,2,80,1,9,12.0,0,12,16,16,zero,80
online_feedback,shock,2,80,2,9,53.0,53,0,0,0,zero,80
online_feedback,shock,2,81,0,8,2.0,0,2,17,17,zero,80
online_feedback,shock,2,81,1,8,29.0,0,29,17,17,zero,80
online_feedback,shock,2,81,2,8,36.0,36,0,0,0,zero,80
online_feedback,shock,2,82,0,8,10.0,0,10,9,9,zero,80
online_feedback,shock,2,82,1,8,38.0,0,38,17,17,zero,80
online_feedback,shock,2,82,2,8,19.0,19,0,2,2,zero,80
online_feedback,shock,2,83,0,8,2.0,0,2,10,10,zero,80
online_feedback,shock,2,83,1,8,48.0,0,48,8,8,zero,80
online_feedback,shock,2,83,2,8,11.0,11,0,19,19,zero,80
online_feedback,shock,2,84,0,6,3.0,0,3,10,10,zero,80
online_feedback,shock,2,84,1,6,42.0,0,42,11,11,zero,80
online_feedback,shock,2,84,2,6,-0.0,0,0,20,20,zero,80
online_feedback,shock,2,85,0,6,9.0,0,9,6,6,zero,80
online_feedback,shock,2,85,1,6,31.0,0,31,11,11,zero,80
online_feedback,shock,2,85,2,6,11.0,0,11,18,18,zero,80
online_feedback,shock,2,86,0,6,15.0,0,15,0,0,zero,80
online_feedback,shock,2,86,1,6,14.0,0,14,11,11,zero,80
online_feedback,shock,2,86,2,6,20.0,0,20,18,18,zero,80
online_feedback,shock,2,87,0,6,21.0,0,21,0,0,zero,80
online_feedback,shock,2,87,1,6,6.0,0,6,1,1,zero,80
online_feedback,shock,2,87,2,6,2.0,0,2,0,0,zero,80
online_feedback,shock,2,88,0,6,11.0,0,11,1,1,zero,80
online_feedback,shock,2,88,1,6,4.0,4,0,0,0,zero,80
online_feedback,shock,2,88,2,6,18.0,18,0,0,0,zero,80
online_feedback,shock,2,89,0,6,-0.0,0,0,1,1,zero,80
online_feedback,shock,2,89,1,6,3.0,3,0,0,0,zero,80
online_feedback,shock,2,89,2,6,36.0,36,0,0,0,zero,80
online_feedback,shock,2,90,0,6,11.0,11,0,4,4,zero,80
online_feedback,shock,2,90,1,6,1.0,1,0,0,0,zero,80
online_feedback,shock,2,90,2,6,54.0,54,0,0,0,zero,80
online_feedback,shock,2,91,0,5,14.0,14,0,10,10,zero,80
online_feedback,shock,2,91,1,5,10.0,10,0,4,4,zero,80
online_feedback,shock,2,91,2,5,50.0,50,0,0,0,zero,80
online_feedback,shock,2,92,0,6,15.0,15,0,0,0,zero,80
online_feedback,shock,2,92,1,6,12.0,12,0,17,17,zero,80
online_feedback,shock,2,92,2,6,33.0,33,0,0,0,zero,80
online_feedback,shock,2,93,0,6,10.0,10,0,0,0,zero,80
online_feedback,shock,2,93,1,6,12.0,12,0,0,0,zero,80
online_feedback,shock,2,93,2,6,33.0,33,0,2,2,zero,80
online_feedback,shock,2,94,0,5,9.0,9,0,11,11,zero,80
online_feedback,shock,2,94,1,5,1.0,1,0,0,0,zero,80
online_feedback,shock,2,94,2,5,33.0,33,0,0,0,zero,80
online_feedback,shock,2,95,0,6,13.0,13,0,0,0,zero,80
online_feedback,shock,2,95,1,6,5.0,5,0,16,16,zero,80
online_feedback,shock,2,95,2,6,17.0,17,0,0,0,zero,80
online_feedback,shock,2,96,0,6,7.0,7,0,0,0,zero,80
online_feedback,shock,2,96,1,6,22.0,22,0,0,0,zero,80
online_feedback,shock,2,96,2,6,17.0,17,0,19,19,zero,80
online_feedback,shock,2,97,0,6,1.0,1,0,11,11,zero,80
online_feedback,shock,2,97,1,6,11.0,11,0,0,0,zero,80
online_feedback,shock,2,97,2,6,19.0,19,0,0,0,zero,80
online_feedback,shock,2,98,0,4,8.0,8,0,6,6,zero,80
online_feedback,shock,2,98,1,4,5.0,5,0,16,16,zero,80
online_feedback,shock,2,98,2,4,3.0,3,0,0,0,zero,80
online_feedback,shock,2,99,0,4,4.0,4,0,0,0,zero,80
online_feedback,shock,2,99,1,4,21.0,21,0,0,0,zero,80
online_feedback,shock,2,99,2,4,3.0,3,0,0,0,zero,80
online_feedback,shock,2,100,0,5,1.0,0,1,0,0,event4_revision_0,80
online_feedback,shock,2,100,1,5,21.0,21,0,0,0,event4_revision_0,80
online_feedback,shock,2,100,2,5,22.0,22,0,0,0,event4_revision_0,80
online_feedback,shock,2,101,0,5,5.0,5,0,4,5,event4_revision_0,80
online_feedback,shock,2,101,1,5,16.0,16,0,0,0,event4_revision_0,80
online_feedback,shock,2,101,2,5,22.0,22,0,0,0,event4_revision_0,80
online_feedback,shock,2,102,0,6,5.0,5,0,12,13,event4_revision_0,80
online_feedback,shock,2,102,1,6,19.0,19,0,0,0,event4_revision_0,80
online_feedback,shock,2,102,2,6,22.0,22,0,0,0,event4_revision_0,80
online_feedback,shock,2,103,0,4,1.0,1,0,12,11,event4_revision_0,80
online_feedback,shock,2,103,1,4,8.0,8,0,17,15,event4_revision_0,80
online_feedback,shock,2,103,2,4,7.0,7,0,0,0,event4_revision_0,80
online_feedback,shock,2,104,0,4,3.0,0,3,1,0,event4_revision_0,80
online_feedback,shock,2,104,1,4,8.0,8,0,17,14,event4_revision_0,80
online_feedback,shock,2,104,2,4,7.0,0,7,19,20,event4_revision_0,80
online_feedback,shock,2,105,0,4,2.0,0,2,1,1,zero,80
online_feedback,shock,2,105,1,4,7.0,7,0,0,0,zero,80
online_feedback,shock,2,105,2,4,7.0,0,7,16,16,zero,80
online_feedback,shock,2,106,0,4,7.0,7,0,1,1,zero,80
online_feedback,shock,2,106,1,4,6.0,6,0,0,0,zero,80
online_feedback,shock,2,106,2,4,7.0,0,7,0,0,zero,80
online_feedback,shock,2,107,0,4,14.0,14,0,1,1,zero,80
online_feedback,shock,2,107,1,4,20.0,20,0,0,0,zero,80
online_feedback,shock,2,107,2,4,7.0,0,7,0,0,zero,80
online_feedback,shock,2,108,0,4,10.0,10,0,6,6,zero,80
online_feedback,shock,2,108,1,4,21.0,21,0,0,0,zero,80
online_feedback,shock,2,108,2,4,13.0,13,0,0,0,zero,80
online_feedback,shock,2,109,0,4,7.0,7,0,11,11,zero,80
online_feedback,shock,2,109,1,4,10.0,10,0,0,0,zero,80
online_feedback,shock,2,109,2,4,29.0,29,0,0,0,zero,80
online_feedback,shock,2,110,0,4,4.0,4,0,0,0,zero,80
online_feedback,shock,2,110,1,4,10.0,10,0,17,17,zero,80
online_feedback,shock,2,110,2,4,12.0,12,0,0,0,zero,80
online_feedback,shock,2,111,0,4,1.0,1,0,0,0,zero,80
online_feedback,shock,2,111,1,4,10.0,10,0,0,0,zero,80
online_feedback,shock,2,111,2,4,12.0,12,0,16,16,zero,80
online_feedback,shock,2,112,0,4,3.0,3,0,1,1,zero,80
online_feedback,shock,2,112,1,4,16.0,16,0,0,0,zero,80
online_feedback,shock,2,112,2,4,12.0,12,0,0,0,zero,80
online_feedback,shock,2,113,0,4,10.0,10,0,4,4,zero,80
online_feedback,shock,2,113,1,4,12.0,12,0,0,0,zero,80
online_feedback,shock,2,113,2,4,12.0,12,0,0,0,zero,80
online_feedback,shock,2,114,0,4,6.0,6,0,6,6,zero,80
online_feedback,shock,2,114,1,4,23.0,23,0,0,0,zero,80
online_feedback,shock,2,114,2,4,12.0,12,0,0,0,zero,80
online_feedback,shock,2,115,0,4,2.0,2,0,12,12,zero,80
online_feedback,shock,2,115,1,4,11.0,11,0,0,0,zero,80
online_feedback,shock,2,115,2,4,28.0,28,0,0,0,zero,80
online_feedback,shock,2,116,0,3,-0.0,0,0,1,1,zero,80
online_feedback,shock,2,116,1,3,10.0,10,0,17,17,zero,80
online_feedback,shock,2,116,2,3,11.0,11,0,0,0,zero,80
online_feedback,shock,2,117,0,4,-0.0,0,0,1,1,zero,80
online_feedback,shock,2,117,1,4,9.0,9,0,0,0,zero,80
online_feedback,shock,2,117,2,4,11.0,11,0,16,16,zero,80
online_feedback,shock,2,118,0,6,-0.0,0,0,1,1,zero,80
online_feedback,shock,2,118,1,6,8.0,8,0,0,0,zero,80
online_feedback,shock,2,118,2,6,11.0,11,0,0,0,zero,80
online_feedback,shock,2,119,0,8,4.0,4,0,6,6,zero,80
online_feedback,shock,2,119,1,8,2.0,2,0,0,0,zero,80
online_feedback,shock,2,119,2,8,11.0,11,0,0,0,zero,80
online_feedback,shock,2,120,0,6,1.0,0,1,12,12,zero,80
online_feedback,shock,2,120,1,6,7.0,7,0,8,8,zero,80
online_feedback,shock,2,120,2,6,3.0,3,0,0,0,zero,80
online_feedback,shock,2,121,0,6,6.0,0,6,10,10,zero,80
online_feedback,shock,2,121,1,6,3.0,0,3,17,17,zero,80
online_feedback,shock,2,121,2,6,2.0,2,0,2,2,zero,80
online_feedback,shock,2,122,0,8,13.0,0,13,10,10,zero,80
online_feedback,shock,2,122,1,8,13.0,0,13,0,0,zero,80
online_feedback,shock,2,122,2,8,2.0,2,0,19,19,zero,80
online_feedback,shock,2,123,0,6,13.0,0,13,6,6,zero,80
online_feedback,shock,2,123,1,6,19.0,0,19,16,16,zero,80
online_feedback,shock,2,123,2,6,14.0,0,14,4,4,zero,80
online_feedback,shock,2,124,0,6,7.0,0,7,6,6,zero,80
online_feedback,shock,2,124,1,6,17.0,0,17,11,11,zero,80
online_feedback,shock,2,124,2,6,25.0,0,25,19,19,zero,80
online_feedback,shock,2,125,0,6,6.0,0,6,6,6,zero,80
online_feedback,shock,2,125,1,6,6.0,0,6,11,11,zero,80
online_feedback,shock,2,125,2,6,34.0,0,34,20,20,zero,80
online_feedback,shock,2,126,0,6,12.0,0,12,6,6,zero,80
online_feedback,shock,2,126,1,6,12.0,0,12,17,17,zero,80
online_feedback,shock,2,126,2,6,32.0,0,32,20,20,zero,80
online_feedback,shock,2,127,0,6,18.0,0,18,6,6,zero,80
online_feedback,shock,2,127,1,6,16.0,0,16,0,0,zero,80
online_feedback,shock,2,127,2,6,28.0,0,28,19,19,zero,80
online_feedback,shock,2,128,0,8,18.0,0,18,6,6,zero,80
online_feedback,shock,2,128,1,8,22.0,0,22,17,17,zero,80
online_feedback,shock,2,128,2,8,26.0,0,26,0,0,zero,80
online_feedback,shock,2,129,0,8,9.0,0,9,6,6,zero,80
online_feedback,shock,2,129,1,8,26.0,0,26,0,0,zero,80
online_feedback,shock,2,129,2,8,6.0,0,6,2,2,zero,80
online_feedback,shock,2,130,0,8,17.0,0,17,11,11,zero,80
online_feedback,shock,2,130,1,8,18.0,0,18,0,0,zero,80
online_feedback,shock,2,130,2,8,14.0,14,0,0,0,zero,80
online_feedback,shock,2,131,0,6,21.0,0,21,10,10,zero,80
online_feedback,shock,2,131,1,6,24.0,0,24,16,16,zero,80
online_feedback,shock,2,131,2,6,17.0,17,0,0,0,zero,80
online_feedback,shock,2,132,0,6,27.0,0,27,6,6,zero,80
online_feedback,shock,2,132,1,6,11.0,0,11,0,0,zero,80
online_feedback,shock,2,132,2,6,17.0,17,0,19,19,zero,80
online_feedback,shock,2,133,0,6,31.0,0,31,6,6,zero,80
online_feedback,shock,2,133,1,6,3.0,3,0,11,11,zero,80
online_feedback,shock,2,133,2,6,8.0,8,0,0,0,zero,80
online_feedback,shock,2,134,0,5,17.0,0,17,6,6,zero,80
online_feedback,shock,2,134,1,5,3.0,3,0,8,8,zero,80
online_feedback,shock,2,134,2,5,-0.0,0,0,9,9,zero,80
online_feedback,shock,2,135,0,6,19.0,0,19,0,0,zero,80
online_feedback,shock,2,135,1,6,19.0,19,0,8,8,zero,80
online_feedback,shock,2,135,2,6,8.0,0,8,15,15,zero,80
online_feedback,shock,2,136,0,5,5.0,0,5,6,6,zero,80
online_feedback,shock,2,136,1,5,13.0,13,0,0,0,zero,80
online_feedback,shock,2,136,2,5,11.0,11,0,9,9,zero,80
online_feedback,shock,2,137,0,6,6.0,6,0,4,4,zero,80
online_feedback,shock,2,137,1,6,20.0,20,0,1,1,zero,80
online_feedback,shock,2,137,2,6,10.0,10,0,0,0,zero,80
online_feedback,shock,2,138,0,5,7.0,7,0,12,12,zero,80
online_feedback,shock,2,138,1,5,16.0,16,0,1,1,zero,80
online_feedback,shock,2,138,2,5,18.0,18,0,0,0,zero,80
online_feedback,shock,2,139,0,5,2.0,2,0,12,12,zero,80
online_feedback,shock,2,139,1,5,4.0,4,0,17,17,zero,80
online_feedback,shock,2,139,2,5,16.0,16,0,0,0,zero,80
online_feedback,shock,2,140,0,5,3.0,3,0,1,1,zero,80
online_feedback,shock,2,140,1,5,11.0,11,0,17,17,zero,80
online_feedback,shock,2,140,2,5,8.0,8,0,16,16,zero,80
online_feedback,shock,2,141,0,5,2.0,2,0,1,1,zero,80
online_feedback,shock,2,141,1,5,11.0,11,0,0,0,zero,80
online_feedback,shock,2,141,2,5,8.0,8,0,16,16,zero,80
online_feedback,shock,2,142,0,4,10.0,10,0,4,4,zero,80
online_feedback,shock,2,142,1,4,8.0,8,0,0,0,zero,80
online_feedback,shock,2,142,2,4,8.0,8,0,0,0,zero,80
online_feedback,shock,2,143,0,4,18.0,18,0,0,0,zero,80
online_feedback,shock,2,143,1,4,25.0,25,0,0,0,zero,80
online_feedback,shock,2,143,2,4,8.0,8,0,0,0,zero,80
online_feedback,shock,2,144,0,4,15.0,15,0,0,0,zero,80
online_feedback,shock,2,144,1,4,42.0,42,0,0,0,zero,80
online_feedback,shock,2,144,2,4,24.0,24,0,0,0,zero,80
online_feedback,shock,2,145,0,4,12.0,12,0,6,5,event4_initial_1,80
online_feedback,shock,2,145,1,4,37.0,37,0,0,0,event4_initial_1,80
online_feedback,shock,2,145,2,4,40.0,40,0,0,0,event4_initial_1,80
online_feedback,shock,2,146,0,4,12.0,12,0,11,10,event4_initial_1,80
online_feedback,shock,2,146,1,4,27.0,27,0,0,0,event4_initial_1,80
online_feedback,shock,2,146,2,4,40.0,40,0,0,0,event4_initial_1,80
online_feedback,shock,2,147,0,4,8.0,8,0,0,0,event4_initial_1,80
online_feedback,shock,2,147,1,4,27.0,27,0,7,3,event4_initial_1,80
online_feedback,shock,2,147,2,4,37.0,37,0,0,0,event4_initial_1,80
online_feedback,shock,2,148,0,3,5.0,5,0,0,0,event4_initial_1,80
online_feedback,shock,2,148,1,3,27.0,27,0,0,0,event4_initial_1,80
online_feedback,shock,2,148,2,3,37.0,37,0,0,0,event4_initial_1,80
online_feedback,shock,2,149,0,3,7.0,7,0,0,0,event4_initial_1,80
online_feedback,shock,2,149,1,3,27.0,27,0,0,0,event4_initial_1,80
online_feedback,shock,2,149,2,3,37.0,37,0,0,0,event4_initial_1,80
online_feedback,shock,2,150,0,3,14.0,14,0,0,0,zero,80
online_feedback,shock,2,150,1,3,27.0,27,0,0,0,zero,80
online_feedback,shock,2,150,2,3,37.0,37,0,0,0,zero,80
online_feedback,shock,2,151,0,3,11.0,11,0,0,0,zero,80
online_feedback,shock,2,151,1,3,30.0,30,0,0,0,zero,80
online_feedback,shock,2,151,2,3,37.0,37,0,0,0,zero,80
online_feedback,shock,2,152,0,3,8.0,8,0,6,6,zero,80
online_feedback,shock,2,152,1,3,24.0,24,0,0,0,zero,80
online_feedback,shock,2,152,2,3,37.0,37,0,0,0,zero,80
online_feedback,shock,2,153,0,3,5.0,5,0,9,9,zero,80
online_feedback,shock,2,153,1,3,15.0,15,0,0,0,zero,80
online_feedback,shock,2,153,2,3,37.0,37,0,0,0,zero,80
online_feedback,shock,2,154,0,4,1.0,1,0,0,0,zero,80
online_feedback,shock,2,154,1,4,15.0,15,0,16,16,zero,80
online_feedback,shock,2,154,2,4,21.0,21,0,0,0,zero,80
online_feedback,shock,2,155,0,4,3.0,0,3,0,0,event4_initial_2,80
online_feedback,shock,2,155,1,4,15.0,15,0,0,0,event4_initial_2,80
online_feedback,shock,2,155,2,4,21.0,21,0,0,0,event4_initial_2,80
online_feedback,shock,2,156,0,4,1.0,0,1,1,3,event4_initial_2,80
online_feedback,shock,2,156,1,4,12.0,12,0,0,0,event4_initial_2,80
online_feedback,shock,2,156,2,4,21.0,21,0,0,0,event4_initial_2,80
online_feedback,shock,2,157,0,4,4.0,4,0,4,4,event4_initial_2,80
online_feedback,shock,2,157,1,4,8.0,8,0,0,0,event4_initial_2,80
online_feedback,shock,2,157,2,4,21.0,21,0,0,0,event4_initial_2,80
online_feedback,shock,2,158,0,5,1.0,0,1,12,12,event4_initial_2,80
online_feedback,shock,2,158,1,5,12.0,12,0,0,0,event4_initial_2,80
online_feedback,shock,2,158,2,5,21.0,21,0,0,0,event4_initial_2,80
online_feedback,shock,2,159,0,4,5.0,0,5,2,2,event4_initial_2,80
online_feedback,shock,2,159,1,4,10.0,10,0,17,17,event4_initial_2,80
online_feedback,shock,2,159,2,4,4.0,4,0,0,0,event4_initial_2,80
online_feedback,shock,2,160,0,5,7.0,0,7,2,2,zero,80
online_feedback,shock,2,160,1,5,8.0,8,0,0,0,zero,80
online_feedback,shock,2,160,2,5,4.0,4,0,16,16,zero,80
online_feedback,shock,2,161,0,4,7.0,0,7,6,6,zero,80
online_feedback,shock,2,161,1,4,2.0,2,0,0,0,zero,80
online_feedback,shock,2,161,2,4,4.0,4,0,0,0,zero,80
online_feedback,shock,2,162,0,4,1.0,1,0,4,4,zero,80
online_feedback,shock,2,162,1,4,2.0,0,2,8,8,zero,80
online_feedback,shock,2,162,2,4,4.0,0,4,0,0,zero,80
online_feedback,shock,2,163,0,5,2.0,0,2,6,6,zero,80
online_feedback,shock,2,163,1,5,9.0,9,0,8,8,zero,80
online_feedback,shock,2,163,2,5,12.0,0,12,0,0,zero,80
online_feedback,shock,2,164,0,5,5.0,0,5,6,6,zero,80
online_feedback,shock,2,164,1,5,3.0,3,0,16,16,zero,80
online_feedback,shock,2,164,2,5,12.0,0,12,19,19,zero,80
online_feedback,shock,2,165,0,5,4.0,0,4,6,6,zero,80
online_feedback,shock,2,165,1,5,3.0,0,3,0,0,zero,80
online_feedback,shock,2,165,2,5,12.0,0,12,20,20,zero,80
online_feedback,shock,2,166,0,5,7.0,0,7,6,6,zero,80
online_feedback,shock,2,166,1,5,5.0,0,5,0,0,zero,80
online_feedback,shock,2,166,2,5,12.0,0,12,4,4,zero,80
online_feedback,shock,2,167,0,6,5.0,0,5,6,6,zero,80
online_feedback,shock,2,167,1,6,11.0,0,11,16,16,zero,80
online_feedback,shock,2,167,2,6,28.0,0,28,0,0,zero,80
online_feedback,shock,2,168,0,5,4.0,0,4,10,10,zero,80
online_feedback,shock,2,168,1,5,5.0,0,5,11,11,zero,80
online_feedback,shock,2,168,2,5,20.0,0,20,1,1,zero,80
online_feedback,shock,2,169,0,6,7.0,0,7,6,6,zero,80
online_feedback,shock,2,169,1,6,11.0,0,11,0,0,zero,80
online_feedback,shock,2,169,2,6,-0.0,0,0,19,19,zero,80
online_feedback,shock,2,170,0,6,9.0,0,9,4,4,zero,80
online_feedback,shock,2,170,1,6,15.0,0,15,0,0,zero,80
online_feedback,shock,2,170,2,6,4.0,4,0,0,0,zero,80
online_feedback,shock,2,171,0,6,15.0,0,15,6,6,zero,80
online_feedback,shock,2,171,1,6,21.0,0,21,0,0,zero,80
online_feedback,shock,2,171,2,6,4.0,4,0,0,0,zero,80
online_feedback,shock,2,172,0,6,5.0,0,5,6,6,zero,80
online_feedback,shock,2,172,1,6,8.0,0,8,8,8,zero,80
online_feedback,shock,2,172,2,6,3.0,0,3,0,0,zero,80
online_feedback,shock,2,173,0,5,10.0,0,10,6,6,zero,80
online_feedback,shock,2,173,1,5,6.0,6,0,11,11,zero,80
online_feedback,shock,2,173,2,5,5.0,5,0,16,16,zero,80
online_feedback,shock,2,174,0,6,16.0,0,16,0,0,zero,80
online_feedback,shock,2,174,1,6,6.0,6,0,0,0,zero,80
online_feedback,shock,2,174,2,6,5.0,5,0,15,15,zero,80
online_feedback,shock,2,175,0,6,22.0,0,22,6,6,zero,80
online_feedback,shock,2,175,1,6,-0.0,0,0,0,0,zero,80
online_feedback,shock,2,175,2,6,5.0,5,0,0,0,zero,80
online_feedback,shock,2,176,0,5,8.0,0,8,6,6,zero,80
online_feedback,shock,2,176,1,5,1.0,0,1,8,8,zero,80
online_feedback,shock,2,176,2,5,3.0,0,3,0,0,zero,80
online_feedback,shock,2,177,0,5,1.0,1,0,6,6,zero,80
online_feedback,shock,2,177,1,5,7.0,7,0,16,16,zero,80
online_feedback,shock,2,177,2,5,3.0,0,3,0,0,zero,80
online_feedback,shock,2,178,0,5,4.0,0,4,6,6,zero,80
online_feedback,shock,2,178,1,5,1.0,1,0,0,0,zero,80
online_feedback,shock,2,178,2,5,12.0,12,0,19,19,zero,80
online_feedback,shock,2,179,0,5,3.0,0,3,6,6,zero,80
online_feedback,shock,2,179,1,5,5.0,0,5,0,0,zero,80
online_feedback,shock,2,179,2,5,12.0,12,0,0,0,zero,80
online_feedback,shock,2,180,0,4,2.0,0,2,6,6,zero,80
online_feedback,shock,2,180,1,4,6.0,0,6,16,16,zero,80
online_feedback,shock,2,180,2,4,4.0,0,4,0,0,zero,80
online_feedback,shock,2,181,0,5,-0.0,0,0,6,6,zero,80
online_feedback,shock,2,181,1,5,4.0,4,0,11,11,zero,80
online_feedback,shock,2,181,2,5,15.0,0,15,2,2,zero,80
online_feedback,shock,2,182,0,5,1.0,1,0,2,2,zero,80
online_feedback,shock,2,182,1,5,5.0,5,0,16,16,zero,80
online_feedback,shock,2,182,2,5,12.0,0,12,19,19,zero,80
online_feedback,shock,2,183,0,6,4.0,0,4,6,6,zero,80
online_feedback,shock,2,183,1,6,1.0,0,1,0,0,zero,80
online_feedback,shock,2,183,2,6,12.0,0,12,20,20,zero,80
online_feedback,shock,2,184,0,5,4.0,0,4,6,6,zero,80
online_feedback,shock,2,184,1,5,5.0,5,0,0,0,zero,80
online_feedback,shock,2,184,2,5,12.0,0,12,4,4,zero,80
online_feedback,shock,2,185,0,5,3.0,3,0,6,6,zero,80
online_feedback,shock,2,185,1,5,1.0,0,1,16,16,zero,80
online_feedback,shock,2,185,2,5,26.0,0,26,0,0,zero,80
online_feedback,shock,2,186,0,4,1.0,1,0,12,12,zero,80
online_feedback,shock,2,186,1,4,6.0,6,0,16,16,zero,80
online_feedback,shock,2,186,2,4,23.0,0,23,1,1,zero,80
online_feedback,shock,2,187,0,4,2.0,2,0,1,1,zero,80
online_feedback,shock,2,187,1,4,5.0,5,0,8,8,zero,80
online_feedback,shock,2,187,2,4,11.0,0,11,19,19,zero,80
online_feedback,shock,2,188,0,4,5.0,5,0,1,1,zero,80
online_feedback,shock,2,188,1,4,4.0,4,0,0,0,zero,80
online_feedback,shock,2,188,2,4,7.0,0,7,20,20,zero,80
online_feedback,shock,2,189,0,5,5.0,5,0,4,4,zero,80
online_feedback,shock,2,189,1,5,2.0,2,0,0,0,zero,80
online_feedback,shock,2,189,2,5,7.0,0,7,3,3,zero,80
online_feedback,shock,2,190,0,5,13.0,13,0,4,4,zero,80
online_feedback,shock,2,190,1,5,17.0,17,0,0,0,zero,80
online_feedback,shock,2,190,2,5,6.0,0,6,0,0,zero,80
online_feedback,shock,2,191,0,5,9.0,9,0,6,6,zero,80
online_feedback,shock,2,191,1,5,31.0,31,0,0,0,zero,80
online_feedback,shock,2,191,2,5,13.0,13,0,0,0,zero,80
online_feedback,shock,2,192,0,5,5.0,5,0,11,11,zero,80
online_feedback,shock,2,192,1,5,24.0,24,0,0,0,zero,80
online_feedback,shock,2,192,2,5,33.0,33,0,0,0,zero,80
online_feedback,shock,2,193,0,5,4.0,4,0,0,0,zero,80
online_feedback,shock,2,193,1,5,24.0,24,0,16,16,zero,80
online_feedback,shock,2,193,2,5,20.0,20,0,0,0,zero,80
online_feedback,shock,2,194,0,5,3.0,3,0,0,0,zero,80
online_feedback,shock,2,194,1,5,25.0,25,0,0,0,zero,80
online_feedback,shock,2,194,2,5,20.0,20,0,2,2,zero,80
online_feedback,shock,2,195,0,4,5.0,5,0,6,6,zero,80
online_feedback,shock,2,195,1,4,25.0,25,0,0,0,zero,80
online_feedback,shock,2,195,2,4,20.0,20,0,0,0,zero,80
online_feedback,shock,2,196,0,5,11.0,11,0,0,0,zero,80
online_feedback,shock,2,196,1,5,25.0,25,0,0,0,zero,80
online_feedback,shock,2,196,2,5,20.0,20,0,0,0,zero,80
online_feedback,shock,2,197,0,6,5.0,5,0,6,6,zero,80
online_feedback,shock,2,197,1,6,35.0,35,0,0,0,zero,80
online_feedback,shock,2,197,2,6,20.0,20,0,0,0,zero,80
online_feedback,shock,2,198,0,5,-0.0,0,0,16,16,zero,80
online_feedback,shock,2,198,1,5,19.0,19,0,0,0,zero,80
online_feedback,shock,2,198,2,5,22.0,22,0,0,0,zero,80
online_feedback,shock,2,199,0,5,1.0,1,0,1,1,zero,80
online_feedback,shock,2,199,1,5,18.0,18,0,16,16,zero,80
online_feedback,shock,2,199,2,5,6.0,6,0,0,0,zero,80
online_feedback,shock,2,200,0,4,3.0,0,3,0,0,zero,80
online_feedback,shock,2,200,1,4,18.0,18,0,0,0,zero,80
online_feedback,shock,2,200,2,4,6.0,6,0,16,16,zero,80
online_feedback,shock,3,1,0,10,10.0,10,0,16,16,zero,
online_feedback,shock,3,1,1,10,4.0,4,0,8,8,zero,
online_feedback,shock,3,1,2,10,12.0,12,0,0,0,zero,
online_feedback,shock,3,2,0,9,11.0,11,0,10,10,zero,
online_feedback,shock,3,2,1,9,4.0,4,0,17,17,zero,
online_feedback,shock,3,2,2,9,5.0,5,0,2,2,zero,
online_feedback,shock,3,3,0,9,12.0,12,0,0,0,zero,
online_feedback,shock,3,3,1,9,14.0,14,0,8,8,zero,
online_feedback,shock,3,3,2,9,7.0,7,0,19,19,zero,
online_feedback,shock,3,4,0,8,14.0,14,0,10,10,zero,
online_feedback,shock,3,4,1,8,14.0,14,0,0,0,zero,
online_feedback,shock,3,4,2,8,17.0,17,0,20,20,zero,
online_feedback,shock,3,5,0,8,22.0,22,0,10,10,zero,
online_feedback,shock,3,5,1,8,12.0,12,0,4,4,zero,
online_feedback,shock,3,5,2,8,13.0,13,0,3,3,zero,
online_feedback,shock,3,6,0,8,24.0,24,0,0,0,zero,
online_feedback,shock,3,6,1,8,29.0,29,0,20,20,zero,
online_feedback,shock,3,6,2,8,5.0,0,5,0,0,zero,
online_feedback,shock,3,7,0,9,15.0,15,0,0,0,zero,
online_feedback,shock,3,7,1,9,37.0,37,0,0,0,zero,
online_feedback,shock,3,7,2,9,14.0,14,0,2,2,zero,
online_feedback,shock,3,8,0,8,17.0,17,0,11,11,zero,
online_feedback,shock,3,8,1,8,26.0,26,0,0,0,zero,
online_feedback,shock,3,8,2,8,34.0,34,0,0,0,zero,
online_feedback,shock,3,9,0,8,19.0,19,0,9,9,zero,
online_feedback,shock,3,9,1,8,21.0,21,0,4,4,zero,
online_feedback,shock,3,9,2,8,33.0,33,0,0,0,zero,
online_feedback,shock,3,10,0,7,12.0,12,0,16,16,zero,
online_feedback,shock,3,10,1,7,20.0,20,0,16,16,zero,
online_feedback,shock,3,10,2,7,17.0,17,0,0,0,zero,
online_feedback,shock,3,11,0,6,6.0,6,0,0,0,zero,
online_feedback,shock,3,11,1,6,25.0,25,0,17,17,zero,
online_feedback,shock,3,11,2,6,2.0,2,0,19,19,zero,
online_feedback,shock,3,12,0,5,12.0,12,0,0,0,zero,
online_feedback,shock,3,12,1,5,25.0,25,0,0,0,zero,
online_feedback,shock,3,12,2,5,2.0,2,0,20,20,zero,
online_feedback,shock,3,13,0,5,16.0,16,0,0,0,zero,
online_feedback,shock,3,13,1,5,29.0,29,0,0,0,zero,
online_feedback,shock,3,13,2,5,2.0,2,0,3,3,zero,
online_feedback,shock,3,14,0,5,27.0,27,0,0,0,zero,
online_feedback,shock,3,14,1,5,45.0,45,0,0,0,zero,
online_feedback,shock,3,14,2,5,2.0,2,0,0,0,zero,
online_feedback,shock,3,15,0,6,21.0,21,0,0,0,zero,
online_feedback,shock,3,15,1,6,62.0,62,0,0,0,zero,
online_feedback,shock,3,15,2,6,21.0,21,0,0,0,zero,
online_feedback,shock,3,16,0,6,15.0,15,0,11,11,zero,
online_feedback,shock,3,16,1,6,51.0,51,0,0,0,zero,
online_feedback,shock,3,16,2,6,41.0,41,0,0,0,zero,
online_feedback,shock,3,17,0,7,8.0,8,0,16,16,zero,
online_feedback,shock,3,17,1,7,35.0,35,0,0,0,zero,
online_feedback,shock,3,17,2,7,44.0,44,0,0,0,zero,
online_feedback,shock,3,18,0,6,2.0,2,0,12,12,zero,
online_feedback,shock,3,18,1,6,23.0,23,0,16,16,zero,
online_feedback,shock,3,18,2,6,28.0,28,0,0,0,zero,
online_feedback,shock,3,19,0,6,4.0,0,4,1,1,zero,
online_feedback,shock,3,19,1,6,22.0,22,0,17,17,zero,
online_feedback,shock,3,19,2,6,11.0,11,0,2,2,zero,
online_feedback,shock,3,20,0,7,-0.0,0,0,1,1,zero,
online_feedback,shock,3,20,1,7,21.0,21,0,0,0,zero,
online_feedback,shock,3,20,2,7,11.0,11,0,19,19,zero,
online_feedback,shock,3,21,0,6,10.0,10,0,4,4,zero,
online_feedback,shock,3,21,1,6,17.0,17,0,0,0,zero,
online_feedback,shock,3,21,2,6,11.0,11,0,4,4,zero,
online_feedback,shock,3,22,0,6,16.0,16,0,6,6,zero,
online_feedback,shock,3,22,1,6,27.0,27,0,0,0,zero,
online_feedback,shock,3,22,2,6,11.0,11,0,0,0,zero,
online_feedback,shock,3,23,0,6,11.0,11,0,10,10,zero,
online_feedback,shock,3,23,1,6,34.0,34,0,0,0,zero,
online_feedback,shock,3,23,2,6,13.0,13,0,0,0,zero,
online_feedback,shock,3,24,0,6,6.0,6,0,9,9,zero,
online_feedback,shock,3,24,1,6,25.0,25,0,1,1,zero,
online_feedback,shock,3,24,2,6,31.0,31,0,0,0,zero,
online_feedback,shock,3,25,0,6,4.0,4,0,0,0,zero,
online_feedback,shock,3,25,1,6,25.0,25,0,16,16,zero,
online_feedback,shock,3,25,2,6,19.0,19,0,0,0,zero,
online_feedback,shock,3,26,0,6,4.0,4,0,6,6,zero,
online_feedback,shock,3,26,1,6,19.0,19,0,0,0,zero,
online_feedback,shock,3,26,2,6,19.0,19,0,16,16,zero,
online_feedback,shock,3,27,0,6,8.0,8,0,6,6,zero,
online_feedback,shock,3,27,1,6,13.0,13,0,0,0,zero,
online_feedback,shock,3,27,2,6,19.0,19,0,0,0,zero,
online_feedback,shock,3,28,0,6,11.0,11,0,0,0,zero,
online_feedback,shock,3,28,1,6,14.0,14,0,7,7,zero,
online_feedback,shock,3,28,2,6,12.0,12,0,0,0,zero,
online_feedback,shock,3,29,0,7,4.0,4,0,11,11,zero,
online_feedback,shock,3,29,1,7,19.0,19,0,0,0,zero,
online_feedback,shock,3,29,2,7,12.0,12,0,0,0,zero,
online_feedback,shock,3,30,0,7,3.0,3,0,11,11,zero,
online_feedback,shock,3,30,1,7,8.0,8,0,16,16,zero,
online_feedback,shock,3,30,2,7,12.0,12,0,0,0,zero,
online_feedback,shock,3,31,0,7,2.0,2,0,1,1,zero,
online_feedback,shock,3,31,1,7,7.0,7,0,16,16,zero,
online_feedback,shock,3,31,2,7,4.0,0,4,19,19,zero,
online_feedback,shock,3,32,0,7,5.0,0,5,6,6,zero,
online_feedback,shock,3,32,1,7,8.0,8,0,0,0,zero,
online_feedback,shock,3,32,2,7,4.0,0,4,20,20,zero,
online_feedback,shock,3,33,0,6,-0.0,0,0,10,10,zero,
online_feedback,shock,3,33,1,6,2.0,0,2,0,0,zero,
online_feedback,shock,3,33,2,6,4.0,0,4,3,3,zero,
online_feedback,shock,3,34,0,7,4.0,4,0,4,4,zero,
online_feedback,shock,3,34,1,7,10.0,10,0,11,11,zero,
online_feedback,shock,3,34,2,7,15.0,0,15,0,0,zero,
online_feedback,shock,3,35,0,7,2.0,0,2,12,12,zero,
online_feedback,shock,3,35,1,7,10.0,10,0,1,1,zero,
online_feedback,shock,3,35,2,7,3.0,3,0,0,0,zero,
online_feedback,shock,3,36,0,7,3.0,0,3,6,6,zero,
online_feedback,shock,3,36,1,7,4.0,4,0,17,17,zero,
online_feedback,shock,3,36,2,7,6.0,6,0,0,0,zero,
online_feedback,shock,3,37,0,6,1.0,0,1,6,6,zero,
online_feedback,shock,3,37,1,6,2.0,0,2,0,0,zero,
online_feedback,shock,3,37,2,6,9.0,9,0,19,19,zero,
online_feedback,shock,3,38,0,6,1.0,0,1,6,6,zero,
online_feedback,shock,3,38,1,6,8.0,0,8,16,16,zero,
online_feedback,shock,3,38,2,6,7.0,0,7,3,3,zero,
online_feedback,shock,3,39,0,6,5.0,5,0,6,6,zero,
online_feedback,shock,3,39,1,6,2.0,2,0,0,0,zero,
online_feedback,shock,3,39,2,6,7.0,0,7,19,19,zero,
online_feedback,shock,3,40,0,6,5.0,5,0,10,10,zero,
online_feedback,shock,3,40,1,6,9.0,9,0,11,11,zero,
online_feedback,shock,3,40,2,6,18.0,0,18,4,4,zero,
online_feedback,shock,3,41,0,5,4.0,4,0,2,2,zero,
online_feedback,shock,3,41,1,5,7.0,7,0,17,17,zero,
online_feedback,shock,3,41,2,5,16.0,0,16,19,19,zero,
online_feedback,shock,3,42,0,6,2.0,0,2,1,1,zero,
online_feedback,shock,3,42,1,6,15.0,15,0,0,0,zero,
online_feedback,shock,3,42,2,6,13.0,0,13,20,20,zero,
online_feedback,shock,3,43,0,7,5.0,5,0,4,4,zero,
online_feedback,shock,3,43,1,7,11.0,11,0,0,0,zero,
online_feedback,shock,3,43,2,7,6.0,6,0,0,0,zero,
online_feedback,shock,3,44,0,7,8.0,8,0,12,12,zero,
online_feedback,shock,3,44,1,7,1.0,0,1,0,0,zero,
online_feedback,shock,3,44,2,7,10.0,10,0,0,0,zero,
online_feedback,shock,3,45,0,8,2.0,2,0,12,12,zero,
online_feedback,shock,3,45,1,8,6.0,6,0,16,16,zero,
online_feedback,shock,3,45,2,8,13.0,13,0,0,0,zero,
online_feedback,shock,3,46,0,7,4.0,0,4,12,12,zero,
online_feedback,shock,3,46,1,7,3.0,0,3,16,16,zero,
online_feedback,shock,3,46,2,7,17.0,17,0,2,2,zero,
online_feedback,shock,3,47,0,6,6.0,0,6,2,2,zero,
online_feedback,shock,3,47,1,6,8.0,8,0,8,8,zero,
online_feedback,shock,3,47,2,6,9.0,9,0,19,19,zero,
online_feedback,shock,3,48,0,6,1.0,0,1,2,2,zero,
online_feedback,shock,3,48,1,6,6.0,6,0,0,0,zero,
online_feedback,shock,3,48,2,6,9.0,9,0,20,20,zero,
online_feedback,shock,3,49,0,6,6.0,6,0,4,4,zero,
online_feedback,shock,3,49,1,6,18.0,18,0,0,0,zero,
online_feedback,shock,3,49,2,6,9.0,9,0,3,3,zero,
online_feedback,shock,3,50,0,4,11.0,11,0,10,10,zero,
online_feedback,shock,3,50,1,4,24.0,24,0,0,0,zero,
online_feedback,shock,3,50,2,4,11.0,11,0,0,0,zero,
online_feedback,shock,3,51,0,5,11.0,11,0,0,0,zero,
online_feedback,shock,3,51,1,5,32.0,32,0,4,4,zero,
online_feedback,shock,3,51,2,5,26.0,26,0,0,0,zero,
online_feedback,shock,3,52,0,5,8.0,8,0,0,0,zero,
online_feedback,shock,3,52,1,5,32.0,32,0,0,0,zero,
online_feedback,shock,3,52,2,5,46.0,46,0,0,0,zero,
online_feedback,shock,3,53,0,4,8.0,8,0,6,6,zero,
online_feedback,shock,3,53,1,4,26.0,26,0,0,0,zero,
online_feedback,shock,3,53,2,4,49.0,49,0,0,0,zero,
online_feedback,shock,3,54,0,4,14.0,14,0,0,0,zero,
online_feedback,shock,3,54,1,4,26.0,26,0,0,0,zero,
online_feedback,shock,3,54,2,4,49.0,49,0,0,0,zero,
online_feedback,shock,3,55,0,5,9.0,9,0,0,0,zero,
online_feedback,shock,3,55,1,5,30.0,30,0,0,0,zero,
online_feedback,shock,3,55,2,5,49.0,49,0,0,0,zero,
online_feedback,shock,3,56,0,5,4.0,4,0,11,11,zero,
online_feedback,shock,3,56,1,5,19.0,19,0,0,0,zero,
online_feedback,shock,3,56,2,5,49.0,49,0,0,0,zero,
online_feedback,shock,3,57,0,4,6.0,6,0,10,10,zero,
online_feedback,shock,3,57,1,4,9.0,9,0,16,16,zero,
online_feedback,shock,3,57,2,4,33.0,33,0,0,0,zero,
online_feedback,shock,3,58,0,4,2.0,2,0,0,0,zero,
online_feedback,shock,3,58,1,4,9.0,9,0,8,8,zero,
online_feedback,shock,3,58,2,4,25.0,25,0,0,0,zero,
online_feedback,shock,3,59,0,4,2.0,0,2,0,0,zero,
online_feedback,shock,3,59,1,4,9.0,9,0,0,0,zero,
online_feedback,shock,3,59,2,4,25.0,25,0,16,16,zero,
online_feedback,shock,3,60,0,4,5.0,5,0,1,1,zero,
online_feedback,shock,3,60,1,4,8.0,8,0,0,0,zero,
online_feedback,shock,3,60,2,4,25.0,25,0,0,0,zero,
online_feedback,shock,3,61,0,4,11.0,11,0,4,4,zero,
online_feedback,shock,3,61,1,4,20.0,20,0,0,0,zero,
online_feedback,shock,3,61,2,4,25.0,25,0,0,0,zero,
online_feedback,shock,3,62,0,3,8.0,8,0,6,6,zero,
online_feedback,shock,3,62,1,3,22.0,22,0,0,0,zero,
online_feedback,shock,3,62,2,3,25.0,25,0,0,0,zero,
online_feedback,shock,3,63,0,4,4.0,4,0,0,0,zero,
online_feedback,shock,3,63,1,4,22.0,22,0,0,0,zero,
online_feedback,shock,3,63,2,4,41.0,41,0,0,0,zero,
online_feedback,shock,3,64,0,3,2.0,2,0,6,6,zero,
online_feedback,shock,3,64,1,3,16.0,16,0,0,0,zero,
online_feedback,shock,3,64,2,3,41.0,41,0,0,0,zero,
online_feedback,shock,3,65,0,3,3.0,3,0,0,0,zero,
online_feedback,shock,3,65,1,3,16.0,16,0,7,7,zero,
online_feedback,shock,3,65,2,3,34.0,34,0,0,0,zero,
online_feedback,shock,3,66,0,3,6.0,6,0,0,0,zero,
online_feedback,shock,3,66,1,3,16.0,16,0,0,0,zero,
online_feedback,shock,3,66,2,3,34.0,34,0,0,0,zero,
online_feedback,shock,3,67,0,4,2.0,2,0,6,6,zero,
online_feedback,shock,3,67,1,4,10.0,10,0,0,0,zero,
online_feedback,shock,3,67,2,4,34.0,34,0,0,0,zero,
online_feedback,shock,3,68,0,4,4.0,4,0,10,10,zero,
online_feedback,shock,3,68,1,4,-0.0,0,0,16,16,zero,
online_feedback,shock,3,68,2,4,18.0,18,0,0,0,zero,
online_feedback,shock,3,69,0,4,-0.0,0,0,0,0,zero,
online_feedback,shock,3,69,1,4,7.0,7,0,8,8,zero,
online_feedback,shock,3,69,2,4,10.0,10,0,2,2,zero,
online_feedback,shock,3,70,0,4,4.0,0,4,1,1,zero,
online_feedback,shock,3,70,1,4,6.0,6,0,0,0,zero,
online_feedback,shock,3,70,2,4,10.0,10,0,19,19,zero,
online_feedback,shock,3,71,0,4,2.0,0,2,4,4,zero,
online_feedback,shock,3,71,1,4,2.0,2,0,0,0,zero,
online_feedback,shock,3,71,2,4,10.0,10,0,0,0,zero,
online_feedback,shock,3,72,0,4,4.0,4,0,4,4,zero,
online_feedback,shock,3,72,1,4,14.0,14,0,0,0,zero,
online_feedback,shock,3,72,2,4,10.0,10,0,0,0,zero,
online_feedback,shock,3,73,0,5,1.0,0,1,12,12,zero,
online_feedback,shock,3,73,1,5,10.0,10,0,0,0,zero,
online_feedback,shock,3,73,2,5,12.0,12,0,0,0,zero,
online_feedback,shock,3,74,0,5,5.0,0,5,2,2,zero,
online_feedback,shock,3,74,1,5,8.0,8,0,17,17,zero,
online_feedback,shock,3,74,2,5,14.0,14,0,0,0,zero,
online_feedback,shock,3,75,0,5,6.0,0,6,4,4,zero,
online_feedback,shock,3,75,1,5,4.0,4,0,0,0,zero,
online_feedback,shock,3,75,2,5,14.0,14,0,19,19,zero,
online_feedback,shock,3,76,0,5,7.0,0,7,6,6,zero,
online_feedback,shock,3,76,1,5,2.0,0,2,0,0,zero,
online_feedback,shock,3,76,2,5,14.0,14,0,0,0,zero,
online_feedback,shock,3,77,0,4,1.0,1,0,6,6,zero,
online_feedback,shock,3,77,1,4,8.0,0,8,8,8,zero,
online_feedback,shock,3,77,2,4,6.0,6,0,0,0,zero,
online_feedback,shock,3,78,0,5,2.0,0,2,6,6,zero,
online_feedback,shock,3,78,1,5,3.0,3,0,11,11,zero,
online_feedback,shock,3,78,2,5,5.0,0,5,0,0,zero,
online_feedback,shock,3,79,0,5,3.0,0,3,6,6,zero,
online_feedback,shock,3,79,1,5,3.0,0,3,8,8,zero,
online_feedback,shock,3,79,2,5,6.0,6,0,19,19,zero,
online_feedback,shock,3,80,0,5,4.0,0,4,2,2,zero,
online_feedback,shock,3,80,1,5,5.0,0,5,0,0,zero,
online_feedback,shock,3,80,2,5,6.0,6,0,15,15,zero,
online_feedback,shock,3,81,0,5,9.0,0,9,4,4,zero,
online_feedback,shock,3,81,1,5,1.0,0,1,0,0,zero,
online_feedback,shock,3,81,2,5,6.0,6,0,0,0,zero,
online_feedback,shock,3,82,0,5,-0.0,0,0,4,4,zero,
online_feedback,shock,3,82,1,5,1.0,1,0,8,8,zero,
online_feedback,shock,3,82,2,5,2.0,0,2,0,0,zero,
online_feedback,shock,3,83,0,8,5.0,0,5,6,6,zero,
online_feedback,shock,3,83,1,8,8.0,8,0,8,8,zero,
online_feedback,shock,3,83,2,8,9.0,9,0,0,0,zero,
online_feedback,shock,3,84,0,8,13.0,0,13,12,12,zero,
online_feedback,shock,3,84,1,8,4.0,0,4,0,0,zero,
online_feedback,shock,3,84,2,8,24.0,24,0,2,2,zero,
online_feedback,shock,3,85,0,8,13.0,0,13,12,12,zero,85
online_feedback,shock,3,85,1,8,16.0,0,16,17,17,zero,85
online_feedback,shock,3,85,2,8,7.0,7,0,0,0,zero,85
online_feedback,shock,3,86,0,6,14.0,0,14,10,10,zero,85
online_feedback,shock,3,86,1,6,20.0,0,20,17,17,zero,85
online_feedback,shock,3,86,2,6,10.0,0,10,19,19,zero,85
online_feedback,shock,3,87,0,8,16.0,0,16,11,11,zero,85
online_feedback,shock,3,87,1,8,21.0,0,21,16,16,zero,85
online_feedback,shock,3,87,2,8,26.0,0,26,20,20,zero,85
online_feedback,shock,3,88,0,8,16.0,0,16,10,10,zero,85
online_feedback,shock,3,88,1,8,31.0,0,31,16,16,zero,85
online_feedback,shock,3,88,2,8,40.0,0,40,20,20,zero,85
online_feedback,shock,3,89,0,8,24.0,0,24,11,11,zero,85
online_feedback,shock,3,89,1,8,25.0,0,25,11,11,zero,85
online_feedback,shock,3,89,2,8,51.0,0,51,20,20,zero,85
online_feedback,shock,3,90,0,6,24.0,0,24,11,11,zero,85
online_feedback,shock,3,90,1,6,29.0,0,29,16,16,zero,85
online_feedback,shock,3,90,2,6,48.0,0,48,20,20,zero,85
online_feedback,shock,3,91,0,8,22.0,0,22,11,11,zero,85
online_feedback,shock,3,91,1,8,40.0,0,40,17,17,zero,85
online_feedback,shock,3,91,2,8,45.0,0,45,20,20,zero,85
online_feedback,shock,3,92,0,8,30.0,0,30,11,11,zero,85
online_feedback,shock,3,92,1,8,49.0,0,49,17,17,zero,85
online_feedback,shock,3,92,2,8,42.0,0,42,20,20,zero,85
online_feedback,shock,3,93,0,6,19.0,0,19,11,11,zero,85
online_feedback,shock,3,93,1,6,60.0,0,60,8,8,zero,85
online_feedback,shock,3,93,2,6,30.0,0,30,20,20,zero,85
online_feedback,shock,3,94,0,6,18.0,0,18,18,18,zero,85
online_feedback,shock,3,94,1,6,59.0,0,59,8,8,zero,85
online_feedback,shock,3,94,2,6,18.0,0,18,0,0,zero,85
online_feedback,shock,3,95,0,8,26.0,0,26,13,13,zero,85
online_feedback,shock,3,95,1,8,52.0,0,52,11,11,zero,85
online_feedback,shock,3,95,2,8,9.0,0,9,2,2,zero,85
online_feedback,shock,3,96,0,8,32.0,0,32,6,6,zero,85
online_feedback,shock,3,96,1,8,38.0,0,38,11,11,zero,85
online_feedback,shock,3,96,2,8,-0.0,0,0,16,16,zero,85
online_feedback,shock,3,97,0,8,40.0,0,40,6,6,zero,85
online_feedback,shock,3,97,1,8,24.0,0,24,0,0,zero,85
online_feedback,shock,3,97,2,8,20.0,20,0,20,20,zero,85
online_feedback,shock,3,98,0,9,30.0,0,30,0,0,zero,85
online_feedback,shock,3,98,1,9,4.0,0,4,19,19,zero,85
online_feedback,shock,3,98,2,9,1.0,1,0,3,3,zero,85
online_feedback,shock,3,99,0,11,21.0,0,21,0,0,zero,85
online_feedback,shock,3,99,1,11,16.0,16,0,0,0,zero,85
online_feedback,shock,3,99,2,11,3.0,3,0,19,19,zero,85
online_feedback,shock,3,100,0,9,10.0,0,10,6,6,zero,85
online_feedback,shock,3,100,1,9,30.0,30,0,0,0,zero,85
online_feedback,shock,3,100,2,9,19.0,19,0,0,0,zero,85
online_feedback,shock,3,101,0,8,2.0,2,0,6,6,zero,85
online_feedback,shock,3,101,1,8,24.0,24,0,1,1,zero,85
online_feedback,shock,3,101,2,8,38.0,38,0,0,0,zero,85
online_feedback,shock,3,102,0,8,14.0,14,0,6,6,zero,85
online_feedback,shock,3,102,1,8,37.0,37,0,1,1,zero,85
online_feedback,shock,3,102,2,8,40.0,40,0,0,0,zero,85
online_feedback,shock,3,103,0,2,16.0,16,0,11,11,zero,85
online_feedback,shock,3,103,1,2,26.0,26,0,1,1,zero,85
online_feedback,shock,3,103,2,2,58.0,58,0,0,0,zero,85
online_feedback,shock,3,104,0,2,20.0,20,0,0,0,zero,85
online_feedback,shock,3,104,1,2,26.0,26,0,17,17,zero,85
online_feedback,shock,3,104,2,2,41.0,41,0,0,0,zero,85
online_feedback,shock,3,105,0,2,24.0,24,0,0,0,zero,85
online_feedback,shock,3,105,1,2,27.0,27,0,0,0,zero,85
online_feedback,shock,3,105,2,2,41.0,41,0,2,2,zero,85
online_feedback,shock,3,106,0,3,27.0,27,0,0,0,zero,85
online_feedback,shock,3,106,1,3,28.0,28,0,0,0,zero,85
online_feedback,shock,3,106,2,3,41.0,41,0,0,0,zero,85
online_feedback,shock,3,107,0,3,35.0,35,0,0,0,zero,85
online_feedback,shock,3,107,1,3,29.0,29,0,0,0,zero,85
online_feedback,shock,3,107,2,3,41.0,41,0,0,0,zero,85
online_feedback,shock,3,108,0,3,32.0,32,0,0,0,zero,85
online_feedback,shock,3,108,1,3,46.0,46,0,0,0,zero,85
online_feedback,shock,3,108,2,3,41.0,41,0,0,0,zero,85
online_feedback,shock,3,109,0,3,29.0,29,0,0,0,zero,85
online_feedback,shock,3,109,1,3,46.0,46,0,0,0,zero,85
online_feedback,shock,3,109,2,3,43.0,43,0,0,0,zero,85
online_feedback,shock,3,110,0,3,26.0,26,0,0,0,zero,85
online_feedback,shock,3,110,1,3,46.0,46,0,0,0,zero,85
online_feedback,shock,3,110,2,3,43.0,43,0,0,0,zero,85
online_feedback,shock,3,111,0,3,23.0,23,0,0,0,zero,85
online_feedback,shock,3,111,1,3,46.0,46,0,0,0,zero,85
online_feedback,shock,3,111,2,3,43.0,43,0,0,0,zero,85
online_feedback,shock,3,112,0,3,20.0,20,0,0,0,zero,85
online_feedback,shock,3,112,1,3,46.0,46,0,0,0,zero,85
online_feedback,shock,3,112,2,3,43.0,43,0,0,0,zero,85
online_feedback,shock,3,113,0,3,17.0,17,0,0,0,zero,85
online_feedback,shock,3,113,1,3,46.0,46,0,0,0,zero,85
online_feedback,shock,3,113,2,3,43.0,43,0,0,0,zero,85
online_feedback,shock,3,114,0,4,13.0,13,0,0,0,zero,85
online_feedback,shock,3,114,1,4,46.0,46,0,0,0,zero,85
online_feedback,shock,3,114,2,4,43.0,43,0,0,0,zero,85
online_feedback,shock,3,115,0,4,9.0,9,0,11,11,zero,85
online_feedback,shock,3,115,1,4,35.0,35,0,0,0,zero,85
online_feedback,shock,3,115,2,4,43.0,43,0,0,0,zero,85
online_feedback,shock,3,116,0,4,5.0,5,0,9,9,zero,85
online_feedback,shock,3,116,1,4,26.0,26,0,0,0,zero,85
online_feedback,shock,3,116,2,4,43.0,43,0,0,0,zero,85
online_feedback,shock,3,117,0,4,1.0,1,0,0,0,zero,85
online_feedback,shock,3,117,1,4,26.0,26,0,7,7,zero,85
online_feedback,shock,3,117,2,4,36.0,36,0,0,0,zero,85
online_feedback,shock,3,118,0,3,2.0,0,2,0,0,zero,85
online_feedback,shock,3,118,1,3,26.0,26,0,0,0,zero,85
online_feedback,shock,3,118,2,3,36.0,36,0,0,0,zero,85
online_feedback,shock,3,119,0,4,5.0,5,0,1,1,zero,85
online_feedback,shock,3,119,1,4,25.0,25,0,0,0,zero,85
online_feedback,shock,3,119,2,4,36.0,36,0,0,0,zero,85
online_feedback,shock,3,120,0,4,10.0,10,0,4,4,zero,85
online_feedback,shock,3,120,1,4,21.0,21,0,0,0,zero,85
online_feedback,shock,3,120,2,4,36.0,36,0,0,0,zero,85
online_feedback,shock,3,121,0,4,6.0,6,0,11,11,zero,85
online_feedback,shock,3,121,1,4,17.0,17,0,0,0,zero,85
online_feedback,shock,3,121,2,4,36.0,36,0,0,0,zero,85
online_feedback,shock,3,122,0,4,2.0,2,0,1,1,zero,85
online_feedback,shock,3,122,1,4,16.0,16,0,16,16,zero,85
online_feedback,shock,3,122,2,4,20.0,20,0,0,0,zero,85
online_feedback,shock,3,123,0,4,1.0,0,1,0,0,zero,85
online_feedback,shock,3,123,1,4,16.0,16,0,0,0,zero,85
online_feedback,shock,3,123,2,4,20.0,20,0,0,0,zero,85
online_feedback,shock,3,124,0,4,1.0,0,1,1,1,zero,85
online_feedback,shock,3,124,1,4,15.0,15,0,0,0,zero,85
online_feedback,shock,3,124,2,4,20.0,20,0,0,0,zero,85
online_feedback,shock,3,125,0,3,7.0,7,0,4,4,zero,85
online_feedback,shock,3,125,1,3,11.0,11,0,0,0,zero,85
online_feedback,shock,3,125,2,3,20.0,20,0,0,0,zero,85
online_feedback,shock,3,126,0,4,4.0,4,0,4,4,zero,85
online_feedback,shock,3,126,1,4,23.0,23,0,0,0,zero,85
online_feedback,shock,3,126,2,4,20.0,20,0,0,0,zero,85
online_feedback,shock,3,127,0,4,-0.0,0,0,12,12,zero,85
online_feedback,shock,3,127,1,4,11.0,11,0,0,0,zero,85
online_feedback,shock,3,127,2,4,20.0,20,0,0,0,zero,85
online_feedback,shock,3,128,0,4,3.0,0,3,1,1,zero,85
online_feedback,shock,3,128,1,4,10.0,10,0,16,16,zero,85
online_feedback,shock,3,128,2,4,4.0,4,0,0,0,zero,85
online_feedback,shock,3,129,0,4,3.0,0,3,1,1,zero,85
online_feedback,shock,3,129,1,4,9.0,9,0,0,0,zero,85
online_feedback,shock,3,129,2,4,4.0,4,0,16,16,zero,85
online_feedback,shock,3,130,0,4,3.0,0,3,4,4,zero,85
online_feedback,shock,3,130,1,4,5.0,5,0,0,0,zero,85
online_feedback,shock,3,130,2,4,4.0,4,0,0,0,zero,85
online_feedback,shock,3,131,0,4,5.0,5,0,4,4,zero,85
online_feedback,shock,3,131,1,4,1.0,1,0,0,0,zero,85
online_feedback,shock,3,131,2,4,4.0,4,0,0,0,zero,85
online_feedback,shock,3,132,0,4,2.0,2,0,12,12,zero,85
online_feedback,shock,3,132,1,4,5.0,5,0,8,8,zero,85
online_feedback,shock,3,132,2,4,4.0,0,4,0,0,zero,85
online_feedback,shock,3,133,0,4,1.0,0,1,1,1,zero,85
online_feedback,shock,3,133,1,4,4.0,4,0,17,17,zero,85
online_feedback,shock,3,133,2,4,5.0,0,5,16,16,zero,85
online_feedback,shock,3,134,0,4,1.0,0,1,1,1,zero,85
online_feedback,shock,3,134,1,4,3.0,3,0,0,0,zero,85
online_feedback,shock,3,134,2,4,5.0,0,5,20,20,zero,85
online_feedback,shock,3,135,0,4,1.0,0,1,1,1,zero,85
online_feedback,shock,3,135,1,4,2.0,2,0,0,0,zero,85
online_feedback,shock,3,135,2,4,5.0,0,5,0,0,zero,85
online_feedback,shock,3,136,0,4,7.0,7,0,4,4,zero,85
online_feedback,shock,3,136,1,4,2.0,2,0,0,0,zero,85
online_feedback,shock,3,136,2,4,5.0,0,5,0,0,zero,85
online_feedback,shock,3,137,0,4,4.0,4,0,12,12,zero,85
online_feedback,shock,3,137,1,4,6.0,6,0,8,8,zero,85
online_feedback,shock,3,137,2,4,3.0,3,0,0,0,zero,85
online_feedback,shock,3,138,0,4,1.0,1,0,1,1,zero,85
online_feedback,shock,3,138,1,4,5.0,5,0,17,17,zero,85
online_feedback,shock,3,138,2,4,6.0,6,0,2,2,zero,85
online_feedback,shock,3,139,0,4,2.0,0,2,1,1,zero,85
online_feedback,shock,3,139,1,4,4.0,4,0,0,0,zero,85
online_feedback,shock,3,139,2,4,6.0,6,0,19,19,zero,85
online_feedback,shock,3,140,0,4,2.0,0,2,1,1,zero,85
online_feedback,shock,3,140,1,4,3.0,3,0,0,0,zero,85
online_feedback,shock,3,140,2,4,6.0,6,0,4,4,zero,85
online_feedback,shock,3,141,0,4,6.0,6,0,4,4,zero,85
online_feedback,shock,3,141,1,4,12.0,12,0,0,0,zero,85
online_feedback,shock,3,141,2,4,6.0,6,0,0,0,zero,85
online_feedback,shock,3,142,0,4,3.0,3,0,12,12,zero,85
online_feedback,shock,3,142,1,4,17.0,17,0,0,0,zero,85
online_feedback,shock,3,142,2,4,8.0,8,0,0,0,zero,85
online_feedback,shock,3,143,0,7,3.0,0,3,1,1,zero,85
online_feedback,shock,3,143,1,7,16.0,16,0,17,17,zero,85
online_feedback,shock,3,143,2,7,10.0,10,0,0,0,zero,85
online_feedback,shock,3,144,0,7,9.0,0,9,6,6,zero,85
online_feedback,shock,3,144,1,7,10.0,10,0,0,0,zero,85
online_feedback,shock,3,144,2,7,14.0,14,0,19,19,zero,85
online_feedback,shock,3,145,0,8,13.0,0,13,10,10,zero,85
online_feedback,shock,3,145,1,8,-0.0,0,0,0,0,zero,85
online_feedback,shock,3,145,2,8,14.0,14,0,0,0,zero,85
online_feedback,shock,3,146,0,6,7.0,0,7,6,6,zero,85
online_feedback,shock,3,146,1,6,6.0,0,6,16,16,zero,85
online_feedback,shock,3,146,2,6,2.0,0,2,0,0,zero,85
online_feedback,shock,3,147,0,6,12.0,0,12,6,6,zero,85
online_feedback,shock,3,147,1,6,5.0,5,0,8,8,zero,85
online_feedback,shock,3,147,2,6,10.0,0,10,2,2,zero,85
online_feedback,shock,3,148,0,6,12.0,0,12,6,6,zero,85
online_feedback,shock,3,148,1,6,1.0,0,1,16,16,zero,85
online_feedback,shock,3,148,2,6,7.0,0,7,19,19,zero,85
online_feedback,shock,3,149,0,6,8.0,0,8,6,6,zero,85
online_feedback,shock,3,149,1,6,7.0,0,7,0,0,zero,85
online_feedback,shock,3,149,2,6,7.0,0,7,20,20,zero,85
online_feedback,shock,3,150,0,6,14.0,0,14,6,6,event4_initial_1,85
online_feedback,shock,3,150,1,6,1.0,1,0,16,16,event4_initial_1,85
online_feedback,shock,3,150,2,6,23.0,0,23,3,3,event4_initial_1,85
online_feedback,shock,3,151,0,6,8.0,0,8,6,8,event4_initial_1,85
online_feedback,shock,3,151,1,6,7.0,0,7,8,8,event4_initial_1,85
online_feedback,shock,3,151,2,6,29.0,0,29,19,19,event4_initial_1,85
online_feedback,shock,3,152,0,6,9.0,0,9,6,6,event4_initial_1,85
online_feedback,shock,3,152,1,6,6.0,6,0,11,11,event4_initial_1,85
online_feedback,shock,3,152,2,6,21.0,0,21,0,0,event4_initial_1,85
online_feedback,shock,3,153,0,6,15.0,0,15,6,6,event4_initial_1,85
online_feedback,shock,3,153,1,6,-0.0,0,0,0,0,event4_initial_1,85
online_feedback,shock,3,153,2,6,1.0,0,1,19,19,event4_initial_1,85
online_feedback,shock,3,154,0,6,8.0,0,8,6,8,event4_initial_1,85
online_feedback,shock,3,154,1,6,8.0,0,8,0,0,event4_initial_1,85
online_feedback,shock,3,154,2,6,2.0,2,0,4,4,event4_initial_1,85
online_feedback,shock,3,155,0,7,14.0,0,14,6,6,zero,85
online_feedback,shock,3,155,1,7,12.0,0,12,8,8,zero,85
online_feedback,shock,3,155,2,7,13.0,13,0,0,0,zero,85
online_feedback,shock,3,156,0,7,8.0,0,8,11,11,zero,85
online_feedback,shock,3,156,1,7,4.0,0,4,0,0,zero,85
online_feedback,shock,3,156,2,7,13.0,13,0,0,0,zero,85
online_feedback,shock,3,157,0,9,11.0,0,11,6,6,zero,85
online_feedback,shock,3,157,1,9,10.0,10,0,16,16,zero,85
online_feedback,shock,3,157,2,9,16.0,16,0,0,0,zero,85
online_feedback,shock,3,158,0,8,19.0,0,19,6,6,zero,85
online_feedback,shock,3,158,1,8,5.0,5,0,8,8,zero,85
online_feedback,shock,3,158,2,8,12.0,12,0,19,19,zero,85
online_feedback,shock,3,159,0,8,25.0,0,25,6,6,zero,85
online_feedback,shock,3,159,1,8,7.0,7,0,0,0,zero,85
online_feedback,shock,3,159,2,8,12.0,12,0,16,16,zero,85
online_feedback,shock,3,160,0,8,14.0,0,14,11,11,zero,85
online_feedback,shock,3,160,1,8,4.0,0,4,8,8,zero,85
online_feedback,shock,3,160,2,8,4.0,4,0,0,0,zero,85
online_feedback,shock,3,161,0,7,11.0,0,11,11,11,zero,85
online_feedback,shock,3,161,1,7,1.0,1,0,16,16,zero,85
online_feedback,shock,3,161,2,7,12.0,0,12,0,0,zero,85
online_feedback,shock,3,162,0,8,13.0,0,13,6,6,zero,85
online_feedback,shock,3,162,1,8,3.0,3,0,17,17,zero,85
online_feedback,shock,3,162,2,8,10.0,0,10,19,19,zero,85
online_feedback,shock,3,163,0,8,15.0,0,15,11,11,zero,85
online_feedback,shock,3,163,1,8,8.0,0,8,0,0,zero,85
online_feedback,shock,3,163,2,8,6.0,6,0,20,20,zero,85
online_feedback,shock,3,164,0,8,16.0,0,16,11,11,zero,85
online_feedback,shock,3,164,1,8,11.0,0,11,17,17,zero,85
online_feedback,shock,3,164,2,8,11.0,0,11,3,3,zero,85
online_feedback,shock,3,165,0,8,9.0,0,9,11,11,zero,85
online_feedback,shock,3,165,1,8,18.0,0,18,16,16,zero,85
online_feedback,shock,3,165,2,8,27.0,0,27,19,19,zero,85
online_feedback,shock,3,166,0,9,12.0,0,12,11,11,zero,85
online_feedback,shock,3,166,1,9,10.0,0,10,11,11,zero,85
online_feedback,shock,3,166,2,9,19.0,0,19,20,20,zero,85
online_feedback,shock,3,167,0,11,20.0,0,20,6,6,zero,85
online_feedback,shock,3,167,1,11,6.0,0,6,17,17,zero,85
online_feedback,shock,3,167,2,11,16.0,0,16,4,4,zero,85
online_feedback,shock,3,168,0,12,24.0,0,24,11,11,zero,85
online_feedback,shock,3,168,1,12,11.0,0,11,0,0,zero,85
online_feedback,shock,3,168,2,12,13.0,0,13,19,19,zero,85
online_feedback,shock,3,169,0,13,33.0,0,33,16,16,zero,85
online_feedback,shock,3,169,1,13,27.0,0,27,17,17,zero,85
online_feedback,shock,3,169,2,13,11.0,0,11,0,0,zero,85
online_feedback,shock,3,170,0,12,26.0,0,26,16,16,zero,85
online_feedback,shock,3,170,1,12,24.0,0,24,16,16,zero,85
online_feedback,shock,3,170,2,12,7.0,0,7,19,19,zero,85
online_feedback,shock,3,171,0,10,26.0,0,26,18,18,zero,85
online_feedback,shock,3,171,1,10,22.0,0,22,17,17,zero,85
online_feedback,shock,3,171,2,10,20.0,0,20,20,20,zero,85
online_feedback,shock,3,172,0,9,29.0,0,29,6,6,zero,85
online_feedback,shock,3,172,1,9,25.0,0,25,17,17,zero,85
online_feedback,shock,3,172,2,9,18.0,0,18,20,20,zero,85
online_feedback,shock,3,173,0,8,37.0,0,37,6,6,zero,85
online_feedback,shock,3,173,1,8,12.0,0,12,0,0,zero,85
online_feedback,shock,3,173,2,8,18.0,0,18,20,20,zero,85
online_feedback,shock,3,174,0,9,27.0,0,27,6,6,zero,85
online_feedback,shock,3,174,1,9,2.0,2,0,19,19,zero,85
online_feedback,shock,3,174,2,9,18.0,0,18,0,0,zero,85
online_feedback,shock,3,175,0,8,15.0,0,15,6,6,zero,85
online_feedback,shock,3,175,1,8,-0.0,0,0,8,8,zero,85
online_feedback,shock,3,175,2,8,6.0,0,6,19,19,zero,85
online_feedback,shock,3,176,0,8,20.0,0,20,6,6,zero,85
online_feedback,shock,3,176,1,8,13.0,13,0,0,0,zero,85
online_feedback,shock,3,176,2,8,14.0,14,0,0,0,zero,85
online_feedback,shock,3,177,0,8,9.0,0,9,6,6,zero,85
online_feedback,shock,3,177,1,8,7.0,7,0,0,0,zero,85
online_feedback,shock,3,177,2,8,34.0,34,0,0,0,zero,85
online_feedback,shock,3,178,0,8,1.0,1,0,10,10,zero,85
online_feedback,shock,3,178,1,8,16.0,16,0,0,0,zero,85
online_feedback,shock,3,178,2,8,34.0,34,0,0,0,zero,85
online_feedback,shock,3,179,0,8,1.0,0,1,10,10,zero,85
online_feedback,shock,3,179,1,8,26.0,26,0,4,4,zero,85
online_feedback,shock,3,179,2,8,49.0,49,0,0,0,zero,85
online_feedback,shock,3,180,0,8,3.0,0,3,10,10,zero,85
online_feedback,shock,3,180,1,8,22.0,22,0,17,17,zero,85
online_feedback,shock,3,180,2,8,32.0,32,0,0,0,zero,85
online_feedback,shock,3,181,0,7,4.0,0,4,10,10,zero,85
online_feedback,shock,3,181,1,7,12.0,12,0,16,16,zero,85
online_feedback,shock,3,181,2,7,16.0,16,0,16,16,zero,85
online_feedback,shock,3,182,0,7,1.0,0,1,6,6,zero,85
online_feedback,shock,3,182,1,7,6.0,6,0,8,8,zero,85
online_feedback,shock,3,182,2,7,8.0,8,0,15,15,zero,85
online_feedback,shock,3,183,0,6,3.0,3,0,6,6,zero,85
online_feedback,shock,3,183,1,6,4.0,4,0,0,0,zero,85
online_feedback,shock,3,183,2,6,8.0,8,0,3,3,zero,85
online_feedback,shock,3,184,0,6,7.0,7,0,6,6,zero,85
online_feedback,shock,3,184,1,6,15.0,15,0,1,1,zero,85
online_feedback,shock,3,184,2,6,7.0,7,0,0,0,zero,85
online_feedback,shock,3,185,0,7,10.0,10,0,6,6,zero,85
online_feedback,shock,3,185,1,7,25.0,25,0,1,1,zero,85
online_feedback,shock,3,185,2,7,22.0,22,0,0,0,zero,85
online_feedback,shock,3,186,0,7,9.0,9,0,11,11,zero,85
online_feedback,shock,3,186,1,7,22.0,22,0,1,1,zero,85
online_feedback,shock,3,186,2,7,36.0,36,0,0,0,zero,85
online_feedback,shock,3,187,0,6,9.0,9,0,10,10,zero,85
online_feedback,shock,3,187,1,6,12.0,12,0,17,17,zero,85
online_feedback,shock,3,187,2,6,22.0,22,0,0,0,zero,85
online_feedback,shock,3,188,0,7,8.0,8,0,0,0,zero,85
online_feedback,shock,3,188,1,7,13.0,13,0,16,16,zero,85
online_feedback,shock,3,188,2,7,6.0,6,0,16,16,zero,85
online_feedback,shock,3,189,0,7,7.0,7,0,11,11,zero,85
online_feedback,shock,3,189,1,7,3.0,3,0,0,0,zero,85
online_feedback,shock,3,189,2,7,6.0,6,0,15,15,zero,85
online_feedback,shock,3,190,0,6,12.0,12,0,10,10,event4_initial_1,85
online_feedback,shock,3,190,1,6,6.0,0,6,16,13,event4_initial_1,85
online_feedback,shock,3,190,2,6,7.0,0,7,0,0,event4_initial_1,85
online_feedback,shock,3,191,0,6,16.0,16,0,0,0,event4_initial_1,85
online_feedback,shock,3,191,1,6,11.0,11,0,11,11,event4_initial_1,85
online_feedback,shock,3,191,2,6,18.0,0,18,19,19,event4_initial_1,85
online_feedback,shock,3,192,0,6,10.0,10,0,0,0,event4_initial_1,85
online_feedback,shock,3,192,1,6,27.0,27,0,1,0,event4_initial_1,85
online_feedback,shock,3,192,2,6,2.0,0,2,18,18,event4_initial_1,85
online_feedback,shock,3,193,0,6,15.0,15,0,6,6,event4_initial_1,85
online_feedback,shock,3,193,1,6,21.0,21,0,0,0,event4_initial_1,85
online_feedback,shock,3,193,2,6,13.0,13,0,0,0,event4_initial_1,85
online_feedback,shock,3,194,0,6,13.0,13,0,11,11,event4_initial_1,85
online_feedback,shock,3,194,1,6,16.0,16,0,0,0,event4_initial_1,85
online_feedback,shock,3,194,2,6,13.0,13,0,0,0,event4_initial_1,85
online_feedback,shock,3,195,0,7,12.0,12,0,0,0,zero,85
online_feedback,shock,3,195,1,7,16.0,16,0,16,16,zero,85
online_feedback,shock,3,195,2,7,16.0,16,0,0,0,zero,85
online_feedback,shock,3,196,0,6,6.0,6,0,11,11,zero,85
online_feedback,shock,3,196,1,6,21.0,21,0,0,0,zero,85
online_feedback,shock,3,196,2,6,34.0,34,0,2,2,zero,85
online_feedback,shock,3,197,0,6,6.0,6,0,10,10,zero,85
online_feedback,shock,3,197,1,6,13.0,13,0,0,0,zero,85
online_feedback,shock,3,197,2,6,34.0,34,0,0,0,zero,85
online_feedback,shock,3,198,0,5,12.0,12,0,0,0,zero,85
online_feedback,shock,3,198,1,5,13.0,13,0,16,16,zero,85
online_feedback,shock,3,198,2,5,18.0,18,0,0,0,zero,85
online_feedback,shock,3,199,0,5,7.0,7,0,0,0,zero,85
online_feedback,shock,3,199,1,5,29.0,29,0,0,0,zero,85
online_feedback,shock,3,199,2,5,18.0,18,0,16,16,zero,85
online_feedback,shock,3,200,0,5,13.0,13,0,6,6,zero,85
online_feedback,shock,3,200,1,5,23.0,23,0,0,0,zero,85
online_feedback,shock,3,200,2,5,20.0,20,0,0,0,zero,85
