group,scenario,trace,period,node,demand,cost,inventory,backlog,policy_order,actual_order,chosen,notification_period
happo,base,0,1,0,10,10.0,10,0,17,17,zero,
happo,base,0,1,1,10,3.0,3,0,2,2,zero,
happo,base,0,1,2,10,18.0,18,0,0,0,zero,
happo,base,0,2,0,10,10.0,10,0,2,2,zero,
happo,base,0,2,1,10,11.0,11,0,16,16,zero,
happo,base,0,2,2,10,12.0,12,0,0,0,zero,
happo,base,0,3,0,10,10.0,10,0,16,16,zero,
happo,base,0,3,1,10,5.0,5,0,2,2,zero,
happo,base,0,3,2,10,20.0,20,0,20,20,zero,
happo,base,0,4,0,9,11.0,11,0,2,2,zero,
happo,base,0,4,1,9,13.0,13,0,10,10,zero,
happo,base,0,4,2,9,20.0,20,0,1,1,zero,
happo,base,0,5,0,10,18.0,18,0,8,8,zero,
happo,base,0,5,1,10,7.0,7,0,10,10,zero,
happo,base,0,5,2,10,10.0,10,0,7,7,zero,
happo,base,0,6,0,10,10.0,10,0,8,8,zero,
happo,base,0,6,1,10,15.0,15,0,3,3,zero,
happo,base,0,6,2,10,7.0,7,0,7,7,zero,
happo,base,0,7,0,9,17.0,17,0,8,8,zero,
happo,base,0,7,1,9,9.0,9,0,10,10,zero,
happo,base,0,7,2,9,17.0,17,0,0,0,zero,
happo,base,0,8,0,10,9.0,9,0,8,8,zero,
happo,base,0,8,1,10,11.0,11,0,10,10,zero,
happo,base,0,8,2,10,8.0,8,0,16,16,zero,
happo,base,0,9,0,11,6.0,6,0,13,13,zero,
happo,base,0,9,1,11,8.0,8,0,10,10,zero,
happo,base,0,9,2,11,5.0,5,0,20,20,zero,
happo,base,0,10,0,11,3.0,3,0,13,13,zero,
happo,base,0,10,1,11,2.0,0,2,16,16,zero,
happo,base,0,10,2,11,4.0,0,4,20,20,zero,
happo,base,0,11,0,10,1.0,1,0,13,13,zero,
happo,base,0,11,1,10,5.0,0,5,16,16,zero,
happo,base,0,11,2,10,20.0,0,20,20,20,zero,
happo,base,0,12,0,10,1.0,0,1,13,13,zero,
happo,base,0,12,1,10,8.0,0,8,16,16,zero,
happo,base,0,12,2,10,20.0,0,20,20,20,zero,
happo,base,0,13,0,10,2.0,2,0,16,16,zero,
happo,base,0,13,1,10,14.0,0,14,16,16,zero,
happo,base,0,13,2,10,16.0,0,16,20,20,zero,
happo,base,0,14,0,10,3.0,3,0,16,16,zero,
happo,base,0,14,1,10,18.0,0,18,16,16,zero,
happo,base,0,14,2,10,12.0,0,12,20,20,zero,
happo,base,0,15,0,10,3.0,3,0,16,16,zero,
happo,base,0,15,1,10,34.0,0,34,16,16,zero,
happo,base,0,15,2,10,8.0,0,8,20,20,zero,
happo,base,0,16,0,10,3.0,3,0,13,13,zero,
happo,base,0,16,1,10,31.0,0,31,16,16,zero,
happo,base,0,16,2,10,4.0,0,4,20,20,zero,
happo,base,0,17,0,9,4.0,4,0,5,5,zero,
happo,base,0,17,1,9,16.0,0,16,17,17,zero,
happo,base,0,17,2,9,1.0,0,1,16,16,zero,
happo,base,0,18,0,9,7.0,7,0,2,2,zero,
happo,base,0,18,1,9,2.0,2,0,4,4,zero,
happo,base,0,18,2,9,15.0,15,0,20,20,zero,
happo,base,0,19,0,9,2.0,0,2,1,1,zero,
happo,base,0,19,1,9,21.0,21,0,0,0,zero,
happo,base,0,19,2,9,35.0,35,0,0,0,zero,
happo,base,0,20,0,10,4.0,4,0,7,7,zero,
happo,base,0,20,1,10,34.0,34,0,0,0,zero,
happo,base,0,20,2,10,55.0,55,0,0,0,zero,
happo,base,0,21,0,8,16.0,16,0,8,8,zero,
happo,base,0,21,1,8,46.0,46,0,4,4,zero,
happo,base,0,21,2,8,67.0,67,0,0,0,zero,
happo,base,0,22,0,7,27.0,27,0,8,8,zero,
happo,base,0,22,1,7,43.0,43,0,4,4,zero,
happo,base,0,22,2,7,83.0,83,0,0,0,zero,
happo,base,0,23,0,8,20.0,20,0,1,1,zero,
happo,base,0,23,1,8,42.0,42,0,2,2,zero,
happo,base,0,23,2,8,81.0,81,0,0,0,zero,
happo,base,0,24,0,7,20.0,20,0,8,8,zero,
happo,base,0,24,1,7,34.0,34,0,2,2,zero,
happo,base,0,24,2,7,79.0,79,0,0,0,zero,
happo,base,0,25,0,7,21.0,21,0,5,5,zero,
happo,base,0,25,1,7,33.0,33,0,2,2,zero,
happo,base,0,25,2,7,77.0,77,0,0,0,zero,
happo,base,0,26,0,8,21.0,21,0,8,8,zero,
happo,base,0,26,1,8,29.0,29,0,2,2,zero,
happo,base,0,26,2,8,75.0,75,0,0,0,zero,
happo,base,0,27,0,8,14.0,14,0,8,8,zero,
happo,base,0,27,1,8,23.0,23,0,10,10,zero,
happo,base,0,27,2,8,65.0,65,0,0,0,zero,
happo,base,0,28,0,8,14.0,14,0,8,8,zero,
happo,base,0,28,1,8,17.0,17,0,10,10,zero,
happo,base,0,28,2,8,55.0,55,0,0,0,zero,
happo,base,0,29,0,7,12.0,12,0,8,8,zero,
happo,base,0,29,1,7,11.0,11,0,10,10,zero,
happo,base,0,29,2,7,45.0,45,0,0,0,zero,
happo,base,0,30,0,7,13.0,13,0,1,1,zero,
happo,base,0,30,1,7,12.0,12,0,10,10,zero,
happo,base,0,30,2,7,35.0,35,0,0,0,zero,
happo,base,0,31,0,8,13.0,13,0,8,8,zero,
happo,base,0,31,1,8,14.0,14,0,0,0,zero,
happo,base,0,31,2,8,35.0,35,0,4,4,zero,
happo,base,0,32,0,8,13.0,13,0,8,8,zero,
happo,base,0,32,1,8,16.0,16,0,0,0,zero,
happo,base,0,32,2,8,35.0,35,0,0,0,zero,
happo,base,0,33,0,7,14.0,14,0,13,13,zero,
happo,base,0,33,1,7,13.0,13,0,10,10,zero,
happo,base,0,33,2,7,25.0,25,0,0,0,zero,
happo,base,0,34,0,7,8.0,8,0,2,2,zero,
happo,base,0,34,1,7,21.0,21,0,16,16,zero,
happo,base,0,34,2,7,9.0,9,0,1,1,zero,
happo,base,0,35,0,7,9.0,9,0,8,8,zero,
happo,base,0,35,1,7,13.0,13,0,2,2,zero,
happo,base,0,35,2,7,11.0,11,0,20,20,zero,
happo,base,0,36,0,7,10.0,10,0,1,1,zero,
happo,base,0,36,1,7,12.0,12,0,10,10,zero,
happo,base,0,36,2,7,1.0,1,0,1,1,zero,
happo,base,0,37,0,7,16.0,16,0,8,8,zero,
happo,base,0,37,1,7,14.0,14,0,0,0,zero,
happo,base,0,37,2,7,1.0,1,0,16,16,zero,
happo,base,0,38,0,8,10.0,10,0,8,8,zero,
happo,base,0,38,1,8,22.0,22,0,0,0,zero,
happo,base,0,38,2,8,2.0,2,0,0,0,zero,
happo,base,0,39,0,8,10.0,10,0,13,13,zero,
happo,base,0,39,1,8,11.0,11,0,10,10,zero,
happo,base,0,39,2,8,12.0,12,0,0,0,zero,
happo,base,0,40,0,7,4.0,4,0,5,5,zero,
happo,base,0,40,1,7,16.0,16,0,16,16,zero,
happo,base,0,40,2,7,3.0,0,3,0,0,zero,
happo,base,0,41,0,7,5.0,5,0,5,5,zero,
happo,base,0,41,1,7,11.0,11,0,10,10,zero,
happo,base,0,41,2,7,3.0,3,0,19,19,zero,
happo,base,0,42,0,7,6.0,6,0,5,5,zero,
happo,base,0,42,1,7,6.0,6,0,3,3,zero,
happo,base,0,42,2,7,-0.0,0,0,19,19,zero,
happo,base,0,43,0,6,13.0,13,0,8,8,zero,
happo,base,0,43,1,6,8.0,8,0,0,0,zero,
happo,base,0,43,2,6,-0.0,0,0,1,1,zero,
happo,base,0,44,0,6,12.0,12,0,5,5,zero,
happo,base,0,44,1,6,16.0,16,0,0,0,zero,
happo,base,0,44,2,6,-0.0,0,0,0,0,zero,
happo,base,0,45,0,5,12.0,12,0,10,10,zero,
happo,base,0,45,1,5,19.0,19,0,2,2,zero,
happo,base,0,45,2,5,17.0,17,0,0,0,zero,
happo,base,0,46,0,5,12.0,12,0,1,1,zero,
happo,base,0,46,1,5,21.0,21,0,16,16,zero,
happo,base,0,46,2,5,20.0,20,0,0,0,zero,
happo,base,0,47,0,5,15.0,15,0,1,1,zero,
happo,base,0,47,1,5,20.0,20,0,2,2,zero,
happo,base,0,47,2,5,19.0,19,0,16,16,zero,
happo,base,0,48,0,6,14.0,14,0,8,8,zero,
happo,base,0,48,1,6,12.0,12,0,0,0,zero,
happo,base,0,48,2,6,19.0,19,0,1,1,zero,
happo,base,0,49,0,6,18.0,18,0,5,5,zero,
happo,base,0,49,1,6,9.0,9,0,2,2,zero,
happo,base,0,49,2,6,17.0,17,0,0,0,zero,
happo,base,0,50,0,5,14.0,14,0,8,8,zero,
happo,base,0,50,1,5,17.0,17,0,16,16,zero,
happo,base,0,50,2,5,1.0,1,0,0,0,zero,
happo,base,0,51,0,5,10.0,10,0,1,1,zero,
happo,base,0,51,1,5,18.0,18,0,10,10,zero,
happo,base,0,51,2,5,7.0,7,0,19,19,zero,
happo,base,0,52,0,6,12.0,12,0,8,8,zero,
happo,base,0,52,1,6,10.0,10,0,0,0,zero,
happo,base,0,52,2,6,8.0,8,0,19,19,zero,
happo,base,0,53,0,6,11.0,11,0,1,1,zero,
happo,base,0,53,1,6,11.0,11,0,2,2,zero,
happo,base,0,53,2,6,6.0,6,0,1,1,zero,
happo,base,0,54,0,6,13.0,13,0,8,8,zero,
happo,base,0,54,1,6,19.0,19,0,0,0,zero,
happo,base,0,54,2,6,6.0,6,0,0,0,zero,
happo,base,0,55,0,6,8.0,8,0,5,5,zero,
happo,base,0,55,1,6,24.0,24,0,2,2,zero,
happo,base,0,55,2,6,23.0,23,0,0,0,zero,
happo,base,0,56,0,7,9.0,9,0,8,8,zero,
happo,base,0,56,1,7,16.0,16,0,2,2,zero,
happo,base,0,56,2,7,40.0,40,0,0,0,zero,
happo,base,0,57,0,7,3.0,3,0,8,8,zero,
happo,base,0,57,1,7,10.0,10,0,10,10,zero,
happo,base,0,57,2,7,31.0,31,0,0,0,zero,
happo,base,0,58,0,8,3.0,3,0,8,8,zero,
happo,base,0,58,1,8,2.0,2,0,16,16,zero,
happo,base,0,58,2,8,15.0,15,0,0,0,zero,
happo,base,0,59,0,8,-0.0,0,0,8,8,zero,
happo,base,0,59,1,8,4.0,0,4,10,10,zero,
happo,base,0,59,2,8,5.0,5,0,19,19,zero,
happo,base,0,60,0,9,1.0,0,1,16,16,zero,
happo,base,0,60,1,9,18.0,0,18,10,10,zero,
happo,base,0,60,2,9,5.0,0,5,19,19,zero,
happo,base,0,61,0,9,2.0,0,2,8,8,zero,
happo,base,0,61,1,9,16.0,0,16,16,16,zero,
happo,base,0,61,2,9,21.0,0,21,19,19,zero,
happo,base,0,62,0,10,4.0,0,4,13,13,zero,
happo,base,0,62,1,10,13.0,0,13,16,16,zero,
happo,base,0,62,2,10,37.0,0,37,19,19,zero,
happo,base,0,63,0,11,11.0,0,11,13,13,zero,
happo,base,0,63,1,11,16.0,0,16,16,16,zero,
happo,base,0,63,2,11,34.0,0,34,19,19,zero,
happo,base,0,64,0,12,21.0,0,21,13,13,zero,
happo,base,0,64,1,12,24.0,0,24,16,16,zero,
happo,base,0,64,2,12,31.0,0,31,19,19,zero,
happo,base,0,65,0,11,22.0,0,22,13,13,zero,
happo,base,0,65,1,11,37.0,0,37,12,12,zero,
happo,base,0,65,2,11,24.0,0,24,19,19,zero,
happo,base,0,66,0,12,18.0,0,18,13,13,zero,
happo,base,0,66,1,12,50.0,0,50,10,10,zero,
happo,base,0,66,2,12,15.0,0,15,16,16,zero,
happo,base,0,67,0,12,20.0,0,20,13,13,zero,
happo,base,0,67,1,12,44.0,0,44,10,10,zero,
happo,base,0,67,2,12,6.0,0,6,1,1,zero,
happo,base,0,68,0,10,25.0,0,25,13,13,zero,
happo,base,0,68,1,10,38.0,0,38,10,10,zero,
happo,base,0,68,2,10,3.0,3,0,7,7,zero,
happo,base,0,69,0,10,35.0,0,35,13,13,zero,
happo,base,0,69,1,10,32.0,0,32,10,10,zero,
happo,base,0,69,2,10,12.0,12,0,16,16,zero,
happo,base,0,70,0,11,46.0,0,46,17,17,zero,
happo,base,0,70,1,11,30.0,0,30,17,17,zero,
happo,base,0,70,2,11,11.0,11,0,7,7,zero,
happo,base,0,71,0,11,38.0,0,38,17,17,zero,
happo,base,0,71,1,11,28.0,0,28,17,17,zero,
happo,base,0,71,2,11,5.0,0,5,20,20,zero,
happo,base,0,72,0,11,30.0,0,30,17,17,zero,
happo,base,0,72,1,11,29.0,0,29,17,17,zero,
happo,base,0,72,2,11,15.0,0,15,20,20,zero,
happo,base,0,73,0,12,23.0,0,23,17,17,zero,
happo,base,0,73,1,12,36.0,0,36,17,17,zero,
happo,base,0,73,2,12,16.0,0,16,20,20,zero,
happo,base,0,74,0,13,17.0,0,17,17,17,zero,
happo,base,0,74,1,13,36.0,0,36,17,17,zero,
happo,base,0,74,2,13,26.0,0,26,20,20,zero,
happo,base,0,75,0,13,11.0,0,11,17,17,zero,
happo,base,0,75,1,13,41.0,0,41,17,17,zero,
happo,base,0,75,2,13,23.0,0,23,20,20,zero,
happo,base,0,76,0,13,8.0,0,8,17,17,zero,
happo,base,0,76,1,13,51.0,0,51,17,17,zero,
happo,base,0,76,2,13,20.0,0,20,19,19,zero,
happo,base,0,77,0,12,10.0,0,10,17,17,zero,
happo,base,0,77,1,12,52.0,0,52,17,17,zero,
happo,base,0,77,2,12,17.0,0,17,19,19,zero,
happo,base,0,78,0,9,2.0,0,2,17,17,zero,
happo,base,0,78,1,9,62.0,0,62,17,17,zero,
happo,base,0,78,2,9,14.0,0,14,19,19,zero,
happo,base,0,79,0,9,1.0,1,0,17,17,zero,
happo,base,0,79,1,9,59.0,0,59,17,17,zero,
happo,base,0,79,2,9,11.0,0,11,19,19,zero,
happo,base,0,80,0,11,3.0,0,3,2,2,zero,
happo,base,0,80,1,11,41.0,0,41,17,17,zero,
happo,base,0,80,2,11,9.0,0,9,19,19,zero,
happo,base,0,81,0,10,3.0,3,0,2,2,zero,
happo,base,0,81,1,10,23.0,0,23,1,1,zero,
happo,base,0,81,2,10,9.0,9,0,20,20,zero,
happo,base,0,82,0,11,1.0,0,1,2,2,zero,
happo,base,0,82,1,11,5.0,0,5,0,0,zero,
happo,base,0,82,2,11,28.0,28,0,1,1,zero,
happo,base,0,83,0,11,8.0,8,0,1,1,zero,
happo,base,0,83,1,11,14.0,14,0,0,0,zero,
happo,base,0,83,2,11,47.0,47,0,0,0,zero,
happo,base,0,84,0,11,17.0,17,0,1,1,zero,
happo,base,0,84,1,11,32.0,32,0,4,4,zero,
happo,base,0,84,2,11,62.0,62,0,0,0,zero,
happo,base,0,85,0,12,25.0,25,0,16,16,zero,
happo,base,0,85,1,12,26.0,26,0,0,0,zero,
happo,base,0,85,2,12,82.0,82,0,0,0,zero,
happo,base,0,86,0,12,33.0,33,0,8,8,zero,
happo,base,0,86,1,12,18.0,18,0,18,18,zero,
happo,base,0,86,2,12,65.0,65,0,0,0,zero,
happo,base,0,87,0,12,27.0,27,0,16,16,zero,
happo,base,0,87,1,12,2.0,2,0,10,10,zero,
happo,base,0,87,2,12,55.0,55,0,0,0,zero,
happo,base,0,88,0,14,14.0,14,0,8,8,zero,
happo,base,0,88,1,14,2.0,0,2,16,16,zero,
happo,base,0,88,2,14,39.0,39,0,0,0,zero,
happo,base,0,89,0,13,17.0,17,0,17,17,zero,
happo,base,0,89,1,13,19.0,0,19,10,10,zero,
happo,base,0,89,2,13,29.0,29,0,17,17,zero,
happo,base,0,90,0,13,12.0,12,0,13,13,zero,
happo,base,0,90,1,13,14.0,0,14,16,16,zero,
happo,base,0,90,2,13,13.0,13,0,19,19,zero,
happo,base,0,91,0,13,15.0,15,0,8,8,zero,
happo,base,0,91,1,13,12.0,0,12,16,16,zero,
happo,base,0,91,2,13,3.0,0,3,20,20,zero,
happo,base,0,92,0,14,7.0,7,0,13,13,zero,
happo,base,0,92,1,14,9.0,0,9,16,16,zero,
happo,base,0,92,2,14,19.0,0,19,20,20,zero,
happo,base,0,93,0,14,7.0,0,7,8,8,zero,
happo,base,0,93,1,14,7.0,0,7,17,17,zero,
happo,base,0,93,2,14,19.0,0,19,20,20,zero,
happo,base,0,94,0,13,2.0,0,2,13,13,zero,
happo,base,0,94,1,13,4.0,0,4,17,17,zero,
happo,base,0,94,2,13,17.0,0,17,20,20,zero,
happo,base,0,95,0,10,2.0,0,2,13,13,zero,
happo,base,0,95,1,10,4.0,0,4,17,17,zero,
happo,base,0,95,2,10,14.0,0,14,20,20,zero,
happo,base,0,96,0,10,4.0,4,0,8,8,zero,
happo,base,0,96,1,10,12.0,0,12,17,17,zero,
happo,base,0,96,2,10,11.0,0,11,20,20,zero,
happo,base,0,97,0,10,4.0,4,0,16,16,zero,
happo,base,0,97,1,10,11.0,0,11,0,0,zero,
happo,base,0,97,2,10,9.0,9,0,20,20,zero,
happo,base,0,98,0,10,10.0,10,0,5,5,zero,
happo,base,0,98,1,10,3.0,3,0,1,1,zero,
happo,base,0,98,2,10,28.0,28,0,1,1,zero,
happo,base,0,99,0,10,13.0,13,0,2,2,zero,
happo,base,0,99,1,10,21.0,21,0,17,17,zero,
happo,base,0,99,2,10,31.0,31,0,0,0,zero,
happo,base,0,100,0,11,2.0,2,0,16,16,zero,
happo,base,0,100,1,11,25.0,25,0,0,0,zero,
happo,base,0,100,2,11,51.0,51,0,0,0,zero,
happo,base,0,101,0,12,7.0,7,0,5,5,zero,
happo,base,0,101,1,12,31.0,31,0,4,4,zero,
happo,base,0,101,2,12,67.0,67,0,0,0,zero,
happo,base,0,102,0,14,9.0,9,0,16,16,zero,
happo,base,0,102,1,14,16.0,16,0,10,10,zero,
happo,base,0,102,2,14,58.0,58,0,0,0,zero,
happo,base,0,103,0,13,2.0,0,2,16,16,zero,
happo,base,0,103,1,13,17.0,17,0,10,10,zero,
happo,base,0,103,2,13,48.0,48,0,0,0,zero,
happo,base,0,104,0,12,2.0,2,0,16,16,zero,
happo,base,0,104,1,12,1.0,1,0,16,16,zero,
happo,base,0,104,2,12,32.0,32,0,0,0,zero,
happo,base,0,105,0,11,4.0,0,4,8,8,zero,
happo,base,0,105,1,11,3.0,0,3,16,16,zero,
happo,base,0,105,2,11,16.0,16,0,20,20,zero,
happo,base,0,106,0,12,-0.0,0,0,16,16,zero,
happo,base,0,106,1,12,9.0,0,9,16,16,zero,
happo,base,0,106,2,12,-0.0,0,0,20,20,zero,
happo,base,0,107,0,13,3.0,3,0,8,8,zero,
happo,base,0,107,1,13,7.0,0,7,16,16,zero,
happo,base,0,107,2,13,16.0,0,16,20,20,zero,
happo,base,0,108,0,13,6.0,6,0,13,13,zero,
happo,base,0,108,1,13,4.0,0,4,16,16,zero,
happo,base,0,108,2,13,32.0,0,32,20,20,zero,
happo,base,0,109,0,13,2.0,0,2,13,13,zero,
happo,base,0,109,1,13,1.0,0,1,16,16,zero,
happo,base,0,109,2,13,28.0,0,28,20,20,zero,
happo,base,0,110,0,13,5.0,0,5,13,13,zero,
happo,base,0,110,1,13,2.0,2,0,17,17,zero,
happo,base,0,110,2,13,25.0,0,25,19,19,zero,
happo,base,0,111,0,12,7.0,0,7,13,13,zero,
happo,base,0,111,1,12,11.0,0,11,17,17,zero,
happo,base,0,111,2,12,22.0,0,22,19,19,zero,
happo,base,0,112,0,13,4.0,0,4,13,13,zero,
happo,base,0,112,1,13,24.0,0,24,16,16,zero,
happo,base,0,112,2,13,18.0,0,18,19,19,zero,
happo,base,0,113,0,13,1.0,0,1,8,8,zero,
happo,base,0,113,1,13,12.0,0,12,16,16,zero,
happo,base,0,113,2,13,14.0,0,14,19,19,zero,
happo,base,0,114,0,10,3.0,3,0,8,8,zero,
happo,base,0,114,1,10,-0.0,0,0,0,0,zero,
happo,base,0,114,2,10,5.0,5,0,19,19,zero,
happo,base,0,115,0,11,6.0,0,6,8,8,zero,
happo,base,0,115,1,11,12.0,12,0,0,0,zero,
happo,base,0,115,2,11,24.0,24,0,1,1,zero,
happo,base,0,116,0,10,16.0,0,16,8,8,zero,
happo,base,0,116,1,10,24.0,24,0,0,0,zero,
happo,base,0,116,2,10,43.0,43,0,0,0,zero,
happo,base,0,117,0,9,5.0,0,5,16,16,zero,
happo,base,0,117,1,9,28.0,28,0,4,4,zero,
happo,base,0,117,2,9,58.0,58,0,0,0,zero,
happo,base,0,118,0,9,6.0,6,0,5,5,zero,
happo,base,0,118,1,9,37.0,37,0,16,16,zero,
happo,base,0,118,2,9,61.0,61,0,0,0,zero,
happo,base,0,119,0,10,4.0,4,0,16,16,zero,
happo,base,0,119,1,10,21.0,21,0,10,10,zero,
happo,base,0,119,2,10,52.0,52,0,0,0,zero,
happo,base,0,120,0,10,2.0,2,0,2,2,zero,
happo,base,0,120,1,10,19.0,19,0,16,16,zero,
happo,base,0,120,2,10,36.0,36,0,0,0,zero,
happo,base,0,121,0,10,8.0,8,0,8,8,zero,
happo,base,0,121,1,10,15.0,15,0,2,2,zero,
happo,base,0,121,2,10,34.0,34,0,19,19,zero,
happo,base,0,122,0,10,3.0,3,0,8,8,zero,
happo,base,0,122,1,10,23.0,23,0,3,3,zero,
happo,base,0,122,2,10,31.0,31,0,1,1,zero,
happo,base,0,123,0,10,9.0,9,0,8,8,zero,
happo,base,0,123,1,10,25.0,25,0,2,2,zero,
happo,base,0,123,2,10,29.0,29,0,0,0,zero,
happo,base,0,124,0,12,1.0,0,1,13,13,zero,
happo,base,0,124,1,12,28.0,28,0,10,10,zero,
happo,base,0,124,2,12,19.0,19,0,0,0,zero,
happo,base,0,125,0,12,5.0,0,5,13,13,zero,
happo,base,0,125,1,12,17.0,17,0,10,10,zero,
happo,base,0,125,2,12,28.0,28,0,0,0,zero,
happo,base,0,126,0,14,11.0,0,11,13,13,zero,
happo,base,0,126,1,14,7.0,7,0,16,16,zero,
happo,base,0,126,2,14,13.0,13,0,17,17,zero,
happo,base,0,127,0,13,16.0,0,16,13,13,zero,
happo,base,0,127,1,13,4.0,0,4,16,16,zero,
happo,base,0,127,2,13,3.0,0,3,20,20,zero,
happo,base,0,128,0,14,17.0,0,17,17,17,zero,
happo,base,0,128,1,14,11.0,0,11,16,16,zero,
happo,base,0,128,2,14,19.0,0,19,20,20,zero,
happo,base,0,129,0,13,17.0,0,17,17,17,zero,
happo,base,0,129,1,13,18.0,0,18,16,16,zero,
happo,base,0,129,2,13,35.0,0,35,20,20,zero,
happo,base,0,130,0,14,18.0,0,18,17,17,zero,
happo,base,0,130,1,14,19.0,0,19,16,16,zero,
happo,base,0,130,2,14,34.0,0,34,19,19,zero,
happo,base,0,131,0,14,23.0,0,23,17,17,zero,
happo,base,0,131,1,14,23.0,0,23,16,16,zero,
happo,base,0,131,2,14,30.0,0,30,19,19,zero,
happo,base,0,132,0,12,25.0,0,25,17,17,zero,
happo,base,0,132,1,12,40.0,0,40,16,16,zero,
happo,base,0,132,2,12,26.0,0,26,19,19,zero,
happo,base,0,133,0,12,27.0,0,27,17,17,zero,
happo,base,0,133,1,12,57.0,0,57,16,16,zero,
happo,base,0,133,2,12,22.0,0,22,19,19,zero,
happo,base,0,134,0,12,23.0,0,23,13,13,zero,
happo,base,0,134,1,12,53.0,0,53,12,12,zero,
happo,base,0,134,2,12,15.0,0,15,19,19,zero,
happo,base,0,135,0,14,24.0,0,24,13,13,zero,
happo,base,0,135,1,14,46.0,0,46,10,10,zero,
happo,base,0,135,2,14,6.0,0,6,16,16,zero,
happo,base,0,136,0,13,37.0,0,37,13,13,zero,
happo,base,0,136,1,13,39.0,0,39,19,19,zero,
happo,base,0,136,2,13,6.0,0,6,7,7,zero,
happo,base,0,137,0,14,51.0,0,51,17,17,zero,
happo,base,0,137,1,14,36.0,0,36,17,17,zero,
happo,base,0,137,2,14,4.0,0,4,20,20,zero,
happo,base,0,138,0,15,49.0,0,49,17,17,zero,
happo,base,0,138,1,15,34.0,0,34,17,17,zero,
happo,base,0,138,2,15,2.0,0,2,20,20,zero,
happo,base,0,139,0,18,47.0,0,47,17,17,zero,
happo,base,0,139,1,18,32.0,0,32,17,17,zero,
happo,base,0,139,2,18,3.0,0,3,20,20,zero,
happo,base,0,140,0,20,47.0,0,47,17,17,zero,
happo,base,0,140,1,20,30.0,0,30,17,17,zero,
happo,base,0,140,2,20,13.0,0,13,16,16,zero,
happo,base,0,141,0,20,47.0,0,47,17,17,zero,
happo,base,0,141,1,20,28.0,0,28,17,17,zero,
happo,base,0,141,2,20,10.0,0,10,20,20,zero,
happo,base,0,142,0,20,48.0,0,48,17,17,zero,
happo,base,0,142,1,20,26.0,0,26,17,17,zero,
happo,base,0,142,2,20,7.0,0,7,20,20,zero,
happo,base,0,143,0,20,49.0,0,49,17,17,zero,
happo,base,0,143,1,20,27.0,0,27,17,17,zero,
happo,base,0,143,2,20,4.0,0,4,20,20,zero,
happo,base,0,144,0,20,50.0,0,50,17,17,zero,
happo,base,0,144,1,20,37.0,0,37,17,17,zero,
happo,base,0,144,2,20,5.0,0,5,16,16,zero,
happo,base,0,145,0,20,51.0,0,51,17,17,zero,
happo,base,0,145,1,20,34.0,0,34,17,17,zero,
happo,base,0,145,2,20,2.0,0,2,20,20,zero,
happo,base,0,146,0,20,52.0,0,52,17,17,zero,
happo,base,0,146,1,20,31.0,0,31,17,17,zero,
happo,base,0,146,2,20,1.0,1,0,20,20,zero,
happo,base,0,147,0,19,55.0,0,55,17,17,zero,
happo,base,0,147,1,19,28.0,0,28,17,17,zero,
happo,base,0,147,2,19,4.0,4,0,20,20,zero,
happo,base,0,148,0,19,67.0,0,67,17,17,zero,
happo,base,0,148,1,19,29.0,0,29,17,17,zero,
happo,base,0,148,2,19,3.0,3,0,7,7,zero,
happo,base,0,149,0,18,65.0,0,65,17,17,zero,
happo,base,0,149,1,18,26.0,0,26,17,17,zero,
happo,base,0,149,2,18,6.0,6,0,20,20,zero,
happo,base,0,150,0,20,65.0,0,65,17,17,zero,
happo,base,0,150,1,20,24.0,0,24,17,17,zero,
happo,base,0,150,2,20,9.0,9,0,20,20,zero,
happo,base,0,151,0,20,65.0,0,65,17,17,zero,
happo,base,0,151,1,20,24.0,0,24,17,17,zero,
happo,base,0,151,2,20,12.0,12,0,20,20,zero,
happo,base,0,152,0,20,69.0,0,69,17,17,zero,
happo,base,0,152,1,20,24.0,0,24,17,17,zero,
happo,base,0,152,2,20,2.0,2,0,7,7,zero,
happo,base,0,153,0,20,69.0,0,69,17,17,zero,
happo,base,0,153,1,20,24.0,0,24,17,17,zero,
happo,base,0,153,2,20,5.0,5,0,20,20,zero,
happo,base,0,154,0,20,70.0,0,70,17,17,zero,
happo,base,0,154,1,20,24.0,0,24,17,17,zero,
happo,base,0,154,2,20,8.0,8,0,20,20,zero,
happo,base,0,155,0,20,73.0,0,73,17,17,zero,
happo,base,0,155,1,20,24.0,0,24,17,17,zero,
happo,base,0,155,2,20,11.0,11,0,20,20,zero,
happo,base,0,156,0,20,76.0,0,76,17,17,zero,
happo,base,0,156,1,20,24.0,0,24,17,17,zero,
happo,base,0,156,2,20,1.0,1,0,7,7,zero,
happo,base,0,157,0,20,79.0,0,79,17,17,zero,
happo,base,0,157,1,20,24.0,0,24,17,17,zero,
happo,base,0,157,2,20,4.0,4,0,20,20,zero,
happo,base,0,158,0,20,82.0,0,82,17,17,zero,
happo,base,0,158,1,20,24.0,0,24,17,17,zero,
happo,base,0,158,2,20,7.0,7,0,20,20,zero,
happo,base,0,159,0,20,85.0,0,85,17,17,zero,
happo,base,0,159,1,20,24.0,0,24,17,17,zero,
happo,base,0,159,2,20,10.0,10,0,20,20,zero,
happo,base,0,160,0,20,88.0,0,88,17,17,zero,
happo,base,0,160,1,20,24.0,0,24,17,17,zero,
happo,base,0,160,2,20,-0.0,0,0,7,7,zero,
happo,base,0,161,0,20,91.0,0,91,17,17,zero,
happo,base,0,161,1,20,24.0,0,24,17,17,zero,
happo,base,0,161,2,20,3.0,3,0,20,20,zero,
happo,base,0,162,0,19,93.0,0,93,17,17,zero,
happo,base,0,162,1,19,24.0,0,24,17,17,zero,
happo,base,0,162,2,19,6.0,6,0,20,20,zero,
happo,base,0,163,0,18,94.0,0,94,17,17,zero,
happo,base,0,163,1,18,24.0,0,24,17,17,zero,
happo,base,0,163,2,18,9.0,9,0,20,20,zero,
happo,base,0,164,0,19,96.0,0,96,17,17,zero,
happo,base,0,164,1,19,24.0,0,24,17,17,zero,
happo,base,0,164,2,19,1.0,0,1,7,7,zero,
happo,base,0,165,0,20,99.0,0,99,17,17,zero,
happo,base,0,165,1,20,24.0,0,24,17,17,zero,
happo,base,0,165,2,20,2.0,2,0,20,20,zero,
happo,base,0,166,0,19,101.0,0,101,17,17,zero,
happo,base,0,166,1,19,24.0,0,24,17,17,zero,
happo,base,0,166,2,19,5.0,5,0,20,20,zero,
happo,base,0,167,0,19,103.0,0,103,17,17,zero,
happo,base,0,167,1,19,24.0,0,24,17,17,zero,
happo,base,0,167,2,19,8.0,8,0,20,20,zero,
happo,base,0,168,0,20,106.0,0,106,17,17,zero,
happo,base,0,168,1,20,25.0,0,25,17,17,zero,
happo,base,0,168,2,20,2.0,0,2,7,7,zero,
happo,base,0,169,0,20,109.0,0,109,17,17,zero,
happo,base,0,169,1,20,24.0,0,24,17,17,zero,
happo,base,0,169,2,20,1.0,1,0,20,20,zero,
happo,base,0,170,0,20,112.0,0,112,17,17,zero,
happo,base,0,170,1,20,24.0,0,24,17,17,zero,
happo,base,0,170,2,20,4.0,4,0,20,20,zero,
happo,base,0,171,0,20,115.0,0,115,17,17,zero,
happo,base,0,171,1,20,24.0,0,24,17,17,zero,
happo,base,0,171,2,20,7.0,7,0,20,20,zero,
happo,base,0,172,0,20,119.0,0,119,17,17,zero,
happo,base,0,172,1,20,26.0,0,26,17,17,zero,
happo,base,0,172,2,20,3.0,0,3,7,7,zero,
happo,base,0,173,0,20,121.0,0,121,17,17,zero,
happo,base,0,173,1,20,24.0,0,24,17,17,zero,
happo,base,0,173,2,20,-0.0,0,0,20,20,zero,
happo,base,0,174,0,20,124.0,0,124,17,17,zero,
happo,base,0,174,1,20,24.0,0,24,17,17,zero,
happo,base,0,174,2,20,3.0,3,0,20,20,zero,
happo,base,0,175,0,20,127.0,0,127,17,17,zero,
happo,base,0,175,1,20,24.0,0,24,17,17,zero,
happo,base,0,175,2,20,6.0,6,0,20,20,zero,
happo,base,0,176,0,20,132.0,0,132,17,17,zero,
happo,base,0,176,1,20,27.0,0,27,17,17,zero,
happo,base,0,176,2,20,4.0,0,4,7,7,zero,
happo,base,0,177,0,20,133.0,0,133,17,17,zero,
happo,base,0,177,1,20,24.0,0,24,17,17,zero,
happo,base,0,177,2,20,1.0,0,1,20,20,zero,
happo,base,0,178,0,20,136.0,0,136,17,17,zero,
happo,base,0,178,1,20,24.0,0,24,17,17,zero,
happo,base,0,178,2,20,2.0,2,0,20,20,zero,
happo,base,0,179,0,20,139.0,0,139,17,17,zero,
happo,base,0,179,1,20,24.0,0,24,17,17,zero,
happo,base,0,179,2,20,5.0,5,0,20,20,zero,
happo,base,0,180,0,20,145.0,0,145,17,17,zero,
happo,base,0,180,1,20,28.0,0,28,17,17,zero,
happo,base,0,180,2,20,5.0,0,5,7,7,zero,
happo,base,0,181,0,20,145.0,0,145,17,17,zero,
happo,base,0,181,1,20,25.0,0,25,17,17,zero,
happo,base,0,181,2,20,2.0,0,2,20,20,zero,
happo,base,0,182,0,20,148.0,0,148,17,17,zero,
happo,base,0,182,1,20,24.0,0,24,17,17,zero,
happo,base,0,182,2,20,1.0,1,0,20,20,zero,
happo,base,0,183,0,17,148.0,0,148,17,17,zero,
happo,base,0,183,1,17,24.0,0,24,17,17,zero,
happo,base,0,183,2,17,4.0,4,0,20,20,zero,
happo,base,0,184,0,16,151.0,0,151,17,17,zero,
happo,base,0,184,1,16,29.0,0,29,17,17,zero,
happo,base,0,184,2,16,6.0,0,6,16,16,zero,
happo,base,0,185,0,16,147.0,0,147,17,17,zero,
happo,base,0,185,1,16,26.0,0,26,17,17,zero,
happo,base,0,185,2,16,3.0,0,3,20,20,zero,
happo,base,0,186,0,17,146.0,0,146,17,17,zero,
happo,base,0,186,1,17,24.0,0,24,17,17,zero,
happo,base,0,186,2,17,-0.0,0,0,20,20,zero,
happo,base,0,187,0,18,147.0,0,147,17,17,zero,
happo,base,0,187,1,18,24.0,0,24,17,17,zero,
happo,base,0,187,2,18,3.0,3,0,20,20,zero,
happo,base,0,188,0,20,155.0,0,155,17,17,zero,
happo,base,0,188,1,20,30.0,0,30,17,17,zero,
happo,base,0,188,2,20,2.0,2,0,7,7,zero,
happo,base,0,189,0,17,152.0,0,152,17,17,zero,
happo,base,0,189,1,17,27.0,0,27,17,17,zero,
happo,base,0,189,2,17,5.0,5,0,20,20,zero,
happo,base,0,190,0,17,150.0,0,150,17,17,zero,
happo,base,0,190,1,17,24.0,0,24,17,17,zero,
happo,base,0,190,2,17,8.0,8,0,20,20,zero,
happo,base,0,191,0,16,149.0,0,149,17,17,zero,
happo,base,0,191,1,16,24.0,0,24,17,17,zero,
happo,base,0,191,2,16,11.0,11,0,20,20,zero,
happo,base,0,192,0,17,155.0,0,155,17,17,zero,
happo,base,0,192,1,17,24.0,0,24,17,17,zero,
happo,base,0,192,2,17,1.0,1,0,7,7,zero,
happo,base,0,193,0,17,152.0,0,152,17,17,zero,
happo,base,0,193,1,17,24.0,0,24,17,17,zero,
happo,base,0,193,2,17,4.0,4,0,20,20,zero,
happo,base,0,194,0,20,152.0,0,152,17,17,zero,
happo,base,0,194,1,20,24.0,0,24,17,17,zero,
happo,base,0,194,2,20,7.0,7,0,20,20,zero,
happo,base,0,195,0,20,155.0,0,155,17,17,zero,
happo,base,0,195,1,20,24.0,0,24,17,17,zero,
happo,base,0,195,2,20,10.0,10,0,20,20,zero,
happo,base,0,196,0,20,158.0,0,158,17,17,zero,
happo,base,0,196,1,20,24.0,0,24,17,17,zero,
happo,base,0,196,2,20,-0.0,0,0,7,7,zero,
happo,base,0,197,0,20,161.0,0,161,17,17,zero,
happo,base,0,197,1,20,24.0,0,24,17,17,zero,
happo,base,0,197,2,20,3.0,3,0,20,20,zero,
happo,base,0,198,0,20,164.0,0,164,17,17,zero,
happo,base,0,198,1,20,24.0,0,24,17,17,zero,
happo,base,0,198,2,20,6.0,6,0,20,20,zero,
happo,base,0,199,0,20,167.0,0,167,17,17,zero,
happo,base,0,199,1,20,24.0,0,24,17,17,zero,
happo,base,0,199,2,20,9.0,9,0,20,20,zero,
happo,base,0,200,0,20,170.0,0,170,17,17,zero,
happo,base,0,200,1,20,24.0,0,24,17,17,zero,
happo,base,0,200,2,20,1.0,0,1,7,7,zero,
happo,base,1,1,0,10,10.0,10,0,17,17,zero,
happo,base,1,1,1,10,3.0,3,0,2,2,zero,
happo,base,1,1,2,10,18.0,18,0,0,0,zero,
happo,base,1,2,0,12,8.0,8,0,2,2,zero,
happo,base,1,2,1,12,11.0,11,0,16,16,zero,
happo,base,1,2,2,12,12.0,12,0,0,0,zero,
happo,base,1,3,0,12,6.0,6,0,17,17,zero,
happo,base,1,3,1,12,4.0,4,0,2,2,zero,
happo,base,1,3,2,12,20.0,20,0,20,20,zero,
happo,base,1,4,0,12,4.0,4,0,2,2,zero,
happo,base,1,4,1,12,12.0,12,0,10,10,zero,
happo,base,1,4,2,12,20.0,20,0,1,1,zero,
happo,base,1,5,0,10,11.0,11,0,16,16,zero,
happo,base,1,5,1,10,2.0,0,2,10,10,zero,
happo,base,1,5,2,10,10.0,10,0,7,7,zero,
happo,base,1,6,0,10,3.0,3,0,2,2,zero,
happo,base,1,6,1,10,12.0,12,0,10,10,zero,
happo,base,1,6,2,10,-0.0,0,0,7,7,zero,
happo,base,1,7,0,11,9.0,9,0,8,8,zero,
happo,base,1,7,1,11,6.0,6,0,3,3,zero,
happo,base,1,7,2,11,17.0,17,0,20,20,zero,
happo,base,1,8,0,11,-0.0,0,0,8,8,zero,
happo,base,1,8,1,11,8.0,8,0,10,10,zero,
happo,base,1,8,2,11,8.0,8,0,1,1,zero,
happo,base,1,9,0,10,4.0,4,0,8,8,zero,
happo,base,1,9,1,10,10.0,10,0,10,10,zero,
happo,base,1,9,2,10,5.0,5,0,0,0,zero,
happo,base,1,10,0,9,1.0,0,1,13,13,zero,
happo,base,1,10,1,9,7.0,7,0,10,10,zero,
happo,base,1,10,2,9,2.0,2,0,20,20,zero,
happo,base,1,11,0,9,2.0,0,2,13,13,zero,
happo,base,1,11,1,9,3.0,0,3,16,16,zero,
happo,base,1,11,2,9,6.0,6,0,20,20,zero,
happo,base,1,12,0,12,6.0,0,6,13,13,zero,
happo,base,1,12,1,12,6.0,0,6,16,16,zero,
happo,base,1,12,2,12,9.0,0,9,20,20,zero,
happo,base,1,13,0,11,9.0,0,9,13,13,zero,
happo,base,1,13,1,11,9.0,0,9,16,16,zero,
happo,base,1,13,2,11,25.0,0,25,20,20,zero,
happo,base,1,14,0,11,7.0,0,7,17,17,zero,
happo,base,1,14,1,11,16.0,0,16,16,16,zero,
happo,base,1,14,2,11,21.0,0,21,20,20,zero,
happo,base,1,15,0,11,8.0,0,8,17,17,zero,
happo,base,1,15,1,11,17.0,0,17,16,16,zero,
happo,base,1,15,2,11,17.0,0,17,20,20,zero,
happo,base,1,16,0,11,9.0,0,9,13,13,zero,
happo,base,1,16,1,11,23.0,0,23,16,16,zero,
happo,base,1,16,2,11,13.0,0,13,20,20,zero,
happo,base,1,17,0,11,10.0,0,10,17,17,zero,
happo,base,1,17,1,11,40.0,0,40,16,16,zero,
happo,base,1,17,2,11,9.0,0,9,20,20,zero,
happo,base,1,18,0,12,12.0,0,12,13,13,zero,
happo,base,1,18,1,12,33.0,0,33,16,16,zero,
happo,base,1,18,2,12,5.0,0,5,20,20,zero,
happo,base,1,19,0,12,8.0,0,8,8,8,zero,
happo,base,1,19,1,12,21.0,0,21,17,17,zero,
happo,base,1,19,2,12,2.0,0,2,16,16,zero,
happo,base,1,20,0,11,12.0,0,12,8,8,zero,
happo,base,1,20,1,11,9.0,0,9,4,4,zero,
happo,base,1,20,2,11,14.0,14,0,20,20,zero,
happo,base,1,21,0,12,24.0,0,24,2,2,zero,
happo,base,1,21,1,12,9.0,9,0,4,4,zero,
happo,base,1,21,2,12,30.0,30,0,0,0,zero,
happo,base,1,22,0,13,17.0,0,17,17,17,zero,
happo,base,1,22,1,13,12.0,12,0,4,4,zero,
happo,base,1,22,2,13,46.0,46,0,0,0,zero,
happo,base,1,23,0,12,9.0,0,9,17,17,zero,
happo,base,1,23,1,12,15.0,15,0,17,17,zero,
happo,base,1,23,2,12,45.0,45,0,0,0,zero,
happo,base,1,24,0,12,1.0,0,1,17,17,zero,
happo,base,1,24,1,12,4.0,4,0,17,17,zero,
happo,base,1,24,2,12,48.0,48,0,7,7,zero,
happo,base,1,25,0,11,1.0,0,1,2,2,zero,
happo,base,1,25,1,11,6.0,6,0,17,17,zero,
happo,base,1,25,2,11,31.0,31,0,20,20,zero,
happo,base,1,26,0,10,6.0,6,0,16,16,zero,
happo,base,1,26,1,10,6.0,0,6,6,6,zero,
happo,base,1,26,2,10,25.0,25,0,20,20,zero,
happo,base,1,27,0,10,13.0,13,0,8,8,zero,
happo,base,1,27,1,10,3.0,3,0,16,16,zero,
happo,base,1,27,2,10,9.0,9,0,7,7,zero,
happo,base,1,28,0,9,21.0,21,0,2,2,zero,
happo,base,1,28,1,9,18.0,18,0,6,6,zero,
happo,base,1,28,2,9,10.0,10,0,7,7,zero,
happo,base,1,29,0,10,13.0,13,0,16,16,zero,
happo,base,1,29,1,10,19.0,19,0,0,0,zero,
happo,base,1,29,2,10,30.0,30,0,0,0,zero,
happo,base,1,30,0,9,14.0,14,0,2,2,zero,
happo,base,1,30,1,9,23.0,23,0,16,16,zero,
happo,base,1,30,2,9,34.0,34,0,0,0,zero,
happo,base,1,31,0,10,18.0,18,0,16,16,zero,
happo,base,1,31,1,10,23.0,23,0,2,2,zero,
happo,base,1,31,2,10,39.0,39,0,16,16,zero,
happo,base,1,32,0,10,10.0,10,0,2,2,zero,
happo,base,1,32,1,10,27.0,27,0,10,10,zero,
happo,base,1,32,2,10,36.0,36,0,0,0,zero,
happo,base,1,33,0,9,17.0,17,0,8,8,zero,
happo,base,1,33,1,9,19.0,19,0,10,10,zero,
happo,base,1,33,2,9,26.0,26,0,0,0,zero,
happo,base,1,34,0,9,10.0,10,0,5,5,zero,
happo,base,1,34,1,9,30.0,30,0,3,3,zero,
happo,base,1,34,2,9,23.0,23,0,7,7,zero,
happo,base,1,35,0,9,17.0,17,0,8,8,zero,
happo,base,1,35,1,9,24.0,24,0,3,3,zero,
happo,base,1,35,2,9,36.0,36,0,0,0,zero,
happo,base,1,36,0,8,11.0,11,0,8,8,zero,
happo,base,1,36,1,8,26.0,26,0,2,2,zero,
happo,base,1,36,2,8,34.0,34,0,0,0,zero,
happo,base,1,37,0,8,11.0,11,0,13,13,zero,
happo,base,1,37,1,8,23.0,23,0,10,10,zero,
happo,base,1,37,2,8,24.0,24,0,0,0,zero,
happo,base,1,38,0,8,8.0,8,0,2,2,zero,
happo,base,1,38,1,8,24.0,24,0,10,10,zero,
happo,base,1,38,2,8,21.0,21,0,17,17,zero,
happo,base,1,39,0,8,8.0,8,0,16,16,zero,
happo,base,1,39,1,8,11.0,11,0,2,2,zero,
happo,base,1,39,2,8,19.0,19,0,19,19,zero,
happo,base,1,40,0,7,9.0,9,0,2,2,zero,
happo,base,1,40,1,7,11.0,11,0,16,16,zero,
happo,base,1,40,2,7,3.0,3,0,0,0,zero,
happo,base,1,41,0,8,14.0,14,0,1,1,zero,
happo,base,1,41,1,8,20.0,20,0,2,2,zero,
happo,base,1,41,2,8,1.0,1,0,0,0,zero,
happo,base,1,42,0,7,9.0,9,0,8,8,zero,
happo,base,1,42,1,7,22.0,22,0,0,0,zero,
happo,base,1,42,2,7,18.0,18,0,0,0,zero,
happo,base,1,43,0,7,18.0,18,0,8,8,zero,
happo,base,1,43,1,7,16.0,16,0,2,2,zero,
happo,base,1,43,2,7,35.0,35,0,0,0,zero,
happo,base,1,44,0,7,13.0,13,0,8,8,zero,
happo,base,1,44,1,7,24.0,24,0,10,10,zero,
happo,base,1,44,2,7,25.0,25,0,0,0,zero,
happo,base,1,45,0,7,7.0,7,0,8,8,zero,
happo,base,1,45,1,7,18.0,18,0,10,10,zero,
happo,base,1,45,2,7,15.0,15,0,1,1,zero,
happo,base,1,46,0,8,7.0,7,0,5,5,zero,
happo,base,1,46,1,8,13.0,13,0,10,10,zero,
happo,base,1,46,2,8,5.0,5,0,19,19,zero,
happo,base,1,47,0,8,7.0,7,0,17,17,zero,
happo,base,1,47,1,8,2.0,0,2,3,3,zero,
happo,base,1,47,2,8,2.0,2,0,19,19,zero,
happo,base,1,48,0,7,8.0,8,0,2,2,zero,
happo,base,1,48,1,7,6.0,6,0,16,16,zero,
happo,base,1,48,2,7,14.0,0,14,1,1,zero,
happo,base,1,49,0,8,8.0,8,0,1,1,zero,
happo,base,1,49,1,8,15.0,15,0,16,16,zero,
happo,base,1,49,2,8,29.0,0,29,16,16,zero,
happo,base,1,50,0,7,6.0,6,0,8,8,zero,
happo,base,1,50,1,7,17.0,17,0,3,3,zero,
happo,base,1,50,2,7,13.0,0,13,19,19,zero,
happo,base,1,51,0,8,13.0,13,0,8,8,zero,
happo,base,1,51,1,8,12.0,12,0,3,3,zero,
happo,base,1,51,2,8,3.0,3,0,1,1,zero,
happo,base,1,52,0,7,10.0,10,0,13,13,zero,
happo,base,1,52,1,7,1.0,1,0,0,0,zero,
happo,base,1,52,2,7,4.0,4,0,0,0,zero,
happo,base,1,53,0,7,4.0,4,0,5,5,zero,
happo,base,1,53,1,7,3.0,0,3,10,10,zero,
happo,base,1,53,2,7,10.0,10,0,0,0,zero,
happo,base,1,54,0,7,5.0,5,0,8,8,zero,
happo,base,1,54,1,7,8.0,8,0,16,16,zero,
happo,base,1,54,2,7,13.0,13,0,0,0,zero,
happo,base,1,55,0,6,7.0,7,0,2,2,zero,
happo,base,1,55,1,6,22.0,22,0,10,10,zero,
happo,base,1,55,2,6,4.0,4,0,19,19,zero,
happo,base,1,56,0,6,14.0,14,0,8,8,zero,
happo,base,1,56,1,6,14.0,14,0,0,0,zero,
happo,base,1,56,2,6,4.0,4,0,19,19,zero,
happo,base,1,57,0,5,11.0,11,0,1,1,zero,
happo,base,1,57,1,5,23.0,23,0,0,0,zero,
happo,base,1,57,2,5,4.0,4,0,1,1,zero,
happo,base,1,58,0,5,17.0,17,0,8,8,zero,
happo,base,1,58,1,5,31.0,31,0,0,0,zero,
happo,base,1,58,2,5,4.0,4,0,0,0,zero,
happo,base,1,59,0,4,15.0,15,0,1,1,zero,
happo,base,1,59,1,4,40.0,40,0,0,0,zero,
happo,base,1,59,2,4,23.0,23,0,0,0,zero,
happo,base,1,60,0,4,19.0,19,0,1,1,zero,
happo,base,1,60,1,4,39.0,39,0,0,0,zero,
happo,base,1,60,2,4,42.0,42,0,0,0,zero,
happo,base,1,61,0,4,16.0,16,0,1,1,zero,
happo,base,1,61,1,4,38.0,38,0,0,0,zero,
happo,base,1,61,2,4,43.0,43,0,0,0,zero,
happo,base,1,62,0,5,19.0,19,0,5,5,zero,
happo,base,1,62,1,5,33.0,33,0,0,0,zero,
happo,base,1,62,2,5,43.0,43,0,0,0,zero,
happo,base,1,63,0,5,15.0,15,0,5,5,zero,
happo,base,1,63,1,5,28.0,28,0,0,0,zero,
happo,base,1,63,2,5,43.0,43,0,0,0,zero,
happo,base,1,64,0,4,12.0,12,0,8,8,zero,
happo,base,1,64,1,4,20.0,20,0,0,0,zero,
happo,base,1,64,2,4,43.0,43,0,0,0,zero,
happo,base,1,65,0,4,9.0,9,0,1,1,zero,
happo,base,1,65,1,4,19.0,19,0,4,4,zero,
happo,base,1,65,2,4,39.0,39,0,0,0,zero,
happo,base,1,66,0,4,10.0,10,0,1,1,zero,
happo,base,1,66,1,4,18.0,18,0,2,2,zero,
happo,base,1,66,2,4,37.0,37,0,0,0,zero,
happo,base,1,67,0,4,11.0,11,0,8,8,zero,
happo,base,1,67,1,4,10.0,10,0,0,0,zero,
happo,base,1,67,2,4,37.0,37,0,0,0,zero,
happo,base,1,68,0,4,15.0,15,0,1,1,zero,
happo,base,1,68,1,4,9.0,9,0,10,10,zero,
happo,base,1,68,2,4,27.0,27,0,0,0,zero,
happo,base,1,69,0,4,12.0,12,0,8,8,zero,
happo,base,1,69,1,4,5.0,5,0,2,2,zero,
happo,base,1,69,2,4,25.0,25,0,1,1,zero,
happo,base,1,70,0,4,9.0,9,0,1,1,zero,
happo,base,1,70,1,4,6.0,6,0,2,2,zero,
happo,base,1,70,2,4,23.0,23,0,0,0,zero,
happo,base,1,71,0,3,14.0,14,0,1,1,zero,
happo,base,1,71,1,3,5.0,5,0,0,0,zero,
happo,base,1,71,2,3,23.0,23,0,0,0,zero,
happo,base,1,72,0,3,12.0,12,0,1,1,zero,
happo,base,1,72,1,3,14.0,14,0,0,0,zero,
happo,base,1,72,2,3,23.0,23,0,0,0,zero,
happo,base,1,73,0,3,17.0,17,0,1,1,zero,
happo,base,1,73,1,3,15.0,15,0,0,0,zero,
happo,base,1,73,2,3,24.0,24,0,0,0,zero,
happo,base,1,74,0,3,15.0,15,0,1,1,zero,
happo,base,1,74,1,3,16.0,16,0,0,0,zero,
happo,base,1,74,2,3,24.0,24,0,0,0,zero,
happo,base,1,75,0,3,13.0,13,0,1,1,zero,
happo,base,1,75,1,3,15.0,15,0,0,0,zero,
happo,base,1,75,2,3,24.0,24,0,0,0,zero,
happo,base,1,76,0,2,12.0,12,0,8,8,zero,
happo,base,1,76,1,2,7.0,7,0,0,0,zero,
happo,base,1,76,2,2,24.0,24,0,0,0,zero,
happo,base,1,77,0,3,10.0,10,0,1,1,zero,
happo,base,1,77,1,3,6.0,6,0,4,4,zero,
happo,base,1,77,2,3,20.0,20,0,0,0,zero,
happo,base,1,78,0,3,8.0,8,0,1,1,zero,
happo,base,1,78,1,3,5.0,5,0,2,2,zero,
happo,base,1,78,2,3,18.0,18,0,0,0,zero,
happo,base,1,79,0,3,6.0,6,0,1,1,zero,
happo,base,1,79,1,3,4.0,4,0,3,3,zero,
happo,base,1,79,2,3,15.0,15,0,0,0,zero,
happo,base,1,80,0,3,11.0,11,0,8,8,zero,
happo,base,1,80,1,3,4.0,0,4,0,0,zero,
happo,base,1,80,2,3,15.0,15,0,0,0,zero,
happo,base,1,81,0,3,9.0,9,0,5,5,zero,
happo,base,1,81,1,3,5.0,0,5,16,16,zero,
happo,base,1,81,2,3,1.0,0,1,0,0,zero,
happo,base,1,82,0,2,8.0,8,0,1,1,zero,
happo,base,1,82,1,2,4.0,0,4,2,2,zero,
happo,base,1,82,2,2,3.0,0,3,17,17,zero,
happo,base,1,83,0,3,6.0,6,0,1,1,zero,
happo,base,1,83,1,3,2.0,0,2,3,3,zero,
happo,base,1,83,2,3,6.0,0,6,1,1,zero,
happo,base,1,84,0,3,7.0,7,0,1,1,zero,
happo,base,1,84,1,3,3.0,0,3,0,0,zero,
happo,base,1,84,2,3,6.0,0,6,1,1,zero,
happo,base,1,85,0,2,9.0,9,0,8,8,zero,
happo,base,1,85,1,2,4.0,4,0,0,0,zero,
happo,base,1,85,2,2,6.0,0,6,0,0,zero,
happo,base,1,86,0,2,9.0,9,0,1,1,zero,
happo,base,1,86,1,2,3.0,3,0,12,12,zero,
happo,base,1,86,2,2,1.0,0,1,0,0,zero,
happo,base,1,87,0,2,10.0,10,0,1,1,zero,
happo,base,1,87,1,2,2.0,2,0,3,3,zero,
happo,base,1,87,2,2,3.0,0,3,19,19,zero,
happo,base,1,88,0,1,9.0,9,0,1,1,zero,
happo,base,1,88,1,1,1.0,1,0,3,3,zero,
happo,base,1,88,2,1,5.0,0,5,19,19,zero,
happo,base,1,89,0,1,19.0,19,0,1,1,zero,
happo,base,1,89,1,1,-0.0,0,0,0,0,zero,
happo,base,1,89,2,1,5.0,0,5,0,0,zero,
happo,base,1,90,0,1,19.0,19,0,1,1,zero,
happo,base,1,90,1,1,16.0,16,0,0,0,zero,
happo,base,1,90,2,1,5.0,0,5,0,0,zero,
happo,base,1,91,0,1,19.0,19,0,1,1,zero,
happo,base,1,91,1,1,16.0,16,0,0,0,zero,
happo,base,1,91,2,1,14.0,14,0,0,0,zero,
happo,base,1,92,0,1,19.0,19,0,1,1,zero,
happo,base,1,92,1,1,16.0,16,0,0,0,zero,
happo,base,1,92,2,1,33.0,33,0,0,0,zero,
happo,base,1,93,0,2,18.0,18,0,1,1,zero,
happo,base,1,93,1,2,15.0,15,0,0,0,zero,
happo,base,1,93,2,2,33.0,33,0,0,0,zero,
happo,base,1,94,0,1,18.0,18,0,1,1,zero,
happo,base,1,94,1,1,14.0,14,0,0,0,zero,
happo,base,1,94,2,1,33.0,33,0,0,0,zero,
happo,base,1,95,0,2,17.0,17,0,1,1,zero,
happo,base,1,95,1,2,18.0,18,0,0,0,zero,
happo,base,1,95,2,2,33.0,33,0,0,0,zero,
happo,base,1,96,0,1,17.0,17,0,1,1,zero,
happo,base,1,96,1,1,17.0,17,0,0,0,zero,
happo,base,1,96,2,1,33.0,33,0,0,0,zero,
happo,base,1,97,0,1,17.0,17,0,1,1,zero,
happo,base,1,97,1,1,16.0,16,0,0,0,zero,
happo,base,1,97,2,1,33.0,33,0,0,0,zero,
happo,base,1,98,0,1,17.0,17,0,1,1,zero,
happo,base,1,98,1,1,15.0,15,0,0,0,zero,
happo,base,1,98,2,1,33.0,33,0,0,0,zero,
happo,base,1,99,0,1,17.0,17,0,1,1,zero,
happo,base,1,99,1,1,14.0,14,0,0,0,zero,
happo,base,1,99,2,1,33.0,33,0,0,0,zero,
happo,base,1,100,0,1,17.0,17,0,1,1,zero,
happo,base,1,100,1,1,13.0,13,0,0,0,zero,
happo,base,1,100,2,1,33.0,33,0,0,0,zero,
happo,base,1,101,0,1,17.0,17,0,1,1,zero,
happo,base,1,101,1,1,12.0,12,0,0,0,zero,
happo,base,1,101,2,1,33.0,33,0,0,0,zero,
happo,base,1,102,0,2,16.0,16,0,1,1,zero,
happo,base,1,102,1,2,11.0,11,0,0,0,zero,
happo,base,1,102,2,2,33.0,33,0,0,0,zero,
happo,base,1,103,0,2,15.0,15,0,1,1,zero,
happo,base,1,103,1,2,10.0,10,0,0,0,zero,
happo,base,1,103,2,2,33.0,33,0,0,0,zero,
happo,base,1,104,0,2,14.0,14,0,1,1,zero,
happo,base,1,104,1,2,9.0,9,0,0,0,zero,
happo,base,1,104,2,2,33.0,33,0,0,0,zero,
happo,base,1,105,0,1,14.0,14,0,1,1,zero,
happo,base,1,105,1,1,8.0,8,0,0,0,zero,
happo,base,1,105,2,1,33.0,33,0,0,0,zero,
happo,base,1,106,0,2,13.0,13,0,1,1,zero,
happo,base,1,106,1,2,7.0,7,0,0,0,zero,
happo,base,1,106,2,2,33.0,33,0,0,0,zero,
happo,base,1,107,0,1,13.0,13,0,1,1,zero,
happo,base,1,107,1,1,6.0,6,0,0,0,zero,
happo,base,1,107,2,1,33.0,33,0,0,0,zero,
happo,base,1,108,0,1,13.0,13,0,1,1,zero,
happo,base,1,108,1,1,5.0,5,0,0,0,zero,
happo,base,1,108,2,1,33.0,33,0,0,0,zero,
happo,base,1,109,0,1,13.0,13,0,1,1,zero,
happo,base,1,109,1,1,4.0,4,0,2,2,zero,
happo,base,1,109,2,1,31.0,31,0,0,0,zero,
happo,base,1,110,0,1,13.0,13,0,1,1,zero,
happo,base,1,110,1,1,3.0,3,0,2,2,zero,
happo,base,1,110,2,1,29.0,29,0,0,0,zero,
happo,base,1,111,0,1,13.0,13,0,1,1,zero,
happo,base,1,111,1,1,2.0,2,0,0,0,zero,
happo,base,1,111,2,1,29.0,29,0,0,0,zero,
happo,base,1,112,0,1,13.0,13,0,1,1,zero,
happo,base,1,112,1,1,1.0,1,0,0,0,zero,
happo,base,1,112,2,1,29.0,29,0,0,0,zero,
happo,base,1,113,0,1,13.0,13,0,1,1,zero,
happo,base,1,113,1,1,2.0,2,0,0,0,zero,
happo,base,1,113,2,1,29.0,29,0,0,0,zero,
happo,base,1,114,0,1,13.0,13,0,1,1,zero,
happo,base,1,114,1,1,3.0,3,0,2,2,zero,
happo,base,1,114,2,1,27.0,27,0,0,0,zero,
happo,base,1,115,0,2,12.0,12,0,1,1,zero,
happo,base,1,115,1,2,2.0,2,0,0,0,zero,
happo,base,1,115,2,2,27.0,27,0,0,0,zero,
happo,base,1,116,0,1,12.0,12,0,1,1,zero,
happo,base,1,116,1,1,1.0,1,0,10,10,zero,
happo,base,1,116,2,1,17.0,17,0,0,0,zero,
happo,base,1,117,0,1,12.0,12,0,1,1,zero,
happo,base,1,117,1,1,-0.0,0,0,0,0,zero,
happo,base,1,117,2,1,17.0,17,0,1,1,zero,
happo,base,1,118,0,1,12.0,12,0,1,1,zero,
happo,base,1,118,1,1,1.0,1,0,0,0,zero,
happo,base,1,118,2,1,17.0,17,0,0,0,zero,
happo,base,1,119,0,1,12.0,12,0,1,1,zero,
happo,base,1,119,1,1,-0.0,0,0,0,0,zero,
happo,base,1,119,2,1,17.0,17,0,0,0,zero,
happo,base,1,120,0,1,12.0,12,0,1,1,zero,
happo,base,1,120,1,1,9.0,9,0,0,0,zero,
happo,base,1,120,2,1,17.0,17,0,0,0,zero,
happo,base,1,121,0,2,11.0,11,0,1,1,zero,
happo,base,1,121,1,2,8.0,8,0,0,0,zero,
happo,base,1,121,2,2,18.0,18,0,0,0,zero,
happo,base,1,122,0,2,10.0,10,0,1,1,zero,
happo,base,1,122,1,2,7.0,7,0,0,0,zero,
happo,base,1,122,2,2,18.0,18,0,0,0,zero,
happo,base,1,123,0,2,9.0,9,0,1,1,zero,
happo,base,1,123,1,2,6.0,6,0,0,0,zero,
happo,base,1,123,2,2,18.0,18,0,0,0,zero,
happo,base,1,124,0,2,8.0,8,0,1,1,zero,
happo,base,1,124,1,2,5.0,5,0,0,0,zero,
happo,base,1,124,2,2,18.0,18,0,0,0,zero,
happo,base,1,125,0,1,8.0,8,0,1,1,zero,
happo,base,1,125,1,1,4.0,4,0,10,10,zero,
happo,base,1,125,2,1,8.0,8,0,0,0,zero,
happo,base,1,126,0,1,8.0,8,0,1,1,zero,
happo,base,1,126,1,1,3.0,3,0,0,0,zero,
happo,base,1,126,2,1,8.0,8,0,4,4,zero,
happo,base,1,127,0,1,8.0,8,0,1,1,zero,
happo,base,1,127,1,1,2.0,2,0,0,0,zero,
happo,base,1,127,2,1,8.0,8,0,1,1,zero,
happo,base,1,128,0,1,8.0,8,0,1,1,zero,
happo,base,1,128,1,1,1.0,1,0,0,0,zero,
happo,base,1,128,2,1,8.0,8,0,0,0,zero,
happo,base,1,129,0,1,8.0,8,0,1,1,zero,
happo,base,1,129,1,1,10.0,10,0,0,0,zero,
happo,base,1,129,2,1,8.0,8,0,0,0,zero,
happo,base,1,130,0,1,8.0,8,0,1,1,zero,
happo,base,1,130,1,1,9.0,9,0,0,0,zero,
happo,base,1,130,2,1,12.0,12,0,0,0,zero,
happo,base,1,131,0,1,8.0,8,0,1,1,zero,
happo,base,1,131,1,1,8.0,8,0,0,0,zero,
happo,base,1,131,2,1,13.0,13,0,0,0,zero,
happo,base,1,132,0,1,8.0,8,0,1,1,zero,
happo,base,1,132,1,1,7.0,7,0,0,0,zero,
happo,base,1,132,2,1,13.0,13,0,0,0,zero,
happo,base,1,133,0,1,8.0,8,0,1,1,zero,
happo,base,1,133,1,1,6.0,6,0,0,0,zero,
happo,base,1,133,2,1,13.0,13,0,0,0,zero,
happo,base,1,134,0,1,8.0,8,0,1,1,zero,
happo,base,1,134,1,1,5.0,5,0,0,0,zero,
happo,base,1,134,2,1,13.0,13,0,0,0,zero,
happo,base,1,135,0,1,8.0,8,0,1,1,zero,
happo,base,1,135,1,1,4.0,4,0,2,2,zero,
happo,base,1,135,2,1,11.0,11,0,0,0,zero,
happo,base,1,136,0,1,8.0,8,0,1,1,zero,
happo,base,1,136,1,1,3.0,3,0,2,2,zero,
happo,base,1,136,2,1,9.0,9,0,0,0,zero,
happo,base,1,137,0,1,8.0,8,0,1,1,zero,
happo,base,1,137,1,1,2.0,2,0,0,0,zero,
happo,base,1,137,2,1,9.0,9,0,0,0,zero,
happo,base,1,138,0,1,8.0,8,0,1,1,zero,
happo,base,1,138,1,1,1.0,1,0,0,0,zero,
happo,base,1,138,2,1,9.0,9,0,0,0,zero,
happo,base,1,139,0,1,8.0,8,0,1,1,zero,
happo,base,1,139,1,1,2.0,2,0,0,0,zero,
happo,base,1,139,2,1,9.0,9,0,0,0,zero,
happo,base,1,140,0,1,8.0,8,0,1,1,zero,
happo,base,1,140,1,1,3.0,3,0,2,2,zero,
happo,base,1,140,2,1,7.0,7,0,0,0,zero,
happo,base,1,141,0,1,8.0,8,0,1,1,zero,
happo,base,1,141,1,1,2.0,2,0,3,3,zero,
happo,base,1,141,2,1,4.0,4,0,0,0,zero,
happo,base,1,142,0,1,8.0,8,0,1,1,zero,
happo,base,1,142,1,1,1.0,1,0,0,0,zero,
happo,base,1,142,2,1,4.0,4,0,17,17,zero,
happo,base,1,143,0,1,8.0,8,0,1,1,zero,
happo,base,1,143,1,1,-0.0,0,0,0,0,zero,
happo,base,1,143,2,1,4.0,4,0,1,1,zero,
happo,base,1,144,0,1,8.0,8,0,1,1,zero,
happo,base,1,144,1,1,1.0,1,0,0,0,zero,
happo,base,1,144,2,1,4.0,4,0,0,0,zero,
happo,base,1,145,0,1,8.0,8,0,1,1,zero,
happo,base,1,145,1,1,3.0,3,0,0,0,zero,
happo,base,1,145,2,1,4.0,4,0,0,0,zero,
happo,base,1,146,0,1,8.0,8,0,1,1,zero,
happo,base,1,146,1,1,2.0,2,0,10,10,zero,
happo,base,1,146,2,1,11.0,11,0,0,0,zero,
happo,base,1,147,0,1,8.0,8,0,1,1,zero,
happo,base,1,147,1,1,1.0,1,0,0,0,zero,
happo,base,1,147,2,1,12.0,12,0,16,16,zero,
happo,base,1,148,0,1,8.0,8,0,1,1,zero,
happo,base,1,148,1,1,-0.0,0,0,0,0,zero,
happo,base,1,148,2,1,12.0,12,0,1,1,zero,
happo,base,1,149,0,1,8.0,8,0,1,1,zero,
happo,base,1,149,1,1,1.0,0,1,0,0,zero,
happo,base,1,149,2,1,12.0,12,0,0,0,zero,
happo,base,1,150,0,1,8.0,8,0,1,1,zero,
happo,base,1,150,1,1,8.0,8,0,0,0,zero,
happo,base,1,150,2,1,12.0,12,0,0,0,zero,
happo,base,1,151,0,1,8.0,8,0,1,1,zero,
happo,base,1,151,1,1,7.0,7,0,0,0,zero,
happo,base,1,151,2,1,28.0,28,0,0,0,zero,
happo,base,1,152,0,1,8.0,8,0,1,1,zero,
happo,base,1,152,1,1,6.0,6,0,0,0,zero,
happo,base,1,152,2,1,29.0,29,0,0,0,zero,
happo,base,1,153,0,1,7.0,7,0,1,1,zero,
happo,base,1,153,1,1,5.0,5,0,0,0,zero,
happo,base,1,153,2,1,29.0,29,0,0,0,zero,
happo,base,1,154,0,1,8.0,8,0,1,1,zero,
happo,base,1,154,1,1,4.0,4,0,2,2,zero,
happo,base,1,154,2,1,27.0,27,0,0,0,zero,
happo,base,1,155,0,1,8.0,8,0,1,1,zero,
happo,base,1,155,1,1,3.0,3,0,2,2,zero,
happo,base,1,155,2,1,25.0,25,0,0,0,zero,
happo,base,1,156,0,1,8.0,8,0,1,1,zero,
happo,base,1,156,1,1,2.0,2,0,0,0,zero,
happo,base,1,156,2,1,25.0,25,0,0,0,zero,
happo,base,1,157,0,2,7.0,7,0,1,1,zero,
happo,base,1,157,1,2,1.0,1,0,0,0,zero,
happo,base,1,157,2,2,25.0,25,0,0,0,zero,
happo,base,1,158,0,2,6.0,6,0,1,1,zero,
happo,base,1,158,1,2,2.0,2,0,2,2,zero,
happo,base,1,158,2,2,23.0,23,0,0,0,zero,
happo,base,1,159,0,2,5.0,5,0,5,5,zero,
happo,base,1,159,1,2,1.0,0,1,0,0,zero,
happo,base,1,159,2,2,23.0,23,0,0,0,zero,
happo,base,1,160,0,2,4.0,4,0,1,1,zero,
happo,base,1,160,1,2,2.0,0,2,16,16,zero,
happo,base,1,160,2,2,7.0,7,0,0,0,zero,
happo,base,1,161,0,2,3.0,3,0,1,1,zero,
happo,base,1,161,1,2,3.0,0,3,3,3,zero,
happo,base,1,161,2,2,4.0,4,0,17,17,zero,
happo,base,1,162,0,2,2.0,2,0,5,5,zero,
happo,base,1,162,1,2,6.0,0,6,0,0,zero,
happo,base,1,162,2,2,4.0,4,0,1,1,zero,
happo,base,1,163,0,1,5.0,5,0,8,8,zero,
happo,base,1,163,1,1,14.0,0,14,3,3,zero,
happo,base,1,163,2,1,1.0,1,0,0,0,zero,
happo,base,1,164,0,2,3.0,3,0,1,1,zero,
happo,base,1,164,1,2,1.0,1,0,12,12,zero,
happo,base,1,164,2,2,11.0,0,11,0,0,zero,
happo,base,1,165,0,2,1.0,1,0,1,1,zero,
happo,base,1,165,1,2,3.0,3,0,10,10,zero,
happo,base,1,165,2,2,4.0,0,4,19,19,zero,
happo,base,1,166,0,2,1.0,1,0,1,1,zero,
happo,base,1,166,1,2,2.0,2,0,3,3,zero,
happo,base,1,166,2,2,6.0,0,6,19,19,zero,
happo,base,1,167,0,2,1.0,0,1,1,1,zero,
happo,base,1,167,1,2,4.0,4,0,0,0,zero,
happo,base,1,167,2,2,6.0,0,6,1,1,zero,
happo,base,1,168,0,2,12.0,12,0,5,5,zero,
happo,base,1,168,1,2,-0.0,0,0,0,0,zero,
happo,base,1,168,2,2,6.0,0,6,0,0,zero,
happo,base,1,169,0,1,12.0,12,0,1,1,zero,
happo,base,1,169,1,1,16.0,16,0,0,0,zero,
happo,base,1,169,2,1,13.0,13,0,0,0,zero,
happo,base,1,170,0,1,12.0,12,0,1,1,zero,
happo,base,1,170,1,1,16.0,16,0,0,0,zero,
happo,base,1,170,2,1,32.0,32,0,0,0,zero,
happo,base,1,171,0,2,11.0,11,0,1,1,zero,
happo,base,1,171,1,2,15.0,15,0,0,0,zero,
happo,base,1,171,2,2,33.0,33,0,0,0,zero,
happo,base,1,172,0,2,14.0,14,0,1,1,zero,
happo,base,1,172,1,2,14.0,14,0,0,0,zero,
happo,base,1,172,2,2,33.0,33,0,0,0,zero,
happo,base,1,173,0,2,13.0,13,0,1,1,zero,
happo,base,1,173,1,2,19.0,19,0,0,0,zero,
happo,base,1,173,2,2,33.0,33,0,0,0,zero,
happo,base,1,174,0,2,12.0,12,0,1,1,zero,
happo,base,1,174,1,2,18.0,18,0,0,0,zero,
happo,base,1,174,2,2,33.0,33,0,0,0,zero,
happo,base,1,175,0,2,11.0,11,0,1,1,zero,
happo,base,1,175,1,2,17.0,17,0,0,0,zero,
happo,base,1,175,2,2,33.0,33,0,0,0,zero,
happo,base,1,176,0,1,11.0,11,0,1,1,zero,
happo,base,1,176,1,1,16.0,16,0,0,0,zero,
happo,base,1,176,2,1,33.0,33,0,0,0,zero,
happo,base,1,177,0,1,11.0,11,0,1,1,zero,
happo,base,1,177,1,1,15.0,15,0,0,0,zero,
happo,base,1,177,2,1,33.0,33,0,0,0,zero,
happo,base,1,178,0,1,11.0,11,0,1,1,zero,
happo,base,1,178,1,1,14.0,14,0,0,0,zero,
happo,base,1,178,2,1,33.0,33,0,0,0,zero,
happo,base,1,179,0,1,11.0,11,0,1,1,zero,
happo,base,1,179,1,1,13.0,13,0,0,0,zero,
happo,base,1,179,2,1,33.0,33,0,0,0,zero,
happo,base,1,180,0,1,11.0,11,0,1,1,zero,
happo,base,1,180,1,1,12.0,12,0,0,0,zero,
happo,base,1,180,2,1,33.0,33,0,0,0,zero,
happo,base,1,181,0,1,11.0,11,0,1,1,zero,
happo,base,1,181,1,1,11.0,11,0,0,0,zero,
happo,base,1,181,2,1,33.0,33,0,0,0,zero,
happo,base,1,182,0,1,11.0,11,0,1,1,zero,
happo,base,1,182,1,1,10.0,10,0,0,0,zero,
happo,base,1,182,2,1,33.0,33,0,0,0,zero,
happo,base,1,183,0,1,11.0,11,0,1,1,zero,
happo,base,1,183,1,1,9.0,9,0,0,0,zero,
happo,base,1,183,2,1,33.0,33,0,0,0,zero,
happo,base,1,184,0,2,10.0,10,0,1,1,zero,
happo,base,1,184,1,2,8.0,8,0,0,0,zero,
happo,base,1,184,2,2,33.0,33,0,0,0,zero,
happo,base,1,185,0,2,9.0,9,0,1,1,zero,
happo,base,1,185,1,2,7.0,7,0,0,0,zero,
happo,base,1,185,2,2,33.0,33,0,0,0,zero,
happo,base,1,186,0,2,8.0,8,0,1,1,zero,
happo,base,1,186,1,2,6.0,6,0,0,0,zero,
happo,base,1,186,2,2,33.0,33,0,0,0,zero,
happo,base,1,187,0,2,7.0,7,0,1,1,zero,
happo,base,1,187,1,2,5.0,5,0,0,0,zero,
happo,base,1,187,2,2,33.0,33,0,0,0,zero,
happo,base,1,188,0,2,6.0,6,0,1,1,zero,
happo,base,1,188,1,2,4.0,4,0,2,2,zero,
happo,base,1,188,2,2,31.0,31,0,0,0,zero,
happo,base,1,189,0,2,5.0,5,0,8,8,zero,
happo,base,1,189,1,2,4.0,0,4,2,2,zero,
happo,base,1,189,2,2,29.0,29,0,0,0,zero,
happo,base,1,190,0,2,4.0,4,0,1,1,zero,
happo,base,1,190,1,2,5.0,0,5,16,16,zero,
happo,base,1,190,2,2,13.0,13,0,0,0,zero,
happo,base,1,191,0,2,3.0,3,0,1,1,zero,
happo,base,1,191,1,2,6.0,0,6,3,3,zero,
happo,base,1,191,2,2,10.0,10,0,4,4,zero,
happo,base,1,192,0,2,2.0,2,0,5,5,zero,
happo,base,1,192,1,2,9.0,0,9,0,0,zero,
happo,base,1,192,2,2,10.0,10,0,17,17,zero,
happo,base,1,193,0,2,4.0,4,0,8,8,zero,
happo,base,1,193,1,2,15.0,0,15,3,3,zero,
happo,base,1,193,2,2,7.0,7,0,0,0,zero,
happo,base,1,194,0,2,2.0,2,0,8,8,zero,
happo,base,1,194,1,2,7.0,0,7,12,12,zero,
happo,base,1,194,2,2,5.0,0,5,0,0,zero,
happo,base,1,195,0,2,-0.0,0,0,1,1,zero,
happo,base,1,195,1,2,5.0,0,5,16,16,zero,
happo,base,1,195,2,2,17.0,0,17,19,19,zero,
happo,base,1,196,0,1,1.0,1,0,1,1,zero,
happo,base,1,196,1,1,6.0,0,6,10,10,zero,
happo,base,1,196,2,1,10.0,0,10,19,19,zero,
happo,base,1,197,0,1,2.0,2,0,1,1,zero,
happo,base,1,197,1,1,4.0,0,4,0,0,zero,
happo,base,1,197,2,1,10.0,0,10,19,19,zero,
happo,base,1,198,0,1,17.0,17,0,1,1,zero,
happo,base,1,198,1,1,2.0,2,0,0,0,zero,
happo,base,1,198,2,1,10.0,0,10,1,1,zero,
happo,base,1,199,0,1,19.0,19,0,1,1,zero,
happo,base,1,199,1,1,5.0,5,0,0,0,zero,
happo,base,1,199,2,1,9.0,9,0,0,0,zero,
happo,base,1,200,0,1,18.0,18,0,1,1,zero,
happo,base,1,200,1,1,21.0,21,0,0,0,zero,
happo,base,1,200,2,1,28.0,28,0,0,0,zero,
happo,base,2,1,0,10,10.0,10,0,17,17,zero,
happo,base,2,1,1,10,3.0,3,0,2,2,zero,
happo,base,2,1,2,10,18.0,18,0,0,0,zero,
happo,base,2,2,0,10,10.0,10,0,2,2,zero,
happo,base,2,2,1,10,11.0,11,0,16,16,zero,
happo,base,2,2,2,10,12.0,12,0,0,0,zero,
happo,base,2,3,0,9,11.0,11,0,16,16,zero,
happo,base,2,3,1,9,5.0,5,0,2,2,zero,
happo,base,2,3,2,9,20.0,20,0,20,20,zero,
happo,base,2,4,0,9,12.0,12,0,2,2,zero,
happo,base,2,4,1,9,13.0,13,0,10,10,zero,
happo,base,2,4,2,9,20.0,20,0,1,1,zero,
happo,base,2,5,0,10,19.0,19,0,8,8,zero,
happo,base,2,5,1,10,7.0,7,0,10,10,zero,
happo,base,2,5,2,10,10.0,10,0,7,7,zero,
happo,base,2,6,0,10,11.0,11,0,8,8,zero,
happo,base,2,6,1,10,15.0,15,0,3,3,zero,
happo,base,2,6,2,10,7.0,7,0,7,7,zero,
happo,base,2,7,0,11,16.0,16,0,8,8,zero,
happo,base,2,7,1,11,9.0,9,0,10,10,zero,
happo,base,2,7,2,11,17.0,17,0,0,0,zero,
happo,base,2,8,0,9,9.0,9,0,13,13,zero,
happo,base,2,8,1,9,6.0,6,0,10,10,zero,
happo,base,2,8,2,9,8.0,8,0,16,16,zero,
happo,base,2,9,0,9,8.0,8,0,8,8,zero,
happo,base,2,9,1,9,8.0,8,0,16,16,zero,
happo,base,2,9,2,9,1.0,0,1,20,20,zero,
happo,base,2,10,0,11,5.0,5,0,16,16,zero,
happo,base,2,10,1,11,5.0,0,5,10,10,zero,
happo,base,2,10,2,11,4.0,0,4,20,20,zero,
happo,base,2,11,0,12,1.0,1,0,16,16,zero,
happo,base,2,11,1,12,11.0,0,11,16,16,zero,
happo,base,2,11,2,12,20.0,0,20,16,16,zero,
happo,base,2,12,0,12,2.0,2,0,17,17,zero,
happo,base,2,12,1,12,18.0,0,18,16,16,zero,
happo,base,2,12,2,12,20.0,0,20,20,20,zero,
happo,base,2,13,0,13,3.0,0,3,13,13,zero,
happo,base,2,13,1,13,16.0,0,16,16,16,zero,
happo,base,2,13,2,13,16.0,0,16,20,20,zero,
happo,base,2,14,0,12,4.0,0,4,13,13,zero,
happo,base,2,14,1,12,22.0,0,22,16,16,zero,
happo,base,2,14,2,12,12.0,0,12,20,20,zero,
happo,base,2,15,0,12,6.0,0,6,13,13,zero,
happo,base,2,15,1,12,35.0,0,35,16,16,zero,
happo,base,2,15,2,12,12.0,0,12,19,19,zero,
happo,base,2,16,0,12,8.0,0,8,13,13,zero,
happo,base,2,16,1,12,32.0,0,32,12,12,zero,
happo,base,2,16,2,12,4.0,0,4,20,20,zero,
happo,base,2,17,0,11,4.0,0,4,8,8,zero,
happo,base,2,17,1,11,20.0,0,20,10,10,zero,
happo,base,2,17,2,11,6.0,6,0,7,7,zero,
happo,base,2,18,0,11,8.0,0,8,8,8,zero,
happo,base,2,18,1,11,8.0,0,8,4,4,zero,
happo,base,2,18,2,11,22.0,22,0,0,0,zero,
happo,base,2,19,0,12,20.0,0,20,5,5,zero,
happo,base,2,19,1,12,3.0,3,0,4,4,zero,
happo,base,2,19,2,12,37.0,37,0,0,0,zero,
happo,base,2,20,0,13,17.0,0,17,17,17,zero,
happo,base,2,20,1,13,6.0,6,0,17,17,zero,
happo,base,2,20,2,13,40.0,40,0,0,0,zero,
happo,base,2,21,0,12,9.0,0,9,17,17,zero,
happo,base,2,21,1,12,3.0,3,0,17,17,zero,
happo,base,2,21,2,12,30.0,30,0,20,20,zero,
happo,base,2,22,0,12,1.0,0,1,17,17,zero,
happo,base,2,22,1,12,10.0,0,10,17,17,zero,
happo,base,2,22,2,12,13.0,13,0,20,20,zero,
happo,base,2,23,0,13,1.0,0,1,17,17,zero,
happo,base,2,23,1,13,23.0,0,23,17,17,zero,
happo,base,2,23,2,13,4.0,0,4,20,20,zero,
happo,base,2,24,0,13,3.0,3,0,16,16,zero,
happo,base,2,24,1,13,22.0,0,22,17,17,zero,
happo,base,2,24,2,13,21.0,0,21,20,20,zero,
happo,base,2,25,0,12,8.0,8,0,8,8,zero,
happo,base,2,25,1,12,13.0,0,13,17,17,zero,
happo,base,2,25,2,12,18.0,0,18,20,20,zero,
happo,base,2,26,0,13,2.0,2,0,16,16,zero,
happo,base,2,26,1,13,12.0,0,12,17,17,zero,
happo,base,2,26,2,13,15.0,0,15,20,20,zero,
happo,base,2,27,0,12,6.0,0,6,8,8,zero,
happo,base,2,27,1,12,7.0,0,7,17,17,zero,
happo,base,2,27,2,12,12.0,0,12,20,20,zero,
happo,base,2,28,0,13,2.0,0,2,16,16,zero,
happo,base,2,28,1,13,23.0,0,23,1,1,zero,
happo,base,2,28,2,13,7.0,7,0,20,20,zero,
happo,base,2,29,0,11,4.0,4,0,16,16,zero,
happo,base,2,29,1,11,19.0,0,19,1,1,zero,
happo,base,2,29,2,11,26.0,26,0,1,1,zero,
happo,base,2,30,0,11,10.0,10,0,5,5,zero,
happo,base,2,30,1,11,4.0,0,4,17,17,zero,
happo,base,2,30,2,11,29.0,29,0,0,0,zero,
happo,base,2,31,0,11,12.0,12,0,2,2,zero,
happo,base,2,31,1,11,14.0,14,0,17,17,zero,
happo,base,2,31,2,11,32.0,32,0,0,0,zero,
happo,base,2,32,0,10,2.0,2,0,1,1,zero,
happo,base,2,32,1,10,26.0,26,0,0,0,zero,
happo,base,2,32,2,10,52.0,52,0,20,20,zero,
happo,base,2,33,0,11,11.0,11,0,8,8,zero,
happo,base,2,33,1,11,19.0,19,0,0,0,zero,
happo,base,2,33,2,11,53.0,53,0,0,0,zero,
happo,base,2,34,0,11,20.0,20,0,8,8,zero,
happo,base,2,34,1,11,28.0,28,0,4,4,zero,
happo,base,2,34,2,11,49.0,49,0,0,0,zero,
happo,base,2,35,0,10,16.0,16,0,13,13,zero,
happo,base,2,35,1,10,32.0,32,0,2,2,zero,
happo,base,2,35,2,10,47.0,47,0,0,0,zero,
happo,base,2,36,0,10,7.0,7,0,8,8,zero,
happo,base,2,36,1,10,24.0,24,0,16,16,zero,
happo,base,2,36,2,10,51.0,51,0,0,0,zero,
happo,base,2,37,0,11,4.0,4,0,13,13,zero,
happo,base,2,37,1,11,11.0,11,0,10,10,zero,
happo,base,2,37,2,11,41.0,41,0,1,1,zero,
happo,base,2,38,0,11,1.0,1,0,8,8,zero,
happo,base,2,38,1,11,7.0,7,0,16,16,zero,
happo,base,2,38,2,11,25.0,25,0,4,4,zero,
happo,base,2,39,0,10,4.0,4,0,13,13,zero,
happo,base,2,39,1,10,4.0,0,4,10,10,zero,
happo,base,2,39,2,10,15.0,15,0,20,20,zero,
happo,base,2,40,0,10,2.0,2,0,16,16,zero,
happo,base,2,40,1,10,4.0,0,4,16,16,zero,
happo,base,2,40,2,10,1.0,0,1,19,19,zero,
happo,base,2,41,0,11,4.0,4,0,8,8,zero,
happo,base,2,41,1,11,2.0,0,2,16,16,zero,
happo,base,2,41,2,11,16.0,0,16,20,20,zero,
happo,base,2,42,0,11,1.0,1,0,16,16,zero,
happo,base,2,42,1,11,2.0,0,2,16,16,zero,
happo,base,2,42,2,11,28.0,0,28,20,20,zero,
happo,base,2,43,0,12,2.0,0,2,5,5,zero,
happo,base,2,43,1,12,3.0,3,0,16,16,zero,
happo,base,2,43,2,12,24.0,0,24,20,20,zero,
happo,base,2,44,0,11,3.0,3,0,16,16,zero,
happo,base,2,44,1,11,2.0,2,0,7,7,zero,
happo,base,2,44,2,11,12.0,0,12,19,19,zero,
happo,base,2,45,0,11,2.0,2,0,5,5,zero,
happo,base,2,45,1,11,2.0,0,2,3,3,zero,
happo,base,2,45,2,11,5.0,5,0,1,1,zero,
happo,base,2,46,0,12,6.0,6,0,16,16,zero,
happo,base,2,46,1,12,14.0,0,14,0,0,zero,
happo,base,2,46,2,12,25.0,25,0,0,0,zero,
happo,base,2,47,0,10,3.0,3,0,8,8,zero,
happo,base,2,47,1,10,2.0,0,2,12,12,zero,
happo,base,2,47,2,10,33.0,33,0,0,0,zero,
happo,base,2,48,0,10,9.0,9,0,5,5,zero,
happo,base,2,48,1,10,12.0,12,0,16,16,zero,
happo,base,2,48,2,10,36.0,36,0,0,0,zero,
happo,base,2,49,0,12,-0.0,0,0,8,8,zero,
happo,base,2,49,1,12,19.0,19,0,2,2,zero,
happo,base,2,49,2,12,35.0,35,0,19,19,zero,
happo,base,2,50,0,11,7.0,0,7,8,8,zero,
happo,base,2,50,1,11,11.0,11,0,2,2,zero,
happo,base,2,50,2,11,33.0,33,0,1,1,zero,
happo,base,2,51,0,11,2.0,2,0,8,8,zero,
happo,base,2,51,1,11,15.0,15,0,16,16,zero,
happo,base,2,51,2,11,17.0,17,0,0,0,zero,
happo,base,2,52,0,13,4.0,0,4,13,13,zero,
happo,base,2,52,1,13,18.0,18,0,10,10,zero,
happo,base,2,52,2,13,7.0,7,0,16,16,zero,
happo,base,2,53,0,13,9.0,0,9,13,13,zero,
happo,base,2,53,1,13,7.0,7,0,10,10,zero,
happo,base,2,53,2,13,16.0,16,0,19,19,zero,
happo,base,2,54,0,13,14.0,0,14,13,13,zero,
happo,base,2,54,1,13,4.0,0,4,16,16,zero,
happo,base,2,54,2,13,1.0,1,0,16,16,zero,
happo,base,2,55,0,13,19.0,0,19,17,17,zero,
happo,base,2,55,1,13,5.0,0,5,16,16,zero,
happo,base,2,55,2,13,15.0,0,15,16,16,zero,
happo,base,2,56,0,12,18.0,0,18,17,17,zero,
happo,base,2,56,1,12,12.0,0,12,16,16,zero,
happo,base,2,56,2,12,15.0,0,15,20,20,zero,
happo,base,2,57,0,10,15.0,0,15,17,17,zero,
happo,base,2,57,1,10,19.0,0,19,16,16,zero,
happo,base,2,57,2,10,12.0,0,12,20,20,zero,
happo,base,2,58,0,12,18.0,0,18,17,17,zero,
happo,base,2,58,1,12,20.0,0,20,16,16,zero,
happo,base,2,58,2,12,12.0,0,12,20,20,zero,
happo,base,2,59,0,13,15.0,0,15,17,17,zero,
happo,base,2,59,1,13,36.0,0,36,16,16,zero,
happo,base,2,59,2,13,12.0,0,12,20,20,zero,
happo,base,2,60,0,13,18.0,0,18,17,17,zero,
happo,base,2,60,1,13,37.0,0,37,16,16,zero,
happo,base,2,60,2,13,8.0,0,8,20,20,zero,
happo,base,2,61,0,14,22.0,0,22,13,13,zero,
happo,base,2,61,1,14,31.0,0,31,17,17,zero,
happo,base,2,61,2,14,5.0,0,5,20,20,zero,
happo,base,2,62,0,15,21.0,0,21,17,17,zero,
happo,base,2,62,1,15,32.0,0,32,17,17,zero,
happo,base,2,62,2,15,2.0,0,2,20,20,zero,
happo,base,2,63,0,16,36.0,0,36,17,17,zero,
happo,base,2,63,1,16,33.0,0,33,17,17,zero,
happo,base,2,63,2,16,1.0,1,0,20,20,zero,
happo,base,2,64,0,14,34.0,0,34,17,17,zero,
happo,base,2,64,1,14,30.0,0,30,17,17,zero,
happo,base,2,64,2,14,4.0,4,0,7,7,zero,
happo,base,2,65,0,14,29.0,0,29,17,17,zero,
happo,base,2,65,1,14,27.0,0,27,17,17,zero,
happo,base,2,65,2,14,7.0,7,0,20,20,zero,
happo,base,2,66,0,11,24.0,0,24,17,17,zero,
happo,base,2,66,1,11,24.0,0,24,17,17,zero,
happo,base,2,66,2,11,10.0,10,0,20,20,zero,
happo,base,2,67,0,12,20.0,0,20,17,17,zero,
happo,base,2,67,1,12,22.0,0,22,17,17,zero,
happo,base,2,67,2,12,13.0,13,0,20,20,zero,
happo,base,2,68,0,12,12.0,0,12,17,17,zero,
happo,base,2,68,1,12,22.0,0,22,17,17,zero,
happo,base,2,68,2,12,3.0,3,0,7,7,zero,
happo,base,2,69,0,10,2.0,0,2,17,17,zero,
happo,base,2,69,1,10,22.0,0,22,17,17,zero,
happo,base,2,69,2,10,6.0,6,0,20,20,zero,
happo,base,2,70,0,10,8.0,8,0,2,2,zero,
happo,base,2,70,1,10,7.0,0,7,17,17,zero,
happo,base,2,70,2,10,9.0,9,0,20,20,zero,
happo,base,2,71,0,10,17.0,17,0,2,2,zero,
happo,base,2,71,1,10,8.0,8,0,1,1,zero,
happo,base,2,71,2,10,28.0,28,0,20,20,zero,
happo,base,2,72,0,10,24.0,24,0,1,1,zero,
happo,base,2,72,1,10,24.0,24,0,0,0,zero,
happo,base,2,72,2,10,35.0,35,0,0,0,zero,
happo,base,2,73,0,10,31.0,31,0,7,7,zero,
happo,base,2,73,1,10,34.0,34,0,0,0,zero,
happo,base,2,73,2,10,55.0,55,0,0,0,zero,
happo,base,2,74,0,9,39.0,39,0,5,5,zero,
happo,base,2,74,1,9,46.0,46,0,4,4,zero,
happo,base,2,74,2,9,71.0,71,0,0,0,zero,
happo,base,2,75,0,8,40.0,40,0,2,2,zero,
happo,base,2,75,1,8,45.0,45,0,4,4,zero,
happo,base,2,75,2,8,87.0,87,0,0,0,zero,
happo,base,2,76,0,8,33.0,33,0,1,1,zero,
happo,base,2,76,1,8,44.0,44,0,2,2,zero,
happo,base,2,76,2,8,85.0,85,0,0,0,zero,
happo,base,2,77,0,8,32.0,32,0,8,8,zero,
happo,base,2,77,1,8,36.0,36,0,0,0,zero,
happo,base,2,77,2,8,85.0,85,0,0,0,zero,
happo,base,2,78,0,8,29.0,29,0,5,5,zero,
happo,base,2,78,1,8,35.0,35,0,2,2,zero,
happo,base,2,78,2,8,83.0,83,0,0,0,zero,
happo,base,2,79,0,8,23.0,23,0,8,8,zero,
happo,base,2,79,1,8,31.0,31,0,2,2,zero,
happo,base,2,79,2,8,81.0,81,0,0,0,zero,
happo,base,2,80,0,8,16.0,16,0,8,8,zero,
happo,base,2,80,1,8,25.0,25,0,2,2,zero,
happo,base,2,80,2,8,79.0,79,0,0,0,zero,
happo,base,2,81,0,8,16.0,16,0,8,8,zero,
happo,base,2,81,1,8,17.0,17,0,10,10,zero,
happo,base,2,81,2,8,69.0,69,0,0,0,zero,
happo,base,2,82,0,8,13.0,13,0,8,8,zero,
happo,base,2,82,1,8,11.0,11,0,10,10,zero,
happo,base,2,82,2,8,59.0,59,0,0,0,zero,
happo,base,2,83,0,7,14.0,14,0,8,8,zero,
happo,base,2,83,1,7,5.0,5,0,16,16,zero,
happo,base,2,83,2,7,43.0,43,0,0,0,zero,
happo,base,2,84,0,7,15.0,15,0,1,1,zero,
happo,base,2,84,1,7,6.0,6,0,10,10,zero,
happo,base,2,84,2,7,33.0,33,0,17,17,zero,
happo,base,2,85,0,7,16.0,16,0,8,8,zero,
happo,base,2,85,1,7,8.0,8,0,0,0,zero,
happo,base,2,85,2,7,33.0,33,0,4,4,zero,
happo,base,2,86,0,7,17.0,17,0,5,5,zero,
happo,base,2,86,1,7,13.0,13,0,0,0,zero,
happo,base,2,86,2,7,33.0,33,0,0,0,zero,
happo,base,2,87,0,8,17.0,17,0,8,8,zero,
happo,base,2,87,1,8,21.0,21,0,2,2,zero,
happo,base,2,87,2,8,31.0,31,0,0,0,zero,
happo,base,2,88,0,7,11.0,11,0,8,8,zero,
happo,base,2,88,1,7,23.0,23,0,10,10,zero,
happo,base,2,88,2,7,38.0,38,0,0,0,zero,
happo,base,2,89,0,7,12.0,12,0,8,8,zero,
happo,base,2,89,1,7,15.0,15,0,10,10,zero,
happo,base,2,89,2,7,32.0,32,0,0,0,zero,
happo,base,2,90,0,8,9.0,9,0,1,1,zero,
happo,base,2,90,1,8,14.0,14,0,10,10,zero,
happo,base,2,90,2,8,22.0,22,0,17,17,zero,
happo,base,2,91,0,9,8.0,8,0,8,8,zero,
happo,base,2,91,1,9,8.0,8,0,3,3,zero,
happo,base,2,91,2,9,19.0,19,0,19,19,zero,
happo,base,2,92,0,9,7.0,7,0,8,8,zero,
happo,base,2,92,1,9,10.0,10,0,2,2,zero,
happo,base,2,92,2,9,17.0,17,0,0,0,zero,
happo,base,2,93,0,10,5.0,5,0,13,13,zero,
happo,base,2,93,1,10,7.0,7,0,16,16,zero,
happo,base,2,93,2,10,1.0,1,0,0,0,zero,
happo,base,2,94,0,9,3.0,0,3,13,13,zero,
happo,base,2,94,1,9,4.0,4,0,16,16,zero,
happo,base,2,94,2,9,2.0,2,0,19,19,zero,
happo,base,2,95,0,10,5.0,0,5,8,8,zero,
happo,base,2,95,1,10,1.0,0,1,16,16,zero,
happo,base,2,95,2,10,5.0,5,0,19,19,zero,
happo,base,2,96,0,8,5.0,0,5,13,13,zero,
happo,base,2,96,1,8,12.0,0,12,16,16,zero,
happo,base,2,96,2,8,11.0,0,11,20,20,zero,
happo,base,2,97,0,9,1.0,0,1,8,8,zero,
happo,base,2,97,1,9,4.0,0,4,16,16,zero,
happo,base,2,97,2,9,27.0,0,27,20,20,zero,
happo,base,2,98,0,10,2.0,2,0,5,5,zero,
happo,base,2,98,1,10,7.0,7,0,16,16,zero,
happo,base,2,98,2,10,24.0,0,24,20,20,zero,
happo,base,2,99,0,10,1.0,0,1,8,8,zero,
happo,base,2,99,1,10,15.0,15,0,2,2,zero,
happo,base,2,99,2,10,7.0,0,7,19,19,zero,
happo,base,2,100,0,9,8.0,0,8,8,8,zero,
happo,base,2,100,1,9,12.0,12,0,0,0,zero,
happo,base,2,100,2,9,13.0,13,0,1,1,zero,
happo,base,2,101,0,10,2.0,0,2,16,16,zero,
happo,base,2,101,1,10,4.0,0,4,0,0,zero,
happo,base,2,101,2,10,33.0,33,0,0,0,zero,
happo,base,2,102,0,8,1.0,0,1,13,13,zero,
happo,base,2,102,1,8,2.0,2,0,16,16,zero,
happo,base,2,102,2,8,37.0,37,0,0,0,zero,
happo,base,2,103,0,8,1.0,0,1,5,5,zero,
happo,base,2,103,1,8,16.0,16,0,16,16,zero,
happo,base,2,103,2,8,40.0,40,0,0,0,zero,
happo,base,2,104,0,8,1.0,0,1,5,5,zero,
happo,base,2,104,1,8,18.0,18,0,6,6,zero,
happo,base,2,104,2,8,35.0,35,0,19,19,zero,
happo,base,2,105,0,8,3.0,3,0,8,8,zero,
happo,base,2,105,1,8,10.0,10,0,0,0,zero,
happo,base,2,105,2,8,35.0,35,0,1,1,zero,
happo,base,2,106,0,8,12.0,12,0,8,8,zero,
happo,base,2,106,1,8,18.0,18,0,0,0,zero,
happo,base,2,106,2,8,35.0,35,0,0,0,zero,
happo,base,2,107,0,7,10.0,10,0,16,16,zero,
happo,base,2,107,1,7,18.0,18,0,2,2,zero,
happo,base,2,107,2,7,33.0,33,0,0,0,zero,
happo,base,2,108,0,7,8.0,8,0,2,2,zero,
happo,base,2,108,1,7,22.0,22,0,16,16,zero,
happo,base,2,108,2,7,36.0,36,0,0,0,zero,
happo,base,2,109,0,7,9.0,9,0,1,1,zero,
happo,base,2,109,1,7,21.0,21,0,16,16,zero,
happo,base,2,109,2,7,21.0,21,0,17,17,zero,
happo,base,2,110,0,8,9.0,9,0,8,8,zero,
happo,base,2,110,1,8,13.0,13,0,0,0,zero,
happo,base,2,110,2,8,21.0,21,0,19,19,zero,
happo,base,2,111,0,8,17.0,17,0,8,8,zero,
happo,base,2,111,1,8,7.0,7,0,0,0,zero,
happo,base,2,111,2,8,21.0,21,0,1,1,zero,
happo,base,2,112,0,8,11.0,11,0,13,13,zero,
happo,base,2,112,1,8,10.0,10,0,2,2,zero,
happo,base,2,112,2,8,19.0,19,0,0,0,zero,
happo,base,2,113,0,8,4.0,4,0,8,8,zero,
happo,base,2,113,1,8,18.0,18,0,16,16,zero,
happo,base,2,113,2,8,20.0,20,0,0,0,zero,
happo,base,2,114,0,9,3.0,3,0,8,8,zero,
happo,base,2,114,1,9,10.0,10,0,16,16,zero,
happo,base,2,114,2,9,23.0,23,0,0,0,zero,
happo,base,2,115,0,9,2.0,2,0,8,8,zero,
happo,base,2,115,1,9,2.0,2,0,10,10,zero,
happo,base,2,115,2,9,14.0,14,0,19,19,zero,
happo,base,2,116,0,8,7.0,7,0,16,16,zero,
happo,base,2,116,1,8,12.0,0,12,0,0,zero,
happo,base,2,116,2,8,14.0,14,0,19,19,zero,
happo,base,2,117,0,9,6.0,6,0,13,13,zero,
happo,base,2,117,1,9,9.0,0,9,16,16,zero,
happo,base,2,117,2,9,2.0,0,2,1,1,zero,
happo,base,2,118,0,8,6.0,6,0,5,5,zero,
happo,base,2,118,1,8,2.0,2,0,16,16,zero,
happo,base,2,118,2,8,18.0,0,18,0,0,zero,
happo,base,2,119,0,9,5.0,5,0,1,1,zero,
happo,base,2,119,1,9,11.0,11,0,16,16,zero,
happo,base,2,119,2,9,15.0,0,15,19,19,zero,
happo,base,2,120,0,8,1.0,1,0,7,7,zero,
happo,base,2,120,1,8,4.0,4,0,3,3,zero,
happo,base,2,120,2,8,1.0,1,0,19,19,zero,
happo,base,2,121,0,9,8.0,8,0,8,8,zero,
happo,base,2,121,1,9,10.0,10,0,0,0,zero,
happo,base,2,121,2,9,2.0,2,0,1,1,zero,
happo,base,2,122,0,9,13.0,13,0,8,8,zero,
happo,base,2,122,1,9,2.0,2,0,0,0,zero,
happo,base,2,122,2,9,2.0,2,0,0,0,zero,
happo,base,2,123,0,8,6.0,6,0,13,13,zero,
happo,base,2,123,1,8,8.0,8,0,2,2,zero,
happo,base,2,123,2,8,19.0,19,0,0,0,zero,
happo,base,2,124,0,9,4.0,4,0,5,5,zero,
happo,base,2,124,1,9,21.0,21,0,16,16,zero,
happo,base,2,124,2,9,22.0,22,0,0,0,zero,
happo,base,2,125,0,10,2.0,2,0,16,16,zero,
happo,base,2,125,1,10,5.0,5,0,10,10,zero,
happo,base,2,125,2,10,13.0,13,0,16,16,zero,
happo,base,2,126,0,10,-0.0,0,0,5,5,zero,
happo,base,2,126,1,10,-0.0,0,0,16,16,zero,
happo,base,2,126,2,10,3.0,0,3,19,19,zero,
happo,base,2,127,0,9,4.0,4,0,16,16,zero,
happo,base,2,127,1,9,14.0,0,14,10,10,zero,
happo,base,2,127,2,9,13.0,0,13,19,19,zero,
happo,base,2,128,0,9,-0.0,0,0,8,8,zero,
happo,base,2,128,1,9,6.0,0,6,16,16,zero,
happo,base,2,128,2,9,29.0,0,29,16,16,zero,
happo,base,2,129,0,9,7.0,7,0,5,5,zero,
happo,base,2,129,1,9,1.0,0,1,16,16,zero,
happo,base,2,129,2,9,29.0,0,29,19,19,zero,
happo,base,2,130,0,8,4.0,4,0,8,8,zero,
happo,base,2,130,1,8,4.0,4,0,16,16,zero,
happo,base,2,130,2,8,26.0,0,26,19,19,zero,
happo,base,2,131,0,9,3.0,0,3,5,5,zero,
happo,base,2,131,1,9,1.0,0,1,3,3,zero,
happo,base,2,131,2,9,10.0,0,10,19,19,zero,
happo,base,2,132,0,8,5.0,5,0,8,8,zero,
happo,base,2,132,1,8,9.0,0,9,0,0,zero,
happo,base,2,132,2,8,6.0,6,0,1,1,zero,
happo,base,2,133,0,9,6.0,6,0,8,8,zero,
happo,base,2,133,1,9,1.0,0,1,0,0,zero,
happo,base,2,133,2,9,25.0,25,0,0,0,zero,
happo,base,2,134,0,9,6.0,6,0,8,8,zero,
happo,base,2,134,1,9,10.0,10,0,0,0,zero,
happo,base,2,134,2,9,44.0,44,0,0,0,zero,
happo,base,2,135,0,11,1.0,0,1,8,8,zero,
happo,base,2,135,1,11,21.0,21,0,4,4,zero,
happo,base,2,135,2,11,59.0,59,0,0,0,zero,
happo,base,2,136,0,11,12.0,0,12,8,8,zero,
happo,base,2,136,1,11,23.0,23,0,16,16,zero,
happo,base,2,136,2,11,44.0,44,0,0,0,zero,
happo,base,2,137,0,10,6.0,0,6,13,13,zero,
happo,base,2,137,1,10,10.0,10,0,10,10,zero,
happo,base,2,137,2,10,34.0,34,0,1,1,zero,
happo,base,2,138,0,9,6.0,0,6,13,13,zero,
happo,base,2,138,1,9,3.0,0,3,10,10,zero,
happo,base,2,138,2,9,24.0,24,0,4,4,zero,
happo,base,2,139,0,9,7.0,0,7,13,13,zero,
happo,base,2,139,1,9,12.0,0,12,16,16,zero,
happo,base,2,139,2,9,8.0,8,0,19,19,zero,
happo,base,2,140,0,8,7.0,0,7,13,13,zero,
happo,base,2,140,1,8,9.0,0,9,16,16,zero,
happo,base,2,140,2,8,8.0,0,8,20,20,zero,
happo,base,2,141,0,8,2.0,0,2,5,5,zero,
happo,base,2,141,1,8,4.0,0,4,16,16,zero,
happo,base,2,141,2,8,23.0,0,23,20,20,zero,
happo,base,2,142,0,10,2.0,0,2,2,2,zero,
happo,base,2,142,1,10,4.0,4,0,16,16,zero,
happo,base,2,142,2,10,35.0,0,35,20,20,zero,
happo,base,2,143,0,11,9.0,0,9,16,16,zero,
happo,base,2,143,1,11,4.0,4,0,2,2,zero,
happo,base,2,143,2,11,18.0,0,18,19,19,zero,
happo,base,2,144,0,11,4.0,0,4,16,16,zero,
happo,base,2,144,1,11,4.0,0,4,10,10,zero,
happo,base,2,144,2,11,8.0,0,8,1,1,zero,
happo,base,2,145,0,11,5.0,0,5,16,16,zero,
happo,base,2,145,1,11,19.0,0,19,16,16,zero,
happo,base,2,145,2,11,4.0,0,4,0,0,zero,
happo,base,2,146,0,10,9.0,0,9,16,16,zero,
happo,base,2,146,1,10,31.0,0,31,16,16,zero,
happo,base,2,146,2,10,-0.0,0,0,19,19,zero,
happo,base,2,147,0,10,3.0,0,3,8,8,zero,
happo,base,2,147,1,10,20.0,0,20,16,16,zero,
happo,base,2,147,2,10,3.0,3,0,19,19,zero,
happo,base,2,148,0,9,-0.0,0,0,8,8,zero,
happo,base,2,148,1,9,8.0,0,8,10,10,zero,
happo,base,2,148,2,9,6.0,0,6,20,20,zero,
happo,base,2,149,0,10,9.0,0,9,2,2,zero,
happo,base,2,149,1,10,10.0,10,0,4,4,zero,
happo,base,2,149,2,10,10.0,0,10,16,16,zero,
happo,base,2,150,0,11,16.0,0,16,5,5,zero,
happo,base,2,150,1,11,25.0,25,0,4,4,zero,
happo,base,2,150,2,11,5.0,5,0,0,0,zero,
happo,base,2,151,0,11,8.0,0,8,16,16,zero,
happo,base,2,151,1,11,25.0,25,0,4,4,zero,
happo,base,2,151,2,11,20.0,20,0,0,0,zero,
happo,base,2,152,0,9,3.0,3,0,8,8,zero,
happo,base,2,152,1,9,21.0,21,0,10,10,zero,
happo,base,2,152,2,9,30.0,30,0,0,0,zero,
happo,base,2,153,0,8,5.0,5,0,8,8,zero,
happo,base,2,153,1,8,13.0,13,0,10,10,zero,
happo,base,2,153,2,8,36.0,36,0,0,0,zero,
happo,base,2,154,0,8,2.0,2,0,5,5,zero,
happo,base,2,154,1,8,22.0,22,0,10,10,zero,
happo,base,2,154,2,8,26.0,26,0,7,7,zero,
happo,base,2,155,0,8,10.0,10,0,8,8,zero,
happo,base,2,155,1,8,18.0,18,0,3,3,zero,
happo,base,2,155,2,8,23.0,23,0,20,20,zero,
happo,base,2,156,0,8,10.0,10,0,16,16,zero,
happo,base,2,156,1,8,12.0,12,0,2,2,zero,
happo,base,2,156,2,8,21.0,21,0,0,0,zero,
happo,base,2,157,0,7,11.0,11,0,2,2,zero,
happo,base,2,157,1,7,20.0,20,0,16,16,zero,
happo,base,2,157,2,7,5.0,5,0,0,0,zero,
happo,base,2,158,0,5,11.0,11,0,1,1,zero,
happo,base,2,158,1,5,29.0,29,0,2,2,zero,
happo,base,2,158,2,5,10.0,10,0,19,19,zero,
happo,base,2,159,0,6,13.0,13,0,5,5,zero,
happo,base,2,159,1,6,27.0,27,0,3,3,zero,
happo,base,2,159,2,6,27.0,27,0,1,1,zero,
happo,base,2,160,0,6,23.0,23,0,8,8,zero,
happo,base,2,160,1,6,21.0,21,0,0,0,zero,
happo,base,2,160,2,6,27.0,27,0,0,0,zero,
happo,base,2,161,0,5,20.0,20,0,1,1,zero,
happo,base,2,161,1,5,36.0,36,0,2,2,zero,
happo,base,2,161,2,5,25.0,25,0,0,0,zero,
happo,base,2,162,0,5,16.0,16,0,1,1,zero,
happo,base,2,162,1,5,37.0,37,0,0,0,zero,
happo,base,2,162,2,5,44.0,44,0,0,0,zero,
happo,base,2,163,0,5,16.0,16,0,8,8,zero,
happo,base,2,163,1,5,32.0,32,0,0,0,zero,
happo,base,2,163,2,5,45.0,45,0,0,0,zero,
happo,base,2,164,0,5,19.0,19,0,1,1,zero,
happo,base,2,164,1,5,31.0,31,0,0,0,zero,
happo,base,2,164,2,5,45.0,45,0,0,0,zero,
happo,base,2,165,0,5,15.0,15,0,8,8,zero,
happo,base,2,165,1,5,25.0,25,0,0,0,zero,
happo,base,2,165,2,5,45.0,45,0,0,0,zero,
happo,base,2,166,0,5,11.0,11,0,1,1,zero,
happo,base,2,166,1,5,24.0,24,0,2,2,zero,
happo,base,2,166,2,5,43.0,43,0,0,0,zero,
happo,base,2,167,0,5,14.0,14,0,8,8,zero,
happo,base,2,167,1,5,16.0,16,0,0,0,zero,
happo,base,2,167,2,5,43.0,43,0,0,0,zero,
happo,base,2,168,0,5,10.0,10,0,1,1,zero,
happo,base,2,168,1,5,15.0,15,0,10,10,zero,
happo,base,2,168,2,5,33.0,33,0,0,0,zero,
happo,base,2,169,0,4,14.0,14,0,8,8,zero,
happo,base,2,169,1,4,7.0,7,0,2,2,zero,
happo,base,2,169,2,4,31.0,31,0,0,0,zero,
happo,base,2,170,0,4,11.0,11,0,1,1,zero,
happo,base,2,170,1,4,8.0,8,0,10,10,zero,
happo,base,2,170,2,4,21.0,21,0,0,0,zero,
happo,base,2,171,0,4,15.0,15,0,1,1,zero,
happo,base,2,171,1,4,7.0,7,0,3,3,zero,
happo,base,2,171,2,4,18.0,18,0,4,4,zero,
happo,base,2,172,0,4,12.0,12,0,5,5,zero,
happo,base,2,172,1,4,12.0,12,0,0,0,zero,
happo,base,2,172,2,4,18.0,18,0,1,1,zero,
happo,base,2,173,0,4,16.0,16,0,1,1,zero,
happo,base,2,173,1,4,13.0,13,0,0,0,zero,
happo,base,2,173,2,4,18.0,18,0,0,0,zero,
happo,base,2,174,0,6,11.0,11,0,8,8,zero,
happo,base,2,174,1,6,15.0,15,0,0,0,zero,
happo,base,2,174,2,6,18.0,18,0,0,0,zero,
happo,base,2,175,0,5,7.0,7,0,8,8,zero,
happo,base,2,175,1,5,10.0,10,0,10,10,zero,
happo,base,2,175,2,5,12.0,12,0,0,0,zero,
happo,base,2,176,0,5,7.0,7,0,1,1,zero,
happo,base,2,176,1,5,9.0,9,0,16,16,zero,
happo,base,2,176,2,5,3.0,0,3,17,17,zero,
happo,base,2,177,0,6,2.0,2,0,8,8,zero,
happo,base,2,177,1,6,1.0,1,0,3,3,zero,
happo,base,2,177,2,6,6.0,0,6,19,19,zero,
happo,base,2,178,0,6,4.0,4,0,5,5,zero,
happo,base,2,178,1,6,4.0,0,4,10,10,zero,
happo,base,2,178,2,6,16.0,0,16,1,1,zero,
happo,base,2,179,0,6,6.0,6,0,8,8,zero,
happo,base,2,179,1,6,2.0,0,2,12,12,zero,
happo,base,2,179,2,6,28.0,0,28,1,1,zero,
happo,base,2,180,0,5,2.0,2,0,5,5,zero,
happo,base,2,180,1,5,6.0,6,0,16,16,zero,
happo,base,2,180,2,5,27.0,0,27,19,19,zero,
happo,base,2,181,0,5,5.0,5,0,1,1,zero,
happo,base,2,181,1,5,5.0,5,0,10,10,zero,
happo,base,2,181,2,5,18.0,0,18,19,19,zero,
happo,base,2,182,0,5,1.0,1,0,1,1,zero,
happo,base,2,182,1,5,4.0,4,0,0,0,zero,
happo,base,2,182,2,5,17.0,0,17,19,19,zero,
happo,base,2,183,0,5,6.0,6,0,8,8,zero,
happo,base,2,183,1,5,4.0,0,4,0,0,zero,
happo,base,2,183,2,5,16.0,0,16,1,1,zero,
happo,base,2,184,0,5,8.0,8,0,8,8,zero,
happo,base,2,184,1,5,5.0,5,0,0,0,zero,
happo,base,2,184,2,5,3.0,3,0,0,0,zero,
happo,base,2,185,0,5,4.0,4,0,5,5,zero,
happo,base,2,185,1,5,19.0,19,0,0,0,zero,
happo,base,2,185,2,5,22.0,22,0,0,0,zero,
happo,base,2,186,0,5,-0.0,0,0,1,1,zero,
happo,base,2,186,1,5,19.0,19,0,0,0,zero,
happo,base,2,186,2,5,41.0,41,0,0,0,zero,
happo,base,2,187,0,6,2.0,0,2,5,5,zero,
happo,base,2,187,1,6,15.0,15,0,0,0,zero,
happo,base,2,187,2,6,42.0,42,0,0,0,zero,
happo,base,2,188,0,7,3.0,3,0,8,8,zero,
happo,base,2,188,1,7,23.0,23,0,0,0,zero,
happo,base,2,188,2,7,42.0,42,0,0,0,zero,
happo,base,2,189,0,7,1.0,1,0,13,13,zero,
happo,base,2,189,1,7,10.0,10,0,10,10,zero,
happo,base,2,189,2,7,32.0,32,0,0,0,zero,
happo,base,2,190,0,7,5.0,0,5,8,8,zero,
happo,base,2,190,1,7,2.0,2,0,16,16,zero,
happo,base,2,190,2,7,16.0,16,0,0,0,zero,
happo,base,2,191,0,6,6.0,0,6,8,8,zero,
happo,base,2,191,1,6,6.0,0,6,16,16,zero,
happo,base,2,191,2,6,-0.0,0,0,17,17,zero,
happo,base,2,192,0,6,4.0,0,4,8,8,zero,
happo,base,2,192,1,6,14.0,0,14,3,3,zero,
happo,base,2,192,2,6,3.0,0,3,19,19,zero,
happo,base,2,193,0,6,3.0,3,0,8,8,zero,
happo,base,2,193,1,6,12.0,0,12,10,10,zero,
happo,base,2,193,2,6,13.0,0,13,1,1,zero,
happo,base,2,194,0,7,4.0,4,0,5,5,zero,
happo,base,2,194,1,7,1.0,0,1,16,16,zero,
happo,base,2,194,2,7,29.0,0,29,1,1,zero,
happo,base,2,195,0,7,1.0,0,1,5,5,zero,
happo,base,2,195,1,7,10.0,10,0,16,16,zero,
happo,base,2,195,2,7,28.0,0,28,19,19,zero,
happo,base,2,196,0,8,9.0,0,9,5,5,zero,
happo,base,2,196,1,8,5.0,5,0,3,3,zero,
happo,base,2,196,2,8,12.0,0,12,19,19,zero,
happo,base,2,197,0,8,7.0,0,7,8,8,zero,
happo,base,2,197,1,8,3.0,0,3,0,0,zero,
happo,base,2,197,2,8,11.0,0,11,1,1,zero,
happo,base,2,198,0,9,-0.0,0,0,8,8,zero,
happo,base,2,198,1,9,11.0,0,11,0,0,zero,
happo,base,2,198,2,9,10.0,0,10,0,0,zero,
happo,base,2,199,0,9,3.0,0,3,8,8,zero,
happo,base,2,199,1,9,2.0,0,2,10,10,zero,
happo,base,2,199,2,9,1.0,0,1,0,0,zero,
happo,base,2,200,0,9,7.0,0,7,8,8,zero,
happo,base,2,200,1,9,9.0,9,0,10,10,zero,
happo,base,2,200,2,9,8.0,8,0,16,16,zero,
happo,base,3,1,0,10,10.0,10,0,17,17,zero,
happo,base,3,1,1,10,3.0,3,0,2,2,zero,
happo,base,3,1,2,10,18.0,18,0,0,0,zero,
happo,base,3,2,0,9,11.0,11,0,2,2,zero,
happo,base,3,2,1,9,11.0,11,0,16,16,zero,
happo,base,3,2,2,9,12.0,12,0,0,0,zero,
happo,base,3,3,0,9,12.0,12,0,16,16,zero,
happo,base,3,3,1,9,5.0,5,0,2,2,zero,
happo,base,3,3,2,9,20.0,20,0,20,20,zero,
happo,base,3,4,0,8,14.0,14,0,2,2,zero,
happo,base,3,4,1,8,13.0,13,0,10,10,zero,
happo,base,3,4,2,8,20.0,20,0,1,1,zero,
happo,base,3,5,0,9,22.0,22,0,1,1,zero,
happo,base,3,5,1,9,14.0,14,0,10,10,zero,
happo,base,3,5,2,9,10.0,10,0,7,7,zero,
happo,base,3,6,0,10,14.0,14,0,8,8,zero,
happo,base,3,6,1,10,22.0,22,0,3,3,zero,
happo,base,3,6,2,10,7.0,7,0,7,7,zero,
happo,base,3,7,0,12,18.0,18,0,8,8,zero,
happo,base,3,7,1,12,16.0,16,0,3,3,zero,
happo,base,3,7,2,12,24.0,24,0,0,0,zero,
happo,base,3,8,0,13,7.0,7,0,13,13,zero,
happo,base,3,8,1,13,13.0,13,0,10,10,zero,
happo,base,3,8,2,13,15.0,15,0,0,0,zero,
happo,base,3,9,0,13,5.0,0,5,13,13,zero,
happo,base,3,9,1,13,10.0,10,0,16,16,zero,
happo,base,3,9,2,13,6.0,6,0,20,20,zero,
happo,base,3,10,0,14,11.0,0,11,13,13,zero,
happo,base,3,10,1,14,-0.0,0,0,16,16,zero,
happo,base,3,10,2,14,3.0,0,3,20,20,zero,
happo,base,3,11,0,14,17.0,0,17,13,13,zero,
happo,base,3,11,1,14,10.0,0,10,16,16,zero,
happo,base,3,11,2,14,19.0,0,19,20,20,zero,
happo,base,3,12,0,14,18.0,0,18,13,13,zero,
happo,base,3,12,1,14,13.0,0,13,16,16,zero,
happo,base,3,12,2,14,35.0,0,35,20,20,zero,
happo,base,3,13,0,14,19.0,0,19,13,13,zero,
happo,base,3,13,1,14,10.0,0,10,16,16,zero,
happo,base,3,13,2,14,31.0,0,31,19,19,zero,
happo,base,3,14,0,14,20.0,0,20,13,13,zero,
happo,base,3,14,1,14,10.0,0,10,16,16,zero,
happo,base,3,14,2,14,27.0,0,27,19,19,zero,
happo,base,3,15,0,15,32.0,0,32,13,13,zero,
happo,base,3,15,1,15,23.0,0,23,16,16,zero,
happo,base,3,15,2,15,23.0,0,23,19,19,zero,
happo,base,3,16,0,13,35.0,0,35,13,13,zero,
happo,base,3,16,1,13,36.0,0,36,16,16,zero,
happo,base,3,16,2,13,19.0,0,19,19,19,zero,
happo,base,3,17,0,13,32.0,0,32,13,13,zero,
happo,base,3,17,1,13,29.0,0,29,12,12,zero,
happo,base,3,17,2,13,12.0,0,12,19,19,zero,
happo,base,3,18,0,12,31.0,0,31,13,13,zero,
happo,base,3,18,1,12,22.0,0,22,10,10,zero,
happo,base,3,18,2,12,3.0,0,3,7,7,zero,
happo,base,3,19,0,13,44.0,0,44,13,13,zero,
happo,base,3,19,1,13,15.0,0,15,17,17,zero,
happo,base,3,19,2,13,1.0,0,1,7,7,zero,
happo,base,3,20,0,12,56.0,0,56,17,17,zero,
happo,base,3,20,1,12,12.0,0,12,17,17,zero,
happo,base,3,20,2,12,1.0,1,0,20,20,zero,
happo,base,3,21,0,14,50.0,0,50,17,17,zero,
happo,base,3,21,1,14,10.0,0,10,17,17,zero,
happo,base,3,21,2,14,3.0,3,0,20,20,zero,
happo,base,3,22,0,13,43.0,0,43,17,17,zero,
happo,base,3,22,1,13,8.0,0,8,17,17,zero,
happo,base,3,22,2,13,7.0,0,7,20,20,zero,
happo,base,3,23,0,12,35.0,0,35,17,17,zero,
happo,base,3,23,1,12,6.0,0,6,17,17,zero,
happo,base,3,23,2,12,17.0,0,17,20,20,zero,
happo,base,3,24,0,12,27.0,0,27,17,17,zero,
happo,base,3,24,1,12,5.0,0,5,17,17,zero,
happo,base,3,24,2,12,14.0,0,14,20,20,zero,
happo,base,3,25,0,13,21.0,0,21,17,17,zero,
happo,base,3,25,1,13,5.0,0,5,17,17,zero,
happo,base,3,25,2,13,11.0,0,11,20,20,zero,
happo,base,3,26,0,12,14.0,0,14,17,17,zero,
happo,base,3,26,1,12,12.0,0,12,17,17,zero,
happo,base,3,26,2,12,8.0,0,8,20,20,zero,
happo,base,3,27,0,12,7.0,0,7,17,17,zero,
happo,base,3,27,1,12,22.0,0,22,17,17,zero,
happo,base,3,27,2,12,5.0,0,5,20,20,zero,
happo,base,3,28,0,12,1.0,0,1,17,17,zero,
happo,base,3,28,1,12,19.0,0,19,17,17,zero,
happo,base,3,28,2,12,2.0,0,2,20,20,zero,
happo,base,3,29,0,11,5.0,5,0,2,2,zero,
happo,base,3,29,1,11,1.0,0,1,17,17,zero,
happo,base,3,29,2,11,1.0,1,0,20,20,zero,
happo,base,3,30,0,12,3.0,3,0,2,2,zero,
happo,base,3,30,1,12,17.0,17,0,0,0,zero,
happo,base,3,30,2,12,21.0,21,0,7,7,zero,
happo,base,3,31,0,12,2.0,0,2,16,16,zero,
happo,base,3,31,1,12,21.0,21,0,0,0,zero,
happo,base,3,31,2,12,41.0,41,0,0,0,zero,
happo,base,3,32,0,12,6.0,6,0,5,5,zero,
happo,base,3,32,1,12,36.0,36,0,4,4,zero,
happo,base,3,32,2,12,57.0,57,0,0,0,zero,
happo,base,3,33,0,11,15.0,15,0,16,16,zero,
happo,base,3,33,1,11,39.0,39,0,6,6,zero,
happo,base,3,33,2,11,71.0,71,0,0,0,zero,
happo,base,3,34,0,13,5.0,5,0,5,5,zero,
happo,base,3,34,1,13,34.0,34,0,18,18,zero,
happo,base,3,34,2,13,60.0,60,0,0,0,zero,
happo,base,3,35,0,13,8.0,8,0,16,16,zero,
happo,base,3,35,1,13,18.0,18,0,2,2,zero,
happo,base,3,35,2,13,58.0,58,0,7,7,zero,
happo,base,3,36,0,13,-0.0,0,0,8,8,zero,
happo,base,3,36,1,13,14.0,14,0,16,16,zero,
happo,base,3,36,2,13,42.0,42,0,0,0,zero,
happo,base,3,37,0,15,1.0,1,0,16,16,zero,
happo,base,3,37,1,15,4.0,4,0,10,10,zero,
happo,base,3,37,2,15,32.0,32,0,16,16,zero,
happo,base,3,38,0,15,9.0,0,9,16,16,zero,
happo,base,3,38,1,15,6.0,6,0,16,16,zero,
happo,base,3,38,2,15,16.0,16,0,7,7,zero,
happo,base,3,39,0,15,8.0,0,8,17,17,zero,
happo,base,3,39,1,15,9.0,0,9,16,16,zero,
happo,base,3,39,2,15,7.0,7,0,20,20,zero,
happo,base,3,40,0,14,14.0,0,14,17,17,zero,
happo,base,3,40,1,14,10.0,0,10,16,16,zero,
happo,base,3,40,2,14,9.0,0,9,20,20,zero,
happo,base,3,41,0,14,12.0,0,12,17,17,zero,
happo,base,3,41,1,14,17.0,0,17,16,16,zero,
happo,base,3,41,2,14,9.0,0,9,20,20,zero,
happo,base,3,42,0,13,9.0,0,9,17,17,zero,
happo,base,3,42,1,13,18.0,0,18,16,16,zero,
happo,base,3,42,2,13,18.0,0,18,20,20,zero,
happo,base,3,43,0,13,14.0,0,14,17,17,zero,
happo,base,3,43,1,13,19.0,0,19,16,16,zero,
happo,base,3,43,2,13,14.0,0,14,20,20,zero,
happo,base,3,44,0,12,10.0,0,10,17,17,zero,
happo,base,3,44,1,12,29.0,0,29,17,17,zero,
happo,base,3,44,2,12,11.0,0,11,20,20,zero,
happo,base,3,45,0,13,13.0,0,13,17,17,zero,
happo,base,3,45,1,13,30.0,0,30,17,17,zero,
happo,base,3,45,2,13,8.0,0,8,20,20,zero,
happo,base,3,46,0,13,10.0,0,10,17,17,zero,
happo,base,3,46,1,13,40.0,0,40,17,17,zero,
happo,base,3,46,2,13,5.0,0,5,20,20,zero,
happo,base,3,47,0,12,6.0,0,6,17,17,zero,
happo,base,3,47,1,12,37.0,0,37,17,17,zero,
happo,base,3,47,2,12,2.0,0,2,20,20,zero,
happo,base,3,48,0,13,12.0,0,12,16,16,zero,
happo,base,3,48,1,13,33.0,0,33,17,17,zero,
happo,base,3,48,2,13,1.0,1,0,20,20,zero,
happo,base,3,49,0,13,9.0,0,9,16,16,zero,
happo,base,3,49,1,13,29.0,0,29,17,17,zero,
happo,base,3,49,2,13,4.0,4,0,7,7,zero,
happo,base,3,50,0,12,14.0,0,14,2,2,zero,
happo,base,3,50,1,12,11.0,0,11,17,17,zero,
happo,base,3,50,2,12,7.0,7,0,20,20,zero,
happo,base,3,51,0,14,8.0,0,8,16,16,zero,
happo,base,3,51,1,14,7.0,0,7,1,1,zero,
happo,base,3,51,2,14,26.0,26,0,20,20,zero,
happo,base,3,52,0,14,2.0,0,2,17,17,zero,
happo,base,3,52,1,14,5.0,0,5,17,17,zero,
happo,base,3,52,2,14,29.0,29,0,0,0,zero,
happo,base,3,53,0,14,4.0,4,0,16,16,zero,
happo,base,3,53,1,14,4.0,0,4,17,17,zero,
happo,base,3,53,2,14,19.0,19,0,0,0,zero,
happo,base,3,54,0,14,10.0,10,0,16,16,zero,
happo,base,3,54,1,14,3.0,0,3,17,17,zero,
happo,base,3,54,2,14,22.0,22,0,20,20,zero,
happo,base,3,55,0,12,18.0,18,0,16,16,zero,
happo,base,3,55,1,12,18.0,0,18,17,17,zero,
happo,base,3,55,2,12,25.0,25,0,20,20,zero,
happo,base,3,56,0,11,26.0,26,0,17,17,zero,
happo,base,3,56,1,11,18.0,0,18,17,17,zero,
happo,base,3,56,2,11,8.0,8,0,20,20,zero,
happo,base,3,57,0,12,31.0,31,0,2,2,zero,
happo,base,3,57,1,12,3.0,0,3,17,17,zero,
happo,base,3,57,2,12,9.0,0,9,16,16,zero,
happo,base,3,58,0,13,35.0,35,0,1,1,zero,
happo,base,3,58,1,13,13.0,13,0,17,17,zero,
happo,base,3,58,2,13,6.0,0,6,20,20,zero,
happo,base,3,59,0,13,23.0,23,0,7,7,zero,
happo,base,3,59,1,13,23.0,23,0,0,0,zero,
happo,base,3,59,2,13,14.0,14,0,20,20,zero,
happo,base,3,60,0,14,26.0,26,0,8,8,zero,
happo,base,3,60,1,14,32.0,32,0,0,0,zero,
happo,base,3,60,2,14,34.0,34,0,0,0,zero,
happo,base,3,61,0,15,28.0,28,0,8,8,zero,
happo,base,3,61,1,15,32.0,32,0,4,4,zero,
happo,base,3,61,2,15,46.0,46,0,0,0,zero,
happo,base,3,62,0,14,18.0,18,0,13,13,zero,
happo,base,3,62,1,14,39.0,39,0,2,2,zero,
happo,base,3,62,2,14,64.0,64,0,0,0,zero,
happo,base,3,63,0,15,10.0,10,0,13,13,zero,
happo,base,3,63,1,15,32.0,32,0,10,10,zero,
happo,base,3,63,2,15,74.0,74,0,0,0,zero,
happo,base,3,64,0,18,-0.0,0,0,13,13,zero,
happo,base,3,64,1,18,19.0,19,0,16,16,zero,
happo,base,3,64,2,18,58.0,58,0,0,0,zero,
happo,base,3,65,0,17,9.0,0,9,13,13,zero,
happo,base,3,65,1,17,10.0,10,0,16,16,zero,
happo,base,3,65,2,17,42.0,42,0,1,1,zero,
happo,base,3,66,0,18,14.0,0,14,13,13,zero,
happo,base,3,66,1,18,1.0,0,1,16,16,zero,
happo,base,3,66,2,18,26.0,26,0,20,20,zero,
happo,base,3,67,0,20,21.0,0,21,13,13,zero,
happo,base,3,67,1,20,4.0,0,4,16,16,zero,
happo,base,3,67,2,20,10.0,10,0,20,20,zero,
happo,base,3,68,0,20,28.0,0,28,13,13,zero,
happo,base,3,68,1,20,1.0,0,1,16,16,zero,
happo,base,3,68,2,20,6.0,0,6,20,20,zero,
happo,base,3,69,0,20,35.0,0,35,13,13,zero,
happo,base,3,69,1,20,2.0,2,0,16,16,zero,
happo,base,3,69,2,20,21.0,0,21,20,20,zero,
happo,base,3,70,0,20,43.0,0,43,17,17,zero,
happo,base,3,70,1,20,1.0,1,0,16,16,zero,
happo,base,3,70,2,20,17.0,0,17,20,20,zero,
happo,base,3,71,0,20,53.0,0,53,17,17,zero,
happo,base,3,71,1,20,-0.0,0,0,17,17,zero,
happo,base,3,71,2,20,14.0,0,14,20,20,zero,
happo,base,3,72,0,20,57.0,0,57,17,17,zero,
happo,base,3,72,1,20,7.0,0,7,17,17,zero,
happo,base,3,72,2,20,11.0,0,11,20,20,zero,
happo,base,3,73,0,20,63.0,0,63,17,17,zero,
happo,base,3,73,1,20,23.0,0,23,17,17,zero,
happo,base,3,73,2,20,8.0,0,8,20,20,zero,
happo,base,3,74,0,20,66.0,0,66,17,17,zero,
happo,base,3,74,1,20,20.0,0,20,17,17,zero,
happo,base,3,74,2,20,5.0,0,5,20,20,zero,
happo,base,3,75,0,19,68.0,0,68,17,17,zero,
happo,base,3,75,1,19,17.0,0,17,17,17,zero,
happo,base,3,75,2,19,2.0,0,2,20,20,zero,
happo,base,3,76,0,19,77.0,0,77,17,17,zero,
happo,base,3,76,1,19,14.0,0,14,17,17,zero,
happo,base,3,76,2,19,1.0,1,0,20,20,zero,
happo,base,3,77,0,18,94.0,0,94,17,17,zero,
happo,base,3,77,1,18,11.0,0,11,17,17,zero,
happo,base,3,77,2,18,4.0,4,0,7,7,zero,
happo,base,3,78,0,19,93.0,0,93,17,17,zero,
happo,base,3,78,1,19,8.0,0,8,17,17,zero,
happo,base,3,78,2,19,7.0,7,0,20,20,zero,
happo,base,3,79,0,20,93.0,0,93,17,17,zero,
happo,base,3,79,1,20,5.0,0,5,17,17,zero,
happo,base,3,79,2,20,10.0,10,0,20,20,zero,
happo,base,3,80,0,19,92.0,0,92,17,17,zero,
happo,base,3,80,1,19,3.0,0,3,17,17,zero,
happo,base,3,80,2,19,13.0,13,0,20,20,zero,
happo,base,3,81,0,20,92.0,0,92,17,17,zero,
happo,base,3,81,1,20,3.0,0,3,17,17,zero,
happo,base,3,81,2,20,3.0,3,0,7,7,zero,
happo,base,3,82,0,20,92.0,0,92,17,17,zero,
happo,base,3,82,1,20,3.0,0,3,17,17,zero,
happo,base,3,82,2,20,6.0,6,0,20,20,zero,
happo,base,3,83,0,20,92.0,0,92,17,17,zero,
happo,base,3,83,1,20,3.0,0,3,17,17,zero,
happo,base,3,83,2,20,9.0,9,0,20,20,zero,
happo,base,3,84,0,20,93.0,0,93,17,17,zero,
happo,base,3,84,1,20,3.0,0,3,17,17,zero,
happo,base,3,84,2,20,12.0,12,0,20,20,zero,
happo,base,3,85,0,20,96.0,0,96,17,17,zero,
happo,base,3,85,1,20,3.0,0,3,17,17,zero,
happo,base,3,85,2,20,2.0,2,0,7,7,zero,
happo,base,3,86,0,20,99.0,0,99,17,17,zero,
happo,base,3,86,1,20,3.0,0,3,17,17,zero,
happo,base,3,86,2,20,5.0,5,0,20,20,zero,
happo,base,3,87,0,20,102.0,0,102,17,17,zero,
happo,base,3,87,1,20,3.0,0,3,17,17,zero,
happo,base,3,87,2,20,8.0,8,0,20,20,zero,
happo,base,3,88,0,20,105.0,0,105,17,17,zero,
happo,base,3,88,1,20,3.0,0,3,17,17,zero,
happo,base,3,88,2,20,11.0,11,0,20,20,zero,
happo,base,3,89,0,20,108.0,0,108,17,17,zero,
happo,base,3,89,1,20,3.0,0,3,17,17,zero,
happo,base,3,89,2,20,1.0,1,0,7,7,zero,
happo,base,3,90,0,20,111.0,0,111,17,17,zero,
happo,base,3,90,1,20,3.0,0,3,17,17,zero,
happo,base,3,90,2,20,4.0,4,0,20,20,zero,
happo,base,3,91,0,20,114.0,0,114,17,17,zero,
happo,base,3,91,1,20,3.0,0,3,17,17,zero,
happo,base,3,91,2,20,7.0,7,0,20,20,zero,
happo,base,3,92,0,20,117.0,0,117,17,17,zero,
happo,base,3,92,1,20,3.0,0,3,17,17,zero,
happo,base,3,92,2,20,10.0,10,0,20,20,zero,
happo,base,3,93,0,20,120.0,0,120,17,17,zero,
happo,base,3,93,1,20,3.0,0,3,17,17,zero,
happo,base,3,93,2,20,-0.0,0,0,7,7,zero,
happo,base,3,94,0,20,123.0,0,123,17,17,zero,
happo,base,3,94,1,20,3.0,0,3,17,17,zero,
happo,base,3,94,2,20,3.0,3,0,20,20,zero,
happo,base,3,95,0,20,126.0,0,126,17,17,zero,
happo,base,3,95,1,20,3.0,0,3,17,17,zero,
happo,base,3,95,2,20,6.0,6,0,20,20,zero,
happo,base,3,96,0,20,129.0,0,129,17,17,zero,
happo,base,3,96,1,20,3.0,0,3,17,17,zero,
happo,base,3,96,2,20,9.0,9,0,20,20,zero,
happo,base,3,97,0,20,132.0,0,132,17,17,zero,
happo,base,3,97,1,20,3.0,0,3,17,17,zero,
happo,base,3,97,2,20,1.0,0,1,7,7,zero,
happo,base,3,98,0,20,135.0,0,135,17,17,zero,
happo,base,3,98,1,20,3.0,0,3,17,17,zero,
happo,base,3,98,2,20,2.0,2,0,20,20,zero,
happo,base,3,99,0,20,138.0,0,138,17,17,zero,
happo,base,3,99,1,20,3.0,0,3,17,17,zero,
happo,base,3,99,2,20,5.0,5,0,20,20,zero,
happo,base,3,100,0,20,141.0,0,141,17,17,zero,
happo,base,3,100,1,20,3.0,0,3,17,17,zero,
happo,base,3,100,2,20,8.0,8,0,20,20,zero,
happo,base,3,101,0,20,144.0,0,144,17,17,zero,
happo,base,3,101,1,20,4.0,0,4,17,17,zero,
happo,base,3,101,2,20,2.0,0,2,7,7,zero,
happo,base,3,102,0,20,147.0,0,147,17,17,zero,
happo,base,3,102,1,20,3.0,0,3,17,17,zero,
happo,base,3,102,2,20,1.0,1,0,20,20,zero,
happo,base,3,103,0,20,150.0,0,150,17,17,zero,
happo,base,3,103,1,20,3.0,0,3,17,17,zero,
happo,base,3,103,2,20,4.0,4,0,20,20,zero,
happo,base,3,104,0,20,153.0,0,153,17,17,zero,
happo,base,3,104,1,20,3.0,0,3,17,17,zero,
happo,base,3,104,2,20,7.0,7,0,20,20,zero,
happo,base,3,105,0,20,157.0,0,157,17,17,zero,
happo,base,3,105,1,20,5.0,0,5,17,17,zero,
happo,base,3,105,2,20,3.0,0,3,7,7,zero,
happo,base,3,106,0,20,159.0,0,159,17,17,zero,
happo,base,3,106,1,20,3.0,0,3,17,17,zero,
happo,base,3,106,2,20,-0.0,0,0,20,20,zero,
happo,base,3,107,0,20,162.0,0,162,17,17,zero,
happo,base,3,107,1,20,3.0,0,3,17,17,zero,
happo,base,3,107,2,20,3.0,3,0,20,20,zero,
happo,base,3,108,0,20,165.0,0,165,17,17,zero,
happo,base,3,108,1,20,3.0,0,3,17,17,zero,
happo,base,3,108,2,20,6.0,6,0,20,20,zero,
happo,base,3,109,0,20,170.0,0,170,17,17,zero,
happo,base,3,109,1,20,6.0,0,6,17,17,zero,
happo,base,3,109,2,20,4.0,0,4,7,7,zero,
happo,base,3,110,0,20,171.0,0,171,17,17,zero,
happo,base,3,110,1,20,3.0,0,3,17,17,zero,
happo,base,3,110,2,20,1.0,0,1,20,20,zero,
happo,base,3,111,0,20,174.0,0,174,17,17,zero,
happo,base,3,111,1,20,3.0,0,3,17,17,zero,
happo,base,3,111,2,20,2.0,2,0,20,20,zero,
happo,base,3,112,0,19,176.0,0,176,17,17,zero,
happo,base,3,112,1,19,3.0,0,3,17,17,zero,
happo,base,3,112,2,19,5.0,5,0,20,20,zero,
happo,base,3,113,0,18,180.0,0,180,17,17,zero,
happo,base,3,113,1,18,7.0,0,7,17,17,zero,
happo,base,3,113,2,18,5.0,0,5,7,7,zero,
happo,base,3,114,0,20,180.0,0,180,17,17,zero,
happo,base,3,114,1,20,4.0,0,4,17,17,zero,
happo,base,3,114,2,20,2.0,0,2,20,20,zero,
happo,base,3,115,0,20,183.0,0,183,17,17,zero,
happo,base,3,115,1,20,3.0,0,3,17,17,zero,
happo,base,3,115,2,20,1.0,1,0,20,20,zero,
happo,base,3,116,0,20,186.0,0,186,17,17,zero,
happo,base,3,116,1,20,3.0,0,3,17,17,zero,
happo,base,3,116,2,20,4.0,4,0,20,20,zero,
happo,base,3,117,0,20,193.0,0,193,17,17,zero,
happo,base,3,117,1,20,8.0,0,8,17,17,zero,
happo,base,3,117,2,20,6.0,0,6,16,16,zero,
happo,base,3,118,0,20,193.0,0,193,17,17,zero,
happo,base,3,118,1,20,5.0,0,5,17,17,zero,
happo,base,3,118,2,20,3.0,0,3,20,20,zero,
happo,base,3,119,0,20,195.0,0,195,17,17,zero,
happo,base,3,119,1,20,3.0,0,3,17,17,zero,
happo,base,3,119,2,20,-0.0,0,0,20,20,zero,
happo,base,3,120,0,20,198.0,0,198,17,17,zero,
happo,base,3,120,1,20,3.0,0,3,17,17,zero,
happo,base,3,120,2,20,3.0,3,0,20,20,zero,
happo,base,3,121,0,20,206.0,0,206,17,17,zero,
happo,base,3,121,1,20,9.0,0,9,17,17,zero,
happo,base,3,121,2,20,2.0,2,0,7,7,zero,
happo,base,3,122,0,20,206.0,0,206,17,17,zero,
happo,base,3,122,1,20,6.0,0,6,17,17,zero,
happo,base,3,122,2,20,5.0,5,0,20,20,zero,
happo,base,3,123,0,20,207.0,0,207,17,17,zero,
happo,base,3,123,1,20,3.0,0,3,17,17,zero,
happo,base,3,123,2,20,8.0,8,0,20,20,zero,
happo,base,3,124,0,20,210.0,0,210,17,17,zero,
happo,base,3,124,1,20,3.0,0,3,17,17,zero,
happo,base,3,124,2,20,11.0,11,0,20,20,zero,
happo,base,3,125,0,20,219.0,0,219,17,17,zero,
happo,base,3,125,1,20,3.0,0,3,17,17,zero,
happo,base,3,125,2,20,1.0,1,0,7,7,zero,
happo,base,3,126,0,20,219.0,0,219,17,17,zero,
happo,base,3,126,1,20,3.0,0,3,17,17,zero,
happo,base,3,126,2,20,4.0,4,0,20,20,zero,
happo,base,3,127,0,20,219.0,0,219,17,17,zero,
happo,base,3,127,1,20,3.0,0,3,17,17,zero,
happo,base,3,127,2,20,7.0,7,0,20,20,zero,
happo,base,3,128,0,20,222.0,0,222,17,17,zero,
happo,base,3,128,1,20,3.0,0,3,17,17,zero,
happo,base,3,128,2,20,10.0,10,0,20,20,zero,
happo,base,3,129,0,20,225.0,0,225,17,17,zero,
happo,base,3,129,1,20,3.0,0,3,17,17,zero,
happo,base,3,129,2,20,-0.0,0,0,7,7,zero,
happo,base,3,130,0,20,228.0,0,228,17,17,zero,
happo,base,3,130,1,20,3.0,0,3,17,17,zero,
happo,base,3,130,2,20,3.0,3,0,20,20,zero,
happo,base,3,131,0,20,231.0,0,231,17,17,zero,
happo,base,3,131,1,20,3.0,0,3,17,17,zero,
happo,base,3,131,2,20,6.0,6,0,20,20,zero,
happo,base,3,132,0,20,234.0,0,234,17,17,zero,
happo,base,3,132,1,20,3.0,0,3,17,17,zero,
happo,base,3,132,2,20,9.0,9,0,20,20,zero,
happo,base,3,133,0,20,237.0,0,237,17,17,zero,
happo,base,3,133,1,20,3.0,0,3,17,17,zero,
happo,base,3,133,2,20,1.0,0,1,7,7,zero,
happo,base,3,134,0,20,240.0,0,240,17,17,zero,
happo,base,3,134,1,20,3.0,0,3,17,17,zero,
happo,base,3,134,2,20,2.0,2,0,20,20,zero,
happo,base,3,135,0,20,243.0,0,243,17,17,zero,
happo,base,3,135,1,20,3.0,0,3,17,17,zero,
happo,base,3,135,2,20,5.0,5,0,20,20,zero,
happo,base,3,136,0,20,246.0,0,246,17,17,zero,
happo,base,3,136,1,20,3.0,0,3,17,17,zero,
happo,base,3,136,2,20,8.0,8,0,20,20,zero,
happo,base,3,137,0,20,249.0,0,249,17,17,zero,
happo,base,3,137,1,20,4.0,0,4,17,17,zero,
happo,base,3,137,2,20,2.0,0,2,7,7,zero,
happo,base,3,138,0,20,252.0,0,252,17,17,zero,
happo,base,3,138,1,20,3.0,0,3,17,17,zero,
happo,base,3,138,2,20,1.0,1,0,20,20,zero,
happo,base,3,139,0,20,255.0,0,255,17,17,zero,
happo,base,3,139,1,20,3.0,0,3,17,17,zero,
happo,base,3,139,2,20,4.0,4,0,20,20,zero,
happo,base,3,140,0,20,258.0,0,258,17,17,zero,
happo,base,3,140,1,20,3.0,0,3,17,17,zero,
happo,base,3,140,2,20,7.0,7,0,20,20,zero,
happo,base,3,141,0,17,259.0,0,259,17,17,zero,
happo,base,3,141,1,17,5.0,0,5,17,17,zero,
happo,base,3,141,2,17,3.0,0,3,7,7,zero,
happo,base,3,142,0,16,257.0,0,257,17,17,zero,
happo,base,3,142,1,16,3.0,0,3,17,17,zero,
happo,base,3,142,2,16,-0.0,0,0,20,20,zero,
happo,base,3,143,0,16,256.0,0,256,17,17,zero,
happo,base,3,143,1,16,3.0,0,3,17,17,zero,
happo,base,3,143,2,16,3.0,3,0,20,20,zero,
happo,base,3,144,0,18,257.0,0,257,17,17,zero,
happo,base,3,144,1,18,3.0,0,3,17,17,zero,
happo,base,3,144,2,18,6.0,6,0,20,20,zero,
happo,base,3,145,0,18,260.0,0,260,17,17,zero,
happo,base,3,145,1,18,6.0,0,6,17,17,zero,
happo,base,3,145,2,18,4.0,0,4,7,7,zero,
happo,base,3,146,0,19,260.0,0,260,17,17,zero,
happo,base,3,146,1,19,3.0,0,3,17,17,zero,
happo,base,3,146,2,19,1.0,0,1,20,20,zero,
happo,base,3,147,0,18,261.0,0,261,17,17,zero,
happo,base,3,147,1,18,3.0,0,3,17,17,zero,
happo,base,3,147,2,18,2.0,2,0,20,20,zero,
happo,base,3,148,0,17,261.0,0,261,17,17,zero,
happo,base,3,148,1,17,3.0,0,3,17,17,zero,
happo,base,3,148,2,17,5.0,5,0,20,20,zero,
happo,base,3,149,0,16,263.0,0,263,17,17,zero,
happo,base,3,149,1,16,7.0,0,7,17,17,zero,
happo,base,3,149,2,16,5.0,0,5,7,7,zero,
happo,base,3,150,0,16,259.0,0,259,17,17,zero,
happo,base,3,150,1,16,4.0,0,4,17,17,zero,
happo,base,3,150,2,16,2.0,0,2,20,20,zero,
happo,base,3,151,0,18,260.0,0,260,17,17,zero,
happo,base,3,151,1,18,3.0,0,3,17,17,zero,
happo,base,3,151,2,18,1.0,1,0,20,20,zero,
happo,base,3,152,0,17,260.0,0,260,17,17,zero,
happo,base,3,152,1,17,3.0,0,3,17,17,zero,
happo,base,3,152,2,17,4.0,4,0,20,20,zero,
happo,base,3,153,0,18,265.0,0,265,17,17,zero,
happo,base,3,153,1,18,8.0,0,8,17,17,zero,
happo,base,3,153,2,18,6.0,0,6,16,16,zero,
happo,base,3,154,0,19,264.0,0,264,17,17,zero,
happo,base,3,154,1,19,5.0,0,5,17,17,zero,
happo,base,3,154,2,19,3.0,0,3,20,20,zero,
happo,base,3,155,0,19,265.0,0,265,17,17,zero,
happo,base,3,155,1,19,3.0,0,3,17,17,zero,
happo,base,3,155,2,19,-0.0,0,0,20,20,zero,
happo,base,3,156,0,16,264.0,0,264,17,17,zero,
happo,base,3,156,1,16,3.0,0,3,17,17,zero,
happo,base,3,156,2,16,3.0,3,0,20,20,zero,
happo,base,3,157,0,14,266.0,0,266,17,17,zero,
happo,base,3,157,1,14,9.0,0,9,17,17,zero,
happo,base,3,157,2,14,2.0,2,0,7,7,zero,
happo,base,3,158,0,14,260.0,0,260,17,17,zero,
happo,base,3,158,1,14,6.0,0,6,17,17,zero,
happo,base,3,158,2,14,5.0,5,0,20,20,zero,
happo,base,3,159,0,12,253.0,0,253,17,17,zero,
happo,base,3,159,1,12,3.0,0,3,17,17,zero,
happo,base,3,159,2,12,8.0,8,0,20,20,zero,
happo,base,3,160,0,13,249.0,0,249,17,17,zero,
happo,base,3,160,1,13,3.0,0,3,17,17,zero,
happo,base,3,160,2,13,11.0,11,0,20,20,zero,
happo,base,3,161,0,19,257.0,0,257,17,17,zero,
happo,base,3,161,1,19,3.0,0,3,17,17,zero,
happo,base,3,161,2,19,1.0,1,0,7,7,zero,
happo,base,3,162,0,18,255.0,0,255,17,17,zero,
happo,base,3,162,1,18,3.0,0,3,17,17,zero,
happo,base,3,162,2,18,4.0,4,0,20,20,zero,
happo,base,3,163,0,18,253.0,0,253,17,17,zero,
happo,base,3,163,1,18,3.0,0,3,17,17,zero,
happo,base,3,163,2,18,7.0,7,0,20,20,zero,
happo,base,3,164,0,16,252.0,0,252,17,17,zero,
happo,base,3,164,1,16,3.0,0,3,17,17,zero,
happo,base,3,164,2,16,10.0,10,0,20,20,zero,
happo,base,3,165,0,15,250.0,0,250,17,17,zero,
happo,base,3,165,1,15,3.0,0,3,17,17,zero,
happo,base,3,165,2,15,-0.0,0,0,7,7,zero,
happo,base,3,166,0,14,247.0,0,247,17,17,zero,
happo,base,3,166,1,14,3.0,0,3,17,17,zero,
happo,base,3,166,2,14,3.0,3,0,20,20,zero,
happo,base,3,167,0,13,243.0,0,243,17,17,zero,
happo,base,3,167,1,13,3.0,0,3,17,17,zero,
happo,base,3,167,2,13,6.0,6,0,20,20,zero,
happo,base,3,168,0,14,240.0,0,240,17,17,zero,
happo,base,3,168,1,14,3.0,0,3,17,17,zero,
happo,base,3,168,2,14,9.0,9,0,20,20,zero,
happo,base,3,169,0,15,238.0,0,238,17,17,zero,
happo,base,3,169,1,15,3.0,0,3,17,17,zero,
happo,base,3,169,2,15,1.0,0,1,7,7,zero,
happo,base,3,170,0,14,235.0,0,235,17,17,zero,
happo,base,3,170,1,14,3.0,0,3,17,17,zero,
happo,base,3,170,2,14,2.0,2,0,20,20,zero,
happo,base,3,171,0,14,232.0,0,232,17,17,zero,
happo,base,3,171,1,14,3.0,0,3,17,17,zero,
happo,base,3,171,2,14,5.0,5,0,20,20,zero,
happo,base,3,172,0,15,230.0,0,230,17,17,zero,
happo,base,3,172,1,15,3.0,0,3,17,17,zero,
happo,base,3,172,2,15,8.0,8,0,20,20,zero,
happo,base,3,173,0,16,229.0,0,229,17,17,zero,
happo,base,3,173,1,16,4.0,0,4,17,17,zero,
happo,base,3,173,2,16,2.0,0,2,7,7,zero,
happo,base,3,174,0,14,226.0,0,226,17,17,zero,
happo,base,3,174,1,14,3.0,0,3,17,17,zero,
happo,base,3,174,2,14,1.0,1,0,20,20,zero,
happo,base,3,175,0,12,221.0,0,221,17,17,zero,
happo,base,3,175,1,12,3.0,0,3,17,17,zero,
happo,base,3,175,2,12,4.0,4,0,20,20,zero,
happo,base,3,176,0,11,215.0,0,215,17,17,zero,
happo,base,3,176,1,11,3.0,0,3,17,17,zero,
happo,base,3,176,2,11,7.0,7,0,20,20,zero,
happo,base,3,177,0,12,211.0,0,211,17,17,zero,
happo,base,3,177,1,12,5.0,0,5,17,17,zero,
happo,base,3,177,2,12,3.0,0,3,7,7,zero,
happo,base,3,178,0,13,206.0,0,206,17,17,zero,
happo,base,3,178,1,13,3.0,0,3,17,17,zero,
happo,base,3,178,2,13,-0.0,0,0,20,20,zero,
happo,base,3,179,0,12,201.0,0,201,17,17,zero,
happo,base,3,179,1,12,3.0,0,3,17,17,zero,
happo,base,3,179,2,12,3.0,3,0,20,20,zero,
happo,base,3,180,0,12,196.0,0,196,17,17,zero,
happo,base,3,180,1,12,3.0,0,3,17,17,zero,
happo,base,3,180,2,12,6.0,6,0,20,20,zero,
happo,base,3,181,0,11,192.0,0,192,17,17,zero,
happo,base,3,181,1,11,6.0,0,6,17,17,zero,
happo,base,3,181,2,11,4.0,0,4,7,7,zero,
happo,base,3,182,0,11,184.0,0,184,17,17,zero,
happo,base,3,182,1,11,3.0,0,3,17,17,zero,
happo,base,3,182,2,11,1.0,0,1,20,20,zero,
happo,base,3,183,0,11,178.0,0,178,17,17,zero,
happo,base,3,183,1,11,3.0,0,3,17,17,zero,
happo,base,3,183,2,11,2.0,2,0,20,20,zero,
happo,base,3,184,0,12,173.0,0,173,17,17,zero,
happo,base,3,184,1,12,3.0,0,3,17,17,zero,
happo,base,3,184,2,12,5.0,5,0,20,20,zero,
happo,base,3,185,0,14,173.0,0,173,17,17,zero,
happo,base,3,185,1,14,7.0,0,7,17,17,zero,
happo,base,3,185,2,14,5.0,0,5,7,7,zero,
happo,base,3,186,0,18,171.0,0,171,17,17,zero,
happo,base,3,186,1,18,4.0,0,4,17,17,zero,
happo,base,3,186,2,18,2.0,0,2,20,20,zero,
happo,base,3,187,0,19,173.0,0,173,17,17,zero,
happo,base,3,187,1,19,3.0,0,3,17,17,zero,
happo,base,3,187,2,19,1.0,1,0,20,20,zero,
happo,base,3,188,0,20,176.0,0,176,17,17,zero,
happo,base,3,188,1,20,3.0,0,3,17,17,zero,
happo,base,3,188,2,20,4.0,4,0,20,20,zero,
happo,base,3,189,0,19,182.0,0,182,17,17,zero,
happo,base,3,189,1,19,8.0,0,8,17,17,zero,
happo,base,3,189,2,19,6.0,0,6,16,16,zero,
happo,base,3,190,0,19,181.0,0,181,17,17,zero,
happo,base,3,190,1,19,5.0,0,5,17,17,zero,
happo,base,3,190,2,19,3.0,0,3,20,20,zero,
happo,base,3,191,0,17,180.0,0,180,17,17,zero,
happo,base,3,191,1,17,3.0,0,3,17,17,zero,
happo,base,3,191,2,17,-0.0,0,0,20,20,zero,
happo,base,3,192,0,14,177.0,0,177,17,17,zero,
happo,base,3,192,1,14,3.0,0,3,17,17,zero,
happo,base,3,192,2,14,3.0,3,0,20,20,zero,
happo,base,3,193,0,16,181.0,0,181,17,17,zero,
happo,base,3,193,1,16,9.0,0,9,17,17,zero,
happo,base,3,193,2,16,2.0,2,0,7,7,zero,
happo,base,3,194,0,15,176.0,0,176,17,17,zero,
happo,base,3,194,1,15,6.0,0,6,17,17,zero,
happo,base,3,194,2,15,5.0,5,0,20,20,zero,
happo,base,3,195,0,14,171.0,0,171,17,17,zero,
happo,base,3,195,1,14,3.0,0,3,17,17,zero,
happo,base,3,195,2,14,8.0,8,0,20,20,zero,
happo,base,3,196,0,14,168.0,0,168,17,17,zero,
happo,base,3,196,1,14,3.0,0,3,17,17,zero,
happo,base,3,196,2,14,11.0,11,0,20,20,zero,
happo,base,3,197,0,14,171.0,0,171,17,17,zero,
happo,base,3,197,1,14,3.0,0,3,17,17,zero,
happo,base,3,197,2,14,1.0,1,0,7,7,zero,
happo,base,3,198,0,12,163.0,0,163,17,17,zero,
happo,base,3,198,1,12,3.0,0,3,17,17,zero,
happo,base,3,198,2,12,4.0,4,0,20,20,zero,
happo,base,3,199,0,13,156.0,0,156,17,17,zero,
happo,base,3,199,1,13,3.0,0,3,17,17,zero,
happo,base,3,199,2,13,7.0,7,0,20,20,zero,
happo,base,3,200,0,12,151.0,0,151,17,17,zero,
happo,base,3,200,1,12,3.0,0,3,17,17,zero,
happo,base,3,200,2,12,10.0,10,0,20,20,zero,
happo,shock,0,1,0,10,10.0,10,0,17,17,zero,
happo,shock,0,1,1,10,3.0,3,0,2,2,zero,
happo,shock,0,1,2,10,18.0,18,0,0,0,zero,
happo,shock,0,2,0,10,10.0,10,0,2,2,zero,
happo,shock,0,2,1,10,11.0,11,0,16,16,zero,
happo,shock,0,2,2,10,12.0,12,0,0,0,zero,
happo,shock,0,3,0,10,10.0,10,0,16,16,zero,
happo,shock,0,3,1,10,5.0,5,0,2,2,zero,
happo,shock,0,3,2,10,20.0,20,0,20,20,zero,
happo,shock,0,4,0,9,11.0,11,0,2,2,zero,
happo,shock,0,4,1,9,13.0,13,0,10,10,zero,
happo,shock,0,4,2,9,20.0,20,0,1,1,zero,
happo,shock,0,5,0,10,18.0,18,0,8,8,zero,
happo,shock,0,5,1,10,7.0,7,0,10,10,zero,
happo,shock,0,5,2,10,10.0,10,0,7,7,zero,
happo,shock,0,6,0,10,10.0,10,0,8,8,zero,
happo,shock,0,6,1,10,15.0,15,0,3,3,zero,
happo,shock,0,6,2,10,7.0,7,0,7,7,zero,
happo,shock,0,7,0,9,17.0,17,0,8,8,zero,
happo,shock,0,7,1,9,9.0,9,0,10,10,zero,
happo,shock,0,7,2,9,17.0,17,0,0,0,zero,
happo,shock,0,8,0,10,9.0,9,0,8,8,zero,
happo,shock,0,8,1,10,11.0,11,0,10,10,zero,
happo,shock,0,8,2,10,8.0,8,0,16,16,zero,
happo,shock,0,9,0,11,6.0,6,0,13,13,zero,
happo,shock,0,9,1,11,8.0,8,0,10,10,zero,
happo,shock,0,9,2,11,5.0,5,0,20,20,zero,
happo,shock,0,10,0,11,3.0,3,0,13,13,zero,
happo,shock,0,10,1,11,2.0,0,2,16,16,zero,
happo,shock,0,10,2,11,4.0,0,4,20,20,zero,
happo,shock,0,11,0,10,1.0,1,0,13,13,zero,
happo,shock,0,11,1,10,5.0,0,5,16,16,zero,
happo,shock,0,11,2,10,20.0,0,20,20,20,zero,
happo,shock,0,12,0,10,1.0,0,1,13,13,zero,
happo,shock,0,12,1,10,8.0,0,8,16,16,zero,
happo,shock,0,12,2,10,20.0,0,20,20,20,zero,
happo,shock,0,13,0,10,2.0,2,0,16,16,zero,
happo,shock,0,13,1,10,14.0,0,14,16,16,zero,
happo,shock,0,13,2,10,16.0,0,16,20,20,zero,
happo,shock,0,14,0,10,3.0,3,0,16,16,zero,
happo,shock,0,14,1,10,18.0,0,18,16,16,zero,
happo,shock,0,14,2,10,12.0,0,12,20,20,zero,
happo,shock,0,15,0,10,3.0,3,0,16,16,zero,
happo,shock,0,15,1,10,34.0,0,34,16,16,zero,
happo,shock,0,15,2,10,8.0,0,8,20,20,zero,
happo,shock,0,16,0,10,3.0,3,0,13,13,zero,
happo,shock,0,16,1,10,31.0,0,31,16,16,zero,
happo,shock,0,16,2,10,4.0,0,4,20,20,zero,
happo,shock,0,17,0,9,4.0,4,0,5,5,zero,
happo,shock,0,17,1,9,16.0,0,16,17,17,zero,
happo,shock,0,17,2,9,1.0,0,1,16,16,zero,
happo,shock,0,18,0,9,7.0,7,0,2,2,zero,
happo,shock,0,18,1,9,2.0,2,0,4,4,zero,
happo,shock,0,18,2,9,15.0,15,0,20,20,zero,
happo,shock,0,19,0,9,2.0,0,2,1,1,zero,
happo,shock,0,19,1,9,21.0,21,0,0,0,zero,
happo,shock,0,19,2,9,35.0,35,0,0,0,zero,
happo,shock,0,20,0,10,4.0,4,0,7,7,zero,
happo,shock,0,20,1,10,34.0,34,0,0,0,zero,
happo,shock,0,20,2,10,55.0,55,0,0,0,zero,
happo,shock,0,21,0,8,16.0,16,0,8,8,zero,
happo,shock,0,21,1,8,46.0,46,0,4,4,zero,
happo,shock,0,21,2,8,67.0,67,0,0,0,zero,
happo,shock,0,22,0,7,27.0,27,0,8,8,zero,
happo,shock,0,22,1,7,43.0,43,0,4,4,zero,
happo,shock,0,22,2,7,83.0,83,0,0,0,zero,
happo,shock,0,23,0,8,20.0,20,0,1,1,zero,
happo,shock,0,23,1,8,42.0,42,0,2,2,zero,
happo,shock,0,23,2,8,81.0,81,0,0,0,zero,
happo,shock,0,24,0,7,20.0,20,0,8,8,zero,
happo,shock,0,24,1,7,34.0,34,0,2,2,zero,
happo,shock,0,24,2,7,79.0,79,0,0,0,zero,
happo,shock,0,25,0,7,21.0,21,0,5,5,zero,
happo,shock,0,25,1,7,33.0,33,0,2,2,zero,
happo,shock,0,25,2,7,77.0,77,0,0,0,zero,
happo,shock,0,26,0,8,21.0,21,0,8,8,zero,
happo,shock,0,26,1,8,29.0,29,0,2,2,zero,
happo,shock,0,26,2,8,75.0,75,0,0,0,zero,
happo,shock,0,27,0,8,14.0,14,0,8,8,zero,
happo,shock,0,27,1,8,23.0,23,0,10,10,zero,
happo,shock,0,27,2,8,65.0,65,0,0,0,zero,
happo,shock,0,28,0,8,14.0,14,0,8,8,zero,
happo,shock,0,28,1,8,17.0,17,0,10,10,zero,
happo,shock,0,28,2,8,55.0,55,0,0,0,zero,
happo,shock,0,29,0,7,12.0,12,0,8,8,zero,
happo,shock,0,29,1,7,11.0,11,0,10,10,zero,
happo,shock,0,29,2,7,45.0,45,0,0,0,zero,
happo,shock,0,30,0,7,13.0,13,0,1,1,zero,
happo,shock,0,30,1,7,12.0,12,0,10,10,zero,
happo,shock,0,30,2,7,35.0,35,0,0,0,zero,
happo,shock,0,31,0,8,13.0,13,0,8,8,zero,
happo,shock,0,31,1,8,14.0,14,0,0,0,zero,
happo,shock,0,31,2,8,35.0,35,0,4,4,zero,
happo,shock,0,32,0,8,13.0,13,0,8,8,zero,
happo,shock,0,32,1,8,16.0,16,0,0,0,zero,
happo,shock,0,32,2,8,35.0,35,0,0,0,zero,
happo,shock,0,33,0,7,14.0,14,0,13,13,zero,
happo,shock,0,33,1,7,13.0,13,0,10,10,zero,
happo,shock,0,33,2,7,25.0,25,0,0,0,zero,
happo,shock,0,34,0,7,8.0,8,0,2,2,zero,
happo,shock,0,34,1,7,21.0,21,0,16,16,zero,
happo,shock,0,34,2,7,9.0,9,0,1,1,zero,
happo,shock,0,35,0,7,9.0,9,0,8,8,zero,
happo,shock,0,35,1,7,13.0,13,0,2,2,zero,
happo,shock,0,35,2,7,11.0,11,0,20,20,zero,
happo,shock,0,36,0,7,10.0,10,0,1,1,zero,
happo,shock,0,36,1,7,12.0,12,0,10,10,zero,
happo,shock,0,36,2,7,1.0,1,0,1,1,zero,
happo,shock,0,37,0,7,16.0,16,0,8,8,zero,
happo,shock,0,37,1,7,14.0,14,0,0,0,zero,
happo,shock,0,37,2,7,1.0,1,0,16,16,zero,
happo,shock,0,38,0,8,10.0,10,0,8,8,zero,
happo,shock,0,38,1,8,22.0,22,0,0,0,zero,
happo,shock,0,38,2,8,2.0,2,0,0,0,zero,
happo,shock,0,39,0,8,10.0,10,0,13,13,zero,
happo,shock,0,39,1,8,11.0,11,0,10,10,zero,
happo,shock,0,39,2,8,12.0,12,0,0,0,zero,
happo,shock,0,40,0,7,4.0,4,0,5,5,zero,
happo,shock,0,40,1,7,16.0,16,0,16,16,zero,
happo,shock,0,40,2,7,3.0,0,3,0,0,zero,
happo,shock,0,41,0,7,5.0,5,0,5,5,zero,
happo,shock,0,41,1,7,11.0,11,0,10,10,zero,
happo,shock,0,41,2,7,3.0,3,0,19,19,zero,
happo,shock,0,42,0,7,6.0,6,0,5,5,zero,
happo,shock,0,42,1,7,6.0,6,0,3,3,zero,
happo,shock,0,42,2,7,-0.0,0,0,19,19,zero,
happo,shock,0,43,0,6,13.0,13,0,8,8,zero,
happo,shock,0,43,1,6,8.0,8,0,0,0,zero,
happo,shock,0,43,2,6,-0.0,0,0,1,1,zero,
happo,shock,0,44,0,6,12.0,12,0,5,5,zero,
happo,shock,0,44,1,6,16.0,16,0,0,0,zero,
happo,shock,0,44,2,6,-0.0,0,0,0,0,zero,
happo,shock,0,45,0,5,12.0,12,0,10,10,zero,
happo,shock,0,45,1,5,19.0,19,0,2,2,zero,
happo,shock,0,45,2,5,17.0,17,0,0,0,zero,
happo,shock,0,46,0,5,12.0,12,0,1,1,zero,
happo,shock,0,46,1,5,21.0,21,0,16,16,zero,
happo,shock,0,46,2,5,20.0,20,0,0,0,zero,
happo,shock,0,47,0,5,15.0,15,0,1,1,zero,
happo,shock,0,47,1,5,20.0,20,0,2,2,zero,
happo,shock,0,47,2,5,19.0,19,0,16,16,zero,
happo,shock,0,48,0,6,14.0,14,0,8,8,zero,
happo,shock,0,48,1,6,12.0,12,0,0,0,zero,
happo,shock,0,48,2,6,19.0,19,0,1,1,zero,
happo,shock,0,49,0,6,18.0,18,0,5,5,zero,
happo,shock,0,49,1,6,9.0,9,0,2,2,zero,
happo,shock,0,49,2,6,17.0,17,0,0,0,zero,
happo,shock,0,50,0,5,14.0,14,0,8,8,zero,
happo,shock,0,50,1,5,17.0,17,0,16,16,zero,
happo,shock,0,50,2,5,1.0,1,0,0,0,zero,
happo,shock,0,51,0,5,10.0,10,0,1,1,zero,
happo,shock,0,51,1,5,18.0,18,0,10,10,zero,
happo,shock,0,51,2,5,7.0,7,0,19,19,zero,
happo,shock,0,52,0,6,12.0,12,0,8,8,zero,
happo,shock,0,52,1,6,10.0,10,0,0,0,zero,
happo,shock,0,52,2,6,8.0,8,0,19,19,zero,
happo,shock,0,53,0,6,11.0,11,0,1,1,zero,
happo,shock,0,53,1,6,11.0,11,0,2,2,zero,
happo,shock,0,53,2,6,6.0,6,0,1,1,zero,
happo,shock,0,54,0,6,13.0,13,0,8,8,zero,
happo,shock,0,54,1,6,19.0,19,0,0,0,zero,
happo,shock,0,54,2,6,6.0,6,0,0,0,zero,
happo,shock,0,55,0,6,8.0,8,0,5,5,zero,
happo,shock,0,55,1,6,24.0,24,0,2,2,zero,
happo,shock,0,55,2,6,23.0,23,0,0,0,zero,
happo,shock,0,56,0,7,9.0,9,0,8,8,zero,
happo,shock,0,56,1,7,16.0,16,0,2,2,zero,
happo,shock,0,56,2,7,40.0,40,0,0,0,zero,
happo,shock,0,57,0,7,3.0,3,0,8,8,zero,
happo,shock,0,57,1,7,10.0,10,0,10,10,zero,
happo,shock,0,57,2,7,31.0,31,0,0,0,zero,
happo,shock,0,58,0,8,3.0,3,0,8,8,zero,
happo,shock,0,58,1,8,2.0,2,0,16,16,zero,
happo,shock,0,58,2,8,15.0,15,0,0,0,zero,
happo,shock,0,59,0,8,-0.0,0,0,8,8,zero,
happo,shock,0,59,1,8,4.0,0,4,10,10,zero,
happo,shock,0,59,2,8,5.0,5,0,19,19,zero,
happo,shock,0,60,0,9,1.0,0,1,16,16,zero,
happo,shock,0,60,1,9,18.0,0,18,10,10,zero,
happo,shock,0,60,2,9,5.0,0,5,19,19,zero,
happo,shock,0,61,0,9,2.0,0,2,8,8,zero,
happo,shock,0,61,1,9,16.0,0,16,16,16,zero,
happo,shock,0,61,2,9,21.0,0,21,19,19,zero,
happo,shock,0,62,0,10,4.0,0,4,13,13,zero,
happo,shock,0,62,1,10,13.0,0,13,16,16,zero,
happo,shock,0,62,2,10,37.0,0,37,19,19,zero,
happo,shock,0,63,0,11,11.0,0,11,13,13,zero,
happo,shock,0,63,1,11,16.0,0,16,16,16,zero,
happo,shock,0,63,2,11,34.0,0,34,19,19,zero,
happo,shock,0,64,0,12,21.0,0,21,13,13,zero,
happo,shock,0,64,1,12,24.0,0,24,16,16,zero,
happo,shock,0,64,2,12,31.0,0,31,19,19,zero,
happo,shock,0,65,0,11,22.0,0,22,13,13,zero,
happo,shock,0,65,1,11,37.0,0,37,12,12,zero,
happo,shock,0,65,2,11,24.0,0,24,19,19,zero,
happo,shock,0,66,0,12,18.0,0,18,13,13,zero,
happo,shock,0,66,1,12,50.0,0,50,10,10,zero,
happo,shock,0,66,2,12,15.0,0,15,16,16,zero,
happo,shock,0,67,0,12,20.0,0,20,13,13,zero,
happo,shock,0,67,1,12,44.0,0,44,10,10,zero,
happo,shock,0,67,2,12,6.0,0,6,1,1,zero,
happo,shock,0,68,0,10,25.0,0,25,13,13,zero,
happo,shock,0,68,1,10,38.0,0,38,10,10,zero,
happo,shock,0,68,2,10,3.0,3,0,7,7,zero,
happo,shock,0,69,0,10,35.0,0,35,13,13,zero,
happo,shock,0,69,1,10,32.0,0,32,10,10,zero,
happo,shock,0,69,2,10,12.0,12,0,16,16,zero,
happo,shock,0,70,0,11,46.0,0,46,17,17,zero,
happo,shock,0,70,1,11,30.0,0,30,17,17,zero,
happo,shock,0,70,2,11,11.0,11,0,7,7,zero,
happo,shock,0,71,0,11,38.0,0,38,17,17,zero,
happo,shock,0,71,1,11,28.0,0,28,17,17,zero,
happo,shock,0,71,2,11,5.0,0,5,20,20,zero,
happo,shock,0,72,0,11,30.0,0,30,17,17,zero,
happo,shock,0,72,1,11,29.0,0,29,17,17,zero,
happo,shock,0,72,2,11,15.0,0,15,20,20,zero,
happo,shock,0,73,0,12,23.0,0,23,17,17,zero,
happo,shock,0,73,1,12,36.0,0,36,17,17,zero,
happo,shock,0,73,2,12,16.0,0,16,20,20,zero,
happo,shock,0,74,0,13,17.0,0,17,17,17,zero,
happo,shock,0,74,1,13,36.0,0,36,17,17,zero,
happo,shock,0,74,2,13,26.0,0,26,20,20,zero,
happo,shock,0,75,0,13,11.0,0,11,17,17,zero,
happo,shock,0,75,1,13,41.0,0,41,17,17,zero,
happo,shock,0,75,2,13,23.0,0,23,20,20,zero,
happo,shock,0,76,0,13,8.0,0,8,17,17,zero,
happo,shock,0,76,1,13,51.0,0,51,17,17,zero,
happo,shock,0,76,2,13,20.0,0,20,19,19,zero,
happo,shock,0,77,0,12,10.0,0,10,17,17,zero,
happo,shock,0,77,1,12,52.0,0,52,17,17,zero,
happo,shock,0,77,2,12,17.0,0,17,19,19,zero,
happo,shock,0,78,0,9,2.0,0,2,17,17,zero,
happo,shock,0,78,1,9,62.0,0,62,17,17,zero,
happo,shock,0,78,2,9,14.0,0,14,19,19,zero,
happo,shock,0,79,0,9,1.0,1,0,17,17,zero,
happo,shock,0,79,1,9,59.0,0,59,17,17,zero,
happo,shock,0,79,2,9,11.0,0,11,19,19,zero,
happo,shock,0,80,0,11,3.0,0,3,2,2,zero,
happo,shock,0,80,1,11,41.0,0,41,17,17,zero,
happo,shock,0,80,2,11,9.0,0,9,19,19,zero,
happo,shock,0,81,0,10,3.0,3,0,2,2,zero,
happo,shock,0,81,1,10,23.0,0,23,1,1,zero,
happo,shock,0,81,2,10,9.0,9,0,20,20,zero,
happo,shock,0,82,0,11,1.0,0,1,2,2,zero,
happo,shock,0,82,1,11,5.0,0,5,0,0,zero,
happo,shock,0,82,2,11,28.0,28,0,1,1,zero,
happo,shock,0,83,0,11,8.0,8,0,1,1,zero,
happo,shock,0,83,1,11,14.0,14,0,0,0,zero,
happo,shock,0,83,2,11,47.0,47,0,0,0,zero,
happo,shock,0,84,0,11,17.0,17,0,1,1,zero,
happo,shock,0,84,1,11,32.0,32,0,4,4,zero,
happo,shock,0,84,2,11,62.0,62,0,0,0,zero,
happo,shock,0,85,0,12,25.0,25,0,16,16,zero,
happo,shock,0,85,1,12,26.0,26,0,0,0,zero,
happo,shock,0,85,2,12,82.0,82,0,0,0,zero,
happo,shock,0,86,0,12,33.0,33,0,8,8,zero,
happo,shock,0,86,1,12,18.0,18,0,18,18,zero,
happo,shock,0,86,2,12,65.0,65,0,0,0,zero,
happo,shock,0,87,0,12,27.0,27,0,16,16,zero,
happo,shock,0,87,1,12,2.0,2,0,10,10,zero,
happo,shock,0,87,2,12,55.0,55,0,0,0,zero,
happo,shock,0,88,0,14,14.0,14,0,8,8,zero,
happo,shock,0,88,1,14,2.0,0,2,16,16,zero,
happo,shock,0,88,2,14,39.0,39,0,0,0,zero,
happo,shock,0,89,0,20,10.0,10,0,17,17,zero,
happo,shock,0,89,1,20,19.0,0,19,10,10,zero,
happo,shock,0,89,2,20,29.0,29,0,17,17,zero,
happo,shock,0,90,0,20,2.0,0,2,13,13,zero,
happo,shock,0,90,1,20,14.0,0,14,16,16,zero,
happo,shock,0,90,2,20,13.0,13,0,19,19,zero,
happo,shock,0,91,0,20,6.0,0,6,13,13,zero,91
happo,shock,0,91,1,20,17.0,0,17,16,16,zero,91
happo,shock,0,91,2,20,3.0,0,3,20,20,zero,91
happo,shock,0,92,0,20,20.0,0,20,13,13,zero,91
happo,shock,0,92,1,20,14.0,0,14,16,16,zero,91
happo,shock,0,92,2,20,19.0,0,19,20,20,zero,91
happo,shock,0,93,0,20,40.0,0,40,13,13,zero,91
happo,shock,0,93,1,20,17.0,0,17,17,17,zero,91
happo,shock,0,93,2,20,19.0,0,19,20,20,zero,91
happo,shock,0,94,0,20,42.0,0,42,13,13,zero,91
happo,shock,0,94,1,20,14.0,0,14,17,17,zero,91
happo,shock,0,94,2,20,17.0,0,17,20,20,zero,91
happo,shock,0,95,0,15,47.0,0,47,17,17,zero,91
happo,shock,0,95,1,15,18.0,0,18,17,17,zero,91
happo,shock,0,95,2,15,14.0,0,14,20,20,zero,91
happo,shock,0,96,0,15,46.0,0,46,17,17,zero,91
happo,shock,0,96,1,15,35.0,0,35,17,17,zero,91
happo,shock,0,96,2,15,11.0,0,11,20,20,zero,91
happo,shock,0,97,0,15,51.0,0,51,17,17,zero,91
happo,shock,0,97,1,15,35.0,0,35,17,17,zero,91
happo,shock,0,97,2,15,8.0,0,8,20,20,zero,91
happo,shock,0,98,0,15,50.0,0,50,13,13,zero,91
happo,shock,0,98,1,15,29.0,0,29,17,17,zero,91
happo,shock,0,98,2,15,5.0,0,5,20,20,zero,91
happo,shock,0,99,0,15,52.0,0,52,17,17,zero,91
happo,shock,0,99,1,15,26.0,0,26,17,17,zero,91
happo,shock,0,99,2,15,2.0,0,2,20,20,zero,91
happo,shock,0,100,0,17,69.0,0,69,17,17,zero,91
happo,shock,0,100,1,17,23.0,0,23,17,17,zero,91
happo,shock,0,100,2,17,1.0,1,0,20,20,zero,91
happo,shock,0,101,0,18,70.0,0,70,17,17,zero,91
happo,shock,0,101,1,18,20.0,0,20,17,17,zero,91
happo,shock,0,101,2,18,4.0,4,0,7,7,zero,91
happo,shock,0,102,0,20,71.0,0,71,17,17,zero,91
happo,shock,0,102,1,20,17.0,0,17,17,17,zero,91
happo,shock,0,102,2,20,7.0,7,0,20,20,zero,91
happo,shock,0,103,0,20,71.0,0,71,17,17,zero,91
happo,shock,0,103,1,20,14.0,0,14,17,17,zero,91
happo,shock,0,103,2,20,10.0,10,0,20,20,zero,91
happo,shock,0,104,0,18,69.0,0,69,17,17,zero,91
happo,shock,0,104,1,18,12.0,0,12,17,17,zero,91
happo,shock,0,104,2,18,13.0,13,0,20,20,zero,91
happo,shock,0,105,0,17,66.0,0,66,17,17,zero,91
happo,shock,0,105,1,17,12.0,0,12,17,17,zero,91
happo,shock,0,105,2,17,3.0,3,0,7,7,zero,91
happo,shock,0,106,0,18,64.0,0,64,17,17,zero,91
happo,shock,0,106,1,18,12.0,0,12,17,17,zero,91
happo,shock,0,106,2,18,6.0,6,0,20,20,zero,91
happo,shock,0,107,0,20,64.0,0,64,17,17,zero,91
happo,shock,0,107,1,20,12.0,0,12,17,17,zero,91
happo,shock,0,107,2,20,9.0,9,0,20,20,zero,91
happo,shock,0,108,0,20,65.0,0,65,17,17,zero,91
happo,shock,0,108,1,20,12.0,0,12,17,17,zero,91
happo,shock,0,108,2,20,12.0,12,0,20,20,zero,91
happo,shock,0,109,0,13,61.0,0,61,17,17,zero,91
happo,shock,0,109,1,13,12.0,0,12,17,17,zero,91
happo,shock,0,109,2,13,2.0,2,0,7,7,zero,91
happo,shock,0,110,0,13,57.0,0,57,17,17,zero,91
happo,shock,0,110,1,13,12.0,0,12,17,17,zero,91
happo,shock,0,110,2,13,5.0,5,0,20,20,zero,91
happo,shock,0,111,0,12,52.0,0,52,17,17,zero,91
happo,shock,0,111,1,12,12.0,0,12,17,17,zero,91
happo,shock,0,111,2,12,8.0,8,0,20,20,zero,91
happo,shock,0,112,0,13,48.0,0,48,17,17,zero,91
happo,shock,0,112,1,13,12.0,0,12,17,17,zero,91
happo,shock,0,112,2,13,11.0,11,0,20,20,zero,91
happo,shock,0,113,0,13,44.0,0,44,17,17,zero,91
happo,shock,0,113,1,13,12.0,0,12,17,17,zero,91
happo,shock,0,113,2,13,1.0,1,0,7,7,zero,91
happo,shock,0,114,0,10,37.0,0,37,17,17,zero,91
happo,shock,0,114,1,10,12.0,0,12,17,17,zero,91
happo,shock,0,114,2,10,4.0,4,0,20,20,zero,91
happo,shock,0,115,0,11,31.0,0,31,17,17,zero,91
happo,shock,0,115,1,11,12.0,0,12,17,17,zero,91
happo,shock,0,115,2,11,7.0,7,0,20,20,zero,91
happo,shock,0,116,0,10,24.0,0,24,17,17,zero,91
happo,shock,0,116,1,10,12.0,0,12,17,17,zero,91
happo,shock,0,116,2,10,10.0,10,0,20,20,zero,91
happo,shock,0,117,0,9,16.0,0,16,17,17,zero,91
happo,shock,0,117,1,9,12.0,0,12,17,17,zero,91
happo,shock,0,117,2,9,-0.0,0,0,7,7,zero,91
happo,shock,0,118,0,9,8.0,0,8,2,2,zero,91
happo,shock,0,118,1,9,3.0,3,0,17,17,zero,91
happo,shock,0,118,2,9,3.0,3,0,20,20,zero,91
happo,shock,0,119,0,10,1.0,0,1,2,2,zero,91
happo,shock,0,119,1,10,18.0,18,0,0,0,zero,91
happo,shock,0,119,2,10,23.0,23,0,20,20,zero,91
happo,shock,0,120,0,10,6.0,6,0,16,16,zero,91
happo,shock,0,120,1,10,19.0,19,0,0,0,zero,91
happo,shock,0,120,2,10,43.0,43,0,0,0,zero,91
happo,shock,0,121,0,10,13.0,13,0,2,2,zero,91
happo,shock,0,121,1,10,34.0,34,0,17,17,zero,91
happo,shock,0,121,2,10,33.0,33,0,0,0,zero,91
happo,shock,0,122,0,10,17.0,17,0,16,16,zero,91
happo,shock,0,122,1,10,35.0,35,0,4,4,zero,91
happo,shock,0,122,2,10,49.0,49,0,0,0,zero,91
happo,shock,0,123,0,10,9.0,9,0,2,2,zero,91
happo,shock,0,123,1,10,33.0,33,0,6,6,zero,91
happo,shock,0,123,2,10,63.0,63,0,0,0,zero,91
happo,shock,0,124,0,12,13.0,13,0,16,16,zero,91
happo,shock,0,124,1,12,17.0,17,0,2,2,zero,91
happo,shock,0,124,2,12,61.0,61,0,0,0,zero,91
happo,shock,0,125,0,12,3.0,3,0,5,5,zero,91
happo,shock,0,125,1,12,29.0,29,0,10,10,zero,91
happo,shock,0,125,2,12,51.0,51,0,0,0,zero,91
happo,shock,0,126,0,14,5.0,5,0,16,16,zero,91
happo,shock,0,126,1,14,17.0,17,0,10,10,zero,91
happo,shock,0,126,2,14,41.0,41,0,0,0,zero,91
happo,shock,0,127,0,13,6.0,0,6,8,8,zero,91
happo,shock,0,127,1,13,15.0,15,0,16,16,zero,91
happo,shock,0,127,2,13,25.0,25,0,1,1,zero,91
happo,shock,0,128,0,14,4.0,0,4,13,13,zero,91
happo,shock,0,128,1,14,4.0,4,0,10,10,zero,91
happo,shock,0,128,2,14,15.0,15,0,20,20,zero,91
happo,shock,0,129,0,13,12.0,0,12,13,13,zero,91
happo,shock,0,129,1,13,1.0,1,0,10,10,zero,91
happo,shock,0,129,2,13,5.0,5,0,19,19,zero,91
happo,shock,0,130,0,14,10.0,0,10,17,17,zero,91
happo,shock,0,130,1,14,6.0,0,6,16,16,zero,91
happo,shock,0,130,2,14,11.0,0,11,16,16,zero,91
happo,shock,0,131,0,14,16.0,0,16,17,17,zero,91
happo,shock,0,131,1,14,7.0,0,7,16,16,zero,91
happo,shock,0,131,2,14,26.0,0,26,20,20,zero,91
happo,shock,0,132,0,12,15.0,0,15,17,17,zero,91
happo,shock,0,132,1,12,14.0,0,14,16,16,zero,91
happo,shock,0,132,2,12,22.0,0,22,20,20,zero,91
happo,shock,0,133,0,12,14.0,0,14,17,17,zero,91
happo,shock,0,133,1,12,21.0,0,21,16,16,zero,91
happo,shock,0,133,2,12,19.0,0,19,20,20,zero,91
happo,shock,0,134,0,12,15.0,0,15,17,17,zero,91
happo,shock,0,134,1,12,33.0,0,33,16,16,zero,91
happo,shock,0,134,2,12,19.0,0,19,19,19,zero,91
happo,shock,0,135,0,14,13.0,0,13,17,17,zero,91
happo,shock,0,135,1,14,49.0,0,49,16,16,zero,91
happo,shock,0,135,2,14,15.0,0,15,19,19,zero,91
happo,shock,0,136,0,13,16.0,0,16,13,13,zero,91
happo,shock,0,136,1,13,42.0,0,42,16,16,zero,91
happo,shock,0,136,2,13,11.0,0,11,19,19,zero,91
happo,shock,0,137,0,14,20.0,0,20,13,13,zero,91
happo,shock,0,137,1,14,36.0,0,36,17,17,zero,91
happo,shock,0,137,2,14,8.0,0,8,20,20,zero,91
happo,shock,0,138,0,15,30.0,0,30,13,13,zero,91
happo,shock,0,138,1,15,33.0,0,33,17,17,zero,91
happo,shock,0,138,2,15,6.0,0,6,20,20,zero,91
happo,shock,0,139,0,18,47.0,0,47,17,17,zero,91
happo,shock,0,139,1,18,30.0,0,30,17,17,zero,91
happo,shock,0,139,2,18,4.0,0,4,20,20,zero,91
happo,shock,0,140,0,20,47.0,0,47,17,17,zero,91
happo,shock,0,140,1,20,27.0,0,27,17,17,zero,91
happo,shock,0,140,2,20,2.0,0,2,20,20,zero,91
happo,shock,0,141,0,20,48.0,0,48,17,17,zero,91
happo,shock,0,141,1,20,24.0,0,24,17,17,zero,91
happo,shock,0,141,2,20,1.0,1,0,20,20,zero,91
happo,shock,0,142,0,20,52.0,0,52,17,17,zero,91
happo,shock,0,142,1,20,22.0,0,22,17,17,zero,91
happo,shock,0,142,2,20,4.0,4,0,7,7,zero,91
happo,shock,0,143,0,20,52.0,0,52,17,17,zero,91
happo,shock,0,143,1,20,20.0,0,20,17,17,zero,91
happo,shock,0,143,2,20,7.0,7,0,20,20,zero,91
happo,shock,0,144,0,20,52.0,0,52,17,17,zero,91
happo,shock,0,144,1,20,18.0,0,18,17,17,zero,91
happo,shock,0,144,2,20,10.0,10,0,20,20,zero,91
happo,shock,0,145,0,20,52.0,0,52,17,17,zero,91
happo,shock,0,145,1,20,16.0,0,16,17,17,zero,91
happo,shock,0,145,2,20,13.0,13,0,20,20,zero,91
happo,shock,0,146,0,20,53.0,0,53,17,17,zero,91
happo,shock,0,146,1,20,16.0,0,16,17,17,zero,91
happo,shock,0,146,2,20,3.0,3,0,7,7,zero,91
happo,shock,0,147,0,19,53.0,0,53,17,17,zero,91
happo,shock,0,147,1,19,16.0,0,16,17,17,zero,91
happo,shock,0,147,2,19,6.0,6,0,20,20,zero,91
happo,shock,0,148,0,19,53.0,0,53,17,17,zero,91
happo,shock,0,148,1,19,16.0,0,16,17,17,zero,91
happo,shock,0,148,2,19,9.0,9,0,20,20,zero,91
happo,shock,0,149,0,18,52.0,0,52,17,17,zero,91
happo,shock,0,149,1,18,16.0,0,16,17,17,zero,91
happo,shock,0,149,2,18,12.0,12,0,20,20,zero,91
happo,shock,0,150,0,20,55.0,0,55,17,17,zero,91
happo,shock,0,150,1,20,16.0,0,16,17,17,zero,91
happo,shock,0,150,2,20,2.0,2,0,7,7,zero,91
happo,shock,0,151,0,20,58.0,0,58,17,17,zero,91
happo,shock,0,151,1,20,16.0,0,16,17,17,zero,91
happo,shock,0,151,2,20,5.0,5,0,20,20,zero,91
happo,shock,0,152,0,20,61.0,0,61,17,17,zero,91
happo,shock,0,152,1,20,16.0,0,16,17,17,zero,91
happo,shock,0,152,2,20,8.0,8,0,20,20,zero,91
happo,shock,0,153,0,20,64.0,0,64,17,17,zero,91
happo,shock,0,153,1,20,16.0,0,16,17,17,zero,91
happo,shock,0,153,2,20,11.0,11,0,20,20,zero,91
happo,shock,0,154,0,20,67.0,0,67,17,17,zero,91
happo,shock,0,154,1,20,16.0,0,16,17,17,zero,91
happo,shock,0,154,2,20,1.0,1,0,7,7,zero,91
happo,shock,0,155,0,20,70.0,0,70,17,17,zero,91
happo,shock,0,155,1,20,16.0,0,16,17,17,zero,91
happo,shock,0,155,2,20,4.0,4,0,20,20,zero,91
happo,shock,0,156,0,20,73.0,0,73,17,17,zero,91
happo,shock,0,156,1,20,16.0,0,16,17,17,zero,91
happo,shock,0,156,2,20,7.0,7,0,20,20,zero,91
happo,shock,0,157,0,20,76.0,0,76,17,17,zero,91
happo,shock,0,157,1,20,16.0,0,16,17,17,zero,91
happo,shock,0,157,2,20,10.0,10,0,20,20,zero,91
happo,shock,0,158,0,20,79.0,0,79,17,17,zero,91
happo,shock,0,158,1,20,16.0,0,16,17,17,zero,91
happo,shock,0,158,2,20,-0.0,0,0,7,7,zero,91
happo,shock,0,159,0,20,82.0,0,82,17,17,zero,91
happo,shock,0,159,1,20,16.0,0,16,17,17,zero,91
happo,shock,0,159,2,20,3.0,3,0,20,20,zero,91
happo,shock,0,160,0,20,85.0,0,85,17,17,zero,91
happo,shock,0,160,1,20,16.0,0,16,17,17,zero,91
happo,shock,0,160,2,20,6.0,6,0,20,20,zero,91
happo,shock,0,161,0,20,88.0,0,88,17,17,zero,91
happo,shock,0,161,1,20,16.0,0,16,17,17,zero,91
happo,shock,0,161,2,20,9.0,9,0,20,20,zero,91
happo,shock,0,162,0,19,90.0,0,90,17,17,zero,91
happo,shock,0,162,1,19,16.0,0,16,17,17,zero,91
happo,shock,0,162,2,19,1.0,0,1,7,7,zero,91
happo,shock,0,163,0,18,91.0,0,91,17,17,zero,91
happo,shock,0,163,1,18,16.0,0,16,17,17,zero,91
happo,shock,0,163,2,18,2.0,2,0,20,20,zero,91
happo,shock,0,164,0,19,93.0,0,93,17,17,zero,91
happo,shock,0,164,1,19,16.0,0,16,17,17,zero,91
happo,shock,0,164,2,19,5.0,5,0,20,20,zero,91
happo,shock,0,165,0,20,96.0,0,96,17,17,zero,91
happo,shock,0,165,1,20,16.0,0,16,17,17,zero,91
happo,shock,0,165,2,20,8.0,8,0,20,20,zero,91
happo,shock,0,166,0,19,98.0,0,98,17,17,zero,91
happo,shock,0,166,1,19,17.0,0,17,17,17,zero,91
happo,shock,0,166,2,19,2.0,0,2,7,7,zero,91
happo,shock,0,167,0,19,100.0,0,100,17,17,zero,91
happo,shock,0,167,1,19,16.0,0,16,17,17,zero,91
happo,shock,0,167,2,19,1.0,1,0,20,20,zero,91
happo,shock,0,168,0,20,103.0,0,103,17,17,zero,91
happo,shock,0,168,1,20,16.0,0,16,17,17,zero,91
happo,shock,0,168,2,20,4.0,4,0,20,20,zero,91
happo,shock,0,169,0,20,106.0,0,106,17,17,zero,91
happo,shock,0,169,1,20,16.0,0,16,17,17,zero,91
happo,shock,0,169,2,20,7.0,7,0,20,20,zero,91
happo,shock,0,170,0,20,110.0,0,110,17,17,zero,91
happo,shock,0,170,1,20,18.0,0,18,17,17,zero,91
happo,shock,0,170,2,20,3.0,0,3,7,7,zero,91
happo,shock,0,171,0,20,112.0,0,112,17,17,zero,91
happo,shock,0,171,1,20,16.0,0,16,17,17,zero,91
happo,shock,0,171,2,20,-0.0,0,0,20,20,zero,91
happo,shock,0,172,0,20,115.0,0,115,17,17,zero,91
happo,shock,0,172,1,20,16.0,0,16,17,17,zero,91
happo,shock,0,172,2,20,3.0,3,0,20,20,zero,91
happo,shock,0,173,0,20,118.0,0,118,17,17,zero,91
happo,shock,0,173,1,20,16.0,0,16,17,17,zero,91
happo,shock,0,173,2,20,6.0,6,0,20,20,zero,91
happo,shock,0,174,0,20,123.0,0,123,17,17,zero,91
happo,shock,0,174,1,20,19.0,0,19,17,17,zero,91
happo,shock,0,174,2,20,4.0,0,4,7,7,zero,91
happo,shock,0,175,0,20,124.0,0,124,17,17,zero,91
happo,shock,0,175,1,20,16.0,0,16,17,17,zero,91
happo,shock,0,175,2,20,1.0,0,1,20,20,zero,91
happo,shock,0,176,0,20,127.0,0,127,17,17,zero,91
happo,shock,0,176,1,20,16.0,0,16,17,17,zero,91
happo,shock,0,176,2,20,2.0,2,0,20,20,zero,91
happo,shock,0,177,0,20,130.0,0,130,17,17,zero,91
happo,shock,0,177,1,20,16.0,0,16,17,17,zero,91
happo,shock,0,177,2,20,5.0,5,0,20,20,zero,91
happo,shock,0,178,0,20,136.0,0,136,17,17,zero,91
happo,shock,0,178,1,20,20.0,0,20,17,17,zero,91
happo,shock,0,178,2,20,5.0,0,5,7,7,zero,91
happo,shock,0,179,0,20,136.0,0,136,17,17,zero,91
happo,shock,0,179,1,20,17.0,0,17,17,17,zero,91
happo,shock,0,179,2,20,2.0,0,2,20,20,zero,91
happo,shock,0,180,0,20,139.0,0,139,17,17,zero,91
happo,shock,0,180,1,20,16.0,0,16,17,17,zero,91
happo,shock,0,180,2,20,1.0,1,0,20,20,zero,91
happo,shock,0,181,0,20,142.0,0,142,17,17,zero,91
happo,shock,0,181,1,20,16.0,0,16,17,17,zero,91
happo,shock,0,181,2,20,4.0,4,0,20,20,zero,91
happo,shock,0,182,0,20,149.0,0,149,17,17,zero,91
happo,shock,0,182,1,20,21.0,0,21,17,17,zero,91
happo,shock,0,182,2,20,6.0,0,6,16,16,zero,91
happo,shock,0,183,0,17,146.0,0,146,17,17,zero,91
happo,shock,0,183,1,17,18.0,0,18,17,17,zero,91
happo,shock,0,183,2,17,3.0,0,3,20,20,zero,91
happo,shock,0,184,0,16,144.0,0,144,17,17,zero,91
happo,shock,0,184,1,16,16.0,0,16,17,17,zero,91
happo,shock,0,184,2,16,-0.0,0,0,20,20,zero,91
happo,shock,0,185,0,16,143.0,0,143,17,17,zero,91
happo,shock,0,185,1,16,16.0,0,16,17,17,zero,91
happo,shock,0,185,2,16,3.0,3,0,20,20,zero,91
happo,shock,0,186,0,17,148.0,0,148,17,17,zero,91
happo,shock,0,186,1,17,22.0,0,22,17,17,zero,91
happo,shock,0,186,2,17,2.0,2,0,7,7,zero,91
happo,shock,0,187,0,18,146.0,0,146,17,17,zero,91
happo,shock,0,187,1,18,19.0,0,19,17,17,zero,91
happo,shock,0,187,2,18,5.0,5,0,20,20,zero,91
happo,shock,0,188,0,20,147.0,0,147,17,17,zero,91
happo,shock,0,188,1,20,16.0,0,16,17,17,zero,91
happo,shock,0,188,2,20,8.0,8,0,20,20,zero,91
happo,shock,0,189,0,17,147.0,0,147,17,17,zero,91
happo,shock,0,189,1,17,16.0,0,16,17,17,zero,91
happo,shock,0,189,2,17,11.0,11,0,20,20,zero,91
happo,shock,0,190,0,17,153.0,0,153,17,17,zero,91
happo,shock,0,190,1,17,16.0,0,16,17,17,zero,91
happo,shock,0,190,2,17,1.0,1,0,7,7,zero,91
happo,shock,0,191,0,16,149.0,0,149,17,17,zero,91
happo,shock,0,191,1,16,16.0,0,16,17,17,zero,91
happo,shock,0,191,2,16,4.0,4,0,20,20,zero,91
happo,shock,0,192,0,17,146.0,0,146,17,17,zero,91
happo,shock,0,192,1,17,16.0,0,16,17,17,zero,91
happo,shock,0,192,2,17,7.0,7,0,20,20,zero,91
happo,shock,0,193,0,17,146.0,0,146,17,17,zero,91
happo,shock,0,193,1,17,16.0,0,16,17,17,zero,91
happo,shock,0,193,2,17,10.0,10,0,20,20,zero,91
happo,shock,0,194,0,20,149.0,0,149,17,17,zero,91
happo,shock,0,194,1,20,16.0,0,16,17,17,zero,91
happo,shock,0,194,2,20,-0.0,0,0,7,7,zero,91
happo,shock,0,195,0,20,152.0,0,152,17,17,zero,91
happo,shock,0,195,1,20,16.0,0,16,17,17,zero,91
happo,shock,0,195,2,20,3.0,3,0,20,20,zero,91
happo,shock,0,196,0,20,155.0,0,155,17,17,zero,91
happo,shock,0,196,1,20,16.0,0,16,17,17,zero,91
happo,shock,0,196,2,20,6.0,6,0,20,20,zero,91
happo,shock,0,197,0,20,158.0,0,158,17,17,zero,91
happo,shock,0,197,1,20,16.0,0,16,17,17,zero,91
happo,shock,0,197,2,20,9.0,9,0,20,20,zero,91
happo,shock,0,198,0,20,161.0,0,161,17,17,zero,91
happo,shock,0,198,1,20,16.0,0,16,17,17,zero,91
happo,shock,0,198,2,20,1.0,0,1,7,7,zero,91
happo,shock,0,199,0,20,164.0,0,164,17,17,zero,91
happo,shock,0,199,1,20,16.0,0,16,17,17,zero,91
happo,shock,0,199,2,20,2.0,2,0,20,20,zero,91
happo,shock,0,200,0,20,167.0,0,167,17,17,zero,91
happo,shock,0,200,1,20,16.0,0,16,17,17,zero,91
happo,shock,0,200,2,20,5.0,5,0,20,20,zero,91
happo,shock,1,1,0,10,10.0,10,0,17,17,zero,
happo,shock,1,1,1,10,3.0,3,0,2,2,zero,
happo,shock,1,1,2,10,18.0,18,0,0,0,zero,
happo,shock,1,2,0,12,8.0,8,0,2,2,zero,
happo,shock,1,2,1,12,11.0,11,0,16,16,zero,
happo,shock,1,2,2,12,12.0,12,0,0,0,zero,
happo,shock,1,3,0,12,6.0,6,0,17,17,zero,
happo,shock,1,3,1,12,4.0,4,0,2,2,zero,
happo,shock,1,3,2,12,20.0,20,0,20,20,zero,
happo,shock,1,4,0,12,4.0,4,0,2,2,zero,
happo,shock,1,4,1,12,12.0,12,0,10,10,zero,
happo,shock,1,4,2,12,20.0,20,0,1,1,zero,
happo,shock,1,5,0,10,11.0,11,0,16,16,zero,
happo,shock,1,5,1,10,2.0,0,2,10,10,zero,
happo,shock,1,5,2,10,10.0,10,0,7,7,zero,
happo,shock,1,6,0,10,3.0,3,0,2,2,zero,
happo,shock,1,6,1,10,12.0,12,0,10,10,zero,
happo,shock,1,6,2,10,-0.0,0,0,7,7,zero,
happo,shock,1,7,0,11,9.0,9,0,8,8,zero,
happo,shock,1,7,1,11,6.0,6,0,3,3,zero,
happo,shock,1,7,2,11,17.0,17,0,20,20,zero,
happo,shock,1,8,0,11,-0.0,0,0,8,8,zero,
happo,shock,1,8,1,11,8.0,8,0,10,10,zero,
happo,shock,1,8,2,11,8.0,8,0,1,1,zero,
happo,shock,1,9,0,10,4.0,4,0,8,8,zero,
happo,shock,1,9,1,10,10.0,10,0,10,10,zero,
happo,shock,1,9,2,10,5.0,5,0,0,0,zero,
happo,shock,1,10,0,9,1.0,0,1,13,13,zero,
happo,shock,1,10,1,9,7.0,7,0,10,10,zero,
happo,shock,1,10,2,9,2.0,2,0,20,20,zero,
happo,shock,1,11,0,9,2.0,0,2,13,13,zero,
happo,shock,1,11,1,9,3.0,0,3,16,16,zero,
happo,shock,1,11,2,9,6.0,6,0,20,20,zero,
happo,shock,1,12,0,12,6.0,0,6,13,13,zero,
happo,shock,1,12,1,12,6.0,0,6,16,16,zero,
happo,shock,1,12,2,12,9.0,0,9,20,20,zero,
happo,shock,1,13,0,11,9.0,0,9,13,13,zero,
happo,shock,1,13,1,11,9.0,0,9,16,16,zero,
happo,shock,1,13,2,11,25.0,0,25,20,20,zero,
happo,shock,1,14,0,11,7.0,0,7,17,17,zero,
happo,shock,1,14,1,11,16.0,0,16,16,16,zero,
happo,shock,1,14,2,11,21.0,0,21,20,20,zero,
happo,shock,1,15,0,11,8.0,0,8,17,17,zero,
happo,shock,1,15,1,11,17.0,0,17,16,16,zero,
happo,shock,1,15,2,11,17.0,0,17,20,20,zero,
happo,shock,1,16,0,11,9.0,0,9,13,13,zero,
happo,shock,1,16,1,11,23.0,0,23,16,16,zero,
happo,shock,1,16,2,11,13.0,0,13,20,20,zero,
happo,shock,1,17,0,11,10.0,0,10,17,17,zero,
happo,shock,1,17,1,11,40.0,0,40,16,16,zero,
happo,shock,1,17,2,11,9.0,0,9,20,20,zero,
happo,shock,1,18,0,12,12.0,0,12,13,13,zero,
happo,shock,1,18,1,12,33.0,0,33,16,16,zero,
happo,shock,1,18,2,12,5.0,0,5,20,20,zero,
happo,shock,1,19,0,12,8.0,0,8,8,8,zero,
happo,shock,1,19,1,12,21.0,0,21,17,17,zero,
happo,shock,1,19,2,12,2.0,0,2,16,16,zero,
happo,shock,1,20,0,11,12.0,0,12,8,8,zero,
happo,shock,1,20,1,11,9.0,0,9,4,4,zero,
happo,shock,1,20,2,11,14.0,14,0,20,20,zero,
happo,shock,1,21,0,12,24.0,0,24,2,2,zero,
happo,shock,1,21,1,12,9.0,9,0,4,4,zero,
happo,shock,1,21,2,12,30.0,30,0,0,0,zero,
happo,shock,1,22,0,13,17.0,0,17,17,17,zero,
happo,shock,1,22,1,13,12.0,12,0,4,4,zero,
happo,shock,1,22,2,13,46.0,46,0,0,0,zero,
happo,shock,1,23,0,12,9.0,0,9,17,17,zero,
happo,shock,1,23,1,12,15.0,15,0,17,17,zero,
happo,shock,1,23,2,12,45.0,45,0,0,0,zero,
happo,shock,1,24,0,12,1.0,0,1,17,17,zero,
happo,shock,1,24,1,12,4.0,4,0,17,17,zero,
happo,shock,1,24,2,12,48.0,48,0,7,7,zero,
happo,shock,1,25,0,11,1.0,0,1,2,2,zero,
happo,shock,1,25,1,11,6.0,6,0,17,17,zero,
happo,shock,1,25,2,11,31.0,31,0,20,20,zero,
happo,shock,1,26,0,10,6.0,6,0,16,16,zero,
happo,shock,1,26,1,10,6.0,0,6,6,6,zero,
happo,shock,1,26,2,10,25.0,25,0,20,20,zero,
happo,shock,1,27,0,10,13.0,13,0,8,8,zero,
happo,shock,1,27,1,10,3.0,3,0,16,16,zero,
happo,shock,1,27,2,10,9.0,9,0,7,7,zero,
happo,shock,1,28,0,9,21.0,21,0,2,2,zero,
happo,shock,1,28,1,9,18.0,18,0,6,6,zero,
happo,shock,1,28,2,9,10.0,10,0,7,7,zero,
happo,shock,1,29,0,10,13.0,13,0,16,16,zero,
happo,shock,1,29,1,10,19.0,19,0,0,0,zero,
happo,shock,1,29,2,10,30.0,30,0,0,0,zero,
happo,shock,1,30,0,9,14.0,14,0,2,2,zero,
happo,shock,1,30,1,9,23.0,23,0,16,16,zero,
happo,shock,1,30,2,9,34.0,34,0,0,0,zero,
happo,shock,1,31,0,10,18.0,18,0,16,16,zero,
happo,shock,1,31,1,10,23.0,23,0,2,2,zero,
happo,shock,1,31,2,10,39.0,39,0,16,16,zero,
happo,shock,1,32,0,10,10.0,10,0,2,2,zero,
happo,shock,1,32,1,10,27.0,27,0,10,10,zero,
happo,shock,1,32,2,10,36.0,36,0,0,0,zero,
happo,shock,1,33,0,9,17.0,17,0,8,8,zero,
happo,shock,1,33,1,9,19.0,19,0,10,10,zero,
happo,shock,1,33,2,9,26.0,26,0,0,0,zero,
happo,shock,1,34,0,9,10.0,10,0,5,5,zero,
happo,shock,1,34,1,9,30.0,30,0,3,3,zero,
happo,shock,1,34,2,9,23.0,23,0,7,7,zero,
happo,shock,1,35,0,9,17.0,17,0,8,8,zero,
happo,shock,1,35,1,9,24.0,24,0,3,3,zero,
happo,shock,1,35,2,9,36.0,36,0,0,0,zero,
happo,shock,1,36,0,8,11.0,11,0,8,8,zero,
happo,shock,1,36,1,8,26.0,26,0,2,2,zero,
happo,shock,1,36,2,8,34.0,34,0,0,0,zero,
happo,shock,1,37,0,8,11.0,11,0,13,13,zero,
happo,shock,1,37,1,8,23.0,23,0,10,10,zero,
happo,shock,1,37,2,8,24.0,24,0,0,0,zero,
happo,shock,1,38,0,8,8.0,8,0,2,2,zero,
happo,shock,1,38,1,8,24.0,24,0,10,10,zero,
happo,shock,1,38,2,8,21.0,21,0,17,17,zero,
happo,shock,1,39,0,8,8.0,8,0,16,16,zero,
happo,shock,1,39,1,8,11.0,11,0,2,2,zero,
happo,shock,1,39,2,8,19.0,19,0,19,19,zero,
happo,shock,1,40,0,7,9.0,9,0,2,2,zero,
happo,shock,1,40,1,7,11.0,11,0,16,16,zero,
happo,shock,1,40,2,7,3.0,3,0,0,0,zero,
happo,shock,1,41,0,8,14.0,14,0,1,1,zero,
happo,shock,1,41,1,8,20.0,20,0,2,2,zero,
happo,shock,1,41,2,8,1.0,1,0,0,0,zero,
happo,shock,1,42,0,7,9.0,9,0,8,8,zero,
happo,shock,1,42,1,7,22.0,22,0,0,0,zero,
happo,shock,1,42,2,7,18.0,18,0,0,0,zero,
happo,shock,1,43,0,7,18.0,18,0,8,8,zero,
happo,shock,1,43,1,7,16.0,16,0,2,2,zero,
happo,shock,1,43,2,7,35.0,35,0,0,0,zero,
happo,shock,1,44,0,7,13.0,13,0,8,8,zero,
happo,shock,1,44,1,7,24.0,24,0,10,10,zero,
happo,shock,1,44,2,7,25.0,25,0,0,0,zero,
happo,shock,1,45,0,7,7.0,7,0,8,8,zero,
happo,shock,1,45,1,7,18.0,18,0,10,10,zero,
happo,shock,1,45,2,7,15.0,15,0,1,1,zero,
happo,shock,1,46,0,8,7.0,7,0,5,5,zero,
happo,shock,1,46,1,8,13.0,13,0,10,10,zero,
happo,shock,1,46,2,8,5.0,5,0,19,19,zero,
happo,shock,1,47,0,8,7.0,7,0,17,17,zero,
happo,shock,1,47,1,8,2.0,0,2,3,3,zero,
happo,shock,1,47,2,8,2.0,2,0,19,19,zero,
happo,shock,1,48,0,7,8.0,8,0,2,2,zero,
happo,shock,1,48,1,7,6.0,6,0,16,16,zero,
happo,shock,1,48,2,7,14.0,0,14,1,1,zero,
happo,shock,1,49,0,8,8.0,8,0,1,1,zero,
happo,shock,1,49,1,8,15.0,15,0,16,16,zero,
happo,shock,1,49,2,8,29.0,0,29,16,16,zero,
happo,shock,1,50,0,7,6.0,6,0,8,8,zero,
happo,shock,1,50,1,7,17.0,17,0,3,3,zero,
happo,shock,1,50,2,7,13.0,0,13,19,19,zero,
happo,shock,1,51,0,8,13.0,13,0,8,8,zero,
happo,shock,1,51,1,8,12.0,12,0,3,3,zero,
happo,shock,1,51,2,8,3.0,3,0,1,1,zero,
happo,shock,1,52,0,7,10.0,10,0,13,13,zero,
happo,shock,1,52,1,7,1.0,1,0,0,0,zero,
happo,shock,1,52,2,7,4.0,4,0,0,0,zero,
happo,shock,1,53,0,7,4.0,4,0,5,5,zero,
happo,shock,1,53,1,7,3.0,0,3,10,10,zero,
happo,shock,1,53,2,7,10.0,10,0,0,0,zero,
happo,shock,1,54,0,7,5.0,5,0,8,8,zero,
happo,shock,1,54,1,7,8.0,8,0,16,16,zero,
happo,shock,1,54,2,7,13.0,13,0,0,0,zero,
happo,shock,1,55,0,6,7.0,7,0,2,2,zero,
happo,shock,1,55,1,6,22.0,22,0,10,10,zero,
happo,shock,1,55,2,6,4.0,4,0,19,19,zero,
happo,shock,1,56,0,6,14.0,14,0,8,8,zero,
happo,shock,1,56,1,6,14.0,14,0,0,0,zero,
happo,shock,1,56,2,6,4.0,4,0,19,19,zero,
happo,shock,1,57,0,5,11.0,11,0,1,1,zero,
happo,shock,1,57,1,5,23.0,23,0,0,0,zero,
happo,shock,1,57,2,5,4.0,4,0,1,1,zero,
happo,shock,1,58,0,5,17.0,17,0,8,8,zero,
happo,shock,1,58,1,5,31.0,31,0,0,0,zero,
happo,shock,1,58,2,5,4.0,4,0,0,0,zero,
happo,shock,1,59,0,4,15.0,15,0,1,1,zero,
happo,shock,1,59,1,4,40.0,40,0,0,0,zero,
happo,shock,1,59,2,4,23.0,23,0,0,0,zero,
happo,shock,1,60,0,4,19.0,19,0,1,1,zero,
happo,shock,1,60,1,4,39.0,39,0,0,0,zero,
happo,shock,1,60,2,4,42.0,42,0,0,0,zero,
happo,shock,1,61,0,4,16.0,16,0,1,1,zero,
happo,shock,1,61,1,4,38.0,38,0,0,0,zero,
happo,shock,1,61,2,4,43.0,43,0,0,0,zero,
happo,shock,1,62,0,5,19.0,19,0,5,5,zero,
happo,shock,1,62,1,5,33.0,33,0,0,0,zero,
happo,shock,1,62,2,5,43.0,43,0,0,0,zero,
happo,shock,1,63,0,5,15.0,15,0,5,5,zero,
happo,shock,1,63,1,5,28.0,28,0,0,0,zero,
happo,shock,1,63,2,5,43.0,43,0,0,0,zero,
happo,shock,1,64,0,4,12.0,12,0,8,8,zero,
happo,shock,1,64,1,4,20.0,20,0,0,0,zero,
happo,shock,1,64,2,4,43.0,43,0,0,0,zero,
happo,shock,1,65,0,4,9.0,9,0,1,1,zero,
happo,shock,1,65,1,4,19.0,19,0,4,4,zero,
happo,shock,1,65,2,4,39.0,39,0,0,0,zero,
happo,shock,1,66,0,4,10.0,10,0,1,1,zero,
happo,shock,1,66,1,4,18.0,18,0,2,2,zero,
happo,shock,1,66,2,4,37.0,37,0,0,0,zero,
happo,shock,1,67,0,4,11.0,11,0,8,8,zero,
happo,shock,1,67,1,4,10.0,10,0,0,0,zero,
happo,shock,1,67,2,4,37.0,37,0,0,0,zero,
happo,shock,1,68,0,4,15.0,15,0,1,1,zero,
happo,shock,1,68,1,4,9.0,9,0,10,10,zero,
happo,shock,1,68,2,4,27.0,27,0,0,0,zero,
happo,shock,1,69,0,4,12.0,12,0,8,8,zero,
happo,shock,1,69,1,4,5.0,5,0,2,2,zero,
happo,shock,1,69,2,4,25.0,25,0,1,1,zero,
happo,shock,1,70,0,4,9.0,9,0,1,1,zero,
happo,shock,1,70,1,4,6.0,6,0,2,2,zero,
happo,shock,1,70,2,4,23.0,23,0,0,0,zero,
happo,shock,1,71,0,3,14.0,14,0,1,1,zero,
happo,shock,1,71,1,3,5.0,5,0,0,0,zero,
happo,shock,1,71,2,3,23.0,23,0,0,0,zero,
happo,shock,1,72,0,3,12.0,12,0,1,1,zero,
happo,shock,1,72,1,3,14.0,14,0,0,0,zero,
happo,shock,1,72,2,3,23.0,23,0,0,0,zero,
happo,shock,1,73,0,3,17.0,17,0,1,1,zero,
happo,shock,1,73,1,3,15.0,15,0,0,0,zero,
happo,shock,1,73,2,3,24.0,24,0,0,0,zero,
happo,shock,1,74,0,3,15.0,15,0,1,1,zero,
happo,shock,1,74,1,3,16.0,16,0,0,0,zero,
happo,shock,1,74,2,3,24.0,24,0,0,0,zero,
happo,shock,1,75,0,3,13.0,13,0,1,1,zero,
happo,shock,1,75,1,3,15.0,15,0,0,0,zero,
happo,shock,1,75,2,3,24.0,24,0,0,0,zero,
happo,shock,1,76,0,2,12.0,12,0,8,8,zero,
happo,shock,1,76,1,2,7.0,7,0,0,0,zero,
happo,shock,1,76,2,2,24.0,24,0,0,0,zero,
happo,shock,1,77,0,3,10.0,10,0,1,1,zero,
happo,shock,1,77,1,3,6.0,6,0,4,4,zero,
happo,shock,1,77,2,3,20.0,20,0,0,0,zero,
happo,shock,1,78,0,3,8.0,8,0,1,1,zero,
happo,shock,1,78,1,3,5.0,5,0,2,2,zero,
happo,shock,1,78,2,3,18.0,18,0,0,0,zero,
happo,shock,1,79,0,4,5.0,5,0,1,1,zero,
happo,shock,1,79,1,4,4.0,4,0,3,3,zero,
happo,shock,1,79,2,4,15.0,15,0,0,0,zero,
happo,shock,1,80,0,4,9.0,9,0,8,8,zero,
happo,shock,1,80,1,4,4.0,0,4,0,0,zero,
happo,shock,1,80,2,4,15.0,15,0,0,0,zero,
happo,shock,1,81,0,4,6.0,6,0,8,8,zero,81
happo,shock,1,81,1,4,8.0,0,8,16,16,zero,81
happo,shock,1,81,2,4,1.0,0,1,0,0,zero,81
happo,shock,1,82,0,3,4.0,4,0,13,13,zero,81
happo,shock,1,82,1,3,19.0,0,19,16,16,zero,81
happo,shock,1,82,2,3,17.0,0,17,17,17,zero,81
happo,shock,1,83,0,4,1.0,1,0,8,8,zero,81
happo,shock,1,83,1,4,24.0,0,24,16,16,zero,81
happo,shock,1,83,2,4,33.0,0,33,19,19,zero,81
happo,shock,1,84,0,4,1.0,1,0,8,8,zero,81
happo,shock,1,84,1,4,32.0,0,32,16,16,zero,81
happo,shock,1,84,2,4,49.0,0,49,19,19,zero,81
happo,shock,1,85,0,3,2.0,2,0,8,8,zero,81
happo,shock,1,85,1,3,25.0,0,25,16,16,zero,81
happo,shock,1,85,2,3,65.0,0,65,19,19,zero,81
happo,shock,1,86,0,3,1.0,1,0,2,2,zero,81
happo,shock,1,86,1,3,27.0,0,27,16,16,zero,81
happo,shock,1,86,2,3,64.0,0,64,19,19,zero,81
happo,shock,1,87,0,3,1.0,1,0,1,1,zero,81
happo,shock,1,87,1,3,28.0,0,28,10,10,zero,81
happo,shock,1,87,2,3,55.0,0,55,19,19,zero,81
happo,shock,1,88,0,2,1.0,0,1,1,1,zero,81
happo,shock,1,88,1,2,29.0,0,29,3,3,zero,81
happo,shock,1,88,2,2,39.0,0,39,1,1,zero,81
happo,shock,1,89,0,2,12.0,12,0,8,8,zero,81
happo,shock,1,89,1,2,37.0,0,37,3,3,zero,81
happo,shock,1,89,2,2,23.0,0,23,0,0,zero,81
happo,shock,1,90,0,2,10.0,10,0,5,5,zero,81
happo,shock,1,90,1,2,25.0,0,25,0,0,zero,81
happo,shock,1,90,2,2,4.0,0,4,0,0,zero,81
happo,shock,1,91,0,2,8.0,8,0,1,1,zero,81
happo,shock,1,91,1,2,7.0,0,7,0,0,zero,81
happo,shock,1,91,2,2,15.0,15,0,0,0,zero,81
happo,shock,1,92,0,2,6.0,6,0,1,1,zero,81
happo,shock,1,92,1,2,11.0,11,0,0,0,zero,81
happo,shock,1,92,2,2,16.0,16,0,0,0,zero,81
happo,shock,1,93,0,3,3.0,3,0,1,1,zero,81
happo,shock,1,93,1,3,29.0,29,0,0,0,zero,81
happo,shock,1,93,2,3,16.0,16,0,0,0,zero,81
happo,shock,1,94,0,2,18.0,18,0,1,1,zero,81
happo,shock,1,94,1,2,47.0,47,0,0,0,zero,81
happo,shock,1,94,2,2,16.0,16,0,0,0,zero,81
happo,shock,1,95,0,3,34.0,34,0,1,1,zero,81
happo,shock,1,95,1,3,50.0,50,0,0,0,zero,81
happo,shock,1,95,2,3,16.0,16,0,0,0,zero,81
happo,shock,1,96,0,2,40.0,40,0,1,1,zero,81
happo,shock,1,96,1,2,49.0,49,0,0,0,zero,81
happo,shock,1,96,2,2,16.0,16,0,0,0,zero,81
happo,shock,1,97,0,2,39.0,39,0,1,1,zero,81
happo,shock,1,97,1,2,48.0,48,0,0,0,zero,81
happo,shock,1,97,2,2,16.0,16,0,0,0,zero,81
happo,shock,1,98,0,2,38.0,38,0,1,1,zero,81
happo,shock,1,98,1,2,47.0,47,0,0,0,zero,81
happo,shock,1,98,2,2,16.0,16,0,0,0,zero,81
happo,shock,1,99,0,2,37.0,37,0,1,1,zero,81
happo,shock,1,99,1,2,46.0,46,0,0,0,zero,81
happo,shock,1,99,2,2,16.0,16,0,0,0,zero,81
happo,shock,1,100,0,2,36.0,36,0,1,1,zero,81
happo,shock,1,100,1,2,45.0,45,0,0,0,zero,81
happo,shock,1,100,2,2,16.0,16,0,0,0,zero,81
happo,shock,1,101,0,2,35.0,35,0,1,1,zero,81
happo,shock,1,101,1,2,44.0,44,0,0,0,zero,81
happo,shock,1,101,2,2,16.0,16,0,0,0,zero,81
happo,shock,1,102,0,3,33.0,33,0,1,1,zero,81
happo,shock,1,102,1,3,43.0,43,0,0,0,zero,81
happo,shock,1,102,2,3,16.0,16,0,0,0,zero,81
happo,shock,1,103,0,3,31.0,31,0,1,1,zero,81
happo,shock,1,103,1,3,42.0,42,0,0,0,zero,81
happo,shock,1,103,2,3,16.0,16,0,0,0,zero,81
happo,shock,1,104,0,3,29.0,29,0,1,1,zero,81
happo,shock,1,104,1,3,41.0,41,0,0,0,zero,81
happo,shock,1,104,2,3,16.0,16,0,0,0,zero,81
happo,shock,1,105,0,2,28.0,28,0,1,1,zero,81
happo,shock,1,105,1,2,40.0,40,0,0,0,zero,81
happo,shock,1,105,2,2,16.0,16,0,0,0,zero,81
happo,shock,1,106,0,3,26.0,26,0,1,1,zero,81
happo,shock,1,106,1,3,39.0,39,0,0,0,zero,81
happo,shock,1,106,2,3,16.0,16,0,0,0,zero,81
happo,shock,1,107,0,2,25.0,25,0,1,1,zero,81
happo,shock,1,107,1,2,38.0,38,0,0,0,zero,81
happo,shock,1,107,2,2,16.0,16,0,0,0,zero,81
happo,shock,1,108,0,2,24.0,24,0,1,1,zero,81
happo,shock,1,108,1,2,37.0,37,0,0,0,zero,81
happo,shock,1,108,2,2,16.0,16,0,0,0,zero,81
happo,shock,1,109,0,2,23.0,23,0,1,1,zero,81
happo,shock,1,109,1,2,36.0,36,0,0,0,zero,81
happo,shock,1,109,2,2,16.0,16,0,0,0,zero,81
happo,shock,1,110,0,2,22.0,22,0,1,1,zero,81
happo,shock,1,110,1,2,35.0,35,0,0,0,zero,81
happo,shock,1,110,2,2,16.0,16,0,0,0,zero,81
happo,shock,1,111,0,2,21.0,21,0,1,1,zero,81
happo,shock,1,111,1,2,34.0,34,0,0,0,zero,81
happo,shock,1,111,2,2,16.0,16,0,0,0,zero,81
happo,shock,1,112,0,2,20.0,20,0,1,1,zero,81
happo,shock,1,112,1,2,33.0,33,0,0,0,zero,81
happo,shock,1,112,2,2,16.0,16,0,0,0,zero,81
happo,shock,1,113,0,2,19.0,19,0,1,1,zero,81
happo,shock,1,113,1,2,32.0,32,0,0,0,zero,81
happo,shock,1,113,2,2,16.0,16,0,0,0,zero,81
happo,shock,1,114,0,2,18.0,18,0,1,1,zero,81
happo,shock,1,114,1,2,31.0,31,0,0,0,zero,81
happo,shock,1,114,2,2,16.0,16,0,0,0,zero,81
happo,shock,1,115,0,3,16.0,16,0,1,1,zero,81
happo,shock,1,115,1,3,30.0,30,0,0,0,zero,81
happo,shock,1,115,2,3,16.0,16,0,0,0,zero,81
happo,shock,1,116,0,2,15.0,15,0,1,1,zero,81
happo,shock,1,116,1,2,29.0,29,0,0,0,zero,81
happo,shock,1,116,2,2,16.0,16,0,0,0,zero,81
happo,shock,1,117,0,2,14.0,14,0,1,1,zero,81
happo,shock,1,117,1,2,28.0,28,0,0,0,zero,81
happo,shock,1,117,2,2,16.0,16,0,0,0,zero,81
happo,shock,1,118,0,2,13.0,13,0,1,1,zero,81
happo,shock,1,118,1,2,27.0,27,0,0,0,zero,81
happo,shock,1,118,2,2,16.0,16,0,0,0,zero,81
happo,shock,1,119,0,2,12.0,12,0,1,1,zero,81
happo,shock,1,119,1,2,26.0,26,0,0,0,zero,81
happo,shock,1,119,2,2,16.0,16,0,0,0,zero,81
happo,shock,1,120,0,2,11.0,11,0,1,1,zero,81
happo,shock,1,120,1,2,25.0,25,0,0,0,zero,81
happo,shock,1,120,2,2,16.0,16,0,0,0,zero,81
happo,shock,1,121,0,3,9.0,9,0,1,1,zero,81
happo,shock,1,121,1,3,24.0,24,0,0,0,zero,81
happo,shock,1,121,2,3,16.0,16,0,0,0,zero,81
happo,shock,1,122,0,3,7.0,7,0,8,8,zero,81
happo,shock,1,122,1,3,16.0,16,0,0,0,zero,81
happo,shock,1,122,2,3,16.0,16,0,0,0,zero,81
happo,shock,1,123,0,3,5.0,5,0,1,1,zero,81
happo,shock,1,123,1,3,15.0,15,0,0,0,zero,81
happo,shock,1,123,2,3,16.0,16,0,0,0,zero,81
happo,shock,1,124,0,3,3.0,3,0,1,1,zero,81
happo,shock,1,124,1,3,14.0,14,0,2,2,zero,81
happo,shock,1,124,2,3,14.0,14,0,0,0,zero,81
happo,shock,1,125,0,2,2.0,2,0,1,1,zero,81
happo,shock,1,125,1,2,13.0,13,0,0,0,zero,81
happo,shock,1,125,2,2,14.0,14,0,0,0,zero,81
happo,shock,1,126,0,2,8.0,8,0,8,8,zero,81
happo,shock,1,126,1,2,5.0,5,0,0,0,zero,81
happo,shock,1,126,2,2,14.0,14,0,0,0,zero,81
happo,shock,1,127,0,2,7.0,7,0,1,1,zero,81
happo,shock,1,127,1,2,4.0,4,0,16,16,zero,81
happo,shock,1,127,2,2,2.0,0,2,0,0,zero,81
happo,shock,1,128,0,2,6.0,6,0,1,1,zero,81
happo,shock,1,128,1,2,5.0,5,0,2,2,zero,81
happo,shock,1,128,2,2,4.0,0,4,4,4,zero,81
happo,shock,1,129,0,1,6.0,6,0,1,1,zero,81
happo,shock,1,129,1,1,4.0,4,0,0,0,zero,81
happo,shock,1,129,2,1,4.0,0,4,19,19,zero,81
happo,shock,1,130,0,1,13.0,13,0,1,1,zero,81
happo,shock,1,130,1,1,3.0,3,0,0,0,zero,81
happo,shock,1,130,2,1,4.0,0,4,1,1,zero,81
happo,shock,1,131,0,1,13.0,13,0,1,1,zero,81
happo,shock,1,131,1,1,16.0,16,0,0,0,zero,81
happo,shock,1,131,2,1,4.0,0,4,0,0,zero,81
happo,shock,1,132,0,1,13.0,13,0,1,1,zero,81
happo,shock,1,132,1,1,15.0,15,0,0,0,zero,81
happo,shock,1,132,2,1,-0.0,0,0,0,0,zero,81
happo,shock,1,133,0,1,13.0,13,0,1,1,zero,81
happo,shock,1,133,1,1,14.0,14,0,0,0,zero,81
happo,shock,1,133,2,1,19.0,19,0,0,0,zero,81
happo,shock,1,134,0,1,13.0,13,0,1,1,zero,81
happo,shock,1,134,1,1,13.0,13,0,0,0,zero,81
happo,shock,1,134,2,1,20.0,20,0,0,0,zero,81
happo,shock,1,135,0,1,13.0,13,0,1,1,zero,81
happo,shock,1,135,1,1,12.0,12,0,0,0,zero,81
happo,shock,1,135,2,1,20.0,20,0,0,0,zero,81
happo,shock,1,136,0,1,13.0,13,0,1,1,zero,81
happo,shock,1,136,1,1,15.0,15,0,0,0,zero,81
happo,shock,1,136,2,1,20.0,20,0,0,0,zero,81
happo,shock,1,137,0,1,13.0,13,0,1,1,zero,81
happo,shock,1,137,1,1,14.0,14,0,0,0,zero,81
happo,shock,1,137,2,1,20.0,20,0,0,0,zero,81
happo,shock,1,138,0,1,13.0,13,0,1,1,zero,81
happo,shock,1,138,1,1,13.0,13,0,0,0,zero,81
happo,shock,1,138,2,1,20.0,20,0,0,0,zero,81
happo,shock,1,139,0,1,13.0,13,0,1,1,zero,81
happo,shock,1,139,1,1,12.0,12,0,0,0,zero,81
happo,shock,1,139,2,1,20.0,20,0,0,0,zero,81
happo,shock,1,140,0,1,13.0,13,0,1,1,zero,81
happo,shock,1,140,1,1,11.0,11,0,0,0,zero,81
happo,shock,1,140,2,1,20.0,20,0,0,0,zero,81
happo,shock,1,141,0,1,13.0,13,0,1,1,zero,81
happo,shock,1,141,1,1,10.0,10,0,0,0,zero,81
happo,shock,1,141,2,1,20.0,20,0,0,0,zero,81
happo,shock,1,142,0,1,13.0,13,0,1,1,zero,81
happo,shock,1,142,1,1,9.0,9,0,0,0,zero,81
happo,shock,1,142,2,1,20.0,20,0,0,0,zero,81
happo,shock,1,143,0,1,13.0,13,0,1,1,zero,81
happo,shock,1,143,1,1,8.0,8,0,0,0,zero,81
happo,shock,1,143,2,1,20.0,20,0,0,0,zero,81
happo,shock,1,144,0,1,13.0,13,0,1,1,zero,81
happo,shock,1,144,1,1,7.0,7,0,0,0,zero,81
happo,shock,1,144,2,1,20.0,20,0,0,0,zero,81
happo,shock,1,145,0,1,13.0,13,0,1,1,zero,81
happo,shock,1,145,1,1,6.0,6,0,0,0,zero,81
happo,shock,1,145,2,1,20.0,20,0,0,0,zero,81
happo,shock,1,146,0,1,13.0,13,0,1,1,zero,81
happo,shock,1,146,1,1,5.0,5,0,0,0,zero,81
happo,shock,1,146,2,1,20.0,20,0,0,0,zero,81
happo,shock,1,147,0,1,13.0,13,0,1,1,zero,81
happo,shock,1,147,1,1,4.0,4,0,2,2,zero,81
happo,shock,1,147,2,1,18.0,18,0,0,0,zero,81
happo,shock,1,148,0,1,13.0,13,0,1,1,zero,81
happo,shock,1,148,1,1,3.0,3,0,2,2,zero,81
happo,shock,1,148,2,1,16.0,16,0,0,0,zero,81
happo,shock,1,149,0,1,13.0,13,0,1,1,zero,81
happo,shock,1,149,1,1,2.0,2,0,0,0,zero,81
happo,shock,1,149,2,1,16.0,16,0,0,0,zero,81
happo,shock,1,150,0,1,13.0,13,0,1,1,zero,81
happo,shock,1,150,1,1,1.0,1,0,0,0,zero,81
happo,shock,1,150,2,1,16.0,16,0,0,0,zero,81
happo,shock,1,151,0,1,13.0,13,0,1,1,zero,81
happo,shock,1,151,1,1,2.0,2,0,0,0,zero,81
happo,shock,1,151,2,1,16.0,16,0,0,0,zero,81
happo,shock,1,152,0,1,13.0,13,0,1,1,zero,81
happo,shock,1,152,1,1,3.0,3,0,2,2,zero,81
happo,shock,1,152,2,1,14.0,14,0,0,0,zero,81
happo,shock,1,153,0,1,13.0,13,0,1,1,zero,81
happo,shock,1,153,1,1,2.0,2,0,3,3,zero,81
happo,shock,1,153,2,1,11.0,11,0,0,0,zero,81
happo,shock,1,154,0,1,13.0,13,0,1,1,zero,81
happo,shock,1,154,1,1,1.0,1,0,0,0,zero,81
happo,shock,1,154,2,1,11.0,11,0,0,0,zero,81
happo,shock,1,155,0,1,13.0,13,0,1,1,zero,81
happo,shock,1,155,1,1,-0.0,0,0,0,0,zero,81
happo,shock,1,155,2,1,11.0,11,0,0,0,zero,81
happo,shock,1,156,0,1,13.0,13,0,1,1,zero,81
happo,shock,1,156,1,1,1.0,1,0,0,0,zero,81
happo,shock,1,156,2,1,11.0,11,0,0,0,zero,81
happo,shock,1,157,0,2,12.0,12,0,1,1,zero,81
happo,shock,1,157,1,2,3.0,3,0,0,0,zero,81
happo,shock,1,157,2,2,11.0,11,0,0,0,zero,81
happo,shock,1,158,0,2,11.0,11,0,1,1,zero,81
happo,shock,1,158,1,2,2.0,2,0,10,10,zero,81
happo,shock,1,158,2,2,1.0,1,0,0,0,zero,81
happo,shock,1,159,0,2,10.0,10,0,1,1,zero,81
happo,shock,1,159,1,2,1.0,1,0,0,0,zero,81
happo,shock,1,159,2,2,1.0,1,0,4,4,zero,81
happo,shock,1,160,0,2,9.0,9,0,1,1,zero,81
happo,shock,1,160,1,2,-0.0,0,0,0,0,zero,81
happo,shock,1,160,2,2,1.0,1,0,1,1,zero,81
happo,shock,1,161,0,2,8.0,8,0,1,1,zero,81
happo,shock,1,161,1,2,1.0,0,1,0,0,zero,81
happo,shock,1,161,2,2,1.0,1,0,0,0,zero,81
happo,shock,1,162,0,2,7.0,7,0,1,1,zero,81
happo,shock,1,162,1,2,8.0,8,0,0,0,zero,81
happo,shock,1,162,2,2,1.0,1,0,0,0,zero,81
happo,shock,1,163,0,1,7.0,7,0,1,1,zero,81
happo,shock,1,163,1,1,7.0,7,0,0,0,zero,81
happo,shock,1,163,2,1,5.0,5,0,0,0,zero,81
happo,shock,1,164,0,2,6.0,6,0,1,1,zero,81
happo,shock,1,164,1,2,6.0,6,0,0,0,zero,81
happo,shock,1,164,2,2,6.0,6,0,0,0,zero,81
happo,shock,1,165,0,2,4.0,4,0,1,1,zero,81
happo,shock,1,165,1,2,5.0,5,0,0,0,zero,81
happo,shock,1,165,2,2,6.0,6,0,0,0,zero,81
happo,shock,1,166,0,2,4.0,4,0,8,8,zero,81
happo,shock,1,166,1,2,3.0,0,3,2,2,zero,81
happo,shock,1,166,2,2,4.0,4,0,0,0,zero,81
happo,shock,1,167,0,2,3.0,3,0,1,1,zero,81
happo,shock,1,167,1,2,4.0,0,4,16,16,zero,81
happo,shock,1,167,2,2,12.0,0,12,1,1,zero,81
happo,shock,1,168,0,2,2.0,2,0,1,1,zero,81
happo,shock,1,168,1,2,5.0,0,5,10,10,zero,81
happo,shock,1,168,2,2,22.0,0,22,19,19,zero,81
happo,shock,1,169,0,1,2.0,2,0,1,1,zero,81
happo,shock,1,169,1,1,6.0,0,6,10,10,zero,81
happo,shock,1,169,2,1,32.0,0,32,19,19,zero,81
happo,shock,1,170,0,1,6.0,6,0,8,8,zero,81
happo,shock,1,170,1,1,12.0,0,12,12,12,zero,81
happo,shock,1,170,2,1,44.0,0,44,19,19,zero,81
happo,shock,1,171,0,2,4.0,4,0,1,1,zero,81
happo,shock,1,171,1,2,9.0,0,9,16,16,zero,81
happo,shock,1,171,2,2,59.0,0,59,19,19,zero,81
happo,shock,1,172,0,2,2.0,2,0,1,1,zero,81
happo,shock,1,172,1,2,10.0,0,10,12,12,zero,81
happo,shock,1,172,2,2,52.0,0,52,19,19,zero,81
happo,shock,1,173,0,2,-0.0,0,0,1,1,zero,81
happo,shock,1,173,1,2,11.0,0,11,3,3,zero,81
happo,shock,1,173,2,2,36.0,0,36,19,19,zero,81
happo,shock,1,174,0,2,-0.0,0,0,5,5,zero,81
happo,shock,1,174,1,2,16.0,0,16,3,3,zero,81
happo,shock,1,174,2,2,20.0,0,20,0,0,zero,81
happo,shock,1,175,0,2,2.0,2,0,8,8,zero,81
happo,shock,1,175,1,2,23.0,0,23,0,0,zero,81
happo,shock,1,175,2,2,1.0,0,1,0,0,zero,81
happo,shock,1,176,0,1,1.0,1,0,8,8,zero,81
happo,shock,1,176,1,1,12.0,0,12,0,0,zero,81
happo,shock,1,176,2,1,18.0,18,0,0,0,zero,81
happo,shock,1,177,0,1,-0.0,0,0,2,2,zero,81
happo,shock,1,177,1,1,5.0,5,0,0,0,zero,81
happo,shock,1,177,2,1,37.0,37,0,0,0,zero,81
happo,shock,1,178,0,1,1.0,0,1,1,1,zero,81
happo,shock,1,178,1,1,23.0,23,0,0,0,zero,81
happo,shock,1,178,2,1,37.0,37,0,0,0,zero,81
happo,shock,1,179,0,1,1.0,0,1,1,1,zero,81
happo,shock,1,179,1,1,41.0,41,0,0,0,zero,81
happo,shock,1,179,2,1,37.0,37,0,0,0,zero,81
happo,shock,1,180,0,1,17.0,17,0,5,5,zero,81
happo,shock,1,180,1,1,37.0,37,0,0,0,zero,81
happo,shock,1,180,2,1,37.0,37,0,0,0,zero,81
happo,shock,1,181,0,1,30.0,30,0,1,1,zero,81
happo,shock,1,181,1,1,36.0,36,0,0,0,zero,81
happo,shock,1,181,2,1,37.0,37,0,0,0,zero,81
happo,shock,1,182,0,1,30.0,30,0,1,1,zero,81
happo,shock,1,182,1,1,35.0,35,0,0,0,zero,81
happo,shock,1,182,2,1,37.0,37,0,0,0,zero,81
happo,shock,1,183,0,1,30.0,30,0,1,1,zero,81
happo,shock,1,183,1,1,34.0,34,0,0,0,zero,81
happo,shock,1,183,2,1,37.0,37,0,0,0,zero,81
happo,shock,1,184,0,2,33.0,33,0,1,1,zero,81
happo,shock,1,184,1,2,33.0,33,0,0,0,zero,81
happo,shock,1,184,2,2,37.0,37,0,0,0,zero,81
happo,shock,1,185,0,2,32.0,32,0,1,1,zero,81
happo,shock,1,185,1,2,32.0,32,0,0,0,zero,81
happo,shock,1,185,2,2,37.0,37,0,0,0,zero,81
happo,shock,1,186,0,2,31.0,31,0,1,1,zero,81
happo,shock,1,186,1,2,31.0,31,0,0,0,zero,81
happo,shock,1,186,2,2,37.0,37,0,0,0,zero,81
happo,shock,1,187,0,2,30.0,30,0,1,1,zero,81
happo,shock,1,187,1,2,30.0,30,0,0,0,zero,81
happo,shock,1,187,2,2,37.0,37,0,0,0,zero,81
happo,shock,1,188,0,2,29.0,29,0,1,1,zero,81
happo,shock,1,188,1,2,29.0,29,0,0,0,zero,81
happo,shock,1,188,2,2,37.0,37,0,0,0,zero,81
happo,shock,1,189,0,2,28.0,28,0,1,1,zero,81
happo,shock,1,189,1,2,28.0,28,0,0,0,zero,81
happo,shock,1,189,2,2,37.0,37,0,0,0,zero,81
happo,shock,1,190,0,2,27.0,27,0,1,1,zero,81
happo,shock,1,190,1,2,27.0,27,0,0,0,zero,81
happo,shock,1,190,2,2,37.0,37,0,0,0,zero,81
happo,shock,1,191,0,2,26.0,26,0,1,1,zero,81
happo,shock,1,191,1,2,26.0,26,0,0,0,zero,81
happo,shock,1,191,2,2,37.0,37,0,0,0,zero,81
happo,shock,1,192,0,2,25.0,25,0,1,1,zero,81
happo,shock,1,192,1,2,25.0,25,0,0,0,zero,81
happo,shock,1,192,2,2,37.0,37,0,0,0,zero,81
happo,shock,1,193,0,2,24.0,24,0,1,1,zero,81
happo,shock,1,193,1,2,24.0,24,0,0,0,zero,81
happo,shock,1,193,2,2,37.0,37,0,0,0,zero,81
happo,shock,1,194,0,2,23.0,23,0,1,1,zero,81
happo,shock,1,194,1,2,23.0,23,0,0,0,zero,81
happo,shock,1,194,2,2,37.0,37,0,0,0,zero,81
happo,shock,1,195,0,2,22.0,22,0,1,1,zero,81
happo,shock,1,195,1,2,22.0,22,0,0,0,zero,81
happo,shock,1,195,2,2,37.0,37,0,0,0,zero,81
happo,shock,1,196,0,1,22.0,22,0,1,1,zero,81
happo,shock,1,196,1,1,21.0,21,0,0,0,zero,81
happo,shock,1,196,2,1,37.0,37,0,0,0,zero,81
happo,shock,1,197,0,1,22.0,22,0,1,1,zero,81
happo,shock,1,197,1,1,20.0,20,0,0,0,zero,81
happo,shock,1,197,2,1,37.0,37,0,0,0,zero,81
happo,shock,1,198,0,1,22.0,22,0,1,1,zero,81
happo,shock,1,198,1,1,19.0,19,0,0,0,zero,81
happo,shock,1,198,2,1,37.0,37,0,0,0,zero,81
happo,shock,1,199,0,1,22.0,22,0,1,1,zero,81
happo,shock,1,199,1,1,18.0,18,0,0,0,zero,81
happo,shock,1,199,2,1,37.0,37,0,0,0,zero,81
happo,shock,1,200,0,1,22.0,22,0,1,1,zero,81
happo,shock,1,200,1,1,17.0,17,0,0,0,zero,81
happo,shock,1,200,2,1,37.0,37,0,0,0,zero,81
happo,shock,2,1,0,10,10.0,10,0,17,17,zero,
happo,shock,2,1,1,10,3.0,3,0,2,2,zero,
happo,shock,2,1,2,10,18.0,18,0,0,0,zero,
happo,shock,2,2,0,10,10.0,10,0,2,2,zero,
happo,shock,2,2,1,10,11.0,11,0,16,16,zero,
happo,shock,2,2,2,10,12.0,12,0,0,0,zero,
happo,shock,2,3,0,9,11.0,11,0,16,16,zero,
happo,shock,2,3,1,9,5.0,5,0,2,2,zero,
happo,shock,2,3,2,9,20.0,20,0,20,20,zero,
happo,shock,2,4,0,9,12.0,12,0,2,2,zero,
happo,shock,2,4,1,9,13.0,13,0,10,10,zero,
happo,shock,2,4,2,9,20.0,20,0,1,1,zero,
happo,shock,2,5,0,10,19.0,19,0,8,8,zero,
happo,shock,2,5,1,10,7.0,7,0,10,10,zero,
happo,shock,2,5,2,10,10.0,10,0,7,7,zero,
happo,shock,2,6,0,10,11.0,11,0,8,8,zero,
happo,shock,2,6,1,10,15.0,15,0,3,3,zero,
happo,shock,2,6,2,10,7.0,7,0,7,7,zero,
happo,shock,2,7,0,11,16.0,16,0,8,8,zero,
happo,shock,2,7,1,11,9.0,9,0,10,10,zero,
happo,shock,2,7,2,11,17.0,17,0,0,0,zero,
happo,shock,2,8,0,9,9.0,9,0,13,13,zero,
happo,shock,2,8,1,9,6.0,6,0,10,10,zero,
happo,shock,2,8,2,9,8.0,8,0,16,16,zero,
happo,shock,2,9,0,9,8.0,8,0,8,8,zero,
happo,shock,2,9,1,9,8.0,8,0,16,16,zero,
happo,shock,2,9,2,9,1.0,0,1,20,20,zero,
happo,shock,2,10,0,11,5.0,5,0,16,16,zero,
happo,shock,2,10,1,11,5.0,0,5,10,10,zero,
happo,shock,2,10,2,11,4.0,0,4,20,20,zero,
happo,shock,2,11,0,12,1.0,1,0,16,16,zero,
happo,shock,2,11,1,12,11.0,0,11,16,16,zero,
happo,shock,2,11,2,12,20.0,0,20,16,16,zero,
happo,shock,2,12,0,12,2.0,2,0,17,17,zero,
happo,shock,2,12,1,12,18.0,0,18,16,16,zero,
happo,shock,2,12,2,12,20.0,0,20,20,20,zero,
happo,shock,2,13,0,13,3.0,0,3,13,13,zero,
happo,shock,2,13,1,13,16.0,0,16,16,16,zero,
happo,shock,2,13,2,13,16.0,0,16,20,20,zero,
happo,shock,2,14,0,12,4.0,0,4,13,13,zero,
happo,shock,2,14,1,12,22.0,0,22,16,16,zero,
happo,shock,2,14,2,12,12.0,0,12,20,20,zero,
happo,shock,2,15,0,12,6.0,0,6,13,13,zero,
happo,shock,2,15,1,12,35.0,0,35,16,16,zero,
happo,shock,2,15,2,12,12.0,0,12,19,19,zero,
happo,shock,2,16,0,12,8.0,0,8,13,13,zero,
happo,shock,2,16,1,12,32.0,0,32,12,12,zero,
happo,shock,2,16,2,12,4.0,0,4,20,20,zero,
happo,shock,2,17,0,11,4.0,0,4,8,8,zero,
happo,shock,2,17,1,11,20.0,0,20,10,10,zero,
happo,shock,2,17,2,11,6.0,6,0,7,7,zero,
happo,shock,2,18,0,11,8.0,0,8,8,8,zero,
happo,shock,2,18,1,11,8.0,0,8,4,4,zero,
happo,shock,2,18,2,11,22.0,22,0,0,0,zero,
happo,shock,2,19,0,12,20.0,0,20,5,5,zero,
happo,shock,2,19,1,12,3.0,3,0,4,4,zero,
happo,shock,2,19,2,12,37.0,37,0,0,0,zero,
happo,shock,2,20,0,13,17.0,0,17,17,17,zero,
happo,shock,2,20,1,13,6.0,6,0,17,17,zero,
happo,shock,2,20,2,13,40.0,40,0,0,0,zero,
happo,shock,2,21,0,12,9.0,0,9,17,17,zero,
happo,shock,2,21,1,12,3.0,3,0,17,17,zero,
happo,shock,2,21,2,12,30.0,30,0,20,20,zero,
happo,shock,2,22,0,12,1.0,0,1,17,17,zero,
happo,shock,2,22,1,12,10.0,0,10,17,17,zero,
happo,shock,2,22,2,12,13.0,13,0,20,20,zero,
happo,shock,2,23,0,13,1.0,0,1,17,17,zero,
happo,shock,2,23,1,13,23.0,0,23,17,17,zero,
happo,shock,2,23,2,13,4.0,0,4,20,20,zero,
happo,shock,2,24,0,13,3.0,3,0,16,16,zero,
happo,shock,2,24,1,13,22.0,0,22,17,17,zero,
happo,shock,2,24,2,13,21.0,0,21,20,20,zero,
happo,shock,2,25,0,12,8.0,8,0,8,8,zero,
happo,shock,2,25,1,12,13.0,0,13,17,17,zero,
happo,shock,2,25,2,12,18.0,0,18,20,20,zero,
happo,shock,2,26,0,13,2.0,2,0,16,16,zero,
happo,shock,2,26,1,13,12.0,0,12,17,17,zero,
happo,shock,2,26,2,13,15.0,0,15,20,20,zero,
happo,shock,2,27,0,12,6.0,0,6,8,8,zero,
happo,shock,2,27,1,12,7.0,0,7,17,17,zero,
happo,shock,2,27,2,12,12.0,0,12,20,20,zero,
happo,shock,2,28,0,13,2.0,0,2,16,16,zero,
happo,shock,2,28,1,13,23.0,0,23,1,1,zero,
happo,shock,2,28,2,13,7.0,7,0,20,20,zero,
happo,shock,2,29,0,11,4.0,4,0,16,16,zero,
happo,shock,2,29,1,11,19.0,0,19,1,1,zero,
happo,shock,2,29,2,11,26.0,26,0,1,1,zero,
happo,shock,2,30,0,11,10.0,10,0,5,5,zero,
happo,shock,2,30,1,11,4.0,0,4,17,17,zero,
happo,shock,2,30,2,11,29.0,29,0,0,0,zero,
happo,shock,2,31,0,11,12.0,12,0,2,2,zero,
happo,shock,2,31,1,11,14.0,14,0,17,17,zero,
happo,shock,2,31,2,11,32.0,32,0,0,0,zero,
happo,shock,2,32,0,10,2.0,2,0,1,1,zero,
happo,shock,2,32,1,10,26.0,26,0,0,0,zero,
happo,shock,2,32,2,10,52.0,52,0,20,20,zero,
happo,shock,2,33,0,11,11.0,11,0,8,8,zero,
happo,shock,2,33,1,11,19.0,19,0,0,0,zero,
happo,shock,2,33,2,11,53.0,53,0,0,0,zero,
happo,shock,2,34,0,11,20.0,20,0,8,8,zero,
happo,shock,2,34,1,11,28.0,28,0,4,4,zero,
happo,shock,2,34,2,11,49.0,49,0,0,0,zero,
happo,shock,2,35,0,10,16.0,16,0,13,13,zero,
happo,shock,2,35,1,10,32.0,32,0,2,2,zero,
happo,shock,2,35,2,10,47.0,47,0,0,0,zero,
happo,shock,2,36,0,10,7.0,7,0,8,8,zero,
happo,shock,2,36,1,10,24.0,24,0,16,16,zero,
happo,shock,2,36,2,10,51.0,51,0,0,0,zero,
happo,shock,2,37,0,11,4.0,4,0,13,13,zero,
happo,shock,2,37,1,11,11.0,11,0,10,10,zero,
happo,shock,2,37,2,11,41.0,41,0,1,1,zero,
happo,shock,2,38,0,11,1.0,1,0,8,8,zero,
happo,shock,2,38,1,11,7.0,7,0,16,16,zero,
happo,shock,2,38,2,11,25.0,25,0,4,4,zero,
happo,shock,2,39,0,10,4.0,4,0,13,13,zero,
happo,shock,2,39,1,10,4.0,0,4,10,10,zero,
happo,shock,2,39,2,10,15.0,15,0,20,20,zero,
happo,shock,2,40,0,10,2.0,2,0,16,16,zero,
happo,shock,2,40,1,10,4.0,0,4,16,16,zero,
happo,shock,2,40,2,10,1.0,0,1,19,19,zero,
happo,shock,2,41,0,11,4.0,4,0,8,8,zero,
happo,shock,2,41,1,11,2.0,0,2,16,16,zero,
happo,shock,2,41,2,11,16.0,0,16,20,20,zero,
happo,shock,2,42,0,11,1.0,1,0,16,16,zero,
happo,shock,2,42,1,11,2.0,0,2,16,16,zero,
happo,shock,2,42,2,11,28.0,0,28,20,20,zero,
happo,shock,2,43,0,12,2.0,0,2,5,5,zero,
happo,shock,2,43,1,12,3.0,3,0,16,16,zero,
happo,shock,2,43,2,12,24.0,0,24,20,20,zero,
happo,shock,2,44,0,11,3.0,3,0,16,16,zero,
happo,shock,2,44,1,11,2.0,2,0,7,7,zero,
happo,shock,2,44,2,11,12.0,0,12,19,19,zero,
happo,shock,2,45,0,11,2.0,2,0,5,5,zero,
happo,shock,2,45,1,11,2.0,0,2,3,3,zero,
happo,shock,2,45,2,11,5.0,5,0,1,1,zero,
happo,shock,2,46,0,12,6.0,6,0,16,16,zero,
happo,shock,2,46,1,12,14.0,0,14,0,0,zero,
happo,shock,2,46,2,12,25.0,25,0,0,0,zero,
happo,shock,2,47,0,10,3.0,3,0,8,8,zero,
happo,shock,2,47,1,10,2.0,0,2,12,12,zero,
happo,shock,2,47,2,10,33.0,33,0,0,0,zero,
happo,shock,2,48,0,10,9.0,9,0,5,5,zero,
happo,shock,2,48,1,10,12.0,12,0,16,16,zero,
happo,shock,2,48,2,10,36.0,36,0,0,0,zero,
happo,shock,2,49,0,12,-0.0,0,0,8,8,zero,
happo,shock,2,49,1,12,19.0,19,0,2,2,zero,
happo,shock,2,49,2,12,35.0,35,0,19,19,zero,
happo,shock,2,50,0,11,7.0,0,7,8,8,zero,
happo,shock,2,50,1,11,11.0,11,0,2,2,zero,
happo,shock,2,50,2,11,33.0,33,0,1,1,zero,
happo,shock,2,51,0,11,2.0,2,0,8,8,zero,
happo,shock,2,51,1,11,15.0,15,0,16,16,zero,
happo,shock,2,51,2,11,17.0,17,0,0,0,zero,
happo,shock,2,52,0,13,4.0,0,4,13,13,zero,
happo,shock,2,52,1,13,18.0,18,0,10,10,zero,
happo,shock,2,52,2,13,7.0,7,0,16,16,zero,
happo,shock,2,53,0,13,9.0,0,9,13,13,zero,
happo,shock,2,53,1,13,7.0,7,0,10,10,zero,
happo,shock,2,53,2,13,16.0,16,0,19,19,zero,
happo,shock,2,54,0,13,14.0,0,14,13,13,zero,
happo,shock,2,54,1,13,4.0,0,4,16,16,zero,
happo,shock,2,54,2,13,1.0,1,0,16,16,zero,
happo,shock,2,55,0,13,19.0,0,19,17,17,zero,
happo,shock,2,55,1,13,5.0,0,5,16,16,zero,
happo,shock,2,55,2,13,15.0,0,15,16,16,zero,
happo,shock,2,56,0,12,18.0,0,18,17,17,zero,
happo,shock,2,56,1,12,12.0,0,12,16,16,zero,
happo,shock,2,56,2,12,15.0,0,15,20,20,zero,
happo,shock,2,57,0,10,15.0,0,15,17,17,zero,
happo,shock,2,57,1,10,19.0,0,19,16,16,zero,
happo,shock,2,57,2,10,12.0,0,12,20,20,zero,
happo,shock,2,58,0,12,18.0,0,18,17,17,zero,
happo,shock,2,58,1,12,20.0,0,20,16,16,zero,
happo,shock,2,58,2,12,12.0,0,12,20,20,zero,
happo,shock,2,59,0,13,15.0,0,15,17,17,zero,
happo,shock,2,59,1,13,36.0,0,36,16,16,zero,
happo,shock,2,59,2,13,12.0,0,12,20,20,zero,
happo,shock,2,60,0,13,18.0,0,18,17,17,zero,
happo,shock,2,60,1,13,37.0,0,37,16,16,zero,
happo,shock,2,60,2,13,8.0,0,8,20,20,zero,
happo,shock,2,61,0,14,22.0,0,22,13,13,zero,
happo,shock,2,61,1,14,31.0,0,31,17,17,zero,
happo,shock,2,61,2,14,5.0,0,5,20,20,zero,
happo,shock,2,62,0,15,21.0,0,21,17,17,zero,
happo,shock,2,62,1,15,32.0,0,32,17,17,zero,
happo,shock,2,62,2,15,2.0,0,2,20,20,zero,
happo,shock,2,63,0,16,36.0,0,36,17,17,zero,
happo,shock,2,63,1,16,33.0,0,33,17,17,zero,
happo,shock,2,63,2,16,1.0,1,0,20,20,zero,
happo,shock,2,64,0,14,34.0,0,34,17,17,zero,
happo,shock,2,64,1,14,30.0,0,30,17,17,zero,
happo,shock,2,64,2,14,4.0,4,0,7,7,zero,
happo,shock,2,65,0,14,29.0,0,29,17,17,zero,
happo,shock,2,65,1,14,27.0,0,27,17,17,zero,
happo,shock,2,65,2,14,7.0,7,0,20,20,zero,
happo,shock,2,66,0,11,24.0,0,24,17,17,zero,
happo,shock,2,66,1,11,24.0,0,24,17,17,zero,
happo,shock,2,66,2,11,10.0,10,0,20,20,zero,
happo,shock,2,67,0,12,20.0,0,20,17,17,zero,
happo,shock,2,67,1,12,22.0,0,22,17,17,zero,
happo,shock,2,67,2,12,13.0,13,0,20,20,zero,
happo,shock,2,68,0,12,12.0,0,12,17,17,zero,
happo,shock,2,68,1,12,22.0,0,22,17,17,zero,
happo,shock,2,68,2,12,3.0,3,0,7,7,zero,
happo,shock,2,69,0,10,2.0,0,2,17,17,zero,
happo,shock,2,69,1,10,22.0,0,22,17,17,zero,
happo,shock,2,69,2,10,6.0,6,0,20,20,zero,
happo,shock,2,70,0,10,8.0,8,0,2,2,zero,
happo,shock,2,70,1,10,7.0,0,7,17,17,zero,
happo,shock,2,70,2,10,9.0,9,0,20,20,zero,
happo,shock,2,71,0,10,17.0,17,0,2,2,zero,
happo,shock,2,71,1,10,8.0,8,0,1,1,zero,
happo,shock,2,71,2,10,28.0,28,0,20,20,zero,
happo,shock,2,72,0,10,24.0,24,0,1,1,zero,
happo,shock,2,72,1,10,24.0,24,0,0,0,zero,
happo,shock,2,72,2,10,35.0,35,0,0,0,zero,
happo,shock,2,73,0,10,31.0,31,0,7,7,zero,
happo,shock,2,73,1,10,34.0,34,0,0,0,zero,
happo,shock,2,73,2,10,55.0,55,0,0,0,zero,
happo,shock,2,74,0,9,39.0,39,0,5,5,zero,
happo,shock,2,74,1,9,46.0,46,0,4,4,zero,
happo,shock,2,74,2,9,71.0,71,0,0,0,zero,
happo,shock,2,75,0,8,40.0,40,0,2,2,zero,
happo,shock,2,75,1,8,45.0,45,0,4,4,zero,
happo,shock,2,75,2,8,87.0,87,0,0,0,zero,
happo,shock,2,76,0,8,33.0,33,0,1,1,zero,
happo,shock,2,76,1,8,44.0,44,0,2,2,zero,
happo,shock,2,76,2,8,85.0,85,0,0,0,zero,
happo,shock,2,77,0,8,32.0,32,0,8,8,zero,
happo,shock,2,77,1,8,36.0,36,0,0,0,zero,
happo,shock,2,77,2,8,85.0,85,0,0,0,zero,
happo,shock,2,78,0,8,29.0,29,0,5,5,zero,
happo,shock,2,78,1,8,35.0,35,0,2,2,zero,
happo,shock,2,78,2,8,83.0,83,0,0,0,zero,
happo,shock,2,79,0,8,23.0,23,0,8,8,zero,
happo,shock,2,79,1,8,31.0,31,0,2,2,zero,
happo,shock,2,79,2,8,81.0,81,0,0,0,zero,
happo,shock,2,80,0,8,16.0,16,0,8,8,zero,
happo,shock,2,80,1,8,25.0,25,0,2,2,zero,
happo,shock,2,80,2,8,79.0,79,0,0,0,zero,
happo,shock,2,81,0,8,16.0,16,0,8,8,zero,
happo,shock,2,81,1,8,17.0,17,0,10,10,zero,
happo,shock,2,81,2,8,69.0,69,0,0,0,zero,
happo,shock,2,82,0,8,13.0,13,0,8,8,zero,
happo,shock,2,82,1,8,11.0,11,0,10,10,zero,
happo,shock,2,82,2,8,59.0,59,0,0,0,zero,
happo,shock,2,83,0,7,14.0,14,0,8,8,zero,
happo,shock,2,83,1,7,5.0,5,0,16,16,zero,
happo,shock,2,83,2,7,43.0,43,0,0,0,zero,
happo,shock,2,84,0,11,11.0,11,0,1,1,zero,
happo,shock,2,84,1,11,6.0,6,0,10,10,zero,
happo,shock,2,84,2,11,33.0,33,0,17,17,zero,
happo,shock,2,85,0,11,8.0,8,0,16,16,zero,
happo,shock,2,85,1,11,-0.0,0,0,0,0,zero,
happo,shock,2,85,2,11,33.0,33,0,4,4,zero,
happo,shock,2,86,0,11,5.0,5,0,8,8,zero,86
happo,shock,2,86,1,11,2.0,2,0,12,12,zero,86
happo,shock,2,86,2,11,21.0,21,0,0,0,zero,86
happo,shock,2,87,0,12,1.0,1,0,13,13,zero,86
happo,shock,2,87,1,12,5.0,5,0,16,16,zero,86
happo,shock,2,87,2,12,5.0,5,0,0,0,zero,86
happo,shock,2,88,0,11,9.0,0,9,8,8,zero,86
happo,shock,2,88,1,11,7.0,7,0,16,16,zero,86
happo,shock,2,88,2,11,6.0,6,0,20,20,zero,86
happo,shock,2,89,0,11,4.0,0,4,13,13,zero,86
happo,shock,2,89,1,11,6.0,0,6,3,3,zero,86
happo,shock,2,89,2,11,7.0,7,0,20,20,zero,86
happo,shock,2,90,0,12,8.0,0,8,13,13,zero,86
happo,shock,2,90,1,12,7.0,0,7,16,16,zero,86
happo,shock,2,90,2,12,9.0,0,9,1,1,zero,86
happo,shock,2,91,0,14,9.0,0,9,13,13,zero,86
happo,shock,2,91,1,14,4.0,0,4,16,16,zero,86
happo,shock,2,91,2,14,25.0,0,25,16,16,zero,86
happo,shock,2,92,0,14,15.0,0,15,13,13,zero,86
happo,shock,2,92,1,14,1.0,0,1,16,16,zero,86
happo,shock,2,92,2,14,21.0,0,21,19,19,zero,86
happo,shock,2,93,0,15,23.0,0,23,13,13,zero,86
happo,shock,2,93,1,15,11.0,0,11,16,16,zero,86
happo,shock,2,93,2,15,17.0,0,17,19,19,zero,86
happo,shock,2,94,0,14,25.0,0,25,17,17,zero,86
happo,shock,2,94,1,14,21.0,0,21,16,16,zero,86
happo,shock,2,94,2,14,32.0,0,32,19,19,zero,86
happo,shock,2,95,0,15,24.0,0,24,13,13,zero,86
happo,shock,2,95,1,15,34.0,0,34,16,16,zero,86
happo,shock,2,95,2,15,32.0,0,32,19,19,zero,86
happo,shock,2,96,0,12,20.0,0,20,13,13,zero,86
happo,shock,2,96,1,12,27.0,0,27,16,16,zero,86
happo,shock,2,96,2,12,29.0,0,29,19,19,zero,86
happo,shock,2,97,0,14,31.0,0,31,13,13,zero,86
happo,shock,2,97,1,14,20.0,0,20,16,16,zero,86
happo,shock,2,97,2,14,26.0,0,26,19,19,zero,86
happo,shock,2,98,0,15,39.0,0,39,13,13,zero,86
happo,shock,2,98,1,15,32.0,0,32,16,16,zero,86
happo,shock,2,98,2,15,23.0,0,23,19,19,zero,86
happo,shock,2,99,0,15,54.0,0,54,17,17,zero,86
happo,shock,2,99,1,15,33.0,0,33,17,17,zero,86
happo,shock,2,99,2,15,21.0,0,21,19,19,zero,86
happo,shock,2,100,0,14,48.0,0,48,17,17,zero,86
happo,shock,2,100,1,14,31.0,0,31,17,17,zero,86
happo,shock,2,100,2,14,19.0,0,19,19,19,zero,86
happo,shock,2,101,0,15,43.0,0,43,17,17,zero,86
happo,shock,2,101,1,15,29.0,0,29,17,17,zero,86
happo,shock,2,101,2,15,17.0,0,17,19,19,zero,86
happo,shock,2,102,0,12,54.0,0,54,17,17,zero,86
happo,shock,2,102,1,12,27.0,0,27,17,17,zero,86
happo,shock,2,102,2,12,15.0,0,15,19,19,zero,86
happo,shock,2,103,0,12,50.0,0,50,17,17,zero,86
happo,shock,2,103,1,12,25.0,0,25,17,17,zero,86
happo,shock,2,103,2,12,13.0,0,13,19,19,zero,86
happo,shock,2,104,0,8,39.0,0,39,17,17,zero,86
happo,shock,2,104,1,8,23.0,0,23,17,17,zero,86
happo,shock,2,104,2,8,11.0,0,11,19,19,zero,86
happo,shock,2,105,0,8,28.0,0,28,17,17,zero,86
happo,shock,2,105,1,8,21.0,0,21,17,17,zero,86
happo,shock,2,105,2,8,9.0,0,9,19,19,zero,86
happo,shock,2,106,0,8,17.0,0,17,0,0,zero,86
happo,shock,2,106,1,8,2.0,0,2,17,17,zero,86
happo,shock,2,106,2,8,7.0,0,7,20,20,zero,86
happo,shock,2,107,0,7,5.0,0,5,1,1,zero,86
happo,shock,2,107,1,7,16.0,16,0,1,1,zero,86
happo,shock,2,107,2,7,11.0,11,0,20,20,zero,86
happo,shock,2,108,0,7,7.0,7,0,1,1,zero,86
happo,shock,2,108,1,7,34.0,34,0,0,0,zero,86
happo,shock,2,108,2,7,30.0,30,0,0,0,zero,86
happo,shock,2,109,0,7,19.0,19,0,7,7,zero,86
happo,shock,2,109,1,7,46.0,46,0,0,0,zero,86
happo,shock,2,109,2,7,49.0,49,0,0,0,zero,86
happo,shock,2,110,0,8,30.0,30,0,5,5,zero,86
happo,shock,2,110,1,8,60.0,60,0,0,0,zero,86
happo,shock,2,110,2,8,69.0,69,0,0,0,zero,86
happo,shock,2,111,0,8,25.0,25,0,8,8,zero,86
happo,shock,2,111,1,8,60.0,60,0,0,0,zero,86
happo,shock,2,111,2,8,89.0,89,0,0,0,zero,86
happo,shock,2,112,0,8,18.0,18,0,8,8,zero,86
happo,shock,2,112,1,8,52.0,52,0,4,4,zero,86
happo,shock,2,112,2,8,85.0,85,0,0,0,zero,86
happo,shock,2,113,0,8,17.0,17,0,8,8,zero,86
happo,shock,2,113,1,8,44.0,44,0,2,2,zero,86
happo,shock,2,113,2,8,83.0,83,0,0,0,zero,86
happo,shock,2,114,0,9,13.0,13,0,8,8,zero,86
happo,shock,2,114,1,9,36.0,36,0,2,2,zero,86
happo,shock,2,114,2,9,81.0,81,0,0,0,zero,86
happo,shock,2,115,0,9,12.0,12,0,17,17,zero,86
happo,shock,2,115,1,9,19.0,19,0,10,10,zero,86
happo,shock,2,115,2,9,71.0,71,0,0,0,zero,86
happo,shock,2,116,0,8,12.0,12,0,2,2,zero,86
happo,shock,2,116,1,8,21.0,21,0,16,16,zero,86
happo,shock,2,116,2,8,55.0,55,0,0,0,zero,86
happo,shock,2,117,0,9,11.0,11,0,10,10,zero,86
happo,shock,2,117,1,9,13.0,13,0,10,10,zero,86
happo,shock,2,117,2,9,45.0,45,0,1,1,zero,86
happo,shock,2,118,0,8,11.0,11,0,2,2,zero,86
happo,shock,2,118,1,8,13.0,13,0,2,2,zero,86
happo,shock,2,118,2,8,43.0,43,0,1,1,zero,86
happo,shock,2,119,0,9,19.0,19,0,8,8,zero,86
happo,shock,2,119,1,9,15.0,15,0,3,3,zero,86
happo,shock,2,119,2,9,40.0,40,0,0,0,zero,86
happo,shock,2,120,0,8,13.0,13,0,8,8,zero,86
happo,shock,2,120,1,8,23.0,23,0,2,2,zero,86
happo,shock,2,120,2,8,38.0,38,0,0,0,zero,86
happo,shock,2,121,0,9,14.0,14,0,16,16,zero,86
happo,shock,2,121,1,9,17.0,17,0,2,2,zero,86
happo,shock,2,121,2,9,37.0,37,0,0,0,zero,86
happo,shock,2,122,0,9,7.0,7,0,5,5,zero,86
happo,shock,2,122,1,9,14.0,14,0,16,16,zero,86
happo,shock,2,122,2,9,22.0,22,0,0,0,zero,86
happo,shock,2,123,0,8,7.0,7,0,8,8,zero,86
happo,shock,2,123,1,8,9.0,9,0,16,16,zero,86
happo,shock,2,123,2,8,6.0,6,0,17,17,zero,86
happo,shock,2,124,0,14,1.0,1,0,2,2,zero,86
happo,shock,2,124,1,14,9.0,9,0,3,3,zero,86
happo,shock,2,124,2,14,3.0,3,0,19,19,zero,86
happo,shock,2,125,0,15,2.0,2,0,8,8,zero,86
happo,shock,2,125,1,15,3.0,3,0,0,0,zero,86
happo,shock,2,125,2,15,3.0,3,0,1,1,zero,86
happo,shock,2,126,0,15,8.0,0,8,13,13,zero,86
happo,shock,2,126,1,15,6.0,6,0,0,0,zero,86
happo,shock,2,126,2,15,3.0,3,0,0,0,zero,86
happo,shock,2,127,0,14,14.0,0,14,13,13,zero,86
happo,shock,2,127,1,14,9.0,9,0,16,16,zero,86
happo,shock,2,127,2,14,4.0,4,0,0,0,zero,86
happo,shock,2,128,0,14,26.0,0,26,13,13,zero,86
happo,shock,2,128,1,14,1.0,0,1,16,16,zero,86
happo,shock,2,128,2,14,7.0,7,0,16,16,zero,86
happo,shock,2,129,0,14,32.0,0,32,17,17,zero,86
happo,shock,2,129,1,14,18.0,0,18,16,16,zero,86
happo,shock,2,129,2,14,8.0,0,8,19,19,zero,86
happo,shock,2,130,0,12,31.0,0,31,13,13,zero,86
happo,shock,2,130,1,12,31.0,0,31,16,16,zero,86
happo,shock,2,130,2,12,24.0,0,24,20,20,zero,86
happo,shock,2,131,0,14,32.0,0,32,13,13,zero,86
happo,shock,2,131,1,14,28.0,0,28,16,16,zero,86
happo,shock,2,131,2,14,40.0,0,40,19,19,zero,86
happo,shock,2,132,0,12,32.0,0,32,13,13,zero,86
happo,shock,2,132,1,12,25.0,0,25,16,16,zero,86
happo,shock,2,132,2,12,40.0,0,40,19,19,zero,86
happo,shock,2,133,0,14,46.0,0,46,13,13,zero,86
happo,shock,2,133,1,14,30.0,0,30,16,16,zero,86
happo,shock,2,133,2,14,37.0,0,37,19,19,zero,86
happo,shock,2,134,0,14,60.0,0,60,17,17,zero,86
happo,shock,2,134,1,14,47.0,0,47,12,12,zero,86
happo,shock,2,134,2,14,29.0,0,29,19,19,zero,86
happo,shock,2,135,0,17,61.0,0,61,17,17,zero,86
happo,shock,2,135,1,17,64.0,0,64,10,10,zero,86
happo,shock,2,135,2,17,20.0,0,20,16,16,zero,86
happo,shock,2,136,0,17,62.0,0,62,13,13,zero,86
happo,shock,2,136,1,17,61.0,0,61,10,10,zero,86
happo,shock,2,136,2,17,11.0,0,11,1,1,zero,86
happo,shock,2,137,0,15,69.0,0,69,13,13,zero,86
happo,shock,2,137,1,15,55.0,0,55,10,10,zero,86
happo,shock,2,137,2,15,2.0,0,2,7,7,zero,86
happo,shock,2,138,0,14,83.0,0,83,17,17,zero,86
happo,shock,2,138,1,14,52.0,0,52,10,10,zero,86
happo,shock,2,138,2,14,7.0,7,0,19,19,zero,86
happo,shock,2,139,0,14,97.0,0,97,17,17,zero,86
happo,shock,2,139,1,14,50.0,0,50,17,17,zero,86
happo,shock,2,139,2,14,6.0,6,0,16,16,zero,86
happo,shock,2,140,0,12,93.0,0,93,17,17,zero,86
happo,shock,2,140,1,12,48.0,0,48,17,17,zero,86
happo,shock,2,140,2,12,10.0,0,10,20,20,zero,86
happo,shock,2,141,0,12,86.0,0,86,17,17,zero,86
happo,shock,2,141,1,12,46.0,0,46,17,17,zero,86
happo,shock,2,141,2,12,20.0,0,20,20,20,zero,86
happo,shock,2,142,0,15,81.0,0,81,17,17,zero,86
happo,shock,2,142,1,15,51.0,0,51,17,17,zero,86
happo,shock,2,142,2,15,18.0,0,18,20,20,zero,86
happo,shock,2,143,0,17,79.0,0,79,17,17,zero,86
happo,shock,2,143,1,17,51.0,0,51,17,17,zero,86
happo,shock,2,143,2,17,19.0,0,19,20,20,zero,86
happo,shock,2,144,0,11,71.0,0,71,17,17,zero,86
happo,shock,2,144,1,11,61.0,0,61,17,17,zero,86
happo,shock,2,144,2,11,16.0,0,16,20,20,zero,86
happo,shock,2,145,0,11,63.0,0,63,17,17,zero,86
happo,shock,2,145,1,11,71.0,0,71,17,17,zero,86
happo,shock,2,145,2,11,13.0,0,13,19,19,zero,86
happo,shock,2,146,0,10,61.0,0,61,17,17,zero,86
happo,shock,2,146,1,10,69.0,0,69,17,17,zero,86
happo,shock,2,146,2,10,10.0,0,10,20,20,zero,86
happo,shock,2,147,0,10,54.0,0,54,17,17,zero,86
happo,shock,2,147,1,10,70.0,0,70,17,17,zero,86
happo,shock,2,147,2,10,7.0,0,7,20,20,zero,86
happo,shock,2,148,0,9,56.0,0,56,17,17,zero,86
happo,shock,2,148,1,9,67.0,0,67,17,17,zero,86
happo,shock,2,148,2,9,4.0,0,4,20,20,zero,86
happo,shock,2,149,0,10,59.0,0,59,17,17,zero,86
happo,shock,2,149,1,10,64.0,0,64,17,17,zero,86
happo,shock,2,149,2,10,2.0,0,2,20,20,zero,86
happo,shock,2,150,0,11,51.0,0,51,17,17,zero,86
happo,shock,2,150,1,11,61.0,0,61,17,17,zero,86
happo,shock,2,150,2,11,1.0,1,0,20,20,zero,86
happo,shock,2,151,0,11,46.0,0,46,17,17,zero,86
happo,shock,2,151,1,11,58.0,0,58,17,17,zero,86
happo,shock,2,151,2,11,4.0,4,0,7,7,zero,86
happo,shock,2,152,0,9,35.0,0,35,17,17,zero,86
happo,shock,2,152,1,9,55.0,0,55,17,17,zero,86
happo,shock,2,152,2,9,7.0,7,0,20,20,zero,86
happo,shock,2,153,0,8,23.0,0,23,17,17,zero,86
happo,shock,2,153,1,8,53.0,0,53,17,17,zero,86
happo,shock,2,153,2,8,10.0,10,0,20,20,zero,86
happo,shock,2,154,0,8,11.0,0,11,1,1,zero,86
happo,shock,2,154,1,8,35.0,0,35,17,17,zero,86
happo,shock,2,154,2,8,13.0,13,0,20,20,zero,86
happo,shock,2,155,0,8,1.0,1,0,1,1,zero,86
happo,shock,2,155,1,8,19.0,0,19,1,1,zero,86
happo,shock,2,155,2,8,19.0,19,0,7,7,zero,86
happo,shock,2,156,0,8,13.0,13,0,1,1,zero,86
happo,shock,2,156,1,8,3.0,0,3,0,0,zero,86
happo,shock,2,156,2,8,39.0,39,0,0,0,zero,86
happo,shock,2,157,0,7,25.0,25,0,1,1,zero,86
happo,shock,2,157,1,7,13.0,13,0,4,4,zero,86
happo,shock,2,157,2,7,55.0,55,0,0,0,zero,86
happo,shock,2,158,0,5,39.0,39,0,1,1,zero,86
happo,shock,2,158,1,5,29.0,29,0,0,0,zero,86
happo,shock,2,158,2,5,75.0,75,0,0,0,zero,86
happo,shock,2,159,0,6,50.0,50,0,1,1,zero,86
happo,shock,2,159,1,6,29.0,29,0,0,0,zero,86
happo,shock,2,159,2,6,82.0,82,0,0,0,zero,86
happo,shock,2,160,0,6,61.0,61,0,1,1,zero,86
happo,shock,2,160,1,6,28.0,28,0,0,0,zero,86
happo,shock,2,160,2,6,82.0,82,0,0,0,zero,86
happo,shock,2,161,0,5,60.0,60,0,1,1,zero,86
happo,shock,2,161,1,5,31.0,31,0,0,0,zero,86
happo,shock,2,161,2,5,82.0,82,0,0,0,zero,86
happo,shock,2,162,0,5,56.0,56,0,1,1,zero,86
happo,shock,2,162,1,5,30.0,30,0,0,0,zero,86
happo,shock,2,162,2,5,82.0,82,0,0,0,zero,86
happo,shock,2,163,0,5,52.0,52,0,1,1,zero,86
happo,shock,2,163,1,5,29.0,29,0,0,0,zero,86
happo,shock,2,163,2,5,82.0,82,0,0,0,zero,86
happo,shock,2,164,0,5,48.0,48,0,1,1,zero,86
happo,shock,2,164,1,5,28.0,28,0,0,0,zero,86
happo,shock,2,164,2,5,82.0,82,0,0,0,zero,86
happo,shock,2,165,0,5,44.0,44,0,1,1,zero,86
happo,shock,2,165,1,5,27.0,27,0,0,0,zero,86
happo,shock,2,165,2,5,82.0,82,0,0,0,zero,86
happo,shock,2,166,0,5,40.0,40,0,1,1,zero,86
happo,shock,2,166,1,5,26.0,26,0,0,0,zero,86
happo,shock,2,166,2,5,82.0,82,0,0,0,zero,86
happo,shock,2,167,0,5,36.0,36,0,1,1,zero,86
happo,shock,2,167,1,5,25.0,25,0,0,0,zero,86
happo,shock,2,167,2,5,82.0,82,0,0,0,zero,86
happo,shock,2,168,0,5,32.0,32,0,1,1,zero,86
happo,shock,2,168,1,5,24.0,24,0,0,0,zero,86
happo,shock,2,168,2,5,82.0,82,0,0,0,zero,86
happo,shock,2,169,0,4,29.0,29,0,1,1,zero,86
happo,shock,2,169,1,4,23.0,23,0,0,0,zero,86
happo,shock,2,169,2,4,82.0,82,0,0,0,zero,86
happo,shock,2,170,0,4,26.0,26,0,1,1,zero,86
happo,shock,2,170,1,4,22.0,22,0,0,0,zero,86
happo,shock,2,170,2,4,82.0,82,0,0,0,zero,86
happo,shock,2,171,0,4,23.0,23,0,1,1,zero,86
happo,shock,2,171,1,4,21.0,21,0,0,0,zero,86
happo,shock,2,171,2,4,82.0,82,0,0,0,zero,86
happo,shock,2,172,0,4,20.0,20,0,1,1,zero,86
happo,shock,2,172,1,4,20.0,20,0,0,0,zero,86
happo,shock,2,172,2,4,82.0,82,0,0,0,zero,86
happo,shock,2,173,0,4,17.0,17,0,1,1,zero,86
happo,shock,2,173,1,4,19.0,19,0,0,0,zero,86
happo,shock,2,173,2,4,82.0,82,0,0,0,zero,86
happo,shock,2,174,0,6,12.0,12,0,8,8,zero,86
happo,shock,2,174,1,6,11.0,11,0,0,0,zero,86
happo,shock,2,174,2,6,82.0,82,0,0,0,zero,86
happo,shock,2,175,0,5,8.0,8,0,8,8,zero,86
happo,shock,2,175,1,5,3.0,3,0,4,4,zero,86
happo,shock,2,175,2,5,78.0,78,0,0,0,zero,86
happo,shock,2,176,0,5,4.0,4,0,8,8,zero,86
happo,shock,2,176,1,5,5.0,0,5,16,16,zero,86
happo,shock,2,176,2,5,62.0,62,0,0,0,zero,86
happo,shock,2,177,0,6,1.0,0,1,8,8,zero,86
happo,shock,2,177,1,6,13.0,0,13,16,16,zero,86
happo,shock,2,177,2,6,46.0,46,0,0,0,zero,86
happo,shock,2,178,0,6,1.0,1,0,8,8,zero,86
happo,shock,2,178,1,6,21.0,0,21,10,10,zero,86
happo,shock,2,178,2,6,36.0,36,0,4,4,zero,86
happo,shock,2,179,0,6,3.0,3,0,8,8,zero,86
happo,shock,2,179,1,6,25.0,0,25,10,10,zero,86
happo,shock,2,179,2,6,26.0,26,0,17,17,zero,86
happo,shock,2,180,0,5,1.0,1,0,8,8,zero,86
happo,shock,2,180,1,5,17.0,0,17,10,10,zero,86
happo,shock,2,180,2,5,16.0,16,0,16,16,zero,86
happo,shock,2,181,0,5,4.0,0,4,5,5,zero,86
happo,shock,2,181,1,5,6.0,0,6,10,10,zero,86
happo,shock,2,181,2,5,6.0,6,0,7,7,zero,86
happo,shock,2,182,0,5,9.0,0,9,1,1,zero,86
happo,shock,2,182,1,5,3.0,3,0,4,4,zero,86
happo,shock,2,182,2,5,6.0,6,0,0,0,zero,86
happo,shock,2,183,0,5,10.0,0,10,1,1,zero,86
happo,shock,2,183,1,5,12.0,12,0,0,0,zero,86
happo,shock,2,183,2,5,23.0,23,0,0,0,zero,86
happo,shock,2,184,0,5,1.0,1,0,8,8,zero,86
happo,shock,2,184,1,5,14.0,14,0,0,0,zero,86
happo,shock,2,184,2,5,39.0,39,0,0,0,zero,86
happo,shock,2,185,0,5,12.0,12,0,8,8,zero,86
happo,shock,2,185,1,5,16.0,16,0,4,4,zero,86
happo,shock,2,185,2,5,42.0,42,0,0,0,zero,86
happo,shock,2,186,0,5,14.0,14,0,1,1,zero,86
happo,shock,2,186,1,5,19.0,19,0,10,10,zero,86
happo,shock,2,186,2,5,32.0,32,0,0,0,zero,86
happo,shock,2,187,0,6,9.0,9,0,1,1,zero,86
happo,shock,2,187,1,6,18.0,18,0,10,10,zero,86
happo,shock,2,187,2,6,22.0,22,0,1,1,zero,86
happo,shock,2,188,0,7,10.0,10,0,8,8,zero,86
happo,shock,2,188,1,7,10.0,10,0,3,3,zero,86
happo,shock,2,188,2,7,19.0,19,0,20,20,zero,86
happo,shock,2,189,0,7,11.0,11,0,8,8,zero,86
happo,shock,2,189,1,7,6.0,6,0,2,2,zero,86
happo,shock,2,189,2,7,17.0,17,0,1,1,zero,86
happo,shock,2,190,0,7,5.0,5,0,13,13,zero,86
happo,shock,2,190,1,7,3.0,3,0,16,16,zero,86
happo,shock,2,190,2,7,1.0,1,0,0,0,zero,86
happo,shock,2,191,0,6,-0.0,0,0,5,5,zero,86
happo,shock,2,191,1,6,8.0,8,0,16,16,zero,86
happo,shock,2,191,2,6,14.0,0,14,19,19,zero,86
happo,shock,2,192,0,6,2.0,2,0,5,5,zero,86
happo,shock,2,192,1,6,6.0,6,0,16,16,zero,86
happo,shock,2,192,2,6,10.0,0,10,20,20,zero,86
happo,shock,2,193,0,6,4.0,4,0,5,5,zero,86
happo,shock,2,193,1,6,3.0,3,0,3,3,zero,86
happo,shock,2,193,2,6,12.0,0,12,20,20,zero,86
happo,shock,2,194,0,7,10.0,10,0,8,8,zero,86
happo,shock,2,194,1,7,11.0,11,0,0,0,zero,86
happo,shock,2,194,2,7,12.0,0,12,1,1,zero,86
happo,shock,2,195,0,7,8.0,8,0,8,8,zero,86
happo,shock,2,195,1,7,5.0,5,0,12,12,zero,86
happo,shock,2,195,2,7,5.0,0,5,0,0,zero,86
happo,shock,2,196,0,8,5.0,5,0,8,8,zero,86
happo,shock,2,196,1,8,17.0,17,0,10,10,zero,86
happo,shock,2,196,2,8,5.0,5,0,16,16,zero,86
happo,shock,2,197,0,8,2.0,2,0,16,16,zero,86
happo,shock,2,197,1,8,2.0,2,0,3,3,zero,86
happo,shock,2,197,2,8,22.0,22,0,19,19,zero,86
happo,shock,2,198,0,9,1.0,1,0,2,2,zero,86
happo,shock,2,198,1,9,-0.0,0,0,16,16,zero,86
happo,shock,2,198,2,9,7.0,7,0,0,0,zero,86
happo,shock,2,199,0,9,-0.0,0,0,8,8,zero,86
happo,shock,2,199,1,9,11.0,11,0,3,3,zero,86
happo,shock,2,199,2,9,4.0,4,0,0,0,zero,86
happo,shock,2,200,0,9,1.0,0,1,8,8,zero,86
happo,shock,2,200,1,9,18.0,18,0,3,3,zero,86
happo,shock,2,200,2,9,17.0,17,0,0,0,zero,86
happo,shock,3,1,0,10,10.0,10,0,17,17,zero,
happo,shock,3,1,1,10,3.0,3,0,2,2,zero,
happo,shock,3,1,2,10,18.0,18,0,0,0,zero,
happo,shock,3,2,0,9,11.0,11,0,2,2,zero,
happo,shock,3,2,1,9,11.0,11,0,16,16,zero,
happo,shock,3,2,2,9,12.0,12,0,0,0,zero,
happo,shock,3,3,0,9,12.0,12,0,16,16,zero,
happo,shock,3,3,1,9,5.0,5,0,2,2,zero,
happo,shock,3,3,2,9,20.0,20,0,20,20,zero,
happo,shock,3,4,0,8,14.0,14,0,2,2,zero,
happo,shock,3,4,1,8,13.0,13,0,10,10,zero,
happo,shock,3,4,2,8,20.0,20,0,1,1,zero,
happo,shock,3,5,0,9,22.0,22,0,1,1,zero,
happo,shock,3,5,1,9,14.0,14,0,10,10,zero,
happo,shock,3,5,2,9,10.0,10,0,7,7,zero,
happo,shock,3,6,0,10,14.0,14,0,8,8,zero,
happo,shock,3,6,1,10,22.0,22,0,3,3,zero,
happo,shock,3,6,2,10,7.0,7,0,7,7,zero,
happo,shock,3,7,0,12,18.0,18,0,8,8,zero,
happo,shock,3,7,1,12,16.0,16,0,3,3,zero,
happo,shock,3,7,2,12,24.0,24,0,0,0,zero,
happo,shock,3,8,0,13,7.0,7,0,13,13,zero,
happo,shock,3,8,1,13,13.0,13,0,10,10,zero,
happo,shock,3,8,2,13,15.0,15,0,0,0,zero,
happo,shock,3,9,0,13,5.0,0,5,13,13,zero,
happo,shock,3,9,1,13,10.0,10,0,16,16,zero,
happo,shock,3,9,2,13,6.0,6,0,20,20,zero,
happo,shock,3,10,0,14,11.0,0,11,13,13,zero,
happo,shock,3,10,1,14,-0.0,0,0,16,16,zero,
happo,shock,3,10,2,14,3.0,0,3,20,20,zero,
happo,shock,3,11,0,14,17.0,0,17,13,13,zero,
happo,shock,3,11,1,14,10.0,0,10,16,16,zero,
happo,shock,3,11,2,14,19.0,0,19,20,20,zero,
happo,shock,3,12,0,14,18.0,0,18,13,13,zero,
happo,shock,3,12,1,14,13.0,0,13,16,16,zero,
happo,shock,3,12,2,14,35.0,0,35,20,20,zero,
happo,shock,3,13,0,14,19.0,0,19,13,13,zero,
happo,shock,3,13,1,14,10.0,0,10,16,16,zero,
happo,shock,3,13,2,14,31.0,0,31,19,19,zero,
happo,shock,3,14,0,14,20.0,0,20,13,13,zero,
happo,shock,3,14,1,14,10.0,0,10,16,16,zero,
happo,shock,3,14,2,14,27.0,0,27,19,19,zero,
happo,shock,3,15,0,15,32.0,0,32,13,13,zero,
happo,shock,3,15,1,15,23.0,0,23,16,16,zero,
happo,shock,3,15,2,15,23.0,0,23,19,19,zero,
happo,shock,3,16,0,13,35.0,0,35,13,13,zero,
happo,shock,3,16,1,13,36.0,0,36,16,16,zero,
happo,shock,3,16,2,13,19.0,0,19,19,19,zero,
happo,shock,3,17,0,13,32.0,0,32,13,13,zero,
happo,shock,3,17,1,13,29.0,0,29,12,12,zero,
happo,shock,3,17,2,13,12.0,0,12,19,19,zero,
happo,shock,3,18,0,12,31.0,0,31,13,13,zero,
happo,shock,3,18,1,12,22.0,0,22,10,10,zero,
happo,shock,3,18,2,12,3.0,0,3,7,7,zero,
happo,shock,3,19,0,13,44.0,0,44,13,13,zero,
happo,shock,3,19,1,13,15.0,0,15,17,17,zero,
happo,shock,3,19,2,13,1.0,0,1,7,7,zero,
happo,shock,3,20,0,12,56.0,0,56,17,17,zero,
happo,shock,3,20,1,12,12.0,0,12,17,17,zero,
happo,shock,3,20,2,12,1.0,1,0,20,20,zero,
happo,shock,3,21,0,14,50.0,0,50,17,17,zero,
happo,shock,3,21,1,14,10.0,0,10,17,17,zero,
happo,shock,3,21,2,14,3.0,3,0,20,20,zero,
happo,shock,3,22,0,13,43.0,0,43,17,17,zero,
happo,shock,3,22,1,13,8.0,0,8,17,17,zero,
happo,shock,3,22,2,13,7.0,0,7,20,20,zero,
happo,shock,3,23,0,12,35.0,0,35,17,17,zero,
happo,shock,3,23,1,12,6.0,0,6,17,17,zero,
happo,shock,3,23,2,12,17.0,0,17,20,20,zero,
happo,shock,3,24,0,12,27.0,0,27,17,17,zero,
happo,shock,3,24,1,12,5.0,0,5,17,17,zero,
happo,shock,3,24,2,12,14.0,0,14,20,20,zero,
happo,shock,3,25,0,13,21.0,0,21,17,17,zero,
happo,shock,3,25,1,13,5.0,0,5,17,17,zero,
happo,shock,3,25,2,13,11.0,0,11,20,20,zero,
happo,shock,3,26,0,12,14.0,0,14,17,17,zero,
happo,shock,3,26,1,12,12.0,0,12,17,17,zero,
happo,shock,3,26,2,12,8.0,0,8,20,20,zero,
happo,shock,3,27,0,12,7.0,0,7,17,17,zero,
happo,shock,3,27,1,12,22.0,0,22,17,17,zero,
happo,shock,3,27,2,12,5.0,0,5,20,20,zero,
happo,shock,3,28,0,12,1.0,0,1,17,17,zero,
happo,shock,3,28,1,12,19.0,0,19,17,17,zero,
happo,shock,3,28,2,12,2.0,0,2,20,20,zero,
happo,shock,3,29,0,11,5.0,5,0,2,2,zero,
happo,shock,3,29,1,11,1.0,0,1,17,17,zero,
happo,shock,3,29,2,11,1.0,1,0,20,20,zero,
happo,shock,3,30,0,12,3.0,3,0,2,2,zero,
happo,shock,3,30,1,12,17.0,17,0,0,0,zero,
happo,shock,3,30,2,12,21.0,21,0,7,7,zero,
happo,shock,3,31,0,12,2.0,0,2,16,16,zero,
happo,shock,3,31,1,12,21.0,21,0,0,0,zero,
happo,shock,3,31,2,12,41.0,41,0,0,0,zero,
happo,shock,3,32,0,12,6.0,6,0,5,5,zero,
happo,shock,3,32,1,12,36.0,36,0,4,4,zero,
happo,shock,3,32,2,12,57.0,57,0,0,0,zero,
happo,shock,3,33,0,11,15.0,15,0,16,16,zero,
happo,shock,3,33,1,11,39.0,39,0,6,6,zero,
happo,shock,3,33,2,11,71.0,71,0,0,0,zero,
happo,shock,3,34,0,13,5.0,5,0,5,5,zero,
happo,shock,3,34,1,13,34.0,34,0,18,18,zero,
happo,shock,3,34,2,13,60.0,60,0,0,0,zero,
happo,shock,3,35,0,13,8.0,8,0,16,16,zero,
happo,shock,3,35,1,13,18.0,18,0,2,2,zero,
happo,shock,3,35,2,13,58.0,58,0,7,7,zero,
happo,shock,3,36,0,13,-0.0,0,0,8,8,zero,
happo,shock,3,36,1,13,14.0,14,0,16,16,zero,
happo,shock,3,36,2,13,42.0,42,0,0,0,zero,
happo,shock,3,37,0,15,1.0,1,0,16,16,zero,
happo,shock,3,37,1,15,4.0,4,0,10,10,zero,
happo,shock,3,37,2,15,32.0,32,0,16,16,zero,
happo,shock,3,38,0,15,9.0,0,9,16,16,zero,
happo,shock,3,38,1,15,6.0,6,0,16,16,zero,
happo,shock,3,38,2,15,16.0,16,0,7,7,zero,
happo,shock,3,39,0,15,8.0,0,8,17,17,zero,
happo,shock,3,39,1,15,9.0,0,9,16,16,zero,
happo,shock,3,39,2,15,7.0,7,0,20,20,zero,
happo,shock,3,40,0,14,14.0,0,14,17,17,zero,
happo,shock,3,40,1,14,10.0,0,10,16,16,zero,
happo,shock,3,40,2,14,9.0,0,9,20,20,zero,
happo,shock,3,41,0,14,12.0,0,12,17,17,zero,
happo,shock,3,41,1,14,17.0,0,17,16,16,zero,
happo,shock,3,41,2,14,9.0,0,9,20,20,zero,
happo,shock,3,42,0,13,9.0,0,9,17,17,zero,
happo,shock,3,42,1,13,18.0,0,18,16,16,zero,
happo,shock,3,42,2,13,18.0,0,18,20,20,zero,
happo,shock,3,43,0,13,14.0,0,14,17,17,zero,
happo,shock,3,43,1,13,19.0,0,19,16,16,zero,
happo,shock,3,43,2,13,14.0,0,14,20,20,zero,
happo,shock,3,44,0,12,10.0,0,10,17,17,zero,
happo,shock,3,44,1,12,29.0,0,29,17,17,zero,
happo,shock,3,44,2,12,11.0,0,11,20,20,zero,
happo,shock,3,45,0,13,13.0,0,13,17,17,zero,
happo,shock,3,45,1,13,30.0,0,30,17,17,zero,
happo,shock,3,45,2,13,8.0,0,8,20,20,zero,
happo,shock,3,46,0,13,10.0,0,10,17,17,zero,
happo,shock,3,46,1,13,40.0,0,40,17,17,zero,
happo,shock,3,46,2,13,5.0,0,5,20,20,zero,
happo,shock,3,47,0,12,6.0,0,6,17,17,zero,
happo,shock,3,47,1,12,37.0,0,37,17,17,zero,
happo,shock,3,47,2,12,2.0,0,2,20,20,zero,
happo,shock,3,48,0,13,12.0,0,12,16,16,zero,
happo,shock,3,48,1,13,33.0,0,33,17,17,zero,
happo,shock,3,48,2,13,1.0,1,0,20,20,zero,
happo,shock,3,49,0,13,9.0,0,9,16,16,zero,
happo,shock,3,49,1,13,29.0,0,29,17,17,zero,
happo,shock,3,49,2,13,4.0,4,0,7,7,zero,
happo,shock,3,50,0,12,14.0,0,14,2,2,zero,
happo,shock,3,50,1,12,11.0,0,11,17,17,zero,
happo,shock,3,50,2,12,7.0,7,0,20,20,zero,
happo,shock,3,51,0,14,8.0,0,8,16,16,zero,
happo,shock,3,51,1,14,7.0,0,7,1,1,zero,
happo,shock,3,51,2,14,26.0,26,0,20,20,zero,
happo,shock,3,52,0,14,2.0,0,2,17,17,zero,
happo,shock,3,52,1,14,5.0,0,5,17,17,zero,
happo,shock,3,52,2,14,29.0,29,0,0,0,zero,
happo,shock,3,53,0,14,4.0,4,0,16,16,zero,
happo,shock,3,53,1,14,4.0,0,4,17,17,zero,
happo,shock,3,53,2,14,19.0,19,0,0,0,zero,
happo,shock,3,54,0,14,10.0,10,0,16,16,zero,
happo,shock,3,54,1,14,3.0,0,3,17,17,zero,
happo,shock,3,54,2,14,22.0,22,0,20,20,zero,
happo,shock,3,55,0,12,18.0,18,0,16,16,zero,
happo,shock,3,55,1,12,18.0,0,18,17,17,zero,
happo,shock,3,55,2,12,25.0,25,0,20,20,zero,
happo,shock,3,56,0,11,26.0,26,0,17,17,zero,
happo,shock,3,56,1,11,18.0,0,18,17,17,zero,
happo,shock,3,56,2,11,8.0,8,0,20,20,zero,
happo,shock,3,57,0,12,31.0,31,0,2,2,zero,
happo,shock,3,57,1,12,3.0,0,3,17,17,zero,
happo,shock,3,57,2,12,9.0,0,9,16,16,zero,
happo,shock,3,58,0,13,35.0,35,0,1,1,zero,
happo,shock,3,58,1,13,13.0,13,0,17,17,zero,
happo,shock,3,58,2,13,6.0,0,6,20,20,zero,
happo,shock,3,59,0,13,23.0,23,0,7,7,zero,
happo,shock,3,59,1,13,23.0,23,0,0,0,zero,
happo,shock,3,59,2,13,14.0,14,0,20,20,zero,
happo,shock,3,60,0,14,26.0,26,0,8,8,zero,
happo,shock,3,60,1,14,32.0,32,0,0,0,zero,
happo,shock,3,60,2,14,34.0,34,0,0,0,zero,
happo,shock,3,61,0,15,28.0,28,0,8,8,zero,
happo,shock,3,61,1,15,32.0,32,0,4,4,zero,
happo,shock,3,61,2,15,46.0,46,0,0,0,zero,
happo,shock,3,62,0,14,18.0,18,0,13,13,zero,
happo,shock,3,62,1,14,39.0,39,0,2,2,zero,
happo,shock,3,62,2,14,64.0,64,0,0,0,zero,
happo,shock,3,63,0,15,10.0,10,0,13,13,zero,
happo,shock,3,63,1,15,32.0,32,0,10,10,zero,
happo,shock,3,63,2,15,74.0,74,0,0,0,zero,
happo,shock,3,64,0,18,-0.0,0,0,13,13,zero,
happo,shock,3,64,1,18,19.0,19,0,16,16,zero,
happo,shock,3,64,2,18,58.0,58,0,0,0,zero,
happo,shock,3,65,0,17,9.0,0,9,13,13,zero,
happo,shock,3,65,1,17,10.0,10,0,16,16,zero,
happo,shock,3,65,2,17,42.0,42,0,1,1,zero,
happo,shock,3,66,0,18,14.0,0,14,13,13,zero,
happo,shock,3,66,1,18,1.0,0,1,16,16,zero,
happo,shock,3,66,2,18,26.0,26,0,20,20,zero,
happo,shock,3,67,0,20,21.0,0,21,13,13,zero,
happo,shock,3,67,1,20,4.0,0,4,16,16,zero,
happo,shock,3,67,2,20,10.0,10,0,20,20,zero,
happo,shock,3,68,0,20,28.0,0,28,13,13,zero,
happo,shock,3,68,1,20,1.0,0,1,16,16,zero,
happo,shock,3,68,2,20,6.0,0,6,20,20,zero,
happo,shock,3,69,0,20,35.0,0,35,13,13,zero,
happo,shock,3,69,1,20,2.0,2,0,16,16,zero,
happo,shock,3,69,2,20,21.0,0,21,20,20,zero,
happo,shock,3,70,0,20,43.0,0,43,17,17,zero,
happo,shock,3,70,1,20,1.0,1,0,16,16,zero,
happo,shock,3,70,2,20,17.0,0,17,20,20,zero,
happo,shock,3,71,0,20,53.0,0,53,17,17,zero,
happo,shock,3,71,1,20,-0.0,0,0,17,17,zero,
happo,shock,3,71,2,20,14.0,0,14,20,20,zero,
happo,shock,3,72,0,20,57.0,0,57,17,17,zero,
happo,shock,3,72,1,20,7.0,0,7,17,17,zero,
happo,shock,3,72,2,20,11.0,0,11,20,20,zero,
happo,shock,3,73,0,20,63.0,0,63,17,17,zero,
happo,shock,3,73,1,20,23.0,0,23,17,17,zero,
happo,shock,3,73,2,20,8.0,0,8,20,20,zero,
happo,shock,3,74,0,20,66.0,0,66,17,17,zero,
happo,shock,3,74,1,20,20.0,0,20,17,17,zero,
happo,shock,3,74,2,20,5.0,0,5,20,20,zero,
happo,shock,3,75,0,19,68.0,0,68,17,17,zero,
happo,shock,3,75,1,19,17.0,0,17,17,17,zero,
happo,shock,3,75,2,19,2.0,0,2,20,20,zero,
happo,shock,3,76,0,19,77.0,0,77,17,17,zero,
happo,shock,3,76,1,19,14.0,0,14,17,17,zero,
happo,shock,3,76,2,19,1.0,1,0,20,20,zero,
happo,shock,3,77,0,18,94.0,0,94,17,17,zero,
happo,shock,3,77,1,18,11.0,0,11,17,17,zero,
happo,shock,3,77,2,18,4.0,4,0,7,7,zero,
happo,shock,3,78,0,19,93.0,0,93,17,17,zero,
happo,shock,3,78,1,19,8.0,0,8,17,17,zero,
happo,shock,3,78,2,19,7.0,7,0,20,20,zero,
happo,shock,3,79,0,20,93.0,0,93,17,17,zero,
happo,shock,3,79,1,20,5.0,0,5,17,17,zero,
happo,shock,3,79,2,20,10.0,10,0,20,20,zero,
happo,shock,3,80,0,19,92.0,0,92,17,17,zero,
happo,shock,3,80,1,19,3.0,0,3,17,17,zero,
happo,shock,3,80,2,19,13.0,13,0,20,20,zero,
happo,shock,3,81,0,20,92.0,0,92,17,17,zero,
happo,shock,3,81,1,20,3.0,0,3,17,17,zero,
happo,shock,3,81,2,20,3.0,3,0,7,7,zero,
happo,shock,3,82,0,20,92.0,0,92,17,17,zero,
happo,shock,3,82,1,20,3.0,0,3,17,17,zero,
happo,shock,3,82,2,20,6.0,6,0,20,20,zero,
happo,shock,3,83,0,20,92.0,0,92,17,17,zero,
happo,shock,3,83,1,20,3.0,0,3,17,17,zero,
happo,shock,3,83,2,20,9.0,9,0,20,20,zero,
happo,shock,3,84,0,20,93.0,0,93,17,17,zero,
happo,shock,3,84,1,20,3.0,0,3,17,17,zero,
happo,shock,3,84,2,20,12.0,12,0,20,20,zero,
happo,shock,3,85,0,20,96.0,0,96,17,17,zero,
happo,shock,3,85,1,20,3.0,0,3,17,17,zero,
happo,shock,3,85,2,20,2.0,2,0,7,7,zero,
happo,shock,3,86,0,20,99.0,0,99,17,17,zero,
happo,shock,3,86,1,20,3.0,0,3,17,17,zero,
happo,shock,3,86,2,20,5.0,5,0,20,20,zero,
happo,shock,3,87,0,20,102.0,0,102,17,17,zero,
happo,shock,3,87,1,20,3.0,0,3,17,17,zero,
happo,shock,3,87,2,20,8.0,8,0,20,20,zero,
happo,shock,3,88,0,20,105.0,0,105,17,17,zero,
happo,shock,3,88,1,20,3.0,0,3,17,17,zero,
happo,shock,3,88,2,20,11.0,11,0,20,20,zero,
happo,shock,3,89,0,20,108.0,0,108,17,17,zero,
happo,shock,3,89,1,20,3.0,0,3,17,17,zero,
happo,shock,3,89,2,20,1.0,1,0,7,7,zero,
happo,shock,3,90,0,20,111.0,0,111,17,17,zero,
happo,shock,3,90,1,20,3.0,0,3,17,17,zero,
happo,shock,3,90,2,20,4.0,4,0,20,20,zero,
happo,shock,3,91,0,20,114.0,0,114,17,17,zero,91
happo,shock,3,91,1,20,3.0,0,3,17,17,zero,91
happo,shock,3,91,2,20,7.0,7,0,20,20,zero,91
happo,shock,3,92,0,20,117.0,0,117,17,17,zero,91
happo,shock,3,92,1,20,3.0,0,3,17,17,zero,91
happo,shock,3,92,2,20,10.0,10,0,20,20,zero,91
happo,shock,3,93,0,20,120.0,0,120,17,17,zero,91
happo,shock,3,93,1,20,3.0,0,3,17,17,zero,91
happo,shock,3,93,2,20,-0.0,0,0,7,7,zero,91
happo,shock,3,94,0,20,123.0,0,123,17,17,zero,91
happo,shock,3,94,1,20,3.0,0,3,17,17,zero,91
happo,shock,3,94,2,20,3.0,3,0,20,20,zero,91
happo,shock,3,95,0,20,126.0,0,126,17,17,zero,91
happo,shock,3,95,1,20,3.0,0,3,17,17,zero,91
happo,shock,3,95,2,20,6.0,6,0,20,20,zero,91
happo,shock,3,96,0,20,129.0,0,129,17,17,zero,91
happo,shock,3,96,1,20,3.0,0,3,17,17,zero,91
happo,shock,3,96,2,20,9.0,9,0,20,20,zero,91
happo,shock,3,97,0,20,132.0,0,132,17,17,zero,91
happo,shock,3,97,1,20,3.0,0,3,17,17,zero,91
happo,shock,3,97,2,20,1.0,0,1,7,7,zero,91
happo,shock,3,98,0,20,135.0,0,135,17,17,zero,91
happo,shock,3,98,1,20,3.0,0,3,17,17,zero,91
happo,shock,3,98,2,20,2.0,2,0,20,20,zero,91
happo,shock,3,99,0,20,138.0,0,138,17,17,zero,91
happo,shock,3,99,1,20,3.0,0,3,17,17,zero,91
happo,shock,3,99,2,20,5.0,5,0,20,20,zero,91
happo,shock,3,100,0,20,141.0,0,141,17,17,zero,91
happo,shock,3,100,1,20,3.0,0,3,17,17,zero,91
happo,shock,3,100,2,20,8.0,8,0,20,20,zero,91
happo,shock,3,101,0,20,144.0,0,144,17,17,zero,91
happo,shock,3,101,1,20,4.0,0,4,17,17,zero,91
happo,shock,3,101,2,20,2.0,0,2,7,7,zero,91
happo,shock,3,102,0,20,147.0,0,147,17,17,zero,91
happo,shock,3,102,1,20,3.0,0,3,17,17,zero,91
happo,shock,3,102,2,20,1.0,1,0,20,20,zero,91
happo,shock,3,103,0,20,150.0,0,150,17,17,zero,91
happo,shock,3,103,1,20,3.0,0,3,17,17,zero,91
happo,shock,3,103,2,20,4.0,4,0,20,20,zero,91
happo,shock,3,104,0,20,153.0,0,153,17,17,zero,91
happo,shock,3,104,1,20,3.0,0,3,17,17,zero,91
happo,shock,3,104,2,20,7.0,7,0,20,20,zero,91
happo,shock,3,105,0,20,157.0,0,157,17,17,zero,91
happo,shock,3,105,1,20,5.0,0,5,17,17,zero,91
happo,shock,3,105,2,20,3.0,0,3,7,7,zero,91
happo,shock,3,106,0,20,159.0,0,159,17,17,zero,91
happo,shock,3,106,1,20,3.0,0,3,17,17,zero,91
happo,shock,3,106,2,20,-0.0,0,0,20,20,zero,91
happo,shock,3,107,0,20,162.0,0,162,17,17,zero,91
happo,shock,3,107,1,20,3.0,0,3,17,17,zero,91
happo,shock,3,107,2,20,3.0,3,0,20,20,zero,91
happo,shock,3,108,0,20,165.0,0,165,17,17,zero,91
happo,shock,3,108,1,20,3.0,0,3,17,17,zero,91
happo,shock,3,108,2,20,6.0,6,0,20,20,zero,91
happo,shock,3,109,0,10,160.0,0,160,17,17,zero,91
happo,shock,3,109,1,10,6.0,0,6,17,17,zero,91
happo,shock,3,109,2,10,4.0,0,4,7,7,zero,91
happo,shock,3,110,0,10,151.0,0,151,17,17,zero,91
happo,shock,3,110,1,10,3.0,0,3,17,17,zero,91
happo,shock,3,110,2,10,1.0,0,1,20,20,zero,91
happo,shock,3,111,0,10,144.0,0,144,17,17,zero,91
happo,shock,3,111,1,10,3.0,0,3,17,17,zero,91
happo,shock,3,111,2,10,2.0,2,0,20,20,zero,91
happo,shock,3,112,0,9,136.0,0,136,17,17,zero,91
happo,shock,3,112,1,9,3.0,0,3,17,17,zero,91
happo,shock,3,112,2,9,5.0,5,0,20,20,zero,91
happo,shock,3,113,0,9,131.0,0,131,17,17,zero,91
happo,shock,3,113,1,9,7.0,0,7,17,17,zero,91
happo,shock,3,113,2,9,5.0,0,5,7,7,zero,91
happo,shock,3,114,0,10,121.0,0,121,17,17,zero,91
happo,shock,3,114,1,10,4.0,0,4,17,17,zero,91
happo,shock,3,114,2,10,2.0,0,2,20,20,zero,91
happo,shock,3,115,0,10,114.0,0,114,17,17,zero,91
happo,shock,3,115,1,10,3.0,0,3,17,17,zero,91
happo,shock,3,115,2,10,1.0,1,0,20,20,zero,91
happo,shock,3,116,0,10,107.0,0,107,17,17,zero,91
happo,shock,3,116,1,10,3.0,0,3,17,17,zero,91
happo,shock,3,116,2,10,4.0,4,0,20,20,zero,91
happo,shock,3,117,0,10,104.0,0,104,17,17,zero,91
happo,shock,3,117,1,10,8.0,0,8,17,17,zero,91
happo,shock,3,117,2,10,6.0,0,6,16,16,zero,91
happo,shock,3,118,0,10,94.0,0,94,17,17,zero,91
happo,shock,3,118,1,10,5.0,0,5,17,17,zero,91
happo,shock,3,118,2,10,3.0,0,3,20,20,zero,91
happo,shock,3,119,0,10,86.0,0,86,17,17,zero,91
happo,shock,3,119,1,10,3.0,0,3,17,17,zero,91
happo,shock,3,119,2,10,-0.0,0,0,20,20,zero,91
happo,shock,3,120,0,10,79.0,0,79,17,17,zero,91
happo,shock,3,120,1,10,3.0,0,3,17,17,zero,91
happo,shock,3,120,2,10,3.0,3,0,20,20,zero,91
happo,shock,3,121,0,10,77.0,0,77,17,17,zero,91
happo,shock,3,121,1,10,9.0,0,9,17,17,zero,91
happo,shock,3,121,2,10,2.0,2,0,7,7,zero,91
happo,shock,3,122,0,10,67.0,0,67,17,17,zero,91
happo,shock,3,122,1,10,6.0,0,6,17,17,zero,91
happo,shock,3,122,2,10,5.0,5,0,20,20,zero,91
happo,shock,3,123,0,10,58.0,0,58,17,17,zero,91
happo,shock,3,123,1,10,3.0,0,3,17,17,zero,91
happo,shock,3,123,2,10,8.0,8,0,20,20,zero,91
happo,shock,3,124,0,10,51.0,0,51,17,17,zero,91
happo,shock,3,124,1,10,3.0,0,3,17,17,zero,91
happo,shock,3,124,2,10,11.0,11,0,20,20,zero,91
happo,shock,3,125,0,10,50.0,0,50,17,17,zero,91
happo,shock,3,125,1,10,3.0,0,3,17,17,zero,91
happo,shock,3,125,2,10,1.0,1,0,7,7,zero,91
happo,shock,3,126,0,10,40.0,0,40,17,17,zero,91
happo,shock,3,126,1,10,3.0,0,3,17,17,zero,91
happo,shock,3,126,2,10,4.0,4,0,20,20,zero,91
happo,shock,3,127,0,10,30.0,0,30,17,17,zero,91
happo,shock,3,127,1,10,3.0,0,3,17,17,zero,91
happo,shock,3,127,2,10,7.0,7,0,20,20,zero,91
happo,shock,3,128,0,10,23.0,0,23,17,17,zero,91
happo,shock,3,128,1,10,3.0,0,3,17,17,zero,91
happo,shock,3,128,2,10,10.0,10,0,20,20,zero,91
happo,shock,3,129,0,10,16.0,0,16,17,17,zero,91
happo,shock,3,129,1,10,3.0,0,3,17,17,zero,91
happo,shock,3,129,2,10,-0.0,0,0,7,7,zero,91
happo,shock,3,130,0,10,9.0,0,9,17,17,zero,91
happo,shock,3,130,1,10,3.0,0,3,17,17,zero,91
happo,shock,3,130,2,10,3.0,3,0,20,20,zero,91
happo,shock,3,131,0,10,2.0,0,2,2,2,zero,91
happo,shock,3,131,1,10,12.0,12,0,17,17,zero,91
happo,shock,3,131,2,10,6.0,6,0,20,20,zero,91
happo,shock,3,132,0,10,5.0,5,0,16,16,zero,91
happo,shock,3,132,1,10,13.0,13,0,0,0,zero,91
happo,shock,3,132,2,10,26.0,26,0,20,20,zero,91
happo,shock,3,133,0,10,12.0,12,0,2,2,zero,91
happo,shock,3,133,1,10,28.0,28,0,1,1,zero,91
happo,shock,3,133,2,10,32.0,32,0,0,0,zero,91
happo,shock,3,134,0,10,19.0,19,0,16,16,zero,91
happo,shock,3,134,1,10,29.0,29,0,6,6,zero,91
happo,shock,3,134,2,10,46.0,46,0,0,0,zero,91
happo,shock,3,135,0,10,14.0,14,0,2,2,zero,91
happo,shock,3,135,1,10,44.0,44,0,17,17,zero,91
happo,shock,3,135,2,10,49.0,49,0,0,0,zero,91
happo,shock,3,136,0,10,20.0,20,0,16,16,zero,91
happo,shock,3,136,1,10,28.0,28,0,2,2,zero,91
happo,shock,3,136,2,10,67.0,67,0,7,7,zero,91
happo,shock,3,137,0,10,12.0,12,0,2,2,zero,91
happo,shock,3,137,1,10,27.0,27,0,10,10,zero,91
happo,shock,3,137,2,10,57.0,57,0,0,0,zero,91
happo,shock,3,138,0,10,18.0,18,0,8,8,zero,91
happo,shock,3,138,1,10,25.0,25,0,10,10,zero,91
happo,shock,3,138,2,10,47.0,47,0,0,0,zero,91
happo,shock,3,139,0,10,10.0,10,0,8,8,zero,91
happo,shock,3,139,1,10,34.0,34,0,2,2,zero,91
happo,shock,3,139,2,10,45.0,45,0,0,0,zero,91
happo,shock,3,140,0,10,16.0,16,0,8,8,zero,91
happo,shock,3,140,1,10,28.0,28,0,2,2,zero,91
happo,shock,3,140,2,10,50.0,50,0,0,0,zero,91
happo,shock,3,141,0,8,10.0,10,0,13,13,zero,91
happo,shock,3,141,1,8,25.0,25,0,10,10,zero,91
happo,shock,3,141,2,8,40.0,40,0,0,0,zero,91
happo,shock,3,142,0,8,10.0,10,0,2,2,zero,91
happo,shock,3,142,1,8,33.0,33,0,10,10,zero,91
happo,shock,3,142,2,8,30.0,30,0,0,0,zero,91
happo,shock,3,143,0,8,10.0,10,0,16,16,zero,91
happo,shock,3,143,1,8,19.0,19,0,2,2,zero,91
happo,shock,3,143,2,8,28.0,28,0,17,17,zero,91
happo,shock,3,144,0,9,9.0,9,0,2,2,zero,91
happo,shock,3,144,1,9,19.0,19,0,16,16,zero,91
happo,shock,3,144,2,9,12.0,12,0,0,0,zero,91
happo,shock,3,145,0,9,13.0,13,0,8,8,zero,91
happo,shock,3,145,1,9,21.0,21,0,2,2,zero,91
happo,shock,3,145,2,9,10.0,10,0,19,19,zero,91
happo,shock,3,146,0,9,6.0,6,0,5,5,zero,91
happo,shock,3,146,1,9,26.0,26,0,2,2,zero,91
happo,shock,3,146,2,9,8.0,8,0,1,1,zero,91
happo,shock,3,147,0,9,13.0,13,0,8,8,zero,91
happo,shock,3,147,1,9,20.0,20,0,2,2,zero,91
happo,shock,3,147,2,9,23.0,23,0,0,0,zero,91
happo,shock,3,148,0,8,7.0,7,0,8,8,zero,91
happo,shock,3,148,1,8,28.0,28,0,10,10,zero,91
happo,shock,3,148,2,8,13.0,13,0,0,0,zero,91
happo,shock,3,149,0,16,1.0,0,1,13,13,zero,91
happo,shock,3,149,1,16,17.0,17,0,10,10,zero,91
happo,shock,3,149,2,16,22.0,22,0,0,0,zero,91
happo,shock,3,150,0,16,12.0,0,12,13,13,zero,91
happo,shock,3,150,1,16,6.0,6,0,10,10,zero,91
happo,shock,3,150,2,16,13.0,13,0,17,17,zero,91
happo,shock,3,151,0,18,22.0,0,22,13,13,zero,91
happo,shock,3,151,1,18,5.0,0,5,16,16,zero,91
happo,shock,3,151,2,18,3.0,0,3,19,19,zero,91
happo,shock,3,152,0,17,31.0,0,31,17,17,zero,91
happo,shock,3,152,1,17,12.0,0,12,16,16,zero,91
happo,shock,3,152,2,17,19.0,0,19,20,20,zero,91
happo,shock,3,153,0,18,36.0,0,36,17,17,zero,91
happo,shock,3,153,1,18,19.0,0,19,16,16,zero,91
happo,shock,3,153,2,18,35.0,0,35,20,20,zero,91
happo,shock,3,154,0,19,42.0,0,42,17,17,zero,91
happo,shock,3,154,1,19,26.0,0,26,16,16,zero,91
happo,shock,3,154,2,19,34.0,0,34,19,19,zero,91
happo,shock,3,155,0,19,53.0,0,53,17,17,zero,91
happo,shock,3,155,1,19,30.0,0,30,16,16,zero,91
happo,shock,3,155,2,19,31.0,0,31,19,19,zero,91
happo,shock,3,156,0,16,59.0,0,59,17,17,zero,91
happo,shock,3,156,1,16,47.0,0,47,16,16,zero,91
happo,shock,3,156,2,16,27.0,0,27,19,19,zero,91
happo,shock,3,157,0,14,63.0,0,63,17,17,zero,91
happo,shock,3,157,1,14,64.0,0,64,12,12,zero,91
happo,shock,3,157,2,14,19.0,0,19,19,19,zero,91
happo,shock,3,158,0,14,67.0,0,67,13,13,zero,91
happo,shock,3,158,1,14,60.0,0,60,10,10,zero,91
happo,shock,3,158,2,14,10.0,0,10,16,16,zero,91
happo,shock,3,159,0,12,66.0,0,66,13,13,zero,91
happo,shock,3,159,1,12,54.0,0,54,10,10,zero,91
happo,shock,3,159,2,12,1.0,0,1,7,7,zero,91
happo,shock,3,160,0,13,79.0,0,79,17,17,zero,91
happo,shock,3,160,1,13,51.0,0,51,10,10,zero,91
happo,shock,3,160,2,13,8.0,8,0,0,0,zero,91
happo,shock,3,161,0,19,98.0,0,98,17,17,zero,91
happo,shock,3,161,1,19,48.0,0,48,17,17,zero,91
happo,shock,3,161,2,19,10.0,10,0,7,7,zero,91
happo,shock,3,162,0,18,99.0,0,99,17,17,zero,91
happo,shock,3,162,1,18,46.0,0,46,17,17,zero,91
happo,shock,3,162,2,18,9.0,9,0,20,20,zero,91
happo,shock,3,163,0,18,98.0,0,98,17,17,zero,91
happo,shock,3,163,1,18,44.0,0,44,17,17,zero,91
happo,shock,3,163,2,18,1.0,0,1,20,20,zero,91
happo,shock,3,164,0,16,94.0,0,94,17,17,zero,91
happo,shock,3,164,1,16,50.0,0,50,17,17,zero,91
happo,shock,3,164,2,16,18.0,0,18,20,20,zero,91
happo,shock,3,165,0,15,89.0,0,89,17,17,zero,91
happo,shock,3,165,1,15,50.0,0,50,17,17,zero,91
happo,shock,3,165,2,15,28.0,0,28,20,20,zero,91
happo,shock,3,166,0,14,84.0,0,84,17,17,zero,91
happo,shock,3,166,1,14,50.0,0,50,17,17,zero,91
happo,shock,3,166,2,14,25.0,0,25,20,20,zero,91
happo,shock,3,167,0,13,78.0,0,78,17,17,zero,91
happo,shock,3,167,1,13,51.0,0,51,17,17,zero,91
happo,shock,3,167,2,13,22.0,0,22,19,19,zero,91
happo,shock,3,168,0,14,81.0,0,81,17,17,zero,91
happo,shock,3,168,1,14,68.0,0,68,17,17,zero,91
happo,shock,3,168,2,14,19.0,0,19,19,19,zero,91
happo,shock,3,169,0,15,79.0,0,79,17,17,zero,91
happo,shock,3,169,1,15,78.0,0,78,17,17,zero,91
happo,shock,3,169,2,15,16.0,0,16,19,19,zero,91
happo,shock,3,170,0,14,76.0,0,76,17,17,zero,91
happo,shock,3,170,1,14,75.0,0,75,17,17,zero,91
happo,shock,3,170,2,14,13.0,0,13,19,19,zero,91
happo,shock,3,171,0,14,74.0,0,74,17,17,zero,91
happo,shock,3,171,1,14,72.0,0,72,17,17,zero,91
happo,shock,3,171,2,14,11.0,0,11,19,19,zero,91
happo,shock,3,172,0,15,89.0,0,89,17,17,zero,91
happo,shock,3,172,1,15,69.0,0,69,17,17,zero,91
happo,shock,3,172,2,15,9.0,0,9,19,19,zero,91
happo,shock,3,173,0,16,98.0,0,98,17,17,zero,91
happo,shock,3,173,1,16,66.0,0,66,17,17,zero,91
happo,shock,3,173,2,16,7.0,0,7,20,20,zero,91
happo,shock,3,174,0,14,92.0,0,92,17,17,zero,91
happo,shock,3,174,1,14,63.0,0,63,17,17,zero,91
happo,shock,3,174,2,14,5.0,0,5,20,20,zero,91
happo,shock,3,175,0,12,84.0,0,84,17,17,zero,91
happo,shock,3,175,1,12,61.0,0,61,17,17,zero,91
happo,shock,3,175,2,12,3.0,0,3,20,20,zero,91
happo,shock,3,176,0,11,75.0,0,75,17,17,zero,91
happo,shock,3,176,1,11,59.0,0,59,17,17,zero,91
happo,shock,3,176,2,11,1.0,0,1,20,20,zero,91
happo,shock,3,177,0,12,67.0,0,67,17,17,zero,91
happo,shock,3,177,1,12,57.0,0,57,17,17,zero,91
happo,shock,3,177,2,12,2.0,2,0,20,20,zero,91
happo,shock,3,178,0,13,60.0,0,60,17,17,zero,91
happo,shock,3,178,1,13,55.0,0,55,17,17,zero,91
happo,shock,3,178,2,13,5.0,5,0,7,7,zero,91
happo,shock,3,179,0,12,53.0,0,53,17,17,zero,91
happo,shock,3,179,1,12,53.0,0,53,17,17,zero,91
happo,shock,3,179,2,12,8.0,8,0,20,20,zero,91
happo,shock,3,180,0,12,46.0,0,46,17,17,zero,91
happo,shock,3,180,1,12,51.0,0,51,17,17,zero,91
happo,shock,3,180,2,12,11.0,11,0,20,20,zero,91
happo,shock,3,181,0,11,38.0,0,38,17,17,zero,91
happo,shock,3,181,1,11,50.0,0,50,17,17,zero,91
happo,shock,3,181,2,11,14.0,14,0,20,20,zero,91
happo,shock,3,182,0,11,30.0,0,30,17,17,zero,91
happo,shock,3,182,1,11,50.0,0,50,17,17,zero,91
happo,shock,3,182,2,11,4.0,4,0,7,7,zero,91
happo,shock,3,183,0,11,22.0,0,22,17,17,zero,91
happo,shock,3,183,1,11,50.0,0,50,17,17,zero,91
happo,shock,3,183,2,11,7.0,7,0,20,20,zero,91
happo,shock,3,184,0,12,15.0,0,15,17,17,zero,91
happo,shock,3,184,1,12,50.0,0,50,17,17,zero,91
happo,shock,3,184,2,12,10.0,10,0,20,20,zero,91
happo,shock,3,185,0,14,11.0,0,11,17,17,zero,91
happo,shock,3,185,1,14,50.0,0,50,17,17,zero,91
happo,shock,3,185,2,14,13.0,13,0,20,20,zero,91
happo,shock,3,186,0,18,12.0,0,12,17,17,zero,91
happo,shock,3,186,1,18,50.0,0,50,17,17,zero,91
happo,shock,3,186,2,18,3.0,3,0,7,7,zero,91
happo,shock,3,187,0,19,14.0,0,14,17,17,zero,91
happo,shock,3,187,1,19,50.0,0,50,17,17,zero,91
happo,shock,3,187,2,19,6.0,6,0,20,20,zero,91
happo,shock,3,188,0,20,17.0,0,17,17,17,zero,91
happo,shock,3,188,1,20,50.0,0,50,17,17,zero,91
happo,shock,3,188,2,20,9.0,9,0,20,20,zero,91
happo,shock,3,189,0,19,19.0,0,19,17,17,zero,91
happo,shock,3,189,1,19,50.0,0,50,17,17,zero,91
happo,shock,3,189,2,19,12.0,12,0,20,20,zero,91
happo,shock,3,190,0,19,21.0,0,21,17,17,zero,91
happo,shock,3,190,1,19,50.0,0,50,17,17,zero,91
happo,shock,3,190,2,19,2.0,2,0,7,7,zero,91
happo,shock,3,191,0,17,21.0,0,21,17,17,zero,91
happo,shock,3,191,1,17,50.0,0,50,17,17,zero,91
happo,shock,3,191,2,17,5.0,5,0,20,20,zero,91
happo,shock,3,192,0,14,18.0,0,18,17,17,zero,91
happo,shock,3,192,1,14,50.0,0,50,17,17,zero,91
happo,shock,3,192,2,14,8.0,8,0,20,20,zero,91
happo,shock,3,193,0,16,17.0,0,17,17,17,zero,91
happo,shock,3,193,1,16,50.0,0,50,17,17,zero,91
happo,shock,3,193,2,16,11.0,11,0,20,20,zero,91
happo,shock,3,194,0,15,15.0,0,15,17,17,zero,91
happo,shock,3,194,1,15,50.0,0,50,17,17,zero,91
happo,shock,3,194,2,15,1.0,1,0,7,7,zero,91
happo,shock,3,195,0,14,12.0,0,12,17,17,zero,91
happo,shock,3,195,1,14,50.0,0,50,17,17,zero,91
happo,shock,3,195,2,14,4.0,4,0,20,20,zero,91
happo,shock,3,196,0,14,9.0,0,9,17,17,zero,91
happo,shock,3,196,1,14,50.0,0,50,17,17,zero,91
happo,shock,3,196,2,14,7.0,7,0,20,20,zero,91
happo,shock,3,197,0,14,6.0,0,6,17,17,zero,91
happo,shock,3,197,1,14,50.0,0,50,17,17,zero,91
happo,shock,3,197,2,14,10.0,10,0,20,20,zero,91
happo,shock,3,198,0,12,1.0,0,1,17,17,zero,91
happo,shock,3,198,1,12,50.0,0,50,17,17,zero,91
happo,shock,3,198,2,12,-0.0,0,0,7,7,zero,91
happo,shock,3,199,0,13,3.0,3,0,16,16,zero,91
happo,shock,3,199,1,13,49.0,0,49,17,17,zero,91
happo,shock,3,199,2,13,3.0,3,0,20,20,zero,91
happo,shock,3,200,0,12,8.0,8,0,2,2,zero,91
happo,shock,3,200,1,12,34.0,0,34,17,17,zero,91
happo,shock,3,200,2,12,6.0,6,0,20,20,zero,91
ippo,base,0,1,0,10,10.0,10,0,7,7,zero,
ippo,base,0,1,1,10,13.0,13,0,18,18,zero,
ippo,base,0,1,2,10,2.0,2,0,19,19,zero,
ippo,base,0,2,0,10,10.0,10,0,11,11,zero,
ippo,base,0,2,1,10,12.0,12,0,3,3,zero,
ippo,base,0,2,2,10,9.0,9,0,19,19,zero,
ippo,base,0,3,0,10,10.0,10,0,11,11,zero,
ippo,base,0,3,1,10,11.0,11,0,12,12,zero,
ippo,base,0,3,2,10,7.0,7,0,1,1,zero,
ippo,base,0,4,0,9,11.0,11,0,11,11,zero,
ippo,base,0,4,1,9,10.0,10,0,12,12,zero,
ippo,base,0,4,2,9,5.0,5,0,2,2,zero,
ippo,base,0,5,0,10,8.0,8,0,3,3,zero,
ippo,base,0,5,1,10,25.0,25,0,12,12,zero,
ippo,base,0,5,2,10,12.0,12,0,2,2,zero,
ippo,base,0,6,0,10,9.0,9,0,11,11,zero,
ippo,base,0,6,1,10,17.0,17,0,0,0,zero,
ippo,base,0,6,2,10,31.0,31,0,19,19,zero,
ippo,base,0,7,0,9,11.0,11,0,11,11,zero,
ippo,base,0,7,1,9,18.0,18,0,6,6,zero,
ippo,base,0,7,2,9,26.0,26,0,2,2,zero,
ippo,base,0,8,0,10,12.0,12,0,11,11,zero,
ippo,base,0,8,1,10,19.0,19,0,17,17,zero,
ippo,base,0,8,2,10,11.0,11,0,0,0,zero,
ippo,base,0,9,0,11,4.0,4,0,7,7,zero,
ippo,base,0,9,1,11,24.0,24,0,12,12,zero,
ippo,base,0,9,2,11,1.0,1,0,17,17,zero,
ippo,base,0,10,0,11,4.0,4,0,11,11,zero,
ippo,base,0,10,1,11,13.0,13,0,2,2,zero,
ippo,base,0,10,2,11,18.0,18,0,19,19,zero,
ippo,base,0,11,0,10,5.0,5,0,17,17,zero,
ippo,base,0,11,1,10,2.0,2,0,17,17,zero,
ippo,base,0,11,2,10,3.0,3,0,2,2,zero,
ippo,base,0,12,0,10,6.0,6,0,11,11,zero,
ippo,base,0,12,1,10,8.0,8,0,17,17,zero,
ippo,base,0,12,2,10,14.0,0,14,15,15,zero,
ippo,base,0,13,0,10,3.0,3,0,7,7,zero,
ippo,base,0,13,1,10,13.0,13,0,17,17,zero,
ippo,base,0,13,2,10,14.0,0,14,20,20,zero,
ippo,base,0,14,0,10,4.0,4,0,9,9,zero,
ippo,base,0,14,1,10,6.0,6,0,12,12,zero,
ippo,base,0,14,2,10,7.0,0,7,20,20,zero,
ippo,base,0,15,0,10,11.0,11,0,9,9,zero,
ippo,base,0,15,1,10,14.0,14,0,1,1,zero,
ippo,base,0,15,2,10,6.0,0,6,0,0,zero,
ippo,base,0,16,0,10,12.0,12,0,11,11,zero,
ippo,base,0,16,1,10,6.0,6,0,6,6,zero,
ippo,base,0,16,2,10,3.0,3,0,0,0,zero,
ippo,base,0,17,0,9,10.0,10,0,11,11,zero,
ippo,base,0,17,1,9,12.0,12,0,12,12,zero,
ippo,base,0,17,2,9,11.0,11,0,0,0,zero,
ippo,base,0,18,0,9,10.0,10,0,7,7,zero,
ippo,base,0,18,1,9,24.0,24,0,6,6,zero,
ippo,base,0,18,2,9,25.0,25,0,17,17,zero,
ippo,base,0,19,0,9,10.0,10,0,7,7,zero,
ippo,base,0,19,1,9,19.0,19,0,12,12,zero,
ippo,base,0,19,2,9,13.0,13,0,17,17,zero,
ippo,base,0,20,0,10,11.0,11,0,7,7,zero,
ippo,base,0,20,1,10,24.0,24,0,1,1,zero,
ippo,base,0,20,2,10,12.0,12,0,2,2,zero,
ippo,base,0,21,0,8,14.0,14,0,11,11,zero,
ippo,base,0,21,1,8,25.0,25,0,1,1,zero,
ippo,base,0,21,2,8,11.0,11,0,2,2,zero,
ippo,base,0,22,0,7,14.0,14,0,7,7,zero,
ippo,base,0,22,1,7,24.0,24,0,17,17,zero,
ippo,base,0,22,2,7,11.0,11,0,0,0,zero,
ippo,base,0,23,0,8,13.0,13,0,0,0,zero,
ippo,base,0,23,1,8,36.0,36,0,2,2,zero,
ippo,base,0,23,2,8,26.0,26,0,17,17,zero,
ippo,base,0,24,0,7,13.0,13,0,1,1,zero,
ippo,base,0,24,1,7,36.0,36,0,1,1,zero,
ippo,base,0,24,2,7,27.0,27,0,2,2,zero,
ippo,base,0,25,0,7,17.0,17,0,3,3,zero,
ippo,base,0,25,1,7,34.0,34,0,1,1,zero,
ippo,base,0,25,2,7,28.0,28,0,0,0,zero,
ippo,base,0,26,0,8,16.0,16,0,11,11,zero,
ippo,base,0,26,1,8,40.0,40,0,1,1,zero,
ippo,base,0,26,2,8,27.0,27,0,0,0,zero,
ippo,base,0,27,0,8,8.0,8,0,11,11,zero,
ippo,base,0,27,1,8,31.0,31,0,1,1,zero,
ippo,base,0,27,2,8,43.0,43,0,0,0,zero,
ippo,base,0,28,0,8,1.0,1,0,11,11,zero,
ippo,base,0,28,1,8,21.0,21,0,2,2,zero,
ippo,base,0,28,2,8,43.0,43,0,0,0,zero,
ippo,base,0,29,0,7,3.0,0,3,7,7,zero,
ippo,base,0,29,1,7,15.0,15,0,17,17,zero,
ippo,base,0,29,2,7,26.0,26,0,0,0,zero,
ippo,base,0,30,0,7,1.0,1,0,7,7,zero,
ippo,base,0,30,1,7,9.0,9,0,17,17,zero,
ippo,base,0,30,2,7,9.0,9,0,20,20,zero,
ippo,base,0,31,0,8,4.0,4,0,7,7,zero,
ippo,base,0,31,1,8,3.0,3,0,1,1,zero,
ippo,base,0,31,2,8,8.0,8,0,20,20,zero,
ippo,base,0,32,0,8,7.0,7,0,11,11,zero,
ippo,base,0,32,1,8,6.0,0,6,1,1,zero,
ippo,base,0,32,2,8,7.0,7,0,2,2,zero,
ippo,base,0,33,0,7,7.0,7,0,11,11,zero,
ippo,base,0,33,1,7,-0.0,0,0,17,17,zero,
ippo,base,0,33,2,7,10.0,0,10,0,0,zero,
ippo,base,0,34,0,7,7.0,7,0,7,7,zero,
ippo,base,0,34,1,7,10.0,10,0,17,17,zero,
ippo,base,0,34,2,7,7.0,0,7,17,17,zero,
ippo,base,0,35,0,7,7.0,7,0,1,1,zero,
ippo,base,0,35,1,7,10.0,10,0,12,12,zero,
ippo,base,0,35,2,7,1.0,1,0,20,20,zero,
ippo,base,0,36,0,7,5.0,5,0,1,1,zero,
ippo,base,0,36,1,7,10.0,10,0,0,0,zero,
ippo,base,0,36,2,7,3.0,3,0,2,2,zero,
ippo,base,0,37,0,7,15.0,15,0,1,1,zero,
ippo,base,0,37,1,7,16.0,16,0,0,0,zero,
ippo,base,0,37,2,7,3.0,3,0,0,0,zero,
ippo,base,0,38,0,8,14.0,14,0,11,11,zero,
ippo,base,0,38,1,8,25.0,25,0,0,0,zero,
ippo,base,0,38,2,8,20.0,20,0,0,0,zero,
ippo,base,0,39,0,8,7.0,7,0,11,11,zero,
ippo,base,0,39,1,8,33.0,33,0,3,3,zero,
ippo,base,0,39,2,8,37.0,37,0,0,0,zero,
ippo,base,0,40,0,7,1.0,1,0,11,11,zero,
ippo,base,0,40,1,7,22.0,22,0,2,2,zero,
ippo,base,0,40,2,7,37.0,37,0,0,0,zero,
ippo,base,0,41,0,7,5.0,0,5,7,7,zero,
ippo,base,0,41,1,7,15.0,15,0,17,17,zero,
ippo,base,0,41,2,7,20.0,20,0,0,0,zero,
ippo,base,0,42,0,7,1.0,0,1,7,7,zero,
ippo,base,0,42,1,7,8.0,8,0,17,17,zero,
ippo,base,0,42,2,7,3.0,3,0,20,20,zero,
ippo,base,0,43,0,6,4.0,4,0,7,7,zero,
ippo,base,0,43,1,6,4.0,4,0,1,1,zero,
ippo,base,0,43,2,6,2.0,2,0,20,20,zero,
ippo,base,0,44,0,6,9.0,9,0,1,1,zero,
ippo,base,0,44,1,6,5.0,5,0,12,12,zero,
ippo,base,0,44,2,6,10.0,0,10,2,2,zero,
ippo,base,0,45,0,5,11.0,11,0,1,1,zero,
ippo,base,0,45,1,5,21.0,21,0,1,1,zero,
ippo,base,0,45,2,5,11.0,0,11,2,2,zero,
ippo,base,0,46,0,5,13.0,13,0,0,0,zero,
ippo,base,0,46,1,5,38.0,38,0,0,0,zero,
ippo,base,0,46,2,5,9.0,9,0,0,0,zero,
ippo,base,0,47,0,5,15.0,15,0,8,8,zero,
ippo,base,0,47,1,5,31.0,31,0,0,0,zero,
ippo,base,0,47,2,5,29.0,29,0,0,0,zero,
ippo,base,0,48,0,6,10.0,10,0,3,3,zero,
ippo,base,0,48,1,6,30.0,30,0,1,1,zero,
ippo,base,0,48,2,6,30.0,30,0,0,0,zero,
ippo,base,0,49,0,6,5.0,5,0,11,11,zero,
ippo,base,0,49,1,6,19.0,19,0,1,1,zero,
ippo,base,0,49,2,6,31.0,31,0,0,0,zero,
ippo,base,0,50,0,5,-0.0,0,0,7,7,zero,
ippo,base,0,50,1,5,23.0,23,0,2,2,zero,
ippo,base,0,50,2,5,29.0,29,0,0,0,zero,
ippo,base,0,51,0,5,3.0,3,0,5,5,zero,
ippo,base,0,51,1,5,18.0,18,0,17,17,zero,
ippo,base,0,51,2,5,12.0,12,0,0,0,zero,
ippo,base,0,52,0,6,-0.0,0,0,1,1,zero,
ippo,base,0,52,1,6,18.0,18,0,1,1,zero,
ippo,base,0,52,2,6,11.0,11,0,20,20,zero,
ippo,base,0,53,0,6,5.0,5,0,9,9,zero,
ippo,base,0,53,1,6,10.0,10,0,1,1,zero,
ippo,base,0,53,2,6,10.0,10,0,2,2,zero,
ippo,base,0,54,0,6,6.0,6,0,7,7,zero,
ippo,base,0,54,1,6,5.0,5,0,1,1,zero,
ippo,base,0,54,2,6,9.0,9,0,0,0,zero,
ippo,base,0,55,0,6,5.0,5,0,7,7,zero,
ippo,base,0,55,1,6,15.0,15,0,12,12,zero,
ippo,base,0,55,2,6,3.0,0,3,2,2,zero,
ippo,base,0,56,0,7,1.0,0,1,5,5,zero,
ippo,base,0,56,1,7,11.0,11,0,12,12,zero,
ippo,base,0,56,2,7,5.0,5,0,20,20,zero,
ippo,base,0,57,0,7,1.0,1,0,11,11,zero,
ippo,base,0,57,1,7,1.0,1,0,1,1,zero,
ippo,base,0,57,2,7,6.0,6,0,19,19,zero,
ippo,base,0,58,0,8,-0.0,0,0,11,11,zero,
ippo,base,0,58,1,8,9.0,0,9,12,12,zero,
ippo,base,0,58,2,8,6.0,0,6,0,0,zero,
ippo,base,0,59,0,8,1.0,0,1,11,11,zero,
ippo,base,0,59,1,8,11.0,0,11,17,17,zero,
ippo,base,0,59,2,8,21.0,0,21,2,2,zero,
ippo,base,0,60,0,9,5.0,0,5,11,11,zero,
ippo,base,0,60,1,9,7.0,0,7,17,17,zero,
ippo,base,0,60,2,9,18.0,0,18,20,20,zero,
ippo,base,0,61,0,9,3.0,0,3,11,11,zero,
ippo,base,0,61,1,9,17.0,0,17,17,17,zero,
ippo,base,0,61,2,9,16.0,0,16,20,20,zero,
ippo,base,0,62,0,10,11.0,0,11,11,11,zero,
ippo,base,0,62,1,10,22.0,0,22,12,12,zero,
ippo,base,0,62,2,10,28.0,0,28,20,20,zero,
ippo,base,0,63,0,11,13.0,0,13,11,11,zero,
ippo,base,0,63,1,11,31.0,0,31,17,17,zero,
ippo,base,0,63,2,11,43.0,0,43,13,13,zero,
ippo,base,0,64,0,12,10.0,0,10,17,17,zero,
ippo,base,0,64,1,12,28.0,0,28,12,12,zero,
ippo,base,0,64,2,12,35.0,0,35,20,20,zero,
ippo,base,0,65,0,11,20.0,0,20,17,17,zero,
ippo,base,0,65,1,11,26.0,0,26,17,17,zero,
ippo,base,0,65,2,11,32.0,0,32,20,20,zero,
ippo,base,0,66,0,12,26.0,0,26,11,11,zero,
ippo,base,0,66,1,12,37.0,0,37,17,17,zero,
ippo,base,0,66,2,12,29.0,0,29,20,20,zero,
ippo,base,0,67,0,12,36.0,0,36,11,11,zero,
ippo,base,0,67,1,12,46.0,0,46,12,12,zero,
ippo,base,0,67,2,12,28.0,0,28,20,20,zero,
ippo,base,0,68,0,10,26.0,0,26,11,11,zero,
ippo,base,0,68,1,10,37.0,0,37,0,0,zero,
ippo,base,0,68,2,10,8.0,0,8,20,20,zero,
ippo,base,0,69,0,10,17.0,0,17,11,11,zero,
ippo,base,0,69,1,10,28.0,0,28,0,0,zero,
ippo,base,0,69,2,10,12.0,12,0,0,0,zero,
ippo,base,0,70,0,11,28.0,0,28,11,11,zero,
ippo,base,0,70,1,11,19.0,0,19,16,16,zero,
ippo,base,0,70,2,11,16.0,16,0,0,0,zero,
ippo,base,0,71,0,11,37.0,0,37,7,7,zero,
ippo,base,0,71,1,11,13.0,0,13,3,3,zero,
ippo,base,0,71,2,11,33.0,33,0,14,14,zero,
ippo,base,0,72,0,11,28.0,0,28,11,11,zero,
ippo,base,0,72,1,11,4.0,0,4,3,3,zero,
ippo,base,0,72,2,11,50.0,50,0,0,0,zero,
ippo,base,0,73,0,12,20.0,0,20,7,7,zero,
ippo,base,0,73,1,12,3.0,0,3,19,19,zero,
ippo,base,0,73,2,12,31.0,31,0,0,0,zero,
ippo,base,0,74,0,13,13.0,0,13,11,11,zero,
ippo,base,0,74,1,13,2.0,2,0,20,20,zero,
ippo,base,0,74,2,13,11.0,11,0,17,17,zero,
ippo,base,0,75,0,13,13.0,0,13,11,11,zero,
ippo,base,0,75,1,13,6.0,0,6,12,12,zero,
ippo,base,0,75,2,13,13.0,13,0,20,20,zero,
ippo,base,0,76,0,13,6.0,0,6,11,11,zero,
ippo,base,0,76,1,13,14.0,0,14,12,12,zero,
ippo,base,0,76,2,13,1.0,1,0,2,2,zero,
ippo,base,0,77,0,12,10.0,0,10,17,17,zero,
ippo,base,0,77,1,12,12.0,0,12,12,12,zero,
ippo,base,0,77,2,12,11.0,0,11,19,19,zero,
ippo,base,0,78,0,9,5.0,0,5,17,17,zero,
ippo,base,0,78,1,9,9.0,0,9,20,20,zero,
ippo,base,0,78,2,9,14.0,0,14,19,19,zero,
ippo,base,0,79,0,9,9.0,0,9,7,7,zero,
ippo,base,0,79,1,9,4.0,0,4,20,20,zero,
ippo,base,0,79,2,9,14.0,0,14,20,20,zero,
ippo,base,0,80,0,11,17.0,0,17,7,7,zero,
ippo,base,0,80,1,11,1.0,1,0,20,20,zero,
ippo,base,0,80,2,11,32.0,0,32,20,20,zero,
ippo,base,0,81,0,10,8.0,0,8,11,11,zero,
ippo,base,0,81,1,10,9.0,0,9,12,12,zero,
ippo,base,0,81,2,10,25.0,0,25,20,20,zero,
ippo,base,0,82,0,11,1.0,1,0,11,11,zero,
ippo,base,0,82,1,11,3.0,0,3,6,6,zero,
ippo,base,0,82,2,11,12.0,0,12,2,2,zero,
ippo,base,0,83,0,11,2.0,2,0,11,11,zero,
ippo,base,0,83,1,11,6.0,6,0,3,3,zero,
ippo,base,0,83,2,11,5.0,5,0,0,0,zero,
ippo,base,0,84,0,11,2.0,2,0,11,11,zero,
ippo,base,0,84,1,11,3.0,0,3,2,2,zero,
ippo,base,0,84,2,11,23.0,23,0,0,0,zero,
ippo,base,0,85,0,12,8.0,0,8,11,11,zero,
ippo,base,0,85,1,12,5.0,5,0,8,8,zero,
ippo,base,0,85,2,12,35.0,35,0,0,0,zero,
ippo,base,0,86,0,12,3.0,0,3,11,11,zero,
ippo,base,0,86,1,12,13.0,13,0,12,12,zero,
ippo,base,0,86,2,12,25.0,25,0,14,14,zero,
ippo,base,0,87,0,12,1.0,0,1,17,17,zero,
ippo,base,0,87,1,12,11.0,11,0,12,12,zero,
ippo,base,0,87,2,12,13.0,13,0,17,17,zero,
ippo,base,0,88,0,14,7.0,0,7,11,11,zero,
ippo,base,0,88,1,14,2.0,2,0,18,18,zero,
ippo,base,0,88,2,14,5.0,0,5,2,2,zero,
ippo,base,0,89,0,13,6.0,0,6,17,17,zero,
ippo,base,0,89,1,13,7.0,0,7,18,18,zero,
ippo,base,0,89,2,13,23.0,0,23,19,19,zero,
ippo,base,0,90,0,13,8.0,0,8,17,17,zero,
ippo,base,0,90,1,13,12.0,0,12,18,18,zero,
ippo,base,0,90,2,13,27.0,0,27,20,20,zero,
ippo,base,0,91,0,13,4.0,0,4,17,17,zero,
ippo,base,0,91,1,13,17.0,0,17,18,18,zero,
ippo,base,0,91,2,13,28.0,0,28,20,20,zero,
ippo,base,0,92,0,14,7.0,0,7,17,17,zero,
ippo,base,0,92,1,14,21.0,0,21,18,18,zero,
ippo,base,0,92,2,14,44.0,0,44,20,20,zero,
ippo,base,0,93,0,14,11.0,0,11,17,17,zero,
ippo,base,0,93,1,14,38.0,0,38,20,20,zero,
ippo,base,0,93,2,14,45.0,0,45,20,20,zero,
ippo,base,0,94,0,13,12.0,0,12,17,17,zero,
ippo,base,0,94,1,13,41.0,0,41,20,20,zero,
ippo,base,0,94,2,13,45.0,0,45,20,20,zero,
ippo,base,0,95,0,10,10.0,0,10,17,17,zero,
ippo,base,0,95,1,10,41.0,0,41,20,20,zero,
ippo,base,0,95,2,10,45.0,0,45,20,20,zero,
ippo,base,0,96,0,10,7.0,0,7,17,17,zero,
ippo,base,0,96,1,10,56.0,0,56,20,20,zero,
ippo,base,0,96,2,10,45.0,0,45,20,20,zero,
ippo,base,0,97,0,10,17.0,0,17,11,11,zero,
ippo,base,0,97,1,10,48.0,0,48,20,20,zero,
ippo,base,0,97,2,10,45.0,0,45,20,20,zero,
ippo,base,0,98,0,10,13.0,0,13,11,11,zero,
ippo,base,0,98,1,10,39.0,0,39,0,0,zero,
ippo,base,0,98,2,10,25.0,0,25,20,20,zero,
ippo,base,0,99,0,10,6.0,0,6,7,7,zero,
ippo,base,0,99,1,10,26.0,0,26,3,3,zero,
ippo,base,0,99,2,10,8.0,0,8,20,20,zero,
ippo,base,0,100,0,11,15.0,0,15,7,7,zero,
ippo,base,0,100,1,11,13.0,0,13,3,3,zero,
ippo,base,0,100,2,11,9.0,9,0,0,0,zero,
ippo,base,0,101,0,12,8.0,0,8,7,7,zero,
ippo,base,0,101,1,12,-0.0,0,0,3,3,zero,
ippo,base,0,101,2,12,26.0,26,0,0,0,zero,
ippo,base,0,102,0,14,2.0,0,2,7,7,zero,
ippo,base,0,102,1,14,13.0,13,0,3,3,zero,
ippo,base,0,102,2,14,43.0,43,0,0,0,zero,
ippo,base,0,103,0,13,5.0,5,0,11,11,zero,
ippo,base,0,103,1,13,22.0,22,0,3,3,zero,
ippo,base,0,103,2,13,60.0,60,0,0,0,zero,
ippo,base,0,104,0,12,13.0,13,0,9,9,zero,
ippo,base,0,104,1,12,24.0,24,0,20,20,zero,
ippo,base,0,104,2,12,40.0,40,0,0,0,zero,
ippo,base,0,105,0,11,22.0,22,0,11,11,zero,
ippo,base,0,105,1,11,16.0,16,0,20,20,zero,
ippo,base,0,105,2,11,20.0,20,0,17,17,zero,
ippo,base,0,106,0,12,17.0,17,0,3,3,zero,
ippo,base,0,106,1,12,16.0,16,0,6,6,zero,
ippo,base,0,106,2,12,14.0,14,0,20,20,zero,
ippo,base,0,107,0,13,15.0,15,0,11,11,zero,
ippo,base,0,107,1,13,8.0,8,0,3,3,zero,
ippo,base,0,107,2,13,11.0,11,0,2,2,zero,
ippo,base,0,108,0,13,11.0,11,0,17,17,zero,
ippo,base,0,108,1,13,11.0,11,0,8,8,zero,
ippo,base,0,108,2,13,3.0,3,0,2,2,zero,
ippo,base,0,109,0,13,9.0,9,0,17,17,zero,
ippo,base,0,109,1,13,14.0,14,0,18,18,zero,
ippo,base,0,109,2,13,2.0,2,0,2,2,zero,
ippo,base,0,110,0,13,1.0,0,1,11,11,zero,
ippo,base,0,110,1,13,9.0,9,0,18,18,zero,
ippo,base,0,110,2,13,4.0,4,0,20,20,zero,
ippo,base,0,111,0,12,2.0,0,2,11,11,zero,
ippo,base,0,111,1,12,1.0,1,0,18,18,zero,
ippo,base,0,111,2,12,12.0,0,12,20,20,zero,
ippo,base,0,112,0,13,2.0,2,0,11,11,zero,
ippo,base,0,112,1,13,2.0,0,2,18,18,zero,
ippo,base,0,112,2,13,28.0,0,28,20,20,zero,
ippo,base,0,113,0,13,6.0,6,0,17,17,zero,
ippo,base,0,113,1,13,1.0,0,1,18,18,zero,
ippo,base,0,113,2,13,44.0,0,44,20,20,zero,
ippo,base,0,114,0,10,7.0,7,0,17,17,zero,
ippo,base,0,114,1,10,-0.0,0,0,20,20,zero,
ippo,base,0,114,2,10,44.0,0,44,20,20,zero,
ippo,base,0,115,0,11,7.0,7,0,7,7,zero,
ippo,base,0,115,1,11,1.0,0,1,20,20,zero,
ippo,base,0,115,2,11,44.0,0,44,20,20,zero,
ippo,base,0,116,0,10,6.0,6,0,7,7,zero,
ippo,base,0,116,1,10,6.0,0,6,20,20,zero,
ippo,base,0,116,2,10,44.0,0,44,20,20,zero,
ippo,base,0,117,0,9,15.0,15,0,7,7,zero,
ippo,base,0,117,1,9,11.0,0,11,3,3,zero,
ippo,base,0,117,2,9,27.0,0,27,20,20,zero,
ippo,base,0,118,0,9,24.0,24,0,9,9,zero,
ippo,base,0,118,1,9,-0.0,0,0,0,0,zero,
ippo,base,0,118,2,9,7.0,0,7,20,20,zero,
ippo,base,0,119,0,10,20.0,20,0,1,1,zero,
ippo,base,0,119,1,10,19.0,19,0,3,3,zero,
ippo,base,0,119,2,10,10.0,10,0,0,0,zero,
ippo,base,0,120,0,10,12.0,12,0,9,9,zero,
ippo,base,0,120,1,10,30.0,30,0,3,3,zero,
ippo,base,0,120,2,10,27.0,27,0,0,0,zero,
ippo,base,0,121,0,10,4.0,4,0,7,7,zero,
ippo,base,0,121,1,10,43.0,43,0,3,3,zero,
ippo,base,0,121,2,10,44.0,44,0,0,0,zero,
ippo,base,0,122,0,10,14.0,14,0,11,11,zero,
ippo,base,0,122,1,10,52.0,52,0,3,3,zero,
ippo,base,0,122,2,10,61.0,61,0,0,0,zero,
ippo,base,0,123,0,10,5.0,5,0,11,11,zero,
ippo,base,0,123,1,10,51.0,51,0,2,2,zero,
ippo,base,0,123,2,10,59.0,59,0,0,0,zero,
ippo,base,0,124,0,12,2.0,2,0,11,11,zero,
ippo,base,0,124,1,12,43.0,43,0,8,8,zero,
ippo,base,0,124,2,12,51.0,51,0,0,0,zero,
ippo,base,0,125,0,12,3.0,0,3,17,17,zero,
ippo,base,0,125,1,12,29.0,29,0,18,18,zero,
ippo,base,0,125,2,12,33.0,33,0,0,0,zero,
ippo,base,0,126,0,14,6.0,0,6,17,17,zero,
ippo,base,0,126,1,14,15.0,15,0,17,17,zero,
ippo,base,0,126,2,14,16.0,16,0,20,20,zero,
ippo,base,0,127,0,13,8.0,0,8,17,17,zero,
ippo,base,0,127,1,13,-0.0,0,0,17,17,zero,
ippo,base,0,127,2,13,1.0,0,1,20,20,zero,
ippo,base,0,128,0,14,11.0,0,11,11,11,zero,
ippo,base,0,128,1,14,3.0,0,3,18,18,zero,
ippo,base,0,128,2,14,19.0,0,19,19,19,zero,
ippo,base,0,129,0,13,7.0,0,7,11,11,zero,
ippo,base,0,129,1,13,4.0,4,0,17,17,zero,
ippo,base,0,129,2,13,36.0,0,36,2,2,zero,
ippo,base,0,130,0,14,4.0,0,4,11,11,zero,
ippo,base,0,130,1,14,10.0,10,0,18,18,zero,
ippo,base,0,130,2,14,34.0,0,34,20,20,zero,
ippo,base,0,131,0,14,1.0,0,1,17,17,zero,
ippo,base,0,131,1,14,9.0,9,0,17,17,zero,
ippo,base,0,131,2,14,31.0,0,31,20,20,zero,
ippo,base,0,132,0,12,5.0,0,5,17,17,zero,
ippo,base,0,132,1,12,8.0,0,8,17,17,zero,
ippo,base,0,132,2,12,29.0,0,29,20,20,zero,
ippo,base,0,133,0,12,3.0,0,3,11,11,zero,
ippo,base,0,133,1,12,19.0,0,19,17,17,zero,
ippo,base,0,133,2,12,44.0,0,44,20,20,zero,
ippo,base,0,134,0,12,4.0,0,4,11,11,zero,
ippo,base,0,134,1,12,10.0,0,10,17,17,zero,
ippo,base,0,134,2,12,41.0,0,41,20,20,zero,
ippo,base,0,135,0,14,1.0,0,1,11,11,zero,
ippo,base,0,135,1,14,1.0,0,1,12,12,zero,
ippo,base,0,135,2,14,33.0,0,33,20,20,zero,
ippo,base,0,136,0,13,5.0,0,5,17,17,zero,
ippo,base,0,136,1,13,1.0,1,0,3,3,zero,
ippo,base,0,136,2,13,16.0,0,16,20,20,zero,
ippo,base,0,137,0,14,19.0,0,19,10,10,zero,
ippo,base,0,137,1,14,7.0,0,7,12,12,zero,
ippo,base,0,137,2,14,8.0,0,8,0,0,zero,
ippo,base,0,138,0,15,14.0,0,14,11,11,zero,
ippo,base,0,138,1,15,2.0,2,0,3,3,zero,
ippo,base,0,138,2,15,9.0,9,0,14,14,zero,
ippo,base,0,139,0,18,12.0,0,12,17,17,zero,
ippo,base,0,139,1,18,5.0,5,0,3,3,zero,
ippo,base,0,139,2,18,26.0,26,0,0,0,zero,
ippo,base,0,140,0,20,14.0,0,14,17,17,zero,
ippo,base,0,140,1,20,8.0,8,0,18,18,zero,
ippo,base,0,140,2,20,28.0,28,0,0,0,zero,
ippo,base,0,141,0,20,31.0,0,31,17,17,zero,
ippo,base,0,141,1,20,11.0,11,0,18,18,zero,
ippo,base,0,141,2,20,10.0,10,0,20,20,zero,
ippo,base,0,142,0,20,33.0,0,33,17,17,zero,
ippo,base,0,142,1,20,5.0,5,0,18,18,zero,
ippo,base,0,142,2,20,6.0,6,0,20,20,zero,
ippo,base,0,143,0,20,36.0,0,36,17,17,zero,
ippo,base,0,143,1,20,9.0,0,9,18,18,zero,
ippo,base,0,143,2,20,12.0,0,12,20,20,zero,
ippo,base,0,144,0,20,39.0,0,39,17,17,zero,
ippo,base,0,144,1,20,8.0,0,8,18,18,zero,
ippo,base,0,144,2,20,30.0,0,30,20,20,zero,
ippo,base,0,145,0,20,42.0,0,42,17,17,zero,
ippo,base,0,145,1,20,7.0,0,7,20,20,zero,
ippo,base,0,145,2,20,30.0,0,30,20,20,zero,
ippo,base,0,146,0,20,45.0,0,45,17,17,zero,
ippo,base,0,146,1,20,6.0,0,6,20,20,zero,
ippo,base,0,146,2,20,30.0,0,30,20,20,zero,
ippo,base,0,147,0,19,56.0,0,56,17,17,zero,
ippo,base,0,147,1,19,17.0,0,17,20,20,zero,
ippo,base,0,147,2,19,30.0,0,30,20,20,zero,
ippo,base,0,148,0,19,57.0,0,57,18,18,zero,
ippo,base,0,148,1,19,35.0,0,35,20,20,zero,
ippo,base,0,148,2,19,30.0,0,30,20,20,zero,
ippo,base,0,149,0,18,57.0,0,57,18,18,zero,
ippo,base,0,149,1,18,33.0,0,33,20,20,zero,
ippo,base,0,149,2,18,30.0,0,30,20,20,zero,
ippo,base,0,150,0,20,59.0,0,59,18,18,zero,
ippo,base,0,150,1,20,31.0,0,31,20,20,zero,
ippo,base,0,150,2,20,30.0,0,30,20,20,zero,
ippo,base,0,151,0,20,73.0,0,73,18,18,zero,
ippo,base,0,151,1,20,29.0,0,29,20,20,zero,
ippo,base,0,151,2,20,30.0,0,30,20,20,zero,
ippo,base,0,152,0,20,93.0,0,93,18,18,zero,
ippo,base,0,152,1,20,27.0,0,27,20,20,zero,
ippo,base,0,152,2,20,30.0,0,30,20,20,zero,
ippo,base,0,153,0,20,93.0,0,93,18,18,zero,
ippo,base,0,153,1,20,25.0,0,25,20,20,zero,
ippo,base,0,153,2,20,30.0,0,30,20,20,zero,
ippo,base,0,154,0,20,93.0,0,93,18,18,zero,
ippo,base,0,154,1,20,23.0,0,23,20,20,zero,
ippo,base,0,154,2,20,30.0,0,30,20,20,zero,
ippo,base,0,155,0,20,93.0,0,93,18,18,zero,
ippo,base,0,155,1,20,21.0,0,21,20,20,zero,
ippo,base,0,155,2,20,30.0,0,30,20,20,zero,
ippo,base,0,156,0,20,93.0,0,93,18,18,zero,
ippo,base,0,156,1,20,19.0,0,19,20,20,zero,
ippo,base,0,156,2,20,30.0,0,30,20,20,zero,
ippo,base,0,157,0,20,93.0,0,93,18,18,zero,
ippo,base,0,157,1,20,17.0,0,17,20,20,zero,
ippo,base,0,157,2,20,30.0,0,30,20,20,zero,
ippo,base,0,158,0,20,93.0,0,93,18,18,zero,
ippo,base,0,158,1,20,15.0,0,15,20,20,zero,
ippo,base,0,158,2,20,30.0,0,30,20,20,zero,
ippo,base,0,159,0,20,93.0,0,93,18,18,zero,
ippo,base,0,159,1,20,13.0,0,13,20,20,zero,
ippo,base,0,159,2,20,30.0,0,30,20,20,zero,
ippo,base,0,160,0,20,93.0,0,93,18,18,zero,
ippo,base,0,160,1,20,11.0,0,11,20,20,zero,
ippo,base,0,160,2,20,30.0,0,30,20,20,zero,
ippo,base,0,161,0,20,93.0,0,93,18,18,zero,
ippo,base,0,161,1,20,9.0,0,9,20,20,zero,
ippo,base,0,161,2,20,30.0,0,30,20,20,zero,
ippo,base,0,162,0,19,92.0,0,92,18,18,zero,
ippo,base,0,162,1,19,7.0,0,7,20,20,zero,
ippo,base,0,162,2,19,30.0,0,30,20,20,zero,
ippo,base,0,163,0,18,90.0,0,90,18,18,zero,
ippo,base,0,163,1,18,5.0,0,5,20,20,zero,
ippo,base,0,163,2,18,30.0,0,30,20,20,zero,
ippo,base,0,164,0,19,89.0,0,89,18,18,zero,
ippo,base,0,164,1,19,3.0,0,3,20,20,zero,
ippo,base,0,164,2,19,30.0,0,30,20,20,zero,
ippo,base,0,165,0,20,89.0,0,89,18,18,zero,
ippo,base,0,165,1,20,1.0,0,1,20,20,zero,
ippo,base,0,165,2,20,30.0,0,30,20,20,zero,
ippo,base,0,166,0,19,88.0,0,88,18,18,zero,
ippo,base,0,166,1,19,1.0,1,0,20,20,zero,
ippo,base,0,166,2,19,30.0,0,30,20,20,zero,
ippo,base,0,167,0,19,87.0,0,87,18,18,zero,
ippo,base,0,167,1,19,3.0,3,0,20,20,zero,
ippo,base,0,167,2,19,30.0,0,30,20,20,zero,
ippo,base,0,168,0,20,87.0,0,87,18,18,zero,
ippo,base,0,168,1,20,5.0,5,0,20,20,zero,
ippo,base,0,168,2,20,30.0,0,30,20,20,zero,
ippo,base,0,169,0,20,87.0,0,87,18,18,zero,
ippo,base,0,169,1,20,7.0,7,0,20,20,zero,
ippo,base,0,169,2,20,30.0,0,30,20,20,zero,
ippo,base,0,170,0,20,88.0,0,88,18,18,zero,
ippo,base,0,170,1,20,9.0,9,0,18,18,zero,
ippo,base,0,170,2,20,28.0,0,28,20,20,zero,
ippo,base,0,171,0,20,90.0,0,90,18,18,zero,
ippo,base,0,171,1,20,11.0,11,0,18,18,zero,
ippo,base,0,171,2,20,26.0,0,26,20,20,zero,
ippo,base,0,172,0,20,92.0,0,92,18,18,zero,
ippo,base,0,172,1,20,13.0,13,0,18,18,zero,
ippo,base,0,172,2,20,24.0,0,24,20,20,zero,
ippo,base,0,173,0,20,94.0,0,94,18,18,zero,
ippo,base,0,173,1,20,15.0,15,0,12,12,zero,
ippo,base,0,173,2,20,16.0,0,16,20,20,zero,
ippo,base,0,174,0,20,96.0,0,96,18,18,zero,
ippo,base,0,174,1,20,17.0,17,0,12,12,zero,
ippo,base,0,174,2,20,8.0,0,8,20,20,zero,
ippo,base,0,175,0,20,98.0,0,98,18,18,zero,
ippo,base,0,175,1,20,19.0,19,0,12,12,zero,
ippo,base,0,175,2,20,-0.0,0,0,4,4,zero,
ippo,base,0,176,0,20,100.0,0,100,18,18,zero,
ippo,base,0,176,1,20,21.0,21,0,12,12,zero,
ippo,base,0,176,2,20,8.0,8,0,14,14,zero,
ippo,base,0,177,0,20,102.0,0,102,18,18,zero,
ippo,base,0,177,1,20,23.0,23,0,12,12,zero,
ippo,base,0,177,2,20,16.0,16,0,20,20,zero,
ippo,base,0,178,0,20,104.0,0,104,18,18,zero,
ippo,base,0,178,1,20,25.0,25,0,18,18,zero,
ippo,base,0,178,2,20,18.0,18,0,20,20,zero,
ippo,base,0,179,0,20,106.0,0,106,18,18,zero,
ippo,base,0,179,1,20,27.0,27,0,12,12,zero,
ippo,base,0,179,2,20,10.0,10,0,19,19,zero,
ippo,base,0,180,0,20,108.0,0,108,18,18,zero,
ippo,base,0,180,1,20,21.0,21,0,18,18,zero,
ippo,base,0,180,2,20,6.0,6,0,2,2,zero,
ippo,base,0,181,0,20,110.0,0,110,18,18,zero,
ippo,base,0,181,1,20,15.0,15,0,18,18,zero,
ippo,base,0,181,2,20,8.0,8,0,19,19,zero,
ippo,base,0,182,0,20,112.0,0,112,18,18,zero,
ippo,base,0,182,1,20,15.0,15,0,18,18,zero,
ippo,base,0,182,2,20,10.0,10,0,19,19,zero,
ippo,base,0,183,0,17,111.0,0,111,18,18,zero,
ippo,base,0,183,1,17,9.0,9,0,18,18,zero,
ippo,base,0,183,2,17,11.0,11,0,19,19,zero,
ippo,base,0,184,0,16,109.0,0,109,18,18,zero,
ippo,base,0,184,1,16,9.0,9,0,18,18,zero,
ippo,base,0,184,2,16,5.0,0,5,19,19,zero,
ippo,base,0,185,0,16,107.0,0,107,18,18,zero,
ippo,base,0,185,1,16,9.0,9,0,18,18,zero,
ippo,base,0,185,2,16,4.0,0,4,19,19,zero,
ippo,base,0,186,0,17,106.0,0,106,18,18,zero,
ippo,base,0,186,1,17,9.0,9,0,18,18,zero,
ippo,base,0,186,2,17,3.0,0,3,2,2,zero,
ippo,base,0,187,0,18,106.0,0,106,18,18,zero,
ippo,base,0,187,1,18,9.0,9,0,18,18,zero,
ippo,base,0,187,2,18,2.0,0,2,19,19,zero,
ippo,base,0,188,0,20,108.0,0,108,18,18,zero,
ippo,base,0,188,1,20,4.0,4,0,20,20,zero,
ippo,base,0,188,2,20,3.0,0,3,19,19,zero,
ippo,base,0,189,0,17,107.0,0,107,18,18,zero,
ippo,base,0,189,1,17,5.0,5,0,20,20,zero,
ippo,base,0,189,2,17,4.0,0,4,20,20,zero,
ippo,base,0,190,0,17,106.0,0,106,18,18,zero,
ippo,base,0,190,1,17,6.0,6,0,20,20,zero,
ippo,base,0,190,2,17,22.0,0,22,20,20,zero,
ippo,base,0,191,0,16,104.0,0,104,18,18,zero,
ippo,base,0,191,1,16,7.0,7,0,20,20,zero,
ippo,base,0,191,2,16,23.0,0,23,20,20,zero,
ippo,base,0,192,0,17,103.0,0,103,18,18,zero,
ippo,base,0,192,1,17,8.0,8,0,20,20,zero,
ippo,base,0,192,2,17,24.0,0,24,20,20,zero,
ippo,base,0,193,0,17,102.0,0,102,18,18,zero,
ippo,base,0,193,1,17,9.0,9,0,20,20,zero,
ippo,base,0,193,2,17,24.0,0,24,20,20,zero,
ippo,base,0,194,0,20,104.0,0,104,18,18,zero,
ippo,base,0,194,1,20,7.0,0,7,20,20,zero,
ippo,base,0,194,2,20,24.0,0,24,20,20,zero,
ippo,base,0,195,0,20,106.0,0,106,18,18,zero,
ippo,base,0,195,1,20,6.0,0,6,20,20,zero,
ippo,base,0,195,2,20,24.0,0,24,20,20,zero,
ippo,base,0,196,0,20,108.0,0,108,18,18,zero,
ippo,base,0,196,1,20,5.0,0,5,20,20,zero,
ippo,base,0,196,2,20,24.0,0,24,20,20,zero,
ippo,base,0,197,0,20,110.0,0,110,18,18,zero,
ippo,base,0,197,1,20,3.0,0,3,20,20,zero,
ippo,base,0,197,2,20,24.0,0,24,20,20,zero,
ippo,base,0,198,0,20,119.0,0,119,18,18,zero,
ippo,base,0,198,1,20,1.0,0,1,20,20,zero,
ippo,base,0,198,2,20,24.0,0,24,20,20,zero,
ippo,base,0,199,0,20,120.0,0,120,18,18,zero,
ippo,base,0,199,1,20,1.0,1,0,20,20,zero,
ippo,base,0,199,2,20,24.0,0,24,20,20,zero,
ippo,base,0,200,0,20,121.0,0,121,18,18,zero,
ippo,base,0,200,1,20,3.0,3,0,20,20,zero,
ippo,base,0,200,2,20,24.0,0,24,20,20,zero,
ippo,base,1,1,0,10,10.0,10,0,7,7,zero,
ippo,base,1,1,1,10,13.0,13,0,18,18,zero,
ippo,base,1,1,2,10,2.0,2,0,19,19,zero,
ippo,base,1,2,0,12,8.0,8,0,11,11,zero,
ippo,base,1,2,1,12,12.0,12,0,3,3,zero,
ippo,base,1,2,2,12,9.0,9,0,19,19,zero,
ippo,base,1,3,0,12,6.0,6,0,17,17,zero,
ippo,base,1,3,1,12,5.0,5,0,12,12,zero,
ippo,base,1,3,2,12,7.0,7,0,1,1,zero,
ippo,base,1,4,0,12,4.0,4,0,17,17,zero,
ippo,base,1,4,1,12,2.0,0,2,18,18,zero,
ippo,base,1,4,2,12,1.0,0,1,2,2,zero,
ippo,base,1,5,0,10,1.0,1,0,11,11,zero,
ippo,base,1,5,1,10,5.0,5,0,18,18,zero,
ippo,base,1,5,2,10,-0.0,0,0,19,19,zero,
ippo,base,1,6,0,10,2.0,2,0,7,7,zero,
ippo,base,1,6,1,10,1.0,1,0,17,17,zero,
ippo,base,1,6,2,10,2.0,2,0,19,19,zero,
ippo,base,1,7,0,11,8.0,8,0,7,7,zero,
ippo,base,1,7,1,11,6.0,6,0,6,6,zero,
ippo,base,1,7,2,11,3.0,0,3,19,19,zero,
ippo,base,1,8,0,11,12.0,12,0,11,11,zero,
ippo,base,1,8,1,11,12.0,12,0,3,3,zero,
ippo,base,1,8,2,11,4.0,0,4,2,2,zero,
ippo,base,1,9,0,10,15.0,15,0,11,11,zero,
ippo,base,1,9,1,10,20.0,20,0,8,8,zero,
ippo,base,1,9,2,10,7.0,7,0,0,0,zero,
ippo,base,1,10,0,9,13.0,13,0,7,7,zero,
ippo,base,1,10,1,9,30.0,30,0,6,6,zero,
ippo,base,1,10,2,9,20.0,20,0,0,0,zero,
ippo,base,1,11,0,9,11.0,11,0,3,3,zero,
ippo,base,1,11,1,9,30.0,30,0,2,2,zero,
ippo,base,1,11,2,9,37.0,37,0,2,2,zero,
ippo,base,1,12,0,12,10.0,10,0,7,7,zero,
ippo,base,1,12,1,12,25.0,25,0,2,2,zero,
ippo,base,1,12,2,12,37.0,37,0,0,0,zero,
ippo,base,1,13,0,11,10.0,10,0,17,17,zero,
ippo,base,1,13,1,11,20.0,20,0,2,2,zero,
ippo,base,1,13,2,11,35.0,35,0,0,0,zero,
ippo,base,1,14,0,11,6.0,6,0,17,17,zero,
ippo,base,1,14,1,11,9.0,9,0,17,17,zero,
ippo,base,1,14,2,11,18.0,18,0,0,0,zero,
ippo,base,1,15,0,11,2.0,0,2,11,11,zero,
ippo,base,1,15,1,11,-0.0,0,0,18,18,zero,
ippo,base,1,15,2,11,2.0,2,0,20,20,zero,
ippo,base,1,16,0,11,6.0,0,6,7,7,zero,
ippo,base,1,16,1,11,5.0,0,5,17,17,zero,
ippo,base,1,16,2,11,15.0,0,15,20,20,zero,
ippo,base,1,17,0,11,-0.0,0,0,11,11,zero,
ippo,base,1,17,1,11,14.0,0,14,17,17,zero,
ippo,base,1,17,2,11,32.0,0,32,20,20,zero,
ippo,base,1,18,0,12,5.0,5,0,11,11,zero,
ippo,base,1,18,1,12,8.0,0,8,17,17,zero,
ippo,base,1,18,2,12,49.0,0,49,2,2,zero,
ippo,base,1,19,0,12,4.0,4,0,17,17,zero,
ippo,base,1,19,1,12,7.0,0,7,17,17,zero,
ippo,base,1,19,2,12,46.0,0,46,20,20,zero,
ippo,base,1,20,0,11,5.0,0,5,17,17,zero,
ippo,base,1,20,1,11,22.0,0,22,17,17,zero,
ippo,base,1,20,2,11,43.0,0,43,20,20,zero,
ippo,base,1,21,0,12,15.0,0,15,11,11,zero,
ippo,base,1,21,1,12,33.0,0,33,17,17,zero,
ippo,base,1,21,2,12,40.0,0,40,20,20,zero,
ippo,base,1,22,0,13,11.0,0,11,11,11,zero,
ippo,base,1,22,1,13,44.0,0,44,17,17,zero,
ippo,base,1,22,2,13,55.0,0,55,20,20,zero,
ippo,base,1,23,0,12,5.0,0,5,17,17,zero,
ippo,base,1,23,1,12,41.0,0,41,4,4,zero,
ippo,base,1,23,2,12,39.0,0,39,20,20,zero,
ippo,base,1,24,0,12,15.0,0,15,17,17,zero,
ippo,base,1,24,1,12,38.0,0,38,19,19,zero,
ippo,base,1,24,2,12,38.0,0,38,20,20,zero,
ippo,base,1,25,0,11,26.0,0,26,17,17,zero,
ippo,base,1,25,1,11,35.0,0,35,20,20,zero,
ippo,base,1,25,2,11,38.0,0,38,20,20,zero,
ippo,base,1,26,0,10,36.0,0,36,11,11,zero,
ippo,base,1,26,1,10,44.0,0,44,20,20,zero,
ippo,base,1,26,2,10,38.0,0,38,20,20,zero,
ippo,base,1,27,0,10,26.0,0,26,7,7,zero,
ippo,base,1,27,1,10,31.0,0,31,0,0,zero,
ippo,base,1,27,2,10,18.0,0,18,20,20,zero,
ippo,base,1,28,0,9,15.0,0,15,7,7,zero,
ippo,base,1,28,1,9,18.0,0,18,0,0,zero,
ippo,base,1,28,2,9,2.0,2,0,20,20,zero,
ippo,base,1,29,0,10,5.0,0,5,7,7,zero,
ippo,base,1,29,1,10,5.0,0,5,3,3,zero,
ippo,base,1,29,2,10,19.0,19,0,0,0,zero,
ippo,base,1,30,0,9,12.0,0,12,1,1,zero,
ippo,base,1,30,1,9,14.0,14,0,3,3,zero,
ippo,base,1,30,2,9,36.0,36,0,0,0,zero,
ippo,base,1,31,0,10,2.0,0,2,3,3,zero,
ippo,base,1,31,1,10,31.0,31,0,3,3,zero,
ippo,base,1,31,2,10,53.0,53,0,0,0,zero,
ippo,base,1,32,0,10,8.0,8,0,7,7,zero,
ippo,base,1,32,1,10,42.0,42,0,3,3,zero,
ippo,base,1,32,2,10,70.0,70,0,0,0,zero,
ippo,base,1,33,0,9,19.0,19,0,9,9,zero,
ippo,base,1,33,1,9,36.0,36,0,2,2,zero,
ippo,base,1,33,2,9,68.0,68,0,0,0,zero,
ippo,base,1,34,0,9,16.0,16,0,11,11,zero,
ippo,base,1,34,1,9,28.0,28,0,19,19,zero,
ippo,base,1,34,2,9,49.0,49,0,0,0,zero,
ippo,base,1,35,0,9,10.0,10,0,7,7,zero,
ippo,base,1,35,1,9,24.0,24,0,18,18,zero,
ippo,base,1,35,2,9,31.0,31,0,2,2,zero,
ippo,base,1,36,0,8,9.0,9,0,7,7,zero,
ippo,base,1,36,1,8,20.0,20,0,2,2,zero,
ippo,base,1,36,2,8,29.0,29,0,20,20,zero,
ippo,base,1,37,0,8,10.0,10,0,3,3,zero,
ippo,base,1,37,1,8,19.0,19,0,8,8,zero,
ippo,base,1,37,2,8,21.0,21,0,2,2,zero,
ippo,base,1,38,0,8,13.0,13,0,9,9,zero,
ippo,base,1,38,1,8,29.0,29,0,3,3,zero,
ippo,base,1,38,2,8,18.0,18,0,2,2,zero,
ippo,base,1,39,0,8,12.0,12,0,7,7,zero,
ippo,base,1,39,1,8,40.0,40,0,3,3,zero,
ippo,base,1,39,2,8,17.0,17,0,2,2,zero,
ippo,base,1,40,0,7,12.0,12,0,11,11,zero,
ippo,base,1,40,1,7,31.0,31,0,2,2,zero,
ippo,base,1,40,2,7,35.0,35,0,2,2,zero,
ippo,base,1,41,0,8,7.0,7,0,3,3,zero,
ippo,base,1,41,1,8,36.0,36,0,18,18,zero,
ippo,base,1,41,2,8,19.0,19,0,2,2,zero,
ippo,base,1,42,0,7,9.0,9,0,9,9,zero,
ippo,base,1,42,1,7,30.0,30,0,2,2,zero,
ippo,base,1,42,2,7,19.0,19,0,20,20,zero,
ippo,base,1,43,0,7,9.0,9,0,1,1,zero,
ippo,base,1,43,1,7,32.0,32,0,2,2,zero,
ippo,base,1,43,2,7,19.0,19,0,2,2,zero,
ippo,base,1,44,0,7,13.0,13,0,9,9,zero,
ippo,base,1,44,1,7,25.0,25,0,2,2,zero,
ippo,base,1,44,2,7,19.0,19,0,2,2,zero,
ippo,base,1,45,0,7,9.0,9,0,3,3,zero,
ippo,base,1,45,1,7,40.0,40,0,3,3,zero,
ippo,base,1,45,2,7,18.0,18,0,2,2,zero,
ippo,base,1,46,0,8,10.0,10,0,11,11,zero,
ippo,base,1,46,1,8,31.0,31,0,1,1,zero,
ippo,base,1,46,2,8,37.0,37,0,2,2,zero,
ippo,base,1,47,0,8,3.0,3,0,11,11,zero,
ippo,base,1,47,1,8,22.0,22,0,2,2,zero,
ippo,base,1,47,2,8,37.0,37,0,0,0,zero,
ippo,base,1,48,0,7,5.0,5,0,11,11,zero,
ippo,base,1,48,1,7,13.0,13,0,17,17,zero,
ippo,base,1,48,2,7,22.0,22,0,0,0,zero,
ippo,base,1,49,0,8,-0.0,0,0,7,7,zero,
ippo,base,1,49,1,8,9.0,9,0,17,17,zero,
ippo,base,1,49,2,8,7.0,7,0,20,20,zero,
ippo,base,1,50,0,7,4.0,4,0,7,7,zero,
ippo,base,1,50,1,7,3.0,3,0,17,17,zero,
ippo,base,1,50,2,7,8.0,0,8,20,20,zero,
ippo,base,1,51,0,8,7.0,7,0,7,7,zero,
ippo,base,1,51,1,8,2.0,0,2,2,2,zero,
ippo,base,1,51,2,8,10.0,0,10,19,19,zero,
ippo,base,1,52,0,7,11.0,11,0,9,9,zero,
ippo,base,1,52,1,7,6.0,6,0,2,2,zero,
ippo,base,1,52,2,7,12.0,0,12,2,2,zero,
ippo,base,1,53,0,7,11.0,11,0,1,1,zero,
ippo,base,1,53,1,7,22.0,22,0,17,17,zero,
ippo,base,1,53,2,7,9.0,0,9,0,0,zero,
ippo,base,1,54,0,7,11.0,11,0,3,3,zero,
ippo,base,1,54,1,7,28.0,28,0,2,2,zero,
ippo,base,1,54,2,7,9.0,9,0,17,17,zero,
ippo,base,1,55,0,6,10.0,10,0,1,1,zero,
ippo,base,1,55,1,6,27.0,27,0,0,0,zero,
ippo,base,1,55,2,6,28.0,28,0,0,0,zero,
ippo,base,1,56,0,6,15.0,15,0,11,11,zero,
ippo,base,1,56,1,6,16.0,16,0,1,1,zero,
ippo,base,1,56,2,6,29.0,29,0,0,0,zero,
ippo,base,1,57,0,5,11.0,11,0,3,3,zero,
ippo,base,1,57,1,5,33.0,33,0,5,5,zero,
ippo,base,1,57,2,5,24.0,24,0,0,0,zero,
ippo,base,1,58,0,5,9.0,9,0,1,1,zero,
ippo,base,1,58,1,5,43.0,43,0,1,1,zero,
ippo,base,1,58,2,5,40.0,40,0,0,0,zero,
ippo,base,1,59,0,4,6.0,6,0,0,0,zero,
ippo,base,1,59,1,4,43.0,43,0,1,1,zero,
ippo,base,1,59,2,4,39.0,39,0,0,0,zero,
ippo,base,1,60,0,4,13.0,13,0,0,0,zero,
ippo,base,1,60,1,4,44.0,44,0,1,1,zero,
ippo,base,1,60,2,4,38.0,38,0,0,0,zero,
ippo,base,1,61,0,4,12.0,12,0,3,3,zero,
ippo,base,1,61,1,4,46.0,46,0,0,0,zero,
ippo,base,1,61,2,4,38.0,38,0,0,0,zero,
ippo,base,1,62,0,5,8.0,8,0,3,3,zero,
ippo,base,1,62,1,5,44.0,44,0,1,1,zero,
ippo,base,1,62,2,5,37.0,37,0,0,0,zero,
ippo,base,1,63,0,5,3.0,3,0,11,11,zero,
ippo,base,1,63,1,5,34.0,34,0,1,1,zero,
ippo,base,1,63,2,5,36.0,36,0,0,0,zero,
ippo,base,1,64,0,4,1.0,0,1,7,7,zero,
ippo,base,1,64,1,4,28.0,28,0,1,1,zero,
ippo,base,1,64,2,4,35.0,35,0,0,0,zero,
ippo,base,1,65,0,4,2.0,0,2,3,3,zero,
ippo,base,1,65,1,4,25.0,25,0,2,2,zero,
ippo,base,1,65,2,4,33.0,33,0,0,0,zero,
ippo,base,1,66,0,4,3.0,0,3,1,1,zero,
ippo,base,1,66,1,4,25.0,25,0,1,1,zero,
ippo,base,1,66,2,4,32.0,32,0,0,0,zero,
ippo,base,1,67,0,4,4.0,4,0,1,1,zero,
ippo,base,1,67,1,4,25.0,25,0,1,1,zero,
ippo,base,1,67,2,4,31.0,31,0,0,0,zero,
ippo,base,1,68,0,4,7.0,7,0,1,1,zero,
ippo,base,1,68,1,4,25.0,25,0,1,1,zero,
ippo,base,1,68,2,4,30.0,30,0,0,0,zero,
ippo,base,1,69,0,4,6.0,6,0,11,11,zero,
ippo,base,1,69,1,4,16.0,16,0,1,1,zero,
ippo,base,1,69,2,4,29.0,29,0,0,0,zero,
ippo,base,1,70,0,4,3.0,3,0,3,3,zero,
ippo,base,1,70,1,4,14.0,14,0,1,1,zero,
ippo,base,1,70,2,4,28.0,28,0,0,0,zero,
ippo,base,1,71,0,3,1.0,1,0,1,1,zero,
ippo,base,1,71,1,3,14.0,14,0,1,1,zero,
ippo,base,1,71,2,3,27.0,27,0,0,0,zero,
ippo,base,1,72,0,3,1.0,0,1,1,1,zero,
ippo,base,1,72,1,3,14.0,14,0,1,1,zero,
ippo,base,1,72,2,3,26.0,26,0,0,0,zero,
ippo,base,1,73,0,3,7.0,7,0,1,1,zero,
ippo,base,1,73,1,3,14.0,14,0,1,1,zero,
ippo,base,1,73,2,3,25.0,25,0,0,0,zero,
ippo,base,1,74,0,3,7.0,7,0,1,1,zero,
ippo,base,1,74,1,3,14.0,14,0,1,1,zero,
ippo,base,1,74,2,3,24.0,24,0,0,0,zero,
ippo,base,1,75,0,3,5.0,5,0,3,3,zero,
ippo,base,1,75,1,3,12.0,12,0,1,1,zero,
ippo,base,1,75,2,3,23.0,23,0,0,0,zero,
ippo,base,1,76,0,2,4.0,4,0,5,5,zero,
ippo,base,1,76,1,2,8.0,8,0,1,1,zero,
ippo,base,1,76,2,2,22.0,22,0,0,0,zero,
ippo,base,1,77,0,3,2.0,2,0,0,0,zero,
ippo,base,1,77,1,3,9.0,9,0,1,1,zero,
ippo,base,1,77,2,3,21.0,21,0,0,0,zero,
ippo,base,1,78,0,3,-0.0,0,0,1,1,zero,
ippo,base,1,78,1,3,9.0,9,0,1,1,zero,
ippo,base,1,78,2,3,20.0,20,0,0,0,zero,
ippo,base,1,79,0,3,-0.0,0,0,5,5,zero,
ippo,base,1,79,1,3,5.0,5,0,1,1,zero,
ippo,base,1,79,2,3,19.0,19,0,0,0,zero,
ippo,base,1,80,0,3,2.0,2,0,5,5,zero,
ippo,base,1,80,1,3,1.0,1,0,1,1,zero,
ippo,base,1,80,2,3,18.0,18,0,0,0,zero,
ippo,base,1,81,0,3,1.0,0,1,1,1,zero,
ippo,base,1,81,1,3,1.0,1,0,17,17,zero,
ippo,base,1,81,2,3,1.0,1,0,0,0,zero,
ippo,base,1,82,0,2,2.0,0,2,1,1,zero,
ippo,base,1,82,1,2,1.0,1,0,1,1,zero,
ippo,base,1,82,2,2,-0.0,0,0,20,20,zero,
ippo,base,1,83,0,3,-0.0,0,0,1,1,zero,
ippo,base,1,83,1,3,1.0,1,0,1,1,zero,
ippo,base,1,83,2,3,1.0,0,1,2,2,zero,
ippo,base,1,84,0,3,2.0,2,0,9,9,zero,
ippo,base,1,84,1,3,7.0,0,7,1,1,zero,
ippo,base,1,84,2,3,2.0,0,2,0,0,zero,
ippo,base,1,85,0,2,1.0,1,0,11,11,zero,
ippo,base,1,85,1,2,1.0,0,1,1,1,zero,
ippo,base,1,85,2,2,3.0,0,3,0,0,zero,
ippo,base,1,86,0,2,-0.0,0,0,1,1,zero,
ippo,base,1,86,1,2,1.0,0,1,17,17,zero,
ippo,base,1,86,2,2,-0.0,0,0,0,0,zero,
ippo,base,1,87,0,2,1.0,0,1,1,1,zero,
ippo,base,1,87,1,2,2.0,0,2,4,4,zero,
ippo,base,1,87,2,2,2.0,0,2,20,20,zero,
ippo,base,1,88,0,1,-0.0,0,0,1,1,zero,
ippo,base,1,88,1,1,3.0,0,3,1,1,zero,
ippo,base,1,88,2,1,3.0,0,3,20,20,zero,
ippo,base,1,89,0,1,16.0,16,0,0,0,zero,
ippo,base,1,89,1,1,3.0,0,3,1,1,zero,
ippo,base,1,89,2,1,4.0,0,4,0,0,zero,
ippo,base,1,90,0,1,16.0,16,0,0,0,zero,
ippo,base,1,90,1,1,17.0,17,0,0,0,zero,
ippo,base,1,90,2,1,4.0,0,4,0,0,zero,
ippo,base,1,91,0,1,15.0,15,0,0,0,zero,
ippo,base,1,91,1,1,19.0,19,0,0,0,zero,
ippo,base,1,91,2,1,16.0,16,0,0,0,zero,
ippo,base,1,92,0,1,14.0,14,0,0,0,zero,
ippo,base,1,92,1,1,19.0,19,0,0,0,zero,
ippo,base,1,92,2,1,36.0,36,0,0,0,zero,
ippo,base,1,93,0,2,12.0,12,0,0,0,zero,
ippo,base,1,93,1,2,19.0,19,0,0,0,zero,
ippo,base,1,93,2,2,36.0,36,0,0,0,zero,
ippo,base,1,94,0,1,14.0,14,0,0,0,zero,
ippo,base,1,94,1,1,19.0,19,0,0,0,zero,
ippo,base,1,94,2,1,36.0,36,0,0,0,zero,
ippo,base,1,95,0,2,12.0,12,0,0,0,zero,
ippo,base,1,95,1,2,23.0,23,0,0,0,zero,
ippo,base,1,95,2,2,36.0,36,0,0,0,zero,
ippo,base,1,96,0,1,11.0,11,0,0,0,zero,
ippo,base,1,96,1,1,23.0,23,0,0,0,zero,
ippo,base,1,96,2,1,36.0,36,0,0,0,zero,
ippo,base,1,97,0,1,10.0,10,0,0,0,zero,
ippo,base,1,97,1,1,23.0,23,0,0,0,zero,
ippo,base,1,97,2,1,36.0,36,0,0,0,zero,
ippo,base,1,98,0,1,9.0,9,0,0,0,zero,
ippo,base,1,98,1,1,23.0,23,0,0,0,zero,
ippo,base,1,98,2,1,36.0,36,0,0,0,zero,
ippo,base,1,99,0,1,8.0,8,0,0,0,zero,
ippo,base,1,99,1,1,23.0,23,0,0,0,zero,
ippo,base,1,99,2,1,36.0,36,0,0,0,zero,
ippo,base,1,100,0,1,7.0,7,0,0,0,zero,
ippo,base,1,100,1,1,23.0,23,0,0,0,zero,
ippo,base,1,100,2,1,36.0,36,0,0,0,zero,
ippo,base,1,101,0,1,6.0,6,0,0,0,zero,
ippo,base,1,101,1,1,23.0,23,0,0,0,zero,
ippo,base,1,101,2,1,36.0,36,0,0,0,zero,
ippo,base,1,102,0,2,4.0,4,0,0,0,zero,
ippo,base,1,102,1,2,23.0,23,0,0,0,zero,
ippo,base,1,102,2,2,36.0,36,0,0,0,zero,
ippo,base,1,103,0,2,2.0,2,0,5,5,zero,
ippo,base,1,103,1,2,18.0,18,0,0,0,zero,
ippo,base,1,103,2,2,36.0,36,0,0,0,zero,
ippo,base,1,104,0,2,-0.0,0,0,1,1,zero,
ippo,base,1,104,1,2,17.0,17,0,1,1,zero,
ippo,base,1,104,2,2,35.0,35,0,0,0,zero,
ippo,base,1,105,0,1,1.0,0,1,1,1,zero,
ippo,base,1,105,1,1,16.0,16,0,1,1,zero,
ippo,base,1,105,2,1,34.0,34,0,0,0,zero,
ippo,base,1,106,0,2,3.0,0,3,1,1,zero,
ippo,base,1,106,1,2,15.0,15,0,1,1,zero,
ippo,base,1,106,2,2,33.0,33,0,0,0,zero,
ippo,base,1,107,0,1,1.0,1,0,1,1,zero,
ippo,base,1,107,1,1,14.0,14,0,1,1,zero,
ippo,base,1,107,2,1,32.0,32,0,0,0,zero,
ippo,base,1,108,0,1,1.0,1,0,1,1,zero,
ippo,base,1,108,1,1,14.0,14,0,1,1,zero,
ippo,base,1,108,2,1,31.0,31,0,0,0,zero,
ippo,base,1,109,0,1,1.0,1,0,1,1,zero,
ippo,base,1,109,1,1,14.0,14,0,1,1,zero,
ippo,base,1,109,2,1,30.0,30,0,0,0,zero,
ippo,base,1,110,0,1,1.0,1,0,1,1,zero,
ippo,base,1,110,1,1,14.0,14,0,1,1,zero,
ippo,base,1,110,2,1,29.0,29,0,0,0,zero,
ippo,base,1,111,0,1,1.0,1,0,1,1,zero,
ippo,base,1,111,1,1,14.0,14,0,1,1,zero,
ippo,base,1,111,2,1,28.0,28,0,0,0,zero,
ippo,base,1,112,0,1,1.0,1,0,1,1,zero,
ippo,base,1,112,1,1,14.0,14,0,1,1,zero,
ippo,base,1,112,2,1,27.0,27,0,0,0,zero,
ippo,base,1,113,0,1,1.0,1,0,1,1,zero,
ippo,base,1,113,1,1,14.0,14,0,1,1,zero,
ippo,base,1,113,2,1,26.0,26,0,0,0,zero,
ippo,base,1,114,0,1,1.0,1,0,1,1,zero,
ippo,base,1,114,1,1,14.0,14,0,1,1,zero,
ippo,base,1,114,2,1,25.0,25,0,0,0,zero,
ippo,base,1,115,0,2,-0.0,0,0,1,1,zero,
ippo,base,1,115,1,2,14.0,14,0,1,1,zero,
ippo,base,1,115,2,2,24.0,24,0,0,0,zero,
ippo,base,1,116,0,1,-0.0,0,0,5,5,zero,
ippo,base,1,116,1,1,10.0,10,0,1,1,zero,
ippo,base,1,116,2,1,23.0,23,0,0,0,zero,
ippo,base,1,117,0,1,-0.0,0,0,1,1,zero,
ippo,base,1,117,1,1,10.0,10,0,1,1,zero,
ippo,base,1,117,2,1,22.0,22,0,0,0,zero,
ippo,base,1,118,0,1,-0.0,0,0,1,1,zero,
ippo,base,1,118,1,1,10.0,10,0,1,1,zero,
ippo,base,1,118,2,1,21.0,21,0,0,0,zero,
ippo,base,1,119,0,1,-0.0,0,0,0,0,zero,
ippo,base,1,119,1,1,11.0,11,0,1,1,zero,
ippo,base,1,119,2,1,20.0,20,0,0,0,zero,
ippo,base,1,120,0,1,4.0,4,0,0,0,zero,
ippo,base,1,120,1,1,12.0,12,0,1,1,zero,
ippo,base,1,120,2,1,19.0,19,0,0,0,zero,
ippo,base,1,121,0,2,3.0,3,0,0,0,zero,
ippo,base,1,121,1,2,13.0,13,0,0,0,zero,
ippo,base,1,121,2,2,19.0,19,0,0,0,zero,
ippo,base,1,122,0,2,2.0,2,0,9,9,zero,
ippo,base,1,122,1,2,5.0,5,0,0,0,zero,
ippo,base,1,122,2,2,19.0,19,0,0,0,zero,
ippo,base,1,123,0,2,-0.0,0,0,1,1,zero,
ippo,base,1,123,1,2,5.0,5,0,1,1,zero,
ippo,base,1,123,2,2,18.0,18,0,0,0,zero,
ippo,base,1,124,0,2,2.0,0,2,1,1,zero,
ippo,base,1,124,1,2,5.0,5,0,1,1,zero,
ippo,base,1,124,2,2,17.0,17,0,0,0,zero,
ippo,base,1,125,0,1,3.0,0,3,1,1,zero,
ippo,base,1,125,1,1,4.0,4,0,1,1,zero,
ippo,base,1,125,2,1,16.0,16,0,0,0,zero,
ippo,base,1,126,0,1,5.0,5,0,0,0,zero,
ippo,base,1,126,1,1,4.0,4,0,1,1,zero,
ippo,base,1,126,2,1,15.0,15,0,0,0,zero,
ippo,base,1,127,0,1,5.0,5,0,0,0,zero,
ippo,base,1,127,1,1,5.0,5,0,1,1,zero,
ippo,base,1,127,2,1,14.0,14,0,0,0,zero,
ippo,base,1,128,0,1,5.0,5,0,0,0,zero,
ippo,base,1,128,1,1,6.0,6,0,1,1,zero,
ippo,base,1,128,2,1,13.0,13,0,0,0,zero,
ippo,base,1,129,0,1,5.0,5,0,0,0,zero,
ippo,base,1,129,1,1,7.0,7,0,1,1,zero,
ippo,base,1,129,2,1,12.0,12,0,0,0,zero,
ippo,base,1,130,0,1,4.0,4,0,0,0,zero,
ippo,base,1,130,1,1,8.0,8,0,0,0,zero,
ippo,base,1,130,2,1,12.0,12,0,0,0,zero,
ippo,base,1,131,0,1,3.0,3,0,0,0,zero,
ippo,base,1,131,1,1,9.0,9,0,0,0,zero,
ippo,base,1,131,2,1,12.0,12,0,0,0,zero,
ippo,base,1,132,0,1,2.0,2,0,0,0,zero,
ippo,base,1,132,1,1,10.0,10,0,0,0,zero,
ippo,base,1,132,2,1,12.0,12,0,0,0,zero,
ippo,base,1,133,0,1,1.0,1,0,1,1,zero,
ippo,base,1,133,1,1,10.0,10,0,0,0,zero,
ippo,base,1,133,2,1,12.0,12,0,0,0,zero,
ippo,base,1,134,0,1,-0.0,0,0,1,1,zero,
ippo,base,1,134,1,1,9.0,9,0,1,1,zero,
ippo,base,1,134,2,1,11.0,11,0,0,0,zero,
ippo,base,1,135,0,1,1.0,0,1,1,1,zero,
ippo,base,1,135,1,1,8.0,8,0,1,1,zero,
ippo,base,1,135,2,1,10.0,10,0,0,0,zero,
ippo,base,1,136,0,1,2.0,0,2,1,1,zero,
ippo,base,1,136,1,1,7.0,7,0,1,1,zero,
ippo,base,1,136,2,1,9.0,9,0,2,2,zero,
ippo,base,1,137,0,1,2.0,0,2,1,1,zero,
ippo,base,1,137,1,1,6.0,6,0,1,1,zero,
ippo,base,1,137,2,1,8.0,8,0,2,2,zero,
ippo,base,1,138,0,1,2.0,0,2,1,1,zero,
ippo,base,1,138,1,1,6.0,6,0,1,1,zero,
ippo,base,1,138,2,1,7.0,7,0,0,0,zero,
ippo,base,1,139,0,1,2.0,0,2,1,1,zero,
ippo,base,1,139,1,1,6.0,6,0,1,1,zero,
ippo,base,1,139,2,1,6.0,6,0,2,2,zero,
ippo,base,1,140,0,1,2.0,0,2,1,1,zero,
ippo,base,1,140,1,1,6.0,6,0,1,1,zero,
ippo,base,1,140,2,1,7.0,7,0,2,2,zero,
ippo,base,1,141,0,1,2.0,0,2,1,1,zero,
ippo,base,1,141,1,1,6.0,6,0,1,1,zero,
ippo,base,1,141,2,1,8.0,8,0,0,0,zero,
ippo,base,1,142,0,1,2.0,0,2,1,1,zero,
ippo,base,1,142,1,1,6.0,6,0,1,1,zero,
ippo,base,1,142,2,1,7.0,7,0,2,2,zero,
ippo,base,1,143,0,1,2.0,0,2,1,1,zero,
ippo,base,1,143,1,1,6.0,6,0,1,1,zero,
ippo,base,1,143,2,1,8.0,8,0,2,2,zero,
ippo,base,1,144,0,1,2.0,0,2,1,1,zero,
ippo,base,1,144,1,1,6.0,6,0,1,1,zero,
ippo,base,1,144,2,1,9.0,9,0,2,2,zero,
ippo,base,1,145,0,1,2.0,0,2,1,1,zero,
ippo,base,1,145,1,1,6.0,6,0,1,1,zero,
ippo,base,1,145,2,1,8.0,8,0,0,0,zero,
ippo,base,1,146,0,1,2.0,0,2,1,1,zero,
ippo,base,1,146,1,1,6.0,6,0,1,1,zero,
ippo,base,1,146,2,1,9.0,9,0,2,2,zero,
ippo,base,1,147,0,1,2.0,0,2,1,1,zero,
ippo,base,1,147,1,1,6.0,6,0,1,1,zero,
ippo,base,1,147,2,1,10.0,10,0,2,2,zero,
ippo,base,1,148,0,1,2.0,0,2,1,1,zero,
ippo,base,1,148,1,1,6.0,6,0,1,1,zero,
ippo,base,1,148,2,1,11.0,11,0,0,0,zero,
ippo,base,1,149,0,1,2.0,0,2,1,1,zero,
ippo,base,1,149,1,1,6.0,6,0,1,1,zero,
ippo,base,1,149,2,1,10.0,10,0,2,2,zero,
ippo,base,1,150,0,1,2.0,0,2,1,1,zero,
ippo,base,1,150,1,1,6.0,6,0,1,1,zero,
ippo,base,1,150,2,1,11.0,11,0,2,2,zero,
ippo,base,1,151,0,1,2.0,0,2,1,1,zero,
ippo,base,1,151,1,1,6.0,6,0,1,1,zero,
ippo,base,1,151,2,1,12.0,12,0,0,0,zero,
ippo,base,1,152,0,1,2.0,0,2,1,1,zero,
ippo,base,1,152,1,1,6.0,6,0,1,1,zero,
ippo,base,1,152,2,1,11.0,11,0,0,0,zero,
ippo,base,1,153,0,1,2.0,0,2,1,1,zero,
ippo,base,1,153,1,1,6.0,6,0,1,1,zero,
ippo,base,1,153,2,1,12.0,12,0,2,2,zero,
ippo,base,1,154,0,1,2.0,0,2,1,1,zero,
ippo,base,1,154,1,1,6.0,6,0,1,1,zero,
ippo,base,1,154,2,1,13.0,13,0,2,2,zero,
ippo,base,1,155,0,1,2.0,0,2,1,1,zero,
ippo,base,1,155,1,1,6.0,6,0,1,1,zero,
ippo,base,1,155,2,1,12.0,12,0,0,0,zero,
ippo,base,1,156,0,1,2.0,0,2,1,1,zero,
ippo,base,1,156,1,1,6.0,6,0,1,1,zero,
ippo,base,1,156,2,1,11.0,11,0,0,0,zero,
ippo,base,1,157,0,2,3.0,0,3,1,1,zero,
ippo,base,1,157,1,2,6.0,6,0,1,1,zero,
ippo,base,1,157,2,2,12.0,12,0,2,2,zero,
ippo,base,1,158,0,2,4.0,0,4,5,5,zero,
ippo,base,1,158,1,2,2.0,2,0,1,1,zero,
ippo,base,1,158,2,2,13.0,13,0,2,2,zero,
ippo,base,1,159,0,2,5.0,0,5,1,1,zero,
ippo,base,1,159,1,2,2.0,2,0,1,1,zero,
ippo,base,1,159,2,2,12.0,12,0,0,0,zero,
ippo,base,1,160,0,2,6.0,0,6,1,1,zero,
ippo,base,1,160,1,2,2.0,2,0,17,17,zero,
ippo,base,1,160,2,2,5.0,0,5,0,0,zero,
ippo,base,1,161,0,2,7.0,0,7,1,1,zero,
ippo,base,1,161,1,2,2.0,2,0,1,1,zero,
ippo,base,1,161,2,2,4.0,0,4,20,20,zero,
ippo,base,1,162,0,2,4.0,0,4,1,1,zero,
ippo,base,1,162,1,2,2.0,2,0,0,0,zero,
ippo,base,1,162,2,2,2.0,0,2,6,6,zero,
ippo,base,1,163,0,1,4.0,0,4,5,5,zero,
ippo,base,1,163,1,1,2.0,0,2,1,1,zero,
ippo,base,1,163,2,1,3.0,0,3,0,0,zero,
ippo,base,1,164,0,2,5.0,0,5,1,1,zero,
ippo,base,1,164,1,2,9.0,9,0,1,1,zero,
ippo,base,1,164,2,2,4.0,0,4,0,0,zero,
ippo,base,1,165,0,2,6.0,0,6,1,1,zero,
ippo,base,1,165,1,2,10.0,10,0,1,1,zero,
ippo,base,1,165,2,2,15.0,15,0,0,0,zero,
ippo,base,1,166,0,2,7.0,0,7,1,1,zero,
ippo,base,1,166,1,2,11.0,11,0,1,1,zero,
ippo,base,1,166,2,2,20.0,20,0,0,0,zero,
ippo,base,1,167,0,2,6.0,0,6,3,3,zero,
ippo,base,1,167,1,2,8.0,8,0,1,1,zero,
ippo,base,1,167,2,2,19.0,19,0,0,0,zero,
ippo,base,1,168,0,2,5.0,0,5,1,1,zero,
ippo,base,1,168,1,2,7.0,7,0,1,1,zero,
ippo,base,1,168,2,2,18.0,18,0,0,0,zero,
ippo,base,1,169,0,1,5.0,0,5,1,1,zero,
ippo,base,1,169,1,1,11.0,11,0,1,1,zero,
ippo,base,1,169,2,1,17.0,17,0,0,0,zero,
ippo,base,1,170,0,1,5.0,0,5,1,1,zero,
ippo,base,1,170,1,1,11.0,11,0,1,1,zero,
ippo,base,1,170,2,1,16.0,16,0,0,0,zero,
ippo,base,1,171,0,2,4.0,0,4,1,1,zero,
ippo,base,1,171,1,2,11.0,11,0,1,1,zero,
ippo,base,1,171,2,2,15.0,15,0,0,0,zero,
ippo,base,1,172,0,2,5.0,0,5,5,5,zero,
ippo,base,1,172,1,2,7.0,7,0,1,1,zero,
ippo,base,1,172,2,2,14.0,14,0,0,0,zero,
ippo,base,1,173,0,2,6.0,0,6,1,1,zero,
ippo,base,1,173,1,2,7.0,7,0,1,1,zero,
ippo,base,1,173,2,2,13.0,13,0,2,2,zero,
ippo,base,1,174,0,2,7.0,0,7,1,1,zero,
ippo,base,1,174,1,2,7.0,7,0,1,1,zero,
ippo,base,1,174,2,2,12.0,12,0,2,2,zero,
ippo,base,1,175,0,2,8.0,0,8,3,3,zero,
ippo,base,1,175,1,2,5.0,5,0,1,1,zero,
ippo,base,1,175,2,2,11.0,11,0,0,0,zero,
ippo,base,1,176,0,1,4.0,0,4,1,1,zero,
ippo,base,1,176,1,1,5.0,5,0,1,1,zero,
ippo,base,1,176,2,1,10.0,10,0,0,0,zero,
ippo,base,1,177,0,1,4.0,0,4,1,1,zero,
ippo,base,1,177,1,1,5.0,5,0,17,17,zero,
ippo,base,1,177,2,1,5.0,0,5,2,2,zero,
ippo,base,1,178,0,1,4.0,0,4,1,1,zero,
ippo,base,1,178,1,1,5.0,5,0,1,1,zero,
ippo,base,1,178,2,1,4.0,0,4,20,20,zero,
ippo,base,1,179,0,1,2.0,0,2,0,0,zero,
ippo,base,1,179,1,1,6.0,6,0,1,1,zero,
ippo,base,1,179,2,1,5.0,0,5,6,6,zero,
ippo,base,1,180,0,1,2.0,0,2,1,1,zero,
ippo,base,1,180,1,1,6.0,6,0,1,1,zero,
ippo,base,1,180,2,1,6.0,0,6,0,0,zero,
ippo,base,1,181,0,1,2.0,0,2,1,1,zero,
ippo,base,1,181,1,1,17.0,17,0,0,0,zero,
ippo,base,1,181,2,1,4.0,0,4,0,0,zero,
ippo,base,1,182,0,1,2.0,0,2,1,1,zero,
ippo,base,1,182,1,1,18.0,18,0,0,0,zero,
ippo,base,1,182,2,1,16.0,16,0,0,0,zero,
ippo,base,1,183,0,1,3.0,0,3,1,1,zero,
ippo,base,1,183,1,1,17.0,17,0,0,0,zero,
ippo,base,1,183,2,1,22.0,22,0,0,0,zero,
ippo,base,1,184,0,2,4.0,0,4,1,1,zero,
ippo,base,1,184,1,2,16.0,16,0,1,1,zero,
ippo,base,1,184,2,2,21.0,21,0,0,0,zero,
ippo,base,1,185,0,2,5.0,0,5,5,5,zero,
ippo,base,1,185,1,2,13.0,13,0,1,1,zero,
ippo,base,1,185,2,2,20.0,20,0,0,0,zero,
ippo,base,1,186,0,2,6.0,0,6,1,1,zero,
ippo,base,1,186,1,2,16.0,16,0,1,1,zero,
ippo,base,1,186,2,2,19.0,19,0,0,0,zero,
ippo,base,1,187,0,2,7.0,0,7,1,1,zero,
ippo,base,1,187,1,2,15.0,15,0,1,1,zero,
ippo,base,1,187,2,2,18.0,18,0,0,0,zero,
ippo,base,1,188,0,2,8.0,0,8,1,1,zero,
ippo,base,1,188,1,2,15.0,15,0,1,1,zero,
ippo,base,1,188,2,2,17.0,17,0,0,0,zero,
ippo,base,1,189,0,2,5.0,0,5,1,1,zero,
ippo,base,1,189,1,2,15.0,15,0,1,1,zero,
ippo,base,1,189,2,2,16.0,16,0,0,0,zero,
ippo,base,1,190,0,2,6.0,0,6,7,7,zero,
ippo,base,1,190,1,2,9.0,9,0,1,1,zero,
ippo,base,1,190,2,2,15.0,15,0,0,0,zero,
ippo,base,1,191,0,2,7.0,0,7,1,1,zero,
ippo,base,1,191,1,2,9.0,9,0,1,1,zero,
ippo,base,1,191,2,2,14.0,14,0,0,0,zero,
ippo,base,1,192,0,2,8.0,0,8,1,1,zero,
ippo,base,1,192,1,2,9.0,9,0,1,1,zero,
ippo,base,1,192,2,2,13.0,13,0,0,0,zero,
ippo,base,1,193,0,2,9.0,0,9,1,1,zero,
ippo,base,1,193,1,2,9.0,9,0,1,1,zero,
ippo,base,1,193,2,2,12.0,12,0,2,2,zero,
ippo,base,1,194,0,2,4.0,0,4,1,1,zero,
ippo,base,1,194,1,2,9.0,9,0,1,1,zero,
ippo,base,1,194,2,2,11.0,11,0,2,2,zero,
ippo,base,1,195,0,2,5.0,0,5,5,5,zero,
ippo,base,1,195,1,2,5.0,5,0,1,1,zero,
ippo,base,1,195,2,2,10.0,10,0,0,0,zero,
ippo,base,1,196,0,1,5.0,0,5,1,1,zero,
ippo,base,1,196,1,1,5.0,5,0,1,1,zero,
ippo,base,1,196,2,1,9.0,9,0,2,2,zero,
ippo,base,1,197,0,1,5.0,0,5,0,0,zero,
ippo,base,1,197,1,1,6.0,6,0,1,1,zero,
ippo,base,1,197,2,1,10.0,10,0,2,2,zero,
ippo,base,1,198,0,1,5.0,0,5,1,1,zero,
ippo,base,1,198,1,1,6.0,6,0,1,1,zero,
ippo,base,1,198,2,1,11.0,11,0,0,0,zero,
ippo,base,1,199,0,1,1.0,0,1,0,0,zero,
ippo,base,1,199,1,1,7.0,7,0,1,1,zero,
ippo,base,1,199,2,1,10.0,10,0,2,2,zero,
ippo,base,1,200,0,1,1.0,0,1,1,1,zero,
ippo,base,1,200,1,1,7.0,7,0,1,1,zero,
ippo,base,1,200,2,1,11.0,11,0,2,2,zero,
ippo,base,2,1,0,10,10.0,10,0,7,7,zero,
ippo,base,2,1,1,10,13.0,13,0,18,18,zero,
ippo,base,2,1,2,10,2.0,2,0,19,19,zero,
ippo,base,2,2,0,10,10.0,10,0,11,11,zero,
ippo,base,2,2,1,10,12.0,12,0,3,3,zero,
ippo,base,2,2,2,10,9.0,9,0,19,19,zero,
ippo,base,2,3,0,9,11.0,11,0,11,11,zero,
ippo,base,2,3,1,9,11.0,11,0,12,12,zero,
ippo,base,2,3,2,9,7.0,7,0,1,1,zero,
ippo,base,2,4,0,9,12.0,12,0,7,7,zero,
ippo,base,2,4,1,9,14.0,14,0,12,12,zero,
ippo,base,2,4,2,9,5.0,5,0,2,2,zero,
ippo,base,2,5,0,10,9.0,9,0,3,3,zero,
ippo,base,2,5,1,10,29.0,29,0,2,2,zero,
ippo,base,2,5,2,10,22.0,22,0,2,2,zero,
ippo,base,2,6,0,10,10.0,10,0,11,11,zero,
ippo,base,2,6,1,10,21.0,21,0,1,1,zero,
ippo,base,2,6,2,10,40.0,40,0,2,2,zero,
ippo,base,2,7,0,11,10.0,10,0,11,11,zero,
ippo,base,2,7,1,11,22.0,22,0,17,17,zero,
ippo,base,2,7,2,11,24.0,24,0,0,0,zero,
ippo,base,2,8,0,9,8.0,8,0,17,17,zero,
ippo,base,2,8,1,9,17.0,17,0,2,2,zero,
ippo,base,2,8,2,9,24.0,24,0,20,20,zero,
ippo,base,2,9,0,9,2.0,2,0,7,7,zero,
ippo,base,2,9,1,9,12.0,12,0,17,17,zero,
ippo,base,2,9,2,9,9.0,9,0,2,2,zero,
ippo,base,2,10,0,11,2.0,2,0,7,7,zero,
ippo,base,2,10,1,11,6.0,6,0,12,12,zero,
ippo,base,2,10,2,11,1.0,0,1,20,20,zero,
ippo,base,2,11,0,12,1.0,1,0,11,11,zero,
ippo,base,2,11,1,12,12.0,12,0,1,1,zero,
ippo,base,2,11,2,12,2.0,0,2,19,19,zero,
ippo,base,2,12,0,12,6.0,6,0,17,17,zero,
ippo,base,2,12,1,12,3.0,0,3,17,17,zero,
ippo,base,2,12,2,12,1.0,1,0,6,6,zero,
ippo,base,2,13,0,13,-0.0,0,0,17,17,zero,
ippo,base,2,13,1,13,3.0,0,3,17,17,zero,
ippo,base,2,13,2,13,14.0,0,14,15,15,zero,
ippo,base,2,14,0,12,5.0,0,5,17,17,zero,
ippo,base,2,14,1,12,9.0,0,9,17,17,zero,
ippo,base,2,14,2,12,11.0,0,11,19,19,zero,
ippo,base,2,15,0,12,6.0,0,6,11,11,zero,
ippo,base,2,15,1,12,20.0,0,20,17,17,zero,
ippo,base,2,15,2,12,9.0,0,9,20,20,zero,
ippo,base,2,16,0,12,4.0,0,4,11,11,zero,
ippo,base,2,16,1,12,12.0,0,12,12,12,zero,
ippo,base,2,16,2,12,15.0,0,15,2,2,zero,
ippo,base,2,17,0,11,2.0,2,0,11,11,zero,
ippo,base,2,17,1,11,20.0,0,20,17,17,zero,
ippo,base,2,17,2,11,17.0,0,17,17,17,zero,
ippo,base,2,18,0,11,2.0,2,0,11,11,zero,
ippo,base,2,18,1,11,11.0,0,11,0,0,zero,
ippo,base,2,18,2,11,2.0,2,0,20,20,zero,
ippo,base,2,19,0,12,10.0,0,10,10,10,zero,
ippo,base,2,19,1,12,2.0,0,2,0,0,zero,
ippo,base,2,19,2,12,22.0,22,0,0,0,zero,
ippo,base,2,20,0,13,4.0,0,4,11,11,zero,
ippo,base,2,20,1,13,7.0,0,7,12,12,zero,
ippo,base,2,20,2,13,12.0,12,0,0,0,zero,
ippo,base,2,21,0,12,13.0,0,13,11,11,zero,
ippo,base,2,21,1,12,3.0,0,3,17,17,zero,
ippo,base,2,21,2,12,12.0,12,0,0,0,zero,
ippo,base,2,22,0,12,5.0,0,5,11,11,zero,
ippo,base,2,22,1,12,3.0,3,0,12,12,zero,
ippo,base,2,22,2,12,20.0,20,0,20,20,zero,
ippo,base,2,23,0,13,1.0,1,0,11,11,zero,
ippo,base,2,23,1,13,8.0,0,8,17,17,zero,
ippo,base,2,23,2,13,3.0,3,0,20,20,zero,
ippo,base,2,24,0,13,6.0,0,6,17,17,zero,
ippo,base,2,24,1,13,13.0,0,13,12,12,zero,
ippo,base,2,24,2,13,9.0,0,9,19,19,zero,
ippo,base,2,25,0,12,3.0,0,3,17,17,zero,
ippo,base,2,25,1,12,13.0,0,13,18,18,zero,
ippo,base,2,25,2,12,27.0,0,27,2,2,zero,
ippo,base,2,26,0,13,2.0,0,2,17,17,zero,
ippo,base,2,26,1,13,18.0,0,18,18,18,zero,
ippo,base,2,26,2,13,25.0,0,25,20,20,zero,
ippo,base,2,27,0,12,11.0,0,11,17,17,zero,
ippo,base,2,27,1,12,18.0,0,18,18,18,zero,
ippo,base,2,27,2,12,23.0,0,23,20,20,zero,
ippo,base,2,28,0,13,12.0,0,12,11,11,zero,
ippo,base,2,28,1,13,26.0,0,26,18,18,zero,
ippo,base,2,28,2,13,22.0,0,22,20,20,zero,
ippo,base,2,29,0,11,6.0,0,6,11,11,zero,
ippo,base,2,29,1,11,37.0,0,37,17,17,zero,
ippo,base,2,29,2,11,37.0,0,37,20,20,zero,
ippo,base,2,30,0,11,5.0,0,5,11,11,zero,
ippo,base,2,30,1,11,28.0,0,28,12,12,zero,
ippo,base,2,30,2,11,29.0,0,29,20,20,zero,
ippo,base,2,31,0,11,1.0,1,0,11,11,zero,
ippo,base,2,31,1,11,19.0,0,19,0,0,zero,
ippo,base,2,31,2,11,9.0,0,9,20,20,zero,
ippo,base,2,32,0,10,6.0,0,6,17,17,zero,
ippo,base,2,32,1,10,17.0,0,17,0,0,zero,
ippo,base,2,32,2,10,11.0,11,0,0,0,zero,
ippo,base,2,33,0,11,17.0,0,17,7,7,zero,
ippo,base,2,33,1,11,22.0,0,22,19,19,zero,
ippo,base,2,33,2,11,12.0,12,0,0,0,zero,
ippo,base,2,34,0,11,8.0,0,8,7,7,zero,
ippo,base,2,34,1,11,9.0,0,9,3,3,zero,
ippo,base,2,34,2,11,29.0,29,0,14,14,zero,
ippo,base,2,35,0,10,2.0,2,0,7,7,zero,
ippo,base,2,35,1,10,4.0,4,0,3,3,zero,
ippo,base,2,35,2,10,46.0,46,0,2,2,zero,
ippo,base,2,36,0,10,11.0,11,0,7,7,zero,
ippo,base,2,36,1,10,6.0,6,0,19,19,zero,
ippo,base,2,36,2,10,27.0,27,0,0,0,zero,
ippo,base,2,37,0,11,2.0,2,0,1,1,zero,
ippo,base,2,37,1,11,24.0,24,0,6,6,zero,
ippo,base,2,37,2,11,21.0,21,0,17,17,zero,
ippo,base,2,38,0,11,11.0,11,0,9,9,zero,
ippo,base,2,38,1,11,18.0,18,0,3,3,zero,
ippo,base,2,38,2,11,32.0,32,0,2,2,zero,
ippo,base,2,39,0,10,17.0,17,0,11,11,zero,
ippo,base,2,39,1,10,10.0,10,0,19,19,zero,
ippo,base,2,39,2,10,15.0,15,0,2,2,zero,
ippo,base,2,40,0,10,14.0,14,0,11,11,zero,
ippo,base,2,40,1,10,18.0,18,0,17,17,zero,
ippo,base,2,40,2,10,2.0,0,2,20,20,zero,
ippo,base,2,41,0,11,4.0,4,0,7,7,zero,
ippo,base,2,41,1,11,17.0,17,0,6,6,zero,
ippo,base,2,41,2,11,9.0,9,0,20,20,zero,
ippo,base,2,42,0,11,2.0,2,0,11,11,zero,
ippo,base,2,42,1,11,9.0,9,0,6,6,zero,
ippo,base,2,42,2,11,5.0,5,0,2,2,zero,
ippo,base,2,43,0,12,1.0,1,0,17,17,zero,
ippo,base,2,43,1,12,11.0,11,0,12,12,zero,
ippo,base,2,43,2,12,5.0,0,5,2,2,zero,
ippo,base,2,44,0,11,1.0,1,0,17,17,zero,
ippo,base,2,44,1,11,9.0,9,0,18,18,zero,
ippo,base,2,44,2,11,3.0,0,3,2,2,zero,
ippo,base,2,45,0,11,3.0,0,3,11,11,zero,
ippo,base,2,45,1,11,6.0,6,0,18,18,zero,
ippo,base,2,45,2,11,1.0,0,1,20,20,zero,
ippo,base,2,46,0,12,4.0,0,4,7,7,zero,
ippo,base,2,46,1,12,5.0,5,0,17,17,zero,
ippo,base,2,46,2,12,16.0,0,16,20,20,zero,
ippo,base,2,47,0,10,3.0,3,0,11,11,zero,
ippo,base,2,47,1,10,1.0,1,0,12,12,zero,
ippo,base,2,47,2,10,26.0,0,26,20,20,zero,
ippo,base,2,48,0,10,10.0,10,0,11,11,zero,
ippo,base,2,48,1,10,10.0,10,0,17,17,zero,
ippo,base,2,48,2,10,41.0,0,41,2,2,zero,
ippo,base,2,49,0,12,9.0,9,0,11,11,zero,
ippo,base,2,49,1,12,19.0,19,0,12,12,zero,
ippo,base,2,49,2,12,33.0,0,33,20,20,zero,
ippo,base,2,50,0,11,5.0,5,0,11,11,zero,
ippo,base,2,50,1,11,10.0,10,0,12,12,zero,
ippo,base,2,50,2,11,25.0,0,25,20,20,zero,
ippo,base,2,51,0,11,5.0,5,0,11,11,zero,
ippo,base,2,51,1,11,1.0,1,0,2,2,zero,
ippo,base,2,51,2,11,7.0,0,7,20,20,zero,
ippo,base,2,52,0,13,3.0,3,0,11,11,zero,
ippo,base,2,52,1,13,8.0,0,8,2,2,zero,
ippo,base,2,52,2,13,7.0,0,7,20,20,zero,
ippo,base,2,53,0,13,1.0,1,0,17,17,zero,
ippo,base,2,53,1,13,5.0,0,5,8,8,zero,
ippo,base,2,53,2,13,5.0,5,0,0,0,zero,
ippo,base,2,54,0,13,1.0,0,1,17,17,zero,
ippo,base,2,54,1,13,2.0,0,2,18,18,zero,
ippo,base,2,54,2,13,7.0,7,0,0,0,zero,
ippo,base,2,55,0,13,3.0,0,3,17,17,zero,
ippo,base,2,55,1,13,1.0,1,0,18,18,zero,
ippo,base,2,55,2,13,9.0,9,0,14,14,zero,
ippo,base,2,56,0,12,12.0,0,12,7,7,zero,
ippo,base,2,56,1,12,4.0,0,4,18,18,zero,
ippo,base,2,56,2,12,11.0,11,0,20,20,zero,
ippo,base,2,57,0,10,2.0,0,2,7,7,zero,
ippo,base,2,57,1,10,4.0,4,0,6,6,zero,
ippo,base,2,57,2,10,5.0,5,0,20,20,zero,
ippo,base,2,58,0,12,6.0,6,0,7,7,zero,
ippo,base,2,58,1,12,15.0,15,0,3,3,zero,
ippo,base,2,58,2,12,2.0,2,0,17,17,zero,
ippo,base,2,59,0,13,12.0,12,0,11,11,zero,
ippo,base,2,59,1,13,22.0,22,0,3,3,zero,
ippo,base,2,59,2,13,13.0,13,0,2,2,zero,
ippo,base,2,60,0,13,2.0,2,0,17,17,zero,
ippo,base,2,60,1,13,23.0,23,0,5,5,zero,
ippo,base,2,60,2,13,28.0,28,0,0,0,zero,
ippo,base,2,61,0,14,1.0,0,1,17,17,zero,
ippo,base,2,61,1,14,12.0,12,0,18,18,zero,
ippo,base,2,61,2,14,30.0,30,0,0,0,zero,
ippo,base,2,62,0,15,9.0,0,9,17,17,zero,
ippo,base,2,62,1,15,2.0,0,2,18,18,zero,
ippo,base,2,62,2,15,29.0,29,0,2,2,zero,
ippo,base,2,63,0,16,14.0,0,14,17,17,zero,
ippo,base,2,63,1,16,16.0,0,16,18,18,zero,
ippo,base,2,63,2,16,13.0,13,0,20,20,zero,
ippo,base,2,64,0,14,11.0,0,11,17,17,zero,
ippo,base,2,64,1,14,28.0,0,28,20,20,zero,
ippo,base,2,64,2,14,7.0,0,7,20,20,zero,
ippo,base,2,65,0,14,8.0,0,8,17,17,zero,
ippo,base,2,65,1,14,27.0,0,27,20,20,zero,
ippo,base,2,65,2,14,27.0,0,27,20,20,zero,
ippo,base,2,66,0,11,4.0,0,4,17,17,zero,
ippo,base,2,66,1,11,26.0,0,26,20,20,zero,
ippo,base,2,66,2,11,45.0,0,45,20,20,zero,
ippo,base,2,67,0,12,13.0,0,13,17,17,zero,
ippo,base,2,67,1,12,25.0,0,25,20,20,zero,
ippo,base,2,67,2,12,45.0,0,45,20,20,zero,
ippo,base,2,68,0,12,20.0,0,20,10,10,zero,
ippo,base,2,68,1,12,22.0,0,22,20,20,zero,
ippo,base,2,68,2,12,45.0,0,45,20,20,zero,
ippo,base,2,69,0,10,12.0,0,12,11,11,zero,
ippo,base,2,69,1,10,33.0,0,33,20,20,zero,
ippo,base,2,69,2,10,45.0,0,45,20,20,zero,
ippo,base,2,70,0,10,4.0,0,4,7,7,zero,
ippo,base,2,70,1,10,38.0,0,38,20,20,zero,
ippo,base,2,70,2,10,45.0,0,45,20,20,zero,
ippo,base,2,71,0,10,4.0,4,0,11,11,zero,
ippo,base,2,71,1,10,29.0,0,29,0,0,zero,
ippo,base,2,71,2,10,25.0,0,25,20,20,zero,
ippo,base,2,72,0,10,7.0,7,0,11,11,zero,
ippo,base,2,72,1,10,20.0,0,20,3,3,zero,
ippo,base,2,72,2,10,8.0,0,8,20,20,zero,
ippo,base,2,73,0,10,3.0,0,3,7,7,zero,
ippo,base,2,73,1,10,7.0,0,7,3,3,zero,
ippo,base,2,73,2,10,9.0,9,0,0,0,zero,
ippo,base,2,74,0,9,10.0,0,10,1,1,zero,
ippo,base,2,74,1,9,12.0,12,0,3,3,zero,
ippo,base,2,74,2,9,26.0,26,0,0,0,zero,
ippo,base,2,75,0,8,2.0,2,0,1,1,zero,
ippo,base,2,75,1,8,31.0,31,0,3,3,zero,
ippo,base,2,75,2,8,43.0,43,0,0,0,zero,
ippo,base,2,76,0,8,14.0,14,0,1,1,zero,
ippo,base,2,76,1,8,50.0,50,0,3,3,zero,
ippo,base,2,76,2,8,60.0,60,0,0,0,zero,
ippo,base,2,77,0,8,26.0,26,0,1,1,zero,
ippo,base,2,77,1,8,60.0,60,0,3,3,zero,
ippo,base,2,77,2,8,57.0,57,0,0,0,zero,
ippo,base,2,78,0,8,26.0,26,0,11,11,zero,
ippo,base,2,78,1,8,52.0,52,0,3,3,zero,
ippo,base,2,78,2,8,54.0,54,0,0,0,zero,
ippo,base,2,79,0,8,19.0,19,0,7,7,zero,
ippo,base,2,79,1,8,48.0,48,0,2,2,zero,
ippo,base,2,79,2,8,52.0,52,0,0,0,zero,
ippo,base,2,80,0,8,12.0,12,0,7,7,zero,
ippo,base,2,80,1,8,44.0,44,0,8,8,zero,
ippo,base,2,80,2,8,44.0,44,0,0,0,zero,
ippo,base,2,81,0,8,5.0,5,0,3,3,zero,
ippo,base,2,81,1,8,44.0,44,0,2,2,zero,
ippo,base,2,81,2,8,42.0,42,0,0,0,zero,
ippo,base,2,82,0,8,8.0,8,0,11,11,zero,
ippo,base,2,82,1,8,36.0,36,0,2,2,zero,
ippo,base,2,82,2,8,40.0,40,0,0,0,zero,
ippo,base,2,83,0,7,8.0,8,0,11,11,zero,
ippo,base,2,83,1,7,27.0,27,0,17,17,zero,
ippo,base,2,83,2,7,23.0,23,0,0,0,zero,
ippo,base,2,84,0,7,8.0,8,0,7,7,zero,
ippo,base,2,84,1,7,28.0,28,0,2,2,zero,
ippo,base,2,84,2,7,21.0,21,0,20,20,zero,
ippo,base,2,85,0,7,4.0,4,0,1,1,zero,
ippo,base,2,85,1,7,29.0,29,0,2,2,zero,
ippo,base,2,85,2,7,19.0,19,0,2,2,zero,
ippo,base,2,86,0,7,8.0,8,0,7,7,zero,
ippo,base,2,86,1,7,24.0,24,0,1,1,zero,
ippo,base,2,86,2,7,18.0,18,0,0,0,zero,
ippo,base,2,87,0,8,11.0,11,0,1,1,zero,
ippo,base,2,87,1,8,40.0,40,0,1,1,zero,
ippo,base,2,87,2,8,17.0,17,0,2,2,zero,
ippo,base,2,88,0,7,11.0,11,0,11,11,zero,
ippo,base,2,88,1,7,31.0,31,0,1,1,zero,
ippo,base,2,88,2,7,36.0,36,0,0,0,zero,
ippo,base,2,89,0,7,5.0,5,0,7,7,zero,
ippo,base,2,89,1,7,26.0,26,0,2,2,zero,
ippo,base,2,89,2,7,36.0,36,0,0,0,zero,
ippo,base,2,90,0,8,4.0,4,0,11,11,zero,
ippo,base,2,90,1,8,16.0,16,0,17,17,zero,
ippo,base,2,90,2,8,19.0,19,0,0,0,zero,
ippo,base,2,91,0,9,4.0,0,4,7,7,zero,
ippo,base,2,91,1,9,10.0,10,0,17,17,zero,
ippo,base,2,91,2,9,4.0,4,0,20,20,zero,
ippo,base,2,92,0,9,2.0,0,2,11,11,zero,
ippo,base,2,92,1,9,-0.0,0,0,1,1,zero,
ippo,base,2,92,2,9,3.0,3,0,20,20,zero,
ippo,base,2,93,0,10,5.0,0,5,11,11,zero,
ippo,base,2,93,1,10,9.0,0,9,17,17,zero,
ippo,base,2,93,2,10,14.0,0,14,2,2,zero,
ippo,base,2,94,0,9,3.0,0,3,11,11,zero,
ippo,base,2,94,1,9,3.0,0,3,17,17,zero,
ippo,base,2,94,2,9,31.0,0,31,2,2,zero,
ippo,base,2,95,0,10,6.0,0,6,11,11,zero,
ippo,base,2,95,1,10,3.0,3,0,17,17,zero,
ippo,base,2,95,2,10,28.0,0,28,20,20,zero,
ippo,base,2,96,0,8,3.0,0,3,11,11,zero,
ippo,base,2,96,1,8,7.0,0,7,17,17,zero,
ippo,base,2,96,2,8,25.0,0,25,20,20,zero,
ippo,base,2,97,0,9,10.0,0,10,7,7,zero,
ippo,base,2,97,1,9,11.0,0,11,12,12,zero,
ippo,base,2,97,2,9,35.0,0,35,20,20,zero,
ippo,base,2,98,0,10,3.0,0,3,9,9,zero,
ippo,base,2,98,1,10,20.0,0,20,12,12,zero,
ippo,base,2,98,2,10,45.0,0,45,20,20,zero,
ippo,base,2,99,0,10,1.0,1,0,17,17,zero,
ippo,base,2,99,1,10,17.0,0,17,4,4,zero,
ippo,base,2,99,2,10,29.0,0,29,20,20,zero,
ippo,base,2,100,0,9,4.0,0,4,11,11,zero,
ippo,base,2,100,1,9,8.0,0,8,12,12,zero,
ippo,base,2,100,2,9,21.0,0,21,0,0,zero,
ippo,base,2,101,0,10,11.0,0,11,7,7,zero,
ippo,base,2,101,1,10,13.0,0,13,4,4,zero,
ippo,base,2,101,2,10,5.0,0,5,20,20,zero,
ippo,base,2,102,0,8,19.0,0,19,7,7,zero,
ippo,base,2,102,1,8,18.0,0,18,0,0,zero,
ippo,base,2,102,2,8,15.0,15,0,14,14,zero,
ippo,base,2,103,0,8,7.0,0,7,7,7,zero,
ippo,base,2,103,1,8,5.0,0,5,0,0,zero,
ippo,base,2,103,2,8,35.0,35,0,0,0,zero,
ippo,base,2,104,0,8,5.0,5,0,7,7,zero,
ippo,base,2,104,1,8,8.0,8,0,3,3,zero,
ippo,base,2,104,2,8,32.0,32,0,0,0,zero,
ippo,base,2,105,0,8,1.0,0,1,7,7,zero,
ippo,base,2,105,1,8,21.0,21,0,3,3,zero,
ippo,base,2,105,2,8,49.0,49,0,0,0,zero,
ippo,base,2,106,0,8,7.0,0,7,7,7,zero,
ippo,base,2,106,1,8,19.0,19,0,8,8,zero,
ippo,base,2,106,2,8,55.0,55,0,0,0,zero,
ippo,base,2,107,0,7,6.0,6,0,7,7,zero,
ippo,base,2,107,1,7,12.0,12,0,17,17,zero,
ippo,base,2,107,2,7,38.0,38,0,0,0,zero,
ippo,base,2,108,0,7,11.0,11,0,1,1,zero,
ippo,base,2,108,1,7,14.0,14,0,12,12,zero,
ippo,base,2,108,2,7,26.0,26,0,15,15,zero,
ippo,base,2,109,0,7,11.0,11,0,7,7,zero,
ippo,base,2,109,1,7,10.0,10,0,0,0,zero,
ippo,base,2,109,2,7,26.0,26,0,20,20,zero,
ippo,base,2,110,0,8,10.0,10,0,1,1,zero,
ippo,base,2,110,1,8,17.0,17,0,2,2,zero,
ippo,base,2,110,2,8,24.0,24,0,2,2,zero,
ippo,base,2,111,0,8,9.0,9,0,11,11,zero,
ippo,base,2,111,1,8,23.0,23,0,1,1,zero,
ippo,base,2,111,2,8,23.0,23,0,0,0,zero,
ippo,base,2,112,0,8,2.0,2,0,11,11,zero,
ippo,base,2,112,1,8,24.0,24,0,8,8,zero,
ippo,base,2,112,2,8,30.0,30,0,0,0,zero,
ippo,base,2,113,0,8,1.0,1,0,11,11,zero,
ippo,base,2,113,1,8,13.0,13,0,17,17,zero,
ippo,base,2,113,2,8,33.0,33,0,2,2,zero,
ippo,base,2,114,0,9,7.0,0,7,7,7,zero,
ippo,base,2,114,1,9,8.0,8,0,17,17,zero,
ippo,base,2,114,2,9,18.0,18,0,20,20,zero,
ippo,base,2,115,0,9,5.0,0,5,11,11,zero,
ippo,base,2,115,1,9,2.0,0,2,2,2,zero,
ippo,base,2,115,2,9,16.0,16,0,19,19,zero,
ippo,base,2,116,0,8,2.0,0,2,11,11,zero,
ippo,base,2,116,1,8,5.0,0,5,17,17,zero,
ippo,base,2,116,2,8,1.0,0,1,2,2,zero,
ippo,base,2,117,0,9,-0.0,0,0,11,11,zero,
ippo,base,2,117,1,9,1.0,1,0,12,12,zero,
ippo,base,2,117,2,9,11.0,0,11,2,2,zero,
ippo,base,2,118,0,8,1.0,0,1,11,11,zero,
ippo,base,2,118,1,8,7.0,7,0,12,12,zero,
ippo,base,2,118,2,8,3.0,0,3,20,20,zero,
ippo,base,2,119,0,9,1.0,0,1,7,7,zero,
ippo,base,2,119,1,9,2.0,2,0,12,12,zero,
ippo,base,2,119,2,9,4.0,4,0,20,20,zero,
ippo,base,2,120,0,8,1.0,0,1,7,7,zero,
ippo,base,2,120,1,8,11.0,11,0,1,1,zero,
ippo,base,2,120,2,8,5.0,5,0,0,0,zero,
ippo,base,2,121,0,9,6.0,6,0,7,7,zero,
ippo,base,2,121,1,9,6.0,6,0,12,12,zero,
ippo,base,2,121,2,9,5.0,0,5,0,0,zero,
ippo,base,2,122,0,9,8.0,8,0,11,11,zero,
ippo,base,2,122,1,9,15.0,15,0,2,2,zero,
ippo,base,2,122,2,9,13.0,13,0,2,2,zero,
ippo,base,2,123,0,8,7.0,7,0,11,11,zero,
ippo,base,2,123,1,8,19.0,19,0,2,2,zero,
ippo,base,2,123,2,8,31.0,31,0,0,0,zero,
ippo,base,2,124,0,9,5.0,5,0,7,7,zero,
ippo,base,2,124,1,9,13.0,13,0,17,17,zero,
ippo,base,2,124,2,9,14.0,14,0,0,0,zero,
ippo,base,2,125,0,10,2.0,2,0,9,9,zero,
ippo,base,2,125,1,10,11.0,11,0,12,12,zero,
ippo,base,2,125,2,10,2.0,2,0,20,20,zero,
ippo,base,2,126,0,10,3.0,3,0,11,11,zero,
ippo,base,2,126,1,10,7.0,7,0,12,12,zero,
ippo,base,2,126,2,10,8.0,0,8,20,20,zero,
ippo,base,2,127,0,9,5.0,5,0,11,11,zero,
ippo,base,2,127,1,9,2.0,0,2,17,17,zero,
ippo,base,2,127,2,9,25.0,0,25,2,2,zero,
ippo,base,2,128,0,9,3.0,3,0,7,7,zero,
ippo,base,2,128,1,9,8.0,8,0,17,17,zero,
ippo,base,2,128,2,9,42.0,0,42,19,19,zero,
ippo,base,2,129,0,9,3.0,3,0,9,9,zero,
ippo,base,2,129,1,9,11.0,11,0,17,17,zero,
ippo,base,2,129,2,9,39.0,0,39,20,20,zero,
ippo,base,2,130,0,8,6.0,6,0,11,11,zero,
ippo,base,2,130,1,8,4.0,4,0,12,12,zero,
ippo,base,2,130,2,8,31.0,0,31,20,20,zero,
ippo,base,2,131,0,9,6.0,6,0,7,7,zero,
ippo,base,2,131,1,9,3.0,0,3,12,12,zero,
ippo,base,2,131,2,9,41.0,0,41,20,20,zero,
ippo,base,2,132,0,8,7.0,7,0,11,11,zero,
ippo,base,2,132,1,8,14.0,0,14,12,12,zero,
ippo,base,2,132,2,8,34.0,0,34,20,20,zero,
ippo,base,2,133,0,9,7.0,7,0,11,11,zero,
ippo,base,2,133,1,9,5.0,0,5,1,1,zero,
ippo,base,2,133,2,9,15.0,0,15,0,0,zero,
ippo,base,2,134,0,9,9.0,9,0,7,7,zero,
ippo,base,2,134,1,9,8.0,8,0,1,1,zero,
ippo,base,2,134,2,9,4.0,4,0,0,0,zero,
ippo,base,2,135,0,11,2.0,2,0,7,7,zero,
ippo,base,2,135,1,11,3.0,3,0,0,0,zero,
ippo,base,2,135,2,11,24.0,24,0,0,0,zero,
ippo,base,2,136,0,11,9.0,0,9,9,9,zero,
ippo,base,2,136,1,11,13.0,13,0,3,3,zero,
ippo,base,2,136,2,11,41.0,41,0,0,0,zero,
ippo,base,2,137,0,10,1.0,1,0,11,11,zero,
ippo,base,2,137,1,10,22.0,22,0,2,2,zero,
ippo,base,2,137,2,10,39.0,39,0,0,0,zero,
ippo,base,2,138,0,9,4.0,4,0,11,11,zero,
ippo,base,2,138,1,9,27.0,27,0,5,5,zero,
ippo,base,2,138,2,9,34.0,34,0,0,0,zero,
ippo,base,2,139,0,9,2.0,2,0,7,7,zero,
ippo,base,2,139,1,9,20.0,20,0,17,17,zero,
ippo,base,2,139,2,9,17.0,17,0,0,0,zero,
ippo,base,2,140,0,8,3.0,3,0,9,9,zero,
ippo,base,2,140,1,8,14.0,14,0,12,12,zero,
ippo,base,2,140,2,8,5.0,5,0,20,20,zero,
ippo,base,2,141,0,8,6.0,6,0,7,7,zero,
ippo,base,2,141,1,8,9.0,9,0,2,2,zero,
ippo,base,2,141,2,8,3.0,3,0,20,20,zero,
ippo,base,2,142,0,10,7.0,7,0,9,9,zero,
ippo,base,2,142,1,10,5.0,5,0,12,12,zero,
ippo,base,2,142,2,10,9.0,0,9,2,2,zero,
ippo,base,2,143,0,11,3.0,3,0,11,11,zero,
ippo,base,2,143,1,11,11.0,11,0,12,12,zero,
ippo,base,2,143,2,11,21.0,0,21,2,2,zero,
ippo,base,2,144,0,11,1.0,1,0,17,17,zero,
ippo,base,2,144,1,11,6.0,6,0,17,17,zero,
ippo,base,2,144,2,11,18.0,0,18,20,20,zero,
ippo,base,2,145,0,11,3.0,0,3,17,17,zero,
ippo,base,2,145,1,11,9.0,0,9,18,18,zero,
ippo,base,2,145,2,11,16.0,0,16,20,20,zero,
ippo,base,2,146,0,10,4.0,0,4,11,11,zero,
ippo,base,2,146,1,10,17.0,0,17,17,17,zero,
ippo,base,2,146,2,10,31.0,0,31,20,20,zero,
ippo,base,2,147,0,10,3.0,0,3,11,11,zero,
ippo,base,2,147,1,10,28.0,0,28,18,18,zero,
ippo,base,2,147,2,10,47.0,0,47,20,20,zero,
ippo,base,2,148,0,9,5.0,5,0,11,11,zero,
ippo,base,2,148,1,9,19.0,0,19,17,17,zero,
ippo,base,2,148,2,9,44.0,0,44,20,20,zero,
ippo,base,2,149,0,10,3.0,3,0,11,11,zero,
ippo,base,2,149,1,10,10.0,0,10,12,12,zero,
ippo,base,2,149,2,10,36.0,0,36,20,20,zero,
ippo,base,2,150,0,11,5.0,0,5,11,11,zero,
ippo,base,2,150,1,11,19.0,0,19,0,0,zero,
ippo,base,2,150,2,11,16.0,0,16,20,20,zero,
ippo,base,2,151,0,11,16.0,0,16,7,7,zero,
ippo,base,2,151,1,11,24.0,0,24,0,0,zero,
ippo,base,2,151,2,11,4.0,4,0,0,0,zero,
ippo,base,2,152,0,9,5.0,0,5,9,9,zero,
ippo,base,2,152,1,9,13.0,0,13,0,0,zero,
ippo,base,2,152,2,9,24.0,24,0,0,0,zero,
ippo,base,2,153,0,8,7.0,7,0,7,7,zero,
ippo,base,2,153,1,8,-0.0,0,0,5,5,zero,
ippo,base,2,153,2,8,39.0,39,0,0,0,zero,
ippo,base,2,154,0,8,1.0,1,0,1,1,zero,
ippo,base,2,154,1,8,19.0,19,0,5,5,zero,
ippo,base,2,154,2,8,54.0,54,0,0,0,zero,
ippo,base,2,155,0,8,5.0,0,5,1,1,zero,
ippo,base,2,155,1,8,34.0,34,0,3,3,zero,
ippo,base,2,155,2,8,51.0,51,0,0,0,zero,
ippo,base,2,156,0,8,7.0,7,0,1,1,zero,
ippo,base,2,156,1,8,33.0,33,0,0,0,zero,
ippo,base,2,156,2,8,51.0,51,0,0,0,zero,
ippo,base,2,157,0,7,20.0,20,0,9,9,zero,
ippo,base,2,157,1,7,29.0,29,0,0,0,zero,
ippo,base,2,157,2,7,51.0,51,0,0,0,zero,
ippo,base,2,158,0,5,16.0,16,0,7,7,zero,
ippo,base,2,158,1,5,27.0,27,0,2,2,zero,
ippo,base,2,158,2,5,49.0,49,0,0,0,zero,
ippo,base,2,159,0,6,11.0,11,0,0,0,zero,
ippo,base,2,159,1,6,30.0,30,0,8,8,zero,
ippo,base,2,159,2,6,41.0,41,0,0,0,zero,
ippo,base,2,160,0,6,6.0,6,0,0,0,zero,
ippo,base,2,160,1,6,30.0,30,0,1,1,zero,
ippo,base,2,160,2,6,40.0,40,0,0,0,zero,
ippo,base,2,161,0,5,10.0,10,0,9,9,zero,
ippo,base,2,161,1,5,21.0,21,0,1,1,zero,
ippo,base,2,161,2,5,39.0,39,0,0,0,zero,
ippo,base,2,162,0,5,12.0,12,0,3,3,zero,
ippo,base,2,162,1,5,20.0,20,0,2,2,zero,
ippo,base,2,162,2,5,37.0,37,0,0,0,zero,
ippo,base,2,163,0,5,7.0,7,0,1,1,zero,
ippo,base,2,163,1,5,27.0,27,0,1,1,zero,
ippo,base,2,163,2,5,36.0,36,0,0,0,zero,
ippo,base,2,164,0,5,2.0,2,0,1,1,zero,
ippo,base,2,164,1,5,27.0,27,0,1,1,zero,
ippo,base,2,164,2,5,35.0,35,0,0,0,zero,
ippo,base,2,165,0,5,6.0,6,0,9,9,zero,
ippo,base,2,165,1,5,19.0,19,0,1,1,zero,
ippo,base,2,165,2,5,34.0,34,0,0,0,zero,
ippo,base,2,166,0,5,4.0,4,0,11,11,zero,
ippo,base,2,166,1,5,10.0,10,0,1,1,zero,
ippo,base,2,166,2,5,33.0,33,0,0,0,zero,
ippo,base,2,167,0,5,-0.0,0,0,7,7,zero,
ippo,base,2,167,1,5,4.0,4,0,17,17,zero,
ippo,base,2,167,2,5,16.0,16,0,0,0,zero,
ippo,base,2,168,0,5,4.0,0,4,1,1,zero,
ippo,base,2,168,1,5,4.0,4,0,17,17,zero,
ippo,base,2,168,2,5,1.0,0,1,16,16,zero,
ippo,base,2,169,0,4,1.0,1,0,2,2,zero,
ippo,base,2,169,1,4,3.0,3,0,1,1,zero,
ippo,base,2,169,2,4,2.0,0,2,20,20,zero,
ippo,base,2,170,0,4,8.0,8,0,1,1,zero,
ippo,base,2,170,1,4,3.0,3,0,1,1,zero,
ippo,base,2,170,2,4,3.0,0,3,2,2,zero,
ippo,base,2,171,0,4,11.0,11,0,3,3,zero,
ippo,base,2,171,1,4,17.0,17,0,0,0,zero,
ippo,base,2,171,2,4,3.0,0,3,0,0,zero,
ippo,base,2,172,0,4,8.0,8,0,1,1,zero,
ippo,base,2,172,1,4,32.0,32,0,0,0,zero,
ippo,base,2,172,2,4,13.0,13,0,0,0,zero,
ippo,base,2,173,0,4,6.0,6,0,9,9,zero,
ippo,base,2,173,1,4,23.0,23,0,0,0,zero,
ippo,base,2,173,2,4,33.0,33,0,0,0,zero,
ippo,base,2,174,0,6,1.0,1,0,3,3,zero,
ippo,base,2,174,1,6,20.0,20,0,1,1,zero,
ippo,base,2,174,2,6,34.0,34,0,0,0,zero,
ippo,base,2,175,0,5,1.0,0,1,11,11,zero,
ippo,base,2,175,1,5,9.0,9,0,1,1,zero,
ippo,base,2,175,2,5,33.0,33,0,0,0,zero,
ippo,base,2,176,0,5,5.0,0,5,7,7,zero,
ippo,base,2,176,1,5,5.0,5,0,17,17,zero,
ippo,base,2,176,2,5,16.0,16,0,0,0,zero,
ippo,base,2,177,0,6,2.0,0,2,5,5,zero,
ippo,base,2,177,1,6,-0.0,0,0,17,17,zero,
ippo,base,2,177,2,6,1.0,0,1,16,16,zero,
ippo,base,2,178,0,6,5.0,0,5,7,7,zero,
ippo,base,2,178,1,6,6.0,0,6,1,1,zero,
ippo,base,2,178,2,6,2.0,0,2,20,20,zero,
ippo,base,2,179,0,6,-0.0,0,0,9,9,zero,
ippo,base,2,179,1,6,14.0,0,14,17,17,zero,
ippo,base,2,179,2,6,19.0,0,19,2,2,zero,
ippo,base,2,180,0,5,2.0,2,0,11,11,zero,
ippo,base,2,180,1,5,8.0,0,8,17,17,zero,
ippo,base,2,180,2,5,36.0,0,36,15,15,zero,
ippo,base,2,181,0,5,2.0,2,0,7,7,zero,
ippo,base,2,181,1,5,1.0,1,0,17,17,zero,
ippo,base,2,181,2,5,37.0,0,37,20,20,zero,
ippo,base,2,182,0,5,2.0,0,2,1,1,zero,
ippo,base,2,182,1,5,-0.0,0,0,12,12,zero,
ippo,base,2,182,2,5,29.0,0,29,20,20,zero,
ippo,base,2,183,0,5,6.0,0,6,1,1,zero,
ippo,base,2,183,1,5,1.0,0,1,0,0,zero,
ippo,base,2,183,2,5,27.0,0,27,20,20,zero,
ippo,base,2,184,0,5,6.0,6,0,1,1,zero,
ippo,base,2,184,1,5,2.0,0,2,0,0,zero,
ippo,base,2,184,2,5,12.0,0,12,0,0,zero,
ippo,base,2,185,0,5,16.0,16,0,1,1,zero,
ippo,base,2,185,1,5,13.0,13,0,0,0,zero,
ippo,base,2,185,2,5,8.0,8,0,0,0,zero,
ippo,base,2,186,0,5,12.0,12,0,7,7,zero,
ippo,base,2,186,1,5,26.0,26,0,0,0,zero,
ippo,base,2,186,2,5,28.0,28,0,0,0,zero,
ippo,base,2,187,0,6,6.0,6,0,3,3,zero,
ippo,base,2,187,1,6,25.0,25,0,2,2,zero,
ippo,base,2,187,2,6,46.0,46,0,0,0,zero,
ippo,base,2,188,0,7,1.0,0,1,11,11,zero,
ippo,base,2,188,1,7,29.0,29,0,1,1,zero,
ippo,base,2,188,2,7,45.0,45,0,0,0,zero,
ippo,base,2,189,0,7,5.0,0,5,11,11,zero,
ippo,base,2,189,1,7,30.0,30,0,2,2,zero,
ippo,base,2,189,2,7,43.0,43,0,0,0,zero,
ippo,base,2,190,0,7,5.0,0,5,11,11,zero,
ippo,base,2,190,1,7,19.0,19,0,17,17,zero,
ippo,base,2,190,2,7,26.0,26,0,0,0,zero,
ippo,base,2,191,0,6,8.0,0,8,7,7,zero,
ippo,base,2,191,1,6,14.0,14,0,17,17,zero,
ippo,base,2,191,2,6,9.0,9,0,16,16,zero,
ippo,base,2,192,0,6,3.0,0,3,7,7,zero,
ippo,base,2,192,1,6,8.0,8,0,1,1,zero,
ippo,base,2,192,2,6,8.0,8,0,20,20,zero,
ippo,base,2,193,0,6,2.0,2,0,7,7,zero,
ippo,base,2,193,1,6,3.0,3,0,1,1,zero,
ippo,base,2,193,2,6,7.0,7,0,2,2,zero,
ippo,base,2,194,0,7,6.0,6,0,7,7,zero,
ippo,base,2,194,1,7,13.0,13,0,12,12,zero,
ippo,base,2,194,2,7,5.0,0,5,2,2,zero,
ippo,base,2,195,0,7,6.0,6,0,7,7,zero,
ippo,base,2,195,1,7,23.0,23,0,1,1,zero,
ippo,base,2,195,2,7,10.0,10,0,2,2,zero,
ippo,base,2,196,0,8,5.0,5,0,7,7,zero,
ippo,base,2,196,1,8,17.0,17,0,1,1,zero,
ippo,base,2,196,2,8,29.0,29,0,0,0,zero,
ippo,base,2,197,0,8,4.0,4,0,11,11,zero,
ippo,base,2,197,1,8,7.0,7,0,12,12,zero,
ippo,base,2,197,2,8,19.0,19,0,0,0,zero,
ippo,base,2,198,0,9,2.0,2,0,11,11,zero,
ippo,base,2,198,1,9,3.0,3,0,17,17,zero,
ippo,base,2,198,2,9,4.0,4,0,20,20,zero,
ippo,base,2,199,0,9,-0.0,0,0,11,11,zero,
ippo,base,2,199,1,9,2.0,0,2,17,17,zero,
ippo,base,2,199,2,9,11.0,0,11,20,20,zero,
ippo,base,2,200,0,9,2.0,0,2,11,11,zero,
ippo,base,2,200,1,9,12.0,0,12,17,17,zero,
ippo,base,2,200,2,9,28.0,0,28,19,19,zero,
ippo,base,3,1,0,10,10.0,10,0,7,7,zero,
ippo,base,3,1,1,10,13.0,13,0,18,18,zero,
ippo,base,3,1,2,10,2.0,2,0,19,19,zero,
ippo,base,3,2,0,9,11.0,11,0,11,11,zero,
ippo,base,3,2,1,9,12.0,12,0,3,3,zero,
ippo,base,3,2,2,9,9.0,9,0,19,19,zero,
ippo,base,3,3,0,9,12.0,12,0,3,3,zero,
ippo,base,3,3,1,9,19.0,19,0,12,12,zero,
ippo,base,3,3,2,9,7.0,7,0,1,1,zero,
ippo,base,3,4,0,8,14.0,14,0,9,9,zero,
ippo,base,3,4,1,8,20.0,20,0,0,0,zero,
ippo,base,3,4,2,8,17.0,17,0,2,2,zero,
ippo,base,3,5,0,9,12.0,12,0,1,1,zero,
ippo,base,3,5,1,9,37.0,37,0,3,3,zero,
ippo,base,3,5,2,9,33.0,33,0,0,0,zero,
ippo,base,3,6,0,10,13.0,13,0,11,11,zero,
ippo,base,3,6,1,10,29.0,29,0,1,1,zero,
ippo,base,3,6,2,10,51.0,51,0,0,0,zero,
ippo,base,3,7,0,12,4.0,4,0,11,11,zero,
ippo,base,3,7,1,12,30.0,30,0,2,2,zero,
ippo,base,3,7,2,12,50.0,50,0,0,0,zero,
ippo,base,3,8,0,13,-0.0,0,0,17,17,zero,
ippo,base,3,8,1,13,13.0,13,0,17,17,zero,
ippo,base,3,8,2,13,35.0,35,0,0,0,zero,
ippo,base,3,9,0,13,12.0,0,12,17,17,zero,
ippo,base,3,9,1,13,1.0,0,1,17,17,zero,
ippo,base,3,9,2,13,18.0,18,0,7,7,zero,
ippo,base,3,10,0,14,15.0,0,15,17,17,zero,
ippo,base,3,10,1,14,17.0,0,17,17,17,zero,
ippo,base,3,10,2,14,1.0,1,0,20,20,zero,
ippo,base,3,11,0,14,18.0,0,18,17,17,zero,
ippo,base,3,11,1,14,32.0,0,32,17,17,zero,
ippo,base,3,11,2,14,16.0,0,16,19,19,zero,
ippo,base,3,12,0,14,15.0,0,15,11,11,zero,
ippo,base,3,12,1,14,26.0,0,26,18,18,zero,
ippo,base,3,12,2,14,34.0,0,34,19,19,zero,
ippo,base,3,13,0,14,13.0,0,13,17,17,zero,
ippo,base,3,13,1,14,26.0,0,26,17,17,zero,
ippo,base,3,13,2,14,44.0,0,44,2,2,zero,
ippo,base,3,14,0,14,26.0,0,26,17,17,zero,
ippo,base,3,14,1,14,26.0,0,26,18,18,zero,
ippo,base,3,14,2,14,42.0,0,42,20,20,zero,
ippo,base,3,15,0,15,39.0,0,39,17,17,zero,
ippo,base,3,15,1,15,42.0,0,42,18,18,zero,
ippo,base,3,15,2,15,41.0,0,41,20,20,zero,
ippo,base,3,16,0,13,35.0,0,35,17,17,zero,
ippo,base,3,16,1,13,59.0,0,59,20,20,zero,
ippo,base,3,16,2,13,42.0,0,42,20,20,zero,
ippo,base,3,17,0,13,31.0,0,31,17,17,zero,
ippo,base,3,17,1,13,69.0,0,69,20,20,zero,
ippo,base,3,17,2,13,60.0,0,60,20,20,zero,
ippo,base,3,18,0,12,26.0,0,26,17,17,zero,
ippo,base,3,18,1,12,66.0,0,66,20,20,zero,
ippo,base,3,18,2,12,60.0,0,60,20,20,zero,
ippo,base,3,19,0,13,38.0,0,38,18,18,zero,
ippo,base,3,19,1,13,65.0,0,65,20,20,zero,
ippo,base,3,19,2,13,60.0,0,60,20,20,zero,
ippo,base,3,20,0,12,50.0,0,50,18,18,zero,
ippo,base,3,20,1,12,64.0,0,64,20,20,zero,
ippo,base,3,20,2,12,60.0,0,60,20,20,zero,
ippo,base,3,21,0,14,57.0,0,57,18,18,zero,
ippo,base,3,21,1,14,80.0,0,80,20,20,zero,
ippo,base,3,21,2,14,60.0,0,60,20,20,zero,
ippo,base,3,22,0,13,50.0,0,50,18,18,zero,
ippo,base,3,22,1,13,78.0,0,78,20,20,zero,
ippo,base,3,22,2,13,60.0,0,60,20,20,zero,
ippo,base,3,23,0,12,43.0,0,43,18,18,zero,
ippo,base,3,23,1,12,76.0,0,76,11,11,zero,
ippo,base,3,23,2,12,51.0,0,51,20,20,zero,
ippo,base,3,24,0,12,36.0,0,36,18,18,zero,
ippo,base,3,24,1,12,74.0,0,74,19,19,zero,
ippo,base,3,24,2,12,50.0,0,50,20,20,zero,
ippo,base,3,25,0,13,47.0,0,47,18,18,zero,
ippo,base,3,25,1,13,72.0,0,72,19,19,zero,
ippo,base,3,25,2,13,49.0,0,49,20,20,zero,
ippo,base,3,26,0,12,39.0,0,39,18,18,zero,
ippo,base,3,26,1,12,70.0,0,70,19,19,zero,
ippo,base,3,26,2,12,48.0,0,48,20,20,zero,
ippo,base,3,27,0,12,31.0,0,31,18,18,zero,
ippo,base,3,27,1,12,68.0,0,68,19,19,zero,
ippo,base,3,27,2,12,47.0,0,47,20,20,zero,
ippo,base,3,28,0,12,23.0,0,23,18,18,zero,
ippo,base,3,28,1,12,66.0,0,66,19,19,zero,
ippo,base,3,28,2,12,46.0,0,46,20,20,zero,
ippo,base,3,29,0,11,14.0,0,14,3,3,zero,
ippo,base,3,29,1,11,49.0,0,49,19,19,zero,
ippo,base,3,29,2,11,45.0,0,45,20,20,zero,
ippo,base,3,30,0,12,6.0,0,6,3,3,zero,
ippo,base,3,30,1,12,32.0,0,32,0,0,zero,
ippo,base,3,30,2,12,25.0,0,25,20,20,zero,
ippo,base,3,31,0,12,2.0,2,0,3,3,zero,
ippo,base,3,31,1,12,15.0,0,15,3,3,zero,
ippo,base,3,31,2,12,8.0,0,8,20,20,zero,
ippo,base,3,32,0,12,10.0,10,0,3,3,zero,
ippo,base,3,32,1,12,2.0,2,0,3,3,zero,
ippo,base,3,32,2,12,9.0,9,0,0,0,zero,
ippo,base,3,33,0,11,19.0,19,0,1,1,zero,
ippo,base,3,33,1,11,21.0,21,0,3,3,zero,
ippo,base,3,33,2,11,26.0,26,0,0,0,zero,
ippo,base,3,34,0,13,26.0,26,0,0,0,zero,
ippo,base,3,34,1,13,41.0,41,0,3,3,zero,
ippo,base,3,34,2,13,43.0,43,0,0,0,zero,
ippo,base,3,35,0,13,33.0,33,0,3,3,zero,
ippo,base,3,35,1,13,58.0,58,0,3,3,zero,
ippo,base,3,35,2,13,60.0,60,0,0,0,zero,
ippo,base,3,36,0,13,38.0,38,0,11,11,zero,
ippo,base,3,36,1,13,58.0,58,0,3,3,zero,
ippo,base,3,36,2,13,57.0,57,0,0,0,zero,
ippo,base,3,37,0,15,24.0,24,0,11,11,zero,
ippo,base,3,37,1,15,50.0,50,0,8,8,zero,
ippo,base,3,37,2,15,49.0,49,0,0,0,zero,
ippo,base,3,38,0,15,9.0,9,0,17,17,zero,
ippo,base,3,38,1,15,36.0,36,0,19,19,zero,
ippo,base,3,38,2,15,30.0,30,0,0,0,zero,
ippo,base,3,39,0,15,3.0,0,3,17,17,zero,
ippo,base,3,39,1,15,22.0,22,0,20,20,zero,
ippo,base,3,39,2,15,10.0,10,0,20,20,zero,
ippo,base,3,40,0,14,6.0,0,6,17,17,zero,
ippo,base,3,40,1,14,8.0,8,0,18,18,zero,
ippo,base,3,40,2,14,8.0,0,8,20,20,zero,
ippo,base,3,41,0,14,9.0,0,9,11,11,zero,
ippo,base,3,41,1,14,5.0,5,0,18,18,zero,
ippo,base,3,41,2,14,26.0,0,26,20,20,zero,
ippo,base,3,42,0,13,5.0,0,5,11,11,zero,
ippo,base,3,42,1,13,13.0,13,0,18,18,zero,
ippo,base,3,42,2,13,44.0,0,44,20,20,zero,
ippo,base,3,43,0,13,1.0,0,1,11,11,zero,
ippo,base,3,43,1,13,22.0,22,0,18,18,zero,
ippo,base,3,43,2,13,42.0,0,42,20,20,zero,
ippo,base,3,44,0,12,4.0,4,0,17,17,zero,
ippo,base,3,44,1,12,15.0,15,0,12,12,zero,
ippo,base,3,44,2,12,34.0,0,34,20,20,zero,
ippo,base,3,45,0,13,2.0,2,0,11,11,zero,
ippo,base,3,45,1,13,4.0,4,0,12,12,zero,
ippo,base,3,45,2,13,26.0,0,26,20,20,zero,
ippo,base,3,46,0,13,-0.0,0,0,11,11,zero,
ippo,base,3,46,1,13,7.0,0,7,12,12,zero,
ippo,base,3,46,2,13,18.0,0,18,0,0,zero,
ippo,base,3,47,0,12,1.0,0,1,11,11,zero,
ippo,base,3,47,1,12,2.0,2,0,3,3,zero,
ippo,base,3,47,2,12,1.0,0,1,20,20,zero,
ippo,base,3,48,0,13,3.0,3,0,11,11,zero,
ippo,base,3,48,1,13,11.0,11,0,3,3,zero,
ippo,base,3,48,2,13,16.0,16,0,20,20,zero,
ippo,base,3,49,0,13,1.0,1,0,17,17,zero,
ippo,base,3,49,1,13,14.0,14,0,5,5,zero,
ippo,base,3,49,2,13,31.0,31,0,0,0,zero,
ippo,base,3,50,0,12,7.0,0,7,11,11,zero,
ippo,base,3,50,1,12,23.0,23,0,18,18,zero,
ippo,base,3,50,2,12,13.0,13,0,0,0,zero,
ippo,base,3,51,0,14,3.0,0,3,11,11,zero,
ippo,base,3,51,1,14,32.0,32,0,12,12,zero,
ippo,base,3,51,2,14,21.0,21,0,14,14,zero,
ippo,base,3,52,0,14,6.0,0,6,17,17,zero,
ippo,base,3,52,1,14,19.0,19,0,6,6,zero,
ippo,base,3,52,2,14,35.0,35,0,20,20,zero,
ippo,base,3,53,0,14,3.0,0,3,17,17,zero,
ippo,base,3,53,1,14,7.0,7,0,18,18,zero,
ippo,base,3,53,2,14,17.0,17,0,2,2,zero,
ippo,base,3,54,0,14,6.0,0,6,17,17,zero,
ippo,base,3,54,1,14,8.0,8,0,18,18,zero,
ippo,base,3,54,2,14,1.0,0,1,19,19,zero,
ippo,base,3,55,0,12,7.0,0,7,11,11,zero,
ippo,base,3,55,1,12,9.0,9,0,18,18,zero,
ippo,base,3,55,2,12,5.0,0,5,19,19,zero,
ippo,base,3,56,0,11,1.0,0,1,11,11,zero,
ippo,base,3,56,1,11,4.0,4,0,18,18,zero,
ippo,base,3,56,2,11,3.0,0,3,20,20,zero,
ippo,base,3,57,0,12,4.0,4,0,7,7,zero,
ippo,base,3,57,1,12,15.0,15,0,12,12,zero,
ippo,base,3,57,2,12,13.0,0,13,19,19,zero,
ippo,base,3,58,0,13,8.0,8,0,11,11,zero,
ippo,base,3,58,1,13,21.0,21,0,3,3,zero,
ippo,base,3,58,2,13,3.0,3,0,2,2,zero,
ippo,base,3,59,0,13,6.0,6,0,17,17,zero,
ippo,base,3,59,1,13,18.0,18,0,3,3,zero,
ippo,base,3,59,2,13,19.0,19,0,0,0,zero,
ippo,base,3,60,0,14,3.0,3,0,17,17,zero,
ippo,base,3,60,1,14,21.0,21,0,8,8,zero,
ippo,base,3,60,2,14,31.0,31,0,0,0,zero,
ippo,base,3,61,0,15,5.0,0,5,17,17,zero,
ippo,base,3,61,1,15,6.0,6,0,18,18,zero,
ippo,base,3,61,2,15,32.0,32,0,2,2,zero,
ippo,base,3,62,0,14,8.0,0,8,17,17,zero,
ippo,base,3,62,1,14,5.0,5,0,18,18,zero,
ippo,base,3,62,2,14,16.0,16,0,17,17,zero,
ippo,base,3,63,0,15,6.0,0,6,11,11,zero,
ippo,base,3,63,1,15,3.0,0,3,18,18,zero,
ippo,base,3,63,2,15,2.0,0,2,20,20,zero,
ippo,base,3,64,0,18,7.0,0,7,11,11,zero,
ippo,base,3,64,1,18,6.0,0,6,18,18,zero,
ippo,base,3,64,2,18,20.0,0,20,19,19,zero,
ippo,base,3,65,0,17,7.0,0,7,17,17,zero,
ippo,base,3,65,1,17,5.0,0,5,18,18,zero,
ippo,base,3,65,2,17,36.0,0,36,15,15,zero,
ippo,base,3,66,0,18,8.0,0,8,17,17,zero,
ippo,base,3,66,1,18,4.0,0,4,20,20,zero,
ippo,base,3,66,2,18,39.0,0,39,20,20,zero,
ippo,base,3,67,0,20,20.0,0,20,17,17,zero,
ippo,base,3,67,1,20,5.0,0,5,20,20,zero,
ippo,base,3,67,2,20,39.0,0,39,20,20,zero,
ippo,base,3,68,0,20,32.0,0,32,17,17,zero,
ippo,base,3,68,1,20,22.0,0,22,20,20,zero,
ippo,base,3,68,2,20,40.0,0,40,20,20,zero,
ippo,base,3,69,0,20,34.0,0,34,17,17,zero,
ippo,base,3,69,1,20,37.0,0,37,20,20,zero,
ippo,base,3,69,2,20,45.0,0,45,20,20,zero,
ippo,base,3,70,0,20,36.0,0,36,17,17,zero,
ippo,base,3,70,1,20,37.0,0,37,20,20,zero,
ippo,base,3,70,2,20,45.0,0,45,20,20,zero,
ippo,base,3,71,0,20,40.0,0,40,17,17,zero,
ippo,base,3,71,1,20,34.0,0,34,20,20,zero,
ippo,base,3,71,2,20,45.0,0,45,20,20,zero,
ippo,base,3,72,0,20,60.0,0,60,17,17,zero,
ippo,base,3,72,1,20,32.0,0,32,20,20,zero,
ippo,base,3,72,2,20,45.0,0,45,20,20,zero,
ippo,base,3,73,0,20,78.0,0,78,18,18,zero,
ippo,base,3,73,1,20,35.0,0,35,20,20,zero,
ippo,base,3,73,2,20,45.0,0,45,20,20,zero,
ippo,base,3,74,0,20,81.0,0,81,18,18,zero,
ippo,base,3,74,1,20,33.0,0,33,20,20,zero,
ippo,base,3,74,2,20,45.0,0,45,20,20,zero,
ippo,base,3,75,0,19,80.0,0,80,18,18,zero,
ippo,base,3,75,1,19,31.0,0,31,20,20,zero,
ippo,base,3,75,2,19,45.0,0,45,20,20,zero,
ippo,base,3,76,0,19,80.0,0,80,18,18,zero,
ippo,base,3,76,1,19,29.0,0,29,20,20,zero,
ippo,base,3,76,2,19,45.0,0,45,20,20,zero,
ippo,base,3,77,0,18,83.0,0,83,18,18,zero,
ippo,base,3,77,1,18,27.0,0,27,20,20,zero,
ippo,base,3,77,2,18,45.0,0,45,20,20,zero,
ippo,base,3,78,0,19,82.0,0,82,18,18,zero,
ippo,base,3,78,1,19,25.0,0,25,20,20,zero,
ippo,base,3,78,2,19,45.0,0,45,20,20,zero,
ippo,base,3,79,0,20,82.0,0,82,18,18,zero,
ippo,base,3,79,1,20,23.0,0,23,20,20,zero,
ippo,base,3,79,2,20,45.0,0,45,20,20,zero,
ippo,base,3,80,0,19,81.0,0,81,18,18,zero,
ippo,base,3,80,1,19,21.0,0,21,20,20,zero,
ippo,base,3,80,2,19,45.0,0,45,20,20,zero,
ippo,base,3,81,0,20,81.0,0,81,18,18,zero,
ippo,base,3,81,1,20,19.0,0,19,20,20,zero,
ippo,base,3,81,2,20,45.0,0,45,20,20,zero,
ippo,base,3,82,0,20,81.0,0,81,18,18,zero,
ippo,base,3,82,1,20,17.0,0,17,20,20,zero,
ippo,base,3,82,2,20,45.0,0,45,20,20,zero,
ippo,base,3,83,0,20,81.0,0,81,18,18,zero,
ippo,base,3,83,1,20,15.0,0,15,20,20,zero,
ippo,base,3,83,2,20,45.0,0,45,20,20,zero,
ippo,base,3,84,0,20,81.0,0,81,18,18,zero,
ippo,base,3,84,1,20,13.0,0,13,20,20,zero,
ippo,base,3,84,2,20,45.0,0,45,20,20,zero,
ippo,base,3,85,0,20,81.0,0,81,18,18,zero,
ippo,base,3,85,1,20,11.0,0,11,20,20,zero,
ippo,base,3,85,2,20,45.0,0,45,20,20,zero,
ippo,base,3,86,0,20,81.0,0,81,18,18,zero,
ippo,base,3,86,1,20,9.0,0,9,20,20,zero,
ippo,base,3,86,2,20,45.0,0,45,20,20,zero,
ippo,base,3,87,0,20,81.0,0,81,18,18,zero,
ippo,base,3,87,1,20,7.0,0,7,20,20,zero,
ippo,base,3,87,2,20,45.0,0,45,20,20,zero,
ippo,base,3,88,0,20,81.0,0,81,18,18,zero,
ippo,base,3,88,1,20,5.0,0,5,20,20,zero,
ippo,base,3,88,2,20,45.0,0,45,20,20,zero,
ippo,base,3,89,0,20,81.0,0,81,18,18,zero,
ippo,base,3,89,1,20,3.0,0,3,20,20,zero,
ippo,base,3,89,2,20,45.0,0,45,20,20,zero,
ippo,base,3,90,0,20,81.0,0,81,18,18,zero,
ippo,base,3,90,1,20,1.0,0,1,20,20,zero,
ippo,base,3,90,2,20,45.0,0,45,20,20,zero,
ippo,base,3,91,0,20,81.0,0,81,18,18,zero,
ippo,base,3,91,1,20,1.0,1,0,20,20,zero,
ippo,base,3,91,2,20,45.0,0,45,20,20,zero,
ippo,base,3,92,0,20,81.0,0,81,18,18,zero,
ippo,base,3,92,1,20,3.0,3,0,20,20,zero,
ippo,base,3,92,2,20,45.0,0,45,20,20,zero,
ippo,base,3,93,0,20,81.0,0,81,18,18,zero,
ippo,base,3,93,1,20,5.0,5,0,20,20,zero,
ippo,base,3,93,2,20,45.0,0,45,20,20,zero,
ippo,base,3,94,0,20,81.0,0,81,18,18,zero,
ippo,base,3,94,1,20,7.0,7,0,20,20,zero,
ippo,base,3,94,2,20,45.0,0,45,20,20,zero,
ippo,base,3,95,0,20,82.0,0,82,18,18,zero,
ippo,base,3,95,1,20,9.0,9,0,18,18,zero,
ippo,base,3,95,2,20,43.0,0,43,20,20,zero,
ippo,base,3,96,0,20,84.0,0,84,18,18,zero,
ippo,base,3,96,1,20,11.0,11,0,18,18,zero,
ippo,base,3,96,2,20,41.0,0,41,20,20,zero,
ippo,base,3,97,0,20,86.0,0,86,18,18,zero,
ippo,base,3,97,1,20,13.0,13,0,18,18,zero,
ippo,base,3,97,2,20,39.0,0,39,20,20,zero,
ippo,base,3,98,0,20,88.0,0,88,18,18,zero,
ippo,base,3,98,1,20,15.0,15,0,12,12,zero,
ippo,base,3,98,2,20,31.0,0,31,20,20,zero,
ippo,base,3,99,0,20,90.0,0,90,18,18,zero,
ippo,base,3,99,1,20,17.0,17,0,12,12,zero,
ippo,base,3,99,2,20,23.0,0,23,20,20,zero,
ippo,base,3,100,0,20,92.0,0,92,18,18,zero,
ippo,base,3,100,1,20,19.0,19,0,12,12,zero,
ippo,base,3,100,2,20,15.0,0,15,20,20,zero,
ippo,base,3,101,0,20,94.0,0,94,18,18,zero,
ippo,base,3,101,1,20,21.0,21,0,12,12,zero,
ippo,base,3,101,2,20,7.0,0,7,0,0,zero,
ippo,base,3,102,0,20,96.0,0,96,18,18,zero,
ippo,base,3,102,1,20,23.0,23,0,12,12,zero,
ippo,base,3,102,2,20,1.0,1,0,20,20,zero,
ippo,base,3,103,0,20,98.0,0,98,18,18,zero,
ippo,base,3,103,1,20,25.0,25,0,12,12,zero,
ippo,base,3,103,2,20,9.0,9,0,20,20,zero,
ippo,base,3,104,0,20,100.0,0,100,18,18,zero,
ippo,base,3,104,1,20,27.0,27,0,12,12,zero,
ippo,base,3,104,2,20,17.0,17,0,20,20,zero,
ippo,base,3,105,0,20,102.0,0,102,18,18,zero,
ippo,base,3,105,1,20,29.0,29,0,12,12,zero,
ippo,base,3,105,2,20,5.0,5,0,20,20,zero,
ippo,base,3,106,0,20,104.0,0,104,18,18,zero,
ippo,base,3,106,1,20,30.0,30,0,12,12,zero,
ippo,base,3,106,2,20,13.0,13,0,2,2,zero,
ippo,base,3,107,0,20,106.0,0,106,18,18,zero,
ippo,base,3,107,1,20,24.0,24,0,18,18,zero,
ippo,base,3,107,2,20,15.0,15,0,2,2,zero,
ippo,base,3,108,0,20,108.0,0,108,18,18,zero,
ippo,base,3,108,1,20,18.0,18,0,18,18,zero,
ippo,base,3,108,2,20,17.0,17,0,19,19,zero,
ippo,base,3,109,0,20,110.0,0,110,18,18,zero,
ippo,base,3,109,1,20,12.0,12,0,18,18,zero,
ippo,base,3,109,2,20,19.0,19,0,19,19,zero,
ippo,base,3,110,0,20,112.0,0,112,18,18,zero,
ippo,base,3,110,1,20,6.0,6,0,18,18,zero,
ippo,base,3,110,2,20,3.0,3,0,19,19,zero,
ippo,base,3,111,0,20,114.0,0,114,18,18,zero,
ippo,base,3,111,1,20,6.0,6,0,18,18,zero,
ippo,base,3,111,2,20,13.0,0,13,19,19,zero,
ippo,base,3,112,0,19,115.0,0,115,18,18,zero,
ippo,base,3,112,1,19,6.0,6,0,20,20,zero,
ippo,base,3,112,2,19,14.0,0,14,19,19,zero,
ippo,base,3,113,0,18,115.0,0,115,18,18,zero,
ippo,base,3,113,1,18,6.0,6,0,20,20,zero,
ippo,base,3,113,2,18,15.0,0,15,2,2,zero,
ippo,base,3,114,0,20,117.0,0,117,18,18,zero,
ippo,base,3,114,1,20,6.0,6,0,20,20,zero,
ippo,base,3,114,2,20,16.0,0,16,20,20,zero,
ippo,base,3,115,0,20,119.0,0,119,18,18,zero,
ippo,base,3,115,1,20,7.0,0,7,20,20,zero,
ippo,base,3,115,2,20,17.0,0,17,20,20,zero,
ippo,base,3,116,0,20,121.0,0,121,18,18,zero,
ippo,base,3,116,1,20,6.0,0,6,20,20,zero,
ippo,base,3,116,2,20,18.0,0,18,20,20,zero,
ippo,base,3,117,0,20,123.0,0,123,18,18,zero,
ippo,base,3,117,1,20,5.0,0,5,20,20,zero,
ippo,base,3,117,2,20,36.0,0,36,20,20,zero,
ippo,base,3,118,0,20,125.0,0,125,18,18,zero,
ippo,base,3,118,1,20,4.0,0,4,20,20,zero,
ippo,base,3,118,2,20,36.0,0,36,20,20,zero,
ippo,base,3,119,0,20,134.0,0,134,18,18,zero,
ippo,base,3,119,1,20,3.0,0,3,20,20,zero,
ippo,base,3,119,2,20,36.0,0,36,20,20,zero,
ippo,base,3,120,0,20,135.0,0,135,18,18,zero,
ippo,base,3,120,1,20,2.0,0,2,20,20,zero,
ippo,base,3,120,2,20,36.0,0,36,20,20,zero,
ippo,base,3,121,0,20,136.0,0,136,18,18,zero,
ippo,base,3,121,1,20,18.0,0,18,20,20,zero,
ippo,base,3,121,2,20,36.0,0,36,20,20,zero,
ippo,base,3,122,0,20,137.0,0,137,18,18,zero,
ippo,base,3,122,1,20,16.0,0,16,20,20,zero,
ippo,base,3,122,2,20,36.0,0,36,20,20,zero,
ippo,base,3,123,0,20,138.0,0,138,18,18,zero,
ippo,base,3,123,1,20,14.0,0,14,20,20,zero,
ippo,base,3,123,2,20,36.0,0,36,20,20,zero,
ippo,base,3,124,0,20,139.0,0,139,18,18,zero,
ippo,base,3,124,1,20,12.0,0,12,20,20,zero,
ippo,base,3,124,2,20,36.0,0,36,20,20,zero,
ippo,base,3,125,0,20,157.0,0,157,18,18,zero,
ippo,base,3,125,1,20,10.0,0,10,20,20,zero,
ippo,base,3,125,2,20,36.0,0,36,20,20,zero,
ippo,base,3,126,0,20,157.0,0,157,18,18,zero,
ippo,base,3,126,1,20,8.0,0,8,20,20,zero,
ippo,base,3,126,2,20,36.0,0,36,20,20,zero,
ippo,base,3,127,0,20,157.0,0,157,18,18,zero,
ippo,base,3,127,1,20,6.0,0,6,20,20,zero,
ippo,base,3,127,2,20,36.0,0,36,20,20,zero,
ippo,base,3,128,0,20,157.0,0,157,18,18,zero,
ippo,base,3,128,1,20,4.0,0,4,20,20,zero,
ippo,base,3,128,2,20,36.0,0,36,20,20,zero,
ippo,base,3,129,0,20,157.0,0,157,18,18,zero,
ippo,base,3,129,1,20,2.0,0,2,20,20,zero,
ippo,base,3,129,2,20,36.0,0,36,20,20,zero,
ippo,base,3,130,0,20,157.0,0,157,18,18,zero,
ippo,base,3,130,1,20,-0.0,0,0,20,20,zero,
ippo,base,3,130,2,20,36.0,0,36,20,20,zero,
ippo,base,3,131,0,20,157.0,0,157,18,18,zero,
ippo,base,3,131,1,20,2.0,2,0,20,20,zero,
ippo,base,3,131,2,20,36.0,0,36,20,20,zero,
ippo,base,3,132,0,20,157.0,0,157,18,18,zero,
ippo,base,3,132,1,20,4.0,4,0,20,20,zero,
ippo,base,3,132,2,20,36.0,0,36,20,20,zero,
ippo,base,3,133,0,20,157.0,0,157,18,18,zero,
ippo,base,3,133,1,20,6.0,6,0,20,20,zero,
ippo,base,3,133,2,20,36.0,0,36,20,20,zero,
ippo,base,3,134,0,20,157.0,0,157,18,18,zero,
ippo,base,3,134,1,20,8.0,8,0,18,18,zero,
ippo,base,3,134,2,20,34.0,0,34,20,20,zero,
ippo,base,3,135,0,20,159.0,0,159,18,18,zero,
ippo,base,3,135,1,20,10.0,10,0,18,18,zero,
ippo,base,3,135,2,20,32.0,0,32,20,20,zero,
ippo,base,3,136,0,20,161.0,0,161,18,18,zero,
ippo,base,3,136,1,20,12.0,12,0,18,18,zero,
ippo,base,3,136,2,20,30.0,0,30,20,20,zero,
ippo,base,3,137,0,20,163.0,0,163,18,18,zero,
ippo,base,3,137,1,20,14.0,14,0,18,18,zero,
ippo,base,3,137,2,20,28.0,0,28,20,20,zero,
ippo,base,3,138,0,20,165.0,0,165,18,18,zero,
ippo,base,3,138,1,20,16.0,16,0,12,12,zero,
ippo,base,3,138,2,20,20.0,0,20,20,20,zero,
ippo,base,3,139,0,20,167.0,0,167,18,18,zero,
ippo,base,3,139,1,20,18.0,18,0,12,12,zero,
ippo,base,3,139,2,20,12.0,0,12,20,20,zero,
ippo,base,3,140,0,20,169.0,0,169,18,18,zero,
ippo,base,3,140,1,20,20.0,20,0,12,12,zero,
ippo,base,3,140,2,20,4.0,0,4,4,4,zero,
ippo,base,3,141,0,17,168.0,0,168,18,18,zero,
ippo,base,3,141,1,17,22.0,22,0,12,12,zero,
ippo,base,3,141,2,17,4.0,4,0,14,14,zero,
ippo,base,3,142,0,16,166.0,0,166,18,18,zero,
ippo,base,3,142,1,16,24.0,24,0,12,12,zero,
ippo,base,3,142,2,16,12.0,12,0,20,20,zero,
ippo,base,3,143,0,16,164.0,0,164,18,18,zero,
ippo,base,3,143,1,16,26.0,26,0,12,12,zero,
ippo,base,3,143,2,16,20.0,20,0,20,20,zero,
ippo,base,3,144,0,18,164.0,0,164,18,18,zero,
ippo,base,3,144,1,18,28.0,28,0,12,12,zero,
ippo,base,3,144,2,18,12.0,12,0,19,19,zero,
ippo,base,3,145,0,18,164.0,0,164,18,18,zero,
ippo,base,3,145,1,18,26.0,26,0,18,18,zero,
ippo,base,3,145,2,18,8.0,8,0,2,2,zero,
ippo,base,3,146,0,19,165.0,0,165,18,18,zero,
ippo,base,3,146,1,19,20.0,20,0,18,18,zero,
ippo,base,3,146,2,19,10.0,10,0,19,19,zero,
ippo,base,3,147,0,18,165.0,0,165,18,18,zero,
ippo,base,3,147,1,18,14.0,14,0,18,18,zero,
ippo,base,3,147,2,18,12.0,12,0,19,19,zero,
ippo,base,3,148,0,17,164.0,0,164,18,18,zero,
ippo,base,3,148,1,17,8.0,8,0,18,18,zero,
ippo,base,3,148,2,17,13.0,13,0,19,19,zero,
ippo,base,3,149,0,16,162.0,0,162,18,18,zero,
ippo,base,3,149,1,16,8.0,8,0,18,18,zero,
ippo,base,3,149,2,16,3.0,0,3,19,19,zero,
ippo,base,3,150,0,16,160.0,0,160,18,18,zero,
ippo,base,3,150,1,16,8.0,8,0,18,18,zero,
ippo,base,3,150,2,16,2.0,0,2,19,19,zero,
ippo,base,3,151,0,18,160.0,0,160,18,18,zero,
ippo,base,3,151,1,18,8.0,8,0,18,18,zero,
ippo,base,3,151,2,18,1.0,0,1,19,19,zero,
ippo,base,3,152,0,17,159.0,0,159,18,18,zero,
ippo,base,3,152,1,17,8.0,8,0,18,18,zero,
ippo,base,3,152,2,17,-0.0,0,0,2,2,zero,
ippo,base,3,153,0,18,159.0,0,159,18,18,zero,
ippo,base,3,153,1,18,5.0,5,0,18,18,zero,
ippo,base,3,153,2,18,1.0,1,0,19,19,zero,
ippo,base,3,154,0,19,160.0,0,160,18,18,zero,
ippo,base,3,154,1,19,6.0,6,0,18,18,zero,
ippo,base,3,154,2,19,2.0,2,0,19,19,zero,
ippo,base,3,155,0,19,161.0,0,161,18,18,zero,
ippo,base,3,155,1,19,7.0,7,0,20,20,zero,
ippo,base,3,155,2,19,1.0,1,0,19,19,zero,
ippo,base,3,156,0,16,159.0,0,159,18,18,zero,
ippo,base,3,156,1,16,8.0,8,0,20,20,zero,
ippo,base,3,156,2,16,17.0,0,17,19,19,zero,
ippo,base,3,157,0,14,155.0,0,155,18,18,zero,
ippo,base,3,157,1,14,8.0,8,0,20,20,zero,
ippo,base,3,157,2,14,18.0,0,18,20,20,zero,
ippo,base,3,158,0,14,151.0,0,151,18,18,zero,
ippo,base,3,158,1,14,8.0,8,0,20,20,zero,
ippo,base,3,158,2,14,19.0,0,19,20,20,zero,
ippo,base,3,159,0,12,145.0,0,145,18,18,zero,
ippo,base,3,159,1,12,10.0,10,0,20,20,zero,
ippo,base,3,159,2,12,20.0,0,20,17,17,zero,
ippo,base,3,160,0,13,140.0,0,140,18,18,zero,
ippo,base,3,160,1,13,5.0,0,5,20,20,zero,
ippo,base,3,160,2,13,21.0,0,21,17,17,zero,
ippo,base,3,161,0,19,141.0,0,141,18,18,zero,
ippo,base,3,161,1,19,4.0,0,4,20,20,zero,
ippo,base,3,161,2,19,21.0,0,21,20,20,zero,
ippo,base,3,162,0,18,141.0,0,141,18,18,zero,
ippo,base,3,162,1,18,3.0,0,3,20,20,zero,
ippo,base,3,162,2,18,21.0,0,21,20,20,zero,
ippo,base,3,163,0,18,141.0,0,141,18,18,zero,
ippo,base,3,163,1,18,2.0,0,2,20,20,zero,
ippo,base,3,163,2,18,24.0,0,24,20,20,zero,
ippo,base,3,164,0,16,144.0,0,144,18,18,zero,
ippo,base,3,164,1,16,1.0,0,1,20,20,zero,
ippo,base,3,164,2,16,27.0,0,27,20,20,zero,
ippo,base,3,165,0,15,140.0,0,140,18,18,zero,
ippo,base,3,165,1,15,1.0,1,0,20,20,zero,
ippo,base,3,165,2,15,27.0,0,27,20,20,zero,
ippo,base,3,166,0,14,135.0,0,135,18,18,zero,
ippo,base,3,166,1,14,3.0,3,0,20,20,zero,
ippo,base,3,166,2,14,27.0,0,27,20,20,zero,
ippo,base,3,167,0,13,129.0,0,129,18,18,zero,
ippo,base,3,167,1,13,2.0,2,0,20,20,zero,
ippo,base,3,167,2,13,27.0,0,27,20,20,zero,
ippo,base,3,168,0,14,124.0,0,124,18,18,zero,
ippo,base,3,168,1,14,1.0,1,0,20,20,zero,
ippo,base,3,168,2,14,27.0,0,27,20,20,zero,
ippo,base,3,169,0,15,120.0,0,120,18,18,zero,
ippo,base,3,169,1,15,3.0,3,0,20,20,zero,
ippo,base,3,169,2,15,27.0,0,27,20,20,zero,
ippo,base,3,170,0,14,116.0,0,116,18,18,zero,
ippo,base,3,170,1,14,5.0,5,0,20,20,zero,
ippo,base,3,170,2,14,27.0,0,27,20,20,zero,
ippo,base,3,171,0,14,112.0,0,112,18,18,zero,
ippo,base,3,171,1,14,7.0,7,0,18,18,zero,
ippo,base,3,171,2,14,25.0,0,25,20,20,zero,
ippo,base,3,172,0,15,109.0,0,109,18,18,zero,
ippo,base,3,172,1,15,9.0,9,0,18,18,zero,
ippo,base,3,172,2,15,23.0,0,23,20,20,zero,
ippo,base,3,173,0,16,107.0,0,107,18,18,zero,
ippo,base,3,173,1,16,11.0,11,0,18,18,zero,
ippo,base,3,173,2,16,21.0,0,21,20,20,zero,
ippo,base,3,174,0,14,103.0,0,103,18,18,zero,
ippo,base,3,174,1,14,13.0,13,0,18,18,zero,
ippo,base,3,174,2,14,19.0,0,19,20,20,zero,
ippo,base,3,175,0,12,97.0,0,97,18,18,zero,
ippo,base,3,175,1,12,15.0,15,0,12,12,zero,
ippo,base,3,175,2,12,11.0,0,11,20,20,zero,
ippo,base,3,176,0,11,90.0,0,90,18,18,zero,
ippo,base,3,176,1,11,17.0,17,0,12,12,zero,
ippo,base,3,176,2,11,3.0,0,3,13,13,zero,
ippo,base,3,177,0,12,84.0,0,84,18,18,zero,
ippo,base,3,177,1,12,19.0,19,0,12,12,zero,
ippo,base,3,177,2,12,5.0,5,0,0,0,zero,
ippo,base,3,178,0,13,79.0,0,79,18,18,zero,
ippo,base,3,178,1,13,21.0,21,0,12,12,zero,
ippo,base,3,178,2,13,13.0,13,0,20,20,zero,
ippo,base,3,179,0,12,73.0,0,73,18,18,zero,
ippo,base,3,179,1,12,23.0,23,0,18,18,zero,
ippo,base,3,179,2,12,15.0,15,0,20,20,zero,
ippo,base,3,180,0,12,67.0,0,67,18,18,zero,
ippo,base,3,180,1,12,25.0,25,0,12,12,zero,
ippo,base,3,180,2,12,16.0,16,0,20,20,zero,
ippo,base,3,181,0,11,60.0,0,60,18,18,zero,
ippo,base,3,181,1,11,22.0,22,0,18,18,zero,
ippo,base,3,181,2,11,2.0,0,2,19,19,zero,
ippo,base,3,182,0,11,53.0,0,53,18,18,zero,
ippo,base,3,182,1,11,16.0,16,0,18,18,zero,
ippo,base,3,182,2,11,-0.0,0,0,19,19,zero,
ippo,base,3,183,0,11,46.0,0,46,18,18,zero,
ippo,base,3,183,1,11,16.0,16,0,18,18,zero,
ippo,base,3,183,2,11,2.0,2,0,19,19,zero,
ippo,base,3,184,0,12,40.0,0,40,18,18,zero,
ippo,base,3,184,1,12,10.0,10,0,18,18,zero,
ippo,base,3,184,2,12,4.0,4,0,19,19,zero,
ippo,base,3,185,0,14,36.0,0,36,18,18,zero,
ippo,base,3,185,1,14,8.0,8,0,18,18,zero,
ippo,base,3,185,2,14,5.0,5,0,19,19,zero,
ippo,base,3,186,0,18,36.0,0,36,18,18,zero,
ippo,base,3,186,1,18,10.0,10,0,18,18,zero,
ippo,base,3,186,2,18,6.0,6,0,19,19,zero,
ippo,base,3,187,0,19,37.0,0,37,18,18,zero,
ippo,base,3,187,1,19,10.0,10,0,18,18,zero,
ippo,base,3,187,2,19,7.0,7,0,19,19,zero,
ippo,base,3,188,0,20,39.0,0,39,18,18,zero,
ippo,base,3,188,1,20,10.0,10,0,18,18,zero,
ippo,base,3,188,2,20,8.0,8,0,19,19,zero,
ippo,base,3,189,0,19,40.0,0,40,18,18,zero,
ippo,base,3,189,1,19,10.0,10,0,18,18,zero,
ippo,base,3,189,2,19,9.0,9,0,19,19,zero,
ippo,base,3,190,0,19,41.0,0,41,18,18,zero,
ippo,base,3,190,1,19,10.0,10,0,18,18,zero,
ippo,base,3,190,2,19,10.0,10,0,19,19,zero,
ippo,base,3,191,0,17,40.0,0,40,18,18,zero,
ippo,base,3,191,1,17,10.0,10,0,18,18,zero,
ippo,base,3,191,2,17,11.0,11,0,19,19,zero,
ippo,base,3,192,0,14,36.0,0,36,18,18,zero,
ippo,base,3,192,1,14,10.0,10,0,18,18,zero,
ippo,base,3,192,2,14,12.0,12,0,19,19,zero,
ippo,base,3,193,0,16,34.0,0,34,18,18,zero,
ippo,base,3,193,1,16,10.0,10,0,18,18,zero,
ippo,base,3,193,2,16,13.0,13,0,19,19,zero,
ippo,base,3,194,0,15,31.0,0,31,18,18,zero,
ippo,base,3,194,1,15,10.0,10,0,18,18,zero,
ippo,base,3,194,2,15,14.0,14,0,19,19,zero,
ippo,base,3,195,0,14,27.0,0,27,18,18,zero,
ippo,base,3,195,1,14,10.0,10,0,18,18,zero,
ippo,base,3,195,2,14,15.0,15,0,2,2,zero,
ippo,base,3,196,0,14,23.0,0,23,18,18,zero,
ippo,base,3,196,1,14,10.0,10,0,18,18,zero,
ippo,base,3,196,2,14,16.0,16,0,19,19,zero,
ippo,base,3,197,0,14,19.0,0,19,18,18,zero,
ippo,base,3,197,1,14,10.0,10,0,18,18,zero,
ippo,base,3,197,2,14,17.0,17,0,19,19,zero,
ippo,base,3,198,0,12,13.0,0,13,18,18,zero,
ippo,base,3,198,1,12,10.0,10,0,18,18,zero,
ippo,base,3,198,2,12,18.0,18,0,19,19,zero,
ippo,base,3,199,0,13,8.0,0,8,3,3,zero,
ippo,base,3,199,1,13,25.0,25,0,20,20,zero,
ippo,base,3,199,2,13,-0.0,0,0,19,19,zero,
ippo,base,3,200,0,12,2.0,0,2,11,11,zero,
ippo,base,3,200,1,12,32.0,32,0,3,3,zero,
ippo,base,3,200,2,12,16.0,16,0,19,19,zero,
ippo,shock,0,1,0,10,10.0,10,0,7,7,zero,
ippo,shock,0,1,1,10,13.0,13,0,18,18,zero,
ippo,shock,0,1,2,10,2.0,2,0,19,19,zero,
ippo,shock,0,2,0,10,10.0,10,0,11,11,zero,
ippo,shock,0,2,1,10,12.0,12,0,3,3,zero,
ippo,shock,0,2,2,10,9.0,9,0,19,19,zero,
ippo,shock,0,3,0,10,10.0,10,0,11,11,zero,
ippo,shock,0,3,1,10,11.0,11,0,12,12,zero,
ippo,shock,0,3,2,10,7.0,7,0,1,1,zero,
ippo,shock,0,4,0,9,11.0,11,0,11,11,zero,
ippo,shock,0,4,1,9,10.0,10,0,12,12,zero,
ippo,shock,0,4,2,9,5.0,5,0,2,2,zero,
ippo,shock,0,5,0,10,8.0,8,0,3,3,zero,
ippo,shock,0,5,1,10,25.0,25,0,12,12,zero,
ippo,shock,0,5,2,10,12.0,12,0,2,2,zero,
ippo,shock,0,6,0,10,9.0,9,0,11,11,zero,
ippo,shock,0,6,1,10,17.0,17,0,0,0,zero,
ippo,shock,0,6,2,10,31.0,31,0,19,19,zero,
ippo,shock,0,7,0,9,11.0,11,0,11,11,zero,
ippo,shock,0,7,1,9,18.0,18,0,6,6,zero,
ippo,shock,0,7,2,9,26.0,26,0,2,2,zero,
ippo,shock,0,8,0,10,12.0,12,0,11,11,zero,
ippo,shock,0,8,1,10,19.0,19,0,17,17,zero,
ippo,shock,0,8,2,10,11.0,11,0,0,0,zero,
ippo,shock,0,9,0,11,4.0,4,0,7,7,zero,
ippo,shock,0,9,1,11,24.0,24,0,12,12,zero,
ippo,shock,0,9,2,11,1.0,1,0,17,17,zero,
ippo,shock,0,10,0,11,4.0,4,0,11,11,zero,
ippo,shock,0,10,1,11,13.0,13,0,2,2,zero,
ippo,shock,0,10,2,11,18.0,18,0,19,19,zero,
ippo,shock,0,11,0,10,5.0,5,0,17,17,zero,
ippo,shock,0,11,1,10,2.0,2,0,17,17,zero,
ippo,shock,0,11,2,10,3.0,3,0,2,2,zero,
ippo,shock,0,12,0,10,6.0,6,0,11,11,zero,
ippo,shock,0,12,1,10,8.0,8,0,17,17,zero,
ippo,shock,0,12,2,10,14.0,0,14,15,15,zero,
ippo,shock,0,13,0,10,3.0,3,0,7,7,zero,
ippo,shock,0,13,1,10,13.0,13,0,17,17,zero,
ippo,shock,0,13,2,10,14.0,0,14,20,20,zero,
ippo,shock,0,14,0,10,4.0,4,0,9,9,zero,
ippo,shock,0,14,1,10,6.0,6,0,12,12,zero,
ippo,shock,0,14,2,10,7.0,0,7,20,20,zero,
ippo,shock,0,15,0,10,11.0,11,0,9,9,zero,
ippo,shock,0,15,1,10,14.0,14,0,1,1,zero,
ippo,shock,0,15,2,10,6.0,0,6,0,0,zero,
ippo,shock,0,16,0,10,12.0,12,0,11,11,zero,
ippo,shock,0,16,1,10,6.0,6,0,6,6,zero,
ippo,shock,0,16,2,10,3.0,3,0,0,0,zero,
ippo,shock,0,17,0,9,10.0,10,0,11,11,zero,
ippo,shock,0,17,1,9,12.0,12,0,12,12,zero,
ippo,shock,0,17,2,9,11.0,11,0,0,0,zero,
ippo,shock,0,18,0,9,10.0,10,0,7,7,zero,
ippo,shock,0,18,1,9,24.0,24,0,6,6,zero,
ippo,shock,0,18,2,9,25.0,25,0,17,17,zero,
ippo,shock,0,19,0,9,10.0,10,0,7,7,zero,
ippo,shock,0,19,1,9,19.0,19,0,12,12,zero,
ippo,shock,0,19,2,9,13.0,13,0,17,17,zero,
ippo,shock,0,20,0,10,11.0,11,0,7,7,zero,
ippo,shock,0,20,1,10,24.0,24,0,1,1,zero,
ippo,shock,0,20,2,10,12.0,12,0,2,2,zero,
ippo,shock,0,21,0,8,14.0,14,0,11,11,zero,
ippo,shock,0,21,1,8,25.0,25,0,1,1,zero,
ippo,shock,0,21,2,8,11.0,11,0,2,2,zero,
ippo,shock,0,22,0,7,14.0,14,0,7,7,zero,
ippo,shock,0,22,1,7,24.0,24,0,17,17,zero,
ippo,shock,0,22,2,7,11.0,11,0,0,0,zero,
ippo,shock,0,23,0,8,13.0,13,0,0,0,zero,
ippo,shock,0,23,1,8,36.0,36,0,2,2,zero,
ippo,shock,0,23,2,8,26.0,26,0,17,17,zero,
ippo,shock,0,24,0,7,13.0,13,0,1,1,zero,
ippo,shock,0,24,1,7,36.0,36,0,1,1,zero,
ippo,shock,0,24,2,7,27.0,27,0,2,2,zero,
ippo,shock,0,25,0,7,17.0,17,0,3,3,zero,
ippo,shock,0,25,1,7,34.0,34,0,1,1,zero,
ippo,shock,0,25,2,7,28.0,28,0,0,0,zero,
ippo,shock,0,26,0,8,16.0,16,0,11,11,zero,
ippo,shock,0,26,1,8,40.0,40,0,1,1,zero,
ippo,shock,0,26,2,8,27.0,27,0,0,0,zero,
ippo,shock,0,27,0,8,8.0,8,0,11,11,zero,
ippo,shock,0,27,1,8,31.0,31,0,1,1,zero,
ippo,shock,0,27,2,8,43.0,43,0,0,0,zero,
ippo,shock,0,28,0,8,1.0,1,0,11,11,zero,
ippo,shock,0,28,1,8,21.0,21,0,2,2,zero,
ippo,shock,0,28,2,8,43.0,43,0,0,0,zero,
ippo,shock,0,29,0,7,3.0,0,3,7,7,zero,
ippo,shock,0,29,1,7,15.0,15,0,17,17,zero,
ippo,shock,0,29,2,7,26.0,26,0,0,0,zero,
ippo,shock,0,30,0,7,1.0,1,0,7,7,zero,
ippo,shock,0,30,1,7,9.0,9,0,17,17,zero,
ippo,shock,0,30,2,7,9.0,9,0,20,20,zero,
ippo,shock,0,31,0,8,4.0,4,0,7,7,zero,
ippo,shock,0,31,1,8,3.0,3,0,1,1,zero,
ippo,shock,0,31,2,8,8.0,8,0,20,20,zero,
ippo,shock,0,32,0,8,7.0,7,0,11,11,zero,
ippo,shock,0,32,1,8,6.0,0,6,1,1,zero,
ippo,shock,0,32,2,8,7.0,7,0,2,2,zero,
ippo,shock,0,33,0,7,7.0,7,0,11,11,zero,
ippo,shock,0,33,1,7,-0.0,0,0,17,17,zero,
ippo,shock,0,33,2,7,10.0,0,10,0,0,zero,
ippo,shock,0,34,0,7,7.0,7,0,7,7,zero,
ippo,shock,0,34,1,7,10.0,10,0,17,17,zero,
ippo,shock,0,34,2,7,7.0,0,7,17,17,zero,
ippo,shock,0,35,0,7,7.0,7,0,1,1,zero,
ippo,shock,0,35,1,7,10.0,10,0,12,12,zero,
ippo,shock,0,35,2,7,1.0,1,0,20,20,zero,
ippo,shock,0,36,0,7,5.0,5,0,1,1,zero,
ippo,shock,0,36,1,7,10.0,10,0,0,0,zero,
ippo,shock,0,36,2,7,3.0,3,0,2,2,zero,
ippo,shock,0,37,0,7,15.0,15,0,1,1,zero,
ippo,shock,0,37,1,7,16.0,16,0,0,0,zero,
ippo,shock,0,37,2,7,3.0,3,0,0,0,zero,
ippo,shock,0,38,0,8,14.0,14,0,11,11,zero,
ippo,shock,0,38,1,8,25.0,25,0,0,0,zero,
ippo,shock,0,38,2,8,20.0,20,0,0,0,zero,
ippo,shock,0,39,0,8,7.0,7,0,11,11,zero,
ippo,shock,0,39,1,8,33.0,33,0,3,3,zero,
ippo,shock,0,39,2,8,37.0,37,0,0,0,zero,
ippo,shock,0,40,0,7,1.0,1,0,11,11,zero,
ippo,shock,0,40,1,7,22.0,22,0,2,2,zero,
ippo,shock,0,40,2,7,37.0,37,0,0,0,zero,
ippo,shock,0,41,0,7,5.0,0,5,7,7,zero,
ippo,shock,0,41,1,7,15.0,15,0,17,17,zero,
ippo,shock,0,41,2,7,20.0,20,0,0,0,zero,
ippo,shock,0,42,0,7,1.0,0,1,7,7,zero,
ippo,shock,0,42,1,7,8.0,8,0,17,17,zero,
ippo,shock,0,42,2,7,3.0,3,0,20,20,zero,
ippo,shock,0,43,0,6,4.0,4,0,7,7,zero,
ippo,shock,0,43,1,6,4.0,4,0,1,1,zero,
ippo,shock,0,43,2,6,2.0,2,0,20,20,zero,
ippo,shock,0,44,0,6,9.0,9,0,1,1,zero,
ippo,shock,0,44,1,6,5.0,5,0,12,12,zero,
ippo,shock,0,44,2,6,10.0,0,10,2,2,zero,
ippo,shock,0,45,0,5,11.0,11,0,1,1,zero,
ippo,shock,0,45,1,5,21.0,21,0,1,1,zero,
ippo,shock,0,45,2,5,11.0,0,11,2,2,zero,
ippo,shock,0,46,0,5,13.0,13,0,0,0,zero,
ippo,shock,0,46,1,5,38.0,38,0,0,0,zero,
ippo,shock,0,46,2,5,9.0,9,0,0,0,zero,
ippo,shock,0,47,0,5,15.0,15,0,8,8,zero,
ippo,shock,0,47,1,5,31.0,31,0,0,0,zero,
ippo,shock,0,47,2,5,29.0,29,0,0,0,zero,
ippo,shock,0,48,0,6,10.0,10,0,3,3,zero,
ippo,shock,0,48,1,6,30.0,30,0,1,1,zero,
ippo,shock,0,48,2,6,30.0,30,0,0,0,zero,
ippo,shock,0,49,0,6,5.0,5,0,11,11,zero,
ippo,shock,0,49,1,6,19.0,19,0,1,1,zero,
ippo,shock,0,49,2,6,31.0,31,0,0,0,zero,
ippo,shock,0,50,0,5,-0.0,0,0,7,7,zero,
ippo,shock,0,50,1,5,23.0,23,0,2,2,zero,
ippo,shock,0,50,2,5,29.0,29,0,0,0,zero,
ippo,shock,0,51,0,5,3.0,3,0,5,5,zero,
ippo,shock,0,51,1,5,18.0,18,0,17,17,zero,
ippo,shock,0,51,2,5,12.0,12,0,0,0,zero,
ippo,shock,0,52,0,6,-0.0,0,0,1,1,zero,
ippo,shock,0,52,1,6,18.0,18,0,1,1,zero,
ippo,shock,0,52,2,6,11.0,11,0,20,20,zero,
ippo,shock,0,53,0,6,5.0,5,0,9,9,zero,
ippo,shock,0,53,1,6,10.0,10,0,1,1,zero,
ippo,shock,0,53,2,6,10.0,10,0,2,2,zero,
ippo,shock,0,54,0,6,6.0,6,0,7,7,zero,
ippo,shock,0,54,1,6,5.0,5,0,1,1,zero,
ippo,shock,0,54,2,6,9.0,9,0,0,0,zero,
ippo,shock,0,55,0,6,5.0,5,0,7,7,zero,
ippo,shock,0,55,1,6,15.0,15,0,12,12,zero,
ippo,shock,0,55,2,6,3.0,0,3,2,2,zero,
ippo,shock,0,56,0,7,1.0,0,1,5,5,zero,
ippo,shock,0,56,1,7,11.0,11,0,12,12,zero,
ippo,shock,0,56,2,7,5.0,5,0,20,20,zero,
ippo,shock,0,57,0,7,1.0,1,0,11,11,zero,
ippo,shock,0,57,1,7,1.0,1,0,1,1,zero,
ippo,shock,0,57,2,7,6.0,6,0,19,19,zero,
ippo,shock,0,58,0,8,-0.0,0,0,11,11,zero,
ippo,shock,0,58,1,8,9.0,0,9,12,12,zero,
ippo,shock,0,58,2,8,6.0,0,6,0,0,zero,
ippo,shock,0,59,0,8,1.0,0,1,11,11,zero,
ippo,shock,0,59,1,8,11.0,0,11,17,17,zero,
ippo,shock,0,59,2,8,21.0,0,21,2,2,zero,
ippo,shock,0,60,0,9,5.0,0,5,11,11,zero,
ippo,shock,0,60,1,9,7.0,0,7,17,17,zero,
ippo,shock,0,60,2,9,18.0,0,18,20,20,zero,
ippo,shock,0,61,0,9,3.0,0,3,11,11,zero,
ippo,shock,0,61,1,9,17.0,0,17,17,17,zero,
ippo,shock,0,61,2,9,16.0,0,16,20,20,zero,
ippo,shock,0,62,0,10,11.0,0,11,11,11,zero,
ippo,shock,0,62,1,10,22.0,0,22,12,12,zero,
ippo,shock,0,62,2,10,28.0,0,28,20,20,zero,
ippo,shock,0,63,0,11,13.0,0,13,11,11,zero,
ippo,shock,0,63,1,11,31.0,0,31,17,17,zero,
ippo,shock,0,63,2,11,43.0,0,43,13,13,zero,
ippo,shock,0,64,0,12,10.0,0,10,17,17,zero,
ippo,shock,0,64,1,12,28.0,0,28,12,12,zero,
ippo,shock,0,64,2,12,35.0,0,35,20,20,zero,
ippo,shock,0,65,0,11,20.0,0,20,17,17,zero,
ippo,shock,0,65,1,11,26.0,0,26,17,17,zero,
ippo,shock,0,65,2,11,32.0,0,32,20,20,zero,
ippo,shock,0,66,0,12,26.0,0,26,11,11,zero,
ippo,shock,0,66,1,12,37.0,0,37,17,17,zero,
ippo,shock,0,66,2,12,29.0,0,29,20,20,zero,
ippo,shock,0,67,0,12,36.0,0,36,11,11,zero,
ippo,shock,0,67,1,12,46.0,0,46,12,12,zero,
ippo,shock,0,67,2,12,28.0,0,28,20,20,zero,
ippo,shock,0,68,0,10,26.0,0,26,11,11,zero,
ippo,shock,0,68,1,10,37.0,0,37,0,0,zero,
ippo,shock,0,68,2,10,8.0,0,8,20,20,zero,
ippo,shock,0,69,0,10,17.0,0,17,11,11,zero,
ippo,shock,0,69,1,10,28.0,0,28,0,0,zero,
ippo,shock,0,69,2,10,12.0,12,0,0,0,zero,
ippo,shock,0,70,0,11,28.0,0,28,11,11,zero,
ippo,shock,0,70,1,11,19.0,0,19,16,16,zero,
ippo,shock,0,70,2,11,16.0,16,0,0,0,zero,
ippo,shock,0,71,0,11,37.0,0,37,7,7,zero,
ippo,shock,0,71,1,11,13.0,0,13,3,3,zero,
ippo,shock,0,71,2,11,33.0,33,0,14,14,zero,
ippo,shock,0,72,0,11,28.0,0,28,11,11,zero,
ippo,shock,0,72,1,11,4.0,0,4,3,3,zero,
ippo,shock,0,72,2,11,50.0,50,0,0,0,zero,
ippo,shock,0,73,0,12,20.0,0,20,7,7,zero,
ippo,shock,0,73,1,12,3.0,0,3,19,19,zero,
ippo,shock,0,73,2,12,31.0,31,0,0,0,zero,
ippo,shock,0,74,0,13,13.0,0,13,11,11,zero,
ippo,shock,0,74,1,13,2.0,2,0,20,20,zero,
ippo,shock,0,74,2,13,11.0,11,0,17,17,zero,
ippo,shock,0,75,0,13,13.0,0,13,11,11,zero,
ippo,shock,0,75,1,13,6.0,0,6,12,12,zero,
ippo,shock,0,75,2,13,13.0,13,0,20,20,zero,
ippo,shock,0,76,0,13,6.0,0,6,11,11,zero,
ippo,shock,0,76,1,13,14.0,0,14,12,12,zero,
ippo,shock,0,76,2,13,1.0,1,0,2,2,zero,
ippo,shock,0,77,0,12,10.0,0,10,17,17,zero,
ippo,shock,0,77,1,12,12.0,0,12,12,12,zero,
ippo,shock,0,77,2,12,11.0,0,11,19,19,zero,
ippo,shock,0,78,0,9,5.0,0,5,17,17,zero,
ippo,shock,0,78,1,9,9.0,0,9,20,20,zero,
ippo,shock,0,78,2,9,14.0,0,14,19,19,zero,
ippo,shock,0,79,0,9,9.0,0,9,7,7,zero,
ippo,shock,0,79,1,9,4.0,0,4,20,20,zero,
ippo,shock,0,79,2,9,14.0,0,14,20,20,zero,
ippo,shock,0,80,0,11,17.0,0,17,7,7,zero,
ippo,shock,0,80,1,11,1.0,1,0,20,20,zero,
ippo,shock,0,80,2,11,32.0,0,32,20,20,zero,
ippo,shock,0,81,0,10,8.0,0,8,11,11,zero,
ippo,shock,0,81,1,10,9.0,0,9,12,12,zero,
ippo,shock,0,81,2,10,25.0,0,25,20,20,zero,
ippo,shock,0,82,0,11,1.0,1,0,11,11,zero,
ippo,shock,0,82,1,11,3.0,0,3,6,6,zero,
ippo,shock,0,82,2,11,12.0,0,12,2,2,zero,
ippo,shock,0,83,0,11,2.0,2,0,11,11,zero,
ippo,shock,0,83,1,11,6.0,6,0,3,3,zero,
ippo,shock,0,83,2,11,5.0,5,0,0,0,zero,
ippo,shock,0,84,0,11,2.0,2,0,11,11,zero,
ippo,shock,0,84,1,11,3.0,0,3,2,2,zero,
ippo,shock,0,84,2,11,23.0,23,0,0,0,zero,
ippo,shock,0,85,0,12,8.0,0,8,11,11,zero,
ippo,shock,0,85,1,12,5.0,5,0,8,8,zero,
ippo,shock,0,85,2,12,35.0,35,0,0,0,zero,
ippo,shock,0,86,0,12,3.0,0,3,11,11,zero,
ippo,shock,0,86,1,12,13.0,13,0,12,12,zero,
ippo,shock,0,86,2,12,25.0,25,0,14,14,zero,
ippo,shock,0,87,0,12,1.0,0,1,17,17,zero,
ippo,shock,0,87,1,12,11.0,11,0,12,12,zero,
ippo,shock,0,87,2,12,13.0,13,0,17,17,zero,
ippo,shock,0,88,0,14,7.0,0,7,11,11,zero,
ippo,shock,0,88,1,14,2.0,2,0,18,18,zero,
ippo,shock,0,88,2,14,5.0,0,5,2,2,zero,
ippo,shock,0,89,0,20,13.0,0,13,17,17,zero,
ippo,shock,0,89,1,20,7.0,0,7,18,18,zero,
ippo,shock,0,89,2,20,23.0,0,23,19,19,zero,
ippo,shock,0,90,0,20,22.0,0,22,17,17,zero,
ippo,shock,0,90,1,20,12.0,0,12,18,18,zero,
ippo,shock,0,90,2,20,27.0,0,27,20,20,zero,
ippo,shock,0,91,0,20,25.0,0,25,17,17,zero,91
ippo,shock,0,91,1,20,17.0,0,17,18,18,zero,91
ippo,shock,0,91,2,20,28.0,0,28,20,20,zero,91
ippo,shock,0,92,0,20,34.0,0,34,17,17,zero,91
ippo,shock,0,92,1,20,21.0,0,21,18,18,zero,91
ippo,shock,0,92,2,20,44.0,0,44,20,20,zero,91
ippo,shock,0,93,0,20,44.0,0,44,17,17,zero,91
ippo,shock,0,93,1,20,38.0,0,38,20,20,zero,91
ippo,shock,0,93,2,20,45.0,0,45,20,20,zero,91
ippo,shock,0,94,0,20,52.0,0,52,17,17,zero,91
ippo,shock,0,94,1,20,41.0,0,41,20,20,zero,91
ippo,shock,0,94,2,20,45.0,0,45,20,20,zero,91
ippo,shock,0,95,0,15,55.0,0,55,17,17,zero,91
ippo,shock,0,95,1,15,41.0,0,41,20,20,zero,91
ippo,shock,0,95,2,15,45.0,0,45,20,20,zero,91
ippo,shock,0,96,0,15,57.0,0,57,17,17,zero,91
ippo,shock,0,96,1,15,56.0,0,56,20,20,zero,91
ippo,shock,0,96,2,15,45.0,0,45,20,20,zero,91
ippo,shock,0,97,0,15,72.0,0,72,18,18,zero,91
ippo,shock,0,97,1,15,55.0,0,55,20,20,zero,91
ippo,shock,0,97,2,15,45.0,0,45,20,20,zero,91
ippo,shock,0,98,0,15,73.0,0,73,18,18,zero,91
ippo,shock,0,98,1,15,53.0,0,53,20,20,zero,91
ippo,shock,0,98,2,15,45.0,0,45,20,20,zero,91
ippo,shock,0,99,0,15,71.0,0,71,18,18,zero,91
ippo,shock,0,99,1,15,51.0,0,51,20,20,zero,91
ippo,shock,0,99,2,15,45.0,0,45,20,20,zero,91
ippo,shock,0,100,0,17,86.0,0,86,18,18,zero,91
ippo,shock,0,100,1,17,49.0,0,49,20,20,zero,91
ippo,shock,0,100,2,17,45.0,0,45,20,20,zero,91
ippo,shock,0,101,0,18,85.0,0,85,18,18,zero,91
ippo,shock,0,101,1,18,47.0,0,47,20,20,zero,91
ippo,shock,0,101,2,18,45.0,0,45,20,20,zero,91
ippo,shock,0,102,0,20,85.0,0,85,18,18,zero,91
ippo,shock,0,102,1,20,45.0,0,45,20,20,zero,91
ippo,shock,0,102,2,20,45.0,0,45,20,20,zero,91
ippo,shock,0,103,0,20,85.0,0,85,18,18,zero,91
ippo,shock,0,103,1,20,43.0,0,43,20,20,zero,91
ippo,shock,0,103,2,20,45.0,0,45,20,20,zero,91
ippo,shock,0,104,0,18,83.0,0,83,18,18,zero,91
ippo,shock,0,104,1,18,41.0,0,41,20,20,zero,91
ippo,shock,0,104,2,18,45.0,0,45,20,20,zero,91
ippo,shock,0,105,0,17,80.0,0,80,18,18,zero,91
ippo,shock,0,105,1,17,39.0,0,39,20,20,zero,91
ippo,shock,0,105,2,17,45.0,0,45,20,20,zero,91
ippo,shock,0,106,0,18,78.0,0,78,18,18,zero,91
ippo,shock,0,106,1,18,37.0,0,37,20,20,zero,91
ippo,shock,0,106,2,18,45.0,0,45,20,20,zero,91
ippo,shock,0,107,0,20,78.0,0,78,18,18,zero,91
ippo,shock,0,107,1,20,35.0,0,35,20,20,zero,91
ippo,shock,0,107,2,20,45.0,0,45,20,20,zero,91
ippo,shock,0,108,0,20,78.0,0,78,18,18,zero,91
ippo,shock,0,108,1,20,33.0,0,33,20,20,zero,91
ippo,shock,0,108,2,20,45.0,0,45,20,20,zero,91
ippo,shock,0,109,0,13,71.0,0,71,18,18,zero,91
ippo,shock,0,109,1,13,31.0,0,31,20,20,zero,91
ippo,shock,0,109,2,13,45.0,0,45,20,20,zero,91
ippo,shock,0,110,0,13,64.0,0,64,18,18,zero,91
ippo,shock,0,110,1,13,29.0,0,29,20,20,zero,91
ippo,shock,0,110,2,13,45.0,0,45,20,20,zero,91
ippo,shock,0,111,0,12,56.0,0,56,18,18,zero,91
ippo,shock,0,111,1,12,27.0,0,27,20,20,zero,91
ippo,shock,0,111,2,12,45.0,0,45,20,20,zero,91
ippo,shock,0,112,0,13,49.0,0,49,18,18,zero,91
ippo,shock,0,112,1,13,25.0,0,25,20,20,zero,91
ippo,shock,0,112,2,13,45.0,0,45,20,20,zero,91
ippo,shock,0,113,0,13,42.0,0,42,18,18,zero,91
ippo,shock,0,113,1,13,23.0,0,23,20,20,zero,91
ippo,shock,0,113,2,13,45.0,0,45,20,20,zero,91
ippo,shock,0,114,0,10,32.0,0,32,18,18,zero,91
ippo,shock,0,114,1,10,21.0,0,21,20,20,zero,91
ippo,shock,0,114,2,10,45.0,0,45,20,20,zero,91
ippo,shock,0,115,0,11,23.0,0,23,18,18,zero,91
ippo,shock,0,115,1,11,19.0,0,19,20,20,zero,91
ippo,shock,0,115,2,11,45.0,0,45,20,20,zero,91
ippo,shock,0,116,0,10,13.0,0,13,3,3,zero,91
ippo,shock,0,116,1,10,2.0,0,2,20,20,zero,91
ippo,shock,0,116,2,10,45.0,0,45,20,20,zero,91
ippo,shock,0,117,0,9,2.0,0,2,3,3,zero,91
ippo,shock,0,117,1,9,15.0,15,0,3,3,zero,91
ippo,shock,0,117,2,9,28.0,0,28,20,20,zero,91
ippo,shock,0,118,0,9,9.0,9,0,3,3,zero,91
ippo,shock,0,118,1,9,32.0,32,0,0,0,zero,91
ippo,shock,0,118,2,9,8.0,0,8,20,20,zero,91
ippo,shock,0,119,0,10,19.0,19,0,1,1,zero,91
ippo,shock,0,119,1,10,51.0,51,0,3,3,zero,91
ippo,shock,0,119,2,10,9.0,9,0,0,0,zero,91
ippo,shock,0,120,0,10,29.0,29,0,11,11,zero,91
ippo,shock,0,120,1,10,60.0,60,0,3,3,zero,91
ippo,shock,0,120,2,10,26.0,26,0,0,0,zero,91
ippo,shock,0,121,0,10,24.0,24,0,3,3,zero,91
ippo,shock,0,121,1,10,77.0,77,0,3,3,zero,91
ippo,shock,0,121,2,10,43.0,43,0,0,0,zero,91
ippo,shock,0,122,0,10,17.0,17,0,11,11,zero,91
ippo,shock,0,122,1,10,86.0,86,0,3,3,zero,91
ippo,shock,0,122,2,10,60.0,60,0,0,0,zero,91
ippo,shock,0,123,0,10,8.0,8,0,11,11,zero,91
ippo,shock,0,123,1,10,86.0,86,0,2,2,zero,91
ippo,shock,0,123,2,10,58.0,58,0,0,0,zero,91
ippo,shock,0,124,0,12,7.0,7,0,11,11,zero,91
ippo,shock,0,124,1,12,78.0,78,0,2,2,zero,91
ippo,shock,0,124,2,12,56.0,56,0,0,0,zero,91
ippo,shock,0,125,0,12,2.0,0,2,17,17,zero,91
ippo,shock,0,125,1,12,64.0,64,0,2,2,zero,91
ippo,shock,0,125,2,12,54.0,54,0,0,0,zero,91
ippo,shock,0,126,0,14,5.0,0,5,17,17,zero,91
ippo,shock,0,126,1,14,50.0,50,0,18,18,zero,91
ippo,shock,0,126,2,14,36.0,36,0,0,0,zero,91
ippo,shock,0,127,0,13,7.0,0,7,17,17,zero,91
ippo,shock,0,127,1,13,35.0,35,0,18,18,zero,91
ippo,shock,0,127,2,13,18.0,18,0,16,16,zero,91
ippo,shock,0,128,0,14,10.0,0,10,11,11,zero,91
ippo,shock,0,128,1,14,26.0,26,0,17,17,zero,91
ippo,shock,0,128,2,14,1.0,1,0,20,20,zero,91
ippo,shock,0,129,0,13,6.0,0,6,11,11,zero,91
ippo,shock,0,129,1,13,17.0,17,0,7,7,zero,91
ippo,shock,0,129,2,13,6.0,0,6,20,20,zero,91
ippo,shock,0,130,0,14,3.0,0,3,11,11,zero,91
ippo,shock,0,130,1,14,24.0,24,0,17,17,zero,91
ippo,shock,0,130,2,14,23.0,0,23,2,2,zero,91
ippo,shock,0,131,0,14,-0.0,0,0,17,17,zero,91
ippo,shock,0,131,1,14,25.0,25,0,17,17,zero,91
ippo,shock,0,131,2,14,24.0,0,24,20,20,zero,91
ippo,shock,0,132,0,12,1.0,0,1,17,17,zero,91
ippo,shock,0,132,1,12,25.0,25,0,12,12,zero,91
ippo,shock,0,132,2,12,16.0,0,16,20,20,zero,91
ippo,shock,0,133,0,12,2.0,0,2,11,11,zero,91
ippo,shock,0,133,1,12,15.0,15,0,12,12,zero,91
ippo,shock,0,133,2,12,8.0,0,8,20,20,zero,91
ippo,shock,0,134,0,12,3.0,0,3,11,11,zero,91
ippo,shock,0,134,1,12,4.0,4,0,12,12,zero,91
ippo,shock,0,134,2,12,18.0,0,18,20,20,zero,91
ippo,shock,0,135,0,14,-0.0,0,0,11,11,zero,91
ippo,shock,0,135,1,14,9.0,9,0,12,12,zero,91
ippo,shock,0,135,2,14,10.0,0,10,0,0,zero,91
ippo,shock,0,136,0,13,4.0,4,0,17,17,zero,91
ippo,shock,0,136,1,13,12.0,12,0,6,6,zero,91
ippo,shock,0,136,2,13,4.0,4,0,14,14,zero,91
ippo,shock,0,137,0,14,1.0,1,0,17,17,zero,91
ippo,shock,0,137,1,14,15.0,15,0,12,12,zero,91
ippo,shock,0,137,2,14,12.0,12,0,2,2,zero,91
ippo,shock,0,138,0,15,3.0,0,3,17,17,zero,91
ippo,shock,0,138,1,15,-0.0,0,0,18,18,zero,91
ippo,shock,0,138,2,15,14.0,14,0,20,20,zero,91
ippo,shock,0,139,0,18,10.0,0,10,17,17,zero,91
ippo,shock,0,139,1,18,3.0,3,0,18,18,zero,91
ippo,shock,0,139,2,18,4.0,0,4,20,20,zero,91
ippo,shock,0,140,0,20,13.0,0,13,17,17,zero,91
ippo,shock,0,140,1,20,2.0,2,0,18,18,zero,91
ippo,shock,0,140,2,20,8.0,0,8,20,20,zero,91
ippo,shock,0,141,0,20,16.0,0,16,17,17,zero,91
ippo,shock,0,141,1,20,3.0,0,3,18,18,zero,91
ippo,shock,0,141,2,20,24.0,0,24,20,20,zero,91
ippo,shock,0,142,0,20,19.0,0,19,17,17,zero,91
ippo,shock,0,142,1,20,2.0,0,2,18,18,zero,91
ippo,shock,0,142,2,20,22.0,0,22,20,20,zero,91
ippo,shock,0,143,0,20,22.0,0,22,17,17,zero,91
ippo,shock,0,143,1,20,5.0,0,5,18,18,zero,91
ippo,shock,0,143,2,20,20.0,0,20,20,20,zero,91
ippo,shock,0,144,0,20,25.0,0,25,17,17,zero,91
ippo,shock,0,144,1,20,8.0,0,8,18,18,zero,91
ippo,shock,0,144,2,20,18.0,0,18,2,2,zero,91
ippo,shock,0,145,0,20,31.0,0,31,17,17,zero,91
ippo,shock,0,145,1,20,23.0,0,23,20,20,zero,91
ippo,shock,0,145,2,20,18.0,0,18,20,20,zero,91
ippo,shock,0,146,0,20,33.0,0,33,17,17,zero,91
ippo,shock,0,146,1,20,20.0,0,20,20,20,zero,91
ippo,shock,0,146,2,20,18.0,0,18,20,20,zero,91
ippo,shock,0,147,0,19,38.0,0,38,17,17,zero,91
ippo,shock,0,147,1,19,17.0,0,17,20,20,zero,91
ippo,shock,0,147,2,19,18.0,0,18,20,20,zero,91
ippo,shock,0,148,0,19,43.0,0,43,18,18,zero,91
ippo,shock,0,148,1,19,15.0,0,15,20,20,zero,91
ippo,shock,0,148,2,19,36.0,0,36,20,20,zero,91
ippo,shock,0,149,0,18,59.0,0,59,18,18,zero,91
ippo,shock,0,149,1,18,13.0,0,13,20,20,zero,91
ippo,shock,0,149,2,18,36.0,0,36,20,20,zero,91
ippo,shock,0,150,0,20,59.0,0,59,18,18,zero,91
ippo,shock,0,150,1,20,11.0,0,11,20,20,zero,91
ippo,shock,0,150,2,20,36.0,0,36,20,20,zero,91
ippo,shock,0,151,0,20,59.0,0,59,18,18,zero,91
ippo,shock,0,151,1,20,9.0,0,9,20,20,zero,91
ippo,shock,0,151,2,20,36.0,0,36,20,20,zero,91
ippo,shock,0,152,0,20,59.0,0,59,18,18,zero,91
ippo,shock,0,152,1,20,25.0,0,25,20,20,zero,91
ippo,shock,0,152,2,20,36.0,0,36,20,20,zero,91
ippo,shock,0,153,0,20,59.0,0,59,18,18,zero,91
ippo,shock,0,153,1,20,23.0,0,23,20,20,zero,91
ippo,shock,0,153,2,20,36.0,0,36,20,20,zero,91
ippo,shock,0,154,0,20,59.0,0,59,18,18,zero,91
ippo,shock,0,154,1,20,21.0,0,21,20,20,zero,91
ippo,shock,0,154,2,20,36.0,0,36,20,20,zero,91
ippo,shock,0,155,0,20,59.0,0,59,18,18,zero,91
ippo,shock,0,155,1,20,19.0,0,19,20,20,zero,91
ippo,shock,0,155,2,20,36.0,0,36,20,20,zero,91
ippo,shock,0,156,0,20,77.0,0,77,18,18,zero,91
ippo,shock,0,156,1,20,17.0,0,17,20,20,zero,91
ippo,shock,0,156,2,20,36.0,0,36,20,20,zero,91
ippo,shock,0,157,0,20,77.0,0,77,18,18,zero,91
ippo,shock,0,157,1,20,15.0,0,15,20,20,zero,91
ippo,shock,0,157,2,20,36.0,0,36,20,20,zero,91
ippo,shock,0,158,0,20,77.0,0,77,18,18,zero,91
ippo,shock,0,158,1,20,13.0,0,13,20,20,zero,91
ippo,shock,0,158,2,20,36.0,0,36,20,20,zero,91
ippo,shock,0,159,0,20,77.0,0,77,18,18,zero,91
ippo,shock,0,159,1,20,11.0,0,11,20,20,zero,91
ippo,shock,0,159,2,20,36.0,0,36,20,20,zero,91
ippo,shock,0,160,0,20,77.0,0,77,18,18,zero,91
ippo,shock,0,160,1,20,9.0,0,9,20,20,zero,91
ippo,shock,0,160,2,20,36.0,0,36,20,20,zero,91
ippo,shock,0,161,0,20,77.0,0,77,18,18,zero,91
ippo,shock,0,161,1,20,7.0,0,7,20,20,zero,91
ippo,shock,0,161,2,20,36.0,0,36,20,20,zero,91
ippo,shock,0,162,0,19,76.0,0,76,18,18,zero,91
ippo,shock,0,162,1,19,5.0,0,5,20,20,zero,91
ippo,shock,0,162,2,19,36.0,0,36,20,20,zero,91
ippo,shock,0,163,0,18,74.0,0,74,18,18,zero,91
ippo,shock,0,163,1,18,3.0,0,3,20,20,zero,91
ippo,shock,0,163,2,18,36.0,0,36,20,20,zero,91
ippo,shock,0,164,0,19,73.0,0,73,18,18,zero,91
ippo,shock,0,164,1,19,1.0,0,1,20,20,zero,91
ippo,shock,0,164,2,19,36.0,0,36,20,20,zero,91
ippo,shock,0,165,0,20,73.0,0,73,18,18,zero,91
ippo,shock,0,165,1,20,1.0,1,0,20,20,zero,91
ippo,shock,0,165,2,20,36.0,0,36,20,20,zero,91
ippo,shock,0,166,0,19,72.0,0,72,18,18,zero,91
ippo,shock,0,166,1,19,3.0,3,0,20,20,zero,91
ippo,shock,0,166,2,19,36.0,0,36,20,20,zero,91
ippo,shock,0,167,0,19,71.0,0,71,18,18,zero,91
ippo,shock,0,167,1,19,5.0,5,0,20,20,zero,91
ippo,shock,0,167,2,19,36.0,0,36,20,20,zero,91
ippo,shock,0,168,0,20,71.0,0,71,18,18,zero,91
ippo,shock,0,168,1,20,7.0,7,0,20,20,zero,91
ippo,shock,0,168,2,20,36.0,0,36,20,20,zero,91
ippo,shock,0,169,0,20,72.0,0,72,18,18,zero,91
ippo,shock,0,169,1,20,9.0,9,0,18,18,zero,91
ippo,shock,0,169,2,20,34.0,0,34,20,20,zero,91
ippo,shock,0,170,0,20,74.0,0,74,18,18,zero,91
ippo,shock,0,170,1,20,11.0,11,0,18,18,zero,91
ippo,shock,0,170,2,20,32.0,0,32,20,20,zero,91
ippo,shock,0,171,0,20,76.0,0,76,18,18,zero,91
ippo,shock,0,171,1,20,13.0,13,0,18,18,zero,91
ippo,shock,0,171,2,20,30.0,0,30,20,20,zero,91
ippo,shock,0,172,0,20,78.0,0,78,18,18,zero,91
ippo,shock,0,172,1,20,15.0,15,0,12,12,zero,91
ippo,shock,0,172,2,20,22.0,0,22,20,20,zero,91
ippo,shock,0,173,0,20,80.0,0,80,18,18,zero,91
ippo,shock,0,173,1,20,17.0,17,0,12,12,zero,91
ippo,shock,0,173,2,20,14.0,0,14,20,20,zero,91
ippo,shock,0,174,0,20,82.0,0,82,18,18,zero,91
ippo,shock,0,174,1,20,19.0,19,0,12,12,zero,91
ippo,shock,0,174,2,20,6.0,0,6,4,4,zero,91
ippo,shock,0,175,0,20,84.0,0,84,18,18,zero,91
ippo,shock,0,175,1,20,21.0,21,0,12,12,zero,91
ippo,shock,0,175,2,20,2.0,2,0,14,14,zero,91
ippo,shock,0,176,0,20,86.0,0,86,18,18,zero,91
ippo,shock,0,176,1,20,23.0,23,0,12,12,zero,91
ippo,shock,0,176,2,20,10.0,10,0,20,20,zero,91
ippo,shock,0,177,0,20,88.0,0,88,18,18,zero,91
ippo,shock,0,177,1,20,25.0,25,0,12,12,zero,91
ippo,shock,0,177,2,20,18.0,18,0,20,20,zero,91
ippo,shock,0,178,0,20,90.0,0,90,18,18,zero,91
ippo,shock,0,178,1,20,27.0,27,0,18,18,zero,91
ippo,shock,0,178,2,20,4.0,4,0,20,20,zero,91
ippo,shock,0,179,0,20,92.0,0,92,18,18,zero,91
ippo,shock,0,179,1,20,27.0,27,0,12,12,zero,91
ippo,shock,0,179,2,20,6.0,6,0,19,19,zero,91
ippo,shock,0,180,0,20,94.0,0,94,18,18,zero,91
ippo,shock,0,180,1,20,21.0,21,0,18,18,zero,91
ippo,shock,0,180,2,20,8.0,8,0,2,2,zero,91
ippo,shock,0,181,0,20,96.0,0,96,18,18,zero,91
ippo,shock,0,181,1,20,15.0,15,0,18,18,zero,91
ippo,shock,0,181,2,20,10.0,10,0,19,19,zero,91
ippo,shock,0,182,0,20,98.0,0,98,18,18,zero,91
ippo,shock,0,182,1,20,15.0,15,0,18,18,zero,91
ippo,shock,0,182,2,20,12.0,12,0,19,19,zero,91
ippo,shock,0,183,0,17,97.0,0,97,18,18,zero,91
ippo,shock,0,183,1,17,9.0,9,0,18,18,zero,91
ippo,shock,0,183,2,17,13.0,13,0,19,19,zero,91
ippo,shock,0,184,0,16,95.0,0,95,18,18,zero,91
ippo,shock,0,184,1,16,9.0,9,0,18,18,zero,91
ippo,shock,0,184,2,16,3.0,0,3,19,19,zero,91
ippo,shock,0,185,0,16,93.0,0,93,18,18,zero,91
ippo,shock,0,185,1,16,9.0,9,0,18,18,zero,91
ippo,shock,0,185,2,16,2.0,0,2,19,19,zero,91
ippo,shock,0,186,0,17,92.0,0,92,18,18,zero,91
ippo,shock,0,186,1,17,9.0,9,0,18,18,zero,91
ippo,shock,0,186,2,17,1.0,0,1,19,19,zero,91
ippo,shock,0,187,0,18,92.0,0,92,18,18,zero,91
ippo,shock,0,187,1,18,9.0,9,0,18,18,zero,91
ippo,shock,0,187,2,18,-0.0,0,0,2,2,zero,91
ippo,shock,0,188,0,20,94.0,0,94,18,18,zero,91
ippo,shock,0,188,1,20,6.0,6,0,18,18,zero,91
ippo,shock,0,188,2,20,1.0,1,0,19,19,zero,91
ippo,shock,0,189,0,17,93.0,0,93,18,18,zero,91
ippo,shock,0,189,1,17,7.0,7,0,18,18,zero,91
ippo,shock,0,189,2,17,2.0,2,0,19,19,zero,91
ippo,shock,0,190,0,17,92.0,0,92,18,18,zero,91
ippo,shock,0,190,1,17,8.0,8,0,18,18,zero,91
ippo,shock,0,190,2,17,3.0,3,0,19,19,zero,91
ippo,shock,0,191,0,16,90.0,0,90,18,18,zero,91
ippo,shock,0,191,1,16,9.0,9,0,20,20,zero,91
ippo,shock,0,191,2,16,15.0,0,15,19,19,zero,91
ippo,shock,0,192,0,17,89.0,0,89,18,18,zero,91
ippo,shock,0,192,1,17,9.0,9,0,20,20,zero,91
ippo,shock,0,192,2,17,16.0,0,16,19,19,zero,91
ippo,shock,0,193,0,17,88.0,0,88,18,18,zero,91
ippo,shock,0,193,1,17,9.0,9,0,20,20,zero,91
ippo,shock,0,193,2,17,17.0,0,17,17,17,zero,91
ippo,shock,0,194,0,20,90.0,0,90,18,18,zero,91
ippo,shock,0,194,1,20,9.0,9,0,20,20,zero,91
ippo,shock,0,194,2,20,18.0,0,18,17,17,zero,91
ippo,shock,0,195,0,20,92.0,0,92,18,18,zero,91
ippo,shock,0,195,1,20,4.0,0,4,20,20,zero,91
ippo,shock,0,195,2,20,19.0,0,19,20,20,zero,91
ippo,shock,0,196,0,20,94.0,0,94,18,18,zero,91
ippo,shock,0,196,1,20,3.0,0,3,20,20,zero,91
ippo,shock,0,196,2,20,20.0,0,20,20,20,zero,91
ippo,shock,0,197,0,20,96.0,0,96,18,18,zero,91
ippo,shock,0,197,1,20,2.0,0,2,20,20,zero,91
ippo,shock,0,197,2,20,23.0,0,23,20,20,zero,91
ippo,shock,0,198,0,20,98.0,0,98,18,18,zero,91
ippo,shock,0,198,1,20,1.0,0,1,20,20,zero,91
ippo,shock,0,198,2,20,26.0,0,26,20,20,zero,91
ippo,shock,0,199,0,20,104.0,0,104,18,18,zero,91
ippo,shock,0,199,1,20,-0.0,0,0,20,20,zero,91
ippo,shock,0,199,2,20,26.0,0,26,20,20,zero,91
ippo,shock,0,200,0,20,105.0,0,105,18,18,zero,91
ippo,shock,0,200,1,20,1.0,1,0,20,20,zero,91
ippo,shock,0,200,2,20,26.0,0,26,20,20,zero,91
ippo,shock,1,1,0,10,10.0,10,0,7,7,zero,
ippo,shock,1,1,1,10,13.0,13,0,18,18,zero,
ippo,shock,1,1,2,10,2.0,2,0,19,19,zero,
ippo,shock,1,2,0,12,8.0,8,0,11,11,zero,
ippo,shock,1,2,1,12,12.0,12,0,3,3,zero,
ippo,shock,1,2,2,12,9.0,9,0,19,19,zero,
ippo,shock,1,3,0,12,6.0,6,0,17,17,zero,
ippo,shock,1,3,1,12,5.0,5,0,12,12,zero,
ippo,shock,1,3,2,12,7.0,7,0,1,1,zero,
ippo,shock,1,4,0,12,4.0,4,0,17,17,zero,
ippo,shock,1,4,1,12,2.0,0,2,18,18,zero,
ippo,shock,1,4,2,12,1.0,0,1,2,2,zero,
ippo,shock,1,5,0,10,1.0,1,0,11,11,zero,
ippo,shock,1,5,1,10,5.0,5,0,18,18,zero,
ippo,shock,1,5,2,10,-0.0,0,0,19,19,zero,
ippo,shock,1,6,0,10,2.0,2,0,7,7,zero,
ippo,shock,1,6,1,10,1.0,1,0,17,17,zero,
ippo,shock,1,6,2,10,2.0,2,0,19,19,zero,
ippo,shock,1,7,0,11,8.0,8,0,7,7,zero,
ippo,shock,1,7,1,11,6.0,6,0,6,6,zero,
ippo,shock,1,7,2,11,3.0,0,3,19,19,zero,
ippo,shock,1,8,0,11,12.0,12,0,11,11,zero,
ippo,shock,1,8,1,11,12.0,12,0,3,3,zero,
ippo,shock,1,8,2,11,4.0,0,4,2,2,zero,
ippo,shock,1,9,0,10,15.0,15,0,11,11,zero,
ippo,shock,1,9,1,10,20.0,20,0,8,8,zero,
ippo,shock,1,9,2,10,7.0,7,0,0,0,zero,
ippo,shock,1,10,0,9,13.0,13,0,7,7,zero,
ippo,shock,1,10,1,9,30.0,30,0,6,6,zero,
ippo,shock,1,10,2,9,20.0,20,0,0,0,zero,
ippo,shock,1,11,0,9,11.0,11,0,3,3,zero,
ippo,shock,1,11,1,9,30.0,30,0,2,2,zero,
ippo,shock,1,11,2,9,37.0,37,0,2,2,zero,
ippo,shock,1,12,0,12,10.0,10,0,7,7,zero,
ippo,shock,1,12,1,12,25.0,25,0,2,2,zero,
ippo,shock,1,12,2,12,37.0,37,0,0,0,zero,
ippo,shock,1,13,0,11,10.0,10,0,17,17,zero,
ippo,shock,1,13,1,11,20.0,20,0,2,2,zero,
ippo,shock,1,13,2,11,35.0,35,0,0,0,zero,
ippo,shock,1,14,0,11,6.0,6,0,17,17,zero,
ippo,shock,1,14,1,11,9.0,9,0,17,17,zero,
ippo,shock,1,14,2,11,18.0,18,0,0,0,zero,
ippo,shock,1,15,0,11,2.0,0,2,11,11,zero,
ippo,shock,1,15,1,11,-0.0,0,0,18,18,zero,
ippo,shock,1,15,2,11,2.0,2,0,20,20,zero,
ippo,shock,1,16,0,11,6.0,0,6,7,7,zero,
ippo,shock,1,16,1,11,5.0,0,5,17,17,zero,
ippo,shock,1,16,2,11,15.0,0,15,20,20,zero,
ippo,shock,1,17,0,11,-0.0,0,0,11,11,zero,
ippo,shock,1,17,1,11,14.0,0,14,17,17,zero,
ippo,shock,1,17,2,11,32.0,0,32,20,20,zero,
ippo,shock,1,18,0,12,5.0,5,0,11,11,zero,
ippo,shock,1,18,1,12,8.0,0,8,17,17,zero,
ippo,shock,1,18,2,12,49.0,0,49,2,2,zero,
ippo,shock,1,19,0,12,4.0,4,0,17,17,zero,
ippo,shock,1,19,1,12,7.0,0,7,17,17,zero,
ippo,shock,1,19,2,12,46.0,0,46,20,20,zero,
ippo,shock,1,20,0,11,5.0,0,5,17,17,zero,
ippo,shock,1,20,1,11,22.0,0,22,17,17,zero,
ippo,shock,1,20,2,11,43.0,0,43,20,20,zero,
ippo,shock,1,21,0,12,15.0,0,15,11,11,zero,
ippo,shock,1,21,1,12,33.0,0,33,17,17,zero,
ippo,shock,1,21,2,12,40.0,0,40,20,20,zero,
ippo,shock,1,22,0,13,11.0,0,11,11,11,zero,
ippo,shock,1,22,1,13,44.0,0,44,17,17,zero,
ippo,shock,1,22,2,13,55.0,0,55,20,20,zero,
ippo,shock,1,23,0,12,5.0,0,5,17,17,zero,
ippo,shock,1,23,1,12,41.0,0,41,4,4,zero,
ippo,shock,1,23,2,12,39.0,0,39,20,20,zero,
ippo,shock,1,24,0,12,15.0,0,15,17,17,zero,
ippo,shock,1,24,1,12,38.0,0,38,19,19,zero,
ippo,shock,1,24,2,12,38.0,0,38,20,20,zero,
ippo,shock,1,25,0,11,26.0,0,26,17,17,zero,
ippo,shock,1,25,1,11,35.0,0,35,20,20,zero,
ippo,shock,1,25,2,11,38.0,0,38,20,20,zero,
ippo,shock,1,26,0,10,36.0,0,36,11,11,zero,
ippo,shock,1,26,1,10,44.0,0,44,20,20,zero,
ippo,shock,1,26,2,10,38.0,0,38,20,20,zero,
ippo,shock,1,27,0,10,26.0,0,26,7,7,zero,
ippo,shock,1,27,1,10,31.0,0,31,0,0,zero,
ippo,shock,1,27,2,10,18.0,0,18,20,20,zero,
ippo,shock,1,28,0,9,15.0,0,15,7,7,zero,
ippo,shock,1,28,1,9,18.0,0,18,0,0,zero,
ippo,shock,1,28,2,9,2.0,2,0,20,20,zero,
ippo,shock,1,29,0,10,5.0,0,5,7,7,zero,
ippo,shock,1,29,1,10,5.0,0,5,3,3,zero,
ippo,shock,1,29,2,10,19.0,19,0,0,0,zero,
ippo,shock,1,30,0,9,12.0,0,12,1,1,zero,
ippo,shock,1,30,1,9,14.0,14,0,3,3,zero,
ippo,shock,1,30,2,9,36.0,36,0,0,0,zero,
ippo,shock,1,31,0,10,2.0,0,2,3,3,zero,
ippo,shock,1,31,1,10,31.0,31,0,3,3,zero,
ippo,shock,1,31,2,10,53.0,53,0,0,0,zero,
ippo,shock,1,32,0,10,8.0,8,0,7,7,zero,
ippo,shock,1,32,1,10,42.0,42,0,3,3,zero,
ippo,shock,1,32,2,10,70.0,70,0,0,0,zero,
ippo,shock,1,33,0,9,19.0,19,0,9,9,zero,
ippo,shock,1,33,1,9,36.0,36,0,2,2,zero,
ippo,shock,1,33,2,9,68.0,68,0,0,0,zero,
ippo,shock,1,34,0,9,16.0,16,0,11,11,zero,
ippo,shock,1,34,1,9,28.0,28,0,19,19,zero,
ippo,shock,1,34,2,9,49.0,49,0,0,0,zero,
ippo,shock,1,35,0,9,10.0,10,0,7,7,zero,
ippo,shock,1,35,1,9,24.0,24,0,18,18,zero,
ippo,shock,1,35,2,9,31.0,31,0,2,2,zero,
ippo,shock,1,36,0,8,9.0,9,0,7,7,zero,
ippo,shock,1,36,1,8,20.0,20,0,2,2,zero,
ippo,shock,1,36,2,8,29.0,29,0,20,20,zero,
ippo,shock,1,37,0,8,10.0,10,0,3,3,zero,
ippo,shock,1,37,1,8,19.0,19,0,8,8,zero,
ippo,shock,1,37,2,8,21.0,21,0,2,2,zero,
ippo,shock,1,38,0,8,13.0,13,0,9,9,zero,
ippo,shock,1,38,1,8,29.0,29,0,3,3,zero,
ippo,shock,1,38,2,8,18.0,18,0,2,2,zero,
ippo,shock,1,39,0,8,12.0,12,0,7,7,zero,
ippo,shock,1,39,1,8,40.0,40,0,3,3,zero,
ippo,shock,1,39,2,8,17.0,17,0,2,2,zero,
ippo,shock,1,40,0,7,12.0,12,0,11,11,zero,
ippo,shock,1,40,1,7,31.0,31,0,2,2,zero,
ippo,shock,1,40,2,7,35.0,35,0,2,2,zero,
ippo,shock,1,41,0,8,7.0,7,0,3,3,zero,
ippo,shock,1,41,1,8,36.0,36,0,18,18,zero,
ippo,shock,1,41,2,8,19.0,19,0,2,2,zero,
ippo,shock,1,42,0,7,9.0,9,0,9,9,zero,
ippo,shock,1,42,1,7,30.0,30,0,2,2,zero,
ippo,shock,1,42,2,7,19.0,19,0,20,20,zero,
ippo,shock,1,43,0,7,9.0,9,0,1,1,zero,
ippo,shock,1,43,1,7,32.0,32,0,2,2,zero,
ippo,shock,1,43,2,7,19.0,19,0,2,2,zero,
ippo,shock,1,44,0,7,13.0,13,0,9,9,zero,
ippo,shock,1,44,1,7,25.0,25,0,2,2,zero,
ippo,shock,1,44,2,7,19.0,19,0,2,2,zero,
ippo,shock,1,45,0,7,9.0,9,0,3,3,zero,
ippo,shock,1,45,1,7,40.0,40,0,3,3,zero,
ippo,shock,1,45,2,7,18.0,18,0,2,2,zero,
ippo,shock,1,46,0,8,10.0,10,0,11,11,zero,
ippo,shock,1,46,1,8,31.0,31,0,1,1,zero,
ippo,shock,1,46,2,8,37.0,37,0,2,2,zero,
ippo,shock,1,47,0,8,3.0,3,0,11,11,zero,
ippo,shock,1,47,1,8,22.0,22,0,2,2,zero,
ippo,shock,1,47,2,8,37.0,37,0,0,0,zero,
ippo,shock,1,48,0,7,5.0,5,0,11,11,zero,
ippo,shock,1,48,1,7,13.0,13,0,17,17,zero,
ippo,shock,1,48,2,7,22.0,22,0,0,0,zero,
ippo,shock,1,49,0,8,-0.0,0,0,7,7,zero,
ippo,shock,1,49,1,8,9.0,9,0,17,17,zero,
ippo,shock,1,49,2,8,7.0,7,0,20,20,zero,
ippo,shock,1,50,0,7,4.0,4,0,7,7,zero,
ippo,shock,1,50,1,7,3.0,3,0,17,17,zero,
ippo,shock,1,50,2,7,8.0,0,8,20,20,zero,
ippo,shock,1,51,0,8,7.0,7,0,7,7,zero,
ippo,shock,1,51,1,8,2.0,0,2,2,2,zero,
ippo,shock,1,51,2,8,10.0,0,10,19,19,zero,
ippo,shock,1,52,0,7,11.0,11,0,9,9,zero,
ippo,shock,1,52,1,7,6.0,6,0,2,2,zero,
ippo,shock,1,52,2,7,12.0,0,12,2,2,zero,
ippo,shock,1,53,0,7,11.0,11,0,1,1,zero,
ippo,shock,1,53,1,7,22.0,22,0,17,17,zero,
ippo,shock,1,53,2,7,9.0,0,9,0,0,zero,
ippo,shock,1,54,0,7,11.0,11,0,3,3,zero,
ippo,shock,1,54,1,7,28.0,28,0,2,2,zero,
ippo,shock,1,54,2,7,9.0,9,0,17,17,zero,
ippo,shock,1,55,0,6,10.0,10,0,1,1,zero,
ippo,shock,1,55,1,6,27.0,27,0,0,0,zero,
ippo,shock,1,55,2,6,28.0,28,0,0,0,zero,
ippo,shock,1,56,0,6,15.0,15,0,11,11,zero,
ippo,shock,1,56,1,6,16.0,16,0,1,1,zero,
ippo,shock,1,56,2,6,29.0,29,0,0,0,zero,
ippo,shock,1,57,0,5,11.0,11,0,3,3,zero,
ippo,shock,1,57,1,5,33.0,33,0,5,5,zero,
ippo,shock,1,57,2,5,24.0,24,0,0,0,zero,
ippo,shock,1,58,0,5,9.0,9,0,1,1,zero,
ippo,shock,1,58,1,5,43.0,43,0,1,1,zero,
ippo,shock,1,58,2,5,40.0,40,0,0,0,zero,
ippo,shock,1,59,0,4,6.0,6,0,0,0,zero,
ippo,shock,1,59,1,4,43.0,43,0,1,1,zero,
ippo,shock,1,59,2,4,39.0,39,0,0,0,zero,
ippo,shock,1,60,0,4,13.0,13,0,0,0,zero,
ippo,shock,1,60,1,4,44.0,44,0,1,1,zero,
ippo,shock,1,60,2,4,38.0,38,0,0,0,zero,
ippo,shock,1,61,0,4,12.0,12,0,3,3,zero,
ippo,shock,1,61,1,4,46.0,46,0,0,0,zero,
ippo,shock,1,61,2,4,38.0,38,0,0,0,zero,
ippo,shock,1,62,0,5,8.0,8,0,3,3,zero,
ippo,shock,1,62,1,5,44.0,44,0,1,1,zero,
ippo,shock,1,62,2,5,37.0,37,0,0,0,zero,
ippo,shock,1,63,0,5,3.0,3,0,11,11,zero,
ippo,shock,1,63,1,5,34.0,34,0,1,1,zero,
ippo,shock,1,63,2,5,36.0,36,0,0,0,zero,
ippo,shock,1,64,0,4,1.0,0,1,7,7,zero,
ippo,shock,1,64,1,4,28.0,28,0,1,1,zero,
ippo,shock,1,64,2,4,35.0,35,0,0,0,zero,
ippo,shock,1,65,0,4,2.0,0,2,3,3,zero,
ippo,shock,1,65,1,4,25.0,25,0,2,2,zero,
ippo,shock,1,65,2,4,33.0,33,0,0,0,zero,
ippo,shock,1,66,0,4,3.0,0,3,1,1,zero,
ippo,shock,1,66,1,4,25.0,25,0,1,1,zero,
ippo,shock,1,66,2,4,32.0,32,0,0,0,zero,
ippo,shock,1,67,0,4,4.0,4,0,1,1,zero,
ippo,shock,1,67,1,4,25.0,25,0,1,1,zero,
ippo,shock,1,67,2,4,31.0,31,0,0,0,zero,
ippo,shock,1,68,0,4,7.0,7,0,1,1,zero,
ippo,shock,1,68,1,4,25.0,25,0,1,1,zero,
ippo,shock,1,68,2,4,30.0,30,0,0,0,zero,
ippo,shock,1,69,0,4,6.0,6,0,11,11,zero,
ippo,shock,1,69,1,4,16.0,16,0,1,1,zero,
ippo,shock,1,69,2,4,29.0,29,0,0,0,zero,
ippo,shock,1,70,0,4,3.0,3,0,3,3,zero,
ippo,shock,1,70,1,4,14.0,14,0,1,1,zero,
ippo,shock,1,70,2,4,28.0,28,0,0,0,zero,
ippo,shock,1,71,0,3,1.0,1,0,1,1,zero,
ippo,shock,1,71,1,3,14.0,14,0,1,1,zero,
ippo,shock,1,71,2,3,27.0,27,0,0,0,zero,
ippo,shock,1,72,0,3,1.0,0,1,1,1,zero,
ippo,shock,1,72,1,3,14.0,14,0,1,1,zero,
ippo,shock,1,72,2,3,26.0,26,0,0,0,zero,
ippo,shock,1,73,0,3,7.0,7,0,1,1,zero,
ippo,shock,1,73,1,3,14.0,14,0,1,1,zero,
ippo,shock,1,73,2,3,25.0,25,0,0,0,zero,
ippo,shock,1,74,0,3,7.0,7,0,1,1,zero,
ippo,shock,1,74,1,3,14.0,14,0,1,1,zero,
ippo,shock,1,74,2,3,24.0,24,0,0,0,zero,
ippo,shock,1,75,0,3,5.0,5,0,3,3,zero,
ippo,shock,1,75,1,3,12.0,12,0,1,1,zero,
ippo,shock,1,75,2,3,23.0,23,0,0,0,zero,
ippo,shock,1,76,0,2,4.0,4,0,5,5,zero,
ippo,shock,1,76,1,2,8.0,8,0,1,1,zero,
ippo,shock,1,76,2,2,22.0,22,0,0,0,zero,
ippo,shock,1,77,0,3,2.0,2,0,0,0,zero,
ippo,shock,1,77,1,3,9.0,9,0,1,1,zero,
ippo,shock,1,77,2,3,21.0,21,0,0,0,zero,
ippo,shock,1,78,0,3,-0.0,0,0,1,1,zero,
ippo,shock,1,78,1,3,9.0,9,0,1,1,zero,
ippo,shock,1,78,2,3,20.0,20,0,0,0,zero,
ippo,shock,1,79,0,4,1.0,0,1,5,5,zero,
ippo,shock,1,79,1,4,5.0,5,0,1,1,zero,
ippo,shock,1,79,2,4,19.0,19,0,0,0,zero,
ippo,shock,1,80,0,4,-0.0,0,0,11,11,zero,
ippo,shock,1,80,1,4,5.0,0,5,1,1,zero,
ippo,shock,1,80,2,4,18.0,18,0,0,0,zero,
ippo,shock,1,81,0,4,4.0,0,4,11,11,zero,81
ippo,shock,1,81,1,4,15.0,0,15,17,17,zero,81
ippo,shock,1,81,2,4,1.0,1,0,0,0,zero,81
ippo,shock,1,82,0,3,6.0,0,6,7,7,zero,81
ippo,shock,1,82,1,3,21.0,0,21,17,17,zero,81
ippo,shock,1,82,2,3,16.0,0,16,20,20,zero,81
ippo,shock,1,83,0,4,5.0,0,5,7,7,zero,81
ippo,shock,1,83,1,4,27.0,0,27,17,17,zero,81
ippo,shock,1,83,2,4,33.0,0,33,20,20,zero,81
ippo,shock,1,84,0,4,3.0,0,3,11,11,zero,81
ippo,shock,1,84,1,4,37.0,0,37,17,17,zero,81
ippo,shock,1,84,2,4,50.0,0,50,20,20,zero,81
ippo,shock,1,85,0,3,5.0,0,5,11,11,zero,81
ippo,shock,1,85,1,3,31.0,0,31,17,17,zero,81
ippo,shock,1,85,2,3,67.0,0,67,20,20,zero,81
ippo,shock,1,86,0,3,7.0,0,7,7,7,zero,81
ippo,shock,1,86,1,3,37.0,0,37,17,17,zero,81
ippo,shock,1,86,2,3,64.0,0,64,20,20,zero,81
ippo,shock,1,87,0,3,9.0,0,9,1,1,zero,81
ippo,shock,1,87,1,3,38.0,0,38,12,12,zero,81
ippo,shock,1,87,2,3,56.0,0,56,20,20,zero,81
ippo,shock,1,88,0,2,10.0,0,10,1,1,zero,81
ippo,shock,1,88,1,2,39.0,0,39,0,0,zero,81
ippo,shock,1,88,2,2,36.0,0,36,20,20,zero,81
ippo,shock,1,89,0,2,5.0,5,0,0,0,zero,81
ippo,shock,1,89,1,2,39.0,0,39,0,0,zero,81
ippo,shock,1,89,2,2,16.0,0,16,4,4,zero,81
ippo,shock,1,90,0,2,4.0,4,0,1,1,zero,81
ippo,shock,1,90,1,2,20.0,0,20,0,0,zero,81
ippo,shock,1,90,2,2,4.0,4,0,0,0,zero,81
ippo,shock,1,91,0,2,2.0,2,0,0,0,zero,81
ippo,shock,1,91,1,2,-0.0,0,0,0,0,zero,81
ippo,shock,1,91,2,2,24.0,24,0,0,0,zero,81
ippo,shock,1,92,0,2,-0.0,0,0,0,0,zero,81
ippo,shock,1,92,1,2,20.0,20,0,0,0,zero,81
ippo,shock,1,92,2,2,44.0,44,0,0,0,zero,81
ippo,shock,1,93,0,3,3.0,0,3,0,0,zero,81
ippo,shock,1,93,1,3,40.0,40,0,3,3,zero,81
ippo,shock,1,93,2,3,45.0,45,0,0,0,zero,81
ippo,shock,1,94,0,2,15.0,15,0,0,0,zero,81
ippo,shock,1,94,1,2,56.0,56,0,0,0,zero,81
ippo,shock,1,94,2,2,45.0,45,0,0,0,zero,81
ippo,shock,1,95,0,3,32.0,32,0,0,0,zero,81
ippo,shock,1,95,1,3,56.0,56,0,0,0,zero,81
ippo,shock,1,95,2,3,45.0,45,0,0,0,zero,81
ippo,shock,1,96,0,2,30.0,30,0,3,3,zero,81
ippo,shock,1,96,1,2,53.0,53,0,0,0,zero,81
ippo,shock,1,96,2,2,45.0,45,0,0,0,zero,81
ippo,shock,1,97,0,2,28.0,28,0,0,0,zero,81
ippo,shock,1,97,1,2,56.0,56,0,1,1,zero,81
ippo,shock,1,97,2,2,44.0,44,0,0,0,zero,81
ippo,shock,1,98,0,2,26.0,26,0,0,0,zero,81
ippo,shock,1,98,1,2,56.0,56,0,0,0,zero,81
ippo,shock,1,98,2,2,44.0,44,0,0,0,zero,81
ippo,shock,1,99,0,2,24.0,24,0,0,0,zero,81
ippo,shock,1,99,1,2,56.0,56,0,0,0,zero,81
ippo,shock,1,99,2,2,44.0,44,0,0,0,zero,81
ippo,shock,1,100,0,2,25.0,25,0,0,0,zero,81
ippo,shock,1,100,1,2,56.0,56,0,0,0,zero,81
ippo,shock,1,100,2,2,44.0,44,0,0,0,zero,81
ippo,shock,1,101,0,2,23.0,23,0,1,1,zero,81
ippo,shock,1,101,1,2,56.0,56,0,0,0,zero,81
ippo,shock,1,101,2,2,44.0,44,0,0,0,zero,81
ippo,shock,1,102,0,3,20.0,20,0,0,0,zero,81
ippo,shock,1,102,1,3,56.0,56,0,0,0,zero,81
ippo,shock,1,102,2,3,44.0,44,0,0,0,zero,81
ippo,shock,1,103,0,3,17.0,17,0,1,1,zero,81
ippo,shock,1,103,1,3,55.0,55,0,0,0,zero,81
ippo,shock,1,103,2,3,44.0,44,0,0,0,zero,81
ippo,shock,1,104,0,3,14.0,14,0,0,0,zero,81
ippo,shock,1,104,1,3,55.0,55,0,0,0,zero,81
ippo,shock,1,104,2,3,44.0,44,0,0,0,zero,81
ippo,shock,1,105,0,2,13.0,13,0,1,1,zero,81
ippo,shock,1,105,1,2,54.0,54,0,0,0,zero,81
ippo,shock,1,105,2,2,44.0,44,0,0,0,zero,81
ippo,shock,1,106,0,3,10.0,10,0,0,0,zero,81
ippo,shock,1,106,1,3,54.0,54,0,0,0,zero,81
ippo,shock,1,106,2,3,44.0,44,0,0,0,zero,81
ippo,shock,1,107,0,2,9.0,9,0,3,3,zero,81
ippo,shock,1,107,1,2,51.0,51,0,0,0,zero,81
ippo,shock,1,107,2,2,44.0,44,0,0,0,zero,81
ippo,shock,1,108,0,2,7.0,7,0,0,0,zero,81
ippo,shock,1,108,1,2,51.0,51,0,0,0,zero,81
ippo,shock,1,108,2,2,44.0,44,0,0,0,zero,81
ippo,shock,1,109,0,2,6.0,6,0,0,0,zero,81
ippo,shock,1,109,1,2,51.0,51,0,0,0,zero,81
ippo,shock,1,109,2,2,44.0,44,0,0,0,zero,81
ippo,shock,1,110,0,2,4.0,4,0,0,0,zero,81
ippo,shock,1,110,1,2,51.0,51,0,0,0,zero,81
ippo,shock,1,110,2,2,44.0,44,0,0,0,zero,81
ippo,shock,1,111,0,2,5.0,5,0,1,1,zero,81
ippo,shock,1,111,1,2,50.0,50,0,0,0,zero,81
ippo,shock,1,111,2,2,44.0,44,0,0,0,zero,81
ippo,shock,1,112,0,2,3.0,3,0,1,1,zero,81
ippo,shock,1,112,1,2,49.0,49,0,0,0,zero,81
ippo,shock,1,112,2,2,44.0,44,0,0,0,zero,81
ippo,shock,1,113,0,2,1.0,1,0,5,5,zero,81
ippo,shock,1,113,1,2,44.0,44,0,0,0,zero,81
ippo,shock,1,113,2,2,44.0,44,0,0,0,zero,81
ippo,shock,1,114,0,2,1.0,0,1,1,1,zero,81
ippo,shock,1,114,1,2,43.0,43,0,1,1,zero,81
ippo,shock,1,114,2,2,43.0,43,0,0,0,zero,81
ippo,shock,1,115,0,3,3.0,0,3,1,1,zero,81
ippo,shock,1,115,1,3,42.0,42,0,0,0,zero,81
ippo,shock,1,115,2,3,43.0,43,0,0,0,zero,81
ippo,shock,1,116,0,2,4.0,0,4,9,9,zero,81
ippo,shock,1,116,1,2,33.0,33,0,0,0,zero,81
ippo,shock,1,116,2,2,43.0,43,0,0,0,zero,81
ippo,shock,1,117,0,2,1.0,0,1,1,1,zero,81
ippo,shock,1,117,1,2,32.0,32,0,1,1,zero,81
ippo,shock,1,117,2,2,42.0,42,0,0,0,zero,81
ippo,shock,1,118,0,2,2.0,0,2,1,1,zero,81
ippo,shock,1,118,1,2,32.0,32,0,1,1,zero,81
ippo,shock,1,118,2,2,41.0,41,0,0,0,zero,81
ippo,shock,1,119,0,2,3.0,0,3,1,1,zero,81
ippo,shock,1,119,1,2,31.0,31,0,1,1,zero,81
ippo,shock,1,119,2,2,40.0,40,0,0,0,zero,81
ippo,shock,1,120,0,2,4.0,4,0,0,0,zero,81
ippo,shock,1,120,1,2,31.0,31,0,0,0,zero,81
ippo,shock,1,120,2,2,40.0,40,0,0,0,zero,81
ippo,shock,1,121,0,3,2.0,2,0,1,1,zero,81
ippo,shock,1,121,1,3,31.0,31,0,0,0,zero,81
ippo,shock,1,121,2,3,40.0,40,0,0,0,zero,81
ippo,shock,1,122,0,3,-0.0,0,0,11,11,zero,81
ippo,shock,1,122,1,3,21.0,21,0,0,0,zero,81
ippo,shock,1,122,2,3,40.0,40,0,0,0,zero,81
ippo,shock,1,123,0,3,2.0,0,2,7,7,zero,81
ippo,shock,1,123,1,3,15.0,15,0,1,1,zero,81
ippo,shock,1,123,2,3,39.0,39,0,0,0,zero,81
ippo,shock,1,124,0,3,5.0,0,5,1,1,zero,81
ippo,shock,1,124,1,3,14.0,14,0,1,1,zero,81
ippo,shock,1,124,2,3,38.0,38,0,0,0,zero,81
ippo,shock,1,125,0,2,6.0,0,6,1,1,zero,81
ippo,shock,1,125,1,2,13.0,13,0,1,1,zero,81
ippo,shock,1,125,2,2,37.0,37,0,0,0,zero,81
ippo,shock,1,126,0,2,3.0,3,0,0,0,zero,81
ippo,shock,1,126,1,2,13.0,13,0,1,1,zero,81
ippo,shock,1,126,2,2,36.0,36,0,0,0,zero,81
ippo,shock,1,127,0,2,8.0,8,0,0,0,zero,81
ippo,shock,1,127,1,2,14.0,14,0,1,1,zero,81
ippo,shock,1,127,2,2,35.0,35,0,0,0,zero,81
ippo,shock,1,128,0,2,7.0,7,0,0,0,zero,81
ippo,shock,1,128,1,2,15.0,15,0,0,0,zero,81
ippo,shock,1,128,2,2,35.0,35,0,0,0,zero,81
ippo,shock,1,129,0,1,7.0,7,0,1,1,zero,81
ippo,shock,1,129,1,1,15.0,15,0,0,0,zero,81
ippo,shock,1,129,2,1,35.0,35,0,0,0,zero,81
ippo,shock,1,130,0,1,6.0,6,0,0,0,zero,81
ippo,shock,1,130,1,1,16.0,16,0,0,0,zero,81
ippo,shock,1,130,2,1,35.0,35,0,0,0,zero,81
ippo,shock,1,131,0,1,5.0,5,0,0,0,zero,81
ippo,shock,1,131,1,1,17.0,17,0,0,0,zero,81
ippo,shock,1,131,2,1,35.0,35,0,0,0,zero,81
ippo,shock,1,132,0,1,4.0,4,0,0,0,zero,81
ippo,shock,1,132,1,1,17.0,17,0,0,0,zero,81
ippo,shock,1,132,2,1,35.0,35,0,0,0,zero,81
ippo,shock,1,133,0,1,4.0,4,0,0,0,zero,81
ippo,shock,1,133,1,1,17.0,17,0,0,0,zero,81
ippo,shock,1,133,2,1,35.0,35,0,0,0,zero,81
ippo,shock,1,134,0,1,3.0,3,0,0,0,zero,81
ippo,shock,1,134,1,1,17.0,17,0,0,0,zero,81
ippo,shock,1,134,2,1,35.0,35,0,0,0,zero,81
ippo,shock,1,135,0,1,2.0,2,0,0,0,zero,81
ippo,shock,1,135,1,1,17.0,17,0,0,0,zero,81
ippo,shock,1,135,2,1,35.0,35,0,0,0,zero,81
ippo,shock,1,136,0,1,1.0,1,0,1,1,zero,81
ippo,shock,1,136,1,1,16.0,16,0,0,0,zero,81
ippo,shock,1,136,2,1,35.0,35,0,0,0,zero,81
ippo,shock,1,137,0,1,-0.0,0,0,1,1,zero,81
ippo,shock,1,137,1,1,15.0,15,0,0,0,zero,81
ippo,shock,1,137,2,1,35.0,35,0,0,0,zero,81
ippo,shock,1,138,0,1,1.0,0,1,1,1,zero,81
ippo,shock,1,138,1,1,14.0,14,0,0,0,zero,81
ippo,shock,1,138,2,1,35.0,35,0,0,0,zero,81
ippo,shock,1,139,0,1,2.0,0,2,1,1,zero,81
ippo,shock,1,139,1,1,13.0,13,0,1,1,zero,81
ippo,shock,1,139,2,1,34.0,34,0,0,0,zero,81
ippo,shock,1,140,0,1,2.0,0,2,1,1,zero,81
ippo,shock,1,140,1,1,12.0,12,0,1,1,zero,81
ippo,shock,1,140,2,1,33.0,33,0,0,0,zero,81
ippo,shock,1,141,0,1,2.0,0,2,1,1,zero,81
ippo,shock,1,141,1,1,11.0,11,0,1,1,zero,81
ippo,shock,1,141,2,1,32.0,32,0,0,0,zero,81
ippo,shock,1,142,0,1,2.0,0,2,1,1,zero,81
ippo,shock,1,142,1,1,10.0,10,0,1,1,zero,81
ippo,shock,1,142,2,1,31.0,31,0,0,0,zero,81
ippo,shock,1,143,0,1,2.0,0,2,1,1,zero,81
ippo,shock,1,143,1,1,10.0,10,0,1,1,zero,81
ippo,shock,1,143,2,1,30.0,30,0,0,0,zero,81
ippo,shock,1,144,0,1,2.0,0,2,1,1,zero,81
ippo,shock,1,144,1,1,10.0,10,0,1,1,zero,81
ippo,shock,1,144,2,1,29.0,29,0,0,0,zero,81
ippo,shock,1,145,0,1,2.0,0,2,1,1,zero,81
ippo,shock,1,145,1,1,10.0,10,0,1,1,zero,81
ippo,shock,1,145,2,1,28.0,28,0,0,0,zero,81
ippo,shock,1,146,0,1,2.0,0,2,1,1,zero,81
ippo,shock,1,146,1,1,10.0,10,0,1,1,zero,81
ippo,shock,1,146,2,1,27.0,27,0,0,0,zero,81
ippo,shock,1,147,0,1,2.0,0,2,1,1,zero,81
ippo,shock,1,147,1,1,10.0,10,0,1,1,zero,81
ippo,shock,1,147,2,1,26.0,26,0,0,0,zero,81
ippo,shock,1,148,0,1,2.0,0,2,1,1,zero,81
ippo,shock,1,148,1,1,10.0,10,0,1,1,zero,81
ippo,shock,1,148,2,1,25.0,25,0,0,0,zero,81
ippo,shock,1,149,0,1,2.0,0,2,1,1,zero,81
ippo,shock,1,149,1,1,10.0,10,0,1,1,zero,81
ippo,shock,1,149,2,1,24.0,24,0,0,0,zero,81
ippo,shock,1,150,0,1,2.0,0,2,1,1,zero,81
ippo,shock,1,150,1,1,10.0,10,0,1,1,zero,81
ippo,shock,1,150,2,1,23.0,23,0,0,0,zero,81
ippo,shock,1,151,0,1,2.0,0,2,1,1,zero,81
ippo,shock,1,151,1,1,10.0,10,0,1,1,zero,81
ippo,shock,1,151,2,1,22.0,22,0,0,0,zero,81
ippo,shock,1,152,0,1,2.0,0,2,1,1,zero,81
ippo,shock,1,152,1,1,10.0,10,0,1,1,zero,81
ippo,shock,1,152,2,1,21.0,21,0,0,0,zero,81
ippo,shock,1,153,0,1,2.0,0,2,1,1,zero,81
ippo,shock,1,153,1,1,10.0,10,0,1,1,zero,81
ippo,shock,1,153,2,1,20.0,20,0,0,0,zero,81
ippo,shock,1,154,0,1,2.0,0,2,1,1,zero,81
ippo,shock,1,154,1,1,10.0,10,0,1,1,zero,81
ippo,shock,1,154,2,1,19.0,19,0,0,0,zero,81
ippo,shock,1,155,0,1,2.0,0,2,1,1,zero,81
ippo,shock,1,155,1,1,10.0,10,0,1,1,zero,81
ippo,shock,1,155,2,1,18.0,18,0,0,0,zero,81
ippo,shock,1,156,0,1,2.0,0,2,1,1,zero,81
ippo,shock,1,156,1,1,10.0,10,0,1,1,zero,81
ippo,shock,1,156,2,1,17.0,17,0,0,0,zero,81
ippo,shock,1,157,0,2,3.0,0,3,1,1,zero,81
ippo,shock,1,157,1,2,10.0,10,0,1,1,zero,81
ippo,shock,1,157,2,2,16.0,16,0,0,0,zero,81
ippo,shock,1,158,0,2,4.0,0,4,5,5,zero,81
ippo,shock,1,158,1,2,6.0,6,0,1,1,zero,81
ippo,shock,1,158,2,2,15.0,15,0,0,0,zero,81
ippo,shock,1,159,0,2,5.0,0,5,1,1,zero,81
ippo,shock,1,159,1,2,6.0,6,0,1,1,zero,81
ippo,shock,1,159,2,2,14.0,14,0,0,0,zero,81
ippo,shock,1,160,0,2,6.0,0,6,1,1,zero,81
ippo,shock,1,160,1,2,6.0,6,0,1,1,zero,81
ippo,shock,1,160,2,2,13.0,13,0,0,0,zero,81
ippo,shock,1,161,0,2,7.0,0,7,1,1,zero,81
ippo,shock,1,161,1,2,6.0,6,0,1,1,zero,81
ippo,shock,1,161,2,2,12.0,12,0,0,0,zero,81
ippo,shock,1,162,0,2,4.0,0,4,1,1,zero,81
ippo,shock,1,162,1,2,6.0,6,0,1,1,zero,81
ippo,shock,1,162,2,2,11.0,11,0,0,0,zero,81
ippo,shock,1,163,0,1,4.0,0,4,5,5,zero,81
ippo,shock,1,163,1,1,2.0,2,0,1,1,zero,81
ippo,shock,1,163,2,1,10.0,10,0,0,0,zero,81
ippo,shock,1,164,0,2,5.0,0,5,1,1,zero,81
ippo,shock,1,164,1,2,2.0,2,0,17,17,zero,81
ippo,shock,1,164,2,2,7.0,0,7,2,2,zero,81
ippo,shock,1,165,0,2,6.0,0,6,1,1,zero,81
ippo,shock,1,165,1,2,2.0,2,0,1,1,zero,81
ippo,shock,1,165,2,2,8.0,0,8,20,20,zero,81
ippo,shock,1,166,0,2,7.0,0,7,1,1,zero,81
ippo,shock,1,166,1,2,2.0,2,0,1,1,zero,81
ippo,shock,1,166,2,2,9.0,0,9,6,6,zero,81
ippo,shock,1,167,0,2,4.0,0,4,1,1,zero,81
ippo,shock,1,167,1,2,2.0,2,0,1,1,zero,81
ippo,shock,1,167,2,2,10.0,0,10,0,0,zero,81
ippo,shock,1,168,0,2,5.0,0,5,5,5,zero,81
ippo,shock,1,168,1,2,7.0,7,0,1,1,zero,81
ippo,shock,1,168,2,2,9.0,0,9,0,0,zero,81
ippo,shock,1,169,0,1,5.0,0,5,1,1,zero,81
ippo,shock,1,169,1,1,6.0,6,0,1,1,zero,81
ippo,shock,1,169,2,1,10.0,10,0,0,0,zero,81
ippo,shock,1,170,0,1,5.0,0,5,0,0,zero,81
ippo,shock,1,170,1,1,6.0,6,0,1,1,zero,81
ippo,shock,1,170,2,1,15.0,15,0,0,0,zero,81
ippo,shock,1,171,0,2,6.0,0,6,1,1,zero,81
ippo,shock,1,171,1,2,5.0,5,0,1,1,zero,81
ippo,shock,1,171,2,2,14.0,14,0,0,0,zero,81
ippo,shock,1,172,0,2,3.0,0,3,1,1,zero,81
ippo,shock,1,172,1,2,6.0,6,0,1,1,zero,81
ippo,shock,1,172,2,2,13.0,13,0,2,2,zero,81
ippo,shock,1,173,0,2,4.0,0,4,5,5,zero,81
ippo,shock,1,173,1,2,11.0,11,0,1,1,zero,81
ippo,shock,1,173,2,2,12.0,12,0,2,2,zero,81
ippo,shock,1,174,0,2,6.0,0,6,1,1,zero,81
ippo,shock,1,174,1,2,11.0,11,0,1,1,zero,81
ippo,shock,1,174,2,2,11.0,11,0,0,0,zero,81
ippo,shock,1,175,0,2,7.0,0,7,1,1,zero,81
ippo,shock,1,175,1,2,11.0,11,0,1,1,zero,81
ippo,shock,1,175,2,2,10.0,10,0,2,2,zero,81
ippo,shock,1,176,0,1,7.0,0,7,3,3,zero,81
ippo,shock,1,176,1,1,9.0,9,0,1,1,zero,81
ippo,shock,1,176,2,1,11.0,11,0,2,2,zero,81
ippo,shock,1,177,0,1,3.0,0,3,0,0,zero,81
ippo,shock,1,177,1,1,10.0,10,0,1,1,zero,81
ippo,shock,1,177,2,1,12.0,12,0,2,2,zero,81
ippo,shock,1,178,0,1,3.0,0,3,1,1,zero,81
ippo,shock,1,178,1,1,10.0,10,0,1,1,zero,81
ippo,shock,1,178,2,1,11.0,11,0,0,0,zero,81
ippo,shock,1,179,0,1,3.0,0,3,1,1,zero,81
ippo,shock,1,179,1,1,10.0,10,0,1,1,zero,81
ippo,shock,1,179,2,1,12.0,12,0,2,2,zero,81
ippo,shock,1,180,0,1,1.0,0,1,1,1,zero,81
ippo,shock,1,180,1,1,10.0,10,0,1,1,zero,81
ippo,shock,1,180,2,1,13.0,13,0,2,2,zero,81
ippo,shock,1,181,0,1,2.0,0,2,1,1,zero,81
ippo,shock,1,181,1,1,10.0,10,0,1,1,zero,81
ippo,shock,1,181,2,1,14.0,14,0,0,0,zero,81
ippo,shock,1,182,0,1,2.0,0,2,1,1,zero,81
ippo,shock,1,182,1,1,10.0,10,0,1,1,zero,81
ippo,shock,1,182,2,1,13.0,13,0,0,0,zero,81
ippo,shock,1,183,0,1,2.0,0,2,1,1,zero,81
ippo,shock,1,183,1,1,10.0,10,0,1,1,zero,81
ippo,shock,1,183,2,1,14.0,14,0,2,2,zero,81
ippo,shock,1,184,0,2,3.0,0,3,1,1,zero,81
ippo,shock,1,184,1,2,10.0,10,0,1,1,zero,81
ippo,shock,1,184,2,2,15.0,15,0,2,2,zero,81
ippo,shock,1,185,0,2,4.0,0,4,5,5,zero,81
ippo,shock,1,185,1,2,6.0,6,0,1,1,zero,81
ippo,shock,1,185,2,2,14.0,14,0,0,0,zero,81
ippo,shock,1,186,0,2,5.0,0,5,1,1,zero,81
ippo,shock,1,186,1,2,6.0,6,0,1,1,zero,81
ippo,shock,1,186,2,2,13.0,13,0,0,0,zero,81
ippo,shock,1,187,0,2,6.0,0,6,1,1,zero,81
ippo,shock,1,187,1,2,6.0,6,0,1,1,zero,81
ippo,shock,1,187,2,2,14.0,14,0,2,2,zero,81
ippo,shock,1,188,0,2,7.0,0,7,1,1,zero,81
ippo,shock,1,188,1,2,6.0,6,0,1,1,zero,81
ippo,shock,1,188,2,2,15.0,15,0,2,2,zero,81
ippo,shock,1,189,0,2,4.0,0,4,1,1,zero,81
ippo,shock,1,189,1,2,6.0,6,0,1,1,zero,81
ippo,shock,1,189,2,2,14.0,14,0,0,0,zero,81
ippo,shock,1,190,0,2,5.0,0,5,5,5,zero,81
ippo,shock,1,190,1,2,2.0,2,0,1,1,zero,81
ippo,shock,1,190,2,2,13.0,13,0,0,0,zero,81
ippo,shock,1,191,0,2,6.0,0,6,1,1,zero,81
ippo,shock,1,191,1,2,2.0,2,0,17,17,zero,81
ippo,shock,1,191,2,2,2.0,0,2,2,2,zero,81
ippo,shock,1,192,0,2,7.0,0,7,1,1,zero,81
ippo,shock,1,192,1,2,2.0,2,0,1,1,zero,81
ippo,shock,1,192,2,2,1.0,0,1,20,20,zero,81
ippo,shock,1,193,0,2,8.0,0,8,1,1,zero,81
ippo,shock,1,193,1,2,2.0,2,0,1,1,zero,81
ippo,shock,1,193,2,2,2.0,0,2,6,6,zero,81
ippo,shock,1,194,0,2,5.0,0,5,1,1,zero,81
ippo,shock,1,194,1,2,2.0,2,0,1,1,zero,81
ippo,shock,1,194,2,2,3.0,0,3,0,0,zero,81
ippo,shock,1,195,0,2,6.0,0,6,7,7,zero,81
ippo,shock,1,195,1,2,10.0,10,0,0,0,zero,81
ippo,shock,1,195,2,2,1.0,0,1,0,0,zero,81
ippo,shock,1,196,0,1,6.0,0,6,1,1,zero,81
ippo,shock,1,196,1,1,11.0,11,0,1,1,zero,81
ippo,shock,1,196,2,1,18.0,18,0,0,0,zero,81
ippo,shock,1,197,0,1,6.0,0,6,0,0,zero,81
ippo,shock,1,197,1,1,11.0,11,0,1,1,zero,81
ippo,shock,1,197,2,1,23.0,23,0,0,0,zero,81
ippo,shock,1,198,0,1,6.0,0,6,1,1,zero,81
ippo,shock,1,198,1,1,10.0,10,0,1,1,zero,81
ippo,shock,1,198,2,1,22.0,22,0,0,0,zero,81
ippo,shock,1,199,0,1,-0.0,0,0,0,0,zero,81
ippo,shock,1,199,1,1,12.0,12,0,1,1,zero,81
ippo,shock,1,199,2,1,21.0,21,0,0,0,zero,81
ippo,shock,1,200,0,1,-0.0,0,0,1,1,zero,81
ippo,shock,1,200,1,1,13.0,13,0,1,1,zero,81
ippo,shock,1,200,2,1,20.0,20,0,0,0,zero,81
ippo,shock,2,1,0,10,10.0,10,0,7,7,zero,
ippo,shock,2,1,1,10,13.0,13,0,18,18,zero,
ippo,shock,2,1,2,10,2.0,2,0,19,19,zero,
ippo,shock,2,2,0,10,10.0,10,0,11,11,zero,
ippo,shock,2,2,1,10,12.0,12,0,3,3,zero,
ippo,shock,2,2,2,10,9.0,9,0,19,19,zero,
ippo,shock,2,3,0,9,11.0,11,0,11,11,zero,
ippo,shock,2,3,1,9,11.0,11,0,12,12,zero,
ippo,shock,2,3,2,9,7.0,7,0,1,1,zero,
ippo,shock,2,4,0,9,12.0,12,0,7,7,zero,
ippo,shock,2,4,1,9,14.0,14,0,12,12,zero,
ippo,shock,2,4,2,9,5.0,5,0,2,2,zero,
ippo,shock,2,5,0,10,9.0,9,0,3,3,zero,
ippo,shock,2,5,1,10,29.0,29,0,2,2,zero,
ippo,shock,2,5,2,10,22.0,22,0,2,2,zero,
ippo,shock,2,6,0,10,10.0,10,0,11,11,zero,
ippo,shock,2,6,1,10,21.0,21,0,1,1,zero,
ippo,shock,2,6,2,10,40.0,40,0,2,2,zero,
ippo,shock,2,7,0,11,10.0,10,0,11,11,zero,
ippo,shock,2,7,1,11,22.0,22,0,17,17,zero,
ippo,shock,2,7,2,11,24.0,24,0,0,0,zero,
ippo,shock,2,8,0,9,8.0,8,0,17,17,zero,
ippo,shock,2,8,1,9,17.0,17,0,2,2,zero,
ippo,shock,2,8,2,9,24.0,24,0,20,20,zero,
ippo,shock,2,9,0,9,2.0,2,0,7,7,zero,
ippo,shock,2,9,1,9,12.0,12,0,17,17,zero,
ippo,shock,2,9,2,9,9.0,9,0,2,2,zero,
ippo,shock,2,10,0,11,2.0,2,0,7,7,zero,
ippo,shock,2,10,1,11,6.0,6,0,12,12,zero,
ippo,shock,2,10,2,11,1.0,0,1,20,20,zero,
ippo,shock,2,11,0,12,1.0,1,0,11,11,zero,
ippo,shock,2,11,1,12,12.0,12,0,1,1,zero,
ippo,shock,2,11,2,12,2.0,0,2,19,19,zero,
ippo,shock,2,12,0,12,6.0,6,0,17,17,zero,
ippo,shock,2,12,1,12,3.0,0,3,17,17,zero,
ippo,shock,2,12,2,12,1.0,1,0,6,6,zero,
ippo,shock,2,13,0,13,-0.0,0,0,17,17,zero,
ippo,shock,2,13,1,13,3.0,0,3,17,17,zero,
ippo,shock,2,13,2,13,14.0,0,14,15,15,zero,
ippo,shock,2,14,0,12,5.0,0,5,17,17,zero,
ippo,shock,2,14,1,12,9.0,0,9,17,17,zero,
ippo,shock,2,14,2,12,11.0,0,11,19,19,zero,
ippo,shock,2,15,0,12,6.0,0,6,11,11,zero,
ippo,shock,2,15,1,12,20.0,0,20,17,17,zero,
ippo,shock,2,15,2,12,9.0,0,9,20,20,zero,
ippo,shock,2,16,0,12,4.0,0,4,11,11,zero,
ippo,shock,2,16,1,12,12.0,0,12,12,12,zero,
ippo,shock,2,16,2,12,15.0,0,15,2,2,zero,
ippo,shock,2,17,0,11,2.0,2,0,11,11,zero,
ippo,shock,2,17,1,11,20.0,0,20,17,17,zero,
ippo,shock,2,17,2,11,17.0,0,17,17,17,zero,
ippo,shock,2,18,0,11,2.0,2,0,11,11,zero,
ippo,shock,2,18,1,11,11.0,0,11,0,0,zero,
ippo,shock,2,18,2,11,2.0,2,0,20,20,zero,
ippo,shock,2,19,0,12,10.0,0,10,10,10,zero,
ippo,shock,2,19,1,12,2.0,0,2,0,0,zero,
ippo,shock,2,19,2,12,22.0,22,0,0,0,zero,
ippo,shock,2,20,0,13,4.0,0,4,11,11,zero,
ippo,shock,2,20,1,13,7.0,0,7,12,12,zero,
ippo,shock,2,20,2,13,12.0,12,0,0,0,zero,
ippo,shock,2,21,0,12,13.0,0,13,11,11,zero,
ippo,shock,2,21,1,12,3.0,0,3,17,17,zero,
ippo,shock,2,21,2,12,12.0,12,0,0,0,zero,
ippo,shock,2,22,0,12,5.0,0,5,11,11,zero,
ippo,shock,2,22,1,12,3.0,3,0,12,12,zero,
ippo,shock,2,22,2,12,20.0,20,0,20,20,zero,
ippo,shock,2,23,0,13,1.0,1,0,11,11,zero,
ippo,shock,2,23,1,13,8.0,0,8,17,17,zero,
ippo,shock,2,23,2,13,3.0,3,0,20,20,zero,
ippo,shock,2,24,0,13,6.0,0,6,17,17,zero,
ippo,shock,2,24,1,13,13.0,0,13,12,12,zero,
ippo,shock,2,24,2,13,9.0,0,9,19,19,zero,
ippo,shock,2,25,0,12,3.0,0,3,17,17,zero,
ippo,shock,2,25,1,12,13.0,0,13,18,18,zero,
ippo,shock,2,25,2,12,27.0,0,27,2,2,zero,
ippo,shock,2,26,0,13,2.0,0,2,17,17,zero,
ippo,shock,2,26,1,13,18.0,0,18,18,18,zero,
ippo,shock,2,26,2,13,25.0,0,25,20,20,zero,
ippo,shock,2,27,0,12,11.0,0,11,17,17,zero,
ippo,shock,2,27,1,12,18.0,0,18,18,18,zero,
ippo,shock,2,27,2,12,23.0,0,23,20,20,zero,
ippo,shock,2,28,0,13,12.0,0,12,11,11,zero,
ippo,shock,2,28,1,13,26.0,0,26,18,18,zero,
ippo,shock,2,28,2,13,22.0,0,22,20,20,zero,
ippo,shock,2,29,0,11,6.0,0,6,11,11,zero,
ippo,shock,2,29,1,11,37.0,0,37,17,17,zero,
ippo,shock,2,29,2,11,37.0,0,37,20,20,zero,
ippo,shock,2,30,0,11,5.0,0,5,11,11,zero,
ippo,shock,2,30,1,11,28.0,0,28,12,12,zero,
ippo,shock,2,30,2,11,29.0,0,29,20,20,zero,
ippo,shock,2,31,0,11,1.0,1,0,11,11,zero,
ippo,shock,2,31,1,11,19.0,0,19,0,0,zero,
ippo,shock,2,31,2,11,9.0,0,9,20,20,zero,
ippo,shock,2,32,0,10,6.0,0,6,17,17,zero,
ippo,shock,2,32,1,10,17.0,0,17,0,0,zero,
ippo,shock,2,32,2,10,11.0,11,0,0,0,zero,
ippo,shock,2,33,0,11,17.0,0,17,7,7,zero,
ippo,shock,2,33,1,11,22.0,0,22,19,19,zero,
ippo,shock,2,33,2,11,12.0,12,0,0,0,zero,
ippo,shock,2,34,0,11,8.0,0,8,7,7,zero,
ippo,shock,2,34,1,11,9.0,0,9,3,3,zero,
ippo,shock,2,34,2,11,29.0,29,0,14,14,zero,
ippo,shock,2,35,0,10,2.0,2,0,7,7,zero,
ippo,shock,2,35,1,10,4.0,4,0,3,3,zero,
ippo,shock,2,35,2,10,46.0,46,0,2,2,zero,
ippo,shock,2,36,0,10,11.0,11,0,7,7,zero,
ippo,shock,2,36,1,10,6.0,6,0,19,19,zero,
ippo,shock,2,36,2,10,27.0,27,0,0,0,zero,
ippo,shock,2,37,0,11,2.0,2,0,1,1,zero,
ippo,shock,2,37,1,11,24.0,24,0,6,6,zero,
ippo,shock,2,37,2,11,21.0,21,0,17,17,zero,
ippo,shock,2,38,0,11,11.0,11,0,9,9,zero,
ippo,shock,2,38,1,11,18.0,18,0,3,3,zero,
ippo,shock,2,38,2,11,32.0,32,0,2,2,zero,
ippo,shock,2,39,0,10,17.0,17,0,11,11,zero,
ippo,shock,2,39,1,10,10.0,10,0,19,19,zero,
ippo,shock,2,39,2,10,15.0,15,0,2,2,zero,
ippo,shock,2,40,0,10,14.0,14,0,11,11,zero,
ippo,shock,2,40,1,10,18.0,18,0,17,17,zero,
ippo,shock,2,40,2,10,2.0,0,2,20,20,zero,
ippo,shock,2,41,0,11,4.0,4,0,7,7,zero,
ippo,shock,2,41,1,11,17.0,17,0,6,6,zero,
ippo,shock,2,41,2,11,9.0,9,0,20,20,zero,
ippo,shock,2,42,0,11,2.0,2,0,11,11,zero,
ippo,shock,2,42,1,11,9.0,9,0,6,6,zero,
ippo,shock,2,42,2,11,5.0,5,0,2,2,zero,
ippo,shock,2,43,0,12,1.0,1,0,17,17,zero,
ippo,shock,2,43,1,12,11.0,11,0,12,12,zero,
ippo,shock,2,43,2,12,5.0,0,5,2,2,zero,
ippo,shock,2,44,0,11,1.0,1,0,17,17,zero,
ippo,shock,2,44,1,11,9.0,9,0,18,18,zero,
ippo,shock,2,44,2,11,3.0,0,3,2,2,zero,
ippo,shock,2,45,0,11,3.0,0,3,11,11,zero,
ippo,shock,2,45,1,11,6.0,6,0,18,18,zero,
ippo,shock,2,45,2,11,1.0,0,1,20,20,zero,
ippo,shock,2,46,0,12,4.0,0,4,7,7,zero,
ippo,shock,2,46,1,12,5.0,5,0,17,17,zero,
ippo,shock,2,46,2,12,16.0,0,16,20,20,zero,
ippo,shock,2,47,0,10,3.0,3,0,11,11,zero,
ippo,shock,2,47,1,10,1.0,1,0,12,12,zero,
ippo,shock,2,47,2,10,26.0,0,26,20,20,zero,
ippo,shock,2,48,0,10,10.0,10,0,11,11,zero,
ippo,shock,2,48,1,10,10.0,10,0,17,17,zero,
ippo,shock,2,48,2,10,41.0,0,41,2,2,zero,
ippo,shock,2,49,0,12,9.0,9,0,11,11,zero,
ippo,shock,2,49,1,12,19.0,19,0,12,12,zero,
ippo,shock,2,49,2,12,33.0,0,33,20,20,zero,
ippo,shock,2,50,0,11,5.0,5,0,11,11,zero,
ippo,shock,2,50,1,11,10.0,10,0,12,12,zero,
ippo,shock,2,50,2,11,25.0,0,25,20,20,zero,
ippo,shock,2,51,0,11,5.0,5,0,11,11,zero,
ippo,shock,2,51,1,11,1.0,1,0,2,2,zero,
ippo,shock,2,51,2,11,7.0,0,7,20,20,zero,
ippo,shock,2,52,0,13,3.0,3,0,11,11,zero,
ippo,shock,2,52,1,13,8.0,0,8,2,2,zero,
ippo,shock,2,52,2,13,7.0,0,7,20,20,zero,
ippo,shock,2,53,0,13,1.0,1,0,17,17,zero,
ippo,shock,2,53,1,13,5.0,0,5,8,8,zero,
ippo,shock,2,53,2,13,5.0,5,0,0,0,zero,
ippo,shock,2,54,0,13,1.0,0,1,17,17,zero,
ippo,shock,2,54,1,13,2.0,0,2,18,18,zero,
ippo,shock,2,54,2,13,7.0,7,0,0,0,zero,
ippo,shock,2,55,0,13,3.0,0,3,17,17,zero,
ippo,shock,2,55,1,13,1.0,1,0,18,18,zero,
ippo,shock,2,55,2,13,9.0,9,0,14,14,zero,
ippo,shock,2,56,0,12,12.0,0,12,7,7,zero,
ippo,shock,2,56,1,12,4.0,0,4,18,18,zero,
ippo,shock,2,56,2,12,11.0,11,0,20,20,zero,
ippo,shock,2,57,0,10,2.0,0,2,7,7,zero,
ippo,shock,2,57,1,10,4.0,4,0,6,6,zero,
ippo,shock,2,57,2,10,5.0,5,0,20,20,zero,
ippo,shock,2,58,0,12,6.0,6,0,7,7,zero,
ippo,shock,2,58,1,12,15.0,15,0,3,3,zero,
ippo,shock,2,58,2,12,2.0,2,0,17,17,zero,
ippo,shock,2,59,0,13,12.0,12,0,11,11,zero,
ippo,shock,2,59,1,13,22.0,22,0,3,3,zero,
ippo,shock,2,59,2,13,13.0,13,0,2,2,zero,
ippo,shock,2,60,0,13,2.0,2,0,17,17,zero,
ippo,shock,2,60,1,13,23.0,23,0,5,5,zero,
ippo,shock,2,60,2,13,28.0,28,0,0,0,zero,
ippo,shock,2,61,0,14,1.0,0,1,17,17,zero,
ippo,shock,2,61,1,14,12.0,12,0,18,18,zero,
ippo,shock,2,61,2,14,30.0,30,0,0,0,zero,
ippo,shock,2,62,0,15,9.0,0,9,17,17,zero,
ippo,shock,2,62,1,15,2.0,0,2,18,18,zero,
ippo,shock,2,62,2,15,29.0,29,0,2,2,zero,
ippo,shock,2,63,0,16,14.0,0,14,17,17,zero,
ippo,shock,2,63,1,16,16.0,0,16,18,18,zero,
ippo,shock,2,63,2,16,13.0,13,0,20,20,zero,
ippo,shock,2,64,0,14,11.0,0,11,17,17,zero,
ippo,shock,2,64,1,14,28.0,0,28,20,20,zero,
ippo,shock,2,64,2,14,7.0,0,7,20,20,zero,
ippo,shock,2,65,0,14,8.0,0,8,17,17,zero,
ippo,shock,2,65,1,14,27.0,0,27,20,20,zero,
ippo,shock,2,65,2,14,27.0,0,27,20,20,zero,
ippo,shock,2,66,0,11,4.0,0,4,17,17,zero,
ippo,shock,2,66,1,11,26.0,0,26,20,20,zero,
ippo,shock,2,66,2,11,45.0,0,45,20,20,zero,
ippo,shock,2,67,0,12,13.0,0,13,17,17,zero,
ippo,shock,2,67,1,12,25.0,0,25,20,20,zero,
ippo,shock,2,67,2,12,45.0,0,45,20,20,zero,
ippo,shock,2,68,0,12,20.0,0,20,10,10,zero,
ippo,shock,2,68,1,12,22.0,0,22,20,20,zero,
ippo,shock,2,68,2,12,45.0,0,45,20,20,zero,
ippo,shock,2,69,0,10,12.0,0,12,11,11,zero,
ippo,shock,2,69,1,10,33.0,0,33,20,20,zero,
ippo,shock,2,69,2,10,45.0,0,45,20,20,zero,
ippo,shock,2,70,0,10,4.0,0,4,7,7,zero,
ippo,shock,2,70,1,10,38.0,0,38,20,20,zero,
ippo,shock,2,70,2,10,45.0,0,45,20,20,zero,
ippo,shock,2,71,0,10,4.0,4,0,11,11,zero,
ippo,shock,2,71,1,10,29.0,0,29,0,0,zero,
ippo,shock,2,71,2,10,25.0,0,25,20,20,zero,
ippo,shock,2,72,0,10,7.0,7,0,11,11,zero,
ippo,shock,2,72,1,10,20.0,0,20,3,3,zero,
ippo,shock,2,72,2,10,8.0,0,8,20,20,zero,
ippo,shock,2,73,0,10,3.0,0,3,7,7,zero,
ippo,shock,2,73,1,10,7.0,0,7,3,3,zero,
ippo,shock,2,73,2,10,9.0,9,0,0,0,zero,
ippo,shock,2,74,0,9,10.0,0,10,1,1,zero,
ippo,shock,2,74,1,9,12.0,12,0,3,3,zero,
ippo,shock,2,74,2,9,26.0,26,0,0,0,zero,
ippo,shock,2,75,0,8,2.0,2,0,1,1,zero,
ippo,shock,2,75,1,8,31.0,31,0,3,3,zero,
ippo,shock,2,75,2,8,43.0,43,0,0,0,zero,
ippo,shock,2,76,0,8,14.0,14,0,1,1,zero,
ippo,shock,2,76,1,8,50.0,50,0,3,3,zero,
ippo,shock,2,76,2,8,60.0,60,0,0,0,zero,
ippo,shock,2,77,0,8,26.0,26,0,1,1,zero,
ippo,shock,2,77,1,8,60.0,60,0,3,3,zero,
ippo,shock,2,77,2,8,57.0,57,0,0,0,zero,
ippo,shock,2,78,0,8,26.0,26,0,11,11,zero,
ippo,shock,2,78,1,8,52.0,52,0,3,3,zero,
ippo,shock,2,78,2,8,54.0,54,0,0,0,zero,
ippo,shock,2,79,0,8,19.0,19,0,7,7,zero,
ippo,shock,2,79,1,8,48.0,48,0,2,2,zero,
ippo,shock,2,79,2,8,52.0,52,0,0,0,zero,
ippo,shock,2,80,0,8,12.0,12,0,7,7,zero,
ippo,shock,2,80,1,8,44.0,44,0,8,8,zero,
ippo,shock,2,80,2,8,44.0,44,0,0,0,zero,
ippo,shock,2,81,0,8,5.0,5,0,3,3,zero,
ippo,shock,2,81,1,8,44.0,44,0,2,2,zero,
ippo,shock,2,81,2,8,42.0,42,0,0,0,zero,
ippo,shock,2,82,0,8,8.0,8,0,11,11,zero,
ippo,shock,2,82,1,8,36.0,36,0,2,2,zero,
ippo,shock,2,82,2,8,40.0,40,0,0,0,zero,
ippo,shock,2,83,0,7,8.0,8,0,11,11,zero,
ippo,shock,2,83,1,7,27.0,27,0,17,17,zero,
ippo,shock,2,83,2,7,23.0,23,0,0,0,zero,
ippo,shock,2,84,0,11,4.0,4,0,7,7,zero,
ippo,shock,2,84,1,11,28.0,28,0,2,2,zero,
ippo,shock,2,84,2,11,21.0,21,0,20,20,zero,
ippo,shock,2,85,0,11,4.0,0,4,11,11,zero,
ippo,shock,2,85,1,11,19.0,19,0,2,2,zero,
ippo,shock,2,85,2,11,19.0,19,0,2,2,zero,
ippo,shock,2,86,0,11,4.0,0,4,17,17,zero,86
ippo,shock,2,86,1,11,4.0,4,0,17,17,zero,86
ippo,shock,2,86,2,11,2.0,2,0,0,0,zero,86
ippo,shock,2,87,0,12,5.0,0,5,17,17,zero,86
ippo,shock,2,87,1,12,4.0,4,0,17,17,zero,86
ippo,shock,2,87,2,12,15.0,0,15,17,17,zero,86
ippo,shock,2,88,0,11,9.0,0,9,11,11,zero,86
ippo,shock,2,88,1,11,5.0,0,5,17,17,zero,86
ippo,shock,2,88,2,11,12.0,0,12,20,20,zero,86
ippo,shock,2,89,0,11,9.0,0,9,11,11,zero,86
ippo,shock,2,89,1,11,14.0,0,14,17,17,zero,86
ippo,shock,2,89,2,11,27.0,0,27,20,20,zero,86
ippo,shock,2,90,0,12,4.0,0,4,11,11,zero,86
ippo,shock,2,90,1,12,8.0,0,8,17,17,zero,86
ippo,shock,2,90,2,12,44.0,0,44,20,20,zero,86
ippo,shock,2,91,0,14,1.0,0,1,17,17,zero,86
ippo,shock,2,91,1,14,23.0,0,23,17,17,zero,86
ippo,shock,2,91,2,14,44.0,0,44,20,20,zero,86
ippo,shock,2,92,0,14,9.0,0,9,17,17,zero,86
ippo,shock,2,92,1,14,20.0,0,20,17,17,zero,86
ippo,shock,2,92,2,14,41.0,0,41,20,20,zero,86
ippo,shock,2,93,0,15,22.0,0,22,17,17,zero,86
ippo,shock,2,93,1,15,35.0,0,35,17,17,zero,86
ippo,shock,2,93,2,15,38.0,0,38,20,20,zero,86
ippo,shock,2,94,0,14,19.0,0,19,17,17,zero,86
ippo,shock,2,94,1,14,52.0,0,52,17,17,zero,86
ippo,shock,2,94,2,14,35.0,0,35,20,20,zero,86
ippo,shock,2,95,0,15,32.0,0,32,17,17,zero,86
ippo,shock,2,95,1,15,52.0,0,52,17,17,zero,86
ippo,shock,2,95,2,15,32.0,0,32,20,20,zero,86
ippo,shock,2,96,0,12,24.0,0,24,17,17,zero,86
ippo,shock,2,96,1,12,49.0,0,49,11,11,zero,86
ippo,shock,2,96,2,12,23.0,0,23,20,20,zero,86
ippo,shock,2,97,0,14,36.0,0,36,17,17,zero,86
ippo,shock,2,97,1,14,46.0,0,46,11,11,zero,86
ippo,shock,2,97,2,14,14.0,0,14,20,20,zero,86
ippo,shock,2,98,0,15,51.0,0,51,17,17,zero,86
ippo,shock,2,98,1,15,43.0,0,43,19,19,zero,86
ippo,shock,2,98,2,15,13.0,0,13,0,0,zero,86
ippo,shock,2,99,0,15,49.0,0,49,17,17,zero,86
ippo,shock,2,99,1,15,40.0,0,40,19,19,zero,86
ippo,shock,2,99,2,15,12.0,0,12,20,20,zero,86
ippo,shock,2,100,0,14,43.0,0,43,17,17,zero,86
ippo,shock,2,100,1,14,37.0,0,37,19,19,zero,86
ippo,shock,2,100,2,14,11.0,0,11,20,20,zero,86
ippo,shock,2,101,0,15,38.0,0,38,17,17,zero,86
ippo,shock,2,101,1,15,34.0,0,34,19,19,zero,86
ippo,shock,2,101,2,15,10.0,0,10,20,20,zero,86
ippo,shock,2,102,0,12,30.0,0,30,18,18,zero,86
ippo,shock,2,102,1,12,32.0,0,32,20,20,zero,86
ippo,shock,2,102,2,12,30.0,0,30,20,20,zero,86
ippo,shock,2,103,0,12,22.0,0,22,11,11,zero,86
ippo,shock,2,103,1,12,23.0,0,23,20,20,zero,86
ippo,shock,2,103,2,12,30.0,0,30,20,20,zero,86
ippo,shock,2,104,0,8,10.0,0,10,7,7,zero,86
ippo,shock,2,104,1,8,10.0,0,10,3,3,zero,86
ippo,shock,2,104,2,8,13.0,0,13,20,20,zero,86
ippo,shock,2,105,0,8,2.0,2,0,1,1,zero,86
ippo,shock,2,105,1,8,9.0,9,0,0,0,zero,86
ippo,shock,2,105,2,8,7.0,7,0,20,20,zero,86
ippo,shock,2,106,0,8,14.0,14,0,1,1,zero,86
ippo,shock,2,106,1,8,8.0,8,0,0,0,zero,86
ippo,shock,2,106,2,8,27.0,27,0,0,0,zero,86
ippo,shock,2,107,0,7,27.0,27,0,0,0,zero,86
ippo,shock,2,107,1,7,28.0,28,0,3,3,zero,86
ippo,shock,2,107,2,7,44.0,44,0,0,0,zero,86
ippo,shock,2,108,0,7,40.0,40,0,0,0,zero,86
ippo,shock,2,108,1,7,48.0,48,0,3,3,zero,86
ippo,shock,2,108,2,7,61.0,61,0,0,0,zero,86
ippo,shock,2,109,0,7,44.0,44,0,3,3,zero,86
ippo,shock,2,109,1,7,58.0,58,0,3,3,zero,86
ippo,shock,2,109,2,7,78.0,78,0,0,0,zero,86
ippo,shock,2,110,0,8,37.0,37,0,3,3,zero,86
ippo,shock,2,110,1,8,55.0,55,0,3,3,zero,86
ippo,shock,2,110,2,8,75.0,75,0,0,0,zero,86
ippo,shock,2,111,0,8,29.0,29,0,7,7,zero,86
ippo,shock,2,111,1,8,51.0,51,0,3,3,zero,86
ippo,shock,2,111,2,8,72.0,72,0,0,0,zero,86
ippo,shock,2,112,0,8,21.0,21,0,3,3,zero,86
ippo,shock,2,112,1,8,51.0,51,0,2,2,zero,86
ippo,shock,2,112,2,8,70.0,70,0,0,0,zero,86
ippo,shock,2,113,0,8,16.0,16,0,3,3,zero,86
ippo,shock,2,113,1,8,51.0,51,0,1,1,zero,86
ippo,shock,2,113,2,8,69.0,69,0,0,0,zero,86
ippo,shock,2,114,0,9,10.0,10,0,11,11,zero,86
ippo,shock,2,114,1,9,43.0,43,0,1,1,zero,86
ippo,shock,2,114,2,9,68.0,68,0,0,0,zero,86
ippo,shock,2,115,0,9,8.0,8,0,11,11,zero,86
ippo,shock,2,115,1,9,35.0,35,0,2,2,zero,86
ippo,shock,2,115,2,9,66.0,66,0,0,0,zero,86
ippo,shock,2,116,0,8,3.0,3,0,11,11,zero,86
ippo,shock,2,116,1,8,26.0,26,0,18,18,zero,86
ippo,shock,2,116,2,8,48.0,48,0,0,0,zero,86
ippo,shock,2,117,0,9,3.0,0,3,7,7,zero,86
ippo,shock,2,117,1,9,20.0,20,0,17,17,zero,86
ippo,shock,2,117,2,9,31.0,31,0,2,2,zero,86
ippo,shock,2,118,0,8,-0.0,0,0,11,11,zero,86
ippo,shock,2,118,1,8,10.0,10,0,1,1,zero,86
ippo,shock,2,118,2,8,30.0,30,0,20,20,zero,86
ippo,shock,2,119,0,9,2.0,2,0,7,7,zero,86
ippo,shock,2,119,1,9,5.0,5,0,17,17,zero,86
ippo,shock,2,119,2,9,13.0,13,0,2,2,zero,86
ippo,shock,2,120,0,8,5.0,5,0,11,11,zero,86
ippo,shock,2,120,1,8,12.0,12,0,7,7,zero,86
ippo,shock,2,120,2,8,6.0,6,0,20,20,zero,86
ippo,shock,2,121,0,9,3.0,3,0,7,7,zero,86
ippo,shock,2,121,1,9,22.0,22,0,2,2,zero,86
ippo,shock,2,121,2,9,6.0,6,0,19,19,zero,86
ippo,shock,2,122,0,9,5.0,5,0,11,11,zero,86
ippo,shock,2,122,1,9,12.0,12,0,17,17,zero,86
ippo,shock,2,122,2,9,9.0,9,0,0,0,zero,86
ippo,shock,2,123,0,8,4.0,4,0,7,7,zero,86
ippo,shock,2,123,1,8,22.0,22,0,12,12,zero,86
ippo,shock,2,123,2,8,1.0,0,1,15,15,zero,86
ippo,shock,2,124,0,14,1.0,1,0,7,7,zero,86
ippo,shock,2,124,1,14,22.0,22,0,1,1,zero,86
ippo,shock,2,124,2,14,18.0,18,0,19,19,zero,86
ippo,shock,2,125,0,15,7.0,0,7,17,17,zero,86
ippo,shock,2,125,1,15,7.0,7,0,12,12,zero,86
ippo,shock,2,125,2,15,25.0,25,0,0,0,zero,86
ippo,shock,2,126,0,15,11.0,0,11,17,17,zero,86
ippo,shock,2,126,1,15,7.0,7,0,17,17,zero,86
ippo,shock,2,126,2,15,8.0,8,0,2,2,zero,86
ippo,shock,2,127,0,14,18.0,0,18,17,17,zero,86
ippo,shock,2,127,1,14,1.0,1,0,17,17,zero,86
ippo,shock,2,127,2,14,6.0,6,0,19,19,zero,86
ippo,shock,2,128,0,14,25.0,0,25,17,17,zero,86
ippo,shock,2,128,1,14,14.0,0,14,17,17,zero,86
ippo,shock,2,128,2,14,8.0,8,0,19,19,zero,86
ippo,shock,2,129,0,14,22.0,0,22,11,11,zero,86
ippo,shock,2,129,1,14,13.0,0,13,18,18,zero,86
ippo,shock,2,129,2,14,10.0,0,10,6,6,zero,86
ippo,shock,2,130,0,12,17.0,0,17,17,17,zero,86
ippo,shock,2,130,1,12,13.0,0,13,17,17,zero,86
ippo,shock,2,130,2,12,25.0,0,25,19,19,zero,86
ippo,shock,2,131,0,14,14.0,0,14,17,17,zero,86
ippo,shock,2,131,1,14,13.0,0,13,18,18,zero,86
ippo,shock,2,131,2,14,24.0,0,24,20,20,zero,86
ippo,shock,2,132,0,12,23.0,0,23,17,17,zero,86
ippo,shock,2,132,1,12,13.0,0,13,18,18,zero,86
ippo,shock,2,132,2,12,23.0,0,23,20,20,zero,86
ippo,shock,2,133,0,14,25.0,0,25,11,11,zero,86
ippo,shock,2,133,1,14,16.0,0,16,18,18,zero,86
ippo,shock,2,133,2,14,35.0,0,35,20,20,zero,86
ippo,shock,2,134,0,14,22.0,0,22,11,11,zero,86
ippo,shock,2,134,1,14,25.0,0,25,18,18,zero,86
ippo,shock,2,134,2,14,34.0,0,34,20,20,zero,86
ippo,shock,2,135,0,17,22.0,0,22,11,11,zero,86
ippo,shock,2,135,1,17,17.0,0,17,4,4,zero,86
ippo,shock,2,135,2,17,18.0,0,18,20,20,zero,86
ippo,shock,2,136,0,17,22.0,0,22,17,17,zero,86
ippo,shock,2,136,1,17,15.0,0,15,0,0,zero,86
ippo,shock,2,136,2,17,2.0,2,0,0,0,zero,86
ippo,shock,2,137,0,15,29.0,0,29,17,17,zero,86
ippo,shock,2,137,1,15,26.0,0,26,19,19,zero,86
ippo,shock,2,137,2,15,3.0,3,0,0,0,zero,86
ippo,shock,2,138,0,14,41.0,0,41,17,17,zero,86
ippo,shock,2,138,1,14,24.0,0,24,20,20,zero,86
ippo,shock,2,138,2,14,3.0,3,0,20,20,zero,86
ippo,shock,2,139,0,14,36.0,0,36,17,17,zero,86
ippo,shock,2,139,1,14,21.0,0,21,20,20,zero,86
ippo,shock,2,139,2,14,3.0,3,0,20,20,zero,86
ippo,shock,2,140,0,12,29.0,0,29,17,17,zero,86
ippo,shock,2,140,1,12,20.0,0,20,20,20,zero,86
ippo,shock,2,140,2,12,17.0,0,17,20,20,zero,86
ippo,shock,2,141,0,12,35.0,0,35,17,17,zero,86
ippo,shock,2,141,1,12,18.0,0,18,20,20,zero,86
ippo,shock,2,141,2,12,37.0,0,37,20,20,zero,86
ippo,shock,2,142,0,15,31.0,0,31,11,11,zero,86
ippo,shock,2,142,1,15,9.0,0,9,20,20,zero,86
ippo,shock,2,142,2,15,37.0,0,37,20,20,zero,86
ippo,shock,2,143,0,17,28.0,0,28,17,17,zero,86
ippo,shock,2,143,1,17,6.0,0,6,20,20,zero,86
ippo,shock,2,143,2,17,37.0,0,37,20,20,zero,86
ippo,shock,2,144,0,11,21.0,0,21,17,17,zero,86
ippo,shock,2,144,1,11,20.0,0,20,20,20,zero,86
ippo,shock,2,144,2,11,37.0,0,37,20,20,zero,86
ippo,shock,2,145,0,11,13.0,0,13,11,11,zero,86
ippo,shock,2,145,1,11,31.0,0,31,20,20,zero,86
ippo,shock,2,145,2,11,37.0,0,37,20,20,zero,86
ippo,shock,2,146,0,10,3.0,0,3,7,7,zero,86
ippo,shock,2,146,1,10,18.0,0,18,3,3,zero,86
ippo,shock,2,146,2,10,20.0,0,20,20,20,zero,86
ippo,shock,2,147,0,10,7.0,7,0,11,11,zero,86
ippo,shock,2,147,1,10,9.0,0,9,0,0,zero,86
ippo,shock,2,147,2,10,-0.0,0,0,20,20,zero,86
ippo,shock,2,148,0,9,1.0,1,0,7,7,zero,86
ippo,shock,2,148,1,9,4.0,4,0,3,3,zero,86
ippo,shock,2,148,2,9,17.0,17,0,0,0,zero,86
ippo,shock,2,149,0,10,9.0,0,9,3,3,zero,86
ippo,shock,2,149,1,10,21.0,21,0,3,3,zero,86
ippo,shock,2,149,2,10,34.0,34,0,0,0,zero,86
ippo,shock,2,150,0,11,-0.0,0,0,7,7,zero,86
ippo,shock,2,150,1,11,34.0,34,0,3,3,zero,86
ippo,shock,2,150,2,11,51.0,51,0,0,0,zero,86
ippo,shock,2,151,0,11,9.0,9,0,9,9,zero,86
ippo,shock,2,151,1,11,45.0,45,0,3,3,zero,86
ippo,shock,2,151,2,11,68.0,68,0,0,0,zero,86
ippo,shock,2,152,0,9,16.0,16,0,11,11,zero,86
ippo,shock,2,152,1,9,37.0,37,0,8,8,zero,86
ippo,shock,2,152,2,9,60.0,60,0,0,0,zero,86
ippo,shock,2,153,0,8,11.0,11,0,7,7,zero,86
ippo,shock,2,153,1,8,33.0,33,0,18,18,zero,86
ippo,shock,2,153,2,8,42.0,42,0,0,0,zero,86
ippo,shock,2,154,0,8,10.0,10,0,3,3,zero,86
ippo,shock,2,154,1,8,33.0,33,0,2,2,zero,86
ippo,shock,2,154,2,8,40.0,40,0,15,15,zero,86
ippo,shock,2,155,0,8,11.0,11,0,3,3,zero,86
ippo,shock,2,155,1,8,33.0,33,0,2,2,zero,86
ippo,shock,2,155,2,8,38.0,38,0,2,2,zero,86
ippo,shock,2,156,0,8,14.0,14,0,9,9,zero,86
ippo,shock,2,156,1,8,32.0,32,0,1,1,zero,86
ippo,shock,2,156,2,8,37.0,37,0,0,0,zero,86
ippo,shock,2,157,0,7,14.0,14,0,11,11,zero,86
ippo,shock,2,157,1,7,39.0,39,0,3,3,zero,86
ippo,shock,2,157,2,7,34.0,34,0,0,0,zero,86
ippo,shock,2,158,0,5,12.0,12,0,3,3,zero,86
ippo,shock,2,158,1,5,38.0,38,0,2,2,zero,86
ippo,shock,2,158,2,5,47.0,47,0,0,0,zero,86
ippo,shock,2,159,0,6,9.0,9,0,0,0,zero,86
ippo,shock,2,159,1,6,40.0,40,0,2,2,zero,86
ippo,shock,2,159,2,6,47.0,47,0,0,0,zero,86
ippo,shock,2,160,0,6,12.0,12,0,0,0,zero,86
ippo,shock,2,160,1,6,41.0,41,0,1,1,zero,86
ippo,shock,2,160,2,6,46.0,46,0,0,0,zero,86
ippo,shock,2,161,0,5,18.0,18,0,8,8,zero,86
ippo,shock,2,161,1,5,36.0,36,0,1,1,zero,86
ippo,shock,2,161,2,5,45.0,45,0,0,0,zero,86
ippo,shock,2,162,0,5,16.0,16,0,3,3,zero,86
ippo,shock,2,162,1,5,35.0,35,0,1,1,zero,86
ippo,shock,2,162,2,5,44.0,44,0,0,0,zero,86
ippo,shock,2,163,0,5,11.0,11,0,1,1,zero,86
ippo,shock,2,163,1,5,36.0,36,0,1,1,zero,86
ippo,shock,2,163,2,5,43.0,43,0,0,0,zero,86
ippo,shock,2,164,0,5,6.0,6,0,0,0,zero,86
ippo,shock,2,164,1,5,37.0,37,0,1,1,zero,86
ippo,shock,2,164,2,5,42.0,42,0,0,0,zero,86
ippo,shock,2,165,0,5,9.0,9,0,9,9,zero,86
ippo,shock,2,165,1,5,29.0,29,0,1,1,zero,86
ippo,shock,2,165,2,5,41.0,41,0,0,0,zero,86
ippo,shock,2,166,0,5,7.0,7,0,7,7,zero,86
ippo,shock,2,166,1,5,23.0,23,0,1,1,zero,86
ippo,shock,2,166,2,5,40.0,40,0,0,0,zero,86
ippo,shock,2,167,0,5,3.0,3,0,3,3,zero,86
ippo,shock,2,167,1,5,21.0,21,0,2,2,zero,86
ippo,shock,2,167,2,5,38.0,38,0,0,0,zero,86
ippo,shock,2,168,0,5,2.0,0,2,5,5,zero,86
ippo,shock,2,168,1,5,17.0,17,0,1,1,zero,86
ippo,shock,2,168,2,5,37.0,37,0,0,0,zero,86
ippo,shock,2,169,0,4,3.0,3,0,5,5,zero,86
ippo,shock,2,169,1,4,13.0,13,0,17,17,zero,86
ippo,shock,2,169,2,4,20.0,20,0,0,0,zero,86
ippo,shock,2,170,0,4,6.0,6,0,1,1,zero,86
ippo,shock,2,170,1,4,13.0,13,0,1,1,zero,86
ippo,shock,2,170,2,4,19.0,19,0,16,16,zero,86
ippo,shock,2,171,0,4,5.0,5,0,1,1,zero,86
ippo,shock,2,171,1,4,14.0,14,0,1,1,zero,86
ippo,shock,2,171,2,4,18.0,18,0,2,2,zero,86
ippo,shock,2,172,0,4,6.0,6,0,1,1,zero,86
ippo,shock,2,172,1,4,14.0,14,0,1,1,zero,86
ippo,shock,2,172,2,4,17.0,17,0,0,0,zero,86
ippo,shock,2,173,0,4,7.0,7,0,9,9,zero,86
ippo,shock,2,173,1,4,22.0,22,0,1,1,zero,86
ippo,shock,2,173,2,4,16.0,16,0,0,0,zero,86
ippo,shock,2,174,0,6,2.0,2,0,3,3,zero,86
ippo,shock,2,174,1,6,20.0,20,0,1,1,zero,86
ippo,shock,2,174,2,6,31.0,31,0,0,0,zero,86
ippo,shock,2,175,0,5,2.0,0,2,11,11,zero,86
ippo,shock,2,175,1,5,10.0,10,0,1,1,zero,86
ippo,shock,2,175,2,5,32.0,32,0,0,0,zero,86
ippo,shock,2,176,0,5,6.0,0,6,7,7,zero,86
ippo,shock,2,176,1,5,4.0,4,0,17,17,zero,86
ippo,shock,2,176,2,5,15.0,15,0,0,0,zero,86
ippo,shock,2,177,0,6,3.0,0,3,5,5,zero,86
ippo,shock,2,177,1,6,-0.0,0,0,17,17,zero,86
ippo,shock,2,177,2,6,2.0,0,2,20,20,zero,86
ippo,shock,2,178,0,6,6.0,0,6,7,7,zero,86
ippo,shock,2,178,1,6,6.0,0,6,1,1,zero,86
ippo,shock,2,178,2,6,3.0,0,3,20,20,zero,86
ippo,shock,2,179,0,6,1.0,0,1,9,9,zero,86
ippo,shock,2,179,1,6,14.0,0,14,17,17,zero,86
ippo,shock,2,179,2,6,20.0,0,20,2,2,zero,86
ippo,shock,2,180,0,5,1.0,1,0,11,11,zero,86
ippo,shock,2,180,1,5,8.0,0,8,17,17,zero,86
ippo,shock,2,180,2,5,37.0,0,37,2,2,zero,86
ippo,shock,2,181,0,5,1.0,1,0,7,7,zero,86
ippo,shock,2,181,1,5,-0.0,0,0,17,17,zero,86
ippo,shock,2,181,2,5,34.0,0,34,20,20,zero,86
ippo,shock,2,182,0,5,3.0,0,3,1,1,zero,86
ippo,shock,2,182,1,5,1.0,0,1,12,12,zero,86
ippo,shock,2,182,2,5,26.0,0,26,20,20,zero,86
ippo,shock,2,183,0,5,7.0,0,7,1,1,zero,86
ippo,shock,2,183,1,5,2.0,0,2,0,0,zero,86
ippo,shock,2,183,2,5,24.0,0,24,20,20,zero,86
ippo,shock,2,184,0,5,5.0,5,0,1,1,zero,86
ippo,shock,2,184,1,5,3.0,0,3,0,0,zero,86
ippo,shock,2,184,2,5,22.0,0,22,0,0,zero,86
ippo,shock,2,185,0,5,15.0,15,0,7,7,zero,86
ippo,shock,2,185,1,5,10.0,10,0,0,0,zero,86
ippo,shock,2,185,2,5,2.0,0,2,0,0,zero,86
ippo,shock,2,186,0,5,10.0,10,0,1,1,zero,86
ippo,shock,2,186,1,5,29.0,29,0,0,0,zero,86
ippo,shock,2,186,2,5,18.0,18,0,0,0,zero,86
ippo,shock,2,187,0,6,4.0,4,0,5,5,zero,86
ippo,shock,2,187,1,6,26.0,26,0,0,0,zero,86
ippo,shock,2,187,2,6,38.0,38,0,0,0,zero,86
ippo,shock,2,188,0,7,3.0,0,3,9,9,zero,86
ippo,shock,2,188,1,7,19.0,19,0,1,1,zero,86
ippo,shock,2,188,2,7,37.0,37,0,0,0,zero,86
ippo,shock,2,189,0,7,-0.0,0,0,11,11,zero,86
ippo,shock,2,189,1,7,28.0,28,0,2,2,zero,86
ippo,shock,2,189,2,7,35.0,35,0,0,0,zero,86
ippo,shock,2,190,0,7,6.0,0,6,11,11,zero,86
ippo,shock,2,190,1,7,19.0,19,0,8,8,zero,86
ippo,shock,2,190,2,7,27.0,27,0,0,0,zero,86
ippo,shock,2,191,0,6,7.0,0,7,7,7,zero,86
ippo,shock,2,191,1,6,12.0,12,0,17,17,zero,86
ippo,shock,2,191,2,6,10.0,10,0,2,2,zero,86
ippo,shock,2,192,0,6,4.0,0,4,7,7,zero,86
ippo,shock,2,192,1,6,6.0,6,0,12,12,zero,86
ippo,shock,2,192,2,6,2.0,0,2,20,20,zero,86
ippo,shock,2,193,0,6,1.0,1,0,7,7,zero,86
ippo,shock,2,193,1,6,1.0,1,0,1,1,zero,86
ippo,shock,2,193,2,6,3.0,0,3,20,20,zero,86
ippo,shock,2,194,0,7,5.0,5,0,7,7,zero,86
ippo,shock,2,194,1,7,2.0,2,0,12,12,zero,86
ippo,shock,2,194,2,7,15.0,0,15,2,2,zero,86
ippo,shock,2,195,0,7,5.0,5,0,7,7,zero,86
ippo,shock,2,195,1,7,12.0,12,0,12,12,zero,86
ippo,shock,2,195,2,7,25.0,0,25,2,2,zero,86
ippo,shock,2,196,0,8,4.0,4,0,7,7,zero,86
ippo,shock,2,196,1,8,15.0,15,0,12,12,zero,86
ippo,shock,2,196,2,8,17.0,0,17,20,20,zero,86
ippo,shock,2,197,0,8,3.0,3,0,11,11,zero,86
ippo,shock,2,197,1,8,4.0,4,0,1,1,zero,86
ippo,shock,2,197,2,8,2.0,2,0,20,20,zero,86
ippo,shock,2,198,0,9,1.0,1,0,11,11,zero,86
ippo,shock,2,198,1,9,7.0,0,7,1,1,zero,86
ippo,shock,2,198,2,9,3.0,3,0,0,0,zero,86
ippo,shock,2,199,0,9,1.0,0,1,11,11,zero,86
ippo,shock,2,199,1,9,16.0,0,16,12,12,zero,86
ippo,shock,2,199,2,9,7.0,0,7,0,0,zero,86
ippo,shock,2,200,0,9,3.0,0,3,11,11,zero,86
ippo,shock,2,200,1,9,7.0,0,7,17,17,zero,86
ippo,shock,2,200,2,9,4.0,0,4,14,14,zero,86
ippo,shock,3,1,0,10,10.0,10,0,7,7,zero,
ippo,shock,3,1,1,10,13.0,13,0,18,18,zero,
ippo,shock,3,1,2,10,2.0,2,0,19,19,zero,
ippo,shock,3,2,0,9,11.0,11,0,11,11,zero,
ippo,shock,3,2,1,9,12.0,12,0,3,3,zero,
ippo,shock,3,2,2,9,9.0,9,0,19,19,zero,
ippo,shock,3,3,0,9,12.0,12,0,3,3,zero,
ippo,shock,3,3,1,9,19.0,19,0,12,12,zero,
ippo,shock,3,3,2,9,7.0,7,0,1,1,zero,
ippo,shock,3,4,0,8,14.0,14,0,9,9,zero,
ippo,shock,3,4,1,8,20.0,20,0,0,0,zero,
ippo,shock,3,4,2,8,17.0,17,0,2,2,zero,
ippo,shock,3,5,0,9,12.0,12,0,1,1,zero,
ippo,shock,3,5,1,9,37.0,37,0,3,3,zero,
ippo,shock,3,5,2,9,33.0,33,0,0,0,zero,
ippo,shock,3,6,0,10,13.0,13,0,11,11,zero,
ippo,shock,3,6,1,10,29.0,29,0,1,1,zero,
ippo,shock,3,6,2,10,51.0,51,0,0,0,zero,
ippo,shock,3,7,0,12,4.0,4,0,11,11,zero,
ippo,shock,3,7,1,12,30.0,30,0,2,2,zero,
ippo,shock,3,7,2,12,50.0,50,0,0,0,zero,
ippo,shock,3,8,0,13,-0.0,0,0,17,17,zero,
ippo,shock,3,8,1,13,13.0,13,0,17,17,zero,
ippo,shock,3,8,2,13,35.0,35,0,0,0,zero,
ippo,shock,3,9,0,13,12.0,0,12,17,17,zero,
ippo,shock,3,9,1,13,1.0,0,1,17,17,zero,
ippo,shock,3,9,2,13,18.0,18,0,7,7,zero,
ippo,shock,3,10,0,14,15.0,0,15,17,17,zero,
ippo,shock,3,10,1,14,17.0,0,17,17,17,zero,
ippo,shock,3,10,2,14,1.0,1,0,20,20,zero,
ippo,shock,3,11,0,14,18.0,0,18,17,17,zero,
ippo,shock,3,11,1,14,32.0,0,32,17,17,zero,
ippo,shock,3,11,2,14,16.0,0,16,19,19,zero,
ippo,shock,3,12,0,14,15.0,0,15,11,11,zero,
ippo,shock,3,12,1,14,26.0,0,26,18,18,zero,
ippo,shock,3,12,2,14,34.0,0,34,19,19,zero,
ippo,shock,3,13,0,14,13.0,0,13,17,17,zero,
ippo,shock,3,13,1,14,26.0,0,26,17,17,zero,
ippo,shock,3,13,2,14,44.0,0,44,2,2,zero,
ippo,shock,3,14,0,14,26.0,0,26,17,17,zero,
ippo,shock,3,14,1,14,26.0,0,26,18,18,zero,
ippo,shock,3,14,2,14,42.0,0,42,20,20,zero,
ippo,shock,3,15,0,15,39.0,0,39,17,17,zero,
ippo,shock,3,15,1,15,42.0,0,42,18,18,zero,
ippo,shock,3,15,2,15,41.0,0,41,20,20,zero,
ippo,shock,3,16,0,13,35.0,0,35,17,17,zero,
ippo,shock,3,16,1,13,59.0,0,59,20,20,zero,
ippo,shock,3,16,2,13,42.0,0,42,20,20,zero,
ippo,shock,3,17,0,13,31.0,0,31,17,17,zero,
ippo,shock,3,17,1,13,69.0,0,69,20,20,zero,
ippo,shock,3,17,2,13,60.0,0,60,20,20,zero,
ippo,shock,3,18,0,12,26.0,0,26,17,17,zero,
ippo,shock,3,18,1,12,66.0,0,66,20,20,zero,
ippo,shock,3,18,2,12,60.0,0,60,20,20,zero,
ippo,shock,3,19,0,13,38.0,0,38,18,18,zero,
ippo,shock,3,19,1,13,65.0,0,65,20,20,zero,
ippo,shock,3,19,2,13,60.0,0,60,20,20,zero,
ippo,shock,3,20,0,12,50.0,0,50,18,18,zero,
ippo,shock,3,20,1,12,64.0,0,64,20,20,zero,
ippo,shock,3,20,2,12,60.0,0,60,20,20,zero,
ippo,shock,3,21,0,14,57.0,0,57,18,18,zero,
ippo,shock,3,21,1,14,80.0,0,80,20,20,zero,
ippo,shock,3,21,2,14,60.0,0,60,20,20,zero,
ippo,shock,3,22,0,13,50.0,0,50,18,18,zero,
ippo,shock,3,22,1,13,78.0,0,78,20,20,zero,
ippo,shock,3,22,2,13,60.0,0,60,20,20,zero,
ippo,shock,3,23,0,12,43.0,0,43,18,18,zero,
ippo,shock,3,23,1,12,76.0,0,76,11,11,zero,
ippo,shock,3,23,2,12,51.0,0,51,20,20,zero,
ippo,shock,3,24,0,12,36.0,0,36,18,18,zero,
ippo,shock,3,24,1,12,74.0,0,74,19,19,zero,
ippo,shock,3,24,2,12,50.0,0,50,20,20,zero,
ippo,shock,3,25,0,13,47.0,0,47,18,18,zero,
ippo,shock,3,25,1,13,72.0,0,72,19,19,zero,
ippo,shock,3,25,2,13,49.0,0,49,20,20,zero,
ippo,shock,3,26,0,12,39.0,0,39,18,18,zero,
ippo,shock,3,26,1,12,70.0,0,70,19,19,zero,
ippo,shock,3,26,2,12,48.0,0,48,20,20,zero,
ippo,shock,3,27,0,12,31.0,0,31,18,18,zero,
ippo,shock,3,27,1,12,68.0,0,68,19,19,zero,
ippo,shock,3,27,2,12,47.0,0,47,20,20,zero,
ippo,shock,3,28,0,12,23.0,0,23,18,18,zero,
ippo,shock,3,28,1,12,66.0,0,66,19,19,zero,
ippo,shock,3,28,2,12,46.0,0,46,20,20,zero,
ippo,shock,3,29,0,11,14.0,0,14,3,3,zero,
ippo,shock,3,29,1,11,49.0,0,49,19,19,zero,
ippo,shock,3,29,2,11,45.0,0,45,20,20,zero,
ippo,shock,3,30,0,12,6.0,0,6,3,3,zero,
ippo,shock,3,30,1,12,32.0,0,32,0,0,zero,
ippo,shock,3,30,2,12,25.0,0,25,20,20,zero,
ippo,shock,3,31,0,12,2.0,2,0,3,3,zero,
ippo,shock,3,31,1,12,15.0,0,15,3,3,zero,
ippo,shock,3,31,2,12,8.0,0,8,20,20,zero,
ippo,shock,3,32,0,12,10.0,10,0,3,3,zero,
ippo,shock,3,32,1,12,2.0,2,0,3,3,zero,
ippo,shock,3,32,2,12,9.0,9,0,0,0,zero,
ippo,shock,3,33,0,11,19.0,19,0,1,1,zero,
ippo,shock,3,33,1,11,21.0,21,0,3,3,zero,
ippo,shock,3,33,2,11,26.0,26,0,0,0,zero,
ippo,shock,3,34,0,13,26.0,26,0,0,0,zero,
ippo,shock,3,34,1,13,41.0,41,0,3,3,zero,
ippo,shock,3,34,2,13,43.0,43,0,0,0,zero,
ippo,shock,3,35,0,13,33.0,33,0,3,3,zero,
ippo,shock,3,35,1,13,58.0,58,0,3,3,zero,
ippo,shock,3,35,2,13,60.0,60,0,0,0,zero,
ippo,shock,3,36,0,13,38.0,38,0,11,11,zero,
ippo,shock,3,36,1,13,58.0,58,0,3,3,zero,
ippo,shock,3,36,2,13,57.0,57,0,0,0,zero,
ippo,shock,3,37,0,15,24.0,24,0,11,11,zero,
ippo,shock,3,37,1,15,50.0,50,0,8,8,zero,
ippo,shock,3,37,2,15,49.0,49,0,0,0,zero,
ippo,shock,3,38,0,15,9.0,9,0,17,17,zero,
ippo,shock,3,38,1,15,36.0,36,0,19,19,zero,
ippo,shock,3,38,2,15,30.0,30,0,0,0,zero,
ippo,shock,3,39,0,15,3.0,0,3,17,17,zero,
ippo,shock,3,39,1,15,22.0,22,0,20,20,zero,
ippo,shock,3,39,2,15,10.0,10,0,20,20,zero,
ippo,shock,3,40,0,14,6.0,0,6,17,17,zero,
ippo,shock,3,40,1,14,8.0,8,0,18,18,zero,
ippo,shock,3,40,2,14,8.0,0,8,20,20,zero,
ippo,shock,3,41,0,14,9.0,0,9,11,11,zero,
ippo,shock,3,41,1,14,5.0,5,0,18,18,zero,
ippo,shock,3,41,2,14,26.0,0,26,20,20,zero,
ippo,shock,3,42,0,13,5.0,0,5,11,11,zero,
ippo,shock,3,42,1,13,13.0,13,0,18,18,zero,
ippo,shock,3,42,2,13,44.0,0,44,20,20,zero,
ippo,shock,3,43,0,13,1.0,0,1,11,11,zero,
ippo,shock,3,43,1,13,22.0,22,0,18,18,zero,
ippo,shock,3,43,2,13,42.0,0,42,20,20,zero,
ippo,shock,3,44,0,12,4.0,4,0,17,17,zero,
ippo,shock,3,44,1,12,15.0,15,0,12,12,zero,
ippo,shock,3,44,2,12,34.0,0,34,20,20,zero,
ippo,shock,3,45,0,13,2.0,2,0,11,11,zero,
ippo,shock,3,45,1,13,4.0,4,0,12,12,zero,
ippo,shock,3,45,2,13,26.0,0,26,20,20,zero,
ippo,shock,3,46,0,13,-0.0,0,0,11,11,zero,
ippo,shock,3,46,1,13,7.0,0,7,12,12,zero,
ippo,shock,3,46,2,13,18.0,0,18,0,0,zero,
ippo,shock,3,47,0,12,1.0,0,1,11,11,zero,
ippo,shock,3,47,1,12,2.0,2,0,3,3,zero,
ippo,shock,3,47,2,12,1.0,0,1,20,20,zero,
ippo,shock,3,48,0,13,3.0,3,0,11,11,zero,
ippo,shock,3,48,1,13,11.0,11,0,3,3,zero,
ippo,shock,3,48,2,13,16.0,16,0,20,20,zero,
ippo,shock,3,49,0,13,1.0,1,0,17,17,zero,
ippo,shock,3,49,1,13,14.0,14,0,5,5,zero,
ippo,shock,3,49,2,13,31.0,31,0,0,0,zero,
ippo,shock,3,50,0,12,7.0,0,7,11,11,zero,
ippo,shock,3,50,1,12,23.0,23,0,18,18,zero,
ippo,shock,3,50,2,12,13.0,13,0,0,0,zero,
ippo,shock,3,51,0,14,3.0,0,3,11,11,zero,
ippo,shock,3,51,1,14,32.0,32,0,12,12,zero,
ippo,shock,3,51,2,14,21.0,21,0,14,14,zero,
ippo,shock,3,52,0,14,6.0,0,6,17,17,zero,
ippo,shock,3,52,1,14,19.0,19,0,6,6,zero,
ippo,shock,3,52,2,14,35.0,35,0,20,20,zero,
ippo,shock,3,53,0,14,3.0,0,3,17,17,zero,
ippo,shock,3,53,1,14,7.0,7,0,18,18,zero,
ippo,shock,3,53,2,14,17.0,17,0,2,2,zero,
ippo,shock,3,54,0,14,6.0,0,6,17,17,zero,
ippo,shock,3,54,1,14,8.0,8,0,18,18,zero,
ippo,shock,3,54,2,14,1.0,0,1,19,19,zero,
ippo,shock,3,55,0,12,7.0,0,7,11,11,zero,
ippo,shock,3,55,1,12,9.0,9,0,18,18,zero,
ippo,shock,3,55,2,12,5.0,0,5,19,19,zero,
ippo,shock,3,56,0,11,1.0,0,1,11,11,zero,
ippo,shock,3,56,1,11,4.0,4,0,18,18,zero,
ippo,shock,3,56,2,11,3.0,0,3,20,20,zero,
ippo,shock,3,57,0,12,4.0,4,0,7,7,zero,
ippo,shock,3,57,1,12,15.0,15,0,12,12,zero,
ippo,shock,3,57,2,12,13.0,0,13,19,19,zero,
ippo,shock,3,58,0,13,8.0,8,0,11,11,zero,
ippo,shock,3,58,1,13,21.0,21,0,3,3,zero,
ippo,shock,3,58,2,13,3.0,3,0,2,2,zero,
ippo,shock,3,59,0,13,6.0,6,0,17,17,zero,
ippo,shock,3,59,1,13,18.0,18,0,3,3,zero,
ippo,shock,3,59,2,13,19.0,19,0,0,0,zero,
ippo,shock,3,60,0,14,3.0,3,0,17,17,zero,
ippo,shock,3,60,1,14,21.0,21,0,8,8,zero,
ippo,shock,3,60,2,14,31.0,31,0,0,0,zero,
ippo,shock,3,61,0,15,5.0,0,5,17,17,zero,
ippo,shock,3,61,1,15,6.0,6,0,18,18,zero,
ippo,shock,3,61,2,15,32.0,32,0,2,2,zero,
ippo,shock,3,62,0,14,8.0,0,8,17,17,zero,
ippo,shock,3,62,1,14,5.0,5,0,18,18,zero,
ippo,shock,3,62,2,14,16.0,16,0,17,17,zero,
ippo,shock,3,63,0,15,6.0,0,6,11,11,zero,
ippo,shock,3,63,1,15,3.0,0,3,18,18,zero,
ippo,shock,3,63,2,15,2.0,0,2,20,20,zero,
ippo,shock,3,64,0,18,7.0,0,7,11,11,zero,
ippo,shock,3,64,1,18,6.0,0,6,18,18,zero,
ippo,shock,3,64,2,18,20.0,0,20,19,19,zero,
ippo,shock,3,65,0,17,7.0,0,7,17,17,zero,
ippo,shock,3,65,1,17,5.0,0,5,18,18,zero,
ippo,shock,3,65,2,17,36.0,0,36,15,15,zero,
ippo,shock,3,66,0,18,8.0,0,8,17,17,zero,
ippo,shock,3,66,1,18,4.0,0,4,20,20,zero,
ippo,shock,3,66,2,18,39.0,0,39,20,20,zero,
ippo,shock,3,67,0,20,20.0,0,20,17,17,zero,
ippo,shock,3,67,1,20,5.0,0,5,20,20,zero,
ippo,shock,3,67,2,20,39.0,0,39,20,20,zero,
ippo,shock,3,68,0,20,32.0,0,32,17,17,zero,
ippo,shock,3,68,1,20,22.0,0,22,20,20,zero,
ippo,shock,3,68,2,20,40.0,0,40,20,20,zero,
ippo,shock,3,69,0,20,34.0,0,34,17,17,zero,
ippo,shock,3,69,1,20,37.0,0,37,20,20,zero,
ippo,shock,3,69,2,20,45.0,0,45,20,20,zero,
ippo,shock,3,70,0,20,36.0,0,36,17,17,zero,
ippo,shock,3,70,1,20,37.0,0,37,20,20,zero,
ippo,shock,3,70,2,20,45.0,0,45,20,20,zero,
ippo,shock,3,71,0,20,40.0,0,40,17,17,zero,
ippo,shock,3,71,1,20,34.0,0,34,20,20,zero,
ippo,shock,3,71,2,20,45.0,0,45,20,20,zero,
ippo,shock,3,72,0,20,60.0,0,60,17,17,zero,
ippo,shock,3,72,1,20,32.0,0,32,20,20,zero,
ippo,shock,3,72,2,20,45.0,0,45,20,20,zero,
ippo,shock,3,73,0,20,78.0,0,78,18,18,zero,
ippo,shock,3,73,1,20,35.0,0,35,20,20,zero,
ippo,shock,3,73,2,20,45.0,0,45,20,20,zero,
ippo,shock,3,74,0,20,81.0,0,81,18,18,zero,
ippo,shock,3,74,1,20,33.0,0,33,20,20,zero,
ippo,shock,3,74,2,20,45.0,0,45,20,20,zero,
ippo,shock,3,75,0,19,80.0,0,80,18,18,zero,
ippo,shock,3,75,1,19,31.0,0,31,20,20,zero,
ippo,shock,3,75,2,19,45.0,0,45,20,20,zero,
ippo,shock,3,76,0,19,80.0,0,80,18,18,zero,
ippo,shock,3,76,1,19,29.0,0,29,20,20,zero,
ippo,shock,3,76,2,19,45.0,0,45,20,20,zero,
ippo,shock,3,77,0,18,83.0,0,83,18,18,zero,
ippo,shock,3,77,1,18,27.0,0,27,20,20,zero,
ippo,shock,3,77,2,18,45.0,0,45,20,20,zero,
ippo,shock,3,78,0,19,82.0,0,82,18,18,zero,
ippo,shock,3,78,1,19,25.0,0,25,20,20,zero,
ippo,shock,3,78,2,19,45.0,0,45,20,20,zero,
ippo,shock,3,79,0,20,82.0,0,82,18,18,zero,
ippo,shock,3,79,1,20,23.0,0,23,20,20,zero,
ippo,shock,3,79,2,20,45.0,0,45,20,20,zero,
ippo,shock,3,80,0,19,81.0,0,81,18,18,zero,
ippo,shock,3,80,1,19,21.0,0,21,20,20,zero,
ippo,shock,3,80,2,19,45.0,0,45,20,20,zero,
ippo,shock,3,81,0,20,81.0,0,81,18,18,zero,
ippo,shock,3,81,1,20,19.0,0,19,20,20,zero,
ippo,shock,3,81,2,20,45.0,0,45,20,20,zero,
ippo,shock,3,82,0,20,81.0,0,81,18,18,zero,
ippo,shock,3,82,1,20,17.0,0,17,20,20,zero,
ippo,shock,3,82,2,20,45.0,0,45,20,20,zero,
ippo,shock,3,83,0,20,81.0,0,81,18,18,zero,
ippo,shock,3,83,1,20,15.0,0,15,20,20,zero,
ippo,shock,3,83,2,20,45.0,0,45,20,20,zero,
ippo,shock,3,84,0,20,81.0,0,81,18,18,zero,
ippo,shock,3,84,1,20,13.0,0,13,20,20,zero,
ippo,shock,3,84,2,20,45.0,0,45,20,20,zero,
ippo,shock,3,85,0,20,81.0,0,81,18,18,zero,
ippo,shock,3,85,1,20,11.0,0,11,20,20,zero,
ippo,shock,3,85,2,20,45.0,0,45,20,20,zero,
ippo,shock,3,86,0,20,81.0,0,81,18,18,zero,
ippo,shock,3,86,1,20,9.0,0,9,20,20,zero,
ippo,shock,3,86,2,20,45.0,0,45,20,20,zero,
ippo,shock,3,87,0,20,81.0,0,81,18,18,zero,
ippo,shock,3,87,1,20,7.0,0,7,20,20,zero,
ippo,shock,3,87,2,20,45.0,0,45,20,20,zero,
ippo,shock,3,88,0,20,81.0,0,81,18,18,zero,
ippo,shock,3,88,1,20,5.0,0,5,20,20,zero,
ippo,shock,3,88,2,20,45.0,0,45,20,20,zero,
ippo,shock,3,89,0,20,81.0,0,81,18,18,zero,
ippo,shock,3,89,1,20,3.0,0,3,20,20,zero,
ippo,shock,3,89,2,20,45.0,0,45,20,20,zero,
ippo,shock,3,90,0,20,81.0,0,81,18,18,zero,
ippo,shock,3,90,1,20,1.0,0,1,20,20,zero,
ippo,shock,3,90,2,20,45.0,0,45,20,20,zero,
ippo,shock,3,91,0,20,81.0,0,81,18,18,zero,91
ippo,shock,3,91,1,20,1.0,1,0,20,20,zero,91
ippo,shock,3,91,2,20,45.0,0,45,20,20,zero,91
ippo,shock,3,92,0,20,81.0,0,81,18,18,zero,91
ippo,shock,3,92,1,20,3.0,3,0,20,20,zero,91
ippo,shock,3,92,2,20,45.0,0,45,20,20,zero,91
ippo,shock,3,93,0,20,81.0,0,81,18,18,zero,91
ippo,shock,3,93,1,20,5.0,5,0,20,20,zero,91
ippo,shock,3,93,2,20,45.0,0,45,20,20,zero,91
ippo,shock,3,94,0,20,81.0,0,81,18,18,zero,91
ippo,shock,3,94,1,20,7.0,7,0,20,20,zero,91
ippo,shock,3,94,2,20,45.0,0,45,20,20,zero,91
ippo,shock,3,95,0,20,82.0,0,82,18,18,zero,91
ippo,shock,3,95,1,20,9.0,9,0,18,18,zero,91
ippo,shock,3,95,2,20,43.0,0,43,20,20,zero,91
ippo,shock,3,96,0,20,84.0,0,84,18,18,zero,91
ippo,shock,3,96,1,20,11.0,11,0,18,18,zero,91
ippo,shock,3,96,2,20,41.0,0,41,20,20,zero,91
ippo,shock,3,97,0,20,86.0,0,86,18,18,zero,91
ippo,shock,3,97,1,20,13.0,13,0,18,18,zero,91
ippo,shock,3,97,2,20,39.0,0,39,20,20,zero,91
ippo,shock,3,98,0,20,88.0,0,88,18,18,zero,91
ippo,shock,3,98,1,20,15.0,15,0,12,12,zero,91
ippo,shock,3,98,2,20,31.0,0,31,20,20,zero,91
ippo,shock,3,99,0,20,90.0,0,90,18,18,zero,91
ippo,shock,3,99,1,20,17.0,17,0,12,12,zero,91
ippo,shock,3,99,2,20,23.0,0,23,20,20,zero,91
ippo,shock,3,100,0,20,92.0,0,92,18,18,zero,91
ippo,shock,3,100,1,20,19.0,19,0,12,12,zero,91
ippo,shock,3,100,2,20,15.0,0,15,20,20,zero,91
ippo,shock,3,101,0,20,94.0,0,94,18,18,zero,91
ippo,shock,3,101,1,20,21.0,21,0,12,12,zero,91
ippo,shock,3,101,2,20,7.0,0,7,0,0,zero,91
ippo,shock,3,102,0,20,96.0,0,96,18,18,zero,91
ippo,shock,3,102,1,20,23.0,23,0,12,12,zero,91
ippo,shock,3,102,2,20,1.0,1,0,20,20,zero,91
ippo,shock,3,103,0,20,98.0,0,98,18,18,zero,91
ippo,shock,3,103,1,20,25.0,25,0,12,12,zero,91
ippo,shock,3,103,2,20,9.0,9,0,20,20,zero,91
ippo,shock,3,104,0,20,100.0,0,100,18,18,zero,91
ippo,shock,3,104,1,20,27.0,27,0,12,12,zero,91
ippo,shock,3,104,2,20,17.0,17,0,20,20,zero,91
ippo,shock,3,105,0,20,102.0,0,102,18,18,zero,91
ippo,shock,3,105,1,20,29.0,29,0,12,12,zero,91
ippo,shock,3,105,2,20,5.0,5,0,20,20,zero,91
ippo,shock,3,106,0,20,104.0,0,104,18,18,zero,91
ippo,shock,3,106,1,20,30.0,30,0,12,12,zero,91
ippo,shock,3,106,2,20,13.0,13,0,2,2,zero,91
ippo,shock,3,107,0,20,106.0,0,106,18,18,zero,91
ippo,shock,3,107,1,20,24.0,24,0,18,18,zero,91
ippo,shock,3,107,2,20,15.0,15,0,2,2,zero,91
ippo,shock,3,108,0,20,108.0,0,108,18,18,zero,91
ippo,shock,3,108,1,20,18.0,18,0,18,18,zero,91
ippo,shock,3,108,2,20,17.0,17,0,19,19,zero,91
ippo,shock,3,109,0,10,100.0,0,100,18,18,zero,91
ippo,shock,3,109,1,10,12.0,12,0,18,18,zero,91
ippo,shock,3,109,2,10,19.0,19,0,19,19,zero,91
ippo,shock,3,110,0,10,92.0,0,92,18,18,zero,91
ippo,shock,3,110,1,10,6.0,6,0,18,18,zero,91
ippo,shock,3,110,2,10,3.0,3,0,19,19,zero,91
ippo,shock,3,111,0,10,84.0,0,84,18,18,zero,91
ippo,shock,3,111,1,10,6.0,6,0,18,18,zero,91
ippo,shock,3,111,2,10,13.0,0,13,19,19,zero,91
ippo,shock,3,112,0,9,75.0,0,75,18,18,zero,91
ippo,shock,3,112,1,9,6.0,6,0,20,20,zero,91
ippo,shock,3,112,2,9,14.0,0,14,19,19,zero,91
ippo,shock,3,113,0,9,66.0,0,66,18,18,zero,91
ippo,shock,3,113,1,9,6.0,6,0,20,20,zero,91
ippo,shock,3,113,2,9,15.0,0,15,2,2,zero,91
ippo,shock,3,114,0,10,58.0,0,58,18,18,zero,91
ippo,shock,3,114,1,10,6.0,6,0,20,20,zero,91
ippo,shock,3,114,2,10,16.0,0,16,20,20,zero,91
ippo,shock,3,115,0,10,50.0,0,50,18,18,zero,91
ippo,shock,3,115,1,10,7.0,0,7,20,20,zero,91
ippo,shock,3,115,2,10,17.0,0,17,20,20,zero,91
ippo,shock,3,116,0,10,42.0,0,42,18,18,zero,91
ippo,shock,3,116,1,10,6.0,0,6,20,20,zero,91
ippo,shock,3,116,2,10,18.0,0,18,20,20,zero,91
ippo,shock,3,117,0,10,34.0,0,34,18,18,zero,91
ippo,shock,3,117,1,10,5.0,0,5,20,20,zero,91
ippo,shock,3,117,2,10,36.0,0,36,20,20,zero,91
ippo,shock,3,118,0,10,26.0,0,26,18,18,zero,91
ippo,shock,3,118,1,10,4.0,0,4,20,20,zero,91
ippo,shock,3,118,2,10,36.0,0,36,20,20,zero,91
ippo,shock,3,119,0,10,25.0,0,25,20,20,zero,91
ippo,shock,3,119,1,10,5.0,0,5,20,20,zero,91
ippo,shock,3,119,2,10,36.0,0,36,20,20,zero,91
ippo,shock,3,120,0,10,16.0,0,16,3,3,zero,91
ippo,shock,3,120,1,10,11.0,11,0,20,20,zero,91
ippo,shock,3,120,2,10,36.0,0,36,20,20,zero,91
ippo,shock,3,121,0,10,7.0,0,7,3,3,zero,91
ippo,shock,3,121,1,10,10.0,10,0,6,6,zero,91
ippo,shock,3,121,2,10,22.0,0,22,20,20,zero,91
ippo,shock,3,122,0,10,2.0,2,0,3,3,zero,91
ippo,shock,3,122,1,10,27.0,27,0,0,0,zero,91
ippo,shock,3,122,2,10,2.0,0,2,20,20,zero,91
ippo,shock,3,123,0,10,11.0,11,0,11,11,zero,91
ippo,shock,3,123,1,10,36.0,36,0,0,0,zero,91
ippo,shock,3,123,2,10,18.0,18,0,0,0,zero,91
ippo,shock,3,124,0,10,9.0,9,0,17,17,zero,91
ippo,shock,3,124,1,10,39.0,39,0,3,3,zero,91
ippo,shock,3,124,2,10,35.0,35,0,0,0,zero,91
ippo,shock,3,125,0,10,2.0,2,0,17,17,zero,91
ippo,shock,3,125,1,10,42.0,42,0,19,19,zero,91
ippo,shock,3,125,2,10,36.0,36,0,0,0,zero,91
ippo,shock,3,126,0,10,5.0,0,5,7,7,zero,91
ippo,shock,3,126,1,10,55.0,55,0,6,6,zero,91
ippo,shock,3,126,2,10,50.0,50,0,14,14,zero,91
ippo,shock,3,127,0,10,4.0,0,4,5,5,zero,91
ippo,shock,3,127,1,10,52.0,52,0,2,2,zero,91
ippo,shock,3,127,2,10,48.0,48,0,2,2,zero,91
ippo,shock,3,128,0,10,3.0,3,0,12,12,zero,91
ippo,shock,3,128,1,10,43.0,43,0,2,2,zero,91
ippo,shock,3,128,2,10,46.0,46,0,0,0,zero,91
ippo,shock,3,129,0,10,10.0,10,0,11,11,zero,91
ippo,shock,3,129,1,10,51.0,51,0,2,2,zero,91
ippo,shock,3,129,2,10,44.0,44,0,0,0,zero,91
ippo,shock,3,130,0,10,7.0,7,0,11,11,zero,91
ippo,shock,3,130,1,10,46.0,46,0,2,2,zero,91
ippo,shock,3,130,2,10,56.0,56,0,0,0,zero,91
ippo,shock,3,131,0,10,2.0,2,0,7,7,zero,91
ippo,shock,3,131,1,10,41.0,41,0,17,17,zero,91
ippo,shock,3,131,2,10,41.0,41,0,0,0,zero,91
ippo,shock,3,132,0,10,4.0,4,0,11,11,zero,91
ippo,shock,3,132,1,10,32.0,32,0,2,2,zero,91
ippo,shock,3,132,2,10,39.0,39,0,2,2,zero,91
ippo,shock,3,133,0,10,5.0,5,0,11,11,zero,91
ippo,shock,3,133,1,10,23.0,23,0,17,17,zero,91
ippo,shock,3,133,2,10,22.0,22,0,2,2,zero,91
ippo,shock,3,134,0,10,6.0,6,0,11,11,zero,91
ippo,shock,3,134,1,10,14.0,14,0,17,17,zero,91
ippo,shock,3,134,2,10,5.0,5,0,20,20,zero,91
ippo,shock,3,135,0,10,3.0,3,0,11,11,zero,91
ippo,shock,3,135,1,10,20.0,20,0,1,1,zero,91
ippo,shock,3,135,2,10,4.0,4,0,20,20,zero,91
ippo,shock,3,136,0,10,4.0,4,0,11,11,zero,91
ippo,shock,3,136,1,10,11.0,11,0,17,17,zero,91
ippo,shock,3,136,2,10,11.0,0,11,2,2,zero,91
ippo,shock,3,137,0,10,5.0,5,0,11,11,zero,91
ippo,shock,3,137,1,10,17.0,17,0,17,17,zero,91
ippo,shock,3,137,2,10,26.0,0,26,2,2,zero,91
ippo,shock,3,138,0,10,6.0,6,0,11,11,zero,91
ippo,shock,3,138,1,10,23.0,23,0,12,12,zero,91
ippo,shock,3,138,2,10,18.0,0,18,20,20,zero,91
ippo,shock,3,139,0,10,7.0,7,0,7,7,zero,91
ippo,shock,3,139,1,10,17.0,17,0,12,12,zero,91
ippo,shock,3,139,2,10,10.0,0,10,20,20,zero,91
ippo,shock,3,140,0,10,8.0,8,0,11,11,zero,91
ippo,shock,3,140,1,10,12.0,12,0,1,1,zero,91
ippo,shock,3,140,2,10,9.0,0,9,20,20,zero,91
ippo,shock,3,141,0,8,11.0,11,0,11,11,zero,91
ippo,shock,3,141,1,8,3.0,3,0,6,6,zero,91
ippo,shock,3,141,2,8,13.0,0,13,0,0,zero,91
ippo,shock,3,142,0,8,14.0,14,0,3,3,zero,91
ippo,shock,3,142,1,8,20.0,20,0,17,17,zero,91
ippo,shock,3,142,2,8,10.0,0,10,0,0,zero,91
ippo,shock,3,143,0,8,13.0,13,0,1,1,zero,91
ippo,shock,3,143,1,8,39.0,39,0,2,2,zero,91
ippo,shock,3,143,2,8,8.0,8,0,14,14,zero,91
ippo,shock,3,144,0,9,15.0,15,0,1,1,zero,91
ippo,shock,3,144,1,9,40.0,40,0,0,0,zero,91
ippo,shock,3,144,2,9,28.0,28,0,14,14,zero,91
ippo,shock,3,145,0,9,17.0,17,0,11,11,zero,91
ippo,shock,3,145,1,9,31.0,31,0,1,1,zero,91
ippo,shock,3,145,2,9,27.0,27,0,0,0,zero,91
ippo,shock,3,146,0,9,11.0,11,0,11,11,zero,91
ippo,shock,3,146,1,9,40.0,40,0,2,2,zero,91
ippo,shock,3,146,2,9,25.0,25,0,0,0,zero,91
ippo,shock,3,147,0,9,3.0,3,0,11,11,zero,91
ippo,shock,3,147,1,9,41.0,41,0,2,2,zero,91
ippo,shock,3,147,2,9,37.0,37,0,0,0,zero,91
ippo,shock,3,148,0,8,4.0,0,4,11,11,zero,91
ippo,shock,3,148,1,8,30.0,30,0,17,17,zero,91
ippo,shock,3,148,2,8,34.0,34,0,0,0,zero,91
ippo,shock,3,149,0,16,9.0,0,9,7,7,zero,91
ippo,shock,3,149,1,16,24.0,24,0,2,2,zero,91
ippo,shock,3,149,2,16,32.0,32,0,16,16,zero,91
ippo,shock,3,150,0,16,14.0,0,14,17,17,zero,91
ippo,shock,3,150,1,16,9.0,9,0,1,1,zero,91
ippo,shock,3,150,2,16,31.0,31,0,2,2,zero,91
ippo,shock,3,151,0,18,21.0,0,21,17,17,zero,91
ippo,shock,3,151,1,18,6.0,0,6,17,17,zero,91
ippo,shock,3,151,2,18,14.0,14,0,0,0,zero,91
ippo,shock,3,152,0,17,27.0,0,27,17,17,zero,91
ippo,shock,3,152,1,17,6.0,0,6,17,17,zero,91
ippo,shock,3,152,2,17,3.0,0,3,16,16,zero,91
ippo,shock,3,153,0,18,38.0,0,38,17,17,zero,91
ippo,shock,3,153,1,18,21.0,0,21,17,17,zero,91
ippo,shock,3,153,2,18,4.0,0,4,20,20,zero,91
ippo,shock,3,154,0,19,40.0,0,40,17,17,zero,91
ippo,shock,3,154,1,19,37.0,0,37,17,17,zero,91
ippo,shock,3,154,2,19,19.0,0,19,19,19,zero,91
ippo,shock,3,155,0,19,48.0,0,48,17,17,zero,91
ippo,shock,3,155,1,19,37.0,0,37,17,17,zero,91
ippo,shock,3,155,2,19,36.0,0,36,2,2,zero,91
ippo,shock,3,156,0,16,47.0,0,47,17,17,zero,91
ippo,shock,3,156,1,16,40.0,0,40,17,17,zero,91
ippo,shock,3,156,2,16,37.0,0,37,20,20,zero,91
ippo,shock,3,157,0,14,59.0,0,59,18,18,zero,91
ippo,shock,3,157,1,14,42.0,0,42,17,17,zero,91
ippo,shock,3,157,2,14,34.0,0,34,20,20,zero,91
ippo,shock,3,158,0,14,72.0,0,72,18,18,zero,91
ippo,shock,3,158,1,14,58.0,0,58,17,17,zero,91
ippo,shock,3,158,2,14,32.0,0,32,20,20,zero,91
ippo,shock,3,159,0,12,67.0,0,67,18,18,zero,91
ippo,shock,3,159,1,12,76.0,0,76,18,18,zero,91
ippo,shock,3,159,2,12,48.0,0,48,20,20,zero,91
ippo,shock,3,160,0,13,66.0,0,66,18,18,zero,91
ippo,shock,3,160,1,13,78.0,0,78,17,17,zero,91
ippo,shock,3,160,2,13,45.0,0,45,20,20,zero,91
ippo,shock,3,161,0,19,69.0,0,69,18,18,zero,91
ippo,shock,3,161,1,19,76.0,0,76,19,19,zero,91
ippo,shock,3,161,2,19,44.0,0,44,20,20,zero,91
ippo,shock,3,162,0,18,85.0,0,85,18,18,zero,91
ippo,shock,3,162,1,18,75.0,0,75,19,19,zero,91
ippo,shock,3,162,2,18,43.0,0,43,20,20,zero,91
ippo,shock,3,163,0,18,103.0,0,103,18,18,zero,91
ippo,shock,3,163,1,18,91.0,0,91,19,19,zero,91
ippo,shock,3,163,2,18,42.0,0,42,20,20,zero,91
ippo,shock,3,164,0,16,103.0,0,103,18,18,zero,91
ippo,shock,3,164,1,16,89.0,0,89,11,11,zero,91
ippo,shock,3,164,2,16,33.0,0,33,20,20,zero,91
ippo,shock,3,165,0,15,98.0,0,98,18,18,zero,91
ippo,shock,3,165,1,15,87.0,0,87,11,11,zero,91
ippo,shock,3,165,2,15,24.0,0,24,20,20,zero,91
ippo,shock,3,166,0,14,93.0,0,93,18,18,zero,91
ippo,shock,3,166,1,14,85.0,0,85,11,11,zero,91
ippo,shock,3,166,2,14,15.0,0,15,4,4,zero,91
ippo,shock,3,167,0,13,104.0,0,104,18,18,zero,91
ippo,shock,3,167,1,13,83.0,0,83,11,11,zero,91
ippo,shock,3,167,2,13,6.0,0,6,20,20,zero,91
ippo,shock,3,168,0,14,98.0,0,98,18,18,zero,91
ippo,shock,3,168,1,14,81.0,0,81,11,11,zero,91
ippo,shock,3,168,2,14,3.0,3,0,20,20,zero,91
ippo,shock,3,169,0,15,93.0,0,93,18,18,zero,91
ippo,shock,3,169,1,15,79.0,0,79,19,19,zero,91
ippo,shock,3,169,2,15,4.0,4,0,20,20,zero,91
ippo,shock,3,170,0,14,87.0,0,87,18,18,zero,91
ippo,shock,3,170,1,14,77.0,0,77,19,19,zero,91
ippo,shock,3,170,2,14,11.0,0,11,20,20,zero,91
ippo,shock,3,171,0,14,81.0,0,81,18,18,zero,91
ippo,shock,3,171,1,14,75.0,0,75,19,19,zero,91
ippo,shock,3,171,2,14,10.0,0,10,20,20,zero,91
ippo,shock,3,172,0,15,76.0,0,76,18,18,zero,91
ippo,shock,3,172,1,15,76.0,0,76,19,19,zero,91
ippo,shock,3,172,2,15,9.0,0,9,20,20,zero,91
ippo,shock,3,173,0,16,72.0,0,72,18,18,zero,91
ippo,shock,3,173,1,16,75.0,0,75,19,19,zero,91
ippo,shock,3,173,2,16,8.0,0,8,2,2,zero,91
ippo,shock,3,174,0,14,66.0,0,66,18,18,zero,91
ippo,shock,3,174,1,14,85.0,0,85,20,20,zero,91
ippo,shock,3,174,2,14,8.0,0,8,20,20,zero,91
ippo,shock,3,175,0,12,58.0,0,58,18,18,zero,91
ippo,shock,3,175,1,12,83.0,0,83,11,11,zero,91
ippo,shock,3,175,2,12,1.0,1,0,20,20,zero,91
ippo,shock,3,176,0,11,52.0,0,52,18,18,zero,91
ippo,shock,3,176,1,11,81.0,0,81,11,11,zero,91
ippo,shock,3,176,2,11,10.0,10,0,20,20,zero,91
ippo,shock,3,177,0,12,45.0,0,45,18,18,zero,91
ippo,shock,3,177,1,12,79.0,0,79,19,19,zero,91
ippo,shock,3,177,2,12,7.0,0,7,19,19,zero,91
ippo,shock,3,178,0,13,50.0,0,50,18,18,zero,91
ippo,shock,3,178,1,13,77.0,0,77,19,19,zero,91
ippo,shock,3,178,2,13,6.0,0,6,19,19,zero,91
ippo,shock,3,179,0,12,42.0,0,42,18,18,zero,91
ippo,shock,3,179,1,12,76.0,0,76,19,19,zero,91
ippo,shock,3,179,2,12,5.0,0,5,19,19,zero,91
ippo,shock,3,180,0,12,34.0,0,34,18,18,zero,91
ippo,shock,3,180,1,12,83.0,0,83,20,20,zero,91
ippo,shock,3,180,2,12,5.0,0,5,2,2,zero,91
ippo,shock,3,181,0,11,25.0,0,25,18,18,zero,91
ippo,shock,3,181,1,11,89.0,0,89,20,20,zero,91
ippo,shock,3,181,2,11,6.0,0,6,19,19,zero,91
ippo,shock,3,182,0,11,16.0,0,16,18,18,zero,91
ippo,shock,3,182,1,11,87.0,0,87,11,11,zero,91
ippo,shock,3,182,2,11,2.0,2,0,20,20,zero,91
ippo,shock,3,183,0,11,8.0,0,8,3,3,zero,91
ippo,shock,3,183,1,11,70.0,0,70,11,11,zero,91
ippo,shock,3,183,2,11,10.0,10,0,20,20,zero,91
ippo,shock,3,184,0,12,9.0,0,9,3,3,zero,91
ippo,shock,3,184,1,12,53.0,0,53,0,0,zero,91
ippo,shock,3,184,2,12,12.0,12,0,19,19,zero,91
ippo,shock,3,185,0,14,11.0,0,11,3,3,zero,91
ippo,shock,3,185,1,14,37.0,0,37,3,3,zero,91
ippo,shock,3,185,2,14,28.0,28,0,2,2,zero,91
ippo,shock,3,186,0,18,9.0,0,9,11,11,zero,91
ippo,shock,3,186,1,18,31.0,0,31,3,3,zero,91
ippo,shock,3,186,2,18,45.0,45,0,0,0,zero,91
ippo,shock,3,187,0,19,8.0,0,8,17,17,zero,91
ippo,shock,3,187,1,19,37.0,0,37,20,20,zero,91
ippo,shock,3,187,2,19,45.0,45,0,0,0,zero,91
ippo,shock,3,188,0,20,8.0,0,8,18,18,zero,91
ippo,shock,3,188,1,20,55.0,0,55,20,20,zero,91
ippo,shock,3,188,2,20,44.0,44,0,2,2,zero,91
ippo,shock,3,189,0,19,8.0,0,8,18,18,zero,91
ippo,shock,3,189,1,19,70.0,0,70,20,20,zero,91
ippo,shock,3,189,2,19,26.0,26,0,19,19,zero,91
ippo,shock,3,190,0,19,10.0,0,10,18,18,zero,91
ippo,shock,3,190,1,19,85.0,0,85,20,20,zero,91
ippo,shock,3,190,2,19,6.0,6,0,19,19,zero,91
ippo,shock,3,191,0,17,16.0,0,16,18,18,zero,91
ippo,shock,3,191,1,17,83.0,0,83,20,20,zero,91
ippo,shock,3,191,2,17,14.0,0,14,19,19,zero,91
ippo,shock,3,192,0,14,30.0,0,30,18,18,zero,91
ippo,shock,3,192,1,14,81.0,0,81,20,20,zero,91
ippo,shock,3,192,2,14,32.0,0,32,19,19,zero,91
ippo,shock,3,193,0,16,43.0,0,43,18,18,zero,91
ippo,shock,3,193,1,16,79.0,0,79,20,20,zero,91
ippo,shock,3,193,2,16,33.0,0,33,20,20,zero,91
ippo,shock,3,194,0,15,55.0,0,55,18,18,zero,91
ippo,shock,3,194,1,15,77.0,0,77,20,20,zero,91
ippo,shock,3,194,2,15,34.0,0,34,20,20,zero,91
ippo,shock,3,195,0,14,49.0,0,49,18,18,zero,91
ippo,shock,3,195,1,14,89.0,0,89,20,20,zero,91
ippo,shock,3,195,2,14,35.0,0,35,20,20,zero,91
ippo,shock,3,196,0,14,43.0,0,43,18,18,zero,91
ippo,shock,3,196,1,14,105.0,0,105,20,20,zero,91
ippo,shock,3,196,2,14,36.0,0,36,20,20,zero,91
ippo,shock,3,197,0,14,37.0,0,37,18,18,zero,91
ippo,shock,3,197,1,14,104.0,0,104,20,20,zero,91
ippo,shock,3,197,2,14,36.0,0,36,20,20,zero,91
ippo,shock,3,198,0,12,29.0,0,29,18,18,zero,91
ippo,shock,3,198,1,12,103.0,0,103,20,20,zero,91
ippo,shock,3,198,2,12,36.0,0,36,20,20,zero,91
ippo,shock,3,199,0,13,36.0,0,36,18,18,zero,91
ippo,shock,3,199,1,13,102.0,0,102,20,20,zero,91
ippo,shock,3,199,2,13,36.0,0,36,20,20,zero,91
ippo,shock,3,200,0,12,46.0,0,46,18,18,zero,91
ippo,shock,3,200,1,12,101.0,0,101,20,20,zero,91
ippo,shock,3,200,2,12,36.0,0,36,20,20,zero,91
online_feedback,base,0,1,0,10,10.0,10,0,17,17,zero,
online_feedback,base,0,1,1,10,3.0,3,0,2,2,zero,
online_feedback,base,0,1,2,10,18.0,18,0,0,0,zero,
online_feedback,base,0,2,0,10,10.0,10,0,2,2,zero,
online_feedback,base,0,2,1,10,11.0,11,0,16,16,zero,
online_feedback,base,0,2,2,10,12.0,12,0,0,0,zero,
online_feedback,base,0,3,0,10,10.0,10,0,16,16,zero,
online_feedback,base,0,3,1,10,5.0,5,0,2,2,zero,
online_feedback,base,0,3,2,10,20.0,20,0,20,20,zero,
online_feedback,base,0,4,0,9,11.0,11,0,2,2,zero,
online_feedback,base,0,4,1,9,13.0,13,0,10,10,zero,
online_feedback,base,0,4,2,9,20.0,20,0,1,1,zero,
online_feedback,base,0,5,0,10,18.0,18,0,8,8,zero,
online_feedback,base,0,5,1,10,7.0,7,0,10,10,zero,
online_feedback,base,0,5,2,10,10.0,10,0,7,7,zero,
online_feedback,base,0,6,0,10,10.0,10,0,8,8,zero,
online_feedback,base,0,6,1,10,15.0,15,0,3,3,zero,
online_feedback,base,0,6,2,10,7.0,7,0,7,7,zero,
online_feedback,base,0,7,0,9,17.0,17,0,8,8,zero,
online_feedback,base,0,7,1,9,9.0,9,0,10,10,zero,
online_feedback,base,0,7,2,9,17.0,17,0,0,0,zero,
online_feedback,base,0,8,0,10,9.0,9,0,8,8,zero,
online_feedback,base,0,8,1,10,11.0,11,0,10,10,zero,
online_feedback,base,0,8,2,10,8.0,8,0,16,16,zero,
online_feedback,base,0,9,0,11,6.0,6,0,13,13,zero,
online_feedback,base,0,9,1,11,8.0,8,0,10,10,zero,
online_feedback,base,0,9,2,11,5.0,5,0,20,20,zero,
online_feedback,base,0,10,0,11,3.0,3,0,13,13,zero,
online_feedback,base,0,10,1,11,2.0,0,2,16,16,zero,
online_feedback,base,0,10,2,11,4.0,0,4,20,20,zero,
online_feedback,base,0,11,0,10,1.0,1,0,13,13,zero,
online_feedback,base,0,11,1,10,5.0,0,5,16,16,zero,
online_feedback,base,0,11,2,10,20.0,0,20,20,20,zero,
online_feedback,base,0,12,0,10,1.0,0,1,13,13,zero,
online_feedback,base,0,12,1,10,8.0,0,8,16,16,zero,
online_feedback,base,0,12,2,10,20.0,0,20,20,20,zero,
online_feedback,base,0,13,0,10,2.0,2,0,16,16,zero,
online_feedback,base,0,13,1,10,14.0,0,14,16,16,zero,
online_feedback,base,0,13,2,10,16.0,0,16,20,20,zero,
online_feedback,base,0,14,0,10,3.0,3,0,16,16,zero,
online_feedback,base,0,14,1,10,18.0,0,18,16,16,zero,
online_feedback,base,0,14,2,10,12.0,0,12,20,20,zero,
online_feedback,base,0,15,0,10,3.0,3,0,16,16,zero,
online_feedback,base,0,15,1,10,34.0,0,34,16,16,zero,
online_feedback,base,0,15,2,10,8.0,0,8,20,20,zero,
online_feedback,base,0,16,0,10,3.0,3,0,13,13,zero,
online_feedback,base,0,16,1,10,31.0,0,31,16,16,zero,
online_feedback,base,0,16,2,10,4.0,0,4,20,20,zero,
online_feedback,base,0,17,0,9,4.0,4,0,5,5,zero,
online_feedback,base,0,17,1,9,16.0,0,16,17,17,zero,
online_feedback,base,0,17,2,9,1.0,0,1,16,16,zero,
online_feedback,base,0,18,0,9,7.0,7,0,2,2,zero,
online_feedback,base,0,18,1,9,2.0,2,0,4,4,zero,
online_feedback,base,0,18,2,9,15.0,15,0,20,20,zero,
online_feedback,base,0,19,0,9,2.0,0,2,1,1,zero,
online_feedback,base,0,19,1,9,21.0,21,0,0,0,zero,
online_feedback,base,0,19,2,9,35.0,35,0,0,0,zero,
online_feedback,base,0,20,0,10,4.0,4,0,7,7,zero,
online_feedback,base,0,20,1,10,34.0,34,0,0,0,zero,
online_feedback,base,0,20,2,10,55.0,55,0,0,0,zero,
online_feedback,base,0,21,0,8,16.0,16,0,8,8,zero,
online_feedback,base,0,21,1,8,46.0,46,0,4,4,zero,
online_feedback,base,0,21,2,8,67.0,67,0,0,0,zero,
online_feedback,base,0,22,0,7,27.0,27,0,8,8,zero,
online_feedback,base,0,22,1,7,43.0,43,0,4,4,zero,
online_feedback,base,0,22,2,7,83.0,83,0,0,0,zero,
online_feedback,base,0,23,0,8,20.0,20,0,1,1,zero,
online_feedback,base,0,23,1,8,42.0,42,0,2,2,zero,
online_feedback,base,0,23,2,8,81.0,81,0,0,0,zero,
online_feedback,base,0,24,0,7,20.0,20,0,8,8,zero,
online_feedback,base,0,24,1,7,34.0,34,0,2,2,zero,
online_feedback,base,0,24,2,7,79.0,79,0,0,0,zero,
online_feedback,base,0,25,0,7,21.0,21,0,5,5,zero,
online_feedback,base,0,25,1,7,33.0,33,0,2,2,zero,
online_feedback,base,0,25,2,7,77.0,77,0,0,0,zero,
online_feedback,base,0,26,0,8,21.0,21,0,8,8,zero,
online_feedback,base,0,26,1,8,29.0,29,0,2,2,zero,
online_feedback,base,0,26,2,8,75.0,75,0,0,0,zero,
online_feedback,base,0,27,0,8,14.0,14,0,8,8,zero,
online_feedback,base,0,27,1,8,23.0,23,0,10,10,zero,
online_feedback,base,0,27,2,8,65.0,65,0,0,0,zero,
online_feedback,base,0,28,0,8,14.0,14,0,8,8,zero,
online_feedback,base,0,28,1,8,17.0,17,0,10,10,zero,
online_feedback,base,0,28,2,8,55.0,55,0,0,0,zero,
online_feedback,base,0,29,0,7,12.0,12,0,8,8,zero,
online_feedback,base,0,29,1,7,11.0,11,0,10,10,zero,
online_feedback,base,0,29,2,7,45.0,45,0,0,0,zero,
online_feedback,base,0,30,0,7,13.0,13,0,1,1,zero,
online_feedback,base,0,30,1,7,12.0,12,0,10,10,zero,
online_feedback,base,0,30,2,7,35.0,35,0,0,0,zero,
online_feedback,base,0,31,0,8,13.0,13,0,8,8,zero,
online_feedback,base,0,31,1,8,14.0,14,0,0,0,zero,
online_feedback,base,0,31,2,8,35.0,35,0,4,4,zero,
online_feedback,base,0,32,0,8,13.0,13,0,8,8,zero,
online_feedback,base,0,32,1,8,16.0,16,0,0,0,zero,
online_feedback,base,0,32,2,8,35.0,35,0,0,0,zero,
online_feedback,base,0,33,0,7,14.0,14,0,13,13,zero,
online_feedback,base,0,33,1,7,13.0,13,0,10,10,zero,
online_feedback,base,0,33,2,7,25.0,25,0,0,0,zero,
online_feedback,base,0,34,0,7,8.0,8,0,2,2,zero,
online_feedback,base,0,34,1,7,21.0,21,0,16,16,zero,
online_feedback,base,0,34,2,7,9.0,9,0,1,1,zero,
online_feedback,base,0,35,0,7,9.0,9,0,8,8,zero,
online_feedback,base,0,35,1,7,13.0,13,0,2,2,zero,
online_feedback,base,0,35,2,7,11.0,11,0,20,20,zero,
online_feedback,base,0,36,0,7,10.0,10,0,1,1,zero,
online_feedback,base,0,36,1,7,12.0,12,0,10,10,zero,
online_feedback,base,0,36,2,7,1.0,1,0,1,1,zero,
online_feedback,base,0,37,0,7,16.0,16,0,8,8,zero,
online_feedback,base,0,37,1,7,14.0,14,0,0,0,zero,
online_feedback,base,0,37,2,7,1.0,1,0,16,16,zero,
online_feedback,base,0,38,0,8,10.0,10,0,8,8,zero,
online_feedback,base,0,38,1,8,22.0,22,0,0,0,zero,
online_feedback,base,0,38,2,8,2.0,2,0,0,0,zero,
online_feedback,base,0,39,0,8,10.0,10,0,13,13,zero,
online_feedback,base,0,39,1,8,11.0,11,0,10,10,zero,
online_feedback,base,0,39,2,8,12.0,12,0,0,0,zero,
online_feedback,base,0,40,0,7,4.0,4,0,5,5,zero,
online_feedback,base,0,40,1,7,16.0,16,0,16,16,zero,
online_feedback,base,0,40,2,7,3.0,0,3,0,0,zero,
online_feedback,base,0,41,0,7,5.0,5,0,5,5,zero,
online_feedback,base,0,41,1,7,11.0,11,0,10,10,zero,
online_feedback,base,0,41,2,7,3.0,3,0,19,19,zero,
online_feedback,base,0,42,0,7,6.0,6,0,5,5,zero,
online_feedback,base,0,42,1,7,6.0,6,0,3,3,zero,
online_feedback,base,0,42,2,7,-0.0,0,0,19,19,zero,
online_feedback,base,0,43,0,6,13.0,13,0,8,8,zero,
online_feedback,base,0,43,1,6,8.0,8,0,0,0,zero,
online_feedback,base,0,43,2,6,-0.0,0,0,1,1,zero,
online_feedback,base,0,44,0,6,12.0,12,0,5,5,zero,
online_feedback,base,0,44,1,6,16.0,16,0,0,0,zero,
online_feedback,base,0,44,2,6,-0.0,0,0,0,0,zero,
online_feedback,base,0,45,0,5,12.0,12,0,10,10,zero,
online_feedback,base,0,45,1,5,19.0,19,0,2,2,zero,
online_feedback,base,0,45,2,5,17.0,17,0,0,0,zero,
online_feedback,base,0,46,0,5,12.0,12,0,1,1,zero,
online_feedback,base,0,46,1,5,21.0,21,0,16,16,zero,
online_feedback,base,0,46,2,5,20.0,20,0,0,0,zero,
online_feedback,base,0,47,0,5,15.0,15,0,1,1,zero,
online_feedback,base,0,47,1,5,20.0,20,0,2,2,zero,
online_feedback,base,0,47,2,5,19.0,19,0,16,16,zero,
online_feedback,base,0,48,0,6,14.0,14,0,8,8,zero,
online_feedback,base,0,48,1,6,12.0,12,0,0,0,zero,
online_feedback,base,0,48,2,6,19.0,19,0,1,1,zero,
online_feedback,base,0,49,0,6,18.0,18,0,5,5,zero,
online_feedback,base,0,49,1,6,9.0,9,0,2,2,zero,
online_feedback,base,0,49,2,6,17.0,17,0,0,0,zero,
online_feedback,base,0,50,0,5,14.0,14,0,8,8,zero,
online_feedback,base,0,50,1,5,17.0,17,0,16,16,zero,
online_feedback,base,0,50,2,5,1.0,1,0,0,0,zero,
online_feedback,base,0,51,0,5,10.0,10,0,1,1,zero,
online_feedback,base,0,51,1,5,18.0,18,0,10,10,zero,
online_feedback,base,0,51,2,5,7.0,7,0,19,19,zero,
online_feedback,base,0,52,0,6,12.0,12,0,8,8,zero,
online_feedback,base,0,52,1,6,10.0,10,0,0,0,zero,
online_feedback,base,0,52,2,6,8.0,8,0,19,19,zero,
online_feedback,base,0,53,0,6,11.0,11,0,1,1,zero,
online_feedback,base,0,53,1,6,11.0,11,0,2,2,zero,
online_feedback,base,0,53,2,6,6.0,6,0,1,1,zero,
online_feedback,base,0,54,0,6,13.0,13,0,8,8,zero,
online_feedback,base,0,54,1,6,19.0,19,0,0,0,zero,
online_feedback,base,0,54,2,6,6.0,6,0,0,0,zero,
online_feedback,base,0,55,0,6,8.0,8,0,5,5,zero,
online_feedback,base,0,55,1,6,24.0,24,0,2,2,zero,
online_feedback,base,0,55,2,6,23.0,23,0,0,0,zero,
online_feedback,base,0,56,0,7,9.0,9,0,8,8,zero,
online_feedback,base,0,56,1,7,16.0,16,0,2,2,zero,
online_feedback,base,0,56,2,7,40.0,40,0,0,0,zero,
online_feedback,base,0,57,0,7,3.0,3,0,8,8,zero,
online_feedback,base,0,57,1,7,10.0,10,0,10,10,zero,
online_feedback,base,0,57,2,7,31.0,31,0,0,0,zero,
online_feedback,base,0,58,0,8,3.0,3,0,8,8,zero,
online_feedback,base,0,58,1,8,2.0,2,0,16,16,zero,
online_feedback,base,0,58,2,8,15.0,15,0,0,0,zero,
online_feedback,base,0,59,0,8,-0.0,0,0,8,8,zero,
online_feedback,base,0,59,1,8,4.0,0,4,10,10,zero,
online_feedback,base,0,59,2,8,5.0,5,0,19,19,zero,
online_feedback,base,0,60,0,9,1.0,0,1,16,16,zero,
online_feedback,base,0,60,1,9,18.0,0,18,10,10,zero,
online_feedback,base,0,60,2,9,5.0,0,5,19,19,zero,
online_feedback,base,0,61,0,9,2.0,0,2,8,8,zero,
online_feedback,base,0,61,1,9,16.0,0,16,16,16,zero,
online_feedback,base,0,61,2,9,21.0,0,21,19,19,zero,
online_feedback,base,0,62,0,10,4.0,0,4,13,13,zero,
online_feedback,base,0,62,1,10,13.0,0,13,16,16,zero,
online_feedback,base,0,62,2,10,37.0,0,37,19,19,zero,
online_feedback,base,0,63,0,11,11.0,0,11,13,13,zero,
online_feedback,base,0,63,1,11,16.0,0,16,16,16,zero,
online_feedback,base,0,63,2,11,34.0,0,34,19,19,zero,
online_feedback,base,0,64,0,12,21.0,0,21,13,13,zero,
online_feedback,base,0,64,1,12,24.0,0,24,16,16,zero,
online_feedback,base,0,64,2,12,31.0,0,31,19,19,zero,
online_feedback,base,0,65,0,11,22.0,0,22,13,13,zero,
online_feedback,base,0,65,1,11,37.0,0,37,12,12,zero,
online_feedback,base,0,65,2,11,24.0,0,24,19,19,zero,
online_feedback,base,0,66,0,12,18.0,0,18,13,13,zero,
online_feedback,base,0,66,1,12,50.0,0,50,10,10,zero,
online_feedback,base,0,66,2,12,15.0,0,15,16,16,zero,
online_feedback,base,0,67,0,12,20.0,0,20,13,13,zero,
online_feedback,base,0,67,1,12,44.0,0,44,10,10,zero,
online_feedback,base,0,67,2,12,6.0,0,6,1,1,zero,
online_feedback,base,0,68,0,10,25.0,0,25,13,13,zero,
online_feedback,base,0,68,1,10,38.0,0,38,10,10,zero,
online_feedback,base,0,68,2,10,3.0,3,0,7,7,zero,
online_feedback,base,0,69,0,10,35.0,0,35,13,13,zero,
online_feedback,base,0,69,1,10,32.0,0,32,10,10,zero,
online_feedback,base,0,69,2,10,12.0,12,0,16,16,zero,
online_feedback,base,0,70,0,11,46.0,0,46,17,17,zero,
online_feedback,base,0,70,1,11,30.0,0,30,17,17,zero,
online_feedback,base,0,70,2,11,11.0,11,0,7,7,zero,
online_feedback,base,0,71,0,11,38.0,0,38,17,17,zero,
online_feedback,base,0,71,1,11,28.0,0,28,17,17,zero,
online_feedback,base,0,71,2,11,5.0,0,5,20,20,zero,
online_feedback,base,0,72,0,11,30.0,0,30,17,17,zero,
online_feedback,base,0,72,1,11,29.0,0,29,17,17,zero,
online_feedback,base,0,72,2,11,15.0,0,15,20,20,zero,
online_feedback,base,0,73,0,12,23.0,0,23,17,17,zero,
online_feedback,base,0,73,1,12,36.0,0,36,17,17,zero,
online_feedback,base,0,73,2,12,16.0,0,16,20,20,zero,
online_feedback,base,0,74,0,13,17.0,0,17,17,17,zero,
online_feedback,base,0,74,1,13,36.0,0,36,17,17,zero,
online_feedback,base,0,74,2,13,26.0,0,26,20,20,zero,
online_feedback,base,0,75,0,13,11.0,0,11,17,17,zero,
online_feedback,base,0,75,1,13,41.0,0,41,17,17,zero,
online_feedback,base,0,75,2,13,23.0,0,23,20,20,zero,
online_feedback,base,0,76,0,13,8.0,0,8,17,17,zero,
online_feedback,base,0,76,1,13,51.0,0,51,17,17,zero,
online_feedback,base,0,76,2,13,20.0,0,20,19,19,zero,
online_feedback,base,0,77,0,12,10.0,0,10,17,17,zero,
online_feedback,base,0,77,1,12,52.0,0,52,17,17,zero,
online_feedback,base,0,77,2,12,17.0,0,17,19,19,zero,
online_feedback,base,0,78,0,9,2.0,0,2,17,17,zero,
online_feedback,base,0,78,1,9,62.0,0,62,17,17,zero,
online_feedback,base,0,78,2,9,14.0,0,14,19,19,zero,
online_feedback,base,0,79,0,9,1.0,1,0,17,17,zero,
online_feedback,base,0,79,1,9,59.0,0,59,17,17,zero,
online_feedback,base,0,79,2,9,11.0,0,11,19,19,zero,
online_feedback,base,0,80,0,11,3.0,0,3,2,2,zero,
online_feedback,base,0,80,1,11,41.0,0,41,17,17,zero,
online_feedback,base,0,80,2,11,9.0,0,9,19,19,zero,
online_feedback,base,0,81,0,10,3.0,3,0,2,2,zero,
online_feedback,base,0,81,1,10,23.0,0,23,1,1,zero,
online_feedback,base,0,81,2,10,9.0,9,0,20,20,zero,
online_feedback,base,0,82,0,11,1.0,0,1,2,2,zero,
online_feedback,base,0,82,1,11,5.0,0,5,0,0,zero,
online_feedback,base,0,82,2,11,28.0,28,0,1,1,zero,
online_feedback,base,0,83,0,11,8.0,8,0,1,1,zero,
online_feedback,base,0,83,1,11,14.0,14,0,0,0,zero,
online_feedback,base,0,83,2,11,47.0,47,0,0,0,zero,
online_feedback,base,0,84,0,11,17.0,17,0,1,1,zero,
online_feedback,base,0,84,1,11,32.0,32,0,4,4,zero,
online_feedback,base,0,84,2,11,62.0,62,0,0,0,zero,
online_feedback,base,0,85,0,12,25.0,25,0,16,16,zero,
online_feedback,base,0,85,1,12,26.0,26,0,0,0,zero,
online_feedback,base,0,85,2,12,82.0,82,0,0,0,zero,
online_feedback,base,0,86,0,12,33.0,33,0,8,8,zero,
online_feedback,base,0,86,1,12,18.0,18,0,18,18,zero,
online_feedback,base,0,86,2,12,65.0,65,0,0,0,zero,
online_feedback,base,0,87,0,12,27.0,27,0,16,16,zero,
online_feedback,base,0,87,1,12,2.0,2,0,10,10,zero,
online_feedback,base,0,87,2,12,55.0,55,0,0,0,zero,
online_feedback,base,0,88,0,14,14.0,14,0,8,8,zero,
online_feedback,base,0,88,1,14,2.0,0,2,16,16,zero,
online_feedback,base,0,88,2,14,39.0,39,0,0,0,zero,
online_feedback,base,0,89,0,13,17.0,17,0,17,17,zero,
online_feedback,base,0,89,1,13,19.0,0,19,10,10,zero,
online_feedback,base,0,89,2,13,29.0,29,0,17,17,zero,
online_feedback,base,0,90,0,13,12.0,12,0,13,13,zero,
online_feedback,base,0,90,1,13,14.0,0,14,16,16,zero,
online_feedback,base,0,90,2,13,13.0,13,0,19,19,zero,
online_feedback,base,0,91,0,13,15.0,15,0,8,8,zero,
online_feedback,base,0,91,1,13,12.0,0,12,16,16,zero,
online_feedback,base,0,91,2,13,3.0,0,3,20,20,zero,
online_feedback,base,0,92,0,14,7.0,7,0,13,13,zero,
online_feedback,base,0,92,1,14,9.0,0,9,16,16,zero,
online_feedback,base,0,92,2,14,19.0,0,19,20,20,zero,
online_feedback,base,0,93,0,14,7.0,0,7,8,8,zero,
online_feedback,base,0,93,1,14,7.0,0,7,17,17,zero,
online_feedback,base,0,93,2,14,19.0,0,19,20,20,zero,
online_feedback,base,0,94,0,13,2.0,0,2,13,13,zero,
online_feedback,base,0,94,1,13,4.0,0,4,17,17,zero,
online_feedback,base,0,94,2,13,17.0,0,17,20,20,zero,
online_feedback,base,0,95,0,10,2.0,0,2,13,13,zero,
online_feedback,base,0,95,1,10,4.0,0,4,17,17,zero,
online_feedback,base,0,95,2,10,14.0,0,14,20,20,zero,
online_feedback,base,0,96,0,10,4.0,4,0,8,8,zero,
online_feedback,base,0,96,1,10,12.0,0,12,17,17,zero,
online_feedback,base,0,96,2,10,11.0,0,11,20,20,zero,
online_feedback,base,0,97,0,10,4.0,4,0,16,16,zero,
online_feedback,base,0,97,1,10,11.0,0,11,0,0,zero,
online_feedback,base,0,97,2,10,9.0,9,0,20,20,zero,
online_feedback,base,0,98,0,10,10.0,10,0,5,5,zero,
online_feedback,base,0,98,1,10,3.0,3,0,1,1,zero,
online_feedback,base,0,98,2,10,28.0,28,0,1,1,zero,
online_feedback,base,0,99,0,10,13.0,13,0,2,2,zero,
online_feedback,base,0,99,1,10,21.0,21,0,17,17,zero,
online_feedback,base,0,99,2,10,31.0,31,0,0,0,zero,
online_feedback,base,0,100,0,11,2.0,2,0,16,16,zero,
online_feedback,base,0,100,1,11,25.0,25,0,0,0,zero,
online_feedback,base,0,100,2,11,51.0,51,0,0,0,zero,
online_feedback,base,0,101,0,12,7.0,7,0,5,5,zero,
online_feedback,base,0,101,1,12,31.0,31,0,4,4,zero,
online_feedback,base,0,101,2,12,67.0,67,0,0,0,zero,
online_feedback,base,0,102,0,14,9.0,9,0,16,16,zero,
online_feedback,base,0,102,1,14,16.0,16,0,10,10,zero,
online_feedback,base,0,102,2,14,58.0,58,0,0,0,zero,
online_feedback,base,0,103,0,13,2.0,0,2,16,16,zero,
online_feedback,base,0,103,1,13,17.0,17,0,10,10,zero,
online_feedback,base,0,103,2,13,48.0,48,0,0,0,zero,
online_feedback,base,0,104,0,12,2.0,2,0,16,16,zero,
online_feedback,base,0,104,1,12,1.0,1,0,16,16,zero,
online_feedback,base,0,104,2,12,32.0,32,0,0,0,zero,
online_feedback,base,0,105,0,11,4.0,0,4,8,8,zero,
online_feedback,base,0,105,1,11,3.0,0,3,16,16,zero,
online_feedback,base,0,105,2,11,16.0,16,0,20,20,zero,
online_feedback,base,0,106,0,12,-0.0,0,0,16,16,zero,
online_feedback,base,0,106,1,12,9.0,0,9,16,16,zero,
online_feedback,base,0,106,2,12,-0.0,0,0,20,20,zero,
online_feedback,base,0,107,0,13,3.0,3,0,8,8,zero,
online_feedback,base,0,107,1,13,7.0,0,7,16,16,zero,
online_feedback,base,0,107,2,13,16.0,0,16,20,20,zero,
online_feedback,base,0,108,0,13,6.0,6,0,13,13,zero,
online_feedback,base,0,108,1,13,4.0,0,4,16,16,zero,
online_feedback,base,0,108,2,13,32.0,0,32,20,20,zero,
online_feedback,base,0,109,0,13,2.0,0,2,13,13,zero,
online_feedback,base,0,109,1,13,1.0,0,1,16,16,zero,
online_feedback,base,0,109,2,13,28.0,0,28,20,20,zero,
online_feedback,base,0,110,0,13,5.0,0,5,13,13,zero,
online_feedback,base,0,110,1,13,2.0,2,0,17,17,zero,
online_feedback,base,0,110,2,13,25.0,0,25,19,19,zero,
online_feedback,base,0,111,0,12,7.0,0,7,13,13,zero,
online_feedback,base,0,111,1,12,11.0,0,11,17,17,zero,
online_feedback,base,0,111,2,12,22.0,0,22,19,19,zero,
online_feedback,base,0,112,0,13,4.0,0,4,13,13,zero,
online_feedback,base,0,112,1,13,24.0,0,24,16,16,zero,
online_feedback,base,0,112,2,13,18.0,0,18,19,19,zero,
online_feedback,base,0,113,0,13,1.0,0,1,8,8,zero,
online_feedback,base,0,113,1,13,12.0,0,12,16,16,zero,
online_feedback,base,0,113,2,13,14.0,0,14,19,19,zero,
online_feedback,base,0,114,0,10,3.0,3,0,8,8,zero,
online_feedback,base,0,114,1,10,-0.0,0,0,0,0,zero,
online_feedback,base,0,114,2,10,5.0,5,0,19,19,zero,
online_feedback,base,0,115,0,11,6.0,0,6,8,8,zero,
online_feedback,base,0,115,1,11,12.0,12,0,0,0,zero,
online_feedback,base,0,115,2,11,24.0,24,0,1,1,zero,
online_feedback,base,0,116,0,10,16.0,0,16,8,8,zero,
online_feedback,base,0,116,1,10,24.0,24,0,0,0,zero,
online_feedback,base,0,116,2,10,43.0,43,0,0,0,zero,
online_feedback,base,0,117,0,9,5.0,0,5,16,16,zero,
online_feedback,base,0,117,1,9,28.0,28,0,4,4,zero,
online_feedback,base,0,117,2,9,58.0,58,0,0,0,zero,
online_feedback,base,0,118,0,9,6.0,6,0,5,5,zero,
online_feedback,base,0,118,1,9,37.0,37,0,16,16,zero,
online_feedback,base,0,118,2,9,61.0,61,0,0,0,zero,
online_feedback,base,0,119,0,10,4.0,4,0,16,16,zero,
online_feedback,base,0,119,1,10,21.0,21,0,10,10,zero,
online_feedback,base,0,119,2,10,52.0,52,0,0,0,zero,
online_feedback,base,0,120,0,10,2.0,2,0,2,2,zero,
online_feedback,base,0,120,1,10,19.0,19,0,16,16,zero,
online_feedback,base,0,120,2,10,36.0,36,0,0,0,zero,
online_feedback,base,0,121,0,10,8.0,8,0,8,8,zero,
online_feedback,base,0,121,1,10,15.0,15,0,2,2,zero,
online_feedback,base,0,121,2,10,34.0,34,0,19,19,zero,
online_feedback,base,0,122,0,10,3.0,3,0,8,8,zero,
online_feedback,base,0,122,1,10,23.0,23,0,3,3,zero,
online_feedback,base,0,122,2,10,31.0,31,0,1,1,zero,
online_feedback,base,0,123,0,10,9.0,9,0,8,8,zero,
online_feedback,base,0,123,1,10,25.0,25,0,2,2,zero,
online_feedback,base,0,123,2,10,29.0,29,0,0,0,zero,
online_feedback,base,0,124,0,12,1.0,0,1,13,13,zero,
online_feedback,base,0,124,1,12,28.0,28,0,10,10,zero,
online_feedback,base,0,124,2,12,19.0,19,0,0,0,zero,
online_feedback,base,0,125,0,12,5.0,0,5,13,13,zero,
online_feedback,base,0,125,1,12,17.0,17,0,10,10,zero,
online_feedback,base,0,125,2,12,28.0,28,0,0,0,zero,
online_feedback,base,0,126,0,14,11.0,0,11,13,13,zero,
online_feedback,base,0,126,1,14,7.0,7,0,16,16,zero,
online_feedback,base,0,126,2,14,13.0,13,0,17,17,zero,
online_feedback,base,0,127,0,13,16.0,0,16,13,13,zero,
online_feedback,base,0,127,1,13,4.0,0,4,16,16,zero,
online_feedback,base,0,127,2,13,3.0,0,3,20,20,zero,
online_feedback,base,0,128,0,14,17.0,0,17,17,17,zero,
online_feedback,base,0,128,1,14,11.0,0,11,16,16,zero,
online_feedback,base,0,128,2,14,19.0,0,19,20,20,zero,
online_feedback,base,0,129,0,13,17.0,0,17,17,17,zero,
online_feedback,base,0,129,1,13,18.0,0,18,16,16,zero,
online_feedback,base,0,129,2,13,35.0,0,35,20,20,zero,
online_feedback,base,0,130,0,14,18.0,0,18,17,17,zero,
online_feedback,base,0,130,1,14,19.0,0,19,16,16,zero,
online_feedback,base,0,130,2,14,34.0,0,34,19,19,zero,
online_feedback,base,0,131,0,14,23.0,0,23,17,17,zero,
online_feedback,base,0,131,1,14,23.0,0,23,16,16,zero,
online_feedback,base,0,131,2,14,30.0,0,30,19,19,zero,
online_feedback,base,0,132,0,12,25.0,0,25,17,17,zero,
online_feedback,base,0,132,1,12,40.0,0,40,16,16,zero,
online_feedback,base,0,132,2,12,26.0,0,26,19,19,zero,
online_feedback,base,0,133,0,12,27.0,0,27,17,17,zero,
online_feedback,base,0,133,1,12,57.0,0,57,16,16,zero,
online_feedback,base,0,133,2,12,22.0,0,22,19,19,zero,
online_feedback,base,0,134,0,12,23.0,0,23,13,13,zero,
online_feedback,base,0,134,1,12,53.0,0,53,12,12,zero,
online_feedback,base,0,134,2,12,15.0,0,15,19,19,zero,
online_feedback,base,0,135,0,14,24.0,0,24,13,13,zero,
online_feedback,base,0,135,1,14,46.0,0,46,10,10,zero,
online_feedback,base,0,135,2,14,6.0,0,6,16,16,zero,
online_feedback,base,0,136,0,13,37.0,0,37,13,13,zero,
online_feedback,base,0,136,1,13,39.0,0,39,19,19,zero,
online_feedback,base,0,136,2,13,6.0,0,6,7,7,zero,
online_feedback,base,0,137,0,14,51.0,0,51,17,17,zero,
online_feedback,base,0,137,1,14,36.0,0,36,17,17,zero,
online_feedback,base,0,137,2,14,4.0,0,4,20,20,zero,
online_feedback,base,0,138,0,15,49.0,0,49,17,17,zero,
online_feedback,base,0,138,1,15,34.0,0,34,17,17,zero,
online_feedback,base,0,138,2,15,2.0,0,2,20,20,zero,
online_feedback,base,0,139,0,18,47.0,0,47,17,17,zero,
online_feedback,base,0,139,1,18,32.0,0,32,17,17,zero,
online_feedback,base,0,139,2,18,3.0,0,3,20,20,zero,
online_feedback,base,0,140,0,20,47.0,0,47,17,17,zero,
online_feedback,base,0,140,1,20,30.0,0,30,17,17,zero,
online_feedback,base,0,140,2,20,13.0,0,13,16,16,zero,
online_feedback,base,0,141,0,20,47.0,0,47,17,17,zero,
online_feedback,base,0,141,1,20,28.0,0,28,17,17,zero,
online_feedback,base,0,141,2,20,10.0,0,10,20,20,zero,
online_feedback,base,0,142,0,20,48.0,0,48,17,17,zero,
online_feedback,base,0,142,1,20,26.0,0,26,17,17,zero,
online_feedback,base,0,142,2,20,7.0,0,7,20,20,zero,
online_feedback,base,0,143,0,20,49.0,0,49,17,17,zero,
online_feedback,base,0,143,1,20,27.0,0,27,17,17,zero,
online_feedback,base,0,143,2,20,4.0,0,4,20,20,zero,
online_feedback,base,0,144,0,20,50.0,0,50,17,17,zero,
online_feedback,base,0,144,1,20,37.0,0,37,17,17,zero,
online_feedback,base,0,144,2,20,5.0,0,5,16,16,zero,
online_feedback,base,0,145,0,20,51.0,0,51,17,17,zero,
online_feedback,base,0,145,1,20,34.0,0,34,17,17,zero,
online_feedback,base,0,145,2,20,2.0,0,2,20,20,zero,
online_feedback,base,0,146,0,20,52.0,0,52,17,17,zero,
online_feedback,base,0,146,1,20,31.0,0,31,17,17,zero,
online_feedback,base,0,146,2,20,1.0,1,0,20,20,zero,
online_feedback,base,0,147,0,19,55.0,0,55,17,17,zero,
online_feedback,base,0,147,1,19,28.0,0,28,17,17,zero,
online_feedback,base,0,147,2,19,4.0,4,0,20,20,zero,
online_feedback,base,0,148,0,19,67.0,0,67,17,17,zero,
online_feedback,base,0,148,1,19,29.0,0,29,17,17,zero,
online_feedback,base,0,148,2,19,3.0,3,0,7,7,zero,
online_feedback,base,0,149,0,18,65.0,0,65,17,17,zero,
online_feedback,base,0,149,1,18,26.0,0,26,17,17,zero,
online_feedback,base,0,149,2,18,6.0,6,0,20,20,zero,
online_feedback,base,0,150,0,20,65.0,0,65,17,17,zero,
online_feedback,base,0,150,1,20,24.0,0,24,17,17,zero,
online_feedback,base,0,150,2,20,9.0,9,0,20,20,zero,
online_feedback,base,0,151,0,20,65.0,0,65,17,17,zero,
online_feedback,base,0,151,1,20,24.0,0,24,17,17,zero,
online_feedback,base,0,151,2,20,12.0,12,0,20,20,zero,
online_feedback,base,0,152,0,20,69.0,0,69,17,17,zero,
online_feedback,base,0,152,1,20,24.0,0,24,17,17,zero,
online_feedback,base,0,152,2,20,2.0,2,0,7,7,zero,
online_feedback,base,0,153,0,20,69.0,0,69,17,17,zero,
online_feedback,base,0,153,1,20,24.0,0,24,17,17,zero,
online_feedback,base,0,153,2,20,5.0,5,0,20,20,zero,
online_feedback,base,0,154,0,20,70.0,0,70,17,17,zero,
online_feedback,base,0,154,1,20,24.0,0,24,17,17,zero,
online_feedback,base,0,154,2,20,8.0,8,0,20,20,zero,
online_feedback,base,0,155,0,20,73.0,0,73,17,17,zero,
online_feedback,base,0,155,1,20,24.0,0,24,17,17,zero,
online_feedback,base,0,155,2,20,11.0,11,0,20,20,zero,
online_feedback,base,0,156,0,20,76.0,0,76,17,17,zero,
online_feedback,base,0,156,1,20,24.0,0,24,17,17,zero,
online_feedback,base,0,156,2,20,1.0,1,0,7,7,zero,
online_feedback,base,0,157,0,20,79.0,0,79,17,17,zero,
online_feedback,base,0,157,1,20,24.0,0,24,17,17,zero,
online_feedback,base,0,157,2,20,4.0,4,0,20,20,zero,
online_feedback,base,0,158,0,20,82.0,0,82,17,17,zero,
online_feedback,base,0,158,1,20,24.0,0,24,17,17,zero,
online_feedback,base,0,158,2,20,7.0,7,0,20,20,zero,
online_feedback,base,0,159,0,20,85.0,0,85,17,17,zero,
online_feedback,base,0,159,1,20,24.0,0,24,17,17,zero,
online_feedback,base,0,159,2,20,10.0,10,0,20,20,zero,
online_feedback,base,0,160,0,20,88.0,0,88,17,17,zero,
online_feedback,base,0,160,1,20,24.0,0,24,17,17,zero,
online_feedback,base,0,160,2,20,-0.0,0,0,7,7,zero,
online_feedback,base,0,161,0,20,91.0,0,91,17,17,zero,
online_feedback,base,0,161,1,20,24.0,0,24,17,17,zero,
online_feedback,base,0,161,2,20,3.0,3,0,20,20,zero,
online_feedback,base,0,162,0,19,93.0,0,93,17,17,zero,
online_feedback,base,0,162,1,19,24.0,0,24,17,17,zero,
online_feedback,base,0,162,2,19,6.0,6,0,20,20,zero,
online_feedback,base,0,163,0,18,94.0,0,94,17,17,zero,
online_feedback,base,0,163,1,18,24.0,0,24,17,17,zero,
online_feedback,base,0,163,2,18,9.0,9,0,20,20,zero,
online_feedback,base,0,164,0,19,96.0,0,96,17,17,zero,
online_feedback,base,0,164,1,19,24.0,0,24,17,17,zero,
online_feedback,base,0,164,2,19,1.0,0,1,7,7,zero,
online_feedback,base,0,165,0,20,99.0,0,99,17,17,zero,
online_feedback,base,0,165,1,20,24.0,0,24,17,17,zero,
online_feedback,base,0,165,2,20,2.0,2,0,20,20,zero,
online_feedback,base,0,166,0,19,101.0,0,101,17,17,zero,
online_feedback,base,0,166,1,19,24.0,0,24,17,17,zero,
online_feedback,base,0,166,2,19,5.0,5,0,20,20,zero,
online_feedback,base,0,167,0,19,103.0,0,103,17,17,zero,
online_feedback,base,0,167,1,19,24.0,0,24,17,17,zero,
online_feedback,base,0,167,2,19,8.0,8,0,20,20,zero,
online_feedback,base,0,168,0,20,106.0,0,106,17,17,zero,
online_feedback,base,0,168,1,20,25.0,0,25,17,17,zero,
online_feedback,base,0,168,2,20,2.0,0,2,7,7,zero,
online_feedback,base,0,169,0,20,109.0,0,109,17,17,zero,
online_feedback,base,0,169,1,20,24.0,0,24,17,17,zero,
online_feedback,base,0,169,2,20,1.0,1,0,20,20,zero,
online_feedback,base,0,170,0,20,112.0,0,112,17,17,zero,
online_feedback,base,0,170,1,20,24.0,0,24,17,17,zero,
online_feedback,base,0,170,2,20,4.0,4,0,20,20,zero,
online_feedback,base,0,171,0,20,115.0,0,115,17,17,zero,
online_feedback,base,0,171,1,20,24.0,0,24,17,17,zero,
online_feedback,base,0,171,2,20,7.0,7,0,20,20,zero,
online_feedback,base,0,172,0,20,119.0,0,119,17,17,zero,
online_feedback,base,0,172,1,20,26.0,0,26,17,17,zero,
online_feedback,base,0,172,2,20,3.0,0,3,7,7,zero,
online_feedback,base,0,173,0,20,121.0,0,121,17,17,zero,
online_feedback,base,0,173,1,20,24.0,0,24,17,17,zero,
online_feedback,base,0,173,2,20,-0.0,0,0,20,20,zero,
online_feedback,base,0,174,0,20,124.0,0,124,17,17,zero,
online_feedback,base,0,174,1,20,24.0,0,24,17,17,zero,
online_feedback,base,0,174,2,20,3.0,3,0,20,20,zero,
online_feedback,base,0,175,0,20,127.0,0,127,17,17,zero,
online_feedback,base,0,175,1,20,24.0,0,24,17,17,zero,
online_feedback,base,0,175,2,20,6.0,6,0,20,20,zero,
online_feedback,base,0,176,0,20,132.0,0,132,17,17,zero,
online_feedback,base,0,176,1,20,27.0,0,27,17,17,zero,
online_feedback,base,0,176,2,20,4.0,0,4,7,7,zero,
online_feedback,base,0,177,0,20,133.0,0,133,17,17,zero,
online_feedback,base,0,177,1,20,24.0,0,24,17,17,zero,
online_feedback,base,0,177,2,20,1.0,0,1,20,20,zero,
online_feedback,base,0,178,0,20,136.0,0,136,17,17,zero,
online_feedback,base,0,178,1,20,24.0,0,24,17,17,zero,
online_feedback,base,0,178,2,20,2.0,2,0,20,20,zero,
online_feedback,base,0,179,0,20,139.0,0,139,17,17,zero,
online_feedback,base,0,179,1,20,24.0,0,24,17,17,zero,
online_feedback,base,0,179,2,20,5.0,5,0,20,20,zero,
online_feedback,base,0,180,0,20,145.0,0,145,17,17,zero,
online_feedback,base,0,180,1,20,28.0,0,28,17,17,zero,
online_feedback,base,0,180,2,20,5.0,0,5,7,7,zero,
online_feedback,base,0,181,0,20,145.0,0,145,17,17,zero,
online_feedback,base,0,181,1,20,25.0,0,25,17,17,zero,
online_feedback,base,0,181,2,20,2.0,0,2,20,20,zero,
online_feedback,base,0,182,0,20,148.0,0,148,17,17,zero,
online_feedback,base,0,182,1,20,24.0,0,24,17,17,zero,
online_feedback,base,0,182,2,20,1.0,1,0,20,20,zero,
online_feedback,base,0,183,0,17,148.0,0,148,17,17,zero,
online_feedback,base,0,183,1,17,24.0,0,24,17,17,zero,
online_feedback,base,0,183,2,17,4.0,4,0,20,20,zero,
online_feedback,base,0,184,0,16,151.0,0,151,17,17,zero,
online_feedback,base,0,184,1,16,29.0,0,29,17,17,zero,
online_feedback,base,0,184,2,16,6.0,0,6,16,16,zero,
online_feedback,base,0,185,0,16,147.0,0,147,17,17,zero,
online_feedback,base,0,185,1,16,26.0,0,26,17,17,zero,
online_feedback,base,0,185,2,16,3.0,0,3,20,20,zero,
online_feedback,base,0,186,0,17,146.0,0,146,17,17,zero,
online_feedback,base,0,186,1,17,24.0,0,24,17,17,zero,
online_feedback,base,0,186,2,17,-0.0,0,0,20,20,zero,
online_feedback,base,0,187,0,18,147.0,0,147,17,17,zero,
online_feedback,base,0,187,1,18,24.0,0,24,17,17,zero,
online_feedback,base,0,187,2,18,3.0,3,0,20,20,zero,
online_feedback,base,0,188,0,20,155.0,0,155,17,17,zero,
online_feedback,base,0,188,1,20,30.0,0,30,17,17,zero,
online_feedback,base,0,188,2,20,2.0,2,0,7,7,zero,
online_feedback,base,0,189,0,17,152.0,0,152,17,17,zero,
online_feedback,base,0,189,1,17,27.0,0,27,17,17,zero,
online_feedback,base,0,189,2,17,5.0,5,0,20,20,zero,
online_feedback,base,0,190,0,17,150.0,0,150,17,17,zero,
online_feedback,base,0,190,1,17,24.0,0,24,17,17,zero,
online_feedback,base,0,190,2,17,8.0,8,0,20,20,zero,
online_feedback,base,0,191,0,16,149.0,0,149,17,17,zero,
online_feedback,base,0,191,1,16,24.0,0,24,17,17,zero,
online_feedback,base,0,191,2,16,11.0,11,0,20,20,zero,
online_feedback,base,0,192,0,17,155.0,0,155,17,17,zero,
online_feedback,base,0,192,1,17,24.0,0,24,17,17,zero,
online_feedback,base,0,192,2,17,1.0,1,0,7,7,zero,
online_feedback,base,0,193,0,17,152.0,0,152,17,17,zero,
online_feedback,base,0,193,1,17,24.0,0,24,17,17,zero,
online_feedback,base,0,193,2,17,4.0,4,0,20,20,zero,
online_feedback,base,0,194,0,20,152.0,0,152,17,17,zero,
online_feedback,base,0,194,1,20,24.0,0,24,17,17,zero,
online_feedback,base,0,194,2,20,7.0,7,0,20,20,zero,
online_feedback,base,0,195,0,20,155.0,0,155,17,17,zero,
online_feedback,base,0,195,1,20,24.0,0,24,17,17,zero,
online_feedback,base,0,195,2,20,10.0,10,0,20,20,zero,
online_feedback,base,0,196,0,20,158.0,0,158,17,17,zero,
online_feedback,base,0,196,1,20,24.0,0,24,17,17,zero,
online_feedback,base,0,196,2,20,-0.0,0,0,7,7,zero,
online_feedback,base,0,197,0,20,161.0,0,161,17,17,zero,
online_feedback,base,0,197,1,20,24.0,0,24,17,17,zero,
online_feedback,base,0,197,2,20,3.0,3,0,20,20,zero,
online_feedback,base,0,198,0,20,164.0,0,164,17,17,zero,
online_feedback,base,0,198,1,20,24.0,0,24,17,17,zero,
online_feedback,base,0,198,2,20,6.0,6,0,20,20,zero,
online_feedback,base,0,199,0,20,167.0,0,167,17,17,zero,
online_feedback,base,0,199,1,20,24.0,0,24,17,17,zero,
online_feedback,base,0,199,2,20,9.0,9,0,20,20,zero,
online_feedback,base,0,200,0,20,170.0,0,170,17,17,zero,
online_feedback,base,0,200,1,20,24.0,0,24,17,17,zero,
online_feedback,base,0,200,2,20,1.0,0,1,7,7,zero,
online_feedback,base,1,1,0,10,10.0,10,0,17,17,zero,
online_feedback,base,1,1,1,10,3.0,3,0,2,2,zero,
online_feedback,base,1,1,2,10,18.0,18,0,0,0,zero,
online_feedback,base,1,2,0,12,8.0,8,0,2,2,zero,
online_feedback,base,1,2,1,12,11.0,11,0,16,16,zero,
online_feedback,base,1,2,2,12,12.0,12,0,0,0,zero,
online_feedback,base,1,3,0,12,6.0,6,0,17,17,zero,
online_feedback,base,1,3,1,12,4.0,4,0,2,2,zero,
online_feedback,base,1,3,2,12,20.0,20,0,20,20,zero,
online_feedback,base,1,4,0,12,4.0,4,0,2,2,zero,
online_feedback,base,1,4,1,12,12.0,12,0,10,10,zero,
online_feedback,base,1,4,2,12,20.0,20,0,1,1,zero,
online_feedback,base,1,5,0,10,11.0,11,0,16,16,zero,
online_feedback,base,1,5,1,10,2.0,0,2,10,10,zero,
online_feedback,base,1,5,2,10,10.0,10,0,7,7,zero,
online_feedback,base,1,6,0,10,3.0,3,0,2,2,zero,
online_feedback,base,1,6,1,10,12.0,12,0,10,10,zero,
online_feedback,base,1,6,2,10,-0.0,0,0,7,7,zero,
online_feedback,base,1,7,0,11,9.0,9,0,8,8,zero,
online_feedback,base,1,7,1,11,6.0,6,0,3,3,zero,
online_feedback,base,1,7,2,11,17.0,17,0,20,20,zero,
online_feedback,base,1,8,0,11,-0.0,0,0,8,8,zero,
online_feedback,base,1,8,1,11,8.0,8,0,10,10,zero,
online_feedback,base,1,8,2,11,8.0,8,0,1,1,zero,
online_feedback,base,1,9,0,10,4.0,4,0,8,8,zero,
online_feedback,base,1,9,1,10,10.0,10,0,10,10,zero,
online_feedback,base,1,9,2,10,5.0,5,0,0,0,zero,
online_feedback,base,1,10,0,9,1.0,0,1,13,13,zero,
online_feedback,base,1,10,1,9,7.0,7,0,10,10,zero,
online_feedback,base,1,10,2,9,2.0,2,0,20,20,zero,
online_feedback,base,1,11,0,9,2.0,0,2,13,13,zero,
online_feedback,base,1,11,1,9,3.0,0,3,16,16,zero,
online_feedback,base,1,11,2,9,6.0,6,0,20,20,zero,
online_feedback,base,1,12,0,12,6.0,0,6,13,13,zero,
online_feedback,base,1,12,1,12,6.0,0,6,16,16,zero,
online_feedback,base,1,12,2,12,9.0,0,9,20,20,zero,
online_feedback,base,1,13,0,11,9.0,0,9,13,13,zero,
online_feedback,base,1,13,1,11,9.0,0,9,16,16,zero,
online_feedback,base,1,13,2,11,25.0,0,25,20,20,zero,
online_feedback,base,1,14,0,11,7.0,0,7,17,17,zero,
online_feedback,base,1,14,1,11,16.0,0,16,16,16,zero,
online_feedback,base,1,14,2,11,21.0,0,21,20,20,zero,
online_feedback,base,1,15,0,11,8.0,0,8,17,17,zero,
online_feedback,base,1,15,1,11,17.0,0,17,16,16,zero,
online_feedback,base,1,15,2,11,17.0,0,17,20,20,zero,
online_feedback,base,1,16,0,11,9.0,0,9,13,13,zero,
online_feedback,base,1,16,1,11,23.0,0,23,16,16,zero,
online_feedback,base,1,16,2,11,13.0,0,13,20,20,zero,
online_feedback,base,1,17,0,11,10.0,0,10,17,17,zero,
online_feedback,base,1,17,1,11,40.0,0,40,16,16,zero,
online_feedback,base,1,17,2,11,9.0,0,9,20,20,zero,
online_feedback,base,1,18,0,12,12.0,0,12,13,13,zero,
online_feedback,base,1,18,1,12,33.0,0,33,16,16,zero,
online_feedback,base,1,18,2,12,5.0,0,5,20,20,zero,
online_feedback,base,1,19,0,12,8.0,0,8,8,8,zero,
online_feedback,base,1,19,1,12,21.0,0,21,17,17,zero,
online_feedback,base,1,19,2,12,2.0,0,2,16,16,zero,
online_feedback,base,1,20,0,11,12.0,0,12,8,8,zero,
online_feedback,base,1,20,1,11,9.0,0,9,4,4,zero,
online_feedback,base,1,20,2,11,14.0,14,0,20,20,zero,
online_feedback,base,1,21,0,12,24.0,0,24,2,2,zero,
online_feedback,base,1,21,1,12,9.0,9,0,4,4,zero,
online_feedback,base,1,21,2,12,30.0,30,0,0,0,zero,
online_feedback,base,1,22,0,13,17.0,0,17,17,17,zero,
online_feedback,base,1,22,1,13,12.0,12,0,4,4,zero,
online_feedback,base,1,22,2,13,46.0,46,0,0,0,zero,
online_feedback,base,1,23,0,12,9.0,0,9,17,17,zero,
online_feedback,base,1,23,1,12,15.0,15,0,17,17,zero,
online_feedback,base,1,23,2,12,45.0,45,0,0,0,zero,
online_feedback,base,1,24,0,12,1.0,0,1,17,17,zero,
online_feedback,base,1,24,1,12,4.0,4,0,17,17,zero,
online_feedback,base,1,24,2,12,48.0,48,0,7,7,zero,
online_feedback,base,1,25,0,11,1.0,0,1,2,2,zero,
online_feedback,base,1,25,1,11,6.0,6,0,17,17,zero,
online_feedback,base,1,25,2,11,31.0,31,0,20,20,zero,
online_feedback,base,1,26,0,10,6.0,6,0,16,16,zero,
online_feedback,base,1,26,1,10,6.0,0,6,6,6,zero,
online_feedback,base,1,26,2,10,25.0,25,0,20,20,zero,
online_feedback,base,1,27,0,10,13.0,13,0,8,8,zero,
online_feedback,base,1,27,1,10,3.0,3,0,16,16,zero,
online_feedback,base,1,27,2,10,9.0,9,0,7,7,zero,
online_feedback,base,1,28,0,9,21.0,21,0,2,2,zero,
online_feedback,base,1,28,1,9,18.0,18,0,6,6,zero,
online_feedback,base,1,28,2,9,10.0,10,0,7,7,zero,
online_feedback,base,1,29,0,10,13.0,13,0,16,16,zero,
online_feedback,base,1,29,1,10,19.0,19,0,0,0,zero,
online_feedback,base,1,29,2,10,30.0,30,0,0,0,zero,
online_feedback,base,1,30,0,9,14.0,14,0,2,2,zero,
online_feedback,base,1,30,1,9,23.0,23,0,16,16,zero,
online_feedback,base,1,30,2,9,34.0,34,0,0,0,zero,
online_feedback,base,1,31,0,10,18.0,18,0,16,16,zero,
online_feedback,base,1,31,1,10,23.0,23,0,2,2,zero,
online_feedback,base,1,31,2,10,39.0,39,0,16,16,zero,
online_feedback,base,1,32,0,10,10.0,10,0,2,2,zero,
online_feedback,base,1,32,1,10,27.0,27,0,10,10,zero,
online_feedback,base,1,32,2,10,36.0,36,0,0,0,zero,
online_feedback,base,1,33,0,9,17.0,17,0,8,8,zero,
online_feedback,base,1,33,1,9,19.0,19,0,10,10,zero,
online_feedback,base,1,33,2,9,26.0,26,0,0,0,zero,
online_feedback,base,1,34,0,9,10.0,10,0,5,5,zero,
online_feedback,base,1,34,1,9,30.0,30,0,3,3,zero,
online_feedback,base,1,34,2,9,23.0,23,0,7,7,zero,
online_feedback,base,1,35,0,9,17.0,17,0,8,8,zero,
online_feedback,base,1,35,1,9,24.0,24,0,3,3,zero,
online_feedback,base,1,35,2,9,36.0,36,0,0,0,zero,
online_feedback,base,1,36,0,8,11.0,11,0,8,8,zero,
online_feedback,base,1,36,1,8,26.0,26,0,2,2,zero,
online_feedback,base,1,36,2,8,34.0,34,0,0,0,zero,
online_feedback,base,1,37,0,8,11.0,11,0,13,13,zero,
online_feedback,base,1,37,1,8,23.0,23,0,10,10,zero,
online_feedback,base,1,37,2,8,24.0,24,0,0,0,zero,
online_feedback,base,1,38,0,8,8.0,8,0,2,2,zero,
online_feedback,base,1,38,1,8,24.0,24,0,10,10,zero,
online_feedback,base,1,38,2,8,21.0,21,0,17,17,zero,
online_feedback,base,1,39,0,8,8.0,8,0,16,16,zero,
online_feedback,base,1,39,1,8,11.0,11,0,2,2,zero,
online_feedback,base,1,39,2,8,19.0,19,0,19,19,zero,
online_feedback,base,1,40,0,7,9.0,9,0,2,2,zero,
online_feedback,base,1,40,1,7,11.0,11,0,16,16,zero,
online_feedback,base,1,40,2,7,3.0,3,0,0,0,zero,
online_feedback,base,1,41,0,8,14.0,14,0,1,1,zero,
online_feedback,base,1,41,1,8,20.0,20,0,2,2,zero,
online_feedback,base,1,41,2,8,1.0,1,0,0,0,zero,
online_feedback,base,1,42,0,7,9.0,9,0,8,8,zero,
online_feedback,base,1,42,1,7,22.0,22,0,0,0,zero,
online_feedback,base,1,42,2,7,18.0,18,0,0,0,zero,
online_feedback,base,1,43,0,7,18.0,18,0,8,8,zero,
online_feedback,base,1,43,1,7,16.0,16,0,2,2,zero,
online_feedback,base,1,43,2,7,35.0,35,0,0,0,zero,
online_feedback,base,1,44,0,7,13.0,13,0,8,8,zero,
online_feedback,base,1,44,1,7,24.0,24,0,10,10,zero,
online_feedback,base,1,44,2,7,25.0,25,0,0,0,zero,
online_feedback,base,1,45,0,7,7.0,7,0,8,8,zero,
online_feedback,base,1,45,1,7,18.0,18,0,10,10,zero,
online_feedback,base,1,45,2,7,15.0,15,0,1,1,zero,
online_feedback,base,1,46,0,8,7.0,7,0,5,5,zero,
online_feedback,base,1,46,1,8,13.0,13,0,10,10,zero,
online_feedback,base,1,46,2,8,5.0,5,0,19,19,zero,
online_feedback,base,1,47,0,8,7.0,7,0,17,17,zero,
online_feedback,base,1,47,1,8,2.0,0,2,3,3,zero,
online_feedback,base,1,47,2,8,2.0,2,0,19,19,zero,
online_feedback,base,1,48,0,7,8.0,8,0,2,2,zero,
online_feedback,base,1,48,1,7,6.0,6,0,16,16,zero,
online_feedback,base,1,48,2,7,14.0,0,14,1,1,zero,
online_feedback,base,1,49,0,8,8.0,8,0,1,1,zero,
online_feedback,base,1,49,1,8,15.0,15,0,16,16,zero,
online_feedback,base,1,49,2,8,29.0,0,29,16,16,zero,
online_feedback,base,1,50,0,7,6.0,6,0,8,8,zero,
online_feedback,base,1,50,1,7,17.0,17,0,3,3,zero,
online_feedback,base,1,50,2,7,13.0,0,13,19,19,zero,
online_feedback,base,1,51,0,8,13.0,13,0,8,8,zero,
online_feedback,base,1,51,1,8,12.0,12,0,3,3,zero,
online_feedback,base,1,51,2,8,3.0,3,0,1,1,zero,
online_feedback,base,1,52,0,7,10.0,10,0,13,13,zero,
online_feedback,base,1,52,1,7,1.0,1,0,0,0,zero,
online_feedback,base,1,52,2,7,4.0,4,0,0,0,zero,
online_feedback,base,1,53,0,7,4.0,4,0,5,5,zero,
online_feedback,base,1,53,1,7,3.0,0,3,10,10,zero,
online_feedback,base,1,53,2,7,10.0,10,0,0,0,zero,
online_feedback,base,1,54,0,7,5.0,5,0,8,8,zero,
online_feedback,base,1,54,1,7,8.0,8,0,16,16,zero,
online_feedback,base,1,54,2,7,13.0,13,0,0,0,zero,
online_feedback,base,1,55,0,6,7.0,7,0,2,2,zero,
online_feedback,base,1,55,1,6,22.0,22,0,10,10,zero,
online_feedback,base,1,55,2,6,4.0,4,0,19,19,zero,
online_feedback,base,1,56,0,6,14.0,14,0,8,8,zero,
online_feedback,base,1,56,1,6,14.0,14,0,0,0,zero,
online_feedback,base,1,56,2,6,4.0,4,0,19,19,zero,
online_feedback,base,1,57,0,5,11.0,11,0,1,1,zero,
online_feedback,base,1,57,1,5,23.0,23,0,0,0,zero,
online_feedback,base,1,57,2,5,4.0,4,0,1,1,zero,
online_feedback,base,1,58,0,5,17.0,17,0,8,8,zero,
online_feedback,base,1,58,1,5,31.0,31,0,0,0,zero,
online_feedback,base,1,58,2,5,4.0,4,0,0,0,zero,
online_feedback,base,1,59,0,4,15.0,15,0,1,1,zero,
online_feedback,base,1,59,1,4,40.0,40,0,0,0,zero,
online_feedback,base,1,59,2,4,23.0,23,0,0,0,zero,
online_feedback,base,1,60,0,4,19.0,19,0,1,1,zero,
online_feedback,base,1,60,1,4,39.0,39,0,0,0,zero,
online_feedback,base,1,60,2,4,42.0,42,0,0,0,zero,
online_feedback,base,1,61,0,4,16.0,16,0,1,1,zero,
online_feedback,base,1,61,1,4,38.0,38,0,0,0,zero,
online_feedback,base,1,61,2,4,43.0,43,0,0,0,zero,
online_feedback,base,1,62,0,5,19.0,19,0,5,5,zero,
online_feedback,base,1,62,1,5,33.0,33,0,0,0,zero,
online_feedback,base,1,62,2,5,43.0,43,0,0,0,zero,
online_feedback,base,1,63,0,5,15.0,15,0,5,5,zero,
online_feedback,base,1,63,1,5,28.0,28,0,0,0,zero,
online_feedback,base,1,63,2,5,43.0,43,0,0,0,zero,
online_feedback,base,1,64,0,4,12.0,12,0,8,8,zero,
online_feedback,base,1,64,1,4,20.0,20,0,0,0,zero,
online_feedback,base,1,64,2,4,43.0,43,0,0,0,zero,
online_feedback,base,1,65,0,4,9.0,9,0,1,1,zero,
online_feedback,base,1,65,1,4,19.0,19,0,4,4,zero,
online_feedback,base,1,65,2,4,39.0,39,0,0,0,zero,
online_feedback,base,1,66,0,4,10.0,10,0,1,1,zero,
online_feedback,base,1,66,1,4,18.0,18,0,2,2,zero,
online_feedback,base,1,66,2,4,37.0,37,0,0,0,zero,
online_feedback,base,1,67,0,4,11.0,11,0,8,8,zero,
online_feedback,base,1,67,1,4,10.0,10,0,0,0,zero,
online_feedback,base,1,67,2,4,37.0,37,0,0,0,zero,
online_feedback,base,1,68,0,4,15.0,15,0,1,1,zero,
online_feedback,base,1,68,1,4,9.0,9,0,10,10,zero,
online_feedback,base,1,68,2,4,27.0,27,0,0,0,zero,
online_feedback,base,1,69,0,4,12.0,12,0,8,8,zero,
online_feedback,base,1,69,1,4,5.0,5,0,2,2,zero,
online_feedback,base,1,69,2,4,25.0,25,0,1,1,zero,
online_feedback,base,1,70,0,4,9.0,9,0,1,1,zero,
online_feedback,base,1,70,1,4,6.0,6,0,2,2,zero,
online_feedback,base,1,70,2,4,23.0,23,0,0,0,zero,
online_feedback,base,1,71,0,3,14.0,14,0,1,1,zero,
online_feedback,base,1,71,1,3,5.0,5,0,0,0,zero,
online_feedback,base,1,71,2,3,23.0,23,0,0,0,zero,
online_feedback,base,1,72,0,3,12.0,12,0,1,1,zero,
online_feedback,base,1,72,1,3,14.0,14,0,0,0,zero,
online_feedback,base,1,72,2,3,23.0,23,0,0,0,zero,
online_feedback,base,1,73,0,3,17.0,17,0,1,1,zero,
online_feedback,base,1,73,1,3,15.0,15,0,0,0,zero,
online_feedback,base,1,73,2,3,24.0,24,0,0,0,zero,
online_feedback,base,1,74,0,3,15.0,15,0,1,1,zero,
online_feedback,base,1,74,1,3,16.0,16,0,0,0,zero,
online_feedback,base,1,74,2,3,24.0,24,0,0,0,zero,
online_feedback,base,1,75,0,3,13.0,13,0,1,1,zero,
online_feedback,base,1,75,1,3,15.0,15,0,0,0,zero,
online_feedback,base,1,75,2,3,24.0,24,0,0,0,zero,
online_feedback,base,1,76,0,2,12.0,12,0,8,8,zero,
online_feedback,base,1,76,1,2,7.0,7,0,0,0,zero,
online_feedback,base,1,76,2,2,24.0,24,0,0,0,zero,
online_feedback,base,1,77,0,3,10.0,10,0,1,1,zero,
online_feedback,base,1,77,1,3,6.0,6,0,4,4,zero,
online_feedback,base,1,77,2,3,20.0,20,0,0,0,zero,
online_feedback,base,1,78,0,3,8.0,8,0,1,1,zero,
online_feedback,base,1,78,1,3,5.0,5,0,2,2,zero,
online_feedback,base,1,78,2,3,18.0,18,0,0,0,zero,
online_feedback,base,1,79,0,3,6.0,6,0,1,1,zero,
online_feedback,base,1,79,1,3,4.0,4,0,3,3,zero,
online_feedback,base,1,79,2,3,15.0,15,0,0,0,zero,
online_feedback,base,1,80,0,3,11.0,11,0,8,8,zero,
online_feedback,base,1,80,1,3,4.0,0,4,0,0,zero,
online_feedback,base,1,80,2,3,15.0,15,0,0,0,zero,
online_feedback,base,1,81,0,3,9.0,9,0,5,5,zero,
online_feedback,base,1,81,1,3,5.0,0,5,16,16,zero,
online_feedback,base,1,81,2,3,1.0,0,1,0,0,zero,
online_feedback,base,1,82,0,2,8.0,8,0,1,1,zero,
online_feedback,base,1,82,1,2,4.0,0,4,2,2,zero,
online_feedback,base,1,82,2,2,3.0,0,3,17,17,zero,
online_feedback,base,1,83,0,3,6.0,6,0,1,1,zero,
online_feedback,base,1,83,1,3,2.0,0,2,3,3,zero,
online_feedback,base,1,83,2,3,6.0,0,6,1,1,zero,
online_feedback,base,1,84,0,3,7.0,7,0,1,1,zero,
online_feedback,base,1,84,1,3,3.0,0,3,0,0,zero,
online_feedback,base,1,84,2,3,6.0,0,6,1,1,zero,
online_feedback,base,1,85,0,2,9.0,9,0,8,8,zero,
online_feedback,base,1,85,1,2,4.0,4,0,0,0,zero,
online_feedback,base,1,85,2,2,6.0,0,6,0,0,zero,
online_feedback,base,1,86,0,2,9.0,9,0,1,1,zero,
online_feedback,base,1,86,1,2,3.0,3,0,12,12,zero,
online_feedback,base,1,86,2,2,1.0,0,1,0,0,zero,
online_feedback,base,1,87,0,2,10.0,10,0,1,1,zero,
online_feedback,base,1,87,1,2,2.0,2,0,3,3,zero,
online_feedback,base,1,87,2,2,3.0,0,3,19,19,zero,
online_feedback,base,1,88,0,1,9.0,9,0,1,1,zero,
online_feedback,base,1,88,1,1,1.0,1,0,3,3,zero,
online_feedback,base,1,88,2,1,5.0,0,5,19,19,zero,
online_feedback,base,1,89,0,1,19.0,19,0,1,1,zero,
online_feedback,base,1,89,1,1,-0.0,0,0,0,0,zero,
online_feedback,base,1,89,2,1,5.0,0,5,0,0,zero,
online_feedback,base,1,90,0,1,19.0,19,0,1,1,zero,
online_feedback,base,1,90,1,1,16.0,16,0,0,0,zero,
online_feedback,base,1,90,2,1,5.0,0,5,0,0,zero,
online_feedback,base,1,91,0,1,19.0,19,0,1,1,zero,
online_feedback,base,1,91,1,1,16.0,16,0,0,0,zero,
online_feedback,base,1,91,2,1,14.0,14,0,0,0,zero,
online_feedback,base,1,92,0,1,19.0,19,0,1,1,zero,
online_feedback,base,1,92,1,1,16.0,16,0,0,0,zero,
online_feedback,base,1,92,2,1,33.0,33,0,0,0,zero,
online_feedback,base,1,93,0,2,18.0,18,0,1,1,zero,
online_feedback,base,1,93,1,2,15.0,15,0,0,0,zero,
online_feedback,base,1,93,2,2,33.0,33,0,0,0,zero,
online_feedback,base,1,94,0,1,18.0,18,0,1,1,zero,
online_feedback,base,1,94,1,1,14.0,14,0,0,0,zero,
online_feedback,base,1,94,2,1,33.0,33,0,0,0,zero,
online_feedback,base,1,95,0,2,17.0,17,0,1,1,zero,
online_feedback,base,1,95,1,2,18.0,18,0,0,0,zero,
online_feedback,base,1,95,2,2,33.0,33,0,0,0,zero,
online_feedback,base,1,96,0,1,17.0,17,0,1,1,zero,
online_feedback,base,1,96,1,1,17.0,17,0,0,0,zero,
online_feedback,base,1,96,2,1,33.0,33,0,0,0,zero,
online_feedback,base,1,97,0,1,17.0,17,0,1,1,zero,
online_feedback,base,1,97,1,1,16.0,16,0,0,0,zero,
online_feedback,base,1,97,2,1,33.0,33,0,0,0,zero,
online_feedback,base,1,98,0,1,17.0,17,0,1,1,zero,
online_feedback,base,1,98,1,1,15.0,15,0,0,0,zero,
online_feedback,base,1,98,2,1,33.0,33,0,0,0,zero,
online_feedback,base,1,99,0,1,17.0,17,0,1,1,zero,
online_feedback,base,1,99,1,1,14.0,14,0,0,0,zero,
online_feedback,base,1,99,2,1,33.0,33,0,0,0,zero,
online_feedback,base,1,100,0,1,17.0,17,0,1,1,zero,
online_feedback,base,1,100,1,1,13.0,13,0,0,0,zero,
online_feedback,base,1,100,2,1,33.0,33,0,0,0,zero,
online_feedback,base,1,101,0,1,17.0,17,0,1,1,zero,
online_feedback,base,1,101,1,1,12.0,12,0,0,0,zero,
online_feedback,base,1,101,2,1,33.0,33,0,0,0,zero,
online_feedback,base,1,102,0,2,16.0,16,0,1,1,zero,
online_feedback,base,1,102,1,2,11.0,11,0,0,0,zero,
online_feedback,base,1,102,2,2,33.0,33,0,0,0,zero,
online_feedback,base,1,103,0,2,15.0,15,0,1,1,zero,
online_feedback,base,1,103,1,2,10.0,10,0,0,0,zero,
online_feedback,base,1,103,2,2,33.0,33,0,0,0,zero,
online_feedback,base,1,104,0,2,14.0,14,0,1,1,zero,
online_feedback,base,1,104,1,2,9.0,9,0,0,0,zero,
online_feedback,base,1,104,2,2,33.0,33,0,0,0,zero,
online_feedback,base,1,105,0,1,14.0,14,0,1,1,zero,
online_feedback,base,1,105,1,1,8.0,8,0,0,0,zero,
online_feedback,base,1,105,2,1,33.0,33,0,0,0,zero,
online_feedback,base,1,106,0,2,13.0,13,0,1,1,zero,
online_feedback,base,1,106,1,2,7.0,7,0,0,0,zero,
online_feedback,base,1,106,2,2,33.0,33,0,0,0,zero,
online_feedback,base,1,107,0,1,13.0,13,0,1,1,zero,
online_feedback,base,1,107,1,1,6.0,6,0,0,0,zero,
online_feedback,base,1,107,2,1,33.0,33,0,0,0,zero,
online_feedback,base,1,108,0,1,13.0,13,0,1,1,zero,
online_feedback,base,1,108,1,1,5.0,5,0,0,0,zero,
online_feedback,base,1,108,2,1,33.0,33,0,0,0,zero,
online_feedback,base,1,109,0,1,13.0,13,0,1,1,zero,
online_feedback,base,1,109,1,1,4.0,4,0,2,2,zero,
online_feedback,base,1,109,2,1,31.0,31,0,0,0,zero,
online_feedback,base,1,110,0,1,13.0,13,0,1,1,zero,
online_feedback,base,1,110,1,1,3.0,3,0,2,2,zero,
online_feedback,base,1,110,2,1,29.0,29,0,0,0,zero,
online_feedback,base,1,111,0,1,13.0,13,0,1,1,zero,
online_feedback,base,1,111,1,1,2.0,2,0,0,0,zero,
online_feedback,base,1,111,2,1,29.0,29,0,0,0,zero,
online_feedback,base,1,112,0,1,13.0,13,0,1,1,zero,
online_feedback,base,1,112,1,1,1.0,1,0,0,0,zero,
online_feedback,base,1,112,2,1,29.0,29,0,0,0,zero,
online_feedback,base,1,113,0,1,13.0,13,0,1,1,zero,
online_feedback,base,1,113,1,1,2.0,2,0,0,0,zero,
online_feedback,base,1,113,2,1,29.0,29,0,0,0,zero,
online_feedback,base,1,114,0,1,13.0,13,0,1,1,zero,
online_feedback,base,1,114,1,1,3.0,3,0,2,2,zero,
online_feedback,base,1,114,2,1,27.0,27,0,0,0,zero,
online_feedback,base,1,115,0,2,12.0,12,0,1,1,zero,
online_feedback,base,1,115,1,2,2.0,2,0,0,0,zero,
online_feedback,base,1,115,2,2,27.0,27,0,0,0,zero,
online_feedback,base,1,116,0,1,12.0,12,0,1,1,zero,
online_feedback,base,1,116,1,1,1.0,1,0,10,10,zero,
online_feedback,base,1,116,2,1,17.0,17,0,0,0,zero,
online_feedback,base,1,117,0,1,12.0,12,0,1,1,zero,
online_feedback,base,1,117,1,1,-0.0,0,0,0,0,zero,
online_feedback,base,1,117,2,1,17.0,17,0,1,1,zero,
online_feedback,base,1,118,0,1,12.0,12,0,1,1,zero,
online_feedback,base,1,118,1,1,1.0,1,0,0,0,zero,
online_feedback,base,1,118,2,1,17.0,17,0,0,0,zero,
online_feedback,base,1,119,0,1,12.0,12,0,1,1,zero,
online_feedback,base,1,119,1,1,-0.0,0,0,0,0,zero,
online_feedback,base,1,119,2,1,17.0,17,0,0,0,zero,
online_feedback,base,1,120,0,1,12.0,12,0,1,1,zero,
online_feedback,base,1,120,1,1,9.0,9,0,0,0,zero,
online_feedback,base,1,120,2,1,17.0,17,0,0,0,zero,
online_feedback,base,1,121,0,2,11.0,11,0,1,1,zero,
online_feedback,base,1,121,1,2,8.0,8,0,0,0,zero,
online_feedback,base,1,121,2,2,18.0,18,0,0,0,zero,
online_feedback,base,1,122,0,2,10.0,10,0,1,1,zero,
online_feedback,base,1,122,1,2,7.0,7,0,0,0,zero,
online_feedback,base,1,122,2,2,18.0,18,0,0,0,zero,
online_feedback,base,1,123,0,2,9.0,9,0,1,1,zero,
online_feedback,base,1,123,1,2,6.0,6,0,0,0,zero,
online_feedback,base,1,123,2,2,18.0,18,0,0,0,zero,
online_feedback,base,1,124,0,2,8.0,8,0,1,1,zero,
online_feedback,base,1,124,1,2,5.0,5,0,0,0,zero,
online_feedback,base,1,124,2,2,18.0,18,0,0,0,zero,
online_feedback,base,1,125,0,1,8.0,8,0,1,1,zero,
online_feedback,base,1,125,1,1,4.0,4,0,10,10,zero,
online_feedback,base,1,125,2,1,8.0,8,0,0,0,zero,
online_feedback,base,1,126,0,1,8.0,8,0,1,1,zero,
online_feedback,base,1,126,1,1,3.0,3,0,0,0,zero,
online_feedback,base,1,126,2,1,8.0,8,0,4,4,zero,
online_feedback,base,1,127,0,1,8.0,8,0,1,1,zero,
online_feedback,base,1,127,1,1,2.0,2,0,0,0,zero,
online_feedback,base,1,127,2,1,8.0,8,0,1,1,zero,
online_feedback,base,1,128,0,1,8.0,8,0,1,1,zero,
online_feedback,base,1,128,1,1,1.0,1,0,0,0,zero,
online_feedback,base,1,128,2,1,8.0,8,0,0,0,zero,
online_feedback,base,1,129,0,1,8.0,8,0,1,1,zero,
online_feedback,base,1,129,1,1,10.0,10,0,0,0,zero,
online_feedback,base,1,129,2,1,8.0,8,0,0,0,zero,
online_feedback,base,1,130,0,1,8.0,8,0,1,1,zero,
online_feedback,base,1,130,1,1,9.0,9,0,0,0,zero,
online_feedback,base,1,130,2,1,12.0,12,0,0,0,zero,
online_feedback,base,1,131,0,1,8.0,8,0,1,1,zero,
online_feedback,base,1,131,1,1,8.0,8,0,0,0,zero,
online_feedback,base,1,131,2,1,13.0,13,0,0,0,zero,
online_feedback,base,1,132,0,1,8.0,8,0,1,1,zero,
online_feedback,base,1,132,1,1,7.0,7,0,0,0,zero,
online_feedback,base,1,132,2,1,13.0,13,0,0,0,zero,
online_feedback,base,1,133,0,1,8.0,8,0,1,1,zero,
online_feedback,base,1,133,1,1,6.0,6,0,0,0,zero,
online_feedback,base,1,133,2,1,13.0,13,0,0,0,zero,
online_feedback,base,1,134,0,1,8.0,8,0,1,1,zero,
online_feedback,base,1,134,1,1,5.0,5,0,0,0,zero,
online_feedback,base,1,134,2,1,13.0,13,0,0,0,zero,
online_feedback,base,1,135,0,1,8.0,8,0,1,1,zero,
online_feedback,base,1,135,1,1,4.0,4,0,2,2,zero,
online_feedback,base,1,135,2,1,11.0,11,0,0,0,zero,
online_feedback,base,1,136,0,1,8.0,8,0,1,1,zero,
online_feedback,base,1,136,1,1,3.0,3,0,2,2,zero,
online_feedback,base,1,136,2,1,9.0,9,0,0,0,zero,
online_feedback,base,1,137,0,1,8.0,8,0,1,1,zero,
online_feedback,base,1,137,1,1,2.0,2,0,0,0,zero,
online_feedback,base,1,137,2,1,9.0,9,0,0,0,zero,
online_feedback,base,1,138,0,1,8.0,8,0,1,1,zero,
online_feedback,base,1,138,1,1,1.0,1,0,0,0,zero,
online_feedback,base,1,138,2,1,9.0,9,0,0,0,zero,
online_feedback,base,1,139,0,1,8.0,8,0,1,1,zero,
online_feedback,base,1,139,1,1,2.0,2,0,0,0,zero,
online_feedback,base,1,139,2,1,9.0,9,0,0,0,zero,
online_feedback,base,1,140,0,1,8.0,8,0,1,1,zero,
online_feedback,base,1,140,1,1,3.0,3,0,2,2,zero,
online_feedback,base,1,140,2,1,7.0,7,0,0,0,zero,
online_feedback,base,1,141,0,1,8.0,8,0,1,1,zero,
online_feedback,base,1,141,1,1,2.0,2,0,3,3,zero,
online_feedback,base,1,141,2,1,4.0,4,0,0,0,zero,
online_feedback,base,1,142,0,1,8.0,8,0,1,1,zero,
online_feedback,base,1,142,1,1,1.0,1,0,0,0,zero,
online_feedback,base,1,142,2,1,4.0,4,0,17,17,zero,
online_feedback,base,1,143,0,1,8.0,8,0,1,1,zero,
online_feedback,base,1,143,1,1,-0.0,0,0,0,0,zero,
online_feedback,base,1,143,2,1,4.0,4,0,1,1,zero,
online_feedback,base,1,144,0,1,8.0,8,0,1,1,zero,
online_feedback,base,1,144,1,1,1.0,1,0,0,0,zero,
online_feedback,base,1,144,2,1,4.0,4,0,0,0,zero,
online_feedback,base,1,145,0,1,8.0,8,0,1,1,zero,
online_feedback,base,1,145,1,1,3.0,3,0,0,0,zero,
online_feedback,base,1,145,2,1,4.0,4,0,0,0,zero,
online_feedback,base,1,146,0,1,8.0,8,0,1,1,zero,
online_feedback,base,1,146,1,1,2.0,2,0,10,10,zero,
online_feedback,base,1,146,2,1,11.0,11,0,0,0,zero,
online_feedback,base,1,147,0,1,8.0,8,0,1,1,zero,
online_feedback,base,1,147,1,1,1.0,1,0,0,0,zero,
online_feedback,base,1,147,2,1,12.0,12,0,16,16,zero,
online_feedback,base,1,148,0,1,8.0,8,0,1,1,zero,
online_feedback,base,1,148,1,1,-0.0,0,0,0,0,zero,
online_feedback,base,1,148,2,1,12.0,12,0,1,1,zero,
online_feedback,base,1,149,0,1,8.0,8,0,1,1,zero,
online_feedback,base,1,149,1,1,1.0,0,1,0,0,zero,
online_feedback,base,1,149,2,1,12.0,12,0,0,0,zero,
online_feedback,base,1,150,0,1,8.0,8,0,1,1,zero,
online_feedback,base,1,150,1,1,8.0,8,0,0,0,zero,
online_feedback,base,1,150,2,1,12.0,12,0,0,0,zero,
online_feedback,base,1,151,0,1,8.0,8,0,1,1,zero,
online_feedback,base,1,151,1,1,7.0,7,0,0,0,zero,
online_feedback,base,1,151,2,1,28.0,28,0,0,0,zero,
online_feedback,base,1,152,0,1,8.0,8,0,1,1,zero,
online_feedback,base,1,152,1,1,6.0,6,0,0,0,zero,
online_feedback,base,1,152,2,1,29.0,29,0,0,0,zero,
online_feedback,base,1,153,0,1,7.0,7,0,1,1,zero,
online_feedback,base,1,153,1,1,5.0,5,0,0,0,zero,
online_feedback,base,1,153,2,1,29.0,29,0,0,0,zero,
online_feedback,base,1,154,0,1,8.0,8,0,1,1,zero,
online_feedback,base,1,154,1,1,4.0,4,0,2,2,zero,
online_feedback,base,1,154,2,1,27.0,27,0,0,0,zero,
online_feedback,base,1,155,0,1,8.0,8,0,1,1,zero,
online_feedback,base,1,155,1,1,3.0,3,0,2,2,zero,
online_feedback,base,1,155,2,1,25.0,25,0,0,0,zero,
online_feedback,base,1,156,0,1,8.0,8,0,1,1,zero,
online_feedback,base,1,156,1,1,2.0,2,0,0,0,zero,
online_feedback,base,1,156,2,1,25.0,25,0,0,0,zero,
online_feedback,base,1,157,0,2,7.0,7,0,1,1,zero,
online_feedback,base,1,157,1,2,1.0,1,0,0,0,zero,
online_feedback,base,1,157,2,2,25.0,25,0,0,0,zero,
online_feedback,base,1,158,0,2,6.0,6,0,1,1,zero,
online_feedback,base,1,158,1,2,2.0,2,0,2,2,zero,
online_feedback,base,1,158,2,2,23.0,23,0,0,0,zero,
online_feedback,base,1,159,0,2,5.0,5,0,5,5,zero,
online_feedback,base,1,159,1,2,1.0,0,1,0,0,zero,
online_feedback,base,1,159,2,2,23.0,23,0,0,0,zero,
online_feedback,base,1,160,0,2,4.0,4,0,1,1,zero,
online_feedback,base,1,160,1,2,2.0,0,2,16,16,zero,
online_feedback,base,1,160,2,2,7.0,7,0,0,0,zero,
online_feedback,base,1,161,0,2,3.0,3,0,1,1,zero,
online_feedback,base,1,161,1,2,3.0,0,3,3,3,zero,
online_feedback,base,1,161,2,2,4.0,4,0,17,17,zero,
online_feedback,base,1,162,0,2,2.0,2,0,5,5,zero,
online_feedback,base,1,162,1,2,6.0,0,6,0,0,zero,
online_feedback,base,1,162,2,2,4.0,4,0,1,1,zero,
online_feedback,base,1,163,0,1,5.0,5,0,8,8,zero,
online_feedback,base,1,163,1,1,14.0,0,14,3,3,zero,
online_feedback,base,1,163,2,1,1.0,1,0,0,0,zero,
online_feedback,base,1,164,0,2,3.0,3,0,1,1,zero,
online_feedback,base,1,164,1,2,1.0,1,0,12,12,zero,
online_feedback,base,1,164,2,2,11.0,0,11,0,0,zero,
online_feedback,base,1,165,0,2,1.0,1,0,1,1,zero,
online_feedback,base,1,165,1,2,3.0,3,0,10,10,zero,
online_feedback,base,1,165,2,2,4.0,0,4,19,19,zero,
online_feedback,base,1,166,0,2,1.0,1,0,1,1,zero,
online_feedback,base,1,166,1,2,2.0,2,0,3,3,zero,
online_feedback,base,1,166,2,2,6.0,0,6,19,19,zero,
online_feedback,base,1,167,0,2,1.0,0,1,1,1,zero,
online_feedback,base,1,167,1,2,4.0,4,0,0,0,zero,
online_feedback,base,1,167,2,2,6.0,0,6,1,1,zero,
online_feedback,base,1,168,0,2,12.0,12,0,5,5,zero,
online_feedback,base,1,168,1,2,-0.0,0,0,0,0,zero,
online_feedback,base,1,168,2,2,6.0,0,6,0,0,zero,
online_feedback,base,1,169,0,1,12.0,12,0,1,1,zero,
online_feedback,base,1,169,1,1,16.0,16,0,0,0,zero,
online_feedback,base,1,169,2,1,13.0,13,0,0,0,zero,
online_feedback,base,1,170,0,1,12.0,12,0,1,1,zero,
online_feedback,base,1,170,1,1,16.0,16,0,0,0,zero,
online_feedback,base,1,170,2,1,32.0,32,0,0,0,zero,
online_feedback,base,1,171,0,2,11.0,11,0,1,1,zero,
online_feedback,base,1,171,1,2,15.0,15,0,0,0,zero,
online_feedback,base,1,171,2,2,33.0,33,0,0,0,zero,
online_feedback,base,1,172,0,2,14.0,14,0,1,1,zero,
online_feedback,base,1,172,1,2,14.0,14,0,0,0,zero,
online_feedback,base,1,172,2,2,33.0,33,0,0,0,zero,
online_feedback,base,1,173,0,2,13.0,13,0,1,1,zero,
online_feedback,base,1,173,1,2,19.0,19,0,0,0,zero,
online_feedback,base,1,173,2,2,33.0,33,0,0,0,zero,
online_feedback,base,1,174,0,2,12.0,12,0,1,1,zero,
online_feedback,base,1,174,1,2,18.0,18,0,0,0,zero,
online_feedback,base,1,174,2,2,33.0,33,0,0,0,zero,
online_feedback,base,1,175,0,2,11.0,11,0,1,1,zero,
online_feedback,base,1,175,1,2,17.0,17,0,0,0,zero,
online_feedback,base,1,175,2,2,33.0,33,0,0,0,zero,
online_feedback,base,1,176,0,1,11.0,11,0,1,1,zero,
online_feedback,base,1,176,1,1,16.0,16,0,0,0,zero,
online_feedback,base,1,176,2,1,33.0,33,0,0,0,zero,
online_feedback,base,1,177,0,1,11.0,11,0,1,1,zero,
online_feedback,base,1,177,1,1,15.0,15,0,0,0,zero,
online_feedback,base,1,177,2,1,33.0,33,0,0,0,zero,
online_feedback,base,1,178,0,1,11.0,11,0,1,1,zero,
online_feedback,base,1,178,1,1,14.0,14,0,0,0,zero,
online_feedback,base,1,178,2,1,33.0,33,0,0,0,zero,
online_feedback,base,1,179,0,1,11.0,11,0,1,1,zero,
online_feedback,base,1,179,1,1,13.0,13,0,0,0,zero,
online_feedback,base,1,179,2,1,33.0,33,0,0,0,zero,
online_feedback,base,1,180,0,1,11.0,11,0,1,1,zero,
online_feedback,base,1,180,1,1,12.0,12,0,0,0,zero,
online_feedback,base,1,180,2,1,33.0,33,0,0,0,zero,
online_feedback,base,1,181,0,1,11.0,11,0,1,1,zero,
online_feedback,base,1,181,1,1,11.0,11,0,0,0,zero,
online_feedback,base,1,181,2,1,33.0,33,0,0,0,zero,
online_feedback,base,1,182,0,1,11.0,11,0,1,1,zero,
online_feedback,base,1,182,1,1,10.0,10,0,0,0,zero,
online_feedback,base,1,182,2,1,33.0,33,0,0,0,zero,
online_feedback,base,1,183,0,1,11.0,11,0,1,1,zero,
online_feedback,base,1,183,1,1,9.0,9,0,0,0,zero,
online_feedback,base,1,183,2,1,33.0,33,0,0,0,zero,
online_feedback,base,1,184,0,2,10.0,10,0,1,1,zero,
online_feedback,base,1,184,1,2,8.0,8,0,0,0,zero,
online_feedback,base,1,184,2,2,33.0,33,0,0,0,zero,
online_feedback,base,1,185,0,2,9.0,9,0,1,1,zero,
online_feedback,base,1,185,1,2,7.0,7,0,0,0,zero,
online_feedback,base,1,185,2,2,33.0,33,0,0,0,zero,
online_feedback,base,1,186,0,2,8.0,8,0,1,1,zero,
online_feedback,base,1,186,1,2,6.0,6,0,0,0,zero,
online_feedback,base,1,186,2,2,33.0,33,0,0,0,zero,
online_feedback,base,1,187,0,2,7.0,7,0,1,1,zero,
online_feedback,base,1,187,1,2,5.0,5,0,0,0,zero,
online_feedback,base,1,187,2,2,33.0,33,0,0,0,zero,
online_feedback,base,1,188,0,2,6.0,6,0,1,1,zero,
online_feedback,base,1,188,1,2,4.0,4,0,2,2,zero,
online_feedback,base,1,188,2,2,31.0,31,0,0,0,zero,
online_feedback,base,1,189,0,2,5.0,5,0,8,8,zero,
online_feedback,base,1,189,1,2,4.0,0,4,2,2,zero,
online_feedback,base,1,189,2,2,29.0,29,0,0,0,zero,
online_feedback,base,1,190,0,2,4.0,4,0,1,1,zero,
online_feedback,base,1,190,1,2,5.0,0,5,16,16,zero,
online_feedback,base,1,190,2,2,13.0,13,0,0,0,zero,
online_feedback,base,1,191,0,2,3.0,3,0,1,1,zero,
online_feedback,base,1,191,1,2,6.0,0,6,3,3,zero,
online_feedback,base,1,191,2,2,10.0,10,0,4,4,zero,
online_feedback,base,1,192,0,2,2.0,2,0,5,5,zero,
online_feedback,base,1,192,1,2,9.0,0,9,0,0,zero,
online_feedback,base,1,192,2,2,10.0,10,0,17,17,zero,
online_feedback,base,1,193,0,2,4.0,4,0,8,8,zero,
online_feedback,base,1,193,1,2,15.0,0,15,3,3,zero,
online_feedback,base,1,193,2,2,7.0,7,0,0,0,zero,
online_feedback,base,1,194,0,2,2.0,2,0,8,8,zero,
online_feedback,base,1,194,1,2,7.0,0,7,12,12,zero,
online_feedback,base,1,194,2,2,5.0,0,5,0,0,zero,
online_feedback,base,1,195,0,2,-0.0,0,0,1,1,zero,
online_feedback,base,1,195,1,2,5.0,0,5,16,16,zero,
online_feedback,base,1,195,2,2,17.0,0,17,19,19,zero,
online_feedback,base,1,196,0,1,1.0,1,0,1,1,zero,
online_feedback,base,1,196,1,1,6.0,0,6,10,10,zero,
online_feedback,base,1,196,2,1,10.0,0,10,19,19,zero,
online_feedback,base,1,197,0,1,2.0,2,0,1,1,zero,
online_feedback,base,1,197,1,1,4.0,0,4,0,0,zero,
online_feedback,base,1,197,2,1,10.0,0,10,19,19,zero,
online_feedback,base,1,198,0,1,17.0,17,0,1,1,zero,
online_feedback,base,1,198,1,1,2.0,2,0,0,0,zero,
online_feedback,base,1,198,2,1,10.0,0,10,1,1,zero,
online_feedback,base,1,199,0,1,19.0,19,0,1,1,zero,
online_feedback,base,1,199,1,1,5.0,5,0,0,0,zero,
online_feedback,base,1,199,2,1,9.0,9,0,0,0,zero,
online_feedback,base,1,200,0,1,18.0,18,0,1,1,zero,
online_feedback,base,1,200,1,1,21.0,21,0,0,0,zero,
online_feedback,base,1,200,2,1,28.0,28,0,0,0,zero,
online_feedback,base,2,1,0,10,10.0,10,0,17,17,zero,
online_feedback,base,2,1,1,10,3.0,3,0,2,2,zero,
online_feedback,base,2,1,2,10,18.0,18,0,0,0,zero,
online_feedback,base,2,2,0,10,10.0,10,0,2,2,zero,
online_feedback,base,2,2,1,10,11.0,11,0,16,16,zero,
online_feedback,base,2,2,2,10,12.0,12,0,0,0,zero,
online_feedback,base,2,3,0,9,11.0,11,0,16,16,zero,
online_feedback,base,2,3,1,9,5.0,5,0,2,2,zero,
online_feedback,base,2,3,2,9,20.0,20,0,20,20,zero,
online_feedback,base,2,4,0,9,12.0,12,0,2,2,zero,
online_feedback,base,2,4,1,9,13.0,13,0,10,10,zero,
online_feedback,base,2,4,2,9,20.0,20,0,1,1,zero,
online_feedback,base,2,5,0,10,19.0,19,0,8,8,zero,
online_feedback,base,2,5,1,10,7.0,7,0,10,10,zero,
online_feedback,base,2,5,2,10,10.0,10,0,7,7,zero,
online_feedback,base,2,6,0,10,11.0,11,0,8,8,zero,
online_feedback,base,2,6,1,10,15.0,15,0,3,3,zero,
online_feedback,base,2,6,2,10,7.0,7,0,7,7,zero,
online_feedback,base,2,7,0,11,16.0,16,0,8,8,zero,
online_feedback,base,2,7,1,11,9.0,9,0,10,10,zero,
online_feedback,base,2,7,2,11,17.0,17,0,0,0,zero,
online_feedback,base,2,8,0,9,9.0,9,0,13,13,zero,
online_feedback,base,2,8,1,9,6.0,6,0,10,10,zero,
online_feedback,base,2,8,2,9,8.0,8,0,16,16,zero,
online_feedback,base,2,9,0,9,8.0,8,0,8,8,zero,
online_feedback,base,2,9,1,9,8.0,8,0,16,16,zero,
online_feedback,base,2,9,2,9,1.0,0,1,20,20,zero,
online_feedback,base,2,10,0,11,5.0,5,0,16,16,zero,
online_feedback,base,2,10,1,11,5.0,0,5,10,10,zero,
online_feedback,base,2,10,2,11,4.0,0,4,20,20,zero,
online_feedback,base,2,11,0,12,1.0,1,0,16,16,zero,
online_feedback,base,2,11,1,12,11.0,0,11,16,16,zero,
online_feedback,base,2,11,2,12,20.0,0,20,16,16,zero,
online_feedback,base,2,12,0,12,2.0,2,0,17,17,zero,
online_feedback,base,2,12,1,12,18.0,0,18,16,16,zero,
online_feedback,base,2,12,2,12,20.0,0,20,20,20,zero,
online_feedback,base,2,13,0,13,3.0,0,3,13,13,zero,
online_feedback,base,2,13,1,13,16.0,0,16,16,16,zero,
online_feedback,base,2,13,2,13,16.0,0,16,20,20,zero,
online_feedback,base,2,14,0,12,4.0,0,4,13,13,zero,
online_feedback,base,2,14,1,12,22.0,0,22,16,16,zero,
online_feedback,base,2,14,2,12,12.0,0,12,20,20,zero,
online_feedback,base,2,15,0,12,6.0,0,6,13,13,zero,
online_feedback,base,2,15,1,12,35.0,0,35,16,16,zero,
online_feedback,base,2,15,2,12,12.0,0,12,19,19,zero,
online_feedback,base,2,16,0,12,8.0,0,8,13,13,zero,
online_feedback,base,2,16,1,12,32.0,0,32,12,12,zero,
online_feedback,base,2,16,2,12,4.0,0,4,20,20,zero,
online_feedback,base,2,17,0,11,4.0,0,4,8,8,zero,
online_feedback,base,2,17,1,11,20.0,0,20,10,10,zero,
online_feedback,base,2,17,2,11,6.0,6,0,7,7,zero,
online_feedback,base,2,18,0,11,8.0,0,8,8,8,zero,
online_feedback,base,2,18,1,11,8.0,0,8,4,4,zero,
online_feedback,base,2,18,2,11,22.0,22,0,0,0,zero,
online_feedback,base,2,19,0,12,20.0,0,20,5,5,zero,
online_feedback,base,2,19,1,12,3.0,3,0,4,4,zero,
online_feedback,base,2,19,2,12,37.0,37,0,0,0,zero,
online_feedback,base,2,20,0,13,17.0,0,17,17,17,zero,
online_feedback,base,2,20,1,13,6.0,6,0,17,17,zero,
online_feedback,base,2,20,2,13,40.0,40,0,0,0,zero,
online_feedback,base,2,21,0,12,9.0,0,9,17,17,zero,
online_feedback,base,2,21,1,12,3.0,3,0,17,17,zero,
online_feedback,base,2,21,2,12,30.0,30,0,20,20,zero,
online_feedback,base,2,22,0,12,1.0,0,1,17,17,zero,
online_feedback,base,2,22,1,12,10.0,0,10,17,17,zero,
online_feedback,base,2,22,2,12,13.0,13,0,20,20,zero,
online_feedback,base,2,23,0,13,1.0,0,1,17,17,zero,
online_feedback,base,2,23,1,13,23.0,0,23,17,17,zero,
online_feedback,base,2,23,2,13,4.0,0,4,20,20,zero,
online_feedback,base,2,24,0,13,3.0,3,0,16,16,zero,
online_feedback,base,2,24,1,13,22.0,0,22,17,17,zero,
online_feedback,base,2,24,2,13,21.0,0,21,20,20,zero,
online_feedback,base,2,25,0,12,8.0,8,0,8,8,zero,
online_feedback,base,2,25,1,12,13.0,0,13,17,17,zero,
online_feedback,base,2,25,2,12,18.0,0,18,20,20,zero,
online_feedback,base,2,26,0,13,2.0,2,0,16,16,zero,
online_feedback,base,2,26,1,13,12.0,0,12,17,17,zero,
online_feedback,base,2,26,2,13,15.0,0,15,20,20,zero,
online_feedback,base,2,27,0,12,6.0,0,6,8,8,zero,
online_feedback,base,2,27,1,12,7.0,0,7,17,17,zero,
online_feedback,base,2,27,2,12,12.0,0,12,20,20,zero,
online_feedback,base,2,28,0,13,2.0,0,2,16,16,zero,
online_feedback,base,2,28,1,13,23.0,0,23,1,1,zero,
online_feedback,base,2,28,2,13,7.0,7,0,20,20,zero,
online_feedback,base,2,29,0,11,4.0,4,0,16,16,zero,
online_feedback,base,2,29,1,11,19.0,0,19,1,1,zero,
online_feedback,base,2,29,2,11,26.0,26,0,1,1,zero,
online_feedback,base,2,30,0,11,10.0,10,0,5,5,zero,
online_feedback,base,2,30,1,11,4.0,0,4,17,17,zero,
online_feedback,base,2,30,2,11,29.0,29,0,0,0,zero,
online_feedback,base,2,31,0,11,12.0,12,0,2,2,zero,
online_feedback,base,2,31,1,11,14.0,14,0,17,17,zero,
online_feedback,base,2,31,2,11,32.0,32,0,0,0,zero,
online_feedback,base,2,32,0,10,2.0,2,0,1,1,zero,
online_feedback,base,2,32,1,10,26.0,26,0,0,0,zero,
online_feedback,base,2,32,2,10,52.0,52,0,20,20,zero,
online_feedback,base,2,33,0,11,11.0,11,0,8,8,zero,
online_feedback,base,2,33,1,11,19.0,19,0,0,0,zero,
online_feedback,base,2,33,2,11,53.0,53,0,0,0,zero,
online_feedback,base,2,34,0,11,20.0,20,0,8,8,zero,
online_feedback,base,2,34,1,11,28.0,28,0,4,4,zero,
online_feedback,base,2,34,2,11,49.0,49,0,0,0,zero,
online_feedback,base,2,35,0,10,16.0,16,0,13,13,zero,
online_feedback,base,2,35,1,10,32.0,32,0,2,2,zero,
online_feedback,base,2,35,2,10,47.0,47,0,0,0,zero,
online_feedback,base,2,36,0,10,7.0,7,0,8,8,zero,
online_feedback,base,2,36,1,10,24.0,24,0,16,16,zero,
online_feedback,base,2,36,2,10,51.0,51,0,0,0,zero,
online_feedback,base,2,37,0,11,4.0,4,0,13,13,zero,
online_feedback,base,2,37,1,11,11.0,11,0,10,10,zero,
online_feedback,base,2,37,2,11,41.0,41,0,1,1,zero,
online_feedback,base,2,38,0,11,1.0,1,0,8,8,zero,
online_feedback,base,2,38,1,11,7.0,7,0,16,16,zero,
online_feedback,base,2,38,2,11,25.0,25,0,4,4,zero,
online_feedback,base,2,39,0,10,4.0,4,0,13,13,zero,
online_feedback,base,2,39,1,10,4.0,0,4,10,10,zero,
online_feedback,base,2,39,2,10,15.0,15,0,20,20,zero,
online_feedback,base,2,40,0,10,2.0,2,0,16,16,zero,
online_feedback,base,2,40,1,10,4.0,0,4,16,16,zero,
online_feedback,base,2,40,2,10,1.0,0,1,19,19,zero,
online_feedback,base,2,41,0,11,4.0,4,0,8,8,zero,
online_feedback,base,2,41,1,11,2.0,0,2,16,16,zero,
online_feedback,base,2,41,2,11,16.0,0,16,20,20,zero,
online_feedback,base,2,42,0,11,1.0,1,0,16,16,zero,
online_feedback,base,2,42,1,11,2.0,0,2,16,16,zero,
online_feedback,base,2,42,2,11,28.0,0,28,20,20,zero,
online_feedback,base,2,43,0,12,2.0,0,2,5,5,zero,
online_feedback,base,2,43,1,12,3.0,3,0,16,16,zero,
online_feedback,base,2,43,2,12,24.0,0,24,20,20,zero,
online_feedback,base,2,44,0,11,3.0,3,0,16,16,zero,
online_feedback,base,2,44,1,11,2.0,2,0,7,7,zero,
online_feedback,base,2,44,2,11,12.0,0,12,19,19,zero,
online_feedback,base,2,45,0,11,2.0,2,0,5,5,zero,
online_feedback,base,2,45,1,11,2.0,0,2,3,3,zero,
online_feedback,base,2,45,2,11,5.0,5,0,1,1,zero,
online_feedback,base,2,46,0,12,6.0,6,0,16,16,zero,
online_feedback,base,2,46,1,12,14.0,0,14,0,0,zero,
online_feedback,base,2,46,2,12,25.0,25,0,0,0,zero,
online_feedback,base,2,47,0,10,3.0,3,0,8,8,zero,
online_feedback,base,2,47,1,10,2.0,0,2,12,12,zero,
online_feedback,base,2,47,2,10,33.0,33,0,0,0,zero,
online_feedback,base,2,48,0,10,9.0,9,0,5,5,zero,
online_feedback,base,2,48,1,10,12.0,12,0,16,16,zero,
online_feedback,base,2,48,2,10,36.0,36,0,0,0,zero,
online_feedback,base,2,49,0,12,-0.0,0,0,8,8,zero,
online_feedback,base,2,49,1,12,19.0,19,0,2,2,zero,
online_feedback,base,2,49,2,12,35.0,35,0,19,19,zero,
online_feedback,base,2,50,0,11,7.0,0,7,8,8,zero,
online_feedback,base,2,50,1,11,11.0,11,0,2,2,zero,
online_feedback,base,2,50,2,11,33.0,33,0,1,1,zero,
online_feedback,base,2,51,0,11,2.0,2,0,8,8,zero,
online_feedback,base,2,51,1,11,15.0,15,0,16,16,zero,
online_feedback,base,2,51,2,11,17.0,17,0,0,0,zero,
online_feedback,base,2,52,0,13,4.0,0,4,13,13,zero,
online_feedback,base,2,52,1,13,18.0,18,0,10,10,zero,
online_feedback,base,2,52,2,13,7.0,7,0,16,16,zero,
online_feedback,base,2,53,0,13,9.0,0,9,13,13,zero,
online_feedback,base,2,53,1,13,7.0,7,0,10,10,zero,
online_feedback,base,2,53,2,13,16.0,16,0,19,19,zero,
online_feedback,base,2,54,0,13,14.0,0,14,13,13,zero,
online_feedback,base,2,54,1,13,4.0,0,4,16,16,zero,
online_feedback,base,2,54,2,13,1.0,1,0,16,16,zero,
online_feedback,base,2,55,0,13,19.0,0,19,17,17,zero,
online_feedback,base,2,55,1,13,5.0,0,5,16,16,zero,
online_feedback,base,2,55,2,13,15.0,0,15,16,16,zero,
online_feedback,base,2,56,0,12,18.0,0,18,17,17,zero,
online_feedback,base,2,56,1,12,12.0,0,12,16,16,zero,
online_feedback,base,2,56,2,12,15.0,0,15,20,20,zero,
online_feedback,base,2,57,0,10,15.0,0,15,17,17,zero,
online_feedback,base,2,57,1,10,19.0,0,19,16,16,zero,
online_feedback,base,2,57,2,10,12.0,0,12,20,20,zero,
online_feedback,base,2,58,0,12,18.0,0,18,17,17,zero,
online_feedback,base,2,58,1,12,20.0,0,20,16,16,zero,
online_feedback,base,2,58,2,12,12.0,0,12,20,20,zero,
online_feedback,base,2,59,0,13,15.0,0,15,17,17,zero,
online_feedback,base,2,59,1,13,36.0,0,36,16,16,zero,
online_feedback,base,2,59,2,13,12.0,0,12,20,20,zero,
online_feedback,base,2,60,0,13,18.0,0,18,17,17,zero,
online_feedback,base,2,60,1,13,37.0,0,37,16,16,zero,
online_feedback,base,2,60,2,13,8.0,0,8,20,20,zero,
online_feedback,base,2,61,0,14,22.0,0,22,13,13,zero,
online_feedback,base,2,61,1,14,31.0,0,31,17,17,zero,
online_feedback,base,2,61,2,14,5.0,0,5,20,20,zero,
online_feedback,base,2,62,0,15,21.0,0,21,17,17,zero,
online_feedback,base,2,62,1,15,32.0,0,32,17,17,zero,
online_feedback,base,2,62,2,15,2.0,0,2,20,20,zero,
online_feedback,base,2,63,0,16,36.0,0,36,17,17,zero,
online_feedback,base,2,63,1,16,33.0,0,33,17,17,zero,
online_feedback,base,2,63,2,16,1.0,1,0,20,20,zero,
online_feedback,base,2,64,0,14,34.0,0,34,17,17,zero,
online_feedback,base,2,64,1,14,30.0,0,30,17,17,zero,
online_feedback,base,2,64,2,14,4.0,4,0,7,7,zero,
online_feedback,base,2,65,0,14,29.0,0,29,17,17,zero,
online_feedback,base,2,65,1,14,27.0,0,27,17,17,zero,
online_feedback,base,2,65,2,14,7.0,7,0,20,20,zero,
online_feedback,base,2,66,0,11,24.0,0,24,17,17,zero,
online_feedback,base,2,66,1,11,24.0,0,24,17,17,zero,
online_feedback,base,2,66,2,11,10.0,10,0,20,20,zero,
online_feedback,base,2,67,0,12,20.0,0,20,17,17,zero,
online_feedback,base,2,67,1,12,22.0,0,22,17,17,zero,
online_feedback,base,2,67,2,12,13.0,13,0,20,20,zero,
online_feedback,base,2,68,0,12,12.0,0,12,17,17,zero,
online_feedback,base,2,68,1,12,22.0,0,22,17,17,zero,
online_feedback,base,2,68,2,12,3.0,3,0,7,7,zero,
online_feedback,base,2,69,0,10,2.0,0,2,17,17,zero,
online_feedback,base,2,69,1,10,22.0,0,22,17,17,zero,
online_feedback,base,2,69,2,10,6.0,6,0,20,20,zero,
online_feedback,base,2,70,0,10,8.0,8,0,2,2,zero,
online_feedback,base,2,70,1,10,7.0,0,7,17,17,zero,
online_feedback,base,2,70,2,10,9.0,9,0,20,20,zero,
online_feedback,base,2,71,0,10,17.0,17,0,2,2,zero,
online_feedback,base,2,71,1,10,8.0,8,0,1,1,zero,
online_feedback,base,2,71,2,10,28.0,28,0,20,20,zero,
online_feedback,base,2,72,0,10,24.0,24,0,1,1,zero,
online_feedback,base,2,72,1,10,24.0,24,0,0,0,zero,
online_feedback,base,2,72,2,10,35.0,35,0,0,0,zero,
online_feedback,base,2,73,0,10,31.0,31,0,7,7,zero,
online_feedback,base,2,73,1,10,34.0,34,0,0,0,zero,
online_feedback,base,2,73,2,10,55.0,55,0,0,0,zero,
online_feedback,base,2,74,0,9,39.0,39,0,5,5,zero,
online_feedback,base,2,74,1,9,46.0,46,0,4,4,zero,
online_feedback,base,2,74,2,9,71.0,71,0,0,0,zero,
online_feedback,base,2,75,0,8,40.0,40,0,2,2,zero,
online_feedback,base,2,75,1,8,45.0,45,0,4,4,zero,
online_feedback,base,2,75,2,8,87.0,87,0,0,0,zero,
online_feedback,base,2,76,0,8,33.0,33,0,1,1,zero,
online_feedback,base,2,76,1,8,44.0,44,0,2,2,zero,
online_feedback,base,2,76,2,8,85.0,85,0,0,0,zero,
online_feedback,base,2,77,0,8,32.0,32,0,8,8,zero,
online_feedback,base,2,77,1,8,36.0,36,0,0,0,zero,
online_feedback,base,2,77,2,8,85.0,85,0,0,0,zero,
online_feedback,base,2,78,0,8,29.0,29,0,5,5,zero,
online_feedback,base,2,78,1,8,35.0,35,0,2,2,zero,
online_feedback,base,2,78,2,8,83.0,83,0,0,0,zero,
online_feedback,base,2,79,0,8,23.0,23,0,8,8,zero,
online_feedback,base,2,79,1,8,31.0,31,0,2,2,zero,
online_feedback,base,2,79,2,8,81.0,81,0,0,0,zero,
online_feedback,base,2,80,0,8,16.0,16,0,8,8,zero,
online_feedback,base,2,80,1,8,25.0,25,0,2,2,zero,
online_feedback,base,2,80,2,8,79.0,79,0,0,0,zero,
online_feedback,base,2,81,0,8,16.0,16,0,8,8,zero,
online_feedback,base,2,81,1,8,17.0,17,0,10,10,zero,
online_feedback,base,2,81,2,8,69.0,69,0,0,0,zero,
online_feedback,base,2,82,0,8,13.0,13,0,8,8,zero,
online_feedback,base,2,82,1,8,11.0,11,0,10,10,zero,
online_feedback,base,2,82,2,8,59.0,59,0,0,0,zero,
online_feedback,base,2,83,0,7,14.0,14,0,8,8,zero,
online_feedback,base,2,83,1,7,5.0,5,0,16,16,zero,
online_feedback,base,2,83,2,7,43.0,43,0,0,0,zero,
online_feedback,base,2,84,0,7,15.0,15,0,1,1,zero,
online_feedback,base,2,84,1,7,6.0,6,0,10,10,zero,
online_feedback,base,2,84,2,7,33.0,33,0,17,17,zero,
online_feedback,base,2,85,0,7,16.0,16,0,8,8,zero,
online_feedback,base,2,85,1,7,8.0,8,0,0,0,zero,
online_feedback,base,2,85,2,7,33.0,33,0,4,4,zero,
online_feedback,base,2,86,0,7,17.0,17,0,5,5,zero,
online_feedback,base,2,86,1,7,13.0,13,0,0,0,zero,
online_feedback,base,2,86,2,7,33.0,33,0,0,0,zero,
online_feedback,base,2,87,0,8,17.0,17,0,8,8,zero,
online_feedback,base,2,87,1,8,21.0,21,0,2,2,zero,
online_feedback,base,2,87,2,8,31.0,31,0,0,0,zero,
online_feedback,base,2,88,0,7,11.0,11,0,8,8,zero,
online_feedback,base,2,88,1,7,23.0,23,0,10,10,zero,
online_feedback,base,2,88,2,7,38.0,38,0,0,0,zero,
online_feedback,base,2,89,0,7,12.0,12,0,8,8,zero,
online_feedback,base,2,89,1,7,15.0,15,0,10,10,zero,
online_feedback,base,2,89,2,7,32.0,32,0,0,0,zero,
online_feedback,base,2,90,0,8,9.0,9,0,1,1,zero,
online_feedback,base,2,90,1,8,14.0,14,0,10,10,zero,
online_feedback,base,2,90,2,8,22.0,22,0,17,17,zero,
online_feedback,base,2,91,0,9,8.0,8,0,8,8,zero,
online_feedback,base,2,91,1,9,8.0,8,0,3,3,zero,
online_feedback,base,2,91,2,9,19.0,19,0,19,19,zero,
online_feedback,base,2,92,0,9,7.0,7,0,8,8,zero,
online_feedback,base,2,92,1,9,10.0,10,0,2,2,zero,
online_feedback,base,2,92,2,9,17.0,17,0,0,0,zero,
online_feedback,base,2,93,0,10,5.0,5,0,13,13,zero,
online_feedback,base,2,93,1,10,7.0,7,0,16,16,zero,
online_feedback,base,2,93,2,10,1.0,1,0,0,0,zero,
online_feedback,base,2,94,0,9,3.0,0,3,13,13,zero,
online_feedback,base,2,94,1,9,4.0,4,0,16,16,zero,
online_feedback,base,2,94,2,9,2.0,2,0,19,19,zero,
online_feedback,base,2,95,0,10,5.0,0,5,8,8,zero,
online_feedback,base,2,95,1,10,1.0,0,1,16,16,zero,
online_feedback,base,2,95,2,10,5.0,5,0,19,19,zero,
online_feedback,base,2,96,0,8,5.0,0,5,13,13,zero,
online_feedback,base,2,96,1,8,12.0,0,12,16,16,zero,
online_feedback,base,2,96,2,8,11.0,0,11,20,20,zero,
online_feedback,base,2,97,0,9,1.0,0,1,8,8,zero,
online_feedback,base,2,97,1,9,4.0,0,4,16,16,zero,
online_feedback,base,2,97,2,9,27.0,0,27,20,20,zero,
online_feedback,base,2,98,0,10,2.0,2,0,5,5,zero,
online_feedback,base,2,98,1,10,7.0,7,0,16,16,zero,
online_feedback,base,2,98,2,10,24.0,0,24,20,20,zero,
online_feedback,base,2,99,0,10,1.0,0,1,8,8,zero,
online_feedback,base,2,99,1,10,15.0,15,0,2,2,zero,
online_feedback,base,2,99,2,10,7.0,0,7,19,19,zero,
online_feedback,base,2,100,0,9,8.0,0,8,8,8,zero,
online_feedback,base,2,100,1,9,12.0,12,0,0,0,zero,
online_feedback,base,2,100,2,9,13.0,13,0,1,1,zero,
online_feedback,base,2,101,0,10,2.0,0,2,16,16,zero,
online_feedback,base,2,101,1,10,4.0,0,4,0,0,zero,
online_feedback,base,2,101,2,10,33.0,33,0,0,0,zero,
online_feedback,base,2,102,0,8,1.0,0,1,13,13,zero,
online_feedback,base,2,102,1,8,2.0,2,0,16,16,zero,
online_feedback,base,2,102,2,8,37.0,37,0,0,0,zero,
online_feedback,base,2,103,0,8,1.0,0,1,5,5,zero,
online_feedback,base,2,103,1,8,16.0,16,0,16,16,zero,
online_feedback,base,2,103,2,8,40.0,40,0,0,0,zero,
online_feedback,base,2,104,0,8,1.0,0,1,5,5,zero,
online_feedback,base,2,104,1,8,18.0,18,0,6,6,zero,
online_feedback,base,2,104,2,8,35.0,35,0,19,19,zero,
online_feedback,base,2,105,0,8,3.0,3,0,8,8,zero,
online_feedback,base,2,105,1,8,10.0,10,0,0,0,zero,
online_feedback,base,2,105,2,8,35.0,35,0,1,1,zero,
online_feedback,base,2,106,0,8,12.0,12,0,8,8,zero,
online_feedback,base,2,106,1,8,18.0,18,0,0,0,zero,
online_feedback,base,2,106,2,8,35.0,35,0,0,0,zero,
online_feedback,base,2,107,0,7,10.0,10,0,16,16,zero,
online_feedback,base,2,107,1,7,18.0,18,0,2,2,zero,
online_feedback,base,2,107,2,7,33.0,33,0,0,0,zero,
online_feedback,base,2,108,0,7,8.0,8,0,2,2,zero,
online_feedback,base,2,108,1,7,22.0,22,0,16,16,zero,
online_feedback,base,2,108,2,7,36.0,36,0,0,0,zero,
online_feedback,base,2,109,0,7,9.0,9,0,1,1,zero,
online_feedback,base,2,109,1,7,21.0,21,0,16,16,zero,
online_feedback,base,2,109,2,7,21.0,21,0,17,17,zero,
online_feedback,base,2,110,0,8,9.0,9,0,8,8,zero,
online_feedback,base,2,110,1,8,13.0,13,0,0,0,zero,
online_feedback,base,2,110,2,8,21.0,21,0,19,19,zero,
online_feedback,base,2,111,0,8,17.0,17,0,8,8,zero,
online_feedback,base,2,111,1,8,7.0,7,0,0,0,zero,
online_feedback,base,2,111,2,8,21.0,21,0,1,1,zero,
online_feedback,base,2,112,0,8,11.0,11,0,13,13,zero,
online_feedback,base,2,112,1,8,10.0,10,0,2,2,zero,
online_feedback,base,2,112,2,8,19.0,19,0,0,0,zero,
online_feedback,base,2,113,0,8,4.0,4,0,8,8,zero,
online_feedback,base,2,113,1,8,18.0,18,0,16,16,zero,
online_feedback,base,2,113,2,8,20.0,20,0,0,0,zero,
online_feedback,base,2,114,0,9,3.0,3,0,8,8,zero,
online_feedback,base,2,114,1,9,10.0,10,0,16,16,zero,
online_feedback,base,2,114,2,9,23.0,23,0,0,0,zero,
online_feedback,base,2,115,0,9,2.0,2,0,8,8,zero,
online_feedback,base,2,115,1,9,2.0,2,0,10,10,zero,
online_feedback,base,2,115,2,9,14.0,14,0,19,19,zero,
online_feedback,base,2,116,0,8,7.0,7,0,16,16,zero,
online_feedback,base,2,116,1,8,12.0,0,12,0,0,zero,
online_feedback,base,2,116,2,8,14.0,14,0,19,19,zero,
online_feedback,base,2,117,0,9,6.0,6,0,13,13,zero,
online_feedback,base,2,117,1,9,9.0,0,9,16,16,zero,
online_feedback,base,2,117,2,9,2.0,0,2,1,1,zero,
online_feedback,base,2,118,0,8,6.0,6,0,5,5,zero,
online_feedback,base,2,118,1,8,2.0,2,0,16,16,zero,
online_feedback,base,2,118,2,8,18.0,0,18,0,0,zero,
online_feedback,base,2,119,0,9,5.0,5,0,1,1,zero,
online_feedback,base,2,119,1,9,11.0,11,0,16,16,zero,
online_feedback,base,2,119,2,9,15.0,0,15,19,19,zero,
online_feedback,base,2,120,0,8,1.0,1,0,7,7,zero,
online_feedback,base,2,120,1,8,4.0,4,0,3,3,zero,
online_feedback,base,2,120,2,8,1.0,1,0,19,19,zero,
online_feedback,base,2,121,0,9,8.0,8,0,8,8,zero,
online_feedback,base,2,121,1,9,10.0,10,0,0,0,zero,
online_feedback,base,2,121,2,9,2.0,2,0,1,1,zero,
online_feedback,base,2,122,0,9,13.0,13,0,8,8,zero,
online_feedback,base,2,122,1,9,2.0,2,0,0,0,zero,
online_feedback,base,2,122,2,9,2.0,2,0,0,0,zero,
online_feedback,base,2,123,0,8,6.0,6,0,13,13,zero,
online_feedback,base,2,123,1,8,8.0,8,0,2,2,zero,
online_feedback,base,2,123,2,8,19.0,19,0,0,0,zero,
online_feedback,base,2,124,0,9,4.0,4,0,5,5,zero,
online_feedback,base,2,124,1,9,21.0,21,0,16,16,zero,
online_feedback,base,2,124,2,9,22.0,22,0,0,0,zero,
online_feedback,base,2,125,0,10,2.0,2,0,16,16,zero,
online_feedback,base,2,125,1,10,5.0,5,0,10,10,zero,
online_feedback,base,2,125,2,10,13.0,13,0,16,16,zero,
online_feedback,base,2,126,0,10,-0.0,0,0,5,5,zero,
online_feedback,base,2,126,1,10,-0.0,0,0,16,16,zero,
online_feedback,base,2,126,2,10,3.0,0,3,19,19,zero,
online_feedback,base,2,127,0,9,4.0,4,0,16,16,zero,
online_feedback,base,2,127,1,9,14.0,0,14,10,10,zero,
online_feedback,base,2,127,2,9,13.0,0,13,19,19,zero,
online_feedback,base,2,128,0,9,-0.0,0,0,8,8,zero,
online_feedback,base,2,128,1,9,6.0,0,6,16,16,zero,
online_feedback,base,2,128,2,9,29.0,0,29,16,16,zero,
online_feedback,base,2,129,0,9,7.0,7,0,5,5,zero,
online_feedback,base,2,129,1,9,1.0,0,1,16,16,zero,
online_feedback,base,2,129,2,9,29.0,0,29,19,19,zero,
online_feedback,base,2,130,0,8,4.0,4,0,8,8,zero,
online_feedback,base,2,130,1,8,4.0,4,0,16,16,zero,
online_feedback,base,2,130,2,8,26.0,0,26,19,19,zero,
online_feedback,base,2,131,0,9,3.0,0,3,5,5,zero,
online_feedback,base,2,131,1,9,1.0,0,1,3,3,zero,
online_feedback,base,2,131,2,9,10.0,0,10,19,19,zero,
online_feedback,base,2,132,0,8,5.0,5,0,8,8,zero,
online_feedback,base,2,132,1,8,9.0,0,9,0,0,zero,
online_feedback,base,2,132,2,8,6.0,6,0,1,1,zero,
online_feedback,base,2,133,0,9,6.0,6,0,8,8,zero,
online_feedback,base,2,133,1,9,1.0,0,1,0,0,zero,
online_feedback,base,2,133,2,9,25.0,25,0,0,0,zero,
online_feedback,base,2,134,0,9,6.0,6,0,8,8,zero,
online_feedback,base,2,134,1,9,10.0,10,0,0,0,zero,
online_feedback,base,2,134,2,9,44.0,44,0,0,0,zero,
online_feedback,base,2,135,0,11,1.0,0,1,8,8,zero,
online_feedback,base,2,135,1,11,21.0,21,0,4,4,zero,
online_feedback,base,2,135,2,11,59.0,59,0,0,0,zero,
online_feedback,base,2,136,0,11,12.0,0,12,8,8,zero,
online_feedback,base,2,136,1,11,23.0,23,0,16,16,zero,
online_feedback,base,2,136,2,11,44.0,44,0,0,0,zero,
online_feedback,base,2,137,0,10,6.0,0,6,13,13,zero,
online_feedback,base,2,137,1,10,10.0,10,0,10,10,zero,
online_feedback,base,2,137,2,10,34.0,34,0,1,1,zero,
online_feedback,base,2,138,0,9,6.0,0,6,13,13,zero,
online_feedback,base,2,138,1,9,3.0,0,3,10,10,zero,
online_feedback,base,2,138,2,9,24.0,24,0,4,4,zero,
online_feedback,base,2,139,0,9,7.0,0,7,13,13,zero,
online_feedback,base,2,139,1,9,12.0,0,12,16,16,zero,
online_feedback,base,2,139,2,9,8.0,8,0,19,19,zero,
online_feedback,base,2,140,0,8,7.0,0,7,13,13,zero,
online_feedback,base,2,140,1,8,9.0,0,9,16,16,zero,
online_feedback,base,2,140,2,8,8.0,0,8,20,20,zero,
online_feedback,base,2,141,0,8,2.0,0,2,5,5,zero,
online_feedback,base,2,141,1,8,4.0,0,4,16,16,zero,
online_feedback,base,2,141,2,8,23.0,0,23,20,20,zero,
online_feedback,base,2,142,0,10,2.0,0,2,2,2,zero,
online_feedback,base,2,142,1,10,4.0,4,0,16,16,zero,
online_feedback,base,2,142,2,10,35.0,0,35,20,20,zero,
online_feedback,base,2,143,0,11,9.0,0,9,16,16,zero,
online_feedback,base,2,143,1,11,4.0,4,0,2,2,zero,
online_feedback,base,2,143,2,11,18.0,0,18,19,19,zero,
online_feedback,base,2,144,0,11,4.0,0,4,16,16,zero,
online_feedback,base,2,144,1,11,4.0,0,4,10,10,zero,
online_feedback,base,2,144,2,11,8.0,0,8,1,1,zero,
online_feedback,base,2,145,0,11,5.0,0,5,16,16,zero,
online_feedback,base,2,145,1,11,19.0,0,19,16,16,zero,
online_feedback,base,2,145,2,11,4.0,0,4,0,0,zero,
online_feedback,base,2,146,0,10,9.0,0,9,16,16,zero,
online_feedback,base,2,146,1,10,31.0,0,31,16,16,zero,
online_feedback,base,2,146,2,10,-0.0,0,0,19,19,zero,
online_feedback,base,2,147,0,10,3.0,0,3,8,8,zero,
online_feedback,base,2,147,1,10,20.0,0,20,16,16,zero,
online_feedback,base,2,147,2,10,3.0,3,0,19,19,zero,
online_feedback,base,2,148,0,9,-0.0,0,0,8,8,zero,
online_feedback,base,2,148,1,9,8.0,0,8,10,10,zero,
online_feedback,base,2,148,2,9,6.0,0,6,20,20,zero,
online_feedback,base,2,149,0,10,9.0,0,9,2,2,zero,
online_feedback,base,2,149,1,10,10.0,10,0,4,4,zero,
online_feedback,base,2,149,2,10,10.0,0,10,16,16,zero,
online_feedback,base,2,150,0,11,16.0,0,16,5,5,zero,
online_feedback,base,2,150,1,11,25.0,25,0,4,4,zero,
online_feedback,base,2,150,2,11,5.0,5,0,0,0,zero,
online_feedback,base,2,151,0,11,8.0,0,8,16,16,zero,
online_feedback,base,2,151,1,11,25.0,25,0,4,4,zero,
online_feedback,base,2,151,2,11,20.0,20,0,0,0,zero,
online_feedback,base,2,152,0,9,3.0,3,0,8,8,zero,
online_feedback,base,2,152,1,9,21.0,21,0,10,10,zero,
online_feedback,base,2,152,2,9,30.0,30,0,0,0,zero,
online_feedback,base,2,153,0,8,5.0,5,0,8,8,zero,
online_feedback,base,2,153,1,8,13.0,13,0,10,10,zero,
online_feedback,base,2,153,2,8,36.0,36,0,0,0,zero,
online_feedback,base,2,154,0,8,2.0,2,0,5,5,zero,
online_feedback,base,2,154,1,8,22.0,22,0,10,10,zero,
online_feedback,base,2,154,2,8,26.0,26,0,7,7,zero,
online_feedback,base,2,155,0,8,10.0,10,0,8,8,zero,
online_feedback,base,2,155,1,8,18.0,18,0,3,3,zero,
online_feedback,base,2,155,2,8,23.0,23,0,20,20,zero,
online_feedback,base,2,156,0,8,10.0,10,0,16,16,zero,
online_feedback,base,2,156,1,8,12.0,12,0,2,2,zero,
online_feedback,base,2,156,2,8,21.0,21,0,0,0,zero,
online_feedback,base,2,157,0,7,11.0,11,0,2,2,zero,
online_feedback,base,2,157,1,7,20.0,20,0,16,16,zero,
online_feedback,base,2,157,2,7,5.0,5,0,0,0,zero,
online_feedback,base,2,158,0,5,11.0,11,0,1,1,zero,
online_feedback,base,2,158,1,5,29.0,29,0,2,2,zero,
online_feedback,base,2,158,2,5,10.0,10,0,19,19,zero,
online_feedback,base,2,159,0,6,13.0,13,0,5,5,zero,
online_feedback,base,2,159,1,6,27.0,27,0,3,3,zero,
online_feedback,base,2,159,2,6,27.0,27,0,1,1,zero,
online_feedback,base,2,160,0,6,23.0,23,0,8,8,zero,
online_feedback,base,2,160,1,6,21.0,21,0,0,0,zero,
online_feedback,base,2,160,2,6,27.0,27,0,0,0,zero,
online_feedback,base,2,161,0,5,20.0,20,0,1,1,zero,
online_feedback,base,2,161,1,5,36.0,36,0,2,2,zero,
online_feedback,base,2,161,2,5,25.0,25,0,0,0,zero,
online_feedback,base,2,162,0,5,16.0,16,0,1,1,zero,
online_feedback,base,2,162,1,5,37.0,37,0,0,0,zero,
online_feedback,base,2,162,2,5,44.0,44,0,0,0,zero,
online_feedback,base,2,163,0,5,16.0,16,0,8,8,zero,
online_feedback,base,2,163,1,5,32.0,32,0,0,0,zero,
online_feedback,base,2,163,2,5,45.0,45,0,0,0,zero,
online_feedback,base,2,164,0,5,19.0,19,0,1,1,zero,
online_feedback,base,2,164,1,5,31.0,31,0,0,0,zero,
online_feedback,base,2,164,2,5,45.0,45,0,0,0,zero,
online_feedback,base,2,165,0,5,15.0,15,0,8,8,zero,
online_feedback,base,2,165,1,5,25.0,25,0,0,0,zero,
online_feedback,base,2,165,2,5,45.0,45,0,0,0,zero,
online_feedback,base,2,166,0,5,11.0,11,0,1,1,zero,
online_feedback,base,2,166,1,5,24.0,24,0,2,2,zero,
online_feedback,base,2,166,2,5,43.0,43,0,0,0,zero,
online_feedback,base,2,167,0,5,14.0,14,0,8,8,zero,
online_feedback,base,2,167,1,5,16.0,16,0,0,0,zero,
online_feedback,base,2,167,2,5,43.0,43,0,0,0,zero,
online_feedback,base,2,168,0,5,10.0,10,0,1,1,zero,
online_feedback,base,2,168,1,5,15.0,15,0,10,10,zero,
online_feedback,base,2,168,2,5,33.0,33,0,0,0,zero,
online_feedback,base,2,169,0,4,14.0,14,0,8,8,zero,
online_feedback,base,2,169,1,4,7.0,7,0,2,2,zero,
online_feedback,base,2,169,2,4,31.0,31,0,0,0,zero,
online_feedback,base,2,170,0,4,11.0,11,0,1,1,zero,
online_feedback,base,2,170,1,4,8.0,8,0,10,10,zero,
online_feedback,base,2,170,2,4,21.0,21,0,0,0,zero,
online_feedback,base,2,171,0,4,15.0,15,0,1,1,zero,
online_feedback,base,2,171,1,4,7.0,7,0,3,3,zero,
online_feedback,base,2,171,2,4,18.0,18,0,4,4,zero,
online_feedback,base,2,172,0,4,12.0,12,0,5,5,zero,
online_feedback,base,2,172,1,4,12.0,12,0,0,0,zero,
online_feedback,base,2,172,2,4,18.0,18,0,1,1,zero,
online_feedback,base,2,173,0,4,16.0,16,0,1,1,zero,
online_feedback,base,2,173,1,4,13.0,13,0,0,0,zero,
online_feedback,base,2,173,2,4,18.0,18,0,0,0,zero,
online_feedback,base,2,174,0,6,11.0,11,0,8,8,zero,
online_feedback,base,2,174,1,6,15.0,15,0,0,0,zero,
online_feedback,base,2,174,2,6,18.0,18,0,0,0,zero,
online_feedback,base,2,175,0,5,7.0,7,0,8,8,zero,
online_feedback,base,2,175,1,5,10.0,10,0,10,10,zero,
online_feedback,base,2,175,2,5,12.0,12,0,0,0,zero,
online_feedback,base,2,176,0,5,7.0,7,0,1,1,zero,
online_feedback,base,2,176,1,5,9.0,9,0,16,16,zero,
online_feedback,base,2,176,2,5,3.0,0,3,17,17,zero,
online_feedback,base,2,177,0,6,2.0,2,0,8,8,zero,
online_feedback,base,2,177,1,6,1.0,1,0,3,3,zero,
online_feedback,base,2,177,2,6,6.0,0,6,19,19,zero,
online_feedback,base,2,178,0,6,4.0,4,0,5,5,zero,
online_feedback,base,2,178,1,6,4.0,0,4,10,10,zero,
online_feedback,base,2,178,2,6,16.0,0,16,1,1,zero,
online_feedback,base,2,179,0,6,6.0,6,0,8,8,zero,
online_feedback,base,2,179,1,6,2.0,0,2,12,12,zero,
online_feedback,base,2,179,2,6,28.0,0,28,1,1,zero,
online_feedback,base,2,180,0,5,2.0,2,0,5,5,zero,
online_feedback,base,2,180,1,5,6.0,6,0,16,16,zero,
online_feedback,base,2,180,2,5,27.0,0,27,19,19,zero,
online_feedback,base,2,181,0,5,5.0,5,0,1,1,zero,
online_feedback,base,2,181,1,5,5.0,5,0,10,10,zero,
online_feedback,base,2,181,2,5,18.0,0,18,19,19,zero,
online_feedback,base,2,182,0,5,1.0,1,0,1,1,zero,
online_feedback,base,2,182,1,5,4.0,4,0,0,0,zero,
online_feedback,base,2,182,2,5,17.0,0,17,19,19,zero,
online_feedback,base,2,183,0,5,6.0,6,0,8,8,zero,
online_feedback,base,2,183,1,5,4.0,0,4,0,0,zero,
online_feedback,base,2,183,2,5,16.0,0,16,1,1,zero,
online_feedback,base,2,184,0,5,8.0,8,0,8,8,zero,
online_feedback,base,2,184,1,5,5.0,5,0,0,0,zero,
online_feedback,base,2,184,2,5,3.0,3,0,0,0,zero,
online_feedback,base,2,185,0,5,4.0,4,0,5,5,zero,
online_feedback,base,2,185,1,5,19.0,19,0,0,0,zero,
online_feedback,base,2,185,2,5,22.0,22,0,0,0,zero,
online_feedback,base,2,186,0,5,-0.0,0,0,1,1,zero,
online_feedback,base,2,186,1,5,19.0,19,0,0,0,zero,
online_feedback,base,2,186,2,5,41.0,41,0,0,0,zero,
online_feedback,base,2,187,0,6,2.0,0,2,5,5,zero,
online_feedback,base,2,187,1,6,15.0,15,0,0,0,zero,
online_feedback,base,2,187,2,6,42.0,42,0,0,0,zero,
online_feedback,base,2,188,0,7,3.0,3,0,8,8,zero,
online_feedback,base,2,188,1,7,23.0,23,0,0,0,zero,
online_feedback,base,2,188,2,7,42.0,42,0,0,0,zero,
online_feedback,base,2,189,0,7,1.0,1,0,13,13,zero,
online_feedback,base,2,189,1,7,10.0,10,0,10,10,zero,
online_feedback,base,2,189,2,7,32.0,32,0,0,0,zero,
online_feedback,base,2,190,0,7,5.0,0,5,8,8,zero,
online_feedback,base,2,190,1,7,2.0,2,0,16,16,zero,
online_feedback,base,2,190,2,7,16.0,16,0,0,0,zero,
online_feedback,base,2,191,0,6,6.0,0,6,8,8,zero,
online_feedback,base,2,191,1,6,6.0,0,6,16,16,zero,
online_feedback,base,2,191,2,6,-0.0,0,0,17,17,zero,
online_feedback,base,2,192,0,6,4.0,0,4,8,8,zero,
online_feedback,base,2,192,1,6,14.0,0,14,3,3,zero,
online_feedback,base,2,192,2,6,3.0,0,3,19,19,zero,
online_feedback,base,2,193,0,6,3.0,3,0,8,8,zero,
online_feedback,base,2,193,1,6,12.0,0,12,10,10,zero,
online_feedback,base,2,193,2,6,13.0,0,13,1,1,zero,
online_feedback,base,2,194,0,7,4.0,4,0,5,5,zero,
online_feedback,base,2,194,1,7,1.0,0,1,16,16,zero,
online_feedback,base,2,194,2,7,29.0,0,29,1,1,zero,
online_feedback,base,2,195,0,7,1.0,0,1,5,5,zero,
online_feedback,base,2,195,1,7,10.0,10,0,16,16,zero,
online_feedback,base,2,195,2,7,28.0,0,28,19,19,zero,
online_feedback,base,2,196,0,8,9.0,0,9,5,5,zero,
online_feedback,base,2,196,1,8,5.0,5,0,3,3,zero,
online_feedback,base,2,196,2,8,12.0,0,12,19,19,zero,
online_feedback,base,2,197,0,8,7.0,0,7,8,8,zero,
online_feedback,base,2,197,1,8,3.0,0,3,0,0,zero,
online_feedback,base,2,197,2,8,11.0,0,11,1,1,zero,
online_feedback,base,2,198,0,9,-0.0,0,0,8,8,zero,
online_feedback,base,2,198,1,9,11.0,0,11,0,0,zero,
online_feedback,base,2,198,2,9,10.0,0,10,0,0,zero,
online_feedback,base,2,199,0,9,3.0,0,3,8,8,zero,
online_feedback,base,2,199,1,9,2.0,0,2,10,10,zero,
online_feedback,base,2,199,2,9,1.0,0,1,0,0,zero,
online_feedback,base,2,200,0,9,7.0,0,7,8,8,zero,
online_feedback,base,2,200,1,9,9.0,9,0,10,10,zero,
online_feedback,base,2,200,2,9,8.0,8,0,16,16,zero,
online_feedback,base,3,1,0,10,10.0,10,0,17,17,zero,
online_feedback,base,3,1,1,10,3.0,3,0,2,2,zero,
online_feedback,base,3,1,2,10,18.0,18,0,0,0,zero,
online_feedback,base,3,2,0,9,11.0,11,0,2,2,zero,
online_feedback,base,3,2,1,9,11.0,11,0,16,16,zero,
online_feedback,base,3,2,2,9,12.0,12,0,0,0,zero,
online_feedback,base,3,3,0,9,12.0,12,0,16,16,zero,
online_feedback,base,3,3,1,9,5.0,5,0,2,2,zero,
online_feedback,base,3,3,2,9,20.0,20,0,20,20,zero,
online_feedback,base,3,4,0,8,14.0,14,0,2,2,zero,
online_feedback,base,3,4,1,8,13.0,13,0,10,10,zero,
online_feedback,base,3,4,2,8,20.0,20,0,1,1,zero,
online_feedback,base,3,5,0,9,22.0,22,0,1,1,zero,
online_feedback,base,3,5,1,9,14.0,14,0,10,10,zero,
online_feedback,base,3,5,2,9,10.0,10,0,7,7,zero,
online_feedback,base,3,6,0,10,14.0,14,0,8,8,zero,
online_feedback,base,3,6,1,10,22.0,22,0,3,3,zero,
online_feedback,base,3,6,2,10,7.0,7,0,7,7,zero,
online_feedback,base,3,7,0,12,18.0,18,0,8,8,zero,
online_feedback,base,3,7,1,12,16.0,16,0,3,3,zero,
online_feedback,base,3,7,2,12,24.0,24,0,0,0,zero,
online_feedback,base,3,8,0,13,7.0,7,0,13,13,zero,
online_feedback,base,3,8,1,13,13.0,13,0,10,10,zero,
online_feedback,base,3,8,2,13,15.0,15,0,0,0,zero,
online_feedback,base,3,9,0,13,5.0,0,5,13,13,zero,
online_feedback,base,3,9,1,13,10.0,10,0,16,16,zero,
online_feedback,base,3,9,2,13,6.0,6,0,20,20,zero,
online_feedback,base,3,10,0,14,11.0,0,11,13,13,zero,
online_feedback,base,3,10,1,14,-0.0,0,0,16,16,zero,
online_feedback,base,3,10,2,14,3.0,0,3,20,20,zero,
online_feedback,base,3,11,0,14,17.0,0,17,13,13,zero,
online_feedback,base,3,11,1,14,10.0,0,10,16,16,zero,
online_feedback,base,3,11,2,14,19.0,0,19,20,20,zero,
online_feedback,base,3,12,0,14,18.0,0,18,13,13,zero,
online_feedback,base,3,12,1,14,13.0,0,13,16,16,zero,
online_feedback,base,3,12,2,14,35.0,0,35,20,20,zero,
online_feedback,base,3,13,0,14,19.0,0,19,13,13,zero,
online_feedback,base,3,13,1,14,10.0,0,10,16,16,zero,
online_feedback,base,3,13,2,14,31.0,0,31,19,19,zero,
online_feedback,base,3,14,0,14,20.0,0,20,13,13,zero,
online_feedback,base,3,14,1,14,10.0,0,10,16,16,zero,
online_feedback,base,3,14,2,14,27.0,0,27,19,19,zero,
online_feedback,base,3,15,0,15,32.0,0,32,13,13,zero,
online_feedback,base,3,15,1,15,23.0,0,23,16,16,zero,
online_feedback,base,3,15,2,15,23.0,0,23,19,19,zero,
online_feedback,base,3,16,0,13,35.0,0,35,13,13,zero,
online_feedback,base,3,16,1,13,36.0,0,36,16,16,zero,
online_feedback,base,3,16,2,13,19.0,0,19,19,19,zero,
online_feedback,base,3,17,0,13,32.0,0,32,13,13,zero,
online_feedback,base,3,17,1,13,29.0,0,29,12,12,zero,
online_feedback,base,3,17,2,13,12.0,0,12,19,19,zero,
online_feedback,base,3,18,0,12,31.0,0,31,13,13,zero,
online_feedback,base,3,18,1,12,22.0,0,22,10,10,zero,
online_feedback,base,3,18,2,12,3.0,0,3,7,7,zero,
online_feedback,base,3,19,0,13,44.0,0,44,13,13,zero,
online_feedback,base,3,19,1,13,15.0,0,15,17,17,zero,
online_feedback,base,3,19,2,13,1.0,0,1,7,7,zero,
online_feedback,base,3,20,0,12,56.0,0,56,17,17,zero,
online_feedback,base,3,20,1,12,12.0,0,12,17,17,zero,
online_feedback,base,3,20,2,12,1.0,1,0,20,20,zero,
online_feedback,base,3,21,0,14,50.0,0,50,17,17,zero,
online_feedback,base,3,21,1,14,10.0,0,10,17,17,zero,
online_feedback,base,3,21,2,14,3.0,3,0,20,20,zero,
online_feedback,base,3,22,0,13,43.0,0,43,17,17,zero,
online_feedback,base,3,22,1,13,8.0,0,8,17,17,zero,
online_feedback,base,3,22,2,13,7.0,0,7,20,20,zero,
online_feedback,base,3,23,0,12,35.0,0,35,17,17,zero,
online_feedback,base,3,23,1,12,6.0,0,6,17,17,zero,
online_feedback,base,3,23,2,12,17.0,0,17,20,20,zero,
online_feedback,base,3,24,0,12,27.0,0,27,17,17,zero,
online_feedback,base,3,24,1,12,5.0,0,5,17,17,zero,
online_feedback,base,3,24,2,12,14.0,0,14,20,20,zero,
online_feedback,base,3,25,0,13,21.0,0,21,17,17,zero,
online_feedback,base,3,25,1,13,5.0,0,5,17,17,zero,
online_feedback,base,3,25,2,13,11.0,0,11,20,20,zero,
online_feedback,base,3,26,0,12,14.0,0,14,17,17,zero,
online_feedback,base,3,26,1,12,12.0,0,12,17,17,zero,
online_feedback,base,3,26,2,12,8.0,0,8,20,20,zero,
online_feedback,base,3,27,0,12,7.0,0,7,17,17,zero,
online_feedback,base,3,27,1,12,22.0,0,22,17,17,zero,
online_feedback,base,3,27,2,12,5.0,0,5,20,20,zero,
online_feedback,base,3,28,0,12,1.0,0,1,17,17,zero,
online_feedback,base,3,28,1,12,19.0,0,19,17,17,zero,
online_feedback,base,3,28,2,12,2.0,0,2,20,20,zero,
online_feedback,base,3,29,0,11,5.0,5,0,2,2,zero,
online_feedback,base,3,29,1,11,1.0,0,1,17,17,zero,
online_feedback,base,3,29,2,11,1.0,1,0,20,20,zero,
online_feedback,base,3,30,0,12,3.0,3,0,2,2,zero,
online_feedback,base,3,30,1,12,17.0,17,0,0,0,zero,
online_feedback,base,3,30,2,12,21.0,21,0,7,7,zero,
online_feedback,base,3,31,0,12,2.0,0,2,16,16,zero,
online_feedback,base,3,31,1,12,21.0,21,0,0,0,zero,
online_feedback,base,3,31,2,12,41.0,41,0,0,0,zero,
online_feedback,base,3,32,0,12,6.0,6,0,5,5,zero,
online_feedback,base,3,32,1,12,36.0,36,0,4,4,zero,
online_feedback,base,3,32,2,12,57.0,57,0,0,0,zero,
online_feedback,base,3,33,0,11,15.0,15,0,16,16,zero,
online_feedback,base,3,33,1,11,39.0,39,0,6,6,zero,
online_feedback,base,3,33,2,11,71.0,71,0,0,0,zero,
online_feedback,base,3,34,0,13,5.0,5,0,5,5,zero,
online_feedback,base,3,34,1,13,34.0,34,0,18,18,zero,
online_feedback,base,3,34,2,13,60.0,60,0,0,0,zero,
online_feedback,base,3,35,0,13,8.0,8,0,16,16,zero,
online_feedback,base,3,35,1,13,18.0,18,0,2,2,zero,
online_feedback,base,3,35,2,13,58.0,58,0,7,7,zero,
online_feedback,base,3,36,0,13,-0.0,0,0,8,8,zero,
online_feedback,base,3,36,1,13,14.0,14,0,16,16,zero,
online_feedback,base,3,36,2,13,42.0,42,0,0,0,zero,
online_feedback,base,3,37,0,15,1.0,1,0,16,16,zero,
online_feedback,base,3,37,1,15,4.0,4,0,10,10,zero,
online_feedback,base,3,37,2,15,32.0,32,0,16,16,zero,
online_feedback,base,3,38,0,15,9.0,0,9,16,16,zero,
online_feedback,base,3,38,1,15,6.0,6,0,16,16,zero,
online_feedback,base,3,38,2,15,16.0,16,0,7,7,zero,
online_feedback,base,3,39,0,15,8.0,0,8,17,17,zero,
online_feedback,base,3,39,1,15,9.0,0,9,16,16,zero,
online_feedback,base,3,39,2,15,7.0,7,0,20,20,zero,
online_feedback,base,3,40,0,14,14.0,0,14,17,17,zero,
online_feedback,base,3,40,1,14,10.0,0,10,16,16,zero,
online_feedback,base,3,40,2,14,9.0,0,9,20,20,zero,
online_feedback,base,3,41,0,14,12.0,0,12,17,17,zero,
online_feedback,base,3,41,1,14,17.0,0,17,16,16,zero,
online_feedback,base,3,41,2,14,9.0,0,9,20,20,zero,
online_feedback,base,3,42,0,13,9.0,0,9,17,17,zero,
online_feedback,base,3,42,1,13,18.0,0,18,16,16,zero,
online_feedback,base,3,42,2,13,18.0,0,18,20,20,zero,
online_feedback,base,3,43,0,13,14.0,0,14,17,17,zero,
online_feedback,base,3,43,1,13,19.0,0,19,16,16,zero,
online_feedback,base,3,43,2,13,14.0,0,14,20,20,zero,
online_feedback,base,3,44,0,12,10.0,0,10,17,17,zero,
online_feedback,base,3,44,1,12,29.0,0,29,17,17,zero,
online_feedback,base,3,44,2,12,11.0,0,11,20,20,zero,
online_feedback,base,3,45,0,13,13.0,0,13,17,17,zero,
online_feedback,base,3,45,1,13,30.0,0,30,17,17,zero,
online_feedback,base,3,45,2,13,8.0,0,8,20,20,zero,
online_feedback,base,3,46,0,13,10.0,0,10,17,17,zero,
online_feedback,base,3,46,1,13,40.0,0,40,17,17,zero,
online_feedback,base,3,46,2,13,5.0,0,5,20,20,zero,
online_feedback,base,3,47,0,12,6.0,0,6,17,17,zero,
online_feedback,base,3,47,1,12,37.0,0,37,17,17,zero,
online_feedback,base,3,47,2,12,2.0,0,2,20,20,zero,
online_feedback,base,3,48,0,13,12.0,0,12,16,16,zero,
online_feedback,base,3,48,1,13,33.0,0,33,17,17,zero,
online_feedback,base,3,48,2,13,1.0,1,0,20,20,zero,
online_feedback,base,3,49,0,13,9.0,0,9,16,16,zero,
online_feedback,base,3,49,1,13,29.0,0,29,17,17,zero,
online_feedback,base,3,49,2,13,4.0,4,0,7,7,zero,
online_feedback,base,3,50,0,12,14.0,0,14,2,2,zero,
online_feedback,base,3,50,1,12,11.0,0,11,17,17,zero,
online_feedback,base,3,50,2,12,7.0,7,0,20,20,zero,
online_feedback,base,3,51,0,14,8.0,0,8,16,16,zero,
online_feedback,base,3,51,1,14,7.0,0,7,1,1,zero,
online_feedback,base,3,51,2,14,26.0,26,0,20,20,zero,
online_feedback,base,3,52,0,14,2.0,0,2,17,17,zero,
online_feedback,base,3,52,1,14,5.0,0,5,17,17,zero,
online_feedback,base,3,52,2,14,29.0,29,0,0,0,zero,
online_feedback,base,3,53,0,14,4.0,4,0,16,16,zero,
online_feedback,base,3,53,1,14,4.0,0,4,17,17,zero,
online_feedback,base,3,53,2,14,19.0,19,0,0,0,zero,
online_feedback,base,3,54,0,14,10.0,10,0,16,16,zero,
online_feedback,base,3,54,1,14,3.0,0,3,17,17,zero,
online_feedback,base,3,54,2,14,22.0,22,0,20,20,zero,
online_feedback,base,3,55,0,12,18.0,18,0,16,16,zero,
online_feedback,base,3,55,1,12,18.0,0,18,17,17,zero,
online_feedback,base,3,55,2,12,25.0,25,0,20,20,zero,
online_feedback,base,3,56,0,11,26.0,26,0,17,17,zero,
online_feedback,base,3,56,1,11,18.0,0,18,17,17,zero,
online_feedback,base,3,56,2,11,8.0,8,0,20,20,zero,
online_feedback,base,3,57,0,12,31.0,31,0,2,2,zero,
online_feedback,base,3,57,1,12,3.0,0,3,17,17,zero,
online_feedback,base,3,57,2,12,9.0,0,9,16,16,zero,
online_feedback,base,3,58,0,13,35.0,35,0,1,1,zero,
online_feedback,base,3,58,1,13,13.0,13,0,17,17,zero,
online_feedback,base,3,58,2,13,6.0,0,6,20,20,zero,
online_feedback,base,3,59,0,13,23.0,23,0,7,7,zero,
online_feedback,base,3,59,1,13,23.0,23,0,0,0,zero,
online_feedback,base,3,59,2,13,14.0,14,0,20,20,zero,
online_feedback,base,3,60,0,14,26.0,26,0,8,8,zero,
online_feedback,base,3,60,1,14,32.0,32,0,0,0,zero,
online_feedback,base,3,60,2,14,34.0,34,0,0,0,zero,
online_feedback,base,3,61,0,15,28.0,28,0,8,8,zero,
online_feedback,base,3,61,1,15,32.0,32,0,4,4,zero,
online_feedback,base,3,61,2,15,46.0,46,0,0,0,zero,
online_feedback,base,3,62,0,14,18.0,18,0,13,13,zero,
online_feedback,base,3,62,1,14,39.0,39,0,2,2,zero,
online_feedback,base,3,62,2,14,64.0,64,0,0,0,zero,
online_feedback,base,3,63,0,15,10.0,10,0,13,13,zero,
online_feedback,base,3,63,1,15,32.0,32,0,10,10,zero,
online_feedback,base,3,63,2,15,74.0,74,0,0,0,zero,
online_feedback,base,3,64,0,18,-0.0,0,0,13,13,zero,
online_feedback,base,3,64,1,18,19.0,19,0,16,16,zero,
online_feedback,base,3,64,2,18,58.0,58,0,0,0,zero,
online_feedback,base,3,65,0,17,9.0,0,9,13,13,zero,
online_feedback,base,3,65,1,17,10.0,10,0,16,16,zero,
online_feedback,base,3,65,2,17,42.0,42,0,1,1,zero,
online_feedback,base,3,66,0,18,14.0,0,14,13,13,zero,
online_feedback,base,3,66,1,18,1.0,0,1,16,16,zero,
online_feedback,base,3,66,2,18,26.0,26,0,20,20,zero,
online_feedback,base,3,67,0,20,21.0,0,21,13,13,zero,
online_feedback,base,3,67,1,20,4.0,0,4,16,16,zero,
online_feedback,base,3,67,2,20,10.0,10,0,20,20,zero,
online_feedback,base,3,68,0,20,28.0,0,28,13,13,zero,
online_feedback,base,3,68,1,20,1.0,0,1,16,16,zero,
online_feedback,base,3,68,2,20,6.0,0,6,20,20,zero,
online_feedback,base,3,69,0,20,35.0,0,35,13,13,zero,
online_feedback,base,3,69,1,20,2.0,2,0,16,16,zero,
online_feedback,base,3,69,2,20,21.0,0,21,20,20,zero,
online_feedback,base,3,70,0,20,43.0,0,43,17,17,zero,
online_feedback,base,3,70,1,20,1.0,1,0,16,16,zero,
online_feedback,base,3,70,2,20,17.0,0,17,20,20,zero,
online_feedback,base,3,71,0,20,53.0,0,53,17,17,zero,
online_feedback,base,3,71,1,20,-0.0,0,0,17,17,zero,
online_feedback,base,3,71,2,20,14.0,0,14,20,20,zero,
online_feedback,base,3,72,0,20,57.0,0,57,17,17,zero,
online_feedback,base,3,72,1,20,7.0,0,7,17,17,zero,
online_feedback,base,3,72,2,20,11.0,0,11,20,20,zero,
online_feedback,base,3,73,0,20,63.0,0,63,17,17,zero,
online_feedback,base,3,73,1,20,23.0,0,23,17,17,zero,
online_feedback,base,3,73,2,20,8.0,0,8,20,20,zero,
online_feedback,base,3,74,0,20,66.0,0,66,17,17,zero,
online_feedback,base,3,74,1,20,20.0,0,20,17,17,zero,
online_feedback,base,3,74,2,20,5.0,0,5,20,20,zero,
online_feedback,base,3,75,0,19,68.0,0,68,17,17,zero,
online_feedback,base,3,75,1,19,17.0,0,17,17,17,zero,
online_feedback,base,3,75,2,19,2.0,0,2,20,20,zero,
online_feedback,base,3,76,0,19,77.0,0,77,17,17,zero,
online_feedback,base,3,76,1,19,14.0,0,14,17,17,zero,
online_feedback,base,3,76,2,19,1.0,1,0,20,20,zero,
online_feedback,base,3,77,0,18,94.0,0,94,17,17,zero,
online_feedback,base,3,77,1,18,11.0,0,11,17,17,zero,
online_feedback,base,3,77,2,18,4.0,4,0,7,7,zero,
online_feedback,base,3,78,0,19,93.0,0,93,17,17,zero,
online_feedback,base,3,78,1,19,8.0,0,8,17,17,zero,
online_feedback,base,3,78,2,19,7.0,7,0,20,20,zero,
online_feedback,base,3,79,0,20,93.0,0,93,17,17,zero,
online_feedback,base,3,79,1,20,5.0,0,5,17,17,zero,
online_feedback,base,3,79,2,20,10.0,10,0,20,20,zero,
online_feedback,base,3,80,0,19,92.0,0,92,17,17,zero,
online_feedback,base,3,80,1,19,3.0,0,3,17,17,zero,
online_feedback,base,3,80,2,19,13.0,13,0,20,20,zero,
online_feedback,base,3,81,0,20,92.0,0,92,17,17,zero,
online_feedback,base,3,81,1,20,3.0,0,3,17,17,zero,
online_feedback,base,3,81,2,20,3.0,3,0,7,7,zero,
online_feedback,base,3,82,0,20,92.0,0,92,17,17,zero,
online_feedback,base,3,82,1,20,3.0,0,3,17,17,zero,
online_feedback,base,3,82,2,20,6.0,6,0,20,20,zero,
online_feedback,base,3,83,0,20,92.0,0,92,17,17,zero,
online_feedback,base,3,83,1,20,3.0,0,3,17,17,zero,
online_feedback,base,3,83,2,20,9.0,9,0,20,20,zero,
online_feedback,base,3,84,0,20,93.0,0,93,17,17,zero,
online_feedback,base,3,84,1,20,3.0,0,3,17,17,zero,
online_feedback,base,3,84,2,20,12.0,12,0,20,20,zero,
online_feedback,base,3,85,0,20,96.0,0,96,17,17,zero,
online_feedback,base,3,85,1,20,3.0,0,3,17,17,zero,
online_feedback,base,3,85,2,20,2.0,2,0,7,7,zero,
online_feedback,base,3,86,0,20,99.0,0,99,17,17,zero,
online_feedback,base,3,86,1,20,3.0,0,3,17,17,zero,
online_feedback,base,3,86,2,20,5.0,5,0,20,20,zero,
online_feedback,base,3,87,0,20,102.0,0,102,17,17,zero,
online_feedback,base,3,87,1,20,3.0,0,3,17,17,zero,
online_feedback,base,3,87,2,20,8.0,8,0,20,20,zero,
online_feedback,base,3,88,0,20,105.0,0,105,17,17,zero,
online_feedback,base,3,88,1,20,3.0,0,3,17,17,zero,
online_feedback,base,3,88,2,20,11.0,11,0,20,20,zero,
online_feedback,base,3,89,0,20,108.0,0,108,17,17,zero,
online_feedback,base,3,89,1,20,3.0,0,3,17,17,zero,
online_feedback,base,3,89,2,20,1.0,1,0,7,7,zero,
online_feedback,base,3,90,0,20,111.0,0,111,17,17,zero,
online_feedback,base,3,90,1,20,3.0,0,3,17,17,zero,
online_feedback,base,3,90,2,20,4.0,4,0,20,20,zero,
online_feedback,base,3,91,0,20,114.0,0,114,17,17,zero,
online_feedback,base,3,91,1,20,3.0,0,3,17,17,zero,
online_feedback,base,3,91,2,20,7.0,7,0,20,20,zero,
online_feedback,base,3,92,0,20,117.0,0,117,17,17,zero,
online_feedback,base,3,92,1,20,3.0,0,3,17,17,zero,
online_feedback,base,3,92,2,20,10.0,10,0,20,20,zero,
online_feedback,base,3,93,0,20,120.0,0,120,17,17,zero,
online_feedback,base,3,93,1,20,3.0,0,3,17,17,zero,
online_feedback,base,3,93,2,20,-0.0,0,0,7,7,zero,
online_feedback,base,3,94,0,20,123.0,0,123,17,17,zero,
online_feedback,base,3,94,1,20,3.0,0,3,17,17,zero,
online_feedback,base,3,94,2,20,3.0,3,0,20,20,zero,
online_feedback,base,3,95,0,20,126.0,0,126,17,17,zero,
online_feedback,base,3,95,1,20,3.0,0,3,17,17,zero,
online_feedback,base,3,95,2,20,6.0,6,0,20,20,zero,
online_feedback,base,3,96,0,20,129.0,0,129,17,17,zero,
online_feedback,base,3,96,1,20,3.0,0,3,17,17,zero,
online_feedback,base,3,96,2,20,9.0,9,0,20,20,zero,
online_feedback,base,3,97,0,20,132.0,0,132,17,17,zero,
online_feedback,base,3,97,1,20,3.0,0,3,17,17,zero,
online_feedback,base,3,97,2,20,1.0,0,1,7,7,zero,
online_feedback,base,3,98,0,20,135.0,0,135,17,17,zero,
online_feedback,base,3,98,1,20,3.0,0,3,17,17,zero,
online_feedback,base,3,98,2,20,2.0,2,0,20,20,zero,
online_feedback,base,3,99,0,20,138.0,0,138,17,17,zero,
online_feedback,base,3,99,1,20,3.0,0,3,17,17,zero,
online_feedback,base,3,99,2,20,5.0,5,0,20,20,zero,
online_feedback,base,3,100,0,20,141.0,0,141,17,17,zero,
online_feedback,base,3,100,1,20,3.0,0,3,17,17,zero,
online_feedback,base,3,100,2,20,8.0,8,0,20,20,zero,
online_feedback,base,3,101,0,20,144.0,0,144,17,17,zero,
online_feedback,base,3,101,1,20,4.0,0,4,17,17,zero,
online_feedback,base,3,101,2,20,2.0,0,2,7,7,zero,
online_feedback,base,3,102,0,20,147.0,0,147,17,17,zero,
online_feedback,base,3,102,1,20,3.0,0,3,17,17,zero,
online_feedback,base,3,102,2,20,1.0,1,0,20,20,zero,
online_feedback,base,3,103,0,20,150.0,0,150,17,17,zero,
online_feedback,base,3,103,1,20,3.0,0,3,17,17,zero,
online_feedback,base,3,103,2,20,4.0,4,0,20,20,zero,
online_feedback,base,3,104,0,20,153.0,0,153,17,17,zero,
online_feedback,base,3,104,1,20,3.0,0,3,17,17,zero,
online_feedback,base,3,104,2,20,7.0,7,0,20,20,zero,
online_feedback,base,3,105,0,20,157.0,0,157,17,17,zero,
online_feedback,base,3,105,1,20,5.0,0,5,17,17,zero,
online_feedback,base,3,105,2,20,3.0,0,3,7,7,zero,
online_feedback,base,3,106,0,20,159.0,0,159,17,17,zero,
online_feedback,base,3,106,1,20,3.0,0,3,17,17,zero,
online_feedback,base,3,106,2,20,-0.0,0,0,20,20,zero,
online_feedback,base,3,107,0,20,162.0,0,162,17,17,zero,
online_feedback,base,3,107,1,20,3.0,0,3,17,17,zero,
online_feedback,base,3,107,2,20,3.0,3,0,20,20,zero,
online_feedback,base,3,108,0,20,165.0,0,165,17,17,zero,
online_feedback,base,3,108,1,20,3.0,0,3,17,17,zero,
online_feedback,base,3,108,2,20,6.0,6,0,20,20,zero,
online_feedback,base,3,109,0,20,170.0,0,170,17,17,zero,
online_feedback,base,3,109,1,20,6.0,0,6,17,17,zero,
online_feedback,base,3,109,2,20,4.0,0,4,7,7,zero,
online_feedback,base,3,110,0,20,171.0,0,171,17,17,zero,
online_feedback,base,3,110,1,20,3.0,0,3,17,17,zero,
online_feedback,base,3,110,2,20,1.0,0,1,20,20,zero,
online_feedback,base,3,111,0,20,174.0,0,174,17,17,zero,
online_feedback,base,3,111,1,20,3.0,0,3,17,17,zero,
online_feedback,base,3,111,2,20,2.0,2,0,20,20,zero,
online_feedback,base,3,112,0,19,176.0,0,176,17,17,zero,
online_feedback,base,3,112,1,19,3.0,0,3,17,17,zero,
online_feedback,base,3,112,2,19,5.0,5,0,20,20,zero,
online_feedback,base,3,113,0,18,180.0,0,180,17,17,zero,
online_feedback,base,3,113,1,18,7.0,0,7,17,17,zero,
online_feedback,base,3,113,2,18,5.0,0,5,7,7,zero,
online_feedback,base,3,114,0,20,180.0,0,180,17,17,zero,
online_feedback,base,3,114,1,20,4.0,0,4,17,17,zero,
online_feedback,base,3,114,2,20,2.0,0,2,20,20,zero,
online_feedback,base,3,115,0,20,183.0,0,183,17,17,zero,
online_feedback,base,3,115,1,20,3.0,0,3,17,17,zero,
online_feedback,base,3,115,2,20,1.0,1,0,20,20,zero,
online_feedback,base,3,116,0,20,186.0,0,186,17,17,zero,
online_feedback,base,3,116,1,20,3.0,0,3,17,17,zero,
online_feedback,base,3,116,2,20,4.0,4,0,20,20,zero,
online_feedback,base,3,117,0,20,193.0,0,193,17,17,zero,
online_feedback,base,3,117,1,20,8.0,0,8,17,17,zero,
online_feedback,base,3,117,2,20,6.0,0,6,16,16,zero,
online_feedback,base,3,118,0,20,193.0,0,193,17,17,zero,
online_feedback,base,3,118,1,20,5.0,0,5,17,17,zero,
online_feedback,base,3,118,2,20,3.0,0,3,20,20,zero,
online_feedback,base,3,119,0,20,195.0,0,195,17,17,zero,
online_feedback,base,3,119,1,20,3.0,0,3,17,17,zero,
online_feedback,base,3,119,2,20,-0.0,0,0,20,20,zero,
online_feedback,base,3,120,0,20,198.0,0,198,17,17,zero,
online_feedback,base,3,120,1,20,3.0,0,3,17,17,zero,
online_feedback,base,3,120,2,20,3.0,3,0,20,20,zero,
online_feedback,base,3,121,0,20,206.0,0,206,17,17,zero,
online_feedback,base,3,121,1,20,9.0,0,9,17,17,zero,
online_feedback,base,3,121,2,20,2.0,2,0,7,7,zero,
online_feedback,base,3,122,0,20,206.0,0,206,17,17,zero,
online_feedback,base,3,122,1,20,6.0,0,6,17,17,zero,
online_feedback,base,3,122,2,20,5.0,5,0,20,20,zero,
online_feedback,base,3,123,0,20,207.0,0,207,17,17,zero,
online_feedback,base,3,123,1,20,3.0,0,3,17,17,zero,
online_feedback,base,3,123,2,20,8.0,8,0,20,20,zero,
online_feedback,base,3,124,0,20,210.0,0,210,17,17,zero,
online_feedback,base,3,124,1,20,3.0,0,3,17,17,zero,
online_feedback,base,3,124,2,20,11.0,11,0,20,20,zero,
online_feedback,base,3,125,0,20,219.0,0,219,17,17,zero,
online_feedback,base,3,125,1,20,3.0,0,3,17,17,zero,
online_feedback,base,3,125,2,20,1.0,1,0,7,7,zero,
online_feedback,base,3,126,0,20,219.0,0,219,17,17,zero,
online_feedback,base,3,126,1,20,3.0,0,3,17,17,zero,
online_feedback,base,3,126,2,20,4.0,4,0,20,20,zero,
online_feedback,base,3,127,0,20,219.0,0,219,17,17,zero,
online_feedback,base,3,127,1,20,3.0,0,3,17,17,zero,
online_feedback,base,3,127,2,20,7.0,7,0,20,20,zero,
online_feedback,base,3,128,0,20,222.0,0,222,17,17,zero,
online_feedback,base,3,128,1,20,3.0,0,3,17,17,zero,
online_feedback,base,3,128,2,20,10.0,10,0,20,20,zero,
online_feedback,base,3,129,0,20,225.0,0,225,17,17,zero,
online_feedback,base,3,129,1,20,3.0,0,3,17,17,zero,
online_feedback,base,3,129,2,20,-0.0,0,0,7,7,zero,
online_feedback,base,3,130,0,20,228.0,0,228,17,17,zero,
online_feedback,base,3,130,1,20,3.0,0,3,17,17,zero,
online_feedback,base,3,130,2,20,3.0,3,0,20,20,zero,
online_feedback,base,3,131,0,20,231.0,0,231,17,17,zero,
online_feedback,base,3,131,1,20,3.0,0,3,17,17,zero,
online_feedback,base,3,131,2,20,6.0,6,0,20,20,zero,
online_feedback,base,3,132,0,20,234.0,0,234,17,17,zero,
online_feedback,base,3,132,1,20,3.0,0,3,17,17,zero,
online_feedback,base,3,132,2,20,9.0,9,0,20,20,zero,
online_feedback,base,3,133,0,20,237.0,0,237,17,17,zero,
online_feedback,base,3,133,1,20,3.0,0,3,17,17,zero,
online_feedback,base,3,133,2,20,1.0,0,1,7,7,zero,
online_feedback,base,3,134,0,20,240.0,0,240,17,17,zero,
online_feedback,base,3,134,1,20,3.0,0,3,17,17,zero,
online_feedback,base,3,134,2,20,2.0,2,0,20,20,zero,
online_feedback,base,3,135,0,20,243.0,0,243,17,17,zero,
online_feedback,base,3,135,1,20,3.0,0,3,17,17,zero,
online_feedback,base,3,135,2,20,5.0,5,0,20,20,zero,
online_feedback,base,3,136,0,20,246.0,0,246,17,17,zero,
online_feedback,base,3,136,1,20,3.0,0,3,17,17,zero,
online_feedback,base,3,136,2,20,8.0,8,0,20,20,zero,
online_feedback,base,3,137,0,20,249.0,0,249,17,17,zero,
online_feedback,base,3,137,1,20,4.0,0,4,17,17,zero,
online_feedback,base,3,137,2,20,2.0,0,2,7,7,zero,
online_feedback,base,3,138,0,20,252.0,0,252,17,17,zero,
online_feedback,base,3,138,1,20,3.0,0,3,17,17,zero,
online_feedback,base,3,138,2,20,1.0,1,0,20,20,zero,
online_feedback,base,3,139,0,20,255.0,0,255,17,17,zero,
online_feedback,base,3,139,1,20,3.0,0,3,17,17,zero,
online_feedback,base,3,139,2,20,4.0,4,0,20,20,zero,
online_feedback,base,3,140,0,20,258.0,0,258,17,17,zero,
online_feedback,base,3,140,1,20,3.0,0,3,17,17,zero,
online_feedback,base,3,140,2,20,7.0,7,0,20,20,zero,
online_feedback,base,3,141,0,17,259.0,0,259,17,17,zero,
online_feedback,base,3,141,1,17,5.0,0,5,17,17,zero,
online_feedback,base,3,141,2,17,3.0,0,3,7,7,zero,
online_feedback,base,3,142,0,16,257.0,0,257,17,17,zero,
online_feedback,base,3,142,1,16,3.0,0,3,17,17,zero,
online_feedback,base,3,142,2,16,-0.0,0,0,20,20,zero,
online_feedback,base,3,143,0,16,256.0,0,256,17,17,zero,
online_feedback,base,3,143,1,16,3.0,0,3,17,17,zero,
online_feedback,base,3,143,2,16,3.0,3,0,20,20,zero,
online_feedback,base,3,144,0,18,257.0,0,257,17,17,zero,
online_feedback,base,3,144,1,18,3.0,0,3,17,17,zero,
online_feedback,base,3,144,2,18,6.0,6,0,20,20,zero,
online_feedback,base,3,145,0,18,260.0,0,260,17,17,zero,
online_feedback,base,3,145,1,18,6.0,0,6,17,17,zero,
online_feedback,base,3,145,2,18,4.0,0,4,7,7,zero,
online_feedback,base,3,146,0,19,260.0,0,260,17,17,zero,
online_feedback,base,3,146,1,19,3.0,0,3,17,17,zero,
online_feedback,base,3,146,2,19,1.0,0,1,20,20,zero,
online_feedback,base,3,147,0,18,261.0,0,261,17,17,zero,
online_feedback,base,3,147,1,18,3.0,0,3,17,17,zero,
online_feedback,base,3,147,2,18,2.0,2,0,20,20,zero,
online_feedback,base,3,148,0,17,261.0,0,261,17,17,zero,
online_feedback,base,3,148,1,17,3.0,0,3,17,17,zero,
online_feedback,base,3,148,2,17,5.0,5,0,20,20,zero,
online_feedback,base,3,149,0,16,263.0,0,263,17,17,zero,
online_feedback,base,3,149,1,16,7.0,0,7,17,17,zero,
online_feedback,base,3,149,2,16,5.0,0,5,7,7,zero,
online_feedback,base,3,150,0,16,259.0,0,259,17,17,zero,
online_feedback,base,3,150,1,16,4.0,0,4,17,17,zero,
online_feedback,base,3,150,2,16,2.0,0,2,20,20,zero,
online_feedback,base,3,151,0,18,260.0,0,260,17,17,zero,
online_feedback,base,3,151,1,18,3.0,0,3,17,17,zero,
online_feedback,base,3,151,2,18,1.0,1,0,20,20,zero,
online_feedback,base,3,152,0,17,260.0,0,260,17,17,zero,
online_feedback,base,3,152,1,17,3.0,0,3,17,17,zero,
online_feedback,base,3,152,2,17,4.0,4,0,20,20,zero,
online_feedback,base,3,153,0,18,265.0,0,265,17,17,zero,
online_feedback,base,3,153,1,18,8.0,0,8,17,17,zero,
online_feedback,base,3,153,2,18,6.0,0,6,16,16,zero,
online_feedback,base,3,154,0,19,264.0,0,264,17,17,zero,
online_feedback,base,3,154,1,19,5.0,0,5,17,17,zero,
online_feedback,base,3,154,2,19,3.0,0,3,20,20,zero,
online_feedback,base,3,155,0,19,265.0,0,265,17,17,zero,
online_feedback,base,3,155,1,19,3.0,0,3,17,17,zero,
online_feedback,base,3,155,2,19,-0.0,0,0,20,20,zero,
online_feedback,base,3,156,0,16,264.0,0,264,17,17,zero,
online_feedback,base,3,156,1,16,3.0,0,3,17,17,zero,
online_feedback,base,3,156,2,16,3.0,3,0,20,20,zero,
online_feedback,base,3,157,0,14,266.0,0,266,17,17,zero,
online_feedback,base,3,157,1,14,9.0,0,9,17,17,zero,
online_feedback,base,3,157,2,14,2.0,2,0,7,7,zero,
online_feedback,base,3,158,0,14,260.0,0,260,17,17,zero,
online_feedback,base,3,158,1,14,6.0,0,6,17,17,zero,
online_feedback,base,3,158,2,14,5.0,5,0,20,20,zero,
online_feedback,base,3,159,0,12,253.0,0,253,17,17,zero,
online_feedback,base,3,159,1,12,3.0,0,3,17,17,zero,
online_feedback,base,3,159,2,12,8.0,8,0,20,20,zero,
online_feedback,base,3,160,0,13,249.0,0,249,17,17,zero,
online_feedback,base,3,160,1,13,3.0,0,3,17,17,zero,
online_feedback,base,3,160,2,13,11.0,11,0,20,20,zero,
online_feedback,base,3,161,0,19,257.0,0,257,17,17,zero,
online_feedback,base,3,161,1,19,3.0,0,3,17,17,zero,
online_feedback,base,3,161,2,19,1.0,1,0,7,7,zero,
online_feedback,base,3,162,0,18,255.0,0,255,17,17,zero,
online_feedback,base,3,162,1,18,3.0,0,3,17,17,zero,
online_feedback,base,3,162,2,18,4.0,4,0,20,20,zero,
online_feedback,base,3,163,0,18,253.0,0,253,17,17,zero,
online_feedback,base,3,163,1,18,3.0,0,3,17,17,zero,
online_feedback,base,3,163,2,18,7.0,7,0,20,20,zero,
online_feedback,base,3,164,0,16,252.0,0,252,17,17,zero,
online_feedback,base,3,164,1,16,3.0,0,3,17,17,zero,
online_feedback,base,3,164,2,16,10.0,10,0,20,20,zero,
online_feedback,base,3,165,0,15,250.0,0,250,17,17,zero,
online_feedback,base,3,165,1,15,3.0,0,3,17,17,zero,
online_feedback,base,3,165,2,15,-0.0,0,0,7,7,zero,
online_feedback,base,3,166,0,14,247.0,0,247,17,17,zero,
online_feedback,base,3,166,1,14,3.0,0,3,17,17,zero,
online_feedback,base,3,166,2,14,3.0,3,0,20,20,zero,
online_feedback,base,3,167,0,13,243.0,0,243,17,17,zero,
online_feedback,base,3,167,1,13,3.0,0,3,17,17,zero,
online_feedback,base,3,167,2,13,6.0,6,0,20,20,zero,
online_feedback,base,3,168,0,14,240.0,0,240,17,17,zero,
online_feedback,base,3,168,1,14,3.0,0,3,17,17,zero,
online_feedback,base,3,168,2,14,9.0,9,0,20,20,zero,
online_feedback,base,3,169,0,15,238.0,0,238,17,17,zero,
online_feedback,base,3,169,1,15,3.0,0,3,17,17,zero,
online_feedback,base,3,169,2,15,1.0,0,1,7,7,zero,
online_feedback,base,3,170,0,14,235.0,0,235,17,17,zero,
online_feedback,base,3,170,1,14,3.0,0,3,17,17,zero,
online_feedback,base,3,170,2,14,2.0,2,0,20,20,zero,
online_feedback,base,3,171,0,14,232.0,0,232,17,17,zero,
online_feedback,base,3,171,1,14,3.0,0,3,17,17,zero,
online_feedback,base,3,171,2,14,5.0,5,0,20,20,zero,
online_feedback,base,3,172,0,15,230.0,0,230,17,17,zero,
online_feedback,base,3,172,1,15,3.0,0,3,17,17,zero,
online_feedback,base,3,172,2,15,8.0,8,0,20,20,zero,
online_feedback,base,3,173,0,16,229.0,0,229,17,17,zero,
online_feedback,base,3,173,1,16,4.0,0,4,17,17,zero,
online_feedback,base,3,173,2,16,2.0,0,2,7,7,zero,
online_feedback,base,3,174,0,14,226.0,0,226,17,17,zero,
online_feedback,base,3,174,1,14,3.0,0,3,17,17,zero,
online_feedback,base,3,174,2,14,1.0,1,0,20,20,zero,
online_feedback,base,3,175,0,12,221.0,0,221,17,17,zero,
online_feedback,base,3,175,1,12,3.0,0,3,17,17,zero,
online_feedback,base,3,175,2,12,4.0,4,0,20,20,zero,
online_feedback,base,3,176,0,11,215.0,0,215,17,17,zero,
online_feedback,base,3,176,1,11,3.0,0,3,17,17,zero,
online_feedback,base,3,176,2,11,7.0,7,0,20,20,zero,
online_feedback,base,3,177,0,12,211.0,0,211,17,17,zero,
online_feedback,base,3,177,1,12,5.0,0,5,17,17,zero,
online_feedback,base,3,177,2,12,3.0,0,3,7,7,zero,
online_feedback,base,3,178,0,13,206.0,0,206,17,17,zero,
online_feedback,base,3,178,1,13,3.0,0,3,17,17,zero,
online_feedback,base,3,178,2,13,-0.0,0,0,20,20,zero,
online_feedback,base,3,179,0,12,201.0,0,201,17,17,zero,
online_feedback,base,3,179,1,12,3.0,0,3,17,17,zero,
online_feedback,base,3,179,2,12,3.0,3,0,20,20,zero,
online_feedback,base,3,180,0,12,196.0,0,196,17,17,zero,
online_feedback,base,3,180,1,12,3.0,0,3,17,17,zero,
online_feedback,base,3,180,2,12,6.0,6,0,20,20,zero,
online_feedback,base,3,181,0,11,192.0,0,192,17,17,zero,
online_feedback,base,3,181,1,11,6.0,0,6,17,17,zero,
online_feedback,base,3,181,2,11,4.0,0,4,7,7,zero,
online_feedback,base,3,182,0,11,184.0,0,184,17,17,zero,
online_feedback,base,3,182,1,11,3.0,0,3,17,17,zero,
online_feedback,base,3,182,2,11,1.0,0,1,20,20,zero,
online_feedback,base,3,183,0,11,178.0,0,178,17,17,zero,
online_feedback,base,3,183,1,11,3.0,0,3,17,17,zero,
online_feedback,base,3,183,2,11,2.0,2,0,20,20,zero,
online_feedback,base,3,184,0,12,173.0,0,173,17,17,zero,
online_feedback,base,3,184,1,12,3.0,0,3,17,17,zero,
online_feedback,base,3,184,2,12,5.0,5,0,20,20,zero,
online_feedback,base,3,185,0,14,173.0,0,173,17,17,zero,
online_feedback,base,3,185,1,14,7.0,0,7,17,17,zero,
online_feedback,base,3,185,2,14,5.0,0,5,7,7,zero,
online_feedback,base,3,186,0,18,171.0,0,171,17,17,zero,
online_feedback,base,3,186,1,18,4.0,0,4,17,17,zero,
online_feedback,base,3,186,2,18,2.0,0,2,20,20,zero,
online_feedback,base,3,187,0,19,173.0,0,173,17,17,zero,
online_feedback,base,3,187,1,19,3.0,0,3,17,17,zero,
online_feedback,base,3,187,2,19,1.0,1,0,20,20,zero,
online_feedback,base,3,188,0,20,176.0,0,176,17,17,zero,
online_feedback,base,3,188,1,20,3.0,0,3,17,17,zero,
online_feedback,base,3,188,2,20,4.0,4,0,20,20,zero,
online_feedback,base,3,189,0,19,182.0,0,182,17,17,zero,
online_feedback,base,3,189,1,19,8.0,0,8,17,17,zero,
online_feedback,base,3,189,2,19,6.0,0,6,16,16,zero,
online_feedback,base,3,190,0,19,181.0,0,181,17,17,zero,
online_feedback,base,3,190,1,19,5.0,0,5,17,17,zero,
online_feedback,base,3,190,2,19,3.0,0,3,20,20,zero,
online_feedback,base,3,191,0,17,180.0,0,180,17,17,zero,
online_feedback,base,3,191,1,17,3.0,0,3,17,17,zero,
online_feedback,base,3,191,2,17,-0.0,0,0,20,20,zero,
online_feedback,base,3,192,0,14,177.0,0,177,17,17,zero,
online_feedback,base,3,192,1,14,3.0,0,3,17,17,zero,
online_feedback,base,3,192,2,14,3.0,3,0,20,20,zero,
online_feedback,base,3,193,0,16,181.0,0,181,17,17,zero,
online_feedback,base,3,193,1,16,9.0,0,9,17,17,zero,
online_feedback,base,3,193,2,16,2.0,2,0,7,7,zero,
online_feedback,base,3,194,0,15,176.0,0,176,17,17,zero,
online_feedback,base,3,194,1,15,6.0,0,6,17,17,zero,
online_feedback,base,3,194,2,15,5.0,5,0,20,20,zero,
online_feedback,base,3,195,0,14,171.0,0,171,17,17,zero,
online_feedback,base,3,195,1,14,3.0,0,3,17,17,zero,
online_feedback,base,3,195,2,14,8.0,8,0,20,20,zero,
online_feedback,base,3,196,0,14,168.0,0,168,17,17,zero,
online_feedback,base,3,196,1,14,3.0,0,3,17,17,zero,
online_feedback,base,3,196,2,14,11.0,11,0,20,20,zero,
online_feedback,base,3,197,0,14,171.0,0,171,17,17,zero,
online_feedback,base,3,197,1,14,3.0,0,3,17,17,zero,
online_feedback,base,3,197,2,14,1.0,1,0,7,7,zero,
online_feedback,base,3,198,0,12,163.0,0,163,17,17,zero,
online_feedback,base,3,198,1,12,3.0,0,3,17,17,zero,
online_feedback,base,3,198,2,12,4.0,4,0,20,20,zero,
online_feedback,base,3,199,0,13,156.0,0,156,17,17,zero,
online_feedback,base,3,199,1,13,3.0,0,3,17,17,zero,
online_feedback,base,3,199,2,13,7.0,7,0,20,20,zero,
online_feedback,base,3,200,0,12,151.0,0,151,17,17,zero,
online_feedback,base,3,200,1,12,3.0,0,3,17,17,zero,
online_feedback,base,3,200,2,12,10.0,10,0,20,20,zero,
online_feedback,shock,0,1,0,10,10.0,10,0,17,17,zero,
online_feedback,shock,0,1,1,10,3.0,3,0,2,2,zero,
online_feedback,shock,0,1,2,10,18.0,18,0,0,0,zero,
online_feedback,shock,0,2,0,10,10.0,10,0,2,2,zero,
online_feedback,shock,0,2,1,10,11.0,11,0,16,16,zero,
online_feedback,shock,0,2,2,10,12.0,12,0,0,0,zero,
online_feedback,shock,0,3,0,10,10.0,10,0,16,16,zero,
online_feedback,shock,0,3,1,10,5.0,5,0,2,2,zero,
online_feedback,shock,0,3,2,10,20.0,20,0,20,20,zero,
online_feedback,shock,0,4,0,9,11.0,11,0,2,2,zero,
online_feedback,shock,0,4,1,9,13.0,13,0,10,10,zero,
online_feedback,shock,0,4,2,9,20.0,20,0,1,1,zero,
online_feedback,shock,0,5,0,10,18.0,18,0,8,8,zero,
online_feedback,shock,0,5,1,10,7.0,7,0,10,10,zero,
online_feedback,shock,0,5,2,10,10.0,10,0,7,7,zero,
online_feedback,shock,0,6,0,10,10.0,10,0,8,8,zero,
online_feedback,shock,0,6,1,10,15.0,15,0,3,3,zero,
online_feedback,shock,0,6,2,10,7.0,7,0,7,7,zero,
online_feedback,shock,0,7,0,9,17.0,17,0,8,8,zero,
online_feedback,shock,0,7,1,9,9.0,9,0,10,10,zero,
online_feedback,shock,0,7,2,9,17.0,17,0,0,0,zero,
online_feedback,shock,0,8,0,10,9.0,9,0,8,8,zero,
online_feedback,shock,0,8,1,10,11.0,11,0,10,10,zero,
online_feedback,shock,0,8,2,10,8.0,8,0,16,16,zero,
online_feedback,shock,0,9,0,11,6.0,6,0,13,13,zero,
online_feedback,shock,0,9,1,11,8.0,8,0,10,10,zero,
online_feedback,shock,0,9,2,11,5.0,5,0,20,20,zero,
online_feedback,shock,0,10,0,11,3.0,3,0,13,13,zero,
online_feedback,shock,0,10,1,11,2.0,0,2,16,16,zero,
online_feedback,shock,0,10,2,11,4.0,0,4,20,20,zero,
online_feedback,shock,0,11,0,10,1.0,1,0,13,13,zero,
online_feedback,shock,0,11,1,10,5.0,0,5,16,16,zero,
online_feedback,shock,0,11,2,10,20.0,0,20,20,20,zero,
online_feedback,shock,0,12,0,10,1.0,0,1,13,13,zero,
online_feedback,shock,0,12,1,10,8.0,0,8,16,16,zero,
online_feedback,shock,0,12,2,10,20.0,0,20,20,20,zero,
online_feedback,shock,0,13,0,10,2.0,2,0,16,16,zero,
online_feedback,shock,0,13,1,10,14.0,0,14,16,16,zero,
online_feedback,shock,0,13,2,10,16.0,0,16,20,20,zero,
online_feedback,shock,0,14,0,10,3.0,3,0,16,16,zero,
online_feedback,shock,0,14,1,10,18.0,0,18,16,16,zero,
online_feedback,shock,0,14,2,10,12.0,0,12,20,20,zero,
online_feedback,shock,0,15,0,10,3.0,3,0,16,16,zero,
online_feedback,shock,0,15,1,10,34.0,0,34,16,16,zero,
online_feedback,shock,0,15,2,10,8.0,0,8,20,20,zero,
online_feedback,shock,0,16,0,10,3.0,3,0,13,13,zero,
online_feedback,shock,0,16,1,10,31.0,0,31,16,16,zero,
online_feedback,shock,0,16,2,10,4.0,0,4,20,20,zero,
online_feedback,shock,0,17,0,9,4.0,4,0,5,5,zero,
online_feedback,shock,0,17,1,9,16.0,0,16,17,17,zero,
online_feedback,shock,0,17,2,9,1.0,0,1,16,16,zero,
online_feedback,shock,0,18,0,9,7.0,7,0,2,2,zero,
online_feedback,shock,0,18,1,9,2.0,2,0,4,4,zero,
online_feedback,shock,0,18,2,9,15.0,15,0,20,20,zero,
online_feedback,shock,0,19,0,9,2.0,0,2,1,1,zero,
online_feedback,shock,0,19,1,9,21.0,21,0,0,0,zero,
online_feedback,shock,0,19,2,9,35.0,35,0,0,0,zero,
online_feedback,shock,0,20,0,10,4.0,4,0,7,7,zero,
online_feedback,shock,0,20,1,10,34.0,34,0,0,0,zero,
online_feedback,shock,0,20,2,10,55.0,55,0,0,0,zero,
online_feedback,shock,0,21,0,8,16.0,16,0,8,8,zero,
online_feedback,shock,0,21,1,8,46.0,46,0,4,4,zero,
online_feedback,shock,0,21,2,8,67.0,67,0,0,0,zero,
online_feedback,shock,0,22,0,7,27.0,27,0,8,8,zero,
online_feedback,shock,0,22,1,7,43.0,43,0,4,4,zero,
online_feedback,shock,0,22,2,7,83.0,83,0,0,0,zero,
online_feedback,shock,0,23,0,8,20.0,20,0,1,1,zero,
online_feedback,shock,0,23,1,8,42.0,42,0,2,2,zero,
online_feedback,shock,0,23,2,8,81.0,81,0,0,0,zero,
online_feedback,shock,0,24,0,7,20.0,20,0,8,8,zero,
online_feedback,shock,0,24,1,7,34.0,34,0,2,2,zero,
online_feedback,shock,0,24,2,7,79.0,79,0,0,0,zero,
online_feedback,shock,0,25,0,7,21.0,21,0,5,5,zero,
online_feedback,shock,0,25,1,7,33.0,33,0,2,2,zero,
online_feedback,shock,0,25,2,7,77.0,77,0,0,0,zero,
online_feedback,shock,0,26,0,8,21.0,21,0,8,8,zero,
online_feedback,shock,0,26,1,8,29.0,29,0,2,2,zero,
online_feedback,shock,0,26,2,8,75.0,75,0,0,0,zero,
online_feedback,shock,0,27,0,8,14.0,14,0,8,8,zero,
online_feedback,shock,0,27,1,8,23.0,23,0,10,10,zero,
online_feedback,shock,0,27,2,8,65.0,65,0,0,0,zero,
online_feedback,shock,0,28,0,8,14.0,14,0,8,8,zero,
online_feedback,shock,0,28,1,8,17.0,17,0,10,10,zero,
online_feedback,shock,0,28,2,8,55.0,55,0,0,0,zero,
online_feedback,shock,0,29,0,7,12.0,12,0,8,8,zero,
online_feedback,shock,0,29,1,7,11.0,11,0,10,10,zero,
online_feedback,shock,0,29,2,7,45.0,45,0,0,0,zero,
online_feedback,shock,0,30,0,7,13.0,13,0,1,1,zero,
online_feedback,shock,0,30,1,7,12.0,12,0,10,10,zero,
online_feedback,shock,0,30,2,7,35.0,35,0,0,0,zero,
online_feedback,shock,0,31,0,8,13.0,13,0,8,8,zero,
online_feedback,shock,0,31,1,8,14.0,14,0,0,0,zero,
online_feedback,shock,0,31,2,8,35.0,35,0,4,4,zero,
online_feedback,shock,0,32,0,8,13.0,13,0,8,8,zero,
online_feedback,shock,0,32,1,8,16.0,16,0,0,0,zero,
online_feedback,shock,0,32,2,8,35.0,35,0,0,0,zero,
online_feedback,shock,0,33,0,7,14.0,14,0,13,13,zero,
online_feedback,shock,0,33,1,7,13.0,13,0,10,10,zero,
online_feedback,shock,0,33,2,7,25.0,25,0,0,0,zero,
online_feedback,shock,0,34,0,7,8.0,8,0,2,2,zero,
online_feedback,shock,0,34,1,7,21.0,21,0,16,16,zero,
online_feedback,shock,0,34,2,7,9.0,9,0,1,1,zero,
online_feedback,shock,0,35,0,7,9.0,9,0,8,8,zero,
online_feedback,shock,0,35,1,7,13.0,13,0,2,2,zero,
online_feedback,shock,0,35,2,7,11.0,11,0,20,20,zero,
online_feedback,shock,0,36,0,7,10.0,10,0,1,1,zero,
online_feedback,shock,0,36,1,7,12.0,12,0,10,10,zero,
online_feedback,shock,0,36,2,7,1.0,1,0,1,1,zero,
online_feedback,shock,0,37,0,7,16.0,16,0,8,8,zero,
online_feedback,shock,0,37,1,7,14.0,14,0,0,0,zero,
online_feedback,shock,0,37,2,7,1.0,1,0,16,16,zero,
online_feedback,shock,0,38,0,8,10.0,10,0,8,8,zero,
online_feedback,shock,0,38,1,8,22.0,22,0,0,0,zero,
online_feedback,shock,0,38,2,8,2.0,2,0,0,0,zero,
online_feedback,shock,0,39,0,8,10.0,10,0,13,13,zero,
online_feedback,shock,0,39,1,8,11.0,11,0,10,10,zero,
online_feedback,shock,0,39,2,8,12.0,12,0,0,0,zero,
online_feedback,shock,0,40,0,7,4.0,4,0,5,5,zero,
online_feedback,shock,0,40,1,7,16.0,16,0,16,16,zero,
online_feedback,shock,0,40,2,7,3.0,0,3,0,0,zero,
online_feedback,shock,0,41,0,7,5.0,5,0,5,5,zero,
online_feedback,shock,0,41,1,7,11.0,11,0,10,10,zero,
online_feedback,shock,0,41,2,7,3.0,3,0,19,19,zero,
online_feedback,shock,0,42,0,7,6.0,6,0,5,5,zero,
online_feedback,shock,0,42,1,7,6.0,6,0,3,3,zero,
online_feedback,shock,0,42,2,7,-0.0,0,0,19,19,zero,
online_feedback,shock,0,43,0,6,13.0,13,0,8,8,zero,
online_feedback,shock,0,43,1,6,8.0,8,0,0,0,zero,
online_feedback,shock,0,43,2,6,-0.0,0,0,1,1,zero,
online_feedback,shock,0,44,0,6,12.0,12,0,5,5,zero,
online_feedback,shock,0,44,1,6,16.0,16,0,0,0,zero,
online_feedback,shock,0,44,2,6,-0.0,0,0,0,0,zero,
online_feedback,shock,0,45,0,5,12.0,12,0,10,10,zero,
online_feedback,shock,0,45,1,5,19.0,19,0,2,2,zero,
online_feedback,shock,0,45,2,5,17.0,17,0,0,0,zero,
online_feedback,shock,0,46,0,5,12.0,12,0,1,1,zero,
online_feedback,shock,0,46,1,5,21.0,21,0,16,16,zero,
online_feedback,shock,0,46,2,5,20.0,20,0,0,0,zero,
online_feedback,shock,0,47,0,5,15.0,15,0,1,1,zero,
online_feedback,shock,0,47,1,5,20.0,20,0,2,2,zero,
online_feedback,shock,0,47,2,5,19.0,19,0,16,16,zero,
online_feedback,shock,0,48,0,6,14.0,14,0,8,8,zero,
online_feedback,shock,0,48,1,6,12.0,12,0,0,0,zero,
online_feedback,shock,0,48,2,6,19.0,19,0,1,1,zero,
online_feedback,shock,0,49,0,6,18.0,18,0,5,5,zero,
online_feedback,shock,0,49,1,6,9.0,9,0,2,2,zero,
online_feedback,shock,0,49,2,6,17.0,17,0,0,0,zero,
online_feedback,shock,0,50,0,5,14.0,14,0,8,8,zero,
online_feedback,shock,0,50,1,5,17.0,17,0,16,16,zero,
online_feedback,shock,0,50,2,5,1.0,1,0,0,0,zero,
online_feedback,shock,0,51,0,5,10.0,10,0,1,1,zero,
online_feedback,shock,0,51,1,5,18.0,18,0,10,10,zero,
online_feedback,shock,0,51,2,5,7.0,7,0,19,19,zero,
online_feedback,shock,0,52,0,6,12.0,12,0,8,8,zero,
online_feedback,shock,0,52,1,6,10.0,10,0,0,0,zero,
online_feedback,shock,0,52,2,6,8.0,8,0,19,19,zero,
online_feedback,shock,0,53,0,6,11.0,11,0,1,1,zero,
online_feedback,shock,0,53,1,6,11.0,11,0,2,2,zero,
online_feedback,shock,0,53,2,6,6.0,6,0,1,1,zero,
online_feedback,shock,0,54,0,6,13.0,13,0,8,8,zero,
online_feedback,shock,0,54,1,6,19.0,19,0,0,0,zero,
online_feedback,shock,0,54,2,6,6.0,6,0,0,0,zero,
online_feedback,shock,0,55,0,6,8.0,8,0,5,5,zero,
online_feedback,shock,0,55,1,6,24.0,24,0,2,2,zero,
online_feedback,shock,0,55,2,6,23.0,23,0,0,0,zero,
online_feedback,shock,0,56,0,7,9.0,9,0,8,8,zero,
online_feedback,shock,0,56,1,7,16.0,16,0,2,2,zero,
online_feedback,shock,0,56,2,7,40.0,40,0,0,0,zero,
online_feedback,shock,0,57,0,7,3.0,3,0,8,8,zero,
online_feedback,shock,0,57,1,7,10.0,10,0,10,10,zero,
online_feedback,shock,0,57,2,7,31.0,31,0,0,0,zero,
online_feedback,shock,0,58,0,8,3.0,3,0,8,8,zero,
online_feedback,shock,0,58,1,8,2.0,2,0,16,16,zero,
online_feedback,shock,0,58,2,8,15.0,15,0,0,0,zero,
online_feedback,shock,0,59,0,8,-0.0,0,0,8,8,zero,
online_feedback,shock,0,59,1,8,4.0,0,4,10,10,zero,
online_feedback,shock,0,59,2,8,5.0,5,0,19,19,zero,
online_feedback,shock,0,60,0,9,1.0,0,1,16,16,zero,
online_feedback,shock,0,60,1,9,18.0,0,18,10,10,zero,
online_feedback,shock,0,60,2,9,5.0,0,5,19,19,zero,
online_feedback,shock,0,61,0,9,2.0,0,2,8,8,zero,
online_feedback,shock,0,61,1,9,16.0,0,16,16,16,zero,
online_feedback,shock,0,61,2,9,21.0,0,21,19,19,zero,
online_feedback,shock,0,62,0,10,4.0,0,4,13,13,zero,
online_feedback,shock,0,62,1,10,13.0,0,13,16,16,zero,
online_feedback,shock,0,62,2,10,37.0,0,37,19,19,zero,
online_feedback,shock,0,63,0,11,11.0,0,11,13,13,zero,
online_feedback,shock,0,63,1,11,16.0,0,16,16,16,zero,
online_feedback,shock,0,63,2,11,34.0,0,34,19,19,zero,
online_feedback,shock,0,64,0,12,21.0,0,21,13,13,zero,
online_feedback,shock,0,64,1,12,24.0,0,24,16,16,zero,
online_feedback,shock,0,64,2,12,31.0,0,31,19,19,zero,
online_feedback,shock,0,65,0,11,22.0,0,22,13,13,zero,
online_feedback,shock,0,65,1,11,37.0,0,37,12,12,zero,
online_feedback,shock,0,65,2,11,24.0,0,24,19,19,zero,
online_feedback,shock,0,66,0,12,18.0,0,18,13,13,zero,
online_feedback,shock,0,66,1,12,50.0,0,50,10,10,zero,
online_feedback,shock,0,66,2,12,15.0,0,15,16,16,zero,
online_feedback,shock,0,67,0,12,20.0,0,20,13,13,zero,
online_feedback,shock,0,67,1,12,44.0,0,44,10,10,zero,
online_feedback,shock,0,67,2,12,6.0,0,6,1,1,zero,
online_feedback,shock,0,68,0,10,25.0,0,25,13,13,zero,
online_feedback,shock,0,68,1,10,38.0,0,38,10,10,zero,
online_feedback,shock,0,68,2,10,3.0,3,0,7,7,zero,
online_feedback,shock,0,69,0,10,35.0,0,35,13,13,zero,
online_feedback,shock,0,69,1,10,32.0,0,32,10,10,zero,
online_feedback,shock,0,69,2,10,12.0,12,0,16,16,zero,
online_feedback,shock,0,70,0,11,46.0,0,46,17,17,zero,
online_feedback,shock,0,70,1,11,30.0,0,30,17,17,zero,
online_feedback,shock,0,70,2,11,11.0,11,0,7,7,zero,
online_feedback,shock,0,71,0,11,38.0,0,38,17,17,zero,
online_feedback,shock,0,71,1,11,28.0,0,28,17,17,zero,
online_feedback,shock,0,71,2,11,5.0,0,5,20,20,zero,
online_feedback,shock,0,72,0,11,30.0,0,30,17,17,zero,
online_feedback,shock,0,72,1,11,29.0,0,29,17,17,zero,
online_feedback,shock,0,72,2,11,15.0,0,15,20,20,zero,
online_feedback,shock,0,73,0,12,23.0,0,23,17,17,zero,
online_feedback,shock,0,73,1,12,36.0,0,36,17,17,zero,
online_feedback,shock,0,73,2,12,16.0,0,16,20,20,zero,
online_feedback,shock,0,74,0,13,17.0,0,17,17,17,zero,
online_feedback,shock,0,74,1,13,36.0,0,36,17,17,zero,
online_feedback,shock,0,74,2,13,26.0,0,26,20,20,zero,
online_feedback,shock,0,75,0,13,11.0,0,11,17,17,zero,
online_feedback,shock,0,75,1,13,41.0,0,41,17,17,zero,
online_feedback,shock,0,75,2,13,23.0,0,23,20,20,zero,
online_feedback,shock,0,76,0,13,8.0,0,8,17,17,zero,
online_feedback,shock,0,76,1,13,51.0,0,51,17,17,zero,
online_feedback,shock,0,76,2,13,20.0,0,20,19,19,zero,
online_feedback,shock,0,77,0,12,10.0,0,10,17,17,zero,
online_feedback,shock,0,77,1,12,52.0,0,52,17,17,zero,
online_feedback,shock,0,77,2,12,17.0,0,17,19,19,zero,
online_feedback,shock,0,78,0,9,2.0,0,2,17,17,zero,
online_feedback,shock,0,78,1,9,62.0,0,62,17,17,zero,
online_feedback,shock,0,78,2,9,14.0,0,14,19,19,zero,
online_feedback,shock,0,79,0,9,1.0,1,0,17,17,zero,
online_feedback,shock,0,79,1,9,59.0,0,59,17,17,zero,
online_feedback,shock,0,79,2,9,11.0,0,11,19,19,zero,
online_feedback,shock,0,80,0,11,3.0,0,3,2,2,zero,
online_feedback,shock,0,80,1,11,41.0,0,41,17,17,zero,
online_feedback,shock,0,80,2,11,9.0,0,9,19,19,zero,
online_feedback,shock,0,81,0,10,3.0,3,0,2,2,zero,
online_feedback,shock,0,81,1,10,23.0,0,23,1,1,zero,
online_feedback,shock,0,81,2,10,9.0,9,0,20,20,zero,
online_feedback,shock,0,82,0,11,1.0,0,1,2,2,zero,
online_feedback,shock,0,82,1,11,5.0,0,5,0,0,zero,
online_feedback,shock,0,82,2,11,28.0,28,0,1,1,zero,
online_feedback,shock,0,83,0,11,8.0,8,0,1,1,zero,
online_feedback,shock,0,83,1,11,14.0,14,0,0,0,zero,
online_feedback,shock,0,83,2,11,47.0,47,0,0,0,zero,
online_feedback,shock,0,84,0,11,17.0,17,0,1,1,zero,
online_feedback,shock,0,84,1,11,32.0,32,0,4,4,zero,
online_feedback,shock,0,84,2,11,62.0,62,0,0,0,zero,
online_feedback,shock,0,85,0,12,25.0,25,0,16,16,zero,
online_feedback,shock,0,85,1,12,26.0,26,0,0,0,zero,
online_feedback,shock,0,85,2,12,82.0,82,0,0,0,zero,
online_feedback,shock,0,86,0,12,33.0,33,0,8,8,zero,
online_feedback,shock,0,86,1,12,18.0,18,0,18,18,zero,
online_feedback,shock,0,86,2,12,65.0,65,0,0,0,zero,
online_feedback,shock,0,87,0,12,27.0,27,0,16,16,zero,
online_feedback,shock,0,87,1,12,2.0,2,0,10,10,zero,
online_feedback,shock,0,87,2,12,55.0,55,0,0,0,zero,
online_feedback,shock,0,88,0,14,14.0,14,0,8,8,zero,
online_feedback,shock,0,88,1,14,2.0,0,2,16,16,zero,
online_feedback,shock,0,88,2,14,39.0,39,0,0,0,zero,
online_feedback,shock,0,89,0,20,10.0,10,0,17,17,zero,
online_feedback,shock,0,89,1,20,19.0,0,19,10,10,zero,
online_feedback,shock,0,89,2,20,29.0,29,0,17,17,zero,
online_feedback,shock,0,90,0,20,2.0,0,2,13,13,zero,
online_feedback,shock,0,90,1,20,14.0,0,14,16,16,zero,
online_feedback,shock,0,90,2,20,13.0,13,0,19,19,zero,
online_feedback,shock,0,91,0,20,6.0,0,6,13,13,zero,91
online_feedback,shock,0,91,1,20,17.0,0,17,16,16,zero,91
online_feedback,shock,0,91,2,20,3.0,0,3,20,20,zero,91
online_feedback,shock,0,92,0,20,20.0,0,20,13,13,zero,91
online_feedback,shock,0,92,1,20,14.0,0,14,16,16,zero,91
online_feedback,shock,0,92,2,20,19.0,0,19,20,20,zero,91
online_feedback,shock,0,93,0,20,40.0,0,40,13,13,zero,91
online_feedback,shock,0,93,1,20,17.0,0,17,17,17,zero,91
online_feedback,shock,0,93,2,20,19.0,0,19,20,20,zero,91
online_feedback,shock,0,94,0,20,42.0,0,42,13,13,zero,91
online_feedback,shock,0,94,1,20,14.0,0,14,17,17,zero,91
online_feedback,shock,0,94,2,20,17.0,0,17,20,20,zero,91
online_feedback,shock,0,95,0,15,47.0,0,47,17,17,zero,91
online_feedback,shock,0,95,1,15,18.0,0,18,17,17,zero,91
online_feedback,shock,0,95,2,15,14.0,0,14,20,20,zero,91
online_feedback,shock,0,96,0,15,46.0,0,46,17,17,zero,91
online_feedback,shock,0,96,1,15,35.0,0,35,17,17,zero,91
online_feedback,shock,0,96,2,15,11.0,0,11,20,20,zero,91
online_feedback,shock,0,97,0,15,51.0,0,51,17,17,zero,91
online_feedback,shock,0,97,1,15,35.0,0,35,17,17,zero,91
online_feedback,shock,0,97,2,15,8.0,0,8,20,20,zero,91
online_feedback,shock,0,98,0,15,50.0,0,50,13,13,zero,91
online_feedback,shock,0,98,1,15,29.0,0,29,17,17,zero,91
online_feedback,shock,0,98,2,15,5.0,0,5,20,20,zero,91
online_feedback,shock,0,99,0,15,52.0,0,52,17,17,zero,91
online_feedback,shock,0,99,1,15,26.0,0,26,17,17,zero,91
online_feedback,shock,0,99,2,15,2.0,0,2,20,20,zero,91
online_feedback,shock,0,100,0,17,69.0,0,69,17,17,zero,91
online_feedback,shock,0,100,1,17,23.0,0,23,17,17,zero,91
online_feedback,shock,0,100,2,17,1.0,1,0,20,20,zero,91
online_feedback,shock,0,101,0,18,70.0,0,70,17,17,zero,91
online_feedback,shock,0,101,1,18,20.0,0,20,17,17,zero,91
online_feedback,shock,0,101,2,18,4.0,4,0,7,7,zero,91
online_feedback,shock,0,102,0,20,71.0,0,71,17,17,zero,91
online_feedback,shock,0,102,1,20,17.0,0,17,17,17,zero,91
online_feedback,shock,0,102,2,20,7.0,7,0,20,20,zero,91
online_feedback,shock,0,103,0,20,71.0,0,71,17,17,zero,91
online_feedback,shock,0,103,1,20,14.0,0,14,17,17,zero,91
online_feedback,shock,0,103,2,20,10.0,10,0,20,20,zero,91
online_feedback,shock,0,104,0,18,69.0,0,69,17,17,zero,91
online_feedback,shock,0,104,1,18,12.0,0,12,17,17,zero,91
online_feedback,shock,0,104,2,18,13.0,13,0,20,20,zero,91
online_feedback,shock,0,105,0,17,66.0,0,66,17,17,zero,91
online_feedback,shock,0,105,1,17,12.0,0,12,17,17,zero,91
online_feedback,shock,0,105,2,17,3.0,3,0,7,7,zero,91
online_feedback,shock,0,106,0,18,64.0,0,64,17,15,event4_revision_0,91
online_feedback,shock,0,106,1,18,10.0,0,10,17,17,event4_revision_0,91
online_feedback,shock,0,106,2,18,6.0,6,0,20,20,event4_revision_0,91
online_feedback,shock,0,107,0,20,64.0,0,64,17,15,event4_revision_0,91
online_feedback,shock,0,107,1,20,8.0,0,8,17,17,event4_revision_0,91
online_feedback,shock,0,107,2,20,9.0,9,0,20,20,event4_revision_0,91
online_feedback,shock,0,108,0,20,65.0,0,65,17,15,event4_revision_0,91
online_feedback,shock,0,108,1,20,6.0,0,6,17,17,event4_revision_0,91
online_feedback,shock,0,108,2,20,12.0,12,0,20,20,event4_revision_0,91
online_feedback,shock,0,109,0,13,61.0,0,61,17,15,event4_revision_0,91
online_feedback,shock,0,109,1,13,4.0,0,4,17,17,event4_revision_0,91
online_feedback,shock,0,109,2,13,2.0,2,0,7,7,event4_revision_0,91
online_feedback,shock,0,110,0,13,57.0,0,57,17,15,event4_revision_0,91
online_feedback,shock,0,110,1,13,2.0,0,2,17,17,event4_revision_0,91
online_feedback,shock,0,110,2,13,5.0,5,0,20,20,event4_revision_0,91
online_feedback,shock,0,111,0,12,52.0,0,52,17,17,event4_initial_1,91
online_feedback,shock,0,111,1,12,2.0,0,2,17,19,event4_initial_1,91
online_feedback,shock,0,111,2,12,6.0,6,0,20,20,event4_initial_1,91
online_feedback,shock,0,112,0,13,48.0,0,48,17,17,event4_initial_1,91
online_feedback,shock,0,112,1,13,2.0,0,2,17,17,event4_initial_1,91
online_feedback,shock,0,112,2,13,9.0,9,0,20,20,event4_initial_1,91
online_feedback,shock,0,113,0,13,44.0,0,44,17,17,event4_initial_1,91
online_feedback,shock,0,113,1,13,2.0,0,2,17,17,event4_initial_1,91
online_feedback,shock,0,113,2,13,1.0,0,1,7,7,event4_initial_1,91
online_feedback,shock,0,114,0,10,37.0,0,37,17,17,event4_initial_1,91
online_feedback,shock,0,114,1,10,2.0,0,2,17,17,event4_initial_1,91
online_feedback,shock,0,114,2,10,2.0,2,0,20,20,event4_initial_1,91
online_feedback,shock,0,115,0,11,31.0,0,31,17,17,event4_initial_1,91
online_feedback,shock,0,115,1,11,-0.0,0,0,17,17,event4_initial_1,91
online_feedback,shock,0,115,2,11,5.0,5,0,20,20,event4_initial_1,91
online_feedback,shock,0,116,0,10,24.0,0,24,17,17,zero,91
online_feedback,shock,0,116,1,10,-0.0,0,0,17,17,zero,91
online_feedback,shock,0,116,2,10,8.0,8,0,20,20,zero,91
online_feedback,shock,0,117,0,9,16.0,0,16,17,17,zero,91
online_feedback,shock,0,117,1,9,1.0,0,1,17,17,zero,91
online_feedback,shock,0,117,2,9,2.0,0,2,7,7,zero,91
online_feedback,shock,0,118,0,9,8.0,0,8,2,2,zero,91
online_feedback,shock,0,118,1,9,15.0,15,0,17,17,zero,91
online_feedback,shock,0,118,2,9,1.0,1,0,20,20,zero,91
online_feedback,shock,0,119,0,10,1.0,1,0,17,17,zero,91
online_feedback,shock,0,119,1,10,15.0,15,0,0,0,zero,91
online_feedback,shock,0,119,2,10,21.0,21,0,20,20,zero,91
online_feedback,shock,0,120,0,10,8.0,8,0,2,2,zero,91
online_feedback,shock,0,120,1,10,30.0,30,0,1,1,zero,91
online_feedback,shock,0,120,2,10,40.0,40,0,0,0,zero,91
online_feedback,shock,0,121,0,10,14.0,14,0,16,16,zero,91
online_feedback,shock,0,121,1,10,29.0,29,0,6,6,zero,91
online_feedback,shock,0,121,2,10,41.0,41,0,0,0,zero,91
online_feedback,shock,0,122,0,10,7.0,7,0,2,2,zero,91
online_feedback,shock,0,122,1,10,46.0,46,0,10,10,zero,91
online_feedback,shock,0,122,2,10,51.0,51,0,0,0,zero,91
online_feedback,shock,0,123,0,10,14.0,14,0,8,8,zero,91
online_feedback,shock,0,123,1,10,38.0,38,0,2,2,zero,91
online_feedback,shock,0,123,2,10,69.0,69,0,0,0,zero,91
online_feedback,shock,0,124,0,12,4.0,4,0,8,8,zero,91
online_feedback,shock,0,124,1,12,31.0,31,0,2,2,zero,91
online_feedback,shock,0,124,2,12,67.0,67,0,0,0,zero,91
online_feedback,shock,0,125,0,12,8.0,8,0,8,8,zero,91
online_feedback,shock,0,125,1,12,29.0,29,0,10,10,zero,91
online_feedback,shock,0,125,2,12,57.0,57,0,0,0,zero,91
online_feedback,shock,0,126,0,14,4.0,0,4,13,13,zero,91
online_feedback,shock,0,126,1,14,26.0,26,0,10,10,zero,91
online_feedback,shock,0,126,2,14,47.0,47,0,0,0,zero,91
online_feedback,shock,0,127,0,13,9.0,0,9,13,13,zero,91
online_feedback,shock,0,127,1,13,15.0,15,0,10,10,zero,91
online_feedback,shock,0,127,2,13,37.0,37,0,0,0,zero,91
online_feedback,shock,0,128,0,14,15.0,0,15,13,13,zero,91
online_feedback,shock,0,128,1,14,4.0,4,0,16,16,zero,91
online_feedback,shock,0,128,2,14,21.0,21,0,4,4,zero,91
online_feedback,shock,0,129,0,13,20.0,0,20,17,17,zero,91
online_feedback,shock,0,129,1,13,3.0,0,3,16,16,zero,91
online_feedback,shock,0,129,2,13,5.0,5,0,20,20,zero,91
online_feedback,shock,0,130,0,14,21.0,0,21,17,17,zero,91
online_feedback,shock,0,130,1,14,10.0,0,10,16,16,zero,91
online_feedback,shock,0,130,2,14,11.0,0,11,20,20,zero,91
online_feedback,shock,0,131,0,14,22.0,0,22,17,17,zero,91
online_feedback,shock,0,131,1,14,17.0,0,17,16,16,zero,91
online_feedback,shock,0,131,2,14,27.0,0,27,20,20,zero,91
online_feedback,shock,0,132,0,12,21.0,0,21,17,17,zero,91
online_feedback,shock,0,132,1,12,18.0,0,18,16,16,zero,91
online_feedback,shock,0,132,2,12,39.0,0,39,19,19,zero,91
online_feedback,shock,0,133,0,12,19.0,0,19,17,17,zero,91
online_feedback,shock,0,133,1,12,19.0,0,19,16,16,zero,91
online_feedback,shock,0,133,2,12,35.0,0,35,19,19,zero,91
online_feedback,shock,0,134,0,12,21.0,0,21,17,17,zero,91
online_feedback,shock,0,134,1,12,31.0,0,31,16,16,zero,91
online_feedback,shock,0,134,2,12,31.0,0,31,19,19,zero,91
online_feedback,shock,0,135,0,14,25.0,0,25,17,17,zero,91
online_feedback,shock,0,135,1,14,48.0,0,48,16,16,zero,91
online_feedback,shock,0,135,2,14,27.0,0,27,19,19,zero,91
online_feedback,shock,0,136,0,13,22.0,0,22,17,17,event4_initial_1,91
online_feedback,shock,0,136,1,13,61.0,0,61,12,14,event4_initial_1,91
online_feedback,shock,0,136,2,13,22.0,0,22,19,20,event4_initial_1,91
online_feedback,shock,0,137,0,14,20.0,0,20,13,13,event4_initial_1,91
online_feedback,shock,0,137,1,14,54.0,0,54,17,19,event4_initial_1,91
online_feedback,shock,0,137,2,14,22.0,0,22,19,20,event4_initial_1,91
online_feedback,shock,0,138,0,15,30.0,0,30,13,13,event4_initial_1,91
online_feedback,shock,0,138,1,15,47.0,0,47,17,19,event4_initial_1,91
online_feedback,shock,0,138,2,15,22.0,0,22,19,20,event4_initial_1,91
online_feedback,shock,0,139,0,18,48.0,0,48,17,17,event4_initial_1,91
online_feedback,shock,0,139,1,18,44.0,0,44,17,19,event4_initial_1,91
online_feedback,shock,0,139,2,18,22.0,0,22,19,20,event4_initial_1,91
online_feedback,shock,0,140,0,20,64.0,0,64,17,17,event4_initial_1,91
online_feedback,shock,0,140,1,20,42.0,0,42,17,19,event4_initial_1,91
online_feedback,shock,0,140,2,20,21.0,0,21,19,20,event4_initial_1,91
online_feedback,shock,0,141,0,20,64.0,0,64,17,17,zero,91
online_feedback,shock,0,141,1,20,40.0,0,40,17,17,zero,91
online_feedback,shock,0,141,2,20,18.0,0,18,19,19,zero,91
online_feedback,shock,0,142,0,20,64.0,0,64,17,17,zero,91
online_feedback,shock,0,142,1,20,38.0,0,38,17,17,zero,91
online_feedback,shock,0,142,2,20,15.0,0,15,19,19,zero,91
online_feedback,shock,0,143,0,20,64.0,0,64,17,17,zero,91
online_feedback,shock,0,143,1,20,36.0,0,36,17,17,zero,91
online_feedback,shock,0,143,2,20,12.0,0,12,19,19,zero,91
online_feedback,shock,0,144,0,20,65.0,0,65,17,17,zero,91
online_feedback,shock,0,144,1,20,33.0,0,33,17,17,zero,91
online_feedback,shock,0,144,2,20,9.0,0,9,19,19,zero,91
online_feedback,shock,0,145,0,20,66.0,0,66,17,17,zero,91
online_feedback,shock,0,145,1,20,30.0,0,30,17,17,zero,91
online_feedback,shock,0,145,2,20,7.0,0,7,19,19,zero,91
online_feedback,shock,0,146,0,20,67.0,0,67,17,17,event4_initial_1,91
online_feedback,shock,0,146,1,20,27.0,0,27,17,19,event4_initial_1,91
online_feedback,shock,0,146,2,20,7.0,0,7,20,20,event4_initial_1,91
online_feedback,shock,0,147,0,19,67.0,0,67,17,17,event4_initial_1,91
online_feedback,shock,0,147,1,19,24.0,0,24,17,19,event4_initial_1,91
online_feedback,shock,0,147,2,19,7.0,0,7,20,20,event4_initial_1,91
online_feedback,shock,0,148,0,19,66.0,0,66,17,17,event4_initial_1,91
online_feedback,shock,0,148,1,19,21.0,0,21,17,19,event4_initial_1,91
online_feedback,shock,0,148,2,19,7.0,0,7,20,20,event4_initial_1,91
online_feedback,shock,0,149,0,18,64.0,0,64,17,17,event4_initial_1,91
online_feedback,shock,0,149,1,18,19.0,0,19,17,19,event4_initial_1,91
online_feedback,shock,0,149,2,18,7.0,0,7,20,20,event4_initial_1,91
online_feedback,shock,0,150,0,20,64.0,0,64,17,17,event4_initial_1,91
online_feedback,shock,0,150,1,20,17.0,0,17,17,19,event4_initial_1,91
online_feedback,shock,0,150,2,20,6.0,0,6,20,20,event4_initial_1,91
online_feedback,shock,0,151,0,20,64.0,0,64,17,17,zero,91
online_feedback,shock,0,151,1,20,15.0,0,15,17,17,zero,91
online_feedback,shock,0,151,2,20,3.0,0,3,20,20,zero,91
online_feedback,shock,0,152,0,20,64.0,0,64,17,17,zero,91
online_feedback,shock,0,152,1,20,13.0,0,13,17,17,zero,91
online_feedback,shock,0,152,2,20,-0.0,0,0,20,20,zero,91
online_feedback,shock,0,153,0,20,65.0,0,65,17,17,zero,91
online_feedback,shock,0,153,1,20,11.0,0,11,17,17,zero,91
online_feedback,shock,0,153,2,20,3.0,3,0,7,7,zero,91
online_feedback,shock,0,154,0,20,66.0,0,66,17,17,zero,91
online_feedback,shock,0,154,1,20,8.0,0,8,17,17,zero,91
online_feedback,shock,0,154,2,20,6.0,6,0,20,20,zero,91
online_feedback,shock,0,155,0,20,67.0,0,67,17,17,zero,91
online_feedback,shock,0,155,1,20,5.0,0,5,17,17,zero,91
online_feedback,shock,0,155,2,20,9.0,9,0,20,20,zero,91
online_feedback,shock,0,156,0,20,68.0,0,68,17,17,zero,91
online_feedback,shock,0,156,1,20,2.0,0,2,17,17,zero,91
online_feedback,shock,0,156,2,20,12.0,12,0,20,20,zero,91
online_feedback,shock,0,157,0,20,69.0,0,69,17,17,zero,91
online_feedback,shock,0,157,1,20,2.0,0,2,17,17,zero,91
online_feedback,shock,0,157,2,20,2.0,2,0,7,7,zero,91
online_feedback,shock,0,158,0,20,69.0,0,69,17,17,zero,91
online_feedback,shock,0,158,1,20,2.0,0,2,17,17,zero,91
online_feedback,shock,0,158,2,20,5.0,5,0,20,20,zero,91
online_feedback,shock,0,159,0,20,69.0,0,69,17,17,zero,91
online_feedback,shock,0,159,1,20,2.0,0,2,17,17,zero,91
online_feedback,shock,0,159,2,20,8.0,8,0,20,20,zero,91
online_feedback,shock,0,160,0,20,69.0,0,69,17,17,zero,91
online_feedback,shock,0,160,1,20,2.0,0,2,17,17,zero,91
online_feedback,shock,0,160,2,20,11.0,11,0,20,20,zero,91
online_feedback,shock,0,161,0,20,72.0,0,72,17,17,zero,91
online_feedback,shock,0,161,1,20,2.0,0,2,17,17,zero,91
online_feedback,shock,0,161,2,20,1.0,1,0,7,7,zero,91
online_feedback,shock,0,162,0,19,74.0,0,74,17,17,zero,91
online_feedback,shock,0,162,1,19,2.0,0,2,17,17,zero,91
online_feedback,shock,0,162,2,19,4.0,4,0,20,20,zero,91
online_feedback,shock,0,163,0,18,75.0,0,75,17,17,zero,91
online_feedback,shock,0,163,1,18,2.0,0,2,17,17,zero,91
online_feedback,shock,0,163,2,18,7.0,7,0,20,20,zero,91
online_feedback,shock,0,164,0,19,77.0,0,77,17,17,zero,91
online_feedback,shock,0,164,1,19,2.0,0,2,17,17,zero,91
online_feedback,shock,0,164,2,19,10.0,10,0,20,20,zero,91
online_feedback,shock,0,165,0,20,80.0,0,80,17,17,zero,91
online_feedback,shock,0,165,1,20,2.0,0,2,17,17,zero,91
online_feedback,shock,0,165,2,20,-0.0,0,0,7,7,zero,91
online_feedback,shock,0,166,0,19,82.0,0,82,17,17,zero,91
online_feedback,shock,0,166,1,19,2.0,0,2,17,17,zero,91
online_feedback,shock,0,166,2,19,3.0,3,0,20,20,zero,91
online_feedback,shock,0,167,0,19,84.0,0,84,17,17,zero,91
online_feedback,shock,0,167,1,19,2.0,0,2,17,17,zero,91
online_feedback,shock,0,167,2,19,6.0,6,0,20,20,zero,91
online_feedback,shock,0,168,0,20,87.0,0,87,17,17,zero,91
online_feedback,shock,0,168,1,20,2.0,0,2,17,17,zero,91
online_feedback,shock,0,168,2,20,9.0,9,0,20,20,zero,91
online_feedback,shock,0,169,0,20,90.0,0,90,17,17,zero,91
online_feedback,shock,0,169,1,20,2.0,0,2,17,17,zero,91
online_feedback,shock,0,169,2,20,1.0,0,1,7,7,zero,91
online_feedback,shock,0,170,0,20,93.0,0,93,17,17,zero,91
online_feedback,shock,0,170,1,20,2.0,0,2,17,17,zero,91
online_feedback,shock,0,170,2,20,2.0,2,0,20,20,zero,91
online_feedback,shock,0,171,0,20,96.0,0,96,17,17,zero,91
online_feedback,shock,0,171,1,20,2.0,0,2,17,17,zero,91
online_feedback,shock,0,171,2,20,5.0,5,0,20,20,zero,91
online_feedback,shock,0,172,0,20,99.0,0,99,17,17,zero,91
online_feedback,shock,0,172,1,20,2.0,0,2,17,17,zero,91
online_feedback,shock,0,172,2,20,8.0,8,0,20,20,zero,91
online_feedback,shock,0,173,0,20,102.0,0,102,17,17,zero,91
online_feedback,shock,0,173,1,20,3.0,0,3,17,17,zero,91
online_feedback,shock,0,173,2,20,2.0,0,2,7,7,zero,91
online_feedback,shock,0,174,0,20,105.0,0,105,17,17,zero,91
online_feedback,shock,0,174,1,20,2.0,0,2,17,17,zero,91
online_feedback,shock,0,174,2,20,1.0,1,0,20,20,zero,91
online_feedback,shock,0,175,0,20,108.0,0,108,17,17,zero,91
online_feedback,shock,0,175,1,20,2.0,0,2,17,17,zero,91
online_feedback,shock,0,175,2,20,4.0,4,0,20,20,zero,91
online_feedback,shock,0,176,0,20,111.0,0,111,17,17,zero,91
online_feedback,shock,0,176,1,20,2.0,0,2,17,17,zero,91
online_feedback,shock,0,176,2,20,7.0,7,0,20,20,zero,91
online_feedback,shock,0,177,0,20,115.0,0,115,17,17,zero,91
online_feedback,shock,0,177,1,20,4.0,0,4,17,17,zero,91
online_feedback,shock,0,177,2,20,3.0,0,3,7,7,zero,91
online_feedback,shock,0,178,0,20,117.0,0,117,17,17,zero,91
online_feedback,shock,0,178,1,20,2.0,0,2,17,17,zero,91
online_feedback,shock,0,178,2,20,-0.0,0,0,20,20,zero,91
online_feedback,shock,0,179,0,20,120.0,0,120,17,17,zero,91
online_feedback,shock,0,179,1,20,2.0,0,2,17,17,zero,91
online_feedback,shock,0,179,2,20,3.0,3,0,20,20,zero,91
online_feedback,shock,0,180,0,20,123.0,0,123,17,17,zero,91
online_feedback,shock,0,180,1,20,2.0,0,2,17,17,zero,91
online_feedback,shock,0,180,2,20,6.0,6,0,20,20,zero,91
online_feedback,shock,0,181,0,20,128.0,0,128,17,17,zero,91
online_feedback,shock,0,181,1,20,5.0,0,5,17,17,zero,91
online_feedback,shock,0,181,2,20,4.0,0,4,7,7,zero,91
online_feedback,shock,0,182,0,20,129.0,0,129,17,17,zero,91
online_feedback,shock,0,182,1,20,2.0,0,2,17,17,zero,91
online_feedback,shock,0,182,2,20,1.0,0,1,20,20,zero,91
online_feedback,shock,0,183,0,17,129.0,0,129,17,17,zero,91
online_feedback,shock,0,183,1,17,2.0,0,2,17,17,zero,91
online_feedback,shock,0,183,2,17,2.0,2,0,20,20,zero,91
online_feedback,shock,0,184,0,16,128.0,0,128,17,17,zero,91
online_feedback,shock,0,184,1,16,2.0,0,2,17,17,zero,91
online_feedback,shock,0,184,2,16,5.0,5,0,20,20,zero,91
online_feedback,shock,0,185,0,16,130.0,0,130,17,17,zero,91
online_feedback,shock,0,185,1,16,6.0,0,6,17,17,zero,91
online_feedback,shock,0,185,2,16,5.0,0,5,7,7,zero,91
online_feedback,shock,0,186,0,17,127.0,0,127,17,17,zero,91
online_feedback,shock,0,186,1,17,3.0,0,3,17,17,zero,91
online_feedback,shock,0,186,2,17,2.0,0,2,20,20,zero,91
online_feedback,shock,0,187,0,18,128.0,0,128,17,17,zero,91
online_feedback,shock,0,187,1,18,2.0,0,2,17,17,zero,91
online_feedback,shock,0,187,2,18,1.0,1,0,20,20,zero,91
online_feedback,shock,0,188,0,20,131.0,0,131,17,17,zero,91
online_feedback,shock,0,188,1,20,2.0,0,2,17,17,zero,91
online_feedback,shock,0,188,2,20,4.0,4,0,20,20,zero,91
online_feedback,shock,0,189,0,17,135.0,0,135,17,17,zero,91
online_feedback,shock,0,189,1,17,7.0,0,7,17,17,zero,91
online_feedback,shock,0,189,2,17,6.0,0,6,16,16,zero,91
online_feedback,shock,0,190,0,17,132.0,0,132,17,17,zero,91
online_feedback,shock,0,190,1,17,4.0,0,4,17,17,zero,91
online_feedback,shock,0,190,2,17,3.0,0,3,20,20,zero,91
online_feedback,shock,0,191,0,16,130.0,0,130,17,17,zero,91
online_feedback,shock,0,191,1,16,2.0,0,2,17,17,zero,91
online_feedback,shock,0,191,2,16,-0.0,0,0,20,20,zero,91
online_feedback,shock,0,192,0,17,130.0,0,130,17,17,zero,91
online_feedback,shock,0,192,1,17,2.0,0,2,17,17,zero,91
online_feedback,shock,0,192,2,17,3.0,3,0,20,20,zero,91
online_feedback,shock,0,193,0,17,135.0,0,135,17,17,zero,91
online_feedback,shock,0,193,1,17,8.0,0,8,17,17,zero,91
online_feedback,shock,0,193,2,17,2.0,2,0,7,7,zero,91
online_feedback,shock,0,194,0,20,135.0,0,135,17,17,zero,91
online_feedback,shock,0,194,1,20,5.0,0,5,17,17,zero,91
online_feedback,shock,0,194,2,20,5.0,5,0,20,20,zero,91
online_feedback,shock,0,195,0,20,136.0,0,136,17,17,zero,91
online_feedback,shock,0,195,1,20,2.0,0,2,17,17,zero,91
online_feedback,shock,0,195,2,20,8.0,8,0,20,20,zero,91
online_feedback,shock,0,196,0,20,139.0,0,139,17,17,zero,91
online_feedback,shock,0,196,1,20,2.0,0,2,17,17,zero,91
online_feedback,shock,0,196,2,20,11.0,11,0,20,20,zero,91
online_feedback,shock,0,197,0,20,148.0,0,148,17,17,zero,91
online_feedback,shock,0,197,1,20,2.0,0,2,17,17,zero,91
online_feedback,shock,0,197,2,20,1.0,1,0,7,7,zero,91
online_feedback,shock,0,198,0,20,148.0,0,148,17,17,zero,91
online_feedback,shock,0,198,1,20,2.0,0,2,17,17,zero,91
online_feedback,shock,0,198,2,20,4.0,4,0,20,20,zero,91
online_feedback,shock,0,199,0,20,148.0,0,148,17,17,zero,91
online_feedback,shock,0,199,1,20,2.0,0,2,17,17,zero,91
online_feedback,shock,0,199,2,20,7.0,7,0,20,20,zero,91
online_feedback,shock,0,200,0,20,151.0,0,151,17,17,zero,91
online_feedback,shock,0,200,1,20,2.0,0,2,17,17,zero,91
online_feedback,shock,0,200,2,20,10.0,10,0,20,20,zero,91
online_feedback,shock,1,1,0,10,10.0,10,0,17,17,zero,
online_feedback,shock,1,1,1,10,3.0,3,0,2,2,zero,
online_feedback,shock,1,1,2,10,18.0,18,0,0,0,zero,
online_feedback,shock,1,2,0,12,8.0,8,0,2,2,zero,
online_feedback,shock,1,2,1,12,11.0,11,0,16,16,zero,
online_feedback,shock,1,2,2,12,12.0,12,0,0,0,zero,
online_feedback,shock,1,3,0,12,6.0,6,0,17,17,zero,
online_feedback,shock,1,3,1,12,4.0,4,0,2,2,zero,
online_feedback,shock,1,3,2,12,20.0,20,0,20,20,zero,
online_feedback,shock,1,4,0,12,4.0,4,0,2,2,zero,
online_feedback,shock,1,4,1,12,12.0,12,0,10,10,zero,
online_feedback,shock,1,4,2,12,20.0,20,0,1,1,zero,
online_feedback,shock,1,5,0,10,11.0,11,0,16,16,zero,
online_feedback,shock,1,5,1,10,2.0,0,2,10,10,zero,
online_feedback,shock,1,5,2,10,10.0,10,0,7,7,zero,
online_feedback,shock,1,6,0,10,3.0,3,0,2,2,zero,
online_feedback,shock,1,6,1,10,12.0,12,0,10,10,zero,
online_feedback,shock,1,6,2,10,-0.0,0,0,7,7,zero,
online_feedback,shock,1,7,0,11,9.0,9,0,8,8,zero,
online_feedback,shock,1,7,1,11,6.0,6,0,3,3,zero,
online_feedback,shock,1,7,2,11,17.0,17,0,20,20,zero,
online_feedback,shock,1,8,0,11,-0.0,0,0,8,8,zero,
online_feedback,shock,1,8,1,11,8.0,8,0,10,10,zero,
online_feedback,shock,1,8,2,11,8.0,8,0,1,1,zero,
online_feedback,shock,1,9,0,10,4.0,4,0,8,8,zero,
online_feedback,shock,1,9,1,10,10.0,10,0,10,10,zero,
online_feedback,shock,1,9,2,10,5.0,5,0,0,0,zero,
online_feedback,shock,1,10,0,9,1.0,0,1,13,13,zero,
online_feedback,shock,1,10,1,9,7.0,7,0,10,10,zero,
online_feedback,shock,1,10,2,9,2.0,2,0,20,20,zero,
online_feedback,shock,1,11,0,9,2.0,0,2,13,13,zero,
online_feedback,shock,1,11,1,9,3.0,0,3,16,16,zero,
online_feedback,shock,1,11,2,9,6.0,6,0,20,20,zero,
online_feedback,shock,1,12,0,12,6.0,0,6,13,13,zero,
online_feedback,shock,1,12,1,12,6.0,0,6,16,16,zero,
online_feedback,shock,1,12,2,12,9.0,0,9,20,20,zero,
online_feedback,shock,1,13,0,11,9.0,0,9,13,13,zero,
online_feedback,shock,1,13,1,11,9.0,0,9,16,16,zero,
online_feedback,shock,1,13,2,11,25.0,0,25,20,20,zero,
online_feedback,shock,1,14,0,11,7.0,0,7,17,17,zero,
online_feedback,shock,1,14,1,11,16.0,0,16,16,16,zero,
online_feedback,shock,1,14,2,11,21.0,0,21,20,20,zero,
online_feedback,shock,1,15,0,11,8.0,0,8,17,17,zero,
online_feedback,shock,1,15,1,11,17.0,0,17,16,16,zero,
online_feedback,shock,1,15,2,11,17.0,0,17,20,20,zero,
online_feedback,shock,1,16,0,11,9.0,0,9,13,13,zero,
online_feedback,shock,1,16,1,11,23.0,0,23,16,16,zero,
online_feedback,shock,1,16,2,11,13.0,0,13,20,20,zero,
online_feedback,shock,1,17,0,11,10.0,0,10,17,17,zero,
online_feedback,shock,1,17,1,11,40.0,0,40,16,16,zero,
online_feedback,shock,1,17,2,11,9.0,0,9,20,20,zero,
online_feedback,shock,1,18,0,12,12.0,0,12,13,13,zero,
online_feedback,shock,1,18,1,12,33.0,0,33,16,16,zero,
online_feedback,shock,1,18,2,12,5.0,0,5,20,20,zero,
online_feedback,shock,1,19,0,12,8.0,0,8,8,8,zero,
online_feedback,shock,1,19,1,12,21.0,0,21,17,17,zero,
online_feedback,shock,1,19,2,12,2.0,0,2,16,16,zero,
online_feedback,shock,1,20,0,11,12.0,0,12,8,8,zero,
online_feedback,shock,1,20,1,11,9.0,0,9,4,4,zero,
online_feedback,shock,1,20,2,11,14.0,14,0,20,20,zero,
online_feedback,shock,1,21,0,12,24.0,0,24,2,2,zero,
online_feedback,shock,1,21,1,12,9.0,9,0,4,4,zero,
online_feedback,shock,1,21,2,12,30.0,30,0,0,0,zero,
online_feedback,shock,1,22,0,13,17.0,0,17,17,17,zero,
online_feedback,shock,1,22,1,13,12.0,12,0,4,4,zero,
online_feedback,shock,1,22,2,13,46.0,46,0,0,0,zero,
online_feedback,shock,1,23,0,12,9.0,0,9,17,17,zero,
online_feedback,shock,1,23,1,12,15.0,15,0,17,17,zero,
online_feedback,shock,1,23,2,12,45.0,45,0,0,0,zero,
online_feedback,shock,1,24,0,12,1.0,0,1,17,17,zero,
online_feedback,shock,1,24,1,12,4.0,4,0,17,17,zero,
online_feedback,shock,1,24,2,12,48.0,48,0,7,7,zero,
online_feedback,shock,1,25,0,11,1.0,0,1,2,2,zero,
online_feedback,shock,1,25,1,11,6.0,6,0,17,17,zero,
online_feedback,shock,1,25,2,11,31.0,31,0,20,20,zero,
online_feedback,shock,1,26,0,10,6.0,6,0,16,16,zero,
online_feedback,shock,1,26,1,10,6.0,0,6,6,6,zero,
online_feedback,shock,1,26,2,10,25.0,25,0,20,20,zero,
online_feedback,shock,1,27,0,10,13.0,13,0,8,8,zero,
online_feedback,shock,1,27,1,10,3.0,3,0,16,16,zero,
online_feedback,shock,1,27,2,10,9.0,9,0,7,7,zero,
online_feedback,shock,1,28,0,9,21.0,21,0,2,2,zero,
online_feedback,shock,1,28,1,9,18.0,18,0,6,6,zero,
online_feedback,shock,1,28,2,9,10.0,10,0,7,7,zero,
online_feedback,shock,1,29,0,10,13.0,13,0,16,16,zero,
online_feedback,shock,1,29,1,10,19.0,19,0,0,0,zero,
online_feedback,shock,1,29,2,10,30.0,30,0,0,0,zero,
online_feedback,shock,1,30,0,9,14.0,14,0,2,2,zero,
online_feedback,shock,1,30,1,9,23.0,23,0,16,16,zero,
online_feedback,shock,1,30,2,9,34.0,34,0,0,0,zero,
online_feedback,shock,1,31,0,10,18.0,18,0,16,16,zero,
online_feedback,shock,1,31,1,10,23.0,23,0,2,2,zero,
online_feedback,shock,1,31,2,10,39.0,39,0,16,16,zero,
online_feedback,shock,1,32,0,10,10.0,10,0,2,2,zero,
online_feedback,shock,1,32,1,10,27.0,27,0,10,10,zero,
online_feedback,shock,1,32,2,10,36.0,36,0,0,0,zero,
online_feedback,shock,1,33,0,9,17.0,17,0,8,8,zero,
online_feedback,shock,1,33,1,9,19.0,19,0,10,10,zero,
online_feedback,shock,1,33,2,9,26.0,26,0,0,0,zero,
online_feedback,shock,1,34,0,9,10.0,10,0,5,5,zero,
online_feedback,shock,1,34,1,9,30.0,30,0,3,3,zero,
online_feedback,shock,1,34,2,9,23.0,23,0,7,7,zero,
online_feedback,shock,1,35,0,9,17.0,17,0,8,8,zero,
online_feedback,shock,1,35,1,9,24.0,24,0,3,3,zero,
online_feedback,shock,1,35,2,9,36.0,36,0,0,0,zero,
online_feedback,shock,1,36,0,8,11.0,11,0,8,8,zero,
online_feedback,shock,1,36,1,8,26.0,26,0,2,2,zero,
online_feedback,shock,1,36,2,8,34.0,34,0,0,0,zero,
online_feedback,shock,1,37,0,8,11.0,11,0,13,13,zero,
online_feedback,shock,1,37,1,8,23.0,23,0,10,10,zero,
online_feedback,shock,1,37,2,8,24.0,24,0,0,0,zero,
online_feedback,shock,1,38,0,8,8.0,8,0,2,2,zero,
online_feedback,shock,1,38,1,8,24.0,24,0,10,10,zero,
online_feedback,shock,1,38,2,8,21.0,21,0,17,17,zero,
online_feedback,shock,1,39,0,8,8.0,8,0,16,16,zero,
online_feedback,shock,1,39,1,8,11.0,11,0,2,2,zero,
online_feedback,shock,1,39,2,8,19.0,19,0,19,19,zero,
online_feedback,shock,1,40,0,7,9.0,9,0,2,2,zero,
online_feedback,shock,1,40,1,7,11.0,11,0,16,16,zero,
online_feedback,shock,1,40,2,7,3.0,3,0,0,0,zero,
online_feedback,shock,1,41,0,8,14.0,14,0,1,1,zero,
online_feedback,shock,1,41,1,8,20.0,20,0,2,2,zero,
online_feedback,shock,1,41,2,8,1.0,1,0,0,0,zero,
online_feedback,shock,1,42,0,7,9.0,9,0,8,8,zero,
online_feedback,shock,1,42,1,7,22.0,22,0,0,0,zero,
online_feedback,shock,1,42,2,7,18.0,18,0,0,0,zero,
online_feedback,shock,1,43,0,7,18.0,18,0,8,8,zero,
online_feedback,shock,1,43,1,7,16.0,16,0,2,2,zero,
online_feedback,shock,1,43,2,7,35.0,35,0,0,0,zero,
online_feedback,shock,1,44,0,7,13.0,13,0,8,8,zero,
online_feedback,shock,1,44,1,7,24.0,24,0,10,10,zero,
online_feedback,shock,1,44,2,7,25.0,25,0,0,0,zero,
online_feedback,shock,1,45,0,7,7.0,7,0,8,8,zero,
online_feedback,shock,1,45,1,7,18.0,18,0,10,10,zero,
online_feedback,shock,1,45,2,7,15.0,15,0,1,1,zero,
online_feedback,shock,1,46,0,8,7.0,7,0,5,5,zero,
online_feedback,shock,1,46,1,8,13.0,13,0,10,10,zero,
online_feedback,shock,1,46,2,8,5.0,5,0,19,19,zero,
online_feedback,shock,1,47,0,8,7.0,7,0,17,17,zero,
online_feedback,shock,1,47,1,8,2.0,0,2,3,3,zero,
online_feedback,shock,1,47,2,8,2.0,2,0,19,19,zero,
online_feedback,shock,1,48,0,7,8.0,8,0,2,2,zero,
online_feedback,shock,1,48,1,7,6.0,6,0,16,16,zero,
online_feedback,shock,1,48,2,7,14.0,0,14,1,1,zero,
online_feedback,shock,1,49,0,8,8.0,8,0,1,1,zero,
online_feedback,shock,1,49,1,8,15.0,15,0,16,16,zero,
online_feedback,shock,1,49,2,8,29.0,0,29,16,16,zero,
online_feedback,shock,1,50,0,7,6.0,6,0,8,8,zero,
online_feedback,shock,1,50,1,7,17.0,17,0,3,3,zero,
online_feedback,shock,1,50,2,7,13.0,0,13,19,19,zero,
online_feedback,shock,1,51,0,8,13.0,13,0,8,8,zero,
online_feedback,shock,1,51,1,8,12.0,12,0,3,3,zero,
online_feedback,shock,1,51,2,8,3.0,3,0,1,1,zero,
online_feedback,shock,1,52,0,7,10.0,10,0,13,13,zero,
online_feedback,shock,1,52,1,7,1.0,1,0,0,0,zero,
online_feedback,shock,1,52,2,7,4.0,4,0,0,0,zero,
online_feedback,shock,1,53,0,7,4.0,4,0,5,5,zero,
online_feedback,shock,1,53,1,7,3.0,0,3,10,10,zero,
online_feedback,shock,1,53,2,7,10.0,10,0,0,0,zero,
online_feedback,shock,1,54,0,7,5.0,5,0,8,8,zero,
online_feedback,shock,1,54,1,7,8.0,8,0,16,16,zero,
online_feedback,shock,1,54,2,7,13.0,13,0,0,0,zero,
online_feedback,shock,1,55,0,6,7.0,7,0,2,2,zero,
online_feedback,shock,1,55,1,6,22.0,22,0,10,10,zero,
online_feedback,shock,1,55,2,6,4.0,4,0,19,19,zero,
online_feedback,shock,1,56,0,6,14.0,14,0,8,8,zero,
online_feedback,shock,1,56,1,6,14.0,14,0,0,0,zero,
online_feedback,shock,1,56,2,6,4.0,4,0,19,19,zero,
online_feedback,shock,1,57,0,5,11.0,11,0,1,1,zero,
online_feedback,shock,1,57,1,5,23.0,23,0,0,0,zero,
online_feedback,shock,1,57,2,5,4.0,4,0,1,1,zero,
online_feedback,shock,1,58,0,5,17.0,17,0,8,8,zero,
online_feedback,shock,1,58,1,5,31.0,31,0,0,0,zero,
online_feedback,shock,1,58,2,5,4.0,4,0,0,0,zero,
online_feedback,shock,1,59,0,4,15.0,15,0,1,1,zero,
online_feedback,shock,1,59,1,4,40.0,40,0,0,0,zero,
online_feedback,shock,1,59,2,4,23.0,23,0,0,0,zero,
online_feedback,shock,1,60,0,4,19.0,19,0,1,1,zero,
online_feedback,shock,1,60,1,4,39.0,39,0,0,0,zero,
online_feedback,shock,1,60,2,4,42.0,42,0,0,0,zero,
online_feedback,shock,1,61,0,4,16.0,16,0,1,1,zero,
online_feedback,shock,1,61,1,4,38.0,38,0,0,0,zero,
online_feedback,shock,1,61,2,4,43.0,43,0,0,0,zero,
online_feedback,shock,1,62,0,5,19.0,19,0,5,5,zero,
online_feedback,shock,1,62,1,5,33.0,33,0,0,0,zero,
online_feedback,shock,1,62,2,5,43.0,43,0,0,0,zero,
online_feedback,shock,1,63,0,5,15.0,15,0,5,5,zero,
online_feedback,shock,1,63,1,5,28.0,28,0,0,0,zero,
online_feedback,shock,1,63,2,5,43.0,43,0,0,0,zero,
online_feedback,shock,1,64,0,4,12.0,12,0,8,8,zero,
online_feedback,shock,1,64,1,4,20.0,20,0,0,0,zero,
online_feedback,shock,1,64,2,4,43.0,43,0,0,0,zero,
online_feedback,shock,1,65,0,4,9.0,9,0,1,1,zero,
online_feedback,shock,1,65,1,4,19.0,19,0,4,4,zero,
online_feedback,shock,1,65,2,4,39.0,39,0,0,0,zero,
online_feedback,shock,1,66,0,4,10.0,10,0,1,1,zero,
online_feedback,shock,1,66,1,4,18.0,18,0,2,2,zero,
online_feedback,shock,1,66,2,4,37.0,37,0,0,0,zero,
online_feedback,shock,1,67,0,4,11.0,11,0,8,8,zero,
online_feedback,shock,1,67,1,4,10.0,10,0,0,0,zero,
online_feedback,shock,1,67,2,4,37.0,37,0,0,0,zero,
online_feedback,shock,1,68,0,4,15.0,15,0,1,1,zero,
online_feedback,shock,1,68,1,4,9.0,9,0,10,10,zero,
online_feedback,shock,1,68,2,4,27.0,27,0,0,0,zero,
online_feedback,shock,1,69,0,4,12.0,12,0,8,8,zero,
online_feedback,shock,1,69,1,4,5.0,5,0,2,2,zero,
online_feedback,shock,1,69,2,4,25.0,25,0,1,1,zero,
online_feedback,shock,1,70,0,4,9.0,9,0,1,1,zero,
online_feedback,shock,1,70,1,4,6.0,6,0,2,2,zero,
online_feedback,shock,1,70,2,4,23.0,23,0,0,0,zero,
online_feedback,shock,1,71,0,3,14.0,14,0,1,1,zero,
online_feedback,shock,1,71,1,3,5.0,5,0,0,0,zero,
online_feedback,shock,1,71,2,3,23.0,23,0,0,0,zero,
online_feedback,shock,1,72,0,3,12.0,12,0,1,1,zero,
online_feedback,shock,1,72,1,3,14.0,14,0,0,0,zero,
online_feedback,shock,1,72,2,3,23.0,23,0,0,0,zero,
online_feedback,shock,1,73,0,3,17.0,17,0,1,1,zero,
online_feedback,shock,1,73,1,3,15.0,15,0,0,0,zero,
online_feedback,shock,1,73,2,3,24.0,24,0,0,0,zero,
online_feedback,shock,1,74,0,3,15.0,15,0,1,1,zero,
online_feedback,shock,1,74,1,3,16.0,16,0,0,0,zero,
online_feedback,shock,1,74,2,3,24.0,24,0,0,0,zero,
online_feedback,shock,1,75,0,3,13.0,13,0,1,1,zero,
online_feedback,shock,1,75,1,3,15.0,15,0,0,0,zero,
online_feedback,shock,1,75,2,3,24.0,24,0,0,0,zero,
online_feedback,shock,1,76,0,2,12.0,12,0,8,8,zero,
online_feedback,shock,1,76,1,2,7.0,7,0,0,0,zero,
online_feedback,shock,1,76,2,2,24.0,24,0,0,0,zero,
online_feedback,shock,1,77,0,3,10.0,10,0,1,1,zero,
online_feedback,shock,1,77,1,3,6.0,6,0,4,4,zero,
online_feedback,shock,1,77,2,3,20.0,20,0,0,0,zero,
online_feedback,shock,1,78,0,3,8.0,8,0,1,1,zero,
online_feedback,shock,1,78,1,3,5.0,5,0,2,2,zero,
online_feedback,shock,1,78,2,3,18.0,18,0,0,0,zero,
online_feedback,shock,1,79,0,4,5.0,5,0,1,1,zero,
online_feedback,shock,1,79,1,4,4.0,4,0,3,3,zero,
online_feedback,shock,1,79,2,4,15.0,15,0,0,0,zero,
online_feedback,shock,1,80,0,4,9.0,9,0,8,8,zero,
online_feedback,shock,1,80,1,4,4.0,0,4,0,0,zero,
online_feedback,shock,1,80,2,4,15.0,15,0,0,0,zero,
online_feedback,shock,1,81,0,4,6.0,6,0,8,8,zero,81
online_feedback,shock,1,81,1,4,8.0,0,8,16,16,zero,81
online_feedback,shock,1,81,2,4,1.0,0,1,0,0,zero,81
online_feedback,shock,1,82,0,3,4.0,4,0,13,13,zero,81
online_feedback,shock,1,82,1,3,19.0,0,19,16,16,zero,81
online_feedback,shock,1,82,2,3,17.0,0,17,17,17,zero,81
online_feedback,shock,1,83,0,4,1.0,1,0,8,8,zero,81
online_feedback,shock,1,83,1,4,24.0,0,24,16,16,zero,81
online_feedback,shock,1,83,2,4,33.0,0,33,19,19,zero,81
online_feedback,shock,1,84,0,4,1.0,1,0,8,8,zero,81
online_feedback,shock,1,84,1,4,32.0,0,32,16,16,zero,81
online_feedback,shock,1,84,2,4,49.0,0,49,19,19,zero,81
online_feedback,shock,1,85,0,3,2.0,2,0,8,8,zero,81
online_feedback,shock,1,85,1,3,25.0,0,25,16,16,zero,81
online_feedback,shock,1,85,2,3,65.0,0,65,19,19,zero,81
online_feedback,shock,1,86,0,3,1.0,1,0,2,0,event2_revision_0,81
online_feedback,shock,1,86,1,3,25.0,0,25,16,19,event2_revision_0,81
online_feedback,shock,1,86,2,3,67.0,0,67,19,16,event2_revision_0,81
online_feedback,shock,1,87,0,3,1.0,1,0,1,0,event2_revision_0,81
online_feedback,shock,1,87,1,3,25.0,0,25,3,6,event2_revision_0,81
online_feedback,shock,1,87,2,3,54.0,0,54,19,16,event2_revision_0,81
online_feedback,shock,1,88,0,2,1.0,0,1,1,1,event2_revision_0,81
online_feedback,shock,1,88,1,2,26.0,0,26,3,6,event2_revision_0,81
online_feedback,shock,1,88,2,2,41.0,0,41,1,0,event2_revision_0,81
online_feedback,shock,1,89,0,2,12.0,12,0,8,8,event2_revision_0,81
online_feedback,shock,1,89,1,2,34.0,0,34,0,3,event2_revision_0,81
online_feedback,shock,1,89,2,2,25.0,0,25,1,0,event2_revision_0,81
online_feedback,shock,1,90,0,2,10.0,10,0,5,5,event2_revision_0,81
online_feedback,shock,1,90,1,2,22.0,0,22,0,3,event2_revision_0,81
online_feedback,shock,1,90,2,2,12.0,0,12,0,0,event2_revision_0,81
online_feedback,shock,1,91,0,2,8.0,8,0,1,1,zero,81
online_feedback,shock,1,91,1,2,4.0,0,4,0,0,zero,81
online_feedback,shock,1,91,2,2,4.0,4,0,1,1,zero,81
online_feedback,shock,1,92,0,2,6.0,6,0,1,1,zero,81
online_feedback,shock,1,92,1,2,14.0,14,0,0,0,zero,81
online_feedback,shock,1,92,2,2,4.0,4,0,0,0,zero,81
online_feedback,shock,1,93,0,3,3.0,3,0,1,1,zero,81
online_feedback,shock,1,93,1,3,32.0,32,0,0,0,zero,81
online_feedback,shock,1,93,2,3,4.0,4,0,0,0,zero,81
online_feedback,shock,1,94,0,2,18.0,18,0,1,1,zero,81
online_feedback,shock,1,94,1,2,47.0,47,0,0,0,zero,81
online_feedback,shock,1,94,2,2,4.0,4,0,0,0,zero,81
online_feedback,shock,1,95,0,3,34.0,34,0,1,1,zero,81
online_feedback,shock,1,95,1,3,58.0,58,0,0,0,zero,81
online_feedback,shock,1,95,2,3,5.0,5,0,0,0,zero,81
online_feedback,shock,1,96,0,2,37.0,37,0,1,1,zero,81
online_feedback,shock,1,96,1,2,57.0,57,0,0,0,zero,81
online_feedback,shock,1,96,2,2,5.0,5,0,0,0,zero,81
online_feedback,shock,1,97,0,2,36.0,36,0,1,1,zero,81
online_feedback,shock,1,97,1,2,56.0,56,0,0,0,zero,81
online_feedback,shock,1,97,2,2,5.0,5,0,0,0,zero,81
online_feedback,shock,1,98,0,2,35.0,35,0,1,1,zero,81
online_feedback,shock,1,98,1,2,55.0,55,0,0,0,zero,81
online_feedback,shock,1,98,2,2,5.0,5,0,0,0,zero,81
online_feedback,shock,1,99,0,2,34.0,34,0,1,1,zero,81
online_feedback,shock,1,99,1,2,54.0,54,0,0,0,zero,81
online_feedback,shock,1,99,2,2,5.0,5,0,0,0,zero,81
online_feedback,shock,1,100,0,2,33.0,33,0,1,1,zero,81
online_feedback,shock,1,100,1,2,53.0,53,0,0,0,zero,81
online_feedback,shock,1,100,2,2,5.0,5,0,0,0,zero,81
online_feedback,shock,1,101,0,2,32.0,32,0,1,1,zero,81
online_feedback,shock,1,101,1,2,52.0,52,0,0,0,zero,81
online_feedback,shock,1,101,2,2,5.0,5,0,0,0,zero,81
online_feedback,shock,1,102,0,3,30.0,30,0,1,1,zero,81
online_feedback,shock,1,102,1,3,51.0,51,0,0,0,zero,81
online_feedback,shock,1,102,2,3,5.0,5,0,0,0,zero,81
online_feedback,shock,1,103,0,3,28.0,28,0,1,1,zero,81
online_feedback,shock,1,103,1,3,50.0,50,0,0,0,zero,81
online_feedback,shock,1,103,2,3,5.0,5,0,0,0,zero,81
online_feedback,shock,1,104,0,3,26.0,26,0,1,1,zero,81
online_feedback,shock,1,104,1,3,49.0,49,0,0,0,zero,81
online_feedback,shock,1,104,2,3,5.0,5,0,0,0,zero,81
online_feedback,shock,1,105,0,2,25.0,25,0,1,1,zero,81
online_feedback,shock,1,105,1,2,48.0,48,0,0,0,zero,81
online_feedback,shock,1,105,2,2,5.0,5,0,0,0,zero,81
online_feedback,shock,1,106,0,3,23.0,23,0,1,1,zero,81
online_feedback,shock,1,106,1,3,47.0,47,0,0,0,zero,81
online_feedback,shock,1,106,2,3,5.0,5,0,0,0,zero,81
online_feedback,shock,1,107,0,2,22.0,22,0,1,1,zero,81
online_feedback,shock,1,107,1,2,46.0,46,0,0,0,zero,81
online_feedback,shock,1,107,2,2,5.0,5,0,0,0,zero,81
online_feedback,shock,1,108,0,2,21.0,21,0,1,1,zero,81
online_feedback,shock,1,108,1,2,45.0,45,0,0,0,zero,81
online_feedback,shock,1,108,2,2,5.0,5,0,0,0,zero,81
online_feedback,shock,1,109,0,2,20.0,20,0,1,1,zero,81
online_feedback,shock,1,109,1,2,44.0,44,0,0,0,zero,81
online_feedback,shock,1,109,2,2,5.0,5,0,0,0,zero,81
online_feedback,shock,1,110,0,2,19.0,19,0,1,1,zero,81
online_feedback,shock,1,110,1,2,43.0,43,0,0,0,zero,81
online_feedback,shock,1,110,2,2,5.0,5,0,0,0,zero,81
online_feedback,shock,1,111,0,2,18.0,18,0,1,1,zero,81
online_feedback,shock,1,111,1,2,42.0,42,0,0,0,zero,81
online_feedback,shock,1,111,2,2,5.0,5,0,0,0,zero,81
online_feedback,shock,1,112,0,2,17.0,17,0,1,1,zero,81
online_feedback,shock,1,112,1,2,41.0,41,0,0,0,zero,81
online_feedback,shock,1,112,2,2,5.0,5,0,0,0,zero,81
online_feedback,shock,1,113,0,2,16.0,16,0,1,1,zero,81
online_feedback,shock,1,113,1,2,40.0,40,0,0,0,zero,81
online_feedback,shock,1,113,2,2,5.0,5,0,0,0,zero,81
online_feedback,shock,1,114,0,2,15.0,15,0,1,1,zero,81
online_feedback,shock,1,114,1,2,39.0,39,0,0,0,zero,81
online_feedback,shock,1,114,2,2,5.0,5,0,0,0,zero,81
online_feedback,shock,1,115,0,3,13.0,13,0,1,1,zero,81
online_feedback,shock,1,115,1,3,38.0,38,0,0,0,zero,81
online_feedback,shock,1,115,2,3,5.0,5,0,0,0,zero,81
online_feedback,shock,1,116,0,2,12.0,12,0,1,0,event4_initial_2,81
online_feedback,shock,1,116,1,2,38.0,38,0,0,0,event4_initial_2,81
online_feedback,shock,1,116,2,2,5.0,5,0,0,0,event4_initial_2,81
online_feedback,shock,1,117,0,2,11.0,11,0,1,0,event4_initial_2,81
online_feedback,shock,1,117,1,2,38.0,38,0,0,0,event4_initial_2,81
online_feedback,shock,1,117,2,2,5.0,5,0,0,0,event4_initial_2,81
online_feedback,shock,1,118,0,2,10.0,10,0,1,1,event4_initial_2,81
online_feedback,shock,1,118,1,2,37.0,37,0,0,0,event4_initial_2,81
online_feedback,shock,1,118,2,2,5.0,5,0,0,0,event4_initial_2,81
online_feedback,shock,1,119,0,2,9.0,9,0,1,1,event4_initial_2,81
online_feedback,shock,1,119,1,2,36.0,36,0,0,0,event4_initial_2,81
online_feedback,shock,1,119,2,2,5.0,5,0,0,0,event4_initial_2,81
online_feedback,shock,1,120,0,2,7.0,7,0,1,1,event4_initial_2,81
online_feedback,shock,1,120,1,2,35.0,35,0,0,0,event4_initial_2,81
online_feedback,shock,1,120,2,2,5.0,5,0,0,0,event4_initial_2,81
online_feedback,shock,1,121,0,3,4.0,4,0,8,8,zero,81
online_feedback,shock,1,121,1,3,27.0,27,0,0,0,zero,81
online_feedback,shock,1,121,2,3,5.0,5,0,0,0,zero,81
online_feedback,shock,1,122,0,3,2.0,2,0,1,1,zero,81
online_feedback,shock,1,122,1,3,26.0,26,0,0,0,zero,81
online_feedback,shock,1,122,2,3,5.0,5,0,0,0,zero,81
online_feedback,shock,1,123,0,3,-0.0,0,0,1,1,zero,81
online_feedback,shock,1,123,1,3,25.0,25,0,0,0,zero,81
online_feedback,shock,1,123,2,3,5.0,5,0,0,0,zero,81
online_feedback,shock,1,124,0,3,2.0,0,2,1,1,zero,81
online_feedback,shock,1,124,1,3,24.0,24,0,0,0,zero,81
online_feedback,shock,1,124,2,3,5.0,5,0,0,0,zero,81
online_feedback,shock,1,125,0,2,4.0,4,0,8,8,zero,81
online_feedback,shock,1,125,1,2,16.0,16,0,0,0,zero,81
online_feedback,shock,1,125,2,2,5.0,5,0,0,0,zero,81
online_feedback,shock,1,126,0,2,3.0,3,0,1,1,zero,81
online_feedback,shock,1,126,1,2,15.0,15,0,4,4,zero,81
online_feedback,shock,1,126,2,2,1.0,1,0,0,0,zero,81
online_feedback,shock,1,127,0,2,2.0,2,0,1,1,zero,81
online_feedback,shock,1,127,1,2,14.0,14,0,0,0,zero,81
online_feedback,shock,1,127,2,2,1.0,1,0,16,16,zero,81
online_feedback,shock,1,128,0,2,1.0,1,0,1,1,zero,81
online_feedback,shock,1,128,1,2,13.0,13,0,0,0,zero,81
online_feedback,shock,1,128,2,2,1.0,1,0,1,1,zero,81
online_feedback,shock,1,129,0,1,8.0,8,0,8,8,zero,81
online_feedback,shock,1,129,1,1,5.0,5,0,0,0,zero,81
online_feedback,shock,1,129,2,1,1.0,1,0,0,0,zero,81
online_feedback,shock,1,130,0,1,8.0,8,0,1,1,zero,81
online_feedback,shock,1,130,1,1,8.0,8,0,16,16,zero,81
online_feedback,shock,1,130,2,1,15.0,0,15,0,0,zero,81
online_feedback,shock,1,131,0,1,8.0,8,0,1,1,zero,81
online_feedback,shock,1,131,1,1,7.0,7,0,10,10,zero,81
online_feedback,shock,1,131,2,1,9.0,0,9,16,16,zero,81
online_feedback,shock,1,132,0,1,8.0,8,0,1,1,zero,81
online_feedback,shock,1,132,1,1,6.0,6,0,3,3,zero,81
online_feedback,shock,1,132,2,1,11.0,0,11,19,19,zero,81
online_feedback,shock,1,133,0,1,15.0,15,0,1,1,zero,81
online_feedback,shock,1,133,1,1,5.0,5,0,0,0,zero,81
online_feedback,shock,1,133,2,1,11.0,0,11,1,1,zero,81
online_feedback,shock,1,134,0,1,15.0,15,0,1,1,zero,81
online_feedback,shock,1,134,1,1,5.0,5,0,0,0,zero,81
online_feedback,shock,1,134,2,1,11.0,0,11,0,0,zero,81
online_feedback,shock,1,135,0,1,15.0,15,0,1,1,zero,81
online_feedback,shock,1,135,1,1,20.0,20,0,0,0,zero,81
online_feedback,shock,1,135,2,1,5.0,5,0,0,0,zero,81
online_feedback,shock,1,136,0,1,15.0,15,0,1,1,zero,81
online_feedback,shock,1,136,1,1,20.0,20,0,0,0,zero,81
online_feedback,shock,1,136,2,1,24.0,24,0,0,0,zero,81
online_feedback,shock,1,137,0,1,15.0,15,0,1,1,zero,81
online_feedback,shock,1,137,1,1,19.0,19,0,0,0,zero,81
online_feedback,shock,1,137,2,1,25.0,25,0,0,0,zero,81
online_feedback,shock,1,138,0,1,15.0,15,0,1,1,zero,81
online_feedback,shock,1,138,1,1,18.0,18,0,0,0,zero,81
online_feedback,shock,1,138,2,1,25.0,25,0,0,0,zero,81
online_feedback,shock,1,139,0,1,15.0,15,0,1,1,zero,81
online_feedback,shock,1,139,1,1,28.0,28,0,0,0,zero,81
online_feedback,shock,1,139,2,1,25.0,25,0,0,0,zero,81
online_feedback,shock,1,140,0,1,15.0,15,0,1,1,zero,81
online_feedback,shock,1,140,1,1,27.0,27,0,0,0,zero,81
online_feedback,shock,1,140,2,1,25.0,25,0,0,0,zero,81
online_feedback,shock,1,141,0,1,15.0,15,0,1,1,zero,81
online_feedback,shock,1,141,1,1,26.0,26,0,0,0,zero,81
online_feedback,shock,1,141,2,1,25.0,25,0,0,0,zero,81
online_feedback,shock,1,142,0,1,15.0,15,0,1,1,zero,81
online_feedback,shock,1,142,1,1,25.0,25,0,0,0,zero,81
online_feedback,shock,1,142,2,1,25.0,25,0,0,0,zero,81
online_feedback,shock,1,143,0,1,15.0,15,0,1,1,zero,81
online_feedback,shock,1,143,1,1,24.0,24,0,0,0,zero,81
online_feedback,shock,1,143,2,1,25.0,25,0,0,0,zero,81
online_feedback,shock,1,144,0,1,15.0,15,0,1,1,zero,81
online_feedback,shock,1,144,1,1,23.0,23,0,0,0,zero,81
online_feedback,shock,1,144,2,1,25.0,25,0,0,0,zero,81
online_feedback,shock,1,145,0,1,15.0,15,0,1,1,zero,81
online_feedback,shock,1,145,1,1,22.0,22,0,0,0,zero,81
online_feedback,shock,1,145,2,1,25.0,25,0,0,0,zero,81
online_feedback,shock,1,146,0,1,15.0,15,0,1,1,zero,81
online_feedback,shock,1,146,1,1,21.0,21,0,0,0,zero,81
online_feedback,shock,1,146,2,1,25.0,25,0,0,0,zero,81
online_feedback,shock,1,147,0,1,15.0,15,0,1,1,zero,81
online_feedback,shock,1,147,1,1,20.0,20,0,0,0,zero,81
online_feedback,shock,1,147,2,1,25.0,25,0,0,0,zero,81
online_feedback,shock,1,148,0,1,15.0,15,0,1,1,zero,81
online_feedback,shock,1,148,1,1,19.0,19,0,0,0,zero,81
online_feedback,shock,1,148,2,1,25.0,25,0,0,0,zero,81
online_feedback,shock,1,149,0,1,15.0,15,0,1,1,zero,81
online_feedback,shock,1,149,1,1,18.0,18,0,0,0,zero,81
online_feedback,shock,1,149,2,1,25.0,25,0,0,0,zero,81
online_feedback,shock,1,150,0,1,15.0,15,0,1,1,zero,81
online_feedback,shock,1,150,1,1,17.0,17,0,0,0,zero,81
online_feedback,shock,1,150,2,1,25.0,25,0,0,0,zero,81
online_feedback,shock,1,151,0,1,15.0,15,0,1,1,zero,81
online_feedback,shock,1,151,1,1,16.0,16,0,0,0,zero,81
online_feedback,shock,1,151,2,1,25.0,25,0,0,0,zero,81
online_feedback,shock,1,152,0,1,15.0,15,0,1,1,zero,81
online_feedback,shock,1,152,1,1,15.0,15,0,0,0,zero,81
online_feedback,shock,1,152,2,1,25.0,25,0,0,0,zero,81
online_feedback,shock,1,153,0,1,15.0,15,0,1,1,zero,81
online_feedback,shock,1,153,1,1,14.0,14,0,0,0,zero,81
online_feedback,shock,1,153,2,1,25.0,25,0,0,0,zero,81
online_feedback,shock,1,154,0,1,15.0,15,0,1,1,zero,81
online_feedback,shock,1,154,1,1,13.0,13,0,0,0,zero,81
online_feedback,shock,1,154,2,1,25.0,25,0,0,0,zero,81
online_feedback,shock,1,155,0,1,15.0,15,0,1,1,zero,81
online_feedback,shock,1,155,1,1,12.0,12,0,0,0,zero,81
online_feedback,shock,1,155,2,1,25.0,25,0,0,0,zero,81
online_feedback,shock,1,156,0,1,15.0,15,0,1,1,zero,81
online_feedback,shock,1,156,1,1,11.0,11,0,0,0,zero,81
online_feedback,shock,1,156,2,1,25.0,25,0,0,0,zero,81
online_feedback,shock,1,157,0,2,14.0,14,0,1,1,zero,81
online_feedback,shock,1,157,1,2,10.0,10,0,0,0,zero,81
online_feedback,shock,1,157,2,2,25.0,25,0,0,0,zero,81
online_feedback,shock,1,158,0,2,13.0,13,0,1,1,zero,81
online_feedback,shock,1,158,1,2,9.0,9,0,0,0,zero,81
online_feedback,shock,1,158,2,2,25.0,25,0,0,0,zero,81
online_feedback,shock,1,159,0,2,12.0,12,0,1,1,zero,81
online_feedback,shock,1,159,1,2,8.0,8,0,0,0,zero,81
online_feedback,shock,1,159,2,2,25.0,25,0,0,0,zero,81
online_feedback,shock,1,160,0,2,11.0,11,0,1,1,zero,81
online_feedback,shock,1,160,1,2,7.0,7,0,0,0,zero,81
online_feedback,shock,1,160,2,2,25.0,25,0,0,0,zero,81
online_feedback,shock,1,161,0,2,10.0,10,0,1,1,zero,81
online_feedback,shock,1,161,1,2,6.0,6,0,0,0,zero,81
online_feedback,shock,1,161,2,2,25.0,25,0,0,0,zero,81
online_feedback,shock,1,162,0,2,9.0,9,0,1,1,zero,81
online_feedback,shock,1,162,1,2,5.0,5,0,0,0,zero,81
online_feedback,shock,1,162,2,2,25.0,25,0,0,0,zero,81
online_feedback,shock,1,163,0,1,9.0,9,0,1,1,zero,81
online_feedback,shock,1,163,1,1,4.0,4,0,2,2,zero,81
online_feedback,shock,1,163,2,1,23.0,23,0,0,0,zero,81
online_feedback,shock,1,164,0,2,8.0,8,0,1,1,zero,81
online_feedback,shock,1,164,1,2,3.0,3,0,2,2,zero,81
online_feedback,shock,1,164,2,2,21.0,21,0,0,0,zero,81
online_feedback,shock,1,165,0,2,7.0,7,0,1,1,zero,81
online_feedback,shock,1,165,1,2,2.0,2,0,0,0,zero,81
online_feedback,shock,1,165,2,2,21.0,21,0,0,0,zero,81
online_feedback,shock,1,166,0,2,6.0,6,0,1,1,zero,81
online_feedback,shock,1,166,1,2,1.0,1,0,0,0,zero,81
online_feedback,shock,1,166,2,2,21.0,21,0,0,0,zero,81
online_feedback,shock,1,167,0,2,5.0,5,0,8,8,zero,81
online_feedback,shock,1,167,1,2,5.0,0,5,0,0,zero,81
online_feedback,shock,1,167,2,2,21.0,21,0,0,0,zero,81
online_feedback,shock,1,168,0,2,4.0,4,0,1,1,zero,81
online_feedback,shock,1,168,1,2,4.0,0,4,16,16,zero,81
online_feedback,shock,1,168,2,2,5.0,5,0,0,0,zero,81
online_feedback,shock,1,169,0,1,4.0,4,0,1,1,zero,81
online_feedback,shock,1,169,1,1,5.0,0,5,3,3,zero,81
online_feedback,shock,1,169,2,1,2.0,2,0,4,4,zero,81
online_feedback,shock,1,170,0,1,4.0,4,0,1,1,zero,81
online_feedback,shock,1,170,1,1,6.0,0,6,0,0,zero,81
online_feedback,shock,1,170,2,1,2.0,2,0,19,19,zero,81
online_feedback,shock,1,171,0,2,5.0,5,0,1,1,zero,81
online_feedback,shock,1,171,1,2,7.0,0,7,0,0,zero,81
online_feedback,shock,1,171,2,2,2.0,2,0,1,1,zero,81
online_feedback,shock,1,172,0,2,5.0,5,0,8,8,zero,81
online_feedback,shock,1,172,1,2,1.0,1,0,0,0,zero,81
online_feedback,shock,1,172,2,2,2.0,2,0,0,0,zero,81
online_feedback,shock,1,173,0,2,3.0,3,0,1,1,zero,81
online_feedback,shock,1,173,1,2,3.0,3,0,12,12,zero,81
online_feedback,shock,1,173,2,2,6.0,0,6,0,0,zero,81
online_feedback,shock,1,174,0,2,1.0,1,0,1,1,zero,81
online_feedback,shock,1,174,1,2,2.0,2,0,10,10,zero,81
online_feedback,shock,1,174,2,2,3.0,3,0,16,16,zero,81
online_feedback,shock,1,175,0,2,1.0,0,1,1,1,zero,81
online_feedback,shock,1,175,1,2,1.0,1,0,3,3,zero,81
online_feedback,shock,1,175,2,2,1.0,1,0,19,19,zero,81
online_feedback,shock,1,176,0,1,13.0,13,0,5,5,zero,81
online_feedback,shock,1,176,1,1,4.0,0,4,0,0,zero,81
online_feedback,shock,1,176,2,1,1.0,1,0,1,1,zero,81
online_feedback,shock,1,177,0,1,13.0,13,0,1,1,zero,81
online_feedback,shock,1,177,1,1,1.0,1,0,0,0,zero,81
online_feedback,shock,1,177,2,1,1.0,1,0,0,0,zero,81
online_feedback,shock,1,178,0,1,13.0,13,0,1,1,zero,81
online_feedback,shock,1,178,1,1,16.0,16,0,0,0,zero,81
online_feedback,shock,1,178,2,1,17.0,17,0,0,0,zero,81
online_feedback,shock,1,179,0,1,13.0,13,0,1,1,zero,81
online_feedback,shock,1,179,1,1,18.0,18,0,0,0,zero,81
online_feedback,shock,1,179,2,1,36.0,36,0,0,0,zero,81
online_feedback,shock,1,180,0,1,13.0,13,0,1,1,zero,81
online_feedback,shock,1,180,1,1,17.0,17,0,0,0,zero,81
online_feedback,shock,1,180,2,1,37.0,37,0,0,0,zero,81
online_feedback,shock,1,181,0,1,17.0,17,0,1,1,zero,81
online_feedback,shock,1,181,1,1,16.0,16,0,0,0,zero,81
online_feedback,shock,1,181,2,1,37.0,37,0,0,0,zero,81
online_feedback,shock,1,182,0,1,17.0,17,0,1,1,zero,81
online_feedback,shock,1,182,1,1,15.0,15,0,0,0,zero,81
online_feedback,shock,1,182,2,1,37.0,37,0,0,0,zero,81
online_feedback,shock,1,183,0,1,17.0,17,0,1,1,zero,81
online_feedback,shock,1,183,1,1,14.0,14,0,0,0,zero,81
online_feedback,shock,1,183,2,1,37.0,37,0,0,0,zero,81
online_feedback,shock,1,184,0,2,16.0,16,0,1,1,zero,81
online_feedback,shock,1,184,1,2,13.0,13,0,0,0,zero,81
online_feedback,shock,1,184,2,2,37.0,37,0,0,0,zero,81
online_feedback,shock,1,185,0,2,15.0,15,0,1,1,zero,81
online_feedback,shock,1,185,1,2,12.0,12,0,0,0,zero,81
online_feedback,shock,1,185,2,2,37.0,37,0,0,0,zero,81
online_feedback,shock,1,186,0,2,14.0,14,0,1,1,zero,81
online_feedback,shock,1,186,1,2,11.0,11,0,0,0,zero,81
online_feedback,shock,1,186,2,2,37.0,37,0,0,0,zero,81
online_feedback,shock,1,187,0,2,13.0,13,0,1,1,zero,81
online_feedback,shock,1,187,1,2,10.0,10,0,0,0,zero,81
online_feedback,shock,1,187,2,2,37.0,37,0,0,0,zero,81
online_feedback,shock,1,188,0,2,12.0,12,0,1,1,zero,81
online_feedback,shock,1,188,1,2,9.0,9,0,0,0,zero,81
online_feedback,shock,1,188,2,2,37.0,37,0,0,0,zero,81
online_feedback,shock,1,189,0,2,11.0,11,0,1,1,zero,81
online_feedback,shock,1,189,1,2,8.0,8,0,0,0,zero,81
online_feedback,shock,1,189,2,2,37.0,37,0,0,0,zero,81
online_feedback,shock,1,190,0,2,10.0,10,0,1,1,zero,81
online_feedback,shock,1,190,1,2,7.0,7,0,0,0,zero,81
online_feedback,shock,1,190,2,2,37.0,37,0,0,0,zero,81
online_feedback,shock,1,191,0,2,9.0,9,0,1,1,event4_initial_2,81
online_feedback,shock,1,191,1,2,6.0,6,0,0,0,event4_initial_2,81
online_feedback,shock,1,191,2,2,37.0,37,0,0,0,event4_initial_2,81
online_feedback,shock,1,192,0,2,8.0,8,0,1,1,event4_initial_2,81
online_feedback,shock,1,192,1,2,5.0,5,0,0,0,event4_initial_2,81
online_feedback,shock,1,192,2,2,37.0,37,0,0,0,event4_initial_2,81
online_feedback,shock,1,193,0,2,7.0,7,0,1,1,event4_initial_2,81
online_feedback,shock,1,193,1,2,4.0,4,0,10,10,event4_initial_2,81
online_feedback,shock,1,193,2,2,27.0,27,0,0,0,event4_initial_2,81
online_feedback,shock,1,194,0,2,6.0,6,0,5,5,event4_initial_2,81
online_feedback,shock,1,194,1,2,1.0,0,1,0,0,event4_initial_2,81
online_feedback,shock,1,194,2,2,27.0,27,0,0,0,event4_initial_2,81
online_feedback,shock,1,195,0,2,5.0,5,0,1,1,event4_initial_2,81
online_feedback,shock,1,195,1,2,2.0,0,2,0,4,event4_initial_2,81
online_feedback,shock,1,195,2,2,23.0,23,0,0,0,event4_initial_2,81
online_feedback,shock,1,196,0,1,5.0,5,0,1,1,zero,81
online_feedback,shock,1,196,1,1,3.0,0,3,0,0,zero,81
online_feedback,shock,1,196,2,1,23.0,23,0,0,0,zero,81
online_feedback,shock,1,197,0,1,5.0,5,0,1,1,zero,81
online_feedback,shock,1,197,1,1,6.0,6,0,0,0,zero,81
online_feedback,shock,1,197,2,1,23.0,23,0,0,0,zero,81
online_feedback,shock,1,198,0,1,8.0,8,0,1,1,zero,81
online_feedback,shock,1,198,1,1,5.0,5,0,0,0,zero,81
online_feedback,shock,1,198,2,1,23.0,23,0,0,0,zero,81
online_feedback,shock,1,199,0,1,7.0,7,0,1,1,zero,81
online_feedback,shock,1,199,1,1,8.0,8,0,0,0,zero,81
online_feedback,shock,1,199,2,1,23.0,23,0,0,0,zero,81
online_feedback,shock,1,200,0,1,6.0,6,0,1,1,zero,81
online_feedback,shock,1,200,1,1,7.0,7,0,0,0,zero,81
online_feedback,shock,1,200,2,1,23.0,23,0,0,0,zero,81
online_feedback,shock,2,1,0,10,10.0,10,0,17,17,zero,
online_feedback,shock,2,1,1,10,3.0,3,0,2,2,zero,
online_feedback,shock,2,1,2,10,18.0,18,0,0,0,zero,
online_feedback,shock,2,2,0,10,10.0,10,0,2,2,zero,
online_feedback,shock,2,2,1,10,11.0,11,0,16,16,zero,
online_feedback,shock,2,2,2,10,12.0,12,0,0,0,zero,
online_feedback,shock,2,3,0,9,11.0,11,0,16,16,zero,
online_feedback,shock,2,3,1,9,5.0,5,0,2,2,zero,
online_feedback,shock,2,3,2,9,20.0,20,0,20,20,zero,
online_feedback,shock,2,4,0,9,12.0,12,0,2,2,zero,
online_feedback,shock,2,4,1,9,13.0,13,0,10,10,zero,
online_feedback,shock,2,4,2,9,20.0,20,0,1,1,zero,
online_feedback,shock,2,5,0,10,19.0,19,0,8,8,zero,
online_feedback,shock,2,5,1,10,7.0,7,0,10,10,zero,
online_feedback,shock,2,5,2,10,10.0,10,0,7,7,zero,
online_feedback,shock,2,6,0,10,11.0,11,0,8,8,zero,
online_feedback,shock,2,6,1,10,15.0,15,0,3,3,zero,
online_feedback,shock,2,6,2,10,7.0,7,0,7,7,zero,
online_feedback,shock,2,7,0,11,16.0,16,0,8,8,zero,
online_feedback,shock,2,7,1,11,9.0,9,0,10,10,zero,
online_feedback,shock,2,7,2,11,17.0,17,0,0,0,zero,
online_feedback,shock,2,8,0,9,9.0,9,0,13,13,zero,
online_feedback,shock,2,8,1,9,6.0,6,0,10,10,zero,
online_feedback,shock,2,8,2,9,8.0,8,0,16,16,zero,
online_feedback,shock,2,9,0,9,8.0,8,0,8,8,zero,
online_feedback,shock,2,9,1,9,8.0,8,0,16,16,zero,
online_feedback,shock,2,9,2,9,1.0,0,1,20,20,zero,
online_feedback,shock,2,10,0,11,5.0,5,0,16,16,zero,
online_feedback,shock,2,10,1,11,5.0,0,5,10,10,zero,
online_feedback,shock,2,10,2,11,4.0,0,4,20,20,zero,
online_feedback,shock,2,11,0,12,1.0,1,0,16,16,zero,
online_feedback,shock,2,11,1,12,11.0,0,11,16,16,zero,
online_feedback,shock,2,11,2,12,20.0,0,20,16,16,zero,
online_feedback,shock,2,12,0,12,2.0,2,0,17,17,zero,
online_feedback,shock,2,12,1,12,18.0,0,18,16,16,zero,
online_feedback,shock,2,12,2,12,20.0,0,20,20,20,zero,
online_feedback,shock,2,13,0,13,3.0,0,3,13,13,zero,
online_feedback,shock,2,13,1,13,16.0,0,16,16,16,zero,
online_feedback,shock,2,13,2,13,16.0,0,16,20,20,zero,
online_feedback,shock,2,14,0,12,4.0,0,4,13,13,zero,
online_feedback,shock,2,14,1,12,22.0,0,22,16,16,zero,
online_feedback,shock,2,14,2,12,12.0,0,12,20,20,zero,
online_feedback,shock,2,15,0,12,6.0,0,6,13,13,zero,
online_feedback,shock,2,15,1,12,35.0,0,35,16,16,zero,
online_feedback,shock,2,15,2,12,12.0,0,12,19,19,zero,
online_feedback,shock,2,16,0,12,8.0,0,8,13,13,zero,
online_feedback,shock,2,16,1,12,32.0,0,32,12,12,zero,
online_feedback,shock,2,16,2,12,4.0,0,4,20,20,zero,
online_feedback,shock,2,17,0,11,4.0,0,4,8,8,zero,
online_feedback,shock,2,17,1,11,20.0,0,20,10,10,zero,
online_feedback,shock,2,17,2,11,6.0,6,0,7,7,zero,
online_feedback,shock,2,18,0,11,8.0,0,8,8,8,zero,
online_feedback,shock,2,18,1,11,8.0,0,8,4,4,zero,
online_feedback,shock,2,18,2,11,22.0,22,0,0,0,zero,
online_feedback,shock,2,19,0,12,20.0,0,20,5,5,zero,
online_feedback,shock,2,19,1,12,3.0,3,0,4,4,zero,
online_feedback,shock,2,19,2,12,37.0,37,0,0,0,zero,
online_feedback,shock,2,20,0,13,17.0,0,17,17,17,zero,
online_feedback,shock,2,20,1,13,6.0,6,0,17,17,zero,
online_feedback,shock,2,20,2,13,40.0,40,0,0,0,zero,
online_feedback,shock,2,21,0,12,9.0,0,9,17,17,zero,
online_feedback,shock,2,21,1,12,3.0,3,0,17,17,zero,
online_feedback,shock,2,21,2,12,30.0,30,0,20,20,zero,
online_feedback,shock,2,22,0,12,1.0,0,1,17,17,zero,
online_feedback,shock,2,22,1,12,10.0,0,10,17,17,zero,
online_feedback,shock,2,22,2,12,13.0,13,0,20,20,zero,
online_feedback,shock,2,23,0,13,1.0,0,1,17,17,zero,
online_feedback,shock,2,23,1,13,23.0,0,23,17,17,zero,
online_feedback,shock,2,23,2,13,4.0,0,4,20,20,zero,
online_feedback,shock,2,24,0,13,3.0,3,0,16,16,zero,
online_feedback,shock,2,24,1,13,22.0,0,22,17,17,zero,
online_feedback,shock,2,24,2,13,21.0,0,21,20,20,zero,
online_feedback,shock,2,25,0,12,8.0,8,0,8,8,zero,
online_feedback,shock,2,25,1,12,13.0,0,13,17,17,zero,
online_feedback,shock,2,25,2,12,18.0,0,18,20,20,zero,
online_feedback,shock,2,26,0,13,2.0,2,0,16,16,zero,
online_feedback,shock,2,26,1,13,12.0,0,12,17,17,zero,
online_feedback,shock,2,26,2,13,15.0,0,15,20,20,zero,
online_feedback,shock,2,27,0,12,6.0,0,6,8,8,zero,
online_feedback,shock,2,27,1,12,7.0,0,7,17,17,zero,
online_feedback,shock,2,27,2,12,12.0,0,12,20,20,zero,
online_feedback,shock,2,28,0,13,2.0,0,2,16,16,zero,
online_feedback,shock,2,28,1,13,23.0,0,23,1,1,zero,
online_feedback,shock,2,28,2,13,7.0,7,0,20,20,zero,
online_feedback,shock,2,29,0,11,4.0,4,0,16,16,zero,
online_feedback,shock,2,29,1,11,19.0,0,19,1,1,zero,
online_feedback,shock,2,29,2,11,26.0,26,0,1,1,zero,
online_feedback,shock,2,30,0,11,10.0,10,0,5,5,zero,
online_feedback,shock,2,30,1,11,4.0,0,4,17,17,zero,
online_feedback,shock,2,30,2,11,29.0,29,0,0,0,zero,
online_feedback,shock,2,31,0,11,12.0,12,0,2,2,zero,
online_feedback,shock,2,31,1,11,14.0,14,0,17,17,zero,
online_feedback,shock,2,31,2,11,32.0,32,0,0,0,zero,
online_feedback,shock,2,32,0,10,2.0,2,0,1,1,zero,
online_feedback,shock,2,32,1,10,26.0,26,0,0,0,zero,
online_feedback,shock,2,32,2,10,52.0,52,0,20,20,zero,
online_feedback,shock,2,33,0,11,11.0,11,0,8,8,zero,
online_feedback,shock,2,33,1,11,19.0,19,0,0,0,zero,
online_feedback,shock,2,33,2,11,53.0,53,0,0,0,zero,
online_feedback,shock,2,34,0,11,20.0,20,0,8,8,zero,
online_feedback,shock,2,34,1,11,28.0,28,0,4,4,zero,
online_feedback,shock,2,34,2,11,49.0,49,0,0,0,zero,
online_feedback,shock,2,35,0,10,16.0,16,0,13,13,zero,
online_feedback,shock,2,35,1,10,32.0,32,0,2,2,zero,
online_feedback,shock,2,35,2,10,47.0,47,0,0,0,zero,
online_feedback,shock,2,36,0,10,7.0,7,0,8,8,zero,
online_feedback,shock,2,36,1,10,24.0,24,0,16,16,zero,
online_feedback,shock,2,36,2,10,51.0,51,0,0,0,zero,
online_feedback,shock,2,37,0,11,4.0,4,0,13,13,zero,
online_feedback,shock,2,37,1,11,11.0,11,0,10,10,zero,
online_feedback,shock,2,37,2,11,41.0,41,0,1,1,zero,
online_feedback,shock,2,38,0,11,1.0,1,0,8,8,zero,
online_feedback,shock,2,38,1,11,7.0,7,0,16,16,zero,
online_feedback,shock,2,38,2,11,25.0,25,0,4,4,zero,
online_feedback,shock,2,39,0,10,4.0,4,0,13,13,zero,
online_feedback,shock,2,39,1,10,4.0,0,4,10,10,zero,
online_feedback,shock,2,39,2,10,15.0,15,0,20,20,zero,
online_feedback,shock,2,40,0,10,2.0,2,0,16,16,zero,
online_feedback,shock,2,40,1,10,4.0,0,4,16,16,zero,
online_feedback,shock,2,40,2,10,1.0,0,1,19,19,zero,
online_feedback,shock,2,41,0,11,4.0,4,0,8,8,zero,
online_feedback,shock,2,41,1,11,2.0,0,2,16,16,zero,
online_feedback,shock,2,41,2,11,16.0,0,16,20,20,zero,
online_feedback,shock,2,42,0,11,1.0,1,0,16,16,zero,
online_feedback,shock,2,42,1,11,2.0,0,2,16,16,zero,
online_feedback,shock,2,42,2,11,28.0,0,28,20,20,zero,
online_feedback,shock,2,43,0,12,2.0,0,2,5,5,zero,
online_feedback,shock,2,43,1,12,3.0,3,0,16,16,zero,
online_feedback,shock,2,43,2,12,24.0,0,24,20,20,zero,
online_feedback,shock,2,44,0,11,3.0,3,0,16,16,zero,
online_feedback,shock,2,44,1,11,2.0,2,0,7,7,zero,
online_feedback,shock,2,44,2,11,12.0,0,12,19,19,zero,
online_feedback,shock,2,45,0,11,2.0,2,0,5,5,zero,
online_feedback,shock,2,45,1,11,2.0,0,2,3,3,zero,
online_feedback,shock,2,45,2,11,5.0,5,0,1,1,zero,
online_feedback,shock,2,46,0,12,6.0,6,0,16,16,zero,
online_feedback,shock,2,46,1,12,14.0,0,14,0,0,zero,
online_feedback,shock,2,46,2,12,25.0,25,0,0,0,zero,
online_feedback,shock,2,47,0,10,3.0,3,0,8,8,zero,
online_feedback,shock,2,47,1,10,2.0,0,2,12,12,zero,
online_feedback,shock,2,47,2,10,33.0,33,0,0,0,zero,
online_feedback,shock,2,48,0,10,9.0,9,0,5,5,zero,
online_feedback,shock,2,48,1,10,12.0,12,0,16,16,zero,
online_feedback,shock,2,48,2,10,36.0,36,0,0,0,zero,
online_feedback,shock,2,49,0,12,-0.0,0,0,8,8,zero,
online_feedback,shock,2,49,1,12,19.0,19,0,2,2,zero,
online_feedback,shock,2,49,2,12,35.0,35,0,19,19,zero,
online_feedback,shock,2,50,0,11,7.0,0,7,8,8,zero,
online_feedback,shock,2,50,1,11,11.0,11,0,2,2,zero,
online_feedback,shock,2,50,2,11,33.0,33,0,1,1,zero,
online_feedback,shock,2,51,0,11,2.0,2,0,8,8,zero,
online_feedback,shock,2,51,1,11,15.0,15,0,16,16,zero,
online_feedback,shock,2,51,2,11,17.0,17,0,0,0,zero,
online_feedback,shock,2,52,0,13,4.0,0,4,13,13,zero,
online_feedback,shock,2,52,1,13,18.0,18,0,10,10,zero,
online_feedback,shock,2,52,2,13,7.0,7,0,16,16,zero,
online_feedback,shock,2,53,0,13,9.0,0,9,13,13,zero,
online_feedback,shock,2,53,1,13,7.0,7,0,10,10,zero,
online_feedback,shock,2,53,2,13,16.0,16,0,19,19,zero,
online_feedback,shock,2,54,0,13,14.0,0,14,13,13,zero,
online_feedback,shock,2,54,1,13,4.0,0,4,16,16,zero,
online_feedback,shock,2,54,2,13,1.0,1,0,16,16,zero,
online_feedback,shock,2,55,0,13,19.0,0,19,17,17,zero,
online_feedback,shock,2,55,1,13,5.0,0,5,16,16,zero,
online_feedback,shock,2,55,2,13,15.0,0,15,16,16,zero,
online_feedback,shock,2,56,0,12,18.0,0,18,17,17,zero,
online_feedback,shock,2,56,1,12,12.0,0,12,16,16,zero,
online_feedback,shock,2,56,2,12,15.0,0,15,20,20,zero,
online_feedback,shock,2,57,0,10,15.0,0,15,17,17,zero,
online_feedback,shock,2,57,1,10,19.0,0,19,16,16,zero,
online_feedback,shock,2,57,2,10,12.0,0,12,20,20,zero,
online_feedback,shock,2,58,0,12,18.0,0,18,17,17,zero,
online_feedback,shock,2,58,1,12,20.0,0,20,16,16,zero,
online_feedback,shock,2,58,2,12,12.0,0,12,20,20,zero,
online_feedback,shock,2,59,0,13,15.0,0,15,17,17,zero,
online_feedback,shock,2,59,1,13,36.0,0,36,16,16,zero,
online_feedback,shock,2,59,2,13,12.0,0,12,20,20,zero,
online_feedback,shock,2,60,0,13,18.0,0,18,17,17,zero,
online_feedback,shock,2,60,1,13,37.0,0,37,16,16,zero,
online_feedback,shock,2,60,2,13,8.0,0,8,20,20,zero,
online_feedback,shock,2,61,0,14,22.0,0,22,13,13,zero,
online_feedback,shock,2,61,1,14,31.0,0,31,17,17,zero,
online_feedback,shock,2,61,2,14,5.0,0,5,20,20,zero,
online_feedback,shock,2,62,0,15,21.0,0,21,17,17,zero,
online_feedback,shock,2,62,1,15,32.0,0,32,17,17,zero,
online_feedback,shock,2,62,2,15,2.0,0,2,20,20,zero,
online_feedback,shock,2,63,0,16,36.0,0,36,17,17,zero,
online_feedback,shock,2,63,1,16,33.0,0,33,17,17,zero,
online_feedback,shock,2,63,2,16,1.0,1,0,20,20,zero,
online_feedback,shock,2,64,0,14,34.0,0,34,17,17,zero,
online_feedback,shock,2,64,1,14,30.0,0,30,17,17,zero,
online_feedback,shock,2,64,2,14,4.0,4,0,7,7,zero,
online_feedback,shock,2,65,0,14,29.0,0,29,17,17,zero,
online_feedback,shock,2,65,1,14,27.0,0,27,17,17,zero,
online_feedback,shock,2,65,2,14,7.0,7,0,20,20,zero,
online_feedback,shock,2,66,0,11,24.0,0,24,17,17,zero,
online_feedback,shock,2,66,1,11,24.0,0,24,17,17,zero,
online_feedback,shock,2,66,2,11,10.0,10,0,20,20,zero,
online_feedback,shock,2,67,0,12,20.0,0,20,17,17,zero,
online_feedback,shock,2,67,1,12,22.0,0,22,17,17,zero,
online_feedback,shock,2,67,2,12,13.0,13,0,20,20,zero,
online_feedback,shock,2,68,0,12,12.0,0,12,17,17,zero,
online_feedback,shock,2,68,1,12,22.0,0,22,17,17,zero,
online_feedback,shock,2,68,2,12,3.0,3,0,7,7,zero,
online_feedback,shock,2,69,0,10,2.0,0,2,17,17,zero,
online_feedback,shock,2,69,1,10,22.0,0,22,17,17,zero,
online_feedback,shock,2,69,2,10,6.0,6,0,20,20,zero,
online_feedback,shock,2,70,0,10,8.0,8,0,2,2,zero,
online_feedback,shock,2,70,1,10,7.0,0,7,17,17,zero,
online_feedback,shock,2,70,2,10,9.0,9,0,20,20,zero,
online_feedback,shock,2,71,0,10,17.0,17,0,2,2,zero,
online_feedback,shock,2,71,1,10,8.0,8,0,1,1,zero,
online_feedback,shock,2,71,2,10,28.0,28,0,20,20,zero,
online_feedback,shock,2,72,0,10,24.0,24,0,1,1,zero,
online_feedback,shock,2,72,1,10,24.0,24,0,0,0,zero,
online_feedback,shock,2,72,2,10,35.0,35,0,0,0,zero,
online_feedback,shock,2,73,0,10,31.0,31,0,7,7,zero,
online_feedback,shock,2,73,1,10,34.0,34,0,0,0,zero,
online_feedback,shock,2,73,2,10,55.0,55,0,0,0,zero,
online_feedback,shock,2,74,0,9,39.0,39,0,5,5,zero,
online_feedback,shock,2,74,1,9,46.0,46,0,4,4,zero,
online_feedback,shock,2,74,2,9,71.0,71,0,0,0,zero,
online_feedback,shock,2,75,0,8,40.0,40,0,2,2,zero,
online_feedback,shock,2,75,1,8,45.0,45,0,4,4,zero,
online_feedback,shock,2,75,2,8,87.0,87,0,0,0,zero,
online_feedback,shock,2,76,0,8,33.0,33,0,1,1,zero,
online_feedback,shock,2,76,1,8,44.0,44,0,2,2,zero,
online_feedback,shock,2,76,2,8,85.0,85,0,0,0,zero,
online_feedback,shock,2,77,0,8,32.0,32,0,8,8,zero,
online_feedback,shock,2,77,1,8,36.0,36,0,0,0,zero,
online_feedback,shock,2,77,2,8,85.0,85,0,0,0,zero,
online_feedback,shock,2,78,0,8,29.0,29,0,5,5,zero,
online_feedback,shock,2,78,1,8,35.0,35,0,2,2,zero,
online_feedback,shock,2,78,2,8,83.0,83,0,0,0,zero,
online_feedback,shock,2,79,0,8,23.0,23,0,8,8,zero,
online_feedback,shock,2,79,1,8,31.0,31,0,2,2,zero,
online_feedback,shock,2,79,2,8,81.0,81,0,0,0,zero,
online_feedback,shock,2,80,0,8,16.0,16,0,8,8,zero,
online_feedback,shock,2,80,1,8,25.0,25,0,2,2,zero,
online_feedback,shock,2,80,2,8,79.0,79,0,0,0,zero,
online_feedback,shock,2,81,0,8,16.0,16,0,8,8,zero,
online_feedback,shock,2,81,1,8,17.0,17,0,10,10,zero,
online_feedback,shock,2,81,2,8,69.0,69,0,0,0,zero,
online_feedback,shock,2,82,0,8,13.0,13,0,8,8,zero,
online_feedback,shock,2,82,1,8,11.0,11,0,10,10,zero,
online_feedback,shock,2,82,2,8,59.0,59,0,0,0,zero,
online_feedback,shock,2,83,0,7,14.0,14,0,8,8,zero,
online_feedback,shock,2,83,1,7,5.0,5,0,16,16,zero,
online_feedback,shock,2,83,2,7,43.0,43,0,0,0,zero,
online_feedback,shock,2,84,0,11,11.0,11,0,1,1,zero,
online_feedback,shock,2,84,1,11,6.0,6,0,10,10,zero,
online_feedback,shock,2,84,2,11,33.0,33,0,17,17,zero,
online_feedback,shock,2,85,0,11,8.0,8,0,16,16,zero,
online_feedback,shock,2,85,1,11,-0.0,0,0,0,0,zero,
online_feedback,shock,2,85,2,11,33.0,33,0,4,4,zero,
online_feedback,shock,2,86,0,11,5.0,5,0,8,8,zero,86
online_feedback,shock,2,86,1,11,2.0,2,0,12,12,zero,86
online_feedback,shock,2,86,2,11,21.0,21,0,0,0,zero,86
online_feedback,shock,2,87,0,12,1.0,1,0,13,13,zero,86
online_feedback,shock,2,87,1,12,5.0,5,0,16,16,zero,86
online_feedback,shock,2,87,2,12,5.0,5,0,0,0,zero,86
online_feedback,shock,2,88,0,11,9.0,0,9,8,8,zero,86
online_feedback,shock,2,88,1,11,7.0,7,0,16,16,zero,86
online_feedback,shock,2,88,2,11,6.0,6,0,20,20,zero,86
online_feedback,shock,2,89,0,11,4.0,0,4,13,13,zero,86
online_feedback,shock,2,89,1,11,6.0,0,6,3,3,zero,86
online_feedback,shock,2,89,2,11,7.0,7,0,20,20,zero,86
online_feedback,shock,2,90,0,12,8.0,0,8,13,13,zero,86
online_feedback,shock,2,90,1,12,7.0,0,7,16,16,zero,86
online_feedback,shock,2,90,2,12,9.0,0,9,1,1,zero,86
online_feedback,shock,2,91,0,14,9.0,0,9,13,13,zero,86
online_feedback,shock,2,91,1,14,4.0,0,4,16,16,zero,86
online_feedback,shock,2,91,2,14,25.0,0,25,16,16,zero,86
online_feedback,shock,2,92,0,14,15.0,0,15,13,13,zero,86
online_feedback,shock,2,92,1,14,1.0,0,1,16,16,zero,86
online_feedback,shock,2,92,2,14,21.0,0,21,19,19,zero,86
online_feedback,shock,2,93,0,15,23.0,0,23,13,13,zero,86
online_feedback,shock,2,93,1,15,11.0,0,11,16,16,zero,86
online_feedback,shock,2,93,2,15,17.0,0,17,19,19,zero,86
online_feedback,shock,2,94,0,14,25.0,0,25,17,17,zero,86
online_feedback,shock,2,94,1,14,21.0,0,21,16,16,zero,86
online_feedback,shock,2,94,2,14,32.0,0,32,19,19,zero,86
online_feedback,shock,2,95,0,15,24.0,0,24,13,13,zero,86
online_feedback,shock,2,95,1,15,34.0,0,34,16,16,zero,86
online_feedback,shock,2,95,2,15,32.0,0,32,19,19,zero,86
online_feedback,shock,2,96,0,12,20.0,0,20,13,13,zero,86
online_feedback,shock,2,96,1,12,27.0,0,27,16,16,zero,86
online_feedback,shock,2,96,2,12,29.0,0,29,19,19,zero,86
online_feedback,shock,2,97,0,14,31.0,0,31,13,13,zero,86
online_feedback,shock,2,97,1,14,20.0,0,20,16,16,zero,86
online_feedback,shock,2,97,2,14,26.0,0,26,19,19,zero,86
online_feedback,shock,2,98,0,15,39.0,0,39,13,13,zero,86
online_feedback,shock,2,98,1,15,32.0,0,32,16,16,zero,86
online_feedback,shock,2,98,2,15,23.0,0,23,19,19,zero,86
online_feedback,shock,2,99,0,15,54.0,0,54,17,17,zero,86
online_feedback,shock,2,99,1,15,33.0,0,33,17,17,zero,86
online_feedback,shock,2,99,2,15,21.0,0,21,19,19,zero,86
online_feedback,shock,2,100,0,14,48.0,0,48,17,17,zero,86
online_feedback,shock,2,100,1,14,31.0,0,31,17,17,zero,86
online_feedback,shock,2,100,2,14,19.0,0,19,19,19,zero,86
online_feedback,shock,2,101,0,15,43.0,0,43,17,17,zero,86
online_feedback,shock,2,101,1,15,29.0,0,29,17,17,zero,86
online_feedback,shock,2,101,2,15,17.0,0,17,19,19,zero,86
online_feedback,shock,2,102,0,12,54.0,0,54,17,17,zero,86
online_feedback,shock,2,102,1,12,27.0,0,27,17,17,zero,86
online_feedback,shock,2,102,2,12,15.0,0,15,19,19,zero,86
online_feedback,shock,2,103,0,12,50.0,0,50,17,17,zero,86
online_feedback,shock,2,103,1,12,25.0,0,25,17,17,zero,86
online_feedback,shock,2,103,2,12,13.0,0,13,19,19,zero,86
online_feedback,shock,2,104,0,8,39.0,0,39,17,17,zero,86
online_feedback,shock,2,104,1,8,23.0,0,23,17,17,zero,86
online_feedback,shock,2,104,2,8,11.0,0,11,19,19,zero,86
online_feedback,shock,2,105,0,8,28.0,0,28,17,17,zero,86
online_feedback,shock,2,105,1,8,21.0,0,21,17,17,zero,86
online_feedback,shock,2,105,2,8,9.0,0,9,19,19,zero,86
online_feedback,shock,2,106,0,8,17.0,0,17,0,0,zero,86
online_feedback,shock,2,106,1,8,2.0,0,2,17,17,zero,86
online_feedback,shock,2,106,2,8,7.0,0,7,20,20,zero,86
online_feedback,shock,2,107,0,7,5.0,0,5,1,1,zero,86
online_feedback,shock,2,107,1,7,16.0,16,0,1,1,zero,86
online_feedback,shock,2,107,2,7,11.0,11,0,20,20,zero,86
online_feedback,shock,2,108,0,7,7.0,7,0,1,1,zero,86
online_feedback,shock,2,108,1,7,34.0,34,0,0,0,zero,86
online_feedback,shock,2,108,2,7,30.0,30,0,0,0,zero,86
online_feedback,shock,2,109,0,7,19.0,19,0,7,7,zero,86
online_feedback,shock,2,109,1,7,46.0,46,0,0,0,zero,86
online_feedback,shock,2,109,2,7,49.0,49,0,0,0,zero,86
online_feedback,shock,2,110,0,8,30.0,30,0,5,5,zero,86
online_feedback,shock,2,110,1,8,60.0,60,0,0,0,zero,86
online_feedback,shock,2,110,2,8,69.0,69,0,0,0,zero,86
online_feedback,shock,2,111,0,8,25.0,25,0,8,8,zero,86
online_feedback,shock,2,111,1,8,60.0,60,0,0,0,zero,86
online_feedback,shock,2,111,2,8,89.0,89,0,0,0,zero,86
online_feedback,shock,2,112,0,8,18.0,18,0,8,8,zero,86
online_feedback,shock,2,112,1,8,52.0,52,0,4,4,zero,86
online_feedback,shock,2,112,2,8,85.0,85,0,0,0,zero,86
online_feedback,shock,2,113,0,8,17.0,17,0,8,8,zero,86
online_feedback,shock,2,113,1,8,44.0,44,0,2,2,zero,86
online_feedback,shock,2,113,2,8,83.0,83,0,0,0,zero,86
online_feedback,shock,2,114,0,9,13.0,13,0,8,8,zero,86
online_feedback,shock,2,114,1,9,36.0,36,0,2,2,zero,86
online_feedback,shock,2,114,2,9,81.0,81,0,0,0,zero,86
online_feedback,shock,2,115,0,9,12.0,12,0,17,17,zero,86
online_feedback,shock,2,115,1,9,19.0,19,0,10,10,zero,86
online_feedback,shock,2,115,2,9,71.0,71,0,0,0,zero,86
online_feedback,shock,2,116,0,8,12.0,12,0,2,2,zero,86
online_feedback,shock,2,116,1,8,21.0,21,0,16,16,zero,86
online_feedback,shock,2,116,2,8,55.0,55,0,0,0,zero,86
online_feedback,shock,2,117,0,9,11.0,11,0,10,10,zero,86
online_feedback,shock,2,117,1,9,13.0,13,0,10,10,zero,86
online_feedback,shock,2,117,2,9,45.0,45,0,1,1,zero,86
online_feedback,shock,2,118,0,8,11.0,11,0,2,2,zero,86
online_feedback,shock,2,118,1,8,13.0,13,0,2,2,zero,86
online_feedback,shock,2,118,2,8,43.0,43,0,1,1,zero,86
online_feedback,shock,2,119,0,9,19.0,19,0,8,8,zero,86
online_feedback,shock,2,119,1,9,15.0,15,0,3,3,zero,86
online_feedback,shock,2,119,2,9,40.0,40,0,0,0,zero,86
online_feedback,shock,2,120,0,8,13.0,13,0,8,8,zero,86
online_feedback,shock,2,120,1,8,23.0,23,0,2,2,zero,86
online_feedback,shock,2,120,2,8,38.0,38,0,0,0,zero,86
online_feedback,shock,2,121,0,9,14.0,14,0,16,16,zero,86
online_feedback,shock,2,121,1,9,17.0,17,0,2,2,zero,86
online_feedback,shock,2,121,2,9,37.0,37,0,0,0,zero,86
online_feedback,shock,2,122,0,9,7.0,7,0,5,5,zero,86
online_feedback,shock,2,122,1,9,14.0,14,0,16,16,zero,86
online_feedback,shock,2,122,2,9,22.0,22,0,0,0,zero,86
online_feedback,shock,2,123,0,8,7.0,7,0,8,8,zero,86
online_feedback,shock,2,123,1,8,9.0,9,0,16,16,zero,86
online_feedback,shock,2,123,2,8,6.0,6,0,17,17,zero,86
online_feedback,shock,2,124,0,14,1.0,1,0,2,2,zero,86
online_feedback,shock,2,124,1,14,9.0,9,0,3,3,zero,86
online_feedback,shock,2,124,2,14,3.0,3,0,19,19,zero,86
online_feedback,shock,2,125,0,15,2.0,2,0,8,8,zero,86
online_feedback,shock,2,125,1,15,3.0,3,0,0,0,zero,86
online_feedback,shock,2,125,2,15,3.0,3,0,1,1,zero,86
online_feedback,shock,2,126,0,15,8.0,0,8,13,13,zero,86
online_feedback,shock,2,126,1,15,6.0,6,0,0,0,zero,86
online_feedback,shock,2,126,2,15,3.0,3,0,0,0,zero,86
online_feedback,shock,2,127,0,14,14.0,0,14,13,13,zero,86
online_feedback,shock,2,127,1,14,9.0,9,0,16,16,zero,86
online_feedback,shock,2,127,2,14,4.0,4,0,0,0,zero,86
online_feedback,shock,2,128,0,14,26.0,0,26,13,13,zero,86
online_feedback,shock,2,128,1,14,1.0,0,1,16,16,zero,86
online_feedback,shock,2,128,2,14,7.0,7,0,16,16,zero,86
online_feedback,shock,2,129,0,14,32.0,0,32,17,17,zero,86
online_feedback,shock,2,129,1,14,18.0,0,18,16,16,zero,86
online_feedback,shock,2,129,2,14,8.0,0,8,19,19,zero,86
online_feedback,shock,2,130,0,12,31.0,0,31,13,13,zero,86
online_feedback,shock,2,130,1,12,31.0,0,31,16,16,zero,86
online_feedback,shock,2,130,2,12,24.0,0,24,20,20,zero,86
online_feedback,shock,2,131,0,14,32.0,0,32,13,13,zero,86
online_feedback,shock,2,131,1,14,28.0,0,28,16,16,zero,86
online_feedback,shock,2,131,2,14,40.0,0,40,19,19,zero,86
online_feedback,shock,2,132,0,12,32.0,0,32,13,13,zero,86
online_feedback,shock,2,132,1,12,25.0,0,25,16,16,zero,86
online_feedback,shock,2,132,2,12,40.0,0,40,19,19,zero,86
online_feedback,shock,2,133,0,14,46.0,0,46,13,13,zero,86
online_feedback,shock,2,133,1,14,30.0,0,30,16,16,zero,86
online_feedback,shock,2,133,2,14,37.0,0,37,19,19,zero,86
online_feedback,shock,2,134,0,14,60.0,0,60,17,17,zero,86
online_feedback,shock,2,134,1,14,47.0,0,47,12,12,zero,86
online_feedback,shock,2,134,2,14,29.0,0,29,19,19,zero,86
online_feedback,shock,2,135,0,17,61.0,0,61,17,17,zero,86
online_feedback,shock,2,135,1,17,64.0,0,64,10,10,zero,86
online_feedback,shock,2,135,2,17,20.0,0,20,16,16,zero,86
online_feedback,shock,2,136,0,17,62.0,0,62,13,13,zero,86
online_feedback,shock,2,136,1,17,61.0,0,61,10,10,zero,86
online_feedback,shock,2,136,2,17,11.0,0,11,1,1,zero,86
online_feedback,shock,2,137,0,15,69.0,0,69,13,13,zero,86
online_feedback,shock,2,137,1,15,55.0,0,55,10,10,zero,86
online_feedback,shock,2,137,2,15,2.0,0,2,7,7,zero,86
online_feedback,shock,2,138,0,14,83.0,0,83,17,17,zero,86
online_feedback,shock,2,138,1,14,52.0,0,52,10,10,zero,86
online_feedback,shock,2,138,2,14,7.0,7,0,19,19,zero,86
online_feedback,shock,2,139,0,14,97.0,0,97,17,17,zero,86
online_feedback,shock,2,139,1,14,50.0,0,50,17,17,zero,86
online_feedback,shock,2,139,2,14,6.0,6,0,16,16,zero,86
online_feedback,shock,2,140,0,12,93.0,0,93,17,17,zero,86
online_feedback,shock,2,140,1,12,48.0,0,48,17,17,zero,86
online_feedback,shock,2,140,2,12,10.0,0,10,20,20,zero,86
online_feedback,shock,2,141,0,12,86.0,0,86,17,17,zero,86
online_feedback,shock,2,141,1,12,46.0,0,46,17,17,zero,86
online_feedback,shock,2,141,2,12,20.0,0,20,20,20,zero,86
online_feedback,shock,2,142,0,15,81.0,0,81,17,17,zero,86
online_feedback,shock,2,142,1,15,51.0,0,51,17,17,zero,86
online_feedback,shock,2,142,2,15,18.0,0,18,20,20,zero,86
online_feedback,shock,2,143,0,17,79.0,0,79,17,17,zero,86
online_feedback,shock,2,143,1,17,51.0,0,51,17,17,zero,86
online_feedback,shock,2,143,2,17,19.0,0,19,20,20,zero,86
online_feedback,shock,2,144,0,11,71.0,0,71,17,17,zero,86
online_feedback,shock,2,144,1,11,61.0,0,61,17,17,zero,86
online_feedback,shock,2,144,2,11,16.0,0,16,20,20,zero,86
online_feedback,shock,2,145,0,11,63.0,0,63,17,17,zero,86
online_feedback,shock,2,145,1,11,71.0,0,71,17,17,zero,86
online_feedback,shock,2,145,2,11,13.0,0,13,19,19,zero,86
online_feedback,shock,2,146,0,10,61.0,0,61,17,17,zero,86
online_feedback,shock,2,146,1,10,69.0,0,69,17,17,zero,86
online_feedback,shock,2,146,2,10,10.0,0,10,20,20,zero,86
online_feedback,shock,2,147,0,10,54.0,0,54,17,17,zero,86
online_feedback,shock,2,147,1,10,70.0,0,70,17,17,zero,86
online_feedback,shock,2,147,2,10,7.0,0,7,20,20,zero,86
online_feedback,shock,2,148,0,9,56.0,0,56,17,17,zero,86
online_feedback,shock,2,148,1,9,67.0,0,67,17,17,zero,86
online_feedback,shock,2,148,2,9,4.0,0,4,20,20,zero,86
online_feedback,shock,2,149,0,10,59.0,0,59,17,17,zero,86
online_feedback,shock,2,149,1,10,64.0,0,64,17,17,zero,86
online_feedback,shock,2,149,2,10,2.0,0,2,20,20,zero,86
online_feedback,shock,2,150,0,11,51.0,0,51,17,17,zero,86
online_feedback,shock,2,150,1,11,61.0,0,61,17,17,zero,86
online_feedback,shock,2,150,2,11,1.0,1,0,20,20,zero,86
online_feedback,shock,2,151,0,11,46.0,0,46,17,17,zero,86
online_feedback,shock,2,151,1,11,58.0,0,58,17,17,zero,86
online_feedback,shock,2,151,2,11,4.0,4,0,7,7,zero,86
online_feedback,shock,2,152,0,9,35.0,0,35,17,17,zero,86
online_feedback,shock,2,152,1,9,55.0,0,55,17,17,zero,86
online_feedback,shock,2,152,2,9,7.0,7,0,20,20,zero,86
online_feedback,shock,2,153,0,8,23.0,0,23,17,17,zero,86
online_feedback,shock,2,153,1,8,53.0,0,53,17,17,zero,86
online_feedback,shock,2,153,2,8,10.0,10,0,20,20,zero,86
online_feedback,shock,2,154,0,8,11.0,0,11,1,1,zero,86
online_feedback,shock,2,154,1,8,35.0,0,35,17,17,zero,86
online_feedback,shock,2,154,2,8,13.0,13,0,20,20,zero,86
online_feedback,shock,2,155,0,8,1.0,1,0,1,1,zero,86
online_feedback,shock,2,155,1,8,19.0,0,19,1,1,zero,86
online_feedback,shock,2,155,2,8,19.0,19,0,7,7,zero,86
online_feedback,shock,2,156,0,8,13.0,13,0,1,1,zero,86
online_feedback,shock,2,156,1,8,3.0,0,3,0,0,zero,86
online_feedback,shock,2,156,2,8,39.0,39,0,0,0,zero,86
online_feedback,shock,2,157,0,7,25.0,25,0,1,1,zero,86
online_feedback,shock,2,157,1,7,13.0,13,0,4,4,zero,86
online_feedback,shock,2,157,2,7,55.0,55,0,0,0,zero,86
online_feedback,shock,2,158,0,5,39.0,39,0,1,1,zero,86
online_feedback,shock,2,158,1,5,29.0,29,0,0,0,zero,86
online_feedback,shock,2,158,2,5,75.0,75,0,0,0,zero,86
online_feedback,shock,2,159,0,6,50.0,50,0,1,1,zero,86
online_feedback,shock,2,159,1,6,29.0,29,0,0,0,zero,86
online_feedback,shock,2,159,2,6,82.0,82,0,0,0,zero,86
online_feedback,shock,2,160,0,6,61.0,61,0,1,1,zero,86
online_feedback,shock,2,160,1,6,28.0,28,0,0,0,zero,86
online_feedback,shock,2,160,2,6,82.0,82,0,0,0,zero,86
online_feedback,shock,2,161,0,5,60.0,60,0,1,0,event4_revision_0,86
online_feedback,shock,2,161,1,5,32.0,32,0,0,0,event4_revision_0,86
online_feedback,shock,2,161,2,5,82.0,82,0,0,0,event4_revision_0,86
online_feedback,shock,2,162,0,5,56.0,56,0,1,0,event4_revision_0,86
online_feedback,shock,2,162,1,5,32.0,32,0,0,0,event4_revision_0,86
online_feedback,shock,2,162,2,5,82.0,82,0,0,0,event4_revision_0,86
online_feedback,shock,2,163,0,5,52.0,52,0,1,0,event4_revision_0,86
online_feedback,shock,2,163,1,5,32.0,32,0,0,0,event4_revision_0,86
online_feedback,shock,2,163,2,5,82.0,82,0,0,0,event4_revision_0,86
online_feedback,shock,2,164,0,5,48.0,48,0,1,0,event4_revision_0,86
online_feedback,shock,2,164,1,5,32.0,32,0,0,0,event4_revision_0,86
online_feedback,shock,2,164,2,5,82.0,82,0,0,0,event4_revision_0,86
online_feedback,shock,2,165,0,5,43.0,43,0,1,0,event4_revision_0,86
online_feedback,shock,2,165,1,5,32.0,32,0,0,0,event4_revision_0,86
online_feedback,shock,2,165,2,5,82.0,82,0,0,0,event4_revision_0,86
online_feedback,shock,2,166,0,5,38.0,38,0,1,1,zero,86
online_feedback,shock,2,166,1,5,31.0,31,0,0,0,zero,86
online_feedback,shock,2,166,2,5,82.0,82,0,0,0,zero,86
online_feedback,shock,2,167,0,5,33.0,33,0,1,1,zero,86
online_feedback,shock,2,167,1,5,30.0,30,0,0,0,zero,86
online_feedback,shock,2,167,2,5,82.0,82,0,0,0,zero,86
online_feedback,shock,2,168,0,5,28.0,28,0,1,1,zero,86
online_feedback,shock,2,168,1,5,29.0,29,0,0,0,zero,86
online_feedback,shock,2,168,2,5,82.0,82,0,0,0,zero,86
online_feedback,shock,2,169,0,4,24.0,24,0,1,1,zero,86
online_feedback,shock,2,169,1,4,28.0,28,0,0,0,zero,86
online_feedback,shock,2,169,2,4,82.0,82,0,0,0,zero,86
online_feedback,shock,2,170,0,4,21.0,21,0,1,1,zero,86
online_feedback,shock,2,170,1,4,27.0,27,0,0,0,zero,86
online_feedback,shock,2,170,2,4,82.0,82,0,0,0,zero,86
online_feedback,shock,2,171,0,4,18.0,18,0,1,1,zero,86
online_feedback,shock,2,171,1,4,26.0,26,0,0,0,zero,86
online_feedback,shock,2,171,2,4,82.0,82,0,0,0,zero,86
online_feedback,shock,2,172,0,4,15.0,15,0,8,8,zero,86
online_feedback,shock,2,172,1,4,18.0,18,0,0,0,zero,86
online_feedback,shock,2,172,2,4,82.0,82,0,0,0,zero,86
online_feedback,shock,2,173,0,4,12.0,12,0,1,1,zero,86
online_feedback,shock,2,173,1,4,17.0,17,0,4,4,zero,86
online_feedback,shock,2,173,2,4,78.0,78,0,0,0,zero,86
online_feedback,shock,2,174,0,6,7.0,7,0,8,8,zero,86
online_feedback,shock,2,174,1,6,9.0,9,0,2,2,zero,86
online_feedback,shock,2,174,2,6,76.0,76,0,0,0,zero,86
online_feedback,shock,2,175,0,5,3.0,3,0,5,5,zero,86
online_feedback,shock,2,175,1,5,4.0,4,0,16,16,zero,86
online_feedback,shock,2,175,2,5,60.0,60,0,0,0,zero,86
online_feedback,shock,2,176,0,5,6.0,6,0,1,1,zero,86
online_feedback,shock,2,176,1,5,3.0,3,0,10,10,zero,86
online_feedback,shock,2,176,2,5,50.0,50,0,0,0,zero,86
online_feedback,shock,2,177,0,6,1.0,1,0,8,8,zero,86
online_feedback,shock,2,177,1,6,1.0,0,1,0,0,zero,86
online_feedback,shock,2,177,2,6,50.0,50,0,0,0,zero,86
online_feedback,shock,2,178,0,6,3.0,3,0,8,8,zero,86
online_feedback,shock,2,178,1,6,7.0,0,7,2,2,zero,86
online_feedback,shock,2,178,2,6,48.0,48,0,0,0,zero,86
online_feedback,shock,2,179,0,6,2.0,2,0,8,8,zero,86
online_feedback,shock,2,179,1,6,1.0,1,0,16,16,zero,86
online_feedback,shock,2,179,2,6,32.0,32,0,0,0,zero,86
online_feedback,shock,2,180,0,5,2.0,0,2,5,5,zero,86
online_feedback,shock,2,180,1,5,6.0,6,0,16,16,zero,86
online_feedback,shock,2,180,2,5,16.0,16,0,4,4,zero,86
online_feedback,shock,2,181,0,5,-0.0,0,0,1,1,zero,86
online_feedback,shock,2,181,1,5,5.0,5,0,3,3,zero,86
online_feedback,shock,2,181,2,5,13.0,13,0,20,20,zero,86
online_feedback,shock,2,182,0,5,3.0,0,3,1,1,zero,86
online_feedback,shock,2,182,1,5,6.0,6,0,0,0,zero,86
online_feedback,shock,2,182,2,5,13.0,13,0,1,1,zero,86
online_feedback,shock,2,183,0,5,7.0,7,0,8,8,zero,86
online_feedback,shock,2,183,1,5,14.0,14,0,0,0,zero,86
online_feedback,shock,2,183,2,5,13.0,13,0,0,0,zero,86
online_feedback,shock,2,184,0,5,7.0,7,0,8,8,zero,86
online_feedback,shock,2,184,1,5,22.0,22,0,0,0,zero,86
online_feedback,shock,2,184,2,5,17.0,17,0,0,0,zero,86
online_feedback,shock,2,185,0,5,3.0,3,0,5,5,zero,86
online_feedback,shock,2,185,1,5,20.0,20,0,2,2,zero,86
online_feedback,shock,2,185,2,5,35.0,35,0,0,0,zero,86
online_feedback,shock,2,186,0,5,1.0,0,1,5,5,zero,86
online_feedback,shock,2,186,1,5,15.0,15,0,10,10,zero,86
online_feedback,shock,2,186,2,5,26.0,26,0,0,0,zero,86
online_feedback,shock,2,187,0,6,1.0,1,0,8,8,zero,86
online_feedback,shock,2,187,1,6,7.0,7,0,10,10,zero,86
online_feedback,shock,2,187,2,6,16.0,16,0,1,1,zero,86
online_feedback,shock,2,188,0,7,2.0,2,0,5,5,zero,86
online_feedback,shock,2,188,1,7,2.0,2,0,10,10,zero,86
online_feedback,shock,2,188,2,7,6.0,6,0,19,19,zero,86
online_feedback,shock,2,189,0,7,-0.0,0,0,16,16,zero,86
online_feedback,shock,2,189,1,7,12.0,0,12,0,0,zero,86
online_feedback,shock,2,189,2,7,6.0,6,0,19,19,zero,86
online_feedback,shock,2,190,0,7,2.0,0,2,8,8,zero,86
online_feedback,shock,2,190,1,7,10.0,0,10,16,16,zero,86
online_feedback,shock,2,190,2,7,10.0,0,10,1,1,zero,86
online_feedback,shock,2,191,0,6,-0.0,0,0,8,8,zero,86
online_feedback,shock,2,191,1,6,8.0,0,8,16,16,zero,86
online_feedback,shock,2,191,2,6,25.0,0,25,4,4,zero,86
online_feedback,shock,2,192,0,6,1.0,0,1,5,5,zero,86
online_feedback,shock,2,192,1,6,3.0,0,3,16,16,zero,86
online_feedback,shock,2,192,2,6,22.0,0,22,19,19,zero,86
online_feedback,shock,2,193,0,6,3.0,0,3,2,2,zero,86
online_feedback,shock,2,193,1,6,5.0,0,5,7,7,zero,86
online_feedback,shock,2,193,2,6,10.0,0,10,19,19,zero,86
online_feedback,shock,2,194,0,7,-0.0,0,0,8,8,zero,86
online_feedback,shock,2,194,1,7,7.0,0,7,0,0,zero,86
online_feedback,shock,2,194,2,7,9.0,0,9,19,19,zero,86
online_feedback,shock,2,195,0,7,3.0,3,0,8,8,zero,86
online_feedback,shock,2,195,1,7,14.0,0,14,0,0,zero,86
online_feedback,shock,2,195,2,7,5.0,0,5,1,1,zero,86
online_feedback,shock,2,196,0,8,5.0,5,0,8,8,event4_revision_0,86
online_feedback,shock,2,196,1,8,3.0,0,3,2,6,event4_revision_0,86
online_feedback,shock,2,196,2,8,8.0,8,0,0,1,event4_revision_0,86
online_feedback,shock,2,197,0,8,3.0,0,3,5,5,event4_revision_0,86
online_feedback,shock,2,197,1,8,11.0,11,0,12,13,event4_revision_0,86
online_feedback,shock,2,197,2,8,14.0,14,0,0,0,event4_revision_0,86
online_feedback,shock,2,198,0,9,6.0,0,6,5,6,event4_revision_0,86
online_feedback,shock,2,198,1,9,6.0,6,0,10,10,event4_revision_0,86
online_feedback,shock,2,198,2,9,23.0,23,0,0,0,event4_revision_0,86
online_feedback,shock,2,199,0,9,14.0,0,14,8,10,event4_revision_0,86
online_feedback,shock,2,199,1,9,-0.0,0,0,0,0,event4_revision_0,86
online_feedback,shock,2,199,2,9,24.0,24,0,19,13,event4_revision_0,86
online_feedback,shock,2,200,0,9,4.0,0,4,8,12,event4_revision_0,86
online_feedback,shock,2,200,1,9,1.0,0,1,12,12,event4_revision_0,86
online_feedback,shock,2,200,2,9,13.0,13,0,0,0,event4_revision_0,86
online_feedback,shock,3,1,0,10,10.0,10,0,17,17,zero,
online_feedback,shock,3,1,1,10,3.0,3,0,2,2,zero,
online_feedback,shock,3,1,2,10,18.0,18,0,0,0,zero,
online_feedback,shock,3,2,0,9,11.0,11,0,2,2,zero,
online_feedback,shock,3,2,1,9,11.0,11,0,16,16,zero,
online_feedback,shock,3,2,2,9,12.0,12,0,0,0,zero,
online_feedback,shock,3,3,0,9,12.0,12,0,16,16,zero,
online_feedback,shock,3,3,1,9,5.0,5,0,2,2,zero,
online_feedback,shock,3,3,2,9,20.0,20,0,20,20,zero,
online_feedback,shock,3,4,0,8,14.0,14,0,2,2,zero,
online_feedback,shock,3,4,1,8,13.0,13,0,10,10,zero,
online_feedback,shock,3,4,2,8,20.0,20,0,1,1,zero,
online_feedback,shock,3,5,0,9,22.0,22,0,1,1,zero,
online_feedback,shock,3,5,1,9,14.0,14,0,10,10,zero,
online_feedback,shock,3,5,2,9,10.0,10,0,7,7,zero,
online_feedback,shock,3,6,0,10,14.0,14,0,8,8,zero,
online_feedback,shock,3,6,1,10,22.0,22,0,3,3,zero,
online_feedback,shock,3,6,2,10,7.0,7,0,7,7,zero,
online_feedback,shock,3,7,0,12,18.0,18,0,8,8,zero,
online_feedback,shock,3,7,1,12,16.0,16,0,3,3,zero,
online_feedback,shock,3,7,2,12,24.0,24,0,0,0,zero,
online_feedback,shock,3,8,0,13,7.0,7,0,13,13,zero,
online_feedback,shock,3,8,1,13,13.0,13,0,10,10,zero,
online_feedback,shock,3,8,2,13,15.0,15,0,0,0,zero,
online_feedback,shock,3,9,0,13,5.0,0,5,13,13,zero,
online_feedback,shock,3,9,1,13,10.0,10,0,16,16,zero,
online_feedback,shock,3,9,2,13,6.0,6,0,20,20,zero,
online_feedback,shock,3,10,0,14,11.0,0,11,13,13,zero,
online_feedback,shock,3,10,1,14,-0.0,0,0,16,16,zero,
online_feedback,shock,3,10,2,14,3.0,0,3,20,20,zero,
online_feedback,shock,3,11,0,14,17.0,0,17,13,13,zero,
online_feedback,shock,3,11,1,14,10.0,0,10,16,16,zero,
online_feedback,shock,3,11,2,14,19.0,0,19,20,20,zero,
online_feedback,shock,3,12,0,14,18.0,0,18,13,13,zero,
online_feedback,shock,3,12,1,14,13.0,0,13,16,16,zero,
online_feedback,shock,3,12,2,14,35.0,0,35,20,20,zero,
online_feedback,shock,3,13,0,14,19.0,0,19,13,13,zero,
online_feedback,shock,3,13,1,14,10.0,0,10,16,16,zero,
online_feedback,shock,3,13,2,14,31.0,0,31,19,19,zero,
online_feedback,shock,3,14,0,14,20.0,0,20,13,13,zero,
online_feedback,shock,3,14,1,14,10.0,0,10,16,16,zero,
online_feedback,shock,3,14,2,14,27.0,0,27,19,19,zero,
online_feedback,shock,3,15,0,15,32.0,0,32,13,13,zero,
online_feedback,shock,3,15,1,15,23.0,0,23,16,16,zero,
online_feedback,shock,3,15,2,15,23.0,0,23,19,19,zero,
online_feedback,shock,3,16,0,13,35.0,0,35,13,13,zero,
online_feedback,shock,3,16,1,13,36.0,0,36,16,16,zero,
online_feedback,shock,3,16,2,13,19.0,0,19,19,19,zero,
online_feedback,shock,3,17,0,13,32.0,0,32,13,13,zero,
online_feedback,shock,3,17,1,13,29.0,0,29,12,12,zero,
online_feedback,shock,3,17,2,13,12.0,0,12,19,19,zero,
online_feedback,shock,3,18,0,12,31.0,0,31,13,13,zero,
online_feedback,shock,3,18,1,12,22.0,0,22,10,10,zero,
online_feedback,shock,3,18,2,12,3.0,0,3,7,7,zero,
online_feedback,shock,3,19,0,13,44.0,0,44,13,13,zero,
online_feedback,shock,3,19,1,13,15.0,0,15,17,17,zero,
online_feedback,shock,3,19,2,13,1.0,0,1,7,7,zero,
online_feedback,shock,3,20,0,12,56.0,0,56,17,17,zero,
online_feedback,shock,3,20,1,12,12.0,0,12,17,17,zero,
online_feedback,shock,3,20,2,12,1.0,1,0,20,20,zero,
online_feedback,shock,3,21,0,14,50.0,0,50,17,17,zero,
online_feedback,shock,3,21,1,14,10.0,0,10,17,17,zero,
online_feedback,shock,3,21,2,14,3.0,3,0,20,20,zero,
online_feedback,shock,3,22,0,13,43.0,0,43,17,17,zero,
online_feedback,shock,3,22,1,13,8.0,0,8,17,17,zero,
online_feedback,shock,3,22,2,13,7.0,0,7,20,20,zero,
online_feedback,shock,3,23,0,12,35.0,0,35,17,17,zero,
online_feedback,shock,3,23,1,12,6.0,0,6,17,17,zero,
online_feedback,shock,3,23,2,12,17.0,0,17,20,20,zero,
online_feedback,shock,3,24,0,12,27.0,0,27,17,17,zero,
online_feedback,shock,3,24,1,12,5.0,0,5,17,17,zero,
online_feedback,shock,3,24,2,12,14.0,0,14,20,20,zero,
online_feedback,shock,3,25,0,13,21.0,0,21,17,17,zero,
online_feedback,shock,3,25,1,13,5.0,0,5,17,17,zero,
online_feedback,shock,3,25,2,13,11.0,0,11,20,20,zero,
online_feedback,shock,3,26,0,12,14.0,0,14,17,17,zero,
online_feedback,shock,3,26,1,12,12.0,0,12,17,17,zero,
online_feedback,shock,3,26,2,12,8.0,0,8,20,20,zero,
online_feedback,shock,3,27,0,12,7.0,0,7,17,17,zero,
online_feedback,shock,3,27,1,12,22.0,0,22,17,17,zero,
online_feedback,shock,3,27,2,12,5.0,0,5,20,20,zero,
online_feedback,shock,3,28,0,12,1.0,0,1,17,17,zero,
online_feedback,shock,3,28,1,12,19.0,0,19,17,17,zero,
online_feedback,shock,3,28,2,12,2.0,0,2,20,20,zero,
online_feedback,shock,3,29,0,11,5.0,5,0,2,2,zero,
online_feedback,shock,3,29,1,11,1.0,0,1,17,17,zero,
online_feedback,shock,3,29,2,11,1.0,1,0,20,20,zero,
online_feedback,shock,3,30,0,12,3.0,3,0,2,2,zero,
online_feedback,shock,3,30,1,12,17.0,17,0,0,0,zero,
online_feedback,shock,3,30,2,12,21.0,21,0,7,7,zero,
online_feedback,shock,3,31,0,12,2.0,0,2,16,16,zero,
online_feedback,shock,3,31,1,12,21.0,21,0,0,0,zero,
online_feedback,shock,3,31,2,12,41.0,41,0,0,0,zero,
online_feedback,shock,3,32,0,12,6.0,6,0,5,5,zero,
online_feedback,shock,3,32,1,12,36.0,36,0,4,4,zero,
online_feedback,shock,3,32,2,12,57.0,57,0,0,0,zero,
online_feedback,shock,3,33,0,11,15.0,15,0,16,16,zero,
online_feedback,shock,3,33,1,11,39.0,39,0,6,6,zero,
online_feedback,shock,3,33,2,11,71.0,71,0,0,0,zero,
online_feedback,shock,3,34,0,13,5.0,5,0,5,5,zero,
online_feedback,shock,3,34,1,13,34.0,34,0,18,18,zero,
online_feedback,shock,3,34,2,13,60.0,60,0,0,0,zero,
online_feedback,shock,3,35,0,13,8.0,8,0,16,16,zero,
online_feedback,shock,3,35,1,13,18.0,18,0,2,2,zero,
online_feedback,shock,3,35,2,13,58.0,58,0,7,7,zero,
online_feedback,shock,3,36,0,13,-0.0,0,0,8,8,zero,
online_feedback,shock,3,36,1,13,14.0,14,0,16,16,zero,
online_feedback,shock,3,36,2,13,42.0,42,0,0,0,zero,
online_feedback,shock,3,37,0,15,1.0,1,0,16,16,zero,
online_feedback,shock,3,37,1,15,4.0,4,0,10,10,zero,
online_feedback,shock,3,37,2,15,32.0,32,0,16,16,zero,
online_feedback,shock,3,38,0,15,9.0,0,9,16,16,zero,
online_feedback,shock,3,38,1,15,6.0,6,0,16,16,zero,
online_feedback,shock,3,38,2,15,16.0,16,0,7,7,zero,
online_feedback,shock,3,39,0,15,8.0,0,8,17,17,zero,
online_feedback,shock,3,39,1,15,9.0,0,9,16,16,zero,
online_feedback,shock,3,39,2,15,7.0,7,0,20,20,zero,
online_feedback,shock,3,40,0,14,14.0,0,14,17,17,zero,
online_feedback,shock,3,40,1,14,10.0,0,10,16,16,zero,
online_feedback,shock,3,40,2,14,9.0,0,9,20,20,zero,
online_feedback,shock,3,41,0,14,12.0,0,12,17,17,zero,
online_feedback,shock,3,41,1,14,17.0,0,17,16,16,zero,
online_feedback,shock,3,41,2,14,9.0,0,9,20,20,zero,
online_feedback,shock,3,42,0,13,9.0,0,9,17,17,zero,
online_feedback,shock,3,42,1,13,18.0,0,18,16,16,zero,
online_feedback,shock,3,42,2,13,18.0,0,18,20,20,zero,
online_feedback,shock,3,43,0,13,14.0,0,14,17,17,zero,
online_feedback,shock,3,43,1,13,19.0,0,19,16,16,zero,
online_feedback,shock,3,43,2,13,14.0,0,14,20,20,zero,
online_feedback,shock,3,44,0,12,10.0,0,10,17,17,zero,
online_feedback,shock,3,44,1,12,29.0,0,29,17,17,zero,
online_feedback,shock,3,44,2,12,11.0,0,11,20,20,zero,
online_feedback,shock,3,45,0,13,13.0,0,13,17,17,zero,
online_feedback,shock,3,45,1,13,30.0,0,30,17,17,zero,
online_feedback,shock,3,45,2,13,8.0,0,8,20,20,zero,
online_feedback,shock,3,46,0,13,10.0,0,10,17,17,zero,
online_feedback,shock,3,46,1,13,40.0,0,40,17,17,zero,
online_feedback,shock,3,46,2,13,5.0,0,5,20,20,zero,
online_feedback,shock,3,47,0,12,6.0,0,6,17,17,zero,
online_feedback,shock,3,47,1,12,37.0,0,37,17,17,zero,
online_feedback,shock,3,47,2,12,2.0,0,2,20,20,zero,
online_feedback,shock,3,48,0,13,12.0,0,12,16,16,zero,
online_feedback,shock,3,48,1,13,33.0,0,33,17,17,zero,
online_feedback,shock,3,48,2,13,1.0,1,0,20,20,zero,
online_feedback,shock,3,49,0,13,9.0,0,9,16,16,zero,
online_feedback,shock,3,49,1,13,29.0,0,29,17,17,zero,
online_feedback,shock,3,49,2,13,4.0,4,0,7,7,zero,
online_feedback,shock,3,50,0,12,14.0,0,14,2,2,zero,
online_feedback,shock,3,50,1,12,11.0,0,11,17,17,zero,
online_feedback,shock,3,50,2,12,7.0,7,0,20,20,zero,
online_feedback,shock,3,51,0,14,8.0,0,8,16,16,zero,
online_feedback,shock,3,51,1,14,7.0,0,7,1,1,zero,
online_feedback,shock,3,51,2,14,26.0,26,0,20,20,zero,
online_feedback,shock,3,52,0,14,2.0,0,2,17,17,zero,
online_feedback,shock,3,52,1,14,5.0,0,5,17,17,zero,
online_feedback,shock,3,52,2,14,29.0,29,0,0,0,zero,
online_feedback,shock,3,53,0,14,4.0,4,0,16,16,zero,
online_feedback,shock,3,53,1,14,4.0,0,4,17,17,zero,
online_feedback,shock,3,53,2,14,19.0,19,0,0,0,zero,
online_feedback,shock,3,54,0,14,10.0,10,0,16,16,zero,
online_feedback,shock,3,54,1,14,3.0,0,3,17,17,zero,
online_feedback,shock,3,54,2,14,22.0,22,0,20,20,zero,
online_feedback,shock,3,55,0,12,18.0,18,0,16,16,zero,
online_feedback,shock,3,55,1,12,18.0,0,18,17,17,zero,
online_feedback,shock,3,55,2,12,25.0,25,0,20,20,zero,
online_feedback,shock,3,56,0,11,26.0,26,0,17,17,zero,
online_feedback,shock,3,56,1,11,18.0,0,18,17,17,zero,
online_feedback,shock,3,56,2,11,8.0,8,0,20,20,zero,
online_feedback,shock,3,57,0,12,31.0,31,0,2,2,zero,
online_feedback,shock,3,57,1,12,3.0,0,3,17,17,zero,
online_feedback,shock,3,57,2,12,9.0,0,9,16,16,zero,
online_feedback,shock,3,58,0,13,35.0,35,0,1,1,zero,
online_feedback,shock,3,58,1,13,13.0,13,0,17,17,zero,
online_feedback,shock,3,58,2,13,6.0,0,6,20,20,zero,
online_feedback,shock,3,59,0,13,23.0,23,0,7,7,zero,
online_feedback,shock,3,59,1,13,23.0,23,0,0,0,zero,
online_feedback,shock,3,59,2,13,14.0,14,0,20,20,zero,
online_feedback,shock,3,60,0,14,26.0,26,0,8,8,zero,
online_feedback,shock,3,60,1,14,32.0,32,0,0,0,zero,
online_feedback,shock,3,60,2,14,34.0,34,0,0,0,zero,
online_feedback,shock,3,61,0,15,28.0,28,0,8,8,zero,
online_feedback,shock,3,61,1,15,32.0,32,0,4,4,zero,
online_feedback,shock,3,61,2,15,46.0,46,0,0,0,zero,
online_feedback,shock,3,62,0,14,18.0,18,0,13,13,zero,
online_feedback,shock,3,62,1,14,39.0,39,0,2,2,zero,
online_feedback,shock,3,62,2,14,64.0,64,0,0,0,zero,
online_feedback,shock,3,63,0,15,10.0,10,0,13,13,zero,
online_feedback,shock,3,63,1,15,32.0,32,0,10,10,zero,
online_feedback,shock,3,63,2,15,74.0,74,0,0,0,zero,
online_feedback,shock,3,64,0,18,-0.0,0,0,13,13,zero,
online_feedback,shock,3,64,1,18,19.0,19,0,16,16,zero,
online_feedback,shock,3,64,2,18,58.0,58,0,0,0,zero,
online_feedback,shock,3,65,0,17,9.0,0,9,13,13,zero,
online_feedback,shock,3,65,1,17,10.0,10,0,16,16,zero,
online_feedback,shock,3,65,2,17,42.0,42,0,1,1,zero,
online_feedback,shock,3,66,0,18,14.0,0,14,13,13,zero,
online_feedback,shock,3,66,1,18,1.0,0,1,16,16,zero,
online_feedback,shock,3,66,2,18,26.0,26,0,20,20,zero,
online_feedback,shock,3,67,0,20,21.0,0,21,13,13,zero,
online_feedback,shock,3,67,1,20,4.0,0,4,16,16,zero,
online_feedback,shock,3,67,2,20,10.0,10,0,20,20,zero,
online_feedback,shock,3,68,0,20,28.0,0,28,13,13,zero,
online_feedback,shock,3,68,1,20,1.0,0,1,16,16,zero,
online_feedback,shock,3,68,2,20,6.0,0,6,20,20,zero,
online_feedback,shock,3,69,0,20,35.0,0,35,13,13,zero,
online_feedback,shock,3,69,1,20,2.0,2,0,16,16,zero,
online_feedback,shock,3,69,2,20,21.0,0,21,20,20,zero,
online_feedback,shock,3,70,0,20,43.0,0,43,17,17,zero,
online_feedback,shock,3,70,1,20,1.0,1,0,16,16,zero,
online_feedback,shock,3,70,2,20,17.0,0,17,20,20,zero,
online_feedback,shock,3,71,0,20,53.0,0,53,17,17,zero,
online_feedback,shock,3,71,1,20,-0.0,0,0,17,17,zero,
online_feedback,shock,3,71,2,20,14.0,0,14,20,20,zero,
online_feedback,shock,3,72,0,20,57.0,0,57,17,17,zero,
online_feedback,shock,3,72,1,20,7.0,0,7,17,17,zero,
online_feedback,shock,3,72,2,20,11.0,0,11,20,20,zero,
online_feedback,shock,3,73,0,20,63.0,0,63,17,17,zero,
online_feedback,shock,3,73,1,20,23.0,0,23,17,17,zero,
online_feedback,shock,3,73,2,20,8.0,0,8,20,20,zero,
online_feedback,shock,3,74,0,20,66.0,0,66,17,17,zero,
online_feedback,shock,3,74,1,20,20.0,0,20,17,17,zero,
online_feedback,shock,3,74,2,20,5.0,0,5,20,20,zero,
online_feedback,shock,3,75,0,19,68.0,0,68,17,17,zero,
online_feedback,shock,3,75,1,19,17.0,0,17,17,17,zero,
online_feedback,shock,3,75,2,19,2.0,0,2,20,20,zero,
online_feedback,shock,3,76,0,19,77.0,0,77,17,17,zero,
online_feedback,shock,3,76,1,19,14.0,0,14,17,17,zero,
online_feedback,shock,3,76,2,19,1.0,1,0,20,20,zero,
online_feedback,shock,3,77,0,18,94.0,0,94,17,17,zero,
online_feedback,shock,3,77,1,18,11.0,0,11,17,17,zero,
online_feedback,shock,3,77,2,18,4.0,4,0,7,7,zero,
online_feedback,shock,3,78,0,19,93.0,0,93,17,17,zero,
online_feedback,shock,3,78,1,19,8.0,0,8,17,17,zero,
online_feedback,shock,3,78,2,19,7.0,7,0,20,20,zero,
online_feedback,shock,3,79,0,20,93.0,0,93,17,17,zero,
online_feedback,shock,3,79,1,20,5.0,0,5,17,17,zero,
online_feedback,shock,3,79,2,20,10.0,10,0,20,20,zero,
online_feedback,shock,3,80,0,19,92.0,0,92,17,17,zero,
online_feedback,shock,3,80,1,19,3.0,0,3,17,17,zero,
online_feedback,shock,3,80,2,19,13.0,13,0,20,20,zero,
online_feedback,shock,3,81,0,20,92.0,0,92,17,17,zero,
online_feedback,shock,3,81,1,20,3.0,0,3,17,17,zero,
online_feedback,shock,3,81,2,20,3.0,3,0,7,7,zero,
online_feedback,shock,3,82,0,20,92.0,0,92,17,17,zero,
online_feedback,shock,3,82,1,20,3.0,0,3,17,17,zero,
online_feedback,shock,3,82,2,20,6.0,6,0,20,20,zero,
online_feedback,shock,3,83,0,20,92.0,0,92,17,17,zero,
online_feedback,shock,3,83,1,20,3.0,0,3,17,17,zero,
online_feedback,shock,3,83,2,20,9.0,9,0,20,20,zero,
online_feedback,shock,3,84,0,20,93.0,0,93,17,17,zero,
online_feedback,shock,3,84,1,20,3.0,0,3,17,17,zero,
online_feedback,shock,3,84,2,20,12.0,12,0,20,20,zero,
online_feedback,shock,3,85,0,20,96.0,0,96,17,17,zero,
online_feedback,shock,3,85,1,20,3.0,0,3,17,17,zero,
online_feedback,shock,3,85,2,20,2.0,2,0,7,7,zero,
online_feedback,shock,3,86,0,20,99.0,0,99,17,17,zero,
online_feedback,shock,3,86,1,20,3.0,0,3,17,17,zero,
online_feedback,shock,3,86,2,20,5.0,5,0,20,20,zero,
online_feedback,shock,3,87,0,20,102.0,0,102,17,17,zero,
online_feedback,shock,3,87,1,20,3.0,0,3,17,17,zero,
online_feedback,shock,3,87,2,20,8.0,8,0,20,20,zero,
online_feedback,shock,3,88,0,20,105.0,0,105,17,17,zero,
online_feedback,shock,3,88,1,20,3.0,0,3,17,17,zero,
online_feedback,shock,3,88,2,20,11.0,11,0,20,20,zero,
online_feedback,shock,3,89,0,20,108.0,0,108,17,17,zero,
online_feedback,shock,3,89,1,20,3.0,0,3,17,17,zero,
online_feedback,shock,3,89,2,20,1.0,1,0,7,7,zero,
online_feedback,shock,3,90,0,20,111.0,0,111,17,17,zero,
online_feedback,shock,3,90,1,20,3.0,0,3,17,17,zero,
online_feedback,shock,3,90,2,20,4.0,4,0,20,20,zero,
online_feedback,shock,3,91,0,20,114.0,0,114,17,17,zero,91
online_feedback,shock,3,91,1,20,3.0,0,3,17,17,zero,91
online_feedback,shock,3,91,2,20,7.0,7,0,20,20,zero,91
online_feedback,shock,3,92,0,20,117.0,0,117,17,17,zero,91
online_feedback,shock,3,92,1,20,3.0,0,3,17,17,zero,91
online_feedback,shock,3,92,2,20,10.0,10,0,20,20,zero,91
online_feedback,shock,3,93,0,20,120.0,0,120,17,17,zero,91
online_feedback,shock,3,93,1,20,3.0,0,3,17,17,zero,91
online_feedback,shock,3,93,2,20,-0.0,0,0,7,7,zero,91
online_feedback,shock,3,94,0,20,123.0,0,123,17,17,zero,91
online_feedback,shock,3,94,1,20,3.0,0,3,17,17,zero,91
online_feedback,shock,3,94,2,20,3.0,3,0,20,20,zero,91
online_feedback,shock,3,95,0,20,126.0,0,126,17,17,zero,91
online_feedback,shock,3,95,1,20,3.0,0,3,17,17,zero,91
online_feedback,shock,3,95,2,20,6.0,6,0,20,20,zero,91
online_feedback,shock,3,96,0,20,129.0,0,129,17,17,zero,91
online_feedback,shock,3,96,1,20,3.0,0,3,17,17,zero,91
online_feedback,shock,3,96,2,20,9.0,9,0,20,20,zero,91
online_feedback,shock,3,97,0,20,132.0,0,132,17,17,zero,91
online_feedback,shock,3,97,1,20,3.0,0,3,17,17,zero,91
online_feedback,shock,3,97,2,20,1.0,0,1,7,7,zero,91
online_feedback,shock,3,98,0,20,135.0,0,135,17,17,zero,91
online_feedback,shock,3,98,1,20,3.0,0,3,17,17,zero,91
online_feedback,shock,3,98,2,20,2.0,2,0,20,20,zero,91
online_feedback,shock,3,99,0,20,138.0,0,138,17,17,zero,91
online_feedback,shock,3,99,1,20,3.0,0,3,17,17,zero,91
online_feedback,shock,3,99,2,20,5.0,5,0,20,20,zero,91
online_feedback,shock,3,100,0,20,141.0,0,141,17,17,zero,91
online_feedback,shock,3,100,1,20,3.0,0,3,17,17,zero,91
online_feedback,shock,3,100,2,20,8.0,8,0,20,20,zero,91
online_feedback,shock,3,101,0,20,144.0,0,144,17,17,zero,91
online_feedback,shock,3,101,1,20,4.0,0,4,17,17,zero,91
online_feedback,shock,3,101,2,20,2.0,0,2,7,7,zero,91
online_feedback,shock,3,102,0,20,147.0,0,147,17,17,zero,91
online_feedback,shock,3,102,1,20,3.0,0,3,17,17,zero,91
online_feedback,shock,3,102,2,20,1.0,1,0,20,20,zero,91
online_feedback,shock,3,103,0,20,150.0,0,150,17,17,zero,91
online_feedback,shock,3,103,1,20,3.0,0,3,17,17,zero,91
online_feedback,shock,3,103,2,20,4.0,4,0,20,20,zero,91
online_feedback,shock,3,104,0,20,153.0,0,153,17,17,zero,91
online_feedback,shock,3,104,1,20,3.0,0,3,17,17,zero,91
online_feedback,shock,3,104,2,20,7.0,7,0,20,20,zero,91
online_feedback,shock,3,105,0,20,157.0,0,157,17,17,zero,91
online_feedback,shock,3,105,1,20,5.0,0,5,17,17,zero,91
online_feedback,shock,3,105,2,20,3.0,0,3,7,7,zero,91
online_feedback,shock,3,106,0,20,159.0,0,159,17,17,zero,91
online_feedback,shock,3,106,1,20,3.0,0,3,17,17,zero,91
online_feedback,shock,3,106,2,20,-0.0,0,0,20,20,zero,91
online_feedback,shock,3,107,0,20,162.0,0,162,17,17,zero,91
online_feedback,shock,3,107,1,20,3.0,0,3,17,17,zero,91
online_feedback,shock,3,107,2,20,3.0,3,0,20,20,zero,91
online_feedback,shock,3,108,0,20,165.0,0,165,17,17,zero,91
online_feedback,shock,3,108,1,20,3.0,0,3,17,17,zero,91
online_feedback,shock,3,108,2,20,6.0,6,0,20,20,zero,91
online_feedback,shock,3,109,0,10,160.0,0,160,17,17,zero,91
online_feedback,shock,3,109,1,10,6.0,0,6,17,17,zero,91
online_feedback,shock,3,109,2,10,4.0,0,4,7,7,zero,91
online_feedback,shock,3,110,0,10,151.0,0,151,17,17,zero,91
online_feedback,shock,3,110,1,10,3.0,0,3,17,17,zero,91
online_feedback,shock,3,110,2,10,1.0,0,1,20,20,zero,91
online_feedback,shock,3,111,0,10,144.0,0,144,17,17,zero,91
online_feedback,shock,3,111,1,10,3.0,0,3,17,17,zero,91
online_feedback,shock,3,111,2,10,2.0,2,0,20,20,zero,91
online_feedback,shock,3,112,0,9,136.0,0,136,17,17,zero,91
online_feedback,shock,3,112,1,9,3.0,0,3,17,17,zero,91
online_feedback,shock,3,112,2,9,5.0,5,0,20,20,zero,91
online_feedback,shock,3,113,0,9,131.0,0,131,17,17,zero,91
online_feedback,shock,3,113,1,9,7.0,0,7,17,17,zero,91
online_feedback,shock,3,113,2,9,5.0,0,5,7,7,zero,91
online_feedback,shock,3,114,0,10,121.0,0,121,17,17,zero,91
online_feedback,shock,3,114,1,10,4.0,0,4,17,17,zero,91
online_feedback,shock,3,114,2,10,2.0,0,2,20,20,zero,91
online_feedback,shock,3,115,0,10,114.0,0,114,17,17,zero,91
online_feedback,shock,3,115,1,10,3.0,0,3,17,17,zero,91
online_feedback,shock,3,115,2,10,1.0,1,0,20,20,zero,91
online_feedback,shock,3,116,0,10,107.0,0,107,17,17,zero,91
online_feedback,shock,3,116,1,10,3.0,0,3,17,17,zero,91
online_feedback,shock,3,116,2,10,4.0,4,0,20,20,zero,91
online_feedback,shock,3,117,0,10,104.0,0,104,17,17,zero,91
online_feedback,shock,3,117,1,10,8.0,0,8,17,17,zero,91
online_feedback,shock,3,117,2,10,6.0,0,6,16,16,zero,91
online_feedback,shock,3,118,0,10,94.0,0,94,17,17,zero,91
online_feedback,shock,3,118,1,10,5.0,0,5,17,17,zero,91
online_feedback,shock,3,118,2,10,3.0,0,3,20,20,zero,91
online_feedback,shock,3,119,0,10,86.0,0,86,17,17,zero,91
online_feedback,shock,3,119,1,10,3.0,0,3,17,17,zero,91
online_feedback,shock,3,119,2,10,-0.0,0,0,20,20,zero,91
online_feedback,shock,3,120,0,10,79.0,0,79,17,17,zero,91
online_feedback,shock,3,120,1,10,3.0,0,3,17,17,zero,91
online_feedback,shock,3,120,2,10,3.0,3,0,20,20,zero,91
online_feedback,shock,3,121,0,10,77.0,0,77,17,17,zero,91
online_feedback,shock,3,121,1,10,9.0,0,9,17,17,zero,91
online_feedback,shock,3,121,2,10,2.0,2,0,7,7,zero,91
online_feedback,shock,3,122,0,10,67.0,0,67,17,17,zero,91
online_feedback,shock,3,122,1,10,6.0,0,6,17,17,zero,91
online_feedback,shock,3,122,2,10,5.0,5,0,20,20,zero,91
online_feedback,shock,3,123,0,10,58.0,0,58,17,17,zero,91
online_feedback,shock,3,123,1,10,3.0,0,3,17,17,zero,91
online_feedback,shock,3,123,2,10,8.0,8,0,20,20,zero,91
online_feedback,shock,3,124,0,10,51.0,0,51,17,17,zero,91
online_feedback,shock,3,124,1,10,3.0,0,3,17,17,zero,91
online_feedback,shock,3,124,2,10,11.0,11,0,20,20,zero,91
online_feedback,shock,3,125,0,10,50.0,0,50,17,17,zero,91
online_feedback,shock,3,125,1,10,3.0,0,3,17,17,zero,91
online_feedback,shock,3,125,2,10,1.0,1,0,7,7,zero,91
online_feedback,shock,3,126,0,10,40.0,0,40,17,17,zero,91
online_feedback,shock,3,126,1,10,3.0,0,3,17,17,zero,91
online_feedback,shock,3,126,2,10,4.0,4,0,20,20,zero,91
online_feedback,shock,3,127,0,10,30.0,0,30,17,17,zero,91
online_feedback,shock,3,127,1,10,3.0,0,3,17,17,zero,91
online_feedback,shock,3,127,2,10,7.0,7,0,20,20,zero,91
online_feedback,shock,3,128,0,10,23.0,0,23,17,17,zero,91
online_feedback,shock,3,128,1,10,3.0,0,3,17,17,zero,91
online_feedback,shock,3,128,2,10,10.0,10,0,20,20,zero,91
online_feedback,shock,3,129,0,10,16.0,0,16,17,17,zero,91
online_feedback,shock,3,129,1,10,3.0,0,3,17,17,zero,91
online_feedback,shock,3,129,2,10,-0.0,0,0,7,7,zero,91
online_feedback,shock,3,130,0,10,9.0,0,9,17,17,zero,91
online_feedback,shock,3,130,1,10,3.0,0,3,17,17,zero,91
online_feedback,shock,3,130,2,10,3.0,3,0,20,20,zero,91
online_feedback,shock,3,131,0,10,2.0,0,2,2,2,zero,91
online_feedback,shock,3,131,1,10,12.0,12,0,17,17,zero,91
online_feedback,shock,3,131,2,10,6.0,6,0,20,20,zero,91
online_feedback,shock,3,132,0,10,5.0,5,0,16,16,zero,91
online_feedback,shock,3,132,1,10,13.0,13,0,0,0,zero,91
online_feedback,shock,3,132,2,10,26.0,26,0,20,20,zero,91
online_feedback,shock,3,133,0,10,12.0,12,0,2,2,zero,91
online_feedback,shock,3,133,1,10,28.0,28,0,1,1,zero,91
online_feedback,shock,3,133,2,10,32.0,32,0,0,0,zero,91
online_feedback,shock,3,134,0,10,19.0,19,0,16,16,zero,91
online_feedback,shock,3,134,1,10,29.0,29,0,6,6,zero,91
online_feedback,shock,3,134,2,10,46.0,46,0,0,0,zero,91
online_feedback,shock,3,135,0,10,14.0,14,0,2,2,zero,91
online_feedback,shock,3,135,1,10,44.0,44,0,17,17,zero,91
online_feedback,shock,3,135,2,10,49.0,49,0,0,0,zero,91
online_feedback,shock,3,136,0,10,20.0,20,0,16,16,zero,91
online_feedback,shock,3,136,1,10,28.0,28,0,2,2,zero,91
online_feedback,shock,3,136,2,10,67.0,67,0,7,7,zero,91
online_feedback,shock,3,137,0,10,12.0,12,0,2,2,zero,91
online_feedback,shock,3,137,1,10,27.0,27,0,10,10,zero,91
online_feedback,shock,3,137,2,10,57.0,57,0,0,0,zero,91
online_feedback,shock,3,138,0,10,18.0,18,0,8,8,zero,91
online_feedback,shock,3,138,1,10,25.0,25,0,10,10,zero,91
online_feedback,shock,3,138,2,10,47.0,47,0,0,0,zero,91
online_feedback,shock,3,139,0,10,10.0,10,0,8,8,zero,91
online_feedback,shock,3,139,1,10,34.0,34,0,2,2,zero,91
online_feedback,shock,3,139,2,10,45.0,45,0,0,0,zero,91
online_feedback,shock,3,140,0,10,16.0,16,0,8,8,zero,91
online_feedback,shock,3,140,1,10,28.0,28,0,2,2,zero,91
online_feedback,shock,3,140,2,10,50.0,50,0,0,0,zero,91
online_feedback,shock,3,141,0,8,10.0,10,0,13,13,zero,91
online_feedback,shock,3,141,1,8,25.0,25,0,10,10,zero,91
online_feedback,shock,3,141,2,8,40.0,40,0,0,0,zero,91
online_feedback,shock,3,142,0,8,10.0,10,0,2,2,zero,91
online_feedback,shock,3,142,1,8,33.0,33,0,10,10,zero,91
online_feedback,shock,3,142,2,8,30.0,30,0,0,0,zero,91
online_feedback,shock,3,143,0,8,10.0,10,0,16,16,zero,91
online_feedback,shock,3,143,1,8,19.0,19,0,2,2,zero,91
online_feedback,shock,3,143,2,8,28.0,28,0,17,17,zero,91
online_feedback,shock,3,144,0,9,9.0,9,0,2,2,zero,91
online_feedback,shock,3,144,1,9,19.0,19,0,16,16,zero,91
online_feedback,shock,3,144,2,9,12.0,12,0,0,0,zero,91
online_feedback,shock,3,145,0,9,13.0,13,0,8,8,zero,91
online_feedback,shock,3,145,1,9,21.0,21,0,2,2,zero,91
online_feedback,shock,3,145,2,9,10.0,10,0,19,19,zero,91
online_feedback,shock,3,146,0,9,6.0,6,0,5,5,zero,91
online_feedback,shock,3,146,1,9,26.0,26,0,2,2,zero,91
online_feedback,shock,3,146,2,9,8.0,8,0,1,1,zero,91
online_feedback,shock,3,147,0,9,13.0,13,0,8,8,zero,91
online_feedback,shock,3,147,1,9,20.0,20,0,2,2,zero,91
online_feedback,shock,3,147,2,9,23.0,23,0,0,0,zero,91
online_feedback,shock,3,148,0,8,7.0,7,0,8,8,zero,91
online_feedback,shock,3,148,1,8,28.0,28,0,10,10,zero,91
online_feedback,shock,3,148,2,8,13.0,13,0,0,0,zero,91
online_feedback,shock,3,149,0,16,1.0,0,1,13,13,zero,91
online_feedback,shock,3,149,1,16,17.0,17,0,10,10,zero,91
online_feedback,shock,3,149,2,16,22.0,22,0,0,0,zero,91
online_feedback,shock,3,150,0,16,12.0,0,12,13,13,zero,91
online_feedback,shock,3,150,1,16,6.0,6,0,10,10,zero,91
online_feedback,shock,3,150,2,16,13.0,13,0,17,17,zero,91
online_feedback,shock,3,151,0,18,22.0,0,22,13,13,event4_initial_1,91
online_feedback,shock,3,151,1,18,5.0,0,5,16,16,event4_initial_1,91
online_feedback,shock,3,151,2,18,3.0,0,3,19,19,event4_initial_1,91
online_feedback,shock,3,152,0,17,31.0,0,31,17,17,event4_initial_1,91
online_feedback,shock,3,152,1,17,12.0,0,12,16,19,event4_initial_1,91
online_feedback,shock,3,152,2,17,22.0,0,22,20,20,event4_initial_1,91
online_feedback,shock,3,153,0,18,36.0,0,36,17,17,event4_initial_1,91
online_feedback,shock,3,153,1,18,19.0,0,19,16,19,event4_initial_1,91
online_feedback,shock,3,153,2,18,41.0,0,41,20,20,event4_initial_1,91
online_feedback,shock,3,154,0,19,42.0,0,42,17,17,event4_initial_1,91
online_feedback,shock,3,154,1,19,26.0,0,26,16,19,event4_initial_1,91
online_feedback,shock,3,154,2,19,43.0,0,43,20,20,event4_initial_1,91
online_feedback,shock,3,155,0,19,53.0,0,53,17,17,event4_initial_1,91
online_feedback,shock,3,155,1,19,30.0,0,30,16,19,event4_initial_1,91
online_feedback,shock,3,155,2,19,43.0,0,43,19,20,event4_initial_1,91
online_feedback,shock,3,156,0,16,59.0,0,59,17,17,zero,91
online_feedback,shock,3,156,1,16,47.0,0,47,16,16,zero,91
online_feedback,shock,3,156,2,16,39.0,0,39,19,19,zero,91
online_feedback,shock,3,157,0,14,63.0,0,63,17,17,zero,91
online_feedback,shock,3,157,1,14,64.0,0,64,12,12,zero,91
online_feedback,shock,3,157,2,14,31.0,0,31,19,19,zero,91
online_feedback,shock,3,158,0,14,67.0,0,67,13,13,zero,91
online_feedback,shock,3,158,1,14,60.0,0,60,10,10,zero,91
online_feedback,shock,3,158,2,14,21.0,0,21,16,16,zero,91
online_feedback,shock,3,159,0,12,66.0,0,66,13,13,zero,91
online_feedback,shock,3,159,1,12,54.0,0,54,10,10,zero,91
online_feedback,shock,3,159,2,12,11.0,0,11,1,1,zero,91
online_feedback,shock,3,160,0,13,79.0,0,79,17,17,zero,91
online_feedback,shock,3,160,1,13,51.0,0,51,10,10,zero,91
online_feedback,shock,3,160,2,13,2.0,0,2,7,7,zero,91
online_feedback,shock,3,161,0,19,98.0,0,98,17,17,zero,91
online_feedback,shock,3,161,1,19,48.0,0,48,17,17,zero,91
online_feedback,shock,3,161,2,19,-0.0,0,0,19,19,zero,91
online_feedback,shock,3,162,0,18,99.0,0,99,17,17,zero,91
online_feedback,shock,3,162,1,18,45.0,0,45,17,17,zero,91
online_feedback,shock,3,162,2,18,1.0,0,1,20,20,zero,91
online_feedback,shock,3,163,0,18,98.0,0,98,17,17,zero,91
online_feedback,shock,3,163,1,18,42.0,0,42,17,17,zero,91
online_feedback,shock,3,163,2,18,17.0,0,17,20,20,zero,91
online_feedback,shock,3,164,0,16,94.0,0,94,17,17,zero,91
online_feedback,shock,3,164,1,16,40.0,0,40,17,17,zero,91
online_feedback,shock,3,164,2,16,27.0,0,27,20,20,zero,91
online_feedback,shock,3,165,0,15,89.0,0,89,17,17,zero,91
online_feedback,shock,3,165,1,15,38.0,0,38,17,17,zero,91
online_feedback,shock,3,165,2,15,25.0,0,25,20,20,zero,91
online_feedback,shock,3,166,0,14,83.0,0,83,17,17,zero,91
online_feedback,shock,3,166,1,14,39.0,0,39,17,17,zero,91
online_feedback,shock,3,166,2,14,22.0,0,22,19,19,zero,91
online_feedback,shock,3,167,0,13,76.0,0,76,17,17,zero,91
online_feedback,shock,3,167,1,13,55.0,0,55,17,17,zero,91
online_feedback,shock,3,167,2,13,19.0,0,19,19,19,zero,91
online_feedback,shock,3,168,0,14,71.0,0,71,17,17,zero,91
online_feedback,shock,3,168,1,14,65.0,0,65,17,17,zero,91
online_feedback,shock,3,168,2,14,16.0,0,16,19,19,zero,91
online_feedback,shock,3,169,0,15,67.0,0,67,17,17,zero,91
online_feedback,shock,3,169,1,15,63.0,0,63,17,17,zero,91
online_feedback,shock,3,169,2,15,13.0,0,13,19,19,zero,91
online_feedback,shock,3,170,0,14,65.0,0,65,17,17,zero,91
online_feedback,shock,3,170,1,14,60.0,0,60,17,17,zero,91
online_feedback,shock,3,170,2,14,11.0,0,11,19,19,zero,91
online_feedback,shock,3,171,0,14,78.0,0,78,17,17,zero,91
online_feedback,shock,3,171,1,14,57.0,0,57,17,17,zero,91
online_feedback,shock,3,171,2,14,9.0,0,9,19,19,zero,91
online_feedback,shock,3,172,0,15,86.0,0,86,17,17,zero,91
online_feedback,shock,3,172,1,15,54.0,0,54,17,17,zero,91
online_feedback,shock,3,172,2,15,7.0,0,7,20,20,zero,91
online_feedback,shock,3,173,0,16,83.0,0,83,17,17,zero,91
online_feedback,shock,3,173,1,16,51.0,0,51,17,17,zero,91
online_feedback,shock,3,173,2,16,5.0,0,5,20,20,zero,91
online_feedback,shock,3,174,0,14,77.0,0,77,17,17,zero,91
online_feedback,shock,3,174,1,14,49.0,0,49,17,17,zero,91
online_feedback,shock,3,174,2,14,3.0,0,3,20,20,zero,91
online_feedback,shock,3,175,0,12,69.0,0,69,17,17,zero,91
online_feedback,shock,3,175,1,12,47.0,0,47,17,17,zero,91
online_feedback,shock,3,175,2,12,1.0,0,1,20,20,zero,91
online_feedback,shock,3,176,0,11,60.0,0,60,17,17,zero,91
online_feedback,shock,3,176,1,11,45.0,0,45,17,17,zero,91
online_feedback,shock,3,176,2,11,2.0,2,0,20,20,zero,91
online_feedback,shock,3,177,0,12,52.0,0,52,17,17,zero,91
online_feedback,shock,3,177,1,12,43.0,0,43,17,17,zero,91
online_feedback,shock,3,177,2,12,5.0,5,0,7,7,zero,91
online_feedback,shock,3,178,0,13,46.0,0,46,17,17,zero,91
online_feedback,shock,3,178,1,13,41.0,0,41,17,17,zero,91
online_feedback,shock,3,178,2,13,8.0,8,0,20,20,zero,91
online_feedback,shock,3,179,0,12,39.0,0,39,17,17,zero,91
online_feedback,shock,3,179,1,12,39.0,0,39,17,17,zero,91
online_feedback,shock,3,179,2,12,11.0,11,0,20,20,zero,91
online_feedback,shock,3,180,0,12,32.0,0,32,17,17,zero,91
online_feedback,shock,3,180,1,12,38.0,0,38,17,17,zero,91
online_feedback,shock,3,180,2,12,14.0,14,0,20,20,zero,91
online_feedback,shock,3,181,0,11,24.0,0,24,17,17,zero,91
online_feedback,shock,3,181,1,11,38.0,0,38,17,17,zero,91
online_feedback,shock,3,181,2,11,4.0,4,0,7,7,zero,91
online_feedback,shock,3,182,0,11,16.0,0,16,17,17,zero,91
online_feedback,shock,3,182,1,11,38.0,0,38,17,17,zero,91
online_feedback,shock,3,182,2,11,7.0,7,0,20,20,zero,91
online_feedback,shock,3,183,0,11,8.0,0,8,17,17,zero,91
online_feedback,shock,3,183,1,11,38.0,0,38,17,17,zero,91
online_feedback,shock,3,183,2,11,10.0,10,0,20,20,zero,91
online_feedback,shock,3,184,0,12,2.0,0,2,2,2,zero,91
online_feedback,shock,3,184,1,12,23.0,0,23,17,17,zero,91
online_feedback,shock,3,184,2,12,13.0,13,0,20,20,zero,91
online_feedback,shock,3,185,0,14,1.0,1,0,2,2,zero,91
online_feedback,shock,3,185,1,14,8.0,0,8,1,1,zero,91
online_feedback,shock,3,185,2,14,19.0,19,0,7,7,zero,91
online_feedback,shock,3,186,0,18,-0.0,0,0,16,16,zero,91
online_feedback,shock,3,186,1,18,7.0,0,7,0,0,zero,91
online_feedback,shock,3,186,2,18,39.0,39,0,0,0,zero,91
online_feedback,shock,3,187,0,19,2.0,0,2,17,17,zero,91
online_feedback,shock,3,187,1,19,7.0,0,7,17,17,zero,91
online_feedback,shock,3,187,2,19,42.0,42,0,0,0,zero,91
online_feedback,shock,3,188,0,20,5.0,0,5,17,17,zero,91
online_feedback,shock,3,188,1,20,7.0,0,7,17,17,zero,91
online_feedback,shock,3,188,2,20,45.0,45,0,7,7,zero,91
online_feedback,shock,3,189,0,19,7.0,0,7,17,17,zero,91
online_feedback,shock,3,189,1,19,23.0,0,23,17,17,zero,91
online_feedback,shock,3,189,2,19,35.0,35,0,20,20,zero,91
online_feedback,shock,3,190,0,19,9.0,0,9,17,17,zero,91
online_feedback,shock,3,190,1,19,40.0,0,40,17,17,zero,91
online_feedback,shock,3,190,2,19,18.0,18,0,20,20,zero,91
online_feedback,shock,3,191,0,17,9.0,0,9,13,13,zero,91
online_feedback,shock,3,191,1,17,36.0,0,36,17,17,zero,91
online_feedback,shock,3,191,2,17,1.0,1,0,20,20,zero,91
online_feedback,shock,3,192,0,14,6.0,0,6,13,13,zero,91
online_feedback,shock,3,192,1,14,32.0,0,32,17,17,zero,91
online_feedback,shock,3,192,2,14,9.0,0,9,16,16,zero,91
online_feedback,shock,3,193,0,16,21.0,0,21,13,13,zero,91
online_feedback,shock,3,193,1,16,28.0,0,28,17,17,zero,91
online_feedback,shock,3,193,2,16,6.0,0,6,20,20,zero,91
online_feedback,shock,3,194,0,15,36.0,0,36,13,13,zero,91
online_feedback,shock,3,194,1,15,24.0,0,24,17,17,zero,91
online_feedback,shock,3,194,2,15,3.0,0,3,20,20,zero,91
online_feedback,shock,3,195,0,14,33.0,0,33,17,17,zero,91
online_feedback,shock,3,195,1,14,24.0,0,24,17,17,zero,91
online_feedback,shock,3,195,2,14,-0.0,0,0,20,20,zero,91
online_feedback,shock,3,196,0,14,30.0,0,30,17,17,zero,91
online_feedback,shock,3,196,1,14,33.0,0,33,17,17,zero,91
online_feedback,shock,3,196,2,14,1.0,0,1,7,7,zero,91
online_feedback,shock,3,197,0,14,27.0,0,27,17,17,zero,91
online_feedback,shock,3,197,1,14,30.0,0,30,17,17,zero,91
online_feedback,shock,3,197,2,14,2.0,2,0,20,20,zero,91
online_feedback,shock,3,198,0,12,22.0,0,22,17,17,zero,91
online_feedback,shock,3,198,1,12,27.0,0,27,17,17,zero,91
online_feedback,shock,3,198,2,12,5.0,5,0,20,20,zero,91
online_feedback,shock,3,199,0,13,18.0,0,18,17,17,zero,91
online_feedback,shock,3,199,1,13,24.0,0,24,17,17,zero,91
online_feedback,shock,3,199,2,13,8.0,8,0,20,20,zero,91
online_feedback,shock,3,200,0,12,22.0,0,22,17,17,zero,91
online_feedback,shock,3,200,1,12,25.0,0,25,17,17,zero,91
online_feedback,shock,3,200,2,12,2.0,0,2,7,7,zero,91
