group,scenario,trace,period,node,demand,cost,inventory,backlog,happo_order,actual_order,chosen,notification_period
happo,base,0,1,0,10,10.0,10,0,10,10,zero,
happo,base,0,1,1,10,10.0,10,0,15,15,zero,
happo,base,0,1,2,10,5.0,5,0,0,0,zero,
happo,base,0,2,0,11,9.0,9,0,10,10,zero,
happo,base,0,2,1,11,10.0,10,0,1,1,zero,
happo,base,0,2,2,11,14.0,14,0,20,20,zero,
happo,base,0,3,0,11,8.0,8,0,19,19,zero,
happo,base,0,3,1,11,1.0,1,0,15,15,zero,
happo,base,0,3,2,11,9.0,9,0,3,3,zero,
happo,base,0,4,0,11,7.0,7,0,6,6,zero,
happo,base,0,4,1,11,5.0,5,0,15,15,zero,
happo,base,0,4,2,11,4.0,4,0,20,20,zero,
happo,base,0,5,0,11,6.0,6,0,10,10,zero,
happo,base,0,5,1,11,10.0,10,0,15,15,zero,
happo,base,0,5,2,11,11.0,0,11,20,20,zero,
happo,base,0,6,0,10,6.0,6,0,6,6,zero,
happo,base,0,6,1,10,5.0,5,0,15,15,zero,
happo,base,0,6,2,10,6.0,0,6,20,20,zero,
happo,base,0,7,0,10,15.0,15,0,10,10,zero,
happo,base,0,7,1,10,10.0,10,0,3,3,zero,
happo,base,0,7,2,10,6.0,0,6,20,20,zero,
happo,base,0,8,0,10,11.0,11,0,6,6,zero,
happo,base,0,8,1,10,19.0,19,0,15,15,zero,
happo,base,0,8,2,10,1.0,0,1,0,0,zero,
happo,base,0,9,0,11,10.0,10,0,19,19,zero,
happo,base,0,9,1,11,4.0,4,0,0,0,zero,
happo,base,0,9,2,11,19.0,19,0,0,0,zero,
happo,base,0,10,0,12,4.0,4,0,9,9,zero,
happo,base,0,10,1,12,15.0,15,0,15,15,zero,
happo,base,0,10,2,12,24.0,24,0,0,0,zero,
happo,base,0,11,0,13,1.0,1,0,9,9,zero,
happo,base,0,11,1,13,9.0,9,0,3,3,zero,
happo,base,0,11,2,13,41.0,41,0,1,1,zero,
happo,base,0,12,0,11,4.0,0,4,10,10,zero,
happo,base,0,12,1,11,19.0,19,0,15,15,zero,
happo,base,0,12,2,11,26.0,26,0,0,0,zero,
happo,base,0,13,0,11,4.0,4,0,10,10,zero,
happo,base,0,13,1,11,10.0,10,0,3,3,zero,
happo,base,0,13,2,11,23.0,23,0,20,20,zero,
happo,base,0,14,0,13,-0.0,0,0,19,19,zero,
happo,base,0,14,1,13,6.0,6,0,15,15,zero,
happo,base,0,14,2,13,8.0,8,0,3,3,zero,
happo,base,0,15,0,12,3.0,0,3,9,9,zero,
happo,base,0,15,1,12,-0.0,0,0,15,15,zero,
happo,base,0,15,2,12,6.0,0,6,20,20,zero,
happo,base,0,16,0,13,6.0,0,6,19,19,zero,
happo,base,0,16,1,13,4.0,0,4,15,15,zero,
happo,base,0,16,2,13,21.0,0,21,20,20,zero,
happo,base,0,17,0,12,8.0,0,8,10,10,zero,
happo,base,0,17,1,12,11.0,0,11,15,15,zero,
happo,base,0,17,2,12,16.0,0,16,20,20,zero,
happo,base,0,18,0,14,3.0,0,3,10,10,zero,
happo,base,0,18,1,14,6.0,0,6,15,15,zero,
happo,base,0,18,2,14,28.0,0,28,20,20,zero,
happo,base,0,19,0,13,7.0,0,7,10,10,zero,
happo,base,0,19,1,13,7.0,0,7,15,15,zero,
happo,base,0,19,2,13,23.0,0,23,16,16,zero,
happo,base,0,20,0,12,4.0,0,4,19,19,zero,
happo,base,0,20,1,12,26.0,0,26,15,15,zero,
happo,base,0,20,2,12,18.0,0,18,16,16,zero,
happo,base,0,21,0,12,13.0,0,13,19,19,zero,
happo,base,0,21,1,12,25.0,0,25,18,18,zero,
happo,base,0,21,2,12,16.0,0,16,16,16,zero,
happo,base,0,22,0,11,9.0,0,9,10,10,zero,
happo,base,0,22,1,11,32.0,0,32,18,18,zero,
happo,base,0,22,2,11,14.0,0,14,20,20,zero,
happo,base,0,23,0,10,10.0,0,10,19,19,zero,
happo,base,0,23,1,10,31.0,0,31,3,3,zero,
happo,base,0,23,2,10,1.0,0,1,20,20,zero,
happo,base,0,24,0,10,20.0,0,20,10,10,zero,
happo,base,0,24,1,10,21.0,0,21,18,18,zero,
happo,base,0,24,2,10,3.0,0,3,1,1,zero,
happo,base,0,25,0,11,11.0,0,11,6,6,zero,
happo,base,0,25,1,11,7.0,0,7,18,18,zero,
happo,base,0,25,2,11,5.0,0,5,16,16,zero,
happo,base,0,26,0,11,19.0,0,19,6,6,zero,
happo,base,0,26,1,11,7.0,7,0,0,0,zero,
happo,base,0,26,2,11,15.0,15,0,20,20,zero,
happo,base,0,27,0,11,10.0,0,10,6,6,zero,
happo,base,0,27,1,11,17.0,17,0,0,0,zero,
happo,base,0,27,2,11,35.0,35,0,0,0,zero,
happo,base,0,28,0,10,-0.0,0,0,6,6,zero,
happo,base,0,28,1,10,27.0,27,0,0,0,zero,
happo,base,0,28,2,10,36.0,36,0,0,0,zero,
happo,base,0,29,0,11,9.0,9,0,10,10,zero,
happo,base,0,29,1,11,33.0,33,0,12,12,zero,
happo,base,0,29,2,11,40.0,40,0,0,0,zero,
happo,base,0,30,0,12,10.0,10,0,19,19,zero,
happo,base,0,30,1,12,19.0,19,0,12,12,zero,
happo,base,0,30,2,12,48.0,48,0,0,0,zero,
happo,base,0,31,0,10,6.0,6,0,9,9,zero,
happo,base,0,31,1,10,10.0,10,0,18,18,zero,
happo,base,0,31,2,10,30.0,30,0,1,1,zero,
happo,base,0,32,0,10,2.0,2,0,10,10,zero,
happo,base,0,32,1,10,-0.0,0,0,3,3,zero,
happo,base,0,32,2,10,27.0,27,0,20,20,zero,
happo,base,0,33,0,11,1.0,1,0,6,6,zero,
happo,base,0,33,1,11,6.0,6,0,15,15,zero,
happo,base,0,33,2,11,12.0,12,0,3,3,zero,
happo,base,0,34,0,12,8.0,8,0,10,10,zero,
happo,base,0,34,1,12,8.0,8,0,3,3,zero,
happo,base,0,34,2,12,9.0,9,0,20,20,zero,
happo,base,0,35,0,11,6.0,6,0,19,19,zero,
happo,base,0,35,1,11,7.0,7,0,15,15,zero,
happo,base,0,35,2,11,5.0,0,5,3,3,zero,
happo,base,0,36,0,11,5.0,5,0,9,9,zero,
happo,base,0,36,1,11,1.0,1,0,15,15,zero,
happo,base,0,36,2,11,-0.0,0,0,20,20,zero,
happo,base,0,37,0,11,-0.0,0,0,10,10,zero,
happo,base,0,37,1,11,6.0,6,0,15,15,zero,
happo,base,0,37,2,11,12.0,0,12,20,20,zero,
happo,base,0,38,0,10,-0.0,0,0,6,6,zero,
happo,base,0,38,1,10,3.0,3,0,15,15,zero,
happo,base,0,38,2,10,7.0,0,7,20,20,zero,
happo,base,0,39,0,12,7.0,7,0,10,10,zero,
happo,base,0,39,1,12,3.0,3,0,3,3,zero,
happo,base,0,39,2,12,7.0,0,7,20,20,zero,
happo,base,0,40,0,13,3.0,3,0,19,19,zero,
happo,base,0,40,1,13,4.0,4,0,15,15,zero,
happo,base,0,40,2,13,2.0,0,2,0,0,zero,
happo,base,0,41,0,13,-0.0,0,0,9,9,zero,
happo,base,0,41,1,13,2.0,0,2,15,15,zero,
happo,base,0,41,2,13,3.0,3,0,0,0,zero,
happo,base,0,42,0,11,5.0,0,5,19,19,zero,
happo,base,0,42,1,11,1.0,0,1,15,15,zero,
happo,base,0,42,2,11,8.0,8,0,20,20,zero,
happo,base,0,43,0,11,6.0,0,6,6,6,zero,
happo,base,0,43,1,11,4.0,0,4,18,18,zero,
happo,base,0,43,2,11,10.0,10,0,20,20,zero,
happo,base,0,44,0,13,-0.0,0,0,10,10,zero,
happo,base,0,44,1,13,6.0,6,0,3,3,zero,
happo,base,0,44,2,13,7.0,7,0,20,20,zero,
happo,base,0,45,0,14,7.0,0,7,10,10,zero,
happo,base,0,45,1,14,13.0,13,0,15,15,zero,
happo,base,0,45,2,14,8.0,0,8,0,0,zero,
happo,base,0,46,0,13,-0.0,0,0,19,19,zero,
happo,base,0,46,1,13,9.0,9,0,15,15,zero,
happo,base,0,46,2,13,3.0,0,3,0,0,zero,
happo,base,0,47,0,14,11.0,0,11,9,9,zero,
happo,base,0,47,1,14,18.0,18,0,15,15,zero,
happo,base,0,47,2,14,2.0,2,0,20,20,zero,
happo,base,0,48,0,14,11.0,0,11,19,19,zero,
happo,base,0,48,1,14,2.0,2,0,3,3,zero,
happo,base,0,48,2,14,19.0,19,0,20,20,zero,
happo,base,0,49,0,16,17.0,0,17,10,10,zero,
happo,base,0,49,1,16,1.0,0,1,15,15,zero,
happo,base,0,49,2,16,4.0,4,0,0,0,zero,
happo,base,0,50,0,18,16.0,0,16,19,19,zero,
happo,base,0,50,1,18,-0.0,0,0,15,15,zero,
happo,base,0,50,2,18,11.0,0,11,20,20,zero,
happo,base,0,51,0,20,27.0,0,27,19,19,zero,
happo,base,0,51,1,20,1.0,0,1,15,15,zero,
happo,base,0,51,2,20,6.0,0,6,20,20,zero,
happo,base,0,52,0,20,28.0,0,28,19,19,zero,
happo,base,0,52,1,20,17.0,0,17,15,15,zero,
happo,base,0,52,2,20,1.0,0,1,20,20,zero,
happo,base,0,53,0,18,37.0,0,37,19,19,zero,
happo,base,0,53,1,18,21.0,0,21,18,18,zero,
happo,base,0,53,2,18,19.0,0,19,20,20,zero,
happo,base,0,54,0,19,36.0,0,36,10,10,zero,
happo,base,0,54,1,19,27.0,0,27,18,18,zero,
happo,base,0,54,2,19,17.0,0,17,16,16,zero,
happo,base,0,55,0,17,35.0,0,35,19,19,zero,
happo,base,0,55,1,17,26.0,0,26,15,15,zero,
happo,base,0,55,2,17,12.0,0,12,20,20,zero,
happo,base,0,56,0,17,49.0,0,49,19,19,zero,
happo,base,0,56,1,17,25.0,0,25,18,18,zero,
happo,base,0,56,2,17,10.0,0,10,16,16,zero,
happo,base,0,57,0,19,53.0,0,53,19,19,zero,
happo,base,0,57,1,19,44.0,0,44,18,18,zero,
happo,base,0,57,2,19,8.0,0,8,20,20,zero,
happo,base,0,58,0,17,66.0,0,66,17,17,zero,
happo,base,0,58,1,17,41.0,0,41,18,18,zero,
happo,base,0,58,2,17,10.0,0,10,20,20,zero,
happo,base,0,59,0,18,64.0,0,64,17,17,zero,
happo,base,0,59,1,18,38.0,0,38,18,18,zero,
happo,base,0,59,2,18,8.0,0,8,20,20,zero,
happo,base,0,60,0,17,61.0,0,61,17,17,zero,
happo,base,0,60,1,17,35.0,0,35,18,18,zero,
happo,base,0,60,2,17,10.0,0,10,20,20,zero,
happo,base,0,61,0,17,78.0,0,78,17,17,zero,
happo,base,0,61,1,17,32.0,0,32,18,18,zero,
happo,base,0,61,2,17,8.0,0,8,16,16,zero,
happo,base,0,62,0,16,74.0,0,74,17,17,zero,
happo,base,0,62,1,16,33.0,0,33,18,18,zero,
happo,base,0,62,2,16,6.0,0,6,20,20,zero,
happo,base,0,63,0,17,71.0,0,71,17,17,zero,
happo,base,0,63,1,17,30.0,0,30,18,18,zero,
happo,base,0,63,2,17,4.0,0,4,20,20,zero,
happo,base,0,64,0,16,67.0,0,67,17,17,zero,
happo,base,0,64,1,16,31.0,0,31,18,18,zero,
happo,base,0,64,2,16,2.0,0,2,20,20,zero,
happo,base,0,65,0,16,63.0,0,63,17,17,zero,
happo,base,0,65,1,16,28.0,0,28,18,18,zero,
happo,base,0,65,2,16,4.0,0,4,16,16,zero,
happo,base,0,66,0,17,64.0,0,64,17,17,zero,
happo,base,0,66,1,17,25.0,0,25,18,18,zero,
happo,base,0,66,2,17,2.0,0,2,16,16,zero,
happo,base,0,67,0,18,62.0,0,62,17,17,zero,
happo,base,0,67,1,18,22.0,0,22,18,18,zero,
happo,base,0,67,2,18,-0.0,0,0,16,16,zero,
happo,base,0,68,0,16,62.0,0,62,17,17,zero,
happo,base,0,68,1,16,19.0,0,19,18,18,zero,
happo,base,0,68,2,16,2.0,2,0,20,20,zero,
happo,base,0,69,0,18,60.0,0,60,17,17,zero,
happo,base,0,69,1,18,20.0,0,20,18,18,zero,
happo,base,0,69,2,18,-0.0,0,0,20,20,zero,
happo,base,0,70,0,15,55.0,0,55,17,17,zero,
happo,base,0,70,1,15,17.0,0,17,18,18,zero,
happo,base,0,70,2,15,2.0,0,2,16,16,zero,
happo,base,0,71,0,14,49.0,0,49,10,10,zero,
happo,base,0,71,1,14,7.0,0,7,18,18,zero,
happo,base,0,71,2,14,4.0,0,4,16,16,zero,
happo,base,0,72,0,15,44.0,0,44,10,10,zero,
happo,base,0,72,1,15,1.0,1,0,18,18,zero,
happo,base,0,72,2,15,2.0,0,2,20,20,zero,
happo,base,0,73,0,14,42.0,0,42,19,19,zero,
happo,base,0,73,1,14,-0.0,0,0,18,18,zero,
happo,base,0,73,2,14,-0.0,0,0,20,20,zero,
happo,base,0,74,0,13,35.0,0,35,10,10,zero,
happo,base,0,74,1,13,6.0,6,0,18,18,zero,
happo,base,0,74,2,13,2.0,0,2,16,16,zero,
happo,base,0,75,0,13,28.0,0,28,10,10,zero,
happo,base,0,75,1,13,12.0,12,0,18,18,zero,
happo,base,0,75,2,13,4.0,0,4,16,16,zero,
happo,base,0,76,0,12,23.0,0,23,10,10,zero,
happo,base,0,76,1,12,22.0,22,0,0,0,zero,
happo,base,0,76,2,12,16.0,16,0,20,20,zero,
happo,base,0,77,0,13,17.0,0,17,10,10,zero,
happo,base,0,77,1,13,32.0,32,0,3,3,zero,
happo,base,0,77,2,13,33.0,33,0,0,0,zero,
happo,base,0,78,0,12,19.0,0,19,19,19,zero,
happo,base,0,78,1,12,29.0,29,0,12,12,zero,
happo,base,0,78,2,12,37.0,37,0,0,0,zero,
happo,base,0,79,0,14,23.0,0,23,10,10,zero,
happo,base,0,79,1,14,35.0,35,0,18,18,zero,
happo,base,0,79,2,14,35.0,35,0,0,0,zero,
happo,base,0,80,0,15,28.0,0,28,19,19,zero,
happo,base,0,80,1,15,20.0,20,0,15,15,zero,
happo,base,0,80,2,15,40.0,40,0,16,16,zero,
happo,base,0,81,0,14,32.0,0,32,19,19,zero,
happo,base,0,81,1,14,4.0,4,0,15,15,zero,
happo,base,0,81,2,14,25.0,25,0,20,20,zero,
happo,base,0,82,0,13,26.0,0,26,10,10,zero,
happo,base,0,82,1,13,6.0,6,0,15,15,zero,
happo,base,0,82,2,13,10.0,10,0,20,20,zero,
happo,base,0,83,0,12,28.0,0,28,19,19,zero,
happo,base,0,83,1,12,5.0,5,0,15,15,zero,
happo,base,0,83,2,12,5.0,0,5,20,20,zero,
happo,base,0,84,0,11,20.0,0,20,10,10,zero,
happo,base,0,84,1,11,10.0,10,0,15,15,zero,
happo,base,0,84,2,11,4.0,0,4,0,0,zero,
happo,base,0,85,0,11,12.0,0,12,10,10,zero,
happo,base,0,85,1,11,15.0,15,0,15,15,zero,
happo,base,0,85,2,11,1.0,1,0,0,0,zero,
happo,base,0,86,0,12,14.0,0,14,10,10,zero,
happo,base,0,86,1,12,20.0,20,0,3,3,zero,
happo,base,0,86,2,12,18.0,18,0,20,20,zero,
happo,base,0,87,0,15,10.0,0,10,10,10,zero,
happo,base,0,87,1,15,20.0,20,0,3,3,zero,
happo,base,0,87,2,15,35.0,35,0,3,3,zero,
happo,base,0,88,0,14,14.0,0,14,19,19,zero,
happo,base,0,88,1,14,17.0,17,0,15,15,zero,
happo,base,0,88,2,14,20.0,20,0,0,0,zero,
happo,base,0,89,0,15,19.0,0,19,19,19,zero,
happo,base,0,89,1,15,17.0,17,0,15,15,zero,
happo,base,0,89,2,15,5.0,5,0,16,16,zero,
happo,base,0,90,0,15,24.0,0,24,19,19,zero,
happo,base,0,90,1,15,1.0,1,0,15,15,zero,
happo,base,0,90,2,15,10.0,10,0,20,20,zero,
happo,base,0,91,0,15,29.0,0,29,17,17,zero,
happo,base,0,91,1,15,13.0,0,13,15,15,zero,
happo,base,0,91,2,15,2.0,0,2,20,20,zero,
happo,base,0,92,0,14,24.0,0,24,19,19,zero,
happo,base,0,92,1,14,17.0,0,17,18,18,zero,
happo,base,0,92,2,14,20.0,0,20,20,20,zero,
happo,base,0,93,0,14,19.0,0,19,10,10,zero,
happo,base,0,93,1,14,12.0,0,12,18,18,zero,
happo,base,0,93,2,14,22.0,0,22,20,20,zero,
happo,base,0,94,0,13,13.0,0,13,19,19,zero,
happo,base,0,94,1,13,16.0,0,16,15,15,zero,
happo,base,0,94,2,13,17.0,0,17,16,16,zero,
happo,base,0,95,0,14,23.0,0,23,19,19,zero,
happo,base,0,95,1,14,22.0,0,22,18,18,zero,
happo,base,0,95,2,14,15.0,0,15,16,16,zero,
happo,base,0,96,0,16,24.0,0,24,19,19,zero,
happo,base,0,96,1,16,41.0,0,41,18,18,zero,
happo,base,0,96,2,16,13.0,0,13,20,20,zero,
happo,base,0,97,0,15,24.0,0,24,19,19,zero,
happo,base,0,97,1,15,44.0,0,44,18,18,zero,
happo,base,0,97,2,15,11.0,0,11,20,20,zero,
happo,base,0,98,0,12,21.0,0,21,10,10,zero,
happo,base,0,98,1,12,34.0,0,34,18,18,zero,
happo,base,0,98,2,12,13.0,0,13,20,20,zero,
happo,base,0,99,0,13,21.0,0,21,10,10,zero,
happo,base,0,99,1,13,24.0,0,24,3,3,zero,
happo,base,0,99,2,13,-0.0,0,0,20,20,zero,
happo,base,0,100,0,14,35.0,0,35,19,19,zero,
happo,base,0,100,1,14,23.0,0,23,3,3,zero,
happo,base,0,100,2,14,17.0,17,0,1,1,zero,
happo,base,0,101,0,15,34.0,0,34,10,10,zero,
happo,base,0,101,1,15,13.0,0,13,18,18,zero,
happo,base,0,101,2,15,19.0,19,0,0,0,zero,
happo,base,0,102,0,13,27.0,0,27,10,10,zero,
happo,base,0,102,1,13,7.0,0,7,18,18,zero,
happo,base,0,102,2,13,21.0,21,0,16,16,zero,
happo,base,0,103,0,13,20.0,0,20,10,10,zero,
happo,base,0,103,1,13,1.0,0,1,18,18,zero,
happo,base,0,103,2,13,23.0,23,0,20,20,zero,
happo,base,0,104,0,11,11.0,0,11,10,10,zero,
happo,base,0,104,1,11,8.0,0,8,3,3,zero,
happo,base,0,104,2,11,21.0,21,0,20,20,zero,
happo,base,0,105,0,10,1.0,0,1,10,10,zero,
happo,base,0,105,1,10,-0.0,0,0,18,18,zero,
happo,base,0,105,2,10,3.0,3,0,0,0,zero,
happo,base,0,106,0,10,5.0,5,0,6,6,zero,
happo,base,0,106,1,10,12.0,12,0,18,18,zero,
happo,base,0,106,2,10,1.0,1,0,3,3,zero,
happo,base,0,107,0,9,12.0,12,0,10,10,zero,
happo,base,0,107,1,9,20.0,20,0,3,3,zero,
happo,base,0,107,2,9,18.0,18,0,20,20,zero,
happo,base,0,108,0,9,6.0,6,0,6,6,zero,
happo,base,0,108,1,9,17.0,17,0,12,12,zero,
happo,base,0,108,2,9,26.0,26,0,0,0,zero,
happo,base,0,109,0,9,15.0,15,0,6,6,zero,
happo,base,0,109,1,9,29.0,29,0,0,0,zero,
happo,base,0,109,2,9,26.0,26,0,2,2,zero,
happo,base,0,110,0,9,12.0,12,0,10,10,zero,
happo,base,0,110,1,9,37.0,37,0,0,0,zero,
happo,base,0,110,2,9,29.0,29,0,0,0,zero,
happo,base,0,111,0,12,10.0,10,0,9,9,zero,
happo,base,0,111,1,12,31.0,31,0,12,12,zero,
happo,base,0,111,2,12,37.0,37,0,0,0,zero,
happo,base,0,112,0,12,4.0,4,0,19,19,zero,
happo,base,0,112,1,12,24.0,24,0,15,15,zero,
happo,base,0,112,2,12,22.0,22,0,1,1,zero,
happo,base,0,113,0,11,1.0,0,1,9,9,zero,
happo,base,0,113,1,11,15.0,15,0,15,15,zero,
happo,base,0,113,2,11,9.0,9,0,20,20,zero,
happo,base,0,114,0,12,3.0,0,3,9,9,zero,
happo,base,0,114,1,12,6.0,6,0,3,3,zero,
happo,base,0,114,2,12,6.0,6,0,20,20,zero,
happo,base,0,115,0,12,6.0,0,6,10,10,zero,
happo,base,0,115,1,12,8.0,8,0,15,15,zero,
happo,base,0,115,2,12,9.0,0,9,0,0,zero,
happo,base,0,116,0,15,2.0,0,2,10,10,zero,
happo,base,0,116,1,15,13.0,13,0,15,15,zero,
happo,base,0,116,2,15,23.0,0,23,20,20,zero,
happo,base,0,117,0,16,9.0,0,9,19,19,zero,
happo,base,0,117,1,16,9.0,9,0,15,15,zero,
happo,base,0,117,2,16,18.0,0,18,20,20,zero,
happo,base,0,118,0,15,15.0,0,15,19,19,zero,
happo,base,0,118,1,15,7.0,0,7,15,15,zero,
happo,base,0,118,2,15,13.0,0,13,20,20,zero,
happo,base,0,119,0,16,21.0,0,21,19,19,zero,
happo,base,0,119,1,16,20.0,0,20,15,15,zero,
happo,base,0,119,2,16,28.0,0,28,20,20,zero,
happo,base,0,120,0,18,29.0,0,29,19,19,zero,
happo,base,0,120,1,18,38.0,0,38,15,15,zero,
happo,base,0,120,2,18,23.0,0,23,17,17,zero,
happo,base,0,121,0,17,27.0,0,27,19,19,zero,
happo,base,0,121,1,17,37.0,0,37,18,18,zero,
happo,base,0,121,2,17,21.0,0,21,16,16,zero,
happo,base,0,122,0,17,32.0,0,32,10,10,zero,
happo,base,0,122,1,17,27.0,0,27,18,18,zero,
happo,base,0,122,2,17,19.0,0,19,20,20,zero,
happo,base,0,123,0,17,43.0,0,43,19,19,zero,
happo,base,0,123,1,17,46.0,0,46,18,18,zero,
happo,base,0,123,2,17,17.0,0,17,20,20,zero,
happo,base,0,124,0,19,61.0,0,61,17,17,zero,
happo,base,0,124,1,19,43.0,0,43,18,18,zero,
happo,base,0,124,2,19,18.0,0,18,20,20,zero,
happo,base,0,125,0,20,61.0,0,61,17,17,zero,
happo,base,0,125,1,20,40.0,0,40,18,18,zero,
happo,base,0,125,2,20,20.0,0,20,20,20,zero,
happo,base,0,126,0,20,61.0,0,61,17,17,zero,
happo,base,0,126,1,20,37.0,0,37,18,18,zero,
happo,base,0,126,2,20,18.0,0,18,20,20,zero,
happo,base,0,127,0,20,81.0,0,81,17,17,zero,
happo,base,0,127,1,20,34.0,0,34,18,18,zero,
happo,base,0,127,2,20,16.0,0,16,20,20,zero,
happo,base,0,128,0,20,81.0,0,81,17,17,zero,
happo,base,0,128,1,20,34.0,0,34,18,18,zero,
happo,base,0,128,2,20,14.0,0,14,16,16,zero,
happo,base,0,129,0,20,81.0,0,81,17,17,zero,
happo,base,0,129,1,20,35.0,0,35,18,18,zero,
happo,base,0,129,2,20,12.0,0,12,20,20,zero,
happo,base,0,130,0,20,81.0,0,81,17,17,zero,
happo,base,0,130,1,20,32.0,0,32,18,18,zero,
happo,base,0,130,2,20,10.0,0,10,20,20,zero,
happo,base,0,131,0,20,81.0,0,81,17,17,zero,
happo,base,0,131,1,20,29.0,0,29,18,18,zero,
happo,base,0,131,2,20,8.0,0,8,20,20,zero,
happo,base,0,132,0,20,84.0,0,84,17,17,zero,
happo,base,0,132,1,20,26.0,0,26,18,18,zero,
happo,base,0,132,2,20,10.0,0,10,20,20,zero,
happo,base,0,133,0,20,88.0,0,88,17,17,zero,
happo,base,0,133,1,20,23.0,0,23,18,18,zero,
happo,base,0,133,2,20,8.0,0,8,16,16,zero,
happo,base,0,134,0,20,88.0,0,88,17,17,zero,
happo,base,0,134,1,20,20.0,0,20,18,18,zero,
happo,base,0,134,2,20,6.0,0,6,20,20,zero,
happo,base,0,135,0,20,88.0,0,88,17,17,zero,
happo,base,0,135,1,20,17.0,0,17,18,18,zero,
happo,base,0,135,2,20,4.0,0,4,20,20,zero,
happo,base,0,136,0,20,88.0,0,88,17,17,zero,
happo,base,0,136,1,20,18.0,0,18,18,18,zero,
happo,base,0,136,2,20,2.0,0,2,20,20,zero,
happo,base,0,137,0,20,88.0,0,88,17,17,zero,
happo,base,0,137,1,20,15.0,0,15,18,18,zero,
happo,base,0,137,2,20,4.0,0,4,16,16,zero,
happo,base,0,138,0,20,88.0,0,88,17,17,zero,
happo,base,0,138,1,20,12.0,0,12,18,18,zero,
happo,base,0,138,2,20,2.0,0,2,16,16,zero,
happo,base,0,139,0,20,88.0,0,88,17,17,zero,
happo,base,0,139,1,20,9.0,0,9,18,18,zero,
happo,base,0,139,2,20,-0.0,0,0,16,16,zero,
happo,base,0,140,0,20,92.0,0,92,17,17,zero,
happo,base,0,140,1,20,6.0,0,6,18,18,zero,
happo,base,0,140,2,20,2.0,2,0,20,20,zero,
happo,base,0,141,0,20,92.0,0,92,17,17,zero,
happo,base,0,141,1,20,7.0,0,7,18,18,zero,
happo,base,0,141,2,20,-0.0,0,0,20,20,zero,
happo,base,0,142,0,20,92.0,0,92,17,17,zero,
happo,base,0,142,1,20,4.0,0,4,18,18,zero,
happo,base,0,142,2,20,2.0,0,2,16,16,zero,
happo,base,0,143,0,20,92.0,0,92,17,17,zero,
happo,base,0,143,1,20,1.0,0,1,18,18,zero,
happo,base,0,143,2,20,4.0,0,4,16,16,zero,
happo,base,0,144,0,20,92.0,0,92,17,17,zero,
happo,base,0,144,1,20,-0.0,0,0,18,18,zero,
happo,base,0,144,2,20,2.0,0,2,20,20,zero,
happo,base,0,145,0,20,96.0,0,96,17,17,zero,
happo,base,0,145,1,20,1.0,1,0,18,18,zero,
happo,base,0,145,2,20,-0.0,0,0,20,20,zero,
happo,base,0,146,0,20,96.0,0,96,17,17,zero,
happo,base,0,146,1,20,-0.0,0,0,18,18,zero,
happo,base,0,146,2,20,2.0,0,2,16,16,zero,
happo,base,0,147,0,19,95.0,0,95,17,17,zero,
happo,base,0,147,1,19,1.0,0,1,18,18,zero,
happo,base,0,147,2,19,4.0,0,4,16,16,zero,
happo,base,0,148,0,17,94.0,0,94,17,17,zero,
happo,base,0,148,1,17,2.0,2,0,18,18,zero,
happo,base,0,148,2,17,2.0,0,2,20,20,zero,
happo,base,0,149,0,18,95.0,0,95,17,17,zero,
happo,base,0,149,1,18,5.0,5,0,18,18,zero,
happo,base,0,149,2,18,-0.0,0,0,20,20,zero,
happo,base,0,150,0,17,95.0,0,95,17,17,zero,
happo,base,0,150,1,17,4.0,4,0,18,18,zero,
happo,base,0,150,2,17,2.0,0,2,16,16,zero,
happo,base,0,151,0,19,98.0,0,98,17,17,zero,
happo,base,0,151,1,19,3.0,3,0,18,18,zero,
happo,base,0,151,2,19,4.0,0,4,16,16,zero,
happo,base,0,152,0,18,98.0,0,98,17,17,zero,
happo,base,0,152,1,18,6.0,6,0,18,18,zero,
happo,base,0,152,2,18,2.0,0,2,20,20,zero,
happo,base,0,153,0,18,99.0,0,99,17,17,zero,
happo,base,0,153,1,18,9.0,9,0,18,18,zero,
happo,base,0,153,2,18,-0.0,0,0,20,20,zero,
happo,base,0,154,0,17,99.0,0,99,17,17,zero,
happo,base,0,154,1,17,8.0,8,0,18,18,zero,
happo,base,0,154,2,17,2.0,0,2,16,16,zero,
happo,base,0,155,0,17,99.0,0,99,17,17,zero,
happo,base,0,155,1,17,7.0,7,0,18,18,zero,
happo,base,0,155,2,17,4.0,0,4,16,16,zero,
happo,base,0,156,0,17,99.0,0,99,17,17,zero,
happo,base,0,156,1,17,10.0,10,0,18,18,zero,
happo,base,0,156,2,17,2.0,0,2,20,20,zero,
happo,base,0,157,0,20,102.0,0,102,17,17,zero,
happo,base,0,157,1,20,13.0,13,0,18,18,zero,
happo,base,0,157,2,20,-0.0,0,0,20,20,zero,
happo,base,0,158,0,19,104.0,0,104,17,17,zero,
happo,base,0,158,1,19,12.0,12,0,18,18,zero,
happo,base,0,158,2,19,2.0,0,2,16,16,zero,
happo,base,0,159,0,19,106.0,0,106,17,17,zero,
happo,base,0,159,1,19,11.0,11,0,18,18,zero,
happo,base,0,159,2,19,4.0,0,4,16,16,zero,
happo,base,0,160,0,20,109.0,0,109,17,17,zero,
happo,base,0,160,1,20,14.0,14,0,18,18,zero,
happo,base,0,160,2,20,2.0,0,2,20,20,zero,
happo,base,0,161,0,20,112.0,0,112,17,17,zero,
happo,base,0,161,1,20,17.0,17,0,18,18,zero,
happo,base,0,161,2,20,-0.0,0,0,20,20,zero,
happo,base,0,162,0,20,115.0,0,115,17,17,zero,
happo,base,0,162,1,20,16.0,16,0,15,15,zero,
happo,base,0,162,2,20,1.0,1,0,16,16,zero,
happo,base,0,163,0,20,118.0,0,118,17,17,zero,
happo,base,0,163,1,20,15.0,15,0,15,15,zero,
happo,base,0,163,2,20,2.0,2,0,16,16,zero,
happo,base,0,164,0,20,121.0,0,121,17,17,zero,
happo,base,0,164,1,20,18.0,18,0,15,15,zero,
happo,base,0,164,2,20,7.0,7,0,16,16,zero,
happo,base,0,165,0,20,124.0,0,124,17,17,zero,
happo,base,0,165,1,20,21.0,21,0,15,15,zero,
happo,base,0,165,2,20,12.0,12,0,0,0,zero,
happo,base,0,166,0,20,127.0,0,127,17,17,zero,
happo,base,0,166,1,20,19.0,19,0,15,15,zero,
happo,base,0,166,2,20,13.0,13,0,16,16,zero,
happo,base,0,167,0,20,130.0,0,130,17,17,zero,
happo,base,0,167,1,20,17.0,17,0,15,15,zero,
happo,base,0,167,2,20,14.0,14,0,20,20,zero,
happo,base,0,168,0,20,133.0,0,133,17,17,zero,
happo,base,0,168,1,20,15.0,15,0,15,15,zero,
happo,base,0,168,2,20,15.0,15,0,20,20,zero,
happo,base,0,169,0,20,136.0,0,136,17,17,zero,
happo,base,0,169,1,20,13.0,13,0,15,15,zero,
happo,base,0,169,2,20,-0.0,0,0,20,20,zero,
happo,base,0,170,0,20,139.0,0,139,17,17,zero,
happo,base,0,170,1,20,11.0,11,0,15,15,zero,
happo,base,0,170,2,20,1.0,1,0,0,0,zero,
happo,base,0,171,0,20,142.0,0,142,17,17,zero,
happo,base,0,171,1,20,9.0,9,0,15,15,zero,
happo,base,0,171,2,20,6.0,6,0,0,0,zero,
happo,base,0,172,0,20,145.0,0,145,17,17,zero,
happo,base,0,172,1,20,7.0,7,0,15,15,zero,
happo,base,0,172,2,20,11.0,11,0,20,20,zero,
happo,base,0,173,0,20,148.0,0,148,17,17,zero,
happo,base,0,173,1,20,5.0,5,0,15,15,zero,
happo,base,0,173,2,20,16.0,16,0,20,20,zero,
happo,base,0,174,0,20,151.0,0,151,17,17,zero,
happo,base,0,174,1,20,3.0,3,0,15,15,zero,
happo,base,0,174,2,20,1.0,1,0,20,20,zero,
happo,base,0,175,0,20,154.0,0,154,17,17,zero,
happo,base,0,175,1,20,1.0,1,0,15,15,zero,
happo,base,0,175,2,20,14.0,0,14,20,20,zero,
happo,base,0,176,0,20,157.0,0,157,17,17,zero,
happo,base,0,176,1,20,1.0,0,1,18,18,zero,
happo,base,0,176,2,20,12.0,0,12,0,0,zero,
happo,base,0,177,0,20,160.0,0,160,17,17,zero,
happo,base,0,177,1,20,3.0,0,3,18,18,zero,
happo,base,0,177,2,20,10.0,0,10,20,20,zero,
happo,base,0,178,0,20,163.0,0,163,17,17,zero,
happo,base,0,178,1,20,5.0,0,5,18,18,zero,
happo,base,0,178,2,20,8.0,0,8,20,20,zero,
happo,base,0,179,0,20,166.0,0,166,17,17,zero,
happo,base,0,179,1,20,21.0,0,21,18,18,zero,
happo,base,0,179,2,20,6.0,0,6,20,20,zero,
happo,base,0,180,0,20,170.0,0,170,17,17,zero,
happo,base,0,180,1,20,18.0,0,18,18,18,zero,
happo,base,0,180,2,20,24.0,0,24,20,20,zero,
happo,base,0,181,0,20,175.0,0,175,17,17,zero,
happo,base,0,181,1,20,15.0,0,15,18,18,zero,
happo,base,0,181,2,20,22.0,0,22,20,20,zero,
happo,base,0,182,0,20,180.0,0,180,17,17,zero,
happo,base,0,182,1,20,12.0,0,12,18,18,zero,
happo,base,0,182,2,20,20.0,0,20,20,20,zero,
happo,base,0,183,0,20,199.0,0,199,17,17,zero,
happo,base,0,183,1,20,9.0,0,9,18,18,zero,
happo,base,0,183,2,20,18.0,0,18,16,16,zero,
happo,base,0,184,0,20,199.0,0,199,17,17,zero,
happo,base,0,184,1,20,26.0,0,26,18,18,zero,
happo,base,0,184,2,20,16.0,0,16,20,20,zero,
happo,base,0,185,0,20,199.0,0,199,17,17,zero,
happo,base,0,185,1,20,23.0,0,23,18,18,zero,
happo,base,0,185,2,20,14.0,0,14,20,20,zero,
happo,base,0,186,0,20,199.0,0,199,17,17,zero,
happo,base,0,186,1,20,20.0,0,20,18,18,zero,
happo,base,0,186,2,20,12.0,0,12,20,20,zero,
happo,base,0,187,0,20,199.0,0,199,17,17,zero,
happo,base,0,187,1,20,17.0,0,17,18,18,zero,
happo,base,0,187,2,20,14.0,0,14,20,20,zero,
happo,base,0,188,0,20,219.0,0,219,17,17,zero,
happo,base,0,188,1,20,14.0,0,14,18,18,zero,
happo,base,0,188,2,20,12.0,0,12,20,20,zero,
happo,base,0,189,0,20,219.0,0,219,17,17,zero,
happo,base,0,189,1,20,11.0,0,11,18,18,zero,
happo,base,0,189,2,20,10.0,0,10,16,16,zero,
happo,base,0,190,0,20,219.0,0,219,17,17,zero,
happo,base,0,190,1,20,8.0,0,8,18,18,zero,
happo,base,0,190,2,20,8.0,0,8,20,20,zero,
happo,base,0,191,0,20,219.0,0,219,17,17,zero,
happo,base,0,191,1,20,9.0,0,9,18,18,zero,
happo,base,0,191,2,20,6.0,0,6,20,20,zero,
happo,base,0,192,0,20,219.0,0,219,17,17,zero,
happo,base,0,192,1,20,6.0,0,6,18,18,zero,
happo,base,0,192,2,20,4.0,0,4,20,20,zero,
happo,base,0,193,0,20,219.0,0,219,17,17,zero,
happo,base,0,193,1,20,3.0,0,3,18,18,zero,
happo,base,0,193,2,20,6.0,0,6,16,16,zero,
happo,base,0,194,0,20,219.0,0,219,17,17,zero,
happo,base,0,194,1,20,-0.0,0,0,18,18,zero,
happo,base,0,194,2,20,4.0,0,4,16,16,zero,
happo,base,0,195,0,20,223.0,0,223,17,17,zero,
happo,base,0,195,1,20,3.0,3,0,18,18,zero,
happo,base,0,195,2,20,2.0,0,2,20,20,zero,
happo,base,0,196,0,20,223.0,0,223,17,17,zero,
happo,base,0,196,1,20,6.0,6,0,18,18,zero,
happo,base,0,196,2,20,-0.0,0,0,20,20,zero,
happo,base,0,197,0,20,223.0,0,223,17,17,zero,
happo,base,0,197,1,20,5.0,5,0,18,18,zero,
happo,base,0,197,2,20,2.0,0,2,16,16,zero,
happo,base,0,198,0,20,223.0,0,223,17,17,zero,
happo,base,0,198,1,20,8.0,8,0,18,18,zero,
happo,base,0,198,2,20,4.0,0,4,16,16,zero,
happo,base,0,199,0,20,226.0,0,226,17,17,zero,
happo,base,0,199,1,20,11.0,11,0,18,18,zero,
happo,base,0,199,2,20,2.0,0,2,20,20,zero,
happo,base,0,200,0,20,229.0,0,229,17,17,zero,
happo,base,0,200,1,20,14.0,14,0,18,18,zero,
happo,base,0,200,2,20,-0.0,0,0,20,20,zero,
happo,base,1,1,0,10,10.0,10,0,10,10,zero,
happo,base,1,1,1,10,10.0,10,0,15,15,zero,
happo,base,1,1,2,10,5.0,5,0,0,0,zero,
happo,base,1,2,0,9,11.0,11,0,10,10,zero,
happo,base,1,2,1,9,10.0,10,0,1,1,zero,
happo,base,1,2,2,9,14.0,14,0,20,20,zero,
happo,base,1,3,0,10,11.0,11,0,6,6,zero,
happo,base,1,3,1,10,14.0,14,0,15,15,zero,
happo,base,1,3,2,10,9.0,9,0,3,3,zero,
happo,base,1,4,0,10,11.0,11,0,10,10,zero,
happo,base,1,4,1,10,14.0,14,0,1,1,zero,
happo,base,1,4,2,10,18.0,18,0,20,20,zero,
happo,base,1,5,0,10,11.0,11,0,10,10,zero,
happo,base,1,5,1,10,19.0,19,0,15,15,zero,
happo,base,1,5,2,10,3.0,3,0,0,0,zero,
happo,base,1,6,0,9,12.0,12,0,9,9,zero,
happo,base,1,6,1,9,11.0,11,0,3,3,zero,
happo,base,1,6,2,9,20.0,20,0,16,16,zero,
happo,base,1,7,0,11,7.0,7,0,9,9,zero,
happo,base,1,7,1,11,17.0,17,0,15,15,zero,
happo,base,1,7,2,11,8.0,8,0,0,0,zero,
happo,base,1,8,0,12,5.0,5,0,9,9,zero,
happo,base,1,8,1,12,9.0,9,0,1,1,zero,
happo,base,1,8,2,12,27.0,27,0,20,20,zero,
happo,base,1,9,0,12,3.0,3,0,19,19,zero,
happo,base,1,9,1,12,5.0,5,0,15,15,zero,
happo,base,1,9,2,12,12.0,12,0,0,0,zero,
happo,base,1,10,0,13,1.0,0,1,9,9,zero,
happo,base,1,10,1,13,1.0,0,1,15,15,zero,
happo,base,1,10,2,13,13.0,13,0,0,0,zero,
happo,base,1,11,0,14,6.0,0,6,19,19,zero,
happo,base,1,11,1,14,5.0,0,5,15,15,zero,
happo,base,1,11,2,14,2.0,0,2,20,20,zero,
happo,base,1,12,0,14,11.0,0,11,10,10,zero,
happo,base,1,12,1,14,14.0,0,14,15,15,zero,
happo,base,1,12,2,14,3.0,3,0,20,20,zero,
happo,base,1,13,0,15,7.0,0,7,19,19,zero,
happo,base,1,13,1,15,18.0,0,18,15,15,zero,
happo,base,1,13,2,15,12.0,0,12,20,20,zero,
happo,base,1,14,0,16,15.0,0,15,19,19,zero,
happo,base,1,14,1,16,22.0,0,22,18,18,zero,
happo,base,1,14,2,16,30.0,0,30,20,20,zero,
happo,base,1,15,0,18,18.0,0,18,19,19,zero,
happo,base,1,15,1,18,28.0,0,28,18,18,zero,
happo,base,1,15,2,18,28.0,0,28,20,20,zero,
happo,base,1,16,0,17,34.0,0,34,19,19,zero,
happo,base,1,16,1,17,30.0,0,30,18,18,zero,
happo,base,1,16,2,17,26.0,0,26,20,20,zero,
happo,base,1,17,0,18,37.0,0,37,19,19,zero,
happo,base,1,17,1,18,46.0,0,46,18,18,zero,
happo,base,1,17,2,18,24.0,0,24,20,20,zero,
happo,base,1,18,0,16,38.0,0,38,19,19,zero,
happo,base,1,18,1,16,65.0,0,65,18,18,zero,
happo,base,1,18,2,16,22.0,0,22,20,20,zero,
happo,base,1,19,0,16,41.0,0,41,19,19,zero,
happo,base,1,19,1,16,64.0,0,64,18,18,zero,
happo,base,1,19,2,16,20.0,0,20,20,20,zero,
happo,base,1,20,0,16,40.0,0,40,19,19,zero,
happo,base,1,20,1,16,63.0,0,63,18,18,zero,
happo,base,1,20,2,16,18.0,0,18,20,20,zero,
happo,base,1,21,0,16,53.0,0,53,19,19,zero,
happo,base,1,21,1,16,62.0,0,62,18,18,zero,
happo,base,1,21,2,16,16.0,0,16,20,20,zero,
happo,base,1,22,0,15,68.0,0,68,17,17,zero,
happo,base,1,22,1,15,59.0,0,59,18,18,zero,
happo,base,1,22,2,15,14.0,0,14,20,20,zero,
happo,base,1,23,0,13,61.0,0,61,17,17,zero,
happo,base,1,23,1,13,56.0,0,56,18,18,zero,
happo,base,1,23,2,13,12.0,0,12,16,16,zero,
happo,base,1,24,0,15,56.0,0,56,10,10,zero,
happo,base,1,24,1,15,46.0,0,46,18,18,zero,
happo,base,1,24,2,15,10.0,0,10,20,20,zero,
happo,base,1,25,0,16,52.0,0,52,10,10,zero,
happo,base,1,25,1,16,36.0,0,36,18,18,zero,
happo,base,1,25,2,16,8.0,0,8,20,20,zero,
happo,base,1,26,0,18,50.0,0,50,10,10,zero,
happo,base,1,26,1,18,26.0,0,26,0,0,zero,
happo,base,1,26,2,18,12.0,12,0,20,20,zero,
happo,base,1,27,0,18,48.0,0,48,19,19,zero,
happo,base,1,27,1,18,25.0,0,25,18,18,zero,
happo,base,1,27,2,18,10.0,10,0,0,0,zero,
happo,base,1,28,0,17,45.0,0,45,19,19,zero,
happo,base,1,28,1,17,24.0,0,24,18,18,zero,
happo,base,1,28,2,17,12.0,12,0,16,16,zero,
happo,base,1,29,0,16,41.0,0,41,10,10,zero,
happo,base,1,29,1,16,14.0,0,14,18,18,zero,
happo,base,1,29,2,16,14.0,14,0,20,20,zero,
happo,base,1,30,0,16,37.0,0,37,10,10,zero,
happo,base,1,30,1,16,16.0,0,16,18,18,zero,
happo,base,1,30,2,16,16.0,16,0,20,20,zero,
happo,base,1,31,0,15,32.0,0,32,19,19,zero,
happo,base,1,31,1,15,17.0,0,17,18,18,zero,
happo,base,1,31,2,15,2.0,0,2,20,20,zero,
happo,base,1,32,0,14,26.0,0,26,10,10,zero,
happo,base,1,32,1,14,9.0,0,9,18,18,zero,
happo,base,1,32,2,14,4.0,0,4,20,20,zero,
happo,base,1,33,0,13,19.0,0,19,10,10,zero,
happo,base,1,33,1,13,1.0,0,1,18,18,zero,
happo,base,1,33,2,13,2.0,0,2,0,0,zero,
happo,base,1,34,0,13,24.0,0,24,19,19,zero,
happo,base,1,34,1,13,2.0,0,2,18,18,zero,
happo,base,1,34,2,13,-0.0,0,0,20,20,zero,
happo,base,1,35,0,13,19.0,0,19,10,10,zero,
happo,base,1,35,1,13,4.0,4,0,18,18,zero,
happo,base,1,35,2,13,2.0,2,0,20,20,zero,
happo,base,1,36,0,11,12.0,0,12,10,10,zero,
happo,base,1,36,1,11,10.0,10,0,18,18,zero,
happo,base,1,36,2,11,4.0,4,0,20,20,zero,
happo,base,1,37,0,11,5.0,0,5,10,10,zero,
happo,base,1,37,1,11,20.0,20,0,0,0,zero,
happo,base,1,37,2,11,4.0,4,0,20,20,zero,
happo,base,1,38,0,12,1.0,1,0,10,10,zero,
happo,base,1,38,1,12,30.0,30,0,12,12,zero,
happo,base,1,38,2,12,12.0,12,0,0,0,zero,
happo,base,1,39,0,11,2.0,2,0,19,19,zero,
happo,base,1,39,1,11,29.0,29,0,3,3,zero,
happo,base,1,39,2,11,29.0,29,0,0,0,zero,
happo,base,1,40,0,11,1.0,1,0,10,10,zero,
happo,base,1,40,1,11,37.0,37,0,18,18,zero,
happo,base,1,40,2,11,31.0,31,0,0,0,zero,
happo,base,1,41,0,11,-0.0,0,0,10,10,zero,
happo,base,1,41,1,11,27.0,27,0,15,15,zero,
happo,base,1,41,2,11,36.0,36,0,0,0,zero,
happo,base,1,42,0,11,1.0,0,1,6,6,zero,
happo,base,1,42,1,11,33.0,33,0,3,3,zero,
happo,base,1,42,2,11,33.0,33,0,20,20,zero,
happo,base,1,43,0,12,6.0,6,0,10,10,zero,
happo,base,1,43,1,12,26.0,26,0,3,3,zero,
happo,base,1,43,2,12,30.0,30,0,0,0,zero,
happo,base,1,44,0,12,4.0,4,0,19,19,zero,
happo,base,1,44,1,12,25.0,25,0,3,3,zero,
happo,base,1,44,2,12,27.0,27,0,0,0,zero,
happo,base,1,45,0,12,2.0,2,0,9,9,zero,
happo,base,1,45,1,12,31.0,31,0,15,15,zero,
happo,base,1,45,2,12,12.0,12,0,0,0,zero,
happo,base,1,46,0,10,2.0,0,2,19,19,zero,
happo,base,1,46,1,10,15.0,15,0,15,15,zero,
happo,base,1,46,2,10,17.0,17,0,0,0,zero,
happo,base,1,47,0,11,3.0,0,3,6,6,zero,
happo,base,1,47,1,11,12.0,12,0,15,15,zero,
happo,base,1,47,2,11,2.0,2,0,20,20,zero,
happo,base,1,48,0,11,5.0,5,0,10,10,zero,
happo,base,1,48,1,11,5.0,5,0,3,3,zero,
happo,base,1,48,2,11,1.0,0,1,20,20,zero,
happo,base,1,49,0,10,4.0,4,0,6,6,zero,
happo,base,1,49,1,10,14.0,14,0,15,15,zero,
happo,base,1,49,2,10,16.0,0,16,0,0,zero,
happo,base,1,50,0,10,13.0,13,0,10,10,zero,
happo,base,1,50,1,10,19.0,19,0,15,15,zero,
happo,base,1,50,2,10,31.0,0,31,20,20,zero,
happo,base,1,51,0,11,8.0,8,0,10,10,zero,
happo,base,1,51,1,11,24.0,24,0,15,15,zero,
happo,base,1,51,2,11,26.0,0,26,20,20,zero,
happo,base,1,52,0,11,7.0,7,0,19,19,zero,
happo,base,1,52,1,11,7.0,7,0,15,15,zero,
happo,base,1,52,2,11,21.0,0,21,20,20,zero,
happo,base,1,53,0,10,3.0,3,0,9,9,zero,
happo,base,1,53,1,10,2.0,0,2,15,15,zero,
happo,base,1,53,2,10,36.0,0,36,20,20,zero,
happo,base,1,54,0,10,3.0,3,0,10,10,zero,
happo,base,1,54,1,10,12.0,0,12,15,15,zero,
happo,base,1,54,2,10,31.0,0,31,20,20,zero,
happo,base,1,55,0,10,3.0,3,0,6,6,zero,
happo,base,1,55,1,10,2.0,2,0,15,15,zero,
happo,base,1,55,2,10,26.0,0,26,20,20,zero,
happo,base,1,56,0,9,13.0,13,0,6,6,zero,
happo,base,1,56,1,9,16.0,16,0,3,3,zero,
happo,base,1,56,2,9,9.0,0,9,16,16,zero,
happo,base,1,57,0,8,12.0,12,0,10,10,zero,
happo,base,1,57,1,8,6.0,6,0,0,0,zero,
happo,base,1,57,2,8,11.0,11,0,0,0,zero,
happo,base,1,58,0,10,2.0,2,0,6,6,zero,
happo,base,1,58,1,10,20.0,20,0,0,0,zero,
happo,base,1,58,2,10,31.0,31,0,0,0,zero,
happo,base,1,59,0,11,9.0,9,0,10,10,zero,
happo,base,1,59,1,11,30.0,30,0,0,0,zero,
happo,base,1,59,2,11,51.0,51,0,0,0,zero,
happo,base,1,60,0,11,4.0,4,0,10,10,zero,
happo,base,1,60,1,11,40.0,40,0,12,12,zero,
happo,base,1,60,2,11,55.0,55,0,0,0,zero,
happo,base,1,61,0,11,3.0,3,0,19,19,zero,
happo,base,1,61,1,11,30.0,30,0,12,12,zero,
happo,base,1,61,2,11,43.0,43,0,0,0,zero,
happo,base,1,62,0,10,1.0,0,1,9,9,zero,
happo,base,1,62,1,10,21.0,21,0,15,15,zero,
happo,base,1,62,2,10,28.0,28,0,16,16,zero,
happo,base,1,63,0,10,1.0,0,1,10,10,zero,
happo,base,1,63,1,10,11.0,11,0,3,3,zero,
happo,base,1,63,2,10,25.0,25,0,20,20,zero,
happo,base,1,64,0,9,-0.0,0,0,6,6,zero,
happo,base,1,64,1,9,17.0,17,0,15,15,zero,
happo,base,1,64,2,9,10.0,10,0,0,0,zero,
happo,base,1,65,0,9,10.0,10,0,6,6,zero,
happo,base,1,65,1,9,23.0,23,0,1,1,zero,
happo,base,1,65,2,9,9.0,9,0,3,3,zero,
happo,base,1,66,0,8,11.0,11,0,10,10,zero,
happo,base,1,66,1,8,28.0,28,0,1,1,zero,
happo,base,1,66,2,8,24.0,24,0,0,0,zero,
happo,base,1,67,0,6,15.0,15,0,6,6,zero,
happo,base,1,67,1,6,25.0,25,0,1,1,zero,
happo,base,1,67,2,6,43.0,43,0,0,0,zero,
happo,base,1,68,0,6,15.0,15,0,6,6,zero,
happo,base,1,68,1,6,34.0,34,0,1,1,zero,
happo,base,1,68,2,6,42.0,42,0,0,0,zero,
happo,base,1,69,0,6,15.0,15,0,2,2,zero,
happo,base,1,69,1,6,33.0,33,0,15,15,zero,
happo,base,1,69,2,6,30.0,30,0,0,0,zero,
happo,base,1,70,0,6,19.0,19,0,2,2,zero,
happo,base,1,70,1,6,32.0,32,0,1,1,zero,
happo,base,1,70,2,6,29.0,29,0,1,1,zero,
happo,base,1,71,0,6,19.0,19,0,2,2,zero,
happo,base,1,71,1,6,31.0,31,0,1,1,zero,
happo,base,1,71,2,6,28.0,28,0,0,0,zero,
happo,base,1,72,0,6,19.0,19,0,4,4,zero,
happo,base,1,72,1,6,28.0,28,0,0,0,zero,
happo,base,1,72,2,6,28.0,28,0,0,0,zero,
happo,base,1,73,0,5,16.0,16,0,4,4,zero,
happo,base,1,73,1,5,39.0,39,0,0,0,zero,
happo,base,1,73,2,5,28.0,28,0,0,0,zero,
happo,base,1,74,0,5,13.0,13,0,3,3,zero,
happo,base,1,74,1,5,37.0,37,0,0,0,zero,
happo,base,1,74,2,5,29.0,29,0,0,0,zero,
happo,base,1,75,0,6,9.0,9,0,3,3,zero,
happo,base,1,75,1,6,35.0,35,0,1,1,zero,
happo,base,1,75,2,6,28.0,28,0,0,0,zero,
happo,base,1,76,0,6,7.0,7,0,9,9,zero,
happo,base,1,76,1,6,26.0,26,0,1,1,zero,
happo,base,1,76,2,6,27.0,27,0,0,0,zero,
happo,base,1,77,0,6,5.0,5,0,9,9,zero,
happo,base,1,77,1,6,17.0,17,0,1,1,zero,
happo,base,1,77,2,6,26.0,26,0,0,0,zero,
happo,base,1,78,0,6,2.0,2,0,1,1,zero,
happo,base,1,78,1,6,16.0,16,0,15,15,zero,
happo,base,1,78,2,6,11.0,11,0,0,0,zero,
happo,base,1,79,0,7,2.0,0,2,2,2,zero,
happo,base,1,79,1,7,15.0,15,0,1,1,zero,
happo,base,1,79,2,7,10.0,10,0,1,1,zero,
happo,base,1,80,0,7,-0.0,0,0,10,10,zero,
happo,base,1,80,1,7,6.0,6,0,1,1,zero,
happo,base,1,80,2,7,9.0,9,0,20,20,zero,
happo,base,1,81,0,7,2.0,2,0,6,6,zero,
happo,base,1,81,1,7,1.0,1,0,1,1,zero,
happo,base,1,81,2,7,8.0,8,0,0,0,zero,
happo,base,1,82,0,7,4.0,0,4,10,10,zero,
happo,base,1,82,1,7,6.0,6,0,15,15,zero,
happo,base,1,82,2,7,7.0,0,7,0,0,zero,
happo,base,1,83,0,6,8.0,0,8,10,10,zero,
happo,base,1,83,1,6,3.0,0,3,15,15,zero,
happo,base,1,83,2,6,21.0,0,21,0,0,zero,
happo,base,1,84,0,7,5.0,0,5,6,6,zero,
happo,base,1,84,1,7,8.0,0,8,15,15,zero,
happo,base,1,84,2,7,16.0,0,16,20,20,zero,
happo,base,1,85,0,9,8.0,0,8,10,10,zero,
happo,base,1,85,1,9,17.0,0,17,11,11,zero,
happo,base,1,85,2,9,27.0,0,27,20,20,zero,
happo,base,1,86,0,10,8.0,0,8,10,10,zero,
happo,base,1,86,1,10,19.0,0,19,15,15,zero,
happo,base,1,86,2,10,42.0,0,42,20,20,zero,
happo,base,1,87,0,10,11.0,0,11,19,19,zero,
happo,base,1,87,1,10,37.0,0,37,15,15,zero,
happo,base,1,87,2,10,57.0,0,57,20,20,zero,
happo,base,1,88,0,10,20.0,0,20,19,19,zero,
happo,base,1,88,1,10,36.0,0,36,15,15,zero,
happo,base,1,88,2,10,52.0,0,52,20,20,zero,
happo,base,1,89,0,10,29.0,0,29,10,10,zero,
happo,base,1,89,1,10,46.0,0,46,15,15,zero,
happo,base,1,89,2,10,47.0,0,47,20,20,zero,
happo,base,1,90,0,10,31.0,0,31,19,19,zero,
happo,base,1,90,1,10,65.0,0,65,18,18,zero,
happo,base,1,90,2,10,45.0,0,45,20,20,zero,
happo,base,1,91,0,10,40.0,0,40,17,17,zero,
happo,base,1,91,1,10,82.0,0,82,18,18,zero,
happo,base,1,91,2,10,43.0,0,43,20,20,zero,
happo,base,1,92,0,10,30.0,0,30,17,17,zero,
happo,base,1,92,1,10,79.0,0,79,18,18,zero,
happo,base,1,92,2,10,41.0,0,41,20,20,zero,
happo,base,1,93,0,9,39.0,0,39,17,17,zero,
happo,base,1,93,1,9,76.0,0,76,18,18,zero,
happo,base,1,93,2,9,39.0,0,39,20,20,zero,
happo,base,1,94,0,9,48.0,0,48,17,17,zero,
happo,base,1,94,1,9,73.0,0,73,18,18,zero,
happo,base,1,94,2,9,37.0,0,37,20,20,zero,
happo,base,1,95,0,9,57.0,0,57,17,17,zero,
happo,base,1,95,1,9,70.0,0,70,18,18,zero,
happo,base,1,95,2,9,35.0,0,35,20,20,zero,
happo,base,1,96,0,8,45.0,0,45,10,10,zero,
happo,base,1,96,1,8,60.0,0,60,18,18,zero,
happo,base,1,96,2,8,33.0,0,33,20,20,zero,
happo,base,1,97,0,6,31.0,0,31,6,6,zero,
happo,base,1,97,1,6,46.0,0,46,18,18,zero,
happo,base,1,97,2,6,31.0,0,31,20,20,zero,
happo,base,1,98,0,6,17.0,0,17,6,6,zero,
happo,base,1,98,1,6,32.0,0,32,0,0,zero,
happo,base,1,98,2,6,11.0,0,11,20,20,zero,
happo,base,1,99,0,5,2.0,0,2,0,0,zero,
happo,base,1,99,1,5,12.0,0,12,0,0,zero,
happo,base,1,99,2,5,9.0,9,0,0,0,zero,
happo,base,1,100,0,6,12.0,12,0,0,0,zero,
happo,base,1,100,1,6,8.0,8,0,0,0,zero,
happo,base,1,100,2,6,29.0,29,0,0,0,zero,
happo,base,1,101,0,5,27.0,27,0,0,0,zero,
happo,base,1,101,1,5,28.0,28,0,0,0,zero,
happo,base,1,101,2,5,49.0,49,0,0,0,zero,
happo,base,1,102,0,5,42.0,42,0,0,0,zero,
happo,base,1,102,1,5,48.0,48,0,0,0,zero,
happo,base,1,102,2,5,69.0,69,0,0,0,zero,
happo,base,1,103,0,6,56.0,56,0,0,0,zero,
happo,base,1,103,1,6,59.0,59,0,0,0,zero,
happo,base,1,103,2,6,69.0,69,0,0,0,zero,
happo,base,1,104,0,6,62.0,62,0,0,0,zero,
happo,base,1,104,1,6,59.0,59,0,0,0,zero,
happo,base,1,104,2,6,69.0,69,0,0,0,zero,
happo,base,1,105,0,5,57.0,57,0,0,0,zero,
happo,base,1,105,1,5,59.0,59,0,0,0,zero,
happo,base,1,105,2,5,69.0,69,0,0,0,zero,
happo,base,1,106,0,4,53.0,53,0,0,0,zero,
happo,base,1,106,1,4,59.0,59,0,0,0,zero,
happo,base,1,106,2,4,69.0,69,0,0,0,zero,
happo,base,1,107,0,5,48.0,48,0,0,0,zero,
happo,base,1,107,1,5,59.0,59,0,0,0,zero,
happo,base,1,107,2,5,69.0,69,0,0,0,zero,
happo,base,1,108,0,4,44.0,44,0,0,0,zero,
happo,base,1,108,1,4,59.0,59,0,0,0,zero,
happo,base,1,108,2,4,69.0,69,0,0,0,zero,
happo,base,1,109,0,5,39.0,39,0,0,0,zero,
happo,base,1,109,1,5,59.0,59,0,0,0,zero,
happo,base,1,109,2,5,69.0,69,0,0,0,zero,
happo,base,1,110,0,5,34.0,34,0,0,0,zero,
happo,base,1,110,1,5,59.0,59,0,0,0,zero,
happo,base,1,110,2,5,69.0,69,0,0,0,zero,
happo,base,1,111,0,5,29.0,29,0,2,2,zero,
happo,base,1,111,1,5,57.0,57,0,0,0,zero,
happo,base,1,111,2,5,69.0,69,0,0,0,zero,
happo,base,1,112,0,5,24.0,24,0,2,2,zero,
happo,base,1,112,1,5,55.0,55,0,0,0,zero,
happo,base,1,112,2,5,69.0,69,0,0,0,zero,
happo,base,1,113,0,4,20.0,20,0,2,2,zero,
happo,base,1,113,1,4,53.0,53,0,0,0,zero,
happo,base,1,113,2,4,69.0,69,0,0,0,zero,
happo,base,1,114,0,4,16.0,16,0,2,2,zero,
happo,base,1,114,1,4,51.0,51,0,0,0,zero,
happo,base,1,114,2,4,69.0,69,0,0,0,zero,
happo,base,1,115,0,4,14.0,14,0,2,2,zero,
happo,base,1,115,1,4,49.0,49,0,0,0,zero,
happo,base,1,115,2,4,69.0,69,0,0,0,zero,
happo,base,1,116,0,5,11.0,11,0,2,2,zero,
happo,base,1,116,1,5,47.0,47,0,0,0,zero,
happo,base,1,116,2,5,69.0,69,0,0,0,zero,
happo,base,1,117,0,4,9.0,9,0,9,9,zero,
happo,base,1,117,1,4,38.0,38,0,0,0,zero,
happo,base,1,117,2,4,69.0,69,0,0,0,zero,
happo,base,1,118,0,5,6.0,6,0,2,2,zero,
happo,base,1,118,1,5,36.0,36,0,1,1,zero,
happo,base,1,118,2,5,68.0,68,0,0,0,zero,
happo,base,1,119,0,3,5.0,5,0,9,9,zero,
happo,base,1,119,1,3,27.0,27,0,1,1,zero,
happo,base,1,119,2,3,67.0,67,0,0,0,zero,
happo,base,1,120,0,3,4.0,4,0,2,2,zero,
happo,base,1,120,1,3,25.0,25,0,1,1,zero,
happo,base,1,120,2,3,66.0,66,0,0,0,zero,
happo,base,1,121,0,3,10.0,10,0,0,0,zero,
happo,base,1,121,1,3,25.0,25,0,1,1,zero,
happo,base,1,121,2,3,65.0,65,0,0,0,zero,
happo,base,1,122,0,3,9.0,9,0,0,0,zero,
happo,base,1,122,1,3,26.0,26,0,1,1,zero,
happo,base,1,122,2,3,64.0,64,0,0,0,zero,
happo,base,1,123,0,3,15.0,15,0,0,0,zero,
happo,base,1,123,1,3,27.0,27,0,1,1,zero,
happo,base,1,123,2,3,63.0,63,0,0,0,zero,
happo,base,1,124,0,4,13.0,13,0,0,0,zero,
happo,base,1,124,1,4,28.0,28,0,0,0,zero,
happo,base,1,124,2,4,63.0,63,0,0,0,zero,
happo,base,1,125,0,4,9.0,9,0,2,2,zero,
happo,base,1,125,1,4,27.0,27,0,0,0,zero,
happo,base,1,125,2,4,63.0,63,0,0,0,zero,
happo,base,1,126,0,3,6.0,6,0,9,9,zero,
happo,base,1,126,1,3,19.0,19,0,0,0,zero,
happo,base,1,126,2,3,63.0,63,0,0,0,zero,
happo,base,1,127,0,3,3.0,3,0,3,3,zero,
happo,base,1,127,1,3,17.0,17,0,1,1,zero,
happo,base,1,127,2,3,62.0,62,0,0,0,zero,
happo,base,1,128,0,3,-0.0,0,0,2,2,zero,
happo,base,1,128,1,3,15.0,15,0,1,1,zero,
happo,base,1,128,2,3,61.0,61,0,0,0,zero,
happo,base,1,129,0,3,1.0,0,1,0,0,zero,
happo,base,1,129,1,3,15.0,15,0,1,1,zero,
happo,base,1,129,2,3,60.0,60,0,0,0,zero,
happo,base,1,130,0,2,6.0,6,0,6,6,zero,
happo,base,1,130,1,2,9.0,9,0,1,1,zero,
happo,base,1,130,2,2,59.0,59,0,0,0,zero,
happo,base,1,131,0,2,7.0,7,0,0,0,zero,
happo,base,1,131,1,2,10.0,10,0,11,11,zero,
happo,base,1,131,2,2,48.0,48,0,0,0,zero,
happo,base,1,132,0,2,7.0,7,0,2,2,zero,
happo,base,1,132,1,2,9.0,9,0,0,0,zero,
happo,base,1,132,2,2,48.0,48,0,0,0,zero,
happo,base,1,133,0,3,4.0,4,0,0,0,zero,
happo,base,1,133,1,3,10.0,10,0,0,0,zero,
happo,base,1,133,2,3,48.0,48,0,0,0,zero,
happo,base,1,134,0,3,7.0,7,0,6,6,zero,
happo,base,1,134,1,3,5.0,5,0,0,0,zero,
happo,base,1,134,2,3,48.0,48,0,0,0,zero,
happo,base,1,135,0,3,4.0,4,0,2,2,zero,
happo,base,1,135,1,3,14.0,14,0,1,1,zero,
happo,base,1,135,2,3,47.0,47,0,0,0,zero,
happo,base,1,136,0,3,3.0,3,0,2,2,zero,
happo,base,1,136,1,3,12.0,12,0,1,1,zero,
happo,base,1,136,2,3,46.0,46,0,0,0,zero,
happo,base,1,137,0,4,1.0,0,1,2,2,zero,
happo,base,1,137,1,4,10.0,10,0,1,1,zero,
happo,base,1,137,2,4,45.0,45,0,0,0,zero,
happo,base,1,138,0,4,1.0,1,0,6,6,zero,
happo,base,1,138,1,4,4.0,4,0,1,1,zero,
happo,base,1,138,2,4,44.0,44,0,0,0,zero,
happo,base,1,139,0,4,1.0,0,1,2,2,zero,
happo,base,1,139,1,4,3.0,3,0,15,15,zero,
happo,base,1,139,2,4,29.0,29,0,0,0,zero,
happo,base,1,140,0,3,2.0,0,2,10,10,zero,
happo,base,1,140,1,3,6.0,0,6,1,1,zero,
happo,base,1,140,2,3,28.0,28,0,0,0,zero,
happo,base,1,141,0,3,3.0,0,3,6,6,zero,
happo,base,1,141,1,3,11.0,0,11,15,15,zero,
happo,base,1,141,2,3,13.0,13,0,0,0,zero,
happo,base,1,142,0,3,-0.0,0,0,6,6,zero,
happo,base,1,142,1,3,16.0,0,16,3,3,zero,
happo,base,1,142,2,3,10.0,10,0,20,20,zero,
happo,base,1,143,0,3,1.0,0,1,6,6,zero,
happo,base,1,143,1,3,7.0,0,7,15,15,zero,
happo,base,1,143,2,3,5.0,0,5,20,20,zero,
happo,base,1,144,0,3,-0.0,0,0,2,2,zero,
happo,base,1,144,1,3,8.0,0,8,3,3,zero,
happo,base,1,144,2,3,8.0,0,8,20,20,zero,
happo,base,1,145,0,3,2.0,0,2,0,0,zero,
happo,base,1,145,1,3,7.0,7,0,1,1,zero,
happo,base,1,145,2,3,9.0,0,9,0,0,zero,
happo,base,1,146,0,3,4.0,0,4,0,0,zero,
happo,base,1,146,1,3,10.0,10,0,0,0,zero,
happo,base,1,146,2,3,11.0,11,0,0,0,zero,
happo,base,1,147,0,4,7.0,7,0,2,2,zero,
happo,base,1,147,1,4,18.0,18,0,0,0,zero,
happo,base,1,147,2,4,31.0,31,0,0,0,zero,
happo,base,1,148,0,4,4.0,4,0,6,6,zero,
happo,base,1,148,1,4,12.0,12,0,0,0,zero,
happo,base,1,148,2,4,51.0,51,0,0,0,zero,
happo,base,1,149,0,3,9.0,9,0,0,0,zero,
happo,base,1,149,1,3,12.0,12,0,1,1,zero,
happo,base,1,149,2,3,50.0,50,0,0,0,zero,
happo,base,1,150,0,4,5.0,5,0,6,6,zero,
happo,base,1,150,1,4,15.0,15,0,1,1,zero,
happo,base,1,150,2,4,49.0,49,0,0,0,zero,
happo,base,1,151,0,4,3.0,3,0,2,2,zero,
happo,base,1,151,1,4,13.0,13,0,15,15,zero,
happo,base,1,151,2,4,34.0,34,0,0,0,zero,
happo,base,1,152,0,3,6.0,6,0,6,6,zero,
happo,base,1,152,1,3,7.0,7,0,0,0,zero,
happo,base,1,152,2,3,34.0,34,0,0,0,zero,
happo,base,1,153,0,4,2.0,2,0,0,0,zero,
happo,base,1,153,1,4,8.0,8,0,1,1,zero,
happo,base,1,153,2,4,33.0,33,0,0,0,zero,
happo,base,1,154,0,3,5.0,5,0,6,6,zero,
happo,base,1,154,1,3,3.0,3,0,1,1,zero,
happo,base,1,154,2,3,32.0,32,0,0,0,zero,
happo,base,1,155,0,3,4.0,4,0,2,2,zero,
happo,base,1,155,1,3,16.0,16,0,1,1,zero,
happo,base,1,155,2,3,31.0,31,0,0,0,zero,
happo,base,1,156,0,3,7.0,7,0,0,0,zero,
happo,base,1,156,1,3,16.0,16,0,1,1,zero,
happo,base,1,156,2,3,30.0,30,0,0,0,zero,
happo,base,1,157,0,3,4.0,4,0,0,0,zero,
happo,base,1,157,1,3,17.0,17,0,1,1,zero,
happo,base,1,157,2,3,29.0,29,0,0,0,zero,
happo,base,1,158,0,3,7.0,7,0,6,6,zero,
happo,base,1,158,1,3,12.0,12,0,0,0,zero,
happo,base,1,158,2,3,29.0,29,0,0,0,zero,
happo,base,1,159,0,2,7.0,7,0,2,2,zero,
happo,base,1,159,1,2,11.0,11,0,1,1,zero,
happo,base,1,159,2,2,28.0,28,0,0,0,zero,
happo,base,1,160,0,3,4.0,4,0,0,0,zero,
happo,base,1,160,1,3,12.0,12,0,11,11,zero,
happo,base,1,160,2,3,17.0,17,0,0,0,zero,
happo,base,1,161,0,2,2.0,2,0,2,2,zero,
happo,base,1,161,1,2,11.0,11,0,0,0,zero,
happo,base,1,161,2,2,17.0,17,0,1,1,zero,
happo,base,1,162,0,2,6.0,6,0,2,2,zero,
happo,base,1,162,1,2,9.0,9,0,0,0,zero,
happo,base,1,162,2,2,17.0,17,0,0,0,zero,
happo,base,1,163,0,2,6.0,6,0,0,0,zero,
happo,base,1,163,1,2,10.0,10,0,0,0,zero,
happo,base,1,163,2,2,17.0,17,0,0,0,zero,
happo,base,1,164,0,2,4.0,4,0,0,0,zero,
happo,base,1,164,1,2,21.0,21,0,0,0,zero,
happo,base,1,164,2,2,17.0,17,0,0,0,zero,
happo,base,1,165,0,1,5.0,5,0,0,0,zero,
happo,base,1,165,1,1,21.0,21,0,0,0,zero,
happo,base,1,165,2,1,18.0,18,0,0,0,zero,
happo,base,1,166,0,2,5.0,5,0,0,0,zero,
happo,base,1,166,1,2,21.0,21,0,0,0,zero,
happo,base,1,166,2,2,18.0,18,0,0,0,zero,
happo,base,1,167,0,2,3.0,3,0,2,2,zero,
happo,base,1,167,1,2,19.0,19,0,0,0,zero,
happo,base,1,167,2,2,18.0,18,0,0,0,zero,
happo,base,1,168,0,2,1.0,1,0,0,0,zero,
happo,base,1,168,1,2,19.0,19,0,0,0,zero,
happo,base,1,168,2,2,18.0,18,0,0,0,zero,
happo,base,1,169,0,2,1.0,0,1,6,6,zero,
happo,base,1,169,1,2,13.0,13,0,0,0,zero,
happo,base,1,169,2,2,18.0,18,0,0,0,zero,
happo,base,1,170,0,2,3.0,0,3,2,2,zero,
happo,base,1,170,1,2,11.0,11,0,1,1,zero,
happo,base,1,170,2,2,17.0,17,0,0,0,zero,
happo,base,1,171,0,2,3.0,0,3,2,2,zero,
happo,base,1,171,1,2,9.0,9,0,1,1,zero,
happo,base,1,171,2,2,16.0,16,0,0,0,zero,
happo,base,1,172,0,2,5.0,0,5,2,2,zero,
happo,base,1,172,1,2,7.0,7,0,11,11,zero,
happo,base,1,172,2,2,5.0,5,0,0,0,zero,
happo,base,1,173,0,2,1.0,0,1,6,6,zero,
happo,base,1,173,1,2,1.0,1,0,1,1,zero,
happo,base,1,173,2,2,4.0,4,0,1,1,zero,
happo,base,1,174,0,2,1.0,0,1,0,0,zero,
happo,base,1,174,1,2,2.0,2,0,15,15,zero,
happo,base,1,174,2,2,11.0,0,11,20,20,zero,
happo,base,1,175,0,2,1.0,0,1,0,0,zero,
happo,base,1,175,1,2,3.0,3,0,1,1,zero,
happo,base,1,175,2,2,12.0,0,12,20,20,zero,
happo,base,1,176,0,2,1.0,0,1,6,6,zero,
happo,base,1,176,1,2,8.0,8,0,0,0,zero,
happo,base,1,176,2,2,12.0,0,12,0,0,zero,
happo,base,1,177,0,2,3.0,3,0,0,0,zero,
happo,base,1,177,1,2,9.0,9,0,15,15,zero,
happo,base,1,177,2,2,26.0,0,26,0,0,zero,
happo,base,1,178,0,2,1.0,1,0,6,6,zero,
happo,base,1,178,1,2,7.0,7,0,1,1,zero,
happo,base,1,178,2,2,7.0,0,7,2,2,zero,
happo,base,1,179,0,3,2.0,0,2,0,0,zero,
happo,base,1,179,1,3,7.0,7,0,0,0,zero,
happo,base,1,179,2,3,13.0,13,0,20,20,zero,
happo,base,1,180,0,3,1.0,1,0,6,6,zero,
happo,base,1,180,1,3,1.0,1,0,0,0,zero,
happo,base,1,180,2,3,13.0,13,0,0,0,zero,
happo,base,1,181,0,3,2.0,0,2,0,0,zero,
happo,base,1,181,1,3,2.0,2,0,0,0,zero,
happo,base,1,181,2,3,13.0,13,0,0,0,zero,
happo,base,1,182,0,3,1.0,1,0,6,6,zero,
happo,base,1,182,1,3,16.0,16,0,0,0,zero,
happo,base,1,182,2,3,15.0,15,0,0,0,zero,
happo,base,1,183,0,2,1.0,0,1,0,0,zero,
happo,base,1,183,1,2,23.0,23,0,1,1,zero,
happo,base,1,183,2,2,34.0,34,0,0,0,zero,
happo,base,1,184,0,2,3.0,3,0,0,0,zero,
happo,base,1,184,1,2,23.0,23,0,1,1,zero,
happo,base,1,184,2,2,33.0,33,0,0,0,zero,
happo,base,1,185,0,2,1.0,1,0,0,0,zero,
happo,base,1,185,1,2,23.0,23,0,0,0,zero,
happo,base,1,185,2,2,33.0,33,0,0,0,zero,
happo,base,1,186,0,2,5.0,5,0,6,6,zero,
happo,base,1,186,1,2,17.0,17,0,0,0,zero,
happo,base,1,186,2,2,33.0,33,0,0,0,zero,
happo,base,1,187,0,2,3.0,3,0,0,0,zero,
happo,base,1,187,1,2,18.0,18,0,1,1,zero,
happo,base,1,187,2,2,32.0,32,0,0,0,zero,
happo,base,1,188,0,3,-0.0,0,0,6,6,zero,
happo,base,1,188,1,3,13.0,13,0,1,1,zero,
happo,base,1,188,2,3,31.0,31,0,0,0,zero,
happo,base,1,189,0,3,3.0,0,3,0,0,zero,
happo,base,1,189,1,3,13.0,13,0,15,15,zero,
happo,base,1,189,2,3,16.0,16,0,0,0,zero,
happo,base,1,190,0,3,-0.0,0,0,6,6,zero,
happo,base,1,190,1,3,7.0,7,0,0,0,zero,
happo,base,1,190,2,3,16.0,16,0,1,1,zero,
happo,base,1,191,0,3,3.0,0,3,0,0,zero,
happo,base,1,191,1,3,8.0,8,0,1,1,zero,
happo,base,1,191,2,3,15.0,15,0,0,0,zero,
happo,base,1,192,0,3,-0.0,0,0,6,6,zero,
happo,base,1,192,1,3,3.0,3,0,1,1,zero,
happo,base,1,192,2,3,14.0,14,0,0,0,zero,
happo,base,1,193,0,4,4.0,0,4,2,2,zero,
happo,base,1,193,1,4,16.0,16,0,1,1,zero,
happo,base,1,193,2,4,13.0,13,0,0,0,zero,
happo,base,1,194,0,4,2.0,0,2,6,6,zero,
happo,base,1,194,1,4,10.0,10,0,1,1,zero,
happo,base,1,194,2,4,13.0,13,0,0,0,zero,
happo,base,1,195,0,5,7.0,0,7,2,2,zero,
happo,base,1,195,1,5,9.0,9,0,15,15,zero,
happo,base,1,195,2,5,2.0,0,2,0,0,zero,
happo,base,1,196,0,5,6.0,0,6,10,10,zero,
happo,base,1,196,1,5,-0.0,0,0,1,1,zero,
happo,base,1,196,2,5,3.0,0,3,20,20,zero,
happo,base,1,197,0,5,9.0,0,9,6,6,zero,
happo,base,1,197,1,5,5.0,0,5,15,15,zero,
happo,base,1,197,2,5,18.0,0,18,3,3,zero,
happo,base,1,198,0,6,9.0,0,9,10,10,zero,
happo,base,1,198,1,6,14.0,0,14,15,15,zero,
happo,base,1,198,2,6,33.0,0,33,20,20,zero,
happo,base,1,199,0,5,12.0,0,12,10,10,zero,
happo,base,1,199,1,5,11.0,0,11,15,15,zero,
happo,base,1,199,2,5,48.0,0,48,20,20,zero,
happo,base,1,200,0,4,6.0,0,6,6,6,zero,
happo,base,1,200,1,4,17.0,0,17,15,15,zero,
happo,base,1,200,2,4,43.0,0,43,20,20,zero,
happo,shock,0,1,0,10,10.0,10,0,10,10,zero,
happo,shock,0,1,1,10,10.0,10,0,15,15,zero,
happo,shock,0,1,2,10,5.0,5,0,0,0,zero,
happo,shock,0,2,0,11,9.0,9,0,10,10,zero,
happo,shock,0,2,1,11,10.0,10,0,1,1,zero,
happo,shock,0,2,2,11,14.0,14,0,20,20,zero,
happo,shock,0,3,0,11,8.0,8,0,19,19,zero,
happo,shock,0,3,1,11,1.0,1,0,15,15,zero,
happo,shock,0,3,2,11,9.0,9,0,3,3,zero,
happo,shock,0,4,0,11,7.0,7,0,6,6,zero,
happo,shock,0,4,1,11,5.0,5,0,15,15,zero,
happo,shock,0,4,2,11,4.0,4,0,20,20,zero,
happo,shock,0,5,0,11,6.0,6,0,10,10,zero,
happo,shock,0,5,1,11,10.0,10,0,15,15,zero,
happo,shock,0,5,2,11,11.0,0,11,20,20,zero,
happo,shock,0,6,0,10,6.0,6,0,6,6,zero,
happo,shock,0,6,1,10,5.0,5,0,15,15,zero,
happo,shock,0,6,2,10,6.0,0,6,20,20,zero,
happo,shock,0,7,0,10,15.0,15,0,10,10,zero,
happo,shock,0,7,1,10,10.0,10,0,3,3,zero,
happo,shock,0,7,2,10,6.0,0,6,20,20,zero,
happo,shock,0,8,0,10,11.0,11,0,6,6,zero,
happo,shock,0,8,1,10,19.0,19,0,15,15,zero,
happo,shock,0,8,2,10,1.0,0,1,0,0,zero,
happo,shock,0,9,0,11,10.0,10,0,19,19,zero,
happo,shock,0,9,1,11,4.0,4,0,0,0,zero,
happo,shock,0,9,2,11,19.0,19,0,0,0,zero,
happo,shock,0,10,0,12,4.0,4,0,9,9,zero,
happo,shock,0,10,1,12,15.0,15,0,15,15,zero,
happo,shock,0,10,2,12,24.0,24,0,0,0,zero,
happo,shock,0,11,0,13,1.0,1,0,9,9,zero,
happo,shock,0,11,1,13,9.0,9,0,3,3,zero,
happo,shock,0,11,2,13,41.0,41,0,1,1,zero,
happo,shock,0,12,0,11,4.0,0,4,10,10,zero,
happo,shock,0,12,1,11,19.0,19,0,15,15,zero,
happo,shock,0,12,2,11,26.0,26,0,0,0,zero,
happo,shock,0,13,0,11,4.0,4,0,10,10,zero,
happo,shock,0,13,1,11,10.0,10,0,3,3,zero,
happo,shock,0,13,2,11,23.0,23,0,20,20,zero,
happo,shock,0,14,0,13,-0.0,0,0,19,19,zero,
happo,shock,0,14,1,13,6.0,6,0,15,15,zero,
happo,shock,0,14,2,13,8.0,8,0,3,3,zero,
happo,shock,0,15,0,12,3.0,0,3,9,9,zero,
happo,shock,0,15,1,12,-0.0,0,0,15,15,zero,
happo,shock,0,15,2,12,6.0,0,6,20,20,zero,
happo,shock,0,16,0,13,6.0,0,6,19,19,zero,
happo,shock,0,16,1,13,4.0,0,4,15,15,zero,
happo,shock,0,16,2,13,21.0,0,21,20,20,zero,
happo,shock,0,17,0,12,8.0,0,8,10,10,zero,
happo,shock,0,17,1,12,11.0,0,11,15,15,zero,
happo,shock,0,17,2,12,16.0,0,16,20,20,zero,
happo,shock,0,18,0,14,3.0,0,3,10,10,zero,
happo,shock,0,18,1,14,6.0,0,6,15,15,zero,
happo,shock,0,18,2,14,28.0,0,28,20,20,zero,
happo,shock,0,19,0,13,7.0,0,7,10,10,zero,
happo,shock,0,19,1,13,7.0,0,7,15,15,zero,
happo,shock,0,19,2,13,23.0,0,23,16,16,zero,
happo,shock,0,20,0,12,4.0,0,4,19,19,zero,
happo,shock,0,20,1,12,26.0,0,26,15,15,zero,
happo,shock,0,20,2,12,18.0,0,18,16,16,zero,
happo,shock,0,21,0,12,13.0,0,13,19,19,zero,
happo,shock,0,21,1,12,25.0,0,25,18,18,zero,
happo,shock,0,21,2,12,16.0,0,16,16,16,zero,
happo,shock,0,22,0,11,9.0,0,9,10,10,zero,
happo,shock,0,22,1,11,32.0,0,32,18,18,zero,
happo,shock,0,22,2,11,14.0,0,14,20,20,zero,
happo,shock,0,23,0,10,10.0,0,10,19,19,zero,
happo,shock,0,23,1,10,31.0,0,31,3,3,zero,
happo,shock,0,23,2,10,1.0,0,1,20,20,zero,
happo,shock,0,24,0,10,20.0,0,20,10,10,zero,
happo,shock,0,24,1,10,21.0,0,21,18,18,zero,
happo,shock,0,24,2,10,3.0,0,3,1,1,zero,
happo,shock,0,25,0,11,11.0,0,11,6,6,zero,
happo,shock,0,25,1,11,7.0,0,7,18,18,zero,
happo,shock,0,25,2,11,5.0,0,5,16,16,zero,
happo,shock,0,26,0,11,19.0,0,19,6,6,zero,
happo,shock,0,26,1,11,7.0,7,0,0,0,zero,
happo,shock,0,26,2,11,15.0,15,0,20,20,zero,
happo,shock,0,27,0,11,10.0,0,10,6,6,zero,
happo,shock,0,27,1,11,17.0,17,0,0,0,zero,
happo,shock,0,27,2,11,35.0,35,0,0,0,zero,
happo,shock,0,28,0,10,-0.0,0,0,6,6,zero,
happo,shock,0,28,1,10,27.0,27,0,0,0,zero,
happo,shock,0,28,2,10,36.0,36,0,0,0,zero,
happo,shock,0,29,0,11,9.0,9,0,10,10,zero,
happo,shock,0,29,1,11,33.0,33,0,12,12,zero,
happo,shock,0,29,2,11,40.0,40,0,0,0,zero,
happo,shock,0,30,0,12,10.0,10,0,19,19,zero,
happo,shock,0,30,1,12,19.0,19,0,12,12,zero,
happo,shock,0,30,2,12,48.0,48,0,0,0,zero,
happo,shock,0,31,0,10,6.0,6,0,9,9,zero,
happo,shock,0,31,1,10,10.0,10,0,18,18,zero,
happo,shock,0,31,2,10,30.0,30,0,1,1,zero,
happo,shock,0,32,0,10,2.0,2,0,10,10,zero,
happo,shock,0,32,1,10,-0.0,0,0,3,3,zero,
happo,shock,0,32,2,10,27.0,27,0,20,20,zero,
happo,shock,0,33,0,11,1.0,1,0,6,6,zero,
happo,shock,0,33,1,11,6.0,6,0,15,15,zero,
happo,shock,0,33,2,11,12.0,12,0,3,3,zero,
happo,shock,0,34,0,12,8.0,8,0,10,10,zero,
happo,shock,0,34,1,12,8.0,8,0,3,3,zero,
happo,shock,0,34,2,12,9.0,9,0,20,20,zero,
happo,shock,0,35,0,11,6.0,6,0,19,19,zero,
happo,shock,0,35,1,11,7.0,7,0,15,15,zero,
happo,shock,0,35,2,11,5.0,0,5,3,3,zero,
happo,shock,0,36,0,11,5.0,5,0,9,9,zero,
happo,shock,0,36,1,11,1.0,1,0,15,15,zero,
happo,shock,0,36,2,11,-0.0,0,0,20,20,zero,
happo,shock,0,37,0,11,-0.0,0,0,10,10,zero,
happo,shock,0,37,1,11,6.0,6,0,15,15,zero,
happo,shock,0,37,2,11,12.0,0,12,20,20,zero,
happo,shock,0,38,0,10,-0.0,0,0,6,6,zero,
happo,shock,0,38,1,10,3.0,3,0,15,15,zero,
happo,shock,0,38,2,10,7.0,0,7,20,20,zero,
happo,shock,0,39,0,12,7.0,7,0,10,10,zero,
happo,shock,0,39,1,12,3.0,3,0,3,3,zero,
happo,shock,0,39,2,12,7.0,0,7,20,20,zero,
happo,shock,0,40,0,13,3.0,3,0,19,19,zero,
happo,shock,0,40,1,13,4.0,4,0,15,15,zero,
happo,shock,0,40,2,13,2.0,0,2,0,0,zero,
happo,shock,0,41,0,13,-0.0,0,0,9,9,zero,
happo,shock,0,41,1,13,2.0,0,2,15,15,zero,
happo,shock,0,41,2,13,3.0,3,0,0,0,zero,
happo,shock,0,42,0,11,5.0,0,5,19,19,zero,
happo,shock,0,42,1,11,1.0,0,1,15,15,zero,
happo,shock,0,42,2,11,8.0,8,0,20,20,zero,
happo,shock,0,43,0,11,6.0,0,6,6,6,zero,
happo,shock,0,43,1,11,4.0,0,4,18,18,zero,
happo,shock,0,43,2,11,10.0,10,0,20,20,zero,
happo,shock,0,44,0,13,-0.0,0,0,10,10,zero,
happo,shock,0,44,1,13,6.0,6,0,3,3,zero,
happo,shock,0,44,2,13,7.0,7,0,20,20,zero,
happo,shock,0,45,0,14,7.0,0,7,10,10,zero,
happo,shock,0,45,1,14,13.0,13,0,15,15,zero,
happo,shock,0,45,2,14,8.0,0,8,0,0,zero,
happo,shock,0,46,0,13,-0.0,0,0,19,19,zero,
happo,shock,0,46,1,13,9.0,9,0,15,15,zero,
happo,shock,0,46,2,13,3.0,0,3,0,0,zero,
happo,shock,0,47,0,14,11.0,0,11,9,9,zero,
happo,shock,0,47,1,14,18.0,18,0,15,15,zero,
happo,shock,0,47,2,14,2.0,2,0,20,20,zero,
happo,shock,0,48,0,14,11.0,0,11,19,19,zero,
happo,shock,0,48,1,14,2.0,2,0,3,3,zero,
happo,shock,0,48,2,14,19.0,19,0,20,20,zero,
happo,shock,0,49,0,16,17.0,0,17,10,10,zero,
happo,shock,0,49,1,16,1.0,0,1,15,15,zero,
happo,shock,0,49,2,16,4.0,4,0,0,0,zero,
happo,shock,0,50,0,18,16.0,0,16,19,19,zero,
happo,shock,0,50,1,18,-0.0,0,0,15,15,zero,
happo,shock,0,50,2,18,11.0,0,11,20,20,zero,
happo,shock,0,51,0,20,27.0,0,27,19,19,zero,
happo,shock,0,51,1,20,1.0,0,1,15,15,zero,
happo,shock,0,51,2,20,6.0,0,6,20,20,zero,
happo,shock,0,52,0,20,28.0,0,28,19,19,zero,
happo,shock,0,52,1,20,17.0,0,17,15,15,zero,
happo,shock,0,52,2,20,1.0,0,1,20,20,zero,
happo,shock,0,53,0,18,37.0,0,37,19,19,zero,
happo,shock,0,53,1,18,21.0,0,21,18,18,zero,
happo,shock,0,53,2,18,19.0,0,19,20,20,zero,
happo,shock,0,54,0,19,36.0,0,36,10,10,zero,
happo,shock,0,54,1,19,27.0,0,27,18,18,zero,
happo,shock,0,54,2,19,17.0,0,17,16,16,zero,
happo,shock,0,55,0,17,35.0,0,35,19,19,zero,
happo,shock,0,55,1,17,26.0,0,26,15,15,zero,
happo,shock,0,55,2,17,12.0,0,12,20,20,zero,
happo,shock,0,56,0,17,49.0,0,49,19,19,zero,
happo,shock,0,56,1,17,25.0,0,25,18,18,zero,
happo,shock,0,56,2,17,10.0,0,10,16,16,zero,
happo,shock,0,57,0,19,53.0,0,53,19,19,zero,
happo,shock,0,57,1,19,44.0,0,44,18,18,zero,
happo,shock,0,57,2,19,8.0,0,8,20,20,zero,
happo,shock,0,58,0,17,66.0,0,66,17,17,zero,
happo,shock,0,58,1,17,41.0,0,41,18,18,zero,
happo,shock,0,58,2,17,10.0,0,10,20,20,zero,
happo,shock,0,59,0,18,64.0,0,64,17,17,zero,
happo,shock,0,59,1,18,38.0,0,38,18,18,zero,
happo,shock,0,59,2,18,8.0,0,8,20,20,zero,
happo,shock,0,60,0,17,61.0,0,61,17,17,zero,
happo,shock,0,60,1,17,35.0,0,35,18,18,zero,
happo,shock,0,60,2,17,10.0,0,10,20,20,zero,
happo,shock,0,61,0,17,78.0,0,78,17,17,zero,
happo,shock,0,61,1,17,32.0,0,32,18,18,zero,
happo,shock,0,61,2,17,8.0,0,8,16,16,zero,
happo,shock,0,62,0,16,74.0,0,74,17,17,zero,
happo,shock,0,62,1,16,33.0,0,33,18,18,zero,
happo,shock,0,62,2,16,6.0,0,6,20,20,zero,
happo,shock,0,63,0,17,71.0,0,71,17,17,zero,
happo,shock,0,63,1,17,30.0,0,30,18,18,zero,
happo,shock,0,63,2,17,4.0,0,4,20,20,zero,
happo,shock,0,64,0,16,67.0,0,67,17,17,zero,
happo,shock,0,64,1,16,31.0,0,31,18,18,zero,
happo,shock,0,64,2,16,2.0,0,2,20,20,zero,
happo,shock,0,65,0,16,63.0,0,63,17,17,zero,
happo,shock,0,65,1,16,28.0,0,28,18,18,zero,
happo,shock,0,65,2,16,4.0,0,4,16,16,zero,
happo,shock,0,66,0,17,64.0,0,64,17,17,zero,
happo,shock,0,66,1,17,25.0,0,25,18,18,zero,
happo,shock,0,66,2,17,2.0,0,2,16,16,zero,
happo,shock,0,67,0,18,62.0,0,62,17,17,zero,
happo,shock,0,67,1,18,22.0,0,22,18,18,zero,
happo,shock,0,67,2,18,-0.0,0,0,16,16,zero,
happo,shock,0,68,0,16,62.0,0,62,17,17,zero,
happo,shock,0,68,1,16,19.0,0,19,18,18,zero,
happo,shock,0,68,2,16,2.0,2,0,20,20,zero,
happo,shock,0,69,0,18,60.0,0,60,17,17,zero,
happo,shock,0,69,1,18,20.0,0,20,18,18,zero,
happo,shock,0,69,2,18,-0.0,0,0,20,20,zero,
happo,shock,0,70,0,15,55.0,0,55,17,17,zero,
happo,shock,0,70,1,15,17.0,0,17,18,18,zero,
happo,shock,0,70,2,15,2.0,0,2,16,16,zero,
happo,shock,0,71,0,14,49.0,0,49,10,10,zero,
happo,shock,0,71,1,14,7.0,0,7,18,18,zero,
happo,shock,0,71,2,14,4.0,0,4,16,16,zero,
happo,shock,0,72,0,15,44.0,0,44,10,10,zero,
happo,shock,0,72,1,15,1.0,1,0,18,18,zero,
happo,shock,0,72,2,15,2.0,0,2,20,20,zero,
happo,shock,0,73,0,14,42.0,0,42,19,19,zero,
happo,shock,0,73,1,14,-0.0,0,0,18,18,zero,
happo,shock,0,73,2,14,-0.0,0,0,20,20,zero,
happo,shock,0,74,0,13,35.0,0,35,10,10,zero,
happo,shock,0,74,1,13,6.0,6,0,18,18,zero,
happo,shock,0,74,2,13,2.0,0,2,16,16,zero,
happo,shock,0,75,0,13,28.0,0,28,10,10,zero,
happo,shock,0,75,1,13,12.0,12,0,18,18,zero,
happo,shock,0,75,2,13,4.0,0,4,16,16,zero,
happo,shock,0,76,0,12,23.0,0,23,10,10,zero,
happo,shock,0,76,1,12,22.0,22,0,0,0,zero,
happo,shock,0,76,2,12,16.0,16,0,20,20,zero,
happo,shock,0,77,0,13,17.0,0,17,10,10,zero,
happo,shock,0,77,1,13,32.0,32,0,3,3,zero,
happo,shock,0,77,2,13,33.0,33,0,0,0,zero,
happo,shock,0,78,0,12,19.0,0,19,19,19,zero,
happo,shock,0,78,1,12,29.0,29,0,12,12,zero,
happo,shock,0,78,2,12,37.0,37,0,0,0,zero,
happo,shock,0,79,0,14,23.0,0,23,10,10,zero,
happo,shock,0,79,1,14,35.0,35,0,18,18,zero,
happo,shock,0,79,2,14,35.0,35,0,0,0,zero,
happo,shock,0,80,0,15,28.0,0,28,19,19,zero,
happo,shock,0,80,1,15,20.0,20,0,15,15,zero,
happo,shock,0,80,2,15,40.0,40,0,16,16,zero,
happo,shock,0,81,0,14,32.0,0,32,19,19,zero,
happo,shock,0,81,1,14,4.0,4,0,15,15,zero,
happo,shock,0,81,2,14,25.0,25,0,20,20,zero,
happo,shock,0,82,0,13,26.0,0,26,10,10,zero,
happo,shock,0,82,1,13,6.0,6,0,15,15,zero,
happo,shock,0,82,2,13,10.0,10,0,20,20,zero,
happo,shock,0,83,0,12,28.0,0,28,19,19,zero,
happo,shock,0,83,1,12,5.0,5,0,15,15,zero,
happo,shock,0,83,2,12,5.0,0,5,20,20,zero,
happo,shock,0,84,0,11,20.0,0,20,10,10,zero,
happo,shock,0,84,1,11,10.0,10,0,15,15,zero,
happo,shock,0,84,2,11,4.0,0,4,0,0,zero,
happo,shock,0,85,0,11,12.0,0,12,10,10,zero,
happo,shock,0,85,1,11,15.0,15,0,15,15,zero,
happo,shock,0,85,2,11,1.0,1,0,0,0,zero,
happo,shock,0,86,0,12,14.0,0,14,10,10,zero,
happo,shock,0,86,1,12,20.0,20,0,3,3,zero,
happo,shock,0,86,2,12,18.0,18,0,20,20,zero,
happo,shock,0,87,0,15,10.0,0,10,10,10,zero,
happo,shock,0,87,1,15,20.0,20,0,3,3,zero,
happo,shock,0,87,2,15,35.0,35,0,3,3,zero,
happo,shock,0,88,0,14,14.0,0,14,19,19,zero,
happo,shock,0,88,1,14,17.0,17,0,15,15,zero,
happo,shock,0,88,2,14,20.0,20,0,0,0,zero,
happo,shock,0,89,0,15,19.0,0,19,19,19,zero,
happo,shock,0,89,1,15,17.0,17,0,15,15,zero,
happo,shock,0,89,2,15,5.0,5,0,16,16,zero,
happo,shock,0,90,0,15,24.0,0,24,19,19,zero,
happo,shock,0,90,1,15,1.0,1,0,15,15,zero,
happo,shock,0,90,2,15,10.0,10,0,20,20,zero,
happo,shock,0,91,0,15,29.0,0,29,17,17,zero,
happo,shock,0,91,1,15,13.0,0,13,15,15,zero,
happo,shock,0,91,2,15,2.0,0,2,20,20,zero,
happo,shock,0,92,0,14,24.0,0,24,19,19,zero,
happo,shock,0,92,1,14,17.0,0,17,18,18,zero,
happo,shock,0,92,2,14,20.0,0,20,20,20,zero,
happo,shock,0,93,0,14,19.0,0,19,10,10,zero,
happo,shock,0,93,1,14,12.0,0,12,18,18,zero,
happo,shock,0,93,2,14,22.0,0,22,20,20,zero,
happo,shock,0,94,0,13,13.0,0,13,19,19,zero,
happo,shock,0,94,1,13,16.0,0,16,15,15,zero,
happo,shock,0,94,2,13,17.0,0,17,16,16,zero,
happo,shock,0,95,0,14,23.0,0,23,19,19,zero,
happo,shock,0,95,1,14,22.0,0,22,18,18,zero,
happo,shock,0,95,2,14,15.0,0,15,16,16,zero,
happo,shock,0,96,0,16,24.0,0,24,19,19,zero,
happo,shock,0,96,1,16,41.0,0,41,18,18,zero,
happo,shock,0,96,2,16,13.0,0,13,20,20,zero,
happo,shock,0,97,0,15,24.0,0,24,19,19,zero,
happo,shock,0,97,1,15,44.0,0,44,18,18,zero,
happo,shock,0,97,2,15,11.0,0,11,20,20,zero,
happo,shock,0,98,0,12,21.0,0,21,10,10,zero,
happo,shock,0,98,1,12,34.0,0,34,18,18,zero,
happo,shock,0,98,2,12,13.0,0,13,20,20,zero,
happo,shock,0,99,0,20,28.0,0,28,10,10,zero,
happo,shock,0,99,1,20,24.0,0,24,3,3,zero,
happo,shock,0,99,2,20,-0.0,0,0,20,20,zero,
happo,shock,0,100,0,20,48.0,0,48,19,19,zero,
happo,shock,0,100,1,20,23.0,0,23,3,3,zero,
happo,shock,0,100,2,20,17.0,17,0,1,1,zero,
happo,shock,0,101,0,20,52.0,0,52,19,19,zero,101
happo,shock,0,101,1,20,22.0,0,22,18,18,zero,101
happo,shock,0,101,2,20,19.0,19,0,0,0,zero,101
happo,shock,0,102,0,20,52.0,0,52,19,19,zero,101
happo,shock,0,102,1,20,25.0,0,25,18,18,zero,101
happo,shock,0,102,2,20,21.0,21,0,16,16,zero,101
happo,shock,0,103,0,20,52.0,0,52,19,19,zero,101
happo,shock,0,103,1,20,28.0,0,28,18,18,zero,101
happo,shock,0,103,2,20,23.0,23,0,20,20,zero,101
happo,shock,0,104,0,17,49.0,0,49,19,19,zero,101
happo,shock,0,104,1,17,44.0,0,44,18,18,zero,101
happo,shock,0,104,2,17,6.0,6,0,20,20,zero,101
happo,shock,0,105,0,15,44.0,0,44,19,19,zero,101
happo,shock,0,105,1,15,45.0,0,45,18,18,zero,101
happo,shock,0,105,2,15,12.0,0,12,20,20,zero,101
happo,shock,0,106,0,15,43.0,0,43,10,10,zero,101
happo,shock,0,106,1,15,37.0,0,37,18,18,zero,101
happo,shock,0,106,2,15,14.0,0,14,20,20,zero,101
happo,shock,0,107,0,14,41.0,0,41,19,19,zero,101
happo,shock,0,107,1,14,38.0,0,38,18,18,zero,101
happo,shock,0,107,2,14,12.0,0,12,16,16,zero,101
happo,shock,0,108,0,14,52.0,0,52,17,17,zero,101
happo,shock,0,108,1,14,37.0,0,37,18,18,zero,101
happo,shock,0,108,2,14,10.0,0,10,16,16,zero,101
happo,shock,0,109,0,14,48.0,0,48,10,10,zero,101
happo,shock,0,109,1,14,41.0,0,41,18,18,zero,101
happo,shock,0,109,2,14,8.0,0,8,20,20,zero,101
happo,shock,0,110,0,14,44.0,0,44,17,17,zero,101
happo,shock,0,110,1,14,42.0,0,42,18,18,zero,101
happo,shock,0,110,2,14,6.0,0,6,20,20,zero,101
happo,shock,0,111,0,18,44.0,0,44,10,10,zero,101
happo,shock,0,111,1,18,32.0,0,32,18,18,zero,101
happo,shock,0,111,2,18,8.0,0,8,20,20,zero,101
happo,shock,0,112,0,18,44.0,0,44,19,19,zero,101
happo,shock,0,112,1,18,31.0,0,31,18,18,zero,101
happo,shock,0,112,2,18,10.0,0,10,20,20,zero,101
happo,shock,0,113,0,17,55.0,0,55,19,19,zero,101
happo,shock,0,113,1,17,30.0,0,30,18,18,zero,101
happo,shock,0,113,2,17,8.0,0,8,16,16,zero,101
happo,shock,0,114,0,18,57.0,0,57,17,17,zero,101
happo,shock,0,114,1,18,27.0,0,27,18,18,zero,101
happo,shock,0,114,2,18,6.0,0,6,20,20,zero,101
happo,shock,0,115,0,18,55.0,0,55,19,19,zero,101
happo,shock,0,115,1,18,30.0,0,30,18,18,zero,101
happo,shock,0,115,2,18,4.0,0,4,20,20,zero,101
happo,shock,0,116,0,20,55.0,0,55,19,19,zero,101
happo,shock,0,116,1,20,33.0,0,33,18,18,zero,101
happo,shock,0,116,2,20,2.0,0,2,20,20,zero,101
happo,shock,0,117,0,20,55.0,0,55,19,19,zero,101
happo,shock,0,117,1,20,32.0,0,32,18,18,zero,101
happo,shock,0,117,2,20,4.0,0,4,16,16,zero,101
happo,shock,0,118,0,20,55.0,0,55,19,19,zero,101
happo,shock,0,118,1,20,31.0,0,31,18,18,zero,101
happo,shock,0,118,2,20,2.0,0,2,16,16,zero,101
happo,shock,0,119,0,20,59.0,0,59,19,19,zero,101
happo,shock,0,119,1,20,30.0,0,30,18,18,zero,101
happo,shock,0,119,2,20,-0.0,0,0,16,16,zero,101
happo,shock,0,120,0,20,63.0,0,63,17,17,zero,101
happo,shock,0,120,1,20,27.0,0,27,18,18,zero,101
happo,shock,0,120,2,20,2.0,2,0,20,20,zero,101
happo,shock,0,121,0,20,63.0,0,63,17,17,zero,101
happo,shock,0,121,1,20,28.0,0,28,18,18,zero,101
happo,shock,0,121,2,20,-0.0,0,0,20,20,zero,101
happo,shock,0,122,0,20,63.0,0,63,17,17,zero,101
happo,shock,0,122,1,20,25.0,0,25,18,18,zero,101
happo,shock,0,122,2,20,2.0,0,2,16,16,zero,101
happo,shock,0,123,0,20,63.0,0,63,17,17,zero,101
happo,shock,0,123,1,20,22.0,0,22,18,18,zero,101
happo,shock,0,123,2,20,4.0,0,4,16,16,zero,101
happo,shock,0,124,0,20,63.0,0,63,17,17,zero,101
happo,shock,0,124,1,20,21.0,0,21,18,18,zero,101
happo,shock,0,124,2,20,2.0,0,2,20,20,zero,101
happo,shock,0,125,0,20,67.0,0,67,17,17,zero,101
happo,shock,0,125,1,20,20.0,0,20,18,18,zero,101
happo,shock,0,125,2,20,-0.0,0,0,20,20,zero,101
happo,shock,0,126,0,20,67.0,0,67,17,17,zero,101
happo,shock,0,126,1,20,21.0,0,21,18,18,zero,101
happo,shock,0,126,2,20,2.0,0,2,16,16,zero,101
happo,shock,0,127,0,20,67.0,0,67,17,17,zero,101
happo,shock,0,127,1,20,22.0,0,22,18,18,zero,101
happo,shock,0,127,2,20,4.0,0,4,16,16,zero,101
happo,shock,0,128,0,20,69.0,0,69,17,17,zero,101
happo,shock,0,128,1,20,19.0,0,19,18,18,zero,101
happo,shock,0,128,2,20,2.0,0,2,20,20,zero,101
happo,shock,0,129,0,20,71.0,0,71,17,17,zero,101
happo,shock,0,129,1,20,16.0,0,16,18,18,zero,101
happo,shock,0,129,2,20,-0.0,0,0,20,20,zero,101
happo,shock,0,130,0,20,75.0,0,75,17,17,zero,101
happo,shock,0,130,1,20,17.0,0,17,18,18,zero,101
happo,shock,0,130,2,20,2.0,0,2,16,16,zero,101
happo,shock,0,131,0,20,79.0,0,79,17,17,zero,101
happo,shock,0,131,1,20,18.0,0,18,18,18,zero,101
happo,shock,0,131,2,20,4.0,0,4,16,16,zero,101
happo,shock,0,132,0,20,79.0,0,79,17,17,zero,101
happo,shock,0,132,1,20,15.0,0,15,18,18,zero,101
happo,shock,0,132,2,20,2.0,0,2,20,20,zero,101
happo,shock,0,133,0,20,79.0,0,79,17,17,zero,101
happo,shock,0,133,1,20,12.0,0,12,18,18,zero,101
happo,shock,0,133,2,20,-0.0,0,0,20,20,zero,101
happo,shock,0,134,0,20,83.0,0,83,17,17,zero,101
happo,shock,0,134,1,20,13.0,0,13,18,18,zero,101
happo,shock,0,134,2,20,2.0,0,2,16,16,zero,101
happo,shock,0,135,0,20,87.0,0,87,17,17,zero,101
happo,shock,0,135,1,20,14.0,0,14,18,18,zero,101
happo,shock,0,135,2,20,4.0,0,4,16,16,zero,101
happo,shock,0,136,0,20,87.0,0,87,17,17,zero,101
happo,shock,0,136,1,20,11.0,0,11,18,18,zero,101
happo,shock,0,136,2,20,2.0,0,2,20,20,zero,101
happo,shock,0,137,0,20,87.0,0,87,17,17,zero,101
happo,shock,0,137,1,20,8.0,0,8,18,18,zero,101
happo,shock,0,137,2,20,-0.0,0,0,20,20,zero,101
happo,shock,0,138,0,20,91.0,0,91,17,17,zero,101
happo,shock,0,138,1,20,9.0,0,9,18,18,zero,101
happo,shock,0,138,2,20,2.0,0,2,16,16,zero,101
happo,shock,0,139,0,20,95.0,0,95,17,17,zero,101
happo,shock,0,139,1,20,10.0,0,10,18,18,zero,101
happo,shock,0,139,2,20,4.0,0,4,16,16,zero,101
happo,shock,0,140,0,20,95.0,0,95,17,17,zero,101
happo,shock,0,140,1,20,7.0,0,7,18,18,zero,101
happo,shock,0,140,2,20,2.0,0,2,20,20,zero,101
happo,shock,0,141,0,20,95.0,0,95,17,17,zero,101
happo,shock,0,141,1,20,4.0,0,4,18,18,zero,101
happo,shock,0,141,2,20,-0.0,0,0,20,20,zero,101
happo,shock,0,142,0,20,99.0,0,99,17,17,zero,101
happo,shock,0,142,1,20,5.0,0,5,18,18,zero,101
happo,shock,0,142,2,20,2.0,0,2,16,16,zero,101
happo,shock,0,143,0,20,103.0,0,103,17,17,zero,101
happo,shock,0,143,1,20,6.0,0,6,18,18,zero,101
happo,shock,0,143,2,20,4.0,0,4,16,16,zero,101
happo,shock,0,144,0,20,103.0,0,103,17,17,zero,101
happo,shock,0,144,1,20,3.0,0,3,18,18,zero,101
happo,shock,0,144,2,20,2.0,0,2,20,20,zero,101
happo,shock,0,145,0,20,103.0,0,103,17,17,zero,101
happo,shock,0,145,1,20,-0.0,0,0,18,18,zero,101
happo,shock,0,145,2,20,-0.0,0,0,20,20,zero,101
happo,shock,0,146,0,20,107.0,0,107,17,17,zero,101
happo,shock,0,146,1,20,1.0,0,1,18,18,zero,101
happo,shock,0,146,2,20,2.0,0,2,16,16,zero,101
happo,shock,0,147,0,19,110.0,0,110,17,17,zero,101
happo,shock,0,147,1,19,2.0,0,2,18,18,zero,101
happo,shock,0,147,2,19,4.0,0,4,16,16,zero,101
happo,shock,0,148,0,17,107.0,0,107,17,17,zero,101
happo,shock,0,148,1,17,1.0,1,0,18,18,zero,101
happo,shock,0,148,2,17,2.0,0,2,20,20,zero,101
happo,shock,0,149,0,18,105.0,0,105,17,17,zero,101
happo,shock,0,149,1,18,4.0,4,0,18,18,zero,101
happo,shock,0,149,2,18,-0.0,0,0,20,20,zero,101
happo,shock,0,150,0,17,106.0,0,106,17,17,zero,101
happo,shock,0,150,1,17,3.0,3,0,18,18,zero,101
happo,shock,0,150,2,17,2.0,0,2,16,16,zero,101
happo,shock,0,151,0,19,109.0,0,109,17,17,zero,101
happo,shock,0,151,1,19,2.0,2,0,18,18,zero,101
happo,shock,0,151,2,19,4.0,0,4,16,16,zero,101
happo,shock,0,152,0,18,108.0,0,108,17,17,zero,101
happo,shock,0,152,1,18,5.0,5,0,18,18,zero,101
happo,shock,0,152,2,18,2.0,0,2,20,20,zero,101
happo,shock,0,153,0,18,109.0,0,109,17,17,zero,101
happo,shock,0,153,1,18,8.0,8,0,18,18,zero,101
happo,shock,0,153,2,18,-0.0,0,0,20,20,zero,101
happo,shock,0,154,0,17,109.0,0,109,17,17,zero,101
happo,shock,0,154,1,17,7.0,7,0,18,18,zero,101
happo,shock,0,154,2,17,2.0,0,2,16,16,zero,101
happo,shock,0,155,0,17,109.0,0,109,17,17,zero,101
happo,shock,0,155,1,17,6.0,6,0,18,18,zero,101
happo,shock,0,155,2,17,4.0,0,4,16,16,zero,101
happo,shock,0,156,0,17,109.0,0,109,17,17,zero,101
happo,shock,0,156,1,17,9.0,9,0,18,18,zero,101
happo,shock,0,156,2,17,2.0,0,2,20,20,zero,101
happo,shock,0,157,0,20,112.0,0,112,17,17,zero,101
happo,shock,0,157,1,20,12.0,12,0,18,18,zero,101
happo,shock,0,157,2,20,-0.0,0,0,20,20,zero,101
happo,shock,0,158,0,19,114.0,0,114,17,17,zero,101
happo,shock,0,158,1,19,11.0,11,0,18,18,zero,101
happo,shock,0,158,2,19,2.0,0,2,16,16,zero,101
happo,shock,0,159,0,19,116.0,0,116,17,17,zero,101
happo,shock,0,159,1,19,10.0,10,0,18,18,zero,101
happo,shock,0,159,2,19,4.0,0,4,16,16,zero,101
happo,shock,0,160,0,20,119.0,0,119,17,17,zero,101
happo,shock,0,160,1,20,13.0,13,0,18,18,zero,101
happo,shock,0,160,2,20,2.0,0,2,20,20,zero,101
happo,shock,0,161,0,20,122.0,0,122,17,17,zero,101
happo,shock,0,161,1,20,16.0,16,0,18,18,zero,101
happo,shock,0,161,2,20,-0.0,0,0,20,20,zero,101
happo,shock,0,162,0,20,125.0,0,125,17,17,zero,101
happo,shock,0,162,1,20,15.0,15,0,18,18,zero,101
happo,shock,0,162,2,20,2.0,0,2,16,16,zero,101
happo,shock,0,163,0,20,128.0,0,128,17,17,zero,101
happo,shock,0,163,1,20,14.0,14,0,18,18,zero,101
happo,shock,0,163,2,20,4.0,0,4,16,16,zero,101
happo,shock,0,164,0,20,131.0,0,131,17,17,zero,101
happo,shock,0,164,1,20,17.0,17,0,18,18,zero,101
happo,shock,0,164,2,20,2.0,0,2,20,20,zero,101
happo,shock,0,165,0,20,134.0,0,134,17,17,zero,101
happo,shock,0,165,1,20,20.0,20,0,15,15,zero,101
happo,shock,0,165,2,20,3.0,3,0,20,20,zero,101
happo,shock,0,166,0,20,137.0,0,137,17,17,zero,101
happo,shock,0,166,1,20,19.0,19,0,15,15,zero,101
happo,shock,0,166,2,20,4.0,4,0,16,16,zero,101
happo,shock,0,167,0,20,140.0,0,140,17,17,zero,101
happo,shock,0,167,1,20,18.0,18,0,15,15,zero,101
happo,shock,0,167,2,20,5.0,5,0,1,1,zero,101
happo,shock,0,168,0,20,143.0,0,143,17,17,zero,101
happo,shock,0,168,1,20,21.0,21,0,15,15,zero,101
happo,shock,0,168,2,20,10.0,10,0,16,16,zero,101
happo,shock,0,169,0,20,146.0,0,146,17,17,zero,101
happo,shock,0,169,1,20,21.0,21,0,15,15,zero,101
happo,shock,0,169,2,20,15.0,15,0,20,20,zero,101
happo,shock,0,170,0,20,149.0,0,149,17,17,zero,101
happo,shock,0,170,1,20,19.0,19,0,15,15,zero,101
happo,shock,0,170,2,20,16.0,16,0,20,20,zero,101
happo,shock,0,171,0,20,152.0,0,152,17,17,zero,101
happo,shock,0,171,1,20,17.0,17,0,15,15,zero,101
happo,shock,0,171,2,20,2.0,2,0,20,20,zero,101
happo,shock,0,172,0,20,155.0,0,155,17,17,zero,101
happo,shock,0,172,1,20,15.0,15,0,15,15,zero,101
happo,shock,0,172,2,20,3.0,3,0,0,0,zero,101
happo,shock,0,173,0,20,158.0,0,158,17,17,zero,101
happo,shock,0,173,1,20,13.0,13,0,15,15,zero,101
happo,shock,0,173,2,20,8.0,8,0,0,0,zero,101
happo,shock,0,174,0,20,161.0,0,161,17,17,zero,101
happo,shock,0,174,1,20,11.0,11,0,15,15,zero,101
happo,shock,0,174,2,20,13.0,13,0,20,20,zero,101
happo,shock,0,175,0,20,164.0,0,164,17,17,zero,101
happo,shock,0,175,1,20,9.0,9,0,15,15,zero,101
happo,shock,0,175,2,20,18.0,18,0,20,20,zero,101
happo,shock,0,176,0,20,167.0,0,167,17,17,zero,101
happo,shock,0,176,1,20,7.0,7,0,15,15,zero,101
happo,shock,0,176,2,20,3.0,3,0,20,20,zero,101
happo,shock,0,177,0,20,170.0,0,170,17,17,zero,101
happo,shock,0,177,1,20,5.0,5,0,15,15,zero,101
happo,shock,0,177,2,20,12.0,0,12,20,20,zero,101
happo,shock,0,178,0,20,173.0,0,173,17,17,zero,101
happo,shock,0,178,1,20,3.0,3,0,15,15,zero,101
happo,shock,0,178,2,20,7.0,0,7,0,0,zero,101
happo,shock,0,179,0,20,176.0,0,176,17,17,zero,101
happo,shock,0,179,1,20,1.0,1,0,15,15,zero,101
happo,shock,0,179,2,20,2.0,0,2,17,17,zero,101
happo,shock,0,180,0,20,179.0,0,179,17,17,zero,101
happo,shock,0,180,1,20,1.0,0,1,15,15,zero,101
happo,shock,0,180,2,20,3.0,3,0,20,20,zero,101
happo,shock,0,181,0,20,182.0,0,182,17,17,zero,101
happo,shock,0,181,1,20,15.0,0,15,18,18,zero,101
happo,shock,0,181,2,20,5.0,5,0,20,20,zero,101
happo,shock,0,182,0,20,185.0,0,185,17,17,zero,101
happo,shock,0,182,1,20,12.0,0,12,18,18,zero,101
happo,shock,0,182,2,20,13.0,0,13,20,20,zero,101
happo,shock,0,183,0,20,188.0,0,188,17,17,zero,101
happo,shock,0,183,1,20,9.0,0,9,18,18,zero,101
happo,shock,0,183,2,20,14.0,0,14,20,20,zero,101
happo,shock,0,184,0,20,192.0,0,192,17,17,zero,101
happo,shock,0,184,1,20,9.0,0,9,18,18,zero,101
happo,shock,0,184,2,20,12.0,0,12,16,16,zero,101
happo,shock,0,185,0,20,209.0,0,209,17,17,zero,101
happo,shock,0,185,1,20,8.0,0,8,18,18,zero,101
happo,shock,0,185,2,20,10.0,0,10,20,20,zero,101
happo,shock,0,186,0,20,209.0,0,209,17,17,zero,101
happo,shock,0,186,1,20,20.0,0,20,18,18,zero,101
happo,shock,0,186,2,20,8.0,0,8,20,20,zero,101
happo,shock,0,187,0,20,209.0,0,209,17,17,zero,101
happo,shock,0,187,1,20,20.0,0,20,18,18,zero,101
happo,shock,0,187,2,20,6.0,0,6,20,20,zero,101
happo,shock,0,188,0,20,212.0,0,212,17,17,zero,101
happo,shock,0,188,1,20,17.0,0,17,18,18,zero,101
happo,shock,0,188,2,20,8.0,0,8,20,20,zero,101
happo,shock,0,189,0,20,214.0,0,214,17,17,zero,101
happo,shock,0,189,1,20,14.0,0,14,18,18,zero,101
happo,shock,0,189,2,20,6.0,0,6,16,16,zero,101
happo,shock,0,190,0,20,229.0,0,229,17,17,zero,101
happo,shock,0,190,1,20,11.0,0,11,18,18,zero,101
happo,shock,0,190,2,20,4.0,0,4,16,16,zero,101
happo,shock,0,191,0,20,232.0,0,232,17,17,zero,101
happo,shock,0,191,1,20,8.0,0,8,18,18,zero,101
happo,shock,0,191,2,20,2.0,0,2,20,20,zero,101
happo,shock,0,192,0,20,232.0,0,232,17,17,zero,101
happo,shock,0,192,1,20,9.0,0,9,18,18,zero,101
happo,shock,0,192,2,20,-0.0,0,0,20,20,zero,101
happo,shock,0,193,0,20,232.0,0,232,17,17,zero,101
happo,shock,0,193,1,20,6.0,0,6,18,18,zero,101
happo,shock,0,193,2,20,2.0,0,2,16,16,zero,101
happo,shock,0,194,0,20,232.0,0,232,17,17,zero,101
happo,shock,0,194,1,20,3.0,0,3,18,18,zero,101
happo,shock,0,194,2,20,4.0,0,4,16,16,zero,101
happo,shock,0,195,0,20,232.0,0,232,17,17,zero,101
happo,shock,0,195,1,20,-0.0,0,0,18,18,zero,101
happo,shock,0,195,2,20,2.0,0,2,20,20,zero,101
happo,shock,0,196,0,20,236.0,0,236,17,17,zero,101
happo,shock,0,196,1,20,3.0,3,0,18,18,zero,101
happo,shock,0,196,2,20,-0.0,0,0,20,20,zero,101
happo,shock,0,197,0,20,236.0,0,236,17,17,zero,101
happo,shock,0,197,1,20,2.0,2,0,18,18,zero,101
happo,shock,0,197,2,20,2.0,0,2,16,16,zero,101
happo,shock,0,198,0,20,236.0,0,236,17,17,zero,101
happo,shock,0,198,1,20,1.0,1,0,18,18,zero,101
happo,shock,0,198,2,20,4.0,0,4,16,16,zero,101
happo,shock,0,199,0,20,236.0,0,236,17,17,zero,101
happo,shock,0,199,1,20,4.0,4,0,18,18,zero,101
happo,shock,0,199,2,20,2.0,0,2,20,20,zero,101
happo,shock,0,200,0,20,239.0,0,239,17,17,zero,101
happo,shock,0,200,1,20,7.0,7,0,18,18,zero,101
happo,shock,0,200,2,20,-0.0,0,0,20,20,zero,101
happo,shock,1,1,0,10,10.0,10,0,10,10,zero,
happo,shock,1,1,1,10,10.0,10,0,15,15,zero,
happo,shock,1,1,2,10,5.0,5,0,0,0,zero,
happo,shock,1,2,0,9,11.0,11,0,10,10,zero,
happo,shock,1,2,1,9,10.0,10,0,1,1,zero,
happo,shock,1,2,2,9,14.0,14,0,20,20,zero,
happo,shock,1,3,0,10,11.0,11,0,6,6,zero,
happo,shock,1,3,1,10,14.0,14,0,15,15,zero,
happo,shock,1,3,2,10,9.0,9,0,3,3,zero,
happo,shock,1,4,0,10,11.0,11,0,10,10,zero,
happo,shock,1,4,1,10,14.0,14,0,1,1,zero,
happo,shock,1,4,2,10,18.0,18,0,20,20,zero,
happo,shock,1,5,0,10,11.0,11,0,10,10,zero,
happo,shock,1,5,1,10,19.0,19,0,15,15,zero,
happo,shock,1,5,2,10,3.0,3,0,0,0,zero,
happo,shock,1,6,0,9,12.0,12,0,9,9,zero,
happo,shock,1,6,1,9,11.0,11,0,3,3,zero,
happo,shock,1,6,2,9,20.0,20,0,16,16,zero,
happo,shock,1,7,0,11,7.0,7,0,9,9,zero,
happo,shock,1,7,1,11,17.0,17,0,15,15,zero,
happo,shock,1,7,2,11,8.0,8,0,0,0,zero,
happo,shock,1,8,0,12,5.0,5,0,9,9,zero,
happo,shock,1,8,1,12,9.0,9,0,1,1,zero,
happo,shock,1,8,2,12,27.0,27,0,20,20,zero,
happo,shock,1,9,0,12,3.0,3,0,19,19,zero,
happo,shock,1,9,1,12,5.0,5,0,15,15,zero,
happo,shock,1,9,2,12,12.0,12,0,0,0,zero,
happo,shock,1,10,0,13,1.0,0,1,9,9,zero,
happo,shock,1,10,1,13,1.0,0,1,15,15,zero,
happo,shock,1,10,2,13,13.0,13,0,0,0,zero,
happo,shock,1,11,0,14,6.0,0,6,19,19,zero,
happo,shock,1,11,1,14,5.0,0,5,15,15,zero,
happo,shock,1,11,2,14,2.0,0,2,20,20,zero,
happo,shock,1,12,0,14,11.0,0,11,10,10,zero,
happo,shock,1,12,1,14,14.0,0,14,15,15,zero,
happo,shock,1,12,2,14,3.0,3,0,20,20,zero,
happo,shock,1,13,0,15,7.0,0,7,19,19,zero,
happo,shock,1,13,1,15,18.0,0,18,15,15,zero,
happo,shock,1,13,2,15,12.0,0,12,20,20,zero,
happo,shock,1,14,0,16,15.0,0,15,19,19,zero,
happo,shock,1,14,1,16,22.0,0,22,18,18,zero,
happo,shock,1,14,2,16,30.0,0,30,20,20,zero,
happo,shock,1,15,0,18,18.0,0,18,19,19,zero,
happo,shock,1,15,1,18,28.0,0,28,18,18,zero,
happo,shock,1,15,2,18,28.0,0,28,20,20,zero,
happo,shock,1,16,0,17,34.0,0,34,19,19,zero,
happo,shock,1,16,1,17,30.0,0,30,18,18,zero,
happo,shock,1,16,2,17,26.0,0,26,20,20,zero,
happo,shock,1,17,0,18,37.0,0,37,19,19,zero,
happo,shock,1,17,1,18,46.0,0,46,18,18,zero,
happo,shock,1,17,2,18,24.0,0,24,20,20,zero,
happo,shock,1,18,0,16,38.0,0,38,19,19,zero,
happo,shock,1,18,1,16,65.0,0,65,18,18,zero,
happo,shock,1,18,2,16,22.0,0,22,20,20,zero,
happo,shock,1,19,0,16,41.0,0,41,19,19,zero,
happo,shock,1,19,1,16,64.0,0,64,18,18,zero,
happo,shock,1,19,2,16,20.0,0,20,20,20,zero,
happo,shock,1,20,0,16,40.0,0,40,19,19,zero,
happo,shock,1,20,1,16,63.0,0,63,18,18,zero,
happo,shock,1,20,2,16,18.0,0,18,20,20,zero,
happo,shock,1,21,0,16,53.0,0,53,19,19,zero,
happo,shock,1,21,1,16,62.0,0,62,18,18,zero,
happo,shock,1,21,2,16,16.0,0,16,20,20,zero,
happo,shock,1,22,0,15,68.0,0,68,17,17,zero,
happo,shock,1,22,1,15,59.0,0,59,18,18,zero,
happo,shock,1,22,2,15,14.0,0,14,20,20,zero,
happo,shock,1,23,0,13,61.0,0,61,17,17,zero,
happo,shock,1,23,1,13,56.0,0,56,18,18,zero,
happo,shock,1,23,2,13,12.0,0,12,16,16,zero,
happo,shock,1,24,0,15,56.0,0,56,10,10,zero,
happo,shock,1,24,1,15,46.0,0,46,18,18,zero,
happo,shock,1,24,2,15,10.0,0,10,20,20,zero,
happo,shock,1,25,0,16,52.0,0,52,10,10,zero,
happo,shock,1,25,1,16,36.0,0,36,18,18,zero,
happo,shock,1,25,2,16,8.0,0,8,20,20,zero,
happo,shock,1,26,0,18,50.0,0,50,10,10,zero,
happo,shock,1,26,1,18,26.0,0,26,0,0,zero,
happo,shock,1,26,2,18,12.0,12,0,20,20,zero,
happo,shock,1,27,0,18,48.0,0,48,19,19,zero,
happo,shock,1,27,1,18,25.0,0,25,18,18,zero,
happo,shock,1,27,2,18,10.0,10,0,0,0,zero,
happo,shock,1,28,0,17,45.0,0,45,19,19,zero,
happo,shock,1,28,1,17,24.0,0,24,18,18,zero,
happo,shock,1,28,2,17,12.0,12,0,16,16,zero,
happo,shock,1,29,0,16,41.0,0,41,10,10,zero,
happo,shock,1,29,1,16,14.0,0,14,18,18,zero,
happo,shock,1,29,2,16,14.0,14,0,20,20,zero,
happo,shock,1,30,0,16,37.0,0,37,10,10,zero,
happo,shock,1,30,1,16,16.0,0,16,18,18,zero,
happo,shock,1,30,2,16,16.0,16,0,20,20,zero,
happo,shock,1,31,0,15,32.0,0,32,19,19,zero,
happo,shock,1,31,1,15,17.0,0,17,18,18,zero,
happo,shock,1,31,2,15,2.0,0,2,20,20,zero,
happo,shock,1,32,0,14,26.0,0,26,10,10,zero,
happo,shock,1,32,1,14,9.0,0,9,18,18,zero,
happo,shock,1,32,2,14,4.0,0,4,20,20,zero,
happo,shock,1,33,0,13,19.0,0,19,10,10,zero,
happo,shock,1,33,1,13,1.0,0,1,18,18,zero,
happo,shock,1,33,2,13,2.0,0,2,0,0,zero,
happo,shock,1,34,0,13,24.0,0,24,19,19,zero,
happo,shock,1,34,1,13,2.0,0,2,18,18,zero,
happo,shock,1,34,2,13,-0.0,0,0,20,20,zero,
happo,shock,1,35,0,13,19.0,0,19,10,10,zero,
happo,shock,1,35,1,13,4.0,4,0,18,18,zero,
happo,shock,1,35,2,13,2.0,2,0,20,20,zero,
happo,shock,1,36,0,11,12.0,0,12,10,10,zero,
happo,shock,1,36,1,11,10.0,10,0,18,18,zero,
happo,shock,1,36,2,11,4.0,4,0,20,20,zero,
happo,shock,1,37,0,11,5.0,0,5,10,10,zero,
happo,shock,1,37,1,11,20.0,20,0,0,0,zero,
happo,shock,1,37,2,11,4.0,4,0,20,20,zero,
happo,shock,1,38,0,12,1.0,1,0,10,10,zero,
happo,shock,1,38,1,12,30.0,30,0,12,12,zero,
happo,shock,1,38,2,12,12.0,12,0,0,0,zero,
happo,shock,1,39,0,11,2.0,2,0,19,19,zero,
happo,shock,1,39,1,11,29.0,29,0,3,3,zero,
happo,shock,1,39,2,11,29.0,29,0,0,0,zero,
happo,shock,1,40,0,11,1.0,1,0,10,10,zero,
happo,shock,1,40,1,11,37.0,37,0,18,18,zero,
happo,shock,1,40,2,11,31.0,31,0,0,0,zero,
happo,shock,1,41,0,11,-0.0,0,0,10,10,zero,
happo,shock,1,41,1,11,27.0,27,0,15,15,zero,
happo,shock,1,41,2,11,36.0,36,0,0,0,zero,
happo,shock,1,42,0,11,1.0,0,1,6,6,zero,
happo,shock,1,42,1,11,33.0,33,0,3,3,zero,
happo,shock,1,42,2,11,33.0,33,0,20,20,zero,
happo,shock,1,43,0,12,6.0,6,0,10,10,zero,
happo,shock,1,43,1,12,26.0,26,0,3,3,zero,
happo,shock,1,43,2,12,30.0,30,0,0,0,zero,
happo,shock,1,44,0,12,4.0,4,0,19,19,zero,
happo,shock,1,44,1,12,25.0,25,0,3,3,zero,
happo,shock,1,44,2,12,27.0,27,0,0,0,zero,
happo,shock,1,45,0,12,2.0,2,0,9,9,zero,
happo,shock,1,45,1,12,31.0,31,0,15,15,zero,
happo,shock,1,45,2,12,12.0,12,0,0,0,zero,
happo,shock,1,46,0,10,2.0,0,2,19,19,zero,
happo,shock,1,46,1,10,15.0,15,0,15,15,zero,
happo,shock,1,46,2,10,17.0,17,0,0,0,zero,
happo,shock,1,47,0,11,3.0,0,3,6,6,zero,
happo,shock,1,47,1,11,12.0,12,0,15,15,zero,
happo,shock,1,47,2,11,2.0,2,0,20,20,zero,
happo,shock,1,48,0,11,5.0,5,0,10,10,zero,
happo,shock,1,48,1,11,5.0,5,0,3,3,zero,
happo,shock,1,48,2,11,1.0,0,1,20,20,zero,
happo,shock,1,49,0,10,4.0,4,0,6,6,zero,
happo,shock,1,49,1,10,14.0,14,0,15,15,zero,
happo,shock,1,49,2,10,16.0,0,16,0,0,zero,
happo,shock,1,50,0,10,13.0,13,0,10,10,zero,
happo,shock,1,50,1,10,19.0,19,0,15,15,zero,
happo,shock,1,50,2,10,31.0,0,31,20,20,zero,
happo,shock,1,51,0,11,8.0,8,0,10,10,zero,
happo,shock,1,51,1,11,24.0,24,0,15,15,zero,
happo,shock,1,51,2,11,26.0,0,26,20,20,zero,
happo,shock,1,52,0,11,7.0,7,0,19,19,zero,
happo,shock,1,52,1,11,7.0,7,0,15,15,zero,
happo,shock,1,52,2,11,21.0,0,21,20,20,zero,
happo,shock,1,53,0,10,3.0,3,0,9,9,zero,
happo,shock,1,53,1,10,2.0,0,2,15,15,zero,
happo,shock,1,53,2,10,36.0,0,36,20,20,zero,
happo,shock,1,54,0,10,3.0,3,0,10,10,zero,
happo,shock,1,54,1,10,12.0,0,12,15,15,zero,
happo,shock,1,54,2,10,31.0,0,31,20,20,zero,
happo,shock,1,55,0,10,3.0,3,0,6,6,zero,
happo,shock,1,55,1,10,2.0,2,0,15,15,zero,
happo,shock,1,55,2,10,26.0,0,26,20,20,zero,
happo,shock,1,56,0,9,13.0,13,0,6,6,zero,
happo,shock,1,56,1,9,16.0,16,0,3,3,zero,
happo,shock,1,56,2,9,9.0,0,9,16,16,zero,
happo,shock,1,57,0,8,12.0,12,0,10,10,zero,
happo,shock,1,57,1,8,6.0,6,0,0,0,zero,
happo,shock,1,57,2,8,11.0,11,0,0,0,zero,
happo,shock,1,58,0,10,2.0,2,0,6,6,zero,
happo,shock,1,58,1,10,20.0,20,0,0,0,zero,
happo,shock,1,58,2,10,31.0,31,0,0,0,zero,
happo,shock,1,59,0,11,9.0,9,0,10,10,zero,
happo,shock,1,59,1,11,30.0,30,0,0,0,zero,
happo,shock,1,59,2,11,51.0,51,0,0,0,zero,
happo,shock,1,60,0,11,4.0,4,0,10,10,zero,
happo,shock,1,60,1,11,40.0,40,0,12,12,zero,
happo,shock,1,60,2,11,55.0,55,0,0,0,zero,
happo,shock,1,61,0,11,3.0,3,0,19,19,zero,
happo,shock,1,61,1,11,30.0,30,0,12,12,zero,
happo,shock,1,61,2,11,43.0,43,0,0,0,zero,
happo,shock,1,62,0,10,1.0,0,1,9,9,zero,
happo,shock,1,62,1,10,21.0,21,0,15,15,zero,
happo,shock,1,62,2,10,28.0,28,0,16,16,zero,
happo,shock,1,63,0,10,1.0,0,1,10,10,zero,
happo,shock,1,63,1,10,11.0,11,0,3,3,zero,
happo,shock,1,63,2,10,25.0,25,0,20,20,zero,
happo,shock,1,64,0,9,-0.0,0,0,6,6,zero,
happo,shock,1,64,1,9,17.0,17,0,15,15,zero,
happo,shock,1,64,2,9,10.0,10,0,0,0,zero,
happo,shock,1,65,0,9,10.0,10,0,6,6,zero,
happo,shock,1,65,1,9,23.0,23,0,1,1,zero,
happo,shock,1,65,2,9,9.0,9,0,3,3,zero,
happo,shock,1,66,0,8,11.0,11,0,10,10,zero,
happo,shock,1,66,1,8,28.0,28,0,1,1,zero,
happo,shock,1,66,2,8,24.0,24,0,0,0,zero,
happo,shock,1,67,0,6,15.0,15,0,6,6,zero,
happo,shock,1,67,1,6,25.0,25,0,1,1,zero,
happo,shock,1,67,2,6,43.0,43,0,0,0,zero,
happo,shock,1,68,0,6,15.0,15,0,6,6,zero,
happo,shock,1,68,1,6,34.0,34,0,1,1,zero,
happo,shock,1,68,2,6,42.0,42,0,0,0,zero,
happo,shock,1,69,0,6,15.0,15,0,2,2,zero,
happo,shock,1,69,1,6,33.0,33,0,15,15,zero,
happo,shock,1,69,2,6,30.0,30,0,0,0,zero,
happo,shock,1,70,0,6,19.0,19,0,2,2,zero,
happo,shock,1,70,1,6,32.0,32,0,1,1,zero,
happo,shock,1,70,2,6,29.0,29,0,1,1,zero,
happo,shock,1,71,0,6,19.0,19,0,2,2,zero,
happo,shock,1,71,1,6,31.0,31,0,1,1,zero,
happo,shock,1,71,2,6,28.0,28,0,0,0,zero,
happo,shock,1,72,0,6,19.0,19,0,4,4,zero,
happo,shock,1,72,1,6,28.0,28,0,0,0,zero,
happo,shock,1,72,2,6,28.0,28,0,0,0,zero,
happo,shock,1,73,0,5,16.0,16,0,4,4,zero,
happo,shock,1,73,1,5,39.0,39,0,0,0,zero,
happo,shock,1,73,2,5,28.0,28,0,0,0,zero,
happo,shock,1,74,0,5,13.0,13,0,3,3,zero,
happo,shock,1,74,1,5,37.0,37,0,0,0,zero,
happo,shock,1,74,2,5,29.0,29,0,0,0,zero,
happo,shock,1,75,0,6,9.0,9,0,3,3,zero,
happo,shock,1,75,1,6,35.0,35,0,1,1,zero,
happo,shock,1,75,2,6,28.0,28,0,0,0,zero,
happo,shock,1,76,0,6,7.0,7,0,9,9,zero,
happo,shock,1,76,1,6,26.0,26,0,1,1,zero,
happo,shock,1,76,2,6,27.0,27,0,0,0,zero,
happo,shock,1,77,0,6,5.0,5,0,9,9,zero,
happo,shock,1,77,1,6,17.0,17,0,1,1,zero,
happo,shock,1,77,2,6,26.0,26,0,0,0,zero,
happo,shock,1,78,0,6,2.0,2,0,1,1,zero,
happo,shock,1,78,1,6,16.0,16,0,15,15,zero,
happo,shock,1,78,2,6,11.0,11,0,0,0,zero,
happo,shock,1,79,0,7,2.0,0,2,2,2,zero,
happo,shock,1,79,1,7,15.0,15,0,1,1,zero,
happo,shock,1,79,2,7,10.0,10,0,1,1,zero,
happo,shock,1,80,0,7,-0.0,0,0,10,10,zero,
happo,shock,1,80,1,7,6.0,6,0,1,1,zero,
happo,shock,1,80,2,7,9.0,9,0,20,20,zero,
happo,shock,1,81,0,7,2.0,2,0,6,6,zero,
happo,shock,1,81,1,7,1.0,1,0,1,1,zero,
happo,shock,1,81,2,7,8.0,8,0,0,0,zero,
happo,shock,1,82,0,7,4.0,0,4,10,10,zero,
happo,shock,1,82,1,7,6.0,6,0,15,15,zero,
happo,shock,1,82,2,7,7.0,0,7,0,0,zero,
happo,shock,1,83,0,6,8.0,0,8,10,10,zero,
happo,shock,1,83,1,6,3.0,0,3,15,15,zero,
happo,shock,1,83,2,6,21.0,0,21,0,0,zero,
happo,shock,1,84,0,7,5.0,0,5,6,6,zero,
happo,shock,1,84,1,7,8.0,0,8,15,15,zero,
happo,shock,1,84,2,7,16.0,0,16,20,20,zero,
happo,shock,1,85,0,9,8.0,0,8,10,10,zero,
happo,shock,1,85,1,9,17.0,0,17,11,11,zero,
happo,shock,1,85,2,9,27.0,0,27,20,20,zero,
happo,shock,1,86,0,10,8.0,0,8,10,10,zero,
happo,shock,1,86,1,10,19.0,0,19,15,15,zero,
happo,shock,1,86,2,10,42.0,0,42,20,20,zero,
happo,shock,1,87,0,10,11.0,0,11,19,19,zero,
happo,shock,1,87,1,10,37.0,0,37,15,15,zero,
happo,shock,1,87,2,10,57.0,0,57,20,20,zero,
happo,shock,1,88,0,10,20.0,0,20,19,19,zero,
happo,shock,1,88,1,10,36.0,0,36,15,15,zero,
happo,shock,1,88,2,10,52.0,0,52,20,20,zero,
happo,shock,1,89,0,10,29.0,0,29,10,10,zero,
happo,shock,1,89,1,10,46.0,0,46,15,15,zero,
happo,shock,1,89,2,10,47.0,0,47,20,20,zero,
happo,shock,1,90,0,10,31.0,0,31,19,19,zero,
happo,shock,1,90,1,10,65.0,0,65,18,18,zero,
happo,shock,1,90,2,10,45.0,0,45,20,20,zero,
happo,shock,1,91,0,10,40.0,0,40,17,17,zero,
happo,shock,1,91,1,10,82.0,0,82,18,18,zero,
happo,shock,1,91,2,10,43.0,0,43,20,20,zero,
happo,shock,1,92,0,10,30.0,0,30,17,17,zero,
happo,shock,1,92,1,10,79.0,0,79,18,18,zero,
happo,shock,1,92,2,10,41.0,0,41,20,20,zero,
happo,shock,1,93,0,9,39.0,0,39,17,17,zero,
happo,shock,1,93,1,9,76.0,0,76,18,18,zero,
happo,shock,1,93,2,9,39.0,0,39,20,20,zero,
happo,shock,1,94,0,9,48.0,0,48,17,17,zero,
happo,shock,1,94,1,9,73.0,0,73,18,18,zero,
happo,shock,1,94,2,9,37.0,0,37,20,20,zero,
happo,shock,1,95,0,9,57.0,0,57,17,17,zero,
happo,shock,1,95,1,9,70.0,0,70,18,18,zero,
happo,shock,1,95,2,9,35.0,0,35,20,20,zero,
happo,shock,1,96,0,8,45.0,0,45,10,10,zero,
happo,shock,1,96,1,8,60.0,0,60,18,18,zero,
happo,shock,1,96,2,8,33.0,0,33,20,20,zero,
happo,shock,1,97,0,6,31.0,0,31,6,6,zero,
happo,shock,1,97,1,6,46.0,0,46,18,18,zero,
happo,shock,1,97,2,6,31.0,0,31,20,20,zero,
happo,shock,1,98,0,9,20.0,0,20,6,6,zero,
happo,shock,1,98,1,9,32.0,0,32,0,0,zero,
happo,shock,1,98,2,9,11.0,0,11,20,20,zero,
happo,shock,1,99,0,8,8.0,0,8,6,6,zero,
happo,shock,1,99,1,8,18.0,0,18,0,0,zero,
happo,shock,1,99,2,8,9.0,9,0,0,0,zero,
happo,shock,1,100,0,9,3.0,3,0,0,0,zero,100
happo,shock,1,100,1,9,2.0,2,0,0,0,zero,100
happo,shock,1,100,2,9,29.0,29,0,0,0,zero,100
happo,shock,1,101,0,8,15.0,15,0,0,0,zero,100
happo,shock,1,101,1,8,22.0,22,0,0,0,zero,100
happo,shock,1,101,2,8,49.0,49,0,0,0,zero,100
happo,shock,1,102,0,8,27.0,27,0,0,0,zero,100
happo,shock,1,102,1,8,42.0,42,0,0,0,zero,100
happo,shock,1,102,2,8,69.0,69,0,0,0,zero,100
happo,shock,1,103,0,9,38.0,38,0,6,6,zero,100
happo,shock,1,103,1,9,47.0,47,0,0,0,zero,100
happo,shock,1,103,2,9,69.0,69,0,0,0,zero,100
happo,shock,1,104,0,9,47.0,47,0,2,2,zero,100
happo,shock,1,104,1,9,45.0,45,0,0,0,zero,100
happo,shock,1,104,2,9,69.0,69,0,0,0,zero,100
happo,shock,1,105,0,8,39.0,39,0,2,2,zero,100
happo,shock,1,105,1,8,43.0,43,0,1,1,zero,100
happo,shock,1,105,2,8,68.0,68,0,0,0,zero,100
happo,shock,1,106,0,6,33.0,33,0,2,2,zero,100
happo,shock,1,106,1,6,41.0,41,0,1,1,zero,100
happo,shock,1,106,2,6,67.0,67,0,0,0,zero,100
happo,shock,1,107,0,8,31.0,31,0,2,2,zero,100
happo,shock,1,107,1,8,39.0,39,0,1,1,zero,100
happo,shock,1,107,2,8,66.0,66,0,0,0,zero,100
happo,shock,1,108,0,6,27.0,27,0,3,3,zero,100
happo,shock,1,108,1,6,36.0,36,0,1,1,zero,100
happo,shock,1,108,2,6,65.0,65,0,0,0,zero,100
happo,shock,1,109,0,8,21.0,21,0,3,3,zero,100
happo,shock,1,109,1,8,34.0,34,0,1,1,zero,100
happo,shock,1,109,2,8,64.0,64,0,0,0,zero,100
happo,shock,1,110,0,8,15.0,15,0,9,9,zero,100
happo,shock,1,110,1,8,26.0,26,0,1,1,zero,100
happo,shock,1,110,2,8,63.0,63,0,0,0,zero,100
happo,shock,1,111,0,8,9.0,9,0,9,9,zero,100
happo,shock,1,111,1,8,18.0,18,0,15,15,zero,100
happo,shock,1,111,2,8,48.0,48,0,0,0,zero,100
happo,shock,1,112,0,8,4.0,4,0,9,9,zero,100
happo,shock,1,112,1,8,10.0,10,0,15,15,zero,100
happo,shock,1,112,2,8,33.0,33,0,0,0,zero,100
happo,shock,1,113,0,6,1.0,1,0,9,9,zero,100
happo,shock,1,113,1,6,2.0,2,0,11,11,zero,100
happo,shock,1,113,2,6,22.0,22,0,1,1,zero,100
happo,shock,1,114,0,6,4.0,4,0,2,2,zero,100
happo,shock,1,114,1,6,1.0,1,0,1,1,zero,100
happo,shock,1,114,2,6,21.0,21,0,20,20,zero,100
happo,shock,1,115,0,6,7.0,7,0,2,2,zero,100
happo,shock,1,115,1,6,14.0,14,0,1,1,zero,100
happo,shock,1,115,2,6,20.0,20,0,0,0,zero,100
happo,shock,1,116,0,8,8.0,8,0,6,6,zero,100
happo,shock,1,116,1,8,23.0,23,0,0,0,zero,100
happo,shock,1,116,2,8,20.0,20,0,0,0,zero,100
happo,shock,1,117,0,6,11.0,11,0,10,10,zero,100
happo,shock,1,117,1,6,24.0,24,0,1,1,zero,100
happo,shock,1,117,2,6,20.0,20,0,0,0,zero,100
happo,shock,1,118,0,8,5.0,5,0,9,9,zero,100
happo,shock,1,118,1,8,16.0,16,0,15,15,zero,100
happo,shock,1,118,2,8,25.0,25,0,0,0,zero,100
happo,shock,1,119,0,5,2.0,2,0,9,9,zero,100
happo,shock,1,119,1,5,8.0,8,0,15,15,zero,100
happo,shock,1,119,2,5,10.0,10,0,1,1,zero,100
happo,shock,1,120,0,5,3.0,3,0,2,2,zero,100
happo,shock,1,120,1,5,6.0,6,0,15,15,zero,100
happo,shock,1,120,2,5,5.0,0,5,20,20,zero,100
happo,shock,1,121,0,5,8.0,8,0,2,2,zero,100
happo,shock,1,121,1,5,5.0,5,0,0,0,zero,100
happo,shock,1,121,2,5,5.0,0,5,20,20,zero,100
happo,shock,1,122,0,5,12.0,12,0,6,6,zero,100
happo,shock,1,122,1,5,14.0,14,0,0,0,zero,100
happo,shock,1,122,2,5,5.0,0,5,0,0,zero,100
happo,shock,1,123,0,5,16.0,16,0,2,2,zero,100
happo,shock,1,123,1,5,27.0,27,0,1,1,zero,100
happo,shock,1,123,2,5,5.0,0,5,0,0,zero,100
happo,shock,1,124,0,6,12.0,12,0,6,6,zero,100
happo,shock,1,124,1,6,31.0,31,0,0,0,zero,100
happo,shock,1,124,2,6,15.0,15,0,0,0,zero,100
happo,shock,1,125,0,6,8.0,8,0,2,2,zero,100
happo,shock,1,125,1,6,29.0,29,0,1,1,zero,100
happo,shock,1,125,2,6,34.0,34,0,0,0,zero,100
happo,shock,1,126,0,5,9.0,9,0,9,9,zero,100
happo,shock,1,126,1,5,20.0,20,0,1,1,zero,100
happo,shock,1,126,2,5,33.0,33,0,0,0,zero,100
happo,shock,1,127,0,5,6.0,6,0,9,9,zero,100
happo,shock,1,127,1,5,12.0,12,0,15,15,zero,100
happo,shock,1,127,2,5,18.0,18,0,0,0,zero,100
happo,shock,1,128,0,5,7.0,7,0,2,2,zero,100
happo,shock,1,128,1,5,15.0,15,0,15,15,zero,100
happo,shock,1,128,2,5,3.0,3,0,1,1,zero,100
happo,shock,1,129,0,5,4.0,4,0,2,2,zero,100
happo,shock,1,129,1,5,14.0,14,0,1,1,zero,100
happo,shock,1,129,2,5,2.0,2,0,20,20,zero,100
happo,shock,1,130,0,3,10.0,10,0,6,6,zero,100
happo,shock,1,130,1,3,9.0,9,0,0,0,zero,100
happo,shock,1,130,2,3,2.0,2,0,20,20,zero,100
happo,shock,1,131,0,3,16.0,16,0,0,0,zero,100
happo,shock,1,131,1,3,24.0,24,0,1,1,zero,100
happo,shock,1,131,2,3,1.0,1,0,0,0,zero,100
happo,shock,1,132,0,2,16.0,16,0,0,0,zero,100
happo,shock,1,132,1,2,39.0,39,0,0,0,zero,100
happo,shock,1,132,2,2,2.0,2,0,0,0,zero,100
happo,shock,1,133,0,3,15.0,15,0,0,0,zero,100
happo,shock,1,133,1,3,40.0,40,0,0,0,zero,100
happo,shock,1,133,2,3,22.0,22,0,0,0,zero,100
happo,shock,1,134,0,3,18.0,18,0,0,0,zero,100
happo,shock,1,134,1,3,40.0,40,0,0,0,zero,100
happo,shock,1,134,2,3,42.0,42,0,0,0,zero,100
happo,shock,1,135,0,3,15.0,15,0,0,0,zero,100
happo,shock,1,135,1,3,41.0,41,0,0,0,zero,100
happo,shock,1,135,2,3,42.0,42,0,0,0,zero,100
happo,shock,1,136,0,3,12.0,12,0,2,2,zero,100
happo,shock,1,136,1,3,39.0,39,0,0,0,zero,100
happo,shock,1,136,2,3,42.0,42,0,0,0,zero,100
happo,shock,1,137,0,4,8.0,8,0,2,2,zero,100
happo,shock,1,137,1,4,37.0,37,0,0,0,zero,100
happo,shock,1,137,2,4,42.0,42,0,0,0,zero,100
happo,shock,1,138,0,4,4.0,4,0,9,9,zero,100
happo,shock,1,138,1,4,28.0,28,0,0,0,zero,100
happo,shock,1,138,2,4,42.0,42,0,0,0,zero,100
happo,shock,1,139,0,4,-0.0,0,0,3,3,zero,100
happo,shock,1,139,1,4,25.0,25,0,1,1,zero,100
happo,shock,1,139,2,4,41.0,41,0,0,0,zero,100
happo,shock,1,140,0,3,1.0,0,1,2,2,zero,100
happo,shock,1,140,1,3,23.0,23,0,1,1,zero,100
happo,shock,1,140,2,3,40.0,40,0,0,0,zero,100
happo,shock,1,141,0,3,2.0,0,2,0,0,zero,100
happo,shock,1,141,1,3,23.0,23,0,1,1,zero,100
happo,shock,1,141,2,3,39.0,39,0,0,0,zero,100
happo,shock,1,142,0,3,4.0,4,0,6,6,zero,100
happo,shock,1,142,1,3,17.0,17,0,1,1,zero,100
happo,shock,1,142,2,3,38.0,38,0,0,0,zero,100
happo,shock,1,143,0,3,4.0,4,0,0,0,zero,100
happo,shock,1,143,1,3,18.0,18,0,1,1,zero,100
happo,shock,1,143,2,3,37.0,37,0,0,0,zero,100
happo,shock,1,144,0,3,3.0,3,0,6,6,zero,100
happo,shock,1,144,1,3,13.0,13,0,1,1,zero,100
happo,shock,1,144,2,3,36.0,36,0,0,0,zero,100
happo,shock,1,145,0,3,-0.0,0,0,2,2,zero,100
happo,shock,1,145,1,3,12.0,12,0,11,11,zero,100
happo,shock,1,145,2,3,25.0,25,0,0,0,zero,100
happo,shock,1,146,0,3,3.0,3,0,0,0,zero,100
happo,shock,1,146,1,3,13.0,13,0,1,1,zero,100
happo,shock,1,146,2,3,24.0,24,0,0,0,zero,100
happo,shock,1,147,0,4,1.0,0,1,2,2,zero,100
happo,shock,1,147,1,4,12.0,12,0,0,0,zero,100
happo,shock,1,147,2,4,24.0,24,0,0,0,zero,100
happo,shock,1,148,0,4,1.0,1,0,6,6,zero,100
happo,shock,1,148,1,4,7.0,7,0,0,0,zero,100
happo,shock,1,148,2,4,24.0,24,0,0,0,zero,100
happo,shock,1,149,0,3,-0.0,0,0,6,6,zero,100
happo,shock,1,149,1,3,12.0,12,0,1,1,zero,100
happo,shock,1,149,2,3,23.0,23,0,0,0,zero,100
happo,shock,1,150,0,4,4.0,0,4,0,0,zero,100
happo,shock,1,150,1,4,13.0,13,0,15,15,zero,100
happo,shock,1,150,2,4,8.0,8,0,0,0,zero,100
happo,shock,1,151,0,4,6.0,0,6,6,6,zero,100
happo,shock,1,151,1,4,7.0,7,0,0,0,zero,100
happo,shock,1,151,2,4,8.0,8,0,1,1,zero,100
happo,shock,1,152,0,3,3.0,0,3,6,6,zero,100
happo,shock,1,152,1,3,1.0,1,0,1,1,zero,100
happo,shock,1,152,2,3,7.0,7,0,1,1,zero,100
happo,shock,1,153,0,4,1.0,0,1,6,6,zero,100
happo,shock,1,153,1,4,4.0,0,4,1,1,zero,100
happo,shock,1,153,2,4,6.0,6,0,20,20,zero,100
happo,shock,1,154,0,3,4.0,0,4,6,6,zero,100
happo,shock,1,154,1,3,5.0,5,0,15,15,zero,100
happo,shock,1,154,2,3,9.0,0,9,0,0,zero,100
happo,shock,1,155,0,3,1.0,0,1,0,0,zero,100
happo,shock,1,155,1,3,5.0,5,0,15,15,zero,100
happo,shock,1,155,2,3,23.0,0,23,20,20,zero,100
happo,shock,1,156,0,3,2.0,2,0,0,0,zero,100
happo,shock,1,156,1,3,6.0,6,0,1,1,zero,100
happo,shock,1,156,2,3,23.0,0,23,20,20,zero,100
happo,shock,1,157,0,3,1.0,1,0,6,6,zero,100
happo,shock,1,157,1,3,1.0,1,0,0,0,zero,100
happo,shock,1,157,2,3,3.0,0,3,0,0,zero,100
happo,shock,1,158,0,3,8.0,8,0,0,0,zero,100
happo,shock,1,158,1,3,7.0,7,0,0,0,zero,100
happo,shock,1,158,2,3,3.0,0,3,0,0,zero,100
happo,shock,1,159,0,2,6.0,6,0,10,10,zero,100
happo,shock,1,159,1,2,2.0,0,2,0,0,zero,100
happo,shock,1,159,2,2,17.0,17,0,0,0,zero,100
happo,shock,1,160,0,3,3.0,3,0,2,2,zero,100
happo,shock,1,160,1,3,3.0,0,3,1,1,zero,100
happo,shock,1,160,2,3,36.0,36,0,0,0,zero,100
happo,shock,1,161,0,2,7.0,7,0,0,0,zero,100
happo,shock,1,161,1,2,17.0,17,0,1,1,zero,100
happo,shock,1,161,2,2,35.0,35,0,0,0,zero,100
happo,shock,1,162,0,2,5.0,5,0,0,0,zero,100
happo,shock,1,162,1,2,17.0,17,0,0,0,zero,100
happo,shock,1,162,2,2,35.0,35,0,0,0,zero,100
happo,shock,1,163,0,2,11.0,11,0,0,0,zero,100
happo,shock,1,163,1,2,20.0,20,0,0,0,zero,100
happo,shock,1,163,2,2,35.0,35,0,0,0,zero,100
happo,shock,1,164,0,2,10.0,10,0,0,0,zero,100
happo,shock,1,164,1,2,21.0,21,0,0,0,zero,100
happo,shock,1,164,2,2,35.0,35,0,0,0,zero,100
happo,shock,1,165,0,1,12.0,12,0,0,0,zero,100
happo,shock,1,165,1,1,22.0,22,0,0,0,zero,100
happo,shock,1,165,2,1,35.0,35,0,0,0,zero,100
happo,shock,1,166,0,2,10.0,10,0,0,0,zero,100
happo,shock,1,166,1,2,22.0,22,0,0,0,zero,100
happo,shock,1,166,2,2,35.0,35,0,0,0,zero,100
happo,shock,1,167,0,2,8.0,8,0,0,0,zero,100
happo,shock,1,167,1,2,22.0,22,0,0,0,zero,100
happo,shock,1,167,2,2,35.0,35,0,0,0,zero,100
happo,shock,1,168,0,2,6.0,6,0,0,0,zero,100
happo,shock,1,168,1,2,22.0,22,0,0,0,zero,100
happo,shock,1,168,2,2,35.0,35,0,0,0,zero,100
happo,shock,1,169,0,2,4.0,4,0,2,2,zero,100
happo,shock,1,169,1,2,20.0,20,0,0,0,zero,100
happo,shock,1,169,2,2,35.0,35,0,0,0,zero,100
happo,shock,1,170,0,2,2.0,2,0,0,0,zero,100
happo,shock,1,170,1,2,20.0,20,0,0,0,zero,100
happo,shock,1,170,2,2,35.0,35,0,0,0,zero,100
happo,shock,1,171,0,2,-0.0,0,0,6,6,zero,100
happo,shock,1,171,1,2,14.0,14,0,0,0,zero,100
happo,shock,1,171,2,2,35.0,35,0,0,0,zero,100
happo,shock,1,172,0,2,2.0,0,2,2,2,zero,100
happo,shock,1,172,1,2,12.0,12,0,1,1,zero,100
happo,shock,1,172,2,2,34.0,34,0,0,0,zero,100
happo,shock,1,173,0,2,2.0,0,2,0,0,zero,100
happo,shock,1,173,1,2,12.0,12,0,1,1,zero,100
happo,shock,1,173,2,2,33.0,33,0,0,0,zero,100
happo,shock,1,174,0,2,4.0,0,4,2,2,zero,100
happo,shock,1,174,1,2,10.0,10,0,1,1,zero,100
happo,shock,1,174,2,2,32.0,32,0,0,0,zero,100
happo,shock,1,175,0,2,-0.0,0,0,6,6,zero,100
happo,shock,1,175,1,2,4.0,4,0,1,1,zero,100
happo,shock,1,175,2,2,31.0,31,0,0,0,zero,100
happo,shock,1,176,0,2,-0.0,0,0,0,0,zero,100
happo,shock,1,176,1,2,5.0,5,0,15,15,zero,100
happo,shock,1,176,2,2,16.0,16,0,0,0,zero,100
happo,shock,1,177,0,2,2.0,0,2,0,0,zero,100
happo,shock,1,177,1,2,6.0,6,0,1,1,zero,100
happo,shock,1,177,2,2,15.0,15,0,1,1,zero,100
happo,shock,1,178,0,2,2.0,0,2,6,6,zero,100
happo,shock,1,178,1,2,1.0,1,0,0,0,zero,100
happo,shock,1,178,2,2,15.0,15,0,1,1,zero,100
happo,shock,1,179,0,3,1.0,1,0,0,0,zero,100
happo,shock,1,179,1,3,2.0,2,0,0,0,zero,100
happo,shock,1,179,2,3,15.0,15,0,0,0,zero,100
happo,shock,1,180,0,3,2.0,0,2,6,6,zero,100
happo,shock,1,180,1,3,11.0,11,0,0,0,zero,100
happo,shock,1,180,2,3,15.0,15,0,0,0,zero,100
happo,shock,1,181,0,3,5.0,0,5,0,0,zero,100
happo,shock,1,181,1,3,12.0,12,0,1,1,zero,100
happo,shock,1,181,2,3,15.0,15,0,0,0,zero,100
happo,shock,1,182,0,3,2.0,0,2,6,6,zero,100
happo,shock,1,182,1,3,6.0,6,0,1,1,zero,100
happo,shock,1,182,2,3,15.0,15,0,0,0,zero,100
happo,shock,1,183,0,2,4.0,0,4,2,2,zero,100
happo,shock,1,183,1,2,4.0,4,0,15,15,zero,100
happo,shock,1,183,2,2,-0.0,0,0,0,0,zero,100
happo,shock,1,184,0,2,-0.0,0,0,2,2,zero,100
happo,shock,1,184,1,2,2.0,2,0,1,1,zero,100
happo,shock,1,184,2,2,1.0,0,1,1,1,zero,100
happo,shock,1,185,0,2,2.0,0,2,0,0,zero,100
happo,shock,1,185,1,2,3.0,3,0,1,1,zero,100
happo,shock,1,185,2,2,2.0,0,2,20,20,zero,100
happo,shock,1,186,0,2,2.0,2,0,6,6,zero,100
happo,shock,1,186,1,2,2.0,0,2,0,0,zero,100
happo,shock,1,186,2,2,2.0,0,2,20,20,zero,100
happo,shock,1,187,0,2,2.0,2,0,0,0,zero,100
happo,shock,1,187,1,2,13.0,13,0,1,1,zero,100
happo,shock,1,187,2,2,3.0,0,3,0,0,zero,100
happo,shock,1,188,0,3,1.0,1,0,0,0,zero,100
happo,shock,1,188,1,3,13.0,13,0,0,0,zero,100
happo,shock,1,188,2,3,2.0,0,2,0,0,zero,100
happo,shock,1,189,0,3,2.0,0,2,6,6,zero,100
happo,shock,1,189,1,3,7.0,7,0,0,0,zero,100
happo,shock,1,189,2,3,18.0,18,0,0,0,zero,100
happo,shock,1,190,0,3,1.0,0,1,2,2,zero,100
happo,shock,1,190,1,3,5.0,5,0,1,1,zero,100
happo,shock,1,190,2,3,37.0,37,0,0,0,zero,100
happo,shock,1,191,0,3,2.0,0,2,6,6,zero,100
happo,shock,1,191,1,3,1.0,0,1,15,15,zero,100
happo,shock,1,191,2,3,22.0,22,0,0,0,zero,100
happo,shock,1,192,0,3,5.0,0,5,2,2,zero,100
happo,shock,1,192,1,3,2.0,0,2,1,1,zero,100
happo,shock,1,192,2,3,21.0,21,0,1,1,zero,100
happo,shock,1,193,0,4,3.0,0,3,6,6,zero,100
happo,shock,1,193,1,4,6.0,0,6,1,1,zero,100
happo,shock,1,193,2,4,20.0,20,0,0,0,zero,100
happo,shock,1,194,0,4,5.0,0,5,10,10,zero,100
happo,shock,1,194,1,4,15.0,0,15,1,1,zero,100
happo,shock,1,194,2,4,19.0,19,0,0,0,zero,100
happo,shock,1,195,0,5,5.0,0,5,10,10,zero,100
happo,shock,1,195,1,5,10.0,0,10,15,15,zero,100
happo,shock,1,195,2,5,4.0,4,0,0,0,zero,100
happo,shock,1,196,0,5,9.0,0,9,6,6,zero,100
happo,shock,1,196,1,5,15.0,0,15,15,15,zero,100
happo,shock,1,196,2,5,10.0,0,10,1,1,zero,100
happo,shock,1,197,0,5,12.0,0,12,10,10,zero,100
happo,shock,1,197,1,5,24.0,0,24,18,18,zero,100
happo,shock,1,197,2,5,28.0,0,28,20,20,zero,100
happo,shock,1,198,0,6,17.0,0,17,10,10,zero,100
happo,shock,1,198,1,6,33.0,0,33,18,18,zero,100
happo,shock,1,198,2,6,46.0,0,46,20,20,zero,100
happo,shock,1,199,0,5,7.0,0,7,10,10,zero,100
happo,shock,1,199,1,5,28.0,0,28,18,18,zero,100
happo,shock,1,199,2,5,64.0,0,64,20,20,zero,100
happo,shock,1,200,0,4,10.0,0,10,6,6,zero,100
happo,shock,1,200,1,4,29.0,0,29,18,18,zero,100
happo,shock,1,200,2,4,81.0,0,81,20,20,zero,100
manual_screen,base,0,1,0,10,10.0,10,0,10,10,zero,
manual_screen,base,0,1,1,10,10.0,10,0,15,15,zero,
manual_screen,base,0,1,2,10,5.0,5,0,0,0,zero,
manual_screen,base,0,2,0,11,9.0,9,0,10,10,zero,
manual_screen,base,0,2,1,11,10.0,10,0,1,1,zero,
manual_screen,base,0,2,2,11,14.0,14,0,20,20,zero,
manual_screen,base,0,3,0,11,8.0,8,0,19,19,zero,
manual_screen,base,0,3,1,11,1.0,1,0,15,15,zero,
manual_screen,base,0,3,2,11,9.0,9,0,3,3,zero,
manual_screen,base,0,4,0,11,7.0,7,0,6,6,zero,
manual_screen,base,0,4,1,11,5.0,5,0,15,15,zero,
manual_screen,base,0,4,2,11,4.0,4,0,20,20,zero,
manual_screen,base,0,5,0,11,6.0,6,0,10,10,zero,
manual_screen,base,0,5,1,11,10.0,10,0,15,15,zero,
manual_screen,base,0,5,2,11,11.0,0,11,20,20,zero,
manual_screen,base,0,6,0,10,6.0,6,0,6,6,zero,
manual_screen,base,0,6,1,10,5.0,5,0,15,15,zero,
manual_screen,base,0,6,2,10,6.0,0,6,20,20,zero,
manual_screen,base,0,7,0,10,15.0,15,0,10,10,zero,
manual_screen,base,0,7,1,10,10.0,10,0,3,3,zero,
manual_screen,base,0,7,2,10,6.0,0,6,20,20,zero,
manual_screen,base,0,8,0,10,11.0,11,0,6,6,zero,
manual_screen,base,0,8,1,10,19.0,19,0,15,15,zero,
manual_screen,base,0,8,2,10,1.0,0,1,0,0,zero,
manual_screen,base,0,9,0,11,10.0,10,0,19,19,zero,
manual_screen,base,0,9,1,11,4.0,4,0,0,0,zero,
manual_screen,base,0,9,2,11,19.0,19,0,0,0,zero,
manual_screen,base,0,10,0,12,4.0,4,0,9,9,zero,
manual_screen,base,0,10,1,12,15.0,15,0,15,15,zero,
manual_screen,base,0,10,2,12,24.0,24,0,0,0,zero,
manual_screen,base,0,11,0,13,1.0,1,0,9,9,zero,
manual_screen,base,0,11,1,13,9.0,9,0,3,3,zero,
manual_screen,base,0,11,2,13,41.0,41,0,1,1,zero,
manual_screen,base,0,12,0,11,4.0,0,4,10,10,zero,
manual_screen,base,0,12,1,11,19.0,19,0,15,15,zero,
manual_screen,base,0,12,2,11,26.0,26,0,0,0,zero,
manual_screen,base,0,13,0,11,4.0,4,0,10,10,zero,
manual_screen,base,0,13,1,11,10.0,10,0,3,3,zero,
manual_screen,base,0,13,2,11,23.0,23,0,20,20,zero,
manual_screen,base,0,14,0,13,-0.0,0,0,19,19,zero,
manual_screen,base,0,14,1,13,6.0,6,0,15,15,zero,
manual_screen,base,0,14,2,13,8.0,8,0,3,3,zero,
manual_screen,base,0,15,0,12,3.0,0,3,9,9,zero,
manual_screen,base,0,15,1,12,-0.0,0,0,15,15,zero,
manual_screen,base,0,15,2,12,6.0,0,6,20,20,zero,
manual_screen,base,0,16,0,13,6.0,0,6,19,19,zero,
manual_screen,base,0,16,1,13,4.0,0,4,15,15,zero,
manual_screen,base,0,16,2,13,21.0,0,21,20,20,zero,
manual_screen,base,0,17,0,12,8.0,0,8,10,10,zero,
manual_screen,base,0,17,1,12,11.0,0,11,15,15,zero,
manual_screen,base,0,17,2,12,16.0,0,16,20,20,zero,
manual_screen,base,0,18,0,14,3.0,0,3,10,10,zero,
manual_screen,base,0,18,1,14,6.0,0,6,15,15,zero,
manual_screen,base,0,18,2,14,28.0,0,28,20,20,zero,
manual_screen,base,0,19,0,13,7.0,0,7,10,10,zero,
manual_screen,base,0,19,1,13,7.0,0,7,15,15,zero,
manual_screen,base,0,19,2,13,23.0,0,23,16,16,zero,
manual_screen,base,0,20,0,12,4.0,0,4,19,19,zero,
manual_screen,base,0,20,1,12,26.0,0,26,15,15,zero,
manual_screen,base,0,20,2,12,18.0,0,18,16,16,zero,
manual_screen,base,0,21,0,12,13.0,0,13,19,19,zero,
manual_screen,base,0,21,1,12,25.0,0,25,18,18,zero,
manual_screen,base,0,21,2,12,16.0,0,16,16,16,zero,
manual_screen,base,0,22,0,11,9.0,0,9,10,10,zero,
manual_screen,base,0,22,1,11,32.0,0,32,18,18,zero,
manual_screen,base,0,22,2,11,14.0,0,14,20,20,zero,
manual_screen,base,0,23,0,10,10.0,0,10,19,19,zero,
manual_screen,base,0,23,1,10,31.0,0,31,3,3,zero,
manual_screen,base,0,23,2,10,1.0,0,1,20,20,zero,
manual_screen,base,0,24,0,10,20.0,0,20,10,10,zero,
manual_screen,base,0,24,1,10,21.0,0,21,18,18,zero,
manual_screen,base,0,24,2,10,3.0,0,3,1,1,zero,
manual_screen,base,0,25,0,11,11.0,0,11,6,6,zero,
manual_screen,base,0,25,1,11,7.0,0,7,18,18,zero,
manual_screen,base,0,25,2,11,5.0,0,5,16,16,zero,
manual_screen,base,0,26,0,11,19.0,0,19,6,6,zero,
manual_screen,base,0,26,1,11,7.0,7,0,0,0,zero,
manual_screen,base,0,26,2,11,15.0,15,0,20,20,zero,
manual_screen,base,0,27,0,11,10.0,0,10,6,6,zero,
manual_screen,base,0,27,1,11,17.0,17,0,0,0,zero,
manual_screen,base,0,27,2,11,35.0,35,0,0,0,zero,
manual_screen,base,0,28,0,10,-0.0,0,0,6,6,zero,
manual_screen,base,0,28,1,10,27.0,27,0,0,0,zero,
manual_screen,base,0,28,2,10,36.0,36,0,0,0,zero,
manual_screen,base,0,29,0,11,9.0,9,0,10,10,zero,
manual_screen,base,0,29,1,11,33.0,33,0,12,12,zero,
manual_screen,base,0,29,2,11,40.0,40,0,0,0,zero,
manual_screen,base,0,30,0,12,10.0,10,0,19,19,zero,
manual_screen,base,0,30,1,12,19.0,19,0,12,12,zero,
manual_screen,base,0,30,2,12,48.0,48,0,0,0,zero,
manual_screen,base,0,31,0,10,6.0,6,0,9,9,zero,
manual_screen,base,0,31,1,10,10.0,10,0,18,18,zero,
manual_screen,base,0,31,2,10,30.0,30,0,1,1,zero,
manual_screen,base,0,32,0,10,2.0,2,0,10,10,zero,
manual_screen,base,0,32,1,10,-0.0,0,0,3,3,zero,
manual_screen,base,0,32,2,10,27.0,27,0,20,20,zero,
manual_screen,base,0,33,0,11,1.0,1,0,6,6,zero,
manual_screen,base,0,33,1,11,6.0,6,0,15,15,zero,
manual_screen,base,0,33,2,11,12.0,12,0,3,3,zero,
manual_screen,base,0,34,0,12,8.0,8,0,10,10,zero,
manual_screen,base,0,34,1,12,8.0,8,0,3,3,zero,
manual_screen,base,0,34,2,12,9.0,9,0,20,20,zero,
manual_screen,base,0,35,0,11,6.0,6,0,19,19,zero,
manual_screen,base,0,35,1,11,7.0,7,0,15,15,zero,
manual_screen,base,0,35,2,11,5.0,0,5,3,3,zero,
manual_screen,base,0,36,0,11,5.0,5,0,9,9,zero,
manual_screen,base,0,36,1,11,1.0,1,0,15,15,zero,
manual_screen,base,0,36,2,11,-0.0,0,0,20,20,zero,
manual_screen,base,0,37,0,11,-0.0,0,0,10,10,zero,
manual_screen,base,0,37,1,11,6.0,6,0,15,15,zero,
manual_screen,base,0,37,2,11,12.0,0,12,20,20,zero,
manual_screen,base,0,38,0,10,-0.0,0,0,6,6,zero,
manual_screen,base,0,38,1,10,3.0,3,0,15,15,zero,
manual_screen,base,0,38,2,10,7.0,0,7,20,20,zero,
manual_screen,base,0,39,0,12,7.0,7,0,10,10,zero,
manual_screen,base,0,39,1,12,3.0,3,0,3,3,zero,
manual_screen,base,0,39,2,12,7.0,0,7,20,20,zero,
manual_screen,base,0,40,0,13,3.0,3,0,19,19,zero,
manual_screen,base,0,40,1,13,4.0,4,0,15,15,zero,
manual_screen,base,0,40,2,13,2.0,0,2,0,0,zero,
manual_screen,base,0,41,0,13,-0.0,0,0,9,9,zero,
manual_screen,base,0,41,1,13,2.0,0,2,15,15,zero,
manual_screen,base,0,41,2,13,3.0,3,0,0,0,zero,
manual_screen,base,0,42,0,11,5.0,0,5,19,19,zero,
manual_screen,base,0,42,1,11,1.0,0,1,15,15,zero,
manual_screen,base,0,42,2,11,8.0,8,0,20,20,zero,
manual_screen,base,0,43,0,11,6.0,0,6,6,6,zero,
manual_screen,base,0,43,1,11,4.0,0,4,18,18,zero,
manual_screen,base,0,43,2,11,10.0,10,0,20,20,zero,
manual_screen,base,0,44,0,13,-0.0,0,0,10,10,zero,
manual_screen,base,0,44,1,13,6.0,6,0,3,3,zero,
manual_screen,base,0,44,2,13,7.0,7,0,20,20,zero,
manual_screen,base,0,45,0,14,7.0,0,7,10,10,zero,
manual_screen,base,0,45,1,14,13.0,13,0,15,15,zero,
manual_screen,base,0,45,2,14,8.0,0,8,0,0,zero,
manual_screen,base,0,46,0,13,-0.0,0,0,19,19,zero,
manual_screen,base,0,46,1,13,9.0,9,0,15,15,zero,
manual_screen,base,0,46,2,13,3.0,0,3,0,0,zero,
manual_screen,base,0,47,0,14,11.0,0,11,9,9,zero,
manual_screen,base,0,47,1,14,18.0,18,0,15,15,zero,
manual_screen,base,0,47,2,14,2.0,2,0,20,20,zero,
manual_screen,base,0,48,0,14,11.0,0,11,19,19,zero,
manual_screen,base,0,48,1,14,2.0,2,0,3,3,zero,
manual_screen,base,0,48,2,14,19.0,19,0,20,20,zero,
manual_screen,base,0,49,0,16,17.0,0,17,10,10,zero,
manual_screen,base,0,49,1,16,1.0,0,1,15,15,zero,
manual_screen,base,0,49,2,16,4.0,4,0,0,0,zero,
manual_screen,base,0,50,0,18,16.0,0,16,19,19,zero,
manual_screen,base,0,50,1,18,-0.0,0,0,15,15,zero,
manual_screen,base,0,50,2,18,11.0,0,11,20,20,zero,
manual_screen,base,0,51,0,20,27.0,0,27,19,19,zero,
manual_screen,base,0,51,1,20,1.0,0,1,15,15,zero,
manual_screen,base,0,51,2,20,6.0,0,6,20,20,zero,
manual_screen,base,0,52,0,20,28.0,0,28,19,19,zero,
manual_screen,base,0,52,1,20,17.0,0,17,15,15,zero,
manual_screen,base,0,52,2,20,1.0,0,1,20,20,zero,
manual_screen,base,0,53,0,18,37.0,0,37,19,19,zero,
manual_screen,base,0,53,1,18,21.0,0,21,18,18,zero,
manual_screen,base,0,53,2,18,19.0,0,19,20,20,zero,
manual_screen,base,0,54,0,19,36.0,0,36,10,10,zero,
manual_screen,base,0,54,1,19,27.0,0,27,18,18,zero,
manual_screen,base,0,54,2,19,17.0,0,17,16,16,zero,
manual_screen,base,0,55,0,17,35.0,0,35,19,19,zero,
manual_screen,base,0,55,1,17,26.0,0,26,15,15,zero,
manual_screen,base,0,55,2,17,12.0,0,12,20,20,zero,
manual_screen,base,0,56,0,17,49.0,0,49,19,19,zero,
manual_screen,base,0,56,1,17,25.0,0,25,18,18,zero,
manual_screen,base,0,56,2,17,10.0,0,10,16,16,zero,
manual_screen,base,0,57,0,19,53.0,0,53,19,19,zero,
manual_screen,base,0,57,1,19,44.0,0,44,18,18,zero,
manual_screen,base,0,57,2,19,8.0,0,8,20,20,zero,
manual_screen,base,0,58,0,17,66.0,0,66,17,17,zero,
manual_screen,base,0,58,1,17,41.0,0,41,18,18,zero,
manual_screen,base,0,58,2,17,10.0,0,10,20,20,zero,
manual_screen,base,0,59,0,18,64.0,0,64,17,17,zero,
manual_screen,base,0,59,1,18,38.0,0,38,18,18,zero,
manual_screen,base,0,59,2,18,8.0,0,8,20,20,zero,
manual_screen,base,0,60,0,17,61.0,0,61,17,17,zero,
manual_screen,base,0,60,1,17,35.0,0,35,18,18,zero,
manual_screen,base,0,60,2,17,10.0,0,10,20,20,zero,
manual_screen,base,0,61,0,17,78.0,0,78,17,17,zero,
manual_screen,base,0,61,1,17,32.0,0,32,18,18,zero,
manual_screen,base,0,61,2,17,8.0,0,8,16,16,zero,
manual_screen,base,0,62,0,16,74.0,0,74,17,17,zero,
manual_screen,base,0,62,1,16,33.0,0,33,18,18,zero,
manual_screen,base,0,62,2,16,6.0,0,6,20,20,zero,
manual_screen,base,0,63,0,17,71.0,0,71,17,17,zero,
manual_screen,base,0,63,1,17,30.0,0,30,18,18,zero,
manual_screen,base,0,63,2,17,4.0,0,4,20,20,zero,
manual_screen,base,0,64,0,16,67.0,0,67,17,17,zero,
manual_screen,base,0,64,1,16,31.0,0,31,18,18,zero,
manual_screen,base,0,64,2,16,2.0,0,2,20,20,zero,
manual_screen,base,0,65,0,16,63.0,0,63,17,17,zero,
manual_screen,base,0,65,1,16,28.0,0,28,18,18,zero,
manual_screen,base,0,65,2,16,4.0,0,4,16,16,zero,
manual_screen,base,0,66,0,17,64.0,0,64,17,17,zero,
manual_screen,base,0,66,1,17,25.0,0,25,18,18,zero,
manual_screen,base,0,66,2,17,2.0,0,2,16,16,zero,
manual_screen,base,0,67,0,18,62.0,0,62,17,17,zero,
manual_screen,base,0,67,1,18,22.0,0,22,18,18,zero,
manual_screen,base,0,67,2,18,-0.0,0,0,16,16,zero,
manual_screen,base,0,68,0,16,62.0,0,62,17,17,zero,
manual_screen,base,0,68,1,16,19.0,0,19,18,18,zero,
manual_screen,base,0,68,2,16,2.0,2,0,20,20,zero,
manual_screen,base,0,69,0,18,60.0,0,60,17,17,zero,
manual_screen,base,0,69,1,18,20.0,0,20,18,18,zero,
manual_screen,base,0,69,2,18,-0.0,0,0,20,20,zero,
manual_screen,base,0,70,0,15,55.0,0,55,17,17,zero,
manual_screen,base,0,70,1,15,17.0,0,17,18,18,zero,
manual_screen,base,0,70,2,15,2.0,0,2,16,16,zero,
manual_screen,base,0,71,0,14,49.0,0,49,10,10,zero,
manual_screen,base,0,71,1,14,7.0,0,7,18,18,zero,
manual_screen,base,0,71,2,14,4.0,0,4,16,16,zero,
manual_screen,base,0,72,0,15,44.0,0,44,10,10,zero,
manual_screen,base,0,72,1,15,1.0,1,0,18,18,zero,
manual_screen,base,0,72,2,15,2.0,0,2,20,20,zero,
manual_screen,base,0,73,0,14,42.0,0,42,19,19,zero,
manual_screen,base,0,73,1,14,-0.0,0,0,18,18,zero,
manual_screen,base,0,73,2,14,-0.0,0,0,20,20,zero,
manual_screen,base,0,74,0,13,35.0,0,35,10,10,zero,
manual_screen,base,0,74,1,13,6.0,6,0,18,18,zero,
manual_screen,base,0,74,2,13,2.0,0,2,16,16,zero,
manual_screen,base,0,75,0,13,28.0,0,28,10,10,zero,
manual_screen,base,0,75,1,13,12.0,12,0,18,18,zero,
manual_screen,base,0,75,2,13,4.0,0,4,16,16,zero,
manual_screen,base,0,76,0,12,23.0,0,23,10,10,zero,
manual_screen,base,0,76,1,12,22.0,22,0,0,0,zero,
manual_screen,base,0,76,2,12,16.0,16,0,20,20,zero,
manual_screen,base,0,77,0,13,17.0,0,17,10,10,zero,
manual_screen,base,0,77,1,13,32.0,32,0,3,3,zero,
manual_screen,base,0,77,2,13,33.0,33,0,0,0,zero,
manual_screen,base,0,78,0,12,19.0,0,19,19,19,zero,
manual_screen,base,0,78,1,12,29.0,29,0,12,12,zero,
manual_screen,base,0,78,2,12,37.0,37,0,0,0,zero,
manual_screen,base,0,79,0,14,23.0,0,23,10,10,zero,
manual_screen,base,0,79,1,14,35.0,35,0,18,18,zero,
manual_screen,base,0,79,2,14,35.0,35,0,0,0,zero,
manual_screen,base,0,80,0,15,28.0,0,28,19,19,zero,
manual_screen,base,0,80,1,15,20.0,20,0,15,15,zero,
manual_screen,base,0,80,2,15,40.0,40,0,16,16,zero,
manual_screen,base,0,81,0,14,32.0,0,32,19,19,zero,
manual_screen,base,0,81,1,14,4.0,4,0,15,15,zero,
manual_screen,base,0,81,2,14,25.0,25,0,20,20,zero,
manual_screen,base,0,82,0,13,26.0,0,26,10,10,zero,
manual_screen,base,0,82,1,13,6.0,6,0,15,15,zero,
manual_screen,base,0,82,2,13,10.0,10,0,20,20,zero,
manual_screen,base,0,83,0,12,28.0,0,28,19,19,zero,
manual_screen,base,0,83,1,12,5.0,5,0,15,15,zero,
manual_screen,base,0,83,2,12,5.0,0,5,20,20,zero,
manual_screen,base,0,84,0,11,20.0,0,20,10,10,zero,
manual_screen,base,0,84,1,11,10.0,10,0,15,15,zero,
manual_screen,base,0,84,2,11,4.0,0,4,0,0,zero,
manual_screen,base,0,85,0,11,12.0,0,12,10,10,zero,
manual_screen,base,0,85,1,11,15.0,15,0,15,15,zero,
manual_screen,base,0,85,2,11,1.0,1,0,0,0,zero,
manual_screen,base,0,86,0,12,14.0,0,14,10,10,zero,
manual_screen,base,0,86,1,12,20.0,20,0,3,3,zero,
manual_screen,base,0,86,2,12,18.0,18,0,20,20,zero,
manual_screen,base,0,87,0,15,10.0,0,10,10,10,zero,
manual_screen,base,0,87,1,15,20.0,20,0,3,3,zero,
manual_screen,base,0,87,2,15,35.0,35,0,3,3,zero,
manual_screen,base,0,88,0,14,14.0,0,14,19,19,zero,
manual_screen,base,0,88,1,14,17.0,17,0,15,15,zero,
manual_screen,base,0,88,2,14,20.0,20,0,0,0,zero,
manual_screen,base,0,89,0,15,19.0,0,19,19,19,zero,
manual_screen,base,0,89,1,15,17.0,17,0,15,15,zero,
manual_screen,base,0,89,2,15,5.0,5,0,16,16,zero,
manual_screen,base,0,90,0,15,24.0,0,24,19,19,zero,
manual_screen,base,0,90,1,15,1.0,1,0,15,15,zero,
manual_screen,base,0,90,2,15,10.0,10,0,20,20,zero,
manual_screen,base,0,91,0,15,29.0,0,29,17,17,zero,
manual_screen,base,0,91,1,15,13.0,0,13,15,15,zero,
manual_screen,base,0,91,2,15,2.0,0,2,20,20,zero,
manual_screen,base,0,92,0,14,24.0,0,24,19,19,zero,
manual_screen,base,0,92,1,14,17.0,0,17,18,18,zero,
manual_screen,base,0,92,2,14,20.0,0,20,20,20,zero,
manual_screen,base,0,93,0,14,19.0,0,19,10,10,zero,
manual_screen,base,0,93,1,14,12.0,0,12,18,18,zero,
manual_screen,base,0,93,2,14,22.0,0,22,20,20,zero,
manual_screen,base,0,94,0,13,13.0,0,13,19,19,zero,
manual_screen,base,0,94,1,13,16.0,0,16,15,15,zero,
manual_screen,base,0,94,2,13,17.0,0,17,16,16,zero,
manual_screen,base,0,95,0,14,23.0,0,23,19,19,zero,
manual_screen,base,0,95,1,14,22.0,0,22,18,18,zero,
manual_screen,base,0,95,2,14,15.0,0,15,16,16,zero,
manual_screen,base,0,96,0,16,24.0,0,24,19,19,zero,
manual_screen,base,0,96,1,16,41.0,0,41,18,18,zero,
manual_screen,base,0,96,2,16,13.0,0,13,20,20,zero,
manual_screen,base,0,97,0,15,24.0,0,24,19,19,zero,
manual_screen,base,0,97,1,15,44.0,0,44,18,18,zero,
manual_screen,base,0,97,2,15,11.0,0,11,20,20,zero,
manual_screen,base,0,98,0,12,21.0,0,21,10,10,zero,
manual_screen,base,0,98,1,12,34.0,0,34,18,18,zero,
manual_screen,base,0,98,2,12,13.0,0,13,20,20,zero,
manual_screen,base,0,99,0,13,21.0,0,21,10,10,zero,
manual_screen,base,0,99,1,13,24.0,0,24,3,3,zero,
manual_screen,base,0,99,2,13,-0.0,0,0,20,20,zero,
manual_screen,base,0,100,0,14,35.0,0,35,19,19,zero,
manual_screen,base,0,100,1,14,23.0,0,23,3,3,zero,
manual_screen,base,0,100,2,14,17.0,17,0,1,1,zero,
manual_screen,base,0,101,0,15,34.0,0,34,10,10,zero,
manual_screen,base,0,101,1,15,13.0,0,13,18,18,zero,
manual_screen,base,0,101,2,15,19.0,19,0,0,0,zero,
manual_screen,base,0,102,0,13,27.0,0,27,10,10,zero,
manual_screen,base,0,102,1,13,7.0,0,7,18,18,zero,
manual_screen,base,0,102,2,13,21.0,21,0,16,16,zero,
manual_screen,base,0,103,0,13,20.0,0,20,10,10,zero,
manual_screen,base,0,103,1,13,1.0,0,1,18,18,zero,
manual_screen,base,0,103,2,13,23.0,23,0,20,20,zero,
manual_screen,base,0,104,0,11,11.0,0,11,10,10,zero,
manual_screen,base,0,104,1,11,8.0,0,8,3,3,zero,
manual_screen,base,0,104,2,11,21.0,21,0,20,20,zero,
manual_screen,base,0,105,0,10,1.0,0,1,10,10,zero,
manual_screen,base,0,105,1,10,-0.0,0,0,18,18,zero,
manual_screen,base,0,105,2,10,3.0,3,0,0,0,zero,
manual_screen,base,0,106,0,10,5.0,5,0,6,6,zero,
manual_screen,base,0,106,1,10,12.0,12,0,18,18,zero,
manual_screen,base,0,106,2,10,1.0,1,0,3,3,zero,
manual_screen,base,0,107,0,9,12.0,12,0,10,10,zero,
manual_screen,base,0,107,1,9,20.0,20,0,3,3,zero,
manual_screen,base,0,107,2,9,18.0,18,0,20,20,zero,
manual_screen,base,0,108,0,9,6.0,6,0,6,6,zero,
manual_screen,base,0,108,1,9,17.0,17,0,12,12,zero,
manual_screen,base,0,108,2,9,26.0,26,0,0,0,zero,
manual_screen,base,0,109,0,9,15.0,15,0,6,6,zero,
manual_screen,base,0,109,1,9,29.0,29,0,0,0,zero,
manual_screen,base,0,109,2,9,26.0,26,0,2,2,zero,
manual_screen,base,0,110,0,9,12.0,12,0,10,10,zero,
manual_screen,base,0,110,1,9,37.0,37,0,0,0,zero,
manual_screen,base,0,110,2,9,29.0,29,0,0,0,zero,
manual_screen,base,0,111,0,12,10.0,10,0,9,9,zero,
manual_screen,base,0,111,1,12,31.0,31,0,12,12,zero,
manual_screen,base,0,111,2,12,37.0,37,0,0,0,zero,
manual_screen,base,0,112,0,12,4.0,4,0,19,19,zero,
manual_screen,base,0,112,1,12,24.0,24,0,15,15,zero,
manual_screen,base,0,112,2,12,22.0,22,0,1,1,zero,
manual_screen,base,0,113,0,11,1.0,0,1,9,9,zero,
manual_screen,base,0,113,1,11,15.0,15,0,15,15,zero,
manual_screen,base,0,113,2,11,9.0,9,0,20,20,zero,
manual_screen,base,0,114,0,12,3.0,0,3,9,9,zero,
manual_screen,base,0,114,1,12,6.0,6,0,3,3,zero,
manual_screen,base,0,114,2,12,6.0,6,0,20,20,zero,
manual_screen,base,0,115,0,12,6.0,0,6,10,10,zero,
manual_screen,base,0,115,1,12,8.0,8,0,15,15,zero,
manual_screen,base,0,115,2,12,9.0,0,9,0,0,zero,
manual_screen,base,0,116,0,15,2.0,0,2,10,10,zero,
manual_screen,base,0,116,1,15,13.0,13,0,15,15,zero,
manual_screen,base,0,116,2,15,23.0,0,23,20,20,zero,
manual_screen,base,0,117,0,16,9.0,0,9,19,19,zero,
manual_screen,base,0,117,1,16,9.0,9,0,15,15,zero,
manual_screen,base,0,117,2,16,18.0,0,18,20,20,zero,
manual_screen,base,0,118,0,15,15.0,0,15,19,19,zero,
manual_screen,base,0,118,1,15,7.0,0,7,15,15,zero,
manual_screen,base,0,118,2,15,13.0,0,13,20,20,zero,
manual_screen,base,0,119,0,16,21.0,0,21,19,19,zero,
manual_screen,base,0,119,1,16,20.0,0,20,15,15,zero,
manual_screen,base,0,119,2,16,28.0,0,28,20,20,zero,
manual_screen,base,0,120,0,18,29.0,0,29,19,19,zero,
manual_screen,base,0,120,1,18,38.0,0,38,15,15,zero,
manual_screen,base,0,120,2,18,23.0,0,23,17,17,zero,
manual_screen,base,0,121,0,17,27.0,0,27,19,19,zero,
manual_screen,base,0,121,1,17,37.0,0,37,18,18,zero,
manual_screen,base,0,121,2,17,21.0,0,21,16,16,zero,
manual_screen,base,0,122,0,17,32.0,0,32,10,10,zero,
manual_screen,base,0,122,1,17,27.0,0,27,18,18,zero,
manual_screen,base,0,122,2,17,19.0,0,19,20,20,zero,
manual_screen,base,0,123,0,17,43.0,0,43,19,19,zero,
manual_screen,base,0,123,1,17,46.0,0,46,18,18,zero,
manual_screen,base,0,123,2,17,17.0,0,17,20,20,zero,
manual_screen,base,0,124,0,19,61.0,0,61,17,17,zero,
manual_screen,base,0,124,1,19,43.0,0,43,18,18,zero,
manual_screen,base,0,124,2,19,18.0,0,18,20,20,zero,
manual_screen,base,0,125,0,20,61.0,0,61,17,17,zero,
manual_screen,base,0,125,1,20,40.0,0,40,18,18,zero,
manual_screen,base,0,125,2,20,20.0,0,20,20,20,zero,
manual_screen,base,0,126,0,20,61.0,0,61,17,17,zero,
manual_screen,base,0,126,1,20,37.0,0,37,18,18,zero,
manual_screen,base,0,126,2,20,18.0,0,18,20,20,zero,
manual_screen,base,0,127,0,20,81.0,0,81,17,17,zero,
manual_screen,base,0,127,1,20,34.0,0,34,18,18,zero,
manual_screen,base,0,127,2,20,16.0,0,16,20,20,zero,
manual_screen,base,0,128,0,20,81.0,0,81,17,17,zero,
manual_screen,base,0,128,1,20,34.0,0,34,18,18,zero,
manual_screen,base,0,128,2,20,14.0,0,14,16,16,zero,
manual_screen,base,0,129,0,20,81.0,0,81,17,17,zero,
manual_screen,base,0,129,1,20,35.0,0,35,18,18,zero,
manual_screen,base,0,129,2,20,12.0,0,12,20,20,zero,
manual_screen,base,0,130,0,20,81.0,0,81,17,17,zero,
manual_screen,base,0,130,1,20,32.0,0,32,18,18,zero,
manual_screen,base,0,130,2,20,10.0,0,10,20,20,zero,
manual_screen,base,0,131,0,20,81.0,0,81,17,17,zero,
manual_screen,base,0,131,1,20,29.0,0,29,18,18,zero,
manual_screen,base,0,131,2,20,8.0,0,8,20,20,zero,
manual_screen,base,0,132,0,20,84.0,0,84,17,17,zero,
manual_screen,base,0,132,1,20,26.0,0,26,18,18,zero,
manual_screen,base,0,132,2,20,10.0,0,10,20,20,zero,
manual_screen,base,0,133,0,20,88.0,0,88,17,17,zero,
manual_screen,base,0,133,1,20,23.0,0,23,18,18,zero,
manual_screen,base,0,133,2,20,8.0,0,8,16,16,zero,
manual_screen,base,0,134,0,20,88.0,0,88,17,17,zero,
manual_screen,base,0,134,1,20,20.0,0,20,18,18,zero,
manual_screen,base,0,134,2,20,6.0,0,6,20,20,zero,
manual_screen,base,0,135,0,20,88.0,0,88,17,17,zero,
manual_screen,base,0,135,1,20,17.0,0,17,18,18,zero,
manual_screen,base,0,135,2,20,4.0,0,4,20,20,zero,
manual_screen,base,0,136,0,20,88.0,0,88,17,17,zero,
manual_screen,base,0,136,1,20,18.0,0,18,18,18,zero,
manual_screen,base,0,136,2,20,2.0,0,2,20,20,zero,
manual_screen,base,0,137,0,20,88.0,0,88,17,17,zero,
manual_screen,base,0,137,1,20,15.0,0,15,18,18,zero,
manual_screen,base,0,137,2,20,4.0,0,4,16,16,zero,
manual_screen,base,0,138,0,20,88.0,0,88,17,17,zero,
manual_screen,base,0,138,1,20,12.0,0,12,18,18,zero,
manual_screen,base,0,138,2,20,2.0,0,2,16,16,zero,
manual_screen,base,0,139,0,20,88.0,0,88,17,17,zero,
manual_screen,base,0,139,1,20,9.0,0,9,18,18,zero,
manual_screen,base,0,139,2,20,-0.0,0,0,16,16,zero,
manual_screen,base,0,140,0,20,92.0,0,92,17,17,zero,
manual_screen,base,0,140,1,20,6.0,0,6,18,18,zero,
manual_screen,base,0,140,2,20,2.0,2,0,20,20,zero,
manual_screen,base,0,141,0,20,92.0,0,92,17,17,zero,
manual_screen,base,0,141,1,20,7.0,0,7,18,18,zero,
manual_screen,base,0,141,2,20,-0.0,0,0,20,20,zero,
manual_screen,base,0,142,0,20,92.0,0,92,17,17,zero,
manual_screen,base,0,142,1,20,4.0,0,4,18,18,zero,
manual_screen,base,0,142,2,20,2.0,0,2,16,16,zero,
manual_screen,base,0,143,0,20,92.0,0,92,17,17,zero,
manual_screen,base,0,143,1,20,1.0,0,1,18,18,zero,
manual_screen,base,0,143,2,20,4.0,0,4,16,16,zero,
manual_screen,base,0,144,0,20,92.0,0,92,17,17,zero,
manual_screen,base,0,144,1,20,-0.0,0,0,18,18,zero,
manual_screen,base,0,144,2,20,2.0,0,2,20,20,zero,
manual_screen,base,0,145,0,20,96.0,0,96,17,17,zero,
manual_screen,base,0,145,1,20,1.0,1,0,18,18,zero,
manual_screen,base,0,145,2,20,-0.0,0,0,20,20,zero,
manual_screen,base,0,146,0,20,96.0,0,96,17,17,zero,
manual_screen,base,0,146,1,20,-0.0,0,0,18,18,zero,
manual_screen,base,0,146,2,20,2.0,0,2,16,16,zero,
manual_screen,base,0,147,0,19,95.0,0,95,17,17,zero,
manual_screen,base,0,147,1,19,1.0,0,1,18,18,zero,
manual_screen,base,0,147,2,19,4.0,0,4,16,16,zero,
manual_screen,base,0,148,0,17,94.0,0,94,17,17,zero,
manual_screen,base,0,148,1,17,2.0,2,0,18,18,zero,
manual_screen,base,0,148,2,17,2.0,0,2,20,20,zero,
manual_screen,base,0,149,0,18,95.0,0,95,17,17,zero,
manual_screen,base,0,149,1,18,5.0,5,0,18,18,zero,
manual_screen,base,0,149,2,18,-0.0,0,0,20,20,zero,
manual_screen,base,0,150,0,17,95.0,0,95,17,17,zero,
manual_screen,base,0,150,1,17,4.0,4,0,18,18,zero,
manual_screen,base,0,150,2,17,2.0,0,2,16,16,zero,
manual_screen,base,0,151,0,19,98.0,0,98,17,17,zero,
manual_screen,base,0,151,1,19,3.0,3,0,18,18,zero,
manual_screen,base,0,151,2,19,4.0,0,4,16,16,zero,
manual_screen,base,0,152,0,18,98.0,0,98,17,17,zero,
manual_screen,base,0,152,1,18,6.0,6,0,18,18,zero,
manual_screen,base,0,152,2,18,2.0,0,2,20,20,zero,
manual_screen,base,0,153,0,18,99.0,0,99,17,17,zero,
manual_screen,base,0,153,1,18,9.0,9,0,18,18,zero,
manual_screen,base,0,153,2,18,-0.0,0,0,20,20,zero,
manual_screen,base,0,154,0,17,99.0,0,99,17,17,zero,
manual_screen,base,0,154,1,17,8.0,8,0,18,18,zero,
manual_screen,base,0,154,2,17,2.0,0,2,16,16,zero,
manual_screen,base,0,155,0,17,99.0,0,99,17,17,zero,
manual_screen,base,0,155,1,17,7.0,7,0,18,18,zero,
manual_screen,base,0,155,2,17,4.0,0,4,16,16,zero,
manual_screen,base,0,156,0,17,99.0,0,99,17,17,zero,
manual_screen,base,0,156,1,17,10.0,10,0,18,18,zero,
manual_screen,base,0,156,2,17,2.0,0,2,20,20,zero,
manual_screen,base,0,157,0,20,102.0,0,102,17,17,zero,
manual_screen,base,0,157,1,20,13.0,13,0,18,18,zero,
manual_screen,base,0,157,2,20,-0.0,0,0,20,20,zero,
manual_screen,base,0,158,0,19,104.0,0,104,17,17,zero,
manual_screen,base,0,158,1,19,12.0,12,0,18,18,zero,
manual_screen,base,0,158,2,19,2.0,0,2,16,16,zero,
manual_screen,base,0,159,0,19,106.0,0,106,17,17,zero,
manual_screen,base,0,159,1,19,11.0,11,0,18,18,zero,
manual_screen,base,0,159,2,19,4.0,0,4,16,16,zero,
manual_screen,base,0,160,0,20,109.0,0,109,17,17,zero,
manual_screen,base,0,160,1,20,14.0,14,0,18,18,zero,
manual_screen,base,0,160,2,20,2.0,0,2,20,20,zero,
manual_screen,base,0,161,0,20,112.0,0,112,17,17,zero,
manual_screen,base,0,161,1,20,17.0,17,0,18,18,zero,
manual_screen,base,0,161,2,20,-0.0,0,0,20,20,zero,
manual_screen,base,0,162,0,20,115.0,0,115,17,17,zero,
manual_screen,base,0,162,1,20,16.0,16,0,15,15,zero,
manual_screen,base,0,162,2,20,1.0,1,0,16,16,zero,
manual_screen,base,0,163,0,20,118.0,0,118,17,17,zero,
manual_screen,base,0,163,1,20,15.0,15,0,15,15,zero,
manual_screen,base,0,163,2,20,2.0,2,0,16,16,zero,
manual_screen,base,0,164,0,20,121.0,0,121,17,17,zero,
manual_screen,base,0,164,1,20,18.0,18,0,15,15,zero,
manual_screen,base,0,164,2,20,7.0,7,0,16,16,zero,
manual_screen,base,0,165,0,20,124.0,0,124,17,17,zero,
manual_screen,base,0,165,1,20,21.0,21,0,15,15,zero,
manual_screen,base,0,165,2,20,12.0,12,0,0,0,zero,
manual_screen,base,0,166,0,20,127.0,0,127,17,17,zero,
manual_screen,base,0,166,1,20,19.0,19,0,15,15,zero,
manual_screen,base,0,166,2,20,13.0,13,0,16,16,zero,
manual_screen,base,0,167,0,20,130.0,0,130,17,17,zero,
manual_screen,base,0,167,1,20,17.0,17,0,15,15,zero,
manual_screen,base,0,167,2,20,14.0,14,0,20,20,zero,
manual_screen,base,0,168,0,20,133.0,0,133,17,17,zero,
manual_screen,base,0,168,1,20,15.0,15,0,15,15,zero,
manual_screen,base,0,168,2,20,15.0,15,0,20,20,zero,
manual_screen,base,0,169,0,20,136.0,0,136,17,17,zero,
manual_screen,base,0,169,1,20,13.0,13,0,15,15,zero,
manual_screen,base,0,169,2,20,-0.0,0,0,20,20,zero,
manual_screen,base,0,170,0,20,139.0,0,139,17,17,zero,
manual_screen,base,0,170,1,20,11.0,11,0,15,15,zero,
manual_screen,base,0,170,2,20,1.0,1,0,0,0,zero,
manual_screen,base,0,171,0,20,142.0,0,142,17,17,zero,
manual_screen,base,0,171,1,20,9.0,9,0,15,15,zero,
manual_screen,base,0,171,2,20,6.0,6,0,0,0,zero,
manual_screen,base,0,172,0,20,145.0,0,145,17,17,zero,
manual_screen,base,0,172,1,20,7.0,7,0,15,15,zero,
manual_screen,base,0,172,2,20,11.0,11,0,20,20,zero,
manual_screen,base,0,173,0,20,148.0,0,148,17,17,zero,
manual_screen,base,0,173,1,20,5.0,5,0,15,15,zero,
manual_screen,base,0,173,2,20,16.0,16,0,20,20,zero,
manual_screen,base,0,174,0,20,151.0,0,151,17,17,zero,
manual_screen,base,0,174,1,20,3.0,3,0,15,15,zero,
manual_screen,base,0,174,2,20,1.0,1,0,20,20,zero,
manual_screen,base,0,175,0,20,154.0,0,154,17,17,zero,
manual_screen,base,0,175,1,20,1.0,1,0,15,15,zero,
manual_screen,base,0,175,2,20,14.0,0,14,20,20,zero,
manual_screen,base,0,176,0,20,157.0,0,157,17,17,zero,
manual_screen,base,0,176,1,20,1.0,0,1,18,18,zero,
manual_screen,base,0,176,2,20,12.0,0,12,0,0,zero,
manual_screen,base,0,177,0,20,160.0,0,160,17,17,zero,
manual_screen,base,0,177,1,20,3.0,0,3,18,18,zero,
manual_screen,base,0,177,2,20,10.0,0,10,20,20,zero,
manual_screen,base,0,178,0,20,163.0,0,163,17,17,zero,
manual_screen,base,0,178,1,20,5.0,0,5,18,18,zero,
manual_screen,base,0,178,2,20,8.0,0,8,20,20,zero,
manual_screen,base,0,179,0,20,166.0,0,166,17,17,zero,
manual_screen,base,0,179,1,20,21.0,0,21,18,18,zero,
manual_screen,base,0,179,2,20,6.0,0,6,20,20,zero,
manual_screen,base,0,180,0,20,170.0,0,170,17,17,zero,
manual_screen,base,0,180,1,20,18.0,0,18,18,18,zero,
manual_screen,base,0,180,2,20,24.0,0,24,20,20,zero,
manual_screen,base,0,181,0,20,175.0,0,175,17,17,zero,
manual_screen,base,0,181,1,20,15.0,0,15,18,18,zero,
manual_screen,base,0,181,2,20,22.0,0,22,20,20,zero,
manual_screen,base,0,182,0,20,180.0,0,180,17,17,zero,
manual_screen,base,0,182,1,20,12.0,0,12,18,18,zero,
manual_screen,base,0,182,2,20,20.0,0,20,20,20,zero,
manual_screen,base,0,183,0,20,199.0,0,199,17,17,zero,
manual_screen,base,0,183,1,20,9.0,0,9,18,18,zero,
manual_screen,base,0,183,2,20,18.0,0,18,16,16,zero,
manual_screen,base,0,184,0,20,199.0,0,199,17,17,zero,
manual_screen,base,0,184,1,20,26.0,0,26,18,18,zero,
manual_screen,base,0,184,2,20,16.0,0,16,20,20,zero,
manual_screen,base,0,185,0,20,199.0,0,199,17,17,zero,
manual_screen,base,0,185,1,20,23.0,0,23,18,18,zero,
manual_screen,base,0,185,2,20,14.0,0,14,20,20,zero,
manual_screen,base,0,186,0,20,199.0,0,199,17,17,zero,
manual_screen,base,0,186,1,20,20.0,0,20,18,18,zero,
manual_screen,base,0,186,2,20,12.0,0,12,20,20,zero,
manual_screen,base,0,187,0,20,199.0,0,199,17,17,zero,
manual_screen,base,0,187,1,20,17.0,0,17,18,18,zero,
manual_screen,base,0,187,2,20,14.0,0,14,20,20,zero,
manual_screen,base,0,188,0,20,219.0,0,219,17,17,zero,
manual_screen,base,0,188,1,20,14.0,0,14,18,18,zero,
manual_screen,base,0,188,2,20,12.0,0,12,20,20,zero,
manual_screen,base,0,189,0,20,219.0,0,219,17,17,zero,
manual_screen,base,0,189,1,20,11.0,0,11,18,18,zero,
manual_screen,base,0,189,2,20,10.0,0,10,16,16,zero,
manual_screen,base,0,190,0,20,219.0,0,219,17,17,zero,
manual_screen,base,0,190,1,20,8.0,0,8,18,18,zero,
manual_screen,base,0,190,2,20,8.0,0,8,20,20,zero,
manual_screen,base,0,191,0,20,219.0,0,219,17,17,zero,
manual_screen,base,0,191,1,20,9.0,0,9,18,18,zero,
manual_screen,base,0,191,2,20,6.0,0,6,20,20,zero,
manual_screen,base,0,192,0,20,219.0,0,219,17,17,zero,
manual_screen,base,0,192,1,20,6.0,0,6,18,18,zero,
manual_screen,base,0,192,2,20,4.0,0,4,20,20,zero,
manual_screen,base,0,193,0,20,219.0,0,219,17,17,zero,
manual_screen,base,0,193,1,20,3.0,0,3,18,18,zero,
manual_screen,base,0,193,2,20,6.0,0,6,16,16,zero,
manual_screen,base,0,194,0,20,219.0,0,219,17,17,zero,
manual_screen,base,0,194,1,20,-0.0,0,0,18,18,zero,
manual_screen,base,0,194,2,20,4.0,0,4,16,16,zero,
manual_screen,base,0,195,0,20,223.0,0,223,17,17,zero,
manual_screen,base,0,195,1,20,3.0,3,0,18,18,zero,
manual_screen,base,0,195,2,20,2.0,0,2,20,20,zero,
manual_screen,base,0,196,0,20,223.0,0,223,17,17,zero,
manual_screen,base,0,196,1,20,6.0,6,0,18,18,zero,
manual_screen,base,0,196,2,20,-0.0,0,0,20,20,zero,
manual_screen,base,0,197,0,20,223.0,0,223,17,17,zero,
manual_screen,base,0,197,1,20,5.0,5,0,18,18,zero,
manual_screen,base,0,197,2,20,2.0,0,2,16,16,zero,
manual_screen,base,0,198,0,20,223.0,0,223,17,17,zero,
manual_screen,base,0,198,1,20,8.0,8,0,18,18,zero,
manual_screen,base,0,198,2,20,4.0,0,4,16,16,zero,
manual_screen,base,0,199,0,20,226.0,0,226,17,17,zero,
manual_screen,base,0,199,1,20,11.0,11,0,18,18,zero,
manual_screen,base,0,199,2,20,2.0,0,2,20,20,zero,
manual_screen,base,0,200,0,20,229.0,0,229,17,17,zero,
manual_screen,base,0,200,1,20,14.0,14,0,18,18,zero,
manual_screen,base,0,200,2,20,-0.0,0,0,20,20,zero,
manual_screen,base,1,1,0,10,10.0,10,0,10,10,zero,
manual_screen,base,1,1,1,10,10.0,10,0,15,15,zero,
manual_screen,base,1,1,2,10,5.0,5,0,0,0,zero,
manual_screen,base,1,2,0,9,11.0,11,0,10,10,zero,
manual_screen,base,1,2,1,9,10.0,10,0,1,1,zero,
manual_screen,base,1,2,2,9,14.0,14,0,20,20,zero,
manual_screen,base,1,3,0,10,11.0,11,0,6,6,zero,
manual_screen,base,1,3,1,10,14.0,14,0,15,15,zero,
manual_screen,base,1,3,2,10,9.0,9,0,3,3,zero,
manual_screen,base,1,4,0,10,11.0,11,0,10,10,zero,
manual_screen,base,1,4,1,10,14.0,14,0,1,1,zero,
manual_screen,base,1,4,2,10,18.0,18,0,20,20,zero,
manual_screen,base,1,5,0,10,11.0,11,0,10,10,zero,
manual_screen,base,1,5,1,10,19.0,19,0,15,15,zero,
manual_screen,base,1,5,2,10,3.0,3,0,0,0,zero,
manual_screen,base,1,6,0,9,12.0,12,0,9,9,zero,
manual_screen,base,1,6,1,9,11.0,11,0,3,3,zero,
manual_screen,base,1,6,2,9,20.0,20,0,16,16,zero,
manual_screen,base,1,7,0,11,7.0,7,0,9,9,zero,
manual_screen,base,1,7,1,11,17.0,17,0,15,15,zero,
manual_screen,base,1,7,2,11,8.0,8,0,0,0,zero,
manual_screen,base,1,8,0,12,5.0,5,0,9,9,zero,
manual_screen,base,1,8,1,12,9.0,9,0,1,1,zero,
manual_screen,base,1,8,2,12,27.0,27,0,20,20,zero,
manual_screen,base,1,9,0,12,3.0,3,0,19,19,zero,
manual_screen,base,1,9,1,12,5.0,5,0,15,15,zero,
manual_screen,base,1,9,2,12,12.0,12,0,0,0,zero,
manual_screen,base,1,10,0,13,1.0,0,1,9,9,zero,
manual_screen,base,1,10,1,13,1.0,0,1,15,15,zero,
manual_screen,base,1,10,2,13,13.0,13,0,0,0,zero,
manual_screen,base,1,11,0,14,6.0,0,6,19,19,zero,
manual_screen,base,1,11,1,14,5.0,0,5,15,15,zero,
manual_screen,base,1,11,2,14,2.0,0,2,20,20,zero,
manual_screen,base,1,12,0,14,11.0,0,11,10,10,zero,
manual_screen,base,1,12,1,14,14.0,0,14,15,15,zero,
manual_screen,base,1,12,2,14,3.0,3,0,20,20,zero,
manual_screen,base,1,13,0,15,7.0,0,7,19,19,zero,
manual_screen,base,1,13,1,15,18.0,0,18,15,15,zero,
manual_screen,base,1,13,2,15,12.0,0,12,20,20,zero,
manual_screen,base,1,14,0,16,15.0,0,15,19,19,zero,
manual_screen,base,1,14,1,16,22.0,0,22,18,18,zero,
manual_screen,base,1,14,2,16,30.0,0,30,20,20,zero,
manual_screen,base,1,15,0,18,18.0,0,18,19,19,zero,
manual_screen,base,1,15,1,18,28.0,0,28,18,18,zero,
manual_screen,base,1,15,2,18,28.0,0,28,20,20,zero,
manual_screen,base,1,16,0,17,34.0,0,34,19,19,zero,
manual_screen,base,1,16,1,17,30.0,0,30,18,18,zero,
manual_screen,base,1,16,2,17,26.0,0,26,20,20,zero,
manual_screen,base,1,17,0,18,37.0,0,37,19,19,zero,
manual_screen,base,1,17,1,18,46.0,0,46,18,18,zero,
manual_screen,base,1,17,2,18,24.0,0,24,20,20,zero,
manual_screen,base,1,18,0,16,38.0,0,38,19,19,zero,
manual_screen,base,1,18,1,16,65.0,0,65,18,18,zero,
manual_screen,base,1,18,2,16,22.0,0,22,20,20,zero,
manual_screen,base,1,19,0,16,41.0,0,41,19,19,zero,
manual_screen,base,1,19,1,16,64.0,0,64,18,18,zero,
manual_screen,base,1,19,2,16,20.0,0,20,20,20,zero,
manual_screen,base,1,20,0,16,40.0,0,40,19,19,zero,
manual_screen,base,1,20,1,16,63.0,0,63,18,18,zero,
manual_screen,base,1,20,2,16,18.0,0,18,20,20,zero,
manual_screen,base,1,21,0,16,53.0,0,53,19,19,zero,
manual_screen,base,1,21,1,16,62.0,0,62,18,18,zero,
manual_screen,base,1,21,2,16,16.0,0,16,20,20,zero,
manual_screen,base,1,22,0,15,68.0,0,68,17,17,zero,
manual_screen,base,1,22,1,15,59.0,0,59,18,18,zero,
manual_screen,base,1,22,2,15,14.0,0,14,20,20,zero,
manual_screen,base,1,23,0,13,61.0,0,61,17,17,zero,
manual_screen,base,1,23,1,13,56.0,0,56,18,18,zero,
manual_screen,base,1,23,2,13,12.0,0,12,16,16,zero,
manual_screen,base,1,24,0,15,56.0,0,56,10,10,zero,
manual_screen,base,1,24,1,15,46.0,0,46,18,18,zero,
manual_screen,base,1,24,2,15,10.0,0,10,20,20,zero,
manual_screen,base,1,25,0,16,52.0,0,52,10,10,zero,
manual_screen,base,1,25,1,16,36.0,0,36,18,18,zero,
manual_screen,base,1,25,2,16,8.0,0,8,20,20,zero,
manual_screen,base,1,26,0,18,50.0,0,50,10,10,zero,
manual_screen,base,1,26,1,18,26.0,0,26,0,0,zero,
manual_screen,base,1,26,2,18,12.0,12,0,20,20,zero,
manual_screen,base,1,27,0,18,48.0,0,48,19,19,zero,
manual_screen,base,1,27,1,18,25.0,0,25,18,18,zero,
manual_screen,base,1,27,2,18,10.0,10,0,0,0,zero,
manual_screen,base,1,28,0,17,45.0,0,45,19,19,zero,
manual_screen,base,1,28,1,17,24.0,0,24,18,18,zero,
manual_screen,base,1,28,2,17,12.0,12,0,16,16,zero,
manual_screen,base,1,29,0,16,41.0,0,41,10,10,zero,
manual_screen,base,1,29,1,16,14.0,0,14,18,18,zero,
manual_screen,base,1,29,2,16,14.0,14,0,20,20,zero,
manual_screen,base,1,30,0,16,37.0,0,37,10,10,zero,
manual_screen,base,1,30,1,16,16.0,0,16,18,18,zero,
manual_screen,base,1,30,2,16,16.0,16,0,20,20,zero,
manual_screen,base,1,31,0,15,32.0,0,32,19,19,zero,
manual_screen,base,1,31,1,15,17.0,0,17,18,18,zero,
manual_screen,base,1,31,2,15,2.0,0,2,20,20,zero,
manual_screen,base,1,32,0,14,26.0,0,26,10,10,zero,
manual_screen,base,1,32,1,14,9.0,0,9,18,18,zero,
manual_screen,base,1,32,2,14,4.0,0,4,20,20,zero,
manual_screen,base,1,33,0,13,19.0,0,19,10,10,zero,
manual_screen,base,1,33,1,13,1.0,0,1,18,18,zero,
manual_screen,base,1,33,2,13,2.0,0,2,0,0,zero,
manual_screen,base,1,34,0,13,24.0,0,24,19,19,zero,
manual_screen,base,1,34,1,13,2.0,0,2,18,18,zero,
manual_screen,base,1,34,2,13,-0.0,0,0,20,20,zero,
manual_screen,base,1,35,0,13,19.0,0,19,10,10,zero,
manual_screen,base,1,35,1,13,4.0,4,0,18,18,zero,
manual_screen,base,1,35,2,13,2.0,2,0,20,20,zero,
manual_screen,base,1,36,0,11,12.0,0,12,10,10,zero,
manual_screen,base,1,36,1,11,10.0,10,0,18,18,zero,
manual_screen,base,1,36,2,11,4.0,4,0,20,20,zero,
manual_screen,base,1,37,0,11,5.0,0,5,10,10,zero,
manual_screen,base,1,37,1,11,20.0,20,0,0,0,zero,
manual_screen,base,1,37,2,11,4.0,4,0,20,20,zero,
manual_screen,base,1,38,0,12,1.0,1,0,10,10,zero,
manual_screen,base,1,38,1,12,30.0,30,0,12,12,zero,
manual_screen,base,1,38,2,12,12.0,12,0,0,0,zero,
manual_screen,base,1,39,0,11,2.0,2,0,19,19,zero,
manual_screen,base,1,39,1,11,29.0,29,0,3,3,zero,
manual_screen,base,1,39,2,11,29.0,29,0,0,0,zero,
manual_screen,base,1,40,0,11,1.0,1,0,10,10,zero,
manual_screen,base,1,40,1,11,37.0,37,0,18,18,zero,
manual_screen,base,1,40,2,11,31.0,31,0,0,0,zero,
manual_screen,base,1,41,0,11,-0.0,0,0,10,10,zero,
manual_screen,base,1,41,1,11,27.0,27,0,15,15,zero,
manual_screen,base,1,41,2,11,36.0,36,0,0,0,zero,
manual_screen,base,1,42,0,11,1.0,0,1,6,6,zero,
manual_screen,base,1,42,1,11,33.0,33,0,3,3,zero,
manual_screen,base,1,42,2,11,33.0,33,0,20,20,zero,
manual_screen,base,1,43,0,12,6.0,6,0,10,10,zero,
manual_screen,base,1,43,1,12,26.0,26,0,3,3,zero,
manual_screen,base,1,43,2,12,30.0,30,0,0,0,zero,
manual_screen,base,1,44,0,12,4.0,4,0,19,19,zero,
manual_screen,base,1,44,1,12,25.0,25,0,3,3,zero,
manual_screen,base,1,44,2,12,27.0,27,0,0,0,zero,
manual_screen,base,1,45,0,12,2.0,2,0,9,9,zero,
manual_screen,base,1,45,1,12,31.0,31,0,15,15,zero,
manual_screen,base,1,45,2,12,12.0,12,0,0,0,zero,
manual_screen,base,1,46,0,10,2.0,0,2,19,19,zero,
manual_screen,base,1,46,1,10,15.0,15,0,15,15,zero,
manual_screen,base,1,46,2,10,17.0,17,0,0,0,zero,
manual_screen,base,1,47,0,11,3.0,0,3,6,6,zero,
manual_screen,base,1,47,1,11,12.0,12,0,15,15,zero,
manual_screen,base,1,47,2,11,2.0,2,0,20,20,zero,
manual_screen,base,1,48,0,11,5.0,5,0,10,10,zero,
manual_screen,base,1,48,1,11,5.0,5,0,3,3,zero,
manual_screen,base,1,48,2,11,1.0,0,1,20,20,zero,
manual_screen,base,1,49,0,10,4.0,4,0,6,6,zero,
manual_screen,base,1,49,1,10,14.0,14,0,15,15,zero,
manual_screen,base,1,49,2,10,16.0,0,16,0,0,zero,
manual_screen,base,1,50,0,10,13.0,13,0,10,10,zero,
manual_screen,base,1,50,1,10,19.0,19,0,15,15,zero,
manual_screen,base,1,50,2,10,31.0,0,31,20,20,zero,
manual_screen,base,1,51,0,11,8.0,8,0,10,10,zero,
manual_screen,base,1,51,1,11,24.0,24,0,15,15,zero,
manual_screen,base,1,51,2,11,26.0,0,26,20,20,zero,
manual_screen,base,1,52,0,11,7.0,7,0,19,19,zero,
manual_screen,base,1,52,1,11,7.0,7,0,15,15,zero,
manual_screen,base,1,52,2,11,21.0,0,21,20,20,zero,
manual_screen,base,1,53,0,10,3.0,3,0,9,9,zero,
manual_screen,base,1,53,1,10,2.0,0,2,15,15,zero,
manual_screen,base,1,53,2,10,36.0,0,36,20,20,zero,
manual_screen,base,1,54,0,10,3.0,3,0,10,10,zero,
manual_screen,base,1,54,1,10,12.0,0,12,15,15,zero,
manual_screen,base,1,54,2,10,31.0,0,31,20,20,zero,
manual_screen,base,1,55,0,10,3.0,3,0,6,6,zero,
manual_screen,base,1,55,1,10,2.0,2,0,15,15,zero,
manual_screen,base,1,55,2,10,26.0,0,26,20,20,zero,
manual_screen,base,1,56,0,9,13.0,13,0,6,6,zero,
manual_screen,base,1,56,1,9,16.0,16,0,3,3,zero,
manual_screen,base,1,56,2,9,9.0,0,9,16,16,zero,
manual_screen,base,1,57,0,8,12.0,12,0,10,10,zero,
manual_screen,base,1,57,1,8,6.0,6,0,0,0,zero,
manual_screen,base,1,57,2,8,11.0,11,0,0,0,zero,
manual_screen,base,1,58,0,10,2.0,2,0,6,6,zero,
manual_screen,base,1,58,1,10,20.0,20,0,0,0,zero,
manual_screen,base,1,58,2,10,31.0,31,0,0,0,zero,
manual_screen,base,1,59,0,11,9.0,9,0,10,10,zero,
manual_screen,base,1,59,1,11,30.0,30,0,0,0,zero,
manual_screen,base,1,59,2,11,51.0,51,0,0,0,zero,
manual_screen,base,1,60,0,11,4.0,4,0,10,10,zero,
manual_screen,base,1,60,1,11,40.0,40,0,12,12,zero,
manual_screen,base,1,60,2,11,55.0,55,0,0,0,zero,
manual_screen,base,1,61,0,11,3.0,3,0,19,19,zero,
manual_screen,base,1,61,1,11,30.0,30,0,12,12,zero,
manual_screen,base,1,61,2,11,43.0,43,0,0,0,zero,
manual_screen,base,1,62,0,10,1.0,0,1,9,9,zero,
manual_screen,base,1,62,1,10,21.0,21,0,15,15,zero,
manual_screen,base,1,62,2,10,28.0,28,0,16,16,zero,
manual_screen,base,1,63,0,10,1.0,0,1,10,10,zero,
manual_screen,base,1,63,1,10,11.0,11,0,3,3,zero,
manual_screen,base,1,63,2,10,25.0,25,0,20,20,zero,
manual_screen,base,1,64,0,9,-0.0,0,0,6,6,zero,
manual_screen,base,1,64,1,9,17.0,17,0,15,15,zero,
manual_screen,base,1,64,2,9,10.0,10,0,0,0,zero,
manual_screen,base,1,65,0,9,10.0,10,0,6,6,zero,
manual_screen,base,1,65,1,9,23.0,23,0,1,1,zero,
manual_screen,base,1,65,2,9,9.0,9,0,3,3,zero,
manual_screen,base,1,66,0,8,11.0,11,0,10,10,zero,
manual_screen,base,1,66,1,8,28.0,28,0,1,1,zero,
manual_screen,base,1,66,2,8,24.0,24,0,0,0,zero,
manual_screen,base,1,67,0,6,15.0,15,0,6,6,zero,
manual_screen,base,1,67,1,6,25.0,25,0,1,1,zero,
manual_screen,base,1,67,2,6,43.0,43,0,0,0,zero,
manual_screen,base,1,68,0,6,15.0,15,0,6,6,zero,
manual_screen,base,1,68,1,6,34.0,34,0,1,1,zero,
manual_screen,base,1,68,2,6,42.0,42,0,0,0,zero,
manual_screen,base,1,69,0,6,15.0,15,0,2,2,zero,
manual_screen,base,1,69,1,6,33.0,33,0,15,15,zero,
manual_screen,base,1,69,2,6,30.0,30,0,0,0,zero,
manual_screen,base,1,70,0,6,19.0,19,0,2,2,zero,
manual_screen,base,1,70,1,6,32.0,32,0,1,1,zero,
manual_screen,base,1,70,2,6,29.0,29,0,1,1,zero,
manual_screen,base,1,71,0,6,19.0,19,0,2,2,zero,
manual_screen,base,1,71,1,6,31.0,31,0,1,1,zero,
manual_screen,base,1,71,2,6,28.0,28,0,0,0,zero,
manual_screen,base,1,72,0,6,19.0,19,0,4,4,zero,
manual_screen,base,1,72,1,6,28.0,28,0,0,0,zero,
manual_screen,base,1,72,2,6,28.0,28,0,0,0,zero,
manual_screen,base,1,73,0,5,16.0,16,0,4,4,zero,
manual_screen,base,1,73,1,5,39.0,39,0,0,0,zero,
manual_screen,base,1,73,2,5,28.0,28,0,0,0,zero,
manual_screen,base,1,74,0,5,13.0,13,0,3,3,zero,
manual_screen,base,1,74,1,5,37.0,37,0,0,0,zero,
manual_screen,base,1,74,2,5,29.0,29,0,0,0,zero,
manual_screen,base,1,75,0,6,9.0,9,0,3,3,zero,
manual_screen,base,1,75,1,6,35.0,35,0,1,1,zero,
manual_screen,base,1,75,2,6,28.0,28,0,0,0,zero,
manual_screen,base,1,76,0,6,7.0,7,0,9,9,zero,
manual_screen,base,1,76,1,6,26.0,26,0,1,1,zero,
manual_screen,base,1,76,2,6,27.0,27,0,0,0,zero,
manual_screen,base,1,77,0,6,5.0,5,0,9,9,zero,
manual_screen,base,1,77,1,6,17.0,17,0,1,1,zero,
manual_screen,base,1,77,2,6,26.0,26,0,0,0,zero,
manual_screen,base,1,78,0,6,2.0,2,0,1,1,zero,
manual_screen,base,1,78,1,6,16.0,16,0,15,15,zero,
manual_screen,base,1,78,2,6,11.0,11,0,0,0,zero,
manual_screen,base,1,79,0,7,2.0,0,2,2,2,zero,
manual_screen,base,1,79,1,7,15.0,15,0,1,1,zero,
manual_screen,base,1,79,2,7,10.0,10,0,1,1,zero,
manual_screen,base,1,80,0,7,-0.0,0,0,10,10,zero,
manual_screen,base,1,80,1,7,6.0,6,0,1,1,zero,
manual_screen,base,1,80,2,7,9.0,9,0,20,20,zero,
manual_screen,base,1,81,0,7,2.0,2,0,6,6,zero,
manual_screen,base,1,81,1,7,1.0,1,0,1,1,zero,
manual_screen,base,1,81,2,7,8.0,8,0,0,0,zero,
manual_screen,base,1,82,0,7,4.0,0,4,10,10,zero,
manual_screen,base,1,82,1,7,6.0,6,0,15,15,zero,
manual_screen,base,1,82,2,7,7.0,0,7,0,0,zero,
manual_screen,base,1,83,0,6,8.0,0,8,10,10,zero,
manual_screen,base,1,83,1,6,3.0,0,3,15,15,zero,
manual_screen,base,1,83,2,6,21.0,0,21,0,0,zero,
manual_screen,base,1,84,0,7,5.0,0,5,6,6,zero,
manual_screen,base,1,84,1,7,8.0,0,8,15,15,zero,
manual_screen,base,1,84,2,7,16.0,0,16,20,20,zero,
manual_screen,base,1,85,0,9,8.0,0,8,10,10,zero,
manual_screen,base,1,85,1,9,17.0,0,17,11,11,zero,
manual_screen,base,1,85,2,9,27.0,0,27,20,20,zero,
manual_screen,base,1,86,0,10,8.0,0,8,10,10,zero,
manual_screen,base,1,86,1,10,19.0,0,19,15,15,zero,
manual_screen,base,1,86,2,10,42.0,0,42,20,20,zero,
manual_screen,base,1,87,0,10,11.0,0,11,19,19,zero,
manual_screen,base,1,87,1,10,37.0,0,37,15,15,zero,
manual_screen,base,1,87,2,10,57.0,0,57,20,20,zero,
manual_screen,base,1,88,0,10,20.0,0,20,19,19,zero,
manual_screen,base,1,88,1,10,36.0,0,36,15,15,zero,
manual_screen,base,1,88,2,10,52.0,0,52,20,20,zero,
manual_screen,base,1,89,0,10,29.0,0,29,10,10,zero,
manual_screen,base,1,89,1,10,46.0,0,46,15,15,zero,
manual_screen,base,1,89,2,10,47.0,0,47,20,20,zero,
manual_screen,base,1,90,0,10,31.0,0,31,19,19,zero,
manual_screen,base,1,90,1,10,65.0,0,65,18,18,zero,
manual_screen,base,1,90,2,10,45.0,0,45,20,20,zero,
manual_screen,base,1,91,0,10,40.0,0,40,17,17,zero,
manual_screen,base,1,91,1,10,82.0,0,82,18,18,zero,
manual_screen,base,1,91,2,10,43.0,0,43,20,20,zero,
manual_screen,base,1,92,0,10,30.0,0,30,17,17,zero,
manual_screen,base,1,92,1,10,79.0,0,79,18,18,zero,
manual_screen,base,1,92,2,10,41.0,0,41,20,20,zero,
manual_screen,base,1,93,0,9,39.0,0,39,17,17,zero,
manual_screen,base,1,93,1,9,76.0,0,76,18,18,zero,
manual_screen,base,1,93,2,9,39.0,0,39,20,20,zero,
manual_screen,base,1,94,0,9,48.0,0,48,17,17,zero,
manual_screen,base,1,94,1,9,73.0,0,73,18,18,zero,
manual_screen,base,1,94,2,9,37.0,0,37,20,20,zero,
manual_screen,base,1,95,0,9,57.0,0,57,17,17,zero,
manual_screen,base,1,95,1,9,70.0,0,70,18,18,zero,
manual_screen,base,1,95,2,9,35.0,0,35,20,20,zero,
manual_screen,base,1,96,0,8,45.0,0,45,10,10,zero,
manual_screen,base,1,96,1,8,60.0,0,60,18,18,zero,
manual_screen,base,1,96,2,8,33.0,0,33,20,20,zero,
manual_screen,base,1,97,0,6,31.0,0,31,6,6,zero,
manual_screen,base,1,97,1,6,46.0,0,46,18,18,zero,
manual_screen,base,1,97,2,6,31.0,0,31,20,20,zero,
manual_screen,base,1,98,0,6,17.0,0,17,6,6,zero,
manual_screen,base,1,98,1,6,32.0,0,32,0,0,zero,
manual_screen,base,1,98,2,6,11.0,0,11,20,20,zero,
manual_screen,base,1,99,0,5,2.0,0,2,0,0,zero,
manual_screen,base,1,99,1,5,12.0,0,12,0,0,zero,
manual_screen,base,1,99,2,5,9.0,9,0,0,0,zero,
manual_screen,base,1,100,0,6,12.0,12,0,0,0,zero,
manual_screen,base,1,100,1,6,8.0,8,0,0,0,zero,
manual_screen,base,1,100,2,6,29.0,29,0,0,0,zero,
manual_screen,base,1,101,0,5,27.0,27,0,0,0,zero,
manual_screen,base,1,101,1,5,28.0,28,0,0,0,zero,
manual_screen,base,1,101,2,5,49.0,49,0,0,0,zero,
manual_screen,base,1,102,0,5,42.0,42,0,0,0,zero,
manual_screen,base,1,102,1,5,48.0,48,0,0,0,zero,
manual_screen,base,1,102,2,5,69.0,69,0,0,0,zero,
manual_screen,base,1,103,0,6,56.0,56,0,0,0,zero,
manual_screen,base,1,103,1,6,59.0,59,0,0,0,zero,
manual_screen,base,1,103,2,6,69.0,69,0,0,0,zero,
manual_screen,base,1,104,0,6,62.0,62,0,0,0,zero,
manual_screen,base,1,104,1,6,59.0,59,0,0,0,zero,
manual_screen,base,1,104,2,6,69.0,69,0,0,0,zero,
manual_screen,base,1,105,0,5,57.0,57,0,0,0,zero,
manual_screen,base,1,105,1,5,59.0,59,0,0,0,zero,
manual_screen,base,1,105,2,5,69.0,69,0,0,0,zero,
manual_screen,base,1,106,0,4,53.0,53,0,0,0,zero,
manual_screen,base,1,106,1,4,59.0,59,0,0,0,zero,
manual_screen,base,1,106,2,4,69.0,69,0,0,0,zero,
manual_screen,base,1,107,0,5,48.0,48,0,0,0,zero,
manual_screen,base,1,107,1,5,59.0,59,0,0,0,zero,
manual_screen,base,1,107,2,5,69.0,69,0,0,0,zero,
manual_screen,base,1,108,0,4,44.0,44,0,0,0,zero,
manual_screen,base,1,108,1,4,59.0,59,0,0,0,zero,
manual_screen,base,1,108,2,4,69.0,69,0,0,0,zero,
manual_screen,base,1,109,0,5,39.0,39,0,0,0,zero,
manual_screen,base,1,109,1,5,59.0,59,0,0,0,zero,
manual_screen,base,1,109,2,5,69.0,69,0,0,0,zero,
manual_screen,base,1,110,0,5,34.0,34,0,0,0,zero,
manual_screen,base,1,110,1,5,59.0,59,0,0,0,zero,
manual_screen,base,1,110,2,5,69.0,69,0,0,0,zero,
manual_screen,base,1,111,0,5,29.0,29,0,2,2,zero,
manual_screen,base,1,111,1,5,57.0,57,0,0,0,zero,
manual_screen,base,1,111,2,5,69.0,69,0,0,0,zero,
manual_screen,base,1,112,0,5,24.0,24,0,2,2,zero,
manual_screen,base,1,112,1,5,55.0,55,0,0,0,zero,
manual_screen,base,1,112,2,5,69.0,69,0,0,0,zero,
manual_screen,base,1,113,0,4,20.0,20,0,2,2,zero,
manual_screen,base,1,113,1,4,53.0,53,0,0,0,zero,
manual_screen,base,1,113,2,4,69.0,69,0,0,0,zero,
manual_screen,base,1,114,0,4,16.0,16,0,2,2,zero,
manual_screen,base,1,114,1,4,51.0,51,0,0,0,zero,
manual_screen,base,1,114,2,4,69.0,69,0,0,0,zero,
manual_screen,base,1,115,0,4,14.0,14,0,2,2,zero,
manual_screen,base,1,115,1,4,49.0,49,0,0,0,zero,
manual_screen,base,1,115,2,4,69.0,69,0,0,0,zero,
manual_screen,base,1,116,0,5,11.0,11,0,2,2,zero,
manual_screen,base,1,116,1,5,47.0,47,0,0,0,zero,
manual_screen,base,1,116,2,5,69.0,69,0,0,0,zero,
manual_screen,base,1,117,0,4,9.0,9,0,9,9,zero,
manual_screen,base,1,117,1,4,38.0,38,0,0,0,zero,
manual_screen,base,1,117,2,4,69.0,69,0,0,0,zero,
manual_screen,base,1,118,0,5,6.0,6,0,2,2,zero,
manual_screen,base,1,118,1,5,36.0,36,0,1,1,zero,
manual_screen,base,1,118,2,5,68.0,68,0,0,0,zero,
manual_screen,base,1,119,0,3,5.0,5,0,9,9,zero,
manual_screen,base,1,119,1,3,27.0,27,0,1,1,zero,
manual_screen,base,1,119,2,3,67.0,67,0,0,0,zero,
manual_screen,base,1,120,0,3,4.0,4,0,2,2,zero,
manual_screen,base,1,120,1,3,25.0,25,0,1,1,zero,
manual_screen,base,1,120,2,3,66.0,66,0,0,0,zero,
manual_screen,base,1,121,0,3,10.0,10,0,0,0,zero,
manual_screen,base,1,121,1,3,25.0,25,0,1,1,zero,
manual_screen,base,1,121,2,3,65.0,65,0,0,0,zero,
manual_screen,base,1,122,0,3,9.0,9,0,0,0,zero,
manual_screen,base,1,122,1,3,26.0,26,0,1,1,zero,
manual_screen,base,1,122,2,3,64.0,64,0,0,0,zero,
manual_screen,base,1,123,0,3,15.0,15,0,0,0,zero,
manual_screen,base,1,123,1,3,27.0,27,0,1,1,zero,
manual_screen,base,1,123,2,3,63.0,63,0,0,0,zero,
manual_screen,base,1,124,0,4,13.0,13,0,0,0,zero,
manual_screen,base,1,124,1,4,28.0,28,0,0,0,zero,
manual_screen,base,1,124,2,4,63.0,63,0,0,0,zero,
manual_screen,base,1,125,0,4,9.0,9,0,2,2,zero,
manual_screen,base,1,125,1,4,27.0,27,0,0,0,zero,
manual_screen,base,1,125,2,4,63.0,63,0,0,0,zero,
manual_screen,base,1,126,0,3,6.0,6,0,9,9,zero,
manual_screen,base,1,126,1,3,19.0,19,0,0,0,zero,
manual_screen,base,1,126,2,3,63.0,63,0,0,0,zero,
manual_screen,base,1,127,0,3,3.0,3,0,3,3,zero,
manual_screen,base,1,127,1,3,17.0,17,0,1,1,zero,
manual_screen,base,1,127,2,3,62.0,62,0,0,0,zero,
manual_screen,base,1,128,0,3,-0.0,0,0,2,2,zero,
manual_screen,base,1,128,1,3,15.0,15,0,1,1,zero,
manual_screen,base,1,128,2,3,61.0,61,0,0,0,zero,
manual_screen,base,1,129,0,3,1.0,0,1,0,0,zero,
manual_screen,base,1,129,1,3,15.0,15,0,1,1,zero,
manual_screen,base,1,129,2,3,60.0,60,0,0,0,zero,
manual_screen,base,1,130,0,2,6.0,6,0,6,6,zero,
manual_screen,base,1,130,1,2,9.0,9,0,1,1,zero,
manual_screen,base,1,130,2,2,59.0,59,0,0,0,zero,
manual_screen,base,1,131,0,2,7.0,7,0,0,0,zero,
manual_screen,base,1,131,1,2,10.0,10,0,11,11,zero,
manual_screen,base,1,131,2,2,48.0,48,0,0,0,zero,
manual_screen,base,1,132,0,2,7.0,7,0,2,2,zero,
manual_screen,base,1,132,1,2,9.0,9,0,0,0,zero,
manual_screen,base,1,132,2,2,48.0,48,0,0,0,zero,
manual_screen,base,1,133,0,3,4.0,4,0,0,0,zero,
manual_screen,base,1,133,1,3,10.0,10,0,0,0,zero,
manual_screen,base,1,133,2,3,48.0,48,0,0,0,zero,
manual_screen,base,1,134,0,3,7.0,7,0,6,6,zero,
manual_screen,base,1,134,1,3,5.0,5,0,0,0,zero,
manual_screen,base,1,134,2,3,48.0,48,0,0,0,zero,
manual_screen,base,1,135,0,3,4.0,4,0,2,2,zero,
manual_screen,base,1,135,1,3,14.0,14,0,1,1,zero,
manual_screen,base,1,135,2,3,47.0,47,0,0,0,zero,
manual_screen,base,1,136,0,3,3.0,3,0,2,2,zero,
manual_screen,base,1,136,1,3,12.0,12,0,1,1,zero,
manual_screen,base,1,136,2,3,46.0,46,0,0,0,zero,
manual_screen,base,1,137,0,4,1.0,0,1,2,2,zero,
manual_screen,base,1,137,1,4,10.0,10,0,1,1,zero,
manual_screen,base,1,137,2,4,45.0,45,0,0,0,zero,
manual_screen,base,1,138,0,4,1.0,1,0,6,6,zero,
manual_screen,base,1,138,1,4,4.0,4,0,1,1,zero,
manual_screen,base,1,138,2,4,44.0,44,0,0,0,zero,
manual_screen,base,1,139,0,4,1.0,0,1,2,2,zero,
manual_screen,base,1,139,1,4,3.0,3,0,15,15,zero,
manual_screen,base,1,139,2,4,29.0,29,0,0,0,zero,
manual_screen,base,1,140,0,3,2.0,0,2,10,10,zero,
manual_screen,base,1,140,1,3,6.0,0,6,1,1,zero,
manual_screen,base,1,140,2,3,28.0,28,0,0,0,zero,
manual_screen,base,1,141,0,3,3.0,0,3,6,6,zero,
manual_screen,base,1,141,1,3,11.0,0,11,15,15,zero,
manual_screen,base,1,141,2,3,13.0,13,0,0,0,zero,
manual_screen,base,1,142,0,3,-0.0,0,0,6,6,zero,
manual_screen,base,1,142,1,3,16.0,0,16,3,3,zero,
manual_screen,base,1,142,2,3,10.0,10,0,20,20,zero,
manual_screen,base,1,143,0,3,1.0,0,1,6,6,zero,
manual_screen,base,1,143,1,3,7.0,0,7,15,15,zero,
manual_screen,base,1,143,2,3,5.0,0,5,20,20,zero,
manual_screen,base,1,144,0,3,-0.0,0,0,2,2,zero,
manual_screen,base,1,144,1,3,8.0,0,8,3,3,zero,
manual_screen,base,1,144,2,3,8.0,0,8,20,20,zero,
manual_screen,base,1,145,0,3,2.0,0,2,0,0,zero,
manual_screen,base,1,145,1,3,7.0,7,0,1,1,zero,
manual_screen,base,1,145,2,3,9.0,0,9,0,0,zero,
manual_screen,base,1,146,0,3,4.0,0,4,0,0,zero,
manual_screen,base,1,146,1,3,10.0,10,0,0,0,zero,
manual_screen,base,1,146,2,3,11.0,11,0,0,0,zero,
manual_screen,base,1,147,0,4,7.0,7,0,2,2,zero,
manual_screen,base,1,147,1,4,18.0,18,0,0,0,zero,
manual_screen,base,1,147,2,4,31.0,31,0,0,0,zero,
manual_screen,base,1,148,0,4,4.0,4,0,6,6,zero,
manual_screen,base,1,148,1,4,12.0,12,0,0,0,zero,
manual_screen,base,1,148,2,4,51.0,51,0,0,0,zero,
manual_screen,base,1,149,0,3,9.0,9,0,0,0,zero,
manual_screen,base,1,149,1,3,12.0,12,0,1,1,zero,
manual_screen,base,1,149,2,3,50.0,50,0,0,0,zero,
manual_screen,base,1,150,0,4,5.0,5,0,6,6,zero,
manual_screen,base,1,150,1,4,15.0,15,0,1,1,zero,
manual_screen,base,1,150,2,4,49.0,49,0,0,0,zero,
manual_screen,base,1,151,0,4,3.0,3,0,2,2,zero,
manual_screen,base,1,151,1,4,13.0,13,0,15,15,zero,
manual_screen,base,1,151,2,4,34.0,34,0,0,0,zero,
manual_screen,base,1,152,0,3,6.0,6,0,6,6,zero,
manual_screen,base,1,152,1,3,7.0,7,0,0,0,zero,
manual_screen,base,1,152,2,3,34.0,34,0,0,0,zero,
manual_screen,base,1,153,0,4,2.0,2,0,0,0,zero,
manual_screen,base,1,153,1,4,8.0,8,0,1,1,zero,
manual_screen,base,1,153,2,4,33.0,33,0,0,0,zero,
manual_screen,base,1,154,0,3,5.0,5,0,6,6,zero,
manual_screen,base,1,154,1,3,3.0,3,0,1,1,zero,
manual_screen,base,1,154,2,3,32.0,32,0,0,0,zero,
manual_screen,base,1,155,0,3,4.0,4,0,2,2,zero,
manual_screen,base,1,155,1,3,16.0,16,0,1,1,zero,
manual_screen,base,1,155,2,3,31.0,31,0,0,0,zero,
manual_screen,base,1,156,0,3,7.0,7,0,0,0,zero,
manual_screen,base,1,156,1,3,16.0,16,0,1,1,zero,
manual_screen,base,1,156,2,3,30.0,30,0,0,0,zero,
manual_screen,base,1,157,0,3,4.0,4,0,0,0,zero,
manual_screen,base,1,157,1,3,17.0,17,0,1,1,zero,
manual_screen,base,1,157,2,3,29.0,29,0,0,0,zero,
manual_screen,base,1,158,0,3,7.0,7,0,6,6,zero,
manual_screen,base,1,158,1,3,12.0,12,0,0,0,zero,
manual_screen,base,1,158,2,3,29.0,29,0,0,0,zero,
manual_screen,base,1,159,0,2,7.0,7,0,2,2,zero,
manual_screen,base,1,159,1,2,11.0,11,0,1,1,zero,
manual_screen,base,1,159,2,2,28.0,28,0,0,0,zero,
manual_screen,base,1,160,0,3,4.0,4,0,0,0,zero,
manual_screen,base,1,160,1,3,12.0,12,0,11,11,zero,
manual_screen,base,1,160,2,3,17.0,17,0,0,0,zero,
manual_screen,base,1,161,0,2,2.0,2,0,2,2,zero,
manual_screen,base,1,161,1,2,11.0,11,0,0,0,zero,
manual_screen,base,1,161,2,2,17.0,17,0,1,1,zero,
manual_screen,base,1,162,0,2,6.0,6,0,2,2,zero,
manual_screen,base,1,162,1,2,9.0,9,0,0,0,zero,
manual_screen,base,1,162,2,2,17.0,17,0,0,0,zero,
manual_screen,base,1,163,0,2,6.0,6,0,0,0,zero,
manual_screen,base,1,163,1,2,10.0,10,0,0,0,zero,
manual_screen,base,1,163,2,2,17.0,17,0,0,0,zero,
manual_screen,base,1,164,0,2,4.0,4,0,0,0,zero,
manual_screen,base,1,164,1,2,21.0,21,0,0,0,zero,
manual_screen,base,1,164,2,2,17.0,17,0,0,0,zero,
manual_screen,base,1,165,0,1,5.0,5,0,0,0,zero,
manual_screen,base,1,165,1,1,21.0,21,0,0,0,zero,
manual_screen,base,1,165,2,1,18.0,18,0,0,0,zero,
manual_screen,base,1,166,0,2,5.0,5,0,0,0,zero,
manual_screen,base,1,166,1,2,21.0,21,0,0,0,zero,
manual_screen,base,1,166,2,2,18.0,18,0,0,0,zero,
manual_screen,base,1,167,0,2,3.0,3,0,2,2,zero,
manual_screen,base,1,167,1,2,19.0,19,0,0,0,zero,
manual_screen,base,1,167,2,2,18.0,18,0,0,0,zero,
manual_screen,base,1,168,0,2,1.0,1,0,0,0,zero,
manual_screen,base,1,168,1,2,19.0,19,0,0,0,zero,
manual_screen,base,1,168,2,2,18.0,18,0,0,0,zero,
manual_screen,base,1,169,0,2,1.0,0,1,6,6,zero,
manual_screen,base,1,169,1,2,13.0,13,0,0,0,zero,
manual_screen,base,1,169,2,2,18.0,18,0,0,0,zero,
manual_screen,base,1,170,0,2,3.0,0,3,2,2,zero,
manual_screen,base,1,170,1,2,11.0,11,0,1,1,zero,
manual_screen,base,1,170,2,2,17.0,17,0,0,0,zero,
manual_screen,base,1,171,0,2,3.0,0,3,2,2,zero,
manual_screen,base,1,171,1,2,9.0,9,0,1,1,zero,
manual_screen,base,1,171,2,2,16.0,16,0,0,0,zero,
manual_screen,base,1,172,0,2,5.0,0,5,2,2,zero,
manual_screen,base,1,172,1,2,7.0,7,0,11,11,zero,
manual_screen,base,1,172,2,2,5.0,5,0,0,0,zero,
manual_screen,base,1,173,0,2,1.0,0,1,6,6,zero,
manual_screen,base,1,173,1,2,1.0,1,0,1,1,zero,
manual_screen,base,1,173,2,2,4.0,4,0,1,1,zero,
manual_screen,base,1,174,0,2,1.0,0,1,0,0,zero,
manual_screen,base,1,174,1,2,2.0,2,0,15,15,zero,
manual_screen,base,1,174,2,2,11.0,0,11,20,20,zero,
manual_screen,base,1,175,0,2,1.0,0,1,0,0,zero,
manual_screen,base,1,175,1,2,3.0,3,0,1,1,zero,
manual_screen,base,1,175,2,2,12.0,0,12,20,20,zero,
manual_screen,base,1,176,0,2,1.0,0,1,6,6,zero,
manual_screen,base,1,176,1,2,8.0,8,0,0,0,zero,
manual_screen,base,1,176,2,2,12.0,0,12,0,0,zero,
manual_screen,base,1,177,0,2,3.0,3,0,0,0,zero,
manual_screen,base,1,177,1,2,9.0,9,0,15,15,zero,
manual_screen,base,1,177,2,2,26.0,0,26,0,0,zero,
manual_screen,base,1,178,0,2,1.0,1,0,6,6,zero,
manual_screen,base,1,178,1,2,7.0,7,0,1,1,zero,
manual_screen,base,1,178,2,2,7.0,0,7,2,2,zero,
manual_screen,base,1,179,0,3,2.0,0,2,0,0,zero,
manual_screen,base,1,179,1,3,7.0,7,0,0,0,zero,
manual_screen,base,1,179,2,3,13.0,13,0,20,20,zero,
manual_screen,base,1,180,0,3,1.0,1,0,6,6,zero,
manual_screen,base,1,180,1,3,1.0,1,0,0,0,zero,
manual_screen,base,1,180,2,3,13.0,13,0,0,0,zero,
manual_screen,base,1,181,0,3,2.0,0,2,0,0,zero,
manual_screen,base,1,181,1,3,2.0,2,0,0,0,zero,
manual_screen,base,1,181,2,3,13.0,13,0,0,0,zero,
manual_screen,base,1,182,0,3,1.0,1,0,6,6,zero,
manual_screen,base,1,182,1,3,16.0,16,0,0,0,zero,
manual_screen,base,1,182,2,3,15.0,15,0,0,0,zero,
manual_screen,base,1,183,0,2,1.0,0,1,0,0,zero,
manual_screen,base,1,183,1,2,23.0,23,0,1,1,zero,
manual_screen,base,1,183,2,2,34.0,34,0,0,0,zero,
manual_screen,base,1,184,0,2,3.0,3,0,0,0,zero,
manual_screen,base,1,184,1,2,23.0,23,0,1,1,zero,
manual_screen,base,1,184,2,2,33.0,33,0,0,0,zero,
manual_screen,base,1,185,0,2,1.0,1,0,0,0,zero,
manual_screen,base,1,185,1,2,23.0,23,0,0,0,zero,
manual_screen,base,1,185,2,2,33.0,33,0,0,0,zero,
manual_screen,base,1,186,0,2,5.0,5,0,6,6,zero,
manual_screen,base,1,186,1,2,17.0,17,0,0,0,zero,
manual_screen,base,1,186,2,2,33.0,33,0,0,0,zero,
manual_screen,base,1,187,0,2,3.0,3,0,0,0,zero,
manual_screen,base,1,187,1,2,18.0,18,0,1,1,zero,
manual_screen,base,1,187,2,2,32.0,32,0,0,0,zero,
manual_screen,base,1,188,0,3,-0.0,0,0,6,6,zero,
manual_screen,base,1,188,1,3,13.0,13,0,1,1,zero,
manual_screen,base,1,188,2,3,31.0,31,0,0,0,zero,
manual_screen,base,1,189,0,3,3.0,0,3,0,0,zero,
manual_screen,base,1,189,1,3,13.0,13,0,15,15,zero,
manual_screen,base,1,189,2,3,16.0,16,0,0,0,zero,
manual_screen,base,1,190,0,3,-0.0,0,0,6,6,zero,
manual_screen,base,1,190,1,3,7.0,7,0,0,0,zero,
manual_screen,base,1,190,2,3,16.0,16,0,1,1,zero,
manual_screen,base,1,191,0,3,3.0,0,3,0,0,zero,
manual_screen,base,1,191,1,3,8.0,8,0,1,1,zero,
manual_screen,base,1,191,2,3,15.0,15,0,0,0,zero,
manual_screen,base,1,192,0,3,-0.0,0,0,6,6,zero,
manual_screen,base,1,192,1,3,3.0,3,0,1,1,zero,
manual_screen,base,1,192,2,3,14.0,14,0,0,0,zero,
manual_screen,base,1,193,0,4,4.0,0,4,2,2,zero,
manual_screen,base,1,193,1,4,16.0,16,0,1,1,zero,
manual_screen,base,1,193,2,4,13.0,13,0,0,0,zero,
manual_screen,base,1,194,0,4,2.0,0,2,6,6,zero,
manual_screen,base,1,194,1,4,10.0,10,0,1,1,zero,
manual_screen,base,1,194,2,4,13.0,13,0,0,0,zero,
manual_screen,base,1,195,0,5,7.0,0,7,2,2,zero,
manual_screen,base,1,195,1,5,9.0,9,0,15,15,zero,
manual_screen,base,1,195,2,5,2.0,0,2,0,0,zero,
manual_screen,base,1,196,0,5,6.0,0,6,10,10,zero,
manual_screen,base,1,196,1,5,-0.0,0,0,1,1,zero,
manual_screen,base,1,196,2,5,3.0,0,3,20,20,zero,
manual_screen,base,1,197,0,5,9.0,0,9,6,6,zero,
manual_screen,base,1,197,1,5,5.0,0,5,15,15,zero,
manual_screen,base,1,197,2,5,18.0,0,18,3,3,zero,
manual_screen,base,1,198,0,6,9.0,0,9,10,10,zero,
manual_screen,base,1,198,1,6,14.0,0,14,15,15,zero,
manual_screen,base,1,198,2,6,33.0,0,33,20,20,zero,
manual_screen,base,1,199,0,5,12.0,0,12,10,10,zero,
manual_screen,base,1,199,1,5,11.0,0,11,15,15,zero,
manual_screen,base,1,199,2,5,48.0,0,48,20,20,zero,
manual_screen,base,1,200,0,4,6.0,0,6,6,6,zero,
manual_screen,base,1,200,1,4,17.0,0,17,15,15,zero,
manual_screen,base,1,200,2,4,43.0,0,43,20,20,zero,
manual_screen,shock,0,1,0,10,10.0,10,0,10,10,zero,
manual_screen,shock,0,1,1,10,10.0,10,0,15,15,zero,
manual_screen,shock,0,1,2,10,5.0,5,0,0,0,zero,
manual_screen,shock,0,2,0,11,9.0,9,0,10,10,zero,
manual_screen,shock,0,2,1,11,10.0,10,0,1,1,zero,
manual_screen,shock,0,2,2,11,14.0,14,0,20,20,zero,
manual_screen,shock,0,3,0,11,8.0,8,0,19,19,zero,
manual_screen,shock,0,3,1,11,1.0,1,0,15,15,zero,
manual_screen,shock,0,3,2,11,9.0,9,0,3,3,zero,
manual_screen,shock,0,4,0,11,7.0,7,0,6,6,zero,
manual_screen,shock,0,4,1,11,5.0,5,0,15,15,zero,
manual_screen,shock,0,4,2,11,4.0,4,0,20,20,zero,
manual_screen,shock,0,5,0,11,6.0,6,0,10,10,zero,
manual_screen,shock,0,5,1,11,10.0,10,0,15,15,zero,
manual_screen,shock,0,5,2,11,11.0,0,11,20,20,zero,
manual_screen,shock,0,6,0,10,6.0,6,0,6,6,zero,
manual_screen,shock,0,6,1,10,5.0,5,0,15,15,zero,
manual_screen,shock,0,6,2,10,6.0,0,6,20,20,zero,
manual_screen,shock,0,7,0,10,15.0,15,0,10,10,zero,
manual_screen,shock,0,7,1,10,10.0,10,0,3,3,zero,
manual_screen,shock,0,7,2,10,6.0,0,6,20,20,zero,
manual_screen,shock,0,8,0,10,11.0,11,0,6,6,zero,
manual_screen,shock,0,8,1,10,19.0,19,0,15,15,zero,
manual_screen,shock,0,8,2,10,1.0,0,1,0,0,zero,
manual_screen,shock,0,9,0,11,10.0,10,0,19,19,zero,
manual_screen,shock,0,9,1,11,4.0,4,0,0,0,zero,
manual_screen,shock,0,9,2,11,19.0,19,0,0,0,zero,
manual_screen,shock,0,10,0,12,4.0,4,0,9,9,zero,
manual_screen,shock,0,10,1,12,15.0,15,0,15,15,zero,
manual_screen,shock,0,10,2,12,24.0,24,0,0,0,zero,
manual_screen,shock,0,11,0,13,1.0,1,0,9,9,zero,
manual_screen,shock,0,11,1,13,9.0,9,0,3,3,zero,
manual_screen,shock,0,11,2,13,41.0,41,0,1,1,zero,
manual_screen,shock,0,12,0,11,4.0,0,4,10,10,zero,
manual_screen,shock,0,12,1,11,19.0,19,0,15,15,zero,
manual_screen,shock,0,12,2,11,26.0,26,0,0,0,zero,
manual_screen,shock,0,13,0,11,4.0,4,0,10,10,zero,
manual_screen,shock,0,13,1,11,10.0,10,0,3,3,zero,
manual_screen,shock,0,13,2,11,23.0,23,0,20,20,zero,
manual_screen,shock,0,14,0,13,-0.0,0,0,19,19,zero,
manual_screen,shock,0,14,1,13,6.0,6,0,15,15,zero,
manual_screen,shock,0,14,2,13,8.0,8,0,3,3,zero,
manual_screen,shock,0,15,0,12,3.0,0,3,9,9,zero,
manual_screen,shock,0,15,1,12,-0.0,0,0,15,15,zero,
manual_screen,shock,0,15,2,12,6.0,0,6,20,20,zero,
manual_screen,shock,0,16,0,13,6.0,0,6,19,19,zero,
manual_screen,shock,0,16,1,13,4.0,0,4,15,15,zero,
manual_screen,shock,0,16,2,13,21.0,0,21,20,20,zero,
manual_screen,shock,0,17,0,12,8.0,0,8,10,10,zero,
manual_screen,shock,0,17,1,12,11.0,0,11,15,15,zero,
manual_screen,shock,0,17,2,12,16.0,0,16,20,20,zero,
manual_screen,shock,0,18,0,14,3.0,0,3,10,10,zero,
manual_screen,shock,0,18,1,14,6.0,0,6,15,15,zero,
manual_screen,shock,0,18,2,14,28.0,0,28,20,20,zero,
manual_screen,shock,0,19,0,13,7.0,0,7,10,10,zero,
manual_screen,shock,0,19,1,13,7.0,0,7,15,15,zero,
manual_screen,shock,0,19,2,13,23.0,0,23,16,16,zero,
manual_screen,shock,0,20,0,12,4.0,0,4,19,19,zero,
manual_screen,shock,0,20,1,12,26.0,0,26,15,15,zero,
manual_screen,shock,0,20,2,12,18.0,0,18,16,16,zero,
manual_screen,shock,0,21,0,12,13.0,0,13,19,19,zero,
manual_screen,shock,0,21,1,12,25.0,0,25,18,18,zero,
manual_screen,shock,0,21,2,12,16.0,0,16,16,16,zero,
manual_screen,shock,0,22,0,11,9.0,0,9,10,10,zero,
manual_screen,shock,0,22,1,11,32.0,0,32,18,18,zero,
manual_screen,shock,0,22,2,11,14.0,0,14,20,20,zero,
manual_screen,shock,0,23,0,10,10.0,0,10,19,19,zero,
manual_screen,shock,0,23,1,10,31.0,0,31,3,3,zero,
manual_screen,shock,0,23,2,10,1.0,0,1,20,20,zero,
manual_screen,shock,0,24,0,10,20.0,0,20,10,10,zero,
manual_screen,shock,0,24,1,10,21.0,0,21,18,18,zero,
manual_screen,shock,0,24,2,10,3.0,0,3,1,1,zero,
manual_screen,shock,0,25,0,11,11.0,0,11,6,6,zero,
manual_screen,shock,0,25,1,11,7.0,0,7,18,18,zero,
manual_screen,shock,0,25,2,11,5.0,0,5,16,16,zero,
manual_screen,shock,0,26,0,11,19.0,0,19,6,6,zero,
manual_screen,shock,0,26,1,11,7.0,7,0,0,0,zero,
manual_screen,shock,0,26,2,11,15.0,15,0,20,20,zero,
manual_screen,shock,0,27,0,11,10.0,0,10,6,6,zero,
manual_screen,shock,0,27,1,11,17.0,17,0,0,0,zero,
manual_screen,shock,0,27,2,11,35.0,35,0,0,0,zero,
manual_screen,shock,0,28,0,10,-0.0,0,0,6,6,zero,
manual_screen,shock,0,28,1,10,27.0,27,0,0,0,zero,
manual_screen,shock,0,28,2,10,36.0,36,0,0,0,zero,
manual_screen,shock,0,29,0,11,9.0,9,0,10,10,zero,
manual_screen,shock,0,29,1,11,33.0,33,0,12,12,zero,
manual_screen,shock,0,29,2,11,40.0,40,0,0,0,zero,
manual_screen,shock,0,30,0,12,10.0,10,0,19,19,zero,
manual_screen,shock,0,30,1,12,19.0,19,0,12,12,zero,
manual_screen,shock,0,30,2,12,48.0,48,0,0,0,zero,
manual_screen,shock,0,31,0,10,6.0,6,0,9,9,zero,
manual_screen,shock,0,31,1,10,10.0,10,0,18,18,zero,
manual_screen,shock,0,31,2,10,30.0,30,0,1,1,zero,
manual_screen,shock,0,32,0,10,2.0,2,0,10,10,zero,
manual_screen,shock,0,32,1,10,-0.0,0,0,3,3,zero,
manual_screen,shock,0,32,2,10,27.0,27,0,20,20,zero,
manual_screen,shock,0,33,0,11,1.0,1,0,6,6,zero,
manual_screen,shock,0,33,1,11,6.0,6,0,15,15,zero,
manual_screen,shock,0,33,2,11,12.0,12,0,3,3,zero,
manual_screen,shock,0,34,0,12,8.0,8,0,10,10,zero,
manual_screen,shock,0,34,1,12,8.0,8,0,3,3,zero,
manual_screen,shock,0,34,2,12,9.0,9,0,20,20,zero,
manual_screen,shock,0,35,0,11,6.0,6,0,19,19,zero,
manual_screen,shock,0,35,1,11,7.0,7,0,15,15,zero,
manual_screen,shock,0,35,2,11,5.0,0,5,3,3,zero,
manual_screen,shock,0,36,0,11,5.0,5,0,9,9,zero,
manual_screen,shock,0,36,1,11,1.0,1,0,15,15,zero,
manual_screen,shock,0,36,2,11,-0.0,0,0,20,20,zero,
manual_screen,shock,0,37,0,11,-0.0,0,0,10,10,zero,
manual_screen,shock,0,37,1,11,6.0,6,0,15,15,zero,
manual_screen,shock,0,37,2,11,12.0,0,12,20,20,zero,
manual_screen,shock,0,38,0,10,-0.0,0,0,6,6,zero,
manual_screen,shock,0,38,1,10,3.0,3,0,15,15,zero,
manual_screen,shock,0,38,2,10,7.0,0,7,20,20,zero,
manual_screen,shock,0,39,0,12,7.0,7,0,10,10,zero,
manual_screen,shock,0,39,1,12,3.0,3,0,3,3,zero,
manual_screen,shock,0,39,2,12,7.0,0,7,20,20,zero,
manual_screen,shock,0,40,0,13,3.0,3,0,19,19,zero,
manual_screen,shock,0,40,1,13,4.0,4,0,15,15,zero,
manual_screen,shock,0,40,2,13,2.0,0,2,0,0,zero,
manual_screen,shock,0,41,0,13,-0.0,0,0,9,9,zero,
manual_screen,shock,0,41,1,13,2.0,0,2,15,15,zero,
manual_screen,shock,0,41,2,13,3.0,3,0,0,0,zero,
manual_screen,shock,0,42,0,11,5.0,0,5,19,19,zero,
manual_screen,shock,0,42,1,11,1.0,0,1,15,15,zero,
manual_screen,shock,0,42,2,11,8.0,8,0,20,20,zero,
manual_screen,shock,0,43,0,11,6.0,0,6,6,6,zero,
manual_screen,shock,0,43,1,11,4.0,0,4,18,18,zero,
manual_screen,shock,0,43,2,11,10.0,10,0,20,20,zero,
manual_screen,shock,0,44,0,13,-0.0,0,0,10,10,zero,
manual_screen,shock,0,44,1,13,6.0,6,0,3,3,zero,
manual_screen,shock,0,44,2,13,7.0,7,0,20,20,zero,
manual_screen,shock,0,45,0,14,7.0,0,7,10,10,zero,
manual_screen,shock,0,45,1,14,13.0,13,0,15,15,zero,
manual_screen,shock,0,45,2,14,8.0,0,8,0,0,zero,
manual_screen,shock,0,46,0,13,-0.0,0,0,19,19,zero,
manual_screen,shock,0,46,1,13,9.0,9,0,15,15,zero,
manual_screen,shock,0,46,2,13,3.0,0,3,0,0,zero,
manual_screen,shock,0,47,0,14,11.0,0,11,9,9,zero,
manual_screen,shock,0,47,1,14,18.0,18,0,15,15,zero,
manual_screen,shock,0,47,2,14,2.0,2,0,20,20,zero,
manual_screen,shock,0,48,0,14,11.0,0,11,19,19,zero,
manual_screen,shock,0,48,1,14,2.0,2,0,3,3,zero,
manual_screen,shock,0,48,2,14,19.0,19,0,20,20,zero,
manual_screen,shock,0,49,0,16,17.0,0,17,10,10,zero,
manual_screen,shock,0,49,1,16,1.0,0,1,15,15,zero,
manual_screen,shock,0,49,2,16,4.0,4,0,0,0,zero,
manual_screen,shock,0,50,0,18,16.0,0,16,19,19,zero,
manual_screen,shock,0,50,1,18,-0.0,0,0,15,15,zero,
manual_screen,shock,0,50,2,18,11.0,0,11,20,20,zero,
manual_screen,shock,0,51,0,20,27.0,0,27,19,19,zero,
manual_screen,shock,0,51,1,20,1.0,0,1,15,15,zero,
manual_screen,shock,0,51,2,20,6.0,0,6,20,20,zero,
manual_screen,shock,0,52,0,20,28.0,0,28,19,19,zero,
manual_screen,shock,0,52,1,20,17.0,0,17,15,15,zero,
manual_screen,shock,0,52,2,20,1.0,0,1,20,20,zero,
manual_screen,shock,0,53,0,18,37.0,0,37,19,19,zero,
manual_screen,shock,0,53,1,18,21.0,0,21,18,18,zero,
manual_screen,shock,0,53,2,18,19.0,0,19,20,20,zero,
manual_screen,shock,0,54,0,19,36.0,0,36,10,10,zero,
manual_screen,shock,0,54,1,19,27.0,0,27,18,18,zero,
manual_screen,shock,0,54,2,19,17.0,0,17,16,16,zero,
manual_screen,shock,0,55,0,17,35.0,0,35,19,19,zero,
manual_screen,shock,0,55,1,17,26.0,0,26,15,15,zero,
manual_screen,shock,0,55,2,17,12.0,0,12,20,20,zero,
manual_screen,shock,0,56,0,17,49.0,0,49,19,19,zero,
manual_screen,shock,0,56,1,17,25.0,0,25,18,18,zero,
manual_screen,shock,0,56,2,17,10.0,0,10,16,16,zero,
manual_screen,shock,0,57,0,19,53.0,0,53,19,19,zero,
manual_screen,shock,0,57,1,19,44.0,0,44,18,18,zero,
manual_screen,shock,0,57,2,19,8.0,0,8,20,20,zero,
manual_screen,shock,0,58,0,17,66.0,0,66,17,17,zero,
manual_screen,shock,0,58,1,17,41.0,0,41,18,18,zero,
manual_screen,shock,0,58,2,17,10.0,0,10,20,20,zero,
manual_screen,shock,0,59,0,18,64.0,0,64,17,17,zero,
manual_screen,shock,0,59,1,18,38.0,0,38,18,18,zero,
manual_screen,shock,0,59,2,18,8.0,0,8,20,20,zero,
manual_screen,shock,0,60,0,17,61.0,0,61,17,17,zero,
manual_screen,shock,0,60,1,17,35.0,0,35,18,18,zero,
manual_screen,shock,0,60,2,17,10.0,0,10,20,20,zero,
manual_screen,shock,0,61,0,17,78.0,0,78,17,17,zero,
manual_screen,shock,0,61,1,17,32.0,0,32,18,18,zero,
manual_screen,shock,0,61,2,17,8.0,0,8,16,16,zero,
manual_screen,shock,0,62,0,16,74.0,0,74,17,17,zero,
manual_screen,shock,0,62,1,16,33.0,0,33,18,18,zero,
manual_screen,shock,0,62,2,16,6.0,0,6,20,20,zero,
manual_screen,shock,0,63,0,17,71.0,0,71,17,17,zero,
manual_screen,shock,0,63,1,17,30.0,0,30,18,18,zero,
manual_screen,shock,0,63,2,17,4.0,0,4,20,20,zero,
manual_screen,shock,0,64,0,16,67.0,0,67,17,17,zero,
manual_screen,shock,0,64,1,16,31.0,0,31,18,18,zero,
manual_screen,shock,0,64,2,16,2.0,0,2,20,20,zero,
manual_screen,shock,0,65,0,16,63.0,0,63,17,17,zero,
manual_screen,shock,0,65,1,16,28.0,0,28,18,18,zero,
manual_screen,shock,0,65,2,16,4.0,0,4,16,16,zero,
manual_screen,shock,0,66,0,17,64.0,0,64,17,17,zero,
manual_screen,shock,0,66,1,17,25.0,0,25,18,18,zero,
manual_screen,shock,0,66,2,17,2.0,0,2,16,16,zero,
manual_screen,shock,0,67,0,18,62.0,0,62,17,17,zero,
manual_screen,shock,0,67,1,18,22.0,0,22,18,18,zero,
manual_screen,shock,0,67,2,18,-0.0,0,0,16,16,zero,
manual_screen,shock,0,68,0,16,62.0,0,62,17,17,zero,
manual_screen,shock,0,68,1,16,19.0,0,19,18,18,zero,
manual_screen,shock,0,68,2,16,2.0,2,0,20,20,zero,
manual_screen,shock,0,69,0,18,60.0,0,60,17,17,zero,
manual_screen,shock,0,69,1,18,20.0,0,20,18,18,zero,
manual_screen,shock,0,69,2,18,-0.0,0,0,20,20,zero,
manual_screen,shock,0,70,0,15,55.0,0,55,17,17,zero,
manual_screen,shock,0,70,1,15,17.0,0,17,18,18,zero,
manual_screen,shock,0,70,2,15,2.0,0,2,16,16,zero,
manual_screen,shock,0,71,0,14,49.0,0,49,10,10,zero,
manual_screen,shock,0,71,1,14,7.0,0,7,18,18,zero,
manual_screen,shock,0,71,2,14,4.0,0,4,16,16,zero,
manual_screen,shock,0,72,0,15,44.0,0,44,10,10,zero,
manual_screen,shock,0,72,1,15,1.0,1,0,18,18,zero,
manual_screen,shock,0,72,2,15,2.0,0,2,20,20,zero,
manual_screen,shock,0,73,0,14,42.0,0,42,19,19,zero,
manual_screen,shock,0,73,1,14,-0.0,0,0,18,18,zero,
manual_screen,shock,0,73,2,14,-0.0,0,0,20,20,zero,
manual_screen,shock,0,74,0,13,35.0,0,35,10,10,zero,
manual_screen,shock,0,74,1,13,6.0,6,0,18,18,zero,
manual_screen,shock,0,74,2,13,2.0,0,2,16,16,zero,
manual_screen,shock,0,75,0,13,28.0,0,28,10,10,zero,
manual_screen,shock,0,75,1,13,12.0,12,0,18,18,zero,
manual_screen,shock,0,75,2,13,4.0,0,4,16,16,zero,
manual_screen,shock,0,76,0,12,23.0,0,23,10,10,zero,
manual_screen,shock,0,76,1,12,22.0,22,0,0,0,zero,
manual_screen,shock,0,76,2,12,16.0,16,0,20,20,zero,
manual_screen,shock,0,77,0,13,17.0,0,17,10,10,zero,
manual_screen,shock,0,77,1,13,32.0,32,0,3,3,zero,
manual_screen,shock,0,77,2,13,33.0,33,0,0,0,zero,
manual_screen,shock,0,78,0,12,19.0,0,19,19,19,zero,
manual_screen,shock,0,78,1,12,29.0,29,0,12,12,zero,
manual_screen,shock,0,78,2,12,37.0,37,0,0,0,zero,
manual_screen,shock,0,79,0,14,23.0,0,23,10,10,zero,
manual_screen,shock,0,79,1,14,35.0,35,0,18,18,zero,
manual_screen,shock,0,79,2,14,35.0,35,0,0,0,zero,
manual_screen,shock,0,80,0,15,28.0,0,28,19,19,zero,
manual_screen,shock,0,80,1,15,20.0,20,0,15,15,zero,
manual_screen,shock,0,80,2,15,40.0,40,0,16,16,zero,
manual_screen,shock,0,81,0,14,32.0,0,32,19,19,zero,
manual_screen,shock,0,81,1,14,4.0,4,0,15,15,zero,
manual_screen,shock,0,81,2,14,25.0,25,0,20,20,zero,
manual_screen,shock,0,82,0,13,26.0,0,26,10,10,zero,
manual_screen,shock,0,82,1,13,6.0,6,0,15,15,zero,
manual_screen,shock,0,82,2,13,10.0,10,0,20,20,zero,
manual_screen,shock,0,83,0,12,28.0,0,28,19,19,zero,
manual_screen,shock,0,83,1,12,5.0,5,0,15,15,zero,
manual_screen,shock,0,83,2,12,5.0,0,5,20,20,zero,
manual_screen,shock,0,84,0,11,20.0,0,20,10,10,zero,
manual_screen,shock,0,84,1,11,10.0,10,0,15,15,zero,
manual_screen,shock,0,84,2,11,4.0,0,4,0,0,zero,
manual_screen,shock,0,85,0,11,12.0,0,12,10,10,zero,
manual_screen,shock,0,85,1,11,15.0,15,0,15,15,zero,
manual_screen,shock,0,85,2,11,1.0,1,0,0,0,zero,
manual_screen,shock,0,86,0,12,14.0,0,14,10,10,zero,
manual_screen,shock,0,86,1,12,20.0,20,0,3,3,zero,
manual_screen,shock,0,86,2,12,18.0,18,0,20,20,zero,
manual_screen,shock,0,87,0,15,10.0,0,10,10,10,zero,
manual_screen,shock,0,87,1,15,20.0,20,0,3,3,zero,
manual_screen,shock,0,87,2,15,35.0,35,0,3,3,zero,
manual_screen,shock,0,88,0,14,14.0,0,14,19,19,zero,
manual_screen,shock,0,88,1,14,17.0,17,0,15,15,zero,
manual_screen,shock,0,88,2,14,20.0,20,0,0,0,zero,
manual_screen,shock,0,89,0,15,19.0,0,19,19,19,zero,
manual_screen,shock,0,89,1,15,17.0,17,0,15,15,zero,
manual_screen,shock,0,89,2,15,5.0,5,0,16,16,zero,
manual_screen,shock,0,90,0,15,24.0,0,24,19,19,zero,
manual_screen,shock,0,90,1,15,1.0,1,0,15,15,zero,
manual_screen,shock,0,90,2,15,10.0,10,0,20,20,zero,
manual_screen,shock,0,91,0,15,29.0,0,29,17,17,zero,
manual_screen,shock,0,91,1,15,13.0,0,13,15,15,zero,
manual_screen,shock,0,91,2,15,2.0,0,2,20,20,zero,
manual_screen,shock,0,92,0,14,24.0,0,24,19,19,zero,
manual_screen,shock,0,92,1,14,17.0,0,17,18,18,zero,
manual_screen,shock,0,92,2,14,20.0,0,20,20,20,zero,
manual_screen,shock,0,93,0,14,19.0,0,19,10,10,zero,
manual_screen,shock,0,93,1,14,12.0,0,12,18,18,zero,
manual_screen,shock,0,93,2,14,22.0,0,22,20,20,zero,
manual_screen,shock,0,94,0,13,13.0,0,13,19,19,zero,
manual_screen,shock,0,94,1,13,16.0,0,16,15,15,zero,
manual_screen,shock,0,94,2,13,17.0,0,17,16,16,zero,
manual_screen,shock,0,95,0,14,23.0,0,23,19,19,zero,
manual_screen,shock,0,95,1,14,22.0,0,22,18,18,zero,
manual_screen,shock,0,95,2,14,15.0,0,15,16,16,zero,
manual_screen,shock,0,96,0,16,24.0,0,24,19,19,zero,
manual_screen,shock,0,96,1,16,41.0,0,41,18,18,zero,
manual_screen,shock,0,96,2,16,13.0,0,13,20,20,zero,
manual_screen,shock,0,97,0,15,24.0,0,24,19,19,zero,
manual_screen,shock,0,97,1,15,44.0,0,44,18,18,zero,
manual_screen,shock,0,97,2,15,11.0,0,11,20,20,zero,
manual_screen,shock,0,98,0,12,21.0,0,21,10,10,zero,
manual_screen,shock,0,98,1,12,34.0,0,34,18,18,zero,
manual_screen,shock,0,98,2,12,13.0,0,13,20,20,zero,
manual_screen,shock,0,99,0,20,28.0,0,28,10,10,zero,
manual_screen,shock,0,99,1,20,24.0,0,24,3,3,zero,
manual_screen,shock,0,99,2,20,-0.0,0,0,20,20,zero,
manual_screen,shock,0,100,0,20,48.0,0,48,19,19,zero,
manual_screen,shock,0,100,1,20,23.0,0,23,3,3,zero,
manual_screen,shock,0,100,2,20,17.0,17,0,1,1,zero,
manual_screen,shock,0,101,0,20,52.0,0,52,19,19,zero,101
manual_screen,shock,0,101,1,20,22.0,0,22,18,18,zero,101
manual_screen,shock,0,101,2,20,19.0,19,0,0,0,zero,101
manual_screen,shock,0,102,0,20,52.0,0,52,19,19,zero,101
manual_screen,shock,0,102,1,20,25.0,0,25,18,18,zero,101
manual_screen,shock,0,102,2,20,21.0,21,0,16,16,zero,101
manual_screen,shock,0,103,0,20,52.0,0,52,19,19,zero,101
manual_screen,shock,0,103,1,20,28.0,0,28,18,18,zero,101
manual_screen,shock,0,103,2,20,23.0,23,0,20,20,zero,101
manual_screen,shock,0,104,0,17,49.0,0,49,19,19,zero,101
manual_screen,shock,0,104,1,17,44.0,0,44,18,18,zero,101
manual_screen,shock,0,104,2,17,6.0,6,0,20,20,zero,101
manual_screen,shock,0,105,0,15,44.0,0,44,19,19,zero,101
manual_screen,shock,0,105,1,15,45.0,0,45,18,18,zero,101
manual_screen,shock,0,105,2,15,12.0,0,12,20,20,zero,101
manual_screen,shock,0,106,0,15,43.0,0,43,10,10,zero,101
manual_screen,shock,0,106,1,15,37.0,0,37,18,18,zero,101
manual_screen,shock,0,106,2,15,14.0,0,14,20,20,zero,101
manual_screen,shock,0,107,0,14,41.0,0,41,19,19,zero,101
manual_screen,shock,0,107,1,14,38.0,0,38,18,18,zero,101
manual_screen,shock,0,107,2,14,12.0,0,12,16,16,zero,101
manual_screen,shock,0,108,0,14,52.0,0,52,17,17,zero,101
manual_screen,shock,0,108,1,14,37.0,0,37,18,18,zero,101
manual_screen,shock,0,108,2,14,10.0,0,10,16,16,zero,101
manual_screen,shock,0,109,0,14,48.0,0,48,10,10,zero,101
manual_screen,shock,0,109,1,14,41.0,0,41,18,18,zero,101
manual_screen,shock,0,109,2,14,8.0,0,8,20,20,zero,101
manual_screen,shock,0,110,0,14,44.0,0,44,17,17,zero,101
manual_screen,shock,0,110,1,14,42.0,0,42,18,18,zero,101
manual_screen,shock,0,110,2,14,6.0,0,6,20,20,zero,101
manual_screen,shock,0,111,0,18,44.0,0,44,10,10,zero,101
manual_screen,shock,0,111,1,18,32.0,0,32,18,18,zero,101
manual_screen,shock,0,111,2,18,8.0,0,8,20,20,zero,101
manual_screen,shock,0,112,0,18,44.0,0,44,19,19,zero,101
manual_screen,shock,0,112,1,18,31.0,0,31,18,18,zero,101
manual_screen,shock,0,112,2,18,10.0,0,10,20,20,zero,101
manual_screen,shock,0,113,0,17,55.0,0,55,19,19,zero,101
manual_screen,shock,0,113,1,17,30.0,0,30,18,18,zero,101
manual_screen,shock,0,113,2,17,8.0,0,8,16,16,zero,101
manual_screen,shock,0,114,0,18,57.0,0,57,17,17,zero,101
manual_screen,shock,0,114,1,18,27.0,0,27,18,18,zero,101
manual_screen,shock,0,114,2,18,6.0,0,6,20,20,zero,101
manual_screen,shock,0,115,0,18,55.0,0,55,19,19,zero,101
manual_screen,shock,0,115,1,18,30.0,0,30,18,18,zero,101
manual_screen,shock,0,115,2,18,4.0,0,4,20,20,zero,101
manual_screen,shock,0,116,0,20,55.0,0,55,19,19,zero,101
manual_screen,shock,0,116,1,20,33.0,0,33,18,18,zero,101
manual_screen,shock,0,116,2,20,2.0,0,2,20,20,zero,101
manual_screen,shock,0,117,0,20,55.0,0,55,19,19,zero,101
manual_screen,shock,0,117,1,20,32.0,0,32,18,18,zero,101
manual_screen,shock,0,117,2,20,4.0,0,4,16,16,zero,101
manual_screen,shock,0,118,0,20,55.0,0,55,19,19,zero,101
manual_screen,shock,0,118,1,20,31.0,0,31,18,18,zero,101
manual_screen,shock,0,118,2,20,2.0,0,2,16,16,zero,101
manual_screen,shock,0,119,0,20,59.0,0,59,19,19,zero,101
manual_screen,shock,0,119,1,20,30.0,0,30,18,18,zero,101
manual_screen,shock,0,119,2,20,-0.0,0,0,16,16,zero,101
manual_screen,shock,0,120,0,20,63.0,0,63,17,17,zero,101
manual_screen,shock,0,120,1,20,27.0,0,27,18,18,zero,101
manual_screen,shock,0,120,2,20,2.0,2,0,20,20,zero,101
manual_screen,shock,0,121,0,20,63.0,0,63,17,17,zero,101
manual_screen,shock,0,121,1,20,28.0,0,28,18,18,zero,101
manual_screen,shock,0,121,2,20,-0.0,0,0,20,20,zero,101
manual_screen,shock,0,122,0,20,63.0,0,63,17,17,zero,101
manual_screen,shock,0,122,1,20,25.0,0,25,18,18,zero,101
manual_screen,shock,0,122,2,20,2.0,0,2,16,16,zero,101
manual_screen,shock,0,123,0,20,63.0,0,63,17,17,zero,101
manual_screen,shock,0,123,1,20,22.0,0,22,18,18,zero,101
manual_screen,shock,0,123,2,20,4.0,0,4,16,16,zero,101
manual_screen,shock,0,124,0,20,63.0,0,63,17,17,zero,101
manual_screen,shock,0,124,1,20,21.0,0,21,18,18,zero,101
manual_screen,shock,0,124,2,20,2.0,0,2,20,20,zero,101
manual_screen,shock,0,125,0,20,67.0,0,67,17,17,zero,101
manual_screen,shock,0,125,1,20,20.0,0,20,18,18,zero,101
manual_screen,shock,0,125,2,20,-0.0,0,0,20,20,zero,101
manual_screen,shock,0,126,0,20,67.0,0,67,17,17,zero,101
manual_screen,shock,0,126,1,20,21.0,0,21,18,18,zero,101
manual_screen,shock,0,126,2,20,2.0,0,2,16,16,zero,101
manual_screen,shock,0,127,0,20,67.0,0,67,17,17,zero,101
manual_screen,shock,0,127,1,20,22.0,0,22,18,18,zero,101
manual_screen,shock,0,127,2,20,4.0,0,4,16,16,zero,101
manual_screen,shock,0,128,0,20,69.0,0,69,17,17,zero,101
manual_screen,shock,0,128,1,20,19.0,0,19,18,18,zero,101
manual_screen,shock,0,128,2,20,2.0,0,2,20,20,zero,101
manual_screen,shock,0,129,0,20,71.0,0,71,17,17,zero,101
manual_screen,shock,0,129,1,20,16.0,0,16,18,18,zero,101
manual_screen,shock,0,129,2,20,-0.0,0,0,20,20,zero,101
manual_screen,shock,0,130,0,20,75.0,0,75,17,17,zero,101
manual_screen,shock,0,130,1,20,17.0,0,17,18,18,zero,101
manual_screen,shock,0,130,2,20,2.0,0,2,16,16,zero,101
manual_screen,shock,0,131,0,20,79.0,0,79,17,17,zero,101
manual_screen,shock,0,131,1,20,18.0,0,18,18,18,zero,101
manual_screen,shock,0,131,2,20,4.0,0,4,16,16,zero,101
manual_screen,shock,0,132,0,20,79.0,0,79,17,17,zero,101
manual_screen,shock,0,132,1,20,15.0,0,15,18,18,zero,101
manual_screen,shock,0,132,2,20,2.0,0,2,20,20,zero,101
manual_screen,shock,0,133,0,20,79.0,0,79,17,17,zero,101
manual_screen,shock,0,133,1,20,12.0,0,12,18,18,zero,101
manual_screen,shock,0,133,2,20,-0.0,0,0,20,20,zero,101
manual_screen,shock,0,134,0,20,83.0,0,83,17,17,zero,101
manual_screen,shock,0,134,1,20,13.0,0,13,18,18,zero,101
manual_screen,shock,0,134,2,20,2.0,0,2,16,16,zero,101
manual_screen,shock,0,135,0,20,87.0,0,87,17,17,zero,101
manual_screen,shock,0,135,1,20,14.0,0,14,18,18,zero,101
manual_screen,shock,0,135,2,20,4.0,0,4,16,16,zero,101
manual_screen,shock,0,136,0,20,87.0,0,87,17,17,zero,101
manual_screen,shock,0,136,1,20,11.0,0,11,18,18,zero,101
manual_screen,shock,0,136,2,20,2.0,0,2,20,20,zero,101
manual_screen,shock,0,137,0,20,87.0,0,87,17,17,zero,101
manual_screen,shock,0,137,1,20,8.0,0,8,18,18,zero,101
manual_screen,shock,0,137,2,20,-0.0,0,0,20,20,zero,101
manual_screen,shock,0,138,0,20,91.0,0,91,17,17,zero,101
manual_screen,shock,0,138,1,20,9.0,0,9,18,18,zero,101
manual_screen,shock,0,138,2,20,2.0,0,2,16,16,zero,101
manual_screen,shock,0,139,0,20,95.0,0,95,17,17,zero,101
manual_screen,shock,0,139,1,20,10.0,0,10,18,18,zero,101
manual_screen,shock,0,139,2,20,4.0,0,4,16,16,zero,101
manual_screen,shock,0,140,0,20,95.0,0,95,17,17,zero,101
manual_screen,shock,0,140,1,20,7.0,0,7,18,18,zero,101
manual_screen,shock,0,140,2,20,2.0,0,2,20,20,zero,101
manual_screen,shock,0,141,0,20,95.0,0,95,17,17,zero,101
manual_screen,shock,0,141,1,20,4.0,0,4,18,18,zero,101
manual_screen,shock,0,141,2,20,-0.0,0,0,20,20,zero,101
manual_screen,shock,0,142,0,20,99.0,0,99,17,17,zero,101
manual_screen,shock,0,142,1,20,5.0,0,5,18,18,zero,101
manual_screen,shock,0,142,2,20,2.0,0,2,16,16,zero,101
manual_screen,shock,0,143,0,20,103.0,0,103,17,17,zero,101
manual_screen,shock,0,143,1,20,6.0,0,6,18,18,zero,101
manual_screen,shock,0,143,2,20,4.0,0,4,16,16,zero,101
manual_screen,shock,0,144,0,20,103.0,0,103,17,17,zero,101
manual_screen,shock,0,144,1,20,3.0,0,3,18,18,zero,101
manual_screen,shock,0,144,2,20,2.0,0,2,20,20,zero,101
manual_screen,shock,0,145,0,20,103.0,0,103,17,17,zero,101
manual_screen,shock,0,145,1,20,-0.0,0,0,18,18,zero,101
manual_screen,shock,0,145,2,20,-0.0,0,0,20,20,zero,101
manual_screen,shock,0,146,0,20,107.0,0,107,17,20,manual,101
manual_screen,shock,0,146,1,20,4.0,0,4,18,18,manual,101
manual_screen,shock,0,146,2,20,2.0,0,2,16,16,manual,101
manual_screen,shock,0,147,0,19,110.0,0,110,17,20,manual,101
manual_screen,shock,0,147,1,19,8.0,0,8,18,18,manual,101
manual_screen,shock,0,147,2,19,4.0,0,4,16,16,manual,101
manual_screen,shock,0,148,0,17,107.0,0,107,17,20,manual,101
manual_screen,shock,0,148,1,17,8.0,0,8,18,20,manual,101
manual_screen,shock,0,148,2,17,4.0,0,4,20,20,manual,101
manual_screen,shock,0,149,0,18,105.0,0,105,17,20,manual,101
manual_screen,shock,0,149,1,18,8.0,0,8,18,20,manual,101
manual_screen,shock,0,149,2,18,4.0,0,4,20,20,manual,101
manual_screen,shock,0,150,0,17,106.0,0,106,17,20,manual,101
manual_screen,shock,0,150,1,17,12.0,0,12,18,20,manual,101
manual_screen,shock,0,150,2,17,8.0,0,8,20,20,manual,101
manual_screen,shock,0,151,0,19,109.0,0,109,17,17,zero,101
manual_screen,shock,0,151,1,19,13.0,0,13,18,18,zero,101
manual_screen,shock,0,151,2,19,10.0,0,10,20,20,zero,101
manual_screen,shock,0,152,0,18,107.0,0,107,17,17,zero,101
manual_screen,shock,0,152,1,18,10.0,0,10,18,18,zero,101
manual_screen,shock,0,152,2,18,8.0,0,8,20,20,zero,101
manual_screen,shock,0,153,0,18,105.0,0,105,17,17,zero,101
manual_screen,shock,0,153,1,18,7.0,0,7,18,18,zero,101
manual_screen,shock,0,153,2,18,6.0,0,6,16,16,zero,101
manual_screen,shock,0,154,0,17,106.0,0,106,17,17,zero,101
manual_screen,shock,0,154,1,17,8.0,0,8,18,18,zero,101
manual_screen,shock,0,154,2,17,4.0,0,4,20,20,zero,101
manual_screen,shock,0,155,0,17,107.0,0,107,17,17,zero,101
manual_screen,shock,0,155,1,17,9.0,0,9,18,18,zero,101
manual_screen,shock,0,155,2,17,2.0,0,2,20,20,zero,101
manual_screen,shock,0,156,0,17,104.0,0,104,17,20,manual,101
manual_screen,shock,0,156,1,17,9.0,0,9,18,19,manual,101
manual_screen,shock,0,156,2,17,1.0,0,1,16,16,manual,101
manual_screen,shock,0,157,0,20,104.0,0,104,17,20,manual,101
manual_screen,shock,0,157,1,20,9.0,0,9,18,20,manual,101
manual_screen,shock,0,157,2,20,5.0,0,5,20,20,manual,101
manual_screen,shock,0,158,0,19,107.0,0,107,17,20,manual,101
manual_screen,shock,0,158,1,19,9.0,0,9,18,20,manual,101
manual_screen,shock,0,158,2,19,5.0,0,5,20,20,manual,101
manual_screen,shock,0,159,0,19,110.0,0,110,17,20,manual,101
manual_screen,shock,0,159,1,19,9.0,0,9,18,20,manual,101
manual_screen,shock,0,159,2,19,5.0,0,5,20,20,manual,101
manual_screen,shock,0,160,0,20,110.0,0,110,17,20,manual,101
manual_screen,shock,0,160,1,20,9.0,0,9,18,20,manual,101
manual_screen,shock,0,160,2,20,9.0,0,9,20,20,manual,101
manual_screen,shock,0,161,0,20,110.0,0,110,17,20,manual,101
manual_screen,shock,0,161,1,20,13.0,0,13,18,20,manual,101
manual_screen,shock,0,161,2,20,9.0,0,9,20,20,manual,101
manual_screen,shock,0,162,0,20,110.0,0,110,17,20,manual,101
manual_screen,shock,0,162,1,20,13.0,0,13,18,20,manual,101
manual_screen,shock,0,162,2,20,9.0,0,9,20,20,manual,101
manual_screen,shock,0,163,0,20,110.0,0,110,17,20,manual,101
manual_screen,shock,0,163,1,20,13.0,0,13,18,20,manual,101
manual_screen,shock,0,163,2,20,9.0,0,9,20,20,manual,101
manual_screen,shock,0,164,0,20,110.0,0,110,17,20,manual,101
manual_screen,shock,0,164,1,20,17.0,0,17,18,20,manual,101
manual_screen,shock,0,164,2,20,9.0,0,9,20,20,manual,101
manual_screen,shock,0,165,0,20,114.0,0,114,17,20,manual,101
manual_screen,shock,0,165,1,20,17.0,0,17,18,20,manual,101
manual_screen,shock,0,165,2,20,9.0,0,9,20,20,manual,101
manual_screen,shock,0,166,0,20,114.0,0,114,17,20,manual,101
manual_screen,shock,0,166,1,20,17.0,0,17,18,20,manual,101
manual_screen,shock,0,166,2,20,9.0,0,9,20,20,manual,101
manual_screen,shock,0,167,0,20,114.0,0,114,17,20,manual,101
manual_screen,shock,0,167,1,20,17.0,0,17,18,20,manual,101
manual_screen,shock,0,167,2,20,9.0,0,9,20,20,manual,101
manual_screen,shock,0,168,0,20,118.0,0,118,17,20,manual,101
manual_screen,shock,0,168,1,20,17.0,0,17,18,20,manual,101
manual_screen,shock,0,168,2,20,9.0,0,9,20,20,manual,101
manual_screen,shock,0,169,0,20,118.0,0,118,17,20,manual,101
manual_screen,shock,0,169,1,20,17.0,0,17,18,20,manual,101
manual_screen,shock,0,169,2,20,9.0,0,9,20,20,manual,101
manual_screen,shock,0,170,0,20,118.0,0,118,17,20,manual,101
manual_screen,shock,0,170,1,20,17.0,0,17,18,20,manual,101
manual_screen,shock,0,170,2,20,9.0,0,9,20,20,manual,101
manual_screen,shock,0,171,0,20,118.0,0,118,17,20,manual,101
manual_screen,shock,0,171,1,20,17.0,0,17,18,20,manual,101
manual_screen,shock,0,171,2,20,9.0,0,9,20,20,manual,101
manual_screen,shock,0,172,0,20,118.0,0,118,17,20,manual,101
manual_screen,shock,0,172,1,20,17.0,0,17,18,20,manual,101
manual_screen,shock,0,172,2,20,9.0,0,9,20,20,manual,101
manual_screen,shock,0,173,0,20,118.0,0,118,17,20,manual,101
manual_screen,shock,0,173,1,20,17.0,0,17,18,20,manual,101
manual_screen,shock,0,173,2,20,9.0,0,9,20,20,manual,101
manual_screen,shock,0,174,0,20,118.0,0,118,17,20,manual,101
manual_screen,shock,0,174,1,20,17.0,0,17,18,20,manual,101
manual_screen,shock,0,174,2,20,9.0,0,9,20,20,manual,101
manual_screen,shock,0,175,0,20,118.0,0,118,17,20,manual,101
manual_screen,shock,0,175,1,20,17.0,0,17,18,20,manual,101
manual_screen,shock,0,175,2,20,9.0,0,9,20,20,manual,101
manual_screen,shock,0,176,0,20,118.0,0,118,17,20,manual,101
manual_screen,shock,0,176,1,20,17.0,0,17,18,20,manual,101
manual_screen,shock,0,176,2,20,9.0,0,9,20,20,manual,101
manual_screen,shock,0,177,0,20,118.0,0,118,17,20,manual,101
manual_screen,shock,0,177,1,20,17.0,0,17,18,20,manual,101
manual_screen,shock,0,177,2,20,9.0,0,9,20,20,manual,101
manual_screen,shock,0,178,0,20,118.0,0,118,17,20,manual,101
manual_screen,shock,0,178,1,20,17.0,0,17,18,20,manual,101
manual_screen,shock,0,178,2,20,9.0,0,9,20,20,manual,101
manual_screen,shock,0,179,0,20,118.0,0,118,17,20,manual,101
manual_screen,shock,0,179,1,20,17.0,0,17,18,20,manual,101
manual_screen,shock,0,179,2,20,9.0,0,9,20,20,manual,101
manual_screen,shock,0,180,0,20,118.0,0,118,17,20,manual,101
manual_screen,shock,0,180,1,20,17.0,0,17,18,20,manual,101
manual_screen,shock,0,180,2,20,9.0,0,9,20,20,manual,101
manual_screen,shock,0,181,0,20,118.0,0,118,17,20,manual,101
manual_screen,shock,0,181,1,20,17.0,0,17,18,20,manual,101
manual_screen,shock,0,181,2,20,9.0,0,9,20,20,manual,101
manual_screen,shock,0,182,0,20,118.0,0,118,17,20,manual,101
manual_screen,shock,0,182,1,20,17.0,0,17,18,20,manual,101
manual_screen,shock,0,182,2,20,9.0,0,9,20,20,manual,101
manual_screen,shock,0,183,0,20,118.0,0,118,17,20,manual,101
manual_screen,shock,0,183,1,20,17.0,0,17,18,20,manual,101
manual_screen,shock,0,183,2,20,9.0,0,9,20,20,manual,101
manual_screen,shock,0,184,0,20,118.0,0,118,17,20,manual,101
manual_screen,shock,0,184,1,20,17.0,0,17,18,20,manual,101
manual_screen,shock,0,184,2,20,9.0,0,9,20,20,manual,101
manual_screen,shock,0,185,0,20,118.0,0,118,17,20,manual,101
manual_screen,shock,0,185,1,20,17.0,0,17,18,20,manual,101
manual_screen,shock,0,185,2,20,9.0,0,9,20,20,manual,101
manual_screen,shock,0,186,0,20,118.0,0,118,17,17,zero,101
manual_screen,shock,0,186,1,20,14.0,0,14,18,18,zero,101
manual_screen,shock,0,186,2,20,7.0,0,7,20,20,zero,101
manual_screen,shock,0,187,0,20,118.0,0,118,17,17,zero,101
manual_screen,shock,0,187,1,20,11.0,0,11,18,18,zero,101
manual_screen,shock,0,187,2,20,5.0,0,5,20,20,zero,101
manual_screen,shock,0,188,0,20,118.0,0,118,17,17,zero,101
manual_screen,shock,0,188,1,20,8.0,0,8,18,18,zero,101
manual_screen,shock,0,188,2,20,3.0,0,3,16,16,zero,101
manual_screen,shock,0,189,0,20,118.0,0,118,17,17,zero,101
manual_screen,shock,0,189,1,20,5.0,0,5,18,18,zero,101
manual_screen,shock,0,189,2,20,1.0,0,1,16,16,zero,101
manual_screen,shock,0,190,0,20,118.0,0,118,17,17,zero,101
manual_screen,shock,0,190,1,20,2.0,0,2,18,18,zero,101
manual_screen,shock,0,190,2,20,1.0,1,0,16,16,zero,101
manual_screen,shock,0,191,0,20,118.0,0,118,17,20,manual,101
manual_screen,shock,0,191,1,20,2.0,0,2,18,18,manual,101
manual_screen,shock,0,191,2,20,3.0,3,0,20,20,manual,101
manual_screen,shock,0,192,0,20,118.0,0,118,17,20,manual,101
manual_screen,shock,0,192,1,20,2.0,0,2,18,18,manual,101
manual_screen,shock,0,192,2,20,1.0,1,0,20,20,manual,101
manual_screen,shock,0,193,0,20,118.0,0,118,17,20,manual,101
manual_screen,shock,0,193,1,20,2.0,0,2,18,18,manual,101
manual_screen,shock,0,193,2,20,1.0,0,1,16,16,manual,101
manual_screen,shock,0,194,0,20,118.0,0,118,17,20,manual,101
manual_screen,shock,0,194,1,20,3.0,0,3,18,18,manual,101
manual_screen,shock,0,194,2,20,3.0,0,3,16,16,manual,101
manual_screen,shock,0,195,0,20,118.0,0,118,17,20,manual,101
manual_screen,shock,0,195,1,20,5.0,0,5,18,18,manual,101
manual_screen,shock,0,195,2,20,1.0,0,1,16,16,manual,101
manual_screen,shock,0,196,0,20,118.0,0,118,17,17,zero,101
manual_screen,shock,0,196,1,20,4.0,0,4,18,18,zero,101
manual_screen,shock,0,196,2,20,1.0,1,0,20,20,zero,101
manual_screen,shock,0,197,0,20,118.0,0,118,17,17,zero,101
manual_screen,shock,0,197,1,20,4.0,0,4,18,18,zero,101
manual_screen,shock,0,197,2,20,1.0,0,1,20,20,zero,101
manual_screen,shock,0,198,0,20,119.0,0,119,17,17,zero,101
manual_screen,shock,0,198,1,20,5.0,0,5,18,18,zero,101
manual_screen,shock,0,198,2,20,3.0,0,3,20,20,zero,101
manual_screen,shock,0,199,0,20,121.0,0,121,17,17,zero,101
manual_screen,shock,0,199,1,20,2.0,0,2,18,18,zero,101
manual_screen,shock,0,199,2,20,5.0,0,5,16,16,zero,101
manual_screen,shock,0,200,0,20,123.0,0,123,17,17,zero,101
manual_screen,shock,0,200,1,20,-0.0,0,0,18,18,zero,101
manual_screen,shock,0,200,2,20,3.0,0,3,16,16,zero,101
manual_screen,shock,1,1,0,10,10.0,10,0,10,10,zero,
manual_screen,shock,1,1,1,10,10.0,10,0,15,15,zero,
manual_screen,shock,1,1,2,10,5.0,5,0,0,0,zero,
manual_screen,shock,1,2,0,9,11.0,11,0,10,10,zero,
manual_screen,shock,1,2,1,9,10.0,10,0,1,1,zero,
manual_screen,shock,1,2,2,9,14.0,14,0,20,20,zero,
manual_screen,shock,1,3,0,10,11.0,11,0,6,6,zero,
manual_screen,shock,1,3,1,10,14.0,14,0,15,15,zero,
manual_screen,shock,1,3,2,10,9.0,9,0,3,3,zero,
manual_screen,shock,1,4,0,10,11.0,11,0,10,10,zero,
manual_screen,shock,1,4,1,10,14.0,14,0,1,1,zero,
manual_screen,shock,1,4,2,10,18.0,18,0,20,20,zero,
manual_screen,shock,1,5,0,10,11.0,11,0,10,10,zero,
manual_screen,shock,1,5,1,10,19.0,19,0,15,15,zero,
manual_screen,shock,1,5,2,10,3.0,3,0,0,0,zero,
manual_screen,shock,1,6,0,9,12.0,12,0,9,9,zero,
manual_screen,shock,1,6,1,9,11.0,11,0,3,3,zero,
manual_screen,shock,1,6,2,9,20.0,20,0,16,16,zero,
manual_screen,shock,1,7,0,11,7.0,7,0,9,9,zero,
manual_screen,shock,1,7,1,11,17.0,17,0,15,15,zero,
manual_screen,shock,1,7,2,11,8.0,8,0,0,0,zero,
manual_screen,shock,1,8,0,12,5.0,5,0,9,9,zero,
manual_screen,shock,1,8,1,12,9.0,9,0,1,1,zero,
manual_screen,shock,1,8,2,12,27.0,27,0,20,20,zero,
manual_screen,shock,1,9,0,12,3.0,3,0,19,19,zero,
manual_screen,shock,1,9,1,12,5.0,5,0,15,15,zero,
manual_screen,shock,1,9,2,12,12.0,12,0,0,0,zero,
manual_screen,shock,1,10,0,13,1.0,0,1,9,9,zero,
manual_screen,shock,1,10,1,13,1.0,0,1,15,15,zero,
manual_screen,shock,1,10,2,13,13.0,13,0,0,0,zero,
manual_screen,shock,1,11,0,14,6.0,0,6,19,19,zero,
manual_screen,shock,1,11,1,14,5.0,0,5,15,15,zero,
manual_screen,shock,1,11,2,14,2.0,0,2,20,20,zero,
manual_screen,shock,1,12,0,14,11.0,0,11,10,10,zero,
manual_screen,shock,1,12,1,14,14.0,0,14,15,15,zero,
manual_screen,shock,1,12,2,14,3.0,3,0,20,20,zero,
manual_screen,shock,1,13,0,15,7.0,0,7,19,19,zero,
manual_screen,shock,1,13,1,15,18.0,0,18,15,15,zero,
manual_screen,shock,1,13,2,15,12.0,0,12,20,20,zero,
manual_screen,shock,1,14,0,16,15.0,0,15,19,19,zero,
manual_screen,shock,1,14,1,16,22.0,0,22,18,18,zero,
manual_screen,shock,1,14,2,16,30.0,0,30,20,20,zero,
manual_screen,shock,1,15,0,18,18.0,0,18,19,19,zero,
manual_screen,shock,1,15,1,18,28.0,0,28,18,18,zero,
manual_screen,shock,1,15,2,18,28.0,0,28,20,20,zero,
manual_screen,shock,1,16,0,17,34.0,0,34,19,19,zero,
manual_screen,shock,1,16,1,17,30.0,0,30,18,18,zero,
manual_screen,shock,1,16,2,17,26.0,0,26,20,20,zero,
manual_screen,shock,1,17,0,18,37.0,0,37,19,19,zero,
manual_screen,shock,1,17,1,18,46.0,0,46,18,18,zero,
manual_screen,shock,1,17,2,18,24.0,0,24,20,20,zero,
manual_screen,shock,1,18,0,16,38.0,0,38,19,19,zero,
manual_screen,shock,1,18,1,16,65.0,0,65,18,18,zero,
manual_screen,shock,1,18,2,16,22.0,0,22,20,20,zero,
manual_screen,shock,1,19,0,16,41.0,0,41,19,19,zero,
manual_screen,shock,1,19,1,16,64.0,0,64,18,18,zero,
manual_screen,shock,1,19,2,16,20.0,0,20,20,20,zero,
manual_screen,shock,1,20,0,16,40.0,0,40,19,19,zero,
manual_screen,shock,1,20,1,16,63.0,0,63,18,18,zero,
manual_screen,shock,1,20,2,16,18.0,0,18,20,20,zero,
manual_screen,shock,1,21,0,16,53.0,0,53,19,19,zero,
manual_screen,shock,1,21,1,16,62.0,0,62,18,18,zero,
manual_screen,shock,1,21,2,16,16.0,0,16,20,20,zero,
manual_screen,shock,1,22,0,15,68.0,0,68,17,17,zero,
manual_screen,shock,1,22,1,15,59.0,0,59,18,18,zero,
manual_screen,shock,1,22,2,15,14.0,0,14,20,20,zero,
manual_screen,shock,1,23,0,13,61.0,0,61,17,17,zero,
manual_screen,shock,1,23,1,13,56.0,0,56,18,18,zero,
manual_screen,shock,1,23,2,13,12.0,0,12,16,16,zero,
manual_screen,shock,1,24,0,15,56.0,0,56,10,10,zero,
manual_screen,shock,1,24,1,15,46.0,0,46,18,18,zero,
manual_screen,shock,1,24,2,15,10.0,0,10,20,20,zero,
manual_screen,shock,1,25,0,16,52.0,0,52,10,10,zero,
manual_screen,shock,1,25,1,16,36.0,0,36,18,18,zero,
manual_screen,shock,1,25,2,16,8.0,0,8,20,20,zero,
manual_screen,shock,1,26,0,18,50.0,0,50,10,10,zero,
manual_screen,shock,1,26,1,18,26.0,0,26,0,0,zero,
manual_screen,shock,1,26,2,18,12.0,12,0,20,20,zero,
manual_screen,shock,1,27,0,18,48.0,0,48,19,19,zero,
manual_screen,shock,1,27,1,18,25.0,0,25,18,18,zero,
manual_screen,shock,1,27,2,18,10.0,10,0,0,0,zero,
manual_screen,shock,1,28,0,17,45.0,0,45,19,19,zero,
manual_screen,shock,1,28,1,17,24.0,0,24,18,18,zero,
manual_screen,shock,1,28,2,17,12.0,12,0,16,16,zero,
manual_screen,shock,1,29,0,16,41.0,0,41,10,10,zero,
manual_screen,shock,1,29,1,16,14.0,0,14,18,18,zero,
manual_screen,shock,1,29,2,16,14.0,14,0,20,20,zero,
manual_screen,shock,1,30,0,16,37.0,0,37,10,10,zero,
manual_screen,shock,1,30,1,16,16.0,0,16,18,18,zero,
manual_screen,shock,1,30,2,16,16.0,16,0,20,20,zero,
manual_screen,shock,1,31,0,15,32.0,0,32,19,19,zero,
manual_screen,shock,1,31,1,15,17.0,0,17,18,18,zero,
manual_screen,shock,1,31,2,15,2.0,0,2,20,20,zero,
manual_screen,shock,1,32,0,14,26.0,0,26,10,10,zero,
manual_screen,shock,1,32,1,14,9.0,0,9,18,18,zero,
manual_screen,shock,1,32,2,14,4.0,0,4,20,20,zero,
manual_screen,shock,1,33,0,13,19.0,0,19,10,10,zero,
manual_screen,shock,1,33,1,13,1.0,0,1,18,18,zero,
manual_screen,shock,1,33,2,13,2.0,0,2,0,0,zero,
manual_screen,shock,1,34,0,13,24.0,0,24,19,19,zero,
manual_screen,shock,1,34,1,13,2.0,0,2,18,18,zero,
manual_screen,shock,1,34,2,13,-0.0,0,0,20,20,zero,
manual_screen,shock,1,35,0,13,19.0,0,19,10,10,zero,
manual_screen,shock,1,35,1,13,4.0,4,0,18,18,zero,
manual_screen,shock,1,35,2,13,2.0,2,0,20,20,zero,
manual_screen,shock,1,36,0,11,12.0,0,12,10,10,zero,
manual_screen,shock,1,36,1,11,10.0,10,0,18,18,zero,
manual_screen,shock,1,36,2,11,4.0,4,0,20,20,zero,
manual_screen,shock,1,37,0,11,5.0,0,5,10,10,zero,
manual_screen,shock,1,37,1,11,20.0,20,0,0,0,zero,
manual_screen,shock,1,37,2,11,4.0,4,0,20,20,zero,
manual_screen,shock,1,38,0,12,1.0,1,0,10,10,zero,
manual_screen,shock,1,38,1,12,30.0,30,0,12,12,zero,
manual_screen,shock,1,38,2,12,12.0,12,0,0,0,zero,
manual_screen,shock,1,39,0,11,2.0,2,0,19,19,zero,
manual_screen,shock,1,39,1,11,29.0,29,0,3,3,zero,
manual_screen,shock,1,39,2,11,29.0,29,0,0,0,zero,
manual_screen,shock,1,40,0,11,1.0,1,0,10,10,zero,
manual_screen,shock,1,40,1,11,37.0,37,0,18,18,zero,
manual_screen,shock,1,40,2,11,31.0,31,0,0,0,zero,
manual_screen,shock,1,41,0,11,-0.0,0,0,10,10,zero,
manual_screen,shock,1,41,1,11,27.0,27,0,15,15,zero,
manual_screen,shock,1,41,2,11,36.0,36,0,0,0,zero,
manual_screen,shock,1,42,0,11,1.0,0,1,6,6,zero,
manual_screen,shock,1,42,1,11,33.0,33,0,3,3,zero,
manual_screen,shock,1,42,2,11,33.0,33,0,20,20,zero,
manual_screen,shock,1,43,0,12,6.0,6,0,10,10,zero,
manual_screen,shock,1,43,1,12,26.0,26,0,3,3,zero,
manual_screen,shock,1,43,2,12,30.0,30,0,0,0,zero,
manual_screen,shock,1,44,0,12,4.0,4,0,19,19,zero,
manual_screen,shock,1,44,1,12,25.0,25,0,3,3,zero,
manual_screen,shock,1,44,2,12,27.0,27,0,0,0,zero,
manual_screen,shock,1,45,0,12,2.0,2,0,9,9,zero,
manual_screen,shock,1,45,1,12,31.0,31,0,15,15,zero,
manual_screen,shock,1,45,2,12,12.0,12,0,0,0,zero,
manual_screen,shock,1,46,0,10,2.0,0,2,19,19,zero,
manual_screen,shock,1,46,1,10,15.0,15,0,15,15,zero,
manual_screen,shock,1,46,2,10,17.0,17,0,0,0,zero,
manual_screen,shock,1,47,0,11,3.0,0,3,6,6,zero,
manual_screen,shock,1,47,1,11,12.0,12,0,15,15,zero,
manual_screen,shock,1,47,2,11,2.0,2,0,20,20,zero,
manual_screen,shock,1,48,0,11,5.0,5,0,10,10,zero,
manual_screen,shock,1,48,1,11,5.0,5,0,3,3,zero,
manual_screen,shock,1,48,2,11,1.0,0,1,20,20,zero,
manual_screen,shock,1,49,0,10,4.0,4,0,6,6,zero,
manual_screen,shock,1,49,1,10,14.0,14,0,15,15,zero,
manual_screen,shock,1,49,2,10,16.0,0,16,0,0,zero,
manual_screen,shock,1,50,0,10,13.0,13,0,10,10,zero,
manual_screen,shock,1,50,1,10,19.0,19,0,15,15,zero,
manual_screen,shock,1,50,2,10,31.0,0,31,20,20,zero,
manual_screen,shock,1,51,0,11,8.0,8,0,10,10,zero,
manual_screen,shock,1,51,1,11,24.0,24,0,15,15,zero,
manual_screen,shock,1,51,2,11,26.0,0,26,20,20,zero,
manual_screen,shock,1,52,0,11,7.0,7,0,19,19,zero,
manual_screen,shock,1,52,1,11,7.0,7,0,15,15,zero,
manual_screen,shock,1,52,2,11,21.0,0,21,20,20,zero,
manual_screen,shock,1,53,0,10,3.0,3,0,9,9,zero,
manual_screen,shock,1,53,1,10,2.0,0,2,15,15,zero,
manual_screen,shock,1,53,2,10,36.0,0,36,20,20,zero,
manual_screen,shock,1,54,0,10,3.0,3,0,10,10,zero,
manual_screen,shock,1,54,1,10,12.0,0,12,15,15,zero,
manual_screen,shock,1,54,2,10,31.0,0,31,20,20,zero,
manual_screen,shock,1,55,0,10,3.0,3,0,6,6,zero,
manual_screen,shock,1,55,1,10,2.0,2,0,15,15,zero,
manual_screen,shock,1,55,2,10,26.0,0,26,20,20,zero,
manual_screen,shock,1,56,0,9,13.0,13,0,6,6,zero,
manual_screen,shock,1,56,1,9,16.0,16,0,3,3,zero,
manual_screen,shock,1,56,2,9,9.0,0,9,16,16,zero,
manual_screen,shock,1,57,0,8,12.0,12,0,10,10,zero,
manual_screen,shock,1,57,1,8,6.0,6,0,0,0,zero,
manual_screen,shock,1,57,2,8,11.0,11,0,0,0,zero,
manual_screen,shock,1,58,0,10,2.0,2,0,6,6,zero,
manual_screen,shock,1,58,1,10,20.0,20,0,0,0,zero,
manual_screen,shock,1,58,2,10,31.0,31,0,0,0,zero,
manual_screen,shock,1,59,0,11,9.0,9,0,10,10,zero,
manual_screen,shock,1,59,1,11,30.0,30,0,0,0,zero,
manual_screen,shock,1,59,2,11,51.0,51,0,0,0,zero,
manual_screen,shock,1,60,0,11,4.0,4,0,10,10,zero,
manual_screen,shock,1,60,1,11,40.0,40,0,12,12,zero,
manual_screen,shock,1,60,2,11,55.0,55,0,0,0,zero,
manual_screen,shock,1,61,0,11,3.0,3,0,19,19,zero,
manual_screen,shock,1,61,1,11,30.0,30,0,12,12,zero,
manual_screen,shock,1,61,2,11,43.0,43,0,0,0,zero,
manual_screen,shock,1,62,0,10,1.0,0,1,9,9,zero,
manual_screen,shock,1,62,1,10,21.0,21,0,15,15,zero,
manual_screen,shock,1,62,2,10,28.0,28,0,16,16,zero,
manual_screen,shock,1,63,0,10,1.0,0,1,10,10,zero,
manual_screen,shock,1,63,1,10,11.0,11,0,3,3,zero,
manual_screen,shock,1,63,2,10,25.0,25,0,20,20,zero,
manual_screen,shock,1,64,0,9,-0.0,0,0,6,6,zero,
manual_screen,shock,1,64,1,9,17.0,17,0,15,15,zero,
manual_screen,shock,1,64,2,9,10.0,10,0,0,0,zero,
manual_screen,shock,1,65,0,9,10.0,10,0,6,6,zero,
manual_screen,shock,1,65,1,9,23.0,23,0,1,1,zero,
manual_screen,shock,1,65,2,9,9.0,9,0,3,3,zero,
manual_screen,shock,1,66,0,8,11.0,11,0,10,10,zero,
manual_screen,shock,1,66,1,8,28.0,28,0,1,1,zero,
manual_screen,shock,1,66,2,8,24.0,24,0,0,0,zero,
manual_screen,shock,1,67,0,6,15.0,15,0,6,6,zero,
manual_screen,shock,1,67,1,6,25.0,25,0,1,1,zero,
manual_screen,shock,1,67,2,6,43.0,43,0,0,0,zero,
manual_screen,shock,1,68,0,6,15.0,15,0,6,6,zero,
manual_screen,shock,1,68,1,6,34.0,34,0,1,1,zero,
manual_screen,shock,1,68,2,6,42.0,42,0,0,0,zero,
manual_screen,shock,1,69,0,6,15.0,15,0,2,2,zero,
manual_screen,shock,1,69,1,6,33.0,33,0,15,15,zero,
manual_screen,shock,1,69,2,6,30.0,30,0,0,0,zero,
manual_screen,shock,1,70,0,6,19.0,19,0,2,2,zero,
manual_screen,shock,1,70,1,6,32.0,32,0,1,1,zero,
manual_screen,shock,1,70,2,6,29.0,29,0,1,1,zero,
manual_screen,shock,1,71,0,6,19.0,19,0,2,2,zero,
manual_screen,shock,1,71,1,6,31.0,31,0,1,1,zero,
manual_screen,shock,1,71,2,6,28.0,28,0,0,0,zero,
manual_screen,shock,1,72,0,6,19.0,19,0,4,4,zero,
manual_screen,shock,1,72,1,6,28.0,28,0,0,0,zero,
manual_screen,shock,1,72,2,6,28.0,28,0,0,0,zero,
manual_screen,shock,1,73,0,5,16.0,16,0,4,4,zero,
manual_screen,shock,1,73,1,5,39.0,39,0,0,0,zero,
manual_screen,shock,1,73,2,5,28.0,28,0,0,0,zero,
manual_screen,shock,1,74,0,5,13.0,13,0,3,3,zero,
manual_screen,shock,1,74,1,5,37.0,37,0,0,0,zero,
manual_screen,shock,1,74,2,5,29.0,29,0,0,0,zero,
manual_screen,shock,1,75,0,6,9.0,9,0,3,3,zero,
manual_screen,shock,1,75,1,6,35.0,35,0,1,1,zero,
manual_screen,shock,1,75,2,6,28.0,28,0,0,0,zero,
manual_screen,shock,1,76,0,6,7.0,7,0,9,9,zero,
manual_screen,shock,1,76,1,6,26.0,26,0,1,1,zero,
manual_screen,shock,1,76,2,6,27.0,27,0,0,0,zero,
manual_screen,shock,1,77,0,6,5.0,5,0,9,9,zero,
manual_screen,shock,1,77,1,6,17.0,17,0,1,1,zero,
manual_screen,shock,1,77,2,6,26.0,26,0,0,0,zero,
manual_screen,shock,1,78,0,6,2.0,2,0,1,1,zero,
manual_screen,shock,1,78,1,6,16.0,16,0,15,15,zero,
manual_screen,shock,1,78,2,6,11.0,11,0,0,0,zero,
manual_screen,shock,1,79,0,7,2.0,0,2,2,2,zero,
manual_screen,shock,1,79,1,7,15.0,15,0,1,1,zero,
manual_screen,shock,1,79,2,7,10.0,10,0,1,1,zero,
manual_screen,shock,1,80,0,7,-0.0,0,0,10,10,zero,
manual_screen,shock,1,80,1,7,6.0,6,0,1,1,zero,
manual_screen,shock,1,80,2,7,9.0,9,0,20,20,zero,
manual_screen,shock,1,81,0,7,2.0,2,0,6,6,zero,
manual_screen,shock,1,81,1,7,1.0,1,0,1,1,zero,
manual_screen,shock,1,81,2,7,8.0,8,0,0,0,zero,
manual_screen,shock,1,82,0,7,4.0,0,4,10,10,zero,
manual_screen,shock,1,82,1,7,6.0,6,0,15,15,zero,
manual_screen,shock,1,82,2,7,7.0,0,7,0,0,zero,
manual_screen,shock,1,83,0,6,8.0,0,8,10,10,zero,
manual_screen,shock,1,83,1,6,3.0,0,3,15,15,zero,
manual_screen,shock,1,83,2,6,21.0,0,21,0,0,zero,
manual_screen,shock,1,84,0,7,5.0,0,5,6,6,zero,
manual_screen,shock,1,84,1,7,8.0,0,8,15,15,zero,
manual_screen,shock,1,84,2,7,16.0,0,16,20,20,zero,
manual_screen,shock,1,85,0,9,8.0,0,8,10,10,zero,
manual_screen,shock,1,85,1,9,17.0,0,17,11,11,zero,
manual_screen,shock,1,85,2,9,27.0,0,27,20,20,zero,
manual_screen,shock,1,86,0,10,8.0,0,8,10,10,zero,
manual_screen,shock,1,86,1,10,19.0,0,19,15,15,zero,
manual_screen,shock,1,86,2,10,42.0,0,42,20,20,zero,
manual_screen,shock,1,87,0,10,11.0,0,11,19,19,zero,
manual_screen,shock,1,87,1,10,37.0,0,37,15,15,zero,
manual_screen,shock,1,87,2,10,57.0,0,57,20,20,zero,
manual_screen,shock,1,88,0,10,20.0,0,20,19,19,zero,
manual_screen,shock,1,88,1,10,36.0,0,36,15,15,zero,
manual_screen,shock,1,88,2,10,52.0,0,52,20,20,zero,
manual_screen,shock,1,89,0,10,29.0,0,29,10,10,zero,
manual_screen,shock,1,89,1,10,46.0,0,46,15,15,zero,
manual_screen,shock,1,89,2,10,47.0,0,47,20,20,zero,
manual_screen,shock,1,90,0,10,31.0,0,31,19,19,zero,
manual_screen,shock,1,90,1,10,65.0,0,65,18,18,zero,
manual_screen,shock,1,90,2,10,45.0,0,45,20,20,zero,
manual_screen,shock,1,91,0,10,40.0,0,40,17,17,zero,
manual_screen,shock,1,91,1,10,82.0,0,82,18,18,zero,
manual_screen,shock,1,91,2,10,43.0,0,43,20,20,zero,
manual_screen,shock,1,92,0,10,30.0,0,30,17,17,zero,
manual_screen,shock,1,92,1,10,79.0,0,79,18,18,zero,
manual_screen,shock,1,92,2,10,41.0,0,41,20,20,zero,
manual_screen,shock,1,93,0,9,39.0,0,39,17,17,zero,
manual_screen,shock,1,93,1,9,76.0,0,76,18,18,zero,
manual_screen,shock,1,93,2,9,39.0,0,39,20,20,zero,
manual_screen,shock,1,94,0,9,48.0,0,48,17,17,zero,
manual_screen,shock,1,94,1,9,73.0,0,73,18,18,zero,
manual_screen,shock,1,94,2,9,37.0,0,37,20,20,zero,
manual_screen,shock,1,95,0,9,57.0,0,57,17,17,zero,
manual_screen,shock,1,95,1,9,70.0,0,70,18,18,zero,
manual_screen,shock,1,95,2,9,35.0,0,35,20,20,zero,
manual_screen,shock,1,96,0,8,45.0,0,45,10,10,zero,
manual_screen,shock,1,96,1,8,60.0,0,60,18,18,zero,
manual_screen,shock,1,96,2,8,33.0,0,33,20,20,zero,
manual_screen,shock,1,97,0,6,31.0,0,31,6,6,zero,
manual_screen,shock,1,97,1,6,46.0,0,46,18,18,zero,
manual_screen,shock,1,97,2,6,31.0,0,31,20,20,zero,
manual_screen,shock,1,98,0,9,20.0,0,20,6,6,zero,
manual_screen,shock,1,98,1,9,32.0,0,32,0,0,zero,
manual_screen,shock,1,98,2,9,11.0,0,11,20,20,zero,
manual_screen,shock,1,99,0,8,8.0,0,8,6,6,zero,
manual_screen,shock,1,99,1,8,18.0,0,18,0,0,zero,
manual_screen,shock,1,99,2,8,9.0,9,0,0,0,zero,
manual_screen,shock,1,100,0,9,3.0,3,0,0,0,zero,100
manual_screen,shock,1,100,1,9,2.0,2,0,0,0,zero,100
manual_screen,shock,1,100,2,9,29.0,29,0,0,0,zero,100
manual_screen,shock,1,101,0,8,15.0,15,0,0,0,zero,100
manual_screen,shock,1,101,1,8,22.0,22,0,0,0,zero,100
manual_screen,shock,1,101,2,8,49.0,49,0,0,0,zero,100
manual_screen,shock,1,102,0,8,27.0,27,0,0,0,zero,100
manual_screen,shock,1,102,1,8,42.0,42,0,0,0,zero,100
manual_screen,shock,1,102,2,8,69.0,69,0,0,0,zero,100
manual_screen,shock,1,103,0,9,38.0,38,0,6,6,zero,100
manual_screen,shock,1,103,1,9,47.0,47,0,0,0,zero,100
manual_screen,shock,1,103,2,9,69.0,69,0,0,0,zero,100
manual_screen,shock,1,104,0,9,47.0,47,0,2,2,zero,100
manual_screen,shock,1,104,1,9,45.0,45,0,0,0,zero,100
manual_screen,shock,1,104,2,9,69.0,69,0,0,0,zero,100
manual_screen,shock,1,105,0,8,39.0,39,0,2,2,zero,100
manual_screen,shock,1,105,1,8,43.0,43,0,1,1,zero,100
manual_screen,shock,1,105,2,8,68.0,68,0,0,0,zero,100
manual_screen,shock,1,106,0,6,33.0,33,0,2,2,zero,100
manual_screen,shock,1,106,1,6,41.0,41,0,1,1,zero,100
manual_screen,shock,1,106,2,6,67.0,67,0,0,0,zero,100
manual_screen,shock,1,107,0,8,31.0,31,0,2,2,zero,100
manual_screen,shock,1,107,1,8,39.0,39,0,1,1,zero,100
manual_screen,shock,1,107,2,8,66.0,66,0,0,0,zero,100
manual_screen,shock,1,108,0,6,27.0,27,0,3,3,zero,100
manual_screen,shock,1,108,1,6,36.0,36,0,1,1,zero,100
manual_screen,shock,1,108,2,6,65.0,65,0,0,0,zero,100
manual_screen,shock,1,109,0,8,21.0,21,0,3,3,zero,100
manual_screen,shock,1,109,1,8,34.0,34,0,1,1,zero,100
manual_screen,shock,1,109,2,8,64.0,64,0,0,0,zero,100
manual_screen,shock,1,110,0,8,15.0,15,0,9,9,zero,100
manual_screen,shock,1,110,1,8,26.0,26,0,1,1,zero,100
manual_screen,shock,1,110,2,8,63.0,63,0,0,0,zero,100
manual_screen,shock,1,111,0,8,9.0,9,0,9,9,zero,100
manual_screen,shock,1,111,1,8,18.0,18,0,15,15,zero,100
manual_screen,shock,1,111,2,8,48.0,48,0,0,0,zero,100
manual_screen,shock,1,112,0,8,4.0,4,0,9,9,zero,100
manual_screen,shock,1,112,1,8,10.0,10,0,15,15,zero,100
manual_screen,shock,1,112,2,8,33.0,33,0,0,0,zero,100
manual_screen,shock,1,113,0,6,1.0,1,0,9,9,zero,100
manual_screen,shock,1,113,1,6,2.0,2,0,11,11,zero,100
manual_screen,shock,1,113,2,6,22.0,22,0,1,1,zero,100
manual_screen,shock,1,114,0,6,4.0,4,0,2,2,zero,100
manual_screen,shock,1,114,1,6,1.0,1,0,1,1,zero,100
manual_screen,shock,1,114,2,6,21.0,21,0,20,20,zero,100
manual_screen,shock,1,115,0,6,7.0,7,0,2,2,zero,100
manual_screen,shock,1,115,1,6,14.0,14,0,1,1,zero,100
manual_screen,shock,1,115,2,6,20.0,20,0,0,0,zero,100
manual_screen,shock,1,116,0,8,8.0,8,0,6,6,zero,100
manual_screen,shock,1,116,1,8,23.0,23,0,0,0,zero,100
manual_screen,shock,1,116,2,8,20.0,20,0,0,0,zero,100
manual_screen,shock,1,117,0,6,11.0,11,0,10,10,zero,100
manual_screen,shock,1,117,1,6,24.0,24,0,1,1,zero,100
manual_screen,shock,1,117,2,6,20.0,20,0,0,0,zero,100
manual_screen,shock,1,118,0,8,5.0,5,0,9,9,zero,100
manual_screen,shock,1,118,1,8,16.0,16,0,15,15,zero,100
manual_screen,shock,1,118,2,8,25.0,25,0,0,0,zero,100
manual_screen,shock,1,119,0,5,2.0,2,0,9,9,zero,100
manual_screen,shock,1,119,1,5,8.0,8,0,15,15,zero,100
manual_screen,shock,1,119,2,5,10.0,10,0,1,1,zero,100
manual_screen,shock,1,120,0,5,3.0,3,0,2,2,zero,100
manual_screen,shock,1,120,1,5,6.0,6,0,15,15,zero,100
manual_screen,shock,1,120,2,5,5.0,0,5,20,20,zero,100
manual_screen,shock,1,121,0,5,8.0,8,0,2,2,zero,100
manual_screen,shock,1,121,1,5,5.0,5,0,0,0,zero,100
manual_screen,shock,1,121,2,5,5.0,0,5,20,20,zero,100
manual_screen,shock,1,122,0,5,12.0,12,0,6,6,zero,100
manual_screen,shock,1,122,1,5,14.0,14,0,0,0,zero,100
manual_screen,shock,1,122,2,5,5.0,0,5,0,0,zero,100
manual_screen,shock,1,123,0,5,16.0,16,0,2,2,zero,100
manual_screen,shock,1,123,1,5,27.0,27,0,1,1,zero,100
manual_screen,shock,1,123,2,5,5.0,0,5,0,0,zero,100
manual_screen,shock,1,124,0,6,12.0,12,0,6,6,zero,100
manual_screen,shock,1,124,1,6,31.0,31,0,0,0,zero,100
manual_screen,shock,1,124,2,6,15.0,15,0,0,0,zero,100
manual_screen,shock,1,125,0,6,8.0,8,0,2,2,zero,100
manual_screen,shock,1,125,1,6,29.0,29,0,1,1,zero,100
manual_screen,shock,1,125,2,6,34.0,34,0,0,0,zero,100
manual_screen,shock,1,126,0,5,9.0,9,0,9,9,zero,100
manual_screen,shock,1,126,1,5,20.0,20,0,1,1,zero,100
manual_screen,shock,1,126,2,5,33.0,33,0,0,0,zero,100
manual_screen,shock,1,127,0,5,6.0,6,0,9,9,zero,100
manual_screen,shock,1,127,1,5,12.0,12,0,15,15,zero,100
manual_screen,shock,1,127,2,5,18.0,18,0,0,0,zero,100
manual_screen,shock,1,128,0,5,7.0,7,0,2,2,zero,100
manual_screen,shock,1,128,1,5,15.0,15,0,15,15,zero,100
manual_screen,shock,1,128,2,5,3.0,3,0,1,1,zero,100
manual_screen,shock,1,129,0,5,4.0,4,0,2,2,zero,100
manual_screen,shock,1,129,1,5,14.0,14,0,1,1,zero,100
manual_screen,shock,1,129,2,5,2.0,2,0,20,20,zero,100
manual_screen,shock,1,130,0,3,10.0,10,0,6,6,zero,100
manual_screen,shock,1,130,1,3,9.0,9,0,0,0,zero,100
manual_screen,shock,1,130,2,3,2.0,2,0,20,20,zero,100
manual_screen,shock,1,131,0,3,16.0,16,0,0,0,zero,100
manual_screen,shock,1,131,1,3,24.0,24,0,1,1,zero,100
manual_screen,shock,1,131,2,3,1.0,1,0,0,0,zero,100
manual_screen,shock,1,132,0,2,16.0,16,0,0,0,zero,100
manual_screen,shock,1,132,1,2,39.0,39,0,0,0,zero,100
manual_screen,shock,1,132,2,2,2.0,2,0,0,0,zero,100
manual_screen,shock,1,133,0,3,15.0,15,0,0,0,zero,100
manual_screen,shock,1,133,1,3,40.0,40,0,0,0,zero,100
manual_screen,shock,1,133,2,3,22.0,22,0,0,0,zero,100
manual_screen,shock,1,134,0,3,18.0,18,0,0,0,zero,100
manual_screen,shock,1,134,1,3,40.0,40,0,0,0,zero,100
manual_screen,shock,1,134,2,3,42.0,42,0,0,0,zero,100
manual_screen,shock,1,135,0,3,15.0,15,0,0,0,zero,100
manual_screen,shock,1,135,1,3,41.0,41,0,0,0,zero,100
manual_screen,shock,1,135,2,3,42.0,42,0,0,0,zero,100
manual_screen,shock,1,136,0,3,12.0,12,0,2,2,zero,100
manual_screen,shock,1,136,1,3,39.0,39,0,0,0,zero,100
manual_screen,shock,1,136,2,3,42.0,42,0,0,0,zero,100
manual_screen,shock,1,137,0,4,8.0,8,0,2,2,zero,100
manual_screen,shock,1,137,1,4,37.0,37,0,0,0,zero,100
manual_screen,shock,1,137,2,4,42.0,42,0,0,0,zero,100
manual_screen,shock,1,138,0,4,4.0,4,0,9,9,zero,100
manual_screen,shock,1,138,1,4,28.0,28,0,0,0,zero,100
manual_screen,shock,1,138,2,4,42.0,42,0,0,0,zero,100
manual_screen,shock,1,139,0,4,-0.0,0,0,3,3,zero,100
manual_screen,shock,1,139,1,4,25.0,25,0,1,1,zero,100
manual_screen,shock,1,139,2,4,41.0,41,0,0,0,zero,100
manual_screen,shock,1,140,0,3,1.0,0,1,2,2,zero,100
manual_screen,shock,1,140,1,3,23.0,23,0,1,1,zero,100
manual_screen,shock,1,140,2,3,40.0,40,0,0,0,zero,100
manual_screen,shock,1,141,0,3,2.0,0,2,0,0,zero,100
manual_screen,shock,1,141,1,3,23.0,23,0,1,1,zero,100
manual_screen,shock,1,141,2,3,39.0,39,0,0,0,zero,100
manual_screen,shock,1,142,0,3,4.0,4,0,6,6,zero,100
manual_screen,shock,1,142,1,3,17.0,17,0,1,1,zero,100
manual_screen,shock,1,142,2,3,38.0,38,0,0,0,zero,100
manual_screen,shock,1,143,0,3,4.0,4,0,0,0,zero,100
manual_screen,shock,1,143,1,3,18.0,18,0,1,1,zero,100
manual_screen,shock,1,143,2,3,37.0,37,0,0,0,zero,100
manual_screen,shock,1,144,0,3,3.0,3,0,6,6,zero,100
manual_screen,shock,1,144,1,3,13.0,13,0,1,1,zero,100
manual_screen,shock,1,144,2,3,36.0,36,0,0,0,zero,100
manual_screen,shock,1,145,0,3,-0.0,0,0,2,2,zero,100
manual_screen,shock,1,145,1,3,12.0,12,0,11,11,zero,100
manual_screen,shock,1,145,2,3,25.0,25,0,0,0,zero,100
manual_screen,shock,1,146,0,3,3.0,3,0,0,0,zero,100
manual_screen,shock,1,146,1,3,13.0,13,0,1,1,zero,100
manual_screen,shock,1,146,2,3,24.0,24,0,0,0,zero,100
manual_screen,shock,1,147,0,4,1.0,0,1,2,2,zero,100
manual_screen,shock,1,147,1,4,12.0,12,0,0,0,zero,100
manual_screen,shock,1,147,2,4,24.0,24,0,0,0,zero,100
manual_screen,shock,1,148,0,4,1.0,1,0,6,6,zero,100
manual_screen,shock,1,148,1,4,7.0,7,0,0,0,zero,100
manual_screen,shock,1,148,2,4,24.0,24,0,0,0,zero,100
manual_screen,shock,1,149,0,3,-0.0,0,0,6,6,zero,100
manual_screen,shock,1,149,1,3,12.0,12,0,1,1,zero,100
manual_screen,shock,1,149,2,3,23.0,23,0,0,0,zero,100
manual_screen,shock,1,150,0,4,4.0,0,4,0,0,zero,100
manual_screen,shock,1,150,1,4,13.0,13,0,15,15,zero,100
manual_screen,shock,1,150,2,4,8.0,8,0,0,0,zero,100
manual_screen,shock,1,151,0,4,6.0,0,6,6,6,zero,100
manual_screen,shock,1,151,1,4,7.0,7,0,0,0,zero,100
manual_screen,shock,1,151,2,4,8.0,8,0,1,1,zero,100
manual_screen,shock,1,152,0,3,3.0,0,3,6,6,zero,100
manual_screen,shock,1,152,1,3,1.0,1,0,1,1,zero,100
manual_screen,shock,1,152,2,3,7.0,7,0,1,1,zero,100
manual_screen,shock,1,153,0,4,1.0,0,1,6,6,zero,100
manual_screen,shock,1,153,1,4,4.0,0,4,1,1,zero,100
manual_screen,shock,1,153,2,4,6.0,6,0,20,20,zero,100
manual_screen,shock,1,154,0,3,4.0,0,4,6,6,zero,100
manual_screen,shock,1,154,1,3,5.0,5,0,15,15,zero,100
manual_screen,shock,1,154,2,3,9.0,0,9,0,0,zero,100
manual_screen,shock,1,155,0,3,1.0,0,1,0,0,zero,100
manual_screen,shock,1,155,1,3,5.0,5,0,15,15,zero,100
manual_screen,shock,1,155,2,3,23.0,0,23,20,20,zero,100
manual_screen,shock,1,156,0,3,2.0,2,0,0,0,zero,100
manual_screen,shock,1,156,1,3,6.0,6,0,1,1,zero,100
manual_screen,shock,1,156,2,3,23.0,0,23,20,20,zero,100
manual_screen,shock,1,157,0,3,1.0,1,0,6,6,zero,100
manual_screen,shock,1,157,1,3,1.0,1,0,0,0,zero,100
manual_screen,shock,1,157,2,3,3.0,0,3,0,0,zero,100
manual_screen,shock,1,158,0,3,8.0,8,0,0,0,zero,100
manual_screen,shock,1,158,1,3,7.0,7,0,0,0,zero,100
manual_screen,shock,1,158,2,3,3.0,0,3,0,0,zero,100
manual_screen,shock,1,159,0,2,6.0,6,0,10,10,zero,100
manual_screen,shock,1,159,1,2,2.0,0,2,0,0,zero,100
manual_screen,shock,1,159,2,2,17.0,17,0,0,0,zero,100
manual_screen,shock,1,160,0,3,3.0,3,0,2,2,zero,100
manual_screen,shock,1,160,1,3,3.0,0,3,1,1,zero,100
manual_screen,shock,1,160,2,3,36.0,36,0,0,0,zero,100
manual_screen,shock,1,161,0,2,7.0,7,0,0,0,zero,100
manual_screen,shock,1,161,1,2,17.0,17,0,1,1,zero,100
manual_screen,shock,1,161,2,2,35.0,35,0,0,0,zero,100
manual_screen,shock,1,162,0,2,5.0,5,0,0,0,zero,100
manual_screen,shock,1,162,1,2,17.0,17,0,0,0,zero,100
manual_screen,shock,1,162,2,2,35.0,35,0,0,0,zero,100
manual_screen,shock,1,163,0,2,11.0,11,0,0,0,zero,100
manual_screen,shock,1,163,1,2,20.0,20,0,0,0,zero,100
manual_screen,shock,1,163,2,2,35.0,35,0,0,0,zero,100
manual_screen,shock,1,164,0,2,10.0,10,0,0,0,zero,100
manual_screen,shock,1,164,1,2,21.0,21,0,0,0,zero,100
manual_screen,shock,1,164,2,2,35.0,35,0,0,0,zero,100
manual_screen,shock,1,165,0,1,12.0,12,0,0,0,zero,100
manual_screen,shock,1,165,1,1,22.0,22,0,0,0,zero,100
manual_screen,shock,1,165,2,1,35.0,35,0,0,0,zero,100
manual_screen,shock,1,166,0,2,10.0,10,0,0,0,zero,100
manual_screen,shock,1,166,1,2,22.0,22,0,0,0,zero,100
manual_screen,shock,1,166,2,2,35.0,35,0,0,0,zero,100
manual_screen,shock,1,167,0,2,8.0,8,0,0,0,zero,100
manual_screen,shock,1,167,1,2,22.0,22,0,0,0,zero,100
manual_screen,shock,1,167,2,2,35.0,35,0,0,0,zero,100
manual_screen,shock,1,168,0,2,6.0,6,0,0,0,zero,100
manual_screen,shock,1,168,1,2,22.0,22,0,0,0,zero,100
manual_screen,shock,1,168,2,2,35.0,35,0,0,0,zero,100
manual_screen,shock,1,169,0,2,4.0,4,0,2,2,zero,100
manual_screen,shock,1,169,1,2,20.0,20,0,0,0,zero,100
manual_screen,shock,1,169,2,2,35.0,35,0,0,0,zero,100
manual_screen,shock,1,170,0,2,2.0,2,0,0,0,zero,100
manual_screen,shock,1,170,1,2,20.0,20,0,0,0,zero,100
manual_screen,shock,1,170,2,2,35.0,35,0,0,0,zero,100
manual_screen,shock,1,171,0,2,-0.0,0,0,6,6,zero,100
manual_screen,shock,1,171,1,2,14.0,14,0,0,0,zero,100
manual_screen,shock,1,171,2,2,35.0,35,0,0,0,zero,100
manual_screen,shock,1,172,0,2,2.0,0,2,2,2,zero,100
manual_screen,shock,1,172,1,2,12.0,12,0,1,1,zero,100
manual_screen,shock,1,172,2,2,34.0,34,0,0,0,zero,100
manual_screen,shock,1,173,0,2,2.0,0,2,0,0,zero,100
manual_screen,shock,1,173,1,2,12.0,12,0,1,1,zero,100
manual_screen,shock,1,173,2,2,33.0,33,0,0,0,zero,100
manual_screen,shock,1,174,0,2,4.0,0,4,2,2,zero,100
manual_screen,shock,1,174,1,2,10.0,10,0,1,1,zero,100
manual_screen,shock,1,174,2,2,32.0,32,0,0,0,zero,100
manual_screen,shock,1,175,0,2,-0.0,0,0,6,6,zero,100
manual_screen,shock,1,175,1,2,4.0,4,0,1,1,zero,100
manual_screen,shock,1,175,2,2,31.0,31,0,0,0,zero,100
manual_screen,shock,1,176,0,2,-0.0,0,0,0,0,zero,100
manual_screen,shock,1,176,1,2,5.0,5,0,15,15,zero,100
manual_screen,shock,1,176,2,2,16.0,16,0,0,0,zero,100
manual_screen,shock,1,177,0,2,2.0,0,2,0,0,zero,100
manual_screen,shock,1,177,1,2,6.0,6,0,1,1,zero,100
manual_screen,shock,1,177,2,2,15.0,15,0,1,1,zero,100
manual_screen,shock,1,178,0,2,2.0,0,2,6,6,zero,100
manual_screen,shock,1,178,1,2,1.0,1,0,0,0,zero,100
manual_screen,shock,1,178,2,2,15.0,15,0,1,1,zero,100
manual_screen,shock,1,179,0,3,1.0,1,0,0,0,zero,100
manual_screen,shock,1,179,1,3,2.0,2,0,0,0,zero,100
manual_screen,shock,1,179,2,3,15.0,15,0,0,0,zero,100
manual_screen,shock,1,180,0,3,2.0,0,2,6,6,zero,100
manual_screen,shock,1,180,1,3,11.0,11,0,0,0,zero,100
manual_screen,shock,1,180,2,3,15.0,15,0,0,0,zero,100
manual_screen,shock,1,181,0,3,5.0,0,5,0,0,zero,100
manual_screen,shock,1,181,1,3,12.0,12,0,1,1,zero,100
manual_screen,shock,1,181,2,3,15.0,15,0,0,0,zero,100
manual_screen,shock,1,182,0,3,2.0,0,2,6,6,zero,100
manual_screen,shock,1,182,1,3,6.0,6,0,1,1,zero,100
manual_screen,shock,1,182,2,3,15.0,15,0,0,0,zero,100
manual_screen,shock,1,183,0,2,4.0,0,4,2,2,zero,100
manual_screen,shock,1,183,1,2,4.0,4,0,15,15,zero,100
manual_screen,shock,1,183,2,2,-0.0,0,0,0,0,zero,100
manual_screen,shock,1,184,0,2,-0.0,0,0,2,2,zero,100
manual_screen,shock,1,184,1,2,2.0,2,0,1,1,zero,100
manual_screen,shock,1,184,2,2,1.0,0,1,1,1,zero,100
manual_screen,shock,1,185,0,2,2.0,0,2,0,0,zero,100
manual_screen,shock,1,185,1,2,3.0,3,0,1,1,zero,100
manual_screen,shock,1,185,2,2,2.0,0,2,20,20,zero,100
manual_screen,shock,1,186,0,2,2.0,2,0,6,6,zero,100
manual_screen,shock,1,186,1,2,2.0,0,2,0,0,zero,100
manual_screen,shock,1,186,2,2,2.0,0,2,20,20,zero,100
manual_screen,shock,1,187,0,2,2.0,2,0,0,0,zero,100
manual_screen,shock,1,187,1,2,13.0,13,0,1,1,zero,100
manual_screen,shock,1,187,2,2,3.0,0,3,0,0,zero,100
manual_screen,shock,1,188,0,3,1.0,1,0,0,0,zero,100
manual_screen,shock,1,188,1,3,13.0,13,0,0,0,zero,100
manual_screen,shock,1,188,2,3,2.0,0,2,0,0,zero,100
manual_screen,shock,1,189,0,3,2.0,0,2,6,6,zero,100
manual_screen,shock,1,189,1,3,7.0,7,0,0,0,zero,100
manual_screen,shock,1,189,2,3,18.0,18,0,0,0,zero,100
manual_screen,shock,1,190,0,3,1.0,0,1,2,2,zero,100
manual_screen,shock,1,190,1,3,5.0,5,0,1,1,zero,100
manual_screen,shock,1,190,2,3,37.0,37,0,0,0,zero,100
manual_screen,shock,1,191,0,3,2.0,0,2,6,6,zero,100
manual_screen,shock,1,191,1,3,1.0,0,1,15,15,zero,100
manual_screen,shock,1,191,2,3,22.0,22,0,0,0,zero,100
manual_screen,shock,1,192,0,3,5.0,0,5,2,2,zero,100
manual_screen,shock,1,192,1,3,2.0,0,2,1,1,zero,100
manual_screen,shock,1,192,2,3,21.0,21,0,1,1,zero,100
manual_screen,shock,1,193,0,4,3.0,0,3,6,6,zero,100
manual_screen,shock,1,193,1,4,6.0,0,6,1,1,zero,100
manual_screen,shock,1,193,2,4,20.0,20,0,0,0,zero,100
manual_screen,shock,1,194,0,4,5.0,0,5,10,10,zero,100
manual_screen,shock,1,194,1,4,15.0,0,15,1,1,zero,100
manual_screen,shock,1,194,2,4,19.0,19,0,0,0,zero,100
manual_screen,shock,1,195,0,5,5.0,0,5,10,10,zero,100
manual_screen,shock,1,195,1,5,10.0,0,10,15,15,zero,100
manual_screen,shock,1,195,2,5,4.0,4,0,0,0,zero,100
manual_screen,shock,1,196,0,5,9.0,0,9,6,6,zero,100
manual_screen,shock,1,196,1,5,15.0,0,15,15,15,zero,100
manual_screen,shock,1,196,2,5,10.0,0,10,1,1,zero,100
manual_screen,shock,1,197,0,5,12.0,0,12,10,10,zero,100
manual_screen,shock,1,197,1,5,24.0,0,24,18,18,zero,100
manual_screen,shock,1,197,2,5,28.0,0,28,20,20,zero,100
manual_screen,shock,1,198,0,6,17.0,0,17,10,10,zero,100
manual_screen,shock,1,198,1,6,33.0,0,33,18,18,zero,100
manual_screen,shock,1,198,2,6,46.0,0,46,20,20,zero,100
manual_screen,shock,1,199,0,5,7.0,0,7,10,10,zero,100
manual_screen,shock,1,199,1,5,28.0,0,28,18,18,zero,100
manual_screen,shock,1,199,2,5,64.0,0,64,20,20,zero,100
manual_screen,shock,1,200,0,4,10.0,0,10,6,6,zero,100
manual_screen,shock,1,200,1,4,29.0,0,29,18,18,zero,100
manual_screen,shock,1,200,2,4,81.0,0,81,20,20,zero,100
llm_library,base,0,1,0,10,10.0,10,0,10,10,zero,
llm_library,base,0,1,1,10,10.0,10,0,15,15,zero,
llm_library,base,0,1,2,10,5.0,5,0,0,0,zero,
llm_library,base,0,2,0,11,9.0,9,0,10,10,zero,
llm_library,base,0,2,1,11,10.0,10,0,1,1,zero,
llm_library,base,0,2,2,11,14.0,14,0,20,20,zero,
llm_library,base,0,3,0,11,8.0,8,0,19,19,zero,
llm_library,base,0,3,1,11,1.0,1,0,15,15,zero,
llm_library,base,0,3,2,11,9.0,9,0,3,3,zero,
llm_library,base,0,4,0,11,7.0,7,0,6,6,zero,
llm_library,base,0,4,1,11,5.0,5,0,15,15,zero,
llm_library,base,0,4,2,11,4.0,4,0,20,20,zero,
llm_library,base,0,5,0,11,6.0,6,0,10,10,zero,
llm_library,base,0,5,1,11,10.0,10,0,15,15,zero,
llm_library,base,0,5,2,11,11.0,0,11,20,20,zero,
llm_library,base,0,6,0,10,6.0,6,0,6,6,zero,
llm_library,base,0,6,1,10,5.0,5,0,15,15,zero,
llm_library,base,0,6,2,10,6.0,0,6,20,20,zero,
llm_library,base,0,7,0,10,15.0,15,0,10,10,zero,
llm_library,base,0,7,1,10,10.0,10,0,3,3,zero,
llm_library,base,0,7,2,10,6.0,0,6,20,20,zero,
llm_library,base,0,8,0,10,11.0,11,0,6,6,zero,
llm_library,base,0,8,1,10,19.0,19,0,15,15,zero,
llm_library,base,0,8,2,10,1.0,0,1,0,0,zero,
llm_library,base,0,9,0,11,10.0,10,0,19,19,zero,
llm_library,base,0,9,1,11,4.0,4,0,0,0,zero,
llm_library,base,0,9,2,11,19.0,19,0,0,0,zero,
llm_library,base,0,10,0,12,4.0,4,0,9,9,zero,
llm_library,base,0,10,1,12,15.0,15,0,15,15,zero,
llm_library,base,0,10,2,12,24.0,24,0,0,0,zero,
llm_library,base,0,11,0,13,1.0,1,0,9,9,zero,
llm_library,base,0,11,1,13,9.0,9,0,3,3,zero,
llm_library,base,0,11,2,13,41.0,41,0,1,1,zero,
llm_library,base,0,12,0,11,4.0,0,4,10,10,zero,
llm_library,base,0,12,1,11,19.0,19,0,15,15,zero,
llm_library,base,0,12,2,11,26.0,26,0,0,0,zero,
llm_library,base,0,13,0,11,4.0,4,0,10,10,zero,
llm_library,base,0,13,1,11,10.0,10,0,3,3,zero,
llm_library,base,0,13,2,11,23.0,23,0,20,20,zero,
llm_library,base,0,14,0,13,-0.0,0,0,19,19,zero,
llm_library,base,0,14,1,13,6.0,6,0,15,15,zero,
llm_library,base,0,14,2,13,8.0,8,0,3,3,zero,
llm_library,base,0,15,0,12,3.0,0,3,9,9,zero,
llm_library,base,0,15,1,12,-0.0,0,0,15,15,zero,
llm_library,base,0,15,2,12,6.0,0,6,20,20,zero,
llm_library,base,0,16,0,13,6.0,0,6,19,19,zero,
llm_library,base,0,16,1,13,4.0,0,4,15,15,zero,
llm_library,base,0,16,2,13,21.0,0,21,20,20,zero,
llm_library,base,0,17,0,12,8.0,0,8,10,10,zero,
llm_library,base,0,17,1,12,11.0,0,11,15,15,zero,
llm_library,base,0,17,2,12,16.0,0,16,20,20,zero,
llm_library,base,0,18,0,14,3.0,0,3,10,10,zero,
llm_library,base,0,18,1,14,6.0,0,6,15,15,zero,
llm_library,base,0,18,2,14,28.0,0,28,20,20,zero,
llm_library,base,0,19,0,13,7.0,0,7,10,10,zero,
llm_library,base,0,19,1,13,7.0,0,7,15,15,zero,
llm_library,base,0,19,2,13,23.0,0,23,16,16,zero,
llm_library,base,0,20,0,12,4.0,0,4,19,19,zero,
llm_library,base,0,20,1,12,26.0,0,26,15,15,zero,
llm_library,base,0,20,2,12,18.0,0,18,16,16,zero,
llm_library,base,0,21,0,12,13.0,0,13,19,19,zero,
llm_library,base,0,21,1,12,25.0,0,25,18,18,zero,
llm_library,base,0,21,2,12,16.0,0,16,16,16,zero,
llm_library,base,0,22,0,11,9.0,0,9,10,10,zero,
llm_library,base,0,22,1,11,32.0,0,32,18,18,zero,
llm_library,base,0,22,2,11,14.0,0,14,20,20,zero,
llm_library,base,0,23,0,10,10.0,0,10,19,19,zero,
llm_library,base,0,23,1,10,31.0,0,31,3,3,zero,
llm_library,base,0,23,2,10,1.0,0,1,20,20,zero,
llm_library,base,0,24,0,10,20.0,0,20,10,10,zero,
llm_library,base,0,24,1,10,21.0,0,21,18,18,zero,
llm_library,base,0,24,2,10,3.0,0,3,1,1,zero,
llm_library,base,0,25,0,11,11.0,0,11,6,6,zero,
llm_library,base,0,25,1,11,7.0,0,7,18,18,zero,
llm_library,base,0,25,2,11,5.0,0,5,16,16,zero,
llm_library,base,0,26,0,11,19.0,0,19,6,6,zero,
llm_library,base,0,26,1,11,7.0,7,0,0,0,zero,
llm_library,base,0,26,2,11,15.0,15,0,20,20,zero,
llm_library,base,0,27,0,11,10.0,0,10,6,6,zero,
llm_library,base,0,27,1,11,17.0,17,0,0,0,zero,
llm_library,base,0,27,2,11,35.0,35,0,0,0,zero,
llm_library,base,0,28,0,10,-0.0,0,0,6,6,zero,
llm_library,base,0,28,1,10,27.0,27,0,0,0,zero,
llm_library,base,0,28,2,10,36.0,36,0,0,0,zero,
llm_library,base,0,29,0,11,9.0,9,0,10,10,zero,
llm_library,base,0,29,1,11,33.0,33,0,12,12,zero,
llm_library,base,0,29,2,11,40.0,40,0,0,0,zero,
llm_library,base,0,30,0,12,10.0,10,0,19,19,zero,
llm_library,base,0,30,1,12,19.0,19,0,12,12,zero,
llm_library,base,0,30,2,12,48.0,48,0,0,0,zero,
llm_library,base,0,31,0,10,6.0,6,0,9,9,zero,
llm_library,base,0,31,1,10,10.0,10,0,18,18,zero,
llm_library,base,0,31,2,10,30.0,30,0,1,1,zero,
llm_library,base,0,32,0,10,2.0,2,0,10,10,zero,
llm_library,base,0,32,1,10,-0.0,0,0,3,3,zero,
llm_library,base,0,32,2,10,27.0,27,0,20,20,zero,
llm_library,base,0,33,0,11,1.0,1,0,6,6,zero,
llm_library,base,0,33,1,11,6.0,6,0,15,15,zero,
llm_library,base,0,33,2,11,12.0,12,0,3,3,zero,
llm_library,base,0,34,0,12,8.0,8,0,10,10,zero,
llm_library,base,0,34,1,12,8.0,8,0,3,3,zero,
llm_library,base,0,34,2,12,9.0,9,0,20,20,zero,
llm_library,base,0,35,0,11,6.0,6,0,19,19,zero,
llm_library,base,0,35,1,11,7.0,7,0,15,15,zero,
llm_library,base,0,35,2,11,5.0,0,5,3,3,zero,
llm_library,base,0,36,0,11,5.0,5,0,9,9,zero,
llm_library,base,0,36,1,11,1.0,1,0,15,15,zero,
llm_library,base,0,36,2,11,-0.0,0,0,20,20,zero,
llm_library,base,0,37,0,11,-0.0,0,0,10,10,zero,
llm_library,base,0,37,1,11,6.0,6,0,15,15,zero,
llm_library,base,0,37,2,11,12.0,0,12,20,20,zero,
llm_library,base,0,38,0,10,-0.0,0,0,6,6,zero,
llm_library,base,0,38,1,10,3.0,3,0,15,15,zero,
llm_library,base,0,38,2,10,7.0,0,7,20,20,zero,
llm_library,base,0,39,0,12,7.0,7,0,10,10,zero,
llm_library,base,0,39,1,12,3.0,3,0,3,3,zero,
llm_library,base,0,39,2,12,7.0,0,7,20,20,zero,
llm_library,base,0,40,0,13,3.0,3,0,19,19,zero,
llm_library,base,0,40,1,13,4.0,4,0,15,15,zero,
llm_library,base,0,40,2,13,2.0,0,2,0,0,zero,
llm_library,base,0,41,0,13,-0.0,0,0,9,9,zero,
llm_library,base,0,41,1,13,2.0,0,2,15,15,zero,
llm_library,base,0,41,2,13,3.0,3,0,0,0,zero,
llm_library,base,0,42,0,11,5.0,0,5,19,19,zero,
llm_library,base,0,42,1,11,1.0,0,1,15,15,zero,
llm_library,base,0,42,2,11,8.0,8,0,20,20,zero,
llm_library,base,0,43,0,11,6.0,0,6,6,6,zero,
llm_library,base,0,43,1,11,4.0,0,4,18,18,zero,
llm_library,base,0,43,2,11,10.0,10,0,20,20,zero,
llm_library,base,0,44,0,13,-0.0,0,0,10,10,zero,
llm_library,base,0,44,1,13,6.0,6,0,3,3,zero,
llm_library,base,0,44,2,13,7.0,7,0,20,20,zero,
llm_library,base,0,45,0,14,7.0,0,7,10,10,zero,
llm_library,base,0,45,1,14,13.0,13,0,15,15,zero,
llm_library,base,0,45,2,14,8.0,0,8,0,0,zero,
llm_library,base,0,46,0,13,-0.0,0,0,19,19,zero,
llm_library,base,0,46,1,13,9.0,9,0,15,15,zero,
llm_library,base,0,46,2,13,3.0,0,3,0,0,zero,
llm_library,base,0,47,0,14,11.0,0,11,9,9,zero,
llm_library,base,0,47,1,14,18.0,18,0,15,15,zero,
llm_library,base,0,47,2,14,2.0,2,0,20,20,zero,
llm_library,base,0,48,0,14,11.0,0,11,19,19,zero,
llm_library,base,0,48,1,14,2.0,2,0,3,3,zero,
llm_library,base,0,48,2,14,19.0,19,0,20,20,zero,
llm_library,base,0,49,0,16,17.0,0,17,10,10,zero,
llm_library,base,0,49,1,16,1.0,0,1,15,15,zero,
llm_library,base,0,49,2,16,4.0,4,0,0,0,zero,
llm_library,base,0,50,0,18,16.0,0,16,19,19,zero,
llm_library,base,0,50,1,18,-0.0,0,0,15,15,zero,
llm_library,base,0,50,2,18,11.0,0,11,20,20,zero,
llm_library,base,0,51,0,20,27.0,0,27,19,19,zero,
llm_library,base,0,51,1,20,1.0,0,1,15,15,zero,
llm_library,base,0,51,2,20,6.0,0,6,20,20,zero,
llm_library,base,0,52,0,20,28.0,0,28,19,19,zero,
llm_library,base,0,52,1,20,17.0,0,17,15,15,zero,
llm_library,base,0,52,2,20,1.0,0,1,20,20,zero,
llm_library,base,0,53,0,18,37.0,0,37,19,19,zero,
llm_library,base,0,53,1,18,21.0,0,21,18,18,zero,
llm_library,base,0,53,2,18,19.0,0,19,20,20,zero,
llm_library,base,0,54,0,19,36.0,0,36,10,10,zero,
llm_library,base,0,54,1,19,27.0,0,27,18,18,zero,
llm_library,base,0,54,2,19,17.0,0,17,16,16,zero,
llm_library,base,0,55,0,17,35.0,0,35,19,19,zero,
llm_library,base,0,55,1,17,26.0,0,26,15,15,zero,
llm_library,base,0,55,2,17,12.0,0,12,20,20,zero,
llm_library,base,0,56,0,17,49.0,0,49,19,19,zero,
llm_library,base,0,56,1,17,25.0,0,25,18,18,zero,
llm_library,base,0,56,2,17,10.0,0,10,16,16,zero,
llm_library,base,0,57,0,19,53.0,0,53,19,19,zero,
llm_library,base,0,57,1,19,44.0,0,44,18,18,zero,
llm_library,base,0,57,2,19,8.0,0,8,20,20,zero,
llm_library,base,0,58,0,17,66.0,0,66,17,17,zero,
llm_library,base,0,58,1,17,41.0,0,41,18,18,zero,
llm_library,base,0,58,2,17,10.0,0,10,20,20,zero,
llm_library,base,0,59,0,18,64.0,0,64,17,17,zero,
llm_library,base,0,59,1,18,38.0,0,38,18,18,zero,
llm_library,base,0,59,2,18,8.0,0,8,20,20,zero,
llm_library,base,0,60,0,17,61.0,0,61,17,17,zero,
llm_library,base,0,60,1,17,35.0,0,35,18,18,zero,
llm_library,base,0,60,2,17,10.0,0,10,20,20,zero,
llm_library,base,0,61,0,17,78.0,0,78,17,17,zero,
llm_library,base,0,61,1,17,32.0,0,32,18,18,zero,
llm_library,base,0,61,2,17,8.0,0,8,16,16,zero,
llm_library,base,0,62,0,16,74.0,0,74,17,17,zero,
llm_library,base,0,62,1,16,33.0,0,33,18,18,zero,
llm_library,base,0,62,2,16,6.0,0,6,20,20,zero,
llm_library,base,0,63,0,17,71.0,0,71,17,17,zero,
llm_library,base,0,63,1,17,30.0,0,30,18,18,zero,
llm_library,base,0,63,2,17,4.0,0,4,20,20,zero,
llm_library,base,0,64,0,16,67.0,0,67,17,17,zero,
llm_library,base,0,64,1,16,31.0,0,31,18,18,zero,
llm_library,base,0,64,2,16,2.0,0,2,20,20,zero,
llm_library,base,0,65,0,16,63.0,0,63,17,17,zero,
llm_library,base,0,65,1,16,28.0,0,28,18,18,zero,
llm_library,base,0,65,2,16,4.0,0,4,16,16,zero,
llm_library,base,0,66,0,17,64.0,0,64,17,17,zero,
llm_library,base,0,66,1,17,25.0,0,25,18,18,zero,
llm_library,base,0,66,2,17,2.0,0,2,16,16,zero,
llm_library,base,0,67,0,18,62.0,0,62,17,17,zero,
llm_library,base,0,67,1,18,22.0,0,22,18,18,zero,
llm_library,base,0,67,2,18,-0.0,0,0,16,16,zero,
llm_library,base,0,68,0,16,62.0,0,62,17,17,zero,
llm_library,base,0,68,1,16,19.0,0,19,18,18,zero,
llm_library,base,0,68,2,16,2.0,2,0,20,20,zero,
llm_library,base,0,69,0,18,60.0,0,60,17,17,zero,
llm_library,base,0,69,1,18,20.0,0,20,18,18,zero,
llm_library,base,0,69,2,18,-0.0,0,0,20,20,zero,
llm_library,base,0,70,0,15,55.0,0,55,17,17,zero,
llm_library,base,0,70,1,15,17.0,0,17,18,18,zero,
llm_library,base,0,70,2,15,2.0,0,2,16,16,zero,
llm_library,base,0,71,0,14,49.0,0,49,10,10,zero,
llm_library,base,0,71,1,14,7.0,0,7,18,18,zero,
llm_library,base,0,71,2,14,4.0,0,4,16,16,zero,
llm_library,base,0,72,0,15,44.0,0,44,10,10,zero,
llm_library,base,0,72,1,15,1.0,1,0,18,18,zero,
llm_library,base,0,72,2,15,2.0,0,2,20,20,zero,
llm_library,base,0,73,0,14,42.0,0,42,19,19,zero,
llm_library,base,0,73,1,14,-0.0,0,0,18,18,zero,
llm_library,base,0,73,2,14,-0.0,0,0,20,20,zero,
llm_library,base,0,74,0,13,35.0,0,35,10,10,zero,
llm_library,base,0,74,1,13,6.0,6,0,18,18,zero,
llm_library,base,0,74,2,13,2.0,0,2,16,16,zero,
llm_library,base,0,75,0,13,28.0,0,28,10,10,zero,
llm_library,base,0,75,1,13,12.0,12,0,18,18,zero,
llm_library,base,0,75,2,13,4.0,0,4,16,16,zero,
llm_library,base,0,76,0,12,23.0,0,23,10,10,zero,
llm_library,base,0,76,1,12,22.0,22,0,0,0,zero,
llm_library,base,0,76,2,12,16.0,16,0,20,20,zero,
llm_library,base,0,77,0,13,17.0,0,17,10,10,zero,
llm_library,base,0,77,1,13,32.0,32,0,3,3,zero,
llm_library,base,0,77,2,13,33.0,33,0,0,0,zero,
llm_library,base,0,78,0,12,19.0,0,19,19,19,zero,
llm_library,base,0,78,1,12,29.0,29,0,12,12,zero,
llm_library,base,0,78,2,12,37.0,37,0,0,0,zero,
llm_library,base,0,79,0,14,23.0,0,23,10,10,zero,
llm_library,base,0,79,1,14,35.0,35,0,18,18,zero,
llm_library,base,0,79,2,14,35.0,35,0,0,0,zero,
llm_library,base,0,80,0,15,28.0,0,28,19,19,zero,
llm_library,base,0,80,1,15,20.0,20,0,15,15,zero,
llm_library,base,0,80,2,15,40.0,40,0,16,16,zero,
llm_library,base,0,81,0,14,32.0,0,32,19,19,zero,
llm_library,base,0,81,1,14,4.0,4,0,15,15,zero,
llm_library,base,0,81,2,14,25.0,25,0,20,20,zero,
llm_library,base,0,82,0,13,26.0,0,26,10,10,zero,
llm_library,base,0,82,1,13,6.0,6,0,15,15,zero,
llm_library,base,0,82,2,13,10.0,10,0,20,20,zero,
llm_library,base,0,83,0,12,28.0,0,28,19,19,zero,
llm_library,base,0,83,1,12,5.0,5,0,15,15,zero,
llm_library,base,0,83,2,12,5.0,0,5,20,20,zero,
llm_library,base,0,84,0,11,20.0,0,20,10,10,zero,
llm_library,base,0,84,1,11,10.0,10,0,15,15,zero,
llm_library,base,0,84,2,11,4.0,0,4,0,0,zero,
llm_library,base,0,85,0,11,12.0,0,12,10,10,zero,
llm_library,base,0,85,1,11,15.0,15,0,15,15,zero,
llm_library,base,0,85,2,11,1.0,1,0,0,0,zero,
llm_library,base,0,86,0,12,14.0,0,14,10,10,zero,
llm_library,base,0,86,1,12,20.0,20,0,3,3,zero,
llm_library,base,0,86,2,12,18.0,18,0,20,20,zero,
llm_library,base,0,87,0,15,10.0,0,10,10,10,zero,
llm_library,base,0,87,1,15,20.0,20,0,3,3,zero,
llm_library,base,0,87,2,15,35.0,35,0,3,3,zero,
llm_library,base,0,88,0,14,14.0,0,14,19,19,zero,
llm_library,base,0,88,1,14,17.0,17,0,15,15,zero,
llm_library,base,0,88,2,14,20.0,20,0,0,0,zero,
llm_library,base,0,89,0,15,19.0,0,19,19,19,zero,
llm_library,base,0,89,1,15,17.0,17,0,15,15,zero,
llm_library,base,0,89,2,15,5.0,5,0,16,16,zero,
llm_library,base,0,90,0,15,24.0,0,24,19,19,zero,
llm_library,base,0,90,1,15,1.0,1,0,15,15,zero,
llm_library,base,0,90,2,15,10.0,10,0,20,20,zero,
llm_library,base,0,91,0,15,29.0,0,29,17,17,zero,
llm_library,base,0,91,1,15,13.0,0,13,15,15,zero,
llm_library,base,0,91,2,15,2.0,0,2,20,20,zero,
llm_library,base,0,92,0,14,24.0,0,24,19,19,zero,
llm_library,base,0,92,1,14,17.0,0,17,18,18,zero,
llm_library,base,0,92,2,14,20.0,0,20,20,20,zero,
llm_library,base,0,93,0,14,19.0,0,19,10,10,zero,
llm_library,base,0,93,1,14,12.0,0,12,18,18,zero,
llm_library,base,0,93,2,14,22.0,0,22,20,20,zero,
llm_library,base,0,94,0,13,13.0,0,13,19,19,zero,
llm_library,base,0,94,1,13,16.0,0,16,15,15,zero,
llm_library,base,0,94,2,13,17.0,0,17,16,16,zero,
llm_library,base,0,95,0,14,23.0,0,23,19,19,zero,
llm_library,base,0,95,1,14,22.0,0,22,18,18,zero,
llm_library,base,0,95,2,14,15.0,0,15,16,16,zero,
llm_library,base,0,96,0,16,24.0,0,24,19,19,zero,
llm_library,base,0,96,1,16,41.0,0,41,18,18,zero,
llm_library,base,0,96,2,16,13.0,0,13,20,20,zero,
llm_library,base,0,97,0,15,24.0,0,24,19,19,zero,
llm_library,base,0,97,1,15,44.0,0,44,18,18,zero,
llm_library,base,0,97,2,15,11.0,0,11,20,20,zero,
llm_library,base,0,98,0,12,21.0,0,21,10,10,zero,
llm_library,base,0,98,1,12,34.0,0,34,18,18,zero,
llm_library,base,0,98,2,12,13.0,0,13,20,20,zero,
llm_library,base,0,99,0,13,21.0,0,21,10,10,zero,
llm_library,base,0,99,1,13,24.0,0,24,3,3,zero,
llm_library,base,0,99,2,13,-0.0,0,0,20,20,zero,
llm_library,base,0,100,0,14,35.0,0,35,19,19,zero,
llm_library,base,0,100,1,14,23.0,0,23,3,3,zero,
llm_library,base,0,100,2,14,17.0,17,0,1,1,zero,
llm_library,base,0,101,0,15,34.0,0,34,10,10,zero,
llm_library,base,0,101,1,15,13.0,0,13,18,18,zero,
llm_library,base,0,101,2,15,19.0,19,0,0,0,zero,
llm_library,base,0,102,0,13,27.0,0,27,10,10,zero,
llm_library,base,0,102,1,13,7.0,0,7,18,18,zero,
llm_library,base,0,102,2,13,21.0,21,0,16,16,zero,
llm_library,base,0,103,0,13,20.0,0,20,10,10,zero,
llm_library,base,0,103,1,13,1.0,0,1,18,18,zero,
llm_library,base,0,103,2,13,23.0,23,0,20,20,zero,
llm_library,base,0,104,0,11,11.0,0,11,10,10,zero,
llm_library,base,0,104,1,11,8.0,0,8,3,3,zero,
llm_library,base,0,104,2,11,21.0,21,0,20,20,zero,
llm_library,base,0,105,0,10,1.0,0,1,10,10,zero,
llm_library,base,0,105,1,10,-0.0,0,0,18,18,zero,
llm_library,base,0,105,2,10,3.0,3,0,0,0,zero,
llm_library,base,0,106,0,10,5.0,5,0,6,6,zero,
llm_library,base,0,106,1,10,12.0,12,0,18,18,zero,
llm_library,base,0,106,2,10,1.0,1,0,3,3,zero,
llm_library,base,0,107,0,9,12.0,12,0,10,10,zero,
llm_library,base,0,107,1,9,20.0,20,0,3,3,zero,
llm_library,base,0,107,2,9,18.0,18,0,20,20,zero,
llm_library,base,0,108,0,9,6.0,6,0,6,6,zero,
llm_library,base,0,108,1,9,17.0,17,0,12,12,zero,
llm_library,base,0,108,2,9,26.0,26,0,0,0,zero,
llm_library,base,0,109,0,9,15.0,15,0,6,6,zero,
llm_library,base,0,109,1,9,29.0,29,0,0,0,zero,
llm_library,base,0,109,2,9,26.0,26,0,2,2,zero,
llm_library,base,0,110,0,9,12.0,12,0,10,10,zero,
llm_library,base,0,110,1,9,37.0,37,0,0,0,zero,
llm_library,base,0,110,2,9,29.0,29,0,0,0,zero,
llm_library,base,0,111,0,12,10.0,10,0,9,9,zero,
llm_library,base,0,111,1,12,31.0,31,0,12,12,zero,
llm_library,base,0,111,2,12,37.0,37,0,0,0,zero,
llm_library,base,0,112,0,12,4.0,4,0,19,19,zero,
llm_library,base,0,112,1,12,24.0,24,0,15,15,zero,
llm_library,base,0,112,2,12,22.0,22,0,1,1,zero,
llm_library,base,0,113,0,11,1.0,0,1,9,9,zero,
llm_library,base,0,113,1,11,15.0,15,0,15,15,zero,
llm_library,base,0,113,2,11,9.0,9,0,20,20,zero,
llm_library,base,0,114,0,12,3.0,0,3,9,9,zero,
llm_library,base,0,114,1,12,6.0,6,0,3,3,zero,
llm_library,base,0,114,2,12,6.0,6,0,20,20,zero,
llm_library,base,0,115,0,12,6.0,0,6,10,10,zero,
llm_library,base,0,115,1,12,8.0,8,0,15,15,zero,
llm_library,base,0,115,2,12,9.0,0,9,0,0,zero,
llm_library,base,0,116,0,15,2.0,0,2,10,10,zero,
llm_library,base,0,116,1,15,13.0,13,0,15,15,zero,
llm_library,base,0,116,2,15,23.0,0,23,20,20,zero,
llm_library,base,0,117,0,16,9.0,0,9,19,19,zero,
llm_library,base,0,117,1,16,9.0,9,0,15,15,zero,
llm_library,base,0,117,2,16,18.0,0,18,20,20,zero,
llm_library,base,0,118,0,15,15.0,0,15,19,19,zero,
llm_library,base,0,118,1,15,7.0,0,7,15,15,zero,
llm_library,base,0,118,2,15,13.0,0,13,20,20,zero,
llm_library,base,0,119,0,16,21.0,0,21,19,19,zero,
llm_library,base,0,119,1,16,20.0,0,20,15,15,zero,
llm_library,base,0,119,2,16,28.0,0,28,20,20,zero,
llm_library,base,0,120,0,18,29.0,0,29,19,19,zero,
llm_library,base,0,120,1,18,38.0,0,38,15,15,zero,
llm_library,base,0,120,2,18,23.0,0,23,17,17,zero,
llm_library,base,0,121,0,17,27.0,0,27,19,19,zero,
llm_library,base,0,121,1,17,37.0,0,37,18,18,zero,
llm_library,base,0,121,2,17,21.0,0,21,16,16,zero,
llm_library,base,0,122,0,17,32.0,0,32,10,10,zero,
llm_library,base,0,122,1,17,27.0,0,27,18,18,zero,
llm_library,base,0,122,2,17,19.0,0,19,20,20,zero,
llm_library,base,0,123,0,17,43.0,0,43,19,19,zero,
llm_library,base,0,123,1,17,46.0,0,46,18,18,zero,
llm_library,base,0,123,2,17,17.0,0,17,20,20,zero,
llm_library,base,0,124,0,19,61.0,0,61,17,17,zero,
llm_library,base,0,124,1,19,43.0,0,43,18,18,zero,
llm_library,base,0,124,2,19,18.0,0,18,20,20,zero,
llm_library,base,0,125,0,20,61.0,0,61,17,17,zero,
llm_library,base,0,125,1,20,40.0,0,40,18,18,zero,
llm_library,base,0,125,2,20,20.0,0,20,20,20,zero,
llm_library,base,0,126,0,20,61.0,0,61,17,17,zero,
llm_library,base,0,126,1,20,37.0,0,37,18,18,zero,
llm_library,base,0,126,2,20,18.0,0,18,20,20,zero,
llm_library,base,0,127,0,20,81.0,0,81,17,17,zero,
llm_library,base,0,127,1,20,34.0,0,34,18,18,zero,
llm_library,base,0,127,2,20,16.0,0,16,20,20,zero,
llm_library,base,0,128,0,20,81.0,0,81,17,17,zero,
llm_library,base,0,128,1,20,34.0,0,34,18,18,zero,
llm_library,base,0,128,2,20,14.0,0,14,16,16,zero,
llm_library,base,0,129,0,20,81.0,0,81,17,17,zero,
llm_library,base,0,129,1,20,35.0,0,35,18,18,zero,
llm_library,base,0,129,2,20,12.0,0,12,20,20,zero,
llm_library,base,0,130,0,20,81.0,0,81,17,17,zero,
llm_library,base,0,130,1,20,32.0,0,32,18,18,zero,
llm_library,base,0,130,2,20,10.0,0,10,20,20,zero,
llm_library,base,0,131,0,20,81.0,0,81,17,17,zero,
llm_library,base,0,131,1,20,29.0,0,29,18,18,zero,
llm_library,base,0,131,2,20,8.0,0,8,20,20,zero,
llm_library,base,0,132,0,20,84.0,0,84,17,17,zero,
llm_library,base,0,132,1,20,26.0,0,26,18,18,zero,
llm_library,base,0,132,2,20,10.0,0,10,20,20,zero,
llm_library,base,0,133,0,20,88.0,0,88,17,17,zero,
llm_library,base,0,133,1,20,23.0,0,23,18,18,zero,
llm_library,base,0,133,2,20,8.0,0,8,16,16,zero,
llm_library,base,0,134,0,20,88.0,0,88,17,17,zero,
llm_library,base,0,134,1,20,20.0,0,20,18,18,zero,
llm_library,base,0,134,2,20,6.0,0,6,20,20,zero,
llm_library,base,0,135,0,20,88.0,0,88,17,17,zero,
llm_library,base,0,135,1,20,17.0,0,17,18,18,zero,
llm_library,base,0,135,2,20,4.0,0,4,20,20,zero,
llm_library,base,0,136,0,20,88.0,0,88,17,17,zero,
llm_library,base,0,136,1,20,18.0,0,18,18,18,zero,
llm_library,base,0,136,2,20,2.0,0,2,20,20,zero,
llm_library,base,0,137,0,20,88.0,0,88,17,17,zero,
llm_library,base,0,137,1,20,15.0,0,15,18,18,zero,
llm_library,base,0,137,2,20,4.0,0,4,16,16,zero,
llm_library,base,0,138,0,20,88.0,0,88,17,17,zero,
llm_library,base,0,138,1,20,12.0,0,12,18,18,zero,
llm_library,base,0,138,2,20,2.0,0,2,16,16,zero,
llm_library,base,0,139,0,20,88.0,0,88,17,17,zero,
llm_library,base,0,139,1,20,9.0,0,9,18,18,zero,
llm_library,base,0,139,2,20,-0.0,0,0,16,16,zero,
llm_library,base,0,140,0,20,92.0,0,92,17,17,zero,
llm_library,base,0,140,1,20,6.0,0,6,18,18,zero,
llm_library,base,0,140,2,20,2.0,2,0,20,20,zero,
llm_library,base,0,141,0,20,92.0,0,92,17,17,zero,
llm_library,base,0,141,1,20,7.0,0,7,18,18,zero,
llm_library,base,0,141,2,20,-0.0,0,0,20,20,zero,
llm_library,base,0,142,0,20,92.0,0,92,17,17,zero,
llm_library,base,0,142,1,20,4.0,0,4,18,18,zero,
llm_library,base,0,142,2,20,2.0,0,2,16,16,zero,
llm_library,base,0,143,0,20,92.0,0,92,17,17,zero,
llm_library,base,0,143,1,20,1.0,0,1,18,18,zero,
llm_library,base,0,143,2,20,4.0,0,4,16,16,zero,
llm_library,base,0,144,0,20,92.0,0,92,17,17,zero,
llm_library,base,0,144,1,20,-0.0,0,0,18,18,zero,
llm_library,base,0,144,2,20,2.0,0,2,20,20,zero,
llm_library,base,0,145,0,20,96.0,0,96,17,17,zero,
llm_library,base,0,145,1,20,1.0,1,0,18,18,zero,
llm_library,base,0,145,2,20,-0.0,0,0,20,20,zero,
llm_library,base,0,146,0,20,96.0,0,96,17,17,zero,
llm_library,base,0,146,1,20,-0.0,0,0,18,18,zero,
llm_library,base,0,146,2,20,2.0,0,2,16,16,zero,
llm_library,base,0,147,0,19,95.0,0,95,17,17,zero,
llm_library,base,0,147,1,19,1.0,0,1,18,18,zero,
llm_library,base,0,147,2,19,4.0,0,4,16,16,zero,
llm_library,base,0,148,0,17,94.0,0,94,17,17,zero,
llm_library,base,0,148,1,17,2.0,2,0,18,18,zero,
llm_library,base,0,148,2,17,2.0,0,2,20,20,zero,
llm_library,base,0,149,0,18,95.0,0,95,17,17,zero,
llm_library,base,0,149,1,18,5.0,5,0,18,18,zero,
llm_library,base,0,149,2,18,-0.0,0,0,20,20,zero,
llm_library,base,0,150,0,17,95.0,0,95,17,17,zero,
llm_library,base,0,150,1,17,4.0,4,0,18,18,zero,
llm_library,base,0,150,2,17,2.0,0,2,16,16,zero,
llm_library,base,0,151,0,19,98.0,0,98,17,17,zero,
llm_library,base,0,151,1,19,3.0,3,0,18,18,zero,
llm_library,base,0,151,2,19,4.0,0,4,16,16,zero,
llm_library,base,0,152,0,18,98.0,0,98,17,17,zero,
llm_library,base,0,152,1,18,6.0,6,0,18,18,zero,
llm_library,base,0,152,2,18,2.0,0,2,20,20,zero,
llm_library,base,0,153,0,18,99.0,0,99,17,17,zero,
llm_library,base,0,153,1,18,9.0,9,0,18,18,zero,
llm_library,base,0,153,2,18,-0.0,0,0,20,20,zero,
llm_library,base,0,154,0,17,99.0,0,99,17,17,zero,
llm_library,base,0,154,1,17,8.0,8,0,18,18,zero,
llm_library,base,0,154,2,17,2.0,0,2,16,16,zero,
llm_library,base,0,155,0,17,99.0,0,99,17,17,zero,
llm_library,base,0,155,1,17,7.0,7,0,18,18,zero,
llm_library,base,0,155,2,17,4.0,0,4,16,16,zero,
llm_library,base,0,156,0,17,99.0,0,99,17,17,zero,
llm_library,base,0,156,1,17,10.0,10,0,18,18,zero,
llm_library,base,0,156,2,17,2.0,0,2,20,20,zero,
llm_library,base,0,157,0,20,102.0,0,102,17,17,zero,
llm_library,base,0,157,1,20,13.0,13,0,18,18,zero,
llm_library,base,0,157,2,20,-0.0,0,0,20,20,zero,
llm_library,base,0,158,0,19,104.0,0,104,17,17,zero,
llm_library,base,0,158,1,19,12.0,12,0,18,18,zero,
llm_library,base,0,158,2,19,2.0,0,2,16,16,zero,
llm_library,base,0,159,0,19,106.0,0,106,17,17,zero,
llm_library,base,0,159,1,19,11.0,11,0,18,18,zero,
llm_library,base,0,159,2,19,4.0,0,4,16,16,zero,
llm_library,base,0,160,0,20,109.0,0,109,17,17,zero,
llm_library,base,0,160,1,20,14.0,14,0,18,18,zero,
llm_library,base,0,160,2,20,2.0,0,2,20,20,zero,
llm_library,base,0,161,0,20,112.0,0,112,17,17,zero,
llm_library,base,0,161,1,20,17.0,17,0,18,18,zero,
llm_library,base,0,161,2,20,-0.0,0,0,20,20,zero,
llm_library,base,0,162,0,20,115.0,0,115,17,17,zero,
llm_library,base,0,162,1,20,16.0,16,0,15,15,zero,
llm_library,base,0,162,2,20,1.0,1,0,16,16,zero,
llm_library,base,0,163,0,20,118.0,0,118,17,17,zero,
llm_library,base,0,163,1,20,15.0,15,0,15,15,zero,
llm_library,base,0,163,2,20,2.0,2,0,16,16,zero,
llm_library,base,0,164,0,20,121.0,0,121,17,17,zero,
llm_library,base,0,164,1,20,18.0,18,0,15,15,zero,
llm_library,base,0,164,2,20,7.0,7,0,16,16,zero,
llm_library,base,0,165,0,20,124.0,0,124,17,17,zero,
llm_library,base,0,165,1,20,21.0,21,0,15,15,zero,
llm_library,base,0,165,2,20,12.0,12,0,0,0,zero,
llm_library,base,0,166,0,20,127.0,0,127,17,17,zero,
llm_library,base,0,166,1,20,19.0,19,0,15,15,zero,
llm_library,base,0,166,2,20,13.0,13,0,16,16,zero,
llm_library,base,0,167,0,20,130.0,0,130,17,17,zero,
llm_library,base,0,167,1,20,17.0,17,0,15,15,zero,
llm_library,base,0,167,2,20,14.0,14,0,20,20,zero,
llm_library,base,0,168,0,20,133.0,0,133,17,17,zero,
llm_library,base,0,168,1,20,15.0,15,0,15,15,zero,
llm_library,base,0,168,2,20,15.0,15,0,20,20,zero,
llm_library,base,0,169,0,20,136.0,0,136,17,17,zero,
llm_library,base,0,169,1,20,13.0,13,0,15,15,zero,
llm_library,base,0,169,2,20,-0.0,0,0,20,20,zero,
llm_library,base,0,170,0,20,139.0,0,139,17,17,zero,
llm_library,base,0,170,1,20,11.0,11,0,15,15,zero,
llm_library,base,0,170,2,20,1.0,1,0,0,0,zero,
llm_library,base,0,171,0,20,142.0,0,142,17,17,zero,
llm_library,base,0,171,1,20,9.0,9,0,15,15,zero,
llm_library,base,0,171,2,20,6.0,6,0,0,0,zero,
llm_library,base,0,172,0,20,145.0,0,145,17,17,zero,
llm_library,base,0,172,1,20,7.0,7,0,15,15,zero,
llm_library,base,0,172,2,20,11.0,11,0,20,20,zero,
llm_library,base,0,173,0,20,148.0,0,148,17,17,zero,
llm_library,base,0,173,1,20,5.0,5,0,15,15,zero,
llm_library,base,0,173,2,20,16.0,16,0,20,20,zero,
llm_library,base,0,174,0,20,151.0,0,151,17,17,zero,
llm_library,base,0,174,1,20,3.0,3,0,15,15,zero,
llm_library,base,0,174,2,20,1.0,1,0,20,20,zero,
llm_library,base,0,175,0,20,154.0,0,154,17,17,zero,
llm_library,base,0,175,1,20,1.0,1,0,15,15,zero,
llm_library,base,0,175,2,20,14.0,0,14,20,20,zero,
llm_library,base,0,176,0,20,157.0,0,157,17,17,zero,
llm_library,base,0,176,1,20,1.0,0,1,18,18,zero,
llm_library,base,0,176,2,20,12.0,0,12,0,0,zero,
llm_library,base,0,177,0,20,160.0,0,160,17,17,zero,
llm_library,base,0,177,1,20,3.0,0,3,18,18,zero,
llm_library,base,0,177,2,20,10.0,0,10,20,20,zero,
llm_library,base,0,178,0,20,163.0,0,163,17,17,zero,
llm_library,base,0,178,1,20,5.0,0,5,18,18,zero,
llm_library,base,0,178,2,20,8.0,0,8,20,20,zero,
llm_library,base,0,179,0,20,166.0,0,166,17,17,zero,
llm_library,base,0,179,1,20,21.0,0,21,18,18,zero,
llm_library,base,0,179,2,20,6.0,0,6,20,20,zero,
llm_library,base,0,180,0,20,170.0,0,170,17,17,zero,
llm_library,base,0,180,1,20,18.0,0,18,18,18,zero,
llm_library,base,0,180,2,20,24.0,0,24,20,20,zero,
llm_library,base,0,181,0,20,175.0,0,175,17,17,zero,
llm_library,base,0,181,1,20,15.0,0,15,18,18,zero,
llm_library,base,0,181,2,20,22.0,0,22,20,20,zero,
llm_library,base,0,182,0,20,180.0,0,180,17,17,zero,
llm_library,base,0,182,1,20,12.0,0,12,18,18,zero,
llm_library,base,0,182,2,20,20.0,0,20,20,20,zero,
llm_library,base,0,183,0,20,199.0,0,199,17,17,zero,
llm_library,base,0,183,1,20,9.0,0,9,18,18,zero,
llm_library,base,0,183,2,20,18.0,0,18,16,16,zero,
llm_library,base,0,184,0,20,199.0,0,199,17,17,zero,
llm_library,base,0,184,1,20,26.0,0,26,18,18,zero,
llm_library,base,0,184,2,20,16.0,0,16,20,20,zero,
llm_library,base,0,185,0,20,199.0,0,199,17,17,zero,
llm_library,base,0,185,1,20,23.0,0,23,18,18,zero,
llm_library,base,0,185,2,20,14.0,0,14,20,20,zero,
llm_library,base,0,186,0,20,199.0,0,199,17,17,zero,
llm_library,base,0,186,1,20,20.0,0,20,18,18,zero,
llm_library,base,0,186,2,20,12.0,0,12,20,20,zero,
llm_library,base,0,187,0,20,199.0,0,199,17,17,zero,
llm_library,base,0,187,1,20,17.0,0,17,18,18,zero,
llm_library,base,0,187,2,20,14.0,0,14,20,20,zero,
llm_library,base,0,188,0,20,219.0,0,219,17,17,zero,
llm_library,base,0,188,1,20,14.0,0,14,18,18,zero,
llm_library,base,0,188,2,20,12.0,0,12,20,20,zero,
llm_library,base,0,189,0,20,219.0,0,219,17,17,zero,
llm_library,base,0,189,1,20,11.0,0,11,18,18,zero,
llm_library,base,0,189,2,20,10.0,0,10,16,16,zero,
llm_library,base,0,190,0,20,219.0,0,219,17,17,zero,
llm_library,base,0,190,1,20,8.0,0,8,18,18,zero,
llm_library,base,0,190,2,20,8.0,0,8,20,20,zero,
llm_library,base,0,191,0,20,219.0,0,219,17,17,zero,
llm_library,base,0,191,1,20,9.0,0,9,18,18,zero,
llm_library,base,0,191,2,20,6.0,0,6,20,20,zero,
llm_library,base,0,192,0,20,219.0,0,219,17,17,zero,
llm_library,base,0,192,1,20,6.0,0,6,18,18,zero,
llm_library,base,0,192,2,20,4.0,0,4,20,20,zero,
llm_library,base,0,193,0,20,219.0,0,219,17,17,zero,
llm_library,base,0,193,1,20,3.0,0,3,18,18,zero,
llm_library,base,0,193,2,20,6.0,0,6,16,16,zero,
llm_library,base,0,194,0,20,219.0,0,219,17,17,zero,
llm_library,base,0,194,1,20,-0.0,0,0,18,18,zero,
llm_library,base,0,194,2,20,4.0,0,4,16,16,zero,
llm_library,base,0,195,0,20,223.0,0,223,17,17,zero,
llm_library,base,0,195,1,20,3.0,3,0,18,18,zero,
llm_library,base,0,195,2,20,2.0,0,2,20,20,zero,
llm_library,base,0,196,0,20,223.0,0,223,17,17,zero,
llm_library,base,0,196,1,20,6.0,6,0,18,18,zero,
llm_library,base,0,196,2,20,-0.0,0,0,20,20,zero,
llm_library,base,0,197,0,20,223.0,0,223,17,17,zero,
llm_library,base,0,197,1,20,5.0,5,0,18,18,zero,
llm_library,base,0,197,2,20,2.0,0,2,16,16,zero,
llm_library,base,0,198,0,20,223.0,0,223,17,17,zero,
llm_library,base,0,198,1,20,8.0,8,0,18,18,zero,
llm_library,base,0,198,2,20,4.0,0,4,16,16,zero,
llm_library,base,0,199,0,20,226.0,0,226,17,17,zero,
llm_library,base,0,199,1,20,11.0,11,0,18,18,zero,
llm_library,base,0,199,2,20,2.0,0,2,20,20,zero,
llm_library,base,0,200,0,20,229.0,0,229,17,17,zero,
llm_library,base,0,200,1,20,14.0,14,0,18,18,zero,
llm_library,base,0,200,2,20,-0.0,0,0,20,20,zero,
llm_library,base,1,1,0,10,10.0,10,0,10,10,zero,
llm_library,base,1,1,1,10,10.0,10,0,15,15,zero,
llm_library,base,1,1,2,10,5.0,5,0,0,0,zero,
llm_library,base,1,2,0,9,11.0,11,0,10,10,zero,
llm_library,base,1,2,1,9,10.0,10,0,1,1,zero,
llm_library,base,1,2,2,9,14.0,14,0,20,20,zero,
llm_library,base,1,3,0,10,11.0,11,0,6,6,zero,
llm_library,base,1,3,1,10,14.0,14,0,15,15,zero,
llm_library,base,1,3,2,10,9.0,9,0,3,3,zero,
llm_library,base,1,4,0,10,11.0,11,0,10,10,zero,
llm_library,base,1,4,1,10,14.0,14,0,1,1,zero,
llm_library,base,1,4,2,10,18.0,18,0,20,20,zero,
llm_library,base,1,5,0,10,11.0,11,0,10,10,zero,
llm_library,base,1,5,1,10,19.0,19,0,15,15,zero,
llm_library,base,1,5,2,10,3.0,3,0,0,0,zero,
llm_library,base,1,6,0,9,12.0,12,0,9,9,zero,
llm_library,base,1,6,1,9,11.0,11,0,3,3,zero,
llm_library,base,1,6,2,9,20.0,20,0,16,16,zero,
llm_library,base,1,7,0,11,7.0,7,0,9,9,zero,
llm_library,base,1,7,1,11,17.0,17,0,15,15,zero,
llm_library,base,1,7,2,11,8.0,8,0,0,0,zero,
llm_library,base,1,8,0,12,5.0,5,0,9,9,zero,
llm_library,base,1,8,1,12,9.0,9,0,1,1,zero,
llm_library,base,1,8,2,12,27.0,27,0,20,20,zero,
llm_library,base,1,9,0,12,3.0,3,0,19,19,zero,
llm_library,base,1,9,1,12,5.0,5,0,15,15,zero,
llm_library,base,1,9,2,12,12.0,12,0,0,0,zero,
llm_library,base,1,10,0,13,1.0,0,1,9,9,zero,
llm_library,base,1,10,1,13,1.0,0,1,15,15,zero,
llm_library,base,1,10,2,13,13.0,13,0,0,0,zero,
llm_library,base,1,11,0,14,6.0,0,6,19,19,zero,
llm_library,base,1,11,1,14,5.0,0,5,15,15,zero,
llm_library,base,1,11,2,14,2.0,0,2,20,20,zero,
llm_library,base,1,12,0,14,11.0,0,11,10,10,zero,
llm_library,base,1,12,1,14,14.0,0,14,15,15,zero,
llm_library,base,1,12,2,14,3.0,3,0,20,20,zero,
llm_library,base,1,13,0,15,7.0,0,7,19,19,zero,
llm_library,base,1,13,1,15,18.0,0,18,15,15,zero,
llm_library,base,1,13,2,15,12.0,0,12,20,20,zero,
llm_library,base,1,14,0,16,15.0,0,15,19,19,zero,
llm_library,base,1,14,1,16,22.0,0,22,18,18,zero,
llm_library,base,1,14,2,16,30.0,0,30,20,20,zero,
llm_library,base,1,15,0,18,18.0,0,18,19,19,zero,
llm_library,base,1,15,1,18,28.0,0,28,18,18,zero,
llm_library,base,1,15,2,18,28.0,0,28,20,20,zero,
llm_library,base,1,16,0,17,34.0,0,34,19,19,zero,
llm_library,base,1,16,1,17,30.0,0,30,18,18,zero,
llm_library,base,1,16,2,17,26.0,0,26,20,20,zero,
llm_library,base,1,17,0,18,37.0,0,37,19,19,zero,
llm_library,base,1,17,1,18,46.0,0,46,18,18,zero,
llm_library,base,1,17,2,18,24.0,0,24,20,20,zero,
llm_library,base,1,18,0,16,38.0,0,38,19,19,zero,
llm_library,base,1,18,1,16,65.0,0,65,18,18,zero,
llm_library,base,1,18,2,16,22.0,0,22,20,20,zero,
llm_library,base,1,19,0,16,41.0,0,41,19,19,zero,
llm_library,base,1,19,1,16,64.0,0,64,18,18,zero,
llm_library,base,1,19,2,16,20.0,0,20,20,20,zero,
llm_library,base,1,20,0,16,40.0,0,40,19,19,zero,
llm_library,base,1,20,1,16,63.0,0,63,18,18,zero,
llm_library,base,1,20,2,16,18.0,0,18,20,20,zero,
llm_library,base,1,21,0,16,53.0,0,53,19,19,zero,
llm_library,base,1,21,1,16,62.0,0,62,18,18,zero,
llm_library,base,1,21,2,16,16.0,0,16,20,20,zero,
llm_library,base,1,22,0,15,68.0,0,68,17,17,zero,
llm_library,base,1,22,1,15,59.0,0,59,18,18,zero,
llm_library,base,1,22,2,15,14.0,0,14,20,20,zero,
llm_library,base,1,23,0,13,61.0,0,61,17,17,zero,
llm_library,base,1,23,1,13,56.0,0,56,18,18,zero,
llm_library,base,1,23,2,13,12.0,0,12,16,16,zero,
llm_library,base,1,24,0,15,56.0,0,56,10,10,zero,
llm_library,base,1,24,1,15,46.0,0,46,18,18,zero,
llm_library,base,1,24,2,15,10.0,0,10,20,20,zero,
llm_library,base,1,25,0,16,52.0,0,52,10,10,zero,
llm_library,base,1,25,1,16,36.0,0,36,18,18,zero,
llm_library,base,1,25,2,16,8.0,0,8,20,20,zero,
llm_library,base,1,26,0,18,50.0,0,50,10,10,zero,
llm_library,base,1,26,1,18,26.0,0,26,0,0,zero,
llm_library,base,1,26,2,18,12.0,12,0,20,20,zero,
llm_library,base,1,27,0,18,48.0,0,48,19,19,zero,
llm_library,base,1,27,1,18,25.0,0,25,18,18,zero,
llm_library,base,1,27,2,18,10.0,10,0,0,0,zero,
llm_library,base,1,28,0,17,45.0,0,45,19,19,zero,
llm_library,base,1,28,1,17,24.0,0,24,18,18,zero,
llm_library,base,1,28,2,17,12.0,12,0,16,16,zero,
llm_library,base,1,29,0,16,41.0,0,41,10,10,zero,
llm_library,base,1,29,1,16,14.0,0,14,18,18,zero,
llm_library,base,1,29,2,16,14.0,14,0,20,20,zero,
llm_library,base,1,30,0,16,37.0,0,37,10,10,zero,
llm_library,base,1,30,1,16,16.0,0,16,18,18,zero,
llm_library,base,1,30,2,16,16.0,16,0,20,20,zero,
llm_library,base,1,31,0,15,32.0,0,32,19,19,zero,
llm_library,base,1,31,1,15,17.0,0,17,18,18,zero,
llm_library,base,1,31,2,15,2.0,0,2,20,20,zero,
llm_library,base,1,32,0,14,26.0,0,26,10,10,zero,
llm_library,base,1,32,1,14,9.0,0,9,18,18,zero,
llm_library,base,1,32,2,14,4.0,0,4,20,20,zero,
llm_library,base,1,33,0,13,19.0,0,19,10,10,zero,
llm_library,base,1,33,1,13,1.0,0,1,18,18,zero,
llm_library,base,1,33,2,13,2.0,0,2,0,0,zero,
llm_library,base,1,34,0,13,24.0,0,24,19,19,zero,
llm_library,base,1,34,1,13,2.0,0,2,18,18,zero,
llm_library,base,1,34,2,13,-0.0,0,0,20,20,zero,
llm_library,base,1,35,0,13,19.0,0,19,10,10,zero,
llm_library,base,1,35,1,13,4.0,4,0,18,18,zero,
llm_library,base,1,35,2,13,2.0,2,0,20,20,zero,
llm_library,base,1,36,0,11,12.0,0,12,10,10,zero,
llm_library,base,1,36,1,11,10.0,10,0,18,18,zero,
llm_library,base,1,36,2,11,4.0,4,0,20,20,zero,
llm_library,base,1,37,0,11,5.0,0,5,10,10,zero,
llm_library,base,1,37,1,11,20.0,20,0,0,0,zero,
llm_library,base,1,37,2,11,4.0,4,0,20,20,zero,
llm_library,base,1,38,0,12,1.0,1,0,10,10,zero,
llm_library,base,1,38,1,12,30.0,30,0,12,12,zero,
llm_library,base,1,38,2,12,12.0,12,0,0,0,zero,
llm_library,base,1,39,0,11,2.0,2,0,19,19,zero,
llm_library,base,1,39,1,11,29.0,29,0,3,3,zero,
llm_library,base,1,39,2,11,29.0,29,0,0,0,zero,
llm_library,base,1,40,0,11,1.0,1,0,10,10,zero,
llm_library,base,1,40,1,11,37.0,37,0,18,18,zero,
llm_library,base,1,40,2,11,31.0,31,0,0,0,zero,
llm_library,base,1,41,0,11,-0.0,0,0,10,10,zero,
llm_library,base,1,41,1,11,27.0,27,0,15,15,zero,
llm_library,base,1,41,2,11,36.0,36,0,0,0,zero,
llm_library,base,1,42,0,11,1.0,0,1,6,6,zero,
llm_library,base,1,42,1,11,33.0,33,0,3,3,zero,
llm_library,base,1,42,2,11,33.0,33,0,20,20,zero,
llm_library,base,1,43,0,12,6.0,6,0,10,10,zero,
llm_library,base,1,43,1,12,26.0,26,0,3,3,zero,
llm_library,base,1,43,2,12,30.0,30,0,0,0,zero,
llm_library,base,1,44,0,12,4.0,4,0,19,19,zero,
llm_library,base,1,44,1,12,25.0,25,0,3,3,zero,
llm_library,base,1,44,2,12,27.0,27,0,0,0,zero,
llm_library,base,1,45,0,12,2.0,2,0,9,9,zero,
llm_library,base,1,45,1,12,31.0,31,0,15,15,zero,
llm_library,base,1,45,2,12,12.0,12,0,0,0,zero,
llm_library,base,1,46,0,10,2.0,0,2,19,19,zero,
llm_library,base,1,46,1,10,15.0,15,0,15,15,zero,
llm_library,base,1,46,2,10,17.0,17,0,0,0,zero,
llm_library,base,1,47,0,11,3.0,0,3,6,6,zero,
llm_library,base,1,47,1,11,12.0,12,0,15,15,zero,
llm_library,base,1,47,2,11,2.0,2,0,20,20,zero,
llm_library,base,1,48,0,11,5.0,5,0,10,10,zero,
llm_library,base,1,48,1,11,5.0,5,0,3,3,zero,
llm_library,base,1,48,2,11,1.0,0,1,20,20,zero,
llm_library,base,1,49,0,10,4.0,4,0,6,6,zero,
llm_library,base,1,49,1,10,14.0,14,0,15,15,zero,
llm_library,base,1,49,2,10,16.0,0,16,0,0,zero,
llm_library,base,1,50,0,10,13.0,13,0,10,10,zero,
llm_library,base,1,50,1,10,19.0,19,0,15,15,zero,
llm_library,base,1,50,2,10,31.0,0,31,20,20,zero,
llm_library,base,1,51,0,11,8.0,8,0,10,10,zero,
llm_library,base,1,51,1,11,24.0,24,0,15,15,zero,
llm_library,base,1,51,2,11,26.0,0,26,20,20,zero,
llm_library,base,1,52,0,11,7.0,7,0,19,19,zero,
llm_library,base,1,52,1,11,7.0,7,0,15,15,zero,
llm_library,base,1,52,2,11,21.0,0,21,20,20,zero,
llm_library,base,1,53,0,10,3.0,3,0,9,9,zero,
llm_library,base,1,53,1,10,2.0,0,2,15,15,zero,
llm_library,base,1,53,2,10,36.0,0,36,20,20,zero,
llm_library,base,1,54,0,10,3.0,3,0,10,10,zero,
llm_library,base,1,54,1,10,12.0,0,12,15,15,zero,
llm_library,base,1,54,2,10,31.0,0,31,20,20,zero,
llm_library,base,1,55,0,10,3.0,3,0,6,6,zero,
llm_library,base,1,55,1,10,2.0,2,0,15,15,zero,
llm_library,base,1,55,2,10,26.0,0,26,20,20,zero,
llm_library,base,1,56,0,9,13.0,13,0,6,6,zero,
llm_library,base,1,56,1,9,16.0,16,0,3,3,zero,
llm_library,base,1,56,2,9,9.0,0,9,16,16,zero,
llm_library,base,1,57,0,8,12.0,12,0,10,10,zero,
llm_library,base,1,57,1,8,6.0,6,0,0,0,zero,
llm_library,base,1,57,2,8,11.0,11,0,0,0,zero,
llm_library,base,1,58,0,10,2.0,2,0,6,6,zero,
llm_library,base,1,58,1,10,20.0,20,0,0,0,zero,
llm_library,base,1,58,2,10,31.0,31,0,0,0,zero,
llm_library,base,1,59,0,11,9.0,9,0,10,10,zero,
llm_library,base,1,59,1,11,30.0,30,0,0,0,zero,
llm_library,base,1,59,2,11,51.0,51,0,0,0,zero,
llm_library,base,1,60,0,11,4.0,4,0,10,10,zero,
llm_library,base,1,60,1,11,40.0,40,0,12,12,zero,
llm_library,base,1,60,2,11,55.0,55,0,0,0,zero,
llm_library,base,1,61,0,11,3.0,3,0,19,19,zero,
llm_library,base,1,61,1,11,30.0,30,0,12,12,zero,
llm_library,base,1,61,2,11,43.0,43,0,0,0,zero,
llm_library,base,1,62,0,10,1.0,0,1,9,9,zero,
llm_library,base,1,62,1,10,21.0,21,0,15,15,zero,
llm_library,base,1,62,2,10,28.0,28,0,16,16,zero,
llm_library,base,1,63,0,10,1.0,0,1,10,10,zero,
llm_library,base,1,63,1,10,11.0,11,0,3,3,zero,
llm_library,base,1,63,2,10,25.0,25,0,20,20,zero,
llm_library,base,1,64,0,9,-0.0,0,0,6,6,zero,
llm_library,base,1,64,1,9,17.0,17,0,15,15,zero,
llm_library,base,1,64,2,9,10.0,10,0,0,0,zero,
llm_library,base,1,65,0,9,10.0,10,0,6,6,zero,
llm_library,base,1,65,1,9,23.0,23,0,1,1,zero,
llm_library,base,1,65,2,9,9.0,9,0,3,3,zero,
llm_library,base,1,66,0,8,11.0,11,0,10,10,zero,
llm_library,base,1,66,1,8,28.0,28,0,1,1,zero,
llm_library,base,1,66,2,8,24.0,24,0,0,0,zero,
llm_library,base,1,67,0,6,15.0,15,0,6,6,zero,
llm_library,base,1,67,1,6,25.0,25,0,1,1,zero,
llm_library,base,1,67,2,6,43.0,43,0,0,0,zero,
llm_library,base,1,68,0,6,15.0,15,0,6,6,zero,
llm_library,base,1,68,1,6,34.0,34,0,1,1,zero,
llm_library,base,1,68,2,6,42.0,42,0,0,0,zero,
llm_library,base,1,69,0,6,15.0,15,0,2,2,zero,
llm_library,base,1,69,1,6,33.0,33,0,15,15,zero,
llm_library,base,1,69,2,6,30.0,30,0,0,0,zero,
llm_library,base,1,70,0,6,19.0,19,0,2,2,zero,
llm_library,base,1,70,1,6,32.0,32,0,1,1,zero,
llm_library,base,1,70,2,6,29.0,29,0,1,1,zero,
llm_library,base,1,71,0,6,19.0,19,0,2,2,zero,
llm_library,base,1,71,1,6,31.0,31,0,1,1,zero,
llm_library,base,1,71,2,6,28.0,28,0,0,0,zero,
llm_library,base,1,72,0,6,19.0,19,0,4,4,zero,
llm_library,base,1,72,1,6,28.0,28,0,0,0,zero,
llm_library,base,1,72,2,6,28.0,28,0,0,0,zero,
llm_library,base,1,73,0,5,16.0,16,0,4,4,zero,
llm_library,base,1,73,1,5,39.0,39,0,0,0,zero,
llm_library,base,1,73,2,5,28.0,28,0,0,0,zero,
llm_library,base,1,74,0,5,13.0,13,0,3,3,zero,
llm_library,base,1,74,1,5,37.0,37,0,0,0,zero,
llm_library,base,1,74,2,5,29.0,29,0,0,0,zero,
llm_library,base,1,75,0,6,9.0,9,0,3,3,zero,
llm_library,base,1,75,1,6,35.0,35,0,1,1,zero,
llm_library,base,1,75,2,6,28.0,28,0,0,0,zero,
llm_library,base,1,76,0,6,7.0,7,0,9,9,zero,
llm_library,base,1,76,1,6,26.0,26,0,1,1,zero,
llm_library,base,1,76,2,6,27.0,27,0,0,0,zero,
llm_library,base,1,77,0,6,5.0,5,0,9,9,zero,
llm_library,base,1,77,1,6,17.0,17,0,1,1,zero,
llm_library,base,1,77,2,6,26.0,26,0,0,0,zero,
llm_library,base,1,78,0,6,2.0,2,0,1,1,zero,
llm_library,base,1,78,1,6,16.0,16,0,15,15,zero,
llm_library,base,1,78,2,6,11.0,11,0,0,0,zero,
llm_library,base,1,79,0,7,2.0,0,2,2,2,zero,
llm_library,base,1,79,1,7,15.0,15,0,1,1,zero,
llm_library,base,1,79,2,7,10.0,10,0,1,1,zero,
llm_library,base,1,80,0,7,-0.0,0,0,10,10,zero,
llm_library,base,1,80,1,7,6.0,6,0,1,1,zero,
llm_library,base,1,80,2,7,9.0,9,0,20,20,zero,
llm_library,base,1,81,0,7,2.0,2,0,6,6,zero,
llm_library,base,1,81,1,7,1.0,1,0,1,1,zero,
llm_library,base,1,81,2,7,8.0,8,0,0,0,zero,
llm_library,base,1,82,0,7,4.0,0,4,10,10,zero,
llm_library,base,1,82,1,7,6.0,6,0,15,15,zero,
llm_library,base,1,82,2,7,7.0,0,7,0,0,zero,
llm_library,base,1,83,0,6,8.0,0,8,10,10,zero,
llm_library,base,1,83,1,6,3.0,0,3,15,15,zero,
llm_library,base,1,83,2,6,21.0,0,21,0,0,zero,
llm_library,base,1,84,0,7,5.0,0,5,6,6,zero,
llm_library,base,1,84,1,7,8.0,0,8,15,15,zero,
llm_library,base,1,84,2,7,16.0,0,16,20,20,zero,
llm_library,base,1,85,0,9,8.0,0,8,10,10,zero,
llm_library,base,1,85,1,9,17.0,0,17,11,11,zero,
llm_library,base,1,85,2,9,27.0,0,27,20,20,zero,
llm_library,base,1,86,0,10,8.0,0,8,10,10,zero,
llm_library,base,1,86,1,10,19.0,0,19,15,15,zero,
llm_library,base,1,86,2,10,42.0,0,42,20,20,zero,
llm_library,base,1,87,0,10,11.0,0,11,19,19,zero,
llm_library,base,1,87,1,10,37.0,0,37,15,15,zero,
llm_library,base,1,87,2,10,57.0,0,57,20,20,zero,
llm_library,base,1,88,0,10,20.0,0,20,19,19,zero,
llm_library,base,1,88,1,10,36.0,0,36,15,15,zero,
llm_library,base,1,88,2,10,52.0,0,52,20,20,zero,
llm_library,base,1,89,0,10,29.0,0,29,10,10,zero,
llm_library,base,1,89,1,10,46.0,0,46,15,15,zero,
llm_library,base,1,89,2,10,47.0,0,47,20,20,zero,
llm_library,base,1,90,0,10,31.0,0,31,19,19,zero,
llm_library,base,1,90,1,10,65.0,0,65,18,18,zero,
llm_library,base,1,90,2,10,45.0,0,45,20,20,zero,
llm_library,base,1,91,0,10,40.0,0,40,17,17,zero,
llm_library,base,1,91,1,10,82.0,0,82,18,18,zero,
llm_library,base,1,91,2,10,43.0,0,43,20,20,zero,
llm_library,base,1,92,0,10,30.0,0,30,17,17,zero,
llm_library,base,1,92,1,10,79.0,0,79,18,18,zero,
llm_library,base,1,92,2,10,41.0,0,41,20,20,zero,
llm_library,base,1,93,0,9,39.0,0,39,17,17,zero,
llm_library,base,1,93,1,9,76.0,0,76,18,18,zero,
llm_library,base,1,93,2,9,39.0,0,39,20,20,zero,
llm_library,base,1,94,0,9,48.0,0,48,17,17,zero,
llm_library,base,1,94,1,9,73.0,0,73,18,18,zero,
llm_library,base,1,94,2,9,37.0,0,37,20,20,zero,
llm_library,base,1,95,0,9,57.0,0,57,17,17,zero,
llm_library,base,1,95,1,9,70.0,0,70,18,18,zero,
llm_library,base,1,95,2,9,35.0,0,35,20,20,zero,
llm_library,base,1,96,0,8,45.0,0,45,10,10,zero,
llm_library,base,1,96,1,8,60.0,0,60,18,18,zero,
llm_library,base,1,96,2,8,33.0,0,33,20,20,zero,
llm_library,base,1,97,0,6,31.0,0,31,6,6,zero,
llm_library,base,1,97,1,6,46.0,0,46,18,18,zero,
llm_library,base,1,97,2,6,31.0,0,31,20,20,zero,
llm_library,base,1,98,0,6,17.0,0,17,6,6,zero,
llm_library,base,1,98,1,6,32.0,0,32,0,0,zero,
llm_library,base,1,98,2,6,11.0,0,11,20,20,zero,
llm_library,base,1,99,0,5,2.0,0,2,0,0,zero,
llm_library,base,1,99,1,5,12.0,0,12,0,0,zero,
llm_library,base,1,99,2,5,9.0,9,0,0,0,zero,
llm_library,base,1,100,0,6,12.0,12,0,0,0,zero,
llm_library,base,1,100,1,6,8.0,8,0,0,0,zero,
llm_library,base,1,100,2,6,29.0,29,0,0,0,zero,
llm_library,base,1,101,0,5,27.0,27,0,0,0,zero,
llm_library,base,1,101,1,5,28.0,28,0,0,0,zero,
llm_library,base,1,101,2,5,49.0,49,0,0,0,zero,
llm_library,base,1,102,0,5,42.0,42,0,0,0,zero,
llm_library,base,1,102,1,5,48.0,48,0,0,0,zero,
llm_library,base,1,102,2,5,69.0,69,0,0,0,zero,
llm_library,base,1,103,0,6,56.0,56,0,0,0,zero,
llm_library,base,1,103,1,6,59.0,59,0,0,0,zero,
llm_library,base,1,103,2,6,69.0,69,0,0,0,zero,
llm_library,base,1,104,0,6,62.0,62,0,0,0,zero,
llm_library,base,1,104,1,6,59.0,59,0,0,0,zero,
llm_library,base,1,104,2,6,69.0,69,0,0,0,zero,
llm_library,base,1,105,0,5,57.0,57,0,0,0,zero,
llm_library,base,1,105,1,5,59.0,59,0,0,0,zero,
llm_library,base,1,105,2,5,69.0,69,0,0,0,zero,
llm_library,base,1,106,0,4,53.0,53,0,0,0,zero,
llm_library,base,1,106,1,4,59.0,59,0,0,0,zero,
llm_library,base,1,106,2,4,69.0,69,0,0,0,zero,
llm_library,base,1,107,0,5,48.0,48,0,0,0,zero,
llm_library,base,1,107,1,5,59.0,59,0,0,0,zero,
llm_library,base,1,107,2,5,69.0,69,0,0,0,zero,
llm_library,base,1,108,0,4,44.0,44,0,0,0,zero,
llm_library,base,1,108,1,4,59.0,59,0,0,0,zero,
llm_library,base,1,108,2,4,69.0,69,0,0,0,zero,
llm_library,base,1,109,0,5,39.0,39,0,0,0,zero,
llm_library,base,1,109,1,5,59.0,59,0,0,0,zero,
llm_library,base,1,109,2,5,69.0,69,0,0,0,zero,
llm_library,base,1,110,0,5,34.0,34,0,0,0,zero,
llm_library,base,1,110,1,5,59.0,59,0,0,0,zero,
llm_library,base,1,110,2,5,69.0,69,0,0,0,zero,
llm_library,base,1,111,0,5,29.0,29,0,2,2,zero,
llm_library,base,1,111,1,5,57.0,57,0,0,0,zero,
llm_library,base,1,111,2,5,69.0,69,0,0,0,zero,
llm_library,base,1,112,0,5,24.0,24,0,2,2,zero,
llm_library,base,1,112,1,5,55.0,55,0,0,0,zero,
llm_library,base,1,112,2,5,69.0,69,0,0,0,zero,
llm_library,base,1,113,0,4,20.0,20,0,2,2,zero,
llm_library,base,1,113,1,4,53.0,53,0,0,0,zero,
llm_library,base,1,113,2,4,69.0,69,0,0,0,zero,
llm_library,base,1,114,0,4,16.0,16,0,2,2,zero,
llm_library,base,1,114,1,4,51.0,51,0,0,0,zero,
llm_library,base,1,114,2,4,69.0,69,0,0,0,zero,
llm_library,base,1,115,0,4,14.0,14,0,2,2,zero,
llm_library,base,1,115,1,4,49.0,49,0,0,0,zero,
llm_library,base,1,115,2,4,69.0,69,0,0,0,zero,
llm_library,base,1,116,0,5,11.0,11,0,2,2,zero,
llm_library,base,1,116,1,5,47.0,47,0,0,0,zero,
llm_library,base,1,116,2,5,69.0,69,0,0,0,zero,
llm_library,base,1,117,0,4,9.0,9,0,9,9,zero,
llm_library,base,1,117,1,4,38.0,38,0,0,0,zero,
llm_library,base,1,117,2,4,69.0,69,0,0,0,zero,
llm_library,base,1,118,0,5,6.0,6,0,2,2,zero,
llm_library,base,1,118,1,5,36.0,36,0,1,1,zero,
llm_library,base,1,118,2,5,68.0,68,0,0,0,zero,
llm_library,base,1,119,0,3,5.0,5,0,9,9,zero,
llm_library,base,1,119,1,3,27.0,27,0,1,1,zero,
llm_library,base,1,119,2,3,67.0,67,0,0,0,zero,
llm_library,base,1,120,0,3,4.0,4,0,2,2,zero,
llm_library,base,1,120,1,3,25.0,25,0,1,1,zero,
llm_library,base,1,120,2,3,66.0,66,0,0,0,zero,
llm_library,base,1,121,0,3,10.0,10,0,0,0,zero,
llm_library,base,1,121,1,3,25.0,25,0,1,1,zero,
llm_library,base,1,121,2,3,65.0,65,0,0,0,zero,
llm_library,base,1,122,0,3,9.0,9,0,0,0,zero,
llm_library,base,1,122,1,3,26.0,26,0,1,1,zero,
llm_library,base,1,122,2,3,64.0,64,0,0,0,zero,
llm_library,base,1,123,0,3,15.0,15,0,0,0,zero,
llm_library,base,1,123,1,3,27.0,27,0,1,1,zero,
llm_library,base,1,123,2,3,63.0,63,0,0,0,zero,
llm_library,base,1,124,0,4,13.0,13,0,0,0,zero,
llm_library,base,1,124,1,4,28.0,28,0,0,0,zero,
llm_library,base,1,124,2,4,63.0,63,0,0,0,zero,
llm_library,base,1,125,0,4,9.0,9,0,2,2,zero,
llm_library,base,1,125,1,4,27.0,27,0,0,0,zero,
llm_library,base,1,125,2,4,63.0,63,0,0,0,zero,
llm_library,base,1,126,0,3,6.0,6,0,9,9,zero,
llm_library,base,1,126,1,3,19.0,19,0,0,0,zero,
llm_library,base,1,126,2,3,63.0,63,0,0,0,zero,
llm_library,base,1,127,0,3,3.0,3,0,3,3,zero,
llm_library,base,1,127,1,3,17.0,17,0,1,1,zero,
llm_library,base,1,127,2,3,62.0,62,0,0,0,zero,
llm_library,base,1,128,0,3,-0.0,0,0,2,2,zero,
llm_library,base,1,128,1,3,15.0,15,0,1,1,zero,
llm_library,base,1,128,2,3,61.0,61,0,0,0,zero,
llm_library,base,1,129,0,3,1.0,0,1,0,0,zero,
llm_library,base,1,129,1,3,15.0,15,0,1,1,zero,
llm_library,base,1,129,2,3,60.0,60,0,0,0,zero,
llm_library,base,1,130,0,2,6.0,6,0,6,6,zero,
llm_library,base,1,130,1,2,9.0,9,0,1,1,zero,
llm_library,base,1,130,2,2,59.0,59,0,0,0,zero,
llm_library,base,1,131,0,2,7.0,7,0,0,0,zero,
llm_library,base,1,131,1,2,10.0,10,0,11,11,zero,
llm_library,base,1,131,2,2,48.0,48,0,0,0,zero,
llm_library,base,1,132,0,2,7.0,7,0,2,2,zero,
llm_library,base,1,132,1,2,9.0,9,0,0,0,zero,
llm_library,base,1,132,2,2,48.0,48,0,0,0,zero,
llm_library,base,1,133,0,3,4.0,4,0,0,0,zero,
llm_library,base,1,133,1,3,10.0,10,0,0,0,zero,
llm_library,base,1,133,2,3,48.0,48,0,0,0,zero,
llm_library,base,1,134,0,3,7.0,7,0,6,6,zero,
llm_library,base,1,134,1,3,5.0,5,0,0,0,zero,
llm_library,base,1,134,2,3,48.0,48,0,0,0,zero,
llm_library,base,1,135,0,3,4.0,4,0,2,2,zero,
llm_library,base,1,135,1,3,14.0,14,0,1,1,zero,
llm_library,base,1,135,2,3,47.0,47,0,0,0,zero,
llm_library,base,1,136,0,3,3.0,3,0,2,2,zero,
llm_library,base,1,136,1,3,12.0,12,0,1,1,zero,
llm_library,base,1,136,2,3,46.0,46,0,0,0,zero,
llm_library,base,1,137,0,4,1.0,0,1,2,2,zero,
llm_library,base,1,137,1,4,10.0,10,0,1,1,zero,
llm_library,base,1,137,2,4,45.0,45,0,0,0,zero,
llm_library,base,1,138,0,4,1.0,1,0,6,6,zero,
llm_library,base,1,138,1,4,4.0,4,0,1,1,zero,
llm_library,base,1,138,2,4,44.0,44,0,0,0,zero,
llm_library,base,1,139,0,4,1.0,0,1,2,2,zero,
llm_library,base,1,139,1,4,3.0,3,0,15,15,zero,
llm_library,base,1,139,2,4,29.0,29,0,0,0,zero,
llm_library,base,1,140,0,3,2.0,0,2,10,10,zero,
llm_library,base,1,140,1,3,6.0,0,6,1,1,zero,
llm_library,base,1,140,2,3,28.0,28,0,0,0,zero,
llm_library,base,1,141,0,3,3.0,0,3,6,6,zero,
llm_library,base,1,141,1,3,11.0,0,11,15,15,zero,
llm_library,base,1,141,2,3,13.0,13,0,0,0,zero,
llm_library,base,1,142,0,3,-0.0,0,0,6,6,zero,
llm_library,base,1,142,1,3,16.0,0,16,3,3,zero,
llm_library,base,1,142,2,3,10.0,10,0,20,20,zero,
llm_library,base,1,143,0,3,1.0,0,1,6,6,zero,
llm_library,base,1,143,1,3,7.0,0,7,15,15,zero,
llm_library,base,1,143,2,3,5.0,0,5,20,20,zero,
llm_library,base,1,144,0,3,-0.0,0,0,2,2,zero,
llm_library,base,1,144,1,3,8.0,0,8,3,3,zero,
llm_library,base,1,144,2,3,8.0,0,8,20,20,zero,
llm_library,base,1,145,0,3,2.0,0,2,0,0,zero,
llm_library,base,1,145,1,3,7.0,7,0,1,1,zero,
llm_library,base,1,145,2,3,9.0,0,9,0,0,zero,
llm_library,base,1,146,0,3,4.0,0,4,0,0,zero,
llm_library,base,1,146,1,3,10.0,10,0,0,0,zero,
llm_library,base,1,146,2,3,11.0,11,0,0,0,zero,
llm_library,base,1,147,0,4,7.0,7,0,2,2,zero,
llm_library,base,1,147,1,4,18.0,18,0,0,0,zero,
llm_library,base,1,147,2,4,31.0,31,0,0,0,zero,
llm_library,base,1,148,0,4,4.0,4,0,6,6,zero,
llm_library,base,1,148,1,4,12.0,12,0,0,0,zero,
llm_library,base,1,148,2,4,51.0,51,0,0,0,zero,
llm_library,base,1,149,0,3,9.0,9,0,0,0,zero,
llm_library,base,1,149,1,3,12.0,12,0,1,1,zero,
llm_library,base,1,149,2,3,50.0,50,0,0,0,zero,
llm_library,base,1,150,0,4,5.0,5,0,6,6,zero,
llm_library,base,1,150,1,4,15.0,15,0,1,1,zero,
llm_library,base,1,150,2,4,49.0,49,0,0,0,zero,
llm_library,base,1,151,0,4,3.0,3,0,2,2,zero,
llm_library,base,1,151,1,4,13.0,13,0,15,15,zero,
llm_library,base,1,151,2,4,34.0,34,0,0,0,zero,
llm_library,base,1,152,0,3,6.0,6,0,6,6,zero,
llm_library,base,1,152,1,3,7.0,7,0,0,0,zero,
llm_library,base,1,152,2,3,34.0,34,0,0,0,zero,
llm_library,base,1,153,0,4,2.0,2,0,0,0,zero,
llm_library,base,1,153,1,4,8.0,8,0,1,1,zero,
llm_library,base,1,153,2,4,33.0,33,0,0,0,zero,
llm_library,base,1,154,0,3,5.0,5,0,6,6,zero,
llm_library,base,1,154,1,3,3.0,3,0,1,1,zero,
llm_library,base,1,154,2,3,32.0,32,0,0,0,zero,
llm_library,base,1,155,0,3,4.0,4,0,2,2,zero,
llm_library,base,1,155,1,3,16.0,16,0,1,1,zero,
llm_library,base,1,155,2,3,31.0,31,0,0,0,zero,
llm_library,base,1,156,0,3,7.0,7,0,0,0,zero,
llm_library,base,1,156,1,3,16.0,16,0,1,1,zero,
llm_library,base,1,156,2,3,30.0,30,0,0,0,zero,
llm_library,base,1,157,0,3,4.0,4,0,0,0,zero,
llm_library,base,1,157,1,3,17.0,17,0,1,1,zero,
llm_library,base,1,157,2,3,29.0,29,0,0,0,zero,
llm_library,base,1,158,0,3,7.0,7,0,6,6,zero,
llm_library,base,1,158,1,3,12.0,12,0,0,0,zero,
llm_library,base,1,158,2,3,29.0,29,0,0,0,zero,
llm_library,base,1,159,0,2,7.0,7,0,2,2,zero,
llm_library,base,1,159,1,2,11.0,11,0,1,1,zero,
llm_library,base,1,159,2,2,28.0,28,0,0,0,zero,
llm_library,base,1,160,0,3,4.0,4,0,0,0,zero,
llm_library,base,1,160,1,3,12.0,12,0,11,11,zero,
llm_library,base,1,160,2,3,17.0,17,0,0,0,zero,
llm_library,base,1,161,0,2,2.0,2,0,2,2,zero,
llm_library,base,1,161,1,2,11.0,11,0,0,0,zero,
llm_library,base,1,161,2,2,17.0,17,0,1,1,zero,
llm_library,base,1,162,0,2,6.0,6,0,2,2,zero,
llm_library,base,1,162,1,2,9.0,9,0,0,0,zero,
llm_library,base,1,162,2,2,17.0,17,0,0,0,zero,
llm_library,base,1,163,0,2,6.0,6,0,0,0,zero,
llm_library,base,1,163,1,2,10.0,10,0,0,0,zero,
llm_library,base,1,163,2,2,17.0,17,0,0,0,zero,
llm_library,base,1,164,0,2,4.0,4,0,0,0,zero,
llm_library,base,1,164,1,2,21.0,21,0,0,0,zero,
llm_library,base,1,164,2,2,17.0,17,0,0,0,zero,
llm_library,base,1,165,0,1,5.0,5,0,0,0,zero,
llm_library,base,1,165,1,1,21.0,21,0,0,0,zero,
llm_library,base,1,165,2,1,18.0,18,0,0,0,zero,
llm_library,base,1,166,0,2,5.0,5,0,0,0,zero,
llm_library,base,1,166,1,2,21.0,21,0,0,0,zero,
llm_library,base,1,166,2,2,18.0,18,0,0,0,zero,
llm_library,base,1,167,0,2,3.0,3,0,2,2,zero,
llm_library,base,1,167,1,2,19.0,19,0,0,0,zero,
llm_library,base,1,167,2,2,18.0,18,0,0,0,zero,
llm_library,base,1,168,0,2,1.0,1,0,0,0,zero,
llm_library,base,1,168,1,2,19.0,19,0,0,0,zero,
llm_library,base,1,168,2,2,18.0,18,0,0,0,zero,
llm_library,base,1,169,0,2,1.0,0,1,6,6,zero,
llm_library,base,1,169,1,2,13.0,13,0,0,0,zero,
llm_library,base,1,169,2,2,18.0,18,0,0,0,zero,
llm_library,base,1,170,0,2,3.0,0,3,2,2,zero,
llm_library,base,1,170,1,2,11.0,11,0,1,1,zero,
llm_library,base,1,170,2,2,17.0,17,0,0,0,zero,
llm_library,base,1,171,0,2,3.0,0,3,2,2,zero,
llm_library,base,1,171,1,2,9.0,9,0,1,1,zero,
llm_library,base,1,171,2,2,16.0,16,0,0,0,zero,
llm_library,base,1,172,0,2,5.0,0,5,2,2,zero,
llm_library,base,1,172,1,2,7.0,7,0,11,11,zero,
llm_library,base,1,172,2,2,5.0,5,0,0,0,zero,
llm_library,base,1,173,0,2,1.0,0,1,6,6,zero,
llm_library,base,1,173,1,2,1.0,1,0,1,1,zero,
llm_library,base,1,173,2,2,4.0,4,0,1,1,zero,
llm_library,base,1,174,0,2,1.0,0,1,0,0,zero,
llm_library,base,1,174,1,2,2.0,2,0,15,15,zero,
llm_library,base,1,174,2,2,11.0,0,11,20,20,zero,
llm_library,base,1,175,0,2,1.0,0,1,0,0,zero,
llm_library,base,1,175,1,2,3.0,3,0,1,1,zero,
llm_library,base,1,175,2,2,12.0,0,12,20,20,zero,
llm_library,base,1,176,0,2,1.0,0,1,6,6,zero,
llm_library,base,1,176,1,2,8.0,8,0,0,0,zero,
llm_library,base,1,176,2,2,12.0,0,12,0,0,zero,
llm_library,base,1,177,0,2,3.0,3,0,0,0,zero,
llm_library,base,1,177,1,2,9.0,9,0,15,15,zero,
llm_library,base,1,177,2,2,26.0,0,26,0,0,zero,
llm_library,base,1,178,0,2,1.0,1,0,6,6,zero,
llm_library,base,1,178,1,2,7.0,7,0,1,1,zero,
llm_library,base,1,178,2,2,7.0,0,7,2,2,zero,
llm_library,base,1,179,0,3,2.0,0,2,0,0,zero,
llm_library,base,1,179,1,3,7.0,7,0,0,0,zero,
llm_library,base,1,179,2,3,13.0,13,0,20,20,zero,
llm_library,base,1,180,0,3,1.0,1,0,6,6,zero,
llm_library,base,1,180,1,3,1.0,1,0,0,0,zero,
llm_library,base,1,180,2,3,13.0,13,0,0,0,zero,
llm_library,base,1,181,0,3,2.0,0,2,0,0,zero,
llm_library,base,1,181,1,3,2.0,2,0,0,0,zero,
llm_library,base,1,181,2,3,13.0,13,0,0,0,zero,
llm_library,base,1,182,0,3,1.0,1,0,6,6,zero,
llm_library,base,1,182,1,3,16.0,16,0,0,0,zero,
llm_library,base,1,182,2,3,15.0,15,0,0,0,zero,
llm_library,base,1,183,0,2,1.0,0,1,0,0,zero,
llm_library,base,1,183,1,2,23.0,23,0,1,1,zero,
llm_library,base,1,183,2,2,34.0,34,0,0,0,zero,
llm_library,base,1,184,0,2,3.0,3,0,0,0,zero,
llm_library,base,1,184,1,2,23.0,23,0,1,1,zero,
llm_library,base,1,184,2,2,33.0,33,0,0,0,zero,
llm_library,base,1,185,0,2,1.0,1,0,0,0,zero,
llm_library,base,1,185,1,2,23.0,23,0,0,0,zero,
llm_library,base,1,185,2,2,33.0,33,0,0,0,zero,
llm_library,base,1,186,0,2,5.0,5,0,6,6,zero,
llm_library,base,1,186,1,2,17.0,17,0,0,0,zero,
llm_library,base,1,186,2,2,33.0,33,0,0,0,zero,
llm_library,base,1,187,0,2,3.0,3,0,0,0,zero,
llm_library,base,1,187,1,2,18.0,18,0,1,1,zero,
llm_library,base,1,187,2,2,32.0,32,0,0,0,zero,
llm_library,base,1,188,0,3,-0.0,0,0,6,6,zero,
llm_library,base,1,188,1,3,13.0,13,0,1,1,zero,
llm_library,base,1,188,2,3,31.0,31,0,0,0,zero,
llm_library,base,1,189,0,3,3.0,0,3,0,0,zero,
llm_library,base,1,189,1,3,13.0,13,0,15,15,zero,
llm_library,base,1,189,2,3,16.0,16,0,0,0,zero,
llm_library,base,1,190,0,3,-0.0,0,0,6,6,zero,
llm_library,base,1,190,1,3,7.0,7,0,0,0,zero,
llm_library,base,1,190,2,3,16.0,16,0,1,1,zero,
llm_library,base,1,191,0,3,3.0,0,3,0,0,zero,
llm_library,base,1,191,1,3,8.0,8,0,1,1,zero,
llm_library,base,1,191,2,3,15.0,15,0,0,0,zero,
llm_library,base,1,192,0,3,-0.0,0,0,6,6,zero,
llm_library,base,1,192,1,3,3.0,3,0,1,1,zero,
llm_library,base,1,192,2,3,14.0,14,0,0,0,zero,
llm_library,base,1,193,0,4,4.0,0,4,2,2,zero,
llm_library,base,1,193,1,4,16.0,16,0,1,1,zero,
llm_library,base,1,193,2,4,13.0,13,0,0,0,zero,
llm_library,base,1,194,0,4,2.0,0,2,6,6,zero,
llm_library,base,1,194,1,4,10.0,10,0,1,1,zero,
llm_library,base,1,194,2,4,13.0,13,0,0,0,zero,
llm_library,base,1,195,0,5,7.0,0,7,2,2,zero,
llm_library,base,1,195,1,5,9.0,9,0,15,15,zero,
llm_library,base,1,195,2,5,2.0,0,2,0,0,zero,
llm_library,base,1,196,0,5,6.0,0,6,10,10,zero,
llm_library,base,1,196,1,5,-0.0,0,0,1,1,zero,
llm_library,base,1,196,2,5,3.0,0,3,20,20,zero,
llm_library,base,1,197,0,5,9.0,0,9,6,6,zero,
llm_library,base,1,197,1,5,5.0,0,5,15,15,zero,
llm_library,base,1,197,2,5,18.0,0,18,3,3,zero,
llm_library,base,1,198,0,6,9.0,0,9,10,10,zero,
llm_library,base,1,198,1,6,14.0,0,14,15,15,zero,
llm_library,base,1,198,2,6,33.0,0,33,20,20,zero,
llm_library,base,1,199,0,5,12.0,0,12,10,10,zero,
llm_library,base,1,199,1,5,11.0,0,11,15,15,zero,
llm_library,base,1,199,2,5,48.0,0,48,20,20,zero,
llm_library,base,1,200,0,4,6.0,0,6,6,6,zero,
llm_library,base,1,200,1,4,17.0,0,17,15,15,zero,
llm_library,base,1,200,2,4,43.0,0,43,20,20,zero,
llm_library,shock,0,1,0,10,10.0,10,0,10,10,zero,
llm_library,shock,0,1,1,10,10.0,10,0,15,15,zero,
llm_library,shock,0,1,2,10,5.0,5,0,0,0,zero,
llm_library,shock,0,2,0,11,9.0,9,0,10,10,zero,
llm_library,shock,0,2,1,11,10.0,10,0,1,1,zero,
llm_library,shock,0,2,2,11,14.0,14,0,20,20,zero,
llm_library,shock,0,3,0,11,8.0,8,0,19,19,zero,
llm_library,shock,0,3,1,11,1.0,1,0,15,15,zero,
llm_library,shock,0,3,2,11,9.0,9,0,3,3,zero,
llm_library,shock,0,4,0,11,7.0,7,0,6,6,zero,
llm_library,shock,0,4,1,11,5.0,5,0,15,15,zero,
llm_library,shock,0,4,2,11,4.0,4,0,20,20,zero,
llm_library,shock,0,5,0,11,6.0,6,0,10,10,zero,
llm_library,shock,0,5,1,11,10.0,10,0,15,15,zero,
llm_library,shock,0,5,2,11,11.0,0,11,20,20,zero,
llm_library,shock,0,6,0,10,6.0,6,0,6,6,zero,
llm_library,shock,0,6,1,10,5.0,5,0,15,15,zero,
llm_library,shock,0,6,2,10,6.0,0,6,20,20,zero,
llm_library,shock,0,7,0,10,15.0,15,0,10,10,zero,
llm_library,shock,0,7,1,10,10.0,10,0,3,3,zero,
llm_library,shock,0,7,2,10,6.0,0,6,20,20,zero,
llm_library,shock,0,8,0,10,11.0,11,0,6,6,zero,
llm_library,shock,0,8,1,10,19.0,19,0,15,15,zero,
llm_library,shock,0,8,2,10,1.0,0,1,0,0,zero,
llm_library,shock,0,9,0,11,10.0,10,0,19,19,zero,
llm_library,shock,0,9,1,11,4.0,4,0,0,0,zero,
llm_library,shock,0,9,2,11,19.0,19,0,0,0,zero,
llm_library,shock,0,10,0,12,4.0,4,0,9,9,zero,
llm_library,shock,0,10,1,12,15.0,15,0,15,15,zero,
llm_library,shock,0,10,2,12,24.0,24,0,0,0,zero,
llm_library,shock,0,11,0,13,1.0,1,0,9,9,zero,
llm_library,shock,0,11,1,13,9.0,9,0,3,3,zero,
llm_library,shock,0,11,2,13,41.0,41,0,1,1,zero,
llm_library,shock,0,12,0,11,4.0,0,4,10,10,zero,
llm_library,shock,0,12,1,11,19.0,19,0,15,15,zero,
llm_library,shock,0,12,2,11,26.0,26,0,0,0,zero,
llm_library,shock,0,13,0,11,4.0,4,0,10,10,zero,
llm_library,shock,0,13,1,11,10.0,10,0,3,3,zero,
llm_library,shock,0,13,2,11,23.0,23,0,20,20,zero,
llm_library,shock,0,14,0,13,-0.0,0,0,19,19,zero,
llm_library,shock,0,14,1,13,6.0,6,0,15,15,zero,
llm_library,shock,0,14,2,13,8.0,8,0,3,3,zero,
llm_library,shock,0,15,0,12,3.0,0,3,9,9,zero,
llm_library,shock,0,15,1,12,-0.0,0,0,15,15,zero,
llm_library,shock,0,15,2,12,6.0,0,6,20,20,zero,
llm_library,shock,0,16,0,13,6.0,0,6,19,19,zero,
llm_library,shock,0,16,1,13,4.0,0,4,15,15,zero,
llm_library,shock,0,16,2,13,21.0,0,21,20,20,zero,
llm_library,shock,0,17,0,12,8.0,0,8,10,10,zero,
llm_library,shock,0,17,1,12,11.0,0,11,15,15,zero,
llm_library,shock,0,17,2,12,16.0,0,16,20,20,zero,
llm_library,shock,0,18,0,14,3.0,0,3,10,10,zero,
llm_library,shock,0,18,1,14,6.0,0,6,15,15,zero,
llm_library,shock,0,18,2,14,28.0,0,28,20,20,zero,
llm_library,shock,0,19,0,13,7.0,0,7,10,10,zero,
llm_library,shock,0,19,1,13,7.0,0,7,15,15,zero,
llm_library,shock,0,19,2,13,23.0,0,23,16,16,zero,
llm_library,shock,0,20,0,12,4.0,0,4,19,19,zero,
llm_library,shock,0,20,1,12,26.0,0,26,15,15,zero,
llm_library,shock,0,20,2,12,18.0,0,18,16,16,zero,
llm_library,shock,0,21,0,12,13.0,0,13,19,19,zero,
llm_library,shock,0,21,1,12,25.0,0,25,18,18,zero,
llm_library,shock,0,21,2,12,16.0,0,16,16,16,zero,
llm_library,shock,0,22,0,11,9.0,0,9,10,10,zero,
llm_library,shock,0,22,1,11,32.0,0,32,18,18,zero,
llm_library,shock,0,22,2,11,14.0,0,14,20,20,zero,
llm_library,shock,0,23,0,10,10.0,0,10,19,19,zero,
llm_library,shock,0,23,1,10,31.0,0,31,3,3,zero,
llm_library,shock,0,23,2,10,1.0,0,1,20,20,zero,
llm_library,shock,0,24,0,10,20.0,0,20,10,10,zero,
llm_library,shock,0,24,1,10,21.0,0,21,18,18,zero,
llm_library,shock,0,24,2,10,3.0,0,3,1,1,zero,
llm_library,shock,0,25,0,11,11.0,0,11,6,6,zero,
llm_library,shock,0,25,1,11,7.0,0,7,18,18,zero,
llm_library,shock,0,25,2,11,5.0,0,5,16,16,zero,
llm_library,shock,0,26,0,11,19.0,0,19,6,6,zero,
llm_library,shock,0,26,1,11,7.0,7,0,0,0,zero,
llm_library,shock,0,26,2,11,15.0,15,0,20,20,zero,
llm_library,shock,0,27,0,11,10.0,0,10,6,6,zero,
llm_library,shock,0,27,1,11,17.0,17,0,0,0,zero,
llm_library,shock,0,27,2,11,35.0,35,0,0,0,zero,
llm_library,shock,0,28,0,10,-0.0,0,0,6,6,zero,
llm_library,shock,0,28,1,10,27.0,27,0,0,0,zero,
llm_library,shock,0,28,2,10,36.0,36,0,0,0,zero,
llm_library,shock,0,29,0,11,9.0,9,0,10,10,zero,
llm_library,shock,0,29,1,11,33.0,33,0,12,12,zero,
llm_library,shock,0,29,2,11,40.0,40,0,0,0,zero,
llm_library,shock,0,30,0,12,10.0,10,0,19,19,zero,
llm_library,shock,0,30,1,12,19.0,19,0,12,12,zero,
llm_library,shock,0,30,2,12,48.0,48,0,0,0,zero,
llm_library,shock,0,31,0,10,6.0,6,0,9,9,zero,
llm_library,shock,0,31,1,10,10.0,10,0,18,18,zero,
llm_library,shock,0,31,2,10,30.0,30,0,1,1,zero,
llm_library,shock,0,32,0,10,2.0,2,0,10,10,zero,
llm_library,shock,0,32,1,10,-0.0,0,0,3,3,zero,
llm_library,shock,0,32,2,10,27.0,27,0,20,20,zero,
llm_library,shock,0,33,0,11,1.0,1,0,6,6,zero,
llm_library,shock,0,33,1,11,6.0,6,0,15,15,zero,
llm_library,shock,0,33,2,11,12.0,12,0,3,3,zero,
llm_library,shock,0,34,0,12,8.0,8,0,10,10,zero,
llm_library,shock,0,34,1,12,8.0,8,0,3,3,zero,
llm_library,shock,0,34,2,12,9.0,9,0,20,20,zero,
llm_library,shock,0,35,0,11,6.0,6,0,19,19,zero,
llm_library,shock,0,35,1,11,7.0,7,0,15,15,zero,
llm_library,shock,0,35,2,11,5.0,0,5,3,3,zero,
llm_library,shock,0,36,0,11,5.0,5,0,9,9,zero,
llm_library,shock,0,36,1,11,1.0,1,0,15,15,zero,
llm_library,shock,0,36,2,11,-0.0,0,0,20,20,zero,
llm_library,shock,0,37,0,11,-0.0,0,0,10,10,zero,
llm_library,shock,0,37,1,11,6.0,6,0,15,15,zero,
llm_library,shock,0,37,2,11,12.0,0,12,20,20,zero,
llm_library,shock,0,38,0,10,-0.0,0,0,6,6,zero,
llm_library,shock,0,38,1,10,3.0,3,0,15,15,zero,
llm_library,shock,0,38,2,10,7.0,0,7,20,20,zero,
llm_library,shock,0,39,0,12,7.0,7,0,10,10,zero,
llm_library,shock,0,39,1,12,3.0,3,0,3,3,zero,
llm_library,shock,0,39,2,12,7.0,0,7,20,20,zero,
llm_library,shock,0,40,0,13,3.0,3,0,19,19,zero,
llm_library,shock,0,40,1,13,4.0,4,0,15,15,zero,
llm_library,shock,0,40,2,13,2.0,0,2,0,0,zero,
llm_library,shock,0,41,0,13,-0.0,0,0,9,9,zero,
llm_library,shock,0,41,1,13,2.0,0,2,15,15,zero,
llm_library,shock,0,41,2,13,3.0,3,0,0,0,zero,
llm_library,shock,0,42,0,11,5.0,0,5,19,19,zero,
llm_library,shock,0,42,1,11,1.0,0,1,15,15,zero,
llm_library,shock,0,42,2,11,8.0,8,0,20,20,zero,
llm_library,shock,0,43,0,11,6.0,0,6,6,6,zero,
llm_library,shock,0,43,1,11,4.0,0,4,18,18,zero,
llm_library,shock,0,43,2,11,10.0,10,0,20,20,zero,
llm_library,shock,0,44,0,13,-0.0,0,0,10,10,zero,
llm_library,shock,0,44,1,13,6.0,6,0,3,3,zero,
llm_library,shock,0,44,2,13,7.0,7,0,20,20,zero,
llm_library,shock,0,45,0,14,7.0,0,7,10,10,zero,
llm_library,shock,0,45,1,14,13.0,13,0,15,15,zero,
llm_library,shock,0,45,2,14,8.0,0,8,0,0,zero,
llm_library,shock,0,46,0,13,-0.0,0,0,19,19,zero,
llm_library,shock,0,46,1,13,9.0,9,0,15,15,zero,
llm_library,shock,0,46,2,13,3.0,0,3,0,0,zero,
llm_library,shock,0,47,0,14,11.0,0,11,9,9,zero,
llm_library,shock,0,47,1,14,18.0,18,0,15,15,zero,
llm_library,shock,0,47,2,14,2.0,2,0,20,20,zero,
llm_library,shock,0,48,0,14,11.0,0,11,19,19,zero,
llm_library,shock,0,48,1,14,2.0,2,0,3,3,zero,
llm_library,shock,0,48,2,14,19.0,19,0,20,20,zero,
llm_library,shock,0,49,0,16,17.0,0,17,10,10,zero,
llm_library,shock,0,49,1,16,1.0,0,1,15,15,zero,
llm_library,shock,0,49,2,16,4.0,4,0,0,0,zero,
llm_library,shock,0,50,0,18,16.0,0,16,19,19,zero,
llm_library,shock,0,50,1,18,-0.0,0,0,15,15,zero,
llm_library,shock,0,50,2,18,11.0,0,11,20,20,zero,
llm_library,shock,0,51,0,20,27.0,0,27,19,19,zero,
llm_library,shock,0,51,1,20,1.0,0,1,15,15,zero,
llm_library,shock,0,51,2,20,6.0,0,6,20,20,zero,
llm_library,shock,0,52,0,20,28.0,0,28,19,19,zero,
llm_library,shock,0,52,1,20,17.0,0,17,15,15,zero,
llm_library,shock,0,52,2,20,1.0,0,1,20,20,zero,
llm_library,shock,0,53,0,18,37.0,0,37,19,19,zero,
llm_library,shock,0,53,1,18,21.0,0,21,18,18,zero,
llm_library,shock,0,53,2,18,19.0,0,19,20,20,zero,
llm_library,shock,0,54,0,19,36.0,0,36,10,10,zero,
llm_library,shock,0,54,1,19,27.0,0,27,18,18,zero,
llm_library,shock,0,54,2,19,17.0,0,17,16,16,zero,
llm_library,shock,0,55,0,17,35.0,0,35,19,19,zero,
llm_library,shock,0,55,1,17,26.0,0,26,15,15,zero,
llm_library,shock,0,55,2,17,12.0,0,12,20,20,zero,
llm_library,shock,0,56,0,17,49.0,0,49,19,19,zero,
llm_library,shock,0,56,1,17,25.0,0,25,18,18,zero,
llm_library,shock,0,56,2,17,10.0,0,10,16,16,zero,
llm_library,shock,0,57,0,19,53.0,0,53,19,19,zero,
llm_library,shock,0,57,1,19,44.0,0,44,18,18,zero,
llm_library,shock,0,57,2,19,8.0,0,8,20,20,zero,
llm_library,shock,0,58,0,17,66.0,0,66,17,17,zero,
llm_library,shock,0,58,1,17,41.0,0,41,18,18,zero,
llm_library,shock,0,58,2,17,10.0,0,10,20,20,zero,
llm_library,shock,0,59,0,18,64.0,0,64,17,17,zero,
llm_library,shock,0,59,1,18,38.0,0,38,18,18,zero,
llm_library,shock,0,59,2,18,8.0,0,8,20,20,zero,
llm_library,shock,0,60,0,17,61.0,0,61,17,17,zero,
llm_library,shock,0,60,1,17,35.0,0,35,18,18,zero,
llm_library,shock,0,60,2,17,10.0,0,10,20,20,zero,
llm_library,shock,0,61,0,17,78.0,0,78,17,17,zero,
llm_library,shock,0,61,1,17,32.0,0,32,18,18,zero,
llm_library,shock,0,61,2,17,8.0,0,8,16,16,zero,
llm_library,shock,0,62,0,16,74.0,0,74,17,17,zero,
llm_library,shock,0,62,1,16,33.0,0,33,18,18,zero,
llm_library,shock,0,62,2,16,6.0,0,6,20,20,zero,
llm_library,shock,0,63,0,17,71.0,0,71,17,17,zero,
llm_library,shock,0,63,1,17,30.0,0,30,18,18,zero,
llm_library,shock,0,63,2,17,4.0,0,4,20,20,zero,
llm_library,shock,0,64,0,16,67.0,0,67,17,17,zero,
llm_library,shock,0,64,1,16,31.0,0,31,18,18,zero,
llm_library,shock,0,64,2,16,2.0,0,2,20,20,zero,
llm_library,shock,0,65,0,16,63.0,0,63,17,17,zero,
llm_library,shock,0,65,1,16,28.0,0,28,18,18,zero,
llm_library,shock,0,65,2,16,4.0,0,4,16,16,zero,
llm_library,shock,0,66,0,17,64.0,0,64,17,17,zero,
llm_library,shock,0,66,1,17,25.0,0,25,18,18,zero,
llm_library,shock,0,66,2,17,2.0,0,2,16,16,zero,
llm_library,shock,0,67,0,18,62.0,0,62,17,17,zero,
llm_library,shock,0,67,1,18,22.0,0,22,18,18,zero,
llm_library,shock,0,67,2,18,-0.0,0,0,16,16,zero,
llm_library,shock,0,68,0,16,62.0,0,62,17,17,zero,
llm_library,shock,0,68,1,16,19.0,0,19,18,18,zero,
llm_library,shock,0,68,2,16,2.0,2,0,20,20,zero,
llm_library,shock,0,69,0,18,60.0,0,60,17,17,zero,
llm_library,shock,0,69,1,18,20.0,0,20,18,18,zero,
llm_library,shock,0,69,2,18,-0.0,0,0,20,20,zero,
llm_library,shock,0,70,0,15,55.0,0,55,17,17,zero,
llm_library,shock,0,70,1,15,17.0,0,17,18,18,zero,
llm_library,shock,0,70,2,15,2.0,0,2,16,16,zero,
llm_library,shock,0,71,0,14,49.0,0,49,10,10,zero,
llm_library,shock,0,71,1,14,7.0,0,7,18,18,zero,
llm_library,shock,0,71,2,14,4.0,0,4,16,16,zero,
llm_library,shock,0,72,0,15,44.0,0,44,10,10,zero,
llm_library,shock,0,72,1,15,1.0,1,0,18,18,zero,
llm_library,shock,0,72,2,15,2.0,0,2,20,20,zero,
llm_library,shock,0,73,0,14,42.0,0,42,19,19,zero,
llm_library,shock,0,73,1,14,-0.0,0,0,18,18,zero,
llm_library,shock,0,73,2,14,-0.0,0,0,20,20,zero,
llm_library,shock,0,74,0,13,35.0,0,35,10,10,zero,
llm_library,shock,0,74,1,13,6.0,6,0,18,18,zero,
llm_library,shock,0,74,2,13,2.0,0,2,16,16,zero,
llm_library,shock,0,75,0,13,28.0,0,28,10,10,zero,
llm_library,shock,0,75,1,13,12.0,12,0,18,18,zero,
llm_library,shock,0,75,2,13,4.0,0,4,16,16,zero,
llm_library,shock,0,76,0,12,23.0,0,23,10,10,zero,
llm_library,shock,0,76,1,12,22.0,22,0,0,0,zero,
llm_library,shock,0,76,2,12,16.0,16,0,20,20,zero,
llm_library,shock,0,77,0,13,17.0,0,17,10,10,zero,
llm_library,shock,0,77,1,13,32.0,32,0,3,3,zero,
llm_library,shock,0,77,2,13,33.0,33,0,0,0,zero,
llm_library,shock,0,78,0,12,19.0,0,19,19,19,zero,
llm_library,shock,0,78,1,12,29.0,29,0,12,12,zero,
llm_library,shock,0,78,2,12,37.0,37,0,0,0,zero,
llm_library,shock,0,79,0,14,23.0,0,23,10,10,zero,
llm_library,shock,0,79,1,14,35.0,35,0,18,18,zero,
llm_library,shock,0,79,2,14,35.0,35,0,0,0,zero,
llm_library,shock,0,80,0,15,28.0,0,28,19,19,zero,
llm_library,shock,0,80,1,15,20.0,20,0,15,15,zero,
llm_library,shock,0,80,2,15,40.0,40,0,16,16,zero,
llm_library,shock,0,81,0,14,32.0,0,32,19,19,zero,
llm_library,shock,0,81,1,14,4.0,4,0,15,15,zero,
llm_library,shock,0,81,2,14,25.0,25,0,20,20,zero,
llm_library,shock,0,82,0,13,26.0,0,26,10,10,zero,
llm_library,shock,0,82,1,13,6.0,6,0,15,15,zero,
llm_library,shock,0,82,2,13,10.0,10,0,20,20,zero,
llm_library,shock,0,83,0,12,28.0,0,28,19,19,zero,
llm_library,shock,0,83,1,12,5.0,5,0,15,15,zero,
llm_library,shock,0,83,2,12,5.0,0,5,20,20,zero,
llm_library,shock,0,84,0,11,20.0,0,20,10,10,zero,
llm_library,shock,0,84,1,11,10.0,10,0,15,15,zero,
llm_library,shock,0,84,2,11,4.0,0,4,0,0,zero,
llm_library,shock,0,85,0,11,12.0,0,12,10,10,zero,
llm_library,shock,0,85,1,11,15.0,15,0,15,15,zero,
llm_library,shock,0,85,2,11,1.0,1,0,0,0,zero,
llm_library,shock,0,86,0,12,14.0,0,14,10,10,zero,
llm_library,shock,0,86,1,12,20.0,20,0,3,3,zero,
llm_library,shock,0,86,2,12,18.0,18,0,20,20,zero,
llm_library,shock,0,87,0,15,10.0,0,10,10,10,zero,
llm_library,shock,0,87,1,15,20.0,20,0,3,3,zero,
llm_library,shock,0,87,2,15,35.0,35,0,3,3,zero,
llm_library,shock,0,88,0,14,14.0,0,14,19,19,zero,
llm_library,shock,0,88,1,14,17.0,17,0,15,15,zero,
llm_library,shock,0,88,2,14,20.0,20,0,0,0,zero,
llm_library,shock,0,89,0,15,19.0,0,19,19,19,zero,
llm_library,shock,0,89,1,15,17.0,17,0,15,15,zero,
llm_library,shock,0,89,2,15,5.0,5,0,16,16,zero,
llm_library,shock,0,90,0,15,24.0,0,24,19,19,zero,
llm_library,shock,0,90,1,15,1.0,1,0,15,15,zero,
llm_library,shock,0,90,2,15,10.0,10,0,20,20,zero,
llm_library,shock,0,91,0,15,29.0,0,29,17,17,zero,
llm_library,shock,0,91,1,15,13.0,0,13,15,15,zero,
llm_library,shock,0,91,2,15,2.0,0,2,20,20,zero,
llm_library,shock,0,92,0,14,24.0,0,24,19,19,zero,
llm_library,shock,0,92,1,14,17.0,0,17,18,18,zero,
llm_library,shock,0,92,2,14,20.0,0,20,20,20,zero,
llm_library,shock,0,93,0,14,19.0,0,19,10,10,zero,
llm_library,shock,0,93,1,14,12.0,0,12,18,18,zero,
llm_library,shock,0,93,2,14,22.0,0,22,20,20,zero,
llm_library,shock,0,94,0,13,13.0,0,13,19,19,zero,
llm_library,shock,0,94,1,13,16.0,0,16,15,15,zero,
llm_library,shock,0,94,2,13,17.0,0,17,16,16,zero,
llm_library,shock,0,95,0,14,23.0,0,23,19,19,zero,
llm_library,shock,0,95,1,14,22.0,0,22,18,18,zero,
llm_library,shock,0,95,2,14,15.0,0,15,16,16,zero,
llm_library,shock,0,96,0,16,24.0,0,24,19,19,zero,
llm_library,shock,0,96,1,16,41.0,0,41,18,18,zero,
llm_library,shock,0,96,2,16,13.0,0,13,20,20,zero,
llm_library,shock,0,97,0,15,24.0,0,24,19,19,zero,
llm_library,shock,0,97,1,15,44.0,0,44,18,18,zero,
llm_library,shock,0,97,2,15,11.0,0,11,20,20,zero,
llm_library,shock,0,98,0,12,21.0,0,21,10,10,zero,
llm_library,shock,0,98,1,12,34.0,0,34,18,18,zero,
llm_library,shock,0,98,2,12,13.0,0,13,20,20,zero,
llm_library,shock,0,99,0,20,28.0,0,28,10,10,zero,
llm_library,shock,0,99,1,20,24.0,0,24,3,3,zero,
llm_library,shock,0,99,2,20,-0.0,0,0,20,20,zero,
llm_library,shock,0,100,0,20,48.0,0,48,19,19,zero,
llm_library,shock,0,100,1,20,23.0,0,23,3,3,zero,
llm_library,shock,0,100,2,20,17.0,17,0,1,1,zero,
llm_library,shock,0,101,0,20,52.0,0,52,19,19,zero,101
llm_library,shock,0,101,1,20,22.0,0,22,18,18,zero,101
llm_library,shock,0,101,2,20,19.0,19,0,0,0,zero,101
llm_library,shock,0,102,0,20,52.0,0,52,19,19,zero,101
llm_library,shock,0,102,1,20,25.0,0,25,18,18,zero,101
llm_library,shock,0,102,2,20,21.0,21,0,16,16,zero,101
llm_library,shock,0,103,0,20,52.0,0,52,19,19,zero,101
llm_library,shock,0,103,1,20,28.0,0,28,18,18,zero,101
llm_library,shock,0,103,2,20,23.0,23,0,20,20,zero,101
llm_library,shock,0,104,0,17,49.0,0,49,19,19,zero,101
llm_library,shock,0,104,1,17,44.0,0,44,18,18,zero,101
llm_library,shock,0,104,2,17,6.0,6,0,20,20,zero,101
llm_library,shock,0,105,0,15,44.0,0,44,19,19,zero,101
llm_library,shock,0,105,1,15,45.0,0,45,18,18,zero,101
llm_library,shock,0,105,2,15,12.0,0,12,20,20,zero,101
llm_library,shock,0,106,0,15,43.0,0,43,10,10,zero,101
llm_library,shock,0,106,1,15,37.0,0,37,18,18,zero,101
llm_library,shock,0,106,2,15,14.0,0,14,20,20,zero,101
llm_library,shock,0,107,0,14,41.0,0,41,19,19,zero,101
llm_library,shock,0,107,1,14,38.0,0,38,18,18,zero,101
llm_library,shock,0,107,2,14,12.0,0,12,16,16,zero,101
llm_library,shock,0,108,0,14,52.0,0,52,17,17,zero,101
llm_library,shock,0,108,1,14,37.0,0,37,18,18,zero,101
llm_library,shock,0,108,2,14,10.0,0,10,16,16,zero,101
llm_library,shock,0,109,0,14,48.0,0,48,10,10,zero,101
llm_library,shock,0,109,1,14,41.0,0,41,18,18,zero,101
llm_library,shock,0,109,2,14,8.0,0,8,20,20,zero,101
llm_library,shock,0,110,0,14,44.0,0,44,17,17,zero,101
llm_library,shock,0,110,1,14,42.0,0,42,18,18,zero,101
llm_library,shock,0,110,2,14,6.0,0,6,20,20,zero,101
llm_library,shock,0,111,0,18,44.0,0,44,10,10,zero,101
llm_library,shock,0,111,1,18,32.0,0,32,18,18,zero,101
llm_library,shock,0,111,2,18,8.0,0,8,20,20,zero,101
llm_library,shock,0,112,0,18,44.0,0,44,19,19,zero,101
llm_library,shock,0,112,1,18,31.0,0,31,18,18,zero,101
llm_library,shock,0,112,2,18,10.0,0,10,20,20,zero,101
llm_library,shock,0,113,0,17,55.0,0,55,19,19,zero,101
llm_library,shock,0,113,1,17,30.0,0,30,18,18,zero,101
llm_library,shock,0,113,2,17,8.0,0,8,16,16,zero,101
llm_library,shock,0,114,0,18,57.0,0,57,17,17,zero,101
llm_library,shock,0,114,1,18,27.0,0,27,18,18,zero,101
llm_library,shock,0,114,2,18,6.0,0,6,20,20,zero,101
llm_library,shock,0,115,0,18,55.0,0,55,19,19,zero,101
llm_library,shock,0,115,1,18,30.0,0,30,18,18,zero,101
llm_library,shock,0,115,2,18,4.0,0,4,20,20,zero,101
llm_library,shock,0,116,0,20,55.0,0,55,19,19,zero,101
llm_library,shock,0,116,1,20,33.0,0,33,18,18,zero,101
llm_library,shock,0,116,2,20,2.0,0,2,20,20,zero,101
llm_library,shock,0,117,0,20,55.0,0,55,19,19,zero,101
llm_library,shock,0,117,1,20,32.0,0,32,18,18,zero,101
llm_library,shock,0,117,2,20,4.0,0,4,16,16,zero,101
llm_library,shock,0,118,0,20,55.0,0,55,19,19,zero,101
llm_library,shock,0,118,1,20,31.0,0,31,18,18,zero,101
llm_library,shock,0,118,2,20,2.0,0,2,16,16,zero,101
llm_library,shock,0,119,0,20,59.0,0,59,19,19,zero,101
llm_library,shock,0,119,1,20,30.0,0,30,18,18,zero,101
llm_library,shock,0,119,2,20,-0.0,0,0,16,16,zero,101
llm_library,shock,0,120,0,20,63.0,0,63,17,17,zero,101
llm_library,shock,0,120,1,20,27.0,0,27,18,18,zero,101
llm_library,shock,0,120,2,20,2.0,2,0,20,20,zero,101
llm_library,shock,0,121,0,20,63.0,0,63,17,17,zero,101
llm_library,shock,0,121,1,20,28.0,0,28,18,18,zero,101
llm_library,shock,0,121,2,20,-0.0,0,0,20,20,zero,101
llm_library,shock,0,122,0,20,63.0,0,63,17,17,zero,101
llm_library,shock,0,122,1,20,25.0,0,25,18,18,zero,101
llm_library,shock,0,122,2,20,2.0,0,2,16,16,zero,101
llm_library,shock,0,123,0,20,63.0,0,63,17,17,zero,101
llm_library,shock,0,123,1,20,22.0,0,22,18,18,zero,101
llm_library,shock,0,123,2,20,4.0,0,4,16,16,zero,101
llm_library,shock,0,124,0,20,63.0,0,63,17,17,zero,101
llm_library,shock,0,124,1,20,21.0,0,21,18,18,zero,101
llm_library,shock,0,124,2,20,2.0,0,2,20,20,zero,101
llm_library,shock,0,125,0,20,67.0,0,67,17,17,zero,101
llm_library,shock,0,125,1,20,20.0,0,20,18,18,zero,101
llm_library,shock,0,125,2,20,-0.0,0,0,20,20,zero,101
llm_library,shock,0,126,0,20,67.0,0,67,17,17,zero,101
llm_library,shock,0,126,1,20,21.0,0,21,18,18,zero,101
llm_library,shock,0,126,2,20,2.0,0,2,16,16,zero,101
llm_library,shock,0,127,0,20,67.0,0,67,17,17,zero,101
llm_library,shock,0,127,1,20,22.0,0,22,18,18,zero,101
llm_library,shock,0,127,2,20,4.0,0,4,16,16,zero,101
llm_library,shock,0,128,0,20,69.0,0,69,17,17,zero,101
llm_library,shock,0,128,1,20,19.0,0,19,18,18,zero,101
llm_library,shock,0,128,2,20,2.0,0,2,20,20,zero,101
llm_library,shock,0,129,0,20,71.0,0,71,17,17,zero,101
llm_library,shock,0,129,1,20,16.0,0,16,18,18,zero,101
llm_library,shock,0,129,2,20,-0.0,0,0,20,20,zero,101
llm_library,shock,0,130,0,20,75.0,0,75,17,17,zero,101
llm_library,shock,0,130,1,20,17.0,0,17,18,18,zero,101
llm_library,shock,0,130,2,20,2.0,0,2,16,16,zero,101
llm_library,shock,0,131,0,20,79.0,0,79,17,17,zero,101
llm_library,shock,0,131,1,20,18.0,0,18,18,18,zero,101
llm_library,shock,0,131,2,20,4.0,0,4,16,16,zero,101
llm_library,shock,0,132,0,20,79.0,0,79,17,17,zero,101
llm_library,shock,0,132,1,20,15.0,0,15,18,18,zero,101
llm_library,shock,0,132,2,20,2.0,0,2,20,20,zero,101
llm_library,shock,0,133,0,20,79.0,0,79,17,17,zero,101
llm_library,shock,0,133,1,20,12.0,0,12,18,18,zero,101
llm_library,shock,0,133,2,20,-0.0,0,0,20,20,zero,101
llm_library,shock,0,134,0,20,83.0,0,83,17,17,zero,101
llm_library,shock,0,134,1,20,13.0,0,13,18,18,zero,101
llm_library,shock,0,134,2,20,2.0,0,2,16,16,zero,101
llm_library,shock,0,135,0,20,87.0,0,87,17,17,zero,101
llm_library,shock,0,135,1,20,14.0,0,14,18,18,zero,101
llm_library,shock,0,135,2,20,4.0,0,4,16,16,zero,101
llm_library,shock,0,136,0,20,87.0,0,87,17,17,zero,101
llm_library,shock,0,136,1,20,11.0,0,11,18,18,zero,101
llm_library,shock,0,136,2,20,2.0,0,2,20,20,zero,101
llm_library,shock,0,137,0,20,87.0,0,87,17,17,zero,101
llm_library,shock,0,137,1,20,8.0,0,8,18,18,zero,101
llm_library,shock,0,137,2,20,-0.0,0,0,20,20,zero,101
llm_library,shock,0,138,0,20,91.0,0,91,17,17,zero,101
llm_library,shock,0,138,1,20,9.0,0,9,18,18,zero,101
llm_library,shock,0,138,2,20,2.0,0,2,16,16,zero,101
llm_library,shock,0,139,0,20,95.0,0,95,17,17,zero,101
llm_library,shock,0,139,1,20,10.0,0,10,18,18,zero,101
llm_library,shock,0,139,2,20,4.0,0,4,16,16,zero,101
llm_library,shock,0,140,0,20,95.0,0,95,17,17,zero,101
llm_library,shock,0,140,1,20,7.0,0,7,18,18,zero,101
llm_library,shock,0,140,2,20,2.0,0,2,20,20,zero,101
llm_library,shock,0,141,0,20,95.0,0,95,17,17,zero,101
llm_library,shock,0,141,1,20,4.0,0,4,18,18,zero,101
llm_library,shock,0,141,2,20,-0.0,0,0,20,20,zero,101
llm_library,shock,0,142,0,20,99.0,0,99,17,17,zero,101
llm_library,shock,0,142,1,20,5.0,0,5,18,18,zero,101
llm_library,shock,0,142,2,20,2.0,0,2,16,16,zero,101
llm_library,shock,0,143,0,20,103.0,0,103,17,17,zero,101
llm_library,shock,0,143,1,20,6.0,0,6,18,18,zero,101
llm_library,shock,0,143,2,20,4.0,0,4,16,16,zero,101
llm_library,shock,0,144,0,20,103.0,0,103,17,17,zero,101
llm_library,shock,0,144,1,20,3.0,0,3,18,18,zero,101
llm_library,shock,0,144,2,20,2.0,0,2,20,20,zero,101
llm_library,shock,0,145,0,20,103.0,0,103,17,17,zero,101
llm_library,shock,0,145,1,20,-0.0,0,0,18,18,zero,101
llm_library,shock,0,145,2,20,-0.0,0,0,20,20,zero,101
llm_library,shock,0,146,0,20,107.0,0,107,17,17,zero,101
llm_library,shock,0,146,1,20,1.0,0,1,18,18,zero,101
llm_library,shock,0,146,2,20,2.0,0,2,16,16,zero,101
llm_library,shock,0,147,0,19,110.0,0,110,17,17,zero,101
llm_library,shock,0,147,1,19,2.0,0,2,18,18,zero,101
llm_library,shock,0,147,2,19,4.0,0,4,16,16,zero,101
llm_library,shock,0,148,0,17,107.0,0,107,17,17,zero,101
llm_library,shock,0,148,1,17,1.0,1,0,18,18,zero,101
llm_library,shock,0,148,2,17,2.0,0,2,20,20,zero,101
llm_library,shock,0,149,0,18,105.0,0,105,17,17,zero,101
llm_library,shock,0,149,1,18,4.0,4,0,18,18,zero,101
llm_library,shock,0,149,2,18,-0.0,0,0,20,20,zero,101
llm_library,shock,0,150,0,17,106.0,0,106,17,17,zero,101
llm_library,shock,0,150,1,17,3.0,3,0,18,18,zero,101
llm_library,shock,0,150,2,17,2.0,0,2,16,16,zero,101
llm_library,shock,0,151,0,19,109.0,0,109,17,17,zero,101
llm_library,shock,0,151,1,19,2.0,2,0,18,18,zero,101
llm_library,shock,0,151,2,19,4.0,0,4,16,16,zero,101
llm_library,shock,0,152,0,18,108.0,0,108,17,17,zero,101
llm_library,shock,0,152,1,18,5.0,5,0,18,18,zero,101
llm_library,shock,0,152,2,18,2.0,0,2,20,20,zero,101
llm_library,shock,0,153,0,18,109.0,0,109,17,17,zero,101
llm_library,shock,0,153,1,18,8.0,8,0,18,18,zero,101
llm_library,shock,0,153,2,18,-0.0,0,0,20,20,zero,101
llm_library,shock,0,154,0,17,109.0,0,109,17,17,zero,101
llm_library,shock,0,154,1,17,7.0,7,0,18,18,zero,101
llm_library,shock,0,154,2,17,2.0,0,2,16,16,zero,101
llm_library,shock,0,155,0,17,109.0,0,109,17,17,zero,101
llm_library,shock,0,155,1,17,6.0,6,0,18,18,zero,101
llm_library,shock,0,155,2,17,4.0,0,4,16,16,zero,101
llm_library,shock,0,156,0,17,109.0,0,109,17,17,zero,101
llm_library,shock,0,156,1,17,9.0,9,0,18,18,zero,101
llm_library,shock,0,156,2,17,2.0,0,2,20,20,zero,101
llm_library,shock,0,157,0,20,112.0,0,112,17,17,zero,101
llm_library,shock,0,157,1,20,12.0,12,0,18,18,zero,101
llm_library,shock,0,157,2,20,-0.0,0,0,20,20,zero,101
llm_library,shock,0,158,0,19,114.0,0,114,17,17,zero,101
llm_library,shock,0,158,1,19,11.0,11,0,18,18,zero,101
llm_library,shock,0,158,2,19,2.0,0,2,16,16,zero,101
llm_library,shock,0,159,0,19,116.0,0,116,17,17,zero,101
llm_library,shock,0,159,1,19,10.0,10,0,18,18,zero,101
llm_library,shock,0,159,2,19,4.0,0,4,16,16,zero,101
llm_library,shock,0,160,0,20,119.0,0,119,17,17,zero,101
llm_library,shock,0,160,1,20,13.0,13,0,18,18,zero,101
llm_library,shock,0,160,2,20,2.0,0,2,20,20,zero,101
llm_library,shock,0,161,0,20,122.0,0,122,17,17,zero,101
llm_library,shock,0,161,1,20,16.0,16,0,18,18,zero,101
llm_library,shock,0,161,2,20,-0.0,0,0,20,20,zero,101
llm_library,shock,0,162,0,20,125.0,0,125,17,17,zero,101
llm_library,shock,0,162,1,20,15.0,15,0,18,18,zero,101
llm_library,shock,0,162,2,20,2.0,0,2,16,16,zero,101
llm_library,shock,0,163,0,20,128.0,0,128,17,17,zero,101
llm_library,shock,0,163,1,20,14.0,14,0,18,18,zero,101
llm_library,shock,0,163,2,20,4.0,0,4,16,16,zero,101
llm_library,shock,0,164,0,20,131.0,0,131,17,17,zero,101
llm_library,shock,0,164,1,20,17.0,17,0,18,18,zero,101
llm_library,shock,0,164,2,20,2.0,0,2,20,20,zero,101
llm_library,shock,0,165,0,20,134.0,0,134,17,17,zero,101
llm_library,shock,0,165,1,20,20.0,20,0,15,15,zero,101
llm_library,shock,0,165,2,20,3.0,3,0,20,20,zero,101
llm_library,shock,0,166,0,20,137.0,0,137,17,17,zero,101
llm_library,shock,0,166,1,20,19.0,19,0,15,15,zero,101
llm_library,shock,0,166,2,20,4.0,4,0,16,16,zero,101
llm_library,shock,0,167,0,20,140.0,0,140,17,17,zero,101
llm_library,shock,0,167,1,20,18.0,18,0,15,15,zero,101
llm_library,shock,0,167,2,20,5.0,5,0,1,1,zero,101
llm_library,shock,0,168,0,20,143.0,0,143,17,17,zero,101
llm_library,shock,0,168,1,20,21.0,21,0,15,15,zero,101
llm_library,shock,0,168,2,20,10.0,10,0,16,16,zero,101
llm_library,shock,0,169,0,20,146.0,0,146,17,17,zero,101
llm_library,shock,0,169,1,20,21.0,21,0,15,15,zero,101
llm_library,shock,0,169,2,20,15.0,15,0,20,20,zero,101
llm_library,shock,0,170,0,20,149.0,0,149,17,17,zero,101
llm_library,shock,0,170,1,20,19.0,19,0,15,15,zero,101
llm_library,shock,0,170,2,20,16.0,16,0,20,20,zero,101
llm_library,shock,0,171,0,20,152.0,0,152,17,17,zero,101
llm_library,shock,0,171,1,20,17.0,17,0,15,15,zero,101
llm_library,shock,0,171,2,20,2.0,2,0,20,20,zero,101
llm_library,shock,0,172,0,20,155.0,0,155,17,17,zero,101
llm_library,shock,0,172,1,20,15.0,15,0,15,15,zero,101
llm_library,shock,0,172,2,20,3.0,3,0,0,0,zero,101
llm_library,shock,0,173,0,20,158.0,0,158,17,17,zero,101
llm_library,shock,0,173,1,20,13.0,13,0,15,15,zero,101
llm_library,shock,0,173,2,20,8.0,8,0,0,0,zero,101
llm_library,shock,0,174,0,20,161.0,0,161,17,17,zero,101
llm_library,shock,0,174,1,20,11.0,11,0,15,15,zero,101
llm_library,shock,0,174,2,20,13.0,13,0,20,20,zero,101
llm_library,shock,0,175,0,20,164.0,0,164,17,17,zero,101
llm_library,shock,0,175,1,20,9.0,9,0,15,15,zero,101
llm_library,shock,0,175,2,20,18.0,18,0,20,20,zero,101
llm_library,shock,0,176,0,20,167.0,0,167,17,17,zero,101
llm_library,shock,0,176,1,20,7.0,7,0,15,15,zero,101
llm_library,shock,0,176,2,20,3.0,3,0,20,20,zero,101
llm_library,shock,0,177,0,20,170.0,0,170,17,17,zero,101
llm_library,shock,0,177,1,20,5.0,5,0,15,15,zero,101
llm_library,shock,0,177,2,20,12.0,0,12,20,20,zero,101
llm_library,shock,0,178,0,20,173.0,0,173,17,17,zero,101
llm_library,shock,0,178,1,20,3.0,3,0,15,15,zero,101
llm_library,shock,0,178,2,20,7.0,0,7,0,0,zero,101
llm_library,shock,0,179,0,20,176.0,0,176,17,17,zero,101
llm_library,shock,0,179,1,20,1.0,1,0,15,15,zero,101
llm_library,shock,0,179,2,20,2.0,0,2,17,17,zero,101
llm_library,shock,0,180,0,20,179.0,0,179,17,17,zero,101
llm_library,shock,0,180,1,20,1.0,0,1,15,15,zero,101
llm_library,shock,0,180,2,20,3.0,3,0,20,20,zero,101
llm_library,shock,0,181,0,20,182.0,0,182,17,17,zero,101
llm_library,shock,0,181,1,20,15.0,0,15,18,18,zero,101
llm_library,shock,0,181,2,20,5.0,5,0,20,20,zero,101
llm_library,shock,0,182,0,20,185.0,0,185,17,17,zero,101
llm_library,shock,0,182,1,20,12.0,0,12,18,18,zero,101
llm_library,shock,0,182,2,20,13.0,0,13,20,20,zero,101
llm_library,shock,0,183,0,20,188.0,0,188,17,17,zero,101
llm_library,shock,0,183,1,20,9.0,0,9,18,18,zero,101
llm_library,shock,0,183,2,20,14.0,0,14,20,20,zero,101
llm_library,shock,0,184,0,20,192.0,0,192,17,17,zero,101
llm_library,shock,0,184,1,20,9.0,0,9,18,18,zero,101
llm_library,shock,0,184,2,20,12.0,0,12,16,16,zero,101
llm_library,shock,0,185,0,20,209.0,0,209,17,17,zero,101
llm_library,shock,0,185,1,20,8.0,0,8,18,18,zero,101
llm_library,shock,0,185,2,20,10.0,0,10,20,20,zero,101
llm_library,shock,0,186,0,20,209.0,0,209,17,17,zero,101
llm_library,shock,0,186,1,20,20.0,0,20,18,18,zero,101
llm_library,shock,0,186,2,20,8.0,0,8,20,20,zero,101
llm_library,shock,0,187,0,20,209.0,0,209,17,17,zero,101
llm_library,shock,0,187,1,20,20.0,0,20,18,18,zero,101
llm_library,shock,0,187,2,20,6.0,0,6,20,20,zero,101
llm_library,shock,0,188,0,20,212.0,0,212,17,17,zero,101
llm_library,shock,0,188,1,20,17.0,0,17,18,18,zero,101
llm_library,shock,0,188,2,20,8.0,0,8,20,20,zero,101
llm_library,shock,0,189,0,20,214.0,0,214,17,17,zero,101
llm_library,shock,0,189,1,20,14.0,0,14,18,18,zero,101
llm_library,shock,0,189,2,20,6.0,0,6,16,16,zero,101
llm_library,shock,0,190,0,20,229.0,0,229,17,17,zero,101
llm_library,shock,0,190,1,20,11.0,0,11,18,18,zero,101
llm_library,shock,0,190,2,20,4.0,0,4,16,16,zero,101
llm_library,shock,0,191,0,20,232.0,0,232,17,17,zero,101
llm_library,shock,0,191,1,20,8.0,0,8,18,18,zero,101
llm_library,shock,0,191,2,20,2.0,0,2,20,20,zero,101
llm_library,shock,0,192,0,20,232.0,0,232,17,17,zero,101
llm_library,shock,0,192,1,20,9.0,0,9,18,18,zero,101
llm_library,shock,0,192,2,20,-0.0,0,0,20,20,zero,101
llm_library,shock,0,193,0,20,232.0,0,232,17,17,zero,101
llm_library,shock,0,193,1,20,6.0,0,6,18,18,zero,101
llm_library,shock,0,193,2,20,2.0,0,2,16,16,zero,101
llm_library,shock,0,194,0,20,232.0,0,232,17,17,zero,101
llm_library,shock,0,194,1,20,3.0,0,3,18,18,zero,101
llm_library,shock,0,194,2,20,4.0,0,4,16,16,zero,101
llm_library,shock,0,195,0,20,232.0,0,232,17,17,zero,101
llm_library,shock,0,195,1,20,-0.0,0,0,18,18,zero,101
llm_library,shock,0,195,2,20,2.0,0,2,20,20,zero,101
llm_library,shock,0,196,0,20,236.0,0,236,17,17,zero,101
llm_library,shock,0,196,1,20,3.0,3,0,18,18,zero,101
llm_library,shock,0,196,2,20,-0.0,0,0,20,20,zero,101
llm_library,shock,0,197,0,20,236.0,0,236,17,17,zero,101
llm_library,shock,0,197,1,20,2.0,2,0,18,18,zero,101
llm_library,shock,0,197,2,20,2.0,0,2,16,16,zero,101
llm_library,shock,0,198,0,20,236.0,0,236,17,17,zero,101
llm_library,shock,0,198,1,20,1.0,1,0,18,18,zero,101
llm_library,shock,0,198,2,20,4.0,0,4,16,16,zero,101
llm_library,shock,0,199,0,20,236.0,0,236,17,17,zero,101
llm_library,shock,0,199,1,20,4.0,4,0,18,18,zero,101
llm_library,shock,0,199,2,20,2.0,0,2,20,20,zero,101
llm_library,shock,0,200,0,20,239.0,0,239,17,17,zero,101
llm_library,shock,0,200,1,20,7.0,7,0,18,18,zero,101
llm_library,shock,0,200,2,20,-0.0,0,0,20,20,zero,101
llm_library,shock,1,1,0,10,10.0,10,0,10,10,zero,
llm_library,shock,1,1,1,10,10.0,10,0,15,15,zero,
llm_library,shock,1,1,2,10,5.0,5,0,0,0,zero,
llm_library,shock,1,2,0,9,11.0,11,0,10,10,zero,
llm_library,shock,1,2,1,9,10.0,10,0,1,1,zero,
llm_library,shock,1,2,2,9,14.0,14,0,20,20,zero,
llm_library,shock,1,3,0,10,11.0,11,0,6,6,zero,
llm_library,shock,1,3,1,10,14.0,14,0,15,15,zero,
llm_library,shock,1,3,2,10,9.0,9,0,3,3,zero,
llm_library,shock,1,4,0,10,11.0,11,0,10,10,zero,
llm_library,shock,1,4,1,10,14.0,14,0,1,1,zero,
llm_library,shock,1,4,2,10,18.0,18,0,20,20,zero,
llm_library,shock,1,5,0,10,11.0,11,0,10,10,zero,
llm_library,shock,1,5,1,10,19.0,19,0,15,15,zero,
llm_library,shock,1,5,2,10,3.0,3,0,0,0,zero,
llm_library,shock,1,6,0,9,12.0,12,0,9,9,zero,
llm_library,shock,1,6,1,9,11.0,11,0,3,3,zero,
llm_library,shock,1,6,2,9,20.0,20,0,16,16,zero,
llm_library,shock,1,7,0,11,7.0,7,0,9,9,zero,
llm_library,shock,1,7,1,11,17.0,17,0,15,15,zero,
llm_library,shock,1,7,2,11,8.0,8,0,0,0,zero,
llm_library,shock,1,8,0,12,5.0,5,0,9,9,zero,
llm_library,shock,1,8,1,12,9.0,9,0,1,1,zero,
llm_library,shock,1,8,2,12,27.0,27,0,20,20,zero,
llm_library,shock,1,9,0,12,3.0,3,0,19,19,zero,
llm_library,shock,1,9,1,12,5.0,5,0,15,15,zero,
llm_library,shock,1,9,2,12,12.0,12,0,0,0,zero,
llm_library,shock,1,10,0,13,1.0,0,1,9,9,zero,
llm_library,shock,1,10,1,13,1.0,0,1,15,15,zero,
llm_library,shock,1,10,2,13,13.0,13,0,0,0,zero,
llm_library,shock,1,11,0,14,6.0,0,6,19,19,zero,
llm_library,shock,1,11,1,14,5.0,0,5,15,15,zero,
llm_library,shock,1,11,2,14,2.0,0,2,20,20,zero,
llm_library,shock,1,12,0,14,11.0,0,11,10,10,zero,
llm_library,shock,1,12,1,14,14.0,0,14,15,15,zero,
llm_library,shock,1,12,2,14,3.0,3,0,20,20,zero,
llm_library,shock,1,13,0,15,7.0,0,7,19,19,zero,
llm_library,shock,1,13,1,15,18.0,0,18,15,15,zero,
llm_library,shock,1,13,2,15,12.0,0,12,20,20,zero,
llm_library,shock,1,14,0,16,15.0,0,15,19,19,zero,
llm_library,shock,1,14,1,16,22.0,0,22,18,18,zero,
llm_library,shock,1,14,2,16,30.0,0,30,20,20,zero,
llm_library,shock,1,15,0,18,18.0,0,18,19,19,zero,
llm_library,shock,1,15,1,18,28.0,0,28,18,18,zero,
llm_library,shock,1,15,2,18,28.0,0,28,20,20,zero,
llm_library,shock,1,16,0,17,34.0,0,34,19,19,zero,
llm_library,shock,1,16,1,17,30.0,0,30,18,18,zero,
llm_library,shock,1,16,2,17,26.0,0,26,20,20,zero,
llm_library,shock,1,17,0,18,37.0,0,37,19,19,zero,
llm_library,shock,1,17,1,18,46.0,0,46,18,18,zero,
llm_library,shock,1,17,2,18,24.0,0,24,20,20,zero,
llm_library,shock,1,18,0,16,38.0,0,38,19,19,zero,
llm_library,shock,1,18,1,16,65.0,0,65,18,18,zero,
llm_library,shock,1,18,2,16,22.0,0,22,20,20,zero,
llm_library,shock,1,19,0,16,41.0,0,41,19,19,zero,
llm_library,shock,1,19,1,16,64.0,0,64,18,18,zero,
llm_library,shock,1,19,2,16,20.0,0,20,20,20,zero,
llm_library,shock,1,20,0,16,40.0,0,40,19,19,zero,
llm_library,shock,1,20,1,16,63.0,0,63,18,18,zero,
llm_library,shock,1,20,2,16,18.0,0,18,20,20,zero,
llm_library,shock,1,21,0,16,53.0,0,53,19,19,zero,
llm_library,shock,1,21,1,16,62.0,0,62,18,18,zero,
llm_library,shock,1,21,2,16,16.0,0,16,20,20,zero,
llm_library,shock,1,22,0,15,68.0,0,68,17,17,zero,
llm_library,shock,1,22,1,15,59.0,0,59,18,18,zero,
llm_library,shock,1,22,2,15,14.0,0,14,20,20,zero,
llm_library,shock,1,23,0,13,61.0,0,61,17,17,zero,
llm_library,shock,1,23,1,13,56.0,0,56,18,18,zero,
llm_library,shock,1,23,2,13,12.0,0,12,16,16,zero,
llm_library,shock,1,24,0,15,56.0,0,56,10,10,zero,
llm_library,shock,1,24,1,15,46.0,0,46,18,18,zero,
llm_library,shock,1,24,2,15,10.0,0,10,20,20,zero,
llm_library,shock,1,25,0,16,52.0,0,52,10,10,zero,
llm_library,shock,1,25,1,16,36.0,0,36,18,18,zero,
llm_library,shock,1,25,2,16,8.0,0,8,20,20,zero,
llm_library,shock,1,26,0,18,50.0,0,50,10,10,zero,
llm_library,shock,1,26,1,18,26.0,0,26,0,0,zero,
llm_library,shock,1,26,2,18,12.0,12,0,20,20,zero,
llm_library,shock,1,27,0,18,48.0,0,48,19,19,zero,
llm_library,shock,1,27,1,18,25.0,0,25,18,18,zero,
llm_library,shock,1,27,2,18,10.0,10,0,0,0,zero,
llm_library,shock,1,28,0,17,45.0,0,45,19,19,zero,
llm_library,shock,1,28,1,17,24.0,0,24,18,18,zero,
llm_library,shock,1,28,2,17,12.0,12,0,16,16,zero,
llm_library,shock,1,29,0,16,41.0,0,41,10,10,zero,
llm_library,shock,1,29,1,16,14.0,0,14,18,18,zero,
llm_library,shock,1,29,2,16,14.0,14,0,20,20,zero,
llm_library,shock,1,30,0,16,37.0,0,37,10,10,zero,
llm_library,shock,1,30,1,16,16.0,0,16,18,18,zero,
llm_library,shock,1,30,2,16,16.0,16,0,20,20,zero,
llm_library,shock,1,31,0,15,32.0,0,32,19,19,zero,
llm_library,shock,1,31,1,15,17.0,0,17,18,18,zero,
llm_library,shock,1,31,2,15,2.0,0,2,20,20,zero,
llm_library,shock,1,32,0,14,26.0,0,26,10,10,zero,
llm_library,shock,1,32,1,14,9.0,0,9,18,18,zero,
llm_library,shock,1,32,2,14,4.0,0,4,20,20,zero,
llm_library,shock,1,33,0,13,19.0,0,19,10,10,zero,
llm_library,shock,1,33,1,13,1.0,0,1,18,18,zero,
llm_library,shock,1,33,2,13,2.0,0,2,0,0,zero,
llm_library,shock,1,34,0,13,24.0,0,24,19,19,zero,
llm_library,shock,1,34,1,13,2.0,0,2,18,18,zero,
llm_library,shock,1,34,2,13,-0.0,0,0,20,20,zero,
llm_library,shock,1,35,0,13,19.0,0,19,10,10,zero,
llm_library,shock,1,35,1,13,4.0,4,0,18,18,zero,
llm_library,shock,1,35,2,13,2.0,2,0,20,20,zero,
llm_library,shock,1,36,0,11,12.0,0,12,10,10,zero,
llm_library,shock,1,36,1,11,10.0,10,0,18,18,zero,
llm_library,shock,1,36,2,11,4.0,4,0,20,20,zero,
llm_library,shock,1,37,0,11,5.0,0,5,10,10,zero,
llm_library,shock,1,37,1,11,20.0,20,0,0,0,zero,
llm_library,shock,1,37,2,11,4.0,4,0,20,20,zero,
llm_library,shock,1,38,0,12,1.0,1,0,10,10,zero,
llm_library,shock,1,38,1,12,30.0,30,0,12,12,zero,
llm_library,shock,1,38,2,12,12.0,12,0,0,0,zero,
llm_library,shock,1,39,0,11,2.0,2,0,19,19,zero,
llm_library,shock,1,39,1,11,29.0,29,0,3,3,zero,
llm_library,shock,1,39,2,11,29.0,29,0,0,0,zero,
llm_library,shock,1,40,0,11,1.0,1,0,10,10,zero,
llm_library,shock,1,40,1,11,37.0,37,0,18,18,zero,
llm_library,shock,1,40,2,11,31.0,31,0,0,0,zero,
llm_library,shock,1,41,0,11,-0.0,0,0,10,10,zero,
llm_library,shock,1,41,1,11,27.0,27,0,15,15,zero,
llm_library,shock,1,41,2,11,36.0,36,0,0,0,zero,
llm_library,shock,1,42,0,11,1.0,0,1,6,6,zero,
llm_library,shock,1,42,1,11,33.0,33,0,3,3,zero,
llm_library,shock,1,42,2,11,33.0,33,0,20,20,zero,
llm_library,shock,1,43,0,12,6.0,6,0,10,10,zero,
llm_library,shock,1,43,1,12,26.0,26,0,3,3,zero,
llm_library,shock,1,43,2,12,30.0,30,0,0,0,zero,
llm_library,shock,1,44,0,12,4.0,4,0,19,19,zero,
llm_library,shock,1,44,1,12,25.0,25,0,3,3,zero,
llm_library,shock,1,44,2,12,27.0,27,0,0,0,zero,
llm_library,shock,1,45,0,12,2.0,2,0,9,9,zero,
llm_library,shock,1,45,1,12,31.0,31,0,15,15,zero,
llm_library,shock,1,45,2,12,12.0,12,0,0,0,zero,
llm_library,shock,1,46,0,10,2.0,0,2,19,19,zero,
llm_library,shock,1,46,1,10,15.0,15,0,15,15,zero,
llm_library,shock,1,46,2,10,17.0,17,0,0,0,zero,
llm_library,shock,1,47,0,11,3.0,0,3,6,6,zero,
llm_library,shock,1,47,1,11,12.0,12,0,15,15,zero,
llm_library,shock,1,47,2,11,2.0,2,0,20,20,zero,
llm_library,shock,1,48,0,11,5.0,5,0,10,10,zero,
llm_library,shock,1,48,1,11,5.0,5,0,3,3,zero,
llm_library,shock,1,48,2,11,1.0,0,1,20,20,zero,
llm_library,shock,1,49,0,10,4.0,4,0,6,6,zero,
llm_library,shock,1,49,1,10,14.0,14,0,15,15,zero,
llm_library,shock,1,49,2,10,16.0,0,16,0,0,zero,
llm_library,shock,1,50,0,10,13.0,13,0,10,10,zero,
llm_library,shock,1,50,1,10,19.0,19,0,15,15,zero,
llm_library,shock,1,50,2,10,31.0,0,31,20,20,zero,
llm_library,shock,1,51,0,11,8.0,8,0,10,10,zero,
llm_library,shock,1,51,1,11,24.0,24,0,15,15,zero,
llm_library,shock,1,51,2,11,26.0,0,26,20,20,zero,
llm_library,shock,1,52,0,11,7.0,7,0,19,19,zero,
llm_library,shock,1,52,1,11,7.0,7,0,15,15,zero,
llm_library,shock,1,52,2,11,21.0,0,21,20,20,zero,
llm_library,shock,1,53,0,10,3.0,3,0,9,9,zero,
llm_library,shock,1,53,1,10,2.0,0,2,15,15,zero,
llm_library,shock,1,53,2,10,36.0,0,36,20,20,zero,
llm_library,shock,1,54,0,10,3.0,3,0,10,10,zero,
llm_library,shock,1,54,1,10,12.0,0,12,15,15,zero,
llm_library,shock,1,54,2,10,31.0,0,31,20,20,zero,
llm_library,shock,1,55,0,10,3.0,3,0,6,6,zero,
llm_library,shock,1,55,1,10,2.0,2,0,15,15,zero,
llm_library,shock,1,55,2,10,26.0,0,26,20,20,zero,
llm_library,shock,1,56,0,9,13.0,13,0,6,6,zero,
llm_library,shock,1,56,1,9,16.0,16,0,3,3,zero,
llm_library,shock,1,56,2,9,9.0,0,9,16,16,zero,
llm_library,shock,1,57,0,8,12.0,12,0,10,10,zero,
llm_library,shock,1,57,1,8,6.0,6,0,0,0,zero,
llm_library,shock,1,57,2,8,11.0,11,0,0,0,zero,
llm_library,shock,1,58,0,10,2.0,2,0,6,6,zero,
llm_library,shock,1,58,1,10,20.0,20,0,0,0,zero,
llm_library,shock,1,58,2,10,31.0,31,0,0,0,zero,
llm_library,shock,1,59,0,11,9.0,9,0,10,10,zero,
llm_library,shock,1,59,1,11,30.0,30,0,0,0,zero,
llm_library,shock,1,59,2,11,51.0,51,0,0,0,zero,
llm_library,shock,1,60,0,11,4.0,4,0,10,10,zero,
llm_library,shock,1,60,1,11,40.0,40,0,12,12,zero,
llm_library,shock,1,60,2,11,55.0,55,0,0,0,zero,
llm_library,shock,1,61,0,11,3.0,3,0,19,19,zero,
llm_library,shock,1,61,1,11,30.0,30,0,12,12,zero,
llm_library,shock,1,61,2,11,43.0,43,0,0,0,zero,
llm_library,shock,1,62,0,10,1.0,0,1,9,9,zero,
llm_library,shock,1,62,1,10,21.0,21,0,15,15,zero,
llm_library,shock,1,62,2,10,28.0,28,0,16,16,zero,
llm_library,shock,1,63,0,10,1.0,0,1,10,10,zero,
llm_library,shock,1,63,1,10,11.0,11,0,3,3,zero,
llm_library,shock,1,63,2,10,25.0,25,0,20,20,zero,
llm_library,shock,1,64,0,9,-0.0,0,0,6,6,zero,
llm_library,shock,1,64,1,9,17.0,17,0,15,15,zero,
llm_library,shock,1,64,2,9,10.0,10,0,0,0,zero,
llm_library,shock,1,65,0,9,10.0,10,0,6,6,zero,
llm_library,shock,1,65,1,9,23.0,23,0,1,1,zero,
llm_library,shock,1,65,2,9,9.0,9,0,3,3,zero,
llm_library,shock,1,66,0,8,11.0,11,0,10,10,zero,
llm_library,shock,1,66,1,8,28.0,28,0,1,1,zero,
llm_library,shock,1,66,2,8,24.0,24,0,0,0,zero,
llm_library,shock,1,67,0,6,15.0,15,0,6,6,zero,
llm_library,shock,1,67,1,6,25.0,25,0,1,1,zero,
llm_library,shock,1,67,2,6,43.0,43,0,0,0,zero,
llm_library,shock,1,68,0,6,15.0,15,0,6,6,zero,
llm_library,shock,1,68,1,6,34.0,34,0,1,1,zero,
llm_library,shock,1,68,2,6,42.0,42,0,0,0,zero,
llm_library,shock,1,69,0,6,15.0,15,0,2,2,zero,
llm_library,shock,1,69,1,6,33.0,33,0,15,15,zero,
llm_library,shock,1,69,2,6,30.0,30,0,0,0,zero,
llm_library,shock,1,70,0,6,19.0,19,0,2,2,zero,
llm_library,shock,1,70,1,6,32.0,32,0,1,1,zero,
llm_library,shock,1,70,2,6,29.0,29,0,1,1,zero,
llm_library,shock,1,71,0,6,19.0,19,0,2,2,zero,
llm_library,shock,1,71,1,6,31.0,31,0,1,1,zero,
llm_library,shock,1,71,2,6,28.0,28,0,0,0,zero,
llm_library,shock,1,72,0,6,19.0,19,0,4,4,zero,
llm_library,shock,1,72,1,6,28.0,28,0,0,0,zero,
llm_library,shock,1,72,2,6,28.0,28,0,0,0,zero,
llm_library,shock,1,73,0,5,16.0,16,0,4,4,zero,
llm_library,shock,1,73,1,5,39.0,39,0,0,0,zero,
llm_library,shock,1,73,2,5,28.0,28,0,0,0,zero,
llm_library,shock,1,74,0,5,13.0,13,0,3,3,zero,
llm_library,shock,1,74,1,5,37.0,37,0,0,0,zero,
llm_library,shock,1,74,2,5,29.0,29,0,0,0,zero,
llm_library,shock,1,75,0,6,9.0,9,0,3,3,zero,
llm_library,shock,1,75,1,6,35.0,35,0,1,1,zero,
llm_library,shock,1,75,2,6,28.0,28,0,0,0,zero,
llm_library,shock,1,76,0,6,7.0,7,0,9,9,zero,
llm_library,shock,1,76,1,6,26.0,26,0,1,1,zero,
llm_library,shock,1,76,2,6,27.0,27,0,0,0,zero,
llm_library,shock,1,77,0,6,5.0,5,0,9,9,zero,
llm_library,shock,1,77,1,6,17.0,17,0,1,1,zero,
llm_library,shock,1,77,2,6,26.0,26,0,0,0,zero,
llm_library,shock,1,78,0,6,2.0,2,0,1,1,zero,
llm_library,shock,1,78,1,6,16.0,16,0,15,15,zero,
llm_library,shock,1,78,2,6,11.0,11,0,0,0,zero,
llm_library,shock,1,79,0,7,2.0,0,2,2,2,zero,
llm_library,shock,1,79,1,7,15.0,15,0,1,1,zero,
llm_library,shock,1,79,2,7,10.0,10,0,1,1,zero,
llm_library,shock,1,80,0,7,-0.0,0,0,10,10,zero,
llm_library,shock,1,80,1,7,6.0,6,0,1,1,zero,
llm_library,shock,1,80,2,7,9.0,9,0,20,20,zero,
llm_library,shock,1,81,0,7,2.0,2,0,6,6,zero,
llm_library,shock,1,81,1,7,1.0,1,0,1,1,zero,
llm_library,shock,1,81,2,7,8.0,8,0,0,0,zero,
llm_library,shock,1,82,0,7,4.0,0,4,10,10,zero,
llm_library,shock,1,82,1,7,6.0,6,0,15,15,zero,
llm_library,shock,1,82,2,7,7.0,0,7,0,0,zero,
llm_library,shock,1,83,0,6,8.0,0,8,10,10,zero,
llm_library,shock,1,83,1,6,3.0,0,3,15,15,zero,
llm_library,shock,1,83,2,6,21.0,0,21,0,0,zero,
llm_library,shock,1,84,0,7,5.0,0,5,6,6,zero,
llm_library,shock,1,84,1,7,8.0,0,8,15,15,zero,
llm_library,shock,1,84,2,7,16.0,0,16,20,20,zero,
llm_library,shock,1,85,0,9,8.0,0,8,10,10,zero,
llm_library,shock,1,85,1,9,17.0,0,17,11,11,zero,
llm_library,shock,1,85,2,9,27.0,0,27,20,20,zero,
llm_library,shock,1,86,0,10,8.0,0,8,10,10,zero,
llm_library,shock,1,86,1,10,19.0,0,19,15,15,zero,
llm_library,shock,1,86,2,10,42.0,0,42,20,20,zero,
llm_library,shock,1,87,0,10,11.0,0,11,19,19,zero,
llm_library,shock,1,87,1,10,37.0,0,37,15,15,zero,
llm_library,shock,1,87,2,10,57.0,0,57,20,20,zero,
llm_library,shock,1,88,0,10,20.0,0,20,19,19,zero,
llm_library,shock,1,88,1,10,36.0,0,36,15,15,zero,
llm_library,shock,1,88,2,10,52.0,0,52,20,20,zero,
llm_library,shock,1,89,0,10,29.0,0,29,10,10,zero,
llm_library,shock,1,89,1,10,46.0,0,46,15,15,zero,
llm_library,shock,1,89,2,10,47.0,0,47,20,20,zero,
llm_library,shock,1,90,0,10,31.0,0,31,19,19,zero,
llm_library,shock,1,90,1,10,65.0,0,65,18,18,zero,
llm_library,shock,1,90,2,10,45.0,0,45,20,20,zero,
llm_library,shock,1,91,0,10,40.0,0,40,17,17,zero,
llm_library,shock,1,91,1,10,82.0,0,82,18,18,zero,
llm_library,shock,1,91,2,10,43.0,0,43,20,20,zero,
llm_library,shock,1,92,0,10,30.0,0,30,17,17,zero,
llm_library,shock,1,92,1,10,79.0,0,79,18,18,zero,
llm_library,shock,1,92,2,10,41.0,0,41,20,20,zero,
llm_library,shock,1,93,0,9,39.0,0,39,17,17,zero,
llm_library,shock,1,93,1,9,76.0,0,76,18,18,zero,
llm_library,shock,1,93,2,9,39.0,0,39,20,20,zero,
llm_library,shock,1,94,0,9,48.0,0,48,17,17,zero,
llm_library,shock,1,94,1,9,73.0,0,73,18,18,zero,
llm_library,shock,1,94,2,9,37.0,0,37,20,20,zero,
llm_library,shock,1,95,0,9,57.0,0,57,17,17,zero,
llm_library,shock,1,95,1,9,70.0,0,70,18,18,zero,
llm_library,shock,1,95,2,9,35.0,0,35,20,20,zero,
llm_library,shock,1,96,0,8,45.0,0,45,10,10,zero,
llm_library,shock,1,96,1,8,60.0,0,60,18,18,zero,
llm_library,shock,1,96,2,8,33.0,0,33,20,20,zero,
llm_library,shock,1,97,0,6,31.0,0,31,6,6,zero,
llm_library,shock,1,97,1,6,46.0,0,46,18,18,zero,
llm_library,shock,1,97,2,6,31.0,0,31,20,20,zero,
llm_library,shock,1,98,0,9,20.0,0,20,6,6,zero,
llm_library,shock,1,98,1,9,32.0,0,32,0,0,zero,
llm_library,shock,1,98,2,9,11.0,0,11,20,20,zero,
llm_library,shock,1,99,0,8,8.0,0,8,6,6,zero,
llm_library,shock,1,99,1,8,18.0,0,18,0,0,zero,
llm_library,shock,1,99,2,8,9.0,9,0,0,0,zero,
llm_library,shock,1,100,0,9,3.0,3,0,0,0,zero,100
llm_library,shock,1,100,1,9,2.0,2,0,0,0,zero,100
llm_library,shock,1,100,2,9,29.0,29,0,0,0,zero,100
llm_library,shock,1,101,0,8,15.0,15,0,0,0,zero,100
llm_library,shock,1,101,1,8,22.0,22,0,0,0,zero,100
llm_library,shock,1,101,2,8,49.0,49,0,0,0,zero,100
llm_library,shock,1,102,0,8,27.0,27,0,0,0,zero,100
llm_library,shock,1,102,1,8,42.0,42,0,0,0,zero,100
llm_library,shock,1,102,2,8,69.0,69,0,0,0,zero,100
llm_library,shock,1,103,0,9,38.0,38,0,6,6,zero,100
llm_library,shock,1,103,1,9,47.0,47,0,0,0,zero,100
llm_library,shock,1,103,2,9,69.0,69,0,0,0,zero,100
llm_library,shock,1,104,0,9,47.0,47,0,2,2,zero,100
llm_library,shock,1,104,1,9,45.0,45,0,0,0,zero,100
llm_library,shock,1,104,2,9,69.0,69,0,0,0,zero,100
llm_library,shock,1,105,0,8,39.0,39,0,2,2,zero,100
llm_library,shock,1,105,1,8,43.0,43,0,1,1,zero,100
llm_library,shock,1,105,2,8,68.0,68,0,0,0,zero,100
llm_library,shock,1,106,0,6,33.0,33,0,2,2,zero,100
llm_library,shock,1,106,1,6,41.0,41,0,1,1,zero,100
llm_library,shock,1,106,2,6,67.0,67,0,0,0,zero,100
llm_library,shock,1,107,0,8,31.0,31,0,2,2,zero,100
llm_library,shock,1,107,1,8,39.0,39,0,1,1,zero,100
llm_library,shock,1,107,2,8,66.0,66,0,0,0,zero,100
llm_library,shock,1,108,0,6,27.0,27,0,3,3,zero,100
llm_library,shock,1,108,1,6,36.0,36,0,1,1,zero,100
llm_library,shock,1,108,2,6,65.0,65,0,0,0,zero,100
llm_library,shock,1,109,0,8,21.0,21,0,3,3,zero,100
llm_library,shock,1,109,1,8,34.0,34,0,1,1,zero,100
llm_library,shock,1,109,2,8,64.0,64,0,0,0,zero,100
llm_library,shock,1,110,0,8,15.0,15,0,9,9,zero,100
llm_library,shock,1,110,1,8,26.0,26,0,1,1,zero,100
llm_library,shock,1,110,2,8,63.0,63,0,0,0,zero,100
llm_library,shock,1,111,0,8,9.0,9,0,9,9,zero,100
llm_library,shock,1,111,1,8,18.0,18,0,15,15,zero,100
llm_library,shock,1,111,2,8,48.0,48,0,0,0,zero,100
llm_library,shock,1,112,0,8,4.0,4,0,9,9,zero,100
llm_library,shock,1,112,1,8,10.0,10,0,15,15,zero,100
llm_library,shock,1,112,2,8,33.0,33,0,0,0,zero,100
llm_library,shock,1,113,0,6,1.0,1,0,9,9,zero,100
llm_library,shock,1,113,1,6,2.0,2,0,11,11,zero,100
llm_library,shock,1,113,2,6,22.0,22,0,1,1,zero,100
llm_library,shock,1,114,0,6,4.0,4,0,2,2,zero,100
llm_library,shock,1,114,1,6,1.0,1,0,1,1,zero,100
llm_library,shock,1,114,2,6,21.0,21,0,20,20,zero,100
llm_library,shock,1,115,0,6,7.0,7,0,2,2,zero,100
llm_library,shock,1,115,1,6,14.0,14,0,1,1,zero,100
llm_library,shock,1,115,2,6,20.0,20,0,0,0,zero,100
llm_library,shock,1,116,0,8,8.0,8,0,6,6,zero,100
llm_library,shock,1,116,1,8,23.0,23,0,0,0,zero,100
llm_library,shock,1,116,2,8,20.0,20,0,0,0,zero,100
llm_library,shock,1,117,0,6,11.0,11,0,10,10,zero,100
llm_library,shock,1,117,1,6,24.0,24,0,1,1,zero,100
llm_library,shock,1,117,2,6,20.0,20,0,0,0,zero,100
llm_library,shock,1,118,0,8,5.0,5,0,9,9,zero,100
llm_library,shock,1,118,1,8,16.0,16,0,15,15,zero,100
llm_library,shock,1,118,2,8,25.0,25,0,0,0,zero,100
llm_library,shock,1,119,0,5,2.0,2,0,9,9,zero,100
llm_library,shock,1,119,1,5,8.0,8,0,15,15,zero,100
llm_library,shock,1,119,2,5,10.0,10,0,1,1,zero,100
llm_library,shock,1,120,0,5,3.0,3,0,2,2,zero,100
llm_library,shock,1,120,1,5,6.0,6,0,15,15,zero,100
llm_library,shock,1,120,2,5,5.0,0,5,20,20,zero,100
llm_library,shock,1,121,0,5,8.0,8,0,2,2,zero,100
llm_library,shock,1,121,1,5,5.0,5,0,0,0,zero,100
llm_library,shock,1,121,2,5,5.0,0,5,20,20,zero,100
llm_library,shock,1,122,0,5,12.0,12,0,6,6,zero,100
llm_library,shock,1,122,1,5,14.0,14,0,0,0,zero,100
llm_library,shock,1,122,2,5,5.0,0,5,0,0,zero,100
llm_library,shock,1,123,0,5,16.0,16,0,2,2,zero,100
llm_library,shock,1,123,1,5,27.0,27,0,1,1,zero,100
llm_library,shock,1,123,2,5,5.0,0,5,0,0,zero,100
llm_library,shock,1,124,0,6,12.0,12,0,6,6,zero,100
llm_library,shock,1,124,1,6,31.0,31,0,0,0,zero,100
llm_library,shock,1,124,2,6,15.0,15,0,0,0,zero,100
llm_library,shock,1,125,0,6,8.0,8,0,2,2,zero,100
llm_library,shock,1,125,1,6,29.0,29,0,1,1,zero,100
llm_library,shock,1,125,2,6,34.0,34,0,0,0,zero,100
llm_library,shock,1,126,0,5,9.0,9,0,9,9,zero,100
llm_library,shock,1,126,1,5,20.0,20,0,1,1,zero,100
llm_library,shock,1,126,2,5,33.0,33,0,0,0,zero,100
llm_library,shock,1,127,0,5,6.0,6,0,9,9,zero,100
llm_library,shock,1,127,1,5,12.0,12,0,15,15,zero,100
llm_library,shock,1,127,2,5,18.0,18,0,0,0,zero,100
llm_library,shock,1,128,0,5,7.0,7,0,2,2,zero,100
llm_library,shock,1,128,1,5,15.0,15,0,15,15,zero,100
llm_library,shock,1,128,2,5,3.0,3,0,1,1,zero,100
llm_library,shock,1,129,0,5,4.0,4,0,2,2,zero,100
llm_library,shock,1,129,1,5,14.0,14,0,1,1,zero,100
llm_library,shock,1,129,2,5,2.0,2,0,20,20,zero,100
llm_library,shock,1,130,0,3,10.0,10,0,6,6,zero,100
llm_library,shock,1,130,1,3,9.0,9,0,0,0,zero,100
llm_library,shock,1,130,2,3,2.0,2,0,20,20,zero,100
llm_library,shock,1,131,0,3,16.0,16,0,0,0,zero,100
llm_library,shock,1,131,1,3,24.0,24,0,1,1,zero,100
llm_library,shock,1,131,2,3,1.0,1,0,0,0,zero,100
llm_library,shock,1,132,0,2,16.0,16,0,0,0,zero,100
llm_library,shock,1,132,1,2,39.0,39,0,0,0,zero,100
llm_library,shock,1,132,2,2,2.0,2,0,0,0,zero,100
llm_library,shock,1,133,0,3,15.0,15,0,0,0,zero,100
llm_library,shock,1,133,1,3,40.0,40,0,0,0,zero,100
llm_library,shock,1,133,2,3,22.0,22,0,0,0,zero,100
llm_library,shock,1,134,0,3,18.0,18,0,0,0,zero,100
llm_library,shock,1,134,1,3,40.0,40,0,0,0,zero,100
llm_library,shock,1,134,2,3,42.0,42,0,0,0,zero,100
llm_library,shock,1,135,0,3,15.0,15,0,0,0,zero,100
llm_library,shock,1,135,1,3,41.0,41,0,0,0,zero,100
llm_library,shock,1,135,2,3,42.0,42,0,0,0,zero,100
llm_library,shock,1,136,0,3,12.0,12,0,2,2,zero,100
llm_library,shock,1,136,1,3,39.0,39,0,0,0,zero,100
llm_library,shock,1,136,2,3,42.0,42,0,0,0,zero,100
llm_library,shock,1,137,0,4,8.0,8,0,2,2,zero,100
llm_library,shock,1,137,1,4,37.0,37,0,0,0,zero,100
llm_library,shock,1,137,2,4,42.0,42,0,0,0,zero,100
llm_library,shock,1,138,0,4,4.0,4,0,9,9,zero,100
llm_library,shock,1,138,1,4,28.0,28,0,0,0,zero,100
llm_library,shock,1,138,2,4,42.0,42,0,0,0,zero,100
llm_library,shock,1,139,0,4,-0.0,0,0,3,3,zero,100
llm_library,shock,1,139,1,4,25.0,25,0,1,1,zero,100
llm_library,shock,1,139,2,4,41.0,41,0,0,0,zero,100
llm_library,shock,1,140,0,3,1.0,0,1,2,2,zero,100
llm_library,shock,1,140,1,3,23.0,23,0,1,1,zero,100
llm_library,shock,1,140,2,3,40.0,40,0,0,0,zero,100
llm_library,shock,1,141,0,3,2.0,0,2,0,0,zero,100
llm_library,shock,1,141,1,3,23.0,23,0,1,1,zero,100
llm_library,shock,1,141,2,3,39.0,39,0,0,0,zero,100
llm_library,shock,1,142,0,3,4.0,4,0,6,6,zero,100
llm_library,shock,1,142,1,3,17.0,17,0,1,1,zero,100
llm_library,shock,1,142,2,3,38.0,38,0,0,0,zero,100
llm_library,shock,1,143,0,3,4.0,4,0,0,0,zero,100
llm_library,shock,1,143,1,3,18.0,18,0,1,1,zero,100
llm_library,shock,1,143,2,3,37.0,37,0,0,0,zero,100
llm_library,shock,1,144,0,3,3.0,3,0,6,6,zero,100
llm_library,shock,1,144,1,3,13.0,13,0,1,1,zero,100
llm_library,shock,1,144,2,3,36.0,36,0,0,0,zero,100
llm_library,shock,1,145,0,3,-0.0,0,0,2,2,zero,100
llm_library,shock,1,145,1,3,12.0,12,0,11,11,zero,100
llm_library,shock,1,145,2,3,25.0,25,0,0,0,zero,100
llm_library,shock,1,146,0,3,3.0,3,0,0,0,zero,100
llm_library,shock,1,146,1,3,13.0,13,0,1,1,zero,100
llm_library,shock,1,146,2,3,24.0,24,0,0,0,zero,100
llm_library,shock,1,147,0,4,1.0,0,1,2,2,zero,100
llm_library,shock,1,147,1,4,12.0,12,0,0,0,zero,100
llm_library,shock,1,147,2,4,24.0,24,0,0,0,zero,100
llm_library,shock,1,148,0,4,1.0,1,0,6,6,zero,100
llm_library,shock,1,148,1,4,7.0,7,0,0,0,zero,100
llm_library,shock,1,148,2,4,24.0,24,0,0,0,zero,100
llm_library,shock,1,149,0,3,-0.0,0,0,6,6,zero,100
llm_library,shock,1,149,1,3,12.0,12,0,1,1,zero,100
llm_library,shock,1,149,2,3,23.0,23,0,0,0,zero,100
llm_library,shock,1,150,0,4,4.0,0,4,0,0,zero,100
llm_library,shock,1,150,1,4,13.0,13,0,15,15,zero,100
llm_library,shock,1,150,2,4,8.0,8,0,0,0,zero,100
llm_library,shock,1,151,0,4,6.0,0,6,6,6,zero,100
llm_library,shock,1,151,1,4,7.0,7,0,0,0,zero,100
llm_library,shock,1,151,2,4,8.0,8,0,1,1,zero,100
llm_library,shock,1,152,0,3,3.0,0,3,6,6,zero,100
llm_library,shock,1,152,1,3,1.0,1,0,1,1,zero,100
llm_library,shock,1,152,2,3,7.0,7,0,1,1,zero,100
llm_library,shock,1,153,0,4,1.0,0,1,6,6,zero,100
llm_library,shock,1,153,1,4,4.0,0,4,1,1,zero,100
llm_library,shock,1,153,2,4,6.0,6,0,20,20,zero,100
llm_library,shock,1,154,0,3,4.0,0,4,6,6,zero,100
llm_library,shock,1,154,1,3,5.0,5,0,15,15,zero,100
llm_library,shock,1,154,2,3,9.0,0,9,0,0,zero,100
llm_library,shock,1,155,0,3,1.0,0,1,0,0,zero,100
llm_library,shock,1,155,1,3,5.0,5,0,15,15,zero,100
llm_library,shock,1,155,2,3,23.0,0,23,20,20,zero,100
llm_library,shock,1,156,0,3,2.0,2,0,0,0,zero,100
llm_library,shock,1,156,1,3,6.0,6,0,1,1,zero,100
llm_library,shock,1,156,2,3,23.0,0,23,20,20,zero,100
llm_library,shock,1,157,0,3,1.0,1,0,6,6,zero,100
llm_library,shock,1,157,1,3,1.0,1,0,0,0,zero,100
llm_library,shock,1,157,2,3,3.0,0,3,0,0,zero,100
llm_library,shock,1,158,0,3,8.0,8,0,0,0,zero,100
llm_library,shock,1,158,1,3,7.0,7,0,0,0,zero,100
llm_library,shock,1,158,2,3,3.0,0,3,0,0,zero,100
llm_library,shock,1,159,0,2,6.0,6,0,10,10,zero,100
llm_library,shock,1,159,1,2,2.0,0,2,0,0,zero,100
llm_library,shock,1,159,2,2,17.0,17,0,0,0,zero,100
llm_library,shock,1,160,0,3,3.0,3,0,2,2,zero,100
llm_library,shock,1,160,1,3,3.0,0,3,1,1,zero,100
llm_library,shock,1,160,2,3,36.0,36,0,0,0,zero,100
llm_library,shock,1,161,0,2,7.0,7,0,0,0,zero,100
llm_library,shock,1,161,1,2,17.0,17,0,1,1,zero,100
llm_library,shock,1,161,2,2,35.0,35,0,0,0,zero,100
llm_library,shock,1,162,0,2,5.0,5,0,0,0,zero,100
llm_library,shock,1,162,1,2,17.0,17,0,0,0,zero,100
llm_library,shock,1,162,2,2,35.0,35,0,0,0,zero,100
llm_library,shock,1,163,0,2,11.0,11,0,0,0,zero,100
llm_library,shock,1,163,1,2,20.0,20,0,0,0,zero,100
llm_library,shock,1,163,2,2,35.0,35,0,0,0,zero,100
llm_library,shock,1,164,0,2,10.0,10,0,0,0,zero,100
llm_library,shock,1,164,1,2,21.0,21,0,0,0,zero,100
llm_library,shock,1,164,2,2,35.0,35,0,0,0,zero,100
llm_library,shock,1,165,0,1,12.0,12,0,0,0,zero,100
llm_library,shock,1,165,1,1,22.0,22,0,0,0,zero,100
llm_library,shock,1,165,2,1,35.0,35,0,0,0,zero,100
llm_library,shock,1,166,0,2,10.0,10,0,0,0,zero,100
llm_library,shock,1,166,1,2,22.0,22,0,0,0,zero,100
llm_library,shock,1,166,2,2,35.0,35,0,0,0,zero,100
llm_library,shock,1,167,0,2,8.0,8,0,0,0,zero,100
llm_library,shock,1,167,1,2,22.0,22,0,0,0,zero,100
llm_library,shock,1,167,2,2,35.0,35,0,0,0,zero,100
llm_library,shock,1,168,0,2,6.0,6,0,0,0,zero,100
llm_library,shock,1,168,1,2,22.0,22,0,0,0,zero,100
llm_library,shock,1,168,2,2,35.0,35,0,0,0,zero,100
llm_library,shock,1,169,0,2,4.0,4,0,2,2,zero,100
llm_library,shock,1,169,1,2,20.0,20,0,0,0,zero,100
llm_library,shock,1,169,2,2,35.0,35,0,0,0,zero,100
llm_library,shock,1,170,0,2,2.0,2,0,0,0,zero,100
llm_library,shock,1,170,1,2,20.0,20,0,0,0,zero,100
llm_library,shock,1,170,2,2,35.0,35,0,0,0,zero,100
llm_library,shock,1,171,0,2,-0.0,0,0,6,6,zero,100
llm_library,shock,1,171,1,2,14.0,14,0,0,0,zero,100
llm_library,shock,1,171,2,2,35.0,35,0,0,0,zero,100
llm_library,shock,1,172,0,2,2.0,0,2,2,2,zero,100
llm_library,shock,1,172,1,2,12.0,12,0,1,1,zero,100
llm_library,shock,1,172,2,2,34.0,34,0,0,0,zero,100
llm_library,shock,1,173,0,2,2.0,0,2,0,0,zero,100
llm_library,shock,1,173,1,2,12.0,12,0,1,1,zero,100
llm_library,shock,1,173,2,2,33.0,33,0,0,0,zero,100
llm_library,shock,1,174,0,2,4.0,0,4,2,2,zero,100
llm_library,shock,1,174,1,2,10.0,10,0,1,1,zero,100
llm_library,shock,1,174,2,2,32.0,32,0,0,0,zero,100
llm_library,shock,1,175,0,2,-0.0,0,0,6,6,zero,100
llm_library,shock,1,175,1,2,4.0,4,0,1,1,zero,100
llm_library,shock,1,175,2,2,31.0,31,0,0,0,zero,100
llm_library,shock,1,176,0,2,-0.0,0,0,0,0,zero,100
llm_library,shock,1,176,1,2,5.0,5,0,15,15,zero,100
llm_library,shock,1,176,2,2,16.0,16,0,0,0,zero,100
llm_library,shock,1,177,0,2,2.0,0,2,0,0,zero,100
llm_library,shock,1,177,1,2,6.0,6,0,1,1,zero,100
llm_library,shock,1,177,2,2,15.0,15,0,1,1,zero,100
llm_library,shock,1,178,0,2,2.0,0,2,6,6,zero,100
llm_library,shock,1,178,1,2,1.0,1,0,0,0,zero,100
llm_library,shock,1,178,2,2,15.0,15,0,1,1,zero,100
llm_library,shock,1,179,0,3,1.0,1,0,0,0,zero,100
llm_library,shock,1,179,1,3,2.0,2,0,0,0,zero,100
llm_library,shock,1,179,2,3,15.0,15,0,0,0,zero,100
llm_library,shock,1,180,0,3,2.0,0,2,6,6,zero,100
llm_library,shock,1,180,1,3,11.0,11,0,0,0,zero,100
llm_library,shock,1,180,2,3,15.0,15,0,0,0,zero,100
llm_library,shock,1,181,0,3,5.0,0,5,0,0,zero,100
llm_library,shock,1,181,1,3,12.0,12,0,1,1,zero,100
llm_library,shock,1,181,2,3,15.0,15,0,0,0,zero,100
llm_library,shock,1,182,0,3,2.0,0,2,6,6,zero,100
llm_library,shock,1,182,1,3,6.0,6,0,1,1,zero,100
llm_library,shock,1,182,2,3,15.0,15,0,0,0,zero,100
llm_library,shock,1,183,0,2,4.0,0,4,2,2,zero,100
llm_library,shock,1,183,1,2,4.0,4,0,15,15,zero,100
llm_library,shock,1,183,2,2,-0.0,0,0,0,0,zero,100
llm_library,shock,1,184,0,2,-0.0,0,0,2,2,zero,100
llm_library,shock,1,184,1,2,2.0,2,0,1,1,zero,100
llm_library,shock,1,184,2,2,1.0,0,1,1,1,zero,100
llm_library,shock,1,185,0,2,2.0,0,2,0,0,zero,100
llm_library,shock,1,185,1,2,3.0,3,0,1,1,zero,100
llm_library,shock,1,185,2,2,2.0,0,2,20,20,zero,100
llm_library,shock,1,186,0,2,2.0,2,0,6,6,zero,100
llm_library,shock,1,186,1,2,2.0,0,2,0,0,zero,100
llm_library,shock,1,186,2,2,2.0,0,2,20,20,zero,100
llm_library,shock,1,187,0,2,2.0,2,0,0,0,zero,100
llm_library,shock,1,187,1,2,13.0,13,0,1,1,zero,100
llm_library,shock,1,187,2,2,3.0,0,3,0,0,zero,100
llm_library,shock,1,188,0,3,1.0,1,0,0,0,zero,100
llm_library,shock,1,188,1,3,13.0,13,0,0,0,zero,100
llm_library,shock,1,188,2,3,2.0,0,2,0,0,zero,100
llm_library,shock,1,189,0,3,2.0,0,2,6,6,zero,100
llm_library,shock,1,189,1,3,7.0,7,0,0,0,zero,100
llm_library,shock,1,189,2,3,18.0,18,0,0,0,zero,100
llm_library,shock,1,190,0,3,1.0,0,1,2,2,zero,100
llm_library,shock,1,190,1,3,5.0,5,0,1,1,zero,100
llm_library,shock,1,190,2,3,37.0,37,0,0,0,zero,100
llm_library,shock,1,191,0,3,2.0,0,2,6,6,zero,100
llm_library,shock,1,191,1,3,1.0,0,1,15,15,zero,100
llm_library,shock,1,191,2,3,22.0,22,0,0,0,zero,100
llm_library,shock,1,192,0,3,5.0,0,5,2,2,zero,100
llm_library,shock,1,192,1,3,2.0,0,2,1,1,zero,100
llm_library,shock,1,192,2,3,21.0,21,0,1,1,zero,100
llm_library,shock,1,193,0,4,3.0,0,3,6,6,zero,100
llm_library,shock,1,193,1,4,6.0,0,6,1,1,zero,100
llm_library,shock,1,193,2,4,20.0,20,0,0,0,zero,100
llm_library,shock,1,194,0,4,5.0,0,5,10,10,zero,100
llm_library,shock,1,194,1,4,15.0,0,15,1,1,zero,100
llm_library,shock,1,194,2,4,19.0,19,0,0,0,zero,100
llm_library,shock,1,195,0,5,5.0,0,5,10,10,zero,100
llm_library,shock,1,195,1,5,10.0,0,10,15,15,zero,100
llm_library,shock,1,195,2,5,4.0,4,0,0,0,zero,100
llm_library,shock,1,196,0,5,9.0,0,9,6,6,zero,100
llm_library,shock,1,196,1,5,15.0,0,15,15,15,zero,100
llm_library,shock,1,196,2,5,10.0,0,10,1,1,zero,100
llm_library,shock,1,197,0,5,12.0,0,12,10,10,zero,100
llm_library,shock,1,197,1,5,24.0,0,24,18,18,zero,100
llm_library,shock,1,197,2,5,28.0,0,28,20,20,zero,100
llm_library,shock,1,198,0,6,17.0,0,17,10,10,zero,100
llm_library,shock,1,198,1,6,33.0,0,33,18,18,zero,100
llm_library,shock,1,198,2,6,46.0,0,46,20,20,zero,100
llm_library,shock,1,199,0,5,7.0,0,7,10,10,zero,100
llm_library,shock,1,199,1,5,28.0,0,28,18,18,zero,100
llm_library,shock,1,199,2,5,64.0,0,64,20,20,zero,100
llm_library,shock,1,200,0,4,10.0,0,10,6,6,zero,100
llm_library,shock,1,200,1,4,29.0,0,29,18,18,zero,100
llm_library,shock,1,200,2,4,81.0,0,81,20,20,zero,100
