group,scenario,trace,period,node,demand,cost,inventory,backlog,happo_order,actual_order,chosen,notification_period
happo,base,0,1,0,10,10.0,10,0,10,10,zero,
happo,base,0,1,1,10,10.0,10,0,15,15,zero,
happo,base,0,1,2,10,5.0,5,0,0,0,zero,
happo,base,0,2,0,10,10.0,10,0,10,10,zero,
happo,base,0,2,1,10,10.0,10,0,1,1,zero,
happo,base,0,2,2,10,14.0,14,0,20,20,zero,
happo,base,0,3,0,8,12.0,12,0,10,10,zero,
happo,base,0,3,1,8,10.0,10,0,15,15,zero,
happo,base,0,3,2,8,9.0,9,0,3,3,zero,
happo,base,0,4,0,8,14.0,14,0,2,2,zero,
happo,base,0,4,1,8,18.0,18,0,15,15,zero,
happo,base,0,4,2,8,4.0,4,0,20,20,zero,
happo,base,0,5,0,8,16.0,16,0,6,6,zero,
happo,base,0,5,1,8,27.0,27,0,0,0,zero,
happo,base,0,5,2,8,4.0,4,0,20,20,zero,
happo,base,0,6,0,8,18.0,18,0,6,6,zero,
happo,base,0,6,1,8,22.0,22,0,1,1,zero,
happo,base,0,6,2,8,23.0,23,0,0,0,zero,
happo,base,0,7,0,9,19.0,19,0,9,9,zero,
happo,base,0,7,1,9,28.0,28,0,1,1,zero,
happo,base,0,7,2,9,25.0,25,0,0,0,zero,
happo,base,0,8,0,8,13.0,13,0,9,9,zero,
happo,base,0,8,1,8,34.0,34,0,1,1,zero,
happo,base,0,8,2,8,44.0,44,0,0,0,zero,
happo,base,0,9,0,7,12.0,12,0,4,4,zero,
happo,base,0,9,1,7,30.0,30,0,15,15,zero,
happo,base,0,9,2,7,49.0,49,0,0,0,zero,
happo,base,0,10,0,8,10.0,10,0,4,4,zero,
happo,base,0,10,1,8,27.0,27,0,1,1,zero,
happo,base,0,10,2,8,48.0,48,0,0,0,zero,
happo,base,0,11,0,8,11.0,11,0,10,10,zero,
happo,base,0,11,1,8,18.0,18,0,1,1,zero,
happo,base,0,11,2,8,47.0,47,0,0,0,zero,
happo,base,0,12,0,9,11.0,11,0,6,6,zero,
happo,base,0,12,1,9,13.0,13,0,11,11,zero,
happo,base,0,12,2,9,36.0,36,0,0,0,zero,
happo,base,0,13,0,8,7.0,7,0,9,9,zero,
happo,base,0,13,1,8,19.0,19,0,1,1,zero,
happo,base,0,13,2,8,35.0,35,0,0,0,zero,
happo,base,0,14,0,9,2.0,2,0,9,9,zero,
happo,base,0,14,1,9,11.0,11,0,15,15,zero,
happo,base,0,14,2,9,20.0,20,0,0,0,zero,
happo,base,0,15,0,9,3.0,3,0,9,9,zero,
happo,base,0,15,1,9,3.0,3,0,3,3,zero,
happo,base,0,15,2,9,17.0,17,0,16,16,zero,
happo,base,0,16,0,10,1.0,0,1,9,9,zero,
happo,base,0,16,1,10,5.0,5,0,15,15,zero,
happo,base,0,16,2,10,2.0,2,0,3,3,zero,
happo,base,0,17,0,10,2.0,0,2,10,10,zero,
happo,base,0,17,1,10,4.0,0,4,3,3,zero,
happo,base,0,17,2,10,1.0,0,1,20,20,zero,
happo,base,0,18,0,9,2.0,0,2,10,10,zero,
happo,base,0,18,1,9,1.0,1,0,15,15,zero,
happo,base,0,18,2,9,16.0,0,16,20,20,zero,
happo,base,0,19,0,8,1.0,0,1,10,10,zero,
happo,base,0,19,1,8,6.0,0,6,15,15,zero,
happo,base,0,19,2,8,15.0,0,15,20,20,zero,
happo,base,0,20,0,10,2.0,0,2,10,10,zero,
happo,base,0,20,1,10,1.0,0,1,15,15,zero,
happo,base,0,20,2,10,27.0,0,27,16,16,zero,
happo,base,0,21,0,10,6.0,0,6,6,6,zero,
happo,base,0,21,1,10,5.0,0,5,15,15,zero,
happo,base,0,21,2,10,22.0,0,22,16,16,zero,
happo,base,0,22,0,10,2.0,0,2,19,19,zero,
happo,base,0,22,1,10,24.0,0,24,3,3,zero,
happo,base,0,22,2,10,5.0,0,5,16,16,zero,
happo,base,0,23,0,11,9.0,0,9,10,10,zero,
happo,base,0,23,1,11,18.0,0,18,15,15,zero,
happo,base,0,23,2,11,-0.0,0,0,1,1,zero,
happo,base,0,24,0,9,3.0,0,3,10,10,zero,
happo,base,0,24,1,9,25.0,0,25,3,3,zero,
happo,base,0,24,2,9,13.0,13,0,16,16,zero,
happo,base,0,25,0,9,10.0,0,10,19,19,zero,
happo,base,0,25,1,9,24.0,0,24,3,3,zero,
happo,base,0,25,2,9,26.0,26,0,1,1,zero,
happo,base,0,26,0,8,18.0,0,18,10,10,zero,
happo,base,0,26,1,8,14.0,0,14,18,18,zero,
happo,base,0,26,2,8,24.0,24,0,0,0,zero,
happo,base,0,27,0,10,12.0,0,12,2,2,zero,
happo,base,0,27,1,10,4.0,4,0,18,18,zero,
happo,base,0,27,2,10,7.0,7,0,20,20,zero,
happo,base,0,28,0,10,19.0,0,19,6,6,zero,
happo,base,0,28,1,10,1.0,1,0,0,0,zero,
happo,base,0,28,2,10,23.0,23,0,20,20,zero,
happo,base,0,29,0,10,9.0,0,9,6,6,zero,
happo,base,0,29,1,10,2.0,0,2,0,0,zero,
happo,base,0,29,2,10,24.0,24,0,0,0,zero,
happo,base,0,30,0,9,2.0,2,0,10,10,zero,
happo,base,0,30,1,9,6.0,6,0,12,12,zero,
happo,base,0,30,2,9,12.0,12,0,0,0,zero,
happo,base,0,31,0,9,9.0,9,0,10,10,zero,
happo,base,0,31,1,9,14.0,14,0,18,18,zero,
happo,base,0,31,2,9,14.0,14,0,0,0,zero,
happo,base,0,32,0,9,6.0,6,0,19,19,zero,
happo,base,0,32,1,9,5.0,0,5,15,15,zero,
happo,base,0,32,2,9,19.0,19,0,20,20,zero,
happo,base,0,33,0,9,1.0,1,0,6,6,zero,
happo,base,0,33,1,9,11.0,0,11,18,18,zero,
happo,base,0,33,2,9,1.0,1,0,20,20,zero,
happo,base,0,34,0,9,4.0,4,0,6,6,zero,
happo,base,0,34,1,9,5.0,0,5,3,3,zero,
happo,base,0,34,2,9,2.0,0,2,20,20,zero,
happo,base,0,35,0,10,4.0,4,0,6,6,zero,
happo,base,0,35,1,10,7.0,7,0,18,18,zero,
happo,base,0,35,2,10,20.0,0,20,0,0,zero,
happo,base,0,36,0,9,9.0,9,0,10,10,zero,
happo,base,0,36,1,9,12.0,12,0,12,12,zero,
happo,base,0,36,2,9,12.0,0,12,20,20,zero,
happo,base,0,37,0,10,1.0,0,1,6,6,zero,
happo,base,0,37,1,10,24.0,24,0,12,12,zero,
happo,base,0,37,2,10,4.0,0,4,20,20,zero,
happo,base,0,38,0,10,1.0,1,0,10,10,zero,
happo,base,0,38,1,10,15.0,15,0,3,3,zero,
happo,base,0,38,2,10,13.0,13,0,16,16,zero,
happo,base,0,39,0,9,3.0,3,0,10,10,zero,
happo,base,0,39,1,9,5.0,5,0,1,1,zero,
happo,base,0,39,2,9,12.0,12,0,0,0,zero,
happo,base,0,40,0,8,5.0,5,0,9,9,zero,
happo,base,0,40,1,8,16.0,16,0,12,12,zero,
happo,base,0,40,2,8,20.0,20,0,0,0,zero,
happo,base,0,41,0,8,3.0,3,0,6,6,zero,
happo,base,0,41,1,8,30.0,30,0,15,15,zero,
happo,base,0,41,2,8,25.0,25,0,0,0,zero,
happo,base,0,42,0,9,4.0,4,0,6,6,zero,
happo,base,0,42,1,9,31.0,31,0,3,3,zero,
happo,base,0,42,2,9,38.0,38,0,20,20,zero,
happo,base,0,43,0,10,4.0,4,0,10,10,zero,
happo,base,0,43,1,10,22.0,22,0,1,1,zero,
happo,base,0,43,2,10,37.0,37,0,0,0,zero,
happo,base,0,44,0,9,4.0,4,0,19,19,zero,
happo,base,0,44,1,9,15.0,15,0,15,15,zero,
happo,base,0,44,2,9,22.0,22,0,0,0,zero,
happo,base,0,45,0,10,-0.0,0,0,9,9,zero,
happo,base,0,45,1,10,21.0,21,0,15,15,zero,
happo,base,0,45,2,10,7.0,7,0,1,1,zero,
happo,base,0,46,0,10,4.0,0,4,6,6,zero,
happo,base,0,46,1,10,18.0,18,0,15,15,zero,
happo,base,0,46,2,10,12.0,12,0,20,20,zero,
happo,base,0,47,0,10,4.0,0,4,6,6,zero,
happo,base,0,47,1,10,13.0,13,0,3,3,zero,
happo,base,0,47,2,10,9.0,9,0,20,20,zero,
happo,base,0,48,0,10,5.0,5,0,10,10,zero,
happo,base,0,48,1,10,18.0,18,0,1,1,zero,
happo,base,0,48,2,10,8.0,8,0,0,0,zero,
happo,base,0,49,0,12,2.0,2,0,19,19,zero,
happo,base,0,49,1,12,14.0,14,0,5,5,zero,
happo,base,0,49,2,12,4.0,4,0,0,0,zero,
happo,base,0,50,0,11,3.0,0,3,9,9,zero,
happo,base,0,50,1,11,20.0,20,0,15,15,zero,
happo,base,0,50,2,11,9.0,9,0,0,0,zero,
happo,base,0,51,0,13,10.0,0,10,10,10,zero,
happo,base,0,51,1,13,13.0,13,0,15,15,zero,
happo,base,0,51,2,13,14.0,14,0,0,0,zero,
happo,base,0,52,0,12,12.0,0,12,10,10,zero,
happo,base,0,52,1,12,4.0,4,0,15,15,zero,
happo,base,0,52,2,12,1.0,0,1,20,20,zero,
happo,base,0,53,0,11,4.0,0,4,10,10,zero,
happo,base,0,53,1,11,1.0,0,1,3,3,zero,
happo,base,0,53,2,11,4.0,0,4,20,20,zero,
happo,base,0,54,0,11,6.0,0,6,19,19,zero,
happo,base,0,54,1,11,5.0,0,5,15,15,zero,
happo,base,0,54,2,11,19.0,0,19,0,0,zero,
happo,base,0,55,0,10,6.0,0,6,10,10,zero,
happo,base,0,55,1,10,-0.0,0,0,15,15,zero,
happo,base,0,55,2,10,34.0,0,34,20,20,zero,
happo,base,0,56,0,11,7.0,0,7,10,10,zero,
happo,base,0,56,1,11,4.0,4,0,15,15,zero,
happo,base,0,56,2,11,29.0,0,29,20,20,zero,
happo,base,0,57,0,11,9.0,0,9,10,10,zero,
happo,base,0,57,1,11,6.0,0,6,15,15,zero,
happo,base,0,57,2,11,24.0,0,24,20,20,zero,
happo,base,0,58,0,12,6.0,0,6,10,10,zero,
happo,base,0,58,1,12,16.0,0,16,3,3,zero,
happo,base,0,58,2,12,27.0,0,27,20,20,zero,
happo,base,0,59,0,10,1.0,0,1,19,19,zero,
happo,base,0,59,1,10,35.0,0,35,18,18,zero,
happo,base,0,59,2,10,25.0,0,25,0,0,zero,
happo,base,0,60,0,11,2.0,0,2,19,19,zero,
happo,base,0,60,1,11,34.0,0,34,18,18,zero,
happo,base,0,60,2,11,23.0,0,23,20,20,zero,
happo,base,0,61,0,11,9.0,0,9,9,9,zero,
happo,base,0,61,1,11,23.0,0,23,18,18,zero,
happo,base,0,61,2,11,21.0,0,21,20,20,zero,
happo,base,0,62,0,11,20.0,0,20,10,10,zero,
happo,base,0,62,1,11,33.0,0,33,18,18,zero,
happo,base,0,62,2,11,19.0,0,19,20,20,zero,
happo,base,0,63,0,11,31.0,0,31,17,17,zero,
happo,base,0,63,1,11,30.0,0,30,0,0,zero,
happo,base,0,63,2,11,19.0,0,19,20,20,zero,
happo,base,0,64,0,10,21.0,0,21,10,10,zero,
happo,base,0,64,1,10,20.0,0,20,18,18,zero,
happo,base,0,64,2,10,17.0,0,17,0,0,zero,
happo,base,0,65,0,10,11.0,0,11,6,6,zero,
happo,base,0,65,1,10,6.0,0,6,18,18,zero,
happo,base,0,65,2,10,15.0,0,15,20,20,zero,
happo,base,0,66,0,9,20.0,0,20,6,6,zero,
happo,base,0,66,1,9,8.0,8,0,18,18,zero,
happo,base,0,66,2,9,13.0,0,13,20,20,zero,
happo,base,0,67,0,8,8.0,0,8,6,6,zero,
happo,base,0,67,1,8,2.0,2,0,0,0,zero,
happo,base,0,67,2,8,7.0,7,0,20,20,zero,
happo,base,0,68,0,9,3.0,3,0,6,6,zero,
happo,base,0,68,1,9,16.0,16,0,0,0,zero,
happo,base,0,68,2,9,7.0,7,0,3,3,zero,
happo,base,0,69,0,10,13.0,13,0,6,6,zero,
happo,base,0,69,1,10,30.0,30,0,0,0,zero,
happo,base,0,69,2,10,27.0,27,0,0,0,zero,
happo,base,0,70,0,9,16.0,16,0,19,19,zero,
happo,base,0,70,1,9,31.0,31,0,0,0,zero,
happo,base,0,70,2,9,47.0,47,0,0,0,zero,
happo,base,0,71,0,9,13.0,13,0,9,9,zero,
happo,base,0,71,1,9,35.0,35,0,18,18,zero,
happo,base,0,71,2,9,49.0,49,0,0,0,zero,
happo,base,0,72,0,9,10.0,10,0,10,10,zero,
happo,base,0,72,1,9,25.0,25,0,15,15,zero,
happo,base,0,72,2,9,37.0,37,0,0,0,zero,
happo,base,0,73,0,9,7.0,7,0,6,6,zero,
happo,base,0,73,1,9,19.0,19,0,15,15,zero,
happo,base,0,73,2,9,22.0,22,0,20,20,zero,
happo,base,0,74,0,9,17.0,17,0,6,6,zero,
happo,base,0,74,1,9,13.0,13,0,3,3,zero,
happo,base,0,74,2,9,19.0,19,0,20,20,zero,
happo,base,0,75,0,9,17.0,17,0,6,6,zero,
happo,base,0,75,1,9,25.0,25,0,1,1,zero,
happo,base,0,75,2,9,18.0,18,0,0,0,zero,
happo,base,0,76,0,8,19.0,19,0,9,9,zero,
happo,base,0,76,1,8,31.0,31,0,1,1,zero,
happo,base,0,76,2,8,17.0,17,0,0,0,zero,
happo,base,0,77,0,8,17.0,17,0,9,9,zero,
happo,base,0,77,1,8,37.0,37,0,1,1,zero,
happo,base,0,77,2,8,36.0,36,0,0,0,zero,
happo,base,0,78,0,8,15.0,15,0,4,4,zero,
happo,base,0,78,1,8,36.0,36,0,15,15,zero,
happo,base,0,78,2,8,41.0,41,0,0,0,zero,
happo,base,0,79,0,8,13.0,13,0,9,9,zero,
happo,base,0,79,1,8,28.0,28,0,1,1,zero,
happo,base,0,79,2,8,40.0,40,0,0,0,zero,
happo,base,0,80,0,8,14.0,14,0,4,4,zero,
happo,base,0,80,1,8,25.0,25,0,15,15,zero,
happo,base,0,80,2,8,25.0,25,0,0,0,zero,
happo,base,0,81,0,9,14.0,14,0,9,9,zero,
happo,base,0,81,1,9,17.0,17,0,1,1,zero,
happo,base,0,81,2,9,24.0,24,0,16,16,zero,
happo,base,0,82,0,9,9.0,9,0,9,9,zero,
happo,base,0,82,1,9,23.0,23,0,1,1,zero,
happo,base,0,82,2,9,23.0,23,0,0,0,zero,
happo,base,0,83,0,8,10.0,10,0,9,9,zero,
happo,base,0,83,1,8,15.0,15,0,1,1,zero,
happo,base,0,83,2,8,22.0,22,0,0,0,zero,
happo,base,0,84,0,8,6.0,6,0,9,9,zero,
happo,base,0,84,1,8,21.0,21,0,15,15,zero,
happo,base,0,84,2,8,7.0,7,0,0,0,zero,
happo,base,0,85,0,9,6.0,6,0,2,2,zero,
happo,base,0,85,1,9,20.0,20,0,15,15,zero,
happo,base,0,85,2,9,8.0,8,0,0,0,zero,
happo,base,0,86,0,9,6.0,6,0,10,10,zero,
happo,base,0,86,1,9,11.0,11,0,1,1,zero,
happo,base,0,86,2,9,7.0,7,0,20,20,zero,
happo,base,0,87,0,10,5.0,5,0,10,10,zero,
happo,base,0,87,1,10,2.0,2,0,1,1,zero,
happo,base,0,87,2,10,6.0,6,0,20,20,zero,
happo,base,0,88,0,9,5.0,5,0,9,9,zero,
happo,base,0,88,1,9,8.0,8,0,15,15,zero,
happo,base,0,88,2,9,9.0,0,9,0,0,zero,
happo,base,0,89,0,10,3.0,0,3,9,9,zero,
happo,base,0,89,1,10,14.0,14,0,15,15,zero,
happo,base,0,89,2,10,24.0,0,24,0,0,zero,
happo,base,0,90,0,10,3.0,0,3,10,10,zero,
happo,base,0,90,1,10,5.0,5,0,15,15,zero,
happo,base,0,90,2,10,19.0,0,19,20,20,zero,
happo,base,0,91,0,9,2.0,0,2,10,10,zero,
happo,base,0,91,1,9,4.0,0,4,11,11,zero,
happo,base,0,91,2,9,10.0,0,10,20,20,zero,
happo,base,0,92,0,10,3.0,0,3,10,10,zero,
happo,base,0,92,1,10,8.0,0,8,11,11,zero,
happo,base,0,92,2,10,21.0,0,21,20,20,zero,
happo,base,0,93,0,8,2.0,0,2,10,10,zero,
happo,base,0,93,1,8,18.0,0,18,15,15,zero,
happo,base,0,93,2,8,36.0,0,36,20,20,zero,
happo,base,0,94,0,8,-0.0,0,0,10,10,zero,
happo,base,0,94,1,8,8.0,0,8,15,15,zero,
happo,base,0,94,2,8,31.0,0,31,17,17,zero,
happo,base,0,95,0,8,2.0,0,2,6,6,zero,
happo,base,0,95,1,8,6.0,6,0,15,15,zero,
happo,base,0,95,2,8,26.0,0,26,20,20,zero,
happo,base,0,96,0,9,5.0,0,5,6,6,zero,
happo,base,0,96,1,9,-0.0,0,0,3,3,zero,
happo,base,0,96,2,9,9.0,0,9,16,16,zero,
happo,base,0,97,0,8,13.0,0,13,6,6,zero,
happo,base,0,97,1,8,6.0,0,6,0,0,zero,
happo,base,0,97,2,8,11.0,11,0,0,0,zero,
happo,base,0,98,0,7,-0.0,0,0,6,6,zero,
happo,base,0,98,1,7,8.0,8,0,0,0,zero,
happo,base,0,98,2,7,28.0,28,0,0,0,zero,
happo,base,0,99,0,8,6.0,6,0,6,6,zero,
happo,base,0,99,1,8,22.0,22,0,1,1,zero,
happo,base,0,99,2,8,47.0,47,0,0,0,zero,
happo,base,0,100,0,8,4.0,4,0,19,19,zero,
happo,base,0,100,1,8,23.0,23,0,1,1,zero,
happo,base,0,100,2,8,62.0,62,0,0,0,zero,
happo,base,0,101,0,7,3.0,0,3,6,6,zero,
happo,base,0,101,1,7,26.0,26,0,18,18,zero,
happo,base,0,101,2,7,44.0,44,0,0,0,zero,
happo,base,0,102,0,7,2.0,2,0,2,2,zero,
happo,base,0,102,1,7,24.0,24,0,15,15,zero,
happo,base,0,102,2,7,29.0,29,0,1,1,zero,
happo,base,0,103,0,7,1.0,1,0,6,6,zero,
happo,base,0,103,1,7,19.0,19,0,1,1,zero,
happo,base,0,103,2,7,28.0,28,0,20,20,zero,
happo,base,0,104,0,7,13.0,13,0,6,6,zero,
happo,base,0,104,1,7,14.0,14,0,1,1,zero,
happo,base,0,104,2,7,27.0,27,0,0,0,zero,
happo,base,0,105,0,7,12.0,12,0,9,9,zero,
happo,base,0,105,1,7,23.0,23,0,1,1,zero,
happo,base,0,105,2,7,26.0,26,0,0,0,zero,
happo,base,0,106,0,7,7.0,7,0,9,9,zero,
happo,base,0,106,1,7,29.0,29,0,12,12,zero,
happo,base,0,106,2,7,15.0,15,0,0,0,zero,
happo,base,0,107,0,6,7.0,7,0,2,2,zero,
happo,base,0,107,1,6,28.0,28,0,15,15,zero,
happo,base,0,107,2,6,20.0,20,0,0,0,zero,
happo,base,0,108,0,6,7.0,7,0,6,6,zero,
happo,base,0,108,1,6,23.0,23,0,1,1,zero,
happo,base,0,108,2,6,19.0,19,0,20,20,zero,
happo,base,0,109,0,6,10.0,10,0,6,6,zero,
happo,base,0,109,1,6,18.0,18,0,1,1,zero,
happo,base,0,109,2,6,18.0,18,0,0,0,zero,
happo,base,0,110,0,6,13.0,13,0,6,6,zero,
happo,base,0,110,1,6,24.0,24,0,1,1,zero,
happo,base,0,110,2,6,17.0,17,0,0,0,zero,
happo,base,0,111,0,7,8.0,8,0,2,2,zero,
happo,base,0,111,1,7,37.0,37,0,1,1,zero,
happo,base,0,111,2,7,16.0,16,0,0,0,zero,
happo,base,0,112,0,7,7.0,7,0,9,9,zero,
happo,base,0,112,1,7,29.0,29,0,1,1,zero,
happo,base,0,112,2,7,35.0,35,0,0,0,zero,
happo,base,0,113,0,6,7.0,7,0,9,9,zero,
happo,base,0,113,1,6,21.0,21,0,1,1,zero,
happo,base,0,113,2,6,34.0,34,0,0,0,zero,
happo,base,0,114,0,7,6.0,6,0,2,2,zero,
happo,base,0,114,1,7,20.0,20,0,15,15,zero,
happo,base,0,114,2,7,19.0,19,0,0,0,zero,
happo,base,0,115,0,6,2.0,2,0,6,6,zero,
happo,base,0,115,1,6,15.0,15,0,1,1,zero,
happo,base,0,115,2,6,18.0,18,0,1,1,zero,
happo,base,0,116,0,5,6.0,6,0,6,6,zero,
happo,base,0,116,1,5,10.0,10,0,1,1,zero,
happo,base,0,116,2,5,17.0,17,0,0,0,zero,
happo,base,0,117,0,5,10.0,10,0,6,6,zero,
happo,base,0,117,1,5,5.0,5,0,1,1,zero,
happo,base,0,117,2,5,16.0,16,0,0,0,zero,
happo,base,0,118,0,5,7.0,7,0,2,2,zero,
happo,base,0,118,1,5,18.0,18,0,1,1,zero,
happo,base,0,118,2,5,15.0,15,0,0,0,zero,
happo,base,0,119,0,4,9.0,9,0,6,6,zero,
happo,base,0,119,1,4,13.0,13,0,1,1,zero,
happo,base,0,119,2,4,15.0,15,0,0,0,zero,
happo,base,0,120,0,3,12.0,12,0,2,2,zero,
happo,base,0,120,1,3,12.0,12,0,15,15,zero,
happo,base,0,120,2,3,-0.0,0,0,0,0,zero,
happo,base,0,121,0,3,15.0,15,0,0,0,zero,
happo,base,0,121,1,3,13.0,13,0,1,1,zero,
happo,base,0,121,2,3,1.0,0,1,20,20,zero,
happo,base,0,122,0,2,15.0,15,0,0,0,zero,
happo,base,0,122,1,2,14.0,14,0,0,0,zero,
happo,base,0,122,2,2,1.0,0,1,2,2,zero,
happo,base,0,123,0,2,19.0,19,0,0,0,zero,
happo,base,0,123,1,2,15.0,15,0,0,0,zero,
happo,base,0,123,2,2,1.0,0,1,0,0,zero,
happo,base,0,124,0,3,18.0,18,0,0,0,zero,
happo,base,0,124,1,3,30.0,30,0,0,0,zero,
happo,base,0,124,2,3,1.0,0,1,0,0,zero,
happo,base,0,125,0,3,15.0,15,0,0,0,zero,
happo,base,0,125,1,3,30.0,30,0,0,0,zero,
happo,base,0,125,2,3,19.0,19,0,0,0,zero,
happo,base,0,126,0,3,12.0,12,0,2,2,zero,
happo,base,0,126,1,3,28.0,28,0,0,0,zero,
happo,base,0,126,2,3,21.0,21,0,0,0,zero,
happo,base,0,127,0,3,9.0,9,0,2,2,zero,
happo,base,0,127,1,3,26.0,26,0,0,0,zero,
happo,base,0,127,2,3,21.0,21,0,0,0,zero,
happo,base,0,128,0,3,6.0,6,0,2,2,zero,
happo,base,0,128,1,3,24.0,24,0,0,0,zero,
happo,base,0,128,2,3,21.0,21,0,0,0,zero,
happo,base,0,129,0,3,3.0,3,0,2,2,zero,
happo,base,0,129,1,3,23.0,23,0,0,0,zero,
happo,base,0,129,2,3,21.0,21,0,0,0,zero,
happo,base,0,130,0,3,2.0,2,0,2,2,zero,
happo,base,0,130,1,3,21.0,21,0,1,1,zero,
happo,base,0,130,2,3,20.0,20,0,0,0,zero,
happo,base,0,131,0,2,2.0,2,0,2,2,zero,
happo,base,0,131,1,2,19.0,19,0,1,1,zero,
happo,base,0,131,2,2,19.0,19,0,0,0,zero,
happo,base,0,132,0,2,2.0,2,0,2,2,zero,
happo,base,0,132,1,2,17.0,17,0,1,1,zero,
happo,base,0,132,2,2,18.0,18,0,0,0,zero,
happo,base,0,133,0,2,2.0,2,0,0,0,zero,
happo,base,0,133,1,2,17.0,17,0,1,1,zero,
happo,base,0,133,2,2,17.0,17,0,0,0,zero,
happo,base,0,134,0,3,1.0,1,0,0,0,zero,
happo,base,0,134,1,3,18.0,18,0,0,0,zero,
happo,base,0,134,2,3,17.0,17,0,0,0,zero,
happo,base,0,135,0,2,1.0,1,0,6,6,zero,
happo,base,0,135,1,2,13.0,13,0,0,0,zero,
happo,base,0,135,2,2,17.0,17,0,0,0,zero,
happo,base,0,136,0,3,-0.0,0,0,2,2,zero,
happo,base,0,136,1,3,12.0,12,0,1,1,zero,
happo,base,0,136,2,3,16.0,16,0,0,0,zero,
happo,base,0,137,0,3,3.0,0,3,6,6,zero,
happo,base,0,137,1,3,7.0,7,0,1,1,zero,
happo,base,0,137,2,3,15.0,15,0,0,0,zero,
happo,base,0,138,0,2,5.0,0,5,0,0,zero,
happo,base,0,138,1,2,7.0,7,0,15,15,zero,
happo,base,0,138,2,2,-0.0,0,0,0,0,zero,
happo,base,0,139,0,2,1.0,0,1,6,6,zero,
happo,base,0,139,1,2,1.0,1,0,1,1,zero,
happo,base,0,139,2,2,1.0,0,1,1,1,zero,
happo,base,0,140,0,3,2.0,0,2,0,0,zero,
happo,base,0,140,1,3,2.0,2,0,15,15,zero,
happo,base,0,140,2,3,16.0,0,16,20,20,zero,
happo,base,0,141,0,2,2.0,2,0,6,6,zero,
happo,base,0,141,1,2,3.0,0,3,1,1,zero,
happo,base,0,141,2,2,17.0,0,17,20,20,zero,
happo,base,0,142,0,3,1.0,0,1,0,0,zero,
happo,base,0,142,1,3,12.0,12,0,5,5,zero,
happo,base,0,142,2,3,22.0,0,22,3,3,zero,
happo,base,0,143,0,3,2.0,2,0,2,2,zero,
happo,base,0,143,1,3,10.0,10,0,1,1,zero,
happo,base,0,143,2,3,22.0,0,22,0,0,zero,
happo,base,0,144,0,3,1.0,0,1,6,6,zero,
happo,base,0,144,1,3,4.0,4,0,1,1,zero,
happo,base,0,144,2,3,3.0,0,3,0,0,zero,
happo,base,0,145,0,2,-0.0,0,0,0,0,zero,
happo,base,0,145,1,2,4.0,4,0,0,0,zero,
happo,base,0,145,2,2,17.0,17,0,0,0,zero,
happo,base,0,146,0,2,1.0,1,0,0,0,zero,
happo,base,0,146,1,2,4.0,4,0,0,0,zero,
happo,base,0,146,2,2,20.0,20,0,0,0,zero,
happo,base,0,147,0,2,1.0,1,0,0,0,zero,
happo,base,0,147,1,2,5.0,5,0,0,0,zero,
happo,base,0,147,2,2,20.0,20,0,0,0,zero,
happo,base,0,148,0,2,5.0,5,0,6,6,zero,
happo,base,0,148,1,2,19.0,19,0,0,0,zero,
happo,base,0,148,2,2,20.0,20,0,0,0,zero,
happo,base,0,149,0,2,3.0,3,0,0,0,zero,
happo,base,0,149,1,2,22.0,22,0,1,1,zero,
happo,base,0,149,2,2,19.0,19,0,0,0,zero,
happo,base,0,150,0,3,-0.0,0,0,6,6,zero,
happo,base,0,150,1,3,16.0,16,0,0,0,zero,
happo,base,0,150,2,3,19.0,19,0,0,0,zero,
happo,base,0,151,0,3,3.0,0,3,0,0,zero,
happo,base,0,151,1,3,16.0,16,0,1,1,zero,
happo,base,0,151,2,3,18.0,18,0,0,0,zero,
happo,base,0,152,0,3,-0.0,0,0,6,6,zero,
happo,base,0,152,1,3,10.0,10,0,1,1,zero,
happo,base,0,152,2,3,17.0,17,0,0,0,zero,
happo,base,0,153,0,3,3.0,0,3,0,0,zero,
happo,base,0,153,1,3,11.0,11,0,15,15,zero,
happo,base,0,153,2,3,2.0,2,0,0,0,zero,
happo,base,0,154,0,3,-0.0,0,0,6,6,zero,
happo,base,0,154,1,3,5.0,5,0,1,1,zero,
happo,base,0,154,2,3,1.0,1,0,1,1,zero,
happo,base,0,155,0,4,4.0,0,4,2,2,zero,
happo,base,0,155,1,4,4.0,4,0,1,1,zero,
happo,base,0,155,2,4,-0.0,0,0,20,20,zero,
happo,base,0,156,0,3,1.0,0,1,6,6,zero,
happo,base,0,156,1,3,1.0,0,1,1,1,zero,
happo,base,0,156,2,3,1.0,0,1,20,20,zero,
happo,base,0,157,0,3,4.0,0,4,2,2,zero,
happo,base,0,157,1,3,12.0,12,0,5,5,zero,
happo,base,0,157,2,3,6.0,0,6,0,0,zero,
happo,base,0,158,0,3,1.0,0,1,6,6,zero,
happo,base,0,158,1,3,7.0,7,0,1,1,zero,
happo,base,0,158,2,3,6.0,0,6,0,0,zero,
happo,base,0,159,0,3,2.0,0,2,0,0,zero,
happo,base,0,159,1,3,8.0,8,0,15,15,zero,
happo,base,0,159,2,3,1.0,0,1,0,0,zero,
happo,base,0,160,0,3,-0.0,0,0,6,6,zero,
happo,base,0,160,1,3,2.0,2,0,1,1,zero,
happo,base,0,160,2,3,18.0,18,0,0,0,zero,
happo,base,0,161,0,4,1.0,0,1,0,0,zero,
happo,base,0,161,1,4,2.0,2,0,5,5,zero,
happo,base,0,161,2,4,13.0,13,0,0,0,zero,
happo,base,0,162,0,4,1.0,1,0,6,6,zero,
happo,base,0,162,1,4,3.0,0,3,1,1,zero,
happo,base,0,162,2,4,12.0,12,0,20,20,zero,
happo,base,0,163,0,4,3.0,0,3,6,6,zero,
happo,base,0,163,1,4,11.0,11,0,1,1,zero,
happo,base,0,163,2,4,11.0,11,0,0,0,zero,
happo,base,0,164,0,3,-0.0,0,0,2,2,zero,
happo,base,0,164,1,3,11.0,11,0,15,15,zero,
happo,base,0,164,2,3,4.0,0,4,0,0,zero,
happo,base,0,165,0,3,3.0,0,3,2,2,zero,
happo,base,0,165,1,3,14.0,14,0,1,1,zero,
happo,base,0,165,2,3,5.0,0,5,1,1,zero,
happo,base,0,166,0,3,3.0,0,3,6,6,zero,
happo,base,0,166,1,3,9.0,9,0,1,1,zero,
happo,base,0,166,2,3,14.0,14,0,4,4,zero,
happo,base,0,167,0,3,3.0,3,0,2,2,zero,
happo,base,0,167,1,3,8.0,8,0,1,1,zero,
happo,base,0,167,2,3,13.0,13,0,0,0,zero,
happo,base,0,168,0,3,2.0,2,0,6,6,zero,
happo,base,0,168,1,3,13.0,13,0,1,1,zero,
happo,base,0,168,2,3,12.0,12,0,0,0,zero,
happo,base,0,169,0,3,1.0,1,0,0,0,zero,
happo,base,0,169,1,3,13.0,13,0,1,1,zero,
happo,base,0,169,2,3,12.0,12,0,0,0,zero,
happo,base,0,170,0,3,4.0,4,0,0,0,zero,
happo,base,0,170,1,3,19.0,19,0,1,1,zero,
happo,base,0,170,2,3,15.0,15,0,0,0,zero,
happo,base,0,171,0,3,3.0,3,0,6,6,zero,
happo,base,0,171,1,3,14.0,14,0,0,0,zero,
happo,base,0,171,2,3,15.0,15,0,0,0,zero,
happo,base,0,172,0,3,6.0,6,0,0,0,zero,
happo,base,0,172,1,3,15.0,15,0,1,1,zero,
happo,base,0,172,2,3,14.0,14,0,0,0,zero,
happo,base,0,173,0,3,3.0,3,0,6,6,zero,
happo,base,0,173,1,3,10.0,10,0,1,1,zero,
happo,base,0,173,2,3,13.0,13,0,0,0,zero,
happo,base,0,174,0,3,-0.0,0,0,2,2,zero,
happo,base,0,174,1,3,9.0,9,0,15,15,zero,
happo,base,0,174,2,3,2.0,0,2,0,0,zero,
happo,base,0,175,0,3,3.0,3,0,0,0,zero,
happo,base,0,175,1,3,9.0,9,0,1,1,zero,
happo,base,0,175,2,3,3.0,0,3,20,20,zero,
happo,base,0,176,0,2,1.0,1,0,2,2,zero,
happo,base,0,176,1,2,8.0,8,0,0,0,zero,
happo,base,0,176,2,2,3.0,0,3,3,3,zero,
happo,base,0,177,0,3,4.0,4,0,2,2,zero,
happo,base,0,177,1,3,7.0,7,0,0,0,zero,
happo,base,0,177,2,3,3.0,0,3,0,0,zero,
happo,base,0,178,0,3,3.0,3,0,6,6,zero,
happo,base,0,178,1,3,14.0,14,0,0,0,zero,
happo,base,0,178,2,3,3.0,0,3,0,0,zero,
happo,base,0,179,0,3,-0.0,0,0,2,2,zero,
happo,base,0,179,1,3,12.0,12,0,1,1,zero,
happo,base,0,179,2,3,16.0,16,0,0,0,zero,
happo,base,0,180,0,3,1.0,0,1,0,0,zero,
happo,base,0,180,1,3,12.0,12,0,1,1,zero,
happo,base,0,180,2,3,18.0,18,0,0,0,zero,
happo,base,0,181,0,3,2.0,0,2,6,6,zero,
happo,base,0,181,1,3,6.0,6,0,1,1,zero,
happo,base,0,181,2,3,17.0,17,0,0,0,zero,
happo,base,0,182,0,3,1.0,1,0,2,2,zero,
happo,base,0,182,1,3,4.0,4,0,15,15,zero,
happo,base,0,182,2,3,2.0,2,0,0,0,zero,
happo,base,0,183,0,3,-0.0,0,0,6,6,zero,
happo,base,0,183,1,3,2.0,2,0,0,0,zero,
happo,base,0,183,2,3,2.0,2,0,20,20,zero,
happo,base,0,184,0,4,4.0,0,4,0,0,zero,
happo,base,0,184,1,4,3.0,3,0,15,15,zero,
happo,base,0,184,2,4,13.0,0,13,2,2,zero,
happo,base,0,185,0,4,2.0,0,2,6,6,zero,
happo,base,0,185,1,4,2.0,0,2,1,1,zero,
happo,base,0,185,2,4,14.0,0,14,20,20,zero,
happo,base,0,186,0,4,4.0,0,4,6,6,zero,
happo,base,0,186,1,4,7.0,7,0,5,5,zero,
happo,base,0,186,2,4,19.0,0,19,20,20,zero,
happo,base,0,187,0,5,3.0,0,3,6,6,zero,
happo,base,0,187,1,5,1.0,1,0,15,15,zero,
happo,base,0,187,2,5,14.0,0,14,0,0,zero,
happo,base,0,188,0,5,8.0,0,8,10,10,zero,
happo,base,0,188,1,5,7.0,0,7,3,3,zero,
happo,base,0,188,2,5,15.0,0,15,16,16,zero,
happo,base,0,189,0,4,8.0,0,8,10,10,zero,
happo,base,0,189,1,4,17.0,0,17,15,15,zero,
happo,base,0,189,2,4,10.0,0,10,16,16,zero,
happo,base,0,190,0,4,4.0,0,4,10,10,zero,
happo,base,0,190,1,4,27.0,0,27,15,15,zero,
happo,base,0,190,2,4,5.0,0,5,20,20,zero,
happo,base,0,191,0,4,2.0,0,2,10,10,zero,
happo,base,0,191,1,4,17.0,0,17,3,3,zero,
happo,base,0,191,2,4,8.0,0,8,20,20,zero,
happo,base,0,192,0,4,3.0,0,3,6,6,zero,
happo,base,0,192,1,4,21.0,0,21,18,18,zero,
happo,base,0,192,2,4,10.0,0,10,0,0,zero,
happo,base,0,193,0,5,8.0,0,8,6,6,zero,
happo,base,0,193,1,5,7.0,0,7,3,3,zero,
happo,base,0,193,2,5,3.0,3,0,20,20,zero,
happo,base,0,194,0,5,13.0,0,13,0,0,zero,
happo,base,0,194,1,5,13.0,13,0,12,12,zero,
happo,base,0,194,2,5,11.0,11,0,16,16,zero,
happo,base,0,195,0,5,2.0,2,0,0,0,zero,
happo,base,0,195,1,5,13.0,13,0,0,0,zero,
happo,base,0,195,2,5,31.0,31,0,1,1,zero,
happo,base,0,196,0,4,-0.0,0,0,0,0,zero,
happo,base,0,196,1,4,29.0,29,0,0,0,zero,
happo,base,0,196,2,4,31.0,31,0,0,0,zero,
happo,base,0,197,0,4,16.0,16,0,6,6,zero,
happo,base,0,197,1,4,36.0,36,0,0,0,zero,
happo,base,0,197,2,4,51.0,51,0,0,0,zero,
happo,base,0,198,0,5,18.0,18,0,2,2,zero,
happo,base,0,198,1,5,46.0,46,0,0,0,zero,
happo,base,0,198,2,5,67.0,67,0,0,0,zero,
happo,base,0,199,0,6,12.0,12,0,6,6,zero,
happo,base,0,199,1,6,40.0,40,0,0,0,zero,
happo,base,0,199,2,6,68.0,68,0,0,0,zero,
happo,base,0,200,0,6,6.0,6,0,6,6,zero,
happo,base,0,200,1,6,34.0,34,0,1,1,zero,
happo,base,0,200,2,6,67.0,67,0,0,0,zero,
happo,base,1,1,0,10,10.0,10,0,10,10,zero,
happo,base,1,1,1,10,10.0,10,0,15,15,zero,
happo,base,1,1,2,10,5.0,5,0,0,0,zero,
happo,base,1,2,0,10,10.0,10,0,10,10,zero,
happo,base,1,2,1,10,10.0,10,0,1,1,zero,
happo,base,1,2,2,10,14.0,14,0,20,20,zero,
happo,base,1,3,0,10,10.0,10,0,10,10,zero,
happo,base,1,3,1,10,10.0,10,0,15,15,zero,
happo,base,1,3,2,10,9.0,9,0,3,3,zero,
happo,base,1,4,0,10,10.0,10,0,10,10,zero,
happo,base,1,4,1,10,10.0,10,0,15,15,zero,
happo,base,1,4,2,10,4.0,4,0,20,20,zero,
happo,base,1,5,0,10,10.0,10,0,9,9,zero,
happo,base,1,5,1,10,16.0,16,0,15,15,zero,
happo,base,1,5,2,10,11.0,0,11,20,20,zero,
happo,base,1,6,0,10,10.0,10,0,9,9,zero,
happo,base,1,6,1,10,8.0,8,0,15,15,zero,
happo,base,1,6,2,10,6.0,0,6,20,20,zero,
happo,base,1,7,0,11,9.0,9,0,9,9,zero,
happo,base,1,7,1,11,14.0,14,0,3,3,zero,
happo,base,1,7,2,11,6.0,0,6,20,20,zero,
happo,base,1,8,0,14,5.0,5,0,19,19,zero,
happo,base,1,8,1,14,10.0,10,0,5,5,zero,
happo,base,1,8,2,14,9.0,9,0,0,0,zero,
happo,base,1,9,0,14,-0.0,0,0,9,9,zero,
happo,base,1,9,1,14,5.0,5,0,15,15,zero,
happo,base,1,9,2,14,14.0,14,0,0,0,zero,
happo,base,1,10,0,16,7.0,0,7,19,19,zero,
happo,base,1,10,1,16,6.0,6,0,15,15,zero,
happo,base,1,10,2,16,19.0,19,0,1,1,zero,
happo,base,1,11,0,16,14.0,0,14,10,10,zero,
happo,base,1,11,1,16,1.0,0,1,15,15,zero,
happo,base,1,11,2,16,24.0,24,0,20,20,zero,
happo,base,1,12,0,15,10.0,0,10,19,19,zero,
happo,base,1,12,1,15,9.0,0,9,15,15,zero,
happo,base,1,12,2,15,9.0,9,0,20,20,zero,
happo,base,1,13,0,14,15.0,0,15,19,19,zero,
happo,base,1,13,1,14,13.0,0,13,18,18,zero,
happo,base,1,13,2,14,9.0,0,9,20,20,zero,
happo,base,1,14,0,14,10.0,0,10,10,10,zero,
happo,base,1,14,1,14,8.0,0,8,18,18,zero,
happo,base,1,14,2,14,26.0,0,26,20,20,zero,
happo,base,1,15,0,17,18.0,0,18,19,19,zero,
happo,base,1,15,1,17,12.0,0,12,18,18,zero,
happo,base,1,15,2,17,24.0,0,24,20,20,zero,
happo,base,1,16,0,16,23.0,0,23,19,19,zero,
happo,base,1,16,1,16,16.0,0,16,18,18,zero,
happo,base,1,16,2,16,22.0,0,22,17,17,zero,
happo,base,1,17,0,18,26.0,0,26,19,19,zero,
happo,base,1,17,1,18,26.0,0,26,18,18,zero,
happo,base,1,17,2,18,20.0,0,20,20,20,zero,
happo,base,1,18,0,17,28.0,0,28,19,19,zero,
happo,base,1,18,1,17,44.0,0,44,18,18,zero,
happo,base,1,18,2,17,18.0,0,18,20,20,zero,
happo,base,1,19,0,18,31.0,0,31,19,19,zero,
happo,base,1,19,1,18,43.0,0,43,18,18,zero,
happo,base,1,19,2,18,16.0,0,16,20,20,zero,
happo,base,1,20,0,17,33.0,0,33,10,10,zero,
happo,base,1,20,1,17,33.0,0,33,18,18,zero,
happo,base,1,20,2,17,17.0,0,17,20,20,zero,
happo,base,1,21,0,18,42.0,0,42,19,19,zero,
happo,base,1,21,1,18,32.0,0,32,3,3,zero,
happo,base,1,21,2,18,-0.0,0,0,20,20,zero,
happo,base,1,22,0,18,59.0,0,59,19,19,zero,
happo,base,1,22,1,18,31.0,0,31,18,18,zero,
happo,base,1,22,2,18,2.0,2,0,16,16,zero,
happo,base,1,23,0,15,54.0,0,54,17,17,zero,
happo,base,1,23,1,15,28.0,0,28,18,18,zero,
happo,base,1,23,2,15,4.0,4,0,1,1,zero,
happo,base,1,24,0,14,48.0,0,48,10,10,zero,
happo,base,1,24,1,14,21.0,0,21,18,18,zero,
happo,base,1,24,2,14,6.0,6,0,16,16,zero,
happo,base,1,25,0,13,41.0,0,41,10,10,zero,
happo,base,1,25,1,13,11.0,0,11,18,18,zero,
happo,base,1,25,2,13,8.0,8,0,20,20,zero,
happo,base,1,26,0,13,34.0,0,34,10,10,zero,
happo,base,1,26,1,13,3.0,0,3,18,18,zero,
happo,base,1,26,2,13,6.0,6,0,20,20,zero,
happo,base,1,27,0,11,25.0,0,25,10,10,zero,
happo,base,1,27,1,11,5.0,5,0,18,18,zero,
happo,base,1,27,2,11,11.0,0,11,20,20,zero,
happo,base,1,28,0,10,18.0,0,18,10,10,zero,
happo,base,1,28,1,10,13.0,13,0,18,18,zero,
happo,base,1,28,2,10,13.0,0,13,20,20,zero,
happo,base,1,29,0,8,6.0,0,6,10,10,zero,
happo,base,1,29,1,8,21.0,21,0,12,12,zero,
happo,base,1,29,2,8,5.0,0,5,16,16,zero,
happo,base,1,30,0,8,4.0,4,0,6,6,zero,
happo,base,1,30,1,8,33.0,33,0,0,0,zero,
happo,base,1,30,2,8,15.0,15,0,16,16,zero,
happo,base,1,31,0,8,9.0,9,0,10,10,zero,
happo,base,1,31,1,8,30.0,30,0,0,0,zero,
happo,base,1,31,2,8,35.0,35,0,0,0,zero,
happo,base,1,32,0,8,11.0,11,0,6,6,zero,
happo,base,1,32,1,8,40.0,40,0,12,12,zero,
happo,base,1,32,2,8,43.0,43,0,0,0,zero,
happo,base,1,33,0,7,14.0,14,0,10,10,zero,
happo,base,1,33,1,7,50.0,50,0,1,1,zero,
happo,base,1,33,2,7,58.0,58,0,0,0,zero,
happo,base,1,34,0,8,12.0,12,0,6,6,zero,
happo,base,1,34,1,8,49.0,49,0,12,12,zero,
happo,base,1,34,2,8,62.0,62,0,0,0,zero,
happo,base,1,35,0,7,15.0,15,0,9,9,zero,
happo,base,1,35,1,7,40.0,40,0,1,1,zero,
happo,base,1,35,2,7,61.0,61,0,0,0,zero,
happo,base,1,36,0,8,13.0,13,0,6,6,zero,
happo,base,1,36,1,8,46.0,46,0,1,1,zero,
happo,base,1,36,2,8,60.0,60,0,0,0,zero,
happo,base,1,37,0,7,16.0,16,0,9,9,zero,
happo,base,1,37,1,7,38.0,38,0,1,1,zero,
happo,base,1,37,2,7,59.0,59,0,0,0,zero,
happo,base,1,38,0,7,15.0,15,0,4,4,zero,
happo,base,1,38,1,7,46.0,46,0,1,1,zero,
happo,base,1,38,2,7,58.0,58,0,0,0,zero,
happo,base,1,39,0,7,17.0,17,0,9,9,zero,
happo,base,1,39,1,7,38.0,38,0,1,1,zero,
happo,base,1,39,2,7,57.0,57,0,0,0,zero,
happo,base,1,40,0,7,16.0,16,0,2,2,zero,
happo,base,1,40,1,7,37.0,37,0,15,15,zero,
happo,base,1,40,2,7,42.0,42,0,0,0,zero,
happo,base,1,41,0,6,19.0,19,0,9,9,zero,
happo,base,1,41,1,6,29.0,29,0,1,1,zero,
happo,base,1,41,2,6,41.0,41,0,0,0,zero,
happo,base,1,42,0,6,17.0,17,0,3,3,zero,
happo,base,1,42,1,6,27.0,27,0,1,1,zero,
happo,base,1,42,2,6,40.0,40,0,0,0,zero,
happo,base,1,43,0,6,20.0,20,0,3,3,zero,
happo,base,1,43,1,6,25.0,25,0,1,1,zero,
happo,base,1,43,2,6,39.0,39,0,0,0,zero,
happo,base,1,44,0,5,17.0,17,0,2,2,zero,
happo,base,1,44,1,5,38.0,38,0,1,1,zero,
happo,base,1,44,2,5,38.0,38,0,0,0,zero,
happo,base,1,45,0,5,21.0,21,0,2,2,zero,
happo,base,1,45,1,5,37.0,37,0,0,0,zero,
happo,base,1,45,2,5,38.0,38,0,0,0,zero,
happo,base,1,46,0,5,19.0,19,0,2,2,zero,
happo,base,1,46,1,5,36.0,36,0,0,0,zero,
happo,base,1,46,2,5,38.0,38,0,0,0,zero,
happo,base,1,47,0,5,17.0,17,0,2,2,zero,
happo,base,1,47,1,5,35.0,35,0,0,0,zero,
happo,base,1,47,2,5,38.0,38,0,0,0,zero,
happo,base,1,48,0,6,13.0,13,0,3,3,zero,
happo,base,1,48,1,6,33.0,33,0,0,0,zero,
happo,base,1,48,2,6,38.0,38,0,0,0,zero,
happo,base,1,49,0,6,9.0,9,0,9,9,zero,
happo,base,1,49,1,6,24.0,24,0,1,1,zero,
happo,base,1,49,2,6,37.0,37,0,0,0,zero,
happo,base,1,50,0,6,5.0,5,0,3,3,zero,
happo,base,1,50,1,6,21.0,21,0,1,1,zero,
happo,base,1,50,2,6,36.0,36,0,0,0,zero,
happo,base,1,51,0,6,1.0,1,0,9,9,zero,
happo,base,1,51,1,6,12.0,12,0,11,11,zero,
happo,base,1,51,2,6,25.0,25,0,0,0,zero,
happo,base,1,52,0,7,3.0,0,3,3,3,zero,
happo,base,1,52,1,7,9.0,9,0,15,15,zero,
happo,base,1,52,2,7,10.0,10,0,0,0,zero,
happo,base,1,53,0,7,1.0,0,1,9,9,zero,
happo,base,1,53,1,7,1.0,1,0,1,1,zero,
happo,base,1,53,2,7,9.0,9,0,20,20,zero,
happo,base,1,54,0,7,5.0,0,5,6,6,zero,
happo,base,1,54,1,7,4.0,0,4,11,11,zero,
happo,base,1,54,2,7,2.0,0,2,3,3,zero,
happo,base,1,55,0,6,2.0,0,2,19,19,zero,
happo,base,1,55,1,6,12.0,0,12,11,11,zero,
happo,base,1,55,2,6,13.0,0,13,20,20,zero,
happo,base,1,56,0,6,5.0,0,5,6,6,zero,
happo,base,1,56,1,6,3.0,0,3,15,15,zero,
happo,base,1,56,2,6,28.0,0,28,20,20,zero,
happo,base,1,57,0,6,2.0,0,2,2,2,zero,
happo,base,1,57,1,6,4.0,0,4,15,15,zero,
happo,base,1,57,2,6,23.0,0,23,20,20,zero,
happo,base,1,58,0,6,6.0,0,6,2,2,zero,
happo,base,1,58,1,6,3.0,3,0,3,3,zero,
happo,base,1,58,2,6,23.0,0,23,20,20,zero,
happo,base,1,59,0,7,2.0,0,2,6,6,zero,
happo,base,1,59,1,7,3.0,0,3,0,0,zero,
happo,base,1,59,2,7,3.0,0,3,0,0,zero,
happo,base,1,60,0,7,6.0,6,0,10,10,zero,
happo,base,1,60,1,7,13.0,0,13,0,0,zero,
happo,base,1,60,2,7,17.0,17,0,0,0,zero,
happo,base,1,61,0,6,1.0,1,0,19,19,zero,
happo,base,1,61,1,6,12.0,0,12,12,12,zero,
happo,base,1,61,2,6,25.0,25,0,0,0,zero,
happo,base,1,62,0,6,1.0,1,0,10,10,zero,
happo,base,1,62,1,6,19.0,0,19,18,18,zero,
happo,base,1,62,2,6,27.0,27,0,0,0,zero,
happo,base,1,63,0,8,4.0,0,4,6,6,zero,
happo,base,1,63,1,8,5.0,0,5,18,18,zero,
happo,base,1,63,2,8,9.0,9,0,20,20,zero,
happo,base,1,64,0,9,13.0,0,13,0,0,zero,
happo,base,1,64,1,9,2.0,0,2,0,0,zero,
happo,base,1,64,2,9,9.0,9,0,20,20,zero,
happo,base,1,65,0,8,1.0,0,1,6,6,zero,
happo,base,1,65,1,8,4.0,4,0,0,0,zero,
happo,base,1,65,2,8,9.0,9,0,0,0,zero,
happo,base,1,66,0,8,6.0,0,6,6,6,zero,
happo,base,1,66,1,8,16.0,16,0,12,12,zero,
happo,base,1,66,2,8,3.0,0,3,0,0,zero,
happo,base,1,67,0,8,6.0,6,0,6,6,zero,
happo,base,1,67,1,8,28.0,28,0,12,12,zero,
happo,base,1,67,2,8,5.0,5,0,0,0,zero,
happo,base,1,68,0,7,2.0,2,0,10,10,zero,
happo,base,1,68,1,7,18.0,18,0,1,1,zero,
happo,base,1,68,2,7,24.0,24,0,5,5,zero,
happo,base,1,69,0,7,3.0,3,0,6,6,zero,
happo,base,1,69,1,7,12.0,12,0,15,15,zero,
happo,base,1,69,2,7,9.0,9,0,0,0,zero,
happo,base,1,70,0,7,2.0,2,0,10,10,zero,
happo,base,1,70,1,7,11.0,11,0,3,3,zero,
happo,base,1,70,2,7,6.0,6,0,20,20,zero,
happo,base,1,71,0,7,1.0,1,0,6,6,zero,
happo,base,1,71,1,7,20.0,20,0,15,15,zero,
happo,base,1,71,2,7,9.0,0,9,3,3,zero,
happo,base,1,72,0,7,4.0,4,0,6,6,zero,
happo,base,1,72,1,7,15.0,15,0,3,3,zero,
happo,base,1,72,2,7,7.0,0,7,20,20,zero,
happo,base,1,73,0,7,3.0,3,0,6,6,zero,
happo,base,1,73,1,7,24.0,24,0,1,1,zero,
happo,base,1,73,2,7,8.0,0,8,20,20,zero,
happo,base,1,74,0,6,7.0,7,0,6,6,zero,
happo,base,1,74,1,6,21.0,21,0,1,1,zero,
happo,base,1,74,2,6,11.0,11,0,0,0,zero,
happo,base,1,75,0,6,7.0,7,0,6,6,zero,
happo,base,1,75,1,6,21.0,21,0,1,1,zero,
happo,base,1,75,2,6,13.0,13,0,0,0,zero,
happo,base,1,76,0,7,6.0,6,0,6,6,zero,
happo,base,1,76,1,7,20.0,20,0,1,1,zero,
happo,base,1,76,2,7,32.0,32,0,0,0,zero,
happo,base,1,77,0,7,5.0,5,0,10,10,zero,
happo,base,1,77,1,7,10.0,10,0,15,15,zero,
happo,base,1,77,2,7,37.0,37,0,0,0,zero,
happo,base,1,78,0,7,4.0,4,0,6,6,zero,
happo,base,1,78,1,7,13.0,13,0,15,15,zero,
happo,base,1,78,2,7,22.0,22,0,1,1,zero,
happo,base,1,79,0,6,4.0,4,0,9,9,zero,
happo,base,1,79,1,6,5.0,5,0,1,1,zero,
happo,base,1,79,2,6,21.0,21,0,20,20,zero,
happo,base,1,80,0,6,4.0,4,0,2,2,zero,
happo,base,1,80,1,6,4.0,4,0,1,1,zero,
happo,base,1,80,2,6,20.0,20,0,3,3,zero,
happo,base,1,81,0,7,7.0,7,0,6,6,zero,
happo,base,1,81,1,7,13.0,13,0,1,1,zero,
happo,base,1,81,2,7,19.0,19,0,0,0,zero,
happo,base,1,82,0,7,6.0,6,0,6,6,zero,
happo,base,1,82,1,7,22.0,22,0,1,1,zero,
happo,base,1,82,2,7,19.0,19,0,0,0,zero,
happo,base,1,83,0,7,8.0,8,0,9,9,zero,
happo,base,1,83,1,7,14.0,14,0,15,15,zero,
happo,base,1,83,2,7,24.0,24,0,0,0,zero,
happo,base,1,84,0,7,3.0,3,0,6,6,zero,
happo,base,1,84,1,7,9.0,9,0,15,15,zero,
happo,base,1,84,2,7,12.0,12,0,1,1,zero,
happo,base,1,85,0,7,2.0,2,0,9,9,zero,
happo,base,1,85,1,7,1.0,1,0,1,1,zero,
happo,base,1,85,2,7,11.0,11,0,20,20,zero,
happo,base,1,86,0,8,-0.0,0,0,6,6,zero,
happo,base,1,86,1,8,4.0,0,4,5,5,zero,
happo,base,1,86,2,8,6.0,6,0,20,20,zero,
happo,base,1,87,0,8,1.0,1,0,10,10,zero,
happo,base,1,87,1,8,1.0,1,0,15,15,zero,
happo,base,1,87,2,8,9.0,0,9,0,0,zero,
happo,base,1,88,0,7,-0.0,0,0,6,6,zero,
happo,base,1,88,1,7,10.0,10,0,15,15,zero,
happo,base,1,88,2,7,23.0,0,23,0,0,zero,
happo,base,1,89,0,8,1.0,1,0,6,6,zero,
happo,base,1,89,1,8,5.0,5,0,15,15,zero,
happo,base,1,89,2,8,18.0,0,18,20,20,zero,
happo,base,1,90,0,8,5.0,0,5,6,6,zero,
happo,base,1,90,1,8,4.0,4,0,3,3,zero,
happo,base,1,90,2,8,1.0,0,1,20,20,zero,
happo,base,1,91,0,9,-0.0,0,0,10,10,zero,
happo,base,1,91,1,9,-0.0,0,0,0,0,zero,
happo,base,1,91,2,9,1.0,0,1,0,0,zero,
happo,base,1,92,0,8,2.0,0,2,10,10,zero,
happo,base,1,92,1,8,9.0,0,9,1,1,zero,
happo,base,1,92,2,8,2.0,0,2,0,0,zero,
happo,base,1,93,0,10,6.0,0,6,19,19,zero,
happo,base,1,93,1,10,8.0,0,8,15,15,zero,
happo,base,1,93,2,10,3.0,3,0,0,0,zero,
happo,base,1,94,0,9,9.0,0,9,10,10,zero,
happo,base,1,94,1,9,2.0,2,0,15,15,zero,
happo,base,1,94,2,9,8.0,8,0,0,0,zero,
happo,base,1,95,0,9,8.0,0,8,6,6,zero,
happo,base,1,95,1,9,4.0,0,4,15,15,zero,
happo,base,1,95,2,9,7.0,0,7,20,20,zero,
happo,base,1,96,0,9,16.0,0,16,6,6,zero,
happo,base,1,96,1,9,10.0,0,10,3,3,zero,
happo,base,1,96,2,9,10.0,0,10,20,20,zero,
happo,base,1,97,0,8,4.0,0,4,10,10,zero,
happo,base,1,97,1,8,3.0,0,3,5,5,zero,
happo,base,1,97,2,8,15.0,0,15,0,0,zero,
happo,base,1,98,0,8,6.0,6,0,6,6,zero,
happo,base,1,98,1,8,6.0,6,0,15,15,zero,
happo,base,1,98,2,8,30.0,0,30,0,0,zero,
happo,base,1,99,0,7,1.0,1,0,10,10,zero,
happo,base,1,99,1,7,4.0,4,0,15,15,zero,
happo,base,1,99,2,7,25.0,0,25,20,20,zero,
happo,base,1,100,0,7,6.0,0,6,6,6,zero,
happo,base,1,100,1,7,2.0,0,2,3,3,zero,
happo,base,1,100,2,7,8.0,0,8,20,20,zero,
happo,base,1,101,0,7,4.0,4,0,6,6,zero,
happo,base,1,101,1,7,8.0,0,8,0,0,zero,
happo,base,1,101,2,7,8.0,0,8,0,0,zero,
happo,base,1,102,0,8,5.0,5,0,6,6,zero,
happo,base,1,102,1,8,14.0,0,14,1,1,zero,
happo,base,1,102,2,8,9.0,0,9,0,0,zero,
happo,base,1,103,0,7,8.0,8,0,19,19,zero,
happo,base,1,103,1,7,13.0,0,13,1,1,zero,
happo,base,1,103,2,7,10.0,10,0,0,0,zero,
happo,base,1,104,0,8,4.0,4,0,10,10,zero,
happo,base,1,104,1,8,3.0,0,3,18,18,zero,
happo,base,1,104,2,8,12.0,12,0,0,0,zero,
happo,base,1,105,0,8,4.0,0,4,2,2,zero,
happo,base,1,105,1,8,5.0,0,5,18,18,zero,
happo,base,1,105,2,8,6.0,0,6,16,16,zero,
happo,base,1,106,0,8,12.0,0,12,2,2,zero,
happo,base,1,106,1,8,7.0,0,7,0,0,zero,
happo,base,1,106,2,8,6.0,0,6,20,20,zero,
happo,base,1,107,0,8,-0.0,0,0,6,6,zero,
happo,base,1,107,1,8,3.0,0,3,0,0,zero,
happo,base,1,107,2,8,6.0,0,6,0,0,zero,
happo,base,1,108,0,8,12.0,12,0,6,6,zero,
happo,base,1,108,1,8,9.0,9,0,12,12,zero,
happo,base,1,108,2,8,18.0,0,18,0,0,zero,
happo,base,1,109,0,8,4.0,4,0,10,10,zero,
happo,base,1,109,1,8,11.0,11,0,12,12,zero,
happo,base,1,109,2,8,14.0,0,14,0,0,zero,
happo,base,1,110,0,8,4.0,0,4,10,10,zero,
happo,base,1,110,1,8,1.0,1,0,18,18,zero,
happo,base,1,110,2,8,12.0,0,12,20,20,zero,
happo,base,1,111,0,9,3.0,0,3,6,6,zero,
happo,base,1,111,1,9,5.0,0,5,3,3,zero,
happo,base,1,111,2,9,15.0,0,15,20,20,zero,
happo,base,1,112,0,9,3.0,0,3,10,10,zero,
happo,base,1,112,1,9,15.0,0,15,18,18,zero,
happo,base,1,112,2,9,33.0,0,33,20,20,zero,
happo,base,1,113,0,10,3.0,0,3,10,10,zero,
happo,base,1,113,1,10,9.0,0,9,18,18,zero,
happo,base,1,113,2,10,51.0,0,51,20,20,zero,
happo,base,1,114,0,11,4.0,0,4,10,10,zero,
happo,base,1,114,1,11,1.0,1,0,18,18,zero,
happo,base,1,114,2,11,49.0,0,49,20,20,zero,
happo,base,1,115,0,10,13.0,0,13,6,6,zero,
happo,base,1,115,1,10,5.0,0,5,3,3,zero,
happo,base,1,115,2,10,32.0,0,32,20,20,zero,
happo,base,1,116,0,10,23.0,0,23,10,10,zero,
happo,base,1,116,1,10,15.0,0,15,0,0,zero,
happo,base,1,116,2,10,12.0,0,12,0,0,zero,
happo,base,1,117,0,11,18.0,0,18,10,10,zero,
happo,base,1,117,1,11,25.0,0,25,0,0,zero,
happo,base,1,117,2,11,8.0,8,0,0,0,zero,
happo,base,1,118,0,12,11.0,0,11,10,10,zero,
happo,base,1,118,1,12,15.0,0,15,0,0,zero,
happo,base,1,118,2,12,28.0,28,0,0,0,zero,
happo,base,1,119,0,14,24.0,0,24,6,6,zero,
happo,base,1,119,1,14,1.0,0,1,18,18,zero,
happo,base,1,119,2,14,30.0,30,0,0,0,zero,
happo,base,1,120,0,14,38.0,0,38,19,19,zero,
happo,base,1,120,1,14,-0.0,0,0,18,18,zero,
happo,base,1,120,2,14,12.0,12,0,16,16,zero,
happo,base,1,121,0,14,52.0,0,52,17,17,zero,
happo,base,1,121,1,14,5.0,0,5,18,18,zero,
happo,base,1,121,2,14,6.0,0,6,20,20,zero,
happo,base,1,122,0,17,49.0,0,49,17,17,zero,
happo,base,1,122,1,17,22.0,0,22,18,18,zero,
happo,base,1,122,2,17,24.0,0,24,20,20,zero,
happo,base,1,123,0,20,49.0,0,49,17,17,zero,
happo,base,1,123,1,20,21.0,0,21,18,18,zero,
happo,base,1,123,2,20,42.0,0,42,20,20,zero,
happo,base,1,124,0,18,47.0,0,47,19,19,zero,
happo,base,1,124,1,18,22.0,0,22,18,18,zero,
happo,base,1,124,2,18,44.0,0,44,20,20,zero,
happo,base,1,125,0,17,52.0,0,52,19,19,zero,
happo,base,1,125,1,17,29.0,0,29,18,18,zero,
happo,base,1,125,2,17,42.0,0,42,20,20,zero,
happo,base,1,126,0,17,69.0,0,69,17,17,zero,
happo,base,1,126,1,17,46.0,0,46,18,18,zero,
happo,base,1,126,2,17,40.0,0,40,20,20,zero,
happo,base,1,127,0,16,67.0,0,67,17,17,zero,
happo,base,1,127,1,16,63.0,0,63,18,18,zero,
happo,base,1,127,2,16,38.0,0,38,20,20,zero,
happo,base,1,128,0,17,66.0,0,66,17,17,zero,
happo,base,1,128,1,17,64.0,0,64,18,18,zero,
happo,base,1,128,2,17,36.0,0,36,20,20,zero,
happo,base,1,129,0,19,73.0,0,73,17,17,zero,
happo,base,1,129,1,19,61.0,0,61,18,18,zero,
happo,base,1,129,2,19,34.0,0,34,20,20,zero,
happo,base,1,130,0,20,93.0,0,93,17,17,zero,
happo,base,1,130,1,20,58.0,0,58,18,18,zero,
happo,base,1,130,2,20,32.0,0,32,20,20,zero,
happo,base,1,131,0,19,112.0,0,112,17,17,zero,
happo,base,1,131,1,19,55.0,0,55,18,18,zero,
happo,base,1,131,2,19,30.0,0,30,20,20,zero,
happo,base,1,132,0,20,116.0,0,116,17,17,zero,
happo,base,1,132,1,20,52.0,0,52,18,18,zero,
happo,base,1,132,2,20,28.0,0,28,20,20,zero,
happo,base,1,133,0,20,116.0,0,116,17,17,zero,
happo,base,1,133,1,20,49.0,0,49,18,18,zero,
happo,base,1,133,2,20,26.0,0,26,20,20,zero,
happo,base,1,134,0,20,116.0,0,116,17,17,zero,
happo,base,1,134,1,20,46.0,0,46,18,18,zero,
happo,base,1,134,2,20,24.0,0,24,20,20,zero,
happo,base,1,135,0,20,116.0,0,116,17,17,zero,
happo,base,1,135,1,20,43.0,0,43,18,18,zero,
happo,base,1,135,2,20,22.0,0,22,20,20,zero,
happo,base,1,136,0,20,116.0,0,116,17,17,zero,
happo,base,1,136,1,20,40.0,0,40,18,18,zero,
happo,base,1,136,2,20,20.0,0,20,20,20,zero,
happo,base,1,137,0,20,116.0,0,116,17,17,zero,
happo,base,1,137,1,20,37.0,0,37,18,18,zero,
happo,base,1,137,2,20,18.0,0,18,20,20,zero,
happo,base,1,138,0,20,116.0,0,116,17,17,zero,
happo,base,1,138,1,20,34.0,0,34,18,18,zero,
happo,base,1,138,2,20,16.0,0,16,20,20,zero,
happo,base,1,139,0,20,116.0,0,116,17,17,zero,
happo,base,1,139,1,20,31.0,0,31,18,18,zero,
happo,base,1,139,2,20,14.0,0,14,16,16,zero,
happo,base,1,140,0,20,116.0,0,116,17,17,zero,
happo,base,1,140,1,20,28.0,0,28,18,18,zero,
happo,base,1,140,2,20,12.0,0,12,20,20,zero,
happo,base,1,141,0,20,116.0,0,116,17,17,zero,
happo,base,1,141,1,20,25.0,0,25,18,18,zero,
happo,base,1,141,2,20,10.0,0,10,20,20,zero,
happo,base,1,142,0,20,116.0,0,116,17,17,zero,
happo,base,1,142,1,20,22.0,0,22,18,18,zero,
happo,base,1,142,2,20,8.0,0,8,20,20,zero,
happo,base,1,143,0,20,116.0,0,116,17,17,zero,
happo,base,1,143,1,20,19.0,0,19,18,18,zero,
happo,base,1,143,2,20,10.0,0,10,20,20,zero,
happo,base,1,144,0,20,116.0,0,116,17,17,zero,
happo,base,1,144,1,20,16.0,0,16,18,18,zero,
happo,base,1,144,2,20,8.0,0,8,16,16,zero,
happo,base,1,145,0,20,116.0,0,116,17,17,zero,
happo,base,1,145,1,20,13.0,0,13,18,18,zero,
happo,base,1,145,2,20,6.0,0,6,20,20,zero,
happo,base,1,146,0,20,116.0,0,116,17,17,zero,
happo,base,1,146,1,20,10.0,0,10,18,18,zero,
happo,base,1,146,2,20,4.0,0,4,20,20,zero,
happo,base,1,147,0,20,116.0,0,116,17,17,zero,
happo,base,1,147,1,20,11.0,0,11,18,18,zero,
happo,base,1,147,2,20,2.0,0,2,20,20,zero,
happo,base,1,148,0,20,116.0,0,116,17,17,zero,
happo,base,1,148,1,20,8.0,0,8,18,18,zero,
happo,base,1,148,2,20,4.0,0,4,16,16,zero,
happo,base,1,149,0,20,116.0,0,116,17,17,zero,
happo,base,1,149,1,20,5.0,0,5,18,18,zero,
happo,base,1,149,2,20,2.0,0,2,16,16,zero,
happo,base,1,150,0,20,116.0,0,116,17,17,zero,
happo,base,1,150,1,20,2.0,0,2,18,18,zero,
happo,base,1,150,2,20,-0.0,0,0,16,16,zero,
happo,base,1,151,0,20,120.0,0,120,17,17,zero,
happo,base,1,151,1,20,1.0,1,0,18,18,zero,
happo,base,1,151,2,20,2.0,2,0,20,20,zero,
happo,base,1,152,0,20,120.0,0,120,17,17,zero,
happo,base,1,152,1,20,-0.0,0,0,18,18,zero,
happo,base,1,152,2,20,-0.0,0,0,20,20,zero,
happo,base,1,153,0,20,120.0,0,120,17,17,zero,
happo,base,1,153,1,20,3.0,3,0,18,18,zero,
happo,base,1,153,2,20,2.0,0,2,16,16,zero,
happo,base,1,154,0,20,120.0,0,120,17,17,zero,
happo,base,1,154,1,20,6.0,6,0,18,18,zero,
happo,base,1,154,2,20,4.0,0,4,16,16,zero,
happo,base,1,155,0,20,121.0,0,121,17,17,zero,
happo,base,1,155,1,20,7.0,7,0,18,18,zero,
happo,base,1,155,2,20,2.0,0,2,20,20,zero,
happo,base,1,156,0,20,124.0,0,124,17,17,zero,
happo,base,1,156,1,20,8.0,8,0,18,18,zero,
happo,base,1,156,2,20,-0.0,0,0,20,20,zero,
happo,base,1,157,0,20,127.0,0,127,17,17,zero,
happo,base,1,157,1,20,7.0,7,0,18,18,zero,
happo,base,1,157,2,20,2.0,0,2,16,16,zero,
happo,base,1,158,0,20,130.0,0,130,17,17,zero,
happo,base,1,158,1,20,6.0,6,0,18,18,zero,
happo,base,1,158,2,20,4.0,0,4,16,16,zero,
happo,base,1,159,0,20,133.0,0,133,17,17,zero,
happo,base,1,159,1,20,9.0,9,0,18,18,zero,
happo,base,1,159,2,20,2.0,0,2,20,20,zero,
happo,base,1,160,0,20,136.0,0,136,17,17,zero,
happo,base,1,160,1,20,12.0,12,0,18,18,zero,
happo,base,1,160,2,20,-0.0,0,0,20,20,zero,
happo,base,1,161,0,20,139.0,0,139,17,17,zero,
happo,base,1,161,1,20,11.0,11,0,18,18,zero,
happo,base,1,161,2,20,2.0,0,2,16,16,zero,
happo,base,1,162,0,20,142.0,0,142,17,17,zero,
happo,base,1,162,1,20,10.0,10,0,18,18,zero,
happo,base,1,162,2,20,4.0,0,4,16,16,zero,
happo,base,1,163,0,20,145.0,0,145,17,17,zero,
happo,base,1,163,1,20,13.0,13,0,18,18,zero,
happo,base,1,163,2,20,2.0,0,2,20,20,zero,
happo,base,1,164,0,20,148.0,0,148,17,17,zero,
happo,base,1,164,1,20,16.0,16,0,18,18,zero,
happo,base,1,164,2,20,-0.0,0,0,20,20,zero,
happo,base,1,165,0,20,151.0,0,151,17,17,zero,
happo,base,1,165,1,20,15.0,15,0,18,18,zero,
happo,base,1,165,2,20,2.0,0,2,16,16,zero,
happo,base,1,166,0,20,154.0,0,154,17,17,zero,
happo,base,1,166,1,20,14.0,14,0,18,18,zero,
happo,base,1,166,2,20,4.0,0,4,16,16,zero,
happo,base,1,167,0,20,157.0,0,157,17,17,zero,
happo,base,1,167,1,20,17.0,17,0,18,18,zero,
happo,base,1,167,2,20,2.0,0,2,20,20,zero,
happo,base,1,168,0,20,160.0,0,160,17,17,zero,
happo,base,1,168,1,20,20.0,20,0,15,15,zero,
happo,base,1,168,2,20,3.0,3,0,20,20,zero,
happo,base,1,169,0,20,163.0,0,163,17,17,zero,
happo,base,1,169,1,20,19.0,19,0,15,15,zero,
happo,base,1,169,2,20,4.0,4,0,16,16,zero,
happo,base,1,170,0,20,166.0,0,166,17,17,zero,
happo,base,1,170,1,20,18.0,18,0,15,15,zero,
happo,base,1,170,2,20,5.0,5,0,1,1,zero,
happo,base,1,171,0,20,169.0,0,169,17,17,zero,
happo,base,1,171,1,20,21.0,21,0,15,15,zero,
happo,base,1,171,2,20,10.0,10,0,16,16,zero,
happo,base,1,172,0,19,171.0,0,171,17,17,zero,
happo,base,1,172,1,19,21.0,21,0,15,15,zero,
happo,base,1,172,2,19,15.0,15,0,20,20,zero,
happo,base,1,173,0,19,173.0,0,173,17,17,zero,
happo,base,1,173,1,19,19.0,19,0,15,15,zero,
happo,base,1,173,2,19,16.0,16,0,20,20,zero,
happo,base,1,174,0,18,174.0,0,174,17,17,zero,
happo,base,1,174,1,18,17.0,17,0,15,15,zero,
happo,base,1,174,2,18,2.0,2,0,20,20,zero,
happo,base,1,175,0,16,173.0,0,173,17,17,zero,
happo,base,1,175,1,16,15.0,15,0,15,15,zero,
happo,base,1,175,2,16,3.0,3,0,0,0,zero,
happo,base,1,176,0,17,173.0,0,173,17,17,zero,
happo,base,1,176,1,17,13.0,13,0,15,15,zero,
happo,base,1,176,2,17,8.0,8,0,0,0,zero,
happo,base,1,177,0,16,172.0,0,172,17,17,zero,
happo,base,1,177,1,16,11.0,11,0,15,15,zero,
happo,base,1,177,2,16,13.0,13,0,20,20,zero,
happo,base,1,178,0,17,172.0,0,172,17,17,zero,
happo,base,1,178,1,17,9.0,9,0,15,15,zero,
happo,base,1,178,2,17,18.0,18,0,20,20,zero,
happo,base,1,179,0,17,172.0,0,172,17,17,zero,
happo,base,1,179,1,17,7.0,7,0,15,15,zero,
happo,base,1,179,2,17,3.0,3,0,20,20,zero,
happo,base,1,180,0,19,174.0,0,174,17,17,zero,
happo,base,1,180,1,19,5.0,5,0,15,15,zero,
happo,base,1,180,2,19,12.0,0,12,20,20,zero,
happo,base,1,181,0,20,177.0,0,177,17,17,zero,
happo,base,1,181,1,20,3.0,3,0,15,15,zero,
happo,base,1,181,2,20,7.0,0,7,0,0,zero,
happo,base,1,182,0,19,179.0,0,179,17,17,zero,
happo,base,1,182,1,19,1.0,1,0,15,15,zero,
happo,base,1,182,2,19,2.0,0,2,17,17,zero,
happo,base,1,183,0,20,182.0,0,182,17,17,zero,
happo,base,1,183,1,20,1.0,0,1,18,18,zero,
happo,base,1,183,2,20,-0.0,0,0,20,20,zero,
happo,base,1,184,0,20,185.0,0,185,17,17,zero,
happo,base,1,184,1,20,15.0,0,15,18,18,zero,
happo,base,1,184,2,20,2.0,2,0,20,20,zero,
happo,base,1,185,0,20,188.0,0,188,17,17,zero,
happo,base,1,185,1,20,12.0,0,12,18,18,zero,
happo,base,1,185,2,20,16.0,0,16,20,20,zero,
happo,base,1,186,0,20,191.0,0,191,17,17,zero,
happo,base,1,186,1,20,9.0,0,9,18,18,zero,
happo,base,1,186,2,20,17.0,0,17,20,20,zero,
happo,base,1,187,0,20,195.0,0,195,17,17,zero,
happo,base,1,187,1,20,6.0,0,6,18,18,zero,
happo,base,1,187,2,20,15.0,0,15,16,16,zero,
happo,base,1,188,0,20,212.0,0,212,17,17,zero,
happo,base,1,188,1,20,5.0,0,5,18,18,zero,
happo,base,1,188,2,20,13.0,0,13,20,20,zero,
happo,base,1,189,0,20,212.0,0,212,17,17,zero,
happo,base,1,189,1,20,20.0,0,20,18,18,zero,
happo,base,1,189,2,20,11.0,0,11,20,20,zero,
happo,base,1,190,0,20,212.0,0,212,17,17,zero,
happo,base,1,190,1,20,20.0,0,20,18,18,zero,
happo,base,1,190,2,20,9.0,0,9,20,20,zero,
happo,base,1,191,0,20,212.0,0,212,17,17,zero,
happo,base,1,191,1,20,17.0,0,17,18,18,zero,
happo,base,1,191,2,20,11.0,0,11,20,20,zero,
happo,base,1,192,0,20,214.0,0,214,17,17,zero,
happo,base,1,192,1,20,14.0,0,14,18,18,zero,
happo,base,1,192,2,20,9.0,0,9,20,20,zero,
happo,base,1,193,0,20,232.0,0,232,17,17,zero,
happo,base,1,193,1,20,11.0,0,11,18,18,zero,
happo,base,1,193,2,20,7.0,0,7,16,16,zero,
happo,base,1,194,0,20,235.0,0,235,17,17,zero,
happo,base,1,194,1,20,8.0,0,8,18,18,zero,
happo,base,1,194,2,20,5.0,0,5,20,20,zero,
happo,base,1,195,0,20,235.0,0,235,17,17,zero,
happo,base,1,195,1,20,9.0,0,9,18,18,zero,
happo,base,1,195,2,20,3.0,0,3,20,20,zero,
happo,base,1,196,0,20,235.0,0,235,17,17,zero,
happo,base,1,196,1,20,6.0,0,6,18,18,zero,
happo,base,1,196,2,20,1.0,0,1,16,16,zero,
happo,base,1,197,0,20,235.0,0,235,17,17,zero,
happo,base,1,197,1,20,3.0,0,3,18,18,zero,
happo,base,1,197,2,20,3.0,0,3,16,16,zero,
happo,base,1,198,0,20,235.0,0,235,17,17,zero,
happo,base,1,198,1,20,-0.0,0,0,18,18,zero,
happo,base,1,198,2,20,1.0,0,1,20,20,zero,
happo,base,1,199,0,20,239.0,0,239,17,17,zero,
happo,base,1,199,1,20,3.0,3,0,18,18,zero,
happo,base,1,199,2,20,1.0,1,0,20,20,zero,
happo,base,1,200,0,20,239.0,0,239,17,17,zero,
happo,base,1,200,1,20,6.0,6,0,18,18,zero,
happo,base,1,200,2,20,1.0,0,1,16,16,zero,
happo,shock,0,1,0,10,10.0,10,0,10,10,zero,
happo,shock,0,1,1,10,10.0,10,0,15,15,zero,
happo,shock,0,1,2,10,5.0,5,0,0,0,zero,
happo,shock,0,2,0,10,10.0,10,0,10,10,zero,
happo,shock,0,2,1,10,10.0,10,0,1,1,zero,
happo,shock,0,2,2,10,14.0,14,0,20,20,zero,
happo,shock,0,3,0,8,12.0,12,0,10,10,zero,
happo,shock,0,3,1,8,10.0,10,0,15,15,zero,
happo,shock,0,3,2,8,9.0,9,0,3,3,zero,
happo,shock,0,4,0,8,14.0,14,0,2,2,zero,
happo,shock,0,4,1,8,18.0,18,0,15,15,zero,
happo,shock,0,4,2,8,4.0,4,0,20,20,zero,
happo,shock,0,5,0,8,16.0,16,0,6,6,zero,
happo,shock,0,5,1,8,27.0,27,0,0,0,zero,
happo,shock,0,5,2,8,4.0,4,0,20,20,zero,
happo,shock,0,6,0,8,18.0,18,0,6,6,zero,
happo,shock,0,6,1,8,22.0,22,0,1,1,zero,
happo,shock,0,6,2,8,23.0,23,0,0,0,zero,
happo,shock,0,7,0,9,19.0,19,0,9,9,zero,
happo,shock,0,7,1,9,28.0,28,0,1,1,zero,
happo,shock,0,7,2,9,25.0,25,0,0,0,zero,
happo,shock,0,8,0,8,13.0,13,0,9,9,zero,
happo,shock,0,8,1,8,34.0,34,0,1,1,zero,
happo,shock,0,8,2,8,44.0,44,0,0,0,zero,
happo,shock,0,9,0,7,12.0,12,0,4,4,zero,
happo,shock,0,9,1,7,30.0,30,0,15,15,zero,
happo,shock,0,9,2,7,49.0,49,0,0,0,zero,
happo,shock,0,10,0,8,10.0,10,0,4,4,zero,
happo,shock,0,10,1,8,27.0,27,0,1,1,zero,
happo,shock,0,10,2,8,48.0,48,0,0,0,zero,
happo,shock,0,11,0,8,11.0,11,0,10,10,zero,
happo,shock,0,11,1,8,18.0,18,0,1,1,zero,
happo,shock,0,11,2,8,47.0,47,0,0,0,zero,
happo,shock,0,12,0,9,11.0,11,0,6,6,zero,
happo,shock,0,12,1,9,13.0,13,0,11,11,zero,
happo,shock,0,12,2,9,36.0,36,0,0,0,zero,
happo,shock,0,13,0,8,7.0,7,0,9,9,zero,
happo,shock,0,13,1,8,19.0,19,0,1,1,zero,
happo,shock,0,13,2,8,35.0,35,0,0,0,zero,
happo,shock,0,14,0,9,2.0,2,0,9,9,zero,
happo,shock,0,14,1,9,11.0,11,0,15,15,zero,
happo,shock,0,14,2,9,20.0,20,0,0,0,zero,
happo,shock,0,15,0,9,3.0,3,0,9,9,zero,
happo,shock,0,15,1,9,3.0,3,0,3,3,zero,
happo,shock,0,15,2,9,17.0,17,0,16,16,zero,
happo,shock,0,16,0,10,1.0,0,1,9,9,zero,
happo,shock,0,16,1,10,5.0,5,0,15,15,zero,
happo,shock,0,16,2,10,2.0,2,0,3,3,zero,
happo,shock,0,17,0,10,2.0,0,2,10,10,zero,
happo,shock,0,17,1,10,4.0,0,4,3,3,zero,
happo,shock,0,17,2,10,1.0,0,1,20,20,zero,
happo,shock,0,18,0,9,2.0,0,2,10,10,zero,
happo,shock,0,18,1,9,1.0,1,0,15,15,zero,
happo,shock,0,18,2,9,16.0,0,16,20,20,zero,
happo,shock,0,19,0,8,1.0,0,1,10,10,zero,
happo,shock,0,19,1,8,6.0,0,6,15,15,zero,
happo,shock,0,19,2,8,15.0,0,15,20,20,zero,
happo,shock,0,20,0,10,2.0,0,2,10,10,zero,
happo,shock,0,20,1,10,1.0,0,1,15,15,zero,
happo,shock,0,20,2,10,27.0,0,27,16,16,zero,
happo,shock,0,21,0,10,6.0,0,6,6,6,zero,
happo,shock,0,21,1,10,5.0,0,5,15,15,zero,
happo,shock,0,21,2,10,22.0,0,22,16,16,zero,
happo,shock,0,22,0,10,2.0,0,2,19,19,zero,
happo,shock,0,22,1,10,24.0,0,24,3,3,zero,
happo,shock,0,22,2,10,5.0,0,5,16,16,zero,
happo,shock,0,23,0,11,9.0,0,9,10,10,zero,
happo,shock,0,23,1,11,18.0,0,18,15,15,zero,
happo,shock,0,23,2,11,-0.0,0,0,1,1,zero,
happo,shock,0,24,0,9,3.0,0,3,10,10,zero,
happo,shock,0,24,1,9,25.0,0,25,3,3,zero,
happo,shock,0,24,2,9,13.0,13,0,16,16,zero,
happo,shock,0,25,0,9,10.0,0,10,19,19,zero,
happo,shock,0,25,1,9,24.0,0,24,3,3,zero,
happo,shock,0,25,2,9,26.0,26,0,1,1,zero,
happo,shock,0,26,0,8,18.0,0,18,10,10,zero,
happo,shock,0,26,1,8,14.0,0,14,18,18,zero,
happo,shock,0,26,2,8,24.0,24,0,0,0,zero,
happo,shock,0,27,0,10,12.0,0,12,2,2,zero,
happo,shock,0,27,1,10,4.0,4,0,18,18,zero,
happo,shock,0,27,2,10,7.0,7,0,20,20,zero,
happo,shock,0,28,0,10,19.0,0,19,6,6,zero,
happo,shock,0,28,1,10,1.0,1,0,0,0,zero,
happo,shock,0,28,2,10,23.0,23,0,20,20,zero,
happo,shock,0,29,0,10,9.0,0,9,6,6,zero,
happo,shock,0,29,1,10,2.0,0,2,0,0,zero,
happo,shock,0,29,2,10,24.0,24,0,0,0,zero,
happo,shock,0,30,0,9,2.0,2,0,10,10,zero,
happo,shock,0,30,1,9,6.0,6,0,12,12,zero,
happo,shock,0,30,2,9,12.0,12,0,0,0,zero,
happo,shock,0,31,0,9,9.0,9,0,10,10,zero,
happo,shock,0,31,1,9,14.0,14,0,18,18,zero,
happo,shock,0,31,2,9,14.0,14,0,0,0,zero,
happo,shock,0,32,0,9,6.0,6,0,19,19,zero,
happo,shock,0,32,1,9,5.0,0,5,15,15,zero,
happo,shock,0,32,2,9,19.0,19,0,20,20,zero,
happo,shock,0,33,0,9,1.0,1,0,6,6,zero,
happo,shock,0,33,1,9,11.0,0,11,18,18,zero,
happo,shock,0,33,2,9,1.0,1,0,20,20,zero,
happo,shock,0,34,0,9,4.0,4,0,6,6,zero,
happo,shock,0,34,1,9,5.0,0,5,3,3,zero,
happo,shock,0,34,2,9,2.0,0,2,20,20,zero,
happo,shock,0,35,0,10,4.0,4,0,6,6,zero,
happo,shock,0,35,1,10,7.0,7,0,18,18,zero,
happo,shock,0,35,2,10,20.0,0,20,0,0,zero,
happo,shock,0,36,0,9,9.0,9,0,10,10,zero,
happo,shock,0,36,1,9,12.0,12,0,12,12,zero,
happo,shock,0,36,2,9,12.0,0,12,20,20,zero,
happo,shock,0,37,0,10,1.0,0,1,6,6,zero,
happo,shock,0,37,1,10,24.0,24,0,12,12,zero,
happo,shock,0,37,2,10,4.0,0,4,20,20,zero,
happo,shock,0,38,0,10,1.0,1,0,10,10,zero,
happo,shock,0,38,1,10,15.0,15,0,3,3,zero,
happo,shock,0,38,2,10,13.0,13,0,16,16,zero,
happo,shock,0,39,0,9,3.0,3,0,10,10,zero,
happo,shock,0,39,1,9,5.0,5,0,1,1,zero,
happo,shock,0,39,2,9,12.0,12,0,0,0,zero,
happo,shock,0,40,0,8,5.0,5,0,9,9,zero,
happo,shock,0,40,1,8,16.0,16,0,12,12,zero,
happo,shock,0,40,2,8,20.0,20,0,0,0,zero,
happo,shock,0,41,0,8,3.0,3,0,6,6,zero,
happo,shock,0,41,1,8,30.0,30,0,15,15,zero,
happo,shock,0,41,2,8,25.0,25,0,0,0,zero,
happo,shock,0,42,0,9,4.0,4,0,6,6,zero,
happo,shock,0,42,1,9,31.0,31,0,3,3,zero,
happo,shock,0,42,2,9,38.0,38,0,20,20,zero,
happo,shock,0,43,0,10,4.0,4,0,10,10,zero,
happo,shock,0,43,1,10,22.0,22,0,1,1,zero,
happo,shock,0,43,2,10,37.0,37,0,0,0,zero,
happo,shock,0,44,0,9,4.0,4,0,19,19,zero,
happo,shock,0,44,1,9,15.0,15,0,15,15,zero,
happo,shock,0,44,2,9,22.0,22,0,0,0,zero,
happo,shock,0,45,0,10,-0.0,0,0,9,9,zero,
happo,shock,0,45,1,10,21.0,21,0,15,15,zero,
happo,shock,0,45,2,10,7.0,7,0,1,1,zero,
happo,shock,0,46,0,10,4.0,0,4,6,6,zero,
happo,shock,0,46,1,10,18.0,18,0,15,15,zero,
happo,shock,0,46,2,10,12.0,12,0,20,20,zero,
happo,shock,0,47,0,10,4.0,0,4,6,6,zero,
happo,shock,0,47,1,10,13.0,13,0,3,3,zero,
happo,shock,0,47,2,10,9.0,9,0,20,20,zero,
happo,shock,0,48,0,10,5.0,5,0,10,10,zero,
happo,shock,0,48,1,10,18.0,18,0,1,1,zero,
happo,shock,0,48,2,10,8.0,8,0,0,0,zero,
happo,shock,0,49,0,12,2.0,2,0,19,19,zero,
happo,shock,0,49,1,12,14.0,14,0,5,5,zero,
happo,shock,0,49,2,12,4.0,4,0,0,0,zero,
happo,shock,0,50,0,11,3.0,0,3,9,9,zero,
happo,shock,0,50,1,11,20.0,20,0,15,15,zero,
happo,shock,0,50,2,11,9.0,9,0,0,0,zero,
happo,shock,0,51,0,13,10.0,0,10,10,10,zero,
happo,shock,0,51,1,13,13.0,13,0,15,15,zero,
happo,shock,0,51,2,13,14.0,14,0,0,0,zero,
happo,shock,0,52,0,12,12.0,0,12,10,10,zero,
happo,shock,0,52,1,12,4.0,4,0,15,15,zero,
happo,shock,0,52,2,12,1.0,0,1,20,20,zero,
happo,shock,0,53,0,11,4.0,0,4,10,10,zero,
happo,shock,0,53,1,11,1.0,0,1,3,3,zero,
happo,shock,0,53,2,11,4.0,0,4,20,20,zero,
happo,shock,0,54,0,11,6.0,0,6,19,19,zero,
happo,shock,0,54,1,11,5.0,0,5,15,15,zero,
happo,shock,0,54,2,11,19.0,0,19,0,0,zero,
happo,shock,0,55,0,10,6.0,0,6,10,10,zero,
happo,shock,0,55,1,10,-0.0,0,0,15,15,zero,
happo,shock,0,55,2,10,34.0,0,34,20,20,zero,
happo,shock,0,56,0,11,7.0,0,7,10,10,zero,
happo,shock,0,56,1,11,4.0,4,0,15,15,zero,
happo,shock,0,56,2,11,29.0,0,29,20,20,zero,
happo,shock,0,57,0,11,9.0,0,9,10,10,zero,
happo,shock,0,57,1,11,6.0,0,6,15,15,zero,
happo,shock,0,57,2,11,24.0,0,24,20,20,zero,
happo,shock,0,58,0,12,6.0,0,6,10,10,zero,
happo,shock,0,58,1,12,16.0,0,16,3,3,zero,
happo,shock,0,58,2,12,27.0,0,27,20,20,zero,
happo,shock,0,59,0,10,1.0,0,1,19,19,zero,
happo,shock,0,59,1,10,35.0,0,35,18,18,zero,
happo,shock,0,59,2,10,25.0,0,25,0,0,zero,
happo,shock,0,60,0,11,2.0,0,2,19,19,zero,
happo,shock,0,60,1,11,34.0,0,34,18,18,zero,
happo,shock,0,60,2,11,23.0,0,23,20,20,zero,
happo,shock,0,61,0,11,9.0,0,9,9,9,zero,
happo,shock,0,61,1,11,23.0,0,23,18,18,zero,
happo,shock,0,61,2,11,21.0,0,21,20,20,zero,
happo,shock,0,62,0,11,20.0,0,20,10,10,zero,
happo,shock,0,62,1,11,33.0,0,33,18,18,zero,
happo,shock,0,62,2,11,19.0,0,19,20,20,zero,
happo,shock,0,63,0,11,31.0,0,31,17,17,zero,
happo,shock,0,63,1,11,30.0,0,30,0,0,zero,
happo,shock,0,63,2,11,19.0,0,19,20,20,zero,
happo,shock,0,64,0,10,21.0,0,21,10,10,zero,
happo,shock,0,64,1,10,20.0,0,20,18,18,zero,
happo,shock,0,64,2,10,17.0,0,17,0,0,zero,
happo,shock,0,65,0,10,11.0,0,11,6,6,zero,
happo,shock,0,65,1,10,6.0,0,6,18,18,zero,
happo,shock,0,65,2,10,15.0,0,15,20,20,zero,
happo,shock,0,66,0,9,20.0,0,20,6,6,zero,
happo,shock,0,66,1,9,8.0,8,0,18,18,zero,
happo,shock,0,66,2,9,13.0,0,13,20,20,zero,
happo,shock,0,67,0,8,8.0,0,8,6,6,zero,
happo,shock,0,67,1,8,2.0,2,0,0,0,zero,
happo,shock,0,67,2,8,7.0,7,0,20,20,zero,
happo,shock,0,68,0,9,3.0,3,0,6,6,zero,
happo,shock,0,68,1,9,16.0,16,0,0,0,zero,
happo,shock,0,68,2,9,7.0,7,0,3,3,zero,
happo,shock,0,69,0,10,13.0,13,0,6,6,zero,
happo,shock,0,69,1,10,30.0,30,0,0,0,zero,
happo,shock,0,69,2,10,27.0,27,0,0,0,zero,
happo,shock,0,70,0,9,16.0,16,0,19,19,zero,
happo,shock,0,70,1,9,31.0,31,0,0,0,zero,
happo,shock,0,70,2,9,47.0,47,0,0,0,zero,
happo,shock,0,71,0,9,13.0,13,0,9,9,zero,
happo,shock,0,71,1,9,35.0,35,0,18,18,zero,
happo,shock,0,71,2,9,49.0,49,0,0,0,zero,
happo,shock,0,72,0,9,10.0,10,0,10,10,zero,
happo,shock,0,72,1,9,25.0,25,0,15,15,zero,
happo,shock,0,72,2,9,37.0,37,0,0,0,zero,
happo,shock,0,73,0,9,7.0,7,0,6,6,zero,
happo,shock,0,73,1,9,19.0,19,0,15,15,zero,
happo,shock,0,73,2,9,22.0,22,0,20,20,zero,
happo,shock,0,74,0,9,17.0,17,0,6,6,zero,
happo,shock,0,74,1,9,13.0,13,0,3,3,zero,
happo,shock,0,74,2,9,19.0,19,0,20,20,zero,
happo,shock,0,75,0,9,17.0,17,0,6,6,zero,
happo,shock,0,75,1,9,25.0,25,0,1,1,zero,
happo,shock,0,75,2,9,18.0,18,0,0,0,zero,
happo,shock,0,76,0,8,19.0,19,0,9,9,zero,
happo,shock,0,76,1,8,31.0,31,0,1,1,zero,
happo,shock,0,76,2,8,17.0,17,0,0,0,zero,
happo,shock,0,77,0,8,17.0,17,0,9,9,zero,
happo,shock,0,77,1,8,37.0,37,0,1,1,zero,
happo,shock,0,77,2,8,36.0,36,0,0,0,zero,
happo,shock,0,78,0,8,15.0,15,0,4,4,zero,
happo,shock,0,78,1,8,36.0,36,0,15,15,zero,
happo,shock,0,78,2,8,41.0,41,0,0,0,zero,
happo,shock,0,79,0,8,13.0,13,0,9,9,zero,
happo,shock,0,79,1,8,28.0,28,0,1,1,zero,
happo,shock,0,79,2,8,40.0,40,0,0,0,zero,
happo,shock,0,80,0,8,14.0,14,0,4,4,zero,
happo,shock,0,80,1,8,25.0,25,0,15,15,zero,
happo,shock,0,80,2,8,25.0,25,0,0,0,zero,
happo,shock,0,81,0,9,14.0,14,0,9,9,zero,
happo,shock,0,81,1,9,17.0,17,0,1,1,zero,
happo,shock,0,81,2,9,24.0,24,0,16,16,zero,
happo,shock,0,82,0,9,9.0,9,0,9,9,zero,
happo,shock,0,82,1,9,23.0,23,0,1,1,zero,
happo,shock,0,82,2,9,23.0,23,0,0,0,zero,
happo,shock,0,83,0,8,10.0,10,0,9,9,zero,
happo,shock,0,83,1,8,15.0,15,0,1,1,zero,
happo,shock,0,83,2,8,22.0,22,0,0,0,zero,
happo,shock,0,84,0,8,6.0,6,0,9,9,zero,
happo,shock,0,84,1,8,21.0,21,0,15,15,zero,
happo,shock,0,84,2,8,7.0,7,0,0,0,zero,
happo,shock,0,85,0,9,6.0,6,0,2,2,zero,
happo,shock,0,85,1,9,20.0,20,0,15,15,zero,
happo,shock,0,85,2,9,8.0,8,0,0,0,zero,
happo,shock,0,86,0,9,6.0,6,0,10,10,zero,
happo,shock,0,86,1,9,11.0,11,0,1,1,zero,
happo,shock,0,86,2,9,7.0,7,0,20,20,zero,
happo,shock,0,87,0,10,5.0,5,0,10,10,zero,
happo,shock,0,87,1,10,2.0,2,0,1,1,zero,
happo,shock,0,87,2,10,6.0,6,0,20,20,zero,
happo,shock,0,88,0,9,5.0,5,0,9,9,zero,
happo,shock,0,88,1,9,8.0,8,0,15,15,zero,
happo,shock,0,88,2,9,9.0,0,9,0,0,zero,
happo,shock,0,89,0,10,3.0,0,3,9,9,zero,
happo,shock,0,89,1,10,14.0,14,0,15,15,zero,
happo,shock,0,89,2,10,24.0,0,24,0,0,zero,
happo,shock,0,90,0,10,3.0,0,3,10,10,zero,
happo,shock,0,90,1,10,5.0,5,0,15,15,zero,
happo,shock,0,90,2,10,19.0,0,19,20,20,zero,
happo,shock,0,91,0,9,2.0,0,2,10,10,zero,
happo,shock,0,91,1,9,4.0,0,4,11,11,zero,
happo,shock,0,91,2,9,10.0,0,10,20,20,zero,
happo,shock,0,92,0,10,3.0,0,3,10,10,zero,
happo,shock,0,92,1,10,8.0,0,8,11,11,zero,
happo,shock,0,92,2,10,21.0,0,21,20,20,zero,
happo,shock,0,93,0,8,2.0,0,2,10,10,zero,
happo,shock,0,93,1,8,18.0,0,18,15,15,zero,
happo,shock,0,93,2,8,36.0,0,36,20,20,zero,
happo,shock,0,94,0,8,-0.0,0,0,10,10,zero,
happo,shock,0,94,1,8,8.0,0,8,15,15,zero,
happo,shock,0,94,2,8,31.0,0,31,17,17,zero,
happo,shock,0,95,0,8,2.0,0,2,6,6,zero,
happo,shock,0,95,1,8,6.0,6,0,15,15,zero,
happo,shock,0,95,2,8,26.0,0,26,20,20,zero,
happo,shock,0,96,0,9,5.0,0,5,6,6,zero,
happo,shock,0,96,1,9,-0.0,0,0,3,3,zero,
happo,shock,0,96,2,9,9.0,0,9,16,16,zero,
happo,shock,0,97,0,8,13.0,0,13,6,6,zero,
happo,shock,0,97,1,8,6.0,0,6,0,0,zero,
happo,shock,0,97,2,8,11.0,11,0,0,0,zero,
happo,shock,0,98,0,11,4.0,0,4,6,6,zero,
happo,shock,0,98,1,11,8.0,8,0,0,0,zero,
happo,shock,0,98,2,11,28.0,28,0,0,0,zero,
happo,shock,0,99,0,12,2.0,0,2,10,10,zero,
happo,shock,0,99,1,12,18.0,18,0,1,1,zero,
happo,shock,0,99,2,12,47.0,47,0,0,0,zero,
happo,shock,0,100,0,12,8.0,0,8,19,19,zero,100
happo,shock,0,100,1,12,19.0,19,0,12,12,zero,100
happo,shock,0,100,2,12,51.0,51,0,0,0,zero,100
happo,shock,0,101,0,11,19.0,0,19,10,10,zero,100
happo,shock,0,101,1,11,18.0,18,0,18,18,zero,100
happo,shock,0,101,2,11,33.0,33,0,1,1,zero,100
happo,shock,0,102,0,11,18.0,0,18,19,19,zero,100
happo,shock,0,102,1,11,1.0,0,1,15,15,zero,100
happo,shock,0,102,2,11,18.0,18,0,20,20,zero,100
happo,shock,0,103,0,11,19.0,0,19,10,10,zero,100
happo,shock,0,103,1,11,10.0,0,10,18,18,zero,100
happo,shock,0,103,2,11,-0.0,0,0,20,20,zero,100
happo,shock,0,104,0,11,11.0,0,11,10,10,zero,100
happo,shock,0,104,1,11,8.0,0,8,15,15,zero,100
happo,shock,0,104,2,11,15.0,0,15,20,20,zero,100
happo,shock,0,105,0,11,12.0,0,12,10,10,zero,100
happo,shock,0,105,1,11,-0.0,0,0,18,18,zero,100
happo,shock,0,105,2,11,32.0,0,32,20,20,zero,100
happo,shock,0,106,0,11,5.0,0,5,10,10,zero,100
happo,shock,0,106,1,11,5.0,5,0,18,18,zero,100
happo,shock,0,106,2,11,30.0,0,30,20,20,zero,100
happo,shock,0,107,0,9,13.0,0,13,19,19,zero,100
happo,shock,0,107,1,9,4.0,4,0,15,15,zero,100
happo,shock,0,107,2,9,25.0,0,25,20,20,zero,100
happo,shock,0,108,0,9,10.0,0,10,6,6,zero,100
happo,shock,0,108,1,9,2.0,0,2,18,18,zero,100
happo,shock,0,108,2,9,23.0,0,23,16,16,zero,100
happo,shock,0,109,0,9,1.0,0,1,10,10,zero,100
happo,shock,0,109,1,9,11.0,0,11,3,3,zero,100
happo,shock,0,109,2,9,6.0,0,6,20,20,zero,100
happo,shock,0,110,0,9,-0.0,0,0,10,10,zero,100
happo,shock,0,110,1,9,1.0,0,1,0,0,zero,100
happo,shock,0,110,2,9,14.0,14,0,16,16,zero,100
happo,shock,0,111,0,11,8.0,8,0,6,6,zero,100
happo,shock,0,111,1,11,13.0,13,0,18,18,zero,100
happo,shock,0,111,2,11,16.0,16,0,0,0,zero,100
happo,shock,0,112,0,11,1.0,1,0,19,19,zero,100
happo,shock,0,112,1,11,14.0,14,0,0,0,zero,100
happo,shock,0,112,2,11,32.0,32,0,1,1,zero,100
happo,shock,0,113,0,9,7.0,0,7,6,6,zero,100
happo,shock,0,113,1,9,28.0,28,0,18,18,zero,100
happo,shock,0,113,2,9,34.0,34,0,0,0,zero,100
happo,shock,0,114,0,11,2.0,2,0,6,6,zero,100
happo,shock,0,114,1,11,28.0,28,0,3,3,zero,100
happo,shock,0,114,2,11,47.0,47,0,1,1,zero,100
happo,shock,0,115,0,9,-0.0,0,0,6,6,zero,100
happo,shock,0,115,1,9,40.0,40,0,1,1,zero,100
happo,shock,0,115,2,9,46.0,46,0,0,0,zero,100
happo,shock,0,116,0,8,11.0,11,0,10,10,zero,100
happo,shock,0,116,1,8,30.0,30,0,1,1,zero,100
happo,shock,0,116,2,8,46.0,46,0,0,0,zero,100
happo,shock,0,117,0,8,9.0,9,0,6,6,zero,100
happo,shock,0,117,1,8,42.0,42,0,1,1,zero,100
happo,shock,0,117,2,8,45.0,45,0,0,0,zero,100
happo,shock,0,118,0,8,7.0,7,0,19,19,zero,100
happo,shock,0,118,1,8,26.0,26,0,1,1,zero,100
happo,shock,0,118,2,8,45.0,45,0,0,0,zero,100
happo,shock,0,119,0,6,7.0,7,0,6,6,zero,100
happo,shock,0,119,1,6,21.0,21,0,15,15,zero,100
happo,shock,0,119,2,6,30.0,30,0,0,0,zero,100
happo,shock,0,120,0,5,12.0,12,0,2,2,zero,100
happo,shock,0,120,1,5,20.0,20,0,15,15,zero,100
happo,shock,0,120,2,5,15.0,15,0,0,0,zero,100
happo,shock,0,121,0,5,13.0,13,0,0,0,zero,100
happo,shock,0,121,1,5,21.0,21,0,1,1,zero,100
happo,shock,0,121,2,5,14.0,14,0,20,20,zero,100
happo,shock,0,122,0,3,29.0,29,0,0,0,zero,100
happo,shock,0,122,1,3,22.0,22,0,0,0,zero,100
happo,shock,0,122,2,3,14.0,14,0,3,3,zero,100
happo,shock,0,123,0,3,32.0,32,0,0,0,zero,100
happo,shock,0,123,1,3,37.0,37,0,0,0,zero,100
happo,shock,0,123,2,3,14.0,14,0,0,0,zero,100
happo,shock,0,124,0,5,29.0,29,0,0,0,zero,100
happo,shock,0,124,1,5,52.0,52,0,0,0,zero,100
happo,shock,0,124,2,5,14.0,14,0,0,0,zero,100
happo,shock,0,125,0,5,24.0,24,0,0,0,zero,100
happo,shock,0,125,1,5,53.0,53,0,0,0,zero,100
happo,shock,0,125,2,5,34.0,34,0,0,0,zero,100
happo,shock,0,126,0,5,19.0,19,0,2,2,zero,100
happo,shock,0,126,1,5,51.0,51,0,0,0,zero,100
happo,shock,0,126,2,5,37.0,37,0,0,0,zero,100
happo,shock,0,127,0,5,14.0,14,0,9,9,zero,100
happo,shock,0,127,1,5,42.0,42,0,0,0,zero,100
happo,shock,0,127,2,5,37.0,37,0,0,0,zero,100
happo,shock,0,128,0,3,11.0,11,0,2,2,zero,100
happo,shock,0,128,1,3,40.0,40,0,1,1,zero,100
happo,shock,0,128,2,3,36.0,36,0,0,0,zero,100
happo,shock,0,129,0,3,8.0,8,0,2,2,zero,100
happo,shock,0,129,1,3,38.0,38,0,1,1,zero,100
happo,shock,0,129,2,3,35.0,35,0,0,0,zero,100
happo,shock,0,130,0,3,7.0,7,0,0,0,zero,100
happo,shock,0,130,1,3,38.0,38,0,1,1,zero,100
happo,shock,0,130,2,3,34.0,34,0,0,0,zero,100
happo,shock,0,131,0,2,14.0,14,0,0,0,zero,100
happo,shock,0,131,1,2,38.0,38,0,1,1,zero,100
happo,shock,0,131,2,2,33.0,33,0,0,0,zero,100
happo,shock,0,132,0,2,14.0,14,0,0,0,zero,100
happo,shock,0,132,1,2,39.0,39,0,0,0,zero,100
happo,shock,0,132,2,2,33.0,33,0,0,0,zero,100
happo,shock,0,133,0,2,14.0,14,0,0,0,zero,100
happo,shock,0,133,1,2,40.0,40,0,0,0,zero,100
happo,shock,0,133,2,2,33.0,33,0,0,0,zero,100
happo,shock,0,134,0,3,11.0,11,0,0,0,zero,100
happo,shock,0,134,1,3,41.0,41,0,0,0,zero,100
happo,shock,0,134,2,3,33.0,33,0,0,0,zero,100
happo,shock,0,135,0,2,9.0,9,0,2,2,zero,100
happo,shock,0,135,1,2,40.0,40,0,0,0,zero,100
happo,shock,0,135,2,2,33.0,33,0,0,0,zero,100
happo,shock,0,136,0,3,6.0,6,0,0,0,zero,100
happo,shock,0,136,1,3,40.0,40,0,0,0,zero,100
happo,shock,0,136,2,3,33.0,33,0,0,0,zero,100
happo,shock,0,137,0,3,3.0,3,0,9,9,zero,100
happo,shock,0,137,1,3,31.0,31,0,0,0,zero,100
happo,shock,0,137,2,3,33.0,33,0,0,0,zero,100
happo,shock,0,138,0,2,1.0,1,0,2,2,zero,100
happo,shock,0,138,1,2,29.0,29,0,1,1,zero,100
happo,shock,0,138,2,2,32.0,32,0,0,0,zero,100
happo,shock,0,139,0,2,1.0,1,0,0,0,zero,100
happo,shock,0,139,1,2,29.0,29,0,1,1,zero,100
happo,shock,0,139,2,2,31.0,31,0,0,0,zero,100
happo,shock,0,140,0,3,2.0,0,2,0,0,zero,100
happo,shock,0,140,1,3,29.0,29,0,1,1,zero,100
happo,shock,0,140,2,3,30.0,30,0,0,0,zero,100
happo,shock,0,141,0,2,5.0,5,0,6,6,zero,100
happo,shock,0,141,1,2,23.0,23,0,0,0,zero,100
happo,shock,0,141,2,2,30.0,30,0,0,0,zero,100
happo,shock,0,142,0,3,4.0,4,0,0,0,zero,100
happo,shock,0,142,1,3,24.0,24,0,1,1,zero,100
happo,shock,0,142,2,3,29.0,29,0,0,0,zero,100
happo,shock,0,143,0,3,1.0,1,0,6,6,zero,100
happo,shock,0,143,1,3,19.0,19,0,1,1,zero,100
happo,shock,0,143,2,3,28.0,28,0,0,0,zero,100
happo,shock,0,144,0,3,2.0,0,2,2,2,zero,100
happo,shock,0,144,1,3,18.0,18,0,1,1,zero,100
happo,shock,0,144,2,3,27.0,27,0,0,0,zero,100
happo,shock,0,145,0,2,2.0,2,0,2,2,zero,100
happo,shock,0,145,1,2,16.0,16,0,1,1,zero,100
happo,shock,0,145,2,2,26.0,26,0,0,0,zero,100
happo,shock,0,146,0,2,-0.0,0,0,0,0,zero,100
happo,shock,0,146,1,2,17.0,17,0,1,1,zero,100
happo,shock,0,146,2,2,25.0,25,0,0,0,zero,100
happo,shock,0,147,0,2,4.0,4,0,2,2,zero,100
happo,shock,0,147,1,2,16.0,16,0,1,1,zero,100
happo,shock,0,147,2,2,24.0,24,0,0,0,zero,100
happo,shock,0,148,0,2,4.0,4,0,0,0,zero,100
happo,shock,0,148,1,2,17.0,17,0,1,1,zero,100
happo,shock,0,148,2,2,23.0,23,0,0,0,zero,100
happo,shock,0,149,0,2,4.0,4,0,2,2,zero,100
happo,shock,0,149,1,2,16.0,16,0,0,0,zero,100
happo,shock,0,149,2,2,23.0,23,0,0,0,zero,100
happo,shock,0,150,0,3,1.0,1,0,0,0,zero,100
happo,shock,0,150,1,3,17.0,17,0,0,0,zero,100
happo,shock,0,150,2,3,23.0,23,0,0,0,zero,100
happo,shock,0,151,0,3,-0.0,0,0,6,6,zero,100
happo,shock,0,151,1,3,12.0,12,0,0,0,zero,100
happo,shock,0,151,2,3,23.0,23,0,0,0,zero,100
happo,shock,0,152,0,3,3.0,0,3,2,2,zero,100
happo,shock,0,152,1,3,11.0,11,0,1,1,zero,100
happo,shock,0,152,2,3,22.0,22,0,0,0,zero,100
happo,shock,0,153,0,3,4.0,0,4,6,6,zero,100
happo,shock,0,153,1,3,5.0,5,0,1,1,zero,100
happo,shock,0,153,2,3,21.0,21,0,0,0,zero,100
happo,shock,0,154,0,3,7.0,0,7,2,2,zero,100
happo,shock,0,154,1,3,3.0,3,0,15,15,zero,100
happo,shock,0,154,2,3,6.0,6,0,0,0,zero,100
happo,shock,0,155,0,4,5.0,0,5,6,6,zero,100
happo,shock,0,155,1,4,3.0,0,3,1,1,zero,100
happo,shock,0,155,2,4,5.0,5,0,1,1,zero,100
happo,shock,0,156,0,3,6.0,0,6,10,10,zero,100
happo,shock,0,156,1,3,12.0,0,12,15,15,zero,100
happo,shock,0,156,2,3,10.0,0,10,20,20,zero,100
happo,shock,0,157,0,3,3.0,0,3,10,10,zero,100
happo,shock,0,157,1,3,21.0,0,21,15,15,zero,100
happo,shock,0,157,2,3,25.0,0,25,20,20,zero,100
happo,shock,0,158,0,3,4.0,0,4,10,10,zero,100
happo,shock,0,158,1,3,16.0,0,16,15,15,zero,100
happo,shock,0,158,2,3,40.0,0,40,20,20,zero,100
happo,shock,0,159,0,3,4.0,0,4,6,6,zero,100
happo,shock,0,159,1,3,21.0,0,21,15,15,zero,100
happo,shock,0,159,2,3,54.0,0,54,20,20,zero,100
happo,shock,0,160,0,3,6.0,0,6,6,6,zero,100
happo,shock,0,160,1,3,22.0,0,22,15,15,zero,100
happo,shock,0,160,2,3,49.0,0,49,20,20,zero,100
happo,shock,0,161,0,4,9.0,0,9,6,6,zero,100
happo,shock,0,161,1,4,28.0,0,28,11,11,zero,100
happo,shock,0,161,2,4,40.0,0,40,20,20,zero,100
happo,shock,0,162,0,4,2.0,2,0,6,6,zero,100
happo,shock,0,162,1,4,34.0,0,34,0,0,zero,100
happo,shock,0,162,2,4,20.0,0,20,20,20,zero,100
happo,shock,0,163,0,4,1.0,0,1,10,10,zero,100
happo,shock,0,163,1,4,43.0,0,43,0,0,zero,100
happo,shock,0,163,2,4,-0.0,0,0,0,0,zero,100
happo,shock,0,164,0,3,1.0,1,0,10,10,zero,100
happo,shock,0,164,1,3,33.0,0,33,0,0,zero,100
happo,shock,0,164,2,3,20.0,20,0,0,0,zero,100
happo,shock,0,165,0,3,2.0,0,2,6,6,zero,100
happo,shock,0,165,1,3,19.0,0,19,0,0,zero,100
happo,shock,0,165,2,3,40.0,40,0,0,0,zero,100
happo,shock,0,166,0,3,5.0,0,5,2,2,zero,100
happo,shock,0,166,1,3,1.0,0,1,18,18,zero,100
happo,shock,0,166,2,3,42.0,42,0,0,0,zero,100
happo,shock,0,167,0,3,7.0,0,7,0,0,zero,100
happo,shock,0,167,1,3,19.0,19,0,0,0,zero,100
happo,shock,0,167,2,3,42.0,42,0,1,1,zero,100
happo,shock,0,168,0,3,10.0,10,0,0,0,zero,100
happo,shock,0,168,1,3,19.0,19,0,0,0,zero,100
happo,shock,0,168,2,3,42.0,42,0,0,0,zero,100
happo,shock,0,169,0,3,27.0,27,0,0,0,zero,100
happo,shock,0,169,1,3,19.0,19,0,0,0,zero,100
happo,shock,0,169,2,3,42.0,42,0,0,0,zero,100
happo,shock,0,170,0,3,44.0,44,0,0,0,zero,100
happo,shock,0,170,1,3,37.0,37,0,0,0,zero,100
happo,shock,0,170,2,3,42.0,42,0,0,0,zero,100
happo,shock,0,171,0,3,42.0,42,0,0,0,zero,100
happo,shock,0,171,1,3,37.0,37,0,0,0,zero,100
happo,shock,0,171,2,3,43.0,43,0,0,0,zero,100
happo,shock,0,172,0,3,39.0,39,0,0,0,zero,100
happo,shock,0,172,1,3,37.0,37,0,0,0,zero,100
happo,shock,0,172,2,3,43.0,43,0,0,0,zero,100
happo,shock,0,173,0,3,36.0,36,0,0,0,zero,100
happo,shock,0,173,1,3,37.0,37,0,0,0,zero,100
happo,shock,0,173,2,3,43.0,43,0,0,0,zero,100
happo,shock,0,174,0,3,33.0,33,0,0,0,zero,100
happo,shock,0,174,1,3,37.0,37,0,0,0,zero,100
happo,shock,0,174,2,3,43.0,43,0,0,0,zero,100
happo,shock,0,175,0,3,30.0,30,0,0,0,zero,100
happo,shock,0,175,1,3,37.0,37,0,0,0,zero,100
happo,shock,0,175,2,3,43.0,43,0,0,0,zero,100
happo,shock,0,176,0,2,28.0,28,0,0,0,zero,100
happo,shock,0,176,1,2,37.0,37,0,0,0,zero,100
happo,shock,0,176,2,2,43.0,43,0,0,0,zero,100
happo,shock,0,177,0,3,25.0,25,0,0,0,zero,100
happo,shock,0,177,1,3,37.0,37,0,0,0,zero,100
happo,shock,0,177,2,3,43.0,43,0,0,0,zero,100
happo,shock,0,178,0,3,22.0,22,0,0,0,zero,100
happo,shock,0,178,1,3,37.0,37,0,0,0,zero,100
happo,shock,0,178,2,3,43.0,43,0,0,0,zero,100
happo,shock,0,179,0,3,19.0,19,0,0,0,zero,100
happo,shock,0,179,1,3,37.0,37,0,0,0,zero,100
happo,shock,0,179,2,3,43.0,43,0,0,0,zero,100
happo,shock,0,180,0,3,16.0,16,0,0,0,zero,100
happo,shock,0,180,1,3,37.0,37,0,0,0,zero,100
happo,shock,0,180,2,3,43.0,43,0,0,0,zero,100
happo,shock,0,181,0,3,13.0,13,0,2,2,zero,100
happo,shock,0,181,1,3,35.0,35,0,0,0,zero,100
happo,shock,0,181,2,3,43.0,43,0,0,0,zero,100
happo,shock,0,182,0,3,10.0,10,0,2,2,zero,100
happo,shock,0,182,1,3,33.0,33,0,0,0,zero,100
happo,shock,0,182,2,3,43.0,43,0,0,0,zero,100
happo,shock,0,183,0,3,7.0,7,0,2,2,zero,100
happo,shock,0,183,1,3,31.0,31,0,0,0,zero,100
happo,shock,0,183,2,3,43.0,43,0,0,0,zero,100
happo,shock,0,184,0,4,3.0,3,0,2,2,zero,100
happo,shock,0,184,1,4,29.0,29,0,1,1,zero,100
happo,shock,0,184,2,4,42.0,42,0,0,0,zero,100
happo,shock,0,185,0,4,1.0,1,0,9,9,zero,100
happo,shock,0,185,1,4,20.0,20,0,1,1,zero,100
happo,shock,0,185,2,4,41.0,41,0,0,0,zero,100
happo,shock,0,186,0,4,1.0,0,1,2,2,zero,100
happo,shock,0,186,1,4,18.0,18,0,1,1,zero,100
happo,shock,0,186,2,4,40.0,40,0,0,0,zero,100
happo,shock,0,187,0,5,4.0,0,4,2,2,zero,100
happo,shock,0,187,1,5,16.0,16,0,1,1,zero,100
happo,shock,0,187,2,5,39.0,39,0,0,0,zero,100
happo,shock,0,188,0,5,7.0,0,7,6,6,zero,100
happo,shock,0,188,1,5,11.0,11,0,1,1,zero,100
happo,shock,0,188,2,5,38.0,38,0,0,0,zero,100
happo,shock,0,189,0,4,2.0,0,2,6,6,zero,100
happo,shock,0,189,1,4,6.0,6,0,15,15,zero,100
happo,shock,0,189,2,4,23.0,23,0,0,0,zero,100
happo,shock,0,190,0,4,4.0,0,4,6,6,zero,100
happo,shock,0,190,1,4,1.0,1,0,1,1,zero,100
happo,shock,0,190,2,4,22.0,22,0,0,0,zero,100
happo,shock,0,191,0,4,6.0,0,6,6,6,zero,100
happo,shock,0,191,1,4,4.0,0,4,15,15,zero,100
happo,shock,0,191,2,4,7.0,7,0,0,0,zero,100
happo,shock,0,192,0,4,4.0,0,4,6,6,zero,100
happo,shock,0,192,1,4,9.0,0,9,1,1,zero,100
happo,shock,0,192,2,4,6.0,6,0,20,20,zero,100
happo,shock,0,193,0,5,3.0,0,3,10,10,zero,100
happo,shock,0,193,1,5,4.0,0,4,15,15,zero,100
happo,shock,0,193,2,5,9.0,0,9,3,3,zero,100
happo,shock,0,194,0,5,2.0,0,2,6,6,zero,100
happo,shock,0,194,1,5,9.0,0,9,15,15,zero,100
happo,shock,0,194,2,5,24.0,0,24,20,20,zero,100
happo,shock,0,195,0,5,5.0,0,5,6,6,zero,100
happo,shock,0,195,1,5,-0.0,0,0,15,15,zero,100
happo,shock,0,195,2,5,39.0,0,39,20,20,zero,100
happo,shock,0,196,0,4,8.0,0,8,0,0,zero,100
happo,shock,0,196,1,4,1.0,1,0,15,15,zero,100
happo,shock,0,196,2,4,34.0,0,34,20,20,zero,100
happo,shock,0,197,0,4,3.0,3,0,6,6,zero,100
happo,shock,0,197,1,4,1.0,1,0,3,3,zero,100
happo,shock,0,197,2,4,34.0,0,34,20,20,zero,100
happo,shock,0,198,0,5,1.0,0,1,0,0,zero,100
happo,shock,0,198,1,5,1.0,1,0,15,15,zero,100
happo,shock,0,198,2,5,29.0,0,29,0,0,zero,100
happo,shock,0,199,0,6,8.0,8,0,6,6,zero,100
happo,shock,0,199,1,6,5.0,0,5,0,0,zero,100
happo,shock,0,199,2,6,9.0,0,9,20,20,zero,100
happo,shock,0,200,0,6,2.0,2,0,10,10,zero,100
happo,shock,0,200,1,6,5.0,5,0,0,0,zero,100
happo,shock,0,200,2,6,11.0,11,0,16,16,zero,100
happo,shock,1,1,0,10,10.0,10,0,10,10,zero,
happo,shock,1,1,1,10,10.0,10,0,15,15,zero,
happo,shock,1,1,2,10,5.0,5,0,0,0,zero,
happo,shock,1,2,0,10,10.0,10,0,10,10,zero,
happo,shock,1,2,1,10,10.0,10,0,1,1,zero,
happo,shock,1,2,2,10,14.0,14,0,20,20,zero,
happo,shock,1,3,0,10,10.0,10,0,10,10,zero,
happo,shock,1,3,1,10,10.0,10,0,15,15,zero,
happo,shock,1,3,2,10,9.0,9,0,3,3,zero,
happo,shock,1,4,0,10,10.0,10,0,10,10,zero,
happo,shock,1,4,1,10,10.0,10,0,15,15,zero,
happo,shock,1,4,2,10,4.0,4,0,20,20,zero,
happo,shock,1,5,0,10,10.0,10,0,9,9,zero,
happo,shock,1,5,1,10,16.0,16,0,15,15,zero,
happo,shock,1,5,2,10,11.0,0,11,20,20,zero,
happo,shock,1,6,0,10,10.0,10,0,9,9,zero,
happo,shock,1,6,1,10,8.0,8,0,15,15,zero,
happo,shock,1,6,2,10,6.0,0,6,20,20,zero,
happo,shock,1,7,0,11,9.0,9,0,9,9,zero,
happo,shock,1,7,1,11,14.0,14,0,3,3,zero,
happo,shock,1,7,2,11,6.0,0,6,20,20,zero,
happo,shock,1,8,0,14,5.0,5,0,19,19,zero,
happo,shock,1,8,1,14,10.0,10,0,5,5,zero,
happo,shock,1,8,2,14,9.0,9,0,0,0,zero,
happo,shock,1,9,0,14,-0.0,0,0,9,9,zero,
happo,shock,1,9,1,14,5.0,5,0,15,15,zero,
happo,shock,1,9,2,14,14.0,14,0,0,0,zero,
happo,shock,1,10,0,16,7.0,0,7,19,19,zero,
happo,shock,1,10,1,16,6.0,6,0,15,15,zero,
happo,shock,1,10,2,16,19.0,19,0,1,1,zero,
happo,shock,1,11,0,16,14.0,0,14,10,10,zero,
happo,shock,1,11,1,16,1.0,0,1,15,15,zero,
happo,shock,1,11,2,16,24.0,24,0,20,20,zero,
happo,shock,1,12,0,15,10.0,0,10,19,19,zero,
happo,shock,1,12,1,15,9.0,0,9,15,15,zero,
happo,shock,1,12,2,15,9.0,9,0,20,20,zero,
happo,shock,1,13,0,14,15.0,0,15,19,19,zero,
happo,shock,1,13,1,14,13.0,0,13,18,18,zero,
happo,shock,1,13,2,14,9.0,0,9,20,20,zero,
happo,shock,1,14,0,14,10.0,0,10,10,10,zero,
happo,shock,1,14,1,14,8.0,0,8,18,18,zero,
happo,shock,1,14,2,14,26.0,0,26,20,20,zero,
happo,shock,1,15,0,17,18.0,0,18,19,19,zero,
happo,shock,1,15,1,17,12.0,0,12,18,18,zero,
happo,shock,1,15,2,17,24.0,0,24,20,20,zero,
happo,shock,1,16,0,16,23.0,0,23,19,19,zero,
happo,shock,1,16,1,16,16.0,0,16,18,18,zero,
happo,shock,1,16,2,16,22.0,0,22,17,17,zero,
happo,shock,1,17,0,18,26.0,0,26,19,19,zero,
happo,shock,1,17,1,18,26.0,0,26,18,18,zero,
happo,shock,1,17,2,18,20.0,0,20,20,20,zero,
happo,shock,1,18,0,17,28.0,0,28,19,19,zero,
happo,shock,1,18,1,17,44.0,0,44,18,18,zero,
happo,shock,1,18,2,17,18.0,0,18,20,20,zero,
happo,shock,1,19,0,18,31.0,0,31,19,19,zero,
happo,shock,1,19,1,18,43.0,0,43,18,18,zero,
happo,shock,1,19,2,18,16.0,0,16,20,20,zero,
happo,shock,1,20,0,17,33.0,0,33,10,10,zero,
happo,shock,1,20,1,17,33.0,0,33,18,18,zero,
happo,shock,1,20,2,17,17.0,0,17,20,20,zero,
happo,shock,1,21,0,18,42.0,0,42,19,19,zero,
happo,shock,1,21,1,18,32.0,0,32,3,3,zero,
happo,shock,1,21,2,18,-0.0,0,0,20,20,zero,
happo,shock,1,22,0,18,59.0,0,59,19,19,zero,
happo,shock,1,22,1,18,31.0,0,31,18,18,zero,
happo,shock,1,22,2,18,2.0,2,0,16,16,zero,
happo,shock,1,23,0,15,54.0,0,54,17,17,zero,
happo,shock,1,23,1,15,28.0,0,28,18,18,zero,
happo,shock,1,23,2,15,4.0,4,0,1,1,zero,
happo,shock,1,24,0,14,48.0,0,48,10,10,zero,
happo,shock,1,24,1,14,21.0,0,21,18,18,zero,
happo,shock,1,24,2,14,6.0,6,0,16,16,zero,
happo,shock,1,25,0,13,41.0,0,41,10,10,zero,
happo,shock,1,25,1,13,11.0,0,11,18,18,zero,
happo,shock,1,25,2,13,8.0,8,0,20,20,zero,
happo,shock,1,26,0,13,34.0,0,34,10,10,zero,
happo,shock,1,26,1,13,3.0,0,3,18,18,zero,
happo,shock,1,26,2,13,6.0,6,0,20,20,zero,
happo,shock,1,27,0,11,25.0,0,25,10,10,zero,
happo,shock,1,27,1,11,5.0,5,0,18,18,zero,
happo,shock,1,27,2,11,11.0,0,11,20,20,zero,
happo,shock,1,28,0,10,18.0,0,18,10,10,zero,
happo,shock,1,28,1,10,13.0,13,0,18,18,zero,
happo,shock,1,28,2,10,13.0,0,13,20,20,zero,
happo,shock,1,29,0,8,6.0,0,6,10,10,zero,
happo,shock,1,29,1,8,21.0,21,0,12,12,zero,
happo,shock,1,29,2,8,5.0,0,5,16,16,zero,
happo,shock,1,30,0,8,4.0,4,0,6,6,zero,
happo,shock,1,30,1,8,33.0,33,0,0,0,zero,
happo,shock,1,30,2,8,15.0,15,0,16,16,zero,
happo,shock,1,31,0,8,9.0,9,0,10,10,zero,
happo,shock,1,31,1,8,30.0,30,0,0,0,zero,
happo,shock,1,31,2,8,35.0,35,0,0,0,zero,
happo,shock,1,32,0,8,11.0,11,0,6,6,zero,
happo,shock,1,32,1,8,40.0,40,0,12,12,zero,
happo,shock,1,32,2,8,43.0,43,0,0,0,zero,
happo,shock,1,33,0,7,14.0,14,0,10,10,zero,
happo,shock,1,33,1,7,50.0,50,0,1,1,zero,
happo,shock,1,33,2,7,58.0,58,0,0,0,zero,
happo,shock,1,34,0,8,12.0,12,0,6,6,zero,
happo,shock,1,34,1,8,49.0,49,0,12,12,zero,
happo,shock,1,34,2,8,62.0,62,0,0,0,zero,
happo,shock,1,35,0,7,15.0,15,0,9,9,zero,
happo,shock,1,35,1,7,40.0,40,0,1,1,zero,
happo,shock,1,35,2,7,61.0,61,0,0,0,zero,
happo,shock,1,36,0,8,13.0,13,0,6,6,zero,
happo,shock,1,36,1,8,46.0,46,0,1,1,zero,
happo,shock,1,36,2,8,60.0,60,0,0,0,zero,
happo,shock,1,37,0,7,16.0,16,0,9,9,zero,
happo,shock,1,37,1,7,38.0,38,0,1,1,zero,
happo,shock,1,37,2,7,59.0,59,0,0,0,zero,
happo,shock,1,38,0,7,15.0,15,0,4,4,zero,
happo,shock,1,38,1,7,46.0,46,0,1,1,zero,
happo,shock,1,38,2,7,58.0,58,0,0,0,zero,
happo,shock,1,39,0,7,17.0,17,0,9,9,zero,
happo,shock,1,39,1,7,38.0,38,0,1,1,zero,
happo,shock,1,39,2,7,57.0,57,0,0,0,zero,
happo,shock,1,40,0,7,16.0,16,0,2,2,zero,
happo,shock,1,40,1,7,37.0,37,0,15,15,zero,
happo,shock,1,40,2,7,42.0,42,0,0,0,zero,
happo,shock,1,41,0,6,19.0,19,0,9,9,zero,
happo,shock,1,41,1,6,29.0,29,0,1,1,zero,
happo,shock,1,41,2,6,41.0,41,0,0,0,zero,
happo,shock,1,42,0,6,17.0,17,0,3,3,zero,
happo,shock,1,42,1,6,27.0,27,0,1,1,zero,
happo,shock,1,42,2,6,40.0,40,0,0,0,zero,
happo,shock,1,43,0,6,20.0,20,0,3,3,zero,
happo,shock,1,43,1,6,25.0,25,0,1,1,zero,
happo,shock,1,43,2,6,39.0,39,0,0,0,zero,
happo,shock,1,44,0,5,17.0,17,0,2,2,zero,
happo,shock,1,44,1,5,38.0,38,0,1,1,zero,
happo,shock,1,44,2,5,38.0,38,0,0,0,zero,
happo,shock,1,45,0,5,21.0,21,0,2,2,zero,
happo,shock,1,45,1,5,37.0,37,0,0,0,zero,
happo,shock,1,45,2,5,38.0,38,0,0,0,zero,
happo,shock,1,46,0,5,19.0,19,0,2,2,zero,
happo,shock,1,46,1,5,36.0,36,0,0,0,zero,
happo,shock,1,46,2,5,38.0,38,0,0,0,zero,
happo,shock,1,47,0,5,17.0,17,0,2,2,zero,
happo,shock,1,47,1,5,35.0,35,0,0,0,zero,
happo,shock,1,47,2,5,38.0,38,0,0,0,zero,
happo,shock,1,48,0,6,13.0,13,0,3,3,zero,
happo,shock,1,48,1,6,33.0,33,0,0,0,zero,
happo,shock,1,48,2,6,38.0,38,0,0,0,zero,
happo,shock,1,49,0,6,9.0,9,0,9,9,zero,
happo,shock,1,49,1,6,24.0,24,0,1,1,zero,
happo,shock,1,49,2,6,37.0,37,0,0,0,zero,
happo,shock,1,50,0,6,5.0,5,0,3,3,zero,
happo,shock,1,50,1,6,21.0,21,0,1,1,zero,
happo,shock,1,50,2,6,36.0,36,0,0,0,zero,
happo,shock,1,51,0,6,1.0,1,0,9,9,zero,
happo,shock,1,51,1,6,12.0,12,0,11,11,zero,
happo,shock,1,51,2,6,25.0,25,0,0,0,zero,
happo,shock,1,52,0,7,3.0,0,3,3,3,zero,
happo,shock,1,52,1,7,9.0,9,0,15,15,zero,
happo,shock,1,52,2,7,10.0,10,0,0,0,zero,
happo,shock,1,53,0,7,1.0,0,1,9,9,zero,
happo,shock,1,53,1,7,1.0,1,0,1,1,zero,
happo,shock,1,53,2,7,9.0,9,0,20,20,zero,
happo,shock,1,54,0,7,5.0,0,5,6,6,zero,
happo,shock,1,54,1,7,4.0,0,4,11,11,zero,
happo,shock,1,54,2,7,2.0,0,2,3,3,zero,
happo,shock,1,55,0,6,2.0,0,2,19,19,zero,
happo,shock,1,55,1,6,12.0,0,12,11,11,zero,
happo,shock,1,55,2,6,13.0,0,13,20,20,zero,
happo,shock,1,56,0,6,5.0,0,5,6,6,zero,
happo,shock,1,56,1,6,3.0,0,3,15,15,zero,
happo,shock,1,56,2,6,28.0,0,28,20,20,zero,
happo,shock,1,57,0,6,2.0,0,2,2,2,zero,
happo,shock,1,57,1,6,4.0,0,4,15,15,zero,
happo,shock,1,57,2,6,23.0,0,23,20,20,zero,
happo,shock,1,58,0,6,6.0,0,6,2,2,zero,
happo,shock,1,58,1,6,3.0,3,0,3,3,zero,
happo,shock,1,58,2,6,23.0,0,23,20,20,zero,
happo,shock,1,59,0,7,2.0,0,2,6,6,zero,
happo,shock,1,59,1,7,3.0,0,3,0,0,zero,
happo,shock,1,59,2,7,3.0,0,3,0,0,zero,
happo,shock,1,60,0,7,6.0,6,0,10,10,zero,
happo,shock,1,60,1,7,13.0,0,13,0,0,zero,
happo,shock,1,60,2,7,17.0,17,0,0,0,zero,
happo,shock,1,61,0,6,1.0,1,0,19,19,zero,
happo,shock,1,61,1,6,12.0,0,12,12,12,zero,
happo,shock,1,61,2,6,25.0,25,0,0,0,zero,
happo,shock,1,62,0,6,1.0,1,0,10,10,zero,
happo,shock,1,62,1,6,19.0,0,19,18,18,zero,
happo,shock,1,62,2,6,27.0,27,0,0,0,zero,
happo,shock,1,63,0,8,4.0,0,4,6,6,zero,
happo,shock,1,63,1,8,5.0,0,5,18,18,zero,
happo,shock,1,63,2,8,9.0,9,0,20,20,zero,
happo,shock,1,64,0,9,13.0,0,13,0,0,zero,
happo,shock,1,64,1,9,2.0,0,2,0,0,zero,
happo,shock,1,64,2,9,9.0,9,0,20,20,zero,
happo,shock,1,65,0,8,1.0,0,1,6,6,zero,
happo,shock,1,65,1,8,4.0,4,0,0,0,zero,
happo,shock,1,65,2,8,9.0,9,0,0,0,zero,
happo,shock,1,66,0,8,6.0,0,6,6,6,zero,
happo,shock,1,66,1,8,16.0,16,0,12,12,zero,
happo,shock,1,66,2,8,3.0,0,3,0,0,zero,
happo,shock,1,67,0,8,6.0,6,0,6,6,zero,
happo,shock,1,67,1,8,28.0,28,0,12,12,zero,
happo,shock,1,67,2,8,5.0,5,0,0,0,zero,
happo,shock,1,68,0,11,2.0,0,2,10,10,zero,
happo,shock,1,68,1,11,18.0,18,0,1,1,zero,
happo,shock,1,68,2,11,24.0,24,0,5,5,zero,
happo,shock,1,69,0,11,5.0,0,5,19,19,zero,
happo,shock,1,69,1,11,1.0,0,1,15,15,zero,
happo,shock,1,69,2,11,9.0,9,0,0,0,zero,
happo,shock,1,70,0,11,10.0,0,10,10,10,zero,70
happo,shock,1,70,1,11,2.0,0,2,15,15,zero,70
happo,shock,1,70,2,11,6.0,0,6,20,20,zero,70
happo,shock,1,71,0,11,15.0,0,15,19,19,zero,70
happo,shock,1,71,1,11,6.0,0,6,15,15,zero,70
happo,shock,1,71,2,11,21.0,0,21,20,20,zero,70
happo,shock,1,72,0,11,16.0,0,16,10,10,zero,70
happo,shock,1,72,1,11,15.0,0,15,18,18,zero,70
happo,shock,1,72,2,11,34.0,0,34,20,20,zero,70
happo,shock,1,73,0,11,9.0,0,9,10,10,zero,70
happo,shock,1,73,1,11,10.0,0,10,15,15,zero,70
happo,shock,1,73,2,11,49.0,0,49,20,20,zero,70
happo,shock,1,74,0,9,9.0,0,9,10,10,zero,70
happo,shock,1,74,1,9,11.0,0,11,18,18,zero,70
happo,shock,1,74,2,9,47.0,0,47,20,20,zero,70
happo,shock,1,75,0,9,3.0,0,3,19,19,zero,70
happo,shock,1,75,1,9,30.0,0,30,15,15,zero,70
happo,shock,1,75,2,9,42.0,0,42,20,20,zero,70
happo,shock,1,76,0,11,13.0,0,13,10,10,zero,70
happo,shock,1,76,1,11,35.0,0,35,18,18,zero,70
happo,shock,1,76,2,11,40.0,0,40,20,20,zero,70
happo,shock,1,77,0,11,9.0,0,9,10,10,zero,70
happo,shock,1,77,1,11,45.0,0,45,18,18,zero,70
happo,shock,1,77,2,11,38.0,0,38,20,20,zero,70
happo,shock,1,78,0,11,11.0,0,11,19,19,zero,70
happo,shock,1,78,1,11,44.0,0,44,3,3,zero,70
happo,shock,1,78,2,11,21.0,0,21,20,20,zero,70
happo,shock,1,79,0,9,20.0,0,20,9,9,zero,70
happo,shock,1,79,1,9,33.0,0,33,18,18,zero,70
happo,shock,1,79,2,9,19.0,0,19,0,0,zero,70
happo,shock,1,80,0,9,24.0,0,24,10,10,zero,70
happo,shock,1,80,1,9,23.0,0,23,0,0,zero,70
happo,shock,1,80,2,9,1.0,1,0,20,20,zero,70
happo,shock,1,81,0,11,35.0,0,35,10,10,zero,70
happo,shock,1,81,1,11,13.0,0,13,0,0,zero,70
happo,shock,1,81,2,11,21.0,21,0,16,16,zero,70
happo,shock,1,82,0,11,26.0,0,26,6,6,zero,70
happo,shock,1,82,1,11,1.0,1,0,18,18,zero,70
happo,shock,1,82,2,11,23.0,23,0,0,0,zero,70
happo,shock,1,83,0,11,17.0,0,17,6,6,zero,70
happo,shock,1,83,1,11,15.0,15,0,18,18,zero,70
happo,shock,1,83,2,11,5.0,5,0,16,16,zero,70
happo,shock,1,84,0,11,8.0,0,8,10,10,zero,70
happo,shock,1,84,1,11,24.0,24,0,0,0,zero,70
happo,shock,1,84,2,11,25.0,25,0,20,20,zero,70
happo,shock,1,85,0,11,1.0,1,0,10,10,zero,70
happo,shock,1,85,1,11,14.0,14,0,18,18,zero,70
happo,shock,1,85,2,11,23.0,23,0,3,3,zero,70
happo,shock,1,86,0,12,8.0,8,0,10,10,zero,70
happo,shock,1,86,1,12,22.0,22,0,3,3,zero,70
happo,shock,1,86,2,12,20.0,20,0,16,16,zero,70
happo,shock,1,87,0,12,2.0,2,0,19,19,zero,70
happo,shock,1,87,1,12,21.0,21,0,12,12,zero,70
happo,shock,1,87,2,12,24.0,24,0,0,0,zero,70
happo,shock,1,88,0,11,1.0,1,0,10,10,zero,70
happo,shock,1,88,1,11,11.0,11,0,15,15,zero,70
happo,shock,1,88,2,11,29.0,29,0,0,0,zero,70
happo,shock,1,89,0,12,1.0,0,1,10,10,zero,70
happo,shock,1,89,1,12,19.0,19,0,15,15,zero,70
happo,shock,1,89,2,12,17.0,17,0,20,20,zero,70
happo,shock,1,90,0,12,3.0,0,3,10,10,zero,70
happo,shock,1,90,1,12,12.0,12,0,3,3,zero,70
happo,shock,1,90,2,12,30.0,30,0,20,20,zero,70
happo,shock,1,91,0,14,2.0,2,0,10,10,zero,70
happo,shock,1,91,1,14,14.0,14,0,15,15,zero,70
happo,shock,1,91,2,14,15.0,15,0,0,0,zero,70
happo,shock,1,92,0,12,-0.0,0,0,19,19,zero,70
happo,shock,1,92,1,12,10.0,10,0,3,3,zero,70
happo,shock,1,92,2,12,12.0,12,0,3,3,zero,70
happo,shock,1,93,0,15,5.0,0,5,9,9,zero,70
happo,shock,1,93,1,15,16.0,16,0,15,15,zero,70
happo,shock,1,93,2,15,17.0,17,0,0,0,zero,70
happo,shock,1,94,0,9,4.0,0,4,19,19,zero,70
happo,shock,1,94,1,9,-0.0,0,0,3,3,zero,70
happo,shock,1,94,2,9,34.0,34,0,3,3,zero,70
happo,shock,1,95,0,9,3.0,0,3,6,6,zero,70
happo,shock,1,95,1,9,9.0,9,0,15,15,zero,70
happo,shock,1,95,2,9,19.0,19,0,0,0,zero,70
happo,shock,1,96,0,9,7.0,7,0,6,6,zero,70
happo,shock,1,96,1,9,6.0,6,0,3,3,zero,70
happo,shock,1,96,2,9,19.0,19,0,20,20,zero,70
happo,shock,1,97,0,8,8.0,8,0,6,6,zero,70
happo,shock,1,97,1,8,15.0,15,0,15,15,zero,70
happo,shock,1,97,2,8,4.0,4,0,3,3,zero,70
happo,shock,1,98,0,8,19.0,19,0,6,6,zero,70
happo,shock,1,98,1,8,12.0,12,0,0,0,zero,70
happo,shock,1,98,2,8,7.0,7,0,20,20,zero,70
happo,shock,1,99,0,7,18.0,18,0,6,6,zero,70
happo,shock,1,99,1,7,21.0,21,0,1,1,zero,70
happo,shock,1,99,2,7,6.0,6,0,3,3,zero,70
happo,shock,1,100,0,7,17.0,17,0,6,6,zero,70
happo,shock,1,100,1,7,18.0,18,0,1,1,zero,70
happo,shock,1,100,2,7,25.0,25,0,0,0,zero,70
happo,shock,1,101,0,7,16.0,16,0,6,6,zero,70
happo,shock,1,101,1,7,27.0,27,0,1,1,zero,70
happo,shock,1,101,2,7,27.0,27,0,0,0,zero,70
happo,shock,1,102,0,8,14.0,14,0,4,4,zero,70
happo,shock,1,102,1,8,23.0,23,0,15,15,zero,70
happo,shock,1,102,2,8,32.0,32,0,0,0,zero,70
happo,shock,1,103,0,7,13.0,13,0,9,9,zero,70
happo,shock,1,103,1,7,15.0,15,0,1,1,zero,70
happo,shock,1,103,2,7,34.0,34,0,1,1,zero,70
happo,shock,1,104,0,8,11.0,11,0,9,9,zero,70
happo,shock,1,104,1,8,7.0,7,0,15,15,zero,70
happo,shock,1,104,2,8,19.0,19,0,0,0,zero,70
happo,shock,1,105,0,8,9.0,9,0,9,9,zero,70
happo,shock,1,105,1,8,1.0,0,1,3,3,zero,70
happo,shock,1,105,2,8,16.0,16,0,20,20,zero,70
happo,shock,1,106,0,8,5.0,5,0,4,4,zero,70
happo,shock,1,106,1,8,10.0,10,0,15,15,zero,70
happo,shock,1,106,2,8,1.0,1,0,3,3,zero,70
happo,shock,1,107,0,8,6.0,6,0,10,10,zero,70
happo,shock,1,107,1,8,1.0,1,0,1,1,zero,70
happo,shock,1,107,2,8,1.0,1,0,20,20,zero,70
happo,shock,1,108,0,8,7.0,7,0,6,6,zero,70
happo,shock,1,108,1,8,10.0,10,0,15,15,zero,70
happo,shock,1,108,2,8,14.0,0,14,20,20,zero,70
happo,shock,1,109,0,8,7.0,7,0,9,9,zero,70
happo,shock,1,109,1,8,4.0,4,0,15,15,zero,70
happo,shock,1,109,2,8,9.0,0,9,20,20,zero,70
happo,shock,1,110,0,8,4.0,4,0,6,6,zero,70
happo,shock,1,110,1,8,13.0,13,0,15,15,zero,70
happo,shock,1,110,2,8,21.0,0,21,16,16,zero,70
happo,shock,1,111,0,9,5.0,5,0,9,9,zero,70
happo,shock,1,111,1,9,5.0,5,0,15,15,zero,70
happo,shock,1,111,2,9,16.0,0,16,16,16,zero,70
happo,shock,1,112,0,9,2.0,2,0,9,9,zero,70
happo,shock,1,112,1,9,3.0,0,3,1,1,zero,70
happo,shock,1,112,2,9,3.0,3,0,16,16,zero,70
happo,shock,1,113,0,10,1.0,1,0,19,19,zero,70
happo,shock,1,113,1,10,2.0,0,2,1,1,zero,70
happo,shock,1,113,2,10,22.0,22,0,0,0,zero,70
happo,shock,1,114,0,11,4.0,0,4,9,9,zero,70
happo,shock,1,114,1,11,8.0,0,8,15,15,zero,70
happo,shock,1,114,2,11,23.0,23,0,0,0,zero,70
happo,shock,1,115,0,10,5.0,0,5,9,9,zero,70
happo,shock,1,115,1,10,3.0,3,0,15,15,zero,70
happo,shock,1,115,2,10,24.0,24,0,16,16,zero,70
happo,shock,1,116,0,10,9.0,0,9,6,6,zero,70
happo,shock,1,116,1,10,14.0,14,0,15,15,zero,70
happo,shock,1,116,2,10,25.0,25,0,20,20,zero,70
happo,shock,1,117,0,11,-0.0,0,0,10,10,zero,70
happo,shock,1,117,1,11,5.0,5,0,3,3,zero,70
happo,shock,1,117,2,11,22.0,22,0,20,20,zero,70
happo,shock,1,118,0,12,9.0,0,9,10,10,zero,70
happo,shock,1,118,1,12,10.0,10,0,15,15,zero,70
happo,shock,1,118,2,12,7.0,7,0,0,0,zero,70
happo,shock,1,119,0,14,6.0,0,6,10,10,zero,70
happo,shock,1,119,1,14,15.0,15,0,15,15,zero,70
happo,shock,1,119,2,14,8.0,8,0,0,0,zero,70
happo,shock,1,120,0,14,14.0,0,14,19,19,zero,70
happo,shock,1,120,1,14,11.0,11,0,15,15,zero,70
happo,shock,1,120,2,14,13.0,13,0,20,20,zero,70
happo,shock,1,121,0,14,18.0,0,18,19,19,zero,70
happo,shock,1,121,1,14,5.0,0,5,15,15,zero,70
happo,shock,1,121,2,14,18.0,18,0,20,20,zero,70
happo,shock,1,122,0,17,25.0,0,25,19,19,zero,70
happo,shock,1,122,1,17,9.0,0,9,18,18,zero,70
happo,shock,1,122,2,17,-0.0,0,0,20,20,zero,70
happo,shock,1,123,0,20,35.0,0,35,19,19,zero,70
happo,shock,1,123,1,20,13.0,0,13,18,18,zero,70
happo,shock,1,123,2,20,18.0,0,18,20,20,zero,70
happo,shock,1,124,0,18,34.0,0,34,19,19,zero,70
happo,shock,1,124,1,18,17.0,0,17,18,18,zero,70
happo,shock,1,124,2,18,16.0,0,16,14,14,zero,70
happo,shock,1,125,0,17,37.0,0,37,19,19,zero,70
happo,shock,1,125,1,17,21.0,0,21,18,18,zero,70
happo,shock,1,125,2,17,14.0,0,14,20,20,zero,70
happo,shock,1,126,0,17,39.0,0,39,19,19,zero,70
happo,shock,1,126,1,17,22.0,0,22,18,18,zero,70
happo,shock,1,126,2,17,12.0,0,12,20,20,zero,70
happo,shock,1,127,0,16,40.0,0,40,19,19,zero,70
happo,shock,1,127,1,16,41.0,0,41,18,18,zero,70
happo,shock,1,127,2,16,10.0,0,10,20,20,zero,70
happo,shock,1,128,0,17,42.0,0,42,19,19,zero,70
happo,shock,1,128,1,17,40.0,0,40,18,18,zero,70
happo,shock,1,128,2,17,14.0,0,14,20,20,zero,70
happo,shock,1,129,0,19,46.0,0,46,10,10,zero,70
happo,shock,1,129,1,19,30.0,0,30,18,18,zero,70
happo,shock,1,129,2,19,12.0,0,12,20,20,zero,70
happo,shock,1,130,0,20,48.0,0,48,19,19,zero,70
happo,shock,1,130,1,20,29.0,0,29,3,3,zero,70
happo,shock,1,130,2,20,5.0,5,0,16,16,zero,70
happo,shock,1,131,0,19,67.0,0,67,17,17,zero,70
happo,shock,1,131,1,19,26.0,0,26,18,18,zero,70
happo,shock,1,131,2,19,7.0,7,0,1,1,zero,70
happo,shock,1,132,0,20,67.0,0,67,17,17,zero,70
happo,shock,1,132,1,20,29.0,0,29,18,18,zero,70
happo,shock,1,132,2,20,9.0,9,0,16,16,zero,70
happo,shock,1,133,0,20,67.0,0,67,17,17,zero,70
happo,shock,1,133,1,20,26.0,0,26,18,18,zero,70
happo,shock,1,133,2,20,11.0,11,0,20,20,zero,70
happo,shock,1,134,0,20,67.0,0,67,17,17,zero,70
happo,shock,1,134,1,20,28.0,0,28,18,18,zero,70
happo,shock,1,134,2,20,9.0,9,0,20,20,zero,70
happo,shock,1,135,0,20,67.0,0,67,17,17,zero,70
happo,shock,1,135,1,20,27.0,0,27,18,18,zero,70
happo,shock,1,135,2,20,8.0,0,8,20,20,zero,70
happo,shock,1,136,0,20,73.0,0,73,17,17,zero,70
happo,shock,1,136,1,20,26.0,0,26,18,18,zero,70
happo,shock,1,136,2,20,10.0,0,10,20,20,zero,70
happo,shock,1,137,0,20,73.0,0,73,17,17,zero,70
happo,shock,1,137,1,20,25.0,0,25,18,18,zero,70
happo,shock,1,137,2,20,8.0,0,8,16,16,zero,70
happo,shock,1,138,0,20,78.0,0,78,17,17,zero,70
happo,shock,1,138,1,20,24.0,0,24,18,18,zero,70
happo,shock,1,138,2,20,6.0,0,6,16,16,zero,70
happo,shock,1,139,0,20,80.0,0,80,17,17,zero,70
happo,shock,1,139,1,20,31.0,0,31,18,18,zero,70
happo,shock,1,139,2,20,4.0,0,4,20,20,zero,70
happo,shock,1,140,0,20,82.0,0,82,17,17,zero,70
happo,shock,1,140,1,20,32.0,0,32,18,18,zero,70
happo,shock,1,140,2,20,2.0,0,2,20,20,zero,70
happo,shock,1,141,0,20,84.0,0,84,17,17,zero,70
happo,shock,1,141,1,20,29.0,0,29,18,18,zero,70
happo,shock,1,141,2,20,4.0,0,4,20,20,zero,70
happo,shock,1,142,0,20,86.0,0,86,17,17,zero,70
happo,shock,1,142,1,20,26.0,0,26,18,18,zero,70
happo,shock,1,142,2,20,6.0,0,6,16,16,zero,70
happo,shock,1,143,0,20,96.0,0,96,17,17,zero,70
happo,shock,1,143,1,20,23.0,0,23,18,18,zero,70
happo,shock,1,143,2,20,4.0,0,4,16,16,zero,70
happo,shock,1,144,0,20,100.0,0,100,17,17,zero,70
happo,shock,1,144,1,20,20.0,0,20,18,18,zero,70
happo,shock,1,144,2,20,2.0,0,2,20,20,zero,70
happo,shock,1,145,0,20,100.0,0,100,17,17,zero,70
happo,shock,1,145,1,20,21.0,0,21,18,18,zero,70
happo,shock,1,145,2,20,-0.0,0,0,20,20,zero,70
happo,shock,1,146,0,20,100.0,0,100,17,17,zero,70
happo,shock,1,146,1,20,22.0,0,22,18,18,zero,70
happo,shock,1,146,2,20,2.0,0,2,16,16,zero,70
happo,shock,1,147,0,20,100.0,0,100,17,17,zero,70
happo,shock,1,147,1,20,19.0,0,19,18,18,zero,70
happo,shock,1,147,2,20,4.0,0,4,16,16,zero,70
happo,shock,1,148,0,20,100.0,0,100,17,17,zero,70
happo,shock,1,148,1,20,16.0,0,16,18,18,zero,70
happo,shock,1,148,2,20,2.0,0,2,20,20,zero,70
happo,shock,1,149,0,20,104.0,0,104,17,17,zero,70
happo,shock,1,149,1,20,13.0,0,13,18,18,zero,70
happo,shock,1,149,2,20,-0.0,0,0,20,20,zero,70
happo,shock,1,150,0,20,108.0,0,108,17,17,zero,70
happo,shock,1,150,1,20,14.0,0,14,18,18,zero,70
happo,shock,1,150,2,20,2.0,0,2,16,16,zero,70
happo,shock,1,151,0,20,108.0,0,108,17,17,zero,70
happo,shock,1,151,1,20,15.0,0,15,18,18,zero,70
happo,shock,1,151,2,20,4.0,0,4,16,16,zero,70
happo,shock,1,152,0,20,108.0,0,108,17,17,zero,70
happo,shock,1,152,1,20,12.0,0,12,18,18,zero,70
happo,shock,1,152,2,20,2.0,0,2,20,20,zero,70
happo,shock,1,153,0,20,108.0,0,108,17,17,zero,70
happo,shock,1,153,1,20,9.0,0,9,18,18,zero,70
happo,shock,1,153,2,20,-0.0,0,0,20,20,zero,70
happo,shock,1,154,0,20,112.0,0,112,17,17,zero,70
happo,shock,1,154,1,20,10.0,0,10,18,18,zero,70
happo,shock,1,154,2,20,2.0,0,2,16,16,zero,70
happo,shock,1,155,0,20,116.0,0,116,17,17,zero,70
happo,shock,1,155,1,20,11.0,0,11,18,18,zero,70
happo,shock,1,155,2,20,4.0,0,4,16,16,zero,70
happo,shock,1,156,0,20,116.0,0,116,17,17,zero,70
happo,shock,1,156,1,20,8.0,0,8,18,18,zero,70
happo,shock,1,156,2,20,2.0,0,2,20,20,zero,70
happo,shock,1,157,0,20,116.0,0,116,17,17,zero,70
happo,shock,1,157,1,20,5.0,0,5,18,18,zero,70
happo,shock,1,157,2,20,-0.0,0,0,20,20,zero,70
happo,shock,1,158,0,20,120.0,0,120,17,17,zero,70
happo,shock,1,158,1,20,6.0,0,6,18,18,zero,70
happo,shock,1,158,2,20,2.0,0,2,16,16,zero,70
happo,shock,1,159,0,20,124.0,0,124,17,17,zero,70
happo,shock,1,159,1,20,7.0,0,7,18,18,zero,70
happo,shock,1,159,2,20,4.0,0,4,16,16,zero,70
happo,shock,1,160,0,20,124.0,0,124,17,17,zero,70
happo,shock,1,160,1,20,4.0,0,4,18,18,zero,70
happo,shock,1,160,2,20,2.0,0,2,20,20,zero,70
happo,shock,1,161,0,20,124.0,0,124,17,17,zero,70
happo,shock,1,161,1,20,1.0,0,1,18,18,zero,70
happo,shock,1,161,2,20,-0.0,0,0,20,20,zero,70
happo,shock,1,162,0,20,128.0,0,128,17,17,zero,70
happo,shock,1,162,1,20,2.0,0,2,18,18,zero,70
happo,shock,1,162,2,20,2.0,0,2,16,16,zero,70
happo,shock,1,163,0,20,132.0,0,132,17,17,zero,70
happo,shock,1,163,1,20,3.0,0,3,18,18,zero,70
happo,shock,1,163,2,20,4.0,0,4,16,16,zero,70
happo,shock,1,164,0,20,132.0,0,132,17,17,zero,70
happo,shock,1,164,1,20,-0.0,0,0,18,18,zero,70
happo,shock,1,164,2,20,2.0,0,2,20,20,zero,70
happo,shock,1,165,0,20,132.0,0,132,17,17,zero,70
happo,shock,1,165,1,20,3.0,3,0,18,18,zero,70
happo,shock,1,165,2,20,-0.0,0,0,20,20,zero,70
happo,shock,1,166,0,20,136.0,0,136,17,17,zero,70
happo,shock,1,166,1,20,2.0,2,0,18,18,zero,70
happo,shock,1,166,2,20,2.0,0,2,16,16,zero,70
happo,shock,1,167,0,20,140.0,0,140,17,17,zero,70
happo,shock,1,167,1,20,1.0,1,0,18,18,zero,70
happo,shock,1,167,2,20,4.0,0,4,16,16,zero,70
happo,shock,1,168,0,20,140.0,0,140,17,17,zero,70
happo,shock,1,168,1,20,4.0,4,0,18,18,zero,70
happo,shock,1,168,2,20,2.0,0,2,20,20,zero,70
happo,shock,1,169,0,20,143.0,0,143,17,17,zero,70
happo,shock,1,169,1,20,7.0,7,0,18,18,zero,70
happo,shock,1,169,2,20,-0.0,0,0,20,20,zero,70
happo,shock,1,170,0,20,146.0,0,146,17,17,zero,70
happo,shock,1,170,1,20,6.0,6,0,18,18,zero,70
happo,shock,1,170,2,20,2.0,0,2,16,16,zero,70
happo,shock,1,171,0,20,149.0,0,149,17,17,zero,70
happo,shock,1,171,1,20,5.0,5,0,18,18,zero,70
happo,shock,1,171,2,20,4.0,0,4,16,16,zero,70
happo,shock,1,172,0,19,151.0,0,151,17,17,zero,70
happo,shock,1,172,1,19,8.0,8,0,18,18,zero,70
happo,shock,1,172,2,19,2.0,0,2,20,20,zero,70
happo,shock,1,173,0,19,153.0,0,153,17,17,zero,70
happo,shock,1,173,1,19,11.0,11,0,18,18,zero,70
happo,shock,1,173,2,19,-0.0,0,0,20,20,zero,70
happo,shock,1,174,0,18,154.0,0,154,17,17,zero,70
happo,shock,1,174,1,18,10.0,10,0,18,18,zero,70
happo,shock,1,174,2,18,2.0,0,2,16,16,zero,70
happo,shock,1,175,0,16,153.0,0,153,17,17,zero,70
happo,shock,1,175,1,16,9.0,9,0,18,18,zero,70
happo,shock,1,175,2,16,4.0,0,4,16,16,zero,70
happo,shock,1,176,0,17,153.0,0,153,17,17,zero,70
happo,shock,1,176,1,17,12.0,12,0,18,18,zero,70
happo,shock,1,176,2,17,2.0,0,2,20,20,zero,70
happo,shock,1,177,0,16,152.0,0,152,17,17,zero,70
happo,shock,1,177,1,16,15.0,15,0,18,18,zero,70
happo,shock,1,177,2,16,-0.0,0,0,20,20,zero,70
happo,shock,1,178,0,17,152.0,0,152,17,17,zero,70
happo,shock,1,178,1,17,14.0,14,0,18,18,zero,70
happo,shock,1,178,2,17,2.0,0,2,16,16,zero,70
happo,shock,1,179,0,17,152.0,0,152,17,17,zero,70
happo,shock,1,179,1,17,13.0,13,0,18,18,zero,70
happo,shock,1,179,2,17,4.0,0,4,16,16,zero,70
happo,shock,1,180,0,19,154.0,0,154,17,17,zero,70
happo,shock,1,180,1,19,16.0,16,0,18,18,zero,70
happo,shock,1,180,2,19,2.0,0,2,20,20,zero,70
happo,shock,1,181,0,20,157.0,0,157,17,17,zero,70
happo,shock,1,181,1,20,19.0,19,0,15,15,zero,70
happo,shock,1,181,2,20,3.0,3,0,20,20,zero,70
happo,shock,1,182,0,19,159.0,0,159,17,17,zero,70
happo,shock,1,182,1,19,18.0,18,0,15,15,zero,70
happo,shock,1,182,2,19,4.0,4,0,16,16,zero,70
happo,shock,1,183,0,20,162.0,0,162,17,17,zero,70
happo,shock,1,183,1,20,17.0,17,0,15,15,zero,70
happo,shock,1,183,2,20,5.0,5,0,1,1,zero,70
happo,shock,1,184,0,20,165.0,0,165,17,17,zero,70
happo,shock,1,184,1,20,20.0,20,0,15,15,zero,70
happo,shock,1,184,2,20,10.0,10,0,16,16,zero,70
happo,shock,1,185,0,20,168.0,0,168,17,17,zero,70
happo,shock,1,185,1,20,20.0,20,0,15,15,zero,70
happo,shock,1,185,2,20,15.0,15,0,20,20,zero,70
happo,shock,1,186,0,20,171.0,0,171,17,17,zero,70
happo,shock,1,186,1,20,18.0,18,0,15,15,zero,70
happo,shock,1,186,2,20,16.0,16,0,20,20,zero,70
happo,shock,1,187,0,20,174.0,0,174,17,17,zero,70
happo,shock,1,187,1,20,16.0,16,0,15,15,zero,70
happo,shock,1,187,2,20,2.0,2,0,20,20,zero,70
happo,shock,1,188,0,20,177.0,0,177,17,17,zero,70
happo,shock,1,188,1,20,14.0,14,0,15,15,zero,70
happo,shock,1,188,2,20,3.0,3,0,0,0,zero,70
happo,shock,1,189,0,20,180.0,0,180,17,17,zero,70
happo,shock,1,189,1,20,12.0,12,0,15,15,zero,70
happo,shock,1,189,2,20,8.0,8,0,0,0,zero,70
happo,shock,1,190,0,20,183.0,0,183,17,17,zero,70
happo,shock,1,190,1,20,10.0,10,0,15,15,zero,70
happo,shock,1,190,2,20,13.0,13,0,20,20,zero,70
happo,shock,1,191,0,20,186.0,0,186,17,17,zero,70
happo,shock,1,191,1,20,8.0,8,0,15,15,zero,70
happo,shock,1,191,2,20,18.0,18,0,20,20,zero,70
happo,shock,1,192,0,20,189.0,0,189,17,17,zero,70
happo,shock,1,192,1,20,6.0,6,0,15,15,zero,70
happo,shock,1,192,2,20,3.0,3,0,20,20,zero,70
happo,shock,1,193,0,20,192.0,0,192,17,17,zero,70
happo,shock,1,193,1,20,4.0,4,0,15,15,zero,70
happo,shock,1,193,2,20,12.0,0,12,20,20,zero,70
happo,shock,1,194,0,20,195.0,0,195,17,17,zero,70
happo,shock,1,194,1,20,2.0,2,0,15,15,zero,70
happo,shock,1,194,2,20,7.0,0,7,0,0,zero,70
happo,shock,1,195,0,20,198.0,0,198,17,17,zero,70
happo,shock,1,195,1,20,-0.0,0,0,15,15,zero,70
happo,shock,1,195,2,20,2.0,0,2,17,17,zero,70
happo,shock,1,196,0,20,201.0,0,201,17,17,zero,70
happo,shock,1,196,1,20,2.0,0,2,18,18,zero,70
happo,shock,1,196,2,20,-0.0,0,0,20,20,zero,70
happo,shock,1,197,0,20,204.0,0,204,17,17,zero,70
happo,shock,1,197,1,20,16.0,0,16,18,18,zero,70
happo,shock,1,197,2,20,2.0,2,0,20,20,zero,70
happo,shock,1,198,0,20,207.0,0,207,17,17,zero,70
happo,shock,1,198,1,20,13.0,0,13,18,18,zero,70
happo,shock,1,198,2,20,16.0,0,16,20,20,zero,70
happo,shock,1,199,0,20,210.0,0,210,17,17,zero,70
happo,shock,1,199,1,20,10.0,0,10,18,18,zero,70
happo,shock,1,199,2,20,17.0,0,17,20,20,zero,70
happo,shock,1,200,0,20,215.0,0,215,17,17,zero,70
happo,shock,1,200,1,20,7.0,0,7,18,18,zero,70
happo,shock,1,200,2,20,15.0,0,15,16,16,zero,70
manual_screen,base,0,1,0,10,10.0,10,0,10,10,zero,
manual_screen,base,0,1,1,10,10.0,10,0,15,15,zero,
manual_screen,base,0,1,2,10,5.0,5,0,0,0,zero,
manual_screen,base,0,2,0,10,10.0,10,0,10,10,zero,
manual_screen,base,0,2,1,10,10.0,10,0,1,1,zero,
manual_screen,base,0,2,2,10,14.0,14,0,20,20,zero,
manual_screen,base,0,3,0,8,12.0,12,0,10,10,zero,
manual_screen,base,0,3,1,8,10.0,10,0,15,15,zero,
manual_screen,base,0,3,2,8,9.0,9,0,3,3,zero,
manual_screen,base,0,4,0,8,14.0,14,0,2,2,zero,
manual_screen,base,0,4,1,8,18.0,18,0,15,15,zero,
manual_screen,base,0,4,2,8,4.0,4,0,20,20,zero,
manual_screen,base,0,5,0,8,16.0,16,0,6,6,zero,
manual_screen,base,0,5,1,8,27.0,27,0,0,0,zero,
manual_screen,base,0,5,2,8,4.0,4,0,20,20,zero,
manual_screen,base,0,6,0,8,18.0,18,0,6,6,zero,
manual_screen,base,0,6,1,8,22.0,22,0,1,1,zero,
manual_screen,base,0,6,2,8,23.0,23,0,0,0,zero,
manual_screen,base,0,7,0,9,19.0,19,0,9,9,zero,
manual_screen,base,0,7,1,9,28.0,28,0,1,1,zero,
manual_screen,base,0,7,2,9,25.0,25,0,0,0,zero,
manual_screen,base,0,8,0,8,13.0,13,0,9,9,zero,
manual_screen,base,0,8,1,8,34.0,34,0,1,1,zero,
manual_screen,base,0,8,2,8,44.0,44,0,0,0,zero,
manual_screen,base,0,9,0,7,12.0,12,0,4,4,zero,
manual_screen,base,0,9,1,7,30.0,30,0,15,15,zero,
manual_screen,base,0,9,2,7,49.0,49,0,0,0,zero,
manual_screen,base,0,10,0,8,10.0,10,0,4,4,zero,
manual_screen,base,0,10,1,8,27.0,27,0,1,1,zero,
manual_screen,base,0,10,2,8,48.0,48,0,0,0,zero,
manual_screen,base,0,11,0,8,11.0,11,0,10,10,zero,
manual_screen,base,0,11,1,8,18.0,18,0,1,1,zero,
manual_screen,base,0,11,2,8,47.0,47,0,0,0,zero,
manual_screen,base,0,12,0,9,11.0,11,0,6,6,zero,
manual_screen,base,0,12,1,9,13.0,13,0,11,11,zero,
manual_screen,base,0,12,2,9,36.0,36,0,0,0,zero,
manual_screen,base,0,13,0,8,7.0,7,0,9,9,zero,
manual_screen,base,0,13,1,8,19.0,19,0,1,1,zero,
manual_screen,base,0,13,2,8,35.0,35,0,0,0,zero,
manual_screen,base,0,14,0,9,2.0,2,0,9,9,zero,
manual_screen,base,0,14,1,9,11.0,11,0,15,15,zero,
manual_screen,base,0,14,2,9,20.0,20,0,0,0,zero,
manual_screen,base,0,15,0,9,3.0,3,0,9,9,zero,
manual_screen,base,0,15,1,9,3.0,3,0,3,3,zero,
manual_screen,base,0,15,2,9,17.0,17,0,16,16,zero,
manual_screen,base,0,16,0,10,1.0,0,1,9,9,zero,
manual_screen,base,0,16,1,10,5.0,5,0,15,15,zero,
manual_screen,base,0,16,2,10,2.0,2,0,3,3,zero,
manual_screen,base,0,17,0,10,2.0,0,2,10,10,zero,
manual_screen,base,0,17,1,10,4.0,0,4,3,3,zero,
manual_screen,base,0,17,2,10,1.0,0,1,20,20,zero,
manual_screen,base,0,18,0,9,2.0,0,2,10,10,zero,
manual_screen,base,0,18,1,9,1.0,1,0,15,15,zero,
manual_screen,base,0,18,2,9,16.0,0,16,20,20,zero,
manual_screen,base,0,19,0,8,1.0,0,1,10,10,zero,
manual_screen,base,0,19,1,8,6.0,0,6,15,15,zero,
manual_screen,base,0,19,2,8,15.0,0,15,20,20,zero,
manual_screen,base,0,20,0,10,2.0,0,2,10,10,zero,
manual_screen,base,0,20,1,10,1.0,0,1,15,15,zero,
manual_screen,base,0,20,2,10,27.0,0,27,16,16,zero,
manual_screen,base,0,21,0,10,6.0,0,6,6,6,zero,
manual_screen,base,0,21,1,10,5.0,0,5,15,15,zero,
manual_screen,base,0,21,2,10,22.0,0,22,16,16,zero,
manual_screen,base,0,22,0,10,2.0,0,2,19,19,zero,
manual_screen,base,0,22,1,10,24.0,0,24,3,3,zero,
manual_screen,base,0,22,2,10,5.0,0,5,16,16,zero,
manual_screen,base,0,23,0,11,9.0,0,9,10,10,zero,
manual_screen,base,0,23,1,11,18.0,0,18,15,15,zero,
manual_screen,base,0,23,2,11,-0.0,0,0,1,1,zero,
manual_screen,base,0,24,0,9,3.0,0,3,10,10,zero,
manual_screen,base,0,24,1,9,25.0,0,25,3,3,zero,
manual_screen,base,0,24,2,9,13.0,13,0,16,16,zero,
manual_screen,base,0,25,0,9,10.0,0,10,19,19,zero,
manual_screen,base,0,25,1,9,24.0,0,24,3,3,zero,
manual_screen,base,0,25,2,9,26.0,26,0,1,1,zero,
manual_screen,base,0,26,0,8,18.0,0,18,10,10,zero,
manual_screen,base,0,26,1,8,14.0,0,14,18,18,zero,
manual_screen,base,0,26,2,8,24.0,24,0,0,0,zero,
manual_screen,base,0,27,0,10,12.0,0,12,2,2,zero,
manual_screen,base,0,27,1,10,4.0,4,0,18,18,zero,
manual_screen,base,0,27,2,10,7.0,7,0,20,20,zero,
manual_screen,base,0,28,0,10,19.0,0,19,6,6,zero,
manual_screen,base,0,28,1,10,1.0,1,0,0,0,zero,
manual_screen,base,0,28,2,10,23.0,23,0,20,20,zero,
manual_screen,base,0,29,0,10,9.0,0,9,6,6,zero,
manual_screen,base,0,29,1,10,2.0,0,2,0,0,zero,
manual_screen,base,0,29,2,10,24.0,24,0,0,0,zero,
manual_screen,base,0,30,0,9,2.0,2,0,10,10,zero,
manual_screen,base,0,30,1,9,6.0,6,0,12,12,zero,
manual_screen,base,0,30,2,9,12.0,12,0,0,0,zero,
manual_screen,base,0,31,0,9,9.0,9,0,10,10,zero,
manual_screen,base,0,31,1,9,14.0,14,0,18,18,zero,
manual_screen,base,0,31,2,9,14.0,14,0,0,0,zero,
manual_screen,base,0,32,0,9,6.0,6,0,19,19,zero,
manual_screen,base,0,32,1,9,5.0,0,5,15,15,zero,
manual_screen,base,0,32,2,9,19.0,19,0,20,20,zero,
manual_screen,base,0,33,0,9,1.0,1,0,6,6,zero,
manual_screen,base,0,33,1,9,11.0,0,11,18,18,zero,
manual_screen,base,0,33,2,9,1.0,1,0,20,20,zero,
manual_screen,base,0,34,0,9,4.0,4,0,6,6,zero,
manual_screen,base,0,34,1,9,5.0,0,5,3,3,zero,
manual_screen,base,0,34,2,9,2.0,0,2,20,20,zero,
manual_screen,base,0,35,0,10,4.0,4,0,6,6,zero,
manual_screen,base,0,35,1,10,7.0,7,0,18,18,zero,
manual_screen,base,0,35,2,10,20.0,0,20,0,0,zero,
manual_screen,base,0,36,0,9,9.0,9,0,10,10,zero,
manual_screen,base,0,36,1,9,12.0,12,0,12,12,zero,
manual_screen,base,0,36,2,9,12.0,0,12,20,20,zero,
manual_screen,base,0,37,0,10,1.0,0,1,6,6,zero,
manual_screen,base,0,37,1,10,24.0,24,0,12,12,zero,
manual_screen,base,0,37,2,10,4.0,0,4,20,20,zero,
manual_screen,base,0,38,0,10,1.0,1,0,10,10,zero,
manual_screen,base,0,38,1,10,15.0,15,0,3,3,zero,
manual_screen,base,0,38,2,10,13.0,13,0,16,16,zero,
manual_screen,base,0,39,0,9,3.0,3,0,10,10,zero,
manual_screen,base,0,39,1,9,5.0,5,0,1,1,zero,
manual_screen,base,0,39,2,9,12.0,12,0,0,0,zero,
manual_screen,base,0,40,0,8,5.0,5,0,9,9,zero,
manual_screen,base,0,40,1,8,16.0,16,0,12,12,zero,
manual_screen,base,0,40,2,8,20.0,20,0,0,0,zero,
manual_screen,base,0,41,0,8,3.0,3,0,6,6,zero,
manual_screen,base,0,41,1,8,30.0,30,0,15,15,zero,
manual_screen,base,0,41,2,8,25.0,25,0,0,0,zero,
manual_screen,base,0,42,0,9,4.0,4,0,6,6,zero,
manual_screen,base,0,42,1,9,31.0,31,0,3,3,zero,
manual_screen,base,0,42,2,9,38.0,38,0,20,20,zero,
manual_screen,base,0,43,0,10,4.0,4,0,10,10,zero,
manual_screen,base,0,43,1,10,22.0,22,0,1,1,zero,
manual_screen,base,0,43,2,10,37.0,37,0,0,0,zero,
manual_screen,base,0,44,0,9,4.0,4,0,19,19,zero,
manual_screen,base,0,44,1,9,15.0,15,0,15,15,zero,
manual_screen,base,0,44,2,9,22.0,22,0,0,0,zero,
manual_screen,base,0,45,0,10,-0.0,0,0,9,9,zero,
manual_screen,base,0,45,1,10,21.0,21,0,15,15,zero,
manual_screen,base,0,45,2,10,7.0,7,0,1,1,zero,
manual_screen,base,0,46,0,10,4.0,0,4,6,6,zero,
manual_screen,base,0,46,1,10,18.0,18,0,15,15,zero,
manual_screen,base,0,46,2,10,12.0,12,0,20,20,zero,
manual_screen,base,0,47,0,10,4.0,0,4,6,6,zero,
manual_screen,base,0,47,1,10,13.0,13,0,3,3,zero,
manual_screen,base,0,47,2,10,9.0,9,0,20,20,zero,
manual_screen,base,0,48,0,10,5.0,5,0,10,10,zero,
manual_screen,base,0,48,1,10,18.0,18,0,1,1,zero,
manual_screen,base,0,48,2,10,8.0,8,0,0,0,zero,
manual_screen,base,0,49,0,12,2.0,2,0,19,19,zero,
manual_screen,base,0,49,1,12,14.0,14,0,5,5,zero,
manual_screen,base,0,49,2,12,4.0,4,0,0,0,zero,
manual_screen,base,0,50,0,11,3.0,0,3,9,9,zero,
manual_screen,base,0,50,1,11,20.0,20,0,15,15,zero,
manual_screen,base,0,50,2,11,9.0,9,0,0,0,zero,
manual_screen,base,0,51,0,13,10.0,0,10,10,10,zero,
manual_screen,base,0,51,1,13,13.0,13,0,15,15,zero,
manual_screen,base,0,51,2,13,14.0,14,0,0,0,zero,
manual_screen,base,0,52,0,12,12.0,0,12,10,10,zero,
manual_screen,base,0,52,1,12,4.0,4,0,15,15,zero,
manual_screen,base,0,52,2,12,1.0,0,1,20,20,zero,
manual_screen,base,0,53,0,11,4.0,0,4,10,10,zero,
manual_screen,base,0,53,1,11,1.0,0,1,3,3,zero,
manual_screen,base,0,53,2,11,4.0,0,4,20,20,zero,
manual_screen,base,0,54,0,11,6.0,0,6,19,19,zero,
manual_screen,base,0,54,1,11,5.0,0,5,15,15,zero,
manual_screen,base,0,54,2,11,19.0,0,19,0,0,zero,
manual_screen,base,0,55,0,10,6.0,0,6,10,10,zero,
manual_screen,base,0,55,1,10,-0.0,0,0,15,15,zero,
manual_screen,base,0,55,2,10,34.0,0,34,20,20,zero,
manual_screen,base,0,56,0,11,7.0,0,7,10,10,zero,
manual_screen,base,0,56,1,11,4.0,4,0,15,15,zero,
manual_screen,base,0,56,2,11,29.0,0,29,20,20,zero,
manual_screen,base,0,57,0,11,9.0,0,9,10,10,zero,
manual_screen,base,0,57,1,11,6.0,0,6,15,15,zero,
manual_screen,base,0,57,2,11,24.0,0,24,20,20,zero,
manual_screen,base,0,58,0,12,6.0,0,6,10,10,zero,
manual_screen,base,0,58,1,12,16.0,0,16,3,3,zero,
manual_screen,base,0,58,2,12,27.0,0,27,20,20,zero,
manual_screen,base,0,59,0,10,1.0,0,1,19,19,zero,
manual_screen,base,0,59,1,10,35.0,0,35,18,18,zero,
manual_screen,base,0,59,2,10,25.0,0,25,0,0,zero,
manual_screen,base,0,60,0,11,2.0,0,2,19,19,zero,
manual_screen,base,0,60,1,11,34.0,0,34,18,18,zero,
manual_screen,base,0,60,2,11,23.0,0,23,20,20,zero,
manual_screen,base,0,61,0,11,9.0,0,9,9,9,zero,
manual_screen,base,0,61,1,11,23.0,0,23,18,18,zero,
manual_screen,base,0,61,2,11,21.0,0,21,20,20,zero,
manual_screen,base,0,62,0,11,20.0,0,20,10,10,zero,
manual_screen,base,0,62,1,11,33.0,0,33,18,18,zero,
manual_screen,base,0,62,2,11,19.0,0,19,20,20,zero,
manual_screen,base,0,63,0,11,31.0,0,31,17,17,zero,
manual_screen,base,0,63,1,11,30.0,0,30,0,0,zero,
manual_screen,base,0,63,2,11,19.0,0,19,20,20,zero,
manual_screen,base,0,64,0,10,21.0,0,21,10,10,zero,
manual_screen,base,0,64,1,10,20.0,0,20,18,18,zero,
manual_screen,base,0,64,2,10,17.0,0,17,0,0,zero,
manual_screen,base,0,65,0,10,11.0,0,11,6,6,zero,
manual_screen,base,0,65,1,10,6.0,0,6,18,18,zero,
manual_screen,base,0,65,2,10,15.0,0,15,20,20,zero,
manual_screen,base,0,66,0,9,20.0,0,20,6,6,zero,
manual_screen,base,0,66,1,9,8.0,8,0,18,18,zero,
manual_screen,base,0,66,2,9,13.0,0,13,20,20,zero,
manual_screen,base,0,67,0,8,8.0,0,8,6,6,zero,
manual_screen,base,0,67,1,8,2.0,2,0,0,0,zero,
manual_screen,base,0,67,2,8,7.0,7,0,20,20,zero,
manual_screen,base,0,68,0,9,3.0,3,0,6,6,zero,
manual_screen,base,0,68,1,9,16.0,16,0,0,0,zero,
manual_screen,base,0,68,2,9,7.0,7,0,3,3,zero,
manual_screen,base,0,69,0,10,13.0,13,0,6,6,zero,
manual_screen,base,0,69,1,10,30.0,30,0,0,0,zero,
manual_screen,base,0,69,2,10,27.0,27,0,0,0,zero,
manual_screen,base,0,70,0,9,16.0,16,0,19,19,zero,
manual_screen,base,0,70,1,9,31.0,31,0,0,0,zero,
manual_screen,base,0,70,2,9,47.0,47,0,0,0,zero,
manual_screen,base,0,71,0,9,13.0,13,0,9,9,zero,
manual_screen,base,0,71,1,9,35.0,35,0,18,18,zero,
manual_screen,base,0,71,2,9,49.0,49,0,0,0,zero,
manual_screen,base,0,72,0,9,10.0,10,0,10,10,zero,
manual_screen,base,0,72,1,9,25.0,25,0,15,15,zero,
manual_screen,base,0,72,2,9,37.0,37,0,0,0,zero,
manual_screen,base,0,73,0,9,7.0,7,0,6,6,zero,
manual_screen,base,0,73,1,9,19.0,19,0,15,15,zero,
manual_screen,base,0,73,2,9,22.0,22,0,20,20,zero,
manual_screen,base,0,74,0,9,17.0,17,0,6,6,zero,
manual_screen,base,0,74,1,9,13.0,13,0,3,3,zero,
manual_screen,base,0,74,2,9,19.0,19,0,20,20,zero,
manual_screen,base,0,75,0,9,17.0,17,0,6,6,zero,
manual_screen,base,0,75,1,9,25.0,25,0,1,1,zero,
manual_screen,base,0,75,2,9,18.0,18,0,0,0,zero,
manual_screen,base,0,76,0,8,19.0,19,0,9,9,zero,
manual_screen,base,0,76,1,8,31.0,31,0,1,1,zero,
manual_screen,base,0,76,2,8,17.0,17,0,0,0,zero,
manual_screen,base,0,77,0,8,17.0,17,0,9,9,zero,
manual_screen,base,0,77,1,8,37.0,37,0,1,1,zero,
manual_screen,base,0,77,2,8,36.0,36,0,0,0,zero,
manual_screen,base,0,78,0,8,15.0,15,0,4,4,zero,
manual_screen,base,0,78,1,8,36.0,36,0,15,15,zero,
manual_screen,base,0,78,2,8,41.0,41,0,0,0,zero,
manual_screen,base,0,79,0,8,13.0,13,0,9,9,zero,
manual_screen,base,0,79,1,8,28.0,28,0,1,1,zero,
manual_screen,base,0,79,2,8,40.0,40,0,0,0,zero,
manual_screen,base,0,80,0,8,14.0,14,0,4,4,zero,
manual_screen,base,0,80,1,8,25.0,25,0,15,15,zero,
manual_screen,base,0,80,2,8,25.0,25,0,0,0,zero,
manual_screen,base,0,81,0,9,14.0,14,0,9,9,zero,
manual_screen,base,0,81,1,9,17.0,17,0,1,1,zero,
manual_screen,base,0,81,2,9,24.0,24,0,16,16,zero,
manual_screen,base,0,82,0,9,9.0,9,0,9,9,zero,
manual_screen,base,0,82,1,9,23.0,23,0,1,1,zero,
manual_screen,base,0,82,2,9,23.0,23,0,0,0,zero,
manual_screen,base,0,83,0,8,10.0,10,0,9,9,zero,
manual_screen,base,0,83,1,8,15.0,15,0,1,1,zero,
manual_screen,base,0,83,2,8,22.0,22,0,0,0,zero,
manual_screen,base,0,84,0,8,6.0,6,0,9,9,zero,
manual_screen,base,0,84,1,8,21.0,21,0,15,15,zero,
manual_screen,base,0,84,2,8,7.0,7,0,0,0,zero,
manual_screen,base,0,85,0,9,6.0,6,0,2,2,zero,
manual_screen,base,0,85,1,9,20.0,20,0,15,15,zero,
manual_screen,base,0,85,2,9,8.0,8,0,0,0,zero,
manual_screen,base,0,86,0,9,6.0,6,0,10,10,zero,
manual_screen,base,0,86,1,9,11.0,11,0,1,1,zero,
manual_screen,base,0,86,2,9,7.0,7,0,20,20,zero,
manual_screen,base,0,87,0,10,5.0,5,0,10,10,zero,
manual_screen,base,0,87,1,10,2.0,2,0,1,1,zero,
manual_screen,base,0,87,2,10,6.0,6,0,20,20,zero,
manual_screen,base,0,88,0,9,5.0,5,0,9,9,zero,
manual_screen,base,0,88,1,9,8.0,8,0,15,15,zero,
manual_screen,base,0,88,2,9,9.0,0,9,0,0,zero,
manual_screen,base,0,89,0,10,3.0,0,3,9,9,zero,
manual_screen,base,0,89,1,10,14.0,14,0,15,15,zero,
manual_screen,base,0,89,2,10,24.0,0,24,0,0,zero,
manual_screen,base,0,90,0,10,3.0,0,3,10,10,zero,
manual_screen,base,0,90,1,10,5.0,5,0,15,15,zero,
manual_screen,base,0,90,2,10,19.0,0,19,20,20,zero,
manual_screen,base,0,91,0,9,2.0,0,2,10,10,zero,
manual_screen,base,0,91,1,9,4.0,0,4,11,11,zero,
manual_screen,base,0,91,2,9,10.0,0,10,20,20,zero,
manual_screen,base,0,92,0,10,3.0,0,3,10,10,zero,
manual_screen,base,0,92,1,10,8.0,0,8,11,11,zero,
manual_screen,base,0,92,2,10,21.0,0,21,20,20,zero,
manual_screen,base,0,93,0,8,2.0,0,2,10,10,zero,
manual_screen,base,0,93,1,8,18.0,0,18,15,15,zero,
manual_screen,base,0,93,2,8,36.0,0,36,20,20,zero,
manual_screen,base,0,94,0,8,-0.0,0,0,10,10,zero,
manual_screen,base,0,94,1,8,8.0,0,8,15,15,zero,
manual_screen,base,0,94,2,8,31.0,0,31,17,17,zero,
manual_screen,base,0,95,0,8,2.0,0,2,6,6,zero,
manual_screen,base,0,95,1,8,6.0,6,0,15,15,zero,
manual_screen,base,0,95,2,8,26.0,0,26,20,20,zero,
manual_screen,base,0,96,0,9,5.0,0,5,6,6,zero,
manual_screen,base,0,96,1,9,-0.0,0,0,3,3,zero,
manual_screen,base,0,96,2,9,9.0,0,9,16,16,zero,
manual_screen,base,0,97,0,8,13.0,0,13,6,6,zero,
manual_screen,base,0,97,1,8,6.0,0,6,0,0,zero,
manual_screen,base,0,97,2,8,11.0,11,0,0,0,zero,
manual_screen,base,0,98,0,7,-0.0,0,0,6,6,zero,
manual_screen,base,0,98,1,7,8.0,8,0,0,0,zero,
manual_screen,base,0,98,2,7,28.0,28,0,0,0,zero,
manual_screen,base,0,99,0,8,6.0,6,0,6,6,zero,
manual_screen,base,0,99,1,8,22.0,22,0,1,1,zero,
manual_screen,base,0,99,2,8,47.0,47,0,0,0,zero,
manual_screen,base,0,100,0,8,4.0,4,0,19,19,zero,
manual_screen,base,0,100,1,8,23.0,23,0,1,1,zero,
manual_screen,base,0,100,2,8,62.0,62,0,0,0,zero,
manual_screen,base,0,101,0,7,3.0,0,3,6,6,zero,
manual_screen,base,0,101,1,7,26.0,26,0,18,18,zero,
manual_screen,base,0,101,2,7,44.0,44,0,0,0,zero,
manual_screen,base,0,102,0,7,2.0,2,0,2,2,zero,
manual_screen,base,0,102,1,7,24.0,24,0,15,15,zero,
manual_screen,base,0,102,2,7,29.0,29,0,1,1,zero,
manual_screen,base,0,103,0,7,1.0,1,0,6,6,zero,
manual_screen,base,0,103,1,7,19.0,19,0,1,1,zero,
manual_screen,base,0,103,2,7,28.0,28,0,20,20,zero,
manual_screen,base,0,104,0,7,13.0,13,0,6,6,zero,
manual_screen,base,0,104,1,7,14.0,14,0,1,1,zero,
manual_screen,base,0,104,2,7,27.0,27,0,0,0,zero,
manual_screen,base,0,105,0,7,12.0,12,0,9,9,zero,
manual_screen,base,0,105,1,7,23.0,23,0,1,1,zero,
manual_screen,base,0,105,2,7,26.0,26,0,0,0,zero,
manual_screen,base,0,106,0,7,7.0,7,0,9,9,zero,
manual_screen,base,0,106,1,7,29.0,29,0,12,12,zero,
manual_screen,base,0,106,2,7,15.0,15,0,0,0,zero,
manual_screen,base,0,107,0,6,7.0,7,0,2,2,zero,
manual_screen,base,0,107,1,6,28.0,28,0,15,15,zero,
manual_screen,base,0,107,2,6,20.0,20,0,0,0,zero,
manual_screen,base,0,108,0,6,7.0,7,0,6,6,zero,
manual_screen,base,0,108,1,6,23.0,23,0,1,1,zero,
manual_screen,base,0,108,2,6,19.0,19,0,20,20,zero,
manual_screen,base,0,109,0,6,10.0,10,0,6,6,zero,
manual_screen,base,0,109,1,6,18.0,18,0,1,1,zero,
manual_screen,base,0,109,2,6,18.0,18,0,0,0,zero,
manual_screen,base,0,110,0,6,13.0,13,0,6,6,zero,
manual_screen,base,0,110,1,6,24.0,24,0,1,1,zero,
manual_screen,base,0,110,2,6,17.0,17,0,0,0,zero,
manual_screen,base,0,111,0,7,8.0,8,0,2,2,zero,
manual_screen,base,0,111,1,7,37.0,37,0,1,1,zero,
manual_screen,base,0,111,2,7,16.0,16,0,0,0,zero,
manual_screen,base,0,112,0,7,7.0,7,0,9,9,zero,
manual_screen,base,0,112,1,7,29.0,29,0,1,1,zero,
manual_screen,base,0,112,2,7,35.0,35,0,0,0,zero,
manual_screen,base,0,113,0,6,7.0,7,0,9,9,zero,
manual_screen,base,0,113,1,6,21.0,21,0,1,1,zero,
manual_screen,base,0,113,2,6,34.0,34,0,0,0,zero,
manual_screen,base,0,114,0,7,6.0,6,0,2,2,zero,
manual_screen,base,0,114,1,7,20.0,20,0,15,15,zero,
manual_screen,base,0,114,2,7,19.0,19,0,0,0,zero,
manual_screen,base,0,115,0,6,2.0,2,0,6,6,zero,
manual_screen,base,0,115,1,6,15.0,15,0,1,1,zero,
manual_screen,base,0,115,2,6,18.0,18,0,1,1,zero,
manual_screen,base,0,116,0,5,6.0,6,0,6,6,zero,
manual_screen,base,0,116,1,5,10.0,10,0,1,1,zero,
manual_screen,base,0,116,2,5,17.0,17,0,0,0,zero,
manual_screen,base,0,117,0,5,10.0,10,0,6,6,zero,
manual_screen,base,0,117,1,5,5.0,5,0,1,1,zero,
manual_screen,base,0,117,2,5,16.0,16,0,0,0,zero,
manual_screen,base,0,118,0,5,7.0,7,0,2,2,zero,
manual_screen,base,0,118,1,5,18.0,18,0,1,1,zero,
manual_screen,base,0,118,2,5,15.0,15,0,0,0,zero,
manual_screen,base,0,119,0,4,9.0,9,0,6,6,zero,
manual_screen,base,0,119,1,4,13.0,13,0,1,1,zero,
manual_screen,base,0,119,2,4,15.0,15,0,0,0,zero,
manual_screen,base,0,120,0,3,12.0,12,0,2,2,zero,
manual_screen,base,0,120,1,3,12.0,12,0,15,15,zero,
manual_screen,base,0,120,2,3,-0.0,0,0,0,0,zero,
manual_screen,base,0,121,0,3,15.0,15,0,0,0,zero,
manual_screen,base,0,121,1,3,13.0,13,0,1,1,zero,
manual_screen,base,0,121,2,3,1.0,0,1,20,20,zero,
manual_screen,base,0,122,0,2,15.0,15,0,0,0,zero,
manual_screen,base,0,122,1,2,14.0,14,0,0,0,zero,
manual_screen,base,0,122,2,2,1.0,0,1,2,2,zero,
manual_screen,base,0,123,0,2,19.0,19,0,0,0,zero,
manual_screen,base,0,123,1,2,15.0,15,0,0,0,zero,
manual_screen,base,0,123,2,2,1.0,0,1,0,0,zero,
manual_screen,base,0,124,0,3,18.0,18,0,0,0,zero,
manual_screen,base,0,124,1,3,30.0,30,0,0,0,zero,
manual_screen,base,0,124,2,3,1.0,0,1,0,0,zero,
manual_screen,base,0,125,0,3,15.0,15,0,0,0,zero,
manual_screen,base,0,125,1,3,30.0,30,0,0,0,zero,
manual_screen,base,0,125,2,3,19.0,19,0,0,0,zero,
manual_screen,base,0,126,0,3,12.0,12,0,2,2,zero,
manual_screen,base,0,126,1,3,28.0,28,0,0,0,zero,
manual_screen,base,0,126,2,3,21.0,21,0,0,0,zero,
manual_screen,base,0,127,0,3,9.0,9,0,2,2,zero,
manual_screen,base,0,127,1,3,26.0,26,0,0,0,zero,
manual_screen,base,0,127,2,3,21.0,21,0,0,0,zero,
manual_screen,base,0,128,0,3,6.0,6,0,2,2,zero,
manual_screen,base,0,128,1,3,24.0,24,0,0,0,zero,
manual_screen,base,0,128,2,3,21.0,21,0,0,0,zero,
manual_screen,base,0,129,0,3,3.0,3,0,2,2,zero,
manual_screen,base,0,129,1,3,23.0,23,0,0,0,zero,
manual_screen,base,0,129,2,3,21.0,21,0,0,0,zero,
manual_screen,base,0,130,0,3,2.0,2,0,2,2,zero,
manual_screen,base,0,130,1,3,21.0,21,0,1,1,zero,
manual_screen,base,0,130,2,3,20.0,20,0,0,0,zero,
manual_screen,base,0,131,0,2,2.0,2,0,2,2,zero,
manual_screen,base,0,131,1,2,19.0,19,0,1,1,zero,
manual_screen,base,0,131,2,2,19.0,19,0,0,0,zero,
manual_screen,base,0,132,0,2,2.0,2,0,2,2,zero,
manual_screen,base,0,132,1,2,17.0,17,0,1,1,zero,
manual_screen,base,0,132,2,2,18.0,18,0,0,0,zero,
manual_screen,base,0,133,0,2,2.0,2,0,0,0,zero,
manual_screen,base,0,133,1,2,17.0,17,0,1,1,zero,
manual_screen,base,0,133,2,2,17.0,17,0,0,0,zero,
manual_screen,base,0,134,0,3,1.0,1,0,0,0,zero,
manual_screen,base,0,134,1,3,18.0,18,0,0,0,zero,
manual_screen,base,0,134,2,3,17.0,17,0,0,0,zero,
manual_screen,base,0,135,0,2,1.0,1,0,6,6,zero,
manual_screen,base,0,135,1,2,13.0,13,0,0,0,zero,
manual_screen,base,0,135,2,2,17.0,17,0,0,0,zero,
manual_screen,base,0,136,0,3,-0.0,0,0,2,2,zero,
manual_screen,base,0,136,1,3,12.0,12,0,1,1,zero,
manual_screen,base,0,136,2,3,16.0,16,0,0,0,zero,
manual_screen,base,0,137,0,3,3.0,0,3,6,6,zero,
manual_screen,base,0,137,1,3,7.0,7,0,1,1,zero,
manual_screen,base,0,137,2,3,15.0,15,0,0,0,zero,
manual_screen,base,0,138,0,2,5.0,0,5,0,0,zero,
manual_screen,base,0,138,1,2,7.0,7,0,15,15,zero,
manual_screen,base,0,138,2,2,-0.0,0,0,0,0,zero,
manual_screen,base,0,139,0,2,1.0,0,1,6,6,zero,
manual_screen,base,0,139,1,2,1.0,1,0,1,1,zero,
manual_screen,base,0,139,2,2,1.0,0,1,1,1,zero,
manual_screen,base,0,140,0,3,2.0,0,2,0,0,zero,
manual_screen,base,0,140,1,3,2.0,2,0,15,15,zero,
manual_screen,base,0,140,2,3,16.0,0,16,20,20,zero,
manual_screen,base,0,141,0,2,2.0,2,0,6,6,zero,
manual_screen,base,0,141,1,2,3.0,0,3,1,1,zero,
manual_screen,base,0,141,2,2,17.0,0,17,20,20,zero,
manual_screen,base,0,142,0,3,1.0,0,1,0,0,zero,
manual_screen,base,0,142,1,3,12.0,12,0,5,5,zero,
manual_screen,base,0,142,2,3,22.0,0,22,3,3,zero,
manual_screen,base,0,143,0,3,2.0,2,0,2,2,zero,
manual_screen,base,0,143,1,3,10.0,10,0,1,1,zero,
manual_screen,base,0,143,2,3,22.0,0,22,0,0,zero,
manual_screen,base,0,144,0,3,1.0,0,1,6,6,zero,
manual_screen,base,0,144,1,3,4.0,4,0,1,1,zero,
manual_screen,base,0,144,2,3,3.0,0,3,0,0,zero,
manual_screen,base,0,145,0,2,-0.0,0,0,0,0,zero,
manual_screen,base,0,145,1,2,4.0,4,0,0,0,zero,
manual_screen,base,0,145,2,2,17.0,17,0,0,0,zero,
manual_screen,base,0,146,0,2,1.0,1,0,0,0,zero,
manual_screen,base,0,146,1,2,4.0,4,0,0,0,zero,
manual_screen,base,0,146,2,2,20.0,20,0,0,0,zero,
manual_screen,base,0,147,0,2,1.0,1,0,0,0,zero,
manual_screen,base,0,147,1,2,5.0,5,0,0,0,zero,
manual_screen,base,0,147,2,2,20.0,20,0,0,0,zero,
manual_screen,base,0,148,0,2,5.0,5,0,6,6,zero,
manual_screen,base,0,148,1,2,19.0,19,0,0,0,zero,
manual_screen,base,0,148,2,2,20.0,20,0,0,0,zero,
manual_screen,base,0,149,0,2,3.0,3,0,0,0,zero,
manual_screen,base,0,149,1,2,22.0,22,0,1,1,zero,
manual_screen,base,0,149,2,2,19.0,19,0,0,0,zero,
manual_screen,base,0,150,0,3,-0.0,0,0,6,6,zero,
manual_screen,base,0,150,1,3,16.0,16,0,0,0,zero,
manual_screen,base,0,150,2,3,19.0,19,0,0,0,zero,
manual_screen,base,0,151,0,3,3.0,0,3,0,0,zero,
manual_screen,base,0,151,1,3,16.0,16,0,1,1,zero,
manual_screen,base,0,151,2,3,18.0,18,0,0,0,zero,
manual_screen,base,0,152,0,3,-0.0,0,0,6,6,zero,
manual_screen,base,0,152,1,3,10.0,10,0,1,1,zero,
manual_screen,base,0,152,2,3,17.0,17,0,0,0,zero,
manual_screen,base,0,153,0,3,3.0,0,3,0,0,zero,
manual_screen,base,0,153,1,3,11.0,11,0,15,15,zero,
manual_screen,base,0,153,2,3,2.0,2,0,0,0,zero,
manual_screen,base,0,154,0,3,-0.0,0,0,6,6,zero,
manual_screen,base,0,154,1,3,5.0,5,0,1,1,zero,
manual_screen,base,0,154,2,3,1.0,1,0,1,1,zero,
manual_screen,base,0,155,0,4,4.0,0,4,2,2,zero,
manual_screen,base,0,155,1,4,4.0,4,0,1,1,zero,
manual_screen,base,0,155,2,4,-0.0,0,0,20,20,zero,
manual_screen,base,0,156,0,3,1.0,0,1,6,6,zero,
manual_screen,base,0,156,1,3,1.0,0,1,1,1,zero,
manual_screen,base,0,156,2,3,1.0,0,1,20,20,zero,
manual_screen,base,0,157,0,3,4.0,0,4,2,2,zero,
manual_screen,base,0,157,1,3,12.0,12,0,5,5,zero,
manual_screen,base,0,157,2,3,6.0,0,6,0,0,zero,
manual_screen,base,0,158,0,3,1.0,0,1,6,6,zero,
manual_screen,base,0,158,1,3,7.0,7,0,1,1,zero,
manual_screen,base,0,158,2,3,6.0,0,6,0,0,zero,
manual_screen,base,0,159,0,3,2.0,0,2,0,0,zero,
manual_screen,base,0,159,1,3,8.0,8,0,15,15,zero,
manual_screen,base,0,159,2,3,1.0,0,1,0,0,zero,
manual_screen,base,0,160,0,3,-0.0,0,0,6,6,zero,
manual_screen,base,0,160,1,3,2.0,2,0,1,1,zero,
manual_screen,base,0,160,2,3,18.0,18,0,0,0,zero,
manual_screen,base,0,161,0,4,1.0,0,1,0,0,zero,
manual_screen,base,0,161,1,4,2.0,2,0,5,5,zero,
manual_screen,base,0,161,2,4,13.0,13,0,0,0,zero,
manual_screen,base,0,162,0,4,1.0,1,0,6,6,zero,
manual_screen,base,0,162,1,4,3.0,0,3,1,1,zero,
manual_screen,base,0,162,2,4,12.0,12,0,20,20,zero,
manual_screen,base,0,163,0,4,3.0,0,3,6,6,zero,
manual_screen,base,0,163,1,4,11.0,11,0,1,1,zero,
manual_screen,base,0,163,2,4,11.0,11,0,0,0,zero,
manual_screen,base,0,164,0,3,-0.0,0,0,2,2,zero,
manual_screen,base,0,164,1,3,11.0,11,0,15,15,zero,
manual_screen,base,0,164,2,3,4.0,0,4,0,0,zero,
manual_screen,base,0,165,0,3,3.0,0,3,2,2,zero,
manual_screen,base,0,165,1,3,14.0,14,0,1,1,zero,
manual_screen,base,0,165,2,3,5.0,0,5,1,1,zero,
manual_screen,base,0,166,0,3,3.0,0,3,6,6,zero,
manual_screen,base,0,166,1,3,9.0,9,0,1,1,zero,
manual_screen,base,0,166,2,3,14.0,14,0,4,4,zero,
manual_screen,base,0,167,0,3,3.0,3,0,2,2,zero,
manual_screen,base,0,167,1,3,8.0,8,0,1,1,zero,
manual_screen,base,0,167,2,3,13.0,13,0,0,0,zero,
manual_screen,base,0,168,0,3,2.0,2,0,6,6,zero,
manual_screen,base,0,168,1,3,13.0,13,0,1,1,zero,
manual_screen,base,0,168,2,3,12.0,12,0,0,0,zero,
manual_screen,base,0,169,0,3,1.0,1,0,0,0,zero,
manual_screen,base,0,169,1,3,13.0,13,0,1,1,zero,
manual_screen,base,0,169,2,3,12.0,12,0,0,0,zero,
manual_screen,base,0,170,0,3,4.0,4,0,0,0,zero,
manual_screen,base,0,170,1,3,19.0,19,0,1,1,zero,
manual_screen,base,0,170,2,3,15.0,15,0,0,0,zero,
manual_screen,base,0,171,0,3,3.0,3,0,6,6,zero,
manual_screen,base,0,171,1,3,14.0,14,0,0,0,zero,
manual_screen,base,0,171,2,3,15.0,15,0,0,0,zero,
manual_screen,base,0,172,0,3,6.0,6,0,0,0,zero,
manual_screen,base,0,172,1,3,15.0,15,0,1,1,zero,
manual_screen,base,0,172,2,3,14.0,14,0,0,0,zero,
manual_screen,base,0,173,0,3,3.0,3,0,6,6,zero,
manual_screen,base,0,173,1,3,10.0,10,0,1,1,zero,
manual_screen,base,0,173,2,3,13.0,13,0,0,0,zero,
manual_screen,base,0,174,0,3,-0.0,0,0,2,2,zero,
manual_screen,base,0,174,1,3,9.0,9,0,15,15,zero,
manual_screen,base,0,174,2,3,2.0,0,2,0,0,zero,
manual_screen,base,0,175,0,3,3.0,3,0,0,0,zero,
manual_screen,base,0,175,1,3,9.0,9,0,1,1,zero,
manual_screen,base,0,175,2,3,3.0,0,3,20,20,zero,
manual_screen,base,0,176,0,2,1.0,1,0,2,2,zero,
manual_screen,base,0,176,1,2,8.0,8,0,0,0,zero,
manual_screen,base,0,176,2,2,3.0,0,3,3,3,zero,
manual_screen,base,0,177,0,3,4.0,4,0,2,2,zero,
manual_screen,base,0,177,1,3,7.0,7,0,0,0,zero,
manual_screen,base,0,177,2,3,3.0,0,3,0,0,zero,
manual_screen,base,0,178,0,3,3.0,3,0,6,6,zero,
manual_screen,base,0,178,1,3,14.0,14,0,0,0,zero,
manual_screen,base,0,178,2,3,3.0,0,3,0,0,zero,
manual_screen,base,0,179,0,3,-0.0,0,0,2,2,zero,
manual_screen,base,0,179,1,3,12.0,12,0,1,1,zero,
manual_screen,base,0,179,2,3,16.0,16,0,0,0,zero,
manual_screen,base,0,180,0,3,1.0,0,1,0,0,zero,
manual_screen,base,0,180,1,3,12.0,12,0,1,1,zero,
manual_screen,base,0,180,2,3,18.0,18,0,0,0,zero,
manual_screen,base,0,181,0,3,2.0,0,2,6,6,zero,
manual_screen,base,0,181,1,3,6.0,6,0,1,1,zero,
manual_screen,base,0,181,2,3,17.0,17,0,0,0,zero,
manual_screen,base,0,182,0,3,1.0,1,0,2,2,zero,
manual_screen,base,0,182,1,3,4.0,4,0,15,15,zero,
manual_screen,base,0,182,2,3,2.0,2,0,0,0,zero,
manual_screen,base,0,183,0,3,-0.0,0,0,6,6,zero,
manual_screen,base,0,183,1,3,2.0,2,0,0,0,zero,
manual_screen,base,0,183,2,3,2.0,2,0,20,20,zero,
manual_screen,base,0,184,0,4,4.0,0,4,0,0,zero,
manual_screen,base,0,184,1,4,3.0,3,0,15,15,zero,
manual_screen,base,0,184,2,4,13.0,0,13,2,2,zero,
manual_screen,base,0,185,0,4,2.0,0,2,6,6,zero,
manual_screen,base,0,185,1,4,2.0,0,2,1,1,zero,
manual_screen,base,0,185,2,4,14.0,0,14,20,20,zero,
manual_screen,base,0,186,0,4,4.0,0,4,6,6,zero,
manual_screen,base,0,186,1,4,7.0,7,0,5,5,zero,
manual_screen,base,0,186,2,4,19.0,0,19,20,20,zero,
manual_screen,base,0,187,0,5,3.0,0,3,6,6,zero,
manual_screen,base,0,187,1,5,1.0,1,0,15,15,zero,
manual_screen,base,0,187,2,5,14.0,0,14,0,0,zero,
manual_screen,base,0,188,0,5,8.0,0,8,10,10,zero,
manual_screen,base,0,188,1,5,7.0,0,7,3,3,zero,
manual_screen,base,0,188,2,5,15.0,0,15,16,16,zero,
manual_screen,base,0,189,0,4,8.0,0,8,10,10,zero,
manual_screen,base,0,189,1,4,17.0,0,17,15,15,zero,
manual_screen,base,0,189,2,4,10.0,0,10,16,16,zero,
manual_screen,base,0,190,0,4,4.0,0,4,10,10,zero,
manual_screen,base,0,190,1,4,27.0,0,27,15,15,zero,
manual_screen,base,0,190,2,4,5.0,0,5,20,20,zero,
manual_screen,base,0,191,0,4,2.0,0,2,10,10,zero,
manual_screen,base,0,191,1,4,17.0,0,17,3,3,zero,
manual_screen,base,0,191,2,4,8.0,0,8,20,20,zero,
manual_screen,base,0,192,0,4,3.0,0,3,6,6,zero,
manual_screen,base,0,192,1,4,21.0,0,21,18,18,zero,
manual_screen,base,0,192,2,4,10.0,0,10,0,0,zero,
manual_screen,base,0,193,0,5,8.0,0,8,6,6,zero,
manual_screen,base,0,193,1,5,7.0,0,7,3,3,zero,
manual_screen,base,0,193,2,5,3.0,3,0,20,20,zero,
manual_screen,base,0,194,0,5,13.0,0,13,0,0,zero,
manual_screen,base,0,194,1,5,13.0,13,0,12,12,zero,
manual_screen,base,0,194,2,5,11.0,11,0,16,16,zero,
manual_screen,base,0,195,0,5,2.0,2,0,0,0,zero,
manual_screen,base,0,195,1,5,13.0,13,0,0,0,zero,
manual_screen,base,0,195,2,5,31.0,31,0,1,1,zero,
manual_screen,base,0,196,0,4,-0.0,0,0,0,0,zero,
manual_screen,base,0,196,1,4,29.0,29,0,0,0,zero,
manual_screen,base,0,196,2,4,31.0,31,0,0,0,zero,
manual_screen,base,0,197,0,4,16.0,16,0,6,6,zero,
manual_screen,base,0,197,1,4,36.0,36,0,0,0,zero,
manual_screen,base,0,197,2,4,51.0,51,0,0,0,zero,
manual_screen,base,0,198,0,5,18.0,18,0,2,2,zero,
manual_screen,base,0,198,1,5,46.0,46,0,0,0,zero,
manual_screen,base,0,198,2,5,67.0,67,0,0,0,zero,
manual_screen,base,0,199,0,6,12.0,12,0,6,6,zero,
manual_screen,base,0,199,1,6,40.0,40,0,0,0,zero,
manual_screen,base,0,199,2,6,68.0,68,0,0,0,zero,
manual_screen,base,0,200,0,6,6.0,6,0,6,6,zero,
manual_screen,base,0,200,1,6,34.0,34,0,1,1,zero,
manual_screen,base,0,200,2,6,67.0,67,0,0,0,zero,
manual_screen,base,1,1,0,10,10.0,10,0,10,10,zero,
manual_screen,base,1,1,1,10,10.0,10,0,15,15,zero,
manual_screen,base,1,1,2,10,5.0,5,0,0,0,zero,
manual_screen,base,1,2,0,10,10.0,10,0,10,10,zero,
manual_screen,base,1,2,1,10,10.0,10,0,1,1,zero,
manual_screen,base,1,2,2,10,14.0,14,0,20,20,zero,
manual_screen,base,1,3,0,10,10.0,10,0,10,10,zero,
manual_screen,base,1,3,1,10,10.0,10,0,15,15,zero,
manual_screen,base,1,3,2,10,9.0,9,0,3,3,zero,
manual_screen,base,1,4,0,10,10.0,10,0,10,10,zero,
manual_screen,base,1,4,1,10,10.0,10,0,15,15,zero,
manual_screen,base,1,4,2,10,4.0,4,0,20,20,zero,
manual_screen,base,1,5,0,10,10.0,10,0,9,9,zero,
manual_screen,base,1,5,1,10,16.0,16,0,15,15,zero,
manual_screen,base,1,5,2,10,11.0,0,11,20,20,zero,
manual_screen,base,1,6,0,10,10.0,10,0,9,9,zero,
manual_screen,base,1,6,1,10,8.0,8,0,15,15,zero,
manual_screen,base,1,6,2,10,6.0,0,6,20,20,zero,
manual_screen,base,1,7,0,11,9.0,9,0,9,9,zero,
manual_screen,base,1,7,1,11,14.0,14,0,3,3,zero,
manual_screen,base,1,7,2,11,6.0,0,6,20,20,zero,
manual_screen,base,1,8,0,14,5.0,5,0,19,19,zero,
manual_screen,base,1,8,1,14,10.0,10,0,5,5,zero,
manual_screen,base,1,8,2,14,9.0,9,0,0,0,zero,
manual_screen,base,1,9,0,14,-0.0,0,0,9,9,zero,
manual_screen,base,1,9,1,14,5.0,5,0,15,15,zero,
manual_screen,base,1,9,2,14,14.0,14,0,0,0,zero,
manual_screen,base,1,10,0,16,7.0,0,7,19,19,zero,
manual_screen,base,1,10,1,16,6.0,6,0,15,15,zero,
manual_screen,base,1,10,2,16,19.0,19,0,1,1,zero,
manual_screen,base,1,11,0,16,14.0,0,14,10,10,zero,
manual_screen,base,1,11,1,16,1.0,0,1,15,15,zero,
manual_screen,base,1,11,2,16,24.0,24,0,20,20,zero,
manual_screen,base,1,12,0,15,10.0,0,10,19,19,zero,
manual_screen,base,1,12,1,15,9.0,0,9,15,15,zero,
manual_screen,base,1,12,2,15,9.0,9,0,20,20,zero,
manual_screen,base,1,13,0,14,15.0,0,15,19,19,zero,
manual_screen,base,1,13,1,14,13.0,0,13,18,18,zero,
manual_screen,base,1,13,2,14,9.0,0,9,20,20,zero,
manual_screen,base,1,14,0,14,10.0,0,10,10,10,zero,
manual_screen,base,1,14,1,14,8.0,0,8,18,18,zero,
manual_screen,base,1,14,2,14,26.0,0,26,20,20,zero,
manual_screen,base,1,15,0,17,18.0,0,18,19,19,zero,
manual_screen,base,1,15,1,17,12.0,0,12,18,18,zero,
manual_screen,base,1,15,2,17,24.0,0,24,20,20,zero,
manual_screen,base,1,16,0,16,23.0,0,23,19,19,zero,
manual_screen,base,1,16,1,16,16.0,0,16,18,18,zero,
manual_screen,base,1,16,2,16,22.0,0,22,17,17,zero,
manual_screen,base,1,17,0,18,26.0,0,26,19,19,zero,
manual_screen,base,1,17,1,18,26.0,0,26,18,18,zero,
manual_screen,base,1,17,2,18,20.0,0,20,20,20,zero,
manual_screen,base,1,18,0,17,28.0,0,28,19,19,zero,
manual_screen,base,1,18,1,17,44.0,0,44,18,18,zero,
manual_screen,base,1,18,2,17,18.0,0,18,20,20,zero,
manual_screen,base,1,19,0,18,31.0,0,31,19,19,zero,
manual_screen,base,1,19,1,18,43.0,0,43,18,18,zero,
manual_screen,base,1,19,2,18,16.0,0,16,20,20,zero,
manual_screen,base,1,20,0,17,33.0,0,33,10,10,zero,
manual_screen,base,1,20,1,17,33.0,0,33,18,18,zero,
manual_screen,base,1,20,2,17,17.0,0,17,20,20,zero,
manual_screen,base,1,21,0,18,42.0,0,42,19,19,zero,
manual_screen,base,1,21,1,18,32.0,0,32,3,3,zero,
manual_screen,base,1,21,2,18,-0.0,0,0,20,20,zero,
manual_screen,base,1,22,0,18,59.0,0,59,19,19,zero,
manual_screen,base,1,22,1,18,31.0,0,31,18,18,zero,
manual_screen,base,1,22,2,18,2.0,2,0,16,16,zero,
manual_screen,base,1,23,0,15,54.0,0,54,17,17,zero,
manual_screen,base,1,23,1,15,28.0,0,28,18,18,zero,
manual_screen,base,1,23,2,15,4.0,4,0,1,1,zero,
manual_screen,base,1,24,0,14,48.0,0,48,10,10,zero,
manual_screen,base,1,24,1,14,21.0,0,21,18,18,zero,
manual_screen,base,1,24,2,14,6.0,6,0,16,16,zero,
manual_screen,base,1,25,0,13,41.0,0,41,10,10,zero,
manual_screen,base,1,25,1,13,11.0,0,11,18,18,zero,
manual_screen,base,1,25,2,13,8.0,8,0,20,20,zero,
manual_screen,base,1,26,0,13,34.0,0,34,10,10,zero,
manual_screen,base,1,26,1,13,3.0,0,3,18,18,zero,
manual_screen,base,1,26,2,13,6.0,6,0,20,20,zero,
manual_screen,base,1,27,0,11,25.0,0,25,10,10,zero,
manual_screen,base,1,27,1,11,5.0,5,0,18,18,zero,
manual_screen,base,1,27,2,11,11.0,0,11,20,20,zero,
manual_screen,base,1,28,0,10,18.0,0,18,10,10,zero,
manual_screen,base,1,28,1,10,13.0,13,0,18,18,zero,
manual_screen,base,1,28,2,10,13.0,0,13,20,20,zero,
manual_screen,base,1,29,0,8,6.0,0,6,10,10,zero,
manual_screen,base,1,29,1,8,21.0,21,0,12,12,zero,
manual_screen,base,1,29,2,8,5.0,0,5,16,16,zero,
manual_screen,base,1,30,0,8,4.0,4,0,6,6,zero,
manual_screen,base,1,30,1,8,33.0,33,0,0,0,zero,
manual_screen,base,1,30,2,8,15.0,15,0,16,16,zero,
manual_screen,base,1,31,0,8,9.0,9,0,10,10,zero,
manual_screen,base,1,31,1,8,30.0,30,0,0,0,zero,
manual_screen,base,1,31,2,8,35.0,35,0,0,0,zero,
manual_screen,base,1,32,0,8,11.0,11,0,6,6,zero,
manual_screen,base,1,32,1,8,40.0,40,0,12,12,zero,
manual_screen,base,1,32,2,8,43.0,43,0,0,0,zero,
manual_screen,base,1,33,0,7,14.0,14,0,10,10,zero,
manual_screen,base,1,33,1,7,50.0,50,0,1,1,zero,
manual_screen,base,1,33,2,7,58.0,58,0,0,0,zero,
manual_screen,base,1,34,0,8,12.0,12,0,6,6,zero,
manual_screen,base,1,34,1,8,49.0,49,0,12,12,zero,
manual_screen,base,1,34,2,8,62.0,62,0,0,0,zero,
manual_screen,base,1,35,0,7,15.0,15,0,9,9,zero,
manual_screen,base,1,35,1,7,40.0,40,0,1,1,zero,
manual_screen,base,1,35,2,7,61.0,61,0,0,0,zero,
manual_screen,base,1,36,0,8,13.0,13,0,6,6,zero,
manual_screen,base,1,36,1,8,46.0,46,0,1,1,zero,
manual_screen,base,1,36,2,8,60.0,60,0,0,0,zero,
manual_screen,base,1,37,0,7,16.0,16,0,9,9,zero,
manual_screen,base,1,37,1,7,38.0,38,0,1,1,zero,
manual_screen,base,1,37,2,7,59.0,59,0,0,0,zero,
manual_screen,base,1,38,0,7,15.0,15,0,4,4,zero,
manual_screen,base,1,38,1,7,46.0,46,0,1,1,zero,
manual_screen,base,1,38,2,7,58.0,58,0,0,0,zero,
manual_screen,base,1,39,0,7,17.0,17,0,9,9,zero,
manual_screen,base,1,39,1,7,38.0,38,0,1,1,zero,
manual_screen,base,1,39,2,7,57.0,57,0,0,0,zero,
manual_screen,base,1,40,0,7,16.0,16,0,2,2,zero,
manual_screen,base,1,40,1,7,37.0,37,0,15,15,zero,
manual_screen,base,1,40,2,7,42.0,42,0,0,0,zero,
manual_screen,base,1,41,0,6,19.0,19,0,9,9,zero,
manual_screen,base,1,41,1,6,29.0,29,0,1,1,zero,
manual_screen,base,1,41,2,6,41.0,41,0,0,0,zero,
manual_screen,base,1,42,0,6,17.0,17,0,3,3,zero,
manual_screen,base,1,42,1,6,27.0,27,0,1,1,zero,
manual_screen,base,1,42,2,6,40.0,40,0,0,0,zero,
manual_screen,base,1,43,0,6,20.0,20,0,3,3,zero,
manual_screen,base,1,43,1,6,25.0,25,0,1,1,zero,
manual_screen,base,1,43,2,6,39.0,39,0,0,0,zero,
manual_screen,base,1,44,0,5,17.0,17,0,2,2,zero,
manual_screen,base,1,44,1,5,38.0,38,0,1,1,zero,
manual_screen,base,1,44,2,5,38.0,38,0,0,0,zero,
manual_screen,base,1,45,0,5,21.0,21,0,2,2,zero,
manual_screen,base,1,45,1,5,37.0,37,0,0,0,zero,
manual_screen,base,1,45,2,5,38.0,38,0,0,0,zero,
manual_screen,base,1,46,0,5,19.0,19,0,2,2,zero,
manual_screen,base,1,46,1,5,36.0,36,0,0,0,zero,
manual_screen,base,1,46,2,5,38.0,38,0,0,0,zero,
manual_screen,base,1,47,0,5,17.0,17,0,2,2,zero,
manual_screen,base,1,47,1,5,35.0,35,0,0,0,zero,
manual_screen,base,1,47,2,5,38.0,38,0,0,0,zero,
manual_screen,base,1,48,0,6,13.0,13,0,3,3,zero,
manual_screen,base,1,48,1,6,33.0,33,0,0,0,zero,
manual_screen,base,1,48,2,6,38.0,38,0,0,0,zero,
manual_screen,base,1,49,0,6,9.0,9,0,9,9,zero,
manual_screen,base,1,49,1,6,24.0,24,0,1,1,zero,
manual_screen,base,1,49,2,6,37.0,37,0,0,0,zero,
manual_screen,base,1,50,0,6,5.0,5,0,3,3,zero,
manual_screen,base,1,50,1,6,21.0,21,0,1,1,zero,
manual_screen,base,1,50,2,6,36.0,36,0,0,0,zero,
manual_screen,base,1,51,0,6,1.0,1,0,9,9,zero,
manual_screen,base,1,51,1,6,12.0,12,0,11,11,zero,
manual_screen,base,1,51,2,6,25.0,25,0,0,0,zero,
manual_screen,base,1,52,0,7,3.0,0,3,3,3,zero,
manual_screen,base,1,52,1,7,9.0,9,0,15,15,zero,
manual_screen,base,1,52,2,7,10.0,10,0,0,0,zero,
manual_screen,base,1,53,0,7,1.0,0,1,9,9,zero,
manual_screen,base,1,53,1,7,1.0,1,0,1,1,zero,
manual_screen,base,1,53,2,7,9.0,9,0,20,20,zero,
manual_screen,base,1,54,0,7,5.0,0,5,6,6,zero,
manual_screen,base,1,54,1,7,4.0,0,4,11,11,zero,
manual_screen,base,1,54,2,7,2.0,0,2,3,3,zero,
manual_screen,base,1,55,0,6,2.0,0,2,19,19,zero,
manual_screen,base,1,55,1,6,12.0,0,12,11,11,zero,
manual_screen,base,1,55,2,6,13.0,0,13,20,20,zero,
manual_screen,base,1,56,0,6,5.0,0,5,6,6,zero,
manual_screen,base,1,56,1,6,3.0,0,3,15,15,zero,
manual_screen,base,1,56,2,6,28.0,0,28,20,20,zero,
manual_screen,base,1,57,0,6,2.0,0,2,2,2,zero,
manual_screen,base,1,57,1,6,4.0,0,4,15,15,zero,
manual_screen,base,1,57,2,6,23.0,0,23,20,20,zero,
manual_screen,base,1,58,0,6,6.0,0,6,2,2,zero,
manual_screen,base,1,58,1,6,3.0,3,0,3,3,zero,
manual_screen,base,1,58,2,6,23.0,0,23,20,20,zero,
manual_screen,base,1,59,0,7,2.0,0,2,6,6,zero,
manual_screen,base,1,59,1,7,3.0,0,3,0,0,zero,
manual_screen,base,1,59,2,7,3.0,0,3,0,0,zero,
manual_screen,base,1,60,0,7,6.0,6,0,10,10,zero,
manual_screen,base,1,60,1,7,13.0,0,13,0,0,zero,
manual_screen,base,1,60,2,7,17.0,17,0,0,0,zero,
manual_screen,base,1,61,0,6,1.0,1,0,19,19,zero,
manual_screen,base,1,61,1,6,12.0,0,12,12,12,zero,
manual_screen,base,1,61,2,6,25.0,25,0,0,0,zero,
manual_screen,base,1,62,0,6,1.0,1,0,10,10,zero,
manual_screen,base,1,62,1,6,19.0,0,19,18,18,zero,
manual_screen,base,1,62,2,6,27.0,27,0,0,0,zero,
manual_screen,base,1,63,0,8,4.0,0,4,6,6,zero,
manual_screen,base,1,63,1,8,5.0,0,5,18,18,zero,
manual_screen,base,1,63,2,8,9.0,9,0,20,20,zero,
manual_screen,base,1,64,0,9,13.0,0,13,0,0,zero,
manual_screen,base,1,64,1,9,2.0,0,2,0,0,zero,
manual_screen,base,1,64,2,9,9.0,9,0,20,20,zero,
manual_screen,base,1,65,0,8,1.0,0,1,6,6,zero,
manual_screen,base,1,65,1,8,4.0,4,0,0,0,zero,
manual_screen,base,1,65,2,8,9.0,9,0,0,0,zero,
manual_screen,base,1,66,0,8,6.0,0,6,6,6,zero,
manual_screen,base,1,66,1,8,16.0,16,0,12,12,zero,
manual_screen,base,1,66,2,8,3.0,0,3,0,0,zero,
manual_screen,base,1,67,0,8,6.0,6,0,6,6,zero,
manual_screen,base,1,67,1,8,28.0,28,0,12,12,zero,
manual_screen,base,1,67,2,8,5.0,5,0,0,0,zero,
manual_screen,base,1,68,0,7,2.0,2,0,10,10,zero,
manual_screen,base,1,68,1,7,18.0,18,0,1,1,zero,
manual_screen,base,1,68,2,7,24.0,24,0,5,5,zero,
manual_screen,base,1,69,0,7,3.0,3,0,6,6,zero,
manual_screen,base,1,69,1,7,12.0,12,0,15,15,zero,
manual_screen,base,1,69,2,7,9.0,9,0,0,0,zero,
manual_screen,base,1,70,0,7,2.0,2,0,10,10,zero,
manual_screen,base,1,70,1,7,11.0,11,0,3,3,zero,
manual_screen,base,1,70,2,7,6.0,6,0,20,20,zero,
manual_screen,base,1,71,0,7,1.0,1,0,6,6,zero,
manual_screen,base,1,71,1,7,20.0,20,0,15,15,zero,
manual_screen,base,1,71,2,7,9.0,0,9,3,3,zero,
manual_screen,base,1,72,0,7,4.0,4,0,6,6,zero,
manual_screen,base,1,72,1,7,15.0,15,0,3,3,zero,
manual_screen,base,1,72,2,7,7.0,0,7,20,20,zero,
manual_screen,base,1,73,0,7,3.0,3,0,6,6,zero,
manual_screen,base,1,73,1,7,24.0,24,0,1,1,zero,
manual_screen,base,1,73,2,7,8.0,0,8,20,20,zero,
manual_screen,base,1,74,0,6,7.0,7,0,6,6,zero,
manual_screen,base,1,74,1,6,21.0,21,0,1,1,zero,
manual_screen,base,1,74,2,6,11.0,11,0,0,0,zero,
manual_screen,base,1,75,0,6,7.0,7,0,6,6,zero,
manual_screen,base,1,75,1,6,21.0,21,0,1,1,zero,
manual_screen,base,1,75,2,6,13.0,13,0,0,0,zero,
manual_screen,base,1,76,0,7,6.0,6,0,6,6,zero,
manual_screen,base,1,76,1,7,20.0,20,0,1,1,zero,
manual_screen,base,1,76,2,7,32.0,32,0,0,0,zero,
manual_screen,base,1,77,0,7,5.0,5,0,10,10,zero,
manual_screen,base,1,77,1,7,10.0,10,0,15,15,zero,
manual_screen,base,1,77,2,7,37.0,37,0,0,0,zero,
manual_screen,base,1,78,0,7,4.0,4,0,6,6,zero,
manual_screen,base,1,78,1,7,13.0,13,0,15,15,zero,
manual_screen,base,1,78,2,7,22.0,22,0,1,1,zero,
manual_screen,base,1,79,0,6,4.0,4,0,9,9,zero,
manual_screen,base,1,79,1,6,5.0,5,0,1,1,zero,
manual_screen,base,1,79,2,6,21.0,21,0,20,20,zero,
manual_screen,base,1,80,0,6,4.0,4,0,2,2,zero,
manual_screen,base,1,80,1,6,4.0,4,0,1,1,zero,
manual_screen,base,1,80,2,6,20.0,20,0,3,3,zero,
manual_screen,base,1,81,0,7,7.0,7,0,6,6,zero,
manual_screen,base,1,81,1,7,13.0,13,0,1,1,zero,
manual_screen,base,1,81,2,7,19.0,19,0,0,0,zero,
manual_screen,base,1,82,0,7,6.0,6,0,6,6,zero,
manual_screen,base,1,82,1,7,22.0,22,0,1,1,zero,
manual_screen,base,1,82,2,7,19.0,19,0,0,0,zero,
manual_screen,base,1,83,0,7,8.0,8,0,9,9,zero,
manual_screen,base,1,83,1,7,14.0,14,0,15,15,zero,
manual_screen,base,1,83,2,7,24.0,24,0,0,0,zero,
manual_screen,base,1,84,0,7,3.0,3,0,6,6,zero,
manual_screen,base,1,84,1,7,9.0,9,0,15,15,zero,
manual_screen,base,1,84,2,7,12.0,12,0,1,1,zero,
manual_screen,base,1,85,0,7,2.0,2,0,9,9,zero,
manual_screen,base,1,85,1,7,1.0,1,0,1,1,zero,
manual_screen,base,1,85,2,7,11.0,11,0,20,20,zero,
manual_screen,base,1,86,0,8,-0.0,0,0,6,6,zero,
manual_screen,base,1,86,1,8,4.0,0,4,5,5,zero,
manual_screen,base,1,86,2,8,6.0,6,0,20,20,zero,
manual_screen,base,1,87,0,8,1.0,1,0,10,10,zero,
manual_screen,base,1,87,1,8,1.0,1,0,15,15,zero,
manual_screen,base,1,87,2,8,9.0,0,9,0,0,zero,
manual_screen,base,1,88,0,7,-0.0,0,0,6,6,zero,
manual_screen,base,1,88,1,7,10.0,10,0,15,15,zero,
manual_screen,base,1,88,2,7,23.0,0,23,0,0,zero,
manual_screen,base,1,89,0,8,1.0,1,0,6,6,zero,
manual_screen,base,1,89,1,8,5.0,5,0,15,15,zero,
manual_screen,base,1,89,2,8,18.0,0,18,20,20,zero,
manual_screen,base,1,90,0,8,5.0,0,5,6,6,zero,
manual_screen,base,1,90,1,8,4.0,4,0,3,3,zero,
manual_screen,base,1,90,2,8,1.0,0,1,20,20,zero,
manual_screen,base,1,91,0,9,-0.0,0,0,10,10,zero,
manual_screen,base,1,91,1,9,-0.0,0,0,0,0,zero,
manual_screen,base,1,91,2,9,1.0,0,1,0,0,zero,
manual_screen,base,1,92,0,8,2.0,0,2,10,10,zero,
manual_screen,base,1,92,1,8,9.0,0,9,1,1,zero,
manual_screen,base,1,92,2,8,2.0,0,2,0,0,zero,
manual_screen,base,1,93,0,10,6.0,0,6,19,19,zero,
manual_screen,base,1,93,1,10,8.0,0,8,15,15,zero,
manual_screen,base,1,93,2,10,3.0,3,0,0,0,zero,
manual_screen,base,1,94,0,9,9.0,0,9,10,10,zero,
manual_screen,base,1,94,1,9,2.0,2,0,15,15,zero,
manual_screen,base,1,94,2,9,8.0,8,0,0,0,zero,
manual_screen,base,1,95,0,9,8.0,0,8,6,6,zero,
manual_screen,base,1,95,1,9,4.0,0,4,15,15,zero,
manual_screen,base,1,95,2,9,7.0,0,7,20,20,zero,
manual_screen,base,1,96,0,9,16.0,0,16,6,6,zero,
manual_screen,base,1,96,1,9,10.0,0,10,3,3,zero,
manual_screen,base,1,96,2,9,10.0,0,10,20,20,zero,
manual_screen,base,1,97,0,8,4.0,0,4,10,10,zero,
manual_screen,base,1,97,1,8,3.0,0,3,5,5,zero,
manual_screen,base,1,97,2,8,15.0,0,15,0,0,zero,
manual_screen,base,1,98,0,8,6.0,6,0,6,6,zero,
manual_screen,base,1,98,1,8,6.0,6,0,15,15,zero,
manual_screen,base,1,98,2,8,30.0,0,30,0,0,zero,
manual_screen,base,1,99,0,7,1.0,1,0,10,10,zero,
manual_screen,base,1,99,1,7,4.0,4,0,15,15,zero,
manual_screen,base,1,99,2,7,25.0,0,25,20,20,zero,
manual_screen,base,1,100,0,7,6.0,0,6,6,6,zero,
manual_screen,base,1,100,1,7,2.0,0,2,3,3,zero,
manual_screen,base,1,100,2,7,8.0,0,8,20,20,zero,
manual_screen,base,1,101,0,7,4.0,4,0,6,6,zero,
manual_screen,base,1,101,1,7,8.0,0,8,0,0,zero,
manual_screen,base,1,101,2,7,8.0,0,8,0,0,zero,
manual_screen,base,1,102,0,8,5.0,5,0,6,6,zero,
manual_screen,base,1,102,1,8,14.0,0,14,1,1,zero,
manual_screen,base,1,102,2,8,9.0,0,9,0,0,zero,
manual_screen,base,1,103,0,7,8.0,8,0,19,19,zero,
manual_screen,base,1,103,1,7,13.0,0,13,1,1,zero,
manual_screen,base,1,103,2,7,10.0,10,0,0,0,zero,
manual_screen,base,1,104,0,8,4.0,4,0,10,10,zero,
manual_screen,base,1,104,1,8,3.0,0,3,18,18,zero,
manual_screen,base,1,104,2,8,12.0,12,0,0,0,zero,
manual_screen,base,1,105,0,8,4.0,0,4,2,2,zero,
manual_screen,base,1,105,1,8,5.0,0,5,18,18,zero,
manual_screen,base,1,105,2,8,6.0,0,6,16,16,zero,
manual_screen,base,1,106,0,8,12.0,0,12,2,2,zero,
manual_screen,base,1,106,1,8,7.0,0,7,0,0,zero,
manual_screen,base,1,106,2,8,6.0,0,6,20,20,zero,
manual_screen,base,1,107,0,8,-0.0,0,0,6,6,zero,
manual_screen,base,1,107,1,8,3.0,0,3,0,0,zero,
manual_screen,base,1,107,2,8,6.0,0,6,0,0,zero,
manual_screen,base,1,108,0,8,12.0,12,0,6,6,zero,
manual_screen,base,1,108,1,8,9.0,9,0,12,12,zero,
manual_screen,base,1,108,2,8,18.0,0,18,0,0,zero,
manual_screen,base,1,109,0,8,4.0,4,0,10,10,zero,
manual_screen,base,1,109,1,8,11.0,11,0,12,12,zero,
manual_screen,base,1,109,2,8,14.0,0,14,0,0,zero,
manual_screen,base,1,110,0,8,4.0,0,4,10,10,zero,
manual_screen,base,1,110,1,8,1.0,1,0,18,18,zero,
manual_screen,base,1,110,2,8,12.0,0,12,20,20,zero,
manual_screen,base,1,111,0,9,3.0,0,3,6,6,zero,
manual_screen,base,1,111,1,9,5.0,0,5,3,3,zero,
manual_screen,base,1,111,2,9,15.0,0,15,20,20,zero,
manual_screen,base,1,112,0,9,3.0,0,3,10,10,zero,
manual_screen,base,1,112,1,9,15.0,0,15,18,18,zero,
manual_screen,base,1,112,2,9,33.0,0,33,20,20,zero,
manual_screen,base,1,113,0,10,3.0,0,3,10,10,zero,
manual_screen,base,1,113,1,10,9.0,0,9,18,18,zero,
manual_screen,base,1,113,2,10,51.0,0,51,20,20,zero,
manual_screen,base,1,114,0,11,4.0,0,4,10,10,zero,
manual_screen,base,1,114,1,11,1.0,1,0,18,18,zero,
manual_screen,base,1,114,2,11,49.0,0,49,20,20,zero,
manual_screen,base,1,115,0,10,13.0,0,13,6,6,zero,
manual_screen,base,1,115,1,10,5.0,0,5,3,3,zero,
manual_screen,base,1,115,2,10,32.0,0,32,20,20,zero,
manual_screen,base,1,116,0,10,23.0,0,23,10,10,zero,
manual_screen,base,1,116,1,10,15.0,0,15,0,0,zero,
manual_screen,base,1,116,2,10,12.0,0,12,0,0,zero,
manual_screen,base,1,117,0,11,18.0,0,18,10,10,zero,
manual_screen,base,1,117,1,11,25.0,0,25,0,0,zero,
manual_screen,base,1,117,2,11,8.0,8,0,0,0,zero,
manual_screen,base,1,118,0,12,11.0,0,11,10,10,zero,
manual_screen,base,1,118,1,12,15.0,0,15,0,0,zero,
manual_screen,base,1,118,2,12,28.0,28,0,0,0,zero,
manual_screen,base,1,119,0,14,24.0,0,24,6,6,zero,
manual_screen,base,1,119,1,14,1.0,0,1,18,18,zero,
manual_screen,base,1,119,2,14,30.0,30,0,0,0,zero,
manual_screen,base,1,120,0,14,38.0,0,38,19,19,zero,
manual_screen,base,1,120,1,14,-0.0,0,0,18,18,zero,
manual_screen,base,1,120,2,14,12.0,12,0,16,16,zero,
manual_screen,base,1,121,0,14,52.0,0,52,17,17,zero,
manual_screen,base,1,121,1,14,5.0,0,5,18,18,zero,
manual_screen,base,1,121,2,14,6.0,0,6,20,20,zero,
manual_screen,base,1,122,0,17,49.0,0,49,17,17,zero,
manual_screen,base,1,122,1,17,22.0,0,22,18,18,zero,
manual_screen,base,1,122,2,17,24.0,0,24,20,20,zero,
manual_screen,base,1,123,0,20,49.0,0,49,17,17,zero,
manual_screen,base,1,123,1,20,21.0,0,21,18,18,zero,
manual_screen,base,1,123,2,20,42.0,0,42,20,20,zero,
manual_screen,base,1,124,0,18,47.0,0,47,19,19,zero,
manual_screen,base,1,124,1,18,22.0,0,22,18,18,zero,
manual_screen,base,1,124,2,18,44.0,0,44,20,20,zero,
manual_screen,base,1,125,0,17,52.0,0,52,19,19,zero,
manual_screen,base,1,125,1,17,29.0,0,29,18,18,zero,
manual_screen,base,1,125,2,17,42.0,0,42,20,20,zero,
manual_screen,base,1,126,0,17,69.0,0,69,17,17,zero,
manual_screen,base,1,126,1,17,46.0,0,46,18,18,zero,
manual_screen,base,1,126,2,17,40.0,0,40,20,20,zero,
manual_screen,base,1,127,0,16,67.0,0,67,17,17,zero,
manual_screen,base,1,127,1,16,63.0,0,63,18,18,zero,
manual_screen,base,1,127,2,16,38.0,0,38,20,20,zero,
manual_screen,base,1,128,0,17,66.0,0,66,17,17,zero,
manual_screen,base,1,128,1,17,64.0,0,64,18,18,zero,
manual_screen,base,1,128,2,17,36.0,0,36,20,20,zero,
manual_screen,base,1,129,0,19,73.0,0,73,17,17,zero,
manual_screen,base,1,129,1,19,61.0,0,61,18,18,zero,
manual_screen,base,1,129,2,19,34.0,0,34,20,20,zero,
manual_screen,base,1,130,0,20,93.0,0,93,17,17,zero,
manual_screen,base,1,130,1,20,58.0,0,58,18,18,zero,
manual_screen,base,1,130,2,20,32.0,0,32,20,20,zero,
manual_screen,base,1,131,0,19,112.0,0,112,17,17,zero,
manual_screen,base,1,131,1,19,55.0,0,55,18,18,zero,
manual_screen,base,1,131,2,19,30.0,0,30,20,20,zero,
manual_screen,base,1,132,0,20,116.0,0,116,17,17,zero,
manual_screen,base,1,132,1,20,52.0,0,52,18,18,zero,
manual_screen,base,1,132,2,20,28.0,0,28,20,20,zero,
manual_screen,base,1,133,0,20,116.0,0,116,17,17,zero,
manual_screen,base,1,133,1,20,49.0,0,49,18,18,zero,
manual_screen,base,1,133,2,20,26.0,0,26,20,20,zero,
manual_screen,base,1,134,0,20,116.0,0,116,17,17,zero,
manual_screen,base,1,134,1,20,46.0,0,46,18,18,zero,
manual_screen,base,1,134,2,20,24.0,0,24,20,20,zero,
manual_screen,base,1,135,0,20,116.0,0,116,17,17,zero,
manual_screen,base,1,135,1,20,43.0,0,43,18,18,zero,
manual_screen,base,1,135,2,20,22.0,0,22,20,20,zero,
manual_screen,base,1,136,0,20,116.0,0,116,17,17,zero,
manual_screen,base,1,136,1,20,40.0,0,40,18,18,zero,
manual_screen,base,1,136,2,20,20.0,0,20,20,20,zero,
manual_screen,base,1,137,0,20,116.0,0,116,17,17,zero,
manual_screen,base,1,137,1,20,37.0,0,37,18,18,zero,
manual_screen,base,1,137,2,20,18.0,0,18,20,20,zero,
manual_screen,base,1,138,0,20,116.0,0,116,17,17,zero,
manual_screen,base,1,138,1,20,34.0,0,34,18,18,zero,
manual_screen,base,1,138,2,20,16.0,0,16,20,20,zero,
manual_screen,base,1,139,0,20,116.0,0,116,17,17,zero,
manual_screen,base,1,139,1,20,31.0,0,31,18,18,zero,
manual_screen,base,1,139,2,20,14.0,0,14,16,16,zero,
manual_screen,base,1,140,0,20,116.0,0,116,17,17,zero,
manual_screen,base,1,140,1,20,28.0,0,28,18,18,zero,
manual_screen,base,1,140,2,20,12.0,0,12,20,20,zero,
manual_screen,base,1,141,0,20,116.0,0,116,17,17,zero,
manual_screen,base,1,141,1,20,25.0,0,25,18,18,zero,
manual_screen,base,1,141,2,20,10.0,0,10,20,20,zero,
manual_screen,base,1,142,0,20,116.0,0,116,17,17,zero,
manual_screen,base,1,142,1,20,22.0,0,22,18,18,zero,
manual_screen,base,1,142,2,20,8.0,0,8,20,20,zero,
manual_screen,base,1,143,0,20,116.0,0,116,17,17,zero,
manual_screen,base,1,143,1,20,19.0,0,19,18,18,zero,
manual_screen,base,1,143,2,20,10.0,0,10,20,20,zero,
manual_screen,base,1,144,0,20,116.0,0,116,17,17,zero,
manual_screen,base,1,144,1,20,16.0,0,16,18,18,zero,
manual_screen,base,1,144,2,20,8.0,0,8,16,16,zero,
manual_screen,base,1,145,0,20,116.0,0,116,17,17,zero,
manual_screen,base,1,145,1,20,13.0,0,13,18,18,zero,
manual_screen,base,1,145,2,20,6.0,0,6,20,20,zero,
manual_screen,base,1,146,0,20,116.0,0,116,17,17,zero,
manual_screen,base,1,146,1,20,10.0,0,10,18,18,zero,
manual_screen,base,1,146,2,20,4.0,0,4,20,20,zero,
manual_screen,base,1,147,0,20,116.0,0,116,17,17,zero,
manual_screen,base,1,147,1,20,11.0,0,11,18,18,zero,
manual_screen,base,1,147,2,20,2.0,0,2,20,20,zero,
manual_screen,base,1,148,0,20,116.0,0,116,17,17,zero,
manual_screen,base,1,148,1,20,8.0,0,8,18,18,zero,
manual_screen,base,1,148,2,20,4.0,0,4,16,16,zero,
manual_screen,base,1,149,0,20,116.0,0,116,17,17,zero,
manual_screen,base,1,149,1,20,5.0,0,5,18,18,zero,
manual_screen,base,1,149,2,20,2.0,0,2,16,16,zero,
manual_screen,base,1,150,0,20,116.0,0,116,17,17,zero,
manual_screen,base,1,150,1,20,2.0,0,2,18,18,zero,
manual_screen,base,1,150,2,20,-0.0,0,0,16,16,zero,
manual_screen,base,1,151,0,20,120.0,0,120,17,17,zero,
manual_screen,base,1,151,1,20,1.0,1,0,18,18,zero,
manual_screen,base,1,151,2,20,2.0,2,0,20,20,zero,
manual_screen,base,1,152,0,20,120.0,0,120,17,17,zero,
manual_screen,base,1,152,1,20,-0.0,0,0,18,18,zero,
manual_screen,base,1,152,2,20,-0.0,0,0,20,20,zero,
manual_screen,base,1,153,0,20,120.0,0,120,17,17,zero,
manual_screen,base,1,153,1,20,3.0,3,0,18,18,zero,
manual_screen,base,1,153,2,20,2.0,0,2,16,16,zero,
manual_screen,base,1,154,0,20,120.0,0,120,17,17,zero,
manual_screen,base,1,154,1,20,6.0,6,0,18,18,zero,
manual_screen,base,1,154,2,20,4.0,0,4,16,16,zero,
manual_screen,base,1,155,0,20,121.0,0,121,17,17,zero,
manual_screen,base,1,155,1,20,7.0,7,0,18,18,zero,
manual_screen,base,1,155,2,20,2.0,0,2,20,20,zero,
manual_screen,base,1,156,0,20,124.0,0,124,17,17,zero,
manual_screen,base,1,156,1,20,8.0,8,0,18,18,zero,
manual_screen,base,1,156,2,20,-0.0,0,0,20,20,zero,
manual_screen,base,1,157,0,20,127.0,0,127,17,17,zero,
manual_screen,base,1,157,1,20,7.0,7,0,18,18,zero,
manual_screen,base,1,157,2,20,2.0,0,2,16,16,zero,
manual_screen,base,1,158,0,20,130.0,0,130,17,17,zero,
manual_screen,base,1,158,1,20,6.0,6,0,18,18,zero,
manual_screen,base,1,158,2,20,4.0,0,4,16,16,zero,
manual_screen,base,1,159,0,20,133.0,0,133,17,17,zero,
manual_screen,base,1,159,1,20,9.0,9,0,18,18,zero,
manual_screen,base,1,159,2,20,2.0,0,2,20,20,zero,
manual_screen,base,1,160,0,20,136.0,0,136,17,17,zero,
manual_screen,base,1,160,1,20,12.0,12,0,18,18,zero,
manual_screen,base,1,160,2,20,-0.0,0,0,20,20,zero,
manual_screen,base,1,161,0,20,139.0,0,139,17,17,zero,
manual_screen,base,1,161,1,20,11.0,11,0,18,18,zero,
manual_screen,base,1,161,2,20,2.0,0,2,16,16,zero,
manual_screen,base,1,162,0,20,142.0,0,142,17,17,zero,
manual_screen,base,1,162,1,20,10.0,10,0,18,18,zero,
manual_screen,base,1,162,2,20,4.0,0,4,16,16,zero,
manual_screen,base,1,163,0,20,145.0,0,145,17,17,zero,
manual_screen,base,1,163,1,20,13.0,13,0,18,18,zero,
manual_screen,base,1,163,2,20,2.0,0,2,20,20,zero,
manual_screen,base,1,164,0,20,148.0,0,148,17,17,zero,
manual_screen,base,1,164,1,20,16.0,16,0,18,18,zero,
manual_screen,base,1,164,2,20,-0.0,0,0,20,20,zero,
manual_screen,base,1,165,0,20,151.0,0,151,17,17,zero,
manual_screen,base,1,165,1,20,15.0,15,0,18,18,zero,
manual_screen,base,1,165,2,20,2.0,0,2,16,16,zero,
manual_screen,base,1,166,0,20,154.0,0,154,17,17,zero,
manual_screen,base,1,166,1,20,14.0,14,0,18,18,zero,
manual_screen,base,1,166,2,20,4.0,0,4,16,16,zero,
manual_screen,base,1,167,0,20,157.0,0,157,17,17,zero,
manual_screen,base,1,167,1,20,17.0,17,0,18,18,zero,
manual_screen,base,1,167,2,20,2.0,0,2,20,20,zero,
manual_screen,base,1,168,0,20,160.0,0,160,17,17,zero,
manual_screen,base,1,168,1,20,20.0,20,0,15,15,zero,
manual_screen,base,1,168,2,20,3.0,3,0,20,20,zero,
manual_screen,base,1,169,0,20,163.0,0,163,17,17,zero,
manual_screen,base,1,169,1,20,19.0,19,0,15,15,zero,
manual_screen,base,1,169,2,20,4.0,4,0,16,16,zero,
manual_screen,base,1,170,0,20,166.0,0,166,17,17,zero,
manual_screen,base,1,170,1,20,18.0,18,0,15,15,zero,
manual_screen,base,1,170,2,20,5.0,5,0,1,1,zero,
manual_screen,base,1,171,0,20,169.0,0,169,17,17,zero,
manual_screen,base,1,171,1,20,21.0,21,0,15,15,zero,
manual_screen,base,1,171,2,20,10.0,10,0,16,16,zero,
manual_screen,base,1,172,0,19,171.0,0,171,17,17,zero,
manual_screen,base,1,172,1,19,21.0,21,0,15,15,zero,
manual_screen,base,1,172,2,19,15.0,15,0,20,20,zero,
manual_screen,base,1,173,0,19,173.0,0,173,17,17,zero,
manual_screen,base,1,173,1,19,19.0,19,0,15,15,zero,
manual_screen,base,1,173,2,19,16.0,16,0,20,20,zero,
manual_screen,base,1,174,0,18,174.0,0,174,17,17,zero,
manual_screen,base,1,174,1,18,17.0,17,0,15,15,zero,
manual_screen,base,1,174,2,18,2.0,2,0,20,20,zero,
manual_screen,base,1,175,0,16,173.0,0,173,17,17,zero,
manual_screen,base,1,175,1,16,15.0,15,0,15,15,zero,
manual_screen,base,1,175,2,16,3.0,3,0,0,0,zero,
manual_screen,base,1,176,0,17,173.0,0,173,17,17,zero,
manual_screen,base,1,176,1,17,13.0,13,0,15,15,zero,
manual_screen,base,1,176,2,17,8.0,8,0,0,0,zero,
manual_screen,base,1,177,0,16,172.0,0,172,17,17,zero,
manual_screen,base,1,177,1,16,11.0,11,0,15,15,zero,
manual_screen,base,1,177,2,16,13.0,13,0,20,20,zero,
manual_screen,base,1,178,0,17,172.0,0,172,17,17,zero,
manual_screen,base,1,178,1,17,9.0,9,0,15,15,zero,
manual_screen,base,1,178,2,17,18.0,18,0,20,20,zero,
manual_screen,base,1,179,0,17,172.0,0,172,17,17,zero,
manual_screen,base,1,179,1,17,7.0,7,0,15,15,zero,
manual_screen,base,1,179,2,17,3.0,3,0,20,20,zero,
manual_screen,base,1,180,0,19,174.0,0,174,17,17,zero,
manual_screen,base,1,180,1,19,5.0,5,0,15,15,zero,
manual_screen,base,1,180,2,19,12.0,0,12,20,20,zero,
manual_screen,base,1,181,0,20,177.0,0,177,17,17,zero,
manual_screen,base,1,181,1,20,3.0,3,0,15,15,zero,
manual_screen,base,1,181,2,20,7.0,0,7,0,0,zero,
manual_screen,base,1,182,0,19,179.0,0,179,17,17,zero,
manual_screen,base,1,182,1,19,1.0,1,0,15,15,zero,
manual_screen,base,1,182,2,19,2.0,0,2,17,17,zero,
manual_screen,base,1,183,0,20,182.0,0,182,17,17,zero,
manual_screen,base,1,183,1,20,1.0,0,1,18,18,zero,
manual_screen,base,1,183,2,20,-0.0,0,0,20,20,zero,
manual_screen,base,1,184,0,20,185.0,0,185,17,17,zero,
manual_screen,base,1,184,1,20,15.0,0,15,18,18,zero,
manual_screen,base,1,184,2,20,2.0,2,0,20,20,zero,
manual_screen,base,1,185,0,20,188.0,0,188,17,17,zero,
manual_screen,base,1,185,1,20,12.0,0,12,18,18,zero,
manual_screen,base,1,185,2,20,16.0,0,16,20,20,zero,
manual_screen,base,1,186,0,20,191.0,0,191,17,17,zero,
manual_screen,base,1,186,1,20,9.0,0,9,18,18,zero,
manual_screen,base,1,186,2,20,17.0,0,17,20,20,zero,
manual_screen,base,1,187,0,20,195.0,0,195,17,17,zero,
manual_screen,base,1,187,1,20,6.0,0,6,18,18,zero,
manual_screen,base,1,187,2,20,15.0,0,15,16,16,zero,
manual_screen,base,1,188,0,20,212.0,0,212,17,17,zero,
manual_screen,base,1,188,1,20,5.0,0,5,18,18,zero,
manual_screen,base,1,188,2,20,13.0,0,13,20,20,zero,
manual_screen,base,1,189,0,20,212.0,0,212,17,17,zero,
manual_screen,base,1,189,1,20,20.0,0,20,18,18,zero,
manual_screen,base,1,189,2,20,11.0,0,11,20,20,zero,
manual_screen,base,1,190,0,20,212.0,0,212,17,17,zero,
manual_screen,base,1,190,1,20,20.0,0,20,18,18,zero,
manual_screen,base,1,190,2,20,9.0,0,9,20,20,zero,
manual_screen,base,1,191,0,20,212.0,0,212,17,17,zero,
manual_screen,base,1,191,1,20,17.0,0,17,18,18,zero,
manual_screen,base,1,191,2,20,11.0,0,11,20,20,zero,
manual_screen,base,1,192,0,20,214.0,0,214,17,17,zero,
manual_screen,base,1,192,1,20,14.0,0,14,18,18,zero,
manual_screen,base,1,192,2,20,9.0,0,9,20,20,zero,
manual_screen,base,1,193,0,20,232.0,0,232,17,17,zero,
manual_screen,base,1,193,1,20,11.0,0,11,18,18,zero,
manual_screen,base,1,193,2,20,7.0,0,7,16,16,zero,
manual_screen,base,1,194,0,20,235.0,0,235,17,17,zero,
manual_screen,base,1,194,1,20,8.0,0,8,18,18,zero,
manual_screen,base,1,194,2,20,5.0,0,5,20,20,zero,
manual_screen,base,1,195,0,20,235.0,0,235,17,17,zero,
manual_screen,base,1,195,1,20,9.0,0,9,18,18,zero,
manual_screen,base,1,195,2,20,3.0,0,3,20,20,zero,
manual_screen,base,1,196,0,20,235.0,0,235,17,17,zero,
manual_screen,base,1,196,1,20,6.0,0,6,18,18,zero,
manual_screen,base,1,196,2,20,1.0,0,1,16,16,zero,
manual_screen,base,1,197,0,20,235.0,0,235,17,17,zero,
manual_screen,base,1,197,1,20,3.0,0,3,18,18,zero,
manual_screen,base,1,197,2,20,3.0,0,3,16,16,zero,
manual_screen,base,1,198,0,20,235.0,0,235,17,17,zero,
manual_screen,base,1,198,1,20,-0.0,0,0,18,18,zero,
manual_screen,base,1,198,2,20,1.0,0,1,20,20,zero,
manual_screen,base,1,199,0,20,239.0,0,239,17,17,zero,
manual_screen,base,1,199,1,20,3.0,3,0,18,18,zero,
manual_screen,base,1,199,2,20,1.0,1,0,20,20,zero,
manual_screen,base,1,200,0,20,239.0,0,239,17,17,zero,
manual_screen,base,1,200,1,20,6.0,6,0,18,18,zero,
manual_screen,base,1,200,2,20,1.0,0,1,16,16,zero,
manual_screen,shock,0,1,0,10,10.0,10,0,10,10,zero,
manual_screen,shock,0,1,1,10,10.0,10,0,15,15,zero,
manual_screen,shock,0,1,2,10,5.0,5,0,0,0,zero,
manual_screen,shock,0,2,0,10,10.0,10,0,10,10,zero,
manual_screen,shock,0,2,1,10,10.0,10,0,1,1,zero,
manual_screen,shock,0,2,2,10,14.0,14,0,20,20,zero,
manual_screen,shock,0,3,0,8,12.0,12,0,10,10,zero,
manual_screen,shock,0,3,1,8,10.0,10,0,15,15,zero,
manual_screen,shock,0,3,2,8,9.0,9,0,3,3,zero,
manual_screen,shock,0,4,0,8,14.0,14,0,2,2,zero,
manual_screen,shock,0,4,1,8,18.0,18,0,15,15,zero,
manual_screen,shock,0,4,2,8,4.0,4,0,20,20,zero,
manual_screen,shock,0,5,0,8,16.0,16,0,6,6,zero,
manual_screen,shock,0,5,1,8,27.0,27,0,0,0,zero,
manual_screen,shock,0,5,2,8,4.0,4,0,20,20,zero,
manual_screen,shock,0,6,0,8,18.0,18,0,6,6,zero,
manual_screen,shock,0,6,1,8,22.0,22,0,1,1,zero,
manual_screen,shock,0,6,2,8,23.0,23,0,0,0,zero,
manual_screen,shock,0,7,0,9,19.0,19,0,9,9,zero,
manual_screen,shock,0,7,1,9,28.0,28,0,1,1,zero,
manual_screen,shock,0,7,2,9,25.0,25,0,0,0,zero,
manual_screen,shock,0,8,0,8,13.0,13,0,9,9,zero,
manual_screen,shock,0,8,1,8,34.0,34,0,1,1,zero,
manual_screen,shock,0,8,2,8,44.0,44,0,0,0,zero,
manual_screen,shock,0,9,0,7,12.0,12,0,4,4,zero,
manual_screen,shock,0,9,1,7,30.0,30,0,15,15,zero,
manual_screen,shock,0,9,2,7,49.0,49,0,0,0,zero,
manual_screen,shock,0,10,0,8,10.0,10,0,4,4,zero,
manual_screen,shock,0,10,1,8,27.0,27,0,1,1,zero,
manual_screen,shock,0,10,2,8,48.0,48,0,0,0,zero,
manual_screen,shock,0,11,0,8,11.0,11,0,10,10,zero,
manual_screen,shock,0,11,1,8,18.0,18,0,1,1,zero,
manual_screen,shock,0,11,2,8,47.0,47,0,0,0,zero,
manual_screen,shock,0,12,0,9,11.0,11,0,6,6,zero,
manual_screen,shock,0,12,1,9,13.0,13,0,11,11,zero,
manual_screen,shock,0,12,2,9,36.0,36,0,0,0,zero,
manual_screen,shock,0,13,0,8,7.0,7,0,9,9,zero,
manual_screen,shock,0,13,1,8,19.0,19,0,1,1,zero,
manual_screen,shock,0,13,2,8,35.0,35,0,0,0,zero,
manual_screen,shock,0,14,0,9,2.0,2,0,9,9,zero,
manual_screen,shock,0,14,1,9,11.0,11,0,15,15,zero,
manual_screen,shock,0,14,2,9,20.0,20,0,0,0,zero,
manual_screen,shock,0,15,0,9,3.0,3,0,9,9,zero,
manual_screen,shock,0,15,1,9,3.0,3,0,3,3,zero,
manual_screen,shock,0,15,2,9,17.0,17,0,16,16,zero,
manual_screen,shock,0,16,0,10,1.0,0,1,9,9,zero,
manual_screen,shock,0,16,1,10,5.0,5,0,15,15,zero,
manual_screen,shock,0,16,2,10,2.0,2,0,3,3,zero,
manual_screen,shock,0,17,0,10,2.0,0,2,10,10,zero,
manual_screen,shock,0,17,1,10,4.0,0,4,3,3,zero,
manual_screen,shock,0,17,2,10,1.0,0,1,20,20,zero,
manual_screen,shock,0,18,0,9,2.0,0,2,10,10,zero,
manual_screen,shock,0,18,1,9,1.0,1,0,15,15,zero,
manual_screen,shock,0,18,2,9,16.0,0,16,20,20,zero,
manual_screen,shock,0,19,0,8,1.0,0,1,10,10,zero,
manual_screen,shock,0,19,1,8,6.0,0,6,15,15,zero,
manual_screen,shock,0,19,2,8,15.0,0,15,20,20,zero,
manual_screen,shock,0,20,0,10,2.0,0,2,10,10,zero,
manual_screen,shock,0,20,1,10,1.0,0,1,15,15,zero,
manual_screen,shock,0,20,2,10,27.0,0,27,16,16,zero,
manual_screen,shock,0,21,0,10,6.0,0,6,6,6,zero,
manual_screen,shock,0,21,1,10,5.0,0,5,15,15,zero,
manual_screen,shock,0,21,2,10,22.0,0,22,16,16,zero,
manual_screen,shock,0,22,0,10,2.0,0,2,19,19,zero,
manual_screen,shock,0,22,1,10,24.0,0,24,3,3,zero,
manual_screen,shock,0,22,2,10,5.0,0,5,16,16,zero,
manual_screen,shock,0,23,0,11,9.0,0,9,10,10,zero,
manual_screen,shock,0,23,1,11,18.0,0,18,15,15,zero,
manual_screen,shock,0,23,2,11,-0.0,0,0,1,1,zero,
manual_screen,shock,0,24,0,9,3.0,0,3,10,10,zero,
manual_screen,shock,0,24,1,9,25.0,0,25,3,3,zero,
manual_screen,shock,0,24,2,9,13.0,13,0,16,16,zero,
manual_screen,shock,0,25,0,9,10.0,0,10,19,19,zero,
manual_screen,shock,0,25,1,9,24.0,0,24,3,3,zero,
manual_screen,shock,0,25,2,9,26.0,26,0,1,1,zero,
manual_screen,shock,0,26,0,8,18.0,0,18,10,10,zero,
manual_screen,shock,0,26,1,8,14.0,0,14,18,18,zero,
manual_screen,shock,0,26,2,8,24.0,24,0,0,0,zero,
manual_screen,shock,0,27,0,10,12.0,0,12,2,2,zero,
manual_screen,shock,0,27,1,10,4.0,4,0,18,18,zero,
manual_screen,shock,0,27,2,10,7.0,7,0,20,20,zero,
manual_screen,shock,0,28,0,10,19.0,0,19,6,6,zero,
manual_screen,shock,0,28,1,10,1.0,1,0,0,0,zero,
manual_screen,shock,0,28,2,10,23.0,23,0,20,20,zero,
manual_screen,shock,0,29,0,10,9.0,0,9,6,6,zero,
manual_screen,shock,0,29,1,10,2.0,0,2,0,0,zero,
manual_screen,shock,0,29,2,10,24.0,24,0,0,0,zero,
manual_screen,shock,0,30,0,9,2.0,2,0,10,10,zero,
manual_screen,shock,0,30,1,9,6.0,6,0,12,12,zero,
manual_screen,shock,0,30,2,9,12.0,12,0,0,0,zero,
manual_screen,shock,0,31,0,9,9.0,9,0,10,10,zero,
manual_screen,shock,0,31,1,9,14.0,14,0,18,18,zero,
manual_screen,shock,0,31,2,9,14.0,14,0,0,0,zero,
manual_screen,shock,0,32,0,9,6.0,6,0,19,19,zero,
manual_screen,shock,0,32,1,9,5.0,0,5,15,15,zero,
manual_screen,shock,0,32,2,9,19.0,19,0,20,20,zero,
manual_screen,shock,0,33,0,9,1.0,1,0,6,6,zero,
manual_screen,shock,0,33,1,9,11.0,0,11,18,18,zero,
manual_screen,shock,0,33,2,9,1.0,1,0,20,20,zero,
manual_screen,shock,0,34,0,9,4.0,4,0,6,6,zero,
manual_screen,shock,0,34,1,9,5.0,0,5,3,3,zero,
manual_screen,shock,0,34,2,9,2.0,0,2,20,20,zero,
manual_screen,shock,0,35,0,10,4.0,4,0,6,6,zero,
manual_screen,shock,0,35,1,10,7.0,7,0,18,18,zero,
manual_screen,shock,0,35,2,10,20.0,0,20,0,0,zero,
manual_screen,shock,0,36,0,9,9.0,9,0,10,10,zero,
manual_screen,shock,0,36,1,9,12.0,12,0,12,12,zero,
manual_screen,shock,0,36,2,9,12.0,0,12,20,20,zero,
manual_screen,shock,0,37,0,10,1.0,0,1,6,6,zero,
manual_screen,shock,0,37,1,10,24.0,24,0,12,12,zero,
manual_screen,shock,0,37,2,10,4.0,0,4,20,20,zero,
manual_screen,shock,0,38,0,10,1.0,1,0,10,10,zero,
manual_screen,shock,0,38,1,10,15.0,15,0,3,3,zero,
manual_screen,shock,0,38,2,10,13.0,13,0,16,16,zero,
manual_screen,shock,0,39,0,9,3.0,3,0,10,10,zero,
manual_screen,shock,0,39,1,9,5.0,5,0,1,1,zero,
manual_screen,shock,0,39,2,9,12.0,12,0,0,0,zero,
manual_screen,shock,0,40,0,8,5.0,5,0,9,9,zero,
manual_screen,shock,0,40,1,8,16.0,16,0,12,12,zero,
manual_screen,shock,0,40,2,8,20.0,20,0,0,0,zero,
manual_screen,shock,0,41,0,8,3.0,3,0,6,6,zero,
manual_screen,shock,0,41,1,8,30.0,30,0,15,15,zero,
manual_screen,shock,0,41,2,8,25.0,25,0,0,0,zero,
manual_screen,shock,0,42,0,9,4.0,4,0,6,6,zero,
manual_screen,shock,0,42,1,9,31.0,31,0,3,3,zero,
manual_screen,shock,0,42,2,9,38.0,38,0,20,20,zero,
manual_screen,shock,0,43,0,10,4.0,4,0,10,10,zero,
manual_screen,shock,0,43,1,10,22.0,22,0,1,1,zero,
manual_screen,shock,0,43,2,10,37.0,37,0,0,0,zero,
manual_screen,shock,0,44,0,9,4.0,4,0,19,19,zero,
manual_screen,shock,0,44,1,9,15.0,15,0,15,15,zero,
manual_screen,shock,0,44,2,9,22.0,22,0,0,0,zero,
manual_screen,shock,0,45,0,10,-0.0,0,0,9,9,zero,
manual_screen,shock,0,45,1,10,21.0,21,0,15,15,zero,
manual_screen,shock,0,45,2,10,7.0,7,0,1,1,zero,
manual_screen,shock,0,46,0,10,4.0,0,4,6,6,zero,
manual_screen,shock,0,46,1,10,18.0,18,0,15,15,zero,
manual_screen,shock,0,46,2,10,12.0,12,0,20,20,zero,
manual_screen,shock,0,47,0,10,4.0,0,4,6,6,zero,
manual_screen,shock,0,47,1,10,13.0,13,0,3,3,zero,
manual_screen,shock,0,47,2,10,9.0,9,0,20,20,zero,
manual_screen,shock,0,48,0,10,5.0,5,0,10,10,zero,
manual_screen,shock,0,48,1,10,18.0,18,0,1,1,zero,
manual_screen,shock,0,48,2,10,8.0,8,0,0,0,zero,
manual_screen,shock,0,49,0,12,2.0,2,0,19,19,zero,
manual_screen,shock,0,49,1,12,14.0,14,0,5,5,zero,
manual_screen,shock,0,49,2,12,4.0,4,0,0,0,zero,
manual_screen,shock,0,50,0,11,3.0,0,3,9,9,zero,
manual_screen,shock,0,50,1,11,20.0,20,0,15,15,zero,
manual_screen,shock,0,50,2,11,9.0,9,0,0,0,zero,
manual_screen,shock,0,51,0,13,10.0,0,10,10,10,zero,
manual_screen,shock,0,51,1,13,13.0,13,0,15,15,zero,
manual_screen,shock,0,51,2,13,14.0,14,0,0,0,zero,
manual_screen,shock,0,52,0,12,12.0,0,12,10,10,zero,
manual_screen,shock,0,52,1,12,4.0,4,0,15,15,zero,
manual_screen,shock,0,52,2,12,1.0,0,1,20,20,zero,
manual_screen,shock,0,53,0,11,4.0,0,4,10,10,zero,
manual_screen,shock,0,53,1,11,1.0,0,1,3,3,zero,
manual_screen,shock,0,53,2,11,4.0,0,4,20,20,zero,
manual_screen,shock,0,54,0,11,6.0,0,6,19,19,zero,
manual_screen,shock,0,54,1,11,5.0,0,5,15,15,zero,
manual_screen,shock,0,54,2,11,19.0,0,19,0,0,zero,
manual_screen,shock,0,55,0,10,6.0,0,6,10,10,zero,
manual_screen,shock,0,55,1,10,-0.0,0,0,15,15,zero,
manual_screen,shock,0,55,2,10,34.0,0,34,20,20,zero,
manual_screen,shock,0,56,0,11,7.0,0,7,10,10,zero,
manual_screen,shock,0,56,1,11,4.0,4,0,15,15,zero,
manual_screen,shock,0,56,2,11,29.0,0,29,20,20,zero,
manual_screen,shock,0,57,0,11,9.0,0,9,10,10,zero,
manual_screen,shock,0,57,1,11,6.0,0,6,15,15,zero,
manual_screen,shock,0,57,2,11,24.0,0,24,20,20,zero,
manual_screen,shock,0,58,0,12,6.0,0,6,10,10,zero,
manual_screen,shock,0,58,1,12,16.0,0,16,3,3,zero,
manual_screen,shock,0,58,2,12,27.0,0,27,20,20,zero,
manual_screen,shock,0,59,0,10,1.0,0,1,19,19,zero,
manual_screen,shock,0,59,1,10,35.0,0,35,18,18,zero,
manual_screen,shock,0,59,2,10,25.0,0,25,0,0,zero,
manual_screen,shock,0,60,0,11,2.0,0,2,19,19,zero,
manual_screen,shock,0,60,1,11,34.0,0,34,18,18,zero,
manual_screen,shock,0,60,2,11,23.0,0,23,20,20,zero,
manual_screen,shock,0,61,0,11,9.0,0,9,9,9,zero,
manual_screen,shock,0,61,1,11,23.0,0,23,18,18,zero,
manual_screen,shock,0,61,2,11,21.0,0,21,20,20,zero,
manual_screen,shock,0,62,0,11,20.0,0,20,10,10,zero,
manual_screen,shock,0,62,1,11,33.0,0,33,18,18,zero,
manual_screen,shock,0,62,2,11,19.0,0,19,20,20,zero,
manual_screen,shock,0,63,0,11,31.0,0,31,17,17,zero,
manual_screen,shock,0,63,1,11,30.0,0,30,0,0,zero,
manual_screen,shock,0,63,2,11,19.0,0,19,20,20,zero,
manual_screen,shock,0,64,0,10,21.0,0,21,10,10,zero,
manual_screen,shock,0,64,1,10,20.0,0,20,18,18,zero,
manual_screen,shock,0,64,2,10,17.0,0,17,0,0,zero,
manual_screen,shock,0,65,0,10,11.0,0,11,6,6,zero,
manual_screen,shock,0,65,1,10,6.0,0,6,18,18,zero,
manual_screen,shock,0,65,2,10,15.0,0,15,20,20,zero,
manual_screen,shock,0,66,0,9,20.0,0,20,6,6,zero,
manual_screen,shock,0,66,1,9,8.0,8,0,18,18,zero,
manual_screen,shock,0,66,2,9,13.0,0,13,20,20,zero,
manual_screen,shock,0,67,0,8,8.0,0,8,6,6,zero,
manual_screen,shock,0,67,1,8,2.0,2,0,0,0,zero,
manual_screen,shock,0,67,2,8,7.0,7,0,20,20,zero,
manual_screen,shock,0,68,0,9,3.0,3,0,6,6,zero,
manual_screen,shock,0,68,1,9,16.0,16,0,0,0,zero,
manual_screen,shock,0,68,2,9,7.0,7,0,3,3,zero,
manual_screen,shock,0,69,0,10,13.0,13,0,6,6,zero,
manual_screen,shock,0,69,1,10,30.0,30,0,0,0,zero,
manual_screen,shock,0,69,2,10,27.0,27,0,0,0,zero,
manual_screen,shock,0,70,0,9,16.0,16,0,19,19,zero,
manual_screen,shock,0,70,1,9,31.0,31,0,0,0,zero,
manual_screen,shock,0,70,2,9,47.0,47,0,0,0,zero,
manual_screen,shock,0,71,0,9,13.0,13,0,9,9,zero,
manual_screen,shock,0,71,1,9,35.0,35,0,18,18,zero,
manual_screen,shock,0,71,2,9,49.0,49,0,0,0,zero,
manual_screen,shock,0,72,0,9,10.0,10,0,10,10,zero,
manual_screen,shock,0,72,1,9,25.0,25,0,15,15,zero,
manual_screen,shock,0,72,2,9,37.0,37,0,0,0,zero,
manual_screen,shock,0,73,0,9,7.0,7,0,6,6,zero,
manual_screen,shock,0,73,1,9,19.0,19,0,15,15,zero,
manual_screen,shock,0,73,2,9,22.0,22,0,20,20,zero,
manual_screen,shock,0,74,0,9,17.0,17,0,6,6,zero,
manual_screen,shock,0,74,1,9,13.0,13,0,3,3,zero,
manual_screen,shock,0,74,2,9,19.0,19,0,20,20,zero,
manual_screen,shock,0,75,0,9,17.0,17,0,6,6,zero,
manual_screen,shock,0,75,1,9,25.0,25,0,1,1,zero,
manual_screen,shock,0,75,2,9,18.0,18,0,0,0,zero,
manual_screen,shock,0,76,0,8,19.0,19,0,9,9,zero,
manual_screen,shock,0,76,1,8,31.0,31,0,1,1,zero,
manual_screen,shock,0,76,2,8,17.0,17,0,0,0,zero,
manual_screen,shock,0,77,0,8,17.0,17,0,9,9,zero,
manual_screen,shock,0,77,1,8,37.0,37,0,1,1,zero,
manual_screen,shock,0,77,2,8,36.0,36,0,0,0,zero,
manual_screen,shock,0,78,0,8,15.0,15,0,4,4,zero,
manual_screen,shock,0,78,1,8,36.0,36,0,15,15,zero,
manual_screen,shock,0,78,2,8,41.0,41,0,0,0,zero,
manual_screen,shock,0,79,0,8,13.0,13,0,9,9,zero,
manual_screen,shock,0,79,1,8,28.0,28,0,1,1,zero,
manual_screen,shock,0,79,2,8,40.0,40,0,0,0,zero,
manual_screen,shock,0,80,0,8,14.0,14,0,4,4,zero,
manual_screen,shock,0,80,1,8,25.0,25,0,15,15,zero,
manual_screen,shock,0,80,2,8,25.0,25,0,0,0,zero,
manual_screen,shock,0,81,0,9,14.0,14,0,9,9,zero,
manual_screen,shock,0,81,1,9,17.0,17,0,1,1,zero,
manual_screen,shock,0,81,2,9,24.0,24,0,16,16,zero,
manual_screen,shock,0,82,0,9,9.0,9,0,9,9,zero,
manual_screen,shock,0,82,1,9,23.0,23,0,1,1,zero,
manual_screen,shock,0,82,2,9,23.0,23,0,0,0,zero,
manual_screen,shock,0,83,0,8,10.0,10,0,9,9,zero,
manual_screen,shock,0,83,1,8,15.0,15,0,1,1,zero,
manual_screen,shock,0,83,2,8,22.0,22,0,0,0,zero,
manual_screen,shock,0,84,0,8,6.0,6,0,9,9,zero,
manual_screen,shock,0,84,1,8,21.0,21,0,15,15,zero,
manual_screen,shock,0,84,2,8,7.0,7,0,0,0,zero,
manual_screen,shock,0,85,0,9,6.0,6,0,2,2,zero,
manual_screen,shock,0,85,1,9,20.0,20,0,15,15,zero,
manual_screen,shock,0,85,2,9,8.0,8,0,0,0,zero,
manual_screen,shock,0,86,0,9,6.0,6,0,10,10,zero,
manual_screen,shock,0,86,1,9,11.0,11,0,1,1,zero,
manual_screen,shock,0,86,2,9,7.0,7,0,20,20,zero,
manual_screen,shock,0,87,0,10,5.0,5,0,10,10,zero,
manual_screen,shock,0,87,1,10,2.0,2,0,1,1,zero,
manual_screen,shock,0,87,2,10,6.0,6,0,20,20,zero,
manual_screen,shock,0,88,0,9,5.0,5,0,9,9,zero,
manual_screen,shock,0,88,1,9,8.0,8,0,15,15,zero,
manual_screen,shock,0,88,2,9,9.0,0,9,0,0,zero,
manual_screen,shock,0,89,0,10,3.0,0,3,9,9,zero,
manual_screen,shock,0,89,1,10,14.0,14,0,15,15,zero,
manual_screen,shock,0,89,2,10,24.0,0,24,0,0,zero,
manual_screen,shock,0,90,0,10,3.0,0,3,10,10,zero,
manual_screen,shock,0,90,1,10,5.0,5,0,15,15,zero,
manual_screen,shock,0,90,2,10,19.0,0,19,20,20,zero,
manual_screen,shock,0,91,0,9,2.0,0,2,10,10,zero,
manual_screen,shock,0,91,1,9,4.0,0,4,11,11,zero,
manual_screen,shock,0,91,2,9,10.0,0,10,20,20,zero,
manual_screen,shock,0,92,0,10,3.0,0,3,10,10,zero,
manual_screen,shock,0,92,1,10,8.0,0,8,11,11,zero,
manual_screen,shock,0,92,2,10,21.0,0,21,20,20,zero,
manual_screen,shock,0,93,0,8,2.0,0,2,10,10,zero,
manual_screen,shock,0,93,1,8,18.0,0,18,15,15,zero,
manual_screen,shock,0,93,2,8,36.0,0,36,20,20,zero,
manual_screen,shock,0,94,0,8,-0.0,0,0,10,10,zero,
manual_screen,shock,0,94,1,8,8.0,0,8,15,15,zero,
manual_screen,shock,0,94,2,8,31.0,0,31,17,17,zero,
manual_screen,shock,0,95,0,8,2.0,0,2,6,6,zero,
manual_screen,shock,0,95,1,8,6.0,6,0,15,15,zero,
manual_screen,shock,0,95,2,8,26.0,0,26,20,20,zero,
manual_screen,shock,0,96,0,9,5.0,0,5,6,6,zero,
manual_screen,shock,0,96,1,9,-0.0,0,0,3,3,zero,
manual_screen,shock,0,96,2,9,9.0,0,9,16,16,zero,
manual_screen,shock,0,97,0,8,13.0,0,13,6,6,zero,
manual_screen,shock,0,97,1,8,6.0,0,6,0,0,zero,
manual_screen,shock,0,97,2,8,11.0,11,0,0,0,zero,
manual_screen,shock,0,98,0,11,4.0,0,4,6,6,zero,
manual_screen,shock,0,98,1,11,8.0,8,0,0,0,zero,
manual_screen,shock,0,98,2,11,28.0,28,0,0,0,zero,
manual_screen,shock,0,99,0,12,2.0,0,2,10,10,zero,
manual_screen,shock,0,99,1,12,18.0,18,0,1,1,zero,
manual_screen,shock,0,99,2,12,47.0,47,0,0,0,zero,
manual_screen,shock,0,100,0,12,8.0,0,8,19,19,zero,100
manual_screen,shock,0,100,1,12,19.0,19,0,12,12,zero,100
manual_screen,shock,0,100,2,12,51.0,51,0,0,0,zero,100
manual_screen,shock,0,101,0,11,19.0,0,19,10,10,zero,100
manual_screen,shock,0,101,1,11,18.0,18,0,18,18,zero,100
manual_screen,shock,0,101,2,11,33.0,33,0,1,1,zero,100
manual_screen,shock,0,102,0,11,18.0,0,18,19,19,zero,100
manual_screen,shock,0,102,1,11,1.0,0,1,15,15,zero,100
manual_screen,shock,0,102,2,11,18.0,18,0,20,20,zero,100
manual_screen,shock,0,103,0,11,19.0,0,19,10,10,zero,100
manual_screen,shock,0,103,1,11,10.0,0,10,18,18,zero,100
manual_screen,shock,0,103,2,11,-0.0,0,0,20,20,zero,100
manual_screen,shock,0,104,0,11,11.0,0,11,10,10,zero,100
manual_screen,shock,0,104,1,11,8.0,0,8,15,15,zero,100
manual_screen,shock,0,104,2,11,15.0,0,15,20,20,zero,100
manual_screen,shock,0,105,0,11,12.0,0,12,10,10,zero,100
manual_screen,shock,0,105,1,11,-0.0,0,0,18,18,zero,100
manual_screen,shock,0,105,2,11,32.0,0,32,20,20,zero,100
manual_screen,shock,0,106,0,11,5.0,0,5,10,10,zero,100
manual_screen,shock,0,106,1,11,5.0,5,0,18,18,zero,100
manual_screen,shock,0,106,2,11,30.0,0,30,20,20,zero,100
manual_screen,shock,0,107,0,9,13.0,0,13,19,19,zero,100
manual_screen,shock,0,107,1,9,4.0,4,0,15,15,zero,100
manual_screen,shock,0,107,2,9,25.0,0,25,20,20,zero,100
manual_screen,shock,0,108,0,9,10.0,0,10,6,6,zero,100
manual_screen,shock,0,108,1,9,2.0,0,2,18,18,zero,100
manual_screen,shock,0,108,2,9,23.0,0,23,16,16,zero,100
manual_screen,shock,0,109,0,9,1.0,0,1,10,10,zero,100
manual_screen,shock,0,109,1,9,11.0,0,11,3,3,zero,100
manual_screen,shock,0,109,2,9,6.0,0,6,20,20,zero,100
manual_screen,shock,0,110,0,9,-0.0,0,0,10,10,zero,100
manual_screen,shock,0,110,1,9,1.0,0,1,0,0,zero,100
manual_screen,shock,0,110,2,9,14.0,14,0,16,16,zero,100
manual_screen,shock,0,111,0,11,8.0,8,0,6,6,zero,100
manual_screen,shock,0,111,1,11,13.0,13,0,18,18,zero,100
manual_screen,shock,0,111,2,11,16.0,16,0,0,0,zero,100
manual_screen,shock,0,112,0,11,1.0,1,0,19,19,zero,100
manual_screen,shock,0,112,1,11,14.0,14,0,0,0,zero,100
manual_screen,shock,0,112,2,11,32.0,32,0,1,1,zero,100
manual_screen,shock,0,113,0,9,7.0,0,7,6,6,zero,100
manual_screen,shock,0,113,1,9,28.0,28,0,18,18,zero,100
manual_screen,shock,0,113,2,9,34.0,34,0,0,0,zero,100
manual_screen,shock,0,114,0,11,2.0,2,0,6,6,zero,100
manual_screen,shock,0,114,1,11,28.0,28,0,3,3,zero,100
manual_screen,shock,0,114,2,11,47.0,47,0,1,1,zero,100
manual_screen,shock,0,115,0,9,-0.0,0,0,6,6,zero,100
manual_screen,shock,0,115,1,9,40.0,40,0,1,1,zero,100
manual_screen,shock,0,115,2,9,46.0,46,0,0,0,zero,100
manual_screen,shock,0,116,0,8,11.0,11,0,10,10,zero,100
manual_screen,shock,0,116,1,8,30.0,30,0,1,1,zero,100
manual_screen,shock,0,116,2,8,46.0,46,0,0,0,zero,100
manual_screen,shock,0,117,0,8,9.0,9,0,6,6,zero,100
manual_screen,shock,0,117,1,8,42.0,42,0,1,1,zero,100
manual_screen,shock,0,117,2,8,45.0,45,0,0,0,zero,100
manual_screen,shock,0,118,0,8,7.0,7,0,19,19,zero,100
manual_screen,shock,0,118,1,8,26.0,26,0,1,1,zero,100
manual_screen,shock,0,118,2,8,45.0,45,0,0,0,zero,100
manual_screen,shock,0,119,0,6,7.0,7,0,6,6,zero,100
manual_screen,shock,0,119,1,6,21.0,21,0,15,15,zero,100
manual_screen,shock,0,119,2,6,30.0,30,0,0,0,zero,100
manual_screen,shock,0,120,0,5,12.0,12,0,2,2,zero,100
manual_screen,shock,0,120,1,5,20.0,20,0,15,15,zero,100
manual_screen,shock,0,120,2,5,15.0,15,0,0,0,zero,100
manual_screen,shock,0,121,0,5,13.0,13,0,0,0,zero,100
manual_screen,shock,0,121,1,5,21.0,21,0,1,1,zero,100
manual_screen,shock,0,121,2,5,14.0,14,0,20,20,zero,100
manual_screen,shock,0,122,0,3,29.0,29,0,0,0,zero,100
manual_screen,shock,0,122,1,3,22.0,22,0,0,0,zero,100
manual_screen,shock,0,122,2,3,14.0,14,0,3,3,zero,100
manual_screen,shock,0,123,0,3,32.0,32,0,0,0,zero,100
manual_screen,shock,0,123,1,3,37.0,37,0,0,0,zero,100
manual_screen,shock,0,123,2,3,14.0,14,0,0,0,zero,100
manual_screen,shock,0,124,0,5,29.0,29,0,0,0,zero,100
manual_screen,shock,0,124,1,5,52.0,52,0,0,0,zero,100
manual_screen,shock,0,124,2,5,14.0,14,0,0,0,zero,100
manual_screen,shock,0,125,0,5,24.0,24,0,0,0,zero,100
manual_screen,shock,0,125,1,5,53.0,53,0,0,0,zero,100
manual_screen,shock,0,125,2,5,34.0,34,0,0,0,zero,100
manual_screen,shock,0,126,0,5,19.0,19,0,2,2,zero,100
manual_screen,shock,0,126,1,5,51.0,51,0,0,0,zero,100
manual_screen,shock,0,126,2,5,37.0,37,0,0,0,zero,100
manual_screen,shock,0,127,0,5,14.0,14,0,9,9,zero,100
manual_screen,shock,0,127,1,5,42.0,42,0,0,0,zero,100
manual_screen,shock,0,127,2,5,37.0,37,0,0,0,zero,100
manual_screen,shock,0,128,0,3,11.0,11,0,2,2,zero,100
manual_screen,shock,0,128,1,3,40.0,40,0,1,1,zero,100
manual_screen,shock,0,128,2,3,36.0,36,0,0,0,zero,100
manual_screen,shock,0,129,0,3,8.0,8,0,2,2,zero,100
manual_screen,shock,0,129,1,3,38.0,38,0,1,1,zero,100
manual_screen,shock,0,129,2,3,35.0,35,0,0,0,zero,100
manual_screen,shock,0,130,0,3,7.0,7,0,0,0,zero,100
manual_screen,shock,0,130,1,3,38.0,38,0,1,1,zero,100
manual_screen,shock,0,130,2,3,34.0,34,0,0,0,zero,100
manual_screen,shock,0,131,0,2,14.0,14,0,0,0,zero,100
manual_screen,shock,0,131,1,2,38.0,38,0,1,1,zero,100
manual_screen,shock,0,131,2,2,33.0,33,0,0,0,zero,100
manual_screen,shock,0,132,0,2,14.0,14,0,0,0,zero,100
manual_screen,shock,0,132,1,2,39.0,39,0,0,0,zero,100
manual_screen,shock,0,132,2,2,33.0,33,0,0,0,zero,100
manual_screen,shock,0,133,0,2,14.0,14,0,0,0,zero,100
manual_screen,shock,0,133,1,2,40.0,40,0,0,0,zero,100
manual_screen,shock,0,133,2,2,33.0,33,0,0,0,zero,100
manual_screen,shock,0,134,0,3,11.0,11,0,0,0,zero,100
manual_screen,shock,0,134,1,3,41.0,41,0,0,0,zero,100
manual_screen,shock,0,134,2,3,33.0,33,0,0,0,zero,100
manual_screen,shock,0,135,0,2,9.0,9,0,2,2,zero,100
manual_screen,shock,0,135,1,2,40.0,40,0,0,0,zero,100
manual_screen,shock,0,135,2,2,33.0,33,0,0,0,zero,100
manual_screen,shock,0,136,0,3,6.0,6,0,0,0,zero,100
manual_screen,shock,0,136,1,3,40.0,40,0,0,0,zero,100
manual_screen,shock,0,136,2,3,33.0,33,0,0,0,zero,100
manual_screen,shock,0,137,0,3,3.0,3,0,9,9,zero,100
manual_screen,shock,0,137,1,3,31.0,31,0,0,0,zero,100
manual_screen,shock,0,137,2,3,33.0,33,0,0,0,zero,100
manual_screen,shock,0,138,0,2,1.0,1,0,2,2,zero,100
manual_screen,shock,0,138,1,2,29.0,29,0,1,1,zero,100
manual_screen,shock,0,138,2,2,32.0,32,0,0,0,zero,100
manual_screen,shock,0,139,0,2,1.0,1,0,0,0,zero,100
manual_screen,shock,0,139,1,2,29.0,29,0,1,1,zero,100
manual_screen,shock,0,139,2,2,31.0,31,0,0,0,zero,100
manual_screen,shock,0,140,0,3,2.0,0,2,0,0,zero,100
manual_screen,shock,0,140,1,3,29.0,29,0,1,1,zero,100
manual_screen,shock,0,140,2,3,30.0,30,0,0,0,zero,100
manual_screen,shock,0,141,0,2,5.0,5,0,6,6,zero,100
manual_screen,shock,0,141,1,2,23.0,23,0,0,0,zero,100
manual_screen,shock,0,141,2,2,30.0,30,0,0,0,zero,100
manual_screen,shock,0,142,0,3,4.0,4,0,0,0,zero,100
manual_screen,shock,0,142,1,3,24.0,24,0,1,1,zero,100
manual_screen,shock,0,142,2,3,29.0,29,0,0,0,zero,100
manual_screen,shock,0,143,0,3,1.0,1,0,6,6,zero,100
manual_screen,shock,0,143,1,3,19.0,19,0,1,1,zero,100
manual_screen,shock,0,143,2,3,28.0,28,0,0,0,zero,100
manual_screen,shock,0,144,0,3,2.0,0,2,2,2,zero,100
manual_screen,shock,0,144,1,3,18.0,18,0,1,1,zero,100
manual_screen,shock,0,144,2,3,27.0,27,0,0,0,zero,100
manual_screen,shock,0,145,0,2,2.0,2,0,2,2,zero,100
manual_screen,shock,0,145,1,2,16.0,16,0,1,1,zero,100
manual_screen,shock,0,145,2,2,26.0,26,0,0,0,zero,100
manual_screen,shock,0,146,0,2,-0.0,0,0,0,0,zero,100
manual_screen,shock,0,146,1,2,17.0,17,0,1,1,zero,100
manual_screen,shock,0,146,2,2,25.0,25,0,0,0,zero,100
manual_screen,shock,0,147,0,2,4.0,4,0,2,2,zero,100
manual_screen,shock,0,147,1,2,16.0,16,0,1,1,zero,100
manual_screen,shock,0,147,2,2,24.0,24,0,0,0,zero,100
manual_screen,shock,0,148,0,2,4.0,4,0,0,0,zero,100
manual_screen,shock,0,148,1,2,17.0,17,0,1,1,zero,100
manual_screen,shock,0,148,2,2,23.0,23,0,0,0,zero,100
manual_screen,shock,0,149,0,2,4.0,4,0,2,2,zero,100
manual_screen,shock,0,149,1,2,16.0,16,0,0,0,zero,100
manual_screen,shock,0,149,2,2,23.0,23,0,0,0,zero,100
manual_screen,shock,0,150,0,3,1.0,1,0,0,0,zero,100
manual_screen,shock,0,150,1,3,17.0,17,0,0,0,zero,100
manual_screen,shock,0,150,2,3,23.0,23,0,0,0,zero,100
manual_screen,shock,0,151,0,3,-0.0,0,0,6,6,zero,100
manual_screen,shock,0,151,1,3,12.0,12,0,0,0,zero,100
manual_screen,shock,0,151,2,3,23.0,23,0,0,0,zero,100
manual_screen,shock,0,152,0,3,3.0,0,3,2,2,zero,100
manual_screen,shock,0,152,1,3,11.0,11,0,1,1,zero,100
manual_screen,shock,0,152,2,3,22.0,22,0,0,0,zero,100
manual_screen,shock,0,153,0,3,4.0,0,4,6,6,zero,100
manual_screen,shock,0,153,1,3,5.0,5,0,1,1,zero,100
manual_screen,shock,0,153,2,3,21.0,21,0,0,0,zero,100
manual_screen,shock,0,154,0,3,7.0,0,7,2,2,zero,100
manual_screen,shock,0,154,1,3,3.0,3,0,15,15,zero,100
manual_screen,shock,0,154,2,3,6.0,6,0,0,0,zero,100
manual_screen,shock,0,155,0,4,5.0,0,5,6,6,zero,100
manual_screen,shock,0,155,1,4,3.0,0,3,1,1,zero,100
manual_screen,shock,0,155,2,4,5.0,5,0,1,1,zero,100
manual_screen,shock,0,156,0,3,6.0,0,6,10,10,zero,100
manual_screen,shock,0,156,1,3,12.0,0,12,15,15,zero,100
manual_screen,shock,0,156,2,3,10.0,0,10,20,20,zero,100
manual_screen,shock,0,157,0,3,3.0,0,3,10,10,zero,100
manual_screen,shock,0,157,1,3,21.0,0,21,15,15,zero,100
manual_screen,shock,0,157,2,3,25.0,0,25,20,20,zero,100
manual_screen,shock,0,158,0,3,4.0,0,4,10,10,zero,100
manual_screen,shock,0,158,1,3,16.0,0,16,15,15,zero,100
manual_screen,shock,0,158,2,3,40.0,0,40,20,20,zero,100
manual_screen,shock,0,159,0,3,4.0,0,4,6,6,zero,100
manual_screen,shock,0,159,1,3,21.0,0,21,15,15,zero,100
manual_screen,shock,0,159,2,3,54.0,0,54,20,20,zero,100
manual_screen,shock,0,160,0,3,6.0,0,6,6,6,zero,100
manual_screen,shock,0,160,1,3,22.0,0,22,15,15,zero,100
manual_screen,shock,0,160,2,3,49.0,0,49,20,20,zero,100
manual_screen,shock,0,161,0,4,9.0,0,9,6,6,zero,100
manual_screen,shock,0,161,1,4,28.0,0,28,11,11,zero,100
manual_screen,shock,0,161,2,4,40.0,0,40,20,20,zero,100
manual_screen,shock,0,162,0,4,2.0,2,0,6,6,zero,100
manual_screen,shock,0,162,1,4,34.0,0,34,0,0,zero,100
manual_screen,shock,0,162,2,4,20.0,0,20,20,20,zero,100
manual_screen,shock,0,163,0,4,1.0,0,1,10,10,zero,100
manual_screen,shock,0,163,1,4,43.0,0,43,0,0,zero,100
manual_screen,shock,0,163,2,4,-0.0,0,0,0,0,zero,100
manual_screen,shock,0,164,0,3,1.0,1,0,10,10,zero,100
manual_screen,shock,0,164,1,3,33.0,0,33,0,0,zero,100
manual_screen,shock,0,164,2,3,20.0,20,0,0,0,zero,100
manual_screen,shock,0,165,0,3,2.0,0,2,6,6,zero,100
manual_screen,shock,0,165,1,3,19.0,0,19,0,0,zero,100
manual_screen,shock,0,165,2,3,40.0,40,0,0,0,zero,100
manual_screen,shock,0,166,0,3,5.0,0,5,2,2,zero,100
manual_screen,shock,0,166,1,3,1.0,0,1,18,18,zero,100
manual_screen,shock,0,166,2,3,42.0,42,0,0,0,zero,100
manual_screen,shock,0,167,0,3,7.0,0,7,0,0,zero,100
manual_screen,shock,0,167,1,3,19.0,19,0,0,0,zero,100
manual_screen,shock,0,167,2,3,42.0,42,0,1,1,zero,100
manual_screen,shock,0,168,0,3,10.0,10,0,0,0,zero,100
manual_screen,shock,0,168,1,3,19.0,19,0,0,0,zero,100
manual_screen,shock,0,168,2,3,42.0,42,0,0,0,zero,100
manual_screen,shock,0,169,0,3,27.0,27,0,0,0,zero,100
manual_screen,shock,0,169,1,3,19.0,19,0,0,0,zero,100
manual_screen,shock,0,169,2,3,42.0,42,0,0,0,zero,100
manual_screen,shock,0,170,0,3,44.0,44,0,0,0,zero,100
manual_screen,shock,0,170,1,3,37.0,37,0,0,0,zero,100
manual_screen,shock,0,170,2,3,42.0,42,0,0,0,zero,100
manual_screen,shock,0,171,0,3,42.0,42,0,0,0,zero,100
manual_screen,shock,0,171,1,3,37.0,37,0,0,0,zero,100
manual_screen,shock,0,171,2,3,43.0,43,0,0,0,zero,100
manual_screen,shock,0,172,0,3,39.0,39,0,0,0,zero,100
manual_screen,shock,0,172,1,3,37.0,37,0,0,0,zero,100
manual_screen,shock,0,172,2,3,43.0,43,0,0,0,zero,100
manual_screen,shock,0,173,0,3,36.0,36,0,0,0,zero,100
manual_screen,shock,0,173,1,3,37.0,37,0,0,0,zero,100
manual_screen,shock,0,173,2,3,43.0,43,0,0,0,zero,100
manual_screen,shock,0,174,0,3,33.0,33,0,0,0,zero,100
manual_screen,shock,0,174,1,3,37.0,37,0,0,0,zero,100
manual_screen,shock,0,174,2,3,43.0,43,0,0,0,zero,100
manual_screen,shock,0,175,0,3,30.0,30,0,0,0,zero,100
manual_screen,shock,0,175,1,3,37.0,37,0,0,0,zero,100
manual_screen,shock,0,175,2,3,43.0,43,0,0,0,zero,100
manual_screen,shock,0,176,0,2,28.0,28,0,0,0,zero,100
manual_screen,shock,0,176,1,2,37.0,37,0,0,0,zero,100
manual_screen,shock,0,176,2,2,43.0,43,0,0,0,zero,100
manual_screen,shock,0,177,0,3,25.0,25,0,0,0,zero,100
manual_screen,shock,0,177,1,3,37.0,37,0,0,0,zero,100
manual_screen,shock,0,177,2,3,43.0,43,0,0,0,zero,100
manual_screen,shock,0,178,0,3,22.0,22,0,0,0,zero,100
manual_screen,shock,0,178,1,3,37.0,37,0,0,0,zero,100
manual_screen,shock,0,178,2,3,43.0,43,0,0,0,zero,100
manual_screen,shock,0,179,0,3,19.0,19,0,0,0,zero,100
manual_screen,shock,0,179,1,3,37.0,37,0,0,0,zero,100
manual_screen,shock,0,179,2,3,43.0,43,0,0,0,zero,100
manual_screen,shock,0,180,0,3,16.0,16,0,0,0,zero,100
manual_screen,shock,0,180,1,3,37.0,37,0,0,0,zero,100
manual_screen,shock,0,180,2,3,43.0,43,0,0,0,zero,100
manual_screen,shock,0,181,0,3,13.0,13,0,2,2,zero,100
manual_screen,shock,0,181,1,3,35.0,35,0,0,0,zero,100
manual_screen,shock,0,181,2,3,43.0,43,0,0,0,zero,100
manual_screen,shock,0,182,0,3,10.0,10,0,2,2,zero,100
manual_screen,shock,0,182,1,3,33.0,33,0,0,0,zero,100
manual_screen,shock,0,182,2,3,43.0,43,0,0,0,zero,100
manual_screen,shock,0,183,0,3,7.0,7,0,2,2,zero,100
manual_screen,shock,0,183,1,3,31.0,31,0,0,0,zero,100
manual_screen,shock,0,183,2,3,43.0,43,0,0,0,zero,100
manual_screen,shock,0,184,0,4,3.0,3,0,2,2,zero,100
manual_screen,shock,0,184,1,4,29.0,29,0,1,1,zero,100
manual_screen,shock,0,184,2,4,42.0,42,0,0,0,zero,100
manual_screen,shock,0,185,0,4,1.0,1,0,9,9,zero,100
manual_screen,shock,0,185,1,4,20.0,20,0,1,1,zero,100
manual_screen,shock,0,185,2,4,41.0,41,0,0,0,zero,100
manual_screen,shock,0,186,0,4,1.0,0,1,2,2,zero,100
manual_screen,shock,0,186,1,4,18.0,18,0,1,1,zero,100
manual_screen,shock,0,186,2,4,40.0,40,0,0,0,zero,100
manual_screen,shock,0,187,0,5,4.0,0,4,2,2,zero,100
manual_screen,shock,0,187,1,5,16.0,16,0,1,1,zero,100
manual_screen,shock,0,187,2,5,39.0,39,0,0,0,zero,100
manual_screen,shock,0,188,0,5,7.0,0,7,6,6,zero,100
manual_screen,shock,0,188,1,5,11.0,11,0,1,1,zero,100
manual_screen,shock,0,188,2,5,38.0,38,0,0,0,zero,100
manual_screen,shock,0,189,0,4,2.0,0,2,6,6,zero,100
manual_screen,shock,0,189,1,4,6.0,6,0,15,15,zero,100
manual_screen,shock,0,189,2,4,23.0,23,0,0,0,zero,100
manual_screen,shock,0,190,0,4,4.0,0,4,6,6,zero,100
manual_screen,shock,0,190,1,4,1.0,1,0,1,1,zero,100
manual_screen,shock,0,190,2,4,22.0,22,0,0,0,zero,100
manual_screen,shock,0,191,0,4,6.0,0,6,6,6,zero,100
manual_screen,shock,0,191,1,4,4.0,0,4,15,15,zero,100
manual_screen,shock,0,191,2,4,7.0,7,0,0,0,zero,100
manual_screen,shock,0,192,0,4,4.0,0,4,6,6,zero,100
manual_screen,shock,0,192,1,4,9.0,0,9,1,1,zero,100
manual_screen,shock,0,192,2,4,6.0,6,0,20,20,zero,100
manual_screen,shock,0,193,0,5,3.0,0,3,10,10,zero,100
manual_screen,shock,0,193,1,5,4.0,0,4,15,15,zero,100
manual_screen,shock,0,193,2,5,9.0,0,9,3,3,zero,100
manual_screen,shock,0,194,0,5,2.0,0,2,6,6,zero,100
manual_screen,shock,0,194,1,5,9.0,0,9,15,15,zero,100
manual_screen,shock,0,194,2,5,24.0,0,24,20,20,zero,100
manual_screen,shock,0,195,0,5,5.0,0,5,6,6,zero,100
manual_screen,shock,0,195,1,5,-0.0,0,0,15,15,zero,100
manual_screen,shock,0,195,2,5,39.0,0,39,20,20,zero,100
manual_screen,shock,0,196,0,4,8.0,0,8,0,0,zero,100
manual_screen,shock,0,196,1,4,1.0,1,0,15,15,zero,100
manual_screen,shock,0,196,2,4,34.0,0,34,20,20,zero,100
manual_screen,shock,0,197,0,4,3.0,3,0,6,6,zero,100
manual_screen,shock,0,197,1,4,1.0,1,0,3,3,zero,100
manual_screen,shock,0,197,2,4,34.0,0,34,20,20,zero,100
manual_screen,shock,0,198,0,5,1.0,0,1,0,0,zero,100
manual_screen,shock,0,198,1,5,1.0,1,0,15,15,zero,100
manual_screen,shock,0,198,2,5,29.0,0,29,0,0,zero,100
manual_screen,shock,0,199,0,6,8.0,8,0,6,6,zero,100
manual_screen,shock,0,199,1,6,5.0,0,5,0,0,zero,100
manual_screen,shock,0,199,2,6,9.0,0,9,20,20,zero,100
manual_screen,shock,0,200,0,6,2.0,2,0,10,10,zero,100
manual_screen,shock,0,200,1,6,5.0,5,0,0,0,zero,100
manual_screen,shock,0,200,2,6,11.0,11,0,16,16,zero,100
manual_screen,shock,1,1,0,10,10.0,10,0,10,10,zero,
manual_screen,shock,1,1,1,10,10.0,10,0,15,15,zero,
manual_screen,shock,1,1,2,10,5.0,5,0,0,0,zero,
manual_screen,shock,1,2,0,10,10.0,10,0,10,10,zero,
manual_screen,shock,1,2,1,10,10.0,10,0,1,1,zero,
manual_screen,shock,1,2,2,10,14.0,14,0,20,20,zero,
manual_screen,shock,1,3,0,10,10.0,10,0,10,10,zero,
manual_screen,shock,1,3,1,10,10.0,10,0,15,15,zero,
manual_screen,shock,1,3,2,10,9.0,9,0,3,3,zero,
manual_screen,shock,1,4,0,10,10.0,10,0,10,10,zero,
manual_screen,shock,1,4,1,10,10.0,10,0,15,15,zero,
manual_screen,shock,1,4,2,10,4.0,4,0,20,20,zero,
manual_screen,shock,1,5,0,10,10.0,10,0,9,9,zero,
manual_screen,shock,1,5,1,10,16.0,16,0,15,15,zero,
manual_screen,shock,1,5,2,10,11.0,0,11,20,20,zero,
manual_screen,shock,1,6,0,10,10.0,10,0,9,9,zero,
manual_screen,shock,1,6,1,10,8.0,8,0,15,15,zero,
manual_screen,shock,1,6,2,10,6.0,0,6,20,20,zero,
manual_screen,shock,1,7,0,11,9.0,9,0,9,9,zero,
manual_screen,shock,1,7,1,11,14.0,14,0,3,3,zero,
manual_screen,shock,1,7,2,11,6.0,0,6,20,20,zero,
manual_screen,shock,1,8,0,14,5.0,5,0,19,19,zero,
manual_screen,shock,1,8,1,14,10.0,10,0,5,5,zero,
manual_screen,shock,1,8,2,14,9.0,9,0,0,0,zero,
manual_screen,shock,1,9,0,14,-0.0,0,0,9,9,zero,
manual_screen,shock,1,9,1,14,5.0,5,0,15,15,zero,
manual_screen,shock,1,9,2,14,14.0,14,0,0,0,zero,
manual_screen,shock,1,10,0,16,7.0,0,7,19,19,zero,
manual_screen,shock,1,10,1,16,6.0,6,0,15,15,zero,
manual_screen,shock,1,10,2,16,19.0,19,0,1,1,zero,
manual_screen,shock,1,11,0,16,14.0,0,14,10,10,zero,
manual_screen,shock,1,11,1,16,1.0,0,1,15,15,zero,
manual_screen,shock,1,11,2,16,24.0,24,0,20,20,zero,
manual_screen,shock,1,12,0,15,10.0,0,10,19,19,zero,
manual_screen,shock,1,12,1,15,9.0,0,9,15,15,zero,
manual_screen,shock,1,12,2,15,9.0,9,0,20,20,zero,
manual_screen,shock,1,13,0,14,15.0,0,15,19,19,zero,
manual_screen,shock,1,13,1,14,13.0,0,13,18,18,zero,
manual_screen,shock,1,13,2,14,9.0,0,9,20,20,zero,
manual_screen,shock,1,14,0,14,10.0,0,10,10,10,zero,
manual_screen,shock,1,14,1,14,8.0,0,8,18,18,zero,
manual_screen,shock,1,14,2,14,26.0,0,26,20,20,zero,
manual_screen,shock,1,15,0,17,18.0,0,18,19,19,zero,
manual_screen,shock,1,15,1,17,12.0,0,12,18,18,zero,
manual_screen,shock,1,15,2,17,24.0,0,24,20,20,zero,
manual_screen,shock,1,16,0,16,23.0,0,23,19,19,zero,
manual_screen,shock,1,16,1,16,16.0,0,16,18,18,zero,
manual_screen,shock,1,16,2,16,22.0,0,22,17,17,zero,
manual_screen,shock,1,17,0,18,26.0,0,26,19,19,zero,
manual_screen,shock,1,17,1,18,26.0,0,26,18,18,zero,
manual_screen,shock,1,17,2,18,20.0,0,20,20,20,zero,
manual_screen,shock,1,18,0,17,28.0,0,28,19,19,zero,
manual_screen,shock,1,18,1,17,44.0,0,44,18,18,zero,
manual_screen,shock,1,18,2,17,18.0,0,18,20,20,zero,
manual_screen,shock,1,19,0,18,31.0,0,31,19,19,zero,
manual_screen,shock,1,19,1,18,43.0,0,43,18,18,zero,
manual_screen,shock,1,19,2,18,16.0,0,16,20,20,zero,
manual_screen,shock,1,20,0,17,33.0,0,33,10,10,zero,
manual_screen,shock,1,20,1,17,33.0,0,33,18,18,zero,
manual_screen,shock,1,20,2,17,17.0,0,17,20,20,zero,
manual_screen,shock,1,21,0,18,42.0,0,42,19,19,zero,
manual_screen,shock,1,21,1,18,32.0,0,32,3,3,zero,
manual_screen,shock,1,21,2,18,-0.0,0,0,20,20,zero,
manual_screen,shock,1,22,0,18,59.0,0,59,19,19,zero,
manual_screen,shock,1,22,1,18,31.0,0,31,18,18,zero,
manual_screen,shock,1,22,2,18,2.0,2,0,16,16,zero,
manual_screen,shock,1,23,0,15,54.0,0,54,17,17,zero,
manual_screen,shock,1,23,1,15,28.0,0,28,18,18,zero,
manual_screen,shock,1,23,2,15,4.0,4,0,1,1,zero,
manual_screen,shock,1,24,0,14,48.0,0,48,10,10,zero,
manual_screen,shock,1,24,1,14,21.0,0,21,18,18,zero,
manual_screen,shock,1,24,2,14,6.0,6,0,16,16,zero,
manual_screen,shock,1,25,0,13,41.0,0,41,10,10,zero,
manual_screen,shock,1,25,1,13,11.0,0,11,18,18,zero,
manual_screen,shock,1,25,2,13,8.0,8,0,20,20,zero,
manual_screen,shock,1,26,0,13,34.0,0,34,10,10,zero,
manual_screen,shock,1,26,1,13,3.0,0,3,18,18,zero,
manual_screen,shock,1,26,2,13,6.0,6,0,20,20,zero,
manual_screen,shock,1,27,0,11,25.0,0,25,10,10,zero,
manual_screen,shock,1,27,1,11,5.0,5,0,18,18,zero,
manual_screen,shock,1,27,2,11,11.0,0,11,20,20,zero,
manual_screen,shock,1,28,0,10,18.0,0,18,10,10,zero,
manual_screen,shock,1,28,1,10,13.0,13,0,18,18,zero,
manual_screen,shock,1,28,2,10,13.0,0,13,20,20,zero,
manual_screen,shock,1,29,0,8,6.0,0,6,10,10,zero,
manual_screen,shock,1,29,1,8,21.0,21,0,12,12,zero,
manual_screen,shock,1,29,2,8,5.0,0,5,16,16,zero,
manual_screen,shock,1,30,0,8,4.0,4,0,6,6,zero,
manual_screen,shock,1,30,1,8,33.0,33,0,0,0,zero,
manual_screen,shock,1,30,2,8,15.0,15,0,16,16,zero,
manual_screen,shock,1,31,0,8,9.0,9,0,10,10,zero,
manual_screen,shock,1,31,1,8,30.0,30,0,0,0,zero,
manual_screen,shock,1,31,2,8,35.0,35,0,0,0,zero,
manual_screen,shock,1,32,0,8,11.0,11,0,6,6,zero,
manual_screen,shock,1,32,1,8,40.0,40,0,12,12,zero,
manual_screen,shock,1,32,2,8,43.0,43,0,0,0,zero,
manual_screen,shock,1,33,0,7,14.0,14,0,10,10,zero,
manual_screen,shock,1,33,1,7,50.0,50,0,1,1,zero,
manual_screen,shock,1,33,2,7,58.0,58,0,0,0,zero,
manual_screen,shock,1,34,0,8,12.0,12,0,6,6,zero,
manual_screen,shock,1,34,1,8,49.0,49,0,12,12,zero,
manual_screen,shock,1,34,2,8,62.0,62,0,0,0,zero,
manual_screen,shock,1,35,0,7,15.0,15,0,9,9,zero,
manual_screen,shock,1,35,1,7,40.0,40,0,1,1,zero,
manual_screen,shock,1,35,2,7,61.0,61,0,0,0,zero,
manual_screen,shock,1,36,0,8,13.0,13,0,6,6,zero,
manual_screen,shock,1,36,1,8,46.0,46,0,1,1,zero,
manual_screen,shock,1,36,2,8,60.0,60,0,0,0,zero,
manual_screen,shock,1,37,0,7,16.0,16,0,9,9,zero,
manual_screen,shock,1,37,1,7,38.0,38,0,1,1,zero,
manual_screen,shock,1,37,2,7,59.0,59,0,0,0,zero,
manual_screen,shock,1,38,0,7,15.0,15,0,4,4,zero,
manual_screen,shock,1,38,1,7,46.0,46,0,1,1,zero,
manual_screen,shock,1,38,2,7,58.0,58,0,0,0,zero,
manual_screen,shock,1,39,0,7,17.0,17,0,9,9,zero,
manual_screen,shock,1,39,1,7,38.0,38,0,1,1,zero,
manual_screen,shock,1,39,2,7,57.0,57,0,0,0,zero,
manual_screen,shock,1,40,0,7,16.0,16,0,2,2,zero,
manual_screen,shock,1,40,1,7,37.0,37,0,15,15,zero,
manual_screen,shock,1,40,2,7,42.0,42,0,0,0,zero,
manual_screen,shock,1,41,0,6,19.0,19,0,9,9,zero,
manual_screen,shock,1,41,1,6,29.0,29,0,1,1,zero,
manual_screen,shock,1,41,2,6,41.0,41,0,0,0,zero,
manual_screen,shock,1,42,0,6,17.0,17,0,3,3,zero,
manual_screen,shock,1,42,1,6,27.0,27,0,1,1,zero,
manual_screen,shock,1,42,2,6,40.0,40,0,0,0,zero,
manual_screen,shock,1,43,0,6,20.0,20,0,3,3,zero,
manual_screen,shock,1,43,1,6,25.0,25,0,1,1,zero,
manual_screen,shock,1,43,2,6,39.0,39,0,0,0,zero,
manual_screen,shock,1,44,0,5,17.0,17,0,2,2,zero,
manual_screen,shock,1,44,1,5,38.0,38,0,1,1,zero,
manual_screen,shock,1,44,2,5,38.0,38,0,0,0,zero,
manual_screen,shock,1,45,0,5,21.0,21,0,2,2,zero,
manual_screen,shock,1,45,1,5,37.0,37,0,0,0,zero,
manual_screen,shock,1,45,2,5,38.0,38,0,0,0,zero,
manual_screen,shock,1,46,0,5,19.0,19,0,2,2,zero,
manual_screen,shock,1,46,1,5,36.0,36,0,0,0,zero,
manual_screen,shock,1,46,2,5,38.0,38,0,0,0,zero,
manual_screen,shock,1,47,0,5,17.0,17,0,2,2,zero,
manual_screen,shock,1,47,1,5,35.0,35,0,0,0,zero,
manual_screen,shock,1,47,2,5,38.0,38,0,0,0,zero,
manual_screen,shock,1,48,0,6,13.0,13,0,3,3,zero,
manual_screen,shock,1,48,1,6,33.0,33,0,0,0,zero,
manual_screen,shock,1,48,2,6,38.0,38,0,0,0,zero,
manual_screen,shock,1,49,0,6,9.0,9,0,9,9,zero,
manual_screen,shock,1,49,1,6,24.0,24,0,1,1,zero,
manual_screen,shock,1,49,2,6,37.0,37,0,0,0,zero,
manual_screen,shock,1,50,0,6,5.0,5,0,3,3,zero,
manual_screen,shock,1,50,1,6,21.0,21,0,1,1,zero,
manual_screen,shock,1,50,2,6,36.0,36,0,0,0,zero,
manual_screen,shock,1,51,0,6,1.0,1,0,9,9,zero,
manual_screen,shock,1,51,1,6,12.0,12,0,11,11,zero,
manual_screen,shock,1,51,2,6,25.0,25,0,0,0,zero,
manual_screen,shock,1,52,0,7,3.0,0,3,3,3,zero,
manual_screen,shock,1,52,1,7,9.0,9,0,15,15,zero,
manual_screen,shock,1,52,2,7,10.0,10,0,0,0,zero,
manual_screen,shock,1,53,0,7,1.0,0,1,9,9,zero,
manual_screen,shock,1,53,1,7,1.0,1,0,1,1,zero,
manual_screen,shock,1,53,2,7,9.0,9,0,20,20,zero,
manual_screen,shock,1,54,0,7,5.0,0,5,6,6,zero,
manual_screen,shock,1,54,1,7,4.0,0,4,11,11,zero,
manual_screen,shock,1,54,2,7,2.0,0,2,3,3,zero,
manual_screen,shock,1,55,0,6,2.0,0,2,19,19,zero,
manual_screen,shock,1,55,1,6,12.0,0,12,11,11,zero,
manual_screen,shock,1,55,2,6,13.0,0,13,20,20,zero,
manual_screen,shock,1,56,0,6,5.0,0,5,6,6,zero,
manual_screen,shock,1,56,1,6,3.0,0,3,15,15,zero,
manual_screen,shock,1,56,2,6,28.0,0,28,20,20,zero,
manual_screen,shock,1,57,0,6,2.0,0,2,2,2,zero,
manual_screen,shock,1,57,1,6,4.0,0,4,15,15,zero,
manual_screen,shock,1,57,2,6,23.0,0,23,20,20,zero,
manual_screen,shock,1,58,0,6,6.0,0,6,2,2,zero,
manual_screen,shock,1,58,1,6,3.0,3,0,3,3,zero,
manual_screen,shock,1,58,2,6,23.0,0,23,20,20,zero,
manual_screen,shock,1,59,0,7,2.0,0,2,6,6,zero,
manual_screen,shock,1,59,1,7,3.0,0,3,0,0,zero,
manual_screen,shock,1,59,2,7,3.0,0,3,0,0,zero,
manual_screen,shock,1,60,0,7,6.0,6,0,10,10,zero,
manual_screen,shock,1,60,1,7,13.0,0,13,0,0,zero,
manual_screen,shock,1,60,2,7,17.0,17,0,0,0,zero,
manual_screen,shock,1,61,0,6,1.0,1,0,19,19,zero,
manual_screen,shock,1,61,1,6,12.0,0,12,12,12,zero,
manual_screen,shock,1,61,2,6,25.0,25,0,0,0,zero,
manual_screen,shock,1,62,0,6,1.0,1,0,10,10,zero,
manual_screen,shock,1,62,1,6,19.0,0,19,18,18,zero,
manual_screen,shock,1,62,2,6,27.0,27,0,0,0,zero,
manual_screen,shock,1,63,0,8,4.0,0,4,6,6,zero,
manual_screen,shock,1,63,1,8,5.0,0,5,18,18,zero,
manual_screen,shock,1,63,2,8,9.0,9,0,20,20,zero,
manual_screen,shock,1,64,0,9,13.0,0,13,0,0,zero,
manual_screen,shock,1,64,1,9,2.0,0,2,0,0,zero,
manual_screen,shock,1,64,2,9,9.0,9,0,20,20,zero,
manual_screen,shock,1,65,0,8,1.0,0,1,6,6,zero,
manual_screen,shock,1,65,1,8,4.0,4,0,0,0,zero,
manual_screen,shock,1,65,2,8,9.0,9,0,0,0,zero,
manual_screen,shock,1,66,0,8,6.0,0,6,6,6,zero,
manual_screen,shock,1,66,1,8,16.0,16,0,12,12,zero,
manual_screen,shock,1,66,2,8,3.0,0,3,0,0,zero,
manual_screen,shock,1,67,0,8,6.0,6,0,6,6,zero,
manual_screen,shock,1,67,1,8,28.0,28,0,12,12,zero,
manual_screen,shock,1,67,2,8,5.0,5,0,0,0,zero,
manual_screen,shock,1,68,0,11,2.0,0,2,10,10,zero,
manual_screen,shock,1,68,1,11,18.0,18,0,1,1,zero,
manual_screen,shock,1,68,2,11,24.0,24,0,5,5,zero,
manual_screen,shock,1,69,0,11,5.0,0,5,19,19,zero,
manual_screen,shock,1,69,1,11,1.0,0,1,15,15,zero,
manual_screen,shock,1,69,2,11,9.0,9,0,0,0,zero,
manual_screen,shock,1,70,0,11,10.0,0,10,10,10,zero,70
manual_screen,shock,1,70,1,11,2.0,0,2,15,15,zero,70
manual_screen,shock,1,70,2,11,6.0,0,6,20,20,zero,70
manual_screen,shock,1,71,0,11,15.0,0,15,19,19,zero,70
manual_screen,shock,1,71,1,11,6.0,0,6,15,15,zero,70
manual_screen,shock,1,71,2,11,21.0,0,21,20,20,zero,70
manual_screen,shock,1,72,0,11,16.0,0,16,10,10,zero,70
manual_screen,shock,1,72,1,11,15.0,0,15,18,18,zero,70
manual_screen,shock,1,72,2,11,34.0,0,34,20,20,zero,70
manual_screen,shock,1,73,0,11,9.0,0,9,10,10,zero,70
manual_screen,shock,1,73,1,11,10.0,0,10,15,15,zero,70
manual_screen,shock,1,73,2,11,49.0,0,49,20,20,zero,70
manual_screen,shock,1,74,0,9,9.0,0,9,10,10,zero,70
manual_screen,shock,1,74,1,9,11.0,0,11,18,18,zero,70
manual_screen,shock,1,74,2,9,47.0,0,47,20,20,zero,70
manual_screen,shock,1,75,0,9,3.0,0,3,19,19,zero,70
manual_screen,shock,1,75,1,9,30.0,0,30,15,15,zero,70
manual_screen,shock,1,75,2,9,42.0,0,42,20,20,zero,70
manual_screen,shock,1,76,0,11,13.0,0,13,10,10,zero,70
manual_screen,shock,1,76,1,11,35.0,0,35,18,18,zero,70
manual_screen,shock,1,76,2,11,40.0,0,40,20,20,zero,70
manual_screen,shock,1,77,0,11,9.0,0,9,10,10,zero,70
manual_screen,shock,1,77,1,11,45.0,0,45,18,18,zero,70
manual_screen,shock,1,77,2,11,38.0,0,38,20,20,zero,70
manual_screen,shock,1,78,0,11,11.0,0,11,19,19,zero,70
manual_screen,shock,1,78,1,11,44.0,0,44,3,3,zero,70
manual_screen,shock,1,78,2,11,21.0,0,21,20,20,zero,70
manual_screen,shock,1,79,0,9,20.0,0,20,9,9,zero,70
manual_screen,shock,1,79,1,9,33.0,0,33,18,18,zero,70
manual_screen,shock,1,79,2,9,19.0,0,19,0,0,zero,70
manual_screen,shock,1,80,0,9,24.0,0,24,10,10,zero,70
manual_screen,shock,1,80,1,9,23.0,0,23,0,0,zero,70
manual_screen,shock,1,80,2,9,1.0,1,0,20,20,zero,70
manual_screen,shock,1,81,0,11,35.0,0,35,10,10,zero,70
manual_screen,shock,1,81,1,11,13.0,0,13,0,0,zero,70
manual_screen,shock,1,81,2,11,21.0,21,0,16,16,zero,70
manual_screen,shock,1,82,0,11,26.0,0,26,6,6,zero,70
manual_screen,shock,1,82,1,11,1.0,1,0,18,18,zero,70
manual_screen,shock,1,82,2,11,23.0,23,0,0,0,zero,70
manual_screen,shock,1,83,0,11,17.0,0,17,6,6,zero,70
manual_screen,shock,1,83,1,11,15.0,15,0,18,18,zero,70
manual_screen,shock,1,83,2,11,5.0,5,0,16,16,zero,70
manual_screen,shock,1,84,0,11,8.0,0,8,10,10,zero,70
manual_screen,shock,1,84,1,11,24.0,24,0,0,0,zero,70
manual_screen,shock,1,84,2,11,25.0,25,0,20,20,zero,70
manual_screen,shock,1,85,0,11,1.0,1,0,10,10,zero,70
manual_screen,shock,1,85,1,11,14.0,14,0,18,18,zero,70
manual_screen,shock,1,85,2,11,23.0,23,0,3,3,zero,70
manual_screen,shock,1,86,0,12,8.0,8,0,10,10,zero,70
manual_screen,shock,1,86,1,12,22.0,22,0,3,3,zero,70
manual_screen,shock,1,86,2,12,20.0,20,0,16,16,zero,70
manual_screen,shock,1,87,0,12,2.0,2,0,19,19,zero,70
manual_screen,shock,1,87,1,12,21.0,21,0,12,12,zero,70
manual_screen,shock,1,87,2,12,24.0,24,0,0,0,zero,70
manual_screen,shock,1,88,0,11,1.0,1,0,10,10,zero,70
manual_screen,shock,1,88,1,11,11.0,11,0,15,15,zero,70
manual_screen,shock,1,88,2,11,29.0,29,0,0,0,zero,70
manual_screen,shock,1,89,0,12,1.0,0,1,10,10,zero,70
manual_screen,shock,1,89,1,12,19.0,19,0,15,15,zero,70
manual_screen,shock,1,89,2,12,17.0,17,0,20,20,zero,70
manual_screen,shock,1,90,0,12,3.0,0,3,10,10,zero,70
manual_screen,shock,1,90,1,12,12.0,12,0,3,3,zero,70
manual_screen,shock,1,90,2,12,30.0,30,0,20,20,zero,70
manual_screen,shock,1,91,0,14,2.0,2,0,10,10,zero,70
manual_screen,shock,1,91,1,14,14.0,14,0,15,15,zero,70
manual_screen,shock,1,91,2,14,15.0,15,0,0,0,zero,70
manual_screen,shock,1,92,0,12,-0.0,0,0,19,19,zero,70
manual_screen,shock,1,92,1,12,10.0,10,0,3,3,zero,70
manual_screen,shock,1,92,2,12,12.0,12,0,3,3,zero,70
manual_screen,shock,1,93,0,15,5.0,0,5,9,9,zero,70
manual_screen,shock,1,93,1,15,16.0,16,0,15,15,zero,70
manual_screen,shock,1,93,2,15,17.0,17,0,0,0,zero,70
manual_screen,shock,1,94,0,9,4.0,0,4,19,19,zero,70
manual_screen,shock,1,94,1,9,-0.0,0,0,3,3,zero,70
manual_screen,shock,1,94,2,9,34.0,34,0,3,3,zero,70
manual_screen,shock,1,95,0,9,3.0,0,3,6,6,zero,70
manual_screen,shock,1,95,1,9,9.0,9,0,15,15,zero,70
manual_screen,shock,1,95,2,9,19.0,19,0,0,0,zero,70
manual_screen,shock,1,96,0,9,7.0,7,0,6,6,zero,70
manual_screen,shock,1,96,1,9,6.0,6,0,3,3,zero,70
manual_screen,shock,1,96,2,9,19.0,19,0,20,20,zero,70
manual_screen,shock,1,97,0,8,8.0,8,0,6,6,zero,70
manual_screen,shock,1,97,1,8,15.0,15,0,15,15,zero,70
manual_screen,shock,1,97,2,8,4.0,4,0,3,3,zero,70
manual_screen,shock,1,98,0,8,19.0,19,0,6,6,zero,70
manual_screen,shock,1,98,1,8,12.0,12,0,0,0,zero,70
manual_screen,shock,1,98,2,8,7.0,7,0,20,20,zero,70
manual_screen,shock,1,99,0,7,18.0,18,0,6,6,zero,70
manual_screen,shock,1,99,1,7,21.0,21,0,1,1,zero,70
manual_screen,shock,1,99,2,7,6.0,6,0,3,3,zero,70
manual_screen,shock,1,100,0,7,17.0,17,0,6,6,zero,70
manual_screen,shock,1,100,1,7,18.0,18,0,1,1,zero,70
manual_screen,shock,1,100,2,7,25.0,25,0,0,0,zero,70
manual_screen,shock,1,101,0,7,16.0,16,0,6,6,zero,70
manual_screen,shock,1,101,1,7,27.0,27,0,1,1,zero,70
manual_screen,shock,1,101,2,7,27.0,27,0,0,0,zero,70
manual_screen,shock,1,102,0,8,14.0,14,0,4,4,zero,70
manual_screen,shock,1,102,1,8,23.0,23,0,15,15,zero,70
manual_screen,shock,1,102,2,8,32.0,32,0,0,0,zero,70
manual_screen,shock,1,103,0,7,13.0,13,0,9,9,zero,70
manual_screen,shock,1,103,1,7,15.0,15,0,1,1,zero,70
manual_screen,shock,1,103,2,7,34.0,34,0,1,1,zero,70
manual_screen,shock,1,104,0,8,11.0,11,0,9,9,zero,70
manual_screen,shock,1,104,1,8,7.0,7,0,15,15,zero,70
manual_screen,shock,1,104,2,8,19.0,19,0,0,0,zero,70
manual_screen,shock,1,105,0,8,9.0,9,0,9,9,zero,70
manual_screen,shock,1,105,1,8,1.0,0,1,3,3,zero,70
manual_screen,shock,1,105,2,8,16.0,16,0,20,20,zero,70
manual_screen,shock,1,106,0,8,5.0,5,0,4,4,zero,70
manual_screen,shock,1,106,1,8,10.0,10,0,15,15,zero,70
manual_screen,shock,1,106,2,8,1.0,1,0,3,3,zero,70
manual_screen,shock,1,107,0,8,6.0,6,0,10,10,zero,70
manual_screen,shock,1,107,1,8,1.0,1,0,1,1,zero,70
manual_screen,shock,1,107,2,8,1.0,1,0,20,20,zero,70
manual_screen,shock,1,108,0,8,7.0,7,0,6,6,zero,70
manual_screen,shock,1,108,1,8,10.0,10,0,15,15,zero,70
manual_screen,shock,1,108,2,8,14.0,0,14,20,20,zero,70
manual_screen,shock,1,109,0,8,7.0,7,0,9,9,zero,70
manual_screen,shock,1,109,1,8,4.0,4,0,15,15,zero,70
manual_screen,shock,1,109,2,8,9.0,0,9,20,20,zero,70
manual_screen,shock,1,110,0,8,4.0,4,0,6,6,zero,70
manual_screen,shock,1,110,1,8,13.0,13,0,15,15,zero,70
manual_screen,shock,1,110,2,8,21.0,0,21,16,16,zero,70
manual_screen,shock,1,111,0,9,5.0,5,0,9,9,zero,70
manual_screen,shock,1,111,1,9,5.0,5,0,15,15,zero,70
manual_screen,shock,1,111,2,9,16.0,0,16,16,16,zero,70
manual_screen,shock,1,112,0,9,2.0,2,0,9,9,zero,70
manual_screen,shock,1,112,1,9,3.0,0,3,1,1,zero,70
manual_screen,shock,1,112,2,9,3.0,3,0,16,16,zero,70
manual_screen,shock,1,113,0,10,1.0,1,0,19,19,zero,70
manual_screen,shock,1,113,1,10,2.0,0,2,1,1,zero,70
manual_screen,shock,1,113,2,10,22.0,22,0,0,0,zero,70
manual_screen,shock,1,114,0,11,4.0,0,4,9,9,zero,70
manual_screen,shock,1,114,1,11,8.0,0,8,15,15,zero,70
manual_screen,shock,1,114,2,11,23.0,23,0,0,0,zero,70
manual_screen,shock,1,115,0,10,5.0,0,5,9,9,zero,70
manual_screen,shock,1,115,1,10,3.0,3,0,15,15,zero,70
manual_screen,shock,1,115,2,10,24.0,24,0,16,16,zero,70
manual_screen,shock,1,116,0,10,9.0,0,9,6,6,zero,70
manual_screen,shock,1,116,1,10,14.0,14,0,15,15,zero,70
manual_screen,shock,1,116,2,10,25.0,25,0,20,20,zero,70
manual_screen,shock,1,117,0,11,-0.0,0,0,10,10,zero,70
manual_screen,shock,1,117,1,11,5.0,5,0,3,3,zero,70
manual_screen,shock,1,117,2,11,22.0,22,0,20,20,zero,70
manual_screen,shock,1,118,0,12,9.0,0,9,10,10,zero,70
manual_screen,shock,1,118,1,12,10.0,10,0,15,15,zero,70
manual_screen,shock,1,118,2,12,7.0,7,0,0,0,zero,70
manual_screen,shock,1,119,0,14,6.0,0,6,10,10,zero,70
manual_screen,shock,1,119,1,14,15.0,15,0,15,15,zero,70
manual_screen,shock,1,119,2,14,8.0,8,0,0,0,zero,70
manual_screen,shock,1,120,0,14,14.0,0,14,19,19,zero,70
manual_screen,shock,1,120,1,14,11.0,11,0,15,15,zero,70
manual_screen,shock,1,120,2,14,13.0,13,0,20,20,zero,70
manual_screen,shock,1,121,0,14,18.0,0,18,19,19,zero,70
manual_screen,shock,1,121,1,14,5.0,0,5,15,15,zero,70
manual_screen,shock,1,121,2,14,18.0,18,0,20,20,zero,70
manual_screen,shock,1,122,0,17,25.0,0,25,19,19,zero,70
manual_screen,shock,1,122,1,17,9.0,0,9,18,18,zero,70
manual_screen,shock,1,122,2,17,-0.0,0,0,20,20,zero,70
manual_screen,shock,1,123,0,20,35.0,0,35,19,19,zero,70
manual_screen,shock,1,123,1,20,13.0,0,13,18,18,zero,70
manual_screen,shock,1,123,2,20,18.0,0,18,20,20,zero,70
manual_screen,shock,1,124,0,18,34.0,0,34,19,19,zero,70
manual_screen,shock,1,124,1,18,17.0,0,17,18,18,zero,70
manual_screen,shock,1,124,2,18,16.0,0,16,14,14,zero,70
manual_screen,shock,1,125,0,17,37.0,0,37,19,19,zero,70
manual_screen,shock,1,125,1,17,21.0,0,21,18,18,zero,70
manual_screen,shock,1,125,2,17,14.0,0,14,20,20,zero,70
manual_screen,shock,1,126,0,17,39.0,0,39,19,19,zero,70
manual_screen,shock,1,126,1,17,22.0,0,22,18,18,zero,70
manual_screen,shock,1,126,2,17,12.0,0,12,20,20,zero,70
manual_screen,shock,1,127,0,16,40.0,0,40,19,19,zero,70
manual_screen,shock,1,127,1,16,41.0,0,41,18,18,zero,70
manual_screen,shock,1,127,2,16,10.0,0,10,20,20,zero,70
manual_screen,shock,1,128,0,17,42.0,0,42,19,19,zero,70
manual_screen,shock,1,128,1,17,40.0,0,40,18,18,zero,70
manual_screen,shock,1,128,2,17,14.0,0,14,20,20,zero,70
manual_screen,shock,1,129,0,19,46.0,0,46,10,10,zero,70
manual_screen,shock,1,129,1,19,30.0,0,30,18,18,zero,70
manual_screen,shock,1,129,2,19,12.0,0,12,20,20,zero,70
manual_screen,shock,1,130,0,20,48.0,0,48,19,20,manual,70
manual_screen,shock,1,130,1,20,30.0,0,30,3,9,manual,70
manual_screen,shock,1,130,2,20,1.0,0,1,16,17,manual,70
manual_screen,shock,1,131,0,19,67.0,0,67,17,20,manual,70
manual_screen,shock,1,131,1,19,30.0,0,30,18,20,manual,70
manual_screen,shock,1,131,2,19,1.0,0,1,16,16,manual,70
manual_screen,shock,1,132,0,20,67.0,0,67,17,20,manual,70
manual_screen,shock,1,132,1,20,36.0,0,36,18,20,manual,70
manual_screen,shock,1,132,2,20,1.0,0,1,16,18,manual,70
manual_screen,shock,1,133,0,20,67.0,0,67,17,20,manual,70
manual_screen,shock,1,133,1,20,36.0,0,36,18,20,manual,70
manual_screen,shock,1,133,2,20,1.0,0,1,20,20,manual,70
manual_screen,shock,1,134,0,20,67.0,0,67,17,20,manual,70
manual_screen,shock,1,134,1,20,36.0,0,36,18,20,manual,70
manual_screen,shock,1,134,2,20,4.0,0,4,20,20,manual,70
manual_screen,shock,1,135,0,20,67.0,0,67,17,17,zero,70
manual_screen,shock,1,135,1,20,33.0,0,33,18,18,zero,70
manual_screen,shock,1,135,2,20,6.0,0,6,20,20,zero,70
manual_screen,shock,1,136,0,20,73.0,0,73,17,17,zero,70
manual_screen,shock,1,136,1,20,30.0,0,30,18,18,zero,70
manual_screen,shock,1,136,2,20,6.0,0,6,20,20,zero,70
manual_screen,shock,1,137,0,20,73.0,0,73,17,17,zero,70
manual_screen,shock,1,137,1,20,27.0,0,27,18,18,zero,70
manual_screen,shock,1,137,2,20,4.0,0,4,16,16,zero,70
manual_screen,shock,1,138,0,20,73.0,0,73,17,17,zero,70
manual_screen,shock,1,138,1,20,27.0,0,27,18,18,zero,70
manual_screen,shock,1,138,2,20,2.0,0,2,16,16,zero,70
manual_screen,shock,1,139,0,20,73.0,0,73,17,17,zero,70
manual_screen,shock,1,139,1,20,28.0,0,28,18,18,zero,70
manual_screen,shock,1,139,2,20,-0.0,0,0,20,20,zero,70
manual_screen,shock,1,140,0,20,73.0,0,73,17,17,zero,70
manual_screen,shock,1,140,1,20,27.0,0,27,18,18,zero,70
manual_screen,shock,1,140,2,20,2.0,2,0,20,20,zero,70
manual_screen,shock,1,141,0,20,73.0,0,73,17,17,zero,70
manual_screen,shock,1,141,1,20,24.0,0,24,18,18,zero,70
manual_screen,shock,1,141,2,20,-0.0,0,0,16,16,zero,70
manual_screen,shock,1,142,0,20,76.0,0,76,17,17,zero,70
manual_screen,shock,1,142,1,20,21.0,0,21,18,18,zero,70
manual_screen,shock,1,142,2,20,2.0,0,2,16,16,zero,70
manual_screen,shock,1,143,0,20,80.0,0,80,17,17,zero,70
manual_screen,shock,1,143,1,20,18.0,0,18,18,18,zero,70
manual_screen,shock,1,143,2,20,-0.0,0,0,16,16,zero,70
manual_screen,shock,1,144,0,20,82.0,0,82,17,17,zero,70
manual_screen,shock,1,144,1,20,17.0,0,17,18,18,zero,70
manual_screen,shock,1,144,2,20,2.0,2,0,20,20,zero,70
manual_screen,shock,1,145,0,20,82.0,0,82,17,17,zero,70
manual_screen,shock,1,145,1,20,16.0,0,16,18,18,zero,70
manual_screen,shock,1,145,2,20,-0.0,0,0,20,20,zero,70
manual_screen,shock,1,146,0,20,82.0,0,82,17,17,zero,70
manual_screen,shock,1,146,1,20,17.0,0,17,18,18,zero,70
manual_screen,shock,1,146,2,20,2.0,0,2,16,16,zero,70
manual_screen,shock,1,147,0,20,82.0,0,82,17,17,zero,70
manual_screen,shock,1,147,1,20,14.0,0,14,18,18,zero,70
manual_screen,shock,1,147,2,20,4.0,0,4,16,16,zero,70
manual_screen,shock,1,148,0,20,84.0,0,84,17,17,zero,70
manual_screen,shock,1,148,1,20,13.0,0,13,18,18,zero,70
manual_screen,shock,1,148,2,20,2.0,0,2,20,20,zero,70
manual_screen,shock,1,149,0,20,86.0,0,86,17,17,zero,70
manual_screen,shock,1,149,1,20,12.0,0,12,18,18,zero,70
manual_screen,shock,1,149,2,20,-0.0,0,0,20,20,zero,70
manual_screen,shock,1,150,0,20,90.0,0,90,17,17,zero,70
manual_screen,shock,1,150,1,20,13.0,0,13,18,18,zero,70
manual_screen,shock,1,150,2,20,2.0,0,2,16,16,zero,70
manual_screen,shock,1,151,0,20,90.0,0,90,17,17,zero,70
manual_screen,shock,1,151,1,20,14.0,0,14,18,18,zero,70
manual_screen,shock,1,151,2,20,4.0,0,4,16,16,zero,70
manual_screen,shock,1,152,0,20,92.0,0,92,17,17,zero,70
manual_screen,shock,1,152,1,20,11.0,0,11,18,18,zero,70
manual_screen,shock,1,152,2,20,2.0,0,2,20,20,zero,70
manual_screen,shock,1,153,0,20,94.0,0,94,17,17,zero,70
manual_screen,shock,1,153,1,20,8.0,0,8,18,18,zero,70
manual_screen,shock,1,153,2,20,-0.0,0,0,20,20,zero,70
manual_screen,shock,1,154,0,20,98.0,0,98,17,17,zero,70
manual_screen,shock,1,154,1,20,9.0,0,9,18,18,zero,70
manual_screen,shock,1,154,2,20,2.0,0,2,16,16,zero,70
manual_screen,shock,1,155,0,20,102.0,0,102,17,17,zero,70
manual_screen,shock,1,155,1,20,10.0,0,10,18,18,zero,70
manual_screen,shock,1,155,2,20,4.0,0,4,16,16,zero,70
manual_screen,shock,1,156,0,20,102.0,0,102,17,17,zero,70
manual_screen,shock,1,156,1,20,7.0,0,7,18,18,zero,70
manual_screen,shock,1,156,2,20,2.0,0,2,20,20,zero,70
manual_screen,shock,1,157,0,20,102.0,0,102,17,17,zero,70
manual_screen,shock,1,157,1,20,4.0,0,4,18,18,zero,70
manual_screen,shock,1,157,2,20,-0.0,0,0,20,20,zero,70
manual_screen,shock,1,158,0,20,106.0,0,106,17,17,zero,70
manual_screen,shock,1,158,1,20,5.0,0,5,18,18,zero,70
manual_screen,shock,1,158,2,20,2.0,0,2,16,16,zero,70
manual_screen,shock,1,159,0,20,110.0,0,110,17,17,zero,70
manual_screen,shock,1,159,1,20,6.0,0,6,18,18,zero,70
manual_screen,shock,1,159,2,20,4.0,0,4,16,16,zero,70
manual_screen,shock,1,160,0,20,110.0,0,110,17,17,zero,70
manual_screen,shock,1,160,1,20,3.0,0,3,18,18,zero,70
manual_screen,shock,1,160,2,20,2.0,0,2,20,20,zero,70
manual_screen,shock,1,161,0,20,110.0,0,110,17,17,zero,70
manual_screen,shock,1,161,1,20,-0.0,0,0,18,18,zero,70
manual_screen,shock,1,161,2,20,-0.0,0,0,20,20,zero,70
manual_screen,shock,1,162,0,20,114.0,0,114,17,17,zero,70
manual_screen,shock,1,162,1,20,1.0,0,1,18,18,zero,70
manual_screen,shock,1,162,2,20,2.0,0,2,16,16,zero,70
manual_screen,shock,1,163,0,20,118.0,0,118,17,17,zero,70
manual_screen,shock,1,163,1,20,2.0,0,2,18,18,zero,70
manual_screen,shock,1,163,2,20,4.0,0,4,16,16,zero,70
manual_screen,shock,1,164,0,20,118.0,0,118,17,17,zero,70
manual_screen,shock,1,164,1,20,1.0,1,0,18,18,zero,70
manual_screen,shock,1,164,2,20,2.0,0,2,20,20,zero,70
manual_screen,shock,1,165,0,20,118.0,0,118,17,20,manual,70
manual_screen,shock,1,165,1,20,1.0,1,0,18,18,manual,70
manual_screen,shock,1,165,2,20,-0.0,0,0,20,20,manual,70
manual_screen,shock,1,166,0,20,122.0,0,122,17,20,manual,70
manual_screen,shock,1,166,1,20,3.0,0,3,18,18,manual,70
manual_screen,shock,1,166,2,20,2.0,0,2,16,16,manual,70
manual_screen,shock,1,167,0,20,126.0,0,126,17,20,manual,70
manual_screen,shock,1,167,1,20,7.0,0,7,18,18,manual,70
manual_screen,shock,1,167,2,20,4.0,0,4,16,16,manual,70
manual_screen,shock,1,168,0,20,127.0,0,127,17,20,manual,70
manual_screen,shock,1,168,1,20,7.0,0,7,18,20,manual,70
manual_screen,shock,1,168,2,20,4.0,0,4,20,20,manual,70
manual_screen,shock,1,169,0,20,127.0,0,127,17,20,manual,70
manual_screen,shock,1,169,1,20,7.0,0,7,18,20,manual,70
manual_screen,shock,1,169,2,20,4.0,0,4,20,20,manual,70
manual_screen,shock,1,170,0,20,130.0,0,130,17,17,zero,70
manual_screen,shock,1,170,1,20,8.0,0,8,18,18,zero,70
manual_screen,shock,1,170,2,20,6.0,0,6,20,20,zero,70
manual_screen,shock,1,171,0,20,134.0,0,134,17,17,zero,70
manual_screen,shock,1,171,1,20,9.0,0,9,18,18,zero,70
manual_screen,shock,1,171,2,20,8.0,0,8,20,20,zero,70
manual_screen,shock,1,172,0,19,133.0,0,133,17,17,zero,70
manual_screen,shock,1,172,1,19,6.0,0,6,18,18,zero,70
manual_screen,shock,1,172,2,19,6.0,0,6,16,16,zero,70
manual_screen,shock,1,173,0,19,132.0,0,132,17,17,zero,70
manual_screen,shock,1,173,1,19,3.0,0,3,18,18,zero,70
manual_screen,shock,1,173,2,19,4.0,0,4,20,20,zero,70
manual_screen,shock,1,174,0,18,134.0,0,134,17,17,zero,70
manual_screen,shock,1,174,1,18,4.0,0,4,18,18,zero,70
manual_screen,shock,1,174,2,18,2.0,0,2,16,16,zero,70
manual_screen,shock,1,175,0,16,134.0,0,134,17,20,manual,70
manual_screen,shock,1,175,1,16,8.0,0,8,18,18,manual,70
manual_screen,shock,1,175,2,16,-0.0,0,0,20,20,manual,70
manual_screen,shock,1,176,0,17,131.0,0,131,17,20,manual,70
manual_screen,shock,1,176,1,17,8.0,0,8,18,20,manual,70
manual_screen,shock,1,176,2,17,4.0,0,4,20,20,manual,70
manual_screen,shock,1,177,0,16,127.0,0,127,17,20,manual,70
manual_screen,shock,1,177,1,16,8.0,0,8,18,20,manual,70
manual_screen,shock,1,177,2,16,4.0,0,4,20,20,manual,70
manual_screen,shock,1,178,0,17,128.0,0,128,17,20,manual,70
manual_screen,shock,1,178,1,17,8.0,0,8,18,20,manual,70
manual_screen,shock,1,178,2,17,8.0,0,8,20,20,manual,70
manual_screen,shock,1,179,0,17,129.0,0,129,17,20,manual,70
manual_screen,shock,1,179,1,17,8.0,0,8,18,20,manual,70
manual_screen,shock,1,179,2,17,8.0,0,8,20,20,manual,70
manual_screen,shock,1,180,0,19,128.0,0,128,17,20,manual,70
manual_screen,shock,1,180,1,19,12.0,0,12,18,20,manual,70
manual_screen,shock,1,180,2,19,8.0,0,8,20,20,manual,70
manual_screen,shock,1,181,0,20,128.0,0,128,17,20,manual,70
manual_screen,shock,1,181,1,20,12.0,0,12,18,20,manual,70
manual_screen,shock,1,181,2,20,8.0,0,8,20,20,manual,70
manual_screen,shock,1,182,0,19,127.0,0,127,17,20,manual,70
manual_screen,shock,1,182,1,19,16.0,0,16,18,20,manual,70
manual_screen,shock,1,182,2,19,8.0,0,8,20,20,manual,70
manual_screen,shock,1,183,0,20,127.0,0,127,17,20,manual,70
manual_screen,shock,1,183,1,20,16.0,0,16,18,20,manual,70
manual_screen,shock,1,183,2,20,8.0,0,8,20,20,manual,70
manual_screen,shock,1,184,0,20,131.0,0,131,17,20,manual,70
manual_screen,shock,1,184,1,20,16.0,0,16,18,20,manual,70
manual_screen,shock,1,184,2,20,8.0,0,8,20,20,manual,70
manual_screen,shock,1,185,0,20,131.0,0,131,17,20,manual,70
manual_screen,shock,1,185,1,20,16.0,0,16,18,20,manual,70
manual_screen,shock,1,185,2,20,8.0,0,8,20,20,manual,70
manual_screen,shock,1,186,0,20,135.0,0,135,17,20,manual,70
manual_screen,shock,1,186,1,20,16.0,0,16,18,20,manual,70
manual_screen,shock,1,186,2,20,8.0,0,8,20,20,manual,70
manual_screen,shock,1,187,0,20,135.0,0,135,17,20,manual,70
manual_screen,shock,1,187,1,20,16.0,0,16,18,20,manual,70
manual_screen,shock,1,187,2,20,8.0,0,8,20,20,manual,70
manual_screen,shock,1,188,0,20,135.0,0,135,17,20,manual,70
manual_screen,shock,1,188,1,20,16.0,0,16,18,20,manual,70
manual_screen,shock,1,188,2,20,8.0,0,8,20,20,manual,70
manual_screen,shock,1,189,0,20,135.0,0,135,17,20,manual,70
manual_screen,shock,1,189,1,20,16.0,0,16,18,20,manual,70
manual_screen,shock,1,189,2,20,8.0,0,8,20,20,manual,70
manual_screen,shock,1,190,0,20,135.0,0,135,17,17,zero,70
manual_screen,shock,1,190,1,20,13.0,0,13,18,18,zero,70
manual_screen,shock,1,190,2,20,6.0,0,6,20,20,zero,70
manual_screen,shock,1,191,0,20,135.0,0,135,17,17,zero,70
manual_screen,shock,1,191,1,20,10.0,0,10,18,18,zero,70
manual_screen,shock,1,191,2,20,4.0,0,4,20,20,zero,70
manual_screen,shock,1,192,0,20,135.0,0,135,17,17,zero,70
manual_screen,shock,1,192,1,20,7.0,0,7,18,18,zero,70
manual_screen,shock,1,192,2,20,2.0,0,2,16,16,zero,70
manual_screen,shock,1,193,0,20,135.0,0,135,17,17,zero,70
manual_screen,shock,1,193,1,20,4.0,0,4,18,18,zero,70
manual_screen,shock,1,193,2,20,-0.0,0,0,16,16,zero,70
manual_screen,shock,1,194,0,20,135.0,0,135,17,17,zero,70
manual_screen,shock,1,194,1,20,1.0,0,1,18,18,zero,70
manual_screen,shock,1,194,2,20,2.0,2,0,16,16,zero,70
manual_screen,shock,1,195,0,20,135.0,0,135,17,20,manual,70
manual_screen,shock,1,195,1,20,1.0,0,1,18,18,manual,70
manual_screen,shock,1,195,2,20,4.0,4,0,20,20,manual,70
manual_screen,shock,1,196,0,20,135.0,0,135,17,20,manual,70
manual_screen,shock,1,196,1,20,1.0,0,1,18,18,manual,70
manual_screen,shock,1,196,2,20,2.0,2,0,20,20,manual,70
manual_screen,shock,1,197,0,20,135.0,0,135,17,20,manual,70
manual_screen,shock,1,197,1,20,1.0,0,1,18,18,manual,70
manual_screen,shock,1,197,2,20,-0.0,0,0,16,16,manual,70
manual_screen,shock,1,198,0,20,135.0,0,135,17,20,manual,70
manual_screen,shock,1,198,1,20,3.0,0,3,18,18,manual,70
manual_screen,shock,1,198,2,20,2.0,0,2,16,16,manual,70
manual_screen,shock,1,199,0,20,135.0,0,135,17,20,manual,70
manual_screen,shock,1,199,1,20,5.0,0,5,18,18,manual,70
manual_screen,shock,1,199,2,20,-0.0,0,0,16,16,manual,70
manual_screen,shock,1,200,0,20,135.0,0,135,17,17,zero,70
manual_screen,shock,1,200,1,20,4.0,0,4,18,18,zero,70
manual_screen,shock,1,200,2,20,2.0,2,0,20,20,zero,70
llm_single,base,0,1,0,10,10.0,10,0,10,10,zero,
llm_single,base,0,1,1,10,10.0,10,0,15,15,zero,
llm_single,base,0,1,2,10,5.0,5,0,0,0,zero,
llm_single,base,0,2,0,10,10.0,10,0,10,10,zero,
llm_single,base,0,2,1,10,10.0,10,0,1,1,zero,
llm_single,base,0,2,2,10,14.0,14,0,20,20,zero,
llm_single,base,0,3,0,8,12.0,12,0,10,10,zero,
llm_single,base,0,3,1,8,10.0,10,0,15,15,zero,
llm_single,base,0,3,2,8,9.0,9,0,3,3,zero,
llm_single,base,0,4,0,8,14.0,14,0,2,2,zero,
llm_single,base,0,4,1,8,18.0,18,0,15,15,zero,
llm_single,base,0,4,2,8,4.0,4,0,20,20,zero,
llm_single,base,0,5,0,8,16.0,16,0,6,6,zero,
llm_single,base,0,5,1,8,27.0,27,0,0,0,zero,
llm_single,base,0,5,2,8,4.0,4,0,20,20,zero,
llm_single,base,0,6,0,8,18.0,18,0,6,6,zero,
llm_single,base,0,6,1,8,22.0,22,0,1,1,zero,
llm_single,base,0,6,2,8,23.0,23,0,0,0,zero,
llm_single,base,0,7,0,9,19.0,19,0,9,9,zero,
llm_single,base,0,7,1,9,28.0,28,0,1,1,zero,
llm_single,base,0,7,2,9,25.0,25,0,0,0,zero,
llm_single,base,0,8,0,8,13.0,13,0,9,9,zero,
llm_single,base,0,8,1,8,34.0,34,0,1,1,zero,
llm_single,base,0,8,2,8,44.0,44,0,0,0,zero,
llm_single,base,0,9,0,7,12.0,12,0,4,4,zero,
llm_single,base,0,9,1,7,30.0,30,0,15,15,zero,
llm_single,base,0,9,2,7,49.0,49,0,0,0,zero,
llm_single,base,0,10,0,8,10.0,10,0,4,4,zero,
llm_single,base,0,10,1,8,27.0,27,0,1,1,zero,
llm_single,base,0,10,2,8,48.0,48,0,0,0,zero,
llm_single,base,0,11,0,8,11.0,11,0,10,10,zero,
llm_single,base,0,11,1,8,18.0,18,0,1,1,zero,
llm_single,base,0,11,2,8,47.0,47,0,0,0,zero,
llm_single,base,0,12,0,9,11.0,11,0,6,6,zero,
llm_single,base,0,12,1,9,13.0,13,0,11,11,zero,
llm_single,base,0,12,2,9,36.0,36,0,0,0,zero,
llm_single,base,0,13,0,8,7.0,7,0,9,9,zero,
llm_single,base,0,13,1,8,19.0,19,0,1,1,zero,
llm_single,base,0,13,2,8,35.0,35,0,0,0,zero,
llm_single,base,0,14,0,9,2.0,2,0,9,9,zero,
llm_single,base,0,14,1,9,11.0,11,0,15,15,zero,
llm_single,base,0,14,2,9,20.0,20,0,0,0,zero,
llm_single,base,0,15,0,9,3.0,3,0,9,9,zero,
llm_single,base,0,15,1,9,3.0,3,0,3,3,zero,
llm_single,base,0,15,2,9,17.0,17,0,16,16,zero,
llm_single,base,0,16,0,10,1.0,0,1,9,9,zero,
llm_single,base,0,16,1,10,5.0,5,0,15,15,zero,
llm_single,base,0,16,2,10,2.0,2,0,3,3,zero,
llm_single,base,0,17,0,10,2.0,0,2,10,10,zero,
llm_single,base,0,17,1,10,4.0,0,4,3,3,zero,
llm_single,base,0,17,2,10,1.0,0,1,20,20,zero,
llm_single,base,0,18,0,9,2.0,0,2,10,10,zero,
llm_single,base,0,18,1,9,1.0,1,0,15,15,zero,
llm_single,base,0,18,2,9,16.0,0,16,20,20,zero,
llm_single,base,0,19,0,8,1.0,0,1,10,10,zero,
llm_single,base,0,19,1,8,6.0,0,6,15,15,zero,
llm_single,base,0,19,2,8,15.0,0,15,20,20,zero,
llm_single,base,0,20,0,10,2.0,0,2,10,10,zero,
llm_single,base,0,20,1,10,1.0,0,1,15,15,zero,
llm_single,base,0,20,2,10,27.0,0,27,16,16,zero,
llm_single,base,0,21,0,10,6.0,0,6,6,6,zero,
llm_single,base,0,21,1,10,5.0,0,5,15,15,zero,
llm_single,base,0,21,2,10,22.0,0,22,16,16,zero,
llm_single,base,0,22,0,10,2.0,0,2,19,19,zero,
llm_single,base,0,22,1,10,24.0,0,24,3,3,zero,
llm_single,base,0,22,2,10,5.0,0,5,16,16,zero,
llm_single,base,0,23,0,11,9.0,0,9,10,10,zero,
llm_single,base,0,23,1,11,18.0,0,18,15,15,zero,
llm_single,base,0,23,2,11,-0.0,0,0,1,1,zero,
llm_single,base,0,24,0,9,3.0,0,3,10,10,zero,
llm_single,base,0,24,1,9,25.0,0,25,3,3,zero,
llm_single,base,0,24,2,9,13.0,13,0,16,16,zero,
llm_single,base,0,25,0,9,10.0,0,10,19,19,zero,
llm_single,base,0,25,1,9,24.0,0,24,3,3,zero,
llm_single,base,0,25,2,9,26.0,26,0,1,1,zero,
llm_single,base,0,26,0,8,18.0,0,18,10,10,zero,
llm_single,base,0,26,1,8,14.0,0,14,18,18,zero,
llm_single,base,0,26,2,8,24.0,24,0,0,0,zero,
llm_single,base,0,27,0,10,12.0,0,12,2,2,zero,
llm_single,base,0,27,1,10,4.0,4,0,18,18,zero,
llm_single,base,0,27,2,10,7.0,7,0,20,20,zero,
llm_single,base,0,28,0,10,19.0,0,19,6,6,zero,
llm_single,base,0,28,1,10,1.0,1,0,0,0,zero,
llm_single,base,0,28,2,10,23.0,23,0,20,20,zero,
llm_single,base,0,29,0,10,9.0,0,9,6,6,zero,
llm_single,base,0,29,1,10,2.0,0,2,0,0,zero,
llm_single,base,0,29,2,10,24.0,24,0,0,0,zero,
llm_single,base,0,30,0,9,2.0,2,0,10,10,zero,
llm_single,base,0,30,1,9,6.0,6,0,12,12,zero,
llm_single,base,0,30,2,9,12.0,12,0,0,0,zero,
llm_single,base,0,31,0,9,9.0,9,0,10,10,zero,
llm_single,base,0,31,1,9,14.0,14,0,18,18,zero,
llm_single,base,0,31,2,9,14.0,14,0,0,0,zero,
llm_single,base,0,32,0,9,6.0,6,0,19,19,zero,
llm_single,base,0,32,1,9,5.0,0,5,15,15,zero,
llm_single,base,0,32,2,9,19.0,19,0,20,20,zero,
llm_single,base,0,33,0,9,1.0,1,0,6,6,zero,
llm_single,base,0,33,1,9,11.0,0,11,18,18,zero,
llm_single,base,0,33,2,9,1.0,1,0,20,20,zero,
llm_single,base,0,34,0,9,4.0,4,0,6,6,zero,
llm_single,base,0,34,1,9,5.0,0,5,3,3,zero,
llm_single,base,0,34,2,9,2.0,0,2,20,20,zero,
llm_single,base,0,35,0,10,4.0,4,0,6,6,zero,
llm_single,base,0,35,1,10,7.0,7,0,18,18,zero,
llm_single,base,0,35,2,10,20.0,0,20,0,0,zero,
llm_single,base,0,36,0,9,9.0,9,0,10,10,zero,
llm_single,base,0,36,1,9,12.0,12,0,12,12,zero,
llm_single,base,0,36,2,9,12.0,0,12,20,20,zero,
llm_single,base,0,37,0,10,1.0,0,1,6,6,zero,
llm_single,base,0,37,1,10,24.0,24,0,12,12,zero,
llm_single,base,0,37,2,10,4.0,0,4,20,20,zero,
llm_single,base,0,38,0,10,1.0,1,0,10,10,zero,
llm_single,base,0,38,1,10,15.0,15,0,3,3,zero,
llm_single,base,0,38,2,10,13.0,13,0,16,16,zero,
llm_single,base,0,39,0,9,3.0,3,0,10,10,zero,
llm_single,base,0,39,1,9,5.0,5,0,1,1,zero,
llm_single,base,0,39,2,9,12.0,12,0,0,0,zero,
llm_single,base,0,40,0,8,5.0,5,0,9,9,zero,
llm_single,base,0,40,1,8,16.0,16,0,12,12,zero,
llm_single,base,0,40,2,8,20.0,20,0,0,0,zero,
llm_single,base,0,41,0,8,3.0,3,0,6,6,zero,
llm_single,base,0,41,1,8,30.0,30,0,15,15,zero,
llm_single,base,0,41,2,8,25.0,25,0,0,0,zero,
llm_single,base,0,42,0,9,4.0,4,0,6,6,zero,
llm_single,base,0,42,1,9,31.0,31,0,3,3,zero,
llm_single,base,0,42,2,9,38.0,38,0,20,20,zero,
llm_single,base,0,43,0,10,4.0,4,0,10,10,zero,
llm_single,base,0,43,1,10,22.0,22,0,1,1,zero,
llm_single,base,0,43,2,10,37.0,37,0,0,0,zero,
llm_single,base,0,44,0,9,4.0,4,0,19,19,zero,
llm_single,base,0,44,1,9,15.0,15,0,15,15,zero,
llm_single,base,0,44,2,9,22.0,22,0,0,0,zero,
llm_single,base,0,45,0,10,-0.0,0,0,9,9,zero,
llm_single,base,0,45,1,10,21.0,21,0,15,15,zero,
llm_single,base,0,45,2,10,7.0,7,0,1,1,zero,
llm_single,base,0,46,0,10,4.0,0,4,6,6,zero,
llm_single,base,0,46,1,10,18.0,18,0,15,15,zero,
llm_single,base,0,46,2,10,12.0,12,0,20,20,zero,
llm_single,base,0,47,0,10,4.0,0,4,6,6,zero,
llm_single,base,0,47,1,10,13.0,13,0,3,3,zero,
llm_single,base,0,47,2,10,9.0,9,0,20,20,zero,
llm_single,base,0,48,0,10,5.0,5,0,10,10,zero,
llm_single,base,0,48,1,10,18.0,18,0,1,1,zero,
llm_single,base,0,48,2,10,8.0,8,0,0,0,zero,
llm_single,base,0,49,0,12,2.0,2,0,19,19,zero,
llm_single,base,0,49,1,12,14.0,14,0,5,5,zero,
llm_single,base,0,49,2,12,4.0,4,0,0,0,zero,
llm_single,base,0,50,0,11,3.0,0,3,9,9,zero,
llm_single,base,0,50,1,11,20.0,20,0,15,15,zero,
llm_single,base,0,50,2,11,9.0,9,0,0,0,zero,
llm_single,base,0,51,0,13,10.0,0,10,10,10,zero,
llm_single,base,0,51,1,13,13.0,13,0,15,15,zero,
llm_single,base,0,51,2,13,14.0,14,0,0,0,zero,
llm_single,base,0,52,0,12,12.0,0,12,10,10,zero,
llm_single,base,0,52,1,12,4.0,4,0,15,15,zero,
llm_single,base,0,52,2,12,1.0,0,1,20,20,zero,
llm_single,base,0,53,0,11,4.0,0,4,10,10,zero,
llm_single,base,0,53,1,11,1.0,0,1,3,3,zero,
llm_single,base,0,53,2,11,4.0,0,4,20,20,zero,
llm_single,base,0,54,0,11,6.0,0,6,19,19,zero,
llm_single,base,0,54,1,11,5.0,0,5,15,15,zero,
llm_single,base,0,54,2,11,19.0,0,19,0,0,zero,
llm_single,base,0,55,0,10,6.0,0,6,10,10,zero,
llm_single,base,0,55,1,10,-0.0,0,0,15,15,zero,
llm_single,base,0,55,2,10,34.0,0,34,20,20,zero,
llm_single,base,0,56,0,11,7.0,0,7,10,10,zero,
llm_single,base,0,56,1,11,4.0,4,0,15,15,zero,
llm_single,base,0,56,2,11,29.0,0,29,20,20,zero,
llm_single,base,0,57,0,11,9.0,0,9,10,10,zero,
llm_single,base,0,57,1,11,6.0,0,6,15,15,zero,
llm_single,base,0,57,2,11,24.0,0,24,20,20,zero,
llm_single,base,0,58,0,12,6.0,0,6,10,10,zero,
llm_single,base,0,58,1,12,16.0,0,16,3,3,zero,
llm_single,base,0,58,2,12,27.0,0,27,20,20,zero,
llm_single,base,0,59,0,10,1.0,0,1,19,19,zero,
llm_single,base,0,59,1,10,35.0,0,35,18,18,zero,
llm_single,base,0,59,2,10,25.0,0,25,0,0,zero,
llm_single,base,0,60,0,11,2.0,0,2,19,19,zero,
llm_single,base,0,60,1,11,34.0,0,34,18,18,zero,
llm_single,base,0,60,2,11,23.0,0,23,20,20,zero,
llm_single,base,0,61,0,11,9.0,0,9,9,9,zero,
llm_single,base,0,61,1,11,23.0,0,23,18,18,zero,
llm_single,base,0,61,2,11,21.0,0,21,20,20,zero,
llm_single,base,0,62,0,11,20.0,0,20,10,10,zero,
llm_single,base,0,62,1,11,33.0,0,33,18,18,zero,
llm_single,base,0,62,2,11,19.0,0,19,20,20,zero,
llm_single,base,0,63,0,11,31.0,0,31,17,17,zero,
llm_single,base,0,63,1,11,30.0,0,30,0,0,zero,
llm_single,base,0,63,2,11,19.0,0,19,20,20,zero,
llm_single,base,0,64,0,10,21.0,0,21,10,10,zero,
llm_single,base,0,64,1,10,20.0,0,20,18,18,zero,
llm_single,base,0,64,2,10,17.0,0,17,0,0,zero,
llm_single,base,0,65,0,10,11.0,0,11,6,6,zero,
llm_single,base,0,65,1,10,6.0,0,6,18,18,zero,
llm_single,base,0,65,2,10,15.0,0,15,20,20,zero,
llm_single,base,0,66,0,9,20.0,0,20,6,6,zero,
llm_single,base,0,66,1,9,8.0,8,0,18,18,zero,
llm_single,base,0,66,2,9,13.0,0,13,20,20,zero,
llm_single,base,0,67,0,8,8.0,0,8,6,6,zero,
llm_single,base,0,67,1,8,2.0,2,0,0,0,zero,
llm_single,base,0,67,2,8,7.0,7,0,20,20,zero,
llm_single,base,0,68,0,9,3.0,3,0,6,6,zero,
llm_single,base,0,68,1,9,16.0,16,0,0,0,zero,
llm_single,base,0,68,2,9,7.0,7,0,3,3,zero,
llm_single,base,0,69,0,10,13.0,13,0,6,6,zero,
llm_single,base,0,69,1,10,30.0,30,0,0,0,zero,
llm_single,base,0,69,2,10,27.0,27,0,0,0,zero,
llm_single,base,0,70,0,9,16.0,16,0,19,19,zero,
llm_single,base,0,70,1,9,31.0,31,0,0,0,zero,
llm_single,base,0,70,2,9,47.0,47,0,0,0,zero,
llm_single,base,0,71,0,9,13.0,13,0,9,9,zero,
llm_single,base,0,71,1,9,35.0,35,0,18,18,zero,
llm_single,base,0,71,2,9,49.0,49,0,0,0,zero,
llm_single,base,0,72,0,9,10.0,10,0,10,10,zero,
llm_single,base,0,72,1,9,25.0,25,0,15,15,zero,
llm_single,base,0,72,2,9,37.0,37,0,0,0,zero,
llm_single,base,0,73,0,9,7.0,7,0,6,6,zero,
llm_single,base,0,73,1,9,19.0,19,0,15,15,zero,
llm_single,base,0,73,2,9,22.0,22,0,20,20,zero,
llm_single,base,0,74,0,9,17.0,17,0,6,6,zero,
llm_single,base,0,74,1,9,13.0,13,0,3,3,zero,
llm_single,base,0,74,2,9,19.0,19,0,20,20,zero,
llm_single,base,0,75,0,9,17.0,17,0,6,6,zero,
llm_single,base,0,75,1,9,25.0,25,0,1,1,zero,
llm_single,base,0,75,2,9,18.0,18,0,0,0,zero,
llm_single,base,0,76,0,8,19.0,19,0,9,9,zero,
llm_single,base,0,76,1,8,31.0,31,0,1,1,zero,
llm_single,base,0,76,2,8,17.0,17,0,0,0,zero,
llm_single,base,0,77,0,8,17.0,17,0,9,9,zero,
llm_single,base,0,77,1,8,37.0,37,0,1,1,zero,
llm_single,base,0,77,2,8,36.0,36,0,0,0,zero,
llm_single,base,0,78,0,8,15.0,15,0,4,4,zero,
llm_single,base,0,78,1,8,36.0,36,0,15,15,zero,
llm_single,base,0,78,2,8,41.0,41,0,0,0,zero,
llm_single,base,0,79,0,8,13.0,13,0,9,9,zero,
llm_single,base,0,79,1,8,28.0,28,0,1,1,zero,
llm_single,base,0,79,2,8,40.0,40,0,0,0,zero,
llm_single,base,0,80,0,8,14.0,14,0,4,4,zero,
llm_single,base,0,80,1,8,25.0,25,0,15,15,zero,
llm_single,base,0,80,2,8,25.0,25,0,0,0,zero,
llm_single,base,0,81,0,9,14.0,14,0,9,9,zero,
llm_single,base,0,81,1,9,17.0,17,0,1,1,zero,
llm_single,base,0,81,2,9,24.0,24,0,16,16,zero,
llm_single,base,0,82,0,9,9.0,9,0,9,9,zero,
llm_single,base,0,82,1,9,23.0,23,0,1,1,zero,
llm_single,base,0,82,2,9,23.0,23,0,0,0,zero,
llm_single,base,0,83,0,8,10.0,10,0,9,9,zero,
llm_single,base,0,83,1,8,15.0,15,0,1,1,zero,
llm_single,base,0,83,2,8,22.0,22,0,0,0,zero,
llm_single,base,0,84,0,8,6.0,6,0,9,9,zero,
llm_single,base,0,84,1,8,21.0,21,0,15,15,zero,
llm_single,base,0,84,2,8,7.0,7,0,0,0,zero,
llm_single,base,0,85,0,9,6.0,6,0,2,2,zero,
llm_single,base,0,85,1,9,20.0,20,0,15,15,zero,
llm_single,base,0,85,2,9,8.0,8,0,0,0,zero,
llm_single,base,0,86,0,9,6.0,6,0,10,10,zero,
llm_single,base,0,86,1,9,11.0,11,0,1,1,zero,
llm_single,base,0,86,2,9,7.0,7,0,20,20,zero,
llm_single,base,0,87,0,10,5.0,5,0,10,10,zero,
llm_single,base,0,87,1,10,2.0,2,0,1,1,zero,
llm_single,base,0,87,2,10,6.0,6,0,20,20,zero,
llm_single,base,0,88,0,9,5.0,5,0,9,9,zero,
llm_single,base,0,88,1,9,8.0,8,0,15,15,zero,
llm_single,base,0,88,2,9,9.0,0,9,0,0,zero,
llm_single,base,0,89,0,10,3.0,0,3,9,9,zero,
llm_single,base,0,89,1,10,14.0,14,0,15,15,zero,
llm_single,base,0,89,2,10,24.0,0,24,0,0,zero,
llm_single,base,0,90,0,10,3.0,0,3,10,10,zero,
llm_single,base,0,90,1,10,5.0,5,0,15,15,zero,
llm_single,base,0,90,2,10,19.0,0,19,20,20,zero,
llm_single,base,0,91,0,9,2.0,0,2,10,10,zero,
llm_single,base,0,91,1,9,4.0,0,4,11,11,zero,
llm_single,base,0,91,2,9,10.0,0,10,20,20,zero,
llm_single,base,0,92,0,10,3.0,0,3,10,10,zero,
llm_single,base,0,92,1,10,8.0,0,8,11,11,zero,
llm_single,base,0,92,2,10,21.0,0,21,20,20,zero,
llm_single,base,0,93,0,8,2.0,0,2,10,10,zero,
llm_single,base,0,93,1,8,18.0,0,18,15,15,zero,
llm_single,base,0,93,2,8,36.0,0,36,20,20,zero,
llm_single,base,0,94,0,8,-0.0,0,0,10,10,zero,
llm_single,base,0,94,1,8,8.0,0,8,15,15,zero,
llm_single,base,0,94,2,8,31.0,0,31,17,17,zero,
llm_single,base,0,95,0,8,2.0,0,2,6,6,zero,
llm_single,base,0,95,1,8,6.0,6,0,15,15,zero,
llm_single,base,0,95,2,8,26.0,0,26,20,20,zero,
llm_single,base,0,96,0,9,5.0,0,5,6,6,zero,
llm_single,base,0,96,1,9,-0.0,0,0,3,3,zero,
llm_single,base,0,96,2,9,9.0,0,9,16,16,zero,
llm_single,base,0,97,0,8,13.0,0,13,6,6,zero,
llm_single,base,0,97,1,8,6.0,0,6,0,0,zero,
llm_single,base,0,97,2,8,11.0,11,0,0,0,zero,
llm_single,base,0,98,0,7,-0.0,0,0,6,6,zero,
llm_single,base,0,98,1,7,8.0,8,0,0,0,zero,
llm_single,base,0,98,2,7,28.0,28,0,0,0,zero,
llm_single,base,0,99,0,8,6.0,6,0,6,6,zero,
llm_single,base,0,99,1,8,22.0,22,0,1,1,zero,
llm_single,base,0,99,2,8,47.0,47,0,0,0,zero,
llm_single,base,0,100,0,8,4.0,4,0,19,19,zero,
llm_single,base,0,100,1,8,23.0,23,0,1,1,zero,
llm_single,base,0,100,2,8,62.0,62,0,0,0,zero,
llm_single,base,0,101,0,7,3.0,0,3,6,6,zero,
llm_single,base,0,101,1,7,26.0,26,0,18,18,zero,
llm_single,base,0,101,2,7,44.0,44,0,0,0,zero,
llm_single,base,0,102,0,7,2.0,2,0,2,2,zero,
llm_single,base,0,102,1,7,24.0,24,0,15,15,zero,
llm_single,base,0,102,2,7,29.0,29,0,1,1,zero,
llm_single,base,0,103,0,7,1.0,1,0,6,6,zero,
llm_single,base,0,103,1,7,19.0,19,0,1,1,zero,
llm_single,base,0,103,2,7,28.0,28,0,20,20,zero,
llm_single,base,0,104,0,7,13.0,13,0,6,6,zero,
llm_single,base,0,104,1,7,14.0,14,0,1,1,zero,
llm_single,base,0,104,2,7,27.0,27,0,0,0,zero,
llm_single,base,0,105,0,7,12.0,12,0,9,9,zero,
llm_single,base,0,105,1,7,23.0,23,0,1,1,zero,
llm_single,base,0,105,2,7,26.0,26,0,0,0,zero,
llm_single,base,0,106,0,7,7.0,7,0,9,9,zero,
llm_single,base,0,106,1,7,29.0,29,0,12,12,zero,
llm_single,base,0,106,2,7,15.0,15,0,0,0,zero,
llm_single,base,0,107,0,6,7.0,7,0,2,2,zero,
llm_single,base,0,107,1,6,28.0,28,0,15,15,zero,
llm_single,base,0,107,2,6,20.0,20,0,0,0,zero,
llm_single,base,0,108,0,6,7.0,7,0,6,6,zero,
llm_single,base,0,108,1,6,23.0,23,0,1,1,zero,
llm_single,base,0,108,2,6,19.0,19,0,20,20,zero,
llm_single,base,0,109,0,6,10.0,10,0,6,6,zero,
llm_single,base,0,109,1,6,18.0,18,0,1,1,zero,
llm_single,base,0,109,2,6,18.0,18,0,0,0,zero,
llm_single,base,0,110,0,6,13.0,13,0,6,6,zero,
llm_single,base,0,110,1,6,24.0,24,0,1,1,zero,
llm_single,base,0,110,2,6,17.0,17,0,0,0,zero,
llm_single,base,0,111,0,7,8.0,8,0,2,2,zero,
llm_single,base,0,111,1,7,37.0,37,0,1,1,zero,
llm_single,base,0,111,2,7,16.0,16,0,0,0,zero,
llm_single,base,0,112,0,7,7.0,7,0,9,9,zero,
llm_single,base,0,112,1,7,29.0,29,0,1,1,zero,
llm_single,base,0,112,2,7,35.0,35,0,0,0,zero,
llm_single,base,0,113,0,6,7.0,7,0,9,9,zero,
llm_single,base,0,113,1,6,21.0,21,0,1,1,zero,
llm_single,base,0,113,2,6,34.0,34,0,0,0,zero,
llm_single,base,0,114,0,7,6.0,6,0,2,2,zero,
llm_single,base,0,114,1,7,20.0,20,0,15,15,zero,
llm_single,base,0,114,2,7,19.0,19,0,0,0,zero,
llm_single,base,0,115,0,6,2.0,2,0,6,6,zero,
llm_single,base,0,115,1,6,15.0,15,0,1,1,zero,
llm_single,base,0,115,2,6,18.0,18,0,1,1,zero,
llm_single,base,0,116,0,5,6.0,6,0,6,6,zero,
llm_single,base,0,116,1,5,10.0,10,0,1,1,zero,
llm_single,base,0,116,2,5,17.0,17,0,0,0,zero,
llm_single,base,0,117,0,5,10.0,10,0,6,6,zero,
llm_single,base,0,117,1,5,5.0,5,0,1,1,zero,
llm_single,base,0,117,2,5,16.0,16,0,0,0,zero,
llm_single,base,0,118,0,5,7.0,7,0,2,2,zero,
llm_single,base,0,118,1,5,18.0,18,0,1,1,zero,
llm_single,base,0,118,2,5,15.0,15,0,0,0,zero,
llm_single,base,0,119,0,4,9.0,9,0,6,6,zero,
llm_single,base,0,119,1,4,13.0,13,0,1,1,zero,
llm_single,base,0,119,2,4,15.0,15,0,0,0,zero,
llm_single,base,0,120,0,3,12.0,12,0,2,2,zero,
llm_single,base,0,120,1,3,12.0,12,0,15,15,zero,
llm_single,base,0,120,2,3,-0.0,0,0,0,0,zero,
llm_single,base,0,121,0,3,15.0,15,0,0,0,zero,
llm_single,base,0,121,1,3,13.0,13,0,1,1,zero,
llm_single,base,0,121,2,3,1.0,0,1,20,20,zero,
llm_single,base,0,122,0,2,15.0,15,0,0,0,zero,
llm_single,base,0,122,1,2,14.0,14,0,0,0,zero,
llm_single,base,0,122,2,2,1.0,0,1,2,2,zero,
llm_single,base,0,123,0,2,19.0,19,0,0,0,zero,
llm_single,base,0,123,1,2,15.0,15,0,0,0,zero,
llm_single,base,0,123,2,2,1.0,0,1,0,0,zero,
llm_single,base,0,124,0,3,18.0,18,0,0,0,zero,
llm_single,base,0,124,1,3,30.0,30,0,0,0,zero,
llm_single,base,0,124,2,3,1.0,0,1,0,0,zero,
llm_single,base,0,125,0,3,15.0,15,0,0,0,zero,
llm_single,base,0,125,1,3,30.0,30,0,0,0,zero,
llm_single,base,0,125,2,3,19.0,19,0,0,0,zero,
llm_single,base,0,126,0,3,12.0,12,0,2,2,zero,
llm_single,base,0,126,1,3,28.0,28,0,0,0,zero,
llm_single,base,0,126,2,3,21.0,21,0,0,0,zero,
llm_single,base,0,127,0,3,9.0,9,0,2,2,zero,
llm_single,base,0,127,1,3,26.0,26,0,0,0,zero,
llm_single,base,0,127,2,3,21.0,21,0,0,0,zero,
llm_single,base,0,128,0,3,6.0,6,0,2,2,zero,
llm_single,base,0,128,1,3,24.0,24,0,0,0,zero,
llm_single,base,0,128,2,3,21.0,21,0,0,0,zero,
llm_single,base,0,129,0,3,3.0,3,0,2,2,zero,
llm_single,base,0,129,1,3,23.0,23,0,0,0,zero,
llm_single,base,0,129,2,3,21.0,21,0,0,0,zero,
llm_single,base,0,130,0,3,2.0,2,0,2,2,zero,
llm_single,base,0,130,1,3,21.0,21,0,1,1,zero,
llm_single,base,0,130,2,3,20.0,20,0,0,0,zero,
llm_single,base,0,131,0,2,2.0,2,0,2,2,zero,
llm_single,base,0,131,1,2,19.0,19,0,1,1,zero,
llm_single,base,0,131,2,2,19.0,19,0,0,0,zero,
llm_single,base,0,132,0,2,2.0,2,0,2,2,zero,
llm_single,base,0,132,1,2,17.0,17,0,1,1,zero,
llm_single,base,0,132,2,2,18.0,18,0,0,0,zero,
llm_single,base,0,133,0,2,2.0,2,0,0,0,zero,
llm_single,base,0,133,1,2,17.0,17,0,1,1,zero,
llm_single,base,0,133,2,2,17.0,17,0,0,0,zero,
llm_single,base,0,134,0,3,1.0,1,0,0,0,zero,
llm_single,base,0,134,1,3,18.0,18,0,0,0,zero,
llm_single,base,0,134,2,3,17.0,17,0,0,0,zero,
llm_single,base,0,135,0,2,1.0,1,0,6,6,zero,
llm_single,base,0,135,1,2,13.0,13,0,0,0,zero,
llm_single,base,0,135,2,2,17.0,17,0,0,0,zero,
llm_single,base,0,136,0,3,-0.0,0,0,2,2,zero,
llm_single,base,0,136,1,3,12.0,12,0,1,1,zero,
llm_single,base,0,136,2,3,16.0,16,0,0,0,zero,
llm_single,base,0,137,0,3,3.0,0,3,6,6,zero,
llm_single,base,0,137,1,3,7.0,7,0,1,1,zero,
llm_single,base,0,137,2,3,15.0,15,0,0,0,zero,
llm_single,base,0,138,0,2,5.0,0,5,0,0,zero,
llm_single,base,0,138,1,2,7.0,7,0,15,15,zero,
llm_single,base,0,138,2,2,-0.0,0,0,0,0,zero,
llm_single,base,0,139,0,2,1.0,0,1,6,6,zero,
llm_single,base,0,139,1,2,1.0,1,0,1,1,zero,
llm_single,base,0,139,2,2,1.0,0,1,1,1,zero,
llm_single,base,0,140,0,3,2.0,0,2,0,0,zero,
llm_single,base,0,140,1,3,2.0,2,0,15,15,zero,
llm_single,base,0,140,2,3,16.0,0,16,20,20,zero,
llm_single,base,0,141,0,2,2.0,2,0,6,6,zero,
llm_single,base,0,141,1,2,3.0,0,3,1,1,zero,
llm_single,base,0,141,2,2,17.0,0,17,20,20,zero,
llm_single,base,0,142,0,3,1.0,0,1,0,0,zero,
llm_single,base,0,142,1,3,12.0,12,0,5,5,zero,
llm_single,base,0,142,2,3,22.0,0,22,3,3,zero,
llm_single,base,0,143,0,3,2.0,2,0,2,2,zero,
llm_single,base,0,143,1,3,10.0,10,0,1,1,zero,
llm_single,base,0,143,2,3,22.0,0,22,0,0,zero,
llm_single,base,0,144,0,3,1.0,0,1,6,6,zero,
llm_single,base,0,144,1,3,4.0,4,0,1,1,zero,
llm_single,base,0,144,2,3,3.0,0,3,0,0,zero,
llm_single,base,0,145,0,2,-0.0,0,0,0,0,zero,
llm_single,base,0,145,1,2,4.0,4,0,0,0,zero,
llm_single,base,0,145,2,2,17.0,17,0,0,0,zero,
llm_single,base,0,146,0,2,1.0,1,0,0,0,zero,
llm_single,base,0,146,1,2,4.0,4,0,0,0,zero,
llm_single,base,0,146,2,2,20.0,20,0,0,0,zero,
llm_single,base,0,147,0,2,1.0,1,0,0,0,zero,
llm_single,base,0,147,1,2,5.0,5,0,0,0,zero,
llm_single,base,0,147,2,2,20.0,20,0,0,0,zero,
llm_single,base,0,148,0,2,5.0,5,0,6,6,zero,
llm_single,base,0,148,1,2,19.0,19,0,0,0,zero,
llm_single,base,0,148,2,2,20.0,20,0,0,0,zero,
llm_single,base,0,149,0,2,3.0,3,0,0,0,zero,
llm_single,base,0,149,1,2,22.0,22,0,1,1,zero,
llm_single,base,0,149,2,2,19.0,19,0,0,0,zero,
llm_single,base,0,150,0,3,-0.0,0,0,6,6,zero,
llm_single,base,0,150,1,3,16.0,16,0,0,0,zero,
llm_single,base,0,150,2,3,19.0,19,0,0,0,zero,
llm_single,base,0,151,0,3,3.0,0,3,0,0,zero,
llm_single,base,0,151,1,3,16.0,16,0,1,1,zero,
llm_single,base,0,151,2,3,18.0,18,0,0,0,zero,
llm_single,base,0,152,0,3,-0.0,0,0,6,6,zero,
llm_single,base,0,152,1,3,10.0,10,0,1,1,zero,
llm_single,base,0,152,2,3,17.0,17,0,0,0,zero,
llm_single,base,0,153,0,3,3.0,0,3,0,0,zero,
llm_single,base,0,153,1,3,11.0,11,0,15,15,zero,
llm_single,base,0,153,2,3,2.0,2,0,0,0,zero,
llm_single,base,0,154,0,3,-0.0,0,0,6,6,zero,
llm_single,base,0,154,1,3,5.0,5,0,1,1,zero,
llm_single,base,0,154,2,3,1.0,1,0,1,1,zero,
llm_single,base,0,155,0,4,4.0,0,4,2,2,zero,
llm_single,base,0,155,1,4,4.0,4,0,1,1,zero,
llm_single,base,0,155,2,4,-0.0,0,0,20,20,zero,
llm_single,base,0,156,0,3,1.0,0,1,6,6,zero,
llm_single,base,0,156,1,3,1.0,0,1,1,1,zero,
llm_single,base,0,156,2,3,1.0,0,1,20,20,zero,
llm_single,base,0,157,0,3,4.0,0,4,2,2,zero,
llm_single,base,0,157,1,3,12.0,12,0,5,5,zero,
llm_single,base,0,157,2,3,6.0,0,6,0,0,zero,
llm_single,base,0,158,0,3,1.0,0,1,6,6,zero,
llm_single,base,0,158,1,3,7.0,7,0,1,1,zero,
llm_single,base,0,158,2,3,6.0,0,6,0,0,zero,
llm_single,base,0,159,0,3,2.0,0,2,0,0,zero,
llm_single,base,0,159,1,3,8.0,8,0,15,15,zero,
llm_single,base,0,159,2,3,1.0,0,1,0,0,zero,
llm_single,base,0,160,0,3,-0.0,0,0,6,6,zero,
llm_single,base,0,160,1,3,2.0,2,0,1,1,zero,
llm_single,base,0,160,2,3,18.0,18,0,0,0,zero,
llm_single,base,0,161,0,4,1.0,0,1,0,0,zero,
llm_single,base,0,161,1,4,2.0,2,0,5,5,zero,
llm_single,base,0,161,2,4,13.0,13,0,0,0,zero,
llm_single,base,0,162,0,4,1.0,1,0,6,6,zero,
llm_single,base,0,162,1,4,3.0,0,3,1,1,zero,
llm_single,base,0,162,2,4,12.0,12,0,20,20,zero,
llm_single,base,0,163,0,4,3.0,0,3,6,6,zero,
llm_single,base,0,163,1,4,11.0,11,0,1,1,zero,
llm_single,base,0,163,2,4,11.0,11,0,0,0,zero,
llm_single,base,0,164,0,3,-0.0,0,0,2,2,zero,
llm_single,base,0,164,1,3,11.0,11,0,15,15,zero,
llm_single,base,0,164,2,3,4.0,0,4,0,0,zero,
llm_single,base,0,165,0,3,3.0,0,3,2,2,zero,
llm_single,base,0,165,1,3,14.0,14,0,1,1,zero,
llm_single,base,0,165,2,3,5.0,0,5,1,1,zero,
llm_single,base,0,166,0,3,3.0,0,3,6,6,zero,
llm_single,base,0,166,1,3,9.0,9,0,1,1,zero,
llm_single,base,0,166,2,3,14.0,14,0,4,4,zero,
llm_single,base,0,167,0,3,3.0,3,0,2,2,zero,
llm_single,base,0,167,1,3,8.0,8,0,1,1,zero,
llm_single,base,0,167,2,3,13.0,13,0,0,0,zero,
llm_single,base,0,168,0,3,2.0,2,0,6,6,zero,
llm_single,base,0,168,1,3,13.0,13,0,1,1,zero,
llm_single,base,0,168,2,3,12.0,12,0,0,0,zero,
llm_single,base,0,169,0,3,1.0,1,0,0,0,zero,
llm_single,base,0,169,1,3,13.0,13,0,1,1,zero,
llm_single,base,0,169,2,3,12.0,12,0,0,0,zero,
llm_single,base,0,170,0,3,4.0,4,0,0,0,zero,
llm_single,base,0,170,1,3,19.0,19,0,1,1,zero,
llm_single,base,0,170,2,3,15.0,15,0,0,0,zero,
llm_single,base,0,171,0,3,3.0,3,0,6,6,zero,
llm_single,base,0,171,1,3,14.0,14,0,0,0,zero,
llm_single,base,0,171,2,3,15.0,15,0,0,0,zero,
llm_single,base,0,172,0,3,6.0,6,0,0,0,zero,
llm_single,base,0,172,1,3,15.0,15,0,1,1,zero,
llm_single,base,0,172,2,3,14.0,14,0,0,0,zero,
llm_single,base,0,173,0,3,3.0,3,0,6,6,zero,
llm_single,base,0,173,1,3,10.0,10,0,1,1,zero,
llm_single,base,0,173,2,3,13.0,13,0,0,0,zero,
llm_single,base,0,174,0,3,-0.0,0,0,2,2,zero,
llm_single,base,0,174,1,3,9.0,9,0,15,15,zero,
llm_single,base,0,174,2,3,2.0,0,2,0,0,zero,
llm_single,base,0,175,0,3,3.0,3,0,0,0,zero,
llm_single,base,0,175,1,3,9.0,9,0,1,1,zero,
llm_single,base,0,175,2,3,3.0,0,3,20,20,zero,
llm_single,base,0,176,0,2,1.0,1,0,2,2,zero,
llm_single,base,0,176,1,2,8.0,8,0,0,0,zero,
llm_single,base,0,176,2,2,3.0,0,3,3,3,zero,
llm_single,base,0,177,0,3,4.0,4,0,2,2,zero,
llm_single,base,0,177,1,3,7.0,7,0,0,0,zero,
llm_single,base,0,177,2,3,3.0,0,3,0,0,zero,
llm_single,base,0,178,0,3,3.0,3,0,6,6,zero,
llm_single,base,0,178,1,3,14.0,14,0,0,0,zero,
llm_single,base,0,178,2,3,3.0,0,3,0,0,zero,
llm_single,base,0,179,0,3,-0.0,0,0,2,2,zero,
llm_single,base,0,179,1,3,12.0,12,0,1,1,zero,
llm_single,base,0,179,2,3,16.0,16,0,0,0,zero,
llm_single,base,0,180,0,3,1.0,0,1,0,0,zero,
llm_single,base,0,180,1,3,12.0,12,0,1,1,zero,
llm_single,base,0,180,2,3,18.0,18,0,0,0,zero,
llm_single,base,0,181,0,3,2.0,0,2,6,6,zero,
llm_single,base,0,181,1,3,6.0,6,0,1,1,zero,
llm_single,base,0,181,2,3,17.0,17,0,0,0,zero,
llm_single,base,0,182,0,3,1.0,1,0,2,2,zero,
llm_single,base,0,182,1,3,4.0,4,0,15,15,zero,
llm_single,base,0,182,2,3,2.0,2,0,0,0,zero,
llm_single,base,0,183,0,3,-0.0,0,0,6,6,zero,
llm_single,base,0,183,1,3,2.0,2,0,0,0,zero,
llm_single,base,0,183,2,3,2.0,2,0,20,20,zero,
llm_single,base,0,184,0,4,4.0,0,4,0,0,zero,
llm_single,base,0,184,1,4,3.0,3,0,15,15,zero,
llm_single,base,0,184,2,4,13.0,0,13,2,2,zero,
llm_single,base,0,185,0,4,2.0,0,2,6,6,zero,
llm_single,base,0,185,1,4,2.0,0,2,1,1,zero,
llm_single,base,0,185,2,4,14.0,0,14,20,20,zero,
llm_single,base,0,186,0,4,4.0,0,4,6,6,zero,
llm_single,base,0,186,1,4,7.0,7,0,5,5,zero,
llm_single,base,0,186,2,4,19.0,0,19,20,20,zero,
llm_single,base,0,187,0,5,3.0,0,3,6,6,zero,
llm_single,base,0,187,1,5,1.0,1,0,15,15,zero,
llm_single,base,0,187,2,5,14.0,0,14,0,0,zero,
llm_single,base,0,188,0,5,8.0,0,8,10,10,zero,
llm_single,base,0,188,1,5,7.0,0,7,3,3,zero,
llm_single,base,0,188,2,5,15.0,0,15,16,16,zero,
llm_single,base,0,189,0,4,8.0,0,8,10,10,zero,
llm_single,base,0,189,1,4,17.0,0,17,15,15,zero,
llm_single,base,0,189,2,4,10.0,0,10,16,16,zero,
llm_single,base,0,190,0,4,4.0,0,4,10,10,zero,
llm_single,base,0,190,1,4,27.0,0,27,15,15,zero,
llm_single,base,0,190,2,4,5.0,0,5,20,20,zero,
llm_single,base,0,191,0,4,2.0,0,2,10,10,zero,
llm_single,base,0,191,1,4,17.0,0,17,3,3,zero,
llm_single,base,0,191,2,4,8.0,0,8,20,20,zero,
llm_single,base,0,192,0,4,3.0,0,3,6,6,zero,
llm_single,base,0,192,1,4,21.0,0,21,18,18,zero,
llm_single,base,0,192,2,4,10.0,0,10,0,0,zero,
llm_single,base,0,193,0,5,8.0,0,8,6,6,zero,
llm_single,base,0,193,1,5,7.0,0,7,3,3,zero,
llm_single,base,0,193,2,5,3.0,3,0,20,20,zero,
llm_single,base,0,194,0,5,13.0,0,13,0,0,zero,
llm_single,base,0,194,1,5,13.0,13,0,12,12,zero,
llm_single,base,0,194,2,5,11.0,11,0,16,16,zero,
llm_single,base,0,195,0,5,2.0,2,0,0,0,zero,
llm_single,base,0,195,1,5,13.0,13,0,0,0,zero,
llm_single,base,0,195,2,5,31.0,31,0,1,1,zero,
llm_single,base,0,196,0,4,-0.0,0,0,0,0,zero,
llm_single,base,0,196,1,4,29.0,29,0,0,0,zero,
llm_single,base,0,196,2,4,31.0,31,0,0,0,zero,
llm_single,base,0,197,0,4,16.0,16,0,6,6,zero,
llm_single,base,0,197,1,4,36.0,36,0,0,0,zero,
llm_single,base,0,197,2,4,51.0,51,0,0,0,zero,
llm_single,base,0,198,0,5,18.0,18,0,2,2,zero,
llm_single,base,0,198,1,5,46.0,46,0,0,0,zero,
llm_single,base,0,198,2,5,67.0,67,0,0,0,zero,
llm_single,base,0,199,0,6,12.0,12,0,6,6,zero,
llm_single,base,0,199,1,6,40.0,40,0,0,0,zero,
llm_single,base,0,199,2,6,68.0,68,0,0,0,zero,
llm_single,base,0,200,0,6,6.0,6,0,6,6,zero,
llm_single,base,0,200,1,6,34.0,34,0,1,1,zero,
llm_single,base,0,200,2,6,67.0,67,0,0,0,zero,
llm_single,base,1,1,0,10,10.0,10,0,10,10,zero,
llm_single,base,1,1,1,10,10.0,10,0,15,15,zero,
llm_single,base,1,1,2,10,5.0,5,0,0,0,zero,
llm_single,base,1,2,0,10,10.0,10,0,10,10,zero,
llm_single,base,1,2,1,10,10.0,10,0,1,1,zero,
llm_single,base,1,2,2,10,14.0,14,0,20,20,zero,
llm_single,base,1,3,0,10,10.0,10,0,10,10,zero,
llm_single,base,1,3,1,10,10.0,10,0,15,15,zero,
llm_single,base,1,3,2,10,9.0,9,0,3,3,zero,
llm_single,base,1,4,0,10,10.0,10,0,10,10,zero,
llm_single,base,1,4,1,10,10.0,10,0,15,15,zero,
llm_single,base,1,4,2,10,4.0,4,0,20,20,zero,
llm_single,base,1,5,0,10,10.0,10,0,9,9,zero,
llm_single,base,1,5,1,10,16.0,16,0,15,15,zero,
llm_single,base,1,5,2,10,11.0,0,11,20,20,zero,
llm_single,base,1,6,0,10,10.0,10,0,9,9,zero,
llm_single,base,1,6,1,10,8.0,8,0,15,15,zero,
llm_single,base,1,6,2,10,6.0,0,6,20,20,zero,
llm_single,base,1,7,0,11,9.0,9,0,9,9,zero,
llm_single,base,1,7,1,11,14.0,14,0,3,3,zero,
llm_single,base,1,7,2,11,6.0,0,6,20,20,zero,
llm_single,base,1,8,0,14,5.0,5,0,19,19,zero,
llm_single,base,1,8,1,14,10.0,10,0,5,5,zero,
llm_single,base,1,8,2,14,9.0,9,0,0,0,zero,
llm_single,base,1,9,0,14,-0.0,0,0,9,9,zero,
llm_single,base,1,9,1,14,5.0,5,0,15,15,zero,
llm_single,base,1,9,2,14,14.0,14,0,0,0,zero,
llm_single,base,1,10,0,16,7.0,0,7,19,19,zero,
llm_single,base,1,10,1,16,6.0,6,0,15,15,zero,
llm_single,base,1,10,2,16,19.0,19,0,1,1,zero,
llm_single,base,1,11,0,16,14.0,0,14,10,10,zero,
llm_single,base,1,11,1,16,1.0,0,1,15,15,zero,
llm_single,base,1,11,2,16,24.0,24,0,20,20,zero,
llm_single,base,1,12,0,15,10.0,0,10,19,19,zero,
llm_single,base,1,12,1,15,9.0,0,9,15,15,zero,
llm_single,base,1,12,2,15,9.0,9,0,20,20,zero,
llm_single,base,1,13,0,14,15.0,0,15,19,19,zero,
llm_single,base,1,13,1,14,13.0,0,13,18,18,zero,
llm_single,base,1,13,2,14,9.0,0,9,20,20,zero,
llm_single,base,1,14,0,14,10.0,0,10,10,10,zero,
llm_single,base,1,14,1,14,8.0,0,8,18,18,zero,
llm_single,base,1,14,2,14,26.0,0,26,20,20,zero,
llm_single,base,1,15,0,17,18.0,0,18,19,19,zero,
llm_single,base,1,15,1,17,12.0,0,12,18,18,zero,
llm_single,base,1,15,2,17,24.0,0,24,20,20,zero,
llm_single,base,1,16,0,16,23.0,0,23,19,19,zero,
llm_single,base,1,16,1,16,16.0,0,16,18,18,zero,
llm_single,base,1,16,2,16,22.0,0,22,17,17,zero,
llm_single,base,1,17,0,18,26.0,0,26,19,19,zero,
llm_single,base,1,17,1,18,26.0,0,26,18,18,zero,
llm_single,base,1,17,2,18,20.0,0,20,20,20,zero,
llm_single,base,1,18,0,17,28.0,0,28,19,19,zero,
llm_single,base,1,18,1,17,44.0,0,44,18,18,zero,
llm_single,base,1,18,2,17,18.0,0,18,20,20,zero,
llm_single,base,1,19,0,18,31.0,0,31,19,19,zero,
llm_single,base,1,19,1,18,43.0,0,43,18,18,zero,
llm_single,base,1,19,2,18,16.0,0,16,20,20,zero,
llm_single,base,1,20,0,17,33.0,0,33,10,10,zero,
llm_single,base,1,20,1,17,33.0,0,33,18,18,zero,
llm_single,base,1,20,2,17,17.0,0,17,20,20,zero,
llm_single,base,1,21,0,18,42.0,0,42,19,19,zero,
llm_single,base,1,21,1,18,32.0,0,32,3,3,zero,
llm_single,base,1,21,2,18,-0.0,0,0,20,20,zero,
llm_single,base,1,22,0,18,59.0,0,59,19,19,zero,
llm_single,base,1,22,1,18,31.0,0,31,18,18,zero,
llm_single,base,1,22,2,18,2.0,2,0,16,16,zero,
llm_single,base,1,23,0,15,54.0,0,54,17,17,zero,
llm_single,base,1,23,1,15,28.0,0,28,18,18,zero,
llm_single,base,1,23,2,15,4.0,4,0,1,1,zero,
llm_single,base,1,24,0,14,48.0,0,48,10,10,zero,
llm_single,base,1,24,1,14,21.0,0,21,18,18,zero,
llm_single,base,1,24,2,14,6.0,6,0,16,16,zero,
llm_single,base,1,25,0,13,41.0,0,41,10,10,zero,
llm_single,base,1,25,1,13,11.0,0,11,18,18,zero,
llm_single,base,1,25,2,13,8.0,8,0,20,20,zero,
llm_single,base,1,26,0,13,34.0,0,34,10,10,zero,
llm_single,base,1,26,1,13,3.0,0,3,18,18,zero,
llm_single,base,1,26,2,13,6.0,6,0,20,20,zero,
llm_single,base,1,27,0,11,25.0,0,25,10,10,zero,
llm_single,base,1,27,1,11,5.0,5,0,18,18,zero,
llm_single,base,1,27,2,11,11.0,0,11,20,20,zero,
llm_single,base,1,28,0,10,18.0,0,18,10,10,zero,
llm_single,base,1,28,1,10,13.0,13,0,18,18,zero,
llm_single,base,1,28,2,10,13.0,0,13,20,20,zero,
llm_single,base,1,29,0,8,6.0,0,6,10,10,zero,
llm_single,base,1,29,1,8,21.0,21,0,12,12,zero,
llm_single,base,1,29,2,8,5.0,0,5,16,16,zero,
llm_single,base,1,30,0,8,4.0,4,0,6,6,zero,
llm_single,base,1,30,1,8,33.0,33,0,0,0,zero,
llm_single,base,1,30,2,8,15.0,15,0,16,16,zero,
llm_single,base,1,31,0,8,9.0,9,0,10,10,zero,
llm_single,base,1,31,1,8,30.0,30,0,0,0,zero,
llm_single,base,1,31,2,8,35.0,35,0,0,0,zero,
llm_single,base,1,32,0,8,11.0,11,0,6,6,zero,
llm_single,base,1,32,1,8,40.0,40,0,12,12,zero,
llm_single,base,1,32,2,8,43.0,43,0,0,0,zero,
llm_single,base,1,33,0,7,14.0,14,0,10,10,zero,
llm_single,base,1,33,1,7,50.0,50,0,1,1,zero,
llm_single,base,1,33,2,7,58.0,58,0,0,0,zero,
llm_single,base,1,34,0,8,12.0,12,0,6,6,zero,
llm_single,base,1,34,1,8,49.0,49,0,12,12,zero,
llm_single,base,1,34,2,8,62.0,62,0,0,0,zero,
llm_single,base,1,35,0,7,15.0,15,0,9,9,zero,
llm_single,base,1,35,1,7,40.0,40,0,1,1,zero,
llm_single,base,1,35,2,7,61.0,61,0,0,0,zero,
llm_single,base,1,36,0,8,13.0,13,0,6,6,zero,
llm_single,base,1,36,1,8,46.0,46,0,1,1,zero,
llm_single,base,1,36,2,8,60.0,60,0,0,0,zero,
llm_single,base,1,37,0,7,16.0,16,0,9,9,zero,
llm_single,base,1,37,1,7,38.0,38,0,1,1,zero,
llm_single,base,1,37,2,7,59.0,59,0,0,0,zero,
llm_single,base,1,38,0,7,15.0,15,0,4,4,zero,
llm_single,base,1,38,1,7,46.0,46,0,1,1,zero,
llm_single,base,1,38,2,7,58.0,58,0,0,0,zero,
llm_single,base,1,39,0,7,17.0,17,0,9,9,zero,
llm_single,base,1,39,1,7,38.0,38,0,1,1,zero,
llm_single,base,1,39,2,7,57.0,57,0,0,0,zero,
llm_single,base,1,40,0,7,16.0,16,0,2,2,zero,
llm_single,base,1,40,1,7,37.0,37,0,15,15,zero,
llm_single,base,1,40,2,7,42.0,42,0,0,0,zero,
llm_single,base,1,41,0,6,19.0,19,0,9,9,zero,
llm_single,base,1,41,1,6,29.0,29,0,1,1,zero,
llm_single,base,1,41,2,6,41.0,41,0,0,0,zero,
llm_single,base,1,42,0,6,17.0,17,0,3,3,zero,
llm_single,base,1,42,1,6,27.0,27,0,1,1,zero,
llm_single,base,1,42,2,6,40.0,40,0,0,0,zero,
llm_single,base,1,43,0,6,20.0,20,0,3,3,zero,
llm_single,base,1,43,1,6,25.0,25,0,1,1,zero,
llm_single,base,1,43,2,6,39.0,39,0,0,0,zero,
llm_single,base,1,44,0,5,17.0,17,0,2,2,zero,
llm_single,base,1,44,1,5,38.0,38,0,1,1,zero,
llm_single,base,1,44,2,5,38.0,38,0,0,0,zero,
llm_single,base,1,45,0,5,21.0,21,0,2,2,zero,
llm_single,base,1,45,1,5,37.0,37,0,0,0,zero,
llm_single,base,1,45,2,5,38.0,38,0,0,0,zero,
llm_single,base,1,46,0,5,19.0,19,0,2,2,zero,
llm_single,base,1,46,1,5,36.0,36,0,0,0,zero,
llm_single,base,1,46,2,5,38.0,38,0,0,0,zero,
llm_single,base,1,47,0,5,17.0,17,0,2,2,zero,
llm_single,base,1,47,1,5,35.0,35,0,0,0,zero,
llm_single,base,1,47,2,5,38.0,38,0,0,0,zero,
llm_single,base,1,48,0,6,13.0,13,0,3,3,zero,
llm_single,base,1,48,1,6,33.0,33,0,0,0,zero,
llm_single,base,1,48,2,6,38.0,38,0,0,0,zero,
llm_single,base,1,49,0,6,9.0,9,0,9,9,zero,
llm_single,base,1,49,1,6,24.0,24,0,1,1,zero,
llm_single,base,1,49,2,6,37.0,37,0,0,0,zero,
llm_single,base,1,50,0,6,5.0,5,0,3,3,zero,
llm_single,base,1,50,1,6,21.0,21,0,1,1,zero,
llm_single,base,1,50,2,6,36.0,36,0,0,0,zero,
llm_single,base,1,51,0,6,1.0,1,0,9,9,zero,
llm_single,base,1,51,1,6,12.0,12,0,11,11,zero,
llm_single,base,1,51,2,6,25.0,25,0,0,0,zero,
llm_single,base,1,52,0,7,3.0,0,3,3,3,zero,
llm_single,base,1,52,1,7,9.0,9,0,15,15,zero,
llm_single,base,1,52,2,7,10.0,10,0,0,0,zero,
llm_single,base,1,53,0,7,1.0,0,1,9,9,zero,
llm_single,base,1,53,1,7,1.0,1,0,1,1,zero,
llm_single,base,1,53,2,7,9.0,9,0,20,20,zero,
llm_single,base,1,54,0,7,5.0,0,5,6,6,zero,
llm_single,base,1,54,1,7,4.0,0,4,11,11,zero,
llm_single,base,1,54,2,7,2.0,0,2,3,3,zero,
llm_single,base,1,55,0,6,2.0,0,2,19,19,zero,
llm_single,base,1,55,1,6,12.0,0,12,11,11,zero,
llm_single,base,1,55,2,6,13.0,0,13,20,20,zero,
llm_single,base,1,56,0,6,5.0,0,5,6,6,zero,
llm_single,base,1,56,1,6,3.0,0,3,15,15,zero,
llm_single,base,1,56,2,6,28.0,0,28,20,20,zero,
llm_single,base,1,57,0,6,2.0,0,2,2,2,zero,
llm_single,base,1,57,1,6,4.0,0,4,15,15,zero,
llm_single,base,1,57,2,6,23.0,0,23,20,20,zero,
llm_single,base,1,58,0,6,6.0,0,6,2,2,zero,
llm_single,base,1,58,1,6,3.0,3,0,3,3,zero,
llm_single,base,1,58,2,6,23.0,0,23,20,20,zero,
llm_single,base,1,59,0,7,2.0,0,2,6,6,zero,
llm_single,base,1,59,1,7,3.0,0,3,0,0,zero,
llm_single,base,1,59,2,7,3.0,0,3,0,0,zero,
llm_single,base,1,60,0,7,6.0,6,0,10,10,zero,
llm_single,base,1,60,1,7,13.0,0,13,0,0,zero,
llm_single,base,1,60,2,7,17.0,17,0,0,0,zero,
llm_single,base,1,61,0,6,1.0,1,0,19,19,zero,
llm_single,base,1,61,1,6,12.0,0,12,12,12,zero,
llm_single,base,1,61,2,6,25.0,25,0,0,0,zero,
llm_single,base,1,62,0,6,1.0,1,0,10,10,zero,
llm_single,base,1,62,1,6,19.0,0,19,18,18,zero,
llm_single,base,1,62,2,6,27.0,27,0,0,0,zero,
llm_single,base,1,63,0,8,4.0,0,4,6,6,zero,
llm_single,base,1,63,1,8,5.0,0,5,18,18,zero,
llm_single,base,1,63,2,8,9.0,9,0,20,20,zero,
llm_single,base,1,64,0,9,13.0,0,13,0,0,zero,
llm_single,base,1,64,1,9,2.0,0,2,0,0,zero,
llm_single,base,1,64,2,9,9.0,9,0,20,20,zero,
llm_single,base,1,65,0,8,1.0,0,1,6,6,zero,
llm_single,base,1,65,1,8,4.0,4,0,0,0,zero,
llm_single,base,1,65,2,8,9.0,9,0,0,0,zero,
llm_single,base,1,66,0,8,6.0,0,6,6,6,zero,
llm_single,base,1,66,1,8,16.0,16,0,12,12,zero,
llm_single,base,1,66,2,8,3.0,0,3,0,0,zero,
llm_single,base,1,67,0,8,6.0,6,0,6,6,zero,
llm_single,base,1,67,1,8,28.0,28,0,12,12,zero,
llm_single,base,1,67,2,8,5.0,5,0,0,0,zero,
llm_single,base,1,68,0,7,2.0,2,0,10,10,zero,
llm_single,base,1,68,1,7,18.0,18,0,1,1,zero,
llm_single,base,1,68,2,7,24.0,24,0,5,5,zero,
llm_single,base,1,69,0,7,3.0,3,0,6,6,zero,
llm_single,base,1,69,1,7,12.0,12,0,15,15,zero,
llm_single,base,1,69,2,7,9.0,9,0,0,0,zero,
llm_single,base,1,70,0,7,2.0,2,0,10,10,zero,
llm_single,base,1,70,1,7,11.0,11,0,3,3,zero,
llm_single,base,1,70,2,7,6.0,6,0,20,20,zero,
llm_single,base,1,71,0,7,1.0,1,0,6,6,zero,
llm_single,base,1,71,1,7,20.0,20,0,15,15,zero,
llm_single,base,1,71,2,7,9.0,0,9,3,3,zero,
llm_single,base,1,72,0,7,4.0,4,0,6,6,zero,
llm_single,base,1,72,1,7,15.0,15,0,3,3,zero,
llm_single,base,1,72,2,7,7.0,0,7,20,20,zero,
llm_single,base,1,73,0,7,3.0,3,0,6,6,zero,
llm_single,base,1,73,1,7,24.0,24,0,1,1,zero,
llm_single,base,1,73,2,7,8.0,0,8,20,20,zero,
llm_single,base,1,74,0,6,7.0,7,0,6,6,zero,
llm_single,base,1,74,1,6,21.0,21,0,1,1,zero,
llm_single,base,1,74,2,6,11.0,11,0,0,0,zero,
llm_single,base,1,75,0,6,7.0,7,0,6,6,zero,
llm_single,base,1,75,1,6,21.0,21,0,1,1,zero,
llm_single,base,1,75,2,6,13.0,13,0,0,0,zero,
llm_single,base,1,76,0,7,6.0,6,0,6,6,zero,
llm_single,base,1,76,1,7,20.0,20,0,1,1,zero,
llm_single,base,1,76,2,7,32.0,32,0,0,0,zero,
llm_single,base,1,77,0,7,5.0,5,0,10,10,zero,
llm_single,base,1,77,1,7,10.0,10,0,15,15,zero,
llm_single,base,1,77,2,7,37.0,37,0,0,0,zero,
llm_single,base,1,78,0,7,4.0,4,0,6,6,zero,
llm_single,base,1,78,1,7,13.0,13,0,15,15,zero,
llm_single,base,1,78,2,7,22.0,22,0,1,1,zero,
llm_single,base,1,79,0,6,4.0,4,0,9,9,zero,
llm_single,base,1,79,1,6,5.0,5,0,1,1,zero,
llm_single,base,1,79,2,6,21.0,21,0,20,20,zero,
llm_single,base,1,80,0,6,4.0,4,0,2,2,zero,
llm_single,base,1,80,1,6,4.0,4,0,1,1,zero,
llm_single,base,1,80,2,6,20.0,20,0,3,3,zero,
llm_single,base,1,81,0,7,7.0,7,0,6,6,zero,
llm_single,base,1,81,1,7,13.0,13,0,1,1,zero,
llm_single,base,1,81,2,7,19.0,19,0,0,0,zero,
llm_single,base,1,82,0,7,6.0,6,0,6,6,zero,
llm_single,base,1,82,1,7,22.0,22,0,1,1,zero,
llm_single,base,1,82,2,7,19.0,19,0,0,0,zero,
llm_single,base,1,83,0,7,8.0,8,0,9,9,zero,
llm_single,base,1,83,1,7,14.0,14,0,15,15,zero,
llm_single,base,1,83,2,7,24.0,24,0,0,0,zero,
llm_single,base,1,84,0,7,3.0,3,0,6,6,zero,
llm_single,base,1,84,1,7,9.0,9,0,15,15,zero,
llm_single,base,1,84,2,7,12.0,12,0,1,1,zero,
llm_single,base,1,85,0,7,2.0,2,0,9,9,zero,
llm_single,base,1,85,1,7,1.0,1,0,1,1,zero,
llm_single,base,1,85,2,7,11.0,11,0,20,20,zero,
llm_single,base,1,86,0,8,-0.0,0,0,6,6,zero,
llm_single,base,1,86,1,8,4.0,0,4,5,5,zero,
llm_single,base,1,86,2,8,6.0,6,0,20,20,zero,
llm_single,base,1,87,0,8,1.0,1,0,10,10,zero,
llm_single,base,1,87,1,8,1.0,1,0,15,15,zero,
llm_single,base,1,87,2,8,9.0,0,9,0,0,zero,
llm_single,base,1,88,0,7,-0.0,0,0,6,6,zero,
llm_single,base,1,88,1,7,10.0,10,0,15,15,zero,
llm_single,base,1,88,2,7,23.0,0,23,0,0,zero,
llm_single,base,1,89,0,8,1.0,1,0,6,6,zero,
llm_single,base,1,89,1,8,5.0,5,0,15,15,zero,
llm_single,base,1,89,2,8,18.0,0,18,20,20,zero,
llm_single,base,1,90,0,8,5.0,0,5,6,6,zero,
llm_single,base,1,90,1,8,4.0,4,0,3,3,zero,
llm_single,base,1,90,2,8,1.0,0,1,20,20,zero,
llm_single,base,1,91,0,9,-0.0,0,0,10,10,zero,
llm_single,base,1,91,1,9,-0.0,0,0,0,0,zero,
llm_single,base,1,91,2,9,1.0,0,1,0,0,zero,
llm_single,base,1,92,0,8,2.0,0,2,10,10,zero,
llm_single,base,1,92,1,8,9.0,0,9,1,1,zero,
llm_single,base,1,92,2,8,2.0,0,2,0,0,zero,
llm_single,base,1,93,0,10,6.0,0,6,19,19,zero,
llm_single,base,1,93,1,10,8.0,0,8,15,15,zero,
llm_single,base,1,93,2,10,3.0,3,0,0,0,zero,
llm_single,base,1,94,0,9,9.0,0,9,10,10,zero,
llm_single,base,1,94,1,9,2.0,2,0,15,15,zero,
llm_single,base,1,94,2,9,8.0,8,0,0,0,zero,
llm_single,base,1,95,0,9,8.0,0,8,6,6,zero,
llm_single,base,1,95,1,9,4.0,0,4,15,15,zero,
llm_single,base,1,95,2,9,7.0,0,7,20,20,zero,
llm_single,base,1,96,0,9,16.0,0,16,6,6,zero,
llm_single,base,1,96,1,9,10.0,0,10,3,3,zero,
llm_single,base,1,96,2,9,10.0,0,10,20,20,zero,
llm_single,base,1,97,0,8,4.0,0,4,10,10,zero,
llm_single,base,1,97,1,8,3.0,0,3,5,5,zero,
llm_single,base,1,97,2,8,15.0,0,15,0,0,zero,
llm_single,base,1,98,0,8,6.0,6,0,6,6,zero,
llm_single,base,1,98,1,8,6.0,6,0,15,15,zero,
llm_single,base,1,98,2,8,30.0,0,30,0,0,zero,
llm_single,base,1,99,0,7,1.0,1,0,10,10,zero,
llm_single,base,1,99,1,7,4.0,4,0,15,15,zero,
llm_single,base,1,99,2,7,25.0,0,25,20,20,zero,
llm_single,base,1,100,0,7,6.0,0,6,6,6,zero,
llm_single,base,1,100,1,7,2.0,0,2,3,3,zero,
llm_single,base,1,100,2,7,8.0,0,8,20,20,zero,
llm_single,base,1,101,0,7,4.0,4,0,6,6,zero,
llm_single,base,1,101,1,7,8.0,0,8,0,0,zero,
llm_single,base,1,101,2,7,8.0,0,8,0,0,zero,
llm_single,base,1,102,0,8,5.0,5,0,6,6,zero,
llm_single,base,1,102,1,8,14.0,0,14,1,1,zero,
llm_single,base,1,102,2,8,9.0,0,9,0,0,zero,
llm_single,base,1,103,0,7,8.0,8,0,19,19,zero,
llm_single,base,1,103,1,7,13.0,0,13,1,1,zero,
llm_single,base,1,103,2,7,10.0,10,0,0,0,zero,
llm_single,base,1,104,0,8,4.0,4,0,10,10,zero,
llm_single,base,1,104,1,8,3.0,0,3,18,18,zero,
llm_single,base,1,104,2,8,12.0,12,0,0,0,zero,
llm_single,base,1,105,0,8,4.0,0,4,2,2,zero,
llm_single,base,1,105,1,8,5.0,0,5,18,18,zero,
llm_single,base,1,105,2,8,6.0,0,6,16,16,zero,
llm_single,base,1,106,0,8,12.0,0,12,2,2,zero,
llm_single,base,1,106,1,8,7.0,0,7,0,0,zero,
llm_single,base,1,106,2,8,6.0,0,6,20,20,zero,
llm_single,base,1,107,0,8,-0.0,0,0,6,6,zero,
llm_single,base,1,107,1,8,3.0,0,3,0,0,zero,
llm_single,base,1,107,2,8,6.0,0,6,0,0,zero,
llm_single,base,1,108,0,8,12.0,12,0,6,6,zero,
llm_single,base,1,108,1,8,9.0,9,0,12,12,zero,
llm_single,base,1,108,2,8,18.0,0,18,0,0,zero,
llm_single,base,1,109,0,8,4.0,4,0,10,10,zero,
llm_single,base,1,109,1,8,11.0,11,0,12,12,zero,
llm_single,base,1,109,2,8,14.0,0,14,0,0,zero,
llm_single,base,1,110,0,8,4.0,0,4,10,10,zero,
llm_single,base,1,110,1,8,1.0,1,0,18,18,zero,
llm_single,base,1,110,2,8,12.0,0,12,20,20,zero,
llm_single,base,1,111,0,9,3.0,0,3,6,6,zero,
llm_single,base,1,111,1,9,5.0,0,5,3,3,zero,
llm_single,base,1,111,2,9,15.0,0,15,20,20,zero,
llm_single,base,1,112,0,9,3.0,0,3,10,10,zero,
llm_single,base,1,112,1,9,15.0,0,15,18,18,zero,
llm_single,base,1,112,2,9,33.0,0,33,20,20,zero,
llm_single,base,1,113,0,10,3.0,0,3,10,10,zero,
llm_single,base,1,113,1,10,9.0,0,9,18,18,zero,
llm_single,base,1,113,2,10,51.0,0,51,20,20,zero,
llm_single,base,1,114,0,11,4.0,0,4,10,10,zero,
llm_single,base,1,114,1,11,1.0,1,0,18,18,zero,
llm_single,base,1,114,2,11,49.0,0,49,20,20,zero,
llm_single,base,1,115,0,10,13.0,0,13,6,6,zero,
llm_single,base,1,115,1,10,5.0,0,5,3,3,zero,
llm_single,base,1,115,2,10,32.0,0,32,20,20,zero,
llm_single,base,1,116,0,10,23.0,0,23,10,10,zero,
llm_single,base,1,116,1,10,15.0,0,15,0,0,zero,
llm_single,base,1,116,2,10,12.0,0,12,0,0,zero,
llm_single,base,1,117,0,11,18.0,0,18,10,10,zero,
llm_single,base,1,117,1,11,25.0,0,25,0,0,zero,
llm_single,base,1,117,2,11,8.0,8,0,0,0,zero,
llm_single,base,1,118,0,12,11.0,0,11,10,10,zero,
llm_single,base,1,118,1,12,15.0,0,15,0,0,zero,
llm_single,base,1,118,2,12,28.0,28,0,0,0,zero,
llm_single,base,1,119,0,14,24.0,0,24,6,6,zero,
llm_single,base,1,119,1,14,1.0,0,1,18,18,zero,
llm_single,base,1,119,2,14,30.0,30,0,0,0,zero,
llm_single,base,1,120,0,14,38.0,0,38,19,19,zero,
llm_single,base,1,120,1,14,-0.0,0,0,18,18,zero,
llm_single,base,1,120,2,14,12.0,12,0,16,16,zero,
llm_single,base,1,121,0,14,52.0,0,52,17,17,zero,
llm_single,base,1,121,1,14,5.0,0,5,18,18,zero,
llm_single,base,1,121,2,14,6.0,0,6,20,20,zero,
llm_single,base,1,122,0,17,49.0,0,49,17,17,zero,
llm_single,base,1,122,1,17,22.0,0,22,18,18,zero,
llm_single,base,1,122,2,17,24.0,0,24,20,20,zero,
llm_single,base,1,123,0,20,49.0,0,49,17,17,zero,
llm_single,base,1,123,1,20,21.0,0,21,18,18,zero,
llm_single,base,1,123,2,20,42.0,0,42,20,20,zero,
llm_single,base,1,124,0,18,47.0,0,47,19,19,zero,
llm_single,base,1,124,1,18,22.0,0,22,18,18,zero,
llm_single,base,1,124,2,18,44.0,0,44,20,20,zero,
llm_single,base,1,125,0,17,52.0,0,52,19,19,zero,
llm_single,base,1,125,1,17,29.0,0,29,18,18,zero,
llm_single,base,1,125,2,17,42.0,0,42,20,20,zero,
llm_single,base,1,126,0,17,69.0,0,69,17,17,zero,
llm_single,base,1,126,1,17,46.0,0,46,18,18,zero,
llm_single,base,1,126,2,17,40.0,0,40,20,20,zero,
llm_single,base,1,127,0,16,67.0,0,67,17,17,zero,
llm_single,base,1,127,1,16,63.0,0,63,18,18,zero,
llm_single,base,1,127,2,16,38.0,0,38,20,20,zero,
llm_single,base,1,128,0,17,66.0,0,66,17,17,zero,
llm_single,base,1,128,1,17,64.0,0,64,18,18,zero,
llm_single,base,1,128,2,17,36.0,0,36,20,20,zero,
llm_single,base,1,129,0,19,73.0,0,73,17,17,zero,
llm_single,base,1,129,1,19,61.0,0,61,18,18,zero,
llm_single,base,1,129,2,19,34.0,0,34,20,20,zero,
llm_single,base,1,130,0,20,93.0,0,93,17,17,zero,
llm_single,base,1,130,1,20,58.0,0,58,18,18,zero,
llm_single,base,1,130,2,20,32.0,0,32,20,20,zero,
llm_single,base,1,131,0,19,112.0,0,112,17,17,zero,
llm_single,base,1,131,1,19,55.0,0,55,18,18,zero,
llm_single,base,1,131,2,19,30.0,0,30,20,20,zero,
llm_single,base,1,132,0,20,116.0,0,116,17,17,zero,
llm_single,base,1,132,1,20,52.0,0,52,18,18,zero,
llm_single,base,1,132,2,20,28.0,0,28,20,20,zero,
llm_single,base,1,133,0,20,116.0,0,116,17,17,zero,
llm_single,base,1,133,1,20,49.0,0,49,18,18,zero,
llm_single,base,1,133,2,20,26.0,0,26,20,20,zero,
llm_single,base,1,134,0,20,116.0,0,116,17,17,zero,
llm_single,base,1,134,1,20,46.0,0,46,18,18,zero,
llm_single,base,1,134,2,20,24.0,0,24,20,20,zero,
llm_single,base,1,135,0,20,116.0,0,116,17,17,zero,
llm_single,base,1,135,1,20,43.0,0,43,18,18,zero,
llm_single,base,1,135,2,20,22.0,0,22,20,20,zero,
llm_single,base,1,136,0,20,116.0,0,116,17,17,zero,
llm_single,base,1,136,1,20,40.0,0,40,18,18,zero,
llm_single,base,1,136,2,20,20.0,0,20,20,20,zero,
llm_single,base,1,137,0,20,116.0,0,116,17,17,zero,
llm_single,base,1,137,1,20,37.0,0,37,18,18,zero,
llm_single,base,1,137,2,20,18.0,0,18,20,20,zero,
llm_single,base,1,138,0,20,116.0,0,116,17,17,zero,
llm_single,base,1,138,1,20,34.0,0,34,18,18,zero,
llm_single,base,1,138,2,20,16.0,0,16,20,20,zero,
llm_single,base,1,139,0,20,116.0,0,116,17,17,zero,
llm_single,base,1,139,1,20,31.0,0,31,18,18,zero,
llm_single,base,1,139,2,20,14.0,0,14,16,16,zero,
llm_single,base,1,140,0,20,116.0,0,116,17,17,zero,
llm_single,base,1,140,1,20,28.0,0,28,18,18,zero,
llm_single,base,1,140,2,20,12.0,0,12,20,20,zero,
llm_single,base,1,141,0,20,116.0,0,116,17,17,zero,
llm_single,base,1,141,1,20,25.0,0,25,18,18,zero,
llm_single,base,1,141,2,20,10.0,0,10,20,20,zero,
llm_single,base,1,142,0,20,116.0,0,116,17,17,zero,
llm_single,base,1,142,1,20,22.0,0,22,18,18,zero,
llm_single,base,1,142,2,20,8.0,0,8,20,20,zero,
llm_single,base,1,143,0,20,116.0,0,116,17,17,zero,
llm_single,base,1,143,1,20,19.0,0,19,18,18,zero,
llm_single,base,1,143,2,20,10.0,0,10,20,20,zero,
llm_single,base,1,144,0,20,116.0,0,116,17,17,zero,
llm_single,base,1,144,1,20,16.0,0,16,18,18,zero,
llm_single,base,1,144,2,20,8.0,0,8,16,16,zero,
llm_single,base,1,145,0,20,116.0,0,116,17,17,zero,
llm_single,base,1,145,1,20,13.0,0,13,18,18,zero,
llm_single,base,1,145,2,20,6.0,0,6,20,20,zero,
llm_single,base,1,146,0,20,116.0,0,116,17,17,zero,
llm_single,base,1,146,1,20,10.0,0,10,18,18,zero,
llm_single,base,1,146,2,20,4.0,0,4,20,20,zero,
llm_single,base,1,147,0,20,116.0,0,116,17,17,zero,
llm_single,base,1,147,1,20,11.0,0,11,18,18,zero,
llm_single,base,1,147,2,20,2.0,0,2,20,20,zero,
llm_single,base,1,148,0,20,116.0,0,116,17,17,zero,
llm_single,base,1,148,1,20,8.0,0,8,18,18,zero,
llm_single,base,1,148,2,20,4.0,0,4,16,16,zero,
llm_single,base,1,149,0,20,116.0,0,116,17,17,zero,
llm_single,base,1,149,1,20,5.0,0,5,18,18,zero,
llm_single,base,1,149,2,20,2.0,0,2,16,16,zero,
llm_single,base,1,150,0,20,116.0,0,116,17,17,zero,
llm_single,base,1,150,1,20,2.0,0,2,18,18,zero,
llm_single,base,1,150,2,20,-0.0,0,0,16,16,zero,
llm_single,base,1,151,0,20,120.0,0,120,17,17,zero,
llm_single,base,1,151,1,20,1.0,1,0,18,18,zero,
llm_single,base,1,151,2,20,2.0,2,0,20,20,zero,
llm_single,base,1,152,0,20,120.0,0,120,17,17,zero,
llm_single,base,1,152,1,20,-0.0,0,0,18,18,zero,
llm_single,base,1,152,2,20,-0.0,0,0,20,20,zero,
llm_single,base,1,153,0,20,120.0,0,120,17,17,zero,
llm_single,base,1,153,1,20,3.0,3,0,18,18,zero,
llm_single,base,1,153,2,20,2.0,0,2,16,16,zero,
llm_single,base,1,154,0,20,120.0,0,120,17,17,zero,
llm_single,base,1,154,1,20,6.0,6,0,18,18,zero,
llm_single,base,1,154,2,20,4.0,0,4,16,16,zero,
llm_single,base,1,155,0,20,121.0,0,121,17,17,zero,
llm_single,base,1,155,1,20,7.0,7,0,18,18,zero,
llm_single,base,1,155,2,20,2.0,0,2,20,20,zero,
llm_single,base,1,156,0,20,124.0,0,124,17,17,zero,
llm_single,base,1,156,1,20,8.0,8,0,18,18,zero,
llm_single,base,1,156,2,20,-0.0,0,0,20,20,zero,
llm_single,base,1,157,0,20,127.0,0,127,17,17,zero,
llm_single,base,1,157,1,20,7.0,7,0,18,18,zero,
llm_single,base,1,157,2,20,2.0,0,2,16,16,zero,
llm_single,base,1,158,0,20,130.0,0,130,17,17,zero,
llm_single,base,1,158,1,20,6.0,6,0,18,18,zero,
llm_single,base,1,158,2,20,4.0,0,4,16,16,zero,
llm_single,base,1,159,0,20,133.0,0,133,17,17,zero,
llm_single,base,1,159,1,20,9.0,9,0,18,18,zero,
llm_single,base,1,159,2,20,2.0,0,2,20,20,zero,
llm_single,base,1,160,0,20,136.0,0,136,17,17,zero,
llm_single,base,1,160,1,20,12.0,12,0,18,18,zero,
llm_single,base,1,160,2,20,-0.0,0,0,20,20,zero,
llm_single,base,1,161,0,20,139.0,0,139,17,17,zero,
llm_single,base,1,161,1,20,11.0,11,0,18,18,zero,
llm_single,base,1,161,2,20,2.0,0,2,16,16,zero,
llm_single,base,1,162,0,20,142.0,0,142,17,17,zero,
llm_single,base,1,162,1,20,10.0,10,0,18,18,zero,
llm_single,base,1,162,2,20,4.0,0,4,16,16,zero,
llm_single,base,1,163,0,20,145.0,0,145,17,17,zero,
llm_single,base,1,163,1,20,13.0,13,0,18,18,zero,
llm_single,base,1,163,2,20,2.0,0,2,20,20,zero,
llm_single,base,1,164,0,20,148.0,0,148,17,17,zero,
llm_single,base,1,164,1,20,16.0,16,0,18,18,zero,
llm_single,base,1,164,2,20,-0.0,0,0,20,20,zero,
llm_single,base,1,165,0,20,151.0,0,151,17,17,zero,
llm_single,base,1,165,1,20,15.0,15,0,18,18,zero,
llm_single,base,1,165,2,20,2.0,0,2,16,16,zero,
llm_single,base,1,166,0,20,154.0,0,154,17,17,zero,
llm_single,base,1,166,1,20,14.0,14,0,18,18,zero,
llm_single,base,1,166,2,20,4.0,0,4,16,16,zero,
llm_single,base,1,167,0,20,157.0,0,157,17,17,zero,
llm_single,base,1,167,1,20,17.0,17,0,18,18,zero,
llm_single,base,1,167,2,20,2.0,0,2,20,20,zero,
llm_single,base,1,168,0,20,160.0,0,160,17,17,zero,
llm_single,base,1,168,1,20,20.0,20,0,15,15,zero,
llm_single,base,1,168,2,20,3.0,3,0,20,20,zero,
llm_single,base,1,169,0,20,163.0,0,163,17,17,zero,
llm_single,base,1,169,1,20,19.0,19,0,15,15,zero,
llm_single,base,1,169,2,20,4.0,4,0,16,16,zero,
llm_single,base,1,170,0,20,166.0,0,166,17,17,zero,
llm_single,base,1,170,1,20,18.0,18,0,15,15,zero,
llm_single,base,1,170,2,20,5.0,5,0,1,1,zero,
llm_single,base,1,171,0,20,169.0,0,169,17,17,zero,
llm_single,base,1,171,1,20,21.0,21,0,15,15,zero,
llm_single,base,1,171,2,20,10.0,10,0,16,16,zero,
llm_single,base,1,172,0,19,171.0,0,171,17,17,zero,
llm_single,base,1,172,1,19,21.0,21,0,15,15,zero,
llm_single,base,1,172,2,19,15.0,15,0,20,20,zero,
llm_single,base,1,173,0,19,173.0,0,173,17,17,zero,
llm_single,base,1,173,1,19,19.0,19,0,15,15,zero,
llm_single,base,1,173,2,19,16.0,16,0,20,20,zero,
llm_single,base,1,174,0,18,174.0,0,174,17,17,zero,
llm_single,base,1,174,1,18,17.0,17,0,15,15,zero,
llm_single,base,1,174,2,18,2.0,2,0,20,20,zero,
llm_single,base,1,175,0,16,173.0,0,173,17,17,zero,
llm_single,base,1,175,1,16,15.0,15,0,15,15,zero,
llm_single,base,1,175,2,16,3.0,3,0,0,0,zero,
llm_single,base,1,176,0,17,173.0,0,173,17,17,zero,
llm_single,base,1,176,1,17,13.0,13,0,15,15,zero,
llm_single,base,1,176,2,17,8.0,8,0,0,0,zero,
llm_single,base,1,177,0,16,172.0,0,172,17,17,zero,
llm_single,base,1,177,1,16,11.0,11,0,15,15,zero,
llm_single,base,1,177,2,16,13.0,13,0,20,20,zero,
llm_single,base,1,178,0,17,172.0,0,172,17,17,zero,
llm_single,base,1,178,1,17,9.0,9,0,15,15,zero,
llm_single,base,1,178,2,17,18.0,18,0,20,20,zero,
llm_single,base,1,179,0,17,172.0,0,172,17,17,zero,
llm_single,base,1,179,1,17,7.0,7,0,15,15,zero,
llm_single,base,1,179,2,17,3.0,3,0,20,20,zero,
llm_single,base,1,180,0,19,174.0,0,174,17,17,zero,
llm_single,base,1,180,1,19,5.0,5,0,15,15,zero,
llm_single,base,1,180,2,19,12.0,0,12,20,20,zero,
llm_single,base,1,181,0,20,177.0,0,177,17,17,zero,
llm_single,base,1,181,1,20,3.0,3,0,15,15,zero,
llm_single,base,1,181,2,20,7.0,0,7,0,0,zero,
llm_single,base,1,182,0,19,179.0,0,179,17,17,zero,
llm_single,base,1,182,1,19,1.0,1,0,15,15,zero,
llm_single,base,1,182,2,19,2.0,0,2,17,17,zero,
llm_single,base,1,183,0,20,182.0,0,182,17,17,zero,
llm_single,base,1,183,1,20,1.0,0,1,18,18,zero,
llm_single,base,1,183,2,20,-0.0,0,0,20,20,zero,
llm_single,base,1,184,0,20,185.0,0,185,17,17,zero,
llm_single,base,1,184,1,20,15.0,0,15,18,18,zero,
llm_single,base,1,184,2,20,2.0,2,0,20,20,zero,
llm_single,base,1,185,0,20,188.0,0,188,17,17,zero,
llm_single,base,1,185,1,20,12.0,0,12,18,18,zero,
llm_single,base,1,185,2,20,16.0,0,16,20,20,zero,
llm_single,base,1,186,0,20,191.0,0,191,17,17,zero,
llm_single,base,1,186,1,20,9.0,0,9,18,18,zero,
llm_single,base,1,186,2,20,17.0,0,17,20,20,zero,
llm_single,base,1,187,0,20,195.0,0,195,17,17,zero,
llm_single,base,1,187,1,20,6.0,0,6,18,18,zero,
llm_single,base,1,187,2,20,15.0,0,15,16,16,zero,
llm_single,base,1,188,0,20,212.0,0,212,17,17,zero,
llm_single,base,1,188,1,20,5.0,0,5,18,18,zero,
llm_single,base,1,188,2,20,13.0,0,13,20,20,zero,
llm_single,base,1,189,0,20,212.0,0,212,17,17,zero,
llm_single,base,1,189,1,20,20.0,0,20,18,18,zero,
llm_single,base,1,189,2,20,11.0,0,11,20,20,zero,
llm_single,base,1,190,0,20,212.0,0,212,17,17,zero,
llm_single,base,1,190,1,20,20.0,0,20,18,18,zero,
llm_single,base,1,190,2,20,9.0,0,9,20,20,zero,
llm_single,base,1,191,0,20,212.0,0,212,17,17,zero,
llm_single,base,1,191,1,20,17.0,0,17,18,18,zero,
llm_single,base,1,191,2,20,11.0,0,11,20,20,zero,
llm_single,base,1,192,0,20,214.0,0,214,17,17,zero,
llm_single,base,1,192,1,20,14.0,0,14,18,18,zero,
llm_single,base,1,192,2,20,9.0,0,9,20,20,zero,
llm_single,base,1,193,0,20,232.0,0,232,17,17,zero,
llm_single,base,1,193,1,20,11.0,0,11,18,18,zero,
llm_single,base,1,193,2,20,7.0,0,7,16,16,zero,
llm_single,base,1,194,0,20,235.0,0,235,17,17,zero,
llm_single,base,1,194,1,20,8.0,0,8,18,18,zero,
llm_single,base,1,194,2,20,5.0,0,5,20,20,zero,
llm_single,base,1,195,0,20,235.0,0,235,17,17,zero,
llm_single,base,1,195,1,20,9.0,0,9,18,18,zero,
llm_single,base,1,195,2,20,3.0,0,3,20,20,zero,
llm_single,base,1,196,0,20,235.0,0,235,17,17,zero,
llm_single,base,1,196,1,20,6.0,0,6,18,18,zero,
llm_single,base,1,196,2,20,1.0,0,1,16,16,zero,
llm_single,base,1,197,0,20,235.0,0,235,17,17,zero,
llm_single,base,1,197,1,20,3.0,0,3,18,18,zero,
llm_single,base,1,197,2,20,3.0,0,3,16,16,zero,
llm_single,base,1,198,0,20,235.0,0,235,17,17,zero,
llm_single,base,1,198,1,20,-0.0,0,0,18,18,zero,
llm_single,base,1,198,2,20,1.0,0,1,20,20,zero,
llm_single,base,1,199,0,20,239.0,0,239,17,17,zero,
llm_single,base,1,199,1,20,3.0,3,0,18,18,zero,
llm_single,base,1,199,2,20,1.0,1,0,20,20,zero,
llm_single,base,1,200,0,20,239.0,0,239,17,17,zero,
llm_single,base,1,200,1,20,6.0,6,0,18,18,zero,
llm_single,base,1,200,2,20,1.0,0,1,16,16,zero,
llm_single,shock,0,1,0,10,10.0,10,0,10,10,zero,
llm_single,shock,0,1,1,10,10.0,10,0,15,15,zero,
llm_single,shock,0,1,2,10,5.0,5,0,0,0,zero,
llm_single,shock,0,2,0,10,10.0,10,0,10,10,zero,
llm_single,shock,0,2,1,10,10.0,10,0,1,1,zero,
llm_single,shock,0,2,2,10,14.0,14,0,20,20,zero,
llm_single,shock,0,3,0,8,12.0,12,0,10,10,zero,
llm_single,shock,0,3,1,8,10.0,10,0,15,15,zero,
llm_single,shock,0,3,2,8,9.0,9,0,3,3,zero,
llm_single,shock,0,4,0,8,14.0,14,0,2,2,zero,
llm_single,shock,0,4,1,8,18.0,18,0,15,15,zero,
llm_single,shock,0,4,2,8,4.0,4,0,20,20,zero,
llm_single,shock,0,5,0,8,16.0,16,0,6,6,zero,
llm_single,shock,0,5,1,8,27.0,27,0,0,0,zero,
llm_single,shock,0,5,2,8,4.0,4,0,20,20,zero,
llm_single,shock,0,6,0,8,18.0,18,0,6,6,zero,
llm_single,shock,0,6,1,8,22.0,22,0,1,1,zero,
llm_single,shock,0,6,2,8,23.0,23,0,0,0,zero,
llm_single,shock,0,7,0,9,19.0,19,0,9,9,zero,
llm_single,shock,0,7,1,9,28.0,28,0,1,1,zero,
llm_single,shock,0,7,2,9,25.0,25,0,0,0,zero,
llm_single,shock,0,8,0,8,13.0,13,0,9,9,zero,
llm_single,shock,0,8,1,8,34.0,34,0,1,1,zero,
llm_single,shock,0,8,2,8,44.0,44,0,0,0,zero,
llm_single,shock,0,9,0,7,12.0,12,0,4,4,zero,
llm_single,shock,0,9,1,7,30.0,30,0,15,15,zero,
llm_single,shock,0,9,2,7,49.0,49,0,0,0,zero,
llm_single,shock,0,10,0,8,10.0,10,0,4,4,zero,
llm_single,shock,0,10,1,8,27.0,27,0,1,1,zero,
llm_single,shock,0,10,2,8,48.0,48,0,0,0,zero,
llm_single,shock,0,11,0,8,11.0,11,0,10,10,zero,
llm_single,shock,0,11,1,8,18.0,18,0,1,1,zero,
llm_single,shock,0,11,2,8,47.0,47,0,0,0,zero,
llm_single,shock,0,12,0,9,11.0,11,0,6,6,zero,
llm_single,shock,0,12,1,9,13.0,13,0,11,11,zero,
llm_single,shock,0,12,2,9,36.0,36,0,0,0,zero,
llm_single,shock,0,13,0,8,7.0,7,0,9,9,zero,
llm_single,shock,0,13,1,8,19.0,19,0,1,1,zero,
llm_single,shock,0,13,2,8,35.0,35,0,0,0,zero,
llm_single,shock,0,14,0,9,2.0,2,0,9,9,zero,
llm_single,shock,0,14,1,9,11.0,11,0,15,15,zero,
llm_single,shock,0,14,2,9,20.0,20,0,0,0,zero,
llm_single,shock,0,15,0,9,3.0,3,0,9,9,zero,
llm_single,shock,0,15,1,9,3.0,3,0,3,3,zero,
llm_single,shock,0,15,2,9,17.0,17,0,16,16,zero,
llm_single,shock,0,16,0,10,1.0,0,1,9,9,zero,
llm_single,shock,0,16,1,10,5.0,5,0,15,15,zero,
llm_single,shock,0,16,2,10,2.0,2,0,3,3,zero,
llm_single,shock,0,17,0,10,2.0,0,2,10,10,zero,
llm_single,shock,0,17,1,10,4.0,0,4,3,3,zero,
llm_single,shock,0,17,2,10,1.0,0,1,20,20,zero,
llm_single,shock,0,18,0,9,2.0,0,2,10,10,zero,
llm_single,shock,0,18,1,9,1.0,1,0,15,15,zero,
llm_single,shock,0,18,2,9,16.0,0,16,20,20,zero,
llm_single,shock,0,19,0,8,1.0,0,1,10,10,zero,
llm_single,shock,0,19,1,8,6.0,0,6,15,15,zero,
llm_single,shock,0,19,2,8,15.0,0,15,20,20,zero,
llm_single,shock,0,20,0,10,2.0,0,2,10,10,zero,
llm_single,shock,0,20,1,10,1.0,0,1,15,15,zero,
llm_single,shock,0,20,2,10,27.0,0,27,16,16,zero,
llm_single,shock,0,21,0,10,6.0,0,6,6,6,zero,
llm_single,shock,0,21,1,10,5.0,0,5,15,15,zero,
llm_single,shock,0,21,2,10,22.0,0,22,16,16,zero,
llm_single,shock,0,22,0,10,2.0,0,2,19,19,zero,
llm_single,shock,0,22,1,10,24.0,0,24,3,3,zero,
llm_single,shock,0,22,2,10,5.0,0,5,16,16,zero,
llm_single,shock,0,23,0,11,9.0,0,9,10,10,zero,
llm_single,shock,0,23,1,11,18.0,0,18,15,15,zero,
llm_single,shock,0,23,2,11,-0.0,0,0,1,1,zero,
llm_single,shock,0,24,0,9,3.0,0,3,10,10,zero,
llm_single,shock,0,24,1,9,25.0,0,25,3,3,zero,
llm_single,shock,0,24,2,9,13.0,13,0,16,16,zero,
llm_single,shock,0,25,0,9,10.0,0,10,19,19,zero,
llm_single,shock,0,25,1,9,24.0,0,24,3,3,zero,
llm_single,shock,0,25,2,9,26.0,26,0,1,1,zero,
llm_single,shock,0,26,0,8,18.0,0,18,10,10,zero,
llm_single,shock,0,26,1,8,14.0,0,14,18,18,zero,
llm_single,shock,0,26,2,8,24.0,24,0,0,0,zero,
llm_single,shock,0,27,0,10,12.0,0,12,2,2,zero,
llm_single,shock,0,27,1,10,4.0,4,0,18,18,zero,
llm_single,shock,0,27,2,10,7.0,7,0,20,20,zero,
llm_single,shock,0,28,0,10,19.0,0,19,6,6,zero,
llm_single,shock,0,28,1,10,1.0,1,0,0,0,zero,
llm_single,shock,0,28,2,10,23.0,23,0,20,20,zero,
llm_single,shock,0,29,0,10,9.0,0,9,6,6,zero,
llm_single,shock,0,29,1,10,2.0,0,2,0,0,zero,
llm_single,shock,0,29,2,10,24.0,24,0,0,0,zero,
llm_single,shock,0,30,0,9,2.0,2,0,10,10,zero,
llm_single,shock,0,30,1,9,6.0,6,0,12,12,zero,
llm_single,shock,0,30,2,9,12.0,12,0,0,0,zero,
llm_single,shock,0,31,0,9,9.0,9,0,10,10,zero,
llm_single,shock,0,31,1,9,14.0,14,0,18,18,zero,
llm_single,shock,0,31,2,9,14.0,14,0,0,0,zero,
llm_single,shock,0,32,0,9,6.0,6,0,19,19,zero,
llm_single,shock,0,32,1,9,5.0,0,5,15,15,zero,
llm_single,shock,0,32,2,9,19.0,19,0,20,20,zero,
llm_single,shock,0,33,0,9,1.0,1,0,6,6,zero,
llm_single,shock,0,33,1,9,11.0,0,11,18,18,zero,
llm_single,shock,0,33,2,9,1.0,1,0,20,20,zero,
llm_single,shock,0,34,0,9,4.0,4,0,6,6,zero,
llm_single,shock,0,34,1,9,5.0,0,5,3,3,zero,
llm_single,shock,0,34,2,9,2.0,0,2,20,20,zero,
llm_single,shock,0,35,0,10,4.0,4,0,6,6,zero,
llm_single,shock,0,35,1,10,7.0,7,0,18,18,zero,
llm_single,shock,0,35,2,10,20.0,0,20,0,0,zero,
llm_single,shock,0,36,0,9,9.0,9,0,10,10,zero,
llm_single,shock,0,36,1,9,12.0,12,0,12,12,zero,
llm_single,shock,0,36,2,9,12.0,0,12,20,20,zero,
llm_single,shock,0,37,0,10,1.0,0,1,6,6,zero,
llm_single,shock,0,37,1,10,24.0,24,0,12,12,zero,
llm_single,shock,0,37,2,10,4.0,0,4,20,20,zero,
llm_single,shock,0,38,0,10,1.0,1,0,10,10,zero,
llm_single,shock,0,38,1,10,15.0,15,0,3,3,zero,
llm_single,shock,0,38,2,10,13.0,13,0,16,16,zero,
llm_single,shock,0,39,0,9,3.0,3,0,10,10,zero,
llm_single,shock,0,39,1,9,5.0,5,0,1,1,zero,
llm_single,shock,0,39,2,9,12.0,12,0,0,0,zero,
llm_single,shock,0,40,0,8,5.0,5,0,9,9,zero,
llm_single,shock,0,40,1,8,16.0,16,0,12,12,zero,
llm_single,shock,0,40,2,8,20.0,20,0,0,0,zero,
llm_single,shock,0,41,0,8,3.0,3,0,6,6,zero,
llm_single,shock,0,41,1,8,30.0,30,0,15,15,zero,
llm_single,shock,0,41,2,8,25.0,25,0,0,0,zero,
llm_single,shock,0,42,0,9,4.0,4,0,6,6,zero,
llm_single,shock,0,42,1,9,31.0,31,0,3,3,zero,
llm_single,shock,0,42,2,9,38.0,38,0,20,20,zero,
llm_single,shock,0,43,0,10,4.0,4,0,10,10,zero,
llm_single,shock,0,43,1,10,22.0,22,0,1,1,zero,
llm_single,shock,0,43,2,10,37.0,37,0,0,0,zero,
llm_single,shock,0,44,0,9,4.0,4,0,19,19,zero,
llm_single,shock,0,44,1,9,15.0,15,0,15,15,zero,
llm_single,shock,0,44,2,9,22.0,22,0,0,0,zero,
llm_single,shock,0,45,0,10,-0.0,0,0,9,9,zero,
llm_single,shock,0,45,1,10,21.0,21,0,15,15,zero,
llm_single,shock,0,45,2,10,7.0,7,0,1,1,zero,
llm_single,shock,0,46,0,10,4.0,0,4,6,6,zero,
llm_single,shock,0,46,1,10,18.0,18,0,15,15,zero,
llm_single,shock,0,46,2,10,12.0,12,0,20,20,zero,
llm_single,shock,0,47,0,10,4.0,0,4,6,6,zero,
llm_single,shock,0,47,1,10,13.0,13,0,3,3,zero,
llm_single,shock,0,47,2,10,9.0,9,0,20,20,zero,
llm_single,shock,0,48,0,10,5.0,5,0,10,10,zero,
llm_single,shock,0,48,1,10,18.0,18,0,1,1,zero,
llm_single,shock,0,48,2,10,8.0,8,0,0,0,zero,
llm_single,shock,0,49,0,12,2.0,2,0,19,19,zero,
llm_single,shock,0,49,1,12,14.0,14,0,5,5,zero,
llm_single,shock,0,49,2,12,4.0,4,0,0,0,zero,
llm_single,shock,0,50,0,11,3.0,0,3,9,9,zero,
llm_single,shock,0,50,1,11,20.0,20,0,15,15,zero,
llm_single,shock,0,50,2,11,9.0,9,0,0,0,zero,
llm_single,shock,0,51,0,13,10.0,0,10,10,10,zero,
llm_single,shock,0,51,1,13,13.0,13,0,15,15,zero,
llm_single,shock,0,51,2,13,14.0,14,0,0,0,zero,
llm_single,shock,0,52,0,12,12.0,0,12,10,10,zero,
llm_single,shock,0,52,1,12,4.0,4,0,15,15,zero,
llm_single,shock,0,52,2,12,1.0,0,1,20,20,zero,
llm_single,shock,0,53,0,11,4.0,0,4,10,10,zero,
llm_single,shock,0,53,1,11,1.0,0,1,3,3,zero,
llm_single,shock,0,53,2,11,4.0,0,4,20,20,zero,
llm_single,shock,0,54,0,11,6.0,0,6,19,19,zero,
llm_single,shock,0,54,1,11,5.0,0,5,15,15,zero,
llm_single,shock,0,54,2,11,19.0,0,19,0,0,zero,
llm_single,shock,0,55,0,10,6.0,0,6,10,10,zero,
llm_single,shock,0,55,1,10,-0.0,0,0,15,15,zero,
llm_single,shock,0,55,2,10,34.0,0,34,20,20,zero,
llm_single,shock,0,56,0,11,7.0,0,7,10,10,zero,
llm_single,shock,0,56,1,11,4.0,4,0,15,15,zero,
llm_single,shock,0,56,2,11,29.0,0,29,20,20,zero,
llm_single,shock,0,57,0,11,9.0,0,9,10,10,zero,
llm_single,shock,0,57,1,11,6.0,0,6,15,15,zero,
llm_single,shock,0,57,2,11,24.0,0,24,20,20,zero,
llm_single,shock,0,58,0,12,6.0,0,6,10,10,zero,
llm_single,shock,0,58,1,12,16.0,0,16,3,3,zero,
llm_single,shock,0,58,2,12,27.0,0,27,20,20,zero,
llm_single,shock,0,59,0,10,1.0,0,1,19,19,zero,
llm_single,shock,0,59,1,10,35.0,0,35,18,18,zero,
llm_single,shock,0,59,2,10,25.0,0,25,0,0,zero,
llm_single,shock,0,60,0,11,2.0,0,2,19,19,zero,
llm_single,shock,0,60,1,11,34.0,0,34,18,18,zero,
llm_single,shock,0,60,2,11,23.0,0,23,20,20,zero,
llm_single,shock,0,61,0,11,9.0,0,9,9,9,zero,
llm_single,shock,0,61,1,11,23.0,0,23,18,18,zero,
llm_single,shock,0,61,2,11,21.0,0,21,20,20,zero,
llm_single,shock,0,62,0,11,20.0,0,20,10,10,zero,
llm_single,shock,0,62,1,11,33.0,0,33,18,18,zero,
llm_single,shock,0,62,2,11,19.0,0,19,20,20,zero,
llm_single,shock,0,63,0,11,31.0,0,31,17,17,zero,
llm_single,shock,0,63,1,11,30.0,0,30,0,0,zero,
llm_single,shock,0,63,2,11,19.0,0,19,20,20,zero,
llm_single,shock,0,64,0,10,21.0,0,21,10,10,zero,
llm_single,shock,0,64,1,10,20.0,0,20,18,18,zero,
llm_single,shock,0,64,2,10,17.0,0,17,0,0,zero,
llm_single,shock,0,65,0,10,11.0,0,11,6,6,zero,
llm_single,shock,0,65,1,10,6.0,0,6,18,18,zero,
llm_single,shock,0,65,2,10,15.0,0,15,20,20,zero,
llm_single,shock,0,66,0,9,20.0,0,20,6,6,zero,
llm_single,shock,0,66,1,9,8.0,8,0,18,18,zero,
llm_single,shock,0,66,2,9,13.0,0,13,20,20,zero,
llm_single,shock,0,67,0,8,8.0,0,8,6,6,zero,
llm_single,shock,0,67,1,8,2.0,2,0,0,0,zero,
llm_single,shock,0,67,2,8,7.0,7,0,20,20,zero,
llm_single,shock,0,68,0,9,3.0,3,0,6,6,zero,
llm_single,shock,0,68,1,9,16.0,16,0,0,0,zero,
llm_single,shock,0,68,2,9,7.0,7,0,3,3,zero,
llm_single,shock,0,69,0,10,13.0,13,0,6,6,zero,
llm_single,shock,0,69,1,10,30.0,30,0,0,0,zero,
llm_single,shock,0,69,2,10,27.0,27,0,0,0,zero,
llm_single,shock,0,70,0,9,16.0,16,0,19,19,zero,
llm_single,shock,0,70,1,9,31.0,31,0,0,0,zero,
llm_single,shock,0,70,2,9,47.0,47,0,0,0,zero,
llm_single,shock,0,71,0,9,13.0,13,0,9,9,zero,
llm_single,shock,0,71,1,9,35.0,35,0,18,18,zero,
llm_single,shock,0,71,2,9,49.0,49,0,0,0,zero,
llm_single,shock,0,72,0,9,10.0,10,0,10,10,zero,
llm_single,shock,0,72,1,9,25.0,25,0,15,15,zero,
llm_single,shock,0,72,2,9,37.0,37,0,0,0,zero,
llm_single,shock,0,73,0,9,7.0,7,0,6,6,zero,
llm_single,shock,0,73,1,9,19.0,19,0,15,15,zero,
llm_single,shock,0,73,2,9,22.0,22,0,20,20,zero,
llm_single,shock,0,74,0,9,17.0,17,0,6,6,zero,
llm_single,shock,0,74,1,9,13.0,13,0,3,3,zero,
llm_single,shock,0,74,2,9,19.0,19,0,20,20,zero,
llm_single,shock,0,75,0,9,17.0,17,0,6,6,zero,
llm_single,shock,0,75,1,9,25.0,25,0,1,1,zero,
llm_single,shock,0,75,2,9,18.0,18,0,0,0,zero,
llm_single,shock,0,76,0,8,19.0,19,0,9,9,zero,
llm_single,shock,0,76,1,8,31.0,31,0,1,1,zero,
llm_single,shock,0,76,2,8,17.0,17,0,0,0,zero,
llm_single,shock,0,77,0,8,17.0,17,0,9,9,zero,
llm_single,shock,0,77,1,8,37.0,37,0,1,1,zero,
llm_single,shock,0,77,2,8,36.0,36,0,0,0,zero,
llm_single,shock,0,78,0,8,15.0,15,0,4,4,zero,
llm_single,shock,0,78,1,8,36.0,36,0,15,15,zero,
llm_single,shock,0,78,2,8,41.0,41,0,0,0,zero,
llm_single,shock,0,79,0,8,13.0,13,0,9,9,zero,
llm_single,shock,0,79,1,8,28.0,28,0,1,1,zero,
llm_single,shock,0,79,2,8,40.0,40,0,0,0,zero,
llm_single,shock,0,80,0,8,14.0,14,0,4,4,zero,
llm_single,shock,0,80,1,8,25.0,25,0,15,15,zero,
llm_single,shock,0,80,2,8,25.0,25,0,0,0,zero,
llm_single,shock,0,81,0,9,14.0,14,0,9,9,zero,
llm_single,shock,0,81,1,9,17.0,17,0,1,1,zero,
llm_single,shock,0,81,2,9,24.0,24,0,16,16,zero,
llm_single,shock,0,82,0,9,9.0,9,0,9,9,zero,
llm_single,shock,0,82,1,9,23.0,23,0,1,1,zero,
llm_single,shock,0,82,2,9,23.0,23,0,0,0,zero,
llm_single,shock,0,83,0,8,10.0,10,0,9,9,zero,
llm_single,shock,0,83,1,8,15.0,15,0,1,1,zero,
llm_single,shock,0,83,2,8,22.0,22,0,0,0,zero,
llm_single,shock,0,84,0,8,6.0,6,0,9,9,zero,
llm_single,shock,0,84,1,8,21.0,21,0,15,15,zero,
llm_single,shock,0,84,2,8,7.0,7,0,0,0,zero,
llm_single,shock,0,85,0,9,6.0,6,0,2,2,zero,
llm_single,shock,0,85,1,9,20.0,20,0,15,15,zero,
llm_single,shock,0,85,2,9,8.0,8,0,0,0,zero,
llm_single,shock,0,86,0,9,6.0,6,0,10,10,zero,
llm_single,shock,0,86,1,9,11.0,11,0,1,1,zero,
llm_single,shock,0,86,2,9,7.0,7,0,20,20,zero,
llm_single,shock,0,87,0,10,5.0,5,0,10,10,zero,
llm_single,shock,0,87,1,10,2.0,2,0,1,1,zero,
llm_single,shock,0,87,2,10,6.0,6,0,20,20,zero,
llm_single,shock,0,88,0,9,5.0,5,0,9,9,zero,
llm_single,shock,0,88,1,9,8.0,8,0,15,15,zero,
llm_single,shock,0,88,2,9,9.0,0,9,0,0,zero,
llm_single,shock,0,89,0,10,3.0,0,3,9,9,zero,
llm_single,shock,0,89,1,10,14.0,14,0,15,15,zero,
llm_single,shock,0,89,2,10,24.0,0,24,0,0,zero,
llm_single,shock,0,90,0,10,3.0,0,3,10,10,zero,
llm_single,shock,0,90,1,10,5.0,5,0,15,15,zero,
llm_single,shock,0,90,2,10,19.0,0,19,20,20,zero,
llm_single,shock,0,91,0,9,2.0,0,2,10,10,zero,
llm_single,shock,0,91,1,9,4.0,0,4,11,11,zero,
llm_single,shock,0,91,2,9,10.0,0,10,20,20,zero,
llm_single,shock,0,92,0,10,3.0,0,3,10,10,zero,
llm_single,shock,0,92,1,10,8.0,0,8,11,11,zero,
llm_single,shock,0,92,2,10,21.0,0,21,20,20,zero,
llm_single,shock,0,93,0,8,2.0,0,2,10,10,zero,
llm_single,shock,0,93,1,8,18.0,0,18,15,15,zero,
llm_single,shock,0,93,2,8,36.0,0,36,20,20,zero,
llm_single,shock,0,94,0,8,-0.0,0,0,10,10,zero,
llm_single,shock,0,94,1,8,8.0,0,8,15,15,zero,
llm_single,shock,0,94,2,8,31.0,0,31,17,17,zero,
llm_single,shock,0,95,0,8,2.0,0,2,6,6,zero,
llm_single,shock,0,95,1,8,6.0,6,0,15,15,zero,
llm_single,shock,0,95,2,8,26.0,0,26,20,20,zero,
llm_single,shock,0,96,0,9,5.0,0,5,6,6,zero,
llm_single,shock,0,96,1,9,-0.0,0,0,3,3,zero,
llm_single,shock,0,96,2,9,9.0,0,9,16,16,zero,
llm_single,shock,0,97,0,8,13.0,0,13,6,6,zero,
llm_single,shock,0,97,1,8,6.0,0,6,0,0,zero,
llm_single,shock,0,97,2,8,11.0,11,0,0,0,zero,
llm_single,shock,0,98,0,11,4.0,0,4,6,6,zero,
llm_single,shock,0,98,1,11,8.0,8,0,0,0,zero,
llm_single,shock,0,98,2,11,28.0,28,0,0,0,zero,
llm_single,shock,0,99,0,12,2.0,0,2,10,10,zero,
llm_single,shock,0,99,1,12,18.0,18,0,1,1,zero,
llm_single,shock,0,99,2,12,47.0,47,0,0,0,zero,
llm_single,shock,0,100,0,12,8.0,0,8,19,19,zero,100
llm_single,shock,0,100,1,12,19.0,19,0,12,12,zero,100
llm_single,shock,0,100,2,12,51.0,51,0,0,0,zero,100
llm_single,shock,0,101,0,11,19.0,0,19,10,10,zero,100
llm_single,shock,0,101,1,11,18.0,18,0,18,18,zero,100
llm_single,shock,0,101,2,11,33.0,33,0,1,1,zero,100
llm_single,shock,0,102,0,11,18.0,0,18,19,19,zero,100
llm_single,shock,0,102,1,11,1.0,0,1,15,15,zero,100
llm_single,shock,0,102,2,11,18.0,18,0,20,20,zero,100
llm_single,shock,0,103,0,11,19.0,0,19,10,10,zero,100
llm_single,shock,0,103,1,11,10.0,0,10,18,18,zero,100
llm_single,shock,0,103,2,11,-0.0,0,0,20,20,zero,100
llm_single,shock,0,104,0,11,11.0,0,11,10,10,zero,100
llm_single,shock,0,104,1,11,8.0,0,8,15,15,zero,100
llm_single,shock,0,104,2,11,15.0,0,15,20,20,zero,100
llm_single,shock,0,105,0,11,12.0,0,12,10,10,zero,100
llm_single,shock,0,105,1,11,-0.0,0,0,18,18,zero,100
llm_single,shock,0,105,2,11,32.0,0,32,20,20,zero,100
llm_single,shock,0,106,0,11,5.0,0,5,10,10,zero,100
llm_single,shock,0,106,1,11,5.0,5,0,18,18,zero,100
llm_single,shock,0,106,2,11,30.0,0,30,20,20,zero,100
llm_single,shock,0,107,0,9,13.0,0,13,19,19,zero,100
llm_single,shock,0,107,1,9,4.0,4,0,15,15,zero,100
llm_single,shock,0,107,2,9,25.0,0,25,20,20,zero,100
llm_single,shock,0,108,0,9,10.0,0,10,6,6,zero,100
llm_single,shock,0,108,1,9,2.0,0,2,18,18,zero,100
llm_single,shock,0,108,2,9,23.0,0,23,16,16,zero,100
llm_single,shock,0,109,0,9,1.0,0,1,10,10,zero,100
llm_single,shock,0,109,1,9,11.0,0,11,3,3,zero,100
llm_single,shock,0,109,2,9,6.0,0,6,20,20,zero,100
llm_single,shock,0,110,0,9,-0.0,0,0,10,10,zero,100
llm_single,shock,0,110,1,9,1.0,0,1,0,0,zero,100
llm_single,shock,0,110,2,9,14.0,14,0,16,16,zero,100
llm_single,shock,0,111,0,11,8.0,8,0,6,6,zero,100
llm_single,shock,0,111,1,11,13.0,13,0,18,18,zero,100
llm_single,shock,0,111,2,11,16.0,16,0,0,0,zero,100
llm_single,shock,0,112,0,11,1.0,1,0,19,19,zero,100
llm_single,shock,0,112,1,11,14.0,14,0,0,0,zero,100
llm_single,shock,0,112,2,11,32.0,32,0,1,1,zero,100
llm_single,shock,0,113,0,9,7.0,0,7,6,6,zero,100
llm_single,shock,0,113,1,9,28.0,28,0,18,18,zero,100
llm_single,shock,0,113,2,9,34.0,34,0,0,0,zero,100
llm_single,shock,0,114,0,11,2.0,2,0,6,6,zero,100
llm_single,shock,0,114,1,11,28.0,28,0,3,3,zero,100
llm_single,shock,0,114,2,11,47.0,47,0,1,1,zero,100
llm_single,shock,0,115,0,9,-0.0,0,0,6,6,zero,100
llm_single,shock,0,115,1,9,40.0,40,0,1,1,zero,100
llm_single,shock,0,115,2,9,46.0,46,0,0,0,zero,100
llm_single,shock,0,116,0,8,11.0,11,0,10,10,zero,100
llm_single,shock,0,116,1,8,30.0,30,0,1,1,zero,100
llm_single,shock,0,116,2,8,46.0,46,0,0,0,zero,100
llm_single,shock,0,117,0,8,9.0,9,0,6,6,zero,100
llm_single,shock,0,117,1,8,42.0,42,0,1,1,zero,100
llm_single,shock,0,117,2,8,45.0,45,0,0,0,zero,100
llm_single,shock,0,118,0,8,7.0,7,0,19,19,zero,100
llm_single,shock,0,118,1,8,26.0,26,0,1,1,zero,100
llm_single,shock,0,118,2,8,45.0,45,0,0,0,zero,100
llm_single,shock,0,119,0,6,7.0,7,0,6,6,zero,100
llm_single,shock,0,119,1,6,21.0,21,0,15,15,zero,100
llm_single,shock,0,119,2,6,30.0,30,0,0,0,zero,100
llm_single,shock,0,120,0,5,12.0,12,0,2,2,zero,100
llm_single,shock,0,120,1,5,20.0,20,0,15,15,zero,100
llm_single,shock,0,120,2,5,15.0,15,0,0,0,zero,100
llm_single,shock,0,121,0,5,13.0,13,0,0,0,zero,100
llm_single,shock,0,121,1,5,21.0,21,0,1,1,zero,100
llm_single,shock,0,121,2,5,14.0,14,0,20,20,zero,100
llm_single,shock,0,122,0,3,29.0,29,0,0,0,zero,100
llm_single,shock,0,122,1,3,22.0,22,0,0,0,zero,100
llm_single,shock,0,122,2,3,14.0,14,0,3,3,zero,100
llm_single,shock,0,123,0,3,32.0,32,0,0,0,zero,100
llm_single,shock,0,123,1,3,37.0,37,0,0,0,zero,100
llm_single,shock,0,123,2,3,14.0,14,0,0,0,zero,100
llm_single,shock,0,124,0,5,29.0,29,0,0,0,zero,100
llm_single,shock,0,124,1,5,52.0,52,0,0,0,zero,100
llm_single,shock,0,124,2,5,14.0,14,0,0,0,zero,100
llm_single,shock,0,125,0,5,24.0,24,0,0,0,zero,100
llm_single,shock,0,125,1,5,53.0,53,0,0,0,zero,100
llm_single,shock,0,125,2,5,34.0,34,0,0,0,zero,100
llm_single,shock,0,126,0,5,19.0,19,0,2,2,zero,100
llm_single,shock,0,126,1,5,51.0,51,0,0,0,zero,100
llm_single,shock,0,126,2,5,37.0,37,0,0,0,zero,100
llm_single,shock,0,127,0,5,14.0,14,0,9,9,zero,100
llm_single,shock,0,127,1,5,42.0,42,0,0,0,zero,100
llm_single,shock,0,127,2,5,37.0,37,0,0,0,zero,100
llm_single,shock,0,128,0,3,11.0,11,0,2,2,zero,100
llm_single,shock,0,128,1,3,40.0,40,0,1,1,zero,100
llm_single,shock,0,128,2,3,36.0,36,0,0,0,zero,100
llm_single,shock,0,129,0,3,8.0,8,0,2,2,zero,100
llm_single,shock,0,129,1,3,38.0,38,0,1,1,zero,100
llm_single,shock,0,129,2,3,35.0,35,0,0,0,zero,100
llm_single,shock,0,130,0,3,7.0,7,0,0,0,zero,100
llm_single,shock,0,130,1,3,38.0,38,0,1,1,zero,100
llm_single,shock,0,130,2,3,34.0,34,0,0,0,zero,100
llm_single,shock,0,131,0,2,14.0,14,0,0,0,zero,100
llm_single,shock,0,131,1,2,38.0,38,0,1,1,zero,100
llm_single,shock,0,131,2,2,33.0,33,0,0,0,zero,100
llm_single,shock,0,132,0,2,14.0,14,0,0,0,zero,100
llm_single,shock,0,132,1,2,39.0,39,0,0,0,zero,100
llm_single,shock,0,132,2,2,33.0,33,0,0,0,zero,100
llm_single,shock,0,133,0,2,14.0,14,0,0,0,zero,100
llm_single,shock,0,133,1,2,40.0,40,0,0,0,zero,100
llm_single,shock,0,133,2,2,33.0,33,0,0,0,zero,100
llm_single,shock,0,134,0,3,11.0,11,0,0,0,zero,100
llm_single,shock,0,134,1,3,41.0,41,0,0,0,zero,100
llm_single,shock,0,134,2,3,33.0,33,0,0,0,zero,100
llm_single,shock,0,135,0,2,9.0,9,0,2,2,zero,100
llm_single,shock,0,135,1,2,40.0,40,0,0,0,zero,100
llm_single,shock,0,135,2,2,33.0,33,0,0,0,zero,100
llm_single,shock,0,136,0,3,6.0,6,0,0,0,zero,100
llm_single,shock,0,136,1,3,40.0,40,0,0,0,zero,100
llm_single,shock,0,136,2,3,33.0,33,0,0,0,zero,100
llm_single,shock,0,137,0,3,3.0,3,0,9,9,zero,100
llm_single,shock,0,137,1,3,31.0,31,0,0,0,zero,100
llm_single,shock,0,137,2,3,33.0,33,0,0,0,zero,100
llm_single,shock,0,138,0,2,1.0,1,0,2,2,zero,100
llm_single,shock,0,138,1,2,29.0,29,0,1,1,zero,100
llm_single,shock,0,138,2,2,32.0,32,0,0,0,zero,100
llm_single,shock,0,139,0,2,1.0,1,0,0,0,zero,100
llm_single,shock,0,139,1,2,29.0,29,0,1,1,zero,100
llm_single,shock,0,139,2,2,31.0,31,0,0,0,zero,100
llm_single,shock,0,140,0,3,2.0,0,2,0,0,zero,100
llm_single,shock,0,140,1,3,29.0,29,0,1,1,zero,100
llm_single,shock,0,140,2,3,30.0,30,0,0,0,zero,100
llm_single,shock,0,141,0,2,5.0,5,0,6,6,zero,100
llm_single,shock,0,141,1,2,23.0,23,0,0,0,zero,100
llm_single,shock,0,141,2,2,30.0,30,0,0,0,zero,100
llm_single,shock,0,142,0,3,4.0,4,0,0,0,zero,100
llm_single,shock,0,142,1,3,24.0,24,0,1,1,zero,100
llm_single,shock,0,142,2,3,29.0,29,0,0,0,zero,100
llm_single,shock,0,143,0,3,1.0,1,0,6,6,zero,100
llm_single,shock,0,143,1,3,19.0,19,0,1,1,zero,100
llm_single,shock,0,143,2,3,28.0,28,0,0,0,zero,100
llm_single,shock,0,144,0,3,2.0,0,2,2,2,zero,100
llm_single,shock,0,144,1,3,18.0,18,0,1,1,zero,100
llm_single,shock,0,144,2,3,27.0,27,0,0,0,zero,100
llm_single,shock,0,145,0,2,2.0,2,0,2,2,zero,100
llm_single,shock,0,145,1,2,16.0,16,0,1,1,zero,100
llm_single,shock,0,145,2,2,26.0,26,0,0,0,zero,100
llm_single,shock,0,146,0,2,-0.0,0,0,0,0,zero,100
llm_single,shock,0,146,1,2,17.0,17,0,1,1,zero,100
llm_single,shock,0,146,2,2,25.0,25,0,0,0,zero,100
llm_single,shock,0,147,0,2,4.0,4,0,2,2,zero,100
llm_single,shock,0,147,1,2,16.0,16,0,1,1,zero,100
llm_single,shock,0,147,2,2,24.0,24,0,0,0,zero,100
llm_single,shock,0,148,0,2,4.0,4,0,0,0,zero,100
llm_single,shock,0,148,1,2,17.0,17,0,1,1,zero,100
llm_single,shock,0,148,2,2,23.0,23,0,0,0,zero,100
llm_single,shock,0,149,0,2,4.0,4,0,2,2,zero,100
llm_single,shock,0,149,1,2,16.0,16,0,0,0,zero,100
llm_single,shock,0,149,2,2,23.0,23,0,0,0,zero,100
llm_single,shock,0,150,0,3,1.0,1,0,0,0,zero,100
llm_single,shock,0,150,1,3,17.0,17,0,0,0,zero,100
llm_single,shock,0,150,2,3,23.0,23,0,0,0,zero,100
llm_single,shock,0,151,0,3,-0.0,0,0,6,6,zero,100
llm_single,shock,0,151,1,3,12.0,12,0,0,0,zero,100
llm_single,shock,0,151,2,3,23.0,23,0,0,0,zero,100
llm_single,shock,0,152,0,3,3.0,0,3,2,2,zero,100
llm_single,shock,0,152,1,3,11.0,11,0,1,1,zero,100
llm_single,shock,0,152,2,3,22.0,22,0,0,0,zero,100
llm_single,shock,0,153,0,3,4.0,0,4,6,6,zero,100
llm_single,shock,0,153,1,3,5.0,5,0,1,1,zero,100
llm_single,shock,0,153,2,3,21.0,21,0,0,0,zero,100
llm_single,shock,0,154,0,3,7.0,0,7,2,2,zero,100
llm_single,shock,0,154,1,3,3.0,3,0,15,15,zero,100
llm_single,shock,0,154,2,3,6.0,6,0,0,0,zero,100
llm_single,shock,0,155,0,4,5.0,0,5,6,6,zero,100
llm_single,shock,0,155,1,4,3.0,0,3,1,1,zero,100
llm_single,shock,0,155,2,4,5.0,5,0,1,1,zero,100
llm_single,shock,0,156,0,3,6.0,0,6,10,10,zero,100
llm_single,shock,0,156,1,3,12.0,0,12,15,15,zero,100
llm_single,shock,0,156,2,3,10.0,0,10,20,20,zero,100
llm_single,shock,0,157,0,3,3.0,0,3,10,10,zero,100
llm_single,shock,0,157,1,3,21.0,0,21,15,15,zero,100
llm_single,shock,0,157,2,3,25.0,0,25,20,20,zero,100
llm_single,shock,0,158,0,3,4.0,0,4,10,10,zero,100
llm_single,shock,0,158,1,3,16.0,0,16,15,15,zero,100
llm_single,shock,0,158,2,3,40.0,0,40,20,20,zero,100
llm_single,shock,0,159,0,3,4.0,0,4,6,6,zero,100
llm_single,shock,0,159,1,3,21.0,0,21,15,15,zero,100
llm_single,shock,0,159,2,3,54.0,0,54,20,20,zero,100
llm_single,shock,0,160,0,3,6.0,0,6,6,6,zero,100
llm_single,shock,0,160,1,3,22.0,0,22,15,15,zero,100
llm_single,shock,0,160,2,3,49.0,0,49,20,20,zero,100
llm_single,shock,0,161,0,4,9.0,0,9,6,6,zero,100
llm_single,shock,0,161,1,4,28.0,0,28,11,11,zero,100
llm_single,shock,0,161,2,4,40.0,0,40,20,20,zero,100
llm_single,shock,0,162,0,4,2.0,2,0,6,6,zero,100
llm_single,shock,0,162,1,4,34.0,0,34,0,0,zero,100
llm_single,shock,0,162,2,4,20.0,0,20,20,20,zero,100
llm_single,shock,0,163,0,4,1.0,0,1,10,10,zero,100
llm_single,shock,0,163,1,4,43.0,0,43,0,0,zero,100
llm_single,shock,0,163,2,4,-0.0,0,0,0,0,zero,100
llm_single,shock,0,164,0,3,1.0,1,0,10,10,zero,100
llm_single,shock,0,164,1,3,33.0,0,33,0,0,zero,100
llm_single,shock,0,164,2,3,20.0,20,0,0,0,zero,100
llm_single,shock,0,165,0,3,2.0,0,2,6,6,zero,100
llm_single,shock,0,165,1,3,19.0,0,19,0,0,zero,100
llm_single,shock,0,165,2,3,40.0,40,0,0,0,zero,100
llm_single,shock,0,166,0,3,5.0,0,5,2,2,zero,100
llm_single,shock,0,166,1,3,1.0,0,1,18,18,zero,100
llm_single,shock,0,166,2,3,42.0,42,0,0,0,zero,100
llm_single,shock,0,167,0,3,7.0,0,7,0,0,zero,100
llm_single,shock,0,167,1,3,19.0,19,0,0,0,zero,100
llm_single,shock,0,167,2,3,42.0,42,0,1,1,zero,100
llm_single,shock,0,168,0,3,10.0,10,0,0,0,zero,100
llm_single,shock,0,168,1,3,19.0,19,0,0,0,zero,100
llm_single,shock,0,168,2,3,42.0,42,0,0,0,zero,100
llm_single,shock,0,169,0,3,27.0,27,0,0,0,zero,100
llm_single,shock,0,169,1,3,19.0,19,0,0,0,zero,100
llm_single,shock,0,169,2,3,42.0,42,0,0,0,zero,100
llm_single,shock,0,170,0,3,44.0,44,0,0,0,zero,100
llm_single,shock,0,170,1,3,37.0,37,0,0,0,zero,100
llm_single,shock,0,170,2,3,42.0,42,0,0,0,zero,100
llm_single,shock,0,171,0,3,42.0,42,0,0,0,zero,100
llm_single,shock,0,171,1,3,37.0,37,0,0,0,zero,100
llm_single,shock,0,171,2,3,43.0,43,0,0,0,zero,100
llm_single,shock,0,172,0,3,39.0,39,0,0,0,zero,100
llm_single,shock,0,172,1,3,37.0,37,0,0,0,zero,100
llm_single,shock,0,172,2,3,43.0,43,0,0,0,zero,100
llm_single,shock,0,173,0,3,36.0,36,0,0,0,zero,100
llm_single,shock,0,173,1,3,37.0,37,0,0,0,zero,100
llm_single,shock,0,173,2,3,43.0,43,0,0,0,zero,100
llm_single,shock,0,174,0,3,33.0,33,0,0,0,zero,100
llm_single,shock,0,174,1,3,37.0,37,0,0,0,zero,100
llm_single,shock,0,174,2,3,43.0,43,0,0,0,zero,100
llm_single,shock,0,175,0,3,30.0,30,0,0,0,zero,100
llm_single,shock,0,175,1,3,37.0,37,0,0,0,zero,100
llm_single,shock,0,175,2,3,43.0,43,0,0,0,zero,100
llm_single,shock,0,176,0,2,28.0,28,0,0,0,zero,100
llm_single,shock,0,176,1,2,37.0,37,0,0,0,zero,100
llm_single,shock,0,176,2,2,43.0,43,0,0,0,zero,100
llm_single,shock,0,177,0,3,25.0,25,0,0,0,zero,100
llm_single,shock,0,177,1,3,37.0,37,0,0,0,zero,100
llm_single,shock,0,177,2,3,43.0,43,0,0,0,zero,100
llm_single,shock,0,178,0,3,22.0,22,0,0,0,zero,100
llm_single,shock,0,178,1,3,37.0,37,0,0,0,zero,100
llm_single,shock,0,178,2,3,43.0,43,0,0,0,zero,100
llm_single,shock,0,179,0,3,19.0,19,0,0,0,zero,100
llm_single,shock,0,179,1,3,37.0,37,0,0,0,zero,100
llm_single,shock,0,179,2,3,43.0,43,0,0,0,zero,100
llm_single,shock,0,180,0,3,16.0,16,0,0,0,zero,100
llm_single,shock,0,180,1,3,37.0,37,0,0,0,zero,100
llm_single,shock,0,180,2,3,43.0,43,0,0,0,zero,100
llm_single,shock,0,181,0,3,13.0,13,0,2,2,zero,100
llm_single,shock,0,181,1,3,35.0,35,0,0,0,zero,100
llm_single,shock,0,181,2,3,43.0,43,0,0,0,zero,100
llm_single,shock,0,182,0,3,10.0,10,0,2,2,zero,100
llm_single,shock,0,182,1,3,33.0,33,0,0,0,zero,100
llm_single,shock,0,182,2,3,43.0,43,0,0,0,zero,100
llm_single,shock,0,183,0,3,7.0,7,0,2,2,zero,100
llm_single,shock,0,183,1,3,31.0,31,0,0,0,zero,100
llm_single,shock,0,183,2,3,43.0,43,0,0,0,zero,100
llm_single,shock,0,184,0,4,3.0,3,0,2,2,zero,100
llm_single,shock,0,184,1,4,29.0,29,0,1,1,zero,100
llm_single,shock,0,184,2,4,42.0,42,0,0,0,zero,100
llm_single,shock,0,185,0,4,1.0,1,0,9,9,zero,100
llm_single,shock,0,185,1,4,20.0,20,0,1,1,zero,100
llm_single,shock,0,185,2,4,41.0,41,0,0,0,zero,100
llm_single,shock,0,186,0,4,1.0,0,1,2,2,zero,100
llm_single,shock,0,186,1,4,18.0,18,0,1,1,zero,100
llm_single,shock,0,186,2,4,40.0,40,0,0,0,zero,100
llm_single,shock,0,187,0,5,4.0,0,4,2,2,zero,100
llm_single,shock,0,187,1,5,16.0,16,0,1,1,zero,100
llm_single,shock,0,187,2,5,39.0,39,0,0,0,zero,100
llm_single,shock,0,188,0,5,7.0,0,7,6,6,zero,100
llm_single,shock,0,188,1,5,11.0,11,0,1,1,zero,100
llm_single,shock,0,188,2,5,38.0,38,0,0,0,zero,100
llm_single,shock,0,189,0,4,2.0,0,2,6,6,zero,100
llm_single,shock,0,189,1,4,6.0,6,0,15,15,zero,100
llm_single,shock,0,189,2,4,23.0,23,0,0,0,zero,100
llm_single,shock,0,190,0,4,4.0,0,4,6,6,zero,100
llm_single,shock,0,190,1,4,1.0,1,0,1,1,zero,100
llm_single,shock,0,190,2,4,22.0,22,0,0,0,zero,100
llm_single,shock,0,191,0,4,6.0,0,6,6,6,zero,100
llm_single,shock,0,191,1,4,4.0,0,4,15,15,zero,100
llm_single,shock,0,191,2,4,7.0,7,0,0,0,zero,100
llm_single,shock,0,192,0,4,4.0,0,4,6,6,zero,100
llm_single,shock,0,192,1,4,9.0,0,9,1,1,zero,100
llm_single,shock,0,192,2,4,6.0,6,0,20,20,zero,100
llm_single,shock,0,193,0,5,3.0,0,3,10,10,zero,100
llm_single,shock,0,193,1,5,4.0,0,4,15,15,zero,100
llm_single,shock,0,193,2,5,9.0,0,9,3,3,zero,100
llm_single,shock,0,194,0,5,2.0,0,2,6,6,zero,100
llm_single,shock,0,194,1,5,9.0,0,9,15,15,zero,100
llm_single,shock,0,194,2,5,24.0,0,24,20,20,zero,100
llm_single,shock,0,195,0,5,5.0,0,5,6,6,zero,100
llm_single,shock,0,195,1,5,-0.0,0,0,15,15,zero,100
llm_single,shock,0,195,2,5,39.0,0,39,20,20,zero,100
llm_single,shock,0,196,0,4,8.0,0,8,0,0,zero,100
llm_single,shock,0,196,1,4,1.0,1,0,15,15,zero,100
llm_single,shock,0,196,2,4,34.0,0,34,20,20,zero,100
llm_single,shock,0,197,0,4,3.0,3,0,6,6,zero,100
llm_single,shock,0,197,1,4,1.0,1,0,3,3,zero,100
llm_single,shock,0,197,2,4,34.0,0,34,20,20,zero,100
llm_single,shock,0,198,0,5,1.0,0,1,0,0,zero,100
llm_single,shock,0,198,1,5,1.0,1,0,15,15,zero,100
llm_single,shock,0,198,2,5,29.0,0,29,0,0,zero,100
llm_single,shock,0,199,0,6,8.0,8,0,6,6,zero,100
llm_single,shock,0,199,1,6,5.0,0,5,0,0,zero,100
llm_single,shock,0,199,2,6,9.0,0,9,20,20,zero,100
llm_single,shock,0,200,0,6,2.0,2,0,10,12,llm_r0_0,100
llm_single,shock,0,200,1,6,3.0,3,0,0,2,llm_r0_0,100
llm_single,shock,0,200,2,6,9.0,9,0,16,17,llm_r0_0,100
llm_single,shock,1,1,0,10,10.0,10,0,10,10,zero,
llm_single,shock,1,1,1,10,10.0,10,0,15,15,zero,
llm_single,shock,1,1,2,10,5.0,5,0,0,0,zero,
llm_single,shock,1,2,0,10,10.0,10,0,10,10,zero,
llm_single,shock,1,2,1,10,10.0,10,0,1,1,zero,
llm_single,shock,1,2,2,10,14.0,14,0,20,20,zero,
llm_single,shock,1,3,0,10,10.0,10,0,10,10,zero,
llm_single,shock,1,3,1,10,10.0,10,0,15,15,zero,
llm_single,shock,1,3,2,10,9.0,9,0,3,3,zero,
llm_single,shock,1,4,0,10,10.0,10,0,10,10,zero,
llm_single,shock,1,4,1,10,10.0,10,0,15,15,zero,
llm_single,shock,1,4,2,10,4.0,4,0,20,20,zero,
llm_single,shock,1,5,0,10,10.0,10,0,9,9,zero,
llm_single,shock,1,5,1,10,16.0,16,0,15,15,zero,
llm_single,shock,1,5,2,10,11.0,0,11,20,20,zero,
llm_single,shock,1,6,0,10,10.0,10,0,9,9,zero,
llm_single,shock,1,6,1,10,8.0,8,0,15,15,zero,
llm_single,shock,1,6,2,10,6.0,0,6,20,20,zero,
llm_single,shock,1,7,0,11,9.0,9,0,9,9,zero,
llm_single,shock,1,7,1,11,14.0,14,0,3,3,zero,
llm_single,shock,1,7,2,11,6.0,0,6,20,20,zero,
llm_single,shock,1,8,0,14,5.0,5,0,19,19,zero,
llm_single,shock,1,8,1,14,10.0,10,0,5,5,zero,
llm_single,shock,1,8,2,14,9.0,9,0,0,0,zero,
llm_single,shock,1,9,0,14,-0.0,0,0,9,9,zero,
llm_single,shock,1,9,1,14,5.0,5,0,15,15,zero,
llm_single,shock,1,9,2,14,14.0,14,0,0,0,zero,
llm_single,shock,1,10,0,16,7.0,0,7,19,19,zero,
llm_single,shock,1,10,1,16,6.0,6,0,15,15,zero,
llm_single,shock,1,10,2,16,19.0,19,0,1,1,zero,
llm_single,shock,1,11,0,16,14.0,0,14,10,10,zero,
llm_single,shock,1,11,1,16,1.0,0,1,15,15,zero,
llm_single,shock,1,11,2,16,24.0,24,0,20,20,zero,
llm_single,shock,1,12,0,15,10.0,0,10,19,19,zero,
llm_single,shock,1,12,1,15,9.0,0,9,15,15,zero,
llm_single,shock,1,12,2,15,9.0,9,0,20,20,zero,
llm_single,shock,1,13,0,14,15.0,0,15,19,19,zero,
llm_single,shock,1,13,1,14,13.0,0,13,18,18,zero,
llm_single,shock,1,13,2,14,9.0,0,9,20,20,zero,
llm_single,shock,1,14,0,14,10.0,0,10,10,10,zero,
llm_single,shock,1,14,1,14,8.0,0,8,18,18,zero,
llm_single,shock,1,14,2,14,26.0,0,26,20,20,zero,
llm_single,shock,1,15,0,17,18.0,0,18,19,19,zero,
llm_single,shock,1,15,1,17,12.0,0,12,18,18,zero,
llm_single,shock,1,15,2,17,24.0,0,24,20,20,zero,
llm_single,shock,1,16,0,16,23.0,0,23,19,19,zero,
llm_single,shock,1,16,1,16,16.0,0,16,18,18,zero,
llm_single,shock,1,16,2,16,22.0,0,22,17,17,zero,
llm_single,shock,1,17,0,18,26.0,0,26,19,19,zero,
llm_single,shock,1,17,1,18,26.0,0,26,18,18,zero,
llm_single,shock,1,17,2,18,20.0,0,20,20,20,zero,
llm_single,shock,1,18,0,17,28.0,0,28,19,19,zero,
llm_single,shock,1,18,1,17,44.0,0,44,18,18,zero,
llm_single,shock,1,18,2,17,18.0,0,18,20,20,zero,
llm_single,shock,1,19,0,18,31.0,0,31,19,19,zero,
llm_single,shock,1,19,1,18,43.0,0,43,18,18,zero,
llm_single,shock,1,19,2,18,16.0,0,16,20,20,zero,
llm_single,shock,1,20,0,17,33.0,0,33,10,10,zero,
llm_single,shock,1,20,1,17,33.0,0,33,18,18,zero,
llm_single,shock,1,20,2,17,17.0,0,17,20,20,zero,
llm_single,shock,1,21,0,18,42.0,0,42,19,19,zero,
llm_single,shock,1,21,1,18,32.0,0,32,3,3,zero,
llm_single,shock,1,21,2,18,-0.0,0,0,20,20,zero,
llm_single,shock,1,22,0,18,59.0,0,59,19,19,zero,
llm_single,shock,1,22,1,18,31.0,0,31,18,18,zero,
llm_single,shock,1,22,2,18,2.0,2,0,16,16,zero,
llm_single,shock,1,23,0,15,54.0,0,54,17,17,zero,
llm_single,shock,1,23,1,15,28.0,0,28,18,18,zero,
llm_single,shock,1,23,2,15,4.0,4,0,1,1,zero,
llm_single,shock,1,24,0,14,48.0,0,48,10,10,zero,
llm_single,shock,1,24,1,14,21.0,0,21,18,18,zero,
llm_single,shock,1,24,2,14,6.0,6,0,16,16,zero,
llm_single,shock,1,25,0,13,41.0,0,41,10,10,zero,
llm_single,shock,1,25,1,13,11.0,0,11,18,18,zero,
llm_single,shock,1,25,2,13,8.0,8,0,20,20,zero,
llm_single,shock,1,26,0,13,34.0,0,34,10,10,zero,
llm_single,shock,1,26,1,13,3.0,0,3,18,18,zero,
llm_single,shock,1,26,2,13,6.0,6,0,20,20,zero,
llm_single,shock,1,27,0,11,25.0,0,25,10,10,zero,
llm_single,shock,1,27,1,11,5.0,5,0,18,18,zero,
llm_single,shock,1,27,2,11,11.0,0,11,20,20,zero,
llm_single,shock,1,28,0,10,18.0,0,18,10,10,zero,
llm_single,shock,1,28,1,10,13.0,13,0,18,18,zero,
llm_single,shock,1,28,2,10,13.0,0,13,20,20,zero,
llm_single,shock,1,29,0,8,6.0,0,6,10,10,zero,
llm_single,shock,1,29,1,8,21.0,21,0,12,12,zero,
llm_single,shock,1,29,2,8,5.0,0,5,16,16,zero,
llm_single,shock,1,30,0,8,4.0,4,0,6,6,zero,
llm_single,shock,1,30,1,8,33.0,33,0,0,0,zero,
llm_single,shock,1,30,2,8,15.0,15,0,16,16,zero,
llm_single,shock,1,31,0,8,9.0,9,0,10,10,zero,
llm_single,shock,1,31,1,8,30.0,30,0,0,0,zero,
llm_single,shock,1,31,2,8,35.0,35,0,0,0,zero,
llm_single,shock,1,32,0,8,11.0,11,0,6,6,zero,
llm_single,shock,1,32,1,8,40.0,40,0,12,12,zero,
llm_single,shock,1,32,2,8,43.0,43,0,0,0,zero,
llm_single,shock,1,33,0,7,14.0,14,0,10,10,zero,
llm_single,shock,1,33,1,7,50.0,50,0,1,1,zero,
llm_single,shock,1,33,2,7,58.0,58,0,0,0,zero,
llm_single,shock,1,34,0,8,12.0,12,0,6,6,zero,
llm_single,shock,1,34,1,8,49.0,49,0,12,12,zero,
llm_single,shock,1,34,2,8,62.0,62,0,0,0,zero,
llm_single,shock,1,35,0,7,15.0,15,0,9,9,zero,
llm_single,shock,1,35,1,7,40.0,40,0,1,1,zero,
llm_single,shock,1,35,2,7,61.0,61,0,0,0,zero,
llm_single,shock,1,36,0,8,13.0,13,0,6,6,zero,
llm_single,shock,1,36,1,8,46.0,46,0,1,1,zero,
llm_single,shock,1,36,2,8,60.0,60,0,0,0,zero,
llm_single,shock,1,37,0,7,16.0,16,0,9,9,zero,
llm_single,shock,1,37,1,7,38.0,38,0,1,1,zero,
llm_single,shock,1,37,2,7,59.0,59,0,0,0,zero,
llm_single,shock,1,38,0,7,15.0,15,0,4,4,zero,
llm_single,shock,1,38,1,7,46.0,46,0,1,1,zero,
llm_single,shock,1,38,2,7,58.0,58,0,0,0,zero,
llm_single,shock,1,39,0,7,17.0,17,0,9,9,zero,
llm_single,shock,1,39,1,7,38.0,38,0,1,1,zero,
llm_single,shock,1,39,2,7,57.0,57,0,0,0,zero,
llm_single,shock,1,40,0,7,16.0,16,0,2,2,zero,
llm_single,shock,1,40,1,7,37.0,37,0,15,15,zero,
llm_single,shock,1,40,2,7,42.0,42,0,0,0,zero,
llm_single,shock,1,41,0,6,19.0,19,0,9,9,zero,
llm_single,shock,1,41,1,6,29.0,29,0,1,1,zero,
llm_single,shock,1,41,2,6,41.0,41,0,0,0,zero,
llm_single,shock,1,42,0,6,17.0,17,0,3,3,zero,
llm_single,shock,1,42,1,6,27.0,27,0,1,1,zero,
llm_single,shock,1,42,2,6,40.0,40,0,0,0,zero,
llm_single,shock,1,43,0,6,20.0,20,0,3,3,zero,
llm_single,shock,1,43,1,6,25.0,25,0,1,1,zero,
llm_single,shock,1,43,2,6,39.0,39,0,0,0,zero,
llm_single,shock,1,44,0,5,17.0,17,0,2,2,zero,
llm_single,shock,1,44,1,5,38.0,38,0,1,1,zero,
llm_single,shock,1,44,2,5,38.0,38,0,0,0,zero,
llm_single,shock,1,45,0,5,21.0,21,0,2,2,zero,
llm_single,shock,1,45,1,5,37.0,37,0,0,0,zero,
llm_single,shock,1,45,2,5,38.0,38,0,0,0,zero,
llm_single,shock,1,46,0,5,19.0,19,0,2,2,zero,
llm_single,shock,1,46,1,5,36.0,36,0,0,0,zero,
llm_single,shock,1,46,2,5,38.0,38,0,0,0,zero,
llm_single,shock,1,47,0,5,17.0,17,0,2,2,zero,
llm_single,shock,1,47,1,5,35.0,35,0,0,0,zero,
llm_single,shock,1,47,2,5,38.0,38,0,0,0,zero,
llm_single,shock,1,48,0,6,13.0,13,0,3,3,zero,
llm_single,shock,1,48,1,6,33.0,33,0,0,0,zero,
llm_single,shock,1,48,2,6,38.0,38,0,0,0,zero,
llm_single,shock,1,49,0,6,9.0,9,0,9,9,zero,
llm_single,shock,1,49,1,6,24.0,24,0,1,1,zero,
llm_single,shock,1,49,2,6,37.0,37,0,0,0,zero,
llm_single,shock,1,50,0,6,5.0,5,0,3,3,zero,
llm_single,shock,1,50,1,6,21.0,21,0,1,1,zero,
llm_single,shock,1,50,2,6,36.0,36,0,0,0,zero,
llm_single,shock,1,51,0,6,1.0,1,0,9,9,zero,
llm_single,shock,1,51,1,6,12.0,12,0,11,11,zero,
llm_single,shock,1,51,2,6,25.0,25,0,0,0,zero,
llm_single,shock,1,52,0,7,3.0,0,3,3,3,zero,
llm_single,shock,1,52,1,7,9.0,9,0,15,15,zero,
llm_single,shock,1,52,2,7,10.0,10,0,0,0,zero,
llm_single,shock,1,53,0,7,1.0,0,1,9,9,zero,
llm_single,shock,1,53,1,7,1.0,1,0,1,1,zero,
llm_single,shock,1,53,2,7,9.0,9,0,20,20,zero,
llm_single,shock,1,54,0,7,5.0,0,5,6,6,zero,
llm_single,shock,1,54,1,7,4.0,0,4,11,11,zero,
llm_single,shock,1,54,2,7,2.0,0,2,3,3,zero,
llm_single,shock,1,55,0,6,2.0,0,2,19,19,zero,
llm_single,shock,1,55,1,6,12.0,0,12,11,11,zero,
llm_single,shock,1,55,2,6,13.0,0,13,20,20,zero,
llm_single,shock,1,56,0,6,5.0,0,5,6,6,zero,
llm_single,shock,1,56,1,6,3.0,0,3,15,15,zero,
llm_single,shock,1,56,2,6,28.0,0,28,20,20,zero,
llm_single,shock,1,57,0,6,2.0,0,2,2,2,zero,
llm_single,shock,1,57,1,6,4.0,0,4,15,15,zero,
llm_single,shock,1,57,2,6,23.0,0,23,20,20,zero,
llm_single,shock,1,58,0,6,6.0,0,6,2,2,zero,
llm_single,shock,1,58,1,6,3.0,3,0,3,3,zero,
llm_single,shock,1,58,2,6,23.0,0,23,20,20,zero,
llm_single,shock,1,59,0,7,2.0,0,2,6,6,zero,
llm_single,shock,1,59,1,7,3.0,0,3,0,0,zero,
llm_single,shock,1,59,2,7,3.0,0,3,0,0,zero,
llm_single,shock,1,60,0,7,6.0,6,0,10,10,zero,
llm_single,shock,1,60,1,7,13.0,0,13,0,0,zero,
llm_single,shock,1,60,2,7,17.0,17,0,0,0,zero,
llm_single,shock,1,61,0,6,1.0,1,0,19,19,zero,
llm_single,shock,1,61,1,6,12.0,0,12,12,12,zero,
llm_single,shock,1,61,2,6,25.0,25,0,0,0,zero,
llm_single,shock,1,62,0,6,1.0,1,0,10,10,zero,
llm_single,shock,1,62,1,6,19.0,0,19,18,18,zero,
llm_single,shock,1,62,2,6,27.0,27,0,0,0,zero,
llm_single,shock,1,63,0,8,4.0,0,4,6,6,zero,
llm_single,shock,1,63,1,8,5.0,0,5,18,18,zero,
llm_single,shock,1,63,2,8,9.0,9,0,20,20,zero,
llm_single,shock,1,64,0,9,13.0,0,13,0,0,zero,
llm_single,shock,1,64,1,9,2.0,0,2,0,0,zero,
llm_single,shock,1,64,2,9,9.0,9,0,20,20,zero,
llm_single,shock,1,65,0,8,1.0,0,1,6,6,zero,
llm_single,shock,1,65,1,8,4.0,4,0,0,0,zero,
llm_single,shock,1,65,2,8,9.0,9,0,0,0,zero,
llm_single,shock,1,66,0,8,6.0,0,6,6,6,zero,
llm_single,shock,1,66,1,8,16.0,16,0,12,12,zero,
llm_single,shock,1,66,2,8,3.0,0,3,0,0,zero,
llm_single,shock,1,67,0,8,6.0,6,0,6,6,zero,
llm_single,shock,1,67,1,8,28.0,28,0,12,12,zero,
llm_single,shock,1,67,2,8,5.0,5,0,0,0,zero,
llm_single,shock,1,68,0,11,2.0,0,2,10,10,zero,
llm_single,shock,1,68,1,11,18.0,18,0,1,1,zero,
llm_single,shock,1,68,2,11,24.0,24,0,5,5,zero,
llm_single,shock,1,69,0,11,5.0,0,5,19,19,zero,
llm_single,shock,1,69,1,11,1.0,0,1,15,15,zero,
llm_single,shock,1,69,2,11,9.0,9,0,0,0,zero,
llm_single,shock,1,70,0,11,10.0,0,10,10,10,zero,70
llm_single,shock,1,70,1,11,2.0,0,2,15,15,zero,70
llm_single,shock,1,70,2,11,6.0,0,6,20,20,zero,70
llm_single,shock,1,71,0,11,15.0,0,15,19,19,zero,70
llm_single,shock,1,71,1,11,6.0,0,6,15,15,zero,70
llm_single,shock,1,71,2,11,21.0,0,21,20,20,zero,70
llm_single,shock,1,72,0,11,16.0,0,16,10,10,zero,70
llm_single,shock,1,72,1,11,15.0,0,15,18,18,zero,70
llm_single,shock,1,72,2,11,34.0,0,34,20,20,zero,70
llm_single,shock,1,73,0,11,9.0,0,9,10,10,zero,70
llm_single,shock,1,73,1,11,10.0,0,10,15,15,zero,70
llm_single,shock,1,73,2,11,49.0,0,49,20,20,zero,70
llm_single,shock,1,74,0,9,9.0,0,9,10,10,zero,70
llm_single,shock,1,74,1,9,11.0,0,11,18,18,zero,70
llm_single,shock,1,74,2,9,47.0,0,47,20,20,zero,70
llm_single,shock,1,75,0,9,3.0,0,3,19,19,zero,70
llm_single,shock,1,75,1,9,30.0,0,30,15,15,zero,70
llm_single,shock,1,75,2,9,42.0,0,42,20,20,zero,70
llm_single,shock,1,76,0,11,13.0,0,13,10,10,zero,70
llm_single,shock,1,76,1,11,35.0,0,35,18,18,zero,70
llm_single,shock,1,76,2,11,40.0,0,40,20,20,zero,70
llm_single,shock,1,77,0,11,9.0,0,9,10,10,zero,70
llm_single,shock,1,77,1,11,45.0,0,45,18,18,zero,70
llm_single,shock,1,77,2,11,38.0,0,38,20,20,zero,70
llm_single,shock,1,78,0,11,11.0,0,11,19,19,zero,70
llm_single,shock,1,78,1,11,44.0,0,44,3,3,zero,70
llm_single,shock,1,78,2,11,21.0,0,21,20,20,zero,70
llm_single,shock,1,79,0,9,20.0,0,20,9,9,zero,70
llm_single,shock,1,79,1,9,33.0,0,33,18,18,zero,70
llm_single,shock,1,79,2,9,19.0,0,19,0,0,zero,70
llm_single,shock,1,80,0,9,24.0,0,24,10,10,zero,70
llm_single,shock,1,80,1,9,23.0,0,23,0,0,zero,70
llm_single,shock,1,80,2,9,1.0,1,0,20,20,zero,70
llm_single,shock,1,81,0,11,35.0,0,35,10,10,zero,70
llm_single,shock,1,81,1,11,13.0,0,13,0,0,zero,70
llm_single,shock,1,81,2,11,21.0,21,0,16,16,zero,70
llm_single,shock,1,82,0,11,26.0,0,26,6,6,zero,70
llm_single,shock,1,82,1,11,1.0,1,0,18,18,zero,70
llm_single,shock,1,82,2,11,23.0,23,0,0,0,zero,70
llm_single,shock,1,83,0,11,17.0,0,17,6,6,zero,70
llm_single,shock,1,83,1,11,15.0,15,0,18,18,zero,70
llm_single,shock,1,83,2,11,5.0,5,0,16,16,zero,70
llm_single,shock,1,84,0,11,8.0,0,8,10,10,zero,70
llm_single,shock,1,84,1,11,24.0,24,0,0,0,zero,70
llm_single,shock,1,84,2,11,25.0,25,0,20,20,zero,70
llm_single,shock,1,85,0,11,1.0,1,0,10,10,zero,70
llm_single,shock,1,85,1,11,14.0,14,0,18,18,zero,70
llm_single,shock,1,85,2,11,23.0,23,0,3,3,zero,70
llm_single,shock,1,86,0,12,8.0,8,0,10,10,zero,70
llm_single,shock,1,86,1,12,22.0,22,0,3,3,zero,70
llm_single,shock,1,86,2,12,20.0,20,0,16,16,zero,70
llm_single,shock,1,87,0,12,2.0,2,0,19,19,zero,70
llm_single,shock,1,87,1,12,21.0,21,0,12,12,zero,70
llm_single,shock,1,87,2,12,24.0,24,0,0,0,zero,70
llm_single,shock,1,88,0,11,1.0,1,0,10,10,zero,70
llm_single,shock,1,88,1,11,11.0,11,0,15,15,zero,70
llm_single,shock,1,88,2,11,29.0,29,0,0,0,zero,70
llm_single,shock,1,89,0,12,1.0,0,1,10,10,zero,70
llm_single,shock,1,89,1,12,19.0,19,0,15,15,zero,70
llm_single,shock,1,89,2,12,17.0,17,0,20,20,zero,70
llm_single,shock,1,90,0,12,3.0,0,3,10,10,zero,70
llm_single,shock,1,90,1,12,12.0,12,0,3,3,zero,70
llm_single,shock,1,90,2,12,30.0,30,0,20,20,zero,70
llm_single,shock,1,91,0,14,2.0,2,0,10,10,zero,70
llm_single,shock,1,91,1,14,14.0,14,0,15,15,zero,70
llm_single,shock,1,91,2,14,15.0,15,0,0,0,zero,70
llm_single,shock,1,92,0,12,-0.0,0,0,19,19,zero,70
llm_single,shock,1,92,1,12,10.0,10,0,3,3,zero,70
llm_single,shock,1,92,2,12,12.0,12,0,3,3,zero,70
llm_single,shock,1,93,0,15,5.0,0,5,9,9,zero,70
llm_single,shock,1,93,1,15,16.0,16,0,15,15,zero,70
llm_single,shock,1,93,2,15,17.0,17,0,0,0,zero,70
llm_single,shock,1,94,0,9,4.0,0,4,19,19,zero,70
llm_single,shock,1,94,1,9,-0.0,0,0,3,3,zero,70
llm_single,shock,1,94,2,9,34.0,34,0,3,3,zero,70
llm_single,shock,1,95,0,9,3.0,0,3,6,6,zero,70
llm_single,shock,1,95,1,9,9.0,9,0,15,15,zero,70
llm_single,shock,1,95,2,9,19.0,19,0,0,0,zero,70
llm_single,shock,1,96,0,9,7.0,7,0,6,6,zero,70
llm_single,shock,1,96,1,9,6.0,6,0,3,3,zero,70
llm_single,shock,1,96,2,9,19.0,19,0,20,20,zero,70
llm_single,shock,1,97,0,8,8.0,8,0,6,6,zero,70
llm_single,shock,1,97,1,8,15.0,15,0,15,15,zero,70
llm_single,shock,1,97,2,8,4.0,4,0,3,3,zero,70
llm_single,shock,1,98,0,8,19.0,19,0,6,6,zero,70
llm_single,shock,1,98,1,8,12.0,12,0,0,0,zero,70
llm_single,shock,1,98,2,8,7.0,7,0,20,20,zero,70
llm_single,shock,1,99,0,7,18.0,18,0,6,6,zero,70
llm_single,shock,1,99,1,7,21.0,21,0,1,1,zero,70
llm_single,shock,1,99,2,7,6.0,6,0,3,3,zero,70
llm_single,shock,1,100,0,7,17.0,17,0,6,6,zero,70
llm_single,shock,1,100,1,7,18.0,18,0,1,1,zero,70
llm_single,shock,1,100,2,7,25.0,25,0,0,0,zero,70
llm_single,shock,1,101,0,7,16.0,16,0,6,6,zero,70
llm_single,shock,1,101,1,7,27.0,27,0,1,1,zero,70
llm_single,shock,1,101,2,7,27.0,27,0,0,0,zero,70
llm_single,shock,1,102,0,8,14.0,14,0,4,4,zero,70
llm_single,shock,1,102,1,8,23.0,23,0,15,15,zero,70
llm_single,shock,1,102,2,8,32.0,32,0,0,0,zero,70
llm_single,shock,1,103,0,7,13.0,13,0,9,9,zero,70
llm_single,shock,1,103,1,7,15.0,15,0,1,1,zero,70
llm_single,shock,1,103,2,7,34.0,34,0,1,1,zero,70
llm_single,shock,1,104,0,8,11.0,11,0,9,9,zero,70
llm_single,shock,1,104,1,8,7.0,7,0,15,15,zero,70
llm_single,shock,1,104,2,8,19.0,19,0,0,0,zero,70
llm_single,shock,1,105,0,8,9.0,9,0,9,9,zero,70
llm_single,shock,1,105,1,8,1.0,0,1,3,3,zero,70
llm_single,shock,1,105,2,8,16.0,16,0,20,20,zero,70
llm_single,shock,1,106,0,8,5.0,5,0,4,4,zero,70
llm_single,shock,1,106,1,8,10.0,10,0,15,15,zero,70
llm_single,shock,1,106,2,8,1.0,1,0,3,3,zero,70
llm_single,shock,1,107,0,8,6.0,6,0,10,10,zero,70
llm_single,shock,1,107,1,8,1.0,1,0,1,1,zero,70
llm_single,shock,1,107,2,8,1.0,1,0,20,20,zero,70
llm_single,shock,1,108,0,8,7.0,7,0,6,6,zero,70
llm_single,shock,1,108,1,8,10.0,10,0,15,15,zero,70
llm_single,shock,1,108,2,8,14.0,0,14,20,20,zero,70
llm_single,shock,1,109,0,8,7.0,7,0,9,9,zero,70
llm_single,shock,1,109,1,8,4.0,4,0,15,15,zero,70
llm_single,shock,1,109,2,8,9.0,0,9,20,20,zero,70
llm_single,shock,1,110,0,8,4.0,4,0,6,6,zero,70
llm_single,shock,1,110,1,8,13.0,13,0,15,15,zero,70
llm_single,shock,1,110,2,8,21.0,0,21,16,16,zero,70
llm_single,shock,1,111,0,9,5.0,5,0,9,9,zero,70
llm_single,shock,1,111,1,9,5.0,5,0,15,15,zero,70
llm_single,shock,1,111,2,9,16.0,0,16,16,16,zero,70
llm_single,shock,1,112,0,9,2.0,2,0,9,9,zero,70
llm_single,shock,1,112,1,9,3.0,0,3,1,1,zero,70
llm_single,shock,1,112,2,9,3.0,3,0,16,16,zero,70
llm_single,shock,1,113,0,10,1.0,1,0,19,19,zero,70
llm_single,shock,1,113,1,10,2.0,0,2,1,1,zero,70
llm_single,shock,1,113,2,10,22.0,22,0,0,0,zero,70
llm_single,shock,1,114,0,11,4.0,0,4,9,9,zero,70
llm_single,shock,1,114,1,11,8.0,0,8,15,15,zero,70
llm_single,shock,1,114,2,11,23.0,23,0,0,0,zero,70
llm_single,shock,1,115,0,10,5.0,0,5,9,9,zero,70
llm_single,shock,1,115,1,10,3.0,3,0,15,15,zero,70
llm_single,shock,1,115,2,10,24.0,24,0,16,16,zero,70
llm_single,shock,1,116,0,10,9.0,0,9,6,6,zero,70
llm_single,shock,1,116,1,10,14.0,14,0,15,15,zero,70
llm_single,shock,1,116,2,10,25.0,25,0,20,20,zero,70
llm_single,shock,1,117,0,11,-0.0,0,0,10,10,zero,70
llm_single,shock,1,117,1,11,5.0,5,0,3,3,zero,70
llm_single,shock,1,117,2,11,22.0,22,0,20,20,zero,70
llm_single,shock,1,118,0,12,9.0,0,9,10,10,zero,70
llm_single,shock,1,118,1,12,10.0,10,0,15,15,zero,70
llm_single,shock,1,118,2,12,7.0,7,0,0,0,zero,70
llm_single,shock,1,119,0,14,6.0,0,6,10,10,zero,70
llm_single,shock,1,119,1,14,15.0,15,0,15,15,zero,70
llm_single,shock,1,119,2,14,8.0,8,0,0,0,zero,70
llm_single,shock,1,120,0,14,14.0,0,14,19,20,llm_r0_0,70
llm_single,shock,1,120,1,14,10.0,10,0,15,15,llm_r0_0,70
llm_single,shock,1,120,2,14,13.0,13,0,20,20,llm_r0_0,70
llm_single,shock,1,121,0,14,18.0,0,18,10,12,llm_r0_0,70
llm_single,shock,1,121,1,14,1.0,1,0,15,15,llm_r0_0,70
llm_single,shock,1,121,2,14,18.0,18,0,20,20,llm_r0_0,70
llm_single,shock,1,122,0,17,25.0,0,25,19,20,llm_r0_0,70
llm_single,shock,1,122,1,17,4.0,0,4,15,15,llm_r0_0,70
llm_single,shock,1,122,2,17,3.0,3,0,20,20,llm_r0_0,70
llm_single,shock,1,123,0,20,35.0,0,35,19,20,llm_r0_0,70
llm_single,shock,1,123,1,20,9.0,0,9,18,20,llm_r0_0,70
llm_single,shock,1,123,2,20,17.0,0,17,20,20,llm_r0_0,70
llm_single,shock,1,124,0,18,33.0,0,33,19,20,llm_r0_0,70
llm_single,shock,1,124,1,18,14.0,0,14,18,20,llm_r0_0,70
llm_single,shock,1,124,2,18,17.0,0,17,20,20,llm_r0_0,70
llm_single,shock,1,125,0,17,38.0,0,38,19,19,zero,70
llm_single,shock,1,125,1,17,18.0,0,18,18,18,zero,70
llm_single,shock,1,125,2,17,15.0,0,15,20,20,zero,70
llm_single,shock,1,126,0,17,39.0,0,39,19,19,zero,70
llm_single,shock,1,126,1,17,22.0,0,22,18,18,zero,70
llm_single,shock,1,126,2,17,13.0,0,13,17,17,zero,70
llm_single,shock,1,127,0,16,40.0,0,40,19,19,zero,70
llm_single,shock,1,127,1,16,38.0,0,38,18,18,zero,70
llm_single,shock,1,127,2,16,11.0,0,11,20,20,zero,70
llm_single,shock,1,128,0,17,42.0,0,42,19,19,zero,70
llm_single,shock,1,128,1,17,37.0,0,37,18,18,zero,70
llm_single,shock,1,128,2,17,9.0,0,9,20,20,zero,70
llm_single,shock,1,129,0,19,46.0,0,46,10,10,zero,70
llm_single,shock,1,129,1,19,27.0,0,27,18,18,zero,70
llm_single,shock,1,129,2,19,7.0,0,7,20,20,zero,70
llm_single,shock,1,130,0,20,51.0,0,51,19,20,llm_r0_0,70
llm_single,shock,1,130,1,20,27.0,0,27,3,6,llm_r0_0,70
llm_single,shock,1,130,2,20,4.0,4,0,20,20,llm_r0_0,70
llm_single,shock,1,131,0,19,67.0,0,67,17,20,llm_r0_0,70
llm_single,shock,1,131,1,19,27.0,0,27,18,20,llm_r0_0,70
llm_single,shock,1,131,2,19,4.0,4,0,1,4,llm_r0_0,70
llm_single,shock,1,132,0,20,67.0,0,67,17,20,llm_r0_0,70
llm_single,shock,1,132,1,20,27.0,0,27,18,20,llm_r0_0,70
llm_single,shock,1,132,2,20,4.0,4,0,16,19,llm_r0_0,70
llm_single,shock,1,133,0,20,67.0,0,67,17,20,llm_r0_0,70
llm_single,shock,1,133,1,20,27.0,0,27,18,20,llm_r0_0,70
llm_single,shock,1,133,2,20,4.0,4,0,20,20,llm_r0_0,70
llm_single,shock,1,134,0,20,67.0,0,67,17,20,llm_r0_0,70
llm_single,shock,1,134,1,20,34.0,0,34,18,20,llm_r0_0,70
llm_single,shock,1,134,2,20,4.0,4,0,20,20,llm_r0_0,70
llm_single,shock,1,135,0,20,67.0,0,67,17,17,zero,70
llm_single,shock,1,135,1,20,31.0,0,31,18,18,zero,70
llm_single,shock,1,135,2,20,10.0,0,10,20,20,zero,70
llm_single,shock,1,136,0,20,67.0,0,67,17,17,zero,70
llm_single,shock,1,136,1,20,28.0,0,28,18,18,zero,70
llm_single,shock,1,136,2,20,9.0,0,9,20,20,zero,70
llm_single,shock,1,137,0,20,67.0,0,67,17,17,zero,70
llm_single,shock,1,137,1,20,25.0,0,25,18,18,zero,70
llm_single,shock,1,137,2,20,7.0,0,7,16,16,zero,70
llm_single,shock,1,138,0,20,74.0,0,74,17,17,zero,70
llm_single,shock,1,138,1,20,22.0,0,22,18,18,zero,70
llm_single,shock,1,138,2,20,5.0,0,5,16,16,zero,70
llm_single,shock,1,139,0,20,74.0,0,74,17,17,zero,70
llm_single,shock,1,139,1,20,31.0,0,31,18,18,zero,70
llm_single,shock,1,139,2,20,3.0,0,3,20,20,zero,70
llm_single,shock,1,140,0,20,74.0,0,74,17,17,zero,70
llm_single,shock,1,140,1,20,29.0,0,29,18,18,zero,70
llm_single,shock,1,140,2,20,1.0,0,1,20,20,zero,70
llm_single,shock,1,141,0,20,74.0,0,74,17,17,zero,70
llm_single,shock,1,141,1,20,26.0,0,26,18,18,zero,70
llm_single,shock,1,141,2,20,3.0,0,3,20,20,zero,70
llm_single,shock,1,142,0,20,74.0,0,74,17,17,zero,70
llm_single,shock,1,142,1,20,23.0,0,23,18,18,zero,70
llm_single,shock,1,142,2,20,5.0,0,5,16,16,zero,70
llm_single,shock,1,143,0,20,86.0,0,86,17,17,zero,70
llm_single,shock,1,143,1,20,20.0,0,20,18,18,zero,70
llm_single,shock,1,143,2,20,3.0,0,3,16,16,zero,70
llm_single,shock,1,144,0,20,87.0,0,87,17,17,zero,70
llm_single,shock,1,144,1,20,17.0,0,17,18,18,zero,70
llm_single,shock,1,144,2,20,1.0,0,1,20,20,zero,70
llm_single,shock,1,145,0,20,87.0,0,87,17,17,zero,70
llm_single,shock,1,145,1,20,18.0,0,18,18,18,zero,70
llm_single,shock,1,145,2,20,1.0,1,0,20,20,zero,70
llm_single,shock,1,146,0,20,87.0,0,87,17,17,zero,70
llm_single,shock,1,146,1,20,19.0,0,19,18,18,zero,70
llm_single,shock,1,146,2,20,1.0,0,1,16,16,zero,70
llm_single,shock,1,147,0,20,87.0,0,87,17,17,zero,70
llm_single,shock,1,147,1,20,16.0,0,16,18,18,zero,70
llm_single,shock,1,147,2,20,3.0,0,3,16,16,zero,70
llm_single,shock,1,148,0,20,87.0,0,87,17,17,zero,70
llm_single,shock,1,148,1,20,13.0,0,13,18,18,zero,70
llm_single,shock,1,148,2,20,1.0,0,1,16,16,zero,70
llm_single,shock,1,149,0,20,91.0,0,91,17,17,zero,70
llm_single,shock,1,149,1,20,11.0,0,11,18,18,zero,70
llm_single,shock,1,149,2,20,1.0,1,0,20,20,zero,70
llm_single,shock,1,150,0,20,95.0,0,95,17,17,zero,70
llm_single,shock,1,150,1,20,11.0,0,11,18,18,zero,70
llm_single,shock,1,150,2,20,1.0,0,1,20,20,zero,70
llm_single,shock,1,151,0,20,95.0,0,95,17,17,zero,70
llm_single,shock,1,151,1,20,12.0,0,12,18,18,zero,70
llm_single,shock,1,151,2,20,3.0,0,3,20,20,zero,70
llm_single,shock,1,152,0,20,95.0,0,95,17,17,zero,70
llm_single,shock,1,152,1,20,9.0,0,9,18,18,zero,70
llm_single,shock,1,152,2,20,5.0,0,5,16,16,zero,70
llm_single,shock,1,153,0,20,96.0,0,96,17,17,zero,70
llm_single,shock,1,153,1,20,7.0,0,7,18,18,zero,70
llm_single,shock,1,153,2,20,3.0,0,3,16,16,zero,70
llm_single,shock,1,154,0,20,99.0,0,99,17,17,zero,70
llm_single,shock,1,154,1,20,7.0,0,7,18,18,zero,70
llm_single,shock,1,154,2,20,1.0,0,1,20,20,zero,70
llm_single,shock,1,155,0,20,103.0,0,103,17,17,zero,70
llm_single,shock,1,155,1,20,8.0,0,8,18,18,zero,70
llm_single,shock,1,155,2,20,1.0,1,0,20,20,zero,70
llm_single,shock,1,156,0,20,103.0,0,103,17,17,zero,70
llm_single,shock,1,156,1,20,9.0,0,9,18,18,zero,70
llm_single,shock,1,156,2,20,1.0,0,1,16,16,zero,70
llm_single,shock,1,157,0,20,104.0,0,104,17,17,zero,70
llm_single,shock,1,157,1,20,6.0,0,6,18,18,zero,70
llm_single,shock,1,157,2,20,3.0,0,3,16,16,zero,70
llm_single,shock,1,158,0,20,107.0,0,107,17,17,zero,70
llm_single,shock,1,158,1,20,3.0,0,3,18,18,zero,70
llm_single,shock,1,158,2,20,1.0,0,1,16,16,zero,70
llm_single,shock,1,159,0,20,111.0,0,111,17,17,zero,70
llm_single,shock,1,159,1,20,1.0,0,1,18,18,zero,70
llm_single,shock,1,159,2,20,1.0,1,0,20,20,zero,70
llm_single,shock,1,160,0,20,115.0,0,115,17,17,zero,70
llm_single,shock,1,160,1,20,1.0,0,1,18,18,zero,70
llm_single,shock,1,160,2,20,1.0,0,1,20,20,zero,70
llm_single,shock,1,161,0,20,115.0,0,115,17,17,zero,70
llm_single,shock,1,161,1,20,2.0,0,2,18,18,zero,70
llm_single,shock,1,161,2,20,3.0,0,3,20,20,zero,70
llm_single,shock,1,162,0,20,115.0,0,115,17,17,zero,70
llm_single,shock,1,162,1,20,1.0,1,0,18,18,zero,70
llm_single,shock,1,162,2,20,5.0,0,5,16,16,zero,70
llm_single,shock,1,163,0,20,116.0,0,116,17,17,zero,70
llm_single,shock,1,163,1,20,3.0,3,0,18,18,zero,70
llm_single,shock,1,163,2,20,3.0,0,3,16,16,zero,70
llm_single,shock,1,164,0,20,119.0,0,119,17,17,zero,70
llm_single,shock,1,164,1,20,3.0,3,0,18,18,zero,70
llm_single,shock,1,164,2,20,1.0,0,1,20,20,zero,70
llm_single,shock,1,165,0,20,123.0,0,123,17,17,zero,70
llm_single,shock,1,165,1,20,2.0,2,0,18,18,zero,70
llm_single,shock,1,165,2,20,1.0,1,0,20,20,zero,70
llm_single,shock,1,166,0,20,124.0,0,124,17,17,zero,70
llm_single,shock,1,166,1,20,1.0,1,0,18,18,zero,70
llm_single,shock,1,166,2,20,1.0,0,1,16,16,zero,70
llm_single,shock,1,167,0,20,127.0,0,127,17,17,zero,70
llm_single,shock,1,167,1,20,4.0,4,0,18,18,zero,70
llm_single,shock,1,167,2,20,3.0,0,3,16,16,zero,70
llm_single,shock,1,168,0,20,130.0,0,130,17,17,zero,70
llm_single,shock,1,168,1,20,7.0,7,0,18,18,zero,70
llm_single,shock,1,168,2,20,1.0,0,1,16,16,zero,70
llm_single,shock,1,169,0,20,133.0,0,133,17,17,zero,70
llm_single,shock,1,169,1,20,9.0,9,0,18,18,zero,70
llm_single,shock,1,169,2,20,1.0,1,0,20,20,zero,70
llm_single,shock,1,170,0,20,136.0,0,136,17,17,zero,70
llm_single,shock,1,170,1,20,9.0,9,0,18,18,zero,70
llm_single,shock,1,170,2,20,1.0,0,1,20,20,zero,70
llm_single,shock,1,171,0,20,139.0,0,139,17,17,zero,70
llm_single,shock,1,171,1,20,8.0,8,0,18,18,zero,70
llm_single,shock,1,171,2,20,3.0,0,3,20,20,zero,70
llm_single,shock,1,172,0,19,141.0,0,141,17,17,zero,70
llm_single,shock,1,172,1,19,11.0,11,0,18,18,zero,70
llm_single,shock,1,172,2,19,5.0,0,5,16,16,zero,70
llm_single,shock,1,173,0,19,143.0,0,143,17,17,zero,70
llm_single,shock,1,173,1,19,13.0,13,0,18,18,zero,70
llm_single,shock,1,173,2,19,3.0,0,3,16,16,zero,70
llm_single,shock,1,174,0,18,144.0,0,144,17,17,zero,70
llm_single,shock,1,174,1,18,13.0,13,0,18,18,zero,70
llm_single,shock,1,174,2,18,1.0,0,1,20,20,zero,70
llm_single,shock,1,175,0,16,143.0,0,143,17,17,zero,70
llm_single,shock,1,175,1,16,12.0,12,0,18,18,zero,70
llm_single,shock,1,175,2,16,1.0,1,0,20,20,zero,70
llm_single,shock,1,176,0,17,143.0,0,143,17,17,zero,70
llm_single,shock,1,176,1,17,11.0,11,0,18,18,zero,70
llm_single,shock,1,176,2,17,1.0,0,1,16,16,zero,70
llm_single,shock,1,177,0,16,142.0,0,142,17,17,zero,70
llm_single,shock,1,177,1,16,14.0,14,0,18,18,zero,70
llm_single,shock,1,177,2,16,3.0,0,3,16,16,zero,70
llm_single,shock,1,178,0,17,142.0,0,142,17,17,zero,70
llm_single,shock,1,178,1,17,17.0,17,0,18,18,zero,70
llm_single,shock,1,178,2,17,1.0,0,1,20,20,zero,70
llm_single,shock,1,179,0,17,142.0,0,142,17,17,zero,70
llm_single,shock,1,179,1,17,19.0,19,0,15,15,zero,70
llm_single,shock,1,179,2,17,4.0,4,0,20,20,zero,70
llm_single,shock,1,180,0,19,144.0,0,144,17,17,zero,70
llm_single,shock,1,180,1,19,19.0,19,0,15,15,zero,70
llm_single,shock,1,180,2,19,5.0,5,0,16,16,zero,70
llm_single,shock,1,181,0,20,147.0,0,147,17,17,zero,70
llm_single,shock,1,181,1,20,18.0,18,0,15,15,zero,70
llm_single,shock,1,181,2,20,6.0,6,0,1,1,zero,70
llm_single,shock,1,182,0,19,149.0,0,149,17,17,zero,70
llm_single,shock,1,182,1,19,21.0,21,0,15,15,zero,70
llm_single,shock,1,182,2,19,11.0,11,0,16,16,zero,70
llm_single,shock,1,183,0,20,152.0,0,152,17,17,zero,70
llm_single,shock,1,183,1,20,20.0,20,0,15,15,zero,70
llm_single,shock,1,183,2,20,16.0,16,0,20,20,zero,70
llm_single,shock,1,184,0,20,155.0,0,155,17,17,zero,70
llm_single,shock,1,184,1,20,18.0,18,0,15,15,zero,70
llm_single,shock,1,184,2,20,17.0,17,0,20,20,zero,70
llm_single,shock,1,185,0,20,158.0,0,158,17,17,zero,70
llm_single,shock,1,185,1,20,16.0,16,0,15,15,zero,70
llm_single,shock,1,185,2,20,3.0,3,0,20,20,zero,70
llm_single,shock,1,186,0,20,161.0,0,161,17,17,zero,70
llm_single,shock,1,186,1,20,14.0,14,0,15,15,zero,70
llm_single,shock,1,186,2,20,4.0,4,0,0,0,zero,70
llm_single,shock,1,187,0,20,164.0,0,164,17,17,zero,70
llm_single,shock,1,187,1,20,12.0,12,0,15,15,zero,70
llm_single,shock,1,187,2,20,9.0,9,0,0,0,zero,70
llm_single,shock,1,188,0,20,167.0,0,167,17,17,zero,70
llm_single,shock,1,188,1,20,10.0,10,0,15,15,zero,70
llm_single,shock,1,188,2,20,14.0,14,0,20,20,zero,70
llm_single,shock,1,189,0,20,170.0,0,170,17,17,zero,70
llm_single,shock,1,189,1,20,8.0,8,0,15,15,zero,70
llm_single,shock,1,189,2,20,19.0,19,0,20,20,zero,70
llm_single,shock,1,190,0,20,173.0,0,173,17,17,zero,70
llm_single,shock,1,190,1,20,6.0,6,0,15,15,zero,70
llm_single,shock,1,190,2,20,4.0,4,0,20,20,zero,70
llm_single,shock,1,191,0,20,176.0,0,176,17,17,zero,70
llm_single,shock,1,191,1,20,4.0,4,0,15,15,zero,70
llm_single,shock,1,191,2,20,11.0,0,11,20,20,zero,70
llm_single,shock,1,192,0,20,179.0,0,179,17,17,zero,70
llm_single,shock,1,192,1,20,2.0,2,0,15,15,zero,70
llm_single,shock,1,192,2,20,6.0,0,6,0,0,zero,70
llm_single,shock,1,193,0,20,182.0,0,182,17,17,zero,70
llm_single,shock,1,193,1,20,-0.0,0,0,15,15,zero,70
llm_single,shock,1,193,2,20,1.0,0,1,17,17,zero,70
llm_single,shock,1,194,0,20,185.0,0,185,17,17,zero,70
llm_single,shock,1,194,1,20,2.0,0,2,18,18,zero,70
llm_single,shock,1,194,2,20,1.0,1,0,20,20,zero,70
llm_single,shock,1,195,0,20,188.0,0,188,17,17,zero,70
llm_single,shock,1,195,1,20,15.0,0,15,18,18,zero,70
llm_single,shock,1,195,2,20,3.0,3,0,20,20,zero,70
llm_single,shock,1,196,0,20,191.0,0,191,17,17,zero,70
llm_single,shock,1,196,1,20,12.0,0,12,18,18,zero,70
llm_single,shock,1,196,2,20,15.0,0,15,20,20,zero,70
llm_single,shock,1,197,0,20,194.0,0,194,17,17,zero,70
llm_single,shock,1,197,1,20,9.0,0,9,18,18,zero,70
llm_single,shock,1,197,2,20,16.0,0,16,20,20,zero,70
llm_single,shock,1,198,0,20,199.0,0,199,17,17,zero,70
llm_single,shock,1,198,1,20,7.0,0,7,18,18,zero,70
llm_single,shock,1,198,2,20,14.0,0,14,16,16,zero,70
llm_single,shock,1,199,0,20,215.0,0,215,17,17,zero,70
llm_single,shock,1,199,1,20,6.0,0,6,18,18,zero,70
llm_single,shock,1,199,2,20,12.0,0,12,20,20,zero,70
llm_single,shock,1,200,0,20,215.0,0,215,17,17,zero,70
llm_single,shock,1,200,1,20,20.0,0,20,18,18,zero,70
llm_single,shock,1,200,2,20,10.0,0,10,20,20,zero,70
llm_iterative,base,0,1,0,10,10.0,10,0,10,10,zero,
llm_iterative,base,0,1,1,10,10.0,10,0,15,15,zero,
llm_iterative,base,0,1,2,10,5.0,5,0,0,0,zero,
llm_iterative,base,0,2,0,10,10.0,10,0,10,10,zero,
llm_iterative,base,0,2,1,10,10.0,10,0,1,1,zero,
llm_iterative,base,0,2,2,10,14.0,14,0,20,20,zero,
llm_iterative,base,0,3,0,8,12.0,12,0,10,10,zero,
llm_iterative,base,0,3,1,8,10.0,10,0,15,15,zero,
llm_iterative,base,0,3,2,8,9.0,9,0,3,3,zero,
llm_iterative,base,0,4,0,8,14.0,14,0,2,2,zero,
llm_iterative,base,0,4,1,8,18.0,18,0,15,15,zero,
llm_iterative,base,0,4,2,8,4.0,4,0,20,20,zero,
llm_iterative,base,0,5,0,8,16.0,16,0,6,6,zero,
llm_iterative,base,0,5,1,8,27.0,27,0,0,0,zero,
llm_iterative,base,0,5,2,8,4.0,4,0,20,20,zero,
llm_iterative,base,0,6,0,8,18.0,18,0,6,6,zero,
llm_iterative,base,0,6,1,8,22.0,22,0,1,1,zero,
llm_iterative,base,0,6,2,8,23.0,23,0,0,0,zero,
llm_iterative,base,0,7,0,9,19.0,19,0,9,9,zero,
llm_iterative,base,0,7,1,9,28.0,28,0,1,1,zero,
llm_iterative,base,0,7,2,9,25.0,25,0,0,0,zero,
llm_iterative,base,0,8,0,8,13.0,13,0,9,9,zero,
llm_iterative,base,0,8,1,8,34.0,34,0,1,1,zero,
llm_iterative,base,0,8,2,8,44.0,44,0,0,0,zero,
llm_iterative,base,0,9,0,7,12.0,12,0,4,4,zero,
llm_iterative,base,0,9,1,7,30.0,30,0,15,15,zero,
llm_iterative,base,0,9,2,7,49.0,49,0,0,0,zero,
llm_iterative,base,0,10,0,8,10.0,10,0,4,4,zero,
llm_iterative,base,0,10,1,8,27.0,27,0,1,1,zero,
llm_iterative,base,0,10,2,8,48.0,48,0,0,0,zero,
llm_iterative,base,0,11,0,8,11.0,11,0,10,10,zero,
llm_iterative,base,0,11,1,8,18.0,18,0,1,1,zero,
llm_iterative,base,0,11,2,8,47.0,47,0,0,0,zero,
llm_iterative,base,0,12,0,9,11.0,11,0,6,6,zero,
llm_iterative,base,0,12,1,9,13.0,13,0,11,11,zero,
llm_iterative,base,0,12,2,9,36.0,36,0,0,0,zero,
llm_iterative,base,0,13,0,8,7.0,7,0,9,9,zero,
llm_iterative,base,0,13,1,8,19.0,19,0,1,1,zero,
llm_iterative,base,0,13,2,8,35.0,35,0,0,0,zero,
llm_iterative,base,0,14,0,9,2.0,2,0,9,9,zero,
llm_iterative,base,0,14,1,9,11.0,11,0,15,15,zero,
llm_iterative,base,0,14,2,9,20.0,20,0,0,0,zero,
llm_iterative,base,0,15,0,9,3.0,3,0,9,9,zero,
llm_iterative,base,0,15,1,9,3.0,3,0,3,3,zero,
llm_iterative,base,0,15,2,9,17.0,17,0,16,16,zero,
llm_iterative,base,0,16,0,10,1.0,0,1,9,9,zero,
llm_iterative,base,0,16,1,10,5.0,5,0,15,15,zero,
llm_iterative,base,0,16,2,10,2.0,2,0,3,3,zero,
llm_iterative,base,0,17,0,10,2.0,0,2,10,10,zero,
llm_iterative,base,0,17,1,10,4.0,0,4,3,3,zero,
llm_iterative,base,0,17,2,10,1.0,0,1,20,20,zero,
llm_iterative,base,0,18,0,9,2.0,0,2,10,10,zero,
llm_iterative,base,0,18,1,9,1.0,1,0,15,15,zero,
llm_iterative,base,0,18,2,9,16.0,0,16,20,20,zero,
llm_iterative,base,0,19,0,8,1.0,0,1,10,10,zero,
llm_iterative,base,0,19,1,8,6.0,0,6,15,15,zero,
llm_iterative,base,0,19,2,8,15.0,0,15,20,20,zero,
llm_iterative,base,0,20,0,10,2.0,0,2,10,10,zero,
llm_iterative,base,0,20,1,10,1.0,0,1,15,15,zero,
llm_iterative,base,0,20,2,10,27.0,0,27,16,16,zero,
llm_iterative,base,0,21,0,10,6.0,0,6,6,6,zero,
llm_iterative,base,0,21,1,10,5.0,0,5,15,15,zero,
llm_iterative,base,0,21,2,10,22.0,0,22,16,16,zero,
llm_iterative,base,0,22,0,10,2.0,0,2,19,19,zero,
llm_iterative,base,0,22,1,10,24.0,0,24,3,3,zero,
llm_iterative,base,0,22,2,10,5.0,0,5,16,16,zero,
llm_iterative,base,0,23,0,11,9.0,0,9,10,10,zero,
llm_iterative,base,0,23,1,11,18.0,0,18,15,15,zero,
llm_iterative,base,0,23,2,11,-0.0,0,0,1,1,zero,
llm_iterative,base,0,24,0,9,3.0,0,3,10,10,zero,
llm_iterative,base,0,24,1,9,25.0,0,25,3,3,zero,
llm_iterative,base,0,24,2,9,13.0,13,0,16,16,zero,
llm_iterative,base,0,25,0,9,10.0,0,10,19,19,zero,
llm_iterative,base,0,25,1,9,24.0,0,24,3,3,zero,
llm_iterative,base,0,25,2,9,26.0,26,0,1,1,zero,
llm_iterative,base,0,26,0,8,18.0,0,18,10,10,zero,
llm_iterative,base,0,26,1,8,14.0,0,14,18,18,zero,
llm_iterative,base,0,26,2,8,24.0,24,0,0,0,zero,
llm_iterative,base,0,27,0,10,12.0,0,12,2,2,zero,
llm_iterative,base,0,27,1,10,4.0,4,0,18,18,zero,
llm_iterative,base,0,27,2,10,7.0,7,0,20,20,zero,
llm_iterative,base,0,28,0,10,19.0,0,19,6,6,zero,
llm_iterative,base,0,28,1,10,1.0,1,0,0,0,zero,
llm_iterative,base,0,28,2,10,23.0,23,0,20,20,zero,
llm_iterative,base,0,29,0,10,9.0,0,9,6,6,zero,
llm_iterative,base,0,29,1,10,2.0,0,2,0,0,zero,
llm_iterative,base,0,29,2,10,24.0,24,0,0,0,zero,
llm_iterative,base,0,30,0,9,2.0,2,0,10,10,zero,
llm_iterative,base,0,30,1,9,6.0,6,0,12,12,zero,
llm_iterative,base,0,30,2,9,12.0,12,0,0,0,zero,
llm_iterative,base,0,31,0,9,9.0,9,0,10,10,zero,
llm_iterative,base,0,31,1,9,14.0,14,0,18,18,zero,
llm_iterative,base,0,31,2,9,14.0,14,0,0,0,zero,
llm_iterative,base,0,32,0,9,6.0,6,0,19,19,zero,
llm_iterative,base,0,32,1,9,5.0,0,5,15,15,zero,
llm_iterative,base,0,32,2,9,19.0,19,0,20,20,zero,
llm_iterative,base,0,33,0,9,1.0,1,0,6,6,zero,
llm_iterative,base,0,33,1,9,11.0,0,11,18,18,zero,
llm_iterative,base,0,33,2,9,1.0,1,0,20,20,zero,
llm_iterative,base,0,34,0,9,4.0,4,0,6,6,zero,
llm_iterative,base,0,34,1,9,5.0,0,5,3,3,zero,
llm_iterative,base,0,34,2,9,2.0,0,2,20,20,zero,
llm_iterative,base,0,35,0,10,4.0,4,0,6,6,zero,
llm_iterative,base,0,35,1,10,7.0,7,0,18,18,zero,
llm_iterative,base,0,35,2,10,20.0,0,20,0,0,zero,
llm_iterative,base,0,36,0,9,9.0,9,0,10,10,zero,
llm_iterative,base,0,36,1,9,12.0,12,0,12,12,zero,
llm_iterative,base,0,36,2,9,12.0,0,12,20,20,zero,
llm_iterative,base,0,37,0,10,1.0,0,1,6,6,zero,
llm_iterative,base,0,37,1,10,24.0,24,0,12,12,zero,
llm_iterative,base,0,37,2,10,4.0,0,4,20,20,zero,
llm_iterative,base,0,38,0,10,1.0,1,0,10,10,zero,
llm_iterative,base,0,38,1,10,15.0,15,0,3,3,zero,
llm_iterative,base,0,38,2,10,13.0,13,0,16,16,zero,
llm_iterative,base,0,39,0,9,3.0,3,0,10,10,zero,
llm_iterative,base,0,39,1,9,5.0,5,0,1,1,zero,
llm_iterative,base,0,39,2,9,12.0,12,0,0,0,zero,
llm_iterative,base,0,40,0,8,5.0,5,0,9,9,zero,
llm_iterative,base,0,40,1,8,16.0,16,0,12,12,zero,
llm_iterative,base,0,40,2,8,20.0,20,0,0,0,zero,
llm_iterative,base,0,41,0,8,3.0,3,0,6,6,zero,
llm_iterative,base,0,41,1,8,30.0,30,0,15,15,zero,
llm_iterative,base,0,41,2,8,25.0,25,0,0,0,zero,
llm_iterative,base,0,42,0,9,4.0,4,0,6,6,zero,
llm_iterative,base,0,42,1,9,31.0,31,0,3,3,zero,
llm_iterative,base,0,42,2,9,38.0,38,0,20,20,zero,
llm_iterative,base,0,43,0,10,4.0,4,0,10,10,zero,
llm_iterative,base,0,43,1,10,22.0,22,0,1,1,zero,
llm_iterative,base,0,43,2,10,37.0,37,0,0,0,zero,
llm_iterative,base,0,44,0,9,4.0,4,0,19,19,zero,
llm_iterative,base,0,44,1,9,15.0,15,0,15,15,zero,
llm_iterative,base,0,44,2,9,22.0,22,0,0,0,zero,
llm_iterative,base,0,45,0,10,-0.0,0,0,9,9,zero,
llm_iterative,base,0,45,1,10,21.0,21,0,15,15,zero,
llm_iterative,base,0,45,2,10,7.0,7,0,1,1,zero,
llm_iterative,base,0,46,0,10,4.0,0,4,6,6,zero,
llm_iterative,base,0,46,1,10,18.0,18,0,15,15,zero,
llm_iterative,base,0,46,2,10,12.0,12,0,20,20,zero,
llm_iterative,base,0,47,0,10,4.0,0,4,6,6,zero,
llm_iterative,base,0,47,1,10,13.0,13,0,3,3,zero,
llm_iterative,base,0,47,2,10,9.0,9,0,20,20,zero,
llm_iterative,base,0,48,0,10,5.0,5,0,10,10,zero,
llm_iterative,base,0,48,1,10,18.0,18,0,1,1,zero,
llm_iterative,base,0,48,2,10,8.0,8,0,0,0,zero,
llm_iterative,base,0,49,0,12,2.0,2,0,19,19,zero,
llm_iterative,base,0,49,1,12,14.0,14,0,5,5,zero,
llm_iterative,base,0,49,2,12,4.0,4,0,0,0,zero,
llm_iterative,base,0,50,0,11,3.0,0,3,9,9,zero,
llm_iterative,base,0,50,1,11,20.0,20,0,15,15,zero,
llm_iterative,base,0,50,2,11,9.0,9,0,0,0,zero,
llm_iterative,base,0,51,0,13,10.0,0,10,10,10,zero,
llm_iterative,base,0,51,1,13,13.0,13,0,15,15,zero,
llm_iterative,base,0,51,2,13,14.0,14,0,0,0,zero,
llm_iterative,base,0,52,0,12,12.0,0,12,10,10,zero,
llm_iterative,base,0,52,1,12,4.0,4,0,15,15,zero,
llm_iterative,base,0,52,2,12,1.0,0,1,20,20,zero,
llm_iterative,base,0,53,0,11,4.0,0,4,10,10,zero,
llm_iterative,base,0,53,1,11,1.0,0,1,3,3,zero,
llm_iterative,base,0,53,2,11,4.0,0,4,20,20,zero,
llm_iterative,base,0,54,0,11,6.0,0,6,19,19,zero,
llm_iterative,base,0,54,1,11,5.0,0,5,15,15,zero,
llm_iterative,base,0,54,2,11,19.0,0,19,0,0,zero,
llm_iterative,base,0,55,0,10,6.0,0,6,10,10,zero,
llm_iterative,base,0,55,1,10,-0.0,0,0,15,15,zero,
llm_iterative,base,0,55,2,10,34.0,0,34,20,20,zero,
llm_iterative,base,0,56,0,11,7.0,0,7,10,10,zero,
llm_iterative,base,0,56,1,11,4.0,4,0,15,15,zero,
llm_iterative,base,0,56,2,11,29.0,0,29,20,20,zero,
llm_iterative,base,0,57,0,11,9.0,0,9,10,10,zero,
llm_iterative,base,0,57,1,11,6.0,0,6,15,15,zero,
llm_iterative,base,0,57,2,11,24.0,0,24,20,20,zero,
llm_iterative,base,0,58,0,12,6.0,0,6,10,10,zero,
llm_iterative,base,0,58,1,12,16.0,0,16,3,3,zero,
llm_iterative,base,0,58,2,12,27.0,0,27,20,20,zero,
llm_iterative,base,0,59,0,10,1.0,0,1,19,19,zero,
llm_iterative,base,0,59,1,10,35.0,0,35,18,18,zero,
llm_iterative,base,0,59,2,10,25.0,0,25,0,0,zero,
llm_iterative,base,0,60,0,11,2.0,0,2,19,19,zero,
llm_iterative,base,0,60,1,11,34.0,0,34,18,18,zero,
llm_iterative,base,0,60,2,11,23.0,0,23,20,20,zero,
llm_iterative,base,0,61,0,11,9.0,0,9,9,9,zero,
llm_iterative,base,0,61,1,11,23.0,0,23,18,18,zero,
llm_iterative,base,0,61,2,11,21.0,0,21,20,20,zero,
llm_iterative,base,0,62,0,11,20.0,0,20,10,10,zero,
llm_iterative,base,0,62,1,11,33.0,0,33,18,18,zero,
llm_iterative,base,0,62,2,11,19.0,0,19,20,20,zero,
llm_iterative,base,0,63,0,11,31.0,0,31,17,17,zero,
llm_iterative,base,0,63,1,11,30.0,0,30,0,0,zero,
llm_iterative,base,0,63,2,11,19.0,0,19,20,20,zero,
llm_iterative,base,0,64,0,10,21.0,0,21,10,10,zero,
llm_iterative,base,0,64,1,10,20.0,0,20,18,18,zero,
llm_iterative,base,0,64,2,10,17.0,0,17,0,0,zero,
llm_iterative,base,0,65,0,10,11.0,0,11,6,6,zero,
llm_iterative,base,0,65,1,10,6.0,0,6,18,18,zero,
llm_iterative,base,0,65,2,10,15.0,0,15,20,20,zero,
llm_iterative,base,0,66,0,9,20.0,0,20,6,6,zero,
llm_iterative,base,0,66,1,9,8.0,8,0,18,18,zero,
llm_iterative,base,0,66,2,9,13.0,0,13,20,20,zero,
llm_iterative,base,0,67,0,8,8.0,0,8,6,6,zero,
llm_iterative,base,0,67,1,8,2.0,2,0,0,0,zero,
llm_iterative,base,0,67,2,8,7.0,7,0,20,20,zero,
llm_iterative,base,0,68,0,9,3.0,3,0,6,6,zero,
llm_iterative,base,0,68,1,9,16.0,16,0,0,0,zero,
llm_iterative,base,0,68,2,9,7.0,7,0,3,3,zero,
llm_iterative,base,0,69,0,10,13.0,13,0,6,6,zero,
llm_iterative,base,0,69,1,10,30.0,30,0,0,0,zero,
llm_iterative,base,0,69,2,10,27.0,27,0,0,0,zero,
llm_iterative,base,0,70,0,9,16.0,16,0,19,19,zero,
llm_iterative,base,0,70,1,9,31.0,31,0,0,0,zero,
llm_iterative,base,0,70,2,9,47.0,47,0,0,0,zero,
llm_iterative,base,0,71,0,9,13.0,13,0,9,9,zero,
llm_iterative,base,0,71,1,9,35.0,35,0,18,18,zero,
llm_iterative,base,0,71,2,9,49.0,49,0,0,0,zero,
llm_iterative,base,0,72,0,9,10.0,10,0,10,10,zero,
llm_iterative,base,0,72,1,9,25.0,25,0,15,15,zero,
llm_iterative,base,0,72,2,9,37.0,37,0,0,0,zero,
llm_iterative,base,0,73,0,9,7.0,7,0,6,6,zero,
llm_iterative,base,0,73,1,9,19.0,19,0,15,15,zero,
llm_iterative,base,0,73,2,9,22.0,22,0,20,20,zero,
llm_iterative,base,0,74,0,9,17.0,17,0,6,6,zero,
llm_iterative,base,0,74,1,9,13.0,13,0,3,3,zero,
llm_iterative,base,0,74,2,9,19.0,19,0,20,20,zero,
llm_iterative,base,0,75,0,9,17.0,17,0,6,6,zero,
llm_iterative,base,0,75,1,9,25.0,25,0,1,1,zero,
llm_iterative,base,0,75,2,9,18.0,18,0,0,0,zero,
llm_iterative,base,0,76,0,8,19.0,19,0,9,9,zero,
llm_iterative,base,0,76,1,8,31.0,31,0,1,1,zero,
llm_iterative,base,0,76,2,8,17.0,17,0,0,0,zero,
llm_iterative,base,0,77,0,8,17.0,17,0,9,9,zero,
llm_iterative,base,0,77,1,8,37.0,37,0,1,1,zero,
llm_iterative,base,0,77,2,8,36.0,36,0,0,0,zero,
llm_iterative,base,0,78,0,8,15.0,15,0,4,4,zero,
llm_iterative,base,0,78,1,8,36.0,36,0,15,15,zero,
llm_iterative,base,0,78,2,8,41.0,41,0,0,0,zero,
llm_iterative,base,0,79,0,8,13.0,13,0,9,9,zero,
llm_iterative,base,0,79,1,8,28.0,28,0,1,1,zero,
llm_iterative,base,0,79,2,8,40.0,40,0,0,0,zero,
llm_iterative,base,0,80,0,8,14.0,14,0,4,4,zero,
llm_iterative,base,0,80,1,8,25.0,25,0,15,15,zero,
llm_iterative,base,0,80,2,8,25.0,25,0,0,0,zero,
llm_iterative,base,0,81,0,9,14.0,14,0,9,9,zero,
llm_iterative,base,0,81,1,9,17.0,17,0,1,1,zero,
llm_iterative,base,0,81,2,9,24.0,24,0,16,16,zero,
llm_iterative,base,0,82,0,9,9.0,9,0,9,9,zero,
llm_iterative,base,0,82,1,9,23.0,23,0,1,1,zero,
llm_iterative,base,0,82,2,9,23.0,23,0,0,0,zero,
llm_iterative,base,0,83,0,8,10.0,10,0,9,9,zero,
llm_iterative,base,0,83,1,8,15.0,15,0,1,1,zero,
llm_iterative,base,0,83,2,8,22.0,22,0,0,0,zero,
llm_iterative,base,0,84,0,8,6.0,6,0,9,9,zero,
llm_iterative,base,0,84,1,8,21.0,21,0,15,15,zero,
llm_iterative,base,0,84,2,8,7.0,7,0,0,0,zero,
llm_iterative,base,0,85,0,9,6.0,6,0,2,2,zero,
llm_iterative,base,0,85,1,9,20.0,20,0,15,15,zero,
llm_iterative,base,0,85,2,9,8.0,8,0,0,0,zero,
llm_iterative,base,0,86,0,9,6.0,6,0,10,10,zero,
llm_iterative,base,0,86,1,9,11.0,11,0,1,1,zero,
llm_iterative,base,0,86,2,9,7.0,7,0,20,20,zero,
llm_iterative,base,0,87,0,10,5.0,5,0,10,10,zero,
llm_iterative,base,0,87,1,10,2.0,2,0,1,1,zero,
llm_iterative,base,0,87,2,10,6.0,6,0,20,20,zero,
llm_iterative,base,0,88,0,9,5.0,5,0,9,9,zero,
llm_iterative,base,0,88,1,9,8.0,8,0,15,15,zero,
llm_iterative,base,0,88,2,9,9.0,0,9,0,0,zero,
llm_iterative,base,0,89,0,10,3.0,0,3,9,9,zero,
llm_iterative,base,0,89,1,10,14.0,14,0,15,15,zero,
llm_iterative,base,0,89,2,10,24.0,0,24,0,0,zero,
llm_iterative,base,0,90,0,10,3.0,0,3,10,10,zero,
llm_iterative,base,0,90,1,10,5.0,5,0,15,15,zero,
llm_iterative,base,0,90,2,10,19.0,0,19,20,20,zero,
llm_iterative,base,0,91,0,9,2.0,0,2,10,10,zero,
llm_iterative,base,0,91,1,9,4.0,0,4,11,11,zero,
llm_iterative,base,0,91,2,9,10.0,0,10,20,20,zero,
llm_iterative,base,0,92,0,10,3.0,0,3,10,10,zero,
llm_iterative,base,0,92,1,10,8.0,0,8,11,11,zero,
llm_iterative,base,0,92,2,10,21.0,0,21,20,20,zero,
llm_iterative,base,0,93,0,8,2.0,0,2,10,10,zero,
llm_iterative,base,0,93,1,8,18.0,0,18,15,15,zero,
llm_iterative,base,0,93,2,8,36.0,0,36,20,20,zero,
llm_iterative,base,0,94,0,8,-0.0,0,0,10,10,zero,
llm_iterative,base,0,94,1,8,8.0,0,8,15,15,zero,
llm_iterative,base,0,94,2,8,31.0,0,31,17,17,zero,
llm_iterative,base,0,95,0,8,2.0,0,2,6,6,zero,
llm_iterative,base,0,95,1,8,6.0,6,0,15,15,zero,
llm_iterative,base,0,95,2,8,26.0,0,26,20,20,zero,
llm_iterative,base,0,96,0,9,5.0,0,5,6,6,zero,
llm_iterative,base,0,96,1,9,-0.0,0,0,3,3,zero,
llm_iterative,base,0,96,2,9,9.0,0,9,16,16,zero,
llm_iterative,base,0,97,0,8,13.0,0,13,6,6,zero,
llm_iterative,base,0,97,1,8,6.0,0,6,0,0,zero,
llm_iterative,base,0,97,2,8,11.0,11,0,0,0,zero,
llm_iterative,base,0,98,0,7,-0.0,0,0,6,6,zero,
llm_iterative,base,0,98,1,7,8.0,8,0,0,0,zero,
llm_iterative,base,0,98,2,7,28.0,28,0,0,0,zero,
llm_iterative,base,0,99,0,8,6.0,6,0,6,6,zero,
llm_iterative,base,0,99,1,8,22.0,22,0,1,1,zero,
llm_iterative,base,0,99,2,8,47.0,47,0,0,0,zero,
llm_iterative,base,0,100,0,8,4.0,4,0,19,19,zero,
llm_iterative,base,0,100,1,8,23.0,23,0,1,1,zero,
llm_iterative,base,0,100,2,8,62.0,62,0,0,0,zero,
llm_iterative,base,0,101,0,7,3.0,0,3,6,6,zero,
llm_iterative,base,0,101,1,7,26.0,26,0,18,18,zero,
llm_iterative,base,0,101,2,7,44.0,44,0,0,0,zero,
llm_iterative,base,0,102,0,7,2.0,2,0,2,2,zero,
llm_iterative,base,0,102,1,7,24.0,24,0,15,15,zero,
llm_iterative,base,0,102,2,7,29.0,29,0,1,1,zero,
llm_iterative,base,0,103,0,7,1.0,1,0,6,6,zero,
llm_iterative,base,0,103,1,7,19.0,19,0,1,1,zero,
llm_iterative,base,0,103,2,7,28.0,28,0,20,20,zero,
llm_iterative,base,0,104,0,7,13.0,13,0,6,6,zero,
llm_iterative,base,0,104,1,7,14.0,14,0,1,1,zero,
llm_iterative,base,0,104,2,7,27.0,27,0,0,0,zero,
llm_iterative,base,0,105,0,7,12.0,12,0,9,9,zero,
llm_iterative,base,0,105,1,7,23.0,23,0,1,1,zero,
llm_iterative,base,0,105,2,7,26.0,26,0,0,0,zero,
llm_iterative,base,0,106,0,7,7.0,7,0,9,9,zero,
llm_iterative,base,0,106,1,7,29.0,29,0,12,12,zero,
llm_iterative,base,0,106,2,7,15.0,15,0,0,0,zero,
llm_iterative,base,0,107,0,6,7.0,7,0,2,2,zero,
llm_iterative,base,0,107,1,6,28.0,28,0,15,15,zero,
llm_iterative,base,0,107,2,6,20.0,20,0,0,0,zero,
llm_iterative,base,0,108,0,6,7.0,7,0,6,6,zero,
llm_iterative,base,0,108,1,6,23.0,23,0,1,1,zero,
llm_iterative,base,0,108,2,6,19.0,19,0,20,20,zero,
llm_iterative,base,0,109,0,6,10.0,10,0,6,6,zero,
llm_iterative,base,0,109,1,6,18.0,18,0,1,1,zero,
llm_iterative,base,0,109,2,6,18.0,18,0,0,0,zero,
llm_iterative,base,0,110,0,6,13.0,13,0,6,6,zero,
llm_iterative,base,0,110,1,6,24.0,24,0,1,1,zero,
llm_iterative,base,0,110,2,6,17.0,17,0,0,0,zero,
llm_iterative,base,0,111,0,7,8.0,8,0,2,2,zero,
llm_iterative,base,0,111,1,7,37.0,37,0,1,1,zero,
llm_iterative,base,0,111,2,7,16.0,16,0,0,0,zero,
llm_iterative,base,0,112,0,7,7.0,7,0,9,9,zero,
llm_iterative,base,0,112,1,7,29.0,29,0,1,1,zero,
llm_iterative,base,0,112,2,7,35.0,35,0,0,0,zero,
llm_iterative,base,0,113,0,6,7.0,7,0,9,9,zero,
llm_iterative,base,0,113,1,6,21.0,21,0,1,1,zero,
llm_iterative,base,0,113,2,6,34.0,34,0,0,0,zero,
llm_iterative,base,0,114,0,7,6.0,6,0,2,2,zero,
llm_iterative,base,0,114,1,7,20.0,20,0,15,15,zero,
llm_iterative,base,0,114,2,7,19.0,19,0,0,0,zero,
llm_iterative,base,0,115,0,6,2.0,2,0,6,6,zero,
llm_iterative,base,0,115,1,6,15.0,15,0,1,1,zero,
llm_iterative,base,0,115,2,6,18.0,18,0,1,1,zero,
llm_iterative,base,0,116,0,5,6.0,6,0,6,6,zero,
llm_iterative,base,0,116,1,5,10.0,10,0,1,1,zero,
llm_iterative,base,0,116,2,5,17.0,17,0,0,0,zero,
llm_iterative,base,0,117,0,5,10.0,10,0,6,6,zero,
llm_iterative,base,0,117,1,5,5.0,5,0,1,1,zero,
llm_iterative,base,0,117,2,5,16.0,16,0,0,0,zero,
llm_iterative,base,0,118,0,5,7.0,7,0,2,2,zero,
llm_iterative,base,0,118,1,5,18.0,18,0,1,1,zero,
llm_iterative,base,0,118,2,5,15.0,15,0,0,0,zero,
llm_iterative,base,0,119,0,4,9.0,9,0,6,6,zero,
llm_iterative,base,0,119,1,4,13.0,13,0,1,1,zero,
llm_iterative,base,0,119,2,4,15.0,15,0,0,0,zero,
llm_iterative,base,0,120,0,3,12.0,12,0,2,2,zero,
llm_iterative,base,0,120,1,3,12.0,12,0,15,15,zero,
llm_iterative,base,0,120,2,3,-0.0,0,0,0,0,zero,
llm_iterative,base,0,121,0,3,15.0,15,0,0,0,zero,
llm_iterative,base,0,121,1,3,13.0,13,0,1,1,zero,
llm_iterative,base,0,121,2,3,1.0,0,1,20,20,zero,
llm_iterative,base,0,122,0,2,15.0,15,0,0,0,zero,
llm_iterative,base,0,122,1,2,14.0,14,0,0,0,zero,
llm_iterative,base,0,122,2,2,1.0,0,1,2,2,zero,
llm_iterative,base,0,123,0,2,19.0,19,0,0,0,zero,
llm_iterative,base,0,123,1,2,15.0,15,0,0,0,zero,
llm_iterative,base,0,123,2,2,1.0,0,1,0,0,zero,
llm_iterative,base,0,124,0,3,18.0,18,0,0,0,zero,
llm_iterative,base,0,124,1,3,30.0,30,0,0,0,zero,
llm_iterative,base,0,124,2,3,1.0,0,1,0,0,zero,
llm_iterative,base,0,125,0,3,15.0,15,0,0,0,zero,
llm_iterative,base,0,125,1,3,30.0,30,0,0,0,zero,
llm_iterative,base,0,125,2,3,19.0,19,0,0,0,zero,
llm_iterative,base,0,126,0,3,12.0,12,0,2,2,zero,
llm_iterative,base,0,126,1,3,28.0,28,0,0,0,zero,
llm_iterative,base,0,126,2,3,21.0,21,0,0,0,zero,
llm_iterative,base,0,127,0,3,9.0,9,0,2,2,zero,
llm_iterative,base,0,127,1,3,26.0,26,0,0,0,zero,
llm_iterative,base,0,127,2,3,21.0,21,0,0,0,zero,
llm_iterative,base,0,128,0,3,6.0,6,0,2,2,zero,
llm_iterative,base,0,128,1,3,24.0,24,0,0,0,zero,
llm_iterative,base,0,128,2,3,21.0,21,0,0,0,zero,
llm_iterative,base,0,129,0,3,3.0,3,0,2,2,zero,
llm_iterative,base,0,129,1,3,23.0,23,0,0,0,zero,
llm_iterative,base,0,129,2,3,21.0,21,0,0,0,zero,
llm_iterative,base,0,130,0,3,2.0,2,0,2,2,zero,
llm_iterative,base,0,130,1,3,21.0,21,0,1,1,zero,
llm_iterative,base,0,130,2,3,20.0,20,0,0,0,zero,
llm_iterative,base,0,131,0,2,2.0,2,0,2,2,zero,
llm_iterative,base,0,131,1,2,19.0,19,0,1,1,zero,
llm_iterative,base,0,131,2,2,19.0,19,0,0,0,zero,
llm_iterative,base,0,132,0,2,2.0,2,0,2,2,zero,
llm_iterative,base,0,132,1,2,17.0,17,0,1,1,zero,
llm_iterative,base,0,132,2,2,18.0,18,0,0,0,zero,
llm_iterative,base,0,133,0,2,2.0,2,0,0,0,zero,
llm_iterative,base,0,133,1,2,17.0,17,0,1,1,zero,
llm_iterative,base,0,133,2,2,17.0,17,0,0,0,zero,
llm_iterative,base,0,134,0,3,1.0,1,0,0,0,zero,
llm_iterative,base,0,134,1,3,18.0,18,0,0,0,zero,
llm_iterative,base,0,134,2,3,17.0,17,0,0,0,zero,
llm_iterative,base,0,135,0,2,1.0,1,0,6,6,zero,
llm_iterative,base,0,135,1,2,13.0,13,0,0,0,zero,
llm_iterative,base,0,135,2,2,17.0,17,0,0,0,zero,
llm_iterative,base,0,136,0,3,-0.0,0,0,2,2,zero,
llm_iterative,base,0,136,1,3,12.0,12,0,1,1,zero,
llm_iterative,base,0,136,2,3,16.0,16,0,0,0,zero,
llm_iterative,base,0,137,0,3,3.0,0,3,6,6,zero,
llm_iterative,base,0,137,1,3,7.0,7,0,1,1,zero,
llm_iterative,base,0,137,2,3,15.0,15,0,0,0,zero,
llm_iterative,base,0,138,0,2,5.0,0,5,0,0,zero,
llm_iterative,base,0,138,1,2,7.0,7,0,15,15,zero,
llm_iterative,base,0,138,2,2,-0.0,0,0,0,0,zero,
llm_iterative,base,0,139,0,2,1.0,0,1,6,6,zero,
llm_iterative,base,0,139,1,2,1.0,1,0,1,1,zero,
llm_iterative,base,0,139,2,2,1.0,0,1,1,1,zero,
llm_iterative,base,0,140,0,3,2.0,0,2,0,0,zero,
llm_iterative,base,0,140,1,3,2.0,2,0,15,15,zero,
llm_iterative,base,0,140,2,3,16.0,0,16,20,20,zero,
llm_iterative,base,0,141,0,2,2.0,2,0,6,6,zero,
llm_iterative,base,0,141,1,2,3.0,0,3,1,1,zero,
llm_iterative,base,0,141,2,2,17.0,0,17,20,20,zero,
llm_iterative,base,0,142,0,3,1.0,0,1,0,0,zero,
llm_iterative,base,0,142,1,3,12.0,12,0,5,5,zero,
llm_iterative,base,0,142,2,3,22.0,0,22,3,3,zero,
llm_iterative,base,0,143,0,3,2.0,2,0,2,2,zero,
llm_iterative,base,0,143,1,3,10.0,10,0,1,1,zero,
llm_iterative,base,0,143,2,3,22.0,0,22,0,0,zero,
llm_iterative,base,0,144,0,3,1.0,0,1,6,6,zero,
llm_iterative,base,0,144,1,3,4.0,4,0,1,1,zero,
llm_iterative,base,0,144,2,3,3.0,0,3,0,0,zero,
llm_iterative,base,0,145,0,2,-0.0,0,0,0,0,zero,
llm_iterative,base,0,145,1,2,4.0,4,0,0,0,zero,
llm_iterative,base,0,145,2,2,17.0,17,0,0,0,zero,
llm_iterative,base,0,146,0,2,1.0,1,0,0,0,zero,
llm_iterative,base,0,146,1,2,4.0,4,0,0,0,zero,
llm_iterative,base,0,146,2,2,20.0,20,0,0,0,zero,
llm_iterative,base,0,147,0,2,1.0,1,0,0,0,zero,
llm_iterative,base,0,147,1,2,5.0,5,0,0,0,zero,
llm_iterative,base,0,147,2,2,20.0,20,0,0,0,zero,
llm_iterative,base,0,148,0,2,5.0,5,0,6,6,zero,
llm_iterative,base,0,148,1,2,19.0,19,0,0,0,zero,
llm_iterative,base,0,148,2,2,20.0,20,0,0,0,zero,
llm_iterative,base,0,149,0,2,3.0,3,0,0,0,zero,
llm_iterative,base,0,149,1,2,22.0,22,0,1,1,zero,
llm_iterative,base,0,149,2,2,19.0,19,0,0,0,zero,
llm_iterative,base,0,150,0,3,-0.0,0,0,6,6,zero,
llm_iterative,base,0,150,1,3,16.0,16,0,0,0,zero,
llm_iterative,base,0,150,2,3,19.0,19,0,0,0,zero,
llm_iterative,base,0,151,0,3,3.0,0,3,0,0,zero,
llm_iterative,base,0,151,1,3,16.0,16,0,1,1,zero,
llm_iterative,base,0,151,2,3,18.0,18,0,0,0,zero,
llm_iterative,base,0,152,0,3,-0.0,0,0,6,6,zero,
llm_iterative,base,0,152,1,3,10.0,10,0,1,1,zero,
llm_iterative,base,0,152,2,3,17.0,17,0,0,0,zero,
llm_iterative,base,0,153,0,3,3.0,0,3,0,0,zero,
llm_iterative,base,0,153,1,3,11.0,11,0,15,15,zero,
llm_iterative,base,0,153,2,3,2.0,2,0,0,0,zero,
llm_iterative,base,0,154,0,3,-0.0,0,0,6,6,zero,
llm_iterative,base,0,154,1,3,5.0,5,0,1,1,zero,
llm_iterative,base,0,154,2,3,1.0,1,0,1,1,zero,
llm_iterative,base,0,155,0,4,4.0,0,4,2,2,zero,
llm_iterative,base,0,155,1,4,4.0,4,0,1,1,zero,
llm_iterative,base,0,155,2,4,-0.0,0,0,20,20,zero,
llm_iterative,base,0,156,0,3,1.0,0,1,6,6,zero,
llm_iterative,base,0,156,1,3,1.0,0,1,1,1,zero,
llm_iterative,base,0,156,2,3,1.0,0,1,20,20,zero,
llm_iterative,base,0,157,0,3,4.0,0,4,2,2,zero,
llm_iterative,base,0,157,1,3,12.0,12,0,5,5,zero,
llm_iterative,base,0,157,2,3,6.0,0,6,0,0,zero,
llm_iterative,base,0,158,0,3,1.0,0,1,6,6,zero,
llm_iterative,base,0,158,1,3,7.0,7,0,1,1,zero,
llm_iterative,base,0,158,2,3,6.0,0,6,0,0,zero,
llm_iterative,base,0,159,0,3,2.0,0,2,0,0,zero,
llm_iterative,base,0,159,1,3,8.0,8,0,15,15,zero,
llm_iterative,base,0,159,2,3,1.0,0,1,0,0,zero,
llm_iterative,base,0,160,0,3,-0.0,0,0,6,6,zero,
llm_iterative,base,0,160,1,3,2.0,2,0,1,1,zero,
llm_iterative,base,0,160,2,3,18.0,18,0,0,0,zero,
llm_iterative,base,0,161,0,4,1.0,0,1,0,0,zero,
llm_iterative,base,0,161,1,4,2.0,2,0,5,5,zero,
llm_iterative,base,0,161,2,4,13.0,13,0,0,0,zero,
llm_iterative,base,0,162,0,4,1.0,1,0,6,6,zero,
llm_iterative,base,0,162,1,4,3.0,0,3,1,1,zero,
llm_iterative,base,0,162,2,4,12.0,12,0,20,20,zero,
llm_iterative,base,0,163,0,4,3.0,0,3,6,6,zero,
llm_iterative,base,0,163,1,4,11.0,11,0,1,1,zero,
llm_iterative,base,0,163,2,4,11.0,11,0,0,0,zero,
llm_iterative,base,0,164,0,3,-0.0,0,0,2,2,zero,
llm_iterative,base,0,164,1,3,11.0,11,0,15,15,zero,
llm_iterative,base,0,164,2,3,4.0,0,4,0,0,zero,
llm_iterative,base,0,165,0,3,3.0,0,3,2,2,zero,
llm_iterative,base,0,165,1,3,14.0,14,0,1,1,zero,
llm_iterative,base,0,165,2,3,5.0,0,5,1,1,zero,
llm_iterative,base,0,166,0,3,3.0,0,3,6,6,zero,
llm_iterative,base,0,166,1,3,9.0,9,0,1,1,zero,
llm_iterative,base,0,166,2,3,14.0,14,0,4,4,zero,
llm_iterative,base,0,167,0,3,3.0,3,0,2,2,zero,
llm_iterative,base,0,167,1,3,8.0,8,0,1,1,zero,
llm_iterative,base,0,167,2,3,13.0,13,0,0,0,zero,
llm_iterative,base,0,168,0,3,2.0,2,0,6,6,zero,
llm_iterative,base,0,168,1,3,13.0,13,0,1,1,zero,
llm_iterative,base,0,168,2,3,12.0,12,0,0,0,zero,
llm_iterative,base,0,169,0,3,1.0,1,0,0,0,zero,
llm_iterative,base,0,169,1,3,13.0,13,0,1,1,zero,
llm_iterative,base,0,169,2,3,12.0,12,0,0,0,zero,
llm_iterative,base,0,170,0,3,4.0,4,0,0,0,zero,
llm_iterative,base,0,170,1,3,19.0,19,0,1,1,zero,
llm_iterative,base,0,170,2,3,15.0,15,0,0,0,zero,
llm_iterative,base,0,171,0,3,3.0,3,0,6,6,zero,
llm_iterative,base,0,171,1,3,14.0,14,0,0,0,zero,
llm_iterative,base,0,171,2,3,15.0,15,0,0,0,zero,
llm_iterative,base,0,172,0,3,6.0,6,0,0,0,zero,
llm_iterative,base,0,172,1,3,15.0,15,0,1,1,zero,
llm_iterative,base,0,172,2,3,14.0,14,0,0,0,zero,
llm_iterative,base,0,173,0,3,3.0,3,0,6,6,zero,
llm_iterative,base,0,173,1,3,10.0,10,0,1,1,zero,
llm_iterative,base,0,173,2,3,13.0,13,0,0,0,zero,
llm_iterative,base,0,174,0,3,-0.0,0,0,2,2,zero,
llm_iterative,base,0,174,1,3,9.0,9,0,15,15,zero,
llm_iterative,base,0,174,2,3,2.0,0,2,0,0,zero,
llm_iterative,base,0,175,0,3,3.0,3,0,0,0,zero,
llm_iterative,base,0,175,1,3,9.0,9,0,1,1,zero,
llm_iterative,base,0,175,2,3,3.0,0,3,20,20,zero,
llm_iterative,base,0,176,0,2,1.0,1,0,2,2,zero,
llm_iterative,base,0,176,1,2,8.0,8,0,0,0,zero,
llm_iterative,base,0,176,2,2,3.0,0,3,3,3,zero,
llm_iterative,base,0,177,0,3,4.0,4,0,2,2,zero,
llm_iterative,base,0,177,1,3,7.0,7,0,0,0,zero,
llm_iterative,base,0,177,2,3,3.0,0,3,0,0,zero,
llm_iterative,base,0,178,0,3,3.0,3,0,6,6,zero,
llm_iterative,base,0,178,1,3,14.0,14,0,0,0,zero,
llm_iterative,base,0,178,2,3,3.0,0,3,0,0,zero,
llm_iterative,base,0,179,0,3,-0.0,0,0,2,2,zero,
llm_iterative,base,0,179,1,3,12.0,12,0,1,1,zero,
llm_iterative,base,0,179,2,3,16.0,16,0,0,0,zero,
llm_iterative,base,0,180,0,3,1.0,0,1,0,0,zero,
llm_iterative,base,0,180,1,3,12.0,12,0,1,1,zero,
llm_iterative,base,0,180,2,3,18.0,18,0,0,0,zero,
llm_iterative,base,0,181,0,3,2.0,0,2,6,6,zero,
llm_iterative,base,0,181,1,3,6.0,6,0,1,1,zero,
llm_iterative,base,0,181,2,3,17.0,17,0,0,0,zero,
llm_iterative,base,0,182,0,3,1.0,1,0,2,2,zero,
llm_iterative,base,0,182,1,3,4.0,4,0,15,15,zero,
llm_iterative,base,0,182,2,3,2.0,2,0,0,0,zero,
llm_iterative,base,0,183,0,3,-0.0,0,0,6,6,zero,
llm_iterative,base,0,183,1,3,2.0,2,0,0,0,zero,
llm_iterative,base,0,183,2,3,2.0,2,0,20,20,zero,
llm_iterative,base,0,184,0,4,4.0,0,4,0,0,zero,
llm_iterative,base,0,184,1,4,3.0,3,0,15,15,zero,
llm_iterative,base,0,184,2,4,13.0,0,13,2,2,zero,
llm_iterative,base,0,185,0,4,2.0,0,2,6,6,zero,
llm_iterative,base,0,185,1,4,2.0,0,2,1,1,zero,
llm_iterative,base,0,185,2,4,14.0,0,14,20,20,zero,
llm_iterative,base,0,186,0,4,4.0,0,4,6,6,zero,
llm_iterative,base,0,186,1,4,7.0,7,0,5,5,zero,
llm_iterative,base,0,186,2,4,19.0,0,19,20,20,zero,
llm_iterative,base,0,187,0,5,3.0,0,3,6,6,zero,
llm_iterative,base,0,187,1,5,1.0,1,0,15,15,zero,
llm_iterative,base,0,187,2,5,14.0,0,14,0,0,zero,
llm_iterative,base,0,188,0,5,8.0,0,8,10,10,zero,
llm_iterative,base,0,188,1,5,7.0,0,7,3,3,zero,
llm_iterative,base,0,188,2,5,15.0,0,15,16,16,zero,
llm_iterative,base,0,189,0,4,8.0,0,8,10,10,zero,
llm_iterative,base,0,189,1,4,17.0,0,17,15,15,zero,
llm_iterative,base,0,189,2,4,10.0,0,10,16,16,zero,
llm_iterative,base,0,190,0,4,4.0,0,4,10,10,zero,
llm_iterative,base,0,190,1,4,27.0,0,27,15,15,zero,
llm_iterative,base,0,190,2,4,5.0,0,5,20,20,zero,
llm_iterative,base,0,191,0,4,2.0,0,2,10,10,zero,
llm_iterative,base,0,191,1,4,17.0,0,17,3,3,zero,
llm_iterative,base,0,191,2,4,8.0,0,8,20,20,zero,
llm_iterative,base,0,192,0,4,3.0,0,3,6,6,zero,
llm_iterative,base,0,192,1,4,21.0,0,21,18,18,zero,
llm_iterative,base,0,192,2,4,10.0,0,10,0,0,zero,
llm_iterative,base,0,193,0,5,8.0,0,8,6,6,zero,
llm_iterative,base,0,193,1,5,7.0,0,7,3,3,zero,
llm_iterative,base,0,193,2,5,3.0,3,0,20,20,zero,
llm_iterative,base,0,194,0,5,13.0,0,13,0,0,zero,
llm_iterative,base,0,194,1,5,13.0,13,0,12,12,zero,
llm_iterative,base,0,194,2,5,11.0,11,0,16,16,zero,
llm_iterative,base,0,195,0,5,2.0,2,0,0,0,zero,
llm_iterative,base,0,195,1,5,13.0,13,0,0,0,zero,
llm_iterative,base,0,195,2,5,31.0,31,0,1,1,zero,
llm_iterative,base,0,196,0,4,-0.0,0,0,0,0,zero,
llm_iterative,base,0,196,1,4,29.0,29,0,0,0,zero,
llm_iterative,base,0,196,2,4,31.0,31,0,0,0,zero,
llm_iterative,base,0,197,0,4,16.0,16,0,6,6,zero,
llm_iterative,base,0,197,1,4,36.0,36,0,0,0,zero,
llm_iterative,base,0,197,2,4,51.0,51,0,0,0,zero,
llm_iterative,base,0,198,0,5,18.0,18,0,2,2,zero,
llm_iterative,base,0,198,1,5,46.0,46,0,0,0,zero,
llm_iterative,base,0,198,2,5,67.0,67,0,0,0,zero,
llm_iterative,base,0,199,0,6,12.0,12,0,6,6,zero,
llm_iterative,base,0,199,1,6,40.0,40,0,0,0,zero,
llm_iterative,base,0,199,2,6,68.0,68,0,0,0,zero,
llm_iterative,base,0,200,0,6,6.0,6,0,6,6,zero,
llm_iterative,base,0,200,1,6,34.0,34,0,1,1,zero,
llm_iterative,base,0,200,2,6,67.0,67,0,0,0,zero,
llm_iterative,base,1,1,0,10,10.0,10,0,10,10,zero,
llm_iterative,base,1,1,1,10,10.0,10,0,15,15,zero,
llm_iterative,base,1,1,2,10,5.0,5,0,0,0,zero,
llm_iterative,base,1,2,0,10,10.0,10,0,10,10,zero,
llm_iterative,base,1,2,1,10,10.0,10,0,1,1,zero,
llm_iterative,base,1,2,2,10,14.0,14,0,20,20,zero,
llm_iterative,base,1,3,0,10,10.0,10,0,10,10,zero,
llm_iterative,base,1,3,1,10,10.0,10,0,15,15,zero,
llm_iterative,base,1,3,2,10,9.0,9,0,3,3,zero,
llm_iterative,base,1,4,0,10,10.0,10,0,10,10,zero,
llm_iterative,base,1,4,1,10,10.0,10,0,15,15,zero,
llm_iterative,base,1,4,2,10,4.0,4,0,20,20,zero,
llm_iterative,base,1,5,0,10,10.0,10,0,9,9,zero,
llm_iterative,base,1,5,1,10,16.0,16,0,15,15,zero,
llm_iterative,base,1,5,2,10,11.0,0,11,20,20,zero,
llm_iterative,base,1,6,0,10,10.0,10,0,9,9,zero,
llm_iterative,base,1,6,1,10,8.0,8,0,15,15,zero,
llm_iterative,base,1,6,2,10,6.0,0,6,20,20,zero,
llm_iterative,base,1,7,0,11,9.0,9,0,9,9,zero,
llm_iterative,base,1,7,1,11,14.0,14,0,3,3,zero,
llm_iterative,base,1,7,2,11,6.0,0,6,20,20,zero,
llm_iterative,base,1,8,0,14,5.0,5,0,19,19,zero,
llm_iterative,base,1,8,1,14,10.0,10,0,5,5,zero,
llm_iterative,base,1,8,2,14,9.0,9,0,0,0,zero,
llm_iterative,base,1,9,0,14,-0.0,0,0,9,9,zero,
llm_iterative,base,1,9,1,14,5.0,5,0,15,15,zero,
llm_iterative,base,1,9,2,14,14.0,14,0,0,0,zero,
llm_iterative,base,1,10,0,16,7.0,0,7,19,19,zero,
llm_iterative,base,1,10,1,16,6.0,6,0,15,15,zero,
llm_iterative,base,1,10,2,16,19.0,19,0,1,1,zero,
llm_iterative,base,1,11,0,16,14.0,0,14,10,10,zero,
llm_iterative,base,1,11,1,16,1.0,0,1,15,15,zero,
llm_iterative,base,1,11,2,16,24.0,24,0,20,20,zero,
llm_iterative,base,1,12,0,15,10.0,0,10,19,19,zero,
llm_iterative,base,1,12,1,15,9.0,0,9,15,15,zero,
llm_iterative,base,1,12,2,15,9.0,9,0,20,20,zero,
llm_iterative,base,1,13,0,14,15.0,0,15,19,19,zero,
llm_iterative,base,1,13,1,14,13.0,0,13,18,18,zero,
llm_iterative,base,1,13,2,14,9.0,0,9,20,20,zero,
llm_iterative,base,1,14,0,14,10.0,0,10,10,10,zero,
llm_iterative,base,1,14,1,14,8.0,0,8,18,18,zero,
llm_iterative,base,1,14,2,14,26.0,0,26,20,20,zero,
llm_iterative,base,1,15,0,17,18.0,0,18,19,19,zero,
llm_iterative,base,1,15,1,17,12.0,0,12,18,18,zero,
llm_iterative,base,1,15,2,17,24.0,0,24,20,20,zero,
llm_iterative,base,1,16,0,16,23.0,0,23,19,19,zero,
llm_iterative,base,1,16,1,16,16.0,0,16,18,18,zero,
llm_iterative,base,1,16,2,16,22.0,0,22,17,17,zero,
llm_iterative,base,1,17,0,18,26.0,0,26,19,19,zero,
llm_iterative,base,1,17,1,18,26.0,0,26,18,18,zero,
llm_iterative,base,1,17,2,18,20.0,0,20,20,20,zero,
llm_iterative,base,1,18,0,17,28.0,0,28,19,19,zero,
llm_iterative,base,1,18,1,17,44.0,0,44,18,18,zero,
llm_iterative,base,1,18,2,17,18.0,0,18,20,20,zero,
llm_iterative,base,1,19,0,18,31.0,0,31,19,19,zero,
llm_iterative,base,1,19,1,18,43.0,0,43,18,18,zero,
llm_iterative,base,1,19,2,18,16.0,0,16,20,20,zero,
llm_iterative,base,1,20,0,17,33.0,0,33,10,10,zero,
llm_iterative,base,1,20,1,17,33.0,0,33,18,18,zero,
llm_iterative,base,1,20,2,17,17.0,0,17,20,20,zero,
llm_iterative,base,1,21,0,18,42.0,0,42,19,19,zero,
llm_iterative,base,1,21,1,18,32.0,0,32,3,3,zero,
llm_iterative,base,1,21,2,18,-0.0,0,0,20,20,zero,
llm_iterative,base,1,22,0,18,59.0,0,59,19,19,zero,
llm_iterative,base,1,22,1,18,31.0,0,31,18,18,zero,
llm_iterative,base,1,22,2,18,2.0,2,0,16,16,zero,
llm_iterative,base,1,23,0,15,54.0,0,54,17,17,zero,
llm_iterative,base,1,23,1,15,28.0,0,28,18,18,zero,
llm_iterative,base,1,23,2,15,4.0,4,0,1,1,zero,
llm_iterative,base,1,24,0,14,48.0,0,48,10,10,zero,
llm_iterative,base,1,24,1,14,21.0,0,21,18,18,zero,
llm_iterative,base,1,24,2,14,6.0,6,0,16,16,zero,
llm_iterative,base,1,25,0,13,41.0,0,41,10,10,zero,
llm_iterative,base,1,25,1,13,11.0,0,11,18,18,zero,
llm_iterative,base,1,25,2,13,8.0,8,0,20,20,zero,
llm_iterative,base,1,26,0,13,34.0,0,34,10,10,zero,
llm_iterative,base,1,26,1,13,3.0,0,3,18,18,zero,
llm_iterative,base,1,26,2,13,6.0,6,0,20,20,zero,
llm_iterative,base,1,27,0,11,25.0,0,25,10,10,zero,
llm_iterative,base,1,27,1,11,5.0,5,0,18,18,zero,
llm_iterative,base,1,27,2,11,11.0,0,11,20,20,zero,
llm_iterative,base,1,28,0,10,18.0,0,18,10,10,zero,
llm_iterative,base,1,28,1,10,13.0,13,0,18,18,zero,
llm_iterative,base,1,28,2,10,13.0,0,13,20,20,zero,
llm_iterative,base,1,29,0,8,6.0,0,6,10,10,zero,
llm_iterative,base,1,29,1,8,21.0,21,0,12,12,zero,
llm_iterative,base,1,29,2,8,5.0,0,5,16,16,zero,
llm_iterative,base,1,30,0,8,4.0,4,0,6,6,zero,
llm_iterative,base,1,30,1,8,33.0,33,0,0,0,zero,
llm_iterative,base,1,30,2,8,15.0,15,0,16,16,zero,
llm_iterative,base,1,31,0,8,9.0,9,0,10,10,zero,
llm_iterative,base,1,31,1,8,30.0,30,0,0,0,zero,
llm_iterative,base,1,31,2,8,35.0,35,0,0,0,zero,
llm_iterative,base,1,32,0,8,11.0,11,0,6,6,zero,
llm_iterative,base,1,32,1,8,40.0,40,0,12,12,zero,
llm_iterative,base,1,32,2,8,43.0,43,0,0,0,zero,
llm_iterative,base,1,33,0,7,14.0,14,0,10,10,zero,
llm_iterative,base,1,33,1,7,50.0,50,0,1,1,zero,
llm_iterative,base,1,33,2,7,58.0,58,0,0,0,zero,
llm_iterative,base,1,34,0,8,12.0,12,0,6,6,zero,
llm_iterative,base,1,34,1,8,49.0,49,0,12,12,zero,
llm_iterative,base,1,34,2,8,62.0,62,0,0,0,zero,
llm_iterative,base,1,35,0,7,15.0,15,0,9,9,zero,
llm_iterative,base,1,35,1,7,40.0,40,0,1,1,zero,
llm_iterative,base,1,35,2,7,61.0,61,0,0,0,zero,
llm_iterative,base,1,36,0,8,13.0,13,0,6,6,zero,
llm_iterative,base,1,36,1,8,46.0,46,0,1,1,zero,
llm_iterative,base,1,36,2,8,60.0,60,0,0,0,zero,
llm_iterative,base,1,37,0,7,16.0,16,0,9,9,zero,
llm_iterative,base,1,37,1,7,38.0,38,0,1,1,zero,
llm_iterative,base,1,37,2,7,59.0,59,0,0,0,zero,
llm_iterative,base,1,38,0,7,15.0,15,0,4,4,zero,
llm_iterative,base,1,38,1,7,46.0,46,0,1,1,zero,
llm_iterative,base,1,38,2,7,58.0,58,0,0,0,zero,
llm_iterative,base,1,39,0,7,17.0,17,0,9,9,zero,
llm_iterative,base,1,39,1,7,38.0,38,0,1,1,zero,
llm_iterative,base,1,39,2,7,57.0,57,0,0,0,zero,
llm_iterative,base,1,40,0,7,16.0,16,0,2,2,zero,
llm_iterative,base,1,40,1,7,37.0,37,0,15,15,zero,
llm_iterative,base,1,40,2,7,42.0,42,0,0,0,zero,
llm_iterative,base,1,41,0,6,19.0,19,0,9,9,zero,
llm_iterative,base,1,41,1,6,29.0,29,0,1,1,zero,
llm_iterative,base,1,41,2,6,41.0,41,0,0,0,zero,
llm_iterative,base,1,42,0,6,17.0,17,0,3,3,zero,
llm_iterative,base,1,42,1,6,27.0,27,0,1,1,zero,
llm_iterative,base,1,42,2,6,40.0,40,0,0,0,zero,
llm_iterative,base,1,43,0,6,20.0,20,0,3,3,zero,
llm_iterative,base,1,43,1,6,25.0,25,0,1,1,zero,
llm_iterative,base,1,43,2,6,39.0,39,0,0,0,zero,
llm_iterative,base,1,44,0,5,17.0,17,0,2,2,zero,
llm_iterative,base,1,44,1,5,38.0,38,0,1,1,zero,
llm_iterative,base,1,44,2,5,38.0,38,0,0,0,zero,
llm_iterative,base,1,45,0,5,21.0,21,0,2,2,zero,
llm_iterative,base,1,45,1,5,37.0,37,0,0,0,zero,
llm_iterative,base,1,45,2,5,38.0,38,0,0,0,zero,
llm_iterative,base,1,46,0,5,19.0,19,0,2,2,zero,
llm_iterative,base,1,46,1,5,36.0,36,0,0,0,zero,
llm_iterative,base,1,46,2,5,38.0,38,0,0,0,zero,
llm_iterative,base,1,47,0,5,17.0,17,0,2,2,zero,
llm_iterative,base,1,47,1,5,35.0,35,0,0,0,zero,
llm_iterative,base,1,47,2,5,38.0,38,0,0,0,zero,
llm_iterative,base,1,48,0,6,13.0,13,0,3,3,zero,
llm_iterative,base,1,48,1,6,33.0,33,0,0,0,zero,
llm_iterative,base,1,48,2,6,38.0,38,0,0,0,zero,
llm_iterative,base,1,49,0,6,9.0,9,0,9,9,zero,
llm_iterative,base,1,49,1,6,24.0,24,0,1,1,zero,
llm_iterative,base,1,49,2,6,37.0,37,0,0,0,zero,
llm_iterative,base,1,50,0,6,5.0,5,0,3,3,zero,
llm_iterative,base,1,50,1,6,21.0,21,0,1,1,zero,
llm_iterative,base,1,50,2,6,36.0,36,0,0,0,zero,
llm_iterative,base,1,51,0,6,1.0,1,0,9,9,zero,
llm_iterative,base,1,51,1,6,12.0,12,0,11,11,zero,
llm_iterative,base,1,51,2,6,25.0,25,0,0,0,zero,
llm_iterative,base,1,52,0,7,3.0,0,3,3,3,zero,
llm_iterative,base,1,52,1,7,9.0,9,0,15,15,zero,
llm_iterative,base,1,52,2,7,10.0,10,0,0,0,zero,
llm_iterative,base,1,53,0,7,1.0,0,1,9,9,zero,
llm_iterative,base,1,53,1,7,1.0,1,0,1,1,zero,
llm_iterative,base,1,53,2,7,9.0,9,0,20,20,zero,
llm_iterative,base,1,54,0,7,5.0,0,5,6,6,zero,
llm_iterative,base,1,54,1,7,4.0,0,4,11,11,zero,
llm_iterative,base,1,54,2,7,2.0,0,2,3,3,zero,
llm_iterative,base,1,55,0,6,2.0,0,2,19,19,zero,
llm_iterative,base,1,55,1,6,12.0,0,12,11,11,zero,
llm_iterative,base,1,55,2,6,13.0,0,13,20,20,zero,
llm_iterative,base,1,56,0,6,5.0,0,5,6,6,zero,
llm_iterative,base,1,56,1,6,3.0,0,3,15,15,zero,
llm_iterative,base,1,56,2,6,28.0,0,28,20,20,zero,
llm_iterative,base,1,57,0,6,2.0,0,2,2,2,zero,
llm_iterative,base,1,57,1,6,4.0,0,4,15,15,zero,
llm_iterative,base,1,57,2,6,23.0,0,23,20,20,zero,
llm_iterative,base,1,58,0,6,6.0,0,6,2,2,zero,
llm_iterative,base,1,58,1,6,3.0,3,0,3,3,zero,
llm_iterative,base,1,58,2,6,23.0,0,23,20,20,zero,
llm_iterative,base,1,59,0,7,2.0,0,2,6,6,zero,
llm_iterative,base,1,59,1,7,3.0,0,3,0,0,zero,
llm_iterative,base,1,59,2,7,3.0,0,3,0,0,zero,
llm_iterative,base,1,60,0,7,6.0,6,0,10,10,zero,
llm_iterative,base,1,60,1,7,13.0,0,13,0,0,zero,
llm_iterative,base,1,60,2,7,17.0,17,0,0,0,zero,
llm_iterative,base,1,61,0,6,1.0,1,0,19,19,zero,
llm_iterative,base,1,61,1,6,12.0,0,12,12,12,zero,
llm_iterative,base,1,61,2,6,25.0,25,0,0,0,zero,
llm_iterative,base,1,62,0,6,1.0,1,0,10,10,zero,
llm_iterative,base,1,62,1,6,19.0,0,19,18,18,zero,
llm_iterative,base,1,62,2,6,27.0,27,0,0,0,zero,
llm_iterative,base,1,63,0,8,4.0,0,4,6,6,zero,
llm_iterative,base,1,63,1,8,5.0,0,5,18,18,zero,
llm_iterative,base,1,63,2,8,9.0,9,0,20,20,zero,
llm_iterative,base,1,64,0,9,13.0,0,13,0,0,zero,
llm_iterative,base,1,64,1,9,2.0,0,2,0,0,zero,
llm_iterative,base,1,64,2,9,9.0,9,0,20,20,zero,
llm_iterative,base,1,65,0,8,1.0,0,1,6,6,zero,
llm_iterative,base,1,65,1,8,4.0,4,0,0,0,zero,
llm_iterative,base,1,65,2,8,9.0,9,0,0,0,zero,
llm_iterative,base,1,66,0,8,6.0,0,6,6,6,zero,
llm_iterative,base,1,66,1,8,16.0,16,0,12,12,zero,
llm_iterative,base,1,66,2,8,3.0,0,3,0,0,zero,
llm_iterative,base,1,67,0,8,6.0,6,0,6,6,zero,
llm_iterative,base,1,67,1,8,28.0,28,0,12,12,zero,
llm_iterative,base,1,67,2,8,5.0,5,0,0,0,zero,
llm_iterative,base,1,68,0,7,2.0,2,0,10,10,zero,
llm_iterative,base,1,68,1,7,18.0,18,0,1,1,zero,
llm_iterative,base,1,68,2,7,24.0,24,0,5,5,zero,
llm_iterative,base,1,69,0,7,3.0,3,0,6,6,zero,
llm_iterative,base,1,69,1,7,12.0,12,0,15,15,zero,
llm_iterative,base,1,69,2,7,9.0,9,0,0,0,zero,
llm_iterative,base,1,70,0,7,2.0,2,0,10,10,zero,
llm_iterative,base,1,70,1,7,11.0,11,0,3,3,zero,
llm_iterative,base,1,70,2,7,6.0,6,0,20,20,zero,
llm_iterative,base,1,71,0,7,1.0,1,0,6,6,zero,
llm_iterative,base,1,71,1,7,20.0,20,0,15,15,zero,
llm_iterative,base,1,71,2,7,9.0,0,9,3,3,zero,
llm_iterative,base,1,72,0,7,4.0,4,0,6,6,zero,
llm_iterative,base,1,72,1,7,15.0,15,0,3,3,zero,
llm_iterative,base,1,72,2,7,7.0,0,7,20,20,zero,
llm_iterative,base,1,73,0,7,3.0,3,0,6,6,zero,
llm_iterative,base,1,73,1,7,24.0,24,0,1,1,zero,
llm_iterative,base,1,73,2,7,8.0,0,8,20,20,zero,
llm_iterative,base,1,74,0,6,7.0,7,0,6,6,zero,
llm_iterative,base,1,74,1,6,21.0,21,0,1,1,zero,
llm_iterative,base,1,74,2,6,11.0,11,0,0,0,zero,
llm_iterative,base,1,75,0,6,7.0,7,0,6,6,zero,
llm_iterative,base,1,75,1,6,21.0,21,0,1,1,zero,
llm_iterative,base,1,75,2,6,13.0,13,0,0,0,zero,
llm_iterative,base,1,76,0,7,6.0,6,0,6,6,zero,
llm_iterative,base,1,76,1,7,20.0,20,0,1,1,zero,
llm_iterative,base,1,76,2,7,32.0,32,0,0,0,zero,
llm_iterative,base,1,77,0,7,5.0,5,0,10,10,zero,
llm_iterative,base,1,77,1,7,10.0,10,0,15,15,zero,
llm_iterative,base,1,77,2,7,37.0,37,0,0,0,zero,
llm_iterative,base,1,78,0,7,4.0,4,0,6,6,zero,
llm_iterative,base,1,78,1,7,13.0,13,0,15,15,zero,
llm_iterative,base,1,78,2,7,22.0,22,0,1,1,zero,
llm_iterative,base,1,79,0,6,4.0,4,0,9,9,zero,
llm_iterative,base,1,79,1,6,5.0,5,0,1,1,zero,
llm_iterative,base,1,79,2,6,21.0,21,0,20,20,zero,
llm_iterative,base,1,80,0,6,4.0,4,0,2,2,zero,
llm_iterative,base,1,80,1,6,4.0,4,0,1,1,zero,
llm_iterative,base,1,80,2,6,20.0,20,0,3,3,zero,
llm_iterative,base,1,81,0,7,7.0,7,0,6,6,zero,
llm_iterative,base,1,81,1,7,13.0,13,0,1,1,zero,
llm_iterative,base,1,81,2,7,19.0,19,0,0,0,zero,
llm_iterative,base,1,82,0,7,6.0,6,0,6,6,zero,
llm_iterative,base,1,82,1,7,22.0,22,0,1,1,zero,
llm_iterative,base,1,82,2,7,19.0,19,0,0,0,zero,
llm_iterative,base,1,83,0,7,8.0,8,0,9,9,zero,
llm_iterative,base,1,83,1,7,14.0,14,0,15,15,zero,
llm_iterative,base,1,83,2,7,24.0,24,0,0,0,zero,
llm_iterative,base,1,84,0,7,3.0,3,0,6,6,zero,
llm_iterative,base,1,84,1,7,9.0,9,0,15,15,zero,
llm_iterative,base,1,84,2,7,12.0,12,0,1,1,zero,
llm_iterative,base,1,85,0,7,2.0,2,0,9,9,zero,
llm_iterative,base,1,85,1,7,1.0,1,0,1,1,zero,
llm_iterative,base,1,85,2,7,11.0,11,0,20,20,zero,
llm_iterative,base,1,86,0,8,-0.0,0,0,6,6,zero,
llm_iterative,base,1,86,1,8,4.0,0,4,5,5,zero,
llm_iterative,base,1,86,2,8,6.0,6,0,20,20,zero,
llm_iterative,base,1,87,0,8,1.0,1,0,10,10,zero,
llm_iterative,base,1,87,1,8,1.0,1,0,15,15,zero,
llm_iterative,base,1,87,2,8,9.0,0,9,0,0,zero,
llm_iterative,base,1,88,0,7,-0.0,0,0,6,6,zero,
llm_iterative,base,1,88,1,7,10.0,10,0,15,15,zero,
llm_iterative,base,1,88,2,7,23.0,0,23,0,0,zero,
llm_iterative,base,1,89,0,8,1.0,1,0,6,6,zero,
llm_iterative,base,1,89,1,8,5.0,5,0,15,15,zero,
llm_iterative,base,1,89,2,8,18.0,0,18,20,20,zero,
llm_iterative,base,1,90,0,8,5.0,0,5,6,6,zero,
llm_iterative,base,1,90,1,8,4.0,4,0,3,3,zero,
llm_iterative,base,1,90,2,8,1.0,0,1,20,20,zero,
llm_iterative,base,1,91,0,9,-0.0,0,0,10,10,zero,
llm_iterative,base,1,91,1,9,-0.0,0,0,0,0,zero,
llm_iterative,base,1,91,2,9,1.0,0,1,0,0,zero,
llm_iterative,base,1,92,0,8,2.0,0,2,10,10,zero,
llm_iterative,base,1,92,1,8,9.0,0,9,1,1,zero,
llm_iterative,base,1,92,2,8,2.0,0,2,0,0,zero,
llm_iterative,base,1,93,0,10,6.0,0,6,19,19,zero,
llm_iterative,base,1,93,1,10,8.0,0,8,15,15,zero,
llm_iterative,base,1,93,2,10,3.0,3,0,0,0,zero,
llm_iterative,base,1,94,0,9,9.0,0,9,10,10,zero,
llm_iterative,base,1,94,1,9,2.0,2,0,15,15,zero,
llm_iterative,base,1,94,2,9,8.0,8,0,0,0,zero,
llm_iterative,base,1,95,0,9,8.0,0,8,6,6,zero,
llm_iterative,base,1,95,1,9,4.0,0,4,15,15,zero,
llm_iterative,base,1,95,2,9,7.0,0,7,20,20,zero,
llm_iterative,base,1,96,0,9,16.0,0,16,6,6,zero,
llm_iterative,base,1,96,1,9,10.0,0,10,3,3,zero,
llm_iterative,base,1,96,2,9,10.0,0,10,20,20,zero,
llm_iterative,base,1,97,0,8,4.0,0,4,10,10,zero,
llm_iterative,base,1,97,1,8,3.0,0,3,5,5,zero,
llm_iterative,base,1,97,2,8,15.0,0,15,0,0,zero,
llm_iterative,base,1,98,0,8,6.0,6,0,6,6,zero,
llm_iterative,base,1,98,1,8,6.0,6,0,15,15,zero,
llm_iterative,base,1,98,2,8,30.0,0,30,0,0,zero,
llm_iterative,base,1,99,0,7,1.0,1,0,10,10,zero,
llm_iterative,base,1,99,1,7,4.0,4,0,15,15,zero,
llm_iterative,base,1,99,2,7,25.0,0,25,20,20,zero,
llm_iterative,base,1,100,0,7,6.0,0,6,6,6,zero,
llm_iterative,base,1,100,1,7,2.0,0,2,3,3,zero,
llm_iterative,base,1,100,2,7,8.0,0,8,20,20,zero,
llm_iterative,base,1,101,0,7,4.0,4,0,6,6,zero,
llm_iterative,base,1,101,1,7,8.0,0,8,0,0,zero,
llm_iterative,base,1,101,2,7,8.0,0,8,0,0,zero,
llm_iterative,base,1,102,0,8,5.0,5,0,6,6,zero,
llm_iterative,base,1,102,1,8,14.0,0,14,1,1,zero,
llm_iterative,base,1,102,2,8,9.0,0,9,0,0,zero,
llm_iterative,base,1,103,0,7,8.0,8,0,19,19,zero,
llm_iterative,base,1,103,1,7,13.0,0,13,1,1,zero,
llm_iterative,base,1,103,2,7,10.0,10,0,0,0,zero,
llm_iterative,base,1,104,0,8,4.0,4,0,10,10,zero,
llm_iterative,base,1,104,1,8,3.0,0,3,18,18,zero,
llm_iterative,base,1,104,2,8,12.0,12,0,0,0,zero,
llm_iterative,base,1,105,0,8,4.0,0,4,2,2,zero,
llm_iterative,base,1,105,1,8,5.0,0,5,18,18,zero,
llm_iterative,base,1,105,2,8,6.0,0,6,16,16,zero,
llm_iterative,base,1,106,0,8,12.0,0,12,2,2,zero,
llm_iterative,base,1,106,1,8,7.0,0,7,0,0,zero,
llm_iterative,base,1,106,2,8,6.0,0,6,20,20,zero,
llm_iterative,base,1,107,0,8,-0.0,0,0,6,6,zero,
llm_iterative,base,1,107,1,8,3.0,0,3,0,0,zero,
llm_iterative,base,1,107,2,8,6.0,0,6,0,0,zero,
llm_iterative,base,1,108,0,8,12.0,12,0,6,6,zero,
llm_iterative,base,1,108,1,8,9.0,9,0,12,12,zero,
llm_iterative,base,1,108,2,8,18.0,0,18,0,0,zero,
llm_iterative,base,1,109,0,8,4.0,4,0,10,10,zero,
llm_iterative,base,1,109,1,8,11.0,11,0,12,12,zero,
llm_iterative,base,1,109,2,8,14.0,0,14,0,0,zero,
llm_iterative,base,1,110,0,8,4.0,0,4,10,10,zero,
llm_iterative,base,1,110,1,8,1.0,1,0,18,18,zero,
llm_iterative,base,1,110,2,8,12.0,0,12,20,20,zero,
llm_iterative,base,1,111,0,9,3.0,0,3,6,6,zero,
llm_iterative,base,1,111,1,9,5.0,0,5,3,3,zero,
llm_iterative,base,1,111,2,9,15.0,0,15,20,20,zero,
llm_iterative,base,1,112,0,9,3.0,0,3,10,10,zero,
llm_iterative,base,1,112,1,9,15.0,0,15,18,18,zero,
llm_iterative,base,1,112,2,9,33.0,0,33,20,20,zero,
llm_iterative,base,1,113,0,10,3.0,0,3,10,10,zero,
llm_iterative,base,1,113,1,10,9.0,0,9,18,18,zero,
llm_iterative,base,1,113,2,10,51.0,0,51,20,20,zero,
llm_iterative,base,1,114,0,11,4.0,0,4,10,10,zero,
llm_iterative,base,1,114,1,11,1.0,1,0,18,18,zero,
llm_iterative,base,1,114,2,11,49.0,0,49,20,20,zero,
llm_iterative,base,1,115,0,10,13.0,0,13,6,6,zero,
llm_iterative,base,1,115,1,10,5.0,0,5,3,3,zero,
llm_iterative,base,1,115,2,10,32.0,0,32,20,20,zero,
llm_iterative,base,1,116,0,10,23.0,0,23,10,10,zero,
llm_iterative,base,1,116,1,10,15.0,0,15,0,0,zero,
llm_iterative,base,1,116,2,10,12.0,0,12,0,0,zero,
llm_iterative,base,1,117,0,11,18.0,0,18,10,10,zero,
llm_iterative,base,1,117,1,11,25.0,0,25,0,0,zero,
llm_iterative,base,1,117,2,11,8.0,8,0,0,0,zero,
llm_iterative,base,1,118,0,12,11.0,0,11,10,10,zero,
llm_iterative,base,1,118,1,12,15.0,0,15,0,0,zero,
llm_iterative,base,1,118,2,12,28.0,28,0,0,0,zero,
llm_iterative,base,1,119,0,14,24.0,0,24,6,6,zero,
llm_iterative,base,1,119,1,14,1.0,0,1,18,18,zero,
llm_iterative,base,1,119,2,14,30.0,30,0,0,0,zero,
llm_iterative,base,1,120,0,14,38.0,0,38,19,19,zero,
llm_iterative,base,1,120,1,14,-0.0,0,0,18,18,zero,
llm_iterative,base,1,120,2,14,12.0,12,0,16,16,zero,
llm_iterative,base,1,121,0,14,52.0,0,52,17,17,zero,
llm_iterative,base,1,121,1,14,5.0,0,5,18,18,zero,
llm_iterative,base,1,121,2,14,6.0,0,6,20,20,zero,
llm_iterative,base,1,122,0,17,49.0,0,49,17,17,zero,
llm_iterative,base,1,122,1,17,22.0,0,22,18,18,zero,
llm_iterative,base,1,122,2,17,24.0,0,24,20,20,zero,
llm_iterative,base,1,123,0,20,49.0,0,49,17,17,zero,
llm_iterative,base,1,123,1,20,21.0,0,21,18,18,zero,
llm_iterative,base,1,123,2,20,42.0,0,42,20,20,zero,
llm_iterative,base,1,124,0,18,47.0,0,47,19,19,zero,
llm_iterative,base,1,124,1,18,22.0,0,22,18,18,zero,
llm_iterative,base,1,124,2,18,44.0,0,44,20,20,zero,
llm_iterative,base,1,125,0,17,52.0,0,52,19,19,zero,
llm_iterative,base,1,125,1,17,29.0,0,29,18,18,zero,
llm_iterative,base,1,125,2,17,42.0,0,42,20,20,zero,
llm_iterative,base,1,126,0,17,69.0,0,69,17,17,zero,
llm_iterative,base,1,126,1,17,46.0,0,46,18,18,zero,
llm_iterative,base,1,126,2,17,40.0,0,40,20,20,zero,
llm_iterative,base,1,127,0,16,67.0,0,67,17,17,zero,
llm_iterative,base,1,127,1,16,63.0,0,63,18,18,zero,
llm_iterative,base,1,127,2,16,38.0,0,38,20,20,zero,
llm_iterative,base,1,128,0,17,66.0,0,66,17,17,zero,
llm_iterative,base,1,128,1,17,64.0,0,64,18,18,zero,
llm_iterative,base,1,128,2,17,36.0,0,36,20,20,zero,
llm_iterative,base,1,129,0,19,73.0,0,73,17,17,zero,
llm_iterative,base,1,129,1,19,61.0,0,61,18,18,zero,
llm_iterative,base,1,129,2,19,34.0,0,34,20,20,zero,
llm_iterative,base,1,130,0,20,93.0,0,93,17,17,zero,
llm_iterative,base,1,130,1,20,58.0,0,58,18,18,zero,
llm_iterative,base,1,130,2,20,32.0,0,32,20,20,zero,
llm_iterative,base,1,131,0,19,112.0,0,112,17,17,zero,
llm_iterative,base,1,131,1,19,55.0,0,55,18,18,zero,
llm_iterative,base,1,131,2,19,30.0,0,30,20,20,zero,
llm_iterative,base,1,132,0,20,116.0,0,116,17,17,zero,
llm_iterative,base,1,132,1,20,52.0,0,52,18,18,zero,
llm_iterative,base,1,132,2,20,28.0,0,28,20,20,zero,
llm_iterative,base,1,133,0,20,116.0,0,116,17,17,zero,
llm_iterative,base,1,133,1,20,49.0,0,49,18,18,zero,
llm_iterative,base,1,133,2,20,26.0,0,26,20,20,zero,
llm_iterative,base,1,134,0,20,116.0,0,116,17,17,zero,
llm_iterative,base,1,134,1,20,46.0,0,46,18,18,zero,
llm_iterative,base,1,134,2,20,24.0,0,24,20,20,zero,
llm_iterative,base,1,135,0,20,116.0,0,116,17,17,zero,
llm_iterative,base,1,135,1,20,43.0,0,43,18,18,zero,
llm_iterative,base,1,135,2,20,22.0,0,22,20,20,zero,
llm_iterative,base,1,136,0,20,116.0,0,116,17,17,zero,
llm_iterative,base,1,136,1,20,40.0,0,40,18,18,zero,
llm_iterative,base,1,136,2,20,20.0,0,20,20,20,zero,
llm_iterative,base,1,137,0,20,116.0,0,116,17,17,zero,
llm_iterative,base,1,137,1,20,37.0,0,37,18,18,zero,
llm_iterative,base,1,137,2,20,18.0,0,18,20,20,zero,
llm_iterative,base,1,138,0,20,116.0,0,116,17,17,zero,
llm_iterative,base,1,138,1,20,34.0,0,34,18,18,zero,
llm_iterative,base,1,138,2,20,16.0,0,16,20,20,zero,
llm_iterative,base,1,139,0,20,116.0,0,116,17,17,zero,
llm_iterative,base,1,139,1,20,31.0,0,31,18,18,zero,
llm_iterative,base,1,139,2,20,14.0,0,14,16,16,zero,
llm_iterative,base,1,140,0,20,116.0,0,116,17,17,zero,
llm_iterative,base,1,140,1,20,28.0,0,28,18,18,zero,
llm_iterative,base,1,140,2,20,12.0,0,12,20,20,zero,
llm_iterative,base,1,141,0,20,116.0,0,116,17,17,zero,
llm_iterative,base,1,141,1,20,25.0,0,25,18,18,zero,
llm_iterative,base,1,141,2,20,10.0,0,10,20,20,zero,
llm_iterative,base,1,142,0,20,116.0,0,116,17,17,zero,
llm_iterative,base,1,142,1,20,22.0,0,22,18,18,zero,
llm_iterative,base,1,142,2,20,8.0,0,8,20,20,zero,
llm_iterative,base,1,143,0,20,116.0,0,116,17,17,zero,
llm_iterative,base,1,143,1,20,19.0,0,19,18,18,zero,
llm_iterative,base,1,143,2,20,10.0,0,10,20,20,zero,
llm_iterative,base,1,144,0,20,116.0,0,116,17,17,zero,
llm_iterative,base,1,144,1,20,16.0,0,16,18,18,zero,
llm_iterative,base,1,144,2,20,8.0,0,8,16,16,zero,
llm_iterative,base,1,145,0,20,116.0,0,116,17,17,zero,
llm_iterative,base,1,145,1,20,13.0,0,13,18,18,zero,
llm_iterative,base,1,145,2,20,6.0,0,6,20,20,zero,
llm_iterative,base,1,146,0,20,116.0,0,116,17,17,zero,
llm_iterative,base,1,146,1,20,10.0,0,10,18,18,zero,
llm_iterative,base,1,146,2,20,4.0,0,4,20,20,zero,
llm_iterative,base,1,147,0,20,116.0,0,116,17,17,zero,
llm_iterative,base,1,147,1,20,11.0,0,11,18,18,zero,
llm_iterative,base,1,147,2,20,2.0,0,2,20,20,zero,
llm_iterative,base,1,148,0,20,116.0,0,116,17,17,zero,
llm_iterative,base,1,148,1,20,8.0,0,8,18,18,zero,
llm_iterative,base,1,148,2,20,4.0,0,4,16,16,zero,
llm_iterative,base,1,149,0,20,116.0,0,116,17,17,zero,
llm_iterative,base,1,149,1,20,5.0,0,5,18,18,zero,
llm_iterative,base,1,149,2,20,2.0,0,2,16,16,zero,
llm_iterative,base,1,150,0,20,116.0,0,116,17,17,zero,
llm_iterative,base,1,150,1,20,2.0,0,2,18,18,zero,
llm_iterative,base,1,150,2,20,-0.0,0,0,16,16,zero,
llm_iterative,base,1,151,0,20,120.0,0,120,17,17,zero,
llm_iterative,base,1,151,1,20,1.0,1,0,18,18,zero,
llm_iterative,base,1,151,2,20,2.0,2,0,20,20,zero,
llm_iterative,base,1,152,0,20,120.0,0,120,17,17,zero,
llm_iterative,base,1,152,1,20,-0.0,0,0,18,18,zero,
llm_iterative,base,1,152,2,20,-0.0,0,0,20,20,zero,
llm_iterative,base,1,153,0,20,120.0,0,120,17,17,zero,
llm_iterative,base,1,153,1,20,3.0,3,0,18,18,zero,
llm_iterative,base,1,153,2,20,2.0,0,2,16,16,zero,
llm_iterative,base,1,154,0,20,120.0,0,120,17,17,zero,
llm_iterative,base,1,154,1,20,6.0,6,0,18,18,zero,
llm_iterative,base,1,154,2,20,4.0,0,4,16,16,zero,
llm_iterative,base,1,155,0,20,121.0,0,121,17,17,zero,
llm_iterative,base,1,155,1,20,7.0,7,0,18,18,zero,
llm_iterative,base,1,155,2,20,2.0,0,2,20,20,zero,
llm_iterative,base,1,156,0,20,124.0,0,124,17,17,zero,
llm_iterative,base,1,156,1,20,8.0,8,0,18,18,zero,
llm_iterative,base,1,156,2,20,-0.0,0,0,20,20,zero,
llm_iterative,base,1,157,0,20,127.0,0,127,17,17,zero,
llm_iterative,base,1,157,1,20,7.0,7,0,18,18,zero,
llm_iterative,base,1,157,2,20,2.0,0,2,16,16,zero,
llm_iterative,base,1,158,0,20,130.0,0,130,17,17,zero,
llm_iterative,base,1,158,1,20,6.0,6,0,18,18,zero,
llm_iterative,base,1,158,2,20,4.0,0,4,16,16,zero,
llm_iterative,base,1,159,0,20,133.0,0,133,17,17,zero,
llm_iterative,base,1,159,1,20,9.0,9,0,18,18,zero,
llm_iterative,base,1,159,2,20,2.0,0,2,20,20,zero,
llm_iterative,base,1,160,0,20,136.0,0,136,17,17,zero,
llm_iterative,base,1,160,1,20,12.0,12,0,18,18,zero,
llm_iterative,base,1,160,2,20,-0.0,0,0,20,20,zero,
llm_iterative,base,1,161,0,20,139.0,0,139,17,17,zero,
llm_iterative,base,1,161,1,20,11.0,11,0,18,18,zero,
llm_iterative,base,1,161,2,20,2.0,0,2,16,16,zero,
llm_iterative,base,1,162,0,20,142.0,0,142,17,17,zero,
llm_iterative,base,1,162,1,20,10.0,10,0,18,18,zero,
llm_iterative,base,1,162,2,20,4.0,0,4,16,16,zero,
llm_iterative,base,1,163,0,20,145.0,0,145,17,17,zero,
llm_iterative,base,1,163,1,20,13.0,13,0,18,18,zero,
llm_iterative,base,1,163,2,20,2.0,0,2,20,20,zero,
llm_iterative,base,1,164,0,20,148.0,0,148,17,17,zero,
llm_iterative,base,1,164,1,20,16.0,16,0,18,18,zero,
llm_iterative,base,1,164,2,20,-0.0,0,0,20,20,zero,
llm_iterative,base,1,165,0,20,151.0,0,151,17,17,zero,
llm_iterative,base,1,165,1,20,15.0,15,0,18,18,zero,
llm_iterative,base,1,165,2,20,2.0,0,2,16,16,zero,
llm_iterative,base,1,166,0,20,154.0,0,154,17,17,zero,
llm_iterative,base,1,166,1,20,14.0,14,0,18,18,zero,
llm_iterative,base,1,166,2,20,4.0,0,4,16,16,zero,
llm_iterative,base,1,167,0,20,157.0,0,157,17,17,zero,
llm_iterative,base,1,167,1,20,17.0,17,0,18,18,zero,
llm_iterative,base,1,167,2,20,2.0,0,2,20,20,zero,
llm_iterative,base,1,168,0,20,160.0,0,160,17,17,zero,
llm_iterative,base,1,168,1,20,20.0,20,0,15,15,zero,
llm_iterative,base,1,168,2,20,3.0,3,0,20,20,zero,
llm_iterative,base,1,169,0,20,163.0,0,163,17,17,zero,
llm_iterative,base,1,169,1,20,19.0,19,0,15,15,zero,
llm_iterative,base,1,169,2,20,4.0,4,0,16,16,zero,
llm_iterative,base,1,170,0,20,166.0,0,166,17,17,zero,
llm_iterative,base,1,170,1,20,18.0,18,0,15,15,zero,
llm_iterative,base,1,170,2,20,5.0,5,0,1,1,zero,
llm_iterative,base,1,171,0,20,169.0,0,169,17,17,zero,
llm_iterative,base,1,171,1,20,21.0,21,0,15,15,zero,
llm_iterative,base,1,171,2,20,10.0,10,0,16,16,zero,
llm_iterative,base,1,172,0,19,171.0,0,171,17,17,zero,
llm_iterative,base,1,172,1,19,21.0,21,0,15,15,zero,
llm_iterative,base,1,172,2,19,15.0,15,0,20,20,zero,
llm_iterative,base,1,173,0,19,173.0,0,173,17,17,zero,
llm_iterative,base,1,173,1,19,19.0,19,0,15,15,zero,
llm_iterative,base,1,173,2,19,16.0,16,0,20,20,zero,
llm_iterative,base,1,174,0,18,174.0,0,174,17,17,zero,
llm_iterative,base,1,174,1,18,17.0,17,0,15,15,zero,
llm_iterative,base,1,174,2,18,2.0,2,0,20,20,zero,
llm_iterative,base,1,175,0,16,173.0,0,173,17,17,zero,
llm_iterative,base,1,175,1,16,15.0,15,0,15,15,zero,
llm_iterative,base,1,175,2,16,3.0,3,0,0,0,zero,
llm_iterative,base,1,176,0,17,173.0,0,173,17,17,zero,
llm_iterative,base,1,176,1,17,13.0,13,0,15,15,zero,
llm_iterative,base,1,176,2,17,8.0,8,0,0,0,zero,
llm_iterative,base,1,177,0,16,172.0,0,172,17,17,zero,
llm_iterative,base,1,177,1,16,11.0,11,0,15,15,zero,
llm_iterative,base,1,177,2,16,13.0,13,0,20,20,zero,
llm_iterative,base,1,178,0,17,172.0,0,172,17,17,zero,
llm_iterative,base,1,178,1,17,9.0,9,0,15,15,zero,
llm_iterative,base,1,178,2,17,18.0,18,0,20,20,zero,
llm_iterative,base,1,179,0,17,172.0,0,172,17,17,zero,
llm_iterative,base,1,179,1,17,7.0,7,0,15,15,zero,
llm_iterative,base,1,179,2,17,3.0,3,0,20,20,zero,
llm_iterative,base,1,180,0,19,174.0,0,174,17,17,zero,
llm_iterative,base,1,180,1,19,5.0,5,0,15,15,zero,
llm_iterative,base,1,180,2,19,12.0,0,12,20,20,zero,
llm_iterative,base,1,181,0,20,177.0,0,177,17,17,zero,
llm_iterative,base,1,181,1,20,3.0,3,0,15,15,zero,
llm_iterative,base,1,181,2,20,7.0,0,7,0,0,zero,
llm_iterative,base,1,182,0,19,179.0,0,179,17,17,zero,
llm_iterative,base,1,182,1,19,1.0,1,0,15,15,zero,
llm_iterative,base,1,182,2,19,2.0,0,2,17,17,zero,
llm_iterative,base,1,183,0,20,182.0,0,182,17,17,zero,
llm_iterative,base,1,183,1,20,1.0,0,1,18,18,zero,
llm_iterative,base,1,183,2,20,-0.0,0,0,20,20,zero,
llm_iterative,base,1,184,0,20,185.0,0,185,17,17,zero,
llm_iterative,base,1,184,1,20,15.0,0,15,18,18,zero,
llm_iterative,base,1,184,2,20,2.0,2,0,20,20,zero,
llm_iterative,base,1,185,0,20,188.0,0,188,17,17,zero,
llm_iterative,base,1,185,1,20,12.0,0,12,18,18,zero,
llm_iterative,base,1,185,2,20,16.0,0,16,20,20,zero,
llm_iterative,base,1,186,0,20,191.0,0,191,17,17,zero,
llm_iterative,base,1,186,1,20,9.0,0,9,18,18,zero,
llm_iterative,base,1,186,2,20,17.0,0,17,20,20,zero,
llm_iterative,base,1,187,0,20,195.0,0,195,17,17,zero,
llm_iterative,base,1,187,1,20,6.0,0,6,18,18,zero,
llm_iterative,base,1,187,2,20,15.0,0,15,16,16,zero,
llm_iterative,base,1,188,0,20,212.0,0,212,17,17,zero,
llm_iterative,base,1,188,1,20,5.0,0,5,18,18,zero,
llm_iterative,base,1,188,2,20,13.0,0,13,20,20,zero,
llm_iterative,base,1,189,0,20,212.0,0,212,17,17,zero,
llm_iterative,base,1,189,1,20,20.0,0,20,18,18,zero,
llm_iterative,base,1,189,2,20,11.0,0,11,20,20,zero,
llm_iterative,base,1,190,0,20,212.0,0,212,17,17,zero,
llm_iterative,base,1,190,1,20,20.0,0,20,18,18,zero,
llm_iterative,base,1,190,2,20,9.0,0,9,20,20,zero,
llm_iterative,base,1,191,0,20,212.0,0,212,17,17,zero,
llm_iterative,base,1,191,1,20,17.0,0,17,18,18,zero,
llm_iterative,base,1,191,2,20,11.0,0,11,20,20,zero,
llm_iterative,base,1,192,0,20,214.0,0,214,17,17,zero,
llm_iterative,base,1,192,1,20,14.0,0,14,18,18,zero,
llm_iterative,base,1,192,2,20,9.0,0,9,20,20,zero,
llm_iterative,base,1,193,0,20,232.0,0,232,17,17,zero,
llm_iterative,base,1,193,1,20,11.0,0,11,18,18,zero,
llm_iterative,base,1,193,2,20,7.0,0,7,16,16,zero,
llm_iterative,base,1,194,0,20,235.0,0,235,17,17,zero,
llm_iterative,base,1,194,1,20,8.0,0,8,18,18,zero,
llm_iterative,base,1,194,2,20,5.0,0,5,20,20,zero,
llm_iterative,base,1,195,0,20,235.0,0,235,17,17,zero,
llm_iterative,base,1,195,1,20,9.0,0,9,18,18,zero,
llm_iterative,base,1,195,2,20,3.0,0,3,20,20,zero,
llm_iterative,base,1,196,0,20,235.0,0,235,17,17,zero,
llm_iterative,base,1,196,1,20,6.0,0,6,18,18,zero,
llm_iterative,base,1,196,2,20,1.0,0,1,16,16,zero,
llm_iterative,base,1,197,0,20,235.0,0,235,17,17,zero,
llm_iterative,base,1,197,1,20,3.0,0,3,18,18,zero,
llm_iterative,base,1,197,2,20,3.0,0,3,16,16,zero,
llm_iterative,base,1,198,0,20,235.0,0,235,17,17,zero,
llm_iterative,base,1,198,1,20,-0.0,0,0,18,18,zero,
llm_iterative,base,1,198,2,20,1.0,0,1,20,20,zero,
llm_iterative,base,1,199,0,20,239.0,0,239,17,17,zero,
llm_iterative,base,1,199,1,20,3.0,3,0,18,18,zero,
llm_iterative,base,1,199,2,20,1.0,1,0,20,20,zero,
llm_iterative,base,1,200,0,20,239.0,0,239,17,17,zero,
llm_iterative,base,1,200,1,20,6.0,6,0,18,18,zero,
llm_iterative,base,1,200,2,20,1.0,0,1,16,16,zero,
llm_iterative,shock,0,1,0,10,10.0,10,0,10,10,zero,
llm_iterative,shock,0,1,1,10,10.0,10,0,15,15,zero,
llm_iterative,shock,0,1,2,10,5.0,5,0,0,0,zero,
llm_iterative,shock,0,2,0,10,10.0,10,0,10,10,zero,
llm_iterative,shock,0,2,1,10,10.0,10,0,1,1,zero,
llm_iterative,shock,0,2,2,10,14.0,14,0,20,20,zero,
llm_iterative,shock,0,3,0,8,12.0,12,0,10,10,zero,
llm_iterative,shock,0,3,1,8,10.0,10,0,15,15,zero,
llm_iterative,shock,0,3,2,8,9.0,9,0,3,3,zero,
llm_iterative,shock,0,4,0,8,14.0,14,0,2,2,zero,
llm_iterative,shock,0,4,1,8,18.0,18,0,15,15,zero,
llm_iterative,shock,0,4,2,8,4.0,4,0,20,20,zero,
llm_iterative,shock,0,5,0,8,16.0,16,0,6,6,zero,
llm_iterative,shock,0,5,1,8,27.0,27,0,0,0,zero,
llm_iterative,shock,0,5,2,8,4.0,4,0,20,20,zero,
llm_iterative,shock,0,6,0,8,18.0,18,0,6,6,zero,
llm_iterative,shock,0,6,1,8,22.0,22,0,1,1,zero,
llm_iterative,shock,0,6,2,8,23.0,23,0,0,0,zero,
llm_iterative,shock,0,7,0,9,19.0,19,0,9,9,zero,
llm_iterative,shock,0,7,1,9,28.0,28,0,1,1,zero,
llm_iterative,shock,0,7,2,9,25.0,25,0,0,0,zero,
llm_iterative,shock,0,8,0,8,13.0,13,0,9,9,zero,
llm_iterative,shock,0,8,1,8,34.0,34,0,1,1,zero,
llm_iterative,shock,0,8,2,8,44.0,44,0,0,0,zero,
llm_iterative,shock,0,9,0,7,12.0,12,0,4,4,zero,
llm_iterative,shock,0,9,1,7,30.0,30,0,15,15,zero,
llm_iterative,shock,0,9,2,7,49.0,49,0,0,0,zero,
llm_iterative,shock,0,10,0,8,10.0,10,0,4,4,zero,
llm_iterative,shock,0,10,1,8,27.0,27,0,1,1,zero,
llm_iterative,shock,0,10,2,8,48.0,48,0,0,0,zero,
llm_iterative,shock,0,11,0,8,11.0,11,0,10,10,zero,
llm_iterative,shock,0,11,1,8,18.0,18,0,1,1,zero,
llm_iterative,shock,0,11,2,8,47.0,47,0,0,0,zero,
llm_iterative,shock,0,12,0,9,11.0,11,0,6,6,zero,
llm_iterative,shock,0,12,1,9,13.0,13,0,11,11,zero,
llm_iterative,shock,0,12,2,9,36.0,36,0,0,0,zero,
llm_iterative,shock,0,13,0,8,7.0,7,0,9,9,zero,
llm_iterative,shock,0,13,1,8,19.0,19,0,1,1,zero,
llm_iterative,shock,0,13,2,8,35.0,35,0,0,0,zero,
llm_iterative,shock,0,14,0,9,2.0,2,0,9,9,zero,
llm_iterative,shock,0,14,1,9,11.0,11,0,15,15,zero,
llm_iterative,shock,0,14,2,9,20.0,20,0,0,0,zero,
llm_iterative,shock,0,15,0,9,3.0,3,0,9,9,zero,
llm_iterative,shock,0,15,1,9,3.0,3,0,3,3,zero,
llm_iterative,shock,0,15,2,9,17.0,17,0,16,16,zero,
llm_iterative,shock,0,16,0,10,1.0,0,1,9,9,zero,
llm_iterative,shock,0,16,1,10,5.0,5,0,15,15,zero,
llm_iterative,shock,0,16,2,10,2.0,2,0,3,3,zero,
llm_iterative,shock,0,17,0,10,2.0,0,2,10,10,zero,
llm_iterative,shock,0,17,1,10,4.0,0,4,3,3,zero,
llm_iterative,shock,0,17,2,10,1.0,0,1,20,20,zero,
llm_iterative,shock,0,18,0,9,2.0,0,2,10,10,zero,
llm_iterative,shock,0,18,1,9,1.0,1,0,15,15,zero,
llm_iterative,shock,0,18,2,9,16.0,0,16,20,20,zero,
llm_iterative,shock,0,19,0,8,1.0,0,1,10,10,zero,
llm_iterative,shock,0,19,1,8,6.0,0,6,15,15,zero,
llm_iterative,shock,0,19,2,8,15.0,0,15,20,20,zero,
llm_iterative,shock,0,20,0,10,2.0,0,2,10,10,zero,
llm_iterative,shock,0,20,1,10,1.0,0,1,15,15,zero,
llm_iterative,shock,0,20,2,10,27.0,0,27,16,16,zero,
llm_iterative,shock,0,21,0,10,6.0,0,6,6,6,zero,
llm_iterative,shock,0,21,1,10,5.0,0,5,15,15,zero,
llm_iterative,shock,0,21,2,10,22.0,0,22,16,16,zero,
llm_iterative,shock,0,22,0,10,2.0,0,2,19,19,zero,
llm_iterative,shock,0,22,1,10,24.0,0,24,3,3,zero,
llm_iterative,shock,0,22,2,10,5.0,0,5,16,16,zero,
llm_iterative,shock,0,23,0,11,9.0,0,9,10,10,zero,
llm_iterative,shock,0,23,1,11,18.0,0,18,15,15,zero,
llm_iterative,shock,0,23,2,11,-0.0,0,0,1,1,zero,
llm_iterative,shock,0,24,0,9,3.0,0,3,10,10,zero,
llm_iterative,shock,0,24,1,9,25.0,0,25,3,3,zero,
llm_iterative,shock,0,24,2,9,13.0,13,0,16,16,zero,
llm_iterative,shock,0,25,0,9,10.0,0,10,19,19,zero,
llm_iterative,shock,0,25,1,9,24.0,0,24,3,3,zero,
llm_iterative,shock,0,25,2,9,26.0,26,0,1,1,zero,
llm_iterative,shock,0,26,0,8,18.0,0,18,10,10,zero,
llm_iterative,shock,0,26,1,8,14.0,0,14,18,18,zero,
llm_iterative,shock,0,26,2,8,24.0,24,0,0,0,zero,
llm_iterative,shock,0,27,0,10,12.0,0,12,2,2,zero,
llm_iterative,shock,0,27,1,10,4.0,4,0,18,18,zero,
llm_iterative,shock,0,27,2,10,7.0,7,0,20,20,zero,
llm_iterative,shock,0,28,0,10,19.0,0,19,6,6,zero,
llm_iterative,shock,0,28,1,10,1.0,1,0,0,0,zero,
llm_iterative,shock,0,28,2,10,23.0,23,0,20,20,zero,
llm_iterative,shock,0,29,0,10,9.0,0,9,6,6,zero,
llm_iterative,shock,0,29,1,10,2.0,0,2,0,0,zero,
llm_iterative,shock,0,29,2,10,24.0,24,0,0,0,zero,
llm_iterative,shock,0,30,0,9,2.0,2,0,10,10,zero,
llm_iterative,shock,0,30,1,9,6.0,6,0,12,12,zero,
llm_iterative,shock,0,30,2,9,12.0,12,0,0,0,zero,
llm_iterative,shock,0,31,0,9,9.0,9,0,10,10,zero,
llm_iterative,shock,0,31,1,9,14.0,14,0,18,18,zero,
llm_iterative,shock,0,31,2,9,14.0,14,0,0,0,zero,
llm_iterative,shock,0,32,0,9,6.0,6,0,19,19,zero,
llm_iterative,shock,0,32,1,9,5.0,0,5,15,15,zero,
llm_iterative,shock,0,32,2,9,19.0,19,0,20,20,zero,
llm_iterative,shock,0,33,0,9,1.0,1,0,6,6,zero,
llm_iterative,shock,0,33,1,9,11.0,0,11,18,18,zero,
llm_iterative,shock,0,33,2,9,1.0,1,0,20,20,zero,
llm_iterative,shock,0,34,0,9,4.0,4,0,6,6,zero,
llm_iterative,shock,0,34,1,9,5.0,0,5,3,3,zero,
llm_iterative,shock,0,34,2,9,2.0,0,2,20,20,zero,
llm_iterative,shock,0,35,0,10,4.0,4,0,6,6,zero,
llm_iterative,shock,0,35,1,10,7.0,7,0,18,18,zero,
llm_iterative,shock,0,35,2,10,20.0,0,20,0,0,zero,
llm_iterative,shock,0,36,0,9,9.0,9,0,10,10,zero,
llm_iterative,shock,0,36,1,9,12.0,12,0,12,12,zero,
llm_iterative,shock,0,36,2,9,12.0,0,12,20,20,zero,
llm_iterative,shock,0,37,0,10,1.0,0,1,6,6,zero,
llm_iterative,shock,0,37,1,10,24.0,24,0,12,12,zero,
llm_iterative,shock,0,37,2,10,4.0,0,4,20,20,zero,
llm_iterative,shock,0,38,0,10,1.0,1,0,10,10,zero,
llm_iterative,shock,0,38,1,10,15.0,15,0,3,3,zero,
llm_iterative,shock,0,38,2,10,13.0,13,0,16,16,zero,
llm_iterative,shock,0,39,0,9,3.0,3,0,10,10,zero,
llm_iterative,shock,0,39,1,9,5.0,5,0,1,1,zero,
llm_iterative,shock,0,39,2,9,12.0,12,0,0,0,zero,
llm_iterative,shock,0,40,0,8,5.0,5,0,9,9,zero,
llm_iterative,shock,0,40,1,8,16.0,16,0,12,12,zero,
llm_iterative,shock,0,40,2,8,20.0,20,0,0,0,zero,
llm_iterative,shock,0,41,0,8,3.0,3,0,6,6,zero,
llm_iterative,shock,0,41,1,8,30.0,30,0,15,15,zero,
llm_iterative,shock,0,41,2,8,25.0,25,0,0,0,zero,
llm_iterative,shock,0,42,0,9,4.0,4,0,6,6,zero,
llm_iterative,shock,0,42,1,9,31.0,31,0,3,3,zero,
llm_iterative,shock,0,42,2,9,38.0,38,0,20,20,zero,
llm_iterative,shock,0,43,0,10,4.0,4,0,10,10,zero,
llm_iterative,shock,0,43,1,10,22.0,22,0,1,1,zero,
llm_iterative,shock,0,43,2,10,37.0,37,0,0,0,zero,
llm_iterative,shock,0,44,0,9,4.0,4,0,19,19,zero,
llm_iterative,shock,0,44,1,9,15.0,15,0,15,15,zero,
llm_iterative,shock,0,44,2,9,22.0,22,0,0,0,zero,
llm_iterative,shock,0,45,0,10,-0.0,0,0,9,9,zero,
llm_iterative,shock,0,45,1,10,21.0,21,0,15,15,zero,
llm_iterative,shock,0,45,2,10,7.0,7,0,1,1,zero,
llm_iterative,shock,0,46,0,10,4.0,0,4,6,6,zero,
llm_iterative,shock,0,46,1,10,18.0,18,0,15,15,zero,
llm_iterative,shock,0,46,2,10,12.0,12,0,20,20,zero,
llm_iterative,shock,0,47,0,10,4.0,0,4,6,6,zero,
llm_iterative,shock,0,47,1,10,13.0,13,0,3,3,zero,
llm_iterative,shock,0,47,2,10,9.0,9,0,20,20,zero,
llm_iterative,shock,0,48,0,10,5.0,5,0,10,10,zero,
llm_iterative,shock,0,48,1,10,18.0,18,0,1,1,zero,
llm_iterative,shock,0,48,2,10,8.0,8,0,0,0,zero,
llm_iterative,shock,0,49,0,12,2.0,2,0,19,19,zero,
llm_iterative,shock,0,49,1,12,14.0,14,0,5,5,zero,
llm_iterative,shock,0,49,2,12,4.0,4,0,0,0,zero,
llm_iterative,shock,0,50,0,11,3.0,0,3,9,9,zero,
llm_iterative,shock,0,50,1,11,20.0,20,0,15,15,zero,
llm_iterative,shock,0,50,2,11,9.0,9,0,0,0,zero,
llm_iterative,shock,0,51,0,13,10.0,0,10,10,10,zero,
llm_iterative,shock,0,51,1,13,13.0,13,0,15,15,zero,
llm_iterative,shock,0,51,2,13,14.0,14,0,0,0,zero,
llm_iterative,shock,0,52,0,12,12.0,0,12,10,10,zero,
llm_iterative,shock,0,52,1,12,4.0,4,0,15,15,zero,
llm_iterative,shock,0,52,2,12,1.0,0,1,20,20,zero,
llm_iterative,shock,0,53,0,11,4.0,0,4,10,10,zero,
llm_iterative,shock,0,53,1,11,1.0,0,1,3,3,zero,
llm_iterative,shock,0,53,2,11,4.0,0,4,20,20,zero,
llm_iterative,shock,0,54,0,11,6.0,0,6,19,19,zero,
llm_iterative,shock,0,54,1,11,5.0,0,5,15,15,zero,
llm_iterative,shock,0,54,2,11,19.0,0,19,0,0,zero,
llm_iterative,shock,0,55,0,10,6.0,0,6,10,10,zero,
llm_iterative,shock,0,55,1,10,-0.0,0,0,15,15,zero,
llm_iterative,shock,0,55,2,10,34.0,0,34,20,20,zero,
llm_iterative,shock,0,56,0,11,7.0,0,7,10,10,zero,
llm_iterative,shock,0,56,1,11,4.0,4,0,15,15,zero,
llm_iterative,shock,0,56,2,11,29.0,0,29,20,20,zero,
llm_iterative,shock,0,57,0,11,9.0,0,9,10,10,zero,
llm_iterative,shock,0,57,1,11,6.0,0,6,15,15,zero,
llm_iterative,shock,0,57,2,11,24.0,0,24,20,20,zero,
llm_iterative,shock,0,58,0,12,6.0,0,6,10,10,zero,
llm_iterative,shock,0,58,1,12,16.0,0,16,3,3,zero,
llm_iterative,shock,0,58,2,12,27.0,0,27,20,20,zero,
llm_iterative,shock,0,59,0,10,1.0,0,1,19,19,zero,
llm_iterative,shock,0,59,1,10,35.0,0,35,18,18,zero,
llm_iterative,shock,0,59,2,10,25.0,0,25,0,0,zero,
llm_iterative,shock,0,60,0,11,2.0,0,2,19,19,zero,
llm_iterative,shock,0,60,1,11,34.0,0,34,18,18,zero,
llm_iterative,shock,0,60,2,11,23.0,0,23,20,20,zero,
llm_iterative,shock,0,61,0,11,9.0,0,9,9,9,zero,
llm_iterative,shock,0,61,1,11,23.0,0,23,18,18,zero,
llm_iterative,shock,0,61,2,11,21.0,0,21,20,20,zero,
llm_iterative,shock,0,62,0,11,20.0,0,20,10,10,zero,
llm_iterative,shock,0,62,1,11,33.0,0,33,18,18,zero,
llm_iterative,shock,0,62,2,11,19.0,0,19,20,20,zero,
llm_iterative,shock,0,63,0,11,31.0,0,31,17,17,zero,
llm_iterative,shock,0,63,1,11,30.0,0,30,0,0,zero,
llm_iterative,shock,0,63,2,11,19.0,0,19,20,20,zero,
llm_iterative,shock,0,64,0,10,21.0,0,21,10,10,zero,
llm_iterative,shock,0,64,1,10,20.0,0,20,18,18,zero,
llm_iterative,shock,0,64,2,10,17.0,0,17,0,0,zero,
llm_iterative,shock,0,65,0,10,11.0,0,11,6,6,zero,
llm_iterative,shock,0,65,1,10,6.0,0,6,18,18,zero,
llm_iterative,shock,0,65,2,10,15.0,0,15,20,20,zero,
llm_iterative,shock,0,66,0,9,20.0,0,20,6,6,zero,
llm_iterative,shock,0,66,1,9,8.0,8,0,18,18,zero,
llm_iterative,shock,0,66,2,9,13.0,0,13,20,20,zero,
llm_iterative,shock,0,67,0,8,8.0,0,8,6,6,zero,
llm_iterative,shock,0,67,1,8,2.0,2,0,0,0,zero,
llm_iterative,shock,0,67,2,8,7.0,7,0,20,20,zero,
llm_iterative,shock,0,68,0,9,3.0,3,0,6,6,zero,
llm_iterative,shock,0,68,1,9,16.0,16,0,0,0,zero,
llm_iterative,shock,0,68,2,9,7.0,7,0,3,3,zero,
llm_iterative,shock,0,69,0,10,13.0,13,0,6,6,zero,
llm_iterative,shock,0,69,1,10,30.0,30,0,0,0,zero,
llm_iterative,shock,0,69,2,10,27.0,27,0,0,0,zero,
llm_iterative,shock,0,70,0,9,16.0,16,0,19,19,zero,
llm_iterative,shock,0,70,1,9,31.0,31,0,0,0,zero,
llm_iterative,shock,0,70,2,9,47.0,47,0,0,0,zero,
llm_iterative,shock,0,71,0,9,13.0,13,0,9,9,zero,
llm_iterative,shock,0,71,1,9,35.0,35,0,18,18,zero,
llm_iterative,shock,0,71,2,9,49.0,49,0,0,0,zero,
llm_iterative,shock,0,72,0,9,10.0,10,0,10,10,zero,
llm_iterative,shock,0,72,1,9,25.0,25,0,15,15,zero,
llm_iterative,shock,0,72,2,9,37.0,37,0,0,0,zero,
llm_iterative,shock,0,73,0,9,7.0,7,0,6,6,zero,
llm_iterative,shock,0,73,1,9,19.0,19,0,15,15,zero,
llm_iterative,shock,0,73,2,9,22.0,22,0,20,20,zero,
llm_iterative,shock,0,74,0,9,17.0,17,0,6,6,zero,
llm_iterative,shock,0,74,1,9,13.0,13,0,3,3,zero,
llm_iterative,shock,0,74,2,9,19.0,19,0,20,20,zero,
llm_iterative,shock,0,75,0,9,17.0,17,0,6,6,zero,
llm_iterative,shock,0,75,1,9,25.0,25,0,1,1,zero,
llm_iterative,shock,0,75,2,9,18.0,18,0,0,0,zero,
llm_iterative,shock,0,76,0,8,19.0,19,0,9,9,zero,
llm_iterative,shock,0,76,1,8,31.0,31,0,1,1,zero,
llm_iterative,shock,0,76,2,8,17.0,17,0,0,0,zero,
llm_iterative,shock,0,77,0,8,17.0,17,0,9,9,zero,
llm_iterative,shock,0,77,1,8,37.0,37,0,1,1,zero,
llm_iterative,shock,0,77,2,8,36.0,36,0,0,0,zero,
llm_iterative,shock,0,78,0,8,15.0,15,0,4,4,zero,
llm_iterative,shock,0,78,1,8,36.0,36,0,15,15,zero,
llm_iterative,shock,0,78,2,8,41.0,41,0,0,0,zero,
llm_iterative,shock,0,79,0,8,13.0,13,0,9,9,zero,
llm_iterative,shock,0,79,1,8,28.0,28,0,1,1,zero,
llm_iterative,shock,0,79,2,8,40.0,40,0,0,0,zero,
llm_iterative,shock,0,80,0,8,14.0,14,0,4,4,zero,
llm_iterative,shock,0,80,1,8,25.0,25,0,15,15,zero,
llm_iterative,shock,0,80,2,8,25.0,25,0,0,0,zero,
llm_iterative,shock,0,81,0,9,14.0,14,0,9,9,zero,
llm_iterative,shock,0,81,1,9,17.0,17,0,1,1,zero,
llm_iterative,shock,0,81,2,9,24.0,24,0,16,16,zero,
llm_iterative,shock,0,82,0,9,9.0,9,0,9,9,zero,
llm_iterative,shock,0,82,1,9,23.0,23,0,1,1,zero,
llm_iterative,shock,0,82,2,9,23.0,23,0,0,0,zero,
llm_iterative,shock,0,83,0,8,10.0,10,0,9,9,zero,
llm_iterative,shock,0,83,1,8,15.0,15,0,1,1,zero,
llm_iterative,shock,0,83,2,8,22.0,22,0,0,0,zero,
llm_iterative,shock,0,84,0,8,6.0,6,0,9,9,zero,
llm_iterative,shock,0,84,1,8,21.0,21,0,15,15,zero,
llm_iterative,shock,0,84,2,8,7.0,7,0,0,0,zero,
llm_iterative,shock,0,85,0,9,6.0,6,0,2,2,zero,
llm_iterative,shock,0,85,1,9,20.0,20,0,15,15,zero,
llm_iterative,shock,0,85,2,9,8.0,8,0,0,0,zero,
llm_iterative,shock,0,86,0,9,6.0,6,0,10,10,zero,
llm_iterative,shock,0,86,1,9,11.0,11,0,1,1,zero,
llm_iterative,shock,0,86,2,9,7.0,7,0,20,20,zero,
llm_iterative,shock,0,87,0,10,5.0,5,0,10,10,zero,
llm_iterative,shock,0,87,1,10,2.0,2,0,1,1,zero,
llm_iterative,shock,0,87,2,10,6.0,6,0,20,20,zero,
llm_iterative,shock,0,88,0,9,5.0,5,0,9,9,zero,
llm_iterative,shock,0,88,1,9,8.0,8,0,15,15,zero,
llm_iterative,shock,0,88,2,9,9.0,0,9,0,0,zero,
llm_iterative,shock,0,89,0,10,3.0,0,3,9,9,zero,
llm_iterative,shock,0,89,1,10,14.0,14,0,15,15,zero,
llm_iterative,shock,0,89,2,10,24.0,0,24,0,0,zero,
llm_iterative,shock,0,90,0,10,3.0,0,3,10,10,zero,
llm_iterative,shock,0,90,1,10,5.0,5,0,15,15,zero,
llm_iterative,shock,0,90,2,10,19.0,0,19,20,20,zero,
llm_iterative,shock,0,91,0,9,2.0,0,2,10,10,zero,
llm_iterative,shock,0,91,1,9,4.0,0,4,11,11,zero,
llm_iterative,shock,0,91,2,9,10.0,0,10,20,20,zero,
llm_iterative,shock,0,92,0,10,3.0,0,3,10,10,zero,
llm_iterative,shock,0,92,1,10,8.0,0,8,11,11,zero,
llm_iterative,shock,0,92,2,10,21.0,0,21,20,20,zero,
llm_iterative,shock,0,93,0,8,2.0,0,2,10,10,zero,
llm_iterative,shock,0,93,1,8,18.0,0,18,15,15,zero,
llm_iterative,shock,0,93,2,8,36.0,0,36,20,20,zero,
llm_iterative,shock,0,94,0,8,-0.0,0,0,10,10,zero,
llm_iterative,shock,0,94,1,8,8.0,0,8,15,15,zero,
llm_iterative,shock,0,94,2,8,31.0,0,31,17,17,zero,
llm_iterative,shock,0,95,0,8,2.0,0,2,6,6,zero,
llm_iterative,shock,0,95,1,8,6.0,6,0,15,15,zero,
llm_iterative,shock,0,95,2,8,26.0,0,26,20,20,zero,
llm_iterative,shock,0,96,0,9,5.0,0,5,6,6,zero,
llm_iterative,shock,0,96,1,9,-0.0,0,0,3,3,zero,
llm_iterative,shock,0,96,2,9,9.0,0,9,16,16,zero,
llm_iterative,shock,0,97,0,8,13.0,0,13,6,6,zero,
llm_iterative,shock,0,97,1,8,6.0,0,6,0,0,zero,
llm_iterative,shock,0,97,2,8,11.0,11,0,0,0,zero,
llm_iterative,shock,0,98,0,11,4.0,0,4,6,6,zero,
llm_iterative,shock,0,98,1,11,8.0,8,0,0,0,zero,
llm_iterative,shock,0,98,2,11,28.0,28,0,0,0,zero,
llm_iterative,shock,0,99,0,12,2.0,0,2,10,10,zero,
llm_iterative,shock,0,99,1,12,18.0,18,0,1,1,zero,
llm_iterative,shock,0,99,2,12,47.0,47,0,0,0,zero,
llm_iterative,shock,0,100,0,12,8.0,0,8,19,19,zero,100
llm_iterative,shock,0,100,1,12,19.0,19,0,12,12,zero,100
llm_iterative,shock,0,100,2,12,51.0,51,0,0,0,zero,100
llm_iterative,shock,0,101,0,11,19.0,0,19,10,10,zero,100
llm_iterative,shock,0,101,1,11,18.0,18,0,18,18,zero,100
llm_iterative,shock,0,101,2,11,33.0,33,0,1,1,zero,100
llm_iterative,shock,0,102,0,11,18.0,0,18,19,19,zero,100
llm_iterative,shock,0,102,1,11,1.0,0,1,15,15,zero,100
llm_iterative,shock,0,102,2,11,18.0,18,0,20,20,zero,100
llm_iterative,shock,0,103,0,11,19.0,0,19,10,10,zero,100
llm_iterative,shock,0,103,1,11,10.0,0,10,18,18,zero,100
llm_iterative,shock,0,103,2,11,-0.0,0,0,20,20,zero,100
llm_iterative,shock,0,104,0,11,11.0,0,11,10,10,zero,100
llm_iterative,shock,0,104,1,11,8.0,0,8,15,15,zero,100
llm_iterative,shock,0,104,2,11,15.0,0,15,20,20,zero,100
llm_iterative,shock,0,105,0,11,12.0,0,12,10,10,zero,100
llm_iterative,shock,0,105,1,11,-0.0,0,0,18,18,zero,100
llm_iterative,shock,0,105,2,11,32.0,0,32,20,20,zero,100
llm_iterative,shock,0,106,0,11,5.0,0,5,10,10,zero,100
llm_iterative,shock,0,106,1,11,5.0,5,0,18,18,zero,100
llm_iterative,shock,0,106,2,11,30.0,0,30,20,20,zero,100
llm_iterative,shock,0,107,0,9,13.0,0,13,19,19,zero,100
llm_iterative,shock,0,107,1,9,4.0,4,0,15,15,zero,100
llm_iterative,shock,0,107,2,9,25.0,0,25,20,20,zero,100
llm_iterative,shock,0,108,0,9,10.0,0,10,6,6,zero,100
llm_iterative,shock,0,108,1,9,2.0,0,2,18,18,zero,100
llm_iterative,shock,0,108,2,9,23.0,0,23,16,16,zero,100
llm_iterative,shock,0,109,0,9,1.0,0,1,10,10,zero,100
llm_iterative,shock,0,109,1,9,11.0,0,11,3,3,zero,100
llm_iterative,shock,0,109,2,9,6.0,0,6,20,20,zero,100
llm_iterative,shock,0,110,0,9,-0.0,0,0,10,10,zero,100
llm_iterative,shock,0,110,1,9,1.0,0,1,0,0,zero,100
llm_iterative,shock,0,110,2,9,14.0,14,0,16,16,zero,100
llm_iterative,shock,0,111,0,11,8.0,8,0,6,6,zero,100
llm_iterative,shock,0,111,1,11,13.0,13,0,18,18,zero,100
llm_iterative,shock,0,111,2,11,16.0,16,0,0,0,zero,100
llm_iterative,shock,0,112,0,11,1.0,1,0,19,19,zero,100
llm_iterative,shock,0,112,1,11,14.0,14,0,0,0,zero,100
llm_iterative,shock,0,112,2,11,32.0,32,0,1,1,zero,100
llm_iterative,shock,0,113,0,9,7.0,0,7,6,6,zero,100
llm_iterative,shock,0,113,1,9,28.0,28,0,18,18,zero,100
llm_iterative,shock,0,113,2,9,34.0,34,0,0,0,zero,100
llm_iterative,shock,0,114,0,11,2.0,2,0,6,6,zero,100
llm_iterative,shock,0,114,1,11,28.0,28,0,3,3,zero,100
llm_iterative,shock,0,114,2,11,47.0,47,0,1,1,zero,100
llm_iterative,shock,0,115,0,9,-0.0,0,0,6,6,zero,100
llm_iterative,shock,0,115,1,9,40.0,40,0,1,1,zero,100
llm_iterative,shock,0,115,2,9,46.0,46,0,0,0,zero,100
llm_iterative,shock,0,116,0,8,11.0,11,0,10,10,zero,100
llm_iterative,shock,0,116,1,8,30.0,30,0,1,1,zero,100
llm_iterative,shock,0,116,2,8,46.0,46,0,0,0,zero,100
llm_iterative,shock,0,117,0,8,9.0,9,0,6,6,zero,100
llm_iterative,shock,0,117,1,8,42.0,42,0,1,1,zero,100
llm_iterative,shock,0,117,2,8,45.0,45,0,0,0,zero,100
llm_iterative,shock,0,118,0,8,7.0,7,0,19,19,zero,100
llm_iterative,shock,0,118,1,8,26.0,26,0,1,1,zero,100
llm_iterative,shock,0,118,2,8,45.0,45,0,0,0,zero,100
llm_iterative,shock,0,119,0,6,7.0,7,0,6,6,zero,100
llm_iterative,shock,0,119,1,6,21.0,21,0,15,15,zero,100
llm_iterative,shock,0,119,2,6,30.0,30,0,0,0,zero,100
llm_iterative,shock,0,120,0,5,12.0,12,0,2,2,zero,100
llm_iterative,shock,0,120,1,5,20.0,20,0,15,15,zero,100
llm_iterative,shock,0,120,2,5,15.0,15,0,0,0,zero,100
llm_iterative,shock,0,121,0,5,13.0,13,0,0,0,zero,100
llm_iterative,shock,0,121,1,5,21.0,21,0,1,1,zero,100
llm_iterative,shock,0,121,2,5,14.0,14,0,20,20,zero,100
llm_iterative,shock,0,122,0,3,29.0,29,0,0,0,zero,100
llm_iterative,shock,0,122,1,3,22.0,22,0,0,0,zero,100
llm_iterative,shock,0,122,2,3,14.0,14,0,3,3,zero,100
llm_iterative,shock,0,123,0,3,32.0,32,0,0,0,zero,100
llm_iterative,shock,0,123,1,3,37.0,37,0,0,0,zero,100
llm_iterative,shock,0,123,2,3,14.0,14,0,0,0,zero,100
llm_iterative,shock,0,124,0,5,29.0,29,0,0,0,zero,100
llm_iterative,shock,0,124,1,5,52.0,52,0,0,0,zero,100
llm_iterative,shock,0,124,2,5,14.0,14,0,0,0,zero,100
llm_iterative,shock,0,125,0,5,24.0,24,0,0,0,zero,100
llm_iterative,shock,0,125,1,5,53.0,53,0,0,0,zero,100
llm_iterative,shock,0,125,2,5,34.0,34,0,0,0,zero,100
llm_iterative,shock,0,126,0,5,19.0,19,0,2,2,zero,100
llm_iterative,shock,0,126,1,5,51.0,51,0,0,0,zero,100
llm_iterative,shock,0,126,2,5,37.0,37,0,0,0,zero,100
llm_iterative,shock,0,127,0,5,14.0,14,0,9,9,zero,100
llm_iterative,shock,0,127,1,5,42.0,42,0,0,0,zero,100
llm_iterative,shock,0,127,2,5,37.0,37,0,0,0,zero,100
llm_iterative,shock,0,128,0,3,11.0,11,0,2,2,zero,100
llm_iterative,shock,0,128,1,3,40.0,40,0,1,1,zero,100
llm_iterative,shock,0,128,2,3,36.0,36,0,0,0,zero,100
llm_iterative,shock,0,129,0,3,8.0,8,0,2,2,zero,100
llm_iterative,shock,0,129,1,3,38.0,38,0,1,1,zero,100
llm_iterative,shock,0,129,2,3,35.0,35,0,0,0,zero,100
llm_iterative,shock,0,130,0,3,7.0,7,0,0,0,zero,100
llm_iterative,shock,0,130,1,3,38.0,38,0,1,1,zero,100
llm_iterative,shock,0,130,2,3,34.0,34,0,0,0,zero,100
llm_iterative,shock,0,131,0,2,14.0,14,0,0,0,zero,100
llm_iterative,shock,0,131,1,2,38.0,38,0,1,1,zero,100
llm_iterative,shock,0,131,2,2,33.0,33,0,0,0,zero,100
llm_iterative,shock,0,132,0,2,14.0,14,0,0,0,zero,100
llm_iterative,shock,0,132,1,2,39.0,39,0,0,0,zero,100
llm_iterative,shock,0,132,2,2,33.0,33,0,0,0,zero,100
llm_iterative,shock,0,133,0,2,14.0,14,0,0,0,zero,100
llm_iterative,shock,0,133,1,2,40.0,40,0,0,0,zero,100
llm_iterative,shock,0,133,2,2,33.0,33,0,0,0,zero,100
llm_iterative,shock,0,134,0,3,11.0,11,0,0,0,zero,100
llm_iterative,shock,0,134,1,3,41.0,41,0,0,0,zero,100
llm_iterative,shock,0,134,2,3,33.0,33,0,0,0,zero,100
llm_iterative,shock,0,135,0,2,9.0,9,0,2,2,zero,100
llm_iterative,shock,0,135,1,2,40.0,40,0,0,0,zero,100
llm_iterative,shock,0,135,2,2,33.0,33,0,0,0,zero,100
llm_iterative,shock,0,136,0,3,6.0,6,0,0,0,zero,100
llm_iterative,shock,0,136,1,3,40.0,40,0,0,0,zero,100
llm_iterative,shock,0,136,2,3,33.0,33,0,0,0,zero,100
llm_iterative,shock,0,137,0,3,3.0,3,0,9,9,zero,100
llm_iterative,shock,0,137,1,3,31.0,31,0,0,0,zero,100
llm_iterative,shock,0,137,2,3,33.0,33,0,0,0,zero,100
llm_iterative,shock,0,138,0,2,1.0,1,0,2,2,zero,100
llm_iterative,shock,0,138,1,2,29.0,29,0,1,1,zero,100
llm_iterative,shock,0,138,2,2,32.0,32,0,0,0,zero,100
llm_iterative,shock,0,139,0,2,1.0,1,0,0,0,zero,100
llm_iterative,shock,0,139,1,2,29.0,29,0,1,1,zero,100
llm_iterative,shock,0,139,2,2,31.0,31,0,0,0,zero,100
llm_iterative,shock,0,140,0,3,2.0,0,2,0,0,zero,100
llm_iterative,shock,0,140,1,3,29.0,29,0,1,1,zero,100
llm_iterative,shock,0,140,2,3,30.0,30,0,0,0,zero,100
llm_iterative,shock,0,141,0,2,5.0,5,0,6,6,zero,100
llm_iterative,shock,0,141,1,2,23.0,23,0,0,0,zero,100
llm_iterative,shock,0,141,2,2,30.0,30,0,0,0,zero,100
llm_iterative,shock,0,142,0,3,4.0,4,0,0,0,zero,100
llm_iterative,shock,0,142,1,3,24.0,24,0,1,1,zero,100
llm_iterative,shock,0,142,2,3,29.0,29,0,0,0,zero,100
llm_iterative,shock,0,143,0,3,1.0,1,0,6,6,zero,100
llm_iterative,shock,0,143,1,3,19.0,19,0,1,1,zero,100
llm_iterative,shock,0,143,2,3,28.0,28,0,0,0,zero,100
llm_iterative,shock,0,144,0,3,2.0,0,2,2,2,zero,100
llm_iterative,shock,0,144,1,3,18.0,18,0,1,1,zero,100
llm_iterative,shock,0,144,2,3,27.0,27,0,0,0,zero,100
llm_iterative,shock,0,145,0,2,2.0,2,0,2,2,zero,100
llm_iterative,shock,0,145,1,2,16.0,16,0,1,1,zero,100
llm_iterative,shock,0,145,2,2,26.0,26,0,0,0,zero,100
llm_iterative,shock,0,146,0,2,-0.0,0,0,0,0,zero,100
llm_iterative,shock,0,146,1,2,17.0,17,0,1,1,zero,100
llm_iterative,shock,0,146,2,2,25.0,25,0,0,0,zero,100
llm_iterative,shock,0,147,0,2,4.0,4,0,2,2,zero,100
llm_iterative,shock,0,147,1,2,16.0,16,0,1,1,zero,100
llm_iterative,shock,0,147,2,2,24.0,24,0,0,0,zero,100
llm_iterative,shock,0,148,0,2,4.0,4,0,0,0,zero,100
llm_iterative,shock,0,148,1,2,17.0,17,0,1,1,zero,100
llm_iterative,shock,0,148,2,2,23.0,23,0,0,0,zero,100
llm_iterative,shock,0,149,0,2,4.0,4,0,2,2,zero,100
llm_iterative,shock,0,149,1,2,16.0,16,0,0,0,zero,100
llm_iterative,shock,0,149,2,2,23.0,23,0,0,0,zero,100
llm_iterative,shock,0,150,0,3,1.0,1,0,0,0,llm_r0_1,100
llm_iterative,shock,0,150,1,3,17.0,17,0,0,0,llm_r0_1,100
llm_iterative,shock,0,150,2,3,23.0,23,0,0,1,llm_r0_1,100
llm_iterative,shock,0,151,0,3,-0.0,0,0,6,6,llm_r0_1,100
llm_iterative,shock,0,151,1,3,12.0,12,0,0,0,llm_r0_1,100
llm_iterative,shock,0,151,2,3,23.0,23,0,0,1,llm_r0_1,100
llm_iterative,shock,0,152,0,3,3.0,0,3,2,2,llm_r0_1,100
llm_iterative,shock,0,152,1,3,11.0,11,0,1,2,llm_r0_1,100
llm_iterative,shock,0,152,2,3,21.0,21,0,0,1,llm_r0_1,100
llm_iterative,shock,0,153,0,3,4.0,0,4,6,8,llm_r0_1,100
llm_iterative,shock,0,153,1,3,3.0,3,0,1,3,llm_r0_1,100
llm_iterative,shock,0,153,2,3,18.0,18,0,0,2,llm_r0_1,100
llm_iterative,shock,0,154,0,3,7.0,0,7,2,4,llm_r0_1,100
llm_iterative,shock,0,154,1,3,1.0,0,1,15,17,llm_r0_1,100
llm_iterative,shock,0,154,2,3,2.0,2,0,0,1,llm_r0_1,100
llm_iterative,shock,0,155,0,4,5.0,0,5,6,6,zero,100
llm_iterative,shock,0,155,1,4,7.0,0,7,1,1,zero,100
llm_iterative,shock,0,155,2,4,2.0,2,0,1,1,zero,100
llm_iterative,shock,0,156,0,3,6.0,0,6,6,6,zero,100
llm_iterative,shock,0,156,1,3,11.0,0,11,15,15,zero,100
llm_iterative,shock,0,156,2,3,12.0,0,12,20,20,zero,100
llm_iterative,shock,0,157,0,3,1.0,0,1,6,6,zero,100
llm_iterative,shock,0,157,1,3,14.0,0,14,11,11,zero,100
llm_iterative,shock,0,157,2,3,21.0,0,21,20,20,zero,100
llm_iterative,shock,0,158,0,3,1.0,0,1,6,6,zero,100
llm_iterative,shock,0,158,1,3,3.0,0,3,15,15,zero,100
llm_iterative,shock,0,158,2,3,35.0,0,35,20,20,zero,100
llm_iterative,shock,0,159,0,3,4.0,0,4,2,2,zero,100
llm_iterative,shock,0,159,1,3,4.0,0,4,15,15,zero,100
llm_iterative,shock,0,159,2,3,49.0,0,49,20,20,zero,100
llm_iterative,shock,0,160,0,3,5.0,0,5,0,0,zero,100
llm_iterative,shock,0,160,1,3,1.0,0,1,15,15,zero,100
llm_iterative,shock,0,160,2,3,44.0,0,44,20,20,zero,100
llm_iterative,shock,0,161,0,4,6.0,0,6,6,6,zero,100
llm_iterative,shock,0,161,1,4,5.0,0,5,0,0,zero,100
llm_iterative,shock,0,161,2,4,24.0,0,24,20,20,zero,100
llm_iterative,shock,0,162,0,4,7.0,7,0,6,6,zero,100
llm_iterative,shock,0,162,1,4,10.0,0,10,0,0,zero,100
llm_iterative,shock,0,162,2,4,4.0,0,4,0,0,zero,100
llm_iterative,shock,0,163,0,4,4.0,4,0,10,10,zero,100
llm_iterative,shock,0,163,1,4,19.0,0,19,0,0,zero,100
llm_iterative,shock,0,163,2,4,16.0,16,0,0,0,zero,100
llm_iterative,shock,0,164,0,3,4.0,4,0,19,19,zero,100
llm_iterative,shock,0,164,1,3,18.0,0,18,0,0,zero,100
llm_iterative,shock,0,164,2,3,36.0,36,0,0,0,zero,100
llm_iterative,shock,0,165,0,3,3.0,3,0,9,9,zero,100
llm_iterative,shock,0,165,1,3,7.0,0,7,18,18,zero,100
llm_iterative,shock,0,165,2,3,38.0,38,0,0,0,zero,100
llm_iterative,shock,0,166,0,3,1.0,1,0,2,2,zero,100
llm_iterative,shock,0,166,1,3,11.0,11,0,18,18,zero,100
llm_iterative,shock,0,166,2,3,20.0,20,0,16,16,zero,100
llm_iterative,shock,0,167,0,3,1.0,0,1,0,0,zero,100
llm_iterative,shock,0,167,1,3,15.0,15,0,0,0,zero,100
llm_iterative,shock,0,167,2,3,20.0,20,0,20,20,zero,100
llm_iterative,shock,0,168,0,3,16.0,16,0,0,0,zero,100
llm_iterative,shock,0,168,1,3,15.0,15,0,0,0,zero,100
llm_iterative,shock,0,168,2,3,20.0,20,0,0,0,zero,100
llm_iterative,shock,0,169,0,3,33.0,33,0,0,0,zero,100
llm_iterative,shock,0,169,1,3,33.0,33,0,0,0,zero,100
llm_iterative,shock,0,169,2,3,20.0,20,0,0,0,zero,100
llm_iterative,shock,0,170,0,3,39.0,39,0,0,0,zero,100
llm_iterative,shock,0,170,1,3,51.0,51,0,0,0,zero,100
llm_iterative,shock,0,170,2,3,36.0,36,0,0,0,zero,100
llm_iterative,shock,0,171,0,3,36.0,36,0,0,0,zero,100
llm_iterative,shock,0,171,1,3,51.0,51,0,0,0,zero,100
llm_iterative,shock,0,171,2,3,56.0,56,0,0,0,zero,100
llm_iterative,shock,0,172,0,3,33.0,33,0,0,0,zero,100
llm_iterative,shock,0,172,1,3,51.0,51,0,0,0,zero,100
llm_iterative,shock,0,172,2,3,56.0,56,0,0,0,zero,100
llm_iterative,shock,0,173,0,3,30.0,30,0,0,0,zero,100
llm_iterative,shock,0,173,1,3,51.0,51,0,0,0,zero,100
llm_iterative,shock,0,173,2,3,56.0,56,0,0,0,zero,100
llm_iterative,shock,0,174,0,3,27.0,27,0,0,0,zero,100
llm_iterative,shock,0,174,1,3,51.0,51,0,0,0,zero,100
llm_iterative,shock,0,174,2,3,56.0,56,0,0,0,zero,100
llm_iterative,shock,0,175,0,3,24.0,24,0,0,0,zero,100
llm_iterative,shock,0,175,1,3,51.0,51,0,0,0,zero,100
llm_iterative,shock,0,175,2,3,56.0,56,0,0,0,zero,100
llm_iterative,shock,0,176,0,2,22.0,22,0,0,0,zero,100
llm_iterative,shock,0,176,1,2,51.0,51,0,0,0,zero,100
llm_iterative,shock,0,176,2,2,56.0,56,0,0,0,zero,100
llm_iterative,shock,0,177,0,3,19.0,19,0,0,0,zero,100
llm_iterative,shock,0,177,1,3,51.0,51,0,0,0,zero,100
llm_iterative,shock,0,177,2,3,56.0,56,0,0,0,zero,100
llm_iterative,shock,0,178,0,3,16.0,16,0,0,0,zero,100
llm_iterative,shock,0,178,1,3,51.0,51,0,0,0,zero,100
llm_iterative,shock,0,178,2,3,56.0,56,0,0,0,zero,100
llm_iterative,shock,0,179,0,3,13.0,13,0,2,2,zero,100
llm_iterative,shock,0,179,1,3,49.0,49,0,0,0,zero,100
llm_iterative,shock,0,179,2,3,56.0,56,0,0,0,zero,100
llm_iterative,shock,0,180,0,3,10.0,10,0,2,2,zero,100
llm_iterative,shock,0,180,1,3,47.0,47,0,0,0,zero,100
llm_iterative,shock,0,180,2,3,56.0,56,0,0,0,zero,100
llm_iterative,shock,0,181,0,3,7.0,7,0,2,2,zero,100
llm_iterative,shock,0,181,1,3,45.0,45,0,0,0,zero,100
llm_iterative,shock,0,181,2,3,56.0,56,0,0,0,zero,100
llm_iterative,shock,0,182,0,3,4.0,4,0,2,2,zero,100
llm_iterative,shock,0,182,1,3,43.0,43,0,0,0,zero,100
llm_iterative,shock,0,182,2,3,56.0,56,0,0,0,zero,100
llm_iterative,shock,0,183,0,3,3.0,3,0,2,2,zero,100
llm_iterative,shock,0,183,1,3,41.0,41,0,0,0,zero,100
llm_iterative,shock,0,183,2,3,56.0,56,0,0,0,zero,100
llm_iterative,shock,0,184,0,4,1.0,1,0,2,2,zero,100
llm_iterative,shock,0,184,1,4,39.0,39,0,0,0,zero,100
llm_iterative,shock,0,184,2,4,56.0,56,0,0,0,zero,100
llm_iterative,shock,0,185,0,4,1.0,0,1,9,9,llm_r1_0,100
llm_iterative,shock,0,185,1,4,30.0,30,0,1,1,llm_r1_0,100
llm_iterative,shock,0,185,2,4,55.0,55,0,0,0,llm_r1_0,100
llm_iterative,shock,0,186,0,4,3.0,0,3,2,3,llm_r1_0,100
llm_iterative,shock,0,186,1,4,27.0,27,0,1,1,llm_r1_0,100
llm_iterative,shock,0,186,2,4,54.0,54,0,0,0,llm_r1_0,100
llm_iterative,shock,0,187,0,5,6.0,0,6,6,8,llm_r1_0,100
llm_iterative,shock,0,187,1,5,19.0,19,0,1,2,llm_r1_0,100
llm_iterative,shock,0,187,2,5,52.0,52,0,0,0,llm_r1_0,100
llm_iterative,shock,0,188,0,5,9.0,0,9,6,10,llm_r1_0,100
llm_iterative,shock,0,188,1,5,9.0,9,0,15,16,llm_r1_0,100
llm_iterative,shock,0,188,2,5,36.0,36,0,0,0,llm_r1_0,100
llm_iterative,shock,0,189,0,4,4.0,0,4,6,12,llm_r1_0,100
llm_iterative,shock,0,189,1,4,2.0,0,2,11,12,llm_r1_0,100
llm_iterative,shock,0,189,2,4,24.0,24,0,0,1,llm_r1_0,100
llm_iterative,shock,0,190,0,4,5.0,0,5,0,0,zero,100
llm_iterative,shock,0,190,1,4,1.0,0,1,15,15,zero,100
llm_iterative,shock,0,190,2,4,9.0,9,0,19,19,zero,100
llm_iterative,shock,0,191,0,4,1.0,0,1,0,0,zero,100
llm_iterative,shock,0,191,1,4,1.0,1,0,1,1,zero,100
llm_iterative,shock,0,191,2,4,8.0,8,0,20,20,zero,100
llm_iterative,shock,0,192,0,4,5.0,5,0,6,6,zero,100
llm_iterative,shock,0,192,1,4,11.0,11,0,0,0,zero,100
llm_iterative,shock,0,192,2,4,8.0,8,0,0,0,zero,100
llm_iterative,shock,0,193,0,5,10.0,10,0,2,2,zero,100
llm_iterative,shock,0,193,1,5,21.0,21,0,1,1,zero,100
llm_iterative,shock,0,193,2,5,8.0,8,0,0,0,zero,100
llm_iterative,shock,0,194,0,5,6.0,6,0,10,10,zero,100
llm_iterative,shock,0,194,1,5,26.0,26,0,0,0,zero,100
llm_iterative,shock,0,194,2,5,27.0,27,0,0,0,zero,100
llm_iterative,shock,0,195,0,5,2.0,2,0,6,9,llm_r0_2,100
llm_iterative,shock,0,195,1,5,18.0,18,0,15,18,llm_r0_2,100
llm_iterative,shock,0,195,2,5,29.0,29,0,0,0,llm_r0_2,100
llm_iterative,shock,0,196,0,4,4.0,4,0,2,6,llm_r0_2,100
llm_iterative,shock,0,196,1,4,12.0,12,0,15,18,llm_r0_2,100
llm_iterative,shock,0,196,2,4,11.0,11,0,1,1,llm_r0_2,100
llm_iterative,shock,0,197,0,4,2.0,2,0,0,3,llm_r0_2,100
llm_iterative,shock,0,197,1,4,10.0,10,0,1,4,llm_r0_2,100
llm_iterative,shock,0,197,2,4,7.0,7,0,20,20,llm_r0_2,100
llm_iterative,shock,0,198,0,5,7.0,7,0,0,3,llm_r0_2,100
llm_iterative,shock,0,198,1,5,7.0,7,0,0,3,llm_r0_2,100
llm_iterative,shock,0,198,2,5,4.0,4,0,20,20,llm_r0_2,100
llm_iterative,shock,0,199,0,6,10.0,10,0,6,9,llm_r0_2,100
llm_iterative,shock,0,199,1,6,16.0,16,0,0,2,llm_r0_2,100
llm_iterative,shock,0,199,2,6,2.0,2,0,0,0,llm_r0_2,100
llm_iterative,shock,0,200,0,6,10.0,10,0,2,5,llm_r0_2,100
llm_iterative,shock,0,200,1,6,29.0,29,0,1,3,llm_r0_2,100
llm_iterative,shock,0,200,2,6,-0.0,0,0,0,0,llm_r0_2,100
llm_iterative,shock,1,1,0,10,10.0,10,0,10,10,zero,
llm_iterative,shock,1,1,1,10,10.0,10,0,15,15,zero,
llm_iterative,shock,1,1,2,10,5.0,5,0,0,0,zero,
llm_iterative,shock,1,2,0,10,10.0,10,0,10,10,zero,
llm_iterative,shock,1,2,1,10,10.0,10,0,1,1,zero,
llm_iterative,shock,1,2,2,10,14.0,14,0,20,20,zero,
llm_iterative,shock,1,3,0,10,10.0,10,0,10,10,zero,
llm_iterative,shock,1,3,1,10,10.0,10,0,15,15,zero,
llm_iterative,shock,1,3,2,10,9.0,9,0,3,3,zero,
llm_iterative,shock,1,4,0,10,10.0,10,0,10,10,zero,
llm_iterative,shock,1,4,1,10,10.0,10,0,15,15,zero,
llm_iterative,shock,1,4,2,10,4.0,4,0,20,20,zero,
llm_iterative,shock,1,5,0,10,10.0,10,0,9,9,zero,
llm_iterative,shock,1,5,1,10,16.0,16,0,15,15,zero,
llm_iterative,shock,1,5,2,10,11.0,0,11,20,20,zero,
llm_iterative,shock,1,6,0,10,10.0,10,0,9,9,zero,
llm_iterative,shock,1,6,1,10,8.0,8,0,15,15,zero,
llm_iterative,shock,1,6,2,10,6.0,0,6,20,20,zero,
llm_iterative,shock,1,7,0,11,9.0,9,0,9,9,zero,
llm_iterative,shock,1,7,1,11,14.0,14,0,3,3,zero,
llm_iterative,shock,1,7,2,11,6.0,0,6,20,20,zero,
llm_iterative,shock,1,8,0,14,5.0,5,0,19,19,zero,
llm_iterative,shock,1,8,1,14,10.0,10,0,5,5,zero,
llm_iterative,shock,1,8,2,14,9.0,9,0,0,0,zero,
llm_iterative,shock,1,9,0,14,-0.0,0,0,9,9,zero,
llm_iterative,shock,1,9,1,14,5.0,5,0,15,15,zero,
llm_iterative,shock,1,9,2,14,14.0,14,0,0,0,zero,
llm_iterative,shock,1,10,0,16,7.0,0,7,19,19,zero,
llm_iterative,shock,1,10,1,16,6.0,6,0,15,15,zero,
llm_iterative,shock,1,10,2,16,19.0,19,0,1,1,zero,
llm_iterative,shock,1,11,0,16,14.0,0,14,10,10,zero,
llm_iterative,shock,1,11,1,16,1.0,0,1,15,15,zero,
llm_iterative,shock,1,11,2,16,24.0,24,0,20,20,zero,
llm_iterative,shock,1,12,0,15,10.0,0,10,19,19,zero,
llm_iterative,shock,1,12,1,15,9.0,0,9,15,15,zero,
llm_iterative,shock,1,12,2,15,9.0,9,0,20,20,zero,
llm_iterative,shock,1,13,0,14,15.0,0,15,19,19,zero,
llm_iterative,shock,1,13,1,14,13.0,0,13,18,18,zero,
llm_iterative,shock,1,13,2,14,9.0,0,9,20,20,zero,
llm_iterative,shock,1,14,0,14,10.0,0,10,10,10,zero,
llm_iterative,shock,1,14,1,14,8.0,0,8,18,18,zero,
llm_iterative,shock,1,14,2,14,26.0,0,26,20,20,zero,
llm_iterative,shock,1,15,0,17,18.0,0,18,19,19,zero,
llm_iterative,shock,1,15,1,17,12.0,0,12,18,18,zero,
llm_iterative,shock,1,15,2,17,24.0,0,24,20,20,zero,
llm_iterative,shock,1,16,0,16,23.0,0,23,19,19,zero,
llm_iterative,shock,1,16,1,16,16.0,0,16,18,18,zero,
llm_iterative,shock,1,16,2,16,22.0,0,22,17,17,zero,
llm_iterative,shock,1,17,0,18,26.0,0,26,19,19,zero,
llm_iterative,shock,1,17,1,18,26.0,0,26,18,18,zero,
llm_iterative,shock,1,17,2,18,20.0,0,20,20,20,zero,
llm_iterative,shock,1,18,0,17,28.0,0,28,19,19,zero,
llm_iterative,shock,1,18,1,17,44.0,0,44,18,18,zero,
llm_iterative,shock,1,18,2,17,18.0,0,18,20,20,zero,
llm_iterative,shock,1,19,0,18,31.0,0,31,19,19,zero,
llm_iterative,shock,1,19,1,18,43.0,0,43,18,18,zero,
llm_iterative,shock,1,19,2,18,16.0,0,16,20,20,zero,
llm_iterative,shock,1,20,0,17,33.0,0,33,10,10,zero,
llm_iterative,shock,1,20,1,17,33.0,0,33,18,18,zero,
llm_iterative,shock,1,20,2,17,17.0,0,17,20,20,zero,
llm_iterative,shock,1,21,0,18,42.0,0,42,19,19,zero,
llm_iterative,shock,1,21,1,18,32.0,0,32,3,3,zero,
llm_iterative,shock,1,21,2,18,-0.0,0,0,20,20,zero,
llm_iterative,shock,1,22,0,18,59.0,0,59,19,19,zero,
llm_iterative,shock,1,22,1,18,31.0,0,31,18,18,zero,
llm_iterative,shock,1,22,2,18,2.0,2,0,16,16,zero,
llm_iterative,shock,1,23,0,15,54.0,0,54,17,17,zero,
llm_iterative,shock,1,23,1,15,28.0,0,28,18,18,zero,
llm_iterative,shock,1,23,2,15,4.0,4,0,1,1,zero,
llm_iterative,shock,1,24,0,14,48.0,0,48,10,10,zero,
llm_iterative,shock,1,24,1,14,21.0,0,21,18,18,zero,
llm_iterative,shock,1,24,2,14,6.0,6,0,16,16,zero,
llm_iterative,shock,1,25,0,13,41.0,0,41,10,10,zero,
llm_iterative,shock,1,25,1,13,11.0,0,11,18,18,zero,
llm_iterative,shock,1,25,2,13,8.0,8,0,20,20,zero,
llm_iterative,shock,1,26,0,13,34.0,0,34,10,10,zero,
llm_iterative,shock,1,26,1,13,3.0,0,3,18,18,zero,
llm_iterative,shock,1,26,2,13,6.0,6,0,20,20,zero,
llm_iterative,shock,1,27,0,11,25.0,0,25,10,10,zero,
llm_iterative,shock,1,27,1,11,5.0,5,0,18,18,zero,
llm_iterative,shock,1,27,2,11,11.0,0,11,20,20,zero,
llm_iterative,shock,1,28,0,10,18.0,0,18,10,10,zero,
llm_iterative,shock,1,28,1,10,13.0,13,0,18,18,zero,
llm_iterative,shock,1,28,2,10,13.0,0,13,20,20,zero,
llm_iterative,shock,1,29,0,8,6.0,0,6,10,10,zero,
llm_iterative,shock,1,29,1,8,21.0,21,0,12,12,zero,
llm_iterative,shock,1,29,2,8,5.0,0,5,16,16,zero,
llm_iterative,shock,1,30,0,8,4.0,4,0,6,6,zero,
llm_iterative,shock,1,30,1,8,33.0,33,0,0,0,zero,
llm_iterative,shock,1,30,2,8,15.0,15,0,16,16,zero,
llm_iterative,shock,1,31,0,8,9.0,9,0,10,10,zero,
llm_iterative,shock,1,31,1,8,30.0,30,0,0,0,zero,
llm_iterative,shock,1,31,2,8,35.0,35,0,0,0,zero,
llm_iterative,shock,1,32,0,8,11.0,11,0,6,6,zero,
llm_iterative,shock,1,32,1,8,40.0,40,0,12,12,zero,
llm_iterative,shock,1,32,2,8,43.0,43,0,0,0,zero,
llm_iterative,shock,1,33,0,7,14.0,14,0,10,10,zero,
llm_iterative,shock,1,33,1,7,50.0,50,0,1,1,zero,
llm_iterative,shock,1,33,2,7,58.0,58,0,0,0,zero,
llm_iterative,shock,1,34,0,8,12.0,12,0,6,6,zero,
llm_iterative,shock,1,34,1,8,49.0,49,0,12,12,zero,
llm_iterative,shock,1,34,2,8,62.0,62,0,0,0,zero,
llm_iterative,shock,1,35,0,7,15.0,15,0,9,9,zero,
llm_iterative,shock,1,35,1,7,40.0,40,0,1,1,zero,
llm_iterative,shock,1,35,2,7,61.0,61,0,0,0,zero,
llm_iterative,shock,1,36,0,8,13.0,13,0,6,6,zero,
llm_iterative,shock,1,36,1,8,46.0,46,0,1,1,zero,
llm_iterative,shock,1,36,2,8,60.0,60,0,0,0,zero,
llm_iterative,shock,1,37,0,7,16.0,16,0,9,9,zero,
llm_iterative,shock,1,37,1,7,38.0,38,0,1,1,zero,
llm_iterative,shock,1,37,2,7,59.0,59,0,0,0,zero,
llm_iterative,shock,1,38,0,7,15.0,15,0,4,4,zero,
llm_iterative,shock,1,38,1,7,46.0,46,0,1,1,zero,
llm_iterative,shock,1,38,2,7,58.0,58,0,0,0,zero,
llm_iterative,shock,1,39,0,7,17.0,17,0,9,9,zero,
llm_iterative,shock,1,39,1,7,38.0,38,0,1,1,zero,
llm_iterative,shock,1,39,2,7,57.0,57,0,0,0,zero,
llm_iterative,shock,1,40,0,7,16.0,16,0,2,2,zero,
llm_iterative,shock,1,40,1,7,37.0,37,0,15,15,zero,
llm_iterative,shock,1,40,2,7,42.0,42,0,0,0,zero,
llm_iterative,shock,1,41,0,6,19.0,19,0,9,9,zero,
llm_iterative,shock,1,41,1,6,29.0,29,0,1,1,zero,
llm_iterative,shock,1,41,2,6,41.0,41,0,0,0,zero,
llm_iterative,shock,1,42,0,6,17.0,17,0,3,3,zero,
llm_iterative,shock,1,42,1,6,27.0,27,0,1,1,zero,
llm_iterative,shock,1,42,2,6,40.0,40,0,0,0,zero,
llm_iterative,shock,1,43,0,6,20.0,20,0,3,3,zero,
llm_iterative,shock,1,43,1,6,25.0,25,0,1,1,zero,
llm_iterative,shock,1,43,2,6,39.0,39,0,0,0,zero,
llm_iterative,shock,1,44,0,5,17.0,17,0,2,2,zero,
llm_iterative,shock,1,44,1,5,38.0,38,0,1,1,zero,
llm_iterative,shock,1,44,2,5,38.0,38,0,0,0,zero,
llm_iterative,shock,1,45,0,5,21.0,21,0,2,2,zero,
llm_iterative,shock,1,45,1,5,37.0,37,0,0,0,zero,
llm_iterative,shock,1,45,2,5,38.0,38,0,0,0,zero,
llm_iterative,shock,1,46,0,5,19.0,19,0,2,2,zero,
llm_iterative,shock,1,46,1,5,36.0,36,0,0,0,zero,
llm_iterative,shock,1,46,2,5,38.0,38,0,0,0,zero,
llm_iterative,shock,1,47,0,5,17.0,17,0,2,2,zero,
llm_iterative,shock,1,47,1,5,35.0,35,0,0,0,zero,
llm_iterative,shock,1,47,2,5,38.0,38,0,0,0,zero,
llm_iterative,shock,1,48,0,6,13.0,13,0,3,3,zero,
llm_iterative,shock,1,48,1,6,33.0,33,0,0,0,zero,
llm_iterative,shock,1,48,2,6,38.0,38,0,0,0,zero,
llm_iterative,shock,1,49,0,6,9.0,9,0,9,9,zero,
llm_iterative,shock,1,49,1,6,24.0,24,0,1,1,zero,
llm_iterative,shock,1,49,2,6,37.0,37,0,0,0,zero,
llm_iterative,shock,1,50,0,6,5.0,5,0,3,3,zero,
llm_iterative,shock,1,50,1,6,21.0,21,0,1,1,zero,
llm_iterative,shock,1,50,2,6,36.0,36,0,0,0,zero,
llm_iterative,shock,1,51,0,6,1.0,1,0,9,9,zero,
llm_iterative,shock,1,51,1,6,12.0,12,0,11,11,zero,
llm_iterative,shock,1,51,2,6,25.0,25,0,0,0,zero,
llm_iterative,shock,1,52,0,7,3.0,0,3,3,3,zero,
llm_iterative,shock,1,52,1,7,9.0,9,0,15,15,zero,
llm_iterative,shock,1,52,2,7,10.0,10,0,0,0,zero,
llm_iterative,shock,1,53,0,7,1.0,0,1,9,9,zero,
llm_iterative,shock,1,53,1,7,1.0,1,0,1,1,zero,
llm_iterative,shock,1,53,2,7,9.0,9,0,20,20,zero,
llm_iterative,shock,1,54,0,7,5.0,0,5,6,6,zero,
llm_iterative,shock,1,54,1,7,4.0,0,4,11,11,zero,
llm_iterative,shock,1,54,2,7,2.0,0,2,3,3,zero,
llm_iterative,shock,1,55,0,6,2.0,0,2,19,19,zero,
llm_iterative,shock,1,55,1,6,12.0,0,12,11,11,zero,
llm_iterative,shock,1,55,2,6,13.0,0,13,20,20,zero,
llm_iterative,shock,1,56,0,6,5.0,0,5,6,6,zero,
llm_iterative,shock,1,56,1,6,3.0,0,3,15,15,zero,
llm_iterative,shock,1,56,2,6,28.0,0,28,20,20,zero,
llm_iterative,shock,1,57,0,6,2.0,0,2,2,2,zero,
llm_iterative,shock,1,57,1,6,4.0,0,4,15,15,zero,
llm_iterative,shock,1,57,2,6,23.0,0,23,20,20,zero,
llm_iterative,shock,1,58,0,6,6.0,0,6,2,2,zero,
llm_iterative,shock,1,58,1,6,3.0,3,0,3,3,zero,
llm_iterative,shock,1,58,2,6,23.0,0,23,20,20,zero,
llm_iterative,shock,1,59,0,7,2.0,0,2,6,6,zero,
llm_iterative,shock,1,59,1,7,3.0,0,3,0,0,zero,
llm_iterative,shock,1,59,2,7,3.0,0,3,0,0,zero,
llm_iterative,shock,1,60,0,7,6.0,6,0,10,10,zero,
llm_iterative,shock,1,60,1,7,13.0,0,13,0,0,zero,
llm_iterative,shock,1,60,2,7,17.0,17,0,0,0,zero,
llm_iterative,shock,1,61,0,6,1.0,1,0,19,19,zero,
llm_iterative,shock,1,61,1,6,12.0,0,12,12,12,zero,
llm_iterative,shock,1,61,2,6,25.0,25,0,0,0,zero,
llm_iterative,shock,1,62,0,6,1.0,1,0,10,10,zero,
llm_iterative,shock,1,62,1,6,19.0,0,19,18,18,zero,
llm_iterative,shock,1,62,2,6,27.0,27,0,0,0,zero,
llm_iterative,shock,1,63,0,8,4.0,0,4,6,6,zero,
llm_iterative,shock,1,63,1,8,5.0,0,5,18,18,zero,
llm_iterative,shock,1,63,2,8,9.0,9,0,20,20,zero,
llm_iterative,shock,1,64,0,9,13.0,0,13,0,0,zero,
llm_iterative,shock,1,64,1,9,2.0,0,2,0,0,zero,
llm_iterative,shock,1,64,2,9,9.0,9,0,20,20,zero,
llm_iterative,shock,1,65,0,8,1.0,0,1,6,6,zero,
llm_iterative,shock,1,65,1,8,4.0,4,0,0,0,zero,
llm_iterative,shock,1,65,2,8,9.0,9,0,0,0,zero,
llm_iterative,shock,1,66,0,8,6.0,0,6,6,6,zero,
llm_iterative,shock,1,66,1,8,16.0,16,0,12,12,zero,
llm_iterative,shock,1,66,2,8,3.0,0,3,0,0,zero,
llm_iterative,shock,1,67,0,8,6.0,6,0,6,6,zero,
llm_iterative,shock,1,67,1,8,28.0,28,0,12,12,zero,
llm_iterative,shock,1,67,2,8,5.0,5,0,0,0,zero,
llm_iterative,shock,1,68,0,11,2.0,0,2,10,10,zero,
llm_iterative,shock,1,68,1,11,18.0,18,0,1,1,zero,
llm_iterative,shock,1,68,2,11,24.0,24,0,5,5,zero,
llm_iterative,shock,1,69,0,11,5.0,0,5,19,19,zero,
llm_iterative,shock,1,69,1,11,1.0,0,1,15,15,zero,
llm_iterative,shock,1,69,2,11,9.0,9,0,0,0,zero,
llm_iterative,shock,1,70,0,11,10.0,0,10,10,10,zero,70
llm_iterative,shock,1,70,1,11,2.0,0,2,15,15,zero,70
llm_iterative,shock,1,70,2,11,6.0,0,6,20,20,zero,70
llm_iterative,shock,1,71,0,11,15.0,0,15,19,19,zero,70
llm_iterative,shock,1,71,1,11,6.0,0,6,15,15,zero,70
llm_iterative,shock,1,71,2,11,21.0,0,21,20,20,zero,70
llm_iterative,shock,1,72,0,11,16.0,0,16,10,10,zero,70
llm_iterative,shock,1,72,1,11,15.0,0,15,18,18,zero,70
llm_iterative,shock,1,72,2,11,34.0,0,34,20,20,zero,70
llm_iterative,shock,1,73,0,11,9.0,0,9,10,10,zero,70
llm_iterative,shock,1,73,1,11,10.0,0,10,15,15,zero,70
llm_iterative,shock,1,73,2,11,49.0,0,49,20,20,zero,70
llm_iterative,shock,1,74,0,9,9.0,0,9,10,10,zero,70
llm_iterative,shock,1,74,1,9,11.0,0,11,18,18,zero,70
llm_iterative,shock,1,74,2,9,47.0,0,47,20,20,zero,70
llm_iterative,shock,1,75,0,9,3.0,0,3,19,19,zero,70
llm_iterative,shock,1,75,1,9,30.0,0,30,15,15,zero,70
llm_iterative,shock,1,75,2,9,42.0,0,42,20,20,zero,70
llm_iterative,shock,1,76,0,11,13.0,0,13,10,10,zero,70
llm_iterative,shock,1,76,1,11,35.0,0,35,18,18,zero,70
llm_iterative,shock,1,76,2,11,40.0,0,40,20,20,zero,70
llm_iterative,shock,1,77,0,11,9.0,0,9,10,10,zero,70
llm_iterative,shock,1,77,1,11,45.0,0,45,18,18,zero,70
llm_iterative,shock,1,77,2,11,38.0,0,38,20,20,zero,70
llm_iterative,shock,1,78,0,11,11.0,0,11,19,19,zero,70
llm_iterative,shock,1,78,1,11,44.0,0,44,3,3,zero,70
llm_iterative,shock,1,78,2,11,21.0,0,21,20,20,zero,70
llm_iterative,shock,1,79,0,9,20.0,0,20,9,9,zero,70
llm_iterative,shock,1,79,1,9,33.0,0,33,18,18,zero,70
llm_iterative,shock,1,79,2,9,19.0,0,19,0,0,zero,70
llm_iterative,shock,1,80,0,9,24.0,0,24,10,10,zero,70
llm_iterative,shock,1,80,1,9,23.0,0,23,0,0,zero,70
llm_iterative,shock,1,80,2,9,1.0,1,0,20,20,zero,70
llm_iterative,shock,1,81,0,11,35.0,0,35,10,10,zero,70
llm_iterative,shock,1,81,1,11,13.0,0,13,0,0,zero,70
llm_iterative,shock,1,81,2,11,21.0,21,0,16,16,zero,70
llm_iterative,shock,1,82,0,11,26.0,0,26,6,6,zero,70
llm_iterative,shock,1,82,1,11,1.0,1,0,18,18,zero,70
llm_iterative,shock,1,82,2,11,23.0,23,0,0,0,zero,70
llm_iterative,shock,1,83,0,11,17.0,0,17,6,6,zero,70
llm_iterative,shock,1,83,1,11,15.0,15,0,18,18,zero,70
llm_iterative,shock,1,83,2,11,5.0,5,0,16,16,zero,70
llm_iterative,shock,1,84,0,11,8.0,0,8,10,10,zero,70
llm_iterative,shock,1,84,1,11,24.0,24,0,0,0,zero,70
llm_iterative,shock,1,84,2,11,25.0,25,0,20,20,zero,70
llm_iterative,shock,1,85,0,11,1.0,1,0,10,10,zero,70
llm_iterative,shock,1,85,1,11,14.0,14,0,18,18,zero,70
llm_iterative,shock,1,85,2,11,23.0,23,0,3,3,zero,70
llm_iterative,shock,1,86,0,12,8.0,8,0,10,10,zero,70
llm_iterative,shock,1,86,1,12,22.0,22,0,3,3,zero,70
llm_iterative,shock,1,86,2,12,20.0,20,0,16,16,zero,70
llm_iterative,shock,1,87,0,12,2.0,2,0,19,19,zero,70
llm_iterative,shock,1,87,1,12,21.0,21,0,12,12,zero,70
llm_iterative,shock,1,87,2,12,24.0,24,0,0,0,zero,70
llm_iterative,shock,1,88,0,11,1.0,1,0,10,10,zero,70
llm_iterative,shock,1,88,1,11,11.0,11,0,15,15,zero,70
llm_iterative,shock,1,88,2,11,29.0,29,0,0,0,zero,70
llm_iterative,shock,1,89,0,12,1.0,0,1,10,10,zero,70
llm_iterative,shock,1,89,1,12,19.0,19,0,15,15,zero,70
llm_iterative,shock,1,89,2,12,17.0,17,0,20,20,zero,70
llm_iterative,shock,1,90,0,12,3.0,0,3,10,11,llm_r1_0,70
llm_iterative,shock,1,90,1,12,11.0,11,0,3,3,llm_r1_0,70
llm_iterative,shock,1,90,2,12,30.0,30,0,20,20,llm_r1_0,70
llm_iterative,shock,1,91,0,14,2.0,2,0,10,11,llm_r1_0,70
llm_iterative,shock,1,91,1,14,12.0,12,0,15,15,llm_r1_0,70
llm_iterative,shock,1,91,2,14,15.0,15,0,0,0,llm_r1_0,70
llm_iterative,shock,1,92,0,12,-0.0,0,0,19,19,llm_r1_0,70
llm_iterative,shock,1,92,1,12,8.0,8,0,15,15,llm_r1_0,70
llm_iterative,shock,1,92,2,12,-0.0,0,0,3,3,llm_r1_0,70
llm_iterative,shock,1,93,0,15,5.0,0,5,10,10,llm_r1_0,70
llm_iterative,shock,1,93,1,15,13.0,13,0,15,15,llm_r1_0,70
llm_iterative,shock,1,93,2,15,5.0,5,0,20,20,llm_r1_0,70
llm_iterative,shock,1,94,0,9,3.0,0,3,19,20,llm_r1_0,70
llm_iterative,shock,1,94,1,9,4.0,0,4,3,3,llm_r1_0,70
llm_iterative,shock,1,94,2,9,22.0,22,0,20,20,llm_r1_0,70
llm_iterative,shock,1,95,0,9,1.0,0,1,6,7,llm_r1_0,70
llm_iterative,shock,1,95,1,9,4.0,4,0,15,15,llm_r1_0,70
llm_iterative,shock,1,95,2,9,7.0,7,0,0,0,llm_r1_0,70
llm_iterative,shock,1,96,0,9,9.0,9,0,6,6,llm_r1_0,70
llm_iterative,shock,1,96,1,9,13.0,13,0,15,15,llm_r1_0,70
llm_iterative,shock,1,96,2,9,5.0,0,5,3,3,llm_r1_0,70
llm_iterative,shock,1,97,0,8,11.0,11,0,6,6,llm_r1_0,70
llm_iterative,shock,1,97,1,8,22.0,22,0,3,3,llm_r1_0,70
llm_iterative,shock,1,97,2,8,12.0,12,0,20,20,llm_r1_0,70
llm_iterative,shock,1,98,0,8,19.0,19,0,6,6,llm_r1_0,70
llm_iterative,shock,1,98,1,8,19.0,19,0,0,0,llm_r1_0,70
llm_iterative,shock,1,98,2,8,32.0,32,0,3,3,llm_r1_0,70
llm_iterative,shock,1,99,0,7,23.0,23,0,6,6,llm_r1_0,70
llm_iterative,shock,1,99,1,7,28.0,28,0,1,1,llm_r1_0,70
llm_iterative,shock,1,99,2,7,31.0,31,0,0,0,llm_r1_0,70
llm_iterative,shock,1,100,0,7,22.0,22,0,6,6,zero,70
llm_iterative,shock,1,100,1,7,32.0,32,0,1,1,zero,70
llm_iterative,shock,1,100,2,7,33.0,33,0,0,0,zero,70
llm_iterative,shock,1,101,0,7,21.0,21,0,2,2,zero,70
llm_iterative,shock,1,101,1,7,38.0,38,0,1,1,zero,70
llm_iterative,shock,1,101,2,7,52.0,52,0,0,0,zero,70
llm_iterative,shock,1,102,0,8,19.0,19,0,4,4,zero,70
llm_iterative,shock,1,102,1,8,34.0,34,0,1,1,zero,70
llm_iterative,shock,1,102,2,8,54.0,54,0,0,0,zero,70
llm_iterative,shock,1,103,0,7,18.0,18,0,9,9,zero,70
llm_iterative,shock,1,103,1,7,26.0,26,0,1,1,zero,70
llm_iterative,shock,1,103,2,7,53.0,53,0,0,0,zero,70
llm_iterative,shock,1,104,0,8,16.0,16,0,3,3,zero,70
llm_iterative,shock,1,104,1,8,24.0,24,0,15,15,zero,70
llm_iterative,shock,1,104,2,8,38.0,38,0,0,0,zero,70
llm_iterative,shock,1,105,0,8,10.0,10,0,9,9,zero,70
llm_iterative,shock,1,105,1,8,16.0,16,0,1,1,zero,70
llm_iterative,shock,1,105,2,8,37.0,37,0,0,0,zero,70
llm_iterative,shock,1,106,0,8,6.0,6,0,9,9,zero,70
llm_iterative,shock,1,106,1,8,8.0,8,0,15,15,zero,70
llm_iterative,shock,1,106,2,8,22.0,22,0,0,0,zero,70
llm_iterative,shock,1,107,0,8,7.0,7,0,9,9,zero,70
llm_iterative,shock,1,107,1,8,-0.0,0,0,1,1,zero,70
llm_iterative,shock,1,107,2,8,21.0,21,0,16,16,zero,70
llm_iterative,shock,1,108,0,8,2.0,2,0,4,4,zero,70
llm_iterative,shock,1,108,1,8,11.0,11,0,15,15,zero,70
llm_iterative,shock,1,108,2,8,6.0,6,0,0,0,zero,70
llm_iterative,shock,1,109,0,8,3.0,3,0,6,6,zero,70
llm_iterative,shock,1,109,1,8,6.0,6,0,1,1,zero,70
llm_iterative,shock,1,109,2,8,5.0,5,0,20,20,zero,70
llm_iterative,shock,1,110,0,8,4.0,4,0,10,10,zero,70
llm_iterative,shock,1,110,1,8,11.0,11,0,1,1,zero,70
llm_iterative,shock,1,110,2,8,4.0,4,0,3,3,zero,70
llm_iterative,shock,1,111,0,9,4.0,4,0,9,9,zero,70
llm_iterative,shock,1,111,1,9,3.0,3,0,15,15,zero,70
llm_iterative,shock,1,111,2,9,5.0,5,0,0,0,zero,70
llm_iterative,shock,1,112,0,9,1.0,0,1,9,9,zero,70
llm_iterative,shock,1,112,1,9,9.0,9,0,15,15,zero,70
llm_iterative,shock,1,112,2,9,10.0,0,10,4,4,zero,70
llm_iterative,shock,1,113,0,10,5.0,0,5,10,10,zero,70
llm_iterative,shock,1,113,1,10,-0.0,0,0,15,15,zero,70
llm_iterative,shock,1,113,2,10,5.0,0,5,20,20,zero,70
llm_iterative,shock,1,114,0,11,6.0,0,6,10,10,zero,70
llm_iterative,shock,1,114,1,11,9.0,0,9,3,3,zero,70
llm_iterative,shock,1,114,2,11,5.0,0,5,20,20,zero,70
llm_iterative,shock,1,115,0,10,7.0,0,7,19,19,zero,70
llm_iterative,shock,1,115,1,10,13.0,0,13,15,15,zero,70
llm_iterative,shock,1,115,2,10,20.0,0,20,0,0,zero,70
llm_iterative,shock,1,116,0,10,8.0,0,8,10,10,zero,70
llm_iterative,shock,1,116,1,10,18.0,0,18,15,15,zero,70
llm_iterative,shock,1,116,2,10,31.0,0,31,20,20,zero,70
llm_iterative,shock,1,117,0,11,9.0,0,9,19,19,zero,70
llm_iterative,shock,1,117,1,11,17.0,0,17,15,15,zero,70
llm_iterative,shock,1,117,2,11,26.0,0,26,20,20,zero,70
llm_iterative,shock,1,118,0,12,20.0,0,20,9,9,zero,70
llm_iterative,shock,1,118,1,12,23.0,0,23,15,15,zero,70
llm_iterative,shock,1,118,2,12,21.0,0,21,20,20,zero,70
llm_iterative,shock,1,119,0,14,19.0,0,19,19,19,zero,70
llm_iterative,shock,1,119,1,14,42.0,0,42,15,15,zero,70
llm_iterative,shock,1,119,2,14,36.0,0,36,20,20,zero,70
llm_iterative,shock,1,120,0,14,28.0,0,28,19,19,zero,70
llm_iterative,shock,1,120,1,14,57.0,0,57,18,18,zero,70
llm_iterative,shock,1,120,2,14,34.0,0,34,20,20,zero,70
llm_iterative,shock,1,121,0,14,22.0,0,22,19,19,zero,70
llm_iterative,shock,1,121,1,14,56.0,0,56,18,18,zero,70
llm_iterative,shock,1,121,2,14,32.0,0,32,20,20,zero,70
llm_iterative,shock,1,122,0,17,36.0,0,36,10,10,zero,70
llm_iterative,shock,1,122,1,17,46.0,0,46,18,18,zero,70
llm_iterative,shock,1,122,2,17,30.0,0,30,20,20,zero,70
llm_iterative,shock,1,123,0,20,56.0,0,56,19,19,zero,70
llm_iterative,shock,1,123,1,20,65.0,0,65,18,18,zero,70
llm_iterative,shock,1,123,2,20,28.0,0,28,20,20,zero,70
llm_iterative,shock,1,124,0,18,70.0,0,70,17,17,zero,70
llm_iterative,shock,1,124,1,18,62.0,0,62,18,18,zero,70
llm_iterative,shock,1,124,2,18,26.0,0,26,20,20,zero,70
llm_iterative,shock,1,125,0,17,67.0,0,67,17,17,zero,70
llm_iterative,shock,1,125,1,17,59.0,0,59,18,18,zero,70
llm_iterative,shock,1,125,2,17,24.0,0,24,20,20,zero,70
llm_iterative,shock,1,126,0,17,64.0,0,64,17,17,zero,70
llm_iterative,shock,1,126,1,17,56.0,0,56,18,18,zero,70
llm_iterative,shock,1,126,2,17,22.0,0,22,20,20,zero,70
llm_iterative,shock,1,127,0,16,80.0,0,80,17,17,zero,70
llm_iterative,shock,1,127,1,16,53.0,0,53,18,18,zero,70
llm_iterative,shock,1,127,2,16,20.0,0,20,20,20,zero,70
llm_iterative,shock,1,128,0,17,77.0,0,77,17,17,zero,70
llm_iterative,shock,1,128,1,17,50.0,0,50,18,18,zero,70
llm_iterative,shock,1,128,2,17,18.0,0,18,20,20,zero,70
llm_iterative,shock,1,129,0,19,76.0,0,76,17,17,zero,70
llm_iterative,shock,1,129,1,19,47.0,0,47,18,18,zero,70
llm_iterative,shock,1,129,2,19,16.0,0,16,20,20,zero,70
llm_iterative,shock,1,130,0,20,76.0,0,76,17,17,zero,70
llm_iterative,shock,1,130,1,20,44.0,0,44,18,18,zero,70
llm_iterative,shock,1,130,2,20,14.0,0,14,20,20,zero,70
llm_iterative,shock,1,131,0,19,75.0,0,75,17,17,zero,70
llm_iterative,shock,1,131,1,19,41.0,0,41,18,18,zero,70
llm_iterative,shock,1,131,2,19,12.0,0,12,16,16,zero,70
llm_iterative,shock,1,132,0,20,75.0,0,75,17,17,zero,70
llm_iterative,shock,1,132,1,20,38.0,0,38,18,18,zero,70
llm_iterative,shock,1,132,2,20,10.0,0,10,20,20,zero,70
llm_iterative,shock,1,133,0,20,75.0,0,75,17,17,zero,70
llm_iterative,shock,1,133,1,20,35.0,0,35,18,18,zero,70
llm_iterative,shock,1,133,2,20,8.0,0,8,20,20,zero,70
llm_iterative,shock,1,134,0,20,75.0,0,75,17,17,zero,70
llm_iterative,shock,1,134,1,20,32.0,0,32,18,18,zero,70
llm_iterative,shock,1,134,2,20,6.0,0,6,20,20,zero,70
llm_iterative,shock,1,135,0,20,75.0,0,75,17,17,zero,70
llm_iterative,shock,1,135,1,20,29.0,0,29,18,18,zero,70
llm_iterative,shock,1,135,2,20,8.0,0,8,20,20,zero,70
llm_iterative,shock,1,136,0,20,75.0,0,75,17,17,zero,70
llm_iterative,shock,1,136,1,20,26.0,0,26,18,18,zero,70
llm_iterative,shock,1,136,2,20,6.0,0,6,16,16,zero,70
llm_iterative,shock,1,137,0,20,75.0,0,75,17,17,zero,70
llm_iterative,shock,1,137,1,20,23.0,0,23,18,18,zero,70
llm_iterative,shock,1,137,2,20,4.0,0,4,16,16,zero,70
llm_iterative,shock,1,138,0,20,75.0,0,75,17,17,zero,70
llm_iterative,shock,1,138,1,20,20.0,0,20,18,18,zero,70
llm_iterative,shock,1,138,2,20,2.0,0,2,20,20,zero,70
llm_iterative,shock,1,139,0,20,75.0,0,75,17,17,zero,70
llm_iterative,shock,1,139,1,20,21.0,0,21,18,18,zero,70
llm_iterative,shock,1,139,2,20,-0.0,0,0,20,20,zero,70
llm_iterative,shock,1,140,0,20,75.0,0,75,17,17,zero,70
llm_iterative,shock,1,140,1,20,18.0,0,18,18,18,zero,70
llm_iterative,shock,1,140,2,20,2.0,0,2,16,16,zero,70
llm_iterative,shock,1,141,0,20,75.0,0,75,17,17,zero,70
llm_iterative,shock,1,141,1,20,15.0,0,15,18,18,zero,70
llm_iterative,shock,1,141,2,20,4.0,0,4,16,16,zero,70
llm_iterative,shock,1,142,0,20,75.0,0,75,17,17,zero,70
llm_iterative,shock,1,142,1,20,12.0,0,12,18,18,zero,70
llm_iterative,shock,1,142,2,20,2.0,0,2,20,20,zero,70
llm_iterative,shock,1,143,0,20,79.0,0,79,17,17,zero,70
llm_iterative,shock,1,143,1,20,9.0,0,9,18,18,zero,70
llm_iterative,shock,1,143,2,20,-0.0,0,0,20,20,zero,70
llm_iterative,shock,1,144,0,20,79.0,0,79,17,17,zero,70
llm_iterative,shock,1,144,1,20,10.0,0,10,18,18,zero,70
llm_iterative,shock,1,144,2,20,2.0,0,2,16,16,zero,70
llm_iterative,shock,1,145,0,20,79.0,0,79,17,17,zero,70
llm_iterative,shock,1,145,1,20,11.0,0,11,18,18,zero,70
llm_iterative,shock,1,145,2,20,4.0,0,4,16,16,zero,70
llm_iterative,shock,1,146,0,20,79.0,0,79,17,17,zero,70
llm_iterative,shock,1,146,1,20,8.0,0,8,18,18,zero,70
llm_iterative,shock,1,146,2,20,2.0,0,2,20,20,zero,70
llm_iterative,shock,1,147,0,20,79.0,0,79,17,17,zero,70
llm_iterative,shock,1,147,1,20,5.0,0,5,18,18,zero,70
llm_iterative,shock,1,147,2,20,-0.0,0,0,20,20,zero,70
llm_iterative,shock,1,148,0,20,83.0,0,83,17,17,zero,70
llm_iterative,shock,1,148,1,20,6.0,0,6,18,18,zero,70
llm_iterative,shock,1,148,2,20,2.0,0,2,16,16,zero,70
llm_iterative,shock,1,149,0,20,87.0,0,87,17,17,zero,70
llm_iterative,shock,1,149,1,20,7.0,0,7,18,18,zero,70
llm_iterative,shock,1,149,2,20,4.0,0,4,16,16,zero,70
llm_iterative,shock,1,150,0,20,87.0,0,87,17,20,llm_r1_0,70
llm_iterative,shock,1,150,1,20,7.0,0,7,18,18,llm_r1_0,70
llm_iterative,shock,1,150,2,20,2.0,0,2,20,20,llm_r1_0,70
llm_iterative,shock,1,151,0,20,87.0,0,87,17,20,llm_r1_0,70
llm_iterative,shock,1,151,1,20,7.0,0,7,18,18,llm_r1_0,70
llm_iterative,shock,1,151,2,20,-0.0,0,0,20,20,llm_r1_0,70
llm_iterative,shock,1,152,0,20,91.0,0,91,17,20,llm_r1_0,70
llm_iterative,shock,1,152,1,20,11.0,0,11,18,18,llm_r1_0,70
llm_iterative,shock,1,152,2,20,2.0,0,2,16,16,llm_r1_0,70
llm_iterative,shock,1,153,0,20,95.0,0,95,17,20,llm_r1_0,70
llm_iterative,shock,1,153,1,20,15.0,0,15,18,18,llm_r1_0,70
llm_iterative,shock,1,153,2,20,4.0,0,4,16,16,llm_r1_0,70
llm_iterative,shock,1,154,0,20,95.0,0,95,17,20,llm_r1_0,70
llm_iterative,shock,1,154,1,20,15.0,0,15,18,18,llm_r1_0,70
llm_iterative,shock,1,154,2,20,2.0,0,2,20,20,llm_r1_0,70
llm_iterative,shock,1,155,0,20,95.0,0,95,17,17,zero,70
llm_iterative,shock,1,155,1,20,12.0,0,12,18,18,zero,70
llm_iterative,shock,1,155,2,20,-0.0,0,0,20,20,zero,70
llm_iterative,shock,1,156,0,20,99.0,0,99,17,17,zero,70
llm_iterative,shock,1,156,1,20,13.0,0,13,18,18,zero,70
llm_iterative,shock,1,156,2,20,2.0,0,2,16,16,zero,70
llm_iterative,shock,1,157,0,20,103.0,0,103,17,17,zero,70
llm_iterative,shock,1,157,1,20,14.0,0,14,18,18,zero,70
llm_iterative,shock,1,157,2,20,4.0,0,4,16,16,zero,70
llm_iterative,shock,1,158,0,20,103.0,0,103,17,17,zero,70
llm_iterative,shock,1,158,1,20,11.0,0,11,18,18,zero,70
llm_iterative,shock,1,158,2,20,2.0,0,2,20,20,zero,70
llm_iterative,shock,1,159,0,20,103.0,0,103,17,17,zero,70
llm_iterative,shock,1,159,1,20,8.0,0,8,18,18,zero,70
llm_iterative,shock,1,159,2,20,-0.0,0,0,20,20,zero,70
llm_iterative,shock,1,160,0,20,107.0,0,107,17,17,zero,70
llm_iterative,shock,1,160,1,20,9.0,0,9,18,18,zero,70
llm_iterative,shock,1,160,2,20,2.0,0,2,16,16,zero,70
llm_iterative,shock,1,161,0,20,111.0,0,111,17,17,zero,70
llm_iterative,shock,1,161,1,20,10.0,0,10,18,18,zero,70
llm_iterative,shock,1,161,2,20,4.0,0,4,16,16,zero,70
llm_iterative,shock,1,162,0,20,111.0,0,111,17,17,zero,70
llm_iterative,shock,1,162,1,20,7.0,0,7,18,18,zero,70
llm_iterative,shock,1,162,2,20,2.0,0,2,20,20,zero,70
llm_iterative,shock,1,163,0,20,111.0,0,111,17,17,zero,70
llm_iterative,shock,1,163,1,20,4.0,0,4,18,18,zero,70
llm_iterative,shock,1,163,2,20,-0.0,0,0,20,20,zero,70
llm_iterative,shock,1,164,0,20,115.0,0,115,17,17,zero,70
llm_iterative,shock,1,164,1,20,5.0,0,5,18,18,zero,70
llm_iterative,shock,1,164,2,20,2.0,0,2,16,16,zero,70
llm_iterative,shock,1,165,0,20,119.0,0,119,17,20,llm_r1_0,70
llm_iterative,shock,1,165,1,20,9.0,0,9,18,18,llm_r1_0,70
llm_iterative,shock,1,165,2,20,4.0,0,4,16,16,llm_r1_0,70
llm_iterative,shock,1,166,0,20,119.0,0,119,17,20,llm_r1_0,70
llm_iterative,shock,1,166,1,20,9.0,0,9,18,18,llm_r1_0,70
llm_iterative,shock,1,166,2,20,2.0,0,2,20,20,llm_r1_0,70
llm_iterative,shock,1,167,0,20,119.0,0,119,17,20,llm_r1_0,70
llm_iterative,shock,1,167,1,20,9.0,0,9,18,18,llm_r1_0,70
llm_iterative,shock,1,167,2,20,-0.0,0,0,20,20,llm_r1_0,70
llm_iterative,shock,1,168,0,20,123.0,0,123,17,20,llm_r1_0,70
llm_iterative,shock,1,168,1,20,13.0,0,13,18,18,llm_r1_0,70
llm_iterative,shock,1,168,2,20,2.0,0,2,16,16,llm_r1_0,70
llm_iterative,shock,1,169,0,20,127.0,0,127,17,20,llm_r1_0,70
llm_iterative,shock,1,169,1,20,17.0,0,17,18,18,llm_r1_0,70
llm_iterative,shock,1,169,2,20,4.0,0,4,16,16,llm_r1_0,70
llm_iterative,shock,1,170,0,20,127.0,0,127,17,17,zero,70
llm_iterative,shock,1,170,1,20,14.0,0,14,18,18,zero,70
llm_iterative,shock,1,170,2,20,2.0,0,2,20,20,zero,70
llm_iterative,shock,1,171,0,20,127.0,0,127,17,17,zero,70
llm_iterative,shock,1,171,1,20,11.0,0,11,18,18,zero,70
llm_iterative,shock,1,171,2,20,-0.0,0,0,20,20,zero,70
llm_iterative,shock,1,172,0,19,130.0,0,130,17,17,zero,70
llm_iterative,shock,1,172,1,19,12.0,0,12,18,18,zero,70
llm_iterative,shock,1,172,2,19,2.0,0,2,16,16,zero,70
llm_iterative,shock,1,173,0,19,133.0,0,133,17,17,zero,70
llm_iterative,shock,1,173,1,19,13.0,0,13,18,18,zero,70
llm_iterative,shock,1,173,2,19,4.0,0,4,16,16,zero,70
llm_iterative,shock,1,174,0,18,131.0,0,131,17,17,zero,70
llm_iterative,shock,1,174,1,18,10.0,0,10,18,18,zero,70
llm_iterative,shock,1,174,2,18,2.0,0,2,20,20,zero,70
llm_iterative,shock,1,175,0,16,127.0,0,127,17,17,zero,70
llm_iterative,shock,1,175,1,16,7.0,0,7,18,18,zero,70
llm_iterative,shock,1,175,2,16,-0.0,0,0,20,20,zero,70
llm_iterative,shock,1,176,0,17,128.0,0,128,17,17,zero,70
llm_iterative,shock,1,176,1,17,8.0,0,8,18,18,zero,70
llm_iterative,shock,1,176,2,17,2.0,0,2,16,16,zero,70
llm_iterative,shock,1,177,0,16,128.0,0,128,17,17,zero,70
llm_iterative,shock,1,177,1,16,9.0,0,9,18,18,zero,70
llm_iterative,shock,1,177,2,16,4.0,0,4,16,16,zero,70
llm_iterative,shock,1,178,0,17,125.0,0,125,17,17,zero,70
llm_iterative,shock,1,178,1,17,6.0,0,6,18,18,zero,70
llm_iterative,shock,1,178,2,17,2.0,0,2,20,20,zero,70
llm_iterative,shock,1,179,0,17,122.0,0,122,17,17,zero,70
llm_iterative,shock,1,179,1,17,3.0,0,3,18,18,zero,70
llm_iterative,shock,1,179,2,17,-0.0,0,0,20,20,zero,70
llm_iterative,shock,1,180,0,19,125.0,0,125,17,20,llm_r1_0,70
llm_iterative,shock,1,180,1,19,7.0,0,7,18,18,llm_r1_0,70
llm_iterative,shock,1,180,2,19,2.0,0,2,16,16,llm_r1_0,70
llm_iterative,shock,1,181,0,20,129.0,0,129,17,20,llm_r1_0,70
llm_iterative,shock,1,181,1,20,11.0,0,11,18,18,llm_r1_0,70
llm_iterative,shock,1,181,2,20,4.0,0,4,16,16,llm_r1_0,70
llm_iterative,shock,1,182,0,19,128.0,0,128,17,20,llm_r1_0,70
llm_iterative,shock,1,182,1,19,11.0,0,11,18,18,llm_r1_0,70
llm_iterative,shock,1,182,2,19,2.0,0,2,20,20,llm_r1_0,70
llm_iterative,shock,1,183,0,20,128.0,0,128,17,20,llm_r1_0,70
llm_iterative,shock,1,183,1,20,11.0,0,11,18,18,llm_r1_0,70
llm_iterative,shock,1,183,2,20,-0.0,0,0,20,20,llm_r1_0,70
llm_iterative,shock,1,184,0,20,132.0,0,132,17,20,llm_r1_0,70
llm_iterative,shock,1,184,1,20,15.0,0,15,18,18,llm_r1_0,70
llm_iterative,shock,1,184,2,20,2.0,0,2,16,16,llm_r1_0,70
llm_iterative,shock,1,185,0,20,136.0,0,136,17,17,zero,70
llm_iterative,shock,1,185,1,20,16.0,0,16,18,18,zero,70
llm_iterative,shock,1,185,2,20,4.0,0,4,16,16,zero,70
llm_iterative,shock,1,186,0,20,136.0,0,136,17,17,zero,70
llm_iterative,shock,1,186,1,20,13.0,0,13,18,18,zero,70
llm_iterative,shock,1,186,2,20,2.0,0,2,20,20,zero,70
llm_iterative,shock,1,187,0,20,136.0,0,136,17,17,zero,70
llm_iterative,shock,1,187,1,20,10.0,0,10,18,18,zero,70
llm_iterative,shock,1,187,2,20,-0.0,0,0,20,20,zero,70
llm_iterative,shock,1,188,0,20,140.0,0,140,17,17,zero,70
llm_iterative,shock,1,188,1,20,11.0,0,11,18,18,zero,70
llm_iterative,shock,1,188,2,20,2.0,0,2,16,16,zero,70
llm_iterative,shock,1,189,0,20,144.0,0,144,17,17,zero,70
llm_iterative,shock,1,189,1,20,12.0,0,12,18,18,zero,70
llm_iterative,shock,1,189,2,20,4.0,0,4,16,16,zero,70
llm_iterative,shock,1,190,0,20,144.0,0,144,17,17,zero,70
llm_iterative,shock,1,190,1,20,9.0,0,9,18,18,zero,70
llm_iterative,shock,1,190,2,20,2.0,0,2,20,20,zero,70
llm_iterative,shock,1,191,0,20,144.0,0,144,17,17,zero,70
llm_iterative,shock,1,191,1,20,6.0,0,6,18,18,zero,70
llm_iterative,shock,1,191,2,20,-0.0,0,0,20,20,zero,70
llm_iterative,shock,1,192,0,20,148.0,0,148,17,17,zero,70
llm_iterative,shock,1,192,1,20,7.0,0,7,18,18,zero,70
llm_iterative,shock,1,192,2,20,2.0,0,2,16,16,zero,70
llm_iterative,shock,1,193,0,20,152.0,0,152,17,17,zero,70
llm_iterative,shock,1,193,1,20,8.0,0,8,18,18,zero,70
llm_iterative,shock,1,193,2,20,4.0,0,4,16,16,zero,70
llm_iterative,shock,1,194,0,20,152.0,0,152,17,17,zero,70
llm_iterative,shock,1,194,1,20,5.0,0,5,18,18,zero,70
llm_iterative,shock,1,194,2,20,2.0,0,2,20,20,zero,70
llm_iterative,shock,1,195,0,20,152.0,0,152,17,17,zero,70
llm_iterative,shock,1,195,1,20,2.0,0,2,18,18,zero,70
llm_iterative,shock,1,195,2,20,-0.0,0,0,20,20,zero,70
llm_iterative,shock,1,196,0,20,156.0,0,156,17,17,zero,70
llm_iterative,shock,1,196,1,20,3.0,0,3,18,18,zero,70
llm_iterative,shock,1,196,2,20,2.0,0,2,16,16,zero,70
llm_iterative,shock,1,197,0,20,160.0,0,160,17,17,zero,70
llm_iterative,shock,1,197,1,20,4.0,0,4,18,18,zero,70
llm_iterative,shock,1,197,2,20,4.0,0,4,16,16,zero,70
llm_iterative,shock,1,198,0,20,160.0,0,160,17,17,zero,70
llm_iterative,shock,1,198,1,20,1.0,0,1,18,18,zero,70
llm_iterative,shock,1,198,2,20,2.0,0,2,20,20,zero,70
llm_iterative,shock,1,199,0,20,160.0,0,160,17,17,zero,70
llm_iterative,shock,1,199,1,20,2.0,2,0,18,18,zero,70
llm_iterative,shock,1,199,2,20,-0.0,0,0,20,20,zero,70
llm_iterative,shock,1,200,0,20,164.0,0,164,17,17,zero,70
llm_iterative,shock,1,200,1,20,1.0,1,0,18,18,zero,70
llm_iterative,shock,1,200,2,20,2.0,0,2,16,16,zero,70
