group,scenario,trace,period,node,demand,cost,inventory,backlog,happo_order,actual_order,chosen,notification_period
happo,base,0,1,0,10,10.0,10,0,10,10,zero,
happo,base,0,1,1,10,10.0,10,0,15,15,zero,
happo,base,0,1,2,10,5.0,5,0,0,0,zero,
happo,base,0,2,0,10,10.0,10,0,10,10,zero,
happo,base,0,2,1,10,10.0,10,0,1,1,zero,
happo,base,0,2,2,10,14.0,14,0,20,20,zero,
happo,base,0,3,0,10,10.0,10,0,10,10,zero,
happo,base,0,3,1,10,10.0,10,0,15,15,zero,
happo,base,0,3,2,10,9.0,9,0,3,3,zero,
happo,base,0,4,0,10,10.0,10,0,10,10,zero,
happo,base,0,4,1,10,10.0,10,0,15,15,zero,
happo,base,0,4,2,10,4.0,4,0,20,20,zero,
happo,base,0,5,0,10,10.0,10,0,9,9,zero,
happo,base,0,5,1,10,16.0,16,0,15,15,zero,
happo,base,0,5,2,10,11.0,0,11,20,20,zero,
happo,base,0,6,0,8,12.0,12,0,9,9,zero,
happo,base,0,6,1,8,8.0,8,0,15,15,zero,
happo,base,0,6,2,8,6.0,0,6,20,20,zero,
happo,base,0,7,0,8,14.0,14,0,6,6,zero,
happo,base,0,7,1,8,17.0,17,0,3,3,zero,
happo,base,0,7,2,8,6.0,0,6,20,20,zero,
happo,base,0,8,0,8,16.0,16,0,6,6,zero,
happo,base,0,8,1,8,26.0,26,0,1,1,zero,
happo,base,0,8,2,8,13.0,13,0,0,0,zero,
happo,base,0,9,0,8,17.0,17,0,6,6,zero,
happo,base,0,9,1,8,24.0,24,0,0,0,zero,
happo,base,0,9,2,8,33.0,33,0,0,0,zero,
happo,base,0,10,0,8,18.0,18,0,9,9,zero,
happo,base,0,10,1,8,35.0,35,0,1,1,zero,
happo,base,0,10,2,8,52.0,52,0,0,0,zero,
happo,base,0,11,0,9,15.0,15,0,4,4,zero,
happo,base,0,11,1,9,34.0,34,0,1,1,zero,
happo,base,0,11,2,9,71.0,71,0,0,0,zero,
happo,base,0,12,0,9,12.0,12,0,9,9,zero,
happo,base,0,12,1,9,32.0,32,0,1,1,zero,
happo,base,0,12,2,9,70.0,70,0,0,0,zero,
happo,base,0,13,0,9,9.0,9,0,9,9,zero,
happo,base,0,13,1,9,23.0,23,0,15,15,zero,
happo,base,0,13,2,9,55.0,55,0,0,0,zero,
happo,base,0,14,0,10,8.0,8,0,9,9,zero,
happo,base,0,14,1,10,15.0,15,0,15,15,zero,
happo,base,0,14,2,10,40.0,40,0,0,0,zero,
happo,base,0,15,0,12,-0.0,0,0,9,9,zero,
happo,base,0,15,1,12,7.0,7,0,11,11,zero,
happo,base,0,15,2,12,29.0,29,0,1,1,zero,
happo,base,0,16,0,13,4.0,0,4,19,19,zero,
happo,base,0,16,1,13,11.0,0,11,1,1,zero,
happo,base,0,16,2,13,28.0,28,0,20,20,zero,
happo,base,0,17,0,14,9.0,0,9,19,19,zero,
happo,base,0,17,1,14,15.0,0,15,15,15,zero,
happo,base,0,17,2,14,13.0,13,0,0,0,zero,
happo,base,0,18,0,15,15.0,0,15,19,19,zero,
happo,base,0,18,1,15,19.0,0,19,15,15,zero,
happo,base,0,18,2,15,2.0,0,2,16,16,zero,
happo,base,0,19,0,13,19.0,0,19,19,19,zero,
happo,base,0,19,1,13,27.0,0,27,15,15,zero,
happo,base,0,19,2,13,16.0,0,16,20,20,zero,
happo,base,0,20,0,14,25.0,0,25,19,19,zero,
happo,base,0,20,1,14,45.0,0,45,15,15,zero,
happo,base,0,20,2,14,11.0,0,11,20,20,zero,
happo,base,0,21,0,13,23.0,0,23,19,19,zero,
happo,base,0,21,1,13,49.0,0,49,18,18,zero,
happo,base,0,21,2,13,29.0,0,29,20,20,zero,
happo,base,0,22,0,14,22.0,0,22,10,10,zero,
happo,base,0,22,1,14,46.0,0,46,18,18,zero,
happo,base,0,22,2,14,31.0,0,31,20,20,zero,
happo,base,0,23,0,14,25.0,0,25,19,19,zero,
happo,base,0,23,1,14,64.0,0,64,18,18,zero,
happo,base,0,23,2,14,29.0,0,29,20,20,zero,
happo,base,0,24,0,14,38.0,0,38,19,19,zero,
happo,base,0,24,1,14,63.0,0,63,18,18,zero,
happo,base,0,24,2,14,27.0,0,27,20,20,zero,
happo,base,0,25,0,15,38.0,0,38,10,10,zero,
happo,base,0,25,1,15,73.0,0,73,18,18,zero,
happo,base,0,25,2,15,25.0,0,25,20,20,zero,
happo,base,0,26,0,15,40.0,0,40,19,19,zero,
happo,base,0,26,1,15,76.0,0,76,18,18,zero,
happo,base,0,26,2,15,23.0,0,23,20,20,zero,
happo,base,0,27,0,17,56.0,0,56,17,17,zero,
happo,base,0,27,1,17,73.0,0,73,18,18,zero,
happo,base,0,27,2,17,21.0,0,21,20,20,zero,
happo,base,0,28,0,17,53.0,0,53,17,17,zero,
happo,base,0,28,1,17,70.0,0,70,18,18,zero,
happo,base,0,28,2,17,19.0,0,19,20,20,zero,
happo,base,0,29,0,16,69.0,0,69,17,17,zero,
happo,base,0,29,1,16,67.0,0,67,18,18,zero,
happo,base,0,29,2,16,17.0,0,17,20,20,zero,
happo,base,0,30,0,16,69.0,0,69,17,17,zero,
happo,base,0,30,1,16,64.0,0,64,18,18,zero,
happo,base,0,30,2,16,15.0,0,15,20,20,zero,
happo,base,0,31,0,17,66.0,0,66,17,17,zero,
happo,base,0,31,1,17,61.0,0,61,18,18,zero,
happo,base,0,31,2,17,13.0,0,13,16,16,zero,
happo,base,0,32,0,16,62.0,0,62,17,17,zero,
happo,base,0,32,1,16,58.0,0,58,18,18,zero,
happo,base,0,32,2,16,11.0,0,11,20,20,zero,
happo,base,0,33,0,16,58.0,0,58,17,17,zero,
happo,base,0,33,1,16,55.0,0,55,18,18,zero,
happo,base,0,33,2,16,9.0,0,9,20,20,zero,
happo,base,0,34,0,14,52.0,0,52,10,10,zero,
happo,base,0,34,1,14,45.0,0,45,18,18,zero,
happo,base,0,34,2,14,7.0,0,7,20,20,zero,
happo,base,0,35,0,14,46.0,0,46,10,10,zero,
happo,base,0,35,1,14,35.0,0,35,18,18,zero,
happo,base,0,35,2,14,9.0,0,9,20,20,zero,
happo,base,0,36,0,14,40.0,0,40,10,10,zero,
happo,base,0,36,1,14,25.0,0,25,18,18,zero,
happo,base,0,36,2,14,7.0,0,7,16,16,zero,
happo,base,0,37,0,13,33.0,0,33,10,10,zero,
happo,base,0,37,1,13,15.0,0,15,0,0,zero,
happo,base,0,37,2,13,13.0,13,0,20,20,zero,
happo,base,0,38,0,11,24.0,0,24,10,10,zero,
happo,base,0,38,1,11,5.0,0,5,18,18,zero,
happo,base,0,38,2,11,15.0,15,0,1,1,zero,
happo,base,0,39,0,10,14.0,0,14,6,6,zero,
happo,base,0,39,1,10,5.0,5,0,18,18,zero,
happo,base,0,39,2,10,17.0,17,0,16,16,zero,
happo,base,0,40,0,10,4.0,0,4,6,6,zero,
happo,base,0,40,1,10,19.0,19,0,0,0,zero,
happo,base,0,40,2,10,33.0,33,0,20,20,zero,
happo,base,0,41,0,10,6.0,6,0,6,6,zero,
happo,base,0,41,1,10,20.0,20,0,3,3,zero,
happo,base,0,41,2,10,50.0,50,0,0,0,zero,
happo,base,0,42,0,11,15.0,15,0,10,10,zero,
happo,base,0,42,1,11,28.0,28,0,3,3,zero,
happo,base,0,42,2,11,48.0,48,0,0,0,zero,
happo,base,0,43,0,10,16.0,16,0,19,19,zero,
happo,base,0,43,1,10,27.0,27,0,12,12,zero,
happo,base,0,43,2,10,52.0,52,0,0,0,zero,
happo,base,0,44,0,10,12.0,12,0,9,9,zero,
happo,base,0,44,1,10,18.0,18,0,18,18,zero,
happo,base,0,44,2,10,54.0,54,0,0,0,zero,
happo,base,0,45,0,11,7.0,7,0,10,10,zero,
happo,base,0,45,1,11,11.0,11,0,15,15,zero,
happo,base,0,45,2,11,39.0,39,0,1,1,zero,
happo,base,0,46,0,11,6.0,6,0,6,6,zero,
happo,base,0,46,1,11,8.0,8,0,3,3,zero,
happo,base,0,46,2,11,36.0,36,0,20,20,zero,
happo,base,0,47,0,9,16.0,16,0,10,10,zero,
happo,base,0,47,1,9,10.0,10,0,1,1,zero,
happo,base,0,47,2,9,35.0,35,0,0,0,zero,
happo,base,0,48,0,10,15.0,15,0,6,6,zero,
happo,base,0,48,1,10,22.0,22,0,15,15,zero,
happo,base,0,48,2,10,20.0,20,0,0,0,zero,
happo,base,0,49,0,11,14.0,14,0,9,9,zero,
happo,base,0,49,1,11,28.0,28,0,1,1,zero,
happo,base,0,49,2,11,20.0,20,0,1,1,zero,
happo,base,0,50,0,12,8.0,8,0,19,19,zero,
happo,base,0,50,1,12,12.0,12,0,15,15,zero,
happo,base,0,50,2,12,25.0,25,0,1,1,zero,
happo,base,0,51,0,11,7.0,7,0,9,9,zero,
happo,base,0,51,1,11,4.0,4,0,15,15,zero,
happo,base,0,51,2,11,10.0,10,0,20,20,zero,
happo,base,0,52,0,10,3.0,3,0,9,9,zero,
happo,base,0,52,1,10,10.0,10,0,15,15,zero,
happo,base,0,52,2,10,5.0,0,5,20,20,zero,
happo,base,0,53,0,9,3.0,3,0,6,6,zero,
happo,base,0,53,1,9,5.0,5,0,3,3,zero,
happo,base,0,53,2,9,7.0,0,7,20,20,zero,
happo,base,0,54,0,8,14.0,14,0,6,6,zero,
happo,base,0,54,1,8,14.0,14,0,15,15,zero,
happo,base,0,54,2,8,21.0,0,21,0,0,zero,
happo,base,0,55,0,7,16.0,16,0,6,6,zero,
happo,base,0,55,1,7,23.0,23,0,3,3,zero,
happo,base,0,55,2,7,4.0,0,4,20,20,zero,
happo,base,0,56,0,6,19.0,19,0,6,6,zero,
happo,base,0,56,1,6,27.0,27,0,0,0,zero,
happo,base,0,56,2,6,16.0,16,0,0,0,zero,
happo,base,0,57,0,6,19.0,19,0,2,2,zero,
happo,base,0,57,1,6,26.0,26,0,1,1,zero,
happo,base,0,57,2,6,35.0,35,0,0,0,zero,
happo,base,0,58,0,5,20.0,20,0,2,2,zero,
happo,base,0,58,1,5,25.0,25,0,0,0,zero,
happo,base,0,58,2,5,35.0,35,0,0,0,zero,
happo,base,0,59,0,5,21.0,21,0,2,2,zero,
happo,base,0,59,1,5,43.0,43,0,0,0,zero,
happo,base,0,59,2,5,55.0,55,0,0,0,zero,
happo,base,0,60,0,5,22.0,22,0,2,2,zero,
happo,base,0,60,1,5,45.0,45,0,0,0,zero,
happo,base,0,60,2,5,55.0,55,0,0,0,zero,
happo,base,0,61,0,4,20.0,20,0,2,2,zero,
happo,base,0,61,1,4,44.0,44,0,0,0,zero,
happo,base,0,61,2,4,55.0,55,0,0,0,zero,
happo,base,0,62,0,5,17.0,17,0,2,2,zero,
happo,base,0,62,1,5,42.0,42,0,0,0,zero,
happo,base,0,62,2,5,55.0,55,0,0,0,zero,
happo,base,0,63,0,4,15.0,15,0,2,2,zero,
happo,base,0,63,1,4,40.0,40,0,0,0,zero,
happo,base,0,63,2,4,55.0,55,0,0,0,zero,
happo,base,0,64,0,4,13.0,13,0,2,2,zero,
happo,base,0,64,1,4,38.0,38,0,1,1,zero,
happo,base,0,64,2,4,54.0,54,0,0,0,zero,
happo,base,0,65,0,4,11.0,11,0,2,2,zero,
happo,base,0,65,1,4,36.0,36,0,1,1,zero,
happo,base,0,65,2,4,53.0,53,0,0,0,zero,
happo,base,0,66,0,4,9.0,9,0,2,2,zero,
happo,base,0,66,1,4,34.0,34,0,1,1,zero,
happo,base,0,66,2,4,52.0,52,0,0,0,zero,
happo,base,0,67,0,3,8.0,8,0,4,4,zero,
happo,base,0,67,1,3,30.0,30,0,1,1,zero,
happo,base,0,67,2,3,51.0,51,0,0,0,zero,
happo,base,0,68,0,3,7.0,7,0,2,2,zero,
happo,base,0,68,1,3,29.0,29,0,1,1,zero,
happo,base,0,68,2,3,50.0,50,0,0,0,zero,
happo,base,0,69,0,3,6.0,6,0,1,1,zero,
happo,base,0,69,1,3,29.0,29,0,1,1,zero,
happo,base,0,69,2,3,49.0,49,0,0,0,zero,
happo,base,0,70,0,3,5.0,5,0,2,2,zero,
happo,base,0,70,1,3,28.0,28,0,1,1,zero,
happo,base,0,70,2,3,48.0,48,0,0,0,zero,
happo,base,0,71,0,3,6.0,6,0,2,2,zero,
happo,base,0,71,1,3,27.0,27,0,1,1,zero,
happo,base,0,71,2,3,47.0,47,0,0,0,zero,
happo,base,0,72,0,3,5.0,5,0,2,2,zero,
happo,base,0,72,1,3,26.0,26,0,1,1,zero,
happo,base,0,72,2,3,46.0,46,0,0,0,zero,
happo,base,0,73,0,3,3.0,3,0,2,2,zero,
happo,base,0,73,1,3,25.0,25,0,1,1,zero,
happo,base,0,73,2,3,45.0,45,0,0,0,zero,
happo,base,0,74,0,3,2.0,2,0,2,2,zero,
happo,base,0,74,1,3,24.0,24,0,1,1,zero,
happo,base,0,74,2,3,44.0,44,0,0,0,zero,
happo,base,0,75,0,3,1.0,1,0,2,2,zero,
happo,base,0,75,1,3,23.0,23,0,1,1,zero,
happo,base,0,75,2,3,43.0,43,0,0,0,zero,
happo,base,0,76,0,3,-0.0,0,0,6,6,zero,
happo,base,0,76,1,3,18.0,18,0,1,1,zero,
happo,base,0,76,2,3,42.0,42,0,0,0,zero,
happo,base,0,77,0,3,1.0,0,1,2,2,zero,
happo,base,0,77,1,3,17.0,17,0,1,1,zero,
happo,base,0,77,2,3,41.0,41,0,0,0,zero,
happo,base,0,78,0,3,2.0,0,2,2,2,zero,
happo,base,0,78,1,3,16.0,16,0,1,1,zero,
happo,base,0,78,2,3,40.0,40,0,0,0,zero,
happo,base,0,79,0,3,3.0,0,3,2,2,zero,
happo,base,0,79,1,3,15.0,15,0,1,1,zero,
happo,base,0,79,2,3,39.0,39,0,0,0,zero,
happo,base,0,80,0,4,1.0,0,1,6,6,zero,
happo,base,0,80,1,4,10.0,10,0,1,1,zero,
happo,base,0,80,2,4,38.0,38,0,0,0,zero,
happo,base,0,81,0,3,2.0,0,2,2,2,zero,
happo,base,0,81,1,3,9.0,9,0,11,11,zero,
happo,base,0,81,2,3,27.0,27,0,0,0,zero,
happo,base,0,82,0,3,3.0,0,3,6,6,zero,
happo,base,0,82,1,3,4.0,4,0,1,1,zero,
happo,base,0,82,2,3,26.0,26,0,0,0,zero,
happo,base,0,83,0,3,4.0,0,4,2,2,zero,
happo,base,0,83,1,3,3.0,3,0,11,11,zero,
happo,base,0,83,2,3,15.0,15,0,0,0,zero,
happo,base,0,84,0,3,1.0,0,1,6,6,zero,
happo,base,0,84,1,3,2.0,0,2,0,0,zero,
happo,base,0,84,2,3,15.0,15,0,16,16,zero,
happo,base,0,85,0,3,2.0,0,2,2,2,zero,
happo,base,0,85,1,3,7.0,7,0,15,15,zero,
happo,base,0,85,2,3,-0.0,0,0,0,0,zero,
happo,base,0,86,0,4,-0.0,0,0,2,2,zero,
happo,base,0,86,1,4,6.0,6,0,0,0,zero,
happo,base,0,86,2,4,-0.0,0,0,20,20,zero,
happo,base,0,87,0,3,1.0,0,1,6,6,zero,
happo,base,0,87,1,3,11.0,11,0,1,1,zero,
happo,base,0,87,2,3,1.0,0,1,3,3,zero,
happo,base,0,88,0,3,-0.0,0,0,2,2,zero,
happo,base,0,88,1,3,9.0,9,0,1,1,zero,
happo,base,0,88,2,3,14.0,14,0,0,0,zero,
happo,base,0,89,0,3,1.0,1,0,2,2,zero,
happo,base,0,89,1,3,22.0,22,0,1,1,zero,
happo,base,0,89,2,3,13.0,13,0,0,0,zero,
happo,base,0,90,0,3,-0.0,0,0,2,2,zero,
happo,base,0,90,1,3,20.0,20,0,0,0,zero,
happo,base,0,90,2,3,33.0,33,0,0,0,zero,
happo,base,0,91,0,3,3.0,3,0,6,6,zero,
happo,base,0,91,1,3,14.0,14,0,1,1,zero,
happo,base,0,91,2,3,35.0,35,0,0,0,zero,
happo,base,0,92,0,3,2.0,2,0,0,0,zero,
happo,base,0,92,1,3,16.0,16,0,1,1,zero,
happo,base,0,92,2,3,34.0,34,0,0,0,zero,
happo,base,0,93,0,4,-0.0,0,0,6,6,zero,
happo,base,0,93,1,4,11.0,11,0,1,1,zero,
happo,base,0,93,2,4,33.0,33,0,0,0,zero,
happo,base,0,94,0,4,2.0,0,2,2,2,zero,
happo,base,0,94,1,4,9.0,9,0,15,15,zero,
happo,base,0,94,2,4,18.0,18,0,0,0,zero,
happo,base,0,95,0,4,-0.0,0,0,6,6,zero,
happo,base,0,95,1,4,4.0,4,0,1,1,zero,
happo,base,0,95,2,4,17.0,17,0,1,1,zero,
happo,base,0,96,0,5,5.0,0,5,2,2,zero,
happo,base,0,96,1,5,3.0,3,0,15,15,zero,
happo,base,0,96,2,5,2.0,2,0,0,0,zero,
happo,base,0,97,0,4,3.0,0,3,10,10,zero,
happo,base,0,97,1,4,6.0,0,6,0,0,zero,
happo,base,0,97,2,4,2.0,2,0,20,20,zero,
happo,base,0,98,0,4,5.0,0,5,10,10,zero,
happo,base,0,98,1,4,1.0,0,1,15,15,zero,
happo,base,0,98,2,4,13.0,0,13,3,3,zero,
happo,base,0,99,0,3,2.0,0,2,2,2,zero,
happo,base,0,99,1,3,2.0,0,2,15,15,zero,
happo,base,0,99,2,3,27.0,0,27,20,20,zero,
happo,base,0,100,0,4,4.0,0,4,2,2,zero,
happo,base,0,100,1,4,11.0,11,0,15,15,zero,
happo,base,0,100,2,4,42.0,0,42,20,20,zero,
happo,base,0,101,0,3,3.0,0,3,6,6,zero,
happo,base,0,101,1,3,5.0,5,0,15,15,zero,
happo,base,0,101,2,3,37.0,0,37,20,20,zero,
happo,base,0,102,0,4,8.0,8,0,2,2,zero,
happo,base,0,102,1,4,5.0,5,0,0,0,zero,
happo,base,0,102,2,4,34.0,0,34,20,20,zero,
happo,base,0,103,0,4,5.0,5,0,6,6,zero,
happo,base,0,103,1,4,-0.0,0,0,0,0,zero,
happo,base,0,103,2,4,14.0,0,14,0,0,zero,
happo,base,0,104,0,4,5.0,5,0,2,2,zero,
happo,base,0,104,1,4,2.0,0,2,0,0,zero,
happo,base,0,104,2,4,6.0,6,0,0,0,zero,
happo,base,0,105,0,4,7.0,7,0,6,6,zero,
happo,base,0,105,1,4,12.0,12,0,0,0,zero,
happo,base,0,105,2,4,26.0,26,0,0,0,zero,
happo,base,0,106,0,4,5.0,5,0,2,2,zero,
happo,base,0,106,1,4,13.0,13,0,0,0,zero,
happo,base,0,106,2,4,46.0,46,0,0,0,zero,
happo,base,0,107,0,4,7.0,7,0,6,6,zero,
happo,base,0,107,1,4,27.0,27,0,0,0,zero,
happo,base,0,107,2,4,46.0,46,0,0,0,zero,
happo,base,0,108,0,5,2.0,2,0,0,0,zero,
happo,base,0,108,1,5,41.0,41,0,1,1,zero,
happo,base,0,108,2,5,45.0,45,0,0,0,zero,
happo,base,0,109,0,5,5.0,5,0,6,6,zero,
happo,base,0,109,1,5,35.0,35,0,0,0,zero,
happo,base,0,109,2,5,45.0,45,0,0,0,zero,
happo,base,0,110,0,4,3.0,3,0,2,2,zero,
happo,base,0,110,1,4,33.0,33,0,1,1,zero,
happo,base,0,110,2,4,44.0,44,0,0,0,zero,
happo,base,0,111,0,4,5.0,5,0,6,6,zero,
happo,base,0,111,1,4,27.0,27,0,1,1,zero,
happo,base,0,111,2,4,43.0,43,0,0,0,zero,
happo,base,0,112,0,4,1.0,1,0,2,2,zero,
happo,base,0,112,1,4,26.0,26,0,1,1,zero,
happo,base,0,112,2,4,42.0,42,0,0,0,zero,
happo,base,0,113,0,4,3.0,3,0,2,2,zero,
happo,base,0,113,1,4,24.0,24,0,1,1,zero,
happo,base,0,113,2,4,41.0,41,0,0,0,zero,
happo,base,0,114,0,4,1.0,1,0,6,6,zero,
happo,base,0,114,1,4,19.0,19,0,1,1,zero,
happo,base,0,114,2,4,40.0,40,0,0,0,zero,
happo,base,0,115,0,4,3.0,3,0,2,2,zero,
happo,base,0,115,1,4,18.0,18,0,15,15,zero,
happo,base,0,115,2,4,25.0,25,0,0,0,zero,
happo,base,0,116,0,4,1.0,1,0,10,10,zero,
happo,base,0,116,1,4,9.0,9,0,1,1,zero,
happo,base,0,116,2,4,24.0,24,0,0,0,zero,
happo,base,0,117,0,4,1.0,0,1,2,2,zero,
happo,base,0,117,1,4,8.0,8,0,15,15,zero,
happo,base,0,117,2,4,9.0,9,0,0,0,zero,
happo,base,0,118,0,4,1.0,1,0,2,2,zero,
happo,base,0,118,1,4,7.0,7,0,1,1,zero,
happo,base,0,118,2,4,8.0,8,0,20,20,zero,
happo,base,0,119,0,3,-0.0,0,0,2,2,zero,
happo,base,0,119,1,3,20.0,20,0,0,0,zero,
happo,base,0,119,2,3,8.0,8,0,3,3,zero,
happo,base,0,120,0,3,7.0,7,0,6,6,zero,
happo,base,0,120,1,3,15.0,15,0,0,0,zero,
happo,base,0,120,2,3,8.0,8,0,0,0,zero,
happo,base,0,121,0,3,6.0,6,0,0,0,zero,
happo,base,0,121,1,3,30.0,30,0,1,1,zero,
happo,base,0,121,2,3,7.0,7,0,0,0,zero,
happo,base,0,122,0,3,5.0,5,0,6,6,zero,
happo,base,0,122,1,3,25.0,25,0,0,0,zero,
happo,base,0,122,2,3,27.0,27,0,0,0,zero,
happo,base,0,123,0,3,4.0,4,0,2,2,zero,
happo,base,0,123,1,3,23.0,23,0,1,1,zero,
happo,base,0,123,2,3,29.0,29,0,0,0,zero,
happo,base,0,124,0,3,7.0,7,0,0,0,zero,
happo,base,0,124,1,3,23.0,23,0,1,1,zero,
happo,base,0,124,2,3,28.0,28,0,0,0,zero,
happo,base,0,125,0,4,3.0,3,0,0,0,zero,
happo,base,0,125,1,4,24.0,24,0,1,1,zero,
happo,base,0,125,2,4,27.0,27,0,0,0,zero,
happo,base,0,126,0,3,6.0,6,0,6,6,zero,
happo,base,0,126,1,3,18.0,18,0,0,0,zero,
happo,base,0,126,2,3,27.0,27,0,0,0,zero,
happo,base,0,127,0,3,5.0,5,0,2,2,zero,
happo,base,0,127,1,3,17.0,17,0,1,1,zero,
happo,base,0,127,2,3,26.0,26,0,0,0,zero,
happo,base,0,128,0,3,2.0,2,0,6,6,zero,
happo,base,0,128,1,3,12.0,12,0,1,1,zero,
happo,base,0,128,2,3,25.0,25,0,0,0,zero,
happo,base,0,129,0,3,1.0,0,1,2,2,zero,
happo,base,0,129,1,3,11.0,11,0,15,15,zero,
happo,base,0,129,2,3,10.0,10,0,0,0,zero,
happo,base,0,130,0,3,2.0,2,0,0,0,zero,
happo,base,0,130,1,3,11.0,11,0,1,1,zero,
happo,base,0,130,2,3,9.0,9,0,1,1,zero,
happo,base,0,131,0,3,1.0,1,0,2,2,zero,
happo,base,0,131,1,3,10.0,10,0,0,0,zero,
happo,base,0,131,2,3,9.0,9,0,20,20,zero,
happo,base,0,132,0,3,4.0,4,0,6,6,zero,
happo,base,0,132,1,3,5.0,5,0,0,0,zero,
happo,base,0,132,2,3,9.0,9,0,0,0,zero,
happo,base,0,133,0,3,3.0,3,0,2,2,zero,
happo,base,0,133,1,3,18.0,18,0,1,1,zero,
happo,base,0,133,2,3,8.0,8,0,0,0,zero,
happo,base,0,134,0,3,-0.0,0,0,6,6,zero,
happo,base,0,134,1,3,13.0,13,0,1,1,zero,
happo,base,0,134,2,3,8.0,8,0,0,0,zero,
happo,base,0,135,0,2,-0.0,0,0,0,0,zero,
happo,base,0,135,1,2,13.0,13,0,15,15,zero,
happo,base,0,135,2,2,13.0,13,0,0,0,zero,
happo,base,0,136,0,2,4.0,4,0,0,0,zero,
happo,base,0,136,1,2,13.0,13,0,0,0,zero,
happo,base,0,136,2,2,13.0,13,0,1,1,zero,
happo,base,0,137,0,3,3.0,3,0,0,0,zero,
happo,base,0,137,1,3,14.0,14,0,0,0,zero,
happo,base,0,137,2,3,13.0,13,0,0,0,zero,
happo,base,0,138,0,3,6.0,6,0,6,6,zero,
happo,base,0,138,1,3,9.0,9,0,0,0,zero,
happo,base,0,138,2,3,13.0,13,0,0,0,zero,
happo,base,0,139,0,3,3.0,3,0,2,2,zero,
happo,base,0,139,1,3,22.0,22,0,0,0,zero,
happo,base,0,139,2,3,13.0,13,0,0,0,zero,
happo,base,0,140,0,4,1.0,0,1,6,6,zero,
happo,base,0,140,1,4,16.0,16,0,0,0,zero,
happo,base,0,140,2,4,14.0,14,0,0,0,zero,
happo,base,0,141,0,4,5.0,0,5,2,2,zero,
happo,base,0,141,1,4,14.0,14,0,1,1,zero,
happo,base,0,141,2,4,13.0,13,0,0,0,zero,
happo,base,0,142,0,3,2.0,0,2,10,10,zero,
happo,base,0,142,1,3,4.0,4,0,1,1,zero,
happo,base,0,142,2,3,12.0,12,0,0,0,zero,
happo,base,0,143,0,4,4.0,0,4,2,2,zero,
happo,base,0,143,1,4,2.0,2,0,15,15,zero,
happo,base,0,143,2,4,3.0,0,3,0,0,zero,
happo,base,0,144,0,4,2.0,0,2,6,6,zero,
happo,base,0,144,1,4,4.0,0,4,1,1,zero,
happo,base,0,144,2,4,4.0,0,4,20,20,zero,
happo,base,0,145,0,4,4.0,0,4,6,6,zero,
happo,base,0,145,1,4,9.0,0,9,15,15,zero,
happo,base,0,145,2,4,19.0,0,19,20,20,zero,
happo,base,0,146,0,4,2.0,2,0,6,6,zero,
happo,base,0,146,1,4,14.0,0,14,15,15,zero,
happo,base,0,146,2,4,34.0,0,34,20,20,zero,
happo,base,0,147,0,3,1.0,1,0,19,19,zero,
happo,base,0,147,1,3,21.0,0,21,15,15,zero,
happo,base,0,147,2,3,49.0,0,49,20,20,zero,
happo,base,0,148,0,3,-0.0,0,0,10,10,zero,
happo,base,0,148,1,3,31.0,0,31,15,15,zero,
happo,base,0,148,2,3,44.0,0,44,20,20,zero,
happo,base,0,149,0,3,2.0,0,2,6,6,zero,
happo,base,0,149,1,3,37.0,0,37,15,15,zero,
happo,base,0,149,2,3,39.0,0,39,20,20,zero,
happo,base,0,150,0,3,4.0,0,4,6,6,zero,
happo,base,0,150,1,3,43.0,0,43,3,3,zero,
happo,base,0,150,2,3,22.0,0,22,20,20,zero,
happo,base,0,151,0,2,6.0,6,0,6,6,zero,
happo,base,0,151,1,2,49.0,0,49,0,0,zero,
happo,base,0,151,2,2,2.0,0,2,0,0,zero,
happo,base,0,152,0,2,4.0,4,0,6,6,zero,
happo,base,0,152,1,2,35.0,0,35,0,0,zero,
happo,base,0,152,2,2,18.0,18,0,0,0,zero,
happo,base,0,153,0,2,2.0,2,0,2,2,zero,
happo,base,0,153,1,2,17.0,0,17,0,0,zero,
happo,base,0,153,2,2,38.0,38,0,0,0,zero,
happo,base,0,154,0,3,1.0,0,1,0,0,zero,
happo,base,0,154,1,3,3.0,3,0,0,0,zero,
happo,base,0,154,2,3,58.0,58,0,0,0,zero,
happo,base,0,155,0,3,4.0,0,4,0,0,zero,
happo,base,0,155,1,3,23.0,23,0,0,0,zero,
happo,base,0,155,2,3,58.0,58,0,0,0,zero,
happo,base,0,156,0,3,13.0,13,0,0,0,zero,
happo,base,0,156,1,3,25.0,25,0,0,0,zero,
happo,base,0,156,2,3,58.0,58,0,0,0,zero,
happo,base,0,157,0,4,29.0,29,0,0,0,zero,
happo,base,0,157,1,4,25.0,25,0,0,0,zero,
happo,base,0,157,2,4,58.0,58,0,0,0,zero,
happo,base,0,158,0,3,43.0,43,0,0,0,zero,
happo,base,0,158,1,3,25.0,25,0,0,0,zero,
happo,base,0,158,2,3,58.0,58,0,0,0,zero,
happo,base,0,159,0,3,40.0,40,0,0,0,zero,
happo,base,0,159,1,3,25.0,25,0,0,0,zero,
happo,base,0,159,2,3,58.0,58,0,0,0,zero,
happo,base,0,160,0,3,37.0,37,0,0,0,zero,
happo,base,0,160,1,3,25.0,25,0,0,0,zero,
happo,base,0,160,2,3,58.0,58,0,0,0,zero,
happo,base,0,161,0,3,34.0,34,0,0,0,zero,
happo,base,0,161,1,3,25.0,25,0,0,0,zero,
happo,base,0,161,2,3,58.0,58,0,0,0,zero,
happo,base,0,162,0,3,31.0,31,0,0,0,zero,
happo,base,0,162,1,3,25.0,25,0,0,0,zero,
happo,base,0,162,2,3,58.0,58,0,0,0,zero,
happo,base,0,163,0,3,28.0,28,0,0,0,zero,
happo,base,0,163,1,3,25.0,25,0,0,0,zero,
happo,base,0,163,2,3,58.0,58,0,0,0,zero,
happo,base,0,164,0,4,24.0,24,0,0,0,zero,
happo,base,0,164,1,4,25.0,25,0,0,0,zero,
happo,base,0,164,2,4,58.0,58,0,0,0,zero,
happo,base,0,165,0,3,21.0,21,0,0,0,zero,
happo,base,0,165,1,3,25.0,25,0,0,0,zero,
happo,base,0,165,2,3,58.0,58,0,0,0,zero,
happo,base,0,166,0,3,18.0,18,0,0,0,zero,
happo,base,0,166,1,3,25.0,25,0,0,0,zero,
happo,base,0,166,2,3,58.0,58,0,0,0,zero,
happo,base,0,167,0,4,14.0,14,0,2,2,zero,
happo,base,0,167,1,4,23.0,23,0,0,0,zero,
happo,base,0,167,2,4,58.0,58,0,0,0,zero,
happo,base,0,168,0,3,11.0,11,0,2,2,zero,
happo,base,0,168,1,3,21.0,21,0,0,0,zero,
happo,base,0,168,2,3,58.0,58,0,0,0,zero,
happo,base,0,169,0,3,8.0,8,0,2,2,zero,
happo,base,0,169,1,3,19.0,19,0,1,1,zero,
happo,base,0,169,2,3,57.0,57,0,0,0,zero,
happo,base,0,170,0,3,5.0,5,0,2,2,zero,
happo,base,0,170,1,3,17.0,17,0,1,1,zero,
happo,base,0,170,2,3,56.0,56,0,0,0,zero,
happo,base,0,171,0,3,4.0,4,0,2,2,zero,
happo,base,0,171,1,3,15.0,15,0,1,1,zero,
happo,base,0,171,2,3,55.0,55,0,0,0,zero,
happo,base,0,172,0,3,3.0,3,0,2,2,zero,
happo,base,0,172,1,3,13.0,13,0,1,1,zero,
happo,base,0,172,2,3,54.0,54,0,0,0,zero,
happo,base,0,173,0,4,1.0,1,0,2,2,zero,
happo,base,0,173,1,4,12.0,12,0,1,1,zero,
happo,base,0,173,2,4,53.0,53,0,0,0,zero,
happo,base,0,174,0,5,2.0,0,2,9,9,zero,
happo,base,0,174,1,5,4.0,4,0,1,1,zero,
happo,base,0,174,2,5,52.0,52,0,0,0,zero,
happo,base,0,175,0,5,5.0,0,5,2,2,zero,
happo,base,0,175,1,5,3.0,3,0,15,15,zero,
happo,base,0,175,2,5,37.0,37,0,0,0,zero,
happo,base,0,176,0,5,8.0,0,8,10,10,zero,
happo,base,0,176,1,5,6.0,0,6,1,1,zero,
happo,base,0,176,2,5,36.0,36,0,0,0,zero,
happo,base,0,177,0,6,12.0,0,12,10,10,zero,
happo,base,0,177,1,6,15.0,0,15,15,15,zero,
happo,base,0,177,2,6,21.0,21,0,0,0,zero,
happo,base,0,178,0,6,9.0,0,9,10,10,zero,
happo,base,0,178,1,6,24.0,0,24,15,15,zero,
happo,base,0,178,2,6,6.0,6,0,16,16,zero,
happo,base,0,179,0,5,12.0,0,12,19,19,zero,
happo,base,0,179,1,5,28.0,0,28,15,15,zero,
happo,base,0,179,2,5,9.0,0,9,20,20,zero,
happo,base,0,180,0,6,14.0,0,14,10,10,zero,
happo,base,0,180,1,6,37.0,0,37,18,18,zero,
happo,base,0,180,2,6,27.0,0,27,20,20,zero,
happo,base,0,181,0,6,19.0,0,19,19,19,zero,
happo,base,0,181,1,6,41.0,0,41,18,18,zero,
happo,base,0,181,2,6,45.0,0,45,20,20,zero,
happo,base,0,182,0,6,24.0,0,24,10,10,zero,
happo,base,0,182,1,6,36.0,0,36,18,18,zero,
happo,base,0,182,2,6,47.0,0,47,20,20,zero,
happo,base,0,183,0,7,16.0,0,16,6,6,zero,
happo,base,0,183,1,7,36.0,0,36,18,18,zero,
happo,base,0,183,2,7,45.0,0,45,20,20,zero,
happo,base,0,184,0,7,22.0,0,22,10,10,zero,
happo,base,0,184,1,7,46.0,0,46,18,18,zero,
happo,base,0,184,2,7,43.0,0,43,20,20,zero,
happo,base,0,185,0,6,13.0,0,13,10,10,zero,
happo,base,0,185,1,6,56.0,0,56,18,18,zero,
happo,base,0,185,2,6,41.0,0,41,20,20,zero,
happo,base,0,186,0,7,5.0,0,5,10,10,zero,
happo,base,0,186,1,7,50.0,0,50,0,0,zero,
happo,base,0,186,2,7,21.0,0,21,20,20,zero,
happo,base,0,187,0,6,5.0,0,5,6,6,zero,
happo,base,0,187,1,6,36.0,0,36,0,0,zero,
happo,base,0,187,2,6,1.0,0,1,0,0,zero,
happo,base,0,188,0,6,11.0,0,11,0,0,zero,
happo,base,0,188,1,6,16.0,0,16,0,0,zero,
happo,base,0,188,2,6,19.0,19,0,0,0,zero,
happo,base,0,189,0,6,17.0,0,17,0,0,zero,
happo,base,0,189,1,6,4.0,4,0,0,0,zero,
happo,base,0,189,2,6,39.0,39,0,0,0,zero,
happo,base,0,190,0,5,6.0,0,6,0,0,zero,
happo,base,0,190,1,5,24.0,24,0,0,0,zero,
happo,base,0,190,2,5,59.0,59,0,0,0,zero,
happo,base,0,191,0,5,9.0,9,0,6,6,zero,
happo,base,0,191,1,5,38.0,38,0,0,0,zero,
happo,base,0,191,2,5,59.0,59,0,0,0,zero,
happo,base,0,192,0,5,24.0,24,0,6,6,zero,
happo,base,0,192,1,5,33.0,33,0,0,0,zero,
happo,base,0,192,2,5,59.0,59,0,0,0,zero,
happo,base,0,193,0,5,35.0,35,0,0,0,zero,
happo,base,0,193,1,5,33.0,33,0,12,12,zero,
happo,base,0,193,2,5,47.0,47,0,0,0,zero,
happo,base,0,194,0,4,31.0,31,0,0,0,zero,
happo,base,0,194,1,4,33.0,33,0,1,1,zero,
happo,base,0,194,2,4,46.0,46,0,0,0,zero,
happo,base,0,195,0,4,33.0,33,0,0,0,zero,
happo,base,0,195,1,4,33.0,33,0,0,0,zero,
happo,base,0,195,2,4,46.0,46,0,0,0,zero,
happo,base,0,196,0,4,35.0,35,0,0,0,zero,
happo,base,0,196,1,4,33.0,33,0,0,0,zero,
happo,base,0,196,2,4,46.0,46,0,0,0,zero,
happo,base,0,197,0,4,31.0,31,0,0,0,zero,
happo,base,0,197,1,4,45.0,45,0,0,0,zero,
happo,base,0,197,2,4,46.0,46,0,0,0,zero,
happo,base,0,198,0,4,27.0,27,0,0,0,zero,
happo,base,0,198,1,4,46.0,46,0,0,0,zero,
happo,base,0,198,2,4,46.0,46,0,0,0,zero,
happo,base,0,199,0,4,23.0,23,0,0,0,zero,
happo,base,0,199,1,4,46.0,46,0,0,0,zero,
happo,base,0,199,2,4,46.0,46,0,0,0,zero,
happo,base,0,200,0,5,18.0,18,0,2,2,zero,
happo,base,0,200,1,5,44.0,44,0,0,0,zero,
happo,base,0,200,2,5,46.0,46,0,0,0,zero,
happo,base,1,1,0,10,10.0,10,0,10,10,zero,
happo,base,1,1,1,10,10.0,10,0,15,15,zero,
happo,base,1,1,2,10,5.0,5,0,0,0,zero,
happo,base,1,2,0,11,9.0,9,0,10,10,zero,
happo,base,1,2,1,11,10.0,10,0,1,1,zero,
happo,base,1,2,2,11,14.0,14,0,20,20,zero,
happo,base,1,3,0,9,10.0,10,0,19,19,zero,
happo,base,1,3,1,9,1.0,1,0,15,15,zero,
happo,base,1,3,2,9,9.0,9,0,3,3,zero,
happo,base,1,4,0,10,10.0,10,0,6,6,zero,
happo,base,1,4,1,10,5.0,5,0,15,15,zero,
happo,base,1,4,2,10,4.0,4,0,20,20,zero,
happo,base,1,5,0,11,9.0,9,0,6,6,zero,
happo,base,1,5,1,11,14.0,14,0,15,15,zero,
happo,base,1,5,2,11,11.0,0,11,20,20,zero,
happo,base,1,6,0,10,9.0,9,0,6,6,zero,
happo,base,1,6,1,10,9.0,9,0,3,3,zero,
happo,base,1,6,2,10,6.0,6,0,20,20,zero,
happo,base,1,7,0,9,19.0,19,0,10,10,zero,
happo,base,1,7,1,9,14.0,14,0,0,0,zero,
happo,base,1,7,2,9,9.0,9,0,0,0,zero,
happo,base,1,8,0,10,15.0,15,0,6,6,zero,
happo,base,1,8,1,10,23.0,23,0,1,1,zero,
happo,base,1,8,2,10,28.0,28,0,0,0,zero,
happo,base,1,9,0,11,10.0,10,0,9,9,zero,
happo,base,1,9,1,11,18.0,18,0,1,1,zero,
happo,base,1,9,2,11,47.0,47,0,0,0,zero,
happo,base,1,10,0,11,5.0,5,0,19,19,zero,
happo,base,1,10,1,11,13.0,13,0,15,15,zero,
happo,base,1,10,2,11,52.0,52,0,0,0,zero,
happo,base,1,11,0,10,5.0,5,0,9,9,zero,
happo,base,1,11,1,10,4.0,4,0,15,15,zero,
happo,base,1,11,2,10,37.0,37,0,0,0,zero,
happo,base,1,12,0,10,1.0,1,0,9,9,zero,
happo,base,1,12,1,10,4.0,0,4,15,15,zero,
happo,base,1,12,2,10,22.0,22,0,20,20,zero,
happo,base,1,13,0,10,-0.0,0,0,6,6,zero,
happo,base,1,13,1,10,9.0,0,9,3,3,zero,
happo,base,1,13,2,10,19.0,19,0,20,20,zero,
happo,base,1,14,0,10,9.0,9,0,10,10,zero,
happo,base,1,14,1,10,4.0,0,4,3,3,zero,
happo,base,1,14,2,10,16.0,16,0,0,0,zero,
happo,base,1,15,0,10,8.0,8,0,6,6,zero,
happo,base,1,15,1,10,5.0,5,0,18,18,zero,
happo,base,1,15,2,10,2.0,0,2,0,0,zero,
happo,base,1,16,0,9,4.0,4,0,10,10,zero,
happo,base,1,16,1,9,10.0,10,0,15,15,zero,
happo,base,1,16,2,9,3.0,3,0,0,0,zero,
happo,base,1,17,0,10,5.0,0,5,6,6,zero,
happo,base,1,17,1,10,7.0,7,0,3,3,zero,
happo,base,1,17,2,10,20.0,20,0,20,20,zero,
happo,base,1,18,0,10,-0.0,0,0,10,10,zero,
happo,base,1,18,1,10,-0.0,0,0,3,3,zero,
happo,base,1,18,2,10,17.0,17,0,5,5,zero,
happo,base,1,19,0,10,-0.0,0,0,10,10,zero,
happo,base,1,19,1,10,6.0,6,0,15,15,zero,
happo,base,1,19,2,10,2.0,2,0,0,0,zero,
happo,base,1,20,0,11,1.0,0,1,19,19,zero,
happo,base,1,20,1,11,4.0,4,0,15,15,zero,
happo,base,1,20,2,11,13.0,0,13,0,0,zero,
happo,base,1,21,0,12,7.0,0,7,9,9,zero,
happo,base,1,21,1,12,2.0,0,2,18,18,zero,
happo,base,1,21,2,12,11.0,0,11,20,20,zero,
happo,base,1,22,0,13,10.0,0,10,19,19,zero,
happo,base,1,22,1,13,18.0,0,18,15,15,zero,
happo,base,1,22,2,13,21.0,0,21,20,20,zero,
happo,base,1,23,0,13,13.0,0,13,10,10,zero,
happo,base,1,23,1,13,13.0,0,13,18,18,zero,
happo,base,1,23,2,13,39.0,0,39,20,20,zero,
happo,base,1,24,0,15,9.0,0,9,10,10,zero,
happo,base,1,24,1,15,21.0,0,21,18,18,zero,
happo,base,1,24,2,15,57.0,0,57,20,20,zero,
happo,base,1,25,0,14,16.0,0,16,19,19,zero,
happo,base,1,25,1,14,20.0,0,20,15,15,zero,
happo,base,1,25,2,14,52.0,0,52,20,20,zero,
happo,base,1,26,0,13,26.0,0,26,10,10,zero,
happo,base,1,26,1,13,25.0,0,25,18,18,zero,
happo,base,1,26,2,13,50.0,0,50,20,20,zero,
happo,base,1,27,0,13,24.0,0,24,19,19,zero,
happo,base,1,27,1,13,44.0,0,44,18,18,zero,
happo,base,1,27,2,13,48.0,0,48,20,20,zero,
happo,base,1,28,0,13,35.0,0,35,19,19,zero,
happo,base,1,28,1,13,63.0,0,63,18,18,zero,
happo,base,1,28,2,13,46.0,0,46,20,20,zero,
happo,base,1,29,0,13,28.0,0,28,19,19,zero,
happo,base,1,29,1,13,62.0,0,62,18,18,zero,
happo,base,1,29,2,13,44.0,0,44,20,20,zero,
happo,base,1,30,0,14,37.0,0,37,10,10,zero,
happo,base,1,30,1,14,52.0,0,52,18,18,zero,
happo,base,1,30,2,14,42.0,0,42,20,20,zero,
happo,base,1,31,0,15,52.0,0,52,17,17,zero,
happo,base,1,31,1,15,49.0,0,49,18,18,zero,
happo,base,1,31,2,15,40.0,0,40,20,20,zero,
happo,base,1,32,0,14,66.0,0,66,17,17,zero,
happo,base,1,32,1,14,46.0,0,46,18,18,zero,
happo,base,1,32,2,14,38.0,0,38,20,20,zero,
happo,base,1,33,0,14,60.0,0,60,17,17,zero,
happo,base,1,33,1,14,43.0,0,43,18,18,zero,
happo,base,1,33,2,14,36.0,0,36,20,20,zero,
happo,base,1,34,0,15,55.0,0,55,10,10,zero,
happo,base,1,34,1,15,33.0,0,33,18,18,zero,
happo,base,1,34,2,15,34.0,0,34,20,20,zero,
happo,base,1,35,0,16,51.0,0,51,10,10,zero,
happo,base,1,35,1,16,23.0,0,23,0,0,zero,
happo,base,1,35,2,16,14.0,0,14,20,20,zero,
happo,base,1,36,0,15,46.0,0,46,10,10,zero,
happo,base,1,36,1,15,13.0,0,13,0,0,zero,
happo,base,1,36,2,15,6.0,6,0,0,0,zero,
happo,base,1,37,0,15,41.0,0,41,10,10,zero,
happo,base,1,37,1,15,3.0,0,3,18,18,zero,
happo,base,1,37,2,15,8.0,8,0,0,0,zero,
happo,base,1,38,0,14,35.0,0,35,10,10,zero,
happo,base,1,38,1,14,7.0,7,0,18,18,zero,
happo,base,1,38,2,14,10.0,10,0,16,16,zero,
happo,base,1,39,0,14,29.0,0,29,10,10,zero,
happo,base,1,39,1,14,17.0,17,0,18,18,zero,
happo,base,1,39,2,14,12.0,12,0,20,20,zero,
happo,base,1,40,0,14,23.0,0,23,10,10,zero,
happo,base,1,40,1,14,21.0,21,0,0,0,zero,
happo,base,1,40,2,14,12.0,12,0,20,20,zero,
happo,base,1,41,0,13,16.0,0,16,19,19,zero,
happo,base,1,41,1,13,20.0,20,0,12,12,zero,
happo,base,1,41,2,13,-0.0,0,0,3,3,zero,
happo,base,1,42,0,13,16.0,0,16,10,10,zero,
happo,base,1,42,1,13,28.0,28,0,18,18,zero,
happo,base,1,42,2,13,2.0,0,2,0,0,zero,
happo,base,1,43,0,13,19.0,0,19,19,19,zero,
happo,base,1,43,1,13,27.0,27,0,15,15,zero,
happo,base,1,43,2,13,3.0,3,0,20,20,zero,
happo,base,1,44,0,13,22.0,0,22,10,10,zero,
happo,base,1,44,1,13,17.0,17,0,18,18,zero,
happo,base,1,44,2,13,5.0,5,0,20,20,zero,
happo,base,1,45,0,15,18.0,0,18,19,19,zero,
happo,base,1,45,1,15,10.0,10,0,3,3,zero,
happo,base,1,45,2,15,5.0,5,0,20,20,zero,
happo,base,1,46,0,15,23.0,0,23,19,19,zero,
happo,base,1,46,1,15,7.0,7,0,15,15,zero,
happo,base,1,46,2,15,10.0,0,10,0,0,zero,
happo,base,1,47,0,14,18.0,0,18,19,19,zero,
happo,base,1,47,1,14,5.0,5,0,15,15,zero,
happo,base,1,47,2,14,5.0,0,5,0,0,zero,
happo,base,1,48,0,14,22.0,0,22,19,19,zero,
happo,base,1,48,1,14,4.0,4,0,15,15,zero,
happo,base,1,48,2,14,-0.0,0,0,20,20,zero,
happo,base,1,49,0,15,18.0,0,18,10,10,zero,
happo,base,1,49,1,15,3.0,0,3,15,15,zero,
happo,base,1,49,2,15,5.0,5,0,20,20,zero,
happo,base,1,50,0,18,17.0,0,17,10,10,zero,
happo,base,1,50,1,18,8.0,0,8,15,15,zero,
happo,base,1,50,2,18,10.0,0,10,20,20,zero,
happo,base,1,51,0,17,15.0,0,15,19,19,zero,
happo,base,1,51,1,17,7.0,0,7,15,15,zero,
happo,base,1,51,2,17,25.0,0,25,20,20,zero,
happo,base,1,52,0,18,14.0,0,14,10,10,zero,
happo,base,1,52,1,18,3.0,3,0,18,18,zero,
happo,base,1,52,2,18,23.0,0,23,0,0,zero,
happo,base,1,53,0,18,25.0,0,25,19,19,zero,
happo,base,1,53,1,18,1.0,0,1,15,15,zero,
happo,base,1,53,2,18,18.0,0,18,20,20,zero,
happo,base,1,54,0,18,38.0,0,38,19,19,zero,
happo,base,1,54,1,18,15.0,0,15,18,18,zero,
happo,base,1,54,2,18,16.0,0,16,20,20,zero,
happo,base,1,55,0,20,38.0,0,38,19,19,zero,
happo,base,1,55,1,20,34.0,0,34,18,18,zero,
happo,base,1,55,2,20,14.0,0,14,20,20,zero,
happo,base,1,56,0,20,41.0,0,41,19,19,zero,
happo,base,1,56,1,20,33.0,0,33,18,18,zero,
happo,base,1,56,2,20,32.0,0,32,20,20,zero,
happo,base,1,57,0,18,41.0,0,41,19,19,zero,
happo,base,1,57,1,18,32.0,0,32,18,18,zero,
happo,base,1,57,2,18,30.0,0,30,20,20,zero,
happo,base,1,58,0,17,53.0,0,53,19,19,zero,
happo,base,1,58,1,17,31.0,0,31,18,18,zero,
happo,base,1,58,2,17,28.0,0,28,20,20,zero,
happo,base,1,59,0,16,69.0,0,69,17,17,zero,
happo,base,1,59,1,16,28.0,0,28,18,18,zero,
happo,base,1,59,2,16,26.0,0,26,20,20,zero,
happo,base,1,60,0,16,65.0,0,65,17,17,zero,
happo,base,1,60,1,16,45.0,0,45,18,18,zero,
happo,base,1,60,2,16,24.0,0,24,20,20,zero,
happo,base,1,61,0,18,63.0,0,63,17,17,zero,
happo,base,1,61,1,18,42.0,0,42,18,18,zero,
happo,base,1,61,2,18,22.0,0,22,20,20,zero,
happo,base,1,62,0,17,60.0,0,60,17,17,zero,
happo,base,1,62,1,17,39.0,0,39,18,18,zero,
happo,base,1,62,2,17,20.0,0,20,20,20,zero,
happo,base,1,63,0,18,58.0,0,58,17,17,zero,
happo,base,1,63,1,18,36.0,0,36,18,18,zero,
happo,base,1,63,2,18,18.0,0,18,20,20,zero,
happo,base,1,64,0,17,75.0,0,75,17,17,zero,
happo,base,1,64,1,17,33.0,0,33,18,18,zero,
happo,base,1,64,2,17,16.0,0,16,20,20,zero,
happo,base,1,65,0,18,73.0,0,73,17,17,zero,
happo,base,1,65,1,18,30.0,0,30,18,18,zero,
happo,base,1,65,2,18,14.0,0,14,20,20,zero,
happo,base,1,66,0,20,73.0,0,73,17,17,zero,
happo,base,1,66,1,20,27.0,0,27,18,18,zero,
happo,base,1,66,2,20,12.0,0,12,16,16,zero,
happo,base,1,67,0,18,71.0,0,71,17,17,zero,
happo,base,1,67,1,18,24.0,0,24,18,18,zero,
happo,base,1,67,2,18,10.0,0,10,20,20,zero,
happo,base,1,68,0,17,68.0,0,68,17,17,zero,
happo,base,1,68,1,17,21.0,0,21,18,18,zero,
happo,base,1,68,2,17,8.0,0,8,20,20,zero,
happo,base,1,69,0,16,64.0,0,64,17,17,zero,
happo,base,1,69,1,16,18.0,0,18,18,18,zero,
happo,base,1,69,2,16,6.0,0,6,20,20,zero,
happo,base,1,70,0,15,59.0,0,59,17,17,zero,
happo,base,1,70,1,15,15.0,0,15,18,18,zero,
happo,base,1,70,2,15,8.0,0,8,20,20,zero,
happo,base,1,71,0,17,56.0,0,56,10,10,zero,
happo,base,1,71,1,17,5.0,0,5,18,18,zero,
happo,base,1,71,2,17,6.0,0,6,16,16,zero,
happo,base,1,72,0,14,50.0,0,50,10,10,zero,
happo,base,1,72,1,14,5.0,5,0,18,18,zero,
happo,base,1,72,2,14,4.0,0,4,16,16,zero,
happo,base,1,73,0,16,46.0,0,46,10,10,zero,
happo,base,1,73,1,16,15.0,15,0,3,3,zero,
happo,base,1,73,2,16,13.0,13,0,20,20,zero,
happo,base,1,74,0,16,42.0,0,42,19,19,zero,
happo,base,1,74,1,16,12.0,12,0,3,3,zero,
happo,base,1,74,2,16,30.0,30,0,1,1,zero,
happo,base,1,75,0,15,37.0,0,37,10,10,zero,
happo,base,1,75,1,15,22.0,22,0,18,18,zero,
happo,base,1,75,2,15,28.0,28,0,0,0,zero,
happo,base,1,76,0,15,37.0,0,37,19,19,zero,
happo,base,1,76,1,15,23.0,23,0,18,18,zero,
happo,base,1,76,2,15,26.0,26,0,16,16,zero,
happo,base,1,77,0,15,42.0,0,42,19,19,zero,
happo,base,1,77,1,15,11.0,11,0,18,18,zero,
happo,base,1,77,2,15,28.0,28,0,20,20,zero,
happo,base,1,78,0,13,36.0,0,36,19,19,zero,
happo,base,1,78,1,13,5.0,0,5,18,18,zero,
happo,base,1,78,2,13,11.0,11,0,20,20,zero,
happo,base,1,79,0,14,40.0,0,40,19,19,zero,
happo,base,1,79,1,14,6.0,0,6,18,18,zero,
happo,base,1,79,2,14,7.0,0,7,20,20,zero,
happo,base,1,80,0,15,36.0,0,36,10,10,zero,
happo,base,1,80,1,15,2.0,2,0,18,18,zero,
happo,base,1,80,2,15,9.0,0,9,20,20,zero,
happo,base,1,81,0,18,35.0,0,35,10,10,zero,
happo,base,1,81,1,18,10.0,10,0,18,18,zero,
happo,base,1,81,2,18,7.0,0,7,16,16,zero,
happo,base,1,82,0,17,38.0,0,38,19,19,zero,
happo,base,1,82,1,17,9.0,9,0,3,3,zero,
happo,base,1,82,2,17,10.0,10,0,16,16,zero,
happo,base,1,83,0,17,37.0,0,37,19,19,zero,
happo,base,1,83,1,17,1.0,1,0,18,18,zero,
happo,base,1,83,2,17,12.0,12,0,0,0,zero,
happo,base,1,84,0,19,40.0,0,40,19,19,zero,
happo,base,1,84,1,19,2.0,0,2,18,18,zero,
happo,base,1,84,2,19,14.0,14,0,16,16,zero,
happo,base,1,85,0,19,49.0,0,49,19,19,zero,
happo,base,1,85,1,19,1.0,0,1,18,18,zero,
happo,base,1,85,2,19,12.0,12,0,20,20,zero,
happo,base,1,86,0,16,46.0,0,46,19,19,zero,
happo,base,1,86,1,16,10.0,0,10,18,18,zero,
happo,base,1,86,2,16,10.0,10,0,20,20,zero,
happo,base,1,87,0,16,43.0,0,43,19,19,zero,
happo,base,1,87,1,16,11.0,0,11,18,18,zero,
happo,base,1,87,2,16,8.0,0,8,20,20,zero,
happo,base,1,88,0,17,43.0,0,43,10,10,zero,
happo,base,1,88,1,17,3.0,0,3,18,18,zero,
happo,base,1,88,2,17,10.0,0,10,20,20,zero,
happo,base,1,89,0,18,41.0,0,41,19,19,zero,
happo,base,1,89,1,18,4.0,0,4,18,18,zero,
happo,base,1,89,2,18,8.0,0,8,16,16,zero,
happo,base,1,90,0,19,50.0,0,50,19,19,zero,
happo,base,1,90,1,19,5.0,0,5,18,18,zero,
happo,base,1,90,2,19,6.0,0,6,16,16,zero,
happo,base,1,91,0,19,51.0,0,51,19,19,zero,
happo,base,1,91,1,19,14.0,0,14,18,18,zero,
happo,base,1,91,2,19,4.0,0,4,20,20,zero,
happo,base,1,92,0,19,52.0,0,52,19,19,zero,
happo,base,1,92,1,19,17.0,0,17,18,18,zero,
happo,base,1,92,2,19,2.0,0,2,20,20,zero,
happo,base,1,93,0,16,50.0,0,50,19,19,zero,
happo,base,1,93,1,16,16.0,0,16,18,18,zero,
happo,base,1,93,2,16,4.0,0,4,20,20,zero,
happo,base,1,94,0,17,49.0,0,49,19,19,zero,
happo,base,1,94,1,17,15.0,0,15,18,18,zero,
happo,base,1,94,2,17,6.0,0,6,16,16,zero,
happo,base,1,95,0,17,56.0,0,56,17,17,zero,
happo,base,1,95,1,17,12.0,0,12,18,18,zero,
happo,base,1,95,2,17,4.0,0,4,16,16,zero,
happo,base,1,96,0,15,55.0,0,55,17,17,zero,
happo,base,1,96,1,15,9.0,0,9,18,18,zero,
happo,base,1,96,2,15,2.0,0,2,20,20,zero,
happo,base,1,97,0,14,49.0,0,49,10,10,zero,
happo,base,1,97,1,14,3.0,0,3,18,18,zero,
happo,base,1,97,2,14,-0.0,0,0,20,20,zero,
happo,base,1,98,0,13,42.0,0,42,10,10,zero,
happo,base,1,98,1,13,3.0,3,0,18,18,zero,
happo,base,1,98,2,13,2.0,0,2,16,16,zero,
happo,base,1,99,0,13,35.0,0,35,10,10,zero,
happo,base,1,99,1,13,13.0,13,0,3,3,zero,
happo,base,1,99,2,13,11.0,11,0,16,16,zero,
happo,base,1,100,0,13,28.0,0,28,10,10,zero,
happo,base,1,100,1,13,23.0,23,0,12,12,zero,
happo,base,1,100,2,13,19.0,19,0,0,0,zero,
happo,base,1,101,0,14,26.0,0,26,19,19,zero,
happo,base,1,101,1,14,24.0,24,0,3,3,zero,
happo,base,1,101,2,14,36.0,36,0,0,0,zero,
happo,base,1,102,0,14,27.0,0,27,19,19,zero,
happo,base,1,102,1,14,21.0,21,0,18,18,zero,
happo,base,1,102,2,14,34.0,34,0,0,0,zero,
happo,base,1,103,0,14,31.0,0,31,19,19,zero,
happo,base,1,103,1,14,7.0,7,0,18,18,zero,
happo,base,1,103,2,14,32.0,32,0,1,1,zero,
happo,base,1,104,0,14,35.0,0,35,17,17,zero,
happo,base,1,104,1,14,2.0,2,0,18,18,zero,
happo,base,1,104,2,14,14.0,14,0,20,20,zero,
happo,base,1,105,0,14,30.0,0,30,10,10,zero,
happo,base,1,105,1,14,5.0,0,5,18,18,zero,
happo,base,1,105,2,14,4.0,0,4,20,20,zero,
happo,base,1,106,0,12,23.0,0,23,19,19,zero,
happo,base,1,106,1,12,6.0,0,6,15,15,zero,
happo,base,1,106,2,12,19.0,0,19,20,20,zero,
happo,base,1,107,0,11,15.0,0,15,10,10,zero,
happo,base,1,107,1,11,2.0,2,0,18,18,zero,
happo,base,1,107,2,11,36.0,0,36,20,20,zero,
happo,base,1,108,0,10,8.0,0,8,10,10,zero,
happo,base,1,108,1,10,10.0,10,0,15,15,zero,
happo,base,1,108,2,10,31.0,0,31,20,20,zero,
happo,base,1,109,0,10,13.0,0,13,10,10,zero,
happo,base,1,109,1,10,14.0,14,0,15,15,zero,
happo,base,1,109,2,10,26.0,0,26,20,20,zero,
happo,base,1,110,0,10,5.0,0,5,10,10,zero,
happo,base,1,110,1,10,4.0,4,0,15,15,zero,
happo,base,1,110,2,10,21.0,0,21,16,16,zero,
happo,base,1,111,0,11,-0.0,0,0,10,10,zero,
happo,base,1,111,1,11,5.0,0,5,3,3,zero,
happo,base,1,111,2,11,4.0,0,4,16,16,zero,
happo,base,1,112,0,10,-0.0,0,0,19,19,zero,
happo,base,1,112,1,10,4.0,0,4,0,0,zero,
happo,base,1,112,2,10,16.0,16,0,16,16,zero,
happo,base,1,113,0,9,1.0,1,0,10,10,zero,
happo,base,1,113,1,9,6.0,6,0,18,18,zero,
happo,base,1,113,2,9,18.0,18,0,0,0,zero,
happo,base,1,114,0,9,2.0,2,0,6,6,zero,
happo,base,1,114,1,9,20.0,20,0,18,18,zero,
happo,base,1,114,2,9,16.0,16,0,1,1,zero,
happo,base,1,115,0,9,2.0,0,2,6,6,zero,
happo,base,1,115,1,9,34.0,34,0,3,3,zero,
happo,base,1,115,2,9,29.0,29,0,20,20,zero,
happo,base,1,116,0,9,9.0,9,0,6,6,zero,
happo,base,1,116,1,9,32.0,32,0,0,0,zero,
happo,base,1,116,2,9,45.0,45,0,3,3,zero,
happo,base,1,117,0,9,14.0,14,0,10,10,zero,
happo,base,1,117,1,9,40.0,40,0,1,1,zero,
happo,base,1,117,2,9,44.0,44,0,0,0,zero,
happo,base,1,118,0,11,9.0,9,0,9,9,zero,
happo,base,1,118,1,11,49.0,49,0,1,1,zero,
happo,base,1,118,2,11,44.0,44,0,0,0,zero,
happo,base,1,119,0,11,4.0,4,0,19,19,zero,
happo,base,1,119,1,11,33.0,33,0,15,15,zero,
happo,base,1,119,2,11,49.0,49,0,0,0,zero,
happo,base,1,120,0,11,1.0,0,1,9,9,zero,
happo,base,1,120,1,11,24.0,24,0,15,15,zero,
happo,base,1,120,2,11,37.0,37,0,0,0,zero,
happo,base,1,121,0,12,3.0,0,3,9,9,zero,
happo,base,1,121,1,12,16.0,16,0,15,15,zero,
happo,base,1,121,2,12,22.0,22,0,16,16,zero,
happo,base,1,122,0,12,6.0,0,6,10,10,zero,
happo,base,1,122,1,12,7.0,7,0,3,3,zero,
happo,base,1,122,2,12,19.0,19,0,20,20,zero,
happo,base,1,123,0,12,1.0,1,0,10,10,zero,
happo,base,1,123,1,12,12.0,12,0,15,15,zero,
happo,base,1,123,2,12,4.0,4,0,0,0,zero,
happo,base,1,124,0,11,1.0,0,1,19,19,zero,
happo,base,1,124,1,11,8.0,8,0,3,3,zero,
happo,base,1,124,2,11,1.0,1,0,20,20,zero,
happo,base,1,125,0,11,3.0,0,3,10,10,zero,
happo,base,1,125,1,11,13.0,13,0,15,15,zero,
happo,base,1,125,2,11,2.0,2,0,0,0,zero,
happo,base,1,126,0,11,4.0,0,4,10,10,zero,
happo,base,1,126,1,11,6.0,6,0,15,15,zero,
happo,base,1,126,2,11,7.0,7,0,20,20,zero,
happo,base,1,127,0,13,7.0,0,7,10,10,zero,
happo,base,1,127,1,13,11.0,11,0,15,15,zero,
happo,base,1,127,2,13,8.0,0,8,20,20,zero,
happo,base,1,128,0,10,2.0,2,0,10,10,zero,
happo,base,1,128,1,10,4.0,4,0,15,15,zero,
happo,base,1,128,2,10,3.0,0,3,20,20,zero,
happo,base,1,129,0,9,3.0,3,0,10,10,zero,
happo,base,1,129,1,9,9.0,9,0,3,3,zero,
happo,base,1,129,2,9,6.0,0,6,20,20,zero,
happo,base,1,130,0,9,4.0,4,0,6,6,zero,
happo,base,1,130,1,9,18.0,18,0,15,15,zero,
happo,base,1,130,2,9,1.0,0,1,0,0,zero,
happo,base,1,131,0,8,6.0,6,0,10,10,zero,
happo,base,1,131,1,8,15.0,15,0,0,0,zero,
happo,base,1,131,2,8,19.0,19,0,0,0,zero,
happo,base,1,132,0,9,7.0,7,0,6,6,zero,
happo,base,1,132,1,9,29.0,29,0,1,1,zero,
happo,base,1,132,2,9,38.0,38,0,0,0,zero,
happo,base,1,133,0,8,9.0,9,0,19,19,zero,
happo,base,1,133,1,8,10.0,10,0,1,1,zero,
happo,base,1,133,2,8,57.0,57,0,0,0,zero,
happo,base,1,134,0,7,8.0,8,0,6,6,zero,
happo,base,1,134,1,7,24.0,24,0,15,15,zero,
happo,base,1,134,2,7,42.0,42,0,0,0,zero,
happo,base,1,135,0,6,12.0,12,0,6,6,zero,
happo,base,1,135,1,6,19.0,19,0,15,15,zero,
happo,base,1,135,2,6,27.0,27,0,1,1,zero,
happo,base,1,136,0,7,11.0,11,0,2,2,zero,
happo,base,1,136,1,7,18.0,18,0,1,1,zero,
happo,base,1,136,2,7,26.0,26,0,20,20,zero,
happo,base,1,137,0,7,23.0,23,0,6,6,zero,
happo,base,1,137,1,7,13.0,13,0,1,1,zero,
happo,base,1,137,2,7,25.0,25,0,0,0,zero,
happo,base,1,138,0,7,22.0,22,0,2,2,zero,
happo,base,1,138,1,7,26.0,26,0,1,1,zero,
happo,base,1,138,2,7,24.0,24,0,0,0,zero,
happo,base,1,139,0,7,21.0,21,0,9,9,zero,
happo,base,1,139,1,7,32.0,32,0,0,0,zero,
happo,base,1,139,2,7,25.0,25,0,0,0,zero,
happo,base,1,140,0,7,16.0,16,0,2,2,zero,
happo,base,1,140,1,7,31.0,31,0,1,1,zero,
happo,base,1,140,2,7,44.0,44,0,0,0,zero,
happo,base,1,141,0,7,15.0,15,0,9,9,zero,
happo,base,1,141,1,7,23.0,23,0,1,1,zero,
happo,base,1,141,2,7,43.0,43,0,0,0,zero,
happo,base,1,142,0,7,10.0,10,0,9,9,zero,
happo,base,1,142,1,7,15.0,15,0,15,15,zero,
happo,base,1,142,2,7,28.0,28,0,0,0,zero,
happo,base,1,143,0,7,12.0,12,0,3,3,zero,
happo,base,1,143,1,7,12.0,12,0,15,15,zero,
happo,base,1,143,2,7,13.0,13,0,1,1,zero,
happo,base,1,144,0,7,7.0,7,0,4,4,zero,
happo,base,1,144,1,7,9.0,9,0,1,1,zero,
happo,base,1,144,2,7,12.0,12,0,20,20,zero,
happo,base,1,145,0,7,9.0,9,0,6,6,zero,
happo,base,1,145,1,7,4.0,4,0,0,0,zero,
happo,base,1,145,2,7,12.0,12,0,3,3,zero,
happo,base,1,146,0,7,11.0,11,0,9,9,zero,
happo,base,1,146,1,7,10.0,10,0,1,1,zero,
happo,base,1,146,2,7,11.0,11,0,0,0,zero,
happo,base,1,147,0,7,7.0,7,0,9,9,zero,
happo,base,1,147,1,7,16.0,16,0,15,15,zero,
happo,base,1,147,2,7,3.0,0,3,0,0,zero,
happo,base,1,148,0,8,3.0,3,0,4,4,zero,
happo,base,1,148,1,8,13.0,13,0,15,15,zero,
happo,base,1,148,2,8,2.0,2,0,0,0,zero,
happo,base,1,149,0,8,1.0,1,0,6,6,zero,
happo,base,1,149,1,8,7.0,7,0,1,1,zero,
happo,base,1,149,2,8,4.0,4,0,20,20,zero,
happo,base,1,150,0,7,3.0,3,0,10,10,zero,
happo,base,1,150,1,7,2.0,0,2,1,1,zero,
happo,base,1,150,2,7,3.0,3,0,20,20,zero,
happo,base,1,151,0,7,5.0,5,0,6,6,zero,
happo,base,1,151,1,7,4.0,4,0,15,15,zero,
happo,base,1,151,2,7,12.0,0,12,0,0,zero,
happo,base,1,152,0,8,1.0,1,0,6,6,zero,
happo,base,1,152,1,8,16.0,16,0,15,15,zero,
happo,base,1,152,2,8,27.0,0,27,0,0,zero,
happo,base,1,153,0,8,1.0,0,1,10,10,zero,
happo,base,1,153,1,8,7.0,7,0,15,15,zero,
happo,base,1,153,2,8,22.0,0,22,20,20,zero,
happo,base,1,154,0,7,-0.0,0,0,10,10,zero,
happo,base,1,154,1,7,2.0,0,2,3,3,zero,
happo,base,1,154,2,7,5.0,0,5,20,20,zero,
happo,base,1,155,0,8,-0.0,0,0,6,6,zero,
happo,base,1,155,1,8,5.0,0,5,3,3,zero,
happo,base,1,155,2,8,8.0,0,8,0,0,zero,
happo,base,1,156,0,8,2.0,0,2,6,6,zero,
happo,base,1,156,1,8,11.0,0,11,3,3,zero,
happo,base,1,156,2,8,11.0,0,11,0,0,zero,
happo,base,1,157,0,7,1.0,1,0,10,10,zero,
happo,base,1,157,1,7,1.0,0,1,5,5,zero,
happo,base,1,157,2,7,4.0,4,0,0,0,zero,
happo,base,1,158,0,7,2.0,2,0,6,6,zero,
happo,base,1,158,1,7,13.0,13,0,15,15,zero,
happo,base,1,158,2,7,9.0,9,0,0,0,zero,
happo,base,1,159,0,7,2.0,0,2,6,6,zero,
happo,base,1,159,1,7,7.0,7,0,3,3,zero,
happo,base,1,159,2,7,6.0,6,0,20,20,zero,
happo,base,1,160,0,7,9.0,0,9,6,6,zero,
happo,base,1,160,1,7,1.0,1,0,1,1,zero,
happo,base,1,160,2,7,5.0,5,0,20,20,zero,
happo,base,1,161,0,6,5.0,5,0,6,6,zero,
happo,base,1,161,1,6,11.0,11,0,12,12,zero,
happo,base,1,161,2,6,7.0,0,7,0,0,zero,
happo,base,1,162,0,7,5.0,5,0,6,6,zero,
happo,base,1,162,1,7,20.0,20,0,12,12,zero,
happo,base,1,162,2,7,19.0,0,19,0,0,zero,
happo,base,1,163,0,7,4.0,4,0,10,10,zero,
happo,base,1,163,1,7,13.0,13,0,15,15,zero,
happo,base,1,163,2,7,14.0,0,14,20,20,zero,
happo,base,1,164,0,6,4.0,4,0,6,6,zero,
happo,base,1,164,1,6,8.0,8,0,3,3,zero,
happo,base,1,164,2,6,3.0,3,0,20,20,zero,
happo,base,1,165,0,6,4.0,4,0,6,6,zero,
happo,base,1,165,1,6,7.0,7,0,1,1,zero,
happo,base,1,165,2,6,2.0,2,0,0,0,zero,
happo,base,1,166,0,6,4.0,4,0,2,2,zero,
happo,base,1,166,1,6,5.0,5,0,1,1,zero,
happo,base,1,166,2,6,1.0,1,0,0,0,zero,
happo,base,1,167,0,6,8.0,8,0,6,6,zero,
happo,base,1,167,1,6,19.0,19,0,1,1,zero,
happo,base,1,167,2,6,20.0,20,0,0,0,zero,
happo,base,1,168,0,5,9.0,9,0,6,6,zero,
happo,base,1,168,1,5,30.0,30,0,1,1,zero,
happo,base,1,168,2,5,39.0,39,0,0,0,zero,
happo,base,1,169,0,5,10.0,10,0,6,6,zero,
happo,base,1,169,1,5,25.0,25,0,12,12,zero,
happo,base,1,169,2,5,27.0,27,0,0,0,zero,
happo,base,1,170,0,5,7.0,7,0,2,2,zero,
happo,base,1,170,1,5,24.0,24,0,1,1,zero,
happo,base,1,170,2,5,26.0,26,0,1,1,zero,
happo,base,1,171,0,5,8.0,8,0,6,6,zero,
happo,base,1,171,1,5,19.0,19,0,1,1,zero,
happo,base,1,171,2,5,25.0,25,0,0,0,zero,
happo,base,1,172,0,5,9.0,9,0,2,2,zero,
happo,base,1,172,1,5,18.0,18,0,1,1,zero,
happo,base,1,172,2,5,24.0,24,0,0,0,zero,
happo,base,1,173,0,5,10.0,10,0,9,9,zero,
happo,base,1,173,1,5,21.0,21,0,1,1,zero,
happo,base,1,173,2,5,23.0,23,0,0,0,zero,
happo,base,1,174,0,5,7.0,7,0,2,2,zero,
happo,base,1,174,1,5,20.0,20,0,15,15,zero,
happo,base,1,174,2,5,9.0,9,0,0,0,zero,
happo,base,1,175,0,4,9.0,9,0,9,9,zero,
happo,base,1,175,1,4,12.0,12,0,1,1,zero,
happo,base,1,175,2,4,8.0,8,0,1,1,zero,
happo,base,1,176,0,4,7.0,7,0,2,2,zero,
happo,base,1,176,1,4,11.0,11,0,15,15,zero,
happo,base,1,176,2,4,7.0,0,7,20,20,zero,
happo,base,1,177,0,5,11.0,11,0,2,2,zero,
happo,base,1,177,1,5,10.0,10,0,1,1,zero,
happo,base,1,177,2,5,8.0,0,8,20,20,zero,
happo,base,1,178,0,6,7.0,7,0,2,2,zero,
happo,base,1,178,1,6,23.0,23,0,0,0,zero,
happo,base,1,178,2,6,8.0,0,8,0,0,zero,
happo,base,1,179,0,6,10.0,10,0,9,9,zero,
happo,base,1,179,1,6,15.0,15,0,0,0,zero,
happo,base,1,179,2,6,7.0,0,7,0,0,zero,
happo,base,1,180,0,7,5.0,5,0,6,6,zero,
happo,base,1,180,1,7,17.0,17,0,1,1,zero,
happo,base,1,180,2,7,12.0,12,0,0,0,zero,
happo,base,1,181,0,7,-0.0,0,0,9,9,zero,
happo,base,1,181,1,7,8.0,8,0,15,15,zero,
happo,base,1,181,2,7,17.0,17,0,0,0,zero,
happo,base,1,182,0,6,4.0,0,4,9,9,zero,
happo,base,1,182,1,6,1.0,0,1,1,1,zero,
happo,base,1,182,2,6,16.0,16,0,1,1,zero,
happo,base,1,183,0,6,1.0,0,1,6,6,zero,
happo,base,1,183,1,6,6.0,0,6,15,15,zero,
happo,base,1,183,2,6,1.0,1,0,1,1,zero,
happo,base,1,184,0,6,1.0,0,1,6,6,zero,
happo,base,1,184,1,6,4.0,0,4,3,3,zero,
happo,base,1,184,2,6,2.0,0,2,20,20,zero,
happo,base,1,185,0,5,3.0,3,0,6,6,zero,
happo,base,1,185,1,5,5.0,5,0,15,15,zero,
happo,base,1,185,2,5,17.0,0,17,20,20,zero,
happo,base,1,186,0,5,6.0,6,0,2,2,zero,
happo,base,1,186,1,5,4.0,4,0,15,15,zero,
happo,base,1,186,2,5,31.0,0,31,20,20,zero,
happo,base,1,187,0,5,2.0,2,0,6,6,zero,
happo,base,1,187,1,5,13.0,13,0,1,1,zero,
happo,base,1,187,2,5,31.0,0,31,20,20,zero,
happo,base,1,188,0,6,4.0,4,0,6,6,zero,
happo,base,1,188,1,6,8.0,8,0,15,15,zero,
happo,base,1,188,2,6,26.0,0,26,0,0,zero,
happo,base,1,189,0,5,9.0,9,0,6,6,zero,
happo,base,1,189,1,5,2.0,2,0,1,1,zero,
happo,base,1,189,2,5,7.0,0,7,20,20,zero,
happo,base,1,190,0,5,6.0,6,0,2,2,zero,
happo,base,1,190,1,5,1.0,1,0,0,0,zero,
happo,base,1,190,2,5,13.0,13,0,16,16,zero,
happo,base,1,191,0,5,7.0,7,0,6,6,zero,
happo,base,1,191,1,5,4.0,0,4,0,0,zero,
happo,base,1,191,2,5,33.0,33,0,0,0,zero,
happo,base,1,192,0,5,8.0,8,0,6,6,zero,
happo,base,1,192,1,5,10.0,10,0,1,1,zero,
happo,base,1,192,2,5,32.0,32,0,0,0,zero,
happo,base,1,193,0,5,9.0,9,0,2,2,zero,
happo,base,1,193,1,5,28.0,28,0,1,1,zero,
happo,base,1,193,2,5,51.0,51,0,0,0,zero,
happo,base,1,194,0,6,5.0,5,0,10,10,zero,
happo,base,1,194,1,6,25.0,25,0,1,1,zero,
happo,base,1,194,2,6,66.0,66,0,0,0,zero,
happo,base,1,195,0,6,1.0,1,0,2,2,zero,
happo,base,1,195,1,6,23.0,23,0,15,15,zero,
happo,base,1,195,2,6,51.0,51,0,0,0,zero,
happo,base,1,196,0,6,5.0,5,0,6,6,zero,
happo,base,1,196,1,6,18.0,18,0,1,1,zero,
happo,base,1,196,2,6,50.0,50,0,0,0,zero,
happo,base,1,197,0,6,1.0,1,0,2,2,zero,
happo,base,1,197,1,6,17.0,17,0,1,1,zero,
happo,base,1,197,2,6,49.0,49,0,0,0,zero,
happo,base,1,198,0,5,6.0,6,0,6,6,zero,
happo,base,1,198,1,5,12.0,12,0,1,1,zero,
happo,base,1,198,2,5,48.0,48,0,0,0,zero,
happo,base,1,199,0,5,3.0,3,0,2,2,zero,
happo,base,1,199,1,5,25.0,25,0,1,1,zero,
happo,base,1,199,2,5,47.0,47,0,0,0,zero,
happo,base,1,200,0,7,2.0,2,0,9,9,zero,
happo,base,1,200,1,7,17.0,17,0,1,1,zero,
happo,base,1,200,2,7,46.0,46,0,0,0,zero,
happo,shock,0,1,0,10,10.0,10,0,10,10,zero,
happo,shock,0,1,1,10,10.0,10,0,15,15,zero,
happo,shock,0,1,2,10,5.0,5,0,0,0,zero,
happo,shock,0,2,0,10,10.0,10,0,10,10,zero,
happo,shock,0,2,1,10,10.0,10,0,1,1,zero,
happo,shock,0,2,2,10,14.0,14,0,20,20,zero,
happo,shock,0,3,0,10,10.0,10,0,10,10,zero,
happo,shock,0,3,1,10,10.0,10,0,15,15,zero,
happo,shock,0,3,2,10,9.0,9,0,3,3,zero,
happo,shock,0,4,0,10,10.0,10,0,10,10,zero,
happo,shock,0,4,1,10,10.0,10,0,15,15,zero,
happo,shock,0,4,2,10,4.0,4,0,20,20,zero,
happo,shock,0,5,0,10,10.0,10,0,9,9,zero,
happo,shock,0,5,1,10,16.0,16,0,15,15,zero,
happo,shock,0,5,2,10,11.0,0,11,20,20,zero,
happo,shock,0,6,0,8,12.0,12,0,9,9,zero,
happo,shock,0,6,1,8,8.0,8,0,15,15,zero,
happo,shock,0,6,2,8,6.0,0,6,20,20,zero,
happo,shock,0,7,0,8,14.0,14,0,6,6,zero,
happo,shock,0,7,1,8,17.0,17,0,3,3,zero,
happo,shock,0,7,2,8,6.0,0,6,20,20,zero,
happo,shock,0,8,0,8,16.0,16,0,6,6,zero,
happo,shock,0,8,1,8,26.0,26,0,1,1,zero,
happo,shock,0,8,2,8,13.0,13,0,0,0,zero,
happo,shock,0,9,0,8,17.0,17,0,6,6,zero,
happo,shock,0,9,1,8,24.0,24,0,0,0,zero,
happo,shock,0,9,2,8,33.0,33,0,0,0,zero,
happo,shock,0,10,0,8,18.0,18,0,9,9,zero,
happo,shock,0,10,1,8,35.0,35,0,1,1,zero,
happo,shock,0,10,2,8,52.0,52,0,0,0,zero,
happo,shock,0,11,0,9,15.0,15,0,4,4,zero,
happo,shock,0,11,1,9,34.0,34,0,1,1,zero,
happo,shock,0,11,2,9,71.0,71,0,0,0,zero,
happo,shock,0,12,0,9,12.0,12,0,9,9,zero,
happo,shock,0,12,1,9,32.0,32,0,1,1,zero,
happo,shock,0,12,2,9,70.0,70,0,0,0,zero,
happo,shock,0,13,0,9,9.0,9,0,9,9,zero,
happo,shock,0,13,1,9,23.0,23,0,15,15,zero,
happo,shock,0,13,2,9,55.0,55,0,0,0,zero,
happo,shock,0,14,0,10,8.0,8,0,9,9,zero,
happo,shock,0,14,1,10,15.0,15,0,15,15,zero,
happo,shock,0,14,2,10,40.0,40,0,0,0,zero,
happo,shock,0,15,0,12,-0.0,0,0,9,9,zero,
happo,shock,0,15,1,12,7.0,7,0,11,11,zero,
happo,shock,0,15,2,12,29.0,29,0,1,1,zero,
happo,shock,0,16,0,13,4.0,0,4,19,19,zero,
happo,shock,0,16,1,13,11.0,0,11,1,1,zero,
happo,shock,0,16,2,13,28.0,28,0,20,20,zero,
happo,shock,0,17,0,14,9.0,0,9,19,19,zero,
happo,shock,0,17,1,14,15.0,0,15,15,15,zero,
happo,shock,0,17,2,14,13.0,13,0,0,0,zero,
happo,shock,0,18,0,15,15.0,0,15,19,19,zero,
happo,shock,0,18,1,15,19.0,0,19,15,15,zero,
happo,shock,0,18,2,15,2.0,0,2,16,16,zero,
happo,shock,0,19,0,13,19.0,0,19,19,19,zero,
happo,shock,0,19,1,13,27.0,0,27,15,15,zero,
happo,shock,0,19,2,13,16.0,0,16,20,20,zero,
happo,shock,0,20,0,14,25.0,0,25,19,19,zero,
happo,shock,0,20,1,14,45.0,0,45,15,15,zero,
happo,shock,0,20,2,14,11.0,0,11,20,20,zero,
happo,shock,0,21,0,13,23.0,0,23,19,19,zero,
happo,shock,0,21,1,13,49.0,0,49,18,18,zero,
happo,shock,0,21,2,13,29.0,0,29,20,20,zero,
happo,shock,0,22,0,14,22.0,0,22,10,10,zero,
happo,shock,0,22,1,14,46.0,0,46,18,18,zero,
happo,shock,0,22,2,14,31.0,0,31,20,20,zero,
happo,shock,0,23,0,14,25.0,0,25,19,19,zero,
happo,shock,0,23,1,14,64.0,0,64,18,18,zero,
happo,shock,0,23,2,14,29.0,0,29,20,20,zero,
happo,shock,0,24,0,14,38.0,0,38,19,19,zero,
happo,shock,0,24,1,14,63.0,0,63,18,18,zero,
happo,shock,0,24,2,14,27.0,0,27,20,20,zero,
happo,shock,0,25,0,15,38.0,0,38,10,10,zero,
happo,shock,0,25,1,15,73.0,0,73,18,18,zero,
happo,shock,0,25,2,15,25.0,0,25,20,20,zero,
happo,shock,0,26,0,15,40.0,0,40,19,19,zero,
happo,shock,0,26,1,15,76.0,0,76,18,18,zero,
happo,shock,0,26,2,15,23.0,0,23,20,20,zero,
happo,shock,0,27,0,17,56.0,0,56,17,17,zero,
happo,shock,0,27,1,17,73.0,0,73,18,18,zero,
happo,shock,0,27,2,17,21.0,0,21,20,20,zero,
happo,shock,0,28,0,17,53.0,0,53,17,17,zero,
happo,shock,0,28,1,17,70.0,0,70,18,18,zero,
happo,shock,0,28,2,17,19.0,0,19,20,20,zero,
happo,shock,0,29,0,16,69.0,0,69,17,17,zero,
happo,shock,0,29,1,16,67.0,0,67,18,18,zero,
happo,shock,0,29,2,16,17.0,0,17,20,20,zero,
happo,shock,0,30,0,16,69.0,0,69,17,17,zero,
happo,shock,0,30,1,16,64.0,0,64,18,18,zero,
happo,shock,0,30,2,16,15.0,0,15,20,20,zero,
happo,shock,0,31,0,17,66.0,0,66,17,17,zero,
happo,shock,0,31,1,17,61.0,0,61,18,18,zero,
happo,shock,0,31,2,17,13.0,0,13,16,16,zero,
happo,shock,0,32,0,16,62.0,0,62,17,17,zero,
happo,shock,0,32,1,16,58.0,0,58,18,18,zero,
happo,shock,0,32,2,16,11.0,0,11,20,20,zero,
happo,shock,0,33,0,16,58.0,0,58,17,17,zero,
happo,shock,0,33,1,16,55.0,0,55,18,18,zero,
happo,shock,0,33,2,16,9.0,0,9,20,20,zero,
happo,shock,0,34,0,14,52.0,0,52,10,10,zero,
happo,shock,0,34,1,14,45.0,0,45,18,18,zero,
happo,shock,0,34,2,14,7.0,0,7,20,20,zero,
happo,shock,0,35,0,14,46.0,0,46,10,10,zero,
happo,shock,0,35,1,14,35.0,0,35,18,18,zero,
happo,shock,0,35,2,14,9.0,0,9,20,20,zero,
happo,shock,0,36,0,14,40.0,0,40,10,10,zero,
happo,shock,0,36,1,14,25.0,0,25,18,18,zero,
happo,shock,0,36,2,14,7.0,0,7,16,16,zero,
happo,shock,0,37,0,13,33.0,0,33,10,10,zero,
happo,shock,0,37,1,13,15.0,0,15,0,0,zero,
happo,shock,0,37,2,13,13.0,13,0,20,20,zero,
happo,shock,0,38,0,11,24.0,0,24,10,10,zero,
happo,shock,0,38,1,11,5.0,0,5,18,18,zero,
happo,shock,0,38,2,11,15.0,15,0,1,1,zero,
happo,shock,0,39,0,10,14.0,0,14,6,6,zero,
happo,shock,0,39,1,10,5.0,5,0,18,18,zero,
happo,shock,0,39,2,10,17.0,17,0,16,16,zero,
happo,shock,0,40,0,10,4.0,0,4,6,6,zero,
happo,shock,0,40,1,10,19.0,19,0,0,0,zero,
happo,shock,0,40,2,10,33.0,33,0,20,20,zero,
happo,shock,0,41,0,10,6.0,6,0,6,6,zero,
happo,shock,0,41,1,10,20.0,20,0,3,3,zero,
happo,shock,0,41,2,10,50.0,50,0,0,0,zero,
happo,shock,0,42,0,11,15.0,15,0,10,10,zero,
happo,shock,0,42,1,11,28.0,28,0,3,3,zero,
happo,shock,0,42,2,11,48.0,48,0,0,0,zero,
happo,shock,0,43,0,10,16.0,16,0,19,19,zero,
happo,shock,0,43,1,10,27.0,27,0,12,12,zero,
happo,shock,0,43,2,10,52.0,52,0,0,0,zero,
happo,shock,0,44,0,10,12.0,12,0,9,9,zero,
happo,shock,0,44,1,10,18.0,18,0,18,18,zero,
happo,shock,0,44,2,10,54.0,54,0,0,0,zero,
happo,shock,0,45,0,11,7.0,7,0,10,10,zero,
happo,shock,0,45,1,11,11.0,11,0,15,15,zero,
happo,shock,0,45,2,11,39.0,39,0,1,1,zero,
happo,shock,0,46,0,11,6.0,6,0,6,6,zero,
happo,shock,0,46,1,11,8.0,8,0,3,3,zero,
happo,shock,0,46,2,11,36.0,36,0,20,20,zero,
happo,shock,0,47,0,9,16.0,16,0,10,10,zero,
happo,shock,0,47,1,9,10.0,10,0,1,1,zero,
happo,shock,0,47,2,9,35.0,35,0,0,0,zero,
happo,shock,0,48,0,10,15.0,15,0,6,6,zero,
happo,shock,0,48,1,10,22.0,22,0,15,15,zero,
happo,shock,0,48,2,10,20.0,20,0,0,0,zero,
happo,shock,0,49,0,11,14.0,14,0,9,9,zero,
happo,shock,0,49,1,11,28.0,28,0,1,1,zero,
happo,shock,0,49,2,11,20.0,20,0,1,1,zero,
happo,shock,0,50,0,12,8.0,8,0,19,19,zero,
happo,shock,0,50,1,12,12.0,12,0,15,15,zero,
happo,shock,0,50,2,12,25.0,25,0,1,1,zero,
happo,shock,0,51,0,11,7.0,7,0,9,9,zero,
happo,shock,0,51,1,11,4.0,4,0,15,15,zero,
happo,shock,0,51,2,11,10.0,10,0,20,20,zero,
happo,shock,0,52,0,10,3.0,3,0,9,9,zero,
happo,shock,0,52,1,10,10.0,10,0,15,15,zero,
happo,shock,0,52,2,10,5.0,0,5,20,20,zero,
happo,shock,0,53,0,9,3.0,3,0,6,6,zero,
happo,shock,0,53,1,9,5.0,5,0,3,3,zero,
happo,shock,0,53,2,9,7.0,0,7,20,20,zero,
happo,shock,0,54,0,8,14.0,14,0,6,6,zero,
happo,shock,0,54,1,8,14.0,14,0,15,15,zero,
happo,shock,0,54,2,8,21.0,0,21,0,0,zero,
happo,shock,0,55,0,7,16.0,16,0,6,6,zero,
happo,shock,0,55,1,7,23.0,23,0,3,3,zero,
happo,shock,0,55,2,7,4.0,0,4,20,20,zero,
happo,shock,0,56,0,6,19.0,19,0,6,6,zero,
happo,shock,0,56,1,6,27.0,27,0,0,0,zero,
happo,shock,0,56,2,6,16.0,16,0,0,0,zero,
happo,shock,0,57,0,6,19.0,19,0,2,2,zero,
happo,shock,0,57,1,6,26.0,26,0,1,1,zero,
happo,shock,0,57,2,6,35.0,35,0,0,0,zero,
happo,shock,0,58,0,5,20.0,20,0,2,2,zero,
happo,shock,0,58,1,5,25.0,25,0,0,0,zero,
happo,shock,0,58,2,5,35.0,35,0,0,0,zero,
happo,shock,0,59,0,5,21.0,21,0,2,2,zero,
happo,shock,0,59,1,5,43.0,43,0,0,0,zero,
happo,shock,0,59,2,5,55.0,55,0,0,0,zero,
happo,shock,0,60,0,5,22.0,22,0,2,2,zero,
happo,shock,0,60,1,5,45.0,45,0,0,0,zero,
happo,shock,0,60,2,5,55.0,55,0,0,0,zero,
happo,shock,0,61,0,4,20.0,20,0,2,2,zero,
happo,shock,0,61,1,4,44.0,44,0,0,0,zero,
happo,shock,0,61,2,4,55.0,55,0,0,0,zero,
happo,shock,0,62,0,5,17.0,17,0,2,2,zero,
happo,shock,0,62,1,5,42.0,42,0,0,0,zero,
happo,shock,0,62,2,5,55.0,55,0,0,0,zero,
happo,shock,0,63,0,4,15.0,15,0,2,2,zero,
happo,shock,0,63,1,4,40.0,40,0,0,0,zero,
happo,shock,0,63,2,4,55.0,55,0,0,0,zero,
happo,shock,0,64,0,4,13.0,13,0,2,2,zero,
happo,shock,0,64,1,4,38.0,38,0,1,1,zero,
happo,shock,0,64,2,4,54.0,54,0,0,0,zero,
happo,shock,0,65,0,4,11.0,11,0,2,2,zero,
happo,shock,0,65,1,4,36.0,36,0,1,1,zero,
happo,shock,0,65,2,4,53.0,53,0,0,0,zero,
happo,shock,0,66,0,4,9.0,9,0,2,2,zero,
happo,shock,0,66,1,4,34.0,34,0,1,1,zero,
happo,shock,0,66,2,4,52.0,52,0,0,0,zero,
happo,shock,0,67,0,3,8.0,8,0,4,4,zero,
happo,shock,0,67,1,3,30.0,30,0,1,1,zero,
happo,shock,0,67,2,3,51.0,51,0,0,0,zero,
happo,shock,0,68,0,3,7.0,7,0,2,2,zero,
happo,shock,0,68,1,3,29.0,29,0,1,1,zero,
happo,shock,0,68,2,3,50.0,50,0,0,0,zero,
happo,shock,0,69,0,3,6.0,6,0,1,1,zero,
happo,shock,0,69,1,3,29.0,29,0,1,1,zero,
happo,shock,0,69,2,3,49.0,49,0,0,0,zero,
happo,shock,0,70,0,3,5.0,5,0,2,2,zero,
happo,shock,0,70,1,3,28.0,28,0,1,1,zero,
happo,shock,0,70,2,3,48.0,48,0,0,0,zero,
happo,shock,0,71,0,3,6.0,6,0,2,2,zero,
happo,shock,0,71,1,3,27.0,27,0,1,1,zero,
happo,shock,0,71,2,3,47.0,47,0,0,0,zero,
happo,shock,0,72,0,3,5.0,5,0,2,2,zero,
happo,shock,0,72,1,3,26.0,26,0,1,1,zero,
happo,shock,0,72,2,3,46.0,46,0,0,0,zero,
happo,shock,0,73,0,3,3.0,3,0,2,2,zero,
happo,shock,0,73,1,3,25.0,25,0,1,1,zero,
happo,shock,0,73,2,3,45.0,45,0,0,0,zero,
happo,shock,0,74,0,3,2.0,2,0,2,2,zero,
happo,shock,0,74,1,3,24.0,24,0,1,1,zero,
happo,shock,0,74,2,3,44.0,44,0,0,0,zero,
happo,shock,0,75,0,3,1.0,1,0,2,2,zero,
happo,shock,0,75,1,3,23.0,23,0,1,1,zero,
happo,shock,0,75,2,3,43.0,43,0,0,0,zero,
happo,shock,0,76,0,3,-0.0,0,0,6,6,zero,
happo,shock,0,76,1,3,18.0,18,0,1,1,zero,
happo,shock,0,76,2,3,42.0,42,0,0,0,zero,
happo,shock,0,77,0,3,1.0,0,1,2,2,zero,
happo,shock,0,77,1,3,17.0,17,0,1,1,zero,
happo,shock,0,77,2,3,41.0,41,0,0,0,zero,
happo,shock,0,78,0,5,4.0,0,4,2,2,zero,
happo,shock,0,78,1,5,16.0,16,0,1,1,zero,
happo,shock,0,78,2,5,40.0,40,0,0,0,zero,
happo,shock,0,79,0,5,7.0,0,7,10,10,zero,
happo,shock,0,79,1,5,7.0,7,0,1,1,zero,
happo,shock,0,79,2,5,39.0,39,0,0,0,zero,
happo,shock,0,80,0,6,7.0,0,7,6,6,zero,80
happo,shock,0,80,1,6,2.0,2,0,15,15,zero,80
happo,shock,0,80,2,6,24.0,24,0,0,0,zero,80
happo,shock,0,81,0,5,10.0,0,10,19,19,zero,80
happo,shock,0,81,1,5,16.0,0,16,1,1,zero,80
happo,shock,0,81,2,5,23.0,23,0,0,0,zero,80
happo,shock,0,82,0,5,13.0,0,13,10,10,zero,80
happo,shock,0,82,1,5,25.0,0,25,15,15,zero,80
happo,shock,0,82,2,5,8.0,8,0,0,0,zero,80
happo,shock,0,83,0,5,8.0,0,8,10,10,zero,80
happo,shock,0,83,1,5,34.0,0,34,15,15,zero,80
happo,shock,0,83,2,5,7.0,0,7,20,20,zero,80
happo,shock,0,84,0,5,7.0,0,7,10,10,zero,80
happo,shock,0,84,1,5,29.0,0,29,16,16,zero,80
happo,shock,0,84,2,5,23.0,0,23,20,20,zero,80
happo,shock,0,85,0,5,9.0,0,9,6,6,zero,80
happo,shock,0,85,1,5,34.0,0,34,18,18,zero,80
happo,shock,0,85,2,5,41.0,0,41,20,20,zero,80
happo,shock,0,86,0,6,14.0,0,14,10,10,zero,80
happo,shock,0,86,1,6,29.0,0,29,18,18,zero,80
happo,shock,0,86,2,6,59.0,0,59,20,20,zero,80
happo,shock,0,87,0,5,18.0,0,18,6,6,zero,80
happo,shock,0,87,1,5,27.0,0,27,18,18,zero,80
happo,shock,0,87,2,5,57.0,0,57,20,20,zero,80
happo,shock,0,88,0,5,8.0,0,8,6,6,zero,80
happo,shock,0,88,1,5,33.0,0,33,18,18,zero,80
happo,shock,0,88,2,5,55.0,0,55,20,20,zero,80
happo,shock,0,89,0,5,12.0,0,12,6,6,zero,80
happo,shock,0,89,1,5,39.0,0,39,0,0,zero,80
happo,shock,0,89,2,5,35.0,0,35,20,20,zero,80
happo,shock,0,90,0,5,2.0,0,2,6,6,zero,80
happo,shock,0,90,1,5,45.0,0,45,0,0,zero,80
happo,shock,0,90,2,5,15.0,0,15,0,0,zero,80
happo,shock,0,91,0,5,1.0,1,0,10,10,zero,80
happo,shock,0,91,1,5,35.0,0,35,0,0,zero,80
happo,shock,0,91,2,5,5.0,5,0,0,0,zero,80
happo,shock,0,92,0,5,4.0,0,4,6,6,zero,80
happo,shock,0,92,1,5,21.0,0,21,0,0,zero,80
happo,shock,0,92,2,5,25.0,25,0,0,0,zero,80
happo,shock,0,93,0,6,10.0,0,10,2,2,zero,80
happo,shock,0,93,1,6,3.0,0,3,0,0,zero,80
happo,shock,0,93,2,6,45.0,45,0,0,0,zero,80
happo,shock,0,94,0,6,16.0,0,16,0,0,zero,80
happo,shock,0,94,1,6,17.0,17,0,12,12,zero,80
happo,shock,0,94,2,6,33.0,33,0,0,0,zero,80
happo,shock,0,95,0,6,2.0,0,2,0,0,zero,80
happo,shock,0,95,1,6,32.0,32,0,0,0,zero,80
happo,shock,0,95,2,6,33.0,33,0,1,1,zero,80
happo,shock,0,96,0,8,10.0,10,0,6,6,zero,80
happo,shock,0,96,1,8,26.0,26,0,0,0,zero,80
happo,shock,0,96,2,8,33.0,33,0,0,0,zero,80
happo,shock,0,97,0,6,24.0,24,0,6,6,zero,80
happo,shock,0,97,1,6,20.0,20,0,1,1,zero,80
happo,shock,0,97,2,6,32.0,32,0,0,0,zero,80
happo,shock,0,98,0,4,23.0,23,0,6,6,zero,80
happo,shock,0,98,1,4,26.0,26,0,12,12,zero,80
happo,shock,0,98,2,4,20.0,20,0,0,0,zero,80
happo,shock,0,99,0,3,20.0,20,0,2,2,zero,80
happo,shock,0,99,1,3,24.0,24,0,15,15,zero,80
happo,shock,0,99,2,3,6.0,6,0,1,1,zero,80
happo,shock,0,100,0,4,22.0,22,0,0,0,zero,80
happo,shock,0,100,1,4,24.0,24,0,1,1,zero,80
happo,shock,0,100,2,4,5.0,5,0,20,20,zero,80
happo,shock,0,101,0,3,25.0,25,0,0,0,zero,80
happo,shock,0,101,1,3,25.0,25,0,0,0,zero,80
happo,shock,0,101,2,3,5.0,5,0,3,3,zero,80
happo,shock,0,102,0,4,27.0,27,0,0,0,zero,80
happo,shock,0,102,1,4,37.0,37,0,0,0,zero,80
happo,shock,0,102,2,4,5.0,5,0,0,0,zero,80
happo,shock,0,103,0,4,25.0,25,0,0,0,zero,80
happo,shock,0,103,1,4,52.0,52,0,0,0,zero,80
happo,shock,0,103,2,4,6.0,6,0,0,0,zero,80
happo,shock,0,104,0,4,21.0,21,0,0,0,zero,80
happo,shock,0,104,1,4,53.0,53,0,0,0,zero,80
happo,shock,0,104,2,4,26.0,26,0,0,0,zero,80
happo,shock,0,105,0,4,17.0,17,0,2,2,zero,80
happo,shock,0,105,1,4,51.0,51,0,0,0,zero,80
happo,shock,0,105,2,4,29.0,29,0,0,0,zero,80
happo,shock,0,106,0,4,13.0,13,0,2,2,zero,80
happo,shock,0,106,1,4,49.0,49,0,0,0,zero,80
happo,shock,0,106,2,4,29.0,29,0,0,0,zero,80
happo,shock,0,107,0,4,9.0,9,0,3,3,zero,80
happo,shock,0,107,1,4,46.0,46,0,0,0,zero,80
happo,shock,0,107,2,4,29.0,29,0,0,0,zero,80
happo,shock,0,108,0,5,4.0,4,0,9,9,zero,80
happo,shock,0,108,1,5,37.0,37,0,0,0,zero,80
happo,shock,0,108,2,5,29.0,29,0,0,0,zero,80
happo,shock,0,109,0,5,1.0,1,0,1,1,zero,80
happo,shock,0,109,1,5,36.0,36,0,1,1,zero,80
happo,shock,0,109,2,5,28.0,28,0,0,0,zero,80
happo,shock,0,110,0,4,1.0,0,1,2,2,zero,80
happo,shock,0,110,1,4,34.0,34,0,1,1,zero,80
happo,shock,0,110,2,4,27.0,27,0,0,0,zero,80
happo,shock,0,111,0,4,2.0,0,2,6,6,zero,80
happo,shock,0,111,1,4,28.0,28,0,1,1,zero,80
happo,shock,0,111,2,4,26.0,26,0,0,0,zero,80
happo,shock,0,112,0,4,3.0,3,0,6,6,zero,80
happo,shock,0,112,1,4,22.0,22,0,1,1,zero,80
happo,shock,0,112,2,4,25.0,25,0,0,0,zero,80
happo,shock,0,113,0,4,-0.0,0,0,0,0,zero,80
happo,shock,0,113,1,4,23.0,23,0,11,11,zero,80
happo,shock,0,113,2,4,14.0,14,0,0,0,zero,80
happo,shock,0,114,0,4,2.0,0,2,2,2,zero,80
happo,shock,0,114,1,4,22.0,22,0,1,1,zero,80
happo,shock,0,114,2,4,13.0,13,0,1,1,zero,80
happo,shock,0,115,0,4,-0.0,0,0,6,6,zero,80
happo,shock,0,115,1,4,17.0,17,0,1,1,zero,80
happo,shock,0,115,2,4,12.0,12,0,1,1,zero,80
happo,shock,0,116,0,4,2.0,2,0,6,6,zero,80
happo,shock,0,116,1,4,12.0,12,0,1,1,zero,80
happo,shock,0,116,2,4,11.0,11,0,0,0,zero,80
happo,shock,0,117,0,4,2.0,0,2,2,2,zero,80
happo,shock,0,117,1,4,21.0,21,0,1,1,zero,80
happo,shock,0,117,2,4,10.0,10,0,0,0,zero,80
happo,shock,0,118,0,4,4.0,0,4,6,6,zero,80
happo,shock,0,118,1,4,16.0,16,0,1,1,zero,80
happo,shock,0,118,2,4,10.0,10,0,0,0,zero,80
happo,shock,0,119,0,3,1.0,0,1,6,6,zero,80
happo,shock,0,119,1,3,11.0,11,0,11,11,zero,80
happo,shock,0,119,2,3,-0.0,0,0,0,0,zero,80
happo,shock,0,120,0,3,2.0,2,0,2,2,zero,80
happo,shock,0,120,1,3,10.0,10,0,1,1,zero,80
happo,shock,0,120,2,3,1.0,0,1,20,20,zero,80
happo,shock,0,121,0,3,1.0,1,0,0,0,zero,80
happo,shock,0,121,1,3,11.0,11,0,1,1,zero,80
happo,shock,0,121,2,3,2.0,0,2,3,3,zero,80
happo,shock,0,122,0,3,4.0,4,0,6,6,zero,80
happo,shock,0,122,1,3,6.0,6,0,0,0,zero,80
happo,shock,0,122,2,3,2.0,0,2,0,0,zero,80
happo,shock,0,123,0,3,7.0,7,0,0,0,zero,80
happo,shock,0,123,1,3,17.0,17,0,1,1,zero,80
happo,shock,0,123,2,3,3.0,0,3,0,0,zero,80
happo,shock,0,124,0,3,6.0,6,0,6,6,zero,80
happo,shock,0,124,1,3,11.0,11,0,0,0,zero,80
happo,shock,0,124,2,3,17.0,17,0,0,0,zero,80
happo,shock,0,125,0,4,2.0,2,0,2,2,zero,80
happo,shock,0,125,1,4,9.0,9,0,1,1,zero,80
happo,shock,0,125,2,4,19.0,19,0,0,0,zero,80
happo,shock,0,126,0,3,5.0,5,0,6,6,zero,80
happo,shock,0,126,1,3,3.0,3,0,15,15,zero,80
happo,shock,0,126,2,3,4.0,4,0,0,0,zero,80
happo,shock,0,127,0,3,2.0,2,0,0,0,zero,80
happo,shock,0,127,1,3,3.0,3,0,1,1,zero,80
happo,shock,0,127,2,3,3.0,3,0,16,16,zero,80
happo,shock,0,128,0,3,5.0,5,0,2,2,zero,80
happo,shock,0,128,1,3,4.0,4,0,0,0,zero,80
happo,shock,0,128,2,3,3.0,3,0,3,3,zero,80
happo,shock,0,129,0,3,4.0,4,0,2,2,zero,80
happo,shock,0,129,1,3,3.0,3,0,0,0,zero,80
happo,shock,0,129,2,3,3.0,3,0,0,0,zero,80
happo,shock,0,130,0,3,7.0,7,0,2,2,zero,80
happo,shock,0,130,1,3,16.0,16,0,0,0,zero,80
happo,shock,0,130,2,3,3.0,3,0,0,0,zero,80
happo,shock,0,131,0,3,4.0,4,0,2,2,zero,80
happo,shock,0,131,1,3,15.0,15,0,0,0,zero,80
happo,shock,0,131,2,3,19.0,19,0,0,0,zero,80
happo,shock,0,132,0,3,3.0,3,0,2,2,zero,80
happo,shock,0,132,1,3,13.0,13,0,1,1,zero,80
happo,shock,0,132,2,3,21.0,21,0,0,0,zero,80
happo,shock,0,133,0,3,2.0,2,0,2,2,zero,80
happo,shock,0,133,1,3,11.0,11,0,1,1,zero,80
happo,shock,0,133,2,3,20.0,20,0,0,0,zero,80
happo,shock,0,134,0,3,1.0,1,0,6,6,zero,80
happo,shock,0,134,1,3,5.0,5,0,1,1,zero,80
happo,shock,0,134,2,3,19.0,19,0,0,0,zero,80
happo,shock,0,135,0,2,1.0,1,0,2,2,zero,80
happo,shock,0,135,1,2,3.0,3,0,15,15,zero,80
happo,shock,0,135,2,2,4.0,4,0,0,0,zero,80
happo,shock,0,136,0,2,1.0,1,0,0,0,zero,80
happo,shock,0,136,1,2,4.0,4,0,1,1,zero,80
happo,shock,0,136,2,2,3.0,3,0,1,1,zero,80
happo,shock,0,137,0,3,-0.0,0,0,0,0,zero,80
happo,shock,0,137,1,3,5.0,5,0,0,0,zero,80
happo,shock,0,137,2,3,3.0,3,0,20,20,zero,80
happo,shock,0,138,0,3,3.0,3,0,6,6,zero,80
happo,shock,0,138,1,3,-0.0,0,0,0,0,zero,80
happo,shock,0,138,2,3,3.0,3,0,3,3,zero,80
happo,shock,0,139,0,3,2.0,2,0,2,2,zero,80
happo,shock,0,139,1,3,13.0,13,0,1,1,zero,80
happo,shock,0,139,2,3,2.0,2,0,0,0,zero,80
happo,shock,0,140,0,4,2.0,0,2,6,6,zero,80
happo,shock,0,140,1,4,8.0,8,0,1,1,zero,80
happo,shock,0,140,2,4,2.0,2,0,0,0,zero,80
happo,shock,0,141,0,4,6.0,0,6,2,2,zero,80
happo,shock,0,141,1,4,6.0,6,0,15,15,zero,80
happo,shock,0,141,2,4,7.0,7,0,0,0,zero,80
happo,shock,0,142,0,3,3.0,0,3,10,10,zero,80
happo,shock,0,142,1,3,4.0,0,4,1,1,zero,80
happo,shock,0,142,2,3,9.0,9,0,1,1,zero,80
happo,shock,0,143,0,4,5.0,0,5,6,6,zero,80
happo,shock,0,143,1,4,9.0,0,9,15,15,zero,80
happo,shock,0,143,2,4,6.0,0,6,20,20,zero,80
happo,shock,0,144,0,4,3.0,0,3,10,10,zero,80
happo,shock,0,144,1,4,18.0,0,18,15,15,zero,80
happo,shock,0,144,2,4,21.0,0,21,20,20,zero,80
happo,shock,0,145,0,4,5.0,0,5,10,10,zero,80
happo,shock,0,145,1,4,13.0,0,13,15,15,zero,80
happo,shock,0,145,2,4,36.0,0,36,20,20,zero,80
happo,shock,0,146,0,4,3.0,0,3,6,6,zero,80
happo,shock,0,146,1,4,18.0,0,18,18,18,zero,80
happo,shock,0,146,2,4,53.0,0,53,20,20,zero,80
happo,shock,0,147,0,3,5.0,0,5,6,6,zero,80
happo,shock,0,147,1,3,15.0,0,15,18,18,zero,80
happo,shock,0,147,2,3,51.0,0,51,20,20,zero,80
happo,shock,0,148,0,3,7.0,0,7,2,2,zero,80
happo,shock,0,148,1,3,17.0,0,17,11,11,zero,80
happo,shock,0,148,2,3,42.0,0,42,20,20,zero,80
happo,shock,0,149,0,3,5.0,5,0,6,6,zero,80
happo,shock,0,149,1,3,23.0,0,23,0,0,zero,80
happo,shock,0,149,2,3,22.0,0,22,20,20,zero,80
happo,shock,0,150,0,3,3.0,3,0,6,6,zero,80
happo,shock,0,150,1,3,28.0,0,28,0,0,zero,80
happo,shock,0,150,2,3,2.0,0,2,0,0,zero,80
happo,shock,0,151,0,2,10.0,10,0,6,6,zero,80
happo,shock,0,151,1,2,14.0,0,14,0,0,zero,80
happo,shock,0,151,2,2,18.0,18,0,0,0,zero,80
happo,shock,0,152,0,2,8.0,8,0,0,0,zero,80
happo,shock,0,152,1,2,6.0,6,0,0,0,zero,80
happo,shock,0,152,2,2,38.0,38,0,0,0,zero,80
happo,shock,0,153,0,2,6.0,6,0,0,0,zero,80
happo,shock,0,153,1,2,26.0,26,0,0,0,zero,80
happo,shock,0,153,2,2,58.0,58,0,0,0,zero,80
happo,shock,0,154,0,3,4.0,4,0,0,0,zero,80
happo,shock,0,154,1,3,46.0,46,0,0,0,zero,80
happo,shock,0,154,2,3,58.0,58,0,0,0,zero,80
happo,shock,0,155,0,3,21.0,21,0,0,0,zero,80
happo,shock,0,155,1,3,48.0,48,0,0,0,zero,80
happo,shock,0,155,2,3,58.0,58,0,0,0,zero,80
happo,shock,0,156,0,3,32.0,32,0,0,0,zero,80
happo,shock,0,156,1,3,48.0,48,0,0,0,zero,80
happo,shock,0,156,2,3,58.0,58,0,0,0,zero,80
happo,shock,0,157,0,4,28.0,28,0,0,0,zero,80
happo,shock,0,157,1,4,48.0,48,0,0,0,zero,80
happo,shock,0,157,2,4,58.0,58,0,0,0,zero,80
happo,shock,0,158,0,3,25.0,25,0,0,0,zero,80
happo,shock,0,158,1,3,48.0,48,0,0,0,zero,80
happo,shock,0,158,2,3,58.0,58,0,0,0,zero,80
happo,shock,0,159,0,3,22.0,22,0,0,0,zero,80
happo,shock,0,159,1,3,48.0,48,0,0,0,zero,80
happo,shock,0,159,2,3,58.0,58,0,0,0,zero,80
happo,shock,0,160,0,3,19.0,19,0,0,0,zero,80
happo,shock,0,160,1,3,48.0,48,0,0,0,zero,80
happo,shock,0,160,2,3,58.0,58,0,0,0,zero,80
happo,shock,0,161,0,3,16.0,16,0,2,2,zero,80
happo,shock,0,161,1,3,46.0,46,0,0,0,zero,80
happo,shock,0,161,2,3,58.0,58,0,0,0,zero,80
happo,shock,0,162,0,3,13.0,13,0,2,2,zero,80
happo,shock,0,162,1,3,44.0,44,0,0,0,zero,80
happo,shock,0,162,2,3,58.0,58,0,0,0,zero,80
happo,shock,0,163,0,3,10.0,10,0,0,0,zero,80
happo,shock,0,163,1,3,44.0,44,0,0,0,zero,80
happo,shock,0,163,2,3,58.0,58,0,0,0,zero,80
happo,shock,0,164,0,4,6.0,6,0,2,2,zero,80
happo,shock,0,164,1,4,42.0,42,0,0,0,zero,80
happo,shock,0,164,2,4,58.0,58,0,0,0,zero,80
happo,shock,0,165,0,3,5.0,5,0,9,9,zero,80
happo,shock,0,165,1,3,33.0,33,0,0,0,zero,80
happo,shock,0,165,2,3,58.0,58,0,0,0,zero,80
happo,shock,0,166,0,3,4.0,4,0,2,2,zero,80
happo,shock,0,166,1,3,31.0,31,0,1,1,zero,80
happo,shock,0,166,2,3,57.0,57,0,0,0,zero,80
happo,shock,0,167,0,4,-0.0,0,0,2,2,zero,80
happo,shock,0,167,1,4,29.0,29,0,1,1,zero,80
happo,shock,0,167,2,4,56.0,56,0,0,0,zero,80
happo,shock,0,168,0,3,1.0,0,1,2,2,zero,80
happo,shock,0,168,1,3,27.0,27,0,1,1,zero,80
happo,shock,0,168,2,3,55.0,55,0,0,0,zero,80
happo,shock,0,169,0,3,5.0,5,0,6,6,zero,80
happo,shock,0,169,1,3,21.0,21,0,1,1,zero,80
happo,shock,0,169,2,3,54.0,54,0,0,0,zero,80
happo,shock,0,170,0,3,4.0,4,0,0,0,zero,80
happo,shock,0,170,1,3,22.0,22,0,1,1,zero,80
happo,shock,0,170,2,3,53.0,53,0,0,0,zero,80
happo,shock,0,171,0,3,3.0,3,0,6,6,zero,80
happo,shock,0,171,1,3,17.0,17,0,1,1,zero,80
happo,shock,0,171,2,3,52.0,52,0,0,0,zero,80
happo,shock,0,172,0,3,2.0,2,0,0,0,zero,80
happo,shock,0,172,1,3,18.0,18,0,1,1,zero,80
happo,shock,0,172,2,3,51.0,51,0,0,0,zero,80
happo,shock,0,173,0,4,4.0,4,0,2,2,zero,80
happo,shock,0,173,1,4,17.0,17,0,1,1,zero,80
happo,shock,0,173,2,4,50.0,50,0,0,0,zero,80
happo,shock,0,174,0,5,1.0,0,1,6,6,zero,80
happo,shock,0,174,1,5,12.0,12,0,1,1,zero,80
happo,shock,0,174,2,5,49.0,49,0,0,0,zero,80
happo,shock,0,175,0,5,-0.0,0,0,6,6,zero,80
happo,shock,0,175,1,5,7.0,7,0,11,11,zero,80
happo,shock,0,175,2,5,38.0,38,0,0,0,zero,80
happo,shock,0,176,0,5,5.0,0,5,6,6,zero,80
happo,shock,0,176,1,5,2.0,2,0,1,1,zero,80
happo,shock,0,176,2,5,37.0,37,0,0,0,zero,80
happo,shock,0,177,0,6,9.0,0,9,10,10,zero,80
happo,shock,0,177,1,6,7.0,0,7,15,15,zero,80
happo,shock,0,177,2,6,22.0,22,0,0,0,zero,80
happo,shock,0,178,0,6,9.0,0,9,10,10,zero,80
happo,shock,0,178,1,6,16.0,0,16,15,15,zero,80
happo,shock,0,178,2,6,7.0,7,0,1,1,zero,80
happo,shock,0,179,0,5,8.0,0,8,10,10,zero,80
happo,shock,0,179,1,5,15.0,0,15,15,15,zero,80
happo,shock,0,179,2,5,8.0,0,8,20,20,zero,80
happo,shock,0,180,0,6,8.0,0,8,6,6,zero,80
happo,shock,0,180,1,6,20.0,0,20,15,15,zero,80
happo,shock,0,180,2,6,23.0,0,23,20,20,zero,80
happo,shock,0,181,0,6,11.0,0,11,19,19,zero,80
happo,shock,0,181,1,6,24.0,0,24,3,3,zero,80
happo,shock,0,181,2,6,26.0,0,26,20,20,zero,80
happo,shock,0,182,0,6,16.0,0,16,6,6,zero,80
happo,shock,0,182,1,6,15.0,0,15,18,18,zero,80
happo,shock,0,182,2,6,43.0,0,43,3,3,zero,80
happo,shock,0,183,0,7,12.0,0,12,6,6,zero,80
happo,shock,0,183,1,7,14.0,0,14,18,18,zero,80
happo,shock,0,183,2,7,41.0,0,41,20,20,zero,80
happo,shock,0,184,0,7,18.0,0,18,10,10,zero,80
happo,shock,0,184,1,7,24.0,0,24,11,11,zero,80
happo,shock,0,184,2,7,32.0,0,32,20,20,zero,80
happo,shock,0,185,0,6,9.0,0,9,10,10,zero,80
happo,shock,0,185,1,6,34.0,0,34,18,18,zero,80
happo,shock,0,185,2,6,30.0,0,30,20,20,zero,80
happo,shock,0,186,0,7,1.0,0,1,10,10,zero,80
happo,shock,0,186,1,7,43.0,0,43,0,0,zero,80
happo,shock,0,186,2,7,27.0,0,27,20,20,zero,80
happo,shock,0,187,0,6,-0.0,0,0,19,19,zero,80
happo,shock,0,187,1,6,42.0,0,42,0,0,zero,80
happo,shock,0,187,2,6,7.0,0,7,0,0,zero,80
happo,shock,0,188,0,6,6.0,0,6,9,9,zero,80
happo,shock,0,188,1,6,31.0,0,31,18,18,zero,80
happo,shock,0,188,2,6,5.0,0,5,0,0,zero,80
happo,shock,0,189,0,6,12.0,0,12,2,2,zero,80
happo,shock,0,189,1,6,13.0,0,13,18,18,zero,80
happo,shock,0,189,2,6,3.0,0,3,16,16,zero,80
happo,shock,0,190,0,5,16.0,0,16,0,0,zero,80
happo,shock,0,190,1,5,10.0,0,10,0,0,zero,80
happo,shock,0,190,2,5,17.0,17,0,20,20,zero,80
happo,shock,0,191,0,5,1.0,0,1,0,0,zero,80
happo,shock,0,191,1,5,10.0,10,0,0,0,zero,80
happo,shock,0,191,2,5,17.0,17,0,0,0,zero,80
happo,shock,0,192,0,5,14.0,14,0,6,6,zero,80
happo,shock,0,192,1,5,24.0,24,0,0,0,zero,80
happo,shock,0,192,2,5,17.0,17,0,0,0,zero,80
happo,shock,0,193,0,5,29.0,29,0,0,0,zero,80
happo,shock,0,193,1,5,44.0,44,0,0,0,zero,80
happo,shock,0,193,2,5,33.0,33,0,0,0,zero,80
happo,shock,0,194,0,4,28.0,28,0,0,0,zero,80
happo,shock,0,194,1,4,47.0,47,0,0,0,zero,80
happo,shock,0,194,2,4,53.0,53,0,0,0,zero,80
happo,shock,0,195,0,4,34.0,34,0,0,0,zero,80
happo,shock,0,195,1,4,47.0,47,0,0,0,zero,80
happo,shock,0,195,2,4,53.0,53,0,0,0,zero,80
happo,shock,0,196,0,4,36.0,36,0,0,0,zero,80
happo,shock,0,196,1,4,47.0,47,0,0,0,zero,80
happo,shock,0,196,2,4,53.0,53,0,0,0,zero,80
happo,shock,0,197,0,4,32.0,32,0,0,0,zero,80
happo,shock,0,197,1,4,47.0,47,0,0,0,zero,80
happo,shock,0,197,2,4,53.0,53,0,0,0,zero,80
happo,shock,0,198,0,4,28.0,28,0,0,0,zero,80
happo,shock,0,198,1,4,47.0,47,0,0,0,zero,80
happo,shock,0,198,2,4,53.0,53,0,0,0,zero,80
happo,shock,0,199,0,4,24.0,24,0,0,0,zero,80
happo,shock,0,199,1,4,47.0,47,0,0,0,zero,80
happo,shock,0,199,2,4,53.0,53,0,0,0,zero,80
happo,shock,0,200,0,5,19.0,19,0,2,2,zero,80
happo,shock,0,200,1,5,45.0,45,0,0,0,zero,80
happo,shock,0,200,2,5,53.0,53,0,0,0,zero,80
happo,shock,1,1,0,10,10.0,10,0,10,10,zero,
happo,shock,1,1,1,10,10.0,10,0,15,15,zero,
happo,shock,1,1,2,10,5.0,5,0,0,0,zero,
happo,shock,1,2,0,11,9.0,9,0,10,10,zero,
happo,shock,1,2,1,11,10.0,10,0,1,1,zero,
happo,shock,1,2,2,11,14.0,14,0,20,20,zero,
happo,shock,1,3,0,9,10.0,10,0,19,19,zero,
happo,shock,1,3,1,9,1.0,1,0,15,15,zero,
happo,shock,1,3,2,9,9.0,9,0,3,3,zero,
happo,shock,1,4,0,10,10.0,10,0,6,6,zero,
happo,shock,1,4,1,10,5.0,5,0,15,15,zero,
happo,shock,1,4,2,10,4.0,4,0,20,20,zero,
happo,shock,1,5,0,11,9.0,9,0,6,6,zero,
happo,shock,1,5,1,11,14.0,14,0,15,15,zero,
happo,shock,1,5,2,11,11.0,0,11,20,20,zero,
happo,shock,1,6,0,10,9.0,9,0,6,6,zero,
happo,shock,1,6,1,10,9.0,9,0,3,3,zero,
happo,shock,1,6,2,10,6.0,6,0,20,20,zero,
happo,shock,1,7,0,9,19.0,19,0,10,10,zero,
happo,shock,1,7,1,9,14.0,14,0,0,0,zero,
happo,shock,1,7,2,9,9.0,9,0,0,0,zero,
happo,shock,1,8,0,10,15.0,15,0,6,6,zero,
happo,shock,1,8,1,10,23.0,23,0,1,1,zero,
happo,shock,1,8,2,10,28.0,28,0,0,0,zero,
happo,shock,1,9,0,11,10.0,10,0,9,9,zero,
happo,shock,1,9,1,11,18.0,18,0,1,1,zero,
happo,shock,1,9,2,11,47.0,47,0,0,0,zero,
happo,shock,1,10,0,11,5.0,5,0,19,19,zero,
happo,shock,1,10,1,11,13.0,13,0,15,15,zero,
happo,shock,1,10,2,11,52.0,52,0,0,0,zero,
happo,shock,1,11,0,10,5.0,5,0,9,9,zero,
happo,shock,1,11,1,10,4.0,4,0,15,15,zero,
happo,shock,1,11,2,10,37.0,37,0,0,0,zero,
happo,shock,1,12,0,10,1.0,1,0,9,9,zero,
happo,shock,1,12,1,10,4.0,0,4,15,15,zero,
happo,shock,1,12,2,10,22.0,22,0,20,20,zero,
happo,shock,1,13,0,10,-0.0,0,0,6,6,zero,
happo,shock,1,13,1,10,9.0,0,9,3,3,zero,
happo,shock,1,13,2,10,19.0,19,0,20,20,zero,
happo,shock,1,14,0,10,9.0,9,0,10,10,zero,
happo,shock,1,14,1,10,4.0,0,4,3,3,zero,
happo,shock,1,14,2,10,16.0,16,0,0,0,zero,
happo,shock,1,15,0,10,8.0,8,0,6,6,zero,
happo,shock,1,15,1,10,5.0,5,0,18,18,zero,
happo,shock,1,15,2,10,2.0,0,2,0,0,zero,
happo,shock,1,16,0,9,4.0,4,0,10,10,zero,
happo,shock,1,16,1,9,10.0,10,0,15,15,zero,
happo,shock,1,16,2,9,3.0,3,0,0,0,zero,
happo,shock,1,17,0,10,5.0,0,5,6,6,zero,
happo,shock,1,17,1,10,7.0,7,0,3,3,zero,
happo,shock,1,17,2,10,20.0,20,0,20,20,zero,
happo,shock,1,18,0,10,-0.0,0,0,10,10,zero,
happo,shock,1,18,1,10,-0.0,0,0,3,3,zero,
happo,shock,1,18,2,10,17.0,17,0,5,5,zero,
happo,shock,1,19,0,10,-0.0,0,0,10,10,zero,
happo,shock,1,19,1,10,6.0,6,0,15,15,zero,
happo,shock,1,19,2,10,2.0,2,0,0,0,zero,
happo,shock,1,20,0,11,1.0,0,1,19,19,zero,
happo,shock,1,20,1,11,4.0,4,0,15,15,zero,
happo,shock,1,20,2,11,13.0,0,13,0,0,zero,
happo,shock,1,21,0,12,7.0,0,7,9,9,zero,
happo,shock,1,21,1,12,2.0,0,2,18,18,zero,
happo,shock,1,21,2,12,11.0,0,11,20,20,zero,
happo,shock,1,22,0,13,10.0,0,10,19,19,zero,
happo,shock,1,22,1,13,18.0,0,18,15,15,zero,
happo,shock,1,22,2,13,21.0,0,21,20,20,zero,
happo,shock,1,23,0,13,13.0,0,13,10,10,zero,
happo,shock,1,23,1,13,13.0,0,13,18,18,zero,
happo,shock,1,23,2,13,39.0,0,39,20,20,zero,
happo,shock,1,24,0,15,9.0,0,9,10,10,zero,
happo,shock,1,24,1,15,21.0,0,21,18,18,zero,
happo,shock,1,24,2,15,57.0,0,57,20,20,zero,
happo,shock,1,25,0,14,16.0,0,16,19,19,zero,
happo,shock,1,25,1,14,20.0,0,20,15,15,zero,
happo,shock,1,25,2,14,52.0,0,52,20,20,zero,
happo,shock,1,26,0,13,26.0,0,26,10,10,zero,
happo,shock,1,26,1,13,25.0,0,25,18,18,zero,
happo,shock,1,26,2,13,50.0,0,50,20,20,zero,
happo,shock,1,27,0,13,24.0,0,24,19,19,zero,
happo,shock,1,27,1,13,44.0,0,44,18,18,zero,
happo,shock,1,27,2,13,48.0,0,48,20,20,zero,
happo,shock,1,28,0,13,35.0,0,35,19,19,zero,
happo,shock,1,28,1,13,63.0,0,63,18,18,zero,
happo,shock,1,28,2,13,46.0,0,46,20,20,zero,
happo,shock,1,29,0,13,28.0,0,28,19,19,zero,
happo,shock,1,29,1,13,62.0,0,62,18,18,zero,
happo,shock,1,29,2,13,44.0,0,44,20,20,zero,
happo,shock,1,30,0,14,37.0,0,37,10,10,zero,
happo,shock,1,30,1,14,52.0,0,52,18,18,zero,
happo,shock,1,30,2,14,42.0,0,42,20,20,zero,
happo,shock,1,31,0,15,52.0,0,52,17,17,zero,
happo,shock,1,31,1,15,49.0,0,49,18,18,zero,
happo,shock,1,31,2,15,40.0,0,40,20,20,zero,
happo,shock,1,32,0,14,66.0,0,66,17,17,zero,
happo,shock,1,32,1,14,46.0,0,46,18,18,zero,
happo,shock,1,32,2,14,38.0,0,38,20,20,zero,
happo,shock,1,33,0,14,60.0,0,60,17,17,zero,
happo,shock,1,33,1,14,43.0,0,43,18,18,zero,
happo,shock,1,33,2,14,36.0,0,36,20,20,zero,
happo,shock,1,34,0,15,55.0,0,55,10,10,zero,
happo,shock,1,34,1,15,33.0,0,33,18,18,zero,
happo,shock,1,34,2,15,34.0,0,34,20,20,zero,
happo,shock,1,35,0,16,51.0,0,51,10,10,zero,
happo,shock,1,35,1,16,23.0,0,23,0,0,zero,
happo,shock,1,35,2,16,14.0,0,14,20,20,zero,
happo,shock,1,36,0,15,46.0,0,46,10,10,zero,
happo,shock,1,36,1,15,13.0,0,13,0,0,zero,
happo,shock,1,36,2,15,6.0,6,0,0,0,zero,
happo,shock,1,37,0,15,41.0,0,41,10,10,zero,
happo,shock,1,37,1,15,3.0,0,3,18,18,zero,
happo,shock,1,37,2,15,8.0,8,0,0,0,zero,
happo,shock,1,38,0,14,35.0,0,35,10,10,zero,
happo,shock,1,38,1,14,7.0,7,0,18,18,zero,
happo,shock,1,38,2,14,10.0,10,0,16,16,zero,
happo,shock,1,39,0,14,29.0,0,29,10,10,zero,
happo,shock,1,39,1,14,17.0,17,0,18,18,zero,
happo,shock,1,39,2,14,12.0,12,0,20,20,zero,
happo,shock,1,40,0,14,23.0,0,23,10,10,zero,
happo,shock,1,40,1,14,21.0,21,0,0,0,zero,
happo,shock,1,40,2,14,12.0,12,0,20,20,zero,
happo,shock,1,41,0,13,16.0,0,16,19,19,zero,
happo,shock,1,41,1,13,20.0,20,0,12,12,zero,
happo,shock,1,41,2,13,-0.0,0,0,3,3,zero,
happo,shock,1,42,0,13,16.0,0,16,10,10,zero,
happo,shock,1,42,1,13,28.0,28,0,18,18,zero,
happo,shock,1,42,2,13,2.0,0,2,0,0,zero,
happo,shock,1,43,0,13,19.0,0,19,19,19,zero,
happo,shock,1,43,1,13,27.0,27,0,15,15,zero,
happo,shock,1,43,2,13,3.0,3,0,20,20,zero,
happo,shock,1,44,0,13,22.0,0,22,10,10,zero,
happo,shock,1,44,1,13,17.0,17,0,18,18,zero,
happo,shock,1,44,2,13,5.0,5,0,20,20,zero,
happo,shock,1,45,0,15,18.0,0,18,19,19,zero,
happo,shock,1,45,1,15,10.0,10,0,3,3,zero,
happo,shock,1,45,2,15,5.0,5,0,20,20,zero,
happo,shock,1,46,0,15,23.0,0,23,19,19,zero,
happo,shock,1,46,1,15,7.0,7,0,15,15,zero,
happo,shock,1,46,2,15,10.0,0,10,0,0,zero,
happo,shock,1,47,0,14,18.0,0,18,19,19,zero,
happo,shock,1,47,1,14,5.0,5,0,15,15,zero,
happo,shock,1,47,2,14,5.0,0,5,0,0,zero,
happo,shock,1,48,0,14,22.0,0,22,19,19,zero,
happo,shock,1,48,1,14,4.0,4,0,15,15,zero,
happo,shock,1,48,2,14,-0.0,0,0,20,20,zero,
happo,shock,1,49,0,15,18.0,0,18,10,10,zero,
happo,shock,1,49,1,15,3.0,0,3,15,15,zero,
happo,shock,1,49,2,15,5.0,5,0,20,20,zero,
happo,shock,1,50,0,18,17.0,0,17,10,10,zero,
happo,shock,1,50,1,18,8.0,0,8,15,15,zero,
happo,shock,1,50,2,18,10.0,0,10,20,20,zero,
happo,shock,1,51,0,17,15.0,0,15,19,19,zero,
happo,shock,1,51,1,17,7.0,0,7,15,15,zero,
happo,shock,1,51,2,17,25.0,0,25,20,20,zero,
happo,shock,1,52,0,18,14.0,0,14,10,10,zero,
happo,shock,1,52,1,18,3.0,3,0,18,18,zero,
happo,shock,1,52,2,18,23.0,0,23,0,0,zero,
happo,shock,1,53,0,18,25.0,0,25,19,19,zero,
happo,shock,1,53,1,18,1.0,0,1,15,15,zero,
happo,shock,1,53,2,18,18.0,0,18,20,20,zero,
happo,shock,1,54,0,18,38.0,0,38,19,19,zero,
happo,shock,1,54,1,18,15.0,0,15,18,18,zero,
happo,shock,1,54,2,18,16.0,0,16,20,20,zero,
happo,shock,1,55,0,20,38.0,0,38,19,19,zero,
happo,shock,1,55,1,20,34.0,0,34,18,18,zero,
happo,shock,1,55,2,20,14.0,0,14,20,20,zero,
happo,shock,1,56,0,20,41.0,0,41,19,19,zero,
happo,shock,1,56,1,20,33.0,0,33,18,18,zero,
happo,shock,1,56,2,20,32.0,0,32,20,20,zero,
happo,shock,1,57,0,18,41.0,0,41,19,19,zero,
happo,shock,1,57,1,18,32.0,0,32,18,18,zero,
happo,shock,1,57,2,18,30.0,0,30,20,20,zero,
happo,shock,1,58,0,17,53.0,0,53,19,19,zero,
happo,shock,1,58,1,17,31.0,0,31,18,18,zero,
happo,shock,1,58,2,17,28.0,0,28,20,20,zero,
happo,shock,1,59,0,16,69.0,0,69,17,17,zero,
happo,shock,1,59,1,16,28.0,0,28,18,18,zero,
happo,shock,1,59,2,16,26.0,0,26,20,20,zero,
happo,shock,1,60,0,16,65.0,0,65,17,17,zero,
happo,shock,1,60,1,16,45.0,0,45,18,18,zero,
happo,shock,1,60,2,16,24.0,0,24,20,20,zero,
happo,shock,1,61,0,18,63.0,0,63,17,17,zero,
happo,shock,1,61,1,18,42.0,0,42,18,18,zero,
happo,shock,1,61,2,18,22.0,0,22,20,20,zero,
happo,shock,1,62,0,17,60.0,0,60,17,17,zero,
happo,shock,1,62,1,17,39.0,0,39,18,18,zero,
happo,shock,1,62,2,17,20.0,0,20,20,20,zero,
happo,shock,1,63,0,18,58.0,0,58,17,17,zero,
happo,shock,1,63,1,18,36.0,0,36,18,18,zero,
happo,shock,1,63,2,18,18.0,0,18,20,20,zero,
happo,shock,1,64,0,17,75.0,0,75,17,17,zero,
happo,shock,1,64,1,17,33.0,0,33,18,18,zero,
happo,shock,1,64,2,17,16.0,0,16,20,20,zero,
happo,shock,1,65,0,18,73.0,0,73,17,17,zero,
happo,shock,1,65,1,18,30.0,0,30,18,18,zero,
happo,shock,1,65,2,18,14.0,0,14,20,20,zero,
happo,shock,1,66,0,20,73.0,0,73,17,17,zero,
happo,shock,1,66,1,20,27.0,0,27,18,18,zero,
happo,shock,1,66,2,20,12.0,0,12,16,16,zero,
happo,shock,1,67,0,18,71.0,0,71,17,17,zero,
happo,shock,1,67,1,18,24.0,0,24,18,18,zero,
happo,shock,1,67,2,18,10.0,0,10,20,20,zero,
happo,shock,1,68,0,17,68.0,0,68,17,17,zero,
happo,shock,1,68,1,17,21.0,0,21,18,18,zero,
happo,shock,1,68,2,17,8.0,0,8,20,20,zero,
happo,shock,1,69,0,16,64.0,0,64,17,17,zero,
happo,shock,1,69,1,16,18.0,0,18,18,18,zero,
happo,shock,1,69,2,16,6.0,0,6,20,20,zero,
happo,shock,1,70,0,15,59.0,0,59,17,17,zero,
happo,shock,1,70,1,15,15.0,0,15,18,18,zero,
happo,shock,1,70,2,15,8.0,0,8,20,20,zero,
happo,shock,1,71,0,17,56.0,0,56,10,10,zero,
happo,shock,1,71,1,17,5.0,0,5,18,18,zero,
happo,shock,1,71,2,17,6.0,0,6,16,16,zero,
happo,shock,1,72,0,14,50.0,0,50,10,10,zero,
happo,shock,1,72,1,14,5.0,5,0,18,18,zero,
happo,shock,1,72,2,14,4.0,0,4,16,16,zero,
happo,shock,1,73,0,16,46.0,0,46,10,10,zero,
happo,shock,1,73,1,16,15.0,15,0,3,3,zero,
happo,shock,1,73,2,16,13.0,13,0,20,20,zero,
happo,shock,1,74,0,16,42.0,0,42,19,19,zero,
happo,shock,1,74,1,16,12.0,12,0,3,3,zero,
happo,shock,1,74,2,16,30.0,30,0,1,1,zero,
happo,shock,1,75,0,15,37.0,0,37,10,10,zero,
happo,shock,1,75,1,15,22.0,22,0,18,18,zero,
happo,shock,1,75,2,15,28.0,28,0,0,0,zero,
happo,shock,1,76,0,15,37.0,0,37,19,19,zero,
happo,shock,1,76,1,15,23.0,23,0,18,18,zero,
happo,shock,1,76,2,15,26.0,26,0,16,16,zero,
happo,shock,1,77,0,15,42.0,0,42,19,19,zero,
happo,shock,1,77,1,15,11.0,11,0,18,18,zero,
happo,shock,1,77,2,15,28.0,28,0,20,20,zero,
happo,shock,1,78,0,13,36.0,0,36,19,19,zero,
happo,shock,1,78,1,13,5.0,0,5,18,18,zero,
happo,shock,1,78,2,13,11.0,11,0,20,20,zero,
happo,shock,1,79,0,14,40.0,0,40,19,19,zero,
happo,shock,1,79,1,14,6.0,0,6,18,18,zero,
happo,shock,1,79,2,14,7.0,0,7,20,20,zero,
happo,shock,1,80,0,15,36.0,0,36,10,10,zero,
happo,shock,1,80,1,15,2.0,2,0,18,18,zero,
happo,shock,1,80,2,15,9.0,0,9,20,20,zero,
happo,shock,1,81,0,18,35.0,0,35,10,10,zero,
happo,shock,1,81,1,18,10.0,10,0,18,18,zero,
happo,shock,1,81,2,18,7.0,0,7,16,16,zero,
happo,shock,1,82,0,17,38.0,0,38,19,19,zero,
happo,shock,1,82,1,17,9.0,9,0,3,3,zero,
happo,shock,1,82,2,17,10.0,10,0,16,16,zero,
happo,shock,1,83,0,17,37.0,0,37,19,19,zero,
happo,shock,1,83,1,17,1.0,1,0,18,18,zero,
happo,shock,1,83,2,17,12.0,12,0,0,0,zero,
happo,shock,1,84,0,19,40.0,0,40,19,19,zero,
happo,shock,1,84,1,19,2.0,0,2,18,18,zero,
happo,shock,1,84,2,19,14.0,14,0,16,16,zero,
happo,shock,1,85,0,19,49.0,0,49,19,19,zero,
happo,shock,1,85,1,19,1.0,0,1,18,18,zero,
happo,shock,1,85,2,19,12.0,12,0,20,20,zero,
happo,shock,1,86,0,16,46.0,0,46,19,19,zero,
happo,shock,1,86,1,16,10.0,0,10,18,18,zero,
happo,shock,1,86,2,16,10.0,10,0,20,20,zero,
happo,shock,1,87,0,16,43.0,0,43,19,19,zero,
happo,shock,1,87,1,16,11.0,0,11,18,18,zero,
happo,shock,1,87,2,16,8.0,0,8,20,20,zero,
happo,shock,1,88,0,17,43.0,0,43,10,10,zero,
happo,shock,1,88,1,17,3.0,0,3,18,18,zero,
happo,shock,1,88,2,17,10.0,0,10,20,20,zero,
happo,shock,1,89,0,20,43.0,0,43,19,19,zero,
happo,shock,1,89,1,20,4.0,0,4,18,18,zero,
happo,shock,1,89,2,20,8.0,0,8,16,16,zero,
happo,shock,1,90,0,20,53.0,0,53,19,19,zero,
happo,shock,1,90,1,20,5.0,0,5,18,18,zero,
happo,shock,1,90,2,20,6.0,0,6,16,16,zero,
happo,shock,1,91,0,20,55.0,0,55,19,19,zero,91
happo,shock,1,91,1,20,14.0,0,14,18,18,zero,91
happo,shock,1,91,2,20,4.0,0,4,20,20,zero,91
happo,shock,1,92,0,20,57.0,0,57,17,17,zero,91
happo,shock,1,92,1,20,15.0,0,15,18,18,zero,91
happo,shock,1,92,2,20,2.0,0,2,20,20,zero,91
happo,shock,1,93,0,20,59.0,0,59,17,17,zero,91
happo,shock,1,93,1,20,12.0,0,12,18,18,zero,91
happo,shock,1,93,2,20,4.0,0,4,20,20,zero,91
happo,shock,1,94,0,20,61.0,0,61,17,17,zero,91
happo,shock,1,94,1,20,9.0,0,9,18,18,zero,91
happo,shock,1,94,2,20,6.0,0,6,16,16,zero,91
happo,shock,1,95,0,20,71.0,0,71,17,17,zero,91
happo,shock,1,95,1,20,6.0,0,6,18,18,zero,91
happo,shock,1,95,2,20,4.0,0,4,16,16,zero,91
happo,shock,1,96,0,20,75.0,0,75,17,17,zero,91
happo,shock,1,96,1,20,3.0,0,3,18,18,zero,91
happo,shock,1,96,2,20,2.0,0,2,20,20,zero,91
happo,shock,1,97,0,20,75.0,0,75,17,17,zero,91
happo,shock,1,97,1,20,4.0,0,4,18,18,zero,91
happo,shock,1,97,2,20,-0.0,0,0,20,20,zero,91
happo,shock,1,98,0,20,75.0,0,75,17,17,zero,91
happo,shock,1,98,1,20,5.0,0,5,18,18,zero,91
happo,shock,1,98,2,20,2.0,0,2,16,16,zero,91
happo,shock,1,99,0,20,75.0,0,75,17,17,zero,91
happo,shock,1,99,1,20,2.0,0,2,18,18,zero,91
happo,shock,1,99,2,20,4.0,0,4,16,16,zero,91
happo,shock,1,100,0,20,75.0,0,75,17,17,zero,91
happo,shock,1,100,1,20,1.0,1,0,18,18,zero,91
happo,shock,1,100,2,20,2.0,0,2,20,20,zero,91
happo,shock,1,101,0,20,79.0,0,79,17,17,zero,91
happo,shock,1,101,1,20,4.0,4,0,18,18,zero,91
happo,shock,1,101,2,20,-0.0,0,0,20,20,zero,91
happo,shock,1,102,0,20,83.0,0,83,17,17,zero,91
happo,shock,1,102,1,20,3.0,3,0,18,18,zero,91
happo,shock,1,102,2,20,2.0,0,2,16,16,zero,91
happo,shock,1,103,0,20,83.0,0,83,17,17,zero,91
happo,shock,1,103,1,20,2.0,2,0,18,18,zero,91
happo,shock,1,103,2,20,4.0,0,4,16,16,zero,91
happo,shock,1,104,0,20,84.0,0,84,17,17,zero,91
happo,shock,1,104,1,20,5.0,5,0,18,18,zero,91
happo,shock,1,104,2,20,2.0,0,2,20,20,zero,91
happo,shock,1,105,0,20,87.0,0,87,17,17,zero,91
happo,shock,1,105,1,20,8.0,8,0,18,18,zero,91
happo,shock,1,105,2,20,-0.0,0,0,20,20,zero,91
happo,shock,1,106,0,18,88.0,0,88,17,17,zero,91
happo,shock,1,106,1,18,7.0,7,0,18,18,zero,91
happo,shock,1,106,2,18,2.0,0,2,16,16,zero,91
happo,shock,1,107,0,17,88.0,0,88,17,17,zero,91
happo,shock,1,107,1,17,6.0,6,0,18,18,zero,91
happo,shock,1,107,2,17,4.0,0,4,16,16,zero,91
happo,shock,1,108,0,15,86.0,0,86,17,17,zero,91
happo,shock,1,108,1,15,9.0,9,0,18,18,zero,91
happo,shock,1,108,2,15,2.0,0,2,20,20,zero,91
happo,shock,1,109,0,15,84.0,0,84,17,17,zero,91
happo,shock,1,109,1,15,12.0,12,0,18,18,zero,91
happo,shock,1,109,2,15,-0.0,0,0,20,20,zero,91
happo,shock,1,110,0,15,82.0,0,82,17,17,zero,91
happo,shock,1,110,1,15,11.0,11,0,18,18,zero,91
happo,shock,1,110,2,15,2.0,0,2,16,16,zero,91
happo,shock,1,111,0,17,82.0,0,82,17,17,zero,91
happo,shock,1,111,1,17,10.0,10,0,18,18,zero,91
happo,shock,1,111,2,17,4.0,0,4,16,16,zero,91
happo,shock,1,112,0,15,80.0,0,80,17,17,zero,91
happo,shock,1,112,1,15,13.0,13,0,18,18,zero,91
happo,shock,1,112,2,15,2.0,0,2,20,20,zero,91
happo,shock,1,113,0,14,77.0,0,77,17,17,zero,91
happo,shock,1,113,1,14,16.0,16,0,18,18,zero,91
happo,shock,1,113,2,14,-0.0,0,0,20,20,zero,91
happo,shock,1,114,0,9,69.0,0,69,17,17,zero,91
happo,shock,1,114,1,9,15.0,15,0,15,15,zero,91
happo,shock,1,114,2,9,1.0,1,0,16,16,zero,91
happo,shock,1,115,0,9,61.0,0,61,17,17,zero,91
happo,shock,1,115,1,9,14.0,14,0,15,15,zero,91
happo,shock,1,115,2,9,2.0,2,0,16,16,zero,91
happo,shock,1,116,0,9,53.0,0,53,17,17,zero,91
happo,shock,1,116,1,9,17.0,17,0,15,15,zero,91
happo,shock,1,116,2,9,7.0,7,0,16,16,zero,91
happo,shock,1,117,0,9,45.0,0,45,16,16,zero,91
happo,shock,1,117,1,9,21.0,21,0,15,15,zero,91
happo,shock,1,117,2,9,12.0,12,0,0,0,zero,91
happo,shock,1,118,0,11,39.0,0,39,6,6,zero,91
happo,shock,1,118,1,11,30.0,30,0,15,15,zero,91
happo,shock,1,118,2,11,13.0,13,0,16,16,zero,91
happo,shock,1,119,0,11,33.0,0,33,10,10,zero,91
happo,shock,1,119,1,11,35.0,35,0,3,3,zero,91
happo,shock,1,119,2,11,26.0,26,0,20,20,zero,91
happo,shock,1,120,0,11,27.0,0,27,10,10,zero,91
happo,shock,1,120,1,11,40.0,40,0,3,3,zero,91
happo,shock,1,120,2,11,39.0,39,0,0,0,zero,91
happo,shock,1,121,0,12,23.0,0,23,10,10,zero,91
happo,shock,1,121,1,12,45.0,45,0,3,3,zero,91
happo,shock,1,121,2,12,36.0,36,0,0,0,zero,91
happo,shock,1,122,0,12,29.0,0,29,19,19,zero,91
happo,shock,1,122,1,12,41.0,41,0,15,15,zero,91
happo,shock,1,122,2,12,37.0,37,0,0,0,zero,91
happo,shock,1,123,0,12,31.0,0,31,10,10,zero,91
happo,shock,1,123,1,12,34.0,34,0,15,15,zero,91
happo,shock,1,123,2,12,42.0,42,0,0,0,zero,91
happo,shock,1,124,0,11,32.0,0,32,19,19,zero,91
happo,shock,1,124,1,11,18.0,18,0,15,15,zero,91
happo,shock,1,124,2,11,27.0,27,0,16,16,zero,91
happo,shock,1,125,0,11,33.0,0,33,10,10,zero,91
happo,shock,1,125,1,11,11.0,11,0,15,15,zero,91
happo,shock,1,125,2,11,12.0,12,0,20,20,zero,91
happo,shock,1,126,0,11,25.0,0,25,10,10,zero,91
happo,shock,1,126,1,11,16.0,16,0,3,3,zero,91
happo,shock,1,126,2,11,9.0,9,0,20,20,zero,91
happo,shock,1,127,0,13,28.0,0,28,10,10,zero,91
happo,shock,1,127,1,13,21.0,21,0,3,3,zero,91
happo,shock,1,127,2,13,6.0,6,0,0,0,zero,91
happo,shock,1,128,0,10,19.0,0,19,10,10,zero,91
happo,shock,1,128,1,10,26.0,26,0,15,15,zero,91
happo,shock,1,128,2,10,7.0,7,0,0,0,zero,91
happo,shock,1,129,0,9,18.0,0,18,19,19,zero,91
happo,shock,1,129,1,9,22.0,22,0,3,3,zero,91
happo,shock,1,129,2,9,24.0,24,0,0,0,zero,91
happo,shock,1,130,0,9,17.0,0,17,6,6,zero,91
happo,shock,1,130,1,9,19.0,19,0,15,15,zero,91
happo,shock,1,130,2,9,29.0,29,0,0,0,zero,91
happo,shock,1,131,0,8,15.0,0,15,19,19,zero,91
happo,shock,1,131,1,8,3.0,3,0,3,3,zero,91
happo,shock,1,131,2,8,26.0,26,0,20,20,zero,91
happo,shock,1,132,0,9,14.0,0,14,6,6,zero,91
happo,shock,1,132,1,9,12.0,12,0,15,15,zero,91
happo,shock,1,132,2,9,11.0,11,0,3,3,zero,91
happo,shock,1,133,0,8,3.0,0,3,10,10,zero,91
happo,shock,1,133,1,8,5.0,5,0,3,3,zero,91
happo,shock,1,133,2,8,8.0,8,0,20,20,zero,91
happo,shock,1,134,0,7,4.0,0,4,6,6,zero,91
happo,shock,1,134,1,7,14.0,14,0,15,15,zero,91
happo,shock,1,134,2,7,7.0,0,7,3,3,zero,91
happo,shock,1,135,0,6,9.0,9,0,6,6,zero,91
happo,shock,1,135,1,6,11.0,11,0,3,3,zero,91
happo,shock,1,135,2,6,10.0,10,0,20,20,zero,91
happo,shock,1,136,0,7,8.0,8,0,6,6,zero,91
happo,shock,1,136,1,7,20.0,20,0,1,1,zero,91
happo,shock,1,136,2,7,12.0,12,0,3,3,zero,91
happo,shock,1,137,0,7,11.0,11,0,6,6,zero,91
happo,shock,1,137,1,7,17.0,17,0,1,1,zero,91
happo,shock,1,137,2,7,31.0,31,0,0,0,zero,91
happo,shock,1,138,0,7,10.0,10,0,10,10,zero,91
happo,shock,1,138,1,7,15.0,15,0,15,15,zero,91
happo,shock,1,138,2,7,19.0,19,0,0,0,zero,91
happo,shock,1,139,0,7,9.0,9,0,6,6,zero,91
happo,shock,1,139,1,7,19.0,19,0,15,15,zero,91
happo,shock,1,139,2,7,24.0,24,0,0,0,zero,91
happo,shock,1,140,0,7,8.0,8,0,9,9,zero,91
happo,shock,1,140,1,7,11.0,11,0,1,1,zero,91
happo,shock,1,140,2,7,26.0,26,0,20,20,zero,91
happo,shock,1,141,0,7,7.0,7,0,2,2,zero,91
happo,shock,1,141,1,7,10.0,10,0,1,1,zero,91
happo,shock,1,141,2,7,25.0,25,0,0,0,zero,91
happo,shock,1,142,0,7,10.0,10,0,10,10,zero,91
happo,shock,1,142,1,7,15.0,15,0,1,1,zero,91
happo,shock,1,142,2,7,24.0,24,0,0,0,zero,91
happo,shock,1,143,0,7,9.0,9,0,6,6,zero,91
happo,shock,1,143,1,7,24.0,24,0,15,15,zero,91
happo,shock,1,143,2,7,9.0,9,0,0,0,zero,91
happo,shock,1,144,0,7,11.0,11,0,9,9,zero,91
happo,shock,1,144,1,7,16.0,16,0,1,1,zero,91
happo,shock,1,144,2,7,28.0,28,0,0,0,zero,91
happo,shock,1,145,0,7,6.0,6,0,2,2,zero,91
happo,shock,1,145,1,7,15.0,15,0,15,15,zero,91
happo,shock,1,145,2,7,13.0,13,0,0,0,zero,91
happo,shock,1,146,0,7,9.0,9,0,10,10,zero,91
happo,shock,1,146,1,7,6.0,6,0,1,1,zero,91
happo,shock,1,146,2,7,12.0,12,0,20,20,zero,91
happo,shock,1,147,0,7,8.0,8,0,2,2,zero,91
happo,shock,1,147,1,7,19.0,19,0,15,15,zero,91
happo,shock,1,147,2,7,3.0,0,3,3,3,zero,91
happo,shock,1,148,0,8,9.0,9,0,9,9,zero,91
happo,shock,1,148,1,8,11.0,11,0,1,1,zero,91
happo,shock,1,148,2,8,4.0,0,4,20,20,zero,91
happo,shock,1,149,0,8,3.0,3,0,9,9,zero,91
happo,shock,1,149,1,8,17.0,17,0,1,1,zero,91
happo,shock,1,149,2,8,5.0,0,5,20,20,zero,91
happo,shock,1,150,0,7,6.0,6,0,9,9,zero,91
happo,shock,1,150,1,7,9.0,9,0,15,15,zero,91
happo,shock,1,150,2,7,-0.0,0,0,0,0,zero,91
happo,shock,1,151,0,7,1.0,1,0,2,2,zero,91
happo,shock,1,151,1,7,19.0,19,0,3,3,zero,91
happo,shock,1,151,2,7,-0.0,0,0,0,0,zero,91
happo,shock,1,152,0,8,2.0,2,0,6,6,zero,91
happo,shock,1,152,1,8,13.0,13,0,1,1,zero,91
happo,shock,1,152,2,8,19.0,19,0,0,0,zero,91
happo,shock,1,153,0,8,3.0,3,0,10,10,zero,91
happo,shock,1,153,1,8,3.0,3,0,1,1,zero,91
happo,shock,1,153,2,8,38.0,38,0,0,0,zero,91
happo,shock,1,154,0,7,5.0,5,0,9,9,zero,91
happo,shock,1,154,1,7,14.0,14,0,15,15,zero,91
happo,shock,1,154,2,7,23.0,23,0,0,0,zero,91
happo,shock,1,155,0,8,1.0,0,1,6,6,zero,91
happo,shock,1,155,1,8,11.0,11,0,1,1,zero,91
happo,shock,1,155,2,8,22.0,22,0,16,16,zero,91
happo,shock,1,156,0,8,3.0,0,3,6,6,zero,91
happo,shock,1,156,1,8,6.0,6,0,15,15,zero,91
happo,shock,1,156,2,8,7.0,7,0,0,0,zero,91
happo,shock,1,157,0,7,-0.0,0,0,10,10,zero,91
happo,shock,1,157,1,7,3.0,0,3,1,1,zero,91
happo,shock,1,157,2,7,6.0,6,0,20,20,zero,91
happo,shock,1,158,0,7,2.0,2,0,10,10,zero,91
happo,shock,1,158,1,7,2.0,2,0,15,15,zero,91
happo,shock,1,158,2,7,9.0,0,9,3,3,zero,91
happo,shock,1,159,0,7,1.0,1,0,6,6,zero,91
happo,shock,1,159,1,7,3.0,0,3,15,15,zero,91
happo,shock,1,159,2,7,8.0,0,8,20,20,zero,91
happo,shock,1,160,0,7,-0.0,0,0,6,6,zero,91
happo,shock,1,160,1,7,6.0,6,0,15,15,zero,91
happo,shock,1,160,2,7,23.0,0,23,20,20,zero,91
happo,shock,1,161,0,6,1.0,1,0,6,6,zero,91
happo,shock,1,161,1,6,1.0,1,0,15,15,zero,91
happo,shock,1,161,2,6,18.0,0,18,20,20,zero,91
happo,shock,1,162,0,7,7.0,7,0,6,6,zero,91
happo,shock,1,162,1,7,1.0,1,0,3,3,zero,91
happo,shock,1,162,2,7,18.0,0,18,20,20,zero,91
happo,shock,1,163,0,7,3.0,3,0,6,6,zero,91
happo,shock,1,163,1,7,11.0,11,0,15,15,zero,91
happo,shock,1,163,2,7,13.0,0,13,0,0,zero,91
happo,shock,1,164,0,6,6.0,6,0,10,10,zero,91
happo,shock,1,164,1,6,1.0,1,0,0,0,zero,91
happo,shock,1,164,2,6,7.0,7,0,16,16,zero,91
happo,shock,1,165,0,6,6.0,6,0,6,6,zero,91
happo,shock,1,165,1,6,15.0,15,0,12,12,zero,91
happo,shock,1,165,2,6,15.0,15,0,0,0,zero,91
happo,shock,1,166,0,6,6.0,6,0,2,2,zero,91
happo,shock,1,166,1,6,16.0,16,0,0,0,zero,91
happo,shock,1,166,2,6,35.0,35,0,16,16,zero,91
happo,shock,1,167,0,6,6.0,6,0,6,6,zero,91
happo,shock,1,167,1,6,30.0,30,0,0,0,zero,91
happo,shock,1,167,2,6,35.0,35,0,0,0,zero,91
happo,shock,1,168,0,5,11.0,11,0,6,6,zero,91
happo,shock,1,168,1,5,37.0,37,0,0,0,zero,91
happo,shock,1,168,2,5,51.0,51,0,0,0,zero,91
happo,shock,1,169,0,5,12.0,12,0,6,6,zero,91
happo,shock,1,169,1,5,43.0,43,0,1,1,zero,91
happo,shock,1,169,2,5,50.0,50,0,0,0,zero,91
happo,shock,1,170,0,5,9.0,9,0,2,2,zero,91
happo,shock,1,170,1,5,41.0,41,0,1,1,zero,91
happo,shock,1,170,2,5,65.0,65,0,0,0,zero,91
happo,shock,1,171,0,5,10.0,10,0,6,6,zero,91
happo,shock,1,171,1,5,35.0,35,0,1,1,zero,91
happo,shock,1,171,2,5,64.0,64,0,0,0,zero,91
happo,shock,1,172,0,5,11.0,11,0,2,2,zero,91
happo,shock,1,172,1,5,33.0,33,0,1,1,zero,91
happo,shock,1,172,2,5,63.0,63,0,0,0,zero,91
happo,shock,1,173,0,5,12.0,12,0,6,6,zero,91
happo,shock,1,173,1,5,28.0,28,0,1,1,zero,91
happo,shock,1,173,2,5,62.0,62,0,0,0,zero,91
happo,shock,1,174,0,5,9.0,9,0,2,2,zero,91
happo,shock,1,174,1,5,27.0,27,0,1,1,zero,91
happo,shock,1,174,2,5,61.0,61,0,0,0,zero,91
happo,shock,1,175,0,4,11.0,11,0,9,9,zero,91
happo,shock,1,175,1,4,19.0,19,0,1,1,zero,91
happo,shock,1,175,2,4,60.0,60,0,0,0,zero,91
happo,shock,1,176,0,4,9.0,9,0,3,3,zero,91
happo,shock,1,176,1,4,17.0,17,0,15,15,zero,91
happo,shock,1,176,2,4,45.0,45,0,0,0,zero,91
happo,shock,1,177,0,5,10.0,10,0,2,2,zero,91
happo,shock,1,177,1,5,16.0,16,0,1,1,zero,91
happo,shock,1,177,2,5,44.0,44,0,0,0,zero,91
happo,shock,1,178,0,6,6.0,6,0,2,2,zero,91
happo,shock,1,178,1,6,15.0,15,0,1,1,zero,91
happo,shock,1,178,2,6,43.0,43,0,0,0,zero,91
happo,shock,1,179,0,6,9.0,9,0,9,9,zero,91
happo,shock,1,179,1,6,7.0,7,0,0,0,zero,91
happo,shock,1,179,2,6,43.0,43,0,0,0,zero,91
happo,shock,1,180,0,7,5.0,5,0,6,6,zero,91
happo,shock,1,180,1,7,16.0,16,0,1,1,zero,91
happo,shock,1,180,2,7,42.0,42,0,0,0,zero,91
happo,shock,1,181,0,7,-0.0,0,0,9,9,zero,91
happo,shock,1,181,1,7,8.0,8,0,15,15,zero,91
happo,shock,1,181,2,7,27.0,27,0,0,0,zero,91
happo,shock,1,182,0,6,4.0,0,4,6,6,zero,91
happo,shock,1,182,1,6,3.0,3,0,11,11,zero,91
happo,shock,1,182,2,6,16.0,16,0,0,0,zero,91
happo,shock,1,183,0,6,1.0,0,1,6,6,zero,91
happo,shock,1,183,1,6,3.0,0,3,1,1,zero,91
happo,shock,1,183,2,6,15.0,15,0,20,20,zero,91
happo,shock,1,184,0,6,1.0,0,1,6,6,zero,91
happo,shock,1,184,1,6,8.0,0,8,1,1,zero,91
happo,shock,1,184,2,6,14.0,14,0,3,3,zero,91
happo,shock,1,185,0,5,3.0,3,0,10,10,zero,91
happo,shock,1,185,1,5,3.0,0,3,5,5,zero,91
happo,shock,1,185,2,5,9.0,9,0,0,0,zero,91
happo,shock,1,186,0,5,4.0,4,0,6,6,zero,91
happo,shock,1,186,1,5,2.0,2,0,15,15,zero,91
happo,shock,1,186,2,5,6.0,0,6,0,0,zero,91
happo,shock,1,187,0,5,2.0,2,0,0,0,zero,91
happo,shock,1,187,1,5,3.0,3,0,15,15,zero,91
happo,shock,1,187,2,5,1.0,0,1,5,5,zero,91
happo,shock,1,188,0,6,3.0,0,3,0,0,zero,91
happo,shock,1,188,1,6,4.0,4,0,0,0,zero,91
happo,shock,1,188,2,6,2.0,2,0,20,20,zero,91
happo,shock,1,189,0,5,7.0,7,0,6,6,zero,91
happo,shock,1,189,1,5,3.0,3,0,0,0,zero,91
happo,shock,1,189,2,5,2.0,2,0,3,3,zero,91
happo,shock,1,190,0,5,11.0,11,0,6,6,zero,91
happo,shock,1,190,1,5,6.0,6,0,0,0,zero,91
happo,shock,1,190,2,5,2.0,2,0,0,0,zero,91
happo,shock,1,191,0,5,6.0,6,0,6,6,zero,91
happo,shock,1,191,1,5,20.0,20,0,1,1,zero,91
happo,shock,1,191,2,5,6.0,6,0,0,0,zero,91
happo,shock,1,192,0,5,1.0,1,0,2,2,zero,91
happo,shock,1,192,1,5,19.0,19,0,15,15,zero,91
happo,shock,1,192,2,5,11.0,11,0,0,0,zero,91
happo,shock,1,193,0,5,2.0,2,0,6,6,zero,91
happo,shock,1,193,1,5,13.0,13,0,1,1,zero,91
happo,shock,1,193,2,5,13.0,13,0,1,1,zero,91
happo,shock,1,194,0,6,2.0,2,0,6,6,zero,91
happo,shock,1,194,1,6,7.0,7,0,1,1,zero,91
happo,shock,1,194,2,6,12.0,12,0,2,2,zero,91
happo,shock,1,195,0,6,2.0,2,0,10,10,zero,91
happo,shock,1,195,1,6,2.0,0,2,1,1,zero,91
happo,shock,1,195,2,6,11.0,11,0,0,0,zero,91
happo,shock,1,196,0,6,2.0,0,2,6,6,zero,91
happo,shock,1,196,1,6,7.0,7,0,15,15,zero,91
happo,shock,1,196,2,6,4.0,0,4,0,0,zero,91
happo,shock,1,197,0,6,2.0,0,2,6,6,zero,91
happo,shock,1,197,1,6,2.0,2,0,11,11,zero,91
happo,shock,1,197,2,6,14.0,0,14,20,20,zero,91
happo,shock,1,198,0,5,1.0,0,1,6,6,zero,91
happo,shock,1,198,1,5,3.0,0,3,15,15,zero,91
happo,shock,1,198,2,5,27.0,0,27,20,20,zero,91
happo,shock,1,199,0,5,2.0,2,0,6,6,zero,91
happo,shock,1,199,1,5,8.0,0,8,15,15,zero,91
happo,shock,1,199,2,5,42.0,0,42,20,20,zero,91
happo,shock,1,200,0,7,3.0,3,0,6,6,zero,91
happo,shock,1,200,1,7,3.0,0,3,15,15,zero,91
happo,shock,1,200,2,7,57.0,0,57,20,20,zero,91
manual_screen,base,0,1,0,10,10.0,10,0,10,10,zero,
manual_screen,base,0,1,1,10,10.0,10,0,15,15,zero,
manual_screen,base,0,1,2,10,5.0,5,0,0,0,zero,
manual_screen,base,0,2,0,10,10.0,10,0,10,10,zero,
manual_screen,base,0,2,1,10,10.0,10,0,1,1,zero,
manual_screen,base,0,2,2,10,14.0,14,0,20,20,zero,
manual_screen,base,0,3,0,10,10.0,10,0,10,10,zero,
manual_screen,base,0,3,1,10,10.0,10,0,15,15,zero,
manual_screen,base,0,3,2,10,9.0,9,0,3,3,zero,
manual_screen,base,0,4,0,10,10.0,10,0,10,10,zero,
manual_screen,base,0,4,1,10,10.0,10,0,15,15,zero,
manual_screen,base,0,4,2,10,4.0,4,0,20,20,zero,
manual_screen,base,0,5,0,10,10.0,10,0,9,9,zero,
manual_screen,base,0,5,1,10,16.0,16,0,15,15,zero,
manual_screen,base,0,5,2,10,11.0,0,11,20,20,zero,
manual_screen,base,0,6,0,8,12.0,12,0,9,9,zero,
manual_screen,base,0,6,1,8,8.0,8,0,15,15,zero,
manual_screen,base,0,6,2,8,6.0,0,6,20,20,zero,
manual_screen,base,0,7,0,8,14.0,14,0,6,6,zero,
manual_screen,base,0,7,1,8,17.0,17,0,3,3,zero,
manual_screen,base,0,7,2,8,6.0,0,6,20,20,zero,
manual_screen,base,0,8,0,8,16.0,16,0,6,6,zero,
manual_screen,base,0,8,1,8,26.0,26,0,1,1,zero,
manual_screen,base,0,8,2,8,13.0,13,0,0,0,zero,
manual_screen,base,0,9,0,8,17.0,17,0,6,6,zero,
manual_screen,base,0,9,1,8,24.0,24,0,0,0,zero,
manual_screen,base,0,9,2,8,33.0,33,0,0,0,zero,
manual_screen,base,0,10,0,8,18.0,18,0,9,9,zero,
manual_screen,base,0,10,1,8,35.0,35,0,1,1,zero,
manual_screen,base,0,10,2,8,52.0,52,0,0,0,zero,
manual_screen,base,0,11,0,9,15.0,15,0,4,4,zero,
manual_screen,base,0,11,1,9,34.0,34,0,1,1,zero,
manual_screen,base,0,11,2,9,71.0,71,0,0,0,zero,
manual_screen,base,0,12,0,9,12.0,12,0,9,9,zero,
manual_screen,base,0,12,1,9,32.0,32,0,1,1,zero,
manual_screen,base,0,12,2,9,70.0,70,0,0,0,zero,
manual_screen,base,0,13,0,9,9.0,9,0,9,9,zero,
manual_screen,base,0,13,1,9,23.0,23,0,15,15,zero,
manual_screen,base,0,13,2,9,55.0,55,0,0,0,zero,
manual_screen,base,0,14,0,10,8.0,8,0,9,9,zero,
manual_screen,base,0,14,1,10,15.0,15,0,15,15,zero,
manual_screen,base,0,14,2,10,40.0,40,0,0,0,zero,
manual_screen,base,0,15,0,12,-0.0,0,0,9,9,zero,
manual_screen,base,0,15,1,12,7.0,7,0,11,11,zero,
manual_screen,base,0,15,2,12,29.0,29,0,1,1,zero,
manual_screen,base,0,16,0,13,4.0,0,4,19,19,zero,
manual_screen,base,0,16,1,13,11.0,0,11,1,1,zero,
manual_screen,base,0,16,2,13,28.0,28,0,20,20,zero,
manual_screen,base,0,17,0,14,9.0,0,9,19,19,zero,
manual_screen,base,0,17,1,14,15.0,0,15,15,15,zero,
manual_screen,base,0,17,2,14,13.0,13,0,0,0,zero,
manual_screen,base,0,18,0,15,15.0,0,15,19,19,zero,
manual_screen,base,0,18,1,15,19.0,0,19,15,15,zero,
manual_screen,base,0,18,2,15,2.0,0,2,16,16,zero,
manual_screen,base,0,19,0,13,19.0,0,19,19,19,zero,
manual_screen,base,0,19,1,13,27.0,0,27,15,15,zero,
manual_screen,base,0,19,2,13,16.0,0,16,20,20,zero,
manual_screen,base,0,20,0,14,25.0,0,25,19,19,zero,
manual_screen,base,0,20,1,14,45.0,0,45,15,15,zero,
manual_screen,base,0,20,2,14,11.0,0,11,20,20,zero,
manual_screen,base,0,21,0,13,23.0,0,23,19,19,zero,
manual_screen,base,0,21,1,13,49.0,0,49,18,18,zero,
manual_screen,base,0,21,2,13,29.0,0,29,20,20,zero,
manual_screen,base,0,22,0,14,22.0,0,22,10,10,zero,
manual_screen,base,0,22,1,14,46.0,0,46,18,18,zero,
manual_screen,base,0,22,2,14,31.0,0,31,20,20,zero,
manual_screen,base,0,23,0,14,25.0,0,25,19,19,zero,
manual_screen,base,0,23,1,14,64.0,0,64,18,18,zero,
manual_screen,base,0,23,2,14,29.0,0,29,20,20,zero,
manual_screen,base,0,24,0,14,38.0,0,38,19,19,zero,
manual_screen,base,0,24,1,14,63.0,0,63,18,18,zero,
manual_screen,base,0,24,2,14,27.0,0,27,20,20,zero,
manual_screen,base,0,25,0,15,38.0,0,38,10,10,zero,
manual_screen,base,0,25,1,15,73.0,0,73,18,18,zero,
manual_screen,base,0,25,2,15,25.0,0,25,20,20,zero,
manual_screen,base,0,26,0,15,40.0,0,40,19,19,zero,
manual_screen,base,0,26,1,15,76.0,0,76,18,18,zero,
manual_screen,base,0,26,2,15,23.0,0,23,20,20,zero,
manual_screen,base,0,27,0,17,56.0,0,56,17,17,zero,
manual_screen,base,0,27,1,17,73.0,0,73,18,18,zero,
manual_screen,base,0,27,2,17,21.0,0,21,20,20,zero,
manual_screen,base,0,28,0,17,53.0,0,53,17,17,zero,
manual_screen,base,0,28,1,17,70.0,0,70,18,18,zero,
manual_screen,base,0,28,2,17,19.0,0,19,20,20,zero,
manual_screen,base,0,29,0,16,69.0,0,69,17,17,zero,
manual_screen,base,0,29,1,16,67.0,0,67,18,18,zero,
manual_screen,base,0,29,2,16,17.0,0,17,20,20,zero,
manual_screen,base,0,30,0,16,69.0,0,69,17,17,zero,
manual_screen,base,0,30,1,16,64.0,0,64,18,18,zero,
manual_screen,base,0,30,2,16,15.0,0,15,20,20,zero,
manual_screen,base,0,31,0,17,66.0,0,66,17,17,zero,
manual_screen,base,0,31,1,17,61.0,0,61,18,18,zero,
manual_screen,base,0,31,2,17,13.0,0,13,16,16,zero,
manual_screen,base,0,32,0,16,62.0,0,62,17,17,zero,
manual_screen,base,0,32,1,16,58.0,0,58,18,18,zero,
manual_screen,base,0,32,2,16,11.0,0,11,20,20,zero,
manual_screen,base,0,33,0,16,58.0,0,58,17,17,zero,
manual_screen,base,0,33,1,16,55.0,0,55,18,18,zero,
manual_screen,base,0,33,2,16,9.0,0,9,20,20,zero,
manual_screen,base,0,34,0,14,52.0,0,52,10,10,zero,
manual_screen,base,0,34,1,14,45.0,0,45,18,18,zero,
manual_screen,base,0,34,2,14,7.0,0,7,20,20,zero,
manual_screen,base,0,35,0,14,46.0,0,46,10,10,zero,
manual_screen,base,0,35,1,14,35.0,0,35,18,18,zero,
manual_screen,base,0,35,2,14,9.0,0,9,20,20,zero,
manual_screen,base,0,36,0,14,40.0,0,40,10,10,zero,
manual_screen,base,0,36,1,14,25.0,0,25,18,18,zero,
manual_screen,base,0,36,2,14,7.0,0,7,16,16,zero,
manual_screen,base,0,37,0,13,33.0,0,33,10,10,zero,
manual_screen,base,0,37,1,13,15.0,0,15,0,0,zero,
manual_screen,base,0,37,2,13,13.0,13,0,20,20,zero,
manual_screen,base,0,38,0,11,24.0,0,24,10,10,zero,
manual_screen,base,0,38,1,11,5.0,0,5,18,18,zero,
manual_screen,base,0,38,2,11,15.0,15,0,1,1,zero,
manual_screen,base,0,39,0,10,14.0,0,14,6,6,zero,
manual_screen,base,0,39,1,10,5.0,5,0,18,18,zero,
manual_screen,base,0,39,2,10,17.0,17,0,16,16,zero,
manual_screen,base,0,40,0,10,4.0,0,4,6,6,zero,
manual_screen,base,0,40,1,10,19.0,19,0,0,0,zero,
manual_screen,base,0,40,2,10,33.0,33,0,20,20,zero,
manual_screen,base,0,41,0,10,6.0,6,0,6,6,zero,
manual_screen,base,0,41,1,10,20.0,20,0,3,3,zero,
manual_screen,base,0,41,2,10,50.0,50,0,0,0,zero,
manual_screen,base,0,42,0,11,15.0,15,0,10,10,zero,
manual_screen,base,0,42,1,11,28.0,28,0,3,3,zero,
manual_screen,base,0,42,2,11,48.0,48,0,0,0,zero,
manual_screen,base,0,43,0,10,16.0,16,0,19,19,zero,
manual_screen,base,0,43,1,10,27.0,27,0,12,12,zero,
manual_screen,base,0,43,2,10,52.0,52,0,0,0,zero,
manual_screen,base,0,44,0,10,12.0,12,0,9,9,zero,
manual_screen,base,0,44,1,10,18.0,18,0,18,18,zero,
manual_screen,base,0,44,2,10,54.0,54,0,0,0,zero,
manual_screen,base,0,45,0,11,7.0,7,0,10,10,zero,
manual_screen,base,0,45,1,11,11.0,11,0,15,15,zero,
manual_screen,base,0,45,2,11,39.0,39,0,1,1,zero,
manual_screen,base,0,46,0,11,6.0,6,0,6,6,zero,
manual_screen,base,0,46,1,11,8.0,8,0,3,3,zero,
manual_screen,base,0,46,2,11,36.0,36,0,20,20,zero,
manual_screen,base,0,47,0,9,16.0,16,0,10,10,zero,
manual_screen,base,0,47,1,9,10.0,10,0,1,1,zero,
manual_screen,base,0,47,2,9,35.0,35,0,0,0,zero,
manual_screen,base,0,48,0,10,15.0,15,0,6,6,zero,
manual_screen,base,0,48,1,10,22.0,22,0,15,15,zero,
manual_screen,base,0,48,2,10,20.0,20,0,0,0,zero,
manual_screen,base,0,49,0,11,14.0,14,0,9,9,zero,
manual_screen,base,0,49,1,11,28.0,28,0,1,1,zero,
manual_screen,base,0,49,2,11,20.0,20,0,1,1,zero,
manual_screen,base,0,50,0,12,8.0,8,0,19,19,zero,
manual_screen,base,0,50,1,12,12.0,12,0,15,15,zero,
manual_screen,base,0,50,2,12,25.0,25,0,1,1,zero,
manual_screen,base,0,51,0,11,7.0,7,0,9,9,zero,
manual_screen,base,0,51,1,11,4.0,4,0,15,15,zero,
manual_screen,base,0,51,2,11,10.0,10,0,20,20,zero,
manual_screen,base,0,52,0,10,3.0,3,0,9,9,zero,
manual_screen,base,0,52,1,10,10.0,10,0,15,15,zero,
manual_screen,base,0,52,2,10,5.0,0,5,20,20,zero,
manual_screen,base,0,53,0,9,3.0,3,0,6,6,zero,
manual_screen,base,0,53,1,9,5.0,5,0,3,3,zero,
manual_screen,base,0,53,2,9,7.0,0,7,20,20,zero,
manual_screen,base,0,54,0,8,14.0,14,0,6,6,zero,
manual_screen,base,0,54,1,8,14.0,14,0,15,15,zero,
manual_screen,base,0,54,2,8,21.0,0,21,0,0,zero,
manual_screen,base,0,55,0,7,16.0,16,0,6,6,zero,
manual_screen,base,0,55,1,7,23.0,23,0,3,3,zero,
manual_screen,base,0,55,2,7,4.0,0,4,20,20,zero,
manual_screen,base,0,56,0,6,19.0,19,0,6,6,zero,
manual_screen,base,0,56,1,6,27.0,27,0,0,0,zero,
manual_screen,base,0,56,2,6,16.0,16,0,0,0,zero,
manual_screen,base,0,57,0,6,19.0,19,0,2,2,zero,
manual_screen,base,0,57,1,6,26.0,26,0,1,1,zero,
manual_screen,base,0,57,2,6,35.0,35,0,0,0,zero,
manual_screen,base,0,58,0,5,20.0,20,0,2,2,zero,
manual_screen,base,0,58,1,5,25.0,25,0,0,0,zero,
manual_screen,base,0,58,2,5,35.0,35,0,0,0,zero,
manual_screen,base,0,59,0,5,21.0,21,0,2,2,zero,
manual_screen,base,0,59,1,5,43.0,43,0,0,0,zero,
manual_screen,base,0,59,2,5,55.0,55,0,0,0,zero,
manual_screen,base,0,60,0,5,22.0,22,0,2,2,zero,
manual_screen,base,0,60,1,5,45.0,45,0,0,0,zero,
manual_screen,base,0,60,2,5,55.0,55,0,0,0,zero,
manual_screen,base,0,61,0,4,20.0,20,0,2,2,zero,
manual_screen,base,0,61,1,4,44.0,44,0,0,0,zero,
manual_screen,base,0,61,2,4,55.0,55,0,0,0,zero,
manual_screen,base,0,62,0,5,17.0,17,0,2,2,zero,
manual_screen,base,0,62,1,5,42.0,42,0,0,0,zero,
manual_screen,base,0,62,2,5,55.0,55,0,0,0,zero,
manual_screen,base,0,63,0,4,15.0,15,0,2,2,zero,
manual_screen,base,0,63,1,4,40.0,40,0,0,0,zero,
manual_screen,base,0,63,2,4,55.0,55,0,0,0,zero,
manual_screen,base,0,64,0,4,13.0,13,0,2,2,zero,
manual_screen,base,0,64,1,4,38.0,38,0,1,1,zero,
manual_screen,base,0,64,2,4,54.0,54,0,0,0,zero,
manual_screen,base,0,65,0,4,11.0,11,0,2,2,zero,
manual_screen,base,0,65,1,4,36.0,36,0,1,1,zero,
manual_screen,base,0,65,2,4,53.0,53,0,0,0,zero,
manual_screen,base,0,66,0,4,9.0,9,0,2,2,zero,
manual_screen,base,0,66,1,4,34.0,34,0,1,1,zero,
manual_screen,base,0,66,2,4,52.0,52,0,0,0,zero,
manual_screen,base,0,67,0,3,8.0,8,0,4,4,zero,
manual_screen,base,0,67,1,3,30.0,30,0,1,1,zero,
manual_screen,base,0,67,2,3,51.0,51,0,0,0,zero,
manual_screen,base,0,68,0,3,7.0,7,0,2,2,zero,
manual_screen,base,0,68,1,3,29.0,29,0,1,1,zero,
manual_screen,base,0,68,2,3,50.0,50,0,0,0,zero,
manual_screen,base,0,69,0,3,6.0,6,0,1,1,zero,
manual_screen,base,0,69,1,3,29.0,29,0,1,1,zero,
manual_screen,base,0,69,2,3,49.0,49,0,0,0,zero,
manual_screen,base,0,70,0,3,5.0,5,0,2,2,zero,
manual_screen,base,0,70,1,3,28.0,28,0,1,1,zero,
manual_screen,base,0,70,2,3,48.0,48,0,0,0,zero,
manual_screen,base,0,71,0,3,6.0,6,0,2,2,zero,
manual_screen,base,0,71,1,3,27.0,27,0,1,1,zero,
manual_screen,base,0,71,2,3,47.0,47,0,0,0,zero,
manual_screen,base,0,72,0,3,5.0,5,0,2,2,zero,
manual_screen,base,0,72,1,3,26.0,26,0,1,1,zero,
manual_screen,base,0,72,2,3,46.0,46,0,0,0,zero,
manual_screen,base,0,73,0,3,3.0,3,0,2,2,zero,
manual_screen,base,0,73,1,3,25.0,25,0,1,1,zero,
manual_screen,base,0,73,2,3,45.0,45,0,0,0,zero,
manual_screen,base,0,74,0,3,2.0,2,0,2,2,zero,
manual_screen,base,0,74,1,3,24.0,24,0,1,1,zero,
manual_screen,base,0,74,2,3,44.0,44,0,0,0,zero,
manual_screen,base,0,75,0,3,1.0,1,0,2,2,zero,
manual_screen,base,0,75,1,3,23.0,23,0,1,1,zero,
manual_screen,base,0,75,2,3,43.0,43,0,0,0,zero,
manual_screen,base,0,76,0,3,-0.0,0,0,6,6,zero,
manual_screen,base,0,76,1,3,18.0,18,0,1,1,zero,
manual_screen,base,0,76,2,3,42.0,42,0,0,0,zero,
manual_screen,base,0,77,0,3,1.0,0,1,2,2,zero,
manual_screen,base,0,77,1,3,17.0,17,0,1,1,zero,
manual_screen,base,0,77,2,3,41.0,41,0,0,0,zero,
manual_screen,base,0,78,0,3,2.0,0,2,2,2,zero,
manual_screen,base,0,78,1,3,16.0,16,0,1,1,zero,
manual_screen,base,0,78,2,3,40.0,40,0,0,0,zero,
manual_screen,base,0,79,0,3,3.0,0,3,2,2,zero,
manual_screen,base,0,79,1,3,15.0,15,0,1,1,zero,
manual_screen,base,0,79,2,3,39.0,39,0,0,0,zero,
manual_screen,base,0,80,0,4,1.0,0,1,6,6,zero,
manual_screen,base,0,80,1,4,10.0,10,0,1,1,zero,
manual_screen,base,0,80,2,4,38.0,38,0,0,0,zero,
manual_screen,base,0,81,0,3,2.0,0,2,2,2,zero,
manual_screen,base,0,81,1,3,9.0,9,0,11,11,zero,
manual_screen,base,0,81,2,3,27.0,27,0,0,0,zero,
manual_screen,base,0,82,0,3,3.0,0,3,6,6,zero,
manual_screen,base,0,82,1,3,4.0,4,0,1,1,zero,
manual_screen,base,0,82,2,3,26.0,26,0,0,0,zero,
manual_screen,base,0,83,0,3,4.0,0,4,2,2,zero,
manual_screen,base,0,83,1,3,3.0,3,0,11,11,zero,
manual_screen,base,0,83,2,3,15.0,15,0,0,0,zero,
manual_screen,base,0,84,0,3,1.0,0,1,6,6,zero,
manual_screen,base,0,84,1,3,2.0,0,2,0,0,zero,
manual_screen,base,0,84,2,3,15.0,15,0,16,16,zero,
manual_screen,base,0,85,0,3,2.0,0,2,2,2,zero,
manual_screen,base,0,85,1,3,7.0,7,0,15,15,zero,
manual_screen,base,0,85,2,3,-0.0,0,0,0,0,zero,
manual_screen,base,0,86,0,4,-0.0,0,0,2,2,zero,
manual_screen,base,0,86,1,4,6.0,6,0,0,0,zero,
manual_screen,base,0,86,2,4,-0.0,0,0,20,20,zero,
manual_screen,base,0,87,0,3,1.0,0,1,6,6,zero,
manual_screen,base,0,87,1,3,11.0,11,0,1,1,zero,
manual_screen,base,0,87,2,3,1.0,0,1,3,3,zero,
manual_screen,base,0,88,0,3,-0.0,0,0,2,2,zero,
manual_screen,base,0,88,1,3,9.0,9,0,1,1,zero,
manual_screen,base,0,88,2,3,14.0,14,0,0,0,zero,
manual_screen,base,0,89,0,3,1.0,1,0,2,2,zero,
manual_screen,base,0,89,1,3,22.0,22,0,1,1,zero,
manual_screen,base,0,89,2,3,13.0,13,0,0,0,zero,
manual_screen,base,0,90,0,3,-0.0,0,0,2,2,zero,
manual_screen,base,0,90,1,3,20.0,20,0,0,0,zero,
manual_screen,base,0,90,2,3,33.0,33,0,0,0,zero,
manual_screen,base,0,91,0,3,3.0,3,0,6,6,zero,
manual_screen,base,0,91,1,3,14.0,14,0,1,1,zero,
manual_screen,base,0,91,2,3,35.0,35,0,0,0,zero,
manual_screen,base,0,92,0,3,2.0,2,0,0,0,zero,
manual_screen,base,0,92,1,3,16.0,16,0,1,1,zero,
manual_screen,base,0,92,2,3,34.0,34,0,0,0,zero,
manual_screen,base,0,93,0,4,-0.0,0,0,6,6,zero,
manual_screen,base,0,93,1,4,11.0,11,0,1,1,zero,
manual_screen,base,0,93,2,4,33.0,33,0,0,0,zero,
manual_screen,base,0,94,0,4,2.0,0,2,2,2,zero,
manual_screen,base,0,94,1,4,9.0,9,0,15,15,zero,
manual_screen,base,0,94,2,4,18.0,18,0,0,0,zero,
manual_screen,base,0,95,0,4,-0.0,0,0,6,6,zero,
manual_screen,base,0,95,1,4,4.0,4,0,1,1,zero,
manual_screen,base,0,95,2,4,17.0,17,0,1,1,zero,
manual_screen,base,0,96,0,5,5.0,0,5,2,2,zero,
manual_screen,base,0,96,1,5,3.0,3,0,15,15,zero,
manual_screen,base,0,96,2,5,2.0,2,0,0,0,zero,
manual_screen,base,0,97,0,4,3.0,0,3,10,10,zero,
manual_screen,base,0,97,1,4,6.0,0,6,0,0,zero,
manual_screen,base,0,97,2,4,2.0,2,0,20,20,zero,
manual_screen,base,0,98,0,4,5.0,0,5,10,10,zero,
manual_screen,base,0,98,1,4,1.0,0,1,15,15,zero,
manual_screen,base,0,98,2,4,13.0,0,13,3,3,zero,
manual_screen,base,0,99,0,3,2.0,0,2,2,2,zero,
manual_screen,base,0,99,1,3,2.0,0,2,15,15,zero,
manual_screen,base,0,99,2,3,27.0,0,27,20,20,zero,
manual_screen,base,0,100,0,4,4.0,0,4,2,2,zero,
manual_screen,base,0,100,1,4,11.0,11,0,15,15,zero,
manual_screen,base,0,100,2,4,42.0,0,42,20,20,zero,
manual_screen,base,0,101,0,3,3.0,0,3,6,6,zero,
manual_screen,base,0,101,1,3,5.0,5,0,15,15,zero,
manual_screen,base,0,101,2,3,37.0,0,37,20,20,zero,
manual_screen,base,0,102,0,4,8.0,8,0,2,2,zero,
manual_screen,base,0,102,1,4,5.0,5,0,0,0,zero,
manual_screen,base,0,102,2,4,34.0,0,34,20,20,zero,
manual_screen,base,0,103,0,4,5.0,5,0,6,6,zero,
manual_screen,base,0,103,1,4,-0.0,0,0,0,0,zero,
manual_screen,base,0,103,2,4,14.0,0,14,0,0,zero,
manual_screen,base,0,104,0,4,5.0,5,0,2,2,zero,
manual_screen,base,0,104,1,4,2.0,0,2,0,0,zero,
manual_screen,base,0,104,2,4,6.0,6,0,0,0,zero,
manual_screen,base,0,105,0,4,7.0,7,0,6,6,zero,
manual_screen,base,0,105,1,4,12.0,12,0,0,0,zero,
manual_screen,base,0,105,2,4,26.0,26,0,0,0,zero,
manual_screen,base,0,106,0,4,5.0,5,0,2,2,zero,
manual_screen,base,0,106,1,4,13.0,13,0,0,0,zero,
manual_screen,base,0,106,2,4,46.0,46,0,0,0,zero,
manual_screen,base,0,107,0,4,7.0,7,0,6,6,zero,
manual_screen,base,0,107,1,4,27.0,27,0,0,0,zero,
manual_screen,base,0,107,2,4,46.0,46,0,0,0,zero,
manual_screen,base,0,108,0,5,2.0,2,0,0,0,zero,
manual_screen,base,0,108,1,5,41.0,41,0,1,1,zero,
manual_screen,base,0,108,2,5,45.0,45,0,0,0,zero,
manual_screen,base,0,109,0,5,5.0,5,0,6,6,zero,
manual_screen,base,0,109,1,5,35.0,35,0,0,0,zero,
manual_screen,base,0,109,2,5,45.0,45,0,0,0,zero,
manual_screen,base,0,110,0,4,3.0,3,0,2,2,zero,
manual_screen,base,0,110,1,4,33.0,33,0,1,1,zero,
manual_screen,base,0,110,2,4,44.0,44,0,0,0,zero,
manual_screen,base,0,111,0,4,5.0,5,0,6,6,zero,
manual_screen,base,0,111,1,4,27.0,27,0,1,1,zero,
manual_screen,base,0,111,2,4,43.0,43,0,0,0,zero,
manual_screen,base,0,112,0,4,1.0,1,0,2,2,zero,
manual_screen,base,0,112,1,4,26.0,26,0,1,1,zero,
manual_screen,base,0,112,2,4,42.0,42,0,0,0,zero,
manual_screen,base,0,113,0,4,3.0,3,0,2,2,zero,
manual_screen,base,0,113,1,4,24.0,24,0,1,1,zero,
manual_screen,base,0,113,2,4,41.0,41,0,0,0,zero,
manual_screen,base,0,114,0,4,1.0,1,0,6,6,zero,
manual_screen,base,0,114,1,4,19.0,19,0,1,1,zero,
manual_screen,base,0,114,2,4,40.0,40,0,0,0,zero,
manual_screen,base,0,115,0,4,3.0,3,0,2,2,zero,
manual_screen,base,0,115,1,4,18.0,18,0,15,15,zero,
manual_screen,base,0,115,2,4,25.0,25,0,0,0,zero,
manual_screen,base,0,116,0,4,1.0,1,0,10,10,zero,
manual_screen,base,0,116,1,4,9.0,9,0,1,1,zero,
manual_screen,base,0,116,2,4,24.0,24,0,0,0,zero,
manual_screen,base,0,117,0,4,1.0,0,1,2,2,zero,
manual_screen,base,0,117,1,4,8.0,8,0,15,15,zero,
manual_screen,base,0,117,2,4,9.0,9,0,0,0,zero,
manual_screen,base,0,118,0,4,1.0,1,0,2,2,zero,
manual_screen,base,0,118,1,4,7.0,7,0,1,1,zero,
manual_screen,base,0,118,2,4,8.0,8,0,20,20,zero,
manual_screen,base,0,119,0,3,-0.0,0,0,2,2,zero,
manual_screen,base,0,119,1,3,20.0,20,0,0,0,zero,
manual_screen,base,0,119,2,3,8.0,8,0,3,3,zero,
manual_screen,base,0,120,0,3,7.0,7,0,6,6,zero,
manual_screen,base,0,120,1,3,15.0,15,0,0,0,zero,
manual_screen,base,0,120,2,3,8.0,8,0,0,0,zero,
manual_screen,base,0,121,0,3,6.0,6,0,0,0,zero,
manual_screen,base,0,121,1,3,30.0,30,0,1,1,zero,
manual_screen,base,0,121,2,3,7.0,7,0,0,0,zero,
manual_screen,base,0,122,0,3,5.0,5,0,6,6,zero,
manual_screen,base,0,122,1,3,25.0,25,0,0,0,zero,
manual_screen,base,0,122,2,3,27.0,27,0,0,0,zero,
manual_screen,base,0,123,0,3,4.0,4,0,2,2,zero,
manual_screen,base,0,123,1,3,23.0,23,0,1,1,zero,
manual_screen,base,0,123,2,3,29.0,29,0,0,0,zero,
manual_screen,base,0,124,0,3,7.0,7,0,0,0,zero,
manual_screen,base,0,124,1,3,23.0,23,0,1,1,zero,
manual_screen,base,0,124,2,3,28.0,28,0,0,0,zero,
manual_screen,base,0,125,0,4,3.0,3,0,0,0,zero,
manual_screen,base,0,125,1,4,24.0,24,0,1,1,zero,
manual_screen,base,0,125,2,4,27.0,27,0,0,0,zero,
manual_screen,base,0,126,0,3,6.0,6,0,6,6,zero,
manual_screen,base,0,126,1,3,18.0,18,0,0,0,zero,
manual_screen,base,0,126,2,3,27.0,27,0,0,0,zero,
manual_screen,base,0,127,0,3,5.0,5,0,2,2,zero,
manual_screen,base,0,127,1,3,17.0,17,0,1,1,zero,
manual_screen,base,0,127,2,3,26.0,26,0,0,0,zero,
manual_screen,base,0,128,0,3,2.0,2,0,6,6,zero,
manual_screen,base,0,128,1,3,12.0,12,0,1,1,zero,
manual_screen,base,0,128,2,3,25.0,25,0,0,0,zero,
manual_screen,base,0,129,0,3,1.0,0,1,2,2,zero,
manual_screen,base,0,129,1,3,11.0,11,0,15,15,zero,
manual_screen,base,0,129,2,3,10.0,10,0,0,0,zero,
manual_screen,base,0,130,0,3,2.0,2,0,0,0,zero,
manual_screen,base,0,130,1,3,11.0,11,0,1,1,zero,
manual_screen,base,0,130,2,3,9.0,9,0,1,1,zero,
manual_screen,base,0,131,0,3,1.0,1,0,2,2,zero,
manual_screen,base,0,131,1,3,10.0,10,0,0,0,zero,
manual_screen,base,0,131,2,3,9.0,9,0,20,20,zero,
manual_screen,base,0,132,0,3,4.0,4,0,6,6,zero,
manual_screen,base,0,132,1,3,5.0,5,0,0,0,zero,
manual_screen,base,0,132,2,3,9.0,9,0,0,0,zero,
manual_screen,base,0,133,0,3,3.0,3,0,2,2,zero,
manual_screen,base,0,133,1,3,18.0,18,0,1,1,zero,
manual_screen,base,0,133,2,3,8.0,8,0,0,0,zero,
manual_screen,base,0,134,0,3,-0.0,0,0,6,6,zero,
manual_screen,base,0,134,1,3,13.0,13,0,1,1,zero,
manual_screen,base,0,134,2,3,8.0,8,0,0,0,zero,
manual_screen,base,0,135,0,2,-0.0,0,0,0,0,zero,
manual_screen,base,0,135,1,2,13.0,13,0,15,15,zero,
manual_screen,base,0,135,2,2,13.0,13,0,0,0,zero,
manual_screen,base,0,136,0,2,4.0,4,0,0,0,zero,
manual_screen,base,0,136,1,2,13.0,13,0,0,0,zero,
manual_screen,base,0,136,2,2,13.0,13,0,1,1,zero,
manual_screen,base,0,137,0,3,3.0,3,0,0,0,zero,
manual_screen,base,0,137,1,3,14.0,14,0,0,0,zero,
manual_screen,base,0,137,2,3,13.0,13,0,0,0,zero,
manual_screen,base,0,138,0,3,6.0,6,0,6,6,zero,
manual_screen,base,0,138,1,3,9.0,9,0,0,0,zero,
manual_screen,base,0,138,2,3,13.0,13,0,0,0,zero,
manual_screen,base,0,139,0,3,3.0,3,0,2,2,zero,
manual_screen,base,0,139,1,3,22.0,22,0,0,0,zero,
manual_screen,base,0,139,2,3,13.0,13,0,0,0,zero,
manual_screen,base,0,140,0,4,1.0,0,1,6,6,zero,
manual_screen,base,0,140,1,4,16.0,16,0,0,0,zero,
manual_screen,base,0,140,2,4,14.0,14,0,0,0,zero,
manual_screen,base,0,141,0,4,5.0,0,5,2,2,zero,
manual_screen,base,0,141,1,4,14.0,14,0,1,1,zero,
manual_screen,base,0,141,2,4,13.0,13,0,0,0,zero,
manual_screen,base,0,142,0,3,2.0,0,2,10,10,zero,
manual_screen,base,0,142,1,3,4.0,4,0,1,1,zero,
manual_screen,base,0,142,2,3,12.0,12,0,0,0,zero,
manual_screen,base,0,143,0,4,4.0,0,4,2,2,zero,
manual_screen,base,0,143,1,4,2.0,2,0,15,15,zero,
manual_screen,base,0,143,2,4,3.0,0,3,0,0,zero,
manual_screen,base,0,144,0,4,2.0,0,2,6,6,zero,
manual_screen,base,0,144,1,4,4.0,0,4,1,1,zero,
manual_screen,base,0,144,2,4,4.0,0,4,20,20,zero,
manual_screen,base,0,145,0,4,4.0,0,4,6,6,zero,
manual_screen,base,0,145,1,4,9.0,0,9,15,15,zero,
manual_screen,base,0,145,2,4,19.0,0,19,20,20,zero,
manual_screen,base,0,146,0,4,2.0,2,0,6,6,zero,
manual_screen,base,0,146,1,4,14.0,0,14,15,15,zero,
manual_screen,base,0,146,2,4,34.0,0,34,20,20,zero,
manual_screen,base,0,147,0,3,1.0,1,0,19,19,zero,
manual_screen,base,0,147,1,3,21.0,0,21,15,15,zero,
manual_screen,base,0,147,2,3,49.0,0,49,20,20,zero,
manual_screen,base,0,148,0,3,-0.0,0,0,10,10,zero,
manual_screen,base,0,148,1,3,31.0,0,31,15,15,zero,
manual_screen,base,0,148,2,3,44.0,0,44,20,20,zero,
manual_screen,base,0,149,0,3,2.0,0,2,6,6,zero,
manual_screen,base,0,149,1,3,37.0,0,37,15,15,zero,
manual_screen,base,0,149,2,3,39.0,0,39,20,20,zero,
manual_screen,base,0,150,0,3,4.0,0,4,6,6,zero,
manual_screen,base,0,150,1,3,43.0,0,43,3,3,zero,
manual_screen,base,0,150,2,3,22.0,0,22,20,20,zero,
manual_screen,base,0,151,0,2,6.0,6,0,6,6,zero,
manual_screen,base,0,151,1,2,49.0,0,49,0,0,zero,
manual_screen,base,0,151,2,2,2.0,0,2,0,0,zero,
manual_screen,base,0,152,0,2,4.0,4,0,6,6,zero,
manual_screen,base,0,152,1,2,35.0,0,35,0,0,zero,
manual_screen,base,0,152,2,2,18.0,18,0,0,0,zero,
manual_screen,base,0,153,0,2,2.0,2,0,2,2,zero,
manual_screen,base,0,153,1,2,17.0,0,17,0,0,zero,
manual_screen,base,0,153,2,2,38.0,38,0,0,0,zero,
manual_screen,base,0,154,0,3,1.0,0,1,0,0,zero,
manual_screen,base,0,154,1,3,3.0,3,0,0,0,zero,
manual_screen,base,0,154,2,3,58.0,58,0,0,0,zero,
manual_screen,base,0,155,0,3,4.0,0,4,0,0,zero,
manual_screen,base,0,155,1,3,23.0,23,0,0,0,zero,
manual_screen,base,0,155,2,3,58.0,58,0,0,0,zero,
manual_screen,base,0,156,0,3,13.0,13,0,0,0,zero,
manual_screen,base,0,156,1,3,25.0,25,0,0,0,zero,
manual_screen,base,0,156,2,3,58.0,58,0,0,0,zero,
manual_screen,base,0,157,0,4,29.0,29,0,0,0,zero,
manual_screen,base,0,157,1,4,25.0,25,0,0,0,zero,
manual_screen,base,0,157,2,4,58.0,58,0,0,0,zero,
manual_screen,base,0,158,0,3,43.0,43,0,0,0,zero,
manual_screen,base,0,158,1,3,25.0,25,0,0,0,zero,
manual_screen,base,0,158,2,3,58.0,58,0,0,0,zero,
manual_screen,base,0,159,0,3,40.0,40,0,0,0,zero,
manual_screen,base,0,159,1,3,25.0,25,0,0,0,zero,
manual_screen,base,0,159,2,3,58.0,58,0,0,0,zero,
manual_screen,base,0,160,0,3,37.0,37,0,0,0,zero,
manual_screen,base,0,160,1,3,25.0,25,0,0,0,zero,
manual_screen,base,0,160,2,3,58.0,58,0,0,0,zero,
manual_screen,base,0,161,0,3,34.0,34,0,0,0,zero,
manual_screen,base,0,161,1,3,25.0,25,0,0,0,zero,
manual_screen,base,0,161,2,3,58.0,58,0,0,0,zero,
manual_screen,base,0,162,0,3,31.0,31,0,0,0,zero,
manual_screen,base,0,162,1,3,25.0,25,0,0,0,zero,
manual_screen,base,0,162,2,3,58.0,58,0,0,0,zero,
manual_screen,base,0,163,0,3,28.0,28,0,0,0,zero,
manual_screen,base,0,163,1,3,25.0,25,0,0,0,zero,
manual_screen,base,0,163,2,3,58.0,58,0,0,0,zero,
manual_screen,base,0,164,0,4,24.0,24,0,0,0,zero,
manual_screen,base,0,164,1,4,25.0,25,0,0,0,zero,
manual_screen,base,0,164,2,4,58.0,58,0,0,0,zero,
manual_screen,base,0,165,0,3,21.0,21,0,0,0,zero,
manual_screen,base,0,165,1,3,25.0,25,0,0,0,zero,
manual_screen,base,0,165,2,3,58.0,58,0,0,0,zero,
manual_screen,base,0,166,0,3,18.0,18,0,0,0,zero,
manual_screen,base,0,166,1,3,25.0,25,0,0,0,zero,
manual_screen,base,0,166,2,3,58.0,58,0,0,0,zero,
manual_screen,base,0,167,0,4,14.0,14,0,2,2,zero,
manual_screen,base,0,167,1,4,23.0,23,0,0,0,zero,
manual_screen,base,0,167,2,4,58.0,58,0,0,0,zero,
manual_screen,base,0,168,0,3,11.0,11,0,2,2,zero,
manual_screen,base,0,168,1,3,21.0,21,0,0,0,zero,
manual_screen,base,0,168,2,3,58.0,58,0,0,0,zero,
manual_screen,base,0,169,0,3,8.0,8,0,2,2,zero,
manual_screen,base,0,169,1,3,19.0,19,0,1,1,zero,
manual_screen,base,0,169,2,3,57.0,57,0,0,0,zero,
manual_screen,base,0,170,0,3,5.0,5,0,2,2,zero,
manual_screen,base,0,170,1,3,17.0,17,0,1,1,zero,
manual_screen,base,0,170,2,3,56.0,56,0,0,0,zero,
manual_screen,base,0,171,0,3,4.0,4,0,2,2,zero,
manual_screen,base,0,171,1,3,15.0,15,0,1,1,zero,
manual_screen,base,0,171,2,3,55.0,55,0,0,0,zero,
manual_screen,base,0,172,0,3,3.0,3,0,2,2,zero,
manual_screen,base,0,172,1,3,13.0,13,0,1,1,zero,
manual_screen,base,0,172,2,3,54.0,54,0,0,0,zero,
manual_screen,base,0,173,0,4,1.0,1,0,2,2,zero,
manual_screen,base,0,173,1,4,12.0,12,0,1,1,zero,
manual_screen,base,0,173,2,4,53.0,53,0,0,0,zero,
manual_screen,base,0,174,0,5,2.0,0,2,9,9,zero,
manual_screen,base,0,174,1,5,4.0,4,0,1,1,zero,
manual_screen,base,0,174,2,5,52.0,52,0,0,0,zero,
manual_screen,base,0,175,0,5,5.0,0,5,2,2,zero,
manual_screen,base,0,175,1,5,3.0,3,0,15,15,zero,
manual_screen,base,0,175,2,5,37.0,37,0,0,0,zero,
manual_screen,base,0,176,0,5,8.0,0,8,10,10,zero,
manual_screen,base,0,176,1,5,6.0,0,6,1,1,zero,
manual_screen,base,0,176,2,5,36.0,36,0,0,0,zero,
manual_screen,base,0,177,0,6,12.0,0,12,10,10,zero,
manual_screen,base,0,177,1,6,15.0,0,15,15,15,zero,
manual_screen,base,0,177,2,6,21.0,21,0,0,0,zero,
manual_screen,base,0,178,0,6,9.0,0,9,10,10,zero,
manual_screen,base,0,178,1,6,24.0,0,24,15,15,zero,
manual_screen,base,0,178,2,6,6.0,6,0,16,16,zero,
manual_screen,base,0,179,0,5,12.0,0,12,19,19,zero,
manual_screen,base,0,179,1,5,28.0,0,28,15,15,zero,
manual_screen,base,0,179,2,5,9.0,0,9,20,20,zero,
manual_screen,base,0,180,0,6,14.0,0,14,10,10,zero,
manual_screen,base,0,180,1,6,37.0,0,37,18,18,zero,
manual_screen,base,0,180,2,6,27.0,0,27,20,20,zero,
manual_screen,base,0,181,0,6,19.0,0,19,19,19,zero,
manual_screen,base,0,181,1,6,41.0,0,41,18,18,zero,
manual_screen,base,0,181,2,6,45.0,0,45,20,20,zero,
manual_screen,base,0,182,0,6,24.0,0,24,10,10,zero,
manual_screen,base,0,182,1,6,36.0,0,36,18,18,zero,
manual_screen,base,0,182,2,6,47.0,0,47,20,20,zero,
manual_screen,base,0,183,0,7,16.0,0,16,6,6,zero,
manual_screen,base,0,183,1,7,36.0,0,36,18,18,zero,
manual_screen,base,0,183,2,7,45.0,0,45,20,20,zero,
manual_screen,base,0,184,0,7,22.0,0,22,10,10,zero,
manual_screen,base,0,184,1,7,46.0,0,46,18,18,zero,
manual_screen,base,0,184,2,7,43.0,0,43,20,20,zero,
manual_screen,base,0,185,0,6,13.0,0,13,10,10,zero,
manual_screen,base,0,185,1,6,56.0,0,56,18,18,zero,
manual_screen,base,0,185,2,6,41.0,0,41,20,20,zero,
manual_screen,base,0,186,0,7,5.0,0,5,10,10,zero,
manual_screen,base,0,186,1,7,50.0,0,50,0,0,zero,
manual_screen,base,0,186,2,7,21.0,0,21,20,20,zero,
manual_screen,base,0,187,0,6,5.0,0,5,6,6,zero,
manual_screen,base,0,187,1,6,36.0,0,36,0,0,zero,
manual_screen,base,0,187,2,6,1.0,0,1,0,0,zero,
manual_screen,base,0,188,0,6,11.0,0,11,0,0,zero,
manual_screen,base,0,188,1,6,16.0,0,16,0,0,zero,
manual_screen,base,0,188,2,6,19.0,19,0,0,0,zero,
manual_screen,base,0,189,0,6,17.0,0,17,0,0,zero,
manual_screen,base,0,189,1,6,4.0,4,0,0,0,zero,
manual_screen,base,0,189,2,6,39.0,39,0,0,0,zero,
manual_screen,base,0,190,0,5,6.0,0,6,0,0,zero,
manual_screen,base,0,190,1,5,24.0,24,0,0,0,zero,
manual_screen,base,0,190,2,5,59.0,59,0,0,0,zero,
manual_screen,base,0,191,0,5,9.0,9,0,6,6,zero,
manual_screen,base,0,191,1,5,38.0,38,0,0,0,zero,
manual_screen,base,0,191,2,5,59.0,59,0,0,0,zero,
manual_screen,base,0,192,0,5,24.0,24,0,6,6,zero,
manual_screen,base,0,192,1,5,33.0,33,0,0,0,zero,
manual_screen,base,0,192,2,5,59.0,59,0,0,0,zero,
manual_screen,base,0,193,0,5,35.0,35,0,0,0,zero,
manual_screen,base,0,193,1,5,33.0,33,0,12,12,zero,
manual_screen,base,0,193,2,5,47.0,47,0,0,0,zero,
manual_screen,base,0,194,0,4,31.0,31,0,0,0,zero,
manual_screen,base,0,194,1,4,33.0,33,0,1,1,zero,
manual_screen,base,0,194,2,4,46.0,46,0,0,0,zero,
manual_screen,base,0,195,0,4,33.0,33,0,0,0,zero,
manual_screen,base,0,195,1,4,33.0,33,0,0,0,zero,
manual_screen,base,0,195,2,4,46.0,46,0,0,0,zero,
manual_screen,base,0,196,0,4,35.0,35,0,0,0,zero,
manual_screen,base,0,196,1,4,33.0,33,0,0,0,zero,
manual_screen,base,0,196,2,4,46.0,46,0,0,0,zero,
manual_screen,base,0,197,0,4,31.0,31,0,0,0,zero,
manual_screen,base,0,197,1,4,45.0,45,0,0,0,zero,
manual_screen,base,0,197,2,4,46.0,46,0,0,0,zero,
manual_screen,base,0,198,0,4,27.0,27,0,0,0,zero,
manual_screen,base,0,198,1,4,46.0,46,0,0,0,zero,
manual_screen,base,0,198,2,4,46.0,46,0,0,0,zero,
manual_screen,base,0,199,0,4,23.0,23,0,0,0,zero,
manual_screen,base,0,199,1,4,46.0,46,0,0,0,zero,
manual_screen,base,0,199,2,4,46.0,46,0,0,0,zero,
manual_screen,base,0,200,0,5,18.0,18,0,2,2,zero,
manual_screen,base,0,200,1,5,44.0,44,0,0,0,zero,
manual_screen,base,0,200,2,5,46.0,46,0,0,0,zero,
manual_screen,base,1,1,0,10,10.0,10,0,10,10,zero,
manual_screen,base,1,1,1,10,10.0,10,0,15,15,zero,
manual_screen,base,1,1,2,10,5.0,5,0,0,0,zero,
manual_screen,base,1,2,0,11,9.0,9,0,10,10,zero,
manual_screen,base,1,2,1,11,10.0,10,0,1,1,zero,
manual_screen,base,1,2,2,11,14.0,14,0,20,20,zero,
manual_screen,base,1,3,0,9,10.0,10,0,19,19,zero,
manual_screen,base,1,3,1,9,1.0,1,0,15,15,zero,
manual_screen,base,1,3,2,9,9.0,9,0,3,3,zero,
manual_screen,base,1,4,0,10,10.0,10,0,6,6,zero,
manual_screen,base,1,4,1,10,5.0,5,0,15,15,zero,
manual_screen,base,1,4,2,10,4.0,4,0,20,20,zero,
manual_screen,base,1,5,0,11,9.0,9,0,6,6,zero,
manual_screen,base,1,5,1,11,14.0,14,0,15,15,zero,
manual_screen,base,1,5,2,11,11.0,0,11,20,20,zero,
manual_screen,base,1,6,0,10,9.0,9,0,6,6,zero,
manual_screen,base,1,6,1,10,9.0,9,0,3,3,zero,
manual_screen,base,1,6,2,10,6.0,6,0,20,20,zero,
manual_screen,base,1,7,0,9,19.0,19,0,10,10,zero,
manual_screen,base,1,7,1,9,14.0,14,0,0,0,zero,
manual_screen,base,1,7,2,9,9.0,9,0,0,0,zero,
manual_screen,base,1,8,0,10,15.0,15,0,6,6,zero,
manual_screen,base,1,8,1,10,23.0,23,0,1,1,zero,
manual_screen,base,1,8,2,10,28.0,28,0,0,0,zero,
manual_screen,base,1,9,0,11,10.0,10,0,9,9,zero,
manual_screen,base,1,9,1,11,18.0,18,0,1,1,zero,
manual_screen,base,1,9,2,11,47.0,47,0,0,0,zero,
manual_screen,base,1,10,0,11,5.0,5,0,19,19,zero,
manual_screen,base,1,10,1,11,13.0,13,0,15,15,zero,
manual_screen,base,1,10,2,11,52.0,52,0,0,0,zero,
manual_screen,base,1,11,0,10,5.0,5,0,9,9,zero,
manual_screen,base,1,11,1,10,4.0,4,0,15,15,zero,
manual_screen,base,1,11,2,10,37.0,37,0,0,0,zero,
manual_screen,base,1,12,0,10,1.0,1,0,9,9,zero,
manual_screen,base,1,12,1,10,4.0,0,4,15,15,zero,
manual_screen,base,1,12,2,10,22.0,22,0,20,20,zero,
manual_screen,base,1,13,0,10,-0.0,0,0,6,6,zero,
manual_screen,base,1,13,1,10,9.0,0,9,3,3,zero,
manual_screen,base,1,13,2,10,19.0,19,0,20,20,zero,
manual_screen,base,1,14,0,10,9.0,9,0,10,10,zero,
manual_screen,base,1,14,1,10,4.0,0,4,3,3,zero,
manual_screen,base,1,14,2,10,16.0,16,0,0,0,zero,
manual_screen,base,1,15,0,10,8.0,8,0,6,6,zero,
manual_screen,base,1,15,1,10,5.0,5,0,18,18,zero,
manual_screen,base,1,15,2,10,2.0,0,2,0,0,zero,
manual_screen,base,1,16,0,9,4.0,4,0,10,10,zero,
manual_screen,base,1,16,1,9,10.0,10,0,15,15,zero,
manual_screen,base,1,16,2,9,3.0,3,0,0,0,zero,
manual_screen,base,1,17,0,10,5.0,0,5,6,6,zero,
manual_screen,base,1,17,1,10,7.0,7,0,3,3,zero,
manual_screen,base,1,17,2,10,20.0,20,0,20,20,zero,
manual_screen,base,1,18,0,10,-0.0,0,0,10,10,zero,
manual_screen,base,1,18,1,10,-0.0,0,0,3,3,zero,
manual_screen,base,1,18,2,10,17.0,17,0,5,5,zero,
manual_screen,base,1,19,0,10,-0.0,0,0,10,10,zero,
manual_screen,base,1,19,1,10,6.0,6,0,15,15,zero,
manual_screen,base,1,19,2,10,2.0,2,0,0,0,zero,
manual_screen,base,1,20,0,11,1.0,0,1,19,19,zero,
manual_screen,base,1,20,1,11,4.0,4,0,15,15,zero,
manual_screen,base,1,20,2,11,13.0,0,13,0,0,zero,
manual_screen,base,1,21,0,12,7.0,0,7,9,9,zero,
manual_screen,base,1,21,1,12,2.0,0,2,18,18,zero,
manual_screen,base,1,21,2,12,11.0,0,11,20,20,zero,
manual_screen,base,1,22,0,13,10.0,0,10,19,19,zero,
manual_screen,base,1,22,1,13,18.0,0,18,15,15,zero,
manual_screen,base,1,22,2,13,21.0,0,21,20,20,zero,
manual_screen,base,1,23,0,13,13.0,0,13,10,10,zero,
manual_screen,base,1,23,1,13,13.0,0,13,18,18,zero,
manual_screen,base,1,23,2,13,39.0,0,39,20,20,zero,
manual_screen,base,1,24,0,15,9.0,0,9,10,10,zero,
manual_screen,base,1,24,1,15,21.0,0,21,18,18,zero,
manual_screen,base,1,24,2,15,57.0,0,57,20,20,zero,
manual_screen,base,1,25,0,14,16.0,0,16,19,19,zero,
manual_screen,base,1,25,1,14,20.0,0,20,15,15,zero,
manual_screen,base,1,25,2,14,52.0,0,52,20,20,zero,
manual_screen,base,1,26,0,13,26.0,0,26,10,10,zero,
manual_screen,base,1,26,1,13,25.0,0,25,18,18,zero,
manual_screen,base,1,26,2,13,50.0,0,50,20,20,zero,
manual_screen,base,1,27,0,13,24.0,0,24,19,19,zero,
manual_screen,base,1,27,1,13,44.0,0,44,18,18,zero,
manual_screen,base,1,27,2,13,48.0,0,48,20,20,zero,
manual_screen,base,1,28,0,13,35.0,0,35,19,19,zero,
manual_screen,base,1,28,1,13,63.0,0,63,18,18,zero,
manual_screen,base,1,28,2,13,46.0,0,46,20,20,zero,
manual_screen,base,1,29,0,13,28.0,0,28,19,19,zero,
manual_screen,base,1,29,1,13,62.0,0,62,18,18,zero,
manual_screen,base,1,29,2,13,44.0,0,44,20,20,zero,
manual_screen,base,1,30,0,14,37.0,0,37,10,10,zero,
manual_screen,base,1,30,1,14,52.0,0,52,18,18,zero,
manual_screen,base,1,30,2,14,42.0,0,42,20,20,zero,
manual_screen,base,1,31,0,15,52.0,0,52,17,17,zero,
manual_screen,base,1,31,1,15,49.0,0,49,18,18,zero,
manual_screen,base,1,31,2,15,40.0,0,40,20,20,zero,
manual_screen,base,1,32,0,14,66.0,0,66,17,17,zero,
manual_screen,base,1,32,1,14,46.0,0,46,18,18,zero,
manual_screen,base,1,32,2,14,38.0,0,38,20,20,zero,
manual_screen,base,1,33,0,14,60.0,0,60,17,17,zero,
manual_screen,base,1,33,1,14,43.0,0,43,18,18,zero,
manual_screen,base,1,33,2,14,36.0,0,36,20,20,zero,
manual_screen,base,1,34,0,15,55.0,0,55,10,10,zero,
manual_screen,base,1,34,1,15,33.0,0,33,18,18,zero,
manual_screen,base,1,34,2,15,34.0,0,34,20,20,zero,
manual_screen,base,1,35,0,16,51.0,0,51,10,10,zero,
manual_screen,base,1,35,1,16,23.0,0,23,0,0,zero,
manual_screen,base,1,35,2,16,14.0,0,14,20,20,zero,
manual_screen,base,1,36,0,15,46.0,0,46,10,10,zero,
manual_screen,base,1,36,1,15,13.0,0,13,0,0,zero,
manual_screen,base,1,36,2,15,6.0,6,0,0,0,zero,
manual_screen,base,1,37,0,15,41.0,0,41,10,10,zero,
manual_screen,base,1,37,1,15,3.0,0,3,18,18,zero,
manual_screen,base,1,37,2,15,8.0,8,0,0,0,zero,
manual_screen,base,1,38,0,14,35.0,0,35,10,10,zero,
manual_screen,base,1,38,1,14,7.0,7,0,18,18,zero,
manual_screen,base,1,38,2,14,10.0,10,0,16,16,zero,
manual_screen,base,1,39,0,14,29.0,0,29,10,10,zero,
manual_screen,base,1,39,1,14,17.0,17,0,18,18,zero,
manual_screen,base,1,39,2,14,12.0,12,0,20,20,zero,
manual_screen,base,1,40,0,14,23.0,0,23,10,10,zero,
manual_screen,base,1,40,1,14,21.0,21,0,0,0,zero,
manual_screen,base,1,40,2,14,12.0,12,0,20,20,zero,
manual_screen,base,1,41,0,13,16.0,0,16,19,19,zero,
manual_screen,base,1,41,1,13,20.0,20,0,12,12,zero,
manual_screen,base,1,41,2,13,-0.0,0,0,3,3,zero,
manual_screen,base,1,42,0,13,16.0,0,16,10,10,zero,
manual_screen,base,1,42,1,13,28.0,28,0,18,18,zero,
manual_screen,base,1,42,2,13,2.0,0,2,0,0,zero,
manual_screen,base,1,43,0,13,19.0,0,19,19,19,zero,
manual_screen,base,1,43,1,13,27.0,27,0,15,15,zero,
manual_screen,base,1,43,2,13,3.0,3,0,20,20,zero,
manual_screen,base,1,44,0,13,22.0,0,22,10,10,zero,
manual_screen,base,1,44,1,13,17.0,17,0,18,18,zero,
manual_screen,base,1,44,2,13,5.0,5,0,20,20,zero,
manual_screen,base,1,45,0,15,18.0,0,18,19,19,zero,
manual_screen,base,1,45,1,15,10.0,10,0,3,3,zero,
manual_screen,base,1,45,2,15,5.0,5,0,20,20,zero,
manual_screen,base,1,46,0,15,23.0,0,23,19,19,zero,
manual_screen,base,1,46,1,15,7.0,7,0,15,15,zero,
manual_screen,base,1,46,2,15,10.0,0,10,0,0,zero,
manual_screen,base,1,47,0,14,18.0,0,18,19,19,zero,
manual_screen,base,1,47,1,14,5.0,5,0,15,15,zero,
manual_screen,base,1,47,2,14,5.0,0,5,0,0,zero,
manual_screen,base,1,48,0,14,22.0,0,22,19,19,zero,
manual_screen,base,1,48,1,14,4.0,4,0,15,15,zero,
manual_screen,base,1,48,2,14,-0.0,0,0,20,20,zero,
manual_screen,base,1,49,0,15,18.0,0,18,10,10,zero,
manual_screen,base,1,49,1,15,3.0,0,3,15,15,zero,
manual_screen,base,1,49,2,15,5.0,5,0,20,20,zero,
manual_screen,base,1,50,0,18,17.0,0,17,10,10,zero,
manual_screen,base,1,50,1,18,8.0,0,8,15,15,zero,
manual_screen,base,1,50,2,18,10.0,0,10,20,20,zero,
manual_screen,base,1,51,0,17,15.0,0,15,19,19,zero,
manual_screen,base,1,51,1,17,7.0,0,7,15,15,zero,
manual_screen,base,1,51,2,17,25.0,0,25,20,20,zero,
manual_screen,base,1,52,0,18,14.0,0,14,10,10,zero,
manual_screen,base,1,52,1,18,3.0,3,0,18,18,zero,
manual_screen,base,1,52,2,18,23.0,0,23,0,0,zero,
manual_screen,base,1,53,0,18,25.0,0,25,19,19,zero,
manual_screen,base,1,53,1,18,1.0,0,1,15,15,zero,
manual_screen,base,1,53,2,18,18.0,0,18,20,20,zero,
manual_screen,base,1,54,0,18,38.0,0,38,19,19,zero,
manual_screen,base,1,54,1,18,15.0,0,15,18,18,zero,
manual_screen,base,1,54,2,18,16.0,0,16,20,20,zero,
manual_screen,base,1,55,0,20,38.0,0,38,19,19,zero,
manual_screen,base,1,55,1,20,34.0,0,34,18,18,zero,
manual_screen,base,1,55,2,20,14.0,0,14,20,20,zero,
manual_screen,base,1,56,0,20,41.0,0,41,19,19,zero,
manual_screen,base,1,56,1,20,33.0,0,33,18,18,zero,
manual_screen,base,1,56,2,20,32.0,0,32,20,20,zero,
manual_screen,base,1,57,0,18,41.0,0,41,19,19,zero,
manual_screen,base,1,57,1,18,32.0,0,32,18,18,zero,
manual_screen,base,1,57,2,18,30.0,0,30,20,20,zero,
manual_screen,base,1,58,0,17,53.0,0,53,19,19,zero,
manual_screen,base,1,58,1,17,31.0,0,31,18,18,zero,
manual_screen,base,1,58,2,17,28.0,0,28,20,20,zero,
manual_screen,base,1,59,0,16,69.0,0,69,17,17,zero,
manual_screen,base,1,59,1,16,28.0,0,28,18,18,zero,
manual_screen,base,1,59,2,16,26.0,0,26,20,20,zero,
manual_screen,base,1,60,0,16,65.0,0,65,17,17,zero,
manual_screen,base,1,60,1,16,45.0,0,45,18,18,zero,
manual_screen,base,1,60,2,16,24.0,0,24,20,20,zero,
manual_screen,base,1,61,0,18,63.0,0,63,17,17,zero,
manual_screen,base,1,61,1,18,42.0,0,42,18,18,zero,
manual_screen,base,1,61,2,18,22.0,0,22,20,20,zero,
manual_screen,base,1,62,0,17,60.0,0,60,17,17,zero,
manual_screen,base,1,62,1,17,39.0,0,39,18,18,zero,
manual_screen,base,1,62,2,17,20.0,0,20,20,20,zero,
manual_screen,base,1,63,0,18,58.0,0,58,17,17,zero,
manual_screen,base,1,63,1,18,36.0,0,36,18,18,zero,
manual_screen,base,1,63,2,18,18.0,0,18,20,20,zero,
manual_screen,base,1,64,0,17,75.0,0,75,17,17,zero,
manual_screen,base,1,64,1,17,33.0,0,33,18,18,zero,
manual_screen,base,1,64,2,17,16.0,0,16,20,20,zero,
manual_screen,base,1,65,0,18,73.0,0,73,17,17,zero,
manual_screen,base,1,65,1,18,30.0,0,30,18,18,zero,
manual_screen,base,1,65,2,18,14.0,0,14,20,20,zero,
manual_screen,base,1,66,0,20,73.0,0,73,17,17,zero,
manual_screen,base,1,66,1,20,27.0,0,27,18,18,zero,
manual_screen,base,1,66,2,20,12.0,0,12,16,16,zero,
manual_screen,base,1,67,0,18,71.0,0,71,17,17,zero,
manual_screen,base,1,67,1,18,24.0,0,24,18,18,zero,
manual_screen,base,1,67,2,18,10.0,0,10,20,20,zero,
manual_screen,base,1,68,0,17,68.0,0,68,17,17,zero,
manual_screen,base,1,68,1,17,21.0,0,21,18,18,zero,
manual_screen,base,1,68,2,17,8.0,0,8,20,20,zero,
manual_screen,base,1,69,0,16,64.0,0,64,17,17,zero,
manual_screen,base,1,69,1,16,18.0,0,18,18,18,zero,
manual_screen,base,1,69,2,16,6.0,0,6,20,20,zero,
manual_screen,base,1,70,0,15,59.0,0,59,17,17,zero,
manual_screen,base,1,70,1,15,15.0,0,15,18,18,zero,
manual_screen,base,1,70,2,15,8.0,0,8,20,20,zero,
manual_screen,base,1,71,0,17,56.0,0,56,10,10,zero,
manual_screen,base,1,71,1,17,5.0,0,5,18,18,zero,
manual_screen,base,1,71,2,17,6.0,0,6,16,16,zero,
manual_screen,base,1,72,0,14,50.0,0,50,10,10,zero,
manual_screen,base,1,72,1,14,5.0,5,0,18,18,zero,
manual_screen,base,1,72,2,14,4.0,0,4,16,16,zero,
manual_screen,base,1,73,0,16,46.0,0,46,10,10,zero,
manual_screen,base,1,73,1,16,15.0,15,0,3,3,zero,
manual_screen,base,1,73,2,16,13.0,13,0,20,20,zero,
manual_screen,base,1,74,0,16,42.0,0,42,19,19,zero,
manual_screen,base,1,74,1,16,12.0,12,0,3,3,zero,
manual_screen,base,1,74,2,16,30.0,30,0,1,1,zero,
manual_screen,base,1,75,0,15,37.0,0,37,10,10,zero,
manual_screen,base,1,75,1,15,22.0,22,0,18,18,zero,
manual_screen,base,1,75,2,15,28.0,28,0,0,0,zero,
manual_screen,base,1,76,0,15,37.0,0,37,19,19,zero,
manual_screen,base,1,76,1,15,23.0,23,0,18,18,zero,
manual_screen,base,1,76,2,15,26.0,26,0,16,16,zero,
manual_screen,base,1,77,0,15,42.0,0,42,19,19,zero,
manual_screen,base,1,77,1,15,11.0,11,0,18,18,zero,
manual_screen,base,1,77,2,15,28.0,28,0,20,20,zero,
manual_screen,base,1,78,0,13,36.0,0,36,19,19,zero,
manual_screen,base,1,78,1,13,5.0,0,5,18,18,zero,
manual_screen,base,1,78,2,13,11.0,11,0,20,20,zero,
manual_screen,base,1,79,0,14,40.0,0,40,19,19,zero,
manual_screen,base,1,79,1,14,6.0,0,6,18,18,zero,
manual_screen,base,1,79,2,14,7.0,0,7,20,20,zero,
manual_screen,base,1,80,0,15,36.0,0,36,10,10,zero,
manual_screen,base,1,80,1,15,2.0,2,0,18,18,zero,
manual_screen,base,1,80,2,15,9.0,0,9,20,20,zero,
manual_screen,base,1,81,0,18,35.0,0,35,10,10,zero,
manual_screen,base,1,81,1,18,10.0,10,0,18,18,zero,
manual_screen,base,1,81,2,18,7.0,0,7,16,16,zero,
manual_screen,base,1,82,0,17,38.0,0,38,19,19,zero,
manual_screen,base,1,82,1,17,9.0,9,0,3,3,zero,
manual_screen,base,1,82,2,17,10.0,10,0,16,16,zero,
manual_screen,base,1,83,0,17,37.0,0,37,19,19,zero,
manual_screen,base,1,83,1,17,1.0,1,0,18,18,zero,
manual_screen,base,1,83,2,17,12.0,12,0,0,0,zero,
manual_screen,base,1,84,0,19,40.0,0,40,19,19,zero,
manual_screen,base,1,84,1,19,2.0,0,2,18,18,zero,
manual_screen,base,1,84,2,19,14.0,14,0,16,16,zero,
manual_screen,base,1,85,0,19,49.0,0,49,19,19,zero,
manual_screen,base,1,85,1,19,1.0,0,1,18,18,zero,
manual_screen,base,1,85,2,19,12.0,12,0,20,20,zero,
manual_screen,base,1,86,0,16,46.0,0,46,19,19,zero,
manual_screen,base,1,86,1,16,10.0,0,10,18,18,zero,
manual_screen,base,1,86,2,16,10.0,10,0,20,20,zero,
manual_screen,base,1,87,0,16,43.0,0,43,19,19,zero,
manual_screen,base,1,87,1,16,11.0,0,11,18,18,zero,
manual_screen,base,1,87,2,16,8.0,0,8,20,20,zero,
manual_screen,base,1,88,0,17,43.0,0,43,10,10,zero,
manual_screen,base,1,88,1,17,3.0,0,3,18,18,zero,
manual_screen,base,1,88,2,17,10.0,0,10,20,20,zero,
manual_screen,base,1,89,0,18,41.0,0,41,19,19,zero,
manual_screen,base,1,89,1,18,4.0,0,4,18,18,zero,
manual_screen,base,1,89,2,18,8.0,0,8,16,16,zero,
manual_screen,base,1,90,0,19,50.0,0,50,19,19,zero,
manual_screen,base,1,90,1,19,5.0,0,5,18,18,zero,
manual_screen,base,1,90,2,19,6.0,0,6,16,16,zero,
manual_screen,base,1,91,0,19,51.0,0,51,19,19,zero,
manual_screen,base,1,91,1,19,14.0,0,14,18,18,zero,
manual_screen,base,1,91,2,19,4.0,0,4,20,20,zero,
manual_screen,base,1,92,0,19,52.0,0,52,19,19,zero,
manual_screen,base,1,92,1,19,17.0,0,17,18,18,zero,
manual_screen,base,1,92,2,19,2.0,0,2,20,20,zero,
manual_screen,base,1,93,0,16,50.0,0,50,19,19,zero,
manual_screen,base,1,93,1,16,16.0,0,16,18,18,zero,
manual_screen,base,1,93,2,16,4.0,0,4,20,20,zero,
manual_screen,base,1,94,0,17,49.0,0,49,19,19,zero,
manual_screen,base,1,94,1,17,15.0,0,15,18,18,zero,
manual_screen,base,1,94,2,17,6.0,0,6,16,16,zero,
manual_screen,base,1,95,0,17,56.0,0,56,17,17,zero,
manual_screen,base,1,95,1,17,12.0,0,12,18,18,zero,
manual_screen,base,1,95,2,17,4.0,0,4,16,16,zero,
manual_screen,base,1,96,0,15,55.0,0,55,17,17,zero,
manual_screen,base,1,96,1,15,9.0,0,9,18,18,zero,
manual_screen,base,1,96,2,15,2.0,0,2,20,20,zero,
manual_screen,base,1,97,0,14,49.0,0,49,10,10,zero,
manual_screen,base,1,97,1,14,3.0,0,3,18,18,zero,
manual_screen,base,1,97,2,14,-0.0,0,0,20,20,zero,
manual_screen,base,1,98,0,13,42.0,0,42,10,10,zero,
manual_screen,base,1,98,1,13,3.0,3,0,18,18,zero,
manual_screen,base,1,98,2,13,2.0,0,2,16,16,zero,
manual_screen,base,1,99,0,13,35.0,0,35,10,10,zero,
manual_screen,base,1,99,1,13,13.0,13,0,3,3,zero,
manual_screen,base,1,99,2,13,11.0,11,0,16,16,zero,
manual_screen,base,1,100,0,13,28.0,0,28,10,10,zero,
manual_screen,base,1,100,1,13,23.0,23,0,12,12,zero,
manual_screen,base,1,100,2,13,19.0,19,0,0,0,zero,
manual_screen,base,1,101,0,14,26.0,0,26,19,19,zero,
manual_screen,base,1,101,1,14,24.0,24,0,3,3,zero,
manual_screen,base,1,101,2,14,36.0,36,0,0,0,zero,
manual_screen,base,1,102,0,14,27.0,0,27,19,19,zero,
manual_screen,base,1,102,1,14,21.0,21,0,18,18,zero,
manual_screen,base,1,102,2,14,34.0,34,0,0,0,zero,
manual_screen,base,1,103,0,14,31.0,0,31,19,19,zero,
manual_screen,base,1,103,1,14,7.0,7,0,18,18,zero,
manual_screen,base,1,103,2,14,32.0,32,0,1,1,zero,
manual_screen,base,1,104,0,14,35.0,0,35,17,17,zero,
manual_screen,base,1,104,1,14,2.0,2,0,18,18,zero,
manual_screen,base,1,104,2,14,14.0,14,0,20,20,zero,
manual_screen,base,1,105,0,14,30.0,0,30,10,10,zero,
manual_screen,base,1,105,1,14,5.0,0,5,18,18,zero,
manual_screen,base,1,105,2,14,4.0,0,4,20,20,zero,
manual_screen,base,1,106,0,12,23.0,0,23,19,19,zero,
manual_screen,base,1,106,1,12,6.0,0,6,15,15,zero,
manual_screen,base,1,106,2,12,19.0,0,19,20,20,zero,
manual_screen,base,1,107,0,11,15.0,0,15,10,10,zero,
manual_screen,base,1,107,1,11,2.0,2,0,18,18,zero,
manual_screen,base,1,107,2,11,36.0,0,36,20,20,zero,
manual_screen,base,1,108,0,10,8.0,0,8,10,10,zero,
manual_screen,base,1,108,1,10,10.0,10,0,15,15,zero,
manual_screen,base,1,108,2,10,31.0,0,31,20,20,zero,
manual_screen,base,1,109,0,10,13.0,0,13,10,10,zero,
manual_screen,base,1,109,1,10,14.0,14,0,15,15,zero,
manual_screen,base,1,109,2,10,26.0,0,26,20,20,zero,
manual_screen,base,1,110,0,10,5.0,0,5,10,10,zero,
manual_screen,base,1,110,1,10,4.0,4,0,15,15,zero,
manual_screen,base,1,110,2,10,21.0,0,21,16,16,zero,
manual_screen,base,1,111,0,11,-0.0,0,0,10,10,zero,
manual_screen,base,1,111,1,11,5.0,0,5,3,3,zero,
manual_screen,base,1,111,2,11,4.0,0,4,16,16,zero,
manual_screen,base,1,112,0,10,-0.0,0,0,19,19,zero,
manual_screen,base,1,112,1,10,4.0,0,4,0,0,zero,
manual_screen,base,1,112,2,10,16.0,16,0,16,16,zero,
manual_screen,base,1,113,0,9,1.0,1,0,10,10,zero,
manual_screen,base,1,113,1,9,6.0,6,0,18,18,zero,
manual_screen,base,1,113,2,9,18.0,18,0,0,0,zero,
manual_screen,base,1,114,0,9,2.0,2,0,6,6,zero,
manual_screen,base,1,114,1,9,20.0,20,0,18,18,zero,
manual_screen,base,1,114,2,9,16.0,16,0,1,1,zero,
manual_screen,base,1,115,0,9,2.0,0,2,6,6,zero,
manual_screen,base,1,115,1,9,34.0,34,0,3,3,zero,
manual_screen,base,1,115,2,9,29.0,29,0,20,20,zero,
manual_screen,base,1,116,0,9,9.0,9,0,6,6,zero,
manual_screen,base,1,116,1,9,32.0,32,0,0,0,zero,
manual_screen,base,1,116,2,9,45.0,45,0,3,3,zero,
manual_screen,base,1,117,0,9,14.0,14,0,10,10,zero,
manual_screen,base,1,117,1,9,40.0,40,0,1,1,zero,
manual_screen,base,1,117,2,9,44.0,44,0,0,0,zero,
manual_screen,base,1,118,0,11,9.0,9,0,9,9,zero,
manual_screen,base,1,118,1,11,49.0,49,0,1,1,zero,
manual_screen,base,1,118,2,11,44.0,44,0,0,0,zero,
manual_screen,base,1,119,0,11,4.0,4,0,19,19,zero,
manual_screen,base,1,119,1,11,33.0,33,0,15,15,zero,
manual_screen,base,1,119,2,11,49.0,49,0,0,0,zero,
manual_screen,base,1,120,0,11,1.0,0,1,9,9,zero,
manual_screen,base,1,120,1,11,24.0,24,0,15,15,zero,
manual_screen,base,1,120,2,11,37.0,37,0,0,0,zero,
manual_screen,base,1,121,0,12,3.0,0,3,9,9,zero,
manual_screen,base,1,121,1,12,16.0,16,0,15,15,zero,
manual_screen,base,1,121,2,12,22.0,22,0,16,16,zero,
manual_screen,base,1,122,0,12,6.0,0,6,10,10,zero,
manual_screen,base,1,122,1,12,7.0,7,0,3,3,zero,
manual_screen,base,1,122,2,12,19.0,19,0,20,20,zero,
manual_screen,base,1,123,0,12,1.0,1,0,10,10,zero,
manual_screen,base,1,123,1,12,12.0,12,0,15,15,zero,
manual_screen,base,1,123,2,12,4.0,4,0,0,0,zero,
manual_screen,base,1,124,0,11,1.0,0,1,19,19,zero,
manual_screen,base,1,124,1,11,8.0,8,0,3,3,zero,
manual_screen,base,1,124,2,11,1.0,1,0,20,20,zero,
manual_screen,base,1,125,0,11,3.0,0,3,10,10,zero,
manual_screen,base,1,125,1,11,13.0,13,0,15,15,zero,
manual_screen,base,1,125,2,11,2.0,2,0,0,0,zero,
manual_screen,base,1,126,0,11,4.0,0,4,10,10,zero,
manual_screen,base,1,126,1,11,6.0,6,0,15,15,zero,
manual_screen,base,1,126,2,11,7.0,7,0,20,20,zero,
manual_screen,base,1,127,0,13,7.0,0,7,10,10,zero,
manual_screen,base,1,127,1,13,11.0,11,0,15,15,zero,
manual_screen,base,1,127,2,13,8.0,0,8,20,20,zero,
manual_screen,base,1,128,0,10,2.0,2,0,10,10,zero,
manual_screen,base,1,128,1,10,4.0,4,0,15,15,zero,
manual_screen,base,1,128,2,10,3.0,0,3,20,20,zero,
manual_screen,base,1,129,0,9,3.0,3,0,10,10,zero,
manual_screen,base,1,129,1,9,9.0,9,0,3,3,zero,
manual_screen,base,1,129,2,9,6.0,0,6,20,20,zero,
manual_screen,base,1,130,0,9,4.0,4,0,6,6,zero,
manual_screen,base,1,130,1,9,18.0,18,0,15,15,zero,
manual_screen,base,1,130,2,9,1.0,0,1,0,0,zero,
manual_screen,base,1,131,0,8,6.0,6,0,10,10,zero,
manual_screen,base,1,131,1,8,15.0,15,0,0,0,zero,
manual_screen,base,1,131,2,8,19.0,19,0,0,0,zero,
manual_screen,base,1,132,0,9,7.0,7,0,6,6,zero,
manual_screen,base,1,132,1,9,29.0,29,0,1,1,zero,
manual_screen,base,1,132,2,9,38.0,38,0,0,0,zero,
manual_screen,base,1,133,0,8,9.0,9,0,19,19,zero,
manual_screen,base,1,133,1,8,10.0,10,0,1,1,zero,
manual_screen,base,1,133,2,8,57.0,57,0,0,0,zero,
manual_screen,base,1,134,0,7,8.0,8,0,6,6,zero,
manual_screen,base,1,134,1,7,24.0,24,0,15,15,zero,
manual_screen,base,1,134,2,7,42.0,42,0,0,0,zero,
manual_screen,base,1,135,0,6,12.0,12,0,6,6,zero,
manual_screen,base,1,135,1,6,19.0,19,0,15,15,zero,
manual_screen,base,1,135,2,6,27.0,27,0,1,1,zero,
manual_screen,base,1,136,0,7,11.0,11,0,2,2,zero,
manual_screen,base,1,136,1,7,18.0,18,0,1,1,zero,
manual_screen,base,1,136,2,7,26.0,26,0,20,20,zero,
manual_screen,base,1,137,0,7,23.0,23,0,6,6,zero,
manual_screen,base,1,137,1,7,13.0,13,0,1,1,zero,
manual_screen,base,1,137,2,7,25.0,25,0,0,0,zero,
manual_screen,base,1,138,0,7,22.0,22,0,2,2,zero,
manual_screen,base,1,138,1,7,26.0,26,0,1,1,zero,
manual_screen,base,1,138,2,7,24.0,24,0,0,0,zero,
manual_screen,base,1,139,0,7,21.0,21,0,9,9,zero,
manual_screen,base,1,139,1,7,32.0,32,0,0,0,zero,
manual_screen,base,1,139,2,7,25.0,25,0,0,0,zero,
manual_screen,base,1,140,0,7,16.0,16,0,2,2,zero,
manual_screen,base,1,140,1,7,31.0,31,0,1,1,zero,
manual_screen,base,1,140,2,7,44.0,44,0,0,0,zero,
manual_screen,base,1,141,0,7,15.0,15,0,9,9,zero,
manual_screen,base,1,141,1,7,23.0,23,0,1,1,zero,
manual_screen,base,1,141,2,7,43.0,43,0,0,0,zero,
manual_screen,base,1,142,0,7,10.0,10,0,9,9,zero,
manual_screen,base,1,142,1,7,15.0,15,0,15,15,zero,
manual_screen,base,1,142,2,7,28.0,28,0,0,0,zero,
manual_screen,base,1,143,0,7,12.0,12,0,3,3,zero,
manual_screen,base,1,143,1,7,12.0,12,0,15,15,zero,
manual_screen,base,1,143,2,7,13.0,13,0,1,1,zero,
manual_screen,base,1,144,0,7,7.0,7,0,4,4,zero,
manual_screen,base,1,144,1,7,9.0,9,0,1,1,zero,
manual_screen,base,1,144,2,7,12.0,12,0,20,20,zero,
manual_screen,base,1,145,0,7,9.0,9,0,6,6,zero,
manual_screen,base,1,145,1,7,4.0,4,0,0,0,zero,
manual_screen,base,1,145,2,7,12.0,12,0,3,3,zero,
manual_screen,base,1,146,0,7,11.0,11,0,9,9,zero,
manual_screen,base,1,146,1,7,10.0,10,0,1,1,zero,
manual_screen,base,1,146,2,7,11.0,11,0,0,0,zero,
manual_screen,base,1,147,0,7,7.0,7,0,9,9,zero,
manual_screen,base,1,147,1,7,16.0,16,0,15,15,zero,
manual_screen,base,1,147,2,7,3.0,0,3,0,0,zero,
manual_screen,base,1,148,0,8,3.0,3,0,4,4,zero,
manual_screen,base,1,148,1,8,13.0,13,0,15,15,zero,
manual_screen,base,1,148,2,8,2.0,2,0,0,0,zero,
manual_screen,base,1,149,0,8,1.0,1,0,6,6,zero,
manual_screen,base,1,149,1,8,7.0,7,0,1,1,zero,
manual_screen,base,1,149,2,8,4.0,4,0,20,20,zero,
manual_screen,base,1,150,0,7,3.0,3,0,10,10,zero,
manual_screen,base,1,150,1,7,2.0,0,2,1,1,zero,
manual_screen,base,1,150,2,7,3.0,3,0,20,20,zero,
manual_screen,base,1,151,0,7,5.0,5,0,6,6,zero,
manual_screen,base,1,151,1,7,4.0,4,0,15,15,zero,
manual_screen,base,1,151,2,7,12.0,0,12,0,0,zero,
manual_screen,base,1,152,0,8,1.0,1,0,6,6,zero,
manual_screen,base,1,152,1,8,16.0,16,0,15,15,zero,
manual_screen,base,1,152,2,8,27.0,0,27,0,0,zero,
manual_screen,base,1,153,0,8,1.0,0,1,10,10,zero,
manual_screen,base,1,153,1,8,7.0,7,0,15,15,zero,
manual_screen,base,1,153,2,8,22.0,0,22,20,20,zero,
manual_screen,base,1,154,0,7,-0.0,0,0,10,10,zero,
manual_screen,base,1,154,1,7,2.0,0,2,3,3,zero,
manual_screen,base,1,154,2,7,5.0,0,5,20,20,zero,
manual_screen,base,1,155,0,8,-0.0,0,0,6,6,zero,
manual_screen,base,1,155,1,8,5.0,0,5,3,3,zero,
manual_screen,base,1,155,2,8,8.0,0,8,0,0,zero,
manual_screen,base,1,156,0,8,2.0,0,2,6,6,zero,
manual_screen,base,1,156,1,8,11.0,0,11,3,3,zero,
manual_screen,base,1,156,2,8,11.0,0,11,0,0,zero,
manual_screen,base,1,157,0,7,1.0,1,0,10,10,zero,
manual_screen,base,1,157,1,7,1.0,0,1,5,5,zero,
manual_screen,base,1,157,2,7,4.0,4,0,0,0,zero,
manual_screen,base,1,158,0,7,2.0,2,0,6,6,zero,
manual_screen,base,1,158,1,7,13.0,13,0,15,15,zero,
manual_screen,base,1,158,2,7,9.0,9,0,0,0,zero,
manual_screen,base,1,159,0,7,2.0,0,2,6,6,zero,
manual_screen,base,1,159,1,7,7.0,7,0,3,3,zero,
manual_screen,base,1,159,2,7,6.0,6,0,20,20,zero,
manual_screen,base,1,160,0,7,9.0,0,9,6,6,zero,
manual_screen,base,1,160,1,7,1.0,1,0,1,1,zero,
manual_screen,base,1,160,2,7,5.0,5,0,20,20,zero,
manual_screen,base,1,161,0,6,5.0,5,0,6,6,zero,
manual_screen,base,1,161,1,6,11.0,11,0,12,12,zero,
manual_screen,base,1,161,2,6,7.0,0,7,0,0,zero,
manual_screen,base,1,162,0,7,5.0,5,0,6,6,zero,
manual_screen,base,1,162,1,7,20.0,20,0,12,12,zero,
manual_screen,base,1,162,2,7,19.0,0,19,0,0,zero,
manual_screen,base,1,163,0,7,4.0,4,0,10,10,zero,
manual_screen,base,1,163,1,7,13.0,13,0,15,15,zero,
manual_screen,base,1,163,2,7,14.0,0,14,20,20,zero,
manual_screen,base,1,164,0,6,4.0,4,0,6,6,zero,
manual_screen,base,1,164,1,6,8.0,8,0,3,3,zero,
manual_screen,base,1,164,2,6,3.0,3,0,20,20,zero,
manual_screen,base,1,165,0,6,4.0,4,0,6,6,zero,
manual_screen,base,1,165,1,6,7.0,7,0,1,1,zero,
manual_screen,base,1,165,2,6,2.0,2,0,0,0,zero,
manual_screen,base,1,166,0,6,4.0,4,0,2,2,zero,
manual_screen,base,1,166,1,6,5.0,5,0,1,1,zero,
manual_screen,base,1,166,2,6,1.0,1,0,0,0,zero,
manual_screen,base,1,167,0,6,8.0,8,0,6,6,zero,
manual_screen,base,1,167,1,6,19.0,19,0,1,1,zero,
manual_screen,base,1,167,2,6,20.0,20,0,0,0,zero,
manual_screen,base,1,168,0,5,9.0,9,0,6,6,zero,
manual_screen,base,1,168,1,5,30.0,30,0,1,1,zero,
manual_screen,base,1,168,2,5,39.0,39,0,0,0,zero,
manual_screen,base,1,169,0,5,10.0,10,0,6,6,zero,
manual_screen,base,1,169,1,5,25.0,25,0,12,12,zero,
manual_screen,base,1,169,2,5,27.0,27,0,0,0,zero,
manual_screen,base,1,170,0,5,7.0,7,0,2,2,zero,
manual_screen,base,1,170,1,5,24.0,24,0,1,1,zero,
manual_screen,base,1,170,2,5,26.0,26,0,1,1,zero,
manual_screen,base,1,171,0,5,8.0,8,0,6,6,zero,
manual_screen,base,1,171,1,5,19.0,19,0,1,1,zero,
manual_screen,base,1,171,2,5,25.0,25,0,0,0,zero,
manual_screen,base,1,172,0,5,9.0,9,0,2,2,zero,
manual_screen,base,1,172,1,5,18.0,18,0,1,1,zero,
manual_screen,base,1,172,2,5,24.0,24,0,0,0,zero,
manual_screen,base,1,173,0,5,10.0,10,0,9,9,zero,
manual_screen,base,1,173,1,5,21.0,21,0,1,1,zero,
manual_screen,base,1,173,2,5,23.0,23,0,0,0,zero,
manual_screen,base,1,174,0,5,7.0,7,0,2,2,zero,
manual_screen,base,1,174,1,5,20.0,20,0,15,15,zero,
manual_screen,base,1,174,2,5,9.0,9,0,0,0,zero,
manual_screen,base,1,175,0,4,9.0,9,0,9,9,zero,
manual_screen,base,1,175,1,4,12.0,12,0,1,1,zero,
manual_screen,base,1,175,2,4,8.0,8,0,1,1,zero,
manual_screen,base,1,176,0,4,7.0,7,0,2,2,zero,
manual_screen,base,1,176,1,4,11.0,11,0,15,15,zero,
manual_screen,base,1,176,2,4,7.0,0,7,20,20,zero,
manual_screen,base,1,177,0,5,11.0,11,0,2,2,zero,
manual_screen,base,1,177,1,5,10.0,10,0,1,1,zero,
manual_screen,base,1,177,2,5,8.0,0,8,20,20,zero,
manual_screen,base,1,178,0,6,7.0,7,0,2,2,zero,
manual_screen,base,1,178,1,6,23.0,23,0,0,0,zero,
manual_screen,base,1,178,2,6,8.0,0,8,0,0,zero,
manual_screen,base,1,179,0,6,10.0,10,0,9,9,zero,
manual_screen,base,1,179,1,6,15.0,15,0,0,0,zero,
manual_screen,base,1,179,2,6,7.0,0,7,0,0,zero,
manual_screen,base,1,180,0,7,5.0,5,0,6,6,zero,
manual_screen,base,1,180,1,7,17.0,17,0,1,1,zero,
manual_screen,base,1,180,2,7,12.0,12,0,0,0,zero,
manual_screen,base,1,181,0,7,-0.0,0,0,9,9,zero,
manual_screen,base,1,181,1,7,8.0,8,0,15,15,zero,
manual_screen,base,1,181,2,7,17.0,17,0,0,0,zero,
manual_screen,base,1,182,0,6,4.0,0,4,9,9,zero,
manual_screen,base,1,182,1,6,1.0,0,1,1,1,zero,
manual_screen,base,1,182,2,6,16.0,16,0,1,1,zero,
manual_screen,base,1,183,0,6,1.0,0,1,6,6,zero,
manual_screen,base,1,183,1,6,6.0,0,6,15,15,zero,
manual_screen,base,1,183,2,6,1.0,1,0,1,1,zero,
manual_screen,base,1,184,0,6,1.0,0,1,6,6,zero,
manual_screen,base,1,184,1,6,4.0,0,4,3,3,zero,
manual_screen,base,1,184,2,6,2.0,0,2,20,20,zero,
manual_screen,base,1,185,0,5,3.0,3,0,6,6,zero,
manual_screen,base,1,185,1,5,5.0,5,0,15,15,zero,
manual_screen,base,1,185,2,5,17.0,0,17,20,20,zero,
manual_screen,base,1,186,0,5,6.0,6,0,2,2,zero,
manual_screen,base,1,186,1,5,4.0,4,0,15,15,zero,
manual_screen,base,1,186,2,5,31.0,0,31,20,20,zero,
manual_screen,base,1,187,0,5,2.0,2,0,6,6,zero,
manual_screen,base,1,187,1,5,13.0,13,0,1,1,zero,
manual_screen,base,1,187,2,5,31.0,0,31,20,20,zero,
manual_screen,base,1,188,0,6,4.0,4,0,6,6,zero,
manual_screen,base,1,188,1,6,8.0,8,0,15,15,zero,
manual_screen,base,1,188,2,6,26.0,0,26,0,0,zero,
manual_screen,base,1,189,0,5,9.0,9,0,6,6,zero,
manual_screen,base,1,189,1,5,2.0,2,0,1,1,zero,
manual_screen,base,1,189,2,5,7.0,0,7,20,20,zero,
manual_screen,base,1,190,0,5,6.0,6,0,2,2,zero,
manual_screen,base,1,190,1,5,1.0,1,0,0,0,zero,
manual_screen,base,1,190,2,5,13.0,13,0,16,16,zero,
manual_screen,base,1,191,0,5,7.0,7,0,6,6,zero,
manual_screen,base,1,191,1,5,4.0,0,4,0,0,zero,
manual_screen,base,1,191,2,5,33.0,33,0,0,0,zero,
manual_screen,base,1,192,0,5,8.0,8,0,6,6,zero,
manual_screen,base,1,192,1,5,10.0,10,0,1,1,zero,
manual_screen,base,1,192,2,5,32.0,32,0,0,0,zero,
manual_screen,base,1,193,0,5,9.0,9,0,2,2,zero,
manual_screen,base,1,193,1,5,28.0,28,0,1,1,zero,
manual_screen,base,1,193,2,5,51.0,51,0,0,0,zero,
manual_screen,base,1,194,0,6,5.0,5,0,10,10,zero,
manual_screen,base,1,194,1,6,25.0,25,0,1,1,zero,
manual_screen,base,1,194,2,6,66.0,66,0,0,0,zero,
manual_screen,base,1,195,0,6,1.0,1,0,2,2,zero,
manual_screen,base,1,195,1,6,23.0,23,0,15,15,zero,
manual_screen,base,1,195,2,6,51.0,51,0,0,0,zero,
manual_screen,base,1,196,0,6,5.0,5,0,6,6,zero,
manual_screen,base,1,196,1,6,18.0,18,0,1,1,zero,
manual_screen,base,1,196,2,6,50.0,50,0,0,0,zero,
manual_screen,base,1,197,0,6,1.0,1,0,2,2,zero,
manual_screen,base,1,197,1,6,17.0,17,0,1,1,zero,
manual_screen,base,1,197,2,6,49.0,49,0,0,0,zero,
manual_screen,base,1,198,0,5,6.0,6,0,6,6,zero,
manual_screen,base,1,198,1,5,12.0,12,0,1,1,zero,
manual_screen,base,1,198,2,5,48.0,48,0,0,0,zero,
manual_screen,base,1,199,0,5,3.0,3,0,2,2,zero,
manual_screen,base,1,199,1,5,25.0,25,0,1,1,zero,
manual_screen,base,1,199,2,5,47.0,47,0,0,0,zero,
manual_screen,base,1,200,0,7,2.0,2,0,9,9,zero,
manual_screen,base,1,200,1,7,17.0,17,0,1,1,zero,
manual_screen,base,1,200,2,7,46.0,46,0,0,0,zero,
manual_screen,shock,0,1,0,10,10.0,10,0,10,10,zero,
manual_screen,shock,0,1,1,10,10.0,10,0,15,15,zero,
manual_screen,shock,0,1,2,10,5.0,5,0,0,0,zero,
manual_screen,shock,0,2,0,10,10.0,10,0,10,10,zero,
manual_screen,shock,0,2,1,10,10.0,10,0,1,1,zero,
manual_screen,shock,0,2,2,10,14.0,14,0,20,20,zero,
manual_screen,shock,0,3,0,10,10.0,10,0,10,10,zero,
manual_screen,shock,0,3,1,10,10.0,10,0,15,15,zero,
manual_screen,shock,0,3,2,10,9.0,9,0,3,3,zero,
manual_screen,shock,0,4,0,10,10.0,10,0,10,10,zero,
manual_screen,shock,0,4,1,10,10.0,10,0,15,15,zero,
manual_screen,shock,0,4,2,10,4.0,4,0,20,20,zero,
manual_screen,shock,0,5,0,10,10.0,10,0,9,9,zero,
manual_screen,shock,0,5,1,10,16.0,16,0,15,15,zero,
manual_screen,shock,0,5,2,10,11.0,0,11,20,20,zero,
manual_screen,shock,0,6,0,8,12.0,12,0,9,9,zero,
manual_screen,shock,0,6,1,8,8.0,8,0,15,15,zero,
manual_screen,shock,0,6,2,8,6.0,0,6,20,20,zero,
manual_screen,shock,0,7,0,8,14.0,14,0,6,6,zero,
manual_screen,shock,0,7,1,8,17.0,17,0,3,3,zero,
manual_screen,shock,0,7,2,8,6.0,0,6,20,20,zero,
manual_screen,shock,0,8,0,8,16.0,16,0,6,6,zero,
manual_screen,shock,0,8,1,8,26.0,26,0,1,1,zero,
manual_screen,shock,0,8,2,8,13.0,13,0,0,0,zero,
manual_screen,shock,0,9,0,8,17.0,17,0,6,6,zero,
manual_screen,shock,0,9,1,8,24.0,24,0,0,0,zero,
manual_screen,shock,0,9,2,8,33.0,33,0,0,0,zero,
manual_screen,shock,0,10,0,8,18.0,18,0,9,9,zero,
manual_screen,shock,0,10,1,8,35.0,35,0,1,1,zero,
manual_screen,shock,0,10,2,8,52.0,52,0,0,0,zero,
manual_screen,shock,0,11,0,9,15.0,15,0,4,4,zero,
manual_screen,shock,0,11,1,9,34.0,34,0,1,1,zero,
manual_screen,shock,0,11,2,9,71.0,71,0,0,0,zero,
manual_screen,shock,0,12,0,9,12.0,12,0,9,9,zero,
manual_screen,shock,0,12,1,9,32.0,32,0,1,1,zero,
manual_screen,shock,0,12,2,9,70.0,70,0,0,0,zero,
manual_screen,shock,0,13,0,9,9.0,9,0,9,9,zero,
manual_screen,shock,0,13,1,9,23.0,23,0,15,15,zero,
manual_screen,shock,0,13,2,9,55.0,55,0,0,0,zero,
manual_screen,shock,0,14,0,10,8.0,8,0,9,9,zero,
manual_screen,shock,0,14,1,10,15.0,15,0,15,15,zero,
manual_screen,shock,0,14,2,10,40.0,40,0,0,0,zero,
manual_screen,shock,0,15,0,12,-0.0,0,0,9,9,zero,
manual_screen,shock,0,15,1,12,7.0,7,0,11,11,zero,
manual_screen,shock,0,15,2,12,29.0,29,0,1,1,zero,
manual_screen,shock,0,16,0,13,4.0,0,4,19,19,zero,
manual_screen,shock,0,16,1,13,11.0,0,11,1,1,zero,
manual_screen,shock,0,16,2,13,28.0,28,0,20,20,zero,
manual_screen,shock,0,17,0,14,9.0,0,9,19,19,zero,
manual_screen,shock,0,17,1,14,15.0,0,15,15,15,zero,
manual_screen,shock,0,17,2,14,13.0,13,0,0,0,zero,
manual_screen,shock,0,18,0,15,15.0,0,15,19,19,zero,
manual_screen,shock,0,18,1,15,19.0,0,19,15,15,zero,
manual_screen,shock,0,18,2,15,2.0,0,2,16,16,zero,
manual_screen,shock,0,19,0,13,19.0,0,19,19,19,zero,
manual_screen,shock,0,19,1,13,27.0,0,27,15,15,zero,
manual_screen,shock,0,19,2,13,16.0,0,16,20,20,zero,
manual_screen,shock,0,20,0,14,25.0,0,25,19,19,zero,
manual_screen,shock,0,20,1,14,45.0,0,45,15,15,zero,
manual_screen,shock,0,20,2,14,11.0,0,11,20,20,zero,
manual_screen,shock,0,21,0,13,23.0,0,23,19,19,zero,
manual_screen,shock,0,21,1,13,49.0,0,49,18,18,zero,
manual_screen,shock,0,21,2,13,29.0,0,29,20,20,zero,
manual_screen,shock,0,22,0,14,22.0,0,22,10,10,zero,
manual_screen,shock,0,22,1,14,46.0,0,46,18,18,zero,
manual_screen,shock,0,22,2,14,31.0,0,31,20,20,zero,
manual_screen,shock,0,23,0,14,25.0,0,25,19,19,zero,
manual_screen,shock,0,23,1,14,64.0,0,64,18,18,zero,
manual_screen,shock,0,23,2,14,29.0,0,29,20,20,zero,
manual_screen,shock,0,24,0,14,38.0,0,38,19,19,zero,
manual_screen,shock,0,24,1,14,63.0,0,63,18,18,zero,
manual_screen,shock,0,24,2,14,27.0,0,27,20,20,zero,
manual_screen,shock,0,25,0,15,38.0,0,38,10,10,zero,
manual_screen,shock,0,25,1,15,73.0,0,73,18,18,zero,
manual_screen,shock,0,25,2,15,25.0,0,25,20,20,zero,
manual_screen,shock,0,26,0,15,40.0,0,40,19,19,zero,
manual_screen,shock,0,26,1,15,76.0,0,76,18,18,zero,
manual_screen,shock,0,26,2,15,23.0,0,23,20,20,zero,
manual_screen,shock,0,27,0,17,56.0,0,56,17,17,zero,
manual_screen,shock,0,27,1,17,73.0,0,73,18,18,zero,
manual_screen,shock,0,27,2,17,21.0,0,21,20,20,zero,
manual_screen,shock,0,28,0,17,53.0,0,53,17,17,zero,
manual_screen,shock,0,28,1,17,70.0,0,70,18,18,zero,
manual_screen,shock,0,28,2,17,19.0,0,19,20,20,zero,
manual_screen,shock,0,29,0,16,69.0,0,69,17,17,zero,
manual_screen,shock,0,29,1,16,67.0,0,67,18,18,zero,
manual_screen,shock,0,29,2,16,17.0,0,17,20,20,zero,
manual_screen,shock,0,30,0,16,69.0,0,69,17,17,zero,
manual_screen,shock,0,30,1,16,64.0,0,64,18,18,zero,
manual_screen,shock,0,30,2,16,15.0,0,15,20,20,zero,
manual_screen,shock,0,31,0,17,66.0,0,66,17,17,zero,
manual_screen,shock,0,31,1,17,61.0,0,61,18,18,zero,
manual_screen,shock,0,31,2,17,13.0,0,13,16,16,zero,
manual_screen,shock,0,32,0,16,62.0,0,62,17,17,zero,
manual_screen,shock,0,32,1,16,58.0,0,58,18,18,zero,
manual_screen,shock,0,32,2,16,11.0,0,11,20,20,zero,
manual_screen,shock,0,33,0,16,58.0,0,58,17,17,zero,
manual_screen,shock,0,33,1,16,55.0,0,55,18,18,zero,
manual_screen,shock,0,33,2,16,9.0,0,9,20,20,zero,
manual_screen,shock,0,34,0,14,52.0,0,52,10,10,zero,
manual_screen,shock,0,34,1,14,45.0,0,45,18,18,zero,
manual_screen,shock,0,34,2,14,7.0,0,7,20,20,zero,
manual_screen,shock,0,35,0,14,46.0,0,46,10,10,zero,
manual_screen,shock,0,35,1,14,35.0,0,35,18,18,zero,
manual_screen,shock,0,35,2,14,9.0,0,9,20,20,zero,
manual_screen,shock,0,36,0,14,40.0,0,40,10,10,zero,
manual_screen,shock,0,36,1,14,25.0,0,25,18,18,zero,
manual_screen,shock,0,36,2,14,7.0,0,7,16,16,zero,
manual_screen,shock,0,37,0,13,33.0,0,33,10,10,zero,
manual_screen,shock,0,37,1,13,15.0,0,15,0,0,zero,
manual_screen,shock,0,37,2,13,13.0,13,0,20,20,zero,
manual_screen,shock,0,38,0,11,24.0,0,24,10,10,zero,
manual_screen,shock,0,38,1,11,5.0,0,5,18,18,zero,
manual_screen,shock,0,38,2,11,15.0,15,0,1,1,zero,
manual_screen,shock,0,39,0,10,14.0,0,14,6,6,zero,
manual_screen,shock,0,39,1,10,5.0,5,0,18,18,zero,
manual_screen,shock,0,39,2,10,17.0,17,0,16,16,zero,
manual_screen,shock,0,40,0,10,4.0,0,4,6,6,zero,
manual_screen,shock,0,40,1,10,19.0,19,0,0,0,zero,
manual_screen,shock,0,40,2,10,33.0,33,0,20,20,zero,
manual_screen,shock,0,41,0,10,6.0,6,0,6,6,zero,
manual_screen,shock,0,41,1,10,20.0,20,0,3,3,zero,
manual_screen,shock,0,41,2,10,50.0,50,0,0,0,zero,
manual_screen,shock,0,42,0,11,15.0,15,0,10,10,zero,
manual_screen,shock,0,42,1,11,28.0,28,0,3,3,zero,
manual_screen,shock,0,42,2,11,48.0,48,0,0,0,zero,
manual_screen,shock,0,43,0,10,16.0,16,0,19,19,zero,
manual_screen,shock,0,43,1,10,27.0,27,0,12,12,zero,
manual_screen,shock,0,43,2,10,52.0,52,0,0,0,zero,
manual_screen,shock,0,44,0,10,12.0,12,0,9,9,zero,
manual_screen,shock,0,44,1,10,18.0,18,0,18,18,zero,
manual_screen,shock,0,44,2,10,54.0,54,0,0,0,zero,
manual_screen,shock,0,45,0,11,7.0,7,0,10,10,zero,
manual_screen,shock,0,45,1,11,11.0,11,0,15,15,zero,
manual_screen,shock,0,45,2,11,39.0,39,0,1,1,zero,
manual_screen,shock,0,46,0,11,6.0,6,0,6,6,zero,
manual_screen,shock,0,46,1,11,8.0,8,0,3,3,zero,
manual_screen,shock,0,46,2,11,36.0,36,0,20,20,zero,
manual_screen,shock,0,47,0,9,16.0,16,0,10,10,zero,
manual_screen,shock,0,47,1,9,10.0,10,0,1,1,zero,
manual_screen,shock,0,47,2,9,35.0,35,0,0,0,zero,
manual_screen,shock,0,48,0,10,15.0,15,0,6,6,zero,
manual_screen,shock,0,48,1,10,22.0,22,0,15,15,zero,
manual_screen,shock,0,48,2,10,20.0,20,0,0,0,zero,
manual_screen,shock,0,49,0,11,14.0,14,0,9,9,zero,
manual_screen,shock,0,49,1,11,28.0,28,0,1,1,zero,
manual_screen,shock,0,49,2,11,20.0,20,0,1,1,zero,
manual_screen,shock,0,50,0,12,8.0,8,0,19,19,zero,
manual_screen,shock,0,50,1,12,12.0,12,0,15,15,zero,
manual_screen,shock,0,50,2,12,25.0,25,0,1,1,zero,
manual_screen,shock,0,51,0,11,7.0,7,0,9,9,zero,
manual_screen,shock,0,51,1,11,4.0,4,0,15,15,zero,
manual_screen,shock,0,51,2,11,10.0,10,0,20,20,zero,
manual_screen,shock,0,52,0,10,3.0,3,0,9,9,zero,
manual_screen,shock,0,52,1,10,10.0,10,0,15,15,zero,
manual_screen,shock,0,52,2,10,5.0,0,5,20,20,zero,
manual_screen,shock,0,53,0,9,3.0,3,0,6,6,zero,
manual_screen,shock,0,53,1,9,5.0,5,0,3,3,zero,
manual_screen,shock,0,53,2,9,7.0,0,7,20,20,zero,
manual_screen,shock,0,54,0,8,14.0,14,0,6,6,zero,
manual_screen,shock,0,54,1,8,14.0,14,0,15,15,zero,
manual_screen,shock,0,54,2,8,21.0,0,21,0,0,zero,
manual_screen,shock,0,55,0,7,16.0,16,0,6,6,zero,
manual_screen,shock,0,55,1,7,23.0,23,0,3,3,zero,
manual_screen,shock,0,55,2,7,4.0,0,4,20,20,zero,
manual_screen,shock,0,56,0,6,19.0,19,0,6,6,zero,
manual_screen,shock,0,56,1,6,27.0,27,0,0,0,zero,
manual_screen,shock,0,56,2,6,16.0,16,0,0,0,zero,
manual_screen,shock,0,57,0,6,19.0,19,0,2,2,zero,
manual_screen,shock,0,57,1,6,26.0,26,0,1,1,zero,
manual_screen,shock,0,57,2,6,35.0,35,0,0,0,zero,
manual_screen,shock,0,58,0,5,20.0,20,0,2,2,zero,
manual_screen,shock,0,58,1,5,25.0,25,0,0,0,zero,
manual_screen,shock,0,58,2,5,35.0,35,0,0,0,zero,
manual_screen,shock,0,59,0,5,21.0,21,0,2,2,zero,
manual_screen,shock,0,59,1,5,43.0,43,0,0,0,zero,
manual_screen,shock,0,59,2,5,55.0,55,0,0,0,zero,
manual_screen,shock,0,60,0,5,22.0,22,0,2,2,zero,
manual_screen,shock,0,60,1,5,45.0,45,0,0,0,zero,
manual_screen,shock,0,60,2,5,55.0,55,0,0,0,zero,
manual_screen,shock,0,61,0,4,20.0,20,0,2,2,zero,
manual_screen,shock,0,61,1,4,44.0,44,0,0,0,zero,
manual_screen,shock,0,61,2,4,55.0,55,0,0,0,zero,
manual_screen,shock,0,62,0,5,17.0,17,0,2,2,zero,
manual_screen,shock,0,62,1,5,42.0,42,0,0,0,zero,
manual_screen,shock,0,62,2,5,55.0,55,0,0,0,zero,
manual_screen,shock,0,63,0,4,15.0,15,0,2,2,zero,
manual_screen,shock,0,63,1,4,40.0,40,0,0,0,zero,
manual_screen,shock,0,63,2,4,55.0,55,0,0,0,zero,
manual_screen,shock,0,64,0,4,13.0,13,0,2,2,zero,
manual_screen,shock,0,64,1,4,38.0,38,0,1,1,zero,
manual_screen,shock,0,64,2,4,54.0,54,0,0,0,zero,
manual_screen,shock,0,65,0,4,11.0,11,0,2,2,zero,
manual_screen,shock,0,65,1,4,36.0,36,0,1,1,zero,
manual_screen,shock,0,65,2,4,53.0,53,0,0,0,zero,
manual_screen,shock,0,66,0,4,9.0,9,0,2,2,zero,
manual_screen,shock,0,66,1,4,34.0,34,0,1,1,zero,
manual_screen,shock,0,66,2,4,52.0,52,0,0,0,zero,
manual_screen,shock,0,67,0,3,8.0,8,0,4,4,zero,
manual_screen,shock,0,67,1,3,30.0,30,0,1,1,zero,
manual_screen,shock,0,67,2,3,51.0,51,0,0,0,zero,
manual_screen,shock,0,68,0,3,7.0,7,0,2,2,zero,
manual_screen,shock,0,68,1,3,29.0,29,0,1,1,zero,
manual_screen,shock,0,68,2,3,50.0,50,0,0,0,zero,
manual_screen,shock,0,69,0,3,6.0,6,0,1,1,zero,
manual_screen,shock,0,69,1,3,29.0,29,0,1,1,zero,
manual_screen,shock,0,69,2,3,49.0,49,0,0,0,zero,
manual_screen,shock,0,70,0,3,5.0,5,0,2,2,zero,
manual_screen,shock,0,70,1,3,28.0,28,0,1,1,zero,
manual_screen,shock,0,70,2,3,48.0,48,0,0,0,zero,
manual_screen,shock,0,71,0,3,6.0,6,0,2,2,zero,
manual_screen,shock,0,71,1,3,27.0,27,0,1,1,zero,
manual_screen,shock,0,71,2,3,47.0,47,0,0,0,zero,
manual_screen,shock,0,72,0,3,5.0,5,0,2,2,zero,
manual_screen,shock,0,72,1,3,26.0,26,0,1,1,zero,
manual_screen,shock,0,72,2,3,46.0,46,0,0,0,zero,
manual_screen,shock,0,73,0,3,3.0,3,0,2,2,zero,
manual_screen,shock,0,73,1,3,25.0,25,0,1,1,zero,
manual_screen,shock,0,73,2,3,45.0,45,0,0,0,zero,
manual_screen,shock,0,74,0,3,2.0,2,0,2,2,zero,
manual_screen,shock,0,74,1,3,24.0,24,0,1,1,zero,
manual_screen,shock,0,74,2,3,44.0,44,0,0,0,zero,
manual_screen,shock,0,75,0,3,1.0,1,0,2,2,zero,
manual_screen,shock,0,75,1,3,23.0,23,0,1,1,zero,
manual_screen,shock,0,75,2,3,43.0,43,0,0,0,zero,
manual_screen,shock,0,76,0,3,-0.0,0,0,6,6,zero,
manual_screen,shock,0,76,1,3,18.0,18,0,1,1,zero,
manual_screen,shock,0,76,2,3,42.0,42,0,0,0,zero,
manual_screen,shock,0,77,0,3,1.0,0,1,2,2,zero,
manual_screen,shock,0,77,1,3,17.0,17,0,1,1,zero,
manual_screen,shock,0,77,2,3,41.0,41,0,0,0,zero,
manual_screen,shock,0,78,0,5,4.0,0,4,2,2,zero,
manual_screen,shock,0,78,1,5,16.0,16,0,1,1,zero,
manual_screen,shock,0,78,2,5,40.0,40,0,0,0,zero,
manual_screen,shock,0,79,0,5,7.0,0,7,10,10,zero,
manual_screen,shock,0,79,1,5,7.0,7,0,1,1,zero,
manual_screen,shock,0,79,2,5,39.0,39,0,0,0,zero,
manual_screen,shock,0,80,0,6,7.0,0,7,6,6,zero,80
manual_screen,shock,0,80,1,6,2.0,2,0,15,15,zero,80
manual_screen,shock,0,80,2,6,24.0,24,0,0,0,zero,80
manual_screen,shock,0,81,0,5,10.0,0,10,19,19,zero,80
manual_screen,shock,0,81,1,5,16.0,0,16,1,1,zero,80
manual_screen,shock,0,81,2,5,23.0,23,0,0,0,zero,80
manual_screen,shock,0,82,0,5,13.0,0,13,10,10,zero,80
manual_screen,shock,0,82,1,5,25.0,0,25,15,15,zero,80
manual_screen,shock,0,82,2,5,8.0,8,0,0,0,zero,80
manual_screen,shock,0,83,0,5,8.0,0,8,10,10,zero,80
manual_screen,shock,0,83,1,5,34.0,0,34,15,15,zero,80
manual_screen,shock,0,83,2,5,7.0,0,7,20,20,zero,80
manual_screen,shock,0,84,0,5,7.0,0,7,10,10,zero,80
manual_screen,shock,0,84,1,5,29.0,0,29,16,16,zero,80
manual_screen,shock,0,84,2,5,23.0,0,23,20,20,zero,80
manual_screen,shock,0,85,0,5,9.0,0,9,6,6,zero,80
manual_screen,shock,0,85,1,5,34.0,0,34,18,18,zero,80
manual_screen,shock,0,85,2,5,41.0,0,41,20,20,zero,80
manual_screen,shock,0,86,0,6,14.0,0,14,10,10,zero,80
manual_screen,shock,0,86,1,6,29.0,0,29,18,18,zero,80
manual_screen,shock,0,86,2,6,59.0,0,59,20,20,zero,80
manual_screen,shock,0,87,0,5,18.0,0,18,6,6,zero,80
manual_screen,shock,0,87,1,5,27.0,0,27,18,18,zero,80
manual_screen,shock,0,87,2,5,57.0,0,57,20,20,zero,80
manual_screen,shock,0,88,0,5,8.0,0,8,6,6,zero,80
manual_screen,shock,0,88,1,5,33.0,0,33,18,18,zero,80
manual_screen,shock,0,88,2,5,55.0,0,55,20,20,zero,80
manual_screen,shock,0,89,0,5,12.0,0,12,6,6,zero,80
manual_screen,shock,0,89,1,5,39.0,0,39,0,0,zero,80
manual_screen,shock,0,89,2,5,35.0,0,35,20,20,zero,80
manual_screen,shock,0,90,0,5,2.0,0,2,6,6,zero,80
manual_screen,shock,0,90,1,5,45.0,0,45,0,0,zero,80
manual_screen,shock,0,90,2,5,15.0,0,15,0,0,zero,80
manual_screen,shock,0,91,0,5,1.0,1,0,10,10,zero,80
manual_screen,shock,0,91,1,5,35.0,0,35,0,0,zero,80
manual_screen,shock,0,91,2,5,5.0,5,0,0,0,zero,80
manual_screen,shock,0,92,0,5,4.0,0,4,6,6,zero,80
manual_screen,shock,0,92,1,5,21.0,0,21,0,0,zero,80
manual_screen,shock,0,92,2,5,25.0,25,0,0,0,zero,80
manual_screen,shock,0,93,0,6,10.0,0,10,2,2,zero,80
manual_screen,shock,0,93,1,6,3.0,0,3,0,0,zero,80
manual_screen,shock,0,93,2,6,45.0,45,0,0,0,zero,80
manual_screen,shock,0,94,0,6,16.0,0,16,0,0,zero,80
manual_screen,shock,0,94,1,6,17.0,17,0,12,12,zero,80
manual_screen,shock,0,94,2,6,33.0,33,0,0,0,zero,80
manual_screen,shock,0,95,0,6,2.0,0,2,0,0,zero,80
manual_screen,shock,0,95,1,6,32.0,32,0,0,0,zero,80
manual_screen,shock,0,95,2,6,33.0,33,0,1,1,zero,80
manual_screen,shock,0,96,0,8,10.0,10,0,6,6,zero,80
manual_screen,shock,0,96,1,8,26.0,26,0,0,0,zero,80
manual_screen,shock,0,96,2,8,33.0,33,0,0,0,zero,80
manual_screen,shock,0,97,0,6,24.0,24,0,6,6,zero,80
manual_screen,shock,0,97,1,6,20.0,20,0,1,1,zero,80
manual_screen,shock,0,97,2,6,32.0,32,0,0,0,zero,80
manual_screen,shock,0,98,0,4,23.0,23,0,6,6,zero,80
manual_screen,shock,0,98,1,4,26.0,26,0,12,12,zero,80
manual_screen,shock,0,98,2,4,20.0,20,0,0,0,zero,80
manual_screen,shock,0,99,0,3,20.0,20,0,2,2,zero,80
manual_screen,shock,0,99,1,3,24.0,24,0,15,15,zero,80
manual_screen,shock,0,99,2,3,6.0,6,0,1,1,zero,80
manual_screen,shock,0,100,0,4,22.0,22,0,0,0,zero,80
manual_screen,shock,0,100,1,4,24.0,24,0,1,1,zero,80
manual_screen,shock,0,100,2,4,5.0,5,0,20,20,zero,80
manual_screen,shock,0,101,0,3,25.0,25,0,0,0,zero,80
manual_screen,shock,0,101,1,3,25.0,25,0,0,0,zero,80
manual_screen,shock,0,101,2,3,5.0,5,0,3,3,zero,80
manual_screen,shock,0,102,0,4,27.0,27,0,0,0,zero,80
manual_screen,shock,0,102,1,4,37.0,37,0,0,0,zero,80
manual_screen,shock,0,102,2,4,5.0,5,0,0,0,zero,80
manual_screen,shock,0,103,0,4,25.0,25,0,0,0,zero,80
manual_screen,shock,0,103,1,4,52.0,52,0,0,0,zero,80
manual_screen,shock,0,103,2,4,6.0,6,0,0,0,zero,80
manual_screen,shock,0,104,0,4,21.0,21,0,0,0,zero,80
manual_screen,shock,0,104,1,4,53.0,53,0,0,0,zero,80
manual_screen,shock,0,104,2,4,26.0,26,0,0,0,zero,80
manual_screen,shock,0,105,0,4,17.0,17,0,2,2,zero,80
manual_screen,shock,0,105,1,4,51.0,51,0,0,0,zero,80
manual_screen,shock,0,105,2,4,29.0,29,0,0,0,zero,80
manual_screen,shock,0,106,0,4,13.0,13,0,2,2,zero,80
manual_screen,shock,0,106,1,4,49.0,49,0,0,0,zero,80
manual_screen,shock,0,106,2,4,29.0,29,0,0,0,zero,80
manual_screen,shock,0,107,0,4,9.0,9,0,3,3,zero,80
manual_screen,shock,0,107,1,4,46.0,46,0,0,0,zero,80
manual_screen,shock,0,107,2,4,29.0,29,0,0,0,zero,80
manual_screen,shock,0,108,0,5,4.0,4,0,9,9,zero,80
manual_screen,shock,0,108,1,5,37.0,37,0,0,0,zero,80
manual_screen,shock,0,108,2,5,29.0,29,0,0,0,zero,80
manual_screen,shock,0,109,0,5,1.0,1,0,1,1,zero,80
manual_screen,shock,0,109,1,5,36.0,36,0,1,1,zero,80
manual_screen,shock,0,109,2,5,28.0,28,0,0,0,zero,80
manual_screen,shock,0,110,0,4,1.0,0,1,2,2,zero,80
manual_screen,shock,0,110,1,4,34.0,34,0,1,1,zero,80
manual_screen,shock,0,110,2,4,27.0,27,0,0,0,zero,80
manual_screen,shock,0,111,0,4,2.0,0,2,6,6,zero,80
manual_screen,shock,0,111,1,4,28.0,28,0,1,1,zero,80
manual_screen,shock,0,111,2,4,26.0,26,0,0,0,zero,80
manual_screen,shock,0,112,0,4,3.0,3,0,6,6,zero,80
manual_screen,shock,0,112,1,4,22.0,22,0,1,1,zero,80
manual_screen,shock,0,112,2,4,25.0,25,0,0,0,zero,80
manual_screen,shock,0,113,0,4,-0.0,0,0,0,0,zero,80
manual_screen,shock,0,113,1,4,23.0,23,0,11,11,zero,80
manual_screen,shock,0,113,2,4,14.0,14,0,0,0,zero,80
manual_screen,shock,0,114,0,4,2.0,0,2,2,2,zero,80
manual_screen,shock,0,114,1,4,22.0,22,0,1,1,zero,80
manual_screen,shock,0,114,2,4,13.0,13,0,1,1,zero,80
manual_screen,shock,0,115,0,4,-0.0,0,0,6,6,zero,80
manual_screen,shock,0,115,1,4,17.0,17,0,1,1,zero,80
manual_screen,shock,0,115,2,4,12.0,12,0,1,1,zero,80
manual_screen,shock,0,116,0,4,2.0,2,0,6,6,zero,80
manual_screen,shock,0,116,1,4,12.0,12,0,1,1,zero,80
manual_screen,shock,0,116,2,4,11.0,11,0,0,0,zero,80
manual_screen,shock,0,117,0,4,2.0,0,2,2,2,zero,80
manual_screen,shock,0,117,1,4,21.0,21,0,1,1,zero,80
manual_screen,shock,0,117,2,4,10.0,10,0,0,0,zero,80
manual_screen,shock,0,118,0,4,4.0,0,4,6,6,zero,80
manual_screen,shock,0,118,1,4,16.0,16,0,1,1,zero,80
manual_screen,shock,0,118,2,4,10.0,10,0,0,0,zero,80
manual_screen,shock,0,119,0,3,1.0,0,1,6,6,zero,80
manual_screen,shock,0,119,1,3,11.0,11,0,11,11,zero,80
manual_screen,shock,0,119,2,3,-0.0,0,0,0,0,zero,80
manual_screen,shock,0,120,0,3,2.0,2,0,2,2,zero,80
manual_screen,shock,0,120,1,3,10.0,10,0,1,1,zero,80
manual_screen,shock,0,120,2,3,1.0,0,1,20,20,zero,80
manual_screen,shock,0,121,0,3,1.0,1,0,0,0,zero,80
manual_screen,shock,0,121,1,3,11.0,11,0,1,1,zero,80
manual_screen,shock,0,121,2,3,2.0,0,2,3,3,zero,80
manual_screen,shock,0,122,0,3,4.0,4,0,6,6,zero,80
manual_screen,shock,0,122,1,3,6.0,6,0,0,0,zero,80
manual_screen,shock,0,122,2,3,2.0,0,2,0,0,zero,80
manual_screen,shock,0,123,0,3,7.0,7,0,0,0,zero,80
manual_screen,shock,0,123,1,3,17.0,17,0,1,1,zero,80
manual_screen,shock,0,123,2,3,3.0,0,3,0,0,zero,80
manual_screen,shock,0,124,0,3,6.0,6,0,6,6,zero,80
manual_screen,shock,0,124,1,3,11.0,11,0,0,0,zero,80
manual_screen,shock,0,124,2,3,17.0,17,0,0,0,zero,80
manual_screen,shock,0,125,0,4,2.0,2,0,2,2,zero,80
manual_screen,shock,0,125,1,4,9.0,9,0,1,1,zero,80
manual_screen,shock,0,125,2,4,19.0,19,0,0,0,zero,80
manual_screen,shock,0,126,0,3,5.0,5,0,6,6,zero,80
manual_screen,shock,0,126,1,3,3.0,3,0,15,15,zero,80
manual_screen,shock,0,126,2,3,4.0,4,0,0,0,zero,80
manual_screen,shock,0,127,0,3,2.0,2,0,0,0,zero,80
manual_screen,shock,0,127,1,3,3.0,3,0,1,1,zero,80
manual_screen,shock,0,127,2,3,3.0,3,0,16,16,zero,80
manual_screen,shock,0,128,0,3,5.0,5,0,2,2,zero,80
manual_screen,shock,0,128,1,3,4.0,4,0,0,0,zero,80
manual_screen,shock,0,128,2,3,3.0,3,0,3,3,zero,80
manual_screen,shock,0,129,0,3,4.0,4,0,2,2,zero,80
manual_screen,shock,0,129,1,3,3.0,3,0,0,0,zero,80
manual_screen,shock,0,129,2,3,3.0,3,0,0,0,zero,80
manual_screen,shock,0,130,0,3,7.0,7,0,2,2,zero,80
manual_screen,shock,0,130,1,3,16.0,16,0,0,0,zero,80
manual_screen,shock,0,130,2,3,3.0,3,0,0,0,zero,80
manual_screen,shock,0,131,0,3,4.0,4,0,2,2,zero,80
manual_screen,shock,0,131,1,3,15.0,15,0,0,0,zero,80
manual_screen,shock,0,131,2,3,19.0,19,0,0,0,zero,80
manual_screen,shock,0,132,0,3,3.0,3,0,2,2,zero,80
manual_screen,shock,0,132,1,3,13.0,13,0,1,1,zero,80
manual_screen,shock,0,132,2,3,21.0,21,0,0,0,zero,80
manual_screen,shock,0,133,0,3,2.0,2,0,2,2,zero,80
manual_screen,shock,0,133,1,3,11.0,11,0,1,1,zero,80
manual_screen,shock,0,133,2,3,20.0,20,0,0,0,zero,80
manual_screen,shock,0,134,0,3,1.0,1,0,6,6,zero,80
manual_screen,shock,0,134,1,3,5.0,5,0,1,1,zero,80
manual_screen,shock,0,134,2,3,19.0,19,0,0,0,zero,80
manual_screen,shock,0,135,0,2,1.0,1,0,2,2,zero,80
manual_screen,shock,0,135,1,2,3.0,3,0,15,15,zero,80
manual_screen,shock,0,135,2,2,4.0,4,0,0,0,zero,80
manual_screen,shock,0,136,0,2,1.0,1,0,0,0,zero,80
manual_screen,shock,0,136,1,2,4.0,4,0,1,1,zero,80
manual_screen,shock,0,136,2,2,3.0,3,0,1,1,zero,80
manual_screen,shock,0,137,0,3,-0.0,0,0,0,0,zero,80
manual_screen,shock,0,137,1,3,5.0,5,0,0,0,zero,80
manual_screen,shock,0,137,2,3,3.0,3,0,20,20,zero,80
manual_screen,shock,0,138,0,3,3.0,3,0,6,6,zero,80
manual_screen,shock,0,138,1,3,-0.0,0,0,0,0,zero,80
manual_screen,shock,0,138,2,3,3.0,3,0,3,3,zero,80
manual_screen,shock,0,139,0,3,2.0,2,0,2,2,zero,80
manual_screen,shock,0,139,1,3,13.0,13,0,1,1,zero,80
manual_screen,shock,0,139,2,3,2.0,2,0,0,0,zero,80
manual_screen,shock,0,140,0,4,2.0,0,2,6,6,zero,80
manual_screen,shock,0,140,1,4,8.0,8,0,1,1,zero,80
manual_screen,shock,0,140,2,4,2.0,2,0,0,0,zero,80
manual_screen,shock,0,141,0,4,6.0,0,6,2,2,zero,80
manual_screen,shock,0,141,1,4,6.0,6,0,15,15,zero,80
manual_screen,shock,0,141,2,4,7.0,7,0,0,0,zero,80
manual_screen,shock,0,142,0,3,3.0,0,3,10,10,zero,80
manual_screen,shock,0,142,1,3,4.0,0,4,1,1,zero,80
manual_screen,shock,0,142,2,3,9.0,9,0,1,1,zero,80
manual_screen,shock,0,143,0,4,5.0,0,5,6,6,zero,80
manual_screen,shock,0,143,1,4,9.0,0,9,15,15,zero,80
manual_screen,shock,0,143,2,4,6.0,0,6,20,20,zero,80
manual_screen,shock,0,144,0,4,3.0,0,3,10,10,zero,80
manual_screen,shock,0,144,1,4,18.0,0,18,15,15,zero,80
manual_screen,shock,0,144,2,4,21.0,0,21,20,20,zero,80
manual_screen,shock,0,145,0,4,5.0,0,5,10,10,zero,80
manual_screen,shock,0,145,1,4,13.0,0,13,15,15,zero,80
manual_screen,shock,0,145,2,4,36.0,0,36,20,20,zero,80
manual_screen,shock,0,146,0,4,3.0,0,3,6,6,zero,80
manual_screen,shock,0,146,1,4,18.0,0,18,18,18,zero,80
manual_screen,shock,0,146,2,4,53.0,0,53,20,20,zero,80
manual_screen,shock,0,147,0,3,5.0,0,5,6,6,zero,80
manual_screen,shock,0,147,1,3,15.0,0,15,18,18,zero,80
manual_screen,shock,0,147,2,3,51.0,0,51,20,20,zero,80
manual_screen,shock,0,148,0,3,7.0,0,7,2,2,zero,80
manual_screen,shock,0,148,1,3,17.0,0,17,11,11,zero,80
manual_screen,shock,0,148,2,3,42.0,0,42,20,20,zero,80
manual_screen,shock,0,149,0,3,5.0,5,0,6,6,zero,80
manual_screen,shock,0,149,1,3,23.0,0,23,0,0,zero,80
manual_screen,shock,0,149,2,3,22.0,0,22,20,20,zero,80
manual_screen,shock,0,150,0,3,3.0,3,0,6,6,zero,80
manual_screen,shock,0,150,1,3,28.0,0,28,0,0,zero,80
manual_screen,shock,0,150,2,3,2.0,0,2,0,0,zero,80
manual_screen,shock,0,151,0,2,10.0,10,0,6,6,zero,80
manual_screen,shock,0,151,1,2,14.0,0,14,0,0,zero,80
manual_screen,shock,0,151,2,2,18.0,18,0,0,0,zero,80
manual_screen,shock,0,152,0,2,8.0,8,0,0,0,zero,80
manual_screen,shock,0,152,1,2,6.0,6,0,0,0,zero,80
manual_screen,shock,0,152,2,2,38.0,38,0,0,0,zero,80
manual_screen,shock,0,153,0,2,6.0,6,0,0,0,zero,80
manual_screen,shock,0,153,1,2,26.0,26,0,0,0,zero,80
manual_screen,shock,0,153,2,2,58.0,58,0,0,0,zero,80
manual_screen,shock,0,154,0,3,4.0,4,0,0,0,zero,80
manual_screen,shock,0,154,1,3,46.0,46,0,0,0,zero,80
manual_screen,shock,0,154,2,3,58.0,58,0,0,0,zero,80
manual_screen,shock,0,155,0,3,21.0,21,0,0,0,zero,80
manual_screen,shock,0,155,1,3,48.0,48,0,0,0,zero,80
manual_screen,shock,0,155,2,3,58.0,58,0,0,0,zero,80
manual_screen,shock,0,156,0,3,32.0,32,0,0,0,zero,80
manual_screen,shock,0,156,1,3,48.0,48,0,0,0,zero,80
manual_screen,shock,0,156,2,3,58.0,58,0,0,0,zero,80
manual_screen,shock,0,157,0,4,28.0,28,0,0,0,zero,80
manual_screen,shock,0,157,1,4,48.0,48,0,0,0,zero,80
manual_screen,shock,0,157,2,4,58.0,58,0,0,0,zero,80
manual_screen,shock,0,158,0,3,25.0,25,0,0,0,zero,80
manual_screen,shock,0,158,1,3,48.0,48,0,0,0,zero,80
manual_screen,shock,0,158,2,3,58.0,58,0,0,0,zero,80
manual_screen,shock,0,159,0,3,22.0,22,0,0,0,zero,80
manual_screen,shock,0,159,1,3,48.0,48,0,0,0,zero,80
manual_screen,shock,0,159,2,3,58.0,58,0,0,0,zero,80
manual_screen,shock,0,160,0,3,19.0,19,0,0,0,zero,80
manual_screen,shock,0,160,1,3,48.0,48,0,0,0,zero,80
manual_screen,shock,0,160,2,3,58.0,58,0,0,0,zero,80
manual_screen,shock,0,161,0,3,16.0,16,0,2,2,zero,80
manual_screen,shock,0,161,1,3,46.0,46,0,0,0,zero,80
manual_screen,shock,0,161,2,3,58.0,58,0,0,0,zero,80
manual_screen,shock,0,162,0,3,13.0,13,0,2,2,zero,80
manual_screen,shock,0,162,1,3,44.0,44,0,0,0,zero,80
manual_screen,shock,0,162,2,3,58.0,58,0,0,0,zero,80
manual_screen,shock,0,163,0,3,10.0,10,0,0,0,zero,80
manual_screen,shock,0,163,1,3,44.0,44,0,0,0,zero,80
manual_screen,shock,0,163,2,3,58.0,58,0,0,0,zero,80
manual_screen,shock,0,164,0,4,6.0,6,0,2,2,zero,80
manual_screen,shock,0,164,1,4,42.0,42,0,0,0,zero,80
manual_screen,shock,0,164,2,4,58.0,58,0,0,0,zero,80
manual_screen,shock,0,165,0,3,5.0,5,0,9,9,zero,80
manual_screen,shock,0,165,1,3,33.0,33,0,0,0,zero,80
manual_screen,shock,0,165,2,3,58.0,58,0,0,0,zero,80
manual_screen,shock,0,166,0,3,4.0,4,0,2,2,zero,80
manual_screen,shock,0,166,1,3,31.0,31,0,1,1,zero,80
manual_screen,shock,0,166,2,3,57.0,57,0,0,0,zero,80
manual_screen,shock,0,167,0,4,-0.0,0,0,2,2,zero,80
manual_screen,shock,0,167,1,4,29.0,29,0,1,1,zero,80
manual_screen,shock,0,167,2,4,56.0,56,0,0,0,zero,80
manual_screen,shock,0,168,0,3,1.0,0,1,2,2,zero,80
manual_screen,shock,0,168,1,3,27.0,27,0,1,1,zero,80
manual_screen,shock,0,168,2,3,55.0,55,0,0,0,zero,80
manual_screen,shock,0,169,0,3,5.0,5,0,6,6,zero,80
manual_screen,shock,0,169,1,3,21.0,21,0,1,1,zero,80
manual_screen,shock,0,169,2,3,54.0,54,0,0,0,zero,80
manual_screen,shock,0,170,0,3,4.0,4,0,0,0,zero,80
manual_screen,shock,0,170,1,3,22.0,22,0,1,1,zero,80
manual_screen,shock,0,170,2,3,53.0,53,0,0,0,zero,80
manual_screen,shock,0,171,0,3,3.0,3,0,6,6,zero,80
manual_screen,shock,0,171,1,3,17.0,17,0,1,1,zero,80
manual_screen,shock,0,171,2,3,52.0,52,0,0,0,zero,80
manual_screen,shock,0,172,0,3,2.0,2,0,0,0,zero,80
manual_screen,shock,0,172,1,3,18.0,18,0,1,1,zero,80
manual_screen,shock,0,172,2,3,51.0,51,0,0,0,zero,80
manual_screen,shock,0,173,0,4,4.0,4,0,2,2,zero,80
manual_screen,shock,0,173,1,4,17.0,17,0,1,1,zero,80
manual_screen,shock,0,173,2,4,50.0,50,0,0,0,zero,80
manual_screen,shock,0,174,0,5,1.0,0,1,6,6,zero,80
manual_screen,shock,0,174,1,5,12.0,12,0,1,1,zero,80
manual_screen,shock,0,174,2,5,49.0,49,0,0,0,zero,80
manual_screen,shock,0,175,0,5,-0.0,0,0,6,6,zero,80
manual_screen,shock,0,175,1,5,7.0,7,0,11,11,zero,80
manual_screen,shock,0,175,2,5,38.0,38,0,0,0,zero,80
manual_screen,shock,0,176,0,5,5.0,0,5,6,6,zero,80
manual_screen,shock,0,176,1,5,2.0,2,0,1,1,zero,80
manual_screen,shock,0,176,2,5,37.0,37,0,0,0,zero,80
manual_screen,shock,0,177,0,6,9.0,0,9,10,10,zero,80
manual_screen,shock,0,177,1,6,7.0,0,7,15,15,zero,80
manual_screen,shock,0,177,2,6,22.0,22,0,0,0,zero,80
manual_screen,shock,0,178,0,6,9.0,0,9,10,10,zero,80
manual_screen,shock,0,178,1,6,16.0,0,16,15,15,zero,80
manual_screen,shock,0,178,2,6,7.0,7,0,1,1,zero,80
manual_screen,shock,0,179,0,5,8.0,0,8,10,10,zero,80
manual_screen,shock,0,179,1,5,15.0,0,15,15,15,zero,80
manual_screen,shock,0,179,2,5,8.0,0,8,20,20,zero,80
manual_screen,shock,0,180,0,6,8.0,0,8,6,6,zero,80
manual_screen,shock,0,180,1,6,20.0,0,20,15,15,zero,80
manual_screen,shock,0,180,2,6,23.0,0,23,20,20,zero,80
manual_screen,shock,0,181,0,6,11.0,0,11,19,19,zero,80
manual_screen,shock,0,181,1,6,24.0,0,24,3,3,zero,80
manual_screen,shock,0,181,2,6,26.0,0,26,20,20,zero,80
manual_screen,shock,0,182,0,6,16.0,0,16,6,6,zero,80
manual_screen,shock,0,182,1,6,15.0,0,15,18,18,zero,80
manual_screen,shock,0,182,2,6,43.0,0,43,3,3,zero,80
manual_screen,shock,0,183,0,7,12.0,0,12,6,6,zero,80
manual_screen,shock,0,183,1,7,14.0,0,14,18,18,zero,80
manual_screen,shock,0,183,2,7,41.0,0,41,20,20,zero,80
manual_screen,shock,0,184,0,7,18.0,0,18,10,10,zero,80
manual_screen,shock,0,184,1,7,24.0,0,24,11,11,zero,80
manual_screen,shock,0,184,2,7,32.0,0,32,20,20,zero,80
manual_screen,shock,0,185,0,6,9.0,0,9,10,10,zero,80
manual_screen,shock,0,185,1,6,34.0,0,34,18,18,zero,80
manual_screen,shock,0,185,2,6,30.0,0,30,20,20,zero,80
manual_screen,shock,0,186,0,7,1.0,0,1,10,10,zero,80
manual_screen,shock,0,186,1,7,43.0,0,43,0,0,zero,80
manual_screen,shock,0,186,2,7,27.0,0,27,20,20,zero,80
manual_screen,shock,0,187,0,6,-0.0,0,0,19,19,zero,80
manual_screen,shock,0,187,1,6,42.0,0,42,0,0,zero,80
manual_screen,shock,0,187,2,6,7.0,0,7,0,0,zero,80
manual_screen,shock,0,188,0,6,6.0,0,6,9,9,zero,80
manual_screen,shock,0,188,1,6,31.0,0,31,18,18,zero,80
manual_screen,shock,0,188,2,6,5.0,0,5,0,0,zero,80
manual_screen,shock,0,189,0,6,12.0,0,12,2,2,zero,80
manual_screen,shock,0,189,1,6,13.0,0,13,18,18,zero,80
manual_screen,shock,0,189,2,6,3.0,0,3,16,16,zero,80
manual_screen,shock,0,190,0,5,16.0,0,16,0,0,zero,80
manual_screen,shock,0,190,1,5,10.0,0,10,0,0,zero,80
manual_screen,shock,0,190,2,5,17.0,17,0,20,20,zero,80
manual_screen,shock,0,191,0,5,1.0,0,1,0,0,zero,80
manual_screen,shock,0,191,1,5,10.0,10,0,0,0,zero,80
manual_screen,shock,0,191,2,5,17.0,17,0,0,0,zero,80
manual_screen,shock,0,192,0,5,14.0,14,0,6,6,zero,80
manual_screen,shock,0,192,1,5,24.0,24,0,0,0,zero,80
manual_screen,shock,0,192,2,5,17.0,17,0,0,0,zero,80
manual_screen,shock,0,193,0,5,29.0,29,0,0,0,zero,80
manual_screen,shock,0,193,1,5,44.0,44,0,0,0,zero,80
manual_screen,shock,0,193,2,5,33.0,33,0,0,0,zero,80
manual_screen,shock,0,194,0,4,28.0,28,0,0,0,zero,80
manual_screen,shock,0,194,1,4,47.0,47,0,0,0,zero,80
manual_screen,shock,0,194,2,4,53.0,53,0,0,0,zero,80
manual_screen,shock,0,195,0,4,34.0,34,0,0,0,zero,80
manual_screen,shock,0,195,1,4,47.0,47,0,0,0,zero,80
manual_screen,shock,0,195,2,4,53.0,53,0,0,0,zero,80
manual_screen,shock,0,196,0,4,36.0,36,0,0,0,zero,80
manual_screen,shock,0,196,1,4,47.0,47,0,0,0,zero,80
manual_screen,shock,0,196,2,4,53.0,53,0,0,0,zero,80
manual_screen,shock,0,197,0,4,32.0,32,0,0,0,zero,80
manual_screen,shock,0,197,1,4,47.0,47,0,0,0,zero,80
manual_screen,shock,0,197,2,4,53.0,53,0,0,0,zero,80
manual_screen,shock,0,198,0,4,28.0,28,0,0,0,zero,80
manual_screen,shock,0,198,1,4,47.0,47,0,0,0,zero,80
manual_screen,shock,0,198,2,4,53.0,53,0,0,0,zero,80
manual_screen,shock,0,199,0,4,24.0,24,0,0,0,zero,80
manual_screen,shock,0,199,1,4,47.0,47,0,0,0,zero,80
manual_screen,shock,0,199,2,4,53.0,53,0,0,0,zero,80
manual_screen,shock,0,200,0,5,19.0,19,0,2,2,zero,80
manual_screen,shock,0,200,1,5,45.0,45,0,0,0,zero,80
manual_screen,shock,0,200,2,5,53.0,53,0,0,0,zero,80
manual_screen,shock,1,1,0,10,10.0,10,0,10,10,zero,
manual_screen,shock,1,1,1,10,10.0,10,0,15,15,zero,
manual_screen,shock,1,1,2,10,5.0,5,0,0,0,zero,
manual_screen,shock,1,2,0,11,9.0,9,0,10,10,zero,
manual_screen,shock,1,2,1,11,10.0,10,0,1,1,zero,
manual_screen,shock,1,2,2,11,14.0,14,0,20,20,zero,
manual_screen,shock,1,3,0,9,10.0,10,0,19,19,zero,
manual_screen,shock,1,3,1,9,1.0,1,0,15,15,zero,
manual_screen,shock,1,3,2,9,9.0,9,0,3,3,zero,
manual_screen,shock,1,4,0,10,10.0,10,0,6,6,zero,
manual_screen,shock,1,4,1,10,5.0,5,0,15,15,zero,
manual_screen,shock,1,4,2,10,4.0,4,0,20,20,zero,
manual_screen,shock,1,5,0,11,9.0,9,0,6,6,zero,
manual_screen,shock,1,5,1,11,14.0,14,0,15,15,zero,
manual_screen,shock,1,5,2,11,11.0,0,11,20,20,zero,
manual_screen,shock,1,6,0,10,9.0,9,0,6,6,zero,
manual_screen,shock,1,6,1,10,9.0,9,0,3,3,zero,
manual_screen,shock,1,6,2,10,6.0,6,0,20,20,zero,
manual_screen,shock,1,7,0,9,19.0,19,0,10,10,zero,
manual_screen,shock,1,7,1,9,14.0,14,0,0,0,zero,
manual_screen,shock,1,7,2,9,9.0,9,0,0,0,zero,
manual_screen,shock,1,8,0,10,15.0,15,0,6,6,zero,
manual_screen,shock,1,8,1,10,23.0,23,0,1,1,zero,
manual_screen,shock,1,8,2,10,28.0,28,0,0,0,zero,
manual_screen,shock,1,9,0,11,10.0,10,0,9,9,zero,
manual_screen,shock,1,9,1,11,18.0,18,0,1,1,zero,
manual_screen,shock,1,9,2,11,47.0,47,0,0,0,zero,
manual_screen,shock,1,10,0,11,5.0,5,0,19,19,zero,
manual_screen,shock,1,10,1,11,13.0,13,0,15,15,zero,
manual_screen,shock,1,10,2,11,52.0,52,0,0,0,zero,
manual_screen,shock,1,11,0,10,5.0,5,0,9,9,zero,
manual_screen,shock,1,11,1,10,4.0,4,0,15,15,zero,
manual_screen,shock,1,11,2,10,37.0,37,0,0,0,zero,
manual_screen,shock,1,12,0,10,1.0,1,0,9,9,zero,
manual_screen,shock,1,12,1,10,4.0,0,4,15,15,zero,
manual_screen,shock,1,12,2,10,22.0,22,0,20,20,zero,
manual_screen,shock,1,13,0,10,-0.0,0,0,6,6,zero,
manual_screen,shock,1,13,1,10,9.0,0,9,3,3,zero,
manual_screen,shock,1,13,2,10,19.0,19,0,20,20,zero,
manual_screen,shock,1,14,0,10,9.0,9,0,10,10,zero,
manual_screen,shock,1,14,1,10,4.0,0,4,3,3,zero,
manual_screen,shock,1,14,2,10,16.0,16,0,0,0,zero,
manual_screen,shock,1,15,0,10,8.0,8,0,6,6,zero,
manual_screen,shock,1,15,1,10,5.0,5,0,18,18,zero,
manual_screen,shock,1,15,2,10,2.0,0,2,0,0,zero,
manual_screen,shock,1,16,0,9,4.0,4,0,10,10,zero,
manual_screen,shock,1,16,1,9,10.0,10,0,15,15,zero,
manual_screen,shock,1,16,2,9,3.0,3,0,0,0,zero,
manual_screen,shock,1,17,0,10,5.0,0,5,6,6,zero,
manual_screen,shock,1,17,1,10,7.0,7,0,3,3,zero,
manual_screen,shock,1,17,2,10,20.0,20,0,20,20,zero,
manual_screen,shock,1,18,0,10,-0.0,0,0,10,10,zero,
manual_screen,shock,1,18,1,10,-0.0,0,0,3,3,zero,
manual_screen,shock,1,18,2,10,17.0,17,0,5,5,zero,
manual_screen,shock,1,19,0,10,-0.0,0,0,10,10,zero,
manual_screen,shock,1,19,1,10,6.0,6,0,15,15,zero,
manual_screen,shock,1,19,2,10,2.0,2,0,0,0,zero,
manual_screen,shock,1,20,0,11,1.0,0,1,19,19,zero,
manual_screen,shock,1,20,1,11,4.0,4,0,15,15,zero,
manual_screen,shock,1,20,2,11,13.0,0,13,0,0,zero,
manual_screen,shock,1,21,0,12,7.0,0,7,9,9,zero,
manual_screen,shock,1,21,1,12,2.0,0,2,18,18,zero,
manual_screen,shock,1,21,2,12,11.0,0,11,20,20,zero,
manual_screen,shock,1,22,0,13,10.0,0,10,19,19,zero,
manual_screen,shock,1,22,1,13,18.0,0,18,15,15,zero,
manual_screen,shock,1,22,2,13,21.0,0,21,20,20,zero,
manual_screen,shock,1,23,0,13,13.0,0,13,10,10,zero,
manual_screen,shock,1,23,1,13,13.0,0,13,18,18,zero,
manual_screen,shock,1,23,2,13,39.0,0,39,20,20,zero,
manual_screen,shock,1,24,0,15,9.0,0,9,10,10,zero,
manual_screen,shock,1,24,1,15,21.0,0,21,18,18,zero,
manual_screen,shock,1,24,2,15,57.0,0,57,20,20,zero,
manual_screen,shock,1,25,0,14,16.0,0,16,19,19,zero,
manual_screen,shock,1,25,1,14,20.0,0,20,15,15,zero,
manual_screen,shock,1,25,2,14,52.0,0,52,20,20,zero,
manual_screen,shock,1,26,0,13,26.0,0,26,10,10,zero,
manual_screen,shock,1,26,1,13,25.0,0,25,18,18,zero,
manual_screen,shock,1,26,2,13,50.0,0,50,20,20,zero,
manual_screen,shock,1,27,0,13,24.0,0,24,19,19,zero,
manual_screen,shock,1,27,1,13,44.0,0,44,18,18,zero,
manual_screen,shock,1,27,2,13,48.0,0,48,20,20,zero,
manual_screen,shock,1,28,0,13,35.0,0,35,19,19,zero,
manual_screen,shock,1,28,1,13,63.0,0,63,18,18,zero,
manual_screen,shock,1,28,2,13,46.0,0,46,20,20,zero,
manual_screen,shock,1,29,0,13,28.0,0,28,19,19,zero,
manual_screen,shock,1,29,1,13,62.0,0,62,18,18,zero,
manual_screen,shock,1,29,2,13,44.0,0,44,20,20,zero,
manual_screen,shock,1,30,0,14,37.0,0,37,10,10,zero,
manual_screen,shock,1,30,1,14,52.0,0,52,18,18,zero,
manual_screen,shock,1,30,2,14,42.0,0,42,20,20,zero,
manual_screen,shock,1,31,0,15,52.0,0,52,17,17,zero,
manual_screen,shock,1,31,1,15,49.0,0,49,18,18,zero,
manual_screen,shock,1,31,2,15,40.0,0,40,20,20,zero,
manual_screen,shock,1,32,0,14,66.0,0,66,17,17,zero,
manual_screen,shock,1,32,1,14,46.0,0,46,18,18,zero,
manual_screen,shock,1,32,2,14,38.0,0,38,20,20,zero,
manual_screen,shock,1,33,0,14,60.0,0,60,17,17,zero,
manual_screen,shock,1,33,1,14,43.0,0,43,18,18,zero,
manual_screen,shock,1,33,2,14,36.0,0,36,20,20,zero,
manual_screen,shock,1,34,0,15,55.0,0,55,10,10,zero,
manual_screen,shock,1,34,1,15,33.0,0,33,18,18,zero,
manual_screen,shock,1,34,2,15,34.0,0,34,20,20,zero,
manual_screen,shock,1,35,0,16,51.0,0,51,10,10,zero,
manual_screen,shock,1,35,1,16,23.0,0,23,0,0,zero,
manual_screen,shock,1,35,2,16,14.0,0,14,20,20,zero,
manual_screen,shock,1,36,0,15,46.0,0,46,10,10,zero,
manual_screen,shock,1,36,1,15,13.0,0,13,0,0,zero,
manual_screen,shock,1,36,2,15,6.0,6,0,0,0,zero,
manual_screen,shock,1,37,0,15,41.0,0,41,10,10,zero,
manual_screen,shock,1,37,1,15,3.0,0,3,18,18,zero,
manual_screen,shock,1,37,2,15,8.0,8,0,0,0,zero,
manual_screen,shock,1,38,0,14,35.0,0,35,10,10,zero,
manual_screen,shock,1,38,1,14,7.0,7,0,18,18,zero,
manual_screen,shock,1,38,2,14,10.0,10,0,16,16,zero,
manual_screen,shock,1,39,0,14,29.0,0,29,10,10,zero,
manual_screen,shock,1,39,1,14,17.0,17,0,18,18,zero,
manual_screen,shock,1,39,2,14,12.0,12,0,20,20,zero,
manual_screen,shock,1,40,0,14,23.0,0,23,10,10,zero,
manual_screen,shock,1,40,1,14,21.0,21,0,0,0,zero,
manual_screen,shock,1,40,2,14,12.0,12,0,20,20,zero,
manual_screen,shock,1,41,0,13,16.0,0,16,19,19,zero,
manual_screen,shock,1,41,1,13,20.0,20,0,12,12,zero,
manual_screen,shock,1,41,2,13,-0.0,0,0,3,3,zero,
manual_screen,shock,1,42,0,13,16.0,0,16,10,10,zero,
manual_screen,shock,1,42,1,13,28.0,28,0,18,18,zero,
manual_screen,shock,1,42,2,13,2.0,0,2,0,0,zero,
manual_screen,shock,1,43,0,13,19.0,0,19,19,19,zero,
manual_screen,shock,1,43,1,13,27.0,27,0,15,15,zero,
manual_screen,shock,1,43,2,13,3.0,3,0,20,20,zero,
manual_screen,shock,1,44,0,13,22.0,0,22,10,10,zero,
manual_screen,shock,1,44,1,13,17.0,17,0,18,18,zero,
manual_screen,shock,1,44,2,13,5.0,5,0,20,20,zero,
manual_screen,shock,1,45,0,15,18.0,0,18,19,19,zero,
manual_screen,shock,1,45,1,15,10.0,10,0,3,3,zero,
manual_screen,shock,1,45,2,15,5.0,5,0,20,20,zero,
manual_screen,shock,1,46,0,15,23.0,0,23,19,19,zero,
manual_screen,shock,1,46,1,15,7.0,7,0,15,15,zero,
manual_screen,shock,1,46,2,15,10.0,0,10,0,0,zero,
manual_screen,shock,1,47,0,14,18.0,0,18,19,19,zero,
manual_screen,shock,1,47,1,14,5.0,5,0,15,15,zero,
manual_screen,shock,1,47,2,14,5.0,0,5,0,0,zero,
manual_screen,shock,1,48,0,14,22.0,0,22,19,19,zero,
manual_screen,shock,1,48,1,14,4.0,4,0,15,15,zero,
manual_screen,shock,1,48,2,14,-0.0,0,0,20,20,zero,
manual_screen,shock,1,49,0,15,18.0,0,18,10,10,zero,
manual_screen,shock,1,49,1,15,3.0,0,3,15,15,zero,
manual_screen,shock,1,49,2,15,5.0,5,0,20,20,zero,
manual_screen,shock,1,50,0,18,17.0,0,17,10,10,zero,
manual_screen,shock,1,50,1,18,8.0,0,8,15,15,zero,
manual_screen,shock,1,50,2,18,10.0,0,10,20,20,zero,
manual_screen,shock,1,51,0,17,15.0,0,15,19,19,zero,
manual_screen,shock,1,51,1,17,7.0,0,7,15,15,zero,
manual_screen,shock,1,51,2,17,25.0,0,25,20,20,zero,
manual_screen,shock,1,52,0,18,14.0,0,14,10,10,zero,
manual_screen,shock,1,52,1,18,3.0,3,0,18,18,zero,
manual_screen,shock,1,52,2,18,23.0,0,23,0,0,zero,
manual_screen,shock,1,53,0,18,25.0,0,25,19,19,zero,
manual_screen,shock,1,53,1,18,1.0,0,1,15,15,zero,
manual_screen,shock,1,53,2,18,18.0,0,18,20,20,zero,
manual_screen,shock,1,54,0,18,38.0,0,38,19,19,zero,
manual_screen,shock,1,54,1,18,15.0,0,15,18,18,zero,
manual_screen,shock,1,54,2,18,16.0,0,16,20,20,zero,
manual_screen,shock,1,55,0,20,38.0,0,38,19,19,zero,
manual_screen,shock,1,55,1,20,34.0,0,34,18,18,zero,
manual_screen,shock,1,55,2,20,14.0,0,14,20,20,zero,
manual_screen,shock,1,56,0,20,41.0,0,41,19,19,zero,
manual_screen,shock,1,56,1,20,33.0,0,33,18,18,zero,
manual_screen,shock,1,56,2,20,32.0,0,32,20,20,zero,
manual_screen,shock,1,57,0,18,41.0,0,41,19,19,zero,
manual_screen,shock,1,57,1,18,32.0,0,32,18,18,zero,
manual_screen,shock,1,57,2,18,30.0,0,30,20,20,zero,
manual_screen,shock,1,58,0,17,53.0,0,53,19,19,zero,
manual_screen,shock,1,58,1,17,31.0,0,31,18,18,zero,
manual_screen,shock,1,58,2,17,28.0,0,28,20,20,zero,
manual_screen,shock,1,59,0,16,69.0,0,69,17,17,zero,
manual_screen,shock,1,59,1,16,28.0,0,28,18,18,zero,
manual_screen,shock,1,59,2,16,26.0,0,26,20,20,zero,
manual_screen,shock,1,60,0,16,65.0,0,65,17,17,zero,
manual_screen,shock,1,60,1,16,45.0,0,45,18,18,zero,
manual_screen,shock,1,60,2,16,24.0,0,24,20,20,zero,
manual_screen,shock,1,61,0,18,63.0,0,63,17,17,zero,
manual_screen,shock,1,61,1,18,42.0,0,42,18,18,zero,
manual_screen,shock,1,61,2,18,22.0,0,22,20,20,zero,
manual_screen,shock,1,62,0,17,60.0,0,60,17,17,zero,
manual_screen,shock,1,62,1,17,39.0,0,39,18,18,zero,
manual_screen,shock,1,62,2,17,20.0,0,20,20,20,zero,
manual_screen,shock,1,63,0,18,58.0,0,58,17,17,zero,
manual_screen,shock,1,63,1,18,36.0,0,36,18,18,zero,
manual_screen,shock,1,63,2,18,18.0,0,18,20,20,zero,
manual_screen,shock,1,64,0,17,75.0,0,75,17,17,zero,
manual_screen,shock,1,64,1,17,33.0,0,33,18,18,zero,
manual_screen,shock,1,64,2,17,16.0,0,16,20,20,zero,
manual_screen,shock,1,65,0,18,73.0,0,73,17,17,zero,
manual_screen,shock,1,65,1,18,30.0,0,30,18,18,zero,
manual_screen,shock,1,65,2,18,14.0,0,14,20,20,zero,
manual_screen,shock,1,66,0,20,73.0,0,73,17,17,zero,
manual_screen,shock,1,66,1,20,27.0,0,27,18,18,zero,
manual_screen,shock,1,66,2,20,12.0,0,12,16,16,zero,
manual_screen,shock,1,67,0,18,71.0,0,71,17,17,zero,
manual_screen,shock,1,67,1,18,24.0,0,24,18,18,zero,
manual_screen,shock,1,67,2,18,10.0,0,10,20,20,zero,
manual_screen,shock,1,68,0,17,68.0,0,68,17,17,zero,
manual_screen,shock,1,68,1,17,21.0,0,21,18,18,zero,
manual_screen,shock,1,68,2,17,8.0,0,8,20,20,zero,
manual_screen,shock,1,69,0,16,64.0,0,64,17,17,zero,
manual_screen,shock,1,69,1,16,18.0,0,18,18,18,zero,
manual_screen,shock,1,69,2,16,6.0,0,6,20,20,zero,
manual_screen,shock,1,70,0,15,59.0,0,59,17,17,zero,
manual_screen,shock,1,70,1,15,15.0,0,15,18,18,zero,
manual_screen,shock,1,70,2,15,8.0,0,8,20,20,zero,
manual_screen,shock,1,71,0,17,56.0,0,56,10,10,zero,
manual_screen,shock,1,71,1,17,5.0,0,5,18,18,zero,
manual_screen,shock,1,71,2,17,6.0,0,6,16,16,zero,
manual_screen,shock,1,72,0,14,50.0,0,50,10,10,zero,
manual_screen,shock,1,72,1,14,5.0,5,0,18,18,zero,
manual_screen,shock,1,72,2,14,4.0,0,4,16,16,zero,
manual_screen,shock,1,73,0,16,46.0,0,46,10,10,zero,
manual_screen,shock,1,73,1,16,15.0,15,0,3,3,zero,
manual_screen,shock,1,73,2,16,13.0,13,0,20,20,zero,
manual_screen,shock,1,74,0,16,42.0,0,42,19,19,zero,
manual_screen,shock,1,74,1,16,12.0,12,0,3,3,zero,
manual_screen,shock,1,74,2,16,30.0,30,0,1,1,zero,
manual_screen,shock,1,75,0,15,37.0,0,37,10,10,zero,
manual_screen,shock,1,75,1,15,22.0,22,0,18,18,zero,
manual_screen,shock,1,75,2,15,28.0,28,0,0,0,zero,
manual_screen,shock,1,76,0,15,37.0,0,37,19,19,zero,
manual_screen,shock,1,76,1,15,23.0,23,0,18,18,zero,
manual_screen,shock,1,76,2,15,26.0,26,0,16,16,zero,
manual_screen,shock,1,77,0,15,42.0,0,42,19,19,zero,
manual_screen,shock,1,77,1,15,11.0,11,0,18,18,zero,
manual_screen,shock,1,77,2,15,28.0,28,0,20,20,zero,
manual_screen,shock,1,78,0,13,36.0,0,36,19,19,zero,
manual_screen,shock,1,78,1,13,5.0,0,5,18,18,zero,
manual_screen,shock,1,78,2,13,11.0,11,0,20,20,zero,
manual_screen,shock,1,79,0,14,40.0,0,40,19,19,zero,
manual_screen,shock,1,79,1,14,6.0,0,6,18,18,zero,
manual_screen,shock,1,79,2,14,7.0,0,7,20,20,zero,
manual_screen,shock,1,80,0,15,36.0,0,36,10,10,zero,
manual_screen,shock,1,80,1,15,2.0,2,0,18,18,zero,
manual_screen,shock,1,80,2,15,9.0,0,9,20,20,zero,
manual_screen,shock,1,81,0,18,35.0,0,35,10,10,zero,
manual_screen,shock,1,81,1,18,10.0,10,0,18,18,zero,
manual_screen,shock,1,81,2,18,7.0,0,7,16,16,zero,
manual_screen,shock,1,82,0,17,38.0,0,38,19,19,zero,
manual_screen,shock,1,82,1,17,9.0,9,0,3,3,zero,
manual_screen,shock,1,82,2,17,10.0,10,0,16,16,zero,
manual_screen,shock,1,83,0,17,37.0,0,37,19,19,zero,
manual_screen,shock,1,83,1,17,1.0,1,0,18,18,zero,
manual_screen,shock,1,83,2,17,12.0,12,0,0,0,zero,
manual_screen,shock,1,84,0,19,40.0,0,40,19,19,zero,
manual_screen,shock,1,84,1,19,2.0,0,2,18,18,zero,
manual_screen,shock,1,84,2,19,14.0,14,0,16,16,zero,
manual_screen,shock,1,85,0,19,49.0,0,49,19,19,zero,
manual_screen,shock,1,85,1,19,1.0,0,1,18,18,zero,
manual_screen,shock,1,85,2,19,12.0,12,0,20,20,zero,
manual_screen,shock,1,86,0,16,46.0,0,46,19,19,zero,
manual_screen,shock,1,86,1,16,10.0,0,10,18,18,zero,
manual_screen,shock,1,86,2,16,10.0,10,0,20,20,zero,
manual_screen,shock,1,87,0,16,43.0,0,43,19,19,zero,
manual_screen,shock,1,87,1,16,11.0,0,11,18,18,zero,
manual_screen,shock,1,87,2,16,8.0,0,8,20,20,zero,
manual_screen,shock,1,88,0,17,43.0,0,43,10,10,zero,
manual_screen,shock,1,88,1,17,3.0,0,3,18,18,zero,
manual_screen,shock,1,88,2,17,10.0,0,10,20,20,zero,
manual_screen,shock,1,89,0,20,43.0,0,43,19,19,zero,
manual_screen,shock,1,89,1,20,4.0,0,4,18,18,zero,
manual_screen,shock,1,89,2,20,8.0,0,8,16,16,zero,
manual_screen,shock,1,90,0,20,53.0,0,53,19,19,zero,
manual_screen,shock,1,90,1,20,5.0,0,5,18,18,zero,
manual_screen,shock,1,90,2,20,6.0,0,6,16,16,zero,
manual_screen,shock,1,91,0,20,55.0,0,55,19,19,zero,91
manual_screen,shock,1,91,1,20,14.0,0,14,18,18,zero,91
manual_screen,shock,1,91,2,20,4.0,0,4,20,20,zero,91
manual_screen,shock,1,92,0,20,57.0,0,57,17,17,zero,91
manual_screen,shock,1,92,1,20,15.0,0,15,18,18,zero,91
manual_screen,shock,1,92,2,20,2.0,0,2,20,20,zero,91
manual_screen,shock,1,93,0,20,59.0,0,59,17,17,zero,91
manual_screen,shock,1,93,1,20,12.0,0,12,18,18,zero,91
manual_screen,shock,1,93,2,20,4.0,0,4,20,20,zero,91
manual_screen,shock,1,94,0,20,61.0,0,61,17,17,zero,91
manual_screen,shock,1,94,1,20,9.0,0,9,18,18,zero,91
manual_screen,shock,1,94,2,20,6.0,0,6,16,16,zero,91
manual_screen,shock,1,95,0,20,71.0,0,71,17,17,zero,91
manual_screen,shock,1,95,1,20,6.0,0,6,18,18,zero,91
manual_screen,shock,1,95,2,20,4.0,0,4,16,16,zero,91
manual_screen,shock,1,96,0,20,75.0,0,75,17,20,manual,91
manual_screen,shock,1,96,1,20,6.0,0,6,18,20,manual,91
manual_screen,shock,1,96,2,20,4.0,0,4,20,20,manual,91
manual_screen,shock,1,97,0,20,75.0,0,75,17,20,manual,91
manual_screen,shock,1,97,1,20,10.0,0,10,18,20,manual,91
manual_screen,shock,1,97,2,20,4.0,0,4,20,20,manual,91
manual_screen,shock,1,98,0,20,75.0,0,75,17,20,manual,91
manual_screen,shock,1,98,1,20,14.0,0,14,18,20,manual,91
manual_screen,shock,1,98,2,20,8.0,0,8,20,20,manual,91
manual_screen,shock,1,99,0,20,75.0,0,75,17,20,manual,91
manual_screen,shock,1,99,1,20,14.0,0,14,18,20,manual,91
manual_screen,shock,1,99,2,20,12.0,0,12,20,20,manual,91
manual_screen,shock,1,100,0,20,75.0,0,75,17,20,manual,91
manual_screen,shock,1,100,1,20,14.0,0,14,18,20,manual,91
manual_screen,shock,1,100,2,20,12.0,0,12,20,20,manual,91
manual_screen,shock,1,101,0,20,79.0,0,79,17,17,zero,91
manual_screen,shock,1,101,1,20,11.0,0,11,18,18,zero,91
manual_screen,shock,1,101,2,20,10.0,0,10,20,20,zero,91
manual_screen,shock,1,102,0,20,83.0,0,83,17,17,zero,91
manual_screen,shock,1,102,1,20,12.0,0,12,18,18,zero,91
manual_screen,shock,1,102,2,20,8.0,0,8,20,20,zero,91
manual_screen,shock,1,103,0,20,83.0,0,83,17,17,zero,91
manual_screen,shock,1,103,1,20,13.0,0,13,18,18,zero,91
manual_screen,shock,1,103,2,20,6.0,0,6,20,20,zero,91
manual_screen,shock,1,104,0,20,83.0,0,83,17,17,zero,91
manual_screen,shock,1,104,1,20,10.0,0,10,18,18,zero,91
manual_screen,shock,1,104,2,20,4.0,0,4,16,16,zero,91
manual_screen,shock,1,105,0,20,83.0,0,83,17,17,zero,91
manual_screen,shock,1,105,1,20,7.0,0,7,18,18,zero,91
manual_screen,shock,1,105,2,20,2.0,0,2,16,16,zero,91
manual_screen,shock,1,106,0,18,85.0,0,85,17,20,manual,91
manual_screen,shock,1,106,1,18,7.0,0,7,18,20,manual,91
manual_screen,shock,1,106,2,18,2.0,0,2,20,20,manual,91
manual_screen,shock,1,107,0,17,86.0,0,86,17,20,manual,91
manual_screen,shock,1,107,1,17,7.0,0,7,18,20,manual,91
manual_screen,shock,1,107,2,17,2.0,0,2,20,20,manual,91
manual_screen,shock,1,108,0,15,81.0,0,81,17,20,manual,91
manual_screen,shock,1,108,1,15,7.0,0,7,18,20,manual,91
manual_screen,shock,1,108,2,15,6.0,0,6,20,20,manual,91
manual_screen,shock,1,109,0,15,76.0,0,76,17,20,manual,91
manual_screen,shock,1,109,1,15,7.0,0,7,18,20,manual,91
manual_screen,shock,1,109,2,15,10.0,0,10,20,20,manual,91
manual_screen,shock,1,110,0,15,71.0,0,71,17,20,manual,91
manual_screen,shock,1,110,1,15,7.0,0,7,18,20,manual,91
manual_screen,shock,1,110,2,15,10.0,0,10,20,20,manual,91
manual_screen,shock,1,111,0,17,68.0,0,68,17,17,zero,91
manual_screen,shock,1,111,1,17,4.0,0,4,18,18,zero,91
manual_screen,shock,1,111,2,17,8.0,0,8,20,20,zero,91
manual_screen,shock,1,112,0,15,63.0,0,63,17,17,zero,91
manual_screen,shock,1,112,1,15,5.0,0,5,18,18,zero,91
manual_screen,shock,1,112,2,15,6.0,0,6,20,20,zero,91
manual_screen,shock,1,113,0,14,57.0,0,57,17,17,zero,91
manual_screen,shock,1,113,1,14,6.0,0,6,18,18,zero,91
manual_screen,shock,1,113,2,14,4.0,0,4,16,16,zero,91
manual_screen,shock,1,114,0,9,46.0,0,46,17,17,zero,91
manual_screen,shock,1,114,1,9,3.0,0,3,18,18,zero,91
manual_screen,shock,1,114,2,9,2.0,0,2,16,16,zero,91
manual_screen,shock,1,115,0,9,35.0,0,35,6,6,zero,91
manual_screen,shock,1,115,1,9,11.0,11,0,18,18,zero,91
manual_screen,shock,1,115,2,9,-0.0,0,0,20,20,zero,91
manual_screen,shock,1,116,0,9,28.0,0,28,10,16,manual,91
manual_screen,shock,1,116,1,9,15.0,15,0,3,3,manual,91
manual_screen,shock,1,116,2,9,17.0,17,0,20,20,manual,91
manual_screen,shock,1,117,0,9,21.0,0,21,6,9,manual,91
manual_screen,shock,1,117,1,9,26.0,26,0,18,18,manual,91
manual_screen,shock,1,117,2,9,15.0,15,0,0,0,manual,91
manual_screen,shock,1,118,0,11,12.0,0,12,10,12,manual,91
manual_screen,shock,1,118,1,11,34.0,34,0,3,3,manual,91
manual_screen,shock,1,118,2,11,28.0,28,0,16,16,manual,91
manual_screen,shock,1,119,0,11,14.0,0,14,10,13,manual,91
manual_screen,shock,1,119,1,11,41.0,41,0,12,12,manual,91
manual_screen,shock,1,119,2,11,36.0,36,0,0,0,manual,91
manual_screen,shock,1,120,0,11,9.0,0,9,10,12,manual,91
manual_screen,shock,1,120,1,11,32.0,32,0,15,15,manual,91
manual_screen,shock,1,120,2,11,41.0,41,0,0,0,manual,91
manual_screen,shock,1,121,0,12,12.0,0,12,19,19,zero,91
manual_screen,shock,1,121,1,12,31.0,31,0,3,3,zero,91
manual_screen,shock,1,121,2,12,38.0,38,0,16,16,zero,91
manual_screen,shock,1,122,0,12,12.0,0,12,10,10,zero,91
manual_screen,shock,1,122,1,12,24.0,24,0,15,15,zero,91
manual_screen,shock,1,122,2,12,39.0,39,0,0,0,zero,91
manual_screen,shock,1,123,0,12,11.0,0,11,19,19,zero,91
manual_screen,shock,1,123,1,12,17.0,17,0,3,3,zero,91
manual_screen,shock,1,123,2,12,36.0,36,0,1,1,zero,91
manual_screen,shock,1,124,0,11,10.0,0,10,10,10,zero,91
manual_screen,shock,1,124,1,11,22.0,22,0,15,15,zero,91
manual_screen,shock,1,124,2,11,21.0,21,0,0,0,zero,91
manual_screen,shock,1,125,0,11,2.0,0,2,10,10,zero,91
manual_screen,shock,1,125,1,11,15.0,15,0,15,15,zero,91
manual_screen,shock,1,125,2,11,22.0,22,0,1,1,zero,91
manual_screen,shock,1,126,0,11,3.0,0,3,10,10,zero,91
manual_screen,shock,1,126,1,11,20.0,20,0,3,3,zero,91
manual_screen,shock,1,126,2,11,19.0,19,0,20,20,zero,91
manual_screen,shock,1,127,0,13,3.0,3,0,10,10,zero,91
manual_screen,shock,1,127,1,13,13.0,13,0,15,15,zero,91
manual_screen,shock,1,127,2,13,5.0,5,0,20,20,zero,91
manual_screen,shock,1,128,0,10,3.0,3,0,19,19,zero,91
manual_screen,shock,1,128,1,10,9.0,9,0,3,3,zero,91
manual_screen,shock,1,128,2,10,2.0,2,0,3,3,zero,91
manual_screen,shock,1,129,0,9,4.0,4,0,10,10,zero,91
manual_screen,shock,1,129,1,9,14.0,14,0,15,15,zero,91
manual_screen,shock,1,129,2,9,12.0,0,12,0,0,zero,91
manual_screen,shock,1,130,0,9,5.0,5,0,6,6,zero,91
manual_screen,shock,1,130,1,9,11.0,11,0,15,15,zero,91
manual_screen,shock,1,130,2,9,7.0,0,7,5,5,zero,91
manual_screen,shock,1,131,0,8,7.0,7,0,6,6,zero,91
manual_screen,shock,1,131,1,8,20.0,20,0,3,3,zero,91
manual_screen,shock,1,131,2,8,10.0,10,0,20,20,zero,91
manual_screen,shock,1,132,0,9,17.0,17,0,6,6,zero,91
manual_screen,shock,1,132,1,9,17.0,17,0,1,1,zero,91
manual_screen,shock,1,132,2,9,12.0,12,0,20,20,zero,91
manual_screen,shock,1,133,0,8,19.0,19,0,10,10,zero,91
manual_screen,shock,1,133,1,8,10.0,10,0,1,1,zero,91
manual_screen,shock,1,133,2,8,11.0,11,0,0,0,zero,91
manual_screen,shock,1,134,0,7,18.0,18,0,9,9,zero,91
manual_screen,shock,1,134,1,7,21.0,21,0,5,5,zero,91
manual_screen,shock,1,134,2,7,11.0,11,0,0,0,zero,91
manual_screen,shock,1,135,0,6,18.0,18,0,2,2,zero,91
manual_screen,shock,1,135,1,6,29.0,29,0,15,15,zero,91
manual_screen,shock,1,135,2,6,16.0,16,0,0,0,zero,91
manual_screen,shock,1,136,0,7,17.0,17,0,2,2,zero,91
manual_screen,shock,1,136,1,7,28.0,28,0,1,1,zero,91
manual_screen,shock,1,136,2,7,35.0,35,0,0,0,zero,91
manual_screen,shock,1,137,0,7,20.0,20,0,2,2,zero,91
manual_screen,shock,1,137,1,7,27.0,27,0,1,1,zero,91
manual_screen,shock,1,137,2,7,34.0,34,0,0,0,zero,91
manual_screen,shock,1,138,0,7,22.0,22,0,9,9,zero,91
manual_screen,shock,1,138,1,7,23.0,23,0,0,0,zero,91
manual_screen,shock,1,138,2,7,34.0,34,0,0,0,zero,91
manual_screen,shock,1,139,0,7,17.0,17,0,3,3,zero,91
manual_screen,shock,1,139,1,7,35.0,35,0,1,1,zero,91
manual_screen,shock,1,139,2,7,33.0,33,0,0,0,zero,91
manual_screen,shock,1,140,0,7,12.0,12,0,9,9,zero,91
manual_screen,shock,1,140,1,7,27.0,27,0,1,1,zero,91
manual_screen,shock,1,140,2,7,32.0,32,0,0,0,zero,91
manual_screen,shock,1,141,0,7,7.0,7,0,9,9,zero,91
manual_screen,shock,1,141,1,7,19.0,19,0,15,15,zero,91
manual_screen,shock,1,141,2,7,17.0,17,0,0,0,zero,91
manual_screen,shock,1,142,0,7,9.0,9,0,3,3,zero,91
manual_screen,shock,1,142,1,7,16.0,16,0,15,15,zero,91
manual_screen,shock,1,142,2,7,2.0,2,0,1,1,zero,91
manual_screen,shock,1,143,0,7,5.0,5,0,9,9,zero,91
manual_screen,shock,1,143,1,7,8.0,8,0,1,1,zero,91
manual_screen,shock,1,143,2,7,1.0,1,0,20,20,zero,91
manual_screen,shock,1,144,0,7,7.0,7,0,6,6,zero,91
manual_screen,shock,1,144,1,7,3.0,3,0,1,1,zero,91
manual_screen,shock,1,144,2,7,-0.0,0,0,20,20,zero,91
manual_screen,shock,1,145,0,7,9.0,9,0,9,9,zero,91
manual_screen,shock,1,145,1,7,9.0,9,0,5,5,zero,91
manual_screen,shock,1,145,2,7,5.0,0,5,0,0,zero,91
manual_screen,shock,1,146,0,7,5.0,5,0,2,2,zero,91
manual_screen,shock,1,146,1,7,22.0,22,0,15,15,zero,91
manual_screen,shock,1,146,2,7,19.0,0,19,0,0,zero,91
manual_screen,shock,1,147,0,7,7.0,7,0,10,10,zero,91
manual_screen,shock,1,147,1,7,13.0,13,0,15,15,zero,91
manual_screen,shock,1,147,2,7,14.0,0,14,0,0,zero,91
manual_screen,shock,1,148,0,8,5.0,5,0,6,6,zero,91
manual_screen,shock,1,148,1,8,8.0,8,0,1,1,zero,91
manual_screen,shock,1,148,2,8,5.0,5,0,20,20,zero,91
manual_screen,shock,1,149,0,8,6.0,6,0,9,9,zero,91
manual_screen,shock,1,149,1,8,1.0,0,1,0,0,zero,91
manual_screen,shock,1,149,2,8,5.0,5,0,20,20,zero,91
manual_screen,shock,1,150,0,7,1.0,1,0,9,9,zero,91
manual_screen,shock,1,150,1,7,9.0,0,9,1,1,zero,91
manual_screen,shock,1,150,2,7,4.0,4,0,0,0,zero,91
manual_screen,shock,1,151,0,7,4.0,4,0,10,10,manual,91
manual_screen,shock,1,151,1,7,1.0,1,0,15,18,manual,91
manual_screen,shock,1,151,2,7,14.0,0,14,0,0,manual,91
manual_screen,shock,1,152,0,8,2.0,2,0,2,2,manual,91
manual_screen,shock,1,152,1,8,14.0,14,0,15,15,manual,91
manual_screen,shock,1,152,2,8,9.0,0,9,0,6,manual,91
manual_screen,shock,1,153,0,8,2.0,2,0,6,6,manual,91
manual_screen,shock,1,153,1,8,8.0,8,0,1,1,manual,91
manual_screen,shock,1,153,2,8,10.0,10,0,20,20,manual,91
manual_screen,shock,1,154,0,7,4.0,0,4,6,6,manual,91
manual_screen,shock,1,154,1,7,3.0,3,0,0,0,manual,91
manual_screen,shock,1,154,2,7,10.0,10,0,0,0,manual,91
manual_screen,shock,1,155,0,8,7.0,7,0,6,6,manual,91
manual_screen,shock,1,155,1,8,1.0,1,0,1,1,manual,91
manual_screen,shock,1,155,2,8,9.0,9,0,0,0,manual,91
manual_screen,shock,1,156,0,8,1.0,1,0,10,10,zero,91
manual_screen,shock,1,156,1,8,11.0,11,0,1,1,zero,91
manual_screen,shock,1,156,2,8,14.0,14,0,0,0,zero,91
manual_screen,shock,1,157,0,7,-0.0,0,0,10,10,zero,91
manual_screen,shock,1,157,1,7,11.0,11,0,15,15,zero,91
manual_screen,shock,1,157,2,7,19.0,19,0,0,0,zero,91
manual_screen,shock,1,158,0,7,1.0,0,1,6,6,zero,91
manual_screen,shock,1,158,1,7,5.0,5,0,15,15,zero,91
manual_screen,shock,1,158,2,7,4.0,4,0,1,1,zero,91
manual_screen,shock,1,159,0,7,2.0,0,2,6,6,zero,91
manual_screen,shock,1,159,1,7,-0.0,0,0,3,3,zero,91
manual_screen,shock,1,159,2,7,1.0,1,0,20,20,zero,91
manual_screen,shock,1,160,0,7,1.0,1,0,6,6,zero,91
manual_screen,shock,1,160,1,7,5.0,0,5,1,1,zero,91
manual_screen,shock,1,160,2,7,-0.0,0,0,20,20,zero,91
manual_screen,shock,1,161,0,6,5.0,5,0,10,10,zero,91
manual_screen,shock,1,161,1,6,-0.0,0,0,12,12,zero,91
manual_screen,shock,1,161,2,6,12.0,0,12,0,0,zero,91
manual_screen,shock,1,162,0,7,4.0,4,0,6,6,zero,91
manual_screen,shock,1,162,1,7,9.0,9,0,15,15,zero,91
manual_screen,shock,1,162,2,7,26.0,0,26,0,0,zero,91
manual_screen,shock,1,163,0,7,3.0,3,0,6,6,zero,91
manual_screen,shock,1,163,1,7,6.0,6,0,15,15,zero,91
manual_screen,shock,1,163,2,7,21.0,0,21,20,20,zero,91
manual_screen,shock,1,164,0,6,2.0,0,2,6,6,zero,91
manual_screen,shock,1,164,1,6,1.0,1,0,3,3,zero,91
manual_screen,shock,1,164,2,6,4.0,0,4,20,20,zero,91
manual_screen,shock,1,165,0,6,7.0,7,0,6,6,zero,91
manual_screen,shock,1,165,1,6,5.0,0,5,0,0,zero,91
manual_screen,shock,1,165,2,6,4.0,0,4,0,0,zero,91
manual_screen,shock,1,166,0,6,7.0,7,0,10,10,zero,91
manual_screen,shock,1,166,1,6,14.0,0,14,0,0,zero,91
manual_screen,shock,1,166,2,6,4.0,0,4,0,0,zero,91
manual_screen,shock,1,167,0,6,7.0,7,0,10,10,zero,91
manual_screen,shock,1,167,1,6,4.0,0,4,12,12,zero,91
manual_screen,shock,1,167,2,6,4.0,4,0,0,0,zero,91
manual_screen,shock,1,168,0,5,8.0,8,0,6,6,zero,91
manual_screen,shock,1,168,1,5,10.0,10,0,18,18,zero,91
manual_screen,shock,1,168,2,5,6.0,6,0,0,0,zero,91
manual_screen,shock,1,169,0,5,4.0,4,0,2,2,zero,91
manual_screen,shock,1,169,1,5,8.0,8,0,3,3,zero,91
manual_screen,shock,1,169,2,5,3.0,3,0,20,20,zero,91
manual_screen,shock,1,170,0,5,-0.0,0,0,0,0,zero,91
manual_screen,shock,1,170,1,5,8.0,8,0,0,0,zero,91
manual_screen,shock,1,170,2,5,3.0,3,0,20,20,zero,91
manual_screen,shock,1,171,0,5,15.0,15,0,6,6,zero,91
manual_screen,shock,1,171,1,5,18.0,18,0,0,0,zero,91
manual_screen,shock,1,171,2,5,3.0,3,0,0,0,zero,91
manual_screen,shock,1,172,0,5,20.0,20,0,2,2,zero,91
manual_screen,shock,1,172,1,5,34.0,34,0,1,1,zero,91
manual_screen,shock,1,172,2,5,2.0,2,0,0,0,zero,91
manual_screen,shock,1,173,0,5,17.0,17,0,2,2,zero,91
manual_screen,shock,1,173,1,5,35.0,35,0,0,0,zero,91
manual_screen,shock,1,173,2,5,22.0,22,0,0,0,zero,91
manual_screen,shock,1,174,0,5,12.0,12,0,2,2,zero,91
manual_screen,shock,1,174,1,5,33.0,33,0,0,0,zero,91
manual_screen,shock,1,174,2,5,42.0,42,0,0,0,zero,91
manual_screen,shock,1,175,0,4,14.0,14,0,6,6,zero,91
manual_screen,shock,1,175,1,4,27.0,27,0,1,1,zero,91
manual_screen,shock,1,175,2,4,41.0,41,0,0,0,zero,91
manual_screen,shock,1,176,0,4,12.0,12,0,2,2,zero,91
manual_screen,shock,1,176,1,4,26.0,26,0,1,1,zero,91
manual_screen,shock,1,176,2,4,40.0,40,0,0,0,zero,91
manual_screen,shock,1,177,0,5,9.0,9,0,2,2,zero,91
manual_screen,shock,1,177,1,5,24.0,24,0,1,1,zero,91
manual_screen,shock,1,177,2,5,39.0,39,0,0,0,zero,91
manual_screen,shock,1,178,0,6,5.0,5,0,6,6,zero,91
manual_screen,shock,1,178,1,6,18.0,18,0,1,1,zero,91
manual_screen,shock,1,178,2,6,38.0,38,0,0,0,zero,91
manual_screen,shock,1,179,0,6,5.0,5,0,9,9,zero,91
manual_screen,shock,1,179,1,6,10.0,10,0,15,15,zero,91
manual_screen,shock,1,179,2,6,23.0,23,0,0,0,zero,91
manual_screen,shock,1,180,0,7,-0.0,0,0,2,2,zero,91
manual_screen,shock,1,180,1,7,9.0,9,0,11,11,zero,91
manual_screen,shock,1,180,2,7,12.0,12,0,0,0,zero,91
manual_screen,shock,1,181,0,7,5.0,0,5,9,9,zero,91
manual_screen,shock,1,181,1,7,1.0,1,0,1,1,zero,91
manual_screen,shock,1,181,2,7,11.0,11,0,20,20,zero,91
manual_screen,shock,1,182,0,6,5.0,0,5,6,6,zero,91
manual_screen,shock,1,182,1,6,4.0,0,4,1,1,zero,91
manual_screen,shock,1,182,2,6,10.0,10,0,3,3,zero,91
manual_screen,shock,1,183,0,6,2.0,0,2,19,19,zero,91
manual_screen,shock,1,183,1,6,8.0,0,8,15,15,zero,91
manual_screen,shock,1,183,2,6,5.0,0,5,0,0,zero,91
manual_screen,shock,1,184,0,6,6.0,0,6,6,6,zero,91
manual_screen,shock,1,184,1,6,3.0,0,3,15,15,zero,91
manual_screen,shock,1,184,2,6,20.0,0,20,2,2,zero,91
manual_screen,shock,1,185,0,5,2.0,0,2,2,2,zero,91
manual_screen,shock,1,185,1,5,4.0,0,4,15,15,zero,91
manual_screen,shock,1,185,2,5,15.0,0,15,20,20,zero,91
manual_screen,shock,1,186,0,5,5.0,0,5,2,2,zero,91
manual_screen,shock,1,186,1,5,5.0,0,5,3,3,zero,91
manual_screen,shock,1,186,2,5,15.0,0,15,20,20,zero,91
manual_screen,shock,1,187,0,5,5.0,5,0,6,6,zero,91
manual_screen,shock,1,187,1,5,1.0,0,1,3,3,zero,91
manual_screen,shock,1,187,2,5,18.0,0,18,20,20,zero,91
manual_screen,shock,1,188,0,6,10.0,10,0,2,2,zero,91
manual_screen,shock,1,188,1,6,3.0,0,3,1,1,zero,91
manual_screen,shock,1,188,2,6,17.0,0,17,0,0,zero,91
manual_screen,shock,1,189,0,5,6.0,6,0,10,10,zero,91
manual_screen,shock,1,189,1,5,7.0,7,0,1,1,zero,91
manual_screen,shock,1,189,2,5,2.0,2,0,0,0,zero,91
manual_screen,shock,1,190,0,5,2.0,2,0,6,6,zero,91
manual_screen,shock,1,190,1,5,4.0,4,0,1,1,zero,91
manual_screen,shock,1,190,2,5,21.0,21,0,0,0,zero,91
manual_screen,shock,1,191,0,5,7.0,7,0,2,2,zero,91
manual_screen,shock,1,191,1,5,2.0,2,0,15,15,zero,91
manual_screen,shock,1,191,2,5,26.0,26,0,0,0,zero,91
manual_screen,shock,1,192,0,5,2.0,2,0,0,0,zero,91
manual_screen,shock,1,192,1,5,4.0,4,0,0,0,zero,91
manual_screen,shock,1,192,2,5,26.0,26,0,16,16,zero,91
manual_screen,shock,1,193,0,5,10.0,10,0,6,6,zero,91
manual_screen,shock,1,193,1,5,16.0,16,0,0,0,zero,91
manual_screen,shock,1,193,2,5,26.0,26,0,0,0,zero,91
manual_screen,shock,1,194,0,6,10.0,10,0,2,2,zero,91
manual_screen,shock,1,194,1,6,15.0,15,0,1,1,zero,91
manual_screen,shock,1,194,2,6,25.0,25,0,0,0,zero,91
manual_screen,shock,1,195,0,6,6.0,6,0,9,9,zero,91
manual_screen,shock,1,195,1,6,21.0,21,0,1,1,zero,91
manual_screen,shock,1,195,2,6,24.0,24,0,0,0,zero,91
manual_screen,shock,1,196,0,6,-0.0,0,0,9,9,zero,91
manual_screen,shock,1,196,1,6,12.0,12,0,15,15,zero,91
manual_screen,shock,1,196,2,6,25.0,25,0,0,0,zero,91
manual_screen,shock,1,197,0,6,-0.0,0,0,2,2,zero,91
manual_screen,shock,1,197,1,6,10.0,10,0,15,15,zero,91
manual_screen,shock,1,197,2,6,10.0,10,0,1,1,zero,91
manual_screen,shock,1,198,0,5,3.0,0,3,6,6,zero,91
manual_screen,shock,1,198,1,5,5.0,5,0,0,0,zero,91
manual_screen,shock,1,198,2,5,10.0,10,0,20,20,zero,91
manual_screen,shock,1,199,0,5,1.0,1,0,6,6,zero,91
manual_screen,shock,1,199,1,5,-0.0,0,0,1,1,zero,91
manual_screen,shock,1,199,2,5,9.0,9,0,3,3,zero,91
manual_screen,shock,1,200,0,7,3.0,3,0,6,6,zero,91
manual_screen,shock,1,200,1,7,9.0,9,0,5,5,zero,91
manual_screen,shock,1,200,2,7,4.0,4,0,0,0,zero,91
llm_single,base,0,1,0,10,10.0,10,0,10,10,zero,
llm_single,base,0,1,1,10,10.0,10,0,15,15,zero,
llm_single,base,0,1,2,10,5.0,5,0,0,0,zero,
llm_single,base,0,2,0,10,10.0,10,0,10,10,zero,
llm_single,base,0,2,1,10,10.0,10,0,1,1,zero,
llm_single,base,0,2,2,10,14.0,14,0,20,20,zero,
llm_single,base,0,3,0,10,10.0,10,0,10,10,zero,
llm_single,base,0,3,1,10,10.0,10,0,15,15,zero,
llm_single,base,0,3,2,10,9.0,9,0,3,3,zero,
llm_single,base,0,4,0,10,10.0,10,0,10,10,zero,
llm_single,base,0,4,1,10,10.0,10,0,15,15,zero,
llm_single,base,0,4,2,10,4.0,4,0,20,20,zero,
llm_single,base,0,5,0,10,10.0,10,0,9,9,zero,
llm_single,base,0,5,1,10,16.0,16,0,15,15,zero,
llm_single,base,0,5,2,10,11.0,0,11,20,20,zero,
llm_single,base,0,6,0,8,12.0,12,0,9,9,zero,
llm_single,base,0,6,1,8,8.0,8,0,15,15,zero,
llm_single,base,0,6,2,8,6.0,0,6,20,20,zero,
llm_single,base,0,7,0,8,14.0,14,0,6,6,zero,
llm_single,base,0,7,1,8,17.0,17,0,3,3,zero,
llm_single,base,0,7,2,8,6.0,0,6,20,20,zero,
llm_single,base,0,8,0,8,16.0,16,0,6,6,zero,
llm_single,base,0,8,1,8,26.0,26,0,1,1,zero,
llm_single,base,0,8,2,8,13.0,13,0,0,0,zero,
llm_single,base,0,9,0,8,17.0,17,0,6,6,zero,
llm_single,base,0,9,1,8,24.0,24,0,0,0,zero,
llm_single,base,0,9,2,8,33.0,33,0,0,0,zero,
llm_single,base,0,10,0,8,18.0,18,0,9,9,zero,
llm_single,base,0,10,1,8,35.0,35,0,1,1,zero,
llm_single,base,0,10,2,8,52.0,52,0,0,0,zero,
llm_single,base,0,11,0,9,15.0,15,0,4,4,zero,
llm_single,base,0,11,1,9,34.0,34,0,1,1,zero,
llm_single,base,0,11,2,9,71.0,71,0,0,0,zero,
llm_single,base,0,12,0,9,12.0,12,0,9,9,zero,
llm_single,base,0,12,1,9,32.0,32,0,1,1,zero,
llm_single,base,0,12,2,9,70.0,70,0,0,0,zero,
llm_single,base,0,13,0,9,9.0,9,0,9,9,zero,
llm_single,base,0,13,1,9,23.0,23,0,15,15,zero,
llm_single,base,0,13,2,9,55.0,55,0,0,0,zero,
llm_single,base,0,14,0,10,8.0,8,0,9,9,zero,
llm_single,base,0,14,1,10,15.0,15,0,15,15,zero,
llm_single,base,0,14,2,10,40.0,40,0,0,0,zero,
llm_single,base,0,15,0,12,-0.0,0,0,9,9,zero,
llm_single,base,0,15,1,12,7.0,7,0,11,11,zero,
llm_single,base,0,15,2,12,29.0,29,0,1,1,zero,
llm_single,base,0,16,0,13,4.0,0,4,19,19,zero,
llm_single,base,0,16,1,13,11.0,0,11,1,1,zero,
llm_single,base,0,16,2,13,28.0,28,0,20,20,zero,
llm_single,base,0,17,0,14,9.0,0,9,19,19,zero,
llm_single,base,0,17,1,14,15.0,0,15,15,15,zero,
llm_single,base,0,17,2,14,13.0,13,0,0,0,zero,
llm_single,base,0,18,0,15,15.0,0,15,19,19,zero,
llm_single,base,0,18,1,15,19.0,0,19,15,15,zero,
llm_single,base,0,18,2,15,2.0,0,2,16,16,zero,
llm_single,base,0,19,0,13,19.0,0,19,19,19,zero,
llm_single,base,0,19,1,13,27.0,0,27,15,15,zero,
llm_single,base,0,19,2,13,16.0,0,16,20,20,zero,
llm_single,base,0,20,0,14,25.0,0,25,19,19,zero,
llm_single,base,0,20,1,14,45.0,0,45,15,15,zero,
llm_single,base,0,20,2,14,11.0,0,11,20,20,zero,
llm_single,base,0,21,0,13,23.0,0,23,19,19,zero,
llm_single,base,0,21,1,13,49.0,0,49,18,18,zero,
llm_single,base,0,21,2,13,29.0,0,29,20,20,zero,
llm_single,base,0,22,0,14,22.0,0,22,10,10,zero,
llm_single,base,0,22,1,14,46.0,0,46,18,18,zero,
llm_single,base,0,22,2,14,31.0,0,31,20,20,zero,
llm_single,base,0,23,0,14,25.0,0,25,19,19,zero,
llm_single,base,0,23,1,14,64.0,0,64,18,18,zero,
llm_single,base,0,23,2,14,29.0,0,29,20,20,zero,
llm_single,base,0,24,0,14,38.0,0,38,19,19,zero,
llm_single,base,0,24,1,14,63.0,0,63,18,18,zero,
llm_single,base,0,24,2,14,27.0,0,27,20,20,zero,
llm_single,base,0,25,0,15,38.0,0,38,10,10,zero,
llm_single,base,0,25,1,15,73.0,0,73,18,18,zero,
llm_single,base,0,25,2,15,25.0,0,25,20,20,zero,
llm_single,base,0,26,0,15,40.0,0,40,19,19,zero,
llm_single,base,0,26,1,15,76.0,0,76,18,18,zero,
llm_single,base,0,26,2,15,23.0,0,23,20,20,zero,
llm_single,base,0,27,0,17,56.0,0,56,17,17,zero,
llm_single,base,0,27,1,17,73.0,0,73,18,18,zero,
llm_single,base,0,27,2,17,21.0,0,21,20,20,zero,
llm_single,base,0,28,0,17,53.0,0,53,17,17,zero,
llm_single,base,0,28,1,17,70.0,0,70,18,18,zero,
llm_single,base,0,28,2,17,19.0,0,19,20,20,zero,
llm_single,base,0,29,0,16,69.0,0,69,17,17,zero,
llm_single,base,0,29,1,16,67.0,0,67,18,18,zero,
llm_single,base,0,29,2,16,17.0,0,17,20,20,zero,
llm_single,base,0,30,0,16,69.0,0,69,17,17,zero,
llm_single,base,0,30,1,16,64.0,0,64,18,18,zero,
llm_single,base,0,30,2,16,15.0,0,15,20,20,zero,
llm_single,base,0,31,0,17,66.0,0,66,17,17,zero,
llm_single,base,0,31,1,17,61.0,0,61,18,18,zero,
llm_single,base,0,31,2,17,13.0,0,13,16,16,zero,
llm_single,base,0,32,0,16,62.0,0,62,17,17,zero,
llm_single,base,0,32,1,16,58.0,0,58,18,18,zero,
llm_single,base,0,32,2,16,11.0,0,11,20,20,zero,
llm_single,base,0,33,0,16,58.0,0,58,17,17,zero,
llm_single,base,0,33,1,16,55.0,0,55,18,18,zero,
llm_single,base,0,33,2,16,9.0,0,9,20,20,zero,
llm_single,base,0,34,0,14,52.0,0,52,10,10,zero,
llm_single,base,0,34,1,14,45.0,0,45,18,18,zero,
llm_single,base,0,34,2,14,7.0,0,7,20,20,zero,
llm_single,base,0,35,0,14,46.0,0,46,10,10,zero,
llm_single,base,0,35,1,14,35.0,0,35,18,18,zero,
llm_single,base,0,35,2,14,9.0,0,9,20,20,zero,
llm_single,base,0,36,0,14,40.0,0,40,10,10,zero,
llm_single,base,0,36,1,14,25.0,0,25,18,18,zero,
llm_single,base,0,36,2,14,7.0,0,7,16,16,zero,
llm_single,base,0,37,0,13,33.0,0,33,10,10,zero,
llm_single,base,0,37,1,13,15.0,0,15,0,0,zero,
llm_single,base,0,37,2,13,13.0,13,0,20,20,zero,
llm_single,base,0,38,0,11,24.0,0,24,10,10,zero,
llm_single,base,0,38,1,11,5.0,0,5,18,18,zero,
llm_single,base,0,38,2,11,15.0,15,0,1,1,zero,
llm_single,base,0,39,0,10,14.0,0,14,6,6,zero,
llm_single,base,0,39,1,10,5.0,5,0,18,18,zero,
llm_single,base,0,39,2,10,17.0,17,0,16,16,zero,
llm_single,base,0,40,0,10,4.0,0,4,6,6,zero,
llm_single,base,0,40,1,10,19.0,19,0,0,0,zero,
llm_single,base,0,40,2,10,33.0,33,0,20,20,zero,
llm_single,base,0,41,0,10,6.0,6,0,6,6,zero,
llm_single,base,0,41,1,10,20.0,20,0,3,3,zero,
llm_single,base,0,41,2,10,50.0,50,0,0,0,zero,
llm_single,base,0,42,0,11,15.0,15,0,10,10,zero,
llm_single,base,0,42,1,11,28.0,28,0,3,3,zero,
llm_single,base,0,42,2,11,48.0,48,0,0,0,zero,
llm_single,base,0,43,0,10,16.0,16,0,19,19,zero,
llm_single,base,0,43,1,10,27.0,27,0,12,12,zero,
llm_single,base,0,43,2,10,52.0,52,0,0,0,zero,
llm_single,base,0,44,0,10,12.0,12,0,9,9,zero,
llm_single,base,0,44,1,10,18.0,18,0,18,18,zero,
llm_single,base,0,44,2,10,54.0,54,0,0,0,zero,
llm_single,base,0,45,0,11,7.0,7,0,10,10,zero,
llm_single,base,0,45,1,11,11.0,11,0,15,15,zero,
llm_single,base,0,45,2,11,39.0,39,0,1,1,zero,
llm_single,base,0,46,0,11,6.0,6,0,6,6,zero,
llm_single,base,0,46,1,11,8.0,8,0,3,3,zero,
llm_single,base,0,46,2,11,36.0,36,0,20,20,zero,
llm_single,base,0,47,0,9,16.0,16,0,10,10,zero,
llm_single,base,0,47,1,9,10.0,10,0,1,1,zero,
llm_single,base,0,47,2,9,35.0,35,0,0,0,zero,
llm_single,base,0,48,0,10,15.0,15,0,6,6,zero,
llm_single,base,0,48,1,10,22.0,22,0,15,15,zero,
llm_single,base,0,48,2,10,20.0,20,0,0,0,zero,
llm_single,base,0,49,0,11,14.0,14,0,9,9,zero,
llm_single,base,0,49,1,11,28.0,28,0,1,1,zero,
llm_single,base,0,49,2,11,20.0,20,0,1,1,zero,
llm_single,base,0,50,0,12,8.0,8,0,19,19,zero,
llm_single,base,0,50,1,12,12.0,12,0,15,15,zero,
llm_single,base,0,50,2,12,25.0,25,0,1,1,zero,
llm_single,base,0,51,0,11,7.0,7,0,9,9,zero,
llm_single,base,0,51,1,11,4.0,4,0,15,15,zero,
llm_single,base,0,51,2,11,10.0,10,0,20,20,zero,
llm_single,base,0,52,0,10,3.0,3,0,9,9,zero,
llm_single,base,0,52,1,10,10.0,10,0,15,15,zero,
llm_single,base,0,52,2,10,5.0,0,5,20,20,zero,
llm_single,base,0,53,0,9,3.0,3,0,6,6,zero,
llm_single,base,0,53,1,9,5.0,5,0,3,3,zero,
llm_single,base,0,53,2,9,7.0,0,7,20,20,zero,
llm_single,base,0,54,0,8,14.0,14,0,6,6,zero,
llm_single,base,0,54,1,8,14.0,14,0,15,15,zero,
llm_single,base,0,54,2,8,21.0,0,21,0,0,zero,
llm_single,base,0,55,0,7,16.0,16,0,6,6,zero,
llm_single,base,0,55,1,7,23.0,23,0,3,3,zero,
llm_single,base,0,55,2,7,4.0,0,4,20,20,zero,
llm_single,base,0,56,0,6,19.0,19,0,6,6,zero,
llm_single,base,0,56,1,6,27.0,27,0,0,0,zero,
llm_single,base,0,56,2,6,16.0,16,0,0,0,zero,
llm_single,base,0,57,0,6,19.0,19,0,2,2,zero,
llm_single,base,0,57,1,6,26.0,26,0,1,1,zero,
llm_single,base,0,57,2,6,35.0,35,0,0,0,zero,
llm_single,base,0,58,0,5,20.0,20,0,2,2,zero,
llm_single,base,0,58,1,5,25.0,25,0,0,0,zero,
llm_single,base,0,58,2,5,35.0,35,0,0,0,zero,
llm_single,base,0,59,0,5,21.0,21,0,2,2,zero,
llm_single,base,0,59,1,5,43.0,43,0,0,0,zero,
llm_single,base,0,59,2,5,55.0,55,0,0,0,zero,
llm_single,base,0,60,0,5,22.0,22,0,2,2,zero,
llm_single,base,0,60,1,5,45.0,45,0,0,0,zero,
llm_single,base,0,60,2,5,55.0,55,0,0,0,zero,
llm_single,base,0,61,0,4,20.0,20,0,2,2,zero,
llm_single,base,0,61,1,4,44.0,44,0,0,0,zero,
llm_single,base,0,61,2,4,55.0,55,0,0,0,zero,
llm_single,base,0,62,0,5,17.0,17,0,2,2,zero,
llm_single,base,0,62,1,5,42.0,42,0,0,0,zero,
llm_single,base,0,62,2,5,55.0,55,0,0,0,zero,
llm_single,base,0,63,0,4,15.0,15,0,2,2,zero,
llm_single,base,0,63,1,4,40.0,40,0,0,0,zero,
llm_single,base,0,63,2,4,55.0,55,0,0,0,zero,
llm_single,base,0,64,0,4,13.0,13,0,2,2,zero,
llm_single,base,0,64,1,4,38.0,38,0,1,1,zero,
llm_single,base,0,64,2,4,54.0,54,0,0,0,zero,
llm_single,base,0,65,0,4,11.0,11,0,2,2,zero,
llm_single,base,0,65,1,4,36.0,36,0,1,1,zero,
llm_single,base,0,65,2,4,53.0,53,0,0,0,zero,
llm_single,base,0,66,0,4,9.0,9,0,2,2,zero,
llm_single,base,0,66,1,4,34.0,34,0,1,1,zero,
llm_single,base,0,66,2,4,52.0,52,0,0,0,zero,
llm_single,base,0,67,0,3,8.0,8,0,4,4,zero,
llm_single,base,0,67,1,3,30.0,30,0,1,1,zero,
llm_single,base,0,67,2,3,51.0,51,0,0,0,zero,
llm_single,base,0,68,0,3,7.0,7,0,2,2,zero,
llm_single,base,0,68,1,3,29.0,29,0,1,1,zero,
llm_single,base,0,68,2,3,50.0,50,0,0,0,zero,
llm_single,base,0,69,0,3,6.0,6,0,1,1,zero,
llm_single,base,0,69,1,3,29.0,29,0,1,1,zero,
llm_single,base,0,69,2,3,49.0,49,0,0,0,zero,
llm_single,base,0,70,0,3,5.0,5,0,2,2,zero,
llm_single,base,0,70,1,3,28.0,28,0,1,1,zero,
llm_single,base,0,70,2,3,48.0,48,0,0,0,zero,
llm_single,base,0,71,0,3,6.0,6,0,2,2,zero,
llm_single,base,0,71,1,3,27.0,27,0,1,1,zero,
llm_single,base,0,71,2,3,47.0,47,0,0,0,zero,
llm_single,base,0,72,0,3,5.0,5,0,2,2,zero,
llm_single,base,0,72,1,3,26.0,26,0,1,1,zero,
llm_single,base,0,72,2,3,46.0,46,0,0,0,zero,
llm_single,base,0,73,0,3,3.0,3,0,2,2,zero,
llm_single,base,0,73,1,3,25.0,25,0,1,1,zero,
llm_single,base,0,73,2,3,45.0,45,0,0,0,zero,
llm_single,base,0,74,0,3,2.0,2,0,2,2,zero,
llm_single,base,0,74,1,3,24.0,24,0,1,1,zero,
llm_single,base,0,74,2,3,44.0,44,0,0,0,zero,
llm_single,base,0,75,0,3,1.0,1,0,2,2,zero,
llm_single,base,0,75,1,3,23.0,23,0,1,1,zero,
llm_single,base,0,75,2,3,43.0,43,0,0,0,zero,
llm_single,base,0,76,0,3,-0.0,0,0,6,6,zero,
llm_single,base,0,76,1,3,18.0,18,0,1,1,zero,
llm_single,base,0,76,2,3,42.0,42,0,0,0,zero,
llm_single,base,0,77,0,3,1.0,0,1,2,2,zero,
llm_single,base,0,77,1,3,17.0,17,0,1,1,zero,
llm_single,base,0,77,2,3,41.0,41,0,0,0,zero,
llm_single,base,0,78,0,3,2.0,0,2,2,2,zero,
llm_single,base,0,78,1,3,16.0,16,0,1,1,zero,
llm_single,base,0,78,2,3,40.0,40,0,0,0,zero,
llm_single,base,0,79,0,3,3.0,0,3,2,2,zero,
llm_single,base,0,79,1,3,15.0,15,0,1,1,zero,
llm_single,base,0,79,2,3,39.0,39,0,0,0,zero,
llm_single,base,0,80,0,4,1.0,0,1,6,6,zero,
llm_single,base,0,80,1,4,10.0,10,0,1,1,zero,
llm_single,base,0,80,2,4,38.0,38,0,0,0,zero,
llm_single,base,0,81,0,3,2.0,0,2,2,2,zero,
llm_single,base,0,81,1,3,9.0,9,0,11,11,zero,
llm_single,base,0,81,2,3,27.0,27,0,0,0,zero,
llm_single,base,0,82,0,3,3.0,0,3,6,6,zero,
llm_single,base,0,82,1,3,4.0,4,0,1,1,zero,
llm_single,base,0,82,2,3,26.0,26,0,0,0,zero,
llm_single,base,0,83,0,3,4.0,0,4,2,2,zero,
llm_single,base,0,83,1,3,3.0,3,0,11,11,zero,
llm_single,base,0,83,2,3,15.0,15,0,0,0,zero,
llm_single,base,0,84,0,3,1.0,0,1,6,6,zero,
llm_single,base,0,84,1,3,2.0,0,2,0,0,zero,
llm_single,base,0,84,2,3,15.0,15,0,16,16,zero,
llm_single,base,0,85,0,3,2.0,0,2,2,2,zero,
llm_single,base,0,85,1,3,7.0,7,0,15,15,zero,
llm_single,base,0,85,2,3,-0.0,0,0,0,0,zero,
llm_single,base,0,86,0,4,-0.0,0,0,2,2,zero,
llm_single,base,0,86,1,4,6.0,6,0,0,0,zero,
llm_single,base,0,86,2,4,-0.0,0,0,20,20,zero,
llm_single,base,0,87,0,3,1.0,0,1,6,6,zero,
llm_single,base,0,87,1,3,11.0,11,0,1,1,zero,
llm_single,base,0,87,2,3,1.0,0,1,3,3,zero,
llm_single,base,0,88,0,3,-0.0,0,0,2,2,zero,
llm_single,base,0,88,1,3,9.0,9,0,1,1,zero,
llm_single,base,0,88,2,3,14.0,14,0,0,0,zero,
llm_single,base,0,89,0,3,1.0,1,0,2,2,zero,
llm_single,base,0,89,1,3,22.0,22,0,1,1,zero,
llm_single,base,0,89,2,3,13.0,13,0,0,0,zero,
llm_single,base,0,90,0,3,-0.0,0,0,2,2,zero,
llm_single,base,0,90,1,3,20.0,20,0,0,0,zero,
llm_single,base,0,90,2,3,33.0,33,0,0,0,zero,
llm_single,base,0,91,0,3,3.0,3,0,6,6,zero,
llm_single,base,0,91,1,3,14.0,14,0,1,1,zero,
llm_single,base,0,91,2,3,35.0,35,0,0,0,zero,
llm_single,base,0,92,0,3,2.0,2,0,0,0,zero,
llm_single,base,0,92,1,3,16.0,16,0,1,1,zero,
llm_single,base,0,92,2,3,34.0,34,0,0,0,zero,
llm_single,base,0,93,0,4,-0.0,0,0,6,6,zero,
llm_single,base,0,93,1,4,11.0,11,0,1,1,zero,
llm_single,base,0,93,2,4,33.0,33,0,0,0,zero,
llm_single,base,0,94,0,4,2.0,0,2,2,2,zero,
llm_single,base,0,94,1,4,9.0,9,0,15,15,zero,
llm_single,base,0,94,2,4,18.0,18,0,0,0,zero,
llm_single,base,0,95,0,4,-0.0,0,0,6,6,zero,
llm_single,base,0,95,1,4,4.0,4,0,1,1,zero,
llm_single,base,0,95,2,4,17.0,17,0,1,1,zero,
llm_single,base,0,96,0,5,5.0,0,5,2,2,zero,
llm_single,base,0,96,1,5,3.0,3,0,15,15,zero,
llm_single,base,0,96,2,5,2.0,2,0,0,0,zero,
llm_single,base,0,97,0,4,3.0,0,3,10,10,zero,
llm_single,base,0,97,1,4,6.0,0,6,0,0,zero,
llm_single,base,0,97,2,4,2.0,2,0,20,20,zero,
llm_single,base,0,98,0,4,5.0,0,5,10,10,zero,
llm_single,base,0,98,1,4,1.0,0,1,15,15,zero,
llm_single,base,0,98,2,4,13.0,0,13,3,3,zero,
llm_single,base,0,99,0,3,2.0,0,2,2,2,zero,
llm_single,base,0,99,1,3,2.0,0,2,15,15,zero,
llm_single,base,0,99,2,3,27.0,0,27,20,20,zero,
llm_single,base,0,100,0,4,4.0,0,4,2,2,zero,
llm_single,base,0,100,1,4,11.0,11,0,15,15,zero,
llm_single,base,0,100,2,4,42.0,0,42,20,20,zero,
llm_single,base,0,101,0,3,3.0,0,3,6,6,zero,
llm_single,base,0,101,1,3,5.0,5,0,15,15,zero,
llm_single,base,0,101,2,3,37.0,0,37,20,20,zero,
llm_single,base,0,102,0,4,8.0,8,0,2,2,zero,
llm_single,base,0,102,1,4,5.0,5,0,0,0,zero,
llm_single,base,0,102,2,4,34.0,0,34,20,20,zero,
llm_single,base,0,103,0,4,5.0,5,0,6,6,zero,
llm_single,base,0,103,1,4,-0.0,0,0,0,0,zero,
llm_single,base,0,103,2,4,14.0,0,14,0,0,zero,
llm_single,base,0,104,0,4,5.0,5,0,2,2,zero,
llm_single,base,0,104,1,4,2.0,0,2,0,0,zero,
llm_single,base,0,104,2,4,6.0,6,0,0,0,zero,
llm_single,base,0,105,0,4,7.0,7,0,6,6,zero,
llm_single,base,0,105,1,4,12.0,12,0,0,0,zero,
llm_single,base,0,105,2,4,26.0,26,0,0,0,zero,
llm_single,base,0,106,0,4,5.0,5,0,2,2,zero,
llm_single,base,0,106,1,4,13.0,13,0,0,0,zero,
llm_single,base,0,106,2,4,46.0,46,0,0,0,zero,
llm_single,base,0,107,0,4,7.0,7,0,6,6,zero,
llm_single,base,0,107,1,4,27.0,27,0,0,0,zero,
llm_single,base,0,107,2,4,46.0,46,0,0,0,zero,
llm_single,base,0,108,0,5,2.0,2,0,0,0,zero,
llm_single,base,0,108,1,5,41.0,41,0,1,1,zero,
llm_single,base,0,108,2,5,45.0,45,0,0,0,zero,
llm_single,base,0,109,0,5,5.0,5,0,6,6,zero,
llm_single,base,0,109,1,5,35.0,35,0,0,0,zero,
llm_single,base,0,109,2,5,45.0,45,0,0,0,zero,
llm_single,base,0,110,0,4,3.0,3,0,2,2,zero,
llm_single,base,0,110,1,4,33.0,33,0,1,1,zero,
llm_single,base,0,110,2,4,44.0,44,0,0,0,zero,
llm_single,base,0,111,0,4,5.0,5,0,6,6,zero,
llm_single,base,0,111,1,4,27.0,27,0,1,1,zero,
llm_single,base,0,111,2,4,43.0,43,0,0,0,zero,
llm_single,base,0,112,0,4,1.0,1,0,2,2,zero,
llm_single,base,0,112,1,4,26.0,26,0,1,1,zero,
llm_single,base,0,112,2,4,42.0,42,0,0,0,zero,
llm_single,base,0,113,0,4,3.0,3,0,2,2,zero,
llm_single,base,0,113,1,4,24.0,24,0,1,1,zero,
llm_single,base,0,113,2,4,41.0,41,0,0,0,zero,
llm_single,base,0,114,0,4,1.0,1,0,6,6,zero,
llm_single,base,0,114,1,4,19.0,19,0,1,1,zero,
llm_single,base,0,114,2,4,40.0,40,0,0,0,zero,
llm_single,base,0,115,0,4,3.0,3,0,2,2,zero,
llm_single,base,0,115,1,4,18.0,18,0,15,15,zero,
llm_single,base,0,115,2,4,25.0,25,0,0,0,zero,
llm_single,base,0,116,0,4,1.0,1,0,10,10,zero,
llm_single,base,0,116,1,4,9.0,9,0,1,1,zero,
llm_single,base,0,116,2,4,24.0,24,0,0,0,zero,
llm_single,base,0,117,0,4,1.0,0,1,2,2,zero,
llm_single,base,0,117,1,4,8.0,8,0,15,15,zero,
llm_single,base,0,117,2,4,9.0,9,0,0,0,zero,
llm_single,base,0,118,0,4,1.0,1,0,2,2,zero,
llm_single,base,0,118,1,4,7.0,7,0,1,1,zero,
llm_single,base,0,118,2,4,8.0,8,0,20,20,zero,
llm_single,base,0,119,0,3,-0.0,0,0,2,2,zero,
llm_single,base,0,119,1,3,20.0,20,0,0,0,zero,
llm_single,base,0,119,2,3,8.0,8,0,3,3,zero,
llm_single,base,0,120,0,3,7.0,7,0,6,6,zero,
llm_single,base,0,120,1,3,15.0,15,0,0,0,zero,
llm_single,base,0,120,2,3,8.0,8,0,0,0,zero,
llm_single,base,0,121,0,3,6.0,6,0,0,0,zero,
llm_single,base,0,121,1,3,30.0,30,0,1,1,zero,
llm_single,base,0,121,2,3,7.0,7,0,0,0,zero,
llm_single,base,0,122,0,3,5.0,5,0,6,6,zero,
llm_single,base,0,122,1,3,25.0,25,0,0,0,zero,
llm_single,base,0,122,2,3,27.0,27,0,0,0,zero,
llm_single,base,0,123,0,3,4.0,4,0,2,2,zero,
llm_single,base,0,123,1,3,23.0,23,0,1,1,zero,
llm_single,base,0,123,2,3,29.0,29,0,0,0,zero,
llm_single,base,0,124,0,3,7.0,7,0,0,0,zero,
llm_single,base,0,124,1,3,23.0,23,0,1,1,zero,
llm_single,base,0,124,2,3,28.0,28,0,0,0,zero,
llm_single,base,0,125,0,4,3.0,3,0,0,0,zero,
llm_single,base,0,125,1,4,24.0,24,0,1,1,zero,
llm_single,base,0,125,2,4,27.0,27,0,0,0,zero,
llm_single,base,0,126,0,3,6.0,6,0,6,6,zero,
llm_single,base,0,126,1,3,18.0,18,0,0,0,zero,
llm_single,base,0,126,2,3,27.0,27,0,0,0,zero,
llm_single,base,0,127,0,3,5.0,5,0,2,2,zero,
llm_single,base,0,127,1,3,17.0,17,0,1,1,zero,
llm_single,base,0,127,2,3,26.0,26,0,0,0,zero,
llm_single,base,0,128,0,3,2.0,2,0,6,6,zero,
llm_single,base,0,128,1,3,12.0,12,0,1,1,zero,
llm_single,base,0,128,2,3,25.0,25,0,0,0,zero,
llm_single,base,0,129,0,3,1.0,0,1,2,2,zero,
llm_single,base,0,129,1,3,11.0,11,0,15,15,zero,
llm_single,base,0,129,2,3,10.0,10,0,0,0,zero,
llm_single,base,0,130,0,3,2.0,2,0,0,0,zero,
llm_single,base,0,130,1,3,11.0,11,0,1,1,zero,
llm_single,base,0,130,2,3,9.0,9,0,1,1,zero,
llm_single,base,0,131,0,3,1.0,1,0,2,2,zero,
llm_single,base,0,131,1,3,10.0,10,0,0,0,zero,
llm_single,base,0,131,2,3,9.0,9,0,20,20,zero,
llm_single,base,0,132,0,3,4.0,4,0,6,6,zero,
llm_single,base,0,132,1,3,5.0,5,0,0,0,zero,
llm_single,base,0,132,2,3,9.0,9,0,0,0,zero,
llm_single,base,0,133,0,3,3.0,3,0,2,2,zero,
llm_single,base,0,133,1,3,18.0,18,0,1,1,zero,
llm_single,base,0,133,2,3,8.0,8,0,0,0,zero,
llm_single,base,0,134,0,3,-0.0,0,0,6,6,zero,
llm_single,base,0,134,1,3,13.0,13,0,1,1,zero,
llm_single,base,0,134,2,3,8.0,8,0,0,0,zero,
llm_single,base,0,135,0,2,-0.0,0,0,0,0,zero,
llm_single,base,0,135,1,2,13.0,13,0,15,15,zero,
llm_single,base,0,135,2,2,13.0,13,0,0,0,zero,
llm_single,base,0,136,0,2,4.0,4,0,0,0,zero,
llm_single,base,0,136,1,2,13.0,13,0,0,0,zero,
llm_single,base,0,136,2,2,13.0,13,0,1,1,zero,
llm_single,base,0,137,0,3,3.0,3,0,0,0,zero,
llm_single,base,0,137,1,3,14.0,14,0,0,0,zero,
llm_single,base,0,137,2,3,13.0,13,0,0,0,zero,
llm_single,base,0,138,0,3,6.0,6,0,6,6,zero,
llm_single,base,0,138,1,3,9.0,9,0,0,0,zero,
llm_single,base,0,138,2,3,13.0,13,0,0,0,zero,
llm_single,base,0,139,0,3,3.0,3,0,2,2,zero,
llm_single,base,0,139,1,3,22.0,22,0,0,0,zero,
llm_single,base,0,139,2,3,13.0,13,0,0,0,zero,
llm_single,base,0,140,0,4,1.0,0,1,6,6,zero,
llm_single,base,0,140,1,4,16.0,16,0,0,0,zero,
llm_single,base,0,140,2,4,14.0,14,0,0,0,zero,
llm_single,base,0,141,0,4,5.0,0,5,2,2,zero,
llm_single,base,0,141,1,4,14.0,14,0,1,1,zero,
llm_single,base,0,141,2,4,13.0,13,0,0,0,zero,
llm_single,base,0,142,0,3,2.0,0,2,10,10,zero,
llm_single,base,0,142,1,3,4.0,4,0,1,1,zero,
llm_single,base,0,142,2,3,12.0,12,0,0,0,zero,
llm_single,base,0,143,0,4,4.0,0,4,2,2,zero,
llm_single,base,0,143,1,4,2.0,2,0,15,15,zero,
llm_single,base,0,143,2,4,3.0,0,3,0,0,zero,
llm_single,base,0,144,0,4,2.0,0,2,6,6,zero,
llm_single,base,0,144,1,4,4.0,0,4,1,1,zero,
llm_single,base,0,144,2,4,4.0,0,4,20,20,zero,
llm_single,base,0,145,0,4,4.0,0,4,6,6,zero,
llm_single,base,0,145,1,4,9.0,0,9,15,15,zero,
llm_single,base,0,145,2,4,19.0,0,19,20,20,zero,
llm_single,base,0,146,0,4,2.0,2,0,6,6,zero,
llm_single,base,0,146,1,4,14.0,0,14,15,15,zero,
llm_single,base,0,146,2,4,34.0,0,34,20,20,zero,
llm_single,base,0,147,0,3,1.0,1,0,19,19,zero,
llm_single,base,0,147,1,3,21.0,0,21,15,15,zero,
llm_single,base,0,147,2,3,49.0,0,49,20,20,zero,
llm_single,base,0,148,0,3,-0.0,0,0,10,10,zero,
llm_single,base,0,148,1,3,31.0,0,31,15,15,zero,
llm_single,base,0,148,2,3,44.0,0,44,20,20,zero,
llm_single,base,0,149,0,3,2.0,0,2,6,6,zero,
llm_single,base,0,149,1,3,37.0,0,37,15,15,zero,
llm_single,base,0,149,2,3,39.0,0,39,20,20,zero,
llm_single,base,0,150,0,3,4.0,0,4,6,6,zero,
llm_single,base,0,150,1,3,43.0,0,43,3,3,zero,
llm_single,base,0,150,2,3,22.0,0,22,20,20,zero,
llm_single,base,0,151,0,2,6.0,6,0,6,6,zero,
llm_single,base,0,151,1,2,49.0,0,49,0,0,zero,
llm_single,base,0,151,2,2,2.0,0,2,0,0,zero,
llm_single,base,0,152,0,2,4.0,4,0,6,6,zero,
llm_single,base,0,152,1,2,35.0,0,35,0,0,zero,
llm_single,base,0,152,2,2,18.0,18,0,0,0,zero,
llm_single,base,0,153,0,2,2.0,2,0,2,2,zero,
llm_single,base,0,153,1,2,17.0,0,17,0,0,zero,
llm_single,base,0,153,2,2,38.0,38,0,0,0,zero,
llm_single,base,0,154,0,3,1.0,0,1,0,0,zero,
llm_single,base,0,154,1,3,3.0,3,0,0,0,zero,
llm_single,base,0,154,2,3,58.0,58,0,0,0,zero,
llm_single,base,0,155,0,3,4.0,0,4,0,0,zero,
llm_single,base,0,155,1,3,23.0,23,0,0,0,zero,
llm_single,base,0,155,2,3,58.0,58,0,0,0,zero,
llm_single,base,0,156,0,3,13.0,13,0,0,0,zero,
llm_single,base,0,156,1,3,25.0,25,0,0,0,zero,
llm_single,base,0,156,2,3,58.0,58,0,0,0,zero,
llm_single,base,0,157,0,4,29.0,29,0,0,0,zero,
llm_single,base,0,157,1,4,25.0,25,0,0,0,zero,
llm_single,base,0,157,2,4,58.0,58,0,0,0,zero,
llm_single,base,0,158,0,3,43.0,43,0,0,0,zero,
llm_single,base,0,158,1,3,25.0,25,0,0,0,zero,
llm_single,base,0,158,2,3,58.0,58,0,0,0,zero,
llm_single,base,0,159,0,3,40.0,40,0,0,0,zero,
llm_single,base,0,159,1,3,25.0,25,0,0,0,zero,
llm_single,base,0,159,2,3,58.0,58,0,0,0,zero,
llm_single,base,0,160,0,3,37.0,37,0,0,0,zero,
llm_single,base,0,160,1,3,25.0,25,0,0,0,zero,
llm_single,base,0,160,2,3,58.0,58,0,0,0,zero,
llm_single,base,0,161,0,3,34.0,34,0,0,0,zero,
llm_single,base,0,161,1,3,25.0,25,0,0,0,zero,
llm_single,base,0,161,2,3,58.0,58,0,0,0,zero,
llm_single,base,0,162,0,3,31.0,31,0,0,0,zero,
llm_single,base,0,162,1,3,25.0,25,0,0,0,zero,
llm_single,base,0,162,2,3,58.0,58,0,0,0,zero,
llm_single,base,0,163,0,3,28.0,28,0,0,0,zero,
llm_single,base,0,163,1,3,25.0,25,0,0,0,zero,
llm_single,base,0,163,2,3,58.0,58,0,0,0,zero,
llm_single,base,0,164,0,4,24.0,24,0,0,0,zero,
llm_single,base,0,164,1,4,25.0,25,0,0,0,zero,
llm_single,base,0,164,2,4,58.0,58,0,0,0,zero,
llm_single,base,0,165,0,3,21.0,21,0,0,0,zero,
llm_single,base,0,165,1,3,25.0,25,0,0,0,zero,
llm_single,base,0,165,2,3,58.0,58,0,0,0,zero,
llm_single,base,0,166,0,3,18.0,18,0,0,0,zero,
llm_single,base,0,166,1,3,25.0,25,0,0,0,zero,
llm_single,base,0,166,2,3,58.0,58,0,0,0,zero,
llm_single,base,0,167,0,4,14.0,14,0,2,2,zero,
llm_single,base,0,167,1,4,23.0,23,0,0,0,zero,
llm_single,base,0,167,2,4,58.0,58,0,0,0,zero,
llm_single,base,0,168,0,3,11.0,11,0,2,2,zero,
llm_single,base,0,168,1,3,21.0,21,0,0,0,zero,
llm_single,base,0,168,2,3,58.0,58,0,0,0,zero,
llm_single,base,0,169,0,3,8.0,8,0,2,2,zero,
llm_single,base,0,169,1,3,19.0,19,0,1,1,zero,
llm_single,base,0,169,2,3,57.0,57,0,0,0,zero,
llm_single,base,0,170,0,3,5.0,5,0,2,2,zero,
llm_single,base,0,170,1,3,17.0,17,0,1,1,zero,
llm_single,base,0,170,2,3,56.0,56,0,0,0,zero,
llm_single,base,0,171,0,3,4.0,4,0,2,2,zero,
llm_single,base,0,171,1,3,15.0,15,0,1,1,zero,
llm_single,base,0,171,2,3,55.0,55,0,0,0,zero,
llm_single,base,0,172,0,3,3.0,3,0,2,2,zero,
llm_single,base,0,172,1,3,13.0,13,0,1,1,zero,
llm_single,base,0,172,2,3,54.0,54,0,0,0,zero,
llm_single,base,0,173,0,4,1.0,1,0,2,2,zero,
llm_single,base,0,173,1,4,12.0,12,0,1,1,zero,
llm_single,base,0,173,2,4,53.0,53,0,0,0,zero,
llm_single,base,0,174,0,5,2.0,0,2,9,9,zero,
llm_single,base,0,174,1,5,4.0,4,0,1,1,zero,
llm_single,base,0,174,2,5,52.0,52,0,0,0,zero,
llm_single,base,0,175,0,5,5.0,0,5,2,2,zero,
llm_single,base,0,175,1,5,3.0,3,0,15,15,zero,
llm_single,base,0,175,2,5,37.0,37,0,0,0,zero,
llm_single,base,0,176,0,5,8.0,0,8,10,10,zero,
llm_single,base,0,176,1,5,6.0,0,6,1,1,zero,
llm_single,base,0,176,2,5,36.0,36,0,0,0,zero,
llm_single,base,0,177,0,6,12.0,0,12,10,10,zero,
llm_single,base,0,177,1,6,15.0,0,15,15,15,zero,
llm_single,base,0,177,2,6,21.0,21,0,0,0,zero,
llm_single,base,0,178,0,6,9.0,0,9,10,10,zero,
llm_single,base,0,178,1,6,24.0,0,24,15,15,zero,
llm_single,base,0,178,2,6,6.0,6,0,16,16,zero,
llm_single,base,0,179,0,5,12.0,0,12,19,19,zero,
llm_single,base,0,179,1,5,28.0,0,28,15,15,zero,
llm_single,base,0,179,2,5,9.0,0,9,20,20,zero,
llm_single,base,0,180,0,6,14.0,0,14,10,10,zero,
llm_single,base,0,180,1,6,37.0,0,37,18,18,zero,
llm_single,base,0,180,2,6,27.0,0,27,20,20,zero,
llm_single,base,0,181,0,6,19.0,0,19,19,19,zero,
llm_single,base,0,181,1,6,41.0,0,41,18,18,zero,
llm_single,base,0,181,2,6,45.0,0,45,20,20,zero,
llm_single,base,0,182,0,6,24.0,0,24,10,10,zero,
llm_single,base,0,182,1,6,36.0,0,36,18,18,zero,
llm_single,base,0,182,2,6,47.0,0,47,20,20,zero,
llm_single,base,0,183,0,7,16.0,0,16,6,6,zero,
llm_single,base,0,183,1,7,36.0,0,36,18,18,zero,
llm_single,base,0,183,2,7,45.0,0,45,20,20,zero,
llm_single,base,0,184,0,7,22.0,0,22,10,10,zero,
llm_single,base,0,184,1,7,46.0,0,46,18,18,zero,
llm_single,base,0,184,2,7,43.0,0,43,20,20,zero,
llm_single,base,0,185,0,6,13.0,0,13,10,10,zero,
llm_single,base,0,185,1,6,56.0,0,56,18,18,zero,
llm_single,base,0,185,2,6,41.0,0,41,20,20,zero,
llm_single,base,0,186,0,7,5.0,0,5,10,10,zero,
llm_single,base,0,186,1,7,50.0,0,50,0,0,zero,
llm_single,base,0,186,2,7,21.0,0,21,20,20,zero,
llm_single,base,0,187,0,6,5.0,0,5,6,6,zero,
llm_single,base,0,187,1,6,36.0,0,36,0,0,zero,
llm_single,base,0,187,2,6,1.0,0,1,0,0,zero,
llm_single,base,0,188,0,6,11.0,0,11,0,0,zero,
llm_single,base,0,188,1,6,16.0,0,16,0,0,zero,
llm_single,base,0,188,2,6,19.0,19,0,0,0,zero,
llm_single,base,0,189,0,6,17.0,0,17,0,0,zero,
llm_single,base,0,189,1,6,4.0,4,0,0,0,zero,
llm_single,base,0,189,2,6,39.0,39,0,0,0,zero,
llm_single,base,0,190,0,5,6.0,0,6,0,0,zero,
llm_single,base,0,190,1,5,24.0,24,0,0,0,zero,
llm_single,base,0,190,2,5,59.0,59,0,0,0,zero,
llm_single,base,0,191,0,5,9.0,9,0,6,6,zero,
llm_single,base,0,191,1,5,38.0,38,0,0,0,zero,
llm_single,base,0,191,2,5,59.0,59,0,0,0,zero,
llm_single,base,0,192,0,5,24.0,24,0,6,6,zero,
llm_single,base,0,192,1,5,33.0,33,0,0,0,zero,
llm_single,base,0,192,2,5,59.0,59,0,0,0,zero,
llm_single,base,0,193,0,5,35.0,35,0,0,0,zero,
llm_single,base,0,193,1,5,33.0,33,0,12,12,zero,
llm_single,base,0,193,2,5,47.0,47,0,0,0,zero,
llm_single,base,0,194,0,4,31.0,31,0,0,0,zero,
llm_single,base,0,194,1,4,33.0,33,0,1,1,zero,
llm_single,base,0,194,2,4,46.0,46,0,0,0,zero,
llm_single,base,0,195,0,4,33.0,33,0,0,0,zero,
llm_single,base,0,195,1,4,33.0,33,0,0,0,zero,
llm_single,base,0,195,2,4,46.0,46,0,0,0,zero,
llm_single,base,0,196,0,4,35.0,35,0,0,0,zero,
llm_single,base,0,196,1,4,33.0,33,0,0,0,zero,
llm_single,base,0,196,2,4,46.0,46,0,0,0,zero,
llm_single,base,0,197,0,4,31.0,31,0,0,0,zero,
llm_single,base,0,197,1,4,45.0,45,0,0,0,zero,
llm_single,base,0,197,2,4,46.0,46,0,0,0,zero,
llm_single,base,0,198,0,4,27.0,27,0,0,0,zero,
llm_single,base,0,198,1,4,46.0,46,0,0,0,zero,
llm_single,base,0,198,2,4,46.0,46,0,0,0,zero,
llm_single,base,0,199,0,4,23.0,23,0,0,0,zero,
llm_single,base,0,199,1,4,46.0,46,0,0,0,zero,
llm_single,base,0,199,2,4,46.0,46,0,0,0,zero,
llm_single,base,0,200,0,5,18.0,18,0,2,2,zero,
llm_single,base,0,200,1,5,44.0,44,0,0,0,zero,
llm_single,base,0,200,2,5,46.0,46,0,0,0,zero,
llm_single,base,1,1,0,10,10.0,10,0,10,10,zero,
llm_single,base,1,1,1,10,10.0,10,0,15,15,zero,
llm_single,base,1,1,2,10,5.0,5,0,0,0,zero,
llm_single,base,1,2,0,11,9.0,9,0,10,10,zero,
llm_single,base,1,2,1,11,10.0,10,0,1,1,zero,
llm_single,base,1,2,2,11,14.0,14,0,20,20,zero,
llm_single,base,1,3,0,9,10.0,10,0,19,19,zero,
llm_single,base,1,3,1,9,1.0,1,0,15,15,zero,
llm_single,base,1,3,2,9,9.0,9,0,3,3,zero,
llm_single,base,1,4,0,10,10.0,10,0,6,6,zero,
llm_single,base,1,4,1,10,5.0,5,0,15,15,zero,
llm_single,base,1,4,2,10,4.0,4,0,20,20,zero,
llm_single,base,1,5,0,11,9.0,9,0,6,6,zero,
llm_single,base,1,5,1,11,14.0,14,0,15,15,zero,
llm_single,base,1,5,2,11,11.0,0,11,20,20,zero,
llm_single,base,1,6,0,10,9.0,9,0,6,6,zero,
llm_single,base,1,6,1,10,9.0,9,0,3,3,zero,
llm_single,base,1,6,2,10,6.0,6,0,20,20,zero,
llm_single,base,1,7,0,9,19.0,19,0,10,10,zero,
llm_single,base,1,7,1,9,14.0,14,0,0,0,zero,
llm_single,base,1,7,2,9,9.0,9,0,0,0,zero,
llm_single,base,1,8,0,10,15.0,15,0,6,6,zero,
llm_single,base,1,8,1,10,23.0,23,0,1,1,zero,
llm_single,base,1,8,2,10,28.0,28,0,0,0,zero,
llm_single,base,1,9,0,11,10.0,10,0,9,9,zero,
llm_single,base,1,9,1,11,18.0,18,0,1,1,zero,
llm_single,base,1,9,2,11,47.0,47,0,0,0,zero,
llm_single,base,1,10,0,11,5.0,5,0,19,19,zero,
llm_single,base,1,10,1,11,13.0,13,0,15,15,zero,
llm_single,base,1,10,2,11,52.0,52,0,0,0,zero,
llm_single,base,1,11,0,10,5.0,5,0,9,9,zero,
llm_single,base,1,11,1,10,4.0,4,0,15,15,zero,
llm_single,base,1,11,2,10,37.0,37,0,0,0,zero,
llm_single,base,1,12,0,10,1.0,1,0,9,9,zero,
llm_single,base,1,12,1,10,4.0,0,4,15,15,zero,
llm_single,base,1,12,2,10,22.0,22,0,20,20,zero,
llm_single,base,1,13,0,10,-0.0,0,0,6,6,zero,
llm_single,base,1,13,1,10,9.0,0,9,3,3,zero,
llm_single,base,1,13,2,10,19.0,19,0,20,20,zero,
llm_single,base,1,14,0,10,9.0,9,0,10,10,zero,
llm_single,base,1,14,1,10,4.0,0,4,3,3,zero,
llm_single,base,1,14,2,10,16.0,16,0,0,0,zero,
llm_single,base,1,15,0,10,8.0,8,0,6,6,zero,
llm_single,base,1,15,1,10,5.0,5,0,18,18,zero,
llm_single,base,1,15,2,10,2.0,0,2,0,0,zero,
llm_single,base,1,16,0,9,4.0,4,0,10,10,zero,
llm_single,base,1,16,1,9,10.0,10,0,15,15,zero,
llm_single,base,1,16,2,9,3.0,3,0,0,0,zero,
llm_single,base,1,17,0,10,5.0,0,5,6,6,zero,
llm_single,base,1,17,1,10,7.0,7,0,3,3,zero,
llm_single,base,1,17,2,10,20.0,20,0,20,20,zero,
llm_single,base,1,18,0,10,-0.0,0,0,10,10,zero,
llm_single,base,1,18,1,10,-0.0,0,0,3,3,zero,
llm_single,base,1,18,2,10,17.0,17,0,5,5,zero,
llm_single,base,1,19,0,10,-0.0,0,0,10,10,zero,
llm_single,base,1,19,1,10,6.0,6,0,15,15,zero,
llm_single,base,1,19,2,10,2.0,2,0,0,0,zero,
llm_single,base,1,20,0,11,1.0,0,1,19,19,zero,
llm_single,base,1,20,1,11,4.0,4,0,15,15,zero,
llm_single,base,1,20,2,11,13.0,0,13,0,0,zero,
llm_single,base,1,21,0,12,7.0,0,7,9,9,zero,
llm_single,base,1,21,1,12,2.0,0,2,18,18,zero,
llm_single,base,1,21,2,12,11.0,0,11,20,20,zero,
llm_single,base,1,22,0,13,10.0,0,10,19,19,zero,
llm_single,base,1,22,1,13,18.0,0,18,15,15,zero,
llm_single,base,1,22,2,13,21.0,0,21,20,20,zero,
llm_single,base,1,23,0,13,13.0,0,13,10,10,zero,
llm_single,base,1,23,1,13,13.0,0,13,18,18,zero,
llm_single,base,1,23,2,13,39.0,0,39,20,20,zero,
llm_single,base,1,24,0,15,9.0,0,9,10,10,zero,
llm_single,base,1,24,1,15,21.0,0,21,18,18,zero,
llm_single,base,1,24,2,15,57.0,0,57,20,20,zero,
llm_single,base,1,25,0,14,16.0,0,16,19,19,zero,
llm_single,base,1,25,1,14,20.0,0,20,15,15,zero,
llm_single,base,1,25,2,14,52.0,0,52,20,20,zero,
llm_single,base,1,26,0,13,26.0,0,26,10,10,zero,
llm_single,base,1,26,1,13,25.0,0,25,18,18,zero,
llm_single,base,1,26,2,13,50.0,0,50,20,20,zero,
llm_single,base,1,27,0,13,24.0,0,24,19,19,zero,
llm_single,base,1,27,1,13,44.0,0,44,18,18,zero,
llm_single,base,1,27,2,13,48.0,0,48,20,20,zero,
llm_single,base,1,28,0,13,35.0,0,35,19,19,zero,
llm_single,base,1,28,1,13,63.0,0,63,18,18,zero,
llm_single,base,1,28,2,13,46.0,0,46,20,20,zero,
llm_single,base,1,29,0,13,28.0,0,28,19,19,zero,
llm_single,base,1,29,1,13,62.0,0,62,18,18,zero,
llm_single,base,1,29,2,13,44.0,0,44,20,20,zero,
llm_single,base,1,30,0,14,37.0,0,37,10,10,zero,
llm_single,base,1,30,1,14,52.0,0,52,18,18,zero,
llm_single,base,1,30,2,14,42.0,0,42,20,20,zero,
llm_single,base,1,31,0,15,52.0,0,52,17,17,zero,
llm_single,base,1,31,1,15,49.0,0,49,18,18,zero,
llm_single,base,1,31,2,15,40.0,0,40,20,20,zero,
llm_single,base,1,32,0,14,66.0,0,66,17,17,zero,
llm_single,base,1,32,1,14,46.0,0,46,18,18,zero,
llm_single,base,1,32,2,14,38.0,0,38,20,20,zero,
llm_single,base,1,33,0,14,60.0,0,60,17,17,zero,
llm_single,base,1,33,1,14,43.0,0,43,18,18,zero,
llm_single,base,1,33,2,14,36.0,0,36,20,20,zero,
llm_single,base,1,34,0,15,55.0,0,55,10,10,zero,
llm_single,base,1,34,1,15,33.0,0,33,18,18,zero,
llm_single,base,1,34,2,15,34.0,0,34,20,20,zero,
llm_single,base,1,35,0,16,51.0,0,51,10,10,zero,
llm_single,base,1,35,1,16,23.0,0,23,0,0,zero,
llm_single,base,1,35,2,16,14.0,0,14,20,20,zero,
llm_single,base,1,36,0,15,46.0,0,46,10,10,zero,
llm_single,base,1,36,1,15,13.0,0,13,0,0,zero,
llm_single,base,1,36,2,15,6.0,6,0,0,0,zero,
llm_single,base,1,37,0,15,41.0,0,41,10,10,zero,
llm_single,base,1,37,1,15,3.0,0,3,18,18,zero,
llm_single,base,1,37,2,15,8.0,8,0,0,0,zero,
llm_single,base,1,38,0,14,35.0,0,35,10,10,zero,
llm_single,base,1,38,1,14,7.0,7,0,18,18,zero,
llm_single,base,1,38,2,14,10.0,10,0,16,16,zero,
llm_single,base,1,39,0,14,29.0,0,29,10,10,zero,
llm_single,base,1,39,1,14,17.0,17,0,18,18,zero,
llm_single,base,1,39,2,14,12.0,12,0,20,20,zero,
llm_single,base,1,40,0,14,23.0,0,23,10,10,zero,
llm_single,base,1,40,1,14,21.0,21,0,0,0,zero,
llm_single,base,1,40,2,14,12.0,12,0,20,20,zero,
llm_single,base,1,41,0,13,16.0,0,16,19,19,zero,
llm_single,base,1,41,1,13,20.0,20,0,12,12,zero,
llm_single,base,1,41,2,13,-0.0,0,0,3,3,zero,
llm_single,base,1,42,0,13,16.0,0,16,10,10,zero,
llm_single,base,1,42,1,13,28.0,28,0,18,18,zero,
llm_single,base,1,42,2,13,2.0,0,2,0,0,zero,
llm_single,base,1,43,0,13,19.0,0,19,19,19,zero,
llm_single,base,1,43,1,13,27.0,27,0,15,15,zero,
llm_single,base,1,43,2,13,3.0,3,0,20,20,zero,
llm_single,base,1,44,0,13,22.0,0,22,10,10,zero,
llm_single,base,1,44,1,13,17.0,17,0,18,18,zero,
llm_single,base,1,44,2,13,5.0,5,0,20,20,zero,
llm_single,base,1,45,0,15,18.0,0,18,19,19,zero,
llm_single,base,1,45,1,15,10.0,10,0,3,3,zero,
llm_single,base,1,45,2,15,5.0,5,0,20,20,zero,
llm_single,base,1,46,0,15,23.0,0,23,19,19,zero,
llm_single,base,1,46,1,15,7.0,7,0,15,15,zero,
llm_single,base,1,46,2,15,10.0,0,10,0,0,zero,
llm_single,base,1,47,0,14,18.0,0,18,19,19,zero,
llm_single,base,1,47,1,14,5.0,5,0,15,15,zero,
llm_single,base,1,47,2,14,5.0,0,5,0,0,zero,
llm_single,base,1,48,0,14,22.0,0,22,19,19,zero,
llm_single,base,1,48,1,14,4.0,4,0,15,15,zero,
llm_single,base,1,48,2,14,-0.0,0,0,20,20,zero,
llm_single,base,1,49,0,15,18.0,0,18,10,10,zero,
llm_single,base,1,49,1,15,3.0,0,3,15,15,zero,
llm_single,base,1,49,2,15,5.0,5,0,20,20,zero,
llm_single,base,1,50,0,18,17.0,0,17,10,10,zero,
llm_single,base,1,50,1,18,8.0,0,8,15,15,zero,
llm_single,base,1,50,2,18,10.0,0,10,20,20,zero,
llm_single,base,1,51,0,17,15.0,0,15,19,19,zero,
llm_single,base,1,51,1,17,7.0,0,7,15,15,zero,
llm_single,base,1,51,2,17,25.0,0,25,20,20,zero,
llm_single,base,1,52,0,18,14.0,0,14,10,10,zero,
llm_single,base,1,52,1,18,3.0,3,0,18,18,zero,
llm_single,base,1,52,2,18,23.0,0,23,0,0,zero,
llm_single,base,1,53,0,18,25.0,0,25,19,19,zero,
llm_single,base,1,53,1,18,1.0,0,1,15,15,zero,
llm_single,base,1,53,2,18,18.0,0,18,20,20,zero,
llm_single,base,1,54,0,18,38.0,0,38,19,19,zero,
llm_single,base,1,54,1,18,15.0,0,15,18,18,zero,
llm_single,base,1,54,2,18,16.0,0,16,20,20,zero,
llm_single,base,1,55,0,20,38.0,0,38,19,19,zero,
llm_single,base,1,55,1,20,34.0,0,34,18,18,zero,
llm_single,base,1,55,2,20,14.0,0,14,20,20,zero,
llm_single,base,1,56,0,20,41.0,0,41,19,19,zero,
llm_single,base,1,56,1,20,33.0,0,33,18,18,zero,
llm_single,base,1,56,2,20,32.0,0,32,20,20,zero,
llm_single,base,1,57,0,18,41.0,0,41,19,19,zero,
llm_single,base,1,57,1,18,32.0,0,32,18,18,zero,
llm_single,base,1,57,2,18,30.0,0,30,20,20,zero,
llm_single,base,1,58,0,17,53.0,0,53,19,19,zero,
llm_single,base,1,58,1,17,31.0,0,31,18,18,zero,
llm_single,base,1,58,2,17,28.0,0,28,20,20,zero,
llm_single,base,1,59,0,16,69.0,0,69,17,17,zero,
llm_single,base,1,59,1,16,28.0,0,28,18,18,zero,
llm_single,base,1,59,2,16,26.0,0,26,20,20,zero,
llm_single,base,1,60,0,16,65.0,0,65,17,17,zero,
llm_single,base,1,60,1,16,45.0,0,45,18,18,zero,
llm_single,base,1,60,2,16,24.0,0,24,20,20,zero,
llm_single,base,1,61,0,18,63.0,0,63,17,17,zero,
llm_single,base,1,61,1,18,42.0,0,42,18,18,zero,
llm_single,base,1,61,2,18,22.0,0,22,20,20,zero,
llm_single,base,1,62,0,17,60.0,0,60,17,17,zero,
llm_single,base,1,62,1,17,39.0,0,39,18,18,zero,
llm_single,base,1,62,2,17,20.0,0,20,20,20,zero,
llm_single,base,1,63,0,18,58.0,0,58,17,17,zero,
llm_single,base,1,63,1,18,36.0,0,36,18,18,zero,
llm_single,base,1,63,2,18,18.0,0,18,20,20,zero,
llm_single,base,1,64,0,17,75.0,0,75,17,17,zero,
llm_single,base,1,64,1,17,33.0,0,33,18,18,zero,
llm_single,base,1,64,2,17,16.0,0,16,20,20,zero,
llm_single,base,1,65,0,18,73.0,0,73,17,17,zero,
llm_single,base,1,65,1,18,30.0,0,30,18,18,zero,
llm_single,base,1,65,2,18,14.0,0,14,20,20,zero,
llm_single,base,1,66,0,20,73.0,0,73,17,17,zero,
llm_single,base,1,66,1,20,27.0,0,27,18,18,zero,
llm_single,base,1,66,2,20,12.0,0,12,16,16,zero,
llm_single,base,1,67,0,18,71.0,0,71,17,17,zero,
llm_single,base,1,67,1,18,24.0,0,24,18,18,zero,
llm_single,base,1,67,2,18,10.0,0,10,20,20,zero,
llm_single,base,1,68,0,17,68.0,0,68,17,17,zero,
llm_single,base,1,68,1,17,21.0,0,21,18,18,zero,
llm_single,base,1,68,2,17,8.0,0,8,20,20,zero,
llm_single,base,1,69,0,16,64.0,0,64,17,17,zero,
llm_single,base,1,69,1,16,18.0,0,18,18,18,zero,
llm_single,base,1,69,2,16,6.0,0,6,20,20,zero,
llm_single,base,1,70,0,15,59.0,0,59,17,17,zero,
llm_single,base,1,70,1,15,15.0,0,15,18,18,zero,
llm_single,base,1,70,2,15,8.0,0,8,20,20,zero,
llm_single,base,1,71,0,17,56.0,0,56,10,10,zero,
llm_single,base,1,71,1,17,5.0,0,5,18,18,zero,
llm_single,base,1,71,2,17,6.0,0,6,16,16,zero,
llm_single,base,1,72,0,14,50.0,0,50,10,10,zero,
llm_single,base,1,72,1,14,5.0,5,0,18,18,zero,
llm_single,base,1,72,2,14,4.0,0,4,16,16,zero,
llm_single,base,1,73,0,16,46.0,0,46,10,10,zero,
llm_single,base,1,73,1,16,15.0,15,0,3,3,zero,
llm_single,base,1,73,2,16,13.0,13,0,20,20,zero,
llm_single,base,1,74,0,16,42.0,0,42,19,19,zero,
llm_single,base,1,74,1,16,12.0,12,0,3,3,zero,
llm_single,base,1,74,2,16,30.0,30,0,1,1,zero,
llm_single,base,1,75,0,15,37.0,0,37,10,10,zero,
llm_single,base,1,75,1,15,22.0,22,0,18,18,zero,
llm_single,base,1,75,2,15,28.0,28,0,0,0,zero,
llm_single,base,1,76,0,15,37.0,0,37,19,19,zero,
llm_single,base,1,76,1,15,23.0,23,0,18,18,zero,
llm_single,base,1,76,2,15,26.0,26,0,16,16,zero,
llm_single,base,1,77,0,15,42.0,0,42,19,19,zero,
llm_single,base,1,77,1,15,11.0,11,0,18,18,zero,
llm_single,base,1,77,2,15,28.0,28,0,20,20,zero,
llm_single,base,1,78,0,13,36.0,0,36,19,19,zero,
llm_single,base,1,78,1,13,5.0,0,5,18,18,zero,
llm_single,base,1,78,2,13,11.0,11,0,20,20,zero,
llm_single,base,1,79,0,14,40.0,0,40,19,19,zero,
llm_single,base,1,79,1,14,6.0,0,6,18,18,zero,
llm_single,base,1,79,2,14,7.0,0,7,20,20,zero,
llm_single,base,1,80,0,15,36.0,0,36,10,10,zero,
llm_single,base,1,80,1,15,2.0,2,0,18,18,zero,
llm_single,base,1,80,2,15,9.0,0,9,20,20,zero,
llm_single,base,1,81,0,18,35.0,0,35,10,10,zero,
llm_single,base,1,81,1,18,10.0,10,0,18,18,zero,
llm_single,base,1,81,2,18,7.0,0,7,16,16,zero,
llm_single,base,1,82,0,17,38.0,0,38,19,19,zero,
llm_single,base,1,82,1,17,9.0,9,0,3,3,zero,
llm_single,base,1,82,2,17,10.0,10,0,16,16,zero,
llm_single,base,1,83,0,17,37.0,0,37,19,19,zero,
llm_single,base,1,83,1,17,1.0,1,0,18,18,zero,
llm_single,base,1,83,2,17,12.0,12,0,0,0,zero,
llm_single,base,1,84,0,19,40.0,0,40,19,19,zero,
llm_single,base,1,84,1,19,2.0,0,2,18,18,zero,
llm_single,base,1,84,2,19,14.0,14,0,16,16,zero,
llm_single,base,1,85,0,19,49.0,0,49,19,19,zero,
llm_single,base,1,85,1,19,1.0,0,1,18,18,zero,
llm_single,base,1,85,2,19,12.0,12,0,20,20,zero,
llm_single,base,1,86,0,16,46.0,0,46,19,19,zero,
llm_single,base,1,86,1,16,10.0,0,10,18,18,zero,
llm_single,base,1,86,2,16,10.0,10,0,20,20,zero,
llm_single,base,1,87,0,16,43.0,0,43,19,19,zero,
llm_single,base,1,87,1,16,11.0,0,11,18,18,zero,
llm_single,base,1,87,2,16,8.0,0,8,20,20,zero,
llm_single,base,1,88,0,17,43.0,0,43,10,10,zero,
llm_single,base,1,88,1,17,3.0,0,3,18,18,zero,
llm_single,base,1,88,2,17,10.0,0,10,20,20,zero,
llm_single,base,1,89,0,18,41.0,0,41,19,19,zero,
llm_single,base,1,89,1,18,4.0,0,4,18,18,zero,
llm_single,base,1,89,2,18,8.0,0,8,16,16,zero,
llm_single,base,1,90,0,19,50.0,0,50,19,19,zero,
llm_single,base,1,90,1,19,5.0,0,5,18,18,zero,
llm_single,base,1,90,2,19,6.0,0,6,16,16,zero,
llm_single,base,1,91,0,19,51.0,0,51,19,19,zero,
llm_single,base,1,91,1,19,14.0,0,14,18,18,zero,
llm_single,base,1,91,2,19,4.0,0,4,20,20,zero,
llm_single,base,1,92,0,19,52.0,0,52,19,19,zero,
llm_single,base,1,92,1,19,17.0,0,17,18,18,zero,
llm_single,base,1,92,2,19,2.0,0,2,20,20,zero,
llm_single,base,1,93,0,16,50.0,0,50,19,19,zero,
llm_single,base,1,93,1,16,16.0,0,16,18,18,zero,
llm_single,base,1,93,2,16,4.0,0,4,20,20,zero,
llm_single,base,1,94,0,17,49.0,0,49,19,19,zero,
llm_single,base,1,94,1,17,15.0,0,15,18,18,zero,
llm_single,base,1,94,2,17,6.0,0,6,16,16,zero,
llm_single,base,1,95,0,17,56.0,0,56,17,17,zero,
llm_single,base,1,95,1,17,12.0,0,12,18,18,zero,
llm_single,base,1,95,2,17,4.0,0,4,16,16,zero,
llm_single,base,1,96,0,15,55.0,0,55,17,17,zero,
llm_single,base,1,96,1,15,9.0,0,9,18,18,zero,
llm_single,base,1,96,2,15,2.0,0,2,20,20,zero,
llm_single,base,1,97,0,14,49.0,0,49,10,10,zero,
llm_single,base,1,97,1,14,3.0,0,3,18,18,zero,
llm_single,base,1,97,2,14,-0.0,0,0,20,20,zero,
llm_single,base,1,98,0,13,42.0,0,42,10,10,zero,
llm_single,base,1,98,1,13,3.0,3,0,18,18,zero,
llm_single,base,1,98,2,13,2.0,0,2,16,16,zero,
llm_single,base,1,99,0,13,35.0,0,35,10,10,zero,
llm_single,base,1,99,1,13,13.0,13,0,3,3,zero,
llm_single,base,1,99,2,13,11.0,11,0,16,16,zero,
llm_single,base,1,100,0,13,28.0,0,28,10,10,zero,
llm_single,base,1,100,1,13,23.0,23,0,12,12,zero,
llm_single,base,1,100,2,13,19.0,19,0,0,0,zero,
llm_single,base,1,101,0,14,26.0,0,26,19,19,zero,
llm_single,base,1,101,1,14,24.0,24,0,3,3,zero,
llm_single,base,1,101,2,14,36.0,36,0,0,0,zero,
llm_single,base,1,102,0,14,27.0,0,27,19,19,zero,
llm_single,base,1,102,1,14,21.0,21,0,18,18,zero,
llm_single,base,1,102,2,14,34.0,34,0,0,0,zero,
llm_single,base,1,103,0,14,31.0,0,31,19,19,zero,
llm_single,base,1,103,1,14,7.0,7,0,18,18,zero,
llm_single,base,1,103,2,14,32.0,32,0,1,1,zero,
llm_single,base,1,104,0,14,35.0,0,35,17,17,zero,
llm_single,base,1,104,1,14,2.0,2,0,18,18,zero,
llm_single,base,1,104,2,14,14.0,14,0,20,20,zero,
llm_single,base,1,105,0,14,30.0,0,30,10,10,zero,
llm_single,base,1,105,1,14,5.0,0,5,18,18,zero,
llm_single,base,1,105,2,14,4.0,0,4,20,20,zero,
llm_single,base,1,106,0,12,23.0,0,23,19,19,zero,
llm_single,base,1,106,1,12,6.0,0,6,15,15,zero,
llm_single,base,1,106,2,12,19.0,0,19,20,20,zero,
llm_single,base,1,107,0,11,15.0,0,15,10,10,zero,
llm_single,base,1,107,1,11,2.0,2,0,18,18,zero,
llm_single,base,1,107,2,11,36.0,0,36,20,20,zero,
llm_single,base,1,108,0,10,8.0,0,8,10,10,zero,
llm_single,base,1,108,1,10,10.0,10,0,15,15,zero,
llm_single,base,1,108,2,10,31.0,0,31,20,20,zero,
llm_single,base,1,109,0,10,13.0,0,13,10,10,zero,
llm_single,base,1,109,1,10,14.0,14,0,15,15,zero,
llm_single,base,1,109,2,10,26.0,0,26,20,20,zero,
llm_single,base,1,110,0,10,5.0,0,5,10,10,zero,
llm_single,base,1,110,1,10,4.0,4,0,15,15,zero,
llm_single,base,1,110,2,10,21.0,0,21,16,16,zero,
llm_single,base,1,111,0,11,-0.0,0,0,10,10,zero,
llm_single,base,1,111,1,11,5.0,0,5,3,3,zero,
llm_single,base,1,111,2,11,4.0,0,4,16,16,zero,
llm_single,base,1,112,0,10,-0.0,0,0,19,19,zero,
llm_single,base,1,112,1,10,4.0,0,4,0,0,zero,
llm_single,base,1,112,2,10,16.0,16,0,16,16,zero,
llm_single,base,1,113,0,9,1.0,1,0,10,10,zero,
llm_single,base,1,113,1,9,6.0,6,0,18,18,zero,
llm_single,base,1,113,2,9,18.0,18,0,0,0,zero,
llm_single,base,1,114,0,9,2.0,2,0,6,6,zero,
llm_single,base,1,114,1,9,20.0,20,0,18,18,zero,
llm_single,base,1,114,2,9,16.0,16,0,1,1,zero,
llm_single,base,1,115,0,9,2.0,0,2,6,6,zero,
llm_single,base,1,115,1,9,34.0,34,0,3,3,zero,
llm_single,base,1,115,2,9,29.0,29,0,20,20,zero,
llm_single,base,1,116,0,9,9.0,9,0,6,6,zero,
llm_single,base,1,116,1,9,32.0,32,0,0,0,zero,
llm_single,base,1,116,2,9,45.0,45,0,3,3,zero,
llm_single,base,1,117,0,9,14.0,14,0,10,10,zero,
llm_single,base,1,117,1,9,40.0,40,0,1,1,zero,
llm_single,base,1,117,2,9,44.0,44,0,0,0,zero,
llm_single,base,1,118,0,11,9.0,9,0,9,9,zero,
llm_single,base,1,118,1,11,49.0,49,0,1,1,zero,
llm_single,base,1,118,2,11,44.0,44,0,0,0,zero,
llm_single,base,1,119,0,11,4.0,4,0,19,19,zero,
llm_single,base,1,119,1,11,33.0,33,0,15,15,zero,
llm_single,base,1,119,2,11,49.0,49,0,0,0,zero,
llm_single,base,1,120,0,11,1.0,0,1,9,9,zero,
llm_single,base,1,120,1,11,24.0,24,0,15,15,zero,
llm_single,base,1,120,2,11,37.0,37,0,0,0,zero,
llm_single,base,1,121,0,12,3.0,0,3,9,9,zero,
llm_single,base,1,121,1,12,16.0,16,0,15,15,zero,
llm_single,base,1,121,2,12,22.0,22,0,16,16,zero,
llm_single,base,1,122,0,12,6.0,0,6,10,10,zero,
llm_single,base,1,122,1,12,7.0,7,0,3,3,zero,
llm_single,base,1,122,2,12,19.0,19,0,20,20,zero,
llm_single,base,1,123,0,12,1.0,1,0,10,10,zero,
llm_single,base,1,123,1,12,12.0,12,0,15,15,zero,
llm_single,base,1,123,2,12,4.0,4,0,0,0,zero,
llm_single,base,1,124,0,11,1.0,0,1,19,19,zero,
llm_single,base,1,124,1,11,8.0,8,0,3,3,zero,
llm_single,base,1,124,2,11,1.0,1,0,20,20,zero,
llm_single,base,1,125,0,11,3.0,0,3,10,10,zero,
llm_single,base,1,125,1,11,13.0,13,0,15,15,zero,
llm_single,base,1,125,2,11,2.0,2,0,0,0,zero,
llm_single,base,1,126,0,11,4.0,0,4,10,10,zero,
llm_single,base,1,126,1,11,6.0,6,0,15,15,zero,
llm_single,base,1,126,2,11,7.0,7,0,20,20,zero,
llm_single,base,1,127,0,13,7.0,0,7,10,10,zero,
llm_single,base,1,127,1,13,11.0,11,0,15,15,zero,
llm_single,base,1,127,2,13,8.0,0,8,20,20,zero,
llm_single,base,1,128,0,10,2.0,2,0,10,10,zero,
llm_single,base,1,128,1,10,4.0,4,0,15,15,zero,
llm_single,base,1,128,2,10,3.0,0,3,20,20,zero,
llm_single,base,1,129,0,9,3.0,3,0,10,10,zero,
llm_single,base,1,129,1,9,9.0,9,0,3,3,zero,
llm_single,base,1,129,2,9,6.0,0,6,20,20,zero,
llm_single,base,1,130,0,9,4.0,4,0,6,6,zero,
llm_single,base,1,130,1,9,18.0,18,0,15,15,zero,
llm_single,base,1,130,2,9,1.0,0,1,0,0,zero,
llm_single,base,1,131,0,8,6.0,6,0,10,10,zero,
llm_single,base,1,131,1,8,15.0,15,0,0,0,zero,
llm_single,base,1,131,2,8,19.0,19,0,0,0,zero,
llm_single,base,1,132,0,9,7.0,7,0,6,6,zero,
llm_single,base,1,132,1,9,29.0,29,0,1,1,zero,
llm_single,base,1,132,2,9,38.0,38,0,0,0,zero,
llm_single,base,1,133,0,8,9.0,9,0,19,19,zero,
llm_single,base,1,133,1,8,10.0,10,0,1,1,zero,
llm_single,base,1,133,2,8,57.0,57,0,0,0,zero,
llm_single,base,1,134,0,7,8.0,8,0,6,6,zero,
llm_single,base,1,134,1,7,24.0,24,0,15,15,zero,
llm_single,base,1,134,2,7,42.0,42,0,0,0,zero,
llm_single,base,1,135,0,6,12.0,12,0,6,6,zero,
llm_single,base,1,135,1,6,19.0,19,0,15,15,zero,
llm_single,base,1,135,2,6,27.0,27,0,1,1,zero,
llm_single,base,1,136,0,7,11.0,11,0,2,2,zero,
llm_single,base,1,136,1,7,18.0,18,0,1,1,zero,
llm_single,base,1,136,2,7,26.0,26,0,20,20,zero,
llm_single,base,1,137,0,7,23.0,23,0,6,6,zero,
llm_single,base,1,137,1,7,13.0,13,0,1,1,zero,
llm_single,base,1,137,2,7,25.0,25,0,0,0,zero,
llm_single,base,1,138,0,7,22.0,22,0,2,2,zero,
llm_single,base,1,138,1,7,26.0,26,0,1,1,zero,
llm_single,base,1,138,2,7,24.0,24,0,0,0,zero,
llm_single,base,1,139,0,7,21.0,21,0,9,9,zero,
llm_single,base,1,139,1,7,32.0,32,0,0,0,zero,
llm_single,base,1,139,2,7,25.0,25,0,0,0,zero,
llm_single,base,1,140,0,7,16.0,16,0,2,2,zero,
llm_single,base,1,140,1,7,31.0,31,0,1,1,zero,
llm_single,base,1,140,2,7,44.0,44,0,0,0,zero,
llm_single,base,1,141,0,7,15.0,15,0,9,9,zero,
llm_single,base,1,141,1,7,23.0,23,0,1,1,zero,
llm_single,base,1,141,2,7,43.0,43,0,0,0,zero,
llm_single,base,1,142,0,7,10.0,10,0,9,9,zero,
llm_single,base,1,142,1,7,15.0,15,0,15,15,zero,
llm_single,base,1,142,2,7,28.0,28,0,0,0,zero,
llm_single,base,1,143,0,7,12.0,12,0,3,3,zero,
llm_single,base,1,143,1,7,12.0,12,0,15,15,zero,
llm_single,base,1,143,2,7,13.0,13,0,1,1,zero,
llm_single,base,1,144,0,7,7.0,7,0,4,4,zero,
llm_single,base,1,144,1,7,9.0,9,0,1,1,zero,
llm_single,base,1,144,2,7,12.0,12,0,20,20,zero,
llm_single,base,1,145,0,7,9.0,9,0,6,6,zero,
llm_single,base,1,145,1,7,4.0,4,0,0,0,zero,
llm_single,base,1,145,2,7,12.0,12,0,3,3,zero,
llm_single,base,1,146,0,7,11.0,11,0,9,9,zero,
llm_single,base,1,146,1,7,10.0,10,0,1,1,zero,
llm_single,base,1,146,2,7,11.0,11,0,0,0,zero,
llm_single,base,1,147,0,7,7.0,7,0,9,9,zero,
llm_single,base,1,147,1,7,16.0,16,0,15,15,zero,
llm_single,base,1,147,2,7,3.0,0,3,0,0,zero,
llm_single,base,1,148,0,8,3.0,3,0,4,4,zero,
llm_single,base,1,148,1,8,13.0,13,0,15,15,zero,
llm_single,base,1,148,2,8,2.0,2,0,0,0,zero,
llm_single,base,1,149,0,8,1.0,1,0,6,6,zero,
llm_single,base,1,149,1,8,7.0,7,0,1,1,zero,
llm_single,base,1,149,2,8,4.0,4,0,20,20,zero,
llm_single,base,1,150,0,7,3.0,3,0,10,10,zero,
llm_single,base,1,150,1,7,2.0,0,2,1,1,zero,
llm_single,base,1,150,2,7,3.0,3,0,20,20,zero,
llm_single,base,1,151,0,7,5.0,5,0,6,6,zero,
llm_single,base,1,151,1,7,4.0,4,0,15,15,zero,
llm_single,base,1,151,2,7,12.0,0,12,0,0,zero,
llm_single,base,1,152,0,8,1.0,1,0,6,6,zero,
llm_single,base,1,152,1,8,16.0,16,0,15,15,zero,
llm_single,base,1,152,2,8,27.0,0,27,0,0,zero,
llm_single,base,1,153,0,8,1.0,0,1,10,10,zero,
llm_single,base,1,153,1,8,7.0,7,0,15,15,zero,
llm_single,base,1,153,2,8,22.0,0,22,20,20,zero,
llm_single,base,1,154,0,7,-0.0,0,0,10,10,zero,
llm_single,base,1,154,1,7,2.0,0,2,3,3,zero,
llm_single,base,1,154,2,7,5.0,0,5,20,20,zero,
llm_single,base,1,155,0,8,-0.0,0,0,6,6,zero,
llm_single,base,1,155,1,8,5.0,0,5,3,3,zero,
llm_single,base,1,155,2,8,8.0,0,8,0,0,zero,
llm_single,base,1,156,0,8,2.0,0,2,6,6,zero,
llm_single,base,1,156,1,8,11.0,0,11,3,3,zero,
llm_single,base,1,156,2,8,11.0,0,11,0,0,zero,
llm_single,base,1,157,0,7,1.0,1,0,10,10,zero,
llm_single,base,1,157,1,7,1.0,0,1,5,5,zero,
llm_single,base,1,157,2,7,4.0,4,0,0,0,zero,
llm_single,base,1,158,0,7,2.0,2,0,6,6,zero,
llm_single,base,1,158,1,7,13.0,13,0,15,15,zero,
llm_single,base,1,158,2,7,9.0,9,0,0,0,zero,
llm_single,base,1,159,0,7,2.0,0,2,6,6,zero,
llm_single,base,1,159,1,7,7.0,7,0,3,3,zero,
llm_single,base,1,159,2,7,6.0,6,0,20,20,zero,
llm_single,base,1,160,0,7,9.0,0,9,6,6,zero,
llm_single,base,1,160,1,7,1.0,1,0,1,1,zero,
llm_single,base,1,160,2,7,5.0,5,0,20,20,zero,
llm_single,base,1,161,0,6,5.0,5,0,6,6,zero,
llm_single,base,1,161,1,6,11.0,11,0,12,12,zero,
llm_single,base,1,161,2,6,7.0,0,7,0,0,zero,
llm_single,base,1,162,0,7,5.0,5,0,6,6,zero,
llm_single,base,1,162,1,7,20.0,20,0,12,12,zero,
llm_single,base,1,162,2,7,19.0,0,19,0,0,zero,
llm_single,base,1,163,0,7,4.0,4,0,10,10,zero,
llm_single,base,1,163,1,7,13.0,13,0,15,15,zero,
llm_single,base,1,163,2,7,14.0,0,14,20,20,zero,
llm_single,base,1,164,0,6,4.0,4,0,6,6,zero,
llm_single,base,1,164,1,6,8.0,8,0,3,3,zero,
llm_single,base,1,164,2,6,3.0,3,0,20,20,zero,
llm_single,base,1,165,0,6,4.0,4,0,6,6,zero,
llm_single,base,1,165,1,6,7.0,7,0,1,1,zero,
llm_single,base,1,165,2,6,2.0,2,0,0,0,zero,
llm_single,base,1,166,0,6,4.0,4,0,2,2,zero,
llm_single,base,1,166,1,6,5.0,5,0,1,1,zero,
llm_single,base,1,166,2,6,1.0,1,0,0,0,zero,
llm_single,base,1,167,0,6,8.0,8,0,6,6,zero,
llm_single,base,1,167,1,6,19.0,19,0,1,1,zero,
llm_single,base,1,167,2,6,20.0,20,0,0,0,zero,
llm_single,base,1,168,0,5,9.0,9,0,6,6,zero,
llm_single,base,1,168,1,5,30.0,30,0,1,1,zero,
llm_single,base,1,168,2,5,39.0,39,0,0,0,zero,
llm_single,base,1,169,0,5,10.0,10,0,6,6,zero,
llm_single,base,1,169,1,5,25.0,25,0,12,12,zero,
llm_single,base,1,169,2,5,27.0,27,0,0,0,zero,
llm_single,base,1,170,0,5,7.0,7,0,2,2,zero,
llm_single,base,1,170,1,5,24.0,24,0,1,1,zero,
llm_single,base,1,170,2,5,26.0,26,0,1,1,zero,
llm_single,base,1,171,0,5,8.0,8,0,6,6,zero,
llm_single,base,1,171,1,5,19.0,19,0,1,1,zero,
llm_single,base,1,171,2,5,25.0,25,0,0,0,zero,
llm_single,base,1,172,0,5,9.0,9,0,2,2,zero,
llm_single,base,1,172,1,5,18.0,18,0,1,1,zero,
llm_single,base,1,172,2,5,24.0,24,0,0,0,zero,
llm_single,base,1,173,0,5,10.0,10,0,9,9,zero,
llm_single,base,1,173,1,5,21.0,21,0,1,1,zero,
llm_single,base,1,173,2,5,23.0,23,0,0,0,zero,
llm_single,base,1,174,0,5,7.0,7,0,2,2,zero,
llm_single,base,1,174,1,5,20.0,20,0,15,15,zero,
llm_single,base,1,174,2,5,9.0,9,0,0,0,zero,
llm_single,base,1,175,0,4,9.0,9,0,9,9,zero,
llm_single,base,1,175,1,4,12.0,12,0,1,1,zero,
llm_single,base,1,175,2,4,8.0,8,0,1,1,zero,
llm_single,base,1,176,0,4,7.0,7,0,2,2,zero,
llm_single,base,1,176,1,4,11.0,11,0,15,15,zero,
llm_single,base,1,176,2,4,7.0,0,7,20,20,zero,
llm_single,base,1,177,0,5,11.0,11,0,2,2,zero,
llm_single,base,1,177,1,5,10.0,10,0,1,1,zero,
llm_single,base,1,177,2,5,8.0,0,8,20,20,zero,
llm_single,base,1,178,0,6,7.0,7,0,2,2,zero,
llm_single,base,1,178,1,6,23.0,23,0,0,0,zero,
llm_single,base,1,178,2,6,8.0,0,8,0,0,zero,
llm_single,base,1,179,0,6,10.0,10,0,9,9,zero,
llm_single,base,1,179,1,6,15.0,15,0,0,0,zero,
llm_single,base,1,179,2,6,7.0,0,7,0,0,zero,
llm_single,base,1,180,0,7,5.0,5,0,6,6,zero,
llm_single,base,1,180,1,7,17.0,17,0,1,1,zero,
llm_single,base,1,180,2,7,12.0,12,0,0,0,zero,
llm_single,base,1,181,0,7,-0.0,0,0,9,9,zero,
llm_single,base,1,181,1,7,8.0,8,0,15,15,zero,
llm_single,base,1,181,2,7,17.0,17,0,0,0,zero,
llm_single,base,1,182,0,6,4.0,0,4,9,9,zero,
llm_single,base,1,182,1,6,1.0,0,1,1,1,zero,
llm_single,base,1,182,2,6,16.0,16,0,1,1,zero,
llm_single,base,1,183,0,6,1.0,0,1,6,6,zero,
llm_single,base,1,183,1,6,6.0,0,6,15,15,zero,
llm_single,base,1,183,2,6,1.0,1,0,1,1,zero,
llm_single,base,1,184,0,6,1.0,0,1,6,6,zero,
llm_single,base,1,184,1,6,4.0,0,4,3,3,zero,
llm_single,base,1,184,2,6,2.0,0,2,20,20,zero,
llm_single,base,1,185,0,5,3.0,3,0,6,6,zero,
llm_single,base,1,185,1,5,5.0,5,0,15,15,zero,
llm_single,base,1,185,2,5,17.0,0,17,20,20,zero,
llm_single,base,1,186,0,5,6.0,6,0,2,2,zero,
llm_single,base,1,186,1,5,4.0,4,0,15,15,zero,
llm_single,base,1,186,2,5,31.0,0,31,20,20,zero,
llm_single,base,1,187,0,5,2.0,2,0,6,6,zero,
llm_single,base,1,187,1,5,13.0,13,0,1,1,zero,
llm_single,base,1,187,2,5,31.0,0,31,20,20,zero,
llm_single,base,1,188,0,6,4.0,4,0,6,6,zero,
llm_single,base,1,188,1,6,8.0,8,0,15,15,zero,
llm_single,base,1,188,2,6,26.0,0,26,0,0,zero,
llm_single,base,1,189,0,5,9.0,9,0,6,6,zero,
llm_single,base,1,189,1,5,2.0,2,0,1,1,zero,
llm_single,base,1,189,2,5,7.0,0,7,20,20,zero,
llm_single,base,1,190,0,5,6.0,6,0,2,2,zero,
llm_single,base,1,190,1,5,1.0,1,0,0,0,zero,
llm_single,base,1,190,2,5,13.0,13,0,16,16,zero,
llm_single,base,1,191,0,5,7.0,7,0,6,6,zero,
llm_single,base,1,191,1,5,4.0,0,4,0,0,zero,
llm_single,base,1,191,2,5,33.0,33,0,0,0,zero,
llm_single,base,1,192,0,5,8.0,8,0,6,6,zero,
llm_single,base,1,192,1,5,10.0,10,0,1,1,zero,
llm_single,base,1,192,2,5,32.0,32,0,0,0,zero,
llm_single,base,1,193,0,5,9.0,9,0,2,2,zero,
llm_single,base,1,193,1,5,28.0,28,0,1,1,zero,
llm_single,base,1,193,2,5,51.0,51,0,0,0,zero,
llm_single,base,1,194,0,6,5.0,5,0,10,10,zero,
llm_single,base,1,194,1,6,25.0,25,0,1,1,zero,
llm_single,base,1,194,2,6,66.0,66,0,0,0,zero,
llm_single,base,1,195,0,6,1.0,1,0,2,2,zero,
llm_single,base,1,195,1,6,23.0,23,0,15,15,zero,
llm_single,base,1,195,2,6,51.0,51,0,0,0,zero,
llm_single,base,1,196,0,6,5.0,5,0,6,6,zero,
llm_single,base,1,196,1,6,18.0,18,0,1,1,zero,
llm_single,base,1,196,2,6,50.0,50,0,0,0,zero,
llm_single,base,1,197,0,6,1.0,1,0,2,2,zero,
llm_single,base,1,197,1,6,17.0,17,0,1,1,zero,
llm_single,base,1,197,2,6,49.0,49,0,0,0,zero,
llm_single,base,1,198,0,5,6.0,6,0,6,6,zero,
llm_single,base,1,198,1,5,12.0,12,0,1,1,zero,
llm_single,base,1,198,2,5,48.0,48,0,0,0,zero,
llm_single,base,1,199,0,5,3.0,3,0,2,2,zero,
llm_single,base,1,199,1,5,25.0,25,0,1,1,zero,
llm_single,base,1,199,2,5,47.0,47,0,0,0,zero,
llm_single,base,1,200,0,7,2.0,2,0,9,9,zero,
llm_single,base,1,200,1,7,17.0,17,0,1,1,zero,
llm_single,base,1,200,2,7,46.0,46,0,0,0,zero,
llm_single,shock,0,1,0,10,10.0,10,0,10,10,zero,
llm_single,shock,0,1,1,10,10.0,10,0,15,15,zero,
llm_single,shock,0,1,2,10,5.0,5,0,0,0,zero,
llm_single,shock,0,2,0,10,10.0,10,0,10,10,zero,
llm_single,shock,0,2,1,10,10.0,10,0,1,1,zero,
llm_single,shock,0,2,2,10,14.0,14,0,20,20,zero,
llm_single,shock,0,3,0,10,10.0,10,0,10,10,zero,
llm_single,shock,0,3,1,10,10.0,10,0,15,15,zero,
llm_single,shock,0,3,2,10,9.0,9,0,3,3,zero,
llm_single,shock,0,4,0,10,10.0,10,0,10,10,zero,
llm_single,shock,0,4,1,10,10.0,10,0,15,15,zero,
llm_single,shock,0,4,2,10,4.0,4,0,20,20,zero,
llm_single,shock,0,5,0,10,10.0,10,0,9,9,zero,
llm_single,shock,0,5,1,10,16.0,16,0,15,15,zero,
llm_single,shock,0,5,2,10,11.0,0,11,20,20,zero,
llm_single,shock,0,6,0,8,12.0,12,0,9,9,zero,
llm_single,shock,0,6,1,8,8.0,8,0,15,15,zero,
llm_single,shock,0,6,2,8,6.0,0,6,20,20,zero,
llm_single,shock,0,7,0,8,14.0,14,0,6,6,zero,
llm_single,shock,0,7,1,8,17.0,17,0,3,3,zero,
llm_single,shock,0,7,2,8,6.0,0,6,20,20,zero,
llm_single,shock,0,8,0,8,16.0,16,0,6,6,zero,
llm_single,shock,0,8,1,8,26.0,26,0,1,1,zero,
llm_single,shock,0,8,2,8,13.0,13,0,0,0,zero,
llm_single,shock,0,9,0,8,17.0,17,0,6,6,zero,
llm_single,shock,0,9,1,8,24.0,24,0,0,0,zero,
llm_single,shock,0,9,2,8,33.0,33,0,0,0,zero,
llm_single,shock,0,10,0,8,18.0,18,0,9,9,zero,
llm_single,shock,0,10,1,8,35.0,35,0,1,1,zero,
llm_single,shock,0,10,2,8,52.0,52,0,0,0,zero,
llm_single,shock,0,11,0,9,15.0,15,0,4,4,zero,
llm_single,shock,0,11,1,9,34.0,34,0,1,1,zero,
llm_single,shock,0,11,2,9,71.0,71,0,0,0,zero,
llm_single,shock,0,12,0,9,12.0,12,0,9,9,zero,
llm_single,shock,0,12,1,9,32.0,32,0,1,1,zero,
llm_single,shock,0,12,2,9,70.0,70,0,0,0,zero,
llm_single,shock,0,13,0,9,9.0,9,0,9,9,zero,
llm_single,shock,0,13,1,9,23.0,23,0,15,15,zero,
llm_single,shock,0,13,2,9,55.0,55,0,0,0,zero,
llm_single,shock,0,14,0,10,8.0,8,0,9,9,zero,
llm_single,shock,0,14,1,10,15.0,15,0,15,15,zero,
llm_single,shock,0,14,2,10,40.0,40,0,0,0,zero,
llm_single,shock,0,15,0,12,-0.0,0,0,9,9,zero,
llm_single,shock,0,15,1,12,7.0,7,0,11,11,zero,
llm_single,shock,0,15,2,12,29.0,29,0,1,1,zero,
llm_single,shock,0,16,0,13,4.0,0,4,19,19,zero,
llm_single,shock,0,16,1,13,11.0,0,11,1,1,zero,
llm_single,shock,0,16,2,13,28.0,28,0,20,20,zero,
llm_single,shock,0,17,0,14,9.0,0,9,19,19,zero,
llm_single,shock,0,17,1,14,15.0,0,15,15,15,zero,
llm_single,shock,0,17,2,14,13.0,13,0,0,0,zero,
llm_single,shock,0,18,0,15,15.0,0,15,19,19,zero,
llm_single,shock,0,18,1,15,19.0,0,19,15,15,zero,
llm_single,shock,0,18,2,15,2.0,0,2,16,16,zero,
llm_single,shock,0,19,0,13,19.0,0,19,19,19,zero,
llm_single,shock,0,19,1,13,27.0,0,27,15,15,zero,
llm_single,shock,0,19,2,13,16.0,0,16,20,20,zero,
llm_single,shock,0,20,0,14,25.0,0,25,19,19,zero,
llm_single,shock,0,20,1,14,45.0,0,45,15,15,zero,
llm_single,shock,0,20,2,14,11.0,0,11,20,20,zero,
llm_single,shock,0,21,0,13,23.0,0,23,19,19,zero,
llm_single,shock,0,21,1,13,49.0,0,49,18,18,zero,
llm_single,shock,0,21,2,13,29.0,0,29,20,20,zero,
llm_single,shock,0,22,0,14,22.0,0,22,10,10,zero,
llm_single,shock,0,22,1,14,46.0,0,46,18,18,zero,
llm_single,shock,0,22,2,14,31.0,0,31,20,20,zero,
llm_single,shock,0,23,0,14,25.0,0,25,19,19,zero,
llm_single,shock,0,23,1,14,64.0,0,64,18,18,zero,
llm_single,shock,0,23,2,14,29.0,0,29,20,20,zero,
llm_single,shock,0,24,0,14,38.0,0,38,19,19,zero,
llm_single,shock,0,24,1,14,63.0,0,63,18,18,zero,
llm_single,shock,0,24,2,14,27.0,0,27,20,20,zero,
llm_single,shock,0,25,0,15,38.0,0,38,10,10,zero,
llm_single,shock,0,25,1,15,73.0,0,73,18,18,zero,
llm_single,shock,0,25,2,15,25.0,0,25,20,20,zero,
llm_single,shock,0,26,0,15,40.0,0,40,19,19,zero,
llm_single,shock,0,26,1,15,76.0,0,76,18,18,zero,
llm_single,shock,0,26,2,15,23.0,0,23,20,20,zero,
llm_single,shock,0,27,0,17,56.0,0,56,17,17,zero,
llm_single,shock,0,27,1,17,73.0,0,73,18,18,zero,
llm_single,shock,0,27,2,17,21.0,0,21,20,20,zero,
llm_single,shock,0,28,0,17,53.0,0,53,17,17,zero,
llm_single,shock,0,28,1,17,70.0,0,70,18,18,zero,
llm_single,shock,0,28,2,17,19.0,0,19,20,20,zero,
llm_single,shock,0,29,0,16,69.0,0,69,17,17,zero,
llm_single,shock,0,29,1,16,67.0,0,67,18,18,zero,
llm_single,shock,0,29,2,16,17.0,0,17,20,20,zero,
llm_single,shock,0,30,0,16,69.0,0,69,17,17,zero,
llm_single,shock,0,30,1,16,64.0,0,64,18,18,zero,
llm_single,shock,0,30,2,16,15.0,0,15,20,20,zero,
llm_single,shock,0,31,0,17,66.0,0,66,17,17,zero,
llm_single,shock,0,31,1,17,61.0,0,61,18,18,zero,
llm_single,shock,0,31,2,17,13.0,0,13,16,16,zero,
llm_single,shock,0,32,0,16,62.0,0,62,17,17,zero,
llm_single,shock,0,32,1,16,58.0,0,58,18,18,zero,
llm_single,shock,0,32,2,16,11.0,0,11,20,20,zero,
llm_single,shock,0,33,0,16,58.0,0,58,17,17,zero,
llm_single,shock,0,33,1,16,55.0,0,55,18,18,zero,
llm_single,shock,0,33,2,16,9.0,0,9,20,20,zero,
llm_single,shock,0,34,0,14,52.0,0,52,10,10,zero,
llm_single,shock,0,34,1,14,45.0,0,45,18,18,zero,
llm_single,shock,0,34,2,14,7.0,0,7,20,20,zero,
llm_single,shock,0,35,0,14,46.0,0,46,10,10,zero,
llm_single,shock,0,35,1,14,35.0,0,35,18,18,zero,
llm_single,shock,0,35,2,14,9.0,0,9,20,20,zero,
llm_single,shock,0,36,0,14,40.0,0,40,10,10,zero,
llm_single,shock,0,36,1,14,25.0,0,25,18,18,zero,
llm_single,shock,0,36,2,14,7.0,0,7,16,16,zero,
llm_single,shock,0,37,0,13,33.0,0,33,10,10,zero,
llm_single,shock,0,37,1,13,15.0,0,15,0,0,zero,
llm_single,shock,0,37,2,13,13.0,13,0,20,20,zero,
llm_single,shock,0,38,0,11,24.0,0,24,10,10,zero,
llm_single,shock,0,38,1,11,5.0,0,5,18,18,zero,
llm_single,shock,0,38,2,11,15.0,15,0,1,1,zero,
llm_single,shock,0,39,0,10,14.0,0,14,6,6,zero,
llm_single,shock,0,39,1,10,5.0,5,0,18,18,zero,
llm_single,shock,0,39,2,10,17.0,17,0,16,16,zero,
llm_single,shock,0,40,0,10,4.0,0,4,6,6,zero,
llm_single,shock,0,40,1,10,19.0,19,0,0,0,zero,
llm_single,shock,0,40,2,10,33.0,33,0,20,20,zero,
llm_single,shock,0,41,0,10,6.0,6,0,6,6,zero,
llm_single,shock,0,41,1,10,20.0,20,0,3,3,zero,
llm_single,shock,0,41,2,10,50.0,50,0,0,0,zero,
llm_single,shock,0,42,0,11,15.0,15,0,10,10,zero,
llm_single,shock,0,42,1,11,28.0,28,0,3,3,zero,
llm_single,shock,0,42,2,11,48.0,48,0,0,0,zero,
llm_single,shock,0,43,0,10,16.0,16,0,19,19,zero,
llm_single,shock,0,43,1,10,27.0,27,0,12,12,zero,
llm_single,shock,0,43,2,10,52.0,52,0,0,0,zero,
llm_single,shock,0,44,0,10,12.0,12,0,9,9,zero,
llm_single,shock,0,44,1,10,18.0,18,0,18,18,zero,
llm_single,shock,0,44,2,10,54.0,54,0,0,0,zero,
llm_single,shock,0,45,0,11,7.0,7,0,10,10,zero,
llm_single,shock,0,45,1,11,11.0,11,0,15,15,zero,
llm_single,shock,0,45,2,11,39.0,39,0,1,1,zero,
llm_single,shock,0,46,0,11,6.0,6,0,6,6,zero,
llm_single,shock,0,46,1,11,8.0,8,0,3,3,zero,
llm_single,shock,0,46,2,11,36.0,36,0,20,20,zero,
llm_single,shock,0,47,0,9,16.0,16,0,10,10,zero,
llm_single,shock,0,47,1,9,10.0,10,0,1,1,zero,
llm_single,shock,0,47,2,9,35.0,35,0,0,0,zero,
llm_single,shock,0,48,0,10,15.0,15,0,6,6,zero,
llm_single,shock,0,48,1,10,22.0,22,0,15,15,zero,
llm_single,shock,0,48,2,10,20.0,20,0,0,0,zero,
llm_single,shock,0,49,0,11,14.0,14,0,9,9,zero,
llm_single,shock,0,49,1,11,28.0,28,0,1,1,zero,
llm_single,shock,0,49,2,11,20.0,20,0,1,1,zero,
llm_single,shock,0,50,0,12,8.0,8,0,19,19,zero,
llm_single,shock,0,50,1,12,12.0,12,0,15,15,zero,
llm_single,shock,0,50,2,12,25.0,25,0,1,1,zero,
llm_single,shock,0,51,0,11,7.0,7,0,9,9,zero,
llm_single,shock,0,51,1,11,4.0,4,0,15,15,zero,
llm_single,shock,0,51,2,11,10.0,10,0,20,20,zero,
llm_single,shock,0,52,0,10,3.0,3,0,9,9,zero,
llm_single,shock,0,52,1,10,10.0,10,0,15,15,zero,
llm_single,shock,0,52,2,10,5.0,0,5,20,20,zero,
llm_single,shock,0,53,0,9,3.0,3,0,6,6,zero,
llm_single,shock,0,53,1,9,5.0,5,0,3,3,zero,
llm_single,shock,0,53,2,9,7.0,0,7,20,20,zero,
llm_single,shock,0,54,0,8,14.0,14,0,6,6,zero,
llm_single,shock,0,54,1,8,14.0,14,0,15,15,zero,
llm_single,shock,0,54,2,8,21.0,0,21,0,0,zero,
llm_single,shock,0,55,0,7,16.0,16,0,6,6,zero,
llm_single,shock,0,55,1,7,23.0,23,0,3,3,zero,
llm_single,shock,0,55,2,7,4.0,0,4,20,20,zero,
llm_single,shock,0,56,0,6,19.0,19,0,6,6,zero,
llm_single,shock,0,56,1,6,27.0,27,0,0,0,zero,
llm_single,shock,0,56,2,6,16.0,16,0,0,0,zero,
llm_single,shock,0,57,0,6,19.0,19,0,2,2,zero,
llm_single,shock,0,57,1,6,26.0,26,0,1,1,zero,
llm_single,shock,0,57,2,6,35.0,35,0,0,0,zero,
llm_single,shock,0,58,0,5,20.0,20,0,2,2,zero,
llm_single,shock,0,58,1,5,25.0,25,0,0,0,zero,
llm_single,shock,0,58,2,5,35.0,35,0,0,0,zero,
llm_single,shock,0,59,0,5,21.0,21,0,2,2,zero,
llm_single,shock,0,59,1,5,43.0,43,0,0,0,zero,
llm_single,shock,0,59,2,5,55.0,55,0,0,0,zero,
llm_single,shock,0,60,0,5,22.0,22,0,2,2,zero,
llm_single,shock,0,60,1,5,45.0,45,0,0,0,zero,
llm_single,shock,0,60,2,5,55.0,55,0,0,0,zero,
llm_single,shock,0,61,0,4,20.0,20,0,2,2,zero,
llm_single,shock,0,61,1,4,44.0,44,0,0,0,zero,
llm_single,shock,0,61,2,4,55.0,55,0,0,0,zero,
llm_single,shock,0,62,0,5,17.0,17,0,2,2,zero,
llm_single,shock,0,62,1,5,42.0,42,0,0,0,zero,
llm_single,shock,0,62,2,5,55.0,55,0,0,0,zero,
llm_single,shock,0,63,0,4,15.0,15,0,2,2,zero,
llm_single,shock,0,63,1,4,40.0,40,0,0,0,zero,
llm_single,shock,0,63,2,4,55.0,55,0,0,0,zero,
llm_single,shock,0,64,0,4,13.0,13,0,2,2,zero,
llm_single,shock,0,64,1,4,38.0,38,0,1,1,zero,
llm_single,shock,0,64,2,4,54.0,54,0,0,0,zero,
llm_single,shock,0,65,0,4,11.0,11,0,2,2,zero,
llm_single,shock,0,65,1,4,36.0,36,0,1,1,zero,
llm_single,shock,0,65,2,4,53.0,53,0,0,0,zero,
llm_single,shock,0,66,0,4,9.0,9,0,2,2,zero,
llm_single,shock,0,66,1,4,34.0,34,0,1,1,zero,
llm_single,shock,0,66,2,4,52.0,52,0,0,0,zero,
llm_single,shock,0,67,0,3,8.0,8,0,4,4,zero,
llm_single,shock,0,67,1,3,30.0,30,0,1,1,zero,
llm_single,shock,0,67,2,3,51.0,51,0,0,0,zero,
llm_single,shock,0,68,0,3,7.0,7,0,2,2,zero,
llm_single,shock,0,68,1,3,29.0,29,0,1,1,zero,
llm_single,shock,0,68,2,3,50.0,50,0,0,0,zero,
llm_single,shock,0,69,0,3,6.0,6,0,1,1,zero,
llm_single,shock,0,69,1,3,29.0,29,0,1,1,zero,
llm_single,shock,0,69,2,3,49.0,49,0,0,0,zero,
llm_single,shock,0,70,0,3,5.0,5,0,2,2,zero,
llm_single,shock,0,70,1,3,28.0,28,0,1,1,zero,
llm_single,shock,0,70,2,3,48.0,48,0,0,0,zero,
llm_single,shock,0,71,0,3,6.0,6,0,2,2,zero,
llm_single,shock,0,71,1,3,27.0,27,0,1,1,zero,
llm_single,shock,0,71,2,3,47.0,47,0,0,0,zero,
llm_single,shock,0,72,0,3,5.0,5,0,2,2,zero,
llm_single,shock,0,72,1,3,26.0,26,0,1,1,zero,
llm_single,shock,0,72,2,3,46.0,46,0,0,0,zero,
llm_single,shock,0,73,0,3,3.0,3,0,2,2,zero,
llm_single,shock,0,73,1,3,25.0,25,0,1,1,zero,
llm_single,shock,0,73,2,3,45.0,45,0,0,0,zero,
llm_single,shock,0,74,0,3,2.0,2,0,2,2,zero,
llm_single,shock,0,74,1,3,24.0,24,0,1,1,zero,
llm_single,shock,0,74,2,3,44.0,44,0,0,0,zero,
llm_single,shock,0,75,0,3,1.0,1,0,2,2,zero,
llm_single,shock,0,75,1,3,23.0,23,0,1,1,zero,
llm_single,shock,0,75,2,3,43.0,43,0,0,0,zero,
llm_single,shock,0,76,0,3,-0.0,0,0,6,6,zero,
llm_single,shock,0,76,1,3,18.0,18,0,1,1,zero,
llm_single,shock,0,76,2,3,42.0,42,0,0,0,zero,
llm_single,shock,0,77,0,3,1.0,0,1,2,2,zero,
llm_single,shock,0,77,1,3,17.0,17,0,1,1,zero,
llm_single,shock,0,77,2,3,41.0,41,0,0,0,zero,
llm_single,shock,0,78,0,5,4.0,0,4,2,2,zero,
llm_single,shock,0,78,1,5,16.0,16,0,1,1,zero,
llm_single,shock,0,78,2,5,40.0,40,0,0,0,zero,
llm_single,shock,0,79,0,5,7.0,0,7,10,10,zero,
llm_single,shock,0,79,1,5,7.0,7,0,1,1,zero,
llm_single,shock,0,79,2,5,39.0,39,0,0,0,zero,
llm_single,shock,0,80,0,6,7.0,0,7,6,6,zero,80
llm_single,shock,0,80,1,6,2.0,2,0,15,15,zero,80
llm_single,shock,0,80,2,6,24.0,24,0,0,0,zero,80
llm_single,shock,0,81,0,5,10.0,0,10,19,19,zero,80
llm_single,shock,0,81,1,5,16.0,0,16,1,1,zero,80
llm_single,shock,0,81,2,5,23.0,23,0,0,0,zero,80
llm_single,shock,0,82,0,5,13.0,0,13,10,10,zero,80
llm_single,shock,0,82,1,5,25.0,0,25,15,15,zero,80
llm_single,shock,0,82,2,5,8.0,8,0,0,0,zero,80
llm_single,shock,0,83,0,5,8.0,0,8,10,10,zero,80
llm_single,shock,0,83,1,5,34.0,0,34,15,15,zero,80
llm_single,shock,0,83,2,5,7.0,0,7,20,20,zero,80
llm_single,shock,0,84,0,5,7.0,0,7,10,10,zero,80
llm_single,shock,0,84,1,5,29.0,0,29,16,16,zero,80
llm_single,shock,0,84,2,5,23.0,0,23,20,20,zero,80
llm_single,shock,0,85,0,5,9.0,0,9,6,6,llm_r0_0,80
llm_single,shock,0,85,1,5,34.0,0,34,18,12,llm_r0_0,80
llm_single,shock,0,85,2,5,35.0,0,35,20,20,llm_r0_0,80
llm_single,shock,0,86,0,6,14.0,0,14,10,10,llm_r0_0,80
llm_single,shock,0,86,1,6,29.0,0,29,18,12,llm_r0_0,80
llm_single,shock,0,86,2,6,47.0,0,47,20,20,llm_r0_0,80
llm_single,shock,0,87,0,5,18.0,0,18,6,6,llm_r0_0,80
llm_single,shock,0,87,1,5,27.0,0,27,18,12,llm_r0_0,80
llm_single,shock,0,87,2,5,39.0,0,39,20,20,llm_r0_0,80
llm_single,shock,0,88,0,5,8.0,0,8,6,6,llm_r0_0,80
llm_single,shock,0,88,1,5,33.0,0,33,18,12,llm_r0_0,80
llm_single,shock,0,88,2,5,31.0,0,31,20,20,llm_r0_0,80
llm_single,shock,0,89,0,5,12.0,0,12,6,6,llm_r0_0,80
llm_single,shock,0,89,1,5,39.0,0,39,0,0,llm_r0_0,80
llm_single,shock,0,89,2,5,11.0,0,11,16,16,llm_r0_0,80
llm_single,shock,0,90,0,5,2.0,0,2,6,6,zero,80
llm_single,shock,0,90,1,5,45.0,0,45,0,0,zero,80
llm_single,shock,0,90,2,5,9.0,9,0,0,0,zero,80
llm_single,shock,0,91,0,5,1.0,1,0,10,10,zero,80
llm_single,shock,0,91,1,5,35.0,0,35,0,0,zero,80
llm_single,shock,0,91,2,5,29.0,29,0,0,0,zero,80
llm_single,shock,0,92,0,5,4.0,0,4,6,6,zero,80
llm_single,shock,0,92,1,5,21.0,0,21,18,18,zero,80
llm_single,shock,0,92,2,5,31.0,31,0,0,0,zero,80
llm_single,shock,0,93,0,6,10.0,0,10,2,2,zero,80
llm_single,shock,0,93,1,6,3.0,0,3,0,0,zero,80
llm_single,shock,0,93,2,6,47.0,47,0,1,1,zero,80
llm_single,shock,0,94,0,6,16.0,0,16,0,0,zero,80
llm_single,shock,0,94,1,6,8.0,8,0,18,18,zero,80
llm_single,shock,0,94,2,6,29.0,29,0,0,0,zero,80
llm_single,shock,0,95,0,6,2.0,0,2,0,0,zero,80
llm_single,shock,0,95,1,6,8.0,8,0,0,0,zero,80
llm_single,shock,0,95,2,6,29.0,29,0,16,16,zero,80
llm_single,shock,0,96,0,8,10.0,10,0,6,6,zero,80
llm_single,shock,0,96,1,8,20.0,20,0,0,0,zero,80
llm_single,shock,0,96,2,8,29.0,29,0,0,0,zero,80
llm_single,shock,0,97,0,6,24.0,24,0,6,6,zero,80
llm_single,shock,0,97,1,6,14.0,14,0,0,0,zero,80
llm_single,shock,0,97,2,6,30.0,30,0,0,0,zero,80
llm_single,shock,0,98,0,4,23.0,23,0,6,6,zero,80
llm_single,shock,0,98,1,4,26.0,26,0,12,12,zero,80
llm_single,shock,0,98,2,4,18.0,18,0,0,0,zero,80
llm_single,shock,0,99,0,3,20.0,20,0,2,2,zero,80
llm_single,shock,0,99,1,3,24.0,24,0,1,1,zero,80
llm_single,shock,0,99,2,3,33.0,33,0,0,0,zero,80
llm_single,shock,0,100,0,4,22.0,22,0,0,0,zero,80
llm_single,shock,0,100,1,4,24.0,24,0,1,1,zero,80
llm_single,shock,0,100,2,4,32.0,32,0,0,0,zero,80
llm_single,shock,0,101,0,3,25.0,25,0,0,0,zero,80
llm_single,shock,0,101,1,3,24.0,24,0,0,0,zero,80
llm_single,shock,0,101,2,3,32.0,32,0,0,0,zero,80
llm_single,shock,0,102,0,4,27.0,27,0,0,0,zero,80
llm_single,shock,0,102,1,4,36.0,36,0,0,0,zero,80
llm_single,shock,0,102,2,4,32.0,32,0,0,0,zero,80
llm_single,shock,0,103,0,4,25.0,25,0,0,0,zero,80
llm_single,shock,0,103,1,4,37.0,37,0,0,0,zero,80
llm_single,shock,0,103,2,4,32.0,32,0,0,0,zero,80
llm_single,shock,0,104,0,4,21.0,21,0,0,0,zero,80
llm_single,shock,0,104,1,4,38.0,38,0,0,0,zero,80
llm_single,shock,0,104,2,4,32.0,32,0,0,0,zero,80
llm_single,shock,0,105,0,4,17.0,17,0,2,2,zero,80
llm_single,shock,0,105,1,4,36.0,36,0,0,0,zero,80
llm_single,shock,0,105,2,4,32.0,32,0,0,0,zero,80
llm_single,shock,0,106,0,4,13.0,13,0,2,2,zero,80
llm_single,shock,0,106,1,4,34.0,34,0,0,0,zero,80
llm_single,shock,0,106,2,4,32.0,32,0,0,0,zero,80
llm_single,shock,0,107,0,4,9.0,9,0,3,3,zero,80
llm_single,shock,0,107,1,4,31.0,31,0,0,0,zero,80
llm_single,shock,0,107,2,4,32.0,32,0,0,0,zero,80
llm_single,shock,0,108,0,5,4.0,4,0,9,9,zero,80
llm_single,shock,0,108,1,5,22.0,22,0,1,1,zero,80
llm_single,shock,0,108,2,5,31.0,31,0,0,0,zero,80
llm_single,shock,0,109,0,5,1.0,1,0,1,1,zero,80
llm_single,shock,0,109,1,5,21.0,21,0,1,1,zero,80
llm_single,shock,0,109,2,5,30.0,30,0,0,0,zero,80
llm_single,shock,0,110,0,4,1.0,0,1,2,2,zero,80
llm_single,shock,0,110,1,4,19.0,19,0,1,1,zero,80
llm_single,shock,0,110,2,4,29.0,29,0,0,0,zero,80
llm_single,shock,0,111,0,4,2.0,0,2,6,6,zero,80
llm_single,shock,0,111,1,4,13.0,13,0,1,1,zero,80
llm_single,shock,0,111,2,4,28.0,28,0,0,0,zero,80
llm_single,shock,0,112,0,4,3.0,3,0,6,6,zero,80
llm_single,shock,0,112,1,4,8.0,8,0,15,15,zero,80
llm_single,shock,0,112,2,4,13.0,13,0,0,0,zero,80
llm_single,shock,0,113,0,4,-0.0,0,0,0,0,zero,80
llm_single,shock,0,113,1,4,9.0,9,0,1,1,zero,80
llm_single,shock,0,113,2,4,12.0,12,0,1,1,zero,80
llm_single,shock,0,114,0,4,2.0,0,2,2,2,zero,80
llm_single,shock,0,114,1,4,8.0,8,0,1,1,zero,80
llm_single,shock,0,114,2,4,11.0,11,0,1,1,zero,80
llm_single,shock,0,115,0,4,-0.0,0,0,6,6,zero,80
llm_single,shock,0,115,1,4,3.0,3,0,0,0,zero,80
llm_single,shock,0,115,2,4,11.0,11,0,0,0,zero,80
llm_single,shock,0,116,0,4,2.0,2,0,6,6,zero,80
llm_single,shock,0,116,1,4,12.0,12,0,1,1,zero,80
llm_single,shock,0,116,2,4,10.0,10,0,0,0,zero,80
llm_single,shock,0,117,0,4,2.0,0,2,2,2,zero,80
llm_single,shock,0,117,1,4,11.0,11,0,15,15,zero,80
llm_single,shock,0,117,2,4,4.0,0,4,0,0,zero,80
llm_single,shock,0,118,0,4,4.0,0,4,6,6,zero,80
llm_single,shock,0,118,1,4,6.0,6,0,1,1,zero,80
llm_single,shock,0,118,2,4,4.0,0,4,20,20,zero,80
llm_single,shock,0,119,0,3,1.0,0,1,6,6,zero,80
llm_single,shock,0,119,1,3,-0.0,0,0,15,15,zero,80
llm_single,shock,0,119,2,3,19.0,0,19,20,20,zero,80
llm_single,shock,0,120,0,3,2.0,2,0,2,2,llm_r0_0,80
llm_single,shock,0,120,1,3,1.0,0,1,15,9,llm_r0_0,80
llm_single,shock,0,120,2,3,28.0,0,28,20,20,llm_r0_0,80
llm_single,shock,0,121,0,3,1.0,1,0,0,0,llm_r0_0,80
llm_single,shock,0,121,1,3,10.0,10,0,11,5,llm_r0_0,80
llm_single,shock,0,121,2,3,33.0,0,33,20,20,llm_r0_0,80
llm_single,shock,0,122,0,3,4.0,4,0,6,6,llm_r0_0,80
llm_single,shock,0,122,1,3,5.0,5,0,1,1,llm_r0_0,80
llm_single,shock,0,122,2,3,14.0,0,14,0,0,llm_r0_0,80
llm_single,shock,0,123,0,3,7.0,7,0,0,0,llm_r0_0,80
llm_single,shock,0,123,1,3,5.0,5,0,0,0,llm_r0_0,80
llm_single,shock,0,123,2,3,6.0,6,0,0,0,llm_r0_0,80
llm_single,shock,0,124,0,3,5.0,5,0,6,6,llm_r0_0,80
llm_single,shock,0,124,1,3,1.0,0,1,0,0,llm_r0_0,80
llm_single,shock,0,124,2,3,26.0,26,0,0,0,llm_r0_0,80
llm_single,shock,0,125,0,4,2.0,2,0,2,2,zero,80
llm_single,shock,0,125,1,4,3.0,0,3,0,0,zero,80
llm_single,shock,0,125,2,4,46.0,46,0,0,0,zero,80
llm_single,shock,0,126,0,3,5.0,5,0,6,6,zero,80
llm_single,shock,0,126,1,3,11.0,11,0,0,0,zero,80
llm_single,shock,0,126,2,3,46.0,46,0,0,0,zero,80
llm_single,shock,0,127,0,3,2.0,2,0,2,2,zero,80
llm_single,shock,0,127,1,3,23.0,23,0,1,1,zero,80
llm_single,shock,0,127,2,3,45.0,45,0,0,0,zero,80
llm_single,shock,0,128,0,3,4.0,4,0,0,0,zero,80
llm_single,shock,0,128,1,3,23.0,23,0,1,1,zero,80
llm_single,shock,0,128,2,3,44.0,44,0,0,0,zero,80
llm_single,shock,0,129,0,3,1.0,1,0,0,0,zero,80
llm_single,shock,0,129,1,3,23.0,23,0,0,0,zero,80
llm_single,shock,0,129,2,3,44.0,44,0,0,0,zero,80
llm_single,shock,0,130,0,3,7.0,7,0,6,6,zero,80
llm_single,shock,0,130,1,3,17.0,17,0,0,0,zero,80
llm_single,shock,0,130,2,3,44.0,44,0,0,0,zero,80
llm_single,shock,0,131,0,3,6.0,6,0,2,2,zero,80
llm_single,shock,0,131,1,3,16.0,16,0,1,1,zero,80
llm_single,shock,0,131,2,3,43.0,43,0,0,0,zero,80
llm_single,shock,0,132,0,3,3.0,3,0,6,6,zero,80
llm_single,shock,0,132,1,3,11.0,11,0,1,1,zero,80
llm_single,shock,0,132,2,3,42.0,42,0,0,0,zero,80
llm_single,shock,0,133,0,3,-0.0,0,0,0,0,zero,80
llm_single,shock,0,133,1,3,11.0,11,0,15,15,zero,80
llm_single,shock,0,133,2,3,27.0,27,0,0,0,zero,80
llm_single,shock,0,134,0,3,3.0,3,0,0,0,zero,80
llm_single,shock,0,134,1,3,11.0,11,0,1,1,zero,80
llm_single,shock,0,134,2,3,26.0,26,0,0,0,zero,80
llm_single,shock,0,135,0,2,3.0,3,0,6,6,zero,80
llm_single,shock,0,135,1,2,6.0,6,0,0,0,zero,80
llm_single,shock,0,135,2,2,26.0,26,0,0,0,zero,80
llm_single,shock,0,136,0,2,7.0,7,0,0,0,zero,80
llm_single,shock,0,136,1,2,7.0,7,0,1,1,zero,80
llm_single,shock,0,136,2,2,25.0,25,0,0,0,zero,80
llm_single,shock,0,137,0,3,4.0,4,0,2,2,zero,80
llm_single,shock,0,137,1,3,20.0,20,0,0,0,zero,80
llm_single,shock,0,137,2,3,25.0,25,0,0,0,zero,80
llm_single,shock,0,138,0,3,1.0,1,0,2,2,zero,80
llm_single,shock,0,138,1,3,19.0,19,0,0,0,zero,80
llm_single,shock,0,138,2,3,25.0,25,0,0,0,zero,80
llm_single,shock,0,139,0,3,4.0,4,0,6,6,zero,80
llm_single,shock,0,139,1,3,13.0,13,0,0,0,zero,80
llm_single,shock,0,139,2,3,25.0,25,0,0,0,zero,80
llm_single,shock,0,140,0,4,-0.0,0,0,0,0,zero,80
llm_single,shock,0,140,1,4,14.0,14,0,1,1,zero,80
llm_single,shock,0,140,2,4,24.0,24,0,0,0,zero,80
llm_single,shock,0,141,0,4,2.0,0,2,6,6,zero,80
llm_single,shock,0,141,1,4,8.0,8,0,1,1,zero,80
llm_single,shock,0,141,2,4,23.0,23,0,0,0,zero,80
llm_single,shock,0,142,0,3,3.0,0,3,6,6,zero,80
llm_single,shock,0,142,1,3,2.0,2,0,15,15,zero,80
llm_single,shock,0,142,2,3,8.0,8,0,0,0,zero,80
llm_single,shock,0,143,0,4,1.0,0,1,2,2,zero,80
llm_single,shock,0,143,1,4,-0.0,0,0,1,1,zero,80
llm_single,shock,0,143,2,4,7.0,7,0,1,1,zero,80
llm_single,shock,0,144,0,4,5.0,0,5,6,6,zero,80
llm_single,shock,0,144,1,4,5.0,0,5,1,1,zero,80
llm_single,shock,0,144,2,4,6.0,6,0,20,20,zero,80
llm_single,shock,0,145,0,4,3.0,0,3,6,6,zero,80
llm_single,shock,0,145,1,4,10.0,0,10,1,1,zero,80
llm_single,shock,0,145,2,4,5.0,5,0,0,0,zero,80
llm_single,shock,0,146,0,4,1.0,0,1,10,10,zero,80
llm_single,shock,0,146,1,4,5.0,0,5,15,15,zero,80
llm_single,shock,0,146,2,4,10.0,0,10,0,0,zero,80
llm_single,shock,0,147,0,3,2.0,0,2,6,6,zero,80
llm_single,shock,0,147,1,3,10.0,0,10,15,15,zero,80
llm_single,shock,0,147,2,3,24.0,0,24,1,1,zero,80
llm_single,shock,0,148,0,3,4.0,0,4,6,6,zero,80
llm_single,shock,0,148,1,3,15.0,0,15,15,15,zero,80
llm_single,shock,0,148,2,3,19.0,0,19,20,20,zero,80
llm_single,shock,0,149,0,3,6.0,0,6,6,6,zero,80
llm_single,shock,0,149,1,3,20.0,0,20,11,11,zero,80
llm_single,shock,0,149,2,3,30.0,0,30,20,20,zero,80
llm_single,shock,0,150,0,3,6.0,6,0,6,6,llm_r0_0,80
llm_single,shock,0,150,1,3,21.0,0,21,18,12,llm_r0_0,80
llm_single,shock,0,150,2,3,42.0,0,42,20,20,llm_r0_0,80
llm_single,shock,0,151,0,2,5.0,5,0,0,0,llm_r0_0,80
llm_single,shock,0,151,1,2,20.0,0,20,18,12,llm_r0_0,80
llm_single,shock,0,151,2,2,53.0,0,53,20,20,llm_r0_0,80
llm_single,shock,0,152,0,2,4.0,4,0,0,0,llm_r0_0,80
llm_single,shock,0,152,1,2,-0.0,0,0,0,0,llm_r0_0,80
llm_single,shock,0,152,2,2,33.0,0,33,20,20,llm_r0_0,80
llm_single,shock,0,153,0,2,3.0,3,0,0,0,llm_r0_0,80
llm_single,shock,0,153,1,2,-0.0,0,0,0,0,llm_r0_0,80
llm_single,shock,0,153,2,2,13.0,0,13,0,0,llm_r0_0,80
llm_single,shock,0,154,0,3,5.0,5,0,0,0,llm_r0_0,80
llm_single,shock,0,154,1,3,-0.0,0,0,0,0,llm_r0_0,80
llm_single,shock,0,154,2,3,7.0,7,0,0,0,llm_r0_0,80
llm_single,shock,0,155,0,3,3.0,3,0,0,0,zero,80
llm_single,shock,0,155,1,3,1.0,1,0,0,0,zero,80
llm_single,shock,0,155,2,3,27.0,27,0,0,0,zero,80
llm_single,shock,0,156,0,3,20.0,20,0,2,2,zero,80
llm_single,shock,0,156,1,3,19.0,19,0,0,0,zero,80
llm_single,shock,0,156,2,3,47.0,47,0,0,0,zero,80
llm_single,shock,0,157,0,4,16.0,16,0,0,0,zero,80
llm_single,shock,0,157,1,4,39.0,39,0,0,0,zero,80
llm_single,shock,0,157,2,4,47.0,47,0,0,0,zero,80
llm_single,shock,0,158,0,3,13.0,13,0,6,6,zero,80
llm_single,shock,0,158,1,3,46.0,46,0,0,0,zero,80
llm_single,shock,0,158,2,3,47.0,47,0,0,0,zero,80
llm_single,shock,0,159,0,3,10.0,10,0,2,2,zero,80
llm_single,shock,0,159,1,3,44.0,44,0,0,0,zero,80
llm_single,shock,0,159,2,3,47.0,47,0,0,0,zero,80
llm_single,shock,0,160,0,3,9.0,9,0,2,2,zero,80
llm_single,shock,0,160,1,3,42.0,42,0,0,0,zero,80
llm_single,shock,0,160,2,3,47.0,47,0,0,0,zero,80
llm_single,shock,0,161,0,3,6.0,6,0,0,0,zero,80
llm_single,shock,0,161,1,3,42.0,42,0,1,1,zero,80
llm_single,shock,0,161,2,3,46.0,46,0,0,0,zero,80
llm_single,shock,0,162,0,3,9.0,9,0,2,2,zero,80
llm_single,shock,0,162,1,3,40.0,40,0,0,0,zero,80
llm_single,shock,0,162,2,3,46.0,46,0,0,0,zero,80
llm_single,shock,0,163,0,3,8.0,8,0,2,2,zero,80
llm_single,shock,0,163,1,3,38.0,38,0,1,1,zero,80
llm_single,shock,0,163,2,3,45.0,45,0,0,0,zero,80
llm_single,shock,0,164,0,4,6.0,6,0,2,2,zero,80
llm_single,shock,0,164,1,4,36.0,36,0,1,1,zero,80
llm_single,shock,0,164,2,4,44.0,44,0,0,0,zero,80
llm_single,shock,0,165,0,3,3.0,3,0,9,9,zero,80
llm_single,shock,0,165,1,3,28.0,28,0,1,1,zero,80
llm_single,shock,0,165,2,3,43.0,43,0,0,0,zero,80
llm_single,shock,0,166,0,3,2.0,2,0,2,2,zero,80
llm_single,shock,0,166,1,3,26.0,26,0,1,1,zero,80
llm_single,shock,0,166,2,3,42.0,42,0,0,0,zero,80
llm_single,shock,0,167,0,4,-0.0,0,0,0,0,zero,80
llm_single,shock,0,167,1,4,27.0,27,0,1,1,zero,80
llm_single,shock,0,167,2,4,41.0,41,0,0,0,zero,80
llm_single,shock,0,168,0,3,1.0,0,1,2,2,zero,80
llm_single,shock,0,168,1,3,26.0,26,0,1,1,zero,80
llm_single,shock,0,168,2,3,40.0,40,0,0,0,zero,80
llm_single,shock,0,169,0,3,5.0,5,0,6,6,zero,80
llm_single,shock,0,169,1,3,21.0,21,0,1,1,zero,80
llm_single,shock,0,169,2,3,39.0,39,0,0,0,zero,80
llm_single,shock,0,170,0,3,4.0,4,0,0,0,zero,80
llm_single,shock,0,170,1,3,22.0,22,0,1,1,zero,80
llm_single,shock,0,170,2,3,38.0,38,0,0,0,zero,80
llm_single,shock,0,171,0,3,1.0,1,0,6,6,zero,80
llm_single,shock,0,171,1,3,17.0,17,0,1,1,zero,80
llm_single,shock,0,171,2,3,37.0,37,0,0,0,zero,80
llm_single,shock,0,172,0,3,-0.0,0,0,2,2,zero,80
llm_single,shock,0,172,1,3,16.0,16,0,1,1,zero,80
llm_single,shock,0,172,2,3,36.0,36,0,0,0,zero,80
llm_single,shock,0,173,0,4,2.0,2,0,0,0,zero,80
llm_single,shock,0,173,1,4,17.0,17,0,1,1,zero,80
llm_single,shock,0,173,2,4,35.0,35,0,0,0,zero,80
llm_single,shock,0,174,0,5,3.0,0,3,6,6,zero,80
llm_single,shock,0,174,1,5,12.0,12,0,1,1,zero,80
llm_single,shock,0,174,2,5,34.0,34,0,0,0,zero,80
llm_single,shock,0,175,0,5,2.0,0,2,6,6,zero,80
llm_single,shock,0,175,1,5,7.0,7,0,11,11,zero,80
llm_single,shock,0,175,2,5,23.0,23,0,0,0,zero,80
llm_single,shock,0,176,0,5,5.0,0,5,10,10,zero,80
llm_single,shock,0,176,1,5,2.0,0,2,1,1,zero,80
llm_single,shock,0,176,2,5,22.0,22,0,0,0,zero,80
llm_single,shock,0,177,0,6,11.0,0,11,10,10,zero,80
llm_single,shock,0,177,1,6,11.0,0,11,15,15,zero,80
llm_single,shock,0,177,2,6,7.0,7,0,0,0,zero,80
llm_single,shock,0,178,0,6,11.0,0,11,19,19,zero,80
llm_single,shock,0,178,1,6,29.0,0,29,15,15,zero,80
llm_single,shock,0,178,2,6,8.0,0,8,20,20,zero,80
llm_single,shock,0,179,0,5,10.0,0,10,10,10,zero,80
llm_single,shock,0,179,1,5,28.0,0,28,15,15,zero,80
llm_single,shock,0,179,2,5,23.0,0,23,20,20,zero,80
llm_single,shock,0,180,0,6,8.0,0,8,6,6,zero,80
llm_single,shock,0,180,1,6,33.0,0,33,15,15,zero,80
llm_single,shock,0,180,2,6,38.0,0,38,20,20,zero,80
llm_single,shock,0,181,0,6,13.0,0,13,19,19,zero,80
llm_single,shock,0,181,1,6,37.0,0,37,15,15,zero,80
llm_single,shock,0,181,2,6,53.0,0,53,20,20,zero,80
llm_single,shock,0,182,0,6,18.0,0,18,6,6,zero,80
llm_single,shock,0,182,1,6,36.0,0,36,18,18,zero,80
llm_single,shock,0,182,2,6,51.0,0,51,20,20,zero,80
llm_single,shock,0,183,0,7,14.0,0,14,10,10,zero,80
llm_single,shock,0,183,1,7,46.0,0,46,18,18,zero,80
llm_single,shock,0,183,2,7,49.0,0,49,20,20,zero,80
llm_single,shock,0,184,0,7,20.0,0,20,10,10,zero,80
llm_single,shock,0,184,1,7,56.0,0,56,18,18,zero,80
llm_single,shock,0,184,2,7,47.0,0,47,20,20,zero,80
llm_single,shock,0,185,0,6,11.0,0,11,10,10,llm_r0_0,80
llm_single,shock,0,185,1,6,66.0,0,66,18,12,llm_r0_0,80
llm_single,shock,0,185,2,6,39.0,0,39,20,20,llm_r0_0,80
llm_single,shock,0,186,0,7,11.0,0,11,19,19,llm_r0_0,80
llm_single,shock,0,186,1,7,65.0,0,65,0,0,llm_r0_0,80
llm_single,shock,0,186,2,7,19.0,0,19,20,20,llm_r0_0,80
llm_single,shock,0,187,0,6,17.0,0,17,10,10,llm_r0_0,80
llm_single,shock,0,187,1,6,55.0,0,55,18,12,llm_r0_0,80
llm_single,shock,0,187,2,6,11.0,0,11,0,0,llm_r0_0,80
llm_single,shock,0,188,0,6,23.0,0,23,6,6,llm_r0_0,80
llm_single,shock,0,188,1,6,41.0,0,41,0,0,llm_r0_0,80
llm_single,shock,0,188,2,6,9.0,9,0,1,1,llm_r0_0,80
llm_single,shock,0,189,0,6,29.0,0,29,6,6,llm_r0_0,80
llm_single,shock,0,189,1,6,27.0,0,27,0,0,llm_r0_0,80
llm_single,shock,0,189,2,6,29.0,29,0,0,0,llm_r0_0,80
llm_single,shock,0,190,0,5,14.0,0,14,6,6,llm_r0_0,80
llm_single,shock,0,190,1,5,13.0,0,13,0,0,llm_r0_0,80
llm_single,shock,0,190,2,5,49.0,49,0,0,0,llm_r0_0,80
llm_single,shock,0,191,0,5,1.0,1,0,0,0,llm_r0_0,80
llm_single,shock,0,191,1,5,7.0,7,0,18,12,llm_r0_0,80
llm_single,shock,0,191,2,5,37.0,37,0,0,0,llm_r0_0,80
llm_single,shock,0,192,0,5,16.0,16,0,0,0,llm_r0_0,80
llm_single,shock,0,192,1,5,18.0,18,0,0,0,llm_r0_0,80
llm_single,shock,0,192,2,5,38.0,38,0,1,1,llm_r0_0,80
llm_single,shock,0,193,0,5,31.0,31,0,0,0,llm_r0_0,80
llm_single,shock,0,193,1,5,18.0,18,0,0,0,llm_r0_0,80
llm_single,shock,0,193,2,5,38.0,38,0,0,0,llm_r0_0,80
llm_single,shock,0,194,0,4,47.0,47,0,0,0,llm_r0_0,80
llm_single,shock,0,194,1,4,18.0,18,0,0,0,llm_r0_0,80
llm_single,shock,0,194,2,4,38.0,38,0,0,0,llm_r0_0,80
llm_single,shock,0,195,0,4,56.0,56,0,0,0,zero,80
llm_single,shock,0,195,1,4,30.0,30,0,0,0,zero,80
llm_single,shock,0,195,2,4,38.0,38,0,0,0,zero,80
llm_single,shock,0,196,0,4,52.0,52,0,0,0,zero,80
llm_single,shock,0,196,1,4,30.0,30,0,0,0,zero,80
llm_single,shock,0,196,2,4,39.0,39,0,0,0,zero,80
llm_single,shock,0,197,0,4,48.0,48,0,0,0,zero,80
llm_single,shock,0,197,1,4,30.0,30,0,0,0,zero,80
llm_single,shock,0,197,2,4,39.0,39,0,0,0,zero,80
llm_single,shock,0,198,0,4,44.0,44,0,0,0,zero,80
llm_single,shock,0,198,1,4,30.0,30,0,0,0,zero,80
llm_single,shock,0,198,2,4,39.0,39,0,0,0,zero,80
llm_single,shock,0,199,0,4,40.0,40,0,0,0,zero,80
llm_single,shock,0,199,1,4,30.0,30,0,0,0,zero,80
llm_single,shock,0,199,2,4,39.0,39,0,0,0,zero,80
llm_single,shock,0,200,0,5,35.0,35,0,0,0,zero,80
llm_single,shock,0,200,1,5,30.0,30,0,0,0,zero,80
llm_single,shock,0,200,2,5,39.0,39,0,0,0,zero,80
llm_single,shock,1,1,0,10,10.0,10,0,10,10,zero,
llm_single,shock,1,1,1,10,10.0,10,0,15,15,zero,
llm_single,shock,1,1,2,10,5.0,5,0,0,0,zero,
llm_single,shock,1,2,0,11,9.0,9,0,10,10,zero,
llm_single,shock,1,2,1,11,10.0,10,0,1,1,zero,
llm_single,shock,1,2,2,11,14.0,14,0,20,20,zero,
llm_single,shock,1,3,0,9,10.0,10,0,19,19,zero,
llm_single,shock,1,3,1,9,1.0,1,0,15,15,zero,
llm_single,shock,1,3,2,9,9.0,9,0,3,3,zero,
llm_single,shock,1,4,0,10,10.0,10,0,6,6,zero,
llm_single,shock,1,4,1,10,5.0,5,0,15,15,zero,
llm_single,shock,1,4,2,10,4.0,4,0,20,20,zero,
llm_single,shock,1,5,0,11,9.0,9,0,6,6,zero,
llm_single,shock,1,5,1,11,14.0,14,0,15,15,zero,
llm_single,shock,1,5,2,11,11.0,0,11,20,20,zero,
llm_single,shock,1,6,0,10,9.0,9,0,6,6,zero,
llm_single,shock,1,6,1,10,9.0,9,0,3,3,zero,
llm_single,shock,1,6,2,10,6.0,6,0,20,20,zero,
llm_single,shock,1,7,0,9,19.0,19,0,10,10,zero,
llm_single,shock,1,7,1,9,14.0,14,0,0,0,zero,
llm_single,shock,1,7,2,9,9.0,9,0,0,0,zero,
llm_single,shock,1,8,0,10,15.0,15,0,6,6,zero,
llm_single,shock,1,8,1,10,23.0,23,0,1,1,zero,
llm_single,shock,1,8,2,10,28.0,28,0,0,0,zero,
llm_single,shock,1,9,0,11,10.0,10,0,9,9,zero,
llm_single,shock,1,9,1,11,18.0,18,0,1,1,zero,
llm_single,shock,1,9,2,11,47.0,47,0,0,0,zero,
llm_single,shock,1,10,0,11,5.0,5,0,19,19,zero,
llm_single,shock,1,10,1,11,13.0,13,0,15,15,zero,
llm_single,shock,1,10,2,11,52.0,52,0,0,0,zero,
llm_single,shock,1,11,0,10,5.0,5,0,9,9,zero,
llm_single,shock,1,11,1,10,4.0,4,0,15,15,zero,
llm_single,shock,1,11,2,10,37.0,37,0,0,0,zero,
llm_single,shock,1,12,0,10,1.0,1,0,9,9,zero,
llm_single,shock,1,12,1,10,4.0,0,4,15,15,zero,
llm_single,shock,1,12,2,10,22.0,22,0,20,20,zero,
llm_single,shock,1,13,0,10,-0.0,0,0,6,6,zero,
llm_single,shock,1,13,1,10,9.0,0,9,3,3,zero,
llm_single,shock,1,13,2,10,19.0,19,0,20,20,zero,
llm_single,shock,1,14,0,10,9.0,9,0,10,10,zero,
llm_single,shock,1,14,1,10,4.0,0,4,3,3,zero,
llm_single,shock,1,14,2,10,16.0,16,0,0,0,zero,
llm_single,shock,1,15,0,10,8.0,8,0,6,6,zero,
llm_single,shock,1,15,1,10,5.0,5,0,18,18,zero,
llm_single,shock,1,15,2,10,2.0,0,2,0,0,zero,
llm_single,shock,1,16,0,9,4.0,4,0,10,10,zero,
llm_single,shock,1,16,1,9,10.0,10,0,15,15,zero,
llm_single,shock,1,16,2,9,3.0,3,0,0,0,zero,
llm_single,shock,1,17,0,10,5.0,0,5,6,6,zero,
llm_single,shock,1,17,1,10,7.0,7,0,3,3,zero,
llm_single,shock,1,17,2,10,20.0,20,0,20,20,zero,
llm_single,shock,1,18,0,10,-0.0,0,0,10,10,zero,
llm_single,shock,1,18,1,10,-0.0,0,0,3,3,zero,
llm_single,shock,1,18,2,10,17.0,17,0,5,5,zero,
llm_single,shock,1,19,0,10,-0.0,0,0,10,10,zero,
llm_single,shock,1,19,1,10,6.0,6,0,15,15,zero,
llm_single,shock,1,19,2,10,2.0,2,0,0,0,zero,
llm_single,shock,1,20,0,11,1.0,0,1,19,19,zero,
llm_single,shock,1,20,1,11,4.0,4,0,15,15,zero,
llm_single,shock,1,20,2,11,13.0,0,13,0,0,zero,
llm_single,shock,1,21,0,12,7.0,0,7,9,9,zero,
llm_single,shock,1,21,1,12,2.0,0,2,18,18,zero,
llm_single,shock,1,21,2,12,11.0,0,11,20,20,zero,
llm_single,shock,1,22,0,13,10.0,0,10,19,19,zero,
llm_single,shock,1,22,1,13,18.0,0,18,15,15,zero,
llm_single,shock,1,22,2,13,21.0,0,21,20,20,zero,
llm_single,shock,1,23,0,13,13.0,0,13,10,10,zero,
llm_single,shock,1,23,1,13,13.0,0,13,18,18,zero,
llm_single,shock,1,23,2,13,39.0,0,39,20,20,zero,
llm_single,shock,1,24,0,15,9.0,0,9,10,10,zero,
llm_single,shock,1,24,1,15,21.0,0,21,18,18,zero,
llm_single,shock,1,24,2,15,57.0,0,57,20,20,zero,
llm_single,shock,1,25,0,14,16.0,0,16,19,19,zero,
llm_single,shock,1,25,1,14,20.0,0,20,15,15,zero,
llm_single,shock,1,25,2,14,52.0,0,52,20,20,zero,
llm_single,shock,1,26,0,13,26.0,0,26,10,10,zero,
llm_single,shock,1,26,1,13,25.0,0,25,18,18,zero,
llm_single,shock,1,26,2,13,50.0,0,50,20,20,zero,
llm_single,shock,1,27,0,13,24.0,0,24,19,19,zero,
llm_single,shock,1,27,1,13,44.0,0,44,18,18,zero,
llm_single,shock,1,27,2,13,48.0,0,48,20,20,zero,
llm_single,shock,1,28,0,13,35.0,0,35,19,19,zero,
llm_single,shock,1,28,1,13,63.0,0,63,18,18,zero,
llm_single,shock,1,28,2,13,46.0,0,46,20,20,zero,
llm_single,shock,1,29,0,13,28.0,0,28,19,19,zero,
llm_single,shock,1,29,1,13,62.0,0,62,18,18,zero,
llm_single,shock,1,29,2,13,44.0,0,44,20,20,zero,
llm_single,shock,1,30,0,14,37.0,0,37,10,10,zero,
llm_single,shock,1,30,1,14,52.0,0,52,18,18,zero,
llm_single,shock,1,30,2,14,42.0,0,42,20,20,zero,
llm_single,shock,1,31,0,15,52.0,0,52,17,17,zero,
llm_single,shock,1,31,1,15,49.0,0,49,18,18,zero,
llm_single,shock,1,31,2,15,40.0,0,40,20,20,zero,
llm_single,shock,1,32,0,14,66.0,0,66,17,17,zero,
llm_single,shock,1,32,1,14,46.0,0,46,18,18,zero,
llm_single,shock,1,32,2,14,38.0,0,38,20,20,zero,
llm_single,shock,1,33,0,14,60.0,0,60,17,17,zero,
llm_single,shock,1,33,1,14,43.0,0,43,18,18,zero,
llm_single,shock,1,33,2,14,36.0,0,36,20,20,zero,
llm_single,shock,1,34,0,15,55.0,0,55,10,10,zero,
llm_single,shock,1,34,1,15,33.0,0,33,18,18,zero,
llm_single,shock,1,34,2,15,34.0,0,34,20,20,zero,
llm_single,shock,1,35,0,16,51.0,0,51,10,10,zero,
llm_single,shock,1,35,1,16,23.0,0,23,0,0,zero,
llm_single,shock,1,35,2,16,14.0,0,14,20,20,zero,
llm_single,shock,1,36,0,15,46.0,0,46,10,10,zero,
llm_single,shock,1,36,1,15,13.0,0,13,0,0,zero,
llm_single,shock,1,36,2,15,6.0,6,0,0,0,zero,
llm_single,shock,1,37,0,15,41.0,0,41,10,10,zero,
llm_single,shock,1,37,1,15,3.0,0,3,18,18,zero,
llm_single,shock,1,37,2,15,8.0,8,0,0,0,zero,
llm_single,shock,1,38,0,14,35.0,0,35,10,10,zero,
llm_single,shock,1,38,1,14,7.0,7,0,18,18,zero,
llm_single,shock,1,38,2,14,10.0,10,0,16,16,zero,
llm_single,shock,1,39,0,14,29.0,0,29,10,10,zero,
llm_single,shock,1,39,1,14,17.0,17,0,18,18,zero,
llm_single,shock,1,39,2,14,12.0,12,0,20,20,zero,
llm_single,shock,1,40,0,14,23.0,0,23,10,10,zero,
llm_single,shock,1,40,1,14,21.0,21,0,0,0,zero,
llm_single,shock,1,40,2,14,12.0,12,0,20,20,zero,
llm_single,shock,1,41,0,13,16.0,0,16,19,19,zero,
llm_single,shock,1,41,1,13,20.0,20,0,12,12,zero,
llm_single,shock,1,41,2,13,-0.0,0,0,3,3,zero,
llm_single,shock,1,42,0,13,16.0,0,16,10,10,zero,
llm_single,shock,1,42,1,13,28.0,28,0,18,18,zero,
llm_single,shock,1,42,2,13,2.0,0,2,0,0,zero,
llm_single,shock,1,43,0,13,19.0,0,19,19,19,zero,
llm_single,shock,1,43,1,13,27.0,27,0,15,15,zero,
llm_single,shock,1,43,2,13,3.0,3,0,20,20,zero,
llm_single,shock,1,44,0,13,22.0,0,22,10,10,zero,
llm_single,shock,1,44,1,13,17.0,17,0,18,18,zero,
llm_single,shock,1,44,2,13,5.0,5,0,20,20,zero,
llm_single,shock,1,45,0,15,18.0,0,18,19,19,zero,
llm_single,shock,1,45,1,15,10.0,10,0,3,3,zero,
llm_single,shock,1,45,2,15,5.0,5,0,20,20,zero,
llm_single,shock,1,46,0,15,23.0,0,23,19,19,zero,
llm_single,shock,1,46,1,15,7.0,7,0,15,15,zero,
llm_single,shock,1,46,2,15,10.0,0,10,0,0,zero,
llm_single,shock,1,47,0,14,18.0,0,18,19,19,zero,
llm_single,shock,1,47,1,14,5.0,5,0,15,15,zero,
llm_single,shock,1,47,2,14,5.0,0,5,0,0,zero,
llm_single,shock,1,48,0,14,22.0,0,22,19,19,zero,
llm_single,shock,1,48,1,14,4.0,4,0,15,15,zero,
llm_single,shock,1,48,2,14,-0.0,0,0,20,20,zero,
llm_single,shock,1,49,0,15,18.0,0,18,10,10,zero,
llm_single,shock,1,49,1,15,3.0,0,3,15,15,zero,
llm_single,shock,1,49,2,15,5.0,5,0,20,20,zero,
llm_single,shock,1,50,0,18,17.0,0,17,10,10,zero,
llm_single,shock,1,50,1,18,8.0,0,8,15,15,zero,
llm_single,shock,1,50,2,18,10.0,0,10,20,20,zero,
llm_single,shock,1,51,0,17,15.0,0,15,19,19,zero,
llm_single,shock,1,51,1,17,7.0,0,7,15,15,zero,
llm_single,shock,1,51,2,17,25.0,0,25,20,20,zero,
llm_single,shock,1,52,0,18,14.0,0,14,10,10,zero,
llm_single,shock,1,52,1,18,3.0,3,0,18,18,zero,
llm_single,shock,1,52,2,18,23.0,0,23,0,0,zero,
llm_single,shock,1,53,0,18,25.0,0,25,19,19,zero,
llm_single,shock,1,53,1,18,1.0,0,1,15,15,zero,
llm_single,shock,1,53,2,18,18.0,0,18,20,20,zero,
llm_single,shock,1,54,0,18,38.0,0,38,19,19,zero,
llm_single,shock,1,54,1,18,15.0,0,15,18,18,zero,
llm_single,shock,1,54,2,18,16.0,0,16,20,20,zero,
llm_single,shock,1,55,0,20,38.0,0,38,19,19,zero,
llm_single,shock,1,55,1,20,34.0,0,34,18,18,zero,
llm_single,shock,1,55,2,20,14.0,0,14,20,20,zero,
llm_single,shock,1,56,0,20,41.0,0,41,19,19,zero,
llm_single,shock,1,56,1,20,33.0,0,33,18,18,zero,
llm_single,shock,1,56,2,20,32.0,0,32,20,20,zero,
llm_single,shock,1,57,0,18,41.0,0,41,19,19,zero,
llm_single,shock,1,57,1,18,32.0,0,32,18,18,zero,
llm_single,shock,1,57,2,18,30.0,0,30,20,20,zero,
llm_single,shock,1,58,0,17,53.0,0,53,19,19,zero,
llm_single,shock,1,58,1,17,31.0,0,31,18,18,zero,
llm_single,shock,1,58,2,17,28.0,0,28,20,20,zero,
llm_single,shock,1,59,0,16,69.0,0,69,17,17,zero,
llm_single,shock,1,59,1,16,28.0,0,28,18,18,zero,
llm_single,shock,1,59,2,16,26.0,0,26,20,20,zero,
llm_single,shock,1,60,0,16,65.0,0,65,17,17,zero,
llm_single,shock,1,60,1,16,45.0,0,45,18,18,zero,
llm_single,shock,1,60,2,16,24.0,0,24,20,20,zero,
llm_single,shock,1,61,0,18,63.0,0,63,17,17,zero,
llm_single,shock,1,61,1,18,42.0,0,42,18,18,zero,
llm_single,shock,1,61,2,18,22.0,0,22,20,20,zero,
llm_single,shock,1,62,0,17,60.0,0,60,17,17,zero,
llm_single,shock,1,62,1,17,39.0,0,39,18,18,zero,
llm_single,shock,1,62,2,17,20.0,0,20,20,20,zero,
llm_single,shock,1,63,0,18,58.0,0,58,17,17,zero,
llm_single,shock,1,63,1,18,36.0,0,36,18,18,zero,
llm_single,shock,1,63,2,18,18.0,0,18,20,20,zero,
llm_single,shock,1,64,0,17,75.0,0,75,17,17,zero,
llm_single,shock,1,64,1,17,33.0,0,33,18,18,zero,
llm_single,shock,1,64,2,17,16.0,0,16,20,20,zero,
llm_single,shock,1,65,0,18,73.0,0,73,17,17,zero,
llm_single,shock,1,65,1,18,30.0,0,30,18,18,zero,
llm_single,shock,1,65,2,18,14.0,0,14,20,20,zero,
llm_single,shock,1,66,0,20,73.0,0,73,17,17,zero,
llm_single,shock,1,66,1,20,27.0,0,27,18,18,zero,
llm_single,shock,1,66,2,20,12.0,0,12,16,16,zero,
llm_single,shock,1,67,0,18,71.0,0,71,17,17,zero,
llm_single,shock,1,67,1,18,24.0,0,24,18,18,zero,
llm_single,shock,1,67,2,18,10.0,0,10,20,20,zero,
llm_single,shock,1,68,0,17,68.0,0,68,17,17,zero,
llm_single,shock,1,68,1,17,21.0,0,21,18,18,zero,
llm_single,shock,1,68,2,17,8.0,0,8,20,20,zero,
llm_single,shock,1,69,0,16,64.0,0,64,17,17,zero,
llm_single,shock,1,69,1,16,18.0,0,18,18,18,zero,
llm_single,shock,1,69,2,16,6.0,0,6,20,20,zero,
llm_single,shock,1,70,0,15,59.0,0,59,17,17,zero,
llm_single,shock,1,70,1,15,15.0,0,15,18,18,zero,
llm_single,shock,1,70,2,15,8.0,0,8,20,20,zero,
llm_single,shock,1,71,0,17,56.0,0,56,10,10,zero,
llm_single,shock,1,71,1,17,5.0,0,5,18,18,zero,
llm_single,shock,1,71,2,17,6.0,0,6,16,16,zero,
llm_single,shock,1,72,0,14,50.0,0,50,10,10,zero,
llm_single,shock,1,72,1,14,5.0,5,0,18,18,zero,
llm_single,shock,1,72,2,14,4.0,0,4,16,16,zero,
llm_single,shock,1,73,0,16,46.0,0,46,10,10,zero,
llm_single,shock,1,73,1,16,15.0,15,0,3,3,zero,
llm_single,shock,1,73,2,16,13.0,13,0,20,20,zero,
llm_single,shock,1,74,0,16,42.0,0,42,19,19,zero,
llm_single,shock,1,74,1,16,12.0,12,0,3,3,zero,
llm_single,shock,1,74,2,16,30.0,30,0,1,1,zero,
llm_single,shock,1,75,0,15,37.0,0,37,10,10,zero,
llm_single,shock,1,75,1,15,22.0,22,0,18,18,zero,
llm_single,shock,1,75,2,15,28.0,28,0,0,0,zero,
llm_single,shock,1,76,0,15,37.0,0,37,19,19,zero,
llm_single,shock,1,76,1,15,23.0,23,0,18,18,zero,
llm_single,shock,1,76,2,15,26.0,26,0,16,16,zero,
llm_single,shock,1,77,0,15,42.0,0,42,19,19,zero,
llm_single,shock,1,77,1,15,11.0,11,0,18,18,zero,
llm_single,shock,1,77,2,15,28.0,28,0,20,20,zero,
llm_single,shock,1,78,0,13,36.0,0,36,19,19,zero,
llm_single,shock,1,78,1,13,5.0,0,5,18,18,zero,
llm_single,shock,1,78,2,13,11.0,11,0,20,20,zero,
llm_single,shock,1,79,0,14,40.0,0,40,19,19,zero,
llm_single,shock,1,79,1,14,6.0,0,6,18,18,zero,
llm_single,shock,1,79,2,14,7.0,0,7,20,20,zero,
llm_single,shock,1,80,0,15,36.0,0,36,10,10,zero,
llm_single,shock,1,80,1,15,2.0,2,0,18,18,zero,
llm_single,shock,1,80,2,15,9.0,0,9,20,20,zero,
llm_single,shock,1,81,0,18,35.0,0,35,10,10,zero,
llm_single,shock,1,81,1,18,10.0,10,0,18,18,zero,
llm_single,shock,1,81,2,18,7.0,0,7,16,16,zero,
llm_single,shock,1,82,0,17,38.0,0,38,19,19,zero,
llm_single,shock,1,82,1,17,9.0,9,0,3,3,zero,
llm_single,shock,1,82,2,17,10.0,10,0,16,16,zero,
llm_single,shock,1,83,0,17,37.0,0,37,19,19,zero,
llm_single,shock,1,83,1,17,1.0,1,0,18,18,zero,
llm_single,shock,1,83,2,17,12.0,12,0,0,0,zero,
llm_single,shock,1,84,0,19,40.0,0,40,19,19,zero,
llm_single,shock,1,84,1,19,2.0,0,2,18,18,zero,
llm_single,shock,1,84,2,19,14.0,14,0,16,16,zero,
llm_single,shock,1,85,0,19,49.0,0,49,19,19,zero,
llm_single,shock,1,85,1,19,1.0,0,1,18,18,zero,
llm_single,shock,1,85,2,19,12.0,12,0,20,20,zero,
llm_single,shock,1,86,0,16,46.0,0,46,19,19,zero,
llm_single,shock,1,86,1,16,10.0,0,10,18,18,zero,
llm_single,shock,1,86,2,16,10.0,10,0,20,20,zero,
llm_single,shock,1,87,0,16,43.0,0,43,19,19,zero,
llm_single,shock,1,87,1,16,11.0,0,11,18,18,zero,
llm_single,shock,1,87,2,16,8.0,0,8,20,20,zero,
llm_single,shock,1,88,0,17,43.0,0,43,10,10,zero,
llm_single,shock,1,88,1,17,3.0,0,3,18,18,zero,
llm_single,shock,1,88,2,17,10.0,0,10,20,20,zero,
llm_single,shock,1,89,0,20,43.0,0,43,19,19,zero,
llm_single,shock,1,89,1,20,4.0,0,4,18,18,zero,
llm_single,shock,1,89,2,20,8.0,0,8,16,16,zero,
llm_single,shock,1,90,0,20,53.0,0,53,19,19,zero,
llm_single,shock,1,90,1,20,5.0,0,5,18,18,zero,
llm_single,shock,1,90,2,20,6.0,0,6,16,16,zero,
llm_single,shock,1,91,0,20,55.0,0,55,19,19,zero,91
llm_single,shock,1,91,1,20,14.0,0,14,18,18,zero,91
llm_single,shock,1,91,2,20,4.0,0,4,20,20,zero,91
llm_single,shock,1,92,0,20,57.0,0,57,17,17,zero,91
llm_single,shock,1,92,1,20,15.0,0,15,18,18,zero,91
llm_single,shock,1,92,2,20,2.0,0,2,20,20,zero,91
llm_single,shock,1,93,0,20,59.0,0,59,17,17,zero,91
llm_single,shock,1,93,1,20,12.0,0,12,18,18,zero,91
llm_single,shock,1,93,2,20,4.0,0,4,20,20,zero,91
llm_single,shock,1,94,0,20,61.0,0,61,17,17,zero,91
llm_single,shock,1,94,1,20,9.0,0,9,18,18,zero,91
llm_single,shock,1,94,2,20,6.0,0,6,16,16,zero,91
llm_single,shock,1,95,0,20,71.0,0,71,17,17,zero,91
llm_single,shock,1,95,1,20,6.0,0,6,18,18,zero,91
llm_single,shock,1,95,2,20,4.0,0,4,16,16,zero,91
llm_single,shock,1,96,0,20,75.0,0,75,17,17,zero,91
llm_single,shock,1,96,1,20,3.0,0,3,18,18,zero,91
llm_single,shock,1,96,2,20,2.0,0,2,20,20,zero,91
llm_single,shock,1,97,0,20,75.0,0,75,17,17,zero,91
llm_single,shock,1,97,1,20,4.0,0,4,18,18,zero,91
llm_single,shock,1,97,2,20,-0.0,0,0,20,20,zero,91
llm_single,shock,1,98,0,20,75.0,0,75,17,17,zero,91
llm_single,shock,1,98,1,20,5.0,0,5,18,18,zero,91
llm_single,shock,1,98,2,20,2.0,0,2,16,16,zero,91
llm_single,shock,1,99,0,20,75.0,0,75,17,17,zero,91
llm_single,shock,1,99,1,20,2.0,0,2,18,18,zero,91
llm_single,shock,1,99,2,20,4.0,0,4,16,16,zero,91
llm_single,shock,1,100,0,20,75.0,0,75,17,17,zero,91
llm_single,shock,1,100,1,20,1.0,1,0,18,18,zero,91
llm_single,shock,1,100,2,20,2.0,0,2,20,20,zero,91
llm_single,shock,1,101,0,20,79.0,0,79,17,17,zero,91
llm_single,shock,1,101,1,20,4.0,4,0,18,18,zero,91
llm_single,shock,1,101,2,20,-0.0,0,0,20,20,zero,91
llm_single,shock,1,102,0,20,83.0,0,83,17,17,zero,91
llm_single,shock,1,102,1,20,3.0,3,0,18,18,zero,91
llm_single,shock,1,102,2,20,2.0,0,2,16,16,zero,91
llm_single,shock,1,103,0,20,83.0,0,83,17,17,zero,91
llm_single,shock,1,103,1,20,2.0,2,0,18,18,zero,91
llm_single,shock,1,103,2,20,4.0,0,4,16,16,zero,91
llm_single,shock,1,104,0,20,84.0,0,84,17,17,zero,91
llm_single,shock,1,104,1,20,5.0,5,0,18,18,zero,91
llm_single,shock,1,104,2,20,2.0,0,2,20,20,zero,91
llm_single,shock,1,105,0,20,87.0,0,87,17,17,zero,91
llm_single,shock,1,105,1,20,8.0,8,0,18,18,zero,91
llm_single,shock,1,105,2,20,-0.0,0,0,20,20,zero,91
llm_single,shock,1,106,0,18,88.0,0,88,17,17,zero,91
llm_single,shock,1,106,1,18,7.0,7,0,18,18,zero,91
llm_single,shock,1,106,2,18,2.0,0,2,16,16,zero,91
llm_single,shock,1,107,0,17,88.0,0,88,17,17,zero,91
llm_single,shock,1,107,1,17,6.0,6,0,18,18,zero,91
llm_single,shock,1,107,2,17,4.0,0,4,16,16,zero,91
llm_single,shock,1,108,0,15,86.0,0,86,17,17,zero,91
llm_single,shock,1,108,1,15,9.0,9,0,18,18,zero,91
llm_single,shock,1,108,2,15,2.0,0,2,20,20,zero,91
llm_single,shock,1,109,0,15,84.0,0,84,17,17,zero,91
llm_single,shock,1,109,1,15,12.0,12,0,18,18,zero,91
llm_single,shock,1,109,2,15,-0.0,0,0,20,20,zero,91
llm_single,shock,1,110,0,15,82.0,0,82,17,17,zero,91
llm_single,shock,1,110,1,15,11.0,11,0,18,18,zero,91
llm_single,shock,1,110,2,15,2.0,0,2,16,16,zero,91
llm_single,shock,1,111,0,17,82.0,0,82,17,17,zero,91
llm_single,shock,1,111,1,17,10.0,10,0,18,18,zero,91
llm_single,shock,1,111,2,17,4.0,0,4,16,16,zero,91
llm_single,shock,1,112,0,15,80.0,0,80,17,17,zero,91
llm_single,shock,1,112,1,15,13.0,13,0,18,18,zero,91
llm_single,shock,1,112,2,15,2.0,0,2,20,20,zero,91
llm_single,shock,1,113,0,14,77.0,0,77,17,17,zero,91
llm_single,shock,1,113,1,14,16.0,16,0,18,18,zero,91
llm_single,shock,1,113,2,14,-0.0,0,0,20,20,zero,91
llm_single,shock,1,114,0,9,69.0,0,69,17,17,zero,91
llm_single,shock,1,114,1,9,15.0,15,0,15,15,zero,91
llm_single,shock,1,114,2,9,1.0,1,0,16,16,zero,91
llm_single,shock,1,115,0,9,61.0,0,61,17,17,zero,91
llm_single,shock,1,115,1,9,14.0,14,0,15,15,zero,91
llm_single,shock,1,115,2,9,2.0,2,0,16,16,zero,91
llm_single,shock,1,116,0,9,53.0,0,53,17,17,zero,91
llm_single,shock,1,116,1,9,17.0,17,0,15,15,zero,91
llm_single,shock,1,116,2,9,7.0,7,0,16,16,zero,91
llm_single,shock,1,117,0,9,45.0,0,45,16,16,zero,91
llm_single,shock,1,117,1,9,21.0,21,0,15,15,zero,91
llm_single,shock,1,117,2,9,12.0,12,0,0,0,zero,91
llm_single,shock,1,118,0,11,39.0,0,39,6,6,zero,91
llm_single,shock,1,118,1,11,30.0,30,0,15,15,zero,91
llm_single,shock,1,118,2,11,13.0,13,0,16,16,zero,91
llm_single,shock,1,119,0,11,33.0,0,33,10,10,zero,91
llm_single,shock,1,119,1,11,35.0,35,0,3,3,zero,91
llm_single,shock,1,119,2,11,26.0,26,0,20,20,zero,91
llm_single,shock,1,120,0,11,27.0,0,27,10,10,zero,91
llm_single,shock,1,120,1,11,40.0,40,0,3,3,zero,91
llm_single,shock,1,120,2,11,39.0,39,0,0,0,zero,91
llm_single,shock,1,121,0,12,23.0,0,23,10,10,zero,91
llm_single,shock,1,121,1,12,45.0,45,0,3,3,zero,91
llm_single,shock,1,121,2,12,36.0,36,0,0,0,zero,91
llm_single,shock,1,122,0,12,29.0,0,29,19,19,zero,91
llm_single,shock,1,122,1,12,41.0,41,0,15,15,zero,91
llm_single,shock,1,122,2,12,37.0,37,0,0,0,zero,91
llm_single,shock,1,123,0,12,31.0,0,31,10,10,zero,91
llm_single,shock,1,123,1,12,34.0,34,0,15,15,zero,91
llm_single,shock,1,123,2,12,42.0,42,0,0,0,zero,91
llm_single,shock,1,124,0,11,32.0,0,32,19,19,zero,91
llm_single,shock,1,124,1,11,18.0,18,0,15,15,zero,91
llm_single,shock,1,124,2,11,27.0,27,0,16,16,zero,91
llm_single,shock,1,125,0,11,33.0,0,33,10,10,zero,91
llm_single,shock,1,125,1,11,11.0,11,0,15,15,zero,91
llm_single,shock,1,125,2,11,12.0,12,0,20,20,zero,91
llm_single,shock,1,126,0,11,25.0,0,25,10,10,zero,91
llm_single,shock,1,126,1,11,16.0,16,0,3,3,zero,91
llm_single,shock,1,126,2,11,9.0,9,0,20,20,zero,91
llm_single,shock,1,127,0,13,28.0,0,28,10,10,zero,91
llm_single,shock,1,127,1,13,21.0,21,0,3,3,zero,91
llm_single,shock,1,127,2,13,6.0,6,0,0,0,zero,91
llm_single,shock,1,128,0,10,19.0,0,19,10,10,zero,91
llm_single,shock,1,128,1,10,26.0,26,0,15,15,zero,91
llm_single,shock,1,128,2,10,7.0,7,0,0,0,zero,91
llm_single,shock,1,129,0,9,18.0,0,18,19,19,zero,91
llm_single,shock,1,129,1,9,22.0,22,0,3,3,zero,91
llm_single,shock,1,129,2,9,24.0,24,0,0,0,zero,91
llm_single,shock,1,130,0,9,17.0,0,17,6,6,zero,91
llm_single,shock,1,130,1,9,19.0,19,0,15,15,zero,91
llm_single,shock,1,130,2,9,29.0,29,0,0,0,zero,91
llm_single,shock,1,131,0,8,15.0,0,15,19,19,zero,91
llm_single,shock,1,131,1,8,3.0,3,0,3,3,zero,91
llm_single,shock,1,131,2,8,26.0,26,0,20,20,zero,91
llm_single,shock,1,132,0,9,14.0,0,14,6,6,zero,91
llm_single,shock,1,132,1,9,12.0,12,0,15,15,zero,91
llm_single,shock,1,132,2,9,11.0,11,0,3,3,zero,91
llm_single,shock,1,133,0,8,3.0,0,3,10,10,zero,91
llm_single,shock,1,133,1,8,5.0,5,0,3,3,zero,91
llm_single,shock,1,133,2,8,8.0,8,0,20,20,zero,91
llm_single,shock,1,134,0,7,4.0,0,4,6,6,zero,91
llm_single,shock,1,134,1,7,14.0,14,0,15,15,zero,91
llm_single,shock,1,134,2,7,7.0,0,7,3,3,zero,91
llm_single,shock,1,135,0,6,9.0,9,0,6,6,zero,91
llm_single,shock,1,135,1,6,11.0,11,0,3,3,zero,91
llm_single,shock,1,135,2,6,10.0,10,0,20,20,zero,91
llm_single,shock,1,136,0,7,8.0,8,0,6,6,zero,91
llm_single,shock,1,136,1,7,20.0,20,0,1,1,zero,91
llm_single,shock,1,136,2,7,12.0,12,0,3,3,zero,91
llm_single,shock,1,137,0,7,11.0,11,0,6,6,zero,91
llm_single,shock,1,137,1,7,17.0,17,0,1,1,zero,91
llm_single,shock,1,137,2,7,31.0,31,0,0,0,zero,91
llm_single,shock,1,138,0,7,10.0,10,0,10,10,zero,91
llm_single,shock,1,138,1,7,15.0,15,0,15,15,zero,91
llm_single,shock,1,138,2,7,19.0,19,0,0,0,zero,91
llm_single,shock,1,139,0,7,9.0,9,0,6,6,zero,91
llm_single,shock,1,139,1,7,19.0,19,0,15,15,zero,91
llm_single,shock,1,139,2,7,24.0,24,0,0,0,zero,91
llm_single,shock,1,140,0,7,8.0,8,0,9,9,zero,91
llm_single,shock,1,140,1,7,11.0,11,0,1,1,zero,91
llm_single,shock,1,140,2,7,26.0,26,0,20,20,zero,91
llm_single,shock,1,141,0,7,7.0,7,0,2,2,zero,91
llm_single,shock,1,141,1,7,10.0,10,0,1,1,zero,91
llm_single,shock,1,141,2,7,25.0,25,0,0,0,zero,91
llm_single,shock,1,142,0,7,10.0,10,0,10,10,zero,91
llm_single,shock,1,142,1,7,15.0,15,0,1,1,zero,91
llm_single,shock,1,142,2,7,24.0,24,0,0,0,zero,91
llm_single,shock,1,143,0,7,9.0,9,0,6,6,zero,91
llm_single,shock,1,143,1,7,24.0,24,0,15,15,zero,91
llm_single,shock,1,143,2,7,9.0,9,0,0,0,zero,91
llm_single,shock,1,144,0,7,11.0,11,0,9,9,zero,91
llm_single,shock,1,144,1,7,16.0,16,0,1,1,zero,91
llm_single,shock,1,144,2,7,28.0,28,0,0,0,zero,91
llm_single,shock,1,145,0,7,6.0,6,0,2,2,zero,91
llm_single,shock,1,145,1,7,15.0,15,0,15,15,zero,91
llm_single,shock,1,145,2,7,13.0,13,0,0,0,zero,91
llm_single,shock,1,146,0,7,9.0,9,0,10,10,zero,91
llm_single,shock,1,146,1,7,6.0,6,0,1,1,zero,91
llm_single,shock,1,146,2,7,12.0,12,0,20,20,zero,91
llm_single,shock,1,147,0,7,8.0,8,0,2,2,zero,91
llm_single,shock,1,147,1,7,19.0,19,0,15,15,zero,91
llm_single,shock,1,147,2,7,3.0,0,3,3,3,zero,91
llm_single,shock,1,148,0,8,9.0,9,0,9,9,zero,91
llm_single,shock,1,148,1,8,11.0,11,0,1,1,zero,91
llm_single,shock,1,148,2,8,4.0,0,4,20,20,zero,91
llm_single,shock,1,149,0,8,3.0,3,0,9,9,zero,91
llm_single,shock,1,149,1,8,17.0,17,0,1,1,zero,91
llm_single,shock,1,149,2,8,5.0,0,5,20,20,zero,91
llm_single,shock,1,150,0,7,6.0,6,0,9,9,zero,91
llm_single,shock,1,150,1,7,9.0,9,0,15,15,zero,91
llm_single,shock,1,150,2,7,-0.0,0,0,0,0,zero,91
llm_single,shock,1,151,0,7,1.0,1,0,2,2,zero,91
llm_single,shock,1,151,1,7,19.0,19,0,3,3,zero,91
llm_single,shock,1,151,2,7,-0.0,0,0,0,0,zero,91
llm_single,shock,1,152,0,8,2.0,2,0,6,6,zero,91
llm_single,shock,1,152,1,8,13.0,13,0,1,1,zero,91
llm_single,shock,1,152,2,8,19.0,19,0,0,0,zero,91
llm_single,shock,1,153,0,8,3.0,3,0,10,10,zero,91
llm_single,shock,1,153,1,8,3.0,3,0,1,1,zero,91
llm_single,shock,1,153,2,8,38.0,38,0,0,0,zero,91
llm_single,shock,1,154,0,7,5.0,5,0,9,9,zero,91
llm_single,shock,1,154,1,7,14.0,14,0,15,15,zero,91
llm_single,shock,1,154,2,7,23.0,23,0,0,0,zero,91
llm_single,shock,1,155,0,8,1.0,0,1,6,6,zero,91
llm_single,shock,1,155,1,8,11.0,11,0,1,1,zero,91
llm_single,shock,1,155,2,8,22.0,22,0,16,16,zero,91
llm_single,shock,1,156,0,8,3.0,0,3,6,6,zero,91
llm_single,shock,1,156,1,8,6.0,6,0,15,15,zero,91
llm_single,shock,1,156,2,8,7.0,7,0,0,0,zero,91
llm_single,shock,1,157,0,7,-0.0,0,0,10,10,zero,91
llm_single,shock,1,157,1,7,3.0,0,3,1,1,zero,91
llm_single,shock,1,157,2,7,6.0,6,0,20,20,zero,91
llm_single,shock,1,158,0,7,2.0,2,0,10,10,zero,91
llm_single,shock,1,158,1,7,2.0,2,0,15,15,zero,91
llm_single,shock,1,158,2,7,9.0,0,9,3,3,zero,91
llm_single,shock,1,159,0,7,1.0,1,0,6,6,zero,91
llm_single,shock,1,159,1,7,3.0,0,3,15,15,zero,91
llm_single,shock,1,159,2,7,8.0,0,8,20,20,zero,91
llm_single,shock,1,160,0,7,-0.0,0,0,6,6,zero,91
llm_single,shock,1,160,1,7,6.0,6,0,15,15,zero,91
llm_single,shock,1,160,2,7,23.0,0,23,20,20,zero,91
llm_single,shock,1,161,0,6,1.0,1,0,6,6,zero,91
llm_single,shock,1,161,1,6,1.0,1,0,15,15,zero,91
llm_single,shock,1,161,2,6,18.0,0,18,20,20,zero,91
llm_single,shock,1,162,0,7,7.0,7,0,6,6,zero,91
llm_single,shock,1,162,1,7,1.0,1,0,3,3,zero,91
llm_single,shock,1,162,2,7,18.0,0,18,20,20,zero,91
llm_single,shock,1,163,0,7,3.0,3,0,6,6,zero,91
llm_single,shock,1,163,1,7,11.0,11,0,15,15,zero,91
llm_single,shock,1,163,2,7,13.0,0,13,0,0,zero,91
llm_single,shock,1,164,0,6,6.0,6,0,10,10,zero,91
llm_single,shock,1,164,1,6,1.0,1,0,0,0,zero,91
llm_single,shock,1,164,2,6,7.0,7,0,16,16,zero,91
llm_single,shock,1,165,0,6,6.0,6,0,6,6,zero,91
llm_single,shock,1,165,1,6,15.0,15,0,12,12,zero,91
llm_single,shock,1,165,2,6,15.0,15,0,0,0,zero,91
llm_single,shock,1,166,0,6,6.0,6,0,2,2,zero,91
llm_single,shock,1,166,1,6,16.0,16,0,0,0,zero,91
llm_single,shock,1,166,2,6,35.0,35,0,16,16,zero,91
llm_single,shock,1,167,0,6,6.0,6,0,6,6,zero,91
llm_single,shock,1,167,1,6,30.0,30,0,0,0,zero,91
llm_single,shock,1,167,2,6,35.0,35,0,0,0,zero,91
llm_single,shock,1,168,0,5,11.0,11,0,6,6,zero,91
llm_single,shock,1,168,1,5,37.0,37,0,0,0,zero,91
llm_single,shock,1,168,2,5,51.0,51,0,0,0,zero,91
llm_single,shock,1,169,0,5,12.0,12,0,6,6,zero,91
llm_single,shock,1,169,1,5,43.0,43,0,1,1,zero,91
llm_single,shock,1,169,2,5,50.0,50,0,0,0,zero,91
llm_single,shock,1,170,0,5,9.0,9,0,2,2,zero,91
llm_single,shock,1,170,1,5,41.0,41,0,1,1,zero,91
llm_single,shock,1,170,2,5,65.0,65,0,0,0,zero,91
llm_single,shock,1,171,0,5,10.0,10,0,6,6,zero,91
llm_single,shock,1,171,1,5,35.0,35,0,1,1,zero,91
llm_single,shock,1,171,2,5,64.0,64,0,0,0,zero,91
llm_single,shock,1,172,0,5,11.0,11,0,2,2,zero,91
llm_single,shock,1,172,1,5,33.0,33,0,1,1,zero,91
llm_single,shock,1,172,2,5,63.0,63,0,0,0,zero,91
llm_single,shock,1,173,0,5,12.0,12,0,6,6,zero,91
llm_single,shock,1,173,1,5,28.0,28,0,1,1,zero,91
llm_single,shock,1,173,2,5,62.0,62,0,0,0,zero,91
llm_single,shock,1,174,0,5,9.0,9,0,2,2,zero,91
llm_single,shock,1,174,1,5,27.0,27,0,1,1,zero,91
llm_single,shock,1,174,2,5,61.0,61,0,0,0,zero,91
llm_single,shock,1,175,0,4,11.0,11,0,9,9,zero,91
llm_single,shock,1,175,1,4,19.0,19,0,1,1,zero,91
llm_single,shock,1,175,2,4,60.0,60,0,0,0,zero,91
llm_single,shock,1,176,0,4,9.0,9,0,3,3,zero,91
llm_single,shock,1,176,1,4,17.0,17,0,15,15,zero,91
llm_single,shock,1,176,2,4,45.0,45,0,0,0,zero,91
llm_single,shock,1,177,0,5,10.0,10,0,2,2,zero,91
llm_single,shock,1,177,1,5,16.0,16,0,1,1,zero,91
llm_single,shock,1,177,2,5,44.0,44,0,0,0,zero,91
llm_single,shock,1,178,0,6,6.0,6,0,2,2,zero,91
llm_single,shock,1,178,1,6,15.0,15,0,1,1,zero,91
llm_single,shock,1,178,2,6,43.0,43,0,0,0,zero,91
llm_single,shock,1,179,0,6,9.0,9,0,9,9,zero,91
llm_single,shock,1,179,1,6,7.0,7,0,0,0,zero,91
llm_single,shock,1,179,2,6,43.0,43,0,0,0,zero,91
llm_single,shock,1,180,0,7,5.0,5,0,6,6,zero,91
llm_single,shock,1,180,1,7,16.0,16,0,1,1,zero,91
llm_single,shock,1,180,2,7,42.0,42,0,0,0,zero,91
llm_single,shock,1,181,0,7,-0.0,0,0,9,9,zero,91
llm_single,shock,1,181,1,7,8.0,8,0,15,15,zero,91
llm_single,shock,1,181,2,7,27.0,27,0,0,0,zero,91
llm_single,shock,1,182,0,6,4.0,0,4,6,6,zero,91
llm_single,shock,1,182,1,6,3.0,3,0,11,11,zero,91
llm_single,shock,1,182,2,6,16.0,16,0,0,0,zero,91
llm_single,shock,1,183,0,6,1.0,0,1,6,6,zero,91
llm_single,shock,1,183,1,6,3.0,0,3,1,1,zero,91
llm_single,shock,1,183,2,6,15.0,15,0,20,20,zero,91
llm_single,shock,1,184,0,6,1.0,0,1,6,6,zero,91
llm_single,shock,1,184,1,6,8.0,0,8,1,1,zero,91
llm_single,shock,1,184,2,6,14.0,14,0,3,3,zero,91
llm_single,shock,1,185,0,5,3.0,3,0,10,10,zero,91
llm_single,shock,1,185,1,5,3.0,0,3,5,5,zero,91
llm_single,shock,1,185,2,5,9.0,9,0,0,0,zero,91
llm_single,shock,1,186,0,5,4.0,4,0,6,6,zero,91
llm_single,shock,1,186,1,5,2.0,2,0,15,15,zero,91
llm_single,shock,1,186,2,5,6.0,0,6,0,0,zero,91
llm_single,shock,1,187,0,5,2.0,2,0,0,0,zero,91
llm_single,shock,1,187,1,5,3.0,3,0,15,15,zero,91
llm_single,shock,1,187,2,5,1.0,0,1,5,5,zero,91
llm_single,shock,1,188,0,6,3.0,0,3,0,0,zero,91
llm_single,shock,1,188,1,6,4.0,4,0,0,0,zero,91
llm_single,shock,1,188,2,6,2.0,2,0,20,20,zero,91
llm_single,shock,1,189,0,5,7.0,7,0,6,6,zero,91
llm_single,shock,1,189,1,5,3.0,3,0,0,0,zero,91
llm_single,shock,1,189,2,5,2.0,2,0,3,3,zero,91
llm_single,shock,1,190,0,5,11.0,11,0,6,6,zero,91
llm_single,shock,1,190,1,5,6.0,6,0,0,0,zero,91
llm_single,shock,1,190,2,5,2.0,2,0,0,0,zero,91
llm_single,shock,1,191,0,5,6.0,6,0,6,6,zero,91
llm_single,shock,1,191,1,5,20.0,20,0,1,1,zero,91
llm_single,shock,1,191,2,5,6.0,6,0,0,0,zero,91
llm_single,shock,1,192,0,5,1.0,1,0,2,2,zero,91
llm_single,shock,1,192,1,5,19.0,19,0,15,15,zero,91
llm_single,shock,1,192,2,5,11.0,11,0,0,0,zero,91
llm_single,shock,1,193,0,5,2.0,2,0,6,6,zero,91
llm_single,shock,1,193,1,5,13.0,13,0,1,1,zero,91
llm_single,shock,1,193,2,5,13.0,13,0,1,1,zero,91
llm_single,shock,1,194,0,6,2.0,2,0,6,6,zero,91
llm_single,shock,1,194,1,6,7.0,7,0,1,1,zero,91
llm_single,shock,1,194,2,6,12.0,12,0,2,2,zero,91
llm_single,shock,1,195,0,6,2.0,2,0,10,10,zero,91
llm_single,shock,1,195,1,6,2.0,0,2,1,1,zero,91
llm_single,shock,1,195,2,6,11.0,11,0,0,0,zero,91
llm_single,shock,1,196,0,6,2.0,0,2,6,6,zero,91
llm_single,shock,1,196,1,6,7.0,7,0,15,15,zero,91
llm_single,shock,1,196,2,6,4.0,0,4,0,0,zero,91
llm_single,shock,1,197,0,6,2.0,0,2,6,6,zero,91
llm_single,shock,1,197,1,6,2.0,2,0,11,11,zero,91
llm_single,shock,1,197,2,6,14.0,0,14,20,20,zero,91
llm_single,shock,1,198,0,5,1.0,0,1,6,6,zero,91
llm_single,shock,1,198,1,5,3.0,0,3,15,15,zero,91
llm_single,shock,1,198,2,5,27.0,0,27,20,20,zero,91
llm_single,shock,1,199,0,5,2.0,2,0,6,6,zero,91
llm_single,shock,1,199,1,5,8.0,0,8,15,15,zero,91
llm_single,shock,1,199,2,5,42.0,0,42,20,20,zero,91
llm_single,shock,1,200,0,7,3.0,3,0,6,6,zero,91
llm_single,shock,1,200,1,7,3.0,0,3,15,15,zero,91
llm_single,shock,1,200,2,7,57.0,0,57,20,20,zero,91
llm_iterative,base,0,1,0,10,10.0,10,0,10,10,zero,
llm_iterative,base,0,1,1,10,10.0,10,0,15,15,zero,
llm_iterative,base,0,1,2,10,5.0,5,0,0,0,zero,
llm_iterative,base,0,2,0,10,10.0,10,0,10,10,zero,
llm_iterative,base,0,2,1,10,10.0,10,0,1,1,zero,
llm_iterative,base,0,2,2,10,14.0,14,0,20,20,zero,
llm_iterative,base,0,3,0,10,10.0,10,0,10,10,zero,
llm_iterative,base,0,3,1,10,10.0,10,0,15,15,zero,
llm_iterative,base,0,3,2,10,9.0,9,0,3,3,zero,
llm_iterative,base,0,4,0,10,10.0,10,0,10,10,zero,
llm_iterative,base,0,4,1,10,10.0,10,0,15,15,zero,
llm_iterative,base,0,4,2,10,4.0,4,0,20,20,zero,
llm_iterative,base,0,5,0,10,10.0,10,0,9,9,zero,
llm_iterative,base,0,5,1,10,16.0,16,0,15,15,zero,
llm_iterative,base,0,5,2,10,11.0,0,11,20,20,zero,
llm_iterative,base,0,6,0,8,12.0,12,0,9,9,zero,
llm_iterative,base,0,6,1,8,8.0,8,0,15,15,zero,
llm_iterative,base,0,6,2,8,6.0,0,6,20,20,zero,
llm_iterative,base,0,7,0,8,14.0,14,0,6,6,zero,
llm_iterative,base,0,7,1,8,17.0,17,0,3,3,zero,
llm_iterative,base,0,7,2,8,6.0,0,6,20,20,zero,
llm_iterative,base,0,8,0,8,16.0,16,0,6,6,zero,
llm_iterative,base,0,8,1,8,26.0,26,0,1,1,zero,
llm_iterative,base,0,8,2,8,13.0,13,0,0,0,zero,
llm_iterative,base,0,9,0,8,17.0,17,0,6,6,zero,
llm_iterative,base,0,9,1,8,24.0,24,0,0,0,zero,
llm_iterative,base,0,9,2,8,33.0,33,0,0,0,zero,
llm_iterative,base,0,10,0,8,18.0,18,0,9,9,zero,
llm_iterative,base,0,10,1,8,35.0,35,0,1,1,zero,
llm_iterative,base,0,10,2,8,52.0,52,0,0,0,zero,
llm_iterative,base,0,11,0,9,15.0,15,0,4,4,zero,
llm_iterative,base,0,11,1,9,34.0,34,0,1,1,zero,
llm_iterative,base,0,11,2,9,71.0,71,0,0,0,zero,
llm_iterative,base,0,12,0,9,12.0,12,0,9,9,zero,
llm_iterative,base,0,12,1,9,32.0,32,0,1,1,zero,
llm_iterative,base,0,12,2,9,70.0,70,0,0,0,zero,
llm_iterative,base,0,13,0,9,9.0,9,0,9,9,zero,
llm_iterative,base,0,13,1,9,23.0,23,0,15,15,zero,
llm_iterative,base,0,13,2,9,55.0,55,0,0,0,zero,
llm_iterative,base,0,14,0,10,8.0,8,0,9,9,zero,
llm_iterative,base,0,14,1,10,15.0,15,0,15,15,zero,
llm_iterative,base,0,14,2,10,40.0,40,0,0,0,zero,
llm_iterative,base,0,15,0,12,-0.0,0,0,9,9,zero,
llm_iterative,base,0,15,1,12,7.0,7,0,11,11,zero,
llm_iterative,base,0,15,2,12,29.0,29,0,1,1,zero,
llm_iterative,base,0,16,0,13,4.0,0,4,19,19,zero,
llm_iterative,base,0,16,1,13,11.0,0,11,1,1,zero,
llm_iterative,base,0,16,2,13,28.0,28,0,20,20,zero,
llm_iterative,base,0,17,0,14,9.0,0,9,19,19,zero,
llm_iterative,base,0,17,1,14,15.0,0,15,15,15,zero,
llm_iterative,base,0,17,2,14,13.0,13,0,0,0,zero,
llm_iterative,base,0,18,0,15,15.0,0,15,19,19,zero,
llm_iterative,base,0,18,1,15,19.0,0,19,15,15,zero,
llm_iterative,base,0,18,2,15,2.0,0,2,16,16,zero,
llm_iterative,base,0,19,0,13,19.0,0,19,19,19,zero,
llm_iterative,base,0,19,1,13,27.0,0,27,15,15,zero,
llm_iterative,base,0,19,2,13,16.0,0,16,20,20,zero,
llm_iterative,base,0,20,0,14,25.0,0,25,19,19,zero,
llm_iterative,base,0,20,1,14,45.0,0,45,15,15,zero,
llm_iterative,base,0,20,2,14,11.0,0,11,20,20,zero,
llm_iterative,base,0,21,0,13,23.0,0,23,19,19,zero,
llm_iterative,base,0,21,1,13,49.0,0,49,18,18,zero,
llm_iterative,base,0,21,2,13,29.0,0,29,20,20,zero,
llm_iterative,base,0,22,0,14,22.0,0,22,10,10,zero,
llm_iterative,base,0,22,1,14,46.0,0,46,18,18,zero,
llm_iterative,base,0,22,2,14,31.0,0,31,20,20,zero,
llm_iterative,base,0,23,0,14,25.0,0,25,19,19,zero,
llm_iterative,base,0,23,1,14,64.0,0,64,18,18,zero,
llm_iterative,base,0,23,2,14,29.0,0,29,20,20,zero,
llm_iterative,base,0,24,0,14,38.0,0,38,19,19,zero,
llm_iterative,base,0,24,1,14,63.0,0,63,18,18,zero,
llm_iterative,base,0,24,2,14,27.0,0,27,20,20,zero,
llm_iterative,base,0,25,0,15,38.0,0,38,10,10,zero,
llm_iterative,base,0,25,1,15,73.0,0,73,18,18,zero,
llm_iterative,base,0,25,2,15,25.0,0,25,20,20,zero,
llm_iterative,base,0,26,0,15,40.0,0,40,19,19,zero,
llm_iterative,base,0,26,1,15,76.0,0,76,18,18,zero,
llm_iterative,base,0,26,2,15,23.0,0,23,20,20,zero,
llm_iterative,base,0,27,0,17,56.0,0,56,17,17,zero,
llm_iterative,base,0,27,1,17,73.0,0,73,18,18,zero,
llm_iterative,base,0,27,2,17,21.0,0,21,20,20,zero,
llm_iterative,base,0,28,0,17,53.0,0,53,17,17,zero,
llm_iterative,base,0,28,1,17,70.0,0,70,18,18,zero,
llm_iterative,base,0,28,2,17,19.0,0,19,20,20,zero,
llm_iterative,base,0,29,0,16,69.0,0,69,17,17,zero,
llm_iterative,base,0,29,1,16,67.0,0,67,18,18,zero,
llm_iterative,base,0,29,2,16,17.0,0,17,20,20,zero,
llm_iterative,base,0,30,0,16,69.0,0,69,17,17,zero,
llm_iterative,base,0,30,1,16,64.0,0,64,18,18,zero,
llm_iterative,base,0,30,2,16,15.0,0,15,20,20,zero,
llm_iterative,base,0,31,0,17,66.0,0,66,17,17,zero,
llm_iterative,base,0,31,1,17,61.0,0,61,18,18,zero,
llm_iterative,base,0,31,2,17,13.0,0,13,16,16,zero,
llm_iterative,base,0,32,0,16,62.0,0,62,17,17,zero,
llm_iterative,base,0,32,1,16,58.0,0,58,18,18,zero,
llm_iterative,base,0,32,2,16,11.0,0,11,20,20,zero,
llm_iterative,base,0,33,0,16,58.0,0,58,17,17,zero,
llm_iterative,base,0,33,1,16,55.0,0,55,18,18,zero,
llm_iterative,base,0,33,2,16,9.0,0,9,20,20,zero,
llm_iterative,base,0,34,0,14,52.0,0,52,10,10,zero,
llm_iterative,base,0,34,1,14,45.0,0,45,18,18,zero,
llm_iterative,base,0,34,2,14,7.0,0,7,20,20,zero,
llm_iterative,base,0,35,0,14,46.0,0,46,10,10,zero,
llm_iterative,base,0,35,1,14,35.0,0,35,18,18,zero,
llm_iterative,base,0,35,2,14,9.0,0,9,20,20,zero,
llm_iterative,base,0,36,0,14,40.0,0,40,10,10,zero,
llm_iterative,base,0,36,1,14,25.0,0,25,18,18,zero,
llm_iterative,base,0,36,2,14,7.0,0,7,16,16,zero,
llm_iterative,base,0,37,0,13,33.0,0,33,10,10,zero,
llm_iterative,base,0,37,1,13,15.0,0,15,0,0,zero,
llm_iterative,base,0,37,2,13,13.0,13,0,20,20,zero,
llm_iterative,base,0,38,0,11,24.0,0,24,10,10,zero,
llm_iterative,base,0,38,1,11,5.0,0,5,18,18,zero,
llm_iterative,base,0,38,2,11,15.0,15,0,1,1,zero,
llm_iterative,base,0,39,0,10,14.0,0,14,6,6,zero,
llm_iterative,base,0,39,1,10,5.0,5,0,18,18,zero,
llm_iterative,base,0,39,2,10,17.0,17,0,16,16,zero,
llm_iterative,base,0,40,0,10,4.0,0,4,6,6,zero,
llm_iterative,base,0,40,1,10,19.0,19,0,0,0,zero,
llm_iterative,base,0,40,2,10,33.0,33,0,20,20,zero,
llm_iterative,base,0,41,0,10,6.0,6,0,6,6,zero,
llm_iterative,base,0,41,1,10,20.0,20,0,3,3,zero,
llm_iterative,base,0,41,2,10,50.0,50,0,0,0,zero,
llm_iterative,base,0,42,0,11,15.0,15,0,10,10,zero,
llm_iterative,base,0,42,1,11,28.0,28,0,3,3,zero,
llm_iterative,base,0,42,2,11,48.0,48,0,0,0,zero,
llm_iterative,base,0,43,0,10,16.0,16,0,19,19,zero,
llm_iterative,base,0,43,1,10,27.0,27,0,12,12,zero,
llm_iterative,base,0,43,2,10,52.0,52,0,0,0,zero,
llm_iterative,base,0,44,0,10,12.0,12,0,9,9,zero,
llm_iterative,base,0,44,1,10,18.0,18,0,18,18,zero,
llm_iterative,base,0,44,2,10,54.0,54,0,0,0,zero,
llm_iterative,base,0,45,0,11,7.0,7,0,10,10,zero,
llm_iterative,base,0,45,1,11,11.0,11,0,15,15,zero,
llm_iterative,base,0,45,2,11,39.0,39,0,1,1,zero,
llm_iterative,base,0,46,0,11,6.0,6,0,6,6,zero,
llm_iterative,base,0,46,1,11,8.0,8,0,3,3,zero,
llm_iterative,base,0,46,2,11,36.0,36,0,20,20,zero,
llm_iterative,base,0,47,0,9,16.0,16,0,10,10,zero,
llm_iterative,base,0,47,1,9,10.0,10,0,1,1,zero,
llm_iterative,base,0,47,2,9,35.0,35,0,0,0,zero,
llm_iterative,base,0,48,0,10,15.0,15,0,6,6,zero,
llm_iterative,base,0,48,1,10,22.0,22,0,15,15,zero,
llm_iterative,base,0,48,2,10,20.0,20,0,0,0,zero,
llm_iterative,base,0,49,0,11,14.0,14,0,9,9,zero,
llm_iterative,base,0,49,1,11,28.0,28,0,1,1,zero,
llm_iterative,base,0,49,2,11,20.0,20,0,1,1,zero,
llm_iterative,base,0,50,0,12,8.0,8,0,19,19,zero,
llm_iterative,base,0,50,1,12,12.0,12,0,15,15,zero,
llm_iterative,base,0,50,2,12,25.0,25,0,1,1,zero,
llm_iterative,base,0,51,0,11,7.0,7,0,9,9,zero,
llm_iterative,base,0,51,1,11,4.0,4,0,15,15,zero,
llm_iterative,base,0,51,2,11,10.0,10,0,20,20,zero,
llm_iterative,base,0,52,0,10,3.0,3,0,9,9,zero,
llm_iterative,base,0,52,1,10,10.0,10,0,15,15,zero,
llm_iterative,base,0,52,2,10,5.0,0,5,20,20,zero,
llm_iterative,base,0,53,0,9,3.0,3,0,6,6,zero,
llm_iterative,base,0,53,1,9,5.0,5,0,3,3,zero,
llm_iterative,base,0,53,2,9,7.0,0,7,20,20,zero,
llm_iterative,base,0,54,0,8,14.0,14,0,6,6,zero,
llm_iterative,base,0,54,1,8,14.0,14,0,15,15,zero,
llm_iterative,base,0,54,2,8,21.0,0,21,0,0,zero,
llm_iterative,base,0,55,0,7,16.0,16,0,6,6,zero,
llm_iterative,base,0,55,1,7,23.0,23,0,3,3,zero,
llm_iterative,base,0,55,2,7,4.0,0,4,20,20,zero,
llm_iterative,base,0,56,0,6,19.0,19,0,6,6,zero,
llm_iterative,base,0,56,1,6,27.0,27,0,0,0,zero,
llm_iterative,base,0,56,2,6,16.0,16,0,0,0,zero,
llm_iterative,base,0,57,0,6,19.0,19,0,2,2,zero,
llm_iterative,base,0,57,1,6,26.0,26,0,1,1,zero,
llm_iterative,base,0,57,2,6,35.0,35,0,0,0,zero,
llm_iterative,base,0,58,0,5,20.0,20,0,2,2,zero,
llm_iterative,base,0,58,1,5,25.0,25,0,0,0,zero,
llm_iterative,base,0,58,2,5,35.0,35,0,0,0,zero,
llm_iterative,base,0,59,0,5,21.0,21,0,2,2,zero,
llm_iterative,base,0,59,1,5,43.0,43,0,0,0,zero,
llm_iterative,base,0,59,2,5,55.0,55,0,0,0,zero,
llm_iterative,base,0,60,0,5,22.0,22,0,2,2,zero,
llm_iterative,base,0,60,1,5,45.0,45,0,0,0,zero,
llm_iterative,base,0,60,2,5,55.0,55,0,0,0,zero,
llm_iterative,base,0,61,0,4,20.0,20,0,2,2,zero,
llm_iterative,base,0,61,1,4,44.0,44,0,0,0,zero,
llm_iterative,base,0,61,2,4,55.0,55,0,0,0,zero,
llm_iterative,base,0,62,0,5,17.0,17,0,2,2,zero,
llm_iterative,base,0,62,1,5,42.0,42,0,0,0,zero,
llm_iterative,base,0,62,2,5,55.0,55,0,0,0,zero,
llm_iterative,base,0,63,0,4,15.0,15,0,2,2,zero,
llm_iterative,base,0,63,1,4,40.0,40,0,0,0,zero,
llm_iterative,base,0,63,2,4,55.0,55,0,0,0,zero,
llm_iterative,base,0,64,0,4,13.0,13,0,2,2,zero,
llm_iterative,base,0,64,1,4,38.0,38,0,1,1,zero,
llm_iterative,base,0,64,2,4,54.0,54,0,0,0,zero,
llm_iterative,base,0,65,0,4,11.0,11,0,2,2,zero,
llm_iterative,base,0,65,1,4,36.0,36,0,1,1,zero,
llm_iterative,base,0,65,2,4,53.0,53,0,0,0,zero,
llm_iterative,base,0,66,0,4,9.0,9,0,2,2,zero,
llm_iterative,base,0,66,1,4,34.0,34,0,1,1,zero,
llm_iterative,base,0,66,2,4,52.0,52,0,0,0,zero,
llm_iterative,base,0,67,0,3,8.0,8,0,4,4,zero,
llm_iterative,base,0,67,1,3,30.0,30,0,1,1,zero,
llm_iterative,base,0,67,2,3,51.0,51,0,0,0,zero,
llm_iterative,base,0,68,0,3,7.0,7,0,2,2,zero,
llm_iterative,base,0,68,1,3,29.0,29,0,1,1,zero,
llm_iterative,base,0,68,2,3,50.0,50,0,0,0,zero,
llm_iterative,base,0,69,0,3,6.0,6,0,1,1,zero,
llm_iterative,base,0,69,1,3,29.0,29,0,1,1,zero,
llm_iterative,base,0,69,2,3,49.0,49,0,0,0,zero,
llm_iterative,base,0,70,0,3,5.0,5,0,2,2,zero,
llm_iterative,base,0,70,1,3,28.0,28,0,1,1,zero,
llm_iterative,base,0,70,2,3,48.0,48,0,0,0,zero,
llm_iterative,base,0,71,0,3,6.0,6,0,2,2,zero,
llm_iterative,base,0,71,1,3,27.0,27,0,1,1,zero,
llm_iterative,base,0,71,2,3,47.0,47,0,0,0,zero,
llm_iterative,base,0,72,0,3,5.0,5,0,2,2,zero,
llm_iterative,base,0,72,1,3,26.0,26,0,1,1,zero,
llm_iterative,base,0,72,2,3,46.0,46,0,0,0,zero,
llm_iterative,base,0,73,0,3,3.0,3,0,2,2,zero,
llm_iterative,base,0,73,1,3,25.0,25,0,1,1,zero,
llm_iterative,base,0,73,2,3,45.0,45,0,0,0,zero,
llm_iterative,base,0,74,0,3,2.0,2,0,2,2,zero,
llm_iterative,base,0,74,1,3,24.0,24,0,1,1,zero,
llm_iterative,base,0,74,2,3,44.0,44,0,0,0,zero,
llm_iterative,base,0,75,0,3,1.0,1,0,2,2,zero,
llm_iterative,base,0,75,1,3,23.0,23,0,1,1,zero,
llm_iterative,base,0,75,2,3,43.0,43,0,0,0,zero,
llm_iterative,base,0,76,0,3,-0.0,0,0,6,6,zero,
llm_iterative,base,0,76,1,3,18.0,18,0,1,1,zero,
llm_iterative,base,0,76,2,3,42.0,42,0,0,0,zero,
llm_iterative,base,0,77,0,3,1.0,0,1,2,2,zero,
llm_iterative,base,0,77,1,3,17.0,17,0,1,1,zero,
llm_iterative,base,0,77,2,3,41.0,41,0,0,0,zero,
llm_iterative,base,0,78,0,3,2.0,0,2,2,2,zero,
llm_iterative,base,0,78,1,3,16.0,16,0,1,1,zero,
llm_iterative,base,0,78,2,3,40.0,40,0,0,0,zero,
llm_iterative,base,0,79,0,3,3.0,0,3,2,2,zero,
llm_iterative,base,0,79,1,3,15.0,15,0,1,1,zero,
llm_iterative,base,0,79,2,3,39.0,39,0,0,0,zero,
llm_iterative,base,0,80,0,4,1.0,0,1,6,6,zero,
llm_iterative,base,0,80,1,4,10.0,10,0,1,1,zero,
llm_iterative,base,0,80,2,4,38.0,38,0,0,0,zero,
llm_iterative,base,0,81,0,3,2.0,0,2,2,2,zero,
llm_iterative,base,0,81,1,3,9.0,9,0,11,11,zero,
llm_iterative,base,0,81,2,3,27.0,27,0,0,0,zero,
llm_iterative,base,0,82,0,3,3.0,0,3,6,6,zero,
llm_iterative,base,0,82,1,3,4.0,4,0,1,1,zero,
llm_iterative,base,0,82,2,3,26.0,26,0,0,0,zero,
llm_iterative,base,0,83,0,3,4.0,0,4,2,2,zero,
llm_iterative,base,0,83,1,3,3.0,3,0,11,11,zero,
llm_iterative,base,0,83,2,3,15.0,15,0,0,0,zero,
llm_iterative,base,0,84,0,3,1.0,0,1,6,6,zero,
llm_iterative,base,0,84,1,3,2.0,0,2,0,0,zero,
llm_iterative,base,0,84,2,3,15.0,15,0,16,16,zero,
llm_iterative,base,0,85,0,3,2.0,0,2,2,2,zero,
llm_iterative,base,0,85,1,3,7.0,7,0,15,15,zero,
llm_iterative,base,0,85,2,3,-0.0,0,0,0,0,zero,
llm_iterative,base,0,86,0,4,-0.0,0,0,2,2,zero,
llm_iterative,base,0,86,1,4,6.0,6,0,0,0,zero,
llm_iterative,base,0,86,2,4,-0.0,0,0,20,20,zero,
llm_iterative,base,0,87,0,3,1.0,0,1,6,6,zero,
llm_iterative,base,0,87,1,3,11.0,11,0,1,1,zero,
llm_iterative,base,0,87,2,3,1.0,0,1,3,3,zero,
llm_iterative,base,0,88,0,3,-0.0,0,0,2,2,zero,
llm_iterative,base,0,88,1,3,9.0,9,0,1,1,zero,
llm_iterative,base,0,88,2,3,14.0,14,0,0,0,zero,
llm_iterative,base,0,89,0,3,1.0,1,0,2,2,zero,
llm_iterative,base,0,89,1,3,22.0,22,0,1,1,zero,
llm_iterative,base,0,89,2,3,13.0,13,0,0,0,zero,
llm_iterative,base,0,90,0,3,-0.0,0,0,2,2,zero,
llm_iterative,base,0,90,1,3,20.0,20,0,0,0,zero,
llm_iterative,base,0,90,2,3,33.0,33,0,0,0,zero,
llm_iterative,base,0,91,0,3,3.0,3,0,6,6,zero,
llm_iterative,base,0,91,1,3,14.0,14,0,1,1,zero,
llm_iterative,base,0,91,2,3,35.0,35,0,0,0,zero,
llm_iterative,base,0,92,0,3,2.0,2,0,0,0,zero,
llm_iterative,base,0,92,1,3,16.0,16,0,1,1,zero,
llm_iterative,base,0,92,2,3,34.0,34,0,0,0,zero,
llm_iterative,base,0,93,0,4,-0.0,0,0,6,6,zero,
llm_iterative,base,0,93,1,4,11.0,11,0,1,1,zero,
llm_iterative,base,0,93,2,4,33.0,33,0,0,0,zero,
llm_iterative,base,0,94,0,4,2.0,0,2,2,2,zero,
llm_iterative,base,0,94,1,4,9.0,9,0,15,15,zero,
llm_iterative,base,0,94,2,4,18.0,18,0,0,0,zero,
llm_iterative,base,0,95,0,4,-0.0,0,0,6,6,zero,
llm_iterative,base,0,95,1,4,4.0,4,0,1,1,zero,
llm_iterative,base,0,95,2,4,17.0,17,0,1,1,zero,
llm_iterative,base,0,96,0,5,5.0,0,5,2,2,zero,
llm_iterative,base,0,96,1,5,3.0,3,0,15,15,zero,
llm_iterative,base,0,96,2,5,2.0,2,0,0,0,zero,
llm_iterative,base,0,97,0,4,3.0,0,3,10,10,zero,
llm_iterative,base,0,97,1,4,6.0,0,6,0,0,zero,
llm_iterative,base,0,97,2,4,2.0,2,0,20,20,zero,
llm_iterative,base,0,98,0,4,5.0,0,5,10,10,zero,
llm_iterative,base,0,98,1,4,1.0,0,1,15,15,zero,
llm_iterative,base,0,98,2,4,13.0,0,13,3,3,zero,
llm_iterative,base,0,99,0,3,2.0,0,2,2,2,zero,
llm_iterative,base,0,99,1,3,2.0,0,2,15,15,zero,
llm_iterative,base,0,99,2,3,27.0,0,27,20,20,zero,
llm_iterative,base,0,100,0,4,4.0,0,4,2,2,zero,
llm_iterative,base,0,100,1,4,11.0,11,0,15,15,zero,
llm_iterative,base,0,100,2,4,42.0,0,42,20,20,zero,
llm_iterative,base,0,101,0,3,3.0,0,3,6,6,zero,
llm_iterative,base,0,101,1,3,5.0,5,0,15,15,zero,
llm_iterative,base,0,101,2,3,37.0,0,37,20,20,zero,
llm_iterative,base,0,102,0,4,8.0,8,0,2,2,zero,
llm_iterative,base,0,102,1,4,5.0,5,0,0,0,zero,
llm_iterative,base,0,102,2,4,34.0,0,34,20,20,zero,
llm_iterative,base,0,103,0,4,5.0,5,0,6,6,zero,
llm_iterative,base,0,103,1,4,-0.0,0,0,0,0,zero,
llm_iterative,base,0,103,2,4,14.0,0,14,0,0,zero,
llm_iterative,base,0,104,0,4,5.0,5,0,2,2,zero,
llm_iterative,base,0,104,1,4,2.0,0,2,0,0,zero,
llm_iterative,base,0,104,2,4,6.0,6,0,0,0,zero,
llm_iterative,base,0,105,0,4,7.0,7,0,6,6,zero,
llm_iterative,base,0,105,1,4,12.0,12,0,0,0,zero,
llm_iterative,base,0,105,2,4,26.0,26,0,0,0,zero,
llm_iterative,base,0,106,0,4,5.0,5,0,2,2,zero,
llm_iterative,base,0,106,1,4,13.0,13,0,0,0,zero,
llm_iterative,base,0,106,2,4,46.0,46,0,0,0,zero,
llm_iterative,base,0,107,0,4,7.0,7,0,6,6,zero,
llm_iterative,base,0,107,1,4,27.0,27,0,0,0,zero,
llm_iterative,base,0,107,2,4,46.0,46,0,0,0,zero,
llm_iterative,base,0,108,0,5,2.0,2,0,0,0,zero,
llm_iterative,base,0,108,1,5,41.0,41,0,1,1,zero,
llm_iterative,base,0,108,2,5,45.0,45,0,0,0,zero,
llm_iterative,base,0,109,0,5,5.0,5,0,6,6,zero,
llm_iterative,base,0,109,1,5,35.0,35,0,0,0,zero,
llm_iterative,base,0,109,2,5,45.0,45,0,0,0,zero,
llm_iterative,base,0,110,0,4,3.0,3,0,2,2,zero,
llm_iterative,base,0,110,1,4,33.0,33,0,1,1,zero,
llm_iterative,base,0,110,2,4,44.0,44,0,0,0,zero,
llm_iterative,base,0,111,0,4,5.0,5,0,6,6,zero,
llm_iterative,base,0,111,1,4,27.0,27,0,1,1,zero,
llm_iterative,base,0,111,2,4,43.0,43,0,0,0,zero,
llm_iterative,base,0,112,0,4,1.0,1,0,2,2,zero,
llm_iterative,base,0,112,1,4,26.0,26,0,1,1,zero,
llm_iterative,base,0,112,2,4,42.0,42,0,0,0,zero,
llm_iterative,base,0,113,0,4,3.0,3,0,2,2,zero,
llm_iterative,base,0,113,1,4,24.0,24,0,1,1,zero,
llm_iterative,base,0,113,2,4,41.0,41,0,0,0,zero,
llm_iterative,base,0,114,0,4,1.0,1,0,6,6,zero,
llm_iterative,base,0,114,1,4,19.0,19,0,1,1,zero,
llm_iterative,base,0,114,2,4,40.0,40,0,0,0,zero,
llm_iterative,base,0,115,0,4,3.0,3,0,2,2,zero,
llm_iterative,base,0,115,1,4,18.0,18,0,15,15,zero,
llm_iterative,base,0,115,2,4,25.0,25,0,0,0,zero,
llm_iterative,base,0,116,0,4,1.0,1,0,10,10,zero,
llm_iterative,base,0,116,1,4,9.0,9,0,1,1,zero,
llm_iterative,base,0,116,2,4,24.0,24,0,0,0,zero,
llm_iterative,base,0,117,0,4,1.0,0,1,2,2,zero,
llm_iterative,base,0,117,1,4,8.0,8,0,15,15,zero,
llm_iterative,base,0,117,2,4,9.0,9,0,0,0,zero,
llm_iterative,base,0,118,0,4,1.0,1,0,2,2,zero,
llm_iterative,base,0,118,1,4,7.0,7,0,1,1,zero,
llm_iterative,base,0,118,2,4,8.0,8,0,20,20,zero,
llm_iterative,base,0,119,0,3,-0.0,0,0,2,2,zero,
llm_iterative,base,0,119,1,3,20.0,20,0,0,0,zero,
llm_iterative,base,0,119,2,3,8.0,8,0,3,3,zero,
llm_iterative,base,0,120,0,3,7.0,7,0,6,6,zero,
llm_iterative,base,0,120,1,3,15.0,15,0,0,0,zero,
llm_iterative,base,0,120,2,3,8.0,8,0,0,0,zero,
llm_iterative,base,0,121,0,3,6.0,6,0,0,0,zero,
llm_iterative,base,0,121,1,3,30.0,30,0,1,1,zero,
llm_iterative,base,0,121,2,3,7.0,7,0,0,0,zero,
llm_iterative,base,0,122,0,3,5.0,5,0,6,6,zero,
llm_iterative,base,0,122,1,3,25.0,25,0,0,0,zero,
llm_iterative,base,0,122,2,3,27.0,27,0,0,0,zero,
llm_iterative,base,0,123,0,3,4.0,4,0,2,2,zero,
llm_iterative,base,0,123,1,3,23.0,23,0,1,1,zero,
llm_iterative,base,0,123,2,3,29.0,29,0,0,0,zero,
llm_iterative,base,0,124,0,3,7.0,7,0,0,0,zero,
llm_iterative,base,0,124,1,3,23.0,23,0,1,1,zero,
llm_iterative,base,0,124,2,3,28.0,28,0,0,0,zero,
llm_iterative,base,0,125,0,4,3.0,3,0,0,0,zero,
llm_iterative,base,0,125,1,4,24.0,24,0,1,1,zero,
llm_iterative,base,0,125,2,4,27.0,27,0,0,0,zero,
llm_iterative,base,0,126,0,3,6.0,6,0,6,6,zero,
llm_iterative,base,0,126,1,3,18.0,18,0,0,0,zero,
llm_iterative,base,0,126,2,3,27.0,27,0,0,0,zero,
llm_iterative,base,0,127,0,3,5.0,5,0,2,2,zero,
llm_iterative,base,0,127,1,3,17.0,17,0,1,1,zero,
llm_iterative,base,0,127,2,3,26.0,26,0,0,0,zero,
llm_iterative,base,0,128,0,3,2.0,2,0,6,6,zero,
llm_iterative,base,0,128,1,3,12.0,12,0,1,1,zero,
llm_iterative,base,0,128,2,3,25.0,25,0,0,0,zero,
llm_iterative,base,0,129,0,3,1.0,0,1,2,2,zero,
llm_iterative,base,0,129,1,3,11.0,11,0,15,15,zero,
llm_iterative,base,0,129,2,3,10.0,10,0,0,0,zero,
llm_iterative,base,0,130,0,3,2.0,2,0,0,0,zero,
llm_iterative,base,0,130,1,3,11.0,11,0,1,1,zero,
llm_iterative,base,0,130,2,3,9.0,9,0,1,1,zero,
llm_iterative,base,0,131,0,3,1.0,1,0,2,2,zero,
llm_iterative,base,0,131,1,3,10.0,10,0,0,0,zero,
llm_iterative,base,0,131,2,3,9.0,9,0,20,20,zero,
llm_iterative,base,0,132,0,3,4.0,4,0,6,6,zero,
llm_iterative,base,0,132,1,3,5.0,5,0,0,0,zero,
llm_iterative,base,0,132,2,3,9.0,9,0,0,0,zero,
llm_iterative,base,0,133,0,3,3.0,3,0,2,2,zero,
llm_iterative,base,0,133,1,3,18.0,18,0,1,1,zero,
llm_iterative,base,0,133,2,3,8.0,8,0,0,0,zero,
llm_iterative,base,0,134,0,3,-0.0,0,0,6,6,zero,
llm_iterative,base,0,134,1,3,13.0,13,0,1,1,zero,
llm_iterative,base,0,134,2,3,8.0,8,0,0,0,zero,
llm_iterative,base,0,135,0,2,-0.0,0,0,0,0,zero,
llm_iterative,base,0,135,1,2,13.0,13,0,15,15,zero,
llm_iterative,base,0,135,2,2,13.0,13,0,0,0,zero,
llm_iterative,base,0,136,0,2,4.0,4,0,0,0,zero,
llm_iterative,base,0,136,1,2,13.0,13,0,0,0,zero,
llm_iterative,base,0,136,2,2,13.0,13,0,1,1,zero,
llm_iterative,base,0,137,0,3,3.0,3,0,0,0,zero,
llm_iterative,base,0,137,1,3,14.0,14,0,0,0,zero,
llm_iterative,base,0,137,2,3,13.0,13,0,0,0,zero,
llm_iterative,base,0,138,0,3,6.0,6,0,6,6,zero,
llm_iterative,base,0,138,1,3,9.0,9,0,0,0,zero,
llm_iterative,base,0,138,2,3,13.0,13,0,0,0,zero,
llm_iterative,base,0,139,0,3,3.0,3,0,2,2,zero,
llm_iterative,base,0,139,1,3,22.0,22,0,0,0,zero,
llm_iterative,base,0,139,2,3,13.0,13,0,0,0,zero,
llm_iterative,base,0,140,0,4,1.0,0,1,6,6,zero,
llm_iterative,base,0,140,1,4,16.0,16,0,0,0,zero,
llm_iterative,base,0,140,2,4,14.0,14,0,0,0,zero,
llm_iterative,base,0,141,0,4,5.0,0,5,2,2,zero,
llm_iterative,base,0,141,1,4,14.0,14,0,1,1,zero,
llm_iterative,base,0,141,2,4,13.0,13,0,0,0,zero,
llm_iterative,base,0,142,0,3,2.0,0,2,10,10,zero,
llm_iterative,base,0,142,1,3,4.0,4,0,1,1,zero,
llm_iterative,base,0,142,2,3,12.0,12,0,0,0,zero,
llm_iterative,base,0,143,0,4,4.0,0,4,2,2,zero,
llm_iterative,base,0,143,1,4,2.0,2,0,15,15,zero,
llm_iterative,base,0,143,2,4,3.0,0,3,0,0,zero,
llm_iterative,base,0,144,0,4,2.0,0,2,6,6,zero,
llm_iterative,base,0,144,1,4,4.0,0,4,1,1,zero,
llm_iterative,base,0,144,2,4,4.0,0,4,20,20,zero,
llm_iterative,base,0,145,0,4,4.0,0,4,6,6,zero,
llm_iterative,base,0,145,1,4,9.0,0,9,15,15,zero,
llm_iterative,base,0,145,2,4,19.0,0,19,20,20,zero,
llm_iterative,base,0,146,0,4,2.0,2,0,6,6,zero,
llm_iterative,base,0,146,1,4,14.0,0,14,15,15,zero,
llm_iterative,base,0,146,2,4,34.0,0,34,20,20,zero,
llm_iterative,base,0,147,0,3,1.0,1,0,19,19,zero,
llm_iterative,base,0,147,1,3,21.0,0,21,15,15,zero,
llm_iterative,base,0,147,2,3,49.0,0,49,20,20,zero,
llm_iterative,base,0,148,0,3,-0.0,0,0,10,10,zero,
llm_iterative,base,0,148,1,3,31.0,0,31,15,15,zero,
llm_iterative,base,0,148,2,3,44.0,0,44,20,20,zero,
llm_iterative,base,0,149,0,3,2.0,0,2,6,6,zero,
llm_iterative,base,0,149,1,3,37.0,0,37,15,15,zero,
llm_iterative,base,0,149,2,3,39.0,0,39,20,20,zero,
llm_iterative,base,0,150,0,3,4.0,0,4,6,6,zero,
llm_iterative,base,0,150,1,3,43.0,0,43,3,3,zero,
llm_iterative,base,0,150,2,3,22.0,0,22,20,20,zero,
llm_iterative,base,0,151,0,2,6.0,6,0,6,6,zero,
llm_iterative,base,0,151,1,2,49.0,0,49,0,0,zero,
llm_iterative,base,0,151,2,2,2.0,0,2,0,0,zero,
llm_iterative,base,0,152,0,2,4.0,4,0,6,6,zero,
llm_iterative,base,0,152,1,2,35.0,0,35,0,0,zero,
llm_iterative,base,0,152,2,2,18.0,18,0,0,0,zero,
llm_iterative,base,0,153,0,2,2.0,2,0,2,2,zero,
llm_iterative,base,0,153,1,2,17.0,0,17,0,0,zero,
llm_iterative,base,0,153,2,2,38.0,38,0,0,0,zero,
llm_iterative,base,0,154,0,3,1.0,0,1,0,0,zero,
llm_iterative,base,0,154,1,3,3.0,3,0,0,0,zero,
llm_iterative,base,0,154,2,3,58.0,58,0,0,0,zero,
llm_iterative,base,0,155,0,3,4.0,0,4,0,0,zero,
llm_iterative,base,0,155,1,3,23.0,23,0,0,0,zero,
llm_iterative,base,0,155,2,3,58.0,58,0,0,0,zero,
llm_iterative,base,0,156,0,3,13.0,13,0,0,0,zero,
llm_iterative,base,0,156,1,3,25.0,25,0,0,0,zero,
llm_iterative,base,0,156,2,3,58.0,58,0,0,0,zero,
llm_iterative,base,0,157,0,4,29.0,29,0,0,0,zero,
llm_iterative,base,0,157,1,4,25.0,25,0,0,0,zero,
llm_iterative,base,0,157,2,4,58.0,58,0,0,0,zero,
llm_iterative,base,0,158,0,3,43.0,43,0,0,0,zero,
llm_iterative,base,0,158,1,3,25.0,25,0,0,0,zero,
llm_iterative,base,0,158,2,3,58.0,58,0,0,0,zero,
llm_iterative,base,0,159,0,3,40.0,40,0,0,0,zero,
llm_iterative,base,0,159,1,3,25.0,25,0,0,0,zero,
llm_iterative,base,0,159,2,3,58.0,58,0,0,0,zero,
llm_iterative,base,0,160,0,3,37.0,37,0,0,0,zero,
llm_iterative,base,0,160,1,3,25.0,25,0,0,0,zero,
llm_iterative,base,0,160,2,3,58.0,58,0,0,0,zero,
llm_iterative,base,0,161,0,3,34.0,34,0,0,0,zero,
llm_iterative,base,0,161,1,3,25.0,25,0,0,0,zero,
llm_iterative,base,0,161,2,3,58.0,58,0,0,0,zero,
llm_iterative,base,0,162,0,3,31.0,31,0,0,0,zero,
llm_iterative,base,0,162,1,3,25.0,25,0,0,0,zero,
llm_iterative,base,0,162,2,3,58.0,58,0,0,0,zero,
llm_iterative,base,0,163,0,3,28.0,28,0,0,0,zero,
llm_iterative,base,0,163,1,3,25.0,25,0,0,0,zero,
llm_iterative,base,0,163,2,3,58.0,58,0,0,0,zero,
llm_iterative,base,0,164,0,4,24.0,24,0,0,0,zero,
llm_iterative,base,0,164,1,4,25.0,25,0,0,0,zero,
llm_iterative,base,0,164,2,4,58.0,58,0,0,0,zero,
llm_iterative,base,0,165,0,3,21.0,21,0,0,0,zero,
llm_iterative,base,0,165,1,3,25.0,25,0,0,0,zero,
llm_iterative,base,0,165,2,3,58.0,58,0,0,0,zero,
llm_iterative,base,0,166,0,3,18.0,18,0,0,0,zero,
llm_iterative,base,0,166,1,3,25.0,25,0,0,0,zero,
llm_iterative,base,0,166,2,3,58.0,58,0,0,0,zero,
llm_iterative,base,0,167,0,4,14.0,14,0,2,2,zero,
llm_iterative,base,0,167,1,4,23.0,23,0,0,0,zero,
llm_iterative,base,0,167,2,4,58.0,58,0,0,0,zero,
llm_iterative,base,0,168,0,3,11.0,11,0,2,2,zero,
llm_iterative,base,0,168,1,3,21.0,21,0,0,0,zero,
llm_iterative,base,0,168,2,3,58.0,58,0,0,0,zero,
llm_iterative,base,0,169,0,3,8.0,8,0,2,2,zero,
llm_iterative,base,0,169,1,3,19.0,19,0,1,1,zero,
llm_iterative,base,0,169,2,3,57.0,57,0,0,0,zero,
llm_iterative,base,0,170,0,3,5.0,5,0,2,2,zero,
llm_iterative,base,0,170,1,3,17.0,17,0,1,1,zero,
llm_iterative,base,0,170,2,3,56.0,56,0,0,0,zero,
llm_iterative,base,0,171,0,3,4.0,4,0,2,2,zero,
llm_iterative,base,0,171,1,3,15.0,15,0,1,1,zero,
llm_iterative,base,0,171,2,3,55.0,55,0,0,0,zero,
llm_iterative,base,0,172,0,3,3.0,3,0,2,2,zero,
llm_iterative,base,0,172,1,3,13.0,13,0,1,1,zero,
llm_iterative,base,0,172,2,3,54.0,54,0,0,0,zero,
llm_iterative,base,0,173,0,4,1.0,1,0,2,2,zero,
llm_iterative,base,0,173,1,4,12.0,12,0,1,1,zero,
llm_iterative,base,0,173,2,4,53.0,53,0,0,0,zero,
llm_iterative,base,0,174,0,5,2.0,0,2,9,9,zero,
llm_iterative,base,0,174,1,5,4.0,4,0,1,1,zero,
llm_iterative,base,0,174,2,5,52.0,52,0,0,0,zero,
llm_iterative,base,0,175,0,5,5.0,0,5,2,2,zero,
llm_iterative,base,0,175,1,5,3.0,3,0,15,15,zero,
llm_iterative,base,0,175,2,5,37.0,37,0,0,0,zero,
llm_iterative,base,0,176,0,5,8.0,0,8,10,10,zero,
llm_iterative,base,0,176,1,5,6.0,0,6,1,1,zero,
llm_iterative,base,0,176,2,5,36.0,36,0,0,0,zero,
llm_iterative,base,0,177,0,6,12.0,0,12,10,10,zero,
llm_iterative,base,0,177,1,6,15.0,0,15,15,15,zero,
llm_iterative,base,0,177,2,6,21.0,21,0,0,0,zero,
llm_iterative,base,0,178,0,6,9.0,0,9,10,10,zero,
llm_iterative,base,0,178,1,6,24.0,0,24,15,15,zero,
llm_iterative,base,0,178,2,6,6.0,6,0,16,16,zero,
llm_iterative,base,0,179,0,5,12.0,0,12,19,19,zero,
llm_iterative,base,0,179,1,5,28.0,0,28,15,15,zero,
llm_iterative,base,0,179,2,5,9.0,0,9,20,20,zero,
llm_iterative,base,0,180,0,6,14.0,0,14,10,10,zero,
llm_iterative,base,0,180,1,6,37.0,0,37,18,18,zero,
llm_iterative,base,0,180,2,6,27.0,0,27,20,20,zero,
llm_iterative,base,0,181,0,6,19.0,0,19,19,19,zero,
llm_iterative,base,0,181,1,6,41.0,0,41,18,18,zero,
llm_iterative,base,0,181,2,6,45.0,0,45,20,20,zero,
llm_iterative,base,0,182,0,6,24.0,0,24,10,10,zero,
llm_iterative,base,0,182,1,6,36.0,0,36,18,18,zero,
llm_iterative,base,0,182,2,6,47.0,0,47,20,20,zero,
llm_iterative,base,0,183,0,7,16.0,0,16,6,6,zero,
llm_iterative,base,0,183,1,7,36.0,0,36,18,18,zero,
llm_iterative,base,0,183,2,7,45.0,0,45,20,20,zero,
llm_iterative,base,0,184,0,7,22.0,0,22,10,10,zero,
llm_iterative,base,0,184,1,7,46.0,0,46,18,18,zero,
llm_iterative,base,0,184,2,7,43.0,0,43,20,20,zero,
llm_iterative,base,0,185,0,6,13.0,0,13,10,10,zero,
llm_iterative,base,0,185,1,6,56.0,0,56,18,18,zero,
llm_iterative,base,0,185,2,6,41.0,0,41,20,20,zero,
llm_iterative,base,0,186,0,7,5.0,0,5,10,10,zero,
llm_iterative,base,0,186,1,7,50.0,0,50,0,0,zero,
llm_iterative,base,0,186,2,7,21.0,0,21,20,20,zero,
llm_iterative,base,0,187,0,6,5.0,0,5,6,6,zero,
llm_iterative,base,0,187,1,6,36.0,0,36,0,0,zero,
llm_iterative,base,0,187,2,6,1.0,0,1,0,0,zero,
llm_iterative,base,0,188,0,6,11.0,0,11,0,0,zero,
llm_iterative,base,0,188,1,6,16.0,0,16,0,0,zero,
llm_iterative,base,0,188,2,6,19.0,19,0,0,0,zero,
llm_iterative,base,0,189,0,6,17.0,0,17,0,0,zero,
llm_iterative,base,0,189,1,6,4.0,4,0,0,0,zero,
llm_iterative,base,0,189,2,6,39.0,39,0,0,0,zero,
llm_iterative,base,0,190,0,5,6.0,0,6,0,0,zero,
llm_iterative,base,0,190,1,5,24.0,24,0,0,0,zero,
llm_iterative,base,0,190,2,5,59.0,59,0,0,0,zero,
llm_iterative,base,0,191,0,5,9.0,9,0,6,6,zero,
llm_iterative,base,0,191,1,5,38.0,38,0,0,0,zero,
llm_iterative,base,0,191,2,5,59.0,59,0,0,0,zero,
llm_iterative,base,0,192,0,5,24.0,24,0,6,6,zero,
llm_iterative,base,0,192,1,5,33.0,33,0,0,0,zero,
llm_iterative,base,0,192,2,5,59.0,59,0,0,0,zero,
llm_iterative,base,0,193,0,5,35.0,35,0,0,0,zero,
llm_iterative,base,0,193,1,5,33.0,33,0,12,12,zero,
llm_iterative,base,0,193,2,5,47.0,47,0,0,0,zero,
llm_iterative,base,0,194,0,4,31.0,31,0,0,0,zero,
llm_iterative,base,0,194,1,4,33.0,33,0,1,1,zero,
llm_iterative,base,0,194,2,4,46.0,46,0,0,0,zero,
llm_iterative,base,0,195,0,4,33.0,33,0,0,0,zero,
llm_iterative,base,0,195,1,4,33.0,33,0,0,0,zero,
llm_iterative,base,0,195,2,4,46.0,46,0,0,0,zero,
llm_iterative,base,0,196,0,4,35.0,35,0,0,0,zero,
llm_iterative,base,0,196,1,4,33.0,33,0,0,0,zero,
llm_iterative,base,0,196,2,4,46.0,46,0,0,0,zero,
llm_iterative,base,0,197,0,4,31.0,31,0,0,0,zero,
llm_iterative,base,0,197,1,4,45.0,45,0,0,0,zero,
llm_iterative,base,0,197,2,4,46.0,46,0,0,0,zero,
llm_iterative,base,0,198,0,4,27.0,27,0,0,0,zero,
llm_iterative,base,0,198,1,4,46.0,46,0,0,0,zero,
llm_iterative,base,0,198,2,4,46.0,46,0,0,0,zero,
llm_iterative,base,0,199,0,4,23.0,23,0,0,0,zero,
llm_iterative,base,0,199,1,4,46.0,46,0,0,0,zero,
llm_iterative,base,0,199,2,4,46.0,46,0,0,0,zero,
llm_iterative,base,0,200,0,5,18.0,18,0,2,2,zero,
llm_iterative,base,0,200,1,5,44.0,44,0,0,0,zero,
llm_iterative,base,0,200,2,5,46.0,46,0,0,0,zero,
llm_iterative,base,1,1,0,10,10.0,10,0,10,10,zero,
llm_iterative,base,1,1,1,10,10.0,10,0,15,15,zero,
llm_iterative,base,1,1,2,10,5.0,5,0,0,0,zero,
llm_iterative,base,1,2,0,11,9.0,9,0,10,10,zero,
llm_iterative,base,1,2,1,11,10.0,10,0,1,1,zero,
llm_iterative,base,1,2,2,11,14.0,14,0,20,20,zero,
llm_iterative,base,1,3,0,9,10.0,10,0,19,19,zero,
llm_iterative,base,1,3,1,9,1.0,1,0,15,15,zero,
llm_iterative,base,1,3,2,9,9.0,9,0,3,3,zero,
llm_iterative,base,1,4,0,10,10.0,10,0,6,6,zero,
llm_iterative,base,1,4,1,10,5.0,5,0,15,15,zero,
llm_iterative,base,1,4,2,10,4.0,4,0,20,20,zero,
llm_iterative,base,1,5,0,11,9.0,9,0,6,6,zero,
llm_iterative,base,1,5,1,11,14.0,14,0,15,15,zero,
llm_iterative,base,1,5,2,11,11.0,0,11,20,20,zero,
llm_iterative,base,1,6,0,10,9.0,9,0,6,6,zero,
llm_iterative,base,1,6,1,10,9.0,9,0,3,3,zero,
llm_iterative,base,1,6,2,10,6.0,6,0,20,20,zero,
llm_iterative,base,1,7,0,9,19.0,19,0,10,10,zero,
llm_iterative,base,1,7,1,9,14.0,14,0,0,0,zero,
llm_iterative,base,1,7,2,9,9.0,9,0,0,0,zero,
llm_iterative,base,1,8,0,10,15.0,15,0,6,6,zero,
llm_iterative,base,1,8,1,10,23.0,23,0,1,1,zero,
llm_iterative,base,1,8,2,10,28.0,28,0,0,0,zero,
llm_iterative,base,1,9,0,11,10.0,10,0,9,9,zero,
llm_iterative,base,1,9,1,11,18.0,18,0,1,1,zero,
llm_iterative,base,1,9,2,11,47.0,47,0,0,0,zero,
llm_iterative,base,1,10,0,11,5.0,5,0,19,19,zero,
llm_iterative,base,1,10,1,11,13.0,13,0,15,15,zero,
llm_iterative,base,1,10,2,11,52.0,52,0,0,0,zero,
llm_iterative,base,1,11,0,10,5.0,5,0,9,9,zero,
llm_iterative,base,1,11,1,10,4.0,4,0,15,15,zero,
llm_iterative,base,1,11,2,10,37.0,37,0,0,0,zero,
llm_iterative,base,1,12,0,10,1.0,1,0,9,9,zero,
llm_iterative,base,1,12,1,10,4.0,0,4,15,15,zero,
llm_iterative,base,1,12,2,10,22.0,22,0,20,20,zero,
llm_iterative,base,1,13,0,10,-0.0,0,0,6,6,zero,
llm_iterative,base,1,13,1,10,9.0,0,9,3,3,zero,
llm_iterative,base,1,13,2,10,19.0,19,0,20,20,zero,
llm_iterative,base,1,14,0,10,9.0,9,0,10,10,zero,
llm_iterative,base,1,14,1,10,4.0,0,4,3,3,zero,
llm_iterative,base,1,14,2,10,16.0,16,0,0,0,zero,
llm_iterative,base,1,15,0,10,8.0,8,0,6,6,zero,
llm_iterative,base,1,15,1,10,5.0,5,0,18,18,zero,
llm_iterative,base,1,15,2,10,2.0,0,2,0,0,zero,
llm_iterative,base,1,16,0,9,4.0,4,0,10,10,zero,
llm_iterative,base,1,16,1,9,10.0,10,0,15,15,zero,
llm_iterative,base,1,16,2,9,3.0,3,0,0,0,zero,
llm_iterative,base,1,17,0,10,5.0,0,5,6,6,zero,
llm_iterative,base,1,17,1,10,7.0,7,0,3,3,zero,
llm_iterative,base,1,17,2,10,20.0,20,0,20,20,zero,
llm_iterative,base,1,18,0,10,-0.0,0,0,10,10,zero,
llm_iterative,base,1,18,1,10,-0.0,0,0,3,3,zero,
llm_iterative,base,1,18,2,10,17.0,17,0,5,5,zero,
llm_iterative,base,1,19,0,10,-0.0,0,0,10,10,zero,
llm_iterative,base,1,19,1,10,6.0,6,0,15,15,zero,
llm_iterative,base,1,19,2,10,2.0,2,0,0,0,zero,
llm_iterative,base,1,20,0,11,1.0,0,1,19,19,zero,
llm_iterative,base,1,20,1,11,4.0,4,0,15,15,zero,
llm_iterative,base,1,20,2,11,13.0,0,13,0,0,zero,
llm_iterative,base,1,21,0,12,7.0,0,7,9,9,zero,
llm_iterative,base,1,21,1,12,2.0,0,2,18,18,zero,
llm_iterative,base,1,21,2,12,11.0,0,11,20,20,zero,
llm_iterative,base,1,22,0,13,10.0,0,10,19,19,zero,
llm_iterative,base,1,22,1,13,18.0,0,18,15,15,zero,
llm_iterative,base,1,22,2,13,21.0,0,21,20,20,zero,
llm_iterative,base,1,23,0,13,13.0,0,13,10,10,zero,
llm_iterative,base,1,23,1,13,13.0,0,13,18,18,zero,
llm_iterative,base,1,23,2,13,39.0,0,39,20,20,zero,
llm_iterative,base,1,24,0,15,9.0,0,9,10,10,zero,
llm_iterative,base,1,24,1,15,21.0,0,21,18,18,zero,
llm_iterative,base,1,24,2,15,57.0,0,57,20,20,zero,
llm_iterative,base,1,25,0,14,16.0,0,16,19,19,zero,
llm_iterative,base,1,25,1,14,20.0,0,20,15,15,zero,
llm_iterative,base,1,25,2,14,52.0,0,52,20,20,zero,
llm_iterative,base,1,26,0,13,26.0,0,26,10,10,zero,
llm_iterative,base,1,26,1,13,25.0,0,25,18,18,zero,
llm_iterative,base,1,26,2,13,50.0,0,50,20,20,zero,
llm_iterative,base,1,27,0,13,24.0,0,24,19,19,zero,
llm_iterative,base,1,27,1,13,44.0,0,44,18,18,zero,
llm_iterative,base,1,27,2,13,48.0,0,48,20,20,zero,
llm_iterative,base,1,28,0,13,35.0,0,35,19,19,zero,
llm_iterative,base,1,28,1,13,63.0,0,63,18,18,zero,
llm_iterative,base,1,28,2,13,46.0,0,46,20,20,zero,
llm_iterative,base,1,29,0,13,28.0,0,28,19,19,zero,
llm_iterative,base,1,29,1,13,62.0,0,62,18,18,zero,
llm_iterative,base,1,29,2,13,44.0,0,44,20,20,zero,
llm_iterative,base,1,30,0,14,37.0,0,37,10,10,zero,
llm_iterative,base,1,30,1,14,52.0,0,52,18,18,zero,
llm_iterative,base,1,30,2,14,42.0,0,42,20,20,zero,
llm_iterative,base,1,31,0,15,52.0,0,52,17,17,zero,
llm_iterative,base,1,31,1,15,49.0,0,49,18,18,zero,
llm_iterative,base,1,31,2,15,40.0,0,40,20,20,zero,
llm_iterative,base,1,32,0,14,66.0,0,66,17,17,zero,
llm_iterative,base,1,32,1,14,46.0,0,46,18,18,zero,
llm_iterative,base,1,32,2,14,38.0,0,38,20,20,zero,
llm_iterative,base,1,33,0,14,60.0,0,60,17,17,zero,
llm_iterative,base,1,33,1,14,43.0,0,43,18,18,zero,
llm_iterative,base,1,33,2,14,36.0,0,36,20,20,zero,
llm_iterative,base,1,34,0,15,55.0,0,55,10,10,zero,
llm_iterative,base,1,34,1,15,33.0,0,33,18,18,zero,
llm_iterative,base,1,34,2,15,34.0,0,34,20,20,zero,
llm_iterative,base,1,35,0,16,51.0,0,51,10,10,zero,
llm_iterative,base,1,35,1,16,23.0,0,23,0,0,zero,
llm_iterative,base,1,35,2,16,14.0,0,14,20,20,zero,
llm_iterative,base,1,36,0,15,46.0,0,46,10,10,zero,
llm_iterative,base,1,36,1,15,13.0,0,13,0,0,zero,
llm_iterative,base,1,36,2,15,6.0,6,0,0,0,zero,
llm_iterative,base,1,37,0,15,41.0,0,41,10,10,zero,
llm_iterative,base,1,37,1,15,3.0,0,3,18,18,zero,
llm_iterative,base,1,37,2,15,8.0,8,0,0,0,zero,
llm_iterative,base,1,38,0,14,35.0,0,35,10,10,zero,
llm_iterative,base,1,38,1,14,7.0,7,0,18,18,zero,
llm_iterative,base,1,38,2,14,10.0,10,0,16,16,zero,
llm_iterative,base,1,39,0,14,29.0,0,29,10,10,zero,
llm_iterative,base,1,39,1,14,17.0,17,0,18,18,zero,
llm_iterative,base,1,39,2,14,12.0,12,0,20,20,zero,
llm_iterative,base,1,40,0,14,23.0,0,23,10,10,zero,
llm_iterative,base,1,40,1,14,21.0,21,0,0,0,zero,
llm_iterative,base,1,40,2,14,12.0,12,0,20,20,zero,
llm_iterative,base,1,41,0,13,16.0,0,16,19,19,zero,
llm_iterative,base,1,41,1,13,20.0,20,0,12,12,zero,
llm_iterative,base,1,41,2,13,-0.0,0,0,3,3,zero,
llm_iterative,base,1,42,0,13,16.0,0,16,10,10,zero,
llm_iterative,base,1,42,1,13,28.0,28,0,18,18,zero,
llm_iterative,base,1,42,2,13,2.0,0,2,0,0,zero,
llm_iterative,base,1,43,0,13,19.0,0,19,19,19,zero,
llm_iterative,base,1,43,1,13,27.0,27,0,15,15,zero,
llm_iterative,base,1,43,2,13,3.0,3,0,20,20,zero,
llm_iterative,base,1,44,0,13,22.0,0,22,10,10,zero,
llm_iterative,base,1,44,1,13,17.0,17,0,18,18,zero,
llm_iterative,base,1,44,2,13,5.0,5,0,20,20,zero,
llm_iterative,base,1,45,0,15,18.0,0,18,19,19,zero,
llm_iterative,base,1,45,1,15,10.0,10,0,3,3,zero,
llm_iterative,base,1,45,2,15,5.0,5,0,20,20,zero,
llm_iterative,base,1,46,0,15,23.0,0,23,19,19,zero,
llm_iterative,base,1,46,1,15,7.0,7,0,15,15,zero,
llm_iterative,base,1,46,2,15,10.0,0,10,0,0,zero,
llm_iterative,base,1,47,0,14,18.0,0,18,19,19,zero,
llm_iterative,base,1,47,1,14,5.0,5,0,15,15,zero,
llm_iterative,base,1,47,2,14,5.0,0,5,0,0,zero,
llm_iterative,base,1,48,0,14,22.0,0,22,19,19,zero,
llm_iterative,base,1,48,1,14,4.0,4,0,15,15,zero,
llm_iterative,base,1,48,2,14,-0.0,0,0,20,20,zero,
llm_iterative,base,1,49,0,15,18.0,0,18,10,10,zero,
llm_iterative,base,1,49,1,15,3.0,0,3,15,15,zero,
llm_iterative,base,1,49,2,15,5.0,5,0,20,20,zero,
llm_iterative,base,1,50,0,18,17.0,0,17,10,10,zero,
llm_iterative,base,1,50,1,18,8.0,0,8,15,15,zero,
llm_iterative,base,1,50,2,18,10.0,0,10,20,20,zero,
llm_iterative,base,1,51,0,17,15.0,0,15,19,19,zero,
llm_iterative,base,1,51,1,17,7.0,0,7,15,15,zero,
llm_iterative,base,1,51,2,17,25.0,0,25,20,20,zero,
llm_iterative,base,1,52,0,18,14.0,0,14,10,10,zero,
llm_iterative,base,1,52,1,18,3.0,3,0,18,18,zero,
llm_iterative,base,1,52,2,18,23.0,0,23,0,0,zero,
llm_iterative,base,1,53,0,18,25.0,0,25,19,19,zero,
llm_iterative,base,1,53,1,18,1.0,0,1,15,15,zero,
llm_iterative,base,1,53,2,18,18.0,0,18,20,20,zero,
llm_iterative,base,1,54,0,18,38.0,0,38,19,19,zero,
llm_iterative,base,1,54,1,18,15.0,0,15,18,18,zero,
llm_iterative,base,1,54,2,18,16.0,0,16,20,20,zero,
llm_iterative,base,1,55,0,20,38.0,0,38,19,19,zero,
llm_iterative,base,1,55,1,20,34.0,0,34,18,18,zero,
llm_iterative,base,1,55,2,20,14.0,0,14,20,20,zero,
llm_iterative,base,1,56,0,20,41.0,0,41,19,19,zero,
llm_iterative,base,1,56,1,20,33.0,0,33,18,18,zero,
llm_iterative,base,1,56,2,20,32.0,0,32,20,20,zero,
llm_iterative,base,1,57,0,18,41.0,0,41,19,19,zero,
llm_iterative,base,1,57,1,18,32.0,0,32,18,18,zero,
llm_iterative,base,1,57,2,18,30.0,0,30,20,20,zero,
llm_iterative,base,1,58,0,17,53.0,0,53,19,19,zero,
llm_iterative,base,1,58,1,17,31.0,0,31,18,18,zero,
llm_iterative,base,1,58,2,17,28.0,0,28,20,20,zero,
llm_iterative,base,1,59,0,16,69.0,0,69,17,17,zero,
llm_iterative,base,1,59,1,16,28.0,0,28,18,18,zero,
llm_iterative,base,1,59,2,16,26.0,0,26,20,20,zero,
llm_iterative,base,1,60,0,16,65.0,0,65,17,17,zero,
llm_iterative,base,1,60,1,16,45.0,0,45,18,18,zero,
llm_iterative,base,1,60,2,16,24.0,0,24,20,20,zero,
llm_iterative,base,1,61,0,18,63.0,0,63,17,17,zero,
llm_iterative,base,1,61,1,18,42.0,0,42,18,18,zero,
llm_iterative,base,1,61,2,18,22.0,0,22,20,20,zero,
llm_iterative,base,1,62,0,17,60.0,0,60,17,17,zero,
llm_iterative,base,1,62,1,17,39.0,0,39,18,18,zero,
llm_iterative,base,1,62,2,17,20.0,0,20,20,20,zero,
llm_iterative,base,1,63,0,18,58.0,0,58,17,17,zero,
llm_iterative,base,1,63,1,18,36.0,0,36,18,18,zero,
llm_iterative,base,1,63,2,18,18.0,0,18,20,20,zero,
llm_iterative,base,1,64,0,17,75.0,0,75,17,17,zero,
llm_iterative,base,1,64,1,17,33.0,0,33,18,18,zero,
llm_iterative,base,1,64,2,17,16.0,0,16,20,20,zero,
llm_iterative,base,1,65,0,18,73.0,0,73,17,17,zero,
llm_iterative,base,1,65,1,18,30.0,0,30,18,18,zero,
llm_iterative,base,1,65,2,18,14.0,0,14,20,20,zero,
llm_iterative,base,1,66,0,20,73.0,0,73,17,17,zero,
llm_iterative,base,1,66,1,20,27.0,0,27,18,18,zero,
llm_iterative,base,1,66,2,20,12.0,0,12,16,16,zero,
llm_iterative,base,1,67,0,18,71.0,0,71,17,17,zero,
llm_iterative,base,1,67,1,18,24.0,0,24,18,18,zero,
llm_iterative,base,1,67,2,18,10.0,0,10,20,20,zero,
llm_iterative,base,1,68,0,17,68.0,0,68,17,17,zero,
llm_iterative,base,1,68,1,17,21.0,0,21,18,18,zero,
llm_iterative,base,1,68,2,17,8.0,0,8,20,20,zero,
llm_iterative,base,1,69,0,16,64.0,0,64,17,17,zero,
llm_iterative,base,1,69,1,16,18.0,0,18,18,18,zero,
llm_iterative,base,1,69,2,16,6.0,0,6,20,20,zero,
llm_iterative,base,1,70,0,15,59.0,0,59,17,17,zero,
llm_iterative,base,1,70,1,15,15.0,0,15,18,18,zero,
llm_iterative,base,1,70,2,15,8.0,0,8,20,20,zero,
llm_iterative,base,1,71,0,17,56.0,0,56,10,10,zero,
llm_iterative,base,1,71,1,17,5.0,0,5,18,18,zero,
llm_iterative,base,1,71,2,17,6.0,0,6,16,16,zero,
llm_iterative,base,1,72,0,14,50.0,0,50,10,10,zero,
llm_iterative,base,1,72,1,14,5.0,5,0,18,18,zero,
llm_iterative,base,1,72,2,14,4.0,0,4,16,16,zero,
llm_iterative,base,1,73,0,16,46.0,0,46,10,10,zero,
llm_iterative,base,1,73,1,16,15.0,15,0,3,3,zero,
llm_iterative,base,1,73,2,16,13.0,13,0,20,20,zero,
llm_iterative,base,1,74,0,16,42.0,0,42,19,19,zero,
llm_iterative,base,1,74,1,16,12.0,12,0,3,3,zero,
llm_iterative,base,1,74,2,16,30.0,30,0,1,1,zero,
llm_iterative,base,1,75,0,15,37.0,0,37,10,10,zero,
llm_iterative,base,1,75,1,15,22.0,22,0,18,18,zero,
llm_iterative,base,1,75,2,15,28.0,28,0,0,0,zero,
llm_iterative,base,1,76,0,15,37.0,0,37,19,19,zero,
llm_iterative,base,1,76,1,15,23.0,23,0,18,18,zero,
llm_iterative,base,1,76,2,15,26.0,26,0,16,16,zero,
llm_iterative,base,1,77,0,15,42.0,0,42,19,19,zero,
llm_iterative,base,1,77,1,15,11.0,11,0,18,18,zero,
llm_iterative,base,1,77,2,15,28.0,28,0,20,20,zero,
llm_iterative,base,1,78,0,13,36.0,0,36,19,19,zero,
llm_iterative,base,1,78,1,13,5.0,0,5,18,18,zero,
llm_iterative,base,1,78,2,13,11.0,11,0,20,20,zero,
llm_iterative,base,1,79,0,14,40.0,0,40,19,19,zero,
llm_iterative,base,1,79,1,14,6.0,0,6,18,18,zero,
llm_iterative,base,1,79,2,14,7.0,0,7,20,20,zero,
llm_iterative,base,1,80,0,15,36.0,0,36,10,10,zero,
llm_iterative,base,1,80,1,15,2.0,2,0,18,18,zero,
llm_iterative,base,1,80,2,15,9.0,0,9,20,20,zero,
llm_iterative,base,1,81,0,18,35.0,0,35,10,10,zero,
llm_iterative,base,1,81,1,18,10.0,10,0,18,18,zero,
llm_iterative,base,1,81,2,18,7.0,0,7,16,16,zero,
llm_iterative,base,1,82,0,17,38.0,0,38,19,19,zero,
llm_iterative,base,1,82,1,17,9.0,9,0,3,3,zero,
llm_iterative,base,1,82,2,17,10.0,10,0,16,16,zero,
llm_iterative,base,1,83,0,17,37.0,0,37,19,19,zero,
llm_iterative,base,1,83,1,17,1.0,1,0,18,18,zero,
llm_iterative,base,1,83,2,17,12.0,12,0,0,0,zero,
llm_iterative,base,1,84,0,19,40.0,0,40,19,19,zero,
llm_iterative,base,1,84,1,19,2.0,0,2,18,18,zero,
llm_iterative,base,1,84,2,19,14.0,14,0,16,16,zero,
llm_iterative,base,1,85,0,19,49.0,0,49,19,19,zero,
llm_iterative,base,1,85,1,19,1.0,0,1,18,18,zero,
llm_iterative,base,1,85,2,19,12.0,12,0,20,20,zero,
llm_iterative,base,1,86,0,16,46.0,0,46,19,19,zero,
llm_iterative,base,1,86,1,16,10.0,0,10,18,18,zero,
llm_iterative,base,1,86,2,16,10.0,10,0,20,20,zero,
llm_iterative,base,1,87,0,16,43.0,0,43,19,19,zero,
llm_iterative,base,1,87,1,16,11.0,0,11,18,18,zero,
llm_iterative,base,1,87,2,16,8.0,0,8,20,20,zero,
llm_iterative,base,1,88,0,17,43.0,0,43,10,10,zero,
llm_iterative,base,1,88,1,17,3.0,0,3,18,18,zero,
llm_iterative,base,1,88,2,17,10.0,0,10,20,20,zero,
llm_iterative,base,1,89,0,18,41.0,0,41,19,19,zero,
llm_iterative,base,1,89,1,18,4.0,0,4,18,18,zero,
llm_iterative,base,1,89,2,18,8.0,0,8,16,16,zero,
llm_iterative,base,1,90,0,19,50.0,0,50,19,19,zero,
llm_iterative,base,1,90,1,19,5.0,0,5,18,18,zero,
llm_iterative,base,1,90,2,19,6.0,0,6,16,16,zero,
llm_iterative,base,1,91,0,19,51.0,0,51,19,19,zero,
llm_iterative,base,1,91,1,19,14.0,0,14,18,18,zero,
llm_iterative,base,1,91,2,19,4.0,0,4,20,20,zero,
llm_iterative,base,1,92,0,19,52.0,0,52,19,19,zero,
llm_iterative,base,1,92,1,19,17.0,0,17,18,18,zero,
llm_iterative,base,1,92,2,19,2.0,0,2,20,20,zero,
llm_iterative,base,1,93,0,16,50.0,0,50,19,19,zero,
llm_iterative,base,1,93,1,16,16.0,0,16,18,18,zero,
llm_iterative,base,1,93,2,16,4.0,0,4,20,20,zero,
llm_iterative,base,1,94,0,17,49.0,0,49,19,19,zero,
llm_iterative,base,1,94,1,17,15.0,0,15,18,18,zero,
llm_iterative,base,1,94,2,17,6.0,0,6,16,16,zero,
llm_iterative,base,1,95,0,17,56.0,0,56,17,17,zero,
llm_iterative,base,1,95,1,17,12.0,0,12,18,18,zero,
llm_iterative,base,1,95,2,17,4.0,0,4,16,16,zero,
llm_iterative,base,1,96,0,15,55.0,0,55,17,17,zero,
llm_iterative,base,1,96,1,15,9.0,0,9,18,18,zero,
llm_iterative,base,1,96,2,15,2.0,0,2,20,20,zero,
llm_iterative,base,1,97,0,14,49.0,0,49,10,10,zero,
llm_iterative,base,1,97,1,14,3.0,0,3,18,18,zero,
llm_iterative,base,1,97,2,14,-0.0,0,0,20,20,zero,
llm_iterative,base,1,98,0,13,42.0,0,42,10,10,zero,
llm_iterative,base,1,98,1,13,3.0,3,0,18,18,zero,
llm_iterative,base,1,98,2,13,2.0,0,2,16,16,zero,
llm_iterative,base,1,99,0,13,35.0,0,35,10,10,zero,
llm_iterative,base,1,99,1,13,13.0,13,0,3,3,zero,
llm_iterative,base,1,99,2,13,11.0,11,0,16,16,zero,
llm_iterative,base,1,100,0,13,28.0,0,28,10,10,zero,
llm_iterative,base,1,100,1,13,23.0,23,0,12,12,zero,
llm_iterative,base,1,100,2,13,19.0,19,0,0,0,zero,
llm_iterative,base,1,101,0,14,26.0,0,26,19,19,zero,
llm_iterative,base,1,101,1,14,24.0,24,0,3,3,zero,
llm_iterative,base,1,101,2,14,36.0,36,0,0,0,zero,
llm_iterative,base,1,102,0,14,27.0,0,27,19,19,zero,
llm_iterative,base,1,102,1,14,21.0,21,0,18,18,zero,
llm_iterative,base,1,102,2,14,34.0,34,0,0,0,zero,
llm_iterative,base,1,103,0,14,31.0,0,31,19,19,zero,
llm_iterative,base,1,103,1,14,7.0,7,0,18,18,zero,
llm_iterative,base,1,103,2,14,32.0,32,0,1,1,zero,
llm_iterative,base,1,104,0,14,35.0,0,35,17,17,zero,
llm_iterative,base,1,104,1,14,2.0,2,0,18,18,zero,
llm_iterative,base,1,104,2,14,14.0,14,0,20,20,zero,
llm_iterative,base,1,105,0,14,30.0,0,30,10,10,zero,
llm_iterative,base,1,105,1,14,5.0,0,5,18,18,zero,
llm_iterative,base,1,105,2,14,4.0,0,4,20,20,zero,
llm_iterative,base,1,106,0,12,23.0,0,23,19,19,zero,
llm_iterative,base,1,106,1,12,6.0,0,6,15,15,zero,
llm_iterative,base,1,106,2,12,19.0,0,19,20,20,zero,
llm_iterative,base,1,107,0,11,15.0,0,15,10,10,zero,
llm_iterative,base,1,107,1,11,2.0,2,0,18,18,zero,
llm_iterative,base,1,107,2,11,36.0,0,36,20,20,zero,
llm_iterative,base,1,108,0,10,8.0,0,8,10,10,zero,
llm_iterative,base,1,108,1,10,10.0,10,0,15,15,zero,
llm_iterative,base,1,108,2,10,31.0,0,31,20,20,zero,
llm_iterative,base,1,109,0,10,13.0,0,13,10,10,zero,
llm_iterative,base,1,109,1,10,14.0,14,0,15,15,zero,
llm_iterative,base,1,109,2,10,26.0,0,26,20,20,zero,
llm_iterative,base,1,110,0,10,5.0,0,5,10,10,zero,
llm_iterative,base,1,110,1,10,4.0,4,0,15,15,zero,
llm_iterative,base,1,110,2,10,21.0,0,21,16,16,zero,
llm_iterative,base,1,111,0,11,-0.0,0,0,10,10,zero,
llm_iterative,base,1,111,1,11,5.0,0,5,3,3,zero,
llm_iterative,base,1,111,2,11,4.0,0,4,16,16,zero,
llm_iterative,base,1,112,0,10,-0.0,0,0,19,19,zero,
llm_iterative,base,1,112,1,10,4.0,0,4,0,0,zero,
llm_iterative,base,1,112,2,10,16.0,16,0,16,16,zero,
llm_iterative,base,1,113,0,9,1.0,1,0,10,10,zero,
llm_iterative,base,1,113,1,9,6.0,6,0,18,18,zero,
llm_iterative,base,1,113,2,9,18.0,18,0,0,0,zero,
llm_iterative,base,1,114,0,9,2.0,2,0,6,6,zero,
llm_iterative,base,1,114,1,9,20.0,20,0,18,18,zero,
llm_iterative,base,1,114,2,9,16.0,16,0,1,1,zero,
llm_iterative,base,1,115,0,9,2.0,0,2,6,6,zero,
llm_iterative,base,1,115,1,9,34.0,34,0,3,3,zero,
llm_iterative,base,1,115,2,9,29.0,29,0,20,20,zero,
llm_iterative,base,1,116,0,9,9.0,9,0,6,6,zero,
llm_iterative,base,1,116,1,9,32.0,32,0,0,0,zero,
llm_iterative,base,1,116,2,9,45.0,45,0,3,3,zero,
llm_iterative,base,1,117,0,9,14.0,14,0,10,10,zero,
llm_iterative,base,1,117,1,9,40.0,40,0,1,1,zero,
llm_iterative,base,1,117,2,9,44.0,44,0,0,0,zero,
llm_iterative,base,1,118,0,11,9.0,9,0,9,9,zero,
llm_iterative,base,1,118,1,11,49.0,49,0,1,1,zero,
llm_iterative,base,1,118,2,11,44.0,44,0,0,0,zero,
llm_iterative,base,1,119,0,11,4.0,4,0,19,19,zero,
llm_iterative,base,1,119,1,11,33.0,33,0,15,15,zero,
llm_iterative,base,1,119,2,11,49.0,49,0,0,0,zero,
llm_iterative,base,1,120,0,11,1.0,0,1,9,9,zero,
llm_iterative,base,1,120,1,11,24.0,24,0,15,15,zero,
llm_iterative,base,1,120,2,11,37.0,37,0,0,0,zero,
llm_iterative,base,1,121,0,12,3.0,0,3,9,9,zero,
llm_iterative,base,1,121,1,12,16.0,16,0,15,15,zero,
llm_iterative,base,1,121,2,12,22.0,22,0,16,16,zero,
llm_iterative,base,1,122,0,12,6.0,0,6,10,10,zero,
llm_iterative,base,1,122,1,12,7.0,7,0,3,3,zero,
llm_iterative,base,1,122,2,12,19.0,19,0,20,20,zero,
llm_iterative,base,1,123,0,12,1.0,1,0,10,10,zero,
llm_iterative,base,1,123,1,12,12.0,12,0,15,15,zero,
llm_iterative,base,1,123,2,12,4.0,4,0,0,0,zero,
llm_iterative,base,1,124,0,11,1.0,0,1,19,19,zero,
llm_iterative,base,1,124,1,11,8.0,8,0,3,3,zero,
llm_iterative,base,1,124,2,11,1.0,1,0,20,20,zero,
llm_iterative,base,1,125,0,11,3.0,0,3,10,10,zero,
llm_iterative,base,1,125,1,11,13.0,13,0,15,15,zero,
llm_iterative,base,1,125,2,11,2.0,2,0,0,0,zero,
llm_iterative,base,1,126,0,11,4.0,0,4,10,10,zero,
llm_iterative,base,1,126,1,11,6.0,6,0,15,15,zero,
llm_iterative,base,1,126,2,11,7.0,7,0,20,20,zero,
llm_iterative,base,1,127,0,13,7.0,0,7,10,10,zero,
llm_iterative,base,1,127,1,13,11.0,11,0,15,15,zero,
llm_iterative,base,1,127,2,13,8.0,0,8,20,20,zero,
llm_iterative,base,1,128,0,10,2.0,2,0,10,10,zero,
llm_iterative,base,1,128,1,10,4.0,4,0,15,15,zero,
llm_iterative,base,1,128,2,10,3.0,0,3,20,20,zero,
llm_iterative,base,1,129,0,9,3.0,3,0,10,10,zero,
llm_iterative,base,1,129,1,9,9.0,9,0,3,3,zero,
llm_iterative,base,1,129,2,9,6.0,0,6,20,20,zero,
llm_iterative,base,1,130,0,9,4.0,4,0,6,6,zero,
llm_iterative,base,1,130,1,9,18.0,18,0,15,15,zero,
llm_iterative,base,1,130,2,9,1.0,0,1,0,0,zero,
llm_iterative,base,1,131,0,8,6.0,6,0,10,10,zero,
llm_iterative,base,1,131,1,8,15.0,15,0,0,0,zero,
llm_iterative,base,1,131,2,8,19.0,19,0,0,0,zero,
llm_iterative,base,1,132,0,9,7.0,7,0,6,6,zero,
llm_iterative,base,1,132,1,9,29.0,29,0,1,1,zero,
llm_iterative,base,1,132,2,9,38.0,38,0,0,0,zero,
llm_iterative,base,1,133,0,8,9.0,9,0,19,19,zero,
llm_iterative,base,1,133,1,8,10.0,10,0,1,1,zero,
llm_iterative,base,1,133,2,8,57.0,57,0,0,0,zero,
llm_iterative,base,1,134,0,7,8.0,8,0,6,6,zero,
llm_iterative,base,1,134,1,7,24.0,24,0,15,15,zero,
llm_iterative,base,1,134,2,7,42.0,42,0,0,0,zero,
llm_iterative,base,1,135,0,6,12.0,12,0,6,6,zero,
llm_iterative,base,1,135,1,6,19.0,19,0,15,15,zero,
llm_iterative,base,1,135,2,6,27.0,27,0,1,1,zero,
llm_iterative,base,1,136,0,7,11.0,11,0,2,2,zero,
llm_iterative,base,1,136,1,7,18.0,18,0,1,1,zero,
llm_iterative,base,1,136,2,7,26.0,26,0,20,20,zero,
llm_iterative,base,1,137,0,7,23.0,23,0,6,6,zero,
llm_iterative,base,1,137,1,7,13.0,13,0,1,1,zero,
llm_iterative,base,1,137,2,7,25.0,25,0,0,0,zero,
llm_iterative,base,1,138,0,7,22.0,22,0,2,2,zero,
llm_iterative,base,1,138,1,7,26.0,26,0,1,1,zero,
llm_iterative,base,1,138,2,7,24.0,24,0,0,0,zero,
llm_iterative,base,1,139,0,7,21.0,21,0,9,9,zero,
llm_iterative,base,1,139,1,7,32.0,32,0,0,0,zero,
llm_iterative,base,1,139,2,7,25.0,25,0,0,0,zero,
llm_iterative,base,1,140,0,7,16.0,16,0,2,2,zero,
llm_iterative,base,1,140,1,7,31.0,31,0,1,1,zero,
llm_iterative,base,1,140,2,7,44.0,44,0,0,0,zero,
llm_iterative,base,1,141,0,7,15.0,15,0,9,9,zero,
llm_iterative,base,1,141,1,7,23.0,23,0,1,1,zero,
llm_iterative,base,1,141,2,7,43.0,43,0,0,0,zero,
llm_iterative,base,1,142,0,7,10.0,10,0,9,9,zero,
llm_iterative,base,1,142,1,7,15.0,15,0,15,15,zero,
llm_iterative,base,1,142,2,7,28.0,28,0,0,0,zero,
llm_iterative,base,1,143,0,7,12.0,12,0,3,3,zero,
llm_iterative,base,1,143,1,7,12.0,12,0,15,15,zero,
llm_iterative,base,1,143,2,7,13.0,13,0,1,1,zero,
llm_iterative,base,1,144,0,7,7.0,7,0,4,4,zero,
llm_iterative,base,1,144,1,7,9.0,9,0,1,1,zero,
llm_iterative,base,1,144,2,7,12.0,12,0,20,20,zero,
llm_iterative,base,1,145,0,7,9.0,9,0,6,6,zero,
llm_iterative,base,1,145,1,7,4.0,4,0,0,0,zero,
llm_iterative,base,1,145,2,7,12.0,12,0,3,3,zero,
llm_iterative,base,1,146,0,7,11.0,11,0,9,9,zero,
llm_iterative,base,1,146,1,7,10.0,10,0,1,1,zero,
llm_iterative,base,1,146,2,7,11.0,11,0,0,0,zero,
llm_iterative,base,1,147,0,7,7.0,7,0,9,9,zero,
llm_iterative,base,1,147,1,7,16.0,16,0,15,15,zero,
llm_iterative,base,1,147,2,7,3.0,0,3,0,0,zero,
llm_iterative,base,1,148,0,8,3.0,3,0,4,4,zero,
llm_iterative,base,1,148,1,8,13.0,13,0,15,15,zero,
llm_iterative,base,1,148,2,8,2.0,2,0,0,0,zero,
llm_iterative,base,1,149,0,8,1.0,1,0,6,6,zero,
llm_iterative,base,1,149,1,8,7.0,7,0,1,1,zero,
llm_iterative,base,1,149,2,8,4.0,4,0,20,20,zero,
llm_iterative,base,1,150,0,7,3.0,3,0,10,10,zero,
llm_iterative,base,1,150,1,7,2.0,0,2,1,1,zero,
llm_iterative,base,1,150,2,7,3.0,3,0,20,20,zero,
llm_iterative,base,1,151,0,7,5.0,5,0,6,6,zero,
llm_iterative,base,1,151,1,7,4.0,4,0,15,15,zero,
llm_iterative,base,1,151,2,7,12.0,0,12,0,0,zero,
llm_iterative,base,1,152,0,8,1.0,1,0,6,6,zero,
llm_iterative,base,1,152,1,8,16.0,16,0,15,15,zero,
llm_iterative,base,1,152,2,8,27.0,0,27,0,0,zero,
llm_iterative,base,1,153,0,8,1.0,0,1,10,10,zero,
llm_iterative,base,1,153,1,8,7.0,7,0,15,15,zero,
llm_iterative,base,1,153,2,8,22.0,0,22,20,20,zero,
llm_iterative,base,1,154,0,7,-0.0,0,0,10,10,zero,
llm_iterative,base,1,154,1,7,2.0,0,2,3,3,zero,
llm_iterative,base,1,154,2,7,5.0,0,5,20,20,zero,
llm_iterative,base,1,155,0,8,-0.0,0,0,6,6,zero,
llm_iterative,base,1,155,1,8,5.0,0,5,3,3,zero,
llm_iterative,base,1,155,2,8,8.0,0,8,0,0,zero,
llm_iterative,base,1,156,0,8,2.0,0,2,6,6,zero,
llm_iterative,base,1,156,1,8,11.0,0,11,3,3,zero,
llm_iterative,base,1,156,2,8,11.0,0,11,0,0,zero,
llm_iterative,base,1,157,0,7,1.0,1,0,10,10,zero,
llm_iterative,base,1,157,1,7,1.0,0,1,5,5,zero,
llm_iterative,base,1,157,2,7,4.0,4,0,0,0,zero,
llm_iterative,base,1,158,0,7,2.0,2,0,6,6,zero,
llm_iterative,base,1,158,1,7,13.0,13,0,15,15,zero,
llm_iterative,base,1,158,2,7,9.0,9,0,0,0,zero,
llm_iterative,base,1,159,0,7,2.0,0,2,6,6,zero,
llm_iterative,base,1,159,1,7,7.0,7,0,3,3,zero,
llm_iterative,base,1,159,2,7,6.0,6,0,20,20,zero,
llm_iterative,base,1,160,0,7,9.0,0,9,6,6,zero,
llm_iterative,base,1,160,1,7,1.0,1,0,1,1,zero,
llm_iterative,base,1,160,2,7,5.0,5,0,20,20,zero,
llm_iterative,base,1,161,0,6,5.0,5,0,6,6,zero,
llm_iterative,base,1,161,1,6,11.0,11,0,12,12,zero,
llm_iterative,base,1,161,2,6,7.0,0,7,0,0,zero,
llm_iterative,base,1,162,0,7,5.0,5,0,6,6,zero,
llm_iterative,base,1,162,1,7,20.0,20,0,12,12,zero,
llm_iterative,base,1,162,2,7,19.0,0,19,0,0,zero,
llm_iterative,base,1,163,0,7,4.0,4,0,10,10,zero,
llm_iterative,base,1,163,1,7,13.0,13,0,15,15,zero,
llm_iterative,base,1,163,2,7,14.0,0,14,20,20,zero,
llm_iterative,base,1,164,0,6,4.0,4,0,6,6,zero,
llm_iterative,base,1,164,1,6,8.0,8,0,3,3,zero,
llm_iterative,base,1,164,2,6,3.0,3,0,20,20,zero,
llm_iterative,base,1,165,0,6,4.0,4,0,6,6,zero,
llm_iterative,base,1,165,1,6,7.0,7,0,1,1,zero,
llm_iterative,base,1,165,2,6,2.0,2,0,0,0,zero,
llm_iterative,base,1,166,0,6,4.0,4,0,2,2,zero,
llm_iterative,base,1,166,1,6,5.0,5,0,1,1,zero,
llm_iterative,base,1,166,2,6,1.0,1,0,0,0,zero,
llm_iterative,base,1,167,0,6,8.0,8,0,6,6,zero,
llm_iterative,base,1,167,1,6,19.0,19,0,1,1,zero,
llm_iterative,base,1,167,2,6,20.0,20,0,0,0,zero,
llm_iterative,base,1,168,0,5,9.0,9,0,6,6,zero,
llm_iterative,base,1,168,1,5,30.0,30,0,1,1,zero,
llm_iterative,base,1,168,2,5,39.0,39,0,0,0,zero,
llm_iterative,base,1,169,0,5,10.0,10,0,6,6,zero,
llm_iterative,base,1,169,1,5,25.0,25,0,12,12,zero,
llm_iterative,base,1,169,2,5,27.0,27,0,0,0,zero,
llm_iterative,base,1,170,0,5,7.0,7,0,2,2,zero,
llm_iterative,base,1,170,1,5,24.0,24,0,1,1,zero,
llm_iterative,base,1,170,2,5,26.0,26,0,1,1,zero,
llm_iterative,base,1,171,0,5,8.0,8,0,6,6,zero,
llm_iterative,base,1,171,1,5,19.0,19,0,1,1,zero,
llm_iterative,base,1,171,2,5,25.0,25,0,0,0,zero,
llm_iterative,base,1,172,0,5,9.0,9,0,2,2,zero,
llm_iterative,base,1,172,1,5,18.0,18,0,1,1,zero,
llm_iterative,base,1,172,2,5,24.0,24,0,0,0,zero,
llm_iterative,base,1,173,0,5,10.0,10,0,9,9,zero,
llm_iterative,base,1,173,1,5,21.0,21,0,1,1,zero,
llm_iterative,base,1,173,2,5,23.0,23,0,0,0,zero,
llm_iterative,base,1,174,0,5,7.0,7,0,2,2,zero,
llm_iterative,base,1,174,1,5,20.0,20,0,15,15,zero,
llm_iterative,base,1,174,2,5,9.0,9,0,0,0,zero,
llm_iterative,base,1,175,0,4,9.0,9,0,9,9,zero,
llm_iterative,base,1,175,1,4,12.0,12,0,1,1,zero,
llm_iterative,base,1,175,2,4,8.0,8,0,1,1,zero,
llm_iterative,base,1,176,0,4,7.0,7,0,2,2,zero,
llm_iterative,base,1,176,1,4,11.0,11,0,15,15,zero,
llm_iterative,base,1,176,2,4,7.0,0,7,20,20,zero,
llm_iterative,base,1,177,0,5,11.0,11,0,2,2,zero,
llm_iterative,base,1,177,1,5,10.0,10,0,1,1,zero,
llm_iterative,base,1,177,2,5,8.0,0,8,20,20,zero,
llm_iterative,base,1,178,0,6,7.0,7,0,2,2,zero,
llm_iterative,base,1,178,1,6,23.0,23,0,0,0,zero,
llm_iterative,base,1,178,2,6,8.0,0,8,0,0,zero,
llm_iterative,base,1,179,0,6,10.0,10,0,9,9,zero,
llm_iterative,base,1,179,1,6,15.0,15,0,0,0,zero,
llm_iterative,base,1,179,2,6,7.0,0,7,0,0,zero,
llm_iterative,base,1,180,0,7,5.0,5,0,6,6,zero,
llm_iterative,base,1,180,1,7,17.0,17,0,1,1,zero,
llm_iterative,base,1,180,2,7,12.0,12,0,0,0,zero,
llm_iterative,base,1,181,0,7,-0.0,0,0,9,9,zero,
llm_iterative,base,1,181,1,7,8.0,8,0,15,15,zero,
llm_iterative,base,1,181,2,7,17.0,17,0,0,0,zero,
llm_iterative,base,1,182,0,6,4.0,0,4,9,9,zero,
llm_iterative,base,1,182,1,6,1.0,0,1,1,1,zero,
llm_iterative,base,1,182,2,6,16.0,16,0,1,1,zero,
llm_iterative,base,1,183,0,6,1.0,0,1,6,6,zero,
llm_iterative,base,1,183,1,6,6.0,0,6,15,15,zero,
llm_iterative,base,1,183,2,6,1.0,1,0,1,1,zero,
llm_iterative,base,1,184,0,6,1.0,0,1,6,6,zero,
llm_iterative,base,1,184,1,6,4.0,0,4,3,3,zero,
llm_iterative,base,1,184,2,6,2.0,0,2,20,20,zero,
llm_iterative,base,1,185,0,5,3.0,3,0,6,6,zero,
llm_iterative,base,1,185,1,5,5.0,5,0,15,15,zero,
llm_iterative,base,1,185,2,5,17.0,0,17,20,20,zero,
llm_iterative,base,1,186,0,5,6.0,6,0,2,2,zero,
llm_iterative,base,1,186,1,5,4.0,4,0,15,15,zero,
llm_iterative,base,1,186,2,5,31.0,0,31,20,20,zero,
llm_iterative,base,1,187,0,5,2.0,2,0,6,6,zero,
llm_iterative,base,1,187,1,5,13.0,13,0,1,1,zero,
llm_iterative,base,1,187,2,5,31.0,0,31,20,20,zero,
llm_iterative,base,1,188,0,6,4.0,4,0,6,6,zero,
llm_iterative,base,1,188,1,6,8.0,8,0,15,15,zero,
llm_iterative,base,1,188,2,6,26.0,0,26,0,0,zero,
llm_iterative,base,1,189,0,5,9.0,9,0,6,6,zero,
llm_iterative,base,1,189,1,5,2.0,2,0,1,1,zero,
llm_iterative,base,1,189,2,5,7.0,0,7,20,20,zero,
llm_iterative,base,1,190,0,5,6.0,6,0,2,2,zero,
llm_iterative,base,1,190,1,5,1.0,1,0,0,0,zero,
llm_iterative,base,1,190,2,5,13.0,13,0,16,16,zero,
llm_iterative,base,1,191,0,5,7.0,7,0,6,6,zero,
llm_iterative,base,1,191,1,5,4.0,0,4,0,0,zero,
llm_iterative,base,1,191,2,5,33.0,33,0,0,0,zero,
llm_iterative,base,1,192,0,5,8.0,8,0,6,6,zero,
llm_iterative,base,1,192,1,5,10.0,10,0,1,1,zero,
llm_iterative,base,1,192,2,5,32.0,32,0,0,0,zero,
llm_iterative,base,1,193,0,5,9.0,9,0,2,2,zero,
llm_iterative,base,1,193,1,5,28.0,28,0,1,1,zero,
llm_iterative,base,1,193,2,5,51.0,51,0,0,0,zero,
llm_iterative,base,1,194,0,6,5.0,5,0,10,10,zero,
llm_iterative,base,1,194,1,6,25.0,25,0,1,1,zero,
llm_iterative,base,1,194,2,6,66.0,66,0,0,0,zero,
llm_iterative,base,1,195,0,6,1.0,1,0,2,2,zero,
llm_iterative,base,1,195,1,6,23.0,23,0,15,15,zero,
llm_iterative,base,1,195,2,6,51.0,51,0,0,0,zero,
llm_iterative,base,1,196,0,6,5.0,5,0,6,6,zero,
llm_iterative,base,1,196,1,6,18.0,18,0,1,1,zero,
llm_iterative,base,1,196,2,6,50.0,50,0,0,0,zero,
llm_iterative,base,1,197,0,6,1.0,1,0,2,2,zero,
llm_iterative,base,1,197,1,6,17.0,17,0,1,1,zero,
llm_iterative,base,1,197,2,6,49.0,49,0,0,0,zero,
llm_iterative,base,1,198,0,5,6.0,6,0,6,6,zero,
llm_iterative,base,1,198,1,5,12.0,12,0,1,1,zero,
llm_iterative,base,1,198,2,5,48.0,48,0,0,0,zero,
llm_iterative,base,1,199,0,5,3.0,3,0,2,2,zero,
llm_iterative,base,1,199,1,5,25.0,25,0,1,1,zero,
llm_iterative,base,1,199,2,5,47.0,47,0,0,0,zero,
llm_iterative,base,1,200,0,7,2.0,2,0,9,9,zero,
llm_iterative,base,1,200,1,7,17.0,17,0,1,1,zero,
llm_iterative,base,1,200,2,7,46.0,46,0,0,0,zero,
llm_iterative,shock,0,1,0,10,10.0,10,0,10,10,zero,
llm_iterative,shock,0,1,1,10,10.0,10,0,15,15,zero,
llm_iterative,shock,0,1,2,10,5.0,5,0,0,0,zero,
llm_iterative,shock,0,2,0,10,10.0,10,0,10,10,zero,
llm_iterative,shock,0,2,1,10,10.0,10,0,1,1,zero,
llm_iterative,shock,0,2,2,10,14.0,14,0,20,20,zero,
llm_iterative,shock,0,3,0,10,10.0,10,0,10,10,zero,
llm_iterative,shock,0,3,1,10,10.0,10,0,15,15,zero,
llm_iterative,shock,0,3,2,10,9.0,9,0,3,3,zero,
llm_iterative,shock,0,4,0,10,10.0,10,0,10,10,zero,
llm_iterative,shock,0,4,1,10,10.0,10,0,15,15,zero,
llm_iterative,shock,0,4,2,10,4.0,4,0,20,20,zero,
llm_iterative,shock,0,5,0,10,10.0,10,0,9,9,zero,
llm_iterative,shock,0,5,1,10,16.0,16,0,15,15,zero,
llm_iterative,shock,0,5,2,10,11.0,0,11,20,20,zero,
llm_iterative,shock,0,6,0,8,12.0,12,0,9,9,zero,
llm_iterative,shock,0,6,1,8,8.0,8,0,15,15,zero,
llm_iterative,shock,0,6,2,8,6.0,0,6,20,20,zero,
llm_iterative,shock,0,7,0,8,14.0,14,0,6,6,zero,
llm_iterative,shock,0,7,1,8,17.0,17,0,3,3,zero,
llm_iterative,shock,0,7,2,8,6.0,0,6,20,20,zero,
llm_iterative,shock,0,8,0,8,16.0,16,0,6,6,zero,
llm_iterative,shock,0,8,1,8,26.0,26,0,1,1,zero,
llm_iterative,shock,0,8,2,8,13.0,13,0,0,0,zero,
llm_iterative,shock,0,9,0,8,17.0,17,0,6,6,zero,
llm_iterative,shock,0,9,1,8,24.0,24,0,0,0,zero,
llm_iterative,shock,0,9,2,8,33.0,33,0,0,0,zero,
llm_iterative,shock,0,10,0,8,18.0,18,0,9,9,zero,
llm_iterative,shock,0,10,1,8,35.0,35,0,1,1,zero,
llm_iterative,shock,0,10,2,8,52.0,52,0,0,0,zero,
llm_iterative,shock,0,11,0,9,15.0,15,0,4,4,zero,
llm_iterative,shock,0,11,1,9,34.0,34,0,1,1,zero,
llm_iterative,shock,0,11,2,9,71.0,71,0,0,0,zero,
llm_iterative,shock,0,12,0,9,12.0,12,0,9,9,zero,
llm_iterative,shock,0,12,1,9,32.0,32,0,1,1,zero,
llm_iterative,shock,0,12,2,9,70.0,70,0,0,0,zero,
llm_iterative,shock,0,13,0,9,9.0,9,0,9,9,zero,
llm_iterative,shock,0,13,1,9,23.0,23,0,15,15,zero,
llm_iterative,shock,0,13,2,9,55.0,55,0,0,0,zero,
llm_iterative,shock,0,14,0,10,8.0,8,0,9,9,zero,
llm_iterative,shock,0,14,1,10,15.0,15,0,15,15,zero,
llm_iterative,shock,0,14,2,10,40.0,40,0,0,0,zero,
llm_iterative,shock,0,15,0,12,-0.0,0,0,9,9,zero,
llm_iterative,shock,0,15,1,12,7.0,7,0,11,11,zero,
llm_iterative,shock,0,15,2,12,29.0,29,0,1,1,zero,
llm_iterative,shock,0,16,0,13,4.0,0,4,19,19,zero,
llm_iterative,shock,0,16,1,13,11.0,0,11,1,1,zero,
llm_iterative,shock,0,16,2,13,28.0,28,0,20,20,zero,
llm_iterative,shock,0,17,0,14,9.0,0,9,19,19,zero,
llm_iterative,shock,0,17,1,14,15.0,0,15,15,15,zero,
llm_iterative,shock,0,17,2,14,13.0,13,0,0,0,zero,
llm_iterative,shock,0,18,0,15,15.0,0,15,19,19,zero,
llm_iterative,shock,0,18,1,15,19.0,0,19,15,15,zero,
llm_iterative,shock,0,18,2,15,2.0,0,2,16,16,zero,
llm_iterative,shock,0,19,0,13,19.0,0,19,19,19,zero,
llm_iterative,shock,0,19,1,13,27.0,0,27,15,15,zero,
llm_iterative,shock,0,19,2,13,16.0,0,16,20,20,zero,
llm_iterative,shock,0,20,0,14,25.0,0,25,19,19,zero,
llm_iterative,shock,0,20,1,14,45.0,0,45,15,15,zero,
llm_iterative,shock,0,20,2,14,11.0,0,11,20,20,zero,
llm_iterative,shock,0,21,0,13,23.0,0,23,19,19,zero,
llm_iterative,shock,0,21,1,13,49.0,0,49,18,18,zero,
llm_iterative,shock,0,21,2,13,29.0,0,29,20,20,zero,
llm_iterative,shock,0,22,0,14,22.0,0,22,10,10,zero,
llm_iterative,shock,0,22,1,14,46.0,0,46,18,18,zero,
llm_iterative,shock,0,22,2,14,31.0,0,31,20,20,zero,
llm_iterative,shock,0,23,0,14,25.0,0,25,19,19,zero,
llm_iterative,shock,0,23,1,14,64.0,0,64,18,18,zero,
llm_iterative,shock,0,23,2,14,29.0,0,29,20,20,zero,
llm_iterative,shock,0,24,0,14,38.0,0,38,19,19,zero,
llm_iterative,shock,0,24,1,14,63.0,0,63,18,18,zero,
llm_iterative,shock,0,24,2,14,27.0,0,27,20,20,zero,
llm_iterative,shock,0,25,0,15,38.0,0,38,10,10,zero,
llm_iterative,shock,0,25,1,15,73.0,0,73,18,18,zero,
llm_iterative,shock,0,25,2,15,25.0,0,25,20,20,zero,
llm_iterative,shock,0,26,0,15,40.0,0,40,19,19,zero,
llm_iterative,shock,0,26,1,15,76.0,0,76,18,18,zero,
llm_iterative,shock,0,26,2,15,23.0,0,23,20,20,zero,
llm_iterative,shock,0,27,0,17,56.0,0,56,17,17,zero,
llm_iterative,shock,0,27,1,17,73.0,0,73,18,18,zero,
llm_iterative,shock,0,27,2,17,21.0,0,21,20,20,zero,
llm_iterative,shock,0,28,0,17,53.0,0,53,17,17,zero,
llm_iterative,shock,0,28,1,17,70.0,0,70,18,18,zero,
llm_iterative,shock,0,28,2,17,19.0,0,19,20,20,zero,
llm_iterative,shock,0,29,0,16,69.0,0,69,17,17,zero,
llm_iterative,shock,0,29,1,16,67.0,0,67,18,18,zero,
llm_iterative,shock,0,29,2,16,17.0,0,17,20,20,zero,
llm_iterative,shock,0,30,0,16,69.0,0,69,17,17,zero,
llm_iterative,shock,0,30,1,16,64.0,0,64,18,18,zero,
llm_iterative,shock,0,30,2,16,15.0,0,15,20,20,zero,
llm_iterative,shock,0,31,0,17,66.0,0,66,17,17,zero,
llm_iterative,shock,0,31,1,17,61.0,0,61,18,18,zero,
llm_iterative,shock,0,31,2,17,13.0,0,13,16,16,zero,
llm_iterative,shock,0,32,0,16,62.0,0,62,17,17,zero,
llm_iterative,shock,0,32,1,16,58.0,0,58,18,18,zero,
llm_iterative,shock,0,32,2,16,11.0,0,11,20,20,zero,
llm_iterative,shock,0,33,0,16,58.0,0,58,17,17,zero,
llm_iterative,shock,0,33,1,16,55.0,0,55,18,18,zero,
llm_iterative,shock,0,33,2,16,9.0,0,9,20,20,zero,
llm_iterative,shock,0,34,0,14,52.0,0,52,10,10,zero,
llm_iterative,shock,0,34,1,14,45.0,0,45,18,18,zero,
llm_iterative,shock,0,34,2,14,7.0,0,7,20,20,zero,
llm_iterative,shock,0,35,0,14,46.0,0,46,10,10,zero,
llm_iterative,shock,0,35,1,14,35.0,0,35,18,18,zero,
llm_iterative,shock,0,35,2,14,9.0,0,9,20,20,zero,
llm_iterative,shock,0,36,0,14,40.0,0,40,10,10,zero,
llm_iterative,shock,0,36,1,14,25.0,0,25,18,18,zero,
llm_iterative,shock,0,36,2,14,7.0,0,7,16,16,zero,
llm_iterative,shock,0,37,0,13,33.0,0,33,10,10,zero,
llm_iterative,shock,0,37,1,13,15.0,0,15,0,0,zero,
llm_iterative,shock,0,37,2,13,13.0,13,0,20,20,zero,
llm_iterative,shock,0,38,0,11,24.0,0,24,10,10,zero,
llm_iterative,shock,0,38,1,11,5.0,0,5,18,18,zero,
llm_iterative,shock,0,38,2,11,15.0,15,0,1,1,zero,
llm_iterative,shock,0,39,0,10,14.0,0,14,6,6,zero,
llm_iterative,shock,0,39,1,10,5.0,5,0,18,18,zero,
llm_iterative,shock,0,39,2,10,17.0,17,0,16,16,zero,
llm_iterative,shock,0,40,0,10,4.0,0,4,6,6,zero,
llm_iterative,shock,0,40,1,10,19.0,19,0,0,0,zero,
llm_iterative,shock,0,40,2,10,33.0,33,0,20,20,zero,
llm_iterative,shock,0,41,0,10,6.0,6,0,6,6,zero,
llm_iterative,shock,0,41,1,10,20.0,20,0,3,3,zero,
llm_iterative,shock,0,41,2,10,50.0,50,0,0,0,zero,
llm_iterative,shock,0,42,0,11,15.0,15,0,10,10,zero,
llm_iterative,shock,0,42,1,11,28.0,28,0,3,3,zero,
llm_iterative,shock,0,42,2,11,48.0,48,0,0,0,zero,
llm_iterative,shock,0,43,0,10,16.0,16,0,19,19,zero,
llm_iterative,shock,0,43,1,10,27.0,27,0,12,12,zero,
llm_iterative,shock,0,43,2,10,52.0,52,0,0,0,zero,
llm_iterative,shock,0,44,0,10,12.0,12,0,9,9,zero,
llm_iterative,shock,0,44,1,10,18.0,18,0,18,18,zero,
llm_iterative,shock,0,44,2,10,54.0,54,0,0,0,zero,
llm_iterative,shock,0,45,0,11,7.0,7,0,10,10,zero,
llm_iterative,shock,0,45,1,11,11.0,11,0,15,15,zero,
llm_iterative,shock,0,45,2,11,39.0,39,0,1,1,zero,
llm_iterative,shock,0,46,0,11,6.0,6,0,6,6,zero,
llm_iterative,shock,0,46,1,11,8.0,8,0,3,3,zero,
llm_iterative,shock,0,46,2,11,36.0,36,0,20,20,zero,
llm_iterative,shock,0,47,0,9,16.0,16,0,10,10,zero,
llm_iterative,shock,0,47,1,9,10.0,10,0,1,1,zero,
llm_iterative,shock,0,47,2,9,35.0,35,0,0,0,zero,
llm_iterative,shock,0,48,0,10,15.0,15,0,6,6,zero,
llm_iterative,shock,0,48,1,10,22.0,22,0,15,15,zero,
llm_iterative,shock,0,48,2,10,20.0,20,0,0,0,zero,
llm_iterative,shock,0,49,0,11,14.0,14,0,9,9,zero,
llm_iterative,shock,0,49,1,11,28.0,28,0,1,1,zero,
llm_iterative,shock,0,49,2,11,20.0,20,0,1,1,zero,
llm_iterative,shock,0,50,0,12,8.0,8,0,19,19,zero,
llm_iterative,shock,0,50,1,12,12.0,12,0,15,15,zero,
llm_iterative,shock,0,50,2,12,25.0,25,0,1,1,zero,
llm_iterative,shock,0,51,0,11,7.0,7,0,9,9,zero,
llm_iterative,shock,0,51,1,11,4.0,4,0,15,15,zero,
llm_iterative,shock,0,51,2,11,10.0,10,0,20,20,zero,
llm_iterative,shock,0,52,0,10,3.0,3,0,9,9,zero,
llm_iterative,shock,0,52,1,10,10.0,10,0,15,15,zero,
llm_iterative,shock,0,52,2,10,5.0,0,5,20,20,zero,
llm_iterative,shock,0,53,0,9,3.0,3,0,6,6,zero,
llm_iterative,shock,0,53,1,9,5.0,5,0,3,3,zero,
llm_iterative,shock,0,53,2,9,7.0,0,7,20,20,zero,
llm_iterative,shock,0,54,0,8,14.0,14,0,6,6,zero,
llm_iterative,shock,0,54,1,8,14.0,14,0,15,15,zero,
llm_iterative,shock,0,54,2,8,21.0,0,21,0,0,zero,
llm_iterative,shock,0,55,0,7,16.0,16,0,6,6,zero,
llm_iterative,shock,0,55,1,7,23.0,23,0,3,3,zero,
llm_iterative,shock,0,55,2,7,4.0,0,4,20,20,zero,
llm_iterative,shock,0,56,0,6,19.0,19,0,6,6,zero,
llm_iterative,shock,0,56,1,6,27.0,27,0,0,0,zero,
llm_iterative,shock,0,56,2,6,16.0,16,0,0,0,zero,
llm_iterative,shock,0,57,0,6,19.0,19,0,2,2,zero,
llm_iterative,shock,0,57,1,6,26.0,26,0,1,1,zero,
llm_iterative,shock,0,57,2,6,35.0,35,0,0,0,zero,
llm_iterative,shock,0,58,0,5,20.0,20,0,2,2,zero,
llm_iterative,shock,0,58,1,5,25.0,25,0,0,0,zero,
llm_iterative,shock,0,58,2,5,35.0,35,0,0,0,zero,
llm_iterative,shock,0,59,0,5,21.0,21,0,2,2,zero,
llm_iterative,shock,0,59,1,5,43.0,43,0,0,0,zero,
llm_iterative,shock,0,59,2,5,55.0,55,0,0,0,zero,
llm_iterative,shock,0,60,0,5,22.0,22,0,2,2,zero,
llm_iterative,shock,0,60,1,5,45.0,45,0,0,0,zero,
llm_iterative,shock,0,60,2,5,55.0,55,0,0,0,zero,
llm_iterative,shock,0,61,0,4,20.0,20,0,2,2,zero,
llm_iterative,shock,0,61,1,4,44.0,44,0,0,0,zero,
llm_iterative,shock,0,61,2,4,55.0,55,0,0,0,zero,
llm_iterative,shock,0,62,0,5,17.0,17,0,2,2,zero,
llm_iterative,shock,0,62,1,5,42.0,42,0,0,0,zero,
llm_iterative,shock,0,62,2,5,55.0,55,0,0,0,zero,
llm_iterative,shock,0,63,0,4,15.0,15,0,2,2,zero,
llm_iterative,shock,0,63,1,4,40.0,40,0,0,0,zero,
llm_iterative,shock,0,63,2,4,55.0,55,0,0,0,zero,
llm_iterative,shock,0,64,0,4,13.0,13,0,2,2,zero,
llm_iterative,shock,0,64,1,4,38.0,38,0,1,1,zero,
llm_iterative,shock,0,64,2,4,54.0,54,0,0,0,zero,
llm_iterative,shock,0,65,0,4,11.0,11,0,2,2,zero,
llm_iterative,shock,0,65,1,4,36.0,36,0,1,1,zero,
llm_iterative,shock,0,65,2,4,53.0,53,0,0,0,zero,
llm_iterative,shock,0,66,0,4,9.0,9,0,2,2,zero,
llm_iterative,shock,0,66,1,4,34.0,34,0,1,1,zero,
llm_iterative,shock,0,66,2,4,52.0,52,0,0,0,zero,
llm_iterative,shock,0,67,0,3,8.0,8,0,4,4,zero,
llm_iterative,shock,0,67,1,3,30.0,30,0,1,1,zero,
llm_iterative,shock,0,67,2,3,51.0,51,0,0,0,zero,
llm_iterative,shock,0,68,0,3,7.0,7,0,2,2,zero,
llm_iterative,shock,0,68,1,3,29.0,29,0,1,1,zero,
llm_iterative,shock,0,68,2,3,50.0,50,0,0,0,zero,
llm_iterative,shock,0,69,0,3,6.0,6,0,1,1,zero,
llm_iterative,shock,0,69,1,3,29.0,29,0,1,1,zero,
llm_iterative,shock,0,69,2,3,49.0,49,0,0,0,zero,
llm_iterative,shock,0,70,0,3,5.0,5,0,2,2,zero,
llm_iterative,shock,0,70,1,3,28.0,28,0,1,1,zero,
llm_iterative,shock,0,70,2,3,48.0,48,0,0,0,zero,
llm_iterative,shock,0,71,0,3,6.0,6,0,2,2,zero,
llm_iterative,shock,0,71,1,3,27.0,27,0,1,1,zero,
llm_iterative,shock,0,71,2,3,47.0,47,0,0,0,zero,
llm_iterative,shock,0,72,0,3,5.0,5,0,2,2,zero,
llm_iterative,shock,0,72,1,3,26.0,26,0,1,1,zero,
llm_iterative,shock,0,72,2,3,46.0,46,0,0,0,zero,
llm_iterative,shock,0,73,0,3,3.0,3,0,2,2,zero,
llm_iterative,shock,0,73,1,3,25.0,25,0,1,1,zero,
llm_iterative,shock,0,73,2,3,45.0,45,0,0,0,zero,
llm_iterative,shock,0,74,0,3,2.0,2,0,2,2,zero,
llm_iterative,shock,0,74,1,3,24.0,24,0,1,1,zero,
llm_iterative,shock,0,74,2,3,44.0,44,0,0,0,zero,
llm_iterative,shock,0,75,0,3,1.0,1,0,2,2,zero,
llm_iterative,shock,0,75,1,3,23.0,23,0,1,1,zero,
llm_iterative,shock,0,75,2,3,43.0,43,0,0,0,zero,
llm_iterative,shock,0,76,0,3,-0.0,0,0,6,6,zero,
llm_iterative,shock,0,76,1,3,18.0,18,0,1,1,zero,
llm_iterative,shock,0,76,2,3,42.0,42,0,0,0,zero,
llm_iterative,shock,0,77,0,3,1.0,0,1,2,2,zero,
llm_iterative,shock,0,77,1,3,17.0,17,0,1,1,zero,
llm_iterative,shock,0,77,2,3,41.0,41,0,0,0,zero,
llm_iterative,shock,0,78,0,5,4.0,0,4,2,2,zero,
llm_iterative,shock,0,78,1,5,16.0,16,0,1,1,zero,
llm_iterative,shock,0,78,2,5,40.0,40,0,0,0,zero,
llm_iterative,shock,0,79,0,5,7.0,0,7,10,10,zero,
llm_iterative,shock,0,79,1,5,7.0,7,0,1,1,zero,
llm_iterative,shock,0,79,2,5,39.0,39,0,0,0,zero,
llm_iterative,shock,0,80,0,6,7.0,0,7,6,6,zero,80
llm_iterative,shock,0,80,1,6,2.0,2,0,15,15,zero,80
llm_iterative,shock,0,80,2,6,24.0,24,0,0,0,zero,80
llm_iterative,shock,0,81,0,5,10.0,0,10,19,19,zero,80
llm_iterative,shock,0,81,1,5,16.0,0,16,1,1,zero,80
llm_iterative,shock,0,81,2,5,23.0,23,0,0,0,zero,80
llm_iterative,shock,0,82,0,5,13.0,0,13,10,10,zero,80
llm_iterative,shock,0,82,1,5,25.0,0,25,15,15,zero,80
llm_iterative,shock,0,82,2,5,8.0,8,0,0,0,zero,80
llm_iterative,shock,0,83,0,5,8.0,0,8,10,10,zero,80
llm_iterative,shock,0,83,1,5,34.0,0,34,15,15,zero,80
llm_iterative,shock,0,83,2,5,7.0,0,7,20,20,zero,80
llm_iterative,shock,0,84,0,5,7.0,0,7,10,10,zero,80
llm_iterative,shock,0,84,1,5,29.0,0,29,16,16,zero,80
llm_iterative,shock,0,84,2,5,23.0,0,23,20,20,zero,80
llm_iterative,shock,0,85,0,5,9.0,0,9,6,6,llm_r0_0,80
llm_iterative,shock,0,85,1,5,34.0,0,34,18,12,llm_r0_0,80
llm_iterative,shock,0,85,2,5,35.0,0,35,20,20,llm_r0_0,80
llm_iterative,shock,0,86,0,6,14.0,0,14,10,10,llm_r0_0,80
llm_iterative,shock,0,86,1,6,29.0,0,29,18,12,llm_r0_0,80
llm_iterative,shock,0,86,2,6,47.0,0,47,20,20,llm_r0_0,80
llm_iterative,shock,0,87,0,5,18.0,0,18,6,6,llm_r0_0,80
llm_iterative,shock,0,87,1,5,27.0,0,27,18,12,llm_r0_0,80
llm_iterative,shock,0,87,2,5,39.0,0,39,20,20,llm_r0_0,80
llm_iterative,shock,0,88,0,5,8.0,0,8,6,6,llm_r0_0,80
llm_iterative,shock,0,88,1,5,33.0,0,33,18,12,llm_r0_0,80
llm_iterative,shock,0,88,2,5,31.0,0,31,20,20,llm_r0_0,80
llm_iterative,shock,0,89,0,5,12.0,0,12,6,6,llm_r0_0,80
llm_iterative,shock,0,89,1,5,39.0,0,39,0,0,llm_r0_0,80
llm_iterative,shock,0,89,2,5,11.0,0,11,16,16,llm_r0_0,80
llm_iterative,shock,0,90,0,5,2.0,0,2,6,6,zero,80
llm_iterative,shock,0,90,1,5,45.0,0,45,0,0,zero,80
llm_iterative,shock,0,90,2,5,9.0,9,0,0,0,zero,80
llm_iterative,shock,0,91,0,5,1.0,1,0,10,10,zero,80
llm_iterative,shock,0,91,1,5,35.0,0,35,0,0,zero,80
llm_iterative,shock,0,91,2,5,29.0,29,0,0,0,zero,80
llm_iterative,shock,0,92,0,5,4.0,0,4,6,6,zero,80
llm_iterative,shock,0,92,1,5,21.0,0,21,18,18,zero,80
llm_iterative,shock,0,92,2,5,31.0,31,0,0,0,zero,80
llm_iterative,shock,0,93,0,6,10.0,0,10,2,2,zero,80
llm_iterative,shock,0,93,1,6,3.0,0,3,0,0,zero,80
llm_iterative,shock,0,93,2,6,47.0,47,0,1,1,zero,80
llm_iterative,shock,0,94,0,6,16.0,0,16,0,0,zero,80
llm_iterative,shock,0,94,1,6,8.0,8,0,18,18,zero,80
llm_iterative,shock,0,94,2,6,29.0,29,0,0,0,zero,80
llm_iterative,shock,0,95,0,6,2.0,0,2,0,0,zero,80
llm_iterative,shock,0,95,1,6,8.0,8,0,0,0,zero,80
llm_iterative,shock,0,95,2,6,29.0,29,0,16,16,zero,80
llm_iterative,shock,0,96,0,8,10.0,10,0,6,6,zero,80
llm_iterative,shock,0,96,1,8,20.0,20,0,0,0,zero,80
llm_iterative,shock,0,96,2,8,29.0,29,0,0,0,zero,80
llm_iterative,shock,0,97,0,6,24.0,24,0,6,6,zero,80
llm_iterative,shock,0,97,1,6,14.0,14,0,0,0,zero,80
llm_iterative,shock,0,97,2,6,30.0,30,0,0,0,zero,80
llm_iterative,shock,0,98,0,4,23.0,23,0,6,6,zero,80
llm_iterative,shock,0,98,1,4,26.0,26,0,12,12,zero,80
llm_iterative,shock,0,98,2,4,18.0,18,0,0,0,zero,80
llm_iterative,shock,0,99,0,3,20.0,20,0,2,2,zero,80
llm_iterative,shock,0,99,1,3,24.0,24,0,1,1,zero,80
llm_iterative,shock,0,99,2,3,33.0,33,0,0,0,zero,80
llm_iterative,shock,0,100,0,4,22.0,22,0,0,0,zero,80
llm_iterative,shock,0,100,1,4,24.0,24,0,1,1,zero,80
llm_iterative,shock,0,100,2,4,32.0,32,0,0,0,zero,80
llm_iterative,shock,0,101,0,3,25.0,25,0,0,0,zero,80
llm_iterative,shock,0,101,1,3,24.0,24,0,0,0,zero,80
llm_iterative,shock,0,101,2,3,32.0,32,0,0,0,zero,80
llm_iterative,shock,0,102,0,4,27.0,27,0,0,0,zero,80
llm_iterative,shock,0,102,1,4,36.0,36,0,0,0,zero,80
llm_iterative,shock,0,102,2,4,32.0,32,0,0,0,zero,80
llm_iterative,shock,0,103,0,4,25.0,25,0,0,0,zero,80
llm_iterative,shock,0,103,1,4,37.0,37,0,0,0,zero,80
llm_iterative,shock,0,103,2,4,32.0,32,0,0,0,zero,80
llm_iterative,shock,0,104,0,4,21.0,21,0,0,0,zero,80
llm_iterative,shock,0,104,1,4,38.0,38,0,0,0,zero,80
llm_iterative,shock,0,104,2,4,32.0,32,0,0,0,zero,80
llm_iterative,shock,0,105,0,4,17.0,17,0,2,2,zero,80
llm_iterative,shock,0,105,1,4,36.0,36,0,0,0,zero,80
llm_iterative,shock,0,105,2,4,32.0,32,0,0,0,zero,80
llm_iterative,shock,0,106,0,4,13.0,13,0,2,2,zero,80
llm_iterative,shock,0,106,1,4,34.0,34,0,0,0,zero,80
llm_iterative,shock,0,106,2,4,32.0,32,0,0,0,zero,80
llm_iterative,shock,0,107,0,4,9.0,9,0,3,3,zero,80
llm_iterative,shock,0,107,1,4,31.0,31,0,0,0,zero,80
llm_iterative,shock,0,107,2,4,32.0,32,0,0,0,zero,80
llm_iterative,shock,0,108,0,5,4.0,4,0,9,9,zero,80
llm_iterative,shock,0,108,1,5,22.0,22,0,1,1,zero,80
llm_iterative,shock,0,108,2,5,31.0,31,0,0,0,zero,80
llm_iterative,shock,0,109,0,5,1.0,1,0,1,1,zero,80
llm_iterative,shock,0,109,1,5,21.0,21,0,1,1,zero,80
llm_iterative,shock,0,109,2,5,30.0,30,0,0,0,zero,80
llm_iterative,shock,0,110,0,4,1.0,0,1,2,2,zero,80
llm_iterative,shock,0,110,1,4,19.0,19,0,1,1,zero,80
llm_iterative,shock,0,110,2,4,29.0,29,0,0,0,zero,80
llm_iterative,shock,0,111,0,4,2.0,0,2,6,6,zero,80
llm_iterative,shock,0,111,1,4,13.0,13,0,1,1,zero,80
llm_iterative,shock,0,111,2,4,28.0,28,0,0,0,zero,80
llm_iterative,shock,0,112,0,4,3.0,3,0,6,6,zero,80
llm_iterative,shock,0,112,1,4,8.0,8,0,15,15,zero,80
llm_iterative,shock,0,112,2,4,13.0,13,0,0,0,zero,80
llm_iterative,shock,0,113,0,4,-0.0,0,0,0,0,zero,80
llm_iterative,shock,0,113,1,4,9.0,9,0,1,1,zero,80
llm_iterative,shock,0,113,2,4,12.0,12,0,1,1,zero,80
llm_iterative,shock,0,114,0,4,2.0,0,2,2,2,zero,80
llm_iterative,shock,0,114,1,4,8.0,8,0,1,1,zero,80
llm_iterative,shock,0,114,2,4,11.0,11,0,1,1,zero,80
llm_iterative,shock,0,115,0,4,-0.0,0,0,6,6,zero,80
llm_iterative,shock,0,115,1,4,3.0,3,0,0,0,zero,80
llm_iterative,shock,0,115,2,4,11.0,11,0,0,0,zero,80
llm_iterative,shock,0,116,0,4,2.0,2,0,6,6,zero,80
llm_iterative,shock,0,116,1,4,12.0,12,0,1,1,zero,80
llm_iterative,shock,0,116,2,4,10.0,10,0,0,0,zero,80
llm_iterative,shock,0,117,0,4,2.0,0,2,2,2,zero,80
llm_iterative,shock,0,117,1,4,11.0,11,0,15,15,zero,80
llm_iterative,shock,0,117,2,4,4.0,0,4,0,0,zero,80
llm_iterative,shock,0,118,0,4,4.0,0,4,6,6,zero,80
llm_iterative,shock,0,118,1,4,6.0,6,0,1,1,zero,80
llm_iterative,shock,0,118,2,4,4.0,0,4,20,20,zero,80
llm_iterative,shock,0,119,0,3,1.0,0,1,6,6,zero,80
llm_iterative,shock,0,119,1,3,-0.0,0,0,15,15,zero,80
llm_iterative,shock,0,119,2,3,19.0,0,19,20,20,zero,80
llm_iterative,shock,0,120,0,3,2.0,2,0,2,2,llm_r0_0,80
llm_iterative,shock,0,120,1,3,1.0,0,1,15,9,llm_r0_0,80
llm_iterative,shock,0,120,2,3,28.0,0,28,20,20,llm_r0_0,80
llm_iterative,shock,0,121,0,3,1.0,1,0,0,0,llm_r0_0,80
llm_iterative,shock,0,121,1,3,10.0,10,0,11,5,llm_r0_0,80
llm_iterative,shock,0,121,2,3,33.0,0,33,20,20,llm_r0_0,80
llm_iterative,shock,0,122,0,3,4.0,4,0,6,6,llm_r0_0,80
llm_iterative,shock,0,122,1,3,5.0,5,0,1,1,llm_r0_0,80
llm_iterative,shock,0,122,2,3,14.0,0,14,0,0,llm_r0_0,80
llm_iterative,shock,0,123,0,3,7.0,7,0,0,0,llm_r0_0,80
llm_iterative,shock,0,123,1,3,5.0,5,0,0,0,llm_r0_0,80
llm_iterative,shock,0,123,2,3,6.0,6,0,0,0,llm_r0_0,80
llm_iterative,shock,0,124,0,3,5.0,5,0,6,6,llm_r0_0,80
llm_iterative,shock,0,124,1,3,1.0,0,1,0,0,llm_r0_0,80
llm_iterative,shock,0,124,2,3,26.0,26,0,0,0,llm_r0_0,80
llm_iterative,shock,0,125,0,4,2.0,2,0,2,2,zero,80
llm_iterative,shock,0,125,1,4,3.0,0,3,0,0,zero,80
llm_iterative,shock,0,125,2,4,46.0,46,0,0,0,zero,80
llm_iterative,shock,0,126,0,3,5.0,5,0,6,6,zero,80
llm_iterative,shock,0,126,1,3,11.0,11,0,0,0,zero,80
llm_iterative,shock,0,126,2,3,46.0,46,0,0,0,zero,80
llm_iterative,shock,0,127,0,3,2.0,2,0,2,2,zero,80
llm_iterative,shock,0,127,1,3,23.0,23,0,1,1,zero,80
llm_iterative,shock,0,127,2,3,45.0,45,0,0,0,zero,80
llm_iterative,shock,0,128,0,3,4.0,4,0,0,0,zero,80
llm_iterative,shock,0,128,1,3,23.0,23,0,1,1,zero,80
llm_iterative,shock,0,128,2,3,44.0,44,0,0,0,zero,80
llm_iterative,shock,0,129,0,3,1.0,1,0,0,0,zero,80
llm_iterative,shock,0,129,1,3,23.0,23,0,0,0,zero,80
llm_iterative,shock,0,129,2,3,44.0,44,0,0,0,zero,80
llm_iterative,shock,0,130,0,3,7.0,7,0,6,6,zero,80
llm_iterative,shock,0,130,1,3,17.0,17,0,0,0,zero,80
llm_iterative,shock,0,130,2,3,44.0,44,0,0,0,zero,80
llm_iterative,shock,0,131,0,3,6.0,6,0,2,2,zero,80
llm_iterative,shock,0,131,1,3,16.0,16,0,1,1,zero,80
llm_iterative,shock,0,131,2,3,43.0,43,0,0,0,zero,80
llm_iterative,shock,0,132,0,3,3.0,3,0,6,6,zero,80
llm_iterative,shock,0,132,1,3,11.0,11,0,1,1,zero,80
llm_iterative,shock,0,132,2,3,42.0,42,0,0,0,zero,80
llm_iterative,shock,0,133,0,3,-0.0,0,0,0,0,zero,80
llm_iterative,shock,0,133,1,3,11.0,11,0,15,15,zero,80
llm_iterative,shock,0,133,2,3,27.0,27,0,0,0,zero,80
llm_iterative,shock,0,134,0,3,3.0,3,0,0,0,zero,80
llm_iterative,shock,0,134,1,3,11.0,11,0,1,1,zero,80
llm_iterative,shock,0,134,2,3,26.0,26,0,0,0,zero,80
llm_iterative,shock,0,135,0,2,3.0,3,0,6,6,zero,80
llm_iterative,shock,0,135,1,2,6.0,6,0,0,0,zero,80
llm_iterative,shock,0,135,2,2,26.0,26,0,0,0,zero,80
llm_iterative,shock,0,136,0,2,7.0,7,0,0,0,zero,80
llm_iterative,shock,0,136,1,2,7.0,7,0,1,1,zero,80
llm_iterative,shock,0,136,2,2,25.0,25,0,0,0,zero,80
llm_iterative,shock,0,137,0,3,4.0,4,0,2,2,zero,80
llm_iterative,shock,0,137,1,3,20.0,20,0,0,0,zero,80
llm_iterative,shock,0,137,2,3,25.0,25,0,0,0,zero,80
llm_iterative,shock,0,138,0,3,1.0,1,0,2,2,zero,80
llm_iterative,shock,0,138,1,3,19.0,19,0,0,0,zero,80
llm_iterative,shock,0,138,2,3,25.0,25,0,0,0,zero,80
llm_iterative,shock,0,139,0,3,4.0,4,0,6,6,zero,80
llm_iterative,shock,0,139,1,3,13.0,13,0,0,0,zero,80
llm_iterative,shock,0,139,2,3,25.0,25,0,0,0,zero,80
llm_iterative,shock,0,140,0,4,-0.0,0,0,0,0,zero,80
llm_iterative,shock,0,140,1,4,14.0,14,0,1,1,zero,80
llm_iterative,shock,0,140,2,4,24.0,24,0,0,0,zero,80
llm_iterative,shock,0,141,0,4,2.0,0,2,6,6,zero,80
llm_iterative,shock,0,141,1,4,8.0,8,0,1,1,zero,80
llm_iterative,shock,0,141,2,4,23.0,23,0,0,0,zero,80
llm_iterative,shock,0,142,0,3,3.0,0,3,6,6,zero,80
llm_iterative,shock,0,142,1,3,2.0,2,0,15,15,zero,80
llm_iterative,shock,0,142,2,3,8.0,8,0,0,0,zero,80
llm_iterative,shock,0,143,0,4,1.0,0,1,2,2,zero,80
llm_iterative,shock,0,143,1,4,-0.0,0,0,1,1,zero,80
llm_iterative,shock,0,143,2,4,7.0,7,0,1,1,zero,80
llm_iterative,shock,0,144,0,4,5.0,0,5,6,6,zero,80
llm_iterative,shock,0,144,1,4,5.0,0,5,1,1,zero,80
llm_iterative,shock,0,144,2,4,6.0,6,0,20,20,zero,80
llm_iterative,shock,0,145,0,4,3.0,0,3,6,6,zero,80
llm_iterative,shock,0,145,1,4,10.0,0,10,1,1,zero,80
llm_iterative,shock,0,145,2,4,5.0,5,0,0,0,zero,80
llm_iterative,shock,0,146,0,4,1.0,0,1,10,10,zero,80
llm_iterative,shock,0,146,1,4,5.0,0,5,15,15,zero,80
llm_iterative,shock,0,146,2,4,10.0,0,10,0,0,zero,80
llm_iterative,shock,0,147,0,3,2.0,0,2,6,6,zero,80
llm_iterative,shock,0,147,1,3,10.0,0,10,15,15,zero,80
llm_iterative,shock,0,147,2,3,24.0,0,24,1,1,zero,80
llm_iterative,shock,0,148,0,3,4.0,0,4,6,6,zero,80
llm_iterative,shock,0,148,1,3,15.0,0,15,15,15,zero,80
llm_iterative,shock,0,148,2,3,19.0,0,19,20,20,zero,80
llm_iterative,shock,0,149,0,3,6.0,0,6,6,6,zero,80
llm_iterative,shock,0,149,1,3,20.0,0,20,11,11,zero,80
llm_iterative,shock,0,149,2,3,30.0,0,30,20,20,zero,80
llm_iterative,shock,0,150,0,3,6.0,6,0,6,8,llm_r1_0,80
llm_iterative,shock,0,150,1,3,23.0,0,23,18,12,llm_r1_0,80
llm_iterative,shock,0,150,2,3,42.0,0,42,20,20,llm_r1_0,80
llm_iterative,shock,0,151,0,2,5.0,5,0,0,0,llm_r1_0,80
llm_iterative,shock,0,151,1,2,22.0,0,22,18,12,llm_r1_0,80
llm_iterative,shock,0,151,2,2,53.0,0,53,20,20,llm_r1_0,80
llm_iterative,shock,0,152,0,2,4.0,4,0,0,0,llm_r1_0,80
llm_iterative,shock,0,152,1,2,2.0,0,2,3,3,llm_r1_0,80
llm_iterative,shock,0,152,2,2,36.0,0,36,20,20,llm_r1_0,80
llm_iterative,shock,0,153,0,2,3.0,3,0,0,0,llm_r1_0,80
llm_iterative,shock,0,153,1,2,2.0,0,2,0,0,llm_r1_0,80
llm_iterative,shock,0,153,2,2,16.0,0,16,0,0,llm_r1_0,80
llm_iterative,shock,0,154,0,3,5.0,5,0,0,0,llm_r1_0,80
llm_iterative,shock,0,154,1,3,2.0,0,2,0,0,llm_r1_0,80
llm_iterative,shock,0,154,2,3,4.0,4,0,0,0,llm_r1_0,80
llm_iterative,shock,0,155,0,3,3.0,3,0,0,0,zero,80
llm_iterative,shock,0,155,1,3,1.0,0,1,0,0,zero,80
llm_iterative,shock,0,155,2,3,24.0,24,0,0,0,zero,80
llm_iterative,shock,0,156,0,3,20.0,20,0,0,0,zero,80
llm_iterative,shock,0,156,1,3,19.0,19,0,0,0,zero,80
llm_iterative,shock,0,156,2,3,44.0,44,0,0,0,zero,80
llm_iterative,shock,0,157,0,4,16.0,16,0,0,0,zero,80
llm_iterative,shock,0,157,1,4,39.0,39,0,0,0,zero,80
llm_iterative,shock,0,157,2,4,44.0,44,0,0,0,zero,80
llm_iterative,shock,0,158,0,3,13.0,13,0,6,6,zero,80
llm_iterative,shock,0,158,1,3,49.0,49,0,0,0,zero,80
llm_iterative,shock,0,158,2,3,44.0,44,0,0,0,zero,80
llm_iterative,shock,0,159,0,3,11.0,11,0,2,2,zero,80
llm_iterative,shock,0,159,1,3,47.0,47,0,0,0,zero,80
llm_iterative,shock,0,159,2,3,44.0,44,0,0,0,zero,80
llm_iterative,shock,0,160,0,3,9.0,9,0,2,2,zero,80
llm_iterative,shock,0,160,1,3,45.0,45,0,0,0,zero,80
llm_iterative,shock,0,160,2,3,44.0,44,0,0,0,zero,80
llm_iterative,shock,0,161,0,3,6.0,6,0,0,0,zero,80
llm_iterative,shock,0,161,1,3,45.0,45,0,1,1,zero,80
llm_iterative,shock,0,161,2,3,43.0,43,0,0,0,zero,80
llm_iterative,shock,0,162,0,3,9.0,9,0,2,2,zero,80
llm_iterative,shock,0,162,1,3,43.0,43,0,0,0,zero,80
llm_iterative,shock,0,162,2,3,43.0,43,0,0,0,zero,80
llm_iterative,shock,0,163,0,3,8.0,8,0,2,2,zero,80
llm_iterative,shock,0,163,1,3,41.0,41,0,1,1,zero,80
llm_iterative,shock,0,163,2,3,42.0,42,0,0,0,zero,80
llm_iterative,shock,0,164,0,4,6.0,6,0,2,2,zero,80
llm_iterative,shock,0,164,1,4,39.0,39,0,1,1,zero,80
llm_iterative,shock,0,164,2,4,41.0,41,0,0,0,zero,80
llm_iterative,shock,0,165,0,3,3.0,3,0,9,9,zero,80
llm_iterative,shock,0,165,1,3,31.0,31,0,1,1,zero,80
llm_iterative,shock,0,165,2,3,40.0,40,0,0,0,zero,80
llm_iterative,shock,0,166,0,3,2.0,2,0,2,2,zero,80
llm_iterative,shock,0,166,1,3,29.0,29,0,1,1,zero,80
llm_iterative,shock,0,166,2,3,39.0,39,0,0,0,zero,80
llm_iterative,shock,0,167,0,4,-0.0,0,0,0,0,zero,80
llm_iterative,shock,0,167,1,4,30.0,30,0,1,1,zero,80
llm_iterative,shock,0,167,2,4,38.0,38,0,0,0,zero,80
llm_iterative,shock,0,168,0,3,1.0,0,1,2,2,zero,80
llm_iterative,shock,0,168,1,3,29.0,29,0,1,1,zero,80
llm_iterative,shock,0,168,2,3,37.0,37,0,0,0,zero,80
llm_iterative,shock,0,169,0,3,5.0,5,0,6,6,zero,80
llm_iterative,shock,0,169,1,3,24.0,24,0,1,1,zero,80
llm_iterative,shock,0,169,2,3,36.0,36,0,0,0,zero,80
llm_iterative,shock,0,170,0,3,4.0,4,0,0,0,zero,80
llm_iterative,shock,0,170,1,3,25.0,25,0,1,1,zero,80
llm_iterative,shock,0,170,2,3,35.0,35,0,0,0,zero,80
llm_iterative,shock,0,171,0,3,1.0,1,0,6,6,zero,80
llm_iterative,shock,0,171,1,3,20.0,20,0,1,1,zero,80
llm_iterative,shock,0,171,2,3,34.0,34,0,0,0,zero,80
llm_iterative,shock,0,172,0,3,-0.0,0,0,2,2,zero,80
llm_iterative,shock,0,172,1,3,19.0,19,0,1,1,zero,80
llm_iterative,shock,0,172,2,3,33.0,33,0,0,0,zero,80
llm_iterative,shock,0,173,0,4,2.0,2,0,0,0,zero,80
llm_iterative,shock,0,173,1,4,20.0,20,0,1,1,zero,80
llm_iterative,shock,0,173,2,4,32.0,32,0,0,0,zero,80
llm_iterative,shock,0,174,0,5,3.0,0,3,6,6,zero,80
llm_iterative,shock,0,174,1,5,15.0,15,0,1,1,zero,80
llm_iterative,shock,0,174,2,5,31.0,31,0,0,0,zero,80
llm_iterative,shock,0,175,0,5,2.0,0,2,6,6,zero,80
llm_iterative,shock,0,175,1,5,10.0,10,0,1,1,zero,80
llm_iterative,shock,0,175,2,5,30.0,30,0,0,0,zero,80
llm_iterative,shock,0,176,0,5,5.0,0,5,10,10,zero,80
llm_iterative,shock,0,176,1,5,1.0,1,0,15,15,zero,80
llm_iterative,shock,0,176,2,5,15.0,15,0,0,0,zero,80
llm_iterative,shock,0,177,0,6,11.0,0,11,6,6,zero,80
llm_iterative,shock,0,177,1,6,4.0,0,4,11,11,zero,80
llm_iterative,shock,0,177,2,6,4.0,4,0,1,1,zero,80
llm_iterative,shock,0,178,0,6,11.0,0,11,10,10,zero,80
llm_iterative,shock,0,178,1,6,13.0,0,13,1,1,zero,80
llm_iterative,shock,0,178,2,6,3.0,3,0,20,20,zero,80
llm_iterative,shock,0,179,0,5,10.0,0,10,10,10,zero,80
llm_iterative,shock,0,179,1,5,22.0,0,22,15,15,zero,80
llm_iterative,shock,0,179,2,5,12.0,0,12,3,3,zero,80
llm_iterative,shock,0,180,0,6,6.0,0,6,10,10,llm_r0_0,80
llm_iterative,shock,0,180,1,6,17.0,0,17,15,9,llm_r0_0,80
llm_iterative,shock,0,180,2,6,21.0,0,21,20,20,llm_r0_0,80
llm_iterative,shock,0,181,0,6,10.0,0,10,6,6,llm_r0_0,80
llm_iterative,shock,0,181,1,6,12.0,0,12,15,9,llm_r0_0,80
llm_iterative,shock,0,181,2,6,29.0,0,29,20,20,llm_r0_0,80
llm_iterative,shock,0,182,0,6,15.0,0,15,10,10,llm_r0_0,80
llm_iterative,shock,0,182,1,6,21.0,0,21,15,9,llm_r0_0,80
llm_iterative,shock,0,182,2,6,18.0,0,18,20,20,llm_r0_0,80
llm_iterative,shock,0,183,0,7,21.0,0,21,10,10,llm_r0_0,80
llm_iterative,shock,0,183,1,7,28.0,0,28,15,9,llm_r0_0,80
llm_iterative,shock,0,183,2,7,24.0,0,24,0,0,llm_r0_0,80
llm_iterative,shock,0,184,0,7,13.0,0,13,10,10,llm_r0_0,80
llm_iterative,shock,0,184,1,7,38.0,0,38,18,12,llm_r0_0,80
llm_iterative,shock,0,184,2,7,16.0,0,16,16,16,llm_r0_0,80
llm_iterative,shock,0,185,0,6,8.0,0,8,19,19,llm_r0_0,80
llm_iterative,shock,0,185,1,6,56.0,0,56,18,12,llm_r0_0,80
llm_iterative,shock,0,185,2,6,8.0,0,8,20,20,llm_r0_0,80
llm_iterative,shock,0,186,0,7,14.0,0,14,19,19,llm_r0_0,80
llm_iterative,shock,0,186,1,7,55.0,0,55,18,12,llm_r0_0,80
llm_iterative,shock,0,186,2,7,-0.0,0,0,20,20,llm_r0_0,80
llm_iterative,shock,0,187,0,6,17.0,0,17,10,10,llm_r0_0,80
llm_iterative,shock,0,187,1,6,62.0,0,62,18,12,llm_r0_0,80
llm_iterative,shock,0,187,2,6,12.0,0,12,16,16,llm_r0_0,80
llm_iterative,shock,0,188,0,6,23.0,0,23,19,19,llm_r0_0,80
llm_iterative,shock,0,188,1,6,61.0,0,61,18,12,llm_r0_0,80
llm_iterative,shock,0,188,2,6,8.0,0,8,0,0,llm_r0_0,80
llm_iterative,shock,0,189,0,6,28.0,0,28,10,10,llm_r0_0,80
llm_iterative,shock,0,189,1,6,51.0,0,51,18,12,llm_r0_0,80
llm_iterative,shock,0,189,2,6,-0.0,0,0,16,16,llm_r0_0,80
llm_iterative,shock,0,190,0,5,13.0,0,13,6,6,zero,80
llm_iterative,shock,0,190,1,5,37.0,0,37,18,18,zero,80
llm_iterative,shock,0,190,2,5,2.0,2,0,16,16,zero,80
llm_iterative,shock,0,191,0,5,15.0,0,15,0,0,zero,80
llm_iterative,shock,0,191,1,5,37.0,0,37,18,18,zero,80
llm_iterative,shock,0,191,2,5,-0.0,0,0,20,20,zero,80
llm_iterative,shock,0,192,0,5,-0.0,0,0,6,6,zero,80
llm_iterative,shock,0,192,1,5,27.0,0,27,0,0,zero,80
llm_iterative,shock,0,192,2,5,-0.0,0,0,20,20,zero,80
llm_iterative,shock,0,193,0,5,15.0,15,0,0,0,zero,80
llm_iterative,shock,0,193,1,5,7.0,0,7,0,0,zero,80
llm_iterative,shock,0,193,2,5,16.0,16,0,0,0,zero,80
llm_iterative,shock,0,194,0,4,31.0,31,0,0,0,zero,80
llm_iterative,shock,0,194,1,4,11.0,11,0,0,0,zero,80
llm_iterative,shock,0,194,2,4,32.0,32,0,0,0,zero,80
llm_iterative,shock,0,195,0,4,27.0,27,0,0,0,zero,80
llm_iterative,shock,0,195,1,4,29.0,29,0,0,0,zero,80
llm_iterative,shock,0,195,2,4,52.0,52,0,0,0,zero,80
llm_iterative,shock,0,196,0,4,39.0,39,0,0,0,zero,80
llm_iterative,shock,0,196,1,4,29.0,29,0,0,0,zero,80
llm_iterative,shock,0,196,2,4,72.0,72,0,0,0,zero,80
llm_iterative,shock,0,197,0,4,55.0,55,0,0,0,zero,80
llm_iterative,shock,0,197,1,4,29.0,29,0,0,0,zero,80
llm_iterative,shock,0,197,2,4,72.0,72,0,0,0,zero,80
llm_iterative,shock,0,198,0,4,58.0,58,0,0,0,zero,80
llm_iterative,shock,0,198,1,4,29.0,29,0,0,0,zero,80
llm_iterative,shock,0,198,2,4,72.0,72,0,0,0,zero,80
llm_iterative,shock,0,199,0,4,54.0,54,0,0,0,zero,80
llm_iterative,shock,0,199,1,4,29.0,29,0,0,0,zero,80
llm_iterative,shock,0,199,2,4,72.0,72,0,0,0,zero,80
llm_iterative,shock,0,200,0,5,49.0,49,0,0,0,zero,80
llm_iterative,shock,0,200,1,5,29.0,29,0,0,0,zero,80
llm_iterative,shock,0,200,2,5,72.0,72,0,0,0,zero,80
llm_iterative,shock,1,1,0,10,10.0,10,0,10,10,zero,
llm_iterative,shock,1,1,1,10,10.0,10,0,15,15,zero,
llm_iterative,shock,1,1,2,10,5.0,5,0,0,0,zero,
llm_iterative,shock,1,2,0,11,9.0,9,0,10,10,zero,
llm_iterative,shock,1,2,1,11,10.0,10,0,1,1,zero,
llm_iterative,shock,1,2,2,11,14.0,14,0,20,20,zero,
llm_iterative,shock,1,3,0,9,10.0,10,0,19,19,zero,
llm_iterative,shock,1,3,1,9,1.0,1,0,15,15,zero,
llm_iterative,shock,1,3,2,9,9.0,9,0,3,3,zero,
llm_iterative,shock,1,4,0,10,10.0,10,0,6,6,zero,
llm_iterative,shock,1,4,1,10,5.0,5,0,15,15,zero,
llm_iterative,shock,1,4,2,10,4.0,4,0,20,20,zero,
llm_iterative,shock,1,5,0,11,9.0,9,0,6,6,zero,
llm_iterative,shock,1,5,1,11,14.0,14,0,15,15,zero,
llm_iterative,shock,1,5,2,11,11.0,0,11,20,20,zero,
llm_iterative,shock,1,6,0,10,9.0,9,0,6,6,zero,
llm_iterative,shock,1,6,1,10,9.0,9,0,3,3,zero,
llm_iterative,shock,1,6,2,10,6.0,6,0,20,20,zero,
llm_iterative,shock,1,7,0,9,19.0,19,0,10,10,zero,
llm_iterative,shock,1,7,1,9,14.0,14,0,0,0,zero,
llm_iterative,shock,1,7,2,9,9.0,9,0,0,0,zero,
llm_iterative,shock,1,8,0,10,15.0,15,0,6,6,zero,
llm_iterative,shock,1,8,1,10,23.0,23,0,1,1,zero,
llm_iterative,shock,1,8,2,10,28.0,28,0,0,0,zero,
llm_iterative,shock,1,9,0,11,10.0,10,0,9,9,zero,
llm_iterative,shock,1,9,1,11,18.0,18,0,1,1,zero,
llm_iterative,shock,1,9,2,11,47.0,47,0,0,0,zero,
llm_iterative,shock,1,10,0,11,5.0,5,0,19,19,zero,
llm_iterative,shock,1,10,1,11,13.0,13,0,15,15,zero,
llm_iterative,shock,1,10,2,11,52.0,52,0,0,0,zero,
llm_iterative,shock,1,11,0,10,5.0,5,0,9,9,zero,
llm_iterative,shock,1,11,1,10,4.0,4,0,15,15,zero,
llm_iterative,shock,1,11,2,10,37.0,37,0,0,0,zero,
llm_iterative,shock,1,12,0,10,1.0,1,0,9,9,zero,
llm_iterative,shock,1,12,1,10,4.0,0,4,15,15,zero,
llm_iterative,shock,1,12,2,10,22.0,22,0,20,20,zero,
llm_iterative,shock,1,13,0,10,-0.0,0,0,6,6,zero,
llm_iterative,shock,1,13,1,10,9.0,0,9,3,3,zero,
llm_iterative,shock,1,13,2,10,19.0,19,0,20,20,zero,
llm_iterative,shock,1,14,0,10,9.0,9,0,10,10,zero,
llm_iterative,shock,1,14,1,10,4.0,0,4,3,3,zero,
llm_iterative,shock,1,14,2,10,16.0,16,0,0,0,zero,
llm_iterative,shock,1,15,0,10,8.0,8,0,6,6,zero,
llm_iterative,shock,1,15,1,10,5.0,5,0,18,18,zero,
llm_iterative,shock,1,15,2,10,2.0,0,2,0,0,zero,
llm_iterative,shock,1,16,0,9,4.0,4,0,10,10,zero,
llm_iterative,shock,1,16,1,9,10.0,10,0,15,15,zero,
llm_iterative,shock,1,16,2,9,3.0,3,0,0,0,zero,
llm_iterative,shock,1,17,0,10,5.0,0,5,6,6,zero,
llm_iterative,shock,1,17,1,10,7.0,7,0,3,3,zero,
llm_iterative,shock,1,17,2,10,20.0,20,0,20,20,zero,
llm_iterative,shock,1,18,0,10,-0.0,0,0,10,10,zero,
llm_iterative,shock,1,18,1,10,-0.0,0,0,3,3,zero,
llm_iterative,shock,1,18,2,10,17.0,17,0,5,5,zero,
llm_iterative,shock,1,19,0,10,-0.0,0,0,10,10,zero,
llm_iterative,shock,1,19,1,10,6.0,6,0,15,15,zero,
llm_iterative,shock,1,19,2,10,2.0,2,0,0,0,zero,
llm_iterative,shock,1,20,0,11,1.0,0,1,19,19,zero,
llm_iterative,shock,1,20,1,11,4.0,4,0,15,15,zero,
llm_iterative,shock,1,20,2,11,13.0,0,13,0,0,zero,
llm_iterative,shock,1,21,0,12,7.0,0,7,9,9,zero,
llm_iterative,shock,1,21,1,12,2.0,0,2,18,18,zero,
llm_iterative,shock,1,21,2,12,11.0,0,11,20,20,zero,
llm_iterative,shock,1,22,0,13,10.0,0,10,19,19,zero,
llm_iterative,shock,1,22,1,13,18.0,0,18,15,15,zero,
llm_iterative,shock,1,22,2,13,21.0,0,21,20,20,zero,
llm_iterative,shock,1,23,0,13,13.0,0,13,10,10,zero,
llm_iterative,shock,1,23,1,13,13.0,0,13,18,18,zero,
llm_iterative,shock,1,23,2,13,39.0,0,39,20,20,zero,
llm_iterative,shock,1,24,0,15,9.0,0,9,10,10,zero,
llm_iterative,shock,1,24,1,15,21.0,0,21,18,18,zero,
llm_iterative,shock,1,24,2,15,57.0,0,57,20,20,zero,
llm_iterative,shock,1,25,0,14,16.0,0,16,19,19,zero,
llm_iterative,shock,1,25,1,14,20.0,0,20,15,15,zero,
llm_iterative,shock,1,25,2,14,52.0,0,52,20,20,zero,
llm_iterative,shock,1,26,0,13,26.0,0,26,10,10,zero,
llm_iterative,shock,1,26,1,13,25.0,0,25,18,18,zero,
llm_iterative,shock,1,26,2,13,50.0,0,50,20,20,zero,
llm_iterative,shock,1,27,0,13,24.0,0,24,19,19,zero,
llm_iterative,shock,1,27,1,13,44.0,0,44,18,18,zero,
llm_iterative,shock,1,27,2,13,48.0,0,48,20,20,zero,
llm_iterative,shock,1,28,0,13,35.0,0,35,19,19,zero,
llm_iterative,shock,1,28,1,13,63.0,0,63,18,18,zero,
llm_iterative,shock,1,28,2,13,46.0,0,46,20,20,zero,
llm_iterative,shock,1,29,0,13,28.0,0,28,19,19,zero,
llm_iterative,shock,1,29,1,13,62.0,0,62,18,18,zero,
llm_iterative,shock,1,29,2,13,44.0,0,44,20,20,zero,
llm_iterative,shock,1,30,0,14,37.0,0,37,10,10,zero,
llm_iterative,shock,1,30,1,14,52.0,0,52,18,18,zero,
llm_iterative,shock,1,30,2,14,42.0,0,42,20,20,zero,
llm_iterative,shock,1,31,0,15,52.0,0,52,17,17,zero,
llm_iterative,shock,1,31,1,15,49.0,0,49,18,18,zero,
llm_iterative,shock,1,31,2,15,40.0,0,40,20,20,zero,
llm_iterative,shock,1,32,0,14,66.0,0,66,17,17,zero,
llm_iterative,shock,1,32,1,14,46.0,0,46,18,18,zero,
llm_iterative,shock,1,32,2,14,38.0,0,38,20,20,zero,
llm_iterative,shock,1,33,0,14,60.0,0,60,17,17,zero,
llm_iterative,shock,1,33,1,14,43.0,0,43,18,18,zero,
llm_iterative,shock,1,33,2,14,36.0,0,36,20,20,zero,
llm_iterative,shock,1,34,0,15,55.0,0,55,10,10,zero,
llm_iterative,shock,1,34,1,15,33.0,0,33,18,18,zero,
llm_iterative,shock,1,34,2,15,34.0,0,34,20,20,zero,
llm_iterative,shock,1,35,0,16,51.0,0,51,10,10,zero,
llm_iterative,shock,1,35,1,16,23.0,0,23,0,0,zero,
llm_iterative,shock,1,35,2,16,14.0,0,14,20,20,zero,
llm_iterative,shock,1,36,0,15,46.0,0,46,10,10,zero,
llm_iterative,shock,1,36,1,15,13.0,0,13,0,0,zero,
llm_iterative,shock,1,36,2,15,6.0,6,0,0,0,zero,
llm_iterative,shock,1,37,0,15,41.0,0,41,10,10,zero,
llm_iterative,shock,1,37,1,15,3.0,0,3,18,18,zero,
llm_iterative,shock,1,37,2,15,8.0,8,0,0,0,zero,
llm_iterative,shock,1,38,0,14,35.0,0,35,10,10,zero,
llm_iterative,shock,1,38,1,14,7.0,7,0,18,18,zero,
llm_iterative,shock,1,38,2,14,10.0,10,0,16,16,zero,
llm_iterative,shock,1,39,0,14,29.0,0,29,10,10,zero,
llm_iterative,shock,1,39,1,14,17.0,17,0,18,18,zero,
llm_iterative,shock,1,39,2,14,12.0,12,0,20,20,zero,
llm_iterative,shock,1,40,0,14,23.0,0,23,10,10,zero,
llm_iterative,shock,1,40,1,14,21.0,21,0,0,0,zero,
llm_iterative,shock,1,40,2,14,12.0,12,0,20,20,zero,
llm_iterative,shock,1,41,0,13,16.0,0,16,19,19,zero,
llm_iterative,shock,1,41,1,13,20.0,20,0,12,12,zero,
llm_iterative,shock,1,41,2,13,-0.0,0,0,3,3,zero,
llm_iterative,shock,1,42,0,13,16.0,0,16,10,10,zero,
llm_iterative,shock,1,42,1,13,28.0,28,0,18,18,zero,
llm_iterative,shock,1,42,2,13,2.0,0,2,0,0,zero,
llm_iterative,shock,1,43,0,13,19.0,0,19,19,19,zero,
llm_iterative,shock,1,43,1,13,27.0,27,0,15,15,zero,
llm_iterative,shock,1,43,2,13,3.0,3,0,20,20,zero,
llm_iterative,shock,1,44,0,13,22.0,0,22,10,10,zero,
llm_iterative,shock,1,44,1,13,17.0,17,0,18,18,zero,
llm_iterative,shock,1,44,2,13,5.0,5,0,20,20,zero,
llm_iterative,shock,1,45,0,15,18.0,0,18,19,19,zero,
llm_iterative,shock,1,45,1,15,10.0,10,0,3,3,zero,
llm_iterative,shock,1,45,2,15,5.0,5,0,20,20,zero,
llm_iterative,shock,1,46,0,15,23.0,0,23,19,19,zero,
llm_iterative,shock,1,46,1,15,7.0,7,0,15,15,zero,
llm_iterative,shock,1,46,2,15,10.0,0,10,0,0,zero,
llm_iterative,shock,1,47,0,14,18.0,0,18,19,19,zero,
llm_iterative,shock,1,47,1,14,5.0,5,0,15,15,zero,
llm_iterative,shock,1,47,2,14,5.0,0,5,0,0,zero,
llm_iterative,shock,1,48,0,14,22.0,0,22,19,19,zero,
llm_iterative,shock,1,48,1,14,4.0,4,0,15,15,zero,
llm_iterative,shock,1,48,2,14,-0.0,0,0,20,20,zero,
llm_iterative,shock,1,49,0,15,18.0,0,18,10,10,zero,
llm_iterative,shock,1,49,1,15,3.0,0,3,15,15,zero,
llm_iterative,shock,1,49,2,15,5.0,5,0,20,20,zero,
llm_iterative,shock,1,50,0,18,17.0,0,17,10,10,zero,
llm_iterative,shock,1,50,1,18,8.0,0,8,15,15,zero,
llm_iterative,shock,1,50,2,18,10.0,0,10,20,20,zero,
llm_iterative,shock,1,51,0,17,15.0,0,15,19,19,zero,
llm_iterative,shock,1,51,1,17,7.0,0,7,15,15,zero,
llm_iterative,shock,1,51,2,17,25.0,0,25,20,20,zero,
llm_iterative,shock,1,52,0,18,14.0,0,14,10,10,zero,
llm_iterative,shock,1,52,1,18,3.0,3,0,18,18,zero,
llm_iterative,shock,1,52,2,18,23.0,0,23,0,0,zero,
llm_iterative,shock,1,53,0,18,25.0,0,25,19,19,zero,
llm_iterative,shock,1,53,1,18,1.0,0,1,15,15,zero,
llm_iterative,shock,1,53,2,18,18.0,0,18,20,20,zero,
llm_iterative,shock,1,54,0,18,38.0,0,38,19,19,zero,
llm_iterative,shock,1,54,1,18,15.0,0,15,18,18,zero,
llm_iterative,shock,1,54,2,18,16.0,0,16,20,20,zero,
llm_iterative,shock,1,55,0,20,38.0,0,38,19,19,zero,
llm_iterative,shock,1,55,1,20,34.0,0,34,18,18,zero,
llm_iterative,shock,1,55,2,20,14.0,0,14,20,20,zero,
llm_iterative,shock,1,56,0,20,41.0,0,41,19,19,zero,
llm_iterative,shock,1,56,1,20,33.0,0,33,18,18,zero,
llm_iterative,shock,1,56,2,20,32.0,0,32,20,20,zero,
llm_iterative,shock,1,57,0,18,41.0,0,41,19,19,zero,
llm_iterative,shock,1,57,1,18,32.0,0,32,18,18,zero,
llm_iterative,shock,1,57,2,18,30.0,0,30,20,20,zero,
llm_iterative,shock,1,58,0,17,53.0,0,53,19,19,zero,
llm_iterative,shock,1,58,1,17,31.0,0,31,18,18,zero,
llm_iterative,shock,1,58,2,17,28.0,0,28,20,20,zero,
llm_iterative,shock,1,59,0,16,69.0,0,69,17,17,zero,
llm_iterative,shock,1,59,1,16,28.0,0,28,18,18,zero,
llm_iterative,shock,1,59,2,16,26.0,0,26,20,20,zero,
llm_iterative,shock,1,60,0,16,65.0,0,65,17,17,zero,
llm_iterative,shock,1,60,1,16,45.0,0,45,18,18,zero,
llm_iterative,shock,1,60,2,16,24.0,0,24,20,20,zero,
llm_iterative,shock,1,61,0,18,63.0,0,63,17,17,zero,
llm_iterative,shock,1,61,1,18,42.0,0,42,18,18,zero,
llm_iterative,shock,1,61,2,18,22.0,0,22,20,20,zero,
llm_iterative,shock,1,62,0,17,60.0,0,60,17,17,zero,
llm_iterative,shock,1,62,1,17,39.0,0,39,18,18,zero,
llm_iterative,shock,1,62,2,17,20.0,0,20,20,20,zero,
llm_iterative,shock,1,63,0,18,58.0,0,58,17,17,zero,
llm_iterative,shock,1,63,1,18,36.0,0,36,18,18,zero,
llm_iterative,shock,1,63,2,18,18.0,0,18,20,20,zero,
llm_iterative,shock,1,64,0,17,75.0,0,75,17,17,zero,
llm_iterative,shock,1,64,1,17,33.0,0,33,18,18,zero,
llm_iterative,shock,1,64,2,17,16.0,0,16,20,20,zero,
llm_iterative,shock,1,65,0,18,73.0,0,73,17,17,zero,
llm_iterative,shock,1,65,1,18,30.0,0,30,18,18,zero,
llm_iterative,shock,1,65,2,18,14.0,0,14,20,20,zero,
llm_iterative,shock,1,66,0,20,73.0,0,73,17,17,zero,
llm_iterative,shock,1,66,1,20,27.0,0,27,18,18,zero,
llm_iterative,shock,1,66,2,20,12.0,0,12,16,16,zero,
llm_iterative,shock,1,67,0,18,71.0,0,71,17,17,zero,
llm_iterative,shock,1,67,1,18,24.0,0,24,18,18,zero,
llm_iterative,shock,1,67,2,18,10.0,0,10,20,20,zero,
llm_iterative,shock,1,68,0,17,68.0,0,68,17,17,zero,
llm_iterative,shock,1,68,1,17,21.0,0,21,18,18,zero,
llm_iterative,shock,1,68,2,17,8.0,0,8,20,20,zero,
llm_iterative,shock,1,69,0,16,64.0,0,64,17,17,zero,
llm_iterative,shock,1,69,1,16,18.0,0,18,18,18,zero,
llm_iterative,shock,1,69,2,16,6.0,0,6,20,20,zero,
llm_iterative,shock,1,70,0,15,59.0,0,59,17,17,zero,
llm_iterative,shock,1,70,1,15,15.0,0,15,18,18,zero,
llm_iterative,shock,1,70,2,15,8.0,0,8,20,20,zero,
llm_iterative,shock,1,71,0,17,56.0,0,56,10,10,zero,
llm_iterative,shock,1,71,1,17,5.0,0,5,18,18,zero,
llm_iterative,shock,1,71,2,17,6.0,0,6,16,16,zero,
llm_iterative,shock,1,72,0,14,50.0,0,50,10,10,zero,
llm_iterative,shock,1,72,1,14,5.0,5,0,18,18,zero,
llm_iterative,shock,1,72,2,14,4.0,0,4,16,16,zero,
llm_iterative,shock,1,73,0,16,46.0,0,46,10,10,zero,
llm_iterative,shock,1,73,1,16,15.0,15,0,3,3,zero,
llm_iterative,shock,1,73,2,16,13.0,13,0,20,20,zero,
llm_iterative,shock,1,74,0,16,42.0,0,42,19,19,zero,
llm_iterative,shock,1,74,1,16,12.0,12,0,3,3,zero,
llm_iterative,shock,1,74,2,16,30.0,30,0,1,1,zero,
llm_iterative,shock,1,75,0,15,37.0,0,37,10,10,zero,
llm_iterative,shock,1,75,1,15,22.0,22,0,18,18,zero,
llm_iterative,shock,1,75,2,15,28.0,28,0,0,0,zero,
llm_iterative,shock,1,76,0,15,37.0,0,37,19,19,zero,
llm_iterative,shock,1,76,1,15,23.0,23,0,18,18,zero,
llm_iterative,shock,1,76,2,15,26.0,26,0,16,16,zero,
llm_iterative,shock,1,77,0,15,42.0,0,42,19,19,zero,
llm_iterative,shock,1,77,1,15,11.0,11,0,18,18,zero,
llm_iterative,shock,1,77,2,15,28.0,28,0,20,20,zero,
llm_iterative,shock,1,78,0,13,36.0,0,36,19,19,zero,
llm_iterative,shock,1,78,1,13,5.0,0,5,18,18,zero,
llm_iterative,shock,1,78,2,13,11.0,11,0,20,20,zero,
llm_iterative,shock,1,79,0,14,40.0,0,40,19,19,zero,
llm_iterative,shock,1,79,1,14,6.0,0,6,18,18,zero,
llm_iterative,shock,1,79,2,14,7.0,0,7,20,20,zero,
llm_iterative,shock,1,80,0,15,36.0,0,36,10,10,zero,
llm_iterative,shock,1,80,1,15,2.0,2,0,18,18,zero,
llm_iterative,shock,1,80,2,15,9.0,0,9,20,20,zero,
llm_iterative,shock,1,81,0,18,35.0,0,35,10,10,zero,
llm_iterative,shock,1,81,1,18,10.0,10,0,18,18,zero,
llm_iterative,shock,1,81,2,18,7.0,0,7,16,16,zero,
llm_iterative,shock,1,82,0,17,38.0,0,38,19,19,zero,
llm_iterative,shock,1,82,1,17,9.0,9,0,3,3,zero,
llm_iterative,shock,1,82,2,17,10.0,10,0,16,16,zero,
llm_iterative,shock,1,83,0,17,37.0,0,37,19,19,zero,
llm_iterative,shock,1,83,1,17,1.0,1,0,18,18,zero,
llm_iterative,shock,1,83,2,17,12.0,12,0,0,0,zero,
llm_iterative,shock,1,84,0,19,40.0,0,40,19,19,zero,
llm_iterative,shock,1,84,1,19,2.0,0,2,18,18,zero,
llm_iterative,shock,1,84,2,19,14.0,14,0,16,16,zero,
llm_iterative,shock,1,85,0,19,49.0,0,49,19,19,zero,
llm_iterative,shock,1,85,1,19,1.0,0,1,18,18,zero,
llm_iterative,shock,1,85,2,19,12.0,12,0,20,20,zero,
llm_iterative,shock,1,86,0,16,46.0,0,46,19,19,zero,
llm_iterative,shock,1,86,1,16,10.0,0,10,18,18,zero,
llm_iterative,shock,1,86,2,16,10.0,10,0,20,20,zero,
llm_iterative,shock,1,87,0,16,43.0,0,43,19,19,zero,
llm_iterative,shock,1,87,1,16,11.0,0,11,18,18,zero,
llm_iterative,shock,1,87,2,16,8.0,0,8,20,20,zero,
llm_iterative,shock,1,88,0,17,43.0,0,43,10,10,zero,
llm_iterative,shock,1,88,1,17,3.0,0,3,18,18,zero,
llm_iterative,shock,1,88,2,17,10.0,0,10,20,20,zero,
llm_iterative,shock,1,89,0,20,43.0,0,43,19,19,zero,
llm_iterative,shock,1,89,1,20,4.0,0,4,18,18,zero,
llm_iterative,shock,1,89,2,20,8.0,0,8,16,16,zero,
llm_iterative,shock,1,90,0,20,53.0,0,53,19,19,zero,
llm_iterative,shock,1,90,1,20,5.0,0,5,18,18,zero,
llm_iterative,shock,1,90,2,20,6.0,0,6,16,16,zero,
llm_iterative,shock,1,91,0,20,55.0,0,55,19,19,zero,91
llm_iterative,shock,1,91,1,20,14.0,0,14,18,18,zero,91
llm_iterative,shock,1,91,2,20,4.0,0,4,20,20,zero,91
llm_iterative,shock,1,92,0,20,57.0,0,57,17,17,zero,91
llm_iterative,shock,1,92,1,20,15.0,0,15,18,18,zero,91
llm_iterative,shock,1,92,2,20,2.0,0,2,20,20,zero,91
llm_iterative,shock,1,93,0,20,59.0,0,59,17,17,zero,91
llm_iterative,shock,1,93,1,20,12.0,0,12,18,18,zero,91
llm_iterative,shock,1,93,2,20,4.0,0,4,20,20,zero,91
llm_iterative,shock,1,94,0,20,61.0,0,61,17,17,zero,91
llm_iterative,shock,1,94,1,20,9.0,0,9,18,18,zero,91
llm_iterative,shock,1,94,2,20,6.0,0,6,16,16,zero,91
llm_iterative,shock,1,95,0,20,71.0,0,71,17,17,zero,91
llm_iterative,shock,1,95,1,20,6.0,0,6,18,18,zero,91
llm_iterative,shock,1,95,2,20,4.0,0,4,16,16,zero,91
llm_iterative,shock,1,96,0,20,75.0,0,75,17,17,zero,91
llm_iterative,shock,1,96,1,20,3.0,0,3,18,18,zero,91
llm_iterative,shock,1,96,2,20,2.0,0,2,20,20,zero,91
llm_iterative,shock,1,97,0,20,75.0,0,75,17,17,zero,91
llm_iterative,shock,1,97,1,20,4.0,0,4,18,18,zero,91
llm_iterative,shock,1,97,2,20,-0.0,0,0,20,20,zero,91
llm_iterative,shock,1,98,0,20,75.0,0,75,17,17,zero,91
llm_iterative,shock,1,98,1,20,5.0,0,5,18,18,zero,91
llm_iterative,shock,1,98,2,20,2.0,0,2,16,16,zero,91
llm_iterative,shock,1,99,0,20,75.0,0,75,17,17,zero,91
llm_iterative,shock,1,99,1,20,2.0,0,2,18,18,zero,91
llm_iterative,shock,1,99,2,20,4.0,0,4,16,16,zero,91
llm_iterative,shock,1,100,0,20,75.0,0,75,17,17,zero,91
llm_iterative,shock,1,100,1,20,1.0,1,0,18,18,zero,91
llm_iterative,shock,1,100,2,20,2.0,0,2,20,20,zero,91
llm_iterative,shock,1,101,0,20,79.0,0,79,17,17,zero,91
llm_iterative,shock,1,101,1,20,4.0,4,0,18,18,zero,91
llm_iterative,shock,1,101,2,20,-0.0,0,0,20,20,zero,91
llm_iterative,shock,1,102,0,20,83.0,0,83,17,17,zero,91
llm_iterative,shock,1,102,1,20,3.0,3,0,18,18,zero,91
llm_iterative,shock,1,102,2,20,2.0,0,2,16,16,zero,91
llm_iterative,shock,1,103,0,20,83.0,0,83,17,17,zero,91
llm_iterative,shock,1,103,1,20,2.0,2,0,18,18,zero,91
llm_iterative,shock,1,103,2,20,4.0,0,4,16,16,zero,91
llm_iterative,shock,1,104,0,20,84.0,0,84,17,17,zero,91
llm_iterative,shock,1,104,1,20,5.0,5,0,18,18,zero,91
llm_iterative,shock,1,104,2,20,2.0,0,2,20,20,zero,91
llm_iterative,shock,1,105,0,20,87.0,0,87,17,17,zero,91
llm_iterative,shock,1,105,1,20,8.0,8,0,18,18,zero,91
llm_iterative,shock,1,105,2,20,-0.0,0,0,20,20,zero,91
llm_iterative,shock,1,106,0,18,88.0,0,88,17,17,zero,91
llm_iterative,shock,1,106,1,18,7.0,7,0,18,18,zero,91
llm_iterative,shock,1,106,2,18,2.0,0,2,16,16,zero,91
llm_iterative,shock,1,107,0,17,88.0,0,88,17,17,zero,91
llm_iterative,shock,1,107,1,17,6.0,6,0,18,18,zero,91
llm_iterative,shock,1,107,2,17,4.0,0,4,16,16,zero,91
llm_iterative,shock,1,108,0,15,86.0,0,86,17,17,zero,91
llm_iterative,shock,1,108,1,15,9.0,9,0,18,18,zero,91
llm_iterative,shock,1,108,2,15,2.0,0,2,20,20,zero,91
llm_iterative,shock,1,109,0,15,84.0,0,84,17,17,zero,91
llm_iterative,shock,1,109,1,15,12.0,12,0,18,18,zero,91
llm_iterative,shock,1,109,2,15,-0.0,0,0,20,20,zero,91
llm_iterative,shock,1,110,0,15,82.0,0,82,17,17,zero,91
llm_iterative,shock,1,110,1,15,11.0,11,0,18,18,zero,91
llm_iterative,shock,1,110,2,15,2.0,0,2,16,16,zero,91
llm_iterative,shock,1,111,0,17,82.0,0,82,17,17,zero,91
llm_iterative,shock,1,111,1,17,10.0,10,0,18,18,zero,91
llm_iterative,shock,1,111,2,17,4.0,0,4,16,16,zero,91
llm_iterative,shock,1,112,0,15,80.0,0,80,17,17,zero,91
llm_iterative,shock,1,112,1,15,13.0,13,0,18,18,zero,91
llm_iterative,shock,1,112,2,15,2.0,0,2,20,20,zero,91
llm_iterative,shock,1,113,0,14,77.0,0,77,17,17,zero,91
llm_iterative,shock,1,113,1,14,16.0,16,0,18,18,zero,91
llm_iterative,shock,1,113,2,14,-0.0,0,0,20,20,zero,91
llm_iterative,shock,1,114,0,9,69.0,0,69,17,17,zero,91
llm_iterative,shock,1,114,1,9,15.0,15,0,15,15,zero,91
llm_iterative,shock,1,114,2,9,1.0,1,0,16,16,zero,91
llm_iterative,shock,1,115,0,9,61.0,0,61,17,17,zero,91
llm_iterative,shock,1,115,1,9,14.0,14,0,15,15,zero,91
llm_iterative,shock,1,115,2,9,2.0,2,0,16,16,zero,91
llm_iterative,shock,1,116,0,9,53.0,0,53,17,17,zero,91
llm_iterative,shock,1,116,1,9,17.0,17,0,15,15,zero,91
llm_iterative,shock,1,116,2,9,7.0,7,0,16,16,zero,91
llm_iterative,shock,1,117,0,9,45.0,0,45,16,16,zero,91
llm_iterative,shock,1,117,1,9,21.0,21,0,15,15,zero,91
llm_iterative,shock,1,117,2,9,12.0,12,0,0,0,zero,91
llm_iterative,shock,1,118,0,11,39.0,0,39,6,6,zero,91
llm_iterative,shock,1,118,1,11,30.0,30,0,15,15,zero,91
llm_iterative,shock,1,118,2,11,13.0,13,0,16,16,zero,91
llm_iterative,shock,1,119,0,11,33.0,0,33,10,10,zero,91
llm_iterative,shock,1,119,1,11,35.0,35,0,3,3,zero,91
llm_iterative,shock,1,119,2,11,26.0,26,0,20,20,zero,91
llm_iterative,shock,1,120,0,11,27.0,0,27,10,10,zero,91
llm_iterative,shock,1,120,1,11,40.0,40,0,3,3,zero,91
llm_iterative,shock,1,120,2,11,39.0,39,0,0,0,zero,91
llm_iterative,shock,1,121,0,12,23.0,0,23,10,10,zero,91
llm_iterative,shock,1,121,1,12,45.0,45,0,3,3,zero,91
llm_iterative,shock,1,121,2,12,36.0,36,0,0,0,zero,91
llm_iterative,shock,1,122,0,12,29.0,0,29,19,19,zero,91
llm_iterative,shock,1,122,1,12,41.0,41,0,15,15,zero,91
llm_iterative,shock,1,122,2,12,37.0,37,0,0,0,zero,91
llm_iterative,shock,1,123,0,12,31.0,0,31,10,10,zero,91
llm_iterative,shock,1,123,1,12,34.0,34,0,15,15,zero,91
llm_iterative,shock,1,123,2,12,42.0,42,0,0,0,zero,91
llm_iterative,shock,1,124,0,11,32.0,0,32,19,19,zero,91
llm_iterative,shock,1,124,1,11,18.0,18,0,15,15,zero,91
llm_iterative,shock,1,124,2,11,27.0,27,0,16,16,zero,91
llm_iterative,shock,1,125,0,11,33.0,0,33,10,10,zero,91
llm_iterative,shock,1,125,1,11,11.0,11,0,15,15,zero,91
llm_iterative,shock,1,125,2,11,12.0,12,0,20,20,zero,91
llm_iterative,shock,1,126,0,11,25.0,0,25,10,10,zero,91
llm_iterative,shock,1,126,1,11,16.0,16,0,3,3,zero,91
llm_iterative,shock,1,126,2,11,9.0,9,0,20,20,zero,91
llm_iterative,shock,1,127,0,13,28.0,0,28,10,10,zero,91
llm_iterative,shock,1,127,1,13,21.0,21,0,3,3,zero,91
llm_iterative,shock,1,127,2,13,6.0,6,0,0,0,zero,91
llm_iterative,shock,1,128,0,10,19.0,0,19,10,10,zero,91
llm_iterative,shock,1,128,1,10,26.0,26,0,15,15,zero,91
llm_iterative,shock,1,128,2,10,7.0,7,0,0,0,zero,91
llm_iterative,shock,1,129,0,9,18.0,0,18,19,19,zero,91
llm_iterative,shock,1,129,1,9,22.0,22,0,3,3,zero,91
llm_iterative,shock,1,129,2,9,24.0,24,0,0,0,zero,91
llm_iterative,shock,1,130,0,9,17.0,0,17,6,6,zero,91
llm_iterative,shock,1,130,1,9,19.0,19,0,15,15,zero,91
llm_iterative,shock,1,130,2,9,29.0,29,0,0,0,zero,91
llm_iterative,shock,1,131,0,8,15.0,0,15,19,19,zero,91
llm_iterative,shock,1,131,1,8,3.0,3,0,3,3,zero,91
llm_iterative,shock,1,131,2,8,26.0,26,0,20,20,zero,91
llm_iterative,shock,1,132,0,9,14.0,0,14,6,6,zero,91
llm_iterative,shock,1,132,1,9,12.0,12,0,15,15,zero,91
llm_iterative,shock,1,132,2,9,11.0,11,0,3,3,zero,91
llm_iterative,shock,1,133,0,8,3.0,0,3,10,10,zero,91
llm_iterative,shock,1,133,1,8,5.0,5,0,3,3,zero,91
llm_iterative,shock,1,133,2,8,8.0,8,0,20,20,zero,91
llm_iterative,shock,1,134,0,7,4.0,0,4,6,6,zero,91
llm_iterative,shock,1,134,1,7,14.0,14,0,15,15,zero,91
llm_iterative,shock,1,134,2,7,7.0,0,7,3,3,zero,91
llm_iterative,shock,1,135,0,6,9.0,9,0,6,6,zero,91
llm_iterative,shock,1,135,1,6,11.0,11,0,3,3,zero,91
llm_iterative,shock,1,135,2,6,10.0,10,0,20,20,zero,91
llm_iterative,shock,1,136,0,7,8.0,8,0,6,6,zero,91
llm_iterative,shock,1,136,1,7,20.0,20,0,1,1,zero,91
llm_iterative,shock,1,136,2,7,12.0,12,0,3,3,zero,91
llm_iterative,shock,1,137,0,7,11.0,11,0,6,6,zero,91
llm_iterative,shock,1,137,1,7,17.0,17,0,1,1,zero,91
llm_iterative,shock,1,137,2,7,31.0,31,0,0,0,zero,91
llm_iterative,shock,1,138,0,7,10.0,10,0,10,10,zero,91
llm_iterative,shock,1,138,1,7,15.0,15,0,15,15,zero,91
llm_iterative,shock,1,138,2,7,19.0,19,0,0,0,zero,91
llm_iterative,shock,1,139,0,7,9.0,9,0,6,6,zero,91
llm_iterative,shock,1,139,1,7,19.0,19,0,15,15,zero,91
llm_iterative,shock,1,139,2,7,24.0,24,0,0,0,zero,91
llm_iterative,shock,1,140,0,7,8.0,8,0,9,9,zero,91
llm_iterative,shock,1,140,1,7,11.0,11,0,1,1,zero,91
llm_iterative,shock,1,140,2,7,26.0,26,0,20,20,zero,91
llm_iterative,shock,1,141,0,7,7.0,7,0,2,2,zero,91
llm_iterative,shock,1,141,1,7,10.0,10,0,1,1,zero,91
llm_iterative,shock,1,141,2,7,25.0,25,0,0,0,zero,91
llm_iterative,shock,1,142,0,7,10.0,10,0,10,10,zero,91
llm_iterative,shock,1,142,1,7,15.0,15,0,1,1,zero,91
llm_iterative,shock,1,142,2,7,24.0,24,0,0,0,zero,91
llm_iterative,shock,1,143,0,7,9.0,9,0,6,6,zero,91
llm_iterative,shock,1,143,1,7,24.0,24,0,15,15,zero,91
llm_iterative,shock,1,143,2,7,9.0,9,0,0,0,zero,91
llm_iterative,shock,1,144,0,7,11.0,11,0,9,9,zero,91
llm_iterative,shock,1,144,1,7,16.0,16,0,1,1,zero,91
llm_iterative,shock,1,144,2,7,28.0,28,0,0,0,zero,91
llm_iterative,shock,1,145,0,7,6.0,6,0,2,2,zero,91
llm_iterative,shock,1,145,1,7,15.0,15,0,15,15,zero,91
llm_iterative,shock,1,145,2,7,13.0,13,0,0,0,zero,91
llm_iterative,shock,1,146,0,7,9.0,9,0,10,10,zero,91
llm_iterative,shock,1,146,1,7,6.0,6,0,1,1,zero,91
llm_iterative,shock,1,146,2,7,12.0,12,0,20,20,zero,91
llm_iterative,shock,1,147,0,7,8.0,8,0,2,2,zero,91
llm_iterative,shock,1,147,1,7,19.0,19,0,15,15,zero,91
llm_iterative,shock,1,147,2,7,3.0,0,3,3,3,zero,91
llm_iterative,shock,1,148,0,8,9.0,9,0,9,9,zero,91
llm_iterative,shock,1,148,1,8,11.0,11,0,1,1,zero,91
llm_iterative,shock,1,148,2,8,4.0,0,4,20,20,zero,91
llm_iterative,shock,1,149,0,8,3.0,3,0,9,9,zero,91
llm_iterative,shock,1,149,1,8,17.0,17,0,1,1,zero,91
llm_iterative,shock,1,149,2,8,5.0,0,5,20,20,zero,91
llm_iterative,shock,1,150,0,7,6.0,6,0,9,9,zero,91
llm_iterative,shock,1,150,1,7,9.0,9,0,15,15,zero,91
llm_iterative,shock,1,150,2,7,-0.0,0,0,0,0,zero,91
llm_iterative,shock,1,151,0,7,1.0,1,0,2,2,zero,91
llm_iterative,shock,1,151,1,7,19.0,19,0,3,3,zero,91
llm_iterative,shock,1,151,2,7,-0.0,0,0,0,0,zero,91
llm_iterative,shock,1,152,0,8,2.0,2,0,6,6,zero,91
llm_iterative,shock,1,152,1,8,13.0,13,0,1,1,zero,91
llm_iterative,shock,1,152,2,8,19.0,19,0,0,0,zero,91
llm_iterative,shock,1,153,0,8,3.0,3,0,10,10,zero,91
llm_iterative,shock,1,153,1,8,3.0,3,0,1,1,zero,91
llm_iterative,shock,1,153,2,8,38.0,38,0,0,0,zero,91
llm_iterative,shock,1,154,0,7,5.0,5,0,9,9,zero,91
llm_iterative,shock,1,154,1,7,14.0,14,0,15,15,zero,91
llm_iterative,shock,1,154,2,7,23.0,23,0,0,0,zero,91
llm_iterative,shock,1,155,0,8,1.0,0,1,6,6,zero,91
llm_iterative,shock,1,155,1,8,11.0,11,0,1,1,zero,91
llm_iterative,shock,1,155,2,8,22.0,22,0,16,16,zero,91
llm_iterative,shock,1,156,0,8,3.0,0,3,6,6,zero,91
llm_iterative,shock,1,156,1,8,6.0,6,0,15,15,zero,91
llm_iterative,shock,1,156,2,8,7.0,7,0,0,0,zero,91
llm_iterative,shock,1,157,0,7,-0.0,0,0,10,10,zero,91
llm_iterative,shock,1,157,1,7,3.0,0,3,1,1,zero,91
llm_iterative,shock,1,157,2,7,6.0,6,0,20,20,zero,91
llm_iterative,shock,1,158,0,7,2.0,2,0,10,10,zero,91
llm_iterative,shock,1,158,1,7,2.0,2,0,15,15,zero,91
llm_iterative,shock,1,158,2,7,9.0,0,9,3,3,zero,91
llm_iterative,shock,1,159,0,7,1.0,1,0,6,6,zero,91
llm_iterative,shock,1,159,1,7,3.0,0,3,15,15,zero,91
llm_iterative,shock,1,159,2,7,8.0,0,8,20,20,zero,91
llm_iterative,shock,1,160,0,7,-0.0,0,0,6,6,zero,91
llm_iterative,shock,1,160,1,7,6.0,6,0,15,15,zero,91
llm_iterative,shock,1,160,2,7,23.0,0,23,20,20,zero,91
llm_iterative,shock,1,161,0,6,1.0,1,0,6,6,zero,91
llm_iterative,shock,1,161,1,6,1.0,1,0,15,15,zero,91
llm_iterative,shock,1,161,2,6,18.0,0,18,20,20,zero,91
llm_iterative,shock,1,162,0,7,7.0,7,0,6,6,zero,91
llm_iterative,shock,1,162,1,7,1.0,1,0,3,3,zero,91
llm_iterative,shock,1,162,2,7,18.0,0,18,20,20,zero,91
llm_iterative,shock,1,163,0,7,3.0,3,0,6,6,zero,91
llm_iterative,shock,1,163,1,7,11.0,11,0,15,15,zero,91
llm_iterative,shock,1,163,2,7,13.0,0,13,0,0,zero,91
llm_iterative,shock,1,164,0,6,6.0,6,0,10,10,zero,91
llm_iterative,shock,1,164,1,6,1.0,1,0,0,0,zero,91
llm_iterative,shock,1,164,2,6,7.0,7,0,16,16,zero,91
llm_iterative,shock,1,165,0,6,6.0,6,0,6,6,zero,91
llm_iterative,shock,1,165,1,6,15.0,15,0,12,12,zero,91
llm_iterative,shock,1,165,2,6,15.0,15,0,0,0,zero,91
llm_iterative,shock,1,166,0,6,6.0,6,0,2,2,zero,91
llm_iterative,shock,1,166,1,6,16.0,16,0,0,0,zero,91
llm_iterative,shock,1,166,2,6,35.0,35,0,16,16,zero,91
llm_iterative,shock,1,167,0,6,6.0,6,0,6,6,zero,91
llm_iterative,shock,1,167,1,6,30.0,30,0,0,0,zero,91
llm_iterative,shock,1,167,2,6,35.0,35,0,0,0,zero,91
llm_iterative,shock,1,168,0,5,11.0,11,0,6,6,zero,91
llm_iterative,shock,1,168,1,5,37.0,37,0,0,0,zero,91
llm_iterative,shock,1,168,2,5,51.0,51,0,0,0,zero,91
llm_iterative,shock,1,169,0,5,12.0,12,0,6,6,zero,91
llm_iterative,shock,1,169,1,5,43.0,43,0,1,1,zero,91
llm_iterative,shock,1,169,2,5,50.0,50,0,0,0,zero,91
llm_iterative,shock,1,170,0,5,9.0,9,0,2,2,zero,91
llm_iterative,shock,1,170,1,5,41.0,41,0,1,1,zero,91
llm_iterative,shock,1,170,2,5,65.0,65,0,0,0,zero,91
llm_iterative,shock,1,171,0,5,10.0,10,0,6,6,zero,91
llm_iterative,shock,1,171,1,5,35.0,35,0,1,1,zero,91
llm_iterative,shock,1,171,2,5,64.0,64,0,0,0,zero,91
llm_iterative,shock,1,172,0,5,11.0,11,0,2,2,zero,91
llm_iterative,shock,1,172,1,5,33.0,33,0,1,1,zero,91
llm_iterative,shock,1,172,2,5,63.0,63,0,0,0,zero,91
llm_iterative,shock,1,173,0,5,12.0,12,0,6,6,zero,91
llm_iterative,shock,1,173,1,5,28.0,28,0,1,1,zero,91
llm_iterative,shock,1,173,2,5,62.0,62,0,0,0,zero,91
llm_iterative,shock,1,174,0,5,9.0,9,0,2,2,zero,91
llm_iterative,shock,1,174,1,5,27.0,27,0,1,1,zero,91
llm_iterative,shock,1,174,2,5,61.0,61,0,0,0,zero,91
llm_iterative,shock,1,175,0,4,11.0,11,0,9,9,zero,91
llm_iterative,shock,1,175,1,4,19.0,19,0,1,1,zero,91
llm_iterative,shock,1,175,2,4,60.0,60,0,0,0,zero,91
llm_iterative,shock,1,176,0,4,9.0,9,0,3,3,zero,91
llm_iterative,shock,1,176,1,4,17.0,17,0,15,15,zero,91
llm_iterative,shock,1,176,2,4,45.0,45,0,0,0,zero,91
llm_iterative,shock,1,177,0,5,10.0,10,0,2,2,zero,91
llm_iterative,shock,1,177,1,5,16.0,16,0,1,1,zero,91
llm_iterative,shock,1,177,2,5,44.0,44,0,0,0,zero,91
llm_iterative,shock,1,178,0,6,6.0,6,0,2,2,zero,91
llm_iterative,shock,1,178,1,6,15.0,15,0,1,1,zero,91
llm_iterative,shock,1,178,2,6,43.0,43,0,0,0,zero,91
llm_iterative,shock,1,179,0,6,9.0,9,0,9,9,zero,91
llm_iterative,shock,1,179,1,6,7.0,7,0,0,0,zero,91
llm_iterative,shock,1,179,2,6,43.0,43,0,0,0,zero,91
llm_iterative,shock,1,180,0,7,5.0,5,0,6,6,zero,91
llm_iterative,shock,1,180,1,7,16.0,16,0,1,1,zero,91
llm_iterative,shock,1,180,2,7,42.0,42,0,0,0,zero,91
llm_iterative,shock,1,181,0,7,-0.0,0,0,9,9,zero,91
llm_iterative,shock,1,181,1,7,8.0,8,0,15,15,zero,91
llm_iterative,shock,1,181,2,7,27.0,27,0,0,0,zero,91
llm_iterative,shock,1,182,0,6,4.0,0,4,6,6,zero,91
llm_iterative,shock,1,182,1,6,3.0,3,0,11,11,zero,91
llm_iterative,shock,1,182,2,6,16.0,16,0,0,0,zero,91
llm_iterative,shock,1,183,0,6,1.0,0,1,6,6,zero,91
llm_iterative,shock,1,183,1,6,3.0,0,3,1,1,zero,91
llm_iterative,shock,1,183,2,6,15.0,15,0,20,20,zero,91
llm_iterative,shock,1,184,0,6,1.0,0,1,6,6,zero,91
llm_iterative,shock,1,184,1,6,8.0,0,8,1,1,zero,91
llm_iterative,shock,1,184,2,6,14.0,14,0,3,3,zero,91
llm_iterative,shock,1,185,0,5,3.0,3,0,10,10,zero,91
llm_iterative,shock,1,185,1,5,3.0,0,3,5,5,zero,91
llm_iterative,shock,1,185,2,5,9.0,9,0,0,0,zero,91
llm_iterative,shock,1,186,0,5,4.0,4,0,6,6,zero,91
llm_iterative,shock,1,186,1,5,2.0,2,0,15,15,zero,91
llm_iterative,shock,1,186,2,5,6.0,0,6,0,0,zero,91
llm_iterative,shock,1,187,0,5,2.0,2,0,0,0,zero,91
llm_iterative,shock,1,187,1,5,3.0,3,0,15,15,zero,91
llm_iterative,shock,1,187,2,5,1.0,0,1,5,5,zero,91
llm_iterative,shock,1,188,0,6,3.0,0,3,0,0,zero,91
llm_iterative,shock,1,188,1,6,4.0,4,0,0,0,zero,91
llm_iterative,shock,1,188,2,6,2.0,2,0,20,20,zero,91
llm_iterative,shock,1,189,0,5,7.0,7,0,6,6,zero,91
llm_iterative,shock,1,189,1,5,3.0,3,0,0,0,zero,91
llm_iterative,shock,1,189,2,5,2.0,2,0,3,3,zero,91
llm_iterative,shock,1,190,0,5,11.0,11,0,6,6,zero,91
llm_iterative,shock,1,190,1,5,6.0,6,0,0,0,zero,91
llm_iterative,shock,1,190,2,5,2.0,2,0,0,0,zero,91
llm_iterative,shock,1,191,0,5,6.0,6,0,6,6,zero,91
llm_iterative,shock,1,191,1,5,20.0,20,0,1,1,zero,91
llm_iterative,shock,1,191,2,5,6.0,6,0,0,0,zero,91
llm_iterative,shock,1,192,0,5,1.0,1,0,2,2,zero,91
llm_iterative,shock,1,192,1,5,19.0,19,0,15,15,zero,91
llm_iterative,shock,1,192,2,5,11.0,11,0,0,0,zero,91
llm_iterative,shock,1,193,0,5,2.0,2,0,6,6,zero,91
llm_iterative,shock,1,193,1,5,13.0,13,0,1,1,zero,91
llm_iterative,shock,1,193,2,5,13.0,13,0,1,1,zero,91
llm_iterative,shock,1,194,0,6,2.0,2,0,6,6,zero,91
llm_iterative,shock,1,194,1,6,7.0,7,0,1,1,zero,91
llm_iterative,shock,1,194,2,6,12.0,12,0,2,2,zero,91
llm_iterative,shock,1,195,0,6,2.0,2,0,10,10,zero,91
llm_iterative,shock,1,195,1,6,2.0,0,2,1,1,zero,91
llm_iterative,shock,1,195,2,6,11.0,11,0,0,0,zero,91
llm_iterative,shock,1,196,0,6,2.0,0,2,6,6,zero,91
llm_iterative,shock,1,196,1,6,7.0,7,0,15,15,zero,91
llm_iterative,shock,1,196,2,6,4.0,0,4,0,0,zero,91
llm_iterative,shock,1,197,0,6,2.0,0,2,6,6,zero,91
llm_iterative,shock,1,197,1,6,2.0,2,0,11,11,zero,91
llm_iterative,shock,1,197,2,6,14.0,0,14,20,20,zero,91
llm_iterative,shock,1,198,0,5,1.0,0,1,6,6,zero,91
llm_iterative,shock,1,198,1,5,3.0,0,3,15,15,zero,91
llm_iterative,shock,1,198,2,5,27.0,0,27,20,20,zero,91
llm_iterative,shock,1,199,0,5,2.0,2,0,6,6,zero,91
llm_iterative,shock,1,199,1,5,8.0,0,8,15,15,zero,91
llm_iterative,shock,1,199,2,5,42.0,0,42,20,20,zero,91
llm_iterative,shock,1,200,0,7,3.0,3,0,6,6,zero,91
llm_iterative,shock,1,200,1,7,3.0,0,3,15,15,zero,91
llm_iterative,shock,1,200,2,7,57.0,0,57,20,20,zero,91
