suite,seed,k,trajectory,group,scenario,cost,backlog
stage_a_seed11_k3_v1,11,3,0,happo,shock,27.253333333333334,43.005
stage_a_seed11_k3_v1,11,3,0,happo,base,23.843333333333334,28.265
stage_a_seed11_k3_v1,11,3,0,llm_library,shock,27.05666666666667,43.005
stage_a_seed11_k3_v1,11,3,0,llm_library,base,23.843333333333334,28.265
stage_a_seed11_k3_v1,11,3,1,happo,shock,19.076666666666668,14.63
stage_a_seed11_k3_v1,11,3,1,happo,base,18.048333333333332,12.405
stage_a_seed11_k3_v1,11,3,1,llm_library,shock,18.903333333333332,14.63
stage_a_seed11_k3_v1,11,3,1,llm_library,base,18.048333333333332,12.405
stage_a_seed11_k3_v1,11,3,2,happo,shock,18.368333333333332,2.78
stage_a_seed11_k3_v1,11,3,2,happo,base,20.093333333333334,1.525
stage_a_seed11_k3_v1,11,3,2,llm_library,shock,17.675,1.775
stage_a_seed11_k3_v1,11,3,2,llm_library,base,20.093333333333334,1.525
stage_a_seed11_k3_v1,11,3,3,happo,shock,49.07666666666667,122.855
stage_a_seed11_k3_v1,11,3,3,happo,base,48.166666666666664,120.125
stage_a_seed11_k3_v1,11,3,3,llm_library,shock,46.13166666666667,120.935
stage_a_seed11_k3_v1,11,3,3,llm_library,base,48.166666666666664,120.125
stage_a_seed11_k3_v1,11,3,4,happo,shock,15.131666666666666,2.95
stage_a_seed11_k3_v1,11,3,4,happo,base,16.36,2.88
stage_a_seed11_k3_v1,11,3,4,llm_library,shock,14.58,2.875
stage_a_seed11_k3_v1,11,3,4,llm_library,base,16.36,2.88
stage_a_seed11_k3_v1,11,3,5,happo,shock,20.065,10.405
stage_a_seed11_k3_v1,11,3,5,happo,base,16.903333333333332,9.235
stage_a_seed11_k3_v1,11,3,5,llm_library,shock,21.661666666666665,10.58
stage_a_seed11_k3_v1,11,3,5,llm_library,base,16.903333333333332,9.235
stage_a_seed11_k3_v1,11,3,6,happo,shock,18.391666666666666,7.0
stage_a_seed11_k3_v1,11,3,6,happo,base,17.293333333333333,6.44
stage_a_seed11_k3_v1,11,3,6,llm_library,shock,17.491666666666667,6.125
stage_a_seed11_k3_v1,11,3,6,llm_library,base,17.293333333333333,6.44
stage_a_seed11_k3_v1,11,3,7,happo,shock,35.48,70.08
stage_a_seed11_k3_v1,11,3,7,happo,base,34.901666666666664,68.435
stage_a_seed11_k3_v1,11,3,7,llm_library,shock,33.041666666666664,68.14
stage_a_seed11_k3_v1,11,3,7,llm_library,base,34.901666666666664,68.435
stage_a_seed11_k3_v1,11,3,8,happo,shock,19.86,6.15
stage_a_seed11_k3_v1,11,3,8,happo,base,17.336666666666666,3.26
stage_a_seed11_k3_v1,11,3,8,llm_library,shock,19.43166666666667,6.155
stage_a_seed11_k3_v1,11,3,8,llm_library,base,17.336666666666666,3.26
stage_a_seed11_k3_v1,11,3,9,happo,shock,19.601666666666667,2.92
stage_a_seed11_k3_v1,11,3,9,happo,base,20.366666666666667,3.14
stage_a_seed11_k3_v1,11,3,9,llm_library,shock,19.56,2.92
stage_a_seed11_k3_v1,11,3,9,llm_library,base,20.366666666666667,3.14
stage_a_seed11_k3_v1,11,3,10,happo,shock,17.071666666666665,11.375
stage_a_seed11_k3_v1,11,3,10,happo,base,15.405,3.92
stage_a_seed11_k3_v1,11,3,10,llm_library,shock,17.218333333333334,11.43
stage_a_seed11_k3_v1,11,3,10,llm_library,base,15.405,3.92
stage_a_seed11_k3_v1,11,3,11,happo,shock,41.17666666666667,86.95
stage_a_seed11_k3_v1,11,3,11,happo,base,40.13166666666667,84.43
stage_a_seed11_k3_v1,11,3,11,llm_library,shock,39.64666666666667,86.155
stage_a_seed11_k3_v1,11,3,11,llm_library,base,40.13166666666667,84.43
stage_a_seed11_k3_v1,11,3,12,happo,shock,19.953333333333333,2.705
stage_a_seed11_k3_v1,11,3,12,happo,base,18.911666666666665,2.53
stage_a_seed11_k3_v1,11,3,12,llm_library,shock,17.60333333333333,3.275
stage_a_seed11_k3_v1,11,3,12,llm_library,base,18.911666666666665,2.53
stage_a_seed11_k3_v1,11,3,13,happo,shock,21.218333333333334,7.27
stage_a_seed11_k3_v1,11,3,13,happo,base,18.338333333333335,2.405
stage_a_seed11_k3_v1,11,3,13,llm_library,shock,20.815,7.24
stage_a_seed11_k3_v1,11,3,13,llm_library,base,18.338333333333335,2.405
stage_a_seed11_k3_v1,11,3,14,happo,shock,24.823333333333334,8.23
stage_a_seed11_k3_v1,11,3,14,happo,base,26.74,8.685
stage_a_seed11_k3_v1,11,3,14,llm_library,shock,24.773333333333333,8.245
stage_a_seed11_k3_v1,11,3,14,llm_library,base,26.74,8.685
stage_a_seed11_k3_v1,11,3,15,happo,shock,24.84,12.925
stage_a_seed11_k3_v1,11,3,15,happo,base,21.536666666666665,8.505
stage_a_seed11_k3_v1,11,3,15,llm_library,shock,24.52,12.42
stage_a_seed11_k3_v1,11,3,15,llm_library,base,21.536666666666665,8.505
stage_a_seed11_k3_v1,11,3,16,happo,shock,15.425,0.905
stage_a_seed11_k3_v1,11,3,16,happo,base,12.505,0.875
stage_a_seed11_k3_v1,11,3,16,llm_library,shock,15.446666666666667,0.905
stage_a_seed11_k3_v1,11,3,16,llm_library,base,12.505,0.875
stage_a_seed11_k3_v1,11,3,17,happo,shock,18.756666666666668,5.565
stage_a_seed11_k3_v1,11,3,17,happo,base,16.191666666666666,5.625
stage_a_seed11_k3_v1,11,3,17,llm_library,shock,18.795,5.735
stage_a_seed11_k3_v1,11,3,17,llm_library,base,16.191666666666666,5.625
stage_a_seed11_k3_v1,11,3,18,happo,shock,24.838333333333335,46.51
stage_a_seed11_k3_v1,11,3,18,happo,base,22.053333333333335,34.415
stage_a_seed11_k3_v1,11,3,18,llm_library,shock,24.725,46.51
stage_a_seed11_k3_v1,11,3,18,llm_library,base,22.053333333333335,34.415
stage_a_seed11_k3_v1,11,3,19,happo,shock,17.23,3.1
stage_a_seed11_k3_v1,11,3,19,happo,base,19.94,2.28
stage_a_seed11_k3_v1,11,3,19,llm_library,shock,15.911666666666667,2.835
stage_a_seed11_k3_v1,11,3,19,llm_library,base,19.94,2.28
stage_c_seed11_k3_v1,11,3,0,happo,shock,27.253333333333334,43.005
stage_c_seed11_k3_v1,11,3,0,happo,base,23.843333333333334,28.265
stage_c_seed11_k3_v1,11,3,0,llm_no_screen,shock,25.221666666666668,45.23
stage_c_seed11_k3_v1,11,3,0,llm_no_screen,base,23.843333333333334,28.265
stage_c_seed11_k3_v1,11,3,0,llm_search_only,shock,25.368333333333332,40.945
stage_c_seed11_k3_v1,11,3,0,llm_search_only,base,23.843333333333334,28.265
stage_c_seed11_k3_v1,11,3,0,random_screen,shock,25.616666666666667,41.8
stage_c_seed11_k3_v1,11,3,0,random_screen,base,23.843333333333334,28.265
stage_c_seed11_k3_v1,11,3,1,happo,shock,19.076666666666668,14.63
stage_c_seed11_k3_v1,11,3,1,happo,base,18.048333333333332,12.405
stage_c_seed11_k3_v1,11,3,1,llm_no_screen,shock,18.996666666666666,19.135
stage_c_seed11_k3_v1,11,3,1,llm_no_screen,base,18.048333333333332,12.405
stage_c_seed11_k3_v1,11,3,1,llm_search_only,shock,16.833333333333332,14.245
stage_c_seed11_k3_v1,11,3,1,llm_search_only,base,18.048333333333332,12.405
stage_c_seed11_k3_v1,11,3,1,random_screen,shock,18.748333333333335,14.41
stage_c_seed11_k3_v1,11,3,1,random_screen,base,18.048333333333332,12.405
stage_c_seed11_k3_v1,11,3,2,happo,shock,18.368333333333332,2.78
stage_c_seed11_k3_v1,11,3,2,happo,base,20.093333333333334,1.525
stage_c_seed11_k3_v1,11,3,2,llm_no_screen,shock,15.005,2.16
stage_c_seed11_k3_v1,11,3,2,llm_no_screen,base,20.093333333333334,1.525
stage_c_seed11_k3_v1,11,3,2,llm_search_only,shock,15.908333333333333,2.09
stage_c_seed11_k3_v1,11,3,2,llm_search_only,base,20.093333333333334,1.525
stage_c_seed11_k3_v1,11,3,2,random_screen,shock,15.741666666666667,1.61
stage_c_seed11_k3_v1,11,3,2,random_screen,base,20.093333333333334,1.525
stage_c_seed11_k3_v1,11,3,3,happo,shock,49.07666666666667,122.855
stage_c_seed11_k3_v1,11,3,3,happo,base,48.166666666666664,120.125
stage_c_seed11_k3_v1,11,3,3,llm_no_screen,shock,60.10666666666667,158.09
stage_c_seed11_k3_v1,11,3,3,llm_no_screen,base,48.166666666666664,120.125
stage_c_seed11_k3_v1,11,3,3,llm_search_only,shock,46.01,120.935
stage_c_seed11_k3_v1,11,3,3,llm_search_only,base,48.166666666666664,120.125
stage_c_seed11_k3_v1,11,3,3,random_screen,shock,39.06666666666667,97.295
stage_c_seed11_k3_v1,11,3,3,random_screen,base,48.166666666666664,120.125
stage_c_seed11_k3_v1,11,3,4,happo,shock,15.131666666666666,2.95
stage_c_seed11_k3_v1,11,3,4,happo,base,16.36,2.88
stage_c_seed11_k3_v1,11,3,4,llm_no_screen,shock,22.656666666666666,2.625
stage_c_seed11_k3_v1,11,3,4,llm_no_screen,base,16.36,2.88
stage_c_seed11_k3_v1,11,3,4,llm_search_only,shock,19.368333333333332,2.845
stage_c_seed11_k3_v1,11,3,4,llm_search_only,base,16.36,2.88
stage_c_seed11_k3_v1,11,3,4,random_screen,shock,14.421666666666667,2.615
stage_c_seed11_k3_v1,11,3,4,random_screen,base,16.36,2.88
stage_c_seed11_k3_v1,11,3,5,happo,shock,20.065,10.405
stage_c_seed11_k3_v1,11,3,5,happo,base,16.903333333333332,9.235
stage_c_seed11_k3_v1,11,3,5,llm_no_screen,shock,18.163333333333334,10.61
stage_c_seed11_k3_v1,11,3,5,llm_no_screen,base,16.903333333333332,9.235
stage_c_seed11_k3_v1,11,3,5,llm_search_only,shock,18.558333333333334,10.46
stage_c_seed11_k3_v1,11,3,5,llm_search_only,base,16.903333333333332,9.235
stage_c_seed11_k3_v1,11,3,5,random_screen,shock,19.135,10.265
stage_c_seed11_k3_v1,11,3,5,random_screen,base,16.903333333333332,9.235
stage_c_seed11_k3_v1,11,3,6,happo,shock,18.391666666666666,7.0
stage_c_seed11_k3_v1,11,3,6,happo,base,17.293333333333333,6.44
stage_c_seed11_k3_v1,11,3,6,llm_no_screen,shock,18.77,9.83
stage_c_seed11_k3_v1,11,3,6,llm_no_screen,base,17.293333333333333,6.44
stage_c_seed11_k3_v1,11,3,6,llm_search_only,shock,16.683333333333334,7.485
stage_c_seed11_k3_v1,11,3,6,llm_search_only,base,17.293333333333333,6.44
stage_c_seed11_k3_v1,11,3,6,random_screen,shock,17.183333333333334,6.665
stage_c_seed11_k3_v1,11,3,6,random_screen,base,17.293333333333333,6.44
stage_c_seed11_k3_v1,11,3,7,happo,shock,35.48,70.08
stage_c_seed11_k3_v1,11,3,7,happo,base,34.901666666666664,68.435
stage_c_seed11_k3_v1,11,3,7,llm_no_screen,shock,42.458333333333336,94.78
stage_c_seed11_k3_v1,11,3,7,llm_no_screen,base,34.901666666666664,68.435
stage_c_seed11_k3_v1,11,3,7,llm_search_only,shock,32.72833333333333,68.185
stage_c_seed11_k3_v1,11,3,7,llm_search_only,base,34.901666666666664,68.435
stage_c_seed11_k3_v1,11,3,7,random_screen,shock,31.233333333333334,60.5
stage_c_seed11_k3_v1,11,3,7,random_screen,base,34.901666666666664,68.435
stage_c_seed11_k3_v1,11,3,8,happo,shock,19.86,6.15
stage_c_seed11_k3_v1,11,3,8,happo,base,17.336666666666666,3.26
stage_c_seed11_k3_v1,11,3,8,llm_no_screen,shock,18.01,6.265
stage_c_seed11_k3_v1,11,3,8,llm_no_screen,base,17.336666666666666,3.26
stage_c_seed11_k3_v1,11,3,8,llm_search_only,shock,20.648333333333333,6.13
stage_c_seed11_k3_v1,11,3,8,llm_search_only,base,17.336666666666666,3.26
stage_c_seed11_k3_v1,11,3,8,random_screen,shock,19.45,6.265
stage_c_seed11_k3_v1,11,3,8,random_screen,base,17.336666666666666,3.26
stage_c_seed11_k3_v1,11,3,9,happo,shock,19.601666666666667,2.92
stage_c_seed11_k3_v1,11,3,9,happo,base,20.366666666666667,3.14
stage_c_seed11_k3_v1,11,3,9,llm_no_screen,shock,18.12,3.02
stage_c_seed11_k3_v1,11,3,9,llm_no_screen,base,20.366666666666667,3.14
stage_c_seed11_k3_v1,11,3,9,llm_search_only,shock,19.691666666666666,3.025
stage_c_seed11_k3_v1,11,3,9,llm_search_only,base,20.366666666666667,3.14
stage_c_seed11_k3_v1,11,3,9,random_screen,shock,17.848333333333333,2.295
stage_c_seed11_k3_v1,11,3,9,random_screen,base,20.366666666666667,3.14
stage_c_seed11_k3_v1,11,3,10,happo,shock,17.071666666666665,11.375
stage_c_seed11_k3_v1,11,3,10,happo,base,15.405,3.92
stage_c_seed11_k3_v1,11,3,10,llm_no_screen,shock,17.115,13.325
stage_c_seed11_k3_v1,11,3,10,llm_no_screen,base,15.405,3.92
stage_c_seed11_k3_v1,11,3,10,llm_search_only,shock,17.236666666666668,11.43
stage_c_seed11_k3_v1,11,3,10,llm_search_only,base,15.405,3.92
stage_c_seed11_k3_v1,11,3,10,random_screen,shock,17.828333333333333,10.82
stage_c_seed11_k3_v1,11,3,10,random_screen,base,15.405,3.92
stage_c_seed11_k3_v1,11,3,11,happo,shock,41.17666666666667,86.95
stage_c_seed11_k3_v1,11,3,11,happo,base,40.13166666666667,84.43
stage_c_seed11_k3_v1,11,3,11,llm_no_screen,shock,45.305,101.73
stage_c_seed11_k3_v1,11,3,11,llm_no_screen,base,40.13166666666667,84.43
stage_c_seed11_k3_v1,11,3,11,llm_search_only,shock,39.626666666666665,86.185
stage_c_seed11_k3_v1,11,3,11,llm_search_only,base,40.13166666666667,84.43
stage_c_seed11_k3_v1,11,3,11,random_screen,shock,36.723333333333336,76.84
stage_c_seed11_k3_v1,11,3,11,random_screen,base,40.13166666666667,84.43
stage_c_seed11_k3_v1,11,3,12,happo,shock,19.953333333333333,2.705
stage_c_seed11_k3_v1,11,3,12,happo,base,18.911666666666665,2.53
stage_c_seed11_k3_v1,11,3,12,llm_no_screen,shock,17.518333333333334,3.465
stage_c_seed11_k3_v1,11,3,12,llm_no_screen,base,18.911666666666665,2.53
stage_c_seed11_k3_v1,11,3,12,llm_search_only,shock,17.255,3.07
stage_c_seed11_k3_v1,11,3,12,llm_search_only,base,18.911666666666665,2.53
stage_c_seed11_k3_v1,11,3,12,random_screen,shock,16.258333333333333,2.31
stage_c_seed11_k3_v1,11,3,12,random_screen,base,18.911666666666665,2.53
stage_c_seed11_k3_v1,11,3,13,happo,shock,21.218333333333334,7.27
stage_c_seed11_k3_v1,11,3,13,happo,base,18.338333333333335,2.405
stage_c_seed11_k3_v1,11,3,13,llm_no_screen,shock,20.09,7.6
stage_c_seed11_k3_v1,11,3,13,llm_no_screen,base,18.338333333333335,2.405
stage_c_seed11_k3_v1,11,3,13,llm_search_only,shock,20.546666666666667,7.2
stage_c_seed11_k3_v1,11,3,13,llm_search_only,base,18.338333333333335,2.405
stage_c_seed11_k3_v1,11,3,13,random_screen,shock,26.243333333333332,7.14
stage_c_seed11_k3_v1,11,3,13,random_screen,base,18.338333333333335,2.405
stage_c_seed11_k3_v1,11,3,14,happo,shock,24.823333333333334,8.23
stage_c_seed11_k3_v1,11,3,14,happo,base,26.74,8.685
stage_c_seed11_k3_v1,11,3,14,llm_no_screen,shock,23.566666666666666,8.33
stage_c_seed11_k3_v1,11,3,14,llm_no_screen,base,26.74,8.685
stage_c_seed11_k3_v1,11,3,14,llm_search_only,shock,24.671666666666667,8.655
stage_c_seed11_k3_v1,11,3,14,llm_search_only,base,26.74,8.685
stage_c_seed11_k3_v1,11,3,14,random_screen,shock,22.493333333333332,7.405
stage_c_seed11_k3_v1,11,3,14,random_screen,base,26.74,8.685
stage_c_seed11_k3_v1,11,3,15,happo,shock,24.84,12.925
stage_c_seed11_k3_v1,11,3,15,happo,base,21.536666666666665,8.505
stage_c_seed11_k3_v1,11,3,15,llm_no_screen,shock,27.601666666666667,15.86
stage_c_seed11_k3_v1,11,3,15,llm_no_screen,base,21.536666666666665,8.505
stage_c_seed11_k3_v1,11,3,15,llm_search_only,shock,25.633333333333333,13.43
stage_c_seed11_k3_v1,11,3,15,llm_search_only,base,21.536666666666665,8.505
stage_c_seed11_k3_v1,11,3,15,random_screen,shock,24.941666666666666,10.9
stage_c_seed11_k3_v1,11,3,15,random_screen,base,21.536666666666665,8.505
stage_c_seed11_k3_v1,11,3,16,happo,shock,15.425,0.905
stage_c_seed11_k3_v1,11,3,16,happo,base,12.505,0.875
stage_c_seed11_k3_v1,11,3,16,llm_no_screen,shock,16.198333333333334,1.535
stage_c_seed11_k3_v1,11,3,16,llm_no_screen,base,12.505,0.875
stage_c_seed11_k3_v1,11,3,16,llm_search_only,shock,15.446666666666667,0.905
stage_c_seed11_k3_v1,11,3,16,llm_search_only,base,12.505,0.875
stage_c_seed11_k3_v1,11,3,16,random_screen,shock,16.083333333333332,0.88
stage_c_seed11_k3_v1,11,3,16,random_screen,base,12.505,0.875
stage_c_seed11_k3_v1,11,3,17,happo,shock,18.756666666666668,5.565
stage_c_seed11_k3_v1,11,3,17,happo,base,16.191666666666666,5.625
stage_c_seed11_k3_v1,11,3,17,llm_no_screen,shock,20.913333333333334,6.34
stage_c_seed11_k3_v1,11,3,17,llm_no_screen,base,16.191666666666666,5.625
stage_c_seed11_k3_v1,11,3,17,llm_search_only,shock,18.375,5.785
stage_c_seed11_k3_v1,11,3,17,llm_search_only,base,16.191666666666666,5.625
stage_c_seed11_k3_v1,11,3,17,random_screen,shock,18.336666666666666,6.135
stage_c_seed11_k3_v1,11,3,17,random_screen,base,16.191666666666666,5.625
stage_c_seed11_k3_v1,11,3,18,happo,shock,24.838333333333335,46.51
stage_c_seed11_k3_v1,11,3,18,happo,base,22.053333333333335,34.415
stage_c_seed11_k3_v1,11,3,18,llm_no_screen,shock,31.755,73.215
stage_c_seed11_k3_v1,11,3,18,llm_no_screen,base,22.053333333333335,34.415
stage_c_seed11_k3_v1,11,3,18,llm_search_only,shock,24.725,46.51
stage_c_seed11_k3_v1,11,3,18,llm_search_only,base,22.053333333333335,34.415
stage_c_seed11_k3_v1,11,3,18,random_screen,shock,21.211666666666666,37.945
stage_c_seed11_k3_v1,11,3,18,random_screen,base,22.053333333333335,34.415
stage_c_seed11_k3_v1,11,3,19,happo,shock,17.23,3.1
stage_c_seed11_k3_v1,11,3,19,happo,base,19.94,2.28
stage_c_seed11_k3_v1,11,3,19,llm_no_screen,shock,19.851666666666667,3.675
stage_c_seed11_k3_v1,11,3,19,llm_no_screen,base,19.94,2.28
stage_c_seed11_k3_v1,11,3,19,llm_search_only,shock,17.851666666666667,3.63
stage_c_seed11_k3_v1,11,3,19,llm_search_only,base,19.94,2.28
stage_c_seed11_k3_v1,11,3,19,random_screen,shock,15.823333333333334,2.525
stage_c_seed11_k3_v1,11,3,19,random_screen,base,19.94,2.28
stage_c_seed11_k1_v1,11,1,0,happo,shock,27.253333333333334,43.005
stage_c_seed11_k1_v1,11,1,0,happo,base,23.843333333333334,28.265
stage_c_seed11_k1_v1,11,1,0,llm_library,shock,24.246666666666666,39.015
stage_c_seed11_k1_v1,11,1,0,llm_library,base,23.843333333333334,28.265
stage_c_seed11_k1_v1,11,1,1,happo,shock,19.076666666666668,14.63
stage_c_seed11_k1_v1,11,1,1,happo,base,18.048333333333332,12.405
stage_c_seed11_k1_v1,11,1,1,llm_library,shock,18.608333333333334,14.26
stage_c_seed11_k1_v1,11,1,1,llm_library,base,18.048333333333332,12.405
stage_c_seed11_k1_v1,11,1,2,happo,shock,18.368333333333332,2.78
stage_c_seed11_k1_v1,11,1,2,happo,base,20.093333333333334,1.525
stage_c_seed11_k1_v1,11,1,2,llm_library,shock,17.675,1.765
stage_c_seed11_k1_v1,11,1,2,llm_library,base,20.093333333333334,1.525
stage_c_seed11_k1_v1,11,1,3,happo,shock,49.07666666666667,122.855
stage_c_seed11_k1_v1,11,1,3,happo,base,48.166666666666664,120.125
stage_c_seed11_k1_v1,11,1,3,llm_library,shock,46.306666666666665,120.935
stage_c_seed11_k1_v1,11,1,3,llm_library,base,48.166666666666664,120.125
stage_c_seed11_k1_v1,11,1,4,happo,shock,15.131666666666666,2.95
stage_c_seed11_k1_v1,11,1,4,happo,base,16.36,2.88
stage_c_seed11_k1_v1,11,1,4,llm_library,shock,19.036666666666665,2.86
stage_c_seed11_k1_v1,11,1,4,llm_library,base,16.36,2.88
stage_c_seed11_k1_v1,11,1,5,happo,shock,20.065,10.405
stage_c_seed11_k1_v1,11,1,5,happo,base,16.903333333333332,9.235
stage_c_seed11_k1_v1,11,1,5,llm_library,shock,18.948333333333334,10.34
stage_c_seed11_k1_v1,11,1,5,llm_library,base,16.903333333333332,9.235
stage_c_seed11_k1_v1,11,1,6,happo,shock,18.391666666666666,7.0
stage_c_seed11_k1_v1,11,1,6,happo,base,17.293333333333333,6.44
stage_c_seed11_k1_v1,11,1,6,llm_library,shock,16.983333333333334,6.195
stage_c_seed11_k1_v1,11,1,6,llm_library,base,17.293333333333333,6.44
stage_c_seed11_k1_v1,11,1,7,happo,shock,35.48,70.08
stage_c_seed11_k1_v1,11,1,7,happo,base,34.901666666666664,68.435
stage_c_seed11_k1_v1,11,1,7,llm_library,shock,34.295,69.2
stage_c_seed11_k1_v1,11,1,7,llm_library,base,34.901666666666664,68.435
stage_c_seed11_k1_v1,11,1,8,happo,shock,19.86,6.15
stage_c_seed11_k1_v1,11,1,8,happo,base,17.336666666666666,3.26
stage_c_seed11_k1_v1,11,1,8,llm_library,shock,19.878333333333334,6.15
stage_c_seed11_k1_v1,11,1,8,llm_library,base,17.336666666666666,3.26
stage_c_seed11_k1_v1,11,1,9,happo,shock,19.601666666666667,2.92
stage_c_seed11_k1_v1,11,1,9,happo,base,20.366666666666667,3.14
stage_c_seed11_k1_v1,11,1,9,llm_library,shock,19.6,3.335
stage_c_seed11_k1_v1,11,1,9,llm_library,base,20.366666666666667,3.14
stage_c_seed11_k1_v1,11,1,10,happo,shock,17.071666666666665,11.375
stage_c_seed11_k1_v1,11,1,10,happo,base,15.405,3.92
stage_c_seed11_k1_v1,11,1,10,llm_library,shock,16.988333333333333,11.5
stage_c_seed11_k1_v1,11,1,10,llm_library,base,15.405,3.92
stage_c_seed11_k1_v1,11,1,11,happo,shock,41.17666666666667,86.95
stage_c_seed11_k1_v1,11,1,11,happo,base,40.13166666666667,84.43
stage_c_seed11_k1_v1,11,1,11,llm_library,shock,39.60666666666667,85.785
stage_c_seed11_k1_v1,11,1,11,llm_library,base,40.13166666666667,84.43
stage_c_seed11_k1_v1,11,1,12,happo,shock,19.953333333333333,2.705
stage_c_seed11_k1_v1,11,1,12,happo,base,18.911666666666665,2.53
stage_c_seed11_k1_v1,11,1,12,llm_library,shock,19.288333333333334,2.805
stage_c_seed11_k1_v1,11,1,12,llm_library,base,18.911666666666665,2.53
stage_c_seed11_k1_v1,11,1,13,happo,shock,21.218333333333334,7.27
stage_c_seed11_k1_v1,11,1,13,happo,base,18.338333333333335,2.405
stage_c_seed11_k1_v1,11,1,13,llm_library,shock,20.663333333333334,7.225
stage_c_seed11_k1_v1,11,1,13,llm_library,base,18.338333333333335,2.405
stage_c_seed11_k1_v1,11,1,14,happo,shock,24.823333333333334,8.23
stage_c_seed11_k1_v1,11,1,14,happo,base,26.74,8.685
stage_c_seed11_k1_v1,11,1,14,llm_library,shock,24.823333333333334,8.23
stage_c_seed11_k1_v1,11,1,14,llm_library,base,26.74,8.685
stage_c_seed11_k1_v1,11,1,15,happo,shock,24.84,12.925
stage_c_seed11_k1_v1,11,1,15,happo,base,21.536666666666665,8.505
stage_c_seed11_k1_v1,11,1,15,llm_library,shock,23.585,11.565
stage_c_seed11_k1_v1,11,1,15,llm_library,base,21.536666666666665,8.505
stage_c_seed11_k1_v1,11,1,16,happo,shock,15.425,0.905
stage_c_seed11_k1_v1,11,1,16,happo,base,12.505,0.875
stage_c_seed11_k1_v1,11,1,16,llm_library,shock,15.445,0.905
stage_c_seed11_k1_v1,11,1,16,llm_library,base,12.505,0.875
stage_c_seed11_k1_v1,11,1,17,happo,shock,18.756666666666668,5.565
stage_c_seed11_k1_v1,11,1,17,happo,base,16.191666666666666,5.625
stage_c_seed11_k1_v1,11,1,17,llm_library,shock,18.873333333333335,5.855
stage_c_seed11_k1_v1,11,1,17,llm_library,base,16.191666666666666,5.625
stage_c_seed11_k1_v1,11,1,18,happo,shock,24.838333333333335,46.51
stage_c_seed11_k1_v1,11,1,18,happo,base,22.053333333333335,34.415
stage_c_seed11_k1_v1,11,1,18,llm_library,shock,24.725,46.51
stage_c_seed11_k1_v1,11,1,18,llm_library,base,22.053333333333335,34.415
stage_c_seed11_k1_v1,11,1,19,happo,shock,17.23,3.1
stage_c_seed11_k1_v1,11,1,19,happo,base,19.94,2.28
stage_c_seed11_k1_v1,11,1,19,llm_library,shock,17.23,3.1
stage_c_seed11_k1_v1,11,1,19,llm_library,base,19.94,2.28
stage_c_seed11_k5_v1,11,5,0,happo,shock,27.253333333333334,43.005
stage_c_seed11_k5_v1,11,5,0,happo,base,23.843333333333334,28.265
stage_c_seed11_k5_v1,11,5,0,llm_library,shock,23.7,37.615
stage_c_seed11_k5_v1,11,5,0,llm_library,base,23.843333333333334,28.265
stage_c_seed11_k5_v1,11,5,1,happo,shock,19.076666666666668,14.63
stage_c_seed11_k5_v1,11,5,1,happo,base,18.048333333333332,12.405
stage_c_seed11_k5_v1,11,5,1,llm_library,shock,18.903333333333332,14.63
stage_c_seed11_k5_v1,11,5,1,llm_library,base,18.048333333333332,12.405
stage_c_seed11_k5_v1,11,5,2,happo,shock,18.368333333333332,2.78
stage_c_seed11_k5_v1,11,5,2,happo,base,20.093333333333334,1.525
stage_c_seed11_k5_v1,11,5,2,llm_library,shock,18.008333333333333,1.72
stage_c_seed11_k5_v1,11,5,2,llm_library,base,20.093333333333334,1.525
stage_c_seed11_k5_v1,11,5,3,happo,shock,49.07666666666667,122.855
stage_c_seed11_k5_v1,11,5,3,happo,base,48.166666666666664,120.125
stage_c_seed11_k5_v1,11,5,3,llm_library,shock,46.18833333333333,120.935
stage_c_seed11_k5_v1,11,5,3,llm_library,base,48.166666666666664,120.125
stage_c_seed11_k5_v1,11,5,4,happo,shock,15.131666666666666,2.95
stage_c_seed11_k5_v1,11,5,4,happo,base,16.36,2.88
stage_c_seed11_k5_v1,11,5,4,llm_library,shock,15.065,2.95
stage_c_seed11_k5_v1,11,5,4,llm_library,base,16.36,2.88
stage_c_seed11_k5_v1,11,5,5,happo,shock,20.065,10.405
stage_c_seed11_k5_v1,11,5,5,happo,base,16.903333333333332,9.235
stage_c_seed11_k5_v1,11,5,5,llm_library,shock,20.061666666666667,10.405
stage_c_seed11_k5_v1,11,5,5,llm_library,base,16.903333333333332,9.235
stage_c_seed11_k5_v1,11,5,6,happo,shock,18.391666666666666,7.0
stage_c_seed11_k5_v1,11,5,6,happo,base,17.293333333333333,6.44
stage_c_seed11_k5_v1,11,5,6,llm_library,shock,18.325,7.0
stage_c_seed11_k5_v1,11,5,6,llm_library,base,17.293333333333333,6.44
stage_c_seed11_k5_v1,11,5,7,happo,shock,35.48,70.08
stage_c_seed11_k5_v1,11,5,7,happo,base,34.901666666666664,68.435
stage_c_seed11_k5_v1,11,5,7,llm_library,shock,33.485,69.985
stage_c_seed11_k5_v1,11,5,7,llm_library,base,34.901666666666664,68.435
stage_c_seed11_k5_v1,11,5,8,happo,shock,19.86,6.15
stage_c_seed11_k5_v1,11,5,8,happo,base,17.336666666666666,3.26
stage_c_seed11_k5_v1,11,5,8,llm_library,shock,19.925,6.16
stage_c_seed11_k5_v1,11,5,8,llm_library,base,17.336666666666666,3.26
stage_c_seed11_k5_v1,11,5,9,happo,shock,19.601666666666667,2.92
stage_c_seed11_k5_v1,11,5,9,happo,base,20.366666666666667,3.14
stage_c_seed11_k5_v1,11,5,9,llm_library,shock,20.065,2.845
stage_c_seed11_k5_v1,11,5,9,llm_library,base,20.366666666666667,3.14
stage_c_seed11_k5_v1,11,5,10,happo,shock,17.071666666666665,11.375
stage_c_seed11_k5_v1,11,5,10,happo,base,15.405,3.92
stage_c_seed11_k5_v1,11,5,10,llm_library,shock,17.061666666666667,11.375
stage_c_seed11_k5_v1,11,5,10,llm_library,base,15.405,3.92
stage_c_seed11_k5_v1,11,5,11,happo,shock,41.17666666666667,86.95
stage_c_seed11_k5_v1,11,5,11,happo,base,40.13166666666667,84.43
stage_c_seed11_k5_v1,11,5,11,llm_library,shock,39.751666666666665,86.685
stage_c_seed11_k5_v1,11,5,11,llm_library,base,40.13166666666667,84.43
stage_c_seed11_k5_v1,11,5,12,happo,shock,19.953333333333333,2.705
stage_c_seed11_k5_v1,11,5,12,happo,base,18.911666666666665,2.53
stage_c_seed11_k5_v1,11,5,12,llm_library,shock,19.076666666666668,2.785
stage_c_seed11_k5_v1,11,5,12,llm_library,base,18.911666666666665,2.53
stage_c_seed11_k5_v1,11,5,13,happo,shock,21.218333333333334,7.27
stage_c_seed11_k5_v1,11,5,13,happo,base,18.338333333333335,2.405
stage_c_seed11_k5_v1,11,5,13,llm_library,shock,20.815,7.24
stage_c_seed11_k5_v1,11,5,13,llm_library,base,18.338333333333335,2.405
stage_c_seed11_k5_v1,11,5,14,happo,shock,24.823333333333334,8.23
stage_c_seed11_k5_v1,11,5,14,happo,base,26.74,8.685
stage_c_seed11_k5_v1,11,5,14,llm_library,shock,23.883333333333333,8.315
stage_c_seed11_k5_v1,11,5,14,llm_library,base,26.74,8.685
stage_c_seed11_k5_v1,11,5,15,happo,shock,24.84,12.925
stage_c_seed11_k5_v1,11,5,15,happo,base,21.536666666666665,8.505
stage_c_seed11_k5_v1,11,5,15,llm_library,shock,24.775,12.925
stage_c_seed11_k5_v1,11,5,15,llm_library,base,21.536666666666665,8.505
stage_c_seed11_k5_v1,11,5,16,happo,shock,15.425,0.905
stage_c_seed11_k5_v1,11,5,16,happo,base,12.505,0.875
stage_c_seed11_k5_v1,11,5,16,llm_library,shock,16.52166666666667,0.945
stage_c_seed11_k5_v1,11,5,16,llm_library,base,12.505,0.875
stage_c_seed11_k5_v1,11,5,17,happo,shock,18.756666666666668,5.565
stage_c_seed11_k5_v1,11,5,17,happo,base,16.191666666666666,5.625
stage_c_seed11_k5_v1,11,5,17,llm_library,shock,17.308333333333334,5.61
stage_c_seed11_k5_v1,11,5,17,llm_library,base,16.191666666666666,5.625
stage_c_seed11_k5_v1,11,5,18,happo,shock,24.838333333333335,46.51
stage_c_seed11_k5_v1,11,5,18,happo,base,22.053333333333335,34.415
stage_c_seed11_k5_v1,11,5,18,llm_library,shock,24.725,46.51
stage_c_seed11_k5_v1,11,5,18,llm_library,base,22.053333333333335,34.415
stage_c_seed11_k5_v1,11,5,19,happo,shock,17.23,3.1
stage_c_seed11_k5_v1,11,5,19,happo,base,19.94,2.28
stage_c_seed11_k5_v1,11,5,19,llm_library,shock,16.545,2.745
stage_c_seed11_k5_v1,11,5,19,llm_library,base,19.94,2.28
stage_b_seed12_k3_v1,12,3,0,happo,shock,27.096666666666668,31.71
stage_b_seed12_k3_v1,12,3,0,happo,base,23.381666666666668,32.3
stage_b_seed12_k3_v1,12,3,0,llm_library,shock,35.85166666666667,39.92
stage_b_seed12_k3_v1,12,3,0,llm_library,base,23.381666666666668,32.3
stage_b_seed12_k3_v1,12,3,1,happo,shock,17.925,16.505
stage_b_seed12_k3_v1,12,3,1,happo,base,19.286666666666665,17.53
stage_b_seed12_k3_v1,12,3,1,llm_library,shock,17.918333333333333,16.505
stage_b_seed12_k3_v1,12,3,1,llm_library,base,19.286666666666665,17.53
stage_b_seed12_k3_v1,12,3,2,happo,shock,14.73,2.975
stage_b_seed12_k3_v1,12,3,2,happo,base,18.26,3.205
stage_b_seed12_k3_v1,12,3,2,llm_library,shock,14.73,2.975
stage_b_seed12_k3_v1,12,3,2,llm_library,base,18.26,3.205
stage_b_seed12_k3_v1,12,3,3,happo,shock,30.423333333333332,54.09
stage_b_seed12_k3_v1,12,3,3,happo,base,30.408333333333335,54.635
stage_b_seed12_k3_v1,12,3,3,llm_library,shock,29.356666666666666,51.895
stage_b_seed12_k3_v1,12,3,3,llm_library,base,30.408333333333335,54.635
stage_b_seed12_k3_v1,12,3,4,happo,shock,12.325,2.195
stage_b_seed12_k3_v1,12,3,4,happo,base,13.496666666666666,2.125
stage_b_seed12_k3_v1,12,3,4,llm_library,shock,12.976666666666667,2.35
stage_b_seed12_k3_v1,12,3,4,llm_library,base,13.496666666666666,2.125
stage_b_seed12_k3_v1,12,3,5,happo,shock,22.018333333333334,11.46
stage_b_seed12_k3_v1,12,3,5,happo,base,14.27,8.105
stage_b_seed12_k3_v1,12,3,5,llm_library,shock,21.67,11.78
stage_b_seed12_k3_v1,12,3,5,llm_library,base,14.27,8.105
stage_b_seed12_k3_v1,12,3,6,happo,shock,21.956666666666667,14.38
stage_b_seed12_k3_v1,12,3,6,happo,base,15.325,6.195
stage_b_seed12_k3_v1,12,3,6,llm_library,shock,21.956666666666667,14.38
stage_b_seed12_k3_v1,12,3,6,llm_library,base,15.325,6.195
stage_b_seed12_k3_v1,12,3,7,happo,shock,24.438333333333333,34.665
stage_b_seed12_k3_v1,12,3,7,happo,base,21.971666666666668,32.335
stage_b_seed12_k3_v1,12,3,7,llm_library,shock,22.101666666666667,32.71
stage_b_seed12_k3_v1,12,3,7,llm_library,base,21.971666666666668,32.335
stage_b_seed12_k3_v1,12,3,8,happo,shock,16.721666666666668,5.445
stage_b_seed12_k3_v1,12,3,8,happo,base,13.528333333333334,2.545
stage_b_seed12_k3_v1,12,3,8,llm_library,shock,16.721666666666668,5.445
stage_b_seed12_k3_v1,12,3,8,llm_library,base,13.528333333333334,2.545
stage_b_seed12_k3_v1,12,3,9,happo,shock,13.238333333333333,2.645
stage_b_seed12_k3_v1,12,3,9,happo,base,16.17,3.71
stage_b_seed12_k3_v1,12,3,9,llm_library,shock,13.065,2.71
stage_b_seed12_k3_v1,12,3,9,llm_library,base,16.17,3.71
stage_b_seed12_k3_v1,12,3,10,happo,shock,19.541666666666668,10.04
stage_b_seed12_k3_v1,12,3,10,happo,base,16.55666666666667,5.505
stage_b_seed12_k3_v1,12,3,10,llm_library,shock,19.016666666666666,9.935
stage_b_seed12_k3_v1,12,3,10,llm_library,base,16.55666666666667,5.505
stage_b_seed12_k3_v1,12,3,11,happo,shock,37.69833333333333,60.035
stage_b_seed12_k3_v1,12,3,11,happo,base,37.34,58.31
stage_b_seed12_k3_v1,12,3,11,llm_library,shock,37.593333333333334,60.005
stage_b_seed12_k3_v1,12,3,11,llm_library,base,37.34,58.31
stage_b_seed12_k3_v1,12,3,12,happo,shock,16.27,4.15
stage_b_seed12_k3_v1,12,3,12,happo,base,12.831666666666667,3.315
stage_b_seed12_k3_v1,12,3,12,llm_library,shock,16.205,4.15
stage_b_seed12_k3_v1,12,3,12,llm_library,base,12.831666666666667,3.315
stage_b_seed12_k3_v1,12,3,13,happo,shock,16.651666666666667,5.125
stage_b_seed12_k3_v1,12,3,13,happo,base,13.296666666666667,1.72
stage_b_seed12_k3_v1,12,3,13,llm_library,shock,16.651666666666667,5.125
stage_b_seed12_k3_v1,12,3,13,llm_library,base,13.296666666666667,1.72
stage_b_seed12_k3_v1,12,3,14,happo,shock,17.02166666666667,6.335
stage_b_seed12_k3_v1,12,3,14,happo,base,22.14666666666667,9.495
stage_b_seed12_k3_v1,12,3,14,llm_library,shock,16.463333333333335,5.755
stage_b_seed12_k3_v1,12,3,14,llm_library,base,22.14666666666667,9.495
stage_b_seed12_k3_v1,12,3,15,happo,shock,19.66,10.465
stage_b_seed12_k3_v1,12,3,15,happo,base,16.416666666666668,8.235
stage_b_seed12_k3_v1,12,3,15,llm_library,shock,21.373333333333335,13.195
stage_b_seed12_k3_v1,12,3,15,llm_library,base,16.416666666666668,8.235
stage_b_seed12_k3_v1,12,3,16,happo,shock,10.74,1.105
stage_b_seed12_k3_v1,12,3,16,happo,base,10.526666666666667,0.915
stage_b_seed12_k3_v1,12,3,16,llm_library,shock,10.34,1.325
stage_b_seed12_k3_v1,12,3,16,llm_library,base,10.526666666666667,0.915
stage_b_seed12_k3_v1,12,3,17,happo,shock,15.033333333333333,6.65
stage_b_seed12_k3_v1,12,3,17,happo,base,16.581666666666667,6.79
stage_b_seed12_k3_v1,12,3,17,llm_library,shock,15.293333333333333,7.205
stage_b_seed12_k3_v1,12,3,17,llm_library,base,16.581666666666667,6.79
stage_b_seed12_k3_v1,12,3,18,happo,shock,21.823333333333334,31.09
stage_b_seed12_k3_v1,12,3,18,happo,base,19.241666666666667,28.11
stage_b_seed12_k3_v1,12,3,18,llm_library,shock,21.823333333333334,31.09
stage_b_seed12_k3_v1,12,3,18,llm_library,base,19.241666666666667,28.11
stage_b_seed12_k3_v1,12,3,19,happo,shock,16.01,3.89
stage_b_seed12_k3_v1,12,3,19,happo,base,17.736666666666668,4.0
stage_b_seed12_k3_v1,12,3,19,llm_library,shock,15.46,3.89
stage_b_seed12_k3_v1,12,3,19,llm_library,base,17.736666666666668,4.0
stage_c_seed12_k3_v1,12,3,0,happo,shock,27.096666666666668,31.71
stage_c_seed12_k3_v1,12,3,0,happo,base,23.381666666666668,32.3
stage_c_seed12_k3_v1,12,3,0,llm_no_screen,shock,45.43666666666667,47.425
stage_c_seed12_k3_v1,12,3,0,llm_no_screen,base,23.381666666666668,32.3
stage_c_seed12_k3_v1,12,3,0,llm_search_only,shock,26.683333333333334,36.345
stage_c_seed12_k3_v1,12,3,0,llm_search_only,base,23.381666666666668,32.3
stage_c_seed12_k3_v1,12,3,0,random_screen,shock,24.41,38.63
stage_c_seed12_k3_v1,12,3,0,random_screen,base,23.381666666666668,32.3
stage_c_seed12_k3_v1,12,3,1,happo,shock,17.925,16.505
stage_c_seed12_k3_v1,12,3,1,happo,base,19.286666666666665,17.53
stage_c_seed12_k3_v1,12,3,1,llm_no_screen,shock,14.886666666666667,14.755
stage_c_seed12_k3_v1,12,3,1,llm_no_screen,base,19.286666666666665,17.53
stage_c_seed12_k3_v1,12,3,1,llm_search_only,shock,17.135,15.6
stage_c_seed12_k3_v1,12,3,1,llm_search_only,base,19.286666666666665,17.53
stage_c_seed12_k3_v1,12,3,1,random_screen,shock,15.896666666666667,13.095
stage_c_seed12_k3_v1,12,3,1,random_screen,base,19.286666666666665,17.53
stage_c_seed12_k3_v1,12,3,2,happo,shock,14.73,2.975
stage_c_seed12_k3_v1,12,3,2,happo,base,18.26,3.205
stage_c_seed12_k3_v1,12,3,2,llm_no_screen,shock,16.421666666666667,4.6
stage_c_seed12_k3_v1,12,3,2,llm_no_screen,base,18.26,3.205
stage_c_seed12_k3_v1,12,3,2,llm_search_only,shock,15.276666666666667,3.56
stage_c_seed12_k3_v1,12,3,2,llm_search_only,base,18.26,3.205
stage_c_seed12_k3_v1,12,3,2,random_screen,shock,14.721666666666666,3.255
stage_c_seed12_k3_v1,12,3,2,random_screen,base,18.26,3.205
stage_c_seed12_k3_v1,12,3,3,happo,shock,30.423333333333332,54.09
stage_c_seed12_k3_v1,12,3,3,happo,base,30.408333333333335,54.635
stage_c_seed12_k3_v1,12,3,3,llm_no_screen,shock,36.251666666666665,71.575
stage_c_seed12_k3_v1,12,3,3,llm_no_screen,base,30.408333333333335,54.635
stage_c_seed12_k3_v1,12,3,3,llm_search_only,shock,29.10333333333333,52.0
stage_c_seed12_k3_v1,12,3,3,llm_search_only,base,30.408333333333335,54.635
stage_c_seed12_k3_v1,12,3,3,random_screen,shock,25.08,48.74
stage_c_seed12_k3_v1,12,3,3,random_screen,base,30.408333333333335,54.635
stage_c_seed12_k3_v1,12,3,4,happo,shock,12.325,2.195
stage_c_seed12_k3_v1,12,3,4,happo,base,13.496666666666666,2.125
stage_c_seed12_k3_v1,12,3,4,llm_no_screen,shock,14.995,2.81
stage_c_seed12_k3_v1,12,3,4,llm_no_screen,base,13.496666666666666,2.125
stage_c_seed12_k3_v1,12,3,4,llm_search_only,shock,12.258333333333333,2.215
stage_c_seed12_k3_v1,12,3,4,llm_search_only,base,13.496666666666666,2.125
stage_c_seed12_k3_v1,12,3,4,random_screen,shock,11.7,2.45
stage_c_seed12_k3_v1,12,3,4,random_screen,base,13.496666666666666,2.125
stage_c_seed12_k3_v1,12,3,5,happo,shock,22.018333333333334,11.46
stage_c_seed12_k3_v1,12,3,5,happo,base,14.27,8.105
stage_c_seed12_k3_v1,12,3,5,llm_no_screen,shock,22.218333333333334,12.315
stage_c_seed12_k3_v1,12,3,5,llm_no_screen,base,14.27,8.105
stage_c_seed12_k3_v1,12,3,5,llm_search_only,shock,21.10333333333333,11.54
stage_c_seed12_k3_v1,12,3,5,llm_search_only,base,14.27,8.105
stage_c_seed12_k3_v1,12,3,5,random_screen,shock,21.273333333333333,11.495
stage_c_seed12_k3_v1,12,3,5,random_screen,base,14.27,8.105
stage_c_seed12_k3_v1,12,3,6,happo,shock,21.956666666666667,14.38
stage_c_seed12_k3_v1,12,3,6,happo,base,15.325,6.195
stage_c_seed12_k3_v1,12,3,6,llm_no_screen,shock,17.55666666666667,12.07
stage_c_seed12_k3_v1,12,3,6,llm_no_screen,base,15.325,6.195
stage_c_seed12_k3_v1,12,3,6,llm_search_only,shock,18.893333333333334,11.29
stage_c_seed12_k3_v1,12,3,6,llm_search_only,base,15.325,6.195
stage_c_seed12_k3_v1,12,3,6,random_screen,shock,17.275,9.205
stage_c_seed12_k3_v1,12,3,6,random_screen,base,15.325,6.195
stage_c_seed12_k3_v1,12,3,7,happo,shock,24.438333333333333,34.665
stage_c_seed12_k3_v1,12,3,7,happo,base,21.971666666666668,32.335
stage_c_seed12_k3_v1,12,3,7,llm_no_screen,shock,26.803333333333335,43.17
stage_c_seed12_k3_v1,12,3,7,llm_no_screen,base,21.971666666666668,32.335
stage_c_seed12_k3_v1,12,3,7,llm_search_only,shock,21.893333333333334,32.235
stage_c_seed12_k3_v1,12,3,7,llm_search_only,base,21.971666666666668,32.335
stage_c_seed12_k3_v1,12,3,7,random_screen,shock,22.351666666666667,31.62
stage_c_seed12_k3_v1,12,3,7,random_screen,base,21.971666666666668,32.335
stage_c_seed12_k3_v1,12,3,8,happo,shock,16.721666666666668,5.445
stage_c_seed12_k3_v1,12,3,8,happo,base,13.528333333333334,2.545
stage_c_seed12_k3_v1,12,3,8,llm_no_screen,shock,14.368333333333334,6.195
stage_c_seed12_k3_v1,12,3,8,llm_no_screen,base,13.528333333333334,2.545
stage_c_seed12_k3_v1,12,3,8,llm_search_only,shock,15.858333333333333,5.445
stage_c_seed12_k3_v1,12,3,8,llm_search_only,base,13.528333333333334,2.545
stage_c_seed12_k3_v1,12,3,8,random_screen,shock,16.85,5.455
stage_c_seed12_k3_v1,12,3,8,random_screen,base,13.528333333333334,2.545
stage_c_seed12_k3_v1,12,3,9,happo,shock,13.238333333333333,2.645
stage_c_seed12_k3_v1,12,3,9,happo,base,16.17,3.71
stage_c_seed12_k3_v1,12,3,9,llm_no_screen,shock,15.718333333333334,4.12
stage_c_seed12_k3_v1,12,3,9,llm_no_screen,base,16.17,3.71
stage_c_seed12_k3_v1,12,3,9,llm_search_only,shock,16.22833333333333,3.35
stage_c_seed12_k3_v1,12,3,9,llm_search_only,base,16.17,3.71
stage_c_seed12_k3_v1,12,3,9,random_screen,shock,13.27,2.64
stage_c_seed12_k3_v1,12,3,9,random_screen,base,16.17,3.71
stage_c_seed12_k3_v1,12,3,10,happo,shock,19.541666666666668,10.04
stage_c_seed12_k3_v1,12,3,10,happo,base,16.55666666666667,5.505
stage_c_seed12_k3_v1,12,3,10,llm_no_screen,shock,19.496666666666666,12.33
stage_c_seed12_k3_v1,12,3,10,llm_no_screen,base,16.55666666666667,5.505
stage_c_seed12_k3_v1,12,3,10,llm_search_only,shock,17.403333333333332,10.025
stage_c_seed12_k3_v1,12,3,10,llm_search_only,base,16.55666666666667,5.505
stage_c_seed12_k3_v1,12,3,10,random_screen,shock,18.123333333333335,8.71
stage_c_seed12_k3_v1,12,3,10,random_screen,base,16.55666666666667,5.505
stage_c_seed12_k3_v1,12,3,11,happo,shock,37.69833333333333,60.035
stage_c_seed12_k3_v1,12,3,11,happo,base,37.34,58.31
stage_c_seed12_k3_v1,12,3,11,llm_no_screen,shock,38.805,68.52
stage_c_seed12_k3_v1,12,3,11,llm_no_screen,base,37.34,58.31
stage_c_seed12_k3_v1,12,3,11,llm_search_only,shock,37.108333333333334,60.025
stage_c_seed12_k3_v1,12,3,11,llm_search_only,base,37.34,58.31
stage_c_seed12_k3_v1,12,3,11,random_screen,shock,32.24,55.625
stage_c_seed12_k3_v1,12,3,11,random_screen,base,37.34,58.31
stage_c_seed12_k3_v1,12,3,12,happo,shock,16.27,4.15
stage_c_seed12_k3_v1,12,3,12,happo,base,12.831666666666667,3.315
stage_c_seed12_k3_v1,12,3,12,llm_no_screen,shock,14.733333333333333,5.16
stage_c_seed12_k3_v1,12,3,12,llm_no_screen,base,12.831666666666667,3.315
stage_c_seed12_k3_v1,12,3,12,llm_search_only,shock,13.873333333333333,4.575
stage_c_seed12_k3_v1,12,3,12,llm_search_only,base,12.831666666666667,3.315
stage_c_seed12_k3_v1,12,3,12,random_screen,shock,15.223333333333333,4.24
stage_c_seed12_k3_v1,12,3,12,random_screen,base,12.831666666666667,3.315
stage_c_seed12_k3_v1,12,3,13,happo,shock,16.651666666666667,5.125
stage_c_seed12_k3_v1,12,3,13,happo,base,13.296666666666667,1.72
stage_c_seed12_k3_v1,12,3,13,llm_no_screen,shock,15.765,5.68
stage_c_seed12_k3_v1,12,3,13,llm_no_screen,base,13.296666666666667,1.72
stage_c_seed12_k3_v1,12,3,13,llm_search_only,shock,17.005,5.26
stage_c_seed12_k3_v1,12,3,13,llm_search_only,base,13.296666666666667,1.72
stage_c_seed12_k3_v1,12,3,13,random_screen,shock,17.06,4.725
stage_c_seed12_k3_v1,12,3,13,random_screen,base,13.296666666666667,1.72
stage_c_seed12_k3_v1,12,3,14,happo,shock,17.02166666666667,6.335
stage_c_seed12_k3_v1,12,3,14,happo,base,22.14666666666667,9.495
stage_c_seed12_k3_v1,12,3,14,llm_no_screen,shock,19.266666666666666,9.865
stage_c_seed12_k3_v1,12,3,14,llm_no_screen,base,22.14666666666667,9.495
stage_c_seed12_k3_v1,12,3,14,llm_search_only,shock,16.63,5.975
stage_c_seed12_k3_v1,12,3,14,llm_search_only,base,22.14666666666667,9.495
stage_c_seed12_k3_v1,12,3,14,random_screen,shock,17.761666666666667,6.775
stage_c_seed12_k3_v1,12,3,14,random_screen,base,22.14666666666667,9.495
stage_c_seed12_k3_v1,12,3,15,happo,shock,19.66,10.465
stage_c_seed12_k3_v1,12,3,15,happo,base,16.416666666666668,8.235
stage_c_seed12_k3_v1,12,3,15,llm_no_screen,shock,20.816666666666666,14.71
stage_c_seed12_k3_v1,12,3,15,llm_no_screen,base,16.416666666666668,8.235
stage_c_seed12_k3_v1,12,3,15,llm_search_only,shock,17.468333333333334,10.445
stage_c_seed12_k3_v1,12,3,15,llm_search_only,base,16.416666666666668,8.235
stage_c_seed12_k3_v1,12,3,15,random_screen,shock,15.766666666666667,9.845
stage_c_seed12_k3_v1,12,3,15,random_screen,base,16.416666666666668,8.235
stage_c_seed12_k3_v1,12,3,16,happo,shock,10.74,1.105
stage_c_seed12_k3_v1,12,3,16,happo,base,10.526666666666667,0.915
stage_c_seed12_k3_v1,12,3,16,llm_no_screen,shock,11.231666666666667,2.025
stage_c_seed12_k3_v1,12,3,16,llm_no_screen,base,10.526666666666667,0.915
stage_c_seed12_k3_v1,12,3,16,llm_search_only,shock,11.56,1.69
stage_c_seed12_k3_v1,12,3,16,llm_search_only,base,10.526666666666667,0.915
stage_c_seed12_k3_v1,12,3,16,random_screen,shock,10.74,1.105
stage_c_seed12_k3_v1,12,3,16,random_screen,base,10.526666666666667,0.915
stage_c_seed12_k3_v1,12,3,17,happo,shock,15.033333333333333,6.65
stage_c_seed12_k3_v1,12,3,17,happo,base,16.581666666666667,6.79
stage_c_seed12_k3_v1,12,3,17,llm_no_screen,shock,18.995,7.895
stage_c_seed12_k3_v1,12,3,17,llm_no_screen,base,16.581666666666667,6.79
stage_c_seed12_k3_v1,12,3,17,llm_search_only,shock,14.651666666666667,7.625
stage_c_seed12_k3_v1,12,3,17,llm_search_only,base,16.581666666666667,6.79
stage_c_seed12_k3_v1,12,3,17,random_screen,shock,13.995,6.07
stage_c_seed12_k3_v1,12,3,17,random_screen,base,16.581666666666667,6.79
stage_c_seed12_k3_v1,12,3,18,happo,shock,21.823333333333334,31.09
stage_c_seed12_k3_v1,12,3,18,happo,base,19.241666666666667,28.11
stage_c_seed12_k3_v1,12,3,18,llm_no_screen,shock,23.18,43.795
stage_c_seed12_k3_v1,12,3,18,llm_no_screen,base,19.241666666666667,28.11
stage_c_seed12_k3_v1,12,3,18,llm_search_only,shock,23.385,34.76
stage_c_seed12_k3_v1,12,3,18,llm_search_only,base,19.241666666666667,28.11
stage_c_seed12_k3_v1,12,3,18,random_screen,shock,19.036666666666665,33.2
stage_c_seed12_k3_v1,12,3,18,random_screen,base,19.241666666666667,28.11
stage_c_seed12_k3_v1,12,3,19,happo,shock,16.01,3.89
stage_c_seed12_k3_v1,12,3,19,happo,base,17.736666666666668,4.0
stage_c_seed12_k3_v1,12,3,19,llm_no_screen,shock,17.051666666666666,4.455
stage_c_seed12_k3_v1,12,3,19,llm_no_screen,base,17.736666666666668,4.0
stage_c_seed12_k3_v1,12,3,19,llm_search_only,shock,15.341666666666667,3.53
stage_c_seed12_k3_v1,12,3,19,llm_search_only,base,17.736666666666668,4.0
stage_c_seed12_k3_v1,12,3,19,random_screen,shock,17.016666666666666,3.82
stage_c_seed12_k3_v1,12,3,19,random_screen,base,17.736666666666668,4.0
stage_c_seed12_k1_v1,12,1,0,happo,shock,27.096666666666668,31.71
stage_c_seed12_k1_v1,12,1,0,happo,base,23.381666666666668,32.3
stage_c_seed12_k1_v1,12,1,0,llm_library,shock,25.096666666666668,32.53
stage_c_seed12_k1_v1,12,1,0,llm_library,base,23.381666666666668,32.3
stage_c_seed12_k1_v1,12,1,1,happo,shock,17.925,16.505
stage_c_seed12_k1_v1,12,1,1,happo,base,19.286666666666665,17.53
stage_c_seed12_k1_v1,12,1,1,llm_library,shock,17.925,16.435
stage_c_seed12_k1_v1,12,1,1,llm_library,base,19.286666666666665,17.53
stage_c_seed12_k1_v1,12,1,2,happo,shock,14.73,2.975
stage_c_seed12_k1_v1,12,1,2,happo,base,18.26,3.205
stage_c_seed12_k1_v1,12,1,2,llm_library,shock,15.25,3.45
stage_c_seed12_k1_v1,12,1,2,llm_library,base,18.26,3.205
stage_c_seed12_k1_v1,12,1,3,happo,shock,30.423333333333332,54.09
stage_c_seed12_k1_v1,12,1,3,happo,base,30.408333333333335,54.635
stage_c_seed12_k1_v1,12,1,3,llm_library,shock,30.345,54.09
stage_c_seed12_k1_v1,12,1,3,llm_library,base,30.408333333333335,54.635
stage_c_seed12_k1_v1,12,1,4,happo,shock,12.325,2.195
stage_c_seed12_k1_v1,12,1,4,happo,base,13.496666666666666,2.125
stage_c_seed12_k1_v1,12,1,4,llm_library,shock,12.226666666666667,2.23
stage_c_seed12_k1_v1,12,1,4,llm_library,base,13.496666666666666,2.125
stage_c_seed12_k1_v1,12,1,5,happo,shock,22.018333333333334,11.46
stage_c_seed12_k1_v1,12,1,5,happo,base,14.27,8.105
stage_c_seed12_k1_v1,12,1,5,llm_library,shock,22.448333333333334,11.99
stage_c_seed12_k1_v1,12,1,5,llm_library,base,14.27,8.105
stage_c_seed12_k1_v1,12,1,6,happo,shock,21.956666666666667,14.38
stage_c_seed12_k1_v1,12,1,6,happo,base,15.325,6.195
stage_c_seed12_k1_v1,12,1,6,llm_library,shock,21.956666666666667,14.38
stage_c_seed12_k1_v1,12,1,6,llm_library,base,15.325,6.195
stage_c_seed12_k1_v1,12,1,7,happo,shock,24.438333333333333,34.665
stage_c_seed12_k1_v1,12,1,7,happo,base,21.971666666666668,32.335
stage_c_seed12_k1_v1,12,1,7,llm_library,shock,24.225,34.68
stage_c_seed12_k1_v1,12,1,7,llm_library,base,21.971666666666668,32.335
stage_c_seed12_k1_v1,12,1,8,happo,shock,16.721666666666668,5.445
stage_c_seed12_k1_v1,12,1,8,happo,base,13.528333333333334,2.545
stage_c_seed12_k1_v1,12,1,8,llm_library,shock,16.721666666666668,5.445
stage_c_seed12_k1_v1,12,1,8,llm_library,base,13.528333333333334,2.545
stage_c_seed12_k1_v1,12,1,9,happo,shock,13.238333333333333,2.645
stage_c_seed12_k1_v1,12,1,9,happo,base,16.17,3.71
stage_c_seed12_k1_v1,12,1,9,llm_library,shock,14.368333333333334,2.675
stage_c_seed12_k1_v1,12,1,9,llm_library,base,16.17,3.71
stage_c_seed12_k1_v1,12,1,10,happo,shock,19.541666666666668,10.04
stage_c_seed12_k1_v1,12,1,10,happo,base,16.55666666666667,5.505
stage_c_seed12_k1_v1,12,1,10,llm_library,shock,19.538333333333334,10.04
stage_c_seed12_k1_v1,12,1,10,llm_library,base,16.55666666666667,5.505
stage_c_seed12_k1_v1,12,1,11,happo,shock,37.69833333333333,60.035
stage_c_seed12_k1_v1,12,1,11,happo,base,37.34,58.31
stage_c_seed12_k1_v1,12,1,11,llm_library,shock,37.64333333333333,60.035
stage_c_seed12_k1_v1,12,1,11,llm_library,base,37.34,58.31
stage_c_seed12_k1_v1,12,1,12,happo,shock,16.27,4.15
stage_c_seed12_k1_v1,12,1,12,happo,base,12.831666666666667,3.315
stage_c_seed12_k1_v1,12,1,12,llm_library,shock,16.205,4.15
stage_c_seed12_k1_v1,12,1,12,llm_library,base,12.831666666666667,3.315
stage_c_seed12_k1_v1,12,1,13,happo,shock,16.651666666666667,5.125
stage_c_seed12_k1_v1,12,1,13,happo,base,13.296666666666667,1.72
stage_c_seed12_k1_v1,12,1,13,llm_library,shock,16.898333333333333,5.025
stage_c_seed12_k1_v1,12,1,13,llm_library,base,13.296666666666667,1.72
stage_c_seed12_k1_v1,12,1,14,happo,shock,17.02166666666667,6.335
stage_c_seed12_k1_v1,12,1,14,happo,base,22.14666666666667,9.495
stage_c_seed12_k1_v1,12,1,14,llm_library,shock,16.39,6.56
stage_c_seed12_k1_v1,12,1,14,llm_library,base,22.14666666666667,9.495
stage_c_seed12_k1_v1,12,1,15,happo,shock,19.66,10.465
stage_c_seed12_k1_v1,12,1,15,happo,base,16.416666666666668,8.235
stage_c_seed12_k1_v1,12,1,15,llm_library,shock,18.045,11.02
stage_c_seed12_k1_v1,12,1,15,llm_library,base,16.416666666666668,8.235
stage_c_seed12_k1_v1,12,1,16,happo,shock,10.74,1.105
stage_c_seed12_k1_v1,12,1,16,happo,base,10.526666666666667,0.915
stage_c_seed12_k1_v1,12,1,16,llm_library,shock,10.33,1.335
stage_c_seed12_k1_v1,12,1,16,llm_library,base,10.526666666666667,0.915
stage_c_seed12_k1_v1,12,1,17,happo,shock,15.033333333333333,6.65
stage_c_seed12_k1_v1,12,1,17,happo,base,16.581666666666667,6.79
stage_c_seed12_k1_v1,12,1,17,llm_library,shock,14.973333333333333,6.65
stage_c_seed12_k1_v1,12,1,17,llm_library,base,16.581666666666667,6.79
stage_c_seed12_k1_v1,12,1,18,happo,shock,21.823333333333334,31.09
stage_c_seed12_k1_v1,12,1,18,happo,base,19.241666666666667,28.11
stage_c_seed12_k1_v1,12,1,18,llm_library,shock,21.823333333333334,31.09
stage_c_seed12_k1_v1,12,1,18,llm_library,base,19.241666666666667,28.11
stage_c_seed12_k1_v1,12,1,19,happo,shock,16.01,3.89
stage_c_seed12_k1_v1,12,1,19,happo,base,17.736666666666668,4.0
stage_c_seed12_k1_v1,12,1,19,llm_library,shock,15.573333333333334,3.91
stage_c_seed12_k1_v1,12,1,19,llm_library,base,17.736666666666668,4.0
stage_c_seed12_k5_v1,12,5,0,happo,shock,27.096666666666668,31.71
stage_c_seed12_k5_v1,12,5,0,happo,base,23.381666666666668,32.3
stage_c_seed12_k5_v1,12,5,0,llm_library,shock,26.703333333333333,39.33
stage_c_seed12_k5_v1,12,5,0,llm_library,base,23.381666666666668,32.3
stage_c_seed12_k5_v1,12,5,1,happo,shock,17.925,16.505
stage_c_seed12_k5_v1,12,5,1,happo,base,19.286666666666665,17.53
stage_c_seed12_k5_v1,12,5,1,llm_library,shock,17.128333333333334,15.44
stage_c_seed12_k5_v1,12,5,1,llm_library,base,19.286666666666665,17.53
stage_c_seed12_k5_v1,12,5,2,happo,shock,14.73,2.975
stage_c_seed12_k5_v1,12,5,2,happo,base,18.26,3.205
stage_c_seed12_k5_v1,12,5,2,llm_library,shock,14.73,2.975
stage_c_seed12_k5_v1,12,5,2,llm_library,base,18.26,3.205
stage_c_seed12_k5_v1,12,5,3,happo,shock,30.423333333333332,54.09
stage_c_seed12_k5_v1,12,5,3,happo,base,30.408333333333335,54.635
stage_c_seed12_k5_v1,12,5,3,llm_library,shock,29.356666666666666,51.895
stage_c_seed12_k5_v1,12,5,3,llm_library,base,30.408333333333335,54.635
stage_c_seed12_k5_v1,12,5,4,happo,shock,12.325,2.195
stage_c_seed12_k5_v1,12,5,4,happo,base,13.496666666666666,2.125
stage_c_seed12_k5_v1,12,5,4,llm_library,shock,11.793333333333333,2.23
stage_c_seed12_k5_v1,12,5,4,llm_library,base,13.496666666666666,2.125
stage_c_seed12_k5_v1,12,5,5,happo,shock,22.018333333333334,11.46
stage_c_seed12_k5_v1,12,5,5,happo,base,14.27,8.105
stage_c_seed12_k5_v1,12,5,5,llm_library,shock,22.038333333333334,11.81
stage_c_seed12_k5_v1,12,5,5,llm_library,base,14.27,8.105
stage_c_seed12_k5_v1,12,5,6,happo,shock,21.956666666666667,14.38
stage_c_seed12_k5_v1,12,5,6,happo,base,15.325,6.195
stage_c_seed12_k5_v1,12,5,6,llm_library,shock,18.705,10.975
stage_c_seed12_k5_v1,12,5,6,llm_library,base,15.325,6.195
stage_c_seed12_k5_v1,12,5,7,happo,shock,24.438333333333333,34.665
stage_c_seed12_k5_v1,12,5,7,happo,base,21.971666666666668,32.335
stage_c_seed12_k5_v1,12,5,7,llm_library,shock,22.523333333333333,32.15
stage_c_seed12_k5_v1,12,5,7,llm_library,base,21.971666666666668,32.335
stage_c_seed12_k5_v1,12,5,8,happo,shock,16.721666666666668,5.445
stage_c_seed12_k5_v1,12,5,8,happo,base,13.528333333333334,2.545
stage_c_seed12_k5_v1,12,5,8,llm_library,shock,16.721666666666668,5.445
stage_c_seed12_k5_v1,12,5,8,llm_library,base,13.528333333333334,2.545
stage_c_seed12_k5_v1,12,5,9,happo,shock,13.238333333333333,2.645
stage_c_seed12_k5_v1,12,5,9,happo,base,16.17,3.71
stage_c_seed12_k5_v1,12,5,9,llm_library,shock,13.238333333333333,2.645
stage_c_seed12_k5_v1,12,5,9,llm_library,base,16.17,3.71
stage_c_seed12_k5_v1,12,5,10,happo,shock,19.541666666666668,10.04
stage_c_seed12_k5_v1,12,5,10,happo,base,16.55666666666667,5.505
stage_c_seed12_k5_v1,12,5,10,llm_library,shock,18.156666666666666,10.015
stage_c_seed12_k5_v1,12,5,10,llm_library,base,16.55666666666667,5.505
stage_c_seed12_k5_v1,12,5,11,happo,shock,37.69833333333333,60.035
stage_c_seed12_k5_v1,12,5,11,happo,base,37.34,58.31
stage_c_seed12_k5_v1,12,5,11,llm_library,shock,37.94,60.045
stage_c_seed12_k5_v1,12,5,11,llm_library,base,37.34,58.31
stage_c_seed12_k5_v1,12,5,12,happo,shock,16.27,4.15
stage_c_seed12_k5_v1,12,5,12,happo,base,12.831666666666667,3.315
stage_c_seed12_k5_v1,12,5,12,llm_library,shock,16.266666666666666,4.15
stage_c_seed12_k5_v1,12,5,12,llm_library,base,12.831666666666667,3.315
stage_c_seed12_k5_v1,12,5,13,happo,shock,16.651666666666667,5.125
stage_c_seed12_k5_v1,12,5,13,happo,base,13.296666666666667,1.72
stage_c_seed12_k5_v1,12,5,13,llm_library,shock,16.218333333333334,5.135
stage_c_seed12_k5_v1,12,5,13,llm_library,base,13.296666666666667,1.72
stage_c_seed12_k5_v1,12,5,14,happo,shock,17.02166666666667,6.335
stage_c_seed12_k5_v1,12,5,14,happo,base,22.14666666666667,9.495
stage_c_seed12_k5_v1,12,5,14,llm_library,shock,17.05,6.35
stage_c_seed12_k5_v1,12,5,14,llm_library,base,22.14666666666667,9.495
stage_c_seed12_k5_v1,12,5,15,happo,shock,19.66,10.465
stage_c_seed12_k5_v1,12,5,15,happo,base,16.416666666666668,8.235
stage_c_seed12_k5_v1,12,5,15,llm_library,shock,19.785,13.02
stage_c_seed12_k5_v1,12,5,15,llm_library,base,16.416666666666668,8.235
stage_c_seed12_k5_v1,12,5,16,happo,shock,10.74,1.105
stage_c_seed12_k5_v1,12,5,16,happo,base,10.526666666666667,0.915
stage_c_seed12_k5_v1,12,5,16,llm_library,shock,10.74,1.105
stage_c_seed12_k5_v1,12,5,16,llm_library,base,10.526666666666667,0.915
stage_c_seed12_k5_v1,12,5,17,happo,shock,15.033333333333333,6.65
stage_c_seed12_k5_v1,12,5,17,happo,base,16.581666666666667,6.79
stage_c_seed12_k5_v1,12,5,17,llm_library,shock,14.963333333333333,6.65
stage_c_seed12_k5_v1,12,5,17,llm_library,base,16.581666666666667,6.79
stage_c_seed12_k5_v1,12,5,18,happo,shock,21.823333333333334,31.09
stage_c_seed12_k5_v1,12,5,18,happo,base,19.241666666666667,28.11
stage_c_seed12_k5_v1,12,5,18,llm_library,shock,21.823333333333334,31.09
stage_c_seed12_k5_v1,12,5,18,llm_library,base,19.241666666666667,28.11
stage_c_seed12_k5_v1,12,5,19,happo,shock,16.01,3.89
stage_c_seed12_k5_v1,12,5,19,happo,base,17.736666666666668,4.0
stage_c_seed12_k5_v1,12,5,19,llm_library,shock,16.01,3.89
stage_c_seed12_k5_v1,12,5,19,llm_library,base,17.736666666666668,4.0
stage_b_seed13_k3_v1,13,3,0,happo,shock,27.73,41.895
stage_b_seed13_k3_v1,13,3,0,happo,base,23.086666666666666,33.665
stage_b_seed13_k3_v1,13,3,0,llm_library,shock,25.64,37.975
stage_b_seed13_k3_v1,13,3,0,llm_library,base,23.086666666666666,33.665
stage_b_seed13_k3_v1,13,3,1,happo,shock,18.47833333333333,14.85
stage_b_seed13_k3_v1,13,3,1,happo,base,16.086666666666666,10.415
stage_b_seed13_k3_v1,13,3,1,llm_library,shock,17.22833333333333,12.895
stage_b_seed13_k3_v1,13,3,1,llm_library,base,16.086666666666666,10.415
stage_b_seed13_k3_v1,13,3,2,happo,shock,13.721666666666666,1.47
stage_b_seed13_k3_v1,13,3,2,happo,base,11.725,0.64
stage_b_seed13_k3_v1,13,3,2,llm_library,shock,12.63,1.65
stage_b_seed13_k3_v1,13,3,2,llm_library,base,11.725,0.64
stage_b_seed13_k3_v1,13,3,3,happo,shock,53.663333333333334,145.02
stage_b_seed13_k3_v1,13,3,3,happo,base,52.75333333333333,142.29
stage_b_seed13_k3_v1,13,3,3,llm_library,shock,53.62166666666667,145.02
stage_b_seed13_k3_v1,13,3,3,llm_library,base,52.75333333333333,142.29
stage_b_seed13_k3_v1,13,3,4,happo,shock,16.323333333333334,1.835
stage_b_seed13_k3_v1,13,3,4,happo,base,17.175,1.83
stage_b_seed13_k3_v1,13,3,4,llm_library,shock,15.43,1.835
stage_b_seed13_k3_v1,13,3,4,llm_library,base,17.175,1.83
stage_b_seed13_k3_v1,13,3,5,happo,shock,17.861666666666668,7.66
stage_b_seed13_k3_v1,13,3,5,happo,base,13.701666666666666,5.235
stage_b_seed13_k3_v1,13,3,5,llm_library,shock,17.971666666666668,7.595
stage_b_seed13_k3_v1,13,3,5,llm_library,base,13.701666666666666,5.235
stage_b_seed13_k3_v1,13,3,6,happo,shock,17.14666666666667,7.22
stage_b_seed13_k3_v1,13,3,6,happo,base,13.695,4.145
stage_b_seed13_k3_v1,13,3,6,llm_library,shock,17.14666666666667,7.22
stage_b_seed13_k3_v1,13,3,6,llm_library,base,13.695,4.145
stage_b_seed13_k3_v1,13,3,7,happo,shock,36.221666666666664,69.17
stage_b_seed13_k3_v1,13,3,7,happo,base,35.89,68.06
stage_b_seed13_k3_v1,13,3,7,llm_library,shock,36.221666666666664,69.17
stage_b_seed13_k3_v1,13,3,7,llm_library,base,35.89,68.06
stage_b_seed13_k3_v1,13,3,8,happo,shock,19.811666666666667,7.19
stage_b_seed13_k3_v1,13,3,8,happo,base,15.641666666666667,3.285
stage_b_seed13_k3_v1,13,3,8,llm_library,shock,19.811666666666667,7.19
stage_b_seed13_k3_v1,13,3,8,llm_library,base,15.641666666666667,3.285
stage_b_seed13_k3_v1,13,3,9,happo,shock,20.848333333333333,3.515
stage_b_seed13_k3_v1,13,3,9,happo,base,18.815,4.855
stage_b_seed13_k3_v1,13,3,9,llm_library,shock,20.848333333333333,3.515
stage_b_seed13_k3_v1,13,3,9,llm_library,base,18.815,4.855
stage_b_seed13_k3_v1,13,3,10,happo,shock,17.196666666666665,10.225
stage_b_seed13_k3_v1,13,3,10,happo,base,17.133333333333333,3.555
stage_b_seed13_k3_v1,13,3,10,llm_library,shock,17.268333333333334,10.285
stage_b_seed13_k3_v1,13,3,10,llm_library,base,17.133333333333333,3.555
stage_b_seed13_k3_v1,13,3,11,happo,shock,46.185,111.435
stage_b_seed13_k3_v1,13,3,11,happo,base,44.93333333333333,108.265
stage_b_seed13_k3_v1,13,3,11,llm_library,shock,46.105,111.455
stage_b_seed13_k3_v1,13,3,11,llm_library,base,44.93333333333333,108.265
stage_b_seed13_k3_v1,13,3,12,happo,shock,16.241666666666667,3.42
stage_b_seed13_k3_v1,13,3,12,happo,base,15.72,2.525
stage_b_seed13_k3_v1,13,3,12,llm_library,shock,16.235,3.42
stage_b_seed13_k3_v1,13,3,12,llm_library,base,15.72,2.525
stage_b_seed13_k3_v1,13,3,13,happo,shock,16.62,4.09
stage_b_seed13_k3_v1,13,3,13,happo,base,14.39,0.835
stage_b_seed13_k3_v1,13,3,13,llm_library,shock,16.59,4.09
stage_b_seed13_k3_v1,13,3,13,llm_library,base,14.39,0.835
stage_b_seed13_k3_v1,13,3,14,happo,shock,16.483333333333334,4.235
stage_b_seed13_k3_v1,13,3,14,happo,base,18.448333333333334,5.35
stage_b_seed13_k3_v1,13,3,14,llm_library,shock,17.346666666666668,5.165
stage_b_seed13_k3_v1,13,3,14,llm_library,base,18.448333333333334,5.35
stage_b_seed13_k3_v1,13,3,15,happo,shock,17.65,6.29
stage_b_seed13_k3_v1,13,3,15,happo,base,17.923333333333332,6.715
stage_b_seed13_k3_v1,13,3,15,llm_library,shock,18.555,7.765
stage_b_seed13_k3_v1,13,3,15,llm_library,base,17.923333333333332,6.715
stage_b_seed13_k3_v1,13,3,16,happo,shock,14.356666666666667,0.2
stage_b_seed13_k3_v1,13,3,16,happo,base,11.72,0.035
stage_b_seed13_k3_v1,13,3,16,llm_library,shock,14.546666666666667,0.545
stage_b_seed13_k3_v1,13,3,16,llm_library,base,11.72,0.035
stage_b_seed13_k3_v1,13,3,17,happo,shock,16.235,4.4
stage_b_seed13_k3_v1,13,3,17,happo,base,16.14666666666667,4.17
stage_b_seed13_k3_v1,13,3,17,llm_library,shock,16.285,4.135
stage_b_seed13_k3_v1,13,3,17,llm_library,base,16.14666666666667,4.17
stage_b_seed13_k3_v1,13,3,18,happo,shock,21.476666666666667,35.585
stage_b_seed13_k3_v1,13,3,18,happo,base,26.001666666666665,41.945
stage_b_seed13_k3_v1,13,3,18,llm_library,shock,21.406666666666666,35.585
stage_b_seed13_k3_v1,13,3,18,llm_library,base,26.001666666666665,41.945
stage_b_seed13_k3_v1,13,3,19,happo,shock,18.99,4.05
stage_b_seed13_k3_v1,13,3,19,happo,base,16.861666666666668,3.4
stage_b_seed13_k3_v1,13,3,19,llm_library,shock,18.993333333333332,4.05
stage_b_seed13_k3_v1,13,3,19,llm_library,base,16.861666666666668,3.4
stage_c_seed13_k3_v1,13,3,0,happo,shock,27.73,41.895
stage_c_seed13_k3_v1,13,3,0,happo,base,23.086666666666666,33.665
stage_c_seed13_k3_v1,13,3,0,llm_no_screen,shock,22.205,36.875
stage_c_seed13_k3_v1,13,3,0,llm_no_screen,base,23.086666666666666,33.665
stage_c_seed13_k3_v1,13,3,0,llm_search_only,shock,22.405,32.345
stage_c_seed13_k3_v1,13,3,0,llm_search_only,base,23.086666666666666,33.665
stage_c_seed13_k3_v1,13,3,0,random_screen,shock,23.635,37.075
stage_c_seed13_k3_v1,13,3,0,random_screen,base,23.086666666666666,33.665
stage_c_seed13_k3_v1,13,3,1,happo,shock,18.47833333333333,14.85
stage_c_seed13_k3_v1,13,3,1,happo,base,16.086666666666666,10.415
stage_c_seed13_k3_v1,13,3,1,llm_no_screen,shock,17.775,15.29
stage_c_seed13_k3_v1,13,3,1,llm_no_screen,base,16.086666666666666,10.415
stage_c_seed13_k3_v1,13,3,1,llm_search_only,shock,17.838333333333335,15.05
stage_c_seed13_k3_v1,13,3,1,llm_search_only,base,16.086666666666666,10.415
stage_c_seed13_k3_v1,13,3,1,random_screen,shock,19.001666666666665,14.35
stage_c_seed13_k3_v1,13,3,1,random_screen,base,16.086666666666666,10.415
stage_c_seed13_k3_v1,13,3,2,happo,shock,13.721666666666666,1.47
stage_c_seed13_k3_v1,13,3,2,happo,base,11.725,0.64
stage_c_seed13_k3_v1,13,3,2,llm_no_screen,shock,14.835,2.265
stage_c_seed13_k3_v1,13,3,2,llm_no_screen,base,11.725,0.64
stage_c_seed13_k3_v1,13,3,2,llm_search_only,shock,12.581666666666667,1.625
stage_c_seed13_k3_v1,13,3,2,llm_search_only,base,11.725,0.64
stage_c_seed13_k3_v1,13,3,2,random_screen,shock,13.306666666666667,1.02
stage_c_seed13_k3_v1,13,3,2,random_screen,base,11.725,0.64
stage_c_seed13_k3_v1,13,3,3,happo,shock,53.663333333333334,145.02
stage_c_seed13_k3_v1,13,3,3,happo,base,52.75333333333333,142.29
stage_c_seed13_k3_v1,13,3,3,llm_no_screen,shock,64.06333333333333,178.52
stage_c_seed13_k3_v1,13,3,3,llm_no_screen,base,52.75333333333333,142.29
stage_c_seed13_k3_v1,13,3,3,llm_search_only,shock,53.62166666666667,145.02
stage_c_seed13_k3_v1,13,3,3,llm_search_only,base,52.75333333333333,142.29
stage_c_seed13_k3_v1,13,3,3,random_screen,shock,53.625,145.02
stage_c_seed13_k3_v1,13,3,3,random_screen,base,52.75333333333333,142.29
stage_c_seed13_k3_v1,13,3,4,happo,shock,16.323333333333334,1.835
stage_c_seed13_k3_v1,13,3,4,happo,base,17.175,1.83
stage_c_seed13_k3_v1,13,3,4,llm_no_screen,shock,19.208333333333332,1.83
stage_c_seed13_k3_v1,13,3,4,llm_no_screen,base,17.175,1.83
stage_c_seed13_k3_v1,13,3,4,llm_search_only,shock,17.64,1.83
stage_c_seed13_k3_v1,13,3,4,llm_search_only,base,17.175,1.83
stage_c_seed13_k3_v1,13,3,4,random_screen,shock,16.223333333333333,1.83
stage_c_seed13_k3_v1,13,3,4,random_screen,base,17.175,1.83
stage_c_seed13_k3_v1,13,3,5,happo,shock,17.861666666666668,7.66
stage_c_seed13_k3_v1,13,3,5,happo,base,13.701666666666666,5.235
stage_c_seed13_k3_v1,13,3,5,llm_no_screen,shock,19.171666666666667,8.015
stage_c_seed13_k3_v1,13,3,5,llm_no_screen,base,13.701666666666666,5.235
stage_c_seed13_k3_v1,13,3,5,llm_search_only,shock,17.45,7.58
stage_c_seed13_k3_v1,13,3,5,llm_search_only,base,13.701666666666666,5.235
stage_c_seed13_k3_v1,13,3,5,random_screen,shock,18.581666666666667,7.485
stage_c_seed13_k3_v1,13,3,5,random_screen,base,13.701666666666666,5.235
stage_c_seed13_k3_v1,13,3,6,happo,shock,17.14666666666667,7.22
stage_c_seed13_k3_v1,13,3,6,happo,base,13.695,4.145
stage_c_seed13_k3_v1,13,3,6,llm_no_screen,shock,18.263333333333332,11.005
stage_c_seed13_k3_v1,13,3,6,llm_no_screen,base,13.695,4.145
stage_c_seed13_k3_v1,13,3,6,llm_search_only,shock,16.131666666666668,6.525
stage_c_seed13_k3_v1,13,3,6,llm_search_only,base,13.695,4.145
stage_c_seed13_k3_v1,13,3,6,random_screen,shock,16.623333333333335,7.0
stage_c_seed13_k3_v1,13,3,6,random_screen,base,13.695,4.145
stage_c_seed13_k3_v1,13,3,7,happo,shock,36.221666666666664,69.17
stage_c_seed13_k3_v1,13,3,7,happo,base,35.89,68.06
stage_c_seed13_k3_v1,13,3,7,llm_no_screen,shock,41.77,91.465
stage_c_seed13_k3_v1,13,3,7,llm_no_screen,base,35.89,68.06
stage_c_seed13_k3_v1,13,3,7,llm_search_only,shock,35.903333333333336,69.28
stage_c_seed13_k3_v1,13,3,7,llm_search_only,base,35.89,68.06
stage_c_seed13_k3_v1,13,3,7,random_screen,shock,32.025,60.36
stage_c_seed13_k3_v1,13,3,7,random_screen,base,35.89,68.06
stage_c_seed13_k3_v1,13,3,8,happo,shock,19.811666666666667,7.19
stage_c_seed13_k3_v1,13,3,8,happo,base,15.641666666666667,3.285
stage_c_seed13_k3_v1,13,3,8,llm_no_screen,shock,18.158333333333335,7.495
stage_c_seed13_k3_v1,13,3,8,llm_no_screen,base,15.641666666666667,3.285
stage_c_seed13_k3_v1,13,3,8,llm_search_only,shock,18.105,7.19
stage_c_seed13_k3_v1,13,3,8,llm_search_only,base,15.641666666666667,3.285
stage_c_seed13_k3_v1,13,3,8,random_screen,shock,19.78,7.185
stage_c_seed13_k3_v1,13,3,8,random_screen,base,15.641666666666667,3.285
stage_c_seed13_k3_v1,13,3,9,happo,shock,20.848333333333333,3.515
stage_c_seed13_k3_v1,13,3,9,happo,base,18.815,4.855
stage_c_seed13_k3_v1,13,3,9,llm_no_screen,shock,18.99,4.535
stage_c_seed13_k3_v1,13,3,9,llm_no_screen,base,18.815,4.855
stage_c_seed13_k3_v1,13,3,9,llm_search_only,shock,18.508333333333333,4.405
stage_c_seed13_k3_v1,13,3,9,llm_search_only,base,18.815,4.855
stage_c_seed13_k3_v1,13,3,9,random_screen,shock,21.038333333333334,3.33
stage_c_seed13_k3_v1,13,3,9,random_screen,base,18.815,4.855
stage_c_seed13_k3_v1,13,3,10,happo,shock,17.196666666666665,10.225
stage_c_seed13_k3_v1,13,3,10,happo,base,17.133333333333333,3.555
stage_c_seed13_k3_v1,13,3,10,llm_no_screen,shock,18.355,12.805
stage_c_seed13_k3_v1,13,3,10,llm_no_screen,base,17.133333333333333,3.555
stage_c_seed13_k3_v1,13,3,10,llm_search_only,shock,16.571666666666665,10.27
stage_c_seed13_k3_v1,13,3,10,llm_search_only,base,17.133333333333333,3.555
stage_c_seed13_k3_v1,13,3,10,random_screen,shock,17.458333333333332,9.115
stage_c_seed13_k3_v1,13,3,10,random_screen,base,17.133333333333333,3.555
stage_c_seed13_k3_v1,13,3,11,happo,shock,46.185,111.435
stage_c_seed13_k3_v1,13,3,11,happo,base,44.93333333333333,108.265
stage_c_seed13_k3_v1,13,3,11,llm_no_screen,shock,50.05166666666667,127.645
stage_c_seed13_k3_v1,13,3,11,llm_no_screen,base,44.93333333333333,108.265
stage_c_seed13_k3_v1,13,3,11,llm_search_only,shock,45.815,111.285
stage_c_seed13_k3_v1,13,3,11,llm_search_only,base,44.93333333333333,108.265
stage_c_seed13_k3_v1,13,3,11,random_screen,shock,44.38333333333333,109.345
stage_c_seed13_k3_v1,13,3,11,random_screen,base,44.93333333333333,108.265
stage_c_seed13_k3_v1,13,3,12,happo,shock,16.241666666666667,3.42
stage_c_seed13_k3_v1,13,3,12,happo,base,15.72,2.525
stage_c_seed13_k3_v1,13,3,12,llm_no_screen,shock,15.576666666666666,5.22
stage_c_seed13_k3_v1,13,3,12,llm_no_screen,base,15.72,2.525
stage_c_seed13_k3_v1,13,3,12,llm_search_only,shock,16.335,3.685
stage_c_seed13_k3_v1,13,3,12,llm_search_only,base,15.72,2.525
stage_c_seed13_k3_v1,13,3,12,random_screen,shock,16.95,3.79
stage_c_seed13_k3_v1,13,3,12,random_screen,base,15.72,2.525
stage_c_seed13_k3_v1,13,3,13,happo,shock,16.62,4.09
stage_c_seed13_k3_v1,13,3,13,happo,base,14.39,0.835
stage_c_seed13_k3_v1,13,3,13,llm_no_screen,shock,17.49,4.525
stage_c_seed13_k3_v1,13,3,13,llm_no_screen,base,14.39,0.835
stage_c_seed13_k3_v1,13,3,13,llm_search_only,shock,16.375,4.09
stage_c_seed13_k3_v1,13,3,13,llm_search_only,base,14.39,0.835
stage_c_seed13_k3_v1,13,3,13,random_screen,shock,22.186666666666667,4.1
stage_c_seed13_k3_v1,13,3,13,random_screen,base,14.39,0.835
stage_c_seed13_k3_v1,13,3,14,happo,shock,16.483333333333334,4.235
stage_c_seed13_k3_v1,13,3,14,happo,base,18.448333333333334,5.35
stage_c_seed13_k3_v1,13,3,14,llm_no_screen,shock,16.81833333333333,5.475
stage_c_seed13_k3_v1,13,3,14,llm_no_screen,base,18.448333333333334,5.35
stage_c_seed13_k3_v1,13,3,14,llm_search_only,shock,17.653333333333332,5.195
stage_c_seed13_k3_v1,13,3,14,llm_search_only,base,18.448333333333334,5.35
stage_c_seed13_k3_v1,13,3,14,random_screen,shock,18.0,4.83
stage_c_seed13_k3_v1,13,3,14,random_screen,base,18.448333333333334,5.35
stage_c_seed13_k3_v1,13,3,15,happo,shock,17.65,6.29
stage_c_seed13_k3_v1,13,3,15,happo,base,17.923333333333332,6.715
stage_c_seed13_k3_v1,13,3,15,llm_no_screen,shock,16.786666666666665,5.985
stage_c_seed13_k3_v1,13,3,15,llm_no_screen,base,17.923333333333332,6.715
stage_c_seed13_k3_v1,13,3,15,llm_search_only,shock,18.06,7.72
stage_c_seed13_k3_v1,13,3,15,llm_search_only,base,17.923333333333332,6.715
stage_c_seed13_k3_v1,13,3,15,random_screen,shock,16.668333333333333,5.075
stage_c_seed13_k3_v1,13,3,15,random_screen,base,17.923333333333332,6.715
stage_c_seed13_k3_v1,13,3,16,happo,shock,14.356666666666667,0.2
stage_c_seed13_k3_v1,13,3,16,happo,base,11.72,0.035
stage_c_seed13_k3_v1,13,3,16,llm_no_screen,shock,11.863333333333333,0.59
stage_c_seed13_k3_v1,13,3,16,llm_no_screen,base,11.72,0.035
stage_c_seed13_k3_v1,13,3,16,llm_search_only,shock,14.813333333333333,0.535
stage_c_seed13_k3_v1,13,3,16,llm_search_only,base,11.72,0.035
stage_c_seed13_k3_v1,13,3,16,random_screen,shock,13.685,0.73
stage_c_seed13_k3_v1,13,3,16,random_screen,base,11.72,0.035
stage_c_seed13_k3_v1,13,3,17,happo,shock,16.235,4.4
stage_c_seed13_k3_v1,13,3,17,happo,base,16.14666666666667,4.17
stage_c_seed13_k3_v1,13,3,17,llm_no_screen,shock,15.703333333333333,4.615
stage_c_seed13_k3_v1,13,3,17,llm_no_screen,base,16.14666666666667,4.17
stage_c_seed13_k3_v1,13,3,17,llm_search_only,shock,16.828333333333333,4.54
stage_c_seed13_k3_v1,13,3,17,llm_search_only,base,16.14666666666667,4.17
stage_c_seed13_k3_v1,13,3,17,random_screen,shock,15.373333333333333,3.75
stage_c_seed13_k3_v1,13,3,17,random_screen,base,16.14666666666667,4.17
stage_c_seed13_k3_v1,13,3,18,happo,shock,21.476666666666667,35.585
stage_c_seed13_k3_v1,13,3,18,happo,base,26.001666666666665,41.945
stage_c_seed13_k3_v1,13,3,18,llm_no_screen,shock,31.84,69.13
stage_c_seed13_k3_v1,13,3,18,llm_no_screen,base,26.001666666666665,41.945
stage_c_seed13_k3_v1,13,3,18,llm_search_only,shock,22.751666666666665,39.73
stage_c_seed13_k3_v1,13,3,18,llm_search_only,base,26.001666666666665,41.945
stage_c_seed13_k3_v1,13,3,18,random_screen,shock,17.883333333333333,31.38
stage_c_seed13_k3_v1,13,3,18,random_screen,base,26.001666666666665,41.945
stage_c_seed13_k3_v1,13,3,19,happo,shock,18.99,4.05
stage_c_seed13_k3_v1,13,3,19,happo,base,16.861666666666668,3.4
stage_c_seed13_k3_v1,13,3,19,llm_no_screen,shock,17.66,3.915
stage_c_seed13_k3_v1,13,3,19,llm_no_screen,base,16.861666666666668,3.4
stage_c_seed13_k3_v1,13,3,19,llm_search_only,shock,16.825,3.7
stage_c_seed13_k3_v1,13,3,19,llm_search_only,base,16.861666666666668,3.4
stage_c_seed13_k3_v1,13,3,19,random_screen,shock,18.81,4.115
stage_c_seed13_k3_v1,13,3,19,random_screen,base,16.861666666666668,3.4
stage_c_seed13_k1_v1,13,1,0,happo,shock,27.73,41.895
stage_c_seed13_k1_v1,13,1,0,happo,base,23.086666666666666,33.665
stage_c_seed13_k1_v1,13,1,0,llm_library,shock,22.581666666666667,33.04
stage_c_seed13_k1_v1,13,1,0,llm_library,base,23.086666666666666,33.665
stage_c_seed13_k1_v1,13,1,1,happo,shock,18.47833333333333,14.85
stage_c_seed13_k1_v1,13,1,1,happo,base,16.086666666666666,10.415
stage_c_seed13_k1_v1,13,1,1,llm_library,shock,19.126666666666665,15.025
stage_c_seed13_k1_v1,13,1,1,llm_library,base,16.086666666666666,10.415
stage_c_seed13_k1_v1,13,1,2,happo,shock,13.721666666666666,1.47
stage_c_seed13_k1_v1,13,1,2,happo,base,11.725,0.64
stage_c_seed13_k1_v1,13,1,2,llm_library,shock,13.708333333333334,1.385
stage_c_seed13_k1_v1,13,1,2,llm_library,base,11.725,0.64
stage_c_seed13_k1_v1,13,1,3,happo,shock,53.663333333333334,145.02
stage_c_seed13_k1_v1,13,1,3,happo,base,52.75333333333333,142.29
stage_c_seed13_k1_v1,13,1,3,llm_library,shock,53.62166666666667,145.02
stage_c_seed13_k1_v1,13,1,3,llm_library,base,52.75333333333333,142.29
stage_c_seed13_k1_v1,13,1,4,happo,shock,16.323333333333334,1.835
stage_c_seed13_k1_v1,13,1,4,happo,base,17.175,1.83
stage_c_seed13_k1_v1,13,1,4,llm_library,shock,15.133333333333333,1.835
stage_c_seed13_k1_v1,13,1,4,llm_library,base,17.175,1.83
stage_c_seed13_k1_v1,13,1,5,happo,shock,17.861666666666668,7.66
stage_c_seed13_k1_v1,13,1,5,happo,base,13.701666666666666,5.235
stage_c_seed13_k1_v1,13,1,5,llm_library,shock,17.998333333333335,7.59
stage_c_seed13_k1_v1,13,1,5,llm_library,base,13.701666666666666,5.235
stage_c_seed13_k1_v1,13,1,6,happo,shock,17.14666666666667,7.22
stage_c_seed13_k1_v1,13,1,6,happo,base,13.695,4.145
stage_c_seed13_k1_v1,13,1,6,llm_library,shock,17.14666666666667,7.22
stage_c_seed13_k1_v1,13,1,6,llm_library,base,13.695,4.145
stage_c_seed13_k1_v1,13,1,7,happo,shock,36.221666666666664,69.17
stage_c_seed13_k1_v1,13,1,7,happo,base,35.89,68.06
stage_c_seed13_k1_v1,13,1,7,llm_library,shock,36.221666666666664,69.17
stage_c_seed13_k1_v1,13,1,7,llm_library,base,35.89,68.06
stage_c_seed13_k1_v1,13,1,8,happo,shock,19.811666666666667,7.19
stage_c_seed13_k1_v1,13,1,8,happo,base,15.641666666666667,3.285
stage_c_seed13_k1_v1,13,1,8,llm_library,shock,19.811666666666667,7.19
stage_c_seed13_k1_v1,13,1,8,llm_library,base,15.641666666666667,3.285
stage_c_seed13_k1_v1,13,1,9,happo,shock,20.848333333333333,3.515
stage_c_seed13_k1_v1,13,1,9,happo,base,18.815,4.855
stage_c_seed13_k1_v1,13,1,9,llm_library,shock,20.848333333333333,3.515
stage_c_seed13_k1_v1,13,1,9,llm_library,base,18.815,4.855
stage_c_seed13_k1_v1,13,1,10,happo,shock,17.196666666666665,10.225
stage_c_seed13_k1_v1,13,1,10,happo,base,17.133333333333333,3.555
stage_c_seed13_k1_v1,13,1,10,llm_library,shock,16.87,10.27
stage_c_seed13_k1_v1,13,1,10,llm_library,base,17.133333333333333,3.555
stage_c_seed13_k1_v1,13,1,11,happo,shock,46.185,111.435
stage_c_seed13_k1_v1,13,1,11,happo,base,44.93333333333333,108.265
stage_c_seed13_k1_v1,13,1,11,llm_library,shock,46.185,111.435
stage_c_seed13_k1_v1,13,1,11,llm_library,base,44.93333333333333,108.265
stage_c_seed13_k1_v1,13,1,12,happo,shock,16.241666666666667,3.42
stage_c_seed13_k1_v1,13,1,12,happo,base,15.72,2.525
stage_c_seed13_k1_v1,13,1,12,llm_library,shock,16.535,3.265
stage_c_seed13_k1_v1,13,1,12,llm_library,base,15.72,2.525
stage_c_seed13_k1_v1,13,1,13,happo,shock,16.62,4.09
stage_c_seed13_k1_v1,13,1,13,happo,base,14.39,0.835
stage_c_seed13_k1_v1,13,1,13,llm_library,shock,16.585,4.09
stage_c_seed13_k1_v1,13,1,13,llm_library,base,14.39,0.835
stage_c_seed13_k1_v1,13,1,14,happo,shock,16.483333333333334,4.235
stage_c_seed13_k1_v1,13,1,14,happo,base,18.448333333333334,5.35
stage_c_seed13_k1_v1,13,1,14,llm_library,shock,17.448333333333334,5.475
stage_c_seed13_k1_v1,13,1,14,llm_library,base,18.448333333333334,5.35
stage_c_seed13_k1_v1,13,1,15,happo,shock,17.65,6.29
stage_c_seed13_k1_v1,13,1,15,happo,base,17.923333333333332,6.715
stage_c_seed13_k1_v1,13,1,15,llm_library,shock,16.848333333333333,5.2
stage_c_seed13_k1_v1,13,1,15,llm_library,base,17.923333333333332,6.715
stage_c_seed13_k1_v1,13,1,16,happo,shock,14.356666666666667,0.2
stage_c_seed13_k1_v1,13,1,16,happo,base,11.72,0.035
stage_c_seed13_k1_v1,13,1,16,llm_library,shock,14.018333333333333,0.56
stage_c_seed13_k1_v1,13,1,16,llm_library,base,11.72,0.035
stage_c_seed13_k1_v1,13,1,17,happo,shock,16.235,4.4
stage_c_seed13_k1_v1,13,1,17,happo,base,16.14666666666667,4.17
stage_c_seed13_k1_v1,13,1,17,llm_library,shock,17.115,4.525
stage_c_seed13_k1_v1,13,1,17,llm_library,base,16.14666666666667,4.17
stage_c_seed13_k1_v1,13,1,18,happo,shock,21.476666666666667,35.585
stage_c_seed13_k1_v1,13,1,18,happo,base,26.001666666666665,41.945
stage_c_seed13_k1_v1,13,1,18,llm_library,shock,21.401666666666667,35.585
stage_c_seed13_k1_v1,13,1,18,llm_library,base,26.001666666666665,41.945
stage_c_seed13_k1_v1,13,1,19,happo,shock,18.99,4.05
stage_c_seed13_k1_v1,13,1,19,happo,base,16.861666666666668,3.4
stage_c_seed13_k1_v1,13,1,19,llm_library,shock,18.148333333333333,3.63
stage_c_seed13_k1_v1,13,1,19,llm_library,base,16.861666666666668,3.4
stage_c_seed13_k5_v1,13,5,0,happo,shock,27.73,41.895
stage_c_seed13_k5_v1,13,5,0,happo,base,23.086666666666666,33.665
stage_c_seed13_k5_v1,13,5,0,llm_library,shock,28.846666666666668,42.755
stage_c_seed13_k5_v1,13,5,0,llm_library,base,23.086666666666666,33.665
stage_c_seed13_k5_v1,13,5,1,happo,shock,18.47833333333333,14.85
stage_c_seed13_k5_v1,13,5,1,happo,base,16.086666666666666,10.415
stage_c_seed13_k5_v1,13,5,1,llm_library,shock,19.58,14.31
stage_c_seed13_k5_v1,13,5,1,llm_library,base,16.086666666666666,10.415
stage_c_seed13_k5_v1,13,5,2,happo,shock,13.721666666666666,1.47
stage_c_seed13_k5_v1,13,5,2,happo,base,11.725,0.64
stage_c_seed13_k5_v1,13,5,2,llm_library,shock,13.895,1.735
stage_c_seed13_k5_v1,13,5,2,llm_library,base,11.725,0.64
stage_c_seed13_k5_v1,13,5,3,happo,shock,53.663333333333334,145.02
stage_c_seed13_k5_v1,13,5,3,happo,base,52.75333333333333,142.29
stage_c_seed13_k5_v1,13,5,3,llm_library,shock,53.61333333333334,145.02
stage_c_seed13_k5_v1,13,5,3,llm_library,base,52.75333333333333,142.29
stage_c_seed13_k5_v1,13,5,4,happo,shock,16.323333333333334,1.835
stage_c_seed13_k5_v1,13,5,4,happo,base,17.175,1.83
stage_c_seed13_k5_v1,13,5,4,llm_library,shock,15.356666666666667,1.84
stage_c_seed13_k5_v1,13,5,4,llm_library,base,17.175,1.83
stage_c_seed13_k5_v1,13,5,5,happo,shock,17.861666666666668,7.66
stage_c_seed13_k5_v1,13,5,5,happo,base,13.701666666666666,5.235
stage_c_seed13_k5_v1,13,5,5,llm_library,shock,17.643333333333334,7.58
stage_c_seed13_k5_v1,13,5,5,llm_library,base,13.701666666666666,5.235
stage_c_seed13_k5_v1,13,5,6,happo,shock,17.14666666666667,7.22
stage_c_seed13_k5_v1,13,5,6,happo,base,13.695,4.145
stage_c_seed13_k5_v1,13,5,6,llm_library,shock,17.028333333333332,7.22
stage_c_seed13_k5_v1,13,5,6,llm_library,base,13.695,4.145
stage_c_seed13_k5_v1,13,5,7,happo,shock,36.221666666666664,69.17
stage_c_seed13_k5_v1,13,5,7,happo,base,35.89,68.06
stage_c_seed13_k5_v1,13,5,7,llm_library,shock,36.221666666666664,69.17
stage_c_seed13_k5_v1,13,5,7,llm_library,base,35.89,68.06
stage_c_seed13_k5_v1,13,5,8,happo,shock,19.811666666666667,7.19
stage_c_seed13_k5_v1,13,5,8,happo,base,15.641666666666667,3.285
stage_c_seed13_k5_v1,13,5,8,llm_library,shock,19.811666666666667,7.19
stage_c_seed13_k5_v1,13,5,8,llm_library,base,15.641666666666667,3.285
stage_c_seed13_k5_v1,13,5,9,happo,shock,20.848333333333333,3.515
stage_c_seed13_k5_v1,13,5,9,happo,base,18.815,4.855
stage_c_seed13_k5_v1,13,5,9,llm_library,shock,20.388333333333332,3.555
stage_c_seed13_k5_v1,13,5,9,llm_library,base,18.815,4.855
stage_c_seed13_k5_v1,13,5,10,happo,shock,17.196666666666665,10.225
stage_c_seed13_k5_v1,13,5,10,happo,base,17.133333333333333,3.555
stage_c_seed13_k5_v1,13,5,10,llm_library,shock,17.07,10.26
stage_c_seed13_k5_v1,13,5,10,llm_library,base,17.133333333333333,3.555
stage_c_seed13_k5_v1,13,5,11,happo,shock,46.185,111.435
stage_c_seed13_k5_v1,13,5,11,happo,base,44.93333333333333,108.265
stage_c_seed13_k5_v1,13,5,11,llm_library,shock,46.12166666666667,111.435
stage_c_seed13_k5_v1,13,5,11,llm_library,base,44.93333333333333,108.265
stage_c_seed13_k5_v1,13,5,12,happo,shock,16.241666666666667,3.42
stage_c_seed13_k5_v1,13,5,12,happo,base,15.72,2.525
stage_c_seed13_k5_v1,13,5,12,llm_library,shock,16.235,3.42
stage_c_seed13_k5_v1,13,5,12,llm_library,base,15.72,2.525
stage_c_seed13_k5_v1,13,5,13,happo,shock,16.62,4.09
stage_c_seed13_k5_v1,13,5,13,happo,base,14.39,0.835
stage_c_seed13_k5_v1,13,5,13,llm_library,shock,16.60333333333333,4.09
stage_c_seed13_k5_v1,13,5,13,llm_library,base,14.39,0.835
stage_c_seed13_k5_v1,13,5,14,happo,shock,16.483333333333334,4.235
stage_c_seed13_k5_v1,13,5,14,happo,base,18.448333333333334,5.35
stage_c_seed13_k5_v1,13,5,14,llm_library,shock,18.423333333333332,5.85
stage_c_seed13_k5_v1,13,5,14,llm_library,base,18.448333333333334,5.35
stage_c_seed13_k5_v1,13,5,15,happo,shock,17.65,6.29
stage_c_seed13_k5_v1,13,5,15,happo,base,17.923333333333332,6.715
stage_c_seed13_k5_v1,13,5,15,llm_library,shock,17.905,7.08
stage_c_seed13_k5_v1,13,5,15,llm_library,base,17.923333333333332,6.715
stage_c_seed13_k5_v1,13,5,16,happo,shock,14.356666666666667,0.2
stage_c_seed13_k5_v1,13,5,16,happo,base,11.72,0.035
stage_c_seed13_k5_v1,13,5,16,llm_library,shock,14.438333333333333,0.55
stage_c_seed13_k5_v1,13,5,16,llm_library,base,11.72,0.035
stage_c_seed13_k5_v1,13,5,17,happo,shock,16.235,4.4
stage_c_seed13_k5_v1,13,5,17,happo,base,16.14666666666667,4.17
stage_c_seed13_k5_v1,13,5,17,llm_library,shock,17.083333333333332,3.74
stage_c_seed13_k5_v1,13,5,17,llm_library,base,16.14666666666667,4.17
stage_c_seed13_k5_v1,13,5,18,happo,shock,21.476666666666667,35.585
stage_c_seed13_k5_v1,13,5,18,happo,base,26.001666666666665,41.945
stage_c_seed13_k5_v1,13,5,18,llm_library,shock,21.406666666666666,35.585
stage_c_seed13_k5_v1,13,5,18,llm_library,base,26.001666666666665,41.945
stage_c_seed13_k5_v1,13,5,19,happo,shock,18.99,4.05
stage_c_seed13_k5_v1,13,5,19,happo,base,16.861666666666668,3.4
stage_c_seed13_k5_v1,13,5,19,llm_library,shock,18.933333333333334,4.05
stage_c_seed13_k5_v1,13,5,19,llm_library,base,16.861666666666668,3.4
stage_b_seed14_k3_v1,14,3,0,happo,shock,29.551666666666666,39.845
stage_b_seed14_k3_v1,14,3,0,happo,base,27.638333333333332,35.21
stage_b_seed14_k3_v1,14,3,0,llm_library,shock,29.551666666666666,39.845
stage_b_seed14_k3_v1,14,3,0,llm_library,base,27.638333333333332,35.21
stage_b_seed14_k3_v1,14,3,1,happo,shock,16.218333333333334,10.735
stage_b_seed14_k3_v1,14,3,1,happo,base,16.776666666666667,11.32
stage_b_seed14_k3_v1,14,3,1,llm_library,shock,16.218333333333334,10.735
stage_b_seed14_k3_v1,14,3,1,llm_library,base,16.776666666666667,11.32
stage_b_seed14_k3_v1,14,3,2,happo,shock,12.915,3.33
stage_b_seed14_k3_v1,14,3,2,happo,base,11.468333333333334,2.535
stage_b_seed14_k3_v1,14,3,2,llm_library,shock,12.915,3.33
stage_b_seed14_k3_v1,14,3,2,llm_library,base,11.468333333333334,2.535
stage_b_seed14_k3_v1,14,3,3,happo,shock,23.708333333333332,42.07
stage_b_seed14_k3_v1,14,3,3,happo,base,23.211666666666666,39.67
stage_b_seed14_k3_v1,14,3,3,llm_library,shock,22.75,41.825
stage_b_seed14_k3_v1,14,3,3,llm_library,base,23.211666666666666,39.67
stage_b_seed14_k3_v1,14,3,4,happo,shock,12.256666666666666,1.58
stage_b_seed14_k3_v1,14,3,4,happo,base,11.66,1.42
stage_b_seed14_k3_v1,14,3,4,llm_library,shock,12.803333333333333,1.57
stage_b_seed14_k3_v1,14,3,4,llm_library,base,11.66,1.42
stage_b_seed14_k3_v1,14,3,5,happo,shock,19.235,9.625
stage_b_seed14_k3_v1,14,3,5,happo,base,16.386666666666667,8.795
stage_b_seed14_k3_v1,14,3,5,llm_library,shock,19.266666666666666,9.68
stage_b_seed14_k3_v1,14,3,5,llm_library,base,16.386666666666667,8.795
stage_b_seed14_k3_v1,14,3,6,happo,shock,18.733333333333334,12.18
stage_b_seed14_k3_v1,14,3,6,happo,base,18.26,11.135
stage_b_seed14_k3_v1,14,3,6,llm_library,shock,18.835,12.125
stage_b_seed14_k3_v1,14,3,6,llm_library,base,18.26,11.135
stage_b_seed14_k3_v1,14,3,7,happo,shock,33.52333333333333,52.035
stage_b_seed14_k3_v1,14,3,7,happo,base,32.20333333333333,51.345
stage_b_seed14_k3_v1,14,3,7,llm_library,shock,33.52333333333333,52.035
stage_b_seed14_k3_v1,14,3,7,llm_library,base,32.20333333333333,51.345
stage_b_seed14_k3_v1,14,3,8,happo,shock,15.231666666666667,6.27
stage_b_seed14_k3_v1,14,3,8,happo,base,13.75,2.825
stage_b_seed14_k3_v1,14,3,8,llm_library,shock,15.231666666666667,6.27
stage_b_seed14_k3_v1,14,3,8,llm_library,base,13.75,2.825
stage_b_seed14_k3_v1,14,3,9,happo,shock,16.231666666666666,5.225
stage_b_seed14_k3_v1,14,3,9,happo,base,15.166666666666666,5.34
stage_b_seed14_k3_v1,14,3,9,llm_library,shock,16.231666666666666,5.225
stage_b_seed14_k3_v1,14,3,9,llm_library,base,15.166666666666666,5.34
stage_b_seed14_k3_v1,14,3,10,happo,shock,21.426666666666666,10.56
stage_b_seed14_k3_v1,14,3,10,happo,base,15.415,2.83
stage_b_seed14_k3_v1,14,3,10,llm_library,shock,21.418333333333333,10.56
stage_b_seed14_k3_v1,14,3,10,llm_library,base,15.415,2.83
stage_b_seed14_k3_v1,14,3,11,happo,shock,28.833333333333332,48.355
stage_b_seed14_k3_v1,14,3,11,happo,base,28.46,46.33
stage_b_seed14_k3_v1,14,3,11,llm_library,shock,27.986666666666668,48.31
stage_b_seed14_k3_v1,14,3,11,llm_library,base,28.46,46.33
stage_b_seed14_k3_v1,14,3,12,happo,shock,15.288333333333334,6.88
stage_b_seed14_k3_v1,14,3,12,happo,base,12.875,3.415
stage_b_seed14_k3_v1,14,3,12,llm_library,shock,15.181666666666667,6.88
stage_b_seed14_k3_v1,14,3,12,llm_library,base,12.875,3.415
stage_b_seed14_k3_v1,14,3,13,happo,shock,17.631666666666668,4.555
stage_b_seed14_k3_v1,14,3,13,happo,base,12.008333333333333,2.33
stage_b_seed14_k3_v1,14,3,13,llm_library,shock,15.698333333333334,4.65
stage_b_seed14_k3_v1,14,3,13,llm_library,base,12.008333333333333,2.33
stage_b_seed14_k3_v1,14,3,14,happo,shock,19.69,10.305
stage_b_seed14_k3_v1,14,3,14,happo,base,17.171666666666667,9.64
stage_b_seed14_k3_v1,14,3,14,llm_library,shock,19.446666666666665,10.045
stage_b_seed14_k3_v1,14,3,14,llm_library,base,17.171666666666667,9.64
stage_b_seed14_k3_v1,14,3,15,happo,shock,17.035,9.42
stage_b_seed14_k3_v1,14,3,15,happo,base,19.245,10.37
stage_b_seed14_k3_v1,14,3,15,llm_library,shock,16.935,9.42
stage_b_seed14_k3_v1,14,3,15,llm_library,base,19.245,10.37
stage_b_seed14_k3_v1,14,3,16,happo,shock,11.07,1.14
stage_b_seed14_k3_v1,14,3,16,happo,base,9.901666666666667,1.135
stage_b_seed14_k3_v1,14,3,16,llm_library,shock,11.705,1.52
stage_b_seed14_k3_v1,14,3,16,llm_library,base,9.901666666666667,1.135
stage_b_seed14_k3_v1,14,3,17,happo,shock,13.72,5.485
stage_b_seed14_k3_v1,14,3,17,happo,base,14.435,6.57
stage_b_seed14_k3_v1,14,3,17,llm_library,shock,13.593333333333334,5.485
stage_b_seed14_k3_v1,14,3,17,llm_library,base,14.435,6.57
stage_b_seed14_k3_v1,14,3,18,happo,shock,23.523333333333333,27.545
stage_b_seed14_k3_v1,14,3,18,happo,base,15.768333333333333,16.12
stage_b_seed14_k3_v1,14,3,18,llm_library,shock,23.523333333333333,27.545
stage_b_seed14_k3_v1,14,3,18,llm_library,base,15.768333333333333,16.12
stage_b_seed14_k3_v1,14,3,19,happo,shock,15.098333333333333,4.205
stage_b_seed14_k3_v1,14,3,19,happo,base,13.493333333333334,3.555
stage_b_seed14_k3_v1,14,3,19,llm_library,shock,15.46,4.225
stage_b_seed14_k3_v1,14,3,19,llm_library,base,13.493333333333334,3.555
stage_c_seed14_k3_v1,14,3,0,happo,shock,29.551666666666666,39.845
stage_c_seed14_k3_v1,14,3,0,happo,base,27.638333333333332,35.21
stage_c_seed14_k3_v1,14,3,0,llm_no_screen,shock,35.27,51.93
stage_c_seed14_k3_v1,14,3,0,llm_no_screen,base,27.638333333333332,35.21
stage_c_seed14_k3_v1,14,3,0,llm_search_only,shock,37.66833333333334,54.37
stage_c_seed14_k3_v1,14,3,0,llm_search_only,base,27.638333333333332,35.21
stage_c_seed14_k3_v1,14,3,0,random_screen,shock,28.985,40.69
stage_c_seed14_k3_v1,14,3,0,random_screen,base,27.638333333333332,35.21
stage_c_seed14_k3_v1,14,3,1,happo,shock,16.218333333333334,10.735
stage_c_seed14_k3_v1,14,3,1,happo,base,16.776666666666667,11.32
stage_c_seed14_k3_v1,14,3,1,llm_no_screen,shock,18.186666666666667,14.935
stage_c_seed14_k3_v1,14,3,1,llm_no_screen,base,16.776666666666667,11.32
stage_c_seed14_k3_v1,14,3,1,llm_search_only,shock,18.16,12.205
stage_c_seed14_k3_v1,14,3,1,llm_search_only,base,16.776666666666667,11.32
stage_c_seed14_k3_v1,14,3,1,random_screen,shock,17.201666666666668,9.99
stage_c_seed14_k3_v1,14,3,1,random_screen,base,16.776666666666667,11.32
stage_c_seed14_k3_v1,14,3,2,happo,shock,12.915,3.33
stage_c_seed14_k3_v1,14,3,2,happo,base,11.468333333333334,2.535
stage_c_seed14_k3_v1,14,3,2,llm_no_screen,shock,12.221666666666666,6.085
stage_c_seed14_k3_v1,14,3,2,llm_no_screen,base,11.468333333333334,2.535
stage_c_seed14_k3_v1,14,3,2,llm_search_only,shock,12.336666666666666,3.575
stage_c_seed14_k3_v1,14,3,2,llm_search_only,base,11.468333333333334,2.535
stage_c_seed14_k3_v1,14,3,2,random_screen,shock,13.456666666666667,3.555
stage_c_seed14_k3_v1,14,3,2,random_screen,base,11.468333333333334,2.535
stage_c_seed14_k3_v1,14,3,3,happo,shock,23.708333333333332,42.07
stage_c_seed14_k3_v1,14,3,3,happo,base,23.211666666666666,39.67
stage_c_seed14_k3_v1,14,3,3,llm_no_screen,shock,28.31,58.385
stage_c_seed14_k3_v1,14,3,3,llm_no_screen,base,23.211666666666666,39.67
stage_c_seed14_k3_v1,14,3,3,llm_search_only,shock,22.591666666666665,41.89
stage_c_seed14_k3_v1,14,3,3,llm_search_only,base,23.211666666666666,39.67
stage_c_seed14_k3_v1,14,3,3,random_screen,shock,22.65,43.18
stage_c_seed14_k3_v1,14,3,3,random_screen,base,23.211666666666666,39.67
stage_c_seed14_k3_v1,14,3,4,happo,shock,12.256666666666666,1.58
stage_c_seed14_k3_v1,14,3,4,happo,base,11.66,1.42
stage_c_seed14_k3_v1,14,3,4,llm_no_screen,shock,13.208333333333334,5.14
stage_c_seed14_k3_v1,14,3,4,llm_no_screen,base,11.66,1.42
stage_c_seed14_k3_v1,14,3,4,llm_search_only,shock,12.215,1.59
stage_c_seed14_k3_v1,14,3,4,llm_search_only,base,11.66,1.42
stage_c_seed14_k3_v1,14,3,4,random_screen,shock,13.386666666666667,1.64
stage_c_seed14_k3_v1,14,3,4,random_screen,base,11.66,1.42
stage_c_seed14_k3_v1,14,3,5,happo,shock,19.235,9.625
stage_c_seed14_k3_v1,14,3,5,happo,base,16.386666666666667,8.795
stage_c_seed14_k3_v1,14,3,5,llm_no_screen,shock,19.083333333333332,10.93
stage_c_seed14_k3_v1,14,3,5,llm_no_screen,base,16.386666666666667,8.795
stage_c_seed14_k3_v1,14,3,5,llm_search_only,shock,19.938333333333333,10.44
stage_c_seed14_k3_v1,14,3,5,llm_search_only,base,16.386666666666667,8.795
stage_c_seed14_k3_v1,14,3,5,random_screen,shock,19.636666666666667,9.71
stage_c_seed14_k3_v1,14,3,5,random_screen,base,16.386666666666667,8.795
stage_c_seed14_k3_v1,14,3,6,happo,shock,18.733333333333334,12.18
stage_c_seed14_k3_v1,14,3,6,happo,base,18.26,11.135
stage_c_seed14_k3_v1,14,3,6,llm_no_screen,shock,20.961666666666666,16.935
stage_c_seed14_k3_v1,14,3,6,llm_no_screen,base,18.26,11.135
stage_c_seed14_k3_v1,14,3,6,llm_search_only,shock,18.35333333333333,12.04
stage_c_seed14_k3_v1,14,3,6,llm_search_only,base,18.26,11.135
stage_c_seed14_k3_v1,14,3,6,random_screen,shock,19.266666666666666,13.06
stage_c_seed14_k3_v1,14,3,6,random_screen,base,18.26,11.135
stage_c_seed14_k3_v1,14,3,7,happo,shock,33.52333333333333,52.035
stage_c_seed14_k3_v1,14,3,7,happo,base,32.20333333333333,51.345
stage_c_seed14_k3_v1,14,3,7,llm_no_screen,shock,33.943333333333335,60.505
stage_c_seed14_k3_v1,14,3,7,llm_no_screen,base,32.20333333333333,51.345
stage_c_seed14_k3_v1,14,3,7,llm_search_only,shock,31.916666666666668,52.44
stage_c_seed14_k3_v1,14,3,7,llm_search_only,base,32.20333333333333,51.345
stage_c_seed14_k3_v1,14,3,7,random_screen,shock,30.24,50.35
stage_c_seed14_k3_v1,14,3,7,random_screen,base,32.20333333333333,51.345
stage_c_seed14_k3_v1,14,3,8,happo,shock,15.231666666666667,6.27
stage_c_seed14_k3_v1,14,3,8,happo,base,13.75,2.825
stage_c_seed14_k3_v1,14,3,8,llm_no_screen,shock,13.975,6.545
stage_c_seed14_k3_v1,14,3,8,llm_no_screen,base,13.75,2.825
stage_c_seed14_k3_v1,14,3,8,llm_search_only,shock,15.123333333333333,6.15
stage_c_seed14_k3_v1,14,3,8,llm_search_only,base,13.75,2.825
stage_c_seed14_k3_v1,14,3,8,random_screen,shock,16.455,6.185
stage_c_seed14_k3_v1,14,3,8,random_screen,base,13.75,2.825
stage_c_seed14_k3_v1,14,3,9,happo,shock,16.231666666666666,5.225
stage_c_seed14_k3_v1,14,3,9,happo,base,15.166666666666666,5.34
stage_c_seed14_k3_v1,14,3,9,llm_no_screen,shock,16.85,7.165
stage_c_seed14_k3_v1,14,3,9,llm_no_screen,base,15.166666666666666,5.34
stage_c_seed14_k3_v1,14,3,9,llm_search_only,shock,18.733333333333334,6.55
stage_c_seed14_k3_v1,14,3,9,llm_search_only,base,15.166666666666666,5.34
stage_c_seed14_k3_v1,14,3,9,random_screen,shock,15.0,5.2
stage_c_seed14_k3_v1,14,3,9,random_screen,base,15.166666666666666,5.34
stage_c_seed14_k3_v1,14,3,10,happo,shock,21.426666666666666,10.56
stage_c_seed14_k3_v1,14,3,10,happo,base,15.415,2.83
stage_c_seed14_k3_v1,14,3,10,llm_no_screen,shock,21.401666666666667,13.995
stage_c_seed14_k3_v1,14,3,10,llm_no_screen,base,15.415,2.83
stage_c_seed14_k3_v1,14,3,10,llm_search_only,shock,22.713333333333335,12.66
stage_c_seed14_k3_v1,14,3,10,llm_search_only,base,15.415,2.83
stage_c_seed14_k3_v1,14,3,10,random_screen,shock,21.906666666666666,10.56
stage_c_seed14_k3_v1,14,3,10,random_screen,base,15.415,2.83
stage_c_seed14_k3_v1,14,3,11,happo,shock,28.833333333333332,48.355
stage_c_seed14_k3_v1,14,3,11,happo,base,28.46,46.33
stage_c_seed14_k3_v1,14,3,11,llm_no_screen,shock,29.51,58.22
stage_c_seed14_k3_v1,14,3,11,llm_no_screen,base,28.46,46.33
stage_c_seed14_k3_v1,14,3,11,llm_search_only,shock,28.525,48.61
stage_c_seed14_k3_v1,14,3,11,llm_search_only,base,28.46,46.33
stage_c_seed14_k3_v1,14,3,11,random_screen,shock,26.466666666666665,48.345
stage_c_seed14_k3_v1,14,3,11,random_screen,base,28.46,46.33
stage_c_seed14_k3_v1,14,3,12,happo,shock,15.288333333333334,6.88
stage_c_seed14_k3_v1,14,3,12,happo,base,12.875,3.415
stage_c_seed14_k3_v1,14,3,12,llm_no_screen,shock,14.563333333333333,9.295
stage_c_seed14_k3_v1,14,3,12,llm_no_screen,base,12.875,3.415
stage_c_seed14_k3_v1,14,3,12,llm_search_only,shock,15.153333333333334,7.71
stage_c_seed14_k3_v1,14,3,12,llm_search_only,base,12.875,3.415
stage_c_seed14_k3_v1,14,3,12,random_screen,shock,14.828333333333333,6.215
stage_c_seed14_k3_v1,14,3,12,random_screen,base,12.875,3.415
stage_c_seed14_k3_v1,14,3,13,happo,shock,17.631666666666668,4.555
stage_c_seed14_k3_v1,14,3,13,happo,base,12.008333333333333,2.33
stage_c_seed14_k3_v1,14,3,13,llm_no_screen,shock,14.975,5.185
stage_c_seed14_k3_v1,14,3,13,llm_no_screen,base,12.008333333333333,2.33
stage_c_seed14_k3_v1,14,3,13,llm_search_only,shock,14.193333333333333,4.575
stage_c_seed14_k3_v1,14,3,13,llm_search_only,base,12.008333333333333,2.33
stage_c_seed14_k3_v1,14,3,13,random_screen,shock,15.251666666666667,4.545
stage_c_seed14_k3_v1,14,3,13,random_screen,base,12.008333333333333,2.33
stage_c_seed14_k3_v1,14,3,14,happo,shock,19.69,10.305
stage_c_seed14_k3_v1,14,3,14,happo,base,17.171666666666667,9.64
stage_c_seed14_k3_v1,14,3,14,llm_no_screen,shock,18.803333333333335,12.985
stage_c_seed14_k3_v1,14,3,14,llm_no_screen,base,17.171666666666667,9.64
stage_c_seed14_k3_v1,14,3,14,llm_search_only,shock,19.066666666666666,10.335
stage_c_seed14_k3_v1,14,3,14,llm_search_only,base,17.171666666666667,9.64
stage_c_seed14_k3_v1,14,3,14,random_screen,shock,18.76,10.14
stage_c_seed14_k3_v1,14,3,14,random_screen,base,17.171666666666667,9.64
stage_c_seed14_k3_v1,14,3,15,happo,shock,17.035,9.42
stage_c_seed14_k3_v1,14,3,15,happo,base,19.245,10.37
stage_c_seed14_k3_v1,14,3,15,llm_no_screen,shock,18.30666666666667,13.135
stage_c_seed14_k3_v1,14,3,15,llm_no_screen,base,19.245,10.37
stage_c_seed14_k3_v1,14,3,15,llm_search_only,shock,16.12,8.51
stage_c_seed14_k3_v1,14,3,15,llm_search_only,base,19.245,10.37
stage_c_seed14_k3_v1,14,3,15,random_screen,shock,19.64666666666667,10.27
stage_c_seed14_k3_v1,14,3,15,random_screen,base,19.245,10.37
stage_c_seed14_k3_v1,14,3,16,happo,shock,11.07,1.14
stage_c_seed14_k3_v1,14,3,16,happo,base,9.901666666666667,1.135
stage_c_seed14_k3_v1,14,3,16,llm_no_screen,shock,10.591666666666667,3.24
stage_c_seed14_k3_v1,14,3,16,llm_no_screen,base,9.901666666666667,1.135
stage_c_seed14_k3_v1,14,3,16,llm_search_only,shock,11.348333333333333,1.49
stage_c_seed14_k3_v1,14,3,16,llm_search_only,base,9.901666666666667,1.135
stage_c_seed14_k3_v1,14,3,16,random_screen,shock,10.756666666666666,1.46
stage_c_seed14_k3_v1,14,3,16,random_screen,base,9.901666666666667,1.135
stage_c_seed14_k3_v1,14,3,17,happo,shock,13.72,5.485
stage_c_seed14_k3_v1,14,3,17,happo,base,14.435,6.57
stage_c_seed14_k3_v1,14,3,17,llm_no_screen,shock,12.786666666666667,6.93
stage_c_seed14_k3_v1,14,3,17,llm_no_screen,base,14.435,6.57
stage_c_seed14_k3_v1,14,3,17,llm_search_only,shock,14.131666666666666,6.55
stage_c_seed14_k3_v1,14,3,17,llm_search_only,base,14.435,6.57
stage_c_seed14_k3_v1,14,3,17,random_screen,shock,13.508333333333333,5.485
stage_c_seed14_k3_v1,14,3,17,random_screen,base,14.435,6.57
stage_c_seed14_k3_v1,14,3,18,happo,shock,23.523333333333333,27.545
stage_c_seed14_k3_v1,14,3,18,happo,base,15.768333333333333,16.12
stage_c_seed14_k3_v1,14,3,18,llm_no_screen,shock,17.705,24.625
stage_c_seed14_k3_v1,14,3,18,llm_no_screen,base,15.768333333333333,16.12
stage_c_seed14_k3_v1,14,3,18,llm_search_only,shock,20.081666666666667,23.7
stage_c_seed14_k3_v1,14,3,18,llm_search_only,base,15.768333333333333,16.12
stage_c_seed14_k3_v1,14,3,18,random_screen,shock,20.256666666666668,25.185
stage_c_seed14_k3_v1,14,3,18,random_screen,base,15.768333333333333,16.12
stage_c_seed14_k3_v1,14,3,19,happo,shock,15.098333333333333,4.205
stage_c_seed14_k3_v1,14,3,19,happo,base,13.493333333333334,3.555
stage_c_seed14_k3_v1,14,3,19,llm_no_screen,shock,15.618333333333334,5.805
stage_c_seed14_k3_v1,14,3,19,llm_no_screen,base,13.493333333333334,3.555
stage_c_seed14_k3_v1,14,3,19,llm_search_only,shock,15.66,3.76
stage_c_seed14_k3_v1,14,3,19,llm_search_only,base,13.493333333333334,3.555
stage_c_seed14_k3_v1,14,3,19,random_screen,shock,16.711666666666666,4.195
stage_c_seed14_k3_v1,14,3,19,random_screen,base,13.493333333333334,3.555
stage_c_seed14_k1_v1,14,1,0,happo,shock,29.551666666666666,39.845
stage_c_seed14_k1_v1,14,1,0,happo,base,27.638333333333332,35.21
stage_c_seed14_k1_v1,14,1,0,llm_library,shock,37.69166666666667,47.92
stage_c_seed14_k1_v1,14,1,0,llm_library,base,27.638333333333332,35.21
stage_c_seed14_k1_v1,14,1,1,happo,shock,16.218333333333334,10.735
stage_c_seed14_k1_v1,14,1,1,happo,base,16.776666666666667,11.32
stage_c_seed14_k1_v1,14,1,1,llm_library,shock,20.213333333333335,15.19
stage_c_seed14_k1_v1,14,1,1,llm_library,base,16.776666666666667,11.32
stage_c_seed14_k1_v1,14,1,2,happo,shock,12.915,3.33
stage_c_seed14_k1_v1,14,1,2,happo,base,11.468333333333334,2.535
stage_c_seed14_k1_v1,14,1,2,llm_library,shock,12.915,3.33
stage_c_seed14_k1_v1,14,1,2,llm_library,base,11.468333333333334,2.535
stage_c_seed14_k1_v1,14,1,3,happo,shock,23.708333333333332,42.07
stage_c_seed14_k1_v1,14,1,3,happo,base,23.211666666666666,39.67
stage_c_seed14_k1_v1,14,1,3,llm_library,shock,23.881666666666668,40.44
stage_c_seed14_k1_v1,14,1,3,llm_library,base,23.211666666666666,39.67
stage_c_seed14_k1_v1,14,1,4,happo,shock,12.256666666666666,1.58
stage_c_seed14_k1_v1,14,1,4,happo,base,11.66,1.42
stage_c_seed14_k1_v1,14,1,4,llm_library,shock,12.833333333333334,1.575
stage_c_seed14_k1_v1,14,1,4,llm_library,base,11.66,1.42
stage_c_seed14_k1_v1,14,1,5,happo,shock,19.235,9.625
stage_c_seed14_k1_v1,14,1,5,happo,base,16.386666666666667,8.795
stage_c_seed14_k1_v1,14,1,5,llm_library,shock,19.371666666666666,9.6
stage_c_seed14_k1_v1,14,1,5,llm_library,base,16.386666666666667,8.795
stage_c_seed14_k1_v1,14,1,6,happo,shock,18.733333333333334,12.18
stage_c_seed14_k1_v1,14,1,6,happo,base,18.26,11.135
stage_c_seed14_k1_v1,14,1,6,llm_library,shock,18.798333333333332,12.26
stage_c_seed14_k1_v1,14,1,6,llm_library,base,18.26,11.135
stage_c_seed14_k1_v1,14,1,7,happo,shock,33.52333333333333,52.035
stage_c_seed14_k1_v1,14,1,7,happo,base,32.20333333333333,51.345
stage_c_seed14_k1_v1,14,1,7,llm_library,shock,33.52333333333333,52.035
stage_c_seed14_k1_v1,14,1,7,llm_library,base,32.20333333333333,51.345
stage_c_seed14_k1_v1,14,1,8,happo,shock,15.231666666666667,6.27
stage_c_seed14_k1_v1,14,1,8,happo,base,13.75,2.825
stage_c_seed14_k1_v1,14,1,8,llm_library,shock,15.231666666666667,6.27
stage_c_seed14_k1_v1,14,1,8,llm_library,base,13.75,2.825
stage_c_seed14_k1_v1,14,1,9,happo,shock,16.231666666666666,5.225
stage_c_seed14_k1_v1,14,1,9,happo,base,15.166666666666666,5.34
stage_c_seed14_k1_v1,14,1,9,llm_library,shock,15.815,5.32
stage_c_seed14_k1_v1,14,1,9,llm_library,base,15.166666666666666,5.34
stage_c_seed14_k1_v1,14,1,10,happo,shock,21.426666666666666,10.56
stage_c_seed14_k1_v1,14,1,10,happo,base,15.415,2.83
stage_c_seed14_k1_v1,14,1,10,llm_library,shock,21.41,10.56
stage_c_seed14_k1_v1,14,1,10,llm_library,base,15.415,2.83
stage_c_seed14_k1_v1,14,1,11,happo,shock,28.833333333333332,48.355
stage_c_seed14_k1_v1,14,1,11,happo,base,28.46,46.33
stage_c_seed14_k1_v1,14,1,11,llm_library,shock,28.525,48.36
stage_c_seed14_k1_v1,14,1,11,llm_library,base,28.46,46.33
stage_c_seed14_k1_v1,14,1,12,happo,shock,15.288333333333334,6.88
stage_c_seed14_k1_v1,14,1,12,happo,base,12.875,3.415
stage_c_seed14_k1_v1,14,1,12,llm_library,shock,15.223333333333333,6.88
stage_c_seed14_k1_v1,14,1,12,llm_library,base,12.875,3.415
stage_c_seed14_k1_v1,14,1,13,happo,shock,17.631666666666668,4.555
stage_c_seed14_k1_v1,14,1,13,happo,base,12.008333333333333,2.33
stage_c_seed14_k1_v1,14,1,13,llm_library,shock,17.491666666666667,4.555
stage_c_seed14_k1_v1,14,1,13,llm_library,base,12.008333333333333,2.33
stage_c_seed14_k1_v1,14,1,14,happo,shock,19.69,10.305
stage_c_seed14_k1_v1,14,1,14,happo,base,17.171666666666667,9.64
stage_c_seed14_k1_v1,14,1,14,llm_library,shock,19.69,10.305
stage_c_seed14_k1_v1,14,1,14,llm_library,base,17.171666666666667,9.64
stage_c_seed14_k1_v1,14,1,15,happo,shock,17.035,9.42
stage_c_seed14_k1_v1,14,1,15,happo,base,19.245,10.37
stage_c_seed14_k1_v1,14,1,15,llm_library,shock,16.935,9.42
stage_c_seed14_k1_v1,14,1,15,llm_library,base,19.245,10.37
stage_c_seed14_k1_v1,14,1,16,happo,shock,11.07,1.14
stage_c_seed14_k1_v1,14,1,16,happo,base,9.901666666666667,1.135
stage_c_seed14_k1_v1,14,1,16,llm_library,shock,12.016666666666667,1.765
stage_c_seed14_k1_v1,14,1,16,llm_library,base,9.901666666666667,1.135
stage_c_seed14_k1_v1,14,1,17,happo,shock,13.72,5.485
stage_c_seed14_k1_v1,14,1,17,happo,base,14.435,6.57
stage_c_seed14_k1_v1,14,1,17,llm_library,shock,13.536666666666667,5.485
stage_c_seed14_k1_v1,14,1,17,llm_library,base,14.435,6.57
stage_c_seed14_k1_v1,14,1,18,happo,shock,23.523333333333333,27.545
stage_c_seed14_k1_v1,14,1,18,happo,base,15.768333333333333,16.12
stage_c_seed14_k1_v1,14,1,18,llm_library,shock,21.331666666666667,24.345
stage_c_seed14_k1_v1,14,1,18,llm_library,base,15.768333333333333,16.12
stage_c_seed14_k1_v1,14,1,19,happo,shock,15.098333333333333,4.205
stage_c_seed14_k1_v1,14,1,19,happo,base,13.493333333333334,3.555
stage_c_seed14_k1_v1,14,1,19,llm_library,shock,15.24,2.77
stage_c_seed14_k1_v1,14,1,19,llm_library,base,13.493333333333334,3.555
stage_c_seed14_k5_v1,14,5,0,happo,shock,29.551666666666666,39.845
stage_c_seed14_k5_v1,14,5,0,happo,base,27.638333333333332,35.21
stage_c_seed14_k5_v1,14,5,0,llm_library,shock,29.551666666666666,39.845
stage_c_seed14_k5_v1,14,5,0,llm_library,base,27.638333333333332,35.21
stage_c_seed14_k5_v1,14,5,1,happo,shock,16.218333333333334,10.735
stage_c_seed14_k5_v1,14,5,1,happo,base,16.776666666666667,11.32
stage_c_seed14_k5_v1,14,5,1,llm_library,shock,15.873333333333333,11.755
stage_c_seed14_k5_v1,14,5,1,llm_library,base,16.776666666666667,11.32
stage_c_seed14_k5_v1,14,5,2,happo,shock,12.915,3.33
stage_c_seed14_k5_v1,14,5,2,happo,base,11.468333333333334,2.535
stage_c_seed14_k5_v1,14,5,2,llm_library,shock,12.703333333333333,2.945
stage_c_seed14_k5_v1,14,5,2,llm_library,base,11.468333333333334,2.535
stage_c_seed14_k5_v1,14,5,3,happo,shock,23.708333333333332,42.07
stage_c_seed14_k5_v1,14,5,3,happo,base,23.211666666666666,39.67
stage_c_seed14_k5_v1,14,5,3,llm_library,shock,23.60333333333333,42.825
stage_c_seed14_k5_v1,14,5,3,llm_library,base,23.211666666666666,39.67
stage_c_seed14_k5_v1,14,5,4,happo,shock,12.256666666666666,1.58
stage_c_seed14_k5_v1,14,5,4,happo,base,11.66,1.42
stage_c_seed14_k5_v1,14,5,4,llm_library,shock,12.805,1.57
stage_c_seed14_k5_v1,14,5,4,llm_library,base,11.66,1.42
stage_c_seed14_k5_v1,14,5,5,happo,shock,19.235,9.625
stage_c_seed14_k5_v1,14,5,5,happo,base,16.386666666666667,8.795
stage_c_seed14_k5_v1,14,5,5,llm_library,shock,19.293333333333333,9.615
stage_c_seed14_k5_v1,14,5,5,llm_library,base,16.386666666666667,8.795
stage_c_seed14_k5_v1,14,5,6,happo,shock,18.733333333333334,12.18
stage_c_seed14_k5_v1,14,5,6,happo,base,18.26,11.135
stage_c_seed14_k5_v1,14,5,6,llm_library,shock,18.835,12.125
stage_c_seed14_k5_v1,14,5,6,llm_library,base,18.26,11.135
stage_c_seed14_k5_v1,14,5,7,happo,shock,33.52333333333333,52.035
stage_c_seed14_k5_v1,14,5,7,happo,base,32.20333333333333,51.345
stage_c_seed14_k5_v1,14,5,7,llm_library,shock,33.52333333333333,52.035
stage_c_seed14_k5_v1,14,5,7,llm_library,base,32.20333333333333,51.345
stage_c_seed14_k5_v1,14,5,8,happo,shock,15.231666666666667,6.27
stage_c_seed14_k5_v1,14,5,8,happo,base,13.75,2.825
stage_c_seed14_k5_v1,14,5,8,llm_library,shock,14.983333333333333,6.095
stage_c_seed14_k5_v1,14,5,8,llm_library,base,13.75,2.825
stage_c_seed14_k5_v1,14,5,9,happo,shock,16.231666666666666,5.225
stage_c_seed14_k5_v1,14,5,9,happo,base,15.166666666666666,5.34
stage_c_seed14_k5_v1,14,5,9,llm_library,shock,16.231666666666666,5.225
stage_c_seed14_k5_v1,14,5,9,llm_library,base,15.166666666666666,5.34
stage_c_seed14_k5_v1,14,5,10,happo,shock,21.426666666666666,10.56
stage_c_seed14_k5_v1,14,5,10,happo,base,15.415,2.83
stage_c_seed14_k5_v1,14,5,10,llm_library,shock,21.418333333333333,10.56
stage_c_seed14_k5_v1,14,5,10,llm_library,base,15.415,2.83
stage_c_seed14_k5_v1,14,5,11,happo,shock,28.833333333333332,48.355
stage_c_seed14_k5_v1,14,5,11,happo,base,28.46,46.33
stage_c_seed14_k5_v1,14,5,11,llm_library,shock,28.286666666666665,48.265
stage_c_seed14_k5_v1,14,5,11,llm_library,base,28.46,46.33
stage_c_seed14_k5_v1,14,5,12,happo,shock,15.288333333333334,6.88
stage_c_seed14_k5_v1,14,5,12,happo,base,12.875,3.415
stage_c_seed14_k5_v1,14,5,12,llm_library,shock,15.181666666666667,6.88
stage_c_seed14_k5_v1,14,5,12,llm_library,base,12.875,3.415
stage_c_seed14_k5_v1,14,5,13,happo,shock,17.631666666666668,4.555
stage_c_seed14_k5_v1,14,5,13,happo,base,12.008333333333333,2.33
stage_c_seed14_k5_v1,14,5,13,llm_library,shock,14.366666666666667,4.58
stage_c_seed14_k5_v1,14,5,13,llm_library,base,12.008333333333333,2.33
stage_c_seed14_k5_v1,14,5,14,happo,shock,19.69,10.305
stage_c_seed14_k5_v1,14,5,14,happo,base,17.171666666666667,9.64
stage_c_seed14_k5_v1,14,5,14,llm_library,shock,19.69,10.305
stage_c_seed14_k5_v1,14,5,14,llm_library,base,17.171666666666667,9.64
stage_c_seed14_k5_v1,14,5,15,happo,shock,17.035,9.42
stage_c_seed14_k5_v1,14,5,15,happo,base,19.245,10.37
stage_c_seed14_k5_v1,14,5,15,llm_library,shock,16.816666666666666,9.215
stage_c_seed14_k5_v1,14,5,15,llm_library,base,19.245,10.37
stage_c_seed14_k5_v1,14,5,16,happo,shock,11.07,1.14
stage_c_seed14_k5_v1,14,5,16,happo,base,9.901666666666667,1.135
stage_c_seed14_k5_v1,14,5,16,llm_library,shock,12.018333333333333,1.765
stage_c_seed14_k5_v1,14,5,16,llm_library,base,9.901666666666667,1.135
stage_c_seed14_k5_v1,14,5,17,happo,shock,13.72,5.485
stage_c_seed14_k5_v1,14,5,17,happo,base,14.435,6.57
stage_c_seed14_k5_v1,14,5,17,llm_library,shock,13.876666666666667,5.51
stage_c_seed14_k5_v1,14,5,17,llm_library,base,14.435,6.57
stage_c_seed14_k5_v1,14,5,18,happo,shock,23.523333333333333,27.545
stage_c_seed14_k5_v1,14,5,18,happo,base,15.768333333333333,16.12
stage_c_seed14_k5_v1,14,5,18,llm_library,shock,23.523333333333333,27.545
stage_c_seed14_k5_v1,14,5,18,llm_library,base,15.768333333333333,16.12
stage_c_seed14_k5_v1,14,5,19,happo,shock,15.098333333333333,4.205
stage_c_seed14_k5_v1,14,5,19,happo,base,13.493333333333334,3.555
stage_c_seed14_k5_v1,14,5,19,llm_library,shock,15.098333333333333,4.205
stage_c_seed14_k5_v1,14,5,19,llm_library,base,13.493333333333334,3.555
stage_b_seed15_k3_v1,15,3,0,happo,shock,33.31333333333333,47.57
stage_b_seed15_k3_v1,15,3,0,happo,base,25.708333333333332,35.445
stage_b_seed15_k3_v1,15,3,0,llm_library,shock,25.125,34.32
stage_b_seed15_k3_v1,15,3,0,llm_library,base,25.708333333333332,35.445
stage_b_seed15_k3_v1,15,3,1,happo,shock,18.731666666666666,18.21
stage_b_seed15_k3_v1,15,3,1,happo,base,18.87,16.75
stage_b_seed15_k3_v1,15,3,1,llm_library,shock,18.826666666666668,18.275
stage_b_seed15_k3_v1,15,3,1,llm_library,base,18.87,16.75
stage_b_seed15_k3_v1,15,3,2,happo,shock,13.558333333333334,2.925
stage_b_seed15_k3_v1,15,3,2,happo,base,13.141666666666667,2.845
stage_b_seed15_k3_v1,15,3,2,llm_library,shock,12.923333333333334,3.015
stage_b_seed15_k3_v1,15,3,2,llm_library,base,13.141666666666667,2.845
stage_b_seed15_k3_v1,15,3,3,happo,shock,27.915,56.14
stage_b_seed15_k3_v1,15,3,3,happo,base,28.506666666666668,55.68
stage_b_seed15_k3_v1,15,3,3,llm_library,shock,27.643333333333334,56.325
stage_b_seed15_k3_v1,15,3,3,llm_library,base,28.506666666666668,55.68
stage_b_seed15_k3_v1,15,3,4,happo,shock,14.691666666666666,3.29
stage_b_seed15_k3_v1,15,3,4,happo,base,16.515,3.72
stage_b_seed15_k3_v1,15,3,4,llm_library,shock,14.691666666666666,3.29
stage_b_seed15_k3_v1,15,3,4,llm_library,base,16.515,3.72
stage_b_seed15_k3_v1,15,3,5,happo,shock,18.286666666666665,11.53
stage_b_seed15_k3_v1,15,3,5,happo,base,15.731666666666667,9.54
stage_b_seed15_k3_v1,15,3,5,llm_library,shock,18.286666666666665,11.53
stage_b_seed15_k3_v1,15,3,5,llm_library,base,15.731666666666667,9.54
stage_b_seed15_k3_v1,15,3,6,happo,shock,18.591666666666665,12.765
stage_b_seed15_k3_v1,15,3,6,happo,base,16.506666666666668,7.52
stage_b_seed15_k3_v1,15,3,6,llm_library,shock,19.255,12.955
stage_b_seed15_k3_v1,15,3,6,llm_library,base,16.506666666666668,7.52
stage_b_seed15_k3_v1,15,3,7,happo,shock,24.143333333333334,25.91
stage_b_seed15_k3_v1,15,3,7,happo,base,24.5,26.13
stage_b_seed15_k3_v1,15,3,7,llm_library,shock,23.675,27.04
stage_b_seed15_k3_v1,15,3,7,llm_library,base,24.5,26.13
stage_b_seed15_k3_v1,15,3,8,happo,shock,16.708333333333332,6.65
stage_b_seed15_k3_v1,15,3,8,happo,base,13.331666666666667,3.84
stage_b_seed15_k3_v1,15,3,8,llm_library,shock,17.298333333333332,6.765
stage_b_seed15_k3_v1,15,3,8,llm_library,base,13.331666666666667,3.84
stage_b_seed15_k3_v1,15,3,9,happo,shock,16.776666666666667,4.225
stage_b_seed15_k3_v1,15,3,9,happo,base,15.69,3.68
stage_b_seed15_k3_v1,15,3,9,llm_library,shock,16.776666666666667,4.225
stage_b_seed15_k3_v1,15,3,9,llm_library,base,15.69,3.68
stage_b_seed15_k3_v1,15,3,10,happo,shock,18.586666666666666,11.435
stage_b_seed15_k3_v1,15,3,10,happo,base,15.468333333333334,6.545
stage_b_seed15_k3_v1,15,3,10,llm_library,shock,17.97833333333333,11.335
stage_b_seed15_k3_v1,15,3,10,llm_library,base,15.468333333333334,6.545
stage_b_seed15_k3_v1,15,3,11,happo,shock,34.32,61.085
stage_b_seed15_k3_v1,15,3,11,happo,base,33.63333333333333,59.205
stage_b_seed15_k3_v1,15,3,11,llm_library,shock,33.67,61.205
stage_b_seed15_k3_v1,15,3,11,llm_library,base,33.63333333333333,59.205
stage_b_seed15_k3_v1,15,3,12,happo,shock,12.816666666666666,4.685
stage_b_seed15_k3_v1,15,3,12,happo,base,13.056666666666667,3.345
stage_b_seed15_k3_v1,15,3,12,llm_library,shock,12.821666666666667,4.685
stage_b_seed15_k3_v1,15,3,12,llm_library,base,13.056666666666667,3.345
stage_b_seed15_k3_v1,15,3,13,happo,shock,20.098333333333333,7.795
stage_b_seed15_k3_v1,15,3,13,happo,base,13.751666666666667,2.74
stage_b_seed15_k3_v1,15,3,13,llm_library,shock,20.0,7.795
stage_b_seed15_k3_v1,15,3,13,llm_library,base,13.751666666666667,2.74
stage_b_seed15_k3_v1,15,3,14,happo,shock,18.683333333333334,8.26
stage_b_seed15_k3_v1,15,3,14,happo,base,18.036666666666665,7.985
stage_b_seed15_k3_v1,15,3,14,llm_library,shock,18.683333333333334,8.26
stage_b_seed15_k3_v1,15,3,14,llm_library,base,18.036666666666665,7.985
stage_b_seed15_k3_v1,15,3,15,happo,shock,17.595,11.185
stage_b_seed15_k3_v1,15,3,15,happo,base,17.525,10.795
stage_b_seed15_k3_v1,15,3,15,llm_library,shock,18.918333333333333,12.945
stage_b_seed15_k3_v1,15,3,15,llm_library,base,17.525,10.795
stage_b_seed15_k3_v1,15,3,16,happo,shock,11.698333333333334,1.48
stage_b_seed15_k3_v1,15,3,16,happo,base,11.321666666666667,1.69
stage_b_seed15_k3_v1,15,3,16,llm_library,shock,10.705,1.335
stage_b_seed15_k3_v1,15,3,16,llm_library,base,11.321666666666667,1.69
stage_b_seed15_k3_v1,15,3,17,happo,shock,13.481666666666667,5.82
stage_b_seed15_k3_v1,15,3,17,happo,base,13.57,5.44
stage_b_seed15_k3_v1,15,3,17,llm_library,shock,13.376666666666667,5.82
stage_b_seed15_k3_v1,15,3,17,llm_library,base,13.57,5.44
stage_b_seed15_k3_v1,15,3,18,happo,shock,19.605,33.23
stage_b_seed15_k3_v1,15,3,18,happo,base,18.081666666666667,25.15
stage_b_seed15_k3_v1,15,3,18,llm_library,shock,18.47,31.825
stage_b_seed15_k3_v1,15,3,18,llm_library,base,18.081666666666667,25.15
stage_b_seed15_k3_v1,15,3,19,happo,shock,19.001666666666665,4.17
stage_b_seed15_k3_v1,15,3,19,happo,base,17.79,4.45
stage_b_seed15_k3_v1,15,3,19,llm_library,shock,19.001666666666665,4.17
stage_b_seed15_k3_v1,15,3,19,llm_library,base,17.79,4.45
stage_c_seed15_k3_v1,15,3,0,happo,shock,33.31333333333333,47.57
stage_c_seed15_k3_v1,15,3,0,happo,base,25.708333333333332,35.445
stage_c_seed15_k3_v1,15,3,0,llm_no_screen,shock,26.395,42.94
stage_c_seed15_k3_v1,15,3,0,llm_no_screen,base,25.708333333333332,35.445
stage_c_seed15_k3_v1,15,3,0,llm_search_only,shock,27.361666666666668,39.595
stage_c_seed15_k3_v1,15,3,0,llm_search_only,base,25.708333333333332,35.445
stage_c_seed15_k3_v1,15,3,0,random_screen,shock,27.636666666666667,42.825
stage_c_seed15_k3_v1,15,3,0,random_screen,base,25.708333333333332,35.445
stage_c_seed15_k3_v1,15,3,1,happo,shock,18.731666666666666,18.21
stage_c_seed15_k3_v1,15,3,1,happo,base,18.87,16.75
stage_c_seed15_k3_v1,15,3,1,llm_no_screen,shock,18.475,20.02
stage_c_seed15_k3_v1,15,3,1,llm_no_screen,base,18.87,16.75
stage_c_seed15_k3_v1,15,3,1,llm_search_only,shock,19.041666666666668,18.615
stage_c_seed15_k3_v1,15,3,1,llm_search_only,base,18.87,16.75
stage_c_seed15_k3_v1,15,3,1,random_screen,shock,18.586666666666666,18.055
stage_c_seed15_k3_v1,15,3,1,random_screen,base,18.87,16.75
stage_c_seed15_k3_v1,15,3,2,happo,shock,13.558333333333334,2.925
stage_c_seed15_k3_v1,15,3,2,happo,base,13.141666666666667,2.845
stage_c_seed15_k3_v1,15,3,2,llm_no_screen,shock,13.928333333333333,4.02
stage_c_seed15_k3_v1,15,3,2,llm_no_screen,base,13.141666666666667,2.845
stage_c_seed15_k3_v1,15,3,2,llm_search_only,shock,13.811666666666667,3.185
stage_c_seed15_k3_v1,15,3,2,llm_search_only,base,13.141666666666667,2.845
stage_c_seed15_k3_v1,15,3,2,random_screen,shock,12.965,2.775
stage_c_seed15_k3_v1,15,3,2,random_screen,base,13.141666666666667,2.845
stage_c_seed15_k3_v1,15,3,3,happo,shock,27.915,56.14
stage_c_seed15_k3_v1,15,3,3,happo,base,28.506666666666668,55.68
stage_c_seed15_k3_v1,15,3,3,llm_no_screen,shock,30.196666666666665,69.25
stage_c_seed15_k3_v1,15,3,3,llm_no_screen,base,28.506666666666668,55.68
stage_c_seed15_k3_v1,15,3,3,llm_search_only,shock,27.753333333333334,56.78
stage_c_seed15_k3_v1,15,3,3,llm_search_only,base,28.506666666666668,55.68
stage_c_seed15_k3_v1,15,3,3,random_screen,shock,24.506666666666668,50.0
stage_c_seed15_k3_v1,15,3,3,random_screen,base,28.506666666666668,55.68
stage_c_seed15_k3_v1,15,3,4,happo,shock,14.691666666666666,3.29
stage_c_seed15_k3_v1,15,3,4,happo,base,16.515,3.72
stage_c_seed15_k3_v1,15,3,4,llm_no_screen,shock,15.698333333333334,3.46
stage_c_seed15_k3_v1,15,3,4,llm_no_screen,base,16.515,3.72
stage_c_seed15_k3_v1,15,3,4,llm_search_only,shock,14.698333333333334,3.3
stage_c_seed15_k3_v1,15,3,4,llm_search_only,base,16.515,3.72
stage_c_seed15_k3_v1,15,3,4,random_screen,shock,14.915,3.335
stage_c_seed15_k3_v1,15,3,4,random_screen,base,16.515,3.72
stage_c_seed15_k3_v1,15,3,5,happo,shock,18.286666666666665,11.53
stage_c_seed15_k3_v1,15,3,5,happo,base,15.731666666666667,9.54
stage_c_seed15_k3_v1,15,3,5,llm_no_screen,shock,19.161666666666665,12.415
stage_c_seed15_k3_v1,15,3,5,llm_no_screen,base,15.731666666666667,9.54
stage_c_seed15_k3_v1,15,3,5,llm_search_only,shock,18.911666666666665,11.595
stage_c_seed15_k3_v1,15,3,5,llm_search_only,base,15.731666666666667,9.54
stage_c_seed15_k3_v1,15,3,5,random_screen,shock,19.89666666666667,11.84
stage_c_seed15_k3_v1,15,3,5,random_screen,base,15.731666666666667,9.54
stage_c_seed15_k3_v1,15,3,6,happo,shock,18.591666666666665,12.765
stage_c_seed15_k3_v1,15,3,6,happo,base,16.506666666666668,7.52
stage_c_seed15_k3_v1,15,3,6,llm_no_screen,shock,18.981666666666666,15.6
stage_c_seed15_k3_v1,15,3,6,llm_no_screen,base,16.506666666666668,7.52
stage_c_seed15_k3_v1,15,3,6,llm_search_only,shock,20.156666666666666,13.92
stage_c_seed15_k3_v1,15,3,6,llm_search_only,base,16.506666666666668,7.52
stage_c_seed15_k3_v1,15,3,6,random_screen,shock,17.745,11.86
stage_c_seed15_k3_v1,15,3,6,random_screen,base,16.506666666666668,7.52
stage_c_seed15_k3_v1,15,3,7,happo,shock,24.143333333333334,25.91
stage_c_seed15_k3_v1,15,3,7,happo,base,24.5,26.13
stage_c_seed15_k3_v1,15,3,7,llm_no_screen,shock,26.47,35.59
stage_c_seed15_k3_v1,15,3,7,llm_no_screen,base,24.5,26.13
stage_c_seed15_k3_v1,15,3,7,llm_search_only,shock,24.131666666666668,26.525
stage_c_seed15_k3_v1,15,3,7,llm_search_only,base,24.5,26.13
stage_c_seed15_k3_v1,15,3,7,random_screen,shock,21.235,21.185
stage_c_seed15_k3_v1,15,3,7,random_screen,base,24.5,26.13
stage_c_seed15_k3_v1,15,3,8,happo,shock,16.708333333333332,6.65
stage_c_seed15_k3_v1,15,3,8,happo,base,13.331666666666667,3.84
stage_c_seed15_k3_v1,15,3,8,llm_no_screen,shock,16.38,6.675
stage_c_seed15_k3_v1,15,3,8,llm_no_screen,base,13.331666666666667,3.84
stage_c_seed15_k3_v1,15,3,8,llm_search_only,shock,17.666666666666668,6.705
stage_c_seed15_k3_v1,15,3,8,llm_search_only,base,13.331666666666667,3.84
stage_c_seed15_k3_v1,15,3,8,random_screen,shock,17.72833333333333,6.16
stage_c_seed15_k3_v1,15,3,8,random_screen,base,13.331666666666667,3.84
stage_c_seed15_k3_v1,15,3,9,happo,shock,16.776666666666667,4.225
stage_c_seed15_k3_v1,15,3,9,happo,base,15.69,3.68
stage_c_seed15_k3_v1,15,3,9,llm_no_screen,shock,14.241666666666667,4.265
stage_c_seed15_k3_v1,15,3,9,llm_no_screen,base,15.69,3.68
stage_c_seed15_k3_v1,15,3,9,llm_search_only,shock,16.528333333333332,4.445
stage_c_seed15_k3_v1,15,3,9,llm_search_only,base,15.69,3.68
stage_c_seed15_k3_v1,15,3,9,random_screen,shock,17.508333333333333,4.155
stage_c_seed15_k3_v1,15,3,9,random_screen,base,15.69,3.68
stage_c_seed15_k3_v1,15,3,10,happo,shock,18.586666666666666,11.435
stage_c_seed15_k3_v1,15,3,10,happo,base,15.468333333333334,6.545
stage_c_seed15_k3_v1,15,3,10,llm_no_screen,shock,17.781666666666666,13.27
stage_c_seed15_k3_v1,15,3,10,llm_no_screen,base,15.468333333333334,6.545
stage_c_seed15_k3_v1,15,3,10,llm_search_only,shock,17.946666666666665,11.32
stage_c_seed15_k3_v1,15,3,10,llm_search_only,base,15.468333333333334,6.545
stage_c_seed15_k3_v1,15,3,10,random_screen,shock,18.346666666666668,9.395
stage_c_seed15_k3_v1,15,3,10,random_screen,base,15.468333333333334,6.545
stage_c_seed15_k3_v1,15,3,11,happo,shock,34.32,61.085
stage_c_seed15_k3_v1,15,3,11,happo,base,33.63333333333333,59.205
stage_c_seed15_k3_v1,15,3,11,llm_no_screen,shock,35.775,68.815
stage_c_seed15_k3_v1,15,3,11,llm_no_screen,base,33.63333333333333,59.205
stage_c_seed15_k3_v1,15,3,11,llm_search_only,shock,33.596666666666664,60.88
stage_c_seed15_k3_v1,15,3,11,llm_search_only,base,33.63333333333333,59.205
stage_c_seed15_k3_v1,15,3,11,random_screen,shock,31.178333333333335,56.445
stage_c_seed15_k3_v1,15,3,11,random_screen,base,33.63333333333333,59.205
stage_c_seed15_k3_v1,15,3,12,happo,shock,12.816666666666666,4.685
stage_c_seed15_k3_v1,15,3,12,happo,base,13.056666666666667,3.345
stage_c_seed15_k3_v1,15,3,12,llm_no_screen,shock,14.101666666666667,6.23
stage_c_seed15_k3_v1,15,3,12,llm_no_screen,base,13.056666666666667,3.345
stage_c_seed15_k3_v1,15,3,12,llm_search_only,shock,11.99,4.245
stage_c_seed15_k3_v1,15,3,12,llm_search_only,base,13.056666666666667,3.345
stage_c_seed15_k3_v1,15,3,12,random_screen,shock,13.596666666666666,3.505
stage_c_seed15_k3_v1,15,3,12,random_screen,base,13.056666666666667,3.345
stage_c_seed15_k3_v1,15,3,13,happo,shock,20.098333333333333,7.795
stage_c_seed15_k3_v1,15,3,13,happo,base,13.751666666666667,2.74
stage_c_seed15_k3_v1,15,3,13,llm_no_screen,shock,20.778333333333332,7.9
stage_c_seed15_k3_v1,15,3,13,llm_no_screen,base,13.751666666666667,2.74
stage_c_seed15_k3_v1,15,3,13,llm_search_only,shock,18.83,7.62
stage_c_seed15_k3_v1,15,3,13,llm_search_only,base,13.751666666666667,2.74
stage_c_seed15_k3_v1,15,3,13,random_screen,shock,17.843333333333334,7.61
stage_c_seed15_k3_v1,15,3,13,random_screen,base,13.751666666666667,2.74
stage_c_seed15_k3_v1,15,3,14,happo,shock,18.683333333333334,8.26
stage_c_seed15_k3_v1,15,3,14,happo,base,18.036666666666665,7.985
stage_c_seed15_k3_v1,15,3,14,llm_no_screen,shock,15.396666666666667,8.165
stage_c_seed15_k3_v1,15,3,14,llm_no_screen,base,18.036666666666665,7.985
stage_c_seed15_k3_v1,15,3,14,llm_search_only,shock,15.971666666666666,7.39
stage_c_seed15_k3_v1,15,3,14,llm_search_only,base,18.036666666666665,7.985
stage_c_seed15_k3_v1,15,3,14,random_screen,shock,19.38,9.01
stage_c_seed15_k3_v1,15,3,14,random_screen,base,18.036666666666665,7.985
stage_c_seed15_k3_v1,15,3,15,happo,shock,17.595,11.185
stage_c_seed15_k3_v1,15,3,15,happo,base,17.525,10.795
stage_c_seed15_k3_v1,15,3,15,llm_no_screen,shock,20.97833333333333,15.04
stage_c_seed15_k3_v1,15,3,15,llm_no_screen,base,17.525,10.795
stage_c_seed15_k3_v1,15,3,15,llm_search_only,shock,16.433333333333334,10.98
stage_c_seed15_k3_v1,15,3,15,llm_search_only,base,17.525,10.795
stage_c_seed15_k3_v1,15,3,15,random_screen,shock,17.48,12.28
stage_c_seed15_k3_v1,15,3,15,random_screen,base,17.525,10.795
stage_c_seed15_k3_v1,15,3,16,happo,shock,11.698333333333334,1.48
stage_c_seed15_k3_v1,15,3,16,happo,base,11.321666666666667,1.69
stage_c_seed15_k3_v1,15,3,16,llm_no_screen,shock,11.38,2.39
stage_c_seed15_k3_v1,15,3,16,llm_no_screen,base,11.321666666666667,1.69
stage_c_seed15_k3_v1,15,3,16,llm_search_only,shock,10.816666666666666,1.345
stage_c_seed15_k3_v1,15,3,16,llm_search_only,base,11.321666666666667,1.69
stage_c_seed15_k3_v1,15,3,16,random_screen,shock,11.375,1.425
stage_c_seed15_k3_v1,15,3,16,random_screen,base,11.321666666666667,1.69
stage_c_seed15_k3_v1,15,3,17,happo,shock,13.481666666666667,5.82
stage_c_seed15_k3_v1,15,3,17,happo,base,13.57,5.44
stage_c_seed15_k3_v1,15,3,17,llm_no_screen,shock,14.805,7.23
stage_c_seed15_k3_v1,15,3,17,llm_no_screen,base,13.57,5.44
stage_c_seed15_k3_v1,15,3,17,llm_search_only,shock,14.071666666666667,6.11
stage_c_seed15_k3_v1,15,3,17,llm_search_only,base,13.57,5.44
stage_c_seed15_k3_v1,15,3,17,random_screen,shock,13.625,6.07
stage_c_seed15_k3_v1,15,3,17,random_screen,base,13.57,5.44
stage_c_seed15_k3_v1,15,3,18,happo,shock,19.605,33.23
stage_c_seed15_k3_v1,15,3,18,happo,base,18.081666666666667,25.15
stage_c_seed15_k3_v1,15,3,18,llm_no_screen,shock,20.756666666666668,39.355
stage_c_seed15_k3_v1,15,3,18,llm_no_screen,base,18.081666666666667,25.15
stage_c_seed15_k3_v1,15,3,18,llm_search_only,shock,18.47,31.825
stage_c_seed15_k3_v1,15,3,18,llm_search_only,base,18.081666666666667,25.15
stage_c_seed15_k3_v1,15,3,18,random_screen,shock,18.605,28.955
stage_c_seed15_k3_v1,15,3,18,random_screen,base,18.081666666666667,25.15
stage_c_seed15_k3_v1,15,3,19,happo,shock,19.001666666666665,4.17
stage_c_seed15_k3_v1,15,3,19,happo,base,17.79,4.45
stage_c_seed15_k3_v1,15,3,19,llm_no_screen,shock,16.508333333333333,4.185
stage_c_seed15_k3_v1,15,3,19,llm_no_screen,base,17.79,4.45
stage_c_seed15_k3_v1,15,3,19,llm_search_only,shock,15.97,4.23
stage_c_seed15_k3_v1,15,3,19,llm_search_only,base,17.79,4.45
stage_c_seed15_k3_v1,15,3,19,random_screen,shock,22.106666666666666,4.84
stage_c_seed15_k3_v1,15,3,19,random_screen,base,17.79,4.45
stage_c_seed15_k1_v1,15,1,0,happo,shock,33.31333333333333,47.57
stage_c_seed15_k1_v1,15,1,0,happo,base,25.708333333333332,35.445
stage_c_seed15_k1_v1,15,1,0,llm_library,shock,28.351666666666667,42.74
stage_c_seed15_k1_v1,15,1,0,llm_library,base,25.708333333333332,35.445
stage_c_seed15_k1_v1,15,1,1,happo,shock,18.731666666666666,18.21
stage_c_seed15_k1_v1,15,1,1,happo,base,18.87,16.75
stage_c_seed15_k1_v1,15,1,1,llm_library,shock,18.221666666666668,17.85
stage_c_seed15_k1_v1,15,1,1,llm_library,base,18.87,16.75
stage_c_seed15_k1_v1,15,1,2,happo,shock,13.558333333333334,2.925
stage_c_seed15_k1_v1,15,1,2,happo,base,13.141666666666667,2.845
stage_c_seed15_k1_v1,15,1,2,llm_library,shock,13.868333333333334,3.26
stage_c_seed15_k1_v1,15,1,2,llm_library,base,13.141666666666667,2.845
stage_c_seed15_k1_v1,15,1,3,happo,shock,27.915,56.14
stage_c_seed15_k1_v1,15,1,3,happo,base,28.506666666666668,55.68
stage_c_seed15_k1_v1,15,1,3,llm_library,shock,27.643333333333334,56.325
stage_c_seed15_k1_v1,15,1,3,llm_library,base,28.506666666666668,55.68
stage_c_seed15_k1_v1,15,1,4,happo,shock,14.691666666666666,3.29
stage_c_seed15_k1_v1,15,1,4,happo,base,16.515,3.72
stage_c_seed15_k1_v1,15,1,4,llm_library,shock,14.691666666666666,3.29
stage_c_seed15_k1_v1,15,1,4,llm_library,base,16.515,3.72
stage_c_seed15_k1_v1,15,1,5,happo,shock,18.286666666666665,11.53
stage_c_seed15_k1_v1,15,1,5,happo,base,15.731666666666667,9.54
stage_c_seed15_k1_v1,15,1,5,llm_library,shock,18.286666666666665,11.53
stage_c_seed15_k1_v1,15,1,5,llm_library,base,15.731666666666667,9.54
stage_c_seed15_k1_v1,15,1,6,happo,shock,18.591666666666665,12.765
stage_c_seed15_k1_v1,15,1,6,happo,base,16.506666666666668,7.52
stage_c_seed15_k1_v1,15,1,6,llm_library,shock,18.625,12.765
stage_c_seed15_k1_v1,15,1,6,llm_library,base,16.506666666666668,7.52
stage_c_seed15_k1_v1,15,1,7,happo,shock,24.143333333333334,25.91
stage_c_seed15_k1_v1,15,1,7,happo,base,24.5,26.13
stage_c_seed15_k1_v1,15,1,7,llm_library,shock,24.18,27.595
stage_c_seed15_k1_v1,15,1,7,llm_library,base,24.5,26.13
stage_c_seed15_k1_v1,15,1,8,happo,shock,16.708333333333332,6.65
stage_c_seed15_k1_v1,15,1,8,happo,base,13.331666666666667,3.84
stage_c_seed15_k1_v1,15,1,8,llm_library,shock,16.308333333333334,6.575
stage_c_seed15_k1_v1,15,1,8,llm_library,base,13.331666666666667,3.84
stage_c_seed15_k1_v1,15,1,9,happo,shock,16.776666666666667,4.225
stage_c_seed15_k1_v1,15,1,9,happo,base,15.69,3.68
stage_c_seed15_k1_v1,15,1,9,llm_library,shock,16.776666666666667,4.225
stage_c_seed15_k1_v1,15,1,9,llm_library,base,15.69,3.68
stage_c_seed15_k1_v1,15,1,10,happo,shock,18.586666666666666,11.435
stage_c_seed15_k1_v1,15,1,10,happo,base,15.468333333333334,6.545
stage_c_seed15_k1_v1,15,1,10,llm_library,shock,18.261666666666667,11.46
stage_c_seed15_k1_v1,15,1,10,llm_library,base,15.468333333333334,6.545
stage_c_seed15_k1_v1,15,1,11,happo,shock,34.32,61.085
stage_c_seed15_k1_v1,15,1,11,happo,base,33.63333333333333,59.205
stage_c_seed15_k1_v1,15,1,11,llm_library,shock,33.29,60.82
stage_c_seed15_k1_v1,15,1,11,llm_library,base,33.63333333333333,59.205
stage_c_seed15_k1_v1,15,1,12,happo,shock,12.816666666666666,4.685
stage_c_seed15_k1_v1,15,1,12,happo,base,13.056666666666667,3.345
stage_c_seed15_k1_v1,15,1,12,llm_library,shock,13.503333333333334,4.33
stage_c_seed15_k1_v1,15,1,12,llm_library,base,13.056666666666667,3.345
stage_c_seed15_k1_v1,15,1,13,happo,shock,20.098333333333333,7.795
stage_c_seed15_k1_v1,15,1,13,happo,base,13.751666666666667,2.74
stage_c_seed15_k1_v1,15,1,13,llm_library,shock,18.743333333333332,7.395
stage_c_seed15_k1_v1,15,1,13,llm_library,base,13.751666666666667,2.74
stage_c_seed15_k1_v1,15,1,14,happo,shock,18.683333333333334,8.26
stage_c_seed15_k1_v1,15,1,14,happo,base,18.036666666666665,7.985
stage_c_seed15_k1_v1,15,1,14,llm_library,shock,18.683333333333334,8.26
stage_c_seed15_k1_v1,15,1,14,llm_library,base,18.036666666666665,7.985
stage_c_seed15_k1_v1,15,1,15,happo,shock,17.595,11.185
stage_c_seed15_k1_v1,15,1,15,happo,base,17.525,10.795
stage_c_seed15_k1_v1,15,1,15,llm_library,shock,18.918333333333333,12.945
stage_c_seed15_k1_v1,15,1,15,llm_library,base,17.525,10.795
stage_c_seed15_k1_v1,15,1,16,happo,shock,11.698333333333334,1.48
stage_c_seed15_k1_v1,15,1,16,happo,base,11.321666666666667,1.69
stage_c_seed15_k1_v1,15,1,16,llm_library,shock,11.656666666666666,1.355
stage_c_seed15_k1_v1,15,1,16,llm_library,base,11.321666666666667,1.69
stage_c_seed15_k1_v1,15,1,17,happo,shock,13.481666666666667,5.82
stage_c_seed15_k1_v1,15,1,17,happo,base,13.57,5.44
stage_c_seed15_k1_v1,15,1,17,llm_library,shock,13.46,6.25
stage_c_seed15_k1_v1,15,1,17,llm_library,base,13.57,5.44
stage_c_seed15_k1_v1,15,1,18,happo,shock,19.605,33.23
stage_c_seed15_k1_v1,15,1,18,happo,base,18.081666666666667,25.15
stage_c_seed15_k1_v1,15,1,18,llm_library,shock,18.438333333333333,31.46
stage_c_seed15_k1_v1,15,1,18,llm_library,base,18.081666666666667,25.15
stage_c_seed15_k1_v1,15,1,19,happo,shock,19.001666666666665,4.17
stage_c_seed15_k1_v1,15,1,19,happo,base,17.79,4.45
stage_c_seed15_k1_v1,15,1,19,llm_library,shock,19.001666666666665,4.17
stage_c_seed15_k1_v1,15,1,19,llm_library,base,17.79,4.45
stage_c_seed15_k5_v1,15,5,0,happo,shock,33.31333333333333,47.57
stage_c_seed15_k5_v1,15,5,0,happo,base,25.708333333333332,35.445
stage_c_seed15_k5_v1,15,5,0,llm_library,shock,27.93,37.43
stage_c_seed15_k5_v1,15,5,0,llm_library,base,25.708333333333332,35.445
stage_c_seed15_k5_v1,15,5,1,happo,shock,18.731666666666666,18.21
stage_c_seed15_k5_v1,15,5,1,happo,base,18.87,16.75
stage_c_seed15_k5_v1,15,5,1,llm_library,shock,17.88,17.27
stage_c_seed15_k5_v1,15,5,1,llm_library,base,18.87,16.75
stage_c_seed15_k5_v1,15,5,2,happo,shock,13.558333333333334,2.925
stage_c_seed15_k5_v1,15,5,2,happo,base,13.141666666666667,2.845
stage_c_seed15_k5_v1,15,5,2,llm_library,shock,13.558333333333334,2.925
stage_c_seed15_k5_v1,15,5,2,llm_library,base,13.141666666666667,2.845
stage_c_seed15_k5_v1,15,5,3,happo,shock,27.915,56.14
stage_c_seed15_k5_v1,15,5,3,happo,base,28.506666666666668,55.68
stage_c_seed15_k5_v1,15,5,3,llm_library,shock,27.643333333333334,56.325
stage_c_seed15_k5_v1,15,5,3,llm_library,base,28.506666666666668,55.68
stage_c_seed15_k5_v1,15,5,4,happo,shock,14.691666666666666,3.29
stage_c_seed15_k5_v1,15,5,4,happo,base,16.515,3.72
stage_c_seed15_k5_v1,15,5,4,llm_library,shock,15.261666666666667,3.945
stage_c_seed15_k5_v1,15,5,4,llm_library,base,16.515,3.72
stage_c_seed15_k5_v1,15,5,5,happo,shock,18.286666666666665,11.53
stage_c_seed15_k5_v1,15,5,5,happo,base,15.731666666666667,9.54
stage_c_seed15_k5_v1,15,5,5,llm_library,shock,18.213333333333335,11.535
stage_c_seed15_k5_v1,15,5,5,llm_library,base,15.731666666666667,9.54
stage_c_seed15_k5_v1,15,5,6,happo,shock,18.591666666666665,12.765
stage_c_seed15_k5_v1,15,5,6,happo,base,16.506666666666668,7.52
stage_c_seed15_k5_v1,15,5,6,llm_library,shock,18.46,12.83
stage_c_seed15_k5_v1,15,5,6,llm_library,base,16.506666666666668,7.52
stage_c_seed15_k5_v1,15,5,7,happo,shock,24.143333333333334,25.91
stage_c_seed15_k5_v1,15,5,7,happo,base,24.5,26.13
stage_c_seed15_k5_v1,15,5,7,llm_library,shock,23.656666666666666,26.14
stage_c_seed15_k5_v1,15,5,7,llm_library,base,24.5,26.13
stage_c_seed15_k5_v1,15,5,8,happo,shock,16.708333333333332,6.65
stage_c_seed15_k5_v1,15,5,8,happo,base,13.331666666666667,3.84
stage_c_seed15_k5_v1,15,5,8,llm_library,shock,16.708333333333332,6.65
stage_c_seed15_k5_v1,15,5,8,llm_library,base,13.331666666666667,3.84
stage_c_seed15_k5_v1,15,5,9,happo,shock,16.776666666666667,4.225
stage_c_seed15_k5_v1,15,5,9,happo,base,15.69,3.68
stage_c_seed15_k5_v1,15,5,9,llm_library,shock,16.776666666666667,4.225
stage_c_seed15_k5_v1,15,5,9,llm_library,base,15.69,3.68
stage_c_seed15_k5_v1,15,5,10,happo,shock,18.586666666666666,11.435
stage_c_seed15_k5_v1,15,5,10,happo,base,15.468333333333334,6.545
stage_c_seed15_k5_v1,15,5,10,llm_library,shock,17.956666666666667,11.335
stage_c_seed15_k5_v1,15,5,10,llm_library,base,15.468333333333334,6.545
stage_c_seed15_k5_v1,15,5,11,happo,shock,34.32,61.085
stage_c_seed15_k5_v1,15,5,11,happo,base,33.63333333333333,59.205
stage_c_seed15_k5_v1,15,5,11,llm_library,shock,33.788333333333334,61.06
stage_c_seed15_k5_v1,15,5,11,llm_library,base,33.63333333333333,59.205
stage_c_seed15_k5_v1,15,5,12,happo,shock,12.816666666666666,4.685
stage_c_seed15_k5_v1,15,5,12,happo,base,13.056666666666667,3.345
stage_c_seed15_k5_v1,15,5,12,llm_library,shock,12.813333333333333,4.685
stage_c_seed15_k5_v1,15,5,12,llm_library,base,13.056666666666667,3.345
stage_c_seed15_k5_v1,15,5,13,happo,shock,20.098333333333333,7.795
stage_c_seed15_k5_v1,15,5,13,happo,base,13.751666666666667,2.74
stage_c_seed15_k5_v1,15,5,13,llm_library,shock,20.098333333333333,7.795
stage_c_seed15_k5_v1,15,5,13,llm_library,base,13.751666666666667,2.74
stage_c_seed15_k5_v1,15,5,14,happo,shock,18.683333333333334,8.26
stage_c_seed15_k5_v1,15,5,14,happo,base,18.036666666666665,7.985
stage_c_seed15_k5_v1,15,5,14,llm_library,shock,18.683333333333334,8.26
stage_c_seed15_k5_v1,15,5,14,llm_library,base,18.036666666666665,7.985
stage_c_seed15_k5_v1,15,5,15,happo,shock,17.595,11.185
stage_c_seed15_k5_v1,15,5,15,happo,base,17.525,10.795
stage_c_seed15_k5_v1,15,5,15,llm_library,shock,17.526666666666667,11.185
stage_c_seed15_k5_v1,15,5,15,llm_library,base,17.525,10.795
stage_c_seed15_k5_v1,15,5,16,happo,shock,11.698333333333334,1.48
stage_c_seed15_k5_v1,15,5,16,happo,base,11.321666666666667,1.69
stage_c_seed15_k5_v1,15,5,16,llm_library,shock,11.656666666666666,1.355
stage_c_seed15_k5_v1,15,5,16,llm_library,base,11.321666666666667,1.69
stage_c_seed15_k5_v1,15,5,17,happo,shock,13.481666666666667,5.82
stage_c_seed15_k5_v1,15,5,17,happo,base,13.57,5.44
stage_c_seed15_k5_v1,15,5,17,llm_library,shock,13.985,6.03
stage_c_seed15_k5_v1,15,5,17,llm_library,base,13.57,5.44
stage_c_seed15_k5_v1,15,5,18,happo,shock,19.605,33.23
stage_c_seed15_k5_v1,15,5,18,happo,base,18.081666666666667,25.15
stage_c_seed15_k5_v1,15,5,18,llm_library,shock,19.605,33.23
stage_c_seed15_k5_v1,15,5,18,llm_library,base,18.081666666666667,25.15
stage_c_seed15_k5_v1,15,5,19,happo,shock,19.001666666666665,4.17
stage_c_seed15_k5_v1,15,5,19,happo,base,17.79,4.45
stage_c_seed15_k5_v1,15,5,19,llm_library,shock,19.001666666666665,4.17
stage_c_seed15_k5_v1,15,5,19,llm_library,base,17.79,4.45
