group,scenario,trace,period,node,demand,cost,inventory,backlog,happo_order,actual_order,chosen,notification_period
happo,base,0,1,0,10,10.0,10,0,10,10,zero,
happo,base,0,1,1,10,10.0,10,0,15,15,zero,
happo,base,0,1,2,10,5.0,5,0,0,0,zero,
happo,base,0,2,0,9,11.0,11,0,10,10,zero,
happo,base,0,2,1,9,10.0,10,0,1,1,zero,
happo,base,0,2,2,9,14.0,14,0,20,20,zero,
happo,base,0,3,0,9,12.0,12,0,6,6,zero,
happo,base,0,3,1,9,14.0,14,0,15,15,zero,
happo,base,0,3,2,9,9.0,9,0,3,3,zero,
happo,base,0,4,0,9,13.0,13,0,10,10,zero,
happo,base,0,4,1,9,14.0,14,0,1,1,zero,
happo,base,0,4,2,9,18.0,18,0,20,20,zero,
happo,base,0,5,0,8,15.0,15,0,6,6,zero,
happo,base,0,5,1,8,23.0,23,0,15,15,zero,
happo,base,0,5,2,8,3.0,3,0,0,0,zero,
happo,base,0,6,0,7,18.0,18,0,9,9,zero,
happo,base,0,6,1,7,15.0,15,0,1,1,zero,
happo,base,0,6,2,7,22.0,22,0,16,16,zero,
happo,base,0,7,0,7,17.0,17,0,4,4,zero,
happo,base,0,7,1,7,26.0,26,0,1,1,zero,
happo,base,0,7,2,7,24.0,24,0,0,0,zero,
happo,base,0,8,0,8,19.0,19,0,4,4,zero,
happo,base,0,8,1,8,23.0,23,0,1,1,zero,
happo,base,0,8,2,8,43.0,43,0,0,0,zero,
happo,base,0,9,0,7,18.0,18,0,6,6,zero,
happo,base,0,9,1,7,32.0,32,0,1,1,zero,
happo,base,0,9,2,7,42.0,42,0,0,0,zero,
happo,base,0,10,0,7,20.0,20,0,4,4,zero,
happo,base,0,10,1,7,29.0,29,0,1,1,zero,
happo,base,0,10,2,7,57.0,57,0,0,0,zero,
happo,base,0,11,0,7,17.0,17,0,4,4,zero,
happo,base,0,11,1,7,26.0,26,0,1,1,zero,
happo,base,0,11,2,7,56.0,56,0,0,0,zero,
happo,base,0,12,0,7,14.0,14,0,4,4,zero,
happo,base,0,12,1,7,23.0,23,0,1,1,zero,
happo,base,0,12,2,7,55.0,55,0,0,0,zero,
happo,base,0,13,0,8,12.0,12,0,9,9,zero,
happo,base,0,13,1,8,15.0,15,0,1,1,zero,
happo,base,0,13,2,8,54.0,54,0,0,0,zero,
happo,base,0,14,0,8,8.0,8,0,9,9,zero,
happo,base,0,14,1,8,7.0,7,0,15,15,zero,
happo,base,0,14,2,8,39.0,39,0,0,0,zero,
happo,base,0,15,0,9,3.0,3,0,9,9,zero,
happo,base,0,15,1,9,1.0,0,1,11,11,zero,
happo,base,0,15,2,9,28.0,28,0,0,0,zero,
happo,base,0,16,0,8,1.0,0,1,9,9,zero,
happo,base,0,16,1,8,9.0,0,9,15,15,zero,
happo,base,0,16,2,8,13.0,13,0,16,16,zero,
happo,base,0,17,0,8,-0.0,0,0,10,10,zero,
happo,base,0,17,1,8,18.0,0,18,3,3,zero,
happo,base,0,17,2,8,10.0,10,0,20,20,zero,
happo,base,0,18,0,8,1.0,1,0,10,10,zero,
happo,base,0,18,1,8,13.0,0,13,15,15,zero,
happo,base,0,18,2,8,5.0,0,5,0,0,zero,
happo,base,0,19,0,9,-0.0,0,0,6,6,zero,
happo,base,0,19,1,9,8.0,0,8,18,18,zero,
happo,base,0,19,2,9,23.0,0,23,20,20,zero,
happo,base,0,20,0,9,8.0,0,8,10,10,zero,
happo,base,0,20,1,9,3.0,0,3,18,18,zero,
happo,base,0,20,2,9,25.0,0,25,20,20,zero,
happo,base,0,21,0,8,15.0,0,15,6,6,zero,
happo,base,0,21,1,8,6.0,0,6,18,18,zero,
happo,base,0,21,2,8,23.0,0,23,20,20,zero,
happo,base,0,22,0,10,10.0,0,10,10,10,zero,
happo,base,0,22,1,10,6.0,0,6,3,3,zero,
happo,base,0,22,2,10,26.0,0,26,20,20,zero,
happo,base,0,23,0,10,9.0,0,9,10,10,zero,
happo,base,0,23,1,10,16.0,0,16,18,18,zero,
happo,base,0,23,2,10,24.0,0,24,0,0,zero,
happo,base,0,24,0,9,3.0,0,3,19,19,zero,
happo,base,0,24,1,9,19.0,0,19,3,3,zero,
happo,base,0,24,2,9,7.0,0,7,20,20,zero,
happo,base,0,25,0,8,8.0,0,8,10,10,zero,
happo,base,0,25,1,8,9.0,0,9,18,18,zero,
happo,base,0,25,2,8,5.0,0,5,16,16,zero,
happo,base,0,26,0,8,6.0,0,6,2,2,zero,
happo,base,0,26,1,8,11.0,0,11,3,3,zero,
happo,base,0,26,2,8,12.0,12,0,20,20,zero,
happo,base,0,27,0,8,14.0,0,14,6,6,zero,
happo,base,0,27,1,8,3.0,3,0,0,0,zero,
happo,base,0,27,2,8,12.0,12,0,3,3,zero,
happo,base,0,28,0,7,5.0,0,5,6,6,zero,
happo,base,0,28,1,7,17.0,17,0,12,12,zero,
happo,base,0,28,2,7,20.0,20,0,0,0,zero,
happo,base,0,29,0,7,8.0,8,0,6,6,zero,
happo,base,0,29,1,7,31.0,31,0,0,0,zero,
happo,base,0,29,2,7,36.0,36,0,0,0,zero,
happo,base,0,30,0,6,2.0,2,0,2,2,zero,
happo,base,0,30,1,6,37.0,37,0,12,12,zero,
happo,base,0,30,2,6,44.0,44,0,0,0,zero,
happo,base,0,31,0,7,12.0,12,0,6,6,zero,
happo,base,0,31,1,7,31.0,31,0,0,0,zero,
happo,base,0,31,2,7,47.0,47,0,1,1,zero,
happo,base,0,32,0,7,11.0,11,0,6,6,zero,
happo,base,0,32,1,7,37.0,37,0,1,1,zero,
happo,base,0,32,2,7,46.0,46,0,0,0,zero,
happo,base,0,33,0,8,9.0,9,0,9,9,zero,
happo,base,0,33,1,8,28.0,28,0,1,1,zero,
happo,base,0,33,2,8,45.0,45,0,0,0,zero,
happo,base,0,34,0,9,2.0,2,0,9,9,zero,
happo,base,0,34,1,9,31.0,31,0,15,15,zero,
happo,base,0,34,2,9,30.0,30,0,0,0,zero,
happo,base,0,35,0,9,1.0,0,1,9,9,zero,
happo,base,0,35,1,9,22.0,22,0,15,15,zero,
happo,base,0,35,2,9,16.0,16,0,1,1,zero,
happo,base,0,36,0,9,4.0,0,4,9,9,zero,
happo,base,0,36,1,9,14.0,14,0,1,1,zero,
happo,base,0,36,2,9,15.0,15,0,20,20,zero,
happo,base,0,37,0,8,3.0,0,3,10,10,zero,
happo,base,0,37,1,8,5.0,5,0,11,11,zero,
happo,base,0,37,2,8,4.0,4,0,3,3,zero,
happo,base,0,38,0,8,2.0,0,2,6,6,zero,
happo,base,0,38,1,8,14.0,14,0,15,15,zero,
happo,base,0,38,2,8,11.0,0,11,20,20,zero,
happo,base,0,39,0,8,1.0,0,1,10,10,zero,
happo,base,0,39,1,8,19.0,19,0,11,11,zero,
happo,base,0,39,2,8,21.0,0,21,20,20,zero,
happo,base,0,40,0,9,1.0,0,1,6,6,zero,
happo,base,0,40,1,9,14.0,14,0,15,15,zero,
happo,base,0,40,2,9,16.0,0,16,20,20,zero,
happo,base,0,41,0,10,1.0,0,1,19,19,zero,
happo,base,0,41,1,10,6.0,6,0,1,1,zero,
happo,base,0,41,2,10,14.0,0,14,16,16,zero,
happo,base,0,42,0,10,5.0,0,5,6,6,zero,
happo,base,0,42,1,10,4.0,4,0,15,15,zero,
happo,base,0,42,2,10,9.0,0,9,0,0,zero,
happo,base,0,43,0,9,4.0,0,4,10,10,zero,
happo,base,0,43,1,9,5.0,0,5,3,3,zero,
happo,base,0,43,2,9,8.0,8,0,16,16,zero,
happo,base,0,44,0,7,5.0,0,5,10,10,zero,
happo,base,0,44,1,7,5.0,5,0,15,15,zero,
happo,base,0,44,2,7,13.0,13,0,1,1,zero,
happo,base,0,45,0,8,6.0,6,0,6,6,zero,
happo,base,0,45,1,8,2.0,2,0,3,3,zero,
happo,base,0,45,2,8,26.0,26,0,16,16,zero,
happo,base,0,46,0,7,5.0,5,0,10,10,zero,
happo,base,0,46,1,7,12.0,12,0,5,5,zero,
happo,base,0,46,2,7,21.0,21,0,0,0,zero,
happo,base,0,47,0,7,3.0,3,0,6,6,zero,
happo,base,0,47,1,7,18.0,18,0,15,15,zero,
happo,base,0,47,2,7,22.0,22,0,0,0,zero,
happo,base,0,48,0,7,11.0,11,0,6,6,zero,
happo,base,0,48,1,7,27.0,27,0,3,3,zero,
happo,base,0,48,2,7,20.0,20,0,16,16,zero,
happo,base,0,49,0,7,10.0,10,0,6,6,zero,
happo,base,0,49,1,7,24.0,24,0,1,1,zero,
happo,base,0,49,2,7,35.0,35,0,3,3,zero,
happo,base,0,50,0,8,12.0,12,0,6,6,zero,
happo,base,0,50,1,8,23.0,23,0,1,1,zero,
happo,base,0,50,2,8,34.0,34,0,0,0,zero,
happo,base,0,51,0,8,10.0,10,0,10,10,zero,
happo,base,0,51,1,8,28.0,28,0,1,1,zero,
happo,base,0,51,2,8,33.0,33,0,0,0,zero,
happo,base,0,52,0,8,8.0,8,0,9,9,zero,
happo,base,0,52,1,8,22.0,22,0,15,15,zero,
happo,base,0,52,2,8,34.0,34,0,0,0,zero,
happo,base,0,53,0,8,6.0,6,0,9,9,zero,
happo,base,0,53,1,8,14.0,14,0,15,15,zero,
happo,base,0,53,2,8,22.0,22,0,1,1,zero,
happo,base,0,54,0,8,4.0,4,0,2,2,zero,
happo,base,0,54,1,8,13.0,13,0,15,15,zero,
happo,base,0,54,2,8,7.0,7,0,20,20,zero,
happo,base,0,55,0,9,5.0,5,0,6,6,zero,
happo,base,0,55,1,9,8.0,8,0,0,0,zero,
happo,base,0,55,2,9,7.0,7,0,20,20,zero,
happo,base,0,56,0,8,6.0,6,0,10,10,zero,
happo,base,0,56,1,8,13.0,13,0,1,1,zero,
happo,base,0,56,2,8,6.0,6,0,0,0,zero,
happo,base,0,57,0,8,7.0,7,0,9,9,zero,
happo,base,0,57,1,8,19.0,19,0,12,12,zero,
happo,base,0,57,2,8,5.0,0,5,0,0,zero,
happo,base,0,58,0,6,3.0,3,0,9,9,zero,
happo,base,0,58,1,6,25.0,25,0,15,15,zero,
happo,base,0,58,2,6,-0.0,0,0,0,0,zero,
happo,base,0,59,0,6,3.0,3,0,2,2,zero,
happo,base,0,59,1,6,23.0,23,0,15,15,zero,
happo,base,0,59,2,6,5.0,5,0,20,20,zero,
happo,base,0,60,0,6,7.0,7,0,6,6,zero,
happo,base,0,60,1,6,18.0,18,0,0,0,zero,
happo,base,0,60,2,6,5.0,5,0,20,20,zero,
happo,base,0,61,0,5,11.0,11,0,6,6,zero,
happo,base,0,61,1,5,19.0,19,0,0,0,zero,
happo,base,0,61,2,5,5.0,5,0,0,0,zero,
happo,base,0,62,0,5,15.0,15,0,2,2,zero,
happo,base,0,62,1,5,37.0,37,0,1,1,zero,
happo,base,0,62,2,5,4.0,4,0,0,0,zero,
happo,base,0,63,0,5,12.0,12,0,2,2,zero,
happo,base,0,63,1,5,50.0,50,0,0,0,zero,
happo,base,0,63,2,5,24.0,24,0,0,0,zero,
happo,base,0,64,0,5,13.0,13,0,2,2,zero,
happo,base,0,64,1,5,48.0,48,0,0,0,zero,
happo,base,0,64,2,5,44.0,44,0,0,0,zero,
happo,base,0,65,0,5,14.0,14,0,6,6,zero,
happo,base,0,65,1,5,42.0,42,0,0,0,zero,
happo,base,0,65,2,5,44.0,44,0,0,0,zero,
happo,base,0,66,0,5,11.0,11,0,2,2,zero,
happo,base,0,66,1,5,41.0,41,0,1,1,zero,
happo,base,0,66,2,5,43.0,43,0,0,0,zero,
happo,base,0,67,0,4,9.0,9,0,9,9,zero,
happo,base,0,67,1,4,32.0,32,0,1,1,zero,
happo,base,0,67,2,4,42.0,42,0,0,0,zero,
happo,base,0,68,0,5,6.0,6,0,3,3,zero,
happo,base,0,68,1,5,29.0,29,0,1,1,zero,
happo,base,0,68,2,5,41.0,41,0,0,0,zero,
happo,base,0,69,0,6,6.0,6,0,3,3,zero,
happo,base,0,69,1,6,26.0,26,0,1,1,zero,
happo,base,0,69,2,6,40.0,40,0,0,0,zero,
happo,base,0,70,0,6,2.0,2,0,6,6,zero,
happo,base,0,70,1,6,21.0,21,0,1,1,zero,
happo,base,0,70,2,6,39.0,39,0,0,0,zero,
happo,base,0,71,0,6,5.0,5,0,6,6,zero,
happo,base,0,71,1,6,16.0,16,0,15,15,zero,
happo,base,0,71,2,6,24.0,24,0,0,0,zero,
happo,base,0,72,0,5,3.0,3,0,9,9,zero,
happo,base,0,72,1,5,8.0,8,0,1,1,zero,
happo,base,0,72,2,5,23.0,23,0,0,0,zero,
happo,base,0,73,0,6,-0.0,0,0,2,2,zero,
happo,base,0,73,1,6,7.0,7,0,15,15,zero,
happo,base,0,73,2,6,8.0,8,0,0,0,zero,
happo,base,0,74,0,6,-0.0,0,0,6,6,zero,
happo,base,0,74,1,6,2.0,2,0,1,1,zero,
happo,base,0,74,2,6,7.0,7,0,20,20,zero,
happo,base,0,75,0,7,1.0,0,1,6,6,zero,
happo,base,0,75,1,7,11.0,11,0,1,1,zero,
happo,base,0,75,2,7,6.0,6,0,3,3,zero,
happo,base,0,76,0,7,1.0,1,0,10,10,zero,
happo,base,0,76,1,7,2.0,2,0,1,1,zero,
happo,base,0,76,2,7,5.0,5,0,0,0,zero,
happo,base,0,77,0,7,4.0,0,4,6,6,zero,
happo,base,0,77,1,7,11.0,11,0,15,15,zero,
happo,base,0,77,2,7,10.0,0,10,0,0,zero,
happo,base,0,78,0,6,4.0,0,4,10,10,zero,
happo,base,0,78,1,6,2.0,2,0,15,15,zero,
happo,base,0,78,2,6,5.0,0,5,2,2,zero,
happo,base,0,79,0,6,4.0,0,4,6,6,zero,
happo,base,0,79,1,6,3.0,0,3,3,3,zero,
happo,base,0,79,2,6,5.0,0,5,20,20,zero,
happo,base,0,80,0,7,1.0,0,1,6,6,zero,
happo,base,0,80,1,7,8.0,0,8,15,15,zero,
happo,base,0,80,2,7,20.0,0,20,20,20,zero,
happo,base,0,81,0,8,3.0,0,3,10,10,zero,
happo,base,0,81,1,8,13.0,0,13,3,3,zero,
happo,base,0,81,2,8,23.0,0,23,20,20,zero,
happo,base,0,82,0,8,1.0,0,1,10,10,zero,
happo,base,0,82,1,8,3.0,0,3,15,15,zero,
happo,base,0,82,2,8,36.0,0,36,0,0,zero,
happo,base,0,83,0,7,5.0,0,5,6,6,zero,
happo,base,0,83,1,7,6.0,0,6,15,15,zero,
happo,base,0,83,2,7,31.0,0,31,20,20,zero,
happo,base,0,84,0,6,10.0,0,10,10,10,zero,
happo,base,0,84,1,6,16.0,0,16,3,3,zero,
happo,base,0,84,2,6,14.0,0,14,20,20,zero,
happo,base,0,85,0,6,11.0,0,11,6,6,zero,
happo,base,0,85,1,6,22.0,0,22,3,3,zero,
happo,base,0,85,2,6,3.0,3,0,0,0,zero,
happo,base,0,86,0,6,3.0,3,0,6,6,zero,
happo,base,0,86,1,6,26.0,0,26,0,0,zero,
happo,base,0,86,2,6,3.0,3,0,0,0,zero,
happo,base,0,87,0,6,-0.0,0,0,19,19,zero,
happo,base,0,87,1,6,25.0,0,25,0,0,zero,
happo,base,0,87,2,6,23.0,23,0,0,0,zero,
happo,base,0,88,0,6,6.0,0,6,9,9,zero,
happo,base,0,88,1,6,14.0,0,14,18,18,zero,
happo,base,0,88,2,6,25.0,25,0,0,0,zero,
happo,base,0,89,0,5,11.0,0,11,2,2,zero,
happo,base,0,89,1,5,1.0,1,0,18,18,zero,
happo,base,0,89,2,5,7.0,7,0,16,16,zero,
happo,base,0,90,0,5,14.0,0,14,0,0,zero,
happo,base,0,90,1,5,1.0,1,0,0,0,zero,
happo,base,0,90,2,5,7.0,7,0,20,20,zero,
happo,base,0,91,0,5,1.0,1,0,6,6,zero,
happo,base,0,91,1,5,5.0,0,5,0,0,zero,
happo,base,0,91,2,5,7.0,7,0,0,0,zero,
happo,base,0,92,0,5,16.0,16,0,6,6,zero,
happo,base,0,92,1,5,7.0,7,0,12,12,zero,
happo,base,0,92,2,5,5.0,0,5,0,0,zero,
happo,base,0,93,0,5,27.0,27,0,0,0,zero,
happo,base,0,93,1,5,25.0,25,0,12,12,zero,
happo,base,0,93,2,5,1.0,0,1,0,0,zero,
happo,base,0,94,0,5,22.0,22,0,0,0,zero,
happo,base,0,94,1,5,25.0,25,0,0,0,zero,
happo,base,0,94,2,5,19.0,19,0,20,20,zero,
happo,base,0,95,0,5,18.0,18,0,2,2,zero,
happo,base,0,95,1,5,23.0,23,0,0,0,zero,
happo,base,0,95,2,5,19.0,19,0,0,0,zero,
happo,base,0,96,0,7,22.0,22,0,2,2,zero,
happo,base,0,96,1,7,28.0,28,0,0,0,zero,
happo,base,0,96,2,7,19.0,19,0,0,0,zero,
happo,base,0,97,0,7,15.0,15,0,9,9,zero,
happo,base,0,97,1,7,35.0,35,0,0,0,zero,
happo,base,0,97,2,7,19.0,19,0,0,0,zero,
happo,base,0,98,0,7,8.0,8,0,3,3,zero,
happo,base,0,98,1,7,33.0,33,0,1,1,zero,
happo,base,0,98,2,7,38.0,38,0,0,0,zero,
happo,base,0,99,0,8,2.0,2,0,9,9,zero,
happo,base,0,99,1,8,24.0,24,0,1,1,zero,
happo,base,0,99,2,8,37.0,37,0,0,0,zero,
happo,base,0,100,0,8,4.0,0,4,9,9,zero,
happo,base,0,100,1,8,15.0,15,0,15,15,zero,
happo,base,0,100,2,8,22.0,22,0,0,0,zero,
happo,base,0,101,0,8,3.0,0,3,9,9,zero,
happo,base,0,101,1,8,6.0,6,0,15,15,zero,
happo,base,0,101,2,8,7.0,7,0,1,1,zero,
happo,base,0,102,0,7,7.0,0,7,9,9,zero,
happo,base,0,102,1,7,2.0,0,2,11,11,zero,
happo,base,0,102,2,7,4.0,0,4,20,20,zero,
happo,base,0,103,0,7,5.0,0,5,10,10,zero,
happo,base,0,103,1,7,11.0,0,11,15,15,zero,
happo,base,0,103,2,7,19.0,0,19,20,20,zero,
happo,base,0,104,0,8,4.0,0,4,10,10,zero,
happo,base,0,104,1,8,6.0,0,6,15,15,zero,
happo,base,0,104,2,8,34.0,0,34,20,20,zero,
happo,base,0,105,0,7,2.0,0,2,6,6,zero,
happo,base,0,105,1,7,3.0,3,0,15,15,zero,
happo,base,0,105,2,7,48.0,0,48,20,20,zero,
happo,base,0,106,0,5,-0.0,0,0,6,6,zero,
happo,base,0,106,1,5,4.0,4,0,15,15,zero,
happo,base,0,106,2,5,43.0,0,43,20,20,zero,
happo,base,0,107,0,5,4.0,0,4,2,2,zero,
happo,base,0,107,1,5,2.0,2,0,3,3,zero,
happo,base,0,107,2,5,26.0,0,26,20,20,zero,
happo,base,0,108,0,6,5.0,5,0,6,6,zero,
happo,base,0,108,1,6,4.0,0,4,0,0,zero,
happo,base,0,108,2,6,6.0,0,6,0,0,zero,
happo,base,0,109,0,6,11.0,11,0,6,6,zero,
happo,base,0,109,1,6,9.0,0,9,0,0,zero,
happo,base,0,109,2,6,14.0,14,0,0,0,zero,
happo,base,0,110,0,7,10.0,10,0,19,19,zero,
happo,base,0,110,1,7,8.0,0,8,0,0,zero,
happo,base,0,110,2,7,34.0,34,0,0,0,zero,
happo,base,0,111,0,7,5.0,5,0,9,9,zero,
happo,base,0,111,1,7,3.0,3,0,18,18,zero,
happo,base,0,111,2,7,36.0,36,0,0,0,zero,
happo,base,0,112,0,7,-0.0,0,0,2,2,zero,
happo,base,0,112,1,7,21.0,21,0,18,18,zero,
happo,base,0,112,2,7,18.0,18,0,16,16,zero,
happo,base,0,113,0,6,5.0,0,5,2,2,zero,
happo,base,0,113,1,6,25.0,25,0,0,0,zero,
happo,base,0,113,2,6,18.0,18,0,20,20,zero,
happo,base,0,114,0,7,8.0,8,0,6,6,zero,
happo,base,0,114,1,7,19.0,19,0,0,0,zero,
happo,base,0,114,2,7,18.0,18,0,0,0,zero,
happo,base,0,115,0,7,18.0,18,0,6,6,zero,
happo,base,0,115,1,7,31.0,31,0,1,1,zero,
happo,base,0,115,2,7,17.0,17,0,0,0,zero,
happo,base,0,116,0,6,14.0,14,0,9,9,zero,
happo,base,0,116,1,6,40.0,40,0,1,1,zero,
happo,base,0,116,2,6,32.0,32,0,0,0,zero,
happo,base,0,117,0,7,9.0,9,0,2,2,zero,
happo,base,0,117,1,7,38.0,38,0,12,12,zero,
happo,base,0,117,2,7,40.0,40,0,0,0,zero,
happo,base,0,118,0,7,8.0,8,0,9,9,zero,
happo,base,0,118,1,7,29.0,29,0,1,1,zero,
happo,base,0,118,2,7,39.0,39,0,0,0,zero,
happo,base,0,119,0,7,7.0,7,0,6,6,zero,
happo,base,0,119,1,7,24.0,24,0,15,15,zero,
happo,base,0,119,2,7,24.0,24,0,0,0,zero,
happo,base,0,120,0,6,10.0,10,0,9,9,zero,
happo,base,0,120,1,6,16.0,16,0,1,1,zero,
happo,base,0,120,2,6,23.0,23,0,16,16,zero,
happo,base,0,121,0,6,6.0,6,0,2,2,zero,
happo,base,0,121,1,6,26.0,26,0,1,1,zero,
happo,base,0,121,2,6,22.0,22,0,0,0,zero,
happo,base,0,122,0,6,9.0,9,0,6,6,zero,
happo,base,0,122,1,6,21.0,21,0,1,1,zero,
happo,base,0,122,2,6,21.0,21,0,0,0,zero,
happo,base,0,123,0,6,9.0,9,0,6,6,zero,
happo,base,0,123,1,6,30.0,30,0,1,1,zero,
happo,base,0,123,2,6,20.0,20,0,0,0,zero,
happo,base,0,124,0,7,11.0,11,0,2,2,zero,
happo,base,0,124,1,7,29.0,29,0,1,1,zero,
happo,base,0,124,2,7,35.0,35,0,0,0,zero,
happo,base,0,125,0,8,5.0,5,0,9,9,zero,
happo,base,0,125,1,8,21.0,21,0,1,1,zero,
happo,base,0,125,2,8,34.0,34,0,0,0,zero,
happo,base,0,126,0,7,4.0,4,0,9,9,zero,
happo,base,0,126,1,7,13.0,13,0,15,15,zero,
happo,base,0,126,2,7,19.0,19,0,0,0,zero,
happo,base,0,127,0,8,2.0,2,0,9,9,zero,
happo,base,0,127,1,8,5.0,5,0,11,11,zero,
happo,base,0,127,2,8,8.0,8,0,1,1,zero,
happo,base,0,128,0,7,3.0,0,3,9,9,zero,
happo,base,0,128,1,7,3.0,0,3,15,15,zero,
happo,base,0,128,2,7,7.0,0,7,20,20,zero,
happo,base,0,129,0,8,2.0,0,2,6,6,zero,
happo,base,0,129,1,8,8.0,0,8,15,15,zero,
happo,base,0,129,2,8,22.0,0,22,20,20,zero,
happo,base,0,130,0,7,-0.0,0,0,10,10,zero,
happo,base,0,130,1,7,3.0,0,3,15,15,zero,
happo,base,0,130,2,7,37.0,0,37,20,20,zero,
happo,base,0,131,0,6,3.0,3,0,6,6,zero,
happo,base,0,131,1,6,2.0,2,0,15,15,zero,
happo,base,0,131,2,6,51.0,0,51,20,20,zero,
happo,base,0,132,0,6,3.0,3,0,2,2,zero,
happo,base,0,132,1,6,8.0,8,0,15,15,zero,
happo,base,0,132,2,6,46.0,0,46,20,20,zero,
happo,base,0,133,0,5,1.0,0,1,6,6,zero,
happo,base,0,133,1,5,2.0,2,0,3,3,zero,
happo,base,0,133,2,5,29.0,0,29,20,20,zero,
happo,base,0,134,0,7,7.0,7,0,6,6,zero,
happo,base,0,134,1,7,4.0,0,4,0,0,zero,
happo,base,0,134,2,7,9.0,0,9,0,0,zero,
happo,base,0,135,0,6,10.0,10,0,19,19,zero,
happo,base,0,135,1,6,22.0,0,22,0,0,zero,
happo,base,0,135,2,6,11.0,11,0,0,0,zero,
happo,base,0,136,0,6,6.0,6,0,19,19,zero,
happo,base,0,136,1,6,21.0,0,21,12,12,zero,
happo,base,0,136,2,6,19.0,19,0,0,0,zero,
happo,base,0,137,0,7,5.0,5,0,9,9,zero,
happo,base,0,137,1,7,10.0,0,10,18,18,zero,
happo,base,0,137,2,7,21.0,21,0,1,1,zero,
happo,base,0,138,0,7,-0.0,0,0,2,2,zero,
happo,base,0,138,1,7,8.0,8,0,18,18,zero,
happo,base,0,138,2,7,3.0,3,0,20,20,zero,
happo,base,0,139,0,6,5.0,0,5,0,0,zero,
happo,base,0,139,1,6,17.0,17,0,0,0,zero,
happo,base,0,139,2,6,3.0,3,0,20,20,zero,
happo,base,0,140,0,6,9.0,9,0,2,2,zero,
happo,base,0,140,1,6,27.0,27,0,0,0,zero,
happo,base,0,140,2,6,3.0,3,0,0,0,zero,
happo,base,0,141,0,5,24.0,24,0,6,6,zero,
happo,base,0,141,1,5,39.0,39,0,0,0,zero,
happo,base,0,141,2,5,4.0,4,0,0,0,zero,
happo,base,0,142,0,5,31.0,31,0,0,0,zero,
happo,base,0,142,1,5,57.0,57,0,0,0,zero,
happo,base,0,142,2,5,24.0,24,0,0,0,zero,
happo,base,0,143,0,5,26.0,26,0,0,0,zero,
happo,base,0,143,1,5,57.0,57,0,0,0,zero,
happo,base,0,143,2,5,44.0,44,0,0,0,zero,
happo,base,0,144,0,4,24.0,24,0,2,2,zero,
happo,base,0,144,1,4,55.0,55,0,0,0,zero,
happo,base,0,144,2,4,44.0,44,0,0,0,zero,
happo,base,0,145,0,4,26.0,26,0,0,0,zero,
happo,base,0,145,1,4,55.0,55,0,0,0,zero,
happo,base,0,145,2,4,44.0,44,0,0,0,zero,
happo,base,0,146,0,4,22.0,22,0,0,0,zero,
happo,base,0,146,1,4,55.0,55,0,0,0,zero,
happo,base,0,146,2,4,44.0,44,0,0,0,zero,
happo,base,0,147,0,3,19.0,19,0,2,2,zero,
happo,base,0,147,1,3,53.0,53,0,0,0,zero,
happo,base,0,147,2,3,44.0,44,0,0,0,zero,
happo,base,0,148,0,4,17.0,17,0,0,0,zero,
happo,base,0,148,1,4,53.0,53,0,0,0,zero,
happo,base,0,148,2,4,44.0,44,0,0,0,zero,
happo,base,0,149,0,4,13.0,13,0,2,2,zero,
happo,base,0,149,1,4,51.0,51,0,0,0,zero,
happo,base,0,149,2,4,44.0,44,0,0,0,zero,
happo,base,0,150,0,4,9.0,9,0,2,2,zero,
happo,base,0,150,1,4,49.0,49,0,0,0,zero,
happo,base,0,150,2,4,44.0,44,0,0,0,zero,
happo,base,0,151,0,4,7.0,7,0,9,9,zero,
happo,base,0,151,1,4,40.0,40,0,0,0,zero,
happo,base,0,151,2,4,44.0,44,0,0,0,zero,
happo,base,0,152,0,5,2.0,2,0,3,3,zero,
happo,base,0,152,1,5,37.0,37,0,1,1,zero,
happo,base,0,152,2,5,43.0,43,0,0,0,zero,
happo,base,0,153,0,4,-0.0,0,0,9,9,zero,
happo,base,0,153,1,4,28.0,28,0,1,1,zero,
happo,base,0,153,2,4,42.0,42,0,0,0,zero,
happo,base,0,154,0,4,2.0,0,2,2,2,zero,
happo,base,0,154,1,4,26.0,26,0,11,11,zero,
happo,base,0,154,2,4,31.0,31,0,0,0,zero,
happo,base,0,155,0,4,3.0,3,0,2,2,zero,
happo,base,0,155,1,4,24.0,24,0,1,1,zero,
happo,base,0,155,2,4,30.0,30,0,0,0,zero,
happo,base,0,156,0,4,2.0,2,0,2,2,zero,
happo,base,0,156,1,4,23.0,23,0,1,1,zero,
happo,base,0,156,2,4,29.0,29,0,0,0,zero,
happo,base,0,157,0,3,8.0,8,0,6,6,zero,
happo,base,0,157,1,3,18.0,18,0,1,1,zero,
happo,base,0,157,2,3,28.0,28,0,0,0,zero,
happo,base,0,158,0,3,7.0,7,0,2,2,zero,
happo,base,0,158,1,3,27.0,27,0,1,1,zero,
happo,base,0,158,2,3,27.0,27,0,0,0,zero,
happo,base,0,159,0,3,6.0,6,0,2,2,zero,
happo,base,0,159,1,3,26.0,26,0,1,1,zero,
happo,base,0,159,2,3,26.0,26,0,0,0,zero,
happo,base,0,160,0,3,5.0,5,0,0,0,zero,
happo,base,0,160,1,3,27.0,27,0,1,1,zero,
happo,base,0,160,2,3,25.0,25,0,0,0,zero,
happo,base,0,161,0,3,8.0,8,0,6,6,zero,
happo,base,0,161,1,3,22.0,22,0,0,0,zero,
happo,base,0,161,2,3,25.0,25,0,0,0,zero,
happo,base,0,162,0,3,7.0,7,0,0,0,zero,
happo,base,0,162,1,3,23.0,23,0,1,1,zero,
happo,base,0,162,2,3,24.0,24,0,0,0,zero,
happo,base,0,163,0,3,6.0,6,0,6,6,zero,
happo,base,0,163,1,3,18.0,18,0,1,1,zero,
happo,base,0,163,2,3,23.0,23,0,0,0,zero,
happo,base,0,164,0,3,3.0,3,0,2,2,zero,
happo,base,0,164,1,3,17.0,17,0,1,1,zero,
happo,base,0,164,2,3,22.0,22,0,0,0,zero,
happo,base,0,165,0,3,6.0,6,0,0,0,zero,
happo,base,0,165,1,3,17.0,17,0,1,1,zero,
happo,base,0,165,2,3,21.0,21,0,0,0,zero,
happo,base,0,166,0,3,3.0,3,0,2,2,zero,
happo,base,0,166,1,3,16.0,16,0,1,1,zero,
happo,base,0,166,2,3,20.0,20,0,0,0,zero,
happo,base,0,167,0,2,7.0,7,0,6,6,zero,
happo,base,0,167,1,2,11.0,11,0,1,1,zero,
happo,base,0,167,2,2,19.0,19,0,0,0,zero,
happo,base,0,168,0,2,7.0,7,0,0,0,zero,
happo,base,0,168,1,2,12.0,12,0,1,1,zero,
happo,base,0,168,2,2,18.0,18,0,0,0,zero,
happo,base,0,169,0,2,5.0,5,0,0,0,zero,
happo,base,0,169,1,2,13.0,13,0,1,1,zero,
happo,base,0,169,2,2,17.0,17,0,0,0,zero,
happo,base,0,170,0,2,5.0,5,0,0,0,zero,
happo,base,0,170,1,2,14.0,14,0,0,0,zero,
happo,base,0,170,2,2,17.0,17,0,0,0,zero,
happo,base,0,171,0,2,9.0,9,0,0,0,zero,
happo,base,0,171,1,2,15.0,15,0,0,0,zero,
happo,base,0,171,2,2,17.0,17,0,0,0,zero,
happo,base,0,172,0,2,7.0,7,0,0,0,zero,
happo,base,0,172,1,2,16.0,16,0,0,0,zero,
happo,base,0,172,2,2,17.0,17,0,0,0,zero,
happo,base,0,173,0,2,5.0,5,0,2,2,zero,
happo,base,0,173,1,2,15.0,15,0,0,0,zero,
happo,base,0,173,2,2,17.0,17,0,0,0,zero,
happo,base,0,174,0,2,3.0,3,0,0,0,zero,
happo,base,0,174,1,2,15.0,15,0,0,0,zero,
happo,base,0,174,2,2,17.0,17,0,0,0,zero,
happo,base,0,175,0,2,1.0,1,0,6,6,zero,
happo,base,0,175,1,2,9.0,9,0,0,0,zero,
happo,base,0,175,2,2,17.0,17,0,0,0,zero,
happo,base,0,176,0,2,1.0,0,1,2,2,zero,
happo,base,0,176,1,2,7.0,7,0,1,1,zero,
happo,base,0,176,2,2,16.0,16,0,0,0,zero,
happo,base,0,177,0,2,1.0,0,1,0,0,zero,
happo,base,0,177,1,2,7.0,7,0,11,11,zero,
happo,base,0,177,2,2,5.0,5,0,0,0,zero,
happo,base,0,178,0,2,3.0,0,3,0,0,zero,
happo,base,0,178,1,2,7.0,7,0,0,0,zero,
happo,base,0,178,2,2,5.0,5,0,1,1,zero,
happo,base,0,179,0,2,1.0,1,0,6,6,zero,
happo,base,0,179,1,2,1.0,1,0,0,0,zero,
happo,base,0,179,2,2,5.0,5,0,20,20,zero,
happo,base,0,180,0,2,1.0,1,0,0,0,zero,
happo,base,0,180,1,2,2.0,2,0,1,1,zero,
happo,base,0,180,2,2,4.0,4,0,0,0,zero,
happo,base,0,181,0,2,1.0,0,1,2,2,zero,
happo,base,0,181,1,2,11.0,11,0,0,0,zero,
happo,base,0,181,2,2,4.0,4,0,0,0,zero,
happo,base,0,182,0,2,3.0,0,3,0,0,zero,
happo,base,0,182,1,2,11.0,11,0,1,1,zero,
happo,base,0,182,2,2,4.0,4,0,0,0,zero,
happo,base,0,183,0,2,1.0,1,0,6,6,zero,
happo,base,0,183,1,2,5.0,5,0,0,0,zero,
happo,base,0,183,2,2,24.0,24,0,0,0,zero,
happo,base,0,184,0,2,1.0,0,1,0,0,zero,
happo,base,0,184,1,2,6.0,6,0,1,1,zero,
happo,base,0,184,2,2,23.0,23,0,0,0,zero,
happo,base,0,185,0,1,-0.0,0,0,0,0,zero,
happo,base,0,185,1,1,6.0,6,0,1,1,zero,
happo,base,0,185,2,1,22.0,22,0,0,0,zero,
happo,base,0,186,0,1,1.0,0,1,0,0,zero,
happo,base,0,186,1,1,7.0,7,0,0,0,zero,
happo,base,0,186,2,1,22.0,22,0,0,0,zero,
happo,base,0,187,0,1,4.0,4,0,0,0,zero,
happo,base,0,187,1,1,7.0,7,0,0,0,zero,
happo,base,0,187,2,1,22.0,22,0,0,0,zero,
happo,base,0,188,0,1,3.0,3,0,0,0,zero,
happo,base,0,188,1,1,8.0,8,0,0,0,zero,
happo,base,0,188,2,1,22.0,22,0,0,0,zero,
happo,base,0,189,0,1,2.0,2,0,0,0,zero,
happo,base,0,189,1,1,9.0,9,0,0,0,zero,
happo,base,0,189,2,1,22.0,22,0,0,0,zero,
happo,base,0,190,0,2,-0.0,0,0,0,0,zero,
happo,base,0,190,1,2,9.0,9,0,0,0,zero,
happo,base,0,190,2,2,22.0,22,0,0,0,zero,
happo,base,0,191,0,2,2.0,0,2,6,6,zero,
happo,base,0,191,1,2,3.0,3,0,0,0,zero,
happo,base,0,191,2,2,22.0,22,0,0,0,zero,
happo,base,0,192,0,2,4.0,0,4,0,0,zero,
happo,base,0,192,1,2,3.0,3,0,1,1,zero,
happo,base,0,192,2,2,21.0,21,0,0,0,zero,
happo,base,0,193,0,2,6.0,0,6,6,6,zero,
happo,base,0,193,1,2,3.0,0,3,1,1,zero,
happo,base,0,193,2,2,20.0,20,0,0,0,zero,
happo,base,0,194,0,2,8.0,0,8,6,6,zero,
happo,base,0,194,1,2,9.0,0,9,15,15,zero,
happo,base,0,194,2,2,5.0,5,0,0,0,zero,
happo,base,0,195,0,2,4.0,0,4,6,6,zero,
happo,base,0,195,1,2,15.0,0,15,1,1,zero,
happo,base,0,195,2,2,4.0,4,0,1,1,zero,
happo,base,0,196,0,2,6.0,0,6,10,10,zero,
happo,base,0,196,1,2,24.0,0,24,15,15,zero,
happo,base,0,196,2,2,11.0,0,11,20,20,zero,
happo,base,0,197,0,2,5.0,0,5,10,10,zero,
happo,base,0,197,1,2,33.0,0,33,18,18,zero,
happo,base,0,197,2,2,29.0,0,29,20,20,zero,
happo,base,0,198,0,2,7.0,0,7,17,17,zero,
happo,base,0,198,1,2,35.0,0,35,18,18,zero,
happo,base,0,198,2,2,47.0,0,47,20,20,zero,
happo,base,0,199,0,2,9.0,0,9,10,10,zero,
happo,base,0,199,1,2,44.0,0,44,18,18,zero,
happo,base,0,199,2,2,64.0,0,64,20,20,zero,
happo,base,0,200,0,2,10.0,0,10,10,10,zero,
happo,base,0,200,1,2,50.0,0,50,18,18,zero,
happo,base,0,200,2,2,62.0,0,62,20,20,zero,
happo,base,1,1,0,10,10.0,10,0,10,10,zero,
happo,base,1,1,1,10,10.0,10,0,15,15,zero,
happo,base,1,1,2,10,5.0,5,0,0,0,zero,
happo,base,1,2,0,10,10.0,10,0,10,10,zero,
happo,base,1,2,1,10,10.0,10,0,1,1,zero,
happo,base,1,2,2,10,14.0,14,0,20,20,zero,
happo,base,1,3,0,11,9.0,9,0,10,10,zero,
happo,base,1,3,1,11,10.0,10,0,15,15,zero,
happo,base,1,3,2,11,9.0,9,0,3,3,zero,
happo,base,1,4,0,14,5.0,5,0,10,10,zero,
happo,base,1,4,1,14,10.0,10,0,15,15,zero,
happo,base,1,4,2,14,4.0,4,0,20,20,zero,
happo,base,1,5,0,15,-0.0,0,0,19,19,zero,
happo,base,1,5,1,15,6.0,6,0,15,15,zero,
happo,base,1,5,2,15,11.0,0,11,20,20,zero,
happo,base,1,6,0,14,4.0,0,4,19,19,zero,
happo,base,1,6,1,14,12.0,0,12,15,15,zero,
happo,base,1,6,2,14,6.0,0,6,20,20,zero,
happo,base,1,7,0,12,6.0,0,6,19,19,zero,
happo,base,1,7,1,12,16.0,0,16,15,15,zero,
happo,base,1,7,2,12,18.0,0,18,20,20,zero,
happo,base,1,8,0,12,8.0,0,8,10,10,zero,
happo,base,1,8,1,12,11.0,0,11,15,15,zero,
happo,base,1,8,2,12,13.0,0,13,0,0,zero,
happo,base,1,9,0,11,-0.0,0,0,10,10,zero,
happo,base,1,9,1,11,17.0,0,17,15,15,zero,
happo,base,1,9,2,11,8.0,0,8,20,20,zero,
happo,base,1,10,0,10,3.0,0,3,10,10,zero,
happo,base,1,10,1,10,7.0,0,7,15,15,zero,
happo,base,1,10,2,10,3.0,0,3,20,20,zero,
happo,base,1,11,0,9,3.0,3,0,6,6,zero,
happo,base,1,11,1,9,10.0,0,10,0,0,zero,
happo,base,1,11,2,9,17.0,17,0,20,20,zero,
happo,base,1,12,0,9,9.0,9,0,6,6,zero,
happo,base,1,12,1,9,4.0,4,0,0,0,zero,
happo,base,1,12,2,9,17.0,17,0,0,0,zero,
happo,base,1,13,0,8,5.0,5,0,2,2,zero,
happo,base,1,13,1,8,22.0,22,0,12,12,zero,
happo,base,1,13,2,8,25.0,25,0,0,0,zero,
happo,base,1,14,0,10,15.0,15,0,6,6,zero,
happo,base,1,14,1,10,36.0,36,0,0,0,zero,
happo,base,1,14,2,10,45.0,45,0,0,0,zero,
happo,base,1,15,0,10,8.0,8,0,6,6,zero,
happo,base,1,15,1,10,33.0,33,0,1,1,zero,
happo,base,1,15,2,10,64.0,64,0,0,0,zero,
happo,base,1,16,0,9,15.0,15,0,9,9,zero,
happo,base,1,16,1,9,24.0,24,0,12,12,zero,
happo,base,1,16,2,9,52.0,52,0,0,0,zero,
happo,base,1,17,0,9,8.0,8,0,9,9,zero,
happo,base,1,17,1,9,27.0,27,0,15,15,zero,
happo,base,1,17,2,9,37.0,37,0,0,0,zero,
happo,base,1,18,0,9,5.0,5,0,9,9,zero,
happo,base,1,18,1,9,18.0,18,0,15,15,zero,
happo,base,1,18,2,9,22.0,22,0,16,16,zero,
happo,base,1,19,0,7,4.0,4,0,9,9,zero,
happo,base,1,19,1,7,10.0,10,0,1,1,zero,
happo,base,1,19,2,7,21.0,21,0,20,20,zero,
happo,base,1,20,0,7,6.0,6,0,4,4,zero,
happo,base,1,20,1,7,18.0,18,0,1,1,zero,
happo,base,1,20,2,7,20.0,20,0,0,0,zero,
happo,base,1,21,0,7,8.0,8,0,6,6,zero,
happo,base,1,21,1,7,27.0,27,0,1,1,zero,
happo,base,1,21,2,7,19.0,19,0,0,0,zero,
happo,base,1,22,0,9,8.0,8,0,6,6,zero,
happo,base,1,22,1,9,36.0,36,0,1,1,zero,
happo,base,1,22,2,9,34.0,34,0,0,0,zero,
happo,base,1,23,0,10,7.0,7,0,19,19,zero,
happo,base,1,23,1,10,18.0,18,0,1,1,zero,
happo,base,1,23,2,10,53.0,53,0,0,0,zero,
happo,base,1,24,0,11,-0.0,0,0,9,9,zero,
happo,base,1,24,1,11,10.0,10,0,15,15,zero,
happo,base,1,24,2,11,38.0,38,0,0,0,zero,
happo,base,1,25,0,12,6.0,0,6,9,9,zero,
happo,base,1,25,1,12,2.0,2,0,15,15,zero,
happo,base,1,25,2,12,23.0,23,0,0,0,zero,
happo,base,1,26,0,12,12.0,0,12,10,10,zero,
happo,base,1,26,1,12,7.0,0,7,15,15,zero,
happo,base,1,26,2,12,8.0,8,0,20,20,zero,
happo,base,1,27,0,13,6.0,0,6,10,10,zero,
happo,base,1,27,1,13,16.0,0,16,3,3,zero,
happo,base,1,27,2,13,5.0,5,0,20,20,zero,
happo,base,1,28,0,12,9.0,0,9,19,19,zero,
happo,base,1,28,1,12,20.0,0,20,18,18,zero,
happo,base,1,28,2,12,13.0,0,13,0,0,zero,
happo,base,1,29,0,13,13.0,0,13,10,10,zero,
happo,base,1,29,1,13,15.0,0,15,18,18,zero,
happo,base,1,29,2,13,31.0,0,31,20,20,zero,
happo,base,1,30,0,11,21.0,0,21,19,19,zero,
happo,base,1,30,1,11,19.0,0,19,18,18,zero,
happo,base,1,30,2,11,29.0,0,29,20,20,zero,
happo,base,1,31,0,13,33.0,0,33,19,19,zero,
happo,base,1,31,1,13,35.0,0,35,18,18,zero,
happo,base,1,31,2,13,27.0,0,27,20,20,zero,
happo,base,1,32,0,13,31.0,0,31,17,17,zero,
happo,base,1,32,1,13,47.0,0,47,18,18,zero,
happo,base,1,32,2,13,45.0,0,45,20,20,zero,
happo,base,1,33,0,13,29.0,0,29,10,10,zero,
happo,base,1,33,1,13,57.0,0,57,18,18,zero,
happo,base,1,33,2,13,43.0,0,43,20,20,zero,
happo,base,1,34,0,14,28.0,0,28,19,19,zero,
happo,base,1,34,1,14,56.0,0,56,18,18,zero,
happo,base,1,34,2,14,41.0,0,41,20,20,zero,
happo,base,1,35,0,15,40.0,0,40,10,10,zero,
happo,base,1,35,1,15,46.0,0,46,18,18,zero,
happo,base,1,35,2,15,39.0,0,39,20,20,zero,
happo,base,1,36,0,15,50.0,0,50,19,19,zero,
happo,base,1,36,1,15,65.0,0,65,18,18,zero,
happo,base,1,36,2,15,37.0,0,37,20,20,zero,
happo,base,1,37,0,14,64.0,0,64,17,17,zero,
happo,base,1,37,1,14,62.0,0,62,18,18,zero,
happo,base,1,37,2,14,35.0,0,35,20,20,zero,
happo,base,1,38,0,14,58.0,0,58,17,17,zero,
happo,base,1,38,1,14,59.0,0,59,18,18,zero,
happo,base,1,38,2,14,33.0,0,33,20,20,zero,
happo,base,1,39,0,14,52.0,0,52,17,17,zero,
happo,base,1,39,1,14,56.0,0,56,18,18,zero,
happo,base,1,39,2,14,31.0,0,31,20,20,zero,
happo,base,1,40,0,13,65.0,0,65,17,17,zero,
happo,base,1,40,1,13,53.0,0,53,18,18,zero,
happo,base,1,40,2,13,29.0,0,29,20,20,zero,
happo,base,1,41,0,13,58.0,0,58,17,17,zero,
happo,base,1,41,1,13,50.0,0,50,18,18,zero,
happo,base,1,41,2,13,27.0,0,27,20,20,zero,
happo,base,1,42,0,13,51.0,0,51,10,10,zero,
happo,base,1,42,1,13,40.0,0,40,18,18,zero,
happo,base,1,42,2,13,25.0,0,25,20,20,zero,
happo,base,1,43,0,12,43.0,0,43,10,10,zero,
happo,base,1,43,1,12,30.0,0,30,18,18,zero,
happo,base,1,43,2,12,23.0,0,23,20,20,zero,
happo,base,1,44,0,12,35.0,0,35,10,10,zero,
happo,base,1,44,1,12,20.0,0,20,0,0,zero,
happo,base,1,44,2,12,3.0,0,3,20,20,zero,
happo,base,1,45,0,11,26.0,0,26,6,6,zero,
happo,base,1,45,1,11,6.0,0,6,0,0,zero,
happo,base,1,45,2,11,17.0,17,0,1,1,zero,
happo,base,1,46,0,10,16.0,0,16,6,6,zero,
happo,base,1,46,1,10,8.0,8,0,18,18,zero,
happo,base,1,46,2,10,19.0,19,0,0,0,zero,
happo,base,1,47,0,10,6.0,0,6,6,6,zero,
happo,base,1,47,1,10,22.0,22,0,0,0,zero,
happo,base,1,47,2,10,39.0,39,0,16,16,zero,
happo,base,1,48,0,9,5.0,5,0,6,6,zero,
happo,base,1,48,1,9,36.0,36,0,0,0,zero,
happo,base,1,48,2,9,59.0,59,0,1,1,zero,
happo,base,1,49,0,9,16.0,16,0,10,10,zero,
happo,base,1,49,1,9,29.0,29,0,12,12,zero,
happo,base,1,49,2,9,48.0,48,0,0,0,zero,
happo,base,1,50,0,8,20.0,20,0,10,10,zero,
happo,base,1,50,1,8,37.0,37,0,12,12,zero,
happo,base,1,50,2,8,36.0,36,0,0,0,zero,
happo,base,1,51,0,8,18.0,18,0,6,6,zero,
happo,base,1,51,1,8,31.0,31,0,15,15,zero,
happo,base,1,51,2,8,37.0,37,0,1,1,zero,
happo,base,1,52,0,8,16.0,16,0,6,6,zero,
happo,base,1,52,1,8,25.0,25,0,3,3,zero,
happo,base,1,52,2,8,35.0,35,0,20,20,zero,
happo,base,1,53,0,8,18.0,18,0,6,6,zero,
happo,base,1,53,1,8,31.0,31,0,1,1,zero,
happo,base,1,53,2,8,34.0,34,0,0,0,zero,
happo,base,1,54,0,8,20.0,20,0,6,6,zero,
happo,base,1,54,1,8,37.0,37,0,1,1,zero,
happo,base,1,54,2,8,33.0,33,0,0,0,zero,
happo,base,1,55,0,6,20.0,20,0,9,9,zero,
happo,base,1,55,1,6,43.0,43,0,1,1,zero,
happo,base,1,55,2,6,33.0,33,0,0,0,zero,
happo,base,1,56,0,6,20.0,20,0,2,2,zero,
happo,base,1,56,1,6,44.0,44,0,1,1,zero,
happo,base,1,56,2,6,52.0,52,0,0,0,zero,
happo,base,1,57,0,5,21.0,21,0,2,2,zero,
happo,base,1,57,1,5,43.0,43,0,1,1,zero,
happo,base,1,57,2,5,51.0,51,0,0,0,zero,
happo,base,1,58,0,6,21.0,21,0,2,2,zero,
happo,base,1,58,1,6,42.0,42,0,1,1,zero,
happo,base,1,58,2,6,50.0,50,0,0,0,zero,
happo,base,1,59,0,7,23.0,23,0,2,2,zero,
happo,base,1,59,1,7,41.0,41,0,1,1,zero,
happo,base,1,59,2,7,49.0,49,0,0,0,zero,
happo,base,1,60,0,7,18.0,18,0,3,3,zero,
happo,base,1,60,1,7,39.0,39,0,1,1,zero,
happo,base,1,60,2,7,48.0,48,0,0,0,zero,
happo,base,1,61,0,8,12.0,12,0,9,9,zero,
happo,base,1,61,1,8,31.0,31,0,1,1,zero,
happo,base,1,61,2,8,47.0,47,0,0,0,zero,
happo,base,1,62,0,7,7.0,7,0,9,9,zero,
happo,base,1,62,1,7,23.0,23,0,1,1,zero,
happo,base,1,62,2,7,46.0,46,0,0,0,zero,
happo,base,1,63,0,7,2.0,2,0,9,9,zero,
happo,base,1,63,1,7,15.0,15,0,15,15,zero,
happo,base,1,63,2,7,31.0,31,0,0,0,zero,
happo,base,1,64,0,7,2.0,0,2,3,3,zero,
happo,base,1,64,1,7,13.0,13,0,15,15,zero,
happo,base,1,64,2,7,16.0,16,0,0,0,zero,
happo,base,1,65,0,8,1.0,0,1,6,6,zero,
happo,base,1,65,1,8,8.0,8,0,1,1,zero,
happo,base,1,65,2,8,15.0,15,0,20,20,zero,
happo,base,1,66,0,7,1.0,1,0,10,10,zero,
happo,base,1,66,1,7,1.0,0,1,1,1,zero,
happo,base,1,66,2,7,14.0,14,0,3,3,zero,
happo,base,1,67,0,6,4.0,4,0,6,6,zero,
happo,base,1,67,1,6,8.0,8,0,15,15,zero,
happo,base,1,67,2,6,1.0,0,1,0,0,zero,
happo,base,1,68,0,7,-0.0,0,0,6,6,zero,
happo,base,1,68,1,7,17.0,17,0,1,1,zero,
happo,base,1,68,2,7,2.0,0,2,0,0,zero,
happo,base,1,69,0,7,1.0,0,1,6,6,zero,
happo,base,1,69,1,7,12.0,12,0,15,15,zero,
happo,base,1,69,2,7,3.0,3,0,0,0,zero,
happo,base,1,70,0,6,2.0,2,0,10,10,zero,
happo,base,1,70,1,6,3.0,3,0,1,1,zero,
happo,base,1,70,2,6,5.0,5,0,20,20,zero,
happo,base,1,71,0,7,2.0,2,0,6,6,zero,
happo,base,1,71,1,7,11.0,11,0,15,15,zero,
happo,base,1,71,2,7,10.0,0,10,20,20,zero,
happo,base,1,72,0,8,-0.0,0,0,6,6,zero,
happo,base,1,72,1,8,5.0,5,0,3,3,zero,
happo,base,1,72,2,8,13.0,0,13,20,20,zero,
happo,base,1,73,0,8,2.0,0,2,10,10,zero,
happo,base,1,73,1,8,12.0,12,0,15,15,zero,
happo,base,1,73,2,8,28.0,0,28,0,0,zero,
happo,base,1,74,0,8,-0.0,0,0,10,10,zero,
happo,base,1,74,1,8,3.0,3,0,15,15,zero,
happo,base,1,74,2,8,23.0,0,23,20,20,zero,
happo,base,1,75,0,7,1.0,0,1,10,10,zero,
happo,base,1,75,1,7,2.0,0,2,3,3,zero,
happo,base,1,75,2,7,6.0,0,6,20,20,zero,
happo,base,1,76,0,7,2.0,0,2,6,6,zero,
happo,base,1,76,1,7,8.0,0,8,3,3,zero,
happo,base,1,76,2,7,11.0,11,0,0,0,zero,
happo,base,1,77,0,7,1.0,1,0,6,6,zero,
happo,base,1,77,1,7,14.0,0,14,0,0,zero,
happo,base,1,77,2,7,11.0,11,0,0,0,zero,
happo,base,1,78,0,8,3.0,3,0,10,10,zero,
happo,base,1,78,1,8,4.0,0,4,1,1,zero,
happo,base,1,78,2,8,30.0,30,0,0,0,zero,
happo,base,1,79,0,8,3.0,3,0,6,6,zero,
happo,base,1,79,1,8,10.0,10,0,20,20,zero,
happo,base,1,79,2,8,30.0,30,0,0,0,zero,
happo,base,1,80,0,7,4.0,0,4,6,6,zero,
happo,base,1,80,1,7,13.0,13,0,0,0,zero,
happo,base,1,80,2,7,30.0,30,0,16,16,zero,
happo,base,1,81,0,7,11.0,0,11,6,6,zero,
happo,base,1,81,1,7,7.0,7,0,12,12,zero,
happo,base,1,81,2,7,18.0,18,0,0,0,zero,
happo,base,1,82,0,7,2.0,2,0,6,6,zero,
happo,base,1,82,1,7,2.0,2,0,3,3,zero,
happo,base,1,82,2,7,15.0,15,0,1,1,zero,
happo,base,1,83,0,7,5.0,5,0,10,10,zero,
happo,base,1,83,1,7,12.0,12,0,12,12,zero,
happo,base,1,83,2,7,3.0,3,0,16,16,zero,
happo,base,1,84,0,7,4.0,4,0,6,6,zero,
happo,base,1,84,1,7,6.0,6,0,15,15,zero,
happo,base,1,84,2,7,4.0,4,0,20,20,zero,
happo,base,1,85,0,8,2.0,2,0,10,10,zero,
happo,base,1,85,1,8,8.0,8,0,3,3,zero,
happo,base,1,85,2,8,1.0,1,0,20,20,zero,
happo,base,1,86,0,8,-0.0,0,0,6,6,zero,
happo,base,1,86,1,8,5.0,5,0,15,15,zero,
happo,base,1,86,2,8,13.0,0,13,0,0,zero,
happo,base,1,87,0,7,3.0,3,0,10,10,zero,
happo,base,1,87,1,7,7.0,7,0,15,15,zero,
happo,base,1,87,2,7,12.0,0,12,20,20,zero,
happo,base,1,88,0,7,2.0,2,0,6,6,zero,
happo,base,1,88,1,7,16.0,16,0,15,15,zero,
happo,base,1,88,2,7,7.0,0,7,20,20,zero,
happo,base,1,89,0,7,5.0,5,0,6,6,zero,
happo,base,1,89,1,7,13.0,13,0,3,3,zero,
happo,base,1,89,2,7,10.0,10,0,20,20,zero,
happo,base,1,90,0,7,4.0,4,0,6,6,zero,
happo,base,1,90,1,7,9.0,9,0,0,0,zero,
happo,base,1,90,2,7,10.0,10,0,0,0,zero,
happo,base,1,91,0,7,7.0,7,0,6,6,zero,
happo,base,1,91,1,7,19.0,19,0,1,1,zero,
happo,base,1,91,2,7,29.0,29,0,0,0,zero,
happo,base,1,92,0,7,6.0,6,0,10,10,zero,
happo,base,1,92,1,7,29.0,29,0,1,1,zero,
happo,base,1,92,2,7,48.0,48,0,0,0,zero,
happo,base,1,93,0,7,5.0,5,0,6,6,zero,
happo,base,1,93,1,7,33.0,33,0,12,12,zero,
happo,base,1,93,2,7,56.0,56,0,0,0,zero,
happo,base,1,94,0,7,4.0,4,0,9,9,zero,
happo,base,1,94,1,7,24.0,24,0,12,12,zero,
happo,base,1,94,2,7,44.0,44,0,0,0,zero,
happo,base,1,95,0,6,4.0,4,0,2,2,zero,
happo,base,1,95,1,6,23.0,23,0,15,15,zero,
happo,base,1,95,2,6,29.0,29,0,1,1,zero,
happo,base,1,96,0,5,9.0,9,0,6,6,zero,
happo,base,1,96,1,5,18.0,18,0,1,1,zero,
happo,base,1,96,2,5,28.0,28,0,20,20,zero,
happo,base,1,97,0,5,10.0,10,0,2,2,zero,
happo,base,1,97,1,5,28.0,28,0,1,1,zero,
happo,base,1,97,2,5,27.0,27,0,0,0,zero,
happo,base,1,98,0,6,13.0,13,0,6,6,zero,
happo,base,1,98,1,6,34.0,34,0,0,0,zero,
happo,base,1,98,2,6,27.0,27,0,0,0,zero,
happo,base,1,99,0,5,10.0,10,0,6,6,zero,
happo,base,1,99,1,5,43.0,43,0,0,0,zero,
happo,base,1,99,2,5,28.0,28,0,0,0,zero,
happo,base,1,100,0,5,11.0,11,0,2,2,zero,
happo,base,1,100,1,5,42.0,42,0,1,1,zero,
happo,base,1,100,2,5,47.0,47,0,0,0,zero,
happo,base,1,101,0,5,8.0,8,0,2,2,zero,
happo,base,1,101,1,5,41.0,41,0,1,1,zero,
happo,base,1,101,2,5,46.0,46,0,0,0,zero,
happo,base,1,102,0,5,9.0,9,0,6,6,zero,
happo,base,1,102,1,5,35.0,35,0,1,1,zero,
happo,base,1,102,2,5,45.0,45,0,0,0,zero,
happo,base,1,103,0,5,10.0,10,0,2,2,zero,
happo,base,1,103,1,5,33.0,33,0,1,1,zero,
happo,base,1,103,2,5,44.0,44,0,0,0,zero,
happo,base,1,104,0,4,8.0,8,0,9,9,zero,
happo,base,1,104,1,4,25.0,25,0,1,1,zero,
happo,base,1,104,2,4,43.0,43,0,0,0,zero,
happo,base,1,105,0,5,5.0,5,0,3,3,zero,
happo,base,1,105,1,5,23.0,23,0,11,11,zero,
happo,base,1,105,2,5,32.0,32,0,0,0,zero,
happo,base,1,106,0,5,6.0,6,0,4,4,zero,
happo,base,1,106,1,5,20.0,20,0,1,1,zero,
happo,base,1,106,2,5,31.0,31,0,0,0,zero,
happo,base,1,107,0,6,2.0,2,0,2,2,zero,
happo,base,1,107,1,6,19.0,19,0,1,1,zero,
happo,base,1,107,2,6,30.0,30,0,0,0,zero,
happo,base,1,108,0,5,6.0,6,0,10,10,zero,
happo,base,1,108,1,5,10.0,10,0,1,1,zero,
happo,base,1,108,2,5,29.0,29,0,0,0,zero,
happo,base,1,109,0,5,4.0,4,0,2,2,zero,
happo,base,1,109,1,5,19.0,19,0,1,1,zero,
happo,base,1,109,2,5,28.0,28,0,0,0,zero,
happo,base,1,110,0,5,3.0,3,0,6,6,zero,
happo,base,1,110,1,5,14.0,14,0,1,1,zero,
happo,base,1,110,2,5,27.0,27,0,0,0,zero,
happo,base,1,111,0,4,1.0,1,0,2,2,zero,
happo,base,1,111,1,4,13.0,13,0,15,15,zero,
happo,base,1,111,2,4,12.0,12,0,0,0,zero,
happo,base,1,112,0,4,7.0,7,0,2,2,zero,
happo,base,1,112,1,4,12.0,12,0,1,1,zero,
happo,base,1,112,2,4,11.0,11,0,1,1,zero,
happo,base,1,113,0,4,5.0,5,0,2,2,zero,
happo,base,1,113,1,4,11.0,11,0,1,1,zero,
happo,base,1,113,2,4,10.0,10,0,1,1,zero,
happo,base,1,114,0,5,6.0,6,0,6,6,zero,
happo,base,1,114,1,5,6.0,6,0,0,0,zero,
happo,base,1,114,2,5,10.0,10,0,1,1,zero,
happo,base,1,115,0,5,3.0,3,0,6,6,zero,
happo,base,1,115,1,5,15.0,15,0,1,1,zero,
happo,base,1,115,2,5,9.0,9,0,0,0,zero,
happo,base,1,116,0,4,1.0,1,0,2,2,zero,
happo,base,1,116,1,4,14.0,14,0,15,15,zero,
happo,base,1,116,2,4,5.0,0,5,0,0,zero,
happo,base,1,117,0,5,2.0,0,2,2,2,zero,
happo,base,1,117,1,5,13.0,13,0,1,1,zero,
happo,base,1,117,2,5,5.0,0,5,20,20,zero,
happo,base,1,118,0,5,1.0,0,1,6,6,zero,
happo,base,1,118,1,5,7.0,7,0,1,1,zero,
happo,base,1,118,2,5,5.0,0,5,20,20,zero,
happo,base,1,119,0,4,1.0,1,0,6,6,zero,
happo,base,1,119,1,4,2.0,2,0,1,1,zero,
happo,base,1,119,2,4,6.0,0,6,0,0,zero,
happo,base,1,120,0,4,1.0,0,1,2,2,zero,
happo,base,1,120,1,4,10.0,10,0,15,15,zero,
happo,base,1,120,2,4,21.0,0,21,0,0,zero,
happo,base,1,121,0,4,3.0,0,3,6,6,zero,
happo,base,1,121,1,4,5.0,5,0,15,15,zero,
happo,base,1,121,2,4,16.0,0,16,0,0,zero,
happo,base,1,122,0,4,1.0,0,1,6,6,zero,
happo,base,1,122,1,4,-0.0,0,0,1,1,zero,
happo,base,1,122,2,4,3.0,3,0,20,20,zero,
happo,base,1,123,0,4,1.0,1,0,6,6,zero,
happo,base,1,123,1,4,6.0,0,6,0,0,zero,
happo,base,1,123,2,4,3.0,3,0,20,20,zero,
happo,base,1,124,0,4,1.0,0,1,6,6,zero,
happo,base,1,124,1,4,12.0,0,12,0,0,zero,
happo,base,1,124,2,4,3.0,3,0,0,0,zero,
happo,base,1,125,0,4,1.0,1,0,6,6,zero,
happo,base,1,125,1,4,2.0,2,0,1,1,zero,
happo,base,1,125,2,4,2.0,2,0,0,0,zero,
happo,base,1,126,0,4,3.0,3,0,2,2,zero,
happo,base,1,126,1,4,17.0,17,0,12,12,zero,
happo,base,1,126,2,4,10.0,10,0,0,0,zero,
happo,base,1,127,0,5,2.0,0,2,6,6,zero,
happo,base,1,127,1,5,11.0,11,0,0,0,zero,
happo,base,1,127,2,5,30.0,30,0,0,0,zero,
happo,base,1,128,0,5,7.0,0,7,6,6,zero,
happo,base,1,128,1,5,5.0,5,0,12,12,zero,
happo,base,1,128,2,5,18.0,18,0,0,0,zero,
happo,base,1,129,0,5,6.0,6,0,6,6,zero,
happo,base,1,129,1,5,-0.0,0,0,1,1,zero,
happo,base,1,129,2,5,17.0,17,0,4,4,zero,
happo,base,1,130,0,4,4.0,4,0,2,2,zero,
happo,base,1,130,1,4,10.0,10,0,15,15,zero,
happo,base,1,130,2,4,2.0,2,0,0,0,zero,
happo,base,1,131,0,4,6.0,6,0,6,6,zero,
happo,base,1,131,1,4,4.0,4,0,1,1,zero,
happo,base,1,131,2,4,1.0,1,0,20,20,zero,
happo,base,1,132,0,4,8.0,8,0,0,0,zero,
happo,base,1,132,1,4,16.0,16,0,5,5,zero,
happo,base,1,132,2,4,4.0,0,4,3,3,zero,
happo,base,1,133,0,4,10.0,10,0,6,6,zero,
happo,base,1,133,1,4,11.0,11,0,0,0,zero,
happo,base,1,133,2,4,-0.0,0,0,0,0,zero,
happo,base,1,134,0,4,8.0,8,0,6,6,zero,
happo,base,1,134,1,4,20.0,20,0,1,1,zero,
happo,base,1,134,2,4,1.0,0,1,0,0,zero,
happo,base,1,135,0,4,10.0,10,0,0,0,zero,
happo,base,1,135,1,4,21.0,21,0,12,12,zero,
happo,base,1,135,2,4,7.0,7,0,0,0,zero,
happo,base,1,136,0,4,6.0,6,0,2,2,zero,
happo,base,1,136,1,4,20.0,20,0,0,0,zero,
happo,base,1,136,2,4,10.0,10,0,20,20,zero,
happo,base,1,137,0,3,9.0,9,0,6,6,zero,
happo,base,1,137,1,3,18.0,18,0,0,0,zero,
happo,base,1,137,2,3,10.0,10,0,3,3,zero,
happo,base,1,138,0,3,12.0,12,0,2,2,zero,
happo,base,1,138,1,3,16.0,16,0,1,1,zero,
happo,base,1,138,2,3,9.0,9,0,0,0,zero,
happo,base,1,139,0,3,9.0,9,0,0,0,zero,
happo,base,1,139,1,3,29.0,29,0,1,1,zero,
happo,base,1,139,2,3,8.0,8,0,0,0,zero,
happo,base,1,140,0,2,9.0,9,0,0,0,zero,
happo,base,1,140,1,2,29.0,29,0,0,0,zero,
happo,base,1,140,2,2,28.0,28,0,0,0,zero,
happo,base,1,141,0,2,13.0,13,0,0,0,zero,
happo,base,1,141,1,2,29.0,29,0,0,0,zero,
happo,base,1,141,2,2,31.0,31,0,0,0,zero,
happo,base,1,142,0,2,13.0,13,0,0,0,zero,
happo,base,1,142,1,2,30.0,30,0,0,0,zero,
happo,base,1,142,2,2,31.0,31,0,0,0,zero,
happo,base,1,143,0,2,11.0,11,0,0,0,zero,
happo,base,1,143,1,2,31.0,31,0,0,0,zero,
happo,base,1,143,2,2,31.0,31,0,0,0,zero,
happo,base,1,144,0,2,9.0,9,0,0,0,zero,
happo,base,1,144,1,2,31.0,31,0,0,0,zero,
happo,base,1,144,2,2,31.0,31,0,0,0,zero,
happo,base,1,145,0,2,7.0,7,0,0,0,zero,
happo,base,1,145,1,2,31.0,31,0,0,0,zero,
happo,base,1,145,2,2,31.0,31,0,0,0,zero,
happo,base,1,146,0,2,5.0,5,0,2,2,zero,
happo,base,1,146,1,2,29.0,29,0,0,0,zero,
happo,base,1,146,2,2,31.0,31,0,0,0,zero,
happo,base,1,147,0,2,3.0,3,0,0,0,zero,
happo,base,1,147,1,2,29.0,29,0,0,0,zero,
happo,base,1,147,2,2,31.0,31,0,0,0,zero,
happo,base,1,148,0,2,1.0,1,0,6,6,zero,
happo,base,1,148,1,2,23.0,23,0,0,0,zero,
happo,base,1,148,2,2,31.0,31,0,0,0,zero,
happo,base,1,149,0,2,1.0,0,1,2,2,zero,
happo,base,1,149,1,2,21.0,21,0,1,1,zero,
happo,base,1,149,2,2,30.0,30,0,0,0,zero,
happo,base,1,150,0,2,1.0,0,1,0,0,zero,
happo,base,1,150,1,2,21.0,21,0,1,1,zero,
happo,base,1,150,2,2,29.0,29,0,0,0,zero,
happo,base,1,151,0,2,3.0,0,3,0,0,zero,
happo,base,1,151,1,2,21.0,21,0,1,1,zero,
happo,base,1,151,2,2,28.0,28,0,0,0,zero,
happo,base,1,152,0,2,1.0,1,0,6,6,zero,
happo,base,1,152,1,2,15.0,15,0,0,0,zero,
happo,base,1,152,2,2,28.0,28,0,0,0,zero,
happo,base,1,153,0,2,1.0,1,0,0,0,zero,
happo,base,1,153,1,2,16.0,16,0,1,1,zero,
happo,base,1,153,2,2,27.0,27,0,0,0,zero,
happo,base,1,154,0,2,1.0,0,1,2,2,zero,
happo,base,1,154,1,2,15.0,15,0,1,1,zero,
happo,base,1,154,2,2,26.0,26,0,0,0,zero,
happo,base,1,155,0,2,3.0,0,3,0,0,zero,
happo,base,1,155,1,2,16.0,16,0,1,1,zero,
happo,base,1,155,2,2,25.0,25,0,0,0,zero,
happo,base,1,156,0,2,1.0,1,0,6,6,zero,
happo,base,1,156,1,2,10.0,10,0,0,0,zero,
happo,base,1,156,2,2,25.0,25,0,0,0,zero,
happo,base,1,157,0,2,1.0,0,1,0,0,zero,
happo,base,1,157,1,2,11.0,11,0,1,1,zero,
happo,base,1,157,2,2,24.0,24,0,0,0,zero,
happo,base,1,158,0,2,1.0,0,1,0,0,zero,
happo,base,1,158,1,2,12.0,12,0,1,1,zero,
happo,base,1,158,2,2,23.0,23,0,0,0,zero,
happo,base,1,159,0,2,3.0,0,3,6,6,zero,
happo,base,1,159,1,2,7.0,7,0,0,0,zero,
happo,base,1,159,2,2,23.0,23,0,0,0,zero,
happo,base,1,160,0,2,1.0,1,0,0,0,zero,
happo,base,1,160,1,2,7.0,7,0,1,1,zero,
happo,base,1,160,2,2,22.0,22,0,0,0,zero,
happo,base,1,161,0,2,1.0,0,1,6,6,zero,
happo,base,1,161,1,2,2.0,2,0,1,1,zero,
happo,base,1,161,2,2,21.0,21,0,0,0,zero,
happo,base,1,162,0,1,2.0,0,2,0,0,zero,
happo,base,1,162,1,1,3.0,3,0,15,15,zero,
happo,base,1,162,2,1,6.0,6,0,0,0,zero,
happo,base,1,163,0,2,2.0,2,0,0,0,zero,
happo,base,1,163,1,2,3.0,3,0,1,1,zero,
happo,base,1,163,2,2,5.0,5,0,1,1,zero,
happo,base,1,164,0,2,-0.0,0,0,0,0,zero,
happo,base,1,164,1,2,4.0,4,0,0,0,zero,
happo,base,1,164,2,2,5.0,5,0,20,20,zero,
happo,base,1,165,0,2,4.0,4,0,6,6,zero,
happo,base,1,165,1,2,1.0,0,1,0,0,zero,
happo,base,1,165,2,2,5.0,5,0,0,0,zero,
happo,base,1,166,0,2,2.0,2,0,0,0,zero,
happo,base,1,166,1,2,14.0,14,0,1,1,zero,
happo,base,1,166,2,2,4.0,4,0,0,0,zero,
happo,base,1,167,0,1,1.0,1,0,2,2,zero,
happo,base,1,167,1,1,13.0,13,0,0,0,zero,
happo,base,1,167,2,1,5.0,5,0,0,0,zero,
happo,base,1,168,0,2,1.0,0,1,0,0,zero,
happo,base,1,168,1,2,13.0,13,0,1,1,zero,
happo,base,1,168,2,2,24.0,24,0,0,0,zero,
happo,base,1,169,0,2,2.0,2,0,6,6,zero,
happo,base,1,169,1,2,7.0,7,0,0,0,zero,
happo,base,1,169,2,2,24.0,24,0,0,0,zero,
happo,base,1,170,0,2,1.0,1,0,0,0,zero,
happo,base,1,170,1,2,8.0,8,0,15,15,zero,
happo,base,1,170,2,2,9.0,9,0,0,0,zero,
happo,base,1,171,0,2,1.0,1,0,0,0,zero,
happo,base,1,171,1,2,8.0,8,0,0,0,zero,
happo,base,1,171,2,2,9.0,9,0,1,1,zero,
happo,base,1,172,0,2,1.0,0,1,0,0,zero,
happo,base,1,172,1,2,9.0,9,0,0,0,zero,
happo,base,1,172,2,2,9.0,9,0,1,1,zero,
happo,base,1,173,0,2,3.0,3,0,6,6,zero,
happo,base,1,173,1,2,3.0,3,0,0,0,zero,
happo,base,1,173,2,2,9.0,9,0,0,0,zero,
happo,base,1,174,0,2,1.0,1,0,0,0,zero,
happo,base,1,174,1,2,18.0,18,0,1,1,zero,
happo,base,1,174,2,2,8.0,8,0,0,0,zero,
happo,base,1,175,0,2,1.0,0,1,0,0,zero,
happo,base,1,175,1,2,18.0,18,0,0,0,zero,
happo,base,1,175,2,2,9.0,9,0,0,0,zero,
happo,base,1,176,0,2,3.0,0,3,6,6,zero,
happo,base,1,176,1,2,12.0,12,0,0,0,zero,
happo,base,1,176,2,2,10.0,10,0,0,0,zero,
happo,base,1,177,0,2,1.0,1,0,0,0,zero,
happo,base,1,177,1,2,12.0,12,0,1,1,zero,
happo,base,1,177,2,2,9.0,9,0,0,0,zero,
happo,base,1,178,0,2,1.0,0,1,6,6,zero,
happo,base,1,178,1,2,7.0,7,0,1,1,zero,
happo,base,1,178,2,2,8.0,8,0,0,0,zero,
happo,base,1,179,0,2,3.0,0,3,0,0,zero,
happo,base,1,179,1,2,7.0,7,0,15,15,zero,
happo,base,1,179,2,2,7.0,0,7,1,1,zero,
happo,base,1,180,0,2,1.0,1,0,2,2,zero,
happo,base,1,180,1,2,5.0,5,0,1,1,zero,
happo,base,1,180,2,2,8.0,0,8,20,20,zero,
happo,base,1,181,0,2,1.0,0,1,0,0,zero,
happo,base,1,181,1,2,6.0,6,0,1,1,zero,
happo,base,1,181,2,2,9.0,0,9,20,20,zero,
happo,base,1,182,0,2,3.0,3,0,6,6,zero,
happo,base,1,182,1,2,1.0,1,0,0,0,zero,
happo,base,1,182,2,2,9.0,0,9,0,0,zero,
happo,base,1,183,0,2,1.0,1,0,0,0,zero,
happo,base,1,183,1,2,9.0,9,0,1,1,zero,
happo,base,1,183,2,2,9.0,0,9,0,0,zero,
happo,base,1,184,0,2,1.0,1,0,0,0,zero,
happo,base,1,184,1,2,9.0,9,0,1,1,zero,
happo,base,1,184,2,2,10.0,10,0,0,0,zero,
happo,base,1,185,0,2,1.0,0,1,0,0,zero,
happo,base,1,185,1,2,9.0,9,0,0,0,zero,
happo,base,1,185,2,2,30.0,30,0,0,0,zero,
happo,base,1,186,0,2,3.0,3,0,6,6,zero,
happo,base,1,186,1,2,3.0,3,0,0,0,zero,
happo,base,1,186,2,2,30.0,30,0,0,0,zero,
happo,base,1,187,0,2,1.0,1,0,0,0,zero,
happo,base,1,187,1,2,4.0,4,0,1,1,zero,
happo,base,1,187,2,2,29.0,29,0,0,0,zero,
happo,base,1,188,0,2,1.0,0,1,0,0,zero,
happo,base,1,188,1,2,14.0,14,0,0,0,zero,
happo,base,1,188,2,2,29.0,29,0,0,0,zero,
happo,base,1,189,0,2,3.0,0,3,6,6,zero,
happo,base,1,189,1,2,8.0,8,0,0,0,zero,
happo,base,1,189,2,2,29.0,29,0,0,0,zero,
happo,base,1,190,0,3,-0.0,0,0,0,0,zero,
happo,base,1,190,1,3,8.0,8,0,1,1,zero,
happo,base,1,190,2,3,28.0,28,0,0,0,zero,
happo,base,1,191,0,3,3.0,0,3,6,6,zero,
happo,base,1,191,1,3,3.0,3,0,1,1,zero,
happo,base,1,191,2,3,27.0,27,0,0,0,zero,
happo,base,1,192,0,3,6.0,0,6,0,0,zero,
happo,base,1,192,1,3,3.0,3,0,15,15,zero,
happo,base,1,192,2,3,12.0,12,0,0,0,zero,
happo,base,1,193,0,3,3.0,0,3,6,6,zero,
happo,base,1,193,1,3,3.0,0,3,1,1,zero,
happo,base,1,193,2,3,11.0,11,0,1,1,zero,
happo,base,1,194,0,3,6.0,0,6,6,6,zero,
happo,base,1,194,1,3,8.0,0,8,15,15,zero,
happo,base,1,194,2,3,4.0,0,4,1,1,zero,
happo,base,1,195,0,3,3.0,0,3,10,10,zero,
happo,base,1,195,1,3,17.0,0,17,3,3,zero,
happo,base,1,195,2,3,7.0,0,7,20,20,zero,
happo,base,1,196,0,3,6.0,0,6,10,10,zero,
happo,base,1,196,1,3,12.0,0,12,15,15,zero,
happo,base,1,196,2,3,22.0,0,22,20,20,zero,
happo,base,1,197,0,3,6.0,0,6,6,6,zero,
happo,base,1,197,1,3,17.0,0,17,15,15,zero,
happo,base,1,197,2,3,36.0,0,36,20,20,zero,
happo,base,1,198,0,3,8.0,0,8,6,6,zero,
happo,base,1,198,1,3,12.0,0,12,15,15,zero,
happo,base,1,198,2,3,50.0,0,50,20,20,zero,
happo,base,1,199,0,3,10.0,0,10,2,2,zero,
happo,base,1,199,1,3,14.0,0,14,18,18,zero,
happo,base,1,199,2,3,48.0,0,48,20,20,zero,
happo,base,1,200,0,4,1.0,1,0,6,6,zero,
happo,base,1,200,1,4,20.0,0,20,3,3,zero,
happo,base,1,200,2,4,31.0,0,31,20,20,zero,
happo,base,2,1,0,10,10.0,10,0,10,10,zero,
happo,base,2,1,1,10,10.0,10,0,15,15,zero,
happo,base,2,1,2,10,5.0,5,0,0,0,zero,
happo,base,2,2,0,9,11.0,11,0,10,10,zero,
happo,base,2,2,1,9,10.0,10,0,1,1,zero,
happo,base,2,2,2,9,14.0,14,0,20,20,zero,
happo,base,2,3,0,10,11.0,11,0,6,6,zero,
happo,base,2,3,1,10,14.0,14,0,15,15,zero,
happo,base,2,3,2,10,9.0,9,0,3,3,zero,
happo,base,2,4,0,9,12.0,12,0,10,10,zero,
happo,base,2,4,1,9,14.0,14,0,1,1,zero,
happo,base,2,4,2,9,18.0,18,0,20,20,zero,
happo,base,2,5,0,9,13.0,13,0,6,6,zero,
happo,base,2,5,1,9,23.0,23,0,15,15,zero,
happo,base,2,5,2,9,3.0,3,0,0,0,zero,
happo,base,2,6,0,9,14.0,14,0,9,9,zero,
happo,base,2,6,1,9,15.0,15,0,1,1,zero,
happo,base,2,6,2,9,22.0,22,0,16,16,zero,
happo,base,2,7,0,8,12.0,12,0,9,9,zero,
happo,base,2,7,1,8,21.0,21,0,1,1,zero,
happo,base,2,7,2,8,24.0,24,0,0,0,zero,
happo,base,2,8,0,8,14.0,14,0,9,9,zero,
happo,base,2,8,1,8,13.0,13,0,15,15,zero,
happo,base,2,8,2,8,29.0,29,0,0,0,zero,
happo,base,2,9,0,8,12.0,12,0,2,2,zero,
happo,base,2,9,1,8,26.0,26,0,15,15,zero,
happo,base,2,9,2,8,14.0,14,0,1,1,zero,
happo,base,2,10,0,8,13.0,13,0,9,9,zero,
happo,base,2,10,1,8,18.0,18,0,0,0,zero,
happo,base,2,10,2,8,30.0,30,0,20,20,zero,
happo,base,2,11,0,9,13.0,13,0,6,6,zero,
happo,base,2,11,1,9,13.0,13,0,1,1,zero,
happo,base,2,11,2,9,29.0,29,0,0,0,zero,
happo,base,2,12,0,10,12.0,12,0,9,9,zero,
happo,base,2,12,1,10,19.0,19,0,1,1,zero,
happo,base,2,12,2,10,28.0,28,0,0,0,zero,
happo,base,2,13,0,9,5.0,5,0,9,9,zero,
happo,base,2,13,1,9,25.0,25,0,15,15,zero,
happo,base,2,13,2,9,14.0,14,0,0,0,zero,
happo,base,2,14,0,10,4.0,4,0,9,9,zero,
happo,base,2,14,1,10,16.0,16,0,15,15,zero,
happo,base,2,14,2,10,19.0,19,0,0,0,zero,
happo,base,2,15,0,11,1.0,0,1,9,9,zero,
happo,base,2,15,1,11,8.0,8,0,1,1,zero,
happo,base,2,15,2,11,18.0,18,0,20,20,zero,
happo,base,2,16,0,13,5.0,0,5,19,19,zero,
happo,base,2,16,1,13,10.0,0,10,15,15,zero,
happo,base,2,16,2,13,3.0,3,0,3,3,zero,
happo,base,2,17,0,11,7.0,0,7,19,19,zero,
happo,base,2,17,1,11,14.0,0,14,15,15,zero,
happo,base,2,17,2,11,12.0,0,12,20,20,zero,
happo,base,2,18,0,11,9.0,0,9,9,9,zero,
happo,base,2,18,1,11,8.0,0,8,15,15,zero,
happo,base,2,18,2,11,27.0,0,27,20,20,zero,
happo,base,2,19,0,12,12.0,0,12,10,10,zero,
happo,base,2,19,1,12,17.0,0,17,15,15,zero,
happo,base,2,19,2,12,22.0,0,22,20,20,zero,
happo,base,2,20,0,10,13.0,0,13,19,19,zero,
happo,base,2,20,1,10,21.0,0,21,15,15,zero,
happo,base,2,20,2,10,34.0,0,34,20,20,zero,
happo,base,2,21,0,10,8.0,0,8,6,6,zero,
happo,base,2,21,1,10,24.0,0,24,15,15,zero,
happo,base,2,21,2,10,29.0,0,29,20,20,zero,
happo,base,2,22,0,9,2.0,0,2,19,19,zero,
happo,base,2,22,1,9,43.0,0,43,11,11,zero,
happo,base,2,22,2,9,20.0,0,20,16,16,zero,
happo,base,2,23,0,9,10.0,0,10,19,19,zero,
happo,base,2,23,1,9,42.0,0,42,18,18,zero,
happo,base,2,23,2,9,18.0,0,18,16,16,zero,
happo,base,2,24,0,9,4.0,0,4,6,6,zero,
happo,base,2,24,1,9,45.0,0,45,18,18,zero,
happo,base,2,24,2,9,16.0,0,16,16,16,zero,
happo,base,2,25,0,9,10.0,0,10,10,10,zero,
happo,base,2,25,1,9,35.0,0,35,3,3,zero,
happo,base,2,25,2,9,1.0,1,0,20,20,zero,
happo,base,2,26,0,9,19.0,0,19,6,6,zero,
happo,base,2,26,1,9,21.0,0,21,0,0,zero,
happo,base,2,26,2,9,17.0,17,0,16,16,zero,
happo,base,2,27,0,9,8.0,0,8,6,6,zero,
happo,base,2,27,1,9,7.0,0,7,0,0,zero,
happo,base,2,27,2,9,33.0,33,0,0,0,zero,
happo,base,2,28,0,10,15.0,0,15,0,0,zero,
happo,base,2,28,1,10,13.0,13,0,18,18,zero,
happo,base,2,28,2,10,31.0,31,0,0,0,zero,
happo,base,2,29,0,11,6.0,0,6,6,6,zero,
happo,base,2,29,1,11,26.0,26,0,0,0,zero,
happo,base,2,29,2,11,51.0,51,0,1,1,zero,
happo,base,2,30,0,11,3.0,3,0,6,6,zero,
happo,base,2,30,1,11,20.0,20,0,12,12,zero,
happo,base,2,30,2,11,55.0,55,0,0,0,zero,
happo,base,2,31,0,11,12.0,12,0,10,10,zero,
happo,base,2,31,1,11,10.0,10,0,0,0,zero,
happo,base,2,31,2,11,55.0,55,0,1,1,zero,
happo,base,2,32,0,11,8.0,8,0,19,19,zero,
happo,base,2,32,1,11,9.0,9,0,12,12,zero,
happo,base,2,32,2,11,43.0,43,0,0,0,zero,
happo,base,2,33,0,12,2.0,2,0,9,9,zero,
happo,base,2,33,1,12,-0.0,0,0,15,15,zero,
happo,base,2,33,2,12,29.0,29,0,0,0,zero,
happo,base,2,34,0,11,3.0,0,3,19,19,zero,
happo,base,2,34,1,11,7.0,0,7,15,15,zero,
happo,base,2,34,2,11,14.0,14,0,20,20,zero,
happo,base,2,35,0,12,5.0,0,5,10,10,zero,
happo,base,2,35,1,12,17.0,0,17,18,18,zero,
happo,base,2,35,2,12,3.0,0,3,20,20,zero,
happo,base,2,36,0,12,2.0,2,0,10,10,zero,
happo,base,2,36,1,12,15.0,0,15,15,15,zero,
happo,base,2,36,2,12,18.0,0,18,20,20,zero,
happo,base,2,37,0,12,1.0,0,1,10,10,zero,
happo,base,2,37,1,12,10.0,0,10,18,18,zero,
happo,base,2,37,2,12,36.0,0,36,20,20,zero,
happo,base,2,38,0,13,2.0,0,2,9,9,zero,
happo,base,2,38,1,13,4.0,0,4,18,18,zero,
happo,base,2,38,2,13,34.0,0,34,20,20,zero,
happo,base,2,39,0,13,15.0,0,15,19,19,zero,
happo,base,2,39,1,13,8.0,0,8,18,18,zero,
happo,base,2,39,2,13,32.0,0,32,20,20,zero,
happo,base,2,40,0,13,16.0,0,16,10,10,zero,
happo,base,2,40,1,13,18.0,0,18,18,18,zero,
happo,base,2,40,2,13,30.0,0,30,20,20,zero,
happo,base,2,41,0,14,15.0,0,15,10,10,zero,
happo,base,2,41,1,14,28.0,0,28,18,18,zero,
happo,base,2,41,2,14,28.0,0,28,20,20,zero,
happo,base,2,42,0,14,14.0,0,14,10,10,zero,
happo,base,2,42,1,14,18.0,0,18,3,3,zero,
happo,base,2,42,2,14,11.0,0,11,20,20,zero,
happo,base,2,43,0,15,14.0,0,14,10,10,zero,
happo,base,2,43,1,15,8.0,0,8,0,0,zero,
happo,base,2,43,2,15,9.0,9,0,1,1,zero,
happo,base,2,44,0,16,30.0,0,30,19,19,zero,
happo,base,2,44,1,16,7.0,0,7,18,18,zero,
happo,base,2,44,2,16,11.0,11,0,0,0,zero,
happo,base,2,45,0,14,44.0,0,44,19,19,zero,
happo,base,2,45,1,14,6.0,0,6,18,18,zero,
happo,base,2,45,2,14,13.0,13,0,16,16,zero,
happo,base,2,46,0,14,38.0,0,38,10,10,zero,
happo,base,2,46,1,14,4.0,4,0,18,18,zero,
happo,base,2,46,2,14,15.0,15,0,20,20,zero,
happo,base,2,47,0,14,32.0,0,32,10,10,zero,
happo,base,2,47,1,14,5.0,5,0,18,18,zero,
happo,base,2,47,2,14,2.0,0,2,20,20,zero,
happo,base,2,48,0,13,25.0,0,25,10,10,zero,
happo,base,2,48,1,13,13.0,13,0,3,3,zero,
happo,base,2,48,2,13,5.0,0,5,20,20,zero,
happo,base,2,49,0,12,17.0,0,17,10,10,zero,
happo,base,2,49,1,12,21.0,21,0,12,12,zero,
happo,base,2,49,2,12,1.0,0,1,0,0,zero,
happo,base,2,50,0,14,15.0,0,15,10,10,zero,
happo,base,2,50,1,14,29.0,29,0,3,3,zero,
happo,base,2,50,2,14,16.0,16,0,0,0,zero,
happo,base,2,51,0,16,21.0,0,21,19,19,zero,
happo,base,2,51,1,16,26.0,26,0,12,12,zero,
happo,base,2,51,2,16,24.0,24,0,0,0,zero,
happo,base,2,52,0,15,26.0,0,26,19,19,zero,
happo,base,2,52,1,15,7.0,7,0,18,18,zero,
happo,base,2,52,2,15,26.0,26,0,0,0,zero,
happo,base,2,53,0,17,33.0,0,33,19,19,zero,
happo,base,2,53,1,17,4.0,4,0,15,15,zero,
happo,base,2,53,2,17,11.0,11,0,20,20,zero,
happo,base,2,54,0,15,38.0,0,38,17,17,zero,
happo,base,2,54,1,15,9.0,0,9,18,18,zero,
happo,base,2,54,2,15,7.0,0,7,20,20,zero,
happo,base,2,55,0,13,32.0,0,32,19,19,zero,
happo,base,2,55,1,13,16.0,0,16,18,18,zero,
happo,base,2,55,2,13,25.0,0,25,20,20,zero,
happo,base,2,56,0,14,27.0,0,27,10,10,zero,
happo,base,2,56,1,14,8.0,0,8,18,18,zero,
happo,base,2,56,2,14,43.0,0,43,20,20,zero,
happo,base,2,57,0,15,23.0,0,23,10,10,zero,
happo,base,2,57,1,15,3.0,0,3,18,18,zero,
happo,base,2,57,2,15,41.0,0,41,20,20,zero,
happo,base,2,58,0,14,29.0,0,29,19,19,zero,
happo,base,2,58,1,14,11.0,0,11,15,15,zero,
happo,base,2,58,2,14,36.0,0,36,20,20,zero,
happo,base,2,59,0,15,32.0,0,32,19,19,zero,
happo,base,2,59,1,15,30.0,0,30,18,18,zero,
happo,base,2,59,2,15,34.0,0,34,20,20,zero,
happo,base,2,60,0,15,29.0,0,29,19,19,zero,
happo,base,2,60,1,15,49.0,0,49,18,18,zero,
happo,base,2,60,2,15,32.0,0,32,20,20,zero,
happo,base,2,61,0,15,29.0,0,29,19,19,zero,
happo,base,2,61,1,15,48.0,0,48,18,18,zero,
happo,base,2,61,2,15,30.0,0,30,20,20,zero,
happo,base,2,62,0,15,33.0,0,33,10,10,zero,
happo,base,2,62,1,15,38.0,0,38,18,18,zero,
happo,base,2,62,2,15,28.0,0,28,20,20,zero,
happo,base,2,63,0,15,48.0,0,48,19,19,zero,
happo,base,2,63,1,15,37.0,0,37,3,3,zero,
happo,base,2,63,2,15,11.0,0,11,20,20,zero,
happo,base,2,64,0,16,64.0,0,64,17,17,zero,
happo,base,2,64,1,16,34.0,0,34,18,18,zero,
happo,base,2,64,2,16,9.0,0,9,1,1,zero,
happo,base,2,65,0,15,59.0,0,59,17,17,zero,
happo,base,2,65,1,15,31.0,0,31,18,18,zero,
happo,base,2,65,2,15,7.0,0,7,20,20,zero,
happo,base,2,66,0,16,55.0,0,55,10,10,zero,
happo,base,2,66,1,16,21.0,0,21,18,18,zero,
happo,base,2,66,2,16,5.0,0,5,20,20,zero,
happo,base,2,67,0,15,50.0,0,50,10,10,zero,
happo,base,2,67,1,15,11.0,0,11,18,18,zero,
happo,base,2,67,2,15,3.0,0,3,20,20,zero,
happo,base,2,68,0,15,45.0,0,45,10,10,zero,
happo,base,2,68,1,15,1.0,0,1,0,0,zero,
happo,base,2,68,2,15,2.0,0,2,20,20,zero,
happo,base,2,69,0,14,39.0,0,39,10,10,zero,
happo,base,2,69,1,14,9.0,9,0,18,18,zero,
happo,base,2,69,2,14,-0.0,0,0,0,0,zero,
happo,base,2,70,0,12,31.0,0,31,10,10,zero,
happo,base,2,70,1,12,19.0,19,0,18,18,zero,
happo,base,2,70,2,12,2.0,2,0,1,1,zero,
happo,base,2,71,0,13,24.0,0,24,10,10,zero,
happo,base,2,71,1,13,29.0,29,0,18,18,zero,
happo,base,2,71,2,13,4.0,4,0,20,20,zero,
happo,base,2,72,0,14,18.0,0,18,10,10,zero,
happo,base,2,72,1,14,20.0,20,0,0,0,zero,
happo,base,2,72,2,14,24.0,24,0,20,20,zero,
happo,base,2,73,0,15,22.0,0,22,19,19,zero,
happo,base,2,73,1,15,21.0,21,0,3,3,zero,
happo,base,2,73,2,15,21.0,21,0,0,0,zero,
happo,base,2,74,0,15,27.0,0,27,19,19,zero,
happo,base,2,74,1,15,20.0,20,0,18,18,zero,
happo,base,2,74,2,15,4.0,4,0,0,0,zero,
happo,base,2,75,0,15,32.0,0,32,19,19,zero,
happo,base,2,75,1,15,19.0,19,0,15,15,zero,
happo,base,2,75,2,15,9.0,9,0,0,0,zero,
happo,base,2,76,0,13,35.0,0,35,17,17,zero,
happo,base,2,76,1,13,2.0,2,0,15,15,zero,
happo,base,2,76,2,13,14.0,14,0,20,20,zero,
happo,base,2,77,0,14,30.0,0,30,10,10,zero,
happo,base,2,77,1,14,5.0,0,5,15,15,zero,
happo,base,2,77,2,14,1.0,0,1,20,20,zero,
happo,base,2,78,0,14,25.0,0,25,19,19,zero,
happo,base,2,78,1,14,6.0,0,6,15,15,zero,
happo,base,2,78,2,14,16.0,0,16,20,20,zero,
happo,base,2,79,0,18,24.0,0,24,10,10,zero,
happo,base,2,79,1,18,1.0,0,1,18,18,zero,
happo,base,2,79,2,18,34.0,0,34,20,20,zero,
happo,base,2,80,0,18,25.0,0,25,19,19,zero,
happo,base,2,80,1,18,5.0,0,5,15,15,zero,
happo,base,2,80,2,18,29.0,0,29,20,20,zero,
happo,base,2,81,0,20,40.0,0,40,19,19,zero,
happo,base,2,81,1,20,10.0,0,10,15,15,zero,
happo,base,2,81,2,20,24.0,0,24,17,17,zero,
happo,base,2,82,0,20,42.0,0,42,19,19,zero,
happo,base,2,82,1,20,29.0,0,29,18,18,zero,
happo,base,2,82,2,20,22.0,0,22,16,16,zero,
happo,base,2,83,0,20,47.0,0,47,19,19,zero,
happo,base,2,83,1,20,48.0,0,48,18,18,zero,
happo,base,2,83,2,20,20.0,0,20,20,20,zero,
happo,base,2,84,0,20,52.0,0,52,17,17,zero,
happo,base,2,84,1,20,45.0,0,45,18,18,zero,
happo,base,2,84,2,20,18.0,0,18,20,20,zero,
happo,base,2,85,0,20,58.0,0,58,17,17,zero,
happo,base,2,85,1,20,42.0,0,42,18,18,zero,
happo,base,2,85,2,20,19.0,0,19,20,20,zero,
happo,base,2,86,0,20,78.0,0,78,17,17,zero,
happo,base,2,86,1,20,39.0,0,39,18,18,zero,
happo,base,2,86,2,20,21.0,0,21,20,20,zero,
happo,base,2,87,0,19,97.0,0,97,17,17,zero,
happo,base,2,87,1,19,36.0,0,36,18,18,zero,
happo,base,2,87,2,19,19.0,0,19,20,20,zero,
happo,base,2,88,0,19,96.0,0,96,17,17,zero,
happo,base,2,88,1,19,33.0,0,33,18,18,zero,
happo,base,2,88,2,19,17.0,0,17,20,20,zero,
happo,base,2,89,0,17,93.0,0,93,17,17,zero,
happo,base,2,89,1,17,33.0,0,33,18,18,zero,
happo,base,2,89,2,17,15.0,0,15,20,20,zero,
happo,base,2,90,0,17,90.0,0,90,17,17,zero,
happo,base,2,90,1,17,34.0,0,34,18,18,zero,
happo,base,2,90,2,17,13.0,0,13,16,16,zero,
happo,base,2,91,0,17,87.0,0,87,17,17,zero,
happo,base,2,91,1,17,31.0,0,31,18,18,zero,
happo,base,2,91,2,17,11.0,0,11,20,20,zero,
happo,base,2,92,0,14,81.0,0,81,17,17,zero,
happo,base,2,92,1,14,28.0,0,28,18,18,zero,
happo,base,2,92,2,14,9.0,0,9,20,20,zero,
happo,base,2,93,0,13,77.0,0,77,17,17,zero,
happo,base,2,93,1,13,25.0,0,25,18,18,zero,
happo,base,2,93,2,13,7.0,0,7,20,20,zero,
happo,base,2,94,0,13,74.0,0,74,17,17,zero,
happo,base,2,94,1,13,22.0,0,22,18,18,zero,
happo,base,2,94,2,13,9.0,0,9,20,20,zero,
happo,base,2,95,0,14,68.0,0,68,17,17,zero,
happo,base,2,95,1,14,19.0,0,19,18,18,zero,
happo,base,2,95,2,14,7.0,0,7,16,16,zero,
happo,base,2,96,0,16,64.0,0,64,17,17,zero,
happo,base,2,96,1,16,16.0,0,16,18,18,zero,
happo,base,2,96,2,16,5.0,0,5,20,20,zero,
happo,base,2,97,0,15,59.0,0,59,17,17,zero,
happo,base,2,97,1,15,13.0,0,13,18,18,zero,
happo,base,2,97,2,15,3.0,0,3,20,20,zero,
happo,base,2,98,0,14,53.0,0,53,10,10,zero,
happo,base,2,98,1,14,7.0,0,7,18,18,zero,
happo,base,2,98,2,14,1.0,0,1,16,16,zero,
happo,base,2,99,0,16,49.0,0,49,10,10,zero,
happo,base,2,99,1,16,3.0,3,0,18,18,zero,
happo,base,2,99,2,16,3.0,0,3,16,16,zero,
happo,base,2,100,0,13,42.0,0,42,10,10,zero,
happo,base,2,100,1,13,13.0,13,0,18,18,zero,
happo,base,2,100,2,13,1.0,0,1,20,20,zero,
happo,base,2,101,0,10,32.0,0,32,19,19,zero,
happo,base,2,101,1,10,14.0,14,0,0,0,zero,
happo,base,2,101,2,10,19.0,19,0,20,20,zero,
happo,base,2,102,0,11,27.0,0,27,10,10,zero,
happo,base,2,102,1,11,24.0,24,0,18,18,zero,
happo,base,2,102,2,11,17.0,17,0,0,0,zero,
happo,base,2,103,0,12,22.0,0,22,19,19,zero,
happo,base,2,103,1,12,21.0,21,0,3,3,zero,
happo,base,2,103,2,12,30.0,30,0,1,1,zero,
happo,base,2,104,0,11,23.0,0,23,10,10,zero,
happo,base,2,104,1,11,31.0,31,0,18,18,zero,
happo,base,2,104,2,11,32.0,32,0,0,0,zero,
happo,base,2,105,0,11,15.0,0,15,10,10,zero,
happo,base,2,105,1,11,22.0,22,0,3,3,zero,
happo,base,2,105,2,11,49.0,49,0,16,16,zero,
happo,base,2,106,0,10,15.0,0,15,10,10,zero,
happo,base,2,106,1,10,30.0,30,0,15,15,zero,
happo,base,2,106,2,10,34.0,34,0,0,0,zero,
happo,base,2,107,0,10,6.0,0,6,10,10,zero,
happo,base,2,107,1,10,23.0,23,0,3,3,zero,
happo,base,2,107,2,10,32.0,32,0,1,1,zero,
happo,base,2,108,0,9,5.0,0,5,19,19,zero,
happo,base,2,108,1,9,22.0,22,0,1,1,zero,
happo,base,2,108,2,9,31.0,31,0,0,0,zero,
happo,base,2,109,0,10,5.0,0,5,6,6,zero,
happo,base,2,109,1,10,19.0,19,0,15,15,zero,
happo,base,2,109,2,10,32.0,32,0,0,0,zero,
happo,base,2,110,0,10,5.0,0,5,10,10,zero,
happo,base,2,110,1,10,24.0,24,0,3,3,zero,
happo,base,2,110,2,10,29.0,29,0,1,1,zero,
happo,base,2,111,0,10,5.0,0,5,10,10,zero,
happo,base,2,111,1,10,17.0,17,0,15,15,zero,
happo,base,2,111,2,10,15.0,15,0,1,1,zero,
happo,base,2,112,0,10,4.0,4,0,10,10,zero,
happo,base,2,112,1,10,8.0,8,0,3,3,zero,
happo,base,2,112,2,10,12.0,12,0,20,20,zero,
happo,base,2,113,0,9,1.0,1,0,10,10,zero,
happo,base,2,113,1,9,13.0,13,0,15,15,zero,
happo,base,2,113,2,9,3.0,0,3,20,20,zero,
happo,base,2,114,0,11,-0.0,0,0,10,10,zero,
happo,base,2,114,1,11,6.0,6,0,15,15,zero,
happo,base,2,114,2,11,17.0,0,17,20,20,zero,
happo,base,2,115,0,12,2.0,0,2,10,10,zero,
happo,base,2,115,1,12,11.0,11,0,15,15,zero,
happo,base,2,115,2,12,31.0,0,31,20,20,zero,
happo,base,2,116,0,11,3.0,0,3,19,19,zero,
happo,base,2,116,1,11,5.0,0,5,15,15,zero,
happo,base,2,116,2,11,26.0,0,26,16,16,zero,
happo,base,2,117,0,12,5.0,0,5,19,19,zero,
happo,base,2,117,1,12,12.0,0,12,15,15,zero,
happo,base,2,117,2,12,21.0,0,21,16,16,zero,
happo,base,2,118,0,12,7.0,0,7,19,19,zero,
happo,base,2,118,1,12,30.0,0,30,15,15,zero,
happo,base,2,118,2,12,16.0,0,16,16,16,zero,
happo,base,2,119,0,13,10.0,0,10,19,19,zero,
happo,base,2,119,1,13,48.0,0,48,15,15,zero,
happo,base,2,119,2,13,11.0,0,11,20,20,zero,
happo,base,2,120,0,13,9.0,0,9,19,19,zero,
happo,base,2,120,1,13,47.0,0,47,18,18,zero,
happo,base,2,120,2,13,13.0,0,13,16,16,zero,
happo,base,2,121,0,14,11.0,0,11,10,10,zero,
happo,base,2,121,1,14,37.0,0,37,18,18,zero,
happo,base,2,121,2,14,15.0,0,15,20,20,zero,
happo,base,2,122,0,17,27.0,0,27,19,19,zero,
happo,base,2,122,1,17,36.0,0,36,3,3,zero,
happo,base,2,122,2,17,2.0,0,2,20,20,zero,
happo,base,2,123,0,17,43.0,0,43,19,19,zero,
happo,base,2,123,1,17,35.0,0,35,18,18,zero,
happo,base,2,123,2,17,-0.0,0,0,1,1,zero,
happo,base,2,124,0,16,39.0,0,39,10,10,zero,
happo,base,2,124,1,16,29.0,0,29,18,18,zero,
happo,base,2,124,2,16,2.0,0,2,16,16,zero,
happo,base,2,125,0,18,37.0,0,37,10,10,zero,
happo,base,2,125,1,18,23.0,0,23,18,18,zero,
happo,base,2,125,2,18,-0.0,0,0,20,20,zero,
happo,base,2,126,0,20,37.0,0,37,10,10,zero,
happo,base,2,126,1,20,17.0,0,17,0,0,zero,
happo,base,2,126,2,20,20.0,20,0,20,20,zero,
happo,base,2,127,0,18,35.0,0,35,19,19,zero,
happo,base,2,127,1,18,16.0,0,16,18,18,zero,
happo,base,2,127,2,18,3.0,3,0,0,0,zero,
happo,base,2,128,0,18,37.0,0,37,19,19,zero,
happo,base,2,128,1,18,19.0,0,19,18,18,zero,
happo,base,2,128,2,18,1.0,1,0,3,3,zero,
happo,base,2,129,0,17,38.0,0,38,19,19,zero,
happo,base,2,129,1,17,18.0,0,18,18,18,zero,
happo,base,2,129,2,17,3.0,3,0,20,20,zero,
happo,base,2,130,0,17,39.0,0,39,19,19,zero,
happo,base,2,130,1,17,37.0,0,37,18,18,zero,
happo,base,2,130,2,17,5.0,5,0,20,20,zero,
happo,base,2,131,0,15,34.0,0,34,19,19,zero,
happo,base,2,131,1,15,38.0,0,38,18,18,zero,
happo,base,2,131,2,15,13.0,0,13,20,20,zero,
happo,base,2,132,0,16,34.0,0,34,10,10,zero,
happo,base,2,132,1,16,30.0,0,30,18,18,zero,
happo,base,2,132,2,16,28.0,0,28,20,20,zero,
happo,base,2,133,0,17,31.0,0,31,19,19,zero,
happo,base,2,133,1,17,31.0,0,31,18,18,zero,
happo,base,2,133,2,17,26.0,0,26,20,20,zero,
happo,base,2,134,0,17,48.0,0,48,19,19,zero,
happo,base,2,134,1,17,32.0,0,32,18,18,zero,
happo,base,2,134,2,17,24.0,0,24,20,20,zero,
happo,base,2,135,0,15,45.0,0,45,19,19,zero,
happo,base,2,135,1,15,46.0,0,46,18,18,zero,
happo,base,2,135,2,15,22.0,0,22,20,20,zero,
happo,base,2,136,0,15,42.0,0,42,19,19,zero,
happo,base,2,136,1,15,62.0,0,62,18,18,zero,
happo,base,2,136,2,15,20.0,0,20,20,20,zero,
happo,base,2,137,0,14,38.0,0,38,19,19,zero,
happo,base,2,137,1,14,61.0,0,61,18,18,zero,
happo,base,2,137,2,14,18.0,0,18,20,20,zero,
happo,base,2,138,0,14,34.0,0,34,10,10,zero,
happo,base,2,138,1,14,51.0,0,51,18,18,zero,
happo,base,2,138,2,14,16.0,0,16,20,20,zero,
happo,base,2,139,0,14,43.0,0,43,19,19,zero,
happo,base,2,139,1,14,50.0,0,50,18,18,zero,
happo,base,2,139,2,14,14.0,0,14,20,20,zero,
happo,base,2,140,0,16,56.0,0,56,17,17,zero,
happo,base,2,140,1,16,47.0,0,47,18,18,zero,
happo,base,2,140,2,16,12.0,0,12,16,16,zero,
happo,base,2,141,0,17,53.0,0,53,10,10,zero,
happo,base,2,141,1,17,37.0,0,37,18,18,zero,
happo,base,2,141,2,17,10.0,0,10,20,20,zero,
happo,base,2,142,0,17,50.0,0,50,10,10,zero,
happo,base,2,142,1,17,27.0,0,27,18,18,zero,
happo,base,2,142,2,17,8.0,0,8,20,20,zero,
happo,base,2,143,0,18,48.0,0,48,10,10,zero,
happo,base,2,143,1,18,17.0,0,17,0,0,zero,
happo,base,2,143,2,18,12.0,12,0,20,20,zero,
happo,base,2,144,0,20,48.0,0,48,19,19,zero,
happo,base,2,144,1,20,16.0,0,16,18,18,zero,
happo,base,2,144,2,20,10.0,10,0,0,0,zero,
happo,base,2,145,0,20,48.0,0,48,19,19,zero,
happo,base,2,145,1,20,15.0,0,15,18,18,zero,
happo,base,2,145,2,20,12.0,12,0,16,16,zero,
happo,base,2,146,0,19,47.0,0,47,19,19,zero,
happo,base,2,146,1,19,14.0,0,14,18,18,zero,
happo,base,2,146,2,19,14.0,14,0,20,20,zero,
happo,base,2,147,0,17,44.0,0,44,19,19,zero,
happo,base,2,147,1,17,25.0,0,25,18,18,zero,
happo,base,2,147,2,17,16.0,16,0,20,20,zero,
happo,base,2,148,0,17,41.0,0,41,19,19,zero,
happo,base,2,148,1,17,26.0,0,26,18,18,zero,
happo,base,2,148,2,17,2.0,0,2,20,20,zero,
happo,base,2,149,0,16,37.0,0,37,10,10,zero,
happo,base,2,149,1,16,18.0,0,18,18,18,zero,
happo,base,2,149,2,16,4.0,0,4,20,20,zero,
happo,base,2,150,0,16,33.0,0,33,19,19,zero,
happo,base,2,150,1,16,19.0,0,19,18,18,zero,
happo,base,2,150,2,16,2.0,0,2,0,0,zero,
happo,base,2,151,0,16,41.0,0,41,19,19,zero,
happo,base,2,151,1,16,20.0,0,20,18,18,zero,
happo,base,2,151,2,16,-0.0,0,0,20,20,zero,
happo,base,2,152,0,14,37.0,0,37,19,19,zero,
happo,base,2,152,1,14,23.0,0,23,18,18,zero,
happo,base,2,152,2,14,2.0,2,0,20,20,zero,
happo,base,2,153,0,14,33.0,0,33,10,10,zero,
happo,base,2,153,1,14,17.0,0,17,18,18,zero,
happo,base,2,153,2,14,4.0,4,0,20,20,zero,
happo,base,2,154,0,14,29.0,0,29,10,10,zero,
happo,base,2,154,1,14,7.0,0,7,18,18,zero,
happo,base,2,154,2,14,14.0,0,14,20,20,zero,
happo,base,2,155,0,14,25.0,0,25,10,10,zero,
happo,base,2,155,1,14,3.0,3,0,18,18,zero,
happo,base,2,155,2,14,12.0,0,12,20,20,zero,
happo,base,2,156,0,15,24.0,0,24,19,19,zero,
happo,base,2,156,1,15,2.0,2,0,18,18,zero,
happo,base,2,156,2,15,10.0,0,10,16,16,zero,
happo,base,2,157,0,15,23.0,0,23,10,10,zero,
happo,base,2,157,1,15,10.0,10,0,18,18,zero,
happo,base,2,157,2,15,8.0,0,8,20,20,zero,
happo,base,2,158,0,13,16.0,0,16,19,19,zero,
happo,base,2,158,1,13,5.0,0,5,3,3,zero,
happo,base,2,158,2,13,9.0,9,0,20,20,zero,
happo,base,2,159,0,12,11.0,0,11,10,10,zero,
happo,base,2,159,1,12,5.0,5,0,18,18,zero,
happo,base,2,159,2,12,11.0,11,0,0,0,zero,
happo,base,2,160,0,12,4.0,0,4,10,10,zero,
happo,base,2,160,1,12,15.0,15,0,18,18,zero,
happo,base,2,160,2,12,9.0,9,0,16,16,zero,
happo,base,2,161,0,10,4.0,0,4,19,19,zero,
happo,base,2,161,1,10,16.0,16,0,3,3,zero,
happo,base,2,161,2,10,26.0,26,0,20,20,zero,
happo,base,2,162,0,11,1.0,0,1,6,6,zero,
happo,base,2,162,1,11,21.0,21,0,18,18,zero,
happo,base,2,162,2,11,28.0,28,0,0,0,zero,
happo,base,2,163,0,10,4.0,4,0,10,10,zero,
happo,base,2,163,1,10,29.0,29,0,3,3,zero,
happo,base,2,163,2,10,25.0,25,0,16,16,zero,
happo,base,2,164,0,12,2.0,2,0,6,6,zero,
happo,base,2,164,1,12,41.0,41,0,3,3,zero,
happo,base,2,164,2,12,38.0,38,0,0,0,zero,
happo,base,2,165,0,12,9.0,9,0,10,10,zero,
happo,base,2,165,1,12,34.0,34,0,3,3,zero,
happo,base,2,165,2,12,55.0,55,0,0,0,zero,
happo,base,2,166,0,13,2.0,2,0,19,19,zero,
happo,base,2,166,1,13,33.0,33,0,3,3,zero,
happo,base,2,166,2,13,52.0,52,0,0,0,zero,
happo,base,2,167,0,13,1.0,0,1,9,9,zero,
happo,base,2,167,1,13,27.0,27,0,15,15,zero,
happo,base,2,167,2,13,53.0,53,0,0,0,zero,
happo,base,2,168,0,11,6.0,0,6,19,19,zero,
happo,base,2,168,1,11,11.0,11,0,15,15,zero,
happo,base,2,168,2,11,38.0,38,0,0,0,zero,
happo,base,2,169,0,11,7.0,0,7,10,10,zero,
happo,base,2,169,1,11,4.0,4,0,15,15,zero,
happo,base,2,169,2,11,23.0,23,0,16,16,zero,
happo,base,2,170,0,11,1.0,1,0,10,10,zero,
happo,base,2,170,1,11,3.0,0,3,3,3,zero,
happo,base,2,170,2,11,20.0,20,0,20,20,zero,
happo,base,2,171,0,11,1.0,0,1,6,6,zero,
happo,base,2,171,1,11,6.0,6,0,15,15,zero,
happo,base,2,171,2,11,5.0,5,0,0,0,zero,
happo,base,2,172,0,12,6.0,6,0,10,10,zero,
happo,base,2,172,1,12,11.0,11,0,3,3,zero,
happo,base,2,172,2,12,2.0,2,0,20,20,zero,
happo,base,2,173,0,13,3.0,3,0,19,19,zero,
happo,base,2,173,1,13,7.0,7,0,15,15,zero,
happo,base,2,173,2,13,3.0,3,0,0,0,zero,
happo,base,2,174,0,12,2.0,0,2,9,9,zero,
happo,base,2,174,1,12,1.0,1,0,15,15,zero,
happo,base,2,174,2,12,8.0,8,0,20,20,zero,
happo,base,2,175,0,15,8.0,0,8,19,19,zero,
happo,base,2,175,1,15,3.0,0,3,15,15,zero,
happo,base,2,175,2,15,7.0,0,7,20,20,zero,
happo,base,2,176,0,14,12.0,0,12,10,10,zero,
happo,base,2,176,1,14,10.0,0,10,15,15,zero,
happo,base,2,176,2,14,2.0,0,2,20,20,zero,
happo,base,2,177,0,15,8.0,0,8,19,19,zero,
happo,base,2,177,1,15,14.0,0,14,15,15,zero,
happo,base,2,177,2,15,17.0,0,17,20,20,zero,
happo,base,2,178,0,15,14.0,0,14,19,19,zero,
happo,base,2,178,1,15,18.0,0,18,18,18,zero,
happo,base,2,178,2,15,15.0,0,15,0,0,zero,
happo,base,2,179,0,16,14.0,0,14,19,19,zero,
happo,base,2,179,1,16,29.0,0,29,18,18,zero,
happo,base,2,179,2,16,13.0,0,13,20,20,zero,
happo,base,2,180,0,15,26.0,0,26,19,19,zero,
happo,base,2,180,1,15,28.0,0,28,18,18,zero,
happo,base,2,180,2,15,11.0,0,11,20,20,zero,
happo,base,2,181,0,14,25.0,0,25,10,10,zero,
happo,base,2,181,1,14,38.0,0,38,18,18,zero,
happo,base,2,181,2,14,9.0,0,9,20,20,zero,
happo,base,2,182,0,16,26.0,0,26,19,19,zero,
happo,base,2,182,1,16,37.0,0,37,3,3,zero,
happo,base,2,182,2,16,12.0,0,12,20,20,zero,
happo,base,2,183,0,14,32.0,0,32,10,10,zero,
happo,base,2,183,1,14,27.0,0,27,18,18,zero,
happo,base,2,183,2,14,10.0,0,10,0,0,zero,
happo,base,2,184,0,14,26.0,0,26,10,10,zero,
happo,base,2,184,1,14,17.0,0,17,18,18,zero,
happo,base,2,184,2,14,8.0,0,8,20,20,zero,
happo,base,2,185,0,16,42.0,0,42,19,19,zero,
happo,base,2,185,1,16,16.0,0,16,18,18,zero,
happo,base,2,185,2,16,6.0,0,6,20,20,zero,
happo,base,2,186,0,17,39.0,0,39,10,10,zero,
happo,base,2,186,1,17,26.0,0,26,18,18,zero,
happo,base,2,186,2,17,4.0,0,4,20,20,zero,
happo,base,2,187,0,17,36.0,0,36,19,19,zero,
happo,base,2,187,1,17,25.0,0,25,3,3,zero,
happo,base,2,187,2,17,7.0,0,7,20,20,zero,
happo,base,2,188,0,18,34.0,0,34,10,10,zero,
happo,base,2,188,1,18,15.0,0,15,18,18,zero,
happo,base,2,188,2,18,5.0,0,5,0,0,zero,
happo,base,2,189,0,18,32.0,0,32,19,19,zero,
happo,base,2,189,1,18,14.0,0,14,18,18,zero,
happo,base,2,189,2,18,3.0,0,3,16,16,zero,
happo,base,2,190,0,17,49.0,0,49,19,19,zero,
happo,base,2,190,1,17,13.0,0,13,18,18,zero,
happo,base,2,190,2,17,1.0,0,1,20,20,zero,
happo,base,2,191,0,16,45.0,0,45,10,10,zero,
happo,base,2,191,1,16,23.0,0,23,18,18,zero,
happo,base,2,191,2,16,1.0,1,0,20,20,zero,
happo,base,2,192,0,18,43.0,0,43,19,19,zero,
happo,base,2,192,1,18,22.0,0,22,18,18,zero,
happo,base,2,192,2,18,17.0,0,17,20,20,zero,
happo,base,2,193,0,18,41.0,0,41,10,10,zero,
happo,base,2,193,1,18,12.0,0,12,18,18,zero,
happo,base,2,193,2,18,19.0,0,19,20,20,zero,
happo,base,2,194,0,20,41.0,0,41,19,19,zero,
happo,base,2,194,1,20,11.0,0,11,18,18,zero,
happo,base,2,194,2,20,17.0,0,17,17,17,zero,
happo,base,2,195,0,20,61.0,0,61,19,19,zero,
happo,base,2,195,1,20,11.0,0,11,18,18,zero,
happo,base,2,195,2,20,15.0,0,15,20,20,zero,
happo,base,2,196,0,20,61.0,0,61,17,17,zero,
happo,base,2,196,1,20,27.0,0,27,18,18,zero,
happo,base,2,196,2,20,13.0,0,13,20,20,zero,
happo,base,2,197,0,20,61.0,0,61,17,17,zero,
happo,base,2,197,1,20,28.0,0,28,18,18,zero,
happo,base,2,197,2,20,11.0,0,11,20,20,zero,
happo,base,2,198,0,19,60.0,0,60,17,17,zero,
happo,base,2,198,1,19,25.0,0,25,18,18,zero,
happo,base,2,198,2,19,12.0,0,12,20,20,zero,
happo,base,2,199,0,20,61.0,0,61,17,17,zero,
happo,base,2,199,1,20,22.0,0,22,18,18,zero,
happo,base,2,199,2,20,10.0,0,10,20,20,zero,
happo,base,2,200,0,20,80.0,0,80,17,17,zero,
happo,base,2,200,1,20,19.0,0,19,18,18,zero,
happo,base,2,200,2,20,8.0,0,8,16,16,zero,
happo,base,3,1,0,10,10.0,10,0,10,10,zero,
happo,base,3,1,1,10,10.0,10,0,15,15,zero,
happo,base,3,1,2,10,5.0,5,0,0,0,zero,
happo,base,3,2,0,9,11.0,11,0,10,10,zero,
happo,base,3,2,1,9,10.0,10,0,1,1,zero,
happo,base,3,2,2,9,14.0,14,0,20,20,zero,
happo,base,3,3,0,8,13.0,13,0,6,6,zero,
happo,base,3,3,1,8,14.0,14,0,15,15,zero,
happo,base,3,3,2,8,9.0,9,0,3,3,zero,
happo,base,3,4,0,8,15.0,15,0,6,6,zero,
happo,base,3,4,1,8,18.0,18,0,1,1,zero,
happo,base,3,4,2,8,18.0,18,0,20,20,zero,
happo,base,3,5,0,8,17.0,17,0,6,6,zero,
happo,base,3,5,1,8,27.0,27,0,1,1,zero,
happo,base,3,5,2,8,17.0,17,0,0,0,zero,
happo,base,3,6,0,9,18.0,18,0,6,6,zero,
happo,base,3,6,1,9,22.0,22,0,1,1,zero,
happo,base,3,6,2,9,36.0,36,0,0,0,zero,
happo,base,3,7,0,8,16.0,16,0,9,9,zero,
happo,base,3,7,1,8,28.0,28,0,1,1,zero,
happo,base,3,7,2,8,38.0,38,0,0,0,zero,
happo,base,3,8,0,9,13.0,13,0,9,9,zero,
happo,base,3,8,1,9,20.0,20,0,15,15,zero,
happo,base,3,8,2,9,43.0,43,0,0,0,zero,
happo,base,3,9,0,10,9.0,9,0,9,9,zero,
happo,base,3,9,1,10,12.0,12,0,15,15,zero,
happo,base,3,9,2,10,28.0,28,0,1,1,zero,
happo,base,3,10,0,10,5.0,5,0,9,9,zero,
happo,base,3,10,1,10,4.0,4,0,11,11,zero,
happo,base,3,10,2,10,17.0,17,0,20,20,zero,
happo,base,3,11,0,11,3.0,3,0,9,9,zero,
happo,base,3,11,1,11,4.0,0,4,1,1,zero,
happo,base,3,11,2,11,16.0,16,0,20,20,zero,
happo,base,3,12,0,10,2.0,2,0,19,19,zero,
happo,base,3,12,1,10,8.0,0,8,15,15,zero,
happo,base,3,12,2,10,1.0,1,0,0,0,zero,
happo,base,3,13,0,10,1.0,1,0,9,9,zero,
happo,base,3,13,1,10,2.0,0,2,15,15,zero,
happo,base,3,13,2,10,13.0,0,13,0,0,zero,
happo,base,3,14,0,9,1.0,1,0,4,4,zero,
happo,base,3,14,1,9,5.0,5,0,15,15,zero,
happo,base,3,14,2,9,8.0,0,8,20,20,zero,
happo,base,3,15,0,9,3.0,0,3,6,6,zero,
happo,base,3,15,1,9,-0.0,0,0,3,3,zero,
happo,base,3,15,2,9,9.0,9,0,20,20,zero,
happo,base,3,16,0,10,2.0,2,0,6,6,zero,
happo,base,3,16,1,10,9.0,9,0,3,3,zero,
happo,base,3,16,2,10,6.0,6,0,0,0,zero,
happo,base,3,17,0,10,7.0,7,0,10,10,zero,
happo,base,3,17,1,10,1.0,1,0,0,0,zero,
happo,base,3,17,2,10,6.0,6,0,0,0,zero,
happo,base,3,18,0,9,4.0,4,0,19,19,zero,
happo,base,3,18,1,9,2.0,2,0,12,12,zero,
happo,base,3,18,2,9,14.0,14,0,0,0,zero,
happo,base,3,19,0,7,3.0,3,0,9,9,zero,
happo,base,3,19,1,7,4.0,4,0,15,15,zero,
happo,base,3,19,2,7,19.0,19,0,0,0,zero,
happo,base,3,20,0,9,-0.0,0,0,2,2,zero,
happo,base,3,20,1,9,5.0,5,0,15,15,zero,
happo,base,3,20,2,9,4.0,4,0,20,20,zero,
happo,base,3,21,0,9,1.0,1,0,6,6,zero,
happo,base,3,21,1,9,1.0,0,1,0,0,zero,
happo,base,3,21,2,9,4.0,4,0,20,20,zero,
happo,base,3,22,0,9,11.0,11,0,10,10,zero,
happo,base,3,22,1,9,1.0,1,0,5,5,zero,
happo,base,3,22,2,9,1.0,0,1,0,0,zero,
happo,base,3,23,0,8,12.0,12,0,9,9,zero,
happo,base,3,23,1,8,7.0,7,0,18,18,zero,
happo,base,3,23,2,8,19.0,0,19,0,0,zero,
happo,base,3,24,0,8,6.0,6,0,9,9,zero,
happo,base,3,24,1,8,13.0,13,0,15,15,zero,
happo,base,3,24,2,8,14.0,0,14,5,5,zero,
happo,base,3,25,0,9,2.0,2,0,6,6,zero,
happo,base,3,25,1,9,7.0,7,0,3,3,zero,
happo,base,3,25,2,9,3.0,3,0,20,20,zero,
happo,base,3,26,0,8,5.0,5,0,10,10,zero,
happo,base,3,26,1,8,1.0,1,0,1,1,zero,
happo,base,3,26,2,8,2.0,2,0,20,20,zero,
happo,base,3,27,0,8,6.0,6,0,6,6,zero,
happo,base,3,27,1,8,5.0,0,5,5,5,zero,
happo,base,3,27,2,8,3.0,0,3,0,0,zero,
happo,base,3,28,0,9,6.0,6,0,10,10,zero,
happo,base,3,28,1,9,5.0,5,0,15,15,zero,
happo,base,3,28,2,9,13.0,0,13,0,0,zero,
happo,base,3,29,0,8,4.0,4,0,6,6,zero,
happo,base,3,29,1,8,16.0,16,0,15,15,zero,
happo,base,3,29,2,8,8.0,0,8,0,0,zero,
happo,base,3,30,0,10,4.0,4,0,9,9,zero,
happo,base,3,30,1,10,8.0,8,0,3,3,zero,
happo,base,3,30,2,10,9.0,9,0,20,20,zero,
happo,base,3,31,0,10,5.0,0,5,6,6,zero,
happo,base,3,31,1,10,4.0,4,0,3,3,zero,
happo,base,3,31,2,10,6.0,6,0,20,20,zero,
happo,base,3,32,0,9,1.0,1,0,10,10,zero,
happo,base,3,32,1,9,1.0,0,1,1,1,zero,
happo,base,3,32,2,9,5.0,5,0,0,0,zero,
happo,base,3,33,0,7,-0.0,0,0,10,10,zero,
happo,base,3,33,1,7,9.0,9,0,15,15,zero,
happo,base,3,33,2,7,10.0,0,10,0,0,zero,
happo,base,3,34,0,7,2.0,2,0,6,6,zero,
happo,base,3,34,1,7,14.0,14,0,15,15,zero,
happo,base,3,34,2,7,5.0,0,5,0,0,zero,
happo,base,3,35,0,7,1.0,1,0,6,6,zero,
happo,base,3,35,1,7,11.0,11,0,3,3,zero,
happo,base,3,35,2,7,12.0,12,0,20,20,zero,
happo,base,3,36,0,7,3.0,3,0,6,6,zero,
happo,base,3,36,1,7,6.0,6,0,1,1,zero,
happo,base,3,36,2,7,11.0,11,0,20,20,zero,
happo,base,3,37,0,7,7.0,7,0,6,6,zero,
happo,base,3,37,1,7,5.0,5,0,1,1,zero,
happo,base,3,37,2,7,10.0,10,0,0,0,zero,
happo,base,3,38,0,6,7.0,7,0,10,10,zero,
happo,base,3,38,1,6,15.0,15,0,1,1,zero,
happo,base,3,38,2,6,9.0,9,0,0,0,zero,
happo,base,3,39,0,6,7.0,7,0,6,6,zero,
happo,base,3,39,1,6,17.0,17,0,15,15,zero,
happo,base,3,39,2,6,14.0,14,0,0,0,zero,
happo,base,3,40,0,6,7.0,7,0,2,2,zero,
happo,base,3,40,1,6,16.0,16,0,3,3,zero,
happo,base,3,40,2,6,31.0,31,0,0,0,zero,
happo,base,3,41,0,7,6.0,6,0,6,6,zero,
happo,base,3,41,1,7,11.0,11,0,1,1,zero,
happo,base,3,41,2,7,30.0,30,0,0,0,zero,
happo,base,3,42,0,7,9.0,9,0,10,10,zero,
happo,base,3,42,1,7,2.0,2,0,1,1,zero,
happo,base,3,42,2,7,29.0,29,0,0,0,zero,
happo,base,3,43,0,7,8.0,8,0,6,6,zero,
happo,base,3,43,1,7,11.0,11,0,15,15,zero,
happo,base,3,43,2,7,14.0,14,0,0,0,zero,
happo,base,3,44,0,7,3.0,3,0,10,10,zero,
happo,base,3,44,1,7,4.0,4,0,1,1,zero,
happo,base,3,44,2,7,13.0,13,0,1,1,zero,
happo,base,3,45,0,7,2.0,2,0,6,6,zero,
happo,base,3,45,1,7,1.0,0,1,15,15,zero,
happo,base,3,45,2,7,2.0,0,2,1,1,zero,
happo,base,3,46,0,6,6.0,6,0,6,6,zero,
happo,base,3,46,1,6,6.0,0,6,3,3,zero,
happo,base,3,46,2,6,5.0,0,5,20,20,zero,
happo,base,3,47,0,6,6.0,6,0,6,6,zero,
happo,base,3,47,1,6,3.0,3,0,15,15,zero,
happo,base,3,47,2,6,20.0,0,20,20,20,zero,
happo,base,3,48,0,6,10.0,10,0,2,2,zero,
happo,base,3,48,1,6,2.0,2,0,15,15,zero,
happo,base,3,48,2,6,34.0,0,34,20,20,zero,
happo,base,3,49,0,6,9.0,9,0,10,10,zero,
happo,base,3,49,1,6,5.0,5,0,3,3,zero,
happo,base,3,49,2,6,36.0,0,36,20,20,zero,
happo,base,3,50,0,6,4.0,4,0,6,6,zero,
happo,base,3,50,1,6,1.0,0,1,15,15,zero,
happo,base,3,50,2,6,31.0,0,31,0,0,zero,
happo,base,3,51,0,6,10.0,10,0,2,2,zero,
happo,base,3,51,1,6,3.0,0,3,3,3,zero,
happo,base,3,51,2,6,14.0,0,14,20,20,zero,
happo,base,3,52,0,6,6.0,6,0,6,6,zero,
happo,base,3,52,1,6,8.0,0,8,0,0,zero,
happo,base,3,52,2,6,6.0,6,0,16,16,zero,
happo,base,3,53,0,6,10.0,10,0,10,10,zero,
happo,base,3,53,1,6,17.0,0,17,0,0,zero,
happo,base,3,53,2,6,26.0,26,0,0,0,zero,
happo,base,3,54,0,8,7.0,7,0,19,19,zero,
happo,base,3,54,1,8,16.0,0,16,0,0,zero,
happo,base,3,54,2,8,26.0,26,0,0,0,zero,
happo,base,3,55,0,8,1.0,0,1,9,9,zero,
happo,base,3,55,1,8,5.0,0,5,18,18,zero,
happo,base,3,55,2,8,28.0,28,0,0,0,zero,
happo,base,3,56,0,8,8.0,0,8,2,2,zero,
happo,base,3,56,1,8,7.0,7,0,18,18,zero,
happo,base,3,56,2,8,26.0,26,0,0,0,zero,
happo,base,3,57,0,7,14.0,0,14,2,2,zero,
happo,base,3,57,1,7,5.0,5,0,0,0,zero,
happo,base,3,57,2,7,26.0,26,0,20,20,zero,
happo,base,3,58,0,7,1.0,0,1,6,6,zero,
happo,base,3,58,1,7,1.0,0,1,0,0,zero,
happo,base,3,58,2,7,26.0,26,0,0,0,zero,
happo,base,3,59,0,7,12.0,12,0,6,6,zero,
happo,base,3,59,1,7,11.0,11,0,12,12,zero,
happo,base,3,59,2,7,14.0,14,0,0,0,zero,
happo,base,3,60,0,8,11.0,11,0,9,9,zero,
happo,base,3,60,1,8,20.0,20,0,12,12,zero,
happo,base,3,60,2,8,2.0,2,0,0,0,zero,
happo,base,3,61,0,7,6.0,6,0,9,9,zero,
happo,base,3,61,1,7,11.0,11,0,12,12,zero,
happo,base,3,61,2,7,10.0,10,0,20,20,zero,
happo,base,3,62,0,7,4.0,4,0,4,4,zero,
happo,base,3,62,1,7,7.0,7,0,3,3,zero,
happo,base,3,62,2,7,7.0,7,0,20,20,zero,
happo,base,3,63,0,8,3.0,3,0,6,6,zero,
happo,base,3,63,1,8,13.0,13,0,1,1,zero,
happo,base,3,63,2,8,6.0,6,0,0,0,zero,
happo,base,3,64,0,9,3.0,3,0,10,10,zero,
happo,base,3,64,1,9,15.0,15,0,1,1,zero,
happo,base,3,64,2,9,5.0,5,0,0,0,zero,
happo,base,3,65,0,9,3.0,3,0,9,9,zero,
happo,base,3,65,1,9,18.0,18,0,15,15,zero,
happo,base,3,65,2,9,10.0,10,0,0,0,zero,
happo,base,3,66,0,8,1.0,0,1,19,19,zero,
happo,base,3,66,1,8,2.0,2,0,15,15,zero,
happo,base,3,66,2,8,15.0,15,0,0,0,zero,
happo,base,3,67,0,8,3.0,0,3,6,6,zero,
happo,base,3,67,1,8,3.0,0,3,15,15,zero,
happo,base,3,67,2,8,-0.0,0,0,20,20,zero,
happo,base,3,68,0,8,1.0,0,1,6,6,zero,
happo,base,3,68,1,8,8.0,0,8,3,3,zero,
happo,base,3,68,2,8,3.0,0,3,20,20,zero,
happo,base,3,69,0,6,2.0,2,0,6,6,zero,
happo,base,3,69,1,6,1.0,1,0,5,5,zero,
happo,base,3,69,2,6,8.0,0,8,0,0,zero,
happo,base,3,70,0,6,15.0,15,0,2,2,zero,
happo,base,3,70,1,6,14.0,14,0,15,15,zero,
happo,base,3,70,2,6,23.0,0,23,0,0,zero,
happo,base,3,71,0,5,13.0,13,0,10,10,zero,
happo,base,3,71,1,5,19.0,19,0,3,3,zero,
happo,base,3,71,2,5,6.0,0,6,20,20,zero,
happo,base,3,72,0,5,9.0,9,0,6,6,zero,
happo,base,3,72,1,5,13.0,13,0,3,3,zero,
happo,base,3,72,2,5,11.0,11,0,0,0,zero,
happo,base,3,73,0,5,18.0,18,0,0,0,zero,
happo,base,3,73,1,5,13.0,13,0,3,3,zero,
happo,base,3,73,2,5,8.0,8,0,0,0,zero,
happo,base,3,74,0,5,15.0,15,0,0,0,zero,
happo,base,3,74,1,5,13.0,13,0,0,0,zero,
happo,base,3,74,2,5,8.0,8,0,0,0,zero,
happo,base,3,75,0,7,18.0,18,0,2,2,zero,
happo,base,3,75,1,7,31.0,31,0,0,0,zero,
happo,base,3,75,2,7,28.0,28,0,0,0,zero,
happo,base,3,76,0,6,18.0,18,0,9,9,zero,
happo,base,3,76,1,6,31.0,31,0,0,0,zero,
happo,base,3,76,2,6,28.0,28,0,0,0,zero,
happo,base,3,77,0,6,12.0,12,0,3,3,zero,
happo,base,3,77,1,6,31.0,31,0,1,1,zero,
happo,base,3,77,2,6,27.0,27,0,0,0,zero,
happo,base,3,78,0,6,6.0,6,0,9,9,zero,
happo,base,3,78,1,6,22.0,22,0,1,1,zero,
happo,base,3,78,2,6,26.0,26,0,0,0,zero,
happo,base,3,79,0,5,3.0,3,0,3,3,zero,
happo,base,3,79,1,5,19.0,19,0,15,15,zero,
happo,base,3,79,2,5,11.0,11,0,0,0,zero,
happo,base,3,80,0,5,7.0,7,0,2,2,zero,
happo,base,3,80,1,5,17.0,17,0,1,1,zero,
happo,base,3,80,2,5,10.0,10,0,1,1,zero,
happo,base,3,81,0,4,6.0,6,0,2,2,zero,
happo,base,3,81,1,4,16.0,16,0,1,1,zero,
happo,base,3,81,2,4,9.0,9,0,20,20,zero,
happo,base,3,82,0,4,11.0,11,0,6,6,zero,
happo,base,3,82,1,4,11.0,11,0,0,0,zero,
happo,base,3,82,2,4,9.0,9,0,0,0,zero,
happo,base,3,83,0,4,10.0,10,0,2,2,zero,
happo,base,3,83,1,4,24.0,24,0,1,1,zero,
happo,base,3,83,2,4,8.0,8,0,0,0,zero,
happo,base,3,84,0,4,8.0,8,0,2,2,zero,
happo,base,3,84,1,4,23.0,23,0,1,1,zero,
happo,base,3,84,2,4,8.0,8,0,0,0,zero,
happo,base,3,85,0,3,7.0,7,0,2,2,zero,
happo,base,3,85,1,3,22.0,22,0,1,1,zero,
happo,base,3,85,2,3,27.0,27,0,0,0,zero,
happo,base,3,86,0,3,10.0,10,0,2,2,zero,
happo,base,3,86,1,3,20.0,20,0,1,1,zero,
happo,base,3,86,2,3,26.0,26,0,0,0,zero,
happo,base,3,87,0,3,9.0,9,0,0,0,zero,
happo,base,3,87,1,3,21.0,21,0,1,1,zero,
happo,base,3,87,2,3,25.0,25,0,0,0,zero,
happo,base,3,88,0,3,8.0,8,0,2,2,zero,
happo,base,3,88,1,3,20.0,20,0,0,0,zero,
happo,base,3,88,2,3,25.0,25,0,0,0,zero,
happo,base,3,89,0,3,7.0,7,0,2,2,zero,
happo,base,3,89,1,3,19.0,19,0,0,0,zero,
happo,base,3,89,2,3,25.0,25,0,0,0,zero,
happo,base,3,90,0,2,7.0,7,0,2,2,zero,
happo,base,3,90,1,2,18.0,18,0,1,1,zero,
happo,base,3,90,2,2,24.0,24,0,0,0,zero,
happo,base,3,91,0,3,4.0,4,0,0,0,zero,
happo,base,3,91,1,3,19.0,19,0,1,1,zero,
happo,base,3,91,2,3,23.0,23,0,0,0,zero,
happo,base,3,92,0,2,4.0,4,0,6,6,zero,
happo,base,3,92,1,2,13.0,13,0,0,0,zero,
happo,base,3,92,2,2,23.0,23,0,0,0,zero,
happo,base,3,93,0,3,3.0,3,0,2,2,zero,
happo,base,3,93,1,3,11.0,11,0,1,1,zero,
happo,base,3,93,2,3,22.0,22,0,0,0,zero,
happo,base,3,94,0,3,2.0,2,0,2,2,zero,
happo,base,3,94,1,3,10.0,10,0,1,1,zero,
happo,base,3,94,2,3,21.0,21,0,0,0,zero,
happo,base,3,95,0,3,1.0,0,1,2,2,zero,
happo,base,3,95,1,3,9.0,9,0,1,1,zero,
happo,base,3,95,2,3,20.0,20,0,0,0,zero,
happo,base,3,96,0,3,2.0,2,0,6,6,zero,
happo,base,3,96,1,3,3.0,3,0,1,1,zero,
happo,base,3,96,2,3,19.0,19,0,0,0,zero,
happo,base,3,97,0,2,2.0,2,0,0,0,zero,
happo,base,3,97,1,2,4.0,4,0,15,15,zero,
happo,base,3,97,2,2,4.0,4,0,0,0,zero,
happo,base,3,98,0,2,2.0,2,0,0,0,zero,
happo,base,3,98,1,2,5.0,5,0,1,1,zero,
happo,base,3,98,2,2,3.0,3,0,1,1,zero,
happo,base,3,99,0,2,2.0,2,0,0,0,zero,
happo,base,3,99,1,2,6.0,6,0,0,0,zero,
happo,base,3,99,2,2,3.0,3,0,20,20,zero,
happo,base,3,100,0,3,5.0,5,0,2,2,zero,
happo,base,3,100,1,3,5.0,5,0,0,0,zero,
happo,base,3,100,2,3,3.0,3,0,3,3,zero,
happo,base,3,101,0,3,2.0,2,0,6,6,zero,
happo,base,3,101,1,3,14.0,14,0,0,0,zero,
happo,base,3,101,2,3,3.0,3,0,0,0,zero,
happo,base,3,102,0,2,-0.0,0,0,2,2,zero,
happo,base,3,102,1,2,13.0,13,0,1,1,zero,
happo,base,3,102,2,2,3.0,3,0,0,0,zero,
happo,base,3,103,0,2,2.0,0,2,0,0,zero,
happo,base,3,103,1,2,13.0,13,0,1,1,zero,
happo,base,3,103,2,2,22.0,22,0,0,0,zero,
happo,base,3,104,0,2,2.0,0,2,0,0,zero,
happo,base,3,104,1,2,13.0,13,0,1,1,zero,
happo,base,3,104,2,2,24.0,24,0,0,0,zero,
happo,base,3,105,0,2,2.0,2,0,6,6,zero,
happo,base,3,105,1,2,7.0,7,0,0,0,zero,
happo,base,3,105,2,2,24.0,24,0,0,0,zero,
happo,base,3,106,0,2,2.0,2,0,0,0,zero,
happo,base,3,106,1,2,8.0,8,0,15,15,zero,
happo,base,3,106,2,2,9.0,9,0,0,0,zero,
happo,base,3,107,0,2,-0.0,0,0,6,6,zero,
happo,base,3,107,1,2,3.0,3,0,0,0,zero,
happo,base,3,107,2,2,9.0,9,0,1,1,zero,
happo,base,3,108,0,2,2.0,0,2,0,0,zero,
happo,base,3,108,1,2,4.0,4,0,1,1,zero,
happo,base,3,108,2,2,8.0,8,0,1,1,zero,
happo,base,3,109,0,1,3.0,3,0,0,0,zero,
happo,base,3,109,1,1,4.0,4,0,1,1,zero,
happo,base,3,109,2,1,7.0,7,0,1,1,zero,
happo,base,3,110,0,1,2.0,2,0,0,0,zero,
happo,base,3,110,1,1,19.0,19,0,0,0,zero,
happo,base,3,110,2,1,7.0,7,0,1,1,zero,
happo,base,3,111,0,2,6.0,6,0,0,0,zero,
happo,base,3,111,1,2,19.0,19,0,0,0,zero,
happo,base,3,111,2,2,8.0,8,0,0,0,zero,
happo,base,3,112,0,2,4.0,4,0,2,2,zero,
happo,base,3,112,1,2,18.0,18,0,0,0,zero,
happo,base,3,112,2,2,9.0,9,0,0,0,zero,
happo,base,3,113,0,2,2.0,2,0,0,0,zero,
happo,base,3,113,1,2,19.0,19,0,0,0,zero,
happo,base,3,113,2,2,10.0,10,0,0,0,zero,
happo,base,3,114,0,2,-0.0,0,0,6,6,zero,
happo,base,3,114,1,2,13.0,13,0,0,0,zero,
happo,base,3,114,2,2,11.0,11,0,0,0,zero,
happo,base,3,115,0,2,2.0,0,2,2,2,zero,
happo,base,3,115,1,2,11.0,11,0,1,1,zero,
happo,base,3,115,2,2,10.0,10,0,0,0,zero,
happo,base,3,116,0,2,2.0,0,2,0,0,zero,
happo,base,3,116,1,2,11.0,11,0,1,1,zero,
happo,base,3,116,2,2,9.0,9,0,0,0,zero,
happo,base,3,117,0,2,4.0,0,4,2,2,zero,
happo,base,3,117,1,2,9.0,9,0,1,1,zero,
happo,base,3,117,2,2,8.0,8,0,1,1,zero,
happo,base,3,118,0,2,-0.0,0,0,6,6,zero,
happo,base,3,118,1,2,3.0,3,0,1,1,zero,
happo,base,3,118,2,2,7.0,7,0,1,1,zero,
happo,base,3,119,0,2,-0.0,0,0,0,0,zero,
happo,base,3,119,1,2,4.0,4,0,15,15,zero,
happo,base,3,119,2,2,8.0,0,8,20,20,zero,
happo,base,3,120,0,2,2.0,0,2,0,0,zero,
happo,base,3,120,1,2,5.0,5,0,1,1,zero,
happo,base,3,120,2,2,9.0,0,9,20,20,zero,
happo,base,3,121,0,2,2.0,0,2,6,6,zero,
happo,base,3,121,1,2,-0.0,0,0,0,0,zero,
happo,base,3,121,2,2,8.0,0,8,0,0,zero,
happo,base,3,122,0,1,3.0,3,0,0,0,zero,
happo,base,3,122,1,1,1.0,1,0,1,1,zero,
happo,base,3,122,2,1,8.0,0,8,0,0,zero,
happo,base,3,123,0,1,2.0,2,0,0,0,zero,
happo,base,3,123,1,1,8.0,8,0,1,1,zero,
happo,base,3,123,2,1,11.0,11,0,0,0,zero,
happo,base,3,124,0,2,-0.0,0,0,0,0,zero,
happo,base,3,124,1,2,8.0,8,0,0,0,zero,
happo,base,3,124,2,2,31.0,31,0,0,0,zero,
happo,base,3,125,0,2,4.0,4,0,6,6,zero,
happo,base,3,125,1,2,3.0,3,0,0,0,zero,
happo,base,3,125,2,2,31.0,31,0,0,0,zero,
happo,base,3,126,0,1,3.0,3,0,0,0,zero,
happo,base,3,126,1,1,4.0,4,0,1,1,zero,
happo,base,3,126,2,1,30.0,30,0,0,0,zero,
happo,base,3,127,0,2,1.0,1,0,0,0,zero,
happo,base,3,127,1,2,13.0,13,0,1,1,zero,
happo,base,3,127,2,2,29.0,29,0,0,0,zero,
happo,base,3,128,0,2,1.0,0,1,0,0,zero,
happo,base,3,128,1,2,13.0,13,0,0,0,zero,
happo,base,3,128,2,2,29.0,29,0,0,0,zero,
happo,base,3,129,0,1,4.0,4,0,6,6,zero,
happo,base,3,129,1,1,7.0,7,0,0,0,zero,
happo,base,3,129,2,1,29.0,29,0,0,0,zero,
happo,base,3,130,0,1,3.0,3,0,0,0,zero,
happo,base,3,130,1,1,8.0,8,0,1,1,zero,
happo,base,3,130,2,1,28.0,28,0,0,0,zero,
happo,base,3,131,0,1,2.0,2,0,0,0,zero,
happo,base,3,131,1,1,9.0,9,0,1,1,zero,
happo,base,3,131,2,1,27.0,27,0,0,0,zero,
happo,base,3,132,0,1,1.0,1,0,0,0,zero,
happo,base,3,132,1,1,9.0,9,0,1,1,zero,
happo,base,3,132,2,1,26.0,26,0,0,0,zero,
happo,base,3,133,0,2,5.0,5,0,0,0,zero,
happo,base,3,133,1,2,9.0,9,0,0,0,zero,
happo,base,3,133,2,2,26.0,26,0,0,0,zero,
happo,base,3,134,0,2,3.0,3,0,6,6,zero,
happo,base,3,134,1,2,4.0,4,0,0,0,zero,
happo,base,3,134,2,2,26.0,26,0,0,0,zero,
happo,base,3,135,0,2,1.0,1,0,0,0,zero,
happo,base,3,135,1,2,5.0,5,0,1,1,zero,
happo,base,3,135,2,2,25.0,25,0,0,0,zero,
happo,base,3,136,0,2,1.0,0,1,0,0,zero,
happo,base,3,136,1,2,6.0,6,0,1,1,zero,
happo,base,3,136,2,2,24.0,24,0,0,0,zero,
happo,base,3,137,0,2,3.0,0,3,6,6,zero,
happo,base,3,137,1,2,-0.0,0,0,0,0,zero,
happo,base,3,137,2,2,24.0,24,0,0,0,zero,
happo,base,3,138,0,2,1.0,1,0,0,0,zero,
happo,base,3,138,1,2,-0.0,0,0,15,15,zero,
happo,base,3,138,2,2,9.0,9,0,0,0,zero,
happo,base,3,139,0,2,1.0,0,1,6,6,zero,
happo,base,3,139,1,2,5.0,0,5,1,1,zero,
happo,base,3,139,2,2,8.0,8,0,1,1,zero,
happo,base,3,140,0,3,4.0,0,4,6,6,zero,
happo,base,3,140,1,3,10.0,0,10,15,15,zero,
happo,base,3,140,2,3,7.0,0,7,20,20,zero,
happo,base,3,141,0,2,-0.0,0,0,6,6,zero,
happo,base,3,141,1,2,16.0,0,16,15,15,zero,
happo,base,3,141,2,2,22.0,0,22,20,20,zero,
happo,base,3,142,0,3,3.0,0,3,10,10,zero,
happo,base,3,142,1,3,11.0,0,11,15,15,zero,
happo,base,3,142,2,3,37.0,0,37,20,20,zero,
happo,base,3,143,0,3,5.0,0,5,6,6,zero,
happo,base,3,143,1,3,16.0,0,16,18,18,zero,
happo,base,3,143,2,3,54.0,0,54,20,20,zero,
happo,base,3,144,0,3,7.0,0,7,6,6,zero,
happo,base,3,144,1,3,14.0,0,14,18,18,zero,
happo,base,3,144,2,3,52.0,0,52,20,20,zero,
happo,base,3,145,0,3,10.0,0,10,6,6,zero,
happo,base,3,145,1,3,20.0,0,20,11,11,zero,
happo,base,3,145,2,3,43.0,0,43,20,20,zero,
happo,base,3,146,0,3,2.0,2,0,6,6,zero,
happo,base,3,146,1,3,26.0,0,26,0,0,zero,
happo,base,3,146,2,3,23.0,0,23,20,20,zero,
happo,base,3,147,0,4,1.0,0,1,6,6,zero,
happo,base,3,147,1,4,31.0,0,31,0,0,zero,
happo,base,3,147,2,4,3.0,0,3,0,0,zero,
happo,base,3,148,0,4,3.0,3,0,6,6,zero,
happo,base,3,148,1,4,17.0,0,17,0,0,zero,
happo,base,3,148,2,4,17.0,17,0,0,0,zero,
happo,base,3,149,0,4,1.0,0,1,2,2,zero,
happo,base,3,149,1,4,1.0,1,0,0,0,zero,
happo,base,3,149,2,4,37.0,37,0,0,0,zero,
happo,base,3,150,0,4,5.0,0,5,0,0,zero,
happo,base,3,150,1,4,21.0,21,0,12,12,zero,
happo,base,3,150,2,4,45.0,45,0,0,0,zero,
happo,base,3,151,0,4,8.0,0,8,0,0,zero,
happo,base,3,151,1,4,41.0,41,0,0,0,zero,
happo,base,3,151,2,4,45.0,45,0,1,1,zero,
happo,base,3,152,0,3,9.0,9,0,6,6,zero,
happo,base,3,152,1,3,38.0,38,0,0,0,zero,
happo,base,3,152,2,3,45.0,45,0,0,0,zero,
happo,base,3,153,0,3,25.0,25,0,0,0,zero,
happo,base,3,153,1,3,38.0,38,0,0,0,zero,
happo,base,3,153,2,3,45.0,45,0,0,0,zero,
happo,base,3,154,0,3,22.0,22,0,0,0,zero,
happo,base,3,154,1,3,50.0,50,0,0,0,zero,
happo,base,3,154,2,3,45.0,45,0,0,0,zero,
happo,base,3,155,0,4,18.0,18,0,0,0,zero,
happo,base,3,155,1,4,50.0,50,0,0,0,zero,
happo,base,3,155,2,4,46.0,46,0,0,0,zero,
happo,base,3,156,0,4,20.0,20,0,0,0,zero,
happo,base,3,156,1,4,50.0,50,0,0,0,zero,
happo,base,3,156,2,4,46.0,46,0,0,0,zero,
happo,base,3,157,0,4,16.0,16,0,2,2,zero,
happo,base,3,157,1,4,48.0,48,0,0,0,zero,
happo,base,3,157,2,4,46.0,46,0,0,0,zero,
happo,base,3,158,0,4,12.0,12,0,2,2,zero,
happo,base,3,158,1,4,46.0,46,0,0,0,zero,
happo,base,3,158,2,4,46.0,46,0,0,0,zero,
happo,base,3,159,0,4,8.0,8,0,9,9,zero,
happo,base,3,159,1,4,37.0,37,0,0,0,zero,
happo,base,3,159,2,4,46.0,46,0,0,0,zero,
happo,base,3,160,0,4,4.0,4,0,1,1,zero,
happo,base,3,160,1,4,36.0,36,0,1,1,zero,
happo,base,3,160,2,4,45.0,45,0,0,0,zero,
happo,base,3,161,0,4,2.0,2,0,2,2,zero,
happo,base,3,161,1,4,34.0,34,0,1,1,zero,
happo,base,3,161,2,4,44.0,44,0,0,0,zero,
happo,base,3,162,0,3,1.0,1,0,2,2,zero,
happo,base,3,162,1,3,32.0,32,0,1,1,zero,
happo,base,3,162,2,3,43.0,43,0,0,0,zero,
happo,base,3,163,0,4,6.0,6,0,6,6,zero,
happo,base,3,163,1,4,26.0,26,0,1,1,zero,
happo,base,3,163,2,4,42.0,42,0,0,0,zero,
happo,base,3,164,0,3,4.0,4,0,0,0,zero,
happo,base,3,164,1,3,27.0,27,0,1,1,zero,
happo,base,3,164,2,3,41.0,41,0,0,0,zero,
happo,base,3,165,0,3,3.0,3,0,6,6,zero,
happo,base,3,165,1,3,22.0,22,0,1,1,zero,
happo,base,3,165,2,3,40.0,40,0,0,0,zero,
happo,base,3,166,0,3,2.0,2,0,2,2,zero,
happo,base,3,166,1,3,21.0,21,0,1,1,zero,
happo,base,3,166,2,3,39.0,39,0,0,0,zero,
happo,base,3,167,0,3,5.0,5,0,0,0,zero,
happo,base,3,167,1,3,22.0,22,0,1,1,zero,
happo,base,3,167,2,3,38.0,38,0,0,0,zero,
happo,base,3,168,0,3,2.0,2,0,2,2,zero,
happo,base,3,168,1,3,21.0,21,0,1,1,zero,
happo,base,3,168,2,3,37.0,37,0,0,0,zero,
happo,base,3,169,0,3,5.0,5,0,6,6,zero,
happo,base,3,169,1,3,16.0,16,0,1,1,zero,
happo,base,3,169,2,3,36.0,36,0,0,0,zero,
happo,base,3,170,0,4,3.0,3,0,2,2,zero,
happo,base,3,170,1,4,15.0,15,0,1,1,zero,
happo,base,3,170,2,4,35.0,35,0,0,0,zero,
happo,base,3,171,0,4,1.0,0,1,6,6,zero,
happo,base,3,171,1,4,10.0,10,0,1,1,zero,
happo,base,3,171,2,4,34.0,34,0,0,0,zero,
happo,base,3,172,0,4,3.0,0,3,6,6,zero,
happo,base,3,172,1,4,5.0,5,0,15,15,zero,
happo,base,3,172,2,4,19.0,19,0,0,0,zero,
happo,base,3,173,0,4,1.0,0,1,2,2,zero,
happo,base,3,173,1,4,4.0,4,0,1,1,zero,
happo,base,3,173,2,4,18.0,18,0,1,1,zero,
happo,base,3,174,0,4,3.0,0,3,6,6,zero,
happo,base,3,174,1,4,1.0,0,1,1,1,zero,
happo,base,3,174,2,4,17.0,17,0,0,0,zero,
happo,base,3,175,0,4,1.0,0,1,6,6,zero,
happo,base,3,175,1,4,6.0,0,6,1,1,zero,
happo,base,3,175,2,4,16.0,16,0,0,0,zero,
happo,base,3,176,0,4,1.0,1,0,10,10,zero,
happo,base,3,176,1,4,1.0,0,1,15,15,zero,
happo,base,3,176,2,4,1.0,1,0,0,0,zero,
happo,base,3,177,0,4,1.0,0,1,2,2,zero,
happo,base,3,177,1,4,2.0,0,2,1,1,zero,
happo,base,3,177,2,4,1.0,1,0,16,16,zero,
happo,base,3,178,0,4,-0.0,0,0,0,0,zero,
happo,base,3,178,1,4,1.0,0,1,5,5,zero,
happo,base,3,178,2,4,4.0,0,4,2,2,zero,
happo,base,3,179,0,4,3.0,0,3,6,6,zero,
happo,base,3,179,1,4,6.0,0,6,1,1,zero,
happo,base,3,179,2,4,5.0,0,5,1,1,zero,
happo,base,3,180,0,5,7.0,7,0,6,6,zero,
happo,base,3,180,1,5,3.0,3,0,5,5,zero,
happo,base,3,180,2,5,10.0,0,10,0,0,zero,
happo,base,3,181,0,5,3.0,3,0,2,2,zero,
happo,base,3,181,1,5,2.0,2,0,15,15,zero,
happo,base,3,181,2,5,9.0,0,9,20,20,zero,
happo,base,3,182,0,5,1.0,0,1,6,6,zero,
happo,base,3,182,1,5,3.0,0,3,3,3,zero,
happo,base,3,182,2,5,10.0,0,10,20,20,zero,
happo,base,3,183,0,5,5.0,0,5,6,6,zero,
happo,base,3,183,1,5,9.0,0,9,15,15,zero,
happo,base,3,183,2,5,24.0,0,24,0,0,zero,
happo,base,3,184,0,5,2.0,2,0,10,10,zero,
happo,base,3,184,1,5,19.0,0,19,15,15,zero,
happo,base,3,184,2,5,39.0,0,39,20,20,zero,
happo,base,3,185,0,5,1.0,0,1,19,19,zero,
happo,base,3,185,1,5,22.0,0,22,15,15,zero,
happo,base,3,185,2,5,34.0,0,34,20,20,zero,
happo,base,3,186,0,5,3.0,0,3,10,10,zero,
happo,base,3,186,1,5,30.0,0,30,15,15,zero,
happo,base,3,186,2,5,29.0,0,29,20,20,zero,
happo,base,3,187,0,6,9.0,0,9,10,10,zero,
happo,base,3,187,1,6,39.0,0,39,18,18,zero,
happo,base,3,187,2,6,47.0,0,47,20,20,zero,
happo,base,3,188,0,6,15.0,0,15,10,10,zero,
happo,base,3,188,1,6,49.0,0,49,18,18,zero,
happo,base,3,188,2,6,45.0,0,45,20,20,zero,
happo,base,3,189,0,5,4.0,0,4,10,10,zero,
happo,base,3,189,1,5,39.0,0,39,3,3,zero,
happo,base,3,189,2,5,28.0,0,28,20,20,zero,
happo,base,3,190,0,6,8.0,0,8,6,6,zero,
happo,base,3,190,1,6,25.0,0,25,0,0,zero,
happo,base,3,190,2,6,8.0,0,8,0,0,zero,
happo,base,3,191,0,7,14.0,0,14,0,0,zero,
happo,base,3,191,1,7,25.0,0,25,0,0,zero,
happo,base,3,191,2,7,12.0,12,0,0,0,zero,
happo,base,3,192,0,7,21.0,0,21,6,6,zero,
happo,base,3,192,1,7,11.0,0,11,0,0,zero,
happo,base,3,192,2,7,32.0,32,0,0,0,zero,
happo,base,3,193,0,7,8.0,0,8,6,6,zero,
happo,base,3,193,1,7,3.0,3,0,0,0,zero,
happo,base,3,193,2,7,52.0,52,0,0,0,zero,
happo,base,3,194,0,6,6.0,6,0,6,6,zero,
happo,base,3,194,1,6,17.0,17,0,18,18,zero,
happo,base,3,194,2,6,34.0,34,0,0,0,zero,
happo,base,3,195,0,6,-0.0,0,0,0,0,zero,
happo,base,3,195,1,6,25.0,25,0,0,0,zero,
happo,base,3,195,2,6,34.0,34,0,1,1,zero,
happo,base,3,196,0,5,15.0,15,0,6,6,zero,
happo,base,3,196,1,5,19.0,19,0,0,0,zero,
happo,base,3,196,2,5,34.0,34,0,0,0,zero,
happo,base,3,197,0,5,27.0,27,0,0,0,zero,
happo,base,3,197,1,5,19.0,19,0,1,1,zero,
happo,base,3,197,2,5,33.0,33,0,0,0,zero,
happo,base,3,198,0,5,28.0,28,0,0,0,zero,
happo,base,3,198,1,5,37.0,37,0,0,0,zero,
happo,base,3,198,2,5,33.0,33,0,0,0,zero,
happo,base,3,199,0,5,23.0,23,0,2,2,zero,
happo,base,3,199,1,5,35.0,35,0,0,0,zero,
happo,base,3,199,2,5,34.0,34,0,0,0,zero,
happo,base,3,200,0,5,24.0,24,0,2,2,zero,
happo,base,3,200,1,5,33.0,33,0,0,0,zero,
happo,base,3,200,2,5,34.0,34,0,0,0,zero,
happo,shock,0,1,0,10,10.0,10,0,10,10,zero,
happo,shock,0,1,1,10,10.0,10,0,15,15,zero,
happo,shock,0,1,2,10,5.0,5,0,0,0,zero,
happo,shock,0,2,0,9,11.0,11,0,10,10,zero,
happo,shock,0,2,1,9,10.0,10,0,1,1,zero,
happo,shock,0,2,2,9,14.0,14,0,20,20,zero,
happo,shock,0,3,0,9,12.0,12,0,6,6,zero,
happo,shock,0,3,1,9,14.0,14,0,15,15,zero,
happo,shock,0,3,2,9,9.0,9,0,3,3,zero,
happo,shock,0,4,0,9,13.0,13,0,10,10,zero,
happo,shock,0,4,1,9,14.0,14,0,1,1,zero,
happo,shock,0,4,2,9,18.0,18,0,20,20,zero,
happo,shock,0,5,0,8,15.0,15,0,6,6,zero,
happo,shock,0,5,1,8,23.0,23,0,15,15,zero,
happo,shock,0,5,2,8,3.0,3,0,0,0,zero,
happo,shock,0,6,0,7,18.0,18,0,9,9,zero,
happo,shock,0,6,1,7,15.0,15,0,1,1,zero,
happo,shock,0,6,2,7,22.0,22,0,16,16,zero,
happo,shock,0,7,0,7,17.0,17,0,4,4,zero,
happo,shock,0,7,1,7,26.0,26,0,1,1,zero,
happo,shock,0,7,2,7,24.0,24,0,0,0,zero,
happo,shock,0,8,0,8,19.0,19,0,4,4,zero,
happo,shock,0,8,1,8,23.0,23,0,1,1,zero,
happo,shock,0,8,2,8,43.0,43,0,0,0,zero,
happo,shock,0,9,0,7,18.0,18,0,6,6,zero,
happo,shock,0,9,1,7,32.0,32,0,1,1,zero,
happo,shock,0,9,2,7,42.0,42,0,0,0,zero,
happo,shock,0,10,0,7,20.0,20,0,4,4,zero,
happo,shock,0,10,1,7,29.0,29,0,1,1,zero,
happo,shock,0,10,2,7,57.0,57,0,0,0,zero,
happo,shock,0,11,0,7,17.0,17,0,4,4,zero,
happo,shock,0,11,1,7,26.0,26,0,1,1,zero,
happo,shock,0,11,2,7,56.0,56,0,0,0,zero,
happo,shock,0,12,0,7,14.0,14,0,4,4,zero,
happo,shock,0,12,1,7,23.0,23,0,1,1,zero,
happo,shock,0,12,2,7,55.0,55,0,0,0,zero,
happo,shock,0,13,0,8,12.0,12,0,9,9,zero,
happo,shock,0,13,1,8,15.0,15,0,1,1,zero,
happo,shock,0,13,2,8,54.0,54,0,0,0,zero,
happo,shock,0,14,0,8,8.0,8,0,9,9,zero,
happo,shock,0,14,1,8,7.0,7,0,15,15,zero,
happo,shock,0,14,2,8,39.0,39,0,0,0,zero,
happo,shock,0,15,0,9,3.0,3,0,9,9,zero,
happo,shock,0,15,1,9,1.0,0,1,11,11,zero,
happo,shock,0,15,2,9,28.0,28,0,0,0,zero,
happo,shock,0,16,0,8,1.0,0,1,9,9,zero,
happo,shock,0,16,1,8,9.0,0,9,15,15,zero,
happo,shock,0,16,2,8,13.0,13,0,16,16,zero,
happo,shock,0,17,0,8,-0.0,0,0,10,10,zero,
happo,shock,0,17,1,8,18.0,0,18,3,3,zero,
happo,shock,0,17,2,8,10.0,10,0,20,20,zero,
happo,shock,0,18,0,8,1.0,1,0,10,10,zero,
happo,shock,0,18,1,8,13.0,0,13,15,15,zero,
happo,shock,0,18,2,8,5.0,0,5,0,0,zero,
happo,shock,0,19,0,9,-0.0,0,0,6,6,zero,
happo,shock,0,19,1,9,8.0,0,8,18,18,zero,
happo,shock,0,19,2,9,23.0,0,23,20,20,zero,
happo,shock,0,20,0,9,8.0,0,8,10,10,zero,
happo,shock,0,20,1,9,3.0,0,3,18,18,zero,
happo,shock,0,20,2,9,25.0,0,25,20,20,zero,
happo,shock,0,21,0,8,15.0,0,15,6,6,zero,
happo,shock,0,21,1,8,6.0,0,6,18,18,zero,
happo,shock,0,21,2,8,23.0,0,23,20,20,zero,
happo,shock,0,22,0,10,10.0,0,10,10,10,zero,
happo,shock,0,22,1,10,6.0,0,6,3,3,zero,
happo,shock,0,22,2,10,26.0,0,26,20,20,zero,
happo,shock,0,23,0,10,9.0,0,9,10,10,zero,
happo,shock,0,23,1,10,16.0,0,16,18,18,zero,
happo,shock,0,23,2,10,24.0,0,24,0,0,zero,
happo,shock,0,24,0,9,3.0,0,3,19,19,zero,
happo,shock,0,24,1,9,19.0,0,19,3,3,zero,
happo,shock,0,24,2,9,7.0,0,7,20,20,zero,
happo,shock,0,25,0,8,8.0,0,8,10,10,zero,
happo,shock,0,25,1,8,9.0,0,9,18,18,zero,
happo,shock,0,25,2,8,5.0,0,5,16,16,zero,
happo,shock,0,26,0,8,6.0,0,6,2,2,zero,
happo,shock,0,26,1,8,11.0,0,11,3,3,zero,
happo,shock,0,26,2,8,12.0,12,0,20,20,zero,
happo,shock,0,27,0,8,14.0,0,14,6,6,zero,
happo,shock,0,27,1,8,3.0,3,0,0,0,zero,
happo,shock,0,27,2,8,12.0,12,0,3,3,zero,
happo,shock,0,28,0,7,5.0,0,5,6,6,zero,
happo,shock,0,28,1,7,17.0,17,0,12,12,zero,
happo,shock,0,28,2,7,20.0,20,0,0,0,zero,
happo,shock,0,29,0,7,8.0,8,0,6,6,zero,
happo,shock,0,29,1,7,31.0,31,0,0,0,zero,
happo,shock,0,29,2,7,36.0,36,0,0,0,zero,
happo,shock,0,30,0,6,2.0,2,0,2,2,zero,
happo,shock,0,30,1,6,37.0,37,0,12,12,zero,
happo,shock,0,30,2,6,44.0,44,0,0,0,zero,
happo,shock,0,31,0,7,12.0,12,0,6,6,zero,
happo,shock,0,31,1,7,31.0,31,0,0,0,zero,
happo,shock,0,31,2,7,47.0,47,0,1,1,zero,
happo,shock,0,32,0,7,11.0,11,0,6,6,zero,
happo,shock,0,32,1,7,37.0,37,0,1,1,zero,
happo,shock,0,32,2,7,46.0,46,0,0,0,zero,
happo,shock,0,33,0,8,9.0,9,0,9,9,zero,
happo,shock,0,33,1,8,28.0,28,0,1,1,zero,
happo,shock,0,33,2,8,45.0,45,0,0,0,zero,
happo,shock,0,34,0,9,2.0,2,0,9,9,zero,
happo,shock,0,34,1,9,31.0,31,0,15,15,zero,
happo,shock,0,34,2,9,30.0,30,0,0,0,zero,
happo,shock,0,35,0,9,1.0,0,1,9,9,zero,
happo,shock,0,35,1,9,22.0,22,0,15,15,zero,
happo,shock,0,35,2,9,16.0,16,0,1,1,zero,
happo,shock,0,36,0,9,4.0,0,4,9,9,zero,
happo,shock,0,36,1,9,14.0,14,0,1,1,zero,
happo,shock,0,36,2,9,15.0,15,0,20,20,zero,
happo,shock,0,37,0,8,3.0,0,3,10,10,zero,
happo,shock,0,37,1,8,5.0,5,0,11,11,zero,
happo,shock,0,37,2,8,4.0,4,0,3,3,zero,
happo,shock,0,38,0,8,2.0,0,2,6,6,zero,
happo,shock,0,38,1,8,14.0,14,0,15,15,zero,
happo,shock,0,38,2,8,11.0,0,11,20,20,zero,
happo,shock,0,39,0,8,1.0,0,1,10,10,zero,
happo,shock,0,39,1,8,19.0,19,0,11,11,zero,
happo,shock,0,39,2,8,21.0,0,21,20,20,zero,
happo,shock,0,40,0,9,1.0,0,1,6,6,zero,
happo,shock,0,40,1,9,14.0,14,0,15,15,zero,
happo,shock,0,40,2,9,16.0,0,16,20,20,zero,
happo,shock,0,41,0,10,1.0,0,1,19,19,zero,
happo,shock,0,41,1,10,6.0,6,0,1,1,zero,
happo,shock,0,41,2,10,14.0,0,14,16,16,zero,
happo,shock,0,42,0,10,5.0,0,5,6,6,zero,
happo,shock,0,42,1,10,4.0,4,0,15,15,zero,
happo,shock,0,42,2,10,9.0,0,9,0,0,zero,
happo,shock,0,43,0,9,4.0,0,4,10,10,zero,
happo,shock,0,43,1,9,5.0,0,5,3,3,zero,
happo,shock,0,43,2,9,8.0,8,0,16,16,zero,
happo,shock,0,44,0,7,5.0,0,5,10,10,zero,
happo,shock,0,44,1,7,5.0,5,0,15,15,zero,
happo,shock,0,44,2,7,13.0,13,0,1,1,zero,
happo,shock,0,45,0,8,6.0,6,0,6,6,zero,
happo,shock,0,45,1,8,2.0,2,0,3,3,zero,
happo,shock,0,45,2,8,26.0,26,0,16,16,zero,
happo,shock,0,46,0,7,5.0,5,0,10,10,zero,
happo,shock,0,46,1,7,12.0,12,0,5,5,zero,
happo,shock,0,46,2,7,21.0,21,0,0,0,zero,
happo,shock,0,47,0,7,3.0,3,0,6,6,zero,
happo,shock,0,47,1,7,18.0,18,0,15,15,zero,
happo,shock,0,47,2,7,22.0,22,0,0,0,zero,
happo,shock,0,48,0,7,11.0,11,0,6,6,zero,
happo,shock,0,48,1,7,27.0,27,0,3,3,zero,
happo,shock,0,48,2,7,20.0,20,0,16,16,zero,
happo,shock,0,49,0,7,10.0,10,0,6,6,zero,
happo,shock,0,49,1,7,24.0,24,0,1,1,zero,
happo,shock,0,49,2,7,35.0,35,0,3,3,zero,
happo,shock,0,50,0,8,12.0,12,0,6,6,zero,
happo,shock,0,50,1,8,23.0,23,0,1,1,zero,
happo,shock,0,50,2,8,34.0,34,0,0,0,zero,
happo,shock,0,51,0,8,10.0,10,0,10,10,zero,
happo,shock,0,51,1,8,28.0,28,0,1,1,zero,
happo,shock,0,51,2,8,33.0,33,0,0,0,zero,
happo,shock,0,52,0,8,8.0,8,0,9,9,zero,
happo,shock,0,52,1,8,22.0,22,0,15,15,zero,
happo,shock,0,52,2,8,34.0,34,0,0,0,zero,
happo,shock,0,53,0,8,6.0,6,0,9,9,zero,
happo,shock,0,53,1,8,14.0,14,0,15,15,zero,
happo,shock,0,53,2,8,22.0,22,0,1,1,zero,
happo,shock,0,54,0,8,4.0,4,0,2,2,zero,
happo,shock,0,54,1,8,13.0,13,0,15,15,zero,
happo,shock,0,54,2,8,7.0,7,0,20,20,zero,
happo,shock,0,55,0,9,5.0,5,0,6,6,zero,
happo,shock,0,55,1,9,8.0,8,0,0,0,zero,
happo,shock,0,55,2,9,7.0,7,0,20,20,zero,
happo,shock,0,56,0,8,6.0,6,0,10,10,zero,
happo,shock,0,56,1,8,13.0,13,0,1,1,zero,
happo,shock,0,56,2,8,6.0,6,0,0,0,zero,
happo,shock,0,57,0,8,7.0,7,0,9,9,zero,
happo,shock,0,57,1,8,19.0,19,0,12,12,zero,
happo,shock,0,57,2,8,5.0,0,5,0,0,zero,
happo,shock,0,58,0,6,3.0,3,0,9,9,zero,
happo,shock,0,58,1,6,25.0,25,0,15,15,zero,
happo,shock,0,58,2,6,-0.0,0,0,0,0,zero,
happo,shock,0,59,0,6,3.0,3,0,2,2,zero,
happo,shock,0,59,1,6,23.0,23,0,15,15,zero,
happo,shock,0,59,2,6,5.0,5,0,20,20,zero,
happo,shock,0,60,0,6,7.0,7,0,6,6,zero,
happo,shock,0,60,1,6,18.0,18,0,0,0,zero,
happo,shock,0,60,2,6,5.0,5,0,20,20,zero,
happo,shock,0,61,0,5,11.0,11,0,6,6,zero,
happo,shock,0,61,1,5,19.0,19,0,0,0,zero,
happo,shock,0,61,2,5,5.0,5,0,0,0,zero,
happo,shock,0,62,0,5,15.0,15,0,2,2,zero,
happo,shock,0,62,1,5,37.0,37,0,1,1,zero,
happo,shock,0,62,2,5,4.0,4,0,0,0,zero,
happo,shock,0,63,0,5,12.0,12,0,2,2,zero,
happo,shock,0,63,1,5,50.0,50,0,0,0,zero,
happo,shock,0,63,2,5,24.0,24,0,0,0,zero,
happo,shock,0,64,0,5,13.0,13,0,2,2,zero,
happo,shock,0,64,1,5,48.0,48,0,0,0,zero,
happo,shock,0,64,2,5,44.0,44,0,0,0,zero,
happo,shock,0,65,0,5,14.0,14,0,6,6,zero,
happo,shock,0,65,1,5,42.0,42,0,0,0,zero,
happo,shock,0,65,2,5,44.0,44,0,0,0,zero,
happo,shock,0,66,0,5,11.0,11,0,2,2,zero,
happo,shock,0,66,1,5,41.0,41,0,1,1,zero,
happo,shock,0,66,2,5,43.0,43,0,0,0,zero,
happo,shock,0,67,0,4,9.0,9,0,9,9,zero,
happo,shock,0,67,1,4,32.0,32,0,1,1,zero,
happo,shock,0,67,2,4,42.0,42,0,0,0,zero,
happo,shock,0,68,0,5,6.0,6,0,3,3,zero,
happo,shock,0,68,1,5,29.0,29,0,1,1,zero,
happo,shock,0,68,2,5,41.0,41,0,0,0,zero,
happo,shock,0,69,0,6,6.0,6,0,3,3,zero,
happo,shock,0,69,1,6,26.0,26,0,1,1,zero,
happo,shock,0,69,2,6,40.0,40,0,0,0,zero,
happo,shock,0,70,0,6,2.0,2,0,6,6,zero,
happo,shock,0,70,1,6,21.0,21,0,1,1,zero,
happo,shock,0,70,2,6,39.0,39,0,0,0,zero,
happo,shock,0,71,0,6,5.0,5,0,6,6,zero,
happo,shock,0,71,1,6,16.0,16,0,15,15,zero,
happo,shock,0,71,2,6,24.0,24,0,0,0,zero,
happo,shock,0,72,0,5,3.0,3,0,9,9,zero,
happo,shock,0,72,1,5,8.0,8,0,1,1,zero,
happo,shock,0,72,2,5,23.0,23,0,0,0,zero,
happo,shock,0,73,0,6,-0.0,0,0,2,2,zero,
happo,shock,0,73,1,6,7.0,7,0,15,15,zero,
happo,shock,0,73,2,6,8.0,8,0,0,0,zero,
happo,shock,0,74,0,6,-0.0,0,0,6,6,zero,
happo,shock,0,74,1,6,2.0,2,0,1,1,zero,
happo,shock,0,74,2,6,7.0,7,0,20,20,zero,
happo,shock,0,75,0,7,1.0,0,1,6,6,zero,
happo,shock,0,75,1,7,11.0,11,0,1,1,zero,
happo,shock,0,75,2,7,6.0,6,0,3,3,zero,
happo,shock,0,76,0,7,1.0,1,0,10,10,zero,
happo,shock,0,76,1,7,2.0,2,0,1,1,zero,
happo,shock,0,76,2,7,5.0,5,0,0,0,zero,
happo,shock,0,77,0,7,4.0,0,4,6,6,zero,
happo,shock,0,77,1,7,11.0,11,0,15,15,zero,
happo,shock,0,77,2,7,10.0,0,10,0,0,zero,
happo,shock,0,78,0,6,4.0,0,4,10,10,zero,
happo,shock,0,78,1,6,2.0,2,0,15,15,zero,
happo,shock,0,78,2,6,5.0,0,5,2,2,zero,
happo,shock,0,79,0,6,4.0,0,4,6,6,zero,
happo,shock,0,79,1,6,3.0,0,3,3,3,zero,
happo,shock,0,79,2,6,5.0,0,5,20,20,zero,
happo,shock,0,80,0,7,1.0,0,1,6,6,zero,
happo,shock,0,80,1,7,8.0,0,8,15,15,zero,
happo,shock,0,80,2,7,20.0,0,20,20,20,zero,
happo,shock,0,81,0,8,3.0,0,3,10,10,zero,
happo,shock,0,81,1,8,13.0,0,13,3,3,zero,
happo,shock,0,81,2,8,23.0,0,23,20,20,zero,
happo,shock,0,82,0,8,1.0,0,1,10,10,zero,
happo,shock,0,82,1,8,3.0,0,3,15,15,zero,
happo,shock,0,82,2,8,36.0,0,36,0,0,zero,
happo,shock,0,83,0,7,5.0,0,5,6,6,zero,
happo,shock,0,83,1,7,6.0,0,6,15,15,zero,
happo,shock,0,83,2,7,31.0,0,31,20,20,zero,
happo,shock,0,84,0,6,10.0,0,10,10,10,zero,
happo,shock,0,84,1,6,16.0,0,16,3,3,zero,
happo,shock,0,84,2,6,14.0,0,14,20,20,zero,
happo,shock,0,85,0,6,11.0,0,11,6,6,zero,
happo,shock,0,85,1,6,22.0,0,22,3,3,zero,
happo,shock,0,85,2,6,3.0,3,0,0,0,zero,
happo,shock,0,86,0,6,3.0,3,0,6,6,zero,
happo,shock,0,86,1,6,26.0,0,26,0,0,zero,
happo,shock,0,86,2,6,3.0,3,0,0,0,zero,
happo,shock,0,87,0,6,-0.0,0,0,19,19,zero,
happo,shock,0,87,1,6,25.0,0,25,0,0,zero,
happo,shock,0,87,2,6,23.0,23,0,0,0,zero,
happo,shock,0,88,0,6,6.0,0,6,9,9,zero,
happo,shock,0,88,1,6,14.0,0,14,18,18,zero,
happo,shock,0,88,2,6,25.0,25,0,0,0,zero,
happo,shock,0,89,0,5,11.0,0,11,2,2,zero,
happo,shock,0,89,1,5,1.0,1,0,18,18,zero,
happo,shock,0,89,2,5,7.0,7,0,16,16,zero,
happo,shock,0,90,0,5,14.0,0,14,0,0,zero,
happo,shock,0,90,1,5,1.0,1,0,0,0,zero,
happo,shock,0,90,2,5,7.0,7,0,20,20,zero,
happo,shock,0,91,0,5,1.0,1,0,6,6,zero,
happo,shock,0,91,1,5,5.0,0,5,0,0,zero,
happo,shock,0,91,2,5,7.0,7,0,0,0,zero,
happo,shock,0,92,0,8,13.0,13,0,6,6,zero,
happo,shock,0,92,1,8,7.0,7,0,12,12,zero,
happo,shock,0,92,2,8,5.0,0,5,0,0,zero,
happo,shock,0,93,0,8,21.0,21,0,2,2,zero,
happo,shock,0,93,1,8,23.0,23,0,12,12,zero,
happo,shock,0,93,2,8,1.0,0,1,0,0,zero,
happo,shock,0,94,0,8,13.0,13,0,9,9,zero,94
happo,shock,0,94,1,8,14.0,14,0,0,0,zero,94
happo,shock,0,94,2,8,19.0,19,0,20,20,zero,94
happo,shock,0,95,0,8,6.0,6,0,9,9,zero,94
happo,shock,0,95,1,8,5.0,5,0,12,12,zero,94
happo,shock,0,95,2,8,7.0,7,0,0,0,zero,94
happo,shock,0,96,0,11,6.0,6,0,9,9,zero,94
happo,shock,0,96,1,11,3.0,3,0,15,15,zero,94
happo,shock,0,96,2,11,8.0,0,8,20,20,zero,94
happo,shock,0,97,0,11,3.0,0,3,19,19,zero,94
happo,shock,0,97,1,11,-0.0,0,0,15,15,zero,94
happo,shock,0,97,2,11,23.0,0,23,20,20,zero,94
happo,shock,0,98,0,11,5.0,0,5,9,9,zero,94
happo,shock,0,98,1,11,8.0,0,8,15,15,zero,94
happo,shock,0,98,2,11,18.0,0,18,20,20,zero,94
happo,shock,0,99,0,12,8.0,0,8,10,10,zero,94
happo,shock,0,99,1,12,6.0,0,6,15,15,zero,94
happo,shock,0,99,2,12,33.0,0,33,20,20,zero,94
happo,shock,0,100,0,12,11.0,0,11,10,10,zero,94
happo,shock,0,100,1,12,9.0,0,9,15,15,zero,94
happo,shock,0,100,2,12,28.0,0,28,20,20,zero,94
happo,shock,0,101,0,12,4.0,0,4,19,19,zero,94
happo,shock,0,101,1,12,28.0,0,28,15,15,zero,94
happo,shock,0,101,2,12,23.0,0,23,16,16,zero,94
happo,shock,0,102,0,11,14.0,0,14,19,19,zero,94
happo,shock,0,102,1,11,27.0,0,27,18,18,zero,94
happo,shock,0,102,2,11,21.0,0,21,16,16,zero,94
happo,shock,0,103,0,11,13.0,0,13,10,10,zero,94
happo,shock,0,103,1,11,37.0,0,37,18,18,zero,94
happo,shock,0,103,2,11,19.0,0,19,20,20,zero,94
happo,shock,0,104,0,12,18.0,0,18,19,19,zero,94
happo,shock,0,104,1,12,36.0,0,36,3,3,zero,94
happo,shock,0,104,2,12,2.0,0,2,20,20,zero,94
happo,shock,0,105,0,11,29.0,0,29,10,10,zero,94
happo,shock,0,105,1,11,26.0,0,26,18,18,zero,94
happo,shock,0,105,2,11,4.0,0,4,1,1,zero,94
happo,shock,0,106,0,8,17.0,0,17,10,10,zero,94
happo,shock,0,106,1,8,16.0,0,16,3,3,zero,94
happo,shock,0,106,2,8,9.0,9,0,20,20,zero,94
happo,shock,0,107,0,8,25.0,0,25,6,6,zero,94
happo,shock,0,107,1,8,2.0,0,2,18,18,zero,94
happo,shock,0,107,2,8,11.0,11,0,16,16,zero,94
happo,shock,0,108,0,9,14.0,0,14,6,6,zero,94
happo,shock,0,108,1,9,12.0,12,0,18,18,zero,94
happo,shock,0,108,2,9,13.0,13,0,20,20,zero,94
happo,shock,0,109,0,9,3.0,0,3,6,6,zero,94
happo,shock,0,109,1,9,22.0,22,0,0,0,zero,94
happo,shock,0,109,2,9,14.0,14,0,20,20,zero,94
happo,shock,0,110,0,11,6.0,6,0,6,6,zero,94
happo,shock,0,110,1,11,23.0,23,0,0,0,zero,94
happo,shock,0,110,2,11,34.0,34,0,0,0,zero,94
happo,shock,0,111,0,11,15.0,15,0,10,10,zero,94
happo,shock,0,111,1,11,31.0,31,0,1,1,zero,94
happo,shock,0,111,2,11,49.0,49,0,0,0,zero,94
happo,shock,0,112,0,11,12.0,12,0,19,19,zero,94
happo,shock,0,112,1,11,30.0,30,0,12,12,zero,94
happo,shock,0,112,2,11,57.0,57,0,0,0,zero,94
happo,shock,0,113,0,9,9.0,9,0,9,9,zero,94
happo,shock,0,113,1,9,21.0,21,0,15,15,zero,94
happo,shock,0,113,2,9,62.0,62,0,0,0,zero,94
happo,shock,0,114,0,11,4.0,4,0,9,9,zero,94
happo,shock,0,114,1,11,12.0,12,0,15,15,zero,94
happo,shock,0,114,2,11,47.0,47,0,0,0,zero,94
happo,shock,0,115,0,7,7.0,7,0,6,6,zero,94
happo,shock,0,115,1,7,7.0,7,0,3,3,zero,94
happo,shock,0,115,2,7,44.0,44,0,16,16,zero,94
happo,shock,0,116,0,6,20.0,20,0,6,6,zero,94
happo,shock,0,116,1,6,13.0,13,0,1,1,zero,94
happo,shock,0,116,2,6,43.0,43,0,0,0,zero,94
happo,shock,0,117,0,7,22.0,22,0,2,2,zero,94
happo,shock,0,117,1,7,26.0,26,0,1,1,zero,94
happo,shock,0,117,2,7,42.0,42,0,0,0,zero,94
happo,shock,0,118,0,7,24.0,24,0,2,2,zero,94
happo,shock,0,118,1,7,39.0,39,0,1,1,zero,94
happo,shock,0,118,2,7,41.0,41,0,0,0,zero,94
happo,shock,0,119,0,7,23.0,23,0,6,6,zero,94
happo,shock,0,119,1,7,36.0,36,0,0,0,zero,94
happo,shock,0,119,2,7,57.0,57,0,0,0,zero,94
happo,shock,0,120,0,6,23.0,23,0,2,2,zero,94
happo,shock,0,120,1,6,35.0,35,0,1,1,zero,94
happo,shock,0,120,2,6,56.0,56,0,0,0,zero,94
happo,shock,0,121,0,6,19.0,19,0,3,3,zero,94
happo,shock,0,121,1,6,33.0,33,0,1,1,zero,94
happo,shock,0,121,2,6,55.0,55,0,0,0,zero,94
happo,shock,0,122,0,6,15.0,15,0,4,4,zero,94
happo,shock,0,122,1,6,30.0,30,0,1,1,zero,94
happo,shock,0,122,2,6,54.0,54,0,0,0,zero,94
happo,shock,0,123,0,6,15.0,15,0,3,3,zero,94
happo,shock,0,123,1,6,27.0,27,0,1,1,zero,94
happo,shock,0,123,2,6,53.0,53,0,0,0,zero,94
happo,shock,0,124,0,7,10.0,10,0,9,9,zero,94
happo,shock,0,124,1,7,19.0,19,0,1,1,zero,94
happo,shock,0,124,2,7,52.0,52,0,0,0,zero,94
happo,shock,0,125,0,8,5.0,5,0,3,3,zero,94
happo,shock,0,125,1,8,17.0,17,0,15,15,zero,94
happo,shock,0,125,2,8,37.0,37,0,0,0,zero,94
happo,shock,0,126,0,7,2.0,2,0,9,9,zero,94
happo,shock,0,126,1,7,9.0,9,0,1,1,zero,94
happo,shock,0,126,2,7,36.0,36,0,0,0,zero,94
happo,shock,0,127,0,8,3.0,0,3,9,9,zero,94
happo,shock,0,127,1,8,1.0,1,0,15,15,zero,94
happo,shock,0,127,2,8,21.0,21,0,0,0,zero,94
happo,shock,0,128,0,7,1.0,0,1,9,9,zero,94
happo,shock,0,128,1,7,7.0,0,7,11,11,zero,94
happo,shock,0,128,2,7,10.0,10,0,16,16,zero,94
happo,shock,0,129,0,8,6.0,0,6,10,10,zero,94
happo,shock,0,129,1,8,2.0,0,2,15,15,zero,94
happo,shock,0,129,2,8,5.0,0,5,20,20,zero,94
happo,shock,0,130,0,7,4.0,0,4,6,6,zero,94
happo,shock,0,130,1,7,7.0,0,7,15,15,zero,94
happo,shock,0,130,2,7,20.0,0,20,20,20,zero,94
happo,shock,0,131,0,6,1.0,0,1,10,10,zero,94
happo,shock,0,131,1,6,2.0,0,2,15,15,zero,94
happo,shock,0,131,2,6,35.0,0,35,20,20,zero,94
happo,shock,0,132,0,6,5.0,0,5,6,6,zero,94
happo,shock,0,132,1,6,3.0,3,0,15,15,zero,94
happo,shock,0,132,2,6,34.0,0,34,20,20,zero,94
happo,shock,0,133,0,5,5.0,5,0,2,2,zero,94
happo,shock,0,133,1,5,11.0,11,0,11,11,zero,94
happo,shock,0,133,2,5,25.0,0,25,20,20,zero,94
happo,shock,0,134,0,7,1.0,0,1,2,2,zero,94
happo,shock,0,134,1,7,9.0,9,0,0,0,zero,94
happo,shock,0,134,2,7,5.0,0,5,16,16,zero,94
happo,shock,0,135,0,6,8.0,8,0,6,6,zero,94
happo,shock,0,135,1,6,3.0,3,0,0,0,zero,94
happo,shock,0,135,2,6,15.0,15,0,0,0,zero,94
happo,shock,0,136,0,6,10.0,10,0,6,6,zero,94
happo,shock,0,136,1,6,13.0,13,0,0,0,zero,94
happo,shock,0,136,2,6,35.0,35,0,0,0,zero,94
happo,shock,0,137,0,7,5.0,5,0,9,9,zero,94
happo,shock,0,137,1,7,24.0,24,0,1,1,zero,94
happo,shock,0,137,2,7,54.0,54,0,0,0,zero,94
happo,shock,0,138,0,7,-0.0,0,0,9,9,zero,94
happo,shock,0,138,1,7,35.0,35,0,12,12,zero,94
happo,shock,0,138,2,7,58.0,58,0,0,0,zero,94
happo,shock,0,139,0,6,-0.0,0,0,2,2,zero,94
happo,shock,0,139,1,6,38.0,38,0,12,12,zero,94
happo,shock,0,139,2,6,46.0,46,0,0,0,zero,94
happo,shock,0,140,0,6,-0.0,0,0,6,6,zero,94
happo,shock,0,140,1,6,32.0,32,0,1,1,zero,94
happo,shock,0,140,2,6,45.0,45,0,1,1,zero,94
happo,shock,0,141,0,5,4.0,4,0,6,6,zero,94
happo,shock,0,141,1,5,27.0,27,0,1,1,zero,94
happo,shock,0,141,2,5,44.0,44,0,0,0,zero,94
happo,shock,0,142,0,5,8.0,8,0,6,6,zero,94
happo,shock,0,142,1,5,33.0,33,0,1,1,zero,94
happo,shock,0,142,2,5,43.0,43,0,0,0,zero,94
happo,shock,0,143,0,5,5.0,5,0,2,2,zero,94
happo,shock,0,143,1,5,43.0,43,0,1,1,zero,94
happo,shock,0,143,2,5,42.0,42,0,0,0,zero,94
happo,shock,0,144,0,4,7.0,7,0,6,6,zero,94
happo,shock,0,144,1,4,38.0,38,0,1,1,zero,94
happo,shock,0,144,2,4,42.0,42,0,0,0,zero,94
happo,shock,0,145,0,4,9.0,9,0,2,2,zero,94
happo,shock,0,145,1,4,37.0,37,0,1,1,zero,94
happo,shock,0,145,2,4,41.0,41,0,0,0,zero,94
happo,shock,0,146,0,4,11.0,11,0,2,2,zero,94
happo,shock,0,146,1,4,36.0,36,0,1,1,zero,94
happo,shock,0,146,2,4,40.0,40,0,0,0,zero,94
happo,shock,0,147,0,3,10.0,10,0,2,2,zero,94
happo,shock,0,147,1,3,35.0,35,0,1,1,zero,94
happo,shock,0,147,2,3,39.0,39,0,0,0,zero,94
happo,shock,0,148,0,4,12.0,12,0,0,0,zero,94
happo,shock,0,148,1,4,36.0,36,0,1,1,zero,94
happo,shock,0,148,2,4,38.0,38,0,0,0,zero,94
happo,shock,0,149,0,4,10.0,10,0,2,2,zero,94
happo,shock,0,149,1,4,35.0,35,0,0,0,zero,94
happo,shock,0,149,2,4,38.0,38,0,0,0,zero,94
happo,shock,0,150,0,4,8.0,8,0,4,4,zero,94
happo,shock,0,150,1,4,32.0,32,0,0,0,zero,94
happo,shock,0,150,2,4,38.0,38,0,0,0,zero,94
happo,shock,0,151,0,4,6.0,6,0,3,3,zero,94
happo,shock,0,151,1,4,30.0,30,0,1,1,zero,94
happo,shock,0,151,2,4,37.0,37,0,0,0,zero,94
happo,shock,0,152,0,5,1.0,1,0,9,9,zero,94
happo,shock,0,152,1,5,22.0,22,0,1,1,zero,94
happo,shock,0,152,2,5,36.0,36,0,0,0,zero,94
happo,shock,0,153,0,4,1.0,0,1,2,2,zero,94
happo,shock,0,153,1,4,20.0,20,0,1,1,zero,94
happo,shock,0,153,2,4,35.0,35,0,0,0,zero,94
happo,shock,0,154,0,4,1.0,0,1,2,2,zero,94
happo,shock,0,154,1,4,18.0,18,0,11,11,zero,94
happo,shock,0,154,2,4,24.0,24,0,0,0,zero,94
happo,shock,0,155,0,4,2.0,0,2,2,2,zero,94
happo,shock,0,155,1,4,17.0,17,0,1,1,zero,94
happo,shock,0,155,2,4,23.0,23,0,0,0,zero,94
happo,shock,0,156,0,4,3.0,3,0,6,6,zero,94
happo,shock,0,156,1,4,12.0,12,0,1,1,zero,94
happo,shock,0,156,2,4,22.0,22,0,0,0,zero,94
happo,shock,0,157,0,3,2.0,2,0,2,2,zero,94
happo,shock,0,157,1,3,11.0,11,0,1,1,zero,94
happo,shock,0,157,2,3,21.0,21,0,0,0,zero,94
happo,shock,0,158,0,3,1.0,1,0,2,2,zero,94
happo,shock,0,158,1,3,20.0,20,0,1,1,zero,94
happo,shock,0,158,2,3,20.0,20,0,0,0,zero,94
happo,shock,0,159,0,3,-0.0,0,0,2,2,zero,94
happo,shock,0,159,1,3,19.0,19,0,0,0,zero,94
happo,shock,0,159,2,3,20.0,20,0,0,0,zero,94
happo,shock,0,160,0,3,3.0,3,0,6,6,zero,94
happo,shock,0,160,1,3,14.0,14,0,1,1,zero,94
happo,shock,0,160,2,3,19.0,19,0,0,0,zero,94
happo,shock,0,161,0,3,2.0,2,0,0,0,zero,94
happo,shock,0,161,1,3,15.0,15,0,1,1,zero,94
happo,shock,0,161,2,3,18.0,18,0,0,0,zero,94
happo,shock,0,162,0,3,1.0,1,0,6,6,zero,94
happo,shock,0,162,1,3,10.0,10,0,1,1,zero,94
happo,shock,0,162,2,3,17.0,17,0,0,0,zero,94
happo,shock,0,163,0,3,-0.0,0,0,0,0,zero,94
happo,shock,0,163,1,3,10.0,10,0,15,15,zero,94
happo,shock,0,163,2,3,2.0,2,0,0,0,zero,94
happo,shock,0,164,0,3,3.0,3,0,2,2,zero,94
happo,shock,0,164,1,3,9.0,9,0,0,0,zero,94
happo,shock,0,164,2,3,2.0,2,0,1,1,zero,94
happo,shock,0,165,0,3,-0.0,0,0,2,2,zero,94
happo,shock,0,165,1,3,8.0,8,0,0,0,zero,94
happo,shock,0,165,2,3,2.0,2,0,20,20,zero,94
happo,shock,0,166,0,3,3.0,3,0,6,6,zero,94
happo,shock,0,166,1,3,3.0,3,0,0,0,zero,94
happo,shock,0,166,2,3,2.0,2,0,0,0,zero,94
happo,shock,0,167,0,2,1.0,1,0,0,0,zero,94
happo,shock,0,167,1,2,18.0,18,0,1,1,zero,94
happo,shock,0,167,2,2,1.0,1,0,0,0,zero,94
happo,shock,0,168,0,2,1.0,1,0,0,0,zero,94
happo,shock,0,168,1,2,18.0,18,0,0,0,zero,94
happo,shock,0,168,2,2,2.0,2,0,0,0,zero,94
happo,shock,0,169,0,2,1.0,1,0,0,0,zero,94
happo,shock,0,169,1,2,18.0,18,0,0,0,zero,94
happo,shock,0,169,2,2,22.0,22,0,0,0,zero,94
happo,shock,0,170,0,2,5.0,5,0,6,6,zero,94
happo,shock,0,170,1,2,12.0,12,0,0,0,zero,94
happo,shock,0,170,2,2,22.0,22,0,0,0,zero,94
happo,shock,0,171,0,2,3.0,3,0,0,0,zero,94
happo,shock,0,171,1,2,13.0,13,0,1,1,zero,94
happo,shock,0,171,2,2,21.0,21,0,0,0,zero,94
happo,shock,0,172,0,2,1.0,1,0,6,6,zero,94
happo,shock,0,172,1,2,7.0,7,0,1,1,zero,94
happo,shock,0,172,2,2,20.0,20,0,0,0,zero,94
happo,shock,0,173,0,2,1.0,0,1,0,0,zero,94
happo,shock,0,173,1,2,7.0,7,0,15,15,zero,94
happo,shock,0,173,2,2,5.0,5,0,0,0,zero,94
happo,shock,0,174,0,2,3.0,3,0,0,0,zero,94
happo,shock,0,174,1,2,7.0,7,0,1,1,zero,94
happo,shock,0,174,2,2,4.0,4,0,1,1,zero,94
happo,shock,0,175,0,2,1.0,1,0,0,0,zero,94
happo,shock,0,175,1,2,8.0,8,0,0,0,zero,94
happo,shock,0,175,2,2,4.0,4,0,20,20,zero,94
happo,shock,0,176,0,2,5.0,5,0,6,6,zero,94
happo,shock,0,176,1,2,3.0,3,0,0,0,zero,94
happo,shock,0,176,2,2,4.0,4,0,3,3,zero,94
happo,shock,0,177,0,2,3.0,3,0,0,0,zero,94
happo,shock,0,177,1,2,18.0,18,0,1,1,zero,94
happo,shock,0,177,2,2,3.0,3,0,0,0,zero,94
happo,shock,0,178,0,2,1.0,1,0,6,6,zero,94
happo,shock,0,178,1,2,13.0,13,0,0,0,zero,94
happo,shock,0,178,2,2,4.0,4,0,0,0,zero,94
happo,shock,0,179,0,2,1.0,0,1,0,0,zero,94
happo,shock,0,179,1,2,13.0,13,0,1,1,zero,94
happo,shock,0,179,2,2,23.0,23,0,0,0,zero,94
happo,shock,0,180,0,2,3.0,3,0,0,0,zero,94
happo,shock,0,180,1,2,13.0,13,0,1,1,zero,94
happo,shock,0,180,2,2,25.0,25,0,0,0,zero,94
happo,shock,0,181,0,2,1.0,1,0,0,0,zero,94
happo,shock,0,181,1,2,14.0,14,0,1,1,zero,94
happo,shock,0,181,2,2,24.0,24,0,0,0,zero,94
happo,shock,0,182,0,2,5.0,5,0,6,6,zero,94
happo,shock,0,182,1,2,8.0,8,0,0,0,zero,94
happo,shock,0,182,2,2,24.0,24,0,0,0,zero,94
happo,shock,0,183,0,2,3.0,3,0,0,0,zero,94
happo,shock,0,183,1,2,9.0,9,0,1,1,zero,94
happo,shock,0,183,2,2,23.0,23,0,0,0,zero,94
happo,shock,0,184,0,2,1.0,1,0,6,6,zero,94
happo,shock,0,184,1,2,4.0,4,0,1,1,zero,94
happo,shock,0,184,2,2,22.0,22,0,0,0,zero,94
happo,shock,0,185,0,1,-0.0,0,0,0,0,zero,94
happo,shock,0,185,1,1,5.0,5,0,15,15,zero,94
happo,shock,0,185,2,1,7.0,7,0,0,0,zero,94
happo,shock,0,186,0,1,5.0,5,0,0,0,zero,94
happo,shock,0,186,1,1,5.0,5,0,1,1,zero,94
happo,shock,0,186,2,1,6.0,6,0,1,1,zero,94
happo,shock,0,187,0,1,4.0,4,0,0,0,zero,94
happo,shock,0,187,1,1,6.0,6,0,0,0,zero,94
happo,shock,0,187,2,1,6.0,6,0,20,20,zero,94
happo,shock,0,188,0,1,9.0,9,0,0,0,zero,94
happo,shock,0,188,1,1,7.0,7,0,0,0,zero,94
happo,shock,0,188,2,1,6.0,6,0,0,0,zero,94
happo,shock,0,189,0,1,8.0,8,0,0,0,zero,94
happo,shock,0,189,1,1,22.0,22,0,0,0,zero,94
happo,shock,0,189,2,1,6.0,6,0,0,0,zero,94
happo,shock,0,190,0,2,6.0,6,0,0,0,zero,94
happo,shock,0,190,1,2,23.0,23,0,0,0,zero,94
happo,shock,0,190,2,2,7.0,7,0,0,0,zero,94
happo,shock,0,191,0,2,4.0,4,0,0,0,zero,94
happo,shock,0,191,1,2,23.0,23,0,0,0,zero,94
happo,shock,0,191,2,2,27.0,27,0,0,0,zero,94
happo,shock,0,192,0,2,2.0,2,0,2,2,zero,94
happo,shock,0,192,1,2,21.0,21,0,0,0,zero,94
happo,shock,0,192,2,2,27.0,27,0,0,0,zero,94
happo,shock,0,193,0,2,-0.0,0,0,2,2,zero,94
happo,shock,0,193,1,2,19.0,19,0,0,0,zero,94
happo,shock,0,193,2,2,27.0,27,0,0,0,zero,94
happo,shock,0,194,0,2,2.0,0,2,2,2,zero,94
happo,shock,0,194,1,2,17.0,17,0,0,0,zero,94
happo,shock,0,194,2,2,27.0,27,0,0,0,zero,94
happo,shock,0,195,0,2,4.0,0,4,2,2,zero,94
happo,shock,0,195,1,2,15.0,15,0,1,1,zero,94
happo,shock,0,195,2,2,26.0,26,0,0,0,zero,94
happo,shock,0,196,0,2,4.0,0,4,6,6,zero,94
happo,shock,0,196,1,2,9.0,9,0,1,1,zero,94
happo,shock,0,196,2,2,25.0,25,0,0,0,zero,94
happo,shock,0,197,0,2,4.0,0,4,0,0,zero,94
happo,shock,0,197,1,2,9.0,9,0,15,15,zero,94
happo,shock,0,197,2,2,10.0,10,0,0,0,zero,94
happo,shock,0,198,0,2,4.0,0,4,6,6,zero,94
happo,shock,0,198,1,2,3.0,3,0,0,0,zero,94
happo,shock,0,198,2,2,10.0,10,0,1,1,zero,94
happo,shock,0,199,0,2,4.0,0,4,0,0,zero,94
happo,shock,0,199,1,2,4.0,4,0,1,1,zero,94
happo,shock,0,199,2,2,9.0,9,0,0,0,zero,94
happo,shock,0,200,0,2,-0.0,0,0,6,6,zero,94
happo,shock,0,200,1,2,1.0,0,1,1,1,zero,94
happo,shock,0,200,2,2,8.0,8,0,1,1,zero,94
happo,shock,1,1,0,10,10.0,10,0,10,10,zero,
happo,shock,1,1,1,10,10.0,10,0,15,15,zero,
happo,shock,1,1,2,10,5.0,5,0,0,0,zero,
happo,shock,1,2,0,10,10.0,10,0,10,10,zero,
happo,shock,1,2,1,10,10.0,10,0,1,1,zero,
happo,shock,1,2,2,10,14.0,14,0,20,20,zero,
happo,shock,1,3,0,11,9.0,9,0,10,10,zero,
happo,shock,1,3,1,11,10.0,10,0,15,15,zero,
happo,shock,1,3,2,11,9.0,9,0,3,3,zero,
happo,shock,1,4,0,14,5.0,5,0,10,10,zero,
happo,shock,1,4,1,14,10.0,10,0,15,15,zero,
happo,shock,1,4,2,14,4.0,4,0,20,20,zero,
happo,shock,1,5,0,15,-0.0,0,0,19,19,zero,
happo,shock,1,5,1,15,6.0,6,0,15,15,zero,
happo,shock,1,5,2,15,11.0,0,11,20,20,zero,
happo,shock,1,6,0,14,4.0,0,4,19,19,zero,
happo,shock,1,6,1,14,12.0,0,12,15,15,zero,
happo,shock,1,6,2,14,6.0,0,6,20,20,zero,
happo,shock,1,7,0,12,6.0,0,6,19,19,zero,
happo,shock,1,7,1,12,16.0,0,16,15,15,zero,
happo,shock,1,7,2,12,18.0,0,18,20,20,zero,
happo,shock,1,8,0,12,8.0,0,8,10,10,zero,
happo,shock,1,8,1,12,11.0,0,11,15,15,zero,
happo,shock,1,8,2,12,13.0,0,13,0,0,zero,
happo,shock,1,9,0,11,-0.0,0,0,10,10,zero,
happo,shock,1,9,1,11,17.0,0,17,15,15,zero,
happo,shock,1,9,2,11,8.0,0,8,20,20,zero,
happo,shock,1,10,0,10,3.0,0,3,10,10,zero,
happo,shock,1,10,1,10,7.0,0,7,15,15,zero,
happo,shock,1,10,2,10,3.0,0,3,20,20,zero,
happo,shock,1,11,0,9,3.0,3,0,6,6,zero,
happo,shock,1,11,1,9,10.0,0,10,0,0,zero,
happo,shock,1,11,2,9,17.0,17,0,20,20,zero,
happo,shock,1,12,0,9,9.0,9,0,6,6,zero,
happo,shock,1,12,1,9,4.0,4,0,0,0,zero,
happo,shock,1,12,2,9,17.0,17,0,0,0,zero,
happo,shock,1,13,0,8,5.0,5,0,2,2,zero,
happo,shock,1,13,1,8,22.0,22,0,12,12,zero,
happo,shock,1,13,2,8,25.0,25,0,0,0,zero,
happo,shock,1,14,0,10,15.0,15,0,6,6,zero,
happo,shock,1,14,1,10,36.0,36,0,0,0,zero,
happo,shock,1,14,2,10,45.0,45,0,0,0,zero,
happo,shock,1,15,0,10,8.0,8,0,6,6,zero,
happo,shock,1,15,1,10,33.0,33,0,1,1,zero,
happo,shock,1,15,2,10,64.0,64,0,0,0,zero,
happo,shock,1,16,0,9,15.0,15,0,9,9,zero,
happo,shock,1,16,1,9,24.0,24,0,12,12,zero,
happo,shock,1,16,2,9,52.0,52,0,0,0,zero,
happo,shock,1,17,0,9,8.0,8,0,9,9,zero,
happo,shock,1,17,1,9,27.0,27,0,15,15,zero,
happo,shock,1,17,2,9,37.0,37,0,0,0,zero,
happo,shock,1,18,0,9,5.0,5,0,9,9,zero,
happo,shock,1,18,1,9,18.0,18,0,15,15,zero,
happo,shock,1,18,2,9,22.0,22,0,16,16,zero,
happo,shock,1,19,0,7,4.0,4,0,9,9,zero,
happo,shock,1,19,1,7,10.0,10,0,1,1,zero,
happo,shock,1,19,2,7,21.0,21,0,20,20,zero,
happo,shock,1,20,0,7,6.0,6,0,4,4,zero,
happo,shock,1,20,1,7,18.0,18,0,1,1,zero,
happo,shock,1,20,2,7,20.0,20,0,0,0,zero,
happo,shock,1,21,0,7,8.0,8,0,6,6,zero,
happo,shock,1,21,1,7,27.0,27,0,1,1,zero,
happo,shock,1,21,2,7,19.0,19,0,0,0,zero,
happo,shock,1,22,0,9,8.0,8,0,6,6,zero,
happo,shock,1,22,1,9,36.0,36,0,1,1,zero,
happo,shock,1,22,2,9,34.0,34,0,0,0,zero,
happo,shock,1,23,0,10,7.0,7,0,19,19,zero,
happo,shock,1,23,1,10,18.0,18,0,1,1,zero,
happo,shock,1,23,2,10,53.0,53,0,0,0,zero,
happo,shock,1,24,0,11,-0.0,0,0,9,9,zero,
happo,shock,1,24,1,11,10.0,10,0,15,15,zero,
happo,shock,1,24,2,11,38.0,38,0,0,0,zero,
happo,shock,1,25,0,12,6.0,0,6,9,9,zero,
happo,shock,1,25,1,12,2.0,2,0,15,15,zero,
happo,shock,1,25,2,12,23.0,23,0,0,0,zero,
happo,shock,1,26,0,12,12.0,0,12,10,10,zero,
happo,shock,1,26,1,12,7.0,0,7,15,15,zero,
happo,shock,1,26,2,12,8.0,8,0,20,20,zero,
happo,shock,1,27,0,13,6.0,0,6,10,10,zero,
happo,shock,1,27,1,13,16.0,0,16,3,3,zero,
happo,shock,1,27,2,13,5.0,5,0,20,20,zero,
happo,shock,1,28,0,12,9.0,0,9,19,19,zero,
happo,shock,1,28,1,12,20.0,0,20,18,18,zero,
happo,shock,1,28,2,12,13.0,0,13,0,0,zero,
happo,shock,1,29,0,13,13.0,0,13,10,10,zero,
happo,shock,1,29,1,13,15.0,0,15,18,18,zero,
happo,shock,1,29,2,13,31.0,0,31,20,20,zero,
happo,shock,1,30,0,11,21.0,0,21,19,19,zero,
happo,shock,1,30,1,11,19.0,0,19,18,18,zero,
happo,shock,1,30,2,11,29.0,0,29,20,20,zero,
happo,shock,1,31,0,13,33.0,0,33,19,19,zero,
happo,shock,1,31,1,13,35.0,0,35,18,18,zero,
happo,shock,1,31,2,13,27.0,0,27,20,20,zero,
happo,shock,1,32,0,13,31.0,0,31,17,17,zero,
happo,shock,1,32,1,13,47.0,0,47,18,18,zero,
happo,shock,1,32,2,13,45.0,0,45,20,20,zero,
happo,shock,1,33,0,13,29.0,0,29,10,10,zero,
happo,shock,1,33,1,13,57.0,0,57,18,18,zero,
happo,shock,1,33,2,13,43.0,0,43,20,20,zero,
happo,shock,1,34,0,14,28.0,0,28,19,19,zero,
happo,shock,1,34,1,14,56.0,0,56,18,18,zero,
happo,shock,1,34,2,14,41.0,0,41,20,20,zero,
happo,shock,1,35,0,15,40.0,0,40,10,10,zero,
happo,shock,1,35,1,15,46.0,0,46,18,18,zero,
happo,shock,1,35,2,15,39.0,0,39,20,20,zero,
happo,shock,1,36,0,15,50.0,0,50,19,19,zero,
happo,shock,1,36,1,15,65.0,0,65,18,18,zero,
happo,shock,1,36,2,15,37.0,0,37,20,20,zero,
happo,shock,1,37,0,14,64.0,0,64,17,17,zero,
happo,shock,1,37,1,14,62.0,0,62,18,18,zero,
happo,shock,1,37,2,14,35.0,0,35,20,20,zero,
happo,shock,1,38,0,14,58.0,0,58,17,17,zero,
happo,shock,1,38,1,14,59.0,0,59,18,18,zero,
happo,shock,1,38,2,14,33.0,0,33,20,20,zero,
happo,shock,1,39,0,14,52.0,0,52,17,17,zero,
happo,shock,1,39,1,14,56.0,0,56,18,18,zero,
happo,shock,1,39,2,14,31.0,0,31,20,20,zero,
happo,shock,1,40,0,13,65.0,0,65,17,17,zero,
happo,shock,1,40,1,13,53.0,0,53,18,18,zero,
happo,shock,1,40,2,13,29.0,0,29,20,20,zero,
happo,shock,1,41,0,13,58.0,0,58,17,17,zero,
happo,shock,1,41,1,13,50.0,0,50,18,18,zero,
happo,shock,1,41,2,13,27.0,0,27,20,20,zero,
happo,shock,1,42,0,13,51.0,0,51,10,10,zero,
happo,shock,1,42,1,13,40.0,0,40,18,18,zero,
happo,shock,1,42,2,13,25.0,0,25,20,20,zero,
happo,shock,1,43,0,12,43.0,0,43,10,10,zero,
happo,shock,1,43,1,12,30.0,0,30,18,18,zero,
happo,shock,1,43,2,12,23.0,0,23,20,20,zero,
happo,shock,1,44,0,12,35.0,0,35,10,10,zero,
happo,shock,1,44,1,12,20.0,0,20,0,0,zero,
happo,shock,1,44,2,12,3.0,0,3,20,20,zero,
happo,shock,1,45,0,11,26.0,0,26,6,6,zero,
happo,shock,1,45,1,11,6.0,0,6,0,0,zero,
happo,shock,1,45,2,11,17.0,17,0,1,1,zero,
happo,shock,1,46,0,10,16.0,0,16,6,6,zero,
happo,shock,1,46,1,10,8.0,8,0,18,18,zero,
happo,shock,1,46,2,10,19.0,19,0,0,0,zero,
happo,shock,1,47,0,10,6.0,0,6,6,6,zero,
happo,shock,1,47,1,10,22.0,22,0,0,0,zero,
happo,shock,1,47,2,10,39.0,39,0,16,16,zero,
happo,shock,1,48,0,9,5.0,5,0,6,6,zero,
happo,shock,1,48,1,9,36.0,36,0,0,0,zero,
happo,shock,1,48,2,9,59.0,59,0,1,1,zero,
happo,shock,1,49,0,9,16.0,16,0,10,10,zero,
happo,shock,1,49,1,9,29.0,29,0,12,12,zero,
happo,shock,1,49,2,9,48.0,48,0,0,0,zero,
happo,shock,1,50,0,8,20.0,20,0,10,10,zero,
happo,shock,1,50,1,8,37.0,37,0,12,12,zero,
happo,shock,1,50,2,8,36.0,36,0,0,0,zero,
happo,shock,1,51,0,8,18.0,18,0,6,6,zero,
happo,shock,1,51,1,8,31.0,31,0,15,15,zero,
happo,shock,1,51,2,8,37.0,37,0,1,1,zero,
happo,shock,1,52,0,8,16.0,16,0,6,6,zero,
happo,shock,1,52,1,8,25.0,25,0,3,3,zero,
happo,shock,1,52,2,8,35.0,35,0,20,20,zero,
happo,shock,1,53,0,8,18.0,18,0,6,6,zero,
happo,shock,1,53,1,8,31.0,31,0,1,1,zero,
happo,shock,1,53,2,8,34.0,34,0,0,0,zero,
happo,shock,1,54,0,8,20.0,20,0,6,6,zero,
happo,shock,1,54,1,8,37.0,37,0,1,1,zero,
happo,shock,1,54,2,8,33.0,33,0,0,0,zero,
happo,shock,1,55,0,6,20.0,20,0,9,9,zero,
happo,shock,1,55,1,6,43.0,43,0,1,1,zero,
happo,shock,1,55,2,6,33.0,33,0,0,0,zero,
happo,shock,1,56,0,6,20.0,20,0,2,2,zero,
happo,shock,1,56,1,6,44.0,44,0,1,1,zero,
happo,shock,1,56,2,6,52.0,52,0,0,0,zero,
happo,shock,1,57,0,5,21.0,21,0,2,2,zero,
happo,shock,1,57,1,5,43.0,43,0,1,1,zero,
happo,shock,1,57,2,5,51.0,51,0,0,0,zero,
happo,shock,1,58,0,6,21.0,21,0,2,2,zero,
happo,shock,1,58,1,6,42.0,42,0,1,1,zero,
happo,shock,1,58,2,6,50.0,50,0,0,0,zero,
happo,shock,1,59,0,7,23.0,23,0,2,2,zero,
happo,shock,1,59,1,7,41.0,41,0,1,1,zero,
happo,shock,1,59,2,7,49.0,49,0,0,0,zero,
happo,shock,1,60,0,7,18.0,18,0,3,3,zero,
happo,shock,1,60,1,7,39.0,39,0,1,1,zero,
happo,shock,1,60,2,7,48.0,48,0,0,0,zero,
happo,shock,1,61,0,8,12.0,12,0,9,9,zero,
happo,shock,1,61,1,8,31.0,31,0,1,1,zero,
happo,shock,1,61,2,8,47.0,47,0,0,0,zero,
happo,shock,1,62,0,7,7.0,7,0,9,9,zero,
happo,shock,1,62,1,7,23.0,23,0,1,1,zero,
happo,shock,1,62,2,7,46.0,46,0,0,0,zero,
happo,shock,1,63,0,7,2.0,2,0,9,9,zero,
happo,shock,1,63,1,7,15.0,15,0,15,15,zero,
happo,shock,1,63,2,7,31.0,31,0,0,0,zero,
happo,shock,1,64,0,7,2.0,0,2,3,3,zero,
happo,shock,1,64,1,7,13.0,13,0,15,15,zero,
happo,shock,1,64,2,7,16.0,16,0,0,0,zero,
happo,shock,1,65,0,8,1.0,0,1,6,6,zero,
happo,shock,1,65,1,8,8.0,8,0,1,1,zero,
happo,shock,1,65,2,8,15.0,15,0,20,20,zero,
happo,shock,1,66,0,7,1.0,1,0,10,10,zero,
happo,shock,1,66,1,7,1.0,0,1,1,1,zero,
happo,shock,1,66,2,7,14.0,14,0,3,3,zero,
happo,shock,1,67,0,6,4.0,4,0,6,6,zero,
happo,shock,1,67,1,6,8.0,8,0,15,15,zero,
happo,shock,1,67,2,6,1.0,0,1,0,0,zero,
happo,shock,1,68,0,7,-0.0,0,0,6,6,zero,
happo,shock,1,68,1,7,17.0,17,0,1,1,zero,
happo,shock,1,68,2,7,2.0,0,2,0,0,zero,
happo,shock,1,69,0,7,1.0,0,1,6,6,zero,
happo,shock,1,69,1,7,12.0,12,0,15,15,zero,
happo,shock,1,69,2,7,3.0,3,0,0,0,zero,
happo,shock,1,70,0,6,2.0,2,0,10,10,zero,
happo,shock,1,70,1,6,3.0,3,0,1,1,zero,
happo,shock,1,70,2,6,5.0,5,0,20,20,zero,
happo,shock,1,71,0,7,2.0,2,0,6,6,zero,
happo,shock,1,71,1,7,11.0,11,0,15,15,zero,
happo,shock,1,71,2,7,10.0,0,10,20,20,zero,
happo,shock,1,72,0,8,-0.0,0,0,6,6,zero,
happo,shock,1,72,1,8,5.0,5,0,3,3,zero,
happo,shock,1,72,2,8,13.0,0,13,20,20,zero,
happo,shock,1,73,0,8,2.0,0,2,10,10,zero,
happo,shock,1,73,1,8,12.0,12,0,15,15,zero,
happo,shock,1,73,2,8,28.0,0,28,0,0,zero,
happo,shock,1,74,0,8,-0.0,0,0,10,10,zero,
happo,shock,1,74,1,8,3.0,3,0,15,15,zero,
happo,shock,1,74,2,8,23.0,0,23,20,20,zero,
happo,shock,1,75,0,7,1.0,0,1,10,10,zero,
happo,shock,1,75,1,7,2.0,0,2,3,3,zero,
happo,shock,1,75,2,7,6.0,0,6,20,20,zero,
happo,shock,1,76,0,7,2.0,0,2,6,6,zero,
happo,shock,1,76,1,7,8.0,0,8,3,3,zero,
happo,shock,1,76,2,7,11.0,11,0,0,0,zero,
happo,shock,1,77,0,7,1.0,1,0,6,6,zero,
happo,shock,1,77,1,7,14.0,0,14,0,0,zero,
happo,shock,1,77,2,7,11.0,11,0,0,0,zero,
happo,shock,1,78,0,8,3.0,3,0,10,10,zero,
happo,shock,1,78,1,8,4.0,0,4,1,1,zero,
happo,shock,1,78,2,8,30.0,30,0,0,0,zero,
happo,shock,1,79,0,8,3.0,3,0,6,6,zero,
happo,shock,1,79,1,8,10.0,10,0,20,20,zero,
happo,shock,1,79,2,8,30.0,30,0,0,0,zero,
happo,shock,1,80,0,7,4.0,0,4,6,6,zero,
happo,shock,1,80,1,7,13.0,13,0,0,0,zero,
happo,shock,1,80,2,7,30.0,30,0,16,16,zero,
happo,shock,1,81,0,7,11.0,0,11,6,6,zero,
happo,shock,1,81,1,7,7.0,7,0,12,12,zero,
happo,shock,1,81,2,7,18.0,18,0,0,0,zero,
happo,shock,1,82,0,7,2.0,2,0,6,6,zero,
happo,shock,1,82,1,7,2.0,2,0,3,3,zero,
happo,shock,1,82,2,7,15.0,15,0,1,1,zero,
happo,shock,1,83,0,7,5.0,5,0,10,10,zero,
happo,shock,1,83,1,7,12.0,12,0,12,12,zero,
happo,shock,1,83,2,7,3.0,3,0,16,16,zero,
happo,shock,1,84,0,11,-0.0,0,0,6,6,zero,
happo,shock,1,84,1,11,6.0,6,0,15,15,zero,
happo,shock,1,84,2,11,4.0,4,0,20,20,zero,
happo,shock,1,85,0,12,6.0,0,6,19,19,zero,
happo,shock,1,85,1,12,1.0,0,1,3,3,zero,
happo,shock,1,85,2,12,1.0,1,0,20,20,zero,
happo,shock,1,86,0,12,12.0,0,12,10,10,zero,86
happo,shock,1,86,1,12,8.0,0,8,15,15,zero,86
happo,shock,1,86,2,12,13.0,0,13,0,0,zero,86
happo,shock,1,87,0,11,13.0,0,13,19,19,zero,86
happo,shock,1,87,1,11,15.0,0,15,15,15,zero,86
happo,shock,1,87,2,11,12.0,0,12,20,20,zero,86
happo,shock,1,88,0,11,18.0,0,18,10,10,zero,86
happo,shock,1,88,1,11,10.0,0,10,15,15,zero,86
happo,shock,1,88,2,11,7.0,0,7,20,20,zero,86
happo,shock,1,89,0,11,11.0,0,11,10,10,zero,86
happo,shock,1,89,1,11,17.0,0,17,15,15,zero,86
happo,shock,1,89,2,11,2.0,0,2,20,20,zero,86
happo,shock,1,90,0,11,19.0,0,19,19,19,zero,86
happo,shock,1,90,1,11,34.0,0,34,3,3,zero,86
happo,shock,1,90,2,11,5.0,0,5,20,20,zero,86
happo,shock,1,91,0,11,18.0,0,18,10,10,zero,86
happo,shock,1,91,1,11,28.0,0,28,18,18,zero,86
happo,shock,1,91,2,11,3.0,0,3,0,0,zero,86
happo,shock,1,92,0,11,14.0,0,14,10,10,zero,86
happo,shock,1,92,1,11,18.0,0,18,18,18,zero,86
happo,shock,1,92,2,11,1.0,0,1,16,16,zero,86
happo,shock,1,93,0,11,22.0,0,22,10,10,zero,86
happo,shock,1,93,1,11,8.0,0,8,18,18,zero,86
happo,shock,1,93,2,11,1.0,1,0,20,20,zero,86
happo,shock,1,94,0,11,31.0,0,31,19,19,zero,86
happo,shock,1,94,1,11,27.0,0,27,0,0,zero,86
happo,shock,1,94,2,11,21.0,21,0,20,20,zero,86
happo,shock,1,95,0,9,24.0,0,24,10,10,zero,86
happo,shock,1,95,1,9,17.0,0,17,18,18,zero,86
happo,shock,1,95,2,9,3.0,3,0,0,0,zero,86
happo,shock,1,96,0,8,12.0,0,12,6,6,zero,86
happo,shock,1,96,1,8,3.0,0,3,18,18,zero,86
happo,shock,1,96,2,8,1.0,1,0,2,2,zero,86
happo,shock,1,97,0,8,-0.0,0,0,6,6,zero,86
happo,shock,1,97,1,8,10.0,10,0,18,18,zero,86
happo,shock,1,97,2,8,3.0,3,0,20,20,zero,86
happo,shock,1,98,0,9,9.0,0,9,6,6,zero,86
happo,shock,1,98,1,9,4.0,4,0,0,0,zero,86
happo,shock,1,98,2,9,23.0,23,0,20,20,zero,86
happo,shock,1,99,0,8,3.0,3,0,6,6,zero,86
happo,shock,1,99,1,8,16.0,16,0,0,0,zero,86
happo,shock,1,99,2,8,23.0,23,0,0,0,zero,86
happo,shock,1,100,0,8,15.0,15,0,6,6,zero,86
happo,shock,1,100,1,8,28.0,28,0,12,12,zero,86
happo,shock,1,100,2,8,13.0,13,0,0,0,zero,86
happo,shock,1,101,0,8,16.0,16,0,10,10,zero,86
happo,shock,1,101,1,8,36.0,36,0,0,0,zero,86
happo,shock,1,101,2,8,33.0,33,0,0,0,zero,86
happo,shock,1,102,0,8,14.0,14,0,9,9,zero,86
happo,shock,1,102,1,8,27.0,27,0,12,12,zero,86
happo,shock,1,102,2,8,41.0,41,0,0,0,zero,86
happo,shock,1,103,0,8,12.0,12,0,9,9,zero,86
happo,shock,1,103,1,8,18.0,18,0,15,15,zero,86
happo,shock,1,103,2,8,26.0,26,0,1,1,zero,86
happo,shock,1,104,0,6,12.0,12,0,2,2,zero,86
happo,shock,1,104,1,6,28.0,28,0,15,15,zero,86
happo,shock,1,104,2,6,11.0,11,0,20,20,zero,86
happo,shock,1,105,0,5,17.0,17,0,6,6,zero,86
happo,shock,1,105,1,5,22.0,22,0,0,0,zero,86
happo,shock,1,105,2,5,11.0,11,0,20,20,zero,86
happo,shock,1,106,0,5,21.0,21,0,2,2,zero,86
happo,shock,1,106,1,5,32.0,32,0,1,1,zero,86
happo,shock,1,106,2,5,10.0,10,0,0,0,zero,86
happo,shock,1,107,0,6,24.0,24,0,0,0,zero,86
happo,shock,1,107,1,6,47.0,47,0,0,0,zero,86
happo,shock,1,107,2,6,11.0,11,0,0,0,zero,86
happo,shock,1,108,0,5,21.0,21,0,2,2,zero,86
happo,shock,1,108,1,5,60.0,60,0,0,0,zero,86
happo,shock,1,108,2,5,31.0,31,0,0,0,zero,86
happo,shock,1,109,0,5,22.0,22,0,2,2,zero,86
happo,shock,1,109,1,5,58.0,58,0,0,0,zero,86
happo,shock,1,109,2,5,51.0,51,0,0,0,zero,86
happo,shock,1,110,0,5,19.0,19,0,2,2,zero,86
happo,shock,1,110,1,5,57.0,57,0,0,0,zero,86
happo,shock,1,110,2,5,51.0,51,0,0,0,zero,86
happo,shock,1,111,0,4,15.0,15,0,3,3,zero,86
happo,shock,1,111,1,4,54.0,54,0,0,0,zero,86
happo,shock,1,111,2,4,51.0,51,0,0,0,zero,86
happo,shock,1,112,0,4,13.0,13,0,2,2,zero,86
happo,shock,1,112,1,4,52.0,52,0,0,0,zero,86
happo,shock,1,112,2,4,51.0,51,0,0,0,zero,86
happo,shock,1,113,0,4,11.0,11,0,2,2,zero,86
happo,shock,1,113,1,4,50.0,50,0,1,1,zero,86
happo,shock,1,113,2,4,50.0,50,0,0,0,zero,86
happo,shock,1,114,0,5,8.0,8,0,2,2,zero,86
happo,shock,1,114,1,5,48.0,48,0,1,1,zero,86
happo,shock,1,114,2,5,49.0,49,0,0,0,zero,86
happo,shock,1,115,0,5,6.0,6,0,9,9,zero,86
happo,shock,1,115,1,5,39.0,39,0,1,1,zero,86
happo,shock,1,115,2,5,48.0,48,0,0,0,zero,86
happo,shock,1,116,0,4,4.0,4,0,3,3,zero,86
happo,shock,1,116,1,4,36.0,36,0,1,1,zero,86
happo,shock,1,116,2,4,47.0,47,0,0,0,zero,86
happo,shock,1,117,0,5,1.0,1,0,4,4,zero,86
happo,shock,1,117,1,5,33.0,33,0,1,1,zero,86
happo,shock,1,117,2,5,46.0,46,0,0,0,zero,86
happo,shock,1,118,0,5,2.0,0,2,2,2,zero,86
happo,shock,1,118,1,5,32.0,32,0,1,1,zero,86
happo,shock,1,118,2,5,45.0,45,0,0,0,zero,86
happo,shock,1,119,0,4,3.0,3,0,6,6,zero,86
happo,shock,1,119,1,4,27.0,27,0,1,1,zero,86
happo,shock,1,119,2,4,44.0,44,0,0,0,zero,86
happo,shock,1,120,0,4,2.0,2,0,2,2,zero,86
happo,shock,1,120,1,4,26.0,26,0,1,1,zero,86
happo,shock,1,120,2,4,43.0,43,0,0,0,zero,86
happo,shock,1,121,0,4,2.0,2,0,6,6,zero,86
happo,shock,1,121,1,4,21.0,21,0,1,1,zero,86
happo,shock,1,121,2,4,42.0,42,0,0,0,zero,86
happo,shock,1,122,0,4,-0.0,0,0,2,2,zero,86
happo,shock,1,122,1,4,20.0,20,0,1,1,zero,86
happo,shock,1,122,2,4,41.0,41,0,0,0,zero,86
happo,shock,1,123,0,4,2.0,2,0,6,6,zero,86
happo,shock,1,123,1,4,15.0,15,0,1,1,zero,86
happo,shock,1,123,2,4,40.0,40,0,0,0,zero,86
happo,shock,1,124,0,4,-0.0,0,0,2,2,zero,86
happo,shock,1,124,1,4,14.0,14,0,15,15,zero,86
happo,shock,1,124,2,4,25.0,25,0,0,0,zero,86
happo,shock,1,125,0,4,2.0,2,0,2,2,zero,86
happo,shock,1,125,1,4,13.0,13,0,1,1,zero,86
happo,shock,1,125,2,4,24.0,24,0,0,0,zero,86
happo,shock,1,126,0,4,-0.0,0,0,6,6,zero,86
happo,shock,1,126,1,4,8.0,8,0,1,1,zero,86
happo,shock,1,126,2,4,23.0,23,0,0,0,zero,86
happo,shock,1,127,0,5,1.0,1,0,6,6,zero,86
happo,shock,1,127,1,5,3.0,3,0,1,1,zero,86
happo,shock,1,127,2,5,22.0,22,0,0,0,zero,86
happo,shock,1,128,0,5,2.0,0,2,6,6,zero,86
happo,shock,1,128,1,5,12.0,12,0,1,1,zero,86
happo,shock,1,128,2,5,21.0,21,0,0,0,zero,86
happo,shock,1,129,0,5,5.0,0,5,6,6,zero,86
happo,shock,1,129,1,5,7.0,7,0,15,15,zero,86
happo,shock,1,129,2,5,6.0,6,0,0,0,zero,86
happo,shock,1,130,0,4,3.0,0,3,6,6,zero,86
happo,shock,1,130,1,4,2.0,2,0,1,1,zero,86
happo,shock,1,130,2,4,5.0,5,0,1,1,zero,86
happo,shock,1,131,0,4,1.0,0,1,6,6,zero,86
happo,shock,1,131,1,4,3.0,0,3,15,15,zero,86
happo,shock,1,131,2,4,10.0,0,10,20,20,zero,86
happo,shock,1,132,0,4,1.0,1,0,6,6,zero,86
happo,shock,1,132,1,4,8.0,0,8,15,15,zero,86
happo,shock,1,132,2,4,25.0,0,25,20,20,zero,86
happo,shock,1,133,0,4,3.0,3,0,6,6,zero,86
happo,shock,1,133,1,4,1.0,1,0,15,15,zero,86
happo,shock,1,133,2,4,40.0,0,40,20,20,zero,86
happo,shock,1,134,0,4,5.0,5,0,0,0,zero,86
happo,shock,1,134,1,4,2.0,2,0,15,15,zero,86
happo,shock,1,134,2,4,54.0,0,54,20,20,zero,86
happo,shock,1,135,0,4,4.0,4,0,6,6,zero,86
happo,shock,1,135,1,4,1.0,1,0,3,3,zero,86
happo,shock,1,135,2,4,37.0,0,37,20,20,zero,86
happo,shock,1,136,0,4,1.0,1,0,0,0,zero,86
happo,shock,1,136,1,4,1.0,1,0,0,0,zero,86
happo,shock,1,136,2,4,17.0,0,17,0,0,zero,86
happo,shock,1,137,0,3,12.0,12,0,6,6,zero,86
happo,shock,1,137,1,3,5.0,0,5,0,0,zero,86
happo,shock,1,137,2,3,3.0,3,0,0,0,zero,86
happo,shock,1,138,0,3,9.0,9,0,2,2,zero,86
happo,shock,1,138,1,3,6.0,0,6,0,0,zero,86
happo,shock,1,138,2,3,23.0,23,0,0,0,zero,86
happo,shock,1,139,0,3,12.0,12,0,0,0,zero,86
happo,shock,1,139,1,3,14.0,14,0,0,0,zero,86
happo,shock,1,139,2,3,43.0,43,0,0,0,zero,86
happo,shock,1,140,0,2,10.0,10,0,0,0,zero,86
happo,shock,1,140,1,2,34.0,34,0,0,0,zero,86
happo,shock,1,140,2,2,43.0,43,0,0,0,zero,86
happo,shock,1,141,0,2,9.0,9,0,0,0,zero,86
happo,shock,1,141,1,2,51.0,51,0,0,0,zero,86
happo,shock,1,141,2,2,43.0,43,0,0,0,zero,86
happo,shock,1,142,0,2,8.0,8,0,0,0,zero,86
happo,shock,1,142,1,2,51.0,51,0,0,0,zero,86
happo,shock,1,142,2,2,43.0,43,0,0,0,zero,86
happo,shock,1,143,0,2,12.0,12,0,0,0,zero,86
happo,shock,1,143,1,2,51.0,51,0,0,0,zero,86
happo,shock,1,143,2,2,43.0,43,0,0,0,zero,86
happo,shock,1,144,0,2,10.0,10,0,0,0,zero,86
happo,shock,1,144,1,2,51.0,51,0,0,0,zero,86
happo,shock,1,144,2,2,43.0,43,0,0,0,zero,86
happo,shock,1,145,0,2,8.0,8,0,0,0,zero,86
happo,shock,1,145,1,2,51.0,51,0,0,0,zero,86
happo,shock,1,145,2,2,43.0,43,0,0,0,zero,86
happo,shock,1,146,0,2,6.0,6,0,2,2,zero,86
happo,shock,1,146,1,2,49.0,49,0,0,0,zero,86
happo,shock,1,146,2,2,43.0,43,0,0,0,zero,86
happo,shock,1,147,0,2,4.0,4,0,0,0,zero,86
happo,shock,1,147,1,2,49.0,49,0,0,0,zero,86
happo,shock,1,147,2,2,43.0,43,0,0,0,zero,86
happo,shock,1,148,0,2,2.0,2,0,2,2,zero,86
happo,shock,1,148,1,2,47.0,47,0,0,0,zero,86
happo,shock,1,148,2,2,43.0,43,0,0,0,zero,86
happo,shock,1,149,0,2,-0.0,0,0,2,2,zero,86
happo,shock,1,149,1,2,45.0,45,0,0,0,zero,86
happo,shock,1,149,2,2,43.0,43,0,0,0,zero,86
happo,shock,1,150,0,2,-0.0,0,0,2,2,zero,86
happo,shock,1,150,1,2,43.0,43,0,0,0,zero,86
happo,shock,1,150,2,2,43.0,43,0,0,0,zero,86
happo,shock,1,151,0,2,2.0,0,2,0,0,zero,86
happo,shock,1,151,1,2,43.0,43,0,1,1,zero,86
happo,shock,1,151,2,2,42.0,42,0,0,0,zero,86
happo,shock,1,152,0,2,2.0,0,2,6,6,zero,86
happo,shock,1,152,1,2,37.0,37,0,0,0,zero,86
happo,shock,1,152,2,2,42.0,42,0,0,0,zero,86
happo,shock,1,153,0,2,2.0,0,2,0,0,zero,86
happo,shock,1,153,1,2,37.0,37,0,1,1,zero,86
happo,shock,1,153,2,2,41.0,41,0,0,0,zero,86
happo,shock,1,154,0,2,2.0,0,2,2,2,zero,86
happo,shock,1,154,1,2,35.0,35,0,1,1,zero,86
happo,shock,1,154,2,2,40.0,40,0,0,0,zero,86
happo,shock,1,155,0,2,4.0,0,4,2,2,zero,86
happo,shock,1,155,1,2,34.0,34,0,1,1,zero,86
happo,shock,1,155,2,2,39.0,39,0,0,0,zero,86
happo,shock,1,156,0,2,-0.0,0,0,6,6,zero,86
happo,shock,1,156,1,2,28.0,28,0,1,1,zero,86
happo,shock,1,156,2,2,38.0,38,0,0,0,zero,86
happo,shock,1,157,0,2,2.0,0,2,0,0,zero,86
happo,shock,1,157,1,2,29.0,29,0,1,1,zero,86
happo,shock,1,157,2,2,37.0,37,0,0,0,zero,86
happo,shock,1,158,0,2,2.0,0,2,0,0,zero,86
happo,shock,1,158,1,2,30.0,30,0,1,1,zero,86
happo,shock,1,158,2,2,36.0,36,0,0,0,zero,86
happo,shock,1,159,0,2,2.0,0,2,6,6,zero,86
happo,shock,1,159,1,2,25.0,25,0,0,0,zero,86
happo,shock,1,159,2,2,36.0,36,0,0,0,zero,86
happo,shock,1,160,0,2,2.0,2,0,0,0,zero,86
happo,shock,1,160,1,2,26.0,26,0,1,1,zero,86
happo,shock,1,160,2,2,35.0,35,0,0,0,zero,86
happo,shock,1,161,0,2,-0.0,0,0,6,6,zero,86
happo,shock,1,161,1,2,21.0,21,0,1,1,zero,86
happo,shock,1,161,2,2,34.0,34,0,0,0,zero,86
happo,shock,1,162,0,1,1.0,0,1,0,0,zero,86
happo,shock,1,162,1,1,22.0,22,0,1,1,zero,86
happo,shock,1,162,2,1,33.0,33,0,0,0,zero,86
happo,shock,1,163,0,2,3.0,3,0,0,0,zero,86
happo,shock,1,163,1,2,22.0,22,0,1,1,zero,86
happo,shock,1,163,2,2,32.0,32,0,0,0,zero,86
happo,shock,1,164,0,2,1.0,1,0,0,0,zero,86
happo,shock,1,164,1,2,23.0,23,0,0,0,zero,86
happo,shock,1,164,2,2,32.0,32,0,0,0,zero,86
happo,shock,1,165,0,2,5.0,5,0,6,6,zero,86
happo,shock,1,165,1,2,18.0,18,0,0,0,zero,86
happo,shock,1,165,2,2,32.0,32,0,0,0,zero,86
happo,shock,1,166,0,2,3.0,3,0,0,0,zero,86
happo,shock,1,166,1,2,19.0,19,0,1,1,zero,86
happo,shock,1,166,2,2,31.0,31,0,0,0,zero,86
happo,shock,1,167,0,1,2.0,2,0,6,6,zero,86
happo,shock,1,167,1,1,14.0,14,0,1,1,zero,86
happo,shock,1,167,2,1,30.0,30,0,0,0,zero,86
happo,shock,1,168,0,2,-0.0,0,0,0,0,zero,86
happo,shock,1,168,1,2,14.0,14,0,1,1,zero,86
happo,shock,1,168,2,2,29.0,29,0,0,0,zero,86
happo,shock,1,169,0,2,4.0,4,0,0,0,zero,86
happo,shock,1,169,1,2,14.0,14,0,1,1,zero,86
happo,shock,1,169,2,2,28.0,28,0,0,0,zero,86
happo,shock,1,170,0,2,2.0,2,0,0,0,zero,86
happo,shock,1,170,1,2,15.0,15,0,1,1,zero,86
happo,shock,1,170,2,2,27.0,27,0,0,0,zero,86
happo,shock,1,171,0,2,6.0,6,0,2,2,zero,86
happo,shock,1,171,1,2,14.0,14,0,0,0,zero,86
happo,shock,1,171,2,2,27.0,27,0,0,0,zero,86
happo,shock,1,172,0,2,4.0,4,0,0,0,zero,86
happo,shock,1,172,1,2,15.0,15,0,0,0,zero,86
happo,shock,1,172,2,2,27.0,27,0,0,0,zero,86
happo,shock,1,173,0,2,2.0,2,0,6,6,zero,86
happo,shock,1,173,1,2,10.0,10,0,0,0,zero,86
happo,shock,1,173,2,2,27.0,27,0,0,0,zero,86
happo,shock,1,174,0,2,-0.0,0,0,0,0,zero,86
happo,shock,1,174,1,2,11.0,11,0,1,1,zero,86
happo,shock,1,174,2,2,26.0,26,0,0,0,zero,86
happo,shock,1,175,0,2,-0.0,0,0,0,0,zero,86
happo,shock,1,175,1,2,11.0,11,0,1,1,zero,86
happo,shock,1,175,2,2,25.0,25,0,0,0,zero,86
happo,shock,1,176,0,2,2.0,0,2,0,0,zero,86
happo,shock,1,176,1,2,11.0,11,0,0,0,zero,86
happo,shock,1,176,2,2,25.0,25,0,0,0,zero,86
happo,shock,1,177,0,2,2.0,2,0,6,6,zero,86
happo,shock,1,177,1,2,5.0,5,0,0,0,zero,86
happo,shock,1,177,2,2,25.0,25,0,0,0,zero,86
happo,shock,1,178,0,2,-0.0,0,0,0,0,zero,86
happo,shock,1,178,1,2,6.0,6,0,1,1,zero,86
happo,shock,1,178,2,2,24.0,24,0,0,0,zero,86
happo,shock,1,179,0,2,2.0,0,2,0,0,zero,86
happo,shock,1,179,1,2,7.0,7,0,1,1,zero,86
happo,shock,1,179,2,2,23.0,23,0,0,0,zero,86
happo,shock,1,180,0,2,4.0,0,4,6,6,zero,86
happo,shock,1,180,1,2,1.0,1,0,0,0,zero,86
happo,shock,1,180,2,2,23.0,23,0,0,0,zero,86
happo,shock,1,181,0,2,-0.0,0,0,0,0,zero,86
happo,shock,1,181,1,2,1.0,1,0,11,11,zero,86
happo,shock,1,181,2,2,12.0,12,0,0,0,zero,86
happo,shock,1,182,0,2,2.0,0,2,6,6,zero,86
happo,shock,1,182,1,2,4.0,0,4,0,0,zero,86
happo,shock,1,182,2,2,12.0,12,0,1,1,zero,86
happo,shock,1,183,0,2,4.0,0,4,6,6,zero,86
happo,shock,1,183,1,2,9.0,0,9,15,15,zero,86
happo,shock,1,183,2,2,3.0,0,3,0,0,zero,86
happo,shock,1,184,0,2,-0.0,0,0,6,6,zero,86
happo,shock,1,184,1,2,15.0,0,15,11,11,zero,86
happo,shock,1,184,2,2,14.0,0,14,20,20,zero,86
happo,shock,1,185,0,2,2.0,0,2,6,6,zero,86
happo,shock,1,185,1,2,10.0,0,10,15,15,zero,86
happo,shock,1,185,2,2,29.0,0,29,20,20,zero,86
happo,shock,1,186,0,2,2.0,0,2,2,2,zero,86
happo,shock,1,186,1,2,12.0,0,12,15,15,zero,86
happo,shock,1,186,2,2,43.0,0,43,20,20,zero,86
happo,shock,1,187,0,2,3.0,0,3,0,0,zero,86
happo,shock,1,187,1,2,-0.0,0,0,11,11,zero,86
happo,shock,1,187,2,2,54.0,0,54,20,20,zero,86
happo,shock,1,188,0,2,5.0,0,5,0,0,zero,86
happo,shock,1,188,1,2,-0.0,0,0,0,0,zero,86
happo,shock,1,188,2,2,34.0,0,34,20,20,zero,86
happo,shock,1,189,0,2,4.0,4,0,0,0,zero,86
happo,shock,1,189,1,2,-0.0,0,0,0,0,zero,86
happo,shock,1,189,2,2,14.0,0,14,0,0,zero,86
happo,shock,1,190,0,3,1.0,1,0,0,0,zero,86
happo,shock,1,190,1,3,1.0,1,0,0,0,zero,86
happo,shock,1,190,2,3,6.0,6,0,0,0,zero,86
happo,shock,1,191,0,3,10.0,10,0,6,6,zero,86
happo,shock,1,191,1,3,5.0,0,5,0,0,zero,86
happo,shock,1,191,2,3,26.0,26,0,0,0,zero,86
happo,shock,1,192,0,3,7.0,7,0,6,6,zero,86
happo,shock,1,192,1,3,9.0,9,0,0,0,zero,86
happo,shock,1,192,2,3,46.0,46,0,0,0,zero,86
happo,shock,1,193,0,3,4.0,4,0,2,2,zero,86
happo,shock,1,193,1,3,27.0,27,0,12,12,zero,86
happo,shock,1,193,2,3,34.0,34,0,0,0,zero,86
happo,shock,1,194,0,3,1.0,1,0,2,2,zero,86
happo,shock,1,194,1,3,39.0,39,0,0,0,zero,86
happo,shock,1,194,2,3,34.0,34,0,1,1,zero,86
happo,shock,1,195,0,3,1.0,0,1,0,0,zero,86
happo,shock,1,195,1,3,39.0,39,0,0,0,zero,86
happo,shock,1,195,2,3,34.0,34,0,0,0,zero,86
happo,shock,1,196,0,3,7.0,7,0,6,6,zero,86
happo,shock,1,196,1,3,33.0,33,0,0,0,zero,86
happo,shock,1,196,2,3,34.0,34,0,0,0,zero,86
happo,shock,1,197,0,3,6.0,6,0,0,0,zero,86
happo,shock,1,197,1,3,45.0,45,0,1,1,zero,86
happo,shock,1,197,2,3,33.0,33,0,0,0,zero,86
happo,shock,1,198,0,3,5.0,5,0,6,6,zero,86
happo,shock,1,198,1,3,39.0,39,0,0,0,zero,86
happo,shock,1,198,2,3,34.0,34,0,0,0,zero,86
happo,shock,1,199,0,3,2.0,2,0,2,2,zero,86
happo,shock,1,199,1,3,37.0,37,0,1,1,zero,86
happo,shock,1,199,2,3,33.0,33,0,0,0,zero,86
happo,shock,1,200,0,4,4.0,4,0,0,0,zero,86
happo,shock,1,200,1,4,37.0,37,0,1,1,zero,86
happo,shock,1,200,2,4,32.0,32,0,0,0,zero,86
happo,shock,2,1,0,10,10.0,10,0,10,10,zero,
happo,shock,2,1,1,10,10.0,10,0,15,15,zero,
happo,shock,2,1,2,10,5.0,5,0,0,0,zero,
happo,shock,2,2,0,9,11.0,11,0,10,10,zero,
happo,shock,2,2,1,9,10.0,10,0,1,1,zero,
happo,shock,2,2,2,9,14.0,14,0,20,20,zero,
happo,shock,2,3,0,10,11.0,11,0,6,6,zero,
happo,shock,2,3,1,10,14.0,14,0,15,15,zero,
happo,shock,2,3,2,10,9.0,9,0,3,3,zero,
happo,shock,2,4,0,9,12.0,12,0,10,10,zero,
happo,shock,2,4,1,9,14.0,14,0,1,1,zero,
happo,shock,2,4,2,9,18.0,18,0,20,20,zero,
happo,shock,2,5,0,9,13.0,13,0,6,6,zero,
happo,shock,2,5,1,9,23.0,23,0,15,15,zero,
happo,shock,2,5,2,9,3.0,3,0,0,0,zero,
happo,shock,2,6,0,9,14.0,14,0,9,9,zero,
happo,shock,2,6,1,9,15.0,15,0,1,1,zero,
happo,shock,2,6,2,9,22.0,22,0,16,16,zero,
happo,shock,2,7,0,8,12.0,12,0,9,9,zero,
happo,shock,2,7,1,8,21.0,21,0,1,1,zero,
happo,shock,2,7,2,8,24.0,24,0,0,0,zero,
happo,shock,2,8,0,8,14.0,14,0,9,9,zero,
happo,shock,2,8,1,8,13.0,13,0,15,15,zero,
happo,shock,2,8,2,8,29.0,29,0,0,0,zero,
happo,shock,2,9,0,8,12.0,12,0,2,2,zero,
happo,shock,2,9,1,8,26.0,26,0,15,15,zero,
happo,shock,2,9,2,8,14.0,14,0,1,1,zero,
happo,shock,2,10,0,8,13.0,13,0,9,9,zero,
happo,shock,2,10,1,8,18.0,18,0,0,0,zero,
happo,shock,2,10,2,8,30.0,30,0,20,20,zero,
happo,shock,2,11,0,9,13.0,13,0,6,6,zero,
happo,shock,2,11,1,9,13.0,13,0,1,1,zero,
happo,shock,2,11,2,9,29.0,29,0,0,0,zero,
happo,shock,2,12,0,10,12.0,12,0,9,9,zero,
happo,shock,2,12,1,10,19.0,19,0,1,1,zero,
happo,shock,2,12,2,10,28.0,28,0,0,0,zero,
happo,shock,2,13,0,9,5.0,5,0,9,9,zero,
happo,shock,2,13,1,9,25.0,25,0,15,15,zero,
happo,shock,2,13,2,9,14.0,14,0,0,0,zero,
happo,shock,2,14,0,10,4.0,4,0,9,9,zero,
happo,shock,2,14,1,10,16.0,16,0,15,15,zero,
happo,shock,2,14,2,10,19.0,19,0,0,0,zero,
happo,shock,2,15,0,11,1.0,0,1,9,9,zero,
happo,shock,2,15,1,11,8.0,8,0,1,1,zero,
happo,shock,2,15,2,11,18.0,18,0,20,20,zero,
happo,shock,2,16,0,13,5.0,0,5,19,19,zero,
happo,shock,2,16,1,13,10.0,0,10,15,15,zero,
happo,shock,2,16,2,13,3.0,3,0,3,3,zero,
happo,shock,2,17,0,11,7.0,0,7,19,19,zero,
happo,shock,2,17,1,11,14.0,0,14,15,15,zero,
happo,shock,2,17,2,11,12.0,0,12,20,20,zero,
happo,shock,2,18,0,11,9.0,0,9,9,9,zero,
happo,shock,2,18,1,11,8.0,0,8,15,15,zero,
happo,shock,2,18,2,11,27.0,0,27,20,20,zero,
happo,shock,2,19,0,12,12.0,0,12,10,10,zero,
happo,shock,2,19,1,12,17.0,0,17,15,15,zero,
happo,shock,2,19,2,12,22.0,0,22,20,20,zero,
happo,shock,2,20,0,10,13.0,0,13,19,19,zero,
happo,shock,2,20,1,10,21.0,0,21,15,15,zero,
happo,shock,2,20,2,10,34.0,0,34,20,20,zero,
happo,shock,2,21,0,10,8.0,0,8,6,6,zero,
happo,shock,2,21,1,10,24.0,0,24,15,15,zero,
happo,shock,2,21,2,10,29.0,0,29,20,20,zero,
happo,shock,2,22,0,9,2.0,0,2,19,19,zero,
happo,shock,2,22,1,9,43.0,0,43,11,11,zero,
happo,shock,2,22,2,9,20.0,0,20,16,16,zero,
happo,shock,2,23,0,9,10.0,0,10,19,19,zero,
happo,shock,2,23,1,9,42.0,0,42,18,18,zero,
happo,shock,2,23,2,9,18.0,0,18,16,16,zero,
happo,shock,2,24,0,9,4.0,0,4,6,6,zero,
happo,shock,2,24,1,9,45.0,0,45,18,18,zero,
happo,shock,2,24,2,9,16.0,0,16,16,16,zero,
happo,shock,2,25,0,9,10.0,0,10,10,10,zero,
happo,shock,2,25,1,9,35.0,0,35,3,3,zero,
happo,shock,2,25,2,9,1.0,1,0,20,20,zero,
happo,shock,2,26,0,9,19.0,0,19,6,6,zero,
happo,shock,2,26,1,9,21.0,0,21,0,0,zero,
happo,shock,2,26,2,9,17.0,17,0,16,16,zero,
happo,shock,2,27,0,9,8.0,0,8,6,6,zero,
happo,shock,2,27,1,9,7.0,0,7,0,0,zero,
happo,shock,2,27,2,9,33.0,33,0,0,0,zero,
happo,shock,2,28,0,10,15.0,0,15,0,0,zero,
happo,shock,2,28,1,10,13.0,13,0,18,18,zero,
happo,shock,2,28,2,10,31.0,31,0,0,0,zero,
happo,shock,2,29,0,11,6.0,0,6,6,6,zero,
happo,shock,2,29,1,11,26.0,26,0,0,0,zero,
happo,shock,2,29,2,11,51.0,51,0,1,1,zero,
happo,shock,2,30,0,11,3.0,3,0,6,6,zero,
happo,shock,2,30,1,11,20.0,20,0,12,12,zero,
happo,shock,2,30,2,11,55.0,55,0,0,0,zero,
happo,shock,2,31,0,11,12.0,12,0,10,10,zero,
happo,shock,2,31,1,11,10.0,10,0,0,0,zero,
happo,shock,2,31,2,11,55.0,55,0,1,1,zero,
happo,shock,2,32,0,11,8.0,8,0,19,19,zero,
happo,shock,2,32,1,11,9.0,9,0,12,12,zero,
happo,shock,2,32,2,11,43.0,43,0,0,0,zero,
happo,shock,2,33,0,12,2.0,2,0,9,9,zero,
happo,shock,2,33,1,12,-0.0,0,0,15,15,zero,
happo,shock,2,33,2,12,29.0,29,0,0,0,zero,
happo,shock,2,34,0,11,3.0,0,3,19,19,zero,
happo,shock,2,34,1,11,7.0,0,7,15,15,zero,
happo,shock,2,34,2,11,14.0,14,0,20,20,zero,
happo,shock,2,35,0,12,5.0,0,5,10,10,zero,
happo,shock,2,35,1,12,17.0,0,17,18,18,zero,
happo,shock,2,35,2,12,3.0,0,3,20,20,zero,
happo,shock,2,36,0,12,2.0,2,0,10,10,zero,
happo,shock,2,36,1,12,15.0,0,15,15,15,zero,
happo,shock,2,36,2,12,18.0,0,18,20,20,zero,
happo,shock,2,37,0,12,1.0,0,1,10,10,zero,
happo,shock,2,37,1,12,10.0,0,10,18,18,zero,
happo,shock,2,37,2,12,36.0,0,36,20,20,zero,
happo,shock,2,38,0,13,2.0,0,2,9,9,zero,
happo,shock,2,38,1,13,4.0,0,4,18,18,zero,
happo,shock,2,38,2,13,34.0,0,34,20,20,zero,
happo,shock,2,39,0,13,15.0,0,15,19,19,zero,
happo,shock,2,39,1,13,8.0,0,8,18,18,zero,
happo,shock,2,39,2,13,32.0,0,32,20,20,zero,
happo,shock,2,40,0,13,16.0,0,16,10,10,zero,
happo,shock,2,40,1,13,18.0,0,18,18,18,zero,
happo,shock,2,40,2,13,30.0,0,30,20,20,zero,
happo,shock,2,41,0,14,15.0,0,15,10,10,zero,
happo,shock,2,41,1,14,28.0,0,28,18,18,zero,
happo,shock,2,41,2,14,28.0,0,28,20,20,zero,
happo,shock,2,42,0,14,14.0,0,14,10,10,zero,
happo,shock,2,42,1,14,18.0,0,18,3,3,zero,
happo,shock,2,42,2,14,11.0,0,11,20,20,zero,
happo,shock,2,43,0,15,14.0,0,14,10,10,zero,
happo,shock,2,43,1,15,8.0,0,8,0,0,zero,
happo,shock,2,43,2,15,9.0,9,0,1,1,zero,
happo,shock,2,44,0,16,30.0,0,30,19,19,zero,
happo,shock,2,44,1,16,7.0,0,7,18,18,zero,
happo,shock,2,44,2,16,11.0,11,0,0,0,zero,
happo,shock,2,45,0,14,44.0,0,44,19,19,zero,
happo,shock,2,45,1,14,6.0,0,6,18,18,zero,
happo,shock,2,45,2,14,13.0,13,0,16,16,zero,
happo,shock,2,46,0,14,38.0,0,38,10,10,zero,
happo,shock,2,46,1,14,4.0,4,0,18,18,zero,
happo,shock,2,46,2,14,15.0,15,0,20,20,zero,
happo,shock,2,47,0,14,32.0,0,32,10,10,zero,
happo,shock,2,47,1,14,5.0,5,0,18,18,zero,
happo,shock,2,47,2,14,2.0,0,2,20,20,zero,
happo,shock,2,48,0,13,25.0,0,25,10,10,zero,
happo,shock,2,48,1,13,13.0,13,0,3,3,zero,
happo,shock,2,48,2,13,5.0,0,5,20,20,zero,
happo,shock,2,49,0,12,17.0,0,17,10,10,zero,
happo,shock,2,49,1,12,21.0,21,0,12,12,zero,
happo,shock,2,49,2,12,1.0,0,1,0,0,zero,
happo,shock,2,50,0,14,15.0,0,15,10,10,zero,
happo,shock,2,50,1,14,29.0,29,0,3,3,zero,
happo,shock,2,50,2,14,16.0,16,0,0,0,zero,
happo,shock,2,51,0,16,21.0,0,21,19,19,zero,
happo,shock,2,51,1,16,26.0,26,0,12,12,zero,
happo,shock,2,51,2,16,24.0,24,0,0,0,zero,
happo,shock,2,52,0,15,26.0,0,26,19,19,zero,
happo,shock,2,52,1,15,7.0,7,0,18,18,zero,
happo,shock,2,52,2,15,26.0,26,0,0,0,zero,
happo,shock,2,53,0,17,33.0,0,33,19,19,zero,
happo,shock,2,53,1,17,4.0,4,0,15,15,zero,
happo,shock,2,53,2,17,11.0,11,0,20,20,zero,
happo,shock,2,54,0,15,38.0,0,38,17,17,zero,
happo,shock,2,54,1,15,9.0,0,9,18,18,zero,
happo,shock,2,54,2,15,7.0,0,7,20,20,zero,
happo,shock,2,55,0,13,32.0,0,32,19,19,zero,
happo,shock,2,55,1,13,16.0,0,16,18,18,zero,
happo,shock,2,55,2,13,25.0,0,25,20,20,zero,
happo,shock,2,56,0,14,27.0,0,27,10,10,zero,
happo,shock,2,56,1,14,8.0,0,8,18,18,zero,
happo,shock,2,56,2,14,43.0,0,43,20,20,zero,
happo,shock,2,57,0,15,23.0,0,23,10,10,zero,
happo,shock,2,57,1,15,3.0,0,3,18,18,zero,
happo,shock,2,57,2,15,41.0,0,41,20,20,zero,
happo,shock,2,58,0,14,29.0,0,29,19,19,zero,
happo,shock,2,58,1,14,11.0,0,11,15,15,zero,
happo,shock,2,58,2,14,36.0,0,36,20,20,zero,
happo,shock,2,59,0,15,32.0,0,32,19,19,zero,
happo,shock,2,59,1,15,30.0,0,30,18,18,zero,
happo,shock,2,59,2,15,34.0,0,34,20,20,zero,
happo,shock,2,60,0,15,29.0,0,29,19,19,zero,
happo,shock,2,60,1,15,49.0,0,49,18,18,zero,
happo,shock,2,60,2,15,32.0,0,32,20,20,zero,
happo,shock,2,61,0,15,29.0,0,29,19,19,zero,
happo,shock,2,61,1,15,48.0,0,48,18,18,zero,
happo,shock,2,61,2,15,30.0,0,30,20,20,zero,
happo,shock,2,62,0,15,33.0,0,33,10,10,zero,
happo,shock,2,62,1,15,38.0,0,38,18,18,zero,
happo,shock,2,62,2,15,28.0,0,28,20,20,zero,
happo,shock,2,63,0,15,48.0,0,48,19,19,zero,
happo,shock,2,63,1,15,37.0,0,37,3,3,zero,
happo,shock,2,63,2,15,11.0,0,11,20,20,zero,
happo,shock,2,64,0,16,64.0,0,64,17,17,zero,
happo,shock,2,64,1,16,34.0,0,34,18,18,zero,
happo,shock,2,64,2,16,9.0,0,9,1,1,zero,
happo,shock,2,65,0,15,59.0,0,59,17,17,zero,
happo,shock,2,65,1,15,31.0,0,31,18,18,zero,
happo,shock,2,65,2,15,7.0,0,7,20,20,zero,
happo,shock,2,66,0,16,55.0,0,55,10,10,zero,
happo,shock,2,66,1,16,21.0,0,21,18,18,zero,
happo,shock,2,66,2,16,5.0,0,5,20,20,zero,
happo,shock,2,67,0,15,50.0,0,50,10,10,zero,
happo,shock,2,67,1,15,11.0,0,11,18,18,zero,
happo,shock,2,67,2,15,3.0,0,3,20,20,zero,
happo,shock,2,68,0,15,45.0,0,45,10,10,zero,
happo,shock,2,68,1,15,1.0,0,1,0,0,zero,
happo,shock,2,68,2,15,2.0,0,2,20,20,zero,
happo,shock,2,69,0,14,39.0,0,39,10,10,zero,
happo,shock,2,69,1,14,9.0,9,0,18,18,zero,
happo,shock,2,69,2,14,-0.0,0,0,0,0,zero,
happo,shock,2,70,0,12,31.0,0,31,10,10,zero,
happo,shock,2,70,1,12,19.0,19,0,18,18,zero,
happo,shock,2,70,2,12,2.0,2,0,1,1,zero,
happo,shock,2,71,0,13,24.0,0,24,10,10,zero,
happo,shock,2,71,1,13,29.0,29,0,18,18,zero,
happo,shock,2,71,2,13,4.0,4,0,20,20,zero,
happo,shock,2,72,0,14,18.0,0,18,10,10,zero,
happo,shock,2,72,1,14,20.0,20,0,0,0,zero,
happo,shock,2,72,2,14,24.0,24,0,20,20,zero,
happo,shock,2,73,0,15,22.0,0,22,19,19,zero,
happo,shock,2,73,1,15,21.0,21,0,3,3,zero,
happo,shock,2,73,2,15,21.0,21,0,0,0,zero,
happo,shock,2,74,0,15,27.0,0,27,19,19,zero,
happo,shock,2,74,1,15,20.0,20,0,18,18,zero,
happo,shock,2,74,2,15,4.0,4,0,0,0,zero,
happo,shock,2,75,0,15,32.0,0,32,19,19,zero,
happo,shock,2,75,1,15,19.0,19,0,15,15,zero,
happo,shock,2,75,2,15,9.0,9,0,0,0,zero,
happo,shock,2,76,0,13,35.0,0,35,17,17,zero,
happo,shock,2,76,1,13,2.0,2,0,15,15,zero,
happo,shock,2,76,2,13,14.0,14,0,20,20,zero,
happo,shock,2,77,0,14,30.0,0,30,10,10,zero,
happo,shock,2,77,1,14,5.0,0,5,15,15,zero,
happo,shock,2,77,2,14,1.0,0,1,20,20,zero,
happo,shock,2,78,0,14,25.0,0,25,19,19,zero,
happo,shock,2,78,1,14,6.0,0,6,15,15,zero,
happo,shock,2,78,2,14,16.0,0,16,20,20,zero,
happo,shock,2,79,0,18,24.0,0,24,10,10,zero,
happo,shock,2,79,1,18,1.0,0,1,18,18,zero,
happo,shock,2,79,2,18,34.0,0,34,20,20,zero,
happo,shock,2,80,0,18,25.0,0,25,19,19,zero,
happo,shock,2,80,1,18,5.0,0,5,15,15,zero,
happo,shock,2,80,2,18,29.0,0,29,20,20,zero,
happo,shock,2,81,0,20,40.0,0,40,19,19,zero,
happo,shock,2,81,1,20,10.0,0,10,15,15,zero,
happo,shock,2,81,2,20,24.0,0,24,17,17,zero,
happo,shock,2,82,0,20,42.0,0,42,19,19,zero,
happo,shock,2,82,1,20,29.0,0,29,18,18,zero,
happo,shock,2,82,2,20,22.0,0,22,16,16,zero,
happo,shock,2,83,0,20,47.0,0,47,19,19,zero,
happo,shock,2,83,1,20,48.0,0,48,18,18,zero,
happo,shock,2,83,2,20,20.0,0,20,20,20,zero,
happo,shock,2,84,0,20,52.0,0,52,17,17,zero,
happo,shock,2,84,1,20,45.0,0,45,18,18,zero,
happo,shock,2,84,2,20,18.0,0,18,20,20,zero,
happo,shock,2,85,0,20,58.0,0,58,17,17,zero,
happo,shock,2,85,1,20,42.0,0,42,18,18,zero,
happo,shock,2,85,2,20,19.0,0,19,20,20,zero,
happo,shock,2,86,0,20,78.0,0,78,17,17,zero,
happo,shock,2,86,1,20,39.0,0,39,18,18,zero,
happo,shock,2,86,2,20,21.0,0,21,20,20,zero,
happo,shock,2,87,0,19,97.0,0,97,17,17,zero,
happo,shock,2,87,1,19,36.0,0,36,18,18,zero,
happo,shock,2,87,2,19,19.0,0,19,20,20,zero,
happo,shock,2,88,0,19,96.0,0,96,17,17,zero,
happo,shock,2,88,1,19,33.0,0,33,18,18,zero,
happo,shock,2,88,2,19,17.0,0,17,20,20,zero,
happo,shock,2,89,0,20,96.0,0,96,17,17,zero,
happo,shock,2,89,1,20,33.0,0,33,18,18,zero,
happo,shock,2,89,2,20,15.0,0,15,20,20,zero,
happo,shock,2,90,0,20,96.0,0,96,17,17,zero,
happo,shock,2,90,1,20,34.0,0,34,18,18,zero,
happo,shock,2,90,2,20,13.0,0,13,16,16,zero,
happo,shock,2,91,0,20,96.0,0,96,17,17,zero,91
happo,shock,2,91,1,20,31.0,0,31,18,18,zero,91
happo,shock,2,91,2,20,11.0,0,11,20,20,zero,91
happo,shock,2,92,0,20,96.0,0,96,17,17,zero,91
happo,shock,2,92,1,20,28.0,0,28,18,18,zero,91
happo,shock,2,92,2,20,9.0,0,9,20,20,zero,91
happo,shock,2,93,0,20,99.0,0,99,17,17,zero,91
happo,shock,2,93,1,20,25.0,0,25,18,18,zero,91
happo,shock,2,93,2,20,7.0,0,7,20,20,zero,91
happo,shock,2,94,0,20,103.0,0,103,17,17,zero,91
happo,shock,2,94,1,20,22.0,0,22,18,18,zero,91
happo,shock,2,94,2,20,9.0,0,9,20,20,zero,91
happo,shock,2,95,0,20,103.0,0,103,17,17,zero,91
happo,shock,2,95,1,20,19.0,0,19,18,18,zero,91
happo,shock,2,95,2,20,7.0,0,7,16,16,zero,91
happo,shock,2,96,0,20,103.0,0,103,17,17,zero,91
happo,shock,2,96,1,20,16.0,0,16,18,18,zero,91
happo,shock,2,96,2,20,5.0,0,5,20,20,zero,91
happo,shock,2,97,0,20,103.0,0,103,17,17,zero,91
happo,shock,2,97,1,20,13.0,0,13,18,18,zero,91
happo,shock,2,97,2,20,3.0,0,3,20,20,zero,91
happo,shock,2,98,0,20,103.0,0,103,17,17,zero,91
happo,shock,2,98,1,20,14.0,0,14,18,18,zero,91
happo,shock,2,98,2,20,1.0,0,1,16,16,zero,91
happo,shock,2,99,0,20,103.0,0,103,17,17,zero,91
happo,shock,2,99,1,20,11.0,0,11,18,18,zero,91
happo,shock,2,99,2,20,3.0,0,3,16,16,zero,91
happo,shock,2,100,0,20,103.0,0,103,17,17,zero,91
happo,shock,2,100,1,20,8.0,0,8,18,18,zero,91
happo,shock,2,100,2,20,1.0,0,1,20,20,zero,91
happo,shock,2,101,0,15,98.0,0,98,17,17,zero,91
happo,shock,2,101,1,15,5.0,0,5,18,18,zero,91
happo,shock,2,101,2,15,1.0,1,0,20,20,zero,91
happo,shock,2,102,0,17,99.0,0,99,17,17,zero,91
happo,shock,2,102,1,17,2.0,0,2,18,18,zero,91
happo,shock,2,102,2,17,1.0,0,1,16,16,zero,91
happo,shock,2,103,0,18,97.0,0,97,17,17,zero,91
happo,shock,2,103,1,18,3.0,0,3,18,18,zero,91
happo,shock,2,103,2,18,3.0,0,3,16,16,zero,91
happo,shock,2,104,0,17,94.0,0,94,17,17,zero,91
happo,shock,2,104,1,17,-0.0,0,0,18,18,zero,91
happo,shock,2,104,2,17,1.0,0,1,16,16,zero,91
happo,shock,2,105,0,17,91.0,0,91,17,17,zero,91
happo,shock,2,105,1,17,2.0,2,0,18,18,zero,91
happo,shock,2,105,2,17,1.0,1,0,20,20,zero,91
happo,shock,2,106,0,15,86.0,0,86,17,17,zero,91
happo,shock,2,106,1,15,2.0,2,0,18,18,zero,91
happo,shock,2,106,2,15,1.0,0,1,20,20,zero,91
happo,shock,2,107,0,15,85.0,0,85,17,17,zero,91
happo,shock,2,107,1,15,1.0,1,0,18,18,zero,91
happo,shock,2,107,2,15,3.0,0,3,20,20,zero,91
happo,shock,2,108,0,14,79.0,0,79,17,17,zero,91
happo,shock,2,108,1,14,4.0,4,0,18,18,zero,91
happo,shock,2,108,2,14,5.0,0,5,16,16,zero,91
happo,shock,2,109,0,15,77.0,0,77,17,17,zero,91
happo,shock,2,109,1,15,6.0,6,0,18,18,zero,91
happo,shock,2,109,2,15,3.0,0,3,16,16,zero,91
happo,shock,2,110,0,15,75.0,0,75,17,17,zero,91
happo,shock,2,110,1,15,6.0,6,0,18,18,zero,91
happo,shock,2,110,2,15,1.0,0,1,20,20,zero,91
happo,shock,2,111,0,15,73.0,0,73,17,17,zero,91
happo,shock,2,111,1,15,5.0,5,0,18,18,zero,91
happo,shock,2,111,2,15,1.0,1,0,20,20,zero,91
happo,shock,2,112,0,15,71.0,0,71,17,17,zero,91
happo,shock,2,112,1,15,4.0,4,0,18,18,zero,91
happo,shock,2,112,2,15,1.0,0,1,16,16,zero,91
happo,shock,2,113,0,9,63.0,0,63,17,17,zero,91
happo,shock,2,113,1,9,7.0,7,0,18,18,zero,91
happo,shock,2,113,2,9,3.0,0,3,16,16,zero,91
happo,shock,2,114,0,11,57.0,0,57,17,17,zero,91
happo,shock,2,114,1,11,10.0,10,0,18,18,zero,91
happo,shock,2,114,2,11,1.0,0,1,16,16,zero,91
happo,shock,2,115,0,12,52.0,0,52,17,17,zero,91
happo,shock,2,115,1,12,12.0,12,0,18,18,zero,91
happo,shock,2,115,2,12,1.0,1,0,20,20,zero,91
happo,shock,2,116,0,11,46.0,0,46,16,16,zero,91
happo,shock,2,116,1,11,13.0,13,0,18,18,zero,91
happo,shock,2,116,2,11,1.0,0,1,20,20,zero,91
happo,shock,2,117,0,12,41.0,0,41,10,10,zero,91
happo,shock,2,117,1,12,19.0,19,0,18,18,zero,91
happo,shock,2,117,2,12,3.0,0,3,20,20,zero,91
happo,shock,2,118,0,12,36.0,0,36,10,10,zero,91
happo,shock,2,118,1,12,29.0,29,0,3,3,zero,91
happo,shock,2,118,2,12,10.0,10,0,16,16,zero,91
happo,shock,2,119,0,13,32.0,0,32,10,10,zero,91
happo,shock,2,119,1,13,38.0,38,0,3,3,zero,91
happo,shock,2,119,2,13,27.0,27,0,0,0,zero,91
happo,shock,2,120,0,13,29.0,0,29,19,19,zero,91
happo,shock,2,120,1,13,36.0,36,0,3,3,zero,91
happo,shock,2,120,2,13,44.0,44,0,0,0,zero,91
happo,shock,2,121,0,14,33.0,0,33,19,19,zero,91
happo,shock,2,121,1,14,33.0,33,0,15,15,zero,91
happo,shock,2,121,2,14,49.0,49,0,0,0,zero,91
happo,shock,2,122,0,17,40.0,0,40,19,19,zero,91
happo,shock,2,122,1,17,20.0,20,0,15,15,zero,91
happo,shock,2,122,2,17,50.0,50,0,0,0,zero,91
happo,shock,2,123,0,17,47.0,0,47,19,19,zero,91
happo,shock,2,123,1,17,4.0,4,0,15,15,zero,91
happo,shock,2,123,2,17,35.0,35,0,16,16,zero,91
happo,shock,2,124,0,16,44.0,0,44,19,19,zero,91
happo,shock,2,124,1,16,12.0,0,12,15,15,zero,91
happo,shock,2,124,2,16,20.0,20,0,20,20,zero,91
happo,shock,2,125,0,18,43.0,0,43,19,19,zero,91
happo,shock,2,125,1,18,16.0,0,16,18,18,zero,91
happo,shock,2,125,2,18,2.0,2,0,20,20,zero,91
happo,shock,2,126,0,20,44.0,0,44,19,19,zero,91
happo,shock,2,126,1,20,20.0,0,20,18,18,zero,91
happo,shock,2,126,2,20,16.0,0,16,20,20,zero,91
happo,shock,2,127,0,18,43.0,0,43,19,19,zero,91
happo,shock,2,127,1,18,24.0,0,24,18,18,zero,91
happo,shock,2,127,2,18,18.0,0,18,20,20,zero,91
happo,shock,2,128,0,18,54.0,0,54,19,19,zero,91
happo,shock,2,128,1,18,28.0,0,28,18,18,zero,91
happo,shock,2,128,2,18,16.0,0,16,16,16,zero,91
happo,shock,2,129,0,17,56.0,0,56,17,17,zero,91
happo,shock,2,129,1,17,27.0,0,27,18,18,zero,91
happo,shock,2,129,2,17,14.0,0,14,20,20,zero,91
happo,shock,2,130,0,17,58.0,0,58,17,17,zero,91
happo,shock,2,130,1,17,42.0,0,42,18,18,zero,91
happo,shock,2,130,2,17,12.0,0,12,20,20,zero,91
happo,shock,2,131,0,15,58.0,0,58,17,17,zero,91
happo,shock,2,131,1,15,43.0,0,43,18,18,zero,91
happo,shock,2,131,2,15,10.0,0,10,20,20,zero,91
happo,shock,2,132,0,16,59.0,0,59,17,17,zero,91
happo,shock,2,132,1,16,40.0,0,40,18,18,zero,91
happo,shock,2,132,2,16,12.0,0,12,20,20,zero,91
happo,shock,2,133,0,17,58.0,0,58,17,17,zero,91
happo,shock,2,133,1,17,37.0,0,37,18,18,zero,91
happo,shock,2,133,2,17,10.0,0,10,16,16,zero,91
happo,shock,2,134,0,17,73.0,0,73,17,17,zero,91
happo,shock,2,134,1,17,34.0,0,34,18,18,zero,91
happo,shock,2,134,2,17,8.0,0,8,20,20,zero,91
happo,shock,2,135,0,15,72.0,0,72,17,17,zero,91
happo,shock,2,135,1,15,31.0,0,31,18,18,zero,91
happo,shock,2,135,2,15,6.0,0,6,20,20,zero,91
happo,shock,2,136,0,15,67.0,0,67,17,17,zero,91
happo,shock,2,136,1,15,32.0,0,32,18,18,zero,91
happo,shock,2,136,2,15,4.0,0,4,20,20,zero,91
happo,shock,2,137,0,14,61.0,0,61,17,17,zero,91
happo,shock,2,137,1,14,29.0,0,29,18,18,zero,91
happo,shock,2,137,2,14,6.0,0,6,16,16,zero,91
happo,shock,2,138,0,14,55.0,0,55,17,17,zero,91
happo,shock,2,138,1,14,26.0,0,26,18,18,zero,91
happo,shock,2,138,2,14,4.0,0,4,16,16,zero,91
happo,shock,2,139,0,14,49.0,0,49,10,10,zero,91
happo,shock,2,139,1,14,16.0,0,16,18,18,zero,91
happo,shock,2,139,2,14,2.0,0,2,20,20,zero,91
happo,shock,2,140,0,16,49.0,0,49,10,10,zero,91
happo,shock,2,140,1,16,6.0,0,6,18,18,zero,91
happo,shock,2,140,2,16,-0.0,0,0,20,20,zero,91
happo,shock,2,141,0,17,46.0,0,46,10,10,zero,91
happo,shock,2,141,1,17,-0.0,0,0,18,18,zero,91
happo,shock,2,141,2,17,2.0,0,2,16,16,zero,91
happo,shock,2,142,0,17,43.0,0,43,19,19,zero,91
happo,shock,2,142,1,17,1.0,1,0,18,18,zero,91
happo,shock,2,142,2,17,4.0,0,4,16,16,zero,91
happo,shock,2,143,0,18,41.0,0,41,10,10,zero,91
happo,shock,2,143,1,18,11.0,11,0,18,18,zero,91
happo,shock,2,143,2,18,2.0,0,2,20,20,zero,91
happo,shock,2,144,0,20,41.0,0,41,19,19,zero,91
happo,shock,2,144,1,20,12.0,12,0,3,3,zero,91
happo,shock,2,144,2,20,15.0,15,0,20,20,zero,91
happo,shock,2,145,0,20,45.0,0,45,19,19,zero,91
happo,shock,2,145,1,20,9.0,9,0,18,18,zero,91
happo,shock,2,145,2,20,13.0,13,0,0,0,zero,91
happo,shock,2,146,0,19,45.0,0,45,19,19,zero,91
happo,shock,2,146,1,19,6.0,6,0,18,18,zero,91
happo,shock,2,146,2,19,11.0,11,0,16,16,zero,91
happo,shock,2,147,0,17,52.0,0,52,19,19,zero,91
happo,shock,2,147,1,17,7.0,7,0,18,18,zero,91
happo,shock,2,147,2,17,13.0,13,0,20,20,zero,91
happo,shock,2,148,0,17,50.0,0,50,19,19,zero,91
happo,shock,2,148,1,17,7.0,0,7,18,18,zero,91
happo,shock,2,148,2,17,15.0,15,0,20,20,zero,91
happo,shock,2,149,0,16,47.0,0,47,19,19,zero,91
happo,shock,2,149,1,16,8.0,0,8,18,18,zero,91
happo,shock,2,149,2,16,3.0,0,3,20,20,zero,91
happo,shock,2,150,0,16,44.0,0,44,10,10,zero,91
happo,shock,2,150,1,16,-0.0,0,0,18,18,zero,91
happo,shock,2,150,2,16,5.0,0,5,20,20,zero,91
happo,shock,2,151,0,16,41.0,0,41,19,19,zero,91
happo,shock,2,151,1,16,1.0,0,1,18,18,zero,91
happo,shock,2,151,2,16,3.0,0,3,0,0,zero,91
happo,shock,2,152,0,14,43.0,0,43,19,19,zero,91
happo,shock,2,152,1,14,2.0,0,2,18,18,zero,91
happo,shock,2,152,2,14,1.0,0,1,20,20,zero,91
happo,shock,2,153,0,14,39.0,0,39,10,10,zero,91
happo,shock,2,153,1,14,3.0,3,0,18,18,zero,91
happo,shock,2,153,2,14,1.0,1,0,20,20,zero,91
happo,shock,2,154,0,14,35.0,0,35,19,19,zero,91
happo,shock,2,154,1,14,-0.0,0,0,18,18,zero,91
happo,shock,2,154,2,14,3.0,3,0,20,20,zero,91
happo,shock,2,155,0,14,31.0,0,31,10,10,zero,91
happo,shock,2,155,1,14,10.0,10,0,18,18,zero,91
happo,shock,2,155,2,14,15.0,0,15,20,20,zero,91
happo,shock,2,156,0,15,28.0,0,28,19,19,zero,91
happo,shock,2,156,1,15,11.0,11,0,18,18,zero,91
happo,shock,2,156,2,15,13.0,0,13,20,20,zero,91
happo,shock,2,157,0,15,31.0,0,31,19,19,zero,91
happo,shock,2,157,1,15,11.0,11,0,18,18,zero,91
happo,shock,2,157,2,15,11.0,0,11,16,16,zero,91
happo,shock,2,158,0,13,25.0,0,25,19,19,zero,91
happo,shock,2,158,1,13,10.0,10,0,18,18,zero,91
happo,shock,2,158,2,13,9.0,0,9,20,20,zero,91
happo,shock,2,159,0,12,27.0,0,27,19,19,zero,91
happo,shock,2,159,1,12,6.0,0,6,18,18,zero,91
happo,shock,2,159,2,12,7.0,0,7,20,20,zero,91
happo,shock,2,160,0,12,20.0,0,20,10,10,zero,91
happo,shock,2,160,1,12,4.0,4,0,18,18,zero,91
happo,shock,2,160,2,12,5.0,0,5,20,20,zero,91
happo,shock,2,161,0,10,11.0,0,11,10,10,zero,91
happo,shock,2,161,1,10,14.0,14,0,3,3,zero,91
happo,shock,2,161,2,10,8.0,8,0,16,16,zero,91
happo,shock,2,162,0,11,3.0,0,3,10,10,zero,91
happo,shock,2,162,1,11,24.0,24,0,3,3,zero,91
happo,shock,2,162,2,11,25.0,25,0,0,0,zero,91
happo,shock,2,163,0,10,-0.0,0,0,10,10,zero,91
happo,shock,2,163,1,10,34.0,34,0,3,3,zero,91
happo,shock,2,163,2,10,42.0,42,0,0,0,zero,91
happo,shock,2,164,0,12,4.0,4,0,10,10,zero,91
happo,shock,2,164,1,12,44.0,44,0,12,12,zero,91
happo,shock,2,164,2,12,50.0,50,0,0,0,zero,91
happo,shock,2,165,0,12,2.0,2,0,19,19,zero,91
happo,shock,2,165,1,12,33.0,33,0,15,15,zero,91
happo,shock,2,165,2,12,51.0,51,0,0,0,zero,91
happo,shock,2,166,0,13,1.0,0,1,10,10,zero,91
happo,shock,2,166,1,13,26.0,26,0,15,15,zero,91
happo,shock,2,166,2,13,36.0,36,0,16,16,zero,91
happo,shock,2,167,0,13,4.0,0,4,19,19,zero,91
happo,shock,2,167,1,13,10.0,10,0,3,3,zero,91
happo,shock,2,167,2,13,33.0,33,0,20,20,zero,91
happo,shock,2,168,0,11,5.0,0,5,10,10,zero,91
happo,shock,2,168,1,11,12.0,12,0,15,15,zero,91
happo,shock,2,168,2,11,18.0,18,0,0,0,zero,91
happo,shock,2,169,0,11,3.0,3,0,10,10,zero,91
happo,shock,2,169,1,11,17.0,17,0,15,15,zero,91
happo,shock,2,169,2,11,3.0,3,0,2,2,zero,91
happo,shock,2,170,0,11,2.0,2,0,6,6,zero,91
happo,shock,2,170,1,11,26.0,26,0,15,15,zero,91
happo,shock,2,170,2,11,4.0,4,0,20,20,zero,91
happo,shock,2,171,0,11,10.0,10,0,10,10,zero,91
happo,shock,2,171,1,11,19.0,19,0,1,1,zero,91
happo,shock,2,171,2,11,23.0,23,0,20,20,zero,91
happo,shock,2,172,0,12,8.0,8,0,10,10,zero,91
happo,shock,2,172,1,12,24.0,24,0,1,1,zero,91
happo,shock,2,172,2,12,22.0,22,0,0,0,zero,91
happo,shock,2,173,0,13,5.0,5,0,19,19,zero,91
happo,shock,2,173,1,13,20.0,20,0,15,15,zero,91
happo,shock,2,173,2,13,9.0,9,0,0,0,zero,91
happo,shock,2,174,0,12,1.0,0,1,9,9,zero,91
happo,shock,2,174,1,12,26.0,26,0,15,15,zero,91
happo,shock,2,174,2,12,14.0,14,0,0,0,zero,91
happo,shock,2,175,0,15,6.0,0,6,19,19,zero,91
happo,shock,2,175,1,15,8.0,8,0,15,15,zero,91
happo,shock,2,175,2,15,19.0,19,0,20,20,zero,91
happo,shock,2,176,0,14,10.0,0,10,10,10,zero,91
happo,shock,2,176,1,14,1.0,0,1,15,15,zero,91
happo,shock,2,176,2,14,4.0,4,0,20,20,zero,91
happo,shock,2,177,0,15,6.0,0,6,19,19,zero,91
happo,shock,2,177,1,15,5.0,0,5,15,15,zero,91
happo,shock,2,177,2,15,11.0,0,11,20,20,zero,91
happo,shock,2,178,0,15,12.0,0,12,19,19,zero,91
happo,shock,2,178,1,15,9.0,0,9,15,15,zero,91
happo,shock,2,178,2,15,26.0,0,26,20,20,zero,91
happo,shock,2,179,0,16,9.0,0,9,19,19,zero,91
happo,shock,2,179,1,16,13.0,0,13,15,15,zero,91
happo,shock,2,179,2,16,21.0,0,21,0,0,zero,91
happo,shock,2,180,0,15,15.0,0,15,19,19,zero,91
happo,shock,2,180,1,15,17.0,0,17,15,15,zero,91
happo,shock,2,180,2,15,16.0,0,16,20,20,zero,91
happo,shock,2,181,0,14,14.0,0,14,19,19,zero,91
happo,shock,2,181,1,14,32.0,0,32,15,15,zero,91
happo,shock,2,181,2,14,11.0,0,11,20,20,zero,91
happo,shock,2,182,0,16,15.0,0,15,19,19,zero,91
happo,shock,2,182,1,16,51.0,0,51,18,18,zero,91
happo,shock,2,182,2,16,9.0,0,9,20,20,zero,91
happo,shock,2,183,0,14,14.0,0,14,19,19,zero,91
happo,shock,2,183,1,14,50.0,0,50,18,18,zero,91
happo,shock,2,183,2,14,27.0,0,27,20,20,zero,91
happo,shock,2,184,0,14,13.0,0,13,10,10,zero,91
happo,shock,2,184,1,14,40.0,0,40,18,18,zero,91
happo,shock,2,184,2,14,25.0,0,25,20,20,zero,91
happo,shock,2,185,0,16,25.0,0,25,19,19,zero,91
happo,shock,2,185,1,16,39.0,0,39,18,18,zero,91
happo,shock,2,185,2,16,23.0,0,23,20,20,zero,91
happo,shock,2,186,0,17,42.0,0,42,19,19,zero,91
happo,shock,2,186,1,17,38.0,0,38,18,18,zero,91
happo,shock,2,186,2,17,21.0,0,21,20,20,zero,91
happo,shock,2,187,0,17,39.0,0,39,10,10,zero,91
happo,shock,2,187,1,17,48.0,0,48,18,18,zero,91
happo,shock,2,187,2,17,19.0,0,19,20,20,zero,91
happo,shock,2,188,0,18,37.0,0,37,19,19,zero,91
happo,shock,2,188,1,18,47.0,0,47,18,18,zero,91
happo,shock,2,188,2,18,17.0,0,17,20,20,zero,91
happo,shock,2,189,0,18,35.0,0,35,10,10,zero,91
happo,shock,2,189,1,18,37.0,0,37,18,18,zero,91
happo,shock,2,189,2,18,15.0,0,15,20,20,zero,91
happo,shock,2,190,0,17,32.0,0,32,19,19,zero,91
happo,shock,2,190,1,17,36.0,0,36,3,3,zero,91
happo,shock,2,190,2,17,2.0,2,0,20,20,zero,91
happo,shock,2,191,0,16,48.0,0,48,19,19,zero,91
happo,shock,2,191,1,16,35.0,0,35,18,18,zero,91
happo,shock,2,191,2,16,4.0,4,0,16,16,zero,91
happo,shock,2,192,0,18,46.0,0,46,10,10,zero,91
happo,shock,2,192,1,18,25.0,0,25,18,18,zero,91
happo,shock,2,192,2,18,6.0,6,0,1,1,zero,91
happo,shock,2,193,0,18,44.0,0,44,10,10,zero,91
happo,shock,2,193,1,18,15.0,0,15,18,18,zero,91
happo,shock,2,193,2,18,8.0,8,0,16,16,zero,91
happo,shock,2,194,0,20,44.0,0,44,10,10,zero,91
happo,shock,2,194,1,20,7.0,0,7,18,18,zero,91
happo,shock,2,194,2,20,10.0,10,0,20,20,zero,91
happo,shock,2,195,0,20,44.0,0,44,19,19,zero,91
happo,shock,2,195,1,20,8.0,0,8,18,18,zero,91
happo,shock,2,195,2,20,8.0,8,0,20,20,zero,91
happo,shock,2,196,0,20,44.0,0,44,19,19,zero,91
happo,shock,2,196,1,20,9.0,0,9,18,18,zero,91
happo,shock,2,196,2,20,9.0,0,9,20,20,zero,91
happo,shock,2,197,0,20,44.0,0,44,19,19,zero,91
happo,shock,2,197,1,20,10.0,0,10,18,18,zero,91
happo,shock,2,197,2,20,11.0,0,11,20,20,zero,91
happo,shock,2,198,0,19,45.0,0,45,19,19,zero,91
happo,shock,2,198,1,19,11.0,0,11,18,18,zero,91
happo,shock,2,198,2,19,9.0,0,9,16,16,zero,91
happo,shock,2,199,0,20,47.0,0,47,19,19,zero,91
happo,shock,2,199,1,20,12.0,0,12,18,18,zero,91
happo,shock,2,199,2,20,7.0,0,7,16,16,zero,91
happo,shock,2,200,0,20,49.0,0,49,19,19,zero,91
happo,shock,2,200,1,20,22.0,0,22,18,18,zero,91
happo,shock,2,200,2,20,5.0,0,5,20,20,zero,91
happo,shock,3,1,0,10,10.0,10,0,10,10,zero,
happo,shock,3,1,1,10,10.0,10,0,15,15,zero,
happo,shock,3,1,2,10,5.0,5,0,0,0,zero,
happo,shock,3,2,0,9,11.0,11,0,10,10,zero,
happo,shock,3,2,1,9,10.0,10,0,1,1,zero,
happo,shock,3,2,2,9,14.0,14,0,20,20,zero,
happo,shock,3,3,0,8,13.0,13,0,6,6,zero,
happo,shock,3,3,1,8,14.0,14,0,15,15,zero,
happo,shock,3,3,2,8,9.0,9,0,3,3,zero,
happo,shock,3,4,0,8,15.0,15,0,6,6,zero,
happo,shock,3,4,1,8,18.0,18,0,1,1,zero,
happo,shock,3,4,2,8,18.0,18,0,20,20,zero,
happo,shock,3,5,0,8,17.0,17,0,6,6,zero,
happo,shock,3,5,1,8,27.0,27,0,1,1,zero,
happo,shock,3,5,2,8,17.0,17,0,0,0,zero,
happo,shock,3,6,0,9,18.0,18,0,6,6,zero,
happo,shock,3,6,1,9,22.0,22,0,1,1,zero,
happo,shock,3,6,2,9,36.0,36,0,0,0,zero,
happo,shock,3,7,0,8,16.0,16,0,9,9,zero,
happo,shock,3,7,1,8,28.0,28,0,1,1,zero,
happo,shock,3,7,2,8,38.0,38,0,0,0,zero,
happo,shock,3,8,0,9,13.0,13,0,9,9,zero,
happo,shock,3,8,1,9,20.0,20,0,15,15,zero,
happo,shock,3,8,2,9,43.0,43,0,0,0,zero,
happo,shock,3,9,0,10,9.0,9,0,9,9,zero,
happo,shock,3,9,1,10,12.0,12,0,15,15,zero,
happo,shock,3,9,2,10,28.0,28,0,1,1,zero,
happo,shock,3,10,0,10,5.0,5,0,9,9,zero,
happo,shock,3,10,1,10,4.0,4,0,11,11,zero,
happo,shock,3,10,2,10,17.0,17,0,20,20,zero,
happo,shock,3,11,0,11,3.0,3,0,9,9,zero,
happo,shock,3,11,1,11,4.0,0,4,1,1,zero,
happo,shock,3,11,2,11,16.0,16,0,20,20,zero,
happo,shock,3,12,0,10,2.0,2,0,19,19,zero,
happo,shock,3,12,1,10,8.0,0,8,15,15,zero,
happo,shock,3,12,2,10,1.0,1,0,0,0,zero,
happo,shock,3,13,0,10,1.0,1,0,9,9,zero,
happo,shock,3,13,1,10,2.0,0,2,15,15,zero,
happo,shock,3,13,2,10,13.0,0,13,0,0,zero,
happo,shock,3,14,0,9,1.0,1,0,4,4,zero,
happo,shock,3,14,1,9,5.0,5,0,15,15,zero,
happo,shock,3,14,2,9,8.0,0,8,20,20,zero,
happo,shock,3,15,0,9,3.0,0,3,6,6,zero,
happo,shock,3,15,1,9,-0.0,0,0,3,3,zero,
happo,shock,3,15,2,9,9.0,9,0,20,20,zero,
happo,shock,3,16,0,10,2.0,2,0,6,6,zero,
happo,shock,3,16,1,10,9.0,9,0,3,3,zero,
happo,shock,3,16,2,10,6.0,6,0,0,0,zero,
happo,shock,3,17,0,10,7.0,7,0,10,10,zero,
happo,shock,3,17,1,10,1.0,1,0,0,0,zero,
happo,shock,3,17,2,10,6.0,6,0,0,0,zero,
happo,shock,3,18,0,9,4.0,4,0,19,19,zero,
happo,shock,3,18,1,9,2.0,2,0,12,12,zero,
happo,shock,3,18,2,9,14.0,14,0,0,0,zero,
happo,shock,3,19,0,7,3.0,3,0,9,9,zero,
happo,shock,3,19,1,7,4.0,4,0,15,15,zero,
happo,shock,3,19,2,7,19.0,19,0,0,0,zero,
happo,shock,3,20,0,9,-0.0,0,0,2,2,zero,
happo,shock,3,20,1,9,5.0,5,0,15,15,zero,
happo,shock,3,20,2,9,4.0,4,0,20,20,zero,
happo,shock,3,21,0,9,1.0,1,0,6,6,zero,
happo,shock,3,21,1,9,1.0,0,1,0,0,zero,
happo,shock,3,21,2,9,4.0,4,0,20,20,zero,
happo,shock,3,22,0,9,11.0,11,0,10,10,zero,
happo,shock,3,22,1,9,1.0,1,0,5,5,zero,
happo,shock,3,22,2,9,1.0,0,1,0,0,zero,
happo,shock,3,23,0,8,12.0,12,0,9,9,zero,
happo,shock,3,23,1,8,7.0,7,0,18,18,zero,
happo,shock,3,23,2,8,19.0,0,19,0,0,zero,
happo,shock,3,24,0,8,6.0,6,0,9,9,zero,
happo,shock,3,24,1,8,13.0,13,0,15,15,zero,
happo,shock,3,24,2,8,14.0,0,14,5,5,zero,
happo,shock,3,25,0,9,2.0,2,0,6,6,zero,
happo,shock,3,25,1,9,7.0,7,0,3,3,zero,
happo,shock,3,25,2,9,3.0,3,0,20,20,zero,
happo,shock,3,26,0,8,5.0,5,0,10,10,zero,
happo,shock,3,26,1,8,1.0,1,0,1,1,zero,
happo,shock,3,26,2,8,2.0,2,0,20,20,zero,
happo,shock,3,27,0,8,6.0,6,0,6,6,zero,
happo,shock,3,27,1,8,5.0,0,5,5,5,zero,
happo,shock,3,27,2,8,3.0,0,3,0,0,zero,
happo,shock,3,28,0,9,6.0,6,0,10,10,zero,
happo,shock,3,28,1,9,5.0,5,0,15,15,zero,
happo,shock,3,28,2,9,13.0,0,13,0,0,zero,
happo,shock,3,29,0,8,4.0,4,0,6,6,zero,
happo,shock,3,29,1,8,16.0,16,0,15,15,zero,
happo,shock,3,29,2,8,8.0,0,8,0,0,zero,
happo,shock,3,30,0,10,4.0,4,0,9,9,zero,
happo,shock,3,30,1,10,8.0,8,0,3,3,zero,
happo,shock,3,30,2,10,9.0,9,0,20,20,zero,
happo,shock,3,31,0,10,5.0,0,5,6,6,zero,
happo,shock,3,31,1,10,4.0,4,0,3,3,zero,
happo,shock,3,31,2,10,6.0,6,0,20,20,zero,
happo,shock,3,32,0,9,1.0,1,0,10,10,zero,
happo,shock,3,32,1,9,1.0,0,1,1,1,zero,
happo,shock,3,32,2,9,5.0,5,0,0,0,zero,
happo,shock,3,33,0,7,-0.0,0,0,10,10,zero,
happo,shock,3,33,1,7,9.0,9,0,15,15,zero,
happo,shock,3,33,2,7,10.0,0,10,0,0,zero,
happo,shock,3,34,0,7,2.0,2,0,6,6,zero,
happo,shock,3,34,1,7,14.0,14,0,15,15,zero,
happo,shock,3,34,2,7,5.0,0,5,0,0,zero,
happo,shock,3,35,0,7,1.0,1,0,6,6,zero,
happo,shock,3,35,1,7,11.0,11,0,3,3,zero,
happo,shock,3,35,2,7,12.0,12,0,20,20,zero,
happo,shock,3,36,0,7,3.0,3,0,6,6,zero,
happo,shock,3,36,1,7,6.0,6,0,1,1,zero,
happo,shock,3,36,2,7,11.0,11,0,20,20,zero,
happo,shock,3,37,0,7,7.0,7,0,6,6,zero,
happo,shock,3,37,1,7,5.0,5,0,1,1,zero,
happo,shock,3,37,2,7,10.0,10,0,0,0,zero,
happo,shock,3,38,0,6,7.0,7,0,10,10,zero,
happo,shock,3,38,1,6,15.0,15,0,1,1,zero,
happo,shock,3,38,2,6,9.0,9,0,0,0,zero,
happo,shock,3,39,0,6,7.0,7,0,6,6,zero,
happo,shock,3,39,1,6,17.0,17,0,15,15,zero,
happo,shock,3,39,2,6,14.0,14,0,0,0,zero,
happo,shock,3,40,0,6,7.0,7,0,2,2,zero,
happo,shock,3,40,1,6,16.0,16,0,3,3,zero,
happo,shock,3,40,2,6,31.0,31,0,0,0,zero,
happo,shock,3,41,0,7,6.0,6,0,6,6,zero,
happo,shock,3,41,1,7,11.0,11,0,1,1,zero,
happo,shock,3,41,2,7,30.0,30,0,0,0,zero,
happo,shock,3,42,0,7,9.0,9,0,10,10,zero,
happo,shock,3,42,1,7,2.0,2,0,1,1,zero,
happo,shock,3,42,2,7,29.0,29,0,0,0,zero,
happo,shock,3,43,0,7,8.0,8,0,6,6,zero,
happo,shock,3,43,1,7,11.0,11,0,15,15,zero,
happo,shock,3,43,2,7,14.0,14,0,0,0,zero,
happo,shock,3,44,0,7,3.0,3,0,10,10,zero,
happo,shock,3,44,1,7,4.0,4,0,1,1,zero,
happo,shock,3,44,2,7,13.0,13,0,1,1,zero,
happo,shock,3,45,0,7,2.0,2,0,6,6,zero,
happo,shock,3,45,1,7,1.0,0,1,15,15,zero,
happo,shock,3,45,2,7,2.0,0,2,1,1,zero,
happo,shock,3,46,0,6,6.0,6,0,6,6,zero,
happo,shock,3,46,1,6,6.0,0,6,3,3,zero,
happo,shock,3,46,2,6,5.0,0,5,20,20,zero,
happo,shock,3,47,0,6,6.0,6,0,6,6,zero,
happo,shock,3,47,1,6,3.0,3,0,15,15,zero,
happo,shock,3,47,2,6,20.0,0,20,20,20,zero,
happo,shock,3,48,0,6,10.0,10,0,2,2,zero,
happo,shock,3,48,1,6,2.0,2,0,15,15,zero,
happo,shock,3,48,2,6,34.0,0,34,20,20,zero,
happo,shock,3,49,0,6,9.0,9,0,10,10,zero,
happo,shock,3,49,1,6,5.0,5,0,3,3,zero,
happo,shock,3,49,2,6,36.0,0,36,20,20,zero,
happo,shock,3,50,0,6,4.0,4,0,6,6,zero,
happo,shock,3,50,1,6,1.0,0,1,15,15,zero,
happo,shock,3,50,2,6,31.0,0,31,0,0,zero,
happo,shock,3,51,0,6,10.0,10,0,2,2,zero,
happo,shock,3,51,1,6,3.0,0,3,3,3,zero,
happo,shock,3,51,2,6,14.0,0,14,20,20,zero,
happo,shock,3,52,0,6,6.0,6,0,6,6,zero,
happo,shock,3,52,1,6,8.0,0,8,0,0,zero,
happo,shock,3,52,2,6,6.0,6,0,16,16,zero,
happo,shock,3,53,0,6,10.0,10,0,10,10,zero,
happo,shock,3,53,1,6,17.0,0,17,0,0,zero,
happo,shock,3,53,2,6,26.0,26,0,0,0,zero,
happo,shock,3,54,0,8,7.0,7,0,19,19,zero,
happo,shock,3,54,1,8,16.0,0,16,0,0,zero,
happo,shock,3,54,2,8,26.0,26,0,0,0,zero,
happo,shock,3,55,0,8,1.0,0,1,9,9,zero,
happo,shock,3,55,1,8,5.0,0,5,18,18,zero,
happo,shock,3,55,2,8,28.0,28,0,0,0,zero,
happo,shock,3,56,0,8,8.0,0,8,2,2,zero,
happo,shock,3,56,1,8,7.0,7,0,18,18,zero,
happo,shock,3,56,2,8,26.0,26,0,0,0,zero,
happo,shock,3,57,0,7,14.0,0,14,2,2,zero,
happo,shock,3,57,1,7,5.0,5,0,0,0,zero,
happo,shock,3,57,2,7,26.0,26,0,20,20,zero,
happo,shock,3,58,0,7,1.0,0,1,6,6,zero,
happo,shock,3,58,1,7,1.0,0,1,0,0,zero,
happo,shock,3,58,2,7,26.0,26,0,0,0,zero,
happo,shock,3,59,0,7,12.0,12,0,6,6,zero,
happo,shock,3,59,1,7,11.0,11,0,12,12,zero,
happo,shock,3,59,2,7,14.0,14,0,0,0,zero,
happo,shock,3,60,0,8,11.0,11,0,9,9,zero,
happo,shock,3,60,1,8,20.0,20,0,12,12,zero,
happo,shock,3,60,2,8,2.0,2,0,0,0,zero,
happo,shock,3,61,0,7,6.0,6,0,9,9,zero,
happo,shock,3,61,1,7,11.0,11,0,12,12,zero,
happo,shock,3,61,2,7,10.0,10,0,20,20,zero,
happo,shock,3,62,0,7,4.0,4,0,4,4,zero,
happo,shock,3,62,1,7,7.0,7,0,3,3,zero,
happo,shock,3,62,2,7,7.0,7,0,20,20,zero,
happo,shock,3,63,0,8,3.0,3,0,6,6,zero,
happo,shock,3,63,1,8,13.0,13,0,1,1,zero,
happo,shock,3,63,2,8,6.0,6,0,0,0,zero,
happo,shock,3,64,0,9,3.0,3,0,10,10,zero,
happo,shock,3,64,1,9,15.0,15,0,1,1,zero,
happo,shock,3,64,2,9,5.0,5,0,0,0,zero,
happo,shock,3,65,0,9,3.0,3,0,9,9,zero,
happo,shock,3,65,1,9,18.0,18,0,15,15,zero,
happo,shock,3,65,2,9,10.0,10,0,0,0,zero,
happo,shock,3,66,0,8,1.0,0,1,19,19,zero,
happo,shock,3,66,1,8,2.0,2,0,15,15,zero,
happo,shock,3,66,2,8,15.0,15,0,0,0,zero,
happo,shock,3,67,0,8,3.0,0,3,6,6,zero,
happo,shock,3,67,1,8,3.0,0,3,15,15,zero,
happo,shock,3,67,2,8,-0.0,0,0,20,20,zero,
happo,shock,3,68,0,8,1.0,0,1,6,6,zero,
happo,shock,3,68,1,8,8.0,0,8,3,3,zero,
happo,shock,3,68,2,8,3.0,0,3,20,20,zero,
happo,shock,3,69,0,6,2.0,2,0,6,6,zero,
happo,shock,3,69,1,6,1.0,1,0,5,5,zero,
happo,shock,3,69,2,6,8.0,0,8,0,0,zero,
happo,shock,3,70,0,6,15.0,15,0,2,2,zero,
happo,shock,3,70,1,6,14.0,14,0,15,15,zero,
happo,shock,3,70,2,6,23.0,0,23,0,0,zero,
happo,shock,3,71,0,5,13.0,13,0,10,10,zero,
happo,shock,3,71,1,5,19.0,19,0,3,3,zero,
happo,shock,3,71,2,5,6.0,0,6,20,20,zero,
happo,shock,3,72,0,5,9.0,9,0,6,6,zero,
happo,shock,3,72,1,5,13.0,13,0,3,3,zero,
happo,shock,3,72,2,5,11.0,11,0,0,0,zero,
happo,shock,3,73,0,5,18.0,18,0,0,0,zero,
happo,shock,3,73,1,5,13.0,13,0,3,3,zero,
happo,shock,3,73,2,5,8.0,8,0,0,0,zero,
happo,shock,3,74,0,5,15.0,15,0,0,0,zero,
happo,shock,3,74,1,5,13.0,13,0,0,0,zero,
happo,shock,3,74,2,5,8.0,8,0,0,0,zero,
happo,shock,3,75,0,7,18.0,18,0,2,2,zero,
happo,shock,3,75,1,7,31.0,31,0,0,0,zero,
happo,shock,3,75,2,7,28.0,28,0,0,0,zero,
happo,shock,3,76,0,6,18.0,18,0,9,9,zero,
happo,shock,3,76,1,6,31.0,31,0,0,0,zero,
happo,shock,3,76,2,6,28.0,28,0,0,0,zero,
happo,shock,3,77,0,6,12.0,12,0,3,3,zero,
happo,shock,3,77,1,6,31.0,31,0,1,1,zero,
happo,shock,3,77,2,6,27.0,27,0,0,0,zero,
happo,shock,3,78,0,6,6.0,6,0,9,9,zero,
happo,shock,3,78,1,6,22.0,22,0,1,1,zero,
happo,shock,3,78,2,6,26.0,26,0,0,0,zero,
happo,shock,3,79,0,5,3.0,3,0,3,3,zero,
happo,shock,3,79,1,5,19.0,19,0,15,15,zero,
happo,shock,3,79,2,5,11.0,11,0,0,0,zero,
happo,shock,3,80,0,5,7.0,7,0,2,2,zero,
happo,shock,3,80,1,5,17.0,17,0,1,1,zero,
happo,shock,3,80,2,5,10.0,10,0,1,1,zero,
happo,shock,3,81,0,4,6.0,6,0,2,2,zero,
happo,shock,3,81,1,4,16.0,16,0,1,1,zero,
happo,shock,3,81,2,4,9.0,9,0,20,20,zero,
happo,shock,3,82,0,4,11.0,11,0,6,6,zero,
happo,shock,3,82,1,4,11.0,11,0,0,0,zero,
happo,shock,3,82,2,4,9.0,9,0,0,0,zero,
happo,shock,3,83,0,4,10.0,10,0,2,2,zero,
happo,shock,3,83,1,4,24.0,24,0,1,1,zero,
happo,shock,3,83,2,4,8.0,8,0,0,0,zero,
happo,shock,3,84,0,6,6.0,6,0,2,2,zero,
happo,shock,3,84,1,6,23.0,23,0,1,1,zero,
happo,shock,3,84,2,6,8.0,8,0,0,0,zero,
happo,shock,3,85,0,5,3.0,3,0,10,10,zero,
happo,shock,3,85,1,5,14.0,14,0,1,1,zero,
happo,shock,3,85,2,5,27.0,27,0,0,0,zero,
happo,shock,3,86,0,5,4.0,4,0,6,6,zero,86
happo,shock,3,86,1,5,8.0,8,0,15,15,zero,86
happo,shock,3,86,2,5,12.0,12,0,0,0,zero,86
happo,shock,3,87,0,5,1.0,1,0,6,6,zero,86
happo,shock,3,87,1,5,3.0,3,0,1,1,zero,86
happo,shock,3,87,2,5,11.0,11,0,1,1,zero,86
happo,shock,3,88,0,5,2.0,0,2,0,0,zero,86
happo,shock,3,88,1,5,4.0,4,0,15,15,zero,86
happo,shock,3,88,2,5,4.0,0,4,20,20,zero,86
happo,shock,3,89,0,5,3.0,3,0,6,6,zero,86
happo,shock,3,89,1,5,1.0,0,1,1,1,zero,86
happo,shock,3,89,2,5,5.0,0,5,20,20,zero,86
happo,shock,3,90,0,3,6.0,6,0,6,6,zero,86
happo,shock,3,90,1,3,8.0,8,0,15,15,zero,86
happo,shock,3,90,2,3,20.0,0,20,0,0,zero,86
happo,shock,3,91,0,5,7.0,7,0,2,2,zero,86
happo,shock,3,91,1,5,7.0,7,0,15,15,zero,86
happo,shock,3,91,2,5,34.0,0,34,20,20,zero,86
happo,shock,3,92,0,3,4.0,4,0,6,6,zero,86
happo,shock,3,92,1,3,12.0,12,0,1,1,zero,86
happo,shock,3,92,2,3,15.0,0,15,20,20,zero,86
happo,shock,3,93,0,5,4.0,4,0,2,2,zero,86
happo,shock,3,93,1,5,10.0,10,0,0,0,zero,86
happo,shock,3,93,2,5,5.0,5,0,0,0,zero,86
happo,shock,3,94,0,5,6.0,6,0,6,6,zero,86
happo,shock,3,94,1,5,4.0,4,0,0,0,zero,86
happo,shock,3,94,2,5,5.0,5,0,0,0,zero,86
happo,shock,3,95,0,5,3.0,3,0,6,6,zero,86
happo,shock,3,95,1,5,1.0,0,1,0,0,zero,86
happo,shock,3,95,2,5,25.0,25,0,0,0,zero,86
happo,shock,3,96,0,5,4.0,4,0,6,6,zero,86
happo,shock,3,96,1,5,13.0,13,0,1,1,zero,86
happo,shock,3,96,2,5,44.0,44,0,0,0,zero,86
happo,shock,3,97,0,3,3.0,3,0,2,2,zero,86
happo,shock,3,97,1,3,26.0,26,0,12,12,zero,86
happo,shock,3,97,2,3,32.0,32,0,0,0,zero,86
happo,shock,3,98,0,3,6.0,6,0,0,0,zero,86
happo,shock,3,98,1,3,26.0,26,0,0,0,zero,86
happo,shock,3,98,2,3,32.0,32,0,1,1,zero,86
happo,shock,3,99,0,3,8.0,8,0,0,0,zero,86
happo,shock,3,99,1,3,26.0,26,0,0,0,zero,86
happo,shock,3,99,2,3,32.0,32,0,0,0,zero,86
happo,shock,3,100,0,5,10.0,10,0,2,2,zero,86
happo,shock,3,100,1,5,25.0,25,0,0,0,zero,86
happo,shock,3,100,2,5,32.0,32,0,0,0,zero,86
happo,shock,3,101,0,5,7.0,7,0,9,9,zero,86
happo,shock,3,101,1,5,28.0,28,0,0,0,zero,86
happo,shock,3,101,2,5,32.0,32,0,0,0,zero,86
happo,shock,3,102,0,3,4.0,4,0,2,2,zero,86
happo,shock,3,102,1,3,26.0,26,0,1,1,zero,86
happo,shock,3,102,2,3,32.0,32,0,0,0,zero,86
happo,shock,3,103,0,3,1.0,1,0,2,2,zero,86
happo,shock,3,103,1,3,24.0,24,0,1,1,zero,86
happo,shock,3,103,2,3,31.0,31,0,0,0,zero,86
happo,shock,3,104,0,3,-0.0,0,0,2,2,zero,86
happo,shock,3,104,1,3,22.0,22,0,1,1,zero,86
happo,shock,3,104,2,3,30.0,30,0,0,0,zero,86
happo,shock,3,105,0,3,6.0,6,0,6,6,zero,86
happo,shock,3,105,1,3,16.0,16,0,1,1,zero,86
happo,shock,3,105,2,3,29.0,29,0,0,0,zero,86
happo,shock,3,106,0,3,5.0,5,0,0,0,zero,86
happo,shock,3,106,1,3,17.0,17,0,15,15,zero,86
happo,shock,3,106,2,3,14.0,14,0,0,0,zero,86
happo,shock,3,107,0,3,4.0,4,0,6,6,zero,86
happo,shock,3,107,1,3,12.0,12,0,0,0,zero,86
happo,shock,3,107,2,3,14.0,14,0,1,1,zero,86
happo,shock,3,108,0,3,3.0,3,0,2,2,zero,86
happo,shock,3,108,1,3,11.0,11,0,1,1,zero,86
happo,shock,3,108,2,3,13.0,13,0,0,0,zero,86
happo,shock,3,109,0,2,7.0,7,0,0,0,zero,86
happo,shock,3,109,1,2,12.0,12,0,1,1,zero,86
happo,shock,3,109,2,2,12.0,12,0,0,0,zero,86
happo,shock,3,110,0,2,5.0,5,0,0,0,zero,86
happo,shock,3,110,1,2,27.0,27,0,0,0,zero,86
happo,shock,3,110,2,2,12.0,12,0,0,0,zero,86
happo,shock,3,111,0,2,9.0,9,0,0,0,zero,86
happo,shock,3,111,1,2,27.0,27,0,0,0,zero,86
happo,shock,3,111,2,2,13.0,13,0,0,0,zero,86
happo,shock,3,112,0,2,9.0,9,0,0,0,zero,86
happo,shock,3,112,1,2,28.0,28,0,0,0,zero,86
happo,shock,3,112,2,2,13.0,13,0,0,0,zero,86
happo,shock,3,113,0,2,7.0,7,0,0,0,zero,86
happo,shock,3,113,1,2,29.0,29,0,0,0,zero,86
happo,shock,3,113,2,2,13.0,13,0,0,0,zero,86
happo,shock,3,114,0,2,5.0,5,0,2,2,zero,86
happo,shock,3,114,1,2,27.0,27,0,0,0,zero,86
happo,shock,3,114,2,2,13.0,13,0,0,0,zero,86
happo,shock,3,115,0,2,3.0,3,0,0,0,zero,86
happo,shock,3,115,1,2,27.0,27,0,0,0,zero,86
happo,shock,3,115,2,2,13.0,13,0,0,0,zero,86
happo,shock,3,116,0,2,1.0,1,0,6,6,zero,86
happo,shock,3,116,1,2,21.0,21,0,0,0,zero,86
happo,shock,3,116,2,2,13.0,13,0,0,0,zero,86
happo,shock,3,117,0,2,1.0,0,1,2,2,zero,86
happo,shock,3,117,1,2,19.0,19,0,1,1,zero,86
happo,shock,3,117,2,2,12.0,12,0,0,0,zero,86
happo,shock,3,118,0,2,1.0,0,1,0,0,zero,86
happo,shock,3,118,1,2,19.0,19,0,1,1,zero,86
happo,shock,3,118,2,2,11.0,11,0,0,0,zero,86
happo,shock,3,119,0,2,3.0,0,3,0,0,zero,86
happo,shock,3,119,1,2,19.0,19,0,1,1,zero,86
happo,shock,3,119,2,2,10.0,10,0,0,0,zero,86
happo,shock,3,120,0,2,1.0,1,0,6,6,zero,86
happo,shock,3,120,1,2,13.0,13,0,0,0,zero,86
happo,shock,3,120,2,2,10.0,10,0,0,0,zero,86
happo,shock,3,121,0,2,1.0,1,0,0,0,zero,86
happo,shock,3,121,1,2,14.0,14,0,1,1,zero,86
happo,shock,3,121,2,2,9.0,9,0,0,0,zero,86
happo,shock,3,122,0,1,-0.0,0,0,2,2,zero,86
happo,shock,3,122,1,1,13.0,13,0,1,1,zero,86
happo,shock,3,122,2,1,8.0,8,0,0,0,zero,86
happo,shock,3,123,0,1,1.0,0,1,0,0,zero,86
happo,shock,3,123,1,1,14.0,14,0,1,1,zero,86
happo,shock,3,123,2,1,7.0,7,0,1,1,zero,86
happo,shock,3,124,0,2,3.0,3,0,0,0,zero,86
happo,shock,3,124,1,2,14.0,14,0,1,1,zero,86
happo,shock,3,124,2,2,6.0,6,0,20,20,zero,86
happo,shock,3,125,0,2,1.0,1,0,2,2,zero,86
happo,shock,3,125,1,2,13.0,13,0,0,0,zero,86
happo,shock,3,125,2,2,6.0,6,0,0,0,zero,86
happo,shock,3,126,0,1,2.0,2,0,0,0,zero,86
happo,shock,3,126,1,1,14.0,14,0,0,0,zero,86
happo,shock,3,126,2,1,6.0,6,0,0,0,zero,86
happo,shock,3,127,0,2,-0.0,0,0,0,0,zero,86
happo,shock,3,127,1,2,15.0,15,0,0,0,zero,86
happo,shock,3,127,2,2,7.0,7,0,0,0,zero,86
happo,shock,3,128,0,2,2.0,0,2,6,6,zero,86
happo,shock,3,128,1,2,10.0,10,0,0,0,zero,86
happo,shock,3,128,2,2,27.0,27,0,0,0,zero,86
happo,shock,3,129,0,1,1.0,0,1,0,0,zero,86
happo,shock,3,129,1,1,10.0,10,0,1,1,zero,86
happo,shock,3,129,2,1,26.0,26,0,0,0,zero,86
happo,shock,3,130,0,1,2.0,0,2,0,0,zero,86
happo,shock,3,130,1,1,10.0,10,0,1,1,zero,86
happo,shock,3,130,2,1,25.0,25,0,0,0,zero,86
happo,shock,3,131,0,1,3.0,0,3,0,0,zero,86
happo,shock,3,131,1,1,10.0,10,0,0,0,zero,86
happo,shock,3,131,2,1,25.0,25,0,0,0,zero,86
happo,shock,3,132,0,1,2.0,2,0,6,6,zero,86
happo,shock,3,132,1,1,4.0,4,0,0,0,zero,86
happo,shock,3,132,2,1,25.0,25,0,0,0,zero,86
happo,shock,3,133,0,2,-0.0,0,0,0,0,zero,86
happo,shock,3,133,1,2,5.0,5,0,1,1,zero,86
happo,shock,3,133,2,2,24.0,24,0,0,0,zero,86
happo,shock,3,134,0,2,2.0,0,2,0,0,zero,86
happo,shock,3,134,1,2,6.0,6,0,1,1,zero,86
happo,shock,3,134,2,2,23.0,23,0,0,0,zero,86
happo,shock,3,135,0,2,4.0,0,4,6,6,zero,86
happo,shock,3,135,1,2,-0.0,0,0,0,0,zero,86
happo,shock,3,135,2,2,23.0,23,0,0,0,zero,86
happo,shock,3,136,0,2,-0.0,0,0,0,0,zero,86
happo,shock,3,136,1,2,-0.0,0,0,11,11,zero,86
happo,shock,3,136,2,2,12.0,12,0,0,0,zero,86
happo,shock,3,137,0,2,2.0,0,2,6,6,zero,86
happo,shock,3,137,1,2,5.0,0,5,0,0,zero,86
happo,shock,3,137,2,2,12.0,12,0,1,1,zero,86
happo,shock,3,138,0,2,4.0,0,4,6,6,zero,86
happo,shock,3,138,1,2,10.0,0,10,15,15,zero,86
happo,shock,3,138,2,2,3.0,0,3,0,0,zero,86
happo,shock,3,139,0,2,-0.0,0,0,6,6,zero,86
happo,shock,3,139,1,2,16.0,0,16,11,11,zero,86
happo,shock,3,139,2,2,14.0,0,14,20,20,zero,86
happo,shock,3,140,0,3,3.0,0,3,6,6,zero,86
happo,shock,3,140,1,3,11.0,0,11,15,15,zero,86
happo,shock,3,140,2,3,29.0,0,29,20,20,zero,86
happo,shock,3,141,0,2,4.0,0,4,2,2,zero,86
happo,shock,3,141,1,2,13.0,0,13,18,18,zero,86
happo,shock,3,141,2,2,46.0,0,46,20,20,zero,86
happo,shock,3,142,0,3,6.0,0,6,6,6,zero,86
happo,shock,3,142,1,3,7.0,0,7,11,11,zero,86
happo,shock,3,142,2,3,57.0,0,57,20,20,zero,86
happo,shock,3,143,0,3,9.0,0,9,0,0,zero,86
happo,shock,3,143,1,3,7.0,0,7,18,18,zero,86
happo,shock,3,143,2,3,55.0,0,55,20,20,zero,86
happo,shock,3,144,0,3,1.0,0,1,6,6,zero,86
happo,shock,3,144,1,3,13.0,0,13,3,3,zero,86
happo,shock,3,144,2,3,38.0,0,38,20,20,zero,86
happo,shock,3,145,0,3,4.0,0,4,6,6,zero,86
happo,shock,3,145,1,3,18.0,0,18,0,0,zero,86
happo,shock,3,145,2,3,18.0,0,18,1,1,zero,86
happo,shock,3,146,0,3,5.0,5,0,6,6,zero,86
happo,shock,3,146,1,3,24.0,0,24,0,0,zero,86
happo,shock,3,146,2,3,2.0,2,0,0,0,zero,86
happo,shock,3,147,0,4,1.0,1,0,19,19,zero,86
happo,shock,3,147,1,4,23.0,0,23,0,0,zero,86
happo,shock,3,147,2,4,22.0,22,0,0,0,zero,86
happo,shock,3,148,0,4,3.0,0,3,9,9,zero,86
happo,shock,3,148,1,4,12.0,0,12,18,18,zero,86
happo,shock,3,148,2,4,24.0,24,0,0,0,zero,86
happo,shock,3,149,0,4,6.0,0,6,2,2,zero,86
happo,shock,3,149,1,4,6.0,6,0,18,18,zero,86
happo,shock,3,149,2,4,7.0,7,0,16,16,zero,86
happo,shock,3,150,0,4,10.0,0,10,0,0,zero,86
happo,shock,3,150,1,4,24.0,24,0,0,0,zero,86
happo,shock,3,150,2,4,7.0,7,0,20,20,zero,86
happo,shock,3,151,0,4,6.0,6,0,0,0,zero,86
happo,shock,3,151,1,4,24.0,24,0,0,0,zero,86
happo,shock,3,151,2,4,7.0,7,0,3,3,zero,86
happo,shock,3,152,0,3,23.0,23,0,6,6,zero,86
happo,shock,3,152,1,3,36.0,36,0,0,0,zero,86
happo,shock,3,152,2,3,7.0,7,0,0,0,zero,86
happo,shock,3,153,0,3,34.0,34,0,0,0,zero,86
happo,shock,3,153,1,3,54.0,54,0,0,0,zero,86
happo,shock,3,153,2,3,23.0,23,0,0,0,zero,86
happo,shock,3,154,0,3,31.0,31,0,0,0,zero,86
happo,shock,3,154,1,3,54.0,54,0,0,0,zero,86
happo,shock,3,154,2,3,43.0,43,0,0,0,zero,86
happo,shock,3,155,0,4,27.0,27,0,0,0,zero,86
happo,shock,3,155,1,4,54.0,54,0,0,0,zero,86
happo,shock,3,155,2,4,46.0,46,0,0,0,zero,86
happo,shock,3,156,0,4,29.0,29,0,0,0,zero,86
happo,shock,3,156,1,4,54.0,54,0,0,0,zero,86
happo,shock,3,156,2,4,46.0,46,0,0,0,zero,86
happo,shock,3,157,0,4,25.0,25,0,0,0,zero,86
happo,shock,3,157,1,4,54.0,54,0,0,0,zero,86
happo,shock,3,157,2,4,46.0,46,0,0,0,zero,86
happo,shock,3,158,0,4,21.0,21,0,2,2,zero,86
happo,shock,3,158,1,4,52.0,52,0,0,0,zero,86
happo,shock,3,158,2,4,46.0,46,0,0,0,zero,86
happo,shock,3,159,0,4,17.0,17,0,2,2,zero,86
happo,shock,3,159,1,4,50.0,50,0,0,0,zero,86
happo,shock,3,159,2,4,46.0,46,0,0,0,zero,86
happo,shock,3,160,0,4,13.0,13,0,2,2,zero,86
happo,shock,3,160,1,4,48.0,48,0,0,0,zero,86
happo,shock,3,160,2,4,46.0,46,0,0,0,zero,86
happo,shock,3,161,0,4,9.0,9,0,2,2,zero,86
happo,shock,3,161,1,4,46.0,46,0,0,0,zero,86
happo,shock,3,161,2,4,46.0,46,0,0,0,zero,86
happo,shock,3,162,0,3,8.0,8,0,4,4,zero,86
happo,shock,3,162,1,3,42.0,42,0,1,1,zero,86
happo,shock,3,162,2,3,45.0,45,0,0,0,zero,86
happo,shock,3,163,0,4,6.0,6,0,2,2,zero,86
happo,shock,3,163,1,4,40.0,40,0,1,1,zero,86
happo,shock,3,163,2,4,44.0,44,0,0,0,zero,86
happo,shock,3,164,0,3,5.0,5,0,9,9,zero,86
happo,shock,3,164,1,3,31.0,31,0,1,1,zero,86
happo,shock,3,164,2,3,43.0,43,0,0,0,zero,86
happo,shock,3,165,0,3,4.0,4,0,2,2,zero,86
happo,shock,3,165,1,3,29.0,29,0,1,1,zero,86
happo,shock,3,165,2,3,42.0,42,0,0,0,zero,86
happo,shock,3,166,0,3,5.0,5,0,0,0,zero,86
happo,shock,3,166,1,3,30.0,30,0,1,1,zero,86
happo,shock,3,166,2,3,41.0,41,0,0,0,zero,86
happo,shock,3,167,0,3,4.0,4,0,0,0,zero,86
happo,shock,3,167,1,3,31.0,31,0,1,1,zero,86
happo,shock,3,167,2,3,40.0,40,0,0,0,zero,86
happo,shock,3,168,0,3,10.0,10,0,2,2,zero,86
happo,shock,3,168,1,3,30.0,30,0,0,0,zero,86
happo,shock,3,168,2,3,40.0,40,0,0,0,zero,86
happo,shock,3,169,0,3,9.0,9,0,2,2,zero,86
happo,shock,3,169,1,3,29.0,29,0,0,0,zero,86
happo,shock,3,169,2,3,40.0,40,0,0,0,zero,86
happo,shock,3,170,0,4,5.0,5,0,2,2,zero,86
happo,shock,3,170,1,4,28.0,28,0,0,0,zero,86
happo,shock,3,170,2,4,40.0,40,0,0,0,zero,86
happo,shock,3,171,0,4,1.0,1,0,9,9,zero,86
happo,shock,3,171,1,4,20.0,20,0,1,1,zero,86
happo,shock,3,171,2,4,39.0,39,0,0,0,zero,86
happo,shock,3,172,0,4,1.0,0,1,2,2,zero,86
happo,shock,3,172,1,4,18.0,18,0,1,1,zero,86
happo,shock,3,172,2,4,38.0,38,0,0,0,zero,86
happo,shock,3,173,0,4,3.0,0,3,2,2,zero,86
happo,shock,3,173,1,4,16.0,16,0,1,1,zero,86
happo,shock,3,173,2,4,37.0,37,0,0,0,zero,86
happo,shock,3,174,0,4,5.0,0,5,6,6,zero,86
happo,shock,3,174,1,4,10.0,10,0,1,1,zero,86
happo,shock,3,174,2,4,36.0,36,0,0,0,zero,86
happo,shock,3,175,0,4,-0.0,0,0,6,6,zero,86
happo,shock,3,175,1,4,5.0,5,0,15,15,zero,86
happo,shock,3,175,2,4,21.0,21,0,0,0,zero,86
happo,shock,3,176,0,4,2.0,0,2,2,2,zero,86
happo,shock,3,176,1,4,4.0,4,0,1,1,zero,86
happo,shock,3,176,2,4,20.0,20,0,0,0,zero,86
happo,shock,3,177,0,4,4.0,0,4,6,6,zero,86
happo,shock,3,177,1,4,1.0,0,1,1,1,zero,86
happo,shock,3,177,2,4,19.0,19,0,0,0,zero,86
happo,shock,3,178,0,4,2.0,0,2,6,6,zero,86
happo,shock,3,178,1,4,6.0,0,6,1,1,zero,86
happo,shock,3,178,2,4,18.0,18,0,0,0,zero,86
happo,shock,3,179,0,4,-0.0,0,0,10,10,zero,86
happo,shock,3,179,1,4,1.0,0,1,15,15,zero,86
happo,shock,3,179,2,4,3.0,3,0,0,0,zero,86
happo,shock,3,180,0,5,3.0,0,3,6,6,zero,86
happo,shock,3,180,1,5,6.0,0,6,1,1,zero,86
happo,shock,3,180,2,5,2.0,2,0,16,16,zero,86
happo,shock,3,181,0,5,3.0,0,3,6,6,zero,86
happo,shock,3,181,1,5,11.0,0,11,15,15,zero,86
happo,shock,3,181,2,5,13.0,0,13,2,2,zero,86
happo,shock,3,182,0,5,7.0,0,7,6,6,zero,86
happo,shock,3,182,1,5,16.0,0,16,15,15,zero,86
happo,shock,3,182,2,5,28.0,0,28,20,20,zero,86
happo,shock,3,183,0,5,3.0,3,0,6,6,zero,86
happo,shock,3,183,1,5,7.0,0,7,15,15,zero,86
happo,shock,3,183,2,5,43.0,0,43,20,20,zero,86
happo,shock,3,184,0,5,1.0,0,1,2,2,zero,86
happo,shock,3,184,1,5,8.0,0,8,15,15,zero,86
happo,shock,3,184,2,5,42.0,0,42,20,20,zero,86
happo,shock,3,185,0,5,5.0,0,5,6,6,zero,86
happo,shock,3,185,1,5,12.0,0,12,3,3,zero,86
happo,shock,3,185,2,5,43.0,0,43,20,20,zero,86
happo,shock,3,186,0,5,9.0,0,9,6,6,zero,86
happo,shock,3,186,1,5,18.0,0,18,18,18,zero,86
happo,shock,3,186,2,5,41.0,0,41,14,14,zero,86
happo,shock,3,187,0,6,-0.0,0,0,6,6,zero,86
happo,shock,3,187,1,6,24.0,0,24,3,3,zero,86
happo,shock,3,187,2,6,24.0,0,24,20,20,zero,86
happo,shock,3,188,0,6,5.0,0,5,19,19,zero,86
happo,shock,3,188,1,6,27.0,0,27,0,0,zero,86
happo,shock,3,188,2,6,4.0,0,4,16,16,zero,86
happo,shock,3,189,0,5,8.0,0,8,10,10,zero,86
happo,shock,3,189,1,5,35.0,0,35,18,18,zero,86
happo,shock,3,189,2,5,2.0,0,2,0,0,zero,86
happo,shock,3,190,0,6,14.0,0,14,10,10,zero,86
happo,shock,3,190,1,6,25.0,0,25,0,0,zero,86
happo,shock,3,190,2,6,12.0,12,0,16,16,zero,86
happo,shock,3,191,0,7,21.0,0,21,6,6,zero,86
happo,shock,3,191,1,7,11.0,0,11,18,18,zero,86
happo,shock,3,191,2,7,14.0,14,0,1,1,zero,86
happo,shock,3,192,0,7,12.0,0,12,2,2,zero,86
happo,shock,3,192,1,7,7.0,7,0,0,0,zero,86
happo,shock,3,192,2,7,30.0,30,0,16,16,zero,86
happo,shock,3,193,0,7,17.0,0,17,0,0,zero,86
happo,shock,3,193,1,7,27.0,27,0,0,0,zero,86
happo,shock,3,193,2,7,30.0,30,0,0,0,zero,86
happo,shock,3,194,0,6,3.0,0,3,6,6,zero,86
happo,shock,3,194,1,6,23.0,23,0,0,0,zero,86
happo,shock,3,194,2,6,46.0,46,0,0,0,zero,86
happo,shock,3,195,0,6,11.0,11,0,6,6,zero,86
happo,shock,3,195,1,6,35.0,35,0,0,0,zero,86
happo,shock,3,195,2,6,47.0,47,0,0,0,zero,86
happo,shock,3,196,0,5,19.0,19,0,6,6,zero,86
happo,shock,3,196,1,5,29.0,29,0,1,1,zero,86
happo,shock,3,196,2,5,62.0,62,0,0,0,zero,86
happo,shock,3,197,0,5,14.0,14,0,2,2,zero,86
happo,shock,3,197,1,5,27.0,27,0,15,15,zero,86
happo,shock,3,197,2,5,47.0,47,0,0,0,zero,86
happo,shock,3,198,0,5,15.0,15,0,2,2,zero,86
happo,shock,3,198,1,5,25.0,25,0,1,1,zero,86
happo,shock,3,198,2,5,46.0,46,0,0,0,zero,86
happo,shock,3,199,0,5,16.0,16,0,2,2,zero,86
happo,shock,3,199,1,5,23.0,23,0,1,1,zero,86
happo,shock,3,199,2,5,45.0,45,0,0,0,zero,86
happo,shock,3,200,0,5,17.0,17,0,2,2,zero,86
happo,shock,3,200,1,5,22.0,22,0,0,0,zero,86
happo,shock,3,200,2,5,45.0,45,0,0,0,zero,86
manual_screen,base,0,1,0,10,10.0,10,0,10,10,zero,
manual_screen,base,0,1,1,10,10.0,10,0,15,15,zero,
manual_screen,base,0,1,2,10,5.0,5,0,0,0,zero,
manual_screen,base,0,2,0,9,11.0,11,0,10,10,zero,
manual_screen,base,0,2,1,9,10.0,10,0,1,1,zero,
manual_screen,base,0,2,2,9,14.0,14,0,20,20,zero,
manual_screen,base,0,3,0,9,12.0,12,0,6,6,zero,
manual_screen,base,0,3,1,9,14.0,14,0,15,15,zero,
manual_screen,base,0,3,2,9,9.0,9,0,3,3,zero,
manual_screen,base,0,4,0,9,13.0,13,0,10,10,zero,
manual_screen,base,0,4,1,9,14.0,14,0,1,1,zero,
manual_screen,base,0,4,2,9,18.0,18,0,20,20,zero,
manual_screen,base,0,5,0,8,15.0,15,0,6,6,zero,
manual_screen,base,0,5,1,8,23.0,23,0,15,15,zero,
manual_screen,base,0,5,2,8,3.0,3,0,0,0,zero,
manual_screen,base,0,6,0,7,18.0,18,0,9,9,zero,
manual_screen,base,0,6,1,7,15.0,15,0,1,1,zero,
manual_screen,base,0,6,2,7,22.0,22,0,16,16,zero,
manual_screen,base,0,7,0,7,17.0,17,0,4,4,zero,
manual_screen,base,0,7,1,7,26.0,26,0,1,1,zero,
manual_screen,base,0,7,2,7,24.0,24,0,0,0,zero,
manual_screen,base,0,8,0,8,19.0,19,0,4,4,zero,
manual_screen,base,0,8,1,8,23.0,23,0,1,1,zero,
manual_screen,base,0,8,2,8,43.0,43,0,0,0,zero,
manual_screen,base,0,9,0,7,18.0,18,0,6,6,zero,
manual_screen,base,0,9,1,7,32.0,32,0,1,1,zero,
manual_screen,base,0,9,2,7,42.0,42,0,0,0,zero,
manual_screen,base,0,10,0,7,20.0,20,0,4,4,zero,
manual_screen,base,0,10,1,7,29.0,29,0,1,1,zero,
manual_screen,base,0,10,2,7,57.0,57,0,0,0,zero,
manual_screen,base,0,11,0,7,17.0,17,0,4,4,zero,
manual_screen,base,0,11,1,7,26.0,26,0,1,1,zero,
manual_screen,base,0,11,2,7,56.0,56,0,0,0,zero,
manual_screen,base,0,12,0,7,14.0,14,0,4,4,zero,
manual_screen,base,0,12,1,7,23.0,23,0,1,1,zero,
manual_screen,base,0,12,2,7,55.0,55,0,0,0,zero,
manual_screen,base,0,13,0,8,12.0,12,0,9,9,zero,
manual_screen,base,0,13,1,8,15.0,15,0,1,1,zero,
manual_screen,base,0,13,2,8,54.0,54,0,0,0,zero,
manual_screen,base,0,14,0,8,8.0,8,0,9,9,zero,
manual_screen,base,0,14,1,8,7.0,7,0,15,15,zero,
manual_screen,base,0,14,2,8,39.0,39,0,0,0,zero,
manual_screen,base,0,15,0,9,3.0,3,0,9,9,zero,
manual_screen,base,0,15,1,9,1.0,0,1,11,11,zero,
manual_screen,base,0,15,2,9,28.0,28,0,0,0,zero,
manual_screen,base,0,16,0,8,1.0,0,1,9,9,zero,
manual_screen,base,0,16,1,8,9.0,0,9,15,15,zero,
manual_screen,base,0,16,2,8,13.0,13,0,16,16,zero,
manual_screen,base,0,17,0,8,-0.0,0,0,10,10,zero,
manual_screen,base,0,17,1,8,18.0,0,18,3,3,zero,
manual_screen,base,0,17,2,8,10.0,10,0,20,20,zero,
manual_screen,base,0,18,0,8,1.0,1,0,10,10,zero,
manual_screen,base,0,18,1,8,13.0,0,13,15,15,zero,
manual_screen,base,0,18,2,8,5.0,0,5,0,0,zero,
manual_screen,base,0,19,0,9,-0.0,0,0,6,6,zero,
manual_screen,base,0,19,1,9,8.0,0,8,18,18,zero,
manual_screen,base,0,19,2,9,23.0,0,23,20,20,zero,
manual_screen,base,0,20,0,9,8.0,0,8,10,10,zero,
manual_screen,base,0,20,1,9,3.0,0,3,18,18,zero,
manual_screen,base,0,20,2,9,25.0,0,25,20,20,zero,
manual_screen,base,0,21,0,8,15.0,0,15,6,6,zero,
manual_screen,base,0,21,1,8,6.0,0,6,18,18,zero,
manual_screen,base,0,21,2,8,23.0,0,23,20,20,zero,
manual_screen,base,0,22,0,10,10.0,0,10,10,10,zero,
manual_screen,base,0,22,1,10,6.0,0,6,3,3,zero,
manual_screen,base,0,22,2,10,26.0,0,26,20,20,zero,
manual_screen,base,0,23,0,10,9.0,0,9,10,10,zero,
manual_screen,base,0,23,1,10,16.0,0,16,18,18,zero,
manual_screen,base,0,23,2,10,24.0,0,24,0,0,zero,
manual_screen,base,0,24,0,9,3.0,0,3,19,19,zero,
manual_screen,base,0,24,1,9,19.0,0,19,3,3,zero,
manual_screen,base,0,24,2,9,7.0,0,7,20,20,zero,
manual_screen,base,0,25,0,8,8.0,0,8,10,10,zero,
manual_screen,base,0,25,1,8,9.0,0,9,18,18,zero,
manual_screen,base,0,25,2,8,5.0,0,5,16,16,zero,
manual_screen,base,0,26,0,8,6.0,0,6,2,2,zero,
manual_screen,base,0,26,1,8,11.0,0,11,3,3,zero,
manual_screen,base,0,26,2,8,12.0,12,0,20,20,zero,
manual_screen,base,0,27,0,8,14.0,0,14,6,6,zero,
manual_screen,base,0,27,1,8,3.0,3,0,0,0,zero,
manual_screen,base,0,27,2,8,12.0,12,0,3,3,zero,
manual_screen,base,0,28,0,7,5.0,0,5,6,6,zero,
manual_screen,base,0,28,1,7,17.0,17,0,12,12,zero,
manual_screen,base,0,28,2,7,20.0,20,0,0,0,zero,
manual_screen,base,0,29,0,7,8.0,8,0,6,6,zero,
manual_screen,base,0,29,1,7,31.0,31,0,0,0,zero,
manual_screen,base,0,29,2,7,36.0,36,0,0,0,zero,
manual_screen,base,0,30,0,6,2.0,2,0,2,2,zero,
manual_screen,base,0,30,1,6,37.0,37,0,12,12,zero,
manual_screen,base,0,30,2,6,44.0,44,0,0,0,zero,
manual_screen,base,0,31,0,7,12.0,12,0,6,6,zero,
manual_screen,base,0,31,1,7,31.0,31,0,0,0,zero,
manual_screen,base,0,31,2,7,47.0,47,0,1,1,zero,
manual_screen,base,0,32,0,7,11.0,11,0,6,6,zero,
manual_screen,base,0,32,1,7,37.0,37,0,1,1,zero,
manual_screen,base,0,32,2,7,46.0,46,0,0,0,zero,
manual_screen,base,0,33,0,8,9.0,9,0,9,9,zero,
manual_screen,base,0,33,1,8,28.0,28,0,1,1,zero,
manual_screen,base,0,33,2,8,45.0,45,0,0,0,zero,
manual_screen,base,0,34,0,9,2.0,2,0,9,9,zero,
manual_screen,base,0,34,1,9,31.0,31,0,15,15,zero,
manual_screen,base,0,34,2,9,30.0,30,0,0,0,zero,
manual_screen,base,0,35,0,9,1.0,0,1,9,9,zero,
manual_screen,base,0,35,1,9,22.0,22,0,15,15,zero,
manual_screen,base,0,35,2,9,16.0,16,0,1,1,zero,
manual_screen,base,0,36,0,9,4.0,0,4,9,9,zero,
manual_screen,base,0,36,1,9,14.0,14,0,1,1,zero,
manual_screen,base,0,36,2,9,15.0,15,0,20,20,zero,
manual_screen,base,0,37,0,8,3.0,0,3,10,10,zero,
manual_screen,base,0,37,1,8,5.0,5,0,11,11,zero,
manual_screen,base,0,37,2,8,4.0,4,0,3,3,zero,
manual_screen,base,0,38,0,8,2.0,0,2,6,6,zero,
manual_screen,base,0,38,1,8,14.0,14,0,15,15,zero,
manual_screen,base,0,38,2,8,11.0,0,11,20,20,zero,
manual_screen,base,0,39,0,8,1.0,0,1,10,10,zero,
manual_screen,base,0,39,1,8,19.0,19,0,11,11,zero,
manual_screen,base,0,39,2,8,21.0,0,21,20,20,zero,
manual_screen,base,0,40,0,9,1.0,0,1,6,6,zero,
manual_screen,base,0,40,1,9,14.0,14,0,15,15,zero,
manual_screen,base,0,40,2,9,16.0,0,16,20,20,zero,
manual_screen,base,0,41,0,10,1.0,0,1,19,19,zero,
manual_screen,base,0,41,1,10,6.0,6,0,1,1,zero,
manual_screen,base,0,41,2,10,14.0,0,14,16,16,zero,
manual_screen,base,0,42,0,10,5.0,0,5,6,6,zero,
manual_screen,base,0,42,1,10,4.0,4,0,15,15,zero,
manual_screen,base,0,42,2,10,9.0,0,9,0,0,zero,
manual_screen,base,0,43,0,9,4.0,0,4,10,10,zero,
manual_screen,base,0,43,1,9,5.0,0,5,3,3,zero,
manual_screen,base,0,43,2,9,8.0,8,0,16,16,zero,
manual_screen,base,0,44,0,7,5.0,0,5,10,10,zero,
manual_screen,base,0,44,1,7,5.0,5,0,15,15,zero,
manual_screen,base,0,44,2,7,13.0,13,0,1,1,zero,
manual_screen,base,0,45,0,8,6.0,6,0,6,6,zero,
manual_screen,base,0,45,1,8,2.0,2,0,3,3,zero,
manual_screen,base,0,45,2,8,26.0,26,0,16,16,zero,
manual_screen,base,0,46,0,7,5.0,5,0,10,10,zero,
manual_screen,base,0,46,1,7,12.0,12,0,5,5,zero,
manual_screen,base,0,46,2,7,21.0,21,0,0,0,zero,
manual_screen,base,0,47,0,7,3.0,3,0,6,6,zero,
manual_screen,base,0,47,1,7,18.0,18,0,15,15,zero,
manual_screen,base,0,47,2,7,22.0,22,0,0,0,zero,
manual_screen,base,0,48,0,7,11.0,11,0,6,6,zero,
manual_screen,base,0,48,1,7,27.0,27,0,3,3,zero,
manual_screen,base,0,48,2,7,20.0,20,0,16,16,zero,
manual_screen,base,0,49,0,7,10.0,10,0,6,6,zero,
manual_screen,base,0,49,1,7,24.0,24,0,1,1,zero,
manual_screen,base,0,49,2,7,35.0,35,0,3,3,zero,
manual_screen,base,0,50,0,8,12.0,12,0,6,6,zero,
manual_screen,base,0,50,1,8,23.0,23,0,1,1,zero,
manual_screen,base,0,50,2,8,34.0,34,0,0,0,zero,
manual_screen,base,0,51,0,8,10.0,10,0,10,10,zero,
manual_screen,base,0,51,1,8,28.0,28,0,1,1,zero,
manual_screen,base,0,51,2,8,33.0,33,0,0,0,zero,
manual_screen,base,0,52,0,8,8.0,8,0,9,9,zero,
manual_screen,base,0,52,1,8,22.0,22,0,15,15,zero,
manual_screen,base,0,52,2,8,34.0,34,0,0,0,zero,
manual_screen,base,0,53,0,8,6.0,6,0,9,9,zero,
manual_screen,base,0,53,1,8,14.0,14,0,15,15,zero,
manual_screen,base,0,53,2,8,22.0,22,0,1,1,zero,
manual_screen,base,0,54,0,8,4.0,4,0,2,2,zero,
manual_screen,base,0,54,1,8,13.0,13,0,15,15,zero,
manual_screen,base,0,54,2,8,7.0,7,0,20,20,zero,
manual_screen,base,0,55,0,9,5.0,5,0,6,6,zero,
manual_screen,base,0,55,1,9,8.0,8,0,0,0,zero,
manual_screen,base,0,55,2,9,7.0,7,0,20,20,zero,
manual_screen,base,0,56,0,8,6.0,6,0,10,10,zero,
manual_screen,base,0,56,1,8,13.0,13,0,1,1,zero,
manual_screen,base,0,56,2,8,6.0,6,0,0,0,zero,
manual_screen,base,0,57,0,8,7.0,7,0,9,9,zero,
manual_screen,base,0,57,1,8,19.0,19,0,12,12,zero,
manual_screen,base,0,57,2,8,5.0,0,5,0,0,zero,
manual_screen,base,0,58,0,6,3.0,3,0,9,9,zero,
manual_screen,base,0,58,1,6,25.0,25,0,15,15,zero,
manual_screen,base,0,58,2,6,-0.0,0,0,0,0,zero,
manual_screen,base,0,59,0,6,3.0,3,0,2,2,zero,
manual_screen,base,0,59,1,6,23.0,23,0,15,15,zero,
manual_screen,base,0,59,2,6,5.0,5,0,20,20,zero,
manual_screen,base,0,60,0,6,7.0,7,0,6,6,zero,
manual_screen,base,0,60,1,6,18.0,18,0,0,0,zero,
manual_screen,base,0,60,2,6,5.0,5,0,20,20,zero,
manual_screen,base,0,61,0,5,11.0,11,0,6,6,zero,
manual_screen,base,0,61,1,5,19.0,19,0,0,0,zero,
manual_screen,base,0,61,2,5,5.0,5,0,0,0,zero,
manual_screen,base,0,62,0,5,15.0,15,0,2,2,zero,
manual_screen,base,0,62,1,5,37.0,37,0,1,1,zero,
manual_screen,base,0,62,2,5,4.0,4,0,0,0,zero,
manual_screen,base,0,63,0,5,12.0,12,0,2,2,zero,
manual_screen,base,0,63,1,5,50.0,50,0,0,0,zero,
manual_screen,base,0,63,2,5,24.0,24,0,0,0,zero,
manual_screen,base,0,64,0,5,13.0,13,0,2,2,zero,
manual_screen,base,0,64,1,5,48.0,48,0,0,0,zero,
manual_screen,base,0,64,2,5,44.0,44,0,0,0,zero,
manual_screen,base,0,65,0,5,14.0,14,0,6,6,zero,
manual_screen,base,0,65,1,5,42.0,42,0,0,0,zero,
manual_screen,base,0,65,2,5,44.0,44,0,0,0,zero,
manual_screen,base,0,66,0,5,11.0,11,0,2,2,zero,
manual_screen,base,0,66,1,5,41.0,41,0,1,1,zero,
manual_screen,base,0,66,2,5,43.0,43,0,0,0,zero,
manual_screen,base,0,67,0,4,9.0,9,0,9,9,zero,
manual_screen,base,0,67,1,4,32.0,32,0,1,1,zero,
manual_screen,base,0,67,2,4,42.0,42,0,0,0,zero,
manual_screen,base,0,68,0,5,6.0,6,0,3,3,zero,
manual_screen,base,0,68,1,5,29.0,29,0,1,1,zero,
manual_screen,base,0,68,2,5,41.0,41,0,0,0,zero,
manual_screen,base,0,69,0,6,6.0,6,0,3,3,zero,
manual_screen,base,0,69,1,6,26.0,26,0,1,1,zero,
manual_screen,base,0,69,2,6,40.0,40,0,0,0,zero,
manual_screen,base,0,70,0,6,2.0,2,0,6,6,zero,
manual_screen,base,0,70,1,6,21.0,21,0,1,1,zero,
manual_screen,base,0,70,2,6,39.0,39,0,0,0,zero,
manual_screen,base,0,71,0,6,5.0,5,0,6,6,zero,
manual_screen,base,0,71,1,6,16.0,16,0,15,15,zero,
manual_screen,base,0,71,2,6,24.0,24,0,0,0,zero,
manual_screen,base,0,72,0,5,3.0,3,0,9,9,zero,
manual_screen,base,0,72,1,5,8.0,8,0,1,1,zero,
manual_screen,base,0,72,2,5,23.0,23,0,0,0,zero,
manual_screen,base,0,73,0,6,-0.0,0,0,2,2,zero,
manual_screen,base,0,73,1,6,7.0,7,0,15,15,zero,
manual_screen,base,0,73,2,6,8.0,8,0,0,0,zero,
manual_screen,base,0,74,0,6,-0.0,0,0,6,6,zero,
manual_screen,base,0,74,1,6,2.0,2,0,1,1,zero,
manual_screen,base,0,74,2,6,7.0,7,0,20,20,zero,
manual_screen,base,0,75,0,7,1.0,0,1,6,6,zero,
manual_screen,base,0,75,1,7,11.0,11,0,1,1,zero,
manual_screen,base,0,75,2,7,6.0,6,0,3,3,zero,
manual_screen,base,0,76,0,7,1.0,1,0,10,10,zero,
manual_screen,base,0,76,1,7,2.0,2,0,1,1,zero,
manual_screen,base,0,76,2,7,5.0,5,0,0,0,zero,
manual_screen,base,0,77,0,7,4.0,0,4,6,6,zero,
manual_screen,base,0,77,1,7,11.0,11,0,15,15,zero,
manual_screen,base,0,77,2,7,10.0,0,10,0,0,zero,
manual_screen,base,0,78,0,6,4.0,0,4,10,10,zero,
manual_screen,base,0,78,1,6,2.0,2,0,15,15,zero,
manual_screen,base,0,78,2,6,5.0,0,5,2,2,zero,
manual_screen,base,0,79,0,6,4.0,0,4,6,6,zero,
manual_screen,base,0,79,1,6,3.0,0,3,3,3,zero,
manual_screen,base,0,79,2,6,5.0,0,5,20,20,zero,
manual_screen,base,0,80,0,7,1.0,0,1,6,6,zero,
manual_screen,base,0,80,1,7,8.0,0,8,15,15,zero,
manual_screen,base,0,80,2,7,20.0,0,20,20,20,zero,
manual_screen,base,0,81,0,8,3.0,0,3,10,10,zero,
manual_screen,base,0,81,1,8,13.0,0,13,3,3,zero,
manual_screen,base,0,81,2,8,23.0,0,23,20,20,zero,
manual_screen,base,0,82,0,8,1.0,0,1,10,10,zero,
manual_screen,base,0,82,1,8,3.0,0,3,15,15,zero,
manual_screen,base,0,82,2,8,36.0,0,36,0,0,zero,
manual_screen,base,0,83,0,7,5.0,0,5,6,6,zero,
manual_screen,base,0,83,1,7,6.0,0,6,15,15,zero,
manual_screen,base,0,83,2,7,31.0,0,31,20,20,zero,
manual_screen,base,0,84,0,6,10.0,0,10,10,10,zero,
manual_screen,base,0,84,1,6,16.0,0,16,3,3,zero,
manual_screen,base,0,84,2,6,14.0,0,14,20,20,zero,
manual_screen,base,0,85,0,6,11.0,0,11,6,6,zero,
manual_screen,base,0,85,1,6,22.0,0,22,3,3,zero,
manual_screen,base,0,85,2,6,3.0,3,0,0,0,zero,
manual_screen,base,0,86,0,6,3.0,3,0,6,6,zero,
manual_screen,base,0,86,1,6,26.0,0,26,0,0,zero,
manual_screen,base,0,86,2,6,3.0,3,0,0,0,zero,
manual_screen,base,0,87,0,6,-0.0,0,0,19,19,zero,
manual_screen,base,0,87,1,6,25.0,0,25,0,0,zero,
manual_screen,base,0,87,2,6,23.0,23,0,0,0,zero,
manual_screen,base,0,88,0,6,6.0,0,6,9,9,zero,
manual_screen,base,0,88,1,6,14.0,0,14,18,18,zero,
manual_screen,base,0,88,2,6,25.0,25,0,0,0,zero,
manual_screen,base,0,89,0,5,11.0,0,11,2,2,zero,
manual_screen,base,0,89,1,5,1.0,1,0,18,18,zero,
manual_screen,base,0,89,2,5,7.0,7,0,16,16,zero,
manual_screen,base,0,90,0,5,14.0,0,14,0,0,zero,
manual_screen,base,0,90,1,5,1.0,1,0,0,0,zero,
manual_screen,base,0,90,2,5,7.0,7,0,20,20,zero,
manual_screen,base,0,91,0,5,1.0,1,0,6,6,zero,
manual_screen,base,0,91,1,5,5.0,0,5,0,0,zero,
manual_screen,base,0,91,2,5,7.0,7,0,0,0,zero,
manual_screen,base,0,92,0,5,16.0,16,0,6,6,zero,
manual_screen,base,0,92,1,5,7.0,7,0,12,12,zero,
manual_screen,base,0,92,2,5,5.0,0,5,0,0,zero,
manual_screen,base,0,93,0,5,27.0,27,0,0,0,zero,
manual_screen,base,0,93,1,5,25.0,25,0,12,12,zero,
manual_screen,base,0,93,2,5,1.0,0,1,0,0,zero,
manual_screen,base,0,94,0,5,22.0,22,0,0,0,zero,
manual_screen,base,0,94,1,5,25.0,25,0,0,0,zero,
manual_screen,base,0,94,2,5,19.0,19,0,20,20,zero,
manual_screen,base,0,95,0,5,18.0,18,0,2,2,zero,
manual_screen,base,0,95,1,5,23.0,23,0,0,0,zero,
manual_screen,base,0,95,2,5,19.0,19,0,0,0,zero,
manual_screen,base,0,96,0,7,22.0,22,0,2,2,zero,
manual_screen,base,0,96,1,7,28.0,28,0,0,0,zero,
manual_screen,base,0,96,2,7,19.0,19,0,0,0,zero,
manual_screen,base,0,97,0,7,15.0,15,0,9,9,zero,
manual_screen,base,0,97,1,7,35.0,35,0,0,0,zero,
manual_screen,base,0,97,2,7,19.0,19,0,0,0,zero,
manual_screen,base,0,98,0,7,8.0,8,0,3,3,zero,
manual_screen,base,0,98,1,7,33.0,33,0,1,1,zero,
manual_screen,base,0,98,2,7,38.0,38,0,0,0,zero,
manual_screen,base,0,99,0,8,2.0,2,0,9,9,zero,
manual_screen,base,0,99,1,8,24.0,24,0,1,1,zero,
manual_screen,base,0,99,2,8,37.0,37,0,0,0,zero,
manual_screen,base,0,100,0,8,4.0,0,4,9,9,zero,
manual_screen,base,0,100,1,8,15.0,15,0,15,15,zero,
manual_screen,base,0,100,2,8,22.0,22,0,0,0,zero,
manual_screen,base,0,101,0,8,3.0,0,3,9,9,zero,
manual_screen,base,0,101,1,8,6.0,6,0,15,15,zero,
manual_screen,base,0,101,2,8,7.0,7,0,1,1,zero,
manual_screen,base,0,102,0,7,7.0,0,7,9,9,zero,
manual_screen,base,0,102,1,7,2.0,0,2,11,11,zero,
manual_screen,base,0,102,2,7,4.0,0,4,20,20,zero,
manual_screen,base,0,103,0,7,5.0,0,5,10,10,zero,
manual_screen,base,0,103,1,7,11.0,0,11,15,15,zero,
manual_screen,base,0,103,2,7,19.0,0,19,20,20,zero,
manual_screen,base,0,104,0,8,4.0,0,4,10,10,zero,
manual_screen,base,0,104,1,8,6.0,0,6,15,15,zero,
manual_screen,base,0,104,2,8,34.0,0,34,20,20,zero,
manual_screen,base,0,105,0,7,2.0,0,2,6,6,zero,
manual_screen,base,0,105,1,7,3.0,3,0,15,15,zero,
manual_screen,base,0,105,2,7,48.0,0,48,20,20,zero,
manual_screen,base,0,106,0,5,-0.0,0,0,6,6,zero,
manual_screen,base,0,106,1,5,4.0,4,0,15,15,zero,
manual_screen,base,0,106,2,5,43.0,0,43,20,20,zero,
manual_screen,base,0,107,0,5,4.0,0,4,2,2,zero,
manual_screen,base,0,107,1,5,2.0,2,0,3,3,zero,
manual_screen,base,0,107,2,5,26.0,0,26,20,20,zero,
manual_screen,base,0,108,0,6,5.0,5,0,6,6,zero,
manual_screen,base,0,108,1,6,4.0,0,4,0,0,zero,
manual_screen,base,0,108,2,6,6.0,0,6,0,0,zero,
manual_screen,base,0,109,0,6,11.0,11,0,6,6,zero,
manual_screen,base,0,109,1,6,9.0,0,9,0,0,zero,
manual_screen,base,0,109,2,6,14.0,14,0,0,0,zero,
manual_screen,base,0,110,0,7,10.0,10,0,19,19,zero,
manual_screen,base,0,110,1,7,8.0,0,8,0,0,zero,
manual_screen,base,0,110,2,7,34.0,34,0,0,0,zero,
manual_screen,base,0,111,0,7,5.0,5,0,9,9,zero,
manual_screen,base,0,111,1,7,3.0,3,0,18,18,zero,
manual_screen,base,0,111,2,7,36.0,36,0,0,0,zero,
manual_screen,base,0,112,0,7,-0.0,0,0,2,2,zero,
manual_screen,base,0,112,1,7,21.0,21,0,18,18,zero,
manual_screen,base,0,112,2,7,18.0,18,0,16,16,zero,
manual_screen,base,0,113,0,6,5.0,0,5,2,2,zero,
manual_screen,base,0,113,1,6,25.0,25,0,0,0,zero,
manual_screen,base,0,113,2,6,18.0,18,0,20,20,zero,
manual_screen,base,0,114,0,7,8.0,8,0,6,6,zero,
manual_screen,base,0,114,1,7,19.0,19,0,0,0,zero,
manual_screen,base,0,114,2,7,18.0,18,0,0,0,zero,
manual_screen,base,0,115,0,7,18.0,18,0,6,6,zero,
manual_screen,base,0,115,1,7,31.0,31,0,1,1,zero,
manual_screen,base,0,115,2,7,17.0,17,0,0,0,zero,
manual_screen,base,0,116,0,6,14.0,14,0,9,9,zero,
manual_screen,base,0,116,1,6,40.0,40,0,1,1,zero,
manual_screen,base,0,116,2,6,32.0,32,0,0,0,zero,
manual_screen,base,0,117,0,7,9.0,9,0,2,2,zero,
manual_screen,base,0,117,1,7,38.0,38,0,12,12,zero,
manual_screen,base,0,117,2,7,40.0,40,0,0,0,zero,
manual_screen,base,0,118,0,7,8.0,8,0,9,9,zero,
manual_screen,base,0,118,1,7,29.0,29,0,1,1,zero,
manual_screen,base,0,118,2,7,39.0,39,0,0,0,zero,
manual_screen,base,0,119,0,7,7.0,7,0,6,6,zero,
manual_screen,base,0,119,1,7,24.0,24,0,15,15,zero,
manual_screen,base,0,119,2,7,24.0,24,0,0,0,zero,
manual_screen,base,0,120,0,6,10.0,10,0,9,9,zero,
manual_screen,base,0,120,1,6,16.0,16,0,1,1,zero,
manual_screen,base,0,120,2,6,23.0,23,0,16,16,zero,
manual_screen,base,0,121,0,6,6.0,6,0,2,2,zero,
manual_screen,base,0,121,1,6,26.0,26,0,1,1,zero,
manual_screen,base,0,121,2,6,22.0,22,0,0,0,zero,
manual_screen,base,0,122,0,6,9.0,9,0,6,6,zero,
manual_screen,base,0,122,1,6,21.0,21,0,1,1,zero,
manual_screen,base,0,122,2,6,21.0,21,0,0,0,zero,
manual_screen,base,0,123,0,6,9.0,9,0,6,6,zero,
manual_screen,base,0,123,1,6,30.0,30,0,1,1,zero,
manual_screen,base,0,123,2,6,20.0,20,0,0,0,zero,
manual_screen,base,0,124,0,7,11.0,11,0,2,2,zero,
manual_screen,base,0,124,1,7,29.0,29,0,1,1,zero,
manual_screen,base,0,124,2,7,35.0,35,0,0,0,zero,
manual_screen,base,0,125,0,8,5.0,5,0,9,9,zero,
manual_screen,base,0,125,1,8,21.0,21,0,1,1,zero,
manual_screen,base,0,125,2,8,34.0,34,0,0,0,zero,
manual_screen,base,0,126,0,7,4.0,4,0,9,9,zero,
manual_screen,base,0,126,1,7,13.0,13,0,15,15,zero,
manual_screen,base,0,126,2,7,19.0,19,0,0,0,zero,
manual_screen,base,0,127,0,8,2.0,2,0,9,9,zero,
manual_screen,base,0,127,1,8,5.0,5,0,11,11,zero,
manual_screen,base,0,127,2,8,8.0,8,0,1,1,zero,
manual_screen,base,0,128,0,7,3.0,0,3,9,9,zero,
manual_screen,base,0,128,1,7,3.0,0,3,15,15,zero,
manual_screen,base,0,128,2,7,7.0,0,7,20,20,zero,
manual_screen,base,0,129,0,8,2.0,0,2,6,6,zero,
manual_screen,base,0,129,1,8,8.0,0,8,15,15,zero,
manual_screen,base,0,129,2,8,22.0,0,22,20,20,zero,
manual_screen,base,0,130,0,7,-0.0,0,0,10,10,zero,
manual_screen,base,0,130,1,7,3.0,0,3,15,15,zero,
manual_screen,base,0,130,2,7,37.0,0,37,20,20,zero,
manual_screen,base,0,131,0,6,3.0,3,0,6,6,zero,
manual_screen,base,0,131,1,6,2.0,2,0,15,15,zero,
manual_screen,base,0,131,2,6,51.0,0,51,20,20,zero,
manual_screen,base,0,132,0,6,3.0,3,0,2,2,zero,
manual_screen,base,0,132,1,6,8.0,8,0,15,15,zero,
manual_screen,base,0,132,2,6,46.0,0,46,20,20,zero,
manual_screen,base,0,133,0,5,1.0,0,1,6,6,zero,
manual_screen,base,0,133,1,5,2.0,2,0,3,3,zero,
manual_screen,base,0,133,2,5,29.0,0,29,20,20,zero,
manual_screen,base,0,134,0,7,7.0,7,0,6,6,zero,
manual_screen,base,0,134,1,7,4.0,0,4,0,0,zero,
manual_screen,base,0,134,2,7,9.0,0,9,0,0,zero,
manual_screen,base,0,135,0,6,10.0,10,0,19,19,zero,
manual_screen,base,0,135,1,6,22.0,0,22,0,0,zero,
manual_screen,base,0,135,2,6,11.0,11,0,0,0,zero,
manual_screen,base,0,136,0,6,6.0,6,0,19,19,zero,
manual_screen,base,0,136,1,6,21.0,0,21,12,12,zero,
manual_screen,base,0,136,2,6,19.0,19,0,0,0,zero,
manual_screen,base,0,137,0,7,5.0,5,0,9,9,zero,
manual_screen,base,0,137,1,7,10.0,0,10,18,18,zero,
manual_screen,base,0,137,2,7,21.0,21,0,1,1,zero,
manual_screen,base,0,138,0,7,-0.0,0,0,2,2,zero,
manual_screen,base,0,138,1,7,8.0,8,0,18,18,zero,
manual_screen,base,0,138,2,7,3.0,3,0,20,20,zero,
manual_screen,base,0,139,0,6,5.0,0,5,0,0,zero,
manual_screen,base,0,139,1,6,17.0,17,0,0,0,zero,
manual_screen,base,0,139,2,6,3.0,3,0,20,20,zero,
manual_screen,base,0,140,0,6,9.0,9,0,2,2,zero,
manual_screen,base,0,140,1,6,27.0,27,0,0,0,zero,
manual_screen,base,0,140,2,6,3.0,3,0,0,0,zero,
manual_screen,base,0,141,0,5,24.0,24,0,6,6,zero,
manual_screen,base,0,141,1,5,39.0,39,0,0,0,zero,
manual_screen,base,0,141,2,5,4.0,4,0,0,0,zero,
manual_screen,base,0,142,0,5,31.0,31,0,0,0,zero,
manual_screen,base,0,142,1,5,57.0,57,0,0,0,zero,
manual_screen,base,0,142,2,5,24.0,24,0,0,0,zero,
manual_screen,base,0,143,0,5,26.0,26,0,0,0,zero,
manual_screen,base,0,143,1,5,57.0,57,0,0,0,zero,
manual_screen,base,0,143,2,5,44.0,44,0,0,0,zero,
manual_screen,base,0,144,0,4,24.0,24,0,2,2,zero,
manual_screen,base,0,144,1,4,55.0,55,0,0,0,zero,
manual_screen,base,0,144,2,4,44.0,44,0,0,0,zero,
manual_screen,base,0,145,0,4,26.0,26,0,0,0,zero,
manual_screen,base,0,145,1,4,55.0,55,0,0,0,zero,
manual_screen,base,0,145,2,4,44.0,44,0,0,0,zero,
manual_screen,base,0,146,0,4,22.0,22,0,0,0,zero,
manual_screen,base,0,146,1,4,55.0,55,0,0,0,zero,
manual_screen,base,0,146,2,4,44.0,44,0,0,0,zero,
manual_screen,base,0,147,0,3,19.0,19,0,2,2,zero,
manual_screen,base,0,147,1,3,53.0,53,0,0,0,zero,
manual_screen,base,0,147,2,3,44.0,44,0,0,0,zero,
manual_screen,base,0,148,0,4,17.0,17,0,0,0,zero,
manual_screen,base,0,148,1,4,53.0,53,0,0,0,zero,
manual_screen,base,0,148,2,4,44.0,44,0,0,0,zero,
manual_screen,base,0,149,0,4,13.0,13,0,2,2,zero,
manual_screen,base,0,149,1,4,51.0,51,0,0,0,zero,
manual_screen,base,0,149,2,4,44.0,44,0,0,0,zero,
manual_screen,base,0,150,0,4,9.0,9,0,2,2,zero,
manual_screen,base,0,150,1,4,49.0,49,0,0,0,zero,
manual_screen,base,0,150,2,4,44.0,44,0,0,0,zero,
manual_screen,base,0,151,0,4,7.0,7,0,9,9,zero,
manual_screen,base,0,151,1,4,40.0,40,0,0,0,zero,
manual_screen,base,0,151,2,4,44.0,44,0,0,0,zero,
manual_screen,base,0,152,0,5,2.0,2,0,3,3,zero,
manual_screen,base,0,152,1,5,37.0,37,0,1,1,zero,
manual_screen,base,0,152,2,5,43.0,43,0,0,0,zero,
manual_screen,base,0,153,0,4,-0.0,0,0,9,9,zero,
manual_screen,base,0,153,1,4,28.0,28,0,1,1,zero,
manual_screen,base,0,153,2,4,42.0,42,0,0,0,zero,
manual_screen,base,0,154,0,4,2.0,0,2,2,2,zero,
manual_screen,base,0,154,1,4,26.0,26,0,11,11,zero,
manual_screen,base,0,154,2,4,31.0,31,0,0,0,zero,
manual_screen,base,0,155,0,4,3.0,3,0,2,2,zero,
manual_screen,base,0,155,1,4,24.0,24,0,1,1,zero,
manual_screen,base,0,155,2,4,30.0,30,0,0,0,zero,
manual_screen,base,0,156,0,4,2.0,2,0,2,2,zero,
manual_screen,base,0,156,1,4,23.0,23,0,1,1,zero,
manual_screen,base,0,156,2,4,29.0,29,0,0,0,zero,
manual_screen,base,0,157,0,3,8.0,8,0,6,6,zero,
manual_screen,base,0,157,1,3,18.0,18,0,1,1,zero,
manual_screen,base,0,157,2,3,28.0,28,0,0,0,zero,
manual_screen,base,0,158,0,3,7.0,7,0,2,2,zero,
manual_screen,base,0,158,1,3,27.0,27,0,1,1,zero,
manual_screen,base,0,158,2,3,27.0,27,0,0,0,zero,
manual_screen,base,0,159,0,3,6.0,6,0,2,2,zero,
manual_screen,base,0,159,1,3,26.0,26,0,1,1,zero,
manual_screen,base,0,159,2,3,26.0,26,0,0,0,zero,
manual_screen,base,0,160,0,3,5.0,5,0,0,0,zero,
manual_screen,base,0,160,1,3,27.0,27,0,1,1,zero,
manual_screen,base,0,160,2,3,25.0,25,0,0,0,zero,
manual_screen,base,0,161,0,3,8.0,8,0,6,6,zero,
manual_screen,base,0,161,1,3,22.0,22,0,0,0,zero,
manual_screen,base,0,161,2,3,25.0,25,0,0,0,zero,
manual_screen,base,0,162,0,3,7.0,7,0,0,0,zero,
manual_screen,base,0,162,1,3,23.0,23,0,1,1,zero,
manual_screen,base,0,162,2,3,24.0,24,0,0,0,zero,
manual_screen,base,0,163,0,3,6.0,6,0,6,6,zero,
manual_screen,base,0,163,1,3,18.0,18,0,1,1,zero,
manual_screen,base,0,163,2,3,23.0,23,0,0,0,zero,
manual_screen,base,0,164,0,3,3.0,3,0,2,2,zero,
manual_screen,base,0,164,1,3,17.0,17,0,1,1,zero,
manual_screen,base,0,164,2,3,22.0,22,0,0,0,zero,
manual_screen,base,0,165,0,3,6.0,6,0,0,0,zero,
manual_screen,base,0,165,1,3,17.0,17,0,1,1,zero,
manual_screen,base,0,165,2,3,21.0,21,0,0,0,zero,
manual_screen,base,0,166,0,3,3.0,3,0,2,2,zero,
manual_screen,base,0,166,1,3,16.0,16,0,1,1,zero,
manual_screen,base,0,166,2,3,20.0,20,0,0,0,zero,
manual_screen,base,0,167,0,2,7.0,7,0,6,6,zero,
manual_screen,base,0,167,1,2,11.0,11,0,1,1,zero,
manual_screen,base,0,167,2,2,19.0,19,0,0,0,zero,
manual_screen,base,0,168,0,2,7.0,7,0,0,0,zero,
manual_screen,base,0,168,1,2,12.0,12,0,1,1,zero,
manual_screen,base,0,168,2,2,18.0,18,0,0,0,zero,
manual_screen,base,0,169,0,2,5.0,5,0,0,0,zero,
manual_screen,base,0,169,1,2,13.0,13,0,1,1,zero,
manual_screen,base,0,169,2,2,17.0,17,0,0,0,zero,
manual_screen,base,0,170,0,2,5.0,5,0,0,0,zero,
manual_screen,base,0,170,1,2,14.0,14,0,0,0,zero,
manual_screen,base,0,170,2,2,17.0,17,0,0,0,zero,
manual_screen,base,0,171,0,2,9.0,9,0,0,0,zero,
manual_screen,base,0,171,1,2,15.0,15,0,0,0,zero,
manual_screen,base,0,171,2,2,17.0,17,0,0,0,zero,
manual_screen,base,0,172,0,2,7.0,7,0,0,0,zero,
manual_screen,base,0,172,1,2,16.0,16,0,0,0,zero,
manual_screen,base,0,172,2,2,17.0,17,0,0,0,zero,
manual_screen,base,0,173,0,2,5.0,5,0,2,2,zero,
manual_screen,base,0,173,1,2,15.0,15,0,0,0,zero,
manual_screen,base,0,173,2,2,17.0,17,0,0,0,zero,
manual_screen,base,0,174,0,2,3.0,3,0,0,0,zero,
manual_screen,base,0,174,1,2,15.0,15,0,0,0,zero,
manual_screen,base,0,174,2,2,17.0,17,0,0,0,zero,
manual_screen,base,0,175,0,2,1.0,1,0,6,6,zero,
manual_screen,base,0,175,1,2,9.0,9,0,0,0,zero,
manual_screen,base,0,175,2,2,17.0,17,0,0,0,zero,
manual_screen,base,0,176,0,2,1.0,0,1,2,2,zero,
manual_screen,base,0,176,1,2,7.0,7,0,1,1,zero,
manual_screen,base,0,176,2,2,16.0,16,0,0,0,zero,
manual_screen,base,0,177,0,2,1.0,0,1,0,0,zero,
manual_screen,base,0,177,1,2,7.0,7,0,11,11,zero,
manual_screen,base,0,177,2,2,5.0,5,0,0,0,zero,
manual_screen,base,0,178,0,2,3.0,0,3,0,0,zero,
manual_screen,base,0,178,1,2,7.0,7,0,0,0,zero,
manual_screen,base,0,178,2,2,5.0,5,0,1,1,zero,
manual_screen,base,0,179,0,2,1.0,1,0,6,6,zero,
manual_screen,base,0,179,1,2,1.0,1,0,0,0,zero,
manual_screen,base,0,179,2,2,5.0,5,0,20,20,zero,
manual_screen,base,0,180,0,2,1.0,1,0,0,0,zero,
manual_screen,base,0,180,1,2,2.0,2,0,1,1,zero,
manual_screen,base,0,180,2,2,4.0,4,0,0,0,zero,
manual_screen,base,0,181,0,2,1.0,0,1,2,2,zero,
manual_screen,base,0,181,1,2,11.0,11,0,0,0,zero,
manual_screen,base,0,181,2,2,4.0,4,0,0,0,zero,
manual_screen,base,0,182,0,2,3.0,0,3,0,0,zero,
manual_screen,base,0,182,1,2,11.0,11,0,1,1,zero,
manual_screen,base,0,182,2,2,4.0,4,0,0,0,zero,
manual_screen,base,0,183,0,2,1.0,1,0,6,6,zero,
manual_screen,base,0,183,1,2,5.0,5,0,0,0,zero,
manual_screen,base,0,183,2,2,24.0,24,0,0,0,zero,
manual_screen,base,0,184,0,2,1.0,0,1,0,0,zero,
manual_screen,base,0,184,1,2,6.0,6,0,1,1,zero,
manual_screen,base,0,184,2,2,23.0,23,0,0,0,zero,
manual_screen,base,0,185,0,1,-0.0,0,0,0,0,zero,
manual_screen,base,0,185,1,1,6.0,6,0,1,1,zero,
manual_screen,base,0,185,2,1,22.0,22,0,0,0,zero,
manual_screen,base,0,186,0,1,1.0,0,1,0,0,zero,
manual_screen,base,0,186,1,1,7.0,7,0,0,0,zero,
manual_screen,base,0,186,2,1,22.0,22,0,0,0,zero,
manual_screen,base,0,187,0,1,4.0,4,0,0,0,zero,
manual_screen,base,0,187,1,1,7.0,7,0,0,0,zero,
manual_screen,base,0,187,2,1,22.0,22,0,0,0,zero,
manual_screen,base,0,188,0,1,3.0,3,0,0,0,zero,
manual_screen,base,0,188,1,1,8.0,8,0,0,0,zero,
manual_screen,base,0,188,2,1,22.0,22,0,0,0,zero,
manual_screen,base,0,189,0,1,2.0,2,0,0,0,zero,
manual_screen,base,0,189,1,1,9.0,9,0,0,0,zero,
manual_screen,base,0,189,2,1,22.0,22,0,0,0,zero,
manual_screen,base,0,190,0,2,-0.0,0,0,0,0,zero,
manual_screen,base,0,190,1,2,9.0,9,0,0,0,zero,
manual_screen,base,0,190,2,2,22.0,22,0,0,0,zero,
manual_screen,base,0,191,0,2,2.0,0,2,6,6,zero,
manual_screen,base,0,191,1,2,3.0,3,0,0,0,zero,
manual_screen,base,0,191,2,2,22.0,22,0,0,0,zero,
manual_screen,base,0,192,0,2,4.0,0,4,0,0,zero,
manual_screen,base,0,192,1,2,3.0,3,0,1,1,zero,
manual_screen,base,0,192,2,2,21.0,21,0,0,0,zero,
manual_screen,base,0,193,0,2,6.0,0,6,6,6,zero,
manual_screen,base,0,193,1,2,3.0,0,3,1,1,zero,
manual_screen,base,0,193,2,2,20.0,20,0,0,0,zero,
manual_screen,base,0,194,0,2,8.0,0,8,6,6,zero,
manual_screen,base,0,194,1,2,9.0,0,9,15,15,zero,
manual_screen,base,0,194,2,2,5.0,5,0,0,0,zero,
manual_screen,base,0,195,0,2,4.0,0,4,6,6,zero,
manual_screen,base,0,195,1,2,15.0,0,15,1,1,zero,
manual_screen,base,0,195,2,2,4.0,4,0,1,1,zero,
manual_screen,base,0,196,0,2,6.0,0,6,10,10,zero,
manual_screen,base,0,196,1,2,24.0,0,24,15,15,zero,
manual_screen,base,0,196,2,2,11.0,0,11,20,20,zero,
manual_screen,base,0,197,0,2,5.0,0,5,10,10,zero,
manual_screen,base,0,197,1,2,33.0,0,33,18,18,zero,
manual_screen,base,0,197,2,2,29.0,0,29,20,20,zero,
manual_screen,base,0,198,0,2,7.0,0,7,17,17,zero,
manual_screen,base,0,198,1,2,35.0,0,35,18,18,zero,
manual_screen,base,0,198,2,2,47.0,0,47,20,20,zero,
manual_screen,base,0,199,0,2,9.0,0,9,10,10,zero,
manual_screen,base,0,199,1,2,44.0,0,44,18,18,zero,
manual_screen,base,0,199,2,2,64.0,0,64,20,20,zero,
manual_screen,base,0,200,0,2,10.0,0,10,10,10,zero,
manual_screen,base,0,200,1,2,50.0,0,50,18,18,zero,
manual_screen,base,0,200,2,2,62.0,0,62,20,20,zero,
manual_screen,base,1,1,0,10,10.0,10,0,10,10,zero,
manual_screen,base,1,1,1,10,10.0,10,0,15,15,zero,
manual_screen,base,1,1,2,10,5.0,5,0,0,0,zero,
manual_screen,base,1,2,0,10,10.0,10,0,10,10,zero,
manual_screen,base,1,2,1,10,10.0,10,0,1,1,zero,
manual_screen,base,1,2,2,10,14.0,14,0,20,20,zero,
manual_screen,base,1,3,0,11,9.0,9,0,10,10,zero,
manual_screen,base,1,3,1,11,10.0,10,0,15,15,zero,
manual_screen,base,1,3,2,11,9.0,9,0,3,3,zero,
manual_screen,base,1,4,0,14,5.0,5,0,10,10,zero,
manual_screen,base,1,4,1,14,10.0,10,0,15,15,zero,
manual_screen,base,1,4,2,14,4.0,4,0,20,20,zero,
manual_screen,base,1,5,0,15,-0.0,0,0,19,19,zero,
manual_screen,base,1,5,1,15,6.0,6,0,15,15,zero,
manual_screen,base,1,5,2,15,11.0,0,11,20,20,zero,
manual_screen,base,1,6,0,14,4.0,0,4,19,19,zero,
manual_screen,base,1,6,1,14,12.0,0,12,15,15,zero,
manual_screen,base,1,6,2,14,6.0,0,6,20,20,zero,
manual_screen,base,1,7,0,12,6.0,0,6,19,19,zero,
manual_screen,base,1,7,1,12,16.0,0,16,15,15,zero,
manual_screen,base,1,7,2,12,18.0,0,18,20,20,zero,
manual_screen,base,1,8,0,12,8.0,0,8,10,10,zero,
manual_screen,base,1,8,1,12,11.0,0,11,15,15,zero,
manual_screen,base,1,8,2,12,13.0,0,13,0,0,zero,
manual_screen,base,1,9,0,11,-0.0,0,0,10,10,zero,
manual_screen,base,1,9,1,11,17.0,0,17,15,15,zero,
manual_screen,base,1,9,2,11,8.0,0,8,20,20,zero,
manual_screen,base,1,10,0,10,3.0,0,3,10,10,zero,
manual_screen,base,1,10,1,10,7.0,0,7,15,15,zero,
manual_screen,base,1,10,2,10,3.0,0,3,20,20,zero,
manual_screen,base,1,11,0,9,3.0,3,0,6,6,zero,
manual_screen,base,1,11,1,9,10.0,0,10,0,0,zero,
manual_screen,base,1,11,2,9,17.0,17,0,20,20,zero,
manual_screen,base,1,12,0,9,9.0,9,0,6,6,zero,
manual_screen,base,1,12,1,9,4.0,4,0,0,0,zero,
manual_screen,base,1,12,2,9,17.0,17,0,0,0,zero,
manual_screen,base,1,13,0,8,5.0,5,0,2,2,zero,
manual_screen,base,1,13,1,8,22.0,22,0,12,12,zero,
manual_screen,base,1,13,2,8,25.0,25,0,0,0,zero,
manual_screen,base,1,14,0,10,15.0,15,0,6,6,zero,
manual_screen,base,1,14,1,10,36.0,36,0,0,0,zero,
manual_screen,base,1,14,2,10,45.0,45,0,0,0,zero,
manual_screen,base,1,15,0,10,8.0,8,0,6,6,zero,
manual_screen,base,1,15,1,10,33.0,33,0,1,1,zero,
manual_screen,base,1,15,2,10,64.0,64,0,0,0,zero,
manual_screen,base,1,16,0,9,15.0,15,0,9,9,zero,
manual_screen,base,1,16,1,9,24.0,24,0,12,12,zero,
manual_screen,base,1,16,2,9,52.0,52,0,0,0,zero,
manual_screen,base,1,17,0,9,8.0,8,0,9,9,zero,
manual_screen,base,1,17,1,9,27.0,27,0,15,15,zero,
manual_screen,base,1,17,2,9,37.0,37,0,0,0,zero,
manual_screen,base,1,18,0,9,5.0,5,0,9,9,zero,
manual_screen,base,1,18,1,9,18.0,18,0,15,15,zero,
manual_screen,base,1,18,2,9,22.0,22,0,16,16,zero,
manual_screen,base,1,19,0,7,4.0,4,0,9,9,zero,
manual_screen,base,1,19,1,7,10.0,10,0,1,1,zero,
manual_screen,base,1,19,2,7,21.0,21,0,20,20,zero,
manual_screen,base,1,20,0,7,6.0,6,0,4,4,zero,
manual_screen,base,1,20,1,7,18.0,18,0,1,1,zero,
manual_screen,base,1,20,2,7,20.0,20,0,0,0,zero,
manual_screen,base,1,21,0,7,8.0,8,0,6,6,zero,
manual_screen,base,1,21,1,7,27.0,27,0,1,1,zero,
manual_screen,base,1,21,2,7,19.0,19,0,0,0,zero,
manual_screen,base,1,22,0,9,8.0,8,0,6,6,zero,
manual_screen,base,1,22,1,9,36.0,36,0,1,1,zero,
manual_screen,base,1,22,2,9,34.0,34,0,0,0,zero,
manual_screen,base,1,23,0,10,7.0,7,0,19,19,zero,
manual_screen,base,1,23,1,10,18.0,18,0,1,1,zero,
manual_screen,base,1,23,2,10,53.0,53,0,0,0,zero,
manual_screen,base,1,24,0,11,-0.0,0,0,9,9,zero,
manual_screen,base,1,24,1,11,10.0,10,0,15,15,zero,
manual_screen,base,1,24,2,11,38.0,38,0,0,0,zero,
manual_screen,base,1,25,0,12,6.0,0,6,9,9,zero,
manual_screen,base,1,25,1,12,2.0,2,0,15,15,zero,
manual_screen,base,1,25,2,12,23.0,23,0,0,0,zero,
manual_screen,base,1,26,0,12,12.0,0,12,10,10,zero,
manual_screen,base,1,26,1,12,7.0,0,7,15,15,zero,
manual_screen,base,1,26,2,12,8.0,8,0,20,20,zero,
manual_screen,base,1,27,0,13,6.0,0,6,10,10,zero,
manual_screen,base,1,27,1,13,16.0,0,16,3,3,zero,
manual_screen,base,1,27,2,13,5.0,5,0,20,20,zero,
manual_screen,base,1,28,0,12,9.0,0,9,19,19,zero,
manual_screen,base,1,28,1,12,20.0,0,20,18,18,zero,
manual_screen,base,1,28,2,12,13.0,0,13,0,0,zero,
manual_screen,base,1,29,0,13,13.0,0,13,10,10,zero,
manual_screen,base,1,29,1,13,15.0,0,15,18,18,zero,
manual_screen,base,1,29,2,13,31.0,0,31,20,20,zero,
manual_screen,base,1,30,0,11,21.0,0,21,19,19,zero,
manual_screen,base,1,30,1,11,19.0,0,19,18,18,zero,
manual_screen,base,1,30,2,11,29.0,0,29,20,20,zero,
manual_screen,base,1,31,0,13,33.0,0,33,19,19,zero,
manual_screen,base,1,31,1,13,35.0,0,35,18,18,zero,
manual_screen,base,1,31,2,13,27.0,0,27,20,20,zero,
manual_screen,base,1,32,0,13,31.0,0,31,17,17,zero,
manual_screen,base,1,32,1,13,47.0,0,47,18,18,zero,
manual_screen,base,1,32,2,13,45.0,0,45,20,20,zero,
manual_screen,base,1,33,0,13,29.0,0,29,10,10,zero,
manual_screen,base,1,33,1,13,57.0,0,57,18,18,zero,
manual_screen,base,1,33,2,13,43.0,0,43,20,20,zero,
manual_screen,base,1,34,0,14,28.0,0,28,19,19,zero,
manual_screen,base,1,34,1,14,56.0,0,56,18,18,zero,
manual_screen,base,1,34,2,14,41.0,0,41,20,20,zero,
manual_screen,base,1,35,0,15,40.0,0,40,10,10,zero,
manual_screen,base,1,35,1,15,46.0,0,46,18,18,zero,
manual_screen,base,1,35,2,15,39.0,0,39,20,20,zero,
manual_screen,base,1,36,0,15,50.0,0,50,19,19,zero,
manual_screen,base,1,36,1,15,65.0,0,65,18,18,zero,
manual_screen,base,1,36,2,15,37.0,0,37,20,20,zero,
manual_screen,base,1,37,0,14,64.0,0,64,17,17,zero,
manual_screen,base,1,37,1,14,62.0,0,62,18,18,zero,
manual_screen,base,1,37,2,14,35.0,0,35,20,20,zero,
manual_screen,base,1,38,0,14,58.0,0,58,17,17,zero,
manual_screen,base,1,38,1,14,59.0,0,59,18,18,zero,
manual_screen,base,1,38,2,14,33.0,0,33,20,20,zero,
manual_screen,base,1,39,0,14,52.0,0,52,17,17,zero,
manual_screen,base,1,39,1,14,56.0,0,56,18,18,zero,
manual_screen,base,1,39,2,14,31.0,0,31,20,20,zero,
manual_screen,base,1,40,0,13,65.0,0,65,17,17,zero,
manual_screen,base,1,40,1,13,53.0,0,53,18,18,zero,
manual_screen,base,1,40,2,13,29.0,0,29,20,20,zero,
manual_screen,base,1,41,0,13,58.0,0,58,17,17,zero,
manual_screen,base,1,41,1,13,50.0,0,50,18,18,zero,
manual_screen,base,1,41,2,13,27.0,0,27,20,20,zero,
manual_screen,base,1,42,0,13,51.0,0,51,10,10,zero,
manual_screen,base,1,42,1,13,40.0,0,40,18,18,zero,
manual_screen,base,1,42,2,13,25.0,0,25,20,20,zero,
manual_screen,base,1,43,0,12,43.0,0,43,10,10,zero,
manual_screen,base,1,43,1,12,30.0,0,30,18,18,zero,
manual_screen,base,1,43,2,12,23.0,0,23,20,20,zero,
manual_screen,base,1,44,0,12,35.0,0,35,10,10,zero,
manual_screen,base,1,44,1,12,20.0,0,20,0,0,zero,
manual_screen,base,1,44,2,12,3.0,0,3,20,20,zero,
manual_screen,base,1,45,0,11,26.0,0,26,6,6,zero,
manual_screen,base,1,45,1,11,6.0,0,6,0,0,zero,
manual_screen,base,1,45,2,11,17.0,17,0,1,1,zero,
manual_screen,base,1,46,0,10,16.0,0,16,6,6,zero,
manual_screen,base,1,46,1,10,8.0,8,0,18,18,zero,
manual_screen,base,1,46,2,10,19.0,19,0,0,0,zero,
manual_screen,base,1,47,0,10,6.0,0,6,6,6,zero,
manual_screen,base,1,47,1,10,22.0,22,0,0,0,zero,
manual_screen,base,1,47,2,10,39.0,39,0,16,16,zero,
manual_screen,base,1,48,0,9,5.0,5,0,6,6,zero,
manual_screen,base,1,48,1,9,36.0,36,0,0,0,zero,
manual_screen,base,1,48,2,9,59.0,59,0,1,1,zero,
manual_screen,base,1,49,0,9,16.0,16,0,10,10,zero,
manual_screen,base,1,49,1,9,29.0,29,0,12,12,zero,
manual_screen,base,1,49,2,9,48.0,48,0,0,0,zero,
manual_screen,base,1,50,0,8,20.0,20,0,10,10,zero,
manual_screen,base,1,50,1,8,37.0,37,0,12,12,zero,
manual_screen,base,1,50,2,8,36.0,36,0,0,0,zero,
manual_screen,base,1,51,0,8,18.0,18,0,6,6,zero,
manual_screen,base,1,51,1,8,31.0,31,0,15,15,zero,
manual_screen,base,1,51,2,8,37.0,37,0,1,1,zero,
manual_screen,base,1,52,0,8,16.0,16,0,6,6,zero,
manual_screen,base,1,52,1,8,25.0,25,0,3,3,zero,
manual_screen,base,1,52,2,8,35.0,35,0,20,20,zero,
manual_screen,base,1,53,0,8,18.0,18,0,6,6,zero,
manual_screen,base,1,53,1,8,31.0,31,0,1,1,zero,
manual_screen,base,1,53,2,8,34.0,34,0,0,0,zero,
manual_screen,base,1,54,0,8,20.0,20,0,6,6,zero,
manual_screen,base,1,54,1,8,37.0,37,0,1,1,zero,
manual_screen,base,1,54,2,8,33.0,33,0,0,0,zero,
manual_screen,base,1,55,0,6,20.0,20,0,9,9,zero,
manual_screen,base,1,55,1,6,43.0,43,0,1,1,zero,
manual_screen,base,1,55,2,6,33.0,33,0,0,0,zero,
manual_screen,base,1,56,0,6,20.0,20,0,2,2,zero,
manual_screen,base,1,56,1,6,44.0,44,0,1,1,zero,
manual_screen,base,1,56,2,6,52.0,52,0,0,0,zero,
manual_screen,base,1,57,0,5,21.0,21,0,2,2,zero,
manual_screen,base,1,57,1,5,43.0,43,0,1,1,zero,
manual_screen,base,1,57,2,5,51.0,51,0,0,0,zero,
manual_screen,base,1,58,0,6,21.0,21,0,2,2,zero,
manual_screen,base,1,58,1,6,42.0,42,0,1,1,zero,
manual_screen,base,1,58,2,6,50.0,50,0,0,0,zero,
manual_screen,base,1,59,0,7,23.0,23,0,2,2,zero,
manual_screen,base,1,59,1,7,41.0,41,0,1,1,zero,
manual_screen,base,1,59,2,7,49.0,49,0,0,0,zero,
manual_screen,base,1,60,0,7,18.0,18,0,3,3,zero,
manual_screen,base,1,60,1,7,39.0,39,0,1,1,zero,
manual_screen,base,1,60,2,7,48.0,48,0,0,0,zero,
manual_screen,base,1,61,0,8,12.0,12,0,9,9,zero,
manual_screen,base,1,61,1,8,31.0,31,0,1,1,zero,
manual_screen,base,1,61,2,8,47.0,47,0,0,0,zero,
manual_screen,base,1,62,0,7,7.0,7,0,9,9,zero,
manual_screen,base,1,62,1,7,23.0,23,0,1,1,zero,
manual_screen,base,1,62,2,7,46.0,46,0,0,0,zero,
manual_screen,base,1,63,0,7,2.0,2,0,9,9,zero,
manual_screen,base,1,63,1,7,15.0,15,0,15,15,zero,
manual_screen,base,1,63,2,7,31.0,31,0,0,0,zero,
manual_screen,base,1,64,0,7,2.0,0,2,3,3,zero,
manual_screen,base,1,64,1,7,13.0,13,0,15,15,zero,
manual_screen,base,1,64,2,7,16.0,16,0,0,0,zero,
manual_screen,base,1,65,0,8,1.0,0,1,6,6,zero,
manual_screen,base,1,65,1,8,8.0,8,0,1,1,zero,
manual_screen,base,1,65,2,8,15.0,15,0,20,20,zero,
manual_screen,base,1,66,0,7,1.0,1,0,10,10,zero,
manual_screen,base,1,66,1,7,1.0,0,1,1,1,zero,
manual_screen,base,1,66,2,7,14.0,14,0,3,3,zero,
manual_screen,base,1,67,0,6,4.0,4,0,6,6,zero,
manual_screen,base,1,67,1,6,8.0,8,0,15,15,zero,
manual_screen,base,1,67,2,6,1.0,0,1,0,0,zero,
manual_screen,base,1,68,0,7,-0.0,0,0,6,6,zero,
manual_screen,base,1,68,1,7,17.0,17,0,1,1,zero,
manual_screen,base,1,68,2,7,2.0,0,2,0,0,zero,
manual_screen,base,1,69,0,7,1.0,0,1,6,6,zero,
manual_screen,base,1,69,1,7,12.0,12,0,15,15,zero,
manual_screen,base,1,69,2,7,3.0,3,0,0,0,zero,
manual_screen,base,1,70,0,6,2.0,2,0,10,10,zero,
manual_screen,base,1,70,1,6,3.0,3,0,1,1,zero,
manual_screen,base,1,70,2,6,5.0,5,0,20,20,zero,
manual_screen,base,1,71,0,7,2.0,2,0,6,6,zero,
manual_screen,base,1,71,1,7,11.0,11,0,15,15,zero,
manual_screen,base,1,71,2,7,10.0,0,10,20,20,zero,
manual_screen,base,1,72,0,8,-0.0,0,0,6,6,zero,
manual_screen,base,1,72,1,8,5.0,5,0,3,3,zero,
manual_screen,base,1,72,2,8,13.0,0,13,20,20,zero,
manual_screen,base,1,73,0,8,2.0,0,2,10,10,zero,
manual_screen,base,1,73,1,8,12.0,12,0,15,15,zero,
manual_screen,base,1,73,2,8,28.0,0,28,0,0,zero,
manual_screen,base,1,74,0,8,-0.0,0,0,10,10,zero,
manual_screen,base,1,74,1,8,3.0,3,0,15,15,zero,
manual_screen,base,1,74,2,8,23.0,0,23,20,20,zero,
manual_screen,base,1,75,0,7,1.0,0,1,10,10,zero,
manual_screen,base,1,75,1,7,2.0,0,2,3,3,zero,
manual_screen,base,1,75,2,7,6.0,0,6,20,20,zero,
manual_screen,base,1,76,0,7,2.0,0,2,6,6,zero,
manual_screen,base,1,76,1,7,8.0,0,8,3,3,zero,
manual_screen,base,1,76,2,7,11.0,11,0,0,0,zero,
manual_screen,base,1,77,0,7,1.0,1,0,6,6,zero,
manual_screen,base,1,77,1,7,14.0,0,14,0,0,zero,
manual_screen,base,1,77,2,7,11.0,11,0,0,0,zero,
manual_screen,base,1,78,0,8,3.0,3,0,10,10,zero,
manual_screen,base,1,78,1,8,4.0,0,4,1,1,zero,
manual_screen,base,1,78,2,8,30.0,30,0,0,0,zero,
manual_screen,base,1,79,0,8,3.0,3,0,6,6,zero,
manual_screen,base,1,79,1,8,10.0,10,0,20,20,zero,
manual_screen,base,1,79,2,8,30.0,30,0,0,0,zero,
manual_screen,base,1,80,0,7,4.0,0,4,6,6,zero,
manual_screen,base,1,80,1,7,13.0,13,0,0,0,zero,
manual_screen,base,1,80,2,7,30.0,30,0,16,16,zero,
manual_screen,base,1,81,0,7,11.0,0,11,6,6,zero,
manual_screen,base,1,81,1,7,7.0,7,0,12,12,zero,
manual_screen,base,1,81,2,7,18.0,18,0,0,0,zero,
manual_screen,base,1,82,0,7,2.0,2,0,6,6,zero,
manual_screen,base,1,82,1,7,2.0,2,0,3,3,zero,
manual_screen,base,1,82,2,7,15.0,15,0,1,1,zero,
manual_screen,base,1,83,0,7,5.0,5,0,10,10,zero,
manual_screen,base,1,83,1,7,12.0,12,0,12,12,zero,
manual_screen,base,1,83,2,7,3.0,3,0,16,16,zero,
manual_screen,base,1,84,0,7,4.0,4,0,6,6,zero,
manual_screen,base,1,84,1,7,6.0,6,0,15,15,zero,
manual_screen,base,1,84,2,7,4.0,4,0,20,20,zero,
manual_screen,base,1,85,0,8,2.0,2,0,10,10,zero,
manual_screen,base,1,85,1,8,8.0,8,0,3,3,zero,
manual_screen,base,1,85,2,8,1.0,1,0,20,20,zero,
manual_screen,base,1,86,0,8,-0.0,0,0,6,6,zero,
manual_screen,base,1,86,1,8,5.0,5,0,15,15,zero,
manual_screen,base,1,86,2,8,13.0,0,13,0,0,zero,
manual_screen,base,1,87,0,7,3.0,3,0,10,10,zero,
manual_screen,base,1,87,1,7,7.0,7,0,15,15,zero,
manual_screen,base,1,87,2,7,12.0,0,12,20,20,zero,
manual_screen,base,1,88,0,7,2.0,2,0,6,6,zero,
manual_screen,base,1,88,1,7,16.0,16,0,15,15,zero,
manual_screen,base,1,88,2,7,7.0,0,7,20,20,zero,
manual_screen,base,1,89,0,7,5.0,5,0,6,6,zero,
manual_screen,base,1,89,1,7,13.0,13,0,3,3,zero,
manual_screen,base,1,89,2,7,10.0,10,0,20,20,zero,
manual_screen,base,1,90,0,7,4.0,4,0,6,6,zero,
manual_screen,base,1,90,1,7,9.0,9,0,0,0,zero,
manual_screen,base,1,90,2,7,10.0,10,0,0,0,zero,
manual_screen,base,1,91,0,7,7.0,7,0,6,6,zero,
manual_screen,base,1,91,1,7,19.0,19,0,1,1,zero,
manual_screen,base,1,91,2,7,29.0,29,0,0,0,zero,
manual_screen,base,1,92,0,7,6.0,6,0,10,10,zero,
manual_screen,base,1,92,1,7,29.0,29,0,1,1,zero,
manual_screen,base,1,92,2,7,48.0,48,0,0,0,zero,
manual_screen,base,1,93,0,7,5.0,5,0,6,6,zero,
manual_screen,base,1,93,1,7,33.0,33,0,12,12,zero,
manual_screen,base,1,93,2,7,56.0,56,0,0,0,zero,
manual_screen,base,1,94,0,7,4.0,4,0,9,9,zero,
manual_screen,base,1,94,1,7,24.0,24,0,12,12,zero,
manual_screen,base,1,94,2,7,44.0,44,0,0,0,zero,
manual_screen,base,1,95,0,6,4.0,4,0,2,2,zero,
manual_screen,base,1,95,1,6,23.0,23,0,15,15,zero,
manual_screen,base,1,95,2,6,29.0,29,0,1,1,zero,
manual_screen,base,1,96,0,5,9.0,9,0,6,6,zero,
manual_screen,base,1,96,1,5,18.0,18,0,1,1,zero,
manual_screen,base,1,96,2,5,28.0,28,0,20,20,zero,
manual_screen,base,1,97,0,5,10.0,10,0,2,2,zero,
manual_screen,base,1,97,1,5,28.0,28,0,1,1,zero,
manual_screen,base,1,97,2,5,27.0,27,0,0,0,zero,
manual_screen,base,1,98,0,6,13.0,13,0,6,6,zero,
manual_screen,base,1,98,1,6,34.0,34,0,0,0,zero,
manual_screen,base,1,98,2,6,27.0,27,0,0,0,zero,
manual_screen,base,1,99,0,5,10.0,10,0,6,6,zero,
manual_screen,base,1,99,1,5,43.0,43,0,0,0,zero,
manual_screen,base,1,99,2,5,28.0,28,0,0,0,zero,
manual_screen,base,1,100,0,5,11.0,11,0,2,2,zero,
manual_screen,base,1,100,1,5,42.0,42,0,1,1,zero,
manual_screen,base,1,100,2,5,47.0,47,0,0,0,zero,
manual_screen,base,1,101,0,5,8.0,8,0,2,2,zero,
manual_screen,base,1,101,1,5,41.0,41,0,1,1,zero,
manual_screen,base,1,101,2,5,46.0,46,0,0,0,zero,
manual_screen,base,1,102,0,5,9.0,9,0,6,6,zero,
manual_screen,base,1,102,1,5,35.0,35,0,1,1,zero,
manual_screen,base,1,102,2,5,45.0,45,0,0,0,zero,
manual_screen,base,1,103,0,5,10.0,10,0,2,2,zero,
manual_screen,base,1,103,1,5,33.0,33,0,1,1,zero,
manual_screen,base,1,103,2,5,44.0,44,0,0,0,zero,
manual_screen,base,1,104,0,4,8.0,8,0,9,9,zero,
manual_screen,base,1,104,1,4,25.0,25,0,1,1,zero,
manual_screen,base,1,104,2,4,43.0,43,0,0,0,zero,
manual_screen,base,1,105,0,5,5.0,5,0,3,3,zero,
manual_screen,base,1,105,1,5,23.0,23,0,11,11,zero,
manual_screen,base,1,105,2,5,32.0,32,0,0,0,zero,
manual_screen,base,1,106,0,5,6.0,6,0,4,4,zero,
manual_screen,base,1,106,1,5,20.0,20,0,1,1,zero,
manual_screen,base,1,106,2,5,31.0,31,0,0,0,zero,
manual_screen,base,1,107,0,6,2.0,2,0,2,2,zero,
manual_screen,base,1,107,1,6,19.0,19,0,1,1,zero,
manual_screen,base,1,107,2,6,30.0,30,0,0,0,zero,
manual_screen,base,1,108,0,5,6.0,6,0,10,10,zero,
manual_screen,base,1,108,1,5,10.0,10,0,1,1,zero,
manual_screen,base,1,108,2,5,29.0,29,0,0,0,zero,
manual_screen,base,1,109,0,5,4.0,4,0,2,2,zero,
manual_screen,base,1,109,1,5,19.0,19,0,1,1,zero,
manual_screen,base,1,109,2,5,28.0,28,0,0,0,zero,
manual_screen,base,1,110,0,5,3.0,3,0,6,6,zero,
manual_screen,base,1,110,1,5,14.0,14,0,1,1,zero,
manual_screen,base,1,110,2,5,27.0,27,0,0,0,zero,
manual_screen,base,1,111,0,4,1.0,1,0,2,2,zero,
manual_screen,base,1,111,1,4,13.0,13,0,15,15,zero,
manual_screen,base,1,111,2,4,12.0,12,0,0,0,zero,
manual_screen,base,1,112,0,4,7.0,7,0,2,2,zero,
manual_screen,base,1,112,1,4,12.0,12,0,1,1,zero,
manual_screen,base,1,112,2,4,11.0,11,0,1,1,zero,
manual_screen,base,1,113,0,4,5.0,5,0,2,2,zero,
manual_screen,base,1,113,1,4,11.0,11,0,1,1,zero,
manual_screen,base,1,113,2,4,10.0,10,0,1,1,zero,
manual_screen,base,1,114,0,5,6.0,6,0,6,6,zero,
manual_screen,base,1,114,1,5,6.0,6,0,0,0,zero,
manual_screen,base,1,114,2,5,10.0,10,0,1,1,zero,
manual_screen,base,1,115,0,5,3.0,3,0,6,6,zero,
manual_screen,base,1,115,1,5,15.0,15,0,1,1,zero,
manual_screen,base,1,115,2,5,9.0,9,0,0,0,zero,
manual_screen,base,1,116,0,4,1.0,1,0,2,2,zero,
manual_screen,base,1,116,1,4,14.0,14,0,15,15,zero,
manual_screen,base,1,116,2,4,5.0,0,5,0,0,zero,
manual_screen,base,1,117,0,5,2.0,0,2,2,2,zero,
manual_screen,base,1,117,1,5,13.0,13,0,1,1,zero,
manual_screen,base,1,117,2,5,5.0,0,5,20,20,zero,
manual_screen,base,1,118,0,5,1.0,0,1,6,6,zero,
manual_screen,base,1,118,1,5,7.0,7,0,1,1,zero,
manual_screen,base,1,118,2,5,5.0,0,5,20,20,zero,
manual_screen,base,1,119,0,4,1.0,1,0,6,6,zero,
manual_screen,base,1,119,1,4,2.0,2,0,1,1,zero,
manual_screen,base,1,119,2,4,6.0,0,6,0,0,zero,
manual_screen,base,1,120,0,4,1.0,0,1,2,2,zero,
manual_screen,base,1,120,1,4,10.0,10,0,15,15,zero,
manual_screen,base,1,120,2,4,21.0,0,21,0,0,zero,
manual_screen,base,1,121,0,4,3.0,0,3,6,6,zero,
manual_screen,base,1,121,1,4,5.0,5,0,15,15,zero,
manual_screen,base,1,121,2,4,16.0,0,16,0,0,zero,
manual_screen,base,1,122,0,4,1.0,0,1,6,6,zero,
manual_screen,base,1,122,1,4,-0.0,0,0,1,1,zero,
manual_screen,base,1,122,2,4,3.0,3,0,20,20,zero,
manual_screen,base,1,123,0,4,1.0,1,0,6,6,zero,
manual_screen,base,1,123,1,4,6.0,0,6,0,0,zero,
manual_screen,base,1,123,2,4,3.0,3,0,20,20,zero,
manual_screen,base,1,124,0,4,1.0,0,1,6,6,zero,
manual_screen,base,1,124,1,4,12.0,0,12,0,0,zero,
manual_screen,base,1,124,2,4,3.0,3,0,0,0,zero,
manual_screen,base,1,125,0,4,1.0,1,0,6,6,zero,
manual_screen,base,1,125,1,4,2.0,2,0,1,1,zero,
manual_screen,base,1,125,2,4,2.0,2,0,0,0,zero,
manual_screen,base,1,126,0,4,3.0,3,0,2,2,zero,
manual_screen,base,1,126,1,4,17.0,17,0,12,12,zero,
manual_screen,base,1,126,2,4,10.0,10,0,0,0,zero,
manual_screen,base,1,127,0,5,2.0,0,2,6,6,zero,
manual_screen,base,1,127,1,5,11.0,11,0,0,0,zero,
manual_screen,base,1,127,2,5,30.0,30,0,0,0,zero,
manual_screen,base,1,128,0,5,7.0,0,7,6,6,zero,
manual_screen,base,1,128,1,5,5.0,5,0,12,12,zero,
manual_screen,base,1,128,2,5,18.0,18,0,0,0,zero,
manual_screen,base,1,129,0,5,6.0,6,0,6,6,zero,
manual_screen,base,1,129,1,5,-0.0,0,0,1,1,zero,
manual_screen,base,1,129,2,5,17.0,17,0,4,4,zero,
manual_screen,base,1,130,0,4,4.0,4,0,2,2,zero,
manual_screen,base,1,130,1,4,10.0,10,0,15,15,zero,
manual_screen,base,1,130,2,4,2.0,2,0,0,0,zero,
manual_screen,base,1,131,0,4,6.0,6,0,6,6,zero,
manual_screen,base,1,131,1,4,4.0,4,0,1,1,zero,
manual_screen,base,1,131,2,4,1.0,1,0,20,20,zero,
manual_screen,base,1,132,0,4,8.0,8,0,0,0,zero,
manual_screen,base,1,132,1,4,16.0,16,0,5,5,zero,
manual_screen,base,1,132,2,4,4.0,0,4,3,3,zero,
manual_screen,base,1,133,0,4,10.0,10,0,6,6,zero,
manual_screen,base,1,133,1,4,11.0,11,0,0,0,zero,
manual_screen,base,1,133,2,4,-0.0,0,0,0,0,zero,
manual_screen,base,1,134,0,4,8.0,8,0,6,6,zero,
manual_screen,base,1,134,1,4,20.0,20,0,1,1,zero,
manual_screen,base,1,134,2,4,1.0,0,1,0,0,zero,
manual_screen,base,1,135,0,4,10.0,10,0,0,0,zero,
manual_screen,base,1,135,1,4,21.0,21,0,12,12,zero,
manual_screen,base,1,135,2,4,7.0,7,0,0,0,zero,
manual_screen,base,1,136,0,4,6.0,6,0,2,2,zero,
manual_screen,base,1,136,1,4,20.0,20,0,0,0,zero,
manual_screen,base,1,136,2,4,10.0,10,0,20,20,zero,
manual_screen,base,1,137,0,3,9.0,9,0,6,6,zero,
manual_screen,base,1,137,1,3,18.0,18,0,0,0,zero,
manual_screen,base,1,137,2,3,10.0,10,0,3,3,zero,
manual_screen,base,1,138,0,3,12.0,12,0,2,2,zero,
manual_screen,base,1,138,1,3,16.0,16,0,1,1,zero,
manual_screen,base,1,138,2,3,9.0,9,0,0,0,zero,
manual_screen,base,1,139,0,3,9.0,9,0,0,0,zero,
manual_screen,base,1,139,1,3,29.0,29,0,1,1,zero,
manual_screen,base,1,139,2,3,8.0,8,0,0,0,zero,
manual_screen,base,1,140,0,2,9.0,9,0,0,0,zero,
manual_screen,base,1,140,1,2,29.0,29,0,0,0,zero,
manual_screen,base,1,140,2,2,28.0,28,0,0,0,zero,
manual_screen,base,1,141,0,2,13.0,13,0,0,0,zero,
manual_screen,base,1,141,1,2,29.0,29,0,0,0,zero,
manual_screen,base,1,141,2,2,31.0,31,0,0,0,zero,
manual_screen,base,1,142,0,2,13.0,13,0,0,0,zero,
manual_screen,base,1,142,1,2,30.0,30,0,0,0,zero,
manual_screen,base,1,142,2,2,31.0,31,0,0,0,zero,
manual_screen,base,1,143,0,2,11.0,11,0,0,0,zero,
manual_screen,base,1,143,1,2,31.0,31,0,0,0,zero,
manual_screen,base,1,143,2,2,31.0,31,0,0,0,zero,
manual_screen,base,1,144,0,2,9.0,9,0,0,0,zero,
manual_screen,base,1,144,1,2,31.0,31,0,0,0,zero,
manual_screen,base,1,144,2,2,31.0,31,0,0,0,zero,
manual_screen,base,1,145,0,2,7.0,7,0,0,0,zero,
manual_screen,base,1,145,1,2,31.0,31,0,0,0,zero,
manual_screen,base,1,145,2,2,31.0,31,0,0,0,zero,
manual_screen,base,1,146,0,2,5.0,5,0,2,2,zero,
manual_screen,base,1,146,1,2,29.0,29,0,0,0,zero,
manual_screen,base,1,146,2,2,31.0,31,0,0,0,zero,
manual_screen,base,1,147,0,2,3.0,3,0,0,0,zero,
manual_screen,base,1,147,1,2,29.0,29,0,0,0,zero,
manual_screen,base,1,147,2,2,31.0,31,0,0,0,zero,
manual_screen,base,1,148,0,2,1.0,1,0,6,6,zero,
manual_screen,base,1,148,1,2,23.0,23,0,0,0,zero,
manual_screen,base,1,148,2,2,31.0,31,0,0,0,zero,
manual_screen,base,1,149,0,2,1.0,0,1,2,2,zero,
manual_screen,base,1,149,1,2,21.0,21,0,1,1,zero,
manual_screen,base,1,149,2,2,30.0,30,0,0,0,zero,
manual_screen,base,1,150,0,2,1.0,0,1,0,0,zero,
manual_screen,base,1,150,1,2,21.0,21,0,1,1,zero,
manual_screen,base,1,150,2,2,29.0,29,0,0,0,zero,
manual_screen,base,1,151,0,2,3.0,0,3,0,0,zero,
manual_screen,base,1,151,1,2,21.0,21,0,1,1,zero,
manual_screen,base,1,151,2,2,28.0,28,0,0,0,zero,
manual_screen,base,1,152,0,2,1.0,1,0,6,6,zero,
manual_screen,base,1,152,1,2,15.0,15,0,0,0,zero,
manual_screen,base,1,152,2,2,28.0,28,0,0,0,zero,
manual_screen,base,1,153,0,2,1.0,1,0,0,0,zero,
manual_screen,base,1,153,1,2,16.0,16,0,1,1,zero,
manual_screen,base,1,153,2,2,27.0,27,0,0,0,zero,
manual_screen,base,1,154,0,2,1.0,0,1,2,2,zero,
manual_screen,base,1,154,1,2,15.0,15,0,1,1,zero,
manual_screen,base,1,154,2,2,26.0,26,0,0,0,zero,
manual_screen,base,1,155,0,2,3.0,0,3,0,0,zero,
manual_screen,base,1,155,1,2,16.0,16,0,1,1,zero,
manual_screen,base,1,155,2,2,25.0,25,0,0,0,zero,
manual_screen,base,1,156,0,2,1.0,1,0,6,6,zero,
manual_screen,base,1,156,1,2,10.0,10,0,0,0,zero,
manual_screen,base,1,156,2,2,25.0,25,0,0,0,zero,
manual_screen,base,1,157,0,2,1.0,0,1,0,0,zero,
manual_screen,base,1,157,1,2,11.0,11,0,1,1,zero,
manual_screen,base,1,157,2,2,24.0,24,0,0,0,zero,
manual_screen,base,1,158,0,2,1.0,0,1,0,0,zero,
manual_screen,base,1,158,1,2,12.0,12,0,1,1,zero,
manual_screen,base,1,158,2,2,23.0,23,0,0,0,zero,
manual_screen,base,1,159,0,2,3.0,0,3,6,6,zero,
manual_screen,base,1,159,1,2,7.0,7,0,0,0,zero,
manual_screen,base,1,159,2,2,23.0,23,0,0,0,zero,
manual_screen,base,1,160,0,2,1.0,1,0,0,0,zero,
manual_screen,base,1,160,1,2,7.0,7,0,1,1,zero,
manual_screen,base,1,160,2,2,22.0,22,0,0,0,zero,
manual_screen,base,1,161,0,2,1.0,0,1,6,6,zero,
manual_screen,base,1,161,1,2,2.0,2,0,1,1,zero,
manual_screen,base,1,161,2,2,21.0,21,0,0,0,zero,
manual_screen,base,1,162,0,1,2.0,0,2,0,0,zero,
manual_screen,base,1,162,1,1,3.0,3,0,15,15,zero,
manual_screen,base,1,162,2,1,6.0,6,0,0,0,zero,
manual_screen,base,1,163,0,2,2.0,2,0,0,0,zero,
manual_screen,base,1,163,1,2,3.0,3,0,1,1,zero,
manual_screen,base,1,163,2,2,5.0,5,0,1,1,zero,
manual_screen,base,1,164,0,2,-0.0,0,0,0,0,zero,
manual_screen,base,1,164,1,2,4.0,4,0,0,0,zero,
manual_screen,base,1,164,2,2,5.0,5,0,20,20,zero,
manual_screen,base,1,165,0,2,4.0,4,0,6,6,zero,
manual_screen,base,1,165,1,2,1.0,0,1,0,0,zero,
manual_screen,base,1,165,2,2,5.0,5,0,0,0,zero,
manual_screen,base,1,166,0,2,2.0,2,0,0,0,zero,
manual_screen,base,1,166,1,2,14.0,14,0,1,1,zero,
manual_screen,base,1,166,2,2,4.0,4,0,0,0,zero,
manual_screen,base,1,167,0,1,1.0,1,0,2,2,zero,
manual_screen,base,1,167,1,1,13.0,13,0,0,0,zero,
manual_screen,base,1,167,2,1,5.0,5,0,0,0,zero,
manual_screen,base,1,168,0,2,1.0,0,1,0,0,zero,
manual_screen,base,1,168,1,2,13.0,13,0,1,1,zero,
manual_screen,base,1,168,2,2,24.0,24,0,0,0,zero,
manual_screen,base,1,169,0,2,2.0,2,0,6,6,zero,
manual_screen,base,1,169,1,2,7.0,7,0,0,0,zero,
manual_screen,base,1,169,2,2,24.0,24,0,0,0,zero,
manual_screen,base,1,170,0,2,1.0,1,0,0,0,zero,
manual_screen,base,1,170,1,2,8.0,8,0,15,15,zero,
manual_screen,base,1,170,2,2,9.0,9,0,0,0,zero,
manual_screen,base,1,171,0,2,1.0,1,0,0,0,zero,
manual_screen,base,1,171,1,2,8.0,8,0,0,0,zero,
manual_screen,base,1,171,2,2,9.0,9,0,1,1,zero,
manual_screen,base,1,172,0,2,1.0,0,1,0,0,zero,
manual_screen,base,1,172,1,2,9.0,9,0,0,0,zero,
manual_screen,base,1,172,2,2,9.0,9,0,1,1,zero,
manual_screen,base,1,173,0,2,3.0,3,0,6,6,zero,
manual_screen,base,1,173,1,2,3.0,3,0,0,0,zero,
manual_screen,base,1,173,2,2,9.0,9,0,0,0,zero,
manual_screen,base,1,174,0,2,1.0,1,0,0,0,zero,
manual_screen,base,1,174,1,2,18.0,18,0,1,1,zero,
manual_screen,base,1,174,2,2,8.0,8,0,0,0,zero,
manual_screen,base,1,175,0,2,1.0,0,1,0,0,zero,
manual_screen,base,1,175,1,2,18.0,18,0,0,0,zero,
manual_screen,base,1,175,2,2,9.0,9,0,0,0,zero,
manual_screen,base,1,176,0,2,3.0,0,3,6,6,zero,
manual_screen,base,1,176,1,2,12.0,12,0,0,0,zero,
manual_screen,base,1,176,2,2,10.0,10,0,0,0,zero,
manual_screen,base,1,177,0,2,1.0,1,0,0,0,zero,
manual_screen,base,1,177,1,2,12.0,12,0,1,1,zero,
manual_screen,base,1,177,2,2,9.0,9,0,0,0,zero,
manual_screen,base,1,178,0,2,1.0,0,1,6,6,zero,
manual_screen,base,1,178,1,2,7.0,7,0,1,1,zero,
manual_screen,base,1,178,2,2,8.0,8,0,0,0,zero,
manual_screen,base,1,179,0,2,3.0,0,3,0,0,zero,
manual_screen,base,1,179,1,2,7.0,7,0,15,15,zero,
manual_screen,base,1,179,2,2,7.0,0,7,1,1,zero,
manual_screen,base,1,180,0,2,1.0,1,0,2,2,zero,
manual_screen,base,1,180,1,2,5.0,5,0,1,1,zero,
manual_screen,base,1,180,2,2,8.0,0,8,20,20,zero,
manual_screen,base,1,181,0,2,1.0,0,1,0,0,zero,
manual_screen,base,1,181,1,2,6.0,6,0,1,1,zero,
manual_screen,base,1,181,2,2,9.0,0,9,20,20,zero,
manual_screen,base,1,182,0,2,3.0,3,0,6,6,zero,
manual_screen,base,1,182,1,2,1.0,1,0,0,0,zero,
manual_screen,base,1,182,2,2,9.0,0,9,0,0,zero,
manual_screen,base,1,183,0,2,1.0,1,0,0,0,zero,
manual_screen,base,1,183,1,2,9.0,9,0,1,1,zero,
manual_screen,base,1,183,2,2,9.0,0,9,0,0,zero,
manual_screen,base,1,184,0,2,1.0,1,0,0,0,zero,
manual_screen,base,1,184,1,2,9.0,9,0,1,1,zero,
manual_screen,base,1,184,2,2,10.0,10,0,0,0,zero,
manual_screen,base,1,185,0,2,1.0,0,1,0,0,zero,
manual_screen,base,1,185,1,2,9.0,9,0,0,0,zero,
manual_screen,base,1,185,2,2,30.0,30,0,0,0,zero,
manual_screen,base,1,186,0,2,3.0,3,0,6,6,zero,
manual_screen,base,1,186,1,2,3.0,3,0,0,0,zero,
manual_screen,base,1,186,2,2,30.0,30,0,0,0,zero,
manual_screen,base,1,187,0,2,1.0,1,0,0,0,zero,
manual_screen,base,1,187,1,2,4.0,4,0,1,1,zero,
manual_screen,base,1,187,2,2,29.0,29,0,0,0,zero,
manual_screen,base,1,188,0,2,1.0,0,1,0,0,zero,
manual_screen,base,1,188,1,2,14.0,14,0,0,0,zero,
manual_screen,base,1,188,2,2,29.0,29,0,0,0,zero,
manual_screen,base,1,189,0,2,3.0,0,3,6,6,zero,
manual_screen,base,1,189,1,2,8.0,8,0,0,0,zero,
manual_screen,base,1,189,2,2,29.0,29,0,0,0,zero,
manual_screen,base,1,190,0,3,-0.0,0,0,0,0,zero,
manual_screen,base,1,190,1,3,8.0,8,0,1,1,zero,
manual_screen,base,1,190,2,3,28.0,28,0,0,0,zero,
manual_screen,base,1,191,0,3,3.0,0,3,6,6,zero,
manual_screen,base,1,191,1,3,3.0,3,0,1,1,zero,
manual_screen,base,1,191,2,3,27.0,27,0,0,0,zero,
manual_screen,base,1,192,0,3,6.0,0,6,0,0,zero,
manual_screen,base,1,192,1,3,3.0,3,0,15,15,zero,
manual_screen,base,1,192,2,3,12.0,12,0,0,0,zero,
manual_screen,base,1,193,0,3,3.0,0,3,6,6,zero,
manual_screen,base,1,193,1,3,3.0,0,3,1,1,zero,
manual_screen,base,1,193,2,3,11.0,11,0,1,1,zero,
manual_screen,base,1,194,0,3,6.0,0,6,6,6,zero,
manual_screen,base,1,194,1,3,8.0,0,8,15,15,zero,
manual_screen,base,1,194,2,3,4.0,0,4,1,1,zero,
manual_screen,base,1,195,0,3,3.0,0,3,10,10,zero,
manual_screen,base,1,195,1,3,17.0,0,17,3,3,zero,
manual_screen,base,1,195,2,3,7.0,0,7,20,20,zero,
manual_screen,base,1,196,0,3,6.0,0,6,10,10,zero,
manual_screen,base,1,196,1,3,12.0,0,12,15,15,zero,
manual_screen,base,1,196,2,3,22.0,0,22,20,20,zero,
manual_screen,base,1,197,0,3,6.0,0,6,6,6,zero,
manual_screen,base,1,197,1,3,17.0,0,17,15,15,zero,
manual_screen,base,1,197,2,3,36.0,0,36,20,20,zero,
manual_screen,base,1,198,0,3,8.0,0,8,6,6,zero,
manual_screen,base,1,198,1,3,12.0,0,12,15,15,zero,
manual_screen,base,1,198,2,3,50.0,0,50,20,20,zero,
manual_screen,base,1,199,0,3,10.0,0,10,2,2,zero,
manual_screen,base,1,199,1,3,14.0,0,14,18,18,zero,
manual_screen,base,1,199,2,3,48.0,0,48,20,20,zero,
manual_screen,base,1,200,0,4,1.0,1,0,6,6,zero,
manual_screen,base,1,200,1,4,20.0,0,20,3,3,zero,
manual_screen,base,1,200,2,4,31.0,0,31,20,20,zero,
manual_screen,base,2,1,0,10,10.0,10,0,10,10,zero,
manual_screen,base,2,1,1,10,10.0,10,0,15,15,zero,
manual_screen,base,2,1,2,10,5.0,5,0,0,0,zero,
manual_screen,base,2,2,0,9,11.0,11,0,10,10,zero,
manual_screen,base,2,2,1,9,10.0,10,0,1,1,zero,
manual_screen,base,2,2,2,9,14.0,14,0,20,20,zero,
manual_screen,base,2,3,0,10,11.0,11,0,6,6,zero,
manual_screen,base,2,3,1,10,14.0,14,0,15,15,zero,
manual_screen,base,2,3,2,10,9.0,9,0,3,3,zero,
manual_screen,base,2,4,0,9,12.0,12,0,10,10,zero,
manual_screen,base,2,4,1,9,14.0,14,0,1,1,zero,
manual_screen,base,2,4,2,9,18.0,18,0,20,20,zero,
manual_screen,base,2,5,0,9,13.0,13,0,6,6,zero,
manual_screen,base,2,5,1,9,23.0,23,0,15,15,zero,
manual_screen,base,2,5,2,9,3.0,3,0,0,0,zero,
manual_screen,base,2,6,0,9,14.0,14,0,9,9,zero,
manual_screen,base,2,6,1,9,15.0,15,0,1,1,zero,
manual_screen,base,2,6,2,9,22.0,22,0,16,16,zero,
manual_screen,base,2,7,0,8,12.0,12,0,9,9,zero,
manual_screen,base,2,7,1,8,21.0,21,0,1,1,zero,
manual_screen,base,2,7,2,8,24.0,24,0,0,0,zero,
manual_screen,base,2,8,0,8,14.0,14,0,9,9,zero,
manual_screen,base,2,8,1,8,13.0,13,0,15,15,zero,
manual_screen,base,2,8,2,8,29.0,29,0,0,0,zero,
manual_screen,base,2,9,0,8,12.0,12,0,2,2,zero,
manual_screen,base,2,9,1,8,26.0,26,0,15,15,zero,
manual_screen,base,2,9,2,8,14.0,14,0,1,1,zero,
manual_screen,base,2,10,0,8,13.0,13,0,9,9,zero,
manual_screen,base,2,10,1,8,18.0,18,0,0,0,zero,
manual_screen,base,2,10,2,8,30.0,30,0,20,20,zero,
manual_screen,base,2,11,0,9,13.0,13,0,6,6,zero,
manual_screen,base,2,11,1,9,13.0,13,0,1,1,zero,
manual_screen,base,2,11,2,9,29.0,29,0,0,0,zero,
manual_screen,base,2,12,0,10,12.0,12,0,9,9,zero,
manual_screen,base,2,12,1,10,19.0,19,0,1,1,zero,
manual_screen,base,2,12,2,10,28.0,28,0,0,0,zero,
manual_screen,base,2,13,0,9,5.0,5,0,9,9,zero,
manual_screen,base,2,13,1,9,25.0,25,0,15,15,zero,
manual_screen,base,2,13,2,9,14.0,14,0,0,0,zero,
manual_screen,base,2,14,0,10,4.0,4,0,9,9,zero,
manual_screen,base,2,14,1,10,16.0,16,0,15,15,zero,
manual_screen,base,2,14,2,10,19.0,19,0,0,0,zero,
manual_screen,base,2,15,0,11,1.0,0,1,9,9,zero,
manual_screen,base,2,15,1,11,8.0,8,0,1,1,zero,
manual_screen,base,2,15,2,11,18.0,18,0,20,20,zero,
manual_screen,base,2,16,0,13,5.0,0,5,19,19,zero,
manual_screen,base,2,16,1,13,10.0,0,10,15,15,zero,
manual_screen,base,2,16,2,13,3.0,3,0,3,3,zero,
manual_screen,base,2,17,0,11,7.0,0,7,19,19,zero,
manual_screen,base,2,17,1,11,14.0,0,14,15,15,zero,
manual_screen,base,2,17,2,11,12.0,0,12,20,20,zero,
manual_screen,base,2,18,0,11,9.0,0,9,9,9,zero,
manual_screen,base,2,18,1,11,8.0,0,8,15,15,zero,
manual_screen,base,2,18,2,11,27.0,0,27,20,20,zero,
manual_screen,base,2,19,0,12,12.0,0,12,10,10,zero,
manual_screen,base,2,19,1,12,17.0,0,17,15,15,zero,
manual_screen,base,2,19,2,12,22.0,0,22,20,20,zero,
manual_screen,base,2,20,0,10,13.0,0,13,19,19,zero,
manual_screen,base,2,20,1,10,21.0,0,21,15,15,zero,
manual_screen,base,2,20,2,10,34.0,0,34,20,20,zero,
manual_screen,base,2,21,0,10,8.0,0,8,6,6,zero,
manual_screen,base,2,21,1,10,24.0,0,24,15,15,zero,
manual_screen,base,2,21,2,10,29.0,0,29,20,20,zero,
manual_screen,base,2,22,0,9,2.0,0,2,19,19,zero,
manual_screen,base,2,22,1,9,43.0,0,43,11,11,zero,
manual_screen,base,2,22,2,9,20.0,0,20,16,16,zero,
manual_screen,base,2,23,0,9,10.0,0,10,19,19,zero,
manual_screen,base,2,23,1,9,42.0,0,42,18,18,zero,
manual_screen,base,2,23,2,9,18.0,0,18,16,16,zero,
manual_screen,base,2,24,0,9,4.0,0,4,6,6,zero,
manual_screen,base,2,24,1,9,45.0,0,45,18,18,zero,
manual_screen,base,2,24,2,9,16.0,0,16,16,16,zero,
manual_screen,base,2,25,0,9,10.0,0,10,10,10,zero,
manual_screen,base,2,25,1,9,35.0,0,35,3,3,zero,
manual_screen,base,2,25,2,9,1.0,1,0,20,20,zero,
manual_screen,base,2,26,0,9,19.0,0,19,6,6,zero,
manual_screen,base,2,26,1,9,21.0,0,21,0,0,zero,
manual_screen,base,2,26,2,9,17.0,17,0,16,16,zero,
manual_screen,base,2,27,0,9,8.0,0,8,6,6,zero,
manual_screen,base,2,27,1,9,7.0,0,7,0,0,zero,
manual_screen,base,2,27,2,9,33.0,33,0,0,0,zero,
manual_screen,base,2,28,0,10,15.0,0,15,0,0,zero,
manual_screen,base,2,28,1,10,13.0,13,0,18,18,zero,
manual_screen,base,2,28,2,10,31.0,31,0,0,0,zero,
manual_screen,base,2,29,0,11,6.0,0,6,6,6,zero,
manual_screen,base,2,29,1,11,26.0,26,0,0,0,zero,
manual_screen,base,2,29,2,11,51.0,51,0,1,1,zero,
manual_screen,base,2,30,0,11,3.0,3,0,6,6,zero,
manual_screen,base,2,30,1,11,20.0,20,0,12,12,zero,
manual_screen,base,2,30,2,11,55.0,55,0,0,0,zero,
manual_screen,base,2,31,0,11,12.0,12,0,10,10,zero,
manual_screen,base,2,31,1,11,10.0,10,0,0,0,zero,
manual_screen,base,2,31,2,11,55.0,55,0,1,1,zero,
manual_screen,base,2,32,0,11,8.0,8,0,19,19,zero,
manual_screen,base,2,32,1,11,9.0,9,0,12,12,zero,
manual_screen,base,2,32,2,11,43.0,43,0,0,0,zero,
manual_screen,base,2,33,0,12,2.0,2,0,9,9,zero,
manual_screen,base,2,33,1,12,-0.0,0,0,15,15,zero,
manual_screen,base,2,33,2,12,29.0,29,0,0,0,zero,
manual_screen,base,2,34,0,11,3.0,0,3,19,19,zero,
manual_screen,base,2,34,1,11,7.0,0,7,15,15,zero,
manual_screen,base,2,34,2,11,14.0,14,0,20,20,zero,
manual_screen,base,2,35,0,12,5.0,0,5,10,10,zero,
manual_screen,base,2,35,1,12,17.0,0,17,18,18,zero,
manual_screen,base,2,35,2,12,3.0,0,3,20,20,zero,
manual_screen,base,2,36,0,12,2.0,2,0,10,10,zero,
manual_screen,base,2,36,1,12,15.0,0,15,15,15,zero,
manual_screen,base,2,36,2,12,18.0,0,18,20,20,zero,
manual_screen,base,2,37,0,12,1.0,0,1,10,10,zero,
manual_screen,base,2,37,1,12,10.0,0,10,18,18,zero,
manual_screen,base,2,37,2,12,36.0,0,36,20,20,zero,
manual_screen,base,2,38,0,13,2.0,0,2,9,9,zero,
manual_screen,base,2,38,1,13,4.0,0,4,18,18,zero,
manual_screen,base,2,38,2,13,34.0,0,34,20,20,zero,
manual_screen,base,2,39,0,13,15.0,0,15,19,19,zero,
manual_screen,base,2,39,1,13,8.0,0,8,18,18,zero,
manual_screen,base,2,39,2,13,32.0,0,32,20,20,zero,
manual_screen,base,2,40,0,13,16.0,0,16,10,10,zero,
manual_screen,base,2,40,1,13,18.0,0,18,18,18,zero,
manual_screen,base,2,40,2,13,30.0,0,30,20,20,zero,
manual_screen,base,2,41,0,14,15.0,0,15,10,10,zero,
manual_screen,base,2,41,1,14,28.0,0,28,18,18,zero,
manual_screen,base,2,41,2,14,28.0,0,28,20,20,zero,
manual_screen,base,2,42,0,14,14.0,0,14,10,10,zero,
manual_screen,base,2,42,1,14,18.0,0,18,3,3,zero,
manual_screen,base,2,42,2,14,11.0,0,11,20,20,zero,
manual_screen,base,2,43,0,15,14.0,0,14,10,10,zero,
manual_screen,base,2,43,1,15,8.0,0,8,0,0,zero,
manual_screen,base,2,43,2,15,9.0,9,0,1,1,zero,
manual_screen,base,2,44,0,16,30.0,0,30,19,19,zero,
manual_screen,base,2,44,1,16,7.0,0,7,18,18,zero,
manual_screen,base,2,44,2,16,11.0,11,0,0,0,zero,
manual_screen,base,2,45,0,14,44.0,0,44,19,19,zero,
manual_screen,base,2,45,1,14,6.0,0,6,18,18,zero,
manual_screen,base,2,45,2,14,13.0,13,0,16,16,zero,
manual_screen,base,2,46,0,14,38.0,0,38,10,10,zero,
manual_screen,base,2,46,1,14,4.0,4,0,18,18,zero,
manual_screen,base,2,46,2,14,15.0,15,0,20,20,zero,
manual_screen,base,2,47,0,14,32.0,0,32,10,10,zero,
manual_screen,base,2,47,1,14,5.0,5,0,18,18,zero,
manual_screen,base,2,47,2,14,2.0,0,2,20,20,zero,
manual_screen,base,2,48,0,13,25.0,0,25,10,10,zero,
manual_screen,base,2,48,1,13,13.0,13,0,3,3,zero,
manual_screen,base,2,48,2,13,5.0,0,5,20,20,zero,
manual_screen,base,2,49,0,12,17.0,0,17,10,10,zero,
manual_screen,base,2,49,1,12,21.0,21,0,12,12,zero,
manual_screen,base,2,49,2,12,1.0,0,1,0,0,zero,
manual_screen,base,2,50,0,14,15.0,0,15,10,10,zero,
manual_screen,base,2,50,1,14,29.0,29,0,3,3,zero,
manual_screen,base,2,50,2,14,16.0,16,0,0,0,zero,
manual_screen,base,2,51,0,16,21.0,0,21,19,19,zero,
manual_screen,base,2,51,1,16,26.0,26,0,12,12,zero,
manual_screen,base,2,51,2,16,24.0,24,0,0,0,zero,
manual_screen,base,2,52,0,15,26.0,0,26,19,19,zero,
manual_screen,base,2,52,1,15,7.0,7,0,18,18,zero,
manual_screen,base,2,52,2,15,26.0,26,0,0,0,zero,
manual_screen,base,2,53,0,17,33.0,0,33,19,19,zero,
manual_screen,base,2,53,1,17,4.0,4,0,15,15,zero,
manual_screen,base,2,53,2,17,11.0,11,0,20,20,zero,
manual_screen,base,2,54,0,15,38.0,0,38,17,17,zero,
manual_screen,base,2,54,1,15,9.0,0,9,18,18,zero,
manual_screen,base,2,54,2,15,7.0,0,7,20,20,zero,
manual_screen,base,2,55,0,13,32.0,0,32,19,19,zero,
manual_screen,base,2,55,1,13,16.0,0,16,18,18,zero,
manual_screen,base,2,55,2,13,25.0,0,25,20,20,zero,
manual_screen,base,2,56,0,14,27.0,0,27,10,10,zero,
manual_screen,base,2,56,1,14,8.0,0,8,18,18,zero,
manual_screen,base,2,56,2,14,43.0,0,43,20,20,zero,
manual_screen,base,2,57,0,15,23.0,0,23,10,10,zero,
manual_screen,base,2,57,1,15,3.0,0,3,18,18,zero,
manual_screen,base,2,57,2,15,41.0,0,41,20,20,zero,
manual_screen,base,2,58,0,14,29.0,0,29,19,19,zero,
manual_screen,base,2,58,1,14,11.0,0,11,15,15,zero,
manual_screen,base,2,58,2,14,36.0,0,36,20,20,zero,
manual_screen,base,2,59,0,15,32.0,0,32,19,19,zero,
manual_screen,base,2,59,1,15,30.0,0,30,18,18,zero,
manual_screen,base,2,59,2,15,34.0,0,34,20,20,zero,
manual_screen,base,2,60,0,15,29.0,0,29,19,19,zero,
manual_screen,base,2,60,1,15,49.0,0,49,18,18,zero,
manual_screen,base,2,60,2,15,32.0,0,32,20,20,zero,
manual_screen,base,2,61,0,15,29.0,0,29,19,19,zero,
manual_screen,base,2,61,1,15,48.0,0,48,18,18,zero,
manual_screen,base,2,61,2,15,30.0,0,30,20,20,zero,
manual_screen,base,2,62,0,15,33.0,0,33,10,10,zero,
manual_screen,base,2,62,1,15,38.0,0,38,18,18,zero,
manual_screen,base,2,62,2,15,28.0,0,28,20,20,zero,
manual_screen,base,2,63,0,15,48.0,0,48,19,19,zero,
manual_screen,base,2,63,1,15,37.0,0,37,3,3,zero,
manual_screen,base,2,63,2,15,11.0,0,11,20,20,zero,
manual_screen,base,2,64,0,16,64.0,0,64,17,17,zero,
manual_screen,base,2,64,1,16,34.0,0,34,18,18,zero,
manual_screen,base,2,64,2,16,9.0,0,9,1,1,zero,
manual_screen,base,2,65,0,15,59.0,0,59,17,17,zero,
manual_screen,base,2,65,1,15,31.0,0,31,18,18,zero,
manual_screen,base,2,65,2,15,7.0,0,7,20,20,zero,
manual_screen,base,2,66,0,16,55.0,0,55,10,10,zero,
manual_screen,base,2,66,1,16,21.0,0,21,18,18,zero,
manual_screen,base,2,66,2,16,5.0,0,5,20,20,zero,
manual_screen,base,2,67,0,15,50.0,0,50,10,10,zero,
manual_screen,base,2,67,1,15,11.0,0,11,18,18,zero,
manual_screen,base,2,67,2,15,3.0,0,3,20,20,zero,
manual_screen,base,2,68,0,15,45.0,0,45,10,10,zero,
manual_screen,base,2,68,1,15,1.0,0,1,0,0,zero,
manual_screen,base,2,68,2,15,2.0,0,2,20,20,zero,
manual_screen,base,2,69,0,14,39.0,0,39,10,10,zero,
manual_screen,base,2,69,1,14,9.0,9,0,18,18,zero,
manual_screen,base,2,69,2,14,-0.0,0,0,0,0,zero,
manual_screen,base,2,70,0,12,31.0,0,31,10,10,zero,
manual_screen,base,2,70,1,12,19.0,19,0,18,18,zero,
manual_screen,base,2,70,2,12,2.0,2,0,1,1,zero,
manual_screen,base,2,71,0,13,24.0,0,24,10,10,zero,
manual_screen,base,2,71,1,13,29.0,29,0,18,18,zero,
manual_screen,base,2,71,2,13,4.0,4,0,20,20,zero,
manual_screen,base,2,72,0,14,18.0,0,18,10,10,zero,
manual_screen,base,2,72,1,14,20.0,20,0,0,0,zero,
manual_screen,base,2,72,2,14,24.0,24,0,20,20,zero,
manual_screen,base,2,73,0,15,22.0,0,22,19,19,zero,
manual_screen,base,2,73,1,15,21.0,21,0,3,3,zero,
manual_screen,base,2,73,2,15,21.0,21,0,0,0,zero,
manual_screen,base,2,74,0,15,27.0,0,27,19,19,zero,
manual_screen,base,2,74,1,15,20.0,20,0,18,18,zero,
manual_screen,base,2,74,2,15,4.0,4,0,0,0,zero,
manual_screen,base,2,75,0,15,32.0,0,32,19,19,zero,
manual_screen,base,2,75,1,15,19.0,19,0,15,15,zero,
manual_screen,base,2,75,2,15,9.0,9,0,0,0,zero,
manual_screen,base,2,76,0,13,35.0,0,35,17,17,zero,
manual_screen,base,2,76,1,13,2.0,2,0,15,15,zero,
manual_screen,base,2,76,2,13,14.0,14,0,20,20,zero,
manual_screen,base,2,77,0,14,30.0,0,30,10,10,zero,
manual_screen,base,2,77,1,14,5.0,0,5,15,15,zero,
manual_screen,base,2,77,2,14,1.0,0,1,20,20,zero,
manual_screen,base,2,78,0,14,25.0,0,25,19,19,zero,
manual_screen,base,2,78,1,14,6.0,0,6,15,15,zero,
manual_screen,base,2,78,2,14,16.0,0,16,20,20,zero,
manual_screen,base,2,79,0,18,24.0,0,24,10,10,zero,
manual_screen,base,2,79,1,18,1.0,0,1,18,18,zero,
manual_screen,base,2,79,2,18,34.0,0,34,20,20,zero,
manual_screen,base,2,80,0,18,25.0,0,25,19,19,zero,
manual_screen,base,2,80,1,18,5.0,0,5,15,15,zero,
manual_screen,base,2,80,2,18,29.0,0,29,20,20,zero,
manual_screen,base,2,81,0,20,40.0,0,40,19,19,zero,
manual_screen,base,2,81,1,20,10.0,0,10,15,15,zero,
manual_screen,base,2,81,2,20,24.0,0,24,17,17,zero,
manual_screen,base,2,82,0,20,42.0,0,42,19,19,zero,
manual_screen,base,2,82,1,20,29.0,0,29,18,18,zero,
manual_screen,base,2,82,2,20,22.0,0,22,16,16,zero,
manual_screen,base,2,83,0,20,47.0,0,47,19,19,zero,
manual_screen,base,2,83,1,20,48.0,0,48,18,18,zero,
manual_screen,base,2,83,2,20,20.0,0,20,20,20,zero,
manual_screen,base,2,84,0,20,52.0,0,52,17,17,zero,
manual_screen,base,2,84,1,20,45.0,0,45,18,18,zero,
manual_screen,base,2,84,2,20,18.0,0,18,20,20,zero,
manual_screen,base,2,85,0,20,58.0,0,58,17,17,zero,
manual_screen,base,2,85,1,20,42.0,0,42,18,18,zero,
manual_screen,base,2,85,2,20,19.0,0,19,20,20,zero,
manual_screen,base,2,86,0,20,78.0,0,78,17,17,zero,
manual_screen,base,2,86,1,20,39.0,0,39,18,18,zero,
manual_screen,base,2,86,2,20,21.0,0,21,20,20,zero,
manual_screen,base,2,87,0,19,97.0,0,97,17,17,zero,
manual_screen,base,2,87,1,19,36.0,0,36,18,18,zero,
manual_screen,base,2,87,2,19,19.0,0,19,20,20,zero,
manual_screen,base,2,88,0,19,96.0,0,96,17,17,zero,
manual_screen,base,2,88,1,19,33.0,0,33,18,18,zero,
manual_screen,base,2,88,2,19,17.0,0,17,20,20,zero,
manual_screen,base,2,89,0,17,93.0,0,93,17,17,zero,
manual_screen,base,2,89,1,17,33.0,0,33,18,18,zero,
manual_screen,base,2,89,2,17,15.0,0,15,20,20,zero,
manual_screen,base,2,90,0,17,90.0,0,90,17,17,zero,
manual_screen,base,2,90,1,17,34.0,0,34,18,18,zero,
manual_screen,base,2,90,2,17,13.0,0,13,16,16,zero,
manual_screen,base,2,91,0,17,87.0,0,87,17,17,zero,
manual_screen,base,2,91,1,17,31.0,0,31,18,18,zero,
manual_screen,base,2,91,2,17,11.0,0,11,20,20,zero,
manual_screen,base,2,92,0,14,81.0,0,81,17,17,zero,
manual_screen,base,2,92,1,14,28.0,0,28,18,18,zero,
manual_screen,base,2,92,2,14,9.0,0,9,20,20,zero,
manual_screen,base,2,93,0,13,77.0,0,77,17,17,zero,
manual_screen,base,2,93,1,13,25.0,0,25,18,18,zero,
manual_screen,base,2,93,2,13,7.0,0,7,20,20,zero,
manual_screen,base,2,94,0,13,74.0,0,74,17,17,zero,
manual_screen,base,2,94,1,13,22.0,0,22,18,18,zero,
manual_screen,base,2,94,2,13,9.0,0,9,20,20,zero,
manual_screen,base,2,95,0,14,68.0,0,68,17,17,zero,
manual_screen,base,2,95,1,14,19.0,0,19,18,18,zero,
manual_screen,base,2,95,2,14,7.0,0,7,16,16,zero,
manual_screen,base,2,96,0,16,64.0,0,64,17,17,zero,
manual_screen,base,2,96,1,16,16.0,0,16,18,18,zero,
manual_screen,base,2,96,2,16,5.0,0,5,20,20,zero,
manual_screen,base,2,97,0,15,59.0,0,59,17,17,zero,
manual_screen,base,2,97,1,15,13.0,0,13,18,18,zero,
manual_screen,base,2,97,2,15,3.0,0,3,20,20,zero,
manual_screen,base,2,98,0,14,53.0,0,53,10,10,zero,
manual_screen,base,2,98,1,14,7.0,0,7,18,18,zero,
manual_screen,base,2,98,2,14,1.0,0,1,16,16,zero,
manual_screen,base,2,99,0,16,49.0,0,49,10,10,zero,
manual_screen,base,2,99,1,16,3.0,3,0,18,18,zero,
manual_screen,base,2,99,2,16,3.0,0,3,16,16,zero,
manual_screen,base,2,100,0,13,42.0,0,42,10,10,zero,
manual_screen,base,2,100,1,13,13.0,13,0,18,18,zero,
manual_screen,base,2,100,2,13,1.0,0,1,20,20,zero,
manual_screen,base,2,101,0,10,32.0,0,32,19,19,zero,
manual_screen,base,2,101,1,10,14.0,14,0,0,0,zero,
manual_screen,base,2,101,2,10,19.0,19,0,20,20,zero,
manual_screen,base,2,102,0,11,27.0,0,27,10,10,zero,
manual_screen,base,2,102,1,11,24.0,24,0,18,18,zero,
manual_screen,base,2,102,2,11,17.0,17,0,0,0,zero,
manual_screen,base,2,103,0,12,22.0,0,22,19,19,zero,
manual_screen,base,2,103,1,12,21.0,21,0,3,3,zero,
manual_screen,base,2,103,2,12,30.0,30,0,1,1,zero,
manual_screen,base,2,104,0,11,23.0,0,23,10,10,zero,
manual_screen,base,2,104,1,11,31.0,31,0,18,18,zero,
manual_screen,base,2,104,2,11,32.0,32,0,0,0,zero,
manual_screen,base,2,105,0,11,15.0,0,15,10,10,zero,
manual_screen,base,2,105,1,11,22.0,22,0,3,3,zero,
manual_screen,base,2,105,2,11,49.0,49,0,16,16,zero,
manual_screen,base,2,106,0,10,15.0,0,15,10,10,zero,
manual_screen,base,2,106,1,10,30.0,30,0,15,15,zero,
manual_screen,base,2,106,2,10,34.0,34,0,0,0,zero,
manual_screen,base,2,107,0,10,6.0,0,6,10,10,zero,
manual_screen,base,2,107,1,10,23.0,23,0,3,3,zero,
manual_screen,base,2,107,2,10,32.0,32,0,1,1,zero,
manual_screen,base,2,108,0,9,5.0,0,5,19,19,zero,
manual_screen,base,2,108,1,9,22.0,22,0,1,1,zero,
manual_screen,base,2,108,2,9,31.0,31,0,0,0,zero,
manual_screen,base,2,109,0,10,5.0,0,5,6,6,zero,
manual_screen,base,2,109,1,10,19.0,19,0,15,15,zero,
manual_screen,base,2,109,2,10,32.0,32,0,0,0,zero,
manual_screen,base,2,110,0,10,5.0,0,5,10,10,zero,
manual_screen,base,2,110,1,10,24.0,24,0,3,3,zero,
manual_screen,base,2,110,2,10,29.0,29,0,1,1,zero,
manual_screen,base,2,111,0,10,5.0,0,5,10,10,zero,
manual_screen,base,2,111,1,10,17.0,17,0,15,15,zero,
manual_screen,base,2,111,2,10,15.0,15,0,1,1,zero,
manual_screen,base,2,112,0,10,4.0,4,0,10,10,zero,
manual_screen,base,2,112,1,10,8.0,8,0,3,3,zero,
manual_screen,base,2,112,2,10,12.0,12,0,20,20,zero,
manual_screen,base,2,113,0,9,1.0,1,0,10,10,zero,
manual_screen,base,2,113,1,9,13.0,13,0,15,15,zero,
manual_screen,base,2,113,2,9,3.0,0,3,20,20,zero,
manual_screen,base,2,114,0,11,-0.0,0,0,10,10,zero,
manual_screen,base,2,114,1,11,6.0,6,0,15,15,zero,
manual_screen,base,2,114,2,11,17.0,0,17,20,20,zero,
manual_screen,base,2,115,0,12,2.0,0,2,10,10,zero,
manual_screen,base,2,115,1,12,11.0,11,0,15,15,zero,
manual_screen,base,2,115,2,12,31.0,0,31,20,20,zero,
manual_screen,base,2,116,0,11,3.0,0,3,19,19,zero,
manual_screen,base,2,116,1,11,5.0,0,5,15,15,zero,
manual_screen,base,2,116,2,11,26.0,0,26,16,16,zero,
manual_screen,base,2,117,0,12,5.0,0,5,19,19,zero,
manual_screen,base,2,117,1,12,12.0,0,12,15,15,zero,
manual_screen,base,2,117,2,12,21.0,0,21,16,16,zero,
manual_screen,base,2,118,0,12,7.0,0,7,19,19,zero,
manual_screen,base,2,118,1,12,30.0,0,30,15,15,zero,
manual_screen,base,2,118,2,12,16.0,0,16,16,16,zero,
manual_screen,base,2,119,0,13,10.0,0,10,19,19,zero,
manual_screen,base,2,119,1,13,48.0,0,48,15,15,zero,
manual_screen,base,2,119,2,13,11.0,0,11,20,20,zero,
manual_screen,base,2,120,0,13,9.0,0,9,19,19,zero,
manual_screen,base,2,120,1,13,47.0,0,47,18,18,zero,
manual_screen,base,2,120,2,13,13.0,0,13,16,16,zero,
manual_screen,base,2,121,0,14,11.0,0,11,10,10,zero,
manual_screen,base,2,121,1,14,37.0,0,37,18,18,zero,
manual_screen,base,2,121,2,14,15.0,0,15,20,20,zero,
manual_screen,base,2,122,0,17,27.0,0,27,19,19,zero,
manual_screen,base,2,122,1,17,36.0,0,36,3,3,zero,
manual_screen,base,2,122,2,17,2.0,0,2,20,20,zero,
manual_screen,base,2,123,0,17,43.0,0,43,19,19,zero,
manual_screen,base,2,123,1,17,35.0,0,35,18,18,zero,
manual_screen,base,2,123,2,17,-0.0,0,0,1,1,zero,
manual_screen,base,2,124,0,16,39.0,0,39,10,10,zero,
manual_screen,base,2,124,1,16,29.0,0,29,18,18,zero,
manual_screen,base,2,124,2,16,2.0,0,2,16,16,zero,
manual_screen,base,2,125,0,18,37.0,0,37,10,10,zero,
manual_screen,base,2,125,1,18,23.0,0,23,18,18,zero,
manual_screen,base,2,125,2,18,-0.0,0,0,20,20,zero,
manual_screen,base,2,126,0,20,37.0,0,37,10,10,zero,
manual_screen,base,2,126,1,20,17.0,0,17,0,0,zero,
manual_screen,base,2,126,2,20,20.0,20,0,20,20,zero,
manual_screen,base,2,127,0,18,35.0,0,35,19,19,zero,
manual_screen,base,2,127,1,18,16.0,0,16,18,18,zero,
manual_screen,base,2,127,2,18,3.0,3,0,0,0,zero,
manual_screen,base,2,128,0,18,37.0,0,37,19,19,zero,
manual_screen,base,2,128,1,18,19.0,0,19,18,18,zero,
manual_screen,base,2,128,2,18,1.0,1,0,3,3,zero,
manual_screen,base,2,129,0,17,38.0,0,38,19,19,zero,
manual_screen,base,2,129,1,17,18.0,0,18,18,18,zero,
manual_screen,base,2,129,2,17,3.0,3,0,20,20,zero,
manual_screen,base,2,130,0,17,39.0,0,39,19,19,zero,
manual_screen,base,2,130,1,17,37.0,0,37,18,18,zero,
manual_screen,base,2,130,2,17,5.0,5,0,20,20,zero,
manual_screen,base,2,131,0,15,34.0,0,34,19,19,zero,
manual_screen,base,2,131,1,15,38.0,0,38,18,18,zero,
manual_screen,base,2,131,2,15,13.0,0,13,20,20,zero,
manual_screen,base,2,132,0,16,34.0,0,34,10,10,zero,
manual_screen,base,2,132,1,16,30.0,0,30,18,18,zero,
manual_screen,base,2,132,2,16,28.0,0,28,20,20,zero,
manual_screen,base,2,133,0,17,31.0,0,31,19,19,zero,
manual_screen,base,2,133,1,17,31.0,0,31,18,18,zero,
manual_screen,base,2,133,2,17,26.0,0,26,20,20,zero,
manual_screen,base,2,134,0,17,48.0,0,48,19,19,zero,
manual_screen,base,2,134,1,17,32.0,0,32,18,18,zero,
manual_screen,base,2,134,2,17,24.0,0,24,20,20,zero,
manual_screen,base,2,135,0,15,45.0,0,45,19,19,zero,
manual_screen,base,2,135,1,15,46.0,0,46,18,18,zero,
manual_screen,base,2,135,2,15,22.0,0,22,20,20,zero,
manual_screen,base,2,136,0,15,42.0,0,42,19,19,zero,
manual_screen,base,2,136,1,15,62.0,0,62,18,18,zero,
manual_screen,base,2,136,2,15,20.0,0,20,20,20,zero,
manual_screen,base,2,137,0,14,38.0,0,38,19,19,zero,
manual_screen,base,2,137,1,14,61.0,0,61,18,18,zero,
manual_screen,base,2,137,2,14,18.0,0,18,20,20,zero,
manual_screen,base,2,138,0,14,34.0,0,34,10,10,zero,
manual_screen,base,2,138,1,14,51.0,0,51,18,18,zero,
manual_screen,base,2,138,2,14,16.0,0,16,20,20,zero,
manual_screen,base,2,139,0,14,43.0,0,43,19,19,zero,
manual_screen,base,2,139,1,14,50.0,0,50,18,18,zero,
manual_screen,base,2,139,2,14,14.0,0,14,20,20,zero,
manual_screen,base,2,140,0,16,56.0,0,56,17,17,zero,
manual_screen,base,2,140,1,16,47.0,0,47,18,18,zero,
manual_screen,base,2,140,2,16,12.0,0,12,16,16,zero,
manual_screen,base,2,141,0,17,53.0,0,53,10,10,zero,
manual_screen,base,2,141,1,17,37.0,0,37,18,18,zero,
manual_screen,base,2,141,2,17,10.0,0,10,20,20,zero,
manual_screen,base,2,142,0,17,50.0,0,50,10,10,zero,
manual_screen,base,2,142,1,17,27.0,0,27,18,18,zero,
manual_screen,base,2,142,2,17,8.0,0,8,20,20,zero,
manual_screen,base,2,143,0,18,48.0,0,48,10,10,zero,
manual_screen,base,2,143,1,18,17.0,0,17,0,0,zero,
manual_screen,base,2,143,2,18,12.0,12,0,20,20,zero,
manual_screen,base,2,144,0,20,48.0,0,48,19,19,zero,
manual_screen,base,2,144,1,20,16.0,0,16,18,18,zero,
manual_screen,base,2,144,2,20,10.0,10,0,0,0,zero,
manual_screen,base,2,145,0,20,48.0,0,48,19,19,zero,
manual_screen,base,2,145,1,20,15.0,0,15,18,18,zero,
manual_screen,base,2,145,2,20,12.0,12,0,16,16,zero,
manual_screen,base,2,146,0,19,47.0,0,47,19,19,zero,
manual_screen,base,2,146,1,19,14.0,0,14,18,18,zero,
manual_screen,base,2,146,2,19,14.0,14,0,20,20,zero,
manual_screen,base,2,147,0,17,44.0,0,44,19,19,zero,
manual_screen,base,2,147,1,17,25.0,0,25,18,18,zero,
manual_screen,base,2,147,2,17,16.0,16,0,20,20,zero,
manual_screen,base,2,148,0,17,41.0,0,41,19,19,zero,
manual_screen,base,2,148,1,17,26.0,0,26,18,18,zero,
manual_screen,base,2,148,2,17,2.0,0,2,20,20,zero,
manual_screen,base,2,149,0,16,37.0,0,37,10,10,zero,
manual_screen,base,2,149,1,16,18.0,0,18,18,18,zero,
manual_screen,base,2,149,2,16,4.0,0,4,20,20,zero,
manual_screen,base,2,150,0,16,33.0,0,33,19,19,zero,
manual_screen,base,2,150,1,16,19.0,0,19,18,18,zero,
manual_screen,base,2,150,2,16,2.0,0,2,0,0,zero,
manual_screen,base,2,151,0,16,41.0,0,41,19,19,zero,
manual_screen,base,2,151,1,16,20.0,0,20,18,18,zero,
manual_screen,base,2,151,2,16,-0.0,0,0,20,20,zero,
manual_screen,base,2,152,0,14,37.0,0,37,19,19,zero,
manual_screen,base,2,152,1,14,23.0,0,23,18,18,zero,
manual_screen,base,2,152,2,14,2.0,2,0,20,20,zero,
manual_screen,base,2,153,0,14,33.0,0,33,10,10,zero,
manual_screen,base,2,153,1,14,17.0,0,17,18,18,zero,
manual_screen,base,2,153,2,14,4.0,4,0,20,20,zero,
manual_screen,base,2,154,0,14,29.0,0,29,10,10,zero,
manual_screen,base,2,154,1,14,7.0,0,7,18,18,zero,
manual_screen,base,2,154,2,14,14.0,0,14,20,20,zero,
manual_screen,base,2,155,0,14,25.0,0,25,10,10,zero,
manual_screen,base,2,155,1,14,3.0,3,0,18,18,zero,
manual_screen,base,2,155,2,14,12.0,0,12,20,20,zero,
manual_screen,base,2,156,0,15,24.0,0,24,19,19,zero,
manual_screen,base,2,156,1,15,2.0,2,0,18,18,zero,
manual_screen,base,2,156,2,15,10.0,0,10,16,16,zero,
manual_screen,base,2,157,0,15,23.0,0,23,10,10,zero,
manual_screen,base,2,157,1,15,10.0,10,0,18,18,zero,
manual_screen,base,2,157,2,15,8.0,0,8,20,20,zero,
manual_screen,base,2,158,0,13,16.0,0,16,19,19,zero,
manual_screen,base,2,158,1,13,5.0,0,5,3,3,zero,
manual_screen,base,2,158,2,13,9.0,9,0,20,20,zero,
manual_screen,base,2,159,0,12,11.0,0,11,10,10,zero,
manual_screen,base,2,159,1,12,5.0,5,0,18,18,zero,
manual_screen,base,2,159,2,12,11.0,11,0,0,0,zero,
manual_screen,base,2,160,0,12,4.0,0,4,10,10,zero,
manual_screen,base,2,160,1,12,15.0,15,0,18,18,zero,
manual_screen,base,2,160,2,12,9.0,9,0,16,16,zero,
manual_screen,base,2,161,0,10,4.0,0,4,19,19,zero,
manual_screen,base,2,161,1,10,16.0,16,0,3,3,zero,
manual_screen,base,2,161,2,10,26.0,26,0,20,20,zero,
manual_screen,base,2,162,0,11,1.0,0,1,6,6,zero,
manual_screen,base,2,162,1,11,21.0,21,0,18,18,zero,
manual_screen,base,2,162,2,11,28.0,28,0,0,0,zero,
manual_screen,base,2,163,0,10,4.0,4,0,10,10,zero,
manual_screen,base,2,163,1,10,29.0,29,0,3,3,zero,
manual_screen,base,2,163,2,10,25.0,25,0,16,16,zero,
manual_screen,base,2,164,0,12,2.0,2,0,6,6,zero,
manual_screen,base,2,164,1,12,41.0,41,0,3,3,zero,
manual_screen,base,2,164,2,12,38.0,38,0,0,0,zero,
manual_screen,base,2,165,0,12,9.0,9,0,10,10,zero,
manual_screen,base,2,165,1,12,34.0,34,0,3,3,zero,
manual_screen,base,2,165,2,12,55.0,55,0,0,0,zero,
manual_screen,base,2,166,0,13,2.0,2,0,19,19,zero,
manual_screen,base,2,166,1,13,33.0,33,0,3,3,zero,
manual_screen,base,2,166,2,13,52.0,52,0,0,0,zero,
manual_screen,base,2,167,0,13,1.0,0,1,9,9,zero,
manual_screen,base,2,167,1,13,27.0,27,0,15,15,zero,
manual_screen,base,2,167,2,13,53.0,53,0,0,0,zero,
manual_screen,base,2,168,0,11,6.0,0,6,19,19,zero,
manual_screen,base,2,168,1,11,11.0,11,0,15,15,zero,
manual_screen,base,2,168,2,11,38.0,38,0,0,0,zero,
manual_screen,base,2,169,0,11,7.0,0,7,10,10,zero,
manual_screen,base,2,169,1,11,4.0,4,0,15,15,zero,
manual_screen,base,2,169,2,11,23.0,23,0,16,16,zero,
manual_screen,base,2,170,0,11,1.0,1,0,10,10,zero,
manual_screen,base,2,170,1,11,3.0,0,3,3,3,zero,
manual_screen,base,2,170,2,11,20.0,20,0,20,20,zero,
manual_screen,base,2,171,0,11,1.0,0,1,6,6,zero,
manual_screen,base,2,171,1,11,6.0,6,0,15,15,zero,
manual_screen,base,2,171,2,11,5.0,5,0,0,0,zero,
manual_screen,base,2,172,0,12,6.0,6,0,10,10,zero,
manual_screen,base,2,172,1,12,11.0,11,0,3,3,zero,
manual_screen,base,2,172,2,12,2.0,2,0,20,20,zero,
manual_screen,base,2,173,0,13,3.0,3,0,19,19,zero,
manual_screen,base,2,173,1,13,7.0,7,0,15,15,zero,
manual_screen,base,2,173,2,13,3.0,3,0,0,0,zero,
manual_screen,base,2,174,0,12,2.0,0,2,9,9,zero,
manual_screen,base,2,174,1,12,1.0,1,0,15,15,zero,
manual_screen,base,2,174,2,12,8.0,8,0,20,20,zero,
manual_screen,base,2,175,0,15,8.0,0,8,19,19,zero,
manual_screen,base,2,175,1,15,3.0,0,3,15,15,zero,
manual_screen,base,2,175,2,15,7.0,0,7,20,20,zero,
manual_screen,base,2,176,0,14,12.0,0,12,10,10,zero,
manual_screen,base,2,176,1,14,10.0,0,10,15,15,zero,
manual_screen,base,2,176,2,14,2.0,0,2,20,20,zero,
manual_screen,base,2,177,0,15,8.0,0,8,19,19,zero,
manual_screen,base,2,177,1,15,14.0,0,14,15,15,zero,
manual_screen,base,2,177,2,15,17.0,0,17,20,20,zero,
manual_screen,base,2,178,0,15,14.0,0,14,19,19,zero,
manual_screen,base,2,178,1,15,18.0,0,18,18,18,zero,
manual_screen,base,2,178,2,15,15.0,0,15,0,0,zero,
manual_screen,base,2,179,0,16,14.0,0,14,19,19,zero,
manual_screen,base,2,179,1,16,29.0,0,29,18,18,zero,
manual_screen,base,2,179,2,16,13.0,0,13,20,20,zero,
manual_screen,base,2,180,0,15,26.0,0,26,19,19,zero,
manual_screen,base,2,180,1,15,28.0,0,28,18,18,zero,
manual_screen,base,2,180,2,15,11.0,0,11,20,20,zero,
manual_screen,base,2,181,0,14,25.0,0,25,10,10,zero,
manual_screen,base,2,181,1,14,38.0,0,38,18,18,zero,
manual_screen,base,2,181,2,14,9.0,0,9,20,20,zero,
manual_screen,base,2,182,0,16,26.0,0,26,19,19,zero,
manual_screen,base,2,182,1,16,37.0,0,37,3,3,zero,
manual_screen,base,2,182,2,16,12.0,0,12,20,20,zero,
manual_screen,base,2,183,0,14,32.0,0,32,10,10,zero,
manual_screen,base,2,183,1,14,27.0,0,27,18,18,zero,
manual_screen,base,2,183,2,14,10.0,0,10,0,0,zero,
manual_screen,base,2,184,0,14,26.0,0,26,10,10,zero,
manual_screen,base,2,184,1,14,17.0,0,17,18,18,zero,
manual_screen,base,2,184,2,14,8.0,0,8,20,20,zero,
manual_screen,base,2,185,0,16,42.0,0,42,19,19,zero,
manual_screen,base,2,185,1,16,16.0,0,16,18,18,zero,
manual_screen,base,2,185,2,16,6.0,0,6,20,20,zero,
manual_screen,base,2,186,0,17,39.0,0,39,10,10,zero,
manual_screen,base,2,186,1,17,26.0,0,26,18,18,zero,
manual_screen,base,2,186,2,17,4.0,0,4,20,20,zero,
manual_screen,base,2,187,0,17,36.0,0,36,19,19,zero,
manual_screen,base,2,187,1,17,25.0,0,25,3,3,zero,
manual_screen,base,2,187,2,17,7.0,0,7,20,20,zero,
manual_screen,base,2,188,0,18,34.0,0,34,10,10,zero,
manual_screen,base,2,188,1,18,15.0,0,15,18,18,zero,
manual_screen,base,2,188,2,18,5.0,0,5,0,0,zero,
manual_screen,base,2,189,0,18,32.0,0,32,19,19,zero,
manual_screen,base,2,189,1,18,14.0,0,14,18,18,zero,
manual_screen,base,2,189,2,18,3.0,0,3,16,16,zero,
manual_screen,base,2,190,0,17,49.0,0,49,19,19,zero,
manual_screen,base,2,190,1,17,13.0,0,13,18,18,zero,
manual_screen,base,2,190,2,17,1.0,0,1,20,20,zero,
manual_screen,base,2,191,0,16,45.0,0,45,10,10,zero,
manual_screen,base,2,191,1,16,23.0,0,23,18,18,zero,
manual_screen,base,2,191,2,16,1.0,1,0,20,20,zero,
manual_screen,base,2,192,0,18,43.0,0,43,19,19,zero,
manual_screen,base,2,192,1,18,22.0,0,22,18,18,zero,
manual_screen,base,2,192,2,18,17.0,0,17,20,20,zero,
manual_screen,base,2,193,0,18,41.0,0,41,10,10,zero,
manual_screen,base,2,193,1,18,12.0,0,12,18,18,zero,
manual_screen,base,2,193,2,18,19.0,0,19,20,20,zero,
manual_screen,base,2,194,0,20,41.0,0,41,19,19,zero,
manual_screen,base,2,194,1,20,11.0,0,11,18,18,zero,
manual_screen,base,2,194,2,20,17.0,0,17,17,17,zero,
manual_screen,base,2,195,0,20,61.0,0,61,19,19,zero,
manual_screen,base,2,195,1,20,11.0,0,11,18,18,zero,
manual_screen,base,2,195,2,20,15.0,0,15,20,20,zero,
manual_screen,base,2,196,0,20,61.0,0,61,17,17,zero,
manual_screen,base,2,196,1,20,27.0,0,27,18,18,zero,
manual_screen,base,2,196,2,20,13.0,0,13,20,20,zero,
manual_screen,base,2,197,0,20,61.0,0,61,17,17,zero,
manual_screen,base,2,197,1,20,28.0,0,28,18,18,zero,
manual_screen,base,2,197,2,20,11.0,0,11,20,20,zero,
manual_screen,base,2,198,0,19,60.0,0,60,17,17,zero,
manual_screen,base,2,198,1,19,25.0,0,25,18,18,zero,
manual_screen,base,2,198,2,19,12.0,0,12,20,20,zero,
manual_screen,base,2,199,0,20,61.0,0,61,17,17,zero,
manual_screen,base,2,199,1,20,22.0,0,22,18,18,zero,
manual_screen,base,2,199,2,20,10.0,0,10,20,20,zero,
manual_screen,base,2,200,0,20,80.0,0,80,17,17,zero,
manual_screen,base,2,200,1,20,19.0,0,19,18,18,zero,
manual_screen,base,2,200,2,20,8.0,0,8,16,16,zero,
manual_screen,base,3,1,0,10,10.0,10,0,10,10,zero,
manual_screen,base,3,1,1,10,10.0,10,0,15,15,zero,
manual_screen,base,3,1,2,10,5.0,5,0,0,0,zero,
manual_screen,base,3,2,0,9,11.0,11,0,10,10,zero,
manual_screen,base,3,2,1,9,10.0,10,0,1,1,zero,
manual_screen,base,3,2,2,9,14.0,14,0,20,20,zero,
manual_screen,base,3,3,0,8,13.0,13,0,6,6,zero,
manual_screen,base,3,3,1,8,14.0,14,0,15,15,zero,
manual_screen,base,3,3,2,8,9.0,9,0,3,3,zero,
manual_screen,base,3,4,0,8,15.0,15,0,6,6,zero,
manual_screen,base,3,4,1,8,18.0,18,0,1,1,zero,
manual_screen,base,3,4,2,8,18.0,18,0,20,20,zero,
manual_screen,base,3,5,0,8,17.0,17,0,6,6,zero,
manual_screen,base,3,5,1,8,27.0,27,0,1,1,zero,
manual_screen,base,3,5,2,8,17.0,17,0,0,0,zero,
manual_screen,base,3,6,0,9,18.0,18,0,6,6,zero,
manual_screen,base,3,6,1,9,22.0,22,0,1,1,zero,
manual_screen,base,3,6,2,9,36.0,36,0,0,0,zero,
manual_screen,base,3,7,0,8,16.0,16,0,9,9,zero,
manual_screen,base,3,7,1,8,28.0,28,0,1,1,zero,
manual_screen,base,3,7,2,8,38.0,38,0,0,0,zero,
manual_screen,base,3,8,0,9,13.0,13,0,9,9,zero,
manual_screen,base,3,8,1,9,20.0,20,0,15,15,zero,
manual_screen,base,3,8,2,9,43.0,43,0,0,0,zero,
manual_screen,base,3,9,0,10,9.0,9,0,9,9,zero,
manual_screen,base,3,9,1,10,12.0,12,0,15,15,zero,
manual_screen,base,3,9,2,10,28.0,28,0,1,1,zero,
manual_screen,base,3,10,0,10,5.0,5,0,9,9,zero,
manual_screen,base,3,10,1,10,4.0,4,0,11,11,zero,
manual_screen,base,3,10,2,10,17.0,17,0,20,20,zero,
manual_screen,base,3,11,0,11,3.0,3,0,9,9,zero,
manual_screen,base,3,11,1,11,4.0,0,4,1,1,zero,
manual_screen,base,3,11,2,11,16.0,16,0,20,20,zero,
manual_screen,base,3,12,0,10,2.0,2,0,19,19,zero,
manual_screen,base,3,12,1,10,8.0,0,8,15,15,zero,
manual_screen,base,3,12,2,10,1.0,1,0,0,0,zero,
manual_screen,base,3,13,0,10,1.0,1,0,9,9,zero,
manual_screen,base,3,13,1,10,2.0,0,2,15,15,zero,
manual_screen,base,3,13,2,10,13.0,0,13,0,0,zero,
manual_screen,base,3,14,0,9,1.0,1,0,4,4,zero,
manual_screen,base,3,14,1,9,5.0,5,0,15,15,zero,
manual_screen,base,3,14,2,9,8.0,0,8,20,20,zero,
manual_screen,base,3,15,0,9,3.0,0,3,6,6,zero,
manual_screen,base,3,15,1,9,-0.0,0,0,3,3,zero,
manual_screen,base,3,15,2,9,9.0,9,0,20,20,zero,
manual_screen,base,3,16,0,10,2.0,2,0,6,6,zero,
manual_screen,base,3,16,1,10,9.0,9,0,3,3,zero,
manual_screen,base,3,16,2,10,6.0,6,0,0,0,zero,
manual_screen,base,3,17,0,10,7.0,7,0,10,10,zero,
manual_screen,base,3,17,1,10,1.0,1,0,0,0,zero,
manual_screen,base,3,17,2,10,6.0,6,0,0,0,zero,
manual_screen,base,3,18,0,9,4.0,4,0,19,19,zero,
manual_screen,base,3,18,1,9,2.0,2,0,12,12,zero,
manual_screen,base,3,18,2,9,14.0,14,0,0,0,zero,
manual_screen,base,3,19,0,7,3.0,3,0,9,9,zero,
manual_screen,base,3,19,1,7,4.0,4,0,15,15,zero,
manual_screen,base,3,19,2,7,19.0,19,0,0,0,zero,
manual_screen,base,3,20,0,9,-0.0,0,0,2,2,zero,
manual_screen,base,3,20,1,9,5.0,5,0,15,15,zero,
manual_screen,base,3,20,2,9,4.0,4,0,20,20,zero,
manual_screen,base,3,21,0,9,1.0,1,0,6,6,zero,
manual_screen,base,3,21,1,9,1.0,0,1,0,0,zero,
manual_screen,base,3,21,2,9,4.0,4,0,20,20,zero,
manual_screen,base,3,22,0,9,11.0,11,0,10,10,zero,
manual_screen,base,3,22,1,9,1.0,1,0,5,5,zero,
manual_screen,base,3,22,2,9,1.0,0,1,0,0,zero,
manual_screen,base,3,23,0,8,12.0,12,0,9,9,zero,
manual_screen,base,3,23,1,8,7.0,7,0,18,18,zero,
manual_screen,base,3,23,2,8,19.0,0,19,0,0,zero,
manual_screen,base,3,24,0,8,6.0,6,0,9,9,zero,
manual_screen,base,3,24,1,8,13.0,13,0,15,15,zero,
manual_screen,base,3,24,2,8,14.0,0,14,5,5,zero,
manual_screen,base,3,25,0,9,2.0,2,0,6,6,zero,
manual_screen,base,3,25,1,9,7.0,7,0,3,3,zero,
manual_screen,base,3,25,2,9,3.0,3,0,20,20,zero,
manual_screen,base,3,26,0,8,5.0,5,0,10,10,zero,
manual_screen,base,3,26,1,8,1.0,1,0,1,1,zero,
manual_screen,base,3,26,2,8,2.0,2,0,20,20,zero,
manual_screen,base,3,27,0,8,6.0,6,0,6,6,zero,
manual_screen,base,3,27,1,8,5.0,0,5,5,5,zero,
manual_screen,base,3,27,2,8,3.0,0,3,0,0,zero,
manual_screen,base,3,28,0,9,6.0,6,0,10,10,zero,
manual_screen,base,3,28,1,9,5.0,5,0,15,15,zero,
manual_screen,base,3,28,2,9,13.0,0,13,0,0,zero,
manual_screen,base,3,29,0,8,4.0,4,0,6,6,zero,
manual_screen,base,3,29,1,8,16.0,16,0,15,15,zero,
manual_screen,base,3,29,2,8,8.0,0,8,0,0,zero,
manual_screen,base,3,30,0,10,4.0,4,0,9,9,zero,
manual_screen,base,3,30,1,10,8.0,8,0,3,3,zero,
manual_screen,base,3,30,2,10,9.0,9,0,20,20,zero,
manual_screen,base,3,31,0,10,5.0,0,5,6,6,zero,
manual_screen,base,3,31,1,10,4.0,4,0,3,3,zero,
manual_screen,base,3,31,2,10,6.0,6,0,20,20,zero,
manual_screen,base,3,32,0,9,1.0,1,0,10,10,zero,
manual_screen,base,3,32,1,9,1.0,0,1,1,1,zero,
manual_screen,base,3,32,2,9,5.0,5,0,0,0,zero,
manual_screen,base,3,33,0,7,-0.0,0,0,10,10,zero,
manual_screen,base,3,33,1,7,9.0,9,0,15,15,zero,
manual_screen,base,3,33,2,7,10.0,0,10,0,0,zero,
manual_screen,base,3,34,0,7,2.0,2,0,6,6,zero,
manual_screen,base,3,34,1,7,14.0,14,0,15,15,zero,
manual_screen,base,3,34,2,7,5.0,0,5,0,0,zero,
manual_screen,base,3,35,0,7,1.0,1,0,6,6,zero,
manual_screen,base,3,35,1,7,11.0,11,0,3,3,zero,
manual_screen,base,3,35,2,7,12.0,12,0,20,20,zero,
manual_screen,base,3,36,0,7,3.0,3,0,6,6,zero,
manual_screen,base,3,36,1,7,6.0,6,0,1,1,zero,
manual_screen,base,3,36,2,7,11.0,11,0,20,20,zero,
manual_screen,base,3,37,0,7,7.0,7,0,6,6,zero,
manual_screen,base,3,37,1,7,5.0,5,0,1,1,zero,
manual_screen,base,3,37,2,7,10.0,10,0,0,0,zero,
manual_screen,base,3,38,0,6,7.0,7,0,10,10,zero,
manual_screen,base,3,38,1,6,15.0,15,0,1,1,zero,
manual_screen,base,3,38,2,6,9.0,9,0,0,0,zero,
manual_screen,base,3,39,0,6,7.0,7,0,6,6,zero,
manual_screen,base,3,39,1,6,17.0,17,0,15,15,zero,
manual_screen,base,3,39,2,6,14.0,14,0,0,0,zero,
manual_screen,base,3,40,0,6,7.0,7,0,2,2,zero,
manual_screen,base,3,40,1,6,16.0,16,0,3,3,zero,
manual_screen,base,3,40,2,6,31.0,31,0,0,0,zero,
manual_screen,base,3,41,0,7,6.0,6,0,6,6,zero,
manual_screen,base,3,41,1,7,11.0,11,0,1,1,zero,
manual_screen,base,3,41,2,7,30.0,30,0,0,0,zero,
manual_screen,base,3,42,0,7,9.0,9,0,10,10,zero,
manual_screen,base,3,42,1,7,2.0,2,0,1,1,zero,
manual_screen,base,3,42,2,7,29.0,29,0,0,0,zero,
manual_screen,base,3,43,0,7,8.0,8,0,6,6,zero,
manual_screen,base,3,43,1,7,11.0,11,0,15,15,zero,
manual_screen,base,3,43,2,7,14.0,14,0,0,0,zero,
manual_screen,base,3,44,0,7,3.0,3,0,10,10,zero,
manual_screen,base,3,44,1,7,4.0,4,0,1,1,zero,
manual_screen,base,3,44,2,7,13.0,13,0,1,1,zero,
manual_screen,base,3,45,0,7,2.0,2,0,6,6,zero,
manual_screen,base,3,45,1,7,1.0,0,1,15,15,zero,
manual_screen,base,3,45,2,7,2.0,0,2,1,1,zero,
manual_screen,base,3,46,0,6,6.0,6,0,6,6,zero,
manual_screen,base,3,46,1,6,6.0,0,6,3,3,zero,
manual_screen,base,3,46,2,6,5.0,0,5,20,20,zero,
manual_screen,base,3,47,0,6,6.0,6,0,6,6,zero,
manual_screen,base,3,47,1,6,3.0,3,0,15,15,zero,
manual_screen,base,3,47,2,6,20.0,0,20,20,20,zero,
manual_screen,base,3,48,0,6,10.0,10,0,2,2,zero,
manual_screen,base,3,48,1,6,2.0,2,0,15,15,zero,
manual_screen,base,3,48,2,6,34.0,0,34,20,20,zero,
manual_screen,base,3,49,0,6,9.0,9,0,10,10,zero,
manual_screen,base,3,49,1,6,5.0,5,0,3,3,zero,
manual_screen,base,3,49,2,6,36.0,0,36,20,20,zero,
manual_screen,base,3,50,0,6,4.0,4,0,6,6,zero,
manual_screen,base,3,50,1,6,1.0,0,1,15,15,zero,
manual_screen,base,3,50,2,6,31.0,0,31,0,0,zero,
manual_screen,base,3,51,0,6,10.0,10,0,2,2,zero,
manual_screen,base,3,51,1,6,3.0,0,3,3,3,zero,
manual_screen,base,3,51,2,6,14.0,0,14,20,20,zero,
manual_screen,base,3,52,0,6,6.0,6,0,6,6,zero,
manual_screen,base,3,52,1,6,8.0,0,8,0,0,zero,
manual_screen,base,3,52,2,6,6.0,6,0,16,16,zero,
manual_screen,base,3,53,0,6,10.0,10,0,10,10,zero,
manual_screen,base,3,53,1,6,17.0,0,17,0,0,zero,
manual_screen,base,3,53,2,6,26.0,26,0,0,0,zero,
manual_screen,base,3,54,0,8,7.0,7,0,19,19,zero,
manual_screen,base,3,54,1,8,16.0,0,16,0,0,zero,
manual_screen,base,3,54,2,8,26.0,26,0,0,0,zero,
manual_screen,base,3,55,0,8,1.0,0,1,9,9,zero,
manual_screen,base,3,55,1,8,5.0,0,5,18,18,zero,
manual_screen,base,3,55,2,8,28.0,28,0,0,0,zero,
manual_screen,base,3,56,0,8,8.0,0,8,2,2,zero,
manual_screen,base,3,56,1,8,7.0,7,0,18,18,zero,
manual_screen,base,3,56,2,8,26.0,26,0,0,0,zero,
manual_screen,base,3,57,0,7,14.0,0,14,2,2,zero,
manual_screen,base,3,57,1,7,5.0,5,0,0,0,zero,
manual_screen,base,3,57,2,7,26.0,26,0,20,20,zero,
manual_screen,base,3,58,0,7,1.0,0,1,6,6,zero,
manual_screen,base,3,58,1,7,1.0,0,1,0,0,zero,
manual_screen,base,3,58,2,7,26.0,26,0,0,0,zero,
manual_screen,base,3,59,0,7,12.0,12,0,6,6,zero,
manual_screen,base,3,59,1,7,11.0,11,0,12,12,zero,
manual_screen,base,3,59,2,7,14.0,14,0,0,0,zero,
manual_screen,base,3,60,0,8,11.0,11,0,9,9,zero,
manual_screen,base,3,60,1,8,20.0,20,0,12,12,zero,
manual_screen,base,3,60,2,8,2.0,2,0,0,0,zero,
manual_screen,base,3,61,0,7,6.0,6,0,9,9,zero,
manual_screen,base,3,61,1,7,11.0,11,0,12,12,zero,
manual_screen,base,3,61,2,7,10.0,10,0,20,20,zero,
manual_screen,base,3,62,0,7,4.0,4,0,4,4,zero,
manual_screen,base,3,62,1,7,7.0,7,0,3,3,zero,
manual_screen,base,3,62,2,7,7.0,7,0,20,20,zero,
manual_screen,base,3,63,0,8,3.0,3,0,6,6,zero,
manual_screen,base,3,63,1,8,13.0,13,0,1,1,zero,
manual_screen,base,3,63,2,8,6.0,6,0,0,0,zero,
manual_screen,base,3,64,0,9,3.0,3,0,10,10,zero,
manual_screen,base,3,64,1,9,15.0,15,0,1,1,zero,
manual_screen,base,3,64,2,9,5.0,5,0,0,0,zero,
manual_screen,base,3,65,0,9,3.0,3,0,9,9,zero,
manual_screen,base,3,65,1,9,18.0,18,0,15,15,zero,
manual_screen,base,3,65,2,9,10.0,10,0,0,0,zero,
manual_screen,base,3,66,0,8,1.0,0,1,19,19,zero,
manual_screen,base,3,66,1,8,2.0,2,0,15,15,zero,
manual_screen,base,3,66,2,8,15.0,15,0,0,0,zero,
manual_screen,base,3,67,0,8,3.0,0,3,6,6,zero,
manual_screen,base,3,67,1,8,3.0,0,3,15,15,zero,
manual_screen,base,3,67,2,8,-0.0,0,0,20,20,zero,
manual_screen,base,3,68,0,8,1.0,0,1,6,6,zero,
manual_screen,base,3,68,1,8,8.0,0,8,3,3,zero,
manual_screen,base,3,68,2,8,3.0,0,3,20,20,zero,
manual_screen,base,3,69,0,6,2.0,2,0,6,6,zero,
manual_screen,base,3,69,1,6,1.0,1,0,5,5,zero,
manual_screen,base,3,69,2,6,8.0,0,8,0,0,zero,
manual_screen,base,3,70,0,6,15.0,15,0,2,2,zero,
manual_screen,base,3,70,1,6,14.0,14,0,15,15,zero,
manual_screen,base,3,70,2,6,23.0,0,23,0,0,zero,
manual_screen,base,3,71,0,5,13.0,13,0,10,10,zero,
manual_screen,base,3,71,1,5,19.0,19,0,3,3,zero,
manual_screen,base,3,71,2,5,6.0,0,6,20,20,zero,
manual_screen,base,3,72,0,5,9.0,9,0,6,6,zero,
manual_screen,base,3,72,1,5,13.0,13,0,3,3,zero,
manual_screen,base,3,72,2,5,11.0,11,0,0,0,zero,
manual_screen,base,3,73,0,5,18.0,18,0,0,0,zero,
manual_screen,base,3,73,1,5,13.0,13,0,3,3,zero,
manual_screen,base,3,73,2,5,8.0,8,0,0,0,zero,
manual_screen,base,3,74,0,5,15.0,15,0,0,0,zero,
manual_screen,base,3,74,1,5,13.0,13,0,0,0,zero,
manual_screen,base,3,74,2,5,8.0,8,0,0,0,zero,
manual_screen,base,3,75,0,7,18.0,18,0,2,2,zero,
manual_screen,base,3,75,1,7,31.0,31,0,0,0,zero,
manual_screen,base,3,75,2,7,28.0,28,0,0,0,zero,
manual_screen,base,3,76,0,6,18.0,18,0,9,9,zero,
manual_screen,base,3,76,1,6,31.0,31,0,0,0,zero,
manual_screen,base,3,76,2,6,28.0,28,0,0,0,zero,
manual_screen,base,3,77,0,6,12.0,12,0,3,3,zero,
manual_screen,base,3,77,1,6,31.0,31,0,1,1,zero,
manual_screen,base,3,77,2,6,27.0,27,0,0,0,zero,
manual_screen,base,3,78,0,6,6.0,6,0,9,9,zero,
manual_screen,base,3,78,1,6,22.0,22,0,1,1,zero,
manual_screen,base,3,78,2,6,26.0,26,0,0,0,zero,
manual_screen,base,3,79,0,5,3.0,3,0,3,3,zero,
manual_screen,base,3,79,1,5,19.0,19,0,15,15,zero,
manual_screen,base,3,79,2,5,11.0,11,0,0,0,zero,
manual_screen,base,3,80,0,5,7.0,7,0,2,2,zero,
manual_screen,base,3,80,1,5,17.0,17,0,1,1,zero,
manual_screen,base,3,80,2,5,10.0,10,0,1,1,zero,
manual_screen,base,3,81,0,4,6.0,6,0,2,2,zero,
manual_screen,base,3,81,1,4,16.0,16,0,1,1,zero,
manual_screen,base,3,81,2,4,9.0,9,0,20,20,zero,
manual_screen,base,3,82,0,4,11.0,11,0,6,6,zero,
manual_screen,base,3,82,1,4,11.0,11,0,0,0,zero,
manual_screen,base,3,82,2,4,9.0,9,0,0,0,zero,
manual_screen,base,3,83,0,4,10.0,10,0,2,2,zero,
manual_screen,base,3,83,1,4,24.0,24,0,1,1,zero,
manual_screen,base,3,83,2,4,8.0,8,0,0,0,zero,
manual_screen,base,3,84,0,4,8.0,8,0,2,2,zero,
manual_screen,base,3,84,1,4,23.0,23,0,1,1,zero,
manual_screen,base,3,84,2,4,8.0,8,0,0,0,zero,
manual_screen,base,3,85,0,3,7.0,7,0,2,2,zero,
manual_screen,base,3,85,1,3,22.0,22,0,1,1,zero,
manual_screen,base,3,85,2,3,27.0,27,0,0,0,zero,
manual_screen,base,3,86,0,3,10.0,10,0,2,2,zero,
manual_screen,base,3,86,1,3,20.0,20,0,1,1,zero,
manual_screen,base,3,86,2,3,26.0,26,0,0,0,zero,
manual_screen,base,3,87,0,3,9.0,9,0,0,0,zero,
manual_screen,base,3,87,1,3,21.0,21,0,1,1,zero,
manual_screen,base,3,87,2,3,25.0,25,0,0,0,zero,
manual_screen,base,3,88,0,3,8.0,8,0,2,2,zero,
manual_screen,base,3,88,1,3,20.0,20,0,0,0,zero,
manual_screen,base,3,88,2,3,25.0,25,0,0,0,zero,
manual_screen,base,3,89,0,3,7.0,7,0,2,2,zero,
manual_screen,base,3,89,1,3,19.0,19,0,0,0,zero,
manual_screen,base,3,89,2,3,25.0,25,0,0,0,zero,
manual_screen,base,3,90,0,2,7.0,7,0,2,2,zero,
manual_screen,base,3,90,1,2,18.0,18,0,1,1,zero,
manual_screen,base,3,90,2,2,24.0,24,0,0,0,zero,
manual_screen,base,3,91,0,3,4.0,4,0,0,0,zero,
manual_screen,base,3,91,1,3,19.0,19,0,1,1,zero,
manual_screen,base,3,91,2,3,23.0,23,0,0,0,zero,
manual_screen,base,3,92,0,2,4.0,4,0,6,6,zero,
manual_screen,base,3,92,1,2,13.0,13,0,0,0,zero,
manual_screen,base,3,92,2,2,23.0,23,0,0,0,zero,
manual_screen,base,3,93,0,3,3.0,3,0,2,2,zero,
manual_screen,base,3,93,1,3,11.0,11,0,1,1,zero,
manual_screen,base,3,93,2,3,22.0,22,0,0,0,zero,
manual_screen,base,3,94,0,3,2.0,2,0,2,2,zero,
manual_screen,base,3,94,1,3,10.0,10,0,1,1,zero,
manual_screen,base,3,94,2,3,21.0,21,0,0,0,zero,
manual_screen,base,3,95,0,3,1.0,0,1,2,2,zero,
manual_screen,base,3,95,1,3,9.0,9,0,1,1,zero,
manual_screen,base,3,95,2,3,20.0,20,0,0,0,zero,
manual_screen,base,3,96,0,3,2.0,2,0,6,6,zero,
manual_screen,base,3,96,1,3,3.0,3,0,1,1,zero,
manual_screen,base,3,96,2,3,19.0,19,0,0,0,zero,
manual_screen,base,3,97,0,2,2.0,2,0,0,0,zero,
manual_screen,base,3,97,1,2,4.0,4,0,15,15,zero,
manual_screen,base,3,97,2,2,4.0,4,0,0,0,zero,
manual_screen,base,3,98,0,2,2.0,2,0,0,0,zero,
manual_screen,base,3,98,1,2,5.0,5,0,1,1,zero,
manual_screen,base,3,98,2,2,3.0,3,0,1,1,zero,
manual_screen,base,3,99,0,2,2.0,2,0,0,0,zero,
manual_screen,base,3,99,1,2,6.0,6,0,0,0,zero,
manual_screen,base,3,99,2,2,3.0,3,0,20,20,zero,
manual_screen,base,3,100,0,3,5.0,5,0,2,2,zero,
manual_screen,base,3,100,1,3,5.0,5,0,0,0,zero,
manual_screen,base,3,100,2,3,3.0,3,0,3,3,zero,
manual_screen,base,3,101,0,3,2.0,2,0,6,6,zero,
manual_screen,base,3,101,1,3,14.0,14,0,0,0,zero,
manual_screen,base,3,101,2,3,3.0,3,0,0,0,zero,
manual_screen,base,3,102,0,2,-0.0,0,0,2,2,zero,
manual_screen,base,3,102,1,2,13.0,13,0,1,1,zero,
manual_screen,base,3,102,2,2,3.0,3,0,0,0,zero,
manual_screen,base,3,103,0,2,2.0,0,2,0,0,zero,
manual_screen,base,3,103,1,2,13.0,13,0,1,1,zero,
manual_screen,base,3,103,2,2,22.0,22,0,0,0,zero,
manual_screen,base,3,104,0,2,2.0,0,2,0,0,zero,
manual_screen,base,3,104,1,2,13.0,13,0,1,1,zero,
manual_screen,base,3,104,2,2,24.0,24,0,0,0,zero,
manual_screen,base,3,105,0,2,2.0,2,0,6,6,zero,
manual_screen,base,3,105,1,2,7.0,7,0,0,0,zero,
manual_screen,base,3,105,2,2,24.0,24,0,0,0,zero,
manual_screen,base,3,106,0,2,2.0,2,0,0,0,zero,
manual_screen,base,3,106,1,2,8.0,8,0,15,15,zero,
manual_screen,base,3,106,2,2,9.0,9,0,0,0,zero,
manual_screen,base,3,107,0,2,-0.0,0,0,6,6,zero,
manual_screen,base,3,107,1,2,3.0,3,0,0,0,zero,
manual_screen,base,3,107,2,2,9.0,9,0,1,1,zero,
manual_screen,base,3,108,0,2,2.0,0,2,0,0,zero,
manual_screen,base,3,108,1,2,4.0,4,0,1,1,zero,
manual_screen,base,3,108,2,2,8.0,8,0,1,1,zero,
manual_screen,base,3,109,0,1,3.0,3,0,0,0,zero,
manual_screen,base,3,109,1,1,4.0,4,0,1,1,zero,
manual_screen,base,3,109,2,1,7.0,7,0,1,1,zero,
manual_screen,base,3,110,0,1,2.0,2,0,0,0,zero,
manual_screen,base,3,110,1,1,19.0,19,0,0,0,zero,
manual_screen,base,3,110,2,1,7.0,7,0,1,1,zero,
manual_screen,base,3,111,0,2,6.0,6,0,0,0,zero,
manual_screen,base,3,111,1,2,19.0,19,0,0,0,zero,
manual_screen,base,3,111,2,2,8.0,8,0,0,0,zero,
manual_screen,base,3,112,0,2,4.0,4,0,2,2,zero,
manual_screen,base,3,112,1,2,18.0,18,0,0,0,zero,
manual_screen,base,3,112,2,2,9.0,9,0,0,0,zero,
manual_screen,base,3,113,0,2,2.0,2,0,0,0,zero,
manual_screen,base,3,113,1,2,19.0,19,0,0,0,zero,
manual_screen,base,3,113,2,2,10.0,10,0,0,0,zero,
manual_screen,base,3,114,0,2,-0.0,0,0,6,6,zero,
manual_screen,base,3,114,1,2,13.0,13,0,0,0,zero,
manual_screen,base,3,114,2,2,11.0,11,0,0,0,zero,
manual_screen,base,3,115,0,2,2.0,0,2,2,2,zero,
manual_screen,base,3,115,1,2,11.0,11,0,1,1,zero,
manual_screen,base,3,115,2,2,10.0,10,0,0,0,zero,
manual_screen,base,3,116,0,2,2.0,0,2,0,0,zero,
manual_screen,base,3,116,1,2,11.0,11,0,1,1,zero,
manual_screen,base,3,116,2,2,9.0,9,0,0,0,zero,
manual_screen,base,3,117,0,2,4.0,0,4,2,2,zero,
manual_screen,base,3,117,1,2,9.0,9,0,1,1,zero,
manual_screen,base,3,117,2,2,8.0,8,0,1,1,zero,
manual_screen,base,3,118,0,2,-0.0,0,0,6,6,zero,
manual_screen,base,3,118,1,2,3.0,3,0,1,1,zero,
manual_screen,base,3,118,2,2,7.0,7,0,1,1,zero,
manual_screen,base,3,119,0,2,-0.0,0,0,0,0,zero,
manual_screen,base,3,119,1,2,4.0,4,0,15,15,zero,
manual_screen,base,3,119,2,2,8.0,0,8,20,20,zero,
manual_screen,base,3,120,0,2,2.0,0,2,0,0,zero,
manual_screen,base,3,120,1,2,5.0,5,0,1,1,zero,
manual_screen,base,3,120,2,2,9.0,0,9,20,20,zero,
manual_screen,base,3,121,0,2,2.0,0,2,6,6,zero,
manual_screen,base,3,121,1,2,-0.0,0,0,0,0,zero,
manual_screen,base,3,121,2,2,8.0,0,8,0,0,zero,
manual_screen,base,3,122,0,1,3.0,3,0,0,0,zero,
manual_screen,base,3,122,1,1,1.0,1,0,1,1,zero,
manual_screen,base,3,122,2,1,8.0,0,8,0,0,zero,
manual_screen,base,3,123,0,1,2.0,2,0,0,0,zero,
manual_screen,base,3,123,1,1,8.0,8,0,1,1,zero,
manual_screen,base,3,123,2,1,11.0,11,0,0,0,zero,
manual_screen,base,3,124,0,2,-0.0,0,0,0,0,zero,
manual_screen,base,3,124,1,2,8.0,8,0,0,0,zero,
manual_screen,base,3,124,2,2,31.0,31,0,0,0,zero,
manual_screen,base,3,125,0,2,4.0,4,0,6,6,zero,
manual_screen,base,3,125,1,2,3.0,3,0,0,0,zero,
manual_screen,base,3,125,2,2,31.0,31,0,0,0,zero,
manual_screen,base,3,126,0,1,3.0,3,0,0,0,zero,
manual_screen,base,3,126,1,1,4.0,4,0,1,1,zero,
manual_screen,base,3,126,2,1,30.0,30,0,0,0,zero,
manual_screen,base,3,127,0,2,1.0,1,0,0,0,zero,
manual_screen,base,3,127,1,2,13.0,13,0,1,1,zero,
manual_screen,base,3,127,2,2,29.0,29,0,0,0,zero,
manual_screen,base,3,128,0,2,1.0,0,1,0,0,zero,
manual_screen,base,3,128,1,2,13.0,13,0,0,0,zero,
manual_screen,base,3,128,2,2,29.0,29,0,0,0,zero,
manual_screen,base,3,129,0,1,4.0,4,0,6,6,zero,
manual_screen,base,3,129,1,1,7.0,7,0,0,0,zero,
manual_screen,base,3,129,2,1,29.0,29,0,0,0,zero,
manual_screen,base,3,130,0,1,3.0,3,0,0,0,zero,
manual_screen,base,3,130,1,1,8.0,8,0,1,1,zero,
manual_screen,base,3,130,2,1,28.0,28,0,0,0,zero,
manual_screen,base,3,131,0,1,2.0,2,0,0,0,zero,
manual_screen,base,3,131,1,1,9.0,9,0,1,1,zero,
manual_screen,base,3,131,2,1,27.0,27,0,0,0,zero,
manual_screen,base,3,132,0,1,1.0,1,0,0,0,zero,
manual_screen,base,3,132,1,1,9.0,9,0,1,1,zero,
manual_screen,base,3,132,2,1,26.0,26,0,0,0,zero,
manual_screen,base,3,133,0,2,5.0,5,0,0,0,zero,
manual_screen,base,3,133,1,2,9.0,9,0,0,0,zero,
manual_screen,base,3,133,2,2,26.0,26,0,0,0,zero,
manual_screen,base,3,134,0,2,3.0,3,0,6,6,zero,
manual_screen,base,3,134,1,2,4.0,4,0,0,0,zero,
manual_screen,base,3,134,2,2,26.0,26,0,0,0,zero,
manual_screen,base,3,135,0,2,1.0,1,0,0,0,zero,
manual_screen,base,3,135,1,2,5.0,5,0,1,1,zero,
manual_screen,base,3,135,2,2,25.0,25,0,0,0,zero,
manual_screen,base,3,136,0,2,1.0,0,1,0,0,zero,
manual_screen,base,3,136,1,2,6.0,6,0,1,1,zero,
manual_screen,base,3,136,2,2,24.0,24,0,0,0,zero,
manual_screen,base,3,137,0,2,3.0,0,3,6,6,zero,
manual_screen,base,3,137,1,2,-0.0,0,0,0,0,zero,
manual_screen,base,3,137,2,2,24.0,24,0,0,0,zero,
manual_screen,base,3,138,0,2,1.0,1,0,0,0,zero,
manual_screen,base,3,138,1,2,-0.0,0,0,15,15,zero,
manual_screen,base,3,138,2,2,9.0,9,0,0,0,zero,
manual_screen,base,3,139,0,2,1.0,0,1,6,6,zero,
manual_screen,base,3,139,1,2,5.0,0,5,1,1,zero,
manual_screen,base,3,139,2,2,8.0,8,0,1,1,zero,
manual_screen,base,3,140,0,3,4.0,0,4,6,6,zero,
manual_screen,base,3,140,1,3,10.0,0,10,15,15,zero,
manual_screen,base,3,140,2,3,7.0,0,7,20,20,zero,
manual_screen,base,3,141,0,2,-0.0,0,0,6,6,zero,
manual_screen,base,3,141,1,2,16.0,0,16,15,15,zero,
manual_screen,base,3,141,2,2,22.0,0,22,20,20,zero,
manual_screen,base,3,142,0,3,3.0,0,3,10,10,zero,
manual_screen,base,3,142,1,3,11.0,0,11,15,15,zero,
manual_screen,base,3,142,2,3,37.0,0,37,20,20,zero,
manual_screen,base,3,143,0,3,5.0,0,5,6,6,zero,
manual_screen,base,3,143,1,3,16.0,0,16,18,18,zero,
manual_screen,base,3,143,2,3,54.0,0,54,20,20,zero,
manual_screen,base,3,144,0,3,7.0,0,7,6,6,zero,
manual_screen,base,3,144,1,3,14.0,0,14,18,18,zero,
manual_screen,base,3,144,2,3,52.0,0,52,20,20,zero,
manual_screen,base,3,145,0,3,10.0,0,10,6,6,zero,
manual_screen,base,3,145,1,3,20.0,0,20,11,11,zero,
manual_screen,base,3,145,2,3,43.0,0,43,20,20,zero,
manual_screen,base,3,146,0,3,2.0,2,0,6,6,zero,
manual_screen,base,3,146,1,3,26.0,0,26,0,0,zero,
manual_screen,base,3,146,2,3,23.0,0,23,20,20,zero,
manual_screen,base,3,147,0,4,1.0,0,1,6,6,zero,
manual_screen,base,3,147,1,4,31.0,0,31,0,0,zero,
manual_screen,base,3,147,2,4,3.0,0,3,0,0,zero,
manual_screen,base,3,148,0,4,3.0,3,0,6,6,zero,
manual_screen,base,3,148,1,4,17.0,0,17,0,0,zero,
manual_screen,base,3,148,2,4,17.0,17,0,0,0,zero,
manual_screen,base,3,149,0,4,1.0,0,1,2,2,zero,
manual_screen,base,3,149,1,4,1.0,1,0,0,0,zero,
manual_screen,base,3,149,2,4,37.0,37,0,0,0,zero,
manual_screen,base,3,150,0,4,5.0,0,5,0,0,zero,
manual_screen,base,3,150,1,4,21.0,21,0,12,12,zero,
manual_screen,base,3,150,2,4,45.0,45,0,0,0,zero,
manual_screen,base,3,151,0,4,8.0,0,8,0,0,zero,
manual_screen,base,3,151,1,4,41.0,41,0,0,0,zero,
manual_screen,base,3,151,2,4,45.0,45,0,1,1,zero,
manual_screen,base,3,152,0,3,9.0,9,0,6,6,zero,
manual_screen,base,3,152,1,3,38.0,38,0,0,0,zero,
manual_screen,base,3,152,2,3,45.0,45,0,0,0,zero,
manual_screen,base,3,153,0,3,25.0,25,0,0,0,zero,
manual_screen,base,3,153,1,3,38.0,38,0,0,0,zero,
manual_screen,base,3,153,2,3,45.0,45,0,0,0,zero,
manual_screen,base,3,154,0,3,22.0,22,0,0,0,zero,
manual_screen,base,3,154,1,3,50.0,50,0,0,0,zero,
manual_screen,base,3,154,2,3,45.0,45,0,0,0,zero,
manual_screen,base,3,155,0,4,18.0,18,0,0,0,zero,
manual_screen,base,3,155,1,4,50.0,50,0,0,0,zero,
manual_screen,base,3,155,2,4,46.0,46,0,0,0,zero,
manual_screen,base,3,156,0,4,20.0,20,0,0,0,zero,
manual_screen,base,3,156,1,4,50.0,50,0,0,0,zero,
manual_screen,base,3,156,2,4,46.0,46,0,0,0,zero,
manual_screen,base,3,157,0,4,16.0,16,0,2,2,zero,
manual_screen,base,3,157,1,4,48.0,48,0,0,0,zero,
manual_screen,base,3,157,2,4,46.0,46,0,0,0,zero,
manual_screen,base,3,158,0,4,12.0,12,0,2,2,zero,
manual_screen,base,3,158,1,4,46.0,46,0,0,0,zero,
manual_screen,base,3,158,2,4,46.0,46,0,0,0,zero,
manual_screen,base,3,159,0,4,8.0,8,0,9,9,zero,
manual_screen,base,3,159,1,4,37.0,37,0,0,0,zero,
manual_screen,base,3,159,2,4,46.0,46,0,0,0,zero,
manual_screen,base,3,160,0,4,4.0,4,0,1,1,zero,
manual_screen,base,3,160,1,4,36.0,36,0,1,1,zero,
manual_screen,base,3,160,2,4,45.0,45,0,0,0,zero,
manual_screen,base,3,161,0,4,2.0,2,0,2,2,zero,
manual_screen,base,3,161,1,4,34.0,34,0,1,1,zero,
manual_screen,base,3,161,2,4,44.0,44,0,0,0,zero,
manual_screen,base,3,162,0,3,1.0,1,0,2,2,zero,
manual_screen,base,3,162,1,3,32.0,32,0,1,1,zero,
manual_screen,base,3,162,2,3,43.0,43,0,0,0,zero,
manual_screen,base,3,163,0,4,6.0,6,0,6,6,zero,
manual_screen,base,3,163,1,4,26.0,26,0,1,1,zero,
manual_screen,base,3,163,2,4,42.0,42,0,0,0,zero,
manual_screen,base,3,164,0,3,4.0,4,0,0,0,zero,
manual_screen,base,3,164,1,3,27.0,27,0,1,1,zero,
manual_screen,base,3,164,2,3,41.0,41,0,0,0,zero,
manual_screen,base,3,165,0,3,3.0,3,0,6,6,zero,
manual_screen,base,3,165,1,3,22.0,22,0,1,1,zero,
manual_screen,base,3,165,2,3,40.0,40,0,0,0,zero,
manual_screen,base,3,166,0,3,2.0,2,0,2,2,zero,
manual_screen,base,3,166,1,3,21.0,21,0,1,1,zero,
manual_screen,base,3,166,2,3,39.0,39,0,0,0,zero,
manual_screen,base,3,167,0,3,5.0,5,0,0,0,zero,
manual_screen,base,3,167,1,3,22.0,22,0,1,1,zero,
manual_screen,base,3,167,2,3,38.0,38,0,0,0,zero,
manual_screen,base,3,168,0,3,2.0,2,0,2,2,zero,
manual_screen,base,3,168,1,3,21.0,21,0,1,1,zero,
manual_screen,base,3,168,2,3,37.0,37,0,0,0,zero,
manual_screen,base,3,169,0,3,5.0,5,0,6,6,zero,
manual_screen,base,3,169,1,3,16.0,16,0,1,1,zero,
manual_screen,base,3,169,2,3,36.0,36,0,0,0,zero,
manual_screen,base,3,170,0,4,3.0,3,0,2,2,zero,
manual_screen,base,3,170,1,4,15.0,15,0,1,1,zero,
manual_screen,base,3,170,2,4,35.0,35,0,0,0,zero,
manual_screen,base,3,171,0,4,1.0,0,1,6,6,zero,
manual_screen,base,3,171,1,4,10.0,10,0,1,1,zero,
manual_screen,base,3,171,2,4,34.0,34,0,0,0,zero,
manual_screen,base,3,172,0,4,3.0,0,3,6,6,zero,
manual_screen,base,3,172,1,4,5.0,5,0,15,15,zero,
manual_screen,base,3,172,2,4,19.0,19,0,0,0,zero,
manual_screen,base,3,173,0,4,1.0,0,1,2,2,zero,
manual_screen,base,3,173,1,4,4.0,4,0,1,1,zero,
manual_screen,base,3,173,2,4,18.0,18,0,1,1,zero,
manual_screen,base,3,174,0,4,3.0,0,3,6,6,zero,
manual_screen,base,3,174,1,4,1.0,0,1,1,1,zero,
manual_screen,base,3,174,2,4,17.0,17,0,0,0,zero,
manual_screen,base,3,175,0,4,1.0,0,1,6,6,zero,
manual_screen,base,3,175,1,4,6.0,0,6,1,1,zero,
manual_screen,base,3,175,2,4,16.0,16,0,0,0,zero,
manual_screen,base,3,176,0,4,1.0,1,0,10,10,zero,
manual_screen,base,3,176,1,4,1.0,0,1,15,15,zero,
manual_screen,base,3,176,2,4,1.0,1,0,0,0,zero,
manual_screen,base,3,177,0,4,1.0,0,1,2,2,zero,
manual_screen,base,3,177,1,4,2.0,0,2,1,1,zero,
manual_screen,base,3,177,2,4,1.0,1,0,16,16,zero,
manual_screen,base,3,178,0,4,-0.0,0,0,0,0,zero,
manual_screen,base,3,178,1,4,1.0,0,1,5,5,zero,
manual_screen,base,3,178,2,4,4.0,0,4,2,2,zero,
manual_screen,base,3,179,0,4,3.0,0,3,6,6,zero,
manual_screen,base,3,179,1,4,6.0,0,6,1,1,zero,
manual_screen,base,3,179,2,4,5.0,0,5,1,1,zero,
manual_screen,base,3,180,0,5,7.0,7,0,6,6,zero,
manual_screen,base,3,180,1,5,3.0,3,0,5,5,zero,
manual_screen,base,3,180,2,5,10.0,0,10,0,0,zero,
manual_screen,base,3,181,0,5,3.0,3,0,2,2,zero,
manual_screen,base,3,181,1,5,2.0,2,0,15,15,zero,
manual_screen,base,3,181,2,5,9.0,0,9,20,20,zero,
manual_screen,base,3,182,0,5,1.0,0,1,6,6,zero,
manual_screen,base,3,182,1,5,3.0,0,3,3,3,zero,
manual_screen,base,3,182,2,5,10.0,0,10,20,20,zero,
manual_screen,base,3,183,0,5,5.0,0,5,6,6,zero,
manual_screen,base,3,183,1,5,9.0,0,9,15,15,zero,
manual_screen,base,3,183,2,5,24.0,0,24,0,0,zero,
manual_screen,base,3,184,0,5,2.0,2,0,10,10,zero,
manual_screen,base,3,184,1,5,19.0,0,19,15,15,zero,
manual_screen,base,3,184,2,5,39.0,0,39,20,20,zero,
manual_screen,base,3,185,0,5,1.0,0,1,19,19,zero,
manual_screen,base,3,185,1,5,22.0,0,22,15,15,zero,
manual_screen,base,3,185,2,5,34.0,0,34,20,20,zero,
manual_screen,base,3,186,0,5,3.0,0,3,10,10,zero,
manual_screen,base,3,186,1,5,30.0,0,30,15,15,zero,
manual_screen,base,3,186,2,5,29.0,0,29,20,20,zero,
manual_screen,base,3,187,0,6,9.0,0,9,10,10,zero,
manual_screen,base,3,187,1,6,39.0,0,39,18,18,zero,
manual_screen,base,3,187,2,6,47.0,0,47,20,20,zero,
manual_screen,base,3,188,0,6,15.0,0,15,10,10,zero,
manual_screen,base,3,188,1,6,49.0,0,49,18,18,zero,
manual_screen,base,3,188,2,6,45.0,0,45,20,20,zero,
manual_screen,base,3,189,0,5,4.0,0,4,10,10,zero,
manual_screen,base,3,189,1,5,39.0,0,39,3,3,zero,
manual_screen,base,3,189,2,5,28.0,0,28,20,20,zero,
manual_screen,base,3,190,0,6,8.0,0,8,6,6,zero,
manual_screen,base,3,190,1,6,25.0,0,25,0,0,zero,
manual_screen,base,3,190,2,6,8.0,0,8,0,0,zero,
manual_screen,base,3,191,0,7,14.0,0,14,0,0,zero,
manual_screen,base,3,191,1,7,25.0,0,25,0,0,zero,
manual_screen,base,3,191,2,7,12.0,12,0,0,0,zero,
manual_screen,base,3,192,0,7,21.0,0,21,6,6,zero,
manual_screen,base,3,192,1,7,11.0,0,11,0,0,zero,
manual_screen,base,3,192,2,7,32.0,32,0,0,0,zero,
manual_screen,base,3,193,0,7,8.0,0,8,6,6,zero,
manual_screen,base,3,193,1,7,3.0,3,0,0,0,zero,
manual_screen,base,3,193,2,7,52.0,52,0,0,0,zero,
manual_screen,base,3,194,0,6,6.0,6,0,6,6,zero,
manual_screen,base,3,194,1,6,17.0,17,0,18,18,zero,
manual_screen,base,3,194,2,6,34.0,34,0,0,0,zero,
manual_screen,base,3,195,0,6,-0.0,0,0,0,0,zero,
manual_screen,base,3,195,1,6,25.0,25,0,0,0,zero,
manual_screen,base,3,195,2,6,34.0,34,0,1,1,zero,
manual_screen,base,3,196,0,5,15.0,15,0,6,6,zero,
manual_screen,base,3,196,1,5,19.0,19,0,0,0,zero,
manual_screen,base,3,196,2,5,34.0,34,0,0,0,zero,
manual_screen,base,3,197,0,5,27.0,27,0,0,0,zero,
manual_screen,base,3,197,1,5,19.0,19,0,1,1,zero,
manual_screen,base,3,197,2,5,33.0,33,0,0,0,zero,
manual_screen,base,3,198,0,5,28.0,28,0,0,0,zero,
manual_screen,base,3,198,1,5,37.0,37,0,0,0,zero,
manual_screen,base,3,198,2,5,33.0,33,0,0,0,zero,
manual_screen,base,3,199,0,5,23.0,23,0,2,2,zero,
manual_screen,base,3,199,1,5,35.0,35,0,0,0,zero,
manual_screen,base,3,199,2,5,34.0,34,0,0,0,zero,
manual_screen,base,3,200,0,5,24.0,24,0,2,2,zero,
manual_screen,base,3,200,1,5,33.0,33,0,0,0,zero,
manual_screen,base,3,200,2,5,34.0,34,0,0,0,zero,
manual_screen,shock,0,1,0,10,10.0,10,0,10,10,zero,
manual_screen,shock,0,1,1,10,10.0,10,0,15,15,zero,
manual_screen,shock,0,1,2,10,5.0,5,0,0,0,zero,
manual_screen,shock,0,2,0,9,11.0,11,0,10,10,zero,
manual_screen,shock,0,2,1,9,10.0,10,0,1,1,zero,
manual_screen,shock,0,2,2,9,14.0,14,0,20,20,zero,
manual_screen,shock,0,3,0,9,12.0,12,0,6,6,zero,
manual_screen,shock,0,3,1,9,14.0,14,0,15,15,zero,
manual_screen,shock,0,3,2,9,9.0,9,0,3,3,zero,
manual_screen,shock,0,4,0,9,13.0,13,0,10,10,zero,
manual_screen,shock,0,4,1,9,14.0,14,0,1,1,zero,
manual_screen,shock,0,4,2,9,18.0,18,0,20,20,zero,
manual_screen,shock,0,5,0,8,15.0,15,0,6,6,zero,
manual_screen,shock,0,5,1,8,23.0,23,0,15,15,zero,
manual_screen,shock,0,5,2,8,3.0,3,0,0,0,zero,
manual_screen,shock,0,6,0,7,18.0,18,0,9,9,zero,
manual_screen,shock,0,6,1,7,15.0,15,0,1,1,zero,
manual_screen,shock,0,6,2,7,22.0,22,0,16,16,zero,
manual_screen,shock,0,7,0,7,17.0,17,0,4,4,zero,
manual_screen,shock,0,7,1,7,26.0,26,0,1,1,zero,
manual_screen,shock,0,7,2,7,24.0,24,0,0,0,zero,
manual_screen,shock,0,8,0,8,19.0,19,0,4,4,zero,
manual_screen,shock,0,8,1,8,23.0,23,0,1,1,zero,
manual_screen,shock,0,8,2,8,43.0,43,0,0,0,zero,
manual_screen,shock,0,9,0,7,18.0,18,0,6,6,zero,
manual_screen,shock,0,9,1,7,32.0,32,0,1,1,zero,
manual_screen,shock,0,9,2,7,42.0,42,0,0,0,zero,
manual_screen,shock,0,10,0,7,20.0,20,0,4,4,zero,
manual_screen,shock,0,10,1,7,29.0,29,0,1,1,zero,
manual_screen,shock,0,10,2,7,57.0,57,0,0,0,zero,
manual_screen,shock,0,11,0,7,17.0,17,0,4,4,zero,
manual_screen,shock,0,11,1,7,26.0,26,0,1,1,zero,
manual_screen,shock,0,11,2,7,56.0,56,0,0,0,zero,
manual_screen,shock,0,12,0,7,14.0,14,0,4,4,zero,
manual_screen,shock,0,12,1,7,23.0,23,0,1,1,zero,
manual_screen,shock,0,12,2,7,55.0,55,0,0,0,zero,
manual_screen,shock,0,13,0,8,12.0,12,0,9,9,zero,
manual_screen,shock,0,13,1,8,15.0,15,0,1,1,zero,
manual_screen,shock,0,13,2,8,54.0,54,0,0,0,zero,
manual_screen,shock,0,14,0,8,8.0,8,0,9,9,zero,
manual_screen,shock,0,14,1,8,7.0,7,0,15,15,zero,
manual_screen,shock,0,14,2,8,39.0,39,0,0,0,zero,
manual_screen,shock,0,15,0,9,3.0,3,0,9,9,zero,
manual_screen,shock,0,15,1,9,1.0,0,1,11,11,zero,
manual_screen,shock,0,15,2,9,28.0,28,0,0,0,zero,
manual_screen,shock,0,16,0,8,1.0,0,1,9,9,zero,
manual_screen,shock,0,16,1,8,9.0,0,9,15,15,zero,
manual_screen,shock,0,16,2,8,13.0,13,0,16,16,zero,
manual_screen,shock,0,17,0,8,-0.0,0,0,10,10,zero,
manual_screen,shock,0,17,1,8,18.0,0,18,3,3,zero,
manual_screen,shock,0,17,2,8,10.0,10,0,20,20,zero,
manual_screen,shock,0,18,0,8,1.0,1,0,10,10,zero,
manual_screen,shock,0,18,1,8,13.0,0,13,15,15,zero,
manual_screen,shock,0,18,2,8,5.0,0,5,0,0,zero,
manual_screen,shock,0,19,0,9,-0.0,0,0,6,6,zero,
manual_screen,shock,0,19,1,9,8.0,0,8,18,18,zero,
manual_screen,shock,0,19,2,9,23.0,0,23,20,20,zero,
manual_screen,shock,0,20,0,9,8.0,0,8,10,10,zero,
manual_screen,shock,0,20,1,9,3.0,0,3,18,18,zero,
manual_screen,shock,0,20,2,9,25.0,0,25,20,20,zero,
manual_screen,shock,0,21,0,8,15.0,0,15,6,6,zero,
manual_screen,shock,0,21,1,8,6.0,0,6,18,18,zero,
manual_screen,shock,0,21,2,8,23.0,0,23,20,20,zero,
manual_screen,shock,0,22,0,10,10.0,0,10,10,10,zero,
manual_screen,shock,0,22,1,10,6.0,0,6,3,3,zero,
manual_screen,shock,0,22,2,10,26.0,0,26,20,20,zero,
manual_screen,shock,0,23,0,10,9.0,0,9,10,10,zero,
manual_screen,shock,0,23,1,10,16.0,0,16,18,18,zero,
manual_screen,shock,0,23,2,10,24.0,0,24,0,0,zero,
manual_screen,shock,0,24,0,9,3.0,0,3,19,19,zero,
manual_screen,shock,0,24,1,9,19.0,0,19,3,3,zero,
manual_screen,shock,0,24,2,9,7.0,0,7,20,20,zero,
manual_screen,shock,0,25,0,8,8.0,0,8,10,10,zero,
manual_screen,shock,0,25,1,8,9.0,0,9,18,18,zero,
manual_screen,shock,0,25,2,8,5.0,0,5,16,16,zero,
manual_screen,shock,0,26,0,8,6.0,0,6,2,2,zero,
manual_screen,shock,0,26,1,8,11.0,0,11,3,3,zero,
manual_screen,shock,0,26,2,8,12.0,12,0,20,20,zero,
manual_screen,shock,0,27,0,8,14.0,0,14,6,6,zero,
manual_screen,shock,0,27,1,8,3.0,3,0,0,0,zero,
manual_screen,shock,0,27,2,8,12.0,12,0,3,3,zero,
manual_screen,shock,0,28,0,7,5.0,0,5,6,6,zero,
manual_screen,shock,0,28,1,7,17.0,17,0,12,12,zero,
manual_screen,shock,0,28,2,7,20.0,20,0,0,0,zero,
manual_screen,shock,0,29,0,7,8.0,8,0,6,6,zero,
manual_screen,shock,0,29,1,7,31.0,31,0,0,0,zero,
manual_screen,shock,0,29,2,7,36.0,36,0,0,0,zero,
manual_screen,shock,0,30,0,6,2.0,2,0,2,2,zero,
manual_screen,shock,0,30,1,6,37.0,37,0,12,12,zero,
manual_screen,shock,0,30,2,6,44.0,44,0,0,0,zero,
manual_screen,shock,0,31,0,7,12.0,12,0,6,6,zero,
manual_screen,shock,0,31,1,7,31.0,31,0,0,0,zero,
manual_screen,shock,0,31,2,7,47.0,47,0,1,1,zero,
manual_screen,shock,0,32,0,7,11.0,11,0,6,6,zero,
manual_screen,shock,0,32,1,7,37.0,37,0,1,1,zero,
manual_screen,shock,0,32,2,7,46.0,46,0,0,0,zero,
manual_screen,shock,0,33,0,8,9.0,9,0,9,9,zero,
manual_screen,shock,0,33,1,8,28.0,28,0,1,1,zero,
manual_screen,shock,0,33,2,8,45.0,45,0,0,0,zero,
manual_screen,shock,0,34,0,9,2.0,2,0,9,9,zero,
manual_screen,shock,0,34,1,9,31.0,31,0,15,15,zero,
manual_screen,shock,0,34,2,9,30.0,30,0,0,0,zero,
manual_screen,shock,0,35,0,9,1.0,0,1,9,9,zero,
manual_screen,shock,0,35,1,9,22.0,22,0,15,15,zero,
manual_screen,shock,0,35,2,9,16.0,16,0,1,1,zero,
manual_screen,shock,0,36,0,9,4.0,0,4,9,9,zero,
manual_screen,shock,0,36,1,9,14.0,14,0,1,1,zero,
manual_screen,shock,0,36,2,9,15.0,15,0,20,20,zero,
manual_screen,shock,0,37,0,8,3.0,0,3,10,10,zero,
manual_screen,shock,0,37,1,8,5.0,5,0,11,11,zero,
manual_screen,shock,0,37,2,8,4.0,4,0,3,3,zero,
manual_screen,shock,0,38,0,8,2.0,0,2,6,6,zero,
manual_screen,shock,0,38,1,8,14.0,14,0,15,15,zero,
manual_screen,shock,0,38,2,8,11.0,0,11,20,20,zero,
manual_screen,shock,0,39,0,8,1.0,0,1,10,10,zero,
manual_screen,shock,0,39,1,8,19.0,19,0,11,11,zero,
manual_screen,shock,0,39,2,8,21.0,0,21,20,20,zero,
manual_screen,shock,0,40,0,9,1.0,0,1,6,6,zero,
manual_screen,shock,0,40,1,9,14.0,14,0,15,15,zero,
manual_screen,shock,0,40,2,9,16.0,0,16,20,20,zero,
manual_screen,shock,0,41,0,10,1.0,0,1,19,19,zero,
manual_screen,shock,0,41,1,10,6.0,6,0,1,1,zero,
manual_screen,shock,0,41,2,10,14.0,0,14,16,16,zero,
manual_screen,shock,0,42,0,10,5.0,0,5,6,6,zero,
manual_screen,shock,0,42,1,10,4.0,4,0,15,15,zero,
manual_screen,shock,0,42,2,10,9.0,0,9,0,0,zero,
manual_screen,shock,0,43,0,9,4.0,0,4,10,10,zero,
manual_screen,shock,0,43,1,9,5.0,0,5,3,3,zero,
manual_screen,shock,0,43,2,9,8.0,8,0,16,16,zero,
manual_screen,shock,0,44,0,7,5.0,0,5,10,10,zero,
manual_screen,shock,0,44,1,7,5.0,5,0,15,15,zero,
manual_screen,shock,0,44,2,7,13.0,13,0,1,1,zero,
manual_screen,shock,0,45,0,8,6.0,6,0,6,6,zero,
manual_screen,shock,0,45,1,8,2.0,2,0,3,3,zero,
manual_screen,shock,0,45,2,8,26.0,26,0,16,16,zero,
manual_screen,shock,0,46,0,7,5.0,5,0,10,10,zero,
manual_screen,shock,0,46,1,7,12.0,12,0,5,5,zero,
manual_screen,shock,0,46,2,7,21.0,21,0,0,0,zero,
manual_screen,shock,0,47,0,7,3.0,3,0,6,6,zero,
manual_screen,shock,0,47,1,7,18.0,18,0,15,15,zero,
manual_screen,shock,0,47,2,7,22.0,22,0,0,0,zero,
manual_screen,shock,0,48,0,7,11.0,11,0,6,6,zero,
manual_screen,shock,0,48,1,7,27.0,27,0,3,3,zero,
manual_screen,shock,0,48,2,7,20.0,20,0,16,16,zero,
manual_screen,shock,0,49,0,7,10.0,10,0,6,6,zero,
manual_screen,shock,0,49,1,7,24.0,24,0,1,1,zero,
manual_screen,shock,0,49,2,7,35.0,35,0,3,3,zero,
manual_screen,shock,0,50,0,8,12.0,12,0,6,6,zero,
manual_screen,shock,0,50,1,8,23.0,23,0,1,1,zero,
manual_screen,shock,0,50,2,8,34.0,34,0,0,0,zero,
manual_screen,shock,0,51,0,8,10.0,10,0,10,10,zero,
manual_screen,shock,0,51,1,8,28.0,28,0,1,1,zero,
manual_screen,shock,0,51,2,8,33.0,33,0,0,0,zero,
manual_screen,shock,0,52,0,8,8.0,8,0,9,9,zero,
manual_screen,shock,0,52,1,8,22.0,22,0,15,15,zero,
manual_screen,shock,0,52,2,8,34.0,34,0,0,0,zero,
manual_screen,shock,0,53,0,8,6.0,6,0,9,9,zero,
manual_screen,shock,0,53,1,8,14.0,14,0,15,15,zero,
manual_screen,shock,0,53,2,8,22.0,22,0,1,1,zero,
manual_screen,shock,0,54,0,8,4.0,4,0,2,2,zero,
manual_screen,shock,0,54,1,8,13.0,13,0,15,15,zero,
manual_screen,shock,0,54,2,8,7.0,7,0,20,20,zero,
manual_screen,shock,0,55,0,9,5.0,5,0,6,6,zero,
manual_screen,shock,0,55,1,9,8.0,8,0,0,0,zero,
manual_screen,shock,0,55,2,9,7.0,7,0,20,20,zero,
manual_screen,shock,0,56,0,8,6.0,6,0,10,10,zero,
manual_screen,shock,0,56,1,8,13.0,13,0,1,1,zero,
manual_screen,shock,0,56,2,8,6.0,6,0,0,0,zero,
manual_screen,shock,0,57,0,8,7.0,7,0,9,9,zero,
manual_screen,shock,0,57,1,8,19.0,19,0,12,12,zero,
manual_screen,shock,0,57,2,8,5.0,0,5,0,0,zero,
manual_screen,shock,0,58,0,6,3.0,3,0,9,9,zero,
manual_screen,shock,0,58,1,6,25.0,25,0,15,15,zero,
manual_screen,shock,0,58,2,6,-0.0,0,0,0,0,zero,
manual_screen,shock,0,59,0,6,3.0,3,0,2,2,zero,
manual_screen,shock,0,59,1,6,23.0,23,0,15,15,zero,
manual_screen,shock,0,59,2,6,5.0,5,0,20,20,zero,
manual_screen,shock,0,60,0,6,7.0,7,0,6,6,zero,
manual_screen,shock,0,60,1,6,18.0,18,0,0,0,zero,
manual_screen,shock,0,60,2,6,5.0,5,0,20,20,zero,
manual_screen,shock,0,61,0,5,11.0,11,0,6,6,zero,
manual_screen,shock,0,61,1,5,19.0,19,0,0,0,zero,
manual_screen,shock,0,61,2,5,5.0,5,0,0,0,zero,
manual_screen,shock,0,62,0,5,15.0,15,0,2,2,zero,
manual_screen,shock,0,62,1,5,37.0,37,0,1,1,zero,
manual_screen,shock,0,62,2,5,4.0,4,0,0,0,zero,
manual_screen,shock,0,63,0,5,12.0,12,0,2,2,zero,
manual_screen,shock,0,63,1,5,50.0,50,0,0,0,zero,
manual_screen,shock,0,63,2,5,24.0,24,0,0,0,zero,
manual_screen,shock,0,64,0,5,13.0,13,0,2,2,zero,
manual_screen,shock,0,64,1,5,48.0,48,0,0,0,zero,
manual_screen,shock,0,64,2,5,44.0,44,0,0,0,zero,
manual_screen,shock,0,65,0,5,14.0,14,0,6,6,zero,
manual_screen,shock,0,65,1,5,42.0,42,0,0,0,zero,
manual_screen,shock,0,65,2,5,44.0,44,0,0,0,zero,
manual_screen,shock,0,66,0,5,11.0,11,0,2,2,zero,
manual_screen,shock,0,66,1,5,41.0,41,0,1,1,zero,
manual_screen,shock,0,66,2,5,43.0,43,0,0,0,zero,
manual_screen,shock,0,67,0,4,9.0,9,0,9,9,zero,
manual_screen,shock,0,67,1,4,32.0,32,0,1,1,zero,
manual_screen,shock,0,67,2,4,42.0,42,0,0,0,zero,
manual_screen,shock,0,68,0,5,6.0,6,0,3,3,zero,
manual_screen,shock,0,68,1,5,29.0,29,0,1,1,zero,
manual_screen,shock,0,68,2,5,41.0,41,0,0,0,zero,
manual_screen,shock,0,69,0,6,6.0,6,0,3,3,zero,
manual_screen,shock,0,69,1,6,26.0,26,0,1,1,zero,
manual_screen,shock,0,69,2,6,40.0,40,0,0,0,zero,
manual_screen,shock,0,70,0,6,2.0,2,0,6,6,zero,
manual_screen,shock,0,70,1,6,21.0,21,0,1,1,zero,
manual_screen,shock,0,70,2,6,39.0,39,0,0,0,zero,
manual_screen,shock,0,71,0,6,5.0,5,0,6,6,zero,
manual_screen,shock,0,71,1,6,16.0,16,0,15,15,zero,
manual_screen,shock,0,71,2,6,24.0,24,0,0,0,zero,
manual_screen,shock,0,72,0,5,3.0,3,0,9,9,zero,
manual_screen,shock,0,72,1,5,8.0,8,0,1,1,zero,
manual_screen,shock,0,72,2,5,23.0,23,0,0,0,zero,
manual_screen,shock,0,73,0,6,-0.0,0,0,2,2,zero,
manual_screen,shock,0,73,1,6,7.0,7,0,15,15,zero,
manual_screen,shock,0,73,2,6,8.0,8,0,0,0,zero,
manual_screen,shock,0,74,0,6,-0.0,0,0,6,6,zero,
manual_screen,shock,0,74,1,6,2.0,2,0,1,1,zero,
manual_screen,shock,0,74,2,6,7.0,7,0,20,20,zero,
manual_screen,shock,0,75,0,7,1.0,0,1,6,6,zero,
manual_screen,shock,0,75,1,7,11.0,11,0,1,1,zero,
manual_screen,shock,0,75,2,7,6.0,6,0,3,3,zero,
manual_screen,shock,0,76,0,7,1.0,1,0,10,10,zero,
manual_screen,shock,0,76,1,7,2.0,2,0,1,1,zero,
manual_screen,shock,0,76,2,7,5.0,5,0,0,0,zero,
manual_screen,shock,0,77,0,7,4.0,0,4,6,6,zero,
manual_screen,shock,0,77,1,7,11.0,11,0,15,15,zero,
manual_screen,shock,0,77,2,7,10.0,0,10,0,0,zero,
manual_screen,shock,0,78,0,6,4.0,0,4,10,10,zero,
manual_screen,shock,0,78,1,6,2.0,2,0,15,15,zero,
manual_screen,shock,0,78,2,6,5.0,0,5,2,2,zero,
manual_screen,shock,0,79,0,6,4.0,0,4,6,6,zero,
manual_screen,shock,0,79,1,6,3.0,0,3,3,3,zero,
manual_screen,shock,0,79,2,6,5.0,0,5,20,20,zero,
manual_screen,shock,0,80,0,7,1.0,0,1,6,6,zero,
manual_screen,shock,0,80,1,7,8.0,0,8,15,15,zero,
manual_screen,shock,0,80,2,7,20.0,0,20,20,20,zero,
manual_screen,shock,0,81,0,8,3.0,0,3,10,10,zero,
manual_screen,shock,0,81,1,8,13.0,0,13,3,3,zero,
manual_screen,shock,0,81,2,8,23.0,0,23,20,20,zero,
manual_screen,shock,0,82,0,8,1.0,0,1,10,10,zero,
manual_screen,shock,0,82,1,8,3.0,0,3,15,15,zero,
manual_screen,shock,0,82,2,8,36.0,0,36,0,0,zero,
manual_screen,shock,0,83,0,7,5.0,0,5,6,6,zero,
manual_screen,shock,0,83,1,7,6.0,0,6,15,15,zero,
manual_screen,shock,0,83,2,7,31.0,0,31,20,20,zero,
manual_screen,shock,0,84,0,6,10.0,0,10,10,10,zero,
manual_screen,shock,0,84,1,6,16.0,0,16,3,3,zero,
manual_screen,shock,0,84,2,6,14.0,0,14,20,20,zero,
manual_screen,shock,0,85,0,6,11.0,0,11,6,6,zero,
manual_screen,shock,0,85,1,6,22.0,0,22,3,3,zero,
manual_screen,shock,0,85,2,6,3.0,3,0,0,0,zero,
manual_screen,shock,0,86,0,6,3.0,3,0,6,6,zero,
manual_screen,shock,0,86,1,6,26.0,0,26,0,0,zero,
manual_screen,shock,0,86,2,6,3.0,3,0,0,0,zero,
manual_screen,shock,0,87,0,6,-0.0,0,0,19,19,zero,
manual_screen,shock,0,87,1,6,25.0,0,25,0,0,zero,
manual_screen,shock,0,87,2,6,23.0,23,0,0,0,zero,
manual_screen,shock,0,88,0,6,6.0,0,6,9,9,zero,
manual_screen,shock,0,88,1,6,14.0,0,14,18,18,zero,
manual_screen,shock,0,88,2,6,25.0,25,0,0,0,zero,
manual_screen,shock,0,89,0,5,11.0,0,11,2,2,zero,
manual_screen,shock,0,89,1,5,1.0,1,0,18,18,zero,
manual_screen,shock,0,89,2,5,7.0,7,0,16,16,zero,
manual_screen,shock,0,90,0,5,14.0,0,14,0,0,zero,
manual_screen,shock,0,90,1,5,1.0,1,0,0,0,zero,
manual_screen,shock,0,90,2,5,7.0,7,0,20,20,zero,
manual_screen,shock,0,91,0,5,1.0,1,0,6,6,zero,
manual_screen,shock,0,91,1,5,5.0,0,5,0,0,zero,
manual_screen,shock,0,91,2,5,7.0,7,0,0,0,zero,
manual_screen,shock,0,92,0,8,13.0,13,0,6,6,zero,
manual_screen,shock,0,92,1,8,7.0,7,0,12,12,zero,
manual_screen,shock,0,92,2,8,5.0,0,5,0,0,zero,
manual_screen,shock,0,93,0,8,21.0,21,0,2,2,zero,
manual_screen,shock,0,93,1,8,23.0,23,0,12,12,zero,
manual_screen,shock,0,93,2,8,1.0,0,1,0,0,zero,
manual_screen,shock,0,94,0,8,13.0,13,0,9,9,zero,94
manual_screen,shock,0,94,1,8,14.0,14,0,0,0,zero,94
manual_screen,shock,0,94,2,8,19.0,19,0,20,20,zero,94
manual_screen,shock,0,95,0,8,6.0,6,0,9,9,zero,94
manual_screen,shock,0,95,1,8,5.0,5,0,12,12,zero,94
manual_screen,shock,0,95,2,8,7.0,7,0,0,0,zero,94
manual_screen,shock,0,96,0,11,6.0,6,0,9,9,zero,94
manual_screen,shock,0,96,1,11,3.0,3,0,15,15,zero,94
manual_screen,shock,0,96,2,11,8.0,0,8,20,20,zero,94
manual_screen,shock,0,97,0,11,3.0,0,3,19,19,zero,94
manual_screen,shock,0,97,1,11,-0.0,0,0,15,15,zero,94
manual_screen,shock,0,97,2,11,23.0,0,23,20,20,zero,94
manual_screen,shock,0,98,0,11,5.0,0,5,9,9,zero,94
manual_screen,shock,0,98,1,11,8.0,0,8,15,15,zero,94
manual_screen,shock,0,98,2,11,18.0,0,18,20,20,zero,94
manual_screen,shock,0,99,0,12,8.0,0,8,10,10,zero,94
manual_screen,shock,0,99,1,12,6.0,0,6,15,15,zero,94
manual_screen,shock,0,99,2,12,33.0,0,33,20,20,zero,94
manual_screen,shock,0,100,0,12,11.0,0,11,10,10,zero,94
manual_screen,shock,0,100,1,12,9.0,0,9,15,15,zero,94
manual_screen,shock,0,100,2,12,28.0,0,28,20,20,zero,94
manual_screen,shock,0,101,0,12,4.0,0,4,19,19,zero,94
manual_screen,shock,0,101,1,12,28.0,0,28,15,15,zero,94
manual_screen,shock,0,101,2,12,23.0,0,23,16,16,zero,94
manual_screen,shock,0,102,0,11,14.0,0,14,19,19,zero,94
manual_screen,shock,0,102,1,11,27.0,0,27,18,18,zero,94
manual_screen,shock,0,102,2,11,21.0,0,21,16,16,zero,94
manual_screen,shock,0,103,0,11,13.0,0,13,10,10,zero,94
manual_screen,shock,0,103,1,11,37.0,0,37,18,18,zero,94
manual_screen,shock,0,103,2,11,19.0,0,19,20,20,zero,94
manual_screen,shock,0,104,0,12,18.0,0,18,19,19,zero,94
manual_screen,shock,0,104,1,12,36.0,0,36,3,3,zero,94
manual_screen,shock,0,104,2,12,2.0,0,2,20,20,zero,94
manual_screen,shock,0,105,0,11,29.0,0,29,10,10,zero,94
manual_screen,shock,0,105,1,11,26.0,0,26,18,18,zero,94
manual_screen,shock,0,105,2,11,4.0,0,4,1,1,zero,94
manual_screen,shock,0,106,0,8,17.0,0,17,10,10,zero,94
manual_screen,shock,0,106,1,8,16.0,0,16,3,3,zero,94
manual_screen,shock,0,106,2,8,9.0,9,0,20,20,zero,94
manual_screen,shock,0,107,0,8,25.0,0,25,6,6,zero,94
manual_screen,shock,0,107,1,8,2.0,0,2,18,18,zero,94
manual_screen,shock,0,107,2,8,11.0,11,0,16,16,zero,94
manual_screen,shock,0,108,0,9,14.0,0,14,6,6,zero,94
manual_screen,shock,0,108,1,9,12.0,12,0,18,18,zero,94
manual_screen,shock,0,108,2,9,13.0,13,0,20,20,zero,94
manual_screen,shock,0,109,0,9,3.0,0,3,6,6,zero,94
manual_screen,shock,0,109,1,9,22.0,22,0,0,0,zero,94
manual_screen,shock,0,109,2,9,14.0,14,0,20,20,zero,94
manual_screen,shock,0,110,0,11,6.0,6,0,6,6,zero,94
manual_screen,shock,0,110,1,11,23.0,23,0,0,0,zero,94
manual_screen,shock,0,110,2,11,34.0,34,0,0,0,zero,94
manual_screen,shock,0,111,0,11,15.0,15,0,10,10,zero,94
manual_screen,shock,0,111,1,11,31.0,31,0,1,1,zero,94
manual_screen,shock,0,111,2,11,49.0,49,0,0,0,zero,94
manual_screen,shock,0,112,0,11,12.0,12,0,19,19,zero,94
manual_screen,shock,0,112,1,11,30.0,30,0,12,12,zero,94
manual_screen,shock,0,112,2,11,57.0,57,0,0,0,zero,94
manual_screen,shock,0,113,0,9,9.0,9,0,9,9,zero,94
manual_screen,shock,0,113,1,9,21.0,21,0,15,15,zero,94
manual_screen,shock,0,113,2,9,62.0,62,0,0,0,zero,94
manual_screen,shock,0,114,0,11,4.0,4,0,9,9,zero,94
manual_screen,shock,0,114,1,11,12.0,12,0,15,15,zero,94
manual_screen,shock,0,114,2,11,47.0,47,0,0,0,zero,94
manual_screen,shock,0,115,0,7,7.0,7,0,6,6,zero,94
manual_screen,shock,0,115,1,7,7.0,7,0,3,3,zero,94
manual_screen,shock,0,115,2,7,44.0,44,0,16,16,zero,94
manual_screen,shock,0,116,0,6,20.0,20,0,6,6,zero,94
manual_screen,shock,0,116,1,6,13.0,13,0,1,1,zero,94
manual_screen,shock,0,116,2,6,43.0,43,0,0,0,zero,94
manual_screen,shock,0,117,0,7,22.0,22,0,2,2,zero,94
manual_screen,shock,0,117,1,7,26.0,26,0,1,1,zero,94
manual_screen,shock,0,117,2,7,42.0,42,0,0,0,zero,94
manual_screen,shock,0,118,0,7,24.0,24,0,2,2,zero,94
manual_screen,shock,0,118,1,7,39.0,39,0,1,1,zero,94
manual_screen,shock,0,118,2,7,41.0,41,0,0,0,zero,94
manual_screen,shock,0,119,0,7,23.0,23,0,6,6,zero,94
manual_screen,shock,0,119,1,7,36.0,36,0,0,0,zero,94
manual_screen,shock,0,119,2,7,57.0,57,0,0,0,zero,94
manual_screen,shock,0,120,0,6,23.0,23,0,2,2,zero,94
manual_screen,shock,0,120,1,6,35.0,35,0,1,1,zero,94
manual_screen,shock,0,120,2,6,56.0,56,0,0,0,zero,94
manual_screen,shock,0,121,0,6,19.0,19,0,3,3,zero,94
manual_screen,shock,0,121,1,6,33.0,33,0,1,1,zero,94
manual_screen,shock,0,121,2,6,55.0,55,0,0,0,zero,94
manual_screen,shock,0,122,0,6,15.0,15,0,4,4,zero,94
manual_screen,shock,0,122,1,6,30.0,30,0,1,1,zero,94
manual_screen,shock,0,122,2,6,54.0,54,0,0,0,zero,94
manual_screen,shock,0,123,0,6,15.0,15,0,3,3,zero,94
manual_screen,shock,0,123,1,6,27.0,27,0,1,1,zero,94
manual_screen,shock,0,123,2,6,53.0,53,0,0,0,zero,94
manual_screen,shock,0,124,0,7,10.0,10,0,9,9,zero,94
manual_screen,shock,0,124,1,7,19.0,19,0,1,1,zero,94
manual_screen,shock,0,124,2,7,52.0,52,0,0,0,zero,94
manual_screen,shock,0,125,0,8,5.0,5,0,3,3,zero,94
manual_screen,shock,0,125,1,8,17.0,17,0,15,15,zero,94
manual_screen,shock,0,125,2,8,37.0,37,0,0,0,zero,94
manual_screen,shock,0,126,0,7,2.0,2,0,9,9,zero,94
manual_screen,shock,0,126,1,7,9.0,9,0,1,1,zero,94
manual_screen,shock,0,126,2,7,36.0,36,0,0,0,zero,94
manual_screen,shock,0,127,0,8,3.0,0,3,9,9,zero,94
manual_screen,shock,0,127,1,8,1.0,1,0,15,15,zero,94
manual_screen,shock,0,127,2,8,21.0,21,0,0,0,zero,94
manual_screen,shock,0,128,0,7,1.0,0,1,9,9,zero,94
manual_screen,shock,0,128,1,7,7.0,0,7,11,11,zero,94
manual_screen,shock,0,128,2,7,10.0,10,0,16,16,zero,94
manual_screen,shock,0,129,0,8,6.0,0,6,10,10,zero,94
manual_screen,shock,0,129,1,8,2.0,0,2,15,15,zero,94
manual_screen,shock,0,129,2,8,5.0,0,5,20,20,zero,94
manual_screen,shock,0,130,0,7,4.0,0,4,6,6,zero,94
manual_screen,shock,0,130,1,7,7.0,0,7,15,15,zero,94
manual_screen,shock,0,130,2,7,20.0,0,20,20,20,zero,94
manual_screen,shock,0,131,0,6,1.0,0,1,10,10,zero,94
manual_screen,shock,0,131,1,6,2.0,0,2,15,15,zero,94
manual_screen,shock,0,131,2,6,35.0,0,35,20,20,zero,94
manual_screen,shock,0,132,0,6,5.0,0,5,6,6,zero,94
manual_screen,shock,0,132,1,6,3.0,3,0,15,15,zero,94
manual_screen,shock,0,132,2,6,34.0,0,34,20,20,zero,94
manual_screen,shock,0,133,0,5,5.0,5,0,2,2,zero,94
manual_screen,shock,0,133,1,5,11.0,11,0,11,11,zero,94
manual_screen,shock,0,133,2,5,25.0,0,25,20,20,zero,94
manual_screen,shock,0,134,0,7,1.0,0,1,2,2,zero,94
manual_screen,shock,0,134,1,7,9.0,9,0,0,0,zero,94
manual_screen,shock,0,134,2,7,5.0,0,5,16,16,zero,94
manual_screen,shock,0,135,0,6,8.0,8,0,6,6,zero,94
manual_screen,shock,0,135,1,6,3.0,3,0,0,0,zero,94
manual_screen,shock,0,135,2,6,15.0,15,0,0,0,zero,94
manual_screen,shock,0,136,0,6,10.0,10,0,6,6,zero,94
manual_screen,shock,0,136,1,6,13.0,13,0,0,0,zero,94
manual_screen,shock,0,136,2,6,35.0,35,0,0,0,zero,94
manual_screen,shock,0,137,0,7,5.0,5,0,9,9,zero,94
manual_screen,shock,0,137,1,7,24.0,24,0,1,1,zero,94
manual_screen,shock,0,137,2,7,54.0,54,0,0,0,zero,94
manual_screen,shock,0,138,0,7,-0.0,0,0,9,9,zero,94
manual_screen,shock,0,138,1,7,35.0,35,0,12,12,zero,94
manual_screen,shock,0,138,2,7,58.0,58,0,0,0,zero,94
manual_screen,shock,0,139,0,6,-0.0,0,0,2,2,zero,94
manual_screen,shock,0,139,1,6,38.0,38,0,12,12,zero,94
manual_screen,shock,0,139,2,6,46.0,46,0,0,0,zero,94
manual_screen,shock,0,140,0,6,-0.0,0,0,6,6,zero,94
manual_screen,shock,0,140,1,6,32.0,32,0,1,1,zero,94
manual_screen,shock,0,140,2,6,45.0,45,0,1,1,zero,94
manual_screen,shock,0,141,0,5,4.0,4,0,6,6,zero,94
manual_screen,shock,0,141,1,5,27.0,27,0,1,1,zero,94
manual_screen,shock,0,141,2,5,44.0,44,0,0,0,zero,94
manual_screen,shock,0,142,0,5,8.0,8,0,6,6,zero,94
manual_screen,shock,0,142,1,5,33.0,33,0,1,1,zero,94
manual_screen,shock,0,142,2,5,43.0,43,0,0,0,zero,94
manual_screen,shock,0,143,0,5,5.0,5,0,2,2,zero,94
manual_screen,shock,0,143,1,5,43.0,43,0,1,1,zero,94
manual_screen,shock,0,143,2,5,42.0,42,0,0,0,zero,94
manual_screen,shock,0,144,0,4,7.0,7,0,6,6,zero,94
manual_screen,shock,0,144,1,4,38.0,38,0,1,1,zero,94
manual_screen,shock,0,144,2,4,42.0,42,0,0,0,zero,94
manual_screen,shock,0,145,0,4,9.0,9,0,2,2,zero,94
manual_screen,shock,0,145,1,4,37.0,37,0,1,1,zero,94
manual_screen,shock,0,145,2,4,41.0,41,0,0,0,zero,94
manual_screen,shock,0,146,0,4,11.0,11,0,2,2,zero,94
manual_screen,shock,0,146,1,4,36.0,36,0,1,1,zero,94
manual_screen,shock,0,146,2,4,40.0,40,0,0,0,zero,94
manual_screen,shock,0,147,0,3,10.0,10,0,2,2,zero,94
manual_screen,shock,0,147,1,3,35.0,35,0,1,1,zero,94
manual_screen,shock,0,147,2,3,39.0,39,0,0,0,zero,94
manual_screen,shock,0,148,0,4,12.0,12,0,0,0,zero,94
manual_screen,shock,0,148,1,4,36.0,36,0,1,1,zero,94
manual_screen,shock,0,148,2,4,38.0,38,0,0,0,zero,94
manual_screen,shock,0,149,0,4,10.0,10,0,2,2,zero,94
manual_screen,shock,0,149,1,4,35.0,35,0,0,0,zero,94
manual_screen,shock,0,149,2,4,38.0,38,0,0,0,zero,94
manual_screen,shock,0,150,0,4,8.0,8,0,4,4,zero,94
manual_screen,shock,0,150,1,4,32.0,32,0,0,0,zero,94
manual_screen,shock,0,150,2,4,38.0,38,0,0,0,zero,94
manual_screen,shock,0,151,0,4,6.0,6,0,3,3,zero,94
manual_screen,shock,0,151,1,4,30.0,30,0,1,1,zero,94
manual_screen,shock,0,151,2,4,37.0,37,0,0,0,zero,94
manual_screen,shock,0,152,0,5,1.0,1,0,9,9,zero,94
manual_screen,shock,0,152,1,5,22.0,22,0,1,1,zero,94
manual_screen,shock,0,152,2,5,36.0,36,0,0,0,zero,94
manual_screen,shock,0,153,0,4,1.0,0,1,2,2,zero,94
manual_screen,shock,0,153,1,4,20.0,20,0,1,1,zero,94
manual_screen,shock,0,153,2,4,35.0,35,0,0,0,zero,94
manual_screen,shock,0,154,0,4,1.0,0,1,2,2,zero,94
manual_screen,shock,0,154,1,4,18.0,18,0,11,11,zero,94
manual_screen,shock,0,154,2,4,24.0,24,0,0,0,zero,94
manual_screen,shock,0,155,0,4,2.0,0,2,2,2,zero,94
manual_screen,shock,0,155,1,4,17.0,17,0,1,1,zero,94
manual_screen,shock,0,155,2,4,23.0,23,0,0,0,zero,94
manual_screen,shock,0,156,0,4,3.0,3,0,6,6,zero,94
manual_screen,shock,0,156,1,4,12.0,12,0,1,1,zero,94
manual_screen,shock,0,156,2,4,22.0,22,0,0,0,zero,94
manual_screen,shock,0,157,0,3,2.0,2,0,2,2,zero,94
manual_screen,shock,0,157,1,3,11.0,11,0,1,1,zero,94
manual_screen,shock,0,157,2,3,21.0,21,0,0,0,zero,94
manual_screen,shock,0,158,0,3,1.0,1,0,2,2,zero,94
manual_screen,shock,0,158,1,3,20.0,20,0,1,1,zero,94
manual_screen,shock,0,158,2,3,20.0,20,0,0,0,zero,94
manual_screen,shock,0,159,0,3,-0.0,0,0,2,2,zero,94
manual_screen,shock,0,159,1,3,19.0,19,0,0,0,zero,94
manual_screen,shock,0,159,2,3,20.0,20,0,0,0,zero,94
manual_screen,shock,0,160,0,3,3.0,3,0,6,6,zero,94
manual_screen,shock,0,160,1,3,14.0,14,0,1,1,zero,94
manual_screen,shock,0,160,2,3,19.0,19,0,0,0,zero,94
manual_screen,shock,0,161,0,3,2.0,2,0,0,0,zero,94
manual_screen,shock,0,161,1,3,15.0,15,0,1,1,zero,94
manual_screen,shock,0,161,2,3,18.0,18,0,0,0,zero,94
manual_screen,shock,0,162,0,3,1.0,1,0,6,6,zero,94
manual_screen,shock,0,162,1,3,10.0,10,0,1,1,zero,94
manual_screen,shock,0,162,2,3,17.0,17,0,0,0,zero,94
manual_screen,shock,0,163,0,3,-0.0,0,0,0,0,zero,94
manual_screen,shock,0,163,1,3,10.0,10,0,15,15,zero,94
manual_screen,shock,0,163,2,3,2.0,2,0,0,0,zero,94
manual_screen,shock,0,164,0,3,3.0,3,0,2,2,zero,94
manual_screen,shock,0,164,1,3,9.0,9,0,0,0,zero,94
manual_screen,shock,0,164,2,3,2.0,2,0,1,1,zero,94
manual_screen,shock,0,165,0,3,-0.0,0,0,2,2,zero,94
manual_screen,shock,0,165,1,3,8.0,8,0,0,0,zero,94
manual_screen,shock,0,165,2,3,2.0,2,0,20,20,zero,94
manual_screen,shock,0,166,0,3,3.0,3,0,6,6,zero,94
manual_screen,shock,0,166,1,3,3.0,3,0,0,0,zero,94
manual_screen,shock,0,166,2,3,2.0,2,0,0,0,zero,94
manual_screen,shock,0,167,0,2,1.0,1,0,0,0,zero,94
manual_screen,shock,0,167,1,2,18.0,18,0,1,1,zero,94
manual_screen,shock,0,167,2,2,1.0,1,0,0,0,zero,94
manual_screen,shock,0,168,0,2,1.0,1,0,0,0,zero,94
manual_screen,shock,0,168,1,2,18.0,18,0,0,0,zero,94
manual_screen,shock,0,168,2,2,2.0,2,0,0,0,zero,94
manual_screen,shock,0,169,0,2,1.0,1,0,0,0,zero,94
manual_screen,shock,0,169,1,2,18.0,18,0,0,0,zero,94
manual_screen,shock,0,169,2,2,22.0,22,0,0,0,zero,94
manual_screen,shock,0,170,0,2,5.0,5,0,6,6,zero,94
manual_screen,shock,0,170,1,2,12.0,12,0,0,0,zero,94
manual_screen,shock,0,170,2,2,22.0,22,0,0,0,zero,94
manual_screen,shock,0,171,0,2,3.0,3,0,0,0,zero,94
manual_screen,shock,0,171,1,2,13.0,13,0,1,1,zero,94
manual_screen,shock,0,171,2,2,21.0,21,0,0,0,zero,94
manual_screen,shock,0,172,0,2,1.0,1,0,6,6,zero,94
manual_screen,shock,0,172,1,2,7.0,7,0,1,1,zero,94
manual_screen,shock,0,172,2,2,20.0,20,0,0,0,zero,94
manual_screen,shock,0,173,0,2,1.0,0,1,0,0,zero,94
manual_screen,shock,0,173,1,2,7.0,7,0,15,15,zero,94
manual_screen,shock,0,173,2,2,5.0,5,0,0,0,zero,94
manual_screen,shock,0,174,0,2,3.0,3,0,0,0,zero,94
manual_screen,shock,0,174,1,2,7.0,7,0,1,1,zero,94
manual_screen,shock,0,174,2,2,4.0,4,0,1,1,zero,94
manual_screen,shock,0,175,0,2,1.0,1,0,0,0,zero,94
manual_screen,shock,0,175,1,2,8.0,8,0,0,0,zero,94
manual_screen,shock,0,175,2,2,4.0,4,0,20,20,zero,94
manual_screen,shock,0,176,0,2,5.0,5,0,6,6,zero,94
manual_screen,shock,0,176,1,2,3.0,3,0,0,0,zero,94
manual_screen,shock,0,176,2,2,4.0,4,0,3,3,zero,94
manual_screen,shock,0,177,0,2,3.0,3,0,0,0,zero,94
manual_screen,shock,0,177,1,2,18.0,18,0,1,1,zero,94
manual_screen,shock,0,177,2,2,3.0,3,0,0,0,zero,94
manual_screen,shock,0,178,0,2,1.0,1,0,6,6,zero,94
manual_screen,shock,0,178,1,2,13.0,13,0,0,0,zero,94
manual_screen,shock,0,178,2,2,4.0,4,0,0,0,zero,94
manual_screen,shock,0,179,0,2,1.0,0,1,0,0,zero,94
manual_screen,shock,0,179,1,2,13.0,13,0,1,1,zero,94
manual_screen,shock,0,179,2,2,23.0,23,0,0,0,zero,94
manual_screen,shock,0,180,0,2,3.0,3,0,0,0,zero,94
manual_screen,shock,0,180,1,2,13.0,13,0,1,1,zero,94
manual_screen,shock,0,180,2,2,25.0,25,0,0,0,zero,94
manual_screen,shock,0,181,0,2,1.0,1,0,0,0,zero,94
manual_screen,shock,0,181,1,2,14.0,14,0,1,1,zero,94
manual_screen,shock,0,181,2,2,24.0,24,0,0,0,zero,94
manual_screen,shock,0,182,0,2,5.0,5,0,6,6,zero,94
manual_screen,shock,0,182,1,2,8.0,8,0,0,0,zero,94
manual_screen,shock,0,182,2,2,24.0,24,0,0,0,zero,94
manual_screen,shock,0,183,0,2,3.0,3,0,0,0,zero,94
manual_screen,shock,0,183,1,2,9.0,9,0,1,1,zero,94
manual_screen,shock,0,183,2,2,23.0,23,0,0,0,zero,94
manual_screen,shock,0,184,0,2,1.0,1,0,6,6,zero,94
manual_screen,shock,0,184,1,2,4.0,4,0,1,1,zero,94
manual_screen,shock,0,184,2,2,22.0,22,0,0,0,zero,94
manual_screen,shock,0,185,0,1,-0.0,0,0,0,0,zero,94
manual_screen,shock,0,185,1,1,5.0,5,0,15,15,zero,94
manual_screen,shock,0,185,2,1,7.0,7,0,0,0,zero,94
manual_screen,shock,0,186,0,1,5.0,5,0,0,0,zero,94
manual_screen,shock,0,186,1,1,5.0,5,0,1,1,zero,94
manual_screen,shock,0,186,2,1,6.0,6,0,1,1,zero,94
manual_screen,shock,0,187,0,1,4.0,4,0,0,0,zero,94
manual_screen,shock,0,187,1,1,6.0,6,0,0,0,zero,94
manual_screen,shock,0,187,2,1,6.0,6,0,20,20,zero,94
manual_screen,shock,0,188,0,1,9.0,9,0,0,0,zero,94
manual_screen,shock,0,188,1,1,7.0,7,0,0,0,zero,94
manual_screen,shock,0,188,2,1,6.0,6,0,0,0,zero,94
manual_screen,shock,0,189,0,1,8.0,8,0,0,0,zero,94
manual_screen,shock,0,189,1,1,22.0,22,0,0,0,zero,94
manual_screen,shock,0,189,2,1,6.0,6,0,0,0,zero,94
manual_screen,shock,0,190,0,2,6.0,6,0,0,0,zero,94
manual_screen,shock,0,190,1,2,23.0,23,0,0,0,zero,94
manual_screen,shock,0,190,2,2,7.0,7,0,0,0,zero,94
manual_screen,shock,0,191,0,2,4.0,4,0,0,0,zero,94
manual_screen,shock,0,191,1,2,23.0,23,0,0,0,zero,94
manual_screen,shock,0,191,2,2,27.0,27,0,0,0,zero,94
manual_screen,shock,0,192,0,2,2.0,2,0,2,2,zero,94
manual_screen,shock,0,192,1,2,21.0,21,0,0,0,zero,94
manual_screen,shock,0,192,2,2,27.0,27,0,0,0,zero,94
manual_screen,shock,0,193,0,2,-0.0,0,0,2,2,zero,94
manual_screen,shock,0,193,1,2,19.0,19,0,0,0,zero,94
manual_screen,shock,0,193,2,2,27.0,27,0,0,0,zero,94
manual_screen,shock,0,194,0,2,2.0,0,2,2,2,zero,94
manual_screen,shock,0,194,1,2,17.0,17,0,0,0,zero,94
manual_screen,shock,0,194,2,2,27.0,27,0,0,0,zero,94
manual_screen,shock,0,195,0,2,4.0,0,4,2,2,zero,94
manual_screen,shock,0,195,1,2,15.0,15,0,1,1,zero,94
manual_screen,shock,0,195,2,2,26.0,26,0,0,0,zero,94
manual_screen,shock,0,196,0,2,4.0,0,4,6,6,zero,94
manual_screen,shock,0,196,1,2,9.0,9,0,1,1,zero,94
manual_screen,shock,0,196,2,2,25.0,25,0,0,0,zero,94
manual_screen,shock,0,197,0,2,4.0,0,4,0,0,zero,94
manual_screen,shock,0,197,1,2,9.0,9,0,15,15,zero,94
manual_screen,shock,0,197,2,2,10.0,10,0,0,0,zero,94
manual_screen,shock,0,198,0,2,4.0,0,4,6,6,zero,94
manual_screen,shock,0,198,1,2,3.0,3,0,0,0,zero,94
manual_screen,shock,0,198,2,2,10.0,10,0,1,1,zero,94
manual_screen,shock,0,199,0,2,4.0,0,4,0,0,zero,94
manual_screen,shock,0,199,1,2,4.0,4,0,1,1,zero,94
manual_screen,shock,0,199,2,2,9.0,9,0,0,0,zero,94
manual_screen,shock,0,200,0,2,-0.0,0,0,6,6,zero,94
manual_screen,shock,0,200,1,2,1.0,0,1,1,1,zero,94
manual_screen,shock,0,200,2,2,8.0,8,0,1,1,zero,94
manual_screen,shock,1,1,0,10,10.0,10,0,10,10,zero,
manual_screen,shock,1,1,1,10,10.0,10,0,15,15,zero,
manual_screen,shock,1,1,2,10,5.0,5,0,0,0,zero,
manual_screen,shock,1,2,0,10,10.0,10,0,10,10,zero,
manual_screen,shock,1,2,1,10,10.0,10,0,1,1,zero,
manual_screen,shock,1,2,2,10,14.0,14,0,20,20,zero,
manual_screen,shock,1,3,0,11,9.0,9,0,10,10,zero,
manual_screen,shock,1,3,1,11,10.0,10,0,15,15,zero,
manual_screen,shock,1,3,2,11,9.0,9,0,3,3,zero,
manual_screen,shock,1,4,0,14,5.0,5,0,10,10,zero,
manual_screen,shock,1,4,1,14,10.0,10,0,15,15,zero,
manual_screen,shock,1,4,2,14,4.0,4,0,20,20,zero,
manual_screen,shock,1,5,0,15,-0.0,0,0,19,19,zero,
manual_screen,shock,1,5,1,15,6.0,6,0,15,15,zero,
manual_screen,shock,1,5,2,15,11.0,0,11,20,20,zero,
manual_screen,shock,1,6,0,14,4.0,0,4,19,19,zero,
manual_screen,shock,1,6,1,14,12.0,0,12,15,15,zero,
manual_screen,shock,1,6,2,14,6.0,0,6,20,20,zero,
manual_screen,shock,1,7,0,12,6.0,0,6,19,19,zero,
manual_screen,shock,1,7,1,12,16.0,0,16,15,15,zero,
manual_screen,shock,1,7,2,12,18.0,0,18,20,20,zero,
manual_screen,shock,1,8,0,12,8.0,0,8,10,10,zero,
manual_screen,shock,1,8,1,12,11.0,0,11,15,15,zero,
manual_screen,shock,1,8,2,12,13.0,0,13,0,0,zero,
manual_screen,shock,1,9,0,11,-0.0,0,0,10,10,zero,
manual_screen,shock,1,9,1,11,17.0,0,17,15,15,zero,
manual_screen,shock,1,9,2,11,8.0,0,8,20,20,zero,
manual_screen,shock,1,10,0,10,3.0,0,3,10,10,zero,
manual_screen,shock,1,10,1,10,7.0,0,7,15,15,zero,
manual_screen,shock,1,10,2,10,3.0,0,3,20,20,zero,
manual_screen,shock,1,11,0,9,3.0,3,0,6,6,zero,
manual_screen,shock,1,11,1,9,10.0,0,10,0,0,zero,
manual_screen,shock,1,11,2,9,17.0,17,0,20,20,zero,
manual_screen,shock,1,12,0,9,9.0,9,0,6,6,zero,
manual_screen,shock,1,12,1,9,4.0,4,0,0,0,zero,
manual_screen,shock,1,12,2,9,17.0,17,0,0,0,zero,
manual_screen,shock,1,13,0,8,5.0,5,0,2,2,zero,
manual_screen,shock,1,13,1,8,22.0,22,0,12,12,zero,
manual_screen,shock,1,13,2,8,25.0,25,0,0,0,zero,
manual_screen,shock,1,14,0,10,15.0,15,0,6,6,zero,
manual_screen,shock,1,14,1,10,36.0,36,0,0,0,zero,
manual_screen,shock,1,14,2,10,45.0,45,0,0,0,zero,
manual_screen,shock,1,15,0,10,8.0,8,0,6,6,zero,
manual_screen,shock,1,15,1,10,33.0,33,0,1,1,zero,
manual_screen,shock,1,15,2,10,64.0,64,0,0,0,zero,
manual_screen,shock,1,16,0,9,15.0,15,0,9,9,zero,
manual_screen,shock,1,16,1,9,24.0,24,0,12,12,zero,
manual_screen,shock,1,16,2,9,52.0,52,0,0,0,zero,
manual_screen,shock,1,17,0,9,8.0,8,0,9,9,zero,
manual_screen,shock,1,17,1,9,27.0,27,0,15,15,zero,
manual_screen,shock,1,17,2,9,37.0,37,0,0,0,zero,
manual_screen,shock,1,18,0,9,5.0,5,0,9,9,zero,
manual_screen,shock,1,18,1,9,18.0,18,0,15,15,zero,
manual_screen,shock,1,18,2,9,22.0,22,0,16,16,zero,
manual_screen,shock,1,19,0,7,4.0,4,0,9,9,zero,
manual_screen,shock,1,19,1,7,10.0,10,0,1,1,zero,
manual_screen,shock,1,19,2,7,21.0,21,0,20,20,zero,
manual_screen,shock,1,20,0,7,6.0,6,0,4,4,zero,
manual_screen,shock,1,20,1,7,18.0,18,0,1,1,zero,
manual_screen,shock,1,20,2,7,20.0,20,0,0,0,zero,
manual_screen,shock,1,21,0,7,8.0,8,0,6,6,zero,
manual_screen,shock,1,21,1,7,27.0,27,0,1,1,zero,
manual_screen,shock,1,21,2,7,19.0,19,0,0,0,zero,
manual_screen,shock,1,22,0,9,8.0,8,0,6,6,zero,
manual_screen,shock,1,22,1,9,36.0,36,0,1,1,zero,
manual_screen,shock,1,22,2,9,34.0,34,0,0,0,zero,
manual_screen,shock,1,23,0,10,7.0,7,0,19,19,zero,
manual_screen,shock,1,23,1,10,18.0,18,0,1,1,zero,
manual_screen,shock,1,23,2,10,53.0,53,0,0,0,zero,
manual_screen,shock,1,24,0,11,-0.0,0,0,9,9,zero,
manual_screen,shock,1,24,1,11,10.0,10,0,15,15,zero,
manual_screen,shock,1,24,2,11,38.0,38,0,0,0,zero,
manual_screen,shock,1,25,0,12,6.0,0,6,9,9,zero,
manual_screen,shock,1,25,1,12,2.0,2,0,15,15,zero,
manual_screen,shock,1,25,2,12,23.0,23,0,0,0,zero,
manual_screen,shock,1,26,0,12,12.0,0,12,10,10,zero,
manual_screen,shock,1,26,1,12,7.0,0,7,15,15,zero,
manual_screen,shock,1,26,2,12,8.0,8,0,20,20,zero,
manual_screen,shock,1,27,0,13,6.0,0,6,10,10,zero,
manual_screen,shock,1,27,1,13,16.0,0,16,3,3,zero,
manual_screen,shock,1,27,2,13,5.0,5,0,20,20,zero,
manual_screen,shock,1,28,0,12,9.0,0,9,19,19,zero,
manual_screen,shock,1,28,1,12,20.0,0,20,18,18,zero,
manual_screen,shock,1,28,2,12,13.0,0,13,0,0,zero,
manual_screen,shock,1,29,0,13,13.0,0,13,10,10,zero,
manual_screen,shock,1,29,1,13,15.0,0,15,18,18,zero,
manual_screen,shock,1,29,2,13,31.0,0,31,20,20,zero,
manual_screen,shock,1,30,0,11,21.0,0,21,19,19,zero,
manual_screen,shock,1,30,1,11,19.0,0,19,18,18,zero,
manual_screen,shock,1,30,2,11,29.0,0,29,20,20,zero,
manual_screen,shock,1,31,0,13,33.0,0,33,19,19,zero,
manual_screen,shock,1,31,1,13,35.0,0,35,18,18,zero,
manual_screen,shock,1,31,2,13,27.0,0,27,20,20,zero,
manual_screen,shock,1,32,0,13,31.0,0,31,17,17,zero,
manual_screen,shock,1,32,1,13,47.0,0,47,18,18,zero,
manual_screen,shock,1,32,2,13,45.0,0,45,20,20,zero,
manual_screen,shock,1,33,0,13,29.0,0,29,10,10,zero,
manual_screen,shock,1,33,1,13,57.0,0,57,18,18,zero,
manual_screen,shock,1,33,2,13,43.0,0,43,20,20,zero,
manual_screen,shock,1,34,0,14,28.0,0,28,19,19,zero,
manual_screen,shock,1,34,1,14,56.0,0,56,18,18,zero,
manual_screen,shock,1,34,2,14,41.0,0,41,20,20,zero,
manual_screen,shock,1,35,0,15,40.0,0,40,10,10,zero,
manual_screen,shock,1,35,1,15,46.0,0,46,18,18,zero,
manual_screen,shock,1,35,2,15,39.0,0,39,20,20,zero,
manual_screen,shock,1,36,0,15,50.0,0,50,19,19,zero,
manual_screen,shock,1,36,1,15,65.0,0,65,18,18,zero,
manual_screen,shock,1,36,2,15,37.0,0,37,20,20,zero,
manual_screen,shock,1,37,0,14,64.0,0,64,17,17,zero,
manual_screen,shock,1,37,1,14,62.0,0,62,18,18,zero,
manual_screen,shock,1,37,2,14,35.0,0,35,20,20,zero,
manual_screen,shock,1,38,0,14,58.0,0,58,17,17,zero,
manual_screen,shock,1,38,1,14,59.0,0,59,18,18,zero,
manual_screen,shock,1,38,2,14,33.0,0,33,20,20,zero,
manual_screen,shock,1,39,0,14,52.0,0,52,17,17,zero,
manual_screen,shock,1,39,1,14,56.0,0,56,18,18,zero,
manual_screen,shock,1,39,2,14,31.0,0,31,20,20,zero,
manual_screen,shock,1,40,0,13,65.0,0,65,17,17,zero,
manual_screen,shock,1,40,1,13,53.0,0,53,18,18,zero,
manual_screen,shock,1,40,2,13,29.0,0,29,20,20,zero,
manual_screen,shock,1,41,0,13,58.0,0,58,17,17,zero,
manual_screen,shock,1,41,1,13,50.0,0,50,18,18,zero,
manual_screen,shock,1,41,2,13,27.0,0,27,20,20,zero,
manual_screen,shock,1,42,0,13,51.0,0,51,10,10,zero,
manual_screen,shock,1,42,1,13,40.0,0,40,18,18,zero,
manual_screen,shock,1,42,2,13,25.0,0,25,20,20,zero,
manual_screen,shock,1,43,0,12,43.0,0,43,10,10,zero,
manual_screen,shock,1,43,1,12,30.0,0,30,18,18,zero,
manual_screen,shock,1,43,2,12,23.0,0,23,20,20,zero,
manual_screen,shock,1,44,0,12,35.0,0,35,10,10,zero,
manual_screen,shock,1,44,1,12,20.0,0,20,0,0,zero,
manual_screen,shock,1,44,2,12,3.0,0,3,20,20,zero,
manual_screen,shock,1,45,0,11,26.0,0,26,6,6,zero,
manual_screen,shock,1,45,1,11,6.0,0,6,0,0,zero,
manual_screen,shock,1,45,2,11,17.0,17,0,1,1,zero,
manual_screen,shock,1,46,0,10,16.0,0,16,6,6,zero,
manual_screen,shock,1,46,1,10,8.0,8,0,18,18,zero,
manual_screen,shock,1,46,2,10,19.0,19,0,0,0,zero,
manual_screen,shock,1,47,0,10,6.0,0,6,6,6,zero,
manual_screen,shock,1,47,1,10,22.0,22,0,0,0,zero,
manual_screen,shock,1,47,2,10,39.0,39,0,16,16,zero,
manual_screen,shock,1,48,0,9,5.0,5,0,6,6,zero,
manual_screen,shock,1,48,1,9,36.0,36,0,0,0,zero,
manual_screen,shock,1,48,2,9,59.0,59,0,1,1,zero,
manual_screen,shock,1,49,0,9,16.0,16,0,10,10,zero,
manual_screen,shock,1,49,1,9,29.0,29,0,12,12,zero,
manual_screen,shock,1,49,2,9,48.0,48,0,0,0,zero,
manual_screen,shock,1,50,0,8,20.0,20,0,10,10,zero,
manual_screen,shock,1,50,1,8,37.0,37,0,12,12,zero,
manual_screen,shock,1,50,2,8,36.0,36,0,0,0,zero,
manual_screen,shock,1,51,0,8,18.0,18,0,6,6,zero,
manual_screen,shock,1,51,1,8,31.0,31,0,15,15,zero,
manual_screen,shock,1,51,2,8,37.0,37,0,1,1,zero,
manual_screen,shock,1,52,0,8,16.0,16,0,6,6,zero,
manual_screen,shock,1,52,1,8,25.0,25,0,3,3,zero,
manual_screen,shock,1,52,2,8,35.0,35,0,20,20,zero,
manual_screen,shock,1,53,0,8,18.0,18,0,6,6,zero,
manual_screen,shock,1,53,1,8,31.0,31,0,1,1,zero,
manual_screen,shock,1,53,2,8,34.0,34,0,0,0,zero,
manual_screen,shock,1,54,0,8,20.0,20,0,6,6,zero,
manual_screen,shock,1,54,1,8,37.0,37,0,1,1,zero,
manual_screen,shock,1,54,2,8,33.0,33,0,0,0,zero,
manual_screen,shock,1,55,0,6,20.0,20,0,9,9,zero,
manual_screen,shock,1,55,1,6,43.0,43,0,1,1,zero,
manual_screen,shock,1,55,2,6,33.0,33,0,0,0,zero,
manual_screen,shock,1,56,0,6,20.0,20,0,2,2,zero,
manual_screen,shock,1,56,1,6,44.0,44,0,1,1,zero,
manual_screen,shock,1,56,2,6,52.0,52,0,0,0,zero,
manual_screen,shock,1,57,0,5,21.0,21,0,2,2,zero,
manual_screen,shock,1,57,1,5,43.0,43,0,1,1,zero,
manual_screen,shock,1,57,2,5,51.0,51,0,0,0,zero,
manual_screen,shock,1,58,0,6,21.0,21,0,2,2,zero,
manual_screen,shock,1,58,1,6,42.0,42,0,1,1,zero,
manual_screen,shock,1,58,2,6,50.0,50,0,0,0,zero,
manual_screen,shock,1,59,0,7,23.0,23,0,2,2,zero,
manual_screen,shock,1,59,1,7,41.0,41,0,1,1,zero,
manual_screen,shock,1,59,2,7,49.0,49,0,0,0,zero,
manual_screen,shock,1,60,0,7,18.0,18,0,3,3,zero,
manual_screen,shock,1,60,1,7,39.0,39,0,1,1,zero,
manual_screen,shock,1,60,2,7,48.0,48,0,0,0,zero,
manual_screen,shock,1,61,0,8,12.0,12,0,9,9,zero,
manual_screen,shock,1,61,1,8,31.0,31,0,1,1,zero,
manual_screen,shock,1,61,2,8,47.0,47,0,0,0,zero,
manual_screen,shock,1,62,0,7,7.0,7,0,9,9,zero,
manual_screen,shock,1,62,1,7,23.0,23,0,1,1,zero,
manual_screen,shock,1,62,2,7,46.0,46,0,0,0,zero,
manual_screen,shock,1,63,0,7,2.0,2,0,9,9,zero,
manual_screen,shock,1,63,1,7,15.0,15,0,15,15,zero,
manual_screen,shock,1,63,2,7,31.0,31,0,0,0,zero,
manual_screen,shock,1,64,0,7,2.0,0,2,3,3,zero,
manual_screen,shock,1,64,1,7,13.0,13,0,15,15,zero,
manual_screen,shock,1,64,2,7,16.0,16,0,0,0,zero,
manual_screen,shock,1,65,0,8,1.0,0,1,6,6,zero,
manual_screen,shock,1,65,1,8,8.0,8,0,1,1,zero,
manual_screen,shock,1,65,2,8,15.0,15,0,20,20,zero,
manual_screen,shock,1,66,0,7,1.0,1,0,10,10,zero,
manual_screen,shock,1,66,1,7,1.0,0,1,1,1,zero,
manual_screen,shock,1,66,2,7,14.0,14,0,3,3,zero,
manual_screen,shock,1,67,0,6,4.0,4,0,6,6,zero,
manual_screen,shock,1,67,1,6,8.0,8,0,15,15,zero,
manual_screen,shock,1,67,2,6,1.0,0,1,0,0,zero,
manual_screen,shock,1,68,0,7,-0.0,0,0,6,6,zero,
manual_screen,shock,1,68,1,7,17.0,17,0,1,1,zero,
manual_screen,shock,1,68,2,7,2.0,0,2,0,0,zero,
manual_screen,shock,1,69,0,7,1.0,0,1,6,6,zero,
manual_screen,shock,1,69,1,7,12.0,12,0,15,15,zero,
manual_screen,shock,1,69,2,7,3.0,3,0,0,0,zero,
manual_screen,shock,1,70,0,6,2.0,2,0,10,10,zero,
manual_screen,shock,1,70,1,6,3.0,3,0,1,1,zero,
manual_screen,shock,1,70,2,6,5.0,5,0,20,20,zero,
manual_screen,shock,1,71,0,7,2.0,2,0,6,6,zero,
manual_screen,shock,1,71,1,7,11.0,11,0,15,15,zero,
manual_screen,shock,1,71,2,7,10.0,0,10,20,20,zero,
manual_screen,shock,1,72,0,8,-0.0,0,0,6,6,zero,
manual_screen,shock,1,72,1,8,5.0,5,0,3,3,zero,
manual_screen,shock,1,72,2,8,13.0,0,13,20,20,zero,
manual_screen,shock,1,73,0,8,2.0,0,2,10,10,zero,
manual_screen,shock,1,73,1,8,12.0,12,0,15,15,zero,
manual_screen,shock,1,73,2,8,28.0,0,28,0,0,zero,
manual_screen,shock,1,74,0,8,-0.0,0,0,10,10,zero,
manual_screen,shock,1,74,1,8,3.0,3,0,15,15,zero,
manual_screen,shock,1,74,2,8,23.0,0,23,20,20,zero,
manual_screen,shock,1,75,0,7,1.0,0,1,10,10,zero,
manual_screen,shock,1,75,1,7,2.0,0,2,3,3,zero,
manual_screen,shock,1,75,2,7,6.0,0,6,20,20,zero,
manual_screen,shock,1,76,0,7,2.0,0,2,6,6,zero,
manual_screen,shock,1,76,1,7,8.0,0,8,3,3,zero,
manual_screen,shock,1,76,2,7,11.0,11,0,0,0,zero,
manual_screen,shock,1,77,0,7,1.0,1,0,6,6,zero,
manual_screen,shock,1,77,1,7,14.0,0,14,0,0,zero,
manual_screen,shock,1,77,2,7,11.0,11,0,0,0,zero,
manual_screen,shock,1,78,0,8,3.0,3,0,10,10,zero,
manual_screen,shock,1,78,1,8,4.0,0,4,1,1,zero,
manual_screen,shock,1,78,2,8,30.0,30,0,0,0,zero,
manual_screen,shock,1,79,0,8,3.0,3,0,6,6,zero,
manual_screen,shock,1,79,1,8,10.0,10,0,20,20,zero,
manual_screen,shock,1,79,2,8,30.0,30,0,0,0,zero,
manual_screen,shock,1,80,0,7,4.0,0,4,6,6,zero,
manual_screen,shock,1,80,1,7,13.0,13,0,0,0,zero,
manual_screen,shock,1,80,2,7,30.0,30,0,16,16,zero,
manual_screen,shock,1,81,0,7,11.0,0,11,6,6,zero,
manual_screen,shock,1,81,1,7,7.0,7,0,12,12,zero,
manual_screen,shock,1,81,2,7,18.0,18,0,0,0,zero,
manual_screen,shock,1,82,0,7,2.0,2,0,6,6,zero,
manual_screen,shock,1,82,1,7,2.0,2,0,3,3,zero,
manual_screen,shock,1,82,2,7,15.0,15,0,1,1,zero,
manual_screen,shock,1,83,0,7,5.0,5,0,10,10,zero,
manual_screen,shock,1,83,1,7,12.0,12,0,12,12,zero,
manual_screen,shock,1,83,2,7,3.0,3,0,16,16,zero,
manual_screen,shock,1,84,0,11,-0.0,0,0,6,6,zero,
manual_screen,shock,1,84,1,11,6.0,6,0,15,15,zero,
manual_screen,shock,1,84,2,11,4.0,4,0,20,20,zero,
manual_screen,shock,1,85,0,12,6.0,0,6,19,19,zero,
manual_screen,shock,1,85,1,12,1.0,0,1,3,3,zero,
manual_screen,shock,1,85,2,12,1.0,1,0,20,20,zero,
manual_screen,shock,1,86,0,12,12.0,0,12,10,10,zero,86
manual_screen,shock,1,86,1,12,8.0,0,8,15,15,zero,86
manual_screen,shock,1,86,2,12,13.0,0,13,0,0,zero,86
manual_screen,shock,1,87,0,11,13.0,0,13,19,19,zero,86
manual_screen,shock,1,87,1,11,15.0,0,15,15,15,zero,86
manual_screen,shock,1,87,2,11,12.0,0,12,20,20,zero,86
manual_screen,shock,1,88,0,11,18.0,0,18,10,10,zero,86
manual_screen,shock,1,88,1,11,10.0,0,10,15,15,zero,86
manual_screen,shock,1,88,2,11,7.0,0,7,20,20,zero,86
manual_screen,shock,1,89,0,11,11.0,0,11,10,10,zero,86
manual_screen,shock,1,89,1,11,17.0,0,17,15,15,zero,86
manual_screen,shock,1,89,2,11,2.0,0,2,20,20,zero,86
manual_screen,shock,1,90,0,11,19.0,0,19,19,19,zero,86
manual_screen,shock,1,90,1,11,34.0,0,34,3,3,zero,86
manual_screen,shock,1,90,2,11,5.0,0,5,20,20,zero,86
manual_screen,shock,1,91,0,11,18.0,0,18,10,10,zero,86
manual_screen,shock,1,91,1,11,28.0,0,28,18,18,zero,86
manual_screen,shock,1,91,2,11,3.0,0,3,0,0,zero,86
manual_screen,shock,1,92,0,11,14.0,0,14,10,10,zero,86
manual_screen,shock,1,92,1,11,18.0,0,18,18,18,zero,86
manual_screen,shock,1,92,2,11,1.0,0,1,16,16,zero,86
manual_screen,shock,1,93,0,11,22.0,0,22,10,10,zero,86
manual_screen,shock,1,93,1,11,8.0,0,8,18,18,zero,86
manual_screen,shock,1,93,2,11,1.0,1,0,20,20,zero,86
manual_screen,shock,1,94,0,11,31.0,0,31,19,19,zero,86
manual_screen,shock,1,94,1,11,27.0,0,27,0,0,zero,86
manual_screen,shock,1,94,2,11,21.0,21,0,20,20,zero,86
manual_screen,shock,1,95,0,9,24.0,0,24,10,10,zero,86
manual_screen,shock,1,95,1,9,17.0,0,17,18,18,zero,86
manual_screen,shock,1,95,2,9,3.0,3,0,0,0,zero,86
manual_screen,shock,1,96,0,8,12.0,0,12,6,6,zero,86
manual_screen,shock,1,96,1,8,3.0,0,3,18,18,zero,86
manual_screen,shock,1,96,2,8,1.0,1,0,2,2,zero,86
manual_screen,shock,1,97,0,8,-0.0,0,0,6,6,zero,86
manual_screen,shock,1,97,1,8,10.0,10,0,18,18,zero,86
manual_screen,shock,1,97,2,8,3.0,3,0,20,20,zero,86
manual_screen,shock,1,98,0,9,9.0,0,9,6,6,zero,86
manual_screen,shock,1,98,1,9,4.0,4,0,0,0,zero,86
manual_screen,shock,1,98,2,9,23.0,23,0,20,20,zero,86
manual_screen,shock,1,99,0,8,3.0,3,0,6,6,zero,86
manual_screen,shock,1,99,1,8,16.0,16,0,0,0,zero,86
manual_screen,shock,1,99,2,8,23.0,23,0,0,0,zero,86
manual_screen,shock,1,100,0,8,15.0,15,0,6,6,zero,86
manual_screen,shock,1,100,1,8,28.0,28,0,12,12,zero,86
manual_screen,shock,1,100,2,8,13.0,13,0,0,0,zero,86
manual_screen,shock,1,101,0,8,16.0,16,0,10,10,zero,86
manual_screen,shock,1,101,1,8,36.0,36,0,0,0,zero,86
manual_screen,shock,1,101,2,8,33.0,33,0,0,0,zero,86
manual_screen,shock,1,102,0,8,14.0,14,0,9,9,zero,86
manual_screen,shock,1,102,1,8,27.0,27,0,12,12,zero,86
manual_screen,shock,1,102,2,8,41.0,41,0,0,0,zero,86
manual_screen,shock,1,103,0,8,12.0,12,0,9,9,zero,86
manual_screen,shock,1,103,1,8,18.0,18,0,15,15,zero,86
manual_screen,shock,1,103,2,8,26.0,26,0,1,1,zero,86
manual_screen,shock,1,104,0,6,12.0,12,0,2,2,zero,86
manual_screen,shock,1,104,1,6,28.0,28,0,15,15,zero,86
manual_screen,shock,1,104,2,6,11.0,11,0,20,20,zero,86
manual_screen,shock,1,105,0,5,17.0,17,0,6,6,zero,86
manual_screen,shock,1,105,1,5,22.0,22,0,0,0,zero,86
manual_screen,shock,1,105,2,5,11.0,11,0,20,20,zero,86
manual_screen,shock,1,106,0,5,21.0,21,0,2,2,zero,86
manual_screen,shock,1,106,1,5,32.0,32,0,1,1,zero,86
manual_screen,shock,1,106,2,5,10.0,10,0,0,0,zero,86
manual_screen,shock,1,107,0,6,24.0,24,0,0,0,zero,86
manual_screen,shock,1,107,1,6,47.0,47,0,0,0,zero,86
manual_screen,shock,1,107,2,6,11.0,11,0,0,0,zero,86
manual_screen,shock,1,108,0,5,21.0,21,0,2,2,zero,86
manual_screen,shock,1,108,1,5,60.0,60,0,0,0,zero,86
manual_screen,shock,1,108,2,5,31.0,31,0,0,0,zero,86
manual_screen,shock,1,109,0,5,22.0,22,0,2,2,zero,86
manual_screen,shock,1,109,1,5,58.0,58,0,0,0,zero,86
manual_screen,shock,1,109,2,5,51.0,51,0,0,0,zero,86
manual_screen,shock,1,110,0,5,19.0,19,0,2,2,zero,86
manual_screen,shock,1,110,1,5,57.0,57,0,0,0,zero,86
manual_screen,shock,1,110,2,5,51.0,51,0,0,0,zero,86
manual_screen,shock,1,111,0,4,15.0,15,0,3,3,zero,86
manual_screen,shock,1,111,1,4,54.0,54,0,0,0,zero,86
manual_screen,shock,1,111,2,4,51.0,51,0,0,0,zero,86
manual_screen,shock,1,112,0,4,13.0,13,0,2,2,zero,86
manual_screen,shock,1,112,1,4,52.0,52,0,0,0,zero,86
manual_screen,shock,1,112,2,4,51.0,51,0,0,0,zero,86
manual_screen,shock,1,113,0,4,11.0,11,0,2,2,zero,86
manual_screen,shock,1,113,1,4,50.0,50,0,1,1,zero,86
manual_screen,shock,1,113,2,4,50.0,50,0,0,0,zero,86
manual_screen,shock,1,114,0,5,8.0,8,0,2,2,zero,86
manual_screen,shock,1,114,1,5,48.0,48,0,1,1,zero,86
manual_screen,shock,1,114,2,5,49.0,49,0,0,0,zero,86
manual_screen,shock,1,115,0,5,6.0,6,0,9,9,zero,86
manual_screen,shock,1,115,1,5,39.0,39,0,1,1,zero,86
manual_screen,shock,1,115,2,5,48.0,48,0,0,0,zero,86
manual_screen,shock,1,116,0,4,4.0,4,0,3,3,zero,86
manual_screen,shock,1,116,1,4,36.0,36,0,1,1,zero,86
manual_screen,shock,1,116,2,4,47.0,47,0,0,0,zero,86
manual_screen,shock,1,117,0,5,1.0,1,0,4,4,zero,86
manual_screen,shock,1,117,1,5,33.0,33,0,1,1,zero,86
manual_screen,shock,1,117,2,5,46.0,46,0,0,0,zero,86
manual_screen,shock,1,118,0,5,2.0,0,2,2,2,zero,86
manual_screen,shock,1,118,1,5,32.0,32,0,1,1,zero,86
manual_screen,shock,1,118,2,5,45.0,45,0,0,0,zero,86
manual_screen,shock,1,119,0,4,3.0,3,0,6,6,zero,86
manual_screen,shock,1,119,1,4,27.0,27,0,1,1,zero,86
manual_screen,shock,1,119,2,4,44.0,44,0,0,0,zero,86
manual_screen,shock,1,120,0,4,2.0,2,0,2,2,zero,86
manual_screen,shock,1,120,1,4,26.0,26,0,1,1,zero,86
manual_screen,shock,1,120,2,4,43.0,43,0,0,0,zero,86
manual_screen,shock,1,121,0,4,2.0,2,0,6,6,zero,86
manual_screen,shock,1,121,1,4,21.0,21,0,1,1,zero,86
manual_screen,shock,1,121,2,4,42.0,42,0,0,0,zero,86
manual_screen,shock,1,122,0,4,-0.0,0,0,2,2,zero,86
manual_screen,shock,1,122,1,4,20.0,20,0,1,1,zero,86
manual_screen,shock,1,122,2,4,41.0,41,0,0,0,zero,86
manual_screen,shock,1,123,0,4,2.0,2,0,6,6,zero,86
manual_screen,shock,1,123,1,4,15.0,15,0,1,1,zero,86
manual_screen,shock,1,123,2,4,40.0,40,0,0,0,zero,86
manual_screen,shock,1,124,0,4,-0.0,0,0,2,2,zero,86
manual_screen,shock,1,124,1,4,14.0,14,0,15,15,zero,86
manual_screen,shock,1,124,2,4,25.0,25,0,0,0,zero,86
manual_screen,shock,1,125,0,4,2.0,2,0,2,2,zero,86
manual_screen,shock,1,125,1,4,13.0,13,0,1,1,zero,86
manual_screen,shock,1,125,2,4,24.0,24,0,0,0,zero,86
manual_screen,shock,1,126,0,4,-0.0,0,0,6,6,zero,86
manual_screen,shock,1,126,1,4,8.0,8,0,1,1,zero,86
manual_screen,shock,1,126,2,4,23.0,23,0,0,0,zero,86
manual_screen,shock,1,127,0,5,1.0,1,0,6,6,zero,86
manual_screen,shock,1,127,1,5,3.0,3,0,1,1,zero,86
manual_screen,shock,1,127,2,5,22.0,22,0,0,0,zero,86
manual_screen,shock,1,128,0,5,2.0,0,2,6,6,zero,86
manual_screen,shock,1,128,1,5,12.0,12,0,1,1,zero,86
manual_screen,shock,1,128,2,5,21.0,21,0,0,0,zero,86
manual_screen,shock,1,129,0,5,5.0,0,5,6,6,zero,86
manual_screen,shock,1,129,1,5,7.0,7,0,15,15,zero,86
manual_screen,shock,1,129,2,5,6.0,6,0,0,0,zero,86
manual_screen,shock,1,130,0,4,3.0,0,3,6,6,zero,86
manual_screen,shock,1,130,1,4,2.0,2,0,1,1,zero,86
manual_screen,shock,1,130,2,4,5.0,5,0,1,1,zero,86
manual_screen,shock,1,131,0,4,1.0,0,1,6,6,zero,86
manual_screen,shock,1,131,1,4,3.0,0,3,15,15,zero,86
manual_screen,shock,1,131,2,4,10.0,0,10,20,20,zero,86
manual_screen,shock,1,132,0,4,1.0,1,0,6,6,zero,86
manual_screen,shock,1,132,1,4,8.0,0,8,15,15,zero,86
manual_screen,shock,1,132,2,4,25.0,0,25,20,20,zero,86
manual_screen,shock,1,133,0,4,3.0,3,0,6,6,zero,86
manual_screen,shock,1,133,1,4,1.0,1,0,15,15,zero,86
manual_screen,shock,1,133,2,4,40.0,0,40,20,20,zero,86
manual_screen,shock,1,134,0,4,5.0,5,0,0,0,zero,86
manual_screen,shock,1,134,1,4,2.0,2,0,15,15,zero,86
manual_screen,shock,1,134,2,4,54.0,0,54,20,20,zero,86
manual_screen,shock,1,135,0,4,4.0,4,0,6,6,zero,86
manual_screen,shock,1,135,1,4,1.0,1,0,3,3,zero,86
manual_screen,shock,1,135,2,4,37.0,0,37,20,20,zero,86
manual_screen,shock,1,136,0,4,1.0,1,0,0,0,zero,86
manual_screen,shock,1,136,1,4,1.0,1,0,0,0,zero,86
manual_screen,shock,1,136,2,4,17.0,0,17,0,0,zero,86
manual_screen,shock,1,137,0,3,12.0,12,0,6,6,zero,86
manual_screen,shock,1,137,1,3,5.0,0,5,0,0,zero,86
manual_screen,shock,1,137,2,3,3.0,3,0,0,0,zero,86
manual_screen,shock,1,138,0,3,9.0,9,0,2,2,zero,86
manual_screen,shock,1,138,1,3,6.0,0,6,0,0,zero,86
manual_screen,shock,1,138,2,3,23.0,23,0,0,0,zero,86
manual_screen,shock,1,139,0,3,12.0,12,0,0,0,zero,86
manual_screen,shock,1,139,1,3,14.0,14,0,0,0,zero,86
manual_screen,shock,1,139,2,3,43.0,43,0,0,0,zero,86
manual_screen,shock,1,140,0,2,10.0,10,0,0,0,zero,86
manual_screen,shock,1,140,1,2,34.0,34,0,0,0,zero,86
manual_screen,shock,1,140,2,2,43.0,43,0,0,0,zero,86
manual_screen,shock,1,141,0,2,9.0,9,0,0,0,zero,86
manual_screen,shock,1,141,1,2,51.0,51,0,0,0,zero,86
manual_screen,shock,1,141,2,2,43.0,43,0,0,0,zero,86
manual_screen,shock,1,142,0,2,8.0,8,0,0,0,zero,86
manual_screen,shock,1,142,1,2,51.0,51,0,0,0,zero,86
manual_screen,shock,1,142,2,2,43.0,43,0,0,0,zero,86
manual_screen,shock,1,143,0,2,12.0,12,0,0,0,zero,86
manual_screen,shock,1,143,1,2,51.0,51,0,0,0,zero,86
manual_screen,shock,1,143,2,2,43.0,43,0,0,0,zero,86
manual_screen,shock,1,144,0,2,10.0,10,0,0,0,zero,86
manual_screen,shock,1,144,1,2,51.0,51,0,0,0,zero,86
manual_screen,shock,1,144,2,2,43.0,43,0,0,0,zero,86
manual_screen,shock,1,145,0,2,8.0,8,0,0,0,zero,86
manual_screen,shock,1,145,1,2,51.0,51,0,0,0,zero,86
manual_screen,shock,1,145,2,2,43.0,43,0,0,0,zero,86
manual_screen,shock,1,146,0,2,6.0,6,0,2,2,zero,86
manual_screen,shock,1,146,1,2,49.0,49,0,0,0,zero,86
manual_screen,shock,1,146,2,2,43.0,43,0,0,0,zero,86
manual_screen,shock,1,147,0,2,4.0,4,0,0,0,zero,86
manual_screen,shock,1,147,1,2,49.0,49,0,0,0,zero,86
manual_screen,shock,1,147,2,2,43.0,43,0,0,0,zero,86
manual_screen,shock,1,148,0,2,2.0,2,0,2,2,zero,86
manual_screen,shock,1,148,1,2,47.0,47,0,0,0,zero,86
manual_screen,shock,1,148,2,2,43.0,43,0,0,0,zero,86
manual_screen,shock,1,149,0,2,-0.0,0,0,2,2,zero,86
manual_screen,shock,1,149,1,2,45.0,45,0,0,0,zero,86
manual_screen,shock,1,149,2,2,43.0,43,0,0,0,zero,86
manual_screen,shock,1,150,0,2,-0.0,0,0,2,2,zero,86
manual_screen,shock,1,150,1,2,43.0,43,0,0,0,zero,86
manual_screen,shock,1,150,2,2,43.0,43,0,0,0,zero,86
manual_screen,shock,1,151,0,2,2.0,0,2,0,0,zero,86
manual_screen,shock,1,151,1,2,43.0,43,0,1,1,zero,86
manual_screen,shock,1,151,2,2,42.0,42,0,0,0,zero,86
manual_screen,shock,1,152,0,2,2.0,0,2,6,6,zero,86
manual_screen,shock,1,152,1,2,37.0,37,0,0,0,zero,86
manual_screen,shock,1,152,2,2,42.0,42,0,0,0,zero,86
manual_screen,shock,1,153,0,2,2.0,0,2,0,0,zero,86
manual_screen,shock,1,153,1,2,37.0,37,0,1,1,zero,86
manual_screen,shock,1,153,2,2,41.0,41,0,0,0,zero,86
manual_screen,shock,1,154,0,2,2.0,0,2,2,2,zero,86
manual_screen,shock,1,154,1,2,35.0,35,0,1,1,zero,86
manual_screen,shock,1,154,2,2,40.0,40,0,0,0,zero,86
manual_screen,shock,1,155,0,2,4.0,0,4,2,2,zero,86
manual_screen,shock,1,155,1,2,34.0,34,0,1,1,zero,86
manual_screen,shock,1,155,2,2,39.0,39,0,0,0,zero,86
manual_screen,shock,1,156,0,2,-0.0,0,0,6,6,zero,86
manual_screen,shock,1,156,1,2,28.0,28,0,1,1,zero,86
manual_screen,shock,1,156,2,2,38.0,38,0,0,0,zero,86
manual_screen,shock,1,157,0,2,2.0,0,2,0,0,zero,86
manual_screen,shock,1,157,1,2,29.0,29,0,1,1,zero,86
manual_screen,shock,1,157,2,2,37.0,37,0,0,0,zero,86
manual_screen,shock,1,158,0,2,2.0,0,2,0,0,zero,86
manual_screen,shock,1,158,1,2,30.0,30,0,1,1,zero,86
manual_screen,shock,1,158,2,2,36.0,36,0,0,0,zero,86
manual_screen,shock,1,159,0,2,2.0,0,2,6,6,zero,86
manual_screen,shock,1,159,1,2,25.0,25,0,0,0,zero,86
manual_screen,shock,1,159,2,2,36.0,36,0,0,0,zero,86
manual_screen,shock,1,160,0,2,2.0,2,0,0,0,zero,86
manual_screen,shock,1,160,1,2,26.0,26,0,1,1,zero,86
manual_screen,shock,1,160,2,2,35.0,35,0,0,0,zero,86
manual_screen,shock,1,161,0,2,-0.0,0,0,6,6,zero,86
manual_screen,shock,1,161,1,2,21.0,21,0,1,1,zero,86
manual_screen,shock,1,161,2,2,34.0,34,0,0,0,zero,86
manual_screen,shock,1,162,0,1,1.0,0,1,0,0,zero,86
manual_screen,shock,1,162,1,1,22.0,22,0,1,1,zero,86
manual_screen,shock,1,162,2,1,33.0,33,0,0,0,zero,86
manual_screen,shock,1,163,0,2,3.0,3,0,0,0,zero,86
manual_screen,shock,1,163,1,2,22.0,22,0,1,1,zero,86
manual_screen,shock,1,163,2,2,32.0,32,0,0,0,zero,86
manual_screen,shock,1,164,0,2,1.0,1,0,0,0,zero,86
manual_screen,shock,1,164,1,2,23.0,23,0,0,0,zero,86
manual_screen,shock,1,164,2,2,32.0,32,0,0,0,zero,86
manual_screen,shock,1,165,0,2,5.0,5,0,6,6,zero,86
manual_screen,shock,1,165,1,2,18.0,18,0,0,0,zero,86
manual_screen,shock,1,165,2,2,32.0,32,0,0,0,zero,86
manual_screen,shock,1,166,0,2,3.0,3,0,0,0,zero,86
manual_screen,shock,1,166,1,2,19.0,19,0,1,1,zero,86
manual_screen,shock,1,166,2,2,31.0,31,0,0,0,zero,86
manual_screen,shock,1,167,0,1,2.0,2,0,6,6,zero,86
manual_screen,shock,1,167,1,1,14.0,14,0,1,1,zero,86
manual_screen,shock,1,167,2,1,30.0,30,0,0,0,zero,86
manual_screen,shock,1,168,0,2,-0.0,0,0,0,0,zero,86
manual_screen,shock,1,168,1,2,14.0,14,0,1,1,zero,86
manual_screen,shock,1,168,2,2,29.0,29,0,0,0,zero,86
manual_screen,shock,1,169,0,2,4.0,4,0,0,0,zero,86
manual_screen,shock,1,169,1,2,14.0,14,0,1,1,zero,86
manual_screen,shock,1,169,2,2,28.0,28,0,0,0,zero,86
manual_screen,shock,1,170,0,2,2.0,2,0,0,0,zero,86
manual_screen,shock,1,170,1,2,15.0,15,0,1,1,zero,86
manual_screen,shock,1,170,2,2,27.0,27,0,0,0,zero,86
manual_screen,shock,1,171,0,2,6.0,6,0,2,2,zero,86
manual_screen,shock,1,171,1,2,14.0,14,0,0,0,zero,86
manual_screen,shock,1,171,2,2,27.0,27,0,0,0,zero,86
manual_screen,shock,1,172,0,2,4.0,4,0,0,0,zero,86
manual_screen,shock,1,172,1,2,15.0,15,0,0,0,zero,86
manual_screen,shock,1,172,2,2,27.0,27,0,0,0,zero,86
manual_screen,shock,1,173,0,2,2.0,2,0,6,6,zero,86
manual_screen,shock,1,173,1,2,10.0,10,0,0,0,zero,86
manual_screen,shock,1,173,2,2,27.0,27,0,0,0,zero,86
manual_screen,shock,1,174,0,2,-0.0,0,0,0,0,zero,86
manual_screen,shock,1,174,1,2,11.0,11,0,1,1,zero,86
manual_screen,shock,1,174,2,2,26.0,26,0,0,0,zero,86
manual_screen,shock,1,175,0,2,-0.0,0,0,0,0,zero,86
manual_screen,shock,1,175,1,2,11.0,11,0,1,1,zero,86
manual_screen,shock,1,175,2,2,25.0,25,0,0,0,zero,86
manual_screen,shock,1,176,0,2,2.0,0,2,0,0,zero,86
manual_screen,shock,1,176,1,2,11.0,11,0,0,0,zero,86
manual_screen,shock,1,176,2,2,25.0,25,0,0,0,zero,86
manual_screen,shock,1,177,0,2,2.0,2,0,6,6,zero,86
manual_screen,shock,1,177,1,2,5.0,5,0,0,0,zero,86
manual_screen,shock,1,177,2,2,25.0,25,0,0,0,zero,86
manual_screen,shock,1,178,0,2,-0.0,0,0,0,0,zero,86
manual_screen,shock,1,178,1,2,6.0,6,0,1,1,zero,86
manual_screen,shock,1,178,2,2,24.0,24,0,0,0,zero,86
manual_screen,shock,1,179,0,2,2.0,0,2,0,0,zero,86
manual_screen,shock,1,179,1,2,7.0,7,0,1,1,zero,86
manual_screen,shock,1,179,2,2,23.0,23,0,0,0,zero,86
manual_screen,shock,1,180,0,2,4.0,0,4,6,6,zero,86
manual_screen,shock,1,180,1,2,1.0,1,0,0,0,zero,86
manual_screen,shock,1,180,2,2,23.0,23,0,0,0,zero,86
manual_screen,shock,1,181,0,2,-0.0,0,0,0,0,zero,86
manual_screen,shock,1,181,1,2,1.0,1,0,11,11,zero,86
manual_screen,shock,1,181,2,2,12.0,12,0,0,0,zero,86
manual_screen,shock,1,182,0,2,2.0,0,2,6,6,zero,86
manual_screen,shock,1,182,1,2,4.0,0,4,0,0,zero,86
manual_screen,shock,1,182,2,2,12.0,12,0,1,1,zero,86
manual_screen,shock,1,183,0,2,4.0,0,4,6,6,zero,86
manual_screen,shock,1,183,1,2,9.0,0,9,15,15,zero,86
manual_screen,shock,1,183,2,2,3.0,0,3,0,0,zero,86
manual_screen,shock,1,184,0,2,-0.0,0,0,6,6,zero,86
manual_screen,shock,1,184,1,2,15.0,0,15,11,11,zero,86
manual_screen,shock,1,184,2,2,14.0,0,14,20,20,zero,86
manual_screen,shock,1,185,0,2,2.0,0,2,6,6,zero,86
manual_screen,shock,1,185,1,2,10.0,0,10,15,15,zero,86
manual_screen,shock,1,185,2,2,29.0,0,29,20,20,zero,86
manual_screen,shock,1,186,0,2,2.0,0,2,2,2,zero,86
manual_screen,shock,1,186,1,2,12.0,0,12,15,15,zero,86
manual_screen,shock,1,186,2,2,43.0,0,43,20,20,zero,86
manual_screen,shock,1,187,0,2,3.0,0,3,0,0,zero,86
manual_screen,shock,1,187,1,2,-0.0,0,0,11,11,zero,86
manual_screen,shock,1,187,2,2,54.0,0,54,20,20,zero,86
manual_screen,shock,1,188,0,2,5.0,0,5,0,0,zero,86
manual_screen,shock,1,188,1,2,-0.0,0,0,0,0,zero,86
manual_screen,shock,1,188,2,2,34.0,0,34,20,20,zero,86
manual_screen,shock,1,189,0,2,4.0,4,0,0,0,zero,86
manual_screen,shock,1,189,1,2,-0.0,0,0,0,0,zero,86
manual_screen,shock,1,189,2,2,14.0,0,14,0,0,zero,86
manual_screen,shock,1,190,0,3,1.0,1,0,0,0,zero,86
manual_screen,shock,1,190,1,3,1.0,1,0,0,0,zero,86
manual_screen,shock,1,190,2,3,6.0,6,0,0,0,zero,86
manual_screen,shock,1,191,0,3,10.0,10,0,6,6,zero,86
manual_screen,shock,1,191,1,3,5.0,0,5,0,0,zero,86
manual_screen,shock,1,191,2,3,26.0,26,0,0,0,zero,86
manual_screen,shock,1,192,0,3,7.0,7,0,6,6,zero,86
manual_screen,shock,1,192,1,3,9.0,9,0,0,0,zero,86
manual_screen,shock,1,192,2,3,46.0,46,0,0,0,zero,86
manual_screen,shock,1,193,0,3,4.0,4,0,2,2,zero,86
manual_screen,shock,1,193,1,3,27.0,27,0,12,12,zero,86
manual_screen,shock,1,193,2,3,34.0,34,0,0,0,zero,86
manual_screen,shock,1,194,0,3,1.0,1,0,2,2,zero,86
manual_screen,shock,1,194,1,3,39.0,39,0,0,0,zero,86
manual_screen,shock,1,194,2,3,34.0,34,0,1,1,zero,86
manual_screen,shock,1,195,0,3,1.0,0,1,0,0,zero,86
manual_screen,shock,1,195,1,3,39.0,39,0,0,0,zero,86
manual_screen,shock,1,195,2,3,34.0,34,0,0,0,zero,86
manual_screen,shock,1,196,0,3,7.0,7,0,6,6,zero,86
manual_screen,shock,1,196,1,3,33.0,33,0,0,0,zero,86
manual_screen,shock,1,196,2,3,34.0,34,0,0,0,zero,86
manual_screen,shock,1,197,0,3,6.0,6,0,0,0,zero,86
manual_screen,shock,1,197,1,3,45.0,45,0,1,1,zero,86
manual_screen,shock,1,197,2,3,33.0,33,0,0,0,zero,86
manual_screen,shock,1,198,0,3,5.0,5,0,6,6,zero,86
manual_screen,shock,1,198,1,3,39.0,39,0,0,0,zero,86
manual_screen,shock,1,198,2,3,34.0,34,0,0,0,zero,86
manual_screen,shock,1,199,0,3,2.0,2,0,2,2,zero,86
manual_screen,shock,1,199,1,3,37.0,37,0,1,1,zero,86
manual_screen,shock,1,199,2,3,33.0,33,0,0,0,zero,86
manual_screen,shock,1,200,0,4,4.0,4,0,0,0,zero,86
manual_screen,shock,1,200,1,4,37.0,37,0,1,1,zero,86
manual_screen,shock,1,200,2,4,32.0,32,0,0,0,zero,86
manual_screen,shock,2,1,0,10,10.0,10,0,10,10,zero,
manual_screen,shock,2,1,1,10,10.0,10,0,15,15,zero,
manual_screen,shock,2,1,2,10,5.0,5,0,0,0,zero,
manual_screen,shock,2,2,0,9,11.0,11,0,10,10,zero,
manual_screen,shock,2,2,1,9,10.0,10,0,1,1,zero,
manual_screen,shock,2,2,2,9,14.0,14,0,20,20,zero,
manual_screen,shock,2,3,0,10,11.0,11,0,6,6,zero,
manual_screen,shock,2,3,1,10,14.0,14,0,15,15,zero,
manual_screen,shock,2,3,2,10,9.0,9,0,3,3,zero,
manual_screen,shock,2,4,0,9,12.0,12,0,10,10,zero,
manual_screen,shock,2,4,1,9,14.0,14,0,1,1,zero,
manual_screen,shock,2,4,2,9,18.0,18,0,20,20,zero,
manual_screen,shock,2,5,0,9,13.0,13,0,6,6,zero,
manual_screen,shock,2,5,1,9,23.0,23,0,15,15,zero,
manual_screen,shock,2,5,2,9,3.0,3,0,0,0,zero,
manual_screen,shock,2,6,0,9,14.0,14,0,9,9,zero,
manual_screen,shock,2,6,1,9,15.0,15,0,1,1,zero,
manual_screen,shock,2,6,2,9,22.0,22,0,16,16,zero,
manual_screen,shock,2,7,0,8,12.0,12,0,9,9,zero,
manual_screen,shock,2,7,1,8,21.0,21,0,1,1,zero,
manual_screen,shock,2,7,2,8,24.0,24,0,0,0,zero,
manual_screen,shock,2,8,0,8,14.0,14,0,9,9,zero,
manual_screen,shock,2,8,1,8,13.0,13,0,15,15,zero,
manual_screen,shock,2,8,2,8,29.0,29,0,0,0,zero,
manual_screen,shock,2,9,0,8,12.0,12,0,2,2,zero,
manual_screen,shock,2,9,1,8,26.0,26,0,15,15,zero,
manual_screen,shock,2,9,2,8,14.0,14,0,1,1,zero,
manual_screen,shock,2,10,0,8,13.0,13,0,9,9,zero,
manual_screen,shock,2,10,1,8,18.0,18,0,0,0,zero,
manual_screen,shock,2,10,2,8,30.0,30,0,20,20,zero,
manual_screen,shock,2,11,0,9,13.0,13,0,6,6,zero,
manual_screen,shock,2,11,1,9,13.0,13,0,1,1,zero,
manual_screen,shock,2,11,2,9,29.0,29,0,0,0,zero,
manual_screen,shock,2,12,0,10,12.0,12,0,9,9,zero,
manual_screen,shock,2,12,1,10,19.0,19,0,1,1,zero,
manual_screen,shock,2,12,2,10,28.0,28,0,0,0,zero,
manual_screen,shock,2,13,0,9,5.0,5,0,9,9,zero,
manual_screen,shock,2,13,1,9,25.0,25,0,15,15,zero,
manual_screen,shock,2,13,2,9,14.0,14,0,0,0,zero,
manual_screen,shock,2,14,0,10,4.0,4,0,9,9,zero,
manual_screen,shock,2,14,1,10,16.0,16,0,15,15,zero,
manual_screen,shock,2,14,2,10,19.0,19,0,0,0,zero,
manual_screen,shock,2,15,0,11,1.0,0,1,9,9,zero,
manual_screen,shock,2,15,1,11,8.0,8,0,1,1,zero,
manual_screen,shock,2,15,2,11,18.0,18,0,20,20,zero,
manual_screen,shock,2,16,0,13,5.0,0,5,19,19,zero,
manual_screen,shock,2,16,1,13,10.0,0,10,15,15,zero,
manual_screen,shock,2,16,2,13,3.0,3,0,3,3,zero,
manual_screen,shock,2,17,0,11,7.0,0,7,19,19,zero,
manual_screen,shock,2,17,1,11,14.0,0,14,15,15,zero,
manual_screen,shock,2,17,2,11,12.0,0,12,20,20,zero,
manual_screen,shock,2,18,0,11,9.0,0,9,9,9,zero,
manual_screen,shock,2,18,1,11,8.0,0,8,15,15,zero,
manual_screen,shock,2,18,2,11,27.0,0,27,20,20,zero,
manual_screen,shock,2,19,0,12,12.0,0,12,10,10,zero,
manual_screen,shock,2,19,1,12,17.0,0,17,15,15,zero,
manual_screen,shock,2,19,2,12,22.0,0,22,20,20,zero,
manual_screen,shock,2,20,0,10,13.0,0,13,19,19,zero,
manual_screen,shock,2,20,1,10,21.0,0,21,15,15,zero,
manual_screen,shock,2,20,2,10,34.0,0,34,20,20,zero,
manual_screen,shock,2,21,0,10,8.0,0,8,6,6,zero,
manual_screen,shock,2,21,1,10,24.0,0,24,15,15,zero,
manual_screen,shock,2,21,2,10,29.0,0,29,20,20,zero,
manual_screen,shock,2,22,0,9,2.0,0,2,19,19,zero,
manual_screen,shock,2,22,1,9,43.0,0,43,11,11,zero,
manual_screen,shock,2,22,2,9,20.0,0,20,16,16,zero,
manual_screen,shock,2,23,0,9,10.0,0,10,19,19,zero,
manual_screen,shock,2,23,1,9,42.0,0,42,18,18,zero,
manual_screen,shock,2,23,2,9,18.0,0,18,16,16,zero,
manual_screen,shock,2,24,0,9,4.0,0,4,6,6,zero,
manual_screen,shock,2,24,1,9,45.0,0,45,18,18,zero,
manual_screen,shock,2,24,2,9,16.0,0,16,16,16,zero,
manual_screen,shock,2,25,0,9,10.0,0,10,10,10,zero,
manual_screen,shock,2,25,1,9,35.0,0,35,3,3,zero,
manual_screen,shock,2,25,2,9,1.0,1,0,20,20,zero,
manual_screen,shock,2,26,0,9,19.0,0,19,6,6,zero,
manual_screen,shock,2,26,1,9,21.0,0,21,0,0,zero,
manual_screen,shock,2,26,2,9,17.0,17,0,16,16,zero,
manual_screen,shock,2,27,0,9,8.0,0,8,6,6,zero,
manual_screen,shock,2,27,1,9,7.0,0,7,0,0,zero,
manual_screen,shock,2,27,2,9,33.0,33,0,0,0,zero,
manual_screen,shock,2,28,0,10,15.0,0,15,0,0,zero,
manual_screen,shock,2,28,1,10,13.0,13,0,18,18,zero,
manual_screen,shock,2,28,2,10,31.0,31,0,0,0,zero,
manual_screen,shock,2,29,0,11,6.0,0,6,6,6,zero,
manual_screen,shock,2,29,1,11,26.0,26,0,0,0,zero,
manual_screen,shock,2,29,2,11,51.0,51,0,1,1,zero,
manual_screen,shock,2,30,0,11,3.0,3,0,6,6,zero,
manual_screen,shock,2,30,1,11,20.0,20,0,12,12,zero,
manual_screen,shock,2,30,2,11,55.0,55,0,0,0,zero,
manual_screen,shock,2,31,0,11,12.0,12,0,10,10,zero,
manual_screen,shock,2,31,1,11,10.0,10,0,0,0,zero,
manual_screen,shock,2,31,2,11,55.0,55,0,1,1,zero,
manual_screen,shock,2,32,0,11,8.0,8,0,19,19,zero,
manual_screen,shock,2,32,1,11,9.0,9,0,12,12,zero,
manual_screen,shock,2,32,2,11,43.0,43,0,0,0,zero,
manual_screen,shock,2,33,0,12,2.0,2,0,9,9,zero,
manual_screen,shock,2,33,1,12,-0.0,0,0,15,15,zero,
manual_screen,shock,2,33,2,12,29.0,29,0,0,0,zero,
manual_screen,shock,2,34,0,11,3.0,0,3,19,19,zero,
manual_screen,shock,2,34,1,11,7.0,0,7,15,15,zero,
manual_screen,shock,2,34,2,11,14.0,14,0,20,20,zero,
manual_screen,shock,2,35,0,12,5.0,0,5,10,10,zero,
manual_screen,shock,2,35,1,12,17.0,0,17,18,18,zero,
manual_screen,shock,2,35,2,12,3.0,0,3,20,20,zero,
manual_screen,shock,2,36,0,12,2.0,2,0,10,10,zero,
manual_screen,shock,2,36,1,12,15.0,0,15,15,15,zero,
manual_screen,shock,2,36,2,12,18.0,0,18,20,20,zero,
manual_screen,shock,2,37,0,12,1.0,0,1,10,10,zero,
manual_screen,shock,2,37,1,12,10.0,0,10,18,18,zero,
manual_screen,shock,2,37,2,12,36.0,0,36,20,20,zero,
manual_screen,shock,2,38,0,13,2.0,0,2,9,9,zero,
manual_screen,shock,2,38,1,13,4.0,0,4,18,18,zero,
manual_screen,shock,2,38,2,13,34.0,0,34,20,20,zero,
manual_screen,shock,2,39,0,13,15.0,0,15,19,19,zero,
manual_screen,shock,2,39,1,13,8.0,0,8,18,18,zero,
manual_screen,shock,2,39,2,13,32.0,0,32,20,20,zero,
manual_screen,shock,2,40,0,13,16.0,0,16,10,10,zero,
manual_screen,shock,2,40,1,13,18.0,0,18,18,18,zero,
manual_screen,shock,2,40,2,13,30.0,0,30,20,20,zero,
manual_screen,shock,2,41,0,14,15.0,0,15,10,10,zero,
manual_screen,shock,2,41,1,14,28.0,0,28,18,18,zero,
manual_screen,shock,2,41,2,14,28.0,0,28,20,20,zero,
manual_screen,shock,2,42,0,14,14.0,0,14,10,10,zero,
manual_screen,shock,2,42,1,14,18.0,0,18,3,3,zero,
manual_screen,shock,2,42,2,14,11.0,0,11,20,20,zero,
manual_screen,shock,2,43,0,15,14.0,0,14,10,10,zero,
manual_screen,shock,2,43,1,15,8.0,0,8,0,0,zero,
manual_screen,shock,2,43,2,15,9.0,9,0,1,1,zero,
manual_screen,shock,2,44,0,16,30.0,0,30,19,19,zero,
manual_screen,shock,2,44,1,16,7.0,0,7,18,18,zero,
manual_screen,shock,2,44,2,16,11.0,11,0,0,0,zero,
manual_screen,shock,2,45,0,14,44.0,0,44,19,19,zero,
manual_screen,shock,2,45,1,14,6.0,0,6,18,18,zero,
manual_screen,shock,2,45,2,14,13.0,13,0,16,16,zero,
manual_screen,shock,2,46,0,14,38.0,0,38,10,10,zero,
manual_screen,shock,2,46,1,14,4.0,4,0,18,18,zero,
manual_screen,shock,2,46,2,14,15.0,15,0,20,20,zero,
manual_screen,shock,2,47,0,14,32.0,0,32,10,10,zero,
manual_screen,shock,2,47,1,14,5.0,5,0,18,18,zero,
manual_screen,shock,2,47,2,14,2.0,0,2,20,20,zero,
manual_screen,shock,2,48,0,13,25.0,0,25,10,10,zero,
manual_screen,shock,2,48,1,13,13.0,13,0,3,3,zero,
manual_screen,shock,2,48,2,13,5.0,0,5,20,20,zero,
manual_screen,shock,2,49,0,12,17.0,0,17,10,10,zero,
manual_screen,shock,2,49,1,12,21.0,21,0,12,12,zero,
manual_screen,shock,2,49,2,12,1.0,0,1,0,0,zero,
manual_screen,shock,2,50,0,14,15.0,0,15,10,10,zero,
manual_screen,shock,2,50,1,14,29.0,29,0,3,3,zero,
manual_screen,shock,2,50,2,14,16.0,16,0,0,0,zero,
manual_screen,shock,2,51,0,16,21.0,0,21,19,19,zero,
manual_screen,shock,2,51,1,16,26.0,26,0,12,12,zero,
manual_screen,shock,2,51,2,16,24.0,24,0,0,0,zero,
manual_screen,shock,2,52,0,15,26.0,0,26,19,19,zero,
manual_screen,shock,2,52,1,15,7.0,7,0,18,18,zero,
manual_screen,shock,2,52,2,15,26.0,26,0,0,0,zero,
manual_screen,shock,2,53,0,17,33.0,0,33,19,19,zero,
manual_screen,shock,2,53,1,17,4.0,4,0,15,15,zero,
manual_screen,shock,2,53,2,17,11.0,11,0,20,20,zero,
manual_screen,shock,2,54,0,15,38.0,0,38,17,17,zero,
manual_screen,shock,2,54,1,15,9.0,0,9,18,18,zero,
manual_screen,shock,2,54,2,15,7.0,0,7,20,20,zero,
manual_screen,shock,2,55,0,13,32.0,0,32,19,19,zero,
manual_screen,shock,2,55,1,13,16.0,0,16,18,18,zero,
manual_screen,shock,2,55,2,13,25.0,0,25,20,20,zero,
manual_screen,shock,2,56,0,14,27.0,0,27,10,10,zero,
manual_screen,shock,2,56,1,14,8.0,0,8,18,18,zero,
manual_screen,shock,2,56,2,14,43.0,0,43,20,20,zero,
manual_screen,shock,2,57,0,15,23.0,0,23,10,10,zero,
manual_screen,shock,2,57,1,15,3.0,0,3,18,18,zero,
manual_screen,shock,2,57,2,15,41.0,0,41,20,20,zero,
manual_screen,shock,2,58,0,14,29.0,0,29,19,19,zero,
manual_screen,shock,2,58,1,14,11.0,0,11,15,15,zero,
manual_screen,shock,2,58,2,14,36.0,0,36,20,20,zero,
manual_screen,shock,2,59,0,15,32.0,0,32,19,19,zero,
manual_screen,shock,2,59,1,15,30.0,0,30,18,18,zero,
manual_screen,shock,2,59,2,15,34.0,0,34,20,20,zero,
manual_screen,shock,2,60,0,15,29.0,0,29,19,19,zero,
manual_screen,shock,2,60,1,15,49.0,0,49,18,18,zero,
manual_screen,shock,2,60,2,15,32.0,0,32,20,20,zero,
manual_screen,shock,2,61,0,15,29.0,0,29,19,19,zero,
manual_screen,shock,2,61,1,15,48.0,0,48,18,18,zero,
manual_screen,shock,2,61,2,15,30.0,0,30,20,20,zero,
manual_screen,shock,2,62,0,15,33.0,0,33,10,10,zero,
manual_screen,shock,2,62,1,15,38.0,0,38,18,18,zero,
manual_screen,shock,2,62,2,15,28.0,0,28,20,20,zero,
manual_screen,shock,2,63,0,15,48.0,0,48,19,19,zero,
manual_screen,shock,2,63,1,15,37.0,0,37,3,3,zero,
manual_screen,shock,2,63,2,15,11.0,0,11,20,20,zero,
manual_screen,shock,2,64,0,16,64.0,0,64,17,17,zero,
manual_screen,shock,2,64,1,16,34.0,0,34,18,18,zero,
manual_screen,shock,2,64,2,16,9.0,0,9,1,1,zero,
manual_screen,shock,2,65,0,15,59.0,0,59,17,17,zero,
manual_screen,shock,2,65,1,15,31.0,0,31,18,18,zero,
manual_screen,shock,2,65,2,15,7.0,0,7,20,20,zero,
manual_screen,shock,2,66,0,16,55.0,0,55,10,10,zero,
manual_screen,shock,2,66,1,16,21.0,0,21,18,18,zero,
manual_screen,shock,2,66,2,16,5.0,0,5,20,20,zero,
manual_screen,shock,2,67,0,15,50.0,0,50,10,10,zero,
manual_screen,shock,2,67,1,15,11.0,0,11,18,18,zero,
manual_screen,shock,2,67,2,15,3.0,0,3,20,20,zero,
manual_screen,shock,2,68,0,15,45.0,0,45,10,10,zero,
manual_screen,shock,2,68,1,15,1.0,0,1,0,0,zero,
manual_screen,shock,2,68,2,15,2.0,0,2,20,20,zero,
manual_screen,shock,2,69,0,14,39.0,0,39,10,10,zero,
manual_screen,shock,2,69,1,14,9.0,9,0,18,18,zero,
manual_screen,shock,2,69,2,14,-0.0,0,0,0,0,zero,
manual_screen,shock,2,70,0,12,31.0,0,31,10,10,zero,
manual_screen,shock,2,70,1,12,19.0,19,0,18,18,zero,
manual_screen,shock,2,70,2,12,2.0,2,0,1,1,zero,
manual_screen,shock,2,71,0,13,24.0,0,24,10,10,zero,
manual_screen,shock,2,71,1,13,29.0,29,0,18,18,zero,
manual_screen,shock,2,71,2,13,4.0,4,0,20,20,zero,
manual_screen,shock,2,72,0,14,18.0,0,18,10,10,zero,
manual_screen,shock,2,72,1,14,20.0,20,0,0,0,zero,
manual_screen,shock,2,72,2,14,24.0,24,0,20,20,zero,
manual_screen,shock,2,73,0,15,22.0,0,22,19,19,zero,
manual_screen,shock,2,73,1,15,21.0,21,0,3,3,zero,
manual_screen,shock,2,73,2,15,21.0,21,0,0,0,zero,
manual_screen,shock,2,74,0,15,27.0,0,27,19,19,zero,
manual_screen,shock,2,74,1,15,20.0,20,0,18,18,zero,
manual_screen,shock,2,74,2,15,4.0,4,0,0,0,zero,
manual_screen,shock,2,75,0,15,32.0,0,32,19,19,zero,
manual_screen,shock,2,75,1,15,19.0,19,0,15,15,zero,
manual_screen,shock,2,75,2,15,9.0,9,0,0,0,zero,
manual_screen,shock,2,76,0,13,35.0,0,35,17,17,zero,
manual_screen,shock,2,76,1,13,2.0,2,0,15,15,zero,
manual_screen,shock,2,76,2,13,14.0,14,0,20,20,zero,
manual_screen,shock,2,77,0,14,30.0,0,30,10,10,zero,
manual_screen,shock,2,77,1,14,5.0,0,5,15,15,zero,
manual_screen,shock,2,77,2,14,1.0,0,1,20,20,zero,
manual_screen,shock,2,78,0,14,25.0,0,25,19,19,zero,
manual_screen,shock,2,78,1,14,6.0,0,6,15,15,zero,
manual_screen,shock,2,78,2,14,16.0,0,16,20,20,zero,
manual_screen,shock,2,79,0,18,24.0,0,24,10,10,zero,
manual_screen,shock,2,79,1,18,1.0,0,1,18,18,zero,
manual_screen,shock,2,79,2,18,34.0,0,34,20,20,zero,
manual_screen,shock,2,80,0,18,25.0,0,25,19,19,zero,
manual_screen,shock,2,80,1,18,5.0,0,5,15,15,zero,
manual_screen,shock,2,80,2,18,29.0,0,29,20,20,zero,
manual_screen,shock,2,81,0,20,40.0,0,40,19,19,zero,
manual_screen,shock,2,81,1,20,10.0,0,10,15,15,zero,
manual_screen,shock,2,81,2,20,24.0,0,24,17,17,zero,
manual_screen,shock,2,82,0,20,42.0,0,42,19,19,zero,
manual_screen,shock,2,82,1,20,29.0,0,29,18,18,zero,
manual_screen,shock,2,82,2,20,22.0,0,22,16,16,zero,
manual_screen,shock,2,83,0,20,47.0,0,47,19,19,zero,
manual_screen,shock,2,83,1,20,48.0,0,48,18,18,zero,
manual_screen,shock,2,83,2,20,20.0,0,20,20,20,zero,
manual_screen,shock,2,84,0,20,52.0,0,52,17,17,zero,
manual_screen,shock,2,84,1,20,45.0,0,45,18,18,zero,
manual_screen,shock,2,84,2,20,18.0,0,18,20,20,zero,
manual_screen,shock,2,85,0,20,58.0,0,58,17,17,zero,
manual_screen,shock,2,85,1,20,42.0,0,42,18,18,zero,
manual_screen,shock,2,85,2,20,19.0,0,19,20,20,zero,
manual_screen,shock,2,86,0,20,78.0,0,78,17,17,zero,
manual_screen,shock,2,86,1,20,39.0,0,39,18,18,zero,
manual_screen,shock,2,86,2,20,21.0,0,21,20,20,zero,
manual_screen,shock,2,87,0,19,97.0,0,97,17,17,zero,
manual_screen,shock,2,87,1,19,36.0,0,36,18,18,zero,
manual_screen,shock,2,87,2,19,19.0,0,19,20,20,zero,
manual_screen,shock,2,88,0,19,96.0,0,96,17,17,zero,
manual_screen,shock,2,88,1,19,33.0,0,33,18,18,zero,
manual_screen,shock,2,88,2,19,17.0,0,17,20,20,zero,
manual_screen,shock,2,89,0,20,96.0,0,96,17,17,zero,
manual_screen,shock,2,89,1,20,33.0,0,33,18,18,zero,
manual_screen,shock,2,89,2,20,15.0,0,15,20,20,zero,
manual_screen,shock,2,90,0,20,96.0,0,96,17,17,zero,
manual_screen,shock,2,90,1,20,34.0,0,34,18,18,zero,
manual_screen,shock,2,90,2,20,13.0,0,13,16,16,zero,
manual_screen,shock,2,91,0,20,96.0,0,96,17,17,zero,91
manual_screen,shock,2,91,1,20,31.0,0,31,18,18,zero,91
manual_screen,shock,2,91,2,20,11.0,0,11,20,20,zero,91
manual_screen,shock,2,92,0,20,96.0,0,96,17,17,zero,91
manual_screen,shock,2,92,1,20,28.0,0,28,18,18,zero,91
manual_screen,shock,2,92,2,20,9.0,0,9,20,20,zero,91
manual_screen,shock,2,93,0,20,99.0,0,99,17,17,zero,91
manual_screen,shock,2,93,1,20,25.0,0,25,18,18,zero,91
manual_screen,shock,2,93,2,20,7.0,0,7,20,20,zero,91
manual_screen,shock,2,94,0,20,103.0,0,103,17,17,zero,91
manual_screen,shock,2,94,1,20,22.0,0,22,18,18,zero,91
manual_screen,shock,2,94,2,20,9.0,0,9,20,20,zero,91
manual_screen,shock,2,95,0,20,103.0,0,103,17,17,zero,91
manual_screen,shock,2,95,1,20,19.0,0,19,18,18,zero,91
manual_screen,shock,2,95,2,20,7.0,0,7,16,16,zero,91
manual_screen,shock,2,96,0,20,103.0,0,103,17,17,zero,91
manual_screen,shock,2,96,1,20,16.0,0,16,18,18,zero,91
manual_screen,shock,2,96,2,20,5.0,0,5,20,20,zero,91
manual_screen,shock,2,97,0,20,103.0,0,103,17,17,zero,91
manual_screen,shock,2,97,1,20,13.0,0,13,18,18,zero,91
manual_screen,shock,2,97,2,20,3.0,0,3,20,20,zero,91
manual_screen,shock,2,98,0,20,103.0,0,103,17,17,zero,91
manual_screen,shock,2,98,1,20,14.0,0,14,18,18,zero,91
manual_screen,shock,2,98,2,20,1.0,0,1,16,16,zero,91
manual_screen,shock,2,99,0,20,103.0,0,103,17,17,zero,91
manual_screen,shock,2,99,1,20,11.0,0,11,18,18,zero,91
manual_screen,shock,2,99,2,20,3.0,0,3,16,16,zero,91
manual_screen,shock,2,100,0,20,103.0,0,103,17,17,zero,91
manual_screen,shock,2,100,1,20,8.0,0,8,18,18,zero,91
manual_screen,shock,2,100,2,20,1.0,0,1,20,20,zero,91
manual_screen,shock,2,101,0,15,98.0,0,98,17,20,manual,91
manual_screen,shock,2,101,1,15,8.0,0,8,18,20,manual,91
manual_screen,shock,2,101,2,15,1.0,0,1,20,20,manual,91
manual_screen,shock,2,102,0,17,99.0,0,99,17,20,manual,91
manual_screen,shock,2,102,1,17,8.0,0,8,18,20,manual,91
manual_screen,shock,2,102,2,17,5.0,0,5,20,20,manual,91
manual_screen,shock,2,103,0,18,97.0,0,97,17,20,manual,91
manual_screen,shock,2,103,1,18,12.0,0,12,18,20,manual,91
manual_screen,shock,2,103,2,18,9.0,0,9,20,20,manual,91
manual_screen,shock,2,104,0,17,94.0,0,94,17,20,manual,91
manual_screen,shock,2,104,1,17,12.0,0,12,18,20,manual,91
manual_screen,shock,2,104,2,17,9.0,0,9,20,20,manual,91
manual_screen,shock,2,105,0,17,91.0,0,91,17,20,manual,91
manual_screen,shock,2,105,1,17,12.0,0,12,18,20,manual,91
manual_screen,shock,2,105,2,17,9.0,0,9,20,20,manual,91
manual_screen,shock,2,106,0,15,86.0,0,86,17,20,manual,91
manual_screen,shock,2,106,1,15,16.0,0,16,18,20,manual,91
manual_screen,shock,2,106,2,15,9.0,0,9,20,20,manual,91
manual_screen,shock,2,107,0,15,85.0,0,85,17,20,manual,91
manual_screen,shock,2,107,1,15,20.0,0,20,18,20,manual,91
manual_screen,shock,2,107,2,15,9.0,0,9,20,20,manual,91
manual_screen,shock,2,108,0,14,79.0,0,79,17,20,manual,91
manual_screen,shock,2,108,1,14,20.0,0,20,18,20,manual,91
manual_screen,shock,2,108,2,14,9.0,0,9,20,20,manual,91
manual_screen,shock,2,109,0,15,74.0,0,74,17,20,manual,91
manual_screen,shock,2,109,1,15,20.0,0,20,18,20,manual,91
manual_screen,shock,2,109,2,15,9.0,0,9,20,20,manual,91
manual_screen,shock,2,110,0,15,73.0,0,73,17,20,manual,91
manual_screen,shock,2,110,1,15,20.0,0,20,18,20,manual,91
manual_screen,shock,2,110,2,15,9.0,0,9,20,20,manual,91
manual_screen,shock,2,111,0,15,72.0,0,72,17,17,zero,91
manual_screen,shock,2,111,1,15,17.0,0,17,18,18,zero,91
manual_screen,shock,2,111,2,15,7.0,0,7,20,20,zero,91
manual_screen,shock,2,112,0,15,67.0,0,67,17,17,zero,91
manual_screen,shock,2,112,1,15,14.0,0,14,18,18,zero,91
manual_screen,shock,2,112,2,15,5.0,0,5,20,20,zero,91
manual_screen,shock,2,113,0,9,56.0,0,56,17,17,zero,91
manual_screen,shock,2,113,1,9,11.0,0,11,18,18,zero,91
manual_screen,shock,2,113,2,9,3.0,0,3,16,16,zero,91
manual_screen,shock,2,114,0,11,47.0,0,47,10,10,zero,91
manual_screen,shock,2,114,1,11,1.0,0,1,18,18,zero,91
manual_screen,shock,2,114,2,11,1.0,0,1,16,16,zero,91
manual_screen,shock,2,115,0,12,39.0,0,39,6,6,zero,91
manual_screen,shock,2,115,1,12,13.0,13,0,18,18,zero,91
manual_screen,shock,2,115,2,12,1.0,1,0,16,16,zero,91
manual_screen,shock,2,116,0,11,30.0,0,30,10,10,zero,91
manual_screen,shock,2,116,1,11,23.0,23,0,0,0,zero,91
manual_screen,shock,2,116,2,11,21.0,21,0,20,20,zero,91
manual_screen,shock,2,117,0,12,22.0,0,22,10,10,zero,91
manual_screen,shock,2,117,1,12,33.0,33,0,0,0,zero,91
manual_screen,shock,2,117,2,12,37.0,37,0,0,0,zero,91
manual_screen,shock,2,118,0,12,14.0,0,14,10,10,zero,91
manual_screen,shock,2,118,1,12,43.0,43,0,12,12,zero,91
manual_screen,shock,2,118,2,12,41.0,41,0,0,0,zero,91
manual_screen,shock,2,119,0,13,20.0,0,20,19,19,zero,91
manual_screen,shock,2,119,1,13,43.0,43,0,12,12,zero,91
manual_screen,shock,2,119,2,13,45.0,45,0,0,0,zero,91
manual_screen,shock,2,120,0,13,23.0,0,23,10,10,zero,91
manual_screen,shock,2,120,1,13,33.0,33,0,18,18,zero,91
manual_screen,shock,2,120,2,13,47.0,47,0,1,1,zero,91
manual_screen,shock,2,121,0,14,27.0,0,27,19,20,manual,91
manual_screen,shock,2,121,1,14,13.0,13,0,15,15,manual,91
manual_screen,shock,2,121,2,14,32.0,32,0,20,20,manual,91
manual_screen,shock,2,122,0,17,34.0,0,34,10,16,manual,91
manual_screen,shock,2,122,1,17,9.0,9,0,15,15,manual,91
manual_screen,shock,2,122,2,17,17.0,17,0,20,20,manual,91
manual_screen,shock,2,123,0,17,32.0,0,32,19,20,manual,91
manual_screen,shock,2,123,1,17,1.0,1,0,15,15,manual,91
manual_screen,shock,2,123,2,17,2.0,2,0,20,20,manual,91
manual_screen,shock,2,124,0,16,38.0,0,38,19,20,manual,91
manual_screen,shock,2,124,1,16,1.0,0,1,15,15,manual,91
manual_screen,shock,2,124,2,16,12.0,0,12,20,20,manual,91
manual_screen,shock,2,125,0,18,36.0,0,36,10,16,manual,91
manual_screen,shock,2,125,1,18,2.0,0,2,15,15,manual,91
manual_screen,shock,2,125,2,18,7.0,0,7,0,0,manual,91
manual_screen,shock,2,126,0,20,40.0,0,40,19,20,manual,91
manual_screen,shock,2,126,1,20,7.0,0,7,15,15,manual,91
manual_screen,shock,2,126,2,20,2.0,0,2,16,20,manual,91
manual_screen,shock,2,127,0,18,38.0,0,38,19,20,manual,91
manual_screen,shock,2,127,1,18,12.0,0,12,15,20,manual,91
manual_screen,shock,2,127,2,18,2.0,0,2,20,20,manual,91
manual_screen,shock,2,128,0,18,37.0,0,37,19,20,manual,91
manual_screen,shock,2,128,1,18,29.0,0,29,18,20,manual,91
manual_screen,shock,2,128,2,18,2.0,0,2,20,20,manual,91
manual_screen,shock,2,129,0,17,39.0,0,39,19,20,manual,91
manual_screen,shock,2,129,1,17,29.0,0,29,18,20,manual,91
manual_screen,shock,2,129,2,17,22.0,0,22,20,20,manual,91
manual_screen,shock,2,130,0,17,41.0,0,41,19,20,manual,91
manual_screen,shock,2,130,1,17,29.0,0,29,18,20,manual,91
manual_screen,shock,2,130,2,17,22.0,0,22,20,20,manual,91
manual_screen,shock,2,131,0,15,41.0,0,41,19,19,zero,91
manual_screen,shock,2,131,1,15,28.0,0,28,18,18,zero,91
manual_screen,shock,2,131,2,15,20.0,0,20,20,20,zero,91
manual_screen,shock,2,132,0,16,54.0,0,54,19,19,zero,91
manual_screen,shock,2,132,1,16,27.0,0,27,18,18,zero,91
manual_screen,shock,2,132,2,16,18.0,0,18,20,20,zero,91
manual_screen,shock,2,133,0,17,51.0,0,51,10,10,zero,91
manual_screen,shock,2,133,1,17,37.0,0,37,18,18,zero,91
manual_screen,shock,2,133,2,17,16.0,0,16,20,20,zero,91
manual_screen,shock,2,134,0,17,48.0,0,48,19,19,zero,91
manual_screen,shock,2,134,1,17,36.0,0,36,3,3,zero,91
manual_screen,shock,2,134,2,17,1.0,1,0,16,16,zero,91
manual_screen,shock,2,135,0,15,43.0,0,43,10,10,zero,91
manual_screen,shock,2,135,1,15,26.0,0,26,18,18,zero,91
manual_screen,shock,2,135,2,15,3.0,3,0,1,1,zero,91
manual_screen,shock,2,136,0,15,38.0,0,38,19,20,manual,91
manual_screen,shock,2,136,1,15,26.0,0,26,3,7,manual,91
manual_screen,shock,2,136,2,15,16.0,16,0,16,16,manual,91
manual_screen,shock,2,137,0,14,52.0,0,52,19,20,manual,91
manual_screen,shock,2,137,1,14,26.0,0,26,18,20,manual,91
manual_screen,shock,2,137,2,14,16.0,16,0,16,16,manual,91
manual_screen,shock,2,138,0,14,46.0,0,46,10,16,manual,91
manual_screen,shock,2,138,1,14,23.0,0,23,18,20,manual,91
manual_screen,shock,2,138,2,14,12.0,12,0,20,20,manual,91
manual_screen,shock,2,139,0,14,40.0,0,40,10,16,manual,91
manual_screen,shock,2,139,1,14,21.0,0,21,18,20,manual,91
manual_screen,shock,2,139,2,14,7.0,0,7,20,20,manual,91
manual_screen,shock,2,140,0,16,36.0,0,36,10,16,manual,91
manual_screen,shock,2,140,1,16,30.0,0,30,18,20,manual,91
manual_screen,shock,2,140,2,16,11.0,0,11,20,20,manual,91
manual_screen,shock,2,141,0,17,33.0,0,33,19,19,zero,91
manual_screen,shock,2,141,1,17,29.0,0,29,18,18,zero,91
manual_screen,shock,2,141,2,17,13.0,0,13,20,20,zero,91
manual_screen,shock,2,142,0,17,31.0,0,31,10,10,zero,91
manual_screen,shock,2,142,1,17,19.0,0,19,18,18,zero,91
manual_screen,shock,2,142,2,17,11.0,0,11,20,20,zero,91
manual_screen,shock,2,143,0,18,31.0,0,31,19,19,zero,91
manual_screen,shock,2,143,1,18,25.0,0,25,18,18,zero,91
manual_screen,shock,2,143,2,18,9.0,0,9,16,16,zero,91
manual_screen,shock,2,144,0,20,44.0,0,44,19,19,zero,91
manual_screen,shock,2,144,1,20,28.0,0,28,18,18,zero,91
manual_screen,shock,2,144,2,20,7.0,0,7,20,20,zero,91
manual_screen,shock,2,145,0,20,44.0,0,44,19,19,zero,91
manual_screen,shock,2,145,1,20,31.0,0,31,18,18,zero,91
manual_screen,shock,2,145,2,20,5.0,0,5,20,20,zero,91
manual_screen,shock,2,146,0,19,43.0,0,43,19,20,manual,91
manual_screen,shock,2,146,1,19,31.0,0,31,18,20,manual,91
manual_screen,shock,2,146,2,19,5.0,0,5,20,20,manual,91
manual_screen,shock,2,147,0,17,47.0,0,47,19,20,manual,91
manual_screen,shock,2,147,1,17,31.0,0,31,18,20,manual,91
manual_screen,shock,2,147,2,17,9.0,0,9,20,20,manual,91
manual_screen,shock,2,148,0,17,48.0,0,48,19,20,manual,91
manual_screen,shock,2,148,1,17,31.0,0,31,18,20,manual,91
manual_screen,shock,2,148,2,17,9.0,0,9,20,20,manual,91
manual_screen,shock,2,149,0,16,48.0,0,48,19,20,manual,91
manual_screen,shock,2,149,1,16,31.0,0,31,18,20,manual,91
manual_screen,shock,2,149,2,16,9.0,0,9,20,20,manual,91
manual_screen,shock,2,150,0,16,44.0,0,44,10,16,manual,91
manual_screen,shock,2,150,1,16,27.0,0,27,18,20,manual,91
manual_screen,shock,2,150,2,16,9.0,0,9,20,20,manual,91
manual_screen,shock,2,151,0,16,40.0,0,40,10,16,manual,91
manual_screen,shock,2,151,1,16,27.0,0,27,18,20,manual,91
manual_screen,shock,2,151,2,16,9.0,0,9,20,20,manual,91
manual_screen,shock,2,152,0,14,34.0,0,34,10,16,manual,91
manual_screen,shock,2,152,1,14,23.0,0,23,18,20,manual,91
manual_screen,shock,2,152,2,14,9.0,0,9,20,20,manual,91
manual_screen,shock,2,153,0,14,28.0,0,28,10,16,manual,91
manual_screen,shock,2,153,1,14,19.0,0,19,18,20,manual,91
manual_screen,shock,2,153,2,14,9.0,0,9,20,20,manual,91
manual_screen,shock,2,154,0,14,22.0,0,22,10,14,manual,91
manual_screen,shock,2,154,1,14,13.0,0,13,18,19,manual,91
manual_screen,shock,2,154,2,14,8.0,0,8,20,20,manual,91
manual_screen,shock,2,155,0,14,20.0,0,20,10,12,manual,91
manual_screen,shock,2,155,1,14,5.0,0,5,18,18,manual,91
manual_screen,shock,2,155,2,14,6.0,0,6,20,20,manual,91
manual_screen,shock,2,156,0,15,15.0,0,15,10,10,zero,91
manual_screen,shock,2,156,1,15,5.0,5,0,18,18,zero,91
manual_screen,shock,2,156,2,15,4.0,0,4,20,20,zero,91
manual_screen,shock,2,157,0,15,10.0,0,10,10,10,zero,91
manual_screen,shock,2,157,1,15,15.0,15,0,0,0,zero,91
manual_screen,shock,2,157,2,15,16.0,16,0,16,16,zero,91
manual_screen,shock,2,158,0,13,3.0,0,3,10,10,zero,91
manual_screen,shock,2,158,1,13,25.0,25,0,12,12,zero,91
manual_screen,shock,2,158,2,13,24.0,24,0,0,0,zero,91
manual_screen,shock,2,159,0,12,5.0,5,0,10,10,zero,91
manual_screen,shock,2,159,1,12,35.0,35,0,0,0,zero,91
manual_screen,shock,2,159,2,12,44.0,44,0,0,0,zero,91
manual_screen,shock,2,160,0,12,8.0,8,0,19,19,zero,91
manual_screen,shock,2,160,1,12,36.0,36,0,12,12,zero,91
manual_screen,shock,2,160,2,12,52.0,52,0,0,0,zero,91
manual_screen,shock,2,161,0,10,8.0,8,0,9,9,zero,91
manual_screen,shock,2,161,1,10,31.0,31,0,18,18,zero,91
manual_screen,shock,2,161,2,10,50.0,50,0,0,0,zero,91
manual_screen,shock,2,162,0,11,7.0,7,0,10,10,zero,91
manual_screen,shock,2,162,1,11,33.0,33,0,15,15,zero,91
manual_screen,shock,2,162,2,11,35.0,35,0,16,16,zero,91
manual_screen,shock,2,163,0,10,7.0,7,0,6,6,zero,91
manual_screen,shock,2,163,1,10,27.0,27,0,3,3,zero,91
manual_screen,shock,2,163,2,10,32.0,32,0,20,20,zero,91
manual_screen,shock,2,164,0,12,14.0,14,0,10,10,zero,91
manual_screen,shock,2,164,1,12,29.0,29,0,3,3,zero,91
manual_screen,shock,2,164,2,12,29.0,29,0,0,0,zero,91
manual_screen,shock,2,165,0,12,11.0,11,0,10,10,zero,91
manual_screen,shock,2,165,1,12,37.0,37,0,1,1,zero,91
manual_screen,shock,2,165,2,12,28.0,28,0,0,0,zero,91
manual_screen,shock,2,166,0,13,8.0,8,0,19,19,zero,91
manual_screen,shock,2,166,1,13,33.0,33,0,15,15,zero,91
manual_screen,shock,2,166,2,13,29.0,29,0,0,0,zero,91
manual_screen,shock,2,167,0,13,1.0,1,0,9,9,zero,91
manual_screen,shock,2,167,1,13,27.0,27,0,15,15,zero,91
manual_screen,shock,2,167,2,13,34.0,34,0,0,0,zero,91
manual_screen,shock,2,168,0,11,-0.0,0,0,19,19,zero,91
manual_screen,shock,2,168,1,11,11.0,11,0,15,15,zero,91
manual_screen,shock,2,168,2,11,19.0,19,0,4,4,zero,91
manual_screen,shock,2,169,0,11,1.0,0,1,6,6,zero,91
manual_screen,shock,2,169,1,11,6.0,6,0,15,15,zero,91
manual_screen,shock,2,169,2,11,4.0,4,0,20,20,zero,91
manual_screen,shock,2,170,0,11,7.0,7,0,6,6,zero,91
manual_screen,shock,2,170,1,11,15.0,15,0,3,3,zero,91
manual_screen,shock,2,170,2,11,1.0,1,0,20,20,zero,91
manual_screen,shock,2,171,0,11,5.0,5,0,6,6,zero,91
manual_screen,shock,2,171,1,11,24.0,24,0,1,1,zero,91
manual_screen,shock,2,171,2,11,-0.0,0,0,0,0,zero,91
manual_screen,shock,2,172,0,12,12.0,12,0,10,10,zero,91
manual_screen,shock,2,172,1,12,29.0,29,0,1,1,zero,91
manual_screen,shock,2,172,2,12,3.0,3,0,0,0,zero,91
manual_screen,shock,2,173,0,13,5.0,5,0,19,19,zero,91
manual_screen,shock,2,173,1,13,25.0,25,0,12,12,zero,91
manual_screen,shock,2,173,2,13,11.0,11,0,0,0,zero,91
manual_screen,shock,2,174,0,12,1.0,0,1,9,9,zero,91
manual_screen,shock,2,174,1,12,19.0,19,0,15,15,zero,91
manual_screen,shock,2,174,2,12,16.0,16,0,0,0,zero,91
manual_screen,shock,2,175,0,15,10.0,0,10,19,19,zero,91
manual_screen,shock,2,175,1,15,1.0,1,0,15,15,zero,91
manual_screen,shock,2,175,2,15,1.0,1,0,20,20,zero,91
manual_screen,shock,2,176,0,14,14.0,0,14,10,10,zero,91
manual_screen,shock,2,176,1,14,8.0,0,8,15,15,zero,91
manual_screen,shock,2,176,2,14,14.0,0,14,20,20,zero,91
manual_screen,shock,2,177,0,15,10.0,0,10,19,19,zero,91
manual_screen,shock,2,177,1,15,15.0,0,15,15,15,zero,91
manual_screen,shock,2,177,2,15,29.0,0,29,20,20,zero,91
manual_screen,shock,2,178,0,15,16.0,0,16,19,19,zero,91
manual_screen,shock,2,178,1,15,19.0,0,19,15,15,zero,91
manual_screen,shock,2,178,2,15,44.0,0,44,20,20,zero,91
manual_screen,shock,2,179,0,16,13.0,0,13,19,19,zero,91
manual_screen,shock,2,179,1,16,23.0,0,23,15,15,zero,91
manual_screen,shock,2,179,2,16,39.0,0,39,20,20,zero,91
manual_screen,shock,2,180,0,15,26.0,0,26,19,19,zero,91
manual_screen,shock,2,180,1,15,41.0,0,41,15,15,zero,91
manual_screen,shock,2,180,2,15,34.0,0,34,20,20,zero,91
manual_screen,shock,2,181,0,14,28.0,0,28,19,19,zero,91
manual_screen,shock,2,181,1,14,60.0,0,60,18,18,zero,91
manual_screen,shock,2,181,2,14,32.0,0,32,20,20,zero,91
manual_screen,shock,2,182,0,16,29.0,0,29,19,19,zero,91
manual_screen,shock,2,182,1,16,79.0,0,79,18,18,zero,91
manual_screen,shock,2,182,2,16,30.0,0,30,20,20,zero,91
manual_screen,shock,2,183,0,14,28.0,0,28,19,19,zero,91
manual_screen,shock,2,183,1,14,78.0,0,78,18,18,zero,91
manual_screen,shock,2,183,2,14,28.0,0,28,20,20,zero,91
manual_screen,shock,2,184,0,14,41.0,0,41,9,9,zero,91
manual_screen,shock,2,184,1,14,67.0,0,67,18,18,zero,91
manual_screen,shock,2,184,2,14,26.0,0,26,20,20,zero,91
manual_screen,shock,2,185,0,16,57.0,0,57,17,17,zero,91
manual_screen,shock,2,185,1,16,64.0,0,64,18,18,zero,91
manual_screen,shock,2,185,2,16,24.0,0,24,20,20,zero,91
manual_screen,shock,2,186,0,17,74.0,0,74,17,17,zero,91
manual_screen,shock,2,186,1,17,61.0,0,61,18,18,zero,91
manual_screen,shock,2,186,2,17,22.0,0,22,20,20,zero,91
manual_screen,shock,2,187,0,17,71.0,0,71,17,17,zero,91
manual_screen,shock,2,187,1,17,58.0,0,58,18,18,zero,91
manual_screen,shock,2,187,2,17,20.0,0,20,20,20,zero,91
manual_screen,shock,2,188,0,18,69.0,0,69,17,17,zero,91
manual_screen,shock,2,188,1,18,55.0,0,55,18,18,zero,91
manual_screen,shock,2,188,2,18,18.0,0,18,20,20,zero,91
manual_screen,shock,2,189,0,18,67.0,0,67,17,17,zero,91
manual_screen,shock,2,189,1,18,52.0,0,52,18,18,zero,91
manual_screen,shock,2,189,2,18,16.0,0,16,20,20,zero,91
manual_screen,shock,2,190,0,17,64.0,0,64,17,17,zero,91
manual_screen,shock,2,190,1,17,49.0,0,49,18,18,zero,91
manual_screen,shock,2,190,2,17,14.0,0,14,20,20,zero,91
manual_screen,shock,2,191,0,16,60.0,0,60,17,17,zero,91
manual_screen,shock,2,191,1,16,46.0,0,46,18,18,zero,91
manual_screen,shock,2,191,2,16,12.0,0,12,16,16,zero,91
manual_screen,shock,2,192,0,18,58.0,0,58,17,17,zero,91
manual_screen,shock,2,192,1,18,43.0,0,43,18,18,zero,91
manual_screen,shock,2,192,2,18,10.0,0,10,20,20,zero,91
manual_screen,shock,2,193,0,18,56.0,0,56,19,19,zero,91
manual_screen,shock,2,193,1,18,42.0,0,42,18,18,zero,91
manual_screen,shock,2,193,2,18,8.0,0,8,20,20,zero,91
manual_screen,shock,2,194,0,20,56.0,0,56,19,19,zero,91
manual_screen,shock,2,194,1,20,41.0,0,41,18,18,zero,91
manual_screen,shock,2,194,2,20,6.0,0,6,20,20,zero,91
manual_screen,shock,2,195,0,20,56.0,0,56,19,19,zero,91
manual_screen,shock,2,195,1,20,40.0,0,40,18,18,zero,91
manual_screen,shock,2,195,2,20,8.0,0,8,20,20,zero,91
manual_screen,shock,2,196,0,20,56.0,0,56,19,19,zero,91
manual_screen,shock,2,196,1,20,39.0,0,39,18,18,zero,91
manual_screen,shock,2,196,2,20,6.0,0,6,16,16,zero,91
manual_screen,shock,2,197,0,20,56.0,0,56,19,19,zero,91
manual_screen,shock,2,197,1,20,38.0,0,38,18,18,zero,91
manual_screen,shock,2,197,2,20,4.0,0,4,16,16,zero,91
manual_screen,shock,2,198,0,19,55.0,0,55,19,19,zero,91
manual_screen,shock,2,198,1,19,37.0,0,37,18,18,zero,91
manual_screen,shock,2,198,2,19,2.0,0,2,20,20,zero,91
manual_screen,shock,2,199,0,20,55.0,0,55,19,19,zero,91
manual_screen,shock,2,199,1,20,40.0,0,40,18,18,zero,91
manual_screen,shock,2,199,2,20,-0.0,0,0,20,20,zero,91
manual_screen,shock,2,200,0,20,55.0,0,55,19,19,zero,91
manual_screen,shock,2,200,1,20,39.0,0,39,18,18,zero,91
manual_screen,shock,2,200,2,20,2.0,0,2,16,16,zero,91
manual_screen,shock,3,1,0,10,10.0,10,0,10,10,zero,
manual_screen,shock,3,1,1,10,10.0,10,0,15,15,zero,
manual_screen,shock,3,1,2,10,5.0,5,0,0,0,zero,
manual_screen,shock,3,2,0,9,11.0,11,0,10,10,zero,
manual_screen,shock,3,2,1,9,10.0,10,0,1,1,zero,
manual_screen,shock,3,2,2,9,14.0,14,0,20,20,zero,
manual_screen,shock,3,3,0,8,13.0,13,0,6,6,zero,
manual_screen,shock,3,3,1,8,14.0,14,0,15,15,zero,
manual_screen,shock,3,3,2,8,9.0,9,0,3,3,zero,
manual_screen,shock,3,4,0,8,15.0,15,0,6,6,zero,
manual_screen,shock,3,4,1,8,18.0,18,0,1,1,zero,
manual_screen,shock,3,4,2,8,18.0,18,0,20,20,zero,
manual_screen,shock,3,5,0,8,17.0,17,0,6,6,zero,
manual_screen,shock,3,5,1,8,27.0,27,0,1,1,zero,
manual_screen,shock,3,5,2,8,17.0,17,0,0,0,zero,
manual_screen,shock,3,6,0,9,18.0,18,0,6,6,zero,
manual_screen,shock,3,6,1,9,22.0,22,0,1,1,zero,
manual_screen,shock,3,6,2,9,36.0,36,0,0,0,zero,
manual_screen,shock,3,7,0,8,16.0,16,0,9,9,zero,
manual_screen,shock,3,7,1,8,28.0,28,0,1,1,zero,
manual_screen,shock,3,7,2,8,38.0,38,0,0,0,zero,
manual_screen,shock,3,8,0,9,13.0,13,0,9,9,zero,
manual_screen,shock,3,8,1,9,20.0,20,0,15,15,zero,
manual_screen,shock,3,8,2,9,43.0,43,0,0,0,zero,
manual_screen,shock,3,9,0,10,9.0,9,0,9,9,zero,
manual_screen,shock,3,9,1,10,12.0,12,0,15,15,zero,
manual_screen,shock,3,9,2,10,28.0,28,0,1,1,zero,
manual_screen,shock,3,10,0,10,5.0,5,0,9,9,zero,
manual_screen,shock,3,10,1,10,4.0,4,0,11,11,zero,
manual_screen,shock,3,10,2,10,17.0,17,0,20,20,zero,
manual_screen,shock,3,11,0,11,3.0,3,0,9,9,zero,
manual_screen,shock,3,11,1,11,4.0,0,4,1,1,zero,
manual_screen,shock,3,11,2,11,16.0,16,0,20,20,zero,
manual_screen,shock,3,12,0,10,2.0,2,0,19,19,zero,
manual_screen,shock,3,12,1,10,8.0,0,8,15,15,zero,
manual_screen,shock,3,12,2,10,1.0,1,0,0,0,zero,
manual_screen,shock,3,13,0,10,1.0,1,0,9,9,zero,
manual_screen,shock,3,13,1,10,2.0,0,2,15,15,zero,
manual_screen,shock,3,13,2,10,13.0,0,13,0,0,zero,
manual_screen,shock,3,14,0,9,1.0,1,0,4,4,zero,
manual_screen,shock,3,14,1,9,5.0,5,0,15,15,zero,
manual_screen,shock,3,14,2,9,8.0,0,8,20,20,zero,
manual_screen,shock,3,15,0,9,3.0,0,3,6,6,zero,
manual_screen,shock,3,15,1,9,-0.0,0,0,3,3,zero,
manual_screen,shock,3,15,2,9,9.0,9,0,20,20,zero,
manual_screen,shock,3,16,0,10,2.0,2,0,6,6,zero,
manual_screen,shock,3,16,1,10,9.0,9,0,3,3,zero,
manual_screen,shock,3,16,2,10,6.0,6,0,0,0,zero,
manual_screen,shock,3,17,0,10,7.0,7,0,10,10,zero,
manual_screen,shock,3,17,1,10,1.0,1,0,0,0,zero,
manual_screen,shock,3,17,2,10,6.0,6,0,0,0,zero,
manual_screen,shock,3,18,0,9,4.0,4,0,19,19,zero,
manual_screen,shock,3,18,1,9,2.0,2,0,12,12,zero,
manual_screen,shock,3,18,2,9,14.0,14,0,0,0,zero,
manual_screen,shock,3,19,0,7,3.0,3,0,9,9,zero,
manual_screen,shock,3,19,1,7,4.0,4,0,15,15,zero,
manual_screen,shock,3,19,2,7,19.0,19,0,0,0,zero,
manual_screen,shock,3,20,0,9,-0.0,0,0,2,2,zero,
manual_screen,shock,3,20,1,9,5.0,5,0,15,15,zero,
manual_screen,shock,3,20,2,9,4.0,4,0,20,20,zero,
manual_screen,shock,3,21,0,9,1.0,1,0,6,6,zero,
manual_screen,shock,3,21,1,9,1.0,0,1,0,0,zero,
manual_screen,shock,3,21,2,9,4.0,4,0,20,20,zero,
manual_screen,shock,3,22,0,9,11.0,11,0,10,10,zero,
manual_screen,shock,3,22,1,9,1.0,1,0,5,5,zero,
manual_screen,shock,3,22,2,9,1.0,0,1,0,0,zero,
manual_screen,shock,3,23,0,8,12.0,12,0,9,9,zero,
manual_screen,shock,3,23,1,8,7.0,7,0,18,18,zero,
manual_screen,shock,3,23,2,8,19.0,0,19,0,0,zero,
manual_screen,shock,3,24,0,8,6.0,6,0,9,9,zero,
manual_screen,shock,3,24,1,8,13.0,13,0,15,15,zero,
manual_screen,shock,3,24,2,8,14.0,0,14,5,5,zero,
manual_screen,shock,3,25,0,9,2.0,2,0,6,6,zero,
manual_screen,shock,3,25,1,9,7.0,7,0,3,3,zero,
manual_screen,shock,3,25,2,9,3.0,3,0,20,20,zero,
manual_screen,shock,3,26,0,8,5.0,5,0,10,10,zero,
manual_screen,shock,3,26,1,8,1.0,1,0,1,1,zero,
manual_screen,shock,3,26,2,8,2.0,2,0,20,20,zero,
manual_screen,shock,3,27,0,8,6.0,6,0,6,6,zero,
manual_screen,shock,3,27,1,8,5.0,0,5,5,5,zero,
manual_screen,shock,3,27,2,8,3.0,0,3,0,0,zero,
manual_screen,shock,3,28,0,9,6.0,6,0,10,10,zero,
manual_screen,shock,3,28,1,9,5.0,5,0,15,15,zero,
manual_screen,shock,3,28,2,9,13.0,0,13,0,0,zero,
manual_screen,shock,3,29,0,8,4.0,4,0,6,6,zero,
manual_screen,shock,3,29,1,8,16.0,16,0,15,15,zero,
manual_screen,shock,3,29,2,8,8.0,0,8,0,0,zero,
manual_screen,shock,3,30,0,10,4.0,4,0,9,9,zero,
manual_screen,shock,3,30,1,10,8.0,8,0,3,3,zero,
manual_screen,shock,3,30,2,10,9.0,9,0,20,20,zero,
manual_screen,shock,3,31,0,10,5.0,0,5,6,6,zero,
manual_screen,shock,3,31,1,10,4.0,4,0,3,3,zero,
manual_screen,shock,3,31,2,10,6.0,6,0,20,20,zero,
manual_screen,shock,3,32,0,9,1.0,1,0,10,10,zero,
manual_screen,shock,3,32,1,9,1.0,0,1,1,1,zero,
manual_screen,shock,3,32,2,9,5.0,5,0,0,0,zero,
manual_screen,shock,3,33,0,7,-0.0,0,0,10,10,zero,
manual_screen,shock,3,33,1,7,9.0,9,0,15,15,zero,
manual_screen,shock,3,33,2,7,10.0,0,10,0,0,zero,
manual_screen,shock,3,34,0,7,2.0,2,0,6,6,zero,
manual_screen,shock,3,34,1,7,14.0,14,0,15,15,zero,
manual_screen,shock,3,34,2,7,5.0,0,5,0,0,zero,
manual_screen,shock,3,35,0,7,1.0,1,0,6,6,zero,
manual_screen,shock,3,35,1,7,11.0,11,0,3,3,zero,
manual_screen,shock,3,35,2,7,12.0,12,0,20,20,zero,
manual_screen,shock,3,36,0,7,3.0,3,0,6,6,zero,
manual_screen,shock,3,36,1,7,6.0,6,0,1,1,zero,
manual_screen,shock,3,36,2,7,11.0,11,0,20,20,zero,
manual_screen,shock,3,37,0,7,7.0,7,0,6,6,zero,
manual_screen,shock,3,37,1,7,5.0,5,0,1,1,zero,
manual_screen,shock,3,37,2,7,10.0,10,0,0,0,zero,
manual_screen,shock,3,38,0,6,7.0,7,0,10,10,zero,
manual_screen,shock,3,38,1,6,15.0,15,0,1,1,zero,
manual_screen,shock,3,38,2,6,9.0,9,0,0,0,zero,
manual_screen,shock,3,39,0,6,7.0,7,0,6,6,zero,
manual_screen,shock,3,39,1,6,17.0,17,0,15,15,zero,
manual_screen,shock,3,39,2,6,14.0,14,0,0,0,zero,
manual_screen,shock,3,40,0,6,7.0,7,0,2,2,zero,
manual_screen,shock,3,40,1,6,16.0,16,0,3,3,zero,
manual_screen,shock,3,40,2,6,31.0,31,0,0,0,zero,
manual_screen,shock,3,41,0,7,6.0,6,0,6,6,zero,
manual_screen,shock,3,41,1,7,11.0,11,0,1,1,zero,
manual_screen,shock,3,41,2,7,30.0,30,0,0,0,zero,
manual_screen,shock,3,42,0,7,9.0,9,0,10,10,zero,
manual_screen,shock,3,42,1,7,2.0,2,0,1,1,zero,
manual_screen,shock,3,42,2,7,29.0,29,0,0,0,zero,
manual_screen,shock,3,43,0,7,8.0,8,0,6,6,zero,
manual_screen,shock,3,43,1,7,11.0,11,0,15,15,zero,
manual_screen,shock,3,43,2,7,14.0,14,0,0,0,zero,
manual_screen,shock,3,44,0,7,3.0,3,0,10,10,zero,
manual_screen,shock,3,44,1,7,4.0,4,0,1,1,zero,
manual_screen,shock,3,44,2,7,13.0,13,0,1,1,zero,
manual_screen,shock,3,45,0,7,2.0,2,0,6,6,zero,
manual_screen,shock,3,45,1,7,1.0,0,1,15,15,zero,
manual_screen,shock,3,45,2,7,2.0,0,2,1,1,zero,
manual_screen,shock,3,46,0,6,6.0,6,0,6,6,zero,
manual_screen,shock,3,46,1,6,6.0,0,6,3,3,zero,
manual_screen,shock,3,46,2,6,5.0,0,5,20,20,zero,
manual_screen,shock,3,47,0,6,6.0,6,0,6,6,zero,
manual_screen,shock,3,47,1,6,3.0,3,0,15,15,zero,
manual_screen,shock,3,47,2,6,20.0,0,20,20,20,zero,
manual_screen,shock,3,48,0,6,10.0,10,0,2,2,zero,
manual_screen,shock,3,48,1,6,2.0,2,0,15,15,zero,
manual_screen,shock,3,48,2,6,34.0,0,34,20,20,zero,
manual_screen,shock,3,49,0,6,9.0,9,0,10,10,zero,
manual_screen,shock,3,49,1,6,5.0,5,0,3,3,zero,
manual_screen,shock,3,49,2,6,36.0,0,36,20,20,zero,
manual_screen,shock,3,50,0,6,4.0,4,0,6,6,zero,
manual_screen,shock,3,50,1,6,1.0,0,1,15,15,zero,
manual_screen,shock,3,50,2,6,31.0,0,31,0,0,zero,
manual_screen,shock,3,51,0,6,10.0,10,0,2,2,zero,
manual_screen,shock,3,51,1,6,3.0,0,3,3,3,zero,
manual_screen,shock,3,51,2,6,14.0,0,14,20,20,zero,
manual_screen,shock,3,52,0,6,6.0,6,0,6,6,zero,
manual_screen,shock,3,52,1,6,8.0,0,8,0,0,zero,
manual_screen,shock,3,52,2,6,6.0,6,0,16,16,zero,
manual_screen,shock,3,53,0,6,10.0,10,0,10,10,zero,
manual_screen,shock,3,53,1,6,17.0,0,17,0,0,zero,
manual_screen,shock,3,53,2,6,26.0,26,0,0,0,zero,
manual_screen,shock,3,54,0,8,7.0,7,0,19,19,zero,
manual_screen,shock,3,54,1,8,16.0,0,16,0,0,zero,
manual_screen,shock,3,54,2,8,26.0,26,0,0,0,zero,
manual_screen,shock,3,55,0,8,1.0,0,1,9,9,zero,
manual_screen,shock,3,55,1,8,5.0,0,5,18,18,zero,
manual_screen,shock,3,55,2,8,28.0,28,0,0,0,zero,
manual_screen,shock,3,56,0,8,8.0,0,8,2,2,zero,
manual_screen,shock,3,56,1,8,7.0,7,0,18,18,zero,
manual_screen,shock,3,56,2,8,26.0,26,0,0,0,zero,
manual_screen,shock,3,57,0,7,14.0,0,14,2,2,zero,
manual_screen,shock,3,57,1,7,5.0,5,0,0,0,zero,
manual_screen,shock,3,57,2,7,26.0,26,0,20,20,zero,
manual_screen,shock,3,58,0,7,1.0,0,1,6,6,zero,
manual_screen,shock,3,58,1,7,1.0,0,1,0,0,zero,
manual_screen,shock,3,58,2,7,26.0,26,0,0,0,zero,
manual_screen,shock,3,59,0,7,12.0,12,0,6,6,zero,
manual_screen,shock,3,59,1,7,11.0,11,0,12,12,zero,
manual_screen,shock,3,59,2,7,14.0,14,0,0,0,zero,
manual_screen,shock,3,60,0,8,11.0,11,0,9,9,zero,
manual_screen,shock,3,60,1,8,20.0,20,0,12,12,zero,
manual_screen,shock,3,60,2,8,2.0,2,0,0,0,zero,
manual_screen,shock,3,61,0,7,6.0,6,0,9,9,zero,
manual_screen,shock,3,61,1,7,11.0,11,0,12,12,zero,
manual_screen,shock,3,61,2,7,10.0,10,0,20,20,zero,
manual_screen,shock,3,62,0,7,4.0,4,0,4,4,zero,
manual_screen,shock,3,62,1,7,7.0,7,0,3,3,zero,
manual_screen,shock,3,62,2,7,7.0,7,0,20,20,zero,
manual_screen,shock,3,63,0,8,3.0,3,0,6,6,zero,
manual_screen,shock,3,63,1,8,13.0,13,0,1,1,zero,
manual_screen,shock,3,63,2,8,6.0,6,0,0,0,zero,
manual_screen,shock,3,64,0,9,3.0,3,0,10,10,zero,
manual_screen,shock,3,64,1,9,15.0,15,0,1,1,zero,
manual_screen,shock,3,64,2,9,5.0,5,0,0,0,zero,
manual_screen,shock,3,65,0,9,3.0,3,0,9,9,zero,
manual_screen,shock,3,65,1,9,18.0,18,0,15,15,zero,
manual_screen,shock,3,65,2,9,10.0,10,0,0,0,zero,
manual_screen,shock,3,66,0,8,1.0,0,1,19,19,zero,
manual_screen,shock,3,66,1,8,2.0,2,0,15,15,zero,
manual_screen,shock,3,66,2,8,15.0,15,0,0,0,zero,
manual_screen,shock,3,67,0,8,3.0,0,3,6,6,zero,
manual_screen,shock,3,67,1,8,3.0,0,3,15,15,zero,
manual_screen,shock,3,67,2,8,-0.0,0,0,20,20,zero,
manual_screen,shock,3,68,0,8,1.0,0,1,6,6,zero,
manual_screen,shock,3,68,1,8,8.0,0,8,3,3,zero,
manual_screen,shock,3,68,2,8,3.0,0,3,20,20,zero,
manual_screen,shock,3,69,0,6,2.0,2,0,6,6,zero,
manual_screen,shock,3,69,1,6,1.0,1,0,5,5,zero,
manual_screen,shock,3,69,2,6,8.0,0,8,0,0,zero,
manual_screen,shock,3,70,0,6,15.0,15,0,2,2,zero,
manual_screen,shock,3,70,1,6,14.0,14,0,15,15,zero,
manual_screen,shock,3,70,2,6,23.0,0,23,0,0,zero,
manual_screen,shock,3,71,0,5,13.0,13,0,10,10,zero,
manual_screen,shock,3,71,1,5,19.0,19,0,3,3,zero,
manual_screen,shock,3,71,2,5,6.0,0,6,20,20,zero,
manual_screen,shock,3,72,0,5,9.0,9,0,6,6,zero,
manual_screen,shock,3,72,1,5,13.0,13,0,3,3,zero,
manual_screen,shock,3,72,2,5,11.0,11,0,0,0,zero,
manual_screen,shock,3,73,0,5,18.0,18,0,0,0,zero,
manual_screen,shock,3,73,1,5,13.0,13,0,3,3,zero,
manual_screen,shock,3,73,2,5,8.0,8,0,0,0,zero,
manual_screen,shock,3,74,0,5,15.0,15,0,0,0,zero,
manual_screen,shock,3,74,1,5,13.0,13,0,0,0,zero,
manual_screen,shock,3,74,2,5,8.0,8,0,0,0,zero,
manual_screen,shock,3,75,0,7,18.0,18,0,2,2,zero,
manual_screen,shock,3,75,1,7,31.0,31,0,0,0,zero,
manual_screen,shock,3,75,2,7,28.0,28,0,0,0,zero,
manual_screen,shock,3,76,0,6,18.0,18,0,9,9,zero,
manual_screen,shock,3,76,1,6,31.0,31,0,0,0,zero,
manual_screen,shock,3,76,2,6,28.0,28,0,0,0,zero,
manual_screen,shock,3,77,0,6,12.0,12,0,3,3,zero,
manual_screen,shock,3,77,1,6,31.0,31,0,1,1,zero,
manual_screen,shock,3,77,2,6,27.0,27,0,0,0,zero,
manual_screen,shock,3,78,0,6,6.0,6,0,9,9,zero,
manual_screen,shock,3,78,1,6,22.0,22,0,1,1,zero,
manual_screen,shock,3,78,2,6,26.0,26,0,0,0,zero,
manual_screen,shock,3,79,0,5,3.0,3,0,3,3,zero,
manual_screen,shock,3,79,1,5,19.0,19,0,15,15,zero,
manual_screen,shock,3,79,2,5,11.0,11,0,0,0,zero,
manual_screen,shock,3,80,0,5,7.0,7,0,2,2,zero,
manual_screen,shock,3,80,1,5,17.0,17,0,1,1,zero,
manual_screen,shock,3,80,2,5,10.0,10,0,1,1,zero,
manual_screen,shock,3,81,0,4,6.0,6,0,2,2,zero,
manual_screen,shock,3,81,1,4,16.0,16,0,1,1,zero,
manual_screen,shock,3,81,2,4,9.0,9,0,20,20,zero,
manual_screen,shock,3,82,0,4,11.0,11,0,6,6,zero,
manual_screen,shock,3,82,1,4,11.0,11,0,0,0,zero,
manual_screen,shock,3,82,2,4,9.0,9,0,0,0,zero,
manual_screen,shock,3,83,0,4,10.0,10,0,2,2,zero,
manual_screen,shock,3,83,1,4,24.0,24,0,1,1,zero,
manual_screen,shock,3,83,2,4,8.0,8,0,0,0,zero,
manual_screen,shock,3,84,0,6,6.0,6,0,2,2,zero,
manual_screen,shock,3,84,1,6,23.0,23,0,1,1,zero,
manual_screen,shock,3,84,2,6,8.0,8,0,0,0,zero,
manual_screen,shock,3,85,0,5,3.0,3,0,10,10,zero,
manual_screen,shock,3,85,1,5,14.0,14,0,1,1,zero,
manual_screen,shock,3,85,2,5,27.0,27,0,0,0,zero,
manual_screen,shock,3,86,0,5,4.0,4,0,6,6,zero,86
manual_screen,shock,3,86,1,5,8.0,8,0,15,15,zero,86
manual_screen,shock,3,86,2,5,12.0,12,0,0,0,zero,86
manual_screen,shock,3,87,0,5,1.0,1,0,6,6,zero,86
manual_screen,shock,3,87,1,5,3.0,3,0,1,1,zero,86
manual_screen,shock,3,87,2,5,11.0,11,0,1,1,zero,86
manual_screen,shock,3,88,0,5,2.0,0,2,0,0,zero,86
manual_screen,shock,3,88,1,5,4.0,4,0,15,15,zero,86
manual_screen,shock,3,88,2,5,4.0,0,4,20,20,zero,86
manual_screen,shock,3,89,0,5,3.0,3,0,6,6,zero,86
manual_screen,shock,3,89,1,5,1.0,0,1,1,1,zero,86
manual_screen,shock,3,89,2,5,5.0,0,5,20,20,zero,86
manual_screen,shock,3,90,0,3,6.0,6,0,6,6,zero,86
manual_screen,shock,3,90,1,3,8.0,8,0,15,15,zero,86
manual_screen,shock,3,90,2,3,20.0,0,20,0,0,zero,86
manual_screen,shock,3,91,0,5,7.0,7,0,2,2,zero,86
manual_screen,shock,3,91,1,5,7.0,7,0,15,15,zero,86
manual_screen,shock,3,91,2,5,34.0,0,34,20,20,zero,86
manual_screen,shock,3,92,0,3,4.0,4,0,6,6,zero,86
manual_screen,shock,3,92,1,3,12.0,12,0,1,1,zero,86
manual_screen,shock,3,92,2,3,15.0,0,15,20,20,zero,86
manual_screen,shock,3,93,0,5,4.0,4,0,2,2,zero,86
manual_screen,shock,3,93,1,5,10.0,10,0,0,0,zero,86
manual_screen,shock,3,93,2,5,5.0,5,0,0,0,zero,86
manual_screen,shock,3,94,0,5,6.0,6,0,6,6,zero,86
manual_screen,shock,3,94,1,5,4.0,4,0,0,0,zero,86
manual_screen,shock,3,94,2,5,5.0,5,0,0,0,zero,86
manual_screen,shock,3,95,0,5,3.0,3,0,6,6,zero,86
manual_screen,shock,3,95,1,5,1.0,0,1,0,0,zero,86
manual_screen,shock,3,95,2,5,25.0,25,0,0,0,zero,86
manual_screen,shock,3,96,0,5,4.0,4,0,6,6,zero,86
manual_screen,shock,3,96,1,5,13.0,13,0,1,1,zero,86
manual_screen,shock,3,96,2,5,44.0,44,0,0,0,zero,86
manual_screen,shock,3,97,0,3,3.0,3,0,2,2,zero,86
manual_screen,shock,3,97,1,3,26.0,26,0,12,12,zero,86
manual_screen,shock,3,97,2,3,32.0,32,0,0,0,zero,86
manual_screen,shock,3,98,0,3,6.0,6,0,0,0,zero,86
manual_screen,shock,3,98,1,3,26.0,26,0,0,0,zero,86
manual_screen,shock,3,98,2,3,32.0,32,0,1,1,zero,86
manual_screen,shock,3,99,0,3,8.0,8,0,0,0,zero,86
manual_screen,shock,3,99,1,3,26.0,26,0,0,0,zero,86
manual_screen,shock,3,99,2,3,32.0,32,0,0,0,zero,86
manual_screen,shock,3,100,0,5,10.0,10,0,2,2,zero,86
manual_screen,shock,3,100,1,5,25.0,25,0,0,0,zero,86
manual_screen,shock,3,100,2,5,32.0,32,0,0,0,zero,86
manual_screen,shock,3,101,0,5,7.0,7,0,9,9,zero,86
manual_screen,shock,3,101,1,5,28.0,28,0,0,0,zero,86
manual_screen,shock,3,101,2,5,32.0,32,0,0,0,zero,86
manual_screen,shock,3,102,0,3,4.0,4,0,2,2,zero,86
manual_screen,shock,3,102,1,3,26.0,26,0,1,1,zero,86
manual_screen,shock,3,102,2,3,32.0,32,0,0,0,zero,86
manual_screen,shock,3,103,0,3,1.0,1,0,2,2,zero,86
manual_screen,shock,3,103,1,3,24.0,24,0,1,1,zero,86
manual_screen,shock,3,103,2,3,31.0,31,0,0,0,zero,86
manual_screen,shock,3,104,0,3,-0.0,0,0,2,2,zero,86
manual_screen,shock,3,104,1,3,22.0,22,0,1,1,zero,86
manual_screen,shock,3,104,2,3,30.0,30,0,0,0,zero,86
manual_screen,shock,3,105,0,3,6.0,6,0,6,6,zero,86
manual_screen,shock,3,105,1,3,16.0,16,0,1,1,zero,86
manual_screen,shock,3,105,2,3,29.0,29,0,0,0,zero,86
manual_screen,shock,3,106,0,3,5.0,5,0,0,0,zero,86
manual_screen,shock,3,106,1,3,17.0,17,0,15,15,zero,86
manual_screen,shock,3,106,2,3,14.0,14,0,0,0,zero,86
manual_screen,shock,3,107,0,3,4.0,4,0,6,6,zero,86
manual_screen,shock,3,107,1,3,12.0,12,0,0,0,zero,86
manual_screen,shock,3,107,2,3,14.0,14,0,1,1,zero,86
manual_screen,shock,3,108,0,3,3.0,3,0,2,2,zero,86
manual_screen,shock,3,108,1,3,11.0,11,0,1,1,zero,86
manual_screen,shock,3,108,2,3,13.0,13,0,0,0,zero,86
manual_screen,shock,3,109,0,2,7.0,7,0,0,0,zero,86
manual_screen,shock,3,109,1,2,12.0,12,0,1,1,zero,86
manual_screen,shock,3,109,2,2,12.0,12,0,0,0,zero,86
manual_screen,shock,3,110,0,2,5.0,5,0,0,0,zero,86
manual_screen,shock,3,110,1,2,27.0,27,0,0,0,zero,86
manual_screen,shock,3,110,2,2,12.0,12,0,0,0,zero,86
manual_screen,shock,3,111,0,2,9.0,9,0,0,0,zero,86
manual_screen,shock,3,111,1,2,27.0,27,0,0,0,zero,86
manual_screen,shock,3,111,2,2,13.0,13,0,0,0,zero,86
manual_screen,shock,3,112,0,2,9.0,9,0,0,0,zero,86
manual_screen,shock,3,112,1,2,28.0,28,0,0,0,zero,86
manual_screen,shock,3,112,2,2,13.0,13,0,0,0,zero,86
manual_screen,shock,3,113,0,2,7.0,7,0,0,0,zero,86
manual_screen,shock,3,113,1,2,29.0,29,0,0,0,zero,86
manual_screen,shock,3,113,2,2,13.0,13,0,0,0,zero,86
manual_screen,shock,3,114,0,2,5.0,5,0,2,2,zero,86
manual_screen,shock,3,114,1,2,27.0,27,0,0,0,zero,86
manual_screen,shock,3,114,2,2,13.0,13,0,0,0,zero,86
manual_screen,shock,3,115,0,2,3.0,3,0,0,0,zero,86
manual_screen,shock,3,115,1,2,27.0,27,0,0,0,zero,86
manual_screen,shock,3,115,2,2,13.0,13,0,0,0,zero,86
manual_screen,shock,3,116,0,2,1.0,1,0,6,6,zero,86
manual_screen,shock,3,116,1,2,21.0,21,0,0,0,zero,86
manual_screen,shock,3,116,2,2,13.0,13,0,0,0,zero,86
manual_screen,shock,3,117,0,2,1.0,0,1,2,2,zero,86
manual_screen,shock,3,117,1,2,19.0,19,0,1,1,zero,86
manual_screen,shock,3,117,2,2,12.0,12,0,0,0,zero,86
manual_screen,shock,3,118,0,2,1.0,0,1,0,0,zero,86
manual_screen,shock,3,118,1,2,19.0,19,0,1,1,zero,86
manual_screen,shock,3,118,2,2,11.0,11,0,0,0,zero,86
manual_screen,shock,3,119,0,2,3.0,0,3,0,0,zero,86
manual_screen,shock,3,119,1,2,19.0,19,0,1,1,zero,86
manual_screen,shock,3,119,2,2,10.0,10,0,0,0,zero,86
manual_screen,shock,3,120,0,2,1.0,1,0,6,6,zero,86
manual_screen,shock,3,120,1,2,13.0,13,0,0,0,zero,86
manual_screen,shock,3,120,2,2,10.0,10,0,0,0,zero,86
manual_screen,shock,3,121,0,2,1.0,1,0,0,0,zero,86
manual_screen,shock,3,121,1,2,14.0,14,0,1,1,zero,86
manual_screen,shock,3,121,2,2,9.0,9,0,0,0,zero,86
manual_screen,shock,3,122,0,1,-0.0,0,0,2,2,zero,86
manual_screen,shock,3,122,1,1,13.0,13,0,1,1,zero,86
manual_screen,shock,3,122,2,1,8.0,8,0,0,0,zero,86
manual_screen,shock,3,123,0,1,1.0,0,1,0,0,zero,86
manual_screen,shock,3,123,1,1,14.0,14,0,1,1,zero,86
manual_screen,shock,3,123,2,1,7.0,7,0,1,1,zero,86
manual_screen,shock,3,124,0,2,3.0,3,0,0,0,zero,86
manual_screen,shock,3,124,1,2,14.0,14,0,1,1,zero,86
manual_screen,shock,3,124,2,2,6.0,6,0,20,20,zero,86
manual_screen,shock,3,125,0,2,1.0,1,0,2,2,zero,86
manual_screen,shock,3,125,1,2,13.0,13,0,0,0,zero,86
manual_screen,shock,3,125,2,2,6.0,6,0,0,0,zero,86
manual_screen,shock,3,126,0,1,2.0,2,0,0,0,zero,86
manual_screen,shock,3,126,1,1,14.0,14,0,0,0,zero,86
manual_screen,shock,3,126,2,1,6.0,6,0,0,0,zero,86
manual_screen,shock,3,127,0,2,-0.0,0,0,0,0,zero,86
manual_screen,shock,3,127,1,2,15.0,15,0,0,0,zero,86
manual_screen,shock,3,127,2,2,7.0,7,0,0,0,zero,86
manual_screen,shock,3,128,0,2,2.0,0,2,6,6,zero,86
manual_screen,shock,3,128,1,2,10.0,10,0,0,0,zero,86
manual_screen,shock,3,128,2,2,27.0,27,0,0,0,zero,86
manual_screen,shock,3,129,0,1,1.0,0,1,0,0,zero,86
manual_screen,shock,3,129,1,1,10.0,10,0,1,1,zero,86
manual_screen,shock,3,129,2,1,26.0,26,0,0,0,zero,86
manual_screen,shock,3,130,0,1,2.0,0,2,0,0,zero,86
manual_screen,shock,3,130,1,1,10.0,10,0,1,1,zero,86
manual_screen,shock,3,130,2,1,25.0,25,0,0,0,zero,86
manual_screen,shock,3,131,0,1,3.0,0,3,0,0,zero,86
manual_screen,shock,3,131,1,1,10.0,10,0,0,0,zero,86
manual_screen,shock,3,131,2,1,25.0,25,0,0,0,zero,86
manual_screen,shock,3,132,0,1,2.0,2,0,6,6,zero,86
manual_screen,shock,3,132,1,1,4.0,4,0,0,0,zero,86
manual_screen,shock,3,132,2,1,25.0,25,0,0,0,zero,86
manual_screen,shock,3,133,0,2,-0.0,0,0,0,0,zero,86
manual_screen,shock,3,133,1,2,5.0,5,0,1,1,zero,86
manual_screen,shock,3,133,2,2,24.0,24,0,0,0,zero,86
manual_screen,shock,3,134,0,2,2.0,0,2,0,0,zero,86
manual_screen,shock,3,134,1,2,6.0,6,0,1,1,zero,86
manual_screen,shock,3,134,2,2,23.0,23,0,0,0,zero,86
manual_screen,shock,3,135,0,2,4.0,0,4,6,6,zero,86
manual_screen,shock,3,135,1,2,-0.0,0,0,0,0,zero,86
manual_screen,shock,3,135,2,2,23.0,23,0,0,0,zero,86
manual_screen,shock,3,136,0,2,-0.0,0,0,0,0,zero,86
manual_screen,shock,3,136,1,2,-0.0,0,0,11,11,zero,86
manual_screen,shock,3,136,2,2,12.0,12,0,0,0,zero,86
manual_screen,shock,3,137,0,2,2.0,0,2,6,6,zero,86
manual_screen,shock,3,137,1,2,5.0,0,5,0,0,zero,86
manual_screen,shock,3,137,2,2,12.0,12,0,1,1,zero,86
manual_screen,shock,3,138,0,2,4.0,0,4,6,6,zero,86
manual_screen,shock,3,138,1,2,10.0,0,10,15,15,zero,86
manual_screen,shock,3,138,2,2,3.0,0,3,0,0,zero,86
manual_screen,shock,3,139,0,2,-0.0,0,0,6,6,zero,86
manual_screen,shock,3,139,1,2,16.0,0,16,11,11,zero,86
manual_screen,shock,3,139,2,2,14.0,0,14,20,20,zero,86
manual_screen,shock,3,140,0,3,3.0,0,3,6,6,zero,86
manual_screen,shock,3,140,1,3,11.0,0,11,15,15,zero,86
manual_screen,shock,3,140,2,3,29.0,0,29,20,20,zero,86
manual_screen,shock,3,141,0,2,4.0,0,4,2,2,zero,86
manual_screen,shock,3,141,1,2,13.0,0,13,18,18,zero,86
manual_screen,shock,3,141,2,2,46.0,0,46,20,20,zero,86
manual_screen,shock,3,142,0,3,6.0,0,6,6,6,zero,86
manual_screen,shock,3,142,1,3,7.0,0,7,11,11,zero,86
manual_screen,shock,3,142,2,3,57.0,0,57,20,20,zero,86
manual_screen,shock,3,143,0,3,9.0,0,9,0,0,zero,86
manual_screen,shock,3,143,1,3,7.0,0,7,18,18,zero,86
manual_screen,shock,3,143,2,3,55.0,0,55,20,20,zero,86
manual_screen,shock,3,144,0,3,1.0,0,1,6,6,zero,86
manual_screen,shock,3,144,1,3,13.0,0,13,3,3,zero,86
manual_screen,shock,3,144,2,3,38.0,0,38,20,20,zero,86
manual_screen,shock,3,145,0,3,4.0,0,4,6,6,zero,86
manual_screen,shock,3,145,1,3,18.0,0,18,0,0,zero,86
manual_screen,shock,3,145,2,3,18.0,0,18,1,1,zero,86
manual_screen,shock,3,146,0,3,5.0,5,0,6,6,zero,86
manual_screen,shock,3,146,1,3,24.0,0,24,0,0,zero,86
manual_screen,shock,3,146,2,3,2.0,2,0,0,0,zero,86
manual_screen,shock,3,147,0,4,1.0,1,0,19,19,zero,86
manual_screen,shock,3,147,1,4,23.0,0,23,0,0,zero,86
manual_screen,shock,3,147,2,4,22.0,22,0,0,0,zero,86
manual_screen,shock,3,148,0,4,3.0,0,3,9,9,zero,86
manual_screen,shock,3,148,1,4,12.0,0,12,18,18,zero,86
manual_screen,shock,3,148,2,4,24.0,24,0,0,0,zero,86
manual_screen,shock,3,149,0,4,6.0,0,6,2,2,zero,86
manual_screen,shock,3,149,1,4,6.0,6,0,18,18,zero,86
manual_screen,shock,3,149,2,4,7.0,7,0,16,16,zero,86
manual_screen,shock,3,150,0,4,10.0,0,10,0,0,zero,86
manual_screen,shock,3,150,1,4,24.0,24,0,0,0,zero,86
manual_screen,shock,3,150,2,4,7.0,7,0,20,20,zero,86
manual_screen,shock,3,151,0,4,6.0,6,0,0,0,zero,86
manual_screen,shock,3,151,1,4,24.0,24,0,0,0,zero,86
manual_screen,shock,3,151,2,4,7.0,7,0,3,3,zero,86
manual_screen,shock,3,152,0,3,23.0,23,0,6,6,zero,86
manual_screen,shock,3,152,1,3,36.0,36,0,0,0,zero,86
manual_screen,shock,3,152,2,3,7.0,7,0,0,0,zero,86
manual_screen,shock,3,153,0,3,34.0,34,0,0,0,zero,86
manual_screen,shock,3,153,1,3,54.0,54,0,0,0,zero,86
manual_screen,shock,3,153,2,3,23.0,23,0,0,0,zero,86
manual_screen,shock,3,154,0,3,31.0,31,0,0,0,zero,86
manual_screen,shock,3,154,1,3,54.0,54,0,0,0,zero,86
manual_screen,shock,3,154,2,3,43.0,43,0,0,0,zero,86
manual_screen,shock,3,155,0,4,27.0,27,0,0,0,zero,86
manual_screen,shock,3,155,1,4,54.0,54,0,0,0,zero,86
manual_screen,shock,3,155,2,4,46.0,46,0,0,0,zero,86
manual_screen,shock,3,156,0,4,29.0,29,0,0,0,zero,86
manual_screen,shock,3,156,1,4,54.0,54,0,0,0,zero,86
manual_screen,shock,3,156,2,4,46.0,46,0,0,0,zero,86
manual_screen,shock,3,157,0,4,25.0,25,0,0,0,zero,86
manual_screen,shock,3,157,1,4,54.0,54,0,0,0,zero,86
manual_screen,shock,3,157,2,4,46.0,46,0,0,0,zero,86
manual_screen,shock,3,158,0,4,21.0,21,0,2,2,zero,86
manual_screen,shock,3,158,1,4,52.0,52,0,0,0,zero,86
manual_screen,shock,3,158,2,4,46.0,46,0,0,0,zero,86
manual_screen,shock,3,159,0,4,17.0,17,0,2,2,zero,86
manual_screen,shock,3,159,1,4,50.0,50,0,0,0,zero,86
manual_screen,shock,3,159,2,4,46.0,46,0,0,0,zero,86
manual_screen,shock,3,160,0,4,13.0,13,0,2,2,zero,86
manual_screen,shock,3,160,1,4,48.0,48,0,0,0,zero,86
manual_screen,shock,3,160,2,4,46.0,46,0,0,0,zero,86
manual_screen,shock,3,161,0,4,9.0,9,0,2,2,zero,86
manual_screen,shock,3,161,1,4,46.0,46,0,0,0,zero,86
manual_screen,shock,3,161,2,4,46.0,46,0,0,0,zero,86
manual_screen,shock,3,162,0,3,8.0,8,0,4,4,zero,86
manual_screen,shock,3,162,1,3,42.0,42,0,1,1,zero,86
manual_screen,shock,3,162,2,3,45.0,45,0,0,0,zero,86
manual_screen,shock,3,163,0,4,6.0,6,0,2,2,zero,86
manual_screen,shock,3,163,1,4,40.0,40,0,1,1,zero,86
manual_screen,shock,3,163,2,4,44.0,44,0,0,0,zero,86
manual_screen,shock,3,164,0,3,5.0,5,0,9,9,zero,86
manual_screen,shock,3,164,1,3,31.0,31,0,1,1,zero,86
manual_screen,shock,3,164,2,3,43.0,43,0,0,0,zero,86
manual_screen,shock,3,165,0,3,4.0,4,0,2,2,zero,86
manual_screen,shock,3,165,1,3,29.0,29,0,1,1,zero,86
manual_screen,shock,3,165,2,3,42.0,42,0,0,0,zero,86
manual_screen,shock,3,166,0,3,5.0,5,0,0,0,zero,86
manual_screen,shock,3,166,1,3,30.0,30,0,1,1,zero,86
manual_screen,shock,3,166,2,3,41.0,41,0,0,0,zero,86
manual_screen,shock,3,167,0,3,4.0,4,0,0,0,zero,86
manual_screen,shock,3,167,1,3,31.0,31,0,1,1,zero,86
manual_screen,shock,3,167,2,3,40.0,40,0,0,0,zero,86
manual_screen,shock,3,168,0,3,10.0,10,0,2,2,zero,86
manual_screen,shock,3,168,1,3,30.0,30,0,0,0,zero,86
manual_screen,shock,3,168,2,3,40.0,40,0,0,0,zero,86
manual_screen,shock,3,169,0,3,9.0,9,0,2,2,zero,86
manual_screen,shock,3,169,1,3,29.0,29,0,0,0,zero,86
manual_screen,shock,3,169,2,3,40.0,40,0,0,0,zero,86
manual_screen,shock,3,170,0,4,5.0,5,0,2,2,zero,86
manual_screen,shock,3,170,1,4,28.0,28,0,0,0,zero,86
manual_screen,shock,3,170,2,4,40.0,40,0,0,0,zero,86
manual_screen,shock,3,171,0,4,1.0,1,0,9,9,zero,86
manual_screen,shock,3,171,1,4,20.0,20,0,1,1,zero,86
manual_screen,shock,3,171,2,4,39.0,39,0,0,0,zero,86
manual_screen,shock,3,172,0,4,1.0,0,1,2,2,zero,86
manual_screen,shock,3,172,1,4,18.0,18,0,1,1,zero,86
manual_screen,shock,3,172,2,4,38.0,38,0,0,0,zero,86
manual_screen,shock,3,173,0,4,3.0,0,3,2,2,zero,86
manual_screen,shock,3,173,1,4,16.0,16,0,1,1,zero,86
manual_screen,shock,3,173,2,4,37.0,37,0,0,0,zero,86
manual_screen,shock,3,174,0,4,5.0,0,5,6,6,zero,86
manual_screen,shock,3,174,1,4,10.0,10,0,1,1,zero,86
manual_screen,shock,3,174,2,4,36.0,36,0,0,0,zero,86
manual_screen,shock,3,175,0,4,-0.0,0,0,6,6,zero,86
manual_screen,shock,3,175,1,4,5.0,5,0,15,15,zero,86
manual_screen,shock,3,175,2,4,21.0,21,0,0,0,zero,86
manual_screen,shock,3,176,0,4,2.0,0,2,2,2,zero,86
manual_screen,shock,3,176,1,4,4.0,4,0,1,1,zero,86
manual_screen,shock,3,176,2,4,20.0,20,0,0,0,zero,86
manual_screen,shock,3,177,0,4,4.0,0,4,6,6,zero,86
manual_screen,shock,3,177,1,4,1.0,0,1,1,1,zero,86
manual_screen,shock,3,177,2,4,19.0,19,0,0,0,zero,86
manual_screen,shock,3,178,0,4,2.0,0,2,6,6,zero,86
manual_screen,shock,3,178,1,4,6.0,0,6,1,1,zero,86
manual_screen,shock,3,178,2,4,18.0,18,0,0,0,zero,86
manual_screen,shock,3,179,0,4,-0.0,0,0,10,10,zero,86
manual_screen,shock,3,179,1,4,1.0,0,1,15,15,zero,86
manual_screen,shock,3,179,2,4,3.0,3,0,0,0,zero,86
manual_screen,shock,3,180,0,5,3.0,0,3,6,6,zero,86
manual_screen,shock,3,180,1,5,6.0,0,6,1,1,zero,86
manual_screen,shock,3,180,2,5,2.0,2,0,16,16,zero,86
manual_screen,shock,3,181,0,5,3.0,0,3,6,6,zero,86
manual_screen,shock,3,181,1,5,11.0,0,11,15,15,zero,86
manual_screen,shock,3,181,2,5,13.0,0,13,2,2,zero,86
manual_screen,shock,3,182,0,5,7.0,0,7,6,6,zero,86
manual_screen,shock,3,182,1,5,16.0,0,16,15,15,zero,86
manual_screen,shock,3,182,2,5,28.0,0,28,20,20,zero,86
manual_screen,shock,3,183,0,5,3.0,3,0,6,6,zero,86
manual_screen,shock,3,183,1,5,7.0,0,7,15,15,zero,86
manual_screen,shock,3,183,2,5,43.0,0,43,20,20,zero,86
manual_screen,shock,3,184,0,5,1.0,0,1,2,2,zero,86
manual_screen,shock,3,184,1,5,8.0,0,8,15,15,zero,86
manual_screen,shock,3,184,2,5,42.0,0,42,20,20,zero,86
manual_screen,shock,3,185,0,5,5.0,0,5,6,6,zero,86
manual_screen,shock,3,185,1,5,12.0,0,12,3,3,zero,86
manual_screen,shock,3,185,2,5,43.0,0,43,20,20,zero,86
manual_screen,shock,3,186,0,5,9.0,0,9,6,6,zero,86
manual_screen,shock,3,186,1,5,18.0,0,18,18,18,zero,86
manual_screen,shock,3,186,2,5,41.0,0,41,14,14,zero,86
manual_screen,shock,3,187,0,6,-0.0,0,0,6,6,zero,86
manual_screen,shock,3,187,1,6,24.0,0,24,3,3,zero,86
manual_screen,shock,3,187,2,6,24.0,0,24,20,20,zero,86
manual_screen,shock,3,188,0,6,5.0,0,5,19,19,zero,86
manual_screen,shock,3,188,1,6,27.0,0,27,0,0,zero,86
manual_screen,shock,3,188,2,6,4.0,0,4,16,16,zero,86
manual_screen,shock,3,189,0,5,8.0,0,8,10,10,zero,86
manual_screen,shock,3,189,1,5,35.0,0,35,18,18,zero,86
manual_screen,shock,3,189,2,5,2.0,0,2,0,0,zero,86
manual_screen,shock,3,190,0,6,14.0,0,14,10,10,zero,86
manual_screen,shock,3,190,1,6,25.0,0,25,0,0,zero,86
manual_screen,shock,3,190,2,6,12.0,12,0,16,16,zero,86
manual_screen,shock,3,191,0,7,21.0,0,21,6,6,zero,86
manual_screen,shock,3,191,1,7,11.0,0,11,18,18,zero,86
manual_screen,shock,3,191,2,7,14.0,14,0,1,1,zero,86
manual_screen,shock,3,192,0,7,12.0,0,12,2,2,zero,86
manual_screen,shock,3,192,1,7,7.0,7,0,0,0,zero,86
manual_screen,shock,3,192,2,7,30.0,30,0,16,16,zero,86
manual_screen,shock,3,193,0,7,17.0,0,17,0,0,zero,86
manual_screen,shock,3,193,1,7,27.0,27,0,0,0,zero,86
manual_screen,shock,3,193,2,7,30.0,30,0,0,0,zero,86
manual_screen,shock,3,194,0,6,3.0,0,3,6,6,zero,86
manual_screen,shock,3,194,1,6,23.0,23,0,0,0,zero,86
manual_screen,shock,3,194,2,6,46.0,46,0,0,0,zero,86
manual_screen,shock,3,195,0,6,11.0,11,0,6,6,zero,86
manual_screen,shock,3,195,1,6,35.0,35,0,0,0,zero,86
manual_screen,shock,3,195,2,6,47.0,47,0,0,0,zero,86
manual_screen,shock,3,196,0,5,19.0,19,0,6,6,zero,86
manual_screen,shock,3,196,1,5,29.0,29,0,1,1,zero,86
manual_screen,shock,3,196,2,5,62.0,62,0,0,0,zero,86
manual_screen,shock,3,197,0,5,14.0,14,0,2,2,zero,86
manual_screen,shock,3,197,1,5,27.0,27,0,15,15,zero,86
manual_screen,shock,3,197,2,5,47.0,47,0,0,0,zero,86
manual_screen,shock,3,198,0,5,15.0,15,0,2,2,zero,86
manual_screen,shock,3,198,1,5,25.0,25,0,1,1,zero,86
manual_screen,shock,3,198,2,5,46.0,46,0,0,0,zero,86
manual_screen,shock,3,199,0,5,16.0,16,0,2,2,zero,86
manual_screen,shock,3,199,1,5,23.0,23,0,1,1,zero,86
manual_screen,shock,3,199,2,5,45.0,45,0,0,0,zero,86
manual_screen,shock,3,200,0,5,17.0,17,0,2,2,zero,86
manual_screen,shock,3,200,1,5,22.0,22,0,0,0,zero,86
manual_screen,shock,3,200,2,5,45.0,45,0,0,0,zero,86
llm_single,base,0,1,0,10,10.0,10,0,10,10,zero,
llm_single,base,0,1,1,10,10.0,10,0,15,15,zero,
llm_single,base,0,1,2,10,5.0,5,0,0,0,zero,
llm_single,base,0,2,0,9,11.0,11,0,10,10,zero,
llm_single,base,0,2,1,9,10.0,10,0,1,1,zero,
llm_single,base,0,2,2,9,14.0,14,0,20,20,zero,
llm_single,base,0,3,0,9,12.0,12,0,6,6,zero,
llm_single,base,0,3,1,9,14.0,14,0,15,15,zero,
llm_single,base,0,3,2,9,9.0,9,0,3,3,zero,
llm_single,base,0,4,0,9,13.0,13,0,10,10,zero,
llm_single,base,0,4,1,9,14.0,14,0,1,1,zero,
llm_single,base,0,4,2,9,18.0,18,0,20,20,zero,
llm_single,base,0,5,0,8,15.0,15,0,6,6,zero,
llm_single,base,0,5,1,8,23.0,23,0,15,15,zero,
llm_single,base,0,5,2,8,3.0,3,0,0,0,zero,
llm_single,base,0,6,0,7,18.0,18,0,9,9,zero,
llm_single,base,0,6,1,7,15.0,15,0,1,1,zero,
llm_single,base,0,6,2,7,22.0,22,0,16,16,zero,
llm_single,base,0,7,0,7,17.0,17,0,4,4,zero,
llm_single,base,0,7,1,7,26.0,26,0,1,1,zero,
llm_single,base,0,7,2,7,24.0,24,0,0,0,zero,
llm_single,base,0,8,0,8,19.0,19,0,4,4,zero,
llm_single,base,0,8,1,8,23.0,23,0,1,1,zero,
llm_single,base,0,8,2,8,43.0,43,0,0,0,zero,
llm_single,base,0,9,0,7,18.0,18,0,6,6,zero,
llm_single,base,0,9,1,7,32.0,32,0,1,1,zero,
llm_single,base,0,9,2,7,42.0,42,0,0,0,zero,
llm_single,base,0,10,0,7,20.0,20,0,4,4,zero,
llm_single,base,0,10,1,7,29.0,29,0,1,1,zero,
llm_single,base,0,10,2,7,57.0,57,0,0,0,zero,
llm_single,base,0,11,0,7,17.0,17,0,4,4,zero,
llm_single,base,0,11,1,7,26.0,26,0,1,1,zero,
llm_single,base,0,11,2,7,56.0,56,0,0,0,zero,
llm_single,base,0,12,0,7,14.0,14,0,4,4,zero,
llm_single,base,0,12,1,7,23.0,23,0,1,1,zero,
llm_single,base,0,12,2,7,55.0,55,0,0,0,zero,
llm_single,base,0,13,0,8,12.0,12,0,9,9,zero,
llm_single,base,0,13,1,8,15.0,15,0,1,1,zero,
llm_single,base,0,13,2,8,54.0,54,0,0,0,zero,
llm_single,base,0,14,0,8,8.0,8,0,9,9,zero,
llm_single,base,0,14,1,8,7.0,7,0,15,15,zero,
llm_single,base,0,14,2,8,39.0,39,0,0,0,zero,
llm_single,base,0,15,0,9,3.0,3,0,9,9,zero,
llm_single,base,0,15,1,9,1.0,0,1,11,11,zero,
llm_single,base,0,15,2,9,28.0,28,0,0,0,zero,
llm_single,base,0,16,0,8,1.0,0,1,9,9,zero,
llm_single,base,0,16,1,8,9.0,0,9,15,15,zero,
llm_single,base,0,16,2,8,13.0,13,0,16,16,zero,
llm_single,base,0,17,0,8,-0.0,0,0,10,10,zero,
llm_single,base,0,17,1,8,18.0,0,18,3,3,zero,
llm_single,base,0,17,2,8,10.0,10,0,20,20,zero,
llm_single,base,0,18,0,8,1.0,1,0,10,10,zero,
llm_single,base,0,18,1,8,13.0,0,13,15,15,zero,
llm_single,base,0,18,2,8,5.0,0,5,0,0,zero,
llm_single,base,0,19,0,9,-0.0,0,0,6,6,zero,
llm_single,base,0,19,1,9,8.0,0,8,18,18,zero,
llm_single,base,0,19,2,9,23.0,0,23,20,20,zero,
llm_single,base,0,20,0,9,8.0,0,8,10,10,zero,
llm_single,base,0,20,1,9,3.0,0,3,18,18,zero,
llm_single,base,0,20,2,9,25.0,0,25,20,20,zero,
llm_single,base,0,21,0,8,15.0,0,15,6,6,zero,
llm_single,base,0,21,1,8,6.0,0,6,18,18,zero,
llm_single,base,0,21,2,8,23.0,0,23,20,20,zero,
llm_single,base,0,22,0,10,10.0,0,10,10,10,zero,
llm_single,base,0,22,1,10,6.0,0,6,3,3,zero,
llm_single,base,0,22,2,10,26.0,0,26,20,20,zero,
llm_single,base,0,23,0,10,9.0,0,9,10,10,zero,
llm_single,base,0,23,1,10,16.0,0,16,18,18,zero,
llm_single,base,0,23,2,10,24.0,0,24,0,0,zero,
llm_single,base,0,24,0,9,3.0,0,3,19,19,zero,
llm_single,base,0,24,1,9,19.0,0,19,3,3,zero,
llm_single,base,0,24,2,9,7.0,0,7,20,20,zero,
llm_single,base,0,25,0,8,8.0,0,8,10,10,zero,
llm_single,base,0,25,1,8,9.0,0,9,18,18,zero,
llm_single,base,0,25,2,8,5.0,0,5,16,16,zero,
llm_single,base,0,26,0,8,6.0,0,6,2,2,zero,
llm_single,base,0,26,1,8,11.0,0,11,3,3,zero,
llm_single,base,0,26,2,8,12.0,12,0,20,20,zero,
llm_single,base,0,27,0,8,14.0,0,14,6,6,zero,
llm_single,base,0,27,1,8,3.0,3,0,0,0,zero,
llm_single,base,0,27,2,8,12.0,12,0,3,3,zero,
llm_single,base,0,28,0,7,5.0,0,5,6,6,zero,
llm_single,base,0,28,1,7,17.0,17,0,12,12,zero,
llm_single,base,0,28,2,7,20.0,20,0,0,0,zero,
llm_single,base,0,29,0,7,8.0,8,0,6,6,zero,
llm_single,base,0,29,1,7,31.0,31,0,0,0,zero,
llm_single,base,0,29,2,7,36.0,36,0,0,0,zero,
llm_single,base,0,30,0,6,2.0,2,0,2,2,zero,
llm_single,base,0,30,1,6,37.0,37,0,12,12,zero,
llm_single,base,0,30,2,6,44.0,44,0,0,0,zero,
llm_single,base,0,31,0,7,12.0,12,0,6,6,zero,
llm_single,base,0,31,1,7,31.0,31,0,0,0,zero,
llm_single,base,0,31,2,7,47.0,47,0,1,1,zero,
llm_single,base,0,32,0,7,11.0,11,0,6,6,zero,
llm_single,base,0,32,1,7,37.0,37,0,1,1,zero,
llm_single,base,0,32,2,7,46.0,46,0,0,0,zero,
llm_single,base,0,33,0,8,9.0,9,0,9,9,zero,
llm_single,base,0,33,1,8,28.0,28,0,1,1,zero,
llm_single,base,0,33,2,8,45.0,45,0,0,0,zero,
llm_single,base,0,34,0,9,2.0,2,0,9,9,zero,
llm_single,base,0,34,1,9,31.0,31,0,15,15,zero,
llm_single,base,0,34,2,9,30.0,30,0,0,0,zero,
llm_single,base,0,35,0,9,1.0,0,1,9,9,zero,
llm_single,base,0,35,1,9,22.0,22,0,15,15,zero,
llm_single,base,0,35,2,9,16.0,16,0,1,1,zero,
llm_single,base,0,36,0,9,4.0,0,4,9,9,zero,
llm_single,base,0,36,1,9,14.0,14,0,1,1,zero,
llm_single,base,0,36,2,9,15.0,15,0,20,20,zero,
llm_single,base,0,37,0,8,3.0,0,3,10,10,zero,
llm_single,base,0,37,1,8,5.0,5,0,11,11,zero,
llm_single,base,0,37,2,8,4.0,4,0,3,3,zero,
llm_single,base,0,38,0,8,2.0,0,2,6,6,zero,
llm_single,base,0,38,1,8,14.0,14,0,15,15,zero,
llm_single,base,0,38,2,8,11.0,0,11,20,20,zero,
llm_single,base,0,39,0,8,1.0,0,1,10,10,zero,
llm_single,base,0,39,1,8,19.0,19,0,11,11,zero,
llm_single,base,0,39,2,8,21.0,0,21,20,20,zero,
llm_single,base,0,40,0,9,1.0,0,1,6,6,zero,
llm_single,base,0,40,1,9,14.0,14,0,15,15,zero,
llm_single,base,0,40,2,9,16.0,0,16,20,20,zero,
llm_single,base,0,41,0,10,1.0,0,1,19,19,zero,
llm_single,base,0,41,1,10,6.0,6,0,1,1,zero,
llm_single,base,0,41,2,10,14.0,0,14,16,16,zero,
llm_single,base,0,42,0,10,5.0,0,5,6,6,zero,
llm_single,base,0,42,1,10,4.0,4,0,15,15,zero,
llm_single,base,0,42,2,10,9.0,0,9,0,0,zero,
llm_single,base,0,43,0,9,4.0,0,4,10,10,zero,
llm_single,base,0,43,1,9,5.0,0,5,3,3,zero,
llm_single,base,0,43,2,9,8.0,8,0,16,16,zero,
llm_single,base,0,44,0,7,5.0,0,5,10,10,zero,
llm_single,base,0,44,1,7,5.0,5,0,15,15,zero,
llm_single,base,0,44,2,7,13.0,13,0,1,1,zero,
llm_single,base,0,45,0,8,6.0,6,0,6,6,zero,
llm_single,base,0,45,1,8,2.0,2,0,3,3,zero,
llm_single,base,0,45,2,8,26.0,26,0,16,16,zero,
llm_single,base,0,46,0,7,5.0,5,0,10,10,zero,
llm_single,base,0,46,1,7,12.0,12,0,5,5,zero,
llm_single,base,0,46,2,7,21.0,21,0,0,0,zero,
llm_single,base,0,47,0,7,3.0,3,0,6,6,zero,
llm_single,base,0,47,1,7,18.0,18,0,15,15,zero,
llm_single,base,0,47,2,7,22.0,22,0,0,0,zero,
llm_single,base,0,48,0,7,11.0,11,0,6,6,zero,
llm_single,base,0,48,1,7,27.0,27,0,3,3,zero,
llm_single,base,0,48,2,7,20.0,20,0,16,16,zero,
llm_single,base,0,49,0,7,10.0,10,0,6,6,zero,
llm_single,base,0,49,1,7,24.0,24,0,1,1,zero,
llm_single,base,0,49,2,7,35.0,35,0,3,3,zero,
llm_single,base,0,50,0,8,12.0,12,0,6,6,zero,
llm_single,base,0,50,1,8,23.0,23,0,1,1,zero,
llm_single,base,0,50,2,8,34.0,34,0,0,0,zero,
llm_single,base,0,51,0,8,10.0,10,0,10,10,zero,
llm_single,base,0,51,1,8,28.0,28,0,1,1,zero,
llm_single,base,0,51,2,8,33.0,33,0,0,0,zero,
llm_single,base,0,52,0,8,8.0,8,0,9,9,zero,
llm_single,base,0,52,1,8,22.0,22,0,15,15,zero,
llm_single,base,0,52,2,8,34.0,34,0,0,0,zero,
llm_single,base,0,53,0,8,6.0,6,0,9,9,zero,
llm_single,base,0,53,1,8,14.0,14,0,15,15,zero,
llm_single,base,0,53,2,8,22.0,22,0,1,1,zero,
llm_single,base,0,54,0,8,4.0,4,0,2,2,zero,
llm_single,base,0,54,1,8,13.0,13,0,15,15,zero,
llm_single,base,0,54,2,8,7.0,7,0,20,20,zero,
llm_single,base,0,55,0,9,5.0,5,0,6,6,zero,
llm_single,base,0,55,1,9,8.0,8,0,0,0,zero,
llm_single,base,0,55,2,9,7.0,7,0,20,20,zero,
llm_single,base,0,56,0,8,6.0,6,0,10,10,zero,
llm_single,base,0,56,1,8,13.0,13,0,1,1,zero,
llm_single,base,0,56,2,8,6.0,6,0,0,0,zero,
llm_single,base,0,57,0,8,7.0,7,0,9,9,zero,
llm_single,base,0,57,1,8,19.0,19,0,12,12,zero,
llm_single,base,0,57,2,8,5.0,0,5,0,0,zero,
llm_single,base,0,58,0,6,3.0,3,0,9,9,zero,
llm_single,base,0,58,1,6,25.0,25,0,15,15,zero,
llm_single,base,0,58,2,6,-0.0,0,0,0,0,zero,
llm_single,base,0,59,0,6,3.0,3,0,2,2,zero,
llm_single,base,0,59,1,6,23.0,23,0,15,15,zero,
llm_single,base,0,59,2,6,5.0,5,0,20,20,zero,
llm_single,base,0,60,0,6,7.0,7,0,6,6,zero,
llm_single,base,0,60,1,6,18.0,18,0,0,0,zero,
llm_single,base,0,60,2,6,5.0,5,0,20,20,zero,
llm_single,base,0,61,0,5,11.0,11,0,6,6,zero,
llm_single,base,0,61,1,5,19.0,19,0,0,0,zero,
llm_single,base,0,61,2,5,5.0,5,0,0,0,zero,
llm_single,base,0,62,0,5,15.0,15,0,2,2,zero,
llm_single,base,0,62,1,5,37.0,37,0,1,1,zero,
llm_single,base,0,62,2,5,4.0,4,0,0,0,zero,
llm_single,base,0,63,0,5,12.0,12,0,2,2,zero,
llm_single,base,0,63,1,5,50.0,50,0,0,0,zero,
llm_single,base,0,63,2,5,24.0,24,0,0,0,zero,
llm_single,base,0,64,0,5,13.0,13,0,2,2,zero,
llm_single,base,0,64,1,5,48.0,48,0,0,0,zero,
llm_single,base,0,64,2,5,44.0,44,0,0,0,zero,
llm_single,base,0,65,0,5,14.0,14,0,6,6,zero,
llm_single,base,0,65,1,5,42.0,42,0,0,0,zero,
llm_single,base,0,65,2,5,44.0,44,0,0,0,zero,
llm_single,base,0,66,0,5,11.0,11,0,2,2,zero,
llm_single,base,0,66,1,5,41.0,41,0,1,1,zero,
llm_single,base,0,66,2,5,43.0,43,0,0,0,zero,
llm_single,base,0,67,0,4,9.0,9,0,9,9,zero,
llm_single,base,0,67,1,4,32.0,32,0,1,1,zero,
llm_single,base,0,67,2,4,42.0,42,0,0,0,zero,
llm_single,base,0,68,0,5,6.0,6,0,3,3,zero,
llm_single,base,0,68,1,5,29.0,29,0,1,1,zero,
llm_single,base,0,68,2,5,41.0,41,0,0,0,zero,
llm_single,base,0,69,0,6,6.0,6,0,3,3,zero,
llm_single,base,0,69,1,6,26.0,26,0,1,1,zero,
llm_single,base,0,69,2,6,40.0,40,0,0,0,zero,
llm_single,base,0,70,0,6,2.0,2,0,6,6,zero,
llm_single,base,0,70,1,6,21.0,21,0,1,1,zero,
llm_single,base,0,70,2,6,39.0,39,0,0,0,zero,
llm_single,base,0,71,0,6,5.0,5,0,6,6,zero,
llm_single,base,0,71,1,6,16.0,16,0,15,15,zero,
llm_single,base,0,71,2,6,24.0,24,0,0,0,zero,
llm_single,base,0,72,0,5,3.0,3,0,9,9,zero,
llm_single,base,0,72,1,5,8.0,8,0,1,1,zero,
llm_single,base,0,72,2,5,23.0,23,0,0,0,zero,
llm_single,base,0,73,0,6,-0.0,0,0,2,2,zero,
llm_single,base,0,73,1,6,7.0,7,0,15,15,zero,
llm_single,base,0,73,2,6,8.0,8,0,0,0,zero,
llm_single,base,0,74,0,6,-0.0,0,0,6,6,zero,
llm_single,base,0,74,1,6,2.0,2,0,1,1,zero,
llm_single,base,0,74,2,6,7.0,7,0,20,20,zero,
llm_single,base,0,75,0,7,1.0,0,1,6,6,zero,
llm_single,base,0,75,1,7,11.0,11,0,1,1,zero,
llm_single,base,0,75,2,7,6.0,6,0,3,3,zero,
llm_single,base,0,76,0,7,1.0,1,0,10,10,zero,
llm_single,base,0,76,1,7,2.0,2,0,1,1,zero,
llm_single,base,0,76,2,7,5.0,5,0,0,0,zero,
llm_single,base,0,77,0,7,4.0,0,4,6,6,zero,
llm_single,base,0,77,1,7,11.0,11,0,15,15,zero,
llm_single,base,0,77,2,7,10.0,0,10,0,0,zero,
llm_single,base,0,78,0,6,4.0,0,4,10,10,zero,
llm_single,base,0,78,1,6,2.0,2,0,15,15,zero,
llm_single,base,0,78,2,6,5.0,0,5,2,2,zero,
llm_single,base,0,79,0,6,4.0,0,4,6,6,zero,
llm_single,base,0,79,1,6,3.0,0,3,3,3,zero,
llm_single,base,0,79,2,6,5.0,0,5,20,20,zero,
llm_single,base,0,80,0,7,1.0,0,1,6,6,zero,
llm_single,base,0,80,1,7,8.0,0,8,15,15,zero,
llm_single,base,0,80,2,7,20.0,0,20,20,20,zero,
llm_single,base,0,81,0,8,3.0,0,3,10,10,zero,
llm_single,base,0,81,1,8,13.0,0,13,3,3,zero,
llm_single,base,0,81,2,8,23.0,0,23,20,20,zero,
llm_single,base,0,82,0,8,1.0,0,1,10,10,zero,
llm_single,base,0,82,1,8,3.0,0,3,15,15,zero,
llm_single,base,0,82,2,8,36.0,0,36,0,0,zero,
llm_single,base,0,83,0,7,5.0,0,5,6,6,zero,
llm_single,base,0,83,1,7,6.0,0,6,15,15,zero,
llm_single,base,0,83,2,7,31.0,0,31,20,20,zero,
llm_single,base,0,84,0,6,10.0,0,10,10,10,zero,
llm_single,base,0,84,1,6,16.0,0,16,3,3,zero,
llm_single,base,0,84,2,6,14.0,0,14,20,20,zero,
llm_single,base,0,85,0,6,11.0,0,11,6,6,zero,
llm_single,base,0,85,1,6,22.0,0,22,3,3,zero,
llm_single,base,0,85,2,6,3.0,3,0,0,0,zero,
llm_single,base,0,86,0,6,3.0,3,0,6,6,zero,
llm_single,base,0,86,1,6,26.0,0,26,0,0,zero,
llm_single,base,0,86,2,6,3.0,3,0,0,0,zero,
llm_single,base,0,87,0,6,-0.0,0,0,19,19,zero,
llm_single,base,0,87,1,6,25.0,0,25,0,0,zero,
llm_single,base,0,87,2,6,23.0,23,0,0,0,zero,
llm_single,base,0,88,0,6,6.0,0,6,9,9,zero,
llm_single,base,0,88,1,6,14.0,0,14,18,18,zero,
llm_single,base,0,88,2,6,25.0,25,0,0,0,zero,
llm_single,base,0,89,0,5,11.0,0,11,2,2,zero,
llm_single,base,0,89,1,5,1.0,1,0,18,18,zero,
llm_single,base,0,89,2,5,7.0,7,0,16,16,zero,
llm_single,base,0,90,0,5,14.0,0,14,0,0,zero,
llm_single,base,0,90,1,5,1.0,1,0,0,0,zero,
llm_single,base,0,90,2,5,7.0,7,0,20,20,zero,
llm_single,base,0,91,0,5,1.0,1,0,6,6,zero,
llm_single,base,0,91,1,5,5.0,0,5,0,0,zero,
llm_single,base,0,91,2,5,7.0,7,0,0,0,zero,
llm_single,base,0,92,0,5,16.0,16,0,6,6,zero,
llm_single,base,0,92,1,5,7.0,7,0,12,12,zero,
llm_single,base,0,92,2,5,5.0,0,5,0,0,zero,
llm_single,base,0,93,0,5,27.0,27,0,0,0,zero,
llm_single,base,0,93,1,5,25.0,25,0,12,12,zero,
llm_single,base,0,93,2,5,1.0,0,1,0,0,zero,
llm_single,base,0,94,0,5,22.0,22,0,0,0,zero,
llm_single,base,0,94,1,5,25.0,25,0,0,0,zero,
llm_single,base,0,94,2,5,19.0,19,0,20,20,zero,
llm_single,base,0,95,0,5,18.0,18,0,2,2,zero,
llm_single,base,0,95,1,5,23.0,23,0,0,0,zero,
llm_single,base,0,95,2,5,19.0,19,0,0,0,zero,
llm_single,base,0,96,0,7,22.0,22,0,2,2,zero,
llm_single,base,0,96,1,7,28.0,28,0,0,0,zero,
llm_single,base,0,96,2,7,19.0,19,0,0,0,zero,
llm_single,base,0,97,0,7,15.0,15,0,9,9,zero,
llm_single,base,0,97,1,7,35.0,35,0,0,0,zero,
llm_single,base,0,97,2,7,19.0,19,0,0,0,zero,
llm_single,base,0,98,0,7,8.0,8,0,3,3,zero,
llm_single,base,0,98,1,7,33.0,33,0,1,1,zero,
llm_single,base,0,98,2,7,38.0,38,0,0,0,zero,
llm_single,base,0,99,0,8,2.0,2,0,9,9,zero,
llm_single,base,0,99,1,8,24.0,24,0,1,1,zero,
llm_single,base,0,99,2,8,37.0,37,0,0,0,zero,
llm_single,base,0,100,0,8,4.0,0,4,9,9,zero,
llm_single,base,0,100,1,8,15.0,15,0,15,15,zero,
llm_single,base,0,100,2,8,22.0,22,0,0,0,zero,
llm_single,base,0,101,0,8,3.0,0,3,9,9,zero,
llm_single,base,0,101,1,8,6.0,6,0,15,15,zero,
llm_single,base,0,101,2,8,7.0,7,0,1,1,zero,
llm_single,base,0,102,0,7,7.0,0,7,9,9,zero,
llm_single,base,0,102,1,7,2.0,0,2,11,11,zero,
llm_single,base,0,102,2,7,4.0,0,4,20,20,zero,
llm_single,base,0,103,0,7,5.0,0,5,10,10,zero,
llm_single,base,0,103,1,7,11.0,0,11,15,15,zero,
llm_single,base,0,103,2,7,19.0,0,19,20,20,zero,
llm_single,base,0,104,0,8,4.0,0,4,10,10,zero,
llm_single,base,0,104,1,8,6.0,0,6,15,15,zero,
llm_single,base,0,104,2,8,34.0,0,34,20,20,zero,
llm_single,base,0,105,0,7,2.0,0,2,6,6,zero,
llm_single,base,0,105,1,7,3.0,3,0,15,15,zero,
llm_single,base,0,105,2,7,48.0,0,48,20,20,zero,
llm_single,base,0,106,0,5,-0.0,0,0,6,6,zero,
llm_single,base,0,106,1,5,4.0,4,0,15,15,zero,
llm_single,base,0,106,2,5,43.0,0,43,20,20,zero,
llm_single,base,0,107,0,5,4.0,0,4,2,2,zero,
llm_single,base,0,107,1,5,2.0,2,0,3,3,zero,
llm_single,base,0,107,2,5,26.0,0,26,20,20,zero,
llm_single,base,0,108,0,6,5.0,5,0,6,6,zero,
llm_single,base,0,108,1,6,4.0,0,4,0,0,zero,
llm_single,base,0,108,2,6,6.0,0,6,0,0,zero,
llm_single,base,0,109,0,6,11.0,11,0,6,6,zero,
llm_single,base,0,109,1,6,9.0,0,9,0,0,zero,
llm_single,base,0,109,2,6,14.0,14,0,0,0,zero,
llm_single,base,0,110,0,7,10.0,10,0,19,19,zero,
llm_single,base,0,110,1,7,8.0,0,8,0,0,zero,
llm_single,base,0,110,2,7,34.0,34,0,0,0,zero,
llm_single,base,0,111,0,7,5.0,5,0,9,9,zero,
llm_single,base,0,111,1,7,3.0,3,0,18,18,zero,
llm_single,base,0,111,2,7,36.0,36,0,0,0,zero,
llm_single,base,0,112,0,7,-0.0,0,0,2,2,zero,
llm_single,base,0,112,1,7,21.0,21,0,18,18,zero,
llm_single,base,0,112,2,7,18.0,18,0,16,16,zero,
llm_single,base,0,113,0,6,5.0,0,5,2,2,zero,
llm_single,base,0,113,1,6,25.0,25,0,0,0,zero,
llm_single,base,0,113,2,6,18.0,18,0,20,20,zero,
llm_single,base,0,114,0,7,8.0,8,0,6,6,zero,
llm_single,base,0,114,1,7,19.0,19,0,0,0,zero,
llm_single,base,0,114,2,7,18.0,18,0,0,0,zero,
llm_single,base,0,115,0,7,18.0,18,0,6,6,zero,
llm_single,base,0,115,1,7,31.0,31,0,1,1,zero,
llm_single,base,0,115,2,7,17.0,17,0,0,0,zero,
llm_single,base,0,116,0,6,14.0,14,0,9,9,zero,
llm_single,base,0,116,1,6,40.0,40,0,1,1,zero,
llm_single,base,0,116,2,6,32.0,32,0,0,0,zero,
llm_single,base,0,117,0,7,9.0,9,0,2,2,zero,
llm_single,base,0,117,1,7,38.0,38,0,12,12,zero,
llm_single,base,0,117,2,7,40.0,40,0,0,0,zero,
llm_single,base,0,118,0,7,8.0,8,0,9,9,zero,
llm_single,base,0,118,1,7,29.0,29,0,1,1,zero,
llm_single,base,0,118,2,7,39.0,39,0,0,0,zero,
llm_single,base,0,119,0,7,7.0,7,0,6,6,zero,
llm_single,base,0,119,1,7,24.0,24,0,15,15,zero,
llm_single,base,0,119,2,7,24.0,24,0,0,0,zero,
llm_single,base,0,120,0,6,10.0,10,0,9,9,zero,
llm_single,base,0,120,1,6,16.0,16,0,1,1,zero,
llm_single,base,0,120,2,6,23.0,23,0,16,16,zero,
llm_single,base,0,121,0,6,6.0,6,0,2,2,zero,
llm_single,base,0,121,1,6,26.0,26,0,1,1,zero,
llm_single,base,0,121,2,6,22.0,22,0,0,0,zero,
llm_single,base,0,122,0,6,9.0,9,0,6,6,zero,
llm_single,base,0,122,1,6,21.0,21,0,1,1,zero,
llm_single,base,0,122,2,6,21.0,21,0,0,0,zero,
llm_single,base,0,123,0,6,9.0,9,0,6,6,zero,
llm_single,base,0,123,1,6,30.0,30,0,1,1,zero,
llm_single,base,0,123,2,6,20.0,20,0,0,0,zero,
llm_single,base,0,124,0,7,11.0,11,0,2,2,zero,
llm_single,base,0,124,1,7,29.0,29,0,1,1,zero,
llm_single,base,0,124,2,7,35.0,35,0,0,0,zero,
llm_single,base,0,125,0,8,5.0,5,0,9,9,zero,
llm_single,base,0,125,1,8,21.0,21,0,1,1,zero,
llm_single,base,0,125,2,8,34.0,34,0,0,0,zero,
llm_single,base,0,126,0,7,4.0,4,0,9,9,zero,
llm_single,base,0,126,1,7,13.0,13,0,15,15,zero,
llm_single,base,0,126,2,7,19.0,19,0,0,0,zero,
llm_single,base,0,127,0,8,2.0,2,0,9,9,zero,
llm_single,base,0,127,1,8,5.0,5,0,11,11,zero,
llm_single,base,0,127,2,8,8.0,8,0,1,1,zero,
llm_single,base,0,128,0,7,3.0,0,3,9,9,zero,
llm_single,base,0,128,1,7,3.0,0,3,15,15,zero,
llm_single,base,0,128,2,7,7.0,0,7,20,20,zero,
llm_single,base,0,129,0,8,2.0,0,2,6,6,zero,
llm_single,base,0,129,1,8,8.0,0,8,15,15,zero,
llm_single,base,0,129,2,8,22.0,0,22,20,20,zero,
llm_single,base,0,130,0,7,-0.0,0,0,10,10,zero,
llm_single,base,0,130,1,7,3.0,0,3,15,15,zero,
llm_single,base,0,130,2,7,37.0,0,37,20,20,zero,
llm_single,base,0,131,0,6,3.0,3,0,6,6,zero,
llm_single,base,0,131,1,6,2.0,2,0,15,15,zero,
llm_single,base,0,131,2,6,51.0,0,51,20,20,zero,
llm_single,base,0,132,0,6,3.0,3,0,2,2,zero,
llm_single,base,0,132,1,6,8.0,8,0,15,15,zero,
llm_single,base,0,132,2,6,46.0,0,46,20,20,zero,
llm_single,base,0,133,0,5,1.0,0,1,6,6,zero,
llm_single,base,0,133,1,5,2.0,2,0,3,3,zero,
llm_single,base,0,133,2,5,29.0,0,29,20,20,zero,
llm_single,base,0,134,0,7,7.0,7,0,6,6,zero,
llm_single,base,0,134,1,7,4.0,0,4,0,0,zero,
llm_single,base,0,134,2,7,9.0,0,9,0,0,zero,
llm_single,base,0,135,0,6,10.0,10,0,19,19,zero,
llm_single,base,0,135,1,6,22.0,0,22,0,0,zero,
llm_single,base,0,135,2,6,11.0,11,0,0,0,zero,
llm_single,base,0,136,0,6,6.0,6,0,19,19,zero,
llm_single,base,0,136,1,6,21.0,0,21,12,12,zero,
llm_single,base,0,136,2,6,19.0,19,0,0,0,zero,
llm_single,base,0,137,0,7,5.0,5,0,9,9,zero,
llm_single,base,0,137,1,7,10.0,0,10,18,18,zero,
llm_single,base,0,137,2,7,21.0,21,0,1,1,zero,
llm_single,base,0,138,0,7,-0.0,0,0,2,2,zero,
llm_single,base,0,138,1,7,8.0,8,0,18,18,zero,
llm_single,base,0,138,2,7,3.0,3,0,20,20,zero,
llm_single,base,0,139,0,6,5.0,0,5,0,0,zero,
llm_single,base,0,139,1,6,17.0,17,0,0,0,zero,
llm_single,base,0,139,2,6,3.0,3,0,20,20,zero,
llm_single,base,0,140,0,6,9.0,9,0,2,2,zero,
llm_single,base,0,140,1,6,27.0,27,0,0,0,zero,
llm_single,base,0,140,2,6,3.0,3,0,0,0,zero,
llm_single,base,0,141,0,5,24.0,24,0,6,6,zero,
llm_single,base,0,141,1,5,39.0,39,0,0,0,zero,
llm_single,base,0,141,2,5,4.0,4,0,0,0,zero,
llm_single,base,0,142,0,5,31.0,31,0,0,0,zero,
llm_single,base,0,142,1,5,57.0,57,0,0,0,zero,
llm_single,base,0,142,2,5,24.0,24,0,0,0,zero,
llm_single,base,0,143,0,5,26.0,26,0,0,0,zero,
llm_single,base,0,143,1,5,57.0,57,0,0,0,zero,
llm_single,base,0,143,2,5,44.0,44,0,0,0,zero,
llm_single,base,0,144,0,4,24.0,24,0,2,2,zero,
llm_single,base,0,144,1,4,55.0,55,0,0,0,zero,
llm_single,base,0,144,2,4,44.0,44,0,0,0,zero,
llm_single,base,0,145,0,4,26.0,26,0,0,0,zero,
llm_single,base,0,145,1,4,55.0,55,0,0,0,zero,
llm_single,base,0,145,2,4,44.0,44,0,0,0,zero,
llm_single,base,0,146,0,4,22.0,22,0,0,0,zero,
llm_single,base,0,146,1,4,55.0,55,0,0,0,zero,
llm_single,base,0,146,2,4,44.0,44,0,0,0,zero,
llm_single,base,0,147,0,3,19.0,19,0,2,2,zero,
llm_single,base,0,147,1,3,53.0,53,0,0,0,zero,
llm_single,base,0,147,2,3,44.0,44,0,0,0,zero,
llm_single,base,0,148,0,4,17.0,17,0,0,0,zero,
llm_single,base,0,148,1,4,53.0,53,0,0,0,zero,
llm_single,base,0,148,2,4,44.0,44,0,0,0,zero,
llm_single,base,0,149,0,4,13.0,13,0,2,2,zero,
llm_single,base,0,149,1,4,51.0,51,0,0,0,zero,
llm_single,base,0,149,2,4,44.0,44,0,0,0,zero,
llm_single,base,0,150,0,4,9.0,9,0,2,2,zero,
llm_single,base,0,150,1,4,49.0,49,0,0,0,zero,
llm_single,base,0,150,2,4,44.0,44,0,0,0,zero,
llm_single,base,0,151,0,4,7.0,7,0,9,9,zero,
llm_single,base,0,151,1,4,40.0,40,0,0,0,zero,
llm_single,base,0,151,2,4,44.0,44,0,0,0,zero,
llm_single,base,0,152,0,5,2.0,2,0,3,3,zero,
llm_single,base,0,152,1,5,37.0,37,0,1,1,zero,
llm_single,base,0,152,2,5,43.0,43,0,0,0,zero,
llm_single,base,0,153,0,4,-0.0,0,0,9,9,zero,
llm_single,base,0,153,1,4,28.0,28,0,1,1,zero,
llm_single,base,0,153,2,4,42.0,42,0,0,0,zero,
llm_single,base,0,154,0,4,2.0,0,2,2,2,zero,
llm_single,base,0,154,1,4,26.0,26,0,11,11,zero,
llm_single,base,0,154,2,4,31.0,31,0,0,0,zero,
llm_single,base,0,155,0,4,3.0,3,0,2,2,zero,
llm_single,base,0,155,1,4,24.0,24,0,1,1,zero,
llm_single,base,0,155,2,4,30.0,30,0,0,0,zero,
llm_single,base,0,156,0,4,2.0,2,0,2,2,zero,
llm_single,base,0,156,1,4,23.0,23,0,1,1,zero,
llm_single,base,0,156,2,4,29.0,29,0,0,0,zero,
llm_single,base,0,157,0,3,8.0,8,0,6,6,zero,
llm_single,base,0,157,1,3,18.0,18,0,1,1,zero,
llm_single,base,0,157,2,3,28.0,28,0,0,0,zero,
llm_single,base,0,158,0,3,7.0,7,0,2,2,zero,
llm_single,base,0,158,1,3,27.0,27,0,1,1,zero,
llm_single,base,0,158,2,3,27.0,27,0,0,0,zero,
llm_single,base,0,159,0,3,6.0,6,0,2,2,zero,
llm_single,base,0,159,1,3,26.0,26,0,1,1,zero,
llm_single,base,0,159,2,3,26.0,26,0,0,0,zero,
llm_single,base,0,160,0,3,5.0,5,0,0,0,zero,
llm_single,base,0,160,1,3,27.0,27,0,1,1,zero,
llm_single,base,0,160,2,3,25.0,25,0,0,0,zero,
llm_single,base,0,161,0,3,8.0,8,0,6,6,zero,
llm_single,base,0,161,1,3,22.0,22,0,0,0,zero,
llm_single,base,0,161,2,3,25.0,25,0,0,0,zero,
llm_single,base,0,162,0,3,7.0,7,0,0,0,zero,
llm_single,base,0,162,1,3,23.0,23,0,1,1,zero,
llm_single,base,0,162,2,3,24.0,24,0,0,0,zero,
llm_single,base,0,163,0,3,6.0,6,0,6,6,zero,
llm_single,base,0,163,1,3,18.0,18,0,1,1,zero,
llm_single,base,0,163,2,3,23.0,23,0,0,0,zero,
llm_single,base,0,164,0,3,3.0,3,0,2,2,zero,
llm_single,base,0,164,1,3,17.0,17,0,1,1,zero,
llm_single,base,0,164,2,3,22.0,22,0,0,0,zero,
llm_single,base,0,165,0,3,6.0,6,0,0,0,zero,
llm_single,base,0,165,1,3,17.0,17,0,1,1,zero,
llm_single,base,0,165,2,3,21.0,21,0,0,0,zero,
llm_single,base,0,166,0,3,3.0,3,0,2,2,zero,
llm_single,base,0,166,1,3,16.0,16,0,1,1,zero,
llm_single,base,0,166,2,3,20.0,20,0,0,0,zero,
llm_single,base,0,167,0,2,7.0,7,0,6,6,zero,
llm_single,base,0,167,1,2,11.0,11,0,1,1,zero,
llm_single,base,0,167,2,2,19.0,19,0,0,0,zero,
llm_single,base,0,168,0,2,7.0,7,0,0,0,zero,
llm_single,base,0,168,1,2,12.0,12,0,1,1,zero,
llm_single,base,0,168,2,2,18.0,18,0,0,0,zero,
llm_single,base,0,169,0,2,5.0,5,0,0,0,zero,
llm_single,base,0,169,1,2,13.0,13,0,1,1,zero,
llm_single,base,0,169,2,2,17.0,17,0,0,0,zero,
llm_single,base,0,170,0,2,5.0,5,0,0,0,zero,
llm_single,base,0,170,1,2,14.0,14,0,0,0,zero,
llm_single,base,0,170,2,2,17.0,17,0,0,0,zero,
llm_single,base,0,171,0,2,9.0,9,0,0,0,zero,
llm_single,base,0,171,1,2,15.0,15,0,0,0,zero,
llm_single,base,0,171,2,2,17.0,17,0,0,0,zero,
llm_single,base,0,172,0,2,7.0,7,0,0,0,zero,
llm_single,base,0,172,1,2,16.0,16,0,0,0,zero,
llm_single,base,0,172,2,2,17.0,17,0,0,0,zero,
llm_single,base,0,173,0,2,5.0,5,0,2,2,zero,
llm_single,base,0,173,1,2,15.0,15,0,0,0,zero,
llm_single,base,0,173,2,2,17.0,17,0,0,0,zero,
llm_single,base,0,174,0,2,3.0,3,0,0,0,zero,
llm_single,base,0,174,1,2,15.0,15,0,0,0,zero,
llm_single,base,0,174,2,2,17.0,17,0,0,0,zero,
llm_single,base,0,175,0,2,1.0,1,0,6,6,zero,
llm_single,base,0,175,1,2,9.0,9,0,0,0,zero,
llm_single,base,0,175,2,2,17.0,17,0,0,0,zero,
llm_single,base,0,176,0,2,1.0,0,1,2,2,zero,
llm_single,base,0,176,1,2,7.0,7,0,1,1,zero,
llm_single,base,0,176,2,2,16.0,16,0,0,0,zero,
llm_single,base,0,177,0,2,1.0,0,1,0,0,zero,
llm_single,base,0,177,1,2,7.0,7,0,11,11,zero,
llm_single,base,0,177,2,2,5.0,5,0,0,0,zero,
llm_single,base,0,178,0,2,3.0,0,3,0,0,zero,
llm_single,base,0,178,1,2,7.0,7,0,0,0,zero,
llm_single,base,0,178,2,2,5.0,5,0,1,1,zero,
llm_single,base,0,179,0,2,1.0,1,0,6,6,zero,
llm_single,base,0,179,1,2,1.0,1,0,0,0,zero,
llm_single,base,0,179,2,2,5.0,5,0,20,20,zero,
llm_single,base,0,180,0,2,1.0,1,0,0,0,zero,
llm_single,base,0,180,1,2,2.0,2,0,1,1,zero,
llm_single,base,0,180,2,2,4.0,4,0,0,0,zero,
llm_single,base,0,181,0,2,1.0,0,1,2,2,zero,
llm_single,base,0,181,1,2,11.0,11,0,0,0,zero,
llm_single,base,0,181,2,2,4.0,4,0,0,0,zero,
llm_single,base,0,182,0,2,3.0,0,3,0,0,zero,
llm_single,base,0,182,1,2,11.0,11,0,1,1,zero,
llm_single,base,0,182,2,2,4.0,4,0,0,0,zero,
llm_single,base,0,183,0,2,1.0,1,0,6,6,zero,
llm_single,base,0,183,1,2,5.0,5,0,0,0,zero,
llm_single,base,0,183,2,2,24.0,24,0,0,0,zero,
llm_single,base,0,184,0,2,1.0,0,1,0,0,zero,
llm_single,base,0,184,1,2,6.0,6,0,1,1,zero,
llm_single,base,0,184,2,2,23.0,23,0,0,0,zero,
llm_single,base,0,185,0,1,-0.0,0,0,0,0,zero,
llm_single,base,0,185,1,1,6.0,6,0,1,1,zero,
llm_single,base,0,185,2,1,22.0,22,0,0,0,zero,
llm_single,base,0,186,0,1,1.0,0,1,0,0,zero,
llm_single,base,0,186,1,1,7.0,7,0,0,0,zero,
llm_single,base,0,186,2,1,22.0,22,0,0,0,zero,
llm_single,base,0,187,0,1,4.0,4,0,0,0,zero,
llm_single,base,0,187,1,1,7.0,7,0,0,0,zero,
llm_single,base,0,187,2,1,22.0,22,0,0,0,zero,
llm_single,base,0,188,0,1,3.0,3,0,0,0,zero,
llm_single,base,0,188,1,1,8.0,8,0,0,0,zero,
llm_single,base,0,188,2,1,22.0,22,0,0,0,zero,
llm_single,base,0,189,0,1,2.0,2,0,0,0,zero,
llm_single,base,0,189,1,1,9.0,9,0,0,0,zero,
llm_single,base,0,189,2,1,22.0,22,0,0,0,zero,
llm_single,base,0,190,0,2,-0.0,0,0,0,0,zero,
llm_single,base,0,190,1,2,9.0,9,0,0,0,zero,
llm_single,base,0,190,2,2,22.0,22,0,0,0,zero,
llm_single,base,0,191,0,2,2.0,0,2,6,6,zero,
llm_single,base,0,191,1,2,3.0,3,0,0,0,zero,
llm_single,base,0,191,2,2,22.0,22,0,0,0,zero,
llm_single,base,0,192,0,2,4.0,0,4,0,0,zero,
llm_single,base,0,192,1,2,3.0,3,0,1,1,zero,
llm_single,base,0,192,2,2,21.0,21,0,0,0,zero,
llm_single,base,0,193,0,2,6.0,0,6,6,6,zero,
llm_single,base,0,193,1,2,3.0,0,3,1,1,zero,
llm_single,base,0,193,2,2,20.0,20,0,0,0,zero,
llm_single,base,0,194,0,2,8.0,0,8,6,6,zero,
llm_single,base,0,194,1,2,9.0,0,9,15,15,zero,
llm_single,base,0,194,2,2,5.0,5,0,0,0,zero,
llm_single,base,0,195,0,2,4.0,0,4,6,6,zero,
llm_single,base,0,195,1,2,15.0,0,15,1,1,zero,
llm_single,base,0,195,2,2,4.0,4,0,1,1,zero,
llm_single,base,0,196,0,2,6.0,0,6,10,10,zero,
llm_single,base,0,196,1,2,24.0,0,24,15,15,zero,
llm_single,base,0,196,2,2,11.0,0,11,20,20,zero,
llm_single,base,0,197,0,2,5.0,0,5,10,10,zero,
llm_single,base,0,197,1,2,33.0,0,33,18,18,zero,
llm_single,base,0,197,2,2,29.0,0,29,20,20,zero,
llm_single,base,0,198,0,2,7.0,0,7,17,17,zero,
llm_single,base,0,198,1,2,35.0,0,35,18,18,zero,
llm_single,base,0,198,2,2,47.0,0,47,20,20,zero,
llm_single,base,0,199,0,2,9.0,0,9,10,10,zero,
llm_single,base,0,199,1,2,44.0,0,44,18,18,zero,
llm_single,base,0,199,2,2,64.0,0,64,20,20,zero,
llm_single,base,0,200,0,2,10.0,0,10,10,10,zero,
llm_single,base,0,200,1,2,50.0,0,50,18,18,zero,
llm_single,base,0,200,2,2,62.0,0,62,20,20,zero,
llm_single,base,1,1,0,10,10.0,10,0,10,10,zero,
llm_single,base,1,1,1,10,10.0,10,0,15,15,zero,
llm_single,base,1,1,2,10,5.0,5,0,0,0,zero,
llm_single,base,1,2,0,10,10.0,10,0,10,10,zero,
llm_single,base,1,2,1,10,10.0,10,0,1,1,zero,
llm_single,base,1,2,2,10,14.0,14,0,20,20,zero,
llm_single,base,1,3,0,11,9.0,9,0,10,10,zero,
llm_single,base,1,3,1,11,10.0,10,0,15,15,zero,
llm_single,base,1,3,2,11,9.0,9,0,3,3,zero,
llm_single,base,1,4,0,14,5.0,5,0,10,10,zero,
llm_single,base,1,4,1,14,10.0,10,0,15,15,zero,
llm_single,base,1,4,2,14,4.0,4,0,20,20,zero,
llm_single,base,1,5,0,15,-0.0,0,0,19,19,zero,
llm_single,base,1,5,1,15,6.0,6,0,15,15,zero,
llm_single,base,1,5,2,15,11.0,0,11,20,20,zero,
llm_single,base,1,6,0,14,4.0,0,4,19,19,zero,
llm_single,base,1,6,1,14,12.0,0,12,15,15,zero,
llm_single,base,1,6,2,14,6.0,0,6,20,20,zero,
llm_single,base,1,7,0,12,6.0,0,6,19,19,zero,
llm_single,base,1,7,1,12,16.0,0,16,15,15,zero,
llm_single,base,1,7,2,12,18.0,0,18,20,20,zero,
llm_single,base,1,8,0,12,8.0,0,8,10,10,zero,
llm_single,base,1,8,1,12,11.0,0,11,15,15,zero,
llm_single,base,1,8,2,12,13.0,0,13,0,0,zero,
llm_single,base,1,9,0,11,-0.0,0,0,10,10,zero,
llm_single,base,1,9,1,11,17.0,0,17,15,15,zero,
llm_single,base,1,9,2,11,8.0,0,8,20,20,zero,
llm_single,base,1,10,0,10,3.0,0,3,10,10,zero,
llm_single,base,1,10,1,10,7.0,0,7,15,15,zero,
llm_single,base,1,10,2,10,3.0,0,3,20,20,zero,
llm_single,base,1,11,0,9,3.0,3,0,6,6,zero,
llm_single,base,1,11,1,9,10.0,0,10,0,0,zero,
llm_single,base,1,11,2,9,17.0,17,0,20,20,zero,
llm_single,base,1,12,0,9,9.0,9,0,6,6,zero,
llm_single,base,1,12,1,9,4.0,4,0,0,0,zero,
llm_single,base,1,12,2,9,17.0,17,0,0,0,zero,
llm_single,base,1,13,0,8,5.0,5,0,2,2,zero,
llm_single,base,1,13,1,8,22.0,22,0,12,12,zero,
llm_single,base,1,13,2,8,25.0,25,0,0,0,zero,
llm_single,base,1,14,0,10,15.0,15,0,6,6,zero,
llm_single,base,1,14,1,10,36.0,36,0,0,0,zero,
llm_single,base,1,14,2,10,45.0,45,0,0,0,zero,
llm_single,base,1,15,0,10,8.0,8,0,6,6,zero,
llm_single,base,1,15,1,10,33.0,33,0,1,1,zero,
llm_single,base,1,15,2,10,64.0,64,0,0,0,zero,
llm_single,base,1,16,0,9,15.0,15,0,9,9,zero,
llm_single,base,1,16,1,9,24.0,24,0,12,12,zero,
llm_single,base,1,16,2,9,52.0,52,0,0,0,zero,
llm_single,base,1,17,0,9,8.0,8,0,9,9,zero,
llm_single,base,1,17,1,9,27.0,27,0,15,15,zero,
llm_single,base,1,17,2,9,37.0,37,0,0,0,zero,
llm_single,base,1,18,0,9,5.0,5,0,9,9,zero,
llm_single,base,1,18,1,9,18.0,18,0,15,15,zero,
llm_single,base,1,18,2,9,22.0,22,0,16,16,zero,
llm_single,base,1,19,0,7,4.0,4,0,9,9,zero,
llm_single,base,1,19,1,7,10.0,10,0,1,1,zero,
llm_single,base,1,19,2,7,21.0,21,0,20,20,zero,
llm_single,base,1,20,0,7,6.0,6,0,4,4,zero,
llm_single,base,1,20,1,7,18.0,18,0,1,1,zero,
llm_single,base,1,20,2,7,20.0,20,0,0,0,zero,
llm_single,base,1,21,0,7,8.0,8,0,6,6,zero,
llm_single,base,1,21,1,7,27.0,27,0,1,1,zero,
llm_single,base,1,21,2,7,19.0,19,0,0,0,zero,
llm_single,base,1,22,0,9,8.0,8,0,6,6,zero,
llm_single,base,1,22,1,9,36.0,36,0,1,1,zero,
llm_single,base,1,22,2,9,34.0,34,0,0,0,zero,
llm_single,base,1,23,0,10,7.0,7,0,19,19,zero,
llm_single,base,1,23,1,10,18.0,18,0,1,1,zero,
llm_single,base,1,23,2,10,53.0,53,0,0,0,zero,
llm_single,base,1,24,0,11,-0.0,0,0,9,9,zero,
llm_single,base,1,24,1,11,10.0,10,0,15,15,zero,
llm_single,base,1,24,2,11,38.0,38,0,0,0,zero,
llm_single,base,1,25,0,12,6.0,0,6,9,9,zero,
llm_single,base,1,25,1,12,2.0,2,0,15,15,zero,
llm_single,base,1,25,2,12,23.0,23,0,0,0,zero,
llm_single,base,1,26,0,12,12.0,0,12,10,10,zero,
llm_single,base,1,26,1,12,7.0,0,7,15,15,zero,
llm_single,base,1,26,2,12,8.0,8,0,20,20,zero,
llm_single,base,1,27,0,13,6.0,0,6,10,10,zero,
llm_single,base,1,27,1,13,16.0,0,16,3,3,zero,
llm_single,base,1,27,2,13,5.0,5,0,20,20,zero,
llm_single,base,1,28,0,12,9.0,0,9,19,19,zero,
llm_single,base,1,28,1,12,20.0,0,20,18,18,zero,
llm_single,base,1,28,2,12,13.0,0,13,0,0,zero,
llm_single,base,1,29,0,13,13.0,0,13,10,10,zero,
llm_single,base,1,29,1,13,15.0,0,15,18,18,zero,
llm_single,base,1,29,2,13,31.0,0,31,20,20,zero,
llm_single,base,1,30,0,11,21.0,0,21,19,19,zero,
llm_single,base,1,30,1,11,19.0,0,19,18,18,zero,
llm_single,base,1,30,2,11,29.0,0,29,20,20,zero,
llm_single,base,1,31,0,13,33.0,0,33,19,19,zero,
llm_single,base,1,31,1,13,35.0,0,35,18,18,zero,
llm_single,base,1,31,2,13,27.0,0,27,20,20,zero,
llm_single,base,1,32,0,13,31.0,0,31,17,17,zero,
llm_single,base,1,32,1,13,47.0,0,47,18,18,zero,
llm_single,base,1,32,2,13,45.0,0,45,20,20,zero,
llm_single,base,1,33,0,13,29.0,0,29,10,10,zero,
llm_single,base,1,33,1,13,57.0,0,57,18,18,zero,
llm_single,base,1,33,2,13,43.0,0,43,20,20,zero,
llm_single,base,1,34,0,14,28.0,0,28,19,19,zero,
llm_single,base,1,34,1,14,56.0,0,56,18,18,zero,
llm_single,base,1,34,2,14,41.0,0,41,20,20,zero,
llm_single,base,1,35,0,15,40.0,0,40,10,10,zero,
llm_single,base,1,35,1,15,46.0,0,46,18,18,zero,
llm_single,base,1,35,2,15,39.0,0,39,20,20,zero,
llm_single,base,1,36,0,15,50.0,0,50,19,19,zero,
llm_single,base,1,36,1,15,65.0,0,65,18,18,zero,
llm_single,base,1,36,2,15,37.0,0,37,20,20,zero,
llm_single,base,1,37,0,14,64.0,0,64,17,17,zero,
llm_single,base,1,37,1,14,62.0,0,62,18,18,zero,
llm_single,base,1,37,2,14,35.0,0,35,20,20,zero,
llm_single,base,1,38,0,14,58.0,0,58,17,17,zero,
llm_single,base,1,38,1,14,59.0,0,59,18,18,zero,
llm_single,base,1,38,2,14,33.0,0,33,20,20,zero,
llm_single,base,1,39,0,14,52.0,0,52,17,17,zero,
llm_single,base,1,39,1,14,56.0,0,56,18,18,zero,
llm_single,base,1,39,2,14,31.0,0,31,20,20,zero,
llm_single,base,1,40,0,13,65.0,0,65,17,17,zero,
llm_single,base,1,40,1,13,53.0,0,53,18,18,zero,
llm_single,base,1,40,2,13,29.0,0,29,20,20,zero,
llm_single,base,1,41,0,13,58.0,0,58,17,17,zero,
llm_single,base,1,41,1,13,50.0,0,50,18,18,zero,
llm_single,base,1,41,2,13,27.0,0,27,20,20,zero,
llm_single,base,1,42,0,13,51.0,0,51,10,10,zero,
llm_single,base,1,42,1,13,40.0,0,40,18,18,zero,
llm_single,base,1,42,2,13,25.0,0,25,20,20,zero,
llm_single,base,1,43,0,12,43.0,0,43,10,10,zero,
llm_single,base,1,43,1,12,30.0,0,30,18,18,zero,
llm_single,base,1,43,2,12,23.0,0,23,20,20,zero,
llm_single,base,1,44,0,12,35.0,0,35,10,10,zero,
llm_single,base,1,44,1,12,20.0,0,20,0,0,zero,
llm_single,base,1,44,2,12,3.0,0,3,20,20,zero,
llm_single,base,1,45,0,11,26.0,0,26,6,6,zero,
llm_single,base,1,45,1,11,6.0,0,6,0,0,zero,
llm_single,base,1,45,2,11,17.0,17,0,1,1,zero,
llm_single,base,1,46,0,10,16.0,0,16,6,6,zero,
llm_single,base,1,46,1,10,8.0,8,0,18,18,zero,
llm_single,base,1,46,2,10,19.0,19,0,0,0,zero,
llm_single,base,1,47,0,10,6.0,0,6,6,6,zero,
llm_single,base,1,47,1,10,22.0,22,0,0,0,zero,
llm_single,base,1,47,2,10,39.0,39,0,16,16,zero,
llm_single,base,1,48,0,9,5.0,5,0,6,6,zero,
llm_single,base,1,48,1,9,36.0,36,0,0,0,zero,
llm_single,base,1,48,2,9,59.0,59,0,1,1,zero,
llm_single,base,1,49,0,9,16.0,16,0,10,10,zero,
llm_single,base,1,49,1,9,29.0,29,0,12,12,zero,
llm_single,base,1,49,2,9,48.0,48,0,0,0,zero,
llm_single,base,1,50,0,8,20.0,20,0,10,10,zero,
llm_single,base,1,50,1,8,37.0,37,0,12,12,zero,
llm_single,base,1,50,2,8,36.0,36,0,0,0,zero,
llm_single,base,1,51,0,8,18.0,18,0,6,6,zero,
llm_single,base,1,51,1,8,31.0,31,0,15,15,zero,
llm_single,base,1,51,2,8,37.0,37,0,1,1,zero,
llm_single,base,1,52,0,8,16.0,16,0,6,6,zero,
llm_single,base,1,52,1,8,25.0,25,0,3,3,zero,
llm_single,base,1,52,2,8,35.0,35,0,20,20,zero,
llm_single,base,1,53,0,8,18.0,18,0,6,6,zero,
llm_single,base,1,53,1,8,31.0,31,0,1,1,zero,
llm_single,base,1,53,2,8,34.0,34,0,0,0,zero,
llm_single,base,1,54,0,8,20.0,20,0,6,6,zero,
llm_single,base,1,54,1,8,37.0,37,0,1,1,zero,
llm_single,base,1,54,2,8,33.0,33,0,0,0,zero,
llm_single,base,1,55,0,6,20.0,20,0,9,9,zero,
llm_single,base,1,55,1,6,43.0,43,0,1,1,zero,
llm_single,base,1,55,2,6,33.0,33,0,0,0,zero,
llm_single,base,1,56,0,6,20.0,20,0,2,2,zero,
llm_single,base,1,56,1,6,44.0,44,0,1,1,zero,
llm_single,base,1,56,2,6,52.0,52,0,0,0,zero,
llm_single,base,1,57,0,5,21.0,21,0,2,2,zero,
llm_single,base,1,57,1,5,43.0,43,0,1,1,zero,
llm_single,base,1,57,2,5,51.0,51,0,0,0,zero,
llm_single,base,1,58,0,6,21.0,21,0,2,2,zero,
llm_single,base,1,58,1,6,42.0,42,0,1,1,zero,
llm_single,base,1,58,2,6,50.0,50,0,0,0,zero,
llm_single,base,1,59,0,7,23.0,23,0,2,2,zero,
llm_single,base,1,59,1,7,41.0,41,0,1,1,zero,
llm_single,base,1,59,2,7,49.0,49,0,0,0,zero,
llm_single,base,1,60,0,7,18.0,18,0,3,3,zero,
llm_single,base,1,60,1,7,39.0,39,0,1,1,zero,
llm_single,base,1,60,2,7,48.0,48,0,0,0,zero,
llm_single,base,1,61,0,8,12.0,12,0,9,9,zero,
llm_single,base,1,61,1,8,31.0,31,0,1,1,zero,
llm_single,base,1,61,2,8,47.0,47,0,0,0,zero,
llm_single,base,1,62,0,7,7.0,7,0,9,9,zero,
llm_single,base,1,62,1,7,23.0,23,0,1,1,zero,
llm_single,base,1,62,2,7,46.0,46,0,0,0,zero,
llm_single,base,1,63,0,7,2.0,2,0,9,9,zero,
llm_single,base,1,63,1,7,15.0,15,0,15,15,zero,
llm_single,base,1,63,2,7,31.0,31,0,0,0,zero,
llm_single,base,1,64,0,7,2.0,0,2,3,3,zero,
llm_single,base,1,64,1,7,13.0,13,0,15,15,zero,
llm_single,base,1,64,2,7,16.0,16,0,0,0,zero,
llm_single,base,1,65,0,8,1.0,0,1,6,6,zero,
llm_single,base,1,65,1,8,8.0,8,0,1,1,zero,
llm_single,base,1,65,2,8,15.0,15,0,20,20,zero,
llm_single,base,1,66,0,7,1.0,1,0,10,10,zero,
llm_single,base,1,66,1,7,1.0,0,1,1,1,zero,
llm_single,base,1,66,2,7,14.0,14,0,3,3,zero,
llm_single,base,1,67,0,6,4.0,4,0,6,6,zero,
llm_single,base,1,67,1,6,8.0,8,0,15,15,zero,
llm_single,base,1,67,2,6,1.0,0,1,0,0,zero,
llm_single,base,1,68,0,7,-0.0,0,0,6,6,zero,
llm_single,base,1,68,1,7,17.0,17,0,1,1,zero,
llm_single,base,1,68,2,7,2.0,0,2,0,0,zero,
llm_single,base,1,69,0,7,1.0,0,1,6,6,zero,
llm_single,base,1,69,1,7,12.0,12,0,15,15,zero,
llm_single,base,1,69,2,7,3.0,3,0,0,0,zero,
llm_single,base,1,70,0,6,2.0,2,0,10,10,zero,
llm_single,base,1,70,1,6,3.0,3,0,1,1,zero,
llm_single,base,1,70,2,6,5.0,5,0,20,20,zero,
llm_single,base,1,71,0,7,2.0,2,0,6,6,zero,
llm_single,base,1,71,1,7,11.0,11,0,15,15,zero,
llm_single,base,1,71,2,7,10.0,0,10,20,20,zero,
llm_single,base,1,72,0,8,-0.0,0,0,6,6,zero,
llm_single,base,1,72,1,8,5.0,5,0,3,3,zero,
llm_single,base,1,72,2,8,13.0,0,13,20,20,zero,
llm_single,base,1,73,0,8,2.0,0,2,10,10,zero,
llm_single,base,1,73,1,8,12.0,12,0,15,15,zero,
llm_single,base,1,73,2,8,28.0,0,28,0,0,zero,
llm_single,base,1,74,0,8,-0.0,0,0,10,10,zero,
llm_single,base,1,74,1,8,3.0,3,0,15,15,zero,
llm_single,base,1,74,2,8,23.0,0,23,20,20,zero,
llm_single,base,1,75,0,7,1.0,0,1,10,10,zero,
llm_single,base,1,75,1,7,2.0,0,2,3,3,zero,
llm_single,base,1,75,2,7,6.0,0,6,20,20,zero,
llm_single,base,1,76,0,7,2.0,0,2,6,6,zero,
llm_single,base,1,76,1,7,8.0,0,8,3,3,zero,
llm_single,base,1,76,2,7,11.0,11,0,0,0,zero,
llm_single,base,1,77,0,7,1.0,1,0,6,6,zero,
llm_single,base,1,77,1,7,14.0,0,14,0,0,zero,
llm_single,base,1,77,2,7,11.0,11,0,0,0,zero,
llm_single,base,1,78,0,8,3.0,3,0,10,10,zero,
llm_single,base,1,78,1,8,4.0,0,4,1,1,zero,
llm_single,base,1,78,2,8,30.0,30,0,0,0,zero,
llm_single,base,1,79,0,8,3.0,3,0,6,6,zero,
llm_single,base,1,79,1,8,10.0,10,0,20,20,zero,
llm_single,base,1,79,2,8,30.0,30,0,0,0,zero,
llm_single,base,1,80,0,7,4.0,0,4,6,6,zero,
llm_single,base,1,80,1,7,13.0,13,0,0,0,zero,
llm_single,base,1,80,2,7,30.0,30,0,16,16,zero,
llm_single,base,1,81,0,7,11.0,0,11,6,6,zero,
llm_single,base,1,81,1,7,7.0,7,0,12,12,zero,
llm_single,base,1,81,2,7,18.0,18,0,0,0,zero,
llm_single,base,1,82,0,7,2.0,2,0,6,6,zero,
llm_single,base,1,82,1,7,2.0,2,0,3,3,zero,
llm_single,base,1,82,2,7,15.0,15,0,1,1,zero,
llm_single,base,1,83,0,7,5.0,5,0,10,10,zero,
llm_single,base,1,83,1,7,12.0,12,0,12,12,zero,
llm_single,base,1,83,2,7,3.0,3,0,16,16,zero,
llm_single,base,1,84,0,7,4.0,4,0,6,6,zero,
llm_single,base,1,84,1,7,6.0,6,0,15,15,zero,
llm_single,base,1,84,2,7,4.0,4,0,20,20,zero,
llm_single,base,1,85,0,8,2.0,2,0,10,10,zero,
llm_single,base,1,85,1,8,8.0,8,0,3,3,zero,
llm_single,base,1,85,2,8,1.0,1,0,20,20,zero,
llm_single,base,1,86,0,8,-0.0,0,0,6,6,zero,
llm_single,base,1,86,1,8,5.0,5,0,15,15,zero,
llm_single,base,1,86,2,8,13.0,0,13,0,0,zero,
llm_single,base,1,87,0,7,3.0,3,0,10,10,zero,
llm_single,base,1,87,1,7,7.0,7,0,15,15,zero,
llm_single,base,1,87,2,7,12.0,0,12,20,20,zero,
llm_single,base,1,88,0,7,2.0,2,0,6,6,zero,
llm_single,base,1,88,1,7,16.0,16,0,15,15,zero,
llm_single,base,1,88,2,7,7.0,0,7,20,20,zero,
llm_single,base,1,89,0,7,5.0,5,0,6,6,zero,
llm_single,base,1,89,1,7,13.0,13,0,3,3,zero,
llm_single,base,1,89,2,7,10.0,10,0,20,20,zero,
llm_single,base,1,90,0,7,4.0,4,0,6,6,zero,
llm_single,base,1,90,1,7,9.0,9,0,0,0,zero,
llm_single,base,1,90,2,7,10.0,10,0,0,0,zero,
llm_single,base,1,91,0,7,7.0,7,0,6,6,zero,
llm_single,base,1,91,1,7,19.0,19,0,1,1,zero,
llm_single,base,1,91,2,7,29.0,29,0,0,0,zero,
llm_single,base,1,92,0,7,6.0,6,0,10,10,zero,
llm_single,base,1,92,1,7,29.0,29,0,1,1,zero,
llm_single,base,1,92,2,7,48.0,48,0,0,0,zero,
llm_single,base,1,93,0,7,5.0,5,0,6,6,zero,
llm_single,base,1,93,1,7,33.0,33,0,12,12,zero,
llm_single,base,1,93,2,7,56.0,56,0,0,0,zero,
llm_single,base,1,94,0,7,4.0,4,0,9,9,zero,
llm_single,base,1,94,1,7,24.0,24,0,12,12,zero,
llm_single,base,1,94,2,7,44.0,44,0,0,0,zero,
llm_single,base,1,95,0,6,4.0,4,0,2,2,zero,
llm_single,base,1,95,1,6,23.0,23,0,15,15,zero,
llm_single,base,1,95,2,6,29.0,29,0,1,1,zero,
llm_single,base,1,96,0,5,9.0,9,0,6,6,zero,
llm_single,base,1,96,1,5,18.0,18,0,1,1,zero,
llm_single,base,1,96,2,5,28.0,28,0,20,20,zero,
llm_single,base,1,97,0,5,10.0,10,0,2,2,zero,
llm_single,base,1,97,1,5,28.0,28,0,1,1,zero,
llm_single,base,1,97,2,5,27.0,27,0,0,0,zero,
llm_single,base,1,98,0,6,13.0,13,0,6,6,zero,
llm_single,base,1,98,1,6,34.0,34,0,0,0,zero,
llm_single,base,1,98,2,6,27.0,27,0,0,0,zero,
llm_single,base,1,99,0,5,10.0,10,0,6,6,zero,
llm_single,base,1,99,1,5,43.0,43,0,0,0,zero,
llm_single,base,1,99,2,5,28.0,28,0,0,0,zero,
llm_single,base,1,100,0,5,11.0,11,0,2,2,zero,
llm_single,base,1,100,1,5,42.0,42,0,1,1,zero,
llm_single,base,1,100,2,5,47.0,47,0,0,0,zero,
llm_single,base,1,101,0,5,8.0,8,0,2,2,zero,
llm_single,base,1,101,1,5,41.0,41,0,1,1,zero,
llm_single,base,1,101,2,5,46.0,46,0,0,0,zero,
llm_single,base,1,102,0,5,9.0,9,0,6,6,zero,
llm_single,base,1,102,1,5,35.0,35,0,1,1,zero,
llm_single,base,1,102,2,5,45.0,45,0,0,0,zero,
llm_single,base,1,103,0,5,10.0,10,0,2,2,zero,
llm_single,base,1,103,1,5,33.0,33,0,1,1,zero,
llm_single,base,1,103,2,5,44.0,44,0,0,0,zero,
llm_single,base,1,104,0,4,8.0,8,0,9,9,zero,
llm_single,base,1,104,1,4,25.0,25,0,1,1,zero,
llm_single,base,1,104,2,4,43.0,43,0,0,0,zero,
llm_single,base,1,105,0,5,5.0,5,0,3,3,zero,
llm_single,base,1,105,1,5,23.0,23,0,11,11,zero,
llm_single,base,1,105,2,5,32.0,32,0,0,0,zero,
llm_single,base,1,106,0,5,6.0,6,0,4,4,zero,
llm_single,base,1,106,1,5,20.0,20,0,1,1,zero,
llm_single,base,1,106,2,5,31.0,31,0,0,0,zero,
llm_single,base,1,107,0,6,2.0,2,0,2,2,zero,
llm_single,base,1,107,1,6,19.0,19,0,1,1,zero,
llm_single,base,1,107,2,6,30.0,30,0,0,0,zero,
llm_single,base,1,108,0,5,6.0,6,0,10,10,zero,
llm_single,base,1,108,1,5,10.0,10,0,1,1,zero,
llm_single,base,1,108,2,5,29.0,29,0,0,0,zero,
llm_single,base,1,109,0,5,4.0,4,0,2,2,zero,
llm_single,base,1,109,1,5,19.0,19,0,1,1,zero,
llm_single,base,1,109,2,5,28.0,28,0,0,0,zero,
llm_single,base,1,110,0,5,3.0,3,0,6,6,zero,
llm_single,base,1,110,1,5,14.0,14,0,1,1,zero,
llm_single,base,1,110,2,5,27.0,27,0,0,0,zero,
llm_single,base,1,111,0,4,1.0,1,0,2,2,zero,
llm_single,base,1,111,1,4,13.0,13,0,15,15,zero,
llm_single,base,1,111,2,4,12.0,12,0,0,0,zero,
llm_single,base,1,112,0,4,7.0,7,0,2,2,zero,
llm_single,base,1,112,1,4,12.0,12,0,1,1,zero,
llm_single,base,1,112,2,4,11.0,11,0,1,1,zero,
llm_single,base,1,113,0,4,5.0,5,0,2,2,zero,
llm_single,base,1,113,1,4,11.0,11,0,1,1,zero,
llm_single,base,1,113,2,4,10.0,10,0,1,1,zero,
llm_single,base,1,114,0,5,6.0,6,0,6,6,zero,
llm_single,base,1,114,1,5,6.0,6,0,0,0,zero,
llm_single,base,1,114,2,5,10.0,10,0,1,1,zero,
llm_single,base,1,115,0,5,3.0,3,0,6,6,zero,
llm_single,base,1,115,1,5,15.0,15,0,1,1,zero,
llm_single,base,1,115,2,5,9.0,9,0,0,0,zero,
llm_single,base,1,116,0,4,1.0,1,0,2,2,zero,
llm_single,base,1,116,1,4,14.0,14,0,15,15,zero,
llm_single,base,1,116,2,4,5.0,0,5,0,0,zero,
llm_single,base,1,117,0,5,2.0,0,2,2,2,zero,
llm_single,base,1,117,1,5,13.0,13,0,1,1,zero,
llm_single,base,1,117,2,5,5.0,0,5,20,20,zero,
llm_single,base,1,118,0,5,1.0,0,1,6,6,zero,
llm_single,base,1,118,1,5,7.0,7,0,1,1,zero,
llm_single,base,1,118,2,5,5.0,0,5,20,20,zero,
llm_single,base,1,119,0,4,1.0,1,0,6,6,zero,
llm_single,base,1,119,1,4,2.0,2,0,1,1,zero,
llm_single,base,1,119,2,4,6.0,0,6,0,0,zero,
llm_single,base,1,120,0,4,1.0,0,1,2,2,zero,
llm_single,base,1,120,1,4,10.0,10,0,15,15,zero,
llm_single,base,1,120,2,4,21.0,0,21,0,0,zero,
llm_single,base,1,121,0,4,3.0,0,3,6,6,zero,
llm_single,base,1,121,1,4,5.0,5,0,15,15,zero,
llm_single,base,1,121,2,4,16.0,0,16,0,0,zero,
llm_single,base,1,122,0,4,1.0,0,1,6,6,zero,
llm_single,base,1,122,1,4,-0.0,0,0,1,1,zero,
llm_single,base,1,122,2,4,3.0,3,0,20,20,zero,
llm_single,base,1,123,0,4,1.0,1,0,6,6,zero,
llm_single,base,1,123,1,4,6.0,0,6,0,0,zero,
llm_single,base,1,123,2,4,3.0,3,0,20,20,zero,
llm_single,base,1,124,0,4,1.0,0,1,6,6,zero,
llm_single,base,1,124,1,4,12.0,0,12,0,0,zero,
llm_single,base,1,124,2,4,3.0,3,0,0,0,zero,
llm_single,base,1,125,0,4,1.0,1,0,6,6,zero,
llm_single,base,1,125,1,4,2.0,2,0,1,1,zero,
llm_single,base,1,125,2,4,2.0,2,0,0,0,zero,
llm_single,base,1,126,0,4,3.0,3,0,2,2,zero,
llm_single,base,1,126,1,4,17.0,17,0,12,12,zero,
llm_single,base,1,126,2,4,10.0,10,0,0,0,zero,
llm_single,base,1,127,0,5,2.0,0,2,6,6,zero,
llm_single,base,1,127,1,5,11.0,11,0,0,0,zero,
llm_single,base,1,127,2,5,30.0,30,0,0,0,zero,
llm_single,base,1,128,0,5,7.0,0,7,6,6,zero,
llm_single,base,1,128,1,5,5.0,5,0,12,12,zero,
llm_single,base,1,128,2,5,18.0,18,0,0,0,zero,
llm_single,base,1,129,0,5,6.0,6,0,6,6,zero,
llm_single,base,1,129,1,5,-0.0,0,0,1,1,zero,
llm_single,base,1,129,2,5,17.0,17,0,4,4,zero,
llm_single,base,1,130,0,4,4.0,4,0,2,2,zero,
llm_single,base,1,130,1,4,10.0,10,0,15,15,zero,
llm_single,base,1,130,2,4,2.0,2,0,0,0,zero,
llm_single,base,1,131,0,4,6.0,6,0,6,6,zero,
llm_single,base,1,131,1,4,4.0,4,0,1,1,zero,
llm_single,base,1,131,2,4,1.0,1,0,20,20,zero,
llm_single,base,1,132,0,4,8.0,8,0,0,0,zero,
llm_single,base,1,132,1,4,16.0,16,0,5,5,zero,
llm_single,base,1,132,2,4,4.0,0,4,3,3,zero,
llm_single,base,1,133,0,4,10.0,10,0,6,6,zero,
llm_single,base,1,133,1,4,11.0,11,0,0,0,zero,
llm_single,base,1,133,2,4,-0.0,0,0,0,0,zero,
llm_single,base,1,134,0,4,8.0,8,0,6,6,zero,
llm_single,base,1,134,1,4,20.0,20,0,1,1,zero,
llm_single,base,1,134,2,4,1.0,0,1,0,0,zero,
llm_single,base,1,135,0,4,10.0,10,0,0,0,zero,
llm_single,base,1,135,1,4,21.0,21,0,12,12,zero,
llm_single,base,1,135,2,4,7.0,7,0,0,0,zero,
llm_single,base,1,136,0,4,6.0,6,0,2,2,zero,
llm_single,base,1,136,1,4,20.0,20,0,0,0,zero,
llm_single,base,1,136,2,4,10.0,10,0,20,20,zero,
llm_single,base,1,137,0,3,9.0,9,0,6,6,zero,
llm_single,base,1,137,1,3,18.0,18,0,0,0,zero,
llm_single,base,1,137,2,3,10.0,10,0,3,3,zero,
llm_single,base,1,138,0,3,12.0,12,0,2,2,zero,
llm_single,base,1,138,1,3,16.0,16,0,1,1,zero,
llm_single,base,1,138,2,3,9.0,9,0,0,0,zero,
llm_single,base,1,139,0,3,9.0,9,0,0,0,zero,
llm_single,base,1,139,1,3,29.0,29,0,1,1,zero,
llm_single,base,1,139,2,3,8.0,8,0,0,0,zero,
llm_single,base,1,140,0,2,9.0,9,0,0,0,zero,
llm_single,base,1,140,1,2,29.0,29,0,0,0,zero,
llm_single,base,1,140,2,2,28.0,28,0,0,0,zero,
llm_single,base,1,141,0,2,13.0,13,0,0,0,zero,
llm_single,base,1,141,1,2,29.0,29,0,0,0,zero,
llm_single,base,1,141,2,2,31.0,31,0,0,0,zero,
llm_single,base,1,142,0,2,13.0,13,0,0,0,zero,
llm_single,base,1,142,1,2,30.0,30,0,0,0,zero,
llm_single,base,1,142,2,2,31.0,31,0,0,0,zero,
llm_single,base,1,143,0,2,11.0,11,0,0,0,zero,
llm_single,base,1,143,1,2,31.0,31,0,0,0,zero,
llm_single,base,1,143,2,2,31.0,31,0,0,0,zero,
llm_single,base,1,144,0,2,9.0,9,0,0,0,zero,
llm_single,base,1,144,1,2,31.0,31,0,0,0,zero,
llm_single,base,1,144,2,2,31.0,31,0,0,0,zero,
llm_single,base,1,145,0,2,7.0,7,0,0,0,zero,
llm_single,base,1,145,1,2,31.0,31,0,0,0,zero,
llm_single,base,1,145,2,2,31.0,31,0,0,0,zero,
llm_single,base,1,146,0,2,5.0,5,0,2,2,zero,
llm_single,base,1,146,1,2,29.0,29,0,0,0,zero,
llm_single,base,1,146,2,2,31.0,31,0,0,0,zero,
llm_single,base,1,147,0,2,3.0,3,0,0,0,zero,
llm_single,base,1,147,1,2,29.0,29,0,0,0,zero,
llm_single,base,1,147,2,2,31.0,31,0,0,0,zero,
llm_single,base,1,148,0,2,1.0,1,0,6,6,zero,
llm_single,base,1,148,1,2,23.0,23,0,0,0,zero,
llm_single,base,1,148,2,2,31.0,31,0,0,0,zero,
llm_single,base,1,149,0,2,1.0,0,1,2,2,zero,
llm_single,base,1,149,1,2,21.0,21,0,1,1,zero,
llm_single,base,1,149,2,2,30.0,30,0,0,0,zero,
llm_single,base,1,150,0,2,1.0,0,1,0,0,zero,
llm_single,base,1,150,1,2,21.0,21,0,1,1,zero,
llm_single,base,1,150,2,2,29.0,29,0,0,0,zero,
llm_single,base,1,151,0,2,3.0,0,3,0,0,zero,
llm_single,base,1,151,1,2,21.0,21,0,1,1,zero,
llm_single,base,1,151,2,2,28.0,28,0,0,0,zero,
llm_single,base,1,152,0,2,1.0,1,0,6,6,zero,
llm_single,base,1,152,1,2,15.0,15,0,0,0,zero,
llm_single,base,1,152,2,2,28.0,28,0,0,0,zero,
llm_single,base,1,153,0,2,1.0,1,0,0,0,zero,
llm_single,base,1,153,1,2,16.0,16,0,1,1,zero,
llm_single,base,1,153,2,2,27.0,27,0,0,0,zero,
llm_single,base,1,154,0,2,1.0,0,1,2,2,zero,
llm_single,base,1,154,1,2,15.0,15,0,1,1,zero,
llm_single,base,1,154,2,2,26.0,26,0,0,0,zero,
llm_single,base,1,155,0,2,3.0,0,3,0,0,zero,
llm_single,base,1,155,1,2,16.0,16,0,1,1,zero,
llm_single,base,1,155,2,2,25.0,25,0,0,0,zero,
llm_single,base,1,156,0,2,1.0,1,0,6,6,zero,
llm_single,base,1,156,1,2,10.0,10,0,0,0,zero,
llm_single,base,1,156,2,2,25.0,25,0,0,0,zero,
llm_single,base,1,157,0,2,1.0,0,1,0,0,zero,
llm_single,base,1,157,1,2,11.0,11,0,1,1,zero,
llm_single,base,1,157,2,2,24.0,24,0,0,0,zero,
llm_single,base,1,158,0,2,1.0,0,1,0,0,zero,
llm_single,base,1,158,1,2,12.0,12,0,1,1,zero,
llm_single,base,1,158,2,2,23.0,23,0,0,0,zero,
llm_single,base,1,159,0,2,3.0,0,3,6,6,zero,
llm_single,base,1,159,1,2,7.0,7,0,0,0,zero,
llm_single,base,1,159,2,2,23.0,23,0,0,0,zero,
llm_single,base,1,160,0,2,1.0,1,0,0,0,zero,
llm_single,base,1,160,1,2,7.0,7,0,1,1,zero,
llm_single,base,1,160,2,2,22.0,22,0,0,0,zero,
llm_single,base,1,161,0,2,1.0,0,1,6,6,zero,
llm_single,base,1,161,1,2,2.0,2,0,1,1,zero,
llm_single,base,1,161,2,2,21.0,21,0,0,0,zero,
llm_single,base,1,162,0,1,2.0,0,2,0,0,zero,
llm_single,base,1,162,1,1,3.0,3,0,15,15,zero,
llm_single,base,1,162,2,1,6.0,6,0,0,0,zero,
llm_single,base,1,163,0,2,2.0,2,0,0,0,zero,
llm_single,base,1,163,1,2,3.0,3,0,1,1,zero,
llm_single,base,1,163,2,2,5.0,5,0,1,1,zero,
llm_single,base,1,164,0,2,-0.0,0,0,0,0,zero,
llm_single,base,1,164,1,2,4.0,4,0,0,0,zero,
llm_single,base,1,164,2,2,5.0,5,0,20,20,zero,
llm_single,base,1,165,0,2,4.0,4,0,6,6,zero,
llm_single,base,1,165,1,2,1.0,0,1,0,0,zero,
llm_single,base,1,165,2,2,5.0,5,0,0,0,zero,
llm_single,base,1,166,0,2,2.0,2,0,0,0,zero,
llm_single,base,1,166,1,2,14.0,14,0,1,1,zero,
llm_single,base,1,166,2,2,4.0,4,0,0,0,zero,
llm_single,base,1,167,0,1,1.0,1,0,2,2,zero,
llm_single,base,1,167,1,1,13.0,13,0,0,0,zero,
llm_single,base,1,167,2,1,5.0,5,0,0,0,zero,
llm_single,base,1,168,0,2,1.0,0,1,0,0,zero,
llm_single,base,1,168,1,2,13.0,13,0,1,1,zero,
llm_single,base,1,168,2,2,24.0,24,0,0,0,zero,
llm_single,base,1,169,0,2,2.0,2,0,6,6,zero,
llm_single,base,1,169,1,2,7.0,7,0,0,0,zero,
llm_single,base,1,169,2,2,24.0,24,0,0,0,zero,
llm_single,base,1,170,0,2,1.0,1,0,0,0,zero,
llm_single,base,1,170,1,2,8.0,8,0,15,15,zero,
llm_single,base,1,170,2,2,9.0,9,0,0,0,zero,
llm_single,base,1,171,0,2,1.0,1,0,0,0,zero,
llm_single,base,1,171,1,2,8.0,8,0,0,0,zero,
llm_single,base,1,171,2,2,9.0,9,0,1,1,zero,
llm_single,base,1,172,0,2,1.0,0,1,0,0,zero,
llm_single,base,1,172,1,2,9.0,9,0,0,0,zero,
llm_single,base,1,172,2,2,9.0,9,0,1,1,zero,
llm_single,base,1,173,0,2,3.0,3,0,6,6,zero,
llm_single,base,1,173,1,2,3.0,3,0,0,0,zero,
llm_single,base,1,173,2,2,9.0,9,0,0,0,zero,
llm_single,base,1,174,0,2,1.0,1,0,0,0,zero,
llm_single,base,1,174,1,2,18.0,18,0,1,1,zero,
llm_single,base,1,174,2,2,8.0,8,0,0,0,zero,
llm_single,base,1,175,0,2,1.0,0,1,0,0,zero,
llm_single,base,1,175,1,2,18.0,18,0,0,0,zero,
llm_single,base,1,175,2,2,9.0,9,0,0,0,zero,
llm_single,base,1,176,0,2,3.0,0,3,6,6,zero,
llm_single,base,1,176,1,2,12.0,12,0,0,0,zero,
llm_single,base,1,176,2,2,10.0,10,0,0,0,zero,
llm_single,base,1,177,0,2,1.0,1,0,0,0,zero,
llm_single,base,1,177,1,2,12.0,12,0,1,1,zero,
llm_single,base,1,177,2,2,9.0,9,0,0,0,zero,
llm_single,base,1,178,0,2,1.0,0,1,6,6,zero,
llm_single,base,1,178,1,2,7.0,7,0,1,1,zero,
llm_single,base,1,178,2,2,8.0,8,0,0,0,zero,
llm_single,base,1,179,0,2,3.0,0,3,0,0,zero,
llm_single,base,1,179,1,2,7.0,7,0,15,15,zero,
llm_single,base,1,179,2,2,7.0,0,7,1,1,zero,
llm_single,base,1,180,0,2,1.0,1,0,2,2,zero,
llm_single,base,1,180,1,2,5.0,5,0,1,1,zero,
llm_single,base,1,180,2,2,8.0,0,8,20,20,zero,
llm_single,base,1,181,0,2,1.0,0,1,0,0,zero,
llm_single,base,1,181,1,2,6.0,6,0,1,1,zero,
llm_single,base,1,181,2,2,9.0,0,9,20,20,zero,
llm_single,base,1,182,0,2,3.0,3,0,6,6,zero,
llm_single,base,1,182,1,2,1.0,1,0,0,0,zero,
llm_single,base,1,182,2,2,9.0,0,9,0,0,zero,
llm_single,base,1,183,0,2,1.0,1,0,0,0,zero,
llm_single,base,1,183,1,2,9.0,9,0,1,1,zero,
llm_single,base,1,183,2,2,9.0,0,9,0,0,zero,
llm_single,base,1,184,0,2,1.0,1,0,0,0,zero,
llm_single,base,1,184,1,2,9.0,9,0,1,1,zero,
llm_single,base,1,184,2,2,10.0,10,0,0,0,zero,
llm_single,base,1,185,0,2,1.0,0,1,0,0,zero,
llm_single,base,1,185,1,2,9.0,9,0,0,0,zero,
llm_single,base,1,185,2,2,30.0,30,0,0,0,zero,
llm_single,base,1,186,0,2,3.0,3,0,6,6,zero,
llm_single,base,1,186,1,2,3.0,3,0,0,0,zero,
llm_single,base,1,186,2,2,30.0,30,0,0,0,zero,
llm_single,base,1,187,0,2,1.0,1,0,0,0,zero,
llm_single,base,1,187,1,2,4.0,4,0,1,1,zero,
llm_single,base,1,187,2,2,29.0,29,0,0,0,zero,
llm_single,base,1,188,0,2,1.0,0,1,0,0,zero,
llm_single,base,1,188,1,2,14.0,14,0,0,0,zero,
llm_single,base,1,188,2,2,29.0,29,0,0,0,zero,
llm_single,base,1,189,0,2,3.0,0,3,6,6,zero,
llm_single,base,1,189,1,2,8.0,8,0,0,0,zero,
llm_single,base,1,189,2,2,29.0,29,0,0,0,zero,
llm_single,base,1,190,0,3,-0.0,0,0,0,0,zero,
llm_single,base,1,190,1,3,8.0,8,0,1,1,zero,
llm_single,base,1,190,2,3,28.0,28,0,0,0,zero,
llm_single,base,1,191,0,3,3.0,0,3,6,6,zero,
llm_single,base,1,191,1,3,3.0,3,0,1,1,zero,
llm_single,base,1,191,2,3,27.0,27,0,0,0,zero,
llm_single,base,1,192,0,3,6.0,0,6,0,0,zero,
llm_single,base,1,192,1,3,3.0,3,0,15,15,zero,
llm_single,base,1,192,2,3,12.0,12,0,0,0,zero,
llm_single,base,1,193,0,3,3.0,0,3,6,6,zero,
llm_single,base,1,193,1,3,3.0,0,3,1,1,zero,
llm_single,base,1,193,2,3,11.0,11,0,1,1,zero,
llm_single,base,1,194,0,3,6.0,0,6,6,6,zero,
llm_single,base,1,194,1,3,8.0,0,8,15,15,zero,
llm_single,base,1,194,2,3,4.0,0,4,1,1,zero,
llm_single,base,1,195,0,3,3.0,0,3,10,10,zero,
llm_single,base,1,195,1,3,17.0,0,17,3,3,zero,
llm_single,base,1,195,2,3,7.0,0,7,20,20,zero,
llm_single,base,1,196,0,3,6.0,0,6,10,10,zero,
llm_single,base,1,196,1,3,12.0,0,12,15,15,zero,
llm_single,base,1,196,2,3,22.0,0,22,20,20,zero,
llm_single,base,1,197,0,3,6.0,0,6,6,6,zero,
llm_single,base,1,197,1,3,17.0,0,17,15,15,zero,
llm_single,base,1,197,2,3,36.0,0,36,20,20,zero,
llm_single,base,1,198,0,3,8.0,0,8,6,6,zero,
llm_single,base,1,198,1,3,12.0,0,12,15,15,zero,
llm_single,base,1,198,2,3,50.0,0,50,20,20,zero,
llm_single,base,1,199,0,3,10.0,0,10,2,2,zero,
llm_single,base,1,199,1,3,14.0,0,14,18,18,zero,
llm_single,base,1,199,2,3,48.0,0,48,20,20,zero,
llm_single,base,1,200,0,4,1.0,1,0,6,6,zero,
llm_single,base,1,200,1,4,20.0,0,20,3,3,zero,
llm_single,base,1,200,2,4,31.0,0,31,20,20,zero,
llm_single,base,2,1,0,10,10.0,10,0,10,10,zero,
llm_single,base,2,1,1,10,10.0,10,0,15,15,zero,
llm_single,base,2,1,2,10,5.0,5,0,0,0,zero,
llm_single,base,2,2,0,9,11.0,11,0,10,10,zero,
llm_single,base,2,2,1,9,10.0,10,0,1,1,zero,
llm_single,base,2,2,2,9,14.0,14,0,20,20,zero,
llm_single,base,2,3,0,10,11.0,11,0,6,6,zero,
llm_single,base,2,3,1,10,14.0,14,0,15,15,zero,
llm_single,base,2,3,2,10,9.0,9,0,3,3,zero,
llm_single,base,2,4,0,9,12.0,12,0,10,10,zero,
llm_single,base,2,4,1,9,14.0,14,0,1,1,zero,
llm_single,base,2,4,2,9,18.0,18,0,20,20,zero,
llm_single,base,2,5,0,9,13.0,13,0,6,6,zero,
llm_single,base,2,5,1,9,23.0,23,0,15,15,zero,
llm_single,base,2,5,2,9,3.0,3,0,0,0,zero,
llm_single,base,2,6,0,9,14.0,14,0,9,9,zero,
llm_single,base,2,6,1,9,15.0,15,0,1,1,zero,
llm_single,base,2,6,2,9,22.0,22,0,16,16,zero,
llm_single,base,2,7,0,8,12.0,12,0,9,9,zero,
llm_single,base,2,7,1,8,21.0,21,0,1,1,zero,
llm_single,base,2,7,2,8,24.0,24,0,0,0,zero,
llm_single,base,2,8,0,8,14.0,14,0,9,9,zero,
llm_single,base,2,8,1,8,13.0,13,0,15,15,zero,
llm_single,base,2,8,2,8,29.0,29,0,0,0,zero,
llm_single,base,2,9,0,8,12.0,12,0,2,2,zero,
llm_single,base,2,9,1,8,26.0,26,0,15,15,zero,
llm_single,base,2,9,2,8,14.0,14,0,1,1,zero,
llm_single,base,2,10,0,8,13.0,13,0,9,9,zero,
llm_single,base,2,10,1,8,18.0,18,0,0,0,zero,
llm_single,base,2,10,2,8,30.0,30,0,20,20,zero,
llm_single,base,2,11,0,9,13.0,13,0,6,6,zero,
llm_single,base,2,11,1,9,13.0,13,0,1,1,zero,
llm_single,base,2,11,2,9,29.0,29,0,0,0,zero,
llm_single,base,2,12,0,10,12.0,12,0,9,9,zero,
llm_single,base,2,12,1,10,19.0,19,0,1,1,zero,
llm_single,base,2,12,2,10,28.0,28,0,0,0,zero,
llm_single,base,2,13,0,9,5.0,5,0,9,9,zero,
llm_single,base,2,13,1,9,25.0,25,0,15,15,zero,
llm_single,base,2,13,2,9,14.0,14,0,0,0,zero,
llm_single,base,2,14,0,10,4.0,4,0,9,9,zero,
llm_single,base,2,14,1,10,16.0,16,0,15,15,zero,
llm_single,base,2,14,2,10,19.0,19,0,0,0,zero,
llm_single,base,2,15,0,11,1.0,0,1,9,9,zero,
llm_single,base,2,15,1,11,8.0,8,0,1,1,zero,
llm_single,base,2,15,2,11,18.0,18,0,20,20,zero,
llm_single,base,2,16,0,13,5.0,0,5,19,19,zero,
llm_single,base,2,16,1,13,10.0,0,10,15,15,zero,
llm_single,base,2,16,2,13,3.0,3,0,3,3,zero,
llm_single,base,2,17,0,11,7.0,0,7,19,19,zero,
llm_single,base,2,17,1,11,14.0,0,14,15,15,zero,
llm_single,base,2,17,2,11,12.0,0,12,20,20,zero,
llm_single,base,2,18,0,11,9.0,0,9,9,9,zero,
llm_single,base,2,18,1,11,8.0,0,8,15,15,zero,
llm_single,base,2,18,2,11,27.0,0,27,20,20,zero,
llm_single,base,2,19,0,12,12.0,0,12,10,10,zero,
llm_single,base,2,19,1,12,17.0,0,17,15,15,zero,
llm_single,base,2,19,2,12,22.0,0,22,20,20,zero,
llm_single,base,2,20,0,10,13.0,0,13,19,19,zero,
llm_single,base,2,20,1,10,21.0,0,21,15,15,zero,
llm_single,base,2,20,2,10,34.0,0,34,20,20,zero,
llm_single,base,2,21,0,10,8.0,0,8,6,6,zero,
llm_single,base,2,21,1,10,24.0,0,24,15,15,zero,
llm_single,base,2,21,2,10,29.0,0,29,20,20,zero,
llm_single,base,2,22,0,9,2.0,0,2,19,19,zero,
llm_single,base,2,22,1,9,43.0,0,43,11,11,zero,
llm_single,base,2,22,2,9,20.0,0,20,16,16,zero,
llm_single,base,2,23,0,9,10.0,0,10,19,19,zero,
llm_single,base,2,23,1,9,42.0,0,42,18,18,zero,
llm_single,base,2,23,2,9,18.0,0,18,16,16,zero,
llm_single,base,2,24,0,9,4.0,0,4,6,6,zero,
llm_single,base,2,24,1,9,45.0,0,45,18,18,zero,
llm_single,base,2,24,2,9,16.0,0,16,16,16,zero,
llm_single,base,2,25,0,9,10.0,0,10,10,10,zero,
llm_single,base,2,25,1,9,35.0,0,35,3,3,zero,
llm_single,base,2,25,2,9,1.0,1,0,20,20,zero,
llm_single,base,2,26,0,9,19.0,0,19,6,6,zero,
llm_single,base,2,26,1,9,21.0,0,21,0,0,zero,
llm_single,base,2,26,2,9,17.0,17,0,16,16,zero,
llm_single,base,2,27,0,9,8.0,0,8,6,6,zero,
llm_single,base,2,27,1,9,7.0,0,7,0,0,zero,
llm_single,base,2,27,2,9,33.0,33,0,0,0,zero,
llm_single,base,2,28,0,10,15.0,0,15,0,0,zero,
llm_single,base,2,28,1,10,13.0,13,0,18,18,zero,
llm_single,base,2,28,2,10,31.0,31,0,0,0,zero,
llm_single,base,2,29,0,11,6.0,0,6,6,6,zero,
llm_single,base,2,29,1,11,26.0,26,0,0,0,zero,
llm_single,base,2,29,2,11,51.0,51,0,1,1,zero,
llm_single,base,2,30,0,11,3.0,3,0,6,6,zero,
llm_single,base,2,30,1,11,20.0,20,0,12,12,zero,
llm_single,base,2,30,2,11,55.0,55,0,0,0,zero,
llm_single,base,2,31,0,11,12.0,12,0,10,10,zero,
llm_single,base,2,31,1,11,10.0,10,0,0,0,zero,
llm_single,base,2,31,2,11,55.0,55,0,1,1,zero,
llm_single,base,2,32,0,11,8.0,8,0,19,19,zero,
llm_single,base,2,32,1,11,9.0,9,0,12,12,zero,
llm_single,base,2,32,2,11,43.0,43,0,0,0,zero,
llm_single,base,2,33,0,12,2.0,2,0,9,9,zero,
llm_single,base,2,33,1,12,-0.0,0,0,15,15,zero,
llm_single,base,2,33,2,12,29.0,29,0,0,0,zero,
llm_single,base,2,34,0,11,3.0,0,3,19,19,zero,
llm_single,base,2,34,1,11,7.0,0,7,15,15,zero,
llm_single,base,2,34,2,11,14.0,14,0,20,20,zero,
llm_single,base,2,35,0,12,5.0,0,5,10,10,zero,
llm_single,base,2,35,1,12,17.0,0,17,18,18,zero,
llm_single,base,2,35,2,12,3.0,0,3,20,20,zero,
llm_single,base,2,36,0,12,2.0,2,0,10,10,zero,
llm_single,base,2,36,1,12,15.0,0,15,15,15,zero,
llm_single,base,2,36,2,12,18.0,0,18,20,20,zero,
llm_single,base,2,37,0,12,1.0,0,1,10,10,zero,
llm_single,base,2,37,1,12,10.0,0,10,18,18,zero,
llm_single,base,2,37,2,12,36.0,0,36,20,20,zero,
llm_single,base,2,38,0,13,2.0,0,2,9,9,zero,
llm_single,base,2,38,1,13,4.0,0,4,18,18,zero,
llm_single,base,2,38,2,13,34.0,0,34,20,20,zero,
llm_single,base,2,39,0,13,15.0,0,15,19,19,zero,
llm_single,base,2,39,1,13,8.0,0,8,18,18,zero,
llm_single,base,2,39,2,13,32.0,0,32,20,20,zero,
llm_single,base,2,40,0,13,16.0,0,16,10,10,zero,
llm_single,base,2,40,1,13,18.0,0,18,18,18,zero,
llm_single,base,2,40,2,13,30.0,0,30,20,20,zero,
llm_single,base,2,41,0,14,15.0,0,15,10,10,zero,
llm_single,base,2,41,1,14,28.0,0,28,18,18,zero,
llm_single,base,2,41,2,14,28.0,0,28,20,20,zero,
llm_single,base,2,42,0,14,14.0,0,14,10,10,zero,
llm_single,base,2,42,1,14,18.0,0,18,3,3,zero,
llm_single,base,2,42,2,14,11.0,0,11,20,20,zero,
llm_single,base,2,43,0,15,14.0,0,14,10,10,zero,
llm_single,base,2,43,1,15,8.0,0,8,0,0,zero,
llm_single,base,2,43,2,15,9.0,9,0,1,1,zero,
llm_single,base,2,44,0,16,30.0,0,30,19,19,zero,
llm_single,base,2,44,1,16,7.0,0,7,18,18,zero,
llm_single,base,2,44,2,16,11.0,11,0,0,0,zero,
llm_single,base,2,45,0,14,44.0,0,44,19,19,zero,
llm_single,base,2,45,1,14,6.0,0,6,18,18,zero,
llm_single,base,2,45,2,14,13.0,13,0,16,16,zero,
llm_single,base,2,46,0,14,38.0,0,38,10,10,zero,
llm_single,base,2,46,1,14,4.0,4,0,18,18,zero,
llm_single,base,2,46,2,14,15.0,15,0,20,20,zero,
llm_single,base,2,47,0,14,32.0,0,32,10,10,zero,
llm_single,base,2,47,1,14,5.0,5,0,18,18,zero,
llm_single,base,2,47,2,14,2.0,0,2,20,20,zero,
llm_single,base,2,48,0,13,25.0,0,25,10,10,zero,
llm_single,base,2,48,1,13,13.0,13,0,3,3,zero,
llm_single,base,2,48,2,13,5.0,0,5,20,20,zero,
llm_single,base,2,49,0,12,17.0,0,17,10,10,zero,
llm_single,base,2,49,1,12,21.0,21,0,12,12,zero,
llm_single,base,2,49,2,12,1.0,0,1,0,0,zero,
llm_single,base,2,50,0,14,15.0,0,15,10,10,zero,
llm_single,base,2,50,1,14,29.0,29,0,3,3,zero,
llm_single,base,2,50,2,14,16.0,16,0,0,0,zero,
llm_single,base,2,51,0,16,21.0,0,21,19,19,zero,
llm_single,base,2,51,1,16,26.0,26,0,12,12,zero,
llm_single,base,2,51,2,16,24.0,24,0,0,0,zero,
llm_single,base,2,52,0,15,26.0,0,26,19,19,zero,
llm_single,base,2,52,1,15,7.0,7,0,18,18,zero,
llm_single,base,2,52,2,15,26.0,26,0,0,0,zero,
llm_single,base,2,53,0,17,33.0,0,33,19,19,zero,
llm_single,base,2,53,1,17,4.0,4,0,15,15,zero,
llm_single,base,2,53,2,17,11.0,11,0,20,20,zero,
llm_single,base,2,54,0,15,38.0,0,38,17,17,zero,
llm_single,base,2,54,1,15,9.0,0,9,18,18,zero,
llm_single,base,2,54,2,15,7.0,0,7,20,20,zero,
llm_single,base,2,55,0,13,32.0,0,32,19,19,zero,
llm_single,base,2,55,1,13,16.0,0,16,18,18,zero,
llm_single,base,2,55,2,13,25.0,0,25,20,20,zero,
llm_single,base,2,56,0,14,27.0,0,27,10,10,zero,
llm_single,base,2,56,1,14,8.0,0,8,18,18,zero,
llm_single,base,2,56,2,14,43.0,0,43,20,20,zero,
llm_single,base,2,57,0,15,23.0,0,23,10,10,zero,
llm_single,base,2,57,1,15,3.0,0,3,18,18,zero,
llm_single,base,2,57,2,15,41.0,0,41,20,20,zero,
llm_single,base,2,58,0,14,29.0,0,29,19,19,zero,
llm_single,base,2,58,1,14,11.0,0,11,15,15,zero,
llm_single,base,2,58,2,14,36.0,0,36,20,20,zero,
llm_single,base,2,59,0,15,32.0,0,32,19,19,zero,
llm_single,base,2,59,1,15,30.0,0,30,18,18,zero,
llm_single,base,2,59,2,15,34.0,0,34,20,20,zero,
llm_single,base,2,60,0,15,29.0,0,29,19,19,zero,
llm_single,base,2,60,1,15,49.0,0,49,18,18,zero,
llm_single,base,2,60,2,15,32.0,0,32,20,20,zero,
llm_single,base,2,61,0,15,29.0,0,29,19,19,zero,
llm_single,base,2,61,1,15,48.0,0,48,18,18,zero,
llm_single,base,2,61,2,15,30.0,0,30,20,20,zero,
llm_single,base,2,62,0,15,33.0,0,33,10,10,zero,
llm_single,base,2,62,1,15,38.0,0,38,18,18,zero,
llm_single,base,2,62,2,15,28.0,0,28,20,20,zero,
llm_single,base,2,63,0,15,48.0,0,48,19,19,zero,
llm_single,base,2,63,1,15,37.0,0,37,3,3,zero,
llm_single,base,2,63,2,15,11.0,0,11,20,20,zero,
llm_single,base,2,64,0,16,64.0,0,64,17,17,zero,
llm_single,base,2,64,1,16,34.0,0,34,18,18,zero,
llm_single,base,2,64,2,16,9.0,0,9,1,1,zero,
llm_single,base,2,65,0,15,59.0,0,59,17,17,zero,
llm_single,base,2,65,1,15,31.0,0,31,18,18,zero,
llm_single,base,2,65,2,15,7.0,0,7,20,20,zero,
llm_single,base,2,66,0,16,55.0,0,55,10,10,zero,
llm_single,base,2,66,1,16,21.0,0,21,18,18,zero,
llm_single,base,2,66,2,16,5.0,0,5,20,20,zero,
llm_single,base,2,67,0,15,50.0,0,50,10,10,zero,
llm_single,base,2,67,1,15,11.0,0,11,18,18,zero,
llm_single,base,2,67,2,15,3.0,0,3,20,20,zero,
llm_single,base,2,68,0,15,45.0,0,45,10,10,zero,
llm_single,base,2,68,1,15,1.0,0,1,0,0,zero,
llm_single,base,2,68,2,15,2.0,0,2,20,20,zero,
llm_single,base,2,69,0,14,39.0,0,39,10,10,zero,
llm_single,base,2,69,1,14,9.0,9,0,18,18,zero,
llm_single,base,2,69,2,14,-0.0,0,0,0,0,zero,
llm_single,base,2,70,0,12,31.0,0,31,10,10,zero,
llm_single,base,2,70,1,12,19.0,19,0,18,18,zero,
llm_single,base,2,70,2,12,2.0,2,0,1,1,zero,
llm_single,base,2,71,0,13,24.0,0,24,10,10,zero,
llm_single,base,2,71,1,13,29.0,29,0,18,18,zero,
llm_single,base,2,71,2,13,4.0,4,0,20,20,zero,
llm_single,base,2,72,0,14,18.0,0,18,10,10,zero,
llm_single,base,2,72,1,14,20.0,20,0,0,0,zero,
llm_single,base,2,72,2,14,24.0,24,0,20,20,zero,
llm_single,base,2,73,0,15,22.0,0,22,19,19,zero,
llm_single,base,2,73,1,15,21.0,21,0,3,3,zero,
llm_single,base,2,73,2,15,21.0,21,0,0,0,zero,
llm_single,base,2,74,0,15,27.0,0,27,19,19,zero,
llm_single,base,2,74,1,15,20.0,20,0,18,18,zero,
llm_single,base,2,74,2,15,4.0,4,0,0,0,zero,
llm_single,base,2,75,0,15,32.0,0,32,19,19,zero,
llm_single,base,2,75,1,15,19.0,19,0,15,15,zero,
llm_single,base,2,75,2,15,9.0,9,0,0,0,zero,
llm_single,base,2,76,0,13,35.0,0,35,17,17,zero,
llm_single,base,2,76,1,13,2.0,2,0,15,15,zero,
llm_single,base,2,76,2,13,14.0,14,0,20,20,zero,
llm_single,base,2,77,0,14,30.0,0,30,10,10,zero,
llm_single,base,2,77,1,14,5.0,0,5,15,15,zero,
llm_single,base,2,77,2,14,1.0,0,1,20,20,zero,
llm_single,base,2,78,0,14,25.0,0,25,19,19,zero,
llm_single,base,2,78,1,14,6.0,0,6,15,15,zero,
llm_single,base,2,78,2,14,16.0,0,16,20,20,zero,
llm_single,base,2,79,0,18,24.0,0,24,10,10,zero,
llm_single,base,2,79,1,18,1.0,0,1,18,18,zero,
llm_single,base,2,79,2,18,34.0,0,34,20,20,zero,
llm_single,base,2,80,0,18,25.0,0,25,19,19,zero,
llm_single,base,2,80,1,18,5.0,0,5,15,15,zero,
llm_single,base,2,80,2,18,29.0,0,29,20,20,zero,
llm_single,base,2,81,0,20,40.0,0,40,19,19,zero,
llm_single,base,2,81,1,20,10.0,0,10,15,15,zero,
llm_single,base,2,81,2,20,24.0,0,24,17,17,zero,
llm_single,base,2,82,0,20,42.0,0,42,19,19,zero,
llm_single,base,2,82,1,20,29.0,0,29,18,18,zero,
llm_single,base,2,82,2,20,22.0,0,22,16,16,zero,
llm_single,base,2,83,0,20,47.0,0,47,19,19,zero,
llm_single,base,2,83,1,20,48.0,0,48,18,18,zero,
llm_single,base,2,83,2,20,20.0,0,20,20,20,zero,
llm_single,base,2,84,0,20,52.0,0,52,17,17,zero,
llm_single,base,2,84,1,20,45.0,0,45,18,18,zero,
llm_single,base,2,84,2,20,18.0,0,18,20,20,zero,
llm_single,base,2,85,0,20,58.0,0,58,17,17,zero,
llm_single,base,2,85,1,20,42.0,0,42,18,18,zero,
llm_single,base,2,85,2,20,19.0,0,19,20,20,zero,
llm_single,base,2,86,0,20,78.0,0,78,17,17,zero,
llm_single,base,2,86,1,20,39.0,0,39,18,18,zero,
llm_single,base,2,86,2,20,21.0,0,21,20,20,zero,
llm_single,base,2,87,0,19,97.0,0,97,17,17,zero,
llm_single,base,2,87,1,19,36.0,0,36,18,18,zero,
llm_single,base,2,87,2,19,19.0,0,19,20,20,zero,
llm_single,base,2,88,0,19,96.0,0,96,17,17,zero,
llm_single,base,2,88,1,19,33.0,0,33,18,18,zero,
llm_single,base,2,88,2,19,17.0,0,17,20,20,zero,
llm_single,base,2,89,0,17,93.0,0,93,17,17,zero,
llm_single,base,2,89,1,17,33.0,0,33,18,18,zero,
llm_single,base,2,89,2,17,15.0,0,15,20,20,zero,
llm_single,base,2,90,0,17,90.0,0,90,17,17,zero,
llm_single,base,2,90,1,17,34.0,0,34,18,18,zero,
llm_single,base,2,90,2,17,13.0,0,13,16,16,zero,
llm_single,base,2,91,0,17,87.0,0,87,17,17,zero,
llm_single,base,2,91,1,17,31.0,0,31,18,18,zero,
llm_single,base,2,91,2,17,11.0,0,11,20,20,zero,
llm_single,base,2,92,0,14,81.0,0,81,17,17,zero,
llm_single,base,2,92,1,14,28.0,0,28,18,18,zero,
llm_single,base,2,92,2,14,9.0,0,9,20,20,zero,
llm_single,base,2,93,0,13,77.0,0,77,17,17,zero,
llm_single,base,2,93,1,13,25.0,0,25,18,18,zero,
llm_single,base,2,93,2,13,7.0,0,7,20,20,zero,
llm_single,base,2,94,0,13,74.0,0,74,17,17,zero,
llm_single,base,2,94,1,13,22.0,0,22,18,18,zero,
llm_single,base,2,94,2,13,9.0,0,9,20,20,zero,
llm_single,base,2,95,0,14,68.0,0,68,17,17,zero,
llm_single,base,2,95,1,14,19.0,0,19,18,18,zero,
llm_single,base,2,95,2,14,7.0,0,7,16,16,zero,
llm_single,base,2,96,0,16,64.0,0,64,17,17,zero,
llm_single,base,2,96,1,16,16.0,0,16,18,18,zero,
llm_single,base,2,96,2,16,5.0,0,5,20,20,zero,
llm_single,base,2,97,0,15,59.0,0,59,17,17,zero,
llm_single,base,2,97,1,15,13.0,0,13,18,18,zero,
llm_single,base,2,97,2,15,3.0,0,3,20,20,zero,
llm_single,base,2,98,0,14,53.0,0,53,10,10,zero,
llm_single,base,2,98,1,14,7.0,0,7,18,18,zero,
llm_single,base,2,98,2,14,1.0,0,1,16,16,zero,
llm_single,base,2,99,0,16,49.0,0,49,10,10,zero,
llm_single,base,2,99,1,16,3.0,3,0,18,18,zero,
llm_single,base,2,99,2,16,3.0,0,3,16,16,zero,
llm_single,base,2,100,0,13,42.0,0,42,10,10,zero,
llm_single,base,2,100,1,13,13.0,13,0,18,18,zero,
llm_single,base,2,100,2,13,1.0,0,1,20,20,zero,
llm_single,base,2,101,0,10,32.0,0,32,19,19,zero,
llm_single,base,2,101,1,10,14.0,14,0,0,0,zero,
llm_single,base,2,101,2,10,19.0,19,0,20,20,zero,
llm_single,base,2,102,0,11,27.0,0,27,10,10,zero,
llm_single,base,2,102,1,11,24.0,24,0,18,18,zero,
llm_single,base,2,102,2,11,17.0,17,0,0,0,zero,
llm_single,base,2,103,0,12,22.0,0,22,19,19,zero,
llm_single,base,2,103,1,12,21.0,21,0,3,3,zero,
llm_single,base,2,103,2,12,30.0,30,0,1,1,zero,
llm_single,base,2,104,0,11,23.0,0,23,10,10,zero,
llm_single,base,2,104,1,11,31.0,31,0,18,18,zero,
llm_single,base,2,104,2,11,32.0,32,0,0,0,zero,
llm_single,base,2,105,0,11,15.0,0,15,10,10,zero,
llm_single,base,2,105,1,11,22.0,22,0,3,3,zero,
llm_single,base,2,105,2,11,49.0,49,0,16,16,zero,
llm_single,base,2,106,0,10,15.0,0,15,10,10,zero,
llm_single,base,2,106,1,10,30.0,30,0,15,15,zero,
llm_single,base,2,106,2,10,34.0,34,0,0,0,zero,
llm_single,base,2,107,0,10,6.0,0,6,10,10,zero,
llm_single,base,2,107,1,10,23.0,23,0,3,3,zero,
llm_single,base,2,107,2,10,32.0,32,0,1,1,zero,
llm_single,base,2,108,0,9,5.0,0,5,19,19,zero,
llm_single,base,2,108,1,9,22.0,22,0,1,1,zero,
llm_single,base,2,108,2,9,31.0,31,0,0,0,zero,
llm_single,base,2,109,0,10,5.0,0,5,6,6,zero,
llm_single,base,2,109,1,10,19.0,19,0,15,15,zero,
llm_single,base,2,109,2,10,32.0,32,0,0,0,zero,
llm_single,base,2,110,0,10,5.0,0,5,10,10,zero,
llm_single,base,2,110,1,10,24.0,24,0,3,3,zero,
llm_single,base,2,110,2,10,29.0,29,0,1,1,zero,
llm_single,base,2,111,0,10,5.0,0,5,10,10,zero,
llm_single,base,2,111,1,10,17.0,17,0,15,15,zero,
llm_single,base,2,111,2,10,15.0,15,0,1,1,zero,
llm_single,base,2,112,0,10,4.0,4,0,10,10,zero,
llm_single,base,2,112,1,10,8.0,8,0,3,3,zero,
llm_single,base,2,112,2,10,12.0,12,0,20,20,zero,
llm_single,base,2,113,0,9,1.0,1,0,10,10,zero,
llm_single,base,2,113,1,9,13.0,13,0,15,15,zero,
llm_single,base,2,113,2,9,3.0,0,3,20,20,zero,
llm_single,base,2,114,0,11,-0.0,0,0,10,10,zero,
llm_single,base,2,114,1,11,6.0,6,0,15,15,zero,
llm_single,base,2,114,2,11,17.0,0,17,20,20,zero,
llm_single,base,2,115,0,12,2.0,0,2,10,10,zero,
llm_single,base,2,115,1,12,11.0,11,0,15,15,zero,
llm_single,base,2,115,2,12,31.0,0,31,20,20,zero,
llm_single,base,2,116,0,11,3.0,0,3,19,19,zero,
llm_single,base,2,116,1,11,5.0,0,5,15,15,zero,
llm_single,base,2,116,2,11,26.0,0,26,16,16,zero,
llm_single,base,2,117,0,12,5.0,0,5,19,19,zero,
llm_single,base,2,117,1,12,12.0,0,12,15,15,zero,
llm_single,base,2,117,2,12,21.0,0,21,16,16,zero,
llm_single,base,2,118,0,12,7.0,0,7,19,19,zero,
llm_single,base,2,118,1,12,30.0,0,30,15,15,zero,
llm_single,base,2,118,2,12,16.0,0,16,16,16,zero,
llm_single,base,2,119,0,13,10.0,0,10,19,19,zero,
llm_single,base,2,119,1,13,48.0,0,48,15,15,zero,
llm_single,base,2,119,2,13,11.0,0,11,20,20,zero,
llm_single,base,2,120,0,13,9.0,0,9,19,19,zero,
llm_single,base,2,120,1,13,47.0,0,47,18,18,zero,
llm_single,base,2,120,2,13,13.0,0,13,16,16,zero,
llm_single,base,2,121,0,14,11.0,0,11,10,10,zero,
llm_single,base,2,121,1,14,37.0,0,37,18,18,zero,
llm_single,base,2,121,2,14,15.0,0,15,20,20,zero,
llm_single,base,2,122,0,17,27.0,0,27,19,19,zero,
llm_single,base,2,122,1,17,36.0,0,36,3,3,zero,
llm_single,base,2,122,2,17,2.0,0,2,20,20,zero,
llm_single,base,2,123,0,17,43.0,0,43,19,19,zero,
llm_single,base,2,123,1,17,35.0,0,35,18,18,zero,
llm_single,base,2,123,2,17,-0.0,0,0,1,1,zero,
llm_single,base,2,124,0,16,39.0,0,39,10,10,zero,
llm_single,base,2,124,1,16,29.0,0,29,18,18,zero,
llm_single,base,2,124,2,16,2.0,0,2,16,16,zero,
llm_single,base,2,125,0,18,37.0,0,37,10,10,zero,
llm_single,base,2,125,1,18,23.0,0,23,18,18,zero,
llm_single,base,2,125,2,18,-0.0,0,0,20,20,zero,
llm_single,base,2,126,0,20,37.0,0,37,10,10,zero,
llm_single,base,2,126,1,20,17.0,0,17,0,0,zero,
llm_single,base,2,126,2,20,20.0,20,0,20,20,zero,
llm_single,base,2,127,0,18,35.0,0,35,19,19,zero,
llm_single,base,2,127,1,18,16.0,0,16,18,18,zero,
llm_single,base,2,127,2,18,3.0,3,0,0,0,zero,
llm_single,base,2,128,0,18,37.0,0,37,19,19,zero,
llm_single,base,2,128,1,18,19.0,0,19,18,18,zero,
llm_single,base,2,128,2,18,1.0,1,0,3,3,zero,
llm_single,base,2,129,0,17,38.0,0,38,19,19,zero,
llm_single,base,2,129,1,17,18.0,0,18,18,18,zero,
llm_single,base,2,129,2,17,3.0,3,0,20,20,zero,
llm_single,base,2,130,0,17,39.0,0,39,19,19,zero,
llm_single,base,2,130,1,17,37.0,0,37,18,18,zero,
llm_single,base,2,130,2,17,5.0,5,0,20,20,zero,
llm_single,base,2,131,0,15,34.0,0,34,19,19,zero,
llm_single,base,2,131,1,15,38.0,0,38,18,18,zero,
llm_single,base,2,131,2,15,13.0,0,13,20,20,zero,
llm_single,base,2,132,0,16,34.0,0,34,10,10,zero,
llm_single,base,2,132,1,16,30.0,0,30,18,18,zero,
llm_single,base,2,132,2,16,28.0,0,28,20,20,zero,
llm_single,base,2,133,0,17,31.0,0,31,19,19,zero,
llm_single,base,2,133,1,17,31.0,0,31,18,18,zero,
llm_single,base,2,133,2,17,26.0,0,26,20,20,zero,
llm_single,base,2,134,0,17,48.0,0,48,19,19,zero,
llm_single,base,2,134,1,17,32.0,0,32,18,18,zero,
llm_single,base,2,134,2,17,24.0,0,24,20,20,zero,
llm_single,base,2,135,0,15,45.0,0,45,19,19,zero,
llm_single,base,2,135,1,15,46.0,0,46,18,18,zero,
llm_single,base,2,135,2,15,22.0,0,22,20,20,zero,
llm_single,base,2,136,0,15,42.0,0,42,19,19,zero,
llm_single,base,2,136,1,15,62.0,0,62,18,18,zero,
llm_single,base,2,136,2,15,20.0,0,20,20,20,zero,
llm_single,base,2,137,0,14,38.0,0,38,19,19,zero,
llm_single,base,2,137,1,14,61.0,0,61,18,18,zero,
llm_single,base,2,137,2,14,18.0,0,18,20,20,zero,
llm_single,base,2,138,0,14,34.0,0,34,10,10,zero,
llm_single,base,2,138,1,14,51.0,0,51,18,18,zero,
llm_single,base,2,138,2,14,16.0,0,16,20,20,zero,
llm_single,base,2,139,0,14,43.0,0,43,19,19,zero,
llm_single,base,2,139,1,14,50.0,0,50,18,18,zero,
llm_single,base,2,139,2,14,14.0,0,14,20,20,zero,
llm_single,base,2,140,0,16,56.0,0,56,17,17,zero,
llm_single,base,2,140,1,16,47.0,0,47,18,18,zero,
llm_single,base,2,140,2,16,12.0,0,12,16,16,zero,
llm_single,base,2,141,0,17,53.0,0,53,10,10,zero,
llm_single,base,2,141,1,17,37.0,0,37,18,18,zero,
llm_single,base,2,141,2,17,10.0,0,10,20,20,zero,
llm_single,base,2,142,0,17,50.0,0,50,10,10,zero,
llm_single,base,2,142,1,17,27.0,0,27,18,18,zero,
llm_single,base,2,142,2,17,8.0,0,8,20,20,zero,
llm_single,base,2,143,0,18,48.0,0,48,10,10,zero,
llm_single,base,2,143,1,18,17.0,0,17,0,0,zero,
llm_single,base,2,143,2,18,12.0,12,0,20,20,zero,
llm_single,base,2,144,0,20,48.0,0,48,19,19,zero,
llm_single,base,2,144,1,20,16.0,0,16,18,18,zero,
llm_single,base,2,144,2,20,10.0,10,0,0,0,zero,
llm_single,base,2,145,0,20,48.0,0,48,19,19,zero,
llm_single,base,2,145,1,20,15.0,0,15,18,18,zero,
llm_single,base,2,145,2,20,12.0,12,0,16,16,zero,
llm_single,base,2,146,0,19,47.0,0,47,19,19,zero,
llm_single,base,2,146,1,19,14.0,0,14,18,18,zero,
llm_single,base,2,146,2,19,14.0,14,0,20,20,zero,
llm_single,base,2,147,0,17,44.0,0,44,19,19,zero,
llm_single,base,2,147,1,17,25.0,0,25,18,18,zero,
llm_single,base,2,147,2,17,16.0,16,0,20,20,zero,
llm_single,base,2,148,0,17,41.0,0,41,19,19,zero,
llm_single,base,2,148,1,17,26.0,0,26,18,18,zero,
llm_single,base,2,148,2,17,2.0,0,2,20,20,zero,
llm_single,base,2,149,0,16,37.0,0,37,10,10,zero,
llm_single,base,2,149,1,16,18.0,0,18,18,18,zero,
llm_single,base,2,149,2,16,4.0,0,4,20,20,zero,
llm_single,base,2,150,0,16,33.0,0,33,19,19,zero,
llm_single,base,2,150,1,16,19.0,0,19,18,18,zero,
llm_single,base,2,150,2,16,2.0,0,2,0,0,zero,
llm_single,base,2,151,0,16,41.0,0,41,19,19,zero,
llm_single,base,2,151,1,16,20.0,0,20,18,18,zero,
llm_single,base,2,151,2,16,-0.0,0,0,20,20,zero,
llm_single,base,2,152,0,14,37.0,0,37,19,19,zero,
llm_single,base,2,152,1,14,23.0,0,23,18,18,zero,
llm_single,base,2,152,2,14,2.0,2,0,20,20,zero,
llm_single,base,2,153,0,14,33.0,0,33,10,10,zero,
llm_single,base,2,153,1,14,17.0,0,17,18,18,zero,
llm_single,base,2,153,2,14,4.0,4,0,20,20,zero,
llm_single,base,2,154,0,14,29.0,0,29,10,10,zero,
llm_single,base,2,154,1,14,7.0,0,7,18,18,zero,
llm_single,base,2,154,2,14,14.0,0,14,20,20,zero,
llm_single,base,2,155,0,14,25.0,0,25,10,10,zero,
llm_single,base,2,155,1,14,3.0,3,0,18,18,zero,
llm_single,base,2,155,2,14,12.0,0,12,20,20,zero,
llm_single,base,2,156,0,15,24.0,0,24,19,19,zero,
llm_single,base,2,156,1,15,2.0,2,0,18,18,zero,
llm_single,base,2,156,2,15,10.0,0,10,16,16,zero,
llm_single,base,2,157,0,15,23.0,0,23,10,10,zero,
llm_single,base,2,157,1,15,10.0,10,0,18,18,zero,
llm_single,base,2,157,2,15,8.0,0,8,20,20,zero,
llm_single,base,2,158,0,13,16.0,0,16,19,19,zero,
llm_single,base,2,158,1,13,5.0,0,5,3,3,zero,
llm_single,base,2,158,2,13,9.0,9,0,20,20,zero,
llm_single,base,2,159,0,12,11.0,0,11,10,10,zero,
llm_single,base,2,159,1,12,5.0,5,0,18,18,zero,
llm_single,base,2,159,2,12,11.0,11,0,0,0,zero,
llm_single,base,2,160,0,12,4.0,0,4,10,10,zero,
llm_single,base,2,160,1,12,15.0,15,0,18,18,zero,
llm_single,base,2,160,2,12,9.0,9,0,16,16,zero,
llm_single,base,2,161,0,10,4.0,0,4,19,19,zero,
llm_single,base,2,161,1,10,16.0,16,0,3,3,zero,
llm_single,base,2,161,2,10,26.0,26,0,20,20,zero,
llm_single,base,2,162,0,11,1.0,0,1,6,6,zero,
llm_single,base,2,162,1,11,21.0,21,0,18,18,zero,
llm_single,base,2,162,2,11,28.0,28,0,0,0,zero,
llm_single,base,2,163,0,10,4.0,4,0,10,10,zero,
llm_single,base,2,163,1,10,29.0,29,0,3,3,zero,
llm_single,base,2,163,2,10,25.0,25,0,16,16,zero,
llm_single,base,2,164,0,12,2.0,2,0,6,6,zero,
llm_single,base,2,164,1,12,41.0,41,0,3,3,zero,
llm_single,base,2,164,2,12,38.0,38,0,0,0,zero,
llm_single,base,2,165,0,12,9.0,9,0,10,10,zero,
llm_single,base,2,165,1,12,34.0,34,0,3,3,zero,
llm_single,base,2,165,2,12,55.0,55,0,0,0,zero,
llm_single,base,2,166,0,13,2.0,2,0,19,19,zero,
llm_single,base,2,166,1,13,33.0,33,0,3,3,zero,
llm_single,base,2,166,2,13,52.0,52,0,0,0,zero,
llm_single,base,2,167,0,13,1.0,0,1,9,9,zero,
llm_single,base,2,167,1,13,27.0,27,0,15,15,zero,
llm_single,base,2,167,2,13,53.0,53,0,0,0,zero,
llm_single,base,2,168,0,11,6.0,0,6,19,19,zero,
llm_single,base,2,168,1,11,11.0,11,0,15,15,zero,
llm_single,base,2,168,2,11,38.0,38,0,0,0,zero,
llm_single,base,2,169,0,11,7.0,0,7,10,10,zero,
llm_single,base,2,169,1,11,4.0,4,0,15,15,zero,
llm_single,base,2,169,2,11,23.0,23,0,16,16,zero,
llm_single,base,2,170,0,11,1.0,1,0,10,10,zero,
llm_single,base,2,170,1,11,3.0,0,3,3,3,zero,
llm_single,base,2,170,2,11,20.0,20,0,20,20,zero,
llm_single,base,2,171,0,11,1.0,0,1,6,6,zero,
llm_single,base,2,171,1,11,6.0,6,0,15,15,zero,
llm_single,base,2,171,2,11,5.0,5,0,0,0,zero,
llm_single,base,2,172,0,12,6.0,6,0,10,10,zero,
llm_single,base,2,172,1,12,11.0,11,0,3,3,zero,
llm_single,base,2,172,2,12,2.0,2,0,20,20,zero,
llm_single,base,2,173,0,13,3.0,3,0,19,19,zero,
llm_single,base,2,173,1,13,7.0,7,0,15,15,zero,
llm_single,base,2,173,2,13,3.0,3,0,0,0,zero,
llm_single,base,2,174,0,12,2.0,0,2,9,9,zero,
llm_single,base,2,174,1,12,1.0,1,0,15,15,zero,
llm_single,base,2,174,2,12,8.0,8,0,20,20,zero,
llm_single,base,2,175,0,15,8.0,0,8,19,19,zero,
llm_single,base,2,175,1,15,3.0,0,3,15,15,zero,
llm_single,base,2,175,2,15,7.0,0,7,20,20,zero,
llm_single,base,2,176,0,14,12.0,0,12,10,10,zero,
llm_single,base,2,176,1,14,10.0,0,10,15,15,zero,
llm_single,base,2,176,2,14,2.0,0,2,20,20,zero,
llm_single,base,2,177,0,15,8.0,0,8,19,19,zero,
llm_single,base,2,177,1,15,14.0,0,14,15,15,zero,
llm_single,base,2,177,2,15,17.0,0,17,20,20,zero,
llm_single,base,2,178,0,15,14.0,0,14,19,19,zero,
llm_single,base,2,178,1,15,18.0,0,18,18,18,zero,
llm_single,base,2,178,2,15,15.0,0,15,0,0,zero,
llm_single,base,2,179,0,16,14.0,0,14,19,19,zero,
llm_single,base,2,179,1,16,29.0,0,29,18,18,zero,
llm_single,base,2,179,2,16,13.0,0,13,20,20,zero,
llm_single,base,2,180,0,15,26.0,0,26,19,19,zero,
llm_single,base,2,180,1,15,28.0,0,28,18,18,zero,
llm_single,base,2,180,2,15,11.0,0,11,20,20,zero,
llm_single,base,2,181,0,14,25.0,0,25,10,10,zero,
llm_single,base,2,181,1,14,38.0,0,38,18,18,zero,
llm_single,base,2,181,2,14,9.0,0,9,20,20,zero,
llm_single,base,2,182,0,16,26.0,0,26,19,19,zero,
llm_single,base,2,182,1,16,37.0,0,37,3,3,zero,
llm_single,base,2,182,2,16,12.0,0,12,20,20,zero,
llm_single,base,2,183,0,14,32.0,0,32,10,10,zero,
llm_single,base,2,183,1,14,27.0,0,27,18,18,zero,
llm_single,base,2,183,2,14,10.0,0,10,0,0,zero,
llm_single,base,2,184,0,14,26.0,0,26,10,10,zero,
llm_single,base,2,184,1,14,17.0,0,17,18,18,zero,
llm_single,base,2,184,2,14,8.0,0,8,20,20,zero,
llm_single,base,2,185,0,16,42.0,0,42,19,19,zero,
llm_single,base,2,185,1,16,16.0,0,16,18,18,zero,
llm_single,base,2,185,2,16,6.0,0,6,20,20,zero,
llm_single,base,2,186,0,17,39.0,0,39,10,10,zero,
llm_single,base,2,186,1,17,26.0,0,26,18,18,zero,
llm_single,base,2,186,2,17,4.0,0,4,20,20,zero,
llm_single,base,2,187,0,17,36.0,0,36,19,19,zero,
llm_single,base,2,187,1,17,25.0,0,25,3,3,zero,
llm_single,base,2,187,2,17,7.0,0,7,20,20,zero,
llm_single,base,2,188,0,18,34.0,0,34,10,10,zero,
llm_single,base,2,188,1,18,15.0,0,15,18,18,zero,
llm_single,base,2,188,2,18,5.0,0,5,0,0,zero,
llm_single,base,2,189,0,18,32.0,0,32,19,19,zero,
llm_single,base,2,189,1,18,14.0,0,14,18,18,zero,
llm_single,base,2,189,2,18,3.0,0,3,16,16,zero,
llm_single,base,2,190,0,17,49.0,0,49,19,19,zero,
llm_single,base,2,190,1,17,13.0,0,13,18,18,zero,
llm_single,base,2,190,2,17,1.0,0,1,20,20,zero,
llm_single,base,2,191,0,16,45.0,0,45,10,10,zero,
llm_single,base,2,191,1,16,23.0,0,23,18,18,zero,
llm_single,base,2,191,2,16,1.0,1,0,20,20,zero,
llm_single,base,2,192,0,18,43.0,0,43,19,19,zero,
llm_single,base,2,192,1,18,22.0,0,22,18,18,zero,
llm_single,base,2,192,2,18,17.0,0,17,20,20,zero,
llm_single,base,2,193,0,18,41.0,0,41,10,10,zero,
llm_single,base,2,193,1,18,12.0,0,12,18,18,zero,
llm_single,base,2,193,2,18,19.0,0,19,20,20,zero,
llm_single,base,2,194,0,20,41.0,0,41,19,19,zero,
llm_single,base,2,194,1,20,11.0,0,11,18,18,zero,
llm_single,base,2,194,2,20,17.0,0,17,17,17,zero,
llm_single,base,2,195,0,20,61.0,0,61,19,19,zero,
llm_single,base,2,195,1,20,11.0,0,11,18,18,zero,
llm_single,base,2,195,2,20,15.0,0,15,20,20,zero,
llm_single,base,2,196,0,20,61.0,0,61,17,17,zero,
llm_single,base,2,196,1,20,27.0,0,27,18,18,zero,
llm_single,base,2,196,2,20,13.0,0,13,20,20,zero,
llm_single,base,2,197,0,20,61.0,0,61,17,17,zero,
llm_single,base,2,197,1,20,28.0,0,28,18,18,zero,
llm_single,base,2,197,2,20,11.0,0,11,20,20,zero,
llm_single,base,2,198,0,19,60.0,0,60,17,17,zero,
llm_single,base,2,198,1,19,25.0,0,25,18,18,zero,
llm_single,base,2,198,2,19,12.0,0,12,20,20,zero,
llm_single,base,2,199,0,20,61.0,0,61,17,17,zero,
llm_single,base,2,199,1,20,22.0,0,22,18,18,zero,
llm_single,base,2,199,2,20,10.0,0,10,20,20,zero,
llm_single,base,2,200,0,20,80.0,0,80,17,17,zero,
llm_single,base,2,200,1,20,19.0,0,19,18,18,zero,
llm_single,base,2,200,2,20,8.0,0,8,16,16,zero,
llm_single,base,3,1,0,10,10.0,10,0,10,10,zero,
llm_single,base,3,1,1,10,10.0,10,0,15,15,zero,
llm_single,base,3,1,2,10,5.0,5,0,0,0,zero,
llm_single,base,3,2,0,9,11.0,11,0,10,10,zero,
llm_single,base,3,2,1,9,10.0,10,0,1,1,zero,
llm_single,base,3,2,2,9,14.0,14,0,20,20,zero,
llm_single,base,3,3,0,8,13.0,13,0,6,6,zero,
llm_single,base,3,3,1,8,14.0,14,0,15,15,zero,
llm_single,base,3,3,2,8,9.0,9,0,3,3,zero,
llm_single,base,3,4,0,8,15.0,15,0,6,6,zero,
llm_single,base,3,4,1,8,18.0,18,0,1,1,zero,
llm_single,base,3,4,2,8,18.0,18,0,20,20,zero,
llm_single,base,3,5,0,8,17.0,17,0,6,6,zero,
llm_single,base,3,5,1,8,27.0,27,0,1,1,zero,
llm_single,base,3,5,2,8,17.0,17,0,0,0,zero,
llm_single,base,3,6,0,9,18.0,18,0,6,6,zero,
llm_single,base,3,6,1,9,22.0,22,0,1,1,zero,
llm_single,base,3,6,2,9,36.0,36,0,0,0,zero,
llm_single,base,3,7,0,8,16.0,16,0,9,9,zero,
llm_single,base,3,7,1,8,28.0,28,0,1,1,zero,
llm_single,base,3,7,2,8,38.0,38,0,0,0,zero,
llm_single,base,3,8,0,9,13.0,13,0,9,9,zero,
llm_single,base,3,8,1,9,20.0,20,0,15,15,zero,
llm_single,base,3,8,2,9,43.0,43,0,0,0,zero,
llm_single,base,3,9,0,10,9.0,9,0,9,9,zero,
llm_single,base,3,9,1,10,12.0,12,0,15,15,zero,
llm_single,base,3,9,2,10,28.0,28,0,1,1,zero,
llm_single,base,3,10,0,10,5.0,5,0,9,9,zero,
llm_single,base,3,10,1,10,4.0,4,0,11,11,zero,
llm_single,base,3,10,2,10,17.0,17,0,20,20,zero,
llm_single,base,3,11,0,11,3.0,3,0,9,9,zero,
llm_single,base,3,11,1,11,4.0,0,4,1,1,zero,
llm_single,base,3,11,2,11,16.0,16,0,20,20,zero,
llm_single,base,3,12,0,10,2.0,2,0,19,19,zero,
llm_single,base,3,12,1,10,8.0,0,8,15,15,zero,
llm_single,base,3,12,2,10,1.0,1,0,0,0,zero,
llm_single,base,3,13,0,10,1.0,1,0,9,9,zero,
llm_single,base,3,13,1,10,2.0,0,2,15,15,zero,
llm_single,base,3,13,2,10,13.0,0,13,0,0,zero,
llm_single,base,3,14,0,9,1.0,1,0,4,4,zero,
llm_single,base,3,14,1,9,5.0,5,0,15,15,zero,
llm_single,base,3,14,2,9,8.0,0,8,20,20,zero,
llm_single,base,3,15,0,9,3.0,0,3,6,6,zero,
llm_single,base,3,15,1,9,-0.0,0,0,3,3,zero,
llm_single,base,3,15,2,9,9.0,9,0,20,20,zero,
llm_single,base,3,16,0,10,2.0,2,0,6,6,zero,
llm_single,base,3,16,1,10,9.0,9,0,3,3,zero,
llm_single,base,3,16,2,10,6.0,6,0,0,0,zero,
llm_single,base,3,17,0,10,7.0,7,0,10,10,zero,
llm_single,base,3,17,1,10,1.0,1,0,0,0,zero,
llm_single,base,3,17,2,10,6.0,6,0,0,0,zero,
llm_single,base,3,18,0,9,4.0,4,0,19,19,zero,
llm_single,base,3,18,1,9,2.0,2,0,12,12,zero,
llm_single,base,3,18,2,9,14.0,14,0,0,0,zero,
llm_single,base,3,19,0,7,3.0,3,0,9,9,zero,
llm_single,base,3,19,1,7,4.0,4,0,15,15,zero,
llm_single,base,3,19,2,7,19.0,19,0,0,0,zero,
llm_single,base,3,20,0,9,-0.0,0,0,2,2,zero,
llm_single,base,3,20,1,9,5.0,5,0,15,15,zero,
llm_single,base,3,20,2,9,4.0,4,0,20,20,zero,
llm_single,base,3,21,0,9,1.0,1,0,6,6,zero,
llm_single,base,3,21,1,9,1.0,0,1,0,0,zero,
llm_single,base,3,21,2,9,4.0,4,0,20,20,zero,
llm_single,base,3,22,0,9,11.0,11,0,10,10,zero,
llm_single,base,3,22,1,9,1.0,1,0,5,5,zero,
llm_single,base,3,22,2,9,1.0,0,1,0,0,zero,
llm_single,base,3,23,0,8,12.0,12,0,9,9,zero,
llm_single,base,3,23,1,8,7.0,7,0,18,18,zero,
llm_single,base,3,23,2,8,19.0,0,19,0,0,zero,
llm_single,base,3,24,0,8,6.0,6,0,9,9,zero,
llm_single,base,3,24,1,8,13.0,13,0,15,15,zero,
llm_single,base,3,24,2,8,14.0,0,14,5,5,zero,
llm_single,base,3,25,0,9,2.0,2,0,6,6,zero,
llm_single,base,3,25,1,9,7.0,7,0,3,3,zero,
llm_single,base,3,25,2,9,3.0,3,0,20,20,zero,
llm_single,base,3,26,0,8,5.0,5,0,10,10,zero,
llm_single,base,3,26,1,8,1.0,1,0,1,1,zero,
llm_single,base,3,26,2,8,2.0,2,0,20,20,zero,
llm_single,base,3,27,0,8,6.0,6,0,6,6,zero,
llm_single,base,3,27,1,8,5.0,0,5,5,5,zero,
llm_single,base,3,27,2,8,3.0,0,3,0,0,zero,
llm_single,base,3,28,0,9,6.0,6,0,10,10,zero,
llm_single,base,3,28,1,9,5.0,5,0,15,15,zero,
llm_single,base,3,28,2,9,13.0,0,13,0,0,zero,
llm_single,base,3,29,0,8,4.0,4,0,6,6,zero,
llm_single,base,3,29,1,8,16.0,16,0,15,15,zero,
llm_single,base,3,29,2,8,8.0,0,8,0,0,zero,
llm_single,base,3,30,0,10,4.0,4,0,9,9,zero,
llm_single,base,3,30,1,10,8.0,8,0,3,3,zero,
llm_single,base,3,30,2,10,9.0,9,0,20,20,zero,
llm_single,base,3,31,0,10,5.0,0,5,6,6,zero,
llm_single,base,3,31,1,10,4.0,4,0,3,3,zero,
llm_single,base,3,31,2,10,6.0,6,0,20,20,zero,
llm_single,base,3,32,0,9,1.0,1,0,10,10,zero,
llm_single,base,3,32,1,9,1.0,0,1,1,1,zero,
llm_single,base,3,32,2,9,5.0,5,0,0,0,zero,
llm_single,base,3,33,0,7,-0.0,0,0,10,10,zero,
llm_single,base,3,33,1,7,9.0,9,0,15,15,zero,
llm_single,base,3,33,2,7,10.0,0,10,0,0,zero,
llm_single,base,3,34,0,7,2.0,2,0,6,6,zero,
llm_single,base,3,34,1,7,14.0,14,0,15,15,zero,
llm_single,base,3,34,2,7,5.0,0,5,0,0,zero,
llm_single,base,3,35,0,7,1.0,1,0,6,6,zero,
llm_single,base,3,35,1,7,11.0,11,0,3,3,zero,
llm_single,base,3,35,2,7,12.0,12,0,20,20,zero,
llm_single,base,3,36,0,7,3.0,3,0,6,6,zero,
llm_single,base,3,36,1,7,6.0,6,0,1,1,zero,
llm_single,base,3,36,2,7,11.0,11,0,20,20,zero,
llm_single,base,3,37,0,7,7.0,7,0,6,6,zero,
llm_single,base,3,37,1,7,5.0,5,0,1,1,zero,
llm_single,base,3,37,2,7,10.0,10,0,0,0,zero,
llm_single,base,3,38,0,6,7.0,7,0,10,10,zero,
llm_single,base,3,38,1,6,15.0,15,0,1,1,zero,
llm_single,base,3,38,2,6,9.0,9,0,0,0,zero,
llm_single,base,3,39,0,6,7.0,7,0,6,6,zero,
llm_single,base,3,39,1,6,17.0,17,0,15,15,zero,
llm_single,base,3,39,2,6,14.0,14,0,0,0,zero,
llm_single,base,3,40,0,6,7.0,7,0,2,2,zero,
llm_single,base,3,40,1,6,16.0,16,0,3,3,zero,
llm_single,base,3,40,2,6,31.0,31,0,0,0,zero,
llm_single,base,3,41,0,7,6.0,6,0,6,6,zero,
llm_single,base,3,41,1,7,11.0,11,0,1,1,zero,
llm_single,base,3,41,2,7,30.0,30,0,0,0,zero,
llm_single,base,3,42,0,7,9.0,9,0,10,10,zero,
llm_single,base,3,42,1,7,2.0,2,0,1,1,zero,
llm_single,base,3,42,2,7,29.0,29,0,0,0,zero,
llm_single,base,3,43,0,7,8.0,8,0,6,6,zero,
llm_single,base,3,43,1,7,11.0,11,0,15,15,zero,
llm_single,base,3,43,2,7,14.0,14,0,0,0,zero,
llm_single,base,3,44,0,7,3.0,3,0,10,10,zero,
llm_single,base,3,44,1,7,4.0,4,0,1,1,zero,
llm_single,base,3,44,2,7,13.0,13,0,1,1,zero,
llm_single,base,3,45,0,7,2.0,2,0,6,6,zero,
llm_single,base,3,45,1,7,1.0,0,1,15,15,zero,
llm_single,base,3,45,2,7,2.0,0,2,1,1,zero,
llm_single,base,3,46,0,6,6.0,6,0,6,6,zero,
llm_single,base,3,46,1,6,6.0,0,6,3,3,zero,
llm_single,base,3,46,2,6,5.0,0,5,20,20,zero,
llm_single,base,3,47,0,6,6.0,6,0,6,6,zero,
llm_single,base,3,47,1,6,3.0,3,0,15,15,zero,
llm_single,base,3,47,2,6,20.0,0,20,20,20,zero,
llm_single,base,3,48,0,6,10.0,10,0,2,2,zero,
llm_single,base,3,48,1,6,2.0,2,0,15,15,zero,
llm_single,base,3,48,2,6,34.0,0,34,20,20,zero,
llm_single,base,3,49,0,6,9.0,9,0,10,10,zero,
llm_single,base,3,49,1,6,5.0,5,0,3,3,zero,
llm_single,base,3,49,2,6,36.0,0,36,20,20,zero,
llm_single,base,3,50,0,6,4.0,4,0,6,6,zero,
llm_single,base,3,50,1,6,1.0,0,1,15,15,zero,
llm_single,base,3,50,2,6,31.0,0,31,0,0,zero,
llm_single,base,3,51,0,6,10.0,10,0,2,2,zero,
llm_single,base,3,51,1,6,3.0,0,3,3,3,zero,
llm_single,base,3,51,2,6,14.0,0,14,20,20,zero,
llm_single,base,3,52,0,6,6.0,6,0,6,6,zero,
llm_single,base,3,52,1,6,8.0,0,8,0,0,zero,
llm_single,base,3,52,2,6,6.0,6,0,16,16,zero,
llm_single,base,3,53,0,6,10.0,10,0,10,10,zero,
llm_single,base,3,53,1,6,17.0,0,17,0,0,zero,
llm_single,base,3,53,2,6,26.0,26,0,0,0,zero,
llm_single,base,3,54,0,8,7.0,7,0,19,19,zero,
llm_single,base,3,54,1,8,16.0,0,16,0,0,zero,
llm_single,base,3,54,2,8,26.0,26,0,0,0,zero,
llm_single,base,3,55,0,8,1.0,0,1,9,9,zero,
llm_single,base,3,55,1,8,5.0,0,5,18,18,zero,
llm_single,base,3,55,2,8,28.0,28,0,0,0,zero,
llm_single,base,3,56,0,8,8.0,0,8,2,2,zero,
llm_single,base,3,56,1,8,7.0,7,0,18,18,zero,
llm_single,base,3,56,2,8,26.0,26,0,0,0,zero,
llm_single,base,3,57,0,7,14.0,0,14,2,2,zero,
llm_single,base,3,57,1,7,5.0,5,0,0,0,zero,
llm_single,base,3,57,2,7,26.0,26,0,20,20,zero,
llm_single,base,3,58,0,7,1.0,0,1,6,6,zero,
llm_single,base,3,58,1,7,1.0,0,1,0,0,zero,
llm_single,base,3,58,2,7,26.0,26,0,0,0,zero,
llm_single,base,3,59,0,7,12.0,12,0,6,6,zero,
llm_single,base,3,59,1,7,11.0,11,0,12,12,zero,
llm_single,base,3,59,2,7,14.0,14,0,0,0,zero,
llm_single,base,3,60,0,8,11.0,11,0,9,9,zero,
llm_single,base,3,60,1,8,20.0,20,0,12,12,zero,
llm_single,base,3,60,2,8,2.0,2,0,0,0,zero,
llm_single,base,3,61,0,7,6.0,6,0,9,9,zero,
llm_single,base,3,61,1,7,11.0,11,0,12,12,zero,
llm_single,base,3,61,2,7,10.0,10,0,20,20,zero,
llm_single,base,3,62,0,7,4.0,4,0,4,4,zero,
llm_single,base,3,62,1,7,7.0,7,0,3,3,zero,
llm_single,base,3,62,2,7,7.0,7,0,20,20,zero,
llm_single,base,3,63,0,8,3.0,3,0,6,6,zero,
llm_single,base,3,63,1,8,13.0,13,0,1,1,zero,
llm_single,base,3,63,2,8,6.0,6,0,0,0,zero,
llm_single,base,3,64,0,9,3.0,3,0,10,10,zero,
llm_single,base,3,64,1,9,15.0,15,0,1,1,zero,
llm_single,base,3,64,2,9,5.0,5,0,0,0,zero,
llm_single,base,3,65,0,9,3.0,3,0,9,9,zero,
llm_single,base,3,65,1,9,18.0,18,0,15,15,zero,
llm_single,base,3,65,2,9,10.0,10,0,0,0,zero,
llm_single,base,3,66,0,8,1.0,0,1,19,19,zero,
llm_single,base,3,66,1,8,2.0,2,0,15,15,zero,
llm_single,base,3,66,2,8,15.0,15,0,0,0,zero,
llm_single,base,3,67,0,8,3.0,0,3,6,6,zero,
llm_single,base,3,67,1,8,3.0,0,3,15,15,zero,
llm_single,base,3,67,2,8,-0.0,0,0,20,20,zero,
llm_single,base,3,68,0,8,1.0,0,1,6,6,zero,
llm_single,base,3,68,1,8,8.0,0,8,3,3,zero,
llm_single,base,3,68,2,8,3.0,0,3,20,20,zero,
llm_single,base,3,69,0,6,2.0,2,0,6,6,zero,
llm_single,base,3,69,1,6,1.0,1,0,5,5,zero,
llm_single,base,3,69,2,6,8.0,0,8,0,0,zero,
llm_single,base,3,70,0,6,15.0,15,0,2,2,zero,
llm_single,base,3,70,1,6,14.0,14,0,15,15,zero,
llm_single,base,3,70,2,6,23.0,0,23,0,0,zero,
llm_single,base,3,71,0,5,13.0,13,0,10,10,zero,
llm_single,base,3,71,1,5,19.0,19,0,3,3,zero,
llm_single,base,3,71,2,5,6.0,0,6,20,20,zero,
llm_single,base,3,72,0,5,9.0,9,0,6,6,zero,
llm_single,base,3,72,1,5,13.0,13,0,3,3,zero,
llm_single,base,3,72,2,5,11.0,11,0,0,0,zero,
llm_single,base,3,73,0,5,18.0,18,0,0,0,zero,
llm_single,base,3,73,1,5,13.0,13,0,3,3,zero,
llm_single,base,3,73,2,5,8.0,8,0,0,0,zero,
llm_single,base,3,74,0,5,15.0,15,0,0,0,zero,
llm_single,base,3,74,1,5,13.0,13,0,0,0,zero,
llm_single,base,3,74,2,5,8.0,8,0,0,0,zero,
llm_single,base,3,75,0,7,18.0,18,0,2,2,zero,
llm_single,base,3,75,1,7,31.0,31,0,0,0,zero,
llm_single,base,3,75,2,7,28.0,28,0,0,0,zero,
llm_single,base,3,76,0,6,18.0,18,0,9,9,zero,
llm_single,base,3,76,1,6,31.0,31,0,0,0,zero,
llm_single,base,3,76,2,6,28.0,28,0,0,0,zero,
llm_single,base,3,77,0,6,12.0,12,0,3,3,zero,
llm_single,base,3,77,1,6,31.0,31,0,1,1,zero,
llm_single,base,3,77,2,6,27.0,27,0,0,0,zero,
llm_single,base,3,78,0,6,6.0,6,0,9,9,zero,
llm_single,base,3,78,1,6,22.0,22,0,1,1,zero,
llm_single,base,3,78,2,6,26.0,26,0,0,0,zero,
llm_single,base,3,79,0,5,3.0,3,0,3,3,zero,
llm_single,base,3,79,1,5,19.0,19,0,15,15,zero,
llm_single,base,3,79,2,5,11.0,11,0,0,0,zero,
llm_single,base,3,80,0,5,7.0,7,0,2,2,zero,
llm_single,base,3,80,1,5,17.0,17,0,1,1,zero,
llm_single,base,3,80,2,5,10.0,10,0,1,1,zero,
llm_single,base,3,81,0,4,6.0,6,0,2,2,zero,
llm_single,base,3,81,1,4,16.0,16,0,1,1,zero,
llm_single,base,3,81,2,4,9.0,9,0,20,20,zero,
llm_single,base,3,82,0,4,11.0,11,0,6,6,zero,
llm_single,base,3,82,1,4,11.0,11,0,0,0,zero,
llm_single,base,3,82,2,4,9.0,9,0,0,0,zero,
llm_single,base,3,83,0,4,10.0,10,0,2,2,zero,
llm_single,base,3,83,1,4,24.0,24,0,1,1,zero,
llm_single,base,3,83,2,4,8.0,8,0,0,0,zero,
llm_single,base,3,84,0,4,8.0,8,0,2,2,zero,
llm_single,base,3,84,1,4,23.0,23,0,1,1,zero,
llm_single,base,3,84,2,4,8.0,8,0,0,0,zero,
llm_single,base,3,85,0,3,7.0,7,0,2,2,zero,
llm_single,base,3,85,1,3,22.0,22,0,1,1,zero,
llm_single,base,3,85,2,3,27.0,27,0,0,0,zero,
llm_single,base,3,86,0,3,10.0,10,0,2,2,zero,
llm_single,base,3,86,1,3,20.0,20,0,1,1,zero,
llm_single,base,3,86,2,3,26.0,26,0,0,0,zero,
llm_single,base,3,87,0,3,9.0,9,0,0,0,zero,
llm_single,base,3,87,1,3,21.0,21,0,1,1,zero,
llm_single,base,3,87,2,3,25.0,25,0,0,0,zero,
llm_single,base,3,88,0,3,8.0,8,0,2,2,zero,
llm_single,base,3,88,1,3,20.0,20,0,0,0,zero,
llm_single,base,3,88,2,3,25.0,25,0,0,0,zero,
llm_single,base,3,89,0,3,7.0,7,0,2,2,zero,
llm_single,base,3,89,1,3,19.0,19,0,0,0,zero,
llm_single,base,3,89,2,3,25.0,25,0,0,0,zero,
llm_single,base,3,90,0,2,7.0,7,0,2,2,zero,
llm_single,base,3,90,1,2,18.0,18,0,1,1,zero,
llm_single,base,3,90,2,2,24.0,24,0,0,0,zero,
llm_single,base,3,91,0,3,4.0,4,0,0,0,zero,
llm_single,base,3,91,1,3,19.0,19,0,1,1,zero,
llm_single,base,3,91,2,3,23.0,23,0,0,0,zero,
llm_single,base,3,92,0,2,4.0,4,0,6,6,zero,
llm_single,base,3,92,1,2,13.0,13,0,0,0,zero,
llm_single,base,3,92,2,2,23.0,23,0,0,0,zero,
llm_single,base,3,93,0,3,3.0,3,0,2,2,zero,
llm_single,base,3,93,1,3,11.0,11,0,1,1,zero,
llm_single,base,3,93,2,3,22.0,22,0,0,0,zero,
llm_single,base,3,94,0,3,2.0,2,0,2,2,zero,
llm_single,base,3,94,1,3,10.0,10,0,1,1,zero,
llm_single,base,3,94,2,3,21.0,21,0,0,0,zero,
llm_single,base,3,95,0,3,1.0,0,1,2,2,zero,
llm_single,base,3,95,1,3,9.0,9,0,1,1,zero,
llm_single,base,3,95,2,3,20.0,20,0,0,0,zero,
llm_single,base,3,96,0,3,2.0,2,0,6,6,zero,
llm_single,base,3,96,1,3,3.0,3,0,1,1,zero,
llm_single,base,3,96,2,3,19.0,19,0,0,0,zero,
llm_single,base,3,97,0,2,2.0,2,0,0,0,zero,
llm_single,base,3,97,1,2,4.0,4,0,15,15,zero,
llm_single,base,3,97,2,2,4.0,4,0,0,0,zero,
llm_single,base,3,98,0,2,2.0,2,0,0,0,zero,
llm_single,base,3,98,1,2,5.0,5,0,1,1,zero,
llm_single,base,3,98,2,2,3.0,3,0,1,1,zero,
llm_single,base,3,99,0,2,2.0,2,0,0,0,zero,
llm_single,base,3,99,1,2,6.0,6,0,0,0,zero,
llm_single,base,3,99,2,2,3.0,3,0,20,20,zero,
llm_single,base,3,100,0,3,5.0,5,0,2,2,zero,
llm_single,base,3,100,1,3,5.0,5,0,0,0,zero,
llm_single,base,3,100,2,3,3.0,3,0,3,3,zero,
llm_single,base,3,101,0,3,2.0,2,0,6,6,zero,
llm_single,base,3,101,1,3,14.0,14,0,0,0,zero,
llm_single,base,3,101,2,3,3.0,3,0,0,0,zero,
llm_single,base,3,102,0,2,-0.0,0,0,2,2,zero,
llm_single,base,3,102,1,2,13.0,13,0,1,1,zero,
llm_single,base,3,102,2,2,3.0,3,0,0,0,zero,
llm_single,base,3,103,0,2,2.0,0,2,0,0,zero,
llm_single,base,3,103,1,2,13.0,13,0,1,1,zero,
llm_single,base,3,103,2,2,22.0,22,0,0,0,zero,
llm_single,base,3,104,0,2,2.0,0,2,0,0,zero,
llm_single,base,3,104,1,2,13.0,13,0,1,1,zero,
llm_single,base,3,104,2,2,24.0,24,0,0,0,zero,
llm_single,base,3,105,0,2,2.0,2,0,6,6,zero,
llm_single,base,3,105,1,2,7.0,7,0,0,0,zero,
llm_single,base,3,105,2,2,24.0,24,0,0,0,zero,
llm_single,base,3,106,0,2,2.0,2,0,0,0,zero,
llm_single,base,3,106,1,2,8.0,8,0,15,15,zero,
llm_single,base,3,106,2,2,9.0,9,0,0,0,zero,
llm_single,base,3,107,0,2,-0.0,0,0,6,6,zero,
llm_single,base,3,107,1,2,3.0,3,0,0,0,zero,
llm_single,base,3,107,2,2,9.0,9,0,1,1,zero,
llm_single,base,3,108,0,2,2.0,0,2,0,0,zero,
llm_single,base,3,108,1,2,4.0,4,0,1,1,zero,
llm_single,base,3,108,2,2,8.0,8,0,1,1,zero,
llm_single,base,3,109,0,1,3.0,3,0,0,0,zero,
llm_single,base,3,109,1,1,4.0,4,0,1,1,zero,
llm_single,base,3,109,2,1,7.0,7,0,1,1,zero,
llm_single,base,3,110,0,1,2.0,2,0,0,0,zero,
llm_single,base,3,110,1,1,19.0,19,0,0,0,zero,
llm_single,base,3,110,2,1,7.0,7,0,1,1,zero,
llm_single,base,3,111,0,2,6.0,6,0,0,0,zero,
llm_single,base,3,111,1,2,19.0,19,0,0,0,zero,
llm_single,base,3,111,2,2,8.0,8,0,0,0,zero,
llm_single,base,3,112,0,2,4.0,4,0,2,2,zero,
llm_single,base,3,112,1,2,18.0,18,0,0,0,zero,
llm_single,base,3,112,2,2,9.0,9,0,0,0,zero,
llm_single,base,3,113,0,2,2.0,2,0,0,0,zero,
llm_single,base,3,113,1,2,19.0,19,0,0,0,zero,
llm_single,base,3,113,2,2,10.0,10,0,0,0,zero,
llm_single,base,3,114,0,2,-0.0,0,0,6,6,zero,
llm_single,base,3,114,1,2,13.0,13,0,0,0,zero,
llm_single,base,3,114,2,2,11.0,11,0,0,0,zero,
llm_single,base,3,115,0,2,2.0,0,2,2,2,zero,
llm_single,base,3,115,1,2,11.0,11,0,1,1,zero,
llm_single,base,3,115,2,2,10.0,10,0,0,0,zero,
llm_single,base,3,116,0,2,2.0,0,2,0,0,zero,
llm_single,base,3,116,1,2,11.0,11,0,1,1,zero,
llm_single,base,3,116,2,2,9.0,9,0,0,0,zero,
llm_single,base,3,117,0,2,4.0,0,4,2,2,zero,
llm_single,base,3,117,1,2,9.0,9,0,1,1,zero,
llm_single,base,3,117,2,2,8.0,8,0,1,1,zero,
llm_single,base,3,118,0,2,-0.0,0,0,6,6,zero,
llm_single,base,3,118,1,2,3.0,3,0,1,1,zero,
llm_single,base,3,118,2,2,7.0,7,0,1,1,zero,
llm_single,base,3,119,0,2,-0.0,0,0,0,0,zero,
llm_single,base,3,119,1,2,4.0,4,0,15,15,zero,
llm_single,base,3,119,2,2,8.0,0,8,20,20,zero,
llm_single,base,3,120,0,2,2.0,0,2,0,0,zero,
llm_single,base,3,120,1,2,5.0,5,0,1,1,zero,
llm_single,base,3,120,2,2,9.0,0,9,20,20,zero,
llm_single,base,3,121,0,2,2.0,0,2,6,6,zero,
llm_single,base,3,121,1,2,-0.0,0,0,0,0,zero,
llm_single,base,3,121,2,2,8.0,0,8,0,0,zero,
llm_single,base,3,122,0,1,3.0,3,0,0,0,zero,
llm_single,base,3,122,1,1,1.0,1,0,1,1,zero,
llm_single,base,3,122,2,1,8.0,0,8,0,0,zero,
llm_single,base,3,123,0,1,2.0,2,0,0,0,zero,
llm_single,base,3,123,1,1,8.0,8,0,1,1,zero,
llm_single,base,3,123,2,1,11.0,11,0,0,0,zero,
llm_single,base,3,124,0,2,-0.0,0,0,0,0,zero,
llm_single,base,3,124,1,2,8.0,8,0,0,0,zero,
llm_single,base,3,124,2,2,31.0,31,0,0,0,zero,
llm_single,base,3,125,0,2,4.0,4,0,6,6,zero,
llm_single,base,3,125,1,2,3.0,3,0,0,0,zero,
llm_single,base,3,125,2,2,31.0,31,0,0,0,zero,
llm_single,base,3,126,0,1,3.0,3,0,0,0,zero,
llm_single,base,3,126,1,1,4.0,4,0,1,1,zero,
llm_single,base,3,126,2,1,30.0,30,0,0,0,zero,
llm_single,base,3,127,0,2,1.0,1,0,0,0,zero,
llm_single,base,3,127,1,2,13.0,13,0,1,1,zero,
llm_single,base,3,127,2,2,29.0,29,0,0,0,zero,
llm_single,base,3,128,0,2,1.0,0,1,0,0,zero,
llm_single,base,3,128,1,2,13.0,13,0,0,0,zero,
llm_single,base,3,128,2,2,29.0,29,0,0,0,zero,
llm_single,base,3,129,0,1,4.0,4,0,6,6,zero,
llm_single,base,3,129,1,1,7.0,7,0,0,0,zero,
llm_single,base,3,129,2,1,29.0,29,0,0,0,zero,
llm_single,base,3,130,0,1,3.0,3,0,0,0,zero,
llm_single,base,3,130,1,1,8.0,8,0,1,1,zero,
llm_single,base,3,130,2,1,28.0,28,0,0,0,zero,
llm_single,base,3,131,0,1,2.0,2,0,0,0,zero,
llm_single,base,3,131,1,1,9.0,9,0,1,1,zero,
llm_single,base,3,131,2,1,27.0,27,0,0,0,zero,
llm_single,base,3,132,0,1,1.0,1,0,0,0,zero,
llm_single,base,3,132,1,1,9.0,9,0,1,1,zero,
llm_single,base,3,132,2,1,26.0,26,0,0,0,zero,
llm_single,base,3,133,0,2,5.0,5,0,0,0,zero,
llm_single,base,3,133,1,2,9.0,9,0,0,0,zero,
llm_single,base,3,133,2,2,26.0,26,0,0,0,zero,
llm_single,base,3,134,0,2,3.0,3,0,6,6,zero,
llm_single,base,3,134,1,2,4.0,4,0,0,0,zero,
llm_single,base,3,134,2,2,26.0,26,0,0,0,zero,
llm_single,base,3,135,0,2,1.0,1,0,0,0,zero,
llm_single,base,3,135,1,2,5.0,5,0,1,1,zero,
llm_single,base,3,135,2,2,25.0,25,0,0,0,zero,
llm_single,base,3,136,0,2,1.0,0,1,0,0,zero,
llm_single,base,3,136,1,2,6.0,6,0,1,1,zero,
llm_single,base,3,136,2,2,24.0,24,0,0,0,zero,
llm_single,base,3,137,0,2,3.0,0,3,6,6,zero,
llm_single,base,3,137,1,2,-0.0,0,0,0,0,zero,
llm_single,base,3,137,2,2,24.0,24,0,0,0,zero,
llm_single,base,3,138,0,2,1.0,1,0,0,0,zero,
llm_single,base,3,138,1,2,-0.0,0,0,15,15,zero,
llm_single,base,3,138,2,2,9.0,9,0,0,0,zero,
llm_single,base,3,139,0,2,1.0,0,1,6,6,zero,
llm_single,base,3,139,1,2,5.0,0,5,1,1,zero,
llm_single,base,3,139,2,2,8.0,8,0,1,1,zero,
llm_single,base,3,140,0,3,4.0,0,4,6,6,zero,
llm_single,base,3,140,1,3,10.0,0,10,15,15,zero,
llm_single,base,3,140,2,3,7.0,0,7,20,20,zero,
llm_single,base,3,141,0,2,-0.0,0,0,6,6,zero,
llm_single,base,3,141,1,2,16.0,0,16,15,15,zero,
llm_single,base,3,141,2,2,22.0,0,22,20,20,zero,
llm_single,base,3,142,0,3,3.0,0,3,10,10,zero,
llm_single,base,3,142,1,3,11.0,0,11,15,15,zero,
llm_single,base,3,142,2,3,37.0,0,37,20,20,zero,
llm_single,base,3,143,0,3,5.0,0,5,6,6,zero,
llm_single,base,3,143,1,3,16.0,0,16,18,18,zero,
llm_single,base,3,143,2,3,54.0,0,54,20,20,zero,
llm_single,base,3,144,0,3,7.0,0,7,6,6,zero,
llm_single,base,3,144,1,3,14.0,0,14,18,18,zero,
llm_single,base,3,144,2,3,52.0,0,52,20,20,zero,
llm_single,base,3,145,0,3,10.0,0,10,6,6,zero,
llm_single,base,3,145,1,3,20.0,0,20,11,11,zero,
llm_single,base,3,145,2,3,43.0,0,43,20,20,zero,
llm_single,base,3,146,0,3,2.0,2,0,6,6,zero,
llm_single,base,3,146,1,3,26.0,0,26,0,0,zero,
llm_single,base,3,146,2,3,23.0,0,23,20,20,zero,
llm_single,base,3,147,0,4,1.0,0,1,6,6,zero,
llm_single,base,3,147,1,4,31.0,0,31,0,0,zero,
llm_single,base,3,147,2,4,3.0,0,3,0,0,zero,
llm_single,base,3,148,0,4,3.0,3,0,6,6,zero,
llm_single,base,3,148,1,4,17.0,0,17,0,0,zero,
llm_single,base,3,148,2,4,17.0,17,0,0,0,zero,
llm_single,base,3,149,0,4,1.0,0,1,2,2,zero,
llm_single,base,3,149,1,4,1.0,1,0,0,0,zero,
llm_single,base,3,149,2,4,37.0,37,0,0,0,zero,
llm_single,base,3,150,0,4,5.0,0,5,0,0,zero,
llm_single,base,3,150,1,4,21.0,21,0,12,12,zero,
llm_single,base,3,150,2,4,45.0,45,0,0,0,zero,
llm_single,base,3,151,0,4,8.0,0,8,0,0,zero,
llm_single,base,3,151,1,4,41.0,41,0,0,0,zero,
llm_single,base,3,151,2,4,45.0,45,0,1,1,zero,
llm_single,base,3,152,0,3,9.0,9,0,6,6,zero,
llm_single,base,3,152,1,3,38.0,38,0,0,0,zero,
llm_single,base,3,152,2,3,45.0,45,0,0,0,zero,
llm_single,base,3,153,0,3,25.0,25,0,0,0,zero,
llm_single,base,3,153,1,3,38.0,38,0,0,0,zero,
llm_single,base,3,153,2,3,45.0,45,0,0,0,zero,
llm_single,base,3,154,0,3,22.0,22,0,0,0,zero,
llm_single,base,3,154,1,3,50.0,50,0,0,0,zero,
llm_single,base,3,154,2,3,45.0,45,0,0,0,zero,
llm_single,base,3,155,0,4,18.0,18,0,0,0,zero,
llm_single,base,3,155,1,4,50.0,50,0,0,0,zero,
llm_single,base,3,155,2,4,46.0,46,0,0,0,zero,
llm_single,base,3,156,0,4,20.0,20,0,0,0,zero,
llm_single,base,3,156,1,4,50.0,50,0,0,0,zero,
llm_single,base,3,156,2,4,46.0,46,0,0,0,zero,
llm_single,base,3,157,0,4,16.0,16,0,2,2,zero,
llm_single,base,3,157,1,4,48.0,48,0,0,0,zero,
llm_single,base,3,157,2,4,46.0,46,0,0,0,zero,
llm_single,base,3,158,0,4,12.0,12,0,2,2,zero,
llm_single,base,3,158,1,4,46.0,46,0,0,0,zero,
llm_single,base,3,158,2,4,46.0,46,0,0,0,zero,
llm_single,base,3,159,0,4,8.0,8,0,9,9,zero,
llm_single,base,3,159,1,4,37.0,37,0,0,0,zero,
llm_single,base,3,159,2,4,46.0,46,0,0,0,zero,
llm_single,base,3,160,0,4,4.0,4,0,1,1,zero,
llm_single,base,3,160,1,4,36.0,36,0,1,1,zero,
llm_single,base,3,160,2,4,45.0,45,0,0,0,zero,
llm_single,base,3,161,0,4,2.0,2,0,2,2,zero,
llm_single,base,3,161,1,4,34.0,34,0,1,1,zero,
llm_single,base,3,161,2,4,44.0,44,0,0,0,zero,
llm_single,base,3,162,0,3,1.0,1,0,2,2,zero,
llm_single,base,3,162,1,3,32.0,32,0,1,1,zero,
llm_single,base,3,162,2,3,43.0,43,0,0,0,zero,
llm_single,base,3,163,0,4,6.0,6,0,6,6,zero,
llm_single,base,3,163,1,4,26.0,26,0,1,1,zero,
llm_single,base,3,163,2,4,42.0,42,0,0,0,zero,
llm_single,base,3,164,0,3,4.0,4,0,0,0,zero,
llm_single,base,3,164,1,3,27.0,27,0,1,1,zero,
llm_single,base,3,164,2,3,41.0,41,0,0,0,zero,
llm_single,base,3,165,0,3,3.0,3,0,6,6,zero,
llm_single,base,3,165,1,3,22.0,22,0,1,1,zero,
llm_single,base,3,165,2,3,40.0,40,0,0,0,zero,
llm_single,base,3,166,0,3,2.0,2,0,2,2,zero,
llm_single,base,3,166,1,3,21.0,21,0,1,1,zero,
llm_single,base,3,166,2,3,39.0,39,0,0,0,zero,
llm_single,base,3,167,0,3,5.0,5,0,0,0,zero,
llm_single,base,3,167,1,3,22.0,22,0,1,1,zero,
llm_single,base,3,167,2,3,38.0,38,0,0,0,zero,
llm_single,base,3,168,0,3,2.0,2,0,2,2,zero,
llm_single,base,3,168,1,3,21.0,21,0,1,1,zero,
llm_single,base,3,168,2,3,37.0,37,0,0,0,zero,
llm_single,base,3,169,0,3,5.0,5,0,6,6,zero,
llm_single,base,3,169,1,3,16.0,16,0,1,1,zero,
llm_single,base,3,169,2,3,36.0,36,0,0,0,zero,
llm_single,base,3,170,0,4,3.0,3,0,2,2,zero,
llm_single,base,3,170,1,4,15.0,15,0,1,1,zero,
llm_single,base,3,170,2,4,35.0,35,0,0,0,zero,
llm_single,base,3,171,0,4,1.0,0,1,6,6,zero,
llm_single,base,3,171,1,4,10.0,10,0,1,1,zero,
llm_single,base,3,171,2,4,34.0,34,0,0,0,zero,
llm_single,base,3,172,0,4,3.0,0,3,6,6,zero,
llm_single,base,3,172,1,4,5.0,5,0,15,15,zero,
llm_single,base,3,172,2,4,19.0,19,0,0,0,zero,
llm_single,base,3,173,0,4,1.0,0,1,2,2,zero,
llm_single,base,3,173,1,4,4.0,4,0,1,1,zero,
llm_single,base,3,173,2,4,18.0,18,0,1,1,zero,
llm_single,base,3,174,0,4,3.0,0,3,6,6,zero,
llm_single,base,3,174,1,4,1.0,0,1,1,1,zero,
llm_single,base,3,174,2,4,17.0,17,0,0,0,zero,
llm_single,base,3,175,0,4,1.0,0,1,6,6,zero,
llm_single,base,3,175,1,4,6.0,0,6,1,1,zero,
llm_single,base,3,175,2,4,16.0,16,0,0,0,zero,
llm_single,base,3,176,0,4,1.0,1,0,10,10,zero,
llm_single,base,3,176,1,4,1.0,0,1,15,15,zero,
llm_single,base,3,176,2,4,1.0,1,0,0,0,zero,
llm_single,base,3,177,0,4,1.0,0,1,2,2,zero,
llm_single,base,3,177,1,4,2.0,0,2,1,1,zero,
llm_single,base,3,177,2,4,1.0,1,0,16,16,zero,
llm_single,base,3,178,0,4,-0.0,0,0,0,0,zero,
llm_single,base,3,178,1,4,1.0,0,1,5,5,zero,
llm_single,base,3,178,2,4,4.0,0,4,2,2,zero,
llm_single,base,3,179,0,4,3.0,0,3,6,6,zero,
llm_single,base,3,179,1,4,6.0,0,6,1,1,zero,
llm_single,base,3,179,2,4,5.0,0,5,1,1,zero,
llm_single,base,3,180,0,5,7.0,7,0,6,6,zero,
llm_single,base,3,180,1,5,3.0,3,0,5,5,zero,
llm_single,base,3,180,2,5,10.0,0,10,0,0,zero,
llm_single,base,3,181,0,5,3.0,3,0,2,2,zero,
llm_single,base,3,181,1,5,2.0,2,0,15,15,zero,
llm_single,base,3,181,2,5,9.0,0,9,20,20,zero,
llm_single,base,3,182,0,5,1.0,0,1,6,6,zero,
llm_single,base,3,182,1,5,3.0,0,3,3,3,zero,
llm_single,base,3,182,2,5,10.0,0,10,20,20,zero,
llm_single,base,3,183,0,5,5.0,0,5,6,6,zero,
llm_single,base,3,183,1,5,9.0,0,9,15,15,zero,
llm_single,base,3,183,2,5,24.0,0,24,0,0,zero,
llm_single,base,3,184,0,5,2.0,2,0,10,10,zero,
llm_single,base,3,184,1,5,19.0,0,19,15,15,zero,
llm_single,base,3,184,2,5,39.0,0,39,20,20,zero,
llm_single,base,3,185,0,5,1.0,0,1,19,19,zero,
llm_single,base,3,185,1,5,22.0,0,22,15,15,zero,
llm_single,base,3,185,2,5,34.0,0,34,20,20,zero,
llm_single,base,3,186,0,5,3.0,0,3,10,10,zero,
llm_single,base,3,186,1,5,30.0,0,30,15,15,zero,
llm_single,base,3,186,2,5,29.0,0,29,20,20,zero,
llm_single,base,3,187,0,6,9.0,0,9,10,10,zero,
llm_single,base,3,187,1,6,39.0,0,39,18,18,zero,
llm_single,base,3,187,2,6,47.0,0,47,20,20,zero,
llm_single,base,3,188,0,6,15.0,0,15,10,10,zero,
llm_single,base,3,188,1,6,49.0,0,49,18,18,zero,
llm_single,base,3,188,2,6,45.0,0,45,20,20,zero,
llm_single,base,3,189,0,5,4.0,0,4,10,10,zero,
llm_single,base,3,189,1,5,39.0,0,39,3,3,zero,
llm_single,base,3,189,2,5,28.0,0,28,20,20,zero,
llm_single,base,3,190,0,6,8.0,0,8,6,6,zero,
llm_single,base,3,190,1,6,25.0,0,25,0,0,zero,
llm_single,base,3,190,2,6,8.0,0,8,0,0,zero,
llm_single,base,3,191,0,7,14.0,0,14,0,0,zero,
llm_single,base,3,191,1,7,25.0,0,25,0,0,zero,
llm_single,base,3,191,2,7,12.0,12,0,0,0,zero,
llm_single,base,3,192,0,7,21.0,0,21,6,6,zero,
llm_single,base,3,192,1,7,11.0,0,11,0,0,zero,
llm_single,base,3,192,2,7,32.0,32,0,0,0,zero,
llm_single,base,3,193,0,7,8.0,0,8,6,6,zero,
llm_single,base,3,193,1,7,3.0,3,0,0,0,zero,
llm_single,base,3,193,2,7,52.0,52,0,0,0,zero,
llm_single,base,3,194,0,6,6.0,6,0,6,6,zero,
llm_single,base,3,194,1,6,17.0,17,0,18,18,zero,
llm_single,base,3,194,2,6,34.0,34,0,0,0,zero,
llm_single,base,3,195,0,6,-0.0,0,0,0,0,zero,
llm_single,base,3,195,1,6,25.0,25,0,0,0,zero,
llm_single,base,3,195,2,6,34.0,34,0,1,1,zero,
llm_single,base,3,196,0,5,15.0,15,0,6,6,zero,
llm_single,base,3,196,1,5,19.0,19,0,0,0,zero,
llm_single,base,3,196,2,5,34.0,34,0,0,0,zero,
llm_single,base,3,197,0,5,27.0,27,0,0,0,zero,
llm_single,base,3,197,1,5,19.0,19,0,1,1,zero,
llm_single,base,3,197,2,5,33.0,33,0,0,0,zero,
llm_single,base,3,198,0,5,28.0,28,0,0,0,zero,
llm_single,base,3,198,1,5,37.0,37,0,0,0,zero,
llm_single,base,3,198,2,5,33.0,33,0,0,0,zero,
llm_single,base,3,199,0,5,23.0,23,0,2,2,zero,
llm_single,base,3,199,1,5,35.0,35,0,0,0,zero,
llm_single,base,3,199,2,5,34.0,34,0,0,0,zero,
llm_single,base,3,200,0,5,24.0,24,0,2,2,zero,
llm_single,base,3,200,1,5,33.0,33,0,0,0,zero,
llm_single,base,3,200,2,5,34.0,34,0,0,0,zero,
llm_single,shock,0,1,0,10,10.0,10,0,10,10,zero,
llm_single,shock,0,1,1,10,10.0,10,0,15,15,zero,
llm_single,shock,0,1,2,10,5.0,5,0,0,0,zero,
llm_single,shock,0,2,0,9,11.0,11,0,10,10,zero,
llm_single,shock,0,2,1,9,10.0,10,0,1,1,zero,
llm_single,shock,0,2,2,9,14.0,14,0,20,20,zero,
llm_single,shock,0,3,0,9,12.0,12,0,6,6,zero,
llm_single,shock,0,3,1,9,14.0,14,0,15,15,zero,
llm_single,shock,0,3,2,9,9.0,9,0,3,3,zero,
llm_single,shock,0,4,0,9,13.0,13,0,10,10,zero,
llm_single,shock,0,4,1,9,14.0,14,0,1,1,zero,
llm_single,shock,0,4,2,9,18.0,18,0,20,20,zero,
llm_single,shock,0,5,0,8,15.0,15,0,6,6,zero,
llm_single,shock,0,5,1,8,23.0,23,0,15,15,zero,
llm_single,shock,0,5,2,8,3.0,3,0,0,0,zero,
llm_single,shock,0,6,0,7,18.0,18,0,9,9,zero,
llm_single,shock,0,6,1,7,15.0,15,0,1,1,zero,
llm_single,shock,0,6,2,7,22.0,22,0,16,16,zero,
llm_single,shock,0,7,0,7,17.0,17,0,4,4,zero,
llm_single,shock,0,7,1,7,26.0,26,0,1,1,zero,
llm_single,shock,0,7,2,7,24.0,24,0,0,0,zero,
llm_single,shock,0,8,0,8,19.0,19,0,4,4,zero,
llm_single,shock,0,8,1,8,23.0,23,0,1,1,zero,
llm_single,shock,0,8,2,8,43.0,43,0,0,0,zero,
llm_single,shock,0,9,0,7,18.0,18,0,6,6,zero,
llm_single,shock,0,9,1,7,32.0,32,0,1,1,zero,
llm_single,shock,0,9,2,7,42.0,42,0,0,0,zero,
llm_single,shock,0,10,0,7,20.0,20,0,4,4,zero,
llm_single,shock,0,10,1,7,29.0,29,0,1,1,zero,
llm_single,shock,0,10,2,7,57.0,57,0,0,0,zero,
llm_single,shock,0,11,0,7,17.0,17,0,4,4,zero,
llm_single,shock,0,11,1,7,26.0,26,0,1,1,zero,
llm_single,shock,0,11,2,7,56.0,56,0,0,0,zero,
llm_single,shock,0,12,0,7,14.0,14,0,4,4,zero,
llm_single,shock,0,12,1,7,23.0,23,0,1,1,zero,
llm_single,shock,0,12,2,7,55.0,55,0,0,0,zero,
llm_single,shock,0,13,0,8,12.0,12,0,9,9,zero,
llm_single,shock,0,13,1,8,15.0,15,0,1,1,zero,
llm_single,shock,0,13,2,8,54.0,54,0,0,0,zero,
llm_single,shock,0,14,0,8,8.0,8,0,9,9,zero,
llm_single,shock,0,14,1,8,7.0,7,0,15,15,zero,
llm_single,shock,0,14,2,8,39.0,39,0,0,0,zero,
llm_single,shock,0,15,0,9,3.0,3,0,9,9,zero,
llm_single,shock,0,15,1,9,1.0,0,1,11,11,zero,
llm_single,shock,0,15,2,9,28.0,28,0,0,0,zero,
llm_single,shock,0,16,0,8,1.0,0,1,9,9,zero,
llm_single,shock,0,16,1,8,9.0,0,9,15,15,zero,
llm_single,shock,0,16,2,8,13.0,13,0,16,16,zero,
llm_single,shock,0,17,0,8,-0.0,0,0,10,10,zero,
llm_single,shock,0,17,1,8,18.0,0,18,3,3,zero,
llm_single,shock,0,17,2,8,10.0,10,0,20,20,zero,
llm_single,shock,0,18,0,8,1.0,1,0,10,10,zero,
llm_single,shock,0,18,1,8,13.0,0,13,15,15,zero,
llm_single,shock,0,18,2,8,5.0,0,5,0,0,zero,
llm_single,shock,0,19,0,9,-0.0,0,0,6,6,zero,
llm_single,shock,0,19,1,9,8.0,0,8,18,18,zero,
llm_single,shock,0,19,2,9,23.0,0,23,20,20,zero,
llm_single,shock,0,20,0,9,8.0,0,8,10,10,zero,
llm_single,shock,0,20,1,9,3.0,0,3,18,18,zero,
llm_single,shock,0,20,2,9,25.0,0,25,20,20,zero,
llm_single,shock,0,21,0,8,15.0,0,15,6,6,zero,
llm_single,shock,0,21,1,8,6.0,0,6,18,18,zero,
llm_single,shock,0,21,2,8,23.0,0,23,20,20,zero,
llm_single,shock,0,22,0,10,10.0,0,10,10,10,zero,
llm_single,shock,0,22,1,10,6.0,0,6,3,3,zero,
llm_single,shock,0,22,2,10,26.0,0,26,20,20,zero,
llm_single,shock,0,23,0,10,9.0,0,9,10,10,zero,
llm_single,shock,0,23,1,10,16.0,0,16,18,18,zero,
llm_single,shock,0,23,2,10,24.0,0,24,0,0,zero,
llm_single,shock,0,24,0,9,3.0,0,3,19,19,zero,
llm_single,shock,0,24,1,9,19.0,0,19,3,3,zero,
llm_single,shock,0,24,2,9,7.0,0,7,20,20,zero,
llm_single,shock,0,25,0,8,8.0,0,8,10,10,zero,
llm_single,shock,0,25,1,8,9.0,0,9,18,18,zero,
llm_single,shock,0,25,2,8,5.0,0,5,16,16,zero,
llm_single,shock,0,26,0,8,6.0,0,6,2,2,zero,
llm_single,shock,0,26,1,8,11.0,0,11,3,3,zero,
llm_single,shock,0,26,2,8,12.0,12,0,20,20,zero,
llm_single,shock,0,27,0,8,14.0,0,14,6,6,zero,
llm_single,shock,0,27,1,8,3.0,3,0,0,0,zero,
llm_single,shock,0,27,2,8,12.0,12,0,3,3,zero,
llm_single,shock,0,28,0,7,5.0,0,5,6,6,zero,
llm_single,shock,0,28,1,7,17.0,17,0,12,12,zero,
llm_single,shock,0,28,2,7,20.0,20,0,0,0,zero,
llm_single,shock,0,29,0,7,8.0,8,0,6,6,zero,
llm_single,shock,0,29,1,7,31.0,31,0,0,0,zero,
llm_single,shock,0,29,2,7,36.0,36,0,0,0,zero,
llm_single,shock,0,30,0,6,2.0,2,0,2,2,zero,
llm_single,shock,0,30,1,6,37.0,37,0,12,12,zero,
llm_single,shock,0,30,2,6,44.0,44,0,0,0,zero,
llm_single,shock,0,31,0,7,12.0,12,0,6,6,zero,
llm_single,shock,0,31,1,7,31.0,31,0,0,0,zero,
llm_single,shock,0,31,2,7,47.0,47,0,1,1,zero,
llm_single,shock,0,32,0,7,11.0,11,0,6,6,zero,
llm_single,shock,0,32,1,7,37.0,37,0,1,1,zero,
llm_single,shock,0,32,2,7,46.0,46,0,0,0,zero,
llm_single,shock,0,33,0,8,9.0,9,0,9,9,zero,
llm_single,shock,0,33,1,8,28.0,28,0,1,1,zero,
llm_single,shock,0,33,2,8,45.0,45,0,0,0,zero,
llm_single,shock,0,34,0,9,2.0,2,0,9,9,zero,
llm_single,shock,0,34,1,9,31.0,31,0,15,15,zero,
llm_single,shock,0,34,2,9,30.0,30,0,0,0,zero,
llm_single,shock,0,35,0,9,1.0,0,1,9,9,zero,
llm_single,shock,0,35,1,9,22.0,22,0,15,15,zero,
llm_single,shock,0,35,2,9,16.0,16,0,1,1,zero,
llm_single,shock,0,36,0,9,4.0,0,4,9,9,zero,
llm_single,shock,0,36,1,9,14.0,14,0,1,1,zero,
llm_single,shock,0,36,2,9,15.0,15,0,20,20,zero,
llm_single,shock,0,37,0,8,3.0,0,3,10,10,zero,
llm_single,shock,0,37,1,8,5.0,5,0,11,11,zero,
llm_single,shock,0,37,2,8,4.0,4,0,3,3,zero,
llm_single,shock,0,38,0,8,2.0,0,2,6,6,zero,
llm_single,shock,0,38,1,8,14.0,14,0,15,15,zero,
llm_single,shock,0,38,2,8,11.0,0,11,20,20,zero,
llm_single,shock,0,39,0,8,1.0,0,1,10,10,zero,
llm_single,shock,0,39,1,8,19.0,19,0,11,11,zero,
llm_single,shock,0,39,2,8,21.0,0,21,20,20,zero,
llm_single,shock,0,40,0,9,1.0,0,1,6,6,zero,
llm_single,shock,0,40,1,9,14.0,14,0,15,15,zero,
llm_single,shock,0,40,2,9,16.0,0,16,20,20,zero,
llm_single,shock,0,41,0,10,1.0,0,1,19,19,zero,
llm_single,shock,0,41,1,10,6.0,6,0,1,1,zero,
llm_single,shock,0,41,2,10,14.0,0,14,16,16,zero,
llm_single,shock,0,42,0,10,5.0,0,5,6,6,zero,
llm_single,shock,0,42,1,10,4.0,4,0,15,15,zero,
llm_single,shock,0,42,2,10,9.0,0,9,0,0,zero,
llm_single,shock,0,43,0,9,4.0,0,4,10,10,zero,
llm_single,shock,0,43,1,9,5.0,0,5,3,3,zero,
llm_single,shock,0,43,2,9,8.0,8,0,16,16,zero,
llm_single,shock,0,44,0,7,5.0,0,5,10,10,zero,
llm_single,shock,0,44,1,7,5.0,5,0,15,15,zero,
llm_single,shock,0,44,2,7,13.0,13,0,1,1,zero,
llm_single,shock,0,45,0,8,6.0,6,0,6,6,zero,
llm_single,shock,0,45,1,8,2.0,2,0,3,3,zero,
llm_single,shock,0,45,2,8,26.0,26,0,16,16,zero,
llm_single,shock,0,46,0,7,5.0,5,0,10,10,zero,
llm_single,shock,0,46,1,7,12.0,12,0,5,5,zero,
llm_single,shock,0,46,2,7,21.0,21,0,0,0,zero,
llm_single,shock,0,47,0,7,3.0,3,0,6,6,zero,
llm_single,shock,0,47,1,7,18.0,18,0,15,15,zero,
llm_single,shock,0,47,2,7,22.0,22,0,0,0,zero,
llm_single,shock,0,48,0,7,11.0,11,0,6,6,zero,
llm_single,shock,0,48,1,7,27.0,27,0,3,3,zero,
llm_single,shock,0,48,2,7,20.0,20,0,16,16,zero,
llm_single,shock,0,49,0,7,10.0,10,0,6,6,zero,
llm_single,shock,0,49,1,7,24.0,24,0,1,1,zero,
llm_single,shock,0,49,2,7,35.0,35,0,3,3,zero,
llm_single,shock,0,50,0,8,12.0,12,0,6,6,zero,
llm_single,shock,0,50,1,8,23.0,23,0,1,1,zero,
llm_single,shock,0,50,2,8,34.0,34,0,0,0,zero,
llm_single,shock,0,51,0,8,10.0,10,0,10,10,zero,
llm_single,shock,0,51,1,8,28.0,28,0,1,1,zero,
llm_single,shock,0,51,2,8,33.0,33,0,0,0,zero,
llm_single,shock,0,52,0,8,8.0,8,0,9,9,zero,
llm_single,shock,0,52,1,8,22.0,22,0,15,15,zero,
llm_single,shock,0,52,2,8,34.0,34,0,0,0,zero,
llm_single,shock,0,53,0,8,6.0,6,0,9,9,zero,
llm_single,shock,0,53,1,8,14.0,14,0,15,15,zero,
llm_single,shock,0,53,2,8,22.0,22,0,1,1,zero,
llm_single,shock,0,54,0,8,4.0,4,0,2,2,zero,
llm_single,shock,0,54,1,8,13.0,13,0,15,15,zero,
llm_single,shock,0,54,2,8,7.0,7,0,20,20,zero,
llm_single,shock,0,55,0,9,5.0,5,0,6,6,zero,
llm_single,shock,0,55,1,9,8.0,8,0,0,0,zero,
llm_single,shock,0,55,2,9,7.0,7,0,20,20,zero,
llm_single,shock,0,56,0,8,6.0,6,0,10,10,zero,
llm_single,shock,0,56,1,8,13.0,13,0,1,1,zero,
llm_single,shock,0,56,2,8,6.0,6,0,0,0,zero,
llm_single,shock,0,57,0,8,7.0,7,0,9,9,zero,
llm_single,shock,0,57,1,8,19.0,19,0,12,12,zero,
llm_single,shock,0,57,2,8,5.0,0,5,0,0,zero,
llm_single,shock,0,58,0,6,3.0,3,0,9,9,zero,
llm_single,shock,0,58,1,6,25.0,25,0,15,15,zero,
llm_single,shock,0,58,2,6,-0.0,0,0,0,0,zero,
llm_single,shock,0,59,0,6,3.0,3,0,2,2,zero,
llm_single,shock,0,59,1,6,23.0,23,0,15,15,zero,
llm_single,shock,0,59,2,6,5.0,5,0,20,20,zero,
llm_single,shock,0,60,0,6,7.0,7,0,6,6,zero,
llm_single,shock,0,60,1,6,18.0,18,0,0,0,zero,
llm_single,shock,0,60,2,6,5.0,5,0,20,20,zero,
llm_single,shock,0,61,0,5,11.0,11,0,6,6,zero,
llm_single,shock,0,61,1,5,19.0,19,0,0,0,zero,
llm_single,shock,0,61,2,5,5.0,5,0,0,0,zero,
llm_single,shock,0,62,0,5,15.0,15,0,2,2,zero,
llm_single,shock,0,62,1,5,37.0,37,0,1,1,zero,
llm_single,shock,0,62,2,5,4.0,4,0,0,0,zero,
llm_single,shock,0,63,0,5,12.0,12,0,2,2,zero,
llm_single,shock,0,63,1,5,50.0,50,0,0,0,zero,
llm_single,shock,0,63,2,5,24.0,24,0,0,0,zero,
llm_single,shock,0,64,0,5,13.0,13,0,2,2,zero,
llm_single,shock,0,64,1,5,48.0,48,0,0,0,zero,
llm_single,shock,0,64,2,5,44.0,44,0,0,0,zero,
llm_single,shock,0,65,0,5,14.0,14,0,6,6,zero,
llm_single,shock,0,65,1,5,42.0,42,0,0,0,zero,
llm_single,shock,0,65,2,5,44.0,44,0,0,0,zero,
llm_single,shock,0,66,0,5,11.0,11,0,2,2,zero,
llm_single,shock,0,66,1,5,41.0,41,0,1,1,zero,
llm_single,shock,0,66,2,5,43.0,43,0,0,0,zero,
llm_single,shock,0,67,0,4,9.0,9,0,9,9,zero,
llm_single,shock,0,67,1,4,32.0,32,0,1,1,zero,
llm_single,shock,0,67,2,4,42.0,42,0,0,0,zero,
llm_single,shock,0,68,0,5,6.0,6,0,3,3,zero,
llm_single,shock,0,68,1,5,29.0,29,0,1,1,zero,
llm_single,shock,0,68,2,5,41.0,41,0,0,0,zero,
llm_single,shock,0,69,0,6,6.0,6,0,3,3,zero,
llm_single,shock,0,69,1,6,26.0,26,0,1,1,zero,
llm_single,shock,0,69,2,6,40.0,40,0,0,0,zero,
llm_single,shock,0,70,0,6,2.0,2,0,6,6,zero,
llm_single,shock,0,70,1,6,21.0,21,0,1,1,zero,
llm_single,shock,0,70,2,6,39.0,39,0,0,0,zero,
llm_single,shock,0,71,0,6,5.0,5,0,6,6,zero,
llm_single,shock,0,71,1,6,16.0,16,0,15,15,zero,
llm_single,shock,0,71,2,6,24.0,24,0,0,0,zero,
llm_single,shock,0,72,0,5,3.0,3,0,9,9,zero,
llm_single,shock,0,72,1,5,8.0,8,0,1,1,zero,
llm_single,shock,0,72,2,5,23.0,23,0,0,0,zero,
llm_single,shock,0,73,0,6,-0.0,0,0,2,2,zero,
llm_single,shock,0,73,1,6,7.0,7,0,15,15,zero,
llm_single,shock,0,73,2,6,8.0,8,0,0,0,zero,
llm_single,shock,0,74,0,6,-0.0,0,0,6,6,zero,
llm_single,shock,0,74,1,6,2.0,2,0,1,1,zero,
llm_single,shock,0,74,2,6,7.0,7,0,20,20,zero,
llm_single,shock,0,75,0,7,1.0,0,1,6,6,zero,
llm_single,shock,0,75,1,7,11.0,11,0,1,1,zero,
llm_single,shock,0,75,2,7,6.0,6,0,3,3,zero,
llm_single,shock,0,76,0,7,1.0,1,0,10,10,zero,
llm_single,shock,0,76,1,7,2.0,2,0,1,1,zero,
llm_single,shock,0,76,2,7,5.0,5,0,0,0,zero,
llm_single,shock,0,77,0,7,4.0,0,4,6,6,zero,
llm_single,shock,0,77,1,7,11.0,11,0,15,15,zero,
llm_single,shock,0,77,2,7,10.0,0,10,0,0,zero,
llm_single,shock,0,78,0,6,4.0,0,4,10,10,zero,
llm_single,shock,0,78,1,6,2.0,2,0,15,15,zero,
llm_single,shock,0,78,2,6,5.0,0,5,2,2,zero,
llm_single,shock,0,79,0,6,4.0,0,4,6,6,zero,
llm_single,shock,0,79,1,6,3.0,0,3,3,3,zero,
llm_single,shock,0,79,2,6,5.0,0,5,20,20,zero,
llm_single,shock,0,80,0,7,1.0,0,1,6,6,zero,
llm_single,shock,0,80,1,7,8.0,0,8,15,15,zero,
llm_single,shock,0,80,2,7,20.0,0,20,20,20,zero,
llm_single,shock,0,81,0,8,3.0,0,3,10,10,zero,
llm_single,shock,0,81,1,8,13.0,0,13,3,3,zero,
llm_single,shock,0,81,2,8,23.0,0,23,20,20,zero,
llm_single,shock,0,82,0,8,1.0,0,1,10,10,zero,
llm_single,shock,0,82,1,8,3.0,0,3,15,15,zero,
llm_single,shock,0,82,2,8,36.0,0,36,0,0,zero,
llm_single,shock,0,83,0,7,5.0,0,5,6,6,zero,
llm_single,shock,0,83,1,7,6.0,0,6,15,15,zero,
llm_single,shock,0,83,2,7,31.0,0,31,20,20,zero,
llm_single,shock,0,84,0,6,10.0,0,10,10,10,zero,
llm_single,shock,0,84,1,6,16.0,0,16,3,3,zero,
llm_single,shock,0,84,2,6,14.0,0,14,20,20,zero,
llm_single,shock,0,85,0,6,11.0,0,11,6,6,zero,
llm_single,shock,0,85,1,6,22.0,0,22,3,3,zero,
llm_single,shock,0,85,2,6,3.0,3,0,0,0,zero,
llm_single,shock,0,86,0,6,3.0,3,0,6,6,zero,
llm_single,shock,0,86,1,6,26.0,0,26,0,0,zero,
llm_single,shock,0,86,2,6,3.0,3,0,0,0,zero,
llm_single,shock,0,87,0,6,-0.0,0,0,19,19,zero,
llm_single,shock,0,87,1,6,25.0,0,25,0,0,zero,
llm_single,shock,0,87,2,6,23.0,23,0,0,0,zero,
llm_single,shock,0,88,0,6,6.0,0,6,9,9,zero,
llm_single,shock,0,88,1,6,14.0,0,14,18,18,zero,
llm_single,shock,0,88,2,6,25.0,25,0,0,0,zero,
llm_single,shock,0,89,0,5,11.0,0,11,2,2,zero,
llm_single,shock,0,89,1,5,1.0,1,0,18,18,zero,
llm_single,shock,0,89,2,5,7.0,7,0,16,16,zero,
llm_single,shock,0,90,0,5,14.0,0,14,0,0,zero,
llm_single,shock,0,90,1,5,1.0,1,0,0,0,zero,
llm_single,shock,0,90,2,5,7.0,7,0,20,20,zero,
llm_single,shock,0,91,0,5,1.0,1,0,6,6,zero,
llm_single,shock,0,91,1,5,5.0,0,5,0,0,zero,
llm_single,shock,0,91,2,5,7.0,7,0,0,0,zero,
llm_single,shock,0,92,0,8,13.0,13,0,6,6,zero,
llm_single,shock,0,92,1,8,7.0,7,0,12,12,zero,
llm_single,shock,0,92,2,8,5.0,0,5,0,0,zero,
llm_single,shock,0,93,0,8,21.0,21,0,2,2,zero,
llm_single,shock,0,93,1,8,23.0,23,0,12,12,zero,
llm_single,shock,0,93,2,8,1.0,0,1,0,0,zero,
llm_single,shock,0,94,0,8,13.0,13,0,9,9,zero,94
llm_single,shock,0,94,1,8,14.0,14,0,0,0,zero,94
llm_single,shock,0,94,2,8,19.0,19,0,20,20,zero,94
llm_single,shock,0,95,0,8,6.0,6,0,9,9,zero,94
llm_single,shock,0,95,1,8,5.0,5,0,12,12,zero,94
llm_single,shock,0,95,2,8,7.0,7,0,0,0,zero,94
llm_single,shock,0,96,0,11,6.0,6,0,9,9,zero,94
llm_single,shock,0,96,1,11,3.0,3,0,15,15,zero,94
llm_single,shock,0,96,2,11,8.0,0,8,20,20,zero,94
llm_single,shock,0,97,0,11,3.0,0,3,19,19,zero,94
llm_single,shock,0,97,1,11,-0.0,0,0,15,15,zero,94
llm_single,shock,0,97,2,11,23.0,0,23,20,20,zero,94
llm_single,shock,0,98,0,11,5.0,0,5,9,9,zero,94
llm_single,shock,0,98,1,11,8.0,0,8,15,15,zero,94
llm_single,shock,0,98,2,11,18.0,0,18,20,20,zero,94
llm_single,shock,0,99,0,12,8.0,0,8,10,10,zero,94
llm_single,shock,0,99,1,12,6.0,0,6,15,15,zero,94
llm_single,shock,0,99,2,12,33.0,0,33,20,20,zero,94
llm_single,shock,0,100,0,12,11.0,0,11,10,10,zero,94
llm_single,shock,0,100,1,12,9.0,0,9,15,15,zero,94
llm_single,shock,0,100,2,12,28.0,0,28,20,20,zero,94
llm_single,shock,0,101,0,12,4.0,0,4,19,19,zero,94
llm_single,shock,0,101,1,12,28.0,0,28,15,15,zero,94
llm_single,shock,0,101,2,12,23.0,0,23,16,16,zero,94
llm_single,shock,0,102,0,11,14.0,0,14,19,19,zero,94
llm_single,shock,0,102,1,11,27.0,0,27,18,18,zero,94
llm_single,shock,0,102,2,11,21.0,0,21,16,16,zero,94
llm_single,shock,0,103,0,11,13.0,0,13,10,10,zero,94
llm_single,shock,0,103,1,11,37.0,0,37,18,18,zero,94
llm_single,shock,0,103,2,11,19.0,0,19,20,20,zero,94
llm_single,shock,0,104,0,12,18.0,0,18,19,19,zero,94
llm_single,shock,0,104,1,12,36.0,0,36,3,3,zero,94
llm_single,shock,0,104,2,12,2.0,0,2,20,20,zero,94
llm_single,shock,0,105,0,11,29.0,0,29,10,10,zero,94
llm_single,shock,0,105,1,11,26.0,0,26,18,18,zero,94
llm_single,shock,0,105,2,11,4.0,0,4,1,1,zero,94
llm_single,shock,0,106,0,8,17.0,0,17,10,10,zero,94
llm_single,shock,0,106,1,8,16.0,0,16,3,3,zero,94
llm_single,shock,0,106,2,8,9.0,9,0,20,20,zero,94
llm_single,shock,0,107,0,8,25.0,0,25,6,6,zero,94
llm_single,shock,0,107,1,8,2.0,0,2,18,18,zero,94
llm_single,shock,0,107,2,8,11.0,11,0,16,16,zero,94
llm_single,shock,0,108,0,9,14.0,0,14,6,6,zero,94
llm_single,shock,0,108,1,9,12.0,12,0,18,18,zero,94
llm_single,shock,0,108,2,9,13.0,13,0,20,20,zero,94
llm_single,shock,0,109,0,9,3.0,0,3,6,6,zero,94
llm_single,shock,0,109,1,9,22.0,22,0,0,0,zero,94
llm_single,shock,0,109,2,9,14.0,14,0,20,20,zero,94
llm_single,shock,0,110,0,11,6.0,6,0,6,6,zero,94
llm_single,shock,0,110,1,11,23.0,23,0,0,0,zero,94
llm_single,shock,0,110,2,11,34.0,34,0,0,0,zero,94
llm_single,shock,0,111,0,11,15.0,15,0,10,10,zero,94
llm_single,shock,0,111,1,11,31.0,31,0,1,1,zero,94
llm_single,shock,0,111,2,11,49.0,49,0,0,0,zero,94
llm_single,shock,0,112,0,11,12.0,12,0,19,19,zero,94
llm_single,shock,0,112,1,11,30.0,30,0,12,12,zero,94
llm_single,shock,0,112,2,11,57.0,57,0,0,0,zero,94
llm_single,shock,0,113,0,9,9.0,9,0,9,9,zero,94
llm_single,shock,0,113,1,9,21.0,21,0,15,15,zero,94
llm_single,shock,0,113,2,9,62.0,62,0,0,0,zero,94
llm_single,shock,0,114,0,11,4.0,4,0,9,9,zero,94
llm_single,shock,0,114,1,11,12.0,12,0,15,15,zero,94
llm_single,shock,0,114,2,11,47.0,47,0,0,0,zero,94
llm_single,shock,0,115,0,7,7.0,7,0,6,6,zero,94
llm_single,shock,0,115,1,7,7.0,7,0,3,3,zero,94
llm_single,shock,0,115,2,7,44.0,44,0,16,16,zero,94
llm_single,shock,0,116,0,6,20.0,20,0,6,6,zero,94
llm_single,shock,0,116,1,6,13.0,13,0,1,1,zero,94
llm_single,shock,0,116,2,6,43.0,43,0,0,0,zero,94
llm_single,shock,0,117,0,7,22.0,22,0,2,2,zero,94
llm_single,shock,0,117,1,7,26.0,26,0,1,1,zero,94
llm_single,shock,0,117,2,7,42.0,42,0,0,0,zero,94
llm_single,shock,0,118,0,7,24.0,24,0,2,2,zero,94
llm_single,shock,0,118,1,7,39.0,39,0,1,1,zero,94
llm_single,shock,0,118,2,7,41.0,41,0,0,0,zero,94
llm_single,shock,0,119,0,7,23.0,23,0,6,6,zero,94
llm_single,shock,0,119,1,7,36.0,36,0,0,0,zero,94
llm_single,shock,0,119,2,7,57.0,57,0,0,0,zero,94
llm_single,shock,0,120,0,6,23.0,23,0,2,2,zero,94
llm_single,shock,0,120,1,6,35.0,35,0,1,1,zero,94
llm_single,shock,0,120,2,6,56.0,56,0,0,0,zero,94
llm_single,shock,0,121,0,6,19.0,19,0,3,3,zero,94
llm_single,shock,0,121,1,6,33.0,33,0,1,1,zero,94
llm_single,shock,0,121,2,6,55.0,55,0,0,0,zero,94
llm_single,shock,0,122,0,6,15.0,15,0,4,4,zero,94
llm_single,shock,0,122,1,6,30.0,30,0,1,1,zero,94
llm_single,shock,0,122,2,6,54.0,54,0,0,0,zero,94
llm_single,shock,0,123,0,6,15.0,15,0,3,3,zero,94
llm_single,shock,0,123,1,6,27.0,27,0,1,1,zero,94
llm_single,shock,0,123,2,6,53.0,53,0,0,0,zero,94
llm_single,shock,0,124,0,7,10.0,10,0,9,9,zero,94
llm_single,shock,0,124,1,7,19.0,19,0,1,1,zero,94
llm_single,shock,0,124,2,7,52.0,52,0,0,0,zero,94
llm_single,shock,0,125,0,8,5.0,5,0,3,3,zero,94
llm_single,shock,0,125,1,8,17.0,17,0,15,15,zero,94
llm_single,shock,0,125,2,8,37.0,37,0,0,0,zero,94
llm_single,shock,0,126,0,7,2.0,2,0,9,9,zero,94
llm_single,shock,0,126,1,7,9.0,9,0,1,1,zero,94
llm_single,shock,0,126,2,7,36.0,36,0,0,0,zero,94
llm_single,shock,0,127,0,8,3.0,0,3,9,9,zero,94
llm_single,shock,0,127,1,8,1.0,1,0,15,15,zero,94
llm_single,shock,0,127,2,8,21.0,21,0,0,0,zero,94
llm_single,shock,0,128,0,7,1.0,0,1,9,9,zero,94
llm_single,shock,0,128,1,7,7.0,0,7,11,11,zero,94
llm_single,shock,0,128,2,7,10.0,10,0,16,16,zero,94
llm_single,shock,0,129,0,8,6.0,0,6,10,10,zero,94
llm_single,shock,0,129,1,8,2.0,0,2,15,15,zero,94
llm_single,shock,0,129,2,8,5.0,0,5,20,20,zero,94
llm_single,shock,0,130,0,7,4.0,0,4,6,6,zero,94
llm_single,shock,0,130,1,7,7.0,0,7,15,15,zero,94
llm_single,shock,0,130,2,7,20.0,0,20,20,20,zero,94
llm_single,shock,0,131,0,6,1.0,0,1,10,10,zero,94
llm_single,shock,0,131,1,6,2.0,0,2,15,15,zero,94
llm_single,shock,0,131,2,6,35.0,0,35,20,20,zero,94
llm_single,shock,0,132,0,6,5.0,0,5,6,6,zero,94
llm_single,shock,0,132,1,6,3.0,3,0,15,15,zero,94
llm_single,shock,0,132,2,6,34.0,0,34,20,20,zero,94
llm_single,shock,0,133,0,5,5.0,5,0,2,2,zero,94
llm_single,shock,0,133,1,5,11.0,11,0,11,11,zero,94
llm_single,shock,0,133,2,5,25.0,0,25,20,20,zero,94
llm_single,shock,0,134,0,7,1.0,0,1,2,2,zero,94
llm_single,shock,0,134,1,7,9.0,9,0,0,0,zero,94
llm_single,shock,0,134,2,7,5.0,0,5,16,16,zero,94
llm_single,shock,0,135,0,6,8.0,8,0,6,6,zero,94
llm_single,shock,0,135,1,6,3.0,3,0,0,0,zero,94
llm_single,shock,0,135,2,6,15.0,15,0,0,0,zero,94
llm_single,shock,0,136,0,6,10.0,10,0,6,6,zero,94
llm_single,shock,0,136,1,6,13.0,13,0,0,0,zero,94
llm_single,shock,0,136,2,6,35.0,35,0,0,0,zero,94
llm_single,shock,0,137,0,7,5.0,5,0,9,9,zero,94
llm_single,shock,0,137,1,7,24.0,24,0,1,1,zero,94
llm_single,shock,0,137,2,7,54.0,54,0,0,0,zero,94
llm_single,shock,0,138,0,7,-0.0,0,0,9,9,zero,94
llm_single,shock,0,138,1,7,35.0,35,0,12,12,zero,94
llm_single,shock,0,138,2,7,58.0,58,0,0,0,zero,94
llm_single,shock,0,139,0,6,-0.0,0,0,2,2,zero,94
llm_single,shock,0,139,1,6,38.0,38,0,12,12,zero,94
llm_single,shock,0,139,2,6,46.0,46,0,0,0,zero,94
llm_single,shock,0,140,0,6,-0.0,0,0,6,6,zero,94
llm_single,shock,0,140,1,6,32.0,32,0,1,1,zero,94
llm_single,shock,0,140,2,6,45.0,45,0,1,1,zero,94
llm_single,shock,0,141,0,5,4.0,4,0,6,6,zero,94
llm_single,shock,0,141,1,5,27.0,27,0,1,1,zero,94
llm_single,shock,0,141,2,5,44.0,44,0,0,0,zero,94
llm_single,shock,0,142,0,5,8.0,8,0,6,6,zero,94
llm_single,shock,0,142,1,5,33.0,33,0,1,1,zero,94
llm_single,shock,0,142,2,5,43.0,43,0,0,0,zero,94
llm_single,shock,0,143,0,5,5.0,5,0,2,2,zero,94
llm_single,shock,0,143,1,5,43.0,43,0,1,1,zero,94
llm_single,shock,0,143,2,5,42.0,42,0,0,0,zero,94
llm_single,shock,0,144,0,4,7.0,7,0,6,6,zero,94
llm_single,shock,0,144,1,4,38.0,38,0,1,1,zero,94
llm_single,shock,0,144,2,4,42.0,42,0,0,0,zero,94
llm_single,shock,0,145,0,4,9.0,9,0,2,2,zero,94
llm_single,shock,0,145,1,4,37.0,37,0,1,1,zero,94
llm_single,shock,0,145,2,4,41.0,41,0,0,0,zero,94
llm_single,shock,0,146,0,4,11.0,11,0,2,2,zero,94
llm_single,shock,0,146,1,4,36.0,36,0,1,1,zero,94
llm_single,shock,0,146,2,4,40.0,40,0,0,0,zero,94
llm_single,shock,0,147,0,3,10.0,10,0,2,2,zero,94
llm_single,shock,0,147,1,3,35.0,35,0,1,1,zero,94
llm_single,shock,0,147,2,3,39.0,39,0,0,0,zero,94
llm_single,shock,0,148,0,4,12.0,12,0,0,0,zero,94
llm_single,shock,0,148,1,4,36.0,36,0,1,1,zero,94
llm_single,shock,0,148,2,4,38.0,38,0,0,0,zero,94
llm_single,shock,0,149,0,4,10.0,10,0,2,2,zero,94
llm_single,shock,0,149,1,4,35.0,35,0,0,0,zero,94
llm_single,shock,0,149,2,4,38.0,38,0,0,0,zero,94
llm_single,shock,0,150,0,4,8.0,8,0,4,4,zero,94
llm_single,shock,0,150,1,4,32.0,32,0,0,0,zero,94
llm_single,shock,0,150,2,4,38.0,38,0,0,0,zero,94
llm_single,shock,0,151,0,4,6.0,6,0,3,3,zero,94
llm_single,shock,0,151,1,4,30.0,30,0,1,1,zero,94
llm_single,shock,0,151,2,4,37.0,37,0,0,0,zero,94
llm_single,shock,0,152,0,5,1.0,1,0,9,9,zero,94
llm_single,shock,0,152,1,5,22.0,22,0,1,1,zero,94
llm_single,shock,0,152,2,5,36.0,36,0,0,0,zero,94
llm_single,shock,0,153,0,4,1.0,0,1,2,2,zero,94
llm_single,shock,0,153,1,4,20.0,20,0,1,1,zero,94
llm_single,shock,0,153,2,4,35.0,35,0,0,0,zero,94
llm_single,shock,0,154,0,4,1.0,0,1,2,2,zero,94
llm_single,shock,0,154,1,4,18.0,18,0,11,11,zero,94
llm_single,shock,0,154,2,4,24.0,24,0,0,0,zero,94
llm_single,shock,0,155,0,4,2.0,0,2,2,2,zero,94
llm_single,shock,0,155,1,4,17.0,17,0,1,1,zero,94
llm_single,shock,0,155,2,4,23.0,23,0,0,0,zero,94
llm_single,shock,0,156,0,4,3.0,3,0,6,6,zero,94
llm_single,shock,0,156,1,4,12.0,12,0,1,1,zero,94
llm_single,shock,0,156,2,4,22.0,22,0,0,0,zero,94
llm_single,shock,0,157,0,3,2.0,2,0,2,2,zero,94
llm_single,shock,0,157,1,3,11.0,11,0,1,1,zero,94
llm_single,shock,0,157,2,3,21.0,21,0,0,0,zero,94
llm_single,shock,0,158,0,3,1.0,1,0,2,2,zero,94
llm_single,shock,0,158,1,3,20.0,20,0,1,1,zero,94
llm_single,shock,0,158,2,3,20.0,20,0,0,0,zero,94
llm_single,shock,0,159,0,3,-0.0,0,0,2,2,zero,94
llm_single,shock,0,159,1,3,19.0,19,0,0,0,zero,94
llm_single,shock,0,159,2,3,20.0,20,0,0,0,zero,94
llm_single,shock,0,160,0,3,3.0,3,0,6,6,zero,94
llm_single,shock,0,160,1,3,14.0,14,0,1,1,zero,94
llm_single,shock,0,160,2,3,19.0,19,0,0,0,zero,94
llm_single,shock,0,161,0,3,2.0,2,0,0,0,zero,94
llm_single,shock,0,161,1,3,15.0,15,0,1,1,zero,94
llm_single,shock,0,161,2,3,18.0,18,0,0,0,zero,94
llm_single,shock,0,162,0,3,1.0,1,0,6,6,zero,94
llm_single,shock,0,162,1,3,10.0,10,0,1,1,zero,94
llm_single,shock,0,162,2,3,17.0,17,0,0,0,zero,94
llm_single,shock,0,163,0,3,-0.0,0,0,0,0,zero,94
llm_single,shock,0,163,1,3,10.0,10,0,15,15,zero,94
llm_single,shock,0,163,2,3,2.0,2,0,0,0,zero,94
llm_single,shock,0,164,0,3,3.0,3,0,2,2,zero,94
llm_single,shock,0,164,1,3,9.0,9,0,0,0,zero,94
llm_single,shock,0,164,2,3,2.0,2,0,1,1,zero,94
llm_single,shock,0,165,0,3,-0.0,0,0,2,2,zero,94
llm_single,shock,0,165,1,3,8.0,8,0,0,0,zero,94
llm_single,shock,0,165,2,3,2.0,2,0,20,20,zero,94
llm_single,shock,0,166,0,3,3.0,3,0,6,6,zero,94
llm_single,shock,0,166,1,3,3.0,3,0,0,0,zero,94
llm_single,shock,0,166,2,3,2.0,2,0,0,0,zero,94
llm_single,shock,0,167,0,2,1.0,1,0,0,0,zero,94
llm_single,shock,0,167,1,2,18.0,18,0,1,1,zero,94
llm_single,shock,0,167,2,2,1.0,1,0,0,0,zero,94
llm_single,shock,0,168,0,2,1.0,1,0,0,0,zero,94
llm_single,shock,0,168,1,2,18.0,18,0,0,0,zero,94
llm_single,shock,0,168,2,2,2.0,2,0,0,0,zero,94
llm_single,shock,0,169,0,2,1.0,1,0,0,0,zero,94
llm_single,shock,0,169,1,2,18.0,18,0,0,0,zero,94
llm_single,shock,0,169,2,2,22.0,22,0,0,0,zero,94
llm_single,shock,0,170,0,2,5.0,5,0,6,6,zero,94
llm_single,shock,0,170,1,2,12.0,12,0,0,0,zero,94
llm_single,shock,0,170,2,2,22.0,22,0,0,0,zero,94
llm_single,shock,0,171,0,2,3.0,3,0,0,0,zero,94
llm_single,shock,0,171,1,2,13.0,13,0,1,1,zero,94
llm_single,shock,0,171,2,2,21.0,21,0,0,0,zero,94
llm_single,shock,0,172,0,2,1.0,1,0,6,6,zero,94
llm_single,shock,0,172,1,2,7.0,7,0,1,1,zero,94
llm_single,shock,0,172,2,2,20.0,20,0,0,0,zero,94
llm_single,shock,0,173,0,2,1.0,0,1,0,0,zero,94
llm_single,shock,0,173,1,2,7.0,7,0,15,15,zero,94
llm_single,shock,0,173,2,2,5.0,5,0,0,0,zero,94
llm_single,shock,0,174,0,2,3.0,3,0,0,0,zero,94
llm_single,shock,0,174,1,2,7.0,7,0,1,1,zero,94
llm_single,shock,0,174,2,2,4.0,4,0,1,1,zero,94
llm_single,shock,0,175,0,2,1.0,1,0,0,0,zero,94
llm_single,shock,0,175,1,2,8.0,8,0,0,0,zero,94
llm_single,shock,0,175,2,2,4.0,4,0,20,20,zero,94
llm_single,shock,0,176,0,2,5.0,5,0,6,6,zero,94
llm_single,shock,0,176,1,2,3.0,3,0,0,0,zero,94
llm_single,shock,0,176,2,2,4.0,4,0,3,3,zero,94
llm_single,shock,0,177,0,2,3.0,3,0,0,0,zero,94
llm_single,shock,0,177,1,2,18.0,18,0,1,1,zero,94
llm_single,shock,0,177,2,2,3.0,3,0,0,0,zero,94
llm_single,shock,0,178,0,2,1.0,1,0,6,6,zero,94
llm_single,shock,0,178,1,2,13.0,13,0,0,0,zero,94
llm_single,shock,0,178,2,2,4.0,4,0,0,0,zero,94
llm_single,shock,0,179,0,2,1.0,0,1,0,0,zero,94
llm_single,shock,0,179,1,2,13.0,13,0,1,1,zero,94
llm_single,shock,0,179,2,2,23.0,23,0,0,0,zero,94
llm_single,shock,0,180,0,2,3.0,3,0,0,0,zero,94
llm_single,shock,0,180,1,2,13.0,13,0,1,1,zero,94
llm_single,shock,0,180,2,2,25.0,25,0,0,0,zero,94
llm_single,shock,0,181,0,2,1.0,1,0,0,0,zero,94
llm_single,shock,0,181,1,2,14.0,14,0,1,1,zero,94
llm_single,shock,0,181,2,2,24.0,24,0,0,0,zero,94
llm_single,shock,0,182,0,2,5.0,5,0,6,6,zero,94
llm_single,shock,0,182,1,2,8.0,8,0,0,0,zero,94
llm_single,shock,0,182,2,2,24.0,24,0,0,0,zero,94
llm_single,shock,0,183,0,2,3.0,3,0,0,0,zero,94
llm_single,shock,0,183,1,2,9.0,9,0,1,1,zero,94
llm_single,shock,0,183,2,2,23.0,23,0,0,0,zero,94
llm_single,shock,0,184,0,2,1.0,1,0,6,6,zero,94
llm_single,shock,0,184,1,2,4.0,4,0,1,1,zero,94
llm_single,shock,0,184,2,2,22.0,22,0,0,0,zero,94
llm_single,shock,0,185,0,1,-0.0,0,0,0,0,zero,94
llm_single,shock,0,185,1,1,5.0,5,0,15,15,zero,94
llm_single,shock,0,185,2,1,7.0,7,0,0,0,zero,94
llm_single,shock,0,186,0,1,5.0,5,0,0,0,zero,94
llm_single,shock,0,186,1,1,5.0,5,0,1,1,zero,94
llm_single,shock,0,186,2,1,6.0,6,0,1,1,zero,94
llm_single,shock,0,187,0,1,4.0,4,0,0,0,zero,94
llm_single,shock,0,187,1,1,6.0,6,0,0,0,zero,94
llm_single,shock,0,187,2,1,6.0,6,0,20,20,zero,94
llm_single,shock,0,188,0,1,9.0,9,0,0,0,zero,94
llm_single,shock,0,188,1,1,7.0,7,0,0,0,zero,94
llm_single,shock,0,188,2,1,6.0,6,0,0,0,zero,94
llm_single,shock,0,189,0,1,8.0,8,0,0,0,zero,94
llm_single,shock,0,189,1,1,22.0,22,0,0,0,zero,94
llm_single,shock,0,189,2,1,6.0,6,0,0,0,zero,94
llm_single,shock,0,190,0,2,6.0,6,0,0,0,zero,94
llm_single,shock,0,190,1,2,23.0,23,0,0,0,zero,94
llm_single,shock,0,190,2,2,7.0,7,0,0,0,zero,94
llm_single,shock,0,191,0,2,4.0,4,0,0,0,zero,94
llm_single,shock,0,191,1,2,23.0,23,0,0,0,zero,94
llm_single,shock,0,191,2,2,27.0,27,0,0,0,zero,94
llm_single,shock,0,192,0,2,2.0,2,0,2,2,zero,94
llm_single,shock,0,192,1,2,21.0,21,0,0,0,zero,94
llm_single,shock,0,192,2,2,27.0,27,0,0,0,zero,94
llm_single,shock,0,193,0,2,-0.0,0,0,2,2,zero,94
llm_single,shock,0,193,1,2,19.0,19,0,0,0,zero,94
llm_single,shock,0,193,2,2,27.0,27,0,0,0,zero,94
llm_single,shock,0,194,0,2,2.0,0,2,2,2,zero,94
llm_single,shock,0,194,1,2,17.0,17,0,0,0,zero,94
llm_single,shock,0,194,2,2,27.0,27,0,0,0,zero,94
llm_single,shock,0,195,0,2,4.0,0,4,2,2,zero,94
llm_single,shock,0,195,1,2,15.0,15,0,1,1,zero,94
llm_single,shock,0,195,2,2,26.0,26,0,0,0,zero,94
llm_single,shock,0,196,0,2,4.0,0,4,6,6,zero,94
llm_single,shock,0,196,1,2,9.0,9,0,1,1,zero,94
llm_single,shock,0,196,2,2,25.0,25,0,0,0,zero,94
llm_single,shock,0,197,0,2,4.0,0,4,0,0,zero,94
llm_single,shock,0,197,1,2,9.0,9,0,15,15,zero,94
llm_single,shock,0,197,2,2,10.0,10,0,0,0,zero,94
llm_single,shock,0,198,0,2,4.0,0,4,6,6,zero,94
llm_single,shock,0,198,1,2,3.0,3,0,0,0,zero,94
llm_single,shock,0,198,2,2,10.0,10,0,1,1,zero,94
llm_single,shock,0,199,0,2,4.0,0,4,0,0,zero,94
llm_single,shock,0,199,1,2,4.0,4,0,1,1,zero,94
llm_single,shock,0,199,2,2,9.0,9,0,0,0,zero,94
llm_single,shock,0,200,0,2,-0.0,0,0,6,6,zero,94
llm_single,shock,0,200,1,2,1.0,0,1,1,1,zero,94
llm_single,shock,0,200,2,2,8.0,8,0,1,1,zero,94
llm_single,shock,1,1,0,10,10.0,10,0,10,10,zero,
llm_single,shock,1,1,1,10,10.0,10,0,15,15,zero,
llm_single,shock,1,1,2,10,5.0,5,0,0,0,zero,
llm_single,shock,1,2,0,10,10.0,10,0,10,10,zero,
llm_single,shock,1,2,1,10,10.0,10,0,1,1,zero,
llm_single,shock,1,2,2,10,14.0,14,0,20,20,zero,
llm_single,shock,1,3,0,11,9.0,9,0,10,10,zero,
llm_single,shock,1,3,1,11,10.0,10,0,15,15,zero,
llm_single,shock,1,3,2,11,9.0,9,0,3,3,zero,
llm_single,shock,1,4,0,14,5.0,5,0,10,10,zero,
llm_single,shock,1,4,1,14,10.0,10,0,15,15,zero,
llm_single,shock,1,4,2,14,4.0,4,0,20,20,zero,
llm_single,shock,1,5,0,15,-0.0,0,0,19,19,zero,
llm_single,shock,1,5,1,15,6.0,6,0,15,15,zero,
llm_single,shock,1,5,2,15,11.0,0,11,20,20,zero,
llm_single,shock,1,6,0,14,4.0,0,4,19,19,zero,
llm_single,shock,1,6,1,14,12.0,0,12,15,15,zero,
llm_single,shock,1,6,2,14,6.0,0,6,20,20,zero,
llm_single,shock,1,7,0,12,6.0,0,6,19,19,zero,
llm_single,shock,1,7,1,12,16.0,0,16,15,15,zero,
llm_single,shock,1,7,2,12,18.0,0,18,20,20,zero,
llm_single,shock,1,8,0,12,8.0,0,8,10,10,zero,
llm_single,shock,1,8,1,12,11.0,0,11,15,15,zero,
llm_single,shock,1,8,2,12,13.0,0,13,0,0,zero,
llm_single,shock,1,9,0,11,-0.0,0,0,10,10,zero,
llm_single,shock,1,9,1,11,17.0,0,17,15,15,zero,
llm_single,shock,1,9,2,11,8.0,0,8,20,20,zero,
llm_single,shock,1,10,0,10,3.0,0,3,10,10,zero,
llm_single,shock,1,10,1,10,7.0,0,7,15,15,zero,
llm_single,shock,1,10,2,10,3.0,0,3,20,20,zero,
llm_single,shock,1,11,0,9,3.0,3,0,6,6,zero,
llm_single,shock,1,11,1,9,10.0,0,10,0,0,zero,
llm_single,shock,1,11,2,9,17.0,17,0,20,20,zero,
llm_single,shock,1,12,0,9,9.0,9,0,6,6,zero,
llm_single,shock,1,12,1,9,4.0,4,0,0,0,zero,
llm_single,shock,1,12,2,9,17.0,17,0,0,0,zero,
llm_single,shock,1,13,0,8,5.0,5,0,2,2,zero,
llm_single,shock,1,13,1,8,22.0,22,0,12,12,zero,
llm_single,shock,1,13,2,8,25.0,25,0,0,0,zero,
llm_single,shock,1,14,0,10,15.0,15,0,6,6,zero,
llm_single,shock,1,14,1,10,36.0,36,0,0,0,zero,
llm_single,shock,1,14,2,10,45.0,45,0,0,0,zero,
llm_single,shock,1,15,0,10,8.0,8,0,6,6,zero,
llm_single,shock,1,15,1,10,33.0,33,0,1,1,zero,
llm_single,shock,1,15,2,10,64.0,64,0,0,0,zero,
llm_single,shock,1,16,0,9,15.0,15,0,9,9,zero,
llm_single,shock,1,16,1,9,24.0,24,0,12,12,zero,
llm_single,shock,1,16,2,9,52.0,52,0,0,0,zero,
llm_single,shock,1,17,0,9,8.0,8,0,9,9,zero,
llm_single,shock,1,17,1,9,27.0,27,0,15,15,zero,
llm_single,shock,1,17,2,9,37.0,37,0,0,0,zero,
llm_single,shock,1,18,0,9,5.0,5,0,9,9,zero,
llm_single,shock,1,18,1,9,18.0,18,0,15,15,zero,
llm_single,shock,1,18,2,9,22.0,22,0,16,16,zero,
llm_single,shock,1,19,0,7,4.0,4,0,9,9,zero,
llm_single,shock,1,19,1,7,10.0,10,0,1,1,zero,
llm_single,shock,1,19,2,7,21.0,21,0,20,20,zero,
llm_single,shock,1,20,0,7,6.0,6,0,4,4,zero,
llm_single,shock,1,20,1,7,18.0,18,0,1,1,zero,
llm_single,shock,1,20,2,7,20.0,20,0,0,0,zero,
llm_single,shock,1,21,0,7,8.0,8,0,6,6,zero,
llm_single,shock,1,21,1,7,27.0,27,0,1,1,zero,
llm_single,shock,1,21,2,7,19.0,19,0,0,0,zero,
llm_single,shock,1,22,0,9,8.0,8,0,6,6,zero,
llm_single,shock,1,22,1,9,36.0,36,0,1,1,zero,
llm_single,shock,1,22,2,9,34.0,34,0,0,0,zero,
llm_single,shock,1,23,0,10,7.0,7,0,19,19,zero,
llm_single,shock,1,23,1,10,18.0,18,0,1,1,zero,
llm_single,shock,1,23,2,10,53.0,53,0,0,0,zero,
llm_single,shock,1,24,0,11,-0.0,0,0,9,9,zero,
llm_single,shock,1,24,1,11,10.0,10,0,15,15,zero,
llm_single,shock,1,24,2,11,38.0,38,0,0,0,zero,
llm_single,shock,1,25,0,12,6.0,0,6,9,9,zero,
llm_single,shock,1,25,1,12,2.0,2,0,15,15,zero,
llm_single,shock,1,25,2,12,23.0,23,0,0,0,zero,
llm_single,shock,1,26,0,12,12.0,0,12,10,10,zero,
llm_single,shock,1,26,1,12,7.0,0,7,15,15,zero,
llm_single,shock,1,26,2,12,8.0,8,0,20,20,zero,
llm_single,shock,1,27,0,13,6.0,0,6,10,10,zero,
llm_single,shock,1,27,1,13,16.0,0,16,3,3,zero,
llm_single,shock,1,27,2,13,5.0,5,0,20,20,zero,
llm_single,shock,1,28,0,12,9.0,0,9,19,19,zero,
llm_single,shock,1,28,1,12,20.0,0,20,18,18,zero,
llm_single,shock,1,28,2,12,13.0,0,13,0,0,zero,
llm_single,shock,1,29,0,13,13.0,0,13,10,10,zero,
llm_single,shock,1,29,1,13,15.0,0,15,18,18,zero,
llm_single,shock,1,29,2,13,31.0,0,31,20,20,zero,
llm_single,shock,1,30,0,11,21.0,0,21,19,19,zero,
llm_single,shock,1,30,1,11,19.0,0,19,18,18,zero,
llm_single,shock,1,30,2,11,29.0,0,29,20,20,zero,
llm_single,shock,1,31,0,13,33.0,0,33,19,19,zero,
llm_single,shock,1,31,1,13,35.0,0,35,18,18,zero,
llm_single,shock,1,31,2,13,27.0,0,27,20,20,zero,
llm_single,shock,1,32,0,13,31.0,0,31,17,17,zero,
llm_single,shock,1,32,1,13,47.0,0,47,18,18,zero,
llm_single,shock,1,32,2,13,45.0,0,45,20,20,zero,
llm_single,shock,1,33,0,13,29.0,0,29,10,10,zero,
llm_single,shock,1,33,1,13,57.0,0,57,18,18,zero,
llm_single,shock,1,33,2,13,43.0,0,43,20,20,zero,
llm_single,shock,1,34,0,14,28.0,0,28,19,19,zero,
llm_single,shock,1,34,1,14,56.0,0,56,18,18,zero,
llm_single,shock,1,34,2,14,41.0,0,41,20,20,zero,
llm_single,shock,1,35,0,15,40.0,0,40,10,10,zero,
llm_single,shock,1,35,1,15,46.0,0,46,18,18,zero,
llm_single,shock,1,35,2,15,39.0,0,39,20,20,zero,
llm_single,shock,1,36,0,15,50.0,0,50,19,19,zero,
llm_single,shock,1,36,1,15,65.0,0,65,18,18,zero,
llm_single,shock,1,36,2,15,37.0,0,37,20,20,zero,
llm_single,shock,1,37,0,14,64.0,0,64,17,17,zero,
llm_single,shock,1,37,1,14,62.0,0,62,18,18,zero,
llm_single,shock,1,37,2,14,35.0,0,35,20,20,zero,
llm_single,shock,1,38,0,14,58.0,0,58,17,17,zero,
llm_single,shock,1,38,1,14,59.0,0,59,18,18,zero,
llm_single,shock,1,38,2,14,33.0,0,33,20,20,zero,
llm_single,shock,1,39,0,14,52.0,0,52,17,17,zero,
llm_single,shock,1,39,1,14,56.0,0,56,18,18,zero,
llm_single,shock,1,39,2,14,31.0,0,31,20,20,zero,
llm_single,shock,1,40,0,13,65.0,0,65,17,17,zero,
llm_single,shock,1,40,1,13,53.0,0,53,18,18,zero,
llm_single,shock,1,40,2,13,29.0,0,29,20,20,zero,
llm_single,shock,1,41,0,13,58.0,0,58,17,17,zero,
llm_single,shock,1,41,1,13,50.0,0,50,18,18,zero,
llm_single,shock,1,41,2,13,27.0,0,27,20,20,zero,
llm_single,shock,1,42,0,13,51.0,0,51,10,10,zero,
llm_single,shock,1,42,1,13,40.0,0,40,18,18,zero,
llm_single,shock,1,42,2,13,25.0,0,25,20,20,zero,
llm_single,shock,1,43,0,12,43.0,0,43,10,10,zero,
llm_single,shock,1,43,1,12,30.0,0,30,18,18,zero,
llm_single,shock,1,43,2,12,23.0,0,23,20,20,zero,
llm_single,shock,1,44,0,12,35.0,0,35,10,10,zero,
llm_single,shock,1,44,1,12,20.0,0,20,0,0,zero,
llm_single,shock,1,44,2,12,3.0,0,3,20,20,zero,
llm_single,shock,1,45,0,11,26.0,0,26,6,6,zero,
llm_single,shock,1,45,1,11,6.0,0,6,0,0,zero,
llm_single,shock,1,45,2,11,17.0,17,0,1,1,zero,
llm_single,shock,1,46,0,10,16.0,0,16,6,6,zero,
llm_single,shock,1,46,1,10,8.0,8,0,18,18,zero,
llm_single,shock,1,46,2,10,19.0,19,0,0,0,zero,
llm_single,shock,1,47,0,10,6.0,0,6,6,6,zero,
llm_single,shock,1,47,1,10,22.0,22,0,0,0,zero,
llm_single,shock,1,47,2,10,39.0,39,0,16,16,zero,
llm_single,shock,1,48,0,9,5.0,5,0,6,6,zero,
llm_single,shock,1,48,1,9,36.0,36,0,0,0,zero,
llm_single,shock,1,48,2,9,59.0,59,0,1,1,zero,
llm_single,shock,1,49,0,9,16.0,16,0,10,10,zero,
llm_single,shock,1,49,1,9,29.0,29,0,12,12,zero,
llm_single,shock,1,49,2,9,48.0,48,0,0,0,zero,
llm_single,shock,1,50,0,8,20.0,20,0,10,10,zero,
llm_single,shock,1,50,1,8,37.0,37,0,12,12,zero,
llm_single,shock,1,50,2,8,36.0,36,0,0,0,zero,
llm_single,shock,1,51,0,8,18.0,18,0,6,6,zero,
llm_single,shock,1,51,1,8,31.0,31,0,15,15,zero,
llm_single,shock,1,51,2,8,37.0,37,0,1,1,zero,
llm_single,shock,1,52,0,8,16.0,16,0,6,6,zero,
llm_single,shock,1,52,1,8,25.0,25,0,3,3,zero,
llm_single,shock,1,52,2,8,35.0,35,0,20,20,zero,
llm_single,shock,1,53,0,8,18.0,18,0,6,6,zero,
llm_single,shock,1,53,1,8,31.0,31,0,1,1,zero,
llm_single,shock,1,53,2,8,34.0,34,0,0,0,zero,
llm_single,shock,1,54,0,8,20.0,20,0,6,6,zero,
llm_single,shock,1,54,1,8,37.0,37,0,1,1,zero,
llm_single,shock,1,54,2,8,33.0,33,0,0,0,zero,
llm_single,shock,1,55,0,6,20.0,20,0,9,9,zero,
llm_single,shock,1,55,1,6,43.0,43,0,1,1,zero,
llm_single,shock,1,55,2,6,33.0,33,0,0,0,zero,
llm_single,shock,1,56,0,6,20.0,20,0,2,2,zero,
llm_single,shock,1,56,1,6,44.0,44,0,1,1,zero,
llm_single,shock,1,56,2,6,52.0,52,0,0,0,zero,
llm_single,shock,1,57,0,5,21.0,21,0,2,2,zero,
llm_single,shock,1,57,1,5,43.0,43,0,1,1,zero,
llm_single,shock,1,57,2,5,51.0,51,0,0,0,zero,
llm_single,shock,1,58,0,6,21.0,21,0,2,2,zero,
llm_single,shock,1,58,1,6,42.0,42,0,1,1,zero,
llm_single,shock,1,58,2,6,50.0,50,0,0,0,zero,
llm_single,shock,1,59,0,7,23.0,23,0,2,2,zero,
llm_single,shock,1,59,1,7,41.0,41,0,1,1,zero,
llm_single,shock,1,59,2,7,49.0,49,0,0,0,zero,
llm_single,shock,1,60,0,7,18.0,18,0,3,3,zero,
llm_single,shock,1,60,1,7,39.0,39,0,1,1,zero,
llm_single,shock,1,60,2,7,48.0,48,0,0,0,zero,
llm_single,shock,1,61,0,8,12.0,12,0,9,9,zero,
llm_single,shock,1,61,1,8,31.0,31,0,1,1,zero,
llm_single,shock,1,61,2,8,47.0,47,0,0,0,zero,
llm_single,shock,1,62,0,7,7.0,7,0,9,9,zero,
llm_single,shock,1,62,1,7,23.0,23,0,1,1,zero,
llm_single,shock,1,62,2,7,46.0,46,0,0,0,zero,
llm_single,shock,1,63,0,7,2.0,2,0,9,9,zero,
llm_single,shock,1,63,1,7,15.0,15,0,15,15,zero,
llm_single,shock,1,63,2,7,31.0,31,0,0,0,zero,
llm_single,shock,1,64,0,7,2.0,0,2,3,3,zero,
llm_single,shock,1,64,1,7,13.0,13,0,15,15,zero,
llm_single,shock,1,64,2,7,16.0,16,0,0,0,zero,
llm_single,shock,1,65,0,8,1.0,0,1,6,6,zero,
llm_single,shock,1,65,1,8,8.0,8,0,1,1,zero,
llm_single,shock,1,65,2,8,15.0,15,0,20,20,zero,
llm_single,shock,1,66,0,7,1.0,1,0,10,10,zero,
llm_single,shock,1,66,1,7,1.0,0,1,1,1,zero,
llm_single,shock,1,66,2,7,14.0,14,0,3,3,zero,
llm_single,shock,1,67,0,6,4.0,4,0,6,6,zero,
llm_single,shock,1,67,1,6,8.0,8,0,15,15,zero,
llm_single,shock,1,67,2,6,1.0,0,1,0,0,zero,
llm_single,shock,1,68,0,7,-0.0,0,0,6,6,zero,
llm_single,shock,1,68,1,7,17.0,17,0,1,1,zero,
llm_single,shock,1,68,2,7,2.0,0,2,0,0,zero,
llm_single,shock,1,69,0,7,1.0,0,1,6,6,zero,
llm_single,shock,1,69,1,7,12.0,12,0,15,15,zero,
llm_single,shock,1,69,2,7,3.0,3,0,0,0,zero,
llm_single,shock,1,70,0,6,2.0,2,0,10,10,zero,
llm_single,shock,1,70,1,6,3.0,3,0,1,1,zero,
llm_single,shock,1,70,2,6,5.0,5,0,20,20,zero,
llm_single,shock,1,71,0,7,2.0,2,0,6,6,zero,
llm_single,shock,1,71,1,7,11.0,11,0,15,15,zero,
llm_single,shock,1,71,2,7,10.0,0,10,20,20,zero,
llm_single,shock,1,72,0,8,-0.0,0,0,6,6,zero,
llm_single,shock,1,72,1,8,5.0,5,0,3,3,zero,
llm_single,shock,1,72,2,8,13.0,0,13,20,20,zero,
llm_single,shock,1,73,0,8,2.0,0,2,10,10,zero,
llm_single,shock,1,73,1,8,12.0,12,0,15,15,zero,
llm_single,shock,1,73,2,8,28.0,0,28,0,0,zero,
llm_single,shock,1,74,0,8,-0.0,0,0,10,10,zero,
llm_single,shock,1,74,1,8,3.0,3,0,15,15,zero,
llm_single,shock,1,74,2,8,23.0,0,23,20,20,zero,
llm_single,shock,1,75,0,7,1.0,0,1,10,10,zero,
llm_single,shock,1,75,1,7,2.0,0,2,3,3,zero,
llm_single,shock,1,75,2,7,6.0,0,6,20,20,zero,
llm_single,shock,1,76,0,7,2.0,0,2,6,6,zero,
llm_single,shock,1,76,1,7,8.0,0,8,3,3,zero,
llm_single,shock,1,76,2,7,11.0,11,0,0,0,zero,
llm_single,shock,1,77,0,7,1.0,1,0,6,6,zero,
llm_single,shock,1,77,1,7,14.0,0,14,0,0,zero,
llm_single,shock,1,77,2,7,11.0,11,0,0,0,zero,
llm_single,shock,1,78,0,8,3.0,3,0,10,10,zero,
llm_single,shock,1,78,1,8,4.0,0,4,1,1,zero,
llm_single,shock,1,78,2,8,30.0,30,0,0,0,zero,
llm_single,shock,1,79,0,8,3.0,3,0,6,6,zero,
llm_single,shock,1,79,1,8,10.0,10,0,20,20,zero,
llm_single,shock,1,79,2,8,30.0,30,0,0,0,zero,
llm_single,shock,1,80,0,7,4.0,0,4,6,6,zero,
llm_single,shock,1,80,1,7,13.0,13,0,0,0,zero,
llm_single,shock,1,80,2,7,30.0,30,0,16,16,zero,
llm_single,shock,1,81,0,7,11.0,0,11,6,6,zero,
llm_single,shock,1,81,1,7,7.0,7,0,12,12,zero,
llm_single,shock,1,81,2,7,18.0,18,0,0,0,zero,
llm_single,shock,1,82,0,7,2.0,2,0,6,6,zero,
llm_single,shock,1,82,1,7,2.0,2,0,3,3,zero,
llm_single,shock,1,82,2,7,15.0,15,0,1,1,zero,
llm_single,shock,1,83,0,7,5.0,5,0,10,10,zero,
llm_single,shock,1,83,1,7,12.0,12,0,12,12,zero,
llm_single,shock,1,83,2,7,3.0,3,0,16,16,zero,
llm_single,shock,1,84,0,11,-0.0,0,0,6,6,zero,
llm_single,shock,1,84,1,11,6.0,6,0,15,15,zero,
llm_single,shock,1,84,2,11,4.0,4,0,20,20,zero,
llm_single,shock,1,85,0,12,6.0,0,6,19,19,zero,
llm_single,shock,1,85,1,12,1.0,0,1,3,3,zero,
llm_single,shock,1,85,2,12,1.0,1,0,20,20,zero,
llm_single,shock,1,86,0,12,12.0,0,12,10,10,zero,86
llm_single,shock,1,86,1,12,8.0,0,8,15,15,zero,86
llm_single,shock,1,86,2,12,13.0,0,13,0,0,zero,86
llm_single,shock,1,87,0,11,13.0,0,13,19,19,zero,86
llm_single,shock,1,87,1,11,15.0,0,15,15,15,zero,86
llm_single,shock,1,87,2,11,12.0,0,12,20,20,zero,86
llm_single,shock,1,88,0,11,18.0,0,18,10,10,zero,86
llm_single,shock,1,88,1,11,10.0,0,10,15,15,zero,86
llm_single,shock,1,88,2,11,7.0,0,7,20,20,zero,86
llm_single,shock,1,89,0,11,11.0,0,11,10,10,zero,86
llm_single,shock,1,89,1,11,17.0,0,17,15,15,zero,86
llm_single,shock,1,89,2,11,2.0,0,2,20,20,zero,86
llm_single,shock,1,90,0,11,19.0,0,19,19,19,zero,86
llm_single,shock,1,90,1,11,34.0,0,34,3,3,zero,86
llm_single,shock,1,90,2,11,5.0,0,5,20,20,zero,86
llm_single,shock,1,91,0,11,18.0,0,18,10,10,zero,86
llm_single,shock,1,91,1,11,28.0,0,28,18,18,zero,86
llm_single,shock,1,91,2,11,3.0,0,3,0,0,zero,86
llm_single,shock,1,92,0,11,14.0,0,14,10,10,zero,86
llm_single,shock,1,92,1,11,18.0,0,18,18,18,zero,86
llm_single,shock,1,92,2,11,1.0,0,1,16,16,zero,86
llm_single,shock,1,93,0,11,22.0,0,22,10,10,zero,86
llm_single,shock,1,93,1,11,8.0,0,8,18,18,zero,86
llm_single,shock,1,93,2,11,1.0,1,0,20,20,zero,86
llm_single,shock,1,94,0,11,31.0,0,31,19,19,zero,86
llm_single,shock,1,94,1,11,27.0,0,27,0,0,zero,86
llm_single,shock,1,94,2,11,21.0,21,0,20,20,zero,86
llm_single,shock,1,95,0,9,24.0,0,24,10,10,zero,86
llm_single,shock,1,95,1,9,17.0,0,17,18,18,zero,86
llm_single,shock,1,95,2,9,3.0,3,0,0,0,zero,86
llm_single,shock,1,96,0,8,12.0,0,12,6,6,zero,86
llm_single,shock,1,96,1,8,3.0,0,3,18,18,zero,86
llm_single,shock,1,96,2,8,1.0,1,0,2,2,zero,86
llm_single,shock,1,97,0,8,-0.0,0,0,6,6,zero,86
llm_single,shock,1,97,1,8,10.0,10,0,18,18,zero,86
llm_single,shock,1,97,2,8,3.0,3,0,20,20,zero,86
llm_single,shock,1,98,0,9,9.0,0,9,6,6,zero,86
llm_single,shock,1,98,1,9,4.0,4,0,0,0,zero,86
llm_single,shock,1,98,2,9,23.0,23,0,20,20,zero,86
llm_single,shock,1,99,0,8,3.0,3,0,6,6,zero,86
llm_single,shock,1,99,1,8,16.0,16,0,0,0,zero,86
llm_single,shock,1,99,2,8,23.0,23,0,0,0,zero,86
llm_single,shock,1,100,0,8,15.0,15,0,6,6,zero,86
llm_single,shock,1,100,1,8,28.0,28,0,12,12,zero,86
llm_single,shock,1,100,2,8,13.0,13,0,0,0,zero,86
llm_single,shock,1,101,0,8,16.0,16,0,10,10,zero,86
llm_single,shock,1,101,1,8,36.0,36,0,0,0,zero,86
llm_single,shock,1,101,2,8,33.0,33,0,0,0,zero,86
llm_single,shock,1,102,0,8,14.0,14,0,9,9,zero,86
llm_single,shock,1,102,1,8,27.0,27,0,12,12,zero,86
llm_single,shock,1,102,2,8,41.0,41,0,0,0,zero,86
llm_single,shock,1,103,0,8,12.0,12,0,9,9,zero,86
llm_single,shock,1,103,1,8,18.0,18,0,15,15,zero,86
llm_single,shock,1,103,2,8,26.0,26,0,1,1,zero,86
llm_single,shock,1,104,0,6,12.0,12,0,2,2,zero,86
llm_single,shock,1,104,1,6,28.0,28,0,15,15,zero,86
llm_single,shock,1,104,2,6,11.0,11,0,20,20,zero,86
llm_single,shock,1,105,0,5,17.0,17,0,6,6,zero,86
llm_single,shock,1,105,1,5,22.0,22,0,0,0,zero,86
llm_single,shock,1,105,2,5,11.0,11,0,20,20,zero,86
llm_single,shock,1,106,0,5,21.0,21,0,2,2,zero,86
llm_single,shock,1,106,1,5,32.0,32,0,1,1,zero,86
llm_single,shock,1,106,2,5,10.0,10,0,0,0,zero,86
llm_single,shock,1,107,0,6,24.0,24,0,0,0,zero,86
llm_single,shock,1,107,1,6,47.0,47,0,0,0,zero,86
llm_single,shock,1,107,2,6,11.0,11,0,0,0,zero,86
llm_single,shock,1,108,0,5,21.0,21,0,2,2,zero,86
llm_single,shock,1,108,1,5,60.0,60,0,0,0,zero,86
llm_single,shock,1,108,2,5,31.0,31,0,0,0,zero,86
llm_single,shock,1,109,0,5,22.0,22,0,2,2,zero,86
llm_single,shock,1,109,1,5,58.0,58,0,0,0,zero,86
llm_single,shock,1,109,2,5,51.0,51,0,0,0,zero,86
llm_single,shock,1,110,0,5,19.0,19,0,2,2,zero,86
llm_single,shock,1,110,1,5,57.0,57,0,0,0,zero,86
llm_single,shock,1,110,2,5,51.0,51,0,0,0,zero,86
llm_single,shock,1,111,0,4,15.0,15,0,3,3,zero,86
llm_single,shock,1,111,1,4,54.0,54,0,0,0,zero,86
llm_single,shock,1,111,2,4,51.0,51,0,0,0,zero,86
llm_single,shock,1,112,0,4,13.0,13,0,2,2,zero,86
llm_single,shock,1,112,1,4,52.0,52,0,0,0,zero,86
llm_single,shock,1,112,2,4,51.0,51,0,0,0,zero,86
llm_single,shock,1,113,0,4,11.0,11,0,2,2,zero,86
llm_single,shock,1,113,1,4,50.0,50,0,1,1,zero,86
llm_single,shock,1,113,2,4,50.0,50,0,0,0,zero,86
llm_single,shock,1,114,0,5,8.0,8,0,2,2,zero,86
llm_single,shock,1,114,1,5,48.0,48,0,1,1,zero,86
llm_single,shock,1,114,2,5,49.0,49,0,0,0,zero,86
llm_single,shock,1,115,0,5,6.0,6,0,9,9,zero,86
llm_single,shock,1,115,1,5,39.0,39,0,1,1,zero,86
llm_single,shock,1,115,2,5,48.0,48,0,0,0,zero,86
llm_single,shock,1,116,0,4,4.0,4,0,3,3,zero,86
llm_single,shock,1,116,1,4,36.0,36,0,1,1,zero,86
llm_single,shock,1,116,2,4,47.0,47,0,0,0,zero,86
llm_single,shock,1,117,0,5,1.0,1,0,4,4,zero,86
llm_single,shock,1,117,1,5,33.0,33,0,1,1,zero,86
llm_single,shock,1,117,2,5,46.0,46,0,0,0,zero,86
llm_single,shock,1,118,0,5,2.0,0,2,2,2,zero,86
llm_single,shock,1,118,1,5,32.0,32,0,1,1,zero,86
llm_single,shock,1,118,2,5,45.0,45,0,0,0,zero,86
llm_single,shock,1,119,0,4,3.0,3,0,6,6,zero,86
llm_single,shock,1,119,1,4,27.0,27,0,1,1,zero,86
llm_single,shock,1,119,2,4,44.0,44,0,0,0,zero,86
llm_single,shock,1,120,0,4,2.0,2,0,2,2,zero,86
llm_single,shock,1,120,1,4,26.0,26,0,1,1,zero,86
llm_single,shock,1,120,2,4,43.0,43,0,0,0,zero,86
llm_single,shock,1,121,0,4,2.0,2,0,6,6,zero,86
llm_single,shock,1,121,1,4,21.0,21,0,1,1,zero,86
llm_single,shock,1,121,2,4,42.0,42,0,0,0,zero,86
llm_single,shock,1,122,0,4,-0.0,0,0,2,2,zero,86
llm_single,shock,1,122,1,4,20.0,20,0,1,1,zero,86
llm_single,shock,1,122,2,4,41.0,41,0,0,0,zero,86
llm_single,shock,1,123,0,4,2.0,2,0,6,6,zero,86
llm_single,shock,1,123,1,4,15.0,15,0,1,1,zero,86
llm_single,shock,1,123,2,4,40.0,40,0,0,0,zero,86
llm_single,shock,1,124,0,4,-0.0,0,0,2,2,zero,86
llm_single,shock,1,124,1,4,14.0,14,0,15,15,zero,86
llm_single,shock,1,124,2,4,25.0,25,0,0,0,zero,86
llm_single,shock,1,125,0,4,2.0,2,0,2,2,zero,86
llm_single,shock,1,125,1,4,13.0,13,0,1,1,zero,86
llm_single,shock,1,125,2,4,24.0,24,0,0,0,zero,86
llm_single,shock,1,126,0,4,-0.0,0,0,6,6,zero,86
llm_single,shock,1,126,1,4,8.0,8,0,1,1,zero,86
llm_single,shock,1,126,2,4,23.0,23,0,0,0,zero,86
llm_single,shock,1,127,0,5,1.0,1,0,6,6,zero,86
llm_single,shock,1,127,1,5,3.0,3,0,1,1,zero,86
llm_single,shock,1,127,2,5,22.0,22,0,0,0,zero,86
llm_single,shock,1,128,0,5,2.0,0,2,6,6,zero,86
llm_single,shock,1,128,1,5,12.0,12,0,1,1,zero,86
llm_single,shock,1,128,2,5,21.0,21,0,0,0,zero,86
llm_single,shock,1,129,0,5,5.0,0,5,6,6,zero,86
llm_single,shock,1,129,1,5,7.0,7,0,15,15,zero,86
llm_single,shock,1,129,2,5,6.0,6,0,0,0,zero,86
llm_single,shock,1,130,0,4,3.0,0,3,6,6,zero,86
llm_single,shock,1,130,1,4,2.0,2,0,1,1,zero,86
llm_single,shock,1,130,2,4,5.0,5,0,1,1,zero,86
llm_single,shock,1,131,0,4,1.0,0,1,6,6,zero,86
llm_single,shock,1,131,1,4,3.0,0,3,15,15,zero,86
llm_single,shock,1,131,2,4,10.0,0,10,20,20,zero,86
llm_single,shock,1,132,0,4,1.0,1,0,6,6,zero,86
llm_single,shock,1,132,1,4,8.0,0,8,15,15,zero,86
llm_single,shock,1,132,2,4,25.0,0,25,20,20,zero,86
llm_single,shock,1,133,0,4,3.0,3,0,6,6,zero,86
llm_single,shock,1,133,1,4,1.0,1,0,15,15,zero,86
llm_single,shock,1,133,2,4,40.0,0,40,20,20,zero,86
llm_single,shock,1,134,0,4,5.0,5,0,0,0,zero,86
llm_single,shock,1,134,1,4,2.0,2,0,15,15,zero,86
llm_single,shock,1,134,2,4,54.0,0,54,20,20,zero,86
llm_single,shock,1,135,0,4,4.0,4,0,6,6,zero,86
llm_single,shock,1,135,1,4,1.0,1,0,3,3,zero,86
llm_single,shock,1,135,2,4,37.0,0,37,20,20,zero,86
llm_single,shock,1,136,0,4,1.0,1,0,0,0,zero,86
llm_single,shock,1,136,1,4,1.0,1,0,0,0,zero,86
llm_single,shock,1,136,2,4,17.0,0,17,0,0,zero,86
llm_single,shock,1,137,0,3,12.0,12,0,6,6,zero,86
llm_single,shock,1,137,1,3,5.0,0,5,0,0,zero,86
llm_single,shock,1,137,2,3,3.0,3,0,0,0,zero,86
llm_single,shock,1,138,0,3,9.0,9,0,2,2,zero,86
llm_single,shock,1,138,1,3,6.0,0,6,0,0,zero,86
llm_single,shock,1,138,2,3,23.0,23,0,0,0,zero,86
llm_single,shock,1,139,0,3,12.0,12,0,0,0,zero,86
llm_single,shock,1,139,1,3,14.0,14,0,0,0,zero,86
llm_single,shock,1,139,2,3,43.0,43,0,0,0,zero,86
llm_single,shock,1,140,0,2,10.0,10,0,0,0,zero,86
llm_single,shock,1,140,1,2,34.0,34,0,0,0,zero,86
llm_single,shock,1,140,2,2,43.0,43,0,0,0,zero,86
llm_single,shock,1,141,0,2,9.0,9,0,0,0,zero,86
llm_single,shock,1,141,1,2,51.0,51,0,0,0,zero,86
llm_single,shock,1,141,2,2,43.0,43,0,0,0,zero,86
llm_single,shock,1,142,0,2,8.0,8,0,0,0,zero,86
llm_single,shock,1,142,1,2,51.0,51,0,0,0,zero,86
llm_single,shock,1,142,2,2,43.0,43,0,0,0,zero,86
llm_single,shock,1,143,0,2,12.0,12,0,0,0,zero,86
llm_single,shock,1,143,1,2,51.0,51,0,0,0,zero,86
llm_single,shock,1,143,2,2,43.0,43,0,0,0,zero,86
llm_single,shock,1,144,0,2,10.0,10,0,0,0,zero,86
llm_single,shock,1,144,1,2,51.0,51,0,0,0,zero,86
llm_single,shock,1,144,2,2,43.0,43,0,0,0,zero,86
llm_single,shock,1,145,0,2,8.0,8,0,0,0,zero,86
llm_single,shock,1,145,1,2,51.0,51,0,0,0,zero,86
llm_single,shock,1,145,2,2,43.0,43,0,0,0,zero,86
llm_single,shock,1,146,0,2,6.0,6,0,2,2,zero,86
llm_single,shock,1,146,1,2,49.0,49,0,0,0,zero,86
llm_single,shock,1,146,2,2,43.0,43,0,0,0,zero,86
llm_single,shock,1,147,0,2,4.0,4,0,0,0,zero,86
llm_single,shock,1,147,1,2,49.0,49,0,0,0,zero,86
llm_single,shock,1,147,2,2,43.0,43,0,0,0,zero,86
llm_single,shock,1,148,0,2,2.0,2,0,2,2,zero,86
llm_single,shock,1,148,1,2,47.0,47,0,0,0,zero,86
llm_single,shock,1,148,2,2,43.0,43,0,0,0,zero,86
llm_single,shock,1,149,0,2,-0.0,0,0,2,2,zero,86
llm_single,shock,1,149,1,2,45.0,45,0,0,0,zero,86
llm_single,shock,1,149,2,2,43.0,43,0,0,0,zero,86
llm_single,shock,1,150,0,2,-0.0,0,0,2,2,zero,86
llm_single,shock,1,150,1,2,43.0,43,0,0,0,zero,86
llm_single,shock,1,150,2,2,43.0,43,0,0,0,zero,86
llm_single,shock,1,151,0,2,2.0,0,2,0,0,zero,86
llm_single,shock,1,151,1,2,43.0,43,0,1,1,zero,86
llm_single,shock,1,151,2,2,42.0,42,0,0,0,zero,86
llm_single,shock,1,152,0,2,2.0,0,2,6,6,zero,86
llm_single,shock,1,152,1,2,37.0,37,0,0,0,zero,86
llm_single,shock,1,152,2,2,42.0,42,0,0,0,zero,86
llm_single,shock,1,153,0,2,2.0,0,2,0,0,zero,86
llm_single,shock,1,153,1,2,37.0,37,0,1,1,zero,86
llm_single,shock,1,153,2,2,41.0,41,0,0,0,zero,86
llm_single,shock,1,154,0,2,2.0,0,2,2,2,zero,86
llm_single,shock,1,154,1,2,35.0,35,0,1,1,zero,86
llm_single,shock,1,154,2,2,40.0,40,0,0,0,zero,86
llm_single,shock,1,155,0,2,4.0,0,4,2,2,zero,86
llm_single,shock,1,155,1,2,34.0,34,0,1,1,zero,86
llm_single,shock,1,155,2,2,39.0,39,0,0,0,zero,86
llm_single,shock,1,156,0,2,-0.0,0,0,6,6,zero,86
llm_single,shock,1,156,1,2,28.0,28,0,1,1,zero,86
llm_single,shock,1,156,2,2,38.0,38,0,0,0,zero,86
llm_single,shock,1,157,0,2,2.0,0,2,0,0,zero,86
llm_single,shock,1,157,1,2,29.0,29,0,1,1,zero,86
llm_single,shock,1,157,2,2,37.0,37,0,0,0,zero,86
llm_single,shock,1,158,0,2,2.0,0,2,0,0,zero,86
llm_single,shock,1,158,1,2,30.0,30,0,1,1,zero,86
llm_single,shock,1,158,2,2,36.0,36,0,0,0,zero,86
llm_single,shock,1,159,0,2,2.0,0,2,6,6,zero,86
llm_single,shock,1,159,1,2,25.0,25,0,0,0,zero,86
llm_single,shock,1,159,2,2,36.0,36,0,0,0,zero,86
llm_single,shock,1,160,0,2,2.0,2,0,0,0,zero,86
llm_single,shock,1,160,1,2,26.0,26,0,1,1,zero,86
llm_single,shock,1,160,2,2,35.0,35,0,0,0,zero,86
llm_single,shock,1,161,0,2,-0.0,0,0,6,6,zero,86
llm_single,shock,1,161,1,2,21.0,21,0,1,1,zero,86
llm_single,shock,1,161,2,2,34.0,34,0,0,0,zero,86
llm_single,shock,1,162,0,1,1.0,0,1,0,0,zero,86
llm_single,shock,1,162,1,1,22.0,22,0,1,1,zero,86
llm_single,shock,1,162,2,1,33.0,33,0,0,0,zero,86
llm_single,shock,1,163,0,2,3.0,3,0,0,0,zero,86
llm_single,shock,1,163,1,2,22.0,22,0,1,1,zero,86
llm_single,shock,1,163,2,2,32.0,32,0,0,0,zero,86
llm_single,shock,1,164,0,2,1.0,1,0,0,0,zero,86
llm_single,shock,1,164,1,2,23.0,23,0,0,0,zero,86
llm_single,shock,1,164,2,2,32.0,32,0,0,0,zero,86
llm_single,shock,1,165,0,2,5.0,5,0,6,6,zero,86
llm_single,shock,1,165,1,2,18.0,18,0,0,0,zero,86
llm_single,shock,1,165,2,2,32.0,32,0,0,0,zero,86
llm_single,shock,1,166,0,2,3.0,3,0,0,0,zero,86
llm_single,shock,1,166,1,2,19.0,19,0,1,1,zero,86
llm_single,shock,1,166,2,2,31.0,31,0,0,0,zero,86
llm_single,shock,1,167,0,1,2.0,2,0,6,6,zero,86
llm_single,shock,1,167,1,1,14.0,14,0,1,1,zero,86
llm_single,shock,1,167,2,1,30.0,30,0,0,0,zero,86
llm_single,shock,1,168,0,2,-0.0,0,0,0,0,zero,86
llm_single,shock,1,168,1,2,14.0,14,0,1,1,zero,86
llm_single,shock,1,168,2,2,29.0,29,0,0,0,zero,86
llm_single,shock,1,169,0,2,4.0,4,0,0,0,zero,86
llm_single,shock,1,169,1,2,14.0,14,0,1,1,zero,86
llm_single,shock,1,169,2,2,28.0,28,0,0,0,zero,86
llm_single,shock,1,170,0,2,2.0,2,0,0,0,zero,86
llm_single,shock,1,170,1,2,15.0,15,0,1,1,zero,86
llm_single,shock,1,170,2,2,27.0,27,0,0,0,zero,86
llm_single,shock,1,171,0,2,6.0,6,0,2,2,zero,86
llm_single,shock,1,171,1,2,14.0,14,0,0,0,zero,86
llm_single,shock,1,171,2,2,27.0,27,0,0,0,zero,86
llm_single,shock,1,172,0,2,4.0,4,0,0,0,zero,86
llm_single,shock,1,172,1,2,15.0,15,0,0,0,zero,86
llm_single,shock,1,172,2,2,27.0,27,0,0,0,zero,86
llm_single,shock,1,173,0,2,2.0,2,0,6,6,zero,86
llm_single,shock,1,173,1,2,10.0,10,0,0,0,zero,86
llm_single,shock,1,173,2,2,27.0,27,0,0,0,zero,86
llm_single,shock,1,174,0,2,-0.0,0,0,0,0,zero,86
llm_single,shock,1,174,1,2,11.0,11,0,1,1,zero,86
llm_single,shock,1,174,2,2,26.0,26,0,0,0,zero,86
llm_single,shock,1,175,0,2,-0.0,0,0,0,0,zero,86
llm_single,shock,1,175,1,2,11.0,11,0,1,1,zero,86
llm_single,shock,1,175,2,2,25.0,25,0,0,0,zero,86
llm_single,shock,1,176,0,2,2.0,0,2,0,0,llm_r0_0,86
llm_single,shock,1,176,1,2,11.0,11,0,0,0,llm_r0_0,86
llm_single,shock,1,176,2,2,25.0,25,0,0,0,llm_r0_0,86
llm_single,shock,1,177,0,2,2.0,2,0,6,8,llm_r0_0,86
llm_single,shock,1,177,1,2,3.0,3,0,0,0,llm_r0_0,86
llm_single,shock,1,177,2,2,25.0,25,0,0,0,llm_r0_0,86
llm_single,shock,1,178,0,2,-0.0,0,0,0,0,llm_r0_0,86
llm_single,shock,1,178,1,2,4.0,4,0,11,11,llm_r0_0,86
llm_single,shock,1,178,2,2,14.0,14,0,0,0,llm_r0_0,86
llm_single,shock,1,179,0,2,2.0,0,2,0,0,llm_r0_0,86
llm_single,shock,1,179,1,2,5.0,5,0,0,0,llm_r0_0,86
llm_single,shock,1,179,2,2,14.0,14,0,1,1,llm_r0_0,86
llm_single,shock,1,180,0,2,4.0,0,4,2,4,llm_r0_0,86
llm_single,shock,1,180,1,2,1.0,1,0,0,0,llm_r0_0,86
llm_single,shock,1,180,2,2,14.0,14,0,0,0,llm_r0_0,86
llm_single,shock,1,181,0,2,2.0,2,0,2,2,zero,86
llm_single,shock,1,181,1,2,1.0,0,1,0,0,zero,86
llm_single,shock,1,181,2,2,14.0,14,0,0,0,zero,86
llm_single,shock,1,182,0,2,-0.0,0,0,6,6,zero,86
llm_single,shock,1,182,1,2,4.0,4,0,1,1,zero,86
llm_single,shock,1,182,2,2,13.0,13,0,0,0,zero,86
llm_single,shock,1,183,0,2,2.0,0,2,0,0,zero,86
llm_single,shock,1,183,1,2,4.0,4,0,15,15,zero,86
llm_single,shock,1,183,2,2,1.0,0,1,0,0,zero,86
llm_single,shock,1,184,0,2,-0.0,0,0,0,0,zero,86
llm_single,shock,1,184,1,2,4.0,4,0,1,1,zero,86
llm_single,shock,1,184,2,2,2.0,0,2,16,16,zero,86
llm_single,shock,1,185,0,2,1.0,0,1,0,0,zero,86
llm_single,shock,1,185,1,2,4.0,4,0,0,0,zero,86
llm_single,shock,1,185,2,2,2.0,0,2,2,2,zero,86
llm_single,shock,1,186,0,2,4.0,4,0,6,6,zero,86
llm_single,shock,1,186,1,2,1.0,0,1,0,0,zero,86
llm_single,shock,1,186,2,2,2.0,0,2,0,0,zero,86
llm_single,shock,1,187,0,2,2.0,2,0,0,0,zero,86
llm_single,shock,1,187,1,2,13.0,13,0,1,1,zero,86
llm_single,shock,1,187,2,2,3.0,0,3,0,0,zero,86
llm_single,shock,1,188,0,2,-0.0,0,0,6,6,zero,86
llm_single,shock,1,188,1,2,7.0,7,0,0,0,zero,86
llm_single,shock,1,188,2,2,13.0,13,0,0,0,zero,86
llm_single,shock,1,189,0,2,2.0,0,2,0,0,zero,86
llm_single,shock,1,189,1,2,7.0,7,0,15,15,zero,86
llm_single,shock,1,189,2,2,-0.0,0,0,0,0,zero,86
llm_single,shock,1,190,0,3,-0.0,0,0,0,0,zero,86
llm_single,shock,1,190,1,3,7.0,7,0,0,0,zero,86
llm_single,shock,1,190,2,3,-0.0,0,0,20,20,zero,86
llm_single,shock,1,191,0,3,2.0,0,2,6,6,zero,86
llm_single,shock,1,191,1,3,1.0,1,0,0,0,zero,86
llm_single,shock,1,191,2,3,-0.0,0,0,3,3,zero,86
llm_single,shock,1,192,0,3,1.0,1,0,2,2,zero,86
llm_single,shock,1,192,1,3,2.0,2,0,0,0,zero,86
llm_single,shock,1,192,2,3,-0.0,0,0,0,0,zero,86
llm_single,shock,1,193,0,3,2.0,0,2,6,6,zero,86
llm_single,shock,1,193,1,3,11.0,11,0,1,1,zero,86
llm_single,shock,1,193,2,3,1.0,0,1,0,0,zero,86
llm_single,shock,1,194,0,3,5.0,0,5,0,0,zero,86
llm_single,shock,1,194,1,3,11.0,11,0,15,15,zero,86
llm_single,shock,1,194,2,3,4.0,4,0,0,0,zero,86
llm_single,shock,1,195,0,3,2.0,0,2,6,6,zero,86
llm_single,shock,1,195,1,3,5.0,5,0,0,0,zero,86
llm_single,shock,1,195,2,3,7.0,7,0,1,1,zero,86
llm_single,shock,1,196,0,3,3.0,0,3,2,4,llm_r0_0,86
llm_single,shock,1,196,1,3,1.0,1,0,1,0,llm_r0_0,86
llm_single,shock,1,196,2,3,7.0,7,0,20,20,llm_r0_0,86
llm_single,shock,1,197,0,3,-0.0,0,0,2,5,llm_r0_0,86
llm_single,shock,1,197,1,3,4.0,0,4,1,0,llm_r0_0,86
llm_single,shock,1,197,2,3,7.0,7,0,0,0,llm_r0_0,86
llm_single,shock,1,198,0,3,3.0,0,3,6,6,llm_r0_0,86
llm_single,shock,1,198,1,3,6.0,6,0,5,2,llm_r0_0,86
llm_single,shock,1,198,2,3,5.0,5,0,0,0,llm_r0_0,86
llm_single,shock,1,199,0,3,-0.0,0,0,0,3,llm_r0_0,86
llm_single,shock,1,199,1,3,3.0,3,0,15,15,llm_r0_0,86
llm_single,shock,1,199,2,3,9.0,0,9,0,0,llm_r0_0,86
llm_single,shock,1,200,0,4,-0.0,0,0,0,0,llm_r0_0,86
llm_single,shock,1,200,1,4,3.0,3,0,11,11,llm_r0_0,86
llm_single,shock,1,200,2,4,-0.0,0,0,0,0,llm_r0_0,86
llm_single,shock,2,1,0,10,10.0,10,0,10,10,zero,
llm_single,shock,2,1,1,10,10.0,10,0,15,15,zero,
llm_single,shock,2,1,2,10,5.0,5,0,0,0,zero,
llm_single,shock,2,2,0,9,11.0,11,0,10,10,zero,
llm_single,shock,2,2,1,9,10.0,10,0,1,1,zero,
llm_single,shock,2,2,2,9,14.0,14,0,20,20,zero,
llm_single,shock,2,3,0,10,11.0,11,0,6,6,zero,
llm_single,shock,2,3,1,10,14.0,14,0,15,15,zero,
llm_single,shock,2,3,2,10,9.0,9,0,3,3,zero,
llm_single,shock,2,4,0,9,12.0,12,0,10,10,zero,
llm_single,shock,2,4,1,9,14.0,14,0,1,1,zero,
llm_single,shock,2,4,2,9,18.0,18,0,20,20,zero,
llm_single,shock,2,5,0,9,13.0,13,0,6,6,zero,
llm_single,shock,2,5,1,9,23.0,23,0,15,15,zero,
llm_single,shock,2,5,2,9,3.0,3,0,0,0,zero,
llm_single,shock,2,6,0,9,14.0,14,0,9,9,zero,
llm_single,shock,2,6,1,9,15.0,15,0,1,1,zero,
llm_single,shock,2,6,2,9,22.0,22,0,16,16,zero,
llm_single,shock,2,7,0,8,12.0,12,0,9,9,zero,
llm_single,shock,2,7,1,8,21.0,21,0,1,1,zero,
llm_single,shock,2,7,2,8,24.0,24,0,0,0,zero,
llm_single,shock,2,8,0,8,14.0,14,0,9,9,zero,
llm_single,shock,2,8,1,8,13.0,13,0,15,15,zero,
llm_single,shock,2,8,2,8,29.0,29,0,0,0,zero,
llm_single,shock,2,9,0,8,12.0,12,0,2,2,zero,
llm_single,shock,2,9,1,8,26.0,26,0,15,15,zero,
llm_single,shock,2,9,2,8,14.0,14,0,1,1,zero,
llm_single,shock,2,10,0,8,13.0,13,0,9,9,zero,
llm_single,shock,2,10,1,8,18.0,18,0,0,0,zero,
llm_single,shock,2,10,2,8,30.0,30,0,20,20,zero,
llm_single,shock,2,11,0,9,13.0,13,0,6,6,zero,
llm_single,shock,2,11,1,9,13.0,13,0,1,1,zero,
llm_single,shock,2,11,2,9,29.0,29,0,0,0,zero,
llm_single,shock,2,12,0,10,12.0,12,0,9,9,zero,
llm_single,shock,2,12,1,10,19.0,19,0,1,1,zero,
llm_single,shock,2,12,2,10,28.0,28,0,0,0,zero,
llm_single,shock,2,13,0,9,5.0,5,0,9,9,zero,
llm_single,shock,2,13,1,9,25.0,25,0,15,15,zero,
llm_single,shock,2,13,2,9,14.0,14,0,0,0,zero,
llm_single,shock,2,14,0,10,4.0,4,0,9,9,zero,
llm_single,shock,2,14,1,10,16.0,16,0,15,15,zero,
llm_single,shock,2,14,2,10,19.0,19,0,0,0,zero,
llm_single,shock,2,15,0,11,1.0,0,1,9,9,zero,
llm_single,shock,2,15,1,11,8.0,8,0,1,1,zero,
llm_single,shock,2,15,2,11,18.0,18,0,20,20,zero,
llm_single,shock,2,16,0,13,5.0,0,5,19,19,zero,
llm_single,shock,2,16,1,13,10.0,0,10,15,15,zero,
llm_single,shock,2,16,2,13,3.0,3,0,3,3,zero,
llm_single,shock,2,17,0,11,7.0,0,7,19,19,zero,
llm_single,shock,2,17,1,11,14.0,0,14,15,15,zero,
llm_single,shock,2,17,2,11,12.0,0,12,20,20,zero,
llm_single,shock,2,18,0,11,9.0,0,9,9,9,zero,
llm_single,shock,2,18,1,11,8.0,0,8,15,15,zero,
llm_single,shock,2,18,2,11,27.0,0,27,20,20,zero,
llm_single,shock,2,19,0,12,12.0,0,12,10,10,zero,
llm_single,shock,2,19,1,12,17.0,0,17,15,15,zero,
llm_single,shock,2,19,2,12,22.0,0,22,20,20,zero,
llm_single,shock,2,20,0,10,13.0,0,13,19,19,zero,
llm_single,shock,2,20,1,10,21.0,0,21,15,15,zero,
llm_single,shock,2,20,2,10,34.0,0,34,20,20,zero,
llm_single,shock,2,21,0,10,8.0,0,8,6,6,zero,
llm_single,shock,2,21,1,10,24.0,0,24,15,15,zero,
llm_single,shock,2,21,2,10,29.0,0,29,20,20,zero,
llm_single,shock,2,22,0,9,2.0,0,2,19,19,zero,
llm_single,shock,2,22,1,9,43.0,0,43,11,11,zero,
llm_single,shock,2,22,2,9,20.0,0,20,16,16,zero,
llm_single,shock,2,23,0,9,10.0,0,10,19,19,zero,
llm_single,shock,2,23,1,9,42.0,0,42,18,18,zero,
llm_single,shock,2,23,2,9,18.0,0,18,16,16,zero,
llm_single,shock,2,24,0,9,4.0,0,4,6,6,zero,
llm_single,shock,2,24,1,9,45.0,0,45,18,18,zero,
llm_single,shock,2,24,2,9,16.0,0,16,16,16,zero,
llm_single,shock,2,25,0,9,10.0,0,10,10,10,zero,
llm_single,shock,2,25,1,9,35.0,0,35,3,3,zero,
llm_single,shock,2,25,2,9,1.0,1,0,20,20,zero,
llm_single,shock,2,26,0,9,19.0,0,19,6,6,zero,
llm_single,shock,2,26,1,9,21.0,0,21,0,0,zero,
llm_single,shock,2,26,2,9,17.0,17,0,16,16,zero,
llm_single,shock,2,27,0,9,8.0,0,8,6,6,zero,
llm_single,shock,2,27,1,9,7.0,0,7,0,0,zero,
llm_single,shock,2,27,2,9,33.0,33,0,0,0,zero,
llm_single,shock,2,28,0,10,15.0,0,15,0,0,zero,
llm_single,shock,2,28,1,10,13.0,13,0,18,18,zero,
llm_single,shock,2,28,2,10,31.0,31,0,0,0,zero,
llm_single,shock,2,29,0,11,6.0,0,6,6,6,zero,
llm_single,shock,2,29,1,11,26.0,26,0,0,0,zero,
llm_single,shock,2,29,2,11,51.0,51,0,1,1,zero,
llm_single,shock,2,30,0,11,3.0,3,0,6,6,zero,
llm_single,shock,2,30,1,11,20.0,20,0,12,12,zero,
llm_single,shock,2,30,2,11,55.0,55,0,0,0,zero,
llm_single,shock,2,31,0,11,12.0,12,0,10,10,zero,
llm_single,shock,2,31,1,11,10.0,10,0,0,0,zero,
llm_single,shock,2,31,2,11,55.0,55,0,1,1,zero,
llm_single,shock,2,32,0,11,8.0,8,0,19,19,zero,
llm_single,shock,2,32,1,11,9.0,9,0,12,12,zero,
llm_single,shock,2,32,2,11,43.0,43,0,0,0,zero,
llm_single,shock,2,33,0,12,2.0,2,0,9,9,zero,
llm_single,shock,2,33,1,12,-0.0,0,0,15,15,zero,
llm_single,shock,2,33,2,12,29.0,29,0,0,0,zero,
llm_single,shock,2,34,0,11,3.0,0,3,19,19,zero,
llm_single,shock,2,34,1,11,7.0,0,7,15,15,zero,
llm_single,shock,2,34,2,11,14.0,14,0,20,20,zero,
llm_single,shock,2,35,0,12,5.0,0,5,10,10,zero,
llm_single,shock,2,35,1,12,17.0,0,17,18,18,zero,
llm_single,shock,2,35,2,12,3.0,0,3,20,20,zero,
llm_single,shock,2,36,0,12,2.0,2,0,10,10,zero,
llm_single,shock,2,36,1,12,15.0,0,15,15,15,zero,
llm_single,shock,2,36,2,12,18.0,0,18,20,20,zero,
llm_single,shock,2,37,0,12,1.0,0,1,10,10,zero,
llm_single,shock,2,37,1,12,10.0,0,10,18,18,zero,
llm_single,shock,2,37,2,12,36.0,0,36,20,20,zero,
llm_single,shock,2,38,0,13,2.0,0,2,9,9,zero,
llm_single,shock,2,38,1,13,4.0,0,4,18,18,zero,
llm_single,shock,2,38,2,13,34.0,0,34,20,20,zero,
llm_single,shock,2,39,0,13,15.0,0,15,19,19,zero,
llm_single,shock,2,39,1,13,8.0,0,8,18,18,zero,
llm_single,shock,2,39,2,13,32.0,0,32,20,20,zero,
llm_single,shock,2,40,0,13,16.0,0,16,10,10,zero,
llm_single,shock,2,40,1,13,18.0,0,18,18,18,zero,
llm_single,shock,2,40,2,13,30.0,0,30,20,20,zero,
llm_single,shock,2,41,0,14,15.0,0,15,10,10,zero,
llm_single,shock,2,41,1,14,28.0,0,28,18,18,zero,
llm_single,shock,2,41,2,14,28.0,0,28,20,20,zero,
llm_single,shock,2,42,0,14,14.0,0,14,10,10,zero,
llm_single,shock,2,42,1,14,18.0,0,18,3,3,zero,
llm_single,shock,2,42,2,14,11.0,0,11,20,20,zero,
llm_single,shock,2,43,0,15,14.0,0,14,10,10,zero,
llm_single,shock,2,43,1,15,8.0,0,8,0,0,zero,
llm_single,shock,2,43,2,15,9.0,9,0,1,1,zero,
llm_single,shock,2,44,0,16,30.0,0,30,19,19,zero,
llm_single,shock,2,44,1,16,7.0,0,7,18,18,zero,
llm_single,shock,2,44,2,16,11.0,11,0,0,0,zero,
llm_single,shock,2,45,0,14,44.0,0,44,19,19,zero,
llm_single,shock,2,45,1,14,6.0,0,6,18,18,zero,
llm_single,shock,2,45,2,14,13.0,13,0,16,16,zero,
llm_single,shock,2,46,0,14,38.0,0,38,10,10,zero,
llm_single,shock,2,46,1,14,4.0,4,0,18,18,zero,
llm_single,shock,2,46,2,14,15.0,15,0,20,20,zero,
llm_single,shock,2,47,0,14,32.0,0,32,10,10,zero,
llm_single,shock,2,47,1,14,5.0,5,0,18,18,zero,
llm_single,shock,2,47,2,14,2.0,0,2,20,20,zero,
llm_single,shock,2,48,0,13,25.0,0,25,10,10,zero,
llm_single,shock,2,48,1,13,13.0,13,0,3,3,zero,
llm_single,shock,2,48,2,13,5.0,0,5,20,20,zero,
llm_single,shock,2,49,0,12,17.0,0,17,10,10,zero,
llm_single,shock,2,49,1,12,21.0,21,0,12,12,zero,
llm_single,shock,2,49,2,12,1.0,0,1,0,0,zero,
llm_single,shock,2,50,0,14,15.0,0,15,10,10,zero,
llm_single,shock,2,50,1,14,29.0,29,0,3,3,zero,
llm_single,shock,2,50,2,14,16.0,16,0,0,0,zero,
llm_single,shock,2,51,0,16,21.0,0,21,19,19,zero,
llm_single,shock,2,51,1,16,26.0,26,0,12,12,zero,
llm_single,shock,2,51,2,16,24.0,24,0,0,0,zero,
llm_single,shock,2,52,0,15,26.0,0,26,19,19,zero,
llm_single,shock,2,52,1,15,7.0,7,0,18,18,zero,
llm_single,shock,2,52,2,15,26.0,26,0,0,0,zero,
llm_single,shock,2,53,0,17,33.0,0,33,19,19,zero,
llm_single,shock,2,53,1,17,4.0,4,0,15,15,zero,
llm_single,shock,2,53,2,17,11.0,11,0,20,20,zero,
llm_single,shock,2,54,0,15,38.0,0,38,17,17,zero,
llm_single,shock,2,54,1,15,9.0,0,9,18,18,zero,
llm_single,shock,2,54,2,15,7.0,0,7,20,20,zero,
llm_single,shock,2,55,0,13,32.0,0,32,19,19,zero,
llm_single,shock,2,55,1,13,16.0,0,16,18,18,zero,
llm_single,shock,2,55,2,13,25.0,0,25,20,20,zero,
llm_single,shock,2,56,0,14,27.0,0,27,10,10,zero,
llm_single,shock,2,56,1,14,8.0,0,8,18,18,zero,
llm_single,shock,2,56,2,14,43.0,0,43,20,20,zero,
llm_single,shock,2,57,0,15,23.0,0,23,10,10,zero,
llm_single,shock,2,57,1,15,3.0,0,3,18,18,zero,
llm_single,shock,2,57,2,15,41.0,0,41,20,20,zero,
llm_single,shock,2,58,0,14,29.0,0,29,19,19,zero,
llm_single,shock,2,58,1,14,11.0,0,11,15,15,zero,
llm_single,shock,2,58,2,14,36.0,0,36,20,20,zero,
llm_single,shock,2,59,0,15,32.0,0,32,19,19,zero,
llm_single,shock,2,59,1,15,30.0,0,30,18,18,zero,
llm_single,shock,2,59,2,15,34.0,0,34,20,20,zero,
llm_single,shock,2,60,0,15,29.0,0,29,19,19,zero,
llm_single,shock,2,60,1,15,49.0,0,49,18,18,zero,
llm_single,shock,2,60,2,15,32.0,0,32,20,20,zero,
llm_single,shock,2,61,0,15,29.0,0,29,19,19,zero,
llm_single,shock,2,61,1,15,48.0,0,48,18,18,zero,
llm_single,shock,2,61,2,15,30.0,0,30,20,20,zero,
llm_single,shock,2,62,0,15,33.0,0,33,10,10,zero,
llm_single,shock,2,62,1,15,38.0,0,38,18,18,zero,
llm_single,shock,2,62,2,15,28.0,0,28,20,20,zero,
llm_single,shock,2,63,0,15,48.0,0,48,19,19,zero,
llm_single,shock,2,63,1,15,37.0,0,37,3,3,zero,
llm_single,shock,2,63,2,15,11.0,0,11,20,20,zero,
llm_single,shock,2,64,0,16,64.0,0,64,17,17,zero,
llm_single,shock,2,64,1,16,34.0,0,34,18,18,zero,
llm_single,shock,2,64,2,16,9.0,0,9,1,1,zero,
llm_single,shock,2,65,0,15,59.0,0,59,17,17,zero,
llm_single,shock,2,65,1,15,31.0,0,31,18,18,zero,
llm_single,shock,2,65,2,15,7.0,0,7,20,20,zero,
llm_single,shock,2,66,0,16,55.0,0,55,10,10,zero,
llm_single,shock,2,66,1,16,21.0,0,21,18,18,zero,
llm_single,shock,2,66,2,16,5.0,0,5,20,20,zero,
llm_single,shock,2,67,0,15,50.0,0,50,10,10,zero,
llm_single,shock,2,67,1,15,11.0,0,11,18,18,zero,
llm_single,shock,2,67,2,15,3.0,0,3,20,20,zero,
llm_single,shock,2,68,0,15,45.0,0,45,10,10,zero,
llm_single,shock,2,68,1,15,1.0,0,1,0,0,zero,
llm_single,shock,2,68,2,15,2.0,0,2,20,20,zero,
llm_single,shock,2,69,0,14,39.0,0,39,10,10,zero,
llm_single,shock,2,69,1,14,9.0,9,0,18,18,zero,
llm_single,shock,2,69,2,14,-0.0,0,0,0,0,zero,
llm_single,shock,2,70,0,12,31.0,0,31,10,10,zero,
llm_single,shock,2,70,1,12,19.0,19,0,18,18,zero,
llm_single,shock,2,70,2,12,2.0,2,0,1,1,zero,
llm_single,shock,2,71,0,13,24.0,0,24,10,10,zero,
llm_single,shock,2,71,1,13,29.0,29,0,18,18,zero,
llm_single,shock,2,71,2,13,4.0,4,0,20,20,zero,
llm_single,shock,2,72,0,14,18.0,0,18,10,10,zero,
llm_single,shock,2,72,1,14,20.0,20,0,0,0,zero,
llm_single,shock,2,72,2,14,24.0,24,0,20,20,zero,
llm_single,shock,2,73,0,15,22.0,0,22,19,19,zero,
llm_single,shock,2,73,1,15,21.0,21,0,3,3,zero,
llm_single,shock,2,73,2,15,21.0,21,0,0,0,zero,
llm_single,shock,2,74,0,15,27.0,0,27,19,19,zero,
llm_single,shock,2,74,1,15,20.0,20,0,18,18,zero,
llm_single,shock,2,74,2,15,4.0,4,0,0,0,zero,
llm_single,shock,2,75,0,15,32.0,0,32,19,19,zero,
llm_single,shock,2,75,1,15,19.0,19,0,15,15,zero,
llm_single,shock,2,75,2,15,9.0,9,0,0,0,zero,
llm_single,shock,2,76,0,13,35.0,0,35,17,17,zero,
llm_single,shock,2,76,1,13,2.0,2,0,15,15,zero,
llm_single,shock,2,76,2,13,14.0,14,0,20,20,zero,
llm_single,shock,2,77,0,14,30.0,0,30,10,10,zero,
llm_single,shock,2,77,1,14,5.0,0,5,15,15,zero,
llm_single,shock,2,77,2,14,1.0,0,1,20,20,zero,
llm_single,shock,2,78,0,14,25.0,0,25,19,19,zero,
llm_single,shock,2,78,1,14,6.0,0,6,15,15,zero,
llm_single,shock,2,78,2,14,16.0,0,16,20,20,zero,
llm_single,shock,2,79,0,18,24.0,0,24,10,10,zero,
llm_single,shock,2,79,1,18,1.0,0,1,18,18,zero,
llm_single,shock,2,79,2,18,34.0,0,34,20,20,zero,
llm_single,shock,2,80,0,18,25.0,0,25,19,19,zero,
llm_single,shock,2,80,1,18,5.0,0,5,15,15,zero,
llm_single,shock,2,80,2,18,29.0,0,29,20,20,zero,
llm_single,shock,2,81,0,20,40.0,0,40,19,19,zero,
llm_single,shock,2,81,1,20,10.0,0,10,15,15,zero,
llm_single,shock,2,81,2,20,24.0,0,24,17,17,zero,
llm_single,shock,2,82,0,20,42.0,0,42,19,19,zero,
llm_single,shock,2,82,1,20,29.0,0,29,18,18,zero,
llm_single,shock,2,82,2,20,22.0,0,22,16,16,zero,
llm_single,shock,2,83,0,20,47.0,0,47,19,19,zero,
llm_single,shock,2,83,1,20,48.0,0,48,18,18,zero,
llm_single,shock,2,83,2,20,20.0,0,20,20,20,zero,
llm_single,shock,2,84,0,20,52.0,0,52,17,17,zero,
llm_single,shock,2,84,1,20,45.0,0,45,18,18,zero,
llm_single,shock,2,84,2,20,18.0,0,18,20,20,zero,
llm_single,shock,2,85,0,20,58.0,0,58,17,17,zero,
llm_single,shock,2,85,1,20,42.0,0,42,18,18,zero,
llm_single,shock,2,85,2,20,19.0,0,19,20,20,zero,
llm_single,shock,2,86,0,20,78.0,0,78,17,17,zero,
llm_single,shock,2,86,1,20,39.0,0,39,18,18,zero,
llm_single,shock,2,86,2,20,21.0,0,21,20,20,zero,
llm_single,shock,2,87,0,19,97.0,0,97,17,17,zero,
llm_single,shock,2,87,1,19,36.0,0,36,18,18,zero,
llm_single,shock,2,87,2,19,19.0,0,19,20,20,zero,
llm_single,shock,2,88,0,19,96.0,0,96,17,17,zero,
llm_single,shock,2,88,1,19,33.0,0,33,18,18,zero,
llm_single,shock,2,88,2,19,17.0,0,17,20,20,zero,
llm_single,shock,2,89,0,20,96.0,0,96,17,17,zero,
llm_single,shock,2,89,1,20,33.0,0,33,18,18,zero,
llm_single,shock,2,89,2,20,15.0,0,15,20,20,zero,
llm_single,shock,2,90,0,20,96.0,0,96,17,17,zero,
llm_single,shock,2,90,1,20,34.0,0,34,18,18,zero,
llm_single,shock,2,90,2,20,13.0,0,13,16,16,zero,
llm_single,shock,2,91,0,20,96.0,0,96,17,17,zero,91
llm_single,shock,2,91,1,20,31.0,0,31,18,18,zero,91
llm_single,shock,2,91,2,20,11.0,0,11,20,20,zero,91
llm_single,shock,2,92,0,20,96.0,0,96,17,17,zero,91
llm_single,shock,2,92,1,20,28.0,0,28,18,18,zero,91
llm_single,shock,2,92,2,20,9.0,0,9,20,20,zero,91
llm_single,shock,2,93,0,20,99.0,0,99,17,17,zero,91
llm_single,shock,2,93,1,20,25.0,0,25,18,18,zero,91
llm_single,shock,2,93,2,20,7.0,0,7,20,20,zero,91
llm_single,shock,2,94,0,20,103.0,0,103,17,17,zero,91
llm_single,shock,2,94,1,20,22.0,0,22,18,18,zero,91
llm_single,shock,2,94,2,20,9.0,0,9,20,20,zero,91
llm_single,shock,2,95,0,20,103.0,0,103,17,17,zero,91
llm_single,shock,2,95,1,20,19.0,0,19,18,18,zero,91
llm_single,shock,2,95,2,20,7.0,0,7,16,16,zero,91
llm_single,shock,2,96,0,20,103.0,0,103,17,17,zero,91
llm_single,shock,2,96,1,20,16.0,0,16,18,18,zero,91
llm_single,shock,2,96,2,20,5.0,0,5,20,20,zero,91
llm_single,shock,2,97,0,20,103.0,0,103,17,17,zero,91
llm_single,shock,2,97,1,20,13.0,0,13,18,18,zero,91
llm_single,shock,2,97,2,20,3.0,0,3,20,20,zero,91
llm_single,shock,2,98,0,20,103.0,0,103,17,17,zero,91
llm_single,shock,2,98,1,20,14.0,0,14,18,18,zero,91
llm_single,shock,2,98,2,20,1.0,0,1,16,16,zero,91
llm_single,shock,2,99,0,20,103.0,0,103,17,17,zero,91
llm_single,shock,2,99,1,20,11.0,0,11,18,18,zero,91
llm_single,shock,2,99,2,20,3.0,0,3,16,16,zero,91
llm_single,shock,2,100,0,20,103.0,0,103,17,17,zero,91
llm_single,shock,2,100,1,20,8.0,0,8,18,18,zero,91
llm_single,shock,2,100,2,20,1.0,0,1,20,20,zero,91
llm_single,shock,2,101,0,15,98.0,0,98,17,17,zero,91
llm_single,shock,2,101,1,15,5.0,0,5,18,18,zero,91
llm_single,shock,2,101,2,15,1.0,1,0,20,20,zero,91
llm_single,shock,2,102,0,17,99.0,0,99,17,17,zero,91
llm_single,shock,2,102,1,17,2.0,0,2,18,18,zero,91
llm_single,shock,2,102,2,17,1.0,0,1,16,16,zero,91
llm_single,shock,2,103,0,18,97.0,0,97,17,17,zero,91
llm_single,shock,2,103,1,18,3.0,0,3,18,18,zero,91
llm_single,shock,2,103,2,18,3.0,0,3,16,16,zero,91
llm_single,shock,2,104,0,17,94.0,0,94,17,17,zero,91
llm_single,shock,2,104,1,17,-0.0,0,0,18,18,zero,91
llm_single,shock,2,104,2,17,1.0,0,1,16,16,zero,91
llm_single,shock,2,105,0,17,91.0,0,91,17,17,zero,91
llm_single,shock,2,105,1,17,2.0,2,0,18,18,zero,91
llm_single,shock,2,105,2,17,1.0,1,0,20,20,zero,91
llm_single,shock,2,106,0,15,86.0,0,86,17,17,zero,91
llm_single,shock,2,106,1,15,2.0,2,0,18,18,zero,91
llm_single,shock,2,106,2,15,1.0,0,1,20,20,zero,91
llm_single,shock,2,107,0,15,85.0,0,85,17,17,zero,91
llm_single,shock,2,107,1,15,1.0,1,0,18,18,zero,91
llm_single,shock,2,107,2,15,3.0,0,3,20,20,zero,91
llm_single,shock,2,108,0,14,79.0,0,79,17,17,zero,91
llm_single,shock,2,108,1,14,4.0,4,0,18,18,zero,91
llm_single,shock,2,108,2,14,5.0,0,5,16,16,zero,91
llm_single,shock,2,109,0,15,77.0,0,77,17,17,zero,91
llm_single,shock,2,109,1,15,6.0,6,0,18,18,zero,91
llm_single,shock,2,109,2,15,3.0,0,3,16,16,zero,91
llm_single,shock,2,110,0,15,75.0,0,75,17,17,zero,91
llm_single,shock,2,110,1,15,6.0,6,0,18,18,zero,91
llm_single,shock,2,110,2,15,1.0,0,1,20,20,zero,91
llm_single,shock,2,111,0,15,73.0,0,73,17,17,zero,91
llm_single,shock,2,111,1,15,5.0,5,0,18,18,zero,91
llm_single,shock,2,111,2,15,1.0,1,0,20,20,zero,91
llm_single,shock,2,112,0,15,71.0,0,71,17,17,zero,91
llm_single,shock,2,112,1,15,4.0,4,0,18,18,zero,91
llm_single,shock,2,112,2,15,1.0,0,1,16,16,zero,91
llm_single,shock,2,113,0,9,63.0,0,63,17,17,zero,91
llm_single,shock,2,113,1,9,7.0,7,0,18,18,zero,91
llm_single,shock,2,113,2,9,3.0,0,3,16,16,zero,91
llm_single,shock,2,114,0,11,57.0,0,57,17,17,zero,91
llm_single,shock,2,114,1,11,10.0,10,0,18,18,zero,91
llm_single,shock,2,114,2,11,1.0,0,1,16,16,zero,91
llm_single,shock,2,115,0,12,52.0,0,52,17,17,zero,91
llm_single,shock,2,115,1,12,12.0,12,0,18,18,zero,91
llm_single,shock,2,115,2,12,1.0,1,0,20,20,zero,91
llm_single,shock,2,116,0,11,46.0,0,46,16,16,zero,91
llm_single,shock,2,116,1,11,13.0,13,0,18,18,zero,91
llm_single,shock,2,116,2,11,1.0,0,1,20,20,zero,91
llm_single,shock,2,117,0,12,41.0,0,41,10,10,zero,91
llm_single,shock,2,117,1,12,19.0,19,0,18,18,zero,91
llm_single,shock,2,117,2,12,3.0,0,3,20,20,zero,91
llm_single,shock,2,118,0,12,36.0,0,36,10,10,zero,91
llm_single,shock,2,118,1,12,29.0,29,0,3,3,zero,91
llm_single,shock,2,118,2,12,10.0,10,0,16,16,zero,91
llm_single,shock,2,119,0,13,32.0,0,32,10,10,zero,91
llm_single,shock,2,119,1,13,38.0,38,0,3,3,zero,91
llm_single,shock,2,119,2,13,27.0,27,0,0,0,zero,91
llm_single,shock,2,120,0,13,29.0,0,29,19,19,zero,91
llm_single,shock,2,120,1,13,36.0,36,0,3,3,zero,91
llm_single,shock,2,120,2,13,44.0,44,0,0,0,zero,91
llm_single,shock,2,121,0,14,33.0,0,33,19,19,zero,91
llm_single,shock,2,121,1,14,33.0,33,0,15,15,zero,91
llm_single,shock,2,121,2,14,49.0,49,0,0,0,zero,91
llm_single,shock,2,122,0,17,40.0,0,40,19,19,zero,91
llm_single,shock,2,122,1,17,20.0,20,0,15,15,zero,91
llm_single,shock,2,122,2,17,50.0,50,0,0,0,zero,91
llm_single,shock,2,123,0,17,47.0,0,47,19,19,zero,91
llm_single,shock,2,123,1,17,4.0,4,0,15,15,zero,91
llm_single,shock,2,123,2,17,35.0,35,0,16,16,zero,91
llm_single,shock,2,124,0,16,44.0,0,44,19,19,zero,91
llm_single,shock,2,124,1,16,12.0,0,12,15,15,zero,91
llm_single,shock,2,124,2,16,20.0,20,0,20,20,zero,91
llm_single,shock,2,125,0,18,43.0,0,43,19,19,zero,91
llm_single,shock,2,125,1,18,16.0,0,16,18,18,zero,91
llm_single,shock,2,125,2,18,2.0,2,0,20,20,zero,91
llm_single,shock,2,126,0,20,44.0,0,44,19,19,zero,91
llm_single,shock,2,126,1,20,20.0,0,20,18,18,zero,91
llm_single,shock,2,126,2,20,16.0,0,16,20,20,zero,91
llm_single,shock,2,127,0,18,43.0,0,43,19,19,zero,91
llm_single,shock,2,127,1,18,24.0,0,24,18,18,zero,91
llm_single,shock,2,127,2,18,18.0,0,18,20,20,zero,91
llm_single,shock,2,128,0,18,54.0,0,54,19,19,zero,91
llm_single,shock,2,128,1,18,28.0,0,28,18,18,zero,91
llm_single,shock,2,128,2,18,16.0,0,16,16,16,zero,91
llm_single,shock,2,129,0,17,56.0,0,56,17,17,zero,91
llm_single,shock,2,129,1,17,27.0,0,27,18,18,zero,91
llm_single,shock,2,129,2,17,14.0,0,14,20,20,zero,91
llm_single,shock,2,130,0,17,58.0,0,58,17,17,zero,91
llm_single,shock,2,130,1,17,42.0,0,42,18,18,zero,91
llm_single,shock,2,130,2,17,12.0,0,12,20,20,zero,91
llm_single,shock,2,131,0,15,58.0,0,58,17,17,zero,91
llm_single,shock,2,131,1,15,43.0,0,43,18,18,zero,91
llm_single,shock,2,131,2,15,10.0,0,10,20,20,zero,91
llm_single,shock,2,132,0,16,59.0,0,59,17,17,zero,91
llm_single,shock,2,132,1,16,40.0,0,40,18,18,zero,91
llm_single,shock,2,132,2,16,12.0,0,12,20,20,zero,91
llm_single,shock,2,133,0,17,58.0,0,58,17,17,zero,91
llm_single,shock,2,133,1,17,37.0,0,37,18,18,zero,91
llm_single,shock,2,133,2,17,10.0,0,10,16,16,zero,91
llm_single,shock,2,134,0,17,73.0,0,73,17,17,zero,91
llm_single,shock,2,134,1,17,34.0,0,34,18,18,zero,91
llm_single,shock,2,134,2,17,8.0,0,8,20,20,zero,91
llm_single,shock,2,135,0,15,72.0,0,72,17,17,zero,91
llm_single,shock,2,135,1,15,31.0,0,31,18,18,zero,91
llm_single,shock,2,135,2,15,6.0,0,6,20,20,zero,91
llm_single,shock,2,136,0,15,67.0,0,67,17,17,zero,91
llm_single,shock,2,136,1,15,32.0,0,32,18,18,zero,91
llm_single,shock,2,136,2,15,4.0,0,4,20,20,zero,91
llm_single,shock,2,137,0,14,61.0,0,61,17,17,zero,91
llm_single,shock,2,137,1,14,29.0,0,29,18,18,zero,91
llm_single,shock,2,137,2,14,6.0,0,6,16,16,zero,91
llm_single,shock,2,138,0,14,55.0,0,55,17,17,zero,91
llm_single,shock,2,138,1,14,26.0,0,26,18,18,zero,91
llm_single,shock,2,138,2,14,4.0,0,4,16,16,zero,91
llm_single,shock,2,139,0,14,49.0,0,49,10,10,zero,91
llm_single,shock,2,139,1,14,16.0,0,16,18,18,zero,91
llm_single,shock,2,139,2,14,2.0,0,2,20,20,zero,91
llm_single,shock,2,140,0,16,49.0,0,49,10,10,zero,91
llm_single,shock,2,140,1,16,6.0,0,6,18,18,zero,91
llm_single,shock,2,140,2,16,-0.0,0,0,20,20,zero,91
llm_single,shock,2,141,0,17,46.0,0,46,10,10,zero,91
llm_single,shock,2,141,1,17,-0.0,0,0,18,18,zero,91
llm_single,shock,2,141,2,17,2.0,0,2,16,16,zero,91
llm_single,shock,2,142,0,17,43.0,0,43,19,19,zero,91
llm_single,shock,2,142,1,17,1.0,1,0,18,18,zero,91
llm_single,shock,2,142,2,17,4.0,0,4,16,16,zero,91
llm_single,shock,2,143,0,18,41.0,0,41,10,10,zero,91
llm_single,shock,2,143,1,18,11.0,11,0,18,18,zero,91
llm_single,shock,2,143,2,18,2.0,0,2,20,20,zero,91
llm_single,shock,2,144,0,20,41.0,0,41,19,19,zero,91
llm_single,shock,2,144,1,20,12.0,12,0,3,3,zero,91
llm_single,shock,2,144,2,20,15.0,15,0,20,20,zero,91
llm_single,shock,2,145,0,20,45.0,0,45,19,19,zero,91
llm_single,shock,2,145,1,20,9.0,9,0,18,18,zero,91
llm_single,shock,2,145,2,20,13.0,13,0,0,0,zero,91
llm_single,shock,2,146,0,19,45.0,0,45,19,19,zero,91
llm_single,shock,2,146,1,19,6.0,6,0,18,18,zero,91
llm_single,shock,2,146,2,19,11.0,11,0,16,16,zero,91
llm_single,shock,2,147,0,17,52.0,0,52,19,19,zero,91
llm_single,shock,2,147,1,17,7.0,7,0,18,18,zero,91
llm_single,shock,2,147,2,17,13.0,13,0,20,20,zero,91
llm_single,shock,2,148,0,17,50.0,0,50,19,19,zero,91
llm_single,shock,2,148,1,17,7.0,0,7,18,18,zero,91
llm_single,shock,2,148,2,17,15.0,15,0,20,20,zero,91
llm_single,shock,2,149,0,16,47.0,0,47,19,19,zero,91
llm_single,shock,2,149,1,16,8.0,0,8,18,18,zero,91
llm_single,shock,2,149,2,16,3.0,0,3,20,20,zero,91
llm_single,shock,2,150,0,16,44.0,0,44,10,10,zero,91
llm_single,shock,2,150,1,16,-0.0,0,0,18,18,zero,91
llm_single,shock,2,150,2,16,5.0,0,5,20,20,zero,91
llm_single,shock,2,151,0,16,41.0,0,41,19,19,zero,91
llm_single,shock,2,151,1,16,1.0,0,1,18,18,zero,91
llm_single,shock,2,151,2,16,3.0,0,3,0,0,zero,91
llm_single,shock,2,152,0,14,43.0,0,43,19,19,zero,91
llm_single,shock,2,152,1,14,2.0,0,2,18,18,zero,91
llm_single,shock,2,152,2,14,1.0,0,1,20,20,zero,91
llm_single,shock,2,153,0,14,39.0,0,39,10,10,zero,91
llm_single,shock,2,153,1,14,3.0,3,0,18,18,zero,91
llm_single,shock,2,153,2,14,1.0,1,0,20,20,zero,91
llm_single,shock,2,154,0,14,35.0,0,35,19,19,zero,91
llm_single,shock,2,154,1,14,-0.0,0,0,18,18,zero,91
llm_single,shock,2,154,2,14,3.0,3,0,20,20,zero,91
llm_single,shock,2,155,0,14,31.0,0,31,10,10,zero,91
llm_single,shock,2,155,1,14,10.0,10,0,18,18,zero,91
llm_single,shock,2,155,2,14,15.0,0,15,20,20,zero,91
llm_single,shock,2,156,0,15,28.0,0,28,19,19,zero,91
llm_single,shock,2,156,1,15,11.0,11,0,18,18,zero,91
llm_single,shock,2,156,2,15,13.0,0,13,20,20,zero,91
llm_single,shock,2,157,0,15,31.0,0,31,19,19,zero,91
llm_single,shock,2,157,1,15,11.0,11,0,18,18,zero,91
llm_single,shock,2,157,2,15,11.0,0,11,16,16,zero,91
llm_single,shock,2,158,0,13,25.0,0,25,19,19,zero,91
llm_single,shock,2,158,1,13,10.0,10,0,18,18,zero,91
llm_single,shock,2,158,2,13,9.0,0,9,20,20,zero,91
llm_single,shock,2,159,0,12,27.0,0,27,19,19,zero,91
llm_single,shock,2,159,1,12,6.0,0,6,18,18,zero,91
llm_single,shock,2,159,2,12,7.0,0,7,20,20,zero,91
llm_single,shock,2,160,0,12,20.0,0,20,10,10,zero,91
llm_single,shock,2,160,1,12,4.0,4,0,18,18,zero,91
llm_single,shock,2,160,2,12,5.0,0,5,20,20,zero,91
llm_single,shock,2,161,0,10,11.0,0,11,10,10,zero,91
llm_single,shock,2,161,1,10,14.0,14,0,3,3,zero,91
llm_single,shock,2,161,2,10,8.0,8,0,16,16,zero,91
llm_single,shock,2,162,0,11,3.0,0,3,10,10,zero,91
llm_single,shock,2,162,1,11,24.0,24,0,3,3,zero,91
llm_single,shock,2,162,2,11,25.0,25,0,0,0,zero,91
llm_single,shock,2,163,0,10,-0.0,0,0,10,10,zero,91
llm_single,shock,2,163,1,10,34.0,34,0,3,3,zero,91
llm_single,shock,2,163,2,10,42.0,42,0,0,0,zero,91
llm_single,shock,2,164,0,12,4.0,4,0,10,10,zero,91
llm_single,shock,2,164,1,12,44.0,44,0,12,12,zero,91
llm_single,shock,2,164,2,12,50.0,50,0,0,0,zero,91
llm_single,shock,2,165,0,12,2.0,2,0,19,19,zero,91
llm_single,shock,2,165,1,12,33.0,33,0,15,15,zero,91
llm_single,shock,2,165,2,12,51.0,51,0,0,0,zero,91
llm_single,shock,2,166,0,13,1.0,0,1,10,10,zero,91
llm_single,shock,2,166,1,13,26.0,26,0,15,15,zero,91
llm_single,shock,2,166,2,13,36.0,36,0,16,16,zero,91
llm_single,shock,2,167,0,13,4.0,0,4,19,19,zero,91
llm_single,shock,2,167,1,13,10.0,10,0,3,3,zero,91
llm_single,shock,2,167,2,13,33.0,33,0,20,20,zero,91
llm_single,shock,2,168,0,11,5.0,0,5,10,10,zero,91
llm_single,shock,2,168,1,11,12.0,12,0,15,15,zero,91
llm_single,shock,2,168,2,11,18.0,18,0,0,0,zero,91
llm_single,shock,2,169,0,11,3.0,3,0,10,10,zero,91
llm_single,shock,2,169,1,11,17.0,17,0,15,15,zero,91
llm_single,shock,2,169,2,11,3.0,3,0,2,2,zero,91
llm_single,shock,2,170,0,11,2.0,2,0,6,6,zero,91
llm_single,shock,2,170,1,11,26.0,26,0,15,15,zero,91
llm_single,shock,2,170,2,11,4.0,4,0,20,20,zero,91
llm_single,shock,2,171,0,11,10.0,10,0,10,10,zero,91
llm_single,shock,2,171,1,11,19.0,19,0,1,1,zero,91
llm_single,shock,2,171,2,11,23.0,23,0,20,20,zero,91
llm_single,shock,2,172,0,12,8.0,8,0,10,10,zero,91
llm_single,shock,2,172,1,12,24.0,24,0,1,1,zero,91
llm_single,shock,2,172,2,12,22.0,22,0,0,0,zero,91
llm_single,shock,2,173,0,13,5.0,5,0,19,19,zero,91
llm_single,shock,2,173,1,13,20.0,20,0,15,15,zero,91
llm_single,shock,2,173,2,13,9.0,9,0,0,0,zero,91
llm_single,shock,2,174,0,12,1.0,0,1,9,9,zero,91
llm_single,shock,2,174,1,12,26.0,26,0,15,15,zero,91
llm_single,shock,2,174,2,12,14.0,14,0,0,0,zero,91
llm_single,shock,2,175,0,15,6.0,0,6,19,19,zero,91
llm_single,shock,2,175,1,15,8.0,8,0,15,15,zero,91
llm_single,shock,2,175,2,15,19.0,19,0,20,20,zero,91
llm_single,shock,2,176,0,14,10.0,0,10,10,10,zero,91
llm_single,shock,2,176,1,14,1.0,0,1,15,15,zero,91
llm_single,shock,2,176,2,14,4.0,4,0,20,20,zero,91
llm_single,shock,2,177,0,15,6.0,0,6,19,19,zero,91
llm_single,shock,2,177,1,15,5.0,0,5,15,15,zero,91
llm_single,shock,2,177,2,15,11.0,0,11,20,20,zero,91
llm_single,shock,2,178,0,15,12.0,0,12,19,19,zero,91
llm_single,shock,2,178,1,15,9.0,0,9,15,15,zero,91
llm_single,shock,2,178,2,15,26.0,0,26,20,20,zero,91
llm_single,shock,2,179,0,16,9.0,0,9,19,19,zero,91
llm_single,shock,2,179,1,16,13.0,0,13,15,15,zero,91
llm_single,shock,2,179,2,16,21.0,0,21,0,0,zero,91
llm_single,shock,2,180,0,15,15.0,0,15,19,19,zero,91
llm_single,shock,2,180,1,15,17.0,0,17,15,15,zero,91
llm_single,shock,2,180,2,15,16.0,0,16,20,20,zero,91
llm_single,shock,2,181,0,14,14.0,0,14,19,19,zero,91
llm_single,shock,2,181,1,14,32.0,0,32,15,15,zero,91
llm_single,shock,2,181,2,14,11.0,0,11,20,20,zero,91
llm_single,shock,2,182,0,16,15.0,0,15,19,19,zero,91
llm_single,shock,2,182,1,16,51.0,0,51,18,18,zero,91
llm_single,shock,2,182,2,16,9.0,0,9,20,20,zero,91
llm_single,shock,2,183,0,14,14.0,0,14,19,19,zero,91
llm_single,shock,2,183,1,14,50.0,0,50,18,18,zero,91
llm_single,shock,2,183,2,14,27.0,0,27,20,20,zero,91
llm_single,shock,2,184,0,14,13.0,0,13,10,10,zero,91
llm_single,shock,2,184,1,14,40.0,0,40,18,18,zero,91
llm_single,shock,2,184,2,14,25.0,0,25,20,20,zero,91
llm_single,shock,2,185,0,16,25.0,0,25,19,19,zero,91
llm_single,shock,2,185,1,16,39.0,0,39,18,18,zero,91
llm_single,shock,2,185,2,16,23.0,0,23,20,20,zero,91
llm_single,shock,2,186,0,17,42.0,0,42,19,19,zero,91
llm_single,shock,2,186,1,17,38.0,0,38,18,18,zero,91
llm_single,shock,2,186,2,17,21.0,0,21,20,20,zero,91
llm_single,shock,2,187,0,17,39.0,0,39,10,10,zero,91
llm_single,shock,2,187,1,17,48.0,0,48,18,18,zero,91
llm_single,shock,2,187,2,17,19.0,0,19,20,20,zero,91
llm_single,shock,2,188,0,18,37.0,0,37,19,19,zero,91
llm_single,shock,2,188,1,18,47.0,0,47,18,18,zero,91
llm_single,shock,2,188,2,18,17.0,0,17,20,20,zero,91
llm_single,shock,2,189,0,18,35.0,0,35,10,10,zero,91
llm_single,shock,2,189,1,18,37.0,0,37,18,18,zero,91
llm_single,shock,2,189,2,18,15.0,0,15,20,20,zero,91
llm_single,shock,2,190,0,17,32.0,0,32,19,19,zero,91
llm_single,shock,2,190,1,17,36.0,0,36,3,3,zero,91
llm_single,shock,2,190,2,17,2.0,2,0,20,20,zero,91
llm_single,shock,2,191,0,16,48.0,0,48,19,19,zero,91
llm_single,shock,2,191,1,16,35.0,0,35,18,18,zero,91
llm_single,shock,2,191,2,16,4.0,4,0,16,16,zero,91
llm_single,shock,2,192,0,18,46.0,0,46,10,10,zero,91
llm_single,shock,2,192,1,18,25.0,0,25,18,18,zero,91
llm_single,shock,2,192,2,18,6.0,6,0,1,1,zero,91
llm_single,shock,2,193,0,18,44.0,0,44,10,10,zero,91
llm_single,shock,2,193,1,18,15.0,0,15,18,18,zero,91
llm_single,shock,2,193,2,18,8.0,8,0,16,16,zero,91
llm_single,shock,2,194,0,20,44.0,0,44,10,10,zero,91
llm_single,shock,2,194,1,20,7.0,0,7,18,18,zero,91
llm_single,shock,2,194,2,20,10.0,10,0,20,20,zero,91
llm_single,shock,2,195,0,20,44.0,0,44,19,19,zero,91
llm_single,shock,2,195,1,20,8.0,0,8,18,18,zero,91
llm_single,shock,2,195,2,20,8.0,8,0,20,20,zero,91
llm_single,shock,2,196,0,20,44.0,0,44,19,19,zero,91
llm_single,shock,2,196,1,20,9.0,0,9,18,18,zero,91
llm_single,shock,2,196,2,20,9.0,0,9,20,20,zero,91
llm_single,shock,2,197,0,20,44.0,0,44,19,19,zero,91
llm_single,shock,2,197,1,20,10.0,0,10,18,18,zero,91
llm_single,shock,2,197,2,20,11.0,0,11,20,20,zero,91
llm_single,shock,2,198,0,19,45.0,0,45,19,19,zero,91
llm_single,shock,2,198,1,19,11.0,0,11,18,18,zero,91
llm_single,shock,2,198,2,19,9.0,0,9,16,16,zero,91
llm_single,shock,2,199,0,20,47.0,0,47,19,19,zero,91
llm_single,shock,2,199,1,20,12.0,0,12,18,18,zero,91
llm_single,shock,2,199,2,20,7.0,0,7,16,16,zero,91
llm_single,shock,2,200,0,20,49.0,0,49,19,19,zero,91
llm_single,shock,2,200,1,20,22.0,0,22,18,18,zero,91
llm_single,shock,2,200,2,20,5.0,0,5,20,20,zero,91
llm_single,shock,3,1,0,10,10.0,10,0,10,10,zero,
llm_single,shock,3,1,1,10,10.0,10,0,15,15,zero,
llm_single,shock,3,1,2,10,5.0,5,0,0,0,zero,
llm_single,shock,3,2,0,9,11.0,11,0,10,10,zero,
llm_single,shock,3,2,1,9,10.0,10,0,1,1,zero,
llm_single,shock,3,2,2,9,14.0,14,0,20,20,zero,
llm_single,shock,3,3,0,8,13.0,13,0,6,6,zero,
llm_single,shock,3,3,1,8,14.0,14,0,15,15,zero,
llm_single,shock,3,3,2,8,9.0,9,0,3,3,zero,
llm_single,shock,3,4,0,8,15.0,15,0,6,6,zero,
llm_single,shock,3,4,1,8,18.0,18,0,1,1,zero,
llm_single,shock,3,4,2,8,18.0,18,0,20,20,zero,
llm_single,shock,3,5,0,8,17.0,17,0,6,6,zero,
llm_single,shock,3,5,1,8,27.0,27,0,1,1,zero,
llm_single,shock,3,5,2,8,17.0,17,0,0,0,zero,
llm_single,shock,3,6,0,9,18.0,18,0,6,6,zero,
llm_single,shock,3,6,1,9,22.0,22,0,1,1,zero,
llm_single,shock,3,6,2,9,36.0,36,0,0,0,zero,
llm_single,shock,3,7,0,8,16.0,16,0,9,9,zero,
llm_single,shock,3,7,1,8,28.0,28,0,1,1,zero,
llm_single,shock,3,7,2,8,38.0,38,0,0,0,zero,
llm_single,shock,3,8,0,9,13.0,13,0,9,9,zero,
llm_single,shock,3,8,1,9,20.0,20,0,15,15,zero,
llm_single,shock,3,8,2,9,43.0,43,0,0,0,zero,
llm_single,shock,3,9,0,10,9.0,9,0,9,9,zero,
llm_single,shock,3,9,1,10,12.0,12,0,15,15,zero,
llm_single,shock,3,9,2,10,28.0,28,0,1,1,zero,
llm_single,shock,3,10,0,10,5.0,5,0,9,9,zero,
llm_single,shock,3,10,1,10,4.0,4,0,11,11,zero,
llm_single,shock,3,10,2,10,17.0,17,0,20,20,zero,
llm_single,shock,3,11,0,11,3.0,3,0,9,9,zero,
llm_single,shock,3,11,1,11,4.0,0,4,1,1,zero,
llm_single,shock,3,11,2,11,16.0,16,0,20,20,zero,
llm_single,shock,3,12,0,10,2.0,2,0,19,19,zero,
llm_single,shock,3,12,1,10,8.0,0,8,15,15,zero,
llm_single,shock,3,12,2,10,1.0,1,0,0,0,zero,
llm_single,shock,3,13,0,10,1.0,1,0,9,9,zero,
llm_single,shock,3,13,1,10,2.0,0,2,15,15,zero,
llm_single,shock,3,13,2,10,13.0,0,13,0,0,zero,
llm_single,shock,3,14,0,9,1.0,1,0,4,4,zero,
llm_single,shock,3,14,1,9,5.0,5,0,15,15,zero,
llm_single,shock,3,14,2,9,8.0,0,8,20,20,zero,
llm_single,shock,3,15,0,9,3.0,0,3,6,6,zero,
llm_single,shock,3,15,1,9,-0.0,0,0,3,3,zero,
llm_single,shock,3,15,2,9,9.0,9,0,20,20,zero,
llm_single,shock,3,16,0,10,2.0,2,0,6,6,zero,
llm_single,shock,3,16,1,10,9.0,9,0,3,3,zero,
llm_single,shock,3,16,2,10,6.0,6,0,0,0,zero,
llm_single,shock,3,17,0,10,7.0,7,0,10,10,zero,
llm_single,shock,3,17,1,10,1.0,1,0,0,0,zero,
llm_single,shock,3,17,2,10,6.0,6,0,0,0,zero,
llm_single,shock,3,18,0,9,4.0,4,0,19,19,zero,
llm_single,shock,3,18,1,9,2.0,2,0,12,12,zero,
llm_single,shock,3,18,2,9,14.0,14,0,0,0,zero,
llm_single,shock,3,19,0,7,3.0,3,0,9,9,zero,
llm_single,shock,3,19,1,7,4.0,4,0,15,15,zero,
llm_single,shock,3,19,2,7,19.0,19,0,0,0,zero,
llm_single,shock,3,20,0,9,-0.0,0,0,2,2,zero,
llm_single,shock,3,20,1,9,5.0,5,0,15,15,zero,
llm_single,shock,3,20,2,9,4.0,4,0,20,20,zero,
llm_single,shock,3,21,0,9,1.0,1,0,6,6,zero,
llm_single,shock,3,21,1,9,1.0,0,1,0,0,zero,
llm_single,shock,3,21,2,9,4.0,4,0,20,20,zero,
llm_single,shock,3,22,0,9,11.0,11,0,10,10,zero,
llm_single,shock,3,22,1,9,1.0,1,0,5,5,zero,
llm_single,shock,3,22,2,9,1.0,0,1,0,0,zero,
llm_single,shock,3,23,0,8,12.0,12,0,9,9,zero,
llm_single,shock,3,23,1,8,7.0,7,0,18,18,zero,
llm_single,shock,3,23,2,8,19.0,0,19,0,0,zero,
llm_single,shock,3,24,0,8,6.0,6,0,9,9,zero,
llm_single,shock,3,24,1,8,13.0,13,0,15,15,zero,
llm_single,shock,3,24,2,8,14.0,0,14,5,5,zero,
llm_single,shock,3,25,0,9,2.0,2,0,6,6,zero,
llm_single,shock,3,25,1,9,7.0,7,0,3,3,zero,
llm_single,shock,3,25,2,9,3.0,3,0,20,20,zero,
llm_single,shock,3,26,0,8,5.0,5,0,10,10,zero,
llm_single,shock,3,26,1,8,1.0,1,0,1,1,zero,
llm_single,shock,3,26,2,8,2.0,2,0,20,20,zero,
llm_single,shock,3,27,0,8,6.0,6,0,6,6,zero,
llm_single,shock,3,27,1,8,5.0,0,5,5,5,zero,
llm_single,shock,3,27,2,8,3.0,0,3,0,0,zero,
llm_single,shock,3,28,0,9,6.0,6,0,10,10,zero,
llm_single,shock,3,28,1,9,5.0,5,0,15,15,zero,
llm_single,shock,3,28,2,9,13.0,0,13,0,0,zero,
llm_single,shock,3,29,0,8,4.0,4,0,6,6,zero,
llm_single,shock,3,29,1,8,16.0,16,0,15,15,zero,
llm_single,shock,3,29,2,8,8.0,0,8,0,0,zero,
llm_single,shock,3,30,0,10,4.0,4,0,9,9,zero,
llm_single,shock,3,30,1,10,8.0,8,0,3,3,zero,
llm_single,shock,3,30,2,10,9.0,9,0,20,20,zero,
llm_single,shock,3,31,0,10,5.0,0,5,6,6,zero,
llm_single,shock,3,31,1,10,4.0,4,0,3,3,zero,
llm_single,shock,3,31,2,10,6.0,6,0,20,20,zero,
llm_single,shock,3,32,0,9,1.0,1,0,10,10,zero,
llm_single,shock,3,32,1,9,1.0,0,1,1,1,zero,
llm_single,shock,3,32,2,9,5.0,5,0,0,0,zero,
llm_single,shock,3,33,0,7,-0.0,0,0,10,10,zero,
llm_single,shock,3,33,1,7,9.0,9,0,15,15,zero,
llm_single,shock,3,33,2,7,10.0,0,10,0,0,zero,
llm_single,shock,3,34,0,7,2.0,2,0,6,6,zero,
llm_single,shock,3,34,1,7,14.0,14,0,15,15,zero,
llm_single,shock,3,34,2,7,5.0,0,5,0,0,zero,
llm_single,shock,3,35,0,7,1.0,1,0,6,6,zero,
llm_single,shock,3,35,1,7,11.0,11,0,3,3,zero,
llm_single,shock,3,35,2,7,12.0,12,0,20,20,zero,
llm_single,shock,3,36,0,7,3.0,3,0,6,6,zero,
llm_single,shock,3,36,1,7,6.0,6,0,1,1,zero,
llm_single,shock,3,36,2,7,11.0,11,0,20,20,zero,
llm_single,shock,3,37,0,7,7.0,7,0,6,6,zero,
llm_single,shock,3,37,1,7,5.0,5,0,1,1,zero,
llm_single,shock,3,37,2,7,10.0,10,0,0,0,zero,
llm_single,shock,3,38,0,6,7.0,7,0,10,10,zero,
llm_single,shock,3,38,1,6,15.0,15,0,1,1,zero,
llm_single,shock,3,38,2,6,9.0,9,0,0,0,zero,
llm_single,shock,3,39,0,6,7.0,7,0,6,6,zero,
llm_single,shock,3,39,1,6,17.0,17,0,15,15,zero,
llm_single,shock,3,39,2,6,14.0,14,0,0,0,zero,
llm_single,shock,3,40,0,6,7.0,7,0,2,2,zero,
llm_single,shock,3,40,1,6,16.0,16,0,3,3,zero,
llm_single,shock,3,40,2,6,31.0,31,0,0,0,zero,
llm_single,shock,3,41,0,7,6.0,6,0,6,6,zero,
llm_single,shock,3,41,1,7,11.0,11,0,1,1,zero,
llm_single,shock,3,41,2,7,30.0,30,0,0,0,zero,
llm_single,shock,3,42,0,7,9.0,9,0,10,10,zero,
llm_single,shock,3,42,1,7,2.0,2,0,1,1,zero,
llm_single,shock,3,42,2,7,29.0,29,0,0,0,zero,
llm_single,shock,3,43,0,7,8.0,8,0,6,6,zero,
llm_single,shock,3,43,1,7,11.0,11,0,15,15,zero,
llm_single,shock,3,43,2,7,14.0,14,0,0,0,zero,
llm_single,shock,3,44,0,7,3.0,3,0,10,10,zero,
llm_single,shock,3,44,1,7,4.0,4,0,1,1,zero,
llm_single,shock,3,44,2,7,13.0,13,0,1,1,zero,
llm_single,shock,3,45,0,7,2.0,2,0,6,6,zero,
llm_single,shock,3,45,1,7,1.0,0,1,15,15,zero,
llm_single,shock,3,45,2,7,2.0,0,2,1,1,zero,
llm_single,shock,3,46,0,6,6.0,6,0,6,6,zero,
llm_single,shock,3,46,1,6,6.0,0,6,3,3,zero,
llm_single,shock,3,46,2,6,5.0,0,5,20,20,zero,
llm_single,shock,3,47,0,6,6.0,6,0,6,6,zero,
llm_single,shock,3,47,1,6,3.0,3,0,15,15,zero,
llm_single,shock,3,47,2,6,20.0,0,20,20,20,zero,
llm_single,shock,3,48,0,6,10.0,10,0,2,2,zero,
llm_single,shock,3,48,1,6,2.0,2,0,15,15,zero,
llm_single,shock,3,48,2,6,34.0,0,34,20,20,zero,
llm_single,shock,3,49,0,6,9.0,9,0,10,10,zero,
llm_single,shock,3,49,1,6,5.0,5,0,3,3,zero,
llm_single,shock,3,49,2,6,36.0,0,36,20,20,zero,
llm_single,shock,3,50,0,6,4.0,4,0,6,6,zero,
llm_single,shock,3,50,1,6,1.0,0,1,15,15,zero,
llm_single,shock,3,50,2,6,31.0,0,31,0,0,zero,
llm_single,shock,3,51,0,6,10.0,10,0,2,2,zero,
llm_single,shock,3,51,1,6,3.0,0,3,3,3,zero,
llm_single,shock,3,51,2,6,14.0,0,14,20,20,zero,
llm_single,shock,3,52,0,6,6.0,6,0,6,6,zero,
llm_single,shock,3,52,1,6,8.0,0,8,0,0,zero,
llm_single,shock,3,52,2,6,6.0,6,0,16,16,zero,
llm_single,shock,3,53,0,6,10.0,10,0,10,10,zero,
llm_single,shock,3,53,1,6,17.0,0,17,0,0,zero,
llm_single,shock,3,53,2,6,26.0,26,0,0,0,zero,
llm_single,shock,3,54,0,8,7.0,7,0,19,19,zero,
llm_single,shock,3,54,1,8,16.0,0,16,0,0,zero,
llm_single,shock,3,54,2,8,26.0,26,0,0,0,zero,
llm_single,shock,3,55,0,8,1.0,0,1,9,9,zero,
llm_single,shock,3,55,1,8,5.0,0,5,18,18,zero,
llm_single,shock,3,55,2,8,28.0,28,0,0,0,zero,
llm_single,shock,3,56,0,8,8.0,0,8,2,2,zero,
llm_single,shock,3,56,1,8,7.0,7,0,18,18,zero,
llm_single,shock,3,56,2,8,26.0,26,0,0,0,zero,
llm_single,shock,3,57,0,7,14.0,0,14,2,2,zero,
llm_single,shock,3,57,1,7,5.0,5,0,0,0,zero,
llm_single,shock,3,57,2,7,26.0,26,0,20,20,zero,
llm_single,shock,3,58,0,7,1.0,0,1,6,6,zero,
llm_single,shock,3,58,1,7,1.0,0,1,0,0,zero,
llm_single,shock,3,58,2,7,26.0,26,0,0,0,zero,
llm_single,shock,3,59,0,7,12.0,12,0,6,6,zero,
llm_single,shock,3,59,1,7,11.0,11,0,12,12,zero,
llm_single,shock,3,59,2,7,14.0,14,0,0,0,zero,
llm_single,shock,3,60,0,8,11.0,11,0,9,9,zero,
llm_single,shock,3,60,1,8,20.0,20,0,12,12,zero,
llm_single,shock,3,60,2,8,2.0,2,0,0,0,zero,
llm_single,shock,3,61,0,7,6.0,6,0,9,9,zero,
llm_single,shock,3,61,1,7,11.0,11,0,12,12,zero,
llm_single,shock,3,61,2,7,10.0,10,0,20,20,zero,
llm_single,shock,3,62,0,7,4.0,4,0,4,4,zero,
llm_single,shock,3,62,1,7,7.0,7,0,3,3,zero,
llm_single,shock,3,62,2,7,7.0,7,0,20,20,zero,
llm_single,shock,3,63,0,8,3.0,3,0,6,6,zero,
llm_single,shock,3,63,1,8,13.0,13,0,1,1,zero,
llm_single,shock,3,63,2,8,6.0,6,0,0,0,zero,
llm_single,shock,3,64,0,9,3.0,3,0,10,10,zero,
llm_single,shock,3,64,1,9,15.0,15,0,1,1,zero,
llm_single,shock,3,64,2,9,5.0,5,0,0,0,zero,
llm_single,shock,3,65,0,9,3.0,3,0,9,9,zero,
llm_single,shock,3,65,1,9,18.0,18,0,15,15,zero,
llm_single,shock,3,65,2,9,10.0,10,0,0,0,zero,
llm_single,shock,3,66,0,8,1.0,0,1,19,19,zero,
llm_single,shock,3,66,1,8,2.0,2,0,15,15,zero,
llm_single,shock,3,66,2,8,15.0,15,0,0,0,zero,
llm_single,shock,3,67,0,8,3.0,0,3,6,6,zero,
llm_single,shock,3,67,1,8,3.0,0,3,15,15,zero,
llm_single,shock,3,67,2,8,-0.0,0,0,20,20,zero,
llm_single,shock,3,68,0,8,1.0,0,1,6,6,zero,
llm_single,shock,3,68,1,8,8.0,0,8,3,3,zero,
llm_single,shock,3,68,2,8,3.0,0,3,20,20,zero,
llm_single,shock,3,69,0,6,2.0,2,0,6,6,zero,
llm_single,shock,3,69,1,6,1.0,1,0,5,5,zero,
llm_single,shock,3,69,2,6,8.0,0,8,0,0,zero,
llm_single,shock,3,70,0,6,15.0,15,0,2,2,zero,
llm_single,shock,3,70,1,6,14.0,14,0,15,15,zero,
llm_single,shock,3,70,2,6,23.0,0,23,0,0,zero,
llm_single,shock,3,71,0,5,13.0,13,0,10,10,zero,
llm_single,shock,3,71,1,5,19.0,19,0,3,3,zero,
llm_single,shock,3,71,2,5,6.0,0,6,20,20,zero,
llm_single,shock,3,72,0,5,9.0,9,0,6,6,zero,
llm_single,shock,3,72,1,5,13.0,13,0,3,3,zero,
llm_single,shock,3,72,2,5,11.0,11,0,0,0,zero,
llm_single,shock,3,73,0,5,18.0,18,0,0,0,zero,
llm_single,shock,3,73,1,5,13.0,13,0,3,3,zero,
llm_single,shock,3,73,2,5,8.0,8,0,0,0,zero,
llm_single,shock,3,74,0,5,15.0,15,0,0,0,zero,
llm_single,shock,3,74,1,5,13.0,13,0,0,0,zero,
llm_single,shock,3,74,2,5,8.0,8,0,0,0,zero,
llm_single,shock,3,75,0,7,18.0,18,0,2,2,zero,
llm_single,shock,3,75,1,7,31.0,31,0,0,0,zero,
llm_single,shock,3,75,2,7,28.0,28,0,0,0,zero,
llm_single,shock,3,76,0,6,18.0,18,0,9,9,zero,
llm_single,shock,3,76,1,6,31.0,31,0,0,0,zero,
llm_single,shock,3,76,2,6,28.0,28,0,0,0,zero,
llm_single,shock,3,77,0,6,12.0,12,0,3,3,zero,
llm_single,shock,3,77,1,6,31.0,31,0,1,1,zero,
llm_single,shock,3,77,2,6,27.0,27,0,0,0,zero,
llm_single,shock,3,78,0,6,6.0,6,0,9,9,zero,
llm_single,shock,3,78,1,6,22.0,22,0,1,1,zero,
llm_single,shock,3,78,2,6,26.0,26,0,0,0,zero,
llm_single,shock,3,79,0,5,3.0,3,0,3,3,zero,
llm_single,shock,3,79,1,5,19.0,19,0,15,15,zero,
llm_single,shock,3,79,2,5,11.0,11,0,0,0,zero,
llm_single,shock,3,80,0,5,7.0,7,0,2,2,zero,
llm_single,shock,3,80,1,5,17.0,17,0,1,1,zero,
llm_single,shock,3,80,2,5,10.0,10,0,1,1,zero,
llm_single,shock,3,81,0,4,6.0,6,0,2,2,zero,
llm_single,shock,3,81,1,4,16.0,16,0,1,1,zero,
llm_single,shock,3,81,2,4,9.0,9,0,20,20,zero,
llm_single,shock,3,82,0,4,11.0,11,0,6,6,zero,
llm_single,shock,3,82,1,4,11.0,11,0,0,0,zero,
llm_single,shock,3,82,2,4,9.0,9,0,0,0,zero,
llm_single,shock,3,83,0,4,10.0,10,0,2,2,zero,
llm_single,shock,3,83,1,4,24.0,24,0,1,1,zero,
llm_single,shock,3,83,2,4,8.0,8,0,0,0,zero,
llm_single,shock,3,84,0,6,6.0,6,0,2,2,zero,
llm_single,shock,3,84,1,6,23.0,23,0,1,1,zero,
llm_single,shock,3,84,2,6,8.0,8,0,0,0,zero,
llm_single,shock,3,85,0,5,3.0,3,0,10,10,zero,
llm_single,shock,3,85,1,5,14.0,14,0,1,1,zero,
llm_single,shock,3,85,2,5,27.0,27,0,0,0,zero,
llm_single,shock,3,86,0,5,4.0,4,0,6,6,zero,86
llm_single,shock,3,86,1,5,8.0,8,0,15,15,zero,86
llm_single,shock,3,86,2,5,12.0,12,0,0,0,zero,86
llm_single,shock,3,87,0,5,1.0,1,0,6,6,zero,86
llm_single,shock,3,87,1,5,3.0,3,0,1,1,zero,86
llm_single,shock,3,87,2,5,11.0,11,0,1,1,zero,86
llm_single,shock,3,88,0,5,2.0,0,2,0,0,zero,86
llm_single,shock,3,88,1,5,4.0,4,0,15,15,zero,86
llm_single,shock,3,88,2,5,4.0,0,4,20,20,zero,86
llm_single,shock,3,89,0,5,3.0,3,0,6,6,zero,86
llm_single,shock,3,89,1,5,1.0,0,1,1,1,zero,86
llm_single,shock,3,89,2,5,5.0,0,5,20,20,zero,86
llm_single,shock,3,90,0,3,6.0,6,0,6,6,zero,86
llm_single,shock,3,90,1,3,8.0,8,0,15,15,zero,86
llm_single,shock,3,90,2,3,20.0,0,20,0,0,zero,86
llm_single,shock,3,91,0,5,7.0,7,0,2,2,zero,86
llm_single,shock,3,91,1,5,7.0,7,0,15,15,zero,86
llm_single,shock,3,91,2,5,34.0,0,34,20,20,zero,86
llm_single,shock,3,92,0,3,4.0,4,0,6,6,zero,86
llm_single,shock,3,92,1,3,12.0,12,0,1,1,zero,86
llm_single,shock,3,92,2,3,15.0,0,15,20,20,zero,86
llm_single,shock,3,93,0,5,4.0,4,0,2,2,zero,86
llm_single,shock,3,93,1,5,10.0,10,0,0,0,zero,86
llm_single,shock,3,93,2,5,5.0,5,0,0,0,zero,86
llm_single,shock,3,94,0,5,6.0,6,0,6,6,zero,86
llm_single,shock,3,94,1,5,4.0,4,0,0,0,zero,86
llm_single,shock,3,94,2,5,5.0,5,0,0,0,zero,86
llm_single,shock,3,95,0,5,3.0,3,0,6,6,zero,86
llm_single,shock,3,95,1,5,1.0,0,1,0,0,zero,86
llm_single,shock,3,95,2,5,25.0,25,0,0,0,zero,86
llm_single,shock,3,96,0,5,4.0,4,0,6,6,zero,86
llm_single,shock,3,96,1,5,13.0,13,0,1,1,zero,86
llm_single,shock,3,96,2,5,44.0,44,0,0,0,zero,86
llm_single,shock,3,97,0,3,3.0,3,0,2,2,zero,86
llm_single,shock,3,97,1,3,26.0,26,0,12,12,zero,86
llm_single,shock,3,97,2,3,32.0,32,0,0,0,zero,86
llm_single,shock,3,98,0,3,6.0,6,0,0,0,zero,86
llm_single,shock,3,98,1,3,26.0,26,0,0,0,zero,86
llm_single,shock,3,98,2,3,32.0,32,0,1,1,zero,86
llm_single,shock,3,99,0,3,8.0,8,0,0,0,zero,86
llm_single,shock,3,99,1,3,26.0,26,0,0,0,zero,86
llm_single,shock,3,99,2,3,32.0,32,0,0,0,zero,86
llm_single,shock,3,100,0,5,10.0,10,0,2,2,zero,86
llm_single,shock,3,100,1,5,25.0,25,0,0,0,zero,86
llm_single,shock,3,100,2,5,32.0,32,0,0,0,zero,86
llm_single,shock,3,101,0,5,7.0,7,0,9,9,zero,86
llm_single,shock,3,101,1,5,28.0,28,0,0,0,zero,86
llm_single,shock,3,101,2,5,32.0,32,0,0,0,zero,86
llm_single,shock,3,102,0,3,4.0,4,0,2,2,zero,86
llm_single,shock,3,102,1,3,26.0,26,0,1,1,zero,86
llm_single,shock,3,102,2,3,32.0,32,0,0,0,zero,86
llm_single,shock,3,103,0,3,1.0,1,0,2,2,zero,86
llm_single,shock,3,103,1,3,24.0,24,0,1,1,zero,86
llm_single,shock,3,103,2,3,31.0,31,0,0,0,zero,86
llm_single,shock,3,104,0,3,-0.0,0,0,2,2,zero,86
llm_single,shock,3,104,1,3,22.0,22,0,1,1,zero,86
llm_single,shock,3,104,2,3,30.0,30,0,0,0,zero,86
llm_single,shock,3,105,0,3,6.0,6,0,6,6,zero,86
llm_single,shock,3,105,1,3,16.0,16,0,1,1,zero,86
llm_single,shock,3,105,2,3,29.0,29,0,0,0,zero,86
llm_single,shock,3,106,0,3,5.0,5,0,0,0,zero,86
llm_single,shock,3,106,1,3,17.0,17,0,15,15,zero,86
llm_single,shock,3,106,2,3,14.0,14,0,0,0,zero,86
llm_single,shock,3,107,0,3,4.0,4,0,6,6,zero,86
llm_single,shock,3,107,1,3,12.0,12,0,0,0,zero,86
llm_single,shock,3,107,2,3,14.0,14,0,1,1,zero,86
llm_single,shock,3,108,0,3,3.0,3,0,2,2,zero,86
llm_single,shock,3,108,1,3,11.0,11,0,1,1,zero,86
llm_single,shock,3,108,2,3,13.0,13,0,0,0,zero,86
llm_single,shock,3,109,0,2,7.0,7,0,0,0,zero,86
llm_single,shock,3,109,1,2,12.0,12,0,1,1,zero,86
llm_single,shock,3,109,2,2,12.0,12,0,0,0,zero,86
llm_single,shock,3,110,0,2,5.0,5,0,0,0,zero,86
llm_single,shock,3,110,1,2,27.0,27,0,0,0,zero,86
llm_single,shock,3,110,2,2,12.0,12,0,0,0,zero,86
llm_single,shock,3,111,0,2,9.0,9,0,0,0,zero,86
llm_single,shock,3,111,1,2,27.0,27,0,0,0,zero,86
llm_single,shock,3,111,2,2,13.0,13,0,0,0,zero,86
llm_single,shock,3,112,0,2,9.0,9,0,0,0,zero,86
llm_single,shock,3,112,1,2,28.0,28,0,0,0,zero,86
llm_single,shock,3,112,2,2,13.0,13,0,0,0,zero,86
llm_single,shock,3,113,0,2,7.0,7,0,0,0,zero,86
llm_single,shock,3,113,1,2,29.0,29,0,0,0,zero,86
llm_single,shock,3,113,2,2,13.0,13,0,0,0,zero,86
llm_single,shock,3,114,0,2,5.0,5,0,2,2,zero,86
llm_single,shock,3,114,1,2,27.0,27,0,0,0,zero,86
llm_single,shock,3,114,2,2,13.0,13,0,0,0,zero,86
llm_single,shock,3,115,0,2,3.0,3,0,0,0,zero,86
llm_single,shock,3,115,1,2,27.0,27,0,0,0,zero,86
llm_single,shock,3,115,2,2,13.0,13,0,0,0,zero,86
llm_single,shock,3,116,0,2,1.0,1,0,6,6,zero,86
llm_single,shock,3,116,1,2,21.0,21,0,0,0,zero,86
llm_single,shock,3,116,2,2,13.0,13,0,0,0,zero,86
llm_single,shock,3,117,0,2,1.0,0,1,2,2,zero,86
llm_single,shock,3,117,1,2,19.0,19,0,1,1,zero,86
llm_single,shock,3,117,2,2,12.0,12,0,0,0,zero,86
llm_single,shock,3,118,0,2,1.0,0,1,0,0,zero,86
llm_single,shock,3,118,1,2,19.0,19,0,1,1,zero,86
llm_single,shock,3,118,2,2,11.0,11,0,0,0,zero,86
llm_single,shock,3,119,0,2,3.0,0,3,0,0,zero,86
llm_single,shock,3,119,1,2,19.0,19,0,1,1,zero,86
llm_single,shock,3,119,2,2,10.0,10,0,0,0,zero,86
llm_single,shock,3,120,0,2,1.0,1,0,6,6,zero,86
llm_single,shock,3,120,1,2,13.0,13,0,0,0,zero,86
llm_single,shock,3,120,2,2,10.0,10,0,0,0,zero,86
llm_single,shock,3,121,0,2,1.0,1,0,0,0,zero,86
llm_single,shock,3,121,1,2,14.0,14,0,1,1,zero,86
llm_single,shock,3,121,2,2,9.0,9,0,0,0,zero,86
llm_single,shock,3,122,0,1,-0.0,0,0,2,2,zero,86
llm_single,shock,3,122,1,1,13.0,13,0,1,1,zero,86
llm_single,shock,3,122,2,1,8.0,8,0,0,0,zero,86
llm_single,shock,3,123,0,1,1.0,0,1,0,0,zero,86
llm_single,shock,3,123,1,1,14.0,14,0,1,1,zero,86
llm_single,shock,3,123,2,1,7.0,7,0,1,1,zero,86
llm_single,shock,3,124,0,2,3.0,3,0,0,0,zero,86
llm_single,shock,3,124,1,2,14.0,14,0,1,1,zero,86
llm_single,shock,3,124,2,2,6.0,6,0,20,20,zero,86
llm_single,shock,3,125,0,2,1.0,1,0,2,2,zero,86
llm_single,shock,3,125,1,2,13.0,13,0,0,0,zero,86
llm_single,shock,3,125,2,2,6.0,6,0,0,0,zero,86
llm_single,shock,3,126,0,1,2.0,2,0,0,0,zero,86
llm_single,shock,3,126,1,1,14.0,14,0,0,0,zero,86
llm_single,shock,3,126,2,1,6.0,6,0,0,0,zero,86
llm_single,shock,3,127,0,2,-0.0,0,0,0,0,zero,86
llm_single,shock,3,127,1,2,15.0,15,0,0,0,zero,86
llm_single,shock,3,127,2,2,7.0,7,0,0,0,zero,86
llm_single,shock,3,128,0,2,2.0,0,2,6,6,zero,86
llm_single,shock,3,128,1,2,10.0,10,0,0,0,zero,86
llm_single,shock,3,128,2,2,27.0,27,0,0,0,zero,86
llm_single,shock,3,129,0,1,1.0,0,1,0,0,zero,86
llm_single,shock,3,129,1,1,10.0,10,0,1,1,zero,86
llm_single,shock,3,129,2,1,26.0,26,0,0,0,zero,86
llm_single,shock,3,130,0,1,2.0,0,2,0,0,zero,86
llm_single,shock,3,130,1,1,10.0,10,0,1,1,zero,86
llm_single,shock,3,130,2,1,25.0,25,0,0,0,zero,86
llm_single,shock,3,131,0,1,3.0,0,3,0,0,zero,86
llm_single,shock,3,131,1,1,10.0,10,0,0,0,zero,86
llm_single,shock,3,131,2,1,25.0,25,0,0,0,zero,86
llm_single,shock,3,132,0,1,2.0,2,0,6,6,zero,86
llm_single,shock,3,132,1,1,4.0,4,0,0,0,zero,86
llm_single,shock,3,132,2,1,25.0,25,0,0,0,zero,86
llm_single,shock,3,133,0,2,-0.0,0,0,0,0,zero,86
llm_single,shock,3,133,1,2,5.0,5,0,1,1,zero,86
llm_single,shock,3,133,2,2,24.0,24,0,0,0,zero,86
llm_single,shock,3,134,0,2,2.0,0,2,0,0,zero,86
llm_single,shock,3,134,1,2,6.0,6,0,1,1,zero,86
llm_single,shock,3,134,2,2,23.0,23,0,0,0,zero,86
llm_single,shock,3,135,0,2,4.0,0,4,6,6,zero,86
llm_single,shock,3,135,1,2,-0.0,0,0,0,0,zero,86
llm_single,shock,3,135,2,2,23.0,23,0,0,0,zero,86
llm_single,shock,3,136,0,2,-0.0,0,0,0,0,zero,86
llm_single,shock,3,136,1,2,-0.0,0,0,11,11,zero,86
llm_single,shock,3,136,2,2,12.0,12,0,0,0,zero,86
llm_single,shock,3,137,0,2,2.0,0,2,6,6,zero,86
llm_single,shock,3,137,1,2,5.0,0,5,0,0,zero,86
llm_single,shock,3,137,2,2,12.0,12,0,1,1,zero,86
llm_single,shock,3,138,0,2,4.0,0,4,6,6,zero,86
llm_single,shock,3,138,1,2,10.0,0,10,15,15,zero,86
llm_single,shock,3,138,2,2,3.0,0,3,0,0,zero,86
llm_single,shock,3,139,0,2,-0.0,0,0,6,6,zero,86
llm_single,shock,3,139,1,2,16.0,0,16,11,11,zero,86
llm_single,shock,3,139,2,2,14.0,0,14,20,20,zero,86
llm_single,shock,3,140,0,3,3.0,0,3,6,6,zero,86
llm_single,shock,3,140,1,3,11.0,0,11,15,15,zero,86
llm_single,shock,3,140,2,3,29.0,0,29,20,20,zero,86
llm_single,shock,3,141,0,2,4.0,0,4,2,2,zero,86
llm_single,shock,3,141,1,2,13.0,0,13,18,18,zero,86
llm_single,shock,3,141,2,2,46.0,0,46,20,20,zero,86
llm_single,shock,3,142,0,3,6.0,0,6,6,6,zero,86
llm_single,shock,3,142,1,3,7.0,0,7,11,11,zero,86
llm_single,shock,3,142,2,3,57.0,0,57,20,20,zero,86
llm_single,shock,3,143,0,3,9.0,0,9,0,0,zero,86
llm_single,shock,3,143,1,3,7.0,0,7,18,18,zero,86
llm_single,shock,3,143,2,3,55.0,0,55,20,20,zero,86
llm_single,shock,3,144,0,3,1.0,0,1,6,6,zero,86
llm_single,shock,3,144,1,3,13.0,0,13,3,3,zero,86
llm_single,shock,3,144,2,3,38.0,0,38,20,20,zero,86
llm_single,shock,3,145,0,3,4.0,0,4,6,6,zero,86
llm_single,shock,3,145,1,3,18.0,0,18,0,0,zero,86
llm_single,shock,3,145,2,3,18.0,0,18,1,1,zero,86
llm_single,shock,3,146,0,3,5.0,5,0,6,6,zero,86
llm_single,shock,3,146,1,3,24.0,0,24,0,0,zero,86
llm_single,shock,3,146,2,3,2.0,2,0,0,0,zero,86
llm_single,shock,3,147,0,4,1.0,1,0,19,19,zero,86
llm_single,shock,3,147,1,4,23.0,0,23,0,0,zero,86
llm_single,shock,3,147,2,4,22.0,22,0,0,0,zero,86
llm_single,shock,3,148,0,4,3.0,0,3,9,9,zero,86
llm_single,shock,3,148,1,4,12.0,0,12,18,18,zero,86
llm_single,shock,3,148,2,4,24.0,24,0,0,0,zero,86
llm_single,shock,3,149,0,4,6.0,0,6,2,2,zero,86
llm_single,shock,3,149,1,4,6.0,6,0,18,18,zero,86
llm_single,shock,3,149,2,4,7.0,7,0,16,16,zero,86
llm_single,shock,3,150,0,4,10.0,0,10,0,0,zero,86
llm_single,shock,3,150,1,4,24.0,24,0,0,0,zero,86
llm_single,shock,3,150,2,4,7.0,7,0,20,20,zero,86
llm_single,shock,3,151,0,4,6.0,6,0,0,0,zero,86
llm_single,shock,3,151,1,4,24.0,24,0,0,0,zero,86
llm_single,shock,3,151,2,4,7.0,7,0,3,3,zero,86
llm_single,shock,3,152,0,3,23.0,23,0,6,6,zero,86
llm_single,shock,3,152,1,3,36.0,36,0,0,0,zero,86
llm_single,shock,3,152,2,3,7.0,7,0,0,0,zero,86
llm_single,shock,3,153,0,3,34.0,34,0,0,0,zero,86
llm_single,shock,3,153,1,3,54.0,54,0,0,0,zero,86
llm_single,shock,3,153,2,3,23.0,23,0,0,0,zero,86
llm_single,shock,3,154,0,3,31.0,31,0,0,0,zero,86
llm_single,shock,3,154,1,3,54.0,54,0,0,0,zero,86
llm_single,shock,3,154,2,3,43.0,43,0,0,0,zero,86
llm_single,shock,3,155,0,4,27.0,27,0,0,0,zero,86
llm_single,shock,3,155,1,4,54.0,54,0,0,0,zero,86
llm_single,shock,3,155,2,4,46.0,46,0,0,0,zero,86
llm_single,shock,3,156,0,4,29.0,29,0,0,0,zero,86
llm_single,shock,3,156,1,4,54.0,54,0,0,0,zero,86
llm_single,shock,3,156,2,4,46.0,46,0,0,0,zero,86
llm_single,shock,3,157,0,4,25.0,25,0,0,0,zero,86
llm_single,shock,3,157,1,4,54.0,54,0,0,0,zero,86
llm_single,shock,3,157,2,4,46.0,46,0,0,0,zero,86
llm_single,shock,3,158,0,4,21.0,21,0,2,2,zero,86
llm_single,shock,3,158,1,4,52.0,52,0,0,0,zero,86
llm_single,shock,3,158,2,4,46.0,46,0,0,0,zero,86
llm_single,shock,3,159,0,4,17.0,17,0,2,2,zero,86
llm_single,shock,3,159,1,4,50.0,50,0,0,0,zero,86
llm_single,shock,3,159,2,4,46.0,46,0,0,0,zero,86
llm_single,shock,3,160,0,4,13.0,13,0,2,2,zero,86
llm_single,shock,3,160,1,4,48.0,48,0,0,0,zero,86
llm_single,shock,3,160,2,4,46.0,46,0,0,0,zero,86
llm_single,shock,3,161,0,4,9.0,9,0,2,2,zero,86
llm_single,shock,3,161,1,4,46.0,46,0,0,0,zero,86
llm_single,shock,3,161,2,4,46.0,46,0,0,0,zero,86
llm_single,shock,3,162,0,3,8.0,8,0,4,4,zero,86
llm_single,shock,3,162,1,3,42.0,42,0,1,1,zero,86
llm_single,shock,3,162,2,3,45.0,45,0,0,0,zero,86
llm_single,shock,3,163,0,4,6.0,6,0,2,2,zero,86
llm_single,shock,3,163,1,4,40.0,40,0,1,1,zero,86
llm_single,shock,3,163,2,4,44.0,44,0,0,0,zero,86
llm_single,shock,3,164,0,3,5.0,5,0,9,9,zero,86
llm_single,shock,3,164,1,3,31.0,31,0,1,1,zero,86
llm_single,shock,3,164,2,3,43.0,43,0,0,0,zero,86
llm_single,shock,3,165,0,3,4.0,4,0,2,2,zero,86
llm_single,shock,3,165,1,3,29.0,29,0,1,1,zero,86
llm_single,shock,3,165,2,3,42.0,42,0,0,0,zero,86
llm_single,shock,3,166,0,3,5.0,5,0,0,0,zero,86
llm_single,shock,3,166,1,3,30.0,30,0,1,1,zero,86
llm_single,shock,3,166,2,3,41.0,41,0,0,0,zero,86
llm_single,shock,3,167,0,3,4.0,4,0,0,0,zero,86
llm_single,shock,3,167,1,3,31.0,31,0,1,1,zero,86
llm_single,shock,3,167,2,3,40.0,40,0,0,0,zero,86
llm_single,shock,3,168,0,3,10.0,10,0,2,2,zero,86
llm_single,shock,3,168,1,3,30.0,30,0,0,0,zero,86
llm_single,shock,3,168,2,3,40.0,40,0,0,0,zero,86
llm_single,shock,3,169,0,3,9.0,9,0,2,2,zero,86
llm_single,shock,3,169,1,3,29.0,29,0,0,0,zero,86
llm_single,shock,3,169,2,3,40.0,40,0,0,0,zero,86
llm_single,shock,3,170,0,4,5.0,5,0,2,2,zero,86
llm_single,shock,3,170,1,4,28.0,28,0,0,0,zero,86
llm_single,shock,3,170,2,4,40.0,40,0,0,0,zero,86
llm_single,shock,3,171,0,4,1.0,1,0,9,9,zero,86
llm_single,shock,3,171,1,4,20.0,20,0,1,1,zero,86
llm_single,shock,3,171,2,4,39.0,39,0,0,0,zero,86
llm_single,shock,3,172,0,4,1.0,0,1,2,2,zero,86
llm_single,shock,3,172,1,4,18.0,18,0,1,1,zero,86
llm_single,shock,3,172,2,4,38.0,38,0,0,0,zero,86
llm_single,shock,3,173,0,4,3.0,0,3,2,2,zero,86
llm_single,shock,3,173,1,4,16.0,16,0,1,1,zero,86
llm_single,shock,3,173,2,4,37.0,37,0,0,0,zero,86
llm_single,shock,3,174,0,4,5.0,0,5,6,6,zero,86
llm_single,shock,3,174,1,4,10.0,10,0,1,1,zero,86
llm_single,shock,3,174,2,4,36.0,36,0,0,0,zero,86
llm_single,shock,3,175,0,4,-0.0,0,0,6,6,zero,86
llm_single,shock,3,175,1,4,5.0,5,0,15,15,zero,86
llm_single,shock,3,175,2,4,21.0,21,0,0,0,zero,86
llm_single,shock,3,176,0,4,2.0,0,2,2,2,zero,86
llm_single,shock,3,176,1,4,4.0,4,0,1,1,zero,86
llm_single,shock,3,176,2,4,20.0,20,0,0,0,zero,86
llm_single,shock,3,177,0,4,4.0,0,4,6,6,zero,86
llm_single,shock,3,177,1,4,1.0,0,1,1,1,zero,86
llm_single,shock,3,177,2,4,19.0,19,0,0,0,zero,86
llm_single,shock,3,178,0,4,2.0,0,2,6,6,zero,86
llm_single,shock,3,178,1,4,6.0,0,6,1,1,zero,86
llm_single,shock,3,178,2,4,18.0,18,0,0,0,zero,86
llm_single,shock,3,179,0,4,-0.0,0,0,10,10,zero,86
llm_single,shock,3,179,1,4,1.0,0,1,15,15,zero,86
llm_single,shock,3,179,2,4,3.0,3,0,0,0,zero,86
llm_single,shock,3,180,0,5,3.0,0,3,6,6,zero,86
llm_single,shock,3,180,1,5,6.0,0,6,1,1,zero,86
llm_single,shock,3,180,2,5,2.0,2,0,16,16,zero,86
llm_single,shock,3,181,0,5,3.0,0,3,6,6,zero,86
llm_single,shock,3,181,1,5,11.0,0,11,15,15,zero,86
llm_single,shock,3,181,2,5,13.0,0,13,2,2,zero,86
llm_single,shock,3,182,0,5,7.0,0,7,6,6,zero,86
llm_single,shock,3,182,1,5,16.0,0,16,15,15,zero,86
llm_single,shock,3,182,2,5,28.0,0,28,20,20,zero,86
llm_single,shock,3,183,0,5,3.0,3,0,6,6,zero,86
llm_single,shock,3,183,1,5,7.0,0,7,15,15,zero,86
llm_single,shock,3,183,2,5,43.0,0,43,20,20,zero,86
llm_single,shock,3,184,0,5,1.0,0,1,2,2,zero,86
llm_single,shock,3,184,1,5,8.0,0,8,15,15,zero,86
llm_single,shock,3,184,2,5,42.0,0,42,20,20,zero,86
llm_single,shock,3,185,0,5,5.0,0,5,6,6,zero,86
llm_single,shock,3,185,1,5,12.0,0,12,3,3,zero,86
llm_single,shock,3,185,2,5,43.0,0,43,20,20,zero,86
llm_single,shock,3,186,0,5,9.0,0,9,6,6,zero,86
llm_single,shock,3,186,1,5,18.0,0,18,18,18,zero,86
llm_single,shock,3,186,2,5,41.0,0,41,14,14,zero,86
llm_single,shock,3,187,0,6,-0.0,0,0,6,6,zero,86
llm_single,shock,3,187,1,6,24.0,0,24,3,3,zero,86
llm_single,shock,3,187,2,6,24.0,0,24,20,20,zero,86
llm_single,shock,3,188,0,6,5.0,0,5,19,19,zero,86
llm_single,shock,3,188,1,6,27.0,0,27,0,0,zero,86
llm_single,shock,3,188,2,6,4.0,0,4,16,16,zero,86
llm_single,shock,3,189,0,5,8.0,0,8,10,10,zero,86
llm_single,shock,3,189,1,5,35.0,0,35,18,18,zero,86
llm_single,shock,3,189,2,5,2.0,0,2,0,0,zero,86
llm_single,shock,3,190,0,6,14.0,0,14,10,10,zero,86
llm_single,shock,3,190,1,6,25.0,0,25,0,0,zero,86
llm_single,shock,3,190,2,6,12.0,12,0,16,16,zero,86
llm_single,shock,3,191,0,7,21.0,0,21,6,6,zero,86
llm_single,shock,3,191,1,7,11.0,0,11,18,18,zero,86
llm_single,shock,3,191,2,7,14.0,14,0,1,1,zero,86
llm_single,shock,3,192,0,7,12.0,0,12,2,2,zero,86
llm_single,shock,3,192,1,7,7.0,7,0,0,0,zero,86
llm_single,shock,3,192,2,7,30.0,30,0,16,16,zero,86
llm_single,shock,3,193,0,7,17.0,0,17,0,0,zero,86
llm_single,shock,3,193,1,7,27.0,27,0,0,0,zero,86
llm_single,shock,3,193,2,7,30.0,30,0,0,0,zero,86
llm_single,shock,3,194,0,6,3.0,0,3,6,6,zero,86
llm_single,shock,3,194,1,6,23.0,23,0,0,0,zero,86
llm_single,shock,3,194,2,6,46.0,46,0,0,0,zero,86
llm_single,shock,3,195,0,6,11.0,11,0,6,6,zero,86
llm_single,shock,3,195,1,6,35.0,35,0,0,0,zero,86
llm_single,shock,3,195,2,6,47.0,47,0,0,0,zero,86
llm_single,shock,3,196,0,5,19.0,19,0,6,6,zero,86
llm_single,shock,3,196,1,5,29.0,29,0,1,1,zero,86
llm_single,shock,3,196,2,5,62.0,62,0,0,0,zero,86
llm_single,shock,3,197,0,5,14.0,14,0,2,2,zero,86
llm_single,shock,3,197,1,5,27.0,27,0,15,15,zero,86
llm_single,shock,3,197,2,5,47.0,47,0,0,0,zero,86
llm_single,shock,3,198,0,5,15.0,15,0,2,2,zero,86
llm_single,shock,3,198,1,5,25.0,25,0,1,1,zero,86
llm_single,shock,3,198,2,5,46.0,46,0,0,0,zero,86
llm_single,shock,3,199,0,5,16.0,16,0,2,2,zero,86
llm_single,shock,3,199,1,5,23.0,23,0,1,1,zero,86
llm_single,shock,3,199,2,5,45.0,45,0,0,0,zero,86
llm_single,shock,3,200,0,5,17.0,17,0,2,2,zero,86
llm_single,shock,3,200,1,5,22.0,22,0,0,0,zero,86
llm_single,shock,3,200,2,5,45.0,45,0,0,0,zero,86
llm_iterative,base,0,1,0,10,10.0,10,0,10,10,zero,
llm_iterative,base,0,1,1,10,10.0,10,0,15,15,zero,
llm_iterative,base,0,1,2,10,5.0,5,0,0,0,zero,
llm_iterative,base,0,2,0,9,11.0,11,0,10,10,zero,
llm_iterative,base,0,2,1,9,10.0,10,0,1,1,zero,
llm_iterative,base,0,2,2,9,14.0,14,0,20,20,zero,
llm_iterative,base,0,3,0,9,12.0,12,0,6,6,zero,
llm_iterative,base,0,3,1,9,14.0,14,0,15,15,zero,
llm_iterative,base,0,3,2,9,9.0,9,0,3,3,zero,
llm_iterative,base,0,4,0,9,13.0,13,0,10,10,zero,
llm_iterative,base,0,4,1,9,14.0,14,0,1,1,zero,
llm_iterative,base,0,4,2,9,18.0,18,0,20,20,zero,
llm_iterative,base,0,5,0,8,15.0,15,0,6,6,zero,
llm_iterative,base,0,5,1,8,23.0,23,0,15,15,zero,
llm_iterative,base,0,5,2,8,3.0,3,0,0,0,zero,
llm_iterative,base,0,6,0,7,18.0,18,0,9,9,zero,
llm_iterative,base,0,6,1,7,15.0,15,0,1,1,zero,
llm_iterative,base,0,6,2,7,22.0,22,0,16,16,zero,
llm_iterative,base,0,7,0,7,17.0,17,0,4,4,zero,
llm_iterative,base,0,7,1,7,26.0,26,0,1,1,zero,
llm_iterative,base,0,7,2,7,24.0,24,0,0,0,zero,
llm_iterative,base,0,8,0,8,19.0,19,0,4,4,zero,
llm_iterative,base,0,8,1,8,23.0,23,0,1,1,zero,
llm_iterative,base,0,8,2,8,43.0,43,0,0,0,zero,
llm_iterative,base,0,9,0,7,18.0,18,0,6,6,zero,
llm_iterative,base,0,9,1,7,32.0,32,0,1,1,zero,
llm_iterative,base,0,9,2,7,42.0,42,0,0,0,zero,
llm_iterative,base,0,10,0,7,20.0,20,0,4,4,zero,
llm_iterative,base,0,10,1,7,29.0,29,0,1,1,zero,
llm_iterative,base,0,10,2,7,57.0,57,0,0,0,zero,
llm_iterative,base,0,11,0,7,17.0,17,0,4,4,zero,
llm_iterative,base,0,11,1,7,26.0,26,0,1,1,zero,
llm_iterative,base,0,11,2,7,56.0,56,0,0,0,zero,
llm_iterative,base,0,12,0,7,14.0,14,0,4,4,zero,
llm_iterative,base,0,12,1,7,23.0,23,0,1,1,zero,
llm_iterative,base,0,12,2,7,55.0,55,0,0,0,zero,
llm_iterative,base,0,13,0,8,12.0,12,0,9,9,zero,
llm_iterative,base,0,13,1,8,15.0,15,0,1,1,zero,
llm_iterative,base,0,13,2,8,54.0,54,0,0,0,zero,
llm_iterative,base,0,14,0,8,8.0,8,0,9,9,zero,
llm_iterative,base,0,14,1,8,7.0,7,0,15,15,zero,
llm_iterative,base,0,14,2,8,39.0,39,0,0,0,zero,
llm_iterative,base,0,15,0,9,3.0,3,0,9,9,zero,
llm_iterative,base,0,15,1,9,1.0,0,1,11,11,zero,
llm_iterative,base,0,15,2,9,28.0,28,0,0,0,zero,
llm_iterative,base,0,16,0,8,1.0,0,1,9,9,zero,
llm_iterative,base,0,16,1,8,9.0,0,9,15,15,zero,
llm_iterative,base,0,16,2,8,13.0,13,0,16,16,zero,
llm_iterative,base,0,17,0,8,-0.0,0,0,10,10,zero,
llm_iterative,base,0,17,1,8,18.0,0,18,3,3,zero,
llm_iterative,base,0,17,2,8,10.0,10,0,20,20,zero,
llm_iterative,base,0,18,0,8,1.0,1,0,10,10,zero,
llm_iterative,base,0,18,1,8,13.0,0,13,15,15,zero,
llm_iterative,base,0,18,2,8,5.0,0,5,0,0,zero,
llm_iterative,base,0,19,0,9,-0.0,0,0,6,6,zero,
llm_iterative,base,0,19,1,9,8.0,0,8,18,18,zero,
llm_iterative,base,0,19,2,9,23.0,0,23,20,20,zero,
llm_iterative,base,0,20,0,9,8.0,0,8,10,10,zero,
llm_iterative,base,0,20,1,9,3.0,0,3,18,18,zero,
llm_iterative,base,0,20,2,9,25.0,0,25,20,20,zero,
llm_iterative,base,0,21,0,8,15.0,0,15,6,6,zero,
llm_iterative,base,0,21,1,8,6.0,0,6,18,18,zero,
llm_iterative,base,0,21,2,8,23.0,0,23,20,20,zero,
llm_iterative,base,0,22,0,10,10.0,0,10,10,10,zero,
llm_iterative,base,0,22,1,10,6.0,0,6,3,3,zero,
llm_iterative,base,0,22,2,10,26.0,0,26,20,20,zero,
llm_iterative,base,0,23,0,10,9.0,0,9,10,10,zero,
llm_iterative,base,0,23,1,10,16.0,0,16,18,18,zero,
llm_iterative,base,0,23,2,10,24.0,0,24,0,0,zero,
llm_iterative,base,0,24,0,9,3.0,0,3,19,19,zero,
llm_iterative,base,0,24,1,9,19.0,0,19,3,3,zero,
llm_iterative,base,0,24,2,9,7.0,0,7,20,20,zero,
llm_iterative,base,0,25,0,8,8.0,0,8,10,10,zero,
llm_iterative,base,0,25,1,8,9.0,0,9,18,18,zero,
llm_iterative,base,0,25,2,8,5.0,0,5,16,16,zero,
llm_iterative,base,0,26,0,8,6.0,0,6,2,2,zero,
llm_iterative,base,0,26,1,8,11.0,0,11,3,3,zero,
llm_iterative,base,0,26,2,8,12.0,12,0,20,20,zero,
llm_iterative,base,0,27,0,8,14.0,0,14,6,6,zero,
llm_iterative,base,0,27,1,8,3.0,3,0,0,0,zero,
llm_iterative,base,0,27,2,8,12.0,12,0,3,3,zero,
llm_iterative,base,0,28,0,7,5.0,0,5,6,6,zero,
llm_iterative,base,0,28,1,7,17.0,17,0,12,12,zero,
llm_iterative,base,0,28,2,7,20.0,20,0,0,0,zero,
llm_iterative,base,0,29,0,7,8.0,8,0,6,6,zero,
llm_iterative,base,0,29,1,7,31.0,31,0,0,0,zero,
llm_iterative,base,0,29,2,7,36.0,36,0,0,0,zero,
llm_iterative,base,0,30,0,6,2.0,2,0,2,2,zero,
llm_iterative,base,0,30,1,6,37.0,37,0,12,12,zero,
llm_iterative,base,0,30,2,6,44.0,44,0,0,0,zero,
llm_iterative,base,0,31,0,7,12.0,12,0,6,6,zero,
llm_iterative,base,0,31,1,7,31.0,31,0,0,0,zero,
llm_iterative,base,0,31,2,7,47.0,47,0,1,1,zero,
llm_iterative,base,0,32,0,7,11.0,11,0,6,6,zero,
llm_iterative,base,0,32,1,7,37.0,37,0,1,1,zero,
llm_iterative,base,0,32,2,7,46.0,46,0,0,0,zero,
llm_iterative,base,0,33,0,8,9.0,9,0,9,9,zero,
llm_iterative,base,0,33,1,8,28.0,28,0,1,1,zero,
llm_iterative,base,0,33,2,8,45.0,45,0,0,0,zero,
llm_iterative,base,0,34,0,9,2.0,2,0,9,9,zero,
llm_iterative,base,0,34,1,9,31.0,31,0,15,15,zero,
llm_iterative,base,0,34,2,9,30.0,30,0,0,0,zero,
llm_iterative,base,0,35,0,9,1.0,0,1,9,9,zero,
llm_iterative,base,0,35,1,9,22.0,22,0,15,15,zero,
llm_iterative,base,0,35,2,9,16.0,16,0,1,1,zero,
llm_iterative,base,0,36,0,9,4.0,0,4,9,9,zero,
llm_iterative,base,0,36,1,9,14.0,14,0,1,1,zero,
llm_iterative,base,0,36,2,9,15.0,15,0,20,20,zero,
llm_iterative,base,0,37,0,8,3.0,0,3,10,10,zero,
llm_iterative,base,0,37,1,8,5.0,5,0,11,11,zero,
llm_iterative,base,0,37,2,8,4.0,4,0,3,3,zero,
llm_iterative,base,0,38,0,8,2.0,0,2,6,6,zero,
llm_iterative,base,0,38,1,8,14.0,14,0,15,15,zero,
llm_iterative,base,0,38,2,8,11.0,0,11,20,20,zero,
llm_iterative,base,0,39,0,8,1.0,0,1,10,10,zero,
llm_iterative,base,0,39,1,8,19.0,19,0,11,11,zero,
llm_iterative,base,0,39,2,8,21.0,0,21,20,20,zero,
llm_iterative,base,0,40,0,9,1.0,0,1,6,6,zero,
llm_iterative,base,0,40,1,9,14.0,14,0,15,15,zero,
llm_iterative,base,0,40,2,9,16.0,0,16,20,20,zero,
llm_iterative,base,0,41,0,10,1.0,0,1,19,19,zero,
llm_iterative,base,0,41,1,10,6.0,6,0,1,1,zero,
llm_iterative,base,0,41,2,10,14.0,0,14,16,16,zero,
llm_iterative,base,0,42,0,10,5.0,0,5,6,6,zero,
llm_iterative,base,0,42,1,10,4.0,4,0,15,15,zero,
llm_iterative,base,0,42,2,10,9.0,0,9,0,0,zero,
llm_iterative,base,0,43,0,9,4.0,0,4,10,10,zero,
llm_iterative,base,0,43,1,9,5.0,0,5,3,3,zero,
llm_iterative,base,0,43,2,9,8.0,8,0,16,16,zero,
llm_iterative,base,0,44,0,7,5.0,0,5,10,10,zero,
llm_iterative,base,0,44,1,7,5.0,5,0,15,15,zero,
llm_iterative,base,0,44,2,7,13.0,13,0,1,1,zero,
llm_iterative,base,0,45,0,8,6.0,6,0,6,6,zero,
llm_iterative,base,0,45,1,8,2.0,2,0,3,3,zero,
llm_iterative,base,0,45,2,8,26.0,26,0,16,16,zero,
llm_iterative,base,0,46,0,7,5.0,5,0,10,10,zero,
llm_iterative,base,0,46,1,7,12.0,12,0,5,5,zero,
llm_iterative,base,0,46,2,7,21.0,21,0,0,0,zero,
llm_iterative,base,0,47,0,7,3.0,3,0,6,6,zero,
llm_iterative,base,0,47,1,7,18.0,18,0,15,15,zero,
llm_iterative,base,0,47,2,7,22.0,22,0,0,0,zero,
llm_iterative,base,0,48,0,7,11.0,11,0,6,6,zero,
llm_iterative,base,0,48,1,7,27.0,27,0,3,3,zero,
llm_iterative,base,0,48,2,7,20.0,20,0,16,16,zero,
llm_iterative,base,0,49,0,7,10.0,10,0,6,6,zero,
llm_iterative,base,0,49,1,7,24.0,24,0,1,1,zero,
llm_iterative,base,0,49,2,7,35.0,35,0,3,3,zero,
llm_iterative,base,0,50,0,8,12.0,12,0,6,6,zero,
llm_iterative,base,0,50,1,8,23.0,23,0,1,1,zero,
llm_iterative,base,0,50,2,8,34.0,34,0,0,0,zero,
llm_iterative,base,0,51,0,8,10.0,10,0,10,10,zero,
llm_iterative,base,0,51,1,8,28.0,28,0,1,1,zero,
llm_iterative,base,0,51,2,8,33.0,33,0,0,0,zero,
llm_iterative,base,0,52,0,8,8.0,8,0,9,9,zero,
llm_iterative,base,0,52,1,8,22.0,22,0,15,15,zero,
llm_iterative,base,0,52,2,8,34.0,34,0,0,0,zero,
llm_iterative,base,0,53,0,8,6.0,6,0,9,9,zero,
llm_iterative,base,0,53,1,8,14.0,14,0,15,15,zero,
llm_iterative,base,0,53,2,8,22.0,22,0,1,1,zero,
llm_iterative,base,0,54,0,8,4.0,4,0,2,2,zero,
llm_iterative,base,0,54,1,8,13.0,13,0,15,15,zero,
llm_iterative,base,0,54,2,8,7.0,7,0,20,20,zero,
llm_iterative,base,0,55,0,9,5.0,5,0,6,6,zero,
llm_iterative,base,0,55,1,9,8.0,8,0,0,0,zero,
llm_iterative,base,0,55,2,9,7.0,7,0,20,20,zero,
llm_iterative,base,0,56,0,8,6.0,6,0,10,10,zero,
llm_iterative,base,0,56,1,8,13.0,13,0,1,1,zero,
llm_iterative,base,0,56,2,8,6.0,6,0,0,0,zero,
llm_iterative,base,0,57,0,8,7.0,7,0,9,9,zero,
llm_iterative,base,0,57,1,8,19.0,19,0,12,12,zero,
llm_iterative,base,0,57,2,8,5.0,0,5,0,0,zero,
llm_iterative,base,0,58,0,6,3.0,3,0,9,9,zero,
llm_iterative,base,0,58,1,6,25.0,25,0,15,15,zero,
llm_iterative,base,0,58,2,6,-0.0,0,0,0,0,zero,
llm_iterative,base,0,59,0,6,3.0,3,0,2,2,zero,
llm_iterative,base,0,59,1,6,23.0,23,0,15,15,zero,
llm_iterative,base,0,59,2,6,5.0,5,0,20,20,zero,
llm_iterative,base,0,60,0,6,7.0,7,0,6,6,zero,
llm_iterative,base,0,60,1,6,18.0,18,0,0,0,zero,
llm_iterative,base,0,60,2,6,5.0,5,0,20,20,zero,
llm_iterative,base,0,61,0,5,11.0,11,0,6,6,zero,
llm_iterative,base,0,61,1,5,19.0,19,0,0,0,zero,
llm_iterative,base,0,61,2,5,5.0,5,0,0,0,zero,
llm_iterative,base,0,62,0,5,15.0,15,0,2,2,zero,
llm_iterative,base,0,62,1,5,37.0,37,0,1,1,zero,
llm_iterative,base,0,62,2,5,4.0,4,0,0,0,zero,
llm_iterative,base,0,63,0,5,12.0,12,0,2,2,zero,
llm_iterative,base,0,63,1,5,50.0,50,0,0,0,zero,
llm_iterative,base,0,63,2,5,24.0,24,0,0,0,zero,
llm_iterative,base,0,64,0,5,13.0,13,0,2,2,zero,
llm_iterative,base,0,64,1,5,48.0,48,0,0,0,zero,
llm_iterative,base,0,64,2,5,44.0,44,0,0,0,zero,
llm_iterative,base,0,65,0,5,14.0,14,0,6,6,zero,
llm_iterative,base,0,65,1,5,42.0,42,0,0,0,zero,
llm_iterative,base,0,65,2,5,44.0,44,0,0,0,zero,
llm_iterative,base,0,66,0,5,11.0,11,0,2,2,zero,
llm_iterative,base,0,66,1,5,41.0,41,0,1,1,zero,
llm_iterative,base,0,66,2,5,43.0,43,0,0,0,zero,
llm_iterative,base,0,67,0,4,9.0,9,0,9,9,zero,
llm_iterative,base,0,67,1,4,32.0,32,0,1,1,zero,
llm_iterative,base,0,67,2,4,42.0,42,0,0,0,zero,
llm_iterative,base,0,68,0,5,6.0,6,0,3,3,zero,
llm_iterative,base,0,68,1,5,29.0,29,0,1,1,zero,
llm_iterative,base,0,68,2,5,41.0,41,0,0,0,zero,
llm_iterative,base,0,69,0,6,6.0,6,0,3,3,zero,
llm_iterative,base,0,69,1,6,26.0,26,0,1,1,zero,
llm_iterative,base,0,69,2,6,40.0,40,0,0,0,zero,
llm_iterative,base,0,70,0,6,2.0,2,0,6,6,zero,
llm_iterative,base,0,70,1,6,21.0,21,0,1,1,zero,
llm_iterative,base,0,70,2,6,39.0,39,0,0,0,zero,
llm_iterative,base,0,71,0,6,5.0,5,0,6,6,zero,
llm_iterative,base,0,71,1,6,16.0,16,0,15,15,zero,
llm_iterative,base,0,71,2,6,24.0,24,0,0,0,zero,
llm_iterative,base,0,72,0,5,3.0,3,0,9,9,zero,
llm_iterative,base,0,72,1,5,8.0,8,0,1,1,zero,
llm_iterative,base,0,72,2,5,23.0,23,0,0,0,zero,
llm_iterative,base,0,73,0,6,-0.0,0,0,2,2,zero,
llm_iterative,base,0,73,1,6,7.0,7,0,15,15,zero,
llm_iterative,base,0,73,2,6,8.0,8,0,0,0,zero,
llm_iterative,base,0,74,0,6,-0.0,0,0,6,6,zero,
llm_iterative,base,0,74,1,6,2.0,2,0,1,1,zero,
llm_iterative,base,0,74,2,6,7.0,7,0,20,20,zero,
llm_iterative,base,0,75,0,7,1.0,0,1,6,6,zero,
llm_iterative,base,0,75,1,7,11.0,11,0,1,1,zero,
llm_iterative,base,0,75,2,7,6.0,6,0,3,3,zero,
llm_iterative,base,0,76,0,7,1.0,1,0,10,10,zero,
llm_iterative,base,0,76,1,7,2.0,2,0,1,1,zero,
llm_iterative,base,0,76,2,7,5.0,5,0,0,0,zero,
llm_iterative,base,0,77,0,7,4.0,0,4,6,6,zero,
llm_iterative,base,0,77,1,7,11.0,11,0,15,15,zero,
llm_iterative,base,0,77,2,7,10.0,0,10,0,0,zero,
llm_iterative,base,0,78,0,6,4.0,0,4,10,10,zero,
llm_iterative,base,0,78,1,6,2.0,2,0,15,15,zero,
llm_iterative,base,0,78,2,6,5.0,0,5,2,2,zero,
llm_iterative,base,0,79,0,6,4.0,0,4,6,6,zero,
llm_iterative,base,0,79,1,6,3.0,0,3,3,3,zero,
llm_iterative,base,0,79,2,6,5.0,0,5,20,20,zero,
llm_iterative,base,0,80,0,7,1.0,0,1,6,6,zero,
llm_iterative,base,0,80,1,7,8.0,0,8,15,15,zero,
llm_iterative,base,0,80,2,7,20.0,0,20,20,20,zero,
llm_iterative,base,0,81,0,8,3.0,0,3,10,10,zero,
llm_iterative,base,0,81,1,8,13.0,0,13,3,3,zero,
llm_iterative,base,0,81,2,8,23.0,0,23,20,20,zero,
llm_iterative,base,0,82,0,8,1.0,0,1,10,10,zero,
llm_iterative,base,0,82,1,8,3.0,0,3,15,15,zero,
llm_iterative,base,0,82,2,8,36.0,0,36,0,0,zero,
llm_iterative,base,0,83,0,7,5.0,0,5,6,6,zero,
llm_iterative,base,0,83,1,7,6.0,0,6,15,15,zero,
llm_iterative,base,0,83,2,7,31.0,0,31,20,20,zero,
llm_iterative,base,0,84,0,6,10.0,0,10,10,10,zero,
llm_iterative,base,0,84,1,6,16.0,0,16,3,3,zero,
llm_iterative,base,0,84,2,6,14.0,0,14,20,20,zero,
llm_iterative,base,0,85,0,6,11.0,0,11,6,6,zero,
llm_iterative,base,0,85,1,6,22.0,0,22,3,3,zero,
llm_iterative,base,0,85,2,6,3.0,3,0,0,0,zero,
llm_iterative,base,0,86,0,6,3.0,3,0,6,6,zero,
llm_iterative,base,0,86,1,6,26.0,0,26,0,0,zero,
llm_iterative,base,0,86,2,6,3.0,3,0,0,0,zero,
llm_iterative,base,0,87,0,6,-0.0,0,0,19,19,zero,
llm_iterative,base,0,87,1,6,25.0,0,25,0,0,zero,
llm_iterative,base,0,87,2,6,23.0,23,0,0,0,zero,
llm_iterative,base,0,88,0,6,6.0,0,6,9,9,zero,
llm_iterative,base,0,88,1,6,14.0,0,14,18,18,zero,
llm_iterative,base,0,88,2,6,25.0,25,0,0,0,zero,
llm_iterative,base,0,89,0,5,11.0,0,11,2,2,zero,
llm_iterative,base,0,89,1,5,1.0,1,0,18,18,zero,
llm_iterative,base,0,89,2,5,7.0,7,0,16,16,zero,
llm_iterative,base,0,90,0,5,14.0,0,14,0,0,zero,
llm_iterative,base,0,90,1,5,1.0,1,0,0,0,zero,
llm_iterative,base,0,90,2,5,7.0,7,0,20,20,zero,
llm_iterative,base,0,91,0,5,1.0,1,0,6,6,zero,
llm_iterative,base,0,91,1,5,5.0,0,5,0,0,zero,
llm_iterative,base,0,91,2,5,7.0,7,0,0,0,zero,
llm_iterative,base,0,92,0,5,16.0,16,0,6,6,zero,
llm_iterative,base,0,92,1,5,7.0,7,0,12,12,zero,
llm_iterative,base,0,92,2,5,5.0,0,5,0,0,zero,
llm_iterative,base,0,93,0,5,27.0,27,0,0,0,zero,
llm_iterative,base,0,93,1,5,25.0,25,0,12,12,zero,
llm_iterative,base,0,93,2,5,1.0,0,1,0,0,zero,
llm_iterative,base,0,94,0,5,22.0,22,0,0,0,zero,
llm_iterative,base,0,94,1,5,25.0,25,0,0,0,zero,
llm_iterative,base,0,94,2,5,19.0,19,0,20,20,zero,
llm_iterative,base,0,95,0,5,18.0,18,0,2,2,zero,
llm_iterative,base,0,95,1,5,23.0,23,0,0,0,zero,
llm_iterative,base,0,95,2,5,19.0,19,0,0,0,zero,
llm_iterative,base,0,96,0,7,22.0,22,0,2,2,zero,
llm_iterative,base,0,96,1,7,28.0,28,0,0,0,zero,
llm_iterative,base,0,96,2,7,19.0,19,0,0,0,zero,
llm_iterative,base,0,97,0,7,15.0,15,0,9,9,zero,
llm_iterative,base,0,97,1,7,35.0,35,0,0,0,zero,
llm_iterative,base,0,97,2,7,19.0,19,0,0,0,zero,
llm_iterative,base,0,98,0,7,8.0,8,0,3,3,zero,
llm_iterative,base,0,98,1,7,33.0,33,0,1,1,zero,
llm_iterative,base,0,98,2,7,38.0,38,0,0,0,zero,
llm_iterative,base,0,99,0,8,2.0,2,0,9,9,zero,
llm_iterative,base,0,99,1,8,24.0,24,0,1,1,zero,
llm_iterative,base,0,99,2,8,37.0,37,0,0,0,zero,
llm_iterative,base,0,100,0,8,4.0,0,4,9,9,zero,
llm_iterative,base,0,100,1,8,15.0,15,0,15,15,zero,
llm_iterative,base,0,100,2,8,22.0,22,0,0,0,zero,
llm_iterative,base,0,101,0,8,3.0,0,3,9,9,zero,
llm_iterative,base,0,101,1,8,6.0,6,0,15,15,zero,
llm_iterative,base,0,101,2,8,7.0,7,0,1,1,zero,
llm_iterative,base,0,102,0,7,7.0,0,7,9,9,zero,
llm_iterative,base,0,102,1,7,2.0,0,2,11,11,zero,
llm_iterative,base,0,102,2,7,4.0,0,4,20,20,zero,
llm_iterative,base,0,103,0,7,5.0,0,5,10,10,zero,
llm_iterative,base,0,103,1,7,11.0,0,11,15,15,zero,
llm_iterative,base,0,103,2,7,19.0,0,19,20,20,zero,
llm_iterative,base,0,104,0,8,4.0,0,4,10,10,zero,
llm_iterative,base,0,104,1,8,6.0,0,6,15,15,zero,
llm_iterative,base,0,104,2,8,34.0,0,34,20,20,zero,
llm_iterative,base,0,105,0,7,2.0,0,2,6,6,zero,
llm_iterative,base,0,105,1,7,3.0,3,0,15,15,zero,
llm_iterative,base,0,105,2,7,48.0,0,48,20,20,zero,
llm_iterative,base,0,106,0,5,-0.0,0,0,6,6,zero,
llm_iterative,base,0,106,1,5,4.0,4,0,15,15,zero,
llm_iterative,base,0,106,2,5,43.0,0,43,20,20,zero,
llm_iterative,base,0,107,0,5,4.0,0,4,2,2,zero,
llm_iterative,base,0,107,1,5,2.0,2,0,3,3,zero,
llm_iterative,base,0,107,2,5,26.0,0,26,20,20,zero,
llm_iterative,base,0,108,0,6,5.0,5,0,6,6,zero,
llm_iterative,base,0,108,1,6,4.0,0,4,0,0,zero,
llm_iterative,base,0,108,2,6,6.0,0,6,0,0,zero,
llm_iterative,base,0,109,0,6,11.0,11,0,6,6,zero,
llm_iterative,base,0,109,1,6,9.0,0,9,0,0,zero,
llm_iterative,base,0,109,2,6,14.0,14,0,0,0,zero,
llm_iterative,base,0,110,0,7,10.0,10,0,19,19,zero,
llm_iterative,base,0,110,1,7,8.0,0,8,0,0,zero,
llm_iterative,base,0,110,2,7,34.0,34,0,0,0,zero,
llm_iterative,base,0,111,0,7,5.0,5,0,9,9,zero,
llm_iterative,base,0,111,1,7,3.0,3,0,18,18,zero,
llm_iterative,base,0,111,2,7,36.0,36,0,0,0,zero,
llm_iterative,base,0,112,0,7,-0.0,0,0,2,2,zero,
llm_iterative,base,0,112,1,7,21.0,21,0,18,18,zero,
llm_iterative,base,0,112,2,7,18.0,18,0,16,16,zero,
llm_iterative,base,0,113,0,6,5.0,0,5,2,2,zero,
llm_iterative,base,0,113,1,6,25.0,25,0,0,0,zero,
llm_iterative,base,0,113,2,6,18.0,18,0,20,20,zero,
llm_iterative,base,0,114,0,7,8.0,8,0,6,6,zero,
llm_iterative,base,0,114,1,7,19.0,19,0,0,0,zero,
llm_iterative,base,0,114,2,7,18.0,18,0,0,0,zero,
llm_iterative,base,0,115,0,7,18.0,18,0,6,6,zero,
llm_iterative,base,0,115,1,7,31.0,31,0,1,1,zero,
llm_iterative,base,0,115,2,7,17.0,17,0,0,0,zero,
llm_iterative,base,0,116,0,6,14.0,14,0,9,9,zero,
llm_iterative,base,0,116,1,6,40.0,40,0,1,1,zero,
llm_iterative,base,0,116,2,6,32.0,32,0,0,0,zero,
llm_iterative,base,0,117,0,7,9.0,9,0,2,2,zero,
llm_iterative,base,0,117,1,7,38.0,38,0,12,12,zero,
llm_iterative,base,0,117,2,7,40.0,40,0,0,0,zero,
llm_iterative,base,0,118,0,7,8.0,8,0,9,9,zero,
llm_iterative,base,0,118,1,7,29.0,29,0,1,1,zero,
llm_iterative,base,0,118,2,7,39.0,39,0,0,0,zero,
llm_iterative,base,0,119,0,7,7.0,7,0,6,6,zero,
llm_iterative,base,0,119,1,7,24.0,24,0,15,15,zero,
llm_iterative,base,0,119,2,7,24.0,24,0,0,0,zero,
llm_iterative,base,0,120,0,6,10.0,10,0,9,9,zero,
llm_iterative,base,0,120,1,6,16.0,16,0,1,1,zero,
llm_iterative,base,0,120,2,6,23.0,23,0,16,16,zero,
llm_iterative,base,0,121,0,6,6.0,6,0,2,2,zero,
llm_iterative,base,0,121,1,6,26.0,26,0,1,1,zero,
llm_iterative,base,0,121,2,6,22.0,22,0,0,0,zero,
llm_iterative,base,0,122,0,6,9.0,9,0,6,6,zero,
llm_iterative,base,0,122,1,6,21.0,21,0,1,1,zero,
llm_iterative,base,0,122,2,6,21.0,21,0,0,0,zero,
llm_iterative,base,0,123,0,6,9.0,9,0,6,6,zero,
llm_iterative,base,0,123,1,6,30.0,30,0,1,1,zero,
llm_iterative,base,0,123,2,6,20.0,20,0,0,0,zero,
llm_iterative,base,0,124,0,7,11.0,11,0,2,2,zero,
llm_iterative,base,0,124,1,7,29.0,29,0,1,1,zero,
llm_iterative,base,0,124,2,7,35.0,35,0,0,0,zero,
llm_iterative,base,0,125,0,8,5.0,5,0,9,9,zero,
llm_iterative,base,0,125,1,8,21.0,21,0,1,1,zero,
llm_iterative,base,0,125,2,8,34.0,34,0,0,0,zero,
llm_iterative,base,0,126,0,7,4.0,4,0,9,9,zero,
llm_iterative,base,0,126,1,7,13.0,13,0,15,15,zero,
llm_iterative,base,0,126,2,7,19.0,19,0,0,0,zero,
llm_iterative,base,0,127,0,8,2.0,2,0,9,9,zero,
llm_iterative,base,0,127,1,8,5.0,5,0,11,11,zero,
llm_iterative,base,0,127,2,8,8.0,8,0,1,1,zero,
llm_iterative,base,0,128,0,7,3.0,0,3,9,9,zero,
llm_iterative,base,0,128,1,7,3.0,0,3,15,15,zero,
llm_iterative,base,0,128,2,7,7.0,0,7,20,20,zero,
llm_iterative,base,0,129,0,8,2.0,0,2,6,6,zero,
llm_iterative,base,0,129,1,8,8.0,0,8,15,15,zero,
llm_iterative,base,0,129,2,8,22.0,0,22,20,20,zero,
llm_iterative,base,0,130,0,7,-0.0,0,0,10,10,zero,
llm_iterative,base,0,130,1,7,3.0,0,3,15,15,zero,
llm_iterative,base,0,130,2,7,37.0,0,37,20,20,zero,
llm_iterative,base,0,131,0,6,3.0,3,0,6,6,zero,
llm_iterative,base,0,131,1,6,2.0,2,0,15,15,zero,
llm_iterative,base,0,131,2,6,51.0,0,51,20,20,zero,
llm_iterative,base,0,132,0,6,3.0,3,0,2,2,zero,
llm_iterative,base,0,132,1,6,8.0,8,0,15,15,zero,
llm_iterative,base,0,132,2,6,46.0,0,46,20,20,zero,
llm_iterative,base,0,133,0,5,1.0,0,1,6,6,zero,
llm_iterative,base,0,133,1,5,2.0,2,0,3,3,zero,
llm_iterative,base,0,133,2,5,29.0,0,29,20,20,zero,
llm_iterative,base,0,134,0,7,7.0,7,0,6,6,zero,
llm_iterative,base,0,134,1,7,4.0,0,4,0,0,zero,
llm_iterative,base,0,134,2,7,9.0,0,9,0,0,zero,
llm_iterative,base,0,135,0,6,10.0,10,0,19,19,zero,
llm_iterative,base,0,135,1,6,22.0,0,22,0,0,zero,
llm_iterative,base,0,135,2,6,11.0,11,0,0,0,zero,
llm_iterative,base,0,136,0,6,6.0,6,0,19,19,zero,
llm_iterative,base,0,136,1,6,21.0,0,21,12,12,zero,
llm_iterative,base,0,136,2,6,19.0,19,0,0,0,zero,
llm_iterative,base,0,137,0,7,5.0,5,0,9,9,zero,
llm_iterative,base,0,137,1,7,10.0,0,10,18,18,zero,
llm_iterative,base,0,137,2,7,21.0,21,0,1,1,zero,
llm_iterative,base,0,138,0,7,-0.0,0,0,2,2,zero,
llm_iterative,base,0,138,1,7,8.0,8,0,18,18,zero,
llm_iterative,base,0,138,2,7,3.0,3,0,20,20,zero,
llm_iterative,base,0,139,0,6,5.0,0,5,0,0,zero,
llm_iterative,base,0,139,1,6,17.0,17,0,0,0,zero,
llm_iterative,base,0,139,2,6,3.0,3,0,20,20,zero,
llm_iterative,base,0,140,0,6,9.0,9,0,2,2,zero,
llm_iterative,base,0,140,1,6,27.0,27,0,0,0,zero,
llm_iterative,base,0,140,2,6,3.0,3,0,0,0,zero,
llm_iterative,base,0,141,0,5,24.0,24,0,6,6,zero,
llm_iterative,base,0,141,1,5,39.0,39,0,0,0,zero,
llm_iterative,base,0,141,2,5,4.0,4,0,0,0,zero,
llm_iterative,base,0,142,0,5,31.0,31,0,0,0,zero,
llm_iterative,base,0,142,1,5,57.0,57,0,0,0,zero,
llm_iterative,base,0,142,2,5,24.0,24,0,0,0,zero,
llm_iterative,base,0,143,0,5,26.0,26,0,0,0,zero,
llm_iterative,base,0,143,1,5,57.0,57,0,0,0,zero,
llm_iterative,base,0,143,2,5,44.0,44,0,0,0,zero,
llm_iterative,base,0,144,0,4,24.0,24,0,2,2,zero,
llm_iterative,base,0,144,1,4,55.0,55,0,0,0,zero,
llm_iterative,base,0,144,2,4,44.0,44,0,0,0,zero,
llm_iterative,base,0,145,0,4,26.0,26,0,0,0,zero,
llm_iterative,base,0,145,1,4,55.0,55,0,0,0,zero,
llm_iterative,base,0,145,2,4,44.0,44,0,0,0,zero,
llm_iterative,base,0,146,0,4,22.0,22,0,0,0,zero,
llm_iterative,base,0,146,1,4,55.0,55,0,0,0,zero,
llm_iterative,base,0,146,2,4,44.0,44,0,0,0,zero,
llm_iterative,base,0,147,0,3,19.0,19,0,2,2,zero,
llm_iterative,base,0,147,1,3,53.0,53,0,0,0,zero,
llm_iterative,base,0,147,2,3,44.0,44,0,0,0,zero,
llm_iterative,base,0,148,0,4,17.0,17,0,0,0,zero,
llm_iterative,base,0,148,1,4,53.0,53,0,0,0,zero,
llm_iterative,base,0,148,2,4,44.0,44,0,0,0,zero,
llm_iterative,base,0,149,0,4,13.0,13,0,2,2,zero,
llm_iterative,base,0,149,1,4,51.0,51,0,0,0,zero,
llm_iterative,base,0,149,2,4,44.0,44,0,0,0,zero,
llm_iterative,base,0,150,0,4,9.0,9,0,2,2,zero,
llm_iterative,base,0,150,1,4,49.0,49,0,0,0,zero,
llm_iterative,base,0,150,2,4,44.0,44,0,0,0,zero,
llm_iterative,base,0,151,0,4,7.0,7,0,9,9,zero,
llm_iterative,base,0,151,1,4,40.0,40,0,0,0,zero,
llm_iterative,base,0,151,2,4,44.0,44,0,0,0,zero,
llm_iterative,base,0,152,0,5,2.0,2,0,3,3,zero,
llm_iterative,base,0,152,1,5,37.0,37,0,1,1,zero,
llm_iterative,base,0,152,2,5,43.0,43,0,0,0,zero,
llm_iterative,base,0,153,0,4,-0.0,0,0,9,9,zero,
llm_iterative,base,0,153,1,4,28.0,28,0,1,1,zero,
llm_iterative,base,0,153,2,4,42.0,42,0,0,0,zero,
llm_iterative,base,0,154,0,4,2.0,0,2,2,2,zero,
llm_iterative,base,0,154,1,4,26.0,26,0,11,11,zero,
llm_iterative,base,0,154,2,4,31.0,31,0,0,0,zero,
llm_iterative,base,0,155,0,4,3.0,3,0,2,2,zero,
llm_iterative,base,0,155,1,4,24.0,24,0,1,1,zero,
llm_iterative,base,0,155,2,4,30.0,30,0,0,0,zero,
llm_iterative,base,0,156,0,4,2.0,2,0,2,2,zero,
llm_iterative,base,0,156,1,4,23.0,23,0,1,1,zero,
llm_iterative,base,0,156,2,4,29.0,29,0,0,0,zero,
llm_iterative,base,0,157,0,3,8.0,8,0,6,6,zero,
llm_iterative,base,0,157,1,3,18.0,18,0,1,1,zero,
llm_iterative,base,0,157,2,3,28.0,28,0,0,0,zero,
llm_iterative,base,0,158,0,3,7.0,7,0,2,2,zero,
llm_iterative,base,0,158,1,3,27.0,27,0,1,1,zero,
llm_iterative,base,0,158,2,3,27.0,27,0,0,0,zero,
llm_iterative,base,0,159,0,3,6.0,6,0,2,2,zero,
llm_iterative,base,0,159,1,3,26.0,26,0,1,1,zero,
llm_iterative,base,0,159,2,3,26.0,26,0,0,0,zero,
llm_iterative,base,0,160,0,3,5.0,5,0,0,0,zero,
llm_iterative,base,0,160,1,3,27.0,27,0,1,1,zero,
llm_iterative,base,0,160,2,3,25.0,25,0,0,0,zero,
llm_iterative,base,0,161,0,3,8.0,8,0,6,6,zero,
llm_iterative,base,0,161,1,3,22.0,22,0,0,0,zero,
llm_iterative,base,0,161,2,3,25.0,25,0,0,0,zero,
llm_iterative,base,0,162,0,3,7.0,7,0,0,0,zero,
llm_iterative,base,0,162,1,3,23.0,23,0,1,1,zero,
llm_iterative,base,0,162,2,3,24.0,24,0,0,0,zero,
llm_iterative,base,0,163,0,3,6.0,6,0,6,6,zero,
llm_iterative,base,0,163,1,3,18.0,18,0,1,1,zero,
llm_iterative,base,0,163,2,3,23.0,23,0,0,0,zero,
llm_iterative,base,0,164,0,3,3.0,3,0,2,2,zero,
llm_iterative,base,0,164,1,3,17.0,17,0,1,1,zero,
llm_iterative,base,0,164,2,3,22.0,22,0,0,0,zero,
llm_iterative,base,0,165,0,3,6.0,6,0,0,0,zero,
llm_iterative,base,0,165,1,3,17.0,17,0,1,1,zero,
llm_iterative,base,0,165,2,3,21.0,21,0,0,0,zero,
llm_iterative,base,0,166,0,3,3.0,3,0,2,2,zero,
llm_iterative,base,0,166,1,3,16.0,16,0,1,1,zero,
llm_iterative,base,0,166,2,3,20.0,20,0,0,0,zero,
llm_iterative,base,0,167,0,2,7.0,7,0,6,6,zero,
llm_iterative,base,0,167,1,2,11.0,11,0,1,1,zero,
llm_iterative,base,0,167,2,2,19.0,19,0,0,0,zero,
llm_iterative,base,0,168,0,2,7.0,7,0,0,0,zero,
llm_iterative,base,0,168,1,2,12.0,12,0,1,1,zero,
llm_iterative,base,0,168,2,2,18.0,18,0,0,0,zero,
llm_iterative,base,0,169,0,2,5.0,5,0,0,0,zero,
llm_iterative,base,0,169,1,2,13.0,13,0,1,1,zero,
llm_iterative,base,0,169,2,2,17.0,17,0,0,0,zero,
llm_iterative,base,0,170,0,2,5.0,5,0,0,0,zero,
llm_iterative,base,0,170,1,2,14.0,14,0,0,0,zero,
llm_iterative,base,0,170,2,2,17.0,17,0,0,0,zero,
llm_iterative,base,0,171,0,2,9.0,9,0,0,0,zero,
llm_iterative,base,0,171,1,2,15.0,15,0,0,0,zero,
llm_iterative,base,0,171,2,2,17.0,17,0,0,0,zero,
llm_iterative,base,0,172,0,2,7.0,7,0,0,0,zero,
llm_iterative,base,0,172,1,2,16.0,16,0,0,0,zero,
llm_iterative,base,0,172,2,2,17.0,17,0,0,0,zero,
llm_iterative,base,0,173,0,2,5.0,5,0,2,2,zero,
llm_iterative,base,0,173,1,2,15.0,15,0,0,0,zero,
llm_iterative,base,0,173,2,2,17.0,17,0,0,0,zero,
llm_iterative,base,0,174,0,2,3.0,3,0,0,0,zero,
llm_iterative,base,0,174,1,2,15.0,15,0,0,0,zero,
llm_iterative,base,0,174,2,2,17.0,17,0,0,0,zero,
llm_iterative,base,0,175,0,2,1.0,1,0,6,6,zero,
llm_iterative,base,0,175,1,2,9.0,9,0,0,0,zero,
llm_iterative,base,0,175,2,2,17.0,17,0,0,0,zero,
llm_iterative,base,0,176,0,2,1.0,0,1,2,2,zero,
llm_iterative,base,0,176,1,2,7.0,7,0,1,1,zero,
llm_iterative,base,0,176,2,2,16.0,16,0,0,0,zero,
llm_iterative,base,0,177,0,2,1.0,0,1,0,0,zero,
llm_iterative,base,0,177,1,2,7.0,7,0,11,11,zero,
llm_iterative,base,0,177,2,2,5.0,5,0,0,0,zero,
llm_iterative,base,0,178,0,2,3.0,0,3,0,0,zero,
llm_iterative,base,0,178,1,2,7.0,7,0,0,0,zero,
llm_iterative,base,0,178,2,2,5.0,5,0,1,1,zero,
llm_iterative,base,0,179,0,2,1.0,1,0,6,6,zero,
llm_iterative,base,0,179,1,2,1.0,1,0,0,0,zero,
llm_iterative,base,0,179,2,2,5.0,5,0,20,20,zero,
llm_iterative,base,0,180,0,2,1.0,1,0,0,0,zero,
llm_iterative,base,0,180,1,2,2.0,2,0,1,1,zero,
llm_iterative,base,0,180,2,2,4.0,4,0,0,0,zero,
llm_iterative,base,0,181,0,2,1.0,0,1,2,2,zero,
llm_iterative,base,0,181,1,2,11.0,11,0,0,0,zero,
llm_iterative,base,0,181,2,2,4.0,4,0,0,0,zero,
llm_iterative,base,0,182,0,2,3.0,0,3,0,0,zero,
llm_iterative,base,0,182,1,2,11.0,11,0,1,1,zero,
llm_iterative,base,0,182,2,2,4.0,4,0,0,0,zero,
llm_iterative,base,0,183,0,2,1.0,1,0,6,6,zero,
llm_iterative,base,0,183,1,2,5.0,5,0,0,0,zero,
llm_iterative,base,0,183,2,2,24.0,24,0,0,0,zero,
llm_iterative,base,0,184,0,2,1.0,0,1,0,0,zero,
llm_iterative,base,0,184,1,2,6.0,6,0,1,1,zero,
llm_iterative,base,0,184,2,2,23.0,23,0,0,0,zero,
llm_iterative,base,0,185,0,1,-0.0,0,0,0,0,zero,
llm_iterative,base,0,185,1,1,6.0,6,0,1,1,zero,
llm_iterative,base,0,185,2,1,22.0,22,0,0,0,zero,
llm_iterative,base,0,186,0,1,1.0,0,1,0,0,zero,
llm_iterative,base,0,186,1,1,7.0,7,0,0,0,zero,
llm_iterative,base,0,186,2,1,22.0,22,0,0,0,zero,
llm_iterative,base,0,187,0,1,4.0,4,0,0,0,zero,
llm_iterative,base,0,187,1,1,7.0,7,0,0,0,zero,
llm_iterative,base,0,187,2,1,22.0,22,0,0,0,zero,
llm_iterative,base,0,188,0,1,3.0,3,0,0,0,zero,
llm_iterative,base,0,188,1,1,8.0,8,0,0,0,zero,
llm_iterative,base,0,188,2,1,22.0,22,0,0,0,zero,
llm_iterative,base,0,189,0,1,2.0,2,0,0,0,zero,
llm_iterative,base,0,189,1,1,9.0,9,0,0,0,zero,
llm_iterative,base,0,189,2,1,22.0,22,0,0,0,zero,
llm_iterative,base,0,190,0,2,-0.0,0,0,0,0,zero,
llm_iterative,base,0,190,1,2,9.0,9,0,0,0,zero,
llm_iterative,base,0,190,2,2,22.0,22,0,0,0,zero,
llm_iterative,base,0,191,0,2,2.0,0,2,6,6,zero,
llm_iterative,base,0,191,1,2,3.0,3,0,0,0,zero,
llm_iterative,base,0,191,2,2,22.0,22,0,0,0,zero,
llm_iterative,base,0,192,0,2,4.0,0,4,0,0,zero,
llm_iterative,base,0,192,1,2,3.0,3,0,1,1,zero,
llm_iterative,base,0,192,2,2,21.0,21,0,0,0,zero,
llm_iterative,base,0,193,0,2,6.0,0,6,6,6,zero,
llm_iterative,base,0,193,1,2,3.0,0,3,1,1,zero,
llm_iterative,base,0,193,2,2,20.0,20,0,0,0,zero,
llm_iterative,base,0,194,0,2,8.0,0,8,6,6,zero,
llm_iterative,base,0,194,1,2,9.0,0,9,15,15,zero,
llm_iterative,base,0,194,2,2,5.0,5,0,0,0,zero,
llm_iterative,base,0,195,0,2,4.0,0,4,6,6,zero,
llm_iterative,base,0,195,1,2,15.0,0,15,1,1,zero,
llm_iterative,base,0,195,2,2,4.0,4,0,1,1,zero,
llm_iterative,base,0,196,0,2,6.0,0,6,10,10,zero,
llm_iterative,base,0,196,1,2,24.0,0,24,15,15,zero,
llm_iterative,base,0,196,2,2,11.0,0,11,20,20,zero,
llm_iterative,base,0,197,0,2,5.0,0,5,10,10,zero,
llm_iterative,base,0,197,1,2,33.0,0,33,18,18,zero,
llm_iterative,base,0,197,2,2,29.0,0,29,20,20,zero,
llm_iterative,base,0,198,0,2,7.0,0,7,17,17,zero,
llm_iterative,base,0,198,1,2,35.0,0,35,18,18,zero,
llm_iterative,base,0,198,2,2,47.0,0,47,20,20,zero,
llm_iterative,base,0,199,0,2,9.0,0,9,10,10,zero,
llm_iterative,base,0,199,1,2,44.0,0,44,18,18,zero,
llm_iterative,base,0,199,2,2,64.0,0,64,20,20,zero,
llm_iterative,base,0,200,0,2,10.0,0,10,10,10,zero,
llm_iterative,base,0,200,1,2,50.0,0,50,18,18,zero,
llm_iterative,base,0,200,2,2,62.0,0,62,20,20,zero,
llm_iterative,base,1,1,0,10,10.0,10,0,10,10,zero,
llm_iterative,base,1,1,1,10,10.0,10,0,15,15,zero,
llm_iterative,base,1,1,2,10,5.0,5,0,0,0,zero,
llm_iterative,base,1,2,0,10,10.0,10,0,10,10,zero,
llm_iterative,base,1,2,1,10,10.0,10,0,1,1,zero,
llm_iterative,base,1,2,2,10,14.0,14,0,20,20,zero,
llm_iterative,base,1,3,0,11,9.0,9,0,10,10,zero,
llm_iterative,base,1,3,1,11,10.0,10,0,15,15,zero,
llm_iterative,base,1,3,2,11,9.0,9,0,3,3,zero,
llm_iterative,base,1,4,0,14,5.0,5,0,10,10,zero,
llm_iterative,base,1,4,1,14,10.0,10,0,15,15,zero,
llm_iterative,base,1,4,2,14,4.0,4,0,20,20,zero,
llm_iterative,base,1,5,0,15,-0.0,0,0,19,19,zero,
llm_iterative,base,1,5,1,15,6.0,6,0,15,15,zero,
llm_iterative,base,1,5,2,15,11.0,0,11,20,20,zero,
llm_iterative,base,1,6,0,14,4.0,0,4,19,19,zero,
llm_iterative,base,1,6,1,14,12.0,0,12,15,15,zero,
llm_iterative,base,1,6,2,14,6.0,0,6,20,20,zero,
llm_iterative,base,1,7,0,12,6.0,0,6,19,19,zero,
llm_iterative,base,1,7,1,12,16.0,0,16,15,15,zero,
llm_iterative,base,1,7,2,12,18.0,0,18,20,20,zero,
llm_iterative,base,1,8,0,12,8.0,0,8,10,10,zero,
llm_iterative,base,1,8,1,12,11.0,0,11,15,15,zero,
llm_iterative,base,1,8,2,12,13.0,0,13,0,0,zero,
llm_iterative,base,1,9,0,11,-0.0,0,0,10,10,zero,
llm_iterative,base,1,9,1,11,17.0,0,17,15,15,zero,
llm_iterative,base,1,9,2,11,8.0,0,8,20,20,zero,
llm_iterative,base,1,10,0,10,3.0,0,3,10,10,zero,
llm_iterative,base,1,10,1,10,7.0,0,7,15,15,zero,
llm_iterative,base,1,10,2,10,3.0,0,3,20,20,zero,
llm_iterative,base,1,11,0,9,3.0,3,0,6,6,zero,
llm_iterative,base,1,11,1,9,10.0,0,10,0,0,zero,
llm_iterative,base,1,11,2,9,17.0,17,0,20,20,zero,
llm_iterative,base,1,12,0,9,9.0,9,0,6,6,zero,
llm_iterative,base,1,12,1,9,4.0,4,0,0,0,zero,
llm_iterative,base,1,12,2,9,17.0,17,0,0,0,zero,
llm_iterative,base,1,13,0,8,5.0,5,0,2,2,zero,
llm_iterative,base,1,13,1,8,22.0,22,0,12,12,zero,
llm_iterative,base,1,13,2,8,25.0,25,0,0,0,zero,
llm_iterative,base,1,14,0,10,15.0,15,0,6,6,zero,
llm_iterative,base,1,14,1,10,36.0,36,0,0,0,zero,
llm_iterative,base,1,14,2,10,45.0,45,0,0,0,zero,
llm_iterative,base,1,15,0,10,8.0,8,0,6,6,zero,
llm_iterative,base,1,15,1,10,33.0,33,0,1,1,zero,
llm_iterative,base,1,15,2,10,64.0,64,0,0,0,zero,
llm_iterative,base,1,16,0,9,15.0,15,0,9,9,zero,
llm_iterative,base,1,16,1,9,24.0,24,0,12,12,zero,
llm_iterative,base,1,16,2,9,52.0,52,0,0,0,zero,
llm_iterative,base,1,17,0,9,8.0,8,0,9,9,zero,
llm_iterative,base,1,17,1,9,27.0,27,0,15,15,zero,
llm_iterative,base,1,17,2,9,37.0,37,0,0,0,zero,
llm_iterative,base,1,18,0,9,5.0,5,0,9,9,zero,
llm_iterative,base,1,18,1,9,18.0,18,0,15,15,zero,
llm_iterative,base,1,18,2,9,22.0,22,0,16,16,zero,
llm_iterative,base,1,19,0,7,4.0,4,0,9,9,zero,
llm_iterative,base,1,19,1,7,10.0,10,0,1,1,zero,
llm_iterative,base,1,19,2,7,21.0,21,0,20,20,zero,
llm_iterative,base,1,20,0,7,6.0,6,0,4,4,zero,
llm_iterative,base,1,20,1,7,18.0,18,0,1,1,zero,
llm_iterative,base,1,20,2,7,20.0,20,0,0,0,zero,
llm_iterative,base,1,21,0,7,8.0,8,0,6,6,zero,
llm_iterative,base,1,21,1,7,27.0,27,0,1,1,zero,
llm_iterative,base,1,21,2,7,19.0,19,0,0,0,zero,
llm_iterative,base,1,22,0,9,8.0,8,0,6,6,zero,
llm_iterative,base,1,22,1,9,36.0,36,0,1,1,zero,
llm_iterative,base,1,22,2,9,34.0,34,0,0,0,zero,
llm_iterative,base,1,23,0,10,7.0,7,0,19,19,zero,
llm_iterative,base,1,23,1,10,18.0,18,0,1,1,zero,
llm_iterative,base,1,23,2,10,53.0,53,0,0,0,zero,
llm_iterative,base,1,24,0,11,-0.0,0,0,9,9,zero,
llm_iterative,base,1,24,1,11,10.0,10,0,15,15,zero,
llm_iterative,base,1,24,2,11,38.0,38,0,0,0,zero,
llm_iterative,base,1,25,0,12,6.0,0,6,9,9,zero,
llm_iterative,base,1,25,1,12,2.0,2,0,15,15,zero,
llm_iterative,base,1,25,2,12,23.0,23,0,0,0,zero,
llm_iterative,base,1,26,0,12,12.0,0,12,10,10,zero,
llm_iterative,base,1,26,1,12,7.0,0,7,15,15,zero,
llm_iterative,base,1,26,2,12,8.0,8,0,20,20,zero,
llm_iterative,base,1,27,0,13,6.0,0,6,10,10,zero,
llm_iterative,base,1,27,1,13,16.0,0,16,3,3,zero,
llm_iterative,base,1,27,2,13,5.0,5,0,20,20,zero,
llm_iterative,base,1,28,0,12,9.0,0,9,19,19,zero,
llm_iterative,base,1,28,1,12,20.0,0,20,18,18,zero,
llm_iterative,base,1,28,2,12,13.0,0,13,0,0,zero,
llm_iterative,base,1,29,0,13,13.0,0,13,10,10,zero,
llm_iterative,base,1,29,1,13,15.0,0,15,18,18,zero,
llm_iterative,base,1,29,2,13,31.0,0,31,20,20,zero,
llm_iterative,base,1,30,0,11,21.0,0,21,19,19,zero,
llm_iterative,base,1,30,1,11,19.0,0,19,18,18,zero,
llm_iterative,base,1,30,2,11,29.0,0,29,20,20,zero,
llm_iterative,base,1,31,0,13,33.0,0,33,19,19,zero,
llm_iterative,base,1,31,1,13,35.0,0,35,18,18,zero,
llm_iterative,base,1,31,2,13,27.0,0,27,20,20,zero,
llm_iterative,base,1,32,0,13,31.0,0,31,17,17,zero,
llm_iterative,base,1,32,1,13,47.0,0,47,18,18,zero,
llm_iterative,base,1,32,2,13,45.0,0,45,20,20,zero,
llm_iterative,base,1,33,0,13,29.0,0,29,10,10,zero,
llm_iterative,base,1,33,1,13,57.0,0,57,18,18,zero,
llm_iterative,base,1,33,2,13,43.0,0,43,20,20,zero,
llm_iterative,base,1,34,0,14,28.0,0,28,19,19,zero,
llm_iterative,base,1,34,1,14,56.0,0,56,18,18,zero,
llm_iterative,base,1,34,2,14,41.0,0,41,20,20,zero,
llm_iterative,base,1,35,0,15,40.0,0,40,10,10,zero,
llm_iterative,base,1,35,1,15,46.0,0,46,18,18,zero,
llm_iterative,base,1,35,2,15,39.0,0,39,20,20,zero,
llm_iterative,base,1,36,0,15,50.0,0,50,19,19,zero,
llm_iterative,base,1,36,1,15,65.0,0,65,18,18,zero,
llm_iterative,base,1,36,2,15,37.0,0,37,20,20,zero,
llm_iterative,base,1,37,0,14,64.0,0,64,17,17,zero,
llm_iterative,base,1,37,1,14,62.0,0,62,18,18,zero,
llm_iterative,base,1,37,2,14,35.0,0,35,20,20,zero,
llm_iterative,base,1,38,0,14,58.0,0,58,17,17,zero,
llm_iterative,base,1,38,1,14,59.0,0,59,18,18,zero,
llm_iterative,base,1,38,2,14,33.0,0,33,20,20,zero,
llm_iterative,base,1,39,0,14,52.0,0,52,17,17,zero,
llm_iterative,base,1,39,1,14,56.0,0,56,18,18,zero,
llm_iterative,base,1,39,2,14,31.0,0,31,20,20,zero,
llm_iterative,base,1,40,0,13,65.0,0,65,17,17,zero,
llm_iterative,base,1,40,1,13,53.0,0,53,18,18,zero,
llm_iterative,base,1,40,2,13,29.0,0,29,20,20,zero,
llm_iterative,base,1,41,0,13,58.0,0,58,17,17,zero,
llm_iterative,base,1,41,1,13,50.0,0,50,18,18,zero,
llm_iterative,base,1,41,2,13,27.0,0,27,20,20,zero,
llm_iterative,base,1,42,0,13,51.0,0,51,10,10,zero,
llm_iterative,base,1,42,1,13,40.0,0,40,18,18,zero,
llm_iterative,base,1,42,2,13,25.0,0,25,20,20,zero,
llm_iterative,base,1,43,0,12,43.0,0,43,10,10,zero,
llm_iterative,base,1,43,1,12,30.0,0,30,18,18,zero,
llm_iterative,base,1,43,2,12,23.0,0,23,20,20,zero,
llm_iterative,base,1,44,0,12,35.0,0,35,10,10,zero,
llm_iterative,base,1,44,1,12,20.0,0,20,0,0,zero,
llm_iterative,base,1,44,2,12,3.0,0,3,20,20,zero,
llm_iterative,base,1,45,0,11,26.0,0,26,6,6,zero,
llm_iterative,base,1,45,1,11,6.0,0,6,0,0,zero,
llm_iterative,base,1,45,2,11,17.0,17,0,1,1,zero,
llm_iterative,base,1,46,0,10,16.0,0,16,6,6,zero,
llm_iterative,base,1,46,1,10,8.0,8,0,18,18,zero,
llm_iterative,base,1,46,2,10,19.0,19,0,0,0,zero,
llm_iterative,base,1,47,0,10,6.0,0,6,6,6,zero,
llm_iterative,base,1,47,1,10,22.0,22,0,0,0,zero,
llm_iterative,base,1,47,2,10,39.0,39,0,16,16,zero,
llm_iterative,base,1,48,0,9,5.0,5,0,6,6,zero,
llm_iterative,base,1,48,1,9,36.0,36,0,0,0,zero,
llm_iterative,base,1,48,2,9,59.0,59,0,1,1,zero,
llm_iterative,base,1,49,0,9,16.0,16,0,10,10,zero,
llm_iterative,base,1,49,1,9,29.0,29,0,12,12,zero,
llm_iterative,base,1,49,2,9,48.0,48,0,0,0,zero,
llm_iterative,base,1,50,0,8,20.0,20,0,10,10,zero,
llm_iterative,base,1,50,1,8,37.0,37,0,12,12,zero,
llm_iterative,base,1,50,2,8,36.0,36,0,0,0,zero,
llm_iterative,base,1,51,0,8,18.0,18,0,6,6,zero,
llm_iterative,base,1,51,1,8,31.0,31,0,15,15,zero,
llm_iterative,base,1,51,2,8,37.0,37,0,1,1,zero,
llm_iterative,base,1,52,0,8,16.0,16,0,6,6,zero,
llm_iterative,base,1,52,1,8,25.0,25,0,3,3,zero,
llm_iterative,base,1,52,2,8,35.0,35,0,20,20,zero,
llm_iterative,base,1,53,0,8,18.0,18,0,6,6,zero,
llm_iterative,base,1,53,1,8,31.0,31,0,1,1,zero,
llm_iterative,base,1,53,2,8,34.0,34,0,0,0,zero,
llm_iterative,base,1,54,0,8,20.0,20,0,6,6,zero,
llm_iterative,base,1,54,1,8,37.0,37,0,1,1,zero,
llm_iterative,base,1,54,2,8,33.0,33,0,0,0,zero,
llm_iterative,base,1,55,0,6,20.0,20,0,9,9,zero,
llm_iterative,base,1,55,1,6,43.0,43,0,1,1,zero,
llm_iterative,base,1,55,2,6,33.0,33,0,0,0,zero,
llm_iterative,base,1,56,0,6,20.0,20,0,2,2,zero,
llm_iterative,base,1,56,1,6,44.0,44,0,1,1,zero,
llm_iterative,base,1,56,2,6,52.0,52,0,0,0,zero,
llm_iterative,base,1,57,0,5,21.0,21,0,2,2,zero,
llm_iterative,base,1,57,1,5,43.0,43,0,1,1,zero,
llm_iterative,base,1,57,2,5,51.0,51,0,0,0,zero,
llm_iterative,base,1,58,0,6,21.0,21,0,2,2,zero,
llm_iterative,base,1,58,1,6,42.0,42,0,1,1,zero,
llm_iterative,base,1,58,2,6,50.0,50,0,0,0,zero,
llm_iterative,base,1,59,0,7,23.0,23,0,2,2,zero,
llm_iterative,base,1,59,1,7,41.0,41,0,1,1,zero,
llm_iterative,base,1,59,2,7,49.0,49,0,0,0,zero,
llm_iterative,base,1,60,0,7,18.0,18,0,3,3,zero,
llm_iterative,base,1,60,1,7,39.0,39,0,1,1,zero,
llm_iterative,base,1,60,2,7,48.0,48,0,0,0,zero,
llm_iterative,base,1,61,0,8,12.0,12,0,9,9,zero,
llm_iterative,base,1,61,1,8,31.0,31,0,1,1,zero,
llm_iterative,base,1,61,2,8,47.0,47,0,0,0,zero,
llm_iterative,base,1,62,0,7,7.0,7,0,9,9,zero,
llm_iterative,base,1,62,1,7,23.0,23,0,1,1,zero,
llm_iterative,base,1,62,2,7,46.0,46,0,0,0,zero,
llm_iterative,base,1,63,0,7,2.0,2,0,9,9,zero,
llm_iterative,base,1,63,1,7,15.0,15,0,15,15,zero,
llm_iterative,base,1,63,2,7,31.0,31,0,0,0,zero,
llm_iterative,base,1,64,0,7,2.0,0,2,3,3,zero,
llm_iterative,base,1,64,1,7,13.0,13,0,15,15,zero,
llm_iterative,base,1,64,2,7,16.0,16,0,0,0,zero,
llm_iterative,base,1,65,0,8,1.0,0,1,6,6,zero,
llm_iterative,base,1,65,1,8,8.0,8,0,1,1,zero,
llm_iterative,base,1,65,2,8,15.0,15,0,20,20,zero,
llm_iterative,base,1,66,0,7,1.0,1,0,10,10,zero,
llm_iterative,base,1,66,1,7,1.0,0,1,1,1,zero,
llm_iterative,base,1,66,2,7,14.0,14,0,3,3,zero,
llm_iterative,base,1,67,0,6,4.0,4,0,6,6,zero,
llm_iterative,base,1,67,1,6,8.0,8,0,15,15,zero,
llm_iterative,base,1,67,2,6,1.0,0,1,0,0,zero,
llm_iterative,base,1,68,0,7,-0.0,0,0,6,6,zero,
llm_iterative,base,1,68,1,7,17.0,17,0,1,1,zero,
llm_iterative,base,1,68,2,7,2.0,0,2,0,0,zero,
llm_iterative,base,1,69,0,7,1.0,0,1,6,6,zero,
llm_iterative,base,1,69,1,7,12.0,12,0,15,15,zero,
llm_iterative,base,1,69,2,7,3.0,3,0,0,0,zero,
llm_iterative,base,1,70,0,6,2.0,2,0,10,10,zero,
llm_iterative,base,1,70,1,6,3.0,3,0,1,1,zero,
llm_iterative,base,1,70,2,6,5.0,5,0,20,20,zero,
llm_iterative,base,1,71,0,7,2.0,2,0,6,6,zero,
llm_iterative,base,1,71,1,7,11.0,11,0,15,15,zero,
llm_iterative,base,1,71,2,7,10.0,0,10,20,20,zero,
llm_iterative,base,1,72,0,8,-0.0,0,0,6,6,zero,
llm_iterative,base,1,72,1,8,5.0,5,0,3,3,zero,
llm_iterative,base,1,72,2,8,13.0,0,13,20,20,zero,
llm_iterative,base,1,73,0,8,2.0,0,2,10,10,zero,
llm_iterative,base,1,73,1,8,12.0,12,0,15,15,zero,
llm_iterative,base,1,73,2,8,28.0,0,28,0,0,zero,
llm_iterative,base,1,74,0,8,-0.0,0,0,10,10,zero,
llm_iterative,base,1,74,1,8,3.0,3,0,15,15,zero,
llm_iterative,base,1,74,2,8,23.0,0,23,20,20,zero,
llm_iterative,base,1,75,0,7,1.0,0,1,10,10,zero,
llm_iterative,base,1,75,1,7,2.0,0,2,3,3,zero,
llm_iterative,base,1,75,2,7,6.0,0,6,20,20,zero,
llm_iterative,base,1,76,0,7,2.0,0,2,6,6,zero,
llm_iterative,base,1,76,1,7,8.0,0,8,3,3,zero,
llm_iterative,base,1,76,2,7,11.0,11,0,0,0,zero,
llm_iterative,base,1,77,0,7,1.0,1,0,6,6,zero,
llm_iterative,base,1,77,1,7,14.0,0,14,0,0,zero,
llm_iterative,base,1,77,2,7,11.0,11,0,0,0,zero,
llm_iterative,base,1,78,0,8,3.0,3,0,10,10,zero,
llm_iterative,base,1,78,1,8,4.0,0,4,1,1,zero,
llm_iterative,base,1,78,2,8,30.0,30,0,0,0,zero,
llm_iterative,base,1,79,0,8,3.0,3,0,6,6,zero,
llm_iterative,base,1,79,1,8,10.0,10,0,20,20,zero,
llm_iterative,base,1,79,2,8,30.0,30,0,0,0,zero,
llm_iterative,base,1,80,0,7,4.0,0,4,6,6,zero,
llm_iterative,base,1,80,1,7,13.0,13,0,0,0,zero,
llm_iterative,base,1,80,2,7,30.0,30,0,16,16,zero,
llm_iterative,base,1,81,0,7,11.0,0,11,6,6,zero,
llm_iterative,base,1,81,1,7,7.0,7,0,12,12,zero,
llm_iterative,base,1,81,2,7,18.0,18,0,0,0,zero,
llm_iterative,base,1,82,0,7,2.0,2,0,6,6,zero,
llm_iterative,base,1,82,1,7,2.0,2,0,3,3,zero,
llm_iterative,base,1,82,2,7,15.0,15,0,1,1,zero,
llm_iterative,base,1,83,0,7,5.0,5,0,10,10,zero,
llm_iterative,base,1,83,1,7,12.0,12,0,12,12,zero,
llm_iterative,base,1,83,2,7,3.0,3,0,16,16,zero,
llm_iterative,base,1,84,0,7,4.0,4,0,6,6,zero,
llm_iterative,base,1,84,1,7,6.0,6,0,15,15,zero,
llm_iterative,base,1,84,2,7,4.0,4,0,20,20,zero,
llm_iterative,base,1,85,0,8,2.0,2,0,10,10,zero,
llm_iterative,base,1,85,1,8,8.0,8,0,3,3,zero,
llm_iterative,base,1,85,2,8,1.0,1,0,20,20,zero,
llm_iterative,base,1,86,0,8,-0.0,0,0,6,6,zero,
llm_iterative,base,1,86,1,8,5.0,5,0,15,15,zero,
llm_iterative,base,1,86,2,8,13.0,0,13,0,0,zero,
llm_iterative,base,1,87,0,7,3.0,3,0,10,10,zero,
llm_iterative,base,1,87,1,7,7.0,7,0,15,15,zero,
llm_iterative,base,1,87,2,7,12.0,0,12,20,20,zero,
llm_iterative,base,1,88,0,7,2.0,2,0,6,6,zero,
llm_iterative,base,1,88,1,7,16.0,16,0,15,15,zero,
llm_iterative,base,1,88,2,7,7.0,0,7,20,20,zero,
llm_iterative,base,1,89,0,7,5.0,5,0,6,6,zero,
llm_iterative,base,1,89,1,7,13.0,13,0,3,3,zero,
llm_iterative,base,1,89,2,7,10.0,10,0,20,20,zero,
llm_iterative,base,1,90,0,7,4.0,4,0,6,6,zero,
llm_iterative,base,1,90,1,7,9.0,9,0,0,0,zero,
llm_iterative,base,1,90,2,7,10.0,10,0,0,0,zero,
llm_iterative,base,1,91,0,7,7.0,7,0,6,6,zero,
llm_iterative,base,1,91,1,7,19.0,19,0,1,1,zero,
llm_iterative,base,1,91,2,7,29.0,29,0,0,0,zero,
llm_iterative,base,1,92,0,7,6.0,6,0,10,10,zero,
llm_iterative,base,1,92,1,7,29.0,29,0,1,1,zero,
llm_iterative,base,1,92,2,7,48.0,48,0,0,0,zero,
llm_iterative,base,1,93,0,7,5.0,5,0,6,6,zero,
llm_iterative,base,1,93,1,7,33.0,33,0,12,12,zero,
llm_iterative,base,1,93,2,7,56.0,56,0,0,0,zero,
llm_iterative,base,1,94,0,7,4.0,4,0,9,9,zero,
llm_iterative,base,1,94,1,7,24.0,24,0,12,12,zero,
llm_iterative,base,1,94,2,7,44.0,44,0,0,0,zero,
llm_iterative,base,1,95,0,6,4.0,4,0,2,2,zero,
llm_iterative,base,1,95,1,6,23.0,23,0,15,15,zero,
llm_iterative,base,1,95,2,6,29.0,29,0,1,1,zero,
llm_iterative,base,1,96,0,5,9.0,9,0,6,6,zero,
llm_iterative,base,1,96,1,5,18.0,18,0,1,1,zero,
llm_iterative,base,1,96,2,5,28.0,28,0,20,20,zero,
llm_iterative,base,1,97,0,5,10.0,10,0,2,2,zero,
llm_iterative,base,1,97,1,5,28.0,28,0,1,1,zero,
llm_iterative,base,1,97,2,5,27.0,27,0,0,0,zero,
llm_iterative,base,1,98,0,6,13.0,13,0,6,6,zero,
llm_iterative,base,1,98,1,6,34.0,34,0,0,0,zero,
llm_iterative,base,1,98,2,6,27.0,27,0,0,0,zero,
llm_iterative,base,1,99,0,5,10.0,10,0,6,6,zero,
llm_iterative,base,1,99,1,5,43.0,43,0,0,0,zero,
llm_iterative,base,1,99,2,5,28.0,28,0,0,0,zero,
llm_iterative,base,1,100,0,5,11.0,11,0,2,2,zero,
llm_iterative,base,1,100,1,5,42.0,42,0,1,1,zero,
llm_iterative,base,1,100,2,5,47.0,47,0,0,0,zero,
llm_iterative,base,1,101,0,5,8.0,8,0,2,2,zero,
llm_iterative,base,1,101,1,5,41.0,41,0,1,1,zero,
llm_iterative,base,1,101,2,5,46.0,46,0,0,0,zero,
llm_iterative,base,1,102,0,5,9.0,9,0,6,6,zero,
llm_iterative,base,1,102,1,5,35.0,35,0,1,1,zero,
llm_iterative,base,1,102,2,5,45.0,45,0,0,0,zero,
llm_iterative,base,1,103,0,5,10.0,10,0,2,2,zero,
llm_iterative,base,1,103,1,5,33.0,33,0,1,1,zero,
llm_iterative,base,1,103,2,5,44.0,44,0,0,0,zero,
llm_iterative,base,1,104,0,4,8.0,8,0,9,9,zero,
llm_iterative,base,1,104,1,4,25.0,25,0,1,1,zero,
llm_iterative,base,1,104,2,4,43.0,43,0,0,0,zero,
llm_iterative,base,1,105,0,5,5.0,5,0,3,3,zero,
llm_iterative,base,1,105,1,5,23.0,23,0,11,11,zero,
llm_iterative,base,1,105,2,5,32.0,32,0,0,0,zero,
llm_iterative,base,1,106,0,5,6.0,6,0,4,4,zero,
llm_iterative,base,1,106,1,5,20.0,20,0,1,1,zero,
llm_iterative,base,1,106,2,5,31.0,31,0,0,0,zero,
llm_iterative,base,1,107,0,6,2.0,2,0,2,2,zero,
llm_iterative,base,1,107,1,6,19.0,19,0,1,1,zero,
llm_iterative,base,1,107,2,6,30.0,30,0,0,0,zero,
llm_iterative,base,1,108,0,5,6.0,6,0,10,10,zero,
llm_iterative,base,1,108,1,5,10.0,10,0,1,1,zero,
llm_iterative,base,1,108,2,5,29.0,29,0,0,0,zero,
llm_iterative,base,1,109,0,5,4.0,4,0,2,2,zero,
llm_iterative,base,1,109,1,5,19.0,19,0,1,1,zero,
llm_iterative,base,1,109,2,5,28.0,28,0,0,0,zero,
llm_iterative,base,1,110,0,5,3.0,3,0,6,6,zero,
llm_iterative,base,1,110,1,5,14.0,14,0,1,1,zero,
llm_iterative,base,1,110,2,5,27.0,27,0,0,0,zero,
llm_iterative,base,1,111,0,4,1.0,1,0,2,2,zero,
llm_iterative,base,1,111,1,4,13.0,13,0,15,15,zero,
llm_iterative,base,1,111,2,4,12.0,12,0,0,0,zero,
llm_iterative,base,1,112,0,4,7.0,7,0,2,2,zero,
llm_iterative,base,1,112,1,4,12.0,12,0,1,1,zero,
llm_iterative,base,1,112,2,4,11.0,11,0,1,1,zero,
llm_iterative,base,1,113,0,4,5.0,5,0,2,2,zero,
llm_iterative,base,1,113,1,4,11.0,11,0,1,1,zero,
llm_iterative,base,1,113,2,4,10.0,10,0,1,1,zero,
llm_iterative,base,1,114,0,5,6.0,6,0,6,6,zero,
llm_iterative,base,1,114,1,5,6.0,6,0,0,0,zero,
llm_iterative,base,1,114,2,5,10.0,10,0,1,1,zero,
llm_iterative,base,1,115,0,5,3.0,3,0,6,6,zero,
llm_iterative,base,1,115,1,5,15.0,15,0,1,1,zero,
llm_iterative,base,1,115,2,5,9.0,9,0,0,0,zero,
llm_iterative,base,1,116,0,4,1.0,1,0,2,2,zero,
llm_iterative,base,1,116,1,4,14.0,14,0,15,15,zero,
llm_iterative,base,1,116,2,4,5.0,0,5,0,0,zero,
llm_iterative,base,1,117,0,5,2.0,0,2,2,2,zero,
llm_iterative,base,1,117,1,5,13.0,13,0,1,1,zero,
llm_iterative,base,1,117,2,5,5.0,0,5,20,20,zero,
llm_iterative,base,1,118,0,5,1.0,0,1,6,6,zero,
llm_iterative,base,1,118,1,5,7.0,7,0,1,1,zero,
llm_iterative,base,1,118,2,5,5.0,0,5,20,20,zero,
llm_iterative,base,1,119,0,4,1.0,1,0,6,6,zero,
llm_iterative,base,1,119,1,4,2.0,2,0,1,1,zero,
llm_iterative,base,1,119,2,4,6.0,0,6,0,0,zero,
llm_iterative,base,1,120,0,4,1.0,0,1,2,2,zero,
llm_iterative,base,1,120,1,4,10.0,10,0,15,15,zero,
llm_iterative,base,1,120,2,4,21.0,0,21,0,0,zero,
llm_iterative,base,1,121,0,4,3.0,0,3,6,6,zero,
llm_iterative,base,1,121,1,4,5.0,5,0,15,15,zero,
llm_iterative,base,1,121,2,4,16.0,0,16,0,0,zero,
llm_iterative,base,1,122,0,4,1.0,0,1,6,6,zero,
llm_iterative,base,1,122,1,4,-0.0,0,0,1,1,zero,
llm_iterative,base,1,122,2,4,3.0,3,0,20,20,zero,
llm_iterative,base,1,123,0,4,1.0,1,0,6,6,zero,
llm_iterative,base,1,123,1,4,6.0,0,6,0,0,zero,
llm_iterative,base,1,123,2,4,3.0,3,0,20,20,zero,
llm_iterative,base,1,124,0,4,1.0,0,1,6,6,zero,
llm_iterative,base,1,124,1,4,12.0,0,12,0,0,zero,
llm_iterative,base,1,124,2,4,3.0,3,0,0,0,zero,
llm_iterative,base,1,125,0,4,1.0,1,0,6,6,zero,
llm_iterative,base,1,125,1,4,2.0,2,0,1,1,zero,
llm_iterative,base,1,125,2,4,2.0,2,0,0,0,zero,
llm_iterative,base,1,126,0,4,3.0,3,0,2,2,zero,
llm_iterative,base,1,126,1,4,17.0,17,0,12,12,zero,
llm_iterative,base,1,126,2,4,10.0,10,0,0,0,zero,
llm_iterative,base,1,127,0,5,2.0,0,2,6,6,zero,
llm_iterative,base,1,127,1,5,11.0,11,0,0,0,zero,
llm_iterative,base,1,127,2,5,30.0,30,0,0,0,zero,
llm_iterative,base,1,128,0,5,7.0,0,7,6,6,zero,
llm_iterative,base,1,128,1,5,5.0,5,0,12,12,zero,
llm_iterative,base,1,128,2,5,18.0,18,0,0,0,zero,
llm_iterative,base,1,129,0,5,6.0,6,0,6,6,zero,
llm_iterative,base,1,129,1,5,-0.0,0,0,1,1,zero,
llm_iterative,base,1,129,2,5,17.0,17,0,4,4,zero,
llm_iterative,base,1,130,0,4,4.0,4,0,2,2,zero,
llm_iterative,base,1,130,1,4,10.0,10,0,15,15,zero,
llm_iterative,base,1,130,2,4,2.0,2,0,0,0,zero,
llm_iterative,base,1,131,0,4,6.0,6,0,6,6,zero,
llm_iterative,base,1,131,1,4,4.0,4,0,1,1,zero,
llm_iterative,base,1,131,2,4,1.0,1,0,20,20,zero,
llm_iterative,base,1,132,0,4,8.0,8,0,0,0,zero,
llm_iterative,base,1,132,1,4,16.0,16,0,5,5,zero,
llm_iterative,base,1,132,2,4,4.0,0,4,3,3,zero,
llm_iterative,base,1,133,0,4,10.0,10,0,6,6,zero,
llm_iterative,base,1,133,1,4,11.0,11,0,0,0,zero,
llm_iterative,base,1,133,2,4,-0.0,0,0,0,0,zero,
llm_iterative,base,1,134,0,4,8.0,8,0,6,6,zero,
llm_iterative,base,1,134,1,4,20.0,20,0,1,1,zero,
llm_iterative,base,1,134,2,4,1.0,0,1,0,0,zero,
llm_iterative,base,1,135,0,4,10.0,10,0,0,0,zero,
llm_iterative,base,1,135,1,4,21.0,21,0,12,12,zero,
llm_iterative,base,1,135,2,4,7.0,7,0,0,0,zero,
llm_iterative,base,1,136,0,4,6.0,6,0,2,2,zero,
llm_iterative,base,1,136,1,4,20.0,20,0,0,0,zero,
llm_iterative,base,1,136,2,4,10.0,10,0,20,20,zero,
llm_iterative,base,1,137,0,3,9.0,9,0,6,6,zero,
llm_iterative,base,1,137,1,3,18.0,18,0,0,0,zero,
llm_iterative,base,1,137,2,3,10.0,10,0,3,3,zero,
llm_iterative,base,1,138,0,3,12.0,12,0,2,2,zero,
llm_iterative,base,1,138,1,3,16.0,16,0,1,1,zero,
llm_iterative,base,1,138,2,3,9.0,9,0,0,0,zero,
llm_iterative,base,1,139,0,3,9.0,9,0,0,0,zero,
llm_iterative,base,1,139,1,3,29.0,29,0,1,1,zero,
llm_iterative,base,1,139,2,3,8.0,8,0,0,0,zero,
llm_iterative,base,1,140,0,2,9.0,9,0,0,0,zero,
llm_iterative,base,1,140,1,2,29.0,29,0,0,0,zero,
llm_iterative,base,1,140,2,2,28.0,28,0,0,0,zero,
llm_iterative,base,1,141,0,2,13.0,13,0,0,0,zero,
llm_iterative,base,1,141,1,2,29.0,29,0,0,0,zero,
llm_iterative,base,1,141,2,2,31.0,31,0,0,0,zero,
llm_iterative,base,1,142,0,2,13.0,13,0,0,0,zero,
llm_iterative,base,1,142,1,2,30.0,30,0,0,0,zero,
llm_iterative,base,1,142,2,2,31.0,31,0,0,0,zero,
llm_iterative,base,1,143,0,2,11.0,11,0,0,0,zero,
llm_iterative,base,1,143,1,2,31.0,31,0,0,0,zero,
llm_iterative,base,1,143,2,2,31.0,31,0,0,0,zero,
llm_iterative,base,1,144,0,2,9.0,9,0,0,0,zero,
llm_iterative,base,1,144,1,2,31.0,31,0,0,0,zero,
llm_iterative,base,1,144,2,2,31.0,31,0,0,0,zero,
llm_iterative,base,1,145,0,2,7.0,7,0,0,0,zero,
llm_iterative,base,1,145,1,2,31.0,31,0,0,0,zero,
llm_iterative,base,1,145,2,2,31.0,31,0,0,0,zero,
llm_iterative,base,1,146,0,2,5.0,5,0,2,2,zero,
llm_iterative,base,1,146,1,2,29.0,29,0,0,0,zero,
llm_iterative,base,1,146,2,2,31.0,31,0,0,0,zero,
llm_iterative,base,1,147,0,2,3.0,3,0,0,0,zero,
llm_iterative,base,1,147,1,2,29.0,29,0,0,0,zero,
llm_iterative,base,1,147,2,2,31.0,31,0,0,0,zero,
llm_iterative,base,1,148,0,2,1.0,1,0,6,6,zero,
llm_iterative,base,1,148,1,2,23.0,23,0,0,0,zero,
llm_iterative,base,1,148,2,2,31.0,31,0,0,0,zero,
llm_iterative,base,1,149,0,2,1.0,0,1,2,2,zero,
llm_iterative,base,1,149,1,2,21.0,21,0,1,1,zero,
llm_iterative,base,1,149,2,2,30.0,30,0,0,0,zero,
llm_iterative,base,1,150,0,2,1.0,0,1,0,0,zero,
llm_iterative,base,1,150,1,2,21.0,21,0,1,1,zero,
llm_iterative,base,1,150,2,2,29.0,29,0,0,0,zero,
llm_iterative,base,1,151,0,2,3.0,0,3,0,0,zero,
llm_iterative,base,1,151,1,2,21.0,21,0,1,1,zero,
llm_iterative,base,1,151,2,2,28.0,28,0,0,0,zero,
llm_iterative,base,1,152,0,2,1.0,1,0,6,6,zero,
llm_iterative,base,1,152,1,2,15.0,15,0,0,0,zero,
llm_iterative,base,1,152,2,2,28.0,28,0,0,0,zero,
llm_iterative,base,1,153,0,2,1.0,1,0,0,0,zero,
llm_iterative,base,1,153,1,2,16.0,16,0,1,1,zero,
llm_iterative,base,1,153,2,2,27.0,27,0,0,0,zero,
llm_iterative,base,1,154,0,2,1.0,0,1,2,2,zero,
llm_iterative,base,1,154,1,2,15.0,15,0,1,1,zero,
llm_iterative,base,1,154,2,2,26.0,26,0,0,0,zero,
llm_iterative,base,1,155,0,2,3.0,0,3,0,0,zero,
llm_iterative,base,1,155,1,2,16.0,16,0,1,1,zero,
llm_iterative,base,1,155,2,2,25.0,25,0,0,0,zero,
llm_iterative,base,1,156,0,2,1.0,1,0,6,6,zero,
llm_iterative,base,1,156,1,2,10.0,10,0,0,0,zero,
llm_iterative,base,1,156,2,2,25.0,25,0,0,0,zero,
llm_iterative,base,1,157,0,2,1.0,0,1,0,0,zero,
llm_iterative,base,1,157,1,2,11.0,11,0,1,1,zero,
llm_iterative,base,1,157,2,2,24.0,24,0,0,0,zero,
llm_iterative,base,1,158,0,2,1.0,0,1,0,0,zero,
llm_iterative,base,1,158,1,2,12.0,12,0,1,1,zero,
llm_iterative,base,1,158,2,2,23.0,23,0,0,0,zero,
llm_iterative,base,1,159,0,2,3.0,0,3,6,6,zero,
llm_iterative,base,1,159,1,2,7.0,7,0,0,0,zero,
llm_iterative,base,1,159,2,2,23.0,23,0,0,0,zero,
llm_iterative,base,1,160,0,2,1.0,1,0,0,0,zero,
llm_iterative,base,1,160,1,2,7.0,7,0,1,1,zero,
llm_iterative,base,1,160,2,2,22.0,22,0,0,0,zero,
llm_iterative,base,1,161,0,2,1.0,0,1,6,6,zero,
llm_iterative,base,1,161,1,2,2.0,2,0,1,1,zero,
llm_iterative,base,1,161,2,2,21.0,21,0,0,0,zero,
llm_iterative,base,1,162,0,1,2.0,0,2,0,0,zero,
llm_iterative,base,1,162,1,1,3.0,3,0,15,15,zero,
llm_iterative,base,1,162,2,1,6.0,6,0,0,0,zero,
llm_iterative,base,1,163,0,2,2.0,2,0,0,0,zero,
llm_iterative,base,1,163,1,2,3.0,3,0,1,1,zero,
llm_iterative,base,1,163,2,2,5.0,5,0,1,1,zero,
llm_iterative,base,1,164,0,2,-0.0,0,0,0,0,zero,
llm_iterative,base,1,164,1,2,4.0,4,0,0,0,zero,
llm_iterative,base,1,164,2,2,5.0,5,0,20,20,zero,
llm_iterative,base,1,165,0,2,4.0,4,0,6,6,zero,
llm_iterative,base,1,165,1,2,1.0,0,1,0,0,zero,
llm_iterative,base,1,165,2,2,5.0,5,0,0,0,zero,
llm_iterative,base,1,166,0,2,2.0,2,0,0,0,zero,
llm_iterative,base,1,166,1,2,14.0,14,0,1,1,zero,
llm_iterative,base,1,166,2,2,4.0,4,0,0,0,zero,
llm_iterative,base,1,167,0,1,1.0,1,0,2,2,zero,
llm_iterative,base,1,167,1,1,13.0,13,0,0,0,zero,
llm_iterative,base,1,167,2,1,5.0,5,0,0,0,zero,
llm_iterative,base,1,168,0,2,1.0,0,1,0,0,zero,
llm_iterative,base,1,168,1,2,13.0,13,0,1,1,zero,
llm_iterative,base,1,168,2,2,24.0,24,0,0,0,zero,
llm_iterative,base,1,169,0,2,2.0,2,0,6,6,zero,
llm_iterative,base,1,169,1,2,7.0,7,0,0,0,zero,
llm_iterative,base,1,169,2,2,24.0,24,0,0,0,zero,
llm_iterative,base,1,170,0,2,1.0,1,0,0,0,zero,
llm_iterative,base,1,170,1,2,8.0,8,0,15,15,zero,
llm_iterative,base,1,170,2,2,9.0,9,0,0,0,zero,
llm_iterative,base,1,171,0,2,1.0,1,0,0,0,zero,
llm_iterative,base,1,171,1,2,8.0,8,0,0,0,zero,
llm_iterative,base,1,171,2,2,9.0,9,0,1,1,zero,
llm_iterative,base,1,172,0,2,1.0,0,1,0,0,zero,
llm_iterative,base,1,172,1,2,9.0,9,0,0,0,zero,
llm_iterative,base,1,172,2,2,9.0,9,0,1,1,zero,
llm_iterative,base,1,173,0,2,3.0,3,0,6,6,zero,
llm_iterative,base,1,173,1,2,3.0,3,0,0,0,zero,
llm_iterative,base,1,173,2,2,9.0,9,0,0,0,zero,
llm_iterative,base,1,174,0,2,1.0,1,0,0,0,zero,
llm_iterative,base,1,174,1,2,18.0,18,0,1,1,zero,
llm_iterative,base,1,174,2,2,8.0,8,0,0,0,zero,
llm_iterative,base,1,175,0,2,1.0,0,1,0,0,zero,
llm_iterative,base,1,175,1,2,18.0,18,0,0,0,zero,
llm_iterative,base,1,175,2,2,9.0,9,0,0,0,zero,
llm_iterative,base,1,176,0,2,3.0,0,3,6,6,zero,
llm_iterative,base,1,176,1,2,12.0,12,0,0,0,zero,
llm_iterative,base,1,176,2,2,10.0,10,0,0,0,zero,
llm_iterative,base,1,177,0,2,1.0,1,0,0,0,zero,
llm_iterative,base,1,177,1,2,12.0,12,0,1,1,zero,
llm_iterative,base,1,177,2,2,9.0,9,0,0,0,zero,
llm_iterative,base,1,178,0,2,1.0,0,1,6,6,zero,
llm_iterative,base,1,178,1,2,7.0,7,0,1,1,zero,
llm_iterative,base,1,178,2,2,8.0,8,0,0,0,zero,
llm_iterative,base,1,179,0,2,3.0,0,3,0,0,zero,
llm_iterative,base,1,179,1,2,7.0,7,0,15,15,zero,
llm_iterative,base,1,179,2,2,7.0,0,7,1,1,zero,
llm_iterative,base,1,180,0,2,1.0,1,0,2,2,zero,
llm_iterative,base,1,180,1,2,5.0,5,0,1,1,zero,
llm_iterative,base,1,180,2,2,8.0,0,8,20,20,zero,
llm_iterative,base,1,181,0,2,1.0,0,1,0,0,zero,
llm_iterative,base,1,181,1,2,6.0,6,0,1,1,zero,
llm_iterative,base,1,181,2,2,9.0,0,9,20,20,zero,
llm_iterative,base,1,182,0,2,3.0,3,0,6,6,zero,
llm_iterative,base,1,182,1,2,1.0,1,0,0,0,zero,
llm_iterative,base,1,182,2,2,9.0,0,9,0,0,zero,
llm_iterative,base,1,183,0,2,1.0,1,0,0,0,zero,
llm_iterative,base,1,183,1,2,9.0,9,0,1,1,zero,
llm_iterative,base,1,183,2,2,9.0,0,9,0,0,zero,
llm_iterative,base,1,184,0,2,1.0,1,0,0,0,zero,
llm_iterative,base,1,184,1,2,9.0,9,0,1,1,zero,
llm_iterative,base,1,184,2,2,10.0,10,0,0,0,zero,
llm_iterative,base,1,185,0,2,1.0,0,1,0,0,zero,
llm_iterative,base,1,185,1,2,9.0,9,0,0,0,zero,
llm_iterative,base,1,185,2,2,30.0,30,0,0,0,zero,
llm_iterative,base,1,186,0,2,3.0,3,0,6,6,zero,
llm_iterative,base,1,186,1,2,3.0,3,0,0,0,zero,
llm_iterative,base,1,186,2,2,30.0,30,0,0,0,zero,
llm_iterative,base,1,187,0,2,1.0,1,0,0,0,zero,
llm_iterative,base,1,187,1,2,4.0,4,0,1,1,zero,
llm_iterative,base,1,187,2,2,29.0,29,0,0,0,zero,
llm_iterative,base,1,188,0,2,1.0,0,1,0,0,zero,
llm_iterative,base,1,188,1,2,14.0,14,0,0,0,zero,
llm_iterative,base,1,188,2,2,29.0,29,0,0,0,zero,
llm_iterative,base,1,189,0,2,3.0,0,3,6,6,zero,
llm_iterative,base,1,189,1,2,8.0,8,0,0,0,zero,
llm_iterative,base,1,189,2,2,29.0,29,0,0,0,zero,
llm_iterative,base,1,190,0,3,-0.0,0,0,0,0,zero,
llm_iterative,base,1,190,1,3,8.0,8,0,1,1,zero,
llm_iterative,base,1,190,2,3,28.0,28,0,0,0,zero,
llm_iterative,base,1,191,0,3,3.0,0,3,6,6,zero,
llm_iterative,base,1,191,1,3,3.0,3,0,1,1,zero,
llm_iterative,base,1,191,2,3,27.0,27,0,0,0,zero,
llm_iterative,base,1,192,0,3,6.0,0,6,0,0,zero,
llm_iterative,base,1,192,1,3,3.0,3,0,15,15,zero,
llm_iterative,base,1,192,2,3,12.0,12,0,0,0,zero,
llm_iterative,base,1,193,0,3,3.0,0,3,6,6,zero,
llm_iterative,base,1,193,1,3,3.0,0,3,1,1,zero,
llm_iterative,base,1,193,2,3,11.0,11,0,1,1,zero,
llm_iterative,base,1,194,0,3,6.0,0,6,6,6,zero,
llm_iterative,base,1,194,1,3,8.0,0,8,15,15,zero,
llm_iterative,base,1,194,2,3,4.0,0,4,1,1,zero,
llm_iterative,base,1,195,0,3,3.0,0,3,10,10,zero,
llm_iterative,base,1,195,1,3,17.0,0,17,3,3,zero,
llm_iterative,base,1,195,2,3,7.0,0,7,20,20,zero,
llm_iterative,base,1,196,0,3,6.0,0,6,10,10,zero,
llm_iterative,base,1,196,1,3,12.0,0,12,15,15,zero,
llm_iterative,base,1,196,2,3,22.0,0,22,20,20,zero,
llm_iterative,base,1,197,0,3,6.0,0,6,6,6,zero,
llm_iterative,base,1,197,1,3,17.0,0,17,15,15,zero,
llm_iterative,base,1,197,2,3,36.0,0,36,20,20,zero,
llm_iterative,base,1,198,0,3,8.0,0,8,6,6,zero,
llm_iterative,base,1,198,1,3,12.0,0,12,15,15,zero,
llm_iterative,base,1,198,2,3,50.0,0,50,20,20,zero,
llm_iterative,base,1,199,0,3,10.0,0,10,2,2,zero,
llm_iterative,base,1,199,1,3,14.0,0,14,18,18,zero,
llm_iterative,base,1,199,2,3,48.0,0,48,20,20,zero,
llm_iterative,base,1,200,0,4,1.0,1,0,6,6,zero,
llm_iterative,base,1,200,1,4,20.0,0,20,3,3,zero,
llm_iterative,base,1,200,2,4,31.0,0,31,20,20,zero,
llm_iterative,base,2,1,0,10,10.0,10,0,10,10,zero,
llm_iterative,base,2,1,1,10,10.0,10,0,15,15,zero,
llm_iterative,base,2,1,2,10,5.0,5,0,0,0,zero,
llm_iterative,base,2,2,0,9,11.0,11,0,10,10,zero,
llm_iterative,base,2,2,1,9,10.0,10,0,1,1,zero,
llm_iterative,base,2,2,2,9,14.0,14,0,20,20,zero,
llm_iterative,base,2,3,0,10,11.0,11,0,6,6,zero,
llm_iterative,base,2,3,1,10,14.0,14,0,15,15,zero,
llm_iterative,base,2,3,2,10,9.0,9,0,3,3,zero,
llm_iterative,base,2,4,0,9,12.0,12,0,10,10,zero,
llm_iterative,base,2,4,1,9,14.0,14,0,1,1,zero,
llm_iterative,base,2,4,2,9,18.0,18,0,20,20,zero,
llm_iterative,base,2,5,0,9,13.0,13,0,6,6,zero,
llm_iterative,base,2,5,1,9,23.0,23,0,15,15,zero,
llm_iterative,base,2,5,2,9,3.0,3,0,0,0,zero,
llm_iterative,base,2,6,0,9,14.0,14,0,9,9,zero,
llm_iterative,base,2,6,1,9,15.0,15,0,1,1,zero,
llm_iterative,base,2,6,2,9,22.0,22,0,16,16,zero,
llm_iterative,base,2,7,0,8,12.0,12,0,9,9,zero,
llm_iterative,base,2,7,1,8,21.0,21,0,1,1,zero,
llm_iterative,base,2,7,2,8,24.0,24,0,0,0,zero,
llm_iterative,base,2,8,0,8,14.0,14,0,9,9,zero,
llm_iterative,base,2,8,1,8,13.0,13,0,15,15,zero,
llm_iterative,base,2,8,2,8,29.0,29,0,0,0,zero,
llm_iterative,base,2,9,0,8,12.0,12,0,2,2,zero,
llm_iterative,base,2,9,1,8,26.0,26,0,15,15,zero,
llm_iterative,base,2,9,2,8,14.0,14,0,1,1,zero,
llm_iterative,base,2,10,0,8,13.0,13,0,9,9,zero,
llm_iterative,base,2,10,1,8,18.0,18,0,0,0,zero,
llm_iterative,base,2,10,2,8,30.0,30,0,20,20,zero,
llm_iterative,base,2,11,0,9,13.0,13,0,6,6,zero,
llm_iterative,base,2,11,1,9,13.0,13,0,1,1,zero,
llm_iterative,base,2,11,2,9,29.0,29,0,0,0,zero,
llm_iterative,base,2,12,0,10,12.0,12,0,9,9,zero,
llm_iterative,base,2,12,1,10,19.0,19,0,1,1,zero,
llm_iterative,base,2,12,2,10,28.0,28,0,0,0,zero,
llm_iterative,base,2,13,0,9,5.0,5,0,9,9,zero,
llm_iterative,base,2,13,1,9,25.0,25,0,15,15,zero,
llm_iterative,base,2,13,2,9,14.0,14,0,0,0,zero,
llm_iterative,base,2,14,0,10,4.0,4,0,9,9,zero,
llm_iterative,base,2,14,1,10,16.0,16,0,15,15,zero,
llm_iterative,base,2,14,2,10,19.0,19,0,0,0,zero,
llm_iterative,base,2,15,0,11,1.0,0,1,9,9,zero,
llm_iterative,base,2,15,1,11,8.0,8,0,1,1,zero,
llm_iterative,base,2,15,2,11,18.0,18,0,20,20,zero,
llm_iterative,base,2,16,0,13,5.0,0,5,19,19,zero,
llm_iterative,base,2,16,1,13,10.0,0,10,15,15,zero,
llm_iterative,base,2,16,2,13,3.0,3,0,3,3,zero,
llm_iterative,base,2,17,0,11,7.0,0,7,19,19,zero,
llm_iterative,base,2,17,1,11,14.0,0,14,15,15,zero,
llm_iterative,base,2,17,2,11,12.0,0,12,20,20,zero,
llm_iterative,base,2,18,0,11,9.0,0,9,9,9,zero,
llm_iterative,base,2,18,1,11,8.0,0,8,15,15,zero,
llm_iterative,base,2,18,2,11,27.0,0,27,20,20,zero,
llm_iterative,base,2,19,0,12,12.0,0,12,10,10,zero,
llm_iterative,base,2,19,1,12,17.0,0,17,15,15,zero,
llm_iterative,base,2,19,2,12,22.0,0,22,20,20,zero,
llm_iterative,base,2,20,0,10,13.0,0,13,19,19,zero,
llm_iterative,base,2,20,1,10,21.0,0,21,15,15,zero,
llm_iterative,base,2,20,2,10,34.0,0,34,20,20,zero,
llm_iterative,base,2,21,0,10,8.0,0,8,6,6,zero,
llm_iterative,base,2,21,1,10,24.0,0,24,15,15,zero,
llm_iterative,base,2,21,2,10,29.0,0,29,20,20,zero,
llm_iterative,base,2,22,0,9,2.0,0,2,19,19,zero,
llm_iterative,base,2,22,1,9,43.0,0,43,11,11,zero,
llm_iterative,base,2,22,2,9,20.0,0,20,16,16,zero,
llm_iterative,base,2,23,0,9,10.0,0,10,19,19,zero,
llm_iterative,base,2,23,1,9,42.0,0,42,18,18,zero,
llm_iterative,base,2,23,2,9,18.0,0,18,16,16,zero,
llm_iterative,base,2,24,0,9,4.0,0,4,6,6,zero,
llm_iterative,base,2,24,1,9,45.0,0,45,18,18,zero,
llm_iterative,base,2,24,2,9,16.0,0,16,16,16,zero,
llm_iterative,base,2,25,0,9,10.0,0,10,10,10,zero,
llm_iterative,base,2,25,1,9,35.0,0,35,3,3,zero,
llm_iterative,base,2,25,2,9,1.0,1,0,20,20,zero,
llm_iterative,base,2,26,0,9,19.0,0,19,6,6,zero,
llm_iterative,base,2,26,1,9,21.0,0,21,0,0,zero,
llm_iterative,base,2,26,2,9,17.0,17,0,16,16,zero,
llm_iterative,base,2,27,0,9,8.0,0,8,6,6,zero,
llm_iterative,base,2,27,1,9,7.0,0,7,0,0,zero,
llm_iterative,base,2,27,2,9,33.0,33,0,0,0,zero,
llm_iterative,base,2,28,0,10,15.0,0,15,0,0,zero,
llm_iterative,base,2,28,1,10,13.0,13,0,18,18,zero,
llm_iterative,base,2,28,2,10,31.0,31,0,0,0,zero,
llm_iterative,base,2,29,0,11,6.0,0,6,6,6,zero,
llm_iterative,base,2,29,1,11,26.0,26,0,0,0,zero,
llm_iterative,base,2,29,2,11,51.0,51,0,1,1,zero,
llm_iterative,base,2,30,0,11,3.0,3,0,6,6,zero,
llm_iterative,base,2,30,1,11,20.0,20,0,12,12,zero,
llm_iterative,base,2,30,2,11,55.0,55,0,0,0,zero,
llm_iterative,base,2,31,0,11,12.0,12,0,10,10,zero,
llm_iterative,base,2,31,1,11,10.0,10,0,0,0,zero,
llm_iterative,base,2,31,2,11,55.0,55,0,1,1,zero,
llm_iterative,base,2,32,0,11,8.0,8,0,19,19,zero,
llm_iterative,base,2,32,1,11,9.0,9,0,12,12,zero,
llm_iterative,base,2,32,2,11,43.0,43,0,0,0,zero,
llm_iterative,base,2,33,0,12,2.0,2,0,9,9,zero,
llm_iterative,base,2,33,1,12,-0.0,0,0,15,15,zero,
llm_iterative,base,2,33,2,12,29.0,29,0,0,0,zero,
llm_iterative,base,2,34,0,11,3.0,0,3,19,19,zero,
llm_iterative,base,2,34,1,11,7.0,0,7,15,15,zero,
llm_iterative,base,2,34,2,11,14.0,14,0,20,20,zero,
llm_iterative,base,2,35,0,12,5.0,0,5,10,10,zero,
llm_iterative,base,2,35,1,12,17.0,0,17,18,18,zero,
llm_iterative,base,2,35,2,12,3.0,0,3,20,20,zero,
llm_iterative,base,2,36,0,12,2.0,2,0,10,10,zero,
llm_iterative,base,2,36,1,12,15.0,0,15,15,15,zero,
llm_iterative,base,2,36,2,12,18.0,0,18,20,20,zero,
llm_iterative,base,2,37,0,12,1.0,0,1,10,10,zero,
llm_iterative,base,2,37,1,12,10.0,0,10,18,18,zero,
llm_iterative,base,2,37,2,12,36.0,0,36,20,20,zero,
llm_iterative,base,2,38,0,13,2.0,0,2,9,9,zero,
llm_iterative,base,2,38,1,13,4.0,0,4,18,18,zero,
llm_iterative,base,2,38,2,13,34.0,0,34,20,20,zero,
llm_iterative,base,2,39,0,13,15.0,0,15,19,19,zero,
llm_iterative,base,2,39,1,13,8.0,0,8,18,18,zero,
llm_iterative,base,2,39,2,13,32.0,0,32,20,20,zero,
llm_iterative,base,2,40,0,13,16.0,0,16,10,10,zero,
llm_iterative,base,2,40,1,13,18.0,0,18,18,18,zero,
llm_iterative,base,2,40,2,13,30.0,0,30,20,20,zero,
llm_iterative,base,2,41,0,14,15.0,0,15,10,10,zero,
llm_iterative,base,2,41,1,14,28.0,0,28,18,18,zero,
llm_iterative,base,2,41,2,14,28.0,0,28,20,20,zero,
llm_iterative,base,2,42,0,14,14.0,0,14,10,10,zero,
llm_iterative,base,2,42,1,14,18.0,0,18,3,3,zero,
llm_iterative,base,2,42,2,14,11.0,0,11,20,20,zero,
llm_iterative,base,2,43,0,15,14.0,0,14,10,10,zero,
llm_iterative,base,2,43,1,15,8.0,0,8,0,0,zero,
llm_iterative,base,2,43,2,15,9.0,9,0,1,1,zero,
llm_iterative,base,2,44,0,16,30.0,0,30,19,19,zero,
llm_iterative,base,2,44,1,16,7.0,0,7,18,18,zero,
llm_iterative,base,2,44,2,16,11.0,11,0,0,0,zero,
llm_iterative,base,2,45,0,14,44.0,0,44,19,19,zero,
llm_iterative,base,2,45,1,14,6.0,0,6,18,18,zero,
llm_iterative,base,2,45,2,14,13.0,13,0,16,16,zero,
llm_iterative,base,2,46,0,14,38.0,0,38,10,10,zero,
llm_iterative,base,2,46,1,14,4.0,4,0,18,18,zero,
llm_iterative,base,2,46,2,14,15.0,15,0,20,20,zero,
llm_iterative,base,2,47,0,14,32.0,0,32,10,10,zero,
llm_iterative,base,2,47,1,14,5.0,5,0,18,18,zero,
llm_iterative,base,2,47,2,14,2.0,0,2,20,20,zero,
llm_iterative,base,2,48,0,13,25.0,0,25,10,10,zero,
llm_iterative,base,2,48,1,13,13.0,13,0,3,3,zero,
llm_iterative,base,2,48,2,13,5.0,0,5,20,20,zero,
llm_iterative,base,2,49,0,12,17.0,0,17,10,10,zero,
llm_iterative,base,2,49,1,12,21.0,21,0,12,12,zero,
llm_iterative,base,2,49,2,12,1.0,0,1,0,0,zero,
llm_iterative,base,2,50,0,14,15.0,0,15,10,10,zero,
llm_iterative,base,2,50,1,14,29.0,29,0,3,3,zero,
llm_iterative,base,2,50,2,14,16.0,16,0,0,0,zero,
llm_iterative,base,2,51,0,16,21.0,0,21,19,19,zero,
llm_iterative,base,2,51,1,16,26.0,26,0,12,12,zero,
llm_iterative,base,2,51,2,16,24.0,24,0,0,0,zero,
llm_iterative,base,2,52,0,15,26.0,0,26,19,19,zero,
llm_iterative,base,2,52,1,15,7.0,7,0,18,18,zero,
llm_iterative,base,2,52,2,15,26.0,26,0,0,0,zero,
llm_iterative,base,2,53,0,17,33.0,0,33,19,19,zero,
llm_iterative,base,2,53,1,17,4.0,4,0,15,15,zero,
llm_iterative,base,2,53,2,17,11.0,11,0,20,20,zero,
llm_iterative,base,2,54,0,15,38.0,0,38,17,17,zero,
llm_iterative,base,2,54,1,15,9.0,0,9,18,18,zero,
llm_iterative,base,2,54,2,15,7.0,0,7,20,20,zero,
llm_iterative,base,2,55,0,13,32.0,0,32,19,19,zero,
llm_iterative,base,2,55,1,13,16.0,0,16,18,18,zero,
llm_iterative,base,2,55,2,13,25.0,0,25,20,20,zero,
llm_iterative,base,2,56,0,14,27.0,0,27,10,10,zero,
llm_iterative,base,2,56,1,14,8.0,0,8,18,18,zero,
llm_iterative,base,2,56,2,14,43.0,0,43,20,20,zero,
llm_iterative,base,2,57,0,15,23.0,0,23,10,10,zero,
llm_iterative,base,2,57,1,15,3.0,0,3,18,18,zero,
llm_iterative,base,2,57,2,15,41.0,0,41,20,20,zero,
llm_iterative,base,2,58,0,14,29.0,0,29,19,19,zero,
llm_iterative,base,2,58,1,14,11.0,0,11,15,15,zero,
llm_iterative,base,2,58,2,14,36.0,0,36,20,20,zero,
llm_iterative,base,2,59,0,15,32.0,0,32,19,19,zero,
llm_iterative,base,2,59,1,15,30.0,0,30,18,18,zero,
llm_iterative,base,2,59,2,15,34.0,0,34,20,20,zero,
llm_iterative,base,2,60,0,15,29.0,0,29,19,19,zero,
llm_iterative,base,2,60,1,15,49.0,0,49,18,18,zero,
llm_iterative,base,2,60,2,15,32.0,0,32,20,20,zero,
llm_iterative,base,2,61,0,15,29.0,0,29,19,19,zero,
llm_iterative,base,2,61,1,15,48.0,0,48,18,18,zero,
llm_iterative,base,2,61,2,15,30.0,0,30,20,20,zero,
llm_iterative,base,2,62,0,15,33.0,0,33,10,10,zero,
llm_iterative,base,2,62,1,15,38.0,0,38,18,18,zero,
llm_iterative,base,2,62,2,15,28.0,0,28,20,20,zero,
llm_iterative,base,2,63,0,15,48.0,0,48,19,19,zero,
llm_iterative,base,2,63,1,15,37.0,0,37,3,3,zero,
llm_iterative,base,2,63,2,15,11.0,0,11,20,20,zero,
llm_iterative,base,2,64,0,16,64.0,0,64,17,17,zero,
llm_iterative,base,2,64,1,16,34.0,0,34,18,18,zero,
llm_iterative,base,2,64,2,16,9.0,0,9,1,1,zero,
llm_iterative,base,2,65,0,15,59.0,0,59,17,17,zero,
llm_iterative,base,2,65,1,15,31.0,0,31,18,18,zero,
llm_iterative,base,2,65,2,15,7.0,0,7,20,20,zero,
llm_iterative,base,2,66,0,16,55.0,0,55,10,10,zero,
llm_iterative,base,2,66,1,16,21.0,0,21,18,18,zero,
llm_iterative,base,2,66,2,16,5.0,0,5,20,20,zero,
llm_iterative,base,2,67,0,15,50.0,0,50,10,10,zero,
llm_iterative,base,2,67,1,15,11.0,0,11,18,18,zero,
llm_iterative,base,2,67,2,15,3.0,0,3,20,20,zero,
llm_iterative,base,2,68,0,15,45.0,0,45,10,10,zero,
llm_iterative,base,2,68,1,15,1.0,0,1,0,0,zero,
llm_iterative,base,2,68,2,15,2.0,0,2,20,20,zero,
llm_iterative,base,2,69,0,14,39.0,0,39,10,10,zero,
llm_iterative,base,2,69,1,14,9.0,9,0,18,18,zero,
llm_iterative,base,2,69,2,14,-0.0,0,0,0,0,zero,
llm_iterative,base,2,70,0,12,31.0,0,31,10,10,zero,
llm_iterative,base,2,70,1,12,19.0,19,0,18,18,zero,
llm_iterative,base,2,70,2,12,2.0,2,0,1,1,zero,
llm_iterative,base,2,71,0,13,24.0,0,24,10,10,zero,
llm_iterative,base,2,71,1,13,29.0,29,0,18,18,zero,
llm_iterative,base,2,71,2,13,4.0,4,0,20,20,zero,
llm_iterative,base,2,72,0,14,18.0,0,18,10,10,zero,
llm_iterative,base,2,72,1,14,20.0,20,0,0,0,zero,
llm_iterative,base,2,72,2,14,24.0,24,0,20,20,zero,
llm_iterative,base,2,73,0,15,22.0,0,22,19,19,zero,
llm_iterative,base,2,73,1,15,21.0,21,0,3,3,zero,
llm_iterative,base,2,73,2,15,21.0,21,0,0,0,zero,
llm_iterative,base,2,74,0,15,27.0,0,27,19,19,zero,
llm_iterative,base,2,74,1,15,20.0,20,0,18,18,zero,
llm_iterative,base,2,74,2,15,4.0,4,0,0,0,zero,
llm_iterative,base,2,75,0,15,32.0,0,32,19,19,zero,
llm_iterative,base,2,75,1,15,19.0,19,0,15,15,zero,
llm_iterative,base,2,75,2,15,9.0,9,0,0,0,zero,
llm_iterative,base,2,76,0,13,35.0,0,35,17,17,zero,
llm_iterative,base,2,76,1,13,2.0,2,0,15,15,zero,
llm_iterative,base,2,76,2,13,14.0,14,0,20,20,zero,
llm_iterative,base,2,77,0,14,30.0,0,30,10,10,zero,
llm_iterative,base,2,77,1,14,5.0,0,5,15,15,zero,
llm_iterative,base,2,77,2,14,1.0,0,1,20,20,zero,
llm_iterative,base,2,78,0,14,25.0,0,25,19,19,zero,
llm_iterative,base,2,78,1,14,6.0,0,6,15,15,zero,
llm_iterative,base,2,78,2,14,16.0,0,16,20,20,zero,
llm_iterative,base,2,79,0,18,24.0,0,24,10,10,zero,
llm_iterative,base,2,79,1,18,1.0,0,1,18,18,zero,
llm_iterative,base,2,79,2,18,34.0,0,34,20,20,zero,
llm_iterative,base,2,80,0,18,25.0,0,25,19,19,zero,
llm_iterative,base,2,80,1,18,5.0,0,5,15,15,zero,
llm_iterative,base,2,80,2,18,29.0,0,29,20,20,zero,
llm_iterative,base,2,81,0,20,40.0,0,40,19,19,zero,
llm_iterative,base,2,81,1,20,10.0,0,10,15,15,zero,
llm_iterative,base,2,81,2,20,24.0,0,24,17,17,zero,
llm_iterative,base,2,82,0,20,42.0,0,42,19,19,zero,
llm_iterative,base,2,82,1,20,29.0,0,29,18,18,zero,
llm_iterative,base,2,82,2,20,22.0,0,22,16,16,zero,
llm_iterative,base,2,83,0,20,47.0,0,47,19,19,zero,
llm_iterative,base,2,83,1,20,48.0,0,48,18,18,zero,
llm_iterative,base,2,83,2,20,20.0,0,20,20,20,zero,
llm_iterative,base,2,84,0,20,52.0,0,52,17,17,zero,
llm_iterative,base,2,84,1,20,45.0,0,45,18,18,zero,
llm_iterative,base,2,84,2,20,18.0,0,18,20,20,zero,
llm_iterative,base,2,85,0,20,58.0,0,58,17,17,zero,
llm_iterative,base,2,85,1,20,42.0,0,42,18,18,zero,
llm_iterative,base,2,85,2,20,19.0,0,19,20,20,zero,
llm_iterative,base,2,86,0,20,78.0,0,78,17,17,zero,
llm_iterative,base,2,86,1,20,39.0,0,39,18,18,zero,
llm_iterative,base,2,86,2,20,21.0,0,21,20,20,zero,
llm_iterative,base,2,87,0,19,97.0,0,97,17,17,zero,
llm_iterative,base,2,87,1,19,36.0,0,36,18,18,zero,
llm_iterative,base,2,87,2,19,19.0,0,19,20,20,zero,
llm_iterative,base,2,88,0,19,96.0,0,96,17,17,zero,
llm_iterative,base,2,88,1,19,33.0,0,33,18,18,zero,
llm_iterative,base,2,88,2,19,17.0,0,17,20,20,zero,
llm_iterative,base,2,89,0,17,93.0,0,93,17,17,zero,
llm_iterative,base,2,89,1,17,33.0,0,33,18,18,zero,
llm_iterative,base,2,89,2,17,15.0,0,15,20,20,zero,
llm_iterative,base,2,90,0,17,90.0,0,90,17,17,zero,
llm_iterative,base,2,90,1,17,34.0,0,34,18,18,zero,
llm_iterative,base,2,90,2,17,13.0,0,13,16,16,zero,
llm_iterative,base,2,91,0,17,87.0,0,87,17,17,zero,
llm_iterative,base,2,91,1,17,31.0,0,31,18,18,zero,
llm_iterative,base,2,91,2,17,11.0,0,11,20,20,zero,
llm_iterative,base,2,92,0,14,81.0,0,81,17,17,zero,
llm_iterative,base,2,92,1,14,28.0,0,28,18,18,zero,
llm_iterative,base,2,92,2,14,9.0,0,9,20,20,zero,
llm_iterative,base,2,93,0,13,77.0,0,77,17,17,zero,
llm_iterative,base,2,93,1,13,25.0,0,25,18,18,zero,
llm_iterative,base,2,93,2,13,7.0,0,7,20,20,zero,
llm_iterative,base,2,94,0,13,74.0,0,74,17,17,zero,
llm_iterative,base,2,94,1,13,22.0,0,22,18,18,zero,
llm_iterative,base,2,94,2,13,9.0,0,9,20,20,zero,
llm_iterative,base,2,95,0,14,68.0,0,68,17,17,zero,
llm_iterative,base,2,95,1,14,19.0,0,19,18,18,zero,
llm_iterative,base,2,95,2,14,7.0,0,7,16,16,zero,
llm_iterative,base,2,96,0,16,64.0,0,64,17,17,zero,
llm_iterative,base,2,96,1,16,16.0,0,16,18,18,zero,
llm_iterative,base,2,96,2,16,5.0,0,5,20,20,zero,
llm_iterative,base,2,97,0,15,59.0,0,59,17,17,zero,
llm_iterative,base,2,97,1,15,13.0,0,13,18,18,zero,
llm_iterative,base,2,97,2,15,3.0,0,3,20,20,zero,
llm_iterative,base,2,98,0,14,53.0,0,53,10,10,zero,
llm_iterative,base,2,98,1,14,7.0,0,7,18,18,zero,
llm_iterative,base,2,98,2,14,1.0,0,1,16,16,zero,
llm_iterative,base,2,99,0,16,49.0,0,49,10,10,zero,
llm_iterative,base,2,99,1,16,3.0,3,0,18,18,zero,
llm_iterative,base,2,99,2,16,3.0,0,3,16,16,zero,
llm_iterative,base,2,100,0,13,42.0,0,42,10,10,zero,
llm_iterative,base,2,100,1,13,13.0,13,0,18,18,zero,
llm_iterative,base,2,100,2,13,1.0,0,1,20,20,zero,
llm_iterative,base,2,101,0,10,32.0,0,32,19,19,zero,
llm_iterative,base,2,101,1,10,14.0,14,0,0,0,zero,
llm_iterative,base,2,101,2,10,19.0,19,0,20,20,zero,
llm_iterative,base,2,102,0,11,27.0,0,27,10,10,zero,
llm_iterative,base,2,102,1,11,24.0,24,0,18,18,zero,
llm_iterative,base,2,102,2,11,17.0,17,0,0,0,zero,
llm_iterative,base,2,103,0,12,22.0,0,22,19,19,zero,
llm_iterative,base,2,103,1,12,21.0,21,0,3,3,zero,
llm_iterative,base,2,103,2,12,30.0,30,0,1,1,zero,
llm_iterative,base,2,104,0,11,23.0,0,23,10,10,zero,
llm_iterative,base,2,104,1,11,31.0,31,0,18,18,zero,
llm_iterative,base,2,104,2,11,32.0,32,0,0,0,zero,
llm_iterative,base,2,105,0,11,15.0,0,15,10,10,zero,
llm_iterative,base,2,105,1,11,22.0,22,0,3,3,zero,
llm_iterative,base,2,105,2,11,49.0,49,0,16,16,zero,
llm_iterative,base,2,106,0,10,15.0,0,15,10,10,zero,
llm_iterative,base,2,106,1,10,30.0,30,0,15,15,zero,
llm_iterative,base,2,106,2,10,34.0,34,0,0,0,zero,
llm_iterative,base,2,107,0,10,6.0,0,6,10,10,zero,
llm_iterative,base,2,107,1,10,23.0,23,0,3,3,zero,
llm_iterative,base,2,107,2,10,32.0,32,0,1,1,zero,
llm_iterative,base,2,108,0,9,5.0,0,5,19,19,zero,
llm_iterative,base,2,108,1,9,22.0,22,0,1,1,zero,
llm_iterative,base,2,108,2,9,31.0,31,0,0,0,zero,
llm_iterative,base,2,109,0,10,5.0,0,5,6,6,zero,
llm_iterative,base,2,109,1,10,19.0,19,0,15,15,zero,
llm_iterative,base,2,109,2,10,32.0,32,0,0,0,zero,
llm_iterative,base,2,110,0,10,5.0,0,5,10,10,zero,
llm_iterative,base,2,110,1,10,24.0,24,0,3,3,zero,
llm_iterative,base,2,110,2,10,29.0,29,0,1,1,zero,
llm_iterative,base,2,111,0,10,5.0,0,5,10,10,zero,
llm_iterative,base,2,111,1,10,17.0,17,0,15,15,zero,
llm_iterative,base,2,111,2,10,15.0,15,0,1,1,zero,
llm_iterative,base,2,112,0,10,4.0,4,0,10,10,zero,
llm_iterative,base,2,112,1,10,8.0,8,0,3,3,zero,
llm_iterative,base,2,112,2,10,12.0,12,0,20,20,zero,
llm_iterative,base,2,113,0,9,1.0,1,0,10,10,zero,
llm_iterative,base,2,113,1,9,13.0,13,0,15,15,zero,
llm_iterative,base,2,113,2,9,3.0,0,3,20,20,zero,
llm_iterative,base,2,114,0,11,-0.0,0,0,10,10,zero,
llm_iterative,base,2,114,1,11,6.0,6,0,15,15,zero,
llm_iterative,base,2,114,2,11,17.0,0,17,20,20,zero,
llm_iterative,base,2,115,0,12,2.0,0,2,10,10,zero,
llm_iterative,base,2,115,1,12,11.0,11,0,15,15,zero,
llm_iterative,base,2,115,2,12,31.0,0,31,20,20,zero,
llm_iterative,base,2,116,0,11,3.0,0,3,19,19,zero,
llm_iterative,base,2,116,1,11,5.0,0,5,15,15,zero,
llm_iterative,base,2,116,2,11,26.0,0,26,16,16,zero,
llm_iterative,base,2,117,0,12,5.0,0,5,19,19,zero,
llm_iterative,base,2,117,1,12,12.0,0,12,15,15,zero,
llm_iterative,base,2,117,2,12,21.0,0,21,16,16,zero,
llm_iterative,base,2,118,0,12,7.0,0,7,19,19,zero,
llm_iterative,base,2,118,1,12,30.0,0,30,15,15,zero,
llm_iterative,base,2,118,2,12,16.0,0,16,16,16,zero,
llm_iterative,base,2,119,0,13,10.0,0,10,19,19,zero,
llm_iterative,base,2,119,1,13,48.0,0,48,15,15,zero,
llm_iterative,base,2,119,2,13,11.0,0,11,20,20,zero,
llm_iterative,base,2,120,0,13,9.0,0,9,19,19,zero,
llm_iterative,base,2,120,1,13,47.0,0,47,18,18,zero,
llm_iterative,base,2,120,2,13,13.0,0,13,16,16,zero,
llm_iterative,base,2,121,0,14,11.0,0,11,10,10,zero,
llm_iterative,base,2,121,1,14,37.0,0,37,18,18,zero,
llm_iterative,base,2,121,2,14,15.0,0,15,20,20,zero,
llm_iterative,base,2,122,0,17,27.0,0,27,19,19,zero,
llm_iterative,base,2,122,1,17,36.0,0,36,3,3,zero,
llm_iterative,base,2,122,2,17,2.0,0,2,20,20,zero,
llm_iterative,base,2,123,0,17,43.0,0,43,19,19,zero,
llm_iterative,base,2,123,1,17,35.0,0,35,18,18,zero,
llm_iterative,base,2,123,2,17,-0.0,0,0,1,1,zero,
llm_iterative,base,2,124,0,16,39.0,0,39,10,10,zero,
llm_iterative,base,2,124,1,16,29.0,0,29,18,18,zero,
llm_iterative,base,2,124,2,16,2.0,0,2,16,16,zero,
llm_iterative,base,2,125,0,18,37.0,0,37,10,10,zero,
llm_iterative,base,2,125,1,18,23.0,0,23,18,18,zero,
llm_iterative,base,2,125,2,18,-0.0,0,0,20,20,zero,
llm_iterative,base,2,126,0,20,37.0,0,37,10,10,zero,
llm_iterative,base,2,126,1,20,17.0,0,17,0,0,zero,
llm_iterative,base,2,126,2,20,20.0,20,0,20,20,zero,
llm_iterative,base,2,127,0,18,35.0,0,35,19,19,zero,
llm_iterative,base,2,127,1,18,16.0,0,16,18,18,zero,
llm_iterative,base,2,127,2,18,3.0,3,0,0,0,zero,
llm_iterative,base,2,128,0,18,37.0,0,37,19,19,zero,
llm_iterative,base,2,128,1,18,19.0,0,19,18,18,zero,
llm_iterative,base,2,128,2,18,1.0,1,0,3,3,zero,
llm_iterative,base,2,129,0,17,38.0,0,38,19,19,zero,
llm_iterative,base,2,129,1,17,18.0,0,18,18,18,zero,
llm_iterative,base,2,129,2,17,3.0,3,0,20,20,zero,
llm_iterative,base,2,130,0,17,39.0,0,39,19,19,zero,
llm_iterative,base,2,130,1,17,37.0,0,37,18,18,zero,
llm_iterative,base,2,130,2,17,5.0,5,0,20,20,zero,
llm_iterative,base,2,131,0,15,34.0,0,34,19,19,zero,
llm_iterative,base,2,131,1,15,38.0,0,38,18,18,zero,
llm_iterative,base,2,131,2,15,13.0,0,13,20,20,zero,
llm_iterative,base,2,132,0,16,34.0,0,34,10,10,zero,
llm_iterative,base,2,132,1,16,30.0,0,30,18,18,zero,
llm_iterative,base,2,132,2,16,28.0,0,28,20,20,zero,
llm_iterative,base,2,133,0,17,31.0,0,31,19,19,zero,
llm_iterative,base,2,133,1,17,31.0,0,31,18,18,zero,
llm_iterative,base,2,133,2,17,26.0,0,26,20,20,zero,
llm_iterative,base,2,134,0,17,48.0,0,48,19,19,zero,
llm_iterative,base,2,134,1,17,32.0,0,32,18,18,zero,
llm_iterative,base,2,134,2,17,24.0,0,24,20,20,zero,
llm_iterative,base,2,135,0,15,45.0,0,45,19,19,zero,
llm_iterative,base,2,135,1,15,46.0,0,46,18,18,zero,
llm_iterative,base,2,135,2,15,22.0,0,22,20,20,zero,
llm_iterative,base,2,136,0,15,42.0,0,42,19,19,zero,
llm_iterative,base,2,136,1,15,62.0,0,62,18,18,zero,
llm_iterative,base,2,136,2,15,20.0,0,20,20,20,zero,
llm_iterative,base,2,137,0,14,38.0,0,38,19,19,zero,
llm_iterative,base,2,137,1,14,61.0,0,61,18,18,zero,
llm_iterative,base,2,137,2,14,18.0,0,18,20,20,zero,
llm_iterative,base,2,138,0,14,34.0,0,34,10,10,zero,
llm_iterative,base,2,138,1,14,51.0,0,51,18,18,zero,
llm_iterative,base,2,138,2,14,16.0,0,16,20,20,zero,
llm_iterative,base,2,139,0,14,43.0,0,43,19,19,zero,
llm_iterative,base,2,139,1,14,50.0,0,50,18,18,zero,
llm_iterative,base,2,139,2,14,14.0,0,14,20,20,zero,
llm_iterative,base,2,140,0,16,56.0,0,56,17,17,zero,
llm_iterative,base,2,140,1,16,47.0,0,47,18,18,zero,
llm_iterative,base,2,140,2,16,12.0,0,12,16,16,zero,
llm_iterative,base,2,141,0,17,53.0,0,53,10,10,zero,
llm_iterative,base,2,141,1,17,37.0,0,37,18,18,zero,
llm_iterative,base,2,141,2,17,10.0,0,10,20,20,zero,
llm_iterative,base,2,142,0,17,50.0,0,50,10,10,zero,
llm_iterative,base,2,142,1,17,27.0,0,27,18,18,zero,
llm_iterative,base,2,142,2,17,8.0,0,8,20,20,zero,
llm_iterative,base,2,143,0,18,48.0,0,48,10,10,zero,
llm_iterative,base,2,143,1,18,17.0,0,17,0,0,zero,
llm_iterative,base,2,143,2,18,12.0,12,0,20,20,zero,
llm_iterative,base,2,144,0,20,48.0,0,48,19,19,zero,
llm_iterative,base,2,144,1,20,16.0,0,16,18,18,zero,
llm_iterative,base,2,144,2,20,10.0,10,0,0,0,zero,
llm_iterative,base,2,145,0,20,48.0,0,48,19,19,zero,
llm_iterative,base,2,145,1,20,15.0,0,15,18,18,zero,
llm_iterative,base,2,145,2,20,12.0,12,0,16,16,zero,
llm_iterative,base,2,146,0,19,47.0,0,47,19,19,zero,
llm_iterative,base,2,146,1,19,14.0,0,14,18,18,zero,
llm_iterative,base,2,146,2,19,14.0,14,0,20,20,zero,
llm_iterative,base,2,147,0,17,44.0,0,44,19,19,zero,
llm_iterative,base,2,147,1,17,25.0,0,25,18,18,zero,
llm_iterative,base,2,147,2,17,16.0,16,0,20,20,zero,
llm_iterative,base,2,148,0,17,41.0,0,41,19,19,zero,
llm_iterative,base,2,148,1,17,26.0,0,26,18,18,zero,
llm_iterative,base,2,148,2,17,2.0,0,2,20,20,zero,
llm_iterative,base,2,149,0,16,37.0,0,37,10,10,zero,
llm_iterative,base,2,149,1,16,18.0,0,18,18,18,zero,
llm_iterative,base,2,149,2,16,4.0,0,4,20,20,zero,
llm_iterative,base,2,150,0,16,33.0,0,33,19,19,zero,
llm_iterative,base,2,150,1,16,19.0,0,19,18,18,zero,
llm_iterative,base,2,150,2,16,2.0,0,2,0,0,zero,
llm_iterative,base,2,151,0,16,41.0,0,41,19,19,zero,
llm_iterative,base,2,151,1,16,20.0,0,20,18,18,zero,
llm_iterative,base,2,151,2,16,-0.0,0,0,20,20,zero,
llm_iterative,base,2,152,0,14,37.0,0,37,19,19,zero,
llm_iterative,base,2,152,1,14,23.0,0,23,18,18,zero,
llm_iterative,base,2,152,2,14,2.0,2,0,20,20,zero,
llm_iterative,base,2,153,0,14,33.0,0,33,10,10,zero,
llm_iterative,base,2,153,1,14,17.0,0,17,18,18,zero,
llm_iterative,base,2,153,2,14,4.0,4,0,20,20,zero,
llm_iterative,base,2,154,0,14,29.0,0,29,10,10,zero,
llm_iterative,base,2,154,1,14,7.0,0,7,18,18,zero,
llm_iterative,base,2,154,2,14,14.0,0,14,20,20,zero,
llm_iterative,base,2,155,0,14,25.0,0,25,10,10,zero,
llm_iterative,base,2,155,1,14,3.0,3,0,18,18,zero,
llm_iterative,base,2,155,2,14,12.0,0,12,20,20,zero,
llm_iterative,base,2,156,0,15,24.0,0,24,19,19,zero,
llm_iterative,base,2,156,1,15,2.0,2,0,18,18,zero,
llm_iterative,base,2,156,2,15,10.0,0,10,16,16,zero,
llm_iterative,base,2,157,0,15,23.0,0,23,10,10,zero,
llm_iterative,base,2,157,1,15,10.0,10,0,18,18,zero,
llm_iterative,base,2,157,2,15,8.0,0,8,20,20,zero,
llm_iterative,base,2,158,0,13,16.0,0,16,19,19,zero,
llm_iterative,base,2,158,1,13,5.0,0,5,3,3,zero,
llm_iterative,base,2,158,2,13,9.0,9,0,20,20,zero,
llm_iterative,base,2,159,0,12,11.0,0,11,10,10,zero,
llm_iterative,base,2,159,1,12,5.0,5,0,18,18,zero,
llm_iterative,base,2,159,2,12,11.0,11,0,0,0,zero,
llm_iterative,base,2,160,0,12,4.0,0,4,10,10,zero,
llm_iterative,base,2,160,1,12,15.0,15,0,18,18,zero,
llm_iterative,base,2,160,2,12,9.0,9,0,16,16,zero,
llm_iterative,base,2,161,0,10,4.0,0,4,19,19,zero,
llm_iterative,base,2,161,1,10,16.0,16,0,3,3,zero,
llm_iterative,base,2,161,2,10,26.0,26,0,20,20,zero,
llm_iterative,base,2,162,0,11,1.0,0,1,6,6,zero,
llm_iterative,base,2,162,1,11,21.0,21,0,18,18,zero,
llm_iterative,base,2,162,2,11,28.0,28,0,0,0,zero,
llm_iterative,base,2,163,0,10,4.0,4,0,10,10,zero,
llm_iterative,base,2,163,1,10,29.0,29,0,3,3,zero,
llm_iterative,base,2,163,2,10,25.0,25,0,16,16,zero,
llm_iterative,base,2,164,0,12,2.0,2,0,6,6,zero,
llm_iterative,base,2,164,1,12,41.0,41,0,3,3,zero,
llm_iterative,base,2,164,2,12,38.0,38,0,0,0,zero,
llm_iterative,base,2,165,0,12,9.0,9,0,10,10,zero,
llm_iterative,base,2,165,1,12,34.0,34,0,3,3,zero,
llm_iterative,base,2,165,2,12,55.0,55,0,0,0,zero,
llm_iterative,base,2,166,0,13,2.0,2,0,19,19,zero,
llm_iterative,base,2,166,1,13,33.0,33,0,3,3,zero,
llm_iterative,base,2,166,2,13,52.0,52,0,0,0,zero,
llm_iterative,base,2,167,0,13,1.0,0,1,9,9,zero,
llm_iterative,base,2,167,1,13,27.0,27,0,15,15,zero,
llm_iterative,base,2,167,2,13,53.0,53,0,0,0,zero,
llm_iterative,base,2,168,0,11,6.0,0,6,19,19,zero,
llm_iterative,base,2,168,1,11,11.0,11,0,15,15,zero,
llm_iterative,base,2,168,2,11,38.0,38,0,0,0,zero,
llm_iterative,base,2,169,0,11,7.0,0,7,10,10,zero,
llm_iterative,base,2,169,1,11,4.0,4,0,15,15,zero,
llm_iterative,base,2,169,2,11,23.0,23,0,16,16,zero,
llm_iterative,base,2,170,0,11,1.0,1,0,10,10,zero,
llm_iterative,base,2,170,1,11,3.0,0,3,3,3,zero,
llm_iterative,base,2,170,2,11,20.0,20,0,20,20,zero,
llm_iterative,base,2,171,0,11,1.0,0,1,6,6,zero,
llm_iterative,base,2,171,1,11,6.0,6,0,15,15,zero,
llm_iterative,base,2,171,2,11,5.0,5,0,0,0,zero,
llm_iterative,base,2,172,0,12,6.0,6,0,10,10,zero,
llm_iterative,base,2,172,1,12,11.0,11,0,3,3,zero,
llm_iterative,base,2,172,2,12,2.0,2,0,20,20,zero,
llm_iterative,base,2,173,0,13,3.0,3,0,19,19,zero,
llm_iterative,base,2,173,1,13,7.0,7,0,15,15,zero,
llm_iterative,base,2,173,2,13,3.0,3,0,0,0,zero,
llm_iterative,base,2,174,0,12,2.0,0,2,9,9,zero,
llm_iterative,base,2,174,1,12,1.0,1,0,15,15,zero,
llm_iterative,base,2,174,2,12,8.0,8,0,20,20,zero,
llm_iterative,base,2,175,0,15,8.0,0,8,19,19,zero,
llm_iterative,base,2,175,1,15,3.0,0,3,15,15,zero,
llm_iterative,base,2,175,2,15,7.0,0,7,20,20,zero,
llm_iterative,base,2,176,0,14,12.0,0,12,10,10,zero,
llm_iterative,base,2,176,1,14,10.0,0,10,15,15,zero,
llm_iterative,base,2,176,2,14,2.0,0,2,20,20,zero,
llm_iterative,base,2,177,0,15,8.0,0,8,19,19,zero,
llm_iterative,base,2,177,1,15,14.0,0,14,15,15,zero,
llm_iterative,base,2,177,2,15,17.0,0,17,20,20,zero,
llm_iterative,base,2,178,0,15,14.0,0,14,19,19,zero,
llm_iterative,base,2,178,1,15,18.0,0,18,18,18,zero,
llm_iterative,base,2,178,2,15,15.0,0,15,0,0,zero,
llm_iterative,base,2,179,0,16,14.0,0,14,19,19,zero,
llm_iterative,base,2,179,1,16,29.0,0,29,18,18,zero,
llm_iterative,base,2,179,2,16,13.0,0,13,20,20,zero,
llm_iterative,base,2,180,0,15,26.0,0,26,19,19,zero,
llm_iterative,base,2,180,1,15,28.0,0,28,18,18,zero,
llm_iterative,base,2,180,2,15,11.0,0,11,20,20,zero,
llm_iterative,base,2,181,0,14,25.0,0,25,10,10,zero,
llm_iterative,base,2,181,1,14,38.0,0,38,18,18,zero,
llm_iterative,base,2,181,2,14,9.0,0,9,20,20,zero,
llm_iterative,base,2,182,0,16,26.0,0,26,19,19,zero,
llm_iterative,base,2,182,1,16,37.0,0,37,3,3,zero,
llm_iterative,base,2,182,2,16,12.0,0,12,20,20,zero,
llm_iterative,base,2,183,0,14,32.0,0,32,10,10,zero,
llm_iterative,base,2,183,1,14,27.0,0,27,18,18,zero,
llm_iterative,base,2,183,2,14,10.0,0,10,0,0,zero,
llm_iterative,base,2,184,0,14,26.0,0,26,10,10,zero,
llm_iterative,base,2,184,1,14,17.0,0,17,18,18,zero,
llm_iterative,base,2,184,2,14,8.0,0,8,20,20,zero,
llm_iterative,base,2,185,0,16,42.0,0,42,19,19,zero,
llm_iterative,base,2,185,1,16,16.0,0,16,18,18,zero,
llm_iterative,base,2,185,2,16,6.0,0,6,20,20,zero,
llm_iterative,base,2,186,0,17,39.0,0,39,10,10,zero,
llm_iterative,base,2,186,1,17,26.0,0,26,18,18,zero,
llm_iterative,base,2,186,2,17,4.0,0,4,20,20,zero,
llm_iterative,base,2,187,0,17,36.0,0,36,19,19,zero,
llm_iterative,base,2,187,1,17,25.0,0,25,3,3,zero,
llm_iterative,base,2,187,2,17,7.0,0,7,20,20,zero,
llm_iterative,base,2,188,0,18,34.0,0,34,10,10,zero,
llm_iterative,base,2,188,1,18,15.0,0,15,18,18,zero,
llm_iterative,base,2,188,2,18,5.0,0,5,0,0,zero,
llm_iterative,base,2,189,0,18,32.0,0,32,19,19,zero,
llm_iterative,base,2,189,1,18,14.0,0,14,18,18,zero,
llm_iterative,base,2,189,2,18,3.0,0,3,16,16,zero,
llm_iterative,base,2,190,0,17,49.0,0,49,19,19,zero,
llm_iterative,base,2,190,1,17,13.0,0,13,18,18,zero,
llm_iterative,base,2,190,2,17,1.0,0,1,20,20,zero,
llm_iterative,base,2,191,0,16,45.0,0,45,10,10,zero,
llm_iterative,base,2,191,1,16,23.0,0,23,18,18,zero,
llm_iterative,base,2,191,2,16,1.0,1,0,20,20,zero,
llm_iterative,base,2,192,0,18,43.0,0,43,19,19,zero,
llm_iterative,base,2,192,1,18,22.0,0,22,18,18,zero,
llm_iterative,base,2,192,2,18,17.0,0,17,20,20,zero,
llm_iterative,base,2,193,0,18,41.0,0,41,10,10,zero,
llm_iterative,base,2,193,1,18,12.0,0,12,18,18,zero,
llm_iterative,base,2,193,2,18,19.0,0,19,20,20,zero,
llm_iterative,base,2,194,0,20,41.0,0,41,19,19,zero,
llm_iterative,base,2,194,1,20,11.0,0,11,18,18,zero,
llm_iterative,base,2,194,2,20,17.0,0,17,17,17,zero,
llm_iterative,base,2,195,0,20,61.0,0,61,19,19,zero,
llm_iterative,base,2,195,1,20,11.0,0,11,18,18,zero,
llm_iterative,base,2,195,2,20,15.0,0,15,20,20,zero,
llm_iterative,base,2,196,0,20,61.0,0,61,17,17,zero,
llm_iterative,base,2,196,1,20,27.0,0,27,18,18,zero,
llm_iterative,base,2,196,2,20,13.0,0,13,20,20,zero,
llm_iterative,base,2,197,0,20,61.0,0,61,17,17,zero,
llm_iterative,base,2,197,1,20,28.0,0,28,18,18,zero,
llm_iterative,base,2,197,2,20,11.0,0,11,20,20,zero,
llm_iterative,base,2,198,0,19,60.0,0,60,17,17,zero,
llm_iterative,base,2,198,1,19,25.0,0,25,18,18,zero,
llm_iterative,base,2,198,2,19,12.0,0,12,20,20,zero,
llm_iterative,base,2,199,0,20,61.0,0,61,17,17,zero,
llm_iterative,base,2,199,1,20,22.0,0,22,18,18,zero,
llm_iterative,base,2,199,2,20,10.0,0,10,20,20,zero,
llm_iterative,base,2,200,0,20,80.0,0,80,17,17,zero,
llm_iterative,base,2,200,1,20,19.0,0,19,18,18,zero,
llm_iterative,base,2,200,2,20,8.0,0,8,16,16,zero,
llm_iterative,base,3,1,0,10,10.0,10,0,10,10,zero,
llm_iterative,base,3,1,1,10,10.0,10,0,15,15,zero,
llm_iterative,base,3,1,2,10,5.0,5,0,0,0,zero,
llm_iterative,base,3,2,0,9,11.0,11,0,10,10,zero,
llm_iterative,base,3,2,1,9,10.0,10,0,1,1,zero,
llm_iterative,base,3,2,2,9,14.0,14,0,20,20,zero,
llm_iterative,base,3,3,0,8,13.0,13,0,6,6,zero,
llm_iterative,base,3,3,1,8,14.0,14,0,15,15,zero,
llm_iterative,base,3,3,2,8,9.0,9,0,3,3,zero,
llm_iterative,base,3,4,0,8,15.0,15,0,6,6,zero,
llm_iterative,base,3,4,1,8,18.0,18,0,1,1,zero,
llm_iterative,base,3,4,2,8,18.0,18,0,20,20,zero,
llm_iterative,base,3,5,0,8,17.0,17,0,6,6,zero,
llm_iterative,base,3,5,1,8,27.0,27,0,1,1,zero,
llm_iterative,base,3,5,2,8,17.0,17,0,0,0,zero,
llm_iterative,base,3,6,0,9,18.0,18,0,6,6,zero,
llm_iterative,base,3,6,1,9,22.0,22,0,1,1,zero,
llm_iterative,base,3,6,2,9,36.0,36,0,0,0,zero,
llm_iterative,base,3,7,0,8,16.0,16,0,9,9,zero,
llm_iterative,base,3,7,1,8,28.0,28,0,1,1,zero,
llm_iterative,base,3,7,2,8,38.0,38,0,0,0,zero,
llm_iterative,base,3,8,0,9,13.0,13,0,9,9,zero,
llm_iterative,base,3,8,1,9,20.0,20,0,15,15,zero,
llm_iterative,base,3,8,2,9,43.0,43,0,0,0,zero,
llm_iterative,base,3,9,0,10,9.0,9,0,9,9,zero,
llm_iterative,base,3,9,1,10,12.0,12,0,15,15,zero,
llm_iterative,base,3,9,2,10,28.0,28,0,1,1,zero,
llm_iterative,base,3,10,0,10,5.0,5,0,9,9,zero,
llm_iterative,base,3,10,1,10,4.0,4,0,11,11,zero,
llm_iterative,base,3,10,2,10,17.0,17,0,20,20,zero,
llm_iterative,base,3,11,0,11,3.0,3,0,9,9,zero,
llm_iterative,base,3,11,1,11,4.0,0,4,1,1,zero,
llm_iterative,base,3,11,2,11,16.0,16,0,20,20,zero,
llm_iterative,base,3,12,0,10,2.0,2,0,19,19,zero,
llm_iterative,base,3,12,1,10,8.0,0,8,15,15,zero,
llm_iterative,base,3,12,2,10,1.0,1,0,0,0,zero,
llm_iterative,base,3,13,0,10,1.0,1,0,9,9,zero,
llm_iterative,base,3,13,1,10,2.0,0,2,15,15,zero,
llm_iterative,base,3,13,2,10,13.0,0,13,0,0,zero,
llm_iterative,base,3,14,0,9,1.0,1,0,4,4,zero,
llm_iterative,base,3,14,1,9,5.0,5,0,15,15,zero,
llm_iterative,base,3,14,2,9,8.0,0,8,20,20,zero,
llm_iterative,base,3,15,0,9,3.0,0,3,6,6,zero,
llm_iterative,base,3,15,1,9,-0.0,0,0,3,3,zero,
llm_iterative,base,3,15,2,9,9.0,9,0,20,20,zero,
llm_iterative,base,3,16,0,10,2.0,2,0,6,6,zero,
llm_iterative,base,3,16,1,10,9.0,9,0,3,3,zero,
llm_iterative,base,3,16,2,10,6.0,6,0,0,0,zero,
llm_iterative,base,3,17,0,10,7.0,7,0,10,10,zero,
llm_iterative,base,3,17,1,10,1.0,1,0,0,0,zero,
llm_iterative,base,3,17,2,10,6.0,6,0,0,0,zero,
llm_iterative,base,3,18,0,9,4.0,4,0,19,19,zero,
llm_iterative,base,3,18,1,9,2.0,2,0,12,12,zero,
llm_iterative,base,3,18,2,9,14.0,14,0,0,0,zero,
llm_iterative,base,3,19,0,7,3.0,3,0,9,9,zero,
llm_iterative,base,3,19,1,7,4.0,4,0,15,15,zero,
llm_iterative,base,3,19,2,7,19.0,19,0,0,0,zero,
llm_iterative,base,3,20,0,9,-0.0,0,0,2,2,zero,
llm_iterative,base,3,20,1,9,5.0,5,0,15,15,zero,
llm_iterative,base,3,20,2,9,4.0,4,0,20,20,zero,
llm_iterative,base,3,21,0,9,1.0,1,0,6,6,zero,
llm_iterative,base,3,21,1,9,1.0,0,1,0,0,zero,
llm_iterative,base,3,21,2,9,4.0,4,0,20,20,zero,
llm_iterative,base,3,22,0,9,11.0,11,0,10,10,zero,
llm_iterative,base,3,22,1,9,1.0,1,0,5,5,zero,
llm_iterative,base,3,22,2,9,1.0,0,1,0,0,zero,
llm_iterative,base,3,23,0,8,12.0,12,0,9,9,zero,
llm_iterative,base,3,23,1,8,7.0,7,0,18,18,zero,
llm_iterative,base,3,23,2,8,19.0,0,19,0,0,zero,
llm_iterative,base,3,24,0,8,6.0,6,0,9,9,zero,
llm_iterative,base,3,24,1,8,13.0,13,0,15,15,zero,
llm_iterative,base,3,24,2,8,14.0,0,14,5,5,zero,
llm_iterative,base,3,25,0,9,2.0,2,0,6,6,zero,
llm_iterative,base,3,25,1,9,7.0,7,0,3,3,zero,
llm_iterative,base,3,25,2,9,3.0,3,0,20,20,zero,
llm_iterative,base,3,26,0,8,5.0,5,0,10,10,zero,
llm_iterative,base,3,26,1,8,1.0,1,0,1,1,zero,
llm_iterative,base,3,26,2,8,2.0,2,0,20,20,zero,
llm_iterative,base,3,27,0,8,6.0,6,0,6,6,zero,
llm_iterative,base,3,27,1,8,5.0,0,5,5,5,zero,
llm_iterative,base,3,27,2,8,3.0,0,3,0,0,zero,
llm_iterative,base,3,28,0,9,6.0,6,0,10,10,zero,
llm_iterative,base,3,28,1,9,5.0,5,0,15,15,zero,
llm_iterative,base,3,28,2,9,13.0,0,13,0,0,zero,
llm_iterative,base,3,29,0,8,4.0,4,0,6,6,zero,
llm_iterative,base,3,29,1,8,16.0,16,0,15,15,zero,
llm_iterative,base,3,29,2,8,8.0,0,8,0,0,zero,
llm_iterative,base,3,30,0,10,4.0,4,0,9,9,zero,
llm_iterative,base,3,30,1,10,8.0,8,0,3,3,zero,
llm_iterative,base,3,30,2,10,9.0,9,0,20,20,zero,
llm_iterative,base,3,31,0,10,5.0,0,5,6,6,zero,
llm_iterative,base,3,31,1,10,4.0,4,0,3,3,zero,
llm_iterative,base,3,31,2,10,6.0,6,0,20,20,zero,
llm_iterative,base,3,32,0,9,1.0,1,0,10,10,zero,
llm_iterative,base,3,32,1,9,1.0,0,1,1,1,zero,
llm_iterative,base,3,32,2,9,5.0,5,0,0,0,zero,
llm_iterative,base,3,33,0,7,-0.0,0,0,10,10,zero,
llm_iterative,base,3,33,1,7,9.0,9,0,15,15,zero,
llm_iterative,base,3,33,2,7,10.0,0,10,0,0,zero,
llm_iterative,base,3,34,0,7,2.0,2,0,6,6,zero,
llm_iterative,base,3,34,1,7,14.0,14,0,15,15,zero,
llm_iterative,base,3,34,2,7,5.0,0,5,0,0,zero,
llm_iterative,base,3,35,0,7,1.0,1,0,6,6,zero,
llm_iterative,base,3,35,1,7,11.0,11,0,3,3,zero,
llm_iterative,base,3,35,2,7,12.0,12,0,20,20,zero,
llm_iterative,base,3,36,0,7,3.0,3,0,6,6,zero,
llm_iterative,base,3,36,1,7,6.0,6,0,1,1,zero,
llm_iterative,base,3,36,2,7,11.0,11,0,20,20,zero,
llm_iterative,base,3,37,0,7,7.0,7,0,6,6,zero,
llm_iterative,base,3,37,1,7,5.0,5,0,1,1,zero,
llm_iterative,base,3,37,2,7,10.0,10,0,0,0,zero,
llm_iterative,base,3,38,0,6,7.0,7,0,10,10,zero,
llm_iterative,base,3,38,1,6,15.0,15,0,1,1,zero,
llm_iterative,base,3,38,2,6,9.0,9,0,0,0,zero,
llm_iterative,base,3,39,0,6,7.0,7,0,6,6,zero,
llm_iterative,base,3,39,1,6,17.0,17,0,15,15,zero,
llm_iterative,base,3,39,2,6,14.0,14,0,0,0,zero,
llm_iterative,base,3,40,0,6,7.0,7,0,2,2,zero,
llm_iterative,base,3,40,1,6,16.0,16,0,3,3,zero,
llm_iterative,base,3,40,2,6,31.0,31,0,0,0,zero,
llm_iterative,base,3,41,0,7,6.0,6,0,6,6,zero,
llm_iterative,base,3,41,1,7,11.0,11,0,1,1,zero,
llm_iterative,base,3,41,2,7,30.0,30,0,0,0,zero,
llm_iterative,base,3,42,0,7,9.0,9,0,10,10,zero,
llm_iterative,base,3,42,1,7,2.0,2,0,1,1,zero,
llm_iterative,base,3,42,2,7,29.0,29,0,0,0,zero,
llm_iterative,base,3,43,0,7,8.0,8,0,6,6,zero,
llm_iterative,base,3,43,1,7,11.0,11,0,15,15,zero,
llm_iterative,base,3,43,2,7,14.0,14,0,0,0,zero,
llm_iterative,base,3,44,0,7,3.0,3,0,10,10,zero,
llm_iterative,base,3,44,1,7,4.0,4,0,1,1,zero,
llm_iterative,base,3,44,2,7,13.0,13,0,1,1,zero,
llm_iterative,base,3,45,0,7,2.0,2,0,6,6,zero,
llm_iterative,base,3,45,1,7,1.0,0,1,15,15,zero,
llm_iterative,base,3,45,2,7,2.0,0,2,1,1,zero,
llm_iterative,base,3,46,0,6,6.0,6,0,6,6,zero,
llm_iterative,base,3,46,1,6,6.0,0,6,3,3,zero,
llm_iterative,base,3,46,2,6,5.0,0,5,20,20,zero,
llm_iterative,base,3,47,0,6,6.0,6,0,6,6,zero,
llm_iterative,base,3,47,1,6,3.0,3,0,15,15,zero,
llm_iterative,base,3,47,2,6,20.0,0,20,20,20,zero,
llm_iterative,base,3,48,0,6,10.0,10,0,2,2,zero,
llm_iterative,base,3,48,1,6,2.0,2,0,15,15,zero,
llm_iterative,base,3,48,2,6,34.0,0,34,20,20,zero,
llm_iterative,base,3,49,0,6,9.0,9,0,10,10,zero,
llm_iterative,base,3,49,1,6,5.0,5,0,3,3,zero,
llm_iterative,base,3,49,2,6,36.0,0,36,20,20,zero,
llm_iterative,base,3,50,0,6,4.0,4,0,6,6,zero,
llm_iterative,base,3,50,1,6,1.0,0,1,15,15,zero,
llm_iterative,base,3,50,2,6,31.0,0,31,0,0,zero,
llm_iterative,base,3,51,0,6,10.0,10,0,2,2,zero,
llm_iterative,base,3,51,1,6,3.0,0,3,3,3,zero,
llm_iterative,base,3,51,2,6,14.0,0,14,20,20,zero,
llm_iterative,base,3,52,0,6,6.0,6,0,6,6,zero,
llm_iterative,base,3,52,1,6,8.0,0,8,0,0,zero,
llm_iterative,base,3,52,2,6,6.0,6,0,16,16,zero,
llm_iterative,base,3,53,0,6,10.0,10,0,10,10,zero,
llm_iterative,base,3,53,1,6,17.0,0,17,0,0,zero,
llm_iterative,base,3,53,2,6,26.0,26,0,0,0,zero,
llm_iterative,base,3,54,0,8,7.0,7,0,19,19,zero,
llm_iterative,base,3,54,1,8,16.0,0,16,0,0,zero,
llm_iterative,base,3,54,2,8,26.0,26,0,0,0,zero,
llm_iterative,base,3,55,0,8,1.0,0,1,9,9,zero,
llm_iterative,base,3,55,1,8,5.0,0,5,18,18,zero,
llm_iterative,base,3,55,2,8,28.0,28,0,0,0,zero,
llm_iterative,base,3,56,0,8,8.0,0,8,2,2,zero,
llm_iterative,base,3,56,1,8,7.0,7,0,18,18,zero,
llm_iterative,base,3,56,2,8,26.0,26,0,0,0,zero,
llm_iterative,base,3,57,0,7,14.0,0,14,2,2,zero,
llm_iterative,base,3,57,1,7,5.0,5,0,0,0,zero,
llm_iterative,base,3,57,2,7,26.0,26,0,20,20,zero,
llm_iterative,base,3,58,0,7,1.0,0,1,6,6,zero,
llm_iterative,base,3,58,1,7,1.0,0,1,0,0,zero,
llm_iterative,base,3,58,2,7,26.0,26,0,0,0,zero,
llm_iterative,base,3,59,0,7,12.0,12,0,6,6,zero,
llm_iterative,base,3,59,1,7,11.0,11,0,12,12,zero,
llm_iterative,base,3,59,2,7,14.0,14,0,0,0,zero,
llm_iterative,base,3,60,0,8,11.0,11,0,9,9,zero,
llm_iterative,base,3,60,1,8,20.0,20,0,12,12,zero,
llm_iterative,base,3,60,2,8,2.0,2,0,0,0,zero,
llm_iterative,base,3,61,0,7,6.0,6,0,9,9,zero,
llm_iterative,base,3,61,1,7,11.0,11,0,12,12,zero,
llm_iterative,base,3,61,2,7,10.0,10,0,20,20,zero,
llm_iterative,base,3,62,0,7,4.0,4,0,4,4,zero,
llm_iterative,base,3,62,1,7,7.0,7,0,3,3,zero,
llm_iterative,base,3,62,2,7,7.0,7,0,20,20,zero,
llm_iterative,base,3,63,0,8,3.0,3,0,6,6,zero,
llm_iterative,base,3,63,1,8,13.0,13,0,1,1,zero,
llm_iterative,base,3,63,2,8,6.0,6,0,0,0,zero,
llm_iterative,base,3,64,0,9,3.0,3,0,10,10,zero,
llm_iterative,base,3,64,1,9,15.0,15,0,1,1,zero,
llm_iterative,base,3,64,2,9,5.0,5,0,0,0,zero,
llm_iterative,base,3,65,0,9,3.0,3,0,9,9,zero,
llm_iterative,base,3,65,1,9,18.0,18,0,15,15,zero,
llm_iterative,base,3,65,2,9,10.0,10,0,0,0,zero,
llm_iterative,base,3,66,0,8,1.0,0,1,19,19,zero,
llm_iterative,base,3,66,1,8,2.0,2,0,15,15,zero,
llm_iterative,base,3,66,2,8,15.0,15,0,0,0,zero,
llm_iterative,base,3,67,0,8,3.0,0,3,6,6,zero,
llm_iterative,base,3,67,1,8,3.0,0,3,15,15,zero,
llm_iterative,base,3,67,2,8,-0.0,0,0,20,20,zero,
llm_iterative,base,3,68,0,8,1.0,0,1,6,6,zero,
llm_iterative,base,3,68,1,8,8.0,0,8,3,3,zero,
llm_iterative,base,3,68,2,8,3.0,0,3,20,20,zero,
llm_iterative,base,3,69,0,6,2.0,2,0,6,6,zero,
llm_iterative,base,3,69,1,6,1.0,1,0,5,5,zero,
llm_iterative,base,3,69,2,6,8.0,0,8,0,0,zero,
llm_iterative,base,3,70,0,6,15.0,15,0,2,2,zero,
llm_iterative,base,3,70,1,6,14.0,14,0,15,15,zero,
llm_iterative,base,3,70,2,6,23.0,0,23,0,0,zero,
llm_iterative,base,3,71,0,5,13.0,13,0,10,10,zero,
llm_iterative,base,3,71,1,5,19.0,19,0,3,3,zero,
llm_iterative,base,3,71,2,5,6.0,0,6,20,20,zero,
llm_iterative,base,3,72,0,5,9.0,9,0,6,6,zero,
llm_iterative,base,3,72,1,5,13.0,13,0,3,3,zero,
llm_iterative,base,3,72,2,5,11.0,11,0,0,0,zero,
llm_iterative,base,3,73,0,5,18.0,18,0,0,0,zero,
llm_iterative,base,3,73,1,5,13.0,13,0,3,3,zero,
llm_iterative,base,3,73,2,5,8.0,8,0,0,0,zero,
llm_iterative,base,3,74,0,5,15.0,15,0,0,0,zero,
llm_iterative,base,3,74,1,5,13.0,13,0,0,0,zero,
llm_iterative,base,3,74,2,5,8.0,8,0,0,0,zero,
llm_iterative,base,3,75,0,7,18.0,18,0,2,2,zero,
llm_iterative,base,3,75,1,7,31.0,31,0,0,0,zero,
llm_iterative,base,3,75,2,7,28.0,28,0,0,0,zero,
llm_iterative,base,3,76,0,6,18.0,18,0,9,9,zero,
llm_iterative,base,3,76,1,6,31.0,31,0,0,0,zero,
llm_iterative,base,3,76,2,6,28.0,28,0,0,0,zero,
llm_iterative,base,3,77,0,6,12.0,12,0,3,3,zero,
llm_iterative,base,3,77,1,6,31.0,31,0,1,1,zero,
llm_iterative,base,3,77,2,6,27.0,27,0,0,0,zero,
llm_iterative,base,3,78,0,6,6.0,6,0,9,9,zero,
llm_iterative,base,3,78,1,6,22.0,22,0,1,1,zero,
llm_iterative,base,3,78,2,6,26.0,26,0,0,0,zero,
llm_iterative,base,3,79,0,5,3.0,3,0,3,3,zero,
llm_iterative,base,3,79,1,5,19.0,19,0,15,15,zero,
llm_iterative,base,3,79,2,5,11.0,11,0,0,0,zero,
llm_iterative,base,3,80,0,5,7.0,7,0,2,2,zero,
llm_iterative,base,3,80,1,5,17.0,17,0,1,1,zero,
llm_iterative,base,3,80,2,5,10.0,10,0,1,1,zero,
llm_iterative,base,3,81,0,4,6.0,6,0,2,2,zero,
llm_iterative,base,3,81,1,4,16.0,16,0,1,1,zero,
llm_iterative,base,3,81,2,4,9.0,9,0,20,20,zero,
llm_iterative,base,3,82,0,4,11.0,11,0,6,6,zero,
llm_iterative,base,3,82,1,4,11.0,11,0,0,0,zero,
llm_iterative,base,3,82,2,4,9.0,9,0,0,0,zero,
llm_iterative,base,3,83,0,4,10.0,10,0,2,2,zero,
llm_iterative,base,3,83,1,4,24.0,24,0,1,1,zero,
llm_iterative,base,3,83,2,4,8.0,8,0,0,0,zero,
llm_iterative,base,3,84,0,4,8.0,8,0,2,2,zero,
llm_iterative,base,3,84,1,4,23.0,23,0,1,1,zero,
llm_iterative,base,3,84,2,4,8.0,8,0,0,0,zero,
llm_iterative,base,3,85,0,3,7.0,7,0,2,2,zero,
llm_iterative,base,3,85,1,3,22.0,22,0,1,1,zero,
llm_iterative,base,3,85,2,3,27.0,27,0,0,0,zero,
llm_iterative,base,3,86,0,3,10.0,10,0,2,2,zero,
llm_iterative,base,3,86,1,3,20.0,20,0,1,1,zero,
llm_iterative,base,3,86,2,3,26.0,26,0,0,0,zero,
llm_iterative,base,3,87,0,3,9.0,9,0,0,0,zero,
llm_iterative,base,3,87,1,3,21.0,21,0,1,1,zero,
llm_iterative,base,3,87,2,3,25.0,25,0,0,0,zero,
llm_iterative,base,3,88,0,3,8.0,8,0,2,2,zero,
llm_iterative,base,3,88,1,3,20.0,20,0,0,0,zero,
llm_iterative,base,3,88,2,3,25.0,25,0,0,0,zero,
llm_iterative,base,3,89,0,3,7.0,7,0,2,2,zero,
llm_iterative,base,3,89,1,3,19.0,19,0,0,0,zero,
llm_iterative,base,3,89,2,3,25.0,25,0,0,0,zero,
llm_iterative,base,3,90,0,2,7.0,7,0,2,2,zero,
llm_iterative,base,3,90,1,2,18.0,18,0,1,1,zero,
llm_iterative,base,3,90,2,2,24.0,24,0,0,0,zero,
llm_iterative,base,3,91,0,3,4.0,4,0,0,0,zero,
llm_iterative,base,3,91,1,3,19.0,19,0,1,1,zero,
llm_iterative,base,3,91,2,3,23.0,23,0,0,0,zero,
llm_iterative,base,3,92,0,2,4.0,4,0,6,6,zero,
llm_iterative,base,3,92,1,2,13.0,13,0,0,0,zero,
llm_iterative,base,3,92,2,2,23.0,23,0,0,0,zero,
llm_iterative,base,3,93,0,3,3.0,3,0,2,2,zero,
llm_iterative,base,3,93,1,3,11.0,11,0,1,1,zero,
llm_iterative,base,3,93,2,3,22.0,22,0,0,0,zero,
llm_iterative,base,3,94,0,3,2.0,2,0,2,2,zero,
llm_iterative,base,3,94,1,3,10.0,10,0,1,1,zero,
llm_iterative,base,3,94,2,3,21.0,21,0,0,0,zero,
llm_iterative,base,3,95,0,3,1.0,0,1,2,2,zero,
llm_iterative,base,3,95,1,3,9.0,9,0,1,1,zero,
llm_iterative,base,3,95,2,3,20.0,20,0,0,0,zero,
llm_iterative,base,3,96,0,3,2.0,2,0,6,6,zero,
llm_iterative,base,3,96,1,3,3.0,3,0,1,1,zero,
llm_iterative,base,3,96,2,3,19.0,19,0,0,0,zero,
llm_iterative,base,3,97,0,2,2.0,2,0,0,0,zero,
llm_iterative,base,3,97,1,2,4.0,4,0,15,15,zero,
llm_iterative,base,3,97,2,2,4.0,4,0,0,0,zero,
llm_iterative,base,3,98,0,2,2.0,2,0,0,0,zero,
llm_iterative,base,3,98,1,2,5.0,5,0,1,1,zero,
llm_iterative,base,3,98,2,2,3.0,3,0,1,1,zero,
llm_iterative,base,3,99,0,2,2.0,2,0,0,0,zero,
llm_iterative,base,3,99,1,2,6.0,6,0,0,0,zero,
llm_iterative,base,3,99,2,2,3.0,3,0,20,20,zero,
llm_iterative,base,3,100,0,3,5.0,5,0,2,2,zero,
llm_iterative,base,3,100,1,3,5.0,5,0,0,0,zero,
llm_iterative,base,3,100,2,3,3.0,3,0,3,3,zero,
llm_iterative,base,3,101,0,3,2.0,2,0,6,6,zero,
llm_iterative,base,3,101,1,3,14.0,14,0,0,0,zero,
llm_iterative,base,3,101,2,3,3.0,3,0,0,0,zero,
llm_iterative,base,3,102,0,2,-0.0,0,0,2,2,zero,
llm_iterative,base,3,102,1,2,13.0,13,0,1,1,zero,
llm_iterative,base,3,102,2,2,3.0,3,0,0,0,zero,
llm_iterative,base,3,103,0,2,2.0,0,2,0,0,zero,
llm_iterative,base,3,103,1,2,13.0,13,0,1,1,zero,
llm_iterative,base,3,103,2,2,22.0,22,0,0,0,zero,
llm_iterative,base,3,104,0,2,2.0,0,2,0,0,zero,
llm_iterative,base,3,104,1,2,13.0,13,0,1,1,zero,
llm_iterative,base,3,104,2,2,24.0,24,0,0,0,zero,
llm_iterative,base,3,105,0,2,2.0,2,0,6,6,zero,
llm_iterative,base,3,105,1,2,7.0,7,0,0,0,zero,
llm_iterative,base,3,105,2,2,24.0,24,0,0,0,zero,
llm_iterative,base,3,106,0,2,2.0,2,0,0,0,zero,
llm_iterative,base,3,106,1,2,8.0,8,0,15,15,zero,
llm_iterative,base,3,106,2,2,9.0,9,0,0,0,zero,
llm_iterative,base,3,107,0,2,-0.0,0,0,6,6,zero,
llm_iterative,base,3,107,1,2,3.0,3,0,0,0,zero,
llm_iterative,base,3,107,2,2,9.0,9,0,1,1,zero,
llm_iterative,base,3,108,0,2,2.0,0,2,0,0,zero,
llm_iterative,base,3,108,1,2,4.0,4,0,1,1,zero,
llm_iterative,base,3,108,2,2,8.0,8,0,1,1,zero,
llm_iterative,base,3,109,0,1,3.0,3,0,0,0,zero,
llm_iterative,base,3,109,1,1,4.0,4,0,1,1,zero,
llm_iterative,base,3,109,2,1,7.0,7,0,1,1,zero,
llm_iterative,base,3,110,0,1,2.0,2,0,0,0,zero,
llm_iterative,base,3,110,1,1,19.0,19,0,0,0,zero,
llm_iterative,base,3,110,2,1,7.0,7,0,1,1,zero,
llm_iterative,base,3,111,0,2,6.0,6,0,0,0,zero,
llm_iterative,base,3,111,1,2,19.0,19,0,0,0,zero,
llm_iterative,base,3,111,2,2,8.0,8,0,0,0,zero,
llm_iterative,base,3,112,0,2,4.0,4,0,2,2,zero,
llm_iterative,base,3,112,1,2,18.0,18,0,0,0,zero,
llm_iterative,base,3,112,2,2,9.0,9,0,0,0,zero,
llm_iterative,base,3,113,0,2,2.0,2,0,0,0,zero,
llm_iterative,base,3,113,1,2,19.0,19,0,0,0,zero,
llm_iterative,base,3,113,2,2,10.0,10,0,0,0,zero,
llm_iterative,base,3,114,0,2,-0.0,0,0,6,6,zero,
llm_iterative,base,3,114,1,2,13.0,13,0,0,0,zero,
llm_iterative,base,3,114,2,2,11.0,11,0,0,0,zero,
llm_iterative,base,3,115,0,2,2.0,0,2,2,2,zero,
llm_iterative,base,3,115,1,2,11.0,11,0,1,1,zero,
llm_iterative,base,3,115,2,2,10.0,10,0,0,0,zero,
llm_iterative,base,3,116,0,2,2.0,0,2,0,0,zero,
llm_iterative,base,3,116,1,2,11.0,11,0,1,1,zero,
llm_iterative,base,3,116,2,2,9.0,9,0,0,0,zero,
llm_iterative,base,3,117,0,2,4.0,0,4,2,2,zero,
llm_iterative,base,3,117,1,2,9.0,9,0,1,1,zero,
llm_iterative,base,3,117,2,2,8.0,8,0,1,1,zero,
llm_iterative,base,3,118,0,2,-0.0,0,0,6,6,zero,
llm_iterative,base,3,118,1,2,3.0,3,0,1,1,zero,
llm_iterative,base,3,118,2,2,7.0,7,0,1,1,zero,
llm_iterative,base,3,119,0,2,-0.0,0,0,0,0,zero,
llm_iterative,base,3,119,1,2,4.0,4,0,15,15,zero,
llm_iterative,base,3,119,2,2,8.0,0,8,20,20,zero,
llm_iterative,base,3,120,0,2,2.0,0,2,0,0,zero,
llm_iterative,base,3,120,1,2,5.0,5,0,1,1,zero,
llm_iterative,base,3,120,2,2,9.0,0,9,20,20,zero,
llm_iterative,base,3,121,0,2,2.0,0,2,6,6,zero,
llm_iterative,base,3,121,1,2,-0.0,0,0,0,0,zero,
llm_iterative,base,3,121,2,2,8.0,0,8,0,0,zero,
llm_iterative,base,3,122,0,1,3.0,3,0,0,0,zero,
llm_iterative,base,3,122,1,1,1.0,1,0,1,1,zero,
llm_iterative,base,3,122,2,1,8.0,0,8,0,0,zero,
llm_iterative,base,3,123,0,1,2.0,2,0,0,0,zero,
llm_iterative,base,3,123,1,1,8.0,8,0,1,1,zero,
llm_iterative,base,3,123,2,1,11.0,11,0,0,0,zero,
llm_iterative,base,3,124,0,2,-0.0,0,0,0,0,zero,
llm_iterative,base,3,124,1,2,8.0,8,0,0,0,zero,
llm_iterative,base,3,124,2,2,31.0,31,0,0,0,zero,
llm_iterative,base,3,125,0,2,4.0,4,0,6,6,zero,
llm_iterative,base,3,125,1,2,3.0,3,0,0,0,zero,
llm_iterative,base,3,125,2,2,31.0,31,0,0,0,zero,
llm_iterative,base,3,126,0,1,3.0,3,0,0,0,zero,
llm_iterative,base,3,126,1,1,4.0,4,0,1,1,zero,
llm_iterative,base,3,126,2,1,30.0,30,0,0,0,zero,
llm_iterative,base,3,127,0,2,1.0,1,0,0,0,zero,
llm_iterative,base,3,127,1,2,13.0,13,0,1,1,zero,
llm_iterative,base,3,127,2,2,29.0,29,0,0,0,zero,
llm_iterative,base,3,128,0,2,1.0,0,1,0,0,zero,
llm_iterative,base,3,128,1,2,13.0,13,0,0,0,zero,
llm_iterative,base,3,128,2,2,29.0,29,0,0,0,zero,
llm_iterative,base,3,129,0,1,4.0,4,0,6,6,zero,
llm_iterative,base,3,129,1,1,7.0,7,0,0,0,zero,
llm_iterative,base,3,129,2,1,29.0,29,0,0,0,zero,
llm_iterative,base,3,130,0,1,3.0,3,0,0,0,zero,
llm_iterative,base,3,130,1,1,8.0,8,0,1,1,zero,
llm_iterative,base,3,130,2,1,28.0,28,0,0,0,zero,
llm_iterative,base,3,131,0,1,2.0,2,0,0,0,zero,
llm_iterative,base,3,131,1,1,9.0,9,0,1,1,zero,
llm_iterative,base,3,131,2,1,27.0,27,0,0,0,zero,
llm_iterative,base,3,132,0,1,1.0,1,0,0,0,zero,
llm_iterative,base,3,132,1,1,9.0,9,0,1,1,zero,
llm_iterative,base,3,132,2,1,26.0,26,0,0,0,zero,
llm_iterative,base,3,133,0,2,5.0,5,0,0,0,zero,
llm_iterative,base,3,133,1,2,9.0,9,0,0,0,zero,
llm_iterative,base,3,133,2,2,26.0,26,0,0,0,zero,
llm_iterative,base,3,134,0,2,3.0,3,0,6,6,zero,
llm_iterative,base,3,134,1,2,4.0,4,0,0,0,zero,
llm_iterative,base,3,134,2,2,26.0,26,0,0,0,zero,
llm_iterative,base,3,135,0,2,1.0,1,0,0,0,zero,
llm_iterative,base,3,135,1,2,5.0,5,0,1,1,zero,
llm_iterative,base,3,135,2,2,25.0,25,0,0,0,zero,
llm_iterative,base,3,136,0,2,1.0,0,1,0,0,zero,
llm_iterative,base,3,136,1,2,6.0,6,0,1,1,zero,
llm_iterative,base,3,136,2,2,24.0,24,0,0,0,zero,
llm_iterative,base,3,137,0,2,3.0,0,3,6,6,zero,
llm_iterative,base,3,137,1,2,-0.0,0,0,0,0,zero,
llm_iterative,base,3,137,2,2,24.0,24,0,0,0,zero,
llm_iterative,base,3,138,0,2,1.0,1,0,0,0,zero,
llm_iterative,base,3,138,1,2,-0.0,0,0,15,15,zero,
llm_iterative,base,3,138,2,2,9.0,9,0,0,0,zero,
llm_iterative,base,3,139,0,2,1.0,0,1,6,6,zero,
llm_iterative,base,3,139,1,2,5.0,0,5,1,1,zero,
llm_iterative,base,3,139,2,2,8.0,8,0,1,1,zero,
llm_iterative,base,3,140,0,3,4.0,0,4,6,6,zero,
llm_iterative,base,3,140,1,3,10.0,0,10,15,15,zero,
llm_iterative,base,3,140,2,3,7.0,0,7,20,20,zero,
llm_iterative,base,3,141,0,2,-0.0,0,0,6,6,zero,
llm_iterative,base,3,141,1,2,16.0,0,16,15,15,zero,
llm_iterative,base,3,141,2,2,22.0,0,22,20,20,zero,
llm_iterative,base,3,142,0,3,3.0,0,3,10,10,zero,
llm_iterative,base,3,142,1,3,11.0,0,11,15,15,zero,
llm_iterative,base,3,142,2,3,37.0,0,37,20,20,zero,
llm_iterative,base,3,143,0,3,5.0,0,5,6,6,zero,
llm_iterative,base,3,143,1,3,16.0,0,16,18,18,zero,
llm_iterative,base,3,143,2,3,54.0,0,54,20,20,zero,
llm_iterative,base,3,144,0,3,7.0,0,7,6,6,zero,
llm_iterative,base,3,144,1,3,14.0,0,14,18,18,zero,
llm_iterative,base,3,144,2,3,52.0,0,52,20,20,zero,
llm_iterative,base,3,145,0,3,10.0,0,10,6,6,zero,
llm_iterative,base,3,145,1,3,20.0,0,20,11,11,zero,
llm_iterative,base,3,145,2,3,43.0,0,43,20,20,zero,
llm_iterative,base,3,146,0,3,2.0,2,0,6,6,zero,
llm_iterative,base,3,146,1,3,26.0,0,26,0,0,zero,
llm_iterative,base,3,146,2,3,23.0,0,23,20,20,zero,
llm_iterative,base,3,147,0,4,1.0,0,1,6,6,zero,
llm_iterative,base,3,147,1,4,31.0,0,31,0,0,zero,
llm_iterative,base,3,147,2,4,3.0,0,3,0,0,zero,
llm_iterative,base,3,148,0,4,3.0,3,0,6,6,zero,
llm_iterative,base,3,148,1,4,17.0,0,17,0,0,zero,
llm_iterative,base,3,148,2,4,17.0,17,0,0,0,zero,
llm_iterative,base,3,149,0,4,1.0,0,1,2,2,zero,
llm_iterative,base,3,149,1,4,1.0,1,0,0,0,zero,
llm_iterative,base,3,149,2,4,37.0,37,0,0,0,zero,
llm_iterative,base,3,150,0,4,5.0,0,5,0,0,zero,
llm_iterative,base,3,150,1,4,21.0,21,0,12,12,zero,
llm_iterative,base,3,150,2,4,45.0,45,0,0,0,zero,
llm_iterative,base,3,151,0,4,8.0,0,8,0,0,zero,
llm_iterative,base,3,151,1,4,41.0,41,0,0,0,zero,
llm_iterative,base,3,151,2,4,45.0,45,0,1,1,zero,
llm_iterative,base,3,152,0,3,9.0,9,0,6,6,zero,
llm_iterative,base,3,152,1,3,38.0,38,0,0,0,zero,
llm_iterative,base,3,152,2,3,45.0,45,0,0,0,zero,
llm_iterative,base,3,153,0,3,25.0,25,0,0,0,zero,
llm_iterative,base,3,153,1,3,38.0,38,0,0,0,zero,
llm_iterative,base,3,153,2,3,45.0,45,0,0,0,zero,
llm_iterative,base,3,154,0,3,22.0,22,0,0,0,zero,
llm_iterative,base,3,154,1,3,50.0,50,0,0,0,zero,
llm_iterative,base,3,154,2,3,45.0,45,0,0,0,zero,
llm_iterative,base,3,155,0,4,18.0,18,0,0,0,zero,
llm_iterative,base,3,155,1,4,50.0,50,0,0,0,zero,
llm_iterative,base,3,155,2,4,46.0,46,0,0,0,zero,
llm_iterative,base,3,156,0,4,20.0,20,0,0,0,zero,
llm_iterative,base,3,156,1,4,50.0,50,0,0,0,zero,
llm_iterative,base,3,156,2,4,46.0,46,0,0,0,zero,
llm_iterative,base,3,157,0,4,16.0,16,0,2,2,zero,
llm_iterative,base,3,157,1,4,48.0,48,0,0,0,zero,
llm_iterative,base,3,157,2,4,46.0,46,0,0,0,zero,
llm_iterative,base,3,158,0,4,12.0,12,0,2,2,zero,
llm_iterative,base,3,158,1,4,46.0,46,0,0,0,zero,
llm_iterative,base,3,158,2,4,46.0,46,0,0,0,zero,
llm_iterative,base,3,159,0,4,8.0,8,0,9,9,zero,
llm_iterative,base,3,159,1,4,37.0,37,0,0,0,zero,
llm_iterative,base,3,159,2,4,46.0,46,0,0,0,zero,
llm_iterative,base,3,160,0,4,4.0,4,0,1,1,zero,
llm_iterative,base,3,160,1,4,36.0,36,0,1,1,zero,
llm_iterative,base,3,160,2,4,45.0,45,0,0,0,zero,
llm_iterative,base,3,161,0,4,2.0,2,0,2,2,zero,
llm_iterative,base,3,161,1,4,34.0,34,0,1,1,zero,
llm_iterative,base,3,161,2,4,44.0,44,0,0,0,zero,
llm_iterative,base,3,162,0,3,1.0,1,0,2,2,zero,
llm_iterative,base,3,162,1,3,32.0,32,0,1,1,zero,
llm_iterative,base,3,162,2,3,43.0,43,0,0,0,zero,
llm_iterative,base,3,163,0,4,6.0,6,0,6,6,zero,
llm_iterative,base,3,163,1,4,26.0,26,0,1,1,zero,
llm_iterative,base,3,163,2,4,42.0,42,0,0,0,zero,
llm_iterative,base,3,164,0,3,4.0,4,0,0,0,zero,
llm_iterative,base,3,164,1,3,27.0,27,0,1,1,zero,
llm_iterative,base,3,164,2,3,41.0,41,0,0,0,zero,
llm_iterative,base,3,165,0,3,3.0,3,0,6,6,zero,
llm_iterative,base,3,165,1,3,22.0,22,0,1,1,zero,
llm_iterative,base,3,165,2,3,40.0,40,0,0,0,zero,
llm_iterative,base,3,166,0,3,2.0,2,0,2,2,zero,
llm_iterative,base,3,166,1,3,21.0,21,0,1,1,zero,
llm_iterative,base,3,166,2,3,39.0,39,0,0,0,zero,
llm_iterative,base,3,167,0,3,5.0,5,0,0,0,zero,
llm_iterative,base,3,167,1,3,22.0,22,0,1,1,zero,
llm_iterative,base,3,167,2,3,38.0,38,0,0,0,zero,
llm_iterative,base,3,168,0,3,2.0,2,0,2,2,zero,
llm_iterative,base,3,168,1,3,21.0,21,0,1,1,zero,
llm_iterative,base,3,168,2,3,37.0,37,0,0,0,zero,
llm_iterative,base,3,169,0,3,5.0,5,0,6,6,zero,
llm_iterative,base,3,169,1,3,16.0,16,0,1,1,zero,
llm_iterative,base,3,169,2,3,36.0,36,0,0,0,zero,
llm_iterative,base,3,170,0,4,3.0,3,0,2,2,zero,
llm_iterative,base,3,170,1,4,15.0,15,0,1,1,zero,
llm_iterative,base,3,170,2,4,35.0,35,0,0,0,zero,
llm_iterative,base,3,171,0,4,1.0,0,1,6,6,zero,
llm_iterative,base,3,171,1,4,10.0,10,0,1,1,zero,
llm_iterative,base,3,171,2,4,34.0,34,0,0,0,zero,
llm_iterative,base,3,172,0,4,3.0,0,3,6,6,zero,
llm_iterative,base,3,172,1,4,5.0,5,0,15,15,zero,
llm_iterative,base,3,172,2,4,19.0,19,0,0,0,zero,
llm_iterative,base,3,173,0,4,1.0,0,1,2,2,zero,
llm_iterative,base,3,173,1,4,4.0,4,0,1,1,zero,
llm_iterative,base,3,173,2,4,18.0,18,0,1,1,zero,
llm_iterative,base,3,174,0,4,3.0,0,3,6,6,zero,
llm_iterative,base,3,174,1,4,1.0,0,1,1,1,zero,
llm_iterative,base,3,174,2,4,17.0,17,0,0,0,zero,
llm_iterative,base,3,175,0,4,1.0,0,1,6,6,zero,
llm_iterative,base,3,175,1,4,6.0,0,6,1,1,zero,
llm_iterative,base,3,175,2,4,16.0,16,0,0,0,zero,
llm_iterative,base,3,176,0,4,1.0,1,0,10,10,zero,
llm_iterative,base,3,176,1,4,1.0,0,1,15,15,zero,
llm_iterative,base,3,176,2,4,1.0,1,0,0,0,zero,
llm_iterative,base,3,177,0,4,1.0,0,1,2,2,zero,
llm_iterative,base,3,177,1,4,2.0,0,2,1,1,zero,
llm_iterative,base,3,177,2,4,1.0,1,0,16,16,zero,
llm_iterative,base,3,178,0,4,-0.0,0,0,0,0,zero,
llm_iterative,base,3,178,1,4,1.0,0,1,5,5,zero,
llm_iterative,base,3,178,2,4,4.0,0,4,2,2,zero,
llm_iterative,base,3,179,0,4,3.0,0,3,6,6,zero,
llm_iterative,base,3,179,1,4,6.0,0,6,1,1,zero,
llm_iterative,base,3,179,2,4,5.0,0,5,1,1,zero,
llm_iterative,base,3,180,0,5,7.0,7,0,6,6,zero,
llm_iterative,base,3,180,1,5,3.0,3,0,5,5,zero,
llm_iterative,base,3,180,2,5,10.0,0,10,0,0,zero,
llm_iterative,base,3,181,0,5,3.0,3,0,2,2,zero,
llm_iterative,base,3,181,1,5,2.0,2,0,15,15,zero,
llm_iterative,base,3,181,2,5,9.0,0,9,20,20,zero,
llm_iterative,base,3,182,0,5,1.0,0,1,6,6,zero,
llm_iterative,base,3,182,1,5,3.0,0,3,3,3,zero,
llm_iterative,base,3,182,2,5,10.0,0,10,20,20,zero,
llm_iterative,base,3,183,0,5,5.0,0,5,6,6,zero,
llm_iterative,base,3,183,1,5,9.0,0,9,15,15,zero,
llm_iterative,base,3,183,2,5,24.0,0,24,0,0,zero,
llm_iterative,base,3,184,0,5,2.0,2,0,10,10,zero,
llm_iterative,base,3,184,1,5,19.0,0,19,15,15,zero,
llm_iterative,base,3,184,2,5,39.0,0,39,20,20,zero,
llm_iterative,base,3,185,0,5,1.0,0,1,19,19,zero,
llm_iterative,base,3,185,1,5,22.0,0,22,15,15,zero,
llm_iterative,base,3,185,2,5,34.0,0,34,20,20,zero,
llm_iterative,base,3,186,0,5,3.0,0,3,10,10,zero,
llm_iterative,base,3,186,1,5,30.0,0,30,15,15,zero,
llm_iterative,base,3,186,2,5,29.0,0,29,20,20,zero,
llm_iterative,base,3,187,0,6,9.0,0,9,10,10,zero,
llm_iterative,base,3,187,1,6,39.0,0,39,18,18,zero,
llm_iterative,base,3,187,2,6,47.0,0,47,20,20,zero,
llm_iterative,base,3,188,0,6,15.0,0,15,10,10,zero,
llm_iterative,base,3,188,1,6,49.0,0,49,18,18,zero,
llm_iterative,base,3,188,2,6,45.0,0,45,20,20,zero,
llm_iterative,base,3,189,0,5,4.0,0,4,10,10,zero,
llm_iterative,base,3,189,1,5,39.0,0,39,3,3,zero,
llm_iterative,base,3,189,2,5,28.0,0,28,20,20,zero,
llm_iterative,base,3,190,0,6,8.0,0,8,6,6,zero,
llm_iterative,base,3,190,1,6,25.0,0,25,0,0,zero,
llm_iterative,base,3,190,2,6,8.0,0,8,0,0,zero,
llm_iterative,base,3,191,0,7,14.0,0,14,0,0,zero,
llm_iterative,base,3,191,1,7,25.0,0,25,0,0,zero,
llm_iterative,base,3,191,2,7,12.0,12,0,0,0,zero,
llm_iterative,base,3,192,0,7,21.0,0,21,6,6,zero,
llm_iterative,base,3,192,1,7,11.0,0,11,0,0,zero,
llm_iterative,base,3,192,2,7,32.0,32,0,0,0,zero,
llm_iterative,base,3,193,0,7,8.0,0,8,6,6,zero,
llm_iterative,base,3,193,1,7,3.0,3,0,0,0,zero,
llm_iterative,base,3,193,2,7,52.0,52,0,0,0,zero,
llm_iterative,base,3,194,0,6,6.0,6,0,6,6,zero,
llm_iterative,base,3,194,1,6,17.0,17,0,18,18,zero,
llm_iterative,base,3,194,2,6,34.0,34,0,0,0,zero,
llm_iterative,base,3,195,0,6,-0.0,0,0,0,0,zero,
llm_iterative,base,3,195,1,6,25.0,25,0,0,0,zero,
llm_iterative,base,3,195,2,6,34.0,34,0,1,1,zero,
llm_iterative,base,3,196,0,5,15.0,15,0,6,6,zero,
llm_iterative,base,3,196,1,5,19.0,19,0,0,0,zero,
llm_iterative,base,3,196,2,5,34.0,34,0,0,0,zero,
llm_iterative,base,3,197,0,5,27.0,27,0,0,0,zero,
llm_iterative,base,3,197,1,5,19.0,19,0,1,1,zero,
llm_iterative,base,3,197,2,5,33.0,33,0,0,0,zero,
llm_iterative,base,3,198,0,5,28.0,28,0,0,0,zero,
llm_iterative,base,3,198,1,5,37.0,37,0,0,0,zero,
llm_iterative,base,3,198,2,5,33.0,33,0,0,0,zero,
llm_iterative,base,3,199,0,5,23.0,23,0,2,2,zero,
llm_iterative,base,3,199,1,5,35.0,35,0,0,0,zero,
llm_iterative,base,3,199,2,5,34.0,34,0,0,0,zero,
llm_iterative,base,3,200,0,5,24.0,24,0,2,2,zero,
llm_iterative,base,3,200,1,5,33.0,33,0,0,0,zero,
llm_iterative,base,3,200,2,5,34.0,34,0,0,0,zero,
llm_iterative,shock,0,1,0,10,10.0,10,0,10,10,zero,
llm_iterative,shock,0,1,1,10,10.0,10,0,15,15,zero,
llm_iterative,shock,0,1,2,10,5.0,5,0,0,0,zero,
llm_iterative,shock,0,2,0,9,11.0,11,0,10,10,zero,
llm_iterative,shock,0,2,1,9,10.0,10,0,1,1,zero,
llm_iterative,shock,0,2,2,9,14.0,14,0,20,20,zero,
llm_iterative,shock,0,3,0,9,12.0,12,0,6,6,zero,
llm_iterative,shock,0,3,1,9,14.0,14,0,15,15,zero,
llm_iterative,shock,0,3,2,9,9.0,9,0,3,3,zero,
llm_iterative,shock,0,4,0,9,13.0,13,0,10,10,zero,
llm_iterative,shock,0,4,1,9,14.0,14,0,1,1,zero,
llm_iterative,shock,0,4,2,9,18.0,18,0,20,20,zero,
llm_iterative,shock,0,5,0,8,15.0,15,0,6,6,zero,
llm_iterative,shock,0,5,1,8,23.0,23,0,15,15,zero,
llm_iterative,shock,0,5,2,8,3.0,3,0,0,0,zero,
llm_iterative,shock,0,6,0,7,18.0,18,0,9,9,zero,
llm_iterative,shock,0,6,1,7,15.0,15,0,1,1,zero,
llm_iterative,shock,0,6,2,7,22.0,22,0,16,16,zero,
llm_iterative,shock,0,7,0,7,17.0,17,0,4,4,zero,
llm_iterative,shock,0,7,1,7,26.0,26,0,1,1,zero,
llm_iterative,shock,0,7,2,7,24.0,24,0,0,0,zero,
llm_iterative,shock,0,8,0,8,19.0,19,0,4,4,zero,
llm_iterative,shock,0,8,1,8,23.0,23,0,1,1,zero,
llm_iterative,shock,0,8,2,8,43.0,43,0,0,0,zero,
llm_iterative,shock,0,9,0,7,18.0,18,0,6,6,zero,
llm_iterative,shock,0,9,1,7,32.0,32,0,1,1,zero,
llm_iterative,shock,0,9,2,7,42.0,42,0,0,0,zero,
llm_iterative,shock,0,10,0,7,20.0,20,0,4,4,zero,
llm_iterative,shock,0,10,1,7,29.0,29,0,1,1,zero,
llm_iterative,shock,0,10,2,7,57.0,57,0,0,0,zero,
llm_iterative,shock,0,11,0,7,17.0,17,0,4,4,zero,
llm_iterative,shock,0,11,1,7,26.0,26,0,1,1,zero,
llm_iterative,shock,0,11,2,7,56.0,56,0,0,0,zero,
llm_iterative,shock,0,12,0,7,14.0,14,0,4,4,zero,
llm_iterative,shock,0,12,1,7,23.0,23,0,1,1,zero,
llm_iterative,shock,0,12,2,7,55.0,55,0,0,0,zero,
llm_iterative,shock,0,13,0,8,12.0,12,0,9,9,zero,
llm_iterative,shock,0,13,1,8,15.0,15,0,1,1,zero,
llm_iterative,shock,0,13,2,8,54.0,54,0,0,0,zero,
llm_iterative,shock,0,14,0,8,8.0,8,0,9,9,zero,
llm_iterative,shock,0,14,1,8,7.0,7,0,15,15,zero,
llm_iterative,shock,0,14,2,8,39.0,39,0,0,0,zero,
llm_iterative,shock,0,15,0,9,3.0,3,0,9,9,zero,
llm_iterative,shock,0,15,1,9,1.0,0,1,11,11,zero,
llm_iterative,shock,0,15,2,9,28.0,28,0,0,0,zero,
llm_iterative,shock,0,16,0,8,1.0,0,1,9,9,zero,
llm_iterative,shock,0,16,1,8,9.0,0,9,15,15,zero,
llm_iterative,shock,0,16,2,8,13.0,13,0,16,16,zero,
llm_iterative,shock,0,17,0,8,-0.0,0,0,10,10,zero,
llm_iterative,shock,0,17,1,8,18.0,0,18,3,3,zero,
llm_iterative,shock,0,17,2,8,10.0,10,0,20,20,zero,
llm_iterative,shock,0,18,0,8,1.0,1,0,10,10,zero,
llm_iterative,shock,0,18,1,8,13.0,0,13,15,15,zero,
llm_iterative,shock,0,18,2,8,5.0,0,5,0,0,zero,
llm_iterative,shock,0,19,0,9,-0.0,0,0,6,6,zero,
llm_iterative,shock,0,19,1,9,8.0,0,8,18,18,zero,
llm_iterative,shock,0,19,2,9,23.0,0,23,20,20,zero,
llm_iterative,shock,0,20,0,9,8.0,0,8,10,10,zero,
llm_iterative,shock,0,20,1,9,3.0,0,3,18,18,zero,
llm_iterative,shock,0,20,2,9,25.0,0,25,20,20,zero,
llm_iterative,shock,0,21,0,8,15.0,0,15,6,6,zero,
llm_iterative,shock,0,21,1,8,6.0,0,6,18,18,zero,
llm_iterative,shock,0,21,2,8,23.0,0,23,20,20,zero,
llm_iterative,shock,0,22,0,10,10.0,0,10,10,10,zero,
llm_iterative,shock,0,22,1,10,6.0,0,6,3,3,zero,
llm_iterative,shock,0,22,2,10,26.0,0,26,20,20,zero,
llm_iterative,shock,0,23,0,10,9.0,0,9,10,10,zero,
llm_iterative,shock,0,23,1,10,16.0,0,16,18,18,zero,
llm_iterative,shock,0,23,2,10,24.0,0,24,0,0,zero,
llm_iterative,shock,0,24,0,9,3.0,0,3,19,19,zero,
llm_iterative,shock,0,24,1,9,19.0,0,19,3,3,zero,
llm_iterative,shock,0,24,2,9,7.0,0,7,20,20,zero,
llm_iterative,shock,0,25,0,8,8.0,0,8,10,10,zero,
llm_iterative,shock,0,25,1,8,9.0,0,9,18,18,zero,
llm_iterative,shock,0,25,2,8,5.0,0,5,16,16,zero,
llm_iterative,shock,0,26,0,8,6.0,0,6,2,2,zero,
llm_iterative,shock,0,26,1,8,11.0,0,11,3,3,zero,
llm_iterative,shock,0,26,2,8,12.0,12,0,20,20,zero,
llm_iterative,shock,0,27,0,8,14.0,0,14,6,6,zero,
llm_iterative,shock,0,27,1,8,3.0,3,0,0,0,zero,
llm_iterative,shock,0,27,2,8,12.0,12,0,3,3,zero,
llm_iterative,shock,0,28,0,7,5.0,0,5,6,6,zero,
llm_iterative,shock,0,28,1,7,17.0,17,0,12,12,zero,
llm_iterative,shock,0,28,2,7,20.0,20,0,0,0,zero,
llm_iterative,shock,0,29,0,7,8.0,8,0,6,6,zero,
llm_iterative,shock,0,29,1,7,31.0,31,0,0,0,zero,
llm_iterative,shock,0,29,2,7,36.0,36,0,0,0,zero,
llm_iterative,shock,0,30,0,6,2.0,2,0,2,2,zero,
llm_iterative,shock,0,30,1,6,37.0,37,0,12,12,zero,
llm_iterative,shock,0,30,2,6,44.0,44,0,0,0,zero,
llm_iterative,shock,0,31,0,7,12.0,12,0,6,6,zero,
llm_iterative,shock,0,31,1,7,31.0,31,0,0,0,zero,
llm_iterative,shock,0,31,2,7,47.0,47,0,1,1,zero,
llm_iterative,shock,0,32,0,7,11.0,11,0,6,6,zero,
llm_iterative,shock,0,32,1,7,37.0,37,0,1,1,zero,
llm_iterative,shock,0,32,2,7,46.0,46,0,0,0,zero,
llm_iterative,shock,0,33,0,8,9.0,9,0,9,9,zero,
llm_iterative,shock,0,33,1,8,28.0,28,0,1,1,zero,
llm_iterative,shock,0,33,2,8,45.0,45,0,0,0,zero,
llm_iterative,shock,0,34,0,9,2.0,2,0,9,9,zero,
llm_iterative,shock,0,34,1,9,31.0,31,0,15,15,zero,
llm_iterative,shock,0,34,2,9,30.0,30,0,0,0,zero,
llm_iterative,shock,0,35,0,9,1.0,0,1,9,9,zero,
llm_iterative,shock,0,35,1,9,22.0,22,0,15,15,zero,
llm_iterative,shock,0,35,2,9,16.0,16,0,1,1,zero,
llm_iterative,shock,0,36,0,9,4.0,0,4,9,9,zero,
llm_iterative,shock,0,36,1,9,14.0,14,0,1,1,zero,
llm_iterative,shock,0,36,2,9,15.0,15,0,20,20,zero,
llm_iterative,shock,0,37,0,8,3.0,0,3,10,10,zero,
llm_iterative,shock,0,37,1,8,5.0,5,0,11,11,zero,
llm_iterative,shock,0,37,2,8,4.0,4,0,3,3,zero,
llm_iterative,shock,0,38,0,8,2.0,0,2,6,6,zero,
llm_iterative,shock,0,38,1,8,14.0,14,0,15,15,zero,
llm_iterative,shock,0,38,2,8,11.0,0,11,20,20,zero,
llm_iterative,shock,0,39,0,8,1.0,0,1,10,10,zero,
llm_iterative,shock,0,39,1,8,19.0,19,0,11,11,zero,
llm_iterative,shock,0,39,2,8,21.0,0,21,20,20,zero,
llm_iterative,shock,0,40,0,9,1.0,0,1,6,6,zero,
llm_iterative,shock,0,40,1,9,14.0,14,0,15,15,zero,
llm_iterative,shock,0,40,2,9,16.0,0,16,20,20,zero,
llm_iterative,shock,0,41,0,10,1.0,0,1,19,19,zero,
llm_iterative,shock,0,41,1,10,6.0,6,0,1,1,zero,
llm_iterative,shock,0,41,2,10,14.0,0,14,16,16,zero,
llm_iterative,shock,0,42,0,10,5.0,0,5,6,6,zero,
llm_iterative,shock,0,42,1,10,4.0,4,0,15,15,zero,
llm_iterative,shock,0,42,2,10,9.0,0,9,0,0,zero,
llm_iterative,shock,0,43,0,9,4.0,0,4,10,10,zero,
llm_iterative,shock,0,43,1,9,5.0,0,5,3,3,zero,
llm_iterative,shock,0,43,2,9,8.0,8,0,16,16,zero,
llm_iterative,shock,0,44,0,7,5.0,0,5,10,10,zero,
llm_iterative,shock,0,44,1,7,5.0,5,0,15,15,zero,
llm_iterative,shock,0,44,2,7,13.0,13,0,1,1,zero,
llm_iterative,shock,0,45,0,8,6.0,6,0,6,6,zero,
llm_iterative,shock,0,45,1,8,2.0,2,0,3,3,zero,
llm_iterative,shock,0,45,2,8,26.0,26,0,16,16,zero,
llm_iterative,shock,0,46,0,7,5.0,5,0,10,10,zero,
llm_iterative,shock,0,46,1,7,12.0,12,0,5,5,zero,
llm_iterative,shock,0,46,2,7,21.0,21,0,0,0,zero,
llm_iterative,shock,0,47,0,7,3.0,3,0,6,6,zero,
llm_iterative,shock,0,47,1,7,18.0,18,0,15,15,zero,
llm_iterative,shock,0,47,2,7,22.0,22,0,0,0,zero,
llm_iterative,shock,0,48,0,7,11.0,11,0,6,6,zero,
llm_iterative,shock,0,48,1,7,27.0,27,0,3,3,zero,
llm_iterative,shock,0,48,2,7,20.0,20,0,16,16,zero,
llm_iterative,shock,0,49,0,7,10.0,10,0,6,6,zero,
llm_iterative,shock,0,49,1,7,24.0,24,0,1,1,zero,
llm_iterative,shock,0,49,2,7,35.0,35,0,3,3,zero,
llm_iterative,shock,0,50,0,8,12.0,12,0,6,6,zero,
llm_iterative,shock,0,50,1,8,23.0,23,0,1,1,zero,
llm_iterative,shock,0,50,2,8,34.0,34,0,0,0,zero,
llm_iterative,shock,0,51,0,8,10.0,10,0,10,10,zero,
llm_iterative,shock,0,51,1,8,28.0,28,0,1,1,zero,
llm_iterative,shock,0,51,2,8,33.0,33,0,0,0,zero,
llm_iterative,shock,0,52,0,8,8.0,8,0,9,9,zero,
llm_iterative,shock,0,52,1,8,22.0,22,0,15,15,zero,
llm_iterative,shock,0,52,2,8,34.0,34,0,0,0,zero,
llm_iterative,shock,0,53,0,8,6.0,6,0,9,9,zero,
llm_iterative,shock,0,53,1,8,14.0,14,0,15,15,zero,
llm_iterative,shock,0,53,2,8,22.0,22,0,1,1,zero,
llm_iterative,shock,0,54,0,8,4.0,4,0,2,2,zero,
llm_iterative,shock,0,54,1,8,13.0,13,0,15,15,zero,
llm_iterative,shock,0,54,2,8,7.0,7,0,20,20,zero,
llm_iterative,shock,0,55,0,9,5.0,5,0,6,6,zero,
llm_iterative,shock,0,55,1,9,8.0,8,0,0,0,zero,
llm_iterative,shock,0,55,2,9,7.0,7,0,20,20,zero,
llm_iterative,shock,0,56,0,8,6.0,6,0,10,10,zero,
llm_iterative,shock,0,56,1,8,13.0,13,0,1,1,zero,
llm_iterative,shock,0,56,2,8,6.0,6,0,0,0,zero,
llm_iterative,shock,0,57,0,8,7.0,7,0,9,9,zero,
llm_iterative,shock,0,57,1,8,19.0,19,0,12,12,zero,
llm_iterative,shock,0,57,2,8,5.0,0,5,0,0,zero,
llm_iterative,shock,0,58,0,6,3.0,3,0,9,9,zero,
llm_iterative,shock,0,58,1,6,25.0,25,0,15,15,zero,
llm_iterative,shock,0,58,2,6,-0.0,0,0,0,0,zero,
llm_iterative,shock,0,59,0,6,3.0,3,0,2,2,zero,
llm_iterative,shock,0,59,1,6,23.0,23,0,15,15,zero,
llm_iterative,shock,0,59,2,6,5.0,5,0,20,20,zero,
llm_iterative,shock,0,60,0,6,7.0,7,0,6,6,zero,
llm_iterative,shock,0,60,1,6,18.0,18,0,0,0,zero,
llm_iterative,shock,0,60,2,6,5.0,5,0,20,20,zero,
llm_iterative,shock,0,61,0,5,11.0,11,0,6,6,zero,
llm_iterative,shock,0,61,1,5,19.0,19,0,0,0,zero,
llm_iterative,shock,0,61,2,5,5.0,5,0,0,0,zero,
llm_iterative,shock,0,62,0,5,15.0,15,0,2,2,zero,
llm_iterative,shock,0,62,1,5,37.0,37,0,1,1,zero,
llm_iterative,shock,0,62,2,5,4.0,4,0,0,0,zero,
llm_iterative,shock,0,63,0,5,12.0,12,0,2,2,zero,
llm_iterative,shock,0,63,1,5,50.0,50,0,0,0,zero,
llm_iterative,shock,0,63,2,5,24.0,24,0,0,0,zero,
llm_iterative,shock,0,64,0,5,13.0,13,0,2,2,zero,
llm_iterative,shock,0,64,1,5,48.0,48,0,0,0,zero,
llm_iterative,shock,0,64,2,5,44.0,44,0,0,0,zero,
llm_iterative,shock,0,65,0,5,14.0,14,0,6,6,zero,
llm_iterative,shock,0,65,1,5,42.0,42,0,0,0,zero,
llm_iterative,shock,0,65,2,5,44.0,44,0,0,0,zero,
llm_iterative,shock,0,66,0,5,11.0,11,0,2,2,zero,
llm_iterative,shock,0,66,1,5,41.0,41,0,1,1,zero,
llm_iterative,shock,0,66,2,5,43.0,43,0,0,0,zero,
llm_iterative,shock,0,67,0,4,9.0,9,0,9,9,zero,
llm_iterative,shock,0,67,1,4,32.0,32,0,1,1,zero,
llm_iterative,shock,0,67,2,4,42.0,42,0,0,0,zero,
llm_iterative,shock,0,68,0,5,6.0,6,0,3,3,zero,
llm_iterative,shock,0,68,1,5,29.0,29,0,1,1,zero,
llm_iterative,shock,0,68,2,5,41.0,41,0,0,0,zero,
llm_iterative,shock,0,69,0,6,6.0,6,0,3,3,zero,
llm_iterative,shock,0,69,1,6,26.0,26,0,1,1,zero,
llm_iterative,shock,0,69,2,6,40.0,40,0,0,0,zero,
llm_iterative,shock,0,70,0,6,2.0,2,0,6,6,zero,
llm_iterative,shock,0,70,1,6,21.0,21,0,1,1,zero,
llm_iterative,shock,0,70,2,6,39.0,39,0,0,0,zero,
llm_iterative,shock,0,71,0,6,5.0,5,0,6,6,zero,
llm_iterative,shock,0,71,1,6,16.0,16,0,15,15,zero,
llm_iterative,shock,0,71,2,6,24.0,24,0,0,0,zero,
llm_iterative,shock,0,72,0,5,3.0,3,0,9,9,zero,
llm_iterative,shock,0,72,1,5,8.0,8,0,1,1,zero,
llm_iterative,shock,0,72,2,5,23.0,23,0,0,0,zero,
llm_iterative,shock,0,73,0,6,-0.0,0,0,2,2,zero,
llm_iterative,shock,0,73,1,6,7.0,7,0,15,15,zero,
llm_iterative,shock,0,73,2,6,8.0,8,0,0,0,zero,
llm_iterative,shock,0,74,0,6,-0.0,0,0,6,6,zero,
llm_iterative,shock,0,74,1,6,2.0,2,0,1,1,zero,
llm_iterative,shock,0,74,2,6,7.0,7,0,20,20,zero,
llm_iterative,shock,0,75,0,7,1.0,0,1,6,6,zero,
llm_iterative,shock,0,75,1,7,11.0,11,0,1,1,zero,
llm_iterative,shock,0,75,2,7,6.0,6,0,3,3,zero,
llm_iterative,shock,0,76,0,7,1.0,1,0,10,10,zero,
llm_iterative,shock,0,76,1,7,2.0,2,0,1,1,zero,
llm_iterative,shock,0,76,2,7,5.0,5,0,0,0,zero,
llm_iterative,shock,0,77,0,7,4.0,0,4,6,6,zero,
llm_iterative,shock,0,77,1,7,11.0,11,0,15,15,zero,
llm_iterative,shock,0,77,2,7,10.0,0,10,0,0,zero,
llm_iterative,shock,0,78,0,6,4.0,0,4,10,10,zero,
llm_iterative,shock,0,78,1,6,2.0,2,0,15,15,zero,
llm_iterative,shock,0,78,2,6,5.0,0,5,2,2,zero,
llm_iterative,shock,0,79,0,6,4.0,0,4,6,6,zero,
llm_iterative,shock,0,79,1,6,3.0,0,3,3,3,zero,
llm_iterative,shock,0,79,2,6,5.0,0,5,20,20,zero,
llm_iterative,shock,0,80,0,7,1.0,0,1,6,6,zero,
llm_iterative,shock,0,80,1,7,8.0,0,8,15,15,zero,
llm_iterative,shock,0,80,2,7,20.0,0,20,20,20,zero,
llm_iterative,shock,0,81,0,8,3.0,0,3,10,10,zero,
llm_iterative,shock,0,81,1,8,13.0,0,13,3,3,zero,
llm_iterative,shock,0,81,2,8,23.0,0,23,20,20,zero,
llm_iterative,shock,0,82,0,8,1.0,0,1,10,10,zero,
llm_iterative,shock,0,82,1,8,3.0,0,3,15,15,zero,
llm_iterative,shock,0,82,2,8,36.0,0,36,0,0,zero,
llm_iterative,shock,0,83,0,7,5.0,0,5,6,6,zero,
llm_iterative,shock,0,83,1,7,6.0,0,6,15,15,zero,
llm_iterative,shock,0,83,2,7,31.0,0,31,20,20,zero,
llm_iterative,shock,0,84,0,6,10.0,0,10,10,10,zero,
llm_iterative,shock,0,84,1,6,16.0,0,16,3,3,zero,
llm_iterative,shock,0,84,2,6,14.0,0,14,20,20,zero,
llm_iterative,shock,0,85,0,6,11.0,0,11,6,6,zero,
llm_iterative,shock,0,85,1,6,22.0,0,22,3,3,zero,
llm_iterative,shock,0,85,2,6,3.0,3,0,0,0,zero,
llm_iterative,shock,0,86,0,6,3.0,3,0,6,6,zero,
llm_iterative,shock,0,86,1,6,26.0,0,26,0,0,zero,
llm_iterative,shock,0,86,2,6,3.0,3,0,0,0,zero,
llm_iterative,shock,0,87,0,6,-0.0,0,0,19,19,zero,
llm_iterative,shock,0,87,1,6,25.0,0,25,0,0,zero,
llm_iterative,shock,0,87,2,6,23.0,23,0,0,0,zero,
llm_iterative,shock,0,88,0,6,6.0,0,6,9,9,zero,
llm_iterative,shock,0,88,1,6,14.0,0,14,18,18,zero,
llm_iterative,shock,0,88,2,6,25.0,25,0,0,0,zero,
llm_iterative,shock,0,89,0,5,11.0,0,11,2,2,zero,
llm_iterative,shock,0,89,1,5,1.0,1,0,18,18,zero,
llm_iterative,shock,0,89,2,5,7.0,7,0,16,16,zero,
llm_iterative,shock,0,90,0,5,14.0,0,14,0,0,zero,
llm_iterative,shock,0,90,1,5,1.0,1,0,0,0,zero,
llm_iterative,shock,0,90,2,5,7.0,7,0,20,20,zero,
llm_iterative,shock,0,91,0,5,1.0,1,0,6,6,zero,
llm_iterative,shock,0,91,1,5,5.0,0,5,0,0,zero,
llm_iterative,shock,0,91,2,5,7.0,7,0,0,0,zero,
llm_iterative,shock,0,92,0,8,13.0,13,0,6,6,zero,
llm_iterative,shock,0,92,1,8,7.0,7,0,12,12,zero,
llm_iterative,shock,0,92,2,8,5.0,0,5,0,0,zero,
llm_iterative,shock,0,93,0,8,21.0,21,0,2,2,zero,
llm_iterative,shock,0,93,1,8,23.0,23,0,12,12,zero,
llm_iterative,shock,0,93,2,8,1.0,0,1,0,0,zero,
llm_iterative,shock,0,94,0,8,13.0,13,0,9,9,zero,94
llm_iterative,shock,0,94,1,8,14.0,14,0,0,0,zero,94
llm_iterative,shock,0,94,2,8,19.0,19,0,20,20,zero,94
llm_iterative,shock,0,95,0,8,6.0,6,0,9,9,zero,94
llm_iterative,shock,0,95,1,8,5.0,5,0,12,12,zero,94
llm_iterative,shock,0,95,2,8,7.0,7,0,0,0,zero,94
llm_iterative,shock,0,96,0,11,6.0,6,0,9,9,zero,94
llm_iterative,shock,0,96,1,11,3.0,3,0,15,15,zero,94
llm_iterative,shock,0,96,2,11,8.0,0,8,20,20,zero,94
llm_iterative,shock,0,97,0,11,3.0,0,3,19,19,zero,94
llm_iterative,shock,0,97,1,11,-0.0,0,0,15,15,zero,94
llm_iterative,shock,0,97,2,11,23.0,0,23,20,20,zero,94
llm_iterative,shock,0,98,0,11,5.0,0,5,9,9,zero,94
llm_iterative,shock,0,98,1,11,8.0,0,8,15,15,zero,94
llm_iterative,shock,0,98,2,11,18.0,0,18,20,20,zero,94
llm_iterative,shock,0,99,0,12,8.0,0,8,10,10,zero,94
llm_iterative,shock,0,99,1,12,6.0,0,6,15,15,zero,94
llm_iterative,shock,0,99,2,12,33.0,0,33,20,20,zero,94
llm_iterative,shock,0,100,0,12,11.0,0,11,10,10,zero,94
llm_iterative,shock,0,100,1,12,9.0,0,9,15,15,zero,94
llm_iterative,shock,0,100,2,12,28.0,0,28,20,20,zero,94
llm_iterative,shock,0,101,0,12,4.0,0,4,19,19,zero,94
llm_iterative,shock,0,101,1,12,28.0,0,28,15,15,zero,94
llm_iterative,shock,0,101,2,12,23.0,0,23,16,16,zero,94
llm_iterative,shock,0,102,0,11,14.0,0,14,19,19,zero,94
llm_iterative,shock,0,102,1,11,27.0,0,27,18,18,zero,94
llm_iterative,shock,0,102,2,11,21.0,0,21,16,16,zero,94
llm_iterative,shock,0,103,0,11,13.0,0,13,10,10,zero,94
llm_iterative,shock,0,103,1,11,37.0,0,37,18,18,zero,94
llm_iterative,shock,0,103,2,11,19.0,0,19,20,20,zero,94
llm_iterative,shock,0,104,0,12,18.0,0,18,19,19,zero,94
llm_iterative,shock,0,104,1,12,36.0,0,36,3,3,zero,94
llm_iterative,shock,0,104,2,12,2.0,0,2,20,20,zero,94
llm_iterative,shock,0,105,0,11,29.0,0,29,10,10,zero,94
llm_iterative,shock,0,105,1,11,26.0,0,26,18,18,zero,94
llm_iterative,shock,0,105,2,11,4.0,0,4,1,1,zero,94
llm_iterative,shock,0,106,0,8,17.0,0,17,10,10,zero,94
llm_iterative,shock,0,106,1,8,16.0,0,16,3,3,zero,94
llm_iterative,shock,0,106,2,8,9.0,9,0,20,20,zero,94
llm_iterative,shock,0,107,0,8,25.0,0,25,6,6,zero,94
llm_iterative,shock,0,107,1,8,2.0,0,2,18,18,zero,94
llm_iterative,shock,0,107,2,8,11.0,11,0,16,16,zero,94
llm_iterative,shock,0,108,0,9,14.0,0,14,6,6,zero,94
llm_iterative,shock,0,108,1,9,12.0,12,0,18,18,zero,94
llm_iterative,shock,0,108,2,9,13.0,13,0,20,20,zero,94
llm_iterative,shock,0,109,0,9,3.0,0,3,6,6,zero,94
llm_iterative,shock,0,109,1,9,22.0,22,0,0,0,zero,94
llm_iterative,shock,0,109,2,9,14.0,14,0,20,20,zero,94
llm_iterative,shock,0,110,0,11,6.0,6,0,6,6,zero,94
llm_iterative,shock,0,110,1,11,23.0,23,0,0,0,zero,94
llm_iterative,shock,0,110,2,11,34.0,34,0,0,0,zero,94
llm_iterative,shock,0,111,0,11,15.0,15,0,10,10,zero,94
llm_iterative,shock,0,111,1,11,31.0,31,0,1,1,zero,94
llm_iterative,shock,0,111,2,11,49.0,49,0,0,0,zero,94
llm_iterative,shock,0,112,0,11,12.0,12,0,19,19,zero,94
llm_iterative,shock,0,112,1,11,30.0,30,0,12,12,zero,94
llm_iterative,shock,0,112,2,11,57.0,57,0,0,0,zero,94
llm_iterative,shock,0,113,0,9,9.0,9,0,9,9,zero,94
llm_iterative,shock,0,113,1,9,21.0,21,0,15,15,zero,94
llm_iterative,shock,0,113,2,9,62.0,62,0,0,0,zero,94
llm_iterative,shock,0,114,0,11,4.0,4,0,9,9,zero,94
llm_iterative,shock,0,114,1,11,12.0,12,0,15,15,zero,94
llm_iterative,shock,0,114,2,11,47.0,47,0,0,0,zero,94
llm_iterative,shock,0,115,0,7,7.0,7,0,6,6,zero,94
llm_iterative,shock,0,115,1,7,7.0,7,0,3,3,zero,94
llm_iterative,shock,0,115,2,7,44.0,44,0,16,16,zero,94
llm_iterative,shock,0,116,0,6,20.0,20,0,6,6,zero,94
llm_iterative,shock,0,116,1,6,13.0,13,0,1,1,zero,94
llm_iterative,shock,0,116,2,6,43.0,43,0,0,0,zero,94
llm_iterative,shock,0,117,0,7,22.0,22,0,2,2,zero,94
llm_iterative,shock,0,117,1,7,26.0,26,0,1,1,zero,94
llm_iterative,shock,0,117,2,7,42.0,42,0,0,0,zero,94
llm_iterative,shock,0,118,0,7,24.0,24,0,2,2,zero,94
llm_iterative,shock,0,118,1,7,39.0,39,0,1,1,zero,94
llm_iterative,shock,0,118,2,7,41.0,41,0,0,0,zero,94
llm_iterative,shock,0,119,0,7,23.0,23,0,6,6,zero,94
llm_iterative,shock,0,119,1,7,36.0,36,0,0,0,zero,94
llm_iterative,shock,0,119,2,7,57.0,57,0,0,0,zero,94
llm_iterative,shock,0,120,0,6,23.0,23,0,2,2,zero,94
llm_iterative,shock,0,120,1,6,35.0,35,0,1,1,zero,94
llm_iterative,shock,0,120,2,6,56.0,56,0,0,0,zero,94
llm_iterative,shock,0,121,0,6,19.0,19,0,3,3,zero,94
llm_iterative,shock,0,121,1,6,33.0,33,0,1,1,zero,94
llm_iterative,shock,0,121,2,6,55.0,55,0,0,0,zero,94
llm_iterative,shock,0,122,0,6,15.0,15,0,4,4,zero,94
llm_iterative,shock,0,122,1,6,30.0,30,0,1,1,zero,94
llm_iterative,shock,0,122,2,6,54.0,54,0,0,0,zero,94
llm_iterative,shock,0,123,0,6,15.0,15,0,3,3,zero,94
llm_iterative,shock,0,123,1,6,27.0,27,0,1,1,zero,94
llm_iterative,shock,0,123,2,6,53.0,53,0,0,0,zero,94
llm_iterative,shock,0,124,0,7,10.0,10,0,9,9,zero,94
llm_iterative,shock,0,124,1,7,19.0,19,0,1,1,zero,94
llm_iterative,shock,0,124,2,7,52.0,52,0,0,0,zero,94
llm_iterative,shock,0,125,0,8,5.0,5,0,3,3,zero,94
llm_iterative,shock,0,125,1,8,17.0,17,0,15,15,zero,94
llm_iterative,shock,0,125,2,8,37.0,37,0,0,0,zero,94
llm_iterative,shock,0,126,0,7,2.0,2,0,9,9,zero,94
llm_iterative,shock,0,126,1,7,9.0,9,0,1,1,zero,94
llm_iterative,shock,0,126,2,7,36.0,36,0,0,0,zero,94
llm_iterative,shock,0,127,0,8,3.0,0,3,9,9,zero,94
llm_iterative,shock,0,127,1,8,1.0,1,0,15,15,zero,94
llm_iterative,shock,0,127,2,8,21.0,21,0,0,0,zero,94
llm_iterative,shock,0,128,0,7,1.0,0,1,9,9,zero,94
llm_iterative,shock,0,128,1,7,7.0,0,7,11,11,zero,94
llm_iterative,shock,0,128,2,7,10.0,10,0,16,16,zero,94
llm_iterative,shock,0,129,0,8,6.0,0,6,10,10,llm_r1_0,94
llm_iterative,shock,0,129,1,8,2.0,0,2,15,15,llm_r1_0,94
llm_iterative,shock,0,129,2,8,5.0,0,5,20,20,llm_r1_0,94
llm_iterative,shock,0,130,0,7,4.0,0,4,6,6,llm_r1_0,94
llm_iterative,shock,0,130,1,7,7.0,0,7,15,15,llm_r1_0,94
llm_iterative,shock,0,130,2,7,20.0,0,20,20,20,llm_r1_0,94
llm_iterative,shock,0,131,0,6,1.0,0,1,10,10,llm_r1_0,94
llm_iterative,shock,0,131,1,6,2.0,0,2,15,15,llm_r1_0,94
llm_iterative,shock,0,131,2,6,35.0,0,35,20,18,llm_r1_0,94
llm_iterative,shock,0,132,0,6,5.0,0,5,6,6,llm_r1_0,94
llm_iterative,shock,0,132,1,6,3.0,3,0,15,15,llm_r1_0,94
llm_iterative,shock,0,132,2,6,34.0,0,34,20,16,llm_r1_0,94
llm_iterative,shock,0,133,0,5,5.0,5,0,2,2,llm_r1_0,94
llm_iterative,shock,0,133,1,5,11.0,11,0,11,11,llm_r1_0,94
llm_iterative,shock,0,133,2,5,25.0,0,25,20,16,llm_r1_0,94
llm_iterative,shock,0,134,0,7,1.0,0,1,2,2,llm_r1_0,94
llm_iterative,shock,0,134,1,7,9.0,9,0,0,0,llm_r1_0,94
llm_iterative,shock,0,134,2,7,5.0,0,5,20,16,llm_r1_0,94
llm_iterative,shock,0,135,0,6,8.0,8,0,6,6,llm_r1_0,94
llm_iterative,shock,0,135,1,6,3.0,3,0,0,0,llm_r1_0,94
llm_iterative,shock,0,135,2,6,13.0,13,0,0,0,llm_r1_0,94
llm_iterative,shock,0,136,0,6,10.0,10,0,6,6,llm_r1_0,94
llm_iterative,shock,0,136,1,6,13.0,13,0,0,0,llm_r1_0,94
llm_iterative,shock,0,136,2,6,29.0,29,0,0,0,llm_r1_0,94
llm_iterative,shock,0,137,0,7,5.0,5,0,9,9,llm_r1_0,94
llm_iterative,shock,0,137,1,7,24.0,24,0,1,1,llm_r1_0,94
llm_iterative,shock,0,137,2,7,44.0,44,0,0,0,llm_r1_0,94
llm_iterative,shock,0,138,0,7,-0.0,0,0,9,9,llm_r1_0,94
llm_iterative,shock,0,138,1,7,35.0,35,0,12,12,llm_r1_0,94
llm_iterative,shock,0,138,2,7,48.0,48,0,0,0,llm_r1_0,94
llm_iterative,shock,0,139,0,6,-0.0,0,0,2,2,llm_r2_0,94
llm_iterative,shock,0,139,1,6,38.0,38,0,12,9,llm_r2_0,94
llm_iterative,shock,0,139,2,6,39.0,39,0,1,1,llm_r2_0,94
llm_iterative,shock,0,140,0,6,-0.0,0,0,6,6,llm_r2_0,94
llm_iterative,shock,0,140,1,6,32.0,32,0,1,0,llm_r2_0,94
llm_iterative,shock,0,140,2,6,39.0,39,0,1,1,llm_r2_0,94
llm_iterative,shock,0,141,0,5,4.0,4,0,6,6,llm_r2_0,94
llm_iterative,shock,0,141,1,5,27.0,27,0,1,0,llm_r2_0,94
llm_iterative,shock,0,141,2,5,39.0,39,0,0,0,llm_r2_0,94
llm_iterative,shock,0,142,0,5,8.0,8,0,6,6,llm_r2_0,94
llm_iterative,shock,0,142,1,5,33.0,33,0,1,0,llm_r2_0,94
llm_iterative,shock,0,142,2,5,39.0,39,0,0,0,llm_r2_0,94
llm_iterative,shock,0,143,0,5,5.0,5,0,2,2,llm_r2_0,94
llm_iterative,shock,0,143,1,5,40.0,40,0,1,1,llm_r2_0,94
llm_iterative,shock,0,143,2,5,39.0,39,0,0,0,llm_r2_0,94
llm_iterative,shock,0,144,0,4,7.0,7,0,6,6,zero,94
llm_iterative,shock,0,144,1,4,34.0,34,0,1,1,zero,94
llm_iterative,shock,0,144,2,4,39.0,39,0,0,0,zero,94
llm_iterative,shock,0,145,0,4,9.0,9,0,2,2,zero,94
llm_iterative,shock,0,145,1,4,32.0,32,0,1,1,zero,94
llm_iterative,shock,0,145,2,4,38.0,38,0,0,0,zero,94
llm_iterative,shock,0,146,0,4,11.0,11,0,2,2,zero,94
llm_iterative,shock,0,146,1,4,30.0,30,0,1,1,zero,94
llm_iterative,shock,0,146,2,4,37.0,37,0,0,0,zero,94
llm_iterative,shock,0,147,0,3,10.0,10,0,2,2,zero,94
llm_iterative,shock,0,147,1,3,29.0,29,0,1,1,zero,94
llm_iterative,shock,0,147,2,3,36.0,36,0,0,0,zero,94
llm_iterative,shock,0,148,0,4,12.0,12,0,0,0,zero,94
llm_iterative,shock,0,148,1,4,30.0,30,0,1,1,zero,94
llm_iterative,shock,0,148,2,4,35.0,35,0,0,0,zero,94
llm_iterative,shock,0,149,0,4,10.0,10,0,2,2,zero,94
llm_iterative,shock,0,149,1,4,29.0,29,0,0,0,zero,94
llm_iterative,shock,0,149,2,4,35.0,35,0,0,0,zero,94
llm_iterative,shock,0,150,0,4,8.0,8,0,4,4,zero,94
llm_iterative,shock,0,150,1,4,26.0,26,0,1,1,zero,94
llm_iterative,shock,0,150,2,4,34.0,34,0,0,0,zero,94
llm_iterative,shock,0,151,0,4,6.0,6,0,3,3,zero,94
llm_iterative,shock,0,151,1,4,24.0,24,0,1,1,zero,94
llm_iterative,shock,0,151,2,4,33.0,33,0,0,0,zero,94
llm_iterative,shock,0,152,0,5,1.0,1,0,9,9,zero,94
llm_iterative,shock,0,152,1,5,16.0,16,0,1,1,zero,94
llm_iterative,shock,0,152,2,5,32.0,32,0,0,0,zero,94
llm_iterative,shock,0,153,0,4,1.0,0,1,2,2,zero,94
llm_iterative,shock,0,153,1,4,14.0,14,0,15,15,zero,94
llm_iterative,shock,0,153,2,4,17.0,17,0,0,0,zero,94
llm_iterative,shock,0,154,0,4,1.0,0,1,2,2,zero,94
llm_iterative,shock,0,154,1,4,13.0,13,0,1,1,zero,94
llm_iterative,shock,0,154,2,4,16.0,16,0,1,1,zero,94
llm_iterative,shock,0,155,0,4,2.0,0,2,2,2,zero,94
llm_iterative,shock,0,155,1,4,12.0,12,0,1,1,zero,94
llm_iterative,shock,0,155,2,4,15.0,15,0,0,0,zero,94
llm_iterative,shock,0,156,0,4,3.0,3,0,6,6,zero,94
llm_iterative,shock,0,156,1,4,7.0,7,0,0,0,zero,94
llm_iterative,shock,0,156,2,4,15.0,15,0,0,0,zero,94
llm_iterative,shock,0,157,0,3,2.0,2,0,2,2,zero,94
llm_iterative,shock,0,157,1,3,20.0,20,0,1,1,zero,94
llm_iterative,shock,0,157,2,3,14.0,14,0,0,0,zero,94
llm_iterative,shock,0,158,0,3,1.0,1,0,2,2,zero,94
llm_iterative,shock,0,158,1,3,19.0,19,0,1,1,zero,94
llm_iterative,shock,0,158,2,3,14.0,14,0,0,0,zero,94
llm_iterative,shock,0,159,0,3,-0.0,0,0,2,2,zero,94
llm_iterative,shock,0,159,1,3,18.0,18,0,1,1,zero,94
llm_iterative,shock,0,159,2,3,13.0,13,0,0,0,zero,94
llm_iterative,shock,0,160,0,3,3.0,3,0,6,6,zero,94
llm_iterative,shock,0,160,1,3,12.0,12,0,1,1,zero,94
llm_iterative,shock,0,160,2,3,12.0,12,0,0,0,zero,94
llm_iterative,shock,0,161,0,3,2.0,2,0,0,0,zero,94
llm_iterative,shock,0,161,1,3,13.0,13,0,1,1,zero,94
llm_iterative,shock,0,161,2,3,11.0,11,0,0,0,zero,94
llm_iterative,shock,0,162,0,3,1.0,1,0,6,6,zero,94
llm_iterative,shock,0,162,1,3,8.0,8,0,1,1,zero,94
llm_iterative,shock,0,162,2,3,10.0,10,0,0,0,zero,94
llm_iterative,shock,0,163,0,3,-0.0,0,0,0,0,zero,94
llm_iterative,shock,0,163,1,3,9.0,9,0,15,15,zero,94
llm_iterative,shock,0,163,2,3,5.0,0,5,0,0,zero,94
llm_iterative,shock,0,164,0,3,3.0,3,0,2,2,zero,94
llm_iterative,shock,0,164,1,3,8.0,8,0,1,1,zero,94
llm_iterative,shock,0,164,2,3,6.0,0,6,20,20,zero,94
llm_iterative,shock,0,165,0,3,-0.0,0,0,2,2,zero,94
llm_iterative,shock,0,165,1,3,7.0,7,0,1,1,zero,94
llm_iterative,shock,0,165,2,3,7.0,0,7,20,20,zero,94
llm_iterative,shock,0,166,0,3,3.0,3,0,6,6,zero,94
llm_iterative,shock,0,166,1,3,2.0,2,0,0,0,zero,94
llm_iterative,shock,0,166,2,3,7.0,0,7,0,0,zero,94
llm_iterative,shock,0,167,0,2,1.0,1,0,0,0,zero,94
llm_iterative,shock,0,167,1,2,12.0,12,0,1,1,zero,94
llm_iterative,shock,0,167,2,2,8.0,0,8,0,0,zero,94
llm_iterative,shock,0,168,0,2,1.0,1,0,0,0,zero,94
llm_iterative,shock,0,168,1,2,12.0,12,0,1,1,zero,94
llm_iterative,shock,0,168,2,2,11.0,11,0,0,0,zero,94
llm_iterative,shock,0,169,0,2,1.0,1,0,0,0,zero,94
llm_iterative,shock,0,169,1,2,12.0,12,0,0,0,zero,94
llm_iterative,shock,0,169,2,2,31.0,31,0,0,0,zero,94
llm_iterative,shock,0,170,0,2,5.0,5,0,6,6,zero,94
llm_iterative,shock,0,170,1,2,6.0,6,0,0,0,zero,94
llm_iterative,shock,0,170,2,2,31.0,31,0,0,0,zero,94
llm_iterative,shock,0,171,0,2,3.0,3,0,0,0,zero,94
llm_iterative,shock,0,171,1,2,6.0,6,0,1,1,zero,94
llm_iterative,shock,0,171,2,2,30.0,30,0,0,0,zero,94
llm_iterative,shock,0,172,0,2,1.0,1,0,6,6,zero,94
llm_iterative,shock,0,172,1,2,9.0,9,0,0,0,zero,94
llm_iterative,shock,0,172,2,2,30.0,30,0,0,0,zero,94
llm_iterative,shock,0,173,0,2,1.0,0,1,0,0,zero,94
llm_iterative,shock,0,173,1,2,9.0,9,0,15,15,zero,94
llm_iterative,shock,0,173,2,2,15.0,15,0,0,0,zero,94
llm_iterative,shock,0,174,0,2,3.0,3,0,0,0,zero,94
llm_iterative,shock,0,174,1,2,9.0,9,0,0,0,zero,94
llm_iterative,shock,0,174,2,2,15.0,15,0,1,1,zero,94
llm_iterative,shock,0,175,0,2,1.0,1,0,0,0,zero,94
llm_iterative,shock,0,175,1,2,10.0,10,0,0,0,zero,94
llm_iterative,shock,0,175,2,2,15.0,15,0,0,0,zero,94
llm_iterative,shock,0,176,0,2,5.0,5,0,6,6,zero,94
llm_iterative,shock,0,176,1,2,4.0,4,0,0,0,zero,94
llm_iterative,shock,0,176,2,2,15.0,15,0,0,0,zero,94
llm_iterative,shock,0,177,0,2,3.0,3,0,0,0,zero,94
llm_iterative,shock,0,177,1,2,19.0,19,0,1,1,zero,94
llm_iterative,shock,0,177,2,2,14.0,14,0,0,0,zero,94
llm_iterative,shock,0,178,0,2,1.0,1,0,6,6,zero,94
llm_iterative,shock,0,178,1,2,13.0,13,0,0,0,zero,94
llm_iterative,shock,0,178,2,2,15.0,15,0,0,0,zero,94
llm_iterative,shock,0,179,0,2,1.0,0,1,0,0,zero,94
llm_iterative,shock,0,179,1,2,13.0,13,0,1,1,zero,94
llm_iterative,shock,0,179,2,2,14.0,14,0,0,0,zero,94
llm_iterative,shock,0,180,0,2,3.0,3,0,0,0,zero,94
llm_iterative,shock,0,180,1,2,13.0,13,0,1,1,zero,94
llm_iterative,shock,0,180,2,2,13.0,13,0,0,0,zero,94
llm_iterative,shock,0,181,0,2,1.0,1,0,0,0,zero,94
llm_iterative,shock,0,181,1,2,14.0,14,0,1,1,zero,94
llm_iterative,shock,0,181,2,2,12.0,12,0,0,0,zero,94
llm_iterative,shock,0,182,0,2,5.0,5,0,6,6,zero,94
llm_iterative,shock,0,182,1,2,8.0,8,0,0,0,zero,94
llm_iterative,shock,0,182,2,2,12.0,12,0,0,0,zero,94
llm_iterative,shock,0,183,0,2,3.0,3,0,0,0,zero,94
llm_iterative,shock,0,183,1,2,9.0,9,0,1,1,zero,94
llm_iterative,shock,0,183,2,2,11.0,11,0,0,0,zero,94
llm_iterative,shock,0,184,0,2,1.0,1,0,6,6,llm_r1_0,94
llm_iterative,shock,0,184,1,2,4.0,4,0,1,1,llm_r1_0,94
llm_iterative,shock,0,184,2,2,10.0,10,0,0,0,llm_r1_0,94
llm_iterative,shock,0,185,0,1,-0.0,0,0,0,0,llm_r1_0,94
llm_iterative,shock,0,185,1,1,5.0,5,0,15,15,llm_r1_0,94
llm_iterative,shock,0,185,2,1,5.0,0,5,0,0,llm_r1_0,94
llm_iterative,shock,0,186,0,1,5.0,5,0,0,0,llm_r1_0,94
llm_iterative,shock,0,186,1,1,5.0,5,0,1,1,llm_r1_0,94
llm_iterative,shock,0,186,2,1,6.0,0,6,20,20,llm_r1_0,94
llm_iterative,shock,0,187,0,1,4.0,4,0,0,0,llm_r1_0,94
llm_iterative,shock,0,187,1,1,6.0,6,0,0,0,llm_r1_0,94
llm_iterative,shock,0,187,2,1,6.0,0,6,20,19,llm_r1_0,94
llm_iterative,shock,0,188,0,1,9.0,9,0,0,0,llm_r1_0,94
llm_iterative,shock,0,188,1,1,7.0,7,0,0,0,llm_r1_0,94
llm_iterative,shock,0,188,2,1,6.0,0,6,0,0,llm_r1_0,94
llm_iterative,shock,0,189,0,1,8.0,8,0,0,0,zero,94
llm_iterative,shock,0,189,1,1,17.0,17,0,0,0,zero,94
llm_iterative,shock,0,189,2,1,6.0,0,6,0,0,zero,94
llm_iterative,shock,0,190,0,2,6.0,6,0,0,0,zero,94
llm_iterative,shock,0,190,1,2,17.0,17,0,0,0,zero,94
llm_iterative,shock,0,190,2,2,14.0,14,0,0,0,zero,94
llm_iterative,shock,0,191,0,2,4.0,4,0,0,0,zero,94
llm_iterative,shock,0,191,1,2,17.0,17,0,0,0,zero,94
llm_iterative,shock,0,191,2,2,33.0,33,0,0,0,zero,94
llm_iterative,shock,0,192,0,2,2.0,2,0,2,2,zero,94
llm_iterative,shock,0,192,1,2,15.0,15,0,0,0,zero,94
llm_iterative,shock,0,192,2,2,33.0,33,0,0,0,zero,94
llm_iterative,shock,0,193,0,2,-0.0,0,0,2,2,zero,94
llm_iterative,shock,0,193,1,2,13.0,13,0,0,0,zero,94
llm_iterative,shock,0,193,2,2,33.0,33,0,0,0,zero,94
llm_iterative,shock,0,194,0,2,2.0,0,2,2,2,zero,94
llm_iterative,shock,0,194,1,2,17.0,17,0,0,0,zero,94
llm_iterative,shock,0,194,2,2,33.0,33,0,0,0,zero,94
llm_iterative,shock,0,195,0,2,4.0,0,4,2,2,zero,94
llm_iterative,shock,0,195,1,2,15.0,15,0,1,1,zero,94
llm_iterative,shock,0,195,2,2,32.0,32,0,0,0,zero,94
llm_iterative,shock,0,196,0,2,4.0,0,4,6,6,zero,94
llm_iterative,shock,0,196,1,2,9.0,9,0,1,1,zero,94
llm_iterative,shock,0,196,2,2,31.0,31,0,0,0,zero,94
llm_iterative,shock,0,197,0,2,4.0,0,4,0,0,zero,94
llm_iterative,shock,0,197,1,2,9.0,9,0,1,1,zero,94
llm_iterative,shock,0,197,2,2,30.0,30,0,0,0,zero,94
llm_iterative,shock,0,198,0,2,4.0,0,4,6,6,zero,94
llm_iterative,shock,0,198,1,2,3.0,3,0,1,1,zero,94
llm_iterative,shock,0,198,2,2,29.0,29,0,0,0,zero,94
llm_iterative,shock,0,199,0,2,4.0,0,4,0,0,zero,94
llm_iterative,shock,0,199,1,2,4.0,4,0,15,15,zero,94
llm_iterative,shock,0,199,2,2,14.0,14,0,0,0,zero,94
llm_iterative,shock,0,200,0,2,-0.0,0,0,6,6,zero,94
llm_iterative,shock,0,200,1,2,1.0,0,1,1,1,zero,94
llm_iterative,shock,0,200,2,2,13.0,13,0,1,1,zero,94
llm_iterative,shock,1,1,0,10,10.0,10,0,10,10,zero,
llm_iterative,shock,1,1,1,10,10.0,10,0,15,15,zero,
llm_iterative,shock,1,1,2,10,5.0,5,0,0,0,zero,
llm_iterative,shock,1,2,0,10,10.0,10,0,10,10,zero,
llm_iterative,shock,1,2,1,10,10.0,10,0,1,1,zero,
llm_iterative,shock,1,2,2,10,14.0,14,0,20,20,zero,
llm_iterative,shock,1,3,0,11,9.0,9,0,10,10,zero,
llm_iterative,shock,1,3,1,11,10.0,10,0,15,15,zero,
llm_iterative,shock,1,3,2,11,9.0,9,0,3,3,zero,
llm_iterative,shock,1,4,0,14,5.0,5,0,10,10,zero,
llm_iterative,shock,1,4,1,14,10.0,10,0,15,15,zero,
llm_iterative,shock,1,4,2,14,4.0,4,0,20,20,zero,
llm_iterative,shock,1,5,0,15,-0.0,0,0,19,19,zero,
llm_iterative,shock,1,5,1,15,6.0,6,0,15,15,zero,
llm_iterative,shock,1,5,2,15,11.0,0,11,20,20,zero,
llm_iterative,shock,1,6,0,14,4.0,0,4,19,19,zero,
llm_iterative,shock,1,6,1,14,12.0,0,12,15,15,zero,
llm_iterative,shock,1,6,2,14,6.0,0,6,20,20,zero,
llm_iterative,shock,1,7,0,12,6.0,0,6,19,19,zero,
llm_iterative,shock,1,7,1,12,16.0,0,16,15,15,zero,
llm_iterative,shock,1,7,2,12,18.0,0,18,20,20,zero,
llm_iterative,shock,1,8,0,12,8.0,0,8,10,10,zero,
llm_iterative,shock,1,8,1,12,11.0,0,11,15,15,zero,
llm_iterative,shock,1,8,2,12,13.0,0,13,0,0,zero,
llm_iterative,shock,1,9,0,11,-0.0,0,0,10,10,zero,
llm_iterative,shock,1,9,1,11,17.0,0,17,15,15,zero,
llm_iterative,shock,1,9,2,11,8.0,0,8,20,20,zero,
llm_iterative,shock,1,10,0,10,3.0,0,3,10,10,zero,
llm_iterative,shock,1,10,1,10,7.0,0,7,15,15,zero,
llm_iterative,shock,1,10,2,10,3.0,0,3,20,20,zero,
llm_iterative,shock,1,11,0,9,3.0,3,0,6,6,zero,
llm_iterative,shock,1,11,1,9,10.0,0,10,0,0,zero,
llm_iterative,shock,1,11,2,9,17.0,17,0,20,20,zero,
llm_iterative,shock,1,12,0,9,9.0,9,0,6,6,zero,
llm_iterative,shock,1,12,1,9,4.0,4,0,0,0,zero,
llm_iterative,shock,1,12,2,9,17.0,17,0,0,0,zero,
llm_iterative,shock,1,13,0,8,5.0,5,0,2,2,zero,
llm_iterative,shock,1,13,1,8,22.0,22,0,12,12,zero,
llm_iterative,shock,1,13,2,8,25.0,25,0,0,0,zero,
llm_iterative,shock,1,14,0,10,15.0,15,0,6,6,zero,
llm_iterative,shock,1,14,1,10,36.0,36,0,0,0,zero,
llm_iterative,shock,1,14,2,10,45.0,45,0,0,0,zero,
llm_iterative,shock,1,15,0,10,8.0,8,0,6,6,zero,
llm_iterative,shock,1,15,1,10,33.0,33,0,1,1,zero,
llm_iterative,shock,1,15,2,10,64.0,64,0,0,0,zero,
llm_iterative,shock,1,16,0,9,15.0,15,0,9,9,zero,
llm_iterative,shock,1,16,1,9,24.0,24,0,12,12,zero,
llm_iterative,shock,1,16,2,9,52.0,52,0,0,0,zero,
llm_iterative,shock,1,17,0,9,8.0,8,0,9,9,zero,
llm_iterative,shock,1,17,1,9,27.0,27,0,15,15,zero,
llm_iterative,shock,1,17,2,9,37.0,37,0,0,0,zero,
llm_iterative,shock,1,18,0,9,5.0,5,0,9,9,zero,
llm_iterative,shock,1,18,1,9,18.0,18,0,15,15,zero,
llm_iterative,shock,1,18,2,9,22.0,22,0,16,16,zero,
llm_iterative,shock,1,19,0,7,4.0,4,0,9,9,zero,
llm_iterative,shock,1,19,1,7,10.0,10,0,1,1,zero,
llm_iterative,shock,1,19,2,7,21.0,21,0,20,20,zero,
llm_iterative,shock,1,20,0,7,6.0,6,0,4,4,zero,
llm_iterative,shock,1,20,1,7,18.0,18,0,1,1,zero,
llm_iterative,shock,1,20,2,7,20.0,20,0,0,0,zero,
llm_iterative,shock,1,21,0,7,8.0,8,0,6,6,zero,
llm_iterative,shock,1,21,1,7,27.0,27,0,1,1,zero,
llm_iterative,shock,1,21,2,7,19.0,19,0,0,0,zero,
llm_iterative,shock,1,22,0,9,8.0,8,0,6,6,zero,
llm_iterative,shock,1,22,1,9,36.0,36,0,1,1,zero,
llm_iterative,shock,1,22,2,9,34.0,34,0,0,0,zero,
llm_iterative,shock,1,23,0,10,7.0,7,0,19,19,zero,
llm_iterative,shock,1,23,1,10,18.0,18,0,1,1,zero,
llm_iterative,shock,1,23,2,10,53.0,53,0,0,0,zero,
llm_iterative,shock,1,24,0,11,-0.0,0,0,9,9,zero,
llm_iterative,shock,1,24,1,11,10.0,10,0,15,15,zero,
llm_iterative,shock,1,24,2,11,38.0,38,0,0,0,zero,
llm_iterative,shock,1,25,0,12,6.0,0,6,9,9,zero,
llm_iterative,shock,1,25,1,12,2.0,2,0,15,15,zero,
llm_iterative,shock,1,25,2,12,23.0,23,0,0,0,zero,
llm_iterative,shock,1,26,0,12,12.0,0,12,10,10,zero,
llm_iterative,shock,1,26,1,12,7.0,0,7,15,15,zero,
llm_iterative,shock,1,26,2,12,8.0,8,0,20,20,zero,
llm_iterative,shock,1,27,0,13,6.0,0,6,10,10,zero,
llm_iterative,shock,1,27,1,13,16.0,0,16,3,3,zero,
llm_iterative,shock,1,27,2,13,5.0,5,0,20,20,zero,
llm_iterative,shock,1,28,0,12,9.0,0,9,19,19,zero,
llm_iterative,shock,1,28,1,12,20.0,0,20,18,18,zero,
llm_iterative,shock,1,28,2,12,13.0,0,13,0,0,zero,
llm_iterative,shock,1,29,0,13,13.0,0,13,10,10,zero,
llm_iterative,shock,1,29,1,13,15.0,0,15,18,18,zero,
llm_iterative,shock,1,29,2,13,31.0,0,31,20,20,zero,
llm_iterative,shock,1,30,0,11,21.0,0,21,19,19,zero,
llm_iterative,shock,1,30,1,11,19.0,0,19,18,18,zero,
llm_iterative,shock,1,30,2,11,29.0,0,29,20,20,zero,
llm_iterative,shock,1,31,0,13,33.0,0,33,19,19,zero,
llm_iterative,shock,1,31,1,13,35.0,0,35,18,18,zero,
llm_iterative,shock,1,31,2,13,27.0,0,27,20,20,zero,
llm_iterative,shock,1,32,0,13,31.0,0,31,17,17,zero,
llm_iterative,shock,1,32,1,13,47.0,0,47,18,18,zero,
llm_iterative,shock,1,32,2,13,45.0,0,45,20,20,zero,
llm_iterative,shock,1,33,0,13,29.0,0,29,10,10,zero,
llm_iterative,shock,1,33,1,13,57.0,0,57,18,18,zero,
llm_iterative,shock,1,33,2,13,43.0,0,43,20,20,zero,
llm_iterative,shock,1,34,0,14,28.0,0,28,19,19,zero,
llm_iterative,shock,1,34,1,14,56.0,0,56,18,18,zero,
llm_iterative,shock,1,34,2,14,41.0,0,41,20,20,zero,
llm_iterative,shock,1,35,0,15,40.0,0,40,10,10,zero,
llm_iterative,shock,1,35,1,15,46.0,0,46,18,18,zero,
llm_iterative,shock,1,35,2,15,39.0,0,39,20,20,zero,
llm_iterative,shock,1,36,0,15,50.0,0,50,19,19,zero,
llm_iterative,shock,1,36,1,15,65.0,0,65,18,18,zero,
llm_iterative,shock,1,36,2,15,37.0,0,37,20,20,zero,
llm_iterative,shock,1,37,0,14,64.0,0,64,17,17,zero,
llm_iterative,shock,1,37,1,14,62.0,0,62,18,18,zero,
llm_iterative,shock,1,37,2,14,35.0,0,35,20,20,zero,
llm_iterative,shock,1,38,0,14,58.0,0,58,17,17,zero,
llm_iterative,shock,1,38,1,14,59.0,0,59,18,18,zero,
llm_iterative,shock,1,38,2,14,33.0,0,33,20,20,zero,
llm_iterative,shock,1,39,0,14,52.0,0,52,17,17,zero,
llm_iterative,shock,1,39,1,14,56.0,0,56,18,18,zero,
llm_iterative,shock,1,39,2,14,31.0,0,31,20,20,zero,
llm_iterative,shock,1,40,0,13,65.0,0,65,17,17,zero,
llm_iterative,shock,1,40,1,13,53.0,0,53,18,18,zero,
llm_iterative,shock,1,40,2,13,29.0,0,29,20,20,zero,
llm_iterative,shock,1,41,0,13,58.0,0,58,17,17,zero,
llm_iterative,shock,1,41,1,13,50.0,0,50,18,18,zero,
llm_iterative,shock,1,41,2,13,27.0,0,27,20,20,zero,
llm_iterative,shock,1,42,0,13,51.0,0,51,10,10,zero,
llm_iterative,shock,1,42,1,13,40.0,0,40,18,18,zero,
llm_iterative,shock,1,42,2,13,25.0,0,25,20,20,zero,
llm_iterative,shock,1,43,0,12,43.0,0,43,10,10,zero,
llm_iterative,shock,1,43,1,12,30.0,0,30,18,18,zero,
llm_iterative,shock,1,43,2,12,23.0,0,23,20,20,zero,
llm_iterative,shock,1,44,0,12,35.0,0,35,10,10,zero,
llm_iterative,shock,1,44,1,12,20.0,0,20,0,0,zero,
llm_iterative,shock,1,44,2,12,3.0,0,3,20,20,zero,
llm_iterative,shock,1,45,0,11,26.0,0,26,6,6,zero,
llm_iterative,shock,1,45,1,11,6.0,0,6,0,0,zero,
llm_iterative,shock,1,45,2,11,17.0,17,0,1,1,zero,
llm_iterative,shock,1,46,0,10,16.0,0,16,6,6,zero,
llm_iterative,shock,1,46,1,10,8.0,8,0,18,18,zero,
llm_iterative,shock,1,46,2,10,19.0,19,0,0,0,zero,
llm_iterative,shock,1,47,0,10,6.0,0,6,6,6,zero,
llm_iterative,shock,1,47,1,10,22.0,22,0,0,0,zero,
llm_iterative,shock,1,47,2,10,39.0,39,0,16,16,zero,
llm_iterative,shock,1,48,0,9,5.0,5,0,6,6,zero,
llm_iterative,shock,1,48,1,9,36.0,36,0,0,0,zero,
llm_iterative,shock,1,48,2,9,59.0,59,0,1,1,zero,
llm_iterative,shock,1,49,0,9,16.0,16,0,10,10,zero,
llm_iterative,shock,1,49,1,9,29.0,29,0,12,12,zero,
llm_iterative,shock,1,49,2,9,48.0,48,0,0,0,zero,
llm_iterative,shock,1,50,0,8,20.0,20,0,10,10,zero,
llm_iterative,shock,1,50,1,8,37.0,37,0,12,12,zero,
llm_iterative,shock,1,50,2,8,36.0,36,0,0,0,zero,
llm_iterative,shock,1,51,0,8,18.0,18,0,6,6,zero,
llm_iterative,shock,1,51,1,8,31.0,31,0,15,15,zero,
llm_iterative,shock,1,51,2,8,37.0,37,0,1,1,zero,
llm_iterative,shock,1,52,0,8,16.0,16,0,6,6,zero,
llm_iterative,shock,1,52,1,8,25.0,25,0,3,3,zero,
llm_iterative,shock,1,52,2,8,35.0,35,0,20,20,zero,
llm_iterative,shock,1,53,0,8,18.0,18,0,6,6,zero,
llm_iterative,shock,1,53,1,8,31.0,31,0,1,1,zero,
llm_iterative,shock,1,53,2,8,34.0,34,0,0,0,zero,
llm_iterative,shock,1,54,0,8,20.0,20,0,6,6,zero,
llm_iterative,shock,1,54,1,8,37.0,37,0,1,1,zero,
llm_iterative,shock,1,54,2,8,33.0,33,0,0,0,zero,
llm_iterative,shock,1,55,0,6,20.0,20,0,9,9,zero,
llm_iterative,shock,1,55,1,6,43.0,43,0,1,1,zero,
llm_iterative,shock,1,55,2,6,33.0,33,0,0,0,zero,
llm_iterative,shock,1,56,0,6,20.0,20,0,2,2,zero,
llm_iterative,shock,1,56,1,6,44.0,44,0,1,1,zero,
llm_iterative,shock,1,56,2,6,52.0,52,0,0,0,zero,
llm_iterative,shock,1,57,0,5,21.0,21,0,2,2,zero,
llm_iterative,shock,1,57,1,5,43.0,43,0,1,1,zero,
llm_iterative,shock,1,57,2,5,51.0,51,0,0,0,zero,
llm_iterative,shock,1,58,0,6,21.0,21,0,2,2,zero,
llm_iterative,shock,1,58,1,6,42.0,42,0,1,1,zero,
llm_iterative,shock,1,58,2,6,50.0,50,0,0,0,zero,
llm_iterative,shock,1,59,0,7,23.0,23,0,2,2,zero,
llm_iterative,shock,1,59,1,7,41.0,41,0,1,1,zero,
llm_iterative,shock,1,59,2,7,49.0,49,0,0,0,zero,
llm_iterative,shock,1,60,0,7,18.0,18,0,3,3,zero,
llm_iterative,shock,1,60,1,7,39.0,39,0,1,1,zero,
llm_iterative,shock,1,60,2,7,48.0,48,0,0,0,zero,
llm_iterative,shock,1,61,0,8,12.0,12,0,9,9,zero,
llm_iterative,shock,1,61,1,8,31.0,31,0,1,1,zero,
llm_iterative,shock,1,61,2,8,47.0,47,0,0,0,zero,
llm_iterative,shock,1,62,0,7,7.0,7,0,9,9,zero,
llm_iterative,shock,1,62,1,7,23.0,23,0,1,1,zero,
llm_iterative,shock,1,62,2,7,46.0,46,0,0,0,zero,
llm_iterative,shock,1,63,0,7,2.0,2,0,9,9,zero,
llm_iterative,shock,1,63,1,7,15.0,15,0,15,15,zero,
llm_iterative,shock,1,63,2,7,31.0,31,0,0,0,zero,
llm_iterative,shock,1,64,0,7,2.0,0,2,3,3,zero,
llm_iterative,shock,1,64,1,7,13.0,13,0,15,15,zero,
llm_iterative,shock,1,64,2,7,16.0,16,0,0,0,zero,
llm_iterative,shock,1,65,0,8,1.0,0,1,6,6,zero,
llm_iterative,shock,1,65,1,8,8.0,8,0,1,1,zero,
llm_iterative,shock,1,65,2,8,15.0,15,0,20,20,zero,
llm_iterative,shock,1,66,0,7,1.0,1,0,10,10,zero,
llm_iterative,shock,1,66,1,7,1.0,0,1,1,1,zero,
llm_iterative,shock,1,66,2,7,14.0,14,0,3,3,zero,
llm_iterative,shock,1,67,0,6,4.0,4,0,6,6,zero,
llm_iterative,shock,1,67,1,6,8.0,8,0,15,15,zero,
llm_iterative,shock,1,67,2,6,1.0,0,1,0,0,zero,
llm_iterative,shock,1,68,0,7,-0.0,0,0,6,6,zero,
llm_iterative,shock,1,68,1,7,17.0,17,0,1,1,zero,
llm_iterative,shock,1,68,2,7,2.0,0,2,0,0,zero,
llm_iterative,shock,1,69,0,7,1.0,0,1,6,6,zero,
llm_iterative,shock,1,69,1,7,12.0,12,0,15,15,zero,
llm_iterative,shock,1,69,2,7,3.0,3,0,0,0,zero,
llm_iterative,shock,1,70,0,6,2.0,2,0,10,10,zero,
llm_iterative,shock,1,70,1,6,3.0,3,0,1,1,zero,
llm_iterative,shock,1,70,2,6,5.0,5,0,20,20,zero,
llm_iterative,shock,1,71,0,7,2.0,2,0,6,6,zero,
llm_iterative,shock,1,71,1,7,11.0,11,0,15,15,zero,
llm_iterative,shock,1,71,2,7,10.0,0,10,20,20,zero,
llm_iterative,shock,1,72,0,8,-0.0,0,0,6,6,zero,
llm_iterative,shock,1,72,1,8,5.0,5,0,3,3,zero,
llm_iterative,shock,1,72,2,8,13.0,0,13,20,20,zero,
llm_iterative,shock,1,73,0,8,2.0,0,2,10,10,zero,
llm_iterative,shock,1,73,1,8,12.0,12,0,15,15,zero,
llm_iterative,shock,1,73,2,8,28.0,0,28,0,0,zero,
llm_iterative,shock,1,74,0,8,-0.0,0,0,10,10,zero,
llm_iterative,shock,1,74,1,8,3.0,3,0,15,15,zero,
llm_iterative,shock,1,74,2,8,23.0,0,23,20,20,zero,
llm_iterative,shock,1,75,0,7,1.0,0,1,10,10,zero,
llm_iterative,shock,1,75,1,7,2.0,0,2,3,3,zero,
llm_iterative,shock,1,75,2,7,6.0,0,6,20,20,zero,
llm_iterative,shock,1,76,0,7,2.0,0,2,6,6,zero,
llm_iterative,shock,1,76,1,7,8.0,0,8,3,3,zero,
llm_iterative,shock,1,76,2,7,11.0,11,0,0,0,zero,
llm_iterative,shock,1,77,0,7,1.0,1,0,6,6,zero,
llm_iterative,shock,1,77,1,7,14.0,0,14,0,0,zero,
llm_iterative,shock,1,77,2,7,11.0,11,0,0,0,zero,
llm_iterative,shock,1,78,0,8,3.0,3,0,10,10,zero,
llm_iterative,shock,1,78,1,8,4.0,0,4,1,1,zero,
llm_iterative,shock,1,78,2,8,30.0,30,0,0,0,zero,
llm_iterative,shock,1,79,0,8,3.0,3,0,6,6,zero,
llm_iterative,shock,1,79,1,8,10.0,10,0,20,20,zero,
llm_iterative,shock,1,79,2,8,30.0,30,0,0,0,zero,
llm_iterative,shock,1,80,0,7,4.0,0,4,6,6,zero,
llm_iterative,shock,1,80,1,7,13.0,13,0,0,0,zero,
llm_iterative,shock,1,80,2,7,30.0,30,0,16,16,zero,
llm_iterative,shock,1,81,0,7,11.0,0,11,6,6,zero,
llm_iterative,shock,1,81,1,7,7.0,7,0,12,12,zero,
llm_iterative,shock,1,81,2,7,18.0,18,0,0,0,zero,
llm_iterative,shock,1,82,0,7,2.0,2,0,6,6,zero,
llm_iterative,shock,1,82,1,7,2.0,2,0,3,3,zero,
llm_iterative,shock,1,82,2,7,15.0,15,0,1,1,zero,
llm_iterative,shock,1,83,0,7,5.0,5,0,10,10,zero,
llm_iterative,shock,1,83,1,7,12.0,12,0,12,12,zero,
llm_iterative,shock,1,83,2,7,3.0,3,0,16,16,zero,
llm_iterative,shock,1,84,0,11,-0.0,0,0,6,6,zero,
llm_iterative,shock,1,84,1,11,6.0,6,0,15,15,zero,
llm_iterative,shock,1,84,2,11,4.0,4,0,20,20,zero,
llm_iterative,shock,1,85,0,12,6.0,0,6,19,19,zero,
llm_iterative,shock,1,85,1,12,1.0,0,1,3,3,zero,
llm_iterative,shock,1,85,2,12,1.0,1,0,20,20,zero,
llm_iterative,shock,1,86,0,12,12.0,0,12,10,10,zero,86
llm_iterative,shock,1,86,1,12,8.0,0,8,15,15,zero,86
llm_iterative,shock,1,86,2,12,13.0,0,13,0,0,zero,86
llm_iterative,shock,1,87,0,11,13.0,0,13,19,19,zero,86
llm_iterative,shock,1,87,1,11,15.0,0,15,15,15,zero,86
llm_iterative,shock,1,87,2,11,12.0,0,12,20,20,zero,86
llm_iterative,shock,1,88,0,11,18.0,0,18,10,10,zero,86
llm_iterative,shock,1,88,1,11,10.0,0,10,15,15,zero,86
llm_iterative,shock,1,88,2,11,7.0,0,7,20,20,zero,86
llm_iterative,shock,1,89,0,11,11.0,0,11,10,10,zero,86
llm_iterative,shock,1,89,1,11,17.0,0,17,15,15,zero,86
llm_iterative,shock,1,89,2,11,2.0,0,2,20,20,zero,86
llm_iterative,shock,1,90,0,11,19.0,0,19,19,19,zero,86
llm_iterative,shock,1,90,1,11,34.0,0,34,3,3,zero,86
llm_iterative,shock,1,90,2,11,5.0,0,5,20,20,zero,86
llm_iterative,shock,1,91,0,11,18.0,0,18,10,10,zero,86
llm_iterative,shock,1,91,1,11,28.0,0,28,18,18,zero,86
llm_iterative,shock,1,91,2,11,3.0,0,3,0,0,zero,86
llm_iterative,shock,1,92,0,11,14.0,0,14,10,10,zero,86
llm_iterative,shock,1,92,1,11,18.0,0,18,18,18,zero,86
llm_iterative,shock,1,92,2,11,1.0,0,1,16,16,zero,86
llm_iterative,shock,1,93,0,11,22.0,0,22,10,10,zero,86
llm_iterative,shock,1,93,1,11,8.0,0,8,18,18,zero,86
llm_iterative,shock,1,93,2,11,1.0,1,0,20,20,zero,86
llm_iterative,shock,1,94,0,11,31.0,0,31,19,19,zero,86
llm_iterative,shock,1,94,1,11,27.0,0,27,0,0,zero,86
llm_iterative,shock,1,94,2,11,21.0,21,0,20,20,zero,86
llm_iterative,shock,1,95,0,9,24.0,0,24,10,10,zero,86
llm_iterative,shock,1,95,1,9,17.0,0,17,18,18,zero,86
llm_iterative,shock,1,95,2,9,3.0,3,0,0,0,zero,86
llm_iterative,shock,1,96,0,8,12.0,0,12,6,6,zero,86
llm_iterative,shock,1,96,1,8,3.0,0,3,18,18,zero,86
llm_iterative,shock,1,96,2,8,1.0,1,0,2,2,zero,86
llm_iterative,shock,1,97,0,8,-0.0,0,0,6,6,zero,86
llm_iterative,shock,1,97,1,8,10.0,10,0,18,18,zero,86
llm_iterative,shock,1,97,2,8,3.0,3,0,20,20,zero,86
llm_iterative,shock,1,98,0,9,9.0,0,9,6,6,zero,86
llm_iterative,shock,1,98,1,9,4.0,4,0,0,0,zero,86
llm_iterative,shock,1,98,2,9,23.0,23,0,20,20,zero,86
llm_iterative,shock,1,99,0,8,3.0,3,0,6,6,zero,86
llm_iterative,shock,1,99,1,8,16.0,16,0,0,0,zero,86
llm_iterative,shock,1,99,2,8,23.0,23,0,0,0,zero,86
llm_iterative,shock,1,100,0,8,15.0,15,0,6,6,zero,86
llm_iterative,shock,1,100,1,8,28.0,28,0,12,12,zero,86
llm_iterative,shock,1,100,2,8,13.0,13,0,0,0,zero,86
llm_iterative,shock,1,101,0,8,16.0,16,0,10,10,llm_r0_2,86
llm_iterative,shock,1,101,1,8,36.0,36,0,0,0,llm_r0_2,86
llm_iterative,shock,1,101,2,8,33.0,33,0,0,0,llm_r0_2,86
llm_iterative,shock,1,102,0,8,14.0,14,0,9,9,llm_r0_2,86
llm_iterative,shock,1,102,1,8,27.0,27,0,12,12,llm_r0_2,86
llm_iterative,shock,1,102,2,8,41.0,41,0,0,0,llm_r0_2,86
llm_iterative,shock,1,103,0,8,12.0,12,0,9,9,llm_r0_2,86
llm_iterative,shock,1,103,1,8,18.0,18,0,15,15,llm_r0_2,86
llm_iterative,shock,1,103,2,8,26.0,26,0,1,1,llm_r0_2,86
llm_iterative,shock,1,104,0,6,12.0,12,0,2,0,llm_r0_2,86
llm_iterative,shock,1,104,1,6,30.0,30,0,15,13,llm_r0_2,86
llm_iterative,shock,1,104,2,6,13.0,13,0,20,20,llm_r0_2,86
llm_iterative,shock,1,105,0,5,17.0,17,0,6,6,llm_r0_2,86
llm_iterative,shock,1,105,1,5,24.0,24,0,0,0,llm_r0_2,86
llm_iterative,shock,1,105,2,5,13.0,13,0,20,20,llm_r0_2,86
llm_iterative,shock,1,106,0,5,21.0,21,0,2,2,zero,86
llm_iterative,shock,1,106,1,5,34.0,34,0,1,1,zero,86
llm_iterative,shock,1,106,2,5,12.0,12,0,0,0,zero,86
llm_iterative,shock,1,107,0,6,24.0,24,0,2,2,zero,86
llm_iterative,shock,1,107,1,6,47.0,47,0,0,0,zero,86
llm_iterative,shock,1,107,2,6,13.0,13,0,0,0,zero,86
llm_iterative,shock,1,108,0,5,19.0,19,0,2,2,zero,86
llm_iterative,shock,1,108,1,5,58.0,58,0,0,0,zero,86
llm_iterative,shock,1,108,2,5,33.0,33,0,0,0,zero,86
llm_iterative,shock,1,109,0,5,20.0,20,0,2,2,zero,86
llm_iterative,shock,1,109,1,5,56.0,56,0,0,0,zero,86
llm_iterative,shock,1,109,2,5,53.0,53,0,0,0,zero,86
llm_iterative,shock,1,110,0,5,17.0,17,0,2,2,zero,86
llm_iterative,shock,1,110,1,5,55.0,55,0,0,0,zero,86
llm_iterative,shock,1,110,2,5,53.0,53,0,0,0,zero,86
llm_iterative,shock,1,111,0,4,15.0,15,0,3,3,zero,86
llm_iterative,shock,1,111,1,4,52.0,52,0,0,0,zero,86
llm_iterative,shock,1,111,2,4,53.0,53,0,0,0,zero,86
llm_iterative,shock,1,112,0,4,13.0,13,0,2,2,zero,86
llm_iterative,shock,1,112,1,4,50.0,50,0,0,0,zero,86
llm_iterative,shock,1,112,2,4,53.0,53,0,0,0,zero,86
llm_iterative,shock,1,113,0,4,11.0,11,0,2,2,zero,86
llm_iterative,shock,1,113,1,4,48.0,48,0,1,1,zero,86
llm_iterative,shock,1,113,2,4,52.0,52,0,0,0,zero,86
llm_iterative,shock,1,114,0,5,8.0,8,0,2,2,zero,86
llm_iterative,shock,1,114,1,5,46.0,46,0,1,1,zero,86
llm_iterative,shock,1,114,2,5,51.0,51,0,0,0,zero,86
llm_iterative,shock,1,115,0,5,6.0,6,0,9,9,zero,86
llm_iterative,shock,1,115,1,5,37.0,37,0,1,1,zero,86
llm_iterative,shock,1,115,2,5,50.0,50,0,0,0,zero,86
llm_iterative,shock,1,116,0,4,4.0,4,0,3,3,zero,86
llm_iterative,shock,1,116,1,4,34.0,34,0,1,1,zero,86
llm_iterative,shock,1,116,2,4,49.0,49,0,0,0,zero,86
llm_iterative,shock,1,117,0,5,1.0,1,0,4,4,zero,86
llm_iterative,shock,1,117,1,5,31.0,31,0,1,1,zero,86
llm_iterative,shock,1,117,2,5,48.0,48,0,0,0,zero,86
llm_iterative,shock,1,118,0,5,2.0,0,2,2,2,zero,86
llm_iterative,shock,1,118,1,5,30.0,30,0,1,1,zero,86
llm_iterative,shock,1,118,2,5,47.0,47,0,0,0,zero,86
llm_iterative,shock,1,119,0,4,3.0,3,0,6,6,zero,86
llm_iterative,shock,1,119,1,4,25.0,25,0,1,1,zero,86
llm_iterative,shock,1,119,2,4,46.0,46,0,0,0,zero,86
llm_iterative,shock,1,120,0,4,2.0,2,0,2,2,zero,86
llm_iterative,shock,1,120,1,4,24.0,24,0,1,1,zero,86
llm_iterative,shock,1,120,2,4,45.0,45,0,0,0,zero,86
llm_iterative,shock,1,121,0,4,2.0,2,0,6,6,zero,86
llm_iterative,shock,1,121,1,4,19.0,19,0,1,1,zero,86
llm_iterative,shock,1,121,2,4,44.0,44,0,0,0,zero,86
llm_iterative,shock,1,122,0,4,-0.0,0,0,2,2,zero,86
llm_iterative,shock,1,122,1,4,18.0,18,0,11,11,zero,86
llm_iterative,shock,1,122,2,4,33.0,33,0,0,0,zero,86
llm_iterative,shock,1,123,0,4,2.0,2,0,6,6,zero,86
llm_iterative,shock,1,123,1,4,13.0,13,0,1,1,zero,86
llm_iterative,shock,1,123,2,4,32.0,32,0,0,0,zero,86
llm_iterative,shock,1,124,0,4,-0.0,0,0,2,2,zero,86
llm_iterative,shock,1,124,1,4,12.0,12,0,1,1,zero,86
llm_iterative,shock,1,124,2,4,31.0,31,0,0,0,zero,86
llm_iterative,shock,1,125,0,4,2.0,2,0,2,2,zero,86
llm_iterative,shock,1,125,1,4,11.0,11,0,1,1,zero,86
llm_iterative,shock,1,125,2,4,30.0,30,0,0,0,zero,86
llm_iterative,shock,1,126,0,4,-0.0,0,0,6,6,zero,86
llm_iterative,shock,1,126,1,4,16.0,16,0,0,0,zero,86
llm_iterative,shock,1,126,2,4,30.0,30,0,0,0,zero,86
llm_iterative,shock,1,127,0,5,1.0,1,0,6,6,zero,86
llm_iterative,shock,1,127,1,5,11.0,11,0,1,1,zero,86
llm_iterative,shock,1,127,2,5,29.0,29,0,0,0,zero,86
llm_iterative,shock,1,128,0,5,2.0,0,2,6,6,zero,86
llm_iterative,shock,1,128,1,5,6.0,6,0,15,15,zero,86
llm_iterative,shock,1,128,2,5,14.0,14,0,0,0,zero,86
llm_iterative,shock,1,129,0,5,5.0,0,5,6,6,zero,86
llm_iterative,shock,1,129,1,5,1.0,1,0,1,1,zero,86
llm_iterative,shock,1,129,2,5,13.0,13,0,1,1,zero,86
llm_iterative,shock,1,130,0,4,3.0,0,3,6,6,zero,86
llm_iterative,shock,1,130,1,4,5.0,0,5,15,15,zero,86
llm_iterative,shock,1,130,2,4,2.0,0,2,1,1,zero,86
llm_iterative,shock,1,131,0,4,1.0,0,1,6,9,llm_r0_2,86
llm_iterative,shock,1,131,1,4,13.0,0,13,3,1,llm_r0_2,86
llm_iterative,shock,1,131,2,4,3.0,0,3,20,20,llm_r0_2,86
llm_iterative,shock,1,132,0,4,1.0,1,0,6,7,llm_r0_2,86
llm_iterative,shock,1,132,1,4,5.0,0,5,15,13,llm_r0_2,86
llm_iterative,shock,1,132,2,4,16.0,0,16,20,18,llm_r0_2,86
llm_iterative,shock,1,133,0,4,3.0,3,0,2,0,llm_r0_2,86
llm_iterative,shock,1,133,1,4,4.0,0,4,15,15,llm_r0_2,86
llm_iterative,shock,1,133,2,4,30.0,0,30,20,18,llm_r0_2,86
llm_iterative,shock,1,134,0,4,-0.0,0,0,6,4,llm_r0_2,86
llm_iterative,shock,1,134,1,4,5.0,5,0,3,3,llm_r0_2,86
llm_iterative,shock,1,134,2,4,32.0,0,32,20,18,llm_r0_2,86
llm_iterative,shock,1,135,0,4,3.0,0,3,0,0,llm_r0_2,86
llm_iterative,shock,1,135,1,4,5.0,5,0,15,15,llm_r0_2,86
llm_iterative,shock,1,135,2,4,27.0,0,27,0,0,llm_r0_2,86
llm_iterative,shock,1,136,0,4,8.0,8,0,6,9,llm_r0_1,86
llm_iterative,shock,1,136,1,4,4.0,0,4,1,0,llm_r0_1,86
llm_iterative,shock,1,136,2,4,9.0,0,9,20,15,llm_r0_1,86
llm_iterative,shock,1,137,0,3,6.0,6,0,2,2,llm_r0_1,86
llm_iterative,shock,1,137,1,3,5.0,0,5,0,0,llm_r0_1,86
llm_iterative,shock,1,137,2,3,9.0,9,0,16,11,llm_r0_1,86
llm_iterative,shock,1,138,0,3,11.0,11,0,2,2,llm_r0_1,86
llm_iterative,shock,1,138,1,3,6.0,0,6,0,0,llm_r0_1,86
llm_iterative,shock,1,138,2,3,27.0,27,0,0,0,llm_r0_1,86
llm_iterative,shock,1,139,0,3,8.0,8,0,0,0,llm_r0_1,86
llm_iterative,shock,1,139,1,3,14.0,14,0,0,0,llm_r0_1,86
llm_iterative,shock,1,139,2,3,27.0,27,0,0,0,llm_r0_1,86
llm_iterative,shock,1,140,0,2,11.0,11,0,0,0,llm_r0_1,86
llm_iterative,shock,1,140,1,2,32.0,32,0,0,0,llm_r0_1,86
llm_iterative,shock,1,140,2,2,42.0,42,0,0,0,llm_r0_1,86
llm_iterative,shock,1,141,0,2,10.0,10,0,0,0,zero,86
llm_iterative,shock,1,141,1,2,41.0,41,0,0,0,zero,86
llm_iterative,shock,1,141,2,2,53.0,53,0,0,0,zero,86
llm_iterative,shock,1,142,0,2,9.0,9,0,0,0,zero,86
llm_iterative,shock,1,142,1,2,41.0,41,0,0,0,zero,86
llm_iterative,shock,1,142,2,2,53.0,53,0,0,0,zero,86
llm_iterative,shock,1,143,0,2,13.0,13,0,0,0,zero,86
llm_iterative,shock,1,143,1,2,41.0,41,0,0,0,zero,86
llm_iterative,shock,1,143,2,2,53.0,53,0,0,0,zero,86
llm_iterative,shock,1,144,0,2,11.0,11,0,0,0,zero,86
llm_iterative,shock,1,144,1,2,41.0,41,0,0,0,zero,86
llm_iterative,shock,1,144,2,2,53.0,53,0,0,0,zero,86
llm_iterative,shock,1,145,0,2,9.0,9,0,0,0,zero,86
llm_iterative,shock,1,145,1,2,41.0,41,0,0,0,zero,86
llm_iterative,shock,1,145,2,2,53.0,53,0,0,0,zero,86
llm_iterative,shock,1,146,0,2,7.0,7,0,0,0,zero,86
llm_iterative,shock,1,146,1,2,41.0,41,0,0,0,zero,86
llm_iterative,shock,1,146,2,2,53.0,53,0,0,0,zero,86
llm_iterative,shock,1,147,0,2,5.0,5,0,2,2,zero,86
llm_iterative,shock,1,147,1,2,39.0,39,0,0,0,zero,86
llm_iterative,shock,1,147,2,2,53.0,53,0,0,0,zero,86
llm_iterative,shock,1,148,0,2,3.0,3,0,0,0,zero,86
llm_iterative,shock,1,148,1,2,39.0,39,0,0,0,zero,86
llm_iterative,shock,1,148,2,2,53.0,53,0,0,0,zero,86
llm_iterative,shock,1,149,0,2,1.0,1,0,6,6,zero,86
llm_iterative,shock,1,149,1,2,33.0,33,0,0,0,zero,86
llm_iterative,shock,1,149,2,2,53.0,53,0,0,0,zero,86
llm_iterative,shock,1,150,0,2,1.0,0,1,2,2,zero,86
llm_iterative,shock,1,150,1,2,31.0,31,0,1,1,zero,86
llm_iterative,shock,1,150,2,2,52.0,52,0,0,0,zero,86
llm_iterative,shock,1,151,0,2,1.0,0,1,0,0,zero,86
llm_iterative,shock,1,151,1,2,31.0,31,0,1,1,zero,86
llm_iterative,shock,1,151,2,2,51.0,51,0,0,0,zero,86
llm_iterative,shock,1,152,0,2,3.0,0,3,0,0,zero,86
llm_iterative,shock,1,152,1,2,31.0,31,0,1,1,zero,86
llm_iterative,shock,1,152,2,2,50.0,50,0,0,0,zero,86
llm_iterative,shock,1,153,0,2,1.0,1,0,6,6,zero,86
llm_iterative,shock,1,153,1,2,25.0,25,0,0,0,zero,86
llm_iterative,shock,1,153,2,2,50.0,50,0,0,0,zero,86
llm_iterative,shock,1,154,0,2,1.0,1,0,0,0,zero,86
llm_iterative,shock,1,154,1,2,26.0,26,0,1,1,zero,86
llm_iterative,shock,1,154,2,2,49.0,49,0,0,0,zero,86
llm_iterative,shock,1,155,0,2,1.0,0,1,2,2,zero,86
llm_iterative,shock,1,155,1,2,25.0,25,0,1,1,zero,86
llm_iterative,shock,1,155,2,2,48.0,48,0,0,0,zero,86
llm_iterative,shock,1,156,0,2,3.0,0,3,0,0,zero,86
llm_iterative,shock,1,156,1,2,26.0,26,0,1,1,zero,86
llm_iterative,shock,1,156,2,2,47.0,47,0,0,0,zero,86
llm_iterative,shock,1,157,0,2,1.0,1,0,6,6,zero,86
llm_iterative,shock,1,157,1,2,20.0,20,0,0,0,zero,86
llm_iterative,shock,1,157,2,2,47.0,47,0,0,0,zero,86
llm_iterative,shock,1,158,0,2,1.0,0,1,0,0,zero,86
llm_iterative,shock,1,158,1,2,21.0,21,0,1,1,zero,86
llm_iterative,shock,1,158,2,2,46.0,46,0,0,0,zero,86
llm_iterative,shock,1,159,0,2,1.0,0,1,0,0,zero,86
llm_iterative,shock,1,159,1,2,22.0,22,0,1,1,zero,86
llm_iterative,shock,1,159,2,2,45.0,45,0,0,0,zero,86
llm_iterative,shock,1,160,0,2,3.0,0,3,6,6,zero,86
llm_iterative,shock,1,160,1,2,17.0,17,0,0,0,zero,86
llm_iterative,shock,1,160,2,2,45.0,45,0,0,0,zero,86
llm_iterative,shock,1,161,0,2,1.0,1,0,0,0,zero,86
llm_iterative,shock,1,161,1,2,17.0,17,0,1,1,zero,86
llm_iterative,shock,1,161,2,2,44.0,44,0,0,0,zero,86
llm_iterative,shock,1,162,0,1,-0.0,0,0,6,6,zero,86
llm_iterative,shock,1,162,1,1,12.0,12,0,1,1,zero,86
llm_iterative,shock,1,162,2,1,43.0,43,0,0,0,zero,86
llm_iterative,shock,1,163,0,2,2.0,0,2,0,0,zero,86
llm_iterative,shock,1,163,1,2,13.0,13,0,11,11,zero,86
llm_iterative,shock,1,163,2,2,32.0,32,0,0,0,zero,86
llm_iterative,shock,1,164,0,2,2.0,2,0,0,0,zero,86
llm_iterative,shock,1,164,1,2,13.0,13,0,0,0,zero,86
llm_iterative,shock,1,164,2,2,32.0,32,0,0,0,zero,86
llm_iterative,shock,1,165,0,2,-0.0,0,0,0,0,zero,86
llm_iterative,shock,1,165,1,2,14.0,14,0,0,0,zero,86
llm_iterative,shock,1,165,2,2,32.0,32,0,0,0,zero,86
llm_iterative,shock,1,166,0,2,4.0,4,0,6,6,zero,86
llm_iterative,shock,1,166,1,2,9.0,9,0,0,0,zero,86
llm_iterative,shock,1,166,2,2,32.0,32,0,0,0,zero,86
llm_iterative,shock,1,167,0,1,3.0,3,0,0,0,zero,86
llm_iterative,shock,1,167,1,1,20.0,20,0,1,1,zero,86
llm_iterative,shock,1,167,2,1,31.0,31,0,0,0,zero,86
llm_iterative,shock,1,168,0,2,1.0,1,0,0,0,zero,86
llm_iterative,shock,1,168,1,2,20.0,20,0,0,0,zero,86
llm_iterative,shock,1,168,2,2,31.0,31,0,0,0,zero,86
llm_iterative,shock,1,169,0,2,1.0,0,1,0,0,zero,86
llm_iterative,shock,1,169,1,2,20.0,20,0,0,0,zero,86
llm_iterative,shock,1,169,2,2,31.0,31,0,0,0,zero,86
llm_iterative,shock,1,170,0,2,3.0,3,0,6,6,zero,86
llm_iterative,shock,1,170,1,2,14.0,14,0,0,0,zero,86
llm_iterative,shock,1,170,2,2,31.0,31,0,0,0,zero,86
llm_iterative,shock,1,171,0,2,1.0,1,0,0,0,llm_r0_0,86
llm_iterative,shock,1,171,1,2,15.0,15,0,1,1,llm_r0_0,86
llm_iterative,shock,1,171,2,2,30.0,30,0,0,0,llm_r0_0,86
llm_iterative,shock,1,172,0,2,1.0,0,1,0,0,llm_r0_0,86
llm_iterative,shock,1,172,1,2,15.0,15,0,1,1,llm_r0_0,86
llm_iterative,shock,1,172,2,2,29.0,29,0,0,0,llm_r0_0,86
llm_iterative,shock,1,173,0,2,3.0,0,3,6,7,llm_r0_0,86
llm_iterative,shock,1,173,1,2,8.0,8,0,0,0,llm_r0_0,86
llm_iterative,shock,1,173,2,2,29.0,29,0,0,0,llm_r0_0,86
llm_iterative,shock,1,174,0,2,1.0,1,0,0,3,llm_r0_0,86
llm_iterative,shock,1,174,1,2,5.0,5,0,1,1,llm_r0_0,86
llm_iterative,shock,1,174,2,2,28.0,28,0,0,0,llm_r0_0,86
llm_iterative,shock,1,175,0,2,1.0,0,1,0,0,llm_r0_0,86
llm_iterative,shock,1,175,1,2,6.0,6,0,15,15,llm_r0_0,86
llm_iterative,shock,1,175,2,2,13.0,13,0,0,0,llm_r0_0,86
llm_iterative,shock,1,176,0,2,3.0,0,3,0,0,zero,86
llm_iterative,shock,1,176,1,2,7.0,7,0,1,1,zero,86
llm_iterative,shock,1,176,2,2,12.0,12,0,1,1,zero,86
llm_iterative,shock,1,177,0,2,2.0,2,0,6,6,zero,86
llm_iterative,shock,1,177,1,2,1.0,1,0,0,0,zero,86
llm_iterative,shock,1,177,2,2,12.0,12,0,1,1,zero,86
llm_iterative,shock,1,178,0,2,3.0,3,0,0,0,zero,86
llm_iterative,shock,1,178,1,2,2.0,2,0,0,0,zero,86
llm_iterative,shock,1,178,2,2,12.0,12,0,0,0,zero,86
llm_iterative,shock,1,179,0,2,1.0,1,0,6,6,zero,86
llm_iterative,shock,1,179,1,2,11.0,11,0,0,0,zero,86
llm_iterative,shock,1,179,2,2,12.0,12,0,0,0,zero,86
llm_iterative,shock,1,180,0,2,1.0,0,1,0,0,zero,86
llm_iterative,shock,1,180,1,2,12.0,12,0,1,1,zero,86
llm_iterative,shock,1,180,2,2,12.0,12,0,0,0,zero,86
llm_iterative,shock,1,181,0,2,3.0,3,0,0,0,zero,86
llm_iterative,shock,1,181,1,2,12.0,12,0,1,1,zero,86
llm_iterative,shock,1,181,2,2,12.0,12,0,0,0,zero,86
llm_iterative,shock,1,182,0,2,1.0,1,0,0,0,zero,86
llm_iterative,shock,1,182,1,2,12.0,12,0,0,0,zero,86
llm_iterative,shock,1,182,2,2,12.0,12,0,0,0,zero,86
llm_iterative,shock,1,183,0,2,5.0,5,0,6,6,zero,86
llm_iterative,shock,1,183,1,2,6.0,6,0,0,0,zero,86
llm_iterative,shock,1,183,2,2,12.0,12,0,0,0,zero,86
llm_iterative,shock,1,184,0,2,3.0,3,0,0,0,zero,86
llm_iterative,shock,1,184,1,2,7.0,7,0,11,11,zero,86
llm_iterative,shock,1,184,2,2,1.0,1,0,0,0,zero,86
llm_iterative,shock,1,185,0,2,1.0,1,0,6,6,zero,86
llm_iterative,shock,1,185,1,2,2.0,2,0,0,0,zero,86
llm_iterative,shock,1,185,2,2,1.0,1,0,1,1,zero,86
llm_iterative,shock,1,186,0,2,1.0,0,1,0,0,zero,86
llm_iterative,shock,1,186,1,2,2.0,2,0,15,15,zero,86
llm_iterative,shock,1,186,2,2,14.0,0,14,20,20,zero,86
llm_iterative,shock,1,187,0,2,3.0,3,0,0,0,zero,86
llm_iterative,shock,1,187,1,2,2.0,2,0,1,1,zero,86
llm_iterative,shock,1,187,2,2,15.0,0,15,20,20,zero,86
llm_iterative,shock,1,188,0,2,1.0,1,0,0,0,zero,86
llm_iterative,shock,1,188,1,2,13.0,13,0,0,0,zero,86
llm_iterative,shock,1,188,2,2,15.0,0,15,0,0,zero,86
llm_iterative,shock,1,189,0,2,5.0,5,0,6,6,zero,86
llm_iterative,shock,1,189,1,2,7.0,7,0,0,0,zero,86
llm_iterative,shock,1,189,2,2,14.0,0,14,0,0,zero,86
llm_iterative,shock,1,190,0,3,2.0,2,0,0,0,zero,86
llm_iterative,shock,1,190,1,3,8.0,8,0,1,1,zero,86
llm_iterative,shock,1,190,2,3,5.0,5,0,0,0,zero,86
llm_iterative,shock,1,191,0,3,1.0,0,1,6,6,zero,86
llm_iterative,shock,1,191,1,3,2.0,2,0,0,0,zero,86
llm_iterative,shock,1,191,2,3,25.0,25,0,0,0,zero,86
llm_iterative,shock,1,192,0,3,4.0,0,4,0,0,zero,86
llm_iterative,shock,1,192,1,3,2.0,2,0,1,1,zero,86
llm_iterative,shock,1,192,2,3,24.0,24,0,0,0,zero,86
llm_iterative,shock,1,193,0,3,1.0,0,1,6,6,zero,86
llm_iterative,shock,1,193,1,3,3.0,0,3,1,1,zero,86
llm_iterative,shock,1,193,2,3,23.0,23,0,0,0,zero,86
llm_iterative,shock,1,194,0,3,4.0,0,4,6,6,zero,86
llm_iterative,shock,1,194,1,3,6.0,6,0,5,5,zero,86
llm_iterative,shock,1,194,2,3,18.0,18,0,0,0,zero,86
llm_iterative,shock,1,195,0,3,1.0,0,1,0,0,zero,86
llm_iterative,shock,1,195,1,3,6.0,6,0,15,15,zero,86
llm_iterative,shock,1,195,2,3,3.0,3,0,0,0,zero,86
llm_iterative,shock,1,196,0,3,4.0,0,4,2,2,zero,86
llm_iterative,shock,1,196,1,3,5.0,5,0,0,0,zero,86
llm_iterative,shock,1,196,2,3,3.0,3,0,20,20,zero,86
llm_iterative,shock,1,197,0,3,4.0,0,4,6,6,zero,86
llm_iterative,shock,1,197,1,3,-0.0,0,0,0,0,zero,86
llm_iterative,shock,1,197,2,3,3.0,3,0,3,3,zero,86
llm_iterative,shock,1,198,0,3,2.0,2,0,6,6,zero,86
llm_iterative,shock,1,198,1,3,1.0,0,1,1,1,zero,86
llm_iterative,shock,1,198,2,3,2.0,2,0,0,0,zero,86
llm_iterative,shock,1,199,0,3,1.0,0,1,0,0,zero,86
llm_iterative,shock,1,199,1,3,14.0,14,0,12,12,zero,86
llm_iterative,shock,1,199,2,3,10.0,0,10,0,0,zero,86
llm_iterative,shock,1,200,0,4,3.0,0,3,0,0,zero,86
llm_iterative,shock,1,200,1,4,14.0,14,0,1,1,zero,86
llm_iterative,shock,1,200,2,4,9.0,9,0,2,2,zero,86
llm_iterative,shock,2,1,0,10,10.0,10,0,10,10,zero,
llm_iterative,shock,2,1,1,10,10.0,10,0,15,15,zero,
llm_iterative,shock,2,1,2,10,5.0,5,0,0,0,zero,
llm_iterative,shock,2,2,0,9,11.0,11,0,10,10,zero,
llm_iterative,shock,2,2,1,9,10.0,10,0,1,1,zero,
llm_iterative,shock,2,2,2,9,14.0,14,0,20,20,zero,
llm_iterative,shock,2,3,0,10,11.0,11,0,6,6,zero,
llm_iterative,shock,2,3,1,10,14.0,14,0,15,15,zero,
llm_iterative,shock,2,3,2,10,9.0,9,0,3,3,zero,
llm_iterative,shock,2,4,0,9,12.0,12,0,10,10,zero,
llm_iterative,shock,2,4,1,9,14.0,14,0,1,1,zero,
llm_iterative,shock,2,4,2,9,18.0,18,0,20,20,zero,
llm_iterative,shock,2,5,0,9,13.0,13,0,6,6,zero,
llm_iterative,shock,2,5,1,9,23.0,23,0,15,15,zero,
llm_iterative,shock,2,5,2,9,3.0,3,0,0,0,zero,
llm_iterative,shock,2,6,0,9,14.0,14,0,9,9,zero,
llm_iterative,shock,2,6,1,9,15.0,15,0,1,1,zero,
llm_iterative,shock,2,6,2,9,22.0,22,0,16,16,zero,
llm_iterative,shock,2,7,0,8,12.0,12,0,9,9,zero,
llm_iterative,shock,2,7,1,8,21.0,21,0,1,1,zero,
llm_iterative,shock,2,7,2,8,24.0,24,0,0,0,zero,
llm_iterative,shock,2,8,0,8,14.0,14,0,9,9,zero,
llm_iterative,shock,2,8,1,8,13.0,13,0,15,15,zero,
llm_iterative,shock,2,8,2,8,29.0,29,0,0,0,zero,
llm_iterative,shock,2,9,0,8,12.0,12,0,2,2,zero,
llm_iterative,shock,2,9,1,8,26.0,26,0,15,15,zero,
llm_iterative,shock,2,9,2,8,14.0,14,0,1,1,zero,
llm_iterative,shock,2,10,0,8,13.0,13,0,9,9,zero,
llm_iterative,shock,2,10,1,8,18.0,18,0,0,0,zero,
llm_iterative,shock,2,10,2,8,30.0,30,0,20,20,zero,
llm_iterative,shock,2,11,0,9,13.0,13,0,6,6,zero,
llm_iterative,shock,2,11,1,9,13.0,13,0,1,1,zero,
llm_iterative,shock,2,11,2,9,29.0,29,0,0,0,zero,
llm_iterative,shock,2,12,0,10,12.0,12,0,9,9,zero,
llm_iterative,shock,2,12,1,10,19.0,19,0,1,1,zero,
llm_iterative,shock,2,12,2,10,28.0,28,0,0,0,zero,
llm_iterative,shock,2,13,0,9,5.0,5,0,9,9,zero,
llm_iterative,shock,2,13,1,9,25.0,25,0,15,15,zero,
llm_iterative,shock,2,13,2,9,14.0,14,0,0,0,zero,
llm_iterative,shock,2,14,0,10,4.0,4,0,9,9,zero,
llm_iterative,shock,2,14,1,10,16.0,16,0,15,15,zero,
llm_iterative,shock,2,14,2,10,19.0,19,0,0,0,zero,
llm_iterative,shock,2,15,0,11,1.0,0,1,9,9,zero,
llm_iterative,shock,2,15,1,11,8.0,8,0,1,1,zero,
llm_iterative,shock,2,15,2,11,18.0,18,0,20,20,zero,
llm_iterative,shock,2,16,0,13,5.0,0,5,19,19,zero,
llm_iterative,shock,2,16,1,13,10.0,0,10,15,15,zero,
llm_iterative,shock,2,16,2,13,3.0,3,0,3,3,zero,
llm_iterative,shock,2,17,0,11,7.0,0,7,19,19,zero,
llm_iterative,shock,2,17,1,11,14.0,0,14,15,15,zero,
llm_iterative,shock,2,17,2,11,12.0,0,12,20,20,zero,
llm_iterative,shock,2,18,0,11,9.0,0,9,9,9,zero,
llm_iterative,shock,2,18,1,11,8.0,0,8,15,15,zero,
llm_iterative,shock,2,18,2,11,27.0,0,27,20,20,zero,
llm_iterative,shock,2,19,0,12,12.0,0,12,10,10,zero,
llm_iterative,shock,2,19,1,12,17.0,0,17,15,15,zero,
llm_iterative,shock,2,19,2,12,22.0,0,22,20,20,zero,
llm_iterative,shock,2,20,0,10,13.0,0,13,19,19,zero,
llm_iterative,shock,2,20,1,10,21.0,0,21,15,15,zero,
llm_iterative,shock,2,20,2,10,34.0,0,34,20,20,zero,
llm_iterative,shock,2,21,0,10,8.0,0,8,6,6,zero,
llm_iterative,shock,2,21,1,10,24.0,0,24,15,15,zero,
llm_iterative,shock,2,21,2,10,29.0,0,29,20,20,zero,
llm_iterative,shock,2,22,0,9,2.0,0,2,19,19,zero,
llm_iterative,shock,2,22,1,9,43.0,0,43,11,11,zero,
llm_iterative,shock,2,22,2,9,20.0,0,20,16,16,zero,
llm_iterative,shock,2,23,0,9,10.0,0,10,19,19,zero,
llm_iterative,shock,2,23,1,9,42.0,0,42,18,18,zero,
llm_iterative,shock,2,23,2,9,18.0,0,18,16,16,zero,
llm_iterative,shock,2,24,0,9,4.0,0,4,6,6,zero,
llm_iterative,shock,2,24,1,9,45.0,0,45,18,18,zero,
llm_iterative,shock,2,24,2,9,16.0,0,16,16,16,zero,
llm_iterative,shock,2,25,0,9,10.0,0,10,10,10,zero,
llm_iterative,shock,2,25,1,9,35.0,0,35,3,3,zero,
llm_iterative,shock,2,25,2,9,1.0,1,0,20,20,zero,
llm_iterative,shock,2,26,0,9,19.0,0,19,6,6,zero,
llm_iterative,shock,2,26,1,9,21.0,0,21,0,0,zero,
llm_iterative,shock,2,26,2,9,17.0,17,0,16,16,zero,
llm_iterative,shock,2,27,0,9,8.0,0,8,6,6,zero,
llm_iterative,shock,2,27,1,9,7.0,0,7,0,0,zero,
llm_iterative,shock,2,27,2,9,33.0,33,0,0,0,zero,
llm_iterative,shock,2,28,0,10,15.0,0,15,0,0,zero,
llm_iterative,shock,2,28,1,10,13.0,13,0,18,18,zero,
llm_iterative,shock,2,28,2,10,31.0,31,0,0,0,zero,
llm_iterative,shock,2,29,0,11,6.0,0,6,6,6,zero,
llm_iterative,shock,2,29,1,11,26.0,26,0,0,0,zero,
llm_iterative,shock,2,29,2,11,51.0,51,0,1,1,zero,
llm_iterative,shock,2,30,0,11,3.0,3,0,6,6,zero,
llm_iterative,shock,2,30,1,11,20.0,20,0,12,12,zero,
llm_iterative,shock,2,30,2,11,55.0,55,0,0,0,zero,
llm_iterative,shock,2,31,0,11,12.0,12,0,10,10,zero,
llm_iterative,shock,2,31,1,11,10.0,10,0,0,0,zero,
llm_iterative,shock,2,31,2,11,55.0,55,0,1,1,zero,
llm_iterative,shock,2,32,0,11,8.0,8,0,19,19,zero,
llm_iterative,shock,2,32,1,11,9.0,9,0,12,12,zero,
llm_iterative,shock,2,32,2,11,43.0,43,0,0,0,zero,
llm_iterative,shock,2,33,0,12,2.0,2,0,9,9,zero,
llm_iterative,shock,2,33,1,12,-0.0,0,0,15,15,zero,
llm_iterative,shock,2,33,2,12,29.0,29,0,0,0,zero,
llm_iterative,shock,2,34,0,11,3.0,0,3,19,19,zero,
llm_iterative,shock,2,34,1,11,7.0,0,7,15,15,zero,
llm_iterative,shock,2,34,2,11,14.0,14,0,20,20,zero,
llm_iterative,shock,2,35,0,12,5.0,0,5,10,10,zero,
llm_iterative,shock,2,35,1,12,17.0,0,17,18,18,zero,
llm_iterative,shock,2,35,2,12,3.0,0,3,20,20,zero,
llm_iterative,shock,2,36,0,12,2.0,2,0,10,10,zero,
llm_iterative,shock,2,36,1,12,15.0,0,15,15,15,zero,
llm_iterative,shock,2,36,2,12,18.0,0,18,20,20,zero,
llm_iterative,shock,2,37,0,12,1.0,0,1,10,10,zero,
llm_iterative,shock,2,37,1,12,10.0,0,10,18,18,zero,
llm_iterative,shock,2,37,2,12,36.0,0,36,20,20,zero,
llm_iterative,shock,2,38,0,13,2.0,0,2,9,9,zero,
llm_iterative,shock,2,38,1,13,4.0,0,4,18,18,zero,
llm_iterative,shock,2,38,2,13,34.0,0,34,20,20,zero,
llm_iterative,shock,2,39,0,13,15.0,0,15,19,19,zero,
llm_iterative,shock,2,39,1,13,8.0,0,8,18,18,zero,
llm_iterative,shock,2,39,2,13,32.0,0,32,20,20,zero,
llm_iterative,shock,2,40,0,13,16.0,0,16,10,10,zero,
llm_iterative,shock,2,40,1,13,18.0,0,18,18,18,zero,
llm_iterative,shock,2,40,2,13,30.0,0,30,20,20,zero,
llm_iterative,shock,2,41,0,14,15.0,0,15,10,10,zero,
llm_iterative,shock,2,41,1,14,28.0,0,28,18,18,zero,
llm_iterative,shock,2,41,2,14,28.0,0,28,20,20,zero,
llm_iterative,shock,2,42,0,14,14.0,0,14,10,10,zero,
llm_iterative,shock,2,42,1,14,18.0,0,18,3,3,zero,
llm_iterative,shock,2,42,2,14,11.0,0,11,20,20,zero,
llm_iterative,shock,2,43,0,15,14.0,0,14,10,10,zero,
llm_iterative,shock,2,43,1,15,8.0,0,8,0,0,zero,
llm_iterative,shock,2,43,2,15,9.0,9,0,1,1,zero,
llm_iterative,shock,2,44,0,16,30.0,0,30,19,19,zero,
llm_iterative,shock,2,44,1,16,7.0,0,7,18,18,zero,
llm_iterative,shock,2,44,2,16,11.0,11,0,0,0,zero,
llm_iterative,shock,2,45,0,14,44.0,0,44,19,19,zero,
llm_iterative,shock,2,45,1,14,6.0,0,6,18,18,zero,
llm_iterative,shock,2,45,2,14,13.0,13,0,16,16,zero,
llm_iterative,shock,2,46,0,14,38.0,0,38,10,10,zero,
llm_iterative,shock,2,46,1,14,4.0,4,0,18,18,zero,
llm_iterative,shock,2,46,2,14,15.0,15,0,20,20,zero,
llm_iterative,shock,2,47,0,14,32.0,0,32,10,10,zero,
llm_iterative,shock,2,47,1,14,5.0,5,0,18,18,zero,
llm_iterative,shock,2,47,2,14,2.0,0,2,20,20,zero,
llm_iterative,shock,2,48,0,13,25.0,0,25,10,10,zero,
llm_iterative,shock,2,48,1,13,13.0,13,0,3,3,zero,
llm_iterative,shock,2,48,2,13,5.0,0,5,20,20,zero,
llm_iterative,shock,2,49,0,12,17.0,0,17,10,10,zero,
llm_iterative,shock,2,49,1,12,21.0,21,0,12,12,zero,
llm_iterative,shock,2,49,2,12,1.0,0,1,0,0,zero,
llm_iterative,shock,2,50,0,14,15.0,0,15,10,10,zero,
llm_iterative,shock,2,50,1,14,29.0,29,0,3,3,zero,
llm_iterative,shock,2,50,2,14,16.0,16,0,0,0,zero,
llm_iterative,shock,2,51,0,16,21.0,0,21,19,19,zero,
llm_iterative,shock,2,51,1,16,26.0,26,0,12,12,zero,
llm_iterative,shock,2,51,2,16,24.0,24,0,0,0,zero,
llm_iterative,shock,2,52,0,15,26.0,0,26,19,19,zero,
llm_iterative,shock,2,52,1,15,7.0,7,0,18,18,zero,
llm_iterative,shock,2,52,2,15,26.0,26,0,0,0,zero,
llm_iterative,shock,2,53,0,17,33.0,0,33,19,19,zero,
llm_iterative,shock,2,53,1,17,4.0,4,0,15,15,zero,
llm_iterative,shock,2,53,2,17,11.0,11,0,20,20,zero,
llm_iterative,shock,2,54,0,15,38.0,0,38,17,17,zero,
llm_iterative,shock,2,54,1,15,9.0,0,9,18,18,zero,
llm_iterative,shock,2,54,2,15,7.0,0,7,20,20,zero,
llm_iterative,shock,2,55,0,13,32.0,0,32,19,19,zero,
llm_iterative,shock,2,55,1,13,16.0,0,16,18,18,zero,
llm_iterative,shock,2,55,2,13,25.0,0,25,20,20,zero,
llm_iterative,shock,2,56,0,14,27.0,0,27,10,10,zero,
llm_iterative,shock,2,56,1,14,8.0,0,8,18,18,zero,
llm_iterative,shock,2,56,2,14,43.0,0,43,20,20,zero,
llm_iterative,shock,2,57,0,15,23.0,0,23,10,10,zero,
llm_iterative,shock,2,57,1,15,3.0,0,3,18,18,zero,
llm_iterative,shock,2,57,2,15,41.0,0,41,20,20,zero,
llm_iterative,shock,2,58,0,14,29.0,0,29,19,19,zero,
llm_iterative,shock,2,58,1,14,11.0,0,11,15,15,zero,
llm_iterative,shock,2,58,2,14,36.0,0,36,20,20,zero,
llm_iterative,shock,2,59,0,15,32.0,0,32,19,19,zero,
llm_iterative,shock,2,59,1,15,30.0,0,30,18,18,zero,
llm_iterative,shock,2,59,2,15,34.0,0,34,20,20,zero,
llm_iterative,shock,2,60,0,15,29.0,0,29,19,19,zero,
llm_iterative,shock,2,60,1,15,49.0,0,49,18,18,zero,
llm_iterative,shock,2,60,2,15,32.0,0,32,20,20,zero,
llm_iterative,shock,2,61,0,15,29.0,0,29,19,19,zero,
llm_iterative,shock,2,61,1,15,48.0,0,48,18,18,zero,
llm_iterative,shock,2,61,2,15,30.0,0,30,20,20,zero,
llm_iterative,shock,2,62,0,15,33.0,0,33,10,10,zero,
llm_iterative,shock,2,62,1,15,38.0,0,38,18,18,zero,
llm_iterative,shock,2,62,2,15,28.0,0,28,20,20,zero,
llm_iterative,shock,2,63,0,15,48.0,0,48,19,19,zero,
llm_iterative,shock,2,63,1,15,37.0,0,37,3,3,zero,
llm_iterative,shock,2,63,2,15,11.0,0,11,20,20,zero,
llm_iterative,shock,2,64,0,16,64.0,0,64,17,17,zero,
llm_iterative,shock,2,64,1,16,34.0,0,34,18,18,zero,
llm_iterative,shock,2,64,2,16,9.0,0,9,1,1,zero,
llm_iterative,shock,2,65,0,15,59.0,0,59,17,17,zero,
llm_iterative,shock,2,65,1,15,31.0,0,31,18,18,zero,
llm_iterative,shock,2,65,2,15,7.0,0,7,20,20,zero,
llm_iterative,shock,2,66,0,16,55.0,0,55,10,10,zero,
llm_iterative,shock,2,66,1,16,21.0,0,21,18,18,zero,
llm_iterative,shock,2,66,2,16,5.0,0,5,20,20,zero,
llm_iterative,shock,2,67,0,15,50.0,0,50,10,10,zero,
llm_iterative,shock,2,67,1,15,11.0,0,11,18,18,zero,
llm_iterative,shock,2,67,2,15,3.0,0,3,20,20,zero,
llm_iterative,shock,2,68,0,15,45.0,0,45,10,10,zero,
llm_iterative,shock,2,68,1,15,1.0,0,1,0,0,zero,
llm_iterative,shock,2,68,2,15,2.0,0,2,20,20,zero,
llm_iterative,shock,2,69,0,14,39.0,0,39,10,10,zero,
llm_iterative,shock,2,69,1,14,9.0,9,0,18,18,zero,
llm_iterative,shock,2,69,2,14,-0.0,0,0,0,0,zero,
llm_iterative,shock,2,70,0,12,31.0,0,31,10,10,zero,
llm_iterative,shock,2,70,1,12,19.0,19,0,18,18,zero,
llm_iterative,shock,2,70,2,12,2.0,2,0,1,1,zero,
llm_iterative,shock,2,71,0,13,24.0,0,24,10,10,zero,
llm_iterative,shock,2,71,1,13,29.0,29,0,18,18,zero,
llm_iterative,shock,2,71,2,13,4.0,4,0,20,20,zero,
llm_iterative,shock,2,72,0,14,18.0,0,18,10,10,zero,
llm_iterative,shock,2,72,1,14,20.0,20,0,0,0,zero,
llm_iterative,shock,2,72,2,14,24.0,24,0,20,20,zero,
llm_iterative,shock,2,73,0,15,22.0,0,22,19,19,zero,
llm_iterative,shock,2,73,1,15,21.0,21,0,3,3,zero,
llm_iterative,shock,2,73,2,15,21.0,21,0,0,0,zero,
llm_iterative,shock,2,74,0,15,27.0,0,27,19,19,zero,
llm_iterative,shock,2,74,1,15,20.0,20,0,18,18,zero,
llm_iterative,shock,2,74,2,15,4.0,4,0,0,0,zero,
llm_iterative,shock,2,75,0,15,32.0,0,32,19,19,zero,
llm_iterative,shock,2,75,1,15,19.0,19,0,15,15,zero,
llm_iterative,shock,2,75,2,15,9.0,9,0,0,0,zero,
llm_iterative,shock,2,76,0,13,35.0,0,35,17,17,zero,
llm_iterative,shock,2,76,1,13,2.0,2,0,15,15,zero,
llm_iterative,shock,2,76,2,13,14.0,14,0,20,20,zero,
llm_iterative,shock,2,77,0,14,30.0,0,30,10,10,zero,
llm_iterative,shock,2,77,1,14,5.0,0,5,15,15,zero,
llm_iterative,shock,2,77,2,14,1.0,0,1,20,20,zero,
llm_iterative,shock,2,78,0,14,25.0,0,25,19,19,zero,
llm_iterative,shock,2,78,1,14,6.0,0,6,15,15,zero,
llm_iterative,shock,2,78,2,14,16.0,0,16,20,20,zero,
llm_iterative,shock,2,79,0,18,24.0,0,24,10,10,zero,
llm_iterative,shock,2,79,1,18,1.0,0,1,18,18,zero,
llm_iterative,shock,2,79,2,18,34.0,0,34,20,20,zero,
llm_iterative,shock,2,80,0,18,25.0,0,25,19,19,zero,
llm_iterative,shock,2,80,1,18,5.0,0,5,15,15,zero,
llm_iterative,shock,2,80,2,18,29.0,0,29,20,20,zero,
llm_iterative,shock,2,81,0,20,40.0,0,40,19,19,zero,
llm_iterative,shock,2,81,1,20,10.0,0,10,15,15,zero,
llm_iterative,shock,2,81,2,20,24.0,0,24,17,17,zero,
llm_iterative,shock,2,82,0,20,42.0,0,42,19,19,zero,
llm_iterative,shock,2,82,1,20,29.0,0,29,18,18,zero,
llm_iterative,shock,2,82,2,20,22.0,0,22,16,16,zero,
llm_iterative,shock,2,83,0,20,47.0,0,47,19,19,zero,
llm_iterative,shock,2,83,1,20,48.0,0,48,18,18,zero,
llm_iterative,shock,2,83,2,20,20.0,0,20,20,20,zero,
llm_iterative,shock,2,84,0,20,52.0,0,52,17,17,zero,
llm_iterative,shock,2,84,1,20,45.0,0,45,18,18,zero,
llm_iterative,shock,2,84,2,20,18.0,0,18,20,20,zero,
llm_iterative,shock,2,85,0,20,58.0,0,58,17,17,zero,
llm_iterative,shock,2,85,1,20,42.0,0,42,18,18,zero,
llm_iterative,shock,2,85,2,20,19.0,0,19,20,20,zero,
llm_iterative,shock,2,86,0,20,78.0,0,78,17,17,zero,
llm_iterative,shock,2,86,1,20,39.0,0,39,18,18,zero,
llm_iterative,shock,2,86,2,20,21.0,0,21,20,20,zero,
llm_iterative,shock,2,87,0,19,97.0,0,97,17,17,zero,
llm_iterative,shock,2,87,1,19,36.0,0,36,18,18,zero,
llm_iterative,shock,2,87,2,19,19.0,0,19,20,20,zero,
llm_iterative,shock,2,88,0,19,96.0,0,96,17,17,zero,
llm_iterative,shock,2,88,1,19,33.0,0,33,18,18,zero,
llm_iterative,shock,2,88,2,19,17.0,0,17,20,20,zero,
llm_iterative,shock,2,89,0,20,96.0,0,96,17,17,zero,
llm_iterative,shock,2,89,1,20,33.0,0,33,18,18,zero,
llm_iterative,shock,2,89,2,20,15.0,0,15,20,20,zero,
llm_iterative,shock,2,90,0,20,96.0,0,96,17,17,zero,
llm_iterative,shock,2,90,1,20,34.0,0,34,18,18,zero,
llm_iterative,shock,2,90,2,20,13.0,0,13,16,16,zero,
llm_iterative,shock,2,91,0,20,96.0,0,96,17,17,zero,91
llm_iterative,shock,2,91,1,20,31.0,0,31,18,18,zero,91
llm_iterative,shock,2,91,2,20,11.0,0,11,20,20,zero,91
llm_iterative,shock,2,92,0,20,96.0,0,96,17,17,zero,91
llm_iterative,shock,2,92,1,20,28.0,0,28,18,18,zero,91
llm_iterative,shock,2,92,2,20,9.0,0,9,20,20,zero,91
llm_iterative,shock,2,93,0,20,99.0,0,99,17,17,zero,91
llm_iterative,shock,2,93,1,20,25.0,0,25,18,18,zero,91
llm_iterative,shock,2,93,2,20,7.0,0,7,20,20,zero,91
llm_iterative,shock,2,94,0,20,103.0,0,103,17,17,zero,91
llm_iterative,shock,2,94,1,20,22.0,0,22,18,18,zero,91
llm_iterative,shock,2,94,2,20,9.0,0,9,20,20,zero,91
llm_iterative,shock,2,95,0,20,103.0,0,103,17,17,zero,91
llm_iterative,shock,2,95,1,20,19.0,0,19,18,18,zero,91
llm_iterative,shock,2,95,2,20,7.0,0,7,16,16,zero,91
llm_iterative,shock,2,96,0,20,103.0,0,103,17,17,zero,91
llm_iterative,shock,2,96,1,20,16.0,0,16,18,18,zero,91
llm_iterative,shock,2,96,2,20,5.0,0,5,20,20,zero,91
llm_iterative,shock,2,97,0,20,103.0,0,103,17,17,zero,91
llm_iterative,shock,2,97,1,20,13.0,0,13,18,18,zero,91
llm_iterative,shock,2,97,2,20,3.0,0,3,20,20,zero,91
llm_iterative,shock,2,98,0,20,103.0,0,103,17,17,zero,91
llm_iterative,shock,2,98,1,20,14.0,0,14,18,18,zero,91
llm_iterative,shock,2,98,2,20,1.0,0,1,16,16,zero,91
llm_iterative,shock,2,99,0,20,103.0,0,103,17,17,zero,91
llm_iterative,shock,2,99,1,20,11.0,0,11,18,18,zero,91
llm_iterative,shock,2,99,2,20,3.0,0,3,16,16,zero,91
llm_iterative,shock,2,100,0,20,103.0,0,103,17,17,zero,91
llm_iterative,shock,2,100,1,20,8.0,0,8,18,18,zero,91
llm_iterative,shock,2,100,2,20,1.0,0,1,20,20,zero,91
llm_iterative,shock,2,101,0,15,98.0,0,98,17,20,llm_r1_0,91
llm_iterative,shock,2,101,1,15,8.0,0,8,18,18,llm_r1_0,91
llm_iterative,shock,2,101,2,15,1.0,1,0,20,20,llm_r1_0,91
llm_iterative,shock,2,102,0,17,99.0,0,99,17,19,llm_r1_0,91
llm_iterative,shock,2,102,1,17,7.0,0,7,18,18,llm_r1_0,91
llm_iterative,shock,2,102,2,17,1.0,0,1,16,16,llm_r1_0,91
llm_iterative,shock,2,103,0,18,97.0,0,97,17,18,llm_r1_0,91
llm_iterative,shock,2,103,1,18,9.0,0,9,18,18,llm_r1_0,91
llm_iterative,shock,2,103,2,18,3.0,0,3,16,16,llm_r1_0,91
llm_iterative,shock,2,104,0,17,94.0,0,94,17,18,llm_r1_0,91
llm_iterative,shock,2,104,1,17,7.0,0,7,18,18,llm_r1_0,91
llm_iterative,shock,2,104,2,17,1.0,0,1,16,16,llm_r1_0,91
llm_iterative,shock,2,105,0,17,91.0,0,91,17,17,llm_r1_0,91
llm_iterative,shock,2,105,1,17,5.0,0,5,18,18,llm_r1_0,91
llm_iterative,shock,2,105,2,17,1.0,1,0,20,20,llm_r1_0,91
llm_iterative,shock,2,106,0,15,86.0,0,86,17,17,llm_r1_0,91
llm_iterative,shock,2,106,1,15,5.0,0,5,18,18,llm_r1_0,91
llm_iterative,shock,2,106,2,15,1.0,0,1,20,20,llm_r1_0,91
llm_iterative,shock,2,107,0,15,85.0,0,85,17,17,llm_r1_0,91
llm_iterative,shock,2,107,1,15,6.0,0,6,18,18,llm_r1_0,91
llm_iterative,shock,2,107,2,15,3.0,0,3,20,20,llm_r1_0,91
llm_iterative,shock,2,108,0,14,79.0,0,79,17,17,llm_r1_0,91
llm_iterative,shock,2,108,1,14,3.0,0,3,18,18,llm_r1_0,91
llm_iterative,shock,2,108,2,14,5.0,0,5,16,16,llm_r1_0,91
llm_iterative,shock,2,109,0,15,75.0,0,75,17,17,llm_r1_0,91
llm_iterative,shock,2,109,1,15,1.0,0,1,18,18,llm_r1_0,91
llm_iterative,shock,2,109,2,15,3.0,0,3,16,16,llm_r1_0,91
llm_iterative,shock,2,110,0,15,73.0,0,73,17,17,llm_r1_0,91
llm_iterative,shock,2,110,1,15,1.0,0,1,18,18,llm_r1_0,91
llm_iterative,shock,2,110,2,15,1.0,0,1,20,20,llm_r1_0,91
llm_iterative,shock,2,111,0,15,72.0,0,72,17,17,zero,91
llm_iterative,shock,2,111,1,15,2.0,0,2,18,18,zero,91
llm_iterative,shock,2,111,2,15,1.0,1,0,20,20,zero,91
llm_iterative,shock,2,112,0,15,67.0,0,67,17,17,zero,91
llm_iterative,shock,2,112,1,15,3.0,0,3,18,18,zero,91
llm_iterative,shock,2,112,2,15,1.0,0,1,16,16,zero,91
llm_iterative,shock,2,113,0,9,57.0,0,57,17,17,zero,91
llm_iterative,shock,2,113,1,9,-0.0,0,0,18,18,zero,91
llm_iterative,shock,2,113,2,9,3.0,0,3,16,16,zero,91
llm_iterative,shock,2,114,0,11,51.0,0,51,17,17,zero,91
llm_iterative,shock,2,114,1,11,3.0,3,0,18,18,zero,91
llm_iterative,shock,2,114,2,11,1.0,0,1,16,16,zero,91
llm_iterative,shock,2,115,0,12,47.0,0,47,16,16,zero,91
llm_iterative,shock,2,115,1,12,6.0,6,0,18,18,zero,91
llm_iterative,shock,2,115,2,12,1.0,1,0,20,20,zero,91
llm_iterative,shock,2,116,0,11,42.0,0,42,10,12,llm_r1_0,91
llm_iterative,shock,2,116,1,11,11.0,11,0,18,18,llm_r1_0,91
llm_iterative,shock,2,116,2,11,1.0,0,1,20,20,llm_r1_0,91
llm_iterative,shock,2,117,0,12,34.0,0,34,10,12,llm_r1_0,91
llm_iterative,shock,2,117,1,12,15.0,15,0,3,3,llm_r1_0,91
llm_iterative,shock,2,117,2,12,12.0,12,0,20,20,llm_r1_0,91
llm_iterative,shock,2,118,0,12,29.0,0,29,10,11,llm_r1_0,91
llm_iterative,shock,2,118,1,12,24.0,24,0,18,18,llm_r1_0,91
llm_iterative,shock,2,118,2,12,10.0,10,0,0,0,llm_r1_0,91
llm_iterative,shock,2,119,0,13,26.0,0,26,10,12,llm_r1_0,91
llm_iterative,shock,2,119,1,13,31.0,31,0,3,3,llm_r1_0,91
llm_iterative,shock,2,119,2,13,27.0,27,0,1,1,llm_r1_0,91
llm_iterative,shock,2,120,0,13,27.0,0,27,19,19,llm_r1_0,91
llm_iterative,shock,2,120,1,13,29.0,29,0,12,12,llm_r1_0,91
llm_iterative,shock,2,120,2,13,35.0,35,0,0,0,llm_r1_0,91
llm_iterative,shock,2,121,0,14,29.0,0,29,10,12,llm_r1_0,91
llm_iterative,shock,2,121,1,14,21.0,21,0,18,18,llm_r1_0,91
llm_iterative,shock,2,121,2,14,37.0,37,0,1,1,llm_r1_0,91
llm_iterative,shock,2,122,0,17,35.0,0,35,19,19,llm_r1_0,91
llm_iterative,shock,2,122,1,17,20.0,20,0,15,15,llm_r1_0,91
llm_iterative,shock,2,122,2,17,22.0,22,0,20,20,llm_r1_0,91
llm_iterative,shock,2,123,0,17,40.0,0,40,19,19,llm_r1_0,91
llm_iterative,shock,2,123,1,17,4.0,4,0,15,15,llm_r1_0,91
llm_iterative,shock,2,123,2,17,8.0,8,0,20,20,llm_r1_0,91
llm_iterative,shock,2,124,0,16,37.0,0,37,19,19,llm_r1_0,91
llm_iterative,shock,2,124,1,16,3.0,0,3,15,15,llm_r1_0,91
llm_iterative,shock,2,124,2,16,7.0,0,7,20,20,llm_r1_0,91
llm_iterative,shock,2,125,0,18,43.0,0,43,19,19,llm_r1_0,91
llm_iterative,shock,2,125,1,18,4.0,0,4,15,15,llm_r1_0,91
llm_iterative,shock,2,125,2,18,21.0,0,21,20,20,llm_r1_0,91
llm_iterative,shock,2,126,0,20,44.0,0,44,19,19,zero,91
llm_iterative,shock,2,126,1,20,8.0,0,8,15,15,zero,91
llm_iterative,shock,2,126,2,20,16.0,0,16,0,0,zero,91
llm_iterative,shock,2,127,0,18,43.0,0,43,19,19,zero,91
llm_iterative,shock,2,127,1,18,12.0,0,12,18,18,zero,91
llm_iterative,shock,2,127,2,18,14.0,0,14,20,20,zero,91
llm_iterative,shock,2,128,0,18,45.0,0,45,19,19,zero,91
llm_iterative,shock,2,128,1,18,23.0,0,23,18,18,zero,91
llm_iterative,shock,2,128,2,18,12.0,0,12,20,20,zero,91
llm_iterative,shock,2,129,0,17,44.0,0,44,19,19,zero,91
llm_iterative,shock,2,129,1,17,41.0,0,41,18,18,zero,91
llm_iterative,shock,2,129,2,17,10.0,0,10,20,20,zero,91
llm_iterative,shock,2,130,0,17,46.0,0,46,19,19,zero,91
llm_iterative,shock,2,130,1,17,40.0,0,40,18,18,zero,91
llm_iterative,shock,2,130,2,17,28.0,0,28,20,20,zero,91
llm_iterative,shock,2,131,0,15,46.0,0,46,19,19,zero,91
llm_iterative,shock,2,131,1,15,39.0,0,39,18,18,zero,91
llm_iterative,shock,2,131,2,15,26.0,0,26,20,20,zero,91
llm_iterative,shock,2,132,0,16,54.0,0,54,17,17,zero,91
llm_iterative,shock,2,132,1,16,36.0,0,36,18,18,zero,91
llm_iterative,shock,2,132,2,16,24.0,0,24,20,20,zero,91
llm_iterative,shock,2,133,0,17,70.0,0,70,17,17,zero,91
llm_iterative,shock,2,133,1,17,33.0,0,33,18,18,zero,91
llm_iterative,shock,2,133,2,17,22.0,0,22,20,20,zero,91
llm_iterative,shock,2,134,0,17,67.0,0,67,17,17,zero,91
llm_iterative,shock,2,134,1,17,50.0,0,50,18,18,zero,91
llm_iterative,shock,2,134,2,17,20.0,0,20,20,20,zero,91
llm_iterative,shock,2,135,0,15,62.0,0,62,17,17,zero,91
llm_iterative,shock,2,135,1,15,47.0,0,47,18,18,zero,91
llm_iterative,shock,2,135,2,15,18.0,0,18,20,20,zero,91
llm_iterative,shock,2,136,0,15,57.0,0,57,17,17,zero,91
llm_iterative,shock,2,136,1,15,44.0,0,44,18,18,zero,91
llm_iterative,shock,2,136,2,15,16.0,0,16,20,20,zero,91
llm_iterative,shock,2,137,0,14,51.0,0,51,17,17,zero,91
llm_iterative,shock,2,137,1,14,41.0,0,41,18,18,zero,91
llm_iterative,shock,2,137,2,14,14.0,0,14,20,20,zero,91
llm_iterative,shock,2,138,0,14,65.0,0,65,17,17,zero,91
llm_iterative,shock,2,138,1,14,38.0,0,38,18,18,zero,91
llm_iterative,shock,2,138,2,14,12.0,0,12,16,16,zero,91
llm_iterative,shock,2,139,0,14,59.0,0,59,17,17,zero,91
llm_iterative,shock,2,139,1,14,35.0,0,35,18,18,zero,91
llm_iterative,shock,2,139,2,14,10.0,0,10,20,20,zero,91
llm_iterative,shock,2,140,0,16,55.0,0,55,10,10,zero,91
llm_iterative,shock,2,140,1,16,25.0,0,25,18,18,zero,91
llm_iterative,shock,2,140,2,16,8.0,0,8,20,20,zero,91
llm_iterative,shock,2,141,0,17,52.0,0,52,10,15,llm_r1_0,91
llm_iterative,shock,2,141,1,17,20.0,0,20,18,18,llm_r1_0,91
llm_iterative,shock,2,141,2,17,6.0,0,6,20,20,llm_r1_0,91
llm_iterative,shock,2,142,0,17,49.0,0,49,10,15,llm_r1_0,91
llm_iterative,shock,2,142,1,17,15.0,0,15,18,18,llm_r1_0,91
llm_iterative,shock,2,142,2,17,8.0,0,8,20,20,llm_r1_0,91
llm_iterative,shock,2,143,0,18,47.0,0,47,10,13,llm_r1_0,91
llm_iterative,shock,2,143,1,18,8.0,0,8,18,18,llm_r1_0,91
llm_iterative,shock,2,143,2,18,6.0,0,6,16,16,llm_r1_0,91
llm_iterative,shock,2,144,0,20,47.0,0,47,19,19,llm_r1_0,91
llm_iterative,shock,2,144,1,20,7.0,0,7,18,18,llm_r1_0,91
llm_iterative,shock,2,144,2,20,4.0,0,4,16,16,llm_r1_0,91
llm_iterative,shock,2,145,0,20,47.0,0,47,19,19,llm_r1_0,91
llm_iterative,shock,2,145,1,20,6.0,0,6,18,18,llm_r1_0,91
llm_iterative,shock,2,145,2,20,2.0,0,2,20,20,llm_r1_0,91
llm_iterative,shock,2,146,0,19,46.0,0,46,19,19,zero,91
llm_iterative,shock,2,146,1,19,9.0,0,9,18,18,zero,91
llm_iterative,shock,2,146,2,19,-0.0,0,0,20,20,zero,91
llm_iterative,shock,2,147,0,17,43.0,0,43,19,19,zero,91
llm_iterative,shock,2,147,1,17,8.0,0,8,18,18,zero,91
llm_iterative,shock,2,147,2,17,2.0,0,2,16,16,zero,91
llm_iterative,shock,2,148,0,17,40.0,0,40,10,10,zero,91
llm_iterative,shock,2,148,1,17,2.0,2,0,18,18,zero,91
llm_iterative,shock,2,148,2,17,4.0,0,4,16,16,zero,91
llm_iterative,shock,2,149,0,16,36.0,0,36,19,19,zero,91
llm_iterative,shock,2,149,1,16,3.0,3,0,18,18,zero,91
llm_iterative,shock,2,149,2,16,2.0,0,2,20,20,zero,91
llm_iterative,shock,2,150,0,16,36.0,0,36,19,19,zero,91
llm_iterative,shock,2,150,1,16,4.0,4,0,18,18,zero,91
llm_iterative,shock,2,150,2,16,-0.0,0,0,20,20,zero,91
llm_iterative,shock,2,151,0,16,32.0,0,32,10,10,zero,91
llm_iterative,shock,2,151,1,16,10.0,10,0,18,18,zero,91
llm_iterative,shock,2,151,2,16,2.0,0,2,16,16,zero,91
llm_iterative,shock,2,152,0,14,28.0,0,28,19,19,zero,91
llm_iterative,shock,2,152,1,14,7.0,7,0,3,3,zero,91
llm_iterative,shock,2,152,2,14,11.0,11,0,16,16,zero,91
llm_iterative,shock,2,153,0,14,23.0,0,23,10,10,zero,91
llm_iterative,shock,2,153,1,14,17.0,17,0,18,18,zero,91
llm_iterative,shock,2,153,2,14,13.0,13,0,0,0,zero,91
llm_iterative,shock,2,154,0,14,18.0,0,18,19,19,zero,91
llm_iterative,shock,2,154,1,14,18.0,18,0,18,18,zero,91
llm_iterative,shock,2,154,2,14,15.0,15,0,16,16,zero,91
llm_iterative,shock,2,155,0,14,22.0,0,22,19,19,zero,91
llm_iterative,shock,2,155,1,14,15.0,15,0,18,18,zero,91
llm_iterative,shock,2,155,2,14,13.0,13,0,20,20,zero,91
llm_iterative,shock,2,156,0,15,18.0,0,18,10,13,llm_r1_0,91
llm_iterative,shock,2,156,1,15,7.0,7,0,18,18,llm_r1_0,91
llm_iterative,shock,2,156,2,15,11.0,11,0,20,20,llm_r1_0,91
llm_iterative,shock,2,157,0,15,23.0,0,23,19,19,llm_r1_0,91
llm_iterative,shock,2,157,1,15,6.0,6,0,15,15,llm_r1_0,91
llm_iterative,shock,2,157,2,15,4.0,0,4,20,20,llm_r1_0,91
llm_iterative,shock,2,158,0,13,17.0,0,17,10,13,llm_r1_0,91
llm_iterative,shock,2,158,1,13,11.0,11,0,18,18,llm_r1_0,91
llm_iterative,shock,2,158,2,13,6.0,0,6,3,3,llm_r1_0,91
llm_iterative,shock,2,159,0,12,10.0,0,10,10,10,llm_r1_0,91
llm_iterative,shock,2,159,1,12,19.0,19,0,15,15,llm_r1_0,91
llm_iterative,shock,2,159,2,12,1.0,0,1,20,20,llm_r1_0,91
llm_iterative,shock,2,160,0,12,9.0,0,9,10,10,llm_r1_0,91
llm_iterative,shock,2,160,1,12,27.0,27,0,3,3,llm_r1_0,91
llm_iterative,shock,2,160,2,12,16.0,16,0,20,20,llm_r1_0,91
llm_iterative,shock,2,161,0,10,-0.0,0,0,10,10,zero,91
llm_iterative,shock,2,161,1,10,28.0,28,0,3,3,zero,91
llm_iterative,shock,2,161,2,10,33.0,33,0,0,0,zero,91
llm_iterative,shock,2,162,0,11,2.0,2,0,10,10,zero,91
llm_iterative,shock,2,162,1,11,34.0,34,0,12,12,zero,91
llm_iterative,shock,2,162,2,11,24.0,24,0,0,0,zero,91
llm_iterative,shock,2,163,0,10,2.0,2,0,19,19,zero,91
llm_iterative,shock,2,163,1,10,35.0,35,0,3,3,zero,91
llm_iterative,shock,2,163,2,10,41.0,41,0,0,0,zero,91
llm_iterative,shock,2,164,0,12,-0.0,0,0,10,10,zero,91
llm_iterative,shock,2,164,1,12,29.0,29,0,15,15,zero,91
llm_iterative,shock,2,164,2,12,46.0,46,0,0,0,zero,91
llm_iterative,shock,2,165,0,12,2.0,0,2,10,10,zero,91
llm_iterative,shock,2,165,1,12,22.0,22,0,15,15,zero,91
llm_iterative,shock,2,165,2,12,31.0,31,0,16,16,zero,91
llm_iterative,shock,2,166,0,13,5.0,0,5,10,10,zero,91
llm_iterative,shock,2,166,1,13,24.0,24,0,3,3,zero,91
llm_iterative,shock,2,166,2,13,28.0,28,0,20,20,zero,91
llm_iterative,shock,2,167,0,13,1.0,1,0,10,10,zero,91
llm_iterative,shock,2,167,1,13,17.0,17,0,15,15,zero,91
llm_iterative,shock,2,167,2,13,13.0,13,0,0,0,zero,91
llm_iterative,shock,2,168,0,11,-0.0,0,0,19,19,zero,91
llm_iterative,shock,2,168,1,11,13.0,13,0,3,3,zero,91
llm_iterative,shock,2,168,2,11,10.0,10,0,3,3,zero,91
llm_iterative,shock,2,169,0,11,1.0,0,1,10,10,zero,91
llm_iterative,shock,2,169,1,11,18.0,18,0,15,15,zero,91
llm_iterative,shock,2,169,2,11,11.0,11,0,0,0,zero,91
llm_iterative,shock,2,170,0,11,2.0,0,2,10,10,zero,91
llm_iterative,shock,2,170,1,11,11.0,11,0,3,3,zero,91
llm_iterative,shock,2,170,2,11,28.0,28,0,20,20,zero,91
llm_iterative,shock,2,171,0,11,3.0,0,3,6,6,zero,91
llm_iterative,shock,2,171,1,11,20.0,20,0,15,15,zero,91
llm_iterative,shock,2,171,2,11,13.0,13,0,0,0,zero,91
llm_iterative,shock,2,172,0,12,4.0,4,0,10,10,zero,91
llm_iterative,shock,2,172,1,12,13.0,13,0,1,1,zero,91
llm_iterative,shock,2,172,2,12,15.0,15,0,20,20,zero,91
llm_iterative,shock,2,173,0,13,1.0,1,0,19,19,zero,91
llm_iterative,shock,2,173,1,13,9.0,9,0,5,5,zero,91
llm_iterative,shock,2,173,2,13,10.0,10,0,0,0,zero,91
llm_iterative,shock,2,174,0,12,1.0,0,1,9,9,zero,91
llm_iterative,shock,2,174,1,12,3.0,3,0,15,15,zero,91
llm_iterative,shock,2,174,2,12,15.0,15,0,0,0,zero,91
llm_iterative,shock,2,175,0,15,10.0,0,10,19,19,zero,91
llm_iterative,shock,2,175,1,15,1.0,0,1,15,15,zero,91
llm_iterative,shock,2,175,2,15,-0.0,0,0,20,20,zero,91
llm_iterative,shock,2,176,0,14,14.0,0,14,10,10,zero,91
llm_iterative,shock,2,176,1,14,10.0,0,10,15,15,zero,91
llm_iterative,shock,2,176,2,14,5.0,5,0,20,20,zero,91
llm_iterative,shock,2,177,0,15,10.0,0,10,19,19,zero,91
llm_iterative,shock,2,177,1,15,24.0,0,24,15,15,zero,91
llm_iterative,shock,2,177,2,15,10.0,0,10,20,20,zero,91
llm_iterative,shock,2,178,0,15,16.0,0,16,19,19,zero,91
llm_iterative,shock,2,178,1,15,28.0,0,28,18,18,zero,91
llm_iterative,shock,2,178,2,15,28.0,0,28,20,20,zero,91
llm_iterative,shock,2,179,0,16,14.0,0,14,10,10,zero,91
llm_iterative,shock,2,179,1,16,23.0,0,23,18,18,zero,91
llm_iterative,shock,2,179,2,16,26.0,0,26,20,20,zero,91
llm_iterative,shock,2,180,0,15,28.0,0,28,19,19,zero,91
llm_iterative,shock,2,180,1,15,27.0,0,27,18,18,zero,91
llm_iterative,shock,2,180,2,15,24.0,0,24,20,20,zero,91
llm_iterative,shock,2,181,0,14,37.0,0,37,19,19,zero,91
llm_iterative,shock,2,181,1,14,41.0,0,41,18,18,zero,91
llm_iterative,shock,2,181,2,14,22.0,0,22,20,20,zero,91
llm_iterative,shock,2,182,0,16,38.0,0,38,19,19,zero,91
llm_iterative,shock,2,182,1,16,60.0,0,60,18,18,zero,91
llm_iterative,shock,2,182,2,16,20.0,0,20,16,16,zero,91
llm_iterative,shock,2,183,0,14,37.0,0,37,19,19,zero,91
llm_iterative,shock,2,183,1,14,59.0,0,59,18,18,zero,91
llm_iterative,shock,2,183,2,14,18.0,0,18,20,20,zero,91
llm_iterative,shock,2,184,0,14,36.0,0,36,10,10,zero,91
llm_iterative,shock,2,184,1,14,49.0,0,49,18,18,zero,91
llm_iterative,shock,2,184,2,14,16.0,0,16,20,20,zero,91
llm_iterative,shock,2,185,0,16,47.0,0,47,19,19,zero,91
llm_iterative,shock,2,185,1,16,48.0,0,48,3,3,zero,91
llm_iterative,shock,2,185,2,16,1.0,1,0,20,20,zero,91
llm_iterative,shock,2,186,0,17,64.0,0,64,17,17,llm_r1_0,91
llm_iterative,shock,2,186,1,17,45.0,0,45,18,18,llm_r1_0,91
llm_iterative,shock,2,186,2,17,1.0,0,1,16,16,llm_r1_0,91
llm_iterative,shock,2,187,0,17,61.0,0,61,17,17,llm_r1_0,91
llm_iterative,shock,2,187,1,17,42.0,0,42,18,18,llm_r1_0,91
llm_iterative,shock,2,187,2,17,1.0,1,0,1,1,llm_r1_0,91
llm_iterative,shock,2,188,0,18,59.0,0,59,17,17,llm_r1_0,91
llm_iterative,shock,2,188,1,18,39.0,0,39,18,18,llm_r1_0,91
llm_iterative,shock,2,188,2,18,3.0,3,0,20,20,llm_r1_0,91
llm_iterative,shock,2,189,0,18,57.0,0,57,17,17,llm_r1_0,91
llm_iterative,shock,2,189,1,18,37.0,0,37,18,18,llm_r1_0,91
llm_iterative,shock,2,189,2,18,5.0,5,0,20,20,llm_r1_0,91
llm_iterative,shock,2,190,0,17,54.0,0,54,19,19,llm_r1_0,91
llm_iterative,shock,2,190,1,17,39.0,0,39,18,18,llm_r1_0,91
llm_iterative,shock,2,190,2,17,3.0,3,0,20,20,llm_r1_0,91
llm_iterative,shock,2,191,0,16,50.0,0,50,19,19,zero,91
llm_iterative,shock,2,191,1,16,39.0,0,39,18,18,zero,91
llm_iterative,shock,2,191,2,16,14.0,0,14,20,20,zero,91
llm_iterative,shock,2,192,0,18,48.0,0,48,10,10,zero,91
llm_iterative,shock,2,192,1,18,31.0,0,31,18,18,zero,91
llm_iterative,shock,2,192,2,18,12.0,0,12,20,20,zero,91
llm_iterative,shock,2,193,0,18,47.0,0,47,19,19,zero,91
llm_iterative,shock,2,193,1,18,32.0,0,32,18,18,zero,91
llm_iterative,shock,2,193,2,18,10.0,0,10,16,16,zero,91
llm_iterative,shock,2,194,0,20,50.0,0,50,19,19,zero,91
llm_iterative,shock,2,194,1,20,33.0,0,33,18,18,zero,91
llm_iterative,shock,2,194,2,20,8.0,0,8,20,20,zero,91
llm_iterative,shock,2,195,0,20,51.0,0,51,19,19,zero,91
llm_iterative,shock,2,195,1,20,48.0,0,48,18,18,zero,91
llm_iterative,shock,2,195,2,20,6.0,0,6,20,20,zero,91
llm_iterative,shock,2,196,0,20,53.0,0,53,19,19,zero,91
llm_iterative,shock,2,196,1,20,47.0,0,47,18,18,zero,91
llm_iterative,shock,2,196,2,20,4.0,0,4,20,20,zero,91
llm_iterative,shock,2,197,0,20,55.0,0,55,19,19,zero,91
llm_iterative,shock,2,197,1,20,46.0,0,46,18,18,zero,91
llm_iterative,shock,2,197,2,20,6.0,0,6,16,16,zero,91
llm_iterative,shock,2,198,0,19,56.0,0,56,19,19,zero,91
llm_iterative,shock,2,198,1,19,45.0,0,45,18,18,zero,91
llm_iterative,shock,2,198,2,19,4.0,0,4,16,16,zero,91
llm_iterative,shock,2,199,0,20,72.0,0,72,17,17,zero,91
llm_iterative,shock,2,199,1,20,42.0,0,42,18,18,zero,91
llm_iterative,shock,2,199,2,20,2.0,0,2,20,20,zero,91
llm_iterative,shock,2,200,0,20,72.0,0,72,17,17,zero,91
llm_iterative,shock,2,200,1,20,39.0,0,39,18,18,zero,91
llm_iterative,shock,2,200,2,20,-0.0,0,0,20,20,zero,91
llm_iterative,shock,3,1,0,10,10.0,10,0,10,10,zero,
llm_iterative,shock,3,1,1,10,10.0,10,0,15,15,zero,
llm_iterative,shock,3,1,2,10,5.0,5,0,0,0,zero,
llm_iterative,shock,3,2,0,9,11.0,11,0,10,10,zero,
llm_iterative,shock,3,2,1,9,10.0,10,0,1,1,zero,
llm_iterative,shock,3,2,2,9,14.0,14,0,20,20,zero,
llm_iterative,shock,3,3,0,8,13.0,13,0,6,6,zero,
llm_iterative,shock,3,3,1,8,14.0,14,0,15,15,zero,
llm_iterative,shock,3,3,2,8,9.0,9,0,3,3,zero,
llm_iterative,shock,3,4,0,8,15.0,15,0,6,6,zero,
llm_iterative,shock,3,4,1,8,18.0,18,0,1,1,zero,
llm_iterative,shock,3,4,2,8,18.0,18,0,20,20,zero,
llm_iterative,shock,3,5,0,8,17.0,17,0,6,6,zero,
llm_iterative,shock,3,5,1,8,27.0,27,0,1,1,zero,
llm_iterative,shock,3,5,2,8,17.0,17,0,0,0,zero,
llm_iterative,shock,3,6,0,9,18.0,18,0,6,6,zero,
llm_iterative,shock,3,6,1,9,22.0,22,0,1,1,zero,
llm_iterative,shock,3,6,2,9,36.0,36,0,0,0,zero,
llm_iterative,shock,3,7,0,8,16.0,16,0,9,9,zero,
llm_iterative,shock,3,7,1,8,28.0,28,0,1,1,zero,
llm_iterative,shock,3,7,2,8,38.0,38,0,0,0,zero,
llm_iterative,shock,3,8,0,9,13.0,13,0,9,9,zero,
llm_iterative,shock,3,8,1,9,20.0,20,0,15,15,zero,
llm_iterative,shock,3,8,2,9,43.0,43,0,0,0,zero,
llm_iterative,shock,3,9,0,10,9.0,9,0,9,9,zero,
llm_iterative,shock,3,9,1,10,12.0,12,0,15,15,zero,
llm_iterative,shock,3,9,2,10,28.0,28,0,1,1,zero,
llm_iterative,shock,3,10,0,10,5.0,5,0,9,9,zero,
llm_iterative,shock,3,10,1,10,4.0,4,0,11,11,zero,
llm_iterative,shock,3,10,2,10,17.0,17,0,20,20,zero,
llm_iterative,shock,3,11,0,11,3.0,3,0,9,9,zero,
llm_iterative,shock,3,11,1,11,4.0,0,4,1,1,zero,
llm_iterative,shock,3,11,2,11,16.0,16,0,20,20,zero,
llm_iterative,shock,3,12,0,10,2.0,2,0,19,19,zero,
llm_iterative,shock,3,12,1,10,8.0,0,8,15,15,zero,
llm_iterative,shock,3,12,2,10,1.0,1,0,0,0,zero,
llm_iterative,shock,3,13,0,10,1.0,1,0,9,9,zero,
llm_iterative,shock,3,13,1,10,2.0,0,2,15,15,zero,
llm_iterative,shock,3,13,2,10,13.0,0,13,0,0,zero,
llm_iterative,shock,3,14,0,9,1.0,1,0,4,4,zero,
llm_iterative,shock,3,14,1,9,5.0,5,0,15,15,zero,
llm_iterative,shock,3,14,2,9,8.0,0,8,20,20,zero,
llm_iterative,shock,3,15,0,9,3.0,0,3,6,6,zero,
llm_iterative,shock,3,15,1,9,-0.0,0,0,3,3,zero,
llm_iterative,shock,3,15,2,9,9.0,9,0,20,20,zero,
llm_iterative,shock,3,16,0,10,2.0,2,0,6,6,zero,
llm_iterative,shock,3,16,1,10,9.0,9,0,3,3,zero,
llm_iterative,shock,3,16,2,10,6.0,6,0,0,0,zero,
llm_iterative,shock,3,17,0,10,7.0,7,0,10,10,zero,
llm_iterative,shock,3,17,1,10,1.0,1,0,0,0,zero,
llm_iterative,shock,3,17,2,10,6.0,6,0,0,0,zero,
llm_iterative,shock,3,18,0,9,4.0,4,0,19,19,zero,
llm_iterative,shock,3,18,1,9,2.0,2,0,12,12,zero,
llm_iterative,shock,3,18,2,9,14.0,14,0,0,0,zero,
llm_iterative,shock,3,19,0,7,3.0,3,0,9,9,zero,
llm_iterative,shock,3,19,1,7,4.0,4,0,15,15,zero,
llm_iterative,shock,3,19,2,7,19.0,19,0,0,0,zero,
llm_iterative,shock,3,20,0,9,-0.0,0,0,2,2,zero,
llm_iterative,shock,3,20,1,9,5.0,5,0,15,15,zero,
llm_iterative,shock,3,20,2,9,4.0,4,0,20,20,zero,
llm_iterative,shock,3,21,0,9,1.0,1,0,6,6,zero,
llm_iterative,shock,3,21,1,9,1.0,0,1,0,0,zero,
llm_iterative,shock,3,21,2,9,4.0,4,0,20,20,zero,
llm_iterative,shock,3,22,0,9,11.0,11,0,10,10,zero,
llm_iterative,shock,3,22,1,9,1.0,1,0,5,5,zero,
llm_iterative,shock,3,22,2,9,1.0,0,1,0,0,zero,
llm_iterative,shock,3,23,0,8,12.0,12,0,9,9,zero,
llm_iterative,shock,3,23,1,8,7.0,7,0,18,18,zero,
llm_iterative,shock,3,23,2,8,19.0,0,19,0,0,zero,
llm_iterative,shock,3,24,0,8,6.0,6,0,9,9,zero,
llm_iterative,shock,3,24,1,8,13.0,13,0,15,15,zero,
llm_iterative,shock,3,24,2,8,14.0,0,14,5,5,zero,
llm_iterative,shock,3,25,0,9,2.0,2,0,6,6,zero,
llm_iterative,shock,3,25,1,9,7.0,7,0,3,3,zero,
llm_iterative,shock,3,25,2,9,3.0,3,0,20,20,zero,
llm_iterative,shock,3,26,0,8,5.0,5,0,10,10,zero,
llm_iterative,shock,3,26,1,8,1.0,1,0,1,1,zero,
llm_iterative,shock,3,26,2,8,2.0,2,0,20,20,zero,
llm_iterative,shock,3,27,0,8,6.0,6,0,6,6,zero,
llm_iterative,shock,3,27,1,8,5.0,0,5,5,5,zero,
llm_iterative,shock,3,27,2,8,3.0,0,3,0,0,zero,
llm_iterative,shock,3,28,0,9,6.0,6,0,10,10,zero,
llm_iterative,shock,3,28,1,9,5.0,5,0,15,15,zero,
llm_iterative,shock,3,28,2,9,13.0,0,13,0,0,zero,
llm_iterative,shock,3,29,0,8,4.0,4,0,6,6,zero,
llm_iterative,shock,3,29,1,8,16.0,16,0,15,15,zero,
llm_iterative,shock,3,29,2,8,8.0,0,8,0,0,zero,
llm_iterative,shock,3,30,0,10,4.0,4,0,9,9,zero,
llm_iterative,shock,3,30,1,10,8.0,8,0,3,3,zero,
llm_iterative,shock,3,30,2,10,9.0,9,0,20,20,zero,
llm_iterative,shock,3,31,0,10,5.0,0,5,6,6,zero,
llm_iterative,shock,3,31,1,10,4.0,4,0,3,3,zero,
llm_iterative,shock,3,31,2,10,6.0,6,0,20,20,zero,
llm_iterative,shock,3,32,0,9,1.0,1,0,10,10,zero,
llm_iterative,shock,3,32,1,9,1.0,0,1,1,1,zero,
llm_iterative,shock,3,32,2,9,5.0,5,0,0,0,zero,
llm_iterative,shock,3,33,0,7,-0.0,0,0,10,10,zero,
llm_iterative,shock,3,33,1,7,9.0,9,0,15,15,zero,
llm_iterative,shock,3,33,2,7,10.0,0,10,0,0,zero,
llm_iterative,shock,3,34,0,7,2.0,2,0,6,6,zero,
llm_iterative,shock,3,34,1,7,14.0,14,0,15,15,zero,
llm_iterative,shock,3,34,2,7,5.0,0,5,0,0,zero,
llm_iterative,shock,3,35,0,7,1.0,1,0,6,6,zero,
llm_iterative,shock,3,35,1,7,11.0,11,0,3,3,zero,
llm_iterative,shock,3,35,2,7,12.0,12,0,20,20,zero,
llm_iterative,shock,3,36,0,7,3.0,3,0,6,6,zero,
llm_iterative,shock,3,36,1,7,6.0,6,0,1,1,zero,
llm_iterative,shock,3,36,2,7,11.0,11,0,20,20,zero,
llm_iterative,shock,3,37,0,7,7.0,7,0,6,6,zero,
llm_iterative,shock,3,37,1,7,5.0,5,0,1,1,zero,
llm_iterative,shock,3,37,2,7,10.0,10,0,0,0,zero,
llm_iterative,shock,3,38,0,6,7.0,7,0,10,10,zero,
llm_iterative,shock,3,38,1,6,15.0,15,0,1,1,zero,
llm_iterative,shock,3,38,2,6,9.0,9,0,0,0,zero,
llm_iterative,shock,3,39,0,6,7.0,7,0,6,6,zero,
llm_iterative,shock,3,39,1,6,17.0,17,0,15,15,zero,
llm_iterative,shock,3,39,2,6,14.0,14,0,0,0,zero,
llm_iterative,shock,3,40,0,6,7.0,7,0,2,2,zero,
llm_iterative,shock,3,40,1,6,16.0,16,0,3,3,zero,
llm_iterative,shock,3,40,2,6,31.0,31,0,0,0,zero,
llm_iterative,shock,3,41,0,7,6.0,6,0,6,6,zero,
llm_iterative,shock,3,41,1,7,11.0,11,0,1,1,zero,
llm_iterative,shock,3,41,2,7,30.0,30,0,0,0,zero,
llm_iterative,shock,3,42,0,7,9.0,9,0,10,10,zero,
llm_iterative,shock,3,42,1,7,2.0,2,0,1,1,zero,
llm_iterative,shock,3,42,2,7,29.0,29,0,0,0,zero,
llm_iterative,shock,3,43,0,7,8.0,8,0,6,6,zero,
llm_iterative,shock,3,43,1,7,11.0,11,0,15,15,zero,
llm_iterative,shock,3,43,2,7,14.0,14,0,0,0,zero,
llm_iterative,shock,3,44,0,7,3.0,3,0,10,10,zero,
llm_iterative,shock,3,44,1,7,4.0,4,0,1,1,zero,
llm_iterative,shock,3,44,2,7,13.0,13,0,1,1,zero,
llm_iterative,shock,3,45,0,7,2.0,2,0,6,6,zero,
llm_iterative,shock,3,45,1,7,1.0,0,1,15,15,zero,
llm_iterative,shock,3,45,2,7,2.0,0,2,1,1,zero,
llm_iterative,shock,3,46,0,6,6.0,6,0,6,6,zero,
llm_iterative,shock,3,46,1,6,6.0,0,6,3,3,zero,
llm_iterative,shock,3,46,2,6,5.0,0,5,20,20,zero,
llm_iterative,shock,3,47,0,6,6.0,6,0,6,6,zero,
llm_iterative,shock,3,47,1,6,3.0,3,0,15,15,zero,
llm_iterative,shock,3,47,2,6,20.0,0,20,20,20,zero,
llm_iterative,shock,3,48,0,6,10.0,10,0,2,2,zero,
llm_iterative,shock,3,48,1,6,2.0,2,0,15,15,zero,
llm_iterative,shock,3,48,2,6,34.0,0,34,20,20,zero,
llm_iterative,shock,3,49,0,6,9.0,9,0,10,10,zero,
llm_iterative,shock,3,49,1,6,5.0,5,0,3,3,zero,
llm_iterative,shock,3,49,2,6,36.0,0,36,20,20,zero,
llm_iterative,shock,3,50,0,6,4.0,4,0,6,6,zero,
llm_iterative,shock,3,50,1,6,1.0,0,1,15,15,zero,
llm_iterative,shock,3,50,2,6,31.0,0,31,0,0,zero,
llm_iterative,shock,3,51,0,6,10.0,10,0,2,2,zero,
llm_iterative,shock,3,51,1,6,3.0,0,3,3,3,zero,
llm_iterative,shock,3,51,2,6,14.0,0,14,20,20,zero,
llm_iterative,shock,3,52,0,6,6.0,6,0,6,6,zero,
llm_iterative,shock,3,52,1,6,8.0,0,8,0,0,zero,
llm_iterative,shock,3,52,2,6,6.0,6,0,16,16,zero,
llm_iterative,shock,3,53,0,6,10.0,10,0,10,10,zero,
llm_iterative,shock,3,53,1,6,17.0,0,17,0,0,zero,
llm_iterative,shock,3,53,2,6,26.0,26,0,0,0,zero,
llm_iterative,shock,3,54,0,8,7.0,7,0,19,19,zero,
llm_iterative,shock,3,54,1,8,16.0,0,16,0,0,zero,
llm_iterative,shock,3,54,2,8,26.0,26,0,0,0,zero,
llm_iterative,shock,3,55,0,8,1.0,0,1,9,9,zero,
llm_iterative,shock,3,55,1,8,5.0,0,5,18,18,zero,
llm_iterative,shock,3,55,2,8,28.0,28,0,0,0,zero,
llm_iterative,shock,3,56,0,8,8.0,0,8,2,2,zero,
llm_iterative,shock,3,56,1,8,7.0,7,0,18,18,zero,
llm_iterative,shock,3,56,2,8,26.0,26,0,0,0,zero,
llm_iterative,shock,3,57,0,7,14.0,0,14,2,2,zero,
llm_iterative,shock,3,57,1,7,5.0,5,0,0,0,zero,
llm_iterative,shock,3,57,2,7,26.0,26,0,20,20,zero,
llm_iterative,shock,3,58,0,7,1.0,0,1,6,6,zero,
llm_iterative,shock,3,58,1,7,1.0,0,1,0,0,zero,
llm_iterative,shock,3,58,2,7,26.0,26,0,0,0,zero,
llm_iterative,shock,3,59,0,7,12.0,12,0,6,6,zero,
llm_iterative,shock,3,59,1,7,11.0,11,0,12,12,zero,
llm_iterative,shock,3,59,2,7,14.0,14,0,0,0,zero,
llm_iterative,shock,3,60,0,8,11.0,11,0,9,9,zero,
llm_iterative,shock,3,60,1,8,20.0,20,0,12,12,zero,
llm_iterative,shock,3,60,2,8,2.0,2,0,0,0,zero,
llm_iterative,shock,3,61,0,7,6.0,6,0,9,9,zero,
llm_iterative,shock,3,61,1,7,11.0,11,0,12,12,zero,
llm_iterative,shock,3,61,2,7,10.0,10,0,20,20,zero,
llm_iterative,shock,3,62,0,7,4.0,4,0,4,4,zero,
llm_iterative,shock,3,62,1,7,7.0,7,0,3,3,zero,
llm_iterative,shock,3,62,2,7,7.0,7,0,20,20,zero,
llm_iterative,shock,3,63,0,8,3.0,3,0,6,6,zero,
llm_iterative,shock,3,63,1,8,13.0,13,0,1,1,zero,
llm_iterative,shock,3,63,2,8,6.0,6,0,0,0,zero,
llm_iterative,shock,3,64,0,9,3.0,3,0,10,10,zero,
llm_iterative,shock,3,64,1,9,15.0,15,0,1,1,zero,
llm_iterative,shock,3,64,2,9,5.0,5,0,0,0,zero,
llm_iterative,shock,3,65,0,9,3.0,3,0,9,9,zero,
llm_iterative,shock,3,65,1,9,18.0,18,0,15,15,zero,
llm_iterative,shock,3,65,2,9,10.0,10,0,0,0,zero,
llm_iterative,shock,3,66,0,8,1.0,0,1,19,19,zero,
llm_iterative,shock,3,66,1,8,2.0,2,0,15,15,zero,
llm_iterative,shock,3,66,2,8,15.0,15,0,0,0,zero,
llm_iterative,shock,3,67,0,8,3.0,0,3,6,6,zero,
llm_iterative,shock,3,67,1,8,3.0,0,3,15,15,zero,
llm_iterative,shock,3,67,2,8,-0.0,0,0,20,20,zero,
llm_iterative,shock,3,68,0,8,1.0,0,1,6,6,zero,
llm_iterative,shock,3,68,1,8,8.0,0,8,3,3,zero,
llm_iterative,shock,3,68,2,8,3.0,0,3,20,20,zero,
llm_iterative,shock,3,69,0,6,2.0,2,0,6,6,zero,
llm_iterative,shock,3,69,1,6,1.0,1,0,5,5,zero,
llm_iterative,shock,3,69,2,6,8.0,0,8,0,0,zero,
llm_iterative,shock,3,70,0,6,15.0,15,0,2,2,zero,
llm_iterative,shock,3,70,1,6,14.0,14,0,15,15,zero,
llm_iterative,shock,3,70,2,6,23.0,0,23,0,0,zero,
llm_iterative,shock,3,71,0,5,13.0,13,0,10,10,zero,
llm_iterative,shock,3,71,1,5,19.0,19,0,3,3,zero,
llm_iterative,shock,3,71,2,5,6.0,0,6,20,20,zero,
llm_iterative,shock,3,72,0,5,9.0,9,0,6,6,zero,
llm_iterative,shock,3,72,1,5,13.0,13,0,3,3,zero,
llm_iterative,shock,3,72,2,5,11.0,11,0,0,0,zero,
llm_iterative,shock,3,73,0,5,18.0,18,0,0,0,zero,
llm_iterative,shock,3,73,1,5,13.0,13,0,3,3,zero,
llm_iterative,shock,3,73,2,5,8.0,8,0,0,0,zero,
llm_iterative,shock,3,74,0,5,15.0,15,0,0,0,zero,
llm_iterative,shock,3,74,1,5,13.0,13,0,0,0,zero,
llm_iterative,shock,3,74,2,5,8.0,8,0,0,0,zero,
llm_iterative,shock,3,75,0,7,18.0,18,0,2,2,zero,
llm_iterative,shock,3,75,1,7,31.0,31,0,0,0,zero,
llm_iterative,shock,3,75,2,7,28.0,28,0,0,0,zero,
llm_iterative,shock,3,76,0,6,18.0,18,0,9,9,zero,
llm_iterative,shock,3,76,1,6,31.0,31,0,0,0,zero,
llm_iterative,shock,3,76,2,6,28.0,28,0,0,0,zero,
llm_iterative,shock,3,77,0,6,12.0,12,0,3,3,zero,
llm_iterative,shock,3,77,1,6,31.0,31,0,1,1,zero,
llm_iterative,shock,3,77,2,6,27.0,27,0,0,0,zero,
llm_iterative,shock,3,78,0,6,6.0,6,0,9,9,zero,
llm_iterative,shock,3,78,1,6,22.0,22,0,1,1,zero,
llm_iterative,shock,3,78,2,6,26.0,26,0,0,0,zero,
llm_iterative,shock,3,79,0,5,3.0,3,0,3,3,zero,
llm_iterative,shock,3,79,1,5,19.0,19,0,15,15,zero,
llm_iterative,shock,3,79,2,5,11.0,11,0,0,0,zero,
llm_iterative,shock,3,80,0,5,7.0,7,0,2,2,zero,
llm_iterative,shock,3,80,1,5,17.0,17,0,1,1,zero,
llm_iterative,shock,3,80,2,5,10.0,10,0,1,1,zero,
llm_iterative,shock,3,81,0,4,6.0,6,0,2,2,zero,
llm_iterative,shock,3,81,1,4,16.0,16,0,1,1,zero,
llm_iterative,shock,3,81,2,4,9.0,9,0,20,20,zero,
llm_iterative,shock,3,82,0,4,11.0,11,0,6,6,zero,
llm_iterative,shock,3,82,1,4,11.0,11,0,0,0,zero,
llm_iterative,shock,3,82,2,4,9.0,9,0,0,0,zero,
llm_iterative,shock,3,83,0,4,10.0,10,0,2,2,zero,
llm_iterative,shock,3,83,1,4,24.0,24,0,1,1,zero,
llm_iterative,shock,3,83,2,4,8.0,8,0,0,0,zero,
llm_iterative,shock,3,84,0,6,6.0,6,0,2,2,zero,
llm_iterative,shock,3,84,1,6,23.0,23,0,1,1,zero,
llm_iterative,shock,3,84,2,6,8.0,8,0,0,0,zero,
llm_iterative,shock,3,85,0,5,3.0,3,0,10,10,zero,
llm_iterative,shock,3,85,1,5,14.0,14,0,1,1,zero,
llm_iterative,shock,3,85,2,5,27.0,27,0,0,0,zero,
llm_iterative,shock,3,86,0,5,4.0,4,0,6,6,zero,86
llm_iterative,shock,3,86,1,5,8.0,8,0,15,15,zero,86
llm_iterative,shock,3,86,2,5,12.0,12,0,0,0,zero,86
llm_iterative,shock,3,87,0,5,1.0,1,0,6,6,zero,86
llm_iterative,shock,3,87,1,5,3.0,3,0,1,1,zero,86
llm_iterative,shock,3,87,2,5,11.0,11,0,1,1,zero,86
llm_iterative,shock,3,88,0,5,2.0,0,2,0,0,zero,86
llm_iterative,shock,3,88,1,5,4.0,4,0,15,15,zero,86
llm_iterative,shock,3,88,2,5,4.0,0,4,20,20,zero,86
llm_iterative,shock,3,89,0,5,3.0,3,0,6,6,zero,86
llm_iterative,shock,3,89,1,5,1.0,0,1,1,1,zero,86
llm_iterative,shock,3,89,2,5,5.0,0,5,20,20,zero,86
llm_iterative,shock,3,90,0,3,6.0,6,0,6,6,zero,86
llm_iterative,shock,3,90,1,3,8.0,8,0,15,15,zero,86
llm_iterative,shock,3,90,2,3,20.0,0,20,0,0,zero,86
llm_iterative,shock,3,91,0,5,7.0,7,0,2,2,zero,86
llm_iterative,shock,3,91,1,5,7.0,7,0,15,15,zero,86
llm_iterative,shock,3,91,2,5,34.0,0,34,20,20,zero,86
llm_iterative,shock,3,92,0,3,4.0,4,0,6,6,zero,86
llm_iterative,shock,3,92,1,3,12.0,12,0,1,1,zero,86
llm_iterative,shock,3,92,2,3,15.0,0,15,20,20,zero,86
llm_iterative,shock,3,93,0,5,4.0,4,0,2,2,zero,86
llm_iterative,shock,3,93,1,5,10.0,10,0,0,0,zero,86
llm_iterative,shock,3,93,2,5,5.0,5,0,0,0,zero,86
llm_iterative,shock,3,94,0,5,6.0,6,0,6,6,zero,86
llm_iterative,shock,3,94,1,5,4.0,4,0,0,0,zero,86
llm_iterative,shock,3,94,2,5,5.0,5,0,0,0,zero,86
llm_iterative,shock,3,95,0,5,3.0,3,0,6,6,zero,86
llm_iterative,shock,3,95,1,5,1.0,0,1,0,0,zero,86
llm_iterative,shock,3,95,2,5,25.0,25,0,0,0,zero,86
llm_iterative,shock,3,96,0,5,4.0,4,0,6,6,zero,86
llm_iterative,shock,3,96,1,5,13.0,13,0,1,1,zero,86
llm_iterative,shock,3,96,2,5,44.0,44,0,0,0,zero,86
llm_iterative,shock,3,97,0,3,3.0,3,0,2,2,zero,86
llm_iterative,shock,3,97,1,3,26.0,26,0,12,12,zero,86
llm_iterative,shock,3,97,2,3,32.0,32,0,0,0,zero,86
llm_iterative,shock,3,98,0,3,6.0,6,0,0,0,zero,86
llm_iterative,shock,3,98,1,3,26.0,26,0,0,0,zero,86
llm_iterative,shock,3,98,2,3,32.0,32,0,1,1,zero,86
llm_iterative,shock,3,99,0,3,8.0,8,0,0,0,zero,86
llm_iterative,shock,3,99,1,3,26.0,26,0,0,0,zero,86
llm_iterative,shock,3,99,2,3,32.0,32,0,0,0,zero,86
llm_iterative,shock,3,100,0,5,10.0,10,0,2,2,zero,86
llm_iterative,shock,3,100,1,5,25.0,25,0,0,0,zero,86
llm_iterative,shock,3,100,2,5,32.0,32,0,0,0,zero,86
llm_iterative,shock,3,101,0,5,7.0,7,0,9,9,zero,86
llm_iterative,shock,3,101,1,5,28.0,28,0,0,0,zero,86
llm_iterative,shock,3,101,2,5,32.0,32,0,0,0,zero,86
llm_iterative,shock,3,102,0,3,4.0,4,0,2,2,zero,86
llm_iterative,shock,3,102,1,3,26.0,26,0,1,1,zero,86
llm_iterative,shock,3,102,2,3,32.0,32,0,0,0,zero,86
llm_iterative,shock,3,103,0,3,1.0,1,0,2,2,zero,86
llm_iterative,shock,3,103,1,3,24.0,24,0,1,1,zero,86
llm_iterative,shock,3,103,2,3,31.0,31,0,0,0,zero,86
llm_iterative,shock,3,104,0,3,-0.0,0,0,2,2,zero,86
llm_iterative,shock,3,104,1,3,22.0,22,0,1,1,zero,86
llm_iterative,shock,3,104,2,3,30.0,30,0,0,0,zero,86
llm_iterative,shock,3,105,0,3,6.0,6,0,6,6,zero,86
llm_iterative,shock,3,105,1,3,16.0,16,0,1,1,zero,86
llm_iterative,shock,3,105,2,3,29.0,29,0,0,0,zero,86
llm_iterative,shock,3,106,0,3,5.0,5,0,0,1,llm_r1_0,86
llm_iterative,shock,3,106,1,3,16.0,16,0,15,15,llm_r1_0,86
llm_iterative,shock,3,106,2,3,14.0,14,0,0,0,llm_r1_0,86
llm_iterative,shock,3,107,0,3,4.0,4,0,6,7,llm_r1_0,86
llm_iterative,shock,3,107,1,3,10.0,10,0,1,1,llm_r1_0,86
llm_iterative,shock,3,107,2,3,13.0,13,0,1,1,llm_r1_0,86
llm_iterative,shock,3,108,0,3,3.0,3,0,0,1,llm_r1_0,86
llm_iterative,shock,3,108,1,3,10.0,10,0,1,1,llm_r1_0,86
llm_iterative,shock,3,108,2,3,12.0,12,0,1,1,llm_r1_0,86
llm_iterative,shock,3,109,0,2,7.0,7,0,0,1,llm_r1_0,86
llm_iterative,shock,3,109,1,2,10.0,10,0,1,1,llm_r1_0,86
llm_iterative,shock,3,109,2,2,11.0,11,0,0,0,llm_r1_0,86
llm_iterative,shock,3,110,0,2,6.0,6,0,0,1,llm_r1_0,86
llm_iterative,shock,3,110,1,2,24.0,24,0,0,0,llm_r1_0,86
llm_iterative,shock,3,110,2,2,11.0,11,0,0,0,llm_r1_0,86
llm_iterative,shock,3,111,0,2,11.0,11,0,0,0,zero,86
llm_iterative,shock,3,111,1,2,25.0,25,0,0,0,zero,86
llm_iterative,shock,3,111,2,2,12.0,12,0,0,0,zero,86
llm_iterative,shock,3,112,0,2,10.0,10,0,0,0,zero,86
llm_iterative,shock,3,112,1,2,26.0,26,0,0,0,zero,86
llm_iterative,shock,3,112,2,2,13.0,13,0,0,0,zero,86
llm_iterative,shock,3,113,0,2,9.0,9,0,0,0,zero,86
llm_iterative,shock,3,113,1,2,27.0,27,0,0,0,zero,86
llm_iterative,shock,3,113,2,2,13.0,13,0,0,0,zero,86
llm_iterative,shock,3,114,0,2,8.0,8,0,0,0,zero,86
llm_iterative,shock,3,114,1,2,27.0,27,0,0,0,zero,86
llm_iterative,shock,3,114,2,2,13.0,13,0,0,0,zero,86
llm_iterative,shock,3,115,0,2,6.0,6,0,0,0,zero,86
llm_iterative,shock,3,115,1,2,27.0,27,0,0,0,zero,86
llm_iterative,shock,3,115,2,2,13.0,13,0,0,0,zero,86
llm_iterative,shock,3,116,0,2,4.0,4,0,2,2,zero,86
llm_iterative,shock,3,116,1,2,25.0,25,0,0,0,zero,86
llm_iterative,shock,3,116,2,2,13.0,13,0,0,0,zero,86
llm_iterative,shock,3,117,0,2,2.0,2,0,0,0,zero,86
llm_iterative,shock,3,117,1,2,25.0,25,0,0,0,zero,86
llm_iterative,shock,3,117,2,2,13.0,13,0,0,0,zero,86
llm_iterative,shock,3,118,0,2,-0.0,0,0,6,6,zero,86
llm_iterative,shock,3,118,1,2,19.0,19,0,0,0,zero,86
llm_iterative,shock,3,118,2,2,13.0,13,0,0,0,zero,86
llm_iterative,shock,3,119,0,2,2.0,0,2,2,2,zero,86
llm_iterative,shock,3,119,1,2,17.0,17,0,1,1,zero,86
llm_iterative,shock,3,119,2,2,12.0,12,0,0,0,zero,86
llm_iterative,shock,3,120,0,2,2.0,0,2,0,0,zero,86
llm_iterative,shock,3,120,1,2,17.0,17,0,1,1,zero,86
llm_iterative,shock,3,120,2,2,11.0,11,0,0,0,zero,86
llm_iterative,shock,3,121,0,2,4.0,0,4,2,2,zero,86
llm_iterative,shock,3,121,1,2,15.0,15,0,1,1,zero,86
llm_iterative,shock,3,121,2,2,10.0,10,0,0,0,zero,86
llm_iterative,shock,3,122,0,1,1.0,1,0,6,6,zero,86
llm_iterative,shock,3,122,1,1,9.0,9,0,1,1,zero,86
llm_iterative,shock,3,122,2,1,9.0,9,0,0,0,zero,86
llm_iterative,shock,3,123,0,1,2.0,2,0,0,0,zero,86
llm_iterative,shock,3,123,1,1,10.0,10,0,11,11,zero,86
llm_iterative,shock,3,123,2,1,2.0,0,2,1,1,zero,86
llm_iterative,shock,3,124,0,2,-0.0,0,0,0,0,zero,86
llm_iterative,shock,3,124,1,2,11.0,11,0,0,0,zero,86
llm_iterative,shock,3,124,2,2,2.0,0,2,20,20,zero,86
llm_iterative,shock,3,125,0,2,-0.0,0,0,0,0,zero,86
llm_iterative,shock,3,125,1,2,12.0,12,0,0,0,zero,86
llm_iterative,shock,3,125,2,2,2.0,0,2,3,3,zero,86
llm_iterative,shock,3,126,0,1,5.0,5,0,6,6,zero,86
llm_iterative,shock,3,126,1,1,7.0,7,0,0,0,zero,86
llm_iterative,shock,3,126,2,1,2.0,0,2,0,0,zero,86
llm_iterative,shock,3,127,0,2,3.0,3,0,0,0,zero,86
llm_iterative,shock,3,127,1,2,16.0,16,0,1,1,zero,86
llm_iterative,shock,3,127,2,2,2.0,0,2,0,0,zero,86
llm_iterative,shock,3,128,0,2,1.0,1,0,6,6,zero,86
llm_iterative,shock,3,128,1,2,10.0,10,0,0,0,zero,86
llm_iterative,shock,3,128,2,2,18.0,18,0,0,0,zero,86
llm_iterative,shock,3,129,0,1,-0.0,0,0,0,0,zero,86
llm_iterative,shock,3,129,1,1,10.0,10,0,1,1,zero,86
llm_iterative,shock,3,129,2,1,20.0,20,0,0,0,zero,86
llm_iterative,shock,3,130,0,1,5.0,5,0,0,0,zero,86
llm_iterative,shock,3,130,1,1,10.0,10,0,1,1,zero,86
llm_iterative,shock,3,130,2,1,19.0,19,0,0,0,zero,86
llm_iterative,shock,3,131,0,1,4.0,4,0,0,0,zero,86
llm_iterative,shock,3,131,1,1,11.0,11,0,0,0,zero,86
llm_iterative,shock,3,131,2,1,19.0,19,0,0,0,zero,86
llm_iterative,shock,3,132,0,1,9.0,9,0,0,0,zero,86
llm_iterative,shock,3,132,1,1,13.0,13,0,0,0,zero,86
llm_iterative,shock,3,132,2,1,19.0,19,0,0,0,zero,86
llm_iterative,shock,3,133,0,2,7.0,7,0,0,0,zero,86
llm_iterative,shock,3,133,1,2,14.0,14,0,0,0,zero,86
llm_iterative,shock,3,133,2,2,19.0,19,0,0,0,zero,86
llm_iterative,shock,3,134,0,2,5.0,5,0,0,0,zero,86
llm_iterative,shock,3,134,1,2,15.0,15,0,0,0,zero,86
llm_iterative,shock,3,134,2,2,19.0,19,0,0,0,zero,86
llm_iterative,shock,3,135,0,2,3.0,3,0,2,2,zero,86
llm_iterative,shock,3,135,1,2,13.0,13,0,0,0,zero,86
llm_iterative,shock,3,135,2,2,19.0,19,0,0,0,zero,86
llm_iterative,shock,3,136,0,2,1.0,1,0,0,0,llm_r2_0,86
llm_iterative,shock,3,136,1,2,13.0,13,0,0,0,llm_r2_0,86
llm_iterative,shock,3,136,2,2,19.0,19,0,0,0,llm_r2_0,86
llm_iterative,shock,3,137,0,2,1.0,0,1,6,6,llm_r2_0,86
llm_iterative,shock,3,137,1,2,7.0,7,0,0,0,llm_r2_0,86
llm_iterative,shock,3,137,2,2,19.0,19,0,0,0,llm_r2_0,86
llm_iterative,shock,3,138,0,2,3.0,0,3,2,2,llm_r2_0,86
llm_iterative,shock,3,138,1,2,5.0,5,0,1,1,llm_r2_0,86
llm_iterative,shock,3,138,2,2,18.0,18,0,0,0,llm_r2_0,86
llm_iterative,shock,3,139,0,2,3.0,0,3,2,4,llm_r2_0,86
llm_iterative,shock,3,139,1,2,1.0,1,0,15,15,llm_r2_0,86
llm_iterative,shock,3,139,2,2,3.0,3,0,0,0,llm_r2_0,86
llm_iterative,shock,3,140,0,3,6.0,0,6,0,2,llm_r2_0,86
llm_iterative,shock,3,140,1,3,1.0,0,1,1,1,llm_r2_0,86
llm_iterative,shock,3,140,2,3,2.0,2,0,1,1,llm_r2_0,86
llm_iterative,shock,3,141,0,2,2.0,0,2,6,6,zero,86
llm_iterative,shock,3,141,1,2,7.0,0,7,1,1,zero,86
llm_iterative,shock,3,141,2,2,1.0,1,0,20,20,zero,86
llm_iterative,shock,3,142,0,3,3.0,0,3,6,6,zero,86
llm_iterative,shock,3,142,1,3,12.0,0,12,1,1,zero,86
llm_iterative,shock,3,142,2,3,-0.0,0,0,3,3,zero,86
llm_iterative,shock,3,143,0,3,2.0,0,2,10,10,zero,86
llm_iterative,shock,3,143,1,3,7.0,0,7,15,15,zero,86
llm_iterative,shock,3,143,2,3,15.0,0,15,0,0,zero,86
llm_iterative,shock,3,144,0,3,4.0,0,4,6,6,zero,86
llm_iterative,shock,3,144,1,3,12.0,0,12,15,15,zero,86
llm_iterative,shock,3,144,2,3,29.0,0,29,2,2,zero,86
llm_iterative,shock,3,145,0,3,7.0,0,7,6,6,zero,86
llm_iterative,shock,3,145,1,3,17.0,0,17,15,15,zero,86
llm_iterative,shock,3,145,2,3,24.0,0,24,20,20,zero,86
llm_iterative,shock,3,146,0,3,9.0,0,9,6,6,zero,86
llm_iterative,shock,3,146,1,3,22.0,0,22,11,11,zero,86
llm_iterative,shock,3,146,2,3,32.0,0,32,20,20,zero,86
llm_iterative,shock,3,147,0,4,2.0,2,0,6,6,zero,86
llm_iterative,shock,3,147,1,4,28.0,0,28,18,18,zero,86
llm_iterative,shock,3,147,2,4,50.0,0,50,20,20,zero,86
llm_iterative,shock,3,148,0,4,1.0,0,1,19,19,zero,86
llm_iterative,shock,3,148,1,4,46.0,0,46,18,18,zero,86
llm_iterative,shock,3,148,2,4,66.0,0,66,20,20,zero,86
llm_iterative,shock,3,149,0,4,4.0,0,4,19,19,zero,86
llm_iterative,shock,3,149,1,4,45.0,0,45,18,18,zero,86
llm_iterative,shock,3,149,2,4,64.0,0,64,20,20,zero,86
llm_iterative,shock,3,150,0,4,7.0,0,7,9,9,zero,86
llm_iterative,shock,3,150,1,4,51.0,0,51,18,18,zero,86
llm_iterative,shock,3,150,2,4,62.0,0,62,20,20,zero,86
llm_iterative,shock,3,151,0,4,11.0,0,11,10,10,zero,86
llm_iterative,shock,3,151,1,4,61.0,0,61,18,18,zero,86
llm_iterative,shock,3,151,2,4,60.0,0,60,20,20,zero,86
llm_iterative,shock,3,152,0,3,13.0,0,13,6,6,zero,86
llm_iterative,shock,3,152,1,3,65.0,0,65,18,18,zero,86
llm_iterative,shock,3,152,2,3,58.0,0,58,20,20,zero,86
llm_iterative,shock,3,153,0,3,4.0,4,0,6,6,zero,86
llm_iterative,shock,3,153,1,3,51.0,0,51,0,0,zero,86
llm_iterative,shock,3,153,2,3,38.0,0,38,20,20,zero,86
llm_iterative,shock,3,154,0,3,4.0,4,0,0,0,zero,86
llm_iterative,shock,3,154,1,3,31.0,0,31,0,0,zero,86
llm_iterative,shock,3,154,2,3,18.0,0,18,0,0,zero,86
llm_iterative,shock,3,155,0,4,-0.0,0,0,0,0,zero,86
llm_iterative,shock,3,155,1,4,11.0,0,11,0,0,zero,86
llm_iterative,shock,3,155,2,4,2.0,2,0,0,0,zero,86
llm_iterative,shock,3,156,0,4,2.0,0,2,0,0,zero,86
llm_iterative,shock,3,156,1,4,9.0,9,0,0,0,zero,86
llm_iterative,shock,3,156,2,4,22.0,22,0,0,0,zero,86
llm_iterative,shock,3,157,0,4,14.0,14,0,0,0,zero,86
llm_iterative,shock,3,157,1,4,29.0,29,0,0,0,zero,86
llm_iterative,shock,3,157,2,4,42.0,42,0,0,0,zero,86
llm_iterative,shock,3,158,0,4,30.0,30,0,0,0,zero,86
llm_iterative,shock,3,158,1,4,49.0,49,0,0,0,zero,86
llm_iterative,shock,3,158,2,4,42.0,42,0,0,0,zero,86
llm_iterative,shock,3,159,0,4,46.0,46,0,0,0,zero,86
llm_iterative,shock,3,159,1,4,67.0,67,0,0,0,zero,86
llm_iterative,shock,3,159,2,4,42.0,42,0,0,0,zero,86
llm_iterative,shock,3,160,0,4,53.0,53,0,0,0,zero,86
llm_iterative,shock,3,160,1,4,67.0,67,0,0,0,zero,86
llm_iterative,shock,3,160,2,4,42.0,42,0,0,0,zero,86
llm_iterative,shock,3,161,0,4,49.0,49,0,0,0,zero,86
llm_iterative,shock,3,161,1,4,67.0,67,0,0,0,zero,86
llm_iterative,shock,3,161,2,4,42.0,42,0,0,0,zero,86
llm_iterative,shock,3,162,0,3,46.0,46,0,0,0,zero,86
llm_iterative,shock,3,162,1,3,67.0,67,0,0,0,zero,86
llm_iterative,shock,3,162,2,3,42.0,42,0,0,0,zero,86
llm_iterative,shock,3,163,0,4,42.0,42,0,0,0,zero,86
llm_iterative,shock,3,163,1,4,67.0,67,0,0,0,zero,86
llm_iterative,shock,3,163,2,4,42.0,42,0,0,0,zero,86
llm_iterative,shock,3,164,0,3,39.0,39,0,0,0,zero,86
llm_iterative,shock,3,164,1,3,67.0,67,0,0,0,zero,86
llm_iterative,shock,3,164,2,3,42.0,42,0,0,0,zero,86
llm_iterative,shock,3,165,0,3,36.0,36,0,0,0,zero,86
llm_iterative,shock,3,165,1,3,67.0,67,0,0,0,zero,86
llm_iterative,shock,3,165,2,3,42.0,42,0,0,0,zero,86
llm_iterative,shock,3,166,0,3,33.0,33,0,0,0,zero,86
llm_iterative,shock,3,166,1,3,67.0,67,0,0,0,zero,86
llm_iterative,shock,3,166,2,3,42.0,42,0,0,0,zero,86
llm_iterative,shock,3,167,0,3,30.0,30,0,0,0,zero,86
llm_iterative,shock,3,167,1,3,67.0,67,0,0,0,zero,86
llm_iterative,shock,3,167,2,3,42.0,42,0,0,0,zero,86
llm_iterative,shock,3,168,0,3,27.0,27,0,0,0,zero,86
llm_iterative,shock,3,168,1,3,67.0,67,0,0,0,zero,86
llm_iterative,shock,3,168,2,3,42.0,42,0,0,0,zero,86
llm_iterative,shock,3,169,0,3,24.0,24,0,0,0,zero,86
llm_iterative,shock,3,169,1,3,67.0,67,0,0,0,zero,86
llm_iterative,shock,3,169,2,3,42.0,42,0,0,0,zero,86
llm_iterative,shock,3,170,0,4,20.0,20,0,0,0,zero,86
llm_iterative,shock,3,170,1,4,67.0,67,0,0,0,zero,86
llm_iterative,shock,3,170,2,4,42.0,42,0,0,0,zero,86
llm_iterative,shock,3,171,0,4,16.0,16,0,2,2,zero,86
llm_iterative,shock,3,171,1,4,65.0,65,0,0,0,zero,86
llm_iterative,shock,3,171,2,4,42.0,42,0,0,0,zero,86
llm_iterative,shock,3,172,0,4,12.0,12,0,2,2,zero,86
llm_iterative,shock,3,172,1,4,63.0,63,0,0,0,zero,86
llm_iterative,shock,3,172,2,4,42.0,42,0,0,0,zero,86
llm_iterative,shock,3,173,0,4,8.0,8,0,9,9,zero,86
llm_iterative,shock,3,173,1,4,54.0,54,0,0,0,zero,86
llm_iterative,shock,3,173,2,4,42.0,42,0,0,0,zero,86
llm_iterative,shock,3,174,0,4,4.0,4,0,1,1,zero,86
llm_iterative,shock,3,174,1,4,53.0,53,0,1,1,zero,86
llm_iterative,shock,3,174,2,4,41.0,41,0,0,0,zero,86
llm_iterative,shock,3,175,0,4,2.0,2,0,2,2,zero,86
llm_iterative,shock,3,175,1,4,51.0,51,0,1,1,zero,86
llm_iterative,shock,3,175,2,4,40.0,40,0,0,0,zero,86
llm_iterative,shock,3,176,0,4,-0.0,0,0,2,2,zero,86
llm_iterative,shock,3,176,1,4,49.0,49,0,1,1,zero,86
llm_iterative,shock,3,176,2,4,39.0,39,0,0,0,zero,86
llm_iterative,shock,3,177,0,4,5.0,5,0,6,6,zero,86
llm_iterative,shock,3,177,1,4,43.0,43,0,0,0,zero,86
llm_iterative,shock,3,177,2,4,39.0,39,0,0,0,zero,86
llm_iterative,shock,3,178,0,4,2.0,2,0,2,2,zero,86
llm_iterative,shock,3,178,1,4,42.0,42,0,1,1,zero,86
llm_iterative,shock,3,178,2,4,38.0,38,0,0,0,zero,86
llm_iterative,shock,3,179,0,4,-0.0,0,0,6,6,zero,86
llm_iterative,shock,3,179,1,4,37.0,37,0,1,1,zero,86
llm_iterative,shock,3,179,2,4,37.0,37,0,0,0,zero,86
llm_iterative,shock,3,180,0,5,3.0,0,3,2,2,zero,86
llm_iterative,shock,3,180,1,5,36.0,36,0,1,1,zero,86
llm_iterative,shock,3,180,2,5,36.0,36,0,0,0,zero,86
llm_iterative,shock,3,181,0,5,2.0,0,2,10,10,zero,86
llm_iterative,shock,3,181,1,5,26.0,26,0,1,1,zero,86
llm_iterative,shock,3,181,2,5,35.0,35,0,0,0,zero,86
llm_iterative,shock,3,182,0,5,5.0,0,5,2,2,zero,86
llm_iterative,shock,3,182,1,5,25.0,25,0,1,1,zero,86
llm_iterative,shock,3,182,2,5,34.0,34,0,0,0,zero,86
llm_iterative,shock,3,183,0,5,4.0,0,4,10,10,zero,86
llm_iterative,shock,3,183,1,5,16.0,16,0,1,1,zero,86
llm_iterative,shock,3,183,2,5,33.0,33,0,0,0,zero,86
llm_iterative,shock,3,184,0,5,7.0,0,7,2,2,zero,86
llm_iterative,shock,3,184,1,5,15.0,15,0,15,15,zero,86
llm_iterative,shock,3,184,2,5,18.0,18,0,0,0,zero,86
llm_iterative,shock,3,185,0,5,2.0,0,2,6,6,zero,86
llm_iterative,shock,3,185,1,5,10.0,10,0,1,1,zero,86
llm_iterative,shock,3,185,2,5,17.0,17,0,1,1,zero,86
llm_iterative,shock,3,186,0,5,5.0,0,5,6,6,zero,86
llm_iterative,shock,3,186,1,5,5.0,5,0,1,1,zero,86
llm_iterative,shock,3,186,2,5,16.0,16,0,0,0,zero,86
llm_iterative,shock,3,187,0,6,1.0,0,1,6,6,zero,86
llm_iterative,shock,3,187,1,6,-0.0,0,0,1,1,zero,86
llm_iterative,shock,3,187,2,6,15.0,15,0,0,0,zero,86
llm_iterative,shock,3,188,0,6,5.0,0,5,10,10,zero,86
llm_iterative,shock,3,188,1,6,5.0,5,0,15,15,zero,86
llm_iterative,shock,3,188,2,6,-0.0,0,0,0,0,zero,86
llm_iterative,shock,3,189,0,5,4.0,0,4,6,6,zero,86
llm_iterative,shock,3,189,1,5,-0.0,0,0,11,11,zero,86
llm_iterative,shock,3,189,2,5,10.0,0,10,20,20,zero,86
llm_iterative,shock,3,190,0,6,4.0,0,4,6,6,zero,86
llm_iterative,shock,3,190,1,6,5.0,0,5,15,15,zero,86
llm_iterative,shock,3,190,2,6,25.0,0,25,20,20,zero,86
llm_iterative,shock,3,191,0,7,5.0,0,5,6,6,zero,86
llm_iterative,shock,3,191,1,7,10.0,0,10,15,15,zero,86
llm_iterative,shock,3,191,2,7,40.0,0,40,20,20,zero,86
llm_iterative,shock,3,192,0,7,2.0,0,2,10,10,zero,86
llm_iterative,shock,3,192,1,7,5.0,0,5,15,15,zero,86
llm_iterative,shock,3,192,2,7,55.0,0,55,20,20,zero,86
llm_iterative,shock,3,193,0,7,3.0,0,3,6,6,zero,86
llm_iterative,shock,3,193,1,7,10.0,0,10,15,15,zero,86
llm_iterative,shock,3,193,2,7,50.0,0,50,20,20,zero,86
llm_iterative,shock,3,194,0,6,8.0,0,8,10,10,zero,86
llm_iterative,shock,3,194,1,6,20.0,0,20,11,11,zero,86
llm_iterative,shock,3,194,2,6,41.0,0,41,20,20,zero,86
llm_iterative,shock,3,195,0,6,13.0,0,13,10,10,zero,86
llm_iterative,shock,3,195,1,6,30.0,0,30,3,3,zero,86
llm_iterative,shock,3,195,2,6,24.0,0,24,20,20,zero,86
llm_iterative,shock,3,196,0,5,3.0,0,3,10,10,llm_r1_0,86
llm_iterative,shock,3,196,1,5,40.0,0,40,0,3,llm_r1_0,86
llm_iterative,shock,3,196,2,5,7.0,0,7,0,0,llm_r1_0,86
llm_iterative,shock,3,197,0,5,7.0,0,7,19,19,llm_r1_0,86
llm_iterative,shock,3,197,1,5,39.0,0,39,0,3,llm_r1_0,86
llm_iterative,shock,3,197,2,5,10.0,10,0,0,0,llm_r1_0,86
llm_iterative,shock,3,198,0,5,12.0,0,12,10,10,llm_r1_0,86
llm_iterative,shock,3,198,1,5,29.0,0,29,18,20,llm_r1_0,86
llm_iterative,shock,3,198,2,5,10.0,10,0,0,0,llm_r1_0,86
llm_iterative,shock,3,199,0,5,17.0,0,17,2,2,llm_r1_0,86
llm_iterative,shock,3,199,1,5,11.0,0,11,0,3,llm_r1_0,86
llm_iterative,shock,3,199,2,5,27.0,27,0,16,16,llm_r1_0,86
llm_iterative,shock,3,200,0,5,22.0,0,22,0,0,llm_r1_0,86
llm_iterative,shock,3,200,1,5,9.0,9,0,0,3,llm_r1_0,86
llm_iterative,shock,3,200,2,5,24.0,24,0,0,0,llm_r1_0,86
