Gym has been unmaintained since 2022 and does not support NumPy 2.0 amongst other critical functionality.
Please upgrade to Gymnasium, the maintained drop-in replacement of Gym, or contact the authors of your software and request that they upgrade.
Users of this version of Gym should be able to simply replace 'import gym' with 'import gymnasium as gym' in the vast majority of cases.
See the migration guide at https://gymnasium.farama.org/introduction/migration_guide/ for additional information.
all config:  Namespace(algorithm_name='happo', scenario_name='Emergency_Replenishment_Compatibility', num_landmarks=3, num_agents=3, use_single_network=False, experiment_name='ippo_seed14_formal_v1', seed=[14], seed_specify=True, running_id=1, cuda=True, cuda_deterministic=True, n_training_threads=1, n_rollout_threads=5, n_eval_rollout_threads=1, n_render_rollout_threads=1, num_env_steps=3000000, n_warmup_evaluations=10, n_no_improvement_thres=40, user_name='marl', env_name='MyEnv', use_obs_instead_of_state=False, episode_length=200, share_policy=False, use_centralized_V=False, stacked_frames=1, use_stacked_frames=False, hidden_size=128, layer_N=2, use_ReLU=True, use_popart=False, use_valuenorm=True, use_feature_normalization=False, use_orthogonal=True, gain=0.01, use_naive_recurrent_policy=True, use_recurrent_policy=False, recurrent_N=2, data_chunk_length=10, lr=0.0001, critic_lr=0.0001, opti_eps=1e-05, weight_decay=0, kl_threshold=0.01, ls_step=10, accept_ratio=0.5, ppo_epoch=15, use_clipped_value_loss=True, clip_param=0.2, num_mini_batch=1, entropy_coef=0.01, value_loss_coef=0.5, use_max_grad_norm=False, max_grad_norm=0.5, use_gae=True, gamma=0.95, gae_lambda=0.95, use_proper_time_limits=True, use_huber_loss=True, use_value_active_masks=False, use_policy_active_masks=False, huber_delta=10.0, use_linear_lr_decay=False, save_interval=1, log_interval=1, model_dir=None, use_eval=True, eval_interval=5, save_gifs=False, use_render=False, render_episodes=5, ifi=0.1)
choose to use cpu...
-------------------------------------------------Training starts for seed: 14---------------------------------------------------
share_observation_space:  [Box(-inf, inf, (21,), float32), Box(-inf, inf, (21,), float32), Box(-inf, inf, (21,), float32)]
observation_space:  [Box(-inf, inf, (7,), float32), Box(-inf, inf, (7,), float32), Box(-inf, inf, (7,), float32)]
action_space:  [Discrete(21), Discrete(21), Discrete(21)]

Eval average reward:  -231.7543333333333  Eval ordering fluctuation measurement (downstream to upstream):  [0.06607417938191998, 0.0712485824082746, 0.22283586717956289]

 Algo happo Exp ippo_seed14_formal_v1 updates 0/3000 episodes, total num timesteps 1000/3000000, FPS 75.

Reward for thread 1: [-488.67, -143.76, -136.72] -256.38  Inventory: [1620.0, 68.0, 59.0]  Order: [9.73, 9.94, 10.16] Demand: [1.645]
Reward for thread 2: [-406.0, -139.26, -156.55] -233.94  Inventory: [0.0, 0.0, 0.0]  Order: [9.96, 10.31, 9.6] Demand: [16.345]
Reward for thread 3: [-385.09, -111.92, -117.67] -204.89  Inventory: [949.0, 72.0, 0.0]  Order: [10.06, 10.38, 10.26] Demand: [5.39]
Reward for thread 4: [-395.49, -145.94, -124.81] -222.08  Inventory: [967.0, 153.0, 21.0]  Order: [9.05, 9.8, 9.8] Demand: [4.26]
Reward for thread 5: [-269.2, -146.52, -169.28] -195.0  Inventory: [878.0, 0.0, 0.0]  Order: [10.33, 10.42, 9.57] Demand: [5.25]

 Algo happo Exp ippo_seed14_formal_v1 updates 1/3000 episodes, total num timesteps 2000/3000000, FPS 97.

Reward for thread 1: [-139.83, -89.43, -72.62] -100.63  Inventory: [115.0, 0.0, 0.0]  Order: [10.4, 10.28, 9.81] Demand: [9.36]
Reward for thread 2: [-361.39, -113.04, -137.87] -204.1  Inventory: [808.0, 0.0, 0.0]  Order: [10.02, 10.81, 9.89] Demand: [5.9]
Reward for thread 3: [-441.91, -176.65, -171.79] -263.45  Inventory: [0.0, 0.0, 0.0]  Order: [9.74, 10.07, 9.33] Demand: [13.505]
Reward for thread 4: [-161.37, -91.63, -82.01] -111.67  Inventory: [500.0, 0.0, 0.0]  Order: [10.82, 10.15, 9.93] Demand: [7.515]
Reward for thread 5: [-122.67, -107.85, -82.12] -104.21  Inventory: [0.0, 0.0, 0.0]  Order: [10.48, 9.99, 9.56] Demand: [11.625]

 Algo happo Exp ippo_seed14_formal_v1 updates 2/3000 episodes, total num timesteps 3000/3000000, FPS 108.

Reward for thread 1: [-69.72, -49.18, -38.76] -52.55  Inventory: [0.0, 54.0, 0.0]  Order: [9.85, 10.21, 10.04] Demand: [11.415]
Reward for thread 2: [-121.48, -62.82, -61.16] -81.82  Inventory: [0.0, 70.0, 46.0]  Order: [9.8, 10.09, 10.24] Demand: [11.685]
Reward for thread 3: [-173.48, -104.91, -86.18] -121.52  Inventory: [740.0, 0.0, 0.0]  Order: [10.2, 10.05, 9.66] Demand: [6.09]
Reward for thread 4: [-66.24, -85.84, -62.64] -71.57  Inventory: [0.0, 35.0, 0.0]  Order: [9.82, 10.67, 9.97] Demand: [10.865]
Reward for thread 5: [-418.47, -189.91, -196.19] -268.19  Inventory: [0.0, 0.0, 171.0]  Order: [10.51, 9.35, 10.14] Demand: [14.545]

 Algo happo Exp ippo_seed14_formal_v1 updates 3/3000 episodes, total num timesteps 4000/3000000, FPS 114.

Reward for thread 1: [-204.05, -86.34, -113.35] -134.58  Inventory: [0.0, 25.0, 0.0]  Order: [9.89, 10.64, 9.93] Demand: [13.615]
Reward for thread 2: [-121.06, -94.29, -59.51] -91.62  Inventory: [0.0, 0.0, 15.0]  Order: [10.47, 9.67, 9.62] Demand: [13.185]
Reward for thread 3: [-93.26, -64.85, -108.03] -88.71  Inventory: [0.0, 0.0, 0.0]  Order: [10.27, 10.76, 9.65] Demand: [9.765]
Reward for thread 4: [-84.1, -51.72, -45.24] -60.35  Inventory: [0.0, 165.0, 0.0]  Order: [9.74, 10.86, 10.38] Demand: [10.985]
Reward for thread 5: [-143.93, -112.58, -94.81] -117.11  Inventory: [392.0, 159.0, 0.0]  Order: [9.49, 11.05, 10.14] Demand: [7.58]

 Algo happo Exp ippo_seed14_formal_v1 updates 4/3000 episodes, total num timesteps 5000/3000000, FPS 119.

Reward for thread 1: [-461.55, -142.62, -146.75] -250.31  Inventory: [0.0, 23.0, 0.0]  Order: [9.67, 10.46, 9.68] Demand: [14.845]
Reward for thread 2: [-333.47, -129.52, -120.6] -194.53  Inventory: [1324.0, 41.0, 33.0]  Order: [10.18, 10.37, 10.38] Demand: [3.515]
Reward for thread 3: [-327.71, -113.11, -146.98] -195.93  Inventory: [1116.0, 0.0, 0.0]  Order: [10.24, 10.81, 9.64] Demand: [4.37]
Reward for thread 4: [-226.81, -114.66, -130.61] -157.36  Inventory: [838.0, 0.0, 0.0]  Order: [10.38, 10.42, 9.57] Demand: [5.455]
Reward for thread 5: [-381.45, -159.4, -133.87] -224.91  Inventory: [0.0, 77.0, 54.0]  Order: [9.98, 10.32, 10.5] Demand: [15.695]

Eval average reward:  -306.6624166666666  Eval ordering fluctuation measurement (downstream to upstream):  [0.14591570210200877, 0.1089159877076663, 0.4808705397111611]
A better model is saved!

 Algo happo Exp ippo_seed14_formal_v1 updates 5/3000 episodes, total num timesteps 6000/3000000, FPS 108.

Reward for thread 1: [-147.67, -73.79, -67.43] -96.3  Inventory: [381.0, 67.0, 73.0]  Order: [9.9, 10.12, 10.4] Demand: [8.05]
Reward for thread 2: [-58.14, -43.26, -64.96] -55.45  Inventory: [106.0, 41.0, 146.0]  Order: [9.44, 9.54, 10.25] Demand: [8.96]
Reward for thread 3: [-331.76, -120.94, -111.68] -188.13  Inventory: [1314.0, 5.0, 0.0]  Order: [10.54, 10.72, 10.3] Demand: [3.975]
Reward for thread 4: [-125.59, -57.74, -57.23] -80.19  Inventory: [0.0, 72.0, 0.0]  Order: [9.88, 10.45, 10.08] Demand: [11.97]
Reward for thread 5: [-413.27, -150.16, -140.54] -234.66  Inventory: [1220.0, 61.0, 0.0]  Order: [9.6, 10.53, 9.8] Demand: [3.61]

 Algo happo Exp ippo_seed14_formal_v1 updates 6/3000 episodes, total num timesteps 7000/3000000, FPS 112.

Reward for thread 1: [-417.42, -140.83, -134.43] -230.89  Inventory: [1422.0, 5.0, 54.0]  Order: [10.09, 10.07, 10.29] Demand: [2.995]
Reward for thread 2: [-56.55, -41.27, -52.97] -50.26  Inventory: [172.0, 0.0, 68.0]  Order: [10.39, 10.04, 10.32] Demand: [9.19]
Reward for thread 3: [-118.43, -91.77, -62.35] -90.85  Inventory: [0.0, 159.0, 82.0]  Order: [9.38, 10.06, 10.47] Demand: [9.63]
Reward for thread 4: [-108.35, -53.31, -45.97] -69.21  Inventory: [0.0, 97.0, 0.0]  Order: [10.2, 10.69, 10.58] Demand: [11.405]
Reward for thread 5: [-274.24, -115.06, -144.08] -177.79  Inventory: [533.0, 0.0, 0.0]  Order: [10.4, 11.49, 10.41] Demand: [7.735]

 Algo happo Exp ippo_seed14_formal_v1 updates 7/3000 episodes, total num timesteps 8000/3000000, FPS 115.

Reward for thread 1: [-304.95, -104.43, -121.86] -177.08  Inventory: [1131.0, 59.0, 167.0]  Order: [9.32, 9.58, 10.4] Demand: [3.715]
Reward for thread 2: [-163.18, -90.32, -74.39] -109.3  Inventory: [223.0, 136.0, 66.0]  Order: [9.88, 10.48, 10.74] Demand: [8.885]
Reward for thread 3: [-409.82, -134.5, -135.06] -226.46  Inventory: [1363.0, 43.0, 51.0]  Order: [10.06, 10.25, 10.46] Demand: [3.295]
Reward for thread 4: [-143.7, -70.56, -95.5] -103.25  Inventory: [0.0, 0.0, 110.0]  Order: [9.88, 9.72, 10.28] Demand: [13.53]
Reward for thread 5: [-92.98, -43.74, -50.05] -62.26  Inventory: [267.0, 47.0, 49.0]  Order: [10.12, 10.28, 10.46] Demand: [8.695]

 Algo happo Exp ippo_seed14_formal_v1 updates 8/3000 episodes, total num timesteps 9000/3000000, FPS 117.

Reward for thread 1: [-370.44, -135.39, -131.93] -212.59  Inventory: [1139.0, 133.0, 4.0]  Order: [9.54, 10.18, 10.2] Demand: [3.975]
Reward for thread 2: [-276.0, -117.07, -94.36] -162.48  Inventory: [0.0, 62.0, 14.0]  Order: [10.37, 10.66, 10.74] Demand: [12.96]
Reward for thread 3: [-297.25, -134.09, -96.02] -175.79  Inventory: [1062.0, 75.0, 24.0]  Order: [9.9, 10.22, 10.31] Demand: [4.605]
Reward for thread 4: [-195.82, -107.51, -85.92] -129.75  Inventory: [0.0, 18.0, 137.0]  Order: [10.01, 10.13, 10.8] Demand: [14.465]
Reward for thread 5: [-152.54, -69.87, -64.76] -95.72  Inventory: [0.0, 0.0, 42.0]  Order: [10.1, 9.68, 9.88] Demand: [12.43]

 Algo happo Exp ippo_seed14_formal_v1 updates 9/3000 episodes, total num timesteps 10000/3000000, FPS 119.

Reward for thread 1: [-102.53, -50.71, -42.6] -65.28  Inventory: [404.0, 0.0, 48.0]  Order: [10.86, 10.76, 10.96] Demand: [8.835]
Reward for thread 2: [-124.74, -70.81, -50.68] -82.08  Inventory: [315.0, 33.0, 0.0]  Order: [9.93, 10.06, 9.87] Demand: [8.435]
Reward for thread 3: [-123.66, -72.81, -74.67] -90.38  Inventory: [349.0, 194.0, 0.0]  Order: [10.17, 11.15, 11.18] Demand: [8.545]
Reward for thread 4: [-107.66, -53.24, -55.83] -72.24  Inventory: [0.0, 27.0, 110.0]  Order: [9.95, 9.96, 10.42] Demand: [10.09]
Reward for thread 5: [-390.27, -167.1, -159.94] -239.1  Inventory: [0.0, 0.0, 0.0]  Order: [10.71, 10.68, 10.06] Demand: [13.21]

Eval average reward:  -183.68225  Eval ordering fluctuation measurement (downstream to upstream):  [0.29607838709103224, 0.09113218849503223, 0.7813428921386703]
A better model is saved!

 Algo happo Exp ippo_seed14_formal_v1 updates 10/3000 episodes, total num timesteps 11000/3000000, FPS 113.

Reward for thread 1: [-396.67, -167.88, -135.21] -233.25  Inventory: [1496.0, 63.0, 41.0]  Order: [9.48, 9.74, 9.88] Demand: [2.095]
Reward for thread 2: [-343.12, -119.95, -110.81] -191.29  Inventory: [1224.0, 0.0, 0.0]  Order: [10.1, 9.85, 9.66] Demand: [3.705]
Reward for thread 3: [-64.82, -44.61, -42.34] -50.59  Inventory: [0.0, 0.0, 0.0]  Order: [10.36, 10.45, 10.36] Demand: [11.505]
Reward for thread 4: [-224.23, -136.31, -93.4] -151.31  Inventory: [833.0, 180.0, 58.0]  Order: [8.96, 9.84, 10.03] Demand: [4.91]
Reward for thread 5: [-218.78, -81.54, -77.34] -125.89  Inventory: [0.0, 104.0, 0.0]  Order: [9.6, 10.24, 10.2] Demand: [15.005]

 Algo happo Exp ippo_seed14_formal_v1 updates 11/3000 episodes, total num timesteps 12000/3000000, FPS 114.

Reward for thread 1: [-52.22, -47.56, -47.11] -48.96  Inventory: [147.0, 51.0, 0.0]  Order: [10.16, 10.48, 10.46] Demand: [9.54]
Reward for thread 2: [-85.97, -47.11, -38.22] -57.1  Inventory: [78.0, 0.0, 0.0]  Order: [10.69, 10.56, 10.5] Demand: [10.245]
Reward for thread 3: [-163.2, -74.7, -96.47] -111.46  Inventory: [282.0, 78.0, 50.0]  Order: [9.32, 9.68, 9.86] Demand: [7.965]
Reward for thread 4: [-190.18, -82.25, -88.55] -120.33  Inventory: [795.0, 67.0, 39.0]  Order: [9.76, 9.94, 10.02] Demand: [5.795]
Reward for thread 5: [-380.65, -142.12, -125.4] -216.06  Inventory: [1382.0, 30.0, 40.0]  Order: [9.76, 9.78, 9.9] Demand: [2.855]

 Algo happo Exp ippo_seed14_formal_v1 updates 12/3000 episodes, total num timesteps 13000/3000000, FPS 116.

Reward for thread 1: [-134.16, -61.08, -62.92] -86.05  Inventory: [296.0, 68.0, 32.0]  Order: [10.54, 10.81, 10.96] Demand: [9.21]
Reward for thread 2: [-73.88, -49.24, -38.05] -53.72  Inventory: [247.0, 32.0, 35.0]  Order: [10.15, 10.26, 10.36] Demand: [9.085]
Reward for thread 3: [-109.65, -87.99, -116.69] -104.78  Inventory: [174.0, 143.0, 0.0]  Order: [9.96, 11.61, 10.67] Demand: [9.02]
Reward for thread 4: [-161.18, -70.81, -75.06] -102.35  Inventory: [432.0, 32.0, 85.0]  Order: [10.02, 10.24, 10.58] Demand: [7.9]
Reward for thread 5: [-249.94, -105.87, -87.27] -147.69  Inventory: [0.0, 0.0, 0.0]  Order: [11.48, 11.25, 11.12] Demand: [13.535]

 Algo happo Exp ippo_seed14_formal_v1 updates 13/3000 episodes, total num timesteps 14000/3000000, FPS 117.

Reward for thread 1: [-152.05, -55.1, -57.23] -88.13  Inventory: [0.0, 66.0, 2.0]  Order: [10.17, 10.44, 10.4] Demand: [12.43]
Reward for thread 2: [-49.36, -48.34, -38.09] -45.26  Inventory: [0.0, 53.0, 24.0]  Order: [9.33, 9.52, 9.68] Demand: [9.495]
Reward for thread 3: [-52.44, -31.42, -31.5] -38.45  Inventory: [43.0, 0.0, 0.0]  Order: [9.78, 9.54, 9.48] Demand: [9.355]
Reward for thread 4: [-114.37, -48.36, -46.97] -69.9  Inventory: [0.0, 0.0, 21.0]  Order: [10.42, 10.18, 10.11] Demand: [12.89]
Reward for thread 5: [-256.68, -90.13, -87.37] -144.73  Inventory: [0.0, 0.0, 0.0]  Order: [10.98, 10.8, 10.64] Demand: [14.27]

 Algo happo Exp ippo_seed14_formal_v1 updates 14/3000 episodes, total num timesteps 15000/3000000, FPS 118.

Reward for thread 1: [-346.73, -104.33, -103.48] -184.85  Inventory: [1150.0, 0.0, 50.0]  Order: [9.12, 8.88, 9.04] Demand: [3.365]
Reward for thread 2: [-285.9, -131.79, -96.37] -171.35  Inventory: [806.0, 76.0, 72.0]  Order: [8.76, 8.97, 9.23] Demand: [4.775]
Reward for thread 3: [-327.17, -106.18, -103.61] -178.99  Inventory: [0.0, 21.0, 0.0]  Order: [10.68, 11.06, 10.79] Demand: [14.17]
Reward for thread 4: [-319.16, -116.92, -100.29] -178.79  Inventory: [1119.0, 22.0, 0.0]  Order: [9.5, 9.78, 9.63] Demand: [3.94]
Reward for thread 5: [-109.82, -56.66, -41.57] -69.35  Inventory: [464.0, 95.0, 1.0]  Order: [9.26, 9.72, 9.75] Demand: [7.105]

Eval average reward:  -130.42725  Eval ordering fluctuation measurement (downstream to upstream):  [0.4109445744764285, 0.4397816136900782, 0.6528829987679773]
A better model is saved!

 Algo happo Exp ippo_seed14_formal_v1 updates 15/3000 episodes, total num timesteps 16000/3000000, FPS 114.

Reward for thread 1: [-275.57, -105.34, -93.97] -158.29  Inventory: [1073.0, 0.0, 0.0]  Order: [9.1, 9.04, 8.6] Demand: [3.43]
Reward for thread 2: [-122.44, -92.65, -63.99] -93.03  Inventory: [407.0, 90.0, 53.0]  Order: [10.58, 10.96, 11.1] Demand: [8.625]
Reward for thread 3: [-209.06, -83.16, -73.36] -121.86  Inventory: [663.0, 16.0, 0.0]  Order: [9.36, 9.41, 9.38] Demand: [6.08]
Reward for thread 4: [-78.81, -104.32, -63.72] -82.28  Inventory: [0.0, 0.0, 0.0]  Order: [12.32, 11.96, 11.26] Demand: [12.39]
Reward for thread 5: [-101.19, -59.51, -44.67] -68.46  Inventory: [427.0, 2.0, 0.0]  Order: [8.55, 8.72, 8.66] Demand: [6.485]

 Algo happo Exp ippo_seed14_formal_v1 updates 16/3000 episodes, total num timesteps 17000/3000000, FPS 116.

Reward for thread 1: [-426.95, -133.3, -125.31] -228.52  Inventory: [1467.0, 59.0, 44.0]  Order: [10.26, 10.41, 10.53] Demand: [2.85]
Reward for thread 2: [-123.09, -93.23, -64.92] -93.75  Inventory: [180.0, 60.0, 40.0]  Order: [8.35, 8.57, 8.72] Demand: [7.61]
Reward for thread 3: [-351.49, -120.25, -119.2] -196.98  Inventory: [1203.0, 24.0, 33.0]  Order: [9.32, 9.36, 9.46] Demand: [3.25]
Reward for thread 4: [-246.3, -125.34, -90.16] -153.93  Inventory: [751.0, 179.0, 43.0]  Order: [8.52, 9.32, 9.51] Demand: [4.915]
Reward for thread 5: [-226.84, -96.14, -79.91] -134.3  Inventory: [710.0, 78.0, 36.0]  Order: [9.25, 9.48, 9.51] Demand: [5.74]

 Algo happo Exp ippo_seed14_formal_v1 updates 17/3000 episodes, total num timesteps 18000/3000000, FPS 116.

Reward for thread 1: [-263.52, -88.89, -85.91] -146.11  Inventory: [575.0, 47.0, 60.0]  Order: [9.68, 9.73, 9.94] Demand: [6.805]
Reward for thread 2: [-146.43, -65.41, -63.84] -91.89  Inventory: [0.0, 0.0, 45.0]  Order: [11.08, 10.78, 10.97] Demand: [13.955]
Reward for thread 3: [-279.33, -107.7, -94.58] -160.54  Inventory: [931.0, 0.0, 41.0]  Order: [8.67, 8.49, 8.56] Demand: [4.095]
Reward for thread 4: [-378.25, -129.55, -126.37] -211.39  Inventory: [1250.0, 55.0, 99.0]  Order: [8.62, 8.74, 9.04] Demand: [2.495]
Reward for thread 5: [-149.46, -103.11, -71.64] -108.07  Inventory: [118.0, 82.0, 38.0]  Order: [8.43, 8.74, 8.84] Demand: [7.87]

 Algo happo Exp ippo_seed14_formal_v1 updates 18/3000 episodes, total num timesteps 19000/3000000, FPS 117.

Reward for thread 1: [-294.86, -121.21, -104.4] -173.49  Inventory: [0.0, 0.0, 0.0]  Order: [13.16, 12.68, 12.58] Demand: [17.44]
Reward for thread 2: [-94.64, -54.37, -41.25] -63.42  Inventory: [422.0, 90.0, 28.0]  Order: [8.94, 9.28, 9.28] Demand: [6.96]
Reward for thread 3: [-108.61, -64.65, -85.06] -86.11  Inventory: [297.0, 15.0, 0.0]  Order: [11.84, 12.72, 11.96] Demand: [10.455]
Reward for thread 4: [-255.66, -115.66, -98.81] -156.71  Inventory: [883.0, 80.0, 18.0]  Order: [8.29, 8.64, 8.66] Demand: [3.82]
Reward for thread 5: [-291.72, -184.3, -106.39] -194.14  Inventory: [1064.0, 218.0, 20.0]  Order: [8.32, 9.36, 9.44] Demand: [3.125]

 Algo happo Exp ippo_seed14_formal_v1 updates 19/3000 episodes, total num timesteps 20000/3000000, FPS 118.

Reward for thread 1: [-88.2, -108.65, -62.64] -86.5  Inventory: [0.0, 170.0, 42.0]  Order: [8.41, 9.14, 9.2] Demand: [8.565]
Reward for thread 2: [-107.59, -51.06, -50.06] -69.57  Inventory: [0.0, 68.0, 11.0]  Order: [9.61, 9.88, 9.9] Demand: [9.93]
Reward for thread 3: [-169.09, -84.75, -67.6] -107.15  Inventory: [482.0, 124.0, 22.0]  Order: [8.55, 9.06, 9.18] Demand: [6.325]
Reward for thread 4: [-152.34, -88.44, -68.96] -103.25  Inventory: [503.0, 15.0, 89.0]  Order: [8.54, 8.52, 8.95] Demand: [6.115]
Reward for thread 5: [-211.04, -134.32, -85.91] -143.76  Inventory: [569.0, 108.0, 16.0]  Order: [8.15, 8.6, 8.58] Demand: [5.455]

Eval average reward:  -111.5055  Eval ordering fluctuation measurement (downstream to upstream):  [1.1252109828462644, 0.37624601084711584, 0.6724581088277874]
A better model is saved!

 Algo happo Exp ippo_seed14_formal_v1 updates 20/3000 episodes, total num timesteps 21000/3000000, FPS 115.

Reward for thread 1: [-90.03, -53.23, -39.7] -60.99  Inventory: [505.0, 51.0, 37.0]  Order: [9.12, 9.19, 9.3] Demand: [6.59]
Reward for thread 2: [-370.66, -141.32, -117.91] -209.96  Inventory: [1266.0, 79.0, 0.0]  Order: [8.75, 9.13, 9.08] Demand: [2.605]
Reward for thread 3: [-185.16, -83.5, -63.65] -110.77  Inventory: [732.0, 13.0, 0.0]  Order: [8.56, 8.8, 8.6] Demand: [4.975]
Reward for thread 4: [-209.68, -84.72, -76.45] -123.62  Inventory: [644.0, 37.0, 15.0]  Order: [9.02, 9.14, 9.18] Demand: [5.805]
Reward for thread 5: [-142.26, -57.08, -70.68] -90.01  Inventory: [0.0, 23.0, 0.0]  Order: [11.4, 11.61, 11.64] Demand: [13.17]

 Algo happo Exp ippo_seed14_formal_v1 updates 21/3000 episodes, total num timesteps 22000/3000000, FPS 116.

Reward for thread 1: [-261.75, -115.06, -92.07] -156.29  Inventory: [585.0, 38.0, 25.0]  Order: [8.74, 8.86, 8.85] Demand: [5.94]
Reward for thread 2: [-185.27, -86.07, -65.06] -112.13  Inventory: [740.0, 45.0, 43.0]  Order: [8.76, 8.84, 8.85] Demand: [5.17]
Reward for thread 3: [-296.03, -133.79, -99.44] -176.42  Inventory: [894.0, 57.0, 43.0]  Order: [8.64, 8.78, 8.82] Demand: [4.175]
Reward for thread 4: [-129.79, -74.15, -59.25] -87.73  Inventory: [0.0, 0.0, 0.0]  Order: [9.96, 10.11, 10.01] Demand: [12.68]
Reward for thread 5: [-106.19, -91.19, -56.94] -84.77  Inventory: [254.0, 210.0, 14.0]  Order: [8.77, 9.79, 9.72] Demand: [7.605]

 Algo happo Exp ippo_seed14_formal_v1 updates 22/3000 episodes, total num timesteps 23000/3000000, FPS 117.

Reward for thread 1: [-40.39, -37.68, -26.35] -34.81  Inventory: [150.0, 48.0, 9.0]  Order: [8.86, 9.09, 9.04] Demand: [8.3]
Reward for thread 2: [-167.57, -90.51, -68.22] -108.77  Inventory: [645.0, 135.0, 0.0]  Order: [9.54, 10.2, 10.06] Demand: [6.455]
Reward for thread 3: [-210.95, -78.31, -79.58] -122.95  Inventory: [622.0, 3.0, 35.0]  Order: [9.85, 9.92, 10.06] Demand: [6.725]
Reward for thread 4: [-194.6, -73.5, -69.48] -112.53  Inventory: [796.0, 63.0, 36.0]  Order: [8.75, 9.07, 9.22] Demand: [4.92]
Reward for thread 5: [-349.96, -141.75, -123.04] -204.92  Inventory: [0.0, 0.0, 0.0]  Order: [11.68, 11.71, 11.48] Demand: [17.24]

 Algo happo Exp ippo_seed14_formal_v1 updates 23/3000 episodes, total num timesteps 24000/3000000, FPS 118.

Reward for thread 1: [-155.77, -58.12, -63.08] -92.32  Inventory: [0.0, 46.0, 0.0]  Order: [11.68, 11.96, 11.96] Demand: [14.22]
Reward for thread 2: [-134.66, -74.57, -56.58] -88.6  Inventory: [584.0, 85.0, 0.0]  Order: [7.92, 8.35, 8.29] Demand: [5.03]
Reward for thread 3: [-146.69, -99.46, -68.0] -104.72  Inventory: [627.0, 112.0, 65.0]  Order: [9.02, 9.43, 9.59] Demand: [5.97]
Reward for thread 4: [-49.84, -57.48, -39.85] -49.06  Inventory: [0.0, 0.0, 0.0]  Order: [10.06, 9.86, 9.69] Demand: [10.57]
Reward for thread 5: [-119.35, -74.94, -70.22] -88.17  Inventory: [272.0, 44.0, 0.0]  Order: [10.27, 10.59, 10.5] Demand: [8.945]

 Algo happo Exp ippo_seed14_formal_v1 updates 24/3000 episodes, total num timesteps 25000/3000000, FPS 119.

Reward for thread 1: [-125.77, -117.24, -69.42] -104.14  Inventory: [518.0, 0.0, 0.0]  Order: [11.72, 11.74, 11.5] Demand: [8.91]
Reward for thread 2: [-136.98, -78.65, -66.72] -94.12  Inventory: [0.0, 0.0, 0.0]  Order: [11.74, 11.34, 11.14] Demand: [13.225]
Reward for thread 3: [-110.31, -58.66, -55.84] -74.94  Inventory: [157.0, 89.0, 25.0]  Order: [10.44, 10.84, 10.86] Demand: [9.715]
Reward for thread 4: [-132.2, -81.85, -79.97] -98.01  Inventory: [0.0, 0.0, 0.0]  Order: [11.9, 11.93, 11.58] Demand: [13.06]
Reward for thread 5: [-85.3, -59.27, -51.65] -65.41  Inventory: [252.0, 71.0, 0.0]  Order: [9.82, 10.16, 10.11] Demand: [8.69]

Eval average reward:  -101.0805  Eval ordering fluctuation measurement (downstream to upstream):  [1.1235587028533474, 0.37973407811116444, 0.7482005026974752]
A better model is saved!

 Algo happo Exp ippo_seed14_formal_v1 updates 25/3000 episodes, total num timesteps 26000/3000000, FPS 116.

Reward for thread 1: [-151.19, -61.54, -59.29] -90.67  Inventory: [0.0, 0.0, 0.0]  Order: [11.29, 11.58, 11.3] Demand: [12.565]
Reward for thread 2: [-220.17, -77.4, -75.93] -124.5  Inventory: [731.0, 0.0, 0.0]  Order: [9.83, 10.09, 9.87] Demand: [6.095]
Reward for thread 3: [-117.89, -54.92, -46.71] -73.17  Inventory: [0.0, 0.0, 0.0]  Order: [9.16, 9.15, 9.1] Demand: [10.795]
Reward for thread 4: [-82.74, -45.73, -36.4] -54.96  Inventory: [82.0, 0.0, 0.0]  Order: [8.85, 8.94, 8.88] Demand: [8.455]
Reward for thread 5: [-125.01, -75.98, -53.98] -84.99  Inventory: [0.0, 0.0, 0.0]  Order: [9.48, 9.26, 9.14] Demand: [11.61]

 Algo happo Exp ippo_seed14_formal_v1 updates 26/3000 episodes, total num timesteps 27000/3000000, FPS 117.

Reward for thread 1: [-256.46, -118.22, -91.67] -155.45  Inventory: [0.0, 0.0, 0.0]  Order: [12.16, 11.72, 11.64] Demand: [15.2]
Reward for thread 2: [-157.56, -74.33, -64.43] -98.77  Inventory: [0.0, 0.0, 0.0]  Order: [11.08, 10.87, 10.72] Demand: [13.885]
Reward for thread 3: [-120.69, -67.92, -54.45] -81.02  Inventory: [0.0, 0.0, 0.0]  Order: [9.09, 9.2, 8.87] Demand: [10.935]
Reward for thread 4: [-299.02, -93.4, -89.79] -160.74  Inventory: [961.0, 6.0, 0.0]  Order: [8.32, 8.28, 8.22] Demand: [3.465]
Reward for thread 5: [-262.47, -127.15, -91.14] -160.25  Inventory: [824.0, 138.0, 0.0]  Order: [7.8, 8.49, 8.38] Demand: [3.92]

 Algo happo Exp ippo_seed14_formal_v1 updates 27/3000 episodes, total num timesteps 28000/3000000, FPS 118.

Reward for thread 1: [-265.21, -91.43, -100.39] -152.34  Inventory: [0.0, 13.0, 0.0]  Order: [12.04, 12.12, 11.98] Demand: [16.585]
Reward for thread 2: [-79.51, -37.39, -42.85] -53.25  Inventory: [0.0, 0.0, 0.0]  Order: [11.16, 11.52, 11.25] Demand: [12.275]
Reward for thread 3: [-92.86, -55.24, -42.39] -63.5  Inventory: [275.0, 60.0, 15.0]  Order: [7.74, 8.06, 8.06] Demand: [6.47]
Reward for thread 4: [-123.27, -79.95, -74.9] -92.71  Inventory: [0.0, 0.0, 0.0]  Order: [12.55, 12.6, 12.36] Demand: [13.99]
Reward for thread 5: [-193.11, -73.44, -71.89] -112.81  Inventory: [549.0, 63.0, 0.0]  Order: [7.06, 7.36, 7.23] Demand: [4.405]

 Algo happo Exp ippo_seed14_formal_v1 updates 28/3000 episodes, total num timesteps 29000/3000000, FPS 118.

Reward for thread 1: [-305.26, -100.67, -100.15] -168.69  Inventory: [0.0, 0.0, 0.0]  Order: [11.64, 11.94, 11.7] Demand: [14.1]
Reward for thread 2: [-22.9, -22.64, -25.35] -23.63  Inventory: [12.0, 33.0, 0.0]  Order: [11.02, 11.42, 11.22] Demand: [11.105]
Reward for thread 3: [-153.46, -58.24, -58.61] -90.1  Inventory: [0.0, 0.0, 0.0]  Order: [11.9, 11.62, 11.42] Demand: [13.735]
Reward for thread 4: [-263.75, -86.5, -87.61] -145.95  Inventory: [0.0, 0.0, 0.0]  Order: [11.2, 11.32, 10.98] Demand: [15.275]
Reward for thread 5: [-397.95, -142.65, -126.2] -222.27  Inventory: [1322.0, 65.0, 24.0]  Order: [8.03, 8.15, 8.26] Demand: [1.58]

 Algo happo Exp ippo_seed14_formal_v1 updates 29/3000 episodes, total num timesteps 30000/3000000, FPS 119.

Reward for thread 1: [-130.54, -65.16, -59.78] -85.16  Inventory: [0.0, 0.0, 0.0]  Order: [11.29, 10.88, 10.87] Demand: [13.14]
Reward for thread 2: [-147.14, -77.06, -58.7] -94.3  Inventory: [333.0, 195.0, 2.0]  Order: [7.8, 8.67, 8.51] Demand: [6.275]
Reward for thread 3: [-56.24, -48.68, -32.2] -45.71  Inventory: [0.0, 0.0, 4.0]  Order: [9.58, 9.4, 9.4] Demand: [10.725]
Reward for thread 4: [-163.23, -79.68, -67.52] -103.48  Inventory: [0.0, 16.0, 66.0]  Order: [7.5, 7.62, 7.86] Demand: [7.8]
Reward for thread 5: [-162.19, -96.26, -61.58] -106.68  Inventory: [681.0, 19.0, 0.0]  Order: [7.88, 7.94, 7.84] Demand: [4.605]

Eval average reward:  -104.288  Eval ordering fluctuation measurement (downstream to upstream):  [1.148097941603689, 1.0276570297062673, 0.6666163645232808]

 Algo happo Exp ippo_seed14_formal_v1 updates 30/3000 episodes, total num timesteps 31000/3000000, FPS 117.

Reward for thread 1: [-119.46, -58.5, -57.76] -78.57  Inventory: [0.0, 0.0, 0.0]  Order: [10.6, 10.8, 10.26] Demand: [13.11]
Reward for thread 2: [-76.14, -62.58, -50.33] -63.02  Inventory: [189.0, 65.0, 93.0]  Order: [8.14, 8.28, 8.6] Demand: [7.215]
Reward for thread 3: [-68.66, -78.49, -53.95] -67.03  Inventory: [133.0, 56.0, 0.0]  Order: [7.81, 8.04, 7.9] Demand: [7.25]
Reward for thread 4: [-193.96, -88.15, -72.61] -118.24  Inventory: [739.0, 121.0, 0.0]  Order: [8.31, 8.86, 8.74] Demand: [4.675]
Reward for thread 5: [-336.92, -190.1, -127.81] -218.28  Inventory: [0.0, 0.0, 0.0]  Order: [13.0, 11.83, 11.68] Demand: [14.72]

 Algo happo Exp ippo_seed14_formal_v1 updates 31/3000 episodes, total num timesteps 32000/3000000, FPS 117.

Reward for thread 1: [-197.2, -79.77, -65.15] -114.04  Inventory: [703.0, 146.0, 68.0]  Order: [7.62, 8.18, 8.33] Demand: [4.27]
Reward for thread 2: [-56.34, -55.59, -38.37] -50.1  Inventory: [172.0, 88.0, 0.0]  Order: [7.54, 7.9, 7.76] Demand: [6.81]
Reward for thread 3: [-187.21, -83.38, -69.77] -113.45  Inventory: [654.0, 12.0, 33.0]  Order: [7.3, 7.27, 7.24] Demand: [4.155]
Reward for thread 4: [-302.77, -116.14, -93.44] -170.78  Inventory: [1029.0, 12.0, 0.0]  Order: [7.79, 7.88, 7.76] Demand: [2.7]
Reward for thread 5: [-106.43, -69.41, -57.86] -77.9  Inventory: [112.0, 81.0, 22.0]  Order: [8.41, 8.68, 8.62] Demand: [7.93]

 Algo happo Exp ippo_seed14_formal_v1 updates 32/3000 episodes, total num timesteps 33000/3000000, FPS 118.

Reward for thread 1: [-199.26, -85.97, -75.54] -120.26  Inventory: [0.0, 0.0, 0.0]  Order: [12.0, 11.88, 11.86] Demand: [14.58]
Reward for thread 2: [-250.17, -122.01, -104.75] -158.98  Inventory: [0.0, 0.0, 0.0]  Order: [12.88, 12.57, 12.38] Demand: [13.2]
Reward for thread 3: [-29.34, -34.94, -36.74] -33.67  Inventory: [72.0, 10.0, 0.0]  Order: [10.75, 11.14, 10.92] Demand: [10.34]
Reward for thread 4: [-150.35, -75.63, -61.04] -95.67  Inventory: [568.0, 53.0, 35.0]  Order: [8.3, 8.4, 8.37] Demand: [5.535]
Reward for thread 5: [-80.74, -60.86, -49.83] -63.81  Inventory: [287.0, 75.0, 53.0]  Order: [10.19, 10.36, 10.54] Demand: [8.865]

 Algo happo Exp ippo_seed14_formal_v1 updates 33/3000 episodes, total num timesteps 34000/3000000, FPS 118.

Reward for thread 1: [-193.38, -82.44, -79.16] -118.33  Inventory: [747.0, 0.0, 74.0]  Order: [10.09, 10.04, 10.22] Demand: [6.405]
Reward for thread 2: [-130.69, -58.7, -49.62] -79.67  Inventory: [408.0, 24.0, 35.0]  Order: [8.23, 8.22, 8.38] Demand: [6.29]
Reward for thread 3: [-226.8, -95.6, -78.91] -133.77  Inventory: [868.0, 68.0, 22.0]  Order: [7.11, 7.34, 7.27] Demand: [2.89]
Reward for thread 4: [-275.15, -99.75, -91.2] -155.37  Inventory: [882.0, 181.0, 8.0]  Order: [6.72, 7.54, 7.47] Demand: [2.51]
Reward for thread 5: [-161.8, -69.36, -67.82] -99.66  Inventory: [488.0, 28.0, 15.0]  Order: [7.52, 7.64, 7.59] Demand: [5.19]

 Algo happo Exp ippo_seed14_formal_v1 updates 34/3000 episodes, total num timesteps 35000/3000000, FPS 119.

Reward for thread 1: [-64.53, -45.73, -39.03] -49.76  Inventory: [198.0, 0.0, 0.0]  Order: [10.27, 10.26, 10.05] Demand: [9.225]
Reward for thread 2: [-267.11, -114.96, -92.05] -158.04  Inventory: [851.0, 34.0, 58.0]  Order: [6.83, 6.79, 6.94] Demand: [2.725]
Reward for thread 3: [-173.98, -77.88, -67.88] -106.58  Inventory: [0.0, 0.0, 0.0]  Order: [10.94, 10.98, 10.74] Demand: [14.36]
Reward for thread 4: [-152.75, -65.65, -58.54] -92.31  Inventory: [562.0, 52.0, 72.0]  Order: [7.33, 7.47, 7.67] Demand: [4.68]
Reward for thread 5: [-172.72, -72.1, -67.66] -104.16  Inventory: [629.0, 92.0, 20.0]  Order: [7.26, 7.66, 7.68] Demand: [4.21]

Eval average reward:  -113.44025  Eval ordering fluctuation measurement (downstream to upstream):  [1.1412243311996844, 1.048533889602394, 0.6815938329545825]

 Algo happo Exp ippo_seed14_formal_v1 updates 35/3000 episodes, total num timesteps 36000/3000000, FPS 117.

Reward for thread 1: [-39.8, -49.9, -30.42] -40.04  Inventory: [0.0, 25.0, 56.0]  Order: [8.16, 8.12, 8.24] Demand: [8.3]
Reward for thread 2: [-378.86, -148.0, -120.99] -215.95  Inventory: [0.0, 0.0, 0.0]  Order: [12.21, 11.76, 11.59] Demand: [16.39]
Reward for thread 3: [-167.77, -111.98, -74.61] -118.12  Inventory: [0.0, 0.0, 0.0]  Order: [11.86, 11.0, 10.88] Demand: [11.27]
Reward for thread 4: [-247.12, -96.18, -87.46] -143.59  Inventory: [898.0, 109.0, 34.0]  Order: [7.46, 7.81, 7.88] Demand: [3.17]
Reward for thread 5: [-95.19, -50.14, -39.55] -61.63  Inventory: [252.0, 0.0, 11.0]  Order: [9.9, 9.82, 9.86] Demand: [8.735]

 Algo happo Exp ippo_seed14_formal_v1 updates 36/3000 episodes, total num timesteps 37000/3000000, FPS 117.

Reward for thread 1: [-138.34, -90.14, -59.52] -96.0  Inventory: [0.0, 158.0, 21.0]  Order: [6.38, 7.1, 7.08] Demand: [6.56]
Reward for thread 2: [-53.27, -42.6, -36.67] -44.18  Inventory: [206.0, 30.0, 8.0]  Order: [9.18, 9.26, 9.3] Demand: [8.275]
Reward for thread 3: [-209.08, -99.67, -76.36] -128.37  Inventory: [0.0, 0.0, 0.0]  Order: [10.83, 10.39, 10.25] Demand: [14.88]
Reward for thread 4: [-46.81, -51.77, -30.66] -43.08  Inventory: [135.0, 142.0, 0.0]  Order: [7.46, 8.07, 7.96] Demand: [7.]
Reward for thread 5: [-55.62, -69.21, -43.65] -56.16  Inventory: [0.0, 0.0, 0.0]  Order: [9.57, 9.51, 9.28] Demand: [9.665]

 Algo happo Exp ippo_seed14_formal_v1 updates 37/3000 episodes, total num timesteps 38000/3000000, FPS 118.

Reward for thread 1: [-45.39, -43.69, -44.36] -44.48  Inventory: [99.0, 0.0, 64.0]  Order: [6.68, 6.59, 6.74] Demand: [6.26]
Reward for thread 2: [-127.72, -67.47, -56.3] -83.83  Inventory: [0.0, 0.0, 0.0]  Order: [9.86, 9.56, 9.44] Demand: [12.695]
Reward for thread 3: [-18.67, -23.82, -23.57] -22.02  Inventory: [42.0, 7.0, 0.0]  Order: [8.98, 9.28, 9.02] Demand: [8.95]
Reward for thread 4: [-329.31, -205.11, -123.47] -219.3  Inventory: [0.0, 0.0, 0.0]  Order: [13.34, 11.76, 11.52] Demand: [16.32]
Reward for thread 5: [-173.64, -74.38, -69.44] -105.82  Inventory: [555.0, 25.0, 47.0]  Order: [7.74, 7.67, 7.69] Demand: [5.06]

 Algo happo Exp ippo_seed14_formal_v1 updates 38/3000 episodes, total num timesteps 39000/3000000, FPS 118.

Reward for thread 1: [-38.85, -40.33, -30.98] -36.72  Inventory: [40.0, 0.0, 64.0]  Order: [9.32, 9.19, 9.3] Demand: [9.19]
Reward for thread 2: [-312.84, -140.55, -105.12] -186.17  Inventory: [0.0, 0.0, 0.0]  Order: [12.44, 11.46, 11.32] Demand: [16.35]
Reward for thread 3: [-70.08, -50.81, -43.46] -54.78  Inventory: [307.0, 28.0, 14.0]  Order: [9.11, 9.18, 9.09] Demand: [7.68]
Reward for thread 4: [-38.46, -27.58, -25.52] -30.52  Inventory: [237.0, 2.0, 0.0]  Order: [7.98, 8.01, 7.99] Demand: [6.9]
Reward for thread 5: [-271.92, -114.0, -101.3] -162.41  Inventory: [798.0, 61.0, 87.0]  Order: [6.99, 7.08, 7.33] Demand: [3.21]

 Algo happo Exp ippo_seed14_formal_v1 updates 39/3000 episodes, total num timesteps 40000/3000000, FPS 119.

Reward for thread 1: [-102.27, -50.16, -54.83] -69.09  Inventory: [278.0, 32.0, 0.0]  Order: [6.68, 6.79, 6.56] Demand: [5.365]
Reward for thread 2: [-42.33, -43.42, -34.83] -40.19  Inventory: [119.0, 48.0, 1.0]  Order: [7.56, 7.83, 7.7] Demand: [7.19]
Reward for thread 3: [-39.7, -43.01, -34.85] -39.19  Inventory: [9.0, 0.0, 0.0]  Order: [8.93, 8.65, 8.58] Demand: [8.73]
Reward for thread 4: [-169.5, -100.5, -69.68] -113.23  Inventory: [410.0, 184.0, 11.0]  Order: [5.75, 6.67, 6.64] Demand: [3.87]
Reward for thread 5: [-131.65, -60.59, -59.83] -84.02  Inventory: [390.0, 16.0, 89.0]  Order: [6.14, 6.06, 6.28] Demand: [4.35]

Eval average reward:  -105.12966666666665  Eval ordering fluctuation measurement (downstream to upstream):  [1.0630423593336817, 1.0748561585343712, 0.7142534907024161]

 Algo happo Exp ippo_seed14_formal_v1 updates 40/3000 episodes, total num timesteps 41000/3000000, FPS 117.

Reward for thread 1: [-96.48, -98.7, -61.85] -85.68  Inventory: [189.0, 101.0, 41.0]  Order: [11.12, 11.44, 11.48] Demand: [10.295]
Reward for thread 2: [-39.91, -45.62, -37.34] -40.96  Inventory: [24.0, 54.0, 20.0]  Order: [7.88, 8.0, 7.99] Demand: [7.89]
Reward for thread 3: [-139.61, -74.25, -108.43] -107.43  Inventory: [458.0, 112.0, 48.0]  Order: [5.85, 6.32, 6.48] Demand: [3.68]
Reward for thread 4: [-196.23, -79.09, -73.51] -116.28  Inventory: [521.0, 68.0, 34.0]  Order: [6.13, 6.28, 6.26] Demand: [3.72]
Reward for thread 5: [-266.39, -143.85, -105.76] -172.0  Inventory: [0.0, 0.0, 0.0]  Order: [13.08, 12.34, 12.18] Demand: [16.295]

 Algo happo Exp ippo_seed14_formal_v1 updates 41/3000 episodes, total num timesteps 42000/3000000, FPS 118.

Reward for thread 1: [-75.01, -60.47, -47.21] -60.9  Inventory: [133.0, 102.0, 40.0]  Order: [9.15, 9.49, 9.49] Demand: [8.675]
Reward for thread 2: [-37.08, -51.75, -36.61] -41.81  Inventory: [4.0, 0.0, 33.0]  Order: [8.78, 8.58, 8.65] Demand: [8.64]
Reward for thread 3: [-250.7, -114.7, -86.98] -150.79  Inventory: [0.0, 0.0, 0.0]  Order: [13.42, 12.56, 12.32] Demand: [16.06]
Reward for thread 4: [-206.35, -118.11, -113.08] -145.85  Inventory: [532.0, 166.0, 135.0]  Order: [5.2, 5.85, 6.36] Demand: [2.715]
Reward for thread 5: [-63.9, -63.88, -41.18] -56.32  Inventory: [0.0, 0.0, 0.0]  Order: [7.25, 7.54, 7.16] Demand: [8.68]

 Algo happo Exp ippo_seed14_formal_v1 updates 42/3000 episodes, total num timesteps 43000/3000000, FPS 118.

Reward for thread 1: [-235.18, -143.05, -88.32] -155.52  Inventory: [0.0, 0.0, 0.0]  Order: [13.63, 11.94, 11.79] Demand: [15.635]
Reward for thread 2: [-42.43, -48.16, -29.54] -40.04  Inventory: [0.0, 0.0, 0.0]  Order: [10.52, 10.76, 10.46] Demand: [10.905]
Reward for thread 3: [-113.5, -61.89, -54.43] -76.61  Inventory: [134.0, 115.0, 36.0]  Order: [7.22, 7.65, 7.66] Demand: [6.74]
Reward for thread 4: [-171.16, -108.29, -67.37] -115.61  Inventory: [0.0, 0.0, 0.0]  Order: [12.16, 11.24, 11.04] Demand: [14.99]
Reward for thread 5: [-85.13, -63.83, -45.53] -64.83  Inventory: [345.0, 0.0, 31.0]  Order: [9.51, 9.36, 9.35] Demand: [7.87]

 Algo happo Exp ippo_seed14_formal_v1 updates 43/3000 episodes, total num timesteps 44000/3000000, FPS 119.

Reward for thread 1: [-39.77, -48.66, -28.64] -39.02  Inventory: [41.0, 52.0, 16.0]  Order: [7.34, 7.48, 7.43] Demand: [7.235]
Reward for thread 2: [-88.5, -51.39, -47.02] -62.3  Inventory: [55.0, 55.0, 0.0]  Order: [6.68, 6.96, 6.84] Demand: [6.5]
Reward for thread 3: [-195.11, -84.51, -70.25] -116.62  Inventory: [0.0, 0.0, 0.0]  Order: [12.04, 11.5, 11.27] Demand: [15.505]
Reward for thread 4: [-107.74, -88.78, -49.84] -82.12  Inventory: [262.0, 260.0, 21.0]  Order: [7.68, 8.76, 8.8] Demand: [6.52]
Reward for thread 5: [-116.72, -127.08, -62.05] -101.95  Inventory: [84.0, 0.0, 0.0]  Order: [13.76, 12.44, 12.27] Demand: [12.115]

 Algo happo Exp ippo_seed14_formal_v1 updates 44/3000 episodes, total num timesteps 45000/3000000, FPS 119.

Reward for thread 1: [-76.75, -54.5, -51.56] -60.94  Inventory: [99.0, 0.0, 92.0]  Order: [10.43, 10.26, 10.48] Demand: [9.96]
Reward for thread 2: [-38.18, -52.99, -37.04] -42.74  Inventory: [27.0, 34.0, 79.0]  Order: [6.64, 6.67, 6.89] Demand: [6.555]
Reward for thread 3: [-120.39, -53.43, -45.84] -73.22  Inventory: [0.0, 0.0, 0.0]  Order: [12.76, 12.65, 12.54] Demand: [13.345]
Reward for thread 4: [-80.9, -60.4, -49.18] -63.49  Inventory: [21.0, 111.0, 48.0]  Order: [6.26, 6.74, 6.78] Demand: [6.31]
Reward for thread 5: [-86.92, -51.78, -46.42] -61.71  Inventory: [0.0, 0.0, 3.0]  Order: [12.02, 11.81, 11.83] Demand: [13.91]

Eval average reward:  -100.60566666666665  Eval ordering fluctuation measurement (downstream to upstream):  [1.0327024158021185, 1.0261005175121964, 0.7167146183830788]
A better model is saved!

 Algo happo Exp ippo_seed14_formal_v1 updates 45/3000 episodes, total num timesteps 46000/3000000, FPS 117.

Reward for thread 1: [-111.24, -70.62, -50.37] -77.41  Inventory: [0.0, 0.0, 0.0]  Order: [13.66, 12.9, 12.86] Demand: [13.455]
Reward for thread 2: [-175.15, -80.2, -71.08] -108.81  Inventory: [624.0, 66.0, 54.0]  Order: [6.43, 6.56, 6.69] Demand: [3.43]
Reward for thread 3: [-156.23, -112.89, -69.91] -113.01  Inventory: [0.0, 0.0, 0.0]  Order: [13.48, 13.24, 13.18] Demand: [14.825]
Reward for thread 4: [-57.81, -59.18, -46.04] -54.34  Inventory: [151.0, 109.0, 0.0]  Order: [5.92, 6.3, 6.18] Demand: [5.37]
Reward for thread 5: [-228.84, -82.12, -75.56] -128.84  Inventory: [0.0, 1.0, 0.0]  Order: [12.36, 12.51, 12.3] Demand: [15.61]

 Algo happo Exp ippo_seed14_formal_v1 updates 46/3000 episodes, total num timesteps 47000/3000000, FPS 118.

Reward for thread 1: [-53.58, -46.4, -39.73] -46.57  Inventory: [0.0, 34.0, 11.0]  Order: [8.44, 8.51, 8.41] Demand: [8.615]
Reward for thread 2: [-124.14, -69.25, -52.02] -81.8  Inventory: [0.0, 0.0, 0.0]  Order: [13.18, 12.65, 12.6] Demand: [15.185]
Reward for thread 3: [-156.38, -117.94, -74.94] -116.42  Inventory: [538.0, 193.0, 127.0]  Order: [7.01, 7.84, 8.22] Demand: [4.555]
Reward for thread 4: [-57.27, -47.32, -35.22] -46.6  Inventory: [0.0, 0.0, 0.0]  Order: [9.68, 9.24, 9.2] Demand: [10.025]
Reward for thread 5: [-116.53, -67.1, -50.54] -78.06  Inventory: [172.0, 97.0, 76.0]  Order: [11.16, 11.44, 11.6] Demand: [10.43]

 Algo happo Exp ippo_seed14_formal_v1 updates 47/3000 episodes, total num timesteps 48000/3000000, FPS 118.

Reward for thread 1: [-170.02, -122.23, -83.74] -125.33  Inventory: [481.0, 166.0, 0.0]  Order: [5.47, 6.29, 6.2] Demand: [3.21]
Reward for thread 2: [-292.6, -140.27, -99.39] -177.42  Inventory: [0.0, 0.0, 0.0]  Order: [13.6, 12.94, 12.84] Demand: [16.12]
Reward for thread 3: [-37.46, -45.1, -32.52] -38.36  Inventory: [64.0, 112.0, 24.0]  Order: [9.71, 10.12, 10.07] Demand: [9.63]
Reward for thread 4: [-110.66, -53.98, -42.19] -68.94  Inventory: [0.0, 0.0, 0.0]  Order: [10.88, 10.6, 10.34] Demand: [13.47]
Reward for thread 5: [-114.73, -64.02, -49.65] -76.13  Inventory: [262.0, 124.0, 52.0]  Order: [11.74, 12.15, 12.26] Demand: [10.56]

 Algo happo Exp ippo_seed14_formal_v1 updates 48/3000 episodes, total num timesteps 49000/3000000, FPS 119.

Reward for thread 1: [-132.72, -91.16, -59.23] -94.37  Inventory: [408.0, 136.0, 6.0]  Order: [6.82, 7.4, 7.26] Demand: [4.855]
Reward for thread 2: [-67.52, -74.74, -43.82] -62.03  Inventory: [254.0, 194.0, 12.0]  Order: [6.11, 6.93, 6.84] Demand: [4.925]
Reward for thread 3: [-218.62, -90.96, -74.81] -128.13  Inventory: [0.0, 0.0, 0.0]  Order: [12.98, 13.0, 12.96] Demand: [17.06]
Reward for thread 4: [-63.07, -38.66, -30.4] -44.04  Inventory: [88.0, 112.0, 14.0]  Order: [9.82, 10.19, 10.1] Demand: [9.595]
Reward for thread 5: [-106.0, -93.66, -55.66] -85.11  Inventory: [255.0, 153.0, 2.0]  Order: [5.94, 6.72, 6.72] Demand: [4.86]

 Algo happo Exp ippo_seed14_formal_v1 updates 49/3000 episodes, total num timesteps 50000/3000000, FPS 119.

Reward for thread 1: [-49.34, -35.31, -27.66] -37.44  Inventory: [0.0, 0.0, 13.0]  Order: [12.02, 11.92, 11.94] Demand: [13.325]
Reward for thread 2: [-94.35, -95.65, -54.67] -81.56  Inventory: [0.0, 0.0, 0.0]  Order: [8.72, 8.36, 8.26] Demand: [10.375]
Reward for thread 3: [-78.88, -71.73, -41.72] -64.11  Inventory: [246.0, 97.0, 26.0]  Order: [7.38, 7.7, 7.67] Demand: [6.265]
Reward for thread 4: [-79.68, -81.14, -42.02] -67.61  Inventory: [0.0, 49.0, 0.0]  Order: [6.53, 6.8, 6.76] Demand: [7.485]
Reward for thread 5: [-64.92, -36.44, -33.58] -44.98  Inventory: [0.0, 0.0, 0.0]  Order: [12.58, 12.44, 12.29] Demand: [13.025]

Eval average reward:  -88.56583333333334  Eval ordering fluctuation measurement (downstream to upstream):  [1.0830940238502882, 0.8591709767534015, 0.6872932922167164]
A better model is saved!

 Algo happo Exp ippo_seed14_formal_v1 updates 50/3000 episodes, total num timesteps 51000/3000000, FPS 118.

Reward for thread 1: [-54.29, -60.32, -34.38] -49.66  Inventory: [166.0, 189.0, 0.0]  Order: [6.83, 7.99, 7.98] Demand: [6.17]
Reward for thread 2: [-83.4, -75.71, -43.84] -67.65  Inventory: [332.0, 132.0, 24.0]  Order: [6.4, 6.86, 6.9] Demand: [4.92]
Reward for thread 3: [-53.62, -54.2, -33.39] -47.07  Inventory: [0.0, 20.0, 0.0]  Order: [10.8, 11.0, 11.04] Demand: [10.825]
Reward for thread 4: [-58.15, -78.61, -39.38] -58.71  Inventory: [0.0, 196.0, 0.0]  Order: [7.9, 8.82, 8.64] Demand: [7.945]
Reward for thread 5: [-107.48, -59.46, -46.24] -71.06  Inventory: [0.0, 10.0, 5.0]  Order: [10.58, 10.62, 10.56] Demand: [11.02]

 Algo happo Exp ippo_seed14_formal_v1 updates 51/3000 episodes, total num timesteps 52000/3000000, FPS 118.

Reward for thread 1: [-100.86, -156.3, -62.91] -106.69  Inventory: [212.0, 272.0, 32.0]  Order: [5.04, 6.22, 6.29] Demand: [4.095]
Reward for thread 2: [-37.04, -53.1, -29.28] -39.81  Inventory: [66.0, 153.0, 14.0]  Order: [8.52, 9.24, 9.12] Demand: [8.295]
Reward for thread 3: [-38.91, -32.6, -24.63] -32.05  Inventory: [0.0, 0.0, 0.0]  Order: [10.42, 10.26, 10.2] Demand: [11.255]
Reward for thread 4: [-88.47, -40.32, -38.26] -55.68  Inventory: [0.0, 9.0, 0.0]  Order: [11.68, 11.76, 11.66] Demand: [14.01]
Reward for thread 5: [-44.12, -41.02, -27.46] -37.53  Inventory: [38.0, 0.0, 0.0]  Order: [9.45, 9.6, 9.53] Demand: [9.24]

 Algo happo Exp ippo_seed14_formal_v1 updates 52/3000 episodes, total num timesteps 53000/3000000, FPS 118.

Reward for thread 1: [-57.32, -64.02, -37.75] -53.03  Inventory: [0.0, 0.0, 0.0]  Order: [8.15, 8.12, 8.11] Demand: [9.395]
Reward for thread 2: [-204.39, -76.28, -69.45] -116.71  Inventory: [0.0, 0.0, 5.0]  Order: [12.48, 12.45, 12.44] Demand: [15.135]
Reward for thread 3: [-209.36, -69.8, -66.31] -115.16  Inventory: [0.0, 0.0, 6.0]  Order: [12.3, 12.33, 12.19] Demand: [12.92]
Reward for thread 4: [-44.62, -56.42, -31.11] -44.05  Inventory: [104.0, 161.0, 22.0]  Order: [6.68, 7.34, 7.24] Demand: [6.355]
Reward for thread 5: [-132.92, -68.51, -52.6] -84.68  Inventory: [0.0, 0.0, 0.0]  Order: [11.28, 11.04, 10.95] Demand: [13.37]

 Algo happo Exp ippo_seed14_formal_v1 updates 53/3000 episodes, total num timesteps 54000/3000000, FPS 118.

Reward for thread 1: [-41.81, -48.34, -28.53] -39.56  Inventory: [0.0, 8.0, 0.0]  Order: [10.34, 10.43, 10.38] Demand: [11.25]
Reward for thread 2: [-180.9, -214.74, -92.61] -162.75  Inventory: [463.0, 401.0, 15.0]  Order: [4.48, 6.34, 6.32] Demand: [2.36]
Reward for thread 3: [-72.72, -70.08, -41.88] -61.56  Inventory: [141.0, 53.0, 20.0]  Order: [8.06, 8.24, 8.2] Demand: [7.535]
Reward for thread 4: [-55.63, -67.59, -35.95] -53.06  Inventory: [213.0, 197.0, 24.0]  Order: [7.84, 8.65, 8.56] Demand: [6.96]
Reward for thread 5: [-43.72, -52.98, -31.69] -42.8  Inventory: [0.0, 133.0, 3.0]  Order: [7.16, 7.76, 7.78] Demand: [7.305]

 Algo happo Exp ippo_seed14_formal_v1 updates 54/3000 episodes, total num timesteps 55000/3000000, FPS 119.

Reward for thread 1: [-301.9, -89.21, -89.44] -160.18  Inventory: [0.0, 47.0, 13.0]  Order: [12.58, 12.9, 12.84] Demand: [14.33]
Reward for thread 2: [-51.14, -35.69, -31.55] -39.46  Inventory: [0.0, 55.0, 22.0]  Order: [11.22, 11.38, 11.36] Demand: [12.985]
Reward for thread 3: [-68.77, -151.42, -59.17] -93.12  Inventory: [149.0, 431.0, 21.0]  Order: [6.2, 8.24, 8.24] Demand: [5.605]
Reward for thread 4: [-45.97, -57.58, -56.79] -53.45  Inventory: [46.0, 66.0, 30.0]  Order: [8.07, 8.35, 8.36] Demand: [8.04]
Reward for thread 5: [-157.06, -60.15, -56.22] -91.14  Inventory: [0.0, 0.0, 0.0]  Order: [11.18, 11.24, 11.2] Demand: [12.88]

Eval average reward:  -72.19308333333333  Eval ordering fluctuation measurement (downstream to upstream):  [0.9846325407373555, 0.664001912363985, 1.015070450971979]
A better model is saved!

 Algo happo Exp ippo_seed14_formal_v1 updates 55/3000 episodes, total num timesteps 56000/3000000, FPS 117.

Reward for thread 1: [-140.26, -132.66, -73.26] -115.39  Inventory: [501.0, 260.0, 0.0]  Order: [4.28, 5.62, 5.44] Demand: [2.025]
Reward for thread 2: [-133.37, -53.45, -47.61] -78.14  Inventory: [0.0, 0.0, 0.0]  Order: [11.61, 11.44, 11.29] Demand: [15.06]
Reward for thread 3: [-67.36, -81.1, -65.1] -71.19  Inventory: [129.0, 109.0, 101.0]  Order: [6.87, 7.36, 7.75] Demand: [6.46]
Reward for thread 4: [-41.99, -45.5, -32.23] -39.91  Inventory: [179.0, 46.0, 40.0]  Order: [8.85, 8.98, 9.06] Demand: [8.085]
Reward for thread 5: [-201.82, -151.25, -97.23] -150.1  Inventory: [339.0, 247.0, 135.0]  Order: [5.2, 6.23, 6.77] Demand: [3.735]

 Algo happo Exp ippo_seed14_formal_v1 updates 56/3000 episodes, total num timesteps 57000/3000000, FPS 118.

Reward for thread 1: [-100.72, -56.95, -45.2] -67.62  Inventory: [0.0, 47.0, 53.0]  Order: [12.3, 12.34, 12.44] Demand: [12.505]
Reward for thread 2: [-125.36, -71.08, -48.53] -81.66  Inventory: [0.0, 0.0, 8.0]  Order: [10.06, 9.74, 9.84] Demand: [12.865]
Reward for thread 3: [-93.46, -124.21, -63.01] -93.56  Inventory: [299.0, 319.0, 105.0]  Order: [4.7, 6.12, 6.44] Demand: [3.34]
Reward for thread 4: [-91.69, -55.69, -43.68] -63.69  Inventory: [0.0, 23.0, 8.0]  Order: [10.23, 10.32, 10.22] Demand: [11.7]
Reward for thread 5: [-278.02, -89.36, -84.78] -150.72  Inventory: [0.0, 0.0, 0.0]  Order: [12.53, 12.42, 12.32] Demand: [15.76]

 Algo happo Exp ippo_seed14_formal_v1 updates 57/3000 episodes, total num timesteps 58000/3000000, FPS 118.

Reward for thread 1: [-125.11, -145.77, -67.81] -112.9  Inventory: [313.0, 200.0, 24.0]  Order: [5.24, 6.08, 6.04] Demand: [3.835]
Reward for thread 2: [-32.07, -44.88, -27.16] -34.7  Inventory: [29.0, 4.0, 0.0]  Order: [9.3, 9.38, 9.2] Demand: [9.18]
Reward for thread 3: [-41.26, -48.61, -30.11] -39.99  Inventory: [105.0, 102.0, 11.0]  Order: [9.92, 10.33, 10.18] Demand: [9.44]
Reward for thread 4: [-43.25, -49.69, -34.06] -42.33  Inventory: [69.0, 84.0, 9.0]  Order: [5.62, 5.9, 5.94] Demand: [5.345]
Reward for thread 5: [-51.7, -69.07, -38.74] -53.17  Inventory: [61.0, 110.0, 10.0]  Order: [6.04, 6.5, 6.4] Demand: [5.965]

 Algo happo Exp ippo_seed14_formal_v1 updates 58/3000 episodes, total num timesteps 59000/3000000, FPS 118.

Reward for thread 1: [-104.73, -86.42, -67.56] -86.24  Inventory: [296.0, 104.0, 122.0]  Order: [6.24, 6.57, 7.04] Demand: [4.91]
Reward for thread 2: [-94.83, -62.24, -46.63] -67.9  Inventory: [36.0, 171.0, 28.0]  Order: [11.37, 12.1, 12.16] Demand: [11.32]
Reward for thread 3: [-58.58, -79.57, -41.04] -59.73  Inventory: [87.0, 188.0, 20.0]  Order: [5.97, 6.74, 6.66] Demand: [5.595]
Reward for thread 4: [-124.71, -54.47, -46.91] -75.36  Inventory: [0.0, 0.0, 3.0]  Order: [12.53, 12.46, 12.4] Demand: [12.815]
Reward for thread 5: [-84.19, -65.65, -43.67] -64.5  Inventory: [0.0, 0.0, 0.0]  Order: [12.48, 12.42, 12.2] Demand: [14.325]

 Algo happo Exp ippo_seed14_formal_v1 updates 59/3000 episodes, total num timesteps 60000/3000000, FPS 118.

Reward for thread 1: [-46.93, -57.74, -38.66] -47.78  Inventory: [0.0, 0.0, 0.0]  Order: [11.29, 11.06, 10.98] Demand: [11.63]
Reward for thread 2: [-52.98, -63.33, -34.86] -50.39  Inventory: [48.0, 227.0, 46.0]  Order: [8.24, 9.19, 9.2] Demand: [8.205]
Reward for thread 3: [-69.68, -90.9, -45.46] -68.68  Inventory: [211.0, 221.0, 39.0]  Order: [5.52, 6.4, 6.54] Demand: [4.635]
Reward for thread 4: [-175.66, -75.73, -63.54] -104.98  Inventory: [0.0, 0.0, 0.0]  Order: [13.4, 13.34, 13.34] Demand: [16.3]
Reward for thread 5: [-57.96, -55.64, -39.02] -50.87  Inventory: [89.0, 82.0, 43.0]  Order: [10.3, 10.55, 10.75] Demand: [10.035]

Eval average reward:  -88.117  Eval ordering fluctuation measurement (downstream to upstream):  [1.1947685001412134, 0.8217377647188921, 0.6915454529208864]

 Algo happo Exp ippo_seed14_formal_v1 updates 60/3000 episodes, total num timesteps 61000/3000000, FPS 117.

Reward for thread 1: [-256.0, -87.15, -79.18] -140.78  Inventory: [0.0, 17.0, 1.0]  Order: [12.41, 12.44, 12.38] Demand: [14.96]
Reward for thread 2: [-58.72, -78.14, -38.78] -58.55  Inventory: [35.0, 305.0, 5.0]  Order: [5.56, 7.04, 6.94] Demand: [5.49]
Reward for thread 3: [-57.62, -89.98, -43.02] -63.54  Inventory: [110.0, 280.0, 84.0]  Order: [6.64, 7.82, 8.05] Demand: [6.335]
Reward for thread 4: [-57.12, -69.33, -42.69] -56.38  Inventory: [47.0, 176.0, 85.0]  Order: [7.24, 7.92, 8.2] Demand: [7.25]
Reward for thread 5: [-36.88, -53.01, -32.95] -40.95  Inventory: [0.0, 0.0, 0.0]  Order: [7.76, 7.7, 7.54] Demand: [7.715]

 Algo happo Exp ippo_seed14_formal_v1 updates 61/3000 episodes, total num timesteps 62000/3000000, FPS 117.

Reward for thread 1: [-134.4, -72.8, -55.02] -87.41  Inventory: [0.0, 7.0, 13.0]  Order: [9.78, 9.66, 9.59] Demand: [12.91]
Reward for thread 2: [-66.84, -136.97, -53.6] -85.8  Inventory: [117.0, 253.0, 37.0]  Order: [4.26, 5.32, 5.32] Demand: [3.89]
Reward for thread 3: [-92.16, -57.42, -42.25] -63.94  Inventory: [27.0, 169.0, 13.0]  Order: [8.33, 9.09, 9.01] Demand: [8.445]
Reward for thread 4: [-68.24, -136.29, -52.74] -85.76  Inventory: [17.0, 413.0, 1.0]  Order: [5.2, 7.06, 6.98] Demand: [5.345]
Reward for thread 5: [-91.79, -44.16, -38.91] -58.29  Inventory: [0.0, 0.0, 0.0]  Order: [10.78, 10.8, 10.67] Demand: [11.22]

 Algo happo Exp ippo_seed14_formal_v1 updates 62/3000 episodes, total num timesteps 63000/3000000, FPS 118.

Reward for thread 1: [-465.57, -130.21, -128.45] -241.41  Inventory: [0.0, 0.0, 6.0]  Order: [11.44, 11.39, 11.34] Demand: [17.31]
Reward for thread 2: [-66.66, -38.02, -32.75] -45.81  Inventory: [0.0, 0.0, 2.0]  Order: [11.0, 11.0, 10.92] Demand: [11.945]
Reward for thread 3: [-38.13, -40.99, -30.58] -36.57  Inventory: [60.0, 25.0, 0.0]  Order: [8.41, 8.64, 8.61] Demand: [8.315]
Reward for thread 4: [-431.97, -125.42, -126.86] -228.08  Inventory: [0.0, 7.0, 30.0]  Order: [11.23, 11.18, 11.22] Demand: [16.255]
Reward for thread 5: [-36.29, -56.35, -29.21] -40.62  Inventory: [0.0, 0.0, 0.0]  Order: [8.16, 7.87, 7.92] Demand: [7.96]

 Algo happo Exp ippo_seed14_formal_v1 updates 63/3000 episodes, total num timesteps 64000/3000000, FPS 118.

Reward for thread 1: [-48.53, -113.01, -47.77] -69.77  Inventory: [27.0, 439.0, 7.0]  Order: [4.63, 6.76, 6.66] Demand: [4.705]
Reward for thread 2: [-77.03, -42.9, -36.52] -52.15  Inventory: [0.0, 73.0, 85.0]  Order: [9.58, 9.72, 9.96] Demand: [9.755]
Reward for thread 3: [-40.47, -63.34, -34.35] -46.05  Inventory: [114.0, 214.0, 22.0]  Order: [6.11, 7.04, 7.04] Demand: [5.71]
Reward for thread 4: [-215.29, -81.69, -71.76] -122.91  Inventory: [0.0, 0.0, 0.0]  Order: [9.52, 9.46, 9.38] Demand: [14.565]
Reward for thread 5: [-45.13, -36.81, -27.35] -36.43  Inventory: [8.0, 0.0, 0.0]  Order: [10.32, 10.3, 10.26] Demand: [10.1]

 Algo happo Exp ippo_seed14_formal_v1 updates 64/3000 episodes, total num timesteps 65000/3000000, FPS 118.

Reward for thread 1: [-201.58, -70.24, -69.26] -113.69  Inventory: [0.0, 0.0, 21.0]  Order: [11.36, 11.28, 11.32] Demand: [11.32]
Reward for thread 2: [-135.63, -63.84, -53.63] -84.37  Inventory: [0.0, 0.0, 0.0]  Order: [10.78, 11.04, 10.96] Demand: [13.115]
Reward for thread 3: [-55.97, -37.04, -32.38] -41.8  Inventory: [39.0, 7.0, 0.0]  Order: [9.87, 9.92, 9.7] Demand: [9.765]
Reward for thread 4: [-123.41, -156.98, -70.93] -117.11  Inventory: [156.0, 439.0, 65.0]  Order: [4.31, 6.3, 6.48] Demand: [3.755]
Reward for thread 5: [-45.03, -88.46, -37.48] -56.99  Inventory: [52.0, 119.0, 37.0]  Order: [5.03, 5.46, 5.46] Demand: [4.99]

Eval average reward:  -113.0485  Eval ordering fluctuation measurement (downstream to upstream):  [1.2681380671597247, 1.0041982664195381, 1.1618973820392804]

 Algo happo Exp ippo_seed14_formal_v1 updates 65/3000 episodes, total num timesteps 66000/3000000, FPS 117.

Reward for thread 1: [-53.59, -91.77, -50.6] -65.32  Inventory: [60.0, 185.0, 84.0]  Order: [4.18, 4.89, 5.15] Demand: [4.085]
Reward for thread 2: [-58.67, -46.79, -31.63] -45.7  Inventory: [17.0, 113.0, 0.0]  Order: [9.97, 10.36, 10.28] Demand: [10.115]
Reward for thread 3: [-34.02, -46.95, -31.85] -37.61  Inventory: [0.0, 88.0, 20.0]  Order: [9.02, 9.42, 9.37] Demand: [9.19]
Reward for thread 4: [-46.76, -36.33, -29.68] -37.59  Inventory: [0.0, 74.0, 13.0]  Order: [9.74, 9.96, 9.86] Demand: [9.8]
Reward for thread 5: [-63.59, -112.33, -45.76] -73.89  Inventory: [128.0, 298.0, 8.0]  Order: [5.34, 6.7, 6.56] Demand: [4.925]

 Algo happo Exp ippo_seed14_formal_v1 updates 66/3000 episodes, total num timesteps 67000/3000000, FPS 118.

Reward for thread 1: [-38.36, -46.04, -34.46] -39.62  Inventory: [71.0, 68.0, 59.0]  Order: [8.56, 8.72, 8.86] Demand: [8.435]
Reward for thread 2: [-51.14, -44.1, -35.96] -43.73  Inventory: [0.0, 0.0, 0.0]  Order: [8.98, 8.98, 8.98] Demand: [9.705]
Reward for thread 3: [-75.56, -125.89, -68.6] -90.02  Inventory: [54.0, 401.0, 20.0]  Order: [3.1, 4.9, 4.86] Demand: [3.045]
Reward for thread 4: [-74.3, -45.16, -33.99] -51.15  Inventory: [70.0, 58.0, 5.0]  Order: [11.76, 11.98, 12.02] Demand: [11.66]
Reward for thread 5: [-29.37, -32.19, -26.11] -29.22  Inventory: [0.0, 0.0, 0.0]  Order: [10.2, 10.14, 9.93] Demand: [10.045]

 Algo happo Exp ippo_seed14_formal_v1 updates 67/3000 episodes, total num timesteps 68000/3000000, FPS 118.

Reward for thread 1: [-43.51, -53.16, -41.45] -46.04  Inventory: [0.0, 109.0, 49.0]  Order: [5.36, 5.67, 5.82] Demand: [5.475]
Reward for thread 2: [-48.71, -88.62, -51.9] -63.08  Inventory: [66.0, 235.0, 43.0]  Order: [4.13, 5.14, 5.18] Demand: [4.03]
Reward for thread 3: [-156.06, -55.84, -55.1] -89.0  Inventory: [0.0, 0.0, 0.0]  Order: [11.34, 11.16, 11.06] Demand: [15.14]
Reward for thread 4: [-57.68, -33.0, -28.24] -39.64  Inventory: [0.0, 11.0, 0.0]  Order: [12.52, 12.62, 12.58] Demand: [13.975]
Reward for thread 5: [-114.51, -49.83, -42.75] -69.03  Inventory: [0.0, 22.0, 0.0]  Order: [11.36, 11.51, 11.48] Demand: [13.545]

 Algo happo Exp ippo_seed14_formal_v1 updates 68/3000 episodes, total num timesteps 69000/3000000, FPS 118.

Reward for thread 1: [-46.41, -78.2, -45.71] -56.77  Inventory: [0.0, 99.0, 74.0]  Order: [5.58, 5.89, 6.04] Demand: [5.595]
Reward for thread 2: [-35.28, -51.67, -28.98] -38.64  Inventory: [102.0, 221.0, 0.0]  Order: [8.32, 9.27, 9.14] Demand: [8.055]
Reward for thread 3: [-150.57, -79.36, -56.52] -95.48  Inventory: [0.0, 0.0, 5.0]  Order: [11.99, 11.44, 11.39] Demand: [14.2]
Reward for thread 4: [-77.56, -80.24, -58.38] -72.06  Inventory: [0.0, 46.0, 91.0]  Order: [5.59, 5.6, 5.9] Demand: [5.6]
Reward for thread 5: [-104.05, -51.36, -42.01] -65.81  Inventory: [0.0, 0.0, 0.0]  Order: [11.51, 11.42, 11.34] Demand: [13.82]

 Algo happo Exp ippo_seed14_formal_v1 updates 69/3000 episodes, total num timesteps 70000/3000000, FPS 118.

Reward for thread 1: [-45.92, -55.02, -44.06] -48.33  Inventory: [0.0, 0.0, 0.0]  Order: [7.26, 6.98, 6.92] Demand: [7.915]
Reward for thread 2: [-46.23, -62.74, -42.3] -50.42  Inventory: [84.0, 45.0, 20.0]  Order: [6.12, 6.14, 6.05] Demand: [5.815]
Reward for thread 3: [-67.73, -64.14, -51.18] -61.02  Inventory: [0.0, 0.0, 0.0]  Order: [10.48, 10.2, 10.12] Demand: [10.38]
Reward for thread 4: [-85.12, -59.01, -50.77] -64.97  Inventory: [0.0, 0.0, 0.0]  Order: [9.32, 9.07, 8.97] Demand: [11.055]
Reward for thread 5: [-50.65, -64.92, -50.65] -55.41  Inventory: [59.0, 36.0, 128.0]  Order: [5.8, 5.78, 6.29] Demand: [5.735]

Eval average reward:  -156.90083333333334  Eval ordering fluctuation measurement (downstream to upstream):  [1.0917487725983084, 0.7638583452537111, 0.6146033424323274]

 Algo happo Exp ippo_seed14_formal_v1 updates 70/3000 episodes, total num timesteps 71000/3000000, FPS 117.

Reward for thread 1: [-71.69, -47.66, -36.28] -51.88  Inventory: [0.0, 16.0, 8.0]  Order: [11.0, 11.0, 11.0] Demand: [12.015]
Reward for thread 2: [-57.34, -72.77, -85.96] -72.02  Inventory: [56.0, 180.0, 135.0]  Order: [3.74, 4.51, 5.03] Demand: [3.71]
Reward for thread 3: [-86.62, -132.73, -107.38] -108.91  Inventory: [150.0, 293.0, 186.0]  Order: [4.5, 5.8, 6.62] Demand: [3.955]
Reward for thread 4: [-60.54, -58.66, -68.45] -62.55  Inventory: [127.0, 94.0, 202.0]  Order: [5.48, 5.71, 6.54] Demand: [5.08]
Reward for thread 5: [-46.76, -57.82, -40.24] -48.27  Inventory: [28.0, 95.0, 55.0]  Order: [8.88, 9.24, 9.36] Demand: [8.925]

 Algo happo Exp ippo_seed14_formal_v1 updates 71/3000 episodes, total num timesteps 72000/3000000, FPS 118.

Reward for thread 1: [-38.65, -47.74, -34.13] -40.17  Inventory: [19.0, 0.0, 0.0]  Order: [9.98, 9.84, 9.76] Demand: [9.585]
Reward for thread 2: [-47.26, -69.04, -41.05] -52.45  Inventory: [8.0, 73.0, 48.0]  Order: [9.94, 10.06, 10.16] Demand: [10.105]
Reward for thread 3: [-116.78, -59.23, -48.76] -74.92  Inventory: [0.0, 0.0, 0.0]  Order: [11.93, 11.78, 11.6] Demand: [12.39]
Reward for thread 4: [-156.62, -64.82, -56.26] -92.57  Inventory: [0.0, 0.0, 0.0]  Order: [13.28, 13.19, 13.06] Demand: [15.435]
Reward for thread 5: [-47.22, -57.58, -38.12] -47.64  Inventory: [0.0, 0.0, 0.0]  Order: [8.51, 8.17, 8.03] Demand: [9.05]

 Algo happo Exp ippo_seed14_formal_v1 updates 72/3000 episodes, total num timesteps 73000/3000000, FPS 118.

Reward for thread 1: [-38.22, -33.96, -25.86] -32.68  Inventory: [26.0, 0.0, 0.0]  Order: [10.53, 10.42, 10.28] Demand: [10.24]
Reward for thread 2: [-308.85, -107.4, -94.8] -170.35  Inventory: [0.0, 0.0, 0.0]  Order: [13.36, 12.98, 12.96] Demand: [17.66]
Reward for thread 3: [-71.6, -103.62, -79.75] -84.99  Inventory: [97.0, 192.0, 193.0]  Order: [3.62, 4.39, 5.2] Demand: [3.265]
Reward for thread 4: [-50.83, -74.5, -54.31] -59.88  Inventory: [101.0, 139.0, 158.0]  Order: [6.44, 6.96, 7.56] Demand: [6.045]
Reward for thread 5: [-61.08, -46.16, -35.66] -47.63  Inventory: [0.0, 0.0, 4.0]  Order: [11.25, 11.14, 11.06] Demand: [11.825]

 Algo happo Exp ippo_seed14_formal_v1 updates 73/3000 episodes, total num timesteps 74000/3000000, FPS 118.

Reward for thread 1: [-55.65, -45.96, -36.21] -45.94  Inventory: [0.0, 0.0, 0.0]  Order: [9.44, 9.22, 9.15] Demand: [10.43]
Reward for thread 2: [-59.41, -56.68, -42.33] -52.81  Inventory: [76.0, 147.0, 90.0]  Order: [8.1, 8.66, 8.95] Demand: [7.905]
Reward for thread 3: [-39.11, -47.08, -39.24] -41.81  Inventory: [40.0, 108.0, 143.0]  Order: [6.93, 7.25, 7.79] Demand: [6.96]
Reward for thread 4: [-47.26, -67.88, -63.32] -59.49  Inventory: [0.0, 99.0, 69.0]  Order: [4.78, 5.26, 5.45] Demand: [4.81]
Reward for thread 5: [-59.09, -42.08, -38.9] -46.69  Inventory: [0.0, 13.0, 0.0]  Order: [9.93, 10.0, 9.96] Demand: [11.605]

 Algo happo Exp ippo_seed14_formal_v1 updates 74/3000 episodes, total num timesteps 75000/3000000, FPS 118.

Reward for thread 1: [-57.07, -70.45, -67.37] -64.96  Inventory: [0.0, 102.0, 86.0]  Order: [6.42, 6.73, 6.97] Demand: [6.625]
Reward for thread 2: [-110.29, -60.83, -49.89] -73.67  Inventory: [0.0, 0.0, 3.0]  Order: [11.0, 10.72, 10.7] Demand: [13.51]
Reward for thread 3: [-206.82, -71.09, -67.68] -115.2  Inventory: [0.0, 0.0, 0.0]  Order: [12.63, 12.64, 12.58] Demand: [16.075]
Reward for thread 4: [-47.73, -37.62, -31.91] -39.09  Inventory: [0.0, 0.0, 0.0]  Order: [11.74, 11.84, 11.8] Demand: [12.645]
Reward for thread 5: [-332.82, -111.73, -99.14] -181.23  Inventory: [0.0, 0.0, 0.0]  Order: [13.57, 13.5, 13.37] Demand: [15.87]

Eval average reward:  -113.27391666666665  Eval ordering fluctuation measurement (downstream to upstream):  [1.1542229143470424, 0.9692953661456688, 0.6297423973833497]

 Algo happo Exp ippo_seed14_formal_v1 updates 75/3000 episodes, total num timesteps 76000/3000000, FPS 117.

Reward for thread 1: [-50.03, -54.82, -46.94] -50.6  Inventory: [0.0, 0.0, 0.0]  Order: [9.74, 9.38, 9.28] Demand: [10.16]
Reward for thread 2: [-47.13, -45.08, -35.11] -42.44  Inventory: [0.0, 0.0, 0.0]  Order: [11.23, 11.0, 10.96] Demand: [12.185]
Reward for thread 3: [-111.44, -60.72, -50.88] -74.35  Inventory: [0.0, 0.0, 0.0]  Order: [12.98, 12.64, 12.5] Demand: [14.865]
Reward for thread 4: [-39.06, -48.26, -33.16] -40.16  Inventory: [0.0, 0.0, 0.0]  Order: [10.37, 10.06, 9.91] Demand: [10.935]
Reward for thread 5: [-40.93, -47.28, -48.52] -45.58  Inventory: [78.0, 92.0, 40.0]  Order: [5.8, 6.02, 6.04] Demand: [5.655]

 Algo happo Exp ippo_seed14_formal_v1 updates 76/3000 episodes, total num timesteps 77000/3000000, FPS 118.

Reward for thread 1: [-93.44, -53.74, -44.34] -63.84  Inventory: [14.0, 0.0, 0.0]  Order: [13.54, 13.64, 13.68] Demand: [13.31]
Reward for thread 2: [-32.92, -42.82, -36.85] -37.53  Inventory: [16.0, 106.0, 74.0]  Order: [7.81, 8.14, 8.34] Demand: [7.98]
Reward for thread 3: [-143.93, -57.2, -52.85] -84.66  Inventory: [0.0, 0.0, 14.0]  Order: [13.26, 13.16, 13.14] Demand: [14.825]
Reward for thread 4: [-218.94, -72.62, -68.32] -119.96  Inventory: [0.0, 0.0, 0.0]  Order: [13.62, 13.46, 13.37] Demand: [16.765]
Reward for thread 5: [-26.47, -29.16, -26.42] -27.35  Inventory: [0.0, 0.0, 0.0]  Order: [10.83, 10.94, 10.87] Demand: [10.785]

 Algo happo Exp ippo_seed14_formal_v1 updates 77/3000 episodes, total num timesteps 78000/3000000, FPS 118.

Reward for thread 1: [-108.52, -54.31, -45.0] -69.28  Inventory: [0.0, 0.0, 0.0]  Order: [13.11, 13.18, 13.13] Demand: [15.45]
Reward for thread 2: [-37.12, -54.92, -49.24] -47.09  Inventory: [5.0, 0.0, 24.0]  Order: [5.91, 5.62, 5.54] Demand: [5.815]
Reward for thread 3: [-234.93, -84.42, -75.18] -131.51  Inventory: [0.0, 44.0, 14.0]  Order: [12.34, 12.5, 12.45] Demand: [16.185]
Reward for thread 4: [-160.82, -65.41, -57.08] -94.44  Inventory: [0.0, 0.0, 0.0]  Order: [12.64, 12.76, 12.61] Demand: [15.41]
Reward for thread 5: [-35.3, -41.55, -44.43] -40.43  Inventory: [28.0, 72.0, 77.0]  Order: [6.67, 6.79, 6.94] Demand: [6.755]

 Algo happo Exp ippo_seed14_formal_v1 updates 78/3000 episodes, total num timesteps 79000/3000000, FPS 118.

Reward for thread 1: [-50.81, -43.84, -52.21] -48.95  Inventory: [94.0, 110.0, 168.0]  Order: [7.3, 7.62, 8.28] Demand: [7.075]
Reward for thread 2: [-57.46, -65.32, -79.43] -67.4  Inventory: [38.0, 135.0, 150.0]  Order: [3.34, 3.8, 4.42] Demand: [3.4]
Reward for thread 3: [-78.77, -45.47, -43.03] -55.76  Inventory: [0.0, 0.0, 0.0]  Order: [9.52, 9.28, 9.22] Demand: [11.685]
Reward for thread 4: [-33.75, -40.02, -35.31] -36.36  Inventory: [5.0, 0.0, 0.0]  Order: [9.52, 8.93, 8.88] Demand: [8.76]
Reward for thread 5: [-94.22, -61.66, -49.96] -68.61  Inventory: [0.0, 0.0, 0.0]  Order: [10.28, 10.25, 10.25] Demand: [11.915]

 Algo happo Exp ippo_seed14_formal_v1 updates 79/3000 episodes, total num timesteps 80000/3000000, FPS 118.

Reward for thread 1: [-61.0, -48.78, -38.89] -49.56  Inventory: [0.0, 0.0, 0.0]  Order: [11.98, 11.88, 11.86] Demand: [12.73]
Reward for thread 2: [-46.68, -51.25, -49.81] -49.25  Inventory: [50.0, 123.0, 69.0]  Order: [5.88, 6.32, 6.42] Demand: [5.88]
Reward for thread 3: [-49.08, -59.93, -51.6] -53.54  Inventory: [88.0, 22.0, 119.0]  Order: [5.69, 5.55, 5.96] Demand: [5.5]
Reward for thread 4: [-60.83, -77.8, -46.98] -61.87  Inventory: [229.0, 0.0, 0.0]  Order: [10.78, 10.79, 10.76] Demand: [9.39]
Reward for thread 5: [-184.91, -121.9, -74.55] -127.12  Inventory: [0.0, 0.0, 0.0]  Order: [12.69, 11.6, 11.61] Demand: [15.01]

Eval average reward:  -133.95975  Eval ordering fluctuation measurement (downstream to upstream):  [1.109887898202596, 0.8940919158128281, 0.6939335402621946]

 Algo happo Exp ippo_seed14_formal_v1 updates 80/3000 episodes, total num timesteps 81000/3000000, FPS 117.

Reward for thread 1: [-66.32, -48.57, -41.0] -51.96  Inventory: [0.0, 0.0, 0.0]  Order: [11.52, 11.22, 11.16] Demand: [12.685]
Reward for thread 2: [-47.85, -72.88, -41.77] -54.17  Inventory: [71.0, 0.0, 0.0]  Order: [11.74, 11.67, 11.6] Demand: [11.235]
Reward for thread 3: [-174.99, -128.78, -71.16] -124.98  Inventory: [0.0, 0.0, 0.0]  Order: [14.0, 12.78, 12.74] Demand: [14.075]
Reward for thread 4: [-91.02, -126.46, -109.31] -108.93  Inventory: [167.0, 262.0, 229.0]  Order: [2.34, 3.4, 4.34] Demand: [1.75]
Reward for thread 5: [-34.76, -42.59, -39.34] -38.9  Inventory: [34.0, 40.0, 44.0]  Order: [7.04, 7.06, 7.11] Demand: [7.055]

 Algo happo Exp ippo_seed14_formal_v1 updates 81/3000 episodes, total num timesteps 82000/3000000, FPS 118.

Reward for thread 1: [-62.79, -86.96, -99.76] -83.17  Inventory: [59.0, 160.0, 275.0]  Order: [2.38, 2.98, 4.21] Demand: [2.335]
Reward for thread 2: [-86.72, -80.26, -166.15] -111.04  Inventory: [10.0, 65.0, 379.0]  Order: [2.8, 2.92, 4.61] Demand: [2.79]
Reward for thread 3: [-155.89, -83.65, -64.44] -101.33  Inventory: [0.0, 0.0, 0.0]  Order: [12.58, 12.51, 12.44] Demand: [14.87]
Reward for thread 4: [-59.44, -91.54, -115.36] -88.78  Inventory: [35.0, 134.0, 365.0]  Order: [3.06, 3.48, 5.15] Demand: [3.135]
Reward for thread 5: [-55.7, -70.02, -98.46] -74.73  Inventory: [36.0, 122.0, 258.0]  Order: [3.64, 4.04, 5.18] Demand: [3.69]

 Algo happo Exp ippo_seed14_formal_v1 updates 82/3000 episodes, total num timesteps 83000/3000000, FPS 118.

Reward for thread 1: [-46.12, -58.18, -67.72] -57.34  Inventory: [15.0, 8.0, 74.0]  Order: [4.84, 4.88, 5.04] Demand: [4.865]
Reward for thread 2: [-28.79, -24.06, -21.64] -24.83  Inventory: [37.0, 0.0, 0.0]  Order: [10.66, 10.74, 10.8] Demand: [10.62]
Reward for thread 3: [-103.98, -108.99, -139.52] -117.5  Inventory: [143.0, 163.0, 418.0]  Order: [3.42, 4.0, 5.9] Demand: [2.945]
Reward for thread 4: [-36.28, -37.78, -43.3] -39.12  Inventory: [0.0, 0.0, 0.0]  Order: [6.2, 6.22, 6.2] Demand: [6.125]
Reward for thread 5: [-33.17, -38.9, -40.12] -37.4  Inventory: [0.0, 0.0, 0.0]  Order: [6.39, 6.05, 5.88] Demand: [6.225]

 Algo happo Exp ippo_seed14_formal_v1 updates 83/3000 episodes, total num timesteps 84000/3000000, FPS 118.

Reward for thread 1: [-40.37, -49.58, -50.25] -46.73  Inventory: [44.0, 64.0, 40.0]  Order: [7.16, 7.25, 7.26] Demand: [7.185]
Reward for thread 2: [-113.66, -50.07, -42.84] -68.86  Inventory: [0.0, 0.0, 0.0]  Order: [13.19, 12.92, 12.89] Demand: [14.46]
Reward for thread 3: [-59.51, -67.14, -95.02] -73.89  Inventory: [109.0, 81.0, 242.0]  Order: [3.22, 3.48, 4.5] Demand: [2.93]
Reward for thread 4: [-48.37, -59.53, -36.5] -48.13  Inventory: [0.0, 0.0, 0.0]  Order: [11.79, 11.71, 11.72] Demand: [11.605]
Reward for thread 5: [-40.27, -65.74, -53.04] -53.02  Inventory: [43.0, 0.0, 0.0]  Order: [7.97, 7.83, 7.82] Demand: [7.555]

 Algo happo Exp ippo_seed14_formal_v1 updates 84/3000 episodes, total num timesteps 85000/3000000, FPS 118.

Reward for thread 1: [-311.69, -100.29, -93.03] -168.34  Inventory: [0.0, 0.0, 0.0]  Order: [12.92, 12.9, 12.8] Demand: [16.79]
Reward for thread 2: [-80.66, -90.6, -116.28] -95.85  Inventory: [128.0, 154.0, 305.0]  Order: [3.68, 4.23, 5.58] Demand: [3.26]
Reward for thread 3: [-147.56, -56.05, -53.32] -85.64  Inventory: [0.0, 0.0, 0.0]  Order: [12.02, 12.1, 12.1] Demand: [15.015]
Reward for thread 4: [-90.74, -48.43, -41.19] -60.12  Inventory: [0.0, 0.0, 0.0]  Order: [12.01, 12.02, 11.96] Demand: [14.415]
Reward for thread 5: [-32.79, -41.89, -46.54] -40.41  Inventory: [0.0, 0.0, 0.0]  Order: [6.17, 6.25, 6.22] Demand: [6.17]

Eval average reward:  -136.58433333333335  Eval ordering fluctuation measurement (downstream to upstream):  [1.1119332688248342, 0.882647765674012, 0.7350413011610598]

 Algo happo Exp ippo_seed14_formal_v1 updates 85/3000 episodes, total num timesteps 86000/3000000, FPS 117.

Reward for thread 1: [-102.59, -54.73, -50.6] -69.31  Inventory: [0.0, 0.0, 0.0]  Order: [10.97, 10.7, 10.76] Demand: [12.705]
Reward for thread 2: [-36.82, -43.93, -41.75] -40.83  Inventory: [14.0, 126.0, 61.0]  Order: [5.46, 5.89, 6.07] Demand: [5.635]
Reward for thread 3: [-50.25, -56.88, -58.12] -55.08  Inventory: [69.0, 119.0, 158.0]  Order: [4.26, 4.65, 5.24] Demand: [4.155]
Reward for thread 4: [-30.07, -33.68, -31.26] -31.67  Inventory: [54.0, 0.0, 0.0]  Order: [9.68, 9.57, 9.51] Demand: [9.125]
Reward for thread 5: [-46.27, -47.56, -46.72] -46.85  Inventory: [0.0, 0.0, 33.0]  Order: [6.94, 6.88, 6.86] Demand: [7.515]

 Algo happo Exp ippo_seed14_formal_v1 updates 86/3000 episodes, total num timesteps 87000/3000000, FPS 118.

Reward for thread 1: [-58.2, -49.2, -39.92] -49.11  Inventory: [0.0, 0.0, 0.0]  Order: [11.2, 11.25, 11.22] Demand: [11.355]
Reward for thread 2: [-65.16, -93.7, -147.69] -102.18  Inventory: [79.0, 56.0, 401.0]  Order: [2.44, 2.48, 4.38] Demand: [2.24]
Reward for thread 3: [-129.11, -61.83, -49.13] -80.02  Inventory: [0.0, 0.0, 0.0]  Order: [13.4, 13.04, 13.06] Demand: [14.865]
Reward for thread 4: [-71.15, -53.81, -37.44] -54.13  Inventory: [0.0, 0.0, 0.0]  Order: [12.5, 12.46, 12.36] Demand: [12.515]
Reward for thread 5: [-46.44, -56.76, -70.42] -57.87  Inventory: [1.0, 71.0, 207.0]  Order: [5.61, 5.73, 6.58] Demand: [5.81]

 Algo happo Exp ippo_seed14_formal_v1 updates 87/3000 episodes, total num timesteps 88000/3000000, FPS 118.

Reward for thread 1: [-79.49, -42.66, -46.99] -56.38  Inventory: [0.0, 13.0, 26.0]  Order: [8.89, 8.9, 8.94] Demand: [11.285]
Reward for thread 2: [-32.22, -34.34, -31.45] -32.67  Inventory: [0.0, 0.0, 56.0]  Order: [9.28, 9.14, 9.3] Demand: [9.735]
Reward for thread 3: [-32.13, -37.24, -35.45] -34.94  Inventory: [0.0, 0.0, 0.0]  Order: [7.68, 7.56, 7.45] Demand: [7.76]
Reward for thread 4: [-210.04, -79.95, -69.31] -119.77  Inventory: [0.0, 0.0, 0.0]  Order: [13.38, 13.44, 13.33] Demand: [14.43]
Reward for thread 5: [-44.01, -50.56, -63.84] -52.8  Inventory: [74.0, 89.0, 235.0]  Order: [6.64, 6.84, 7.87] Demand: [6.515]

 Algo happo Exp ippo_seed14_formal_v1 updates 88/3000 episodes, total num timesteps 89000/3000000, FPS 118.

Reward for thread 1: [-38.42, -45.46, -69.58] -51.15  Inventory: [25.0, 70.0, 228.0]  Order: [5.22, 5.33, 6.3] Demand: [5.315]
Reward for thread 2: [-52.98, -40.03, -31.79] -41.6  Inventory: [56.0, 34.0, 50.0]  Order: [12.56, 12.53, 12.6] Demand: [12.51]
Reward for thread 3: [-60.84, -73.59, -109.74] -81.39  Inventory: [5.0, 50.0, 293.0]  Order: [4.55, 4.59, 5.88] Demand: [4.625]
Reward for thread 4: [-73.78, -41.22, -36.05] -50.35  Inventory: [0.0, 0.0, 0.0]  Order: [12.39, 12.2, 12.14] Demand: [12.95]
Reward for thread 5: [-45.14, -57.75, -85.4] -62.76  Inventory: [23.0, 100.0, 203.0]  Order: [5.02, 5.28, 6.08] Demand: [5.155]

 Algo happo Exp ippo_seed14_formal_v1 updates 89/3000 episodes, total num timesteps 90000/3000000, FPS 118.

Reward for thread 1: [-235.85, -80.56, -73.76] -130.06  Inventory: [0.0, 0.0, 0.0]  Order: [13.22, 13.07, 13.02] Demand: [16.775]
Reward for thread 2: [-52.48, -71.12, -105.92] -76.51  Inventory: [47.0, 85.0, 261.0]  Order: [4.47, 4.74, 5.86] Demand: [4.465]
Reward for thread 3: [-41.75, -33.97, -29.92] -35.21  Inventory: [0.0, 0.0, 49.0]  Order: [10.14, 9.96, 10.05] Demand: [10.57]
Reward for thread 4: [-46.43, -32.47, -30.34] -36.41  Inventory: [0.0, 0.0, 0.0]  Order: [10.98, 11.02, 10.94] Demand: [11.615]
Reward for thread 5: [-35.29, -35.52, -31.18] -34.0  Inventory: [0.0, 77.0, 103.0]  Order: [9.13, 9.31, 9.64] Demand: [9.35]

Eval average reward:  -128.80216666666666  Eval ordering fluctuation measurement (downstream to upstream):  [1.0432363756818273, 0.8538941291789761, 0.6870956983172405]

 Algo happo Exp ippo_seed14_formal_v1 updates 90/3000 episodes, total num timesteps 91000/3000000, FPS 117.

Reward for thread 1: [-185.56, -78.33, -63.63] -109.17  Inventory: [0.0, 0.0, 2.0]  Order: [13.24, 13.1, 13.11] Demand: [16.925]
Reward for thread 2: [-51.47, -40.88, -33.03] -41.79  Inventory: [0.0, 0.0, 0.0]  Order: [12.14, 11.9, 11.8] Demand: [13.09]
Reward for thread 3: [-28.34, -31.21, -34.15] -31.23  Inventory: [12.0, 121.0, 37.0]  Order: [7.15, 7.59, 7.68] Demand: [7.315]
Reward for thread 4: [-137.3, -60.74, -50.31] -82.78  Inventory: [0.0, 0.0, 0.0]  Order: [11.29, 10.77, 10.75] Demand: [14.16]
Reward for thread 5: [-79.4, -46.95, -39.54] -55.3  Inventory: [0.0, 10.0, 0.0]  Order: [10.3, 10.42, 10.38] Demand: [12.62]

 Algo happo Exp ippo_seed14_formal_v1 updates 91/3000 episodes, total num timesteps 92000/3000000, FPS 118.

Reward for thread 1: [-34.55, -30.85, -32.8] -32.73  Inventory: [0.0, 0.0, 0.0]  Order: [11.21, 11.19, 11.13] Demand: [11.295]
Reward for thread 2: [-42.64, -59.29, -69.15] -57.03  Inventory: [14.0, 169.0, 217.0]  Order: [5.9, 6.57, 7.5] Demand: [6.045]
Reward for thread 3: [-40.23, -49.74, -62.93] -50.97  Inventory: [44.0, 107.0, 195.0]  Order: [5.4, 5.76, 6.55] Demand: [5.425]
Reward for thread 4: [-97.07, -45.06, -41.49] -61.21  Inventory: [0.0, 0.0, 0.0]  Order: [12.44, 12.26, 12.18] Demand: [13.44]
Reward for thread 5: [-79.83, -90.74, -113.15] -94.57  Inventory: [208.0, 140.0, 356.0]  Order: [2.83, 3.32, 4.92] Demand: [2.04]

 Algo happo Exp ippo_seed14_formal_v1 updates 92/3000 episodes, total num timesteps 93000/3000000, FPS 118.

Reward for thread 1: [-46.38, -68.98, -84.34] -66.57  Inventory: [50.0, 90.0, 134.0]  Order: [4.58, 4.86, 5.44] Demand: [4.565]
Reward for thread 2: [-46.36, -41.63, -40.75] -42.91  Inventory: [0.0, 2.0, 40.0]  Order: [9.9, 9.8, 9.84] Demand: [10.01]
Reward for thread 3: [-26.43, -34.94, -32.72] -31.36  Inventory: [36.0, 0.0, 0.0]  Order: [8.91, 8.9, 8.85] Demand: [8.555]
Reward for thread 4: [-44.46, -46.38, -41.33] -44.06  Inventory: [83.0, 0.0, 0.0]  Order: [8.88, 8.91, 8.9] Demand: [8.305]
Reward for thread 5: [-80.41, -59.34, -66.08] -68.61  Inventory: [5.0, 138.0, 116.0]  Order: [10.52, 10.98, 11.4] Demand: [10.72]

 Algo happo Exp ippo_seed14_formal_v1 updates 93/3000 episodes, total num timesteps 94000/3000000, FPS 118.

Reward for thread 1: [-69.39, -153.76, -100.2] -107.78  Inventory: [24.0, 286.0, 198.0]  Order: [3.66, 4.84, 5.66] Demand: [3.76]
Reward for thread 2: [-67.22, -148.41, -102.94] -106.19  Inventory: [33.0, 424.0, 211.0]  Order: [3.43, 5.34, 6.26] Demand: [3.45]
Reward for thread 3: [-40.01, -63.12, -70.14] -57.76  Inventory: [58.0, 183.0, 232.0]  Order: [5.03, 5.7, 6.73] Demand: [4.985]
Reward for thread 4: [-40.75, -38.85, -32.93] -37.51  Inventory: [0.0, 0.0, 0.0]  Order: [11.74, 11.68, 11.64] Demand: [11.64]
Reward for thread 5: [-64.7, -38.26, -38.62] -47.19  Inventory: [0.0, 0.0, 0.0]  Order: [10.97, 10.84, 10.74] Demand: [12.615]

 Algo happo Exp ippo_seed14_formal_v1 updates 94/3000 episodes, total num timesteps 95000/3000000, FPS 118.

Reward for thread 1: [-168.8, -90.39, -72.28] -110.49  Inventory: [0.0, 0.0, 0.0]  Order: [11.9, 11.68, 11.64] Demand: [14.615]
Reward for thread 2: [-99.42, -62.17, -49.49] -70.36  Inventory: [0.0, 0.0, 0.0]  Order: [14.28, 13.98, 13.88] Demand: [14.96]
Reward for thread 3: [-29.31, -42.73, -41.19] -37.74  Inventory: [0.0, 24.0, 97.0]  Order: [6.4, 6.31, 6.55] Demand: [6.555]
Reward for thread 4: [-33.9, -42.39, -42.26] -39.52  Inventory: [0.0, 0.0, 0.0]  Order: [8.22, 8.35, 8.3] Demand: [8.205]
Reward for thread 5: [-61.77, -50.59, -45.23] -52.53  Inventory: [0.0, 0.0, 0.0]  Order: [10.58, 10.3, 10.29] Demand: [11.69]

Eval average reward:  -96.104  Eval ordering fluctuation measurement (downstream to upstream):  [0.9866074077505586, 1.0387694484541745, 0.6631912156232566]

 Algo happo Exp ippo_seed14_formal_v1 updates 95/3000 episodes, total num timesteps 96000/3000000, FPS 118.

Reward for thread 1: [-47.68, -41.49, -36.26] -41.81  Inventory: [0.0, 0.0, 0.0]  Order: [11.08, 11.08, 10.94] Demand: [11.92]
Reward for thread 2: [-112.24, -87.04, -54.46] -84.58  Inventory: [0.0, 0.0, 0.0]  Order: [13.8, 13.24, 13.09] Demand: [14.875]
Reward for thread 3: [-58.16, -73.26, -80.88] -70.77  Inventory: [62.0, 121.0, 172.0]  Order: [4.28, 4.66, 5.32] Demand: [4.2]
Reward for thread 4: [-37.87, -37.28, -39.88] -38.34  Inventory: [0.0, 0.0, 0.0]  Order: [9.82, 9.7, 9.7] Demand: [10.32]
Reward for thread 5: [-23.81, -29.44, -30.71] -27.99  Inventory: [0.0, 1.0, 0.0]  Order: [7.51, 7.56, 7.42] Demand: [7.71]

 Algo happo Exp ippo_seed14_formal_v1 updates 96/3000 episodes, total num timesteps 97000/3000000, FPS 118.

Reward for thread 1: [-93.53, -56.78, -42.9] -64.4  Inventory: [67.0, 0.0, 0.0]  Order: [12.16, 12.2, 12.1] Demand: [11.715]
Reward for thread 2: [-124.96, -74.65, -52.38] -84.0  Inventory: [0.0, 0.0, 0.0]  Order: [13.85, 13.14, 13.12] Demand: [13.245]
Reward for thread 3: [-24.41, -27.04, -28.38] -26.61  Inventory: [17.0, 23.0, 54.0]  Order: [8.65, 8.54, 8.64] Demand: [8.76]
Reward for thread 4: [-87.84, -58.26, -43.89] -63.33  Inventory: [0.0, 0.0, 0.0]  Order: [11.26, 11.1, 11.05] Demand: [13.19]
Reward for thread 5: [-71.55, -51.35, -39.44] -54.11  Inventory: [0.0, 0.0, 0.0]  Order: [13.0, 12.78, 12.78] Demand: [13.28]

 Algo happo Exp ippo_seed14_formal_v1 updates 97/3000 episodes, total num timesteps 98000/3000000, FPS 118.

Reward for thread 1: [-39.41, -57.05, -90.2] -62.22  Inventory: [2.0, 53.0, 202.0]  Order: [4.16, 4.26, 5.11] Demand: [4.265]
Reward for thread 2: [-23.21, -28.8, -35.41] -29.14  Inventory: [0.0, 11.0, 17.0]  Order: [6.96, 6.9, 6.88] Demand: [6.99]
Reward for thread 3: [-66.11, -41.6, -36.42] -48.04  Inventory: [0.0, 0.0, 0.0]  Order: [12.98, 12.84, 12.79] Demand: [12.95]
Reward for thread 4: [-28.11, -39.85, -42.3] -36.75  Inventory: [18.0, 137.0, 84.0]  Order: [6.72, 7.17, 7.36] Demand: [6.865]
Reward for thread 5: [-33.91, -59.1, -46.51] -46.51  Inventory: [27.0, 253.0, 47.0]  Order: [4.28, 5.35, 5.39] Demand: [4.385]

 Algo happo Exp ippo_seed14_formal_v1 updates 98/3000 episodes, total num timesteps 99000/3000000, FPS 118.

Reward for thread 1: [-40.26, -66.35, -75.82] -60.81  Inventory: [18.0, 200.0, 138.0]  Order: [3.28, 4.1, 4.6] Demand: [3.42]
Reward for thread 2: [-47.38, -35.93, -33.25] -38.85  Inventory: [0.0, 0.0, 0.0]  Order: [8.53, 8.46, 8.43] Demand: [9.96]
Reward for thread 3: [-31.92, -49.07, -60.4] -47.13  Inventory: [12.0, 52.0, 120.0]  Order: [4.89, 4.92, 5.35] Demand: [4.985]
Reward for thread 4: [-31.82, -35.59, -42.72] -36.71  Inventory: [0.0, 11.0, 65.0]  Order: [7.34, 7.18, 7.32] Demand: [7.435]
Reward for thread 5: [-36.67, -54.56, -75.69] -55.64  Inventory: [34.0, 32.0, 66.0]  Order: [4.87, 4.97, 5.13] Demand: [4.91]

 Algo happo Exp ippo_seed14_formal_v1 updates 99/3000 episodes, total num timesteps 100000/3000000, FPS 118.

Reward for thread 1: [-79.3, -54.48, -42.2] -58.66  Inventory: [0.0, 0.0, 0.0]  Order: [12.24, 11.9, 11.8] Demand: [12.79]
Reward for thread 2: [-65.78, -63.89, -46.97] -58.88  Inventory: [0.0, 6.0, 0.0]  Order: [10.12, 10.21, 10.18] Demand: [10.2]
Reward for thread 3: [-25.55, -28.19, -32.14] -28.63  Inventory: [24.0, 53.0, 53.0]  Order: [7.96, 7.99, 8.16] Demand: [7.99]
Reward for thread 4: [-25.4, -38.41, -41.81] -35.21  Inventory: [0.0, 11.0, 52.0]  Order: [5.18, 5.14, 5.25] Demand: [5.255]
Reward for thread 5: [-20.96, -25.35, -23.89] -23.4  Inventory: [19.0, 38.0, 36.0]  Order: [9.66, 9.68, 9.7] Demand: [9.715]

Eval average reward:  -64.08008333333333  Eval ordering fluctuation measurement (downstream to upstream):  [0.9709643128941435, 1.085594602186094, 1.2407858121165432]
A better model is saved!

 Algo happo Exp ippo_seed14_formal_v1 updates 100/3000 episodes, total num timesteps 101000/3000000, FPS 118.

Reward for thread 1: [-18.58, -24.8, -27.03] -23.47  Inventory: [0.0, 0.0, 27.0]  Order: [7.65, 7.5, 7.5] Demand: [7.755]
Reward for thread 2: [-25.73, -36.21, -44.78] -35.57  Inventory: [5.0, 62.0, 54.0]  Order: [4.92, 5.0, 5.08] Demand: [5.125]
Reward for thread 3: [-107.59, -52.32, -51.69] -70.53  Inventory: [0.0, 0.0, 0.0]  Order: [12.24, 12.26, 12.23] Demand: [14.125]
Reward for thread 4: [-46.56, -81.83, -74.56] -67.65  Inventory: [27.0, 210.0, 161.0]  Order: [2.5, 3.37, 3.96] Demand: [2.615]
Reward for thread 5: [-28.91, -34.19, -39.66] -34.25  Inventory: [31.0, 21.0, 154.0]  Order: [7.28, 7.16, 7.86] Demand: [7.375]

 Algo happo Exp ippo_seed14_formal_v1 updates 101/3000 episodes, total num timesteps 102000/3000000, FPS 118.

Reward for thread 1: [-28.42, -33.74, -33.97] -32.04  Inventory: [13.0, 75.0, 29.0]  Order: [8.07, 8.22, 8.18] Demand: [8.14]
Reward for thread 2: [-27.52, -28.34, -28.32] -28.06  Inventory: [0.0, 13.0, 0.0]  Order: [7.7, 7.88, 7.91] Demand: [7.73]
Reward for thread 3: [-26.82, -48.98, -33.62] -36.47  Inventory: [17.0, 64.0, 37.0]  Order: [4.62, 4.7, 4.65] Demand: [4.715]
Reward for thread 4: [-37.59, -49.96, -61.46] -49.67  Inventory: [57.0, 63.0, 155.0]  Order: [5.44, 5.57, 6.12] Demand: [5.405]
Reward for thread 5: [-19.43, -22.96, -23.19] -21.86  Inventory: [20.0, 27.0, 9.0]  Order: [7.52, 7.52, 7.44] Demand: [7.61]

 Algo happo Exp ippo_seed14_formal_v1 updates 102/3000 episodes, total num timesteps 103000/3000000, FPS 118.

Reward for thread 1: [-27.4, -34.24, -34.95] -32.2  Inventory: [33.0, 53.0, 49.0]  Order: [6.36, 6.38, 6.43] Demand: [6.405]
Reward for thread 2: [-25.2, -44.81, -36.28] -35.43  Inventory: [37.0, 139.0, 54.0]  Order: [4.37, 4.82, 4.89] Demand: [4.415]
Reward for thread 3: [-19.17, -24.87, -31.18] -25.07  Inventory: [0.0, 35.0, 36.0]  Order: [7.35, 7.36, 7.4] Demand: [7.625]
Reward for thread 4: [-118.26, -77.75, -53.18] -83.06  Inventory: [0.0, 0.0, 0.0]  Order: [13.65, 12.97, 12.87] Demand: [15.095]
Reward for thread 5: [-29.41, -43.95, -59.73] -44.36  Inventory: [29.0, 67.0, 163.0]  Order: [3.28, 3.39, 4.08] Demand: [3.38]

 Algo happo Exp ippo_seed14_formal_v1 updates 103/3000 episodes, total num timesteps 104000/3000000, FPS 118.

Reward for thread 1: [-19.95, -22.43, -25.66] -22.68  Inventory: [29.0, 55.0, 42.0]  Order: [7.62, 7.69, 7.74] Demand: [7.69]
Reward for thread 2: [-33.01, -49.01, -74.65] -52.22  Inventory: [4.0, 18.0, 119.0]  Order: [3.1, 3.08, 3.47] Demand: [3.255]
Reward for thread 3: [-33.94, -70.08, -47.3] -50.44  Inventory: [12.0, 210.0, 55.0]  Order: [3.62, 4.43, 4.53] Demand: [3.76]
Reward for thread 4: [-20.51, -27.61, -33.66] -27.26  Inventory: [0.0, 0.0, 0.0]  Order: [5.74, 5.59, 5.54] Demand: [5.865]
Reward for thread 5: [-180.85, -94.56, -67.57] -114.33  Inventory: [0.0, 0.0, 0.0]  Order: [13.85, 13.3, 13.26] Demand: [15.395]

 Algo happo Exp ippo_seed14_formal_v1 updates 104/3000 episodes, total num timesteps 105000/3000000, FPS 118.

Reward for thread 1: [-24.44, -33.22, -38.11] -31.92  Inventory: [0.0, 0.0, 8.0]  Order: [4.84, 4.78, 4.7] Demand: [4.8]
Reward for thread 2: [-245.55, -79.7, -75.0] -133.42  Inventory: [0.0, 0.0, 0.0]  Order: [13.34, 13.0, 12.96] Demand: [17.365]
Reward for thread 3: [-39.88, -25.59, -27.13] -30.87  Inventory: [5.0, 37.0, 42.0]  Order: [10.26, 10.24, 10.36] Demand: [10.345]
Reward for thread 4: [-21.41, -28.76, -46.78] -32.32  Inventory: [40.0, 55.0, 39.0]  Order: [4.96, 5.11, 5.14] Demand: [4.995]
Reward for thread 5: [-28.12, -30.77, -36.75] -31.88  Inventory: [0.0, 4.0, 11.0]  Order: [6.96, 6.94, 6.99] Demand: [7.27]

Eval average reward:  -43.25341666666667  Eval ordering fluctuation measurement (downstream to upstream):  [0.8604541110246158, 1.072031019342712, 1.21026814302436]
A better model is saved!

 Algo happo Exp ippo_seed14_formal_v1 updates 105/3000 episodes, total num timesteps 106000/3000000, FPS 117.

Reward for thread 1: [-57.26, -40.66, -32.17] -43.36  Inventory: [0.0, 0.0, 0.0]  Order: [11.88, 11.72, 11.64] Demand: [11.715]
Reward for thread 2: [-28.73, -28.39, -31.67] -29.6  Inventory: [0.0, 0.0, 21.0]  Order: [8.54, 8.44, 8.44] Demand: [8.485]
Reward for thread 3: [-23.74, -31.38, -46.5] -33.87  Inventory: [24.0, 32.0, 0.0]  Order: [5.64, 5.72, 5.8] Demand: [5.69]
Reward for thread 4: [-127.14, -68.26, -56.49] -83.96  Inventory: [0.0, 0.0, 0.0]  Order: [12.5, 12.37, 12.25] Demand: [14.36]
Reward for thread 5: [-213.92, -90.93, -71.86] -125.57  Inventory: [0.0, 0.0, 0.0]  Order: [14.15, 13.66, 13.64] Demand: [16.11]

 Algo happo Exp ippo_seed14_formal_v1 updates 106/3000 episodes, total num timesteps 107000/3000000, FPS 118.

Reward for thread 1: [-41.01, -73.31, -52.55] -55.62  Inventory: [44.0, 174.0, 88.0]  Order: [2.52, 3.19, 3.4] Demand: [2.53]
Reward for thread 2: [-32.88, -43.23, -68.27] -48.13  Inventory: [29.0, 25.0, 158.0]  Order: [3.07, 2.96, 3.58] Demand: [3.175]
Reward for thread 3: [-59.43, -46.13, -36.52] -47.36  Inventory: [0.0, 22.0, 47.0]  Order: [13.13, 13.06, 13.06] Demand: [13.285]
Reward for thread 4: [-28.65, -37.01, -70.85] -45.5  Inventory: [2.0, 55.0, 145.0]  Order: [3.06, 3.13, 3.66] Demand: [3.22]
Reward for thread 5: [-126.03, -57.83, -52.98] -78.95  Inventory: [0.0, 0.0, 0.0]  Order: [11.57, 11.27, 11.22] Demand: [14.085]

 Algo happo Exp ippo_seed14_formal_v1 updates 107/3000 episodes, total num timesteps 108000/3000000, FPS 118.

Reward for thread 1: [-26.1, -42.48, -48.93] -39.17  Inventory: [3.0, 38.0, 66.0]  Order: [3.04, 3.1, 3.2] Demand: [3.175]
Reward for thread 2: [-65.93, -40.89, -35.2] -47.34  Inventory: [0.0, 0.0, 0.0]  Order: [11.46, 11.26, 11.13] Demand: [12.7]
Reward for thread 3: [-57.38, -36.38, -37.58] -43.78  Inventory: [0.0, 0.0, 0.0]  Order: [9.55, 9.44, 9.44] Demand: [10.785]
Reward for thread 4: [-23.03, -28.23, -28.92] -26.73  Inventory: [4.0, 34.0, 67.0]  Order: [8.93, 8.86, 8.96] Demand: [9.08]
Reward for thread 5: [-92.34, -44.31, -39.77] -58.81  Inventory: [0.0, 0.0, 0.0]  Order: [12.7, 12.44, 12.41] Demand: [14.47]

 Algo happo Exp ippo_seed14_formal_v1 updates 108/3000 episodes, total num timesteps 109000/3000000, FPS 118.

Reward for thread 1: [-39.33, -34.82, -30.3] -34.82  Inventory: [0.0, 0.0, 0.0]  Order: [9.8, 9.88, 9.79] Demand: [10.52]
Reward for thread 2: [-30.23, -27.66, -25.96] -27.95  Inventory: [0.0, 0.0, 0.0]  Order: [11.11, 11.02, 11.06] Demand: [11.26]
Reward for thread 3: [-72.12, -33.29, -31.69] -45.7  Inventory: [0.0, 0.0, 0.0]  Order: [12.07, 11.88, 11.87] Demand: [12.25]
Reward for thread 4: [-21.42, -32.12, -33.28] -28.94  Inventory: [19.0, 100.0, 44.0]  Order: [5.28, 5.57, 5.6] Demand: [5.415]
Reward for thread 5: [-200.66, -71.92, -67.08] -113.22  Inventory: [0.0, 0.0, 0.0]  Order: [12.46, 12.35, 12.32] Demand: [15.72]

 Algo happo Exp ippo_seed14_formal_v1 updates 109/3000 episodes, total num timesteps 110000/3000000, FPS 118.

Reward for thread 1: [-21.45, -25.5, -34.66] -27.2  Inventory: [0.0, 14.0, 33.0]  Order: [6.64, 6.67, 6.68] Demand: [6.725]
Reward for thread 2: [-96.71, -92.4, -79.49] -89.53  Inventory: [41.0, 131.0, 114.0]  Order: [6.94, 7.4, 7.76] Demand: [6.985]
Reward for thread 3: [-34.95, -57.48, -73.22] -55.22  Inventory: [9.0, 71.0, 145.0]  Order: [3.34, 3.49, 4.01] Demand: [3.545]
Reward for thread 4: [-135.54, -59.48, -53.04] -82.69  Inventory: [0.0, 0.0, 0.0]  Order: [11.74, 11.56, 11.51] Demand: [14.315]
Reward for thread 5: [-28.31, -32.26, -33.04] -31.2  Inventory: [0.0, 0.0, 0.0]  Order: [9.14, 9.04, 8.91] Demand: [9.15]

Eval average reward:  -40.63383333333333  Eval ordering fluctuation measurement (downstream to upstream):  [0.9145684346943224, 1.2373362836641588, 1.2441529417807355]
A better model is saved!

 Algo happo Exp ippo_seed14_formal_v1 updates 110/3000 episodes, total num timesteps 111000/3000000, FPS 117.

Reward for thread 1: [-51.09, -34.8, -37.36] -41.08  Inventory: [0.0, 0.0, 0.0]  Order: [9.35, 9.15, 9.1] Demand: [10.185]
Reward for thread 2: [-32.6, -31.62, -35.75] -33.32  Inventory: [0.0, 0.0, 0.0]  Order: [8.5, 8.29, 8.2] Demand: [8.79]
Reward for thread 3: [-25.79, -41.01, -53.86] -40.22  Inventory: [24.0, 44.0, 54.0]  Order: [4.53, 4.54, 4.62] Demand: [4.645]
Reward for thread 4: [-19.22, -25.77, -28.84] -24.61  Inventory: [12.0, 27.0, 48.0]  Order: [6.37, 6.34, 6.34] Demand: [6.51]
Reward for thread 5: [-22.72, -41.06, -35.07] -32.95  Inventory: [2.0, 80.0, 98.0]  Order: [5.32, 5.48, 5.76] Demand: [5.42]

 Algo happo Exp ippo_seed14_formal_v1 updates 111/3000 episodes, total num timesteps 112000/3000000, FPS 118.

Reward for thread 1: [-27.23, -45.33, -52.06] -41.54  Inventory: [18.0, 51.0, 72.0]  Order: [3.04, 3.09, 3.22] Demand: [3.205]
Reward for thread 2: [-43.36, -32.11, -33.99] -36.49  Inventory: [0.0, 0.0, 0.0]  Order: [8.44, 8.52, 8.42] Demand: [9.405]
Reward for thread 3: [-28.9, -36.5, -44.72] -36.71  Inventory: [11.0, 0.0, 8.0]  Order: [5.72, 5.66, 5.66] Demand: [5.75]
Reward for thread 4: [-54.56, -39.91, -35.3] -43.26  Inventory: [0.0, 0.0, 0.0]  Order: [11.76, 11.64, 11.51] Demand: [12.77]
Reward for thread 5: [-41.74, -38.12, -35.56] -38.47  Inventory: [3.0, 27.0, 62.0]  Order: [9.9, 9.85, 9.9] Demand: [10.035]

 Algo happo Exp ippo_seed14_formal_v1 updates 112/3000 episodes, total num timesteps 113000/3000000, FPS 118.

Reward for thread 1: [-25.85, -33.45, -30.9] -30.07  Inventory: [0.0, 21.0, 51.0]  Order: [7.28, 7.16, 7.24] Demand: [7.36]
Reward for thread 2: [-28.41, -24.82, -27.95] -27.06  Inventory: [3.0, 57.0, 35.0]  Order: [8.41, 8.65, 8.63] Demand: [8.56]
Reward for thread 3: [-134.07, -63.71, -57.43] -85.07  Inventory: [0.0, 0.0, 0.0]  Order: [13.57, 13.48, 13.5] Demand: [15.1]
Reward for thread 4: [-22.92, -29.55, -32.65] -28.37  Inventory: [0.0, 5.0, 16.0]  Order: [8.08, 7.94, 7.98] Demand: [8.215]
Reward for thread 5: [-21.92, -25.64, -27.21] -24.92  Inventory: [0.0, 0.0, 20.0]  Order: [9.2, 9.18, 9.12] Demand: [9.215]

 Algo happo Exp ippo_seed14_formal_v1 updates 113/3000 episodes, total num timesteps 114000/3000000, FPS 118.

Reward for thread 1: [-56.64, -37.82, -36.28] -43.58  Inventory: [0.0, 19.0, 31.0]  Order: [10.25, 10.26, 10.32] Demand: [10.405]
Reward for thread 2: [-17.29, -25.79, -27.65] -23.58  Inventory: [0.0, 12.0, 0.0]  Order: [5.52, 5.76, 5.79] Demand: [5.66]
Reward for thread 3: [-25.63, -49.29, -41.44] -38.79  Inventory: [23.0, 139.0, 49.0]  Order: [3.3, 3.79, 3.78] Demand: [3.435]
Reward for thread 4: [-22.48, -29.57, -31.63] -27.89  Inventory: [0.0, 26.0, 0.0]  Order: [6.69, 6.96, 7.03] Demand: [6.98]
Reward for thread 5: [-44.17, -38.41, -37.2] -39.93  Inventory: [0.0, 0.0, 0.0]  Order: [10.12, 10.06, 9.94] Demand: [10.235]

 Algo happo Exp ippo_seed14_formal_v1 updates 114/3000 episodes, total num timesteps 115000/3000000, FPS 118.

Reward for thread 1: [-30.82, -50.2, -40.01] -40.34  Inventory: [0.0, 35.0, 39.0]  Order: [4.89, 4.88, 4.99] Demand: [5.045]
Reward for thread 2: [-25.27, -26.85, -26.86] -26.33  Inventory: [11.0, 55.0, 56.0]  Order: [10.12, 10.2, 10.32] Demand: [10.15]
Reward for thread 3: [-25.09, -41.15, -31.29] -32.51  Inventory: [9.0, 34.0, 48.0]  Order: [5.63, 5.58, 5.66] Demand: [5.715]
Reward for thread 4: [-25.88, -26.99, -30.78] -27.88  Inventory: [18.0, 80.0, 42.0]  Order: [7.98, 8.14, 8.14] Demand: [8.135]
Reward for thread 5: [-37.51, -39.01, -38.77] -38.43  Inventory: [38.0, 57.0, 45.0]  Order: [9.1, 9.18, 9.19] Demand: [9.16]

Eval average reward:  -40.675916666666666  Eval ordering fluctuation measurement (downstream to upstream):  [0.9444309396773253, 1.1546235375841762, 1.2324974770634305]

 Algo happo Exp ippo_seed14_formal_v1 updates 115/3000 episodes, total num timesteps 116000/3000000, FPS 118.

Reward for thread 1: [-35.2, -32.79, -32.68] -33.56  Inventory: [0.0, 19.0, 43.0]  Order: [8.25, 8.12, 8.18] Demand: [8.395]
Reward for thread 2: [-17.71, -23.48, -24.46] -21.88  Inventory: [0.0, 6.0, 0.0]  Order: [8.52, 8.7, 8.68] Demand: [8.615]
Reward for thread 3: [-113.76, -51.78, -48.58] -71.37  Inventory: [0.0, 0.0, 0.0]  Order: [13.16, 13.1, 13.0] Demand: [14.53]
Reward for thread 4: [-21.9, -26.96, -27.8] -25.55  Inventory: [0.0, 0.0, 0.0]  Order: [8.84, 8.66, 8.54] Demand: [9.185]
Reward for thread 5: [-22.35, -39.35, -40.44] -34.05  Inventory: [2.0, 15.0, 39.0]  Order: [3.68, 3.6, 3.6] Demand: [3.79]

 Algo happo Exp ippo_seed14_formal_v1 updates 116/3000 episodes, total num timesteps 117000/3000000, FPS 118.

Reward for thread 1: [-44.08, -44.5, -40.45] -43.01  Inventory: [0.0, 0.0, 0.0]  Order: [12.01, 11.92, 11.84] Demand: [12.155]
Reward for thread 2: [-159.39, -72.93, -69.56] -100.63  Inventory: [0.0, 0.0, 0.0]  Order: [15.58, 15.69, 15.5] Demand: [16.82]
Reward for thread 3: [-19.92, -29.55, -31.93] -27.13  Inventory: [6.0, 13.0, 23.0]  Order: [5.1, 5.06, 5.0] Demand: [5.235]
Reward for thread 4: [-29.7, -52.97, -49.36] -44.01  Inventory: [25.0, 176.0, 59.0]  Order: [2.7, 3.34, 3.4] Demand: [2.815]
Reward for thread 5: [-24.8, -32.89, -30.75] -29.48  Inventory: [1.0, 71.0, 53.0]  Order: [6.08, 6.24, 6.25] Demand: [6.29]

 Algo happo Exp ippo_seed14_formal_v1 updates 117/3000 episodes, total num timesteps 118000/3000000, FPS 118.

Reward for thread 1: [-25.76, -51.01, -44.99] -40.59  Inventory: [19.0, 27.0, 84.0]  Order: [3.1, 3.0, 3.24] Demand: [3.255]
Reward for thread 2: [-21.67, -26.15, -28.69] -25.5  Inventory: [10.0, 77.0, 54.0]  Order: [6.72, 6.88, 6.94] Demand: [6.805]
Reward for thread 3: [-114.52, -90.0, -64.36] -89.63  Inventory: [0.0, 0.0, 0.0]  Order: [15.74, 15.82, 15.5] Demand: [16.79]
Reward for thread 4: [-20.73, -24.27, -28.66] -24.55  Inventory: [0.0, 0.0, 1.0]  Order: [9.52, 9.34, 9.22] Demand: [9.605]
Reward for thread 5: [-57.27, -46.8, -42.76] -48.94  Inventory: [30.0, 42.0, 73.0]  Order: [8.04, 8.06, 8.26] Demand: [8.12]

 Algo happo Exp ippo_seed14_formal_v1 updates 118/3000 episodes, total num timesteps 119000/3000000, FPS 118.

Reward for thread 1: [-19.85, -28.8, -33.13] -27.26  Inventory: [6.0, 37.0, 36.0]  Order: [4.18, 4.2, 4.16] Demand: [4.325]
Reward for thread 2: [-30.43, -27.64, -32.71] -30.26  Inventory: [9.0, 13.0, 85.0]  Order: [8.98, 8.82, 8.99] Demand: [9.13]
Reward for thread 3: [-224.6, -86.92, -80.56] -130.69  Inventory: [0.0, 0.0, 0.0]  Order: [15.12, 14.86, 14.82] Demand: [16.23]
Reward for thread 4: [-20.24, -31.24, -31.96] -27.81  Inventory: [15.0, 83.0, 7.0]  Order: [3.98, 4.26, 4.2] Demand: [4.155]
Reward for thread 5: [-46.05, -32.25, -34.04] -37.45  Inventory: [0.0, 0.0, 0.0]  Order: [11.12, 10.99, 10.92] Demand: [11.39]

 Algo happo Exp ippo_seed14_formal_v1 updates 119/3000 episodes, total num timesteps 120000/3000000, FPS 118.

Reward for thread 1: [-40.03, -36.6, -40.78] -39.14  Inventory: [1.0, 10.0, 51.0]  Order: [8.66, 8.54, 8.6] Demand: [8.835]
Reward for thread 2: [-21.35, -31.32, -34.91] -29.19  Inventory: [22.0, 44.0, 55.0]  Order: [6.72, 6.74, 6.76] Demand: [6.79]
Reward for thread 3: [-23.48, -33.07, -35.58] -30.71  Inventory: [0.0, 10.0, 2.0]  Order: [5.96, 5.96, 5.87] Demand: [6.125]
Reward for thread 4: [-21.58, -34.92, -36.82] -31.11  Inventory: [8.0, 74.0, 53.0]  Order: [4.83, 4.99, 5.1] Demand: [5.005]
Reward for thread 5: [-43.92, -30.13, -32.51] -35.52  Inventory: [0.0, 0.0, 0.0]  Order: [11.36, 11.34, 11.2] Demand: [11.795]

Eval average reward:  -39.06258333333333  Eval ordering fluctuation measurement (downstream to upstream):  [0.9466889524479033, 1.2455546667658197, 1.2814066877879011]
A better model is saved!

 Algo happo Exp ippo_seed14_formal_v1 updates 120/3000 episodes, total num timesteps 121000/3000000, FPS 118.

Reward for thread 1: [-43.0, -33.14, -33.11] -36.42  Inventory: [0.0, 0.0, 0.0]  Order: [10.28, 10.18, 10.12] Demand: [10.955]
Reward for thread 2: [-147.32, -55.71, -55.89] -86.31  Inventory: [0.0, 0.0, 0.0]  Order: [13.99, 14.02, 13.93] Demand: [15.645]
Reward for thread 3: [-63.03, -37.87, -39.9] -46.93  Inventory: [0.0, 13.0, 40.0]  Order: [12.84, 12.76, 12.76] Demand: [13.31]
Reward for thread 4: [-25.06, -34.65, -34.27] -31.33  Inventory: [18.0, 35.0, 17.0]  Order: [5.71, 5.68, 5.54] Demand: [5.865]
Reward for thread 5: [-193.77, -69.97, -68.78] -110.84  Inventory: [0.0, 0.0, 0.0]  Order: [13.49, 13.41, 13.36] Demand: [14.72]

 Algo happo Exp ippo_seed14_formal_v1 updates 121/3000 episodes, total num timesteps 122000/3000000, FPS 118.

Reward for thread 1: [-19.02, -23.04, -28.43] -23.5  Inventory: [10.0, 40.0, 61.0]  Order: [7.12, 7.09, 7.16] Demand: [7.26]
Reward for thread 2: [-75.98, -41.79, -39.45] -52.41  Inventory: [0.0, 0.0, 0.0]  Order: [12.37, 12.14, 12.11] Demand: [13.61]
Reward for thread 3: [-21.78, -30.62, -34.1] -28.83  Inventory: [0.0, 0.0, 54.0]  Order: [6.26, 6.14, 6.24] Demand: [6.445]
Reward for thread 4: [-130.52, -77.16, -56.99] -88.22  Inventory: [0.0, 0.0, 19.0]  Order: [14.64, 14.6, 14.58] Demand: [15.31]
Reward for thread 5: [-92.31, -47.88, -46.15] -62.11  Inventory: [0.0, 0.0, 0.0]  Order: [12.47, 12.65, 12.6] Demand: [14.265]

 Algo happo Exp ippo_seed14_formal_v1 updates 122/3000 episodes, total num timesteps 123000/3000000, FPS 118.

Reward for thread 1: [-29.17, -46.1, -48.31] -41.19  Inventory: [41.0, 103.0, 77.0]  Order: [2.76, 3.03, 3.16] Demand: [2.8]
Reward for thread 2: [-19.99, -29.25, -33.73] -27.66  Inventory: [0.0, 15.0, 44.0]  Order: [5.93, 5.82, 5.86] Demand: [6.075]
Reward for thread 3: [-46.29, -30.84, -29.9] -35.68  Inventory: [11.0, 51.0, 48.0]  Order: [11.96, 12.0, 12.05] Demand: [12.15]
Reward for thread 4: [-146.52, -65.57, -57.21] -89.77  Inventory: [51.0, 127.0, 39.0]  Order: [11.4, 11.81, 11.77] Demand: [11.4]
Reward for thread 5: [-119.92, -58.81, -53.3] -77.34  Inventory: [0.0, 0.0, 0.0]  Order: [13.54, 13.48, 13.47] Demand: [14.49]

 Algo happo Exp ippo_seed14_formal_v1 updates 123/3000 episodes, total num timesteps 124000/3000000, FPS 118.

Reward for thread 1: [-65.7, -55.43, -44.04] -55.06  Inventory: [0.0, 0.0, 0.0]  Order: [13.68, 13.66, 13.53] Demand: [14.525]
Reward for thread 2: [-25.45, -43.18, -57.24] -41.96  Inventory: [0.0, 81.0, 87.0]  Order: [3.63, 3.88, 4.08] Demand: [3.855]
Reward for thread 3: [-61.36, -42.94, -38.46] -47.59  Inventory: [0.0, 0.0, 0.0]  Order: [12.52, 12.64, 12.54] Demand: [13.435]
Reward for thread 4: [-16.18, -24.01, -30.01] -23.4  Inventory: [0.0, 0.0, 0.0]  Order: [5.34, 5.03, 4.99] Demand: [5.04]
Reward for thread 5: [-16.56, -22.04, -24.71] -21.1  Inventory: [0.0, 0.0, 0.0]  Order: [6.9, 6.8, 6.72] Demand: [7.045]

 Algo happo Exp ippo_seed14_formal_v1 updates 124/3000 episodes, total num timesteps 125000/3000000, FPS 118.

Reward for thread 1: [-23.57, -25.99, -26.68] -25.41  Inventory: [0.0, 0.0, 0.0]  Order: [9.61, 9.49, 9.47] Demand: [10.065]
Reward for thread 2: [-49.2, -32.9, -36.36] -39.49  Inventory: [0.0, 0.0, 0.0]  Order: [10.94, 10.94, 10.86] Demand: [11.93]
Reward for thread 3: [-19.32, -26.3, -28.61] -24.74  Inventory: [18.0, 47.0, 40.0]  Order: [5.72, 5.72, 5.78] Demand: [5.855]
Reward for thread 4: [-81.21, -44.21, -40.39] -55.27  Inventory: [0.0, 0.0, 0.0]  Order: [12.58, 12.62, 12.54] Demand: [14.125]
Reward for thread 5: [-23.08, -30.05, -35.05] -29.39  Inventory: [1.0, 35.0, 54.0]  Order: [6.06, 6.0, 6.03] Demand: [6.25]

Eval average reward:  -36.61141666666666  Eval ordering fluctuation measurement (downstream to upstream):  [0.9704997271272567, 1.1724070657532575, 1.2403658367274875]
A better model is saved!

 Algo happo Exp ippo_seed14_formal_v1 updates 125/3000 episodes, total num timesteps 126000/3000000, FPS 118.

Reward for thread 1: [-25.68, -29.42, -28.84] -27.98  Inventory: [0.0, 0.0, 0.0]  Order: [10.22, 10.4, 10.4] Demand: [10.195]
Reward for thread 2: [-37.62, -34.19, -29.77] -33.86  Inventory: [0.0, 0.0, 0.0]  Order: [12.18, 12.1, 11.99] Demand: [12.3]
Reward for thread 3: [-127.22, -79.96, -58.72] -88.63  Inventory: [82.0, 57.0, 80.0]  Order: [14.43, 14.47, 14.72] Demand: [14.235]
Reward for thread 4: [-46.72, -38.3, -34.92] -39.98  Inventory: [15.0, 4.0, 54.0]  Order: [10.03, 9.82, 9.94] Demand: [10.1]
Reward for thread 5: [-46.08, -38.74, -33.51] -39.44  Inventory: [0.0, 0.0, 0.0]  Order: [12.48, 12.22, 12.2] Demand: [13.495]

 Algo happo Exp ippo_seed14_formal_v1 updates 126/3000 episodes, total num timesteps 127000/3000000, FPS 118.

Reward for thread 1: [-25.14, -52.95, -43.81] -40.63  Inventory: [15.0, 64.0, 79.0]  Order: [2.32, 2.39, 2.55] Demand: [2.49]
Reward for thread 2: [-43.06, -33.29, -35.37] -37.24  Inventory: [0.0, 0.0, 0.0]  Order: [10.54, 10.58, 10.56] Demand: [11.705]
Reward for thread 3: [-19.72, -23.23, -24.38] -22.44  Inventory: [0.0, 0.0, 0.0]  Order: [9.07, 9.08, 8.97] Demand: [8.88]
Reward for thread 4: [-23.43, -29.35, -33.65] -28.81  Inventory: [0.0, 0.0, 0.0]  Order: [7.28, 7.24, 7.14] Demand: [7.38]
Reward for thread 5: [-37.63, -30.37, -32.48] -33.49  Inventory: [0.0, 0.0, 0.0]  Order: [8.66, 8.62, 8.62] Demand: [9.51]

 Algo happo Exp ippo_seed14_formal_v1 updates 127/3000 episodes, total num timesteps 128000/3000000, FPS 118.

Reward for thread 1: [-30.36, -46.07, -39.28] -38.57  Inventory: [0.0, 100.0, 55.0]  Order: [6.58, 6.87, 6.9] Demand: [6.73]
Reward for thread 2: [-91.32, -87.59, -50.98] -76.63  Inventory: [0.0, 0.0, 0.0]  Order: [15.74, 15.38, 15.26] Demand: [16.04]
Reward for thread 3: [-29.21, -36.02, -28.93] -31.39  Inventory: [0.0, 18.0, 10.0]  Order: [10.07, 10.25, 10.3] Demand: [10.105]
Reward for thread 4: [-24.91, -30.04, -29.59] -28.18  Inventory: [0.0, 0.0, 10.0]  Order: [9.04, 8.94, 8.84] Demand: [9.085]
Reward for thread 5: [-20.03, -29.11, -28.93] -26.02  Inventory: [18.0, 14.0, 4.0]  Order: [7.38, 7.41, 7.37] Demand: [7.38]

 Algo happo Exp ippo_seed14_formal_v1 updates 128/3000 episodes, total num timesteps 129000/3000000, FPS 118.

Reward for thread 1: [-22.34, -38.21, -37.22] -32.59  Inventory: [10.0, 68.0, 60.0]  Order: [5.45, 5.54, 5.64] Demand: [5.65]
Reward for thread 2: [-18.58, -28.31, -29.59] -25.49  Inventory: [11.0, 5.0, 7.0]  Order: [7.47, 7.46, 7.48] Demand: [7.49]
Reward for thread 3: [-107.56, -94.96, -56.38] -86.3  Inventory: [0.0, 0.0, 0.0]  Order: [14.72, 13.92, 13.84] Demand: [15.385]
Reward for thread 4: [-22.98, -25.2, -22.53] -23.57  Inventory: [0.0, 0.0, 0.0]  Order: [9.96, 9.82, 9.82] Demand: [10.17]
Reward for thread 5: [-33.96, -38.45, -35.58] -36.0  Inventory: [23.0, 44.0, 55.0]  Order: [7.86, 7.82, 7.85] Demand: [7.965]

 Algo happo Exp ippo_seed14_formal_v1 updates 129/3000 episodes, total num timesteps 130000/3000000, FPS 118.

Reward for thread 1: [-105.98, -93.05, -58.26] -85.76  Inventory: [29.0, 68.0, 98.0]  Order: [13.33, 13.44, 13.69] Demand: [13.42]
Reward for thread 2: [-43.02, -45.92, -36.2] -41.71  Inventory: [23.0, 46.0, 69.0]  Order: [10.29, 10.28, 10.42] Demand: [10.315]
Reward for thread 3: [-37.5, -37.98, -34.12] -36.53  Inventory: [12.0, 53.0, 22.0]  Order: [10.3, 10.41, 10.38] Demand: [10.45]
Reward for thread 4: [-47.58, -50.47, -36.34] -44.8  Inventory: [12.0, 33.0, 24.0]  Order: [9.99, 10.06, 10.02] Demand: [10.11]
Reward for thread 5: [-34.19, -47.3, -34.87] -38.79  Inventory: [19.0, 95.0, 47.0]  Order: [8.43, 8.68, 8.7] Demand: [8.58]

Eval average reward:  -34.17975  Eval ordering fluctuation measurement (downstream to upstream):  [0.9596384735946095, 1.220208605678597, 1.26108986521653]
A better model is saved!

 Algo happo Exp ippo_seed14_formal_v1 updates 130/3000 episodes, total num timesteps 131000/3000000, FPS 118.

Reward for thread 1: [-40.78, -42.01, -39.2] -40.66  Inventory: [2.0, 80.0, 66.0]  Order: [10.88, 11.06, 11.2] Demand: [11.04]
Reward for thread 2: [-23.25, -28.84, -26.97] -26.35  Inventory: [10.0, 72.0, 73.0]  Order: [9.0, 9.12, 9.26] Demand: [9.15]
Reward for thread 3: [-27.25, -49.95, -40.53] -39.24  Inventory: [27.0, 119.0, 56.0]  Order: [2.28, 2.7, 2.82] Demand: [2.385]
Reward for thread 4: [-111.39, -94.88, -58.76] -88.34  Inventory: [0.0, 0.0, 0.0]  Order: [14.96, 14.3, 14.23] Demand: [14.755]
Reward for thread 5: [-21.22, -32.81, -39.66] -31.23  Inventory: [23.0, 67.0, 48.0]  Order: [2.72, 2.91, 2.92] Demand: [2.86]

 Algo happo Exp ippo_seed14_formal_v1 updates 131/3000 episodes, total num timesteps 132000/3000000, FPS 118.

Reward for thread 1: [-18.52, -26.35, -27.81] -24.23  Inventory: [12.0, 20.0, 34.0]  Order: [6.77, 6.68, 6.66] Demand: [6.815]
Reward for thread 2: [-20.72, -30.37, -34.71] -28.6  Inventory: [29.0, 75.0, 72.0]  Order: [4.08, 4.27, 4.46] Demand: [4.155]
Reward for thread 3: [-76.93, -74.61, -46.85] -66.13  Inventory: [0.0, 14.0, 42.0]  Order: [15.36, 15.29, 15.38] Demand: [15.345]
Reward for thread 4: [-25.44, -26.95, -35.27] -29.22  Inventory: [53.0, 38.0, 106.0]  Order: [3.68, 3.64, 3.92] Demand: [3.63]
Reward for thread 5: [-21.98, -27.79, -31.87] -27.21  Inventory: [25.0, 31.0, 73.0]  Order: [6.96, 6.88, 7.03] Demand: [7.025]

 Algo happo Exp ippo_seed14_formal_v1 updates 132/3000 episodes, total num timesteps 133000/3000000, FPS 118.

Reward for thread 1: [-25.79, -35.99, -33.36] -31.71  Inventory: [19.0, 0.0, 2.0]  Order: [10.12, 10.24, 10.3] Demand: [9.9]
Reward for thread 2: [-118.75, -109.37, -62.6] -96.91  Inventory: [0.0, 0.0, 0.0]  Order: [14.58, 14.35, 14.37] Demand: [14.255]
Reward for thread 3: [-21.18, -32.9, -41.21] -31.76  Inventory: [5.0, 39.0, 85.0]  Order: [5.12, 5.07, 5.29] Demand: [5.25]
Reward for thread 4: [-19.16, -33.04, -27.39] -26.53  Inventory: [12.0, 71.0, 56.0]  Order: [5.38, 5.49, 5.64] Demand: [5.495]
Reward for thread 5: [-21.93, -32.45, -41.85] -32.08  Inventory: [0.0, 0.0, 0.0]  Order: [4.43, 4.23, 4.1] Demand: [4.415]

 Algo happo Exp ippo_seed14_formal_v1 updates 133/3000 episodes, total num timesteps 134000/3000000, FPS 118.

Reward for thread 1: [-22.66, -31.03, -35.52] -29.74  Inventory: [21.0, 48.0, 29.0]  Order: [4.52, 4.51, 4.4] Demand: [4.665]
Reward for thread 2: [-92.95, -82.06, -50.69] -75.23  Inventory: [0.0, 0.0, 0.0]  Order: [14.9, 14.02, 13.95] Demand: [15.185]
Reward for thread 3: [-25.68, -30.56, -37.59] -31.28  Inventory: [57.0, 46.0, 58.0]  Order: [2.28, 2.32, 2.37] Demand: [2.235]
Reward for thread 4: [-19.28, -27.15, -40.62] -29.02  Inventory: [3.0, 14.0, 64.0]  Order: [3.24, 3.06, 3.15] Demand: [3.39]
Reward for thread 5: [-17.27, -26.54, -29.36] -24.39  Inventory: [6.0, 35.0, 42.0]  Order: [4.7, 4.78, 4.8] Demand: [4.77]

 Algo happo Exp ippo_seed14_formal_v1 updates 134/3000 episodes, total num timesteps 135000/3000000, FPS 118.

Reward for thread 1: [-65.22, -37.73, -33.86] -45.6  Inventory: [0.0, 0.0, 0.0]  Order: [13.9, 13.87, 13.87] Demand: [14.915]
Reward for thread 2: [-14.19, -21.86, -31.92] -22.66  Inventory: [0.0, 0.0, 0.0]  Order: [3.56, 3.46, 3.29] Demand: [3.665]
Reward for thread 3: [-33.84, -33.55, -34.67] -34.02  Inventory: [3.0, 68.0, 56.0]  Order: [9.19, 9.29, 9.34] Demand: [9.405]
Reward for thread 4: [-16.32, -23.54, -30.2] -23.35  Inventory: [4.0, 0.0, 0.0]  Order: [5.42, 5.28, 5.28] Demand: [5.515]
Reward for thread 5: [-30.57, -28.43, -32.96] -30.65  Inventory: [1.0, 20.0, 0.0]  Order: [7.38, 7.58, 7.68] Demand: [7.56]

Eval average reward:  -48.715  Eval ordering fluctuation measurement (downstream to upstream):  [0.9772740843155011, 1.1329001144116493, 1.2183847318136718]

 Algo happo Exp ippo_seed14_formal_v1 updates 135/3000 episodes, total num timesteps 136000/3000000, FPS 118.

Reward for thread 1: [-26.65, -28.95, -28.51] -28.04  Inventory: [12.0, 15.0, 44.0]  Order: [9.22, 9.05, 9.02] Demand: [9.355]
Reward for thread 2: [-16.44, -24.17, -26.42] -22.34  Inventory: [12.0, 54.0, 41.0]  Order: [5.85, 5.89, 5.9] Demand: [6.04]
Reward for thread 3: [-15.84, -21.59, -27.31] -21.58  Inventory: [17.0, 31.0, 56.0]  Order: [8.1, 8.13, 8.24] Demand: [8.115]
Reward for thread 4: [-17.29, -21.59, -28.22] -22.37  Inventory: [0.0, 0.0, 21.0]  Order: [7.78, 7.65, 7.6] Demand: [7.955]
Reward for thread 5: [-44.23, -39.52, -34.79] -39.51  Inventory: [0.0, 0.0, 0.0]  Order: [13.08, 12.78, 12.72] Demand: [13.23]

 Algo happo Exp ippo_seed14_formal_v1 updates 136/3000 episodes, total num timesteps 137000/3000000, FPS 118.

Reward for thread 1: [-83.49, -46.17, -41.68] -57.11  Inventory: [0.0, 0.0, 0.0]  Order: [11.98, 11.84, 11.74] Demand: [13.53]
Reward for thread 2: [-25.39, -31.43, -30.28] -29.03  Inventory: [1.0, 24.0, 30.0]  Order: [8.16, 8.04, 8.04] Demand: [8.315]
Reward for thread 3: [-16.46, -25.82, -30.18] -24.15  Inventory: [0.0, 7.0, 46.0]  Order: [5.4, 5.24, 5.24] Demand: [5.555]
Reward for thread 4: [-17.11, -27.14, -30.88] -25.04  Inventory: [2.0, 25.0, 29.0]  Order: [3.82, 3.7, 3.62] Demand: [3.98]
Reward for thread 5: [-48.07, -41.5, -33.92] -41.16  Inventory: [0.0, 0.0, 0.0]  Order: [12.23, 11.95, 11.92] Demand: [13.125]

 Algo happo Exp ippo_seed14_formal_v1 updates 137/3000 episodes, total num timesteps 138000/3000000, FPS 118.

Reward for thread 1: [-19.12, -23.0, -24.31] -22.14  Inventory: [5.0, 0.0, 0.0]  Order: [9.09, 9.12, 9.14] Demand: [9.095]
Reward for thread 2: [-17.37, -23.16, -28.19] -22.91  Inventory: [14.0, 0.0, 0.0]  Order: [7.33, 7.34, 7.22] Demand: [7.31]
Reward for thread 3: [-14.38, -21.31, -22.2] -19.3  Inventory: [22.0, 30.0, 8.0]  Order: [5.16, 5.25, 5.14] Demand: [5.22]
Reward for thread 4: [-17.87, -29.96, -31.86] -26.56  Inventory: [0.0, 23.0, 18.0]  Order: [5.4, 5.29, 5.16] Demand: [5.6]
Reward for thread 5: [-24.24, -32.64, -25.91] -27.6  Inventory: [21.0, 44.0, 47.0]  Order: [7.06, 7.06, 7.04] Demand: [7.105]

 Algo happo Exp ippo_seed14_formal_v1 updates 138/3000 episodes, total num timesteps 139000/3000000, FPS 118.

Reward for thread 1: [-153.13, -113.62, -71.45] -112.73  Inventory: [159.0, 107.0, 44.0]  Order: [12.28, 12.58, 12.64] Demand: [11.74]
Reward for thread 2: [-24.01, -26.28, -25.85] -25.38  Inventory: [0.0, 0.0, 0.0]  Order: [8.64, 8.57, 8.51] Demand: [8.745]
Reward for thread 3: [-46.84, -40.79, -30.18] -39.27  Inventory: [0.0, 0.0, 0.0]  Order: [12.42, 11.95, 11.92] Demand: [13.115]
Reward for thread 4: [-18.46, -25.79, -26.97] -23.74  Inventory: [9.0, 42.0, 35.0]  Order: [6.42, 6.42, 6.35] Demand: [6.61]
Reward for thread 5: [-31.26, -36.1, -30.77] -32.71  Inventory: [3.0, 29.0, 61.0]  Order: [9.05, 8.98, 9.06] Demand: [9.15]

 Algo happo Exp ippo_seed14_formal_v1 updates 139/3000 episodes, total num timesteps 140000/3000000, FPS 118.

Reward for thread 1: [-29.02, -74.4, -45.88] -49.77  Inventory: [2.0, 77.0, 44.0]  Order: [1.79, 1.93, 1.92] Demand: [1.93]
Reward for thread 2: [-48.78, -50.59, -32.9] -44.09  Inventory: [0.0, 0.0, 0.0]  Order: [11.18, 10.74, 10.72] Demand: [10.87]
Reward for thread 3: [-40.91, -30.01, -28.87] -33.26  Inventory: [0.0, 0.0, 0.0]  Order: [11.65, 11.45, 11.46] Demand: [11.77]
Reward for thread 4: [-18.89, -21.64, -22.23] -20.92  Inventory: [0.0, 0.0, 0.0]  Order: [11.59, 11.56, 11.44] Demand: [11.485]
Reward for thread 5: [-59.17, -66.0, -42.56] -55.91  Inventory: [0.0, 0.0, 0.0]  Order: [11.36, 10.25, 10.14] Demand: [11.515]

Eval average reward:  -48.50333333333334  Eval ordering fluctuation measurement (downstream to upstream):  [0.9560743349909607, 1.0749737861103565, 1.2348994646333782]

 Algo happo Exp ippo_seed14_formal_v1 updates 140/3000 episodes, total num timesteps 141000/3000000, FPS 118.

Reward for thread 1: [-18.32, -29.74, -29.99] -26.02  Inventory: [2.0, 66.0, 17.0]  Order: [4.44, 4.53, 4.44] Demand: [4.625]
Reward for thread 2: [-19.84, -27.39, -25.14] -24.12  Inventory: [7.0, 19.0, 16.0]  Order: [8.53, 8.43, 8.45] Demand: [8.685]
Reward for thread 3: [-14.73, -27.3, -25.47] -22.5  Inventory: [0.0, 0.0, 0.0]  Order: [4.72, 4.76, 4.78] Demand: [4.835]
Reward for thread 4: [-17.53, -25.53, -27.25] -23.44  Inventory: [22.0, 53.0, 43.0]  Order: [5.21, 5.23, 5.22] Demand: [5.345]
Reward for thread 5: [-26.49, -37.42, -29.85] -31.25  Inventory: [3.0, 43.0, 31.0]  Order: [5.24, 5.22, 5.2] Demand: [5.47]

 Algo happo Exp ippo_seed14_formal_v1 updates 141/3000 episodes, total num timesteps 142000/3000000, FPS 118.

Reward for thread 1: [-215.55, -145.09, -88.16] -149.6  Inventory: [0.0, 0.0, 0.0]  Order: [16.76, 15.57, 15.52] Demand: [17.965]
Reward for thread 2: [-112.24, -83.31, -54.33] -83.29  Inventory: [0.0, 0.0, 0.0]  Order: [14.46, 14.44, 14.4] Demand: [14.33]
Reward for thread 3: [-15.7, -22.48, -24.7] -20.96  Inventory: [0.0, 12.0, 27.0]  Order: [6.36, 6.34, 6.31] Demand: [6.58]
Reward for thread 4: [-16.29, -24.99, -26.34] -22.54  Inventory: [0.0, 11.0, 19.0]  Order: [5.14, 5.08, 4.93] Demand: [5.26]
Reward for thread 5: [-18.74, -31.24, -26.8] -25.59  Inventory: [5.0, 46.0, 15.0]  Order: [2.97, 3.02, 2.84] Demand: [3.14]

 Algo happo Exp ippo_seed14_formal_v1 updates 142/3000 episodes, total num timesteps 143000/3000000, FPS 118.

Reward for thread 1: [-13.53, -21.98, -25.01] -20.17  Inventory: [0.0, 39.0, 40.0]  Order: [4.52, 4.48, 4.43] Demand: [4.77]
Reward for thread 2: [-29.29, -57.4, -36.35] -41.01  Inventory: [47.0, 147.0, 17.0]  Order: [1.92, 2.42, 2.26] Demand: [1.93]
Reward for thread 3: [-105.57, -59.7, -50.19] -71.82  Inventory: [0.0, 0.0, 0.0]  Order: [11.6, 11.36, 11.26] Demand: [13.38]
Reward for thread 4: [-35.3, -27.64, -26.01] -29.65  Inventory: [0.0, 0.0, 0.0]  Order: [9.62, 9.59, 9.54] Demand: [9.805]
Reward for thread 5: [-23.87, -29.37, -30.17] -27.8  Inventory: [0.0, 19.0, 13.0]  Order: [6.7, 6.66, 6.49] Demand: [6.925]

 Algo happo Exp ippo_seed14_formal_v1 updates 143/3000 episodes, total num timesteps 144000/3000000, FPS 118.

Reward for thread 1: [-27.81, -24.58, -25.77] -26.05  Inventory: [0.0, 10.0, 25.0]  Order: [9.88, 9.85, 9.8] Demand: [9.91]
Reward for thread 2: [-59.46, -35.68, -34.64] -43.26  Inventory: [0.0, 0.0, 0.0]  Order: [11.83, 11.68, 11.6] Demand: [12.975]
Reward for thread 3: [-21.76, -34.85, -36.34] -30.98  Inventory: [41.0, 95.0, 34.0]  Order: [2.27, 2.5, 2.43] Demand: [2.315]
Reward for thread 4: [-89.44, -58.42, -43.17] -63.68  Inventory: [0.0, 0.0, 0.0]  Order: [12.3, 11.81, 11.82] Demand: [13.745]
Reward for thread 5: [-23.41, -28.21, -27.04] -26.22  Inventory: [16.0, 27.0, 0.0]  Order: [7.22, 7.4, 7.3] Demand: [7.295]

 Algo happo Exp ippo_seed14_formal_v1 updates 144/3000 episodes, total num timesteps 145000/3000000, FPS 118.

Reward for thread 1: [-27.04, -26.3, -25.37] -26.24  Inventory: [0.0, 0.0, 0.0]  Order: [9.73, 9.41, 9.33] Demand: [9.865]
Reward for thread 2: [-14.83, -24.58, -27.59] -22.33  Inventory: [10.0, 46.0, 44.0]  Order: [4.37, 4.36, 4.34] Demand: [4.57]
Reward for thread 3: [-22.33, -27.16, -27.76] -25.75  Inventory: [8.0, 17.0, 50.0]  Order: [6.32, 6.21, 6.22] Demand: [6.52]
Reward for thread 4: [-50.98, -44.65, -37.31] -44.31  Inventory: [0.0, 0.0, 0.0]  Order: [11.01, 11.1, 10.99] Demand: [11.365]
Reward for thread 5: [-37.69, -32.02, -29.67] -33.13  Inventory: [0.0, 0.0, 0.0]  Order: [10.5, 10.46, 10.34] Demand: [10.565]

Eval average reward:  -44.72308333333333  Eval ordering fluctuation measurement (downstream to upstream):  [0.9369358901263963, 1.067688296164657, 1.188351460506643]

 Algo happo Exp ippo_seed14_formal_v1 updates 145/3000 episodes, total num timesteps 146000/3000000, FPS 118.

Reward for thread 1: [-60.62, -39.18, -36.34] -45.38  Inventory: [0.0, 0.0, 0.0]  Order: [11.43, 11.53, 11.37] Demand: [11.65]
Reward for thread 2: [-64.28, -44.06, -37.67] -48.67  Inventory: [0.0, 0.0, 0.0]  Order: [12.34, 12.36, 12.32] Demand: [13.2]
Reward for thread 3: [-127.1, -71.03, -53.18] -83.77  Inventory: [0.0, 0.0, 0.0]  Order: [14.66, 14.12, 14.12] Demand: [16.295]
Reward for thread 4: [-34.64, -32.41, -29.19] -32.08  Inventory: [0.0, 0.0, 0.0]  Order: [10.15, 9.91, 9.82] Demand: [10.515]
Reward for thread 5: [-18.41, -21.67, -22.71] -20.93  Inventory: [0.0, 0.0, 0.0]  Order: [8.2, 8.12, 8.04] Demand: [8.245]

 Algo happo Exp ippo_seed14_formal_v1 updates 146/3000 episodes, total num timesteps 147000/3000000, FPS 118.

Reward for thread 1: [-16.69, -26.57, -23.19] -22.15  Inventory: [4.0, 78.0, 35.0]  Order: [6.52, 6.66, 6.59] Demand: [6.755]
Reward for thread 2: [-15.26, -27.01, -23.15] -21.81  Inventory: [14.0, 38.0, 30.0]  Order: [2.38, 2.33, 2.26] Demand: [2.555]
Reward for thread 3: [-157.98, -76.67, -65.43] -100.03  Inventory: [0.0, 0.0, 0.0]  Order: [14.18, 13.93, 13.84] Demand: [15.665]
Reward for thread 4: [-78.75, -47.79, -41.04] -55.86  Inventory: [0.0, 0.0, 0.0]  Order: [13.1, 12.99, 12.96] Demand: [14.615]
Reward for thread 5: [-20.54, -33.2, -29.29] -27.68  Inventory: [0.0, 5.0, 0.0]  Order: [7.18, 7.31, 7.35] Demand: [7.325]

 Algo happo Exp ippo_seed14_formal_v1 updates 147/3000 episodes, total num timesteps 148000/3000000, FPS 118.

Reward for thread 1: [-19.45, -25.2, -26.08] -23.58  Inventory: [5.0, 0.0, 0.0]  Order: [9.78, 9.72, 9.57] Demand: [9.685]
Reward for thread 2: [-105.72, -64.71, -49.83] -73.42  Inventory: [0.0, 0.0, 0.0]  Order: [12.1, 11.82, 11.74] Demand: [13.65]
Reward for thread 3: [-113.18, -66.57, -51.72] -77.16  Inventory: [0.0, 0.0, 0.0]  Order: [14.48, 14.56, 14.48] Demand: [14.49]
Reward for thread 4: [-19.58, -26.19, -26.76] -24.18  Inventory: [0.0, 0.0, 0.0]  Order: [8.78, 8.82, 8.84] Demand: [8.685]
Reward for thread 5: [-52.8, -37.07, -33.57] -41.15  Inventory: [0.0, 43.0, 37.0]  Order: [9.94, 9.9, 9.84] Demand: [10.14]

 Algo happo Exp ippo_seed14_formal_v1 updates 148/3000 episodes, total num timesteps 149000/3000000, FPS 118.

Reward for thread 1: [-13.12, -16.8, -18.32] -16.08  Inventory: [2.0, 17.0, 0.0]  Order: [8.7, 8.84, 8.8] Demand: [8.8]
Reward for thread 2: [-117.94, -57.72, -50.11] -75.26  Inventory: [0.0, 0.0, 0.0]  Order: [13.8, 13.36, 13.3] Demand: [14.775]
Reward for thread 3: [-15.14, -24.27, -23.75] -21.05  Inventory: [1.0, 32.0, 33.0]  Order: [5.07, 5.0, 5.02] Demand: [5.24]
Reward for thread 4: [-17.9, -21.08, -22.52] -20.5  Inventory: [0.0, 0.0, 0.0]  Order: [8.09, 7.93, 7.82] Demand: [8.105]
Reward for thread 5: [-16.49, -26.74, -25.18] -22.8  Inventory: [16.0, 106.0, 60.0]  Order: [5.55, 5.84, 5.89] Demand: [5.71]

 Algo happo Exp ippo_seed14_formal_v1 updates 149/3000 episodes, total num timesteps 150000/3000000, FPS 118.

Reward for thread 1: [-17.85, -27.05, -30.91] -25.27  Inventory: [10.0, 21.0, 22.0]  Order: [5.44, 5.4, 5.35] Demand: [5.635]
Reward for thread 2: [-46.86, -26.48, -27.53] -33.62  Inventory: [0.0, 0.0, 0.0]  Order: [11.92, 12.03, 11.86] Demand: [12.245]
Reward for thread 3: [-16.54, -22.97, -22.36] -20.62  Inventory: [0.0, 0.0, 0.0]  Order: [6.84, 6.67, 6.57] Demand: [6.73]
Reward for thread 4: [-104.43, -49.56, -44.95] -66.31  Inventory: [0.0, 0.0, 0.0]  Order: [13.33, 13.1, 12.98] Demand: [15.03]
Reward for thread 5: [-156.79, -84.62, -65.15] -102.19  Inventory: [0.0, 0.0, 0.0]  Order: [13.91, 13.48, 13.42] Demand: [15.64]

Eval average reward:  -39.26808333333334  Eval ordering fluctuation measurement (downstream to upstream):  [0.910462013929153, 1.0581105626119802, 1.1730219656695173]

 Algo happo Exp ippo_seed14_formal_v1 updates 150/3000 episodes, total num timesteps 151000/3000000, FPS 118.

Reward for thread 1: [-112.87, -53.85, -50.94] -72.55  Inventory: [1.0, 26.0, 36.0]  Order: [11.58, 11.54, 11.46] Demand: [11.78]
Reward for thread 2: [-29.97, -66.31, -41.31] -45.86  Inventory: [11.0, 174.0, 35.0]  Order: [1.8, 2.44, 2.37] Demand: [1.995]
Reward for thread 3: [-230.25, -86.69, -79.93] -132.29  Inventory: [0.0, 0.0, 0.0]  Order: [14.04, 14.13, 14.15] Demand: [15.995]
Reward for thread 4: [-13.72, -20.64, -26.21] -20.19  Inventory: [3.0, 7.0, 28.0]  Order: [4.92, 4.78, 4.68] Demand: [5.015]
Reward for thread 5: [-27.57, -23.24, -26.06] -25.62  Inventory: [0.0, 0.0, 0.0]  Order: [8.32, 8.3, 8.22] Demand: [9.035]

 Algo happo Exp ippo_seed14_formal_v1 updates 151/3000 episodes, total num timesteps 152000/3000000, FPS 118.

Reward for thread 1: [-15.75, -25.19, -23.66] -21.53  Inventory: [6.0, 56.0, 28.0]  Order: [5.04, 5.08, 4.97] Demand: [5.25]
Reward for thread 2: [-23.23, -26.05, -27.11] -25.46  Inventory: [1.0, 9.0, 46.0]  Order: [6.86, 6.66, 6.68] Demand: [6.98]
Reward for thread 3: [-16.24, -28.76, -26.31] -23.77  Inventory: [0.0, 30.0, 40.0]  Order: [5.98, 5.93, 5.88] Demand: [6.175]
Reward for thread 4: [-14.84, -23.66, -25.82] -21.44  Inventory: [0.0, 32.0, 25.0]  Order: [6.0, 6.01, 6.0] Demand: [6.125]
Reward for thread 5: [-15.36, -23.77, -29.92] -23.02  Inventory: [0.0, 17.0, 46.0]  Order: [3.16, 3.03, 3.01] Demand: [3.34]

 Algo happo Exp ippo_seed14_formal_v1 updates 152/3000 episodes, total num timesteps 153000/3000000, FPS 118.

Reward for thread 1: [-22.39, -43.95, -34.41] -33.58  Inventory: [0.0, 63.0, 27.0]  Order: [4.78, 4.84, 4.74] Demand: [4.95]
Reward for thread 2: [-34.27, -27.77, -26.85] -29.63  Inventory: [6.0, 49.0, 36.0]  Order: [8.8, 8.82, 8.76] Demand: [9.02]
Reward for thread 3: [-84.04, -37.62, -38.57] -53.41  Inventory: [0.0, 0.0, 0.0]  Order: [12.14, 12.28, 12.18] Demand: [13.34]
Reward for thread 4: [-19.9, -24.78, -26.16] -23.61  Inventory: [0.0, 0.0, 5.0]  Order: [7.51, 7.42, 7.34] Demand: [7.64]
Reward for thread 5: [-78.02, -37.27, -36.21] -50.5  Inventory: [0.0, 0.0, 4.0]  Order: [12.45, 12.46, 12.46] Demand: [12.835]

 Algo happo Exp ippo_seed14_formal_v1 updates 153/3000 episodes, total num timesteps 154000/3000000, FPS 118.

Reward for thread 1: [-14.85, -18.73, -21.63] -18.4  Inventory: [20.0, 28.0, 13.0]  Order: [9.24, 9.3, 9.22] Demand: [9.245]
Reward for thread 2: [-20.21, -26.47, -25.55] -24.08  Inventory: [16.0, 28.0, 33.0]  Order: [7.0, 6.91, 6.82] Demand: [7.035]
Reward for thread 3: [-64.54, -42.68, -35.39] -47.54  Inventory: [0.0, 0.0, 0.0]  Order: [11.25, 11.1, 11.09] Demand: [12.76]
Reward for thread 4: [-23.04, -38.35, -37.53] -32.97  Inventory: [61.0, 41.0, 52.0]  Order: [2.66, 2.62, 2.69] Demand: [2.605]
Reward for thread 5: [-16.07, -23.41, -26.67] -22.05  Inventory: [0.0, 32.0, 16.0]  Order: [5.03, 5.1, 5.03] Demand: [5.155]

 Algo happo Exp ippo_seed14_formal_v1 updates 154/3000 episodes, total num timesteps 155000/3000000, FPS 118.

Reward for thread 1: [-16.51, -18.25, -18.57] -17.78  Inventory: [0.0, 16.0, 0.0]  Order: [9.66, 9.79, 9.74] Demand: [9.73]
Reward for thread 2: [-15.68, -26.13, -31.65] -24.49  Inventory: [0.0, 27.0, 44.0]  Order: [3.32, 3.25, 3.22] Demand: [3.52]
Reward for thread 3: [-85.94, -42.89, -40.12] -56.32  Inventory: [0.0, 0.0, 0.0]  Order: [12.68, 12.48, 12.42] Demand: [14.08]
Reward for thread 4: [-211.5, -90.66, -76.28] -126.15  Inventory: [0.0, 0.0, 0.0]  Order: [14.78, 14.7, 14.58] Demand: [16.515]
Reward for thread 5: [-200.16, -69.98, -69.93] -113.36  Inventory: [0.0, 0.0, 0.0]  Order: [12.74, 12.86, 12.88] Demand: [16.135]

Eval average reward:  -43.60316666666667  Eval ordering fluctuation measurement (downstream to upstream):  [0.9598762396880594, 1.044735336057744, 1.1950880583092034]

 Algo happo Exp ippo_seed14_formal_v1 updates 155/3000 episodes, total num timesteps 156000/3000000, FPS 118.

Reward for thread 1: [-82.69, -41.45, -38.38] -54.17  Inventory: [0.0, 0.0, 0.0]  Order: [11.24, 11.12, 11.04] Demand: [13.08]
Reward for thread 2: [-15.71, -25.06, -27.89] -22.89  Inventory: [0.0, 21.0, 48.0]  Order: [5.56, 5.43, 5.42] Demand: [5.74]
Reward for thread 3: [-84.59, -51.3, -44.52] -60.14  Inventory: [0.0, 0.0, 0.0]  Order: [10.75, 10.45, 10.31] Demand: [12.425]
Reward for thread 4: [-16.51, -21.07, -21.26] -19.61  Inventory: [0.0, 0.0, 0.0]  Order: [9.3, 9.09, 8.99] Demand: [9.3]
Reward for thread 5: [-14.91, -21.03, -22.07] -19.34  Inventory: [4.0, 54.0, 59.0]  Order: [6.6, 6.63, 6.68] Demand: [6.815]

 Algo happo Exp ippo_seed14_formal_v1 updates 156/3000 episodes, total num timesteps 157000/3000000, FPS 118.

Reward for thread 1: [-172.29, -69.83, -60.47] -100.86  Inventory: [0.0, 12.0, 0.0]  Order: [13.04, 13.01, 12.94] Demand: [13.32]
Reward for thread 2: [-39.35, -31.6, -28.56] -33.17  Inventory: [0.0, 0.0, 0.0]  Order: [10.23, 10.34, 10.22] Demand: [10.305]
Reward for thread 3: [-125.74, -84.01, -57.03] -88.93  Inventory: [0.0, 0.0, 0.0]  Order: [14.72, 14.2, 14.14] Demand: [16.11]
Reward for thread 4: [-15.56, -24.98, -23.89] -21.48  Inventory: [15.0, 40.0, 25.0]  Order: [4.43, 4.5, 4.49] Demand: [4.595]
Reward for thread 5: [-56.45, -33.98, -33.58] -41.34  Inventory: [0.0, 0.0, 0.0]  Order: [10.5, 10.28, 10.12] Demand: [11.56]

 Algo happo Exp ippo_seed14_formal_v1 updates 157/3000 episodes, total num timesteps 158000/3000000, FPS 118.

Reward for thread 1: [-51.68, -35.08, -33.57] -40.11  Inventory: [0.0, 42.0, 45.0]  Order: [8.91, 8.9, 8.9] Demand: [9.145]
Reward for thread 2: [-105.9, -62.22, -47.76] -71.96  Inventory: [0.0, 0.0, 0.0]  Order: [13.66, 13.28, 13.1] Demand: [13.945]
Reward for thread 3: [-15.8, -23.66, -23.56] -21.01  Inventory: [37.0, 14.0, 7.0]  Order: [7.56, 7.58, 7.6] Demand: [7.575]
Reward for thread 4: [-13.69, -23.01, -24.9] -20.53  Inventory: [8.0, 28.0, 52.0]  Order: [4.5, 4.4, 4.43] Demand: [4.715]
Reward for thread 5: [-206.02, -90.91, -73.89] -123.61  Inventory: [0.0, 0.0, 0.0]  Order: [14.48, 14.4, 14.34] Demand: [16.8]

 Algo happo Exp ippo_seed14_formal_v1 updates 158/3000 episodes, total num timesteps 159000/3000000, FPS 118.

Reward for thread 1: [-14.98, -21.92, -23.55] -20.15  Inventory: [5.0, 27.0, 46.0]  Order: [4.88, 4.78, 4.76] Demand: [5.06]
Reward for thread 2: [-52.24, -48.33, -34.58] -45.05  Inventory: [0.0, 0.0, 0.0]  Order: [9.74, 9.16, 9.04] Demand: [10.64]
Reward for thread 3: [-22.37, -41.34, -39.94] -34.55  Inventory: [10.0, 120.0, 65.0]  Order: [2.31, 2.67, 2.74] Demand: [2.51]
Reward for thread 4: [-21.58, -26.11, -24.46] -24.05  Inventory: [3.0, 0.0, 0.0]  Order: [7.64, 7.42, 7.34] Demand: [7.69]
Reward for thread 5: [-23.85, -32.45, -26.71] -27.67  Inventory: [19.0, 46.0, 48.0]  Order: [10.3, 10.3, 10.32] Demand: [10.395]

 Algo happo Exp ippo_seed14_formal_v1 updates 159/3000 episodes, total num timesteps 160000/3000000, FPS 118.

Reward for thread 1: [-104.91, -78.27, -47.97] -77.05  Inventory: [0.0, 0.0, 0.0]  Order: [12.3, 11.5, 11.48] Demand: [13.96]
Reward for thread 2: [-13.46, -24.34, -24.94] -20.91  Inventory: [0.0, 15.0, 20.0]  Order: [3.06, 2.9, 2.86] Demand: [3.255]
Reward for thread 3: [-18.38, -29.22, -27.25] -24.95  Inventory: [0.0, 18.0, 15.0]  Order: [6.95, 6.97, 6.93] Demand: [6.925]
Reward for thread 4: [-19.66, -24.23, -21.57] -21.82  Inventory: [0.0, 0.0, 0.0]  Order: [10.61, 10.28, 10.2] Demand: [10.78]
Reward for thread 5: [-102.6, -61.4, -46.83] -70.28  Inventory: [0.0, 0.0, 0.0]  Order: [10.82, 10.59, 10.54] Demand: [13.19]

Eval average reward:  -43.50175  Eval ordering fluctuation measurement (downstream to upstream):  [1.0136944215966213, 1.0281617846992286, 1.1333169697984014]

 Algo happo Exp ippo_seed14_formal_v1 updates 160/3000 episodes, total num timesteps 161000/3000000, FPS 118.

Reward for thread 1: [-207.54, -76.18, -68.83] -117.52  Inventory: [0.0, 0.0, 0.0]  Order: [12.22, 11.88, 11.76] Demand: [14.805]
Reward for thread 2: [-14.14, -23.47, -26.59] -21.4  Inventory: [10.0, 14.0, 53.0]  Order: [4.68, 4.51, 4.53] Demand: [4.85]
Reward for thread 3: [-19.89, -20.95, -23.51] -21.45  Inventory: [0.0, 9.0, 0.0]  Order: [9.64, 9.74, 9.65] Demand: [9.71]
Reward for thread 4: [-25.23, -32.85, -30.05] -29.38  Inventory: [0.0, 0.0, 0.0]  Order: [7.35, 6.98, 6.9] Demand: [7.525]
Reward for thread 5: [-20.93, -37.16, -32.5] -30.2  Inventory: [5.0, 44.0, 32.0]  Order: [2.64, 2.61, 2.52] Demand: [2.86]

 Algo happo Exp ippo_seed14_formal_v1 updates 161/3000 episodes, total num timesteps 162000/3000000, FPS 118.

Reward for thread 1: [-17.07, -28.12, -24.85] -23.35  Inventory: [6.0, 24.0, 35.0]  Order: [6.36, 6.27, 6.22] Demand: [6.375]
Reward for thread 2: [-15.87, -27.26, -31.32] -24.82  Inventory: [9.0, 38.0, 51.0]  Order: [3.18, 3.16, 3.17] Demand: [3.38]
Reward for thread 3: [-14.35, -24.1, -25.0] -21.15  Inventory: [29.0, 49.0, 37.0]  Order: [5.6, 5.69, 5.71] Demand: [5.695]
Reward for thread 4: [-15.48, -23.12, -24.65] -21.08  Inventory: [0.0, 0.0, 0.0]  Order: [6.66, 6.68, 6.6] Demand: [6.665]
Reward for thread 5: [-17.38, -27.46, -28.65] -24.5  Inventory: [15.0, 48.0, 44.0]  Order: [3.58, 3.58, 3.58] Demand: [3.75]

 Algo happo Exp ippo_seed14_formal_v1 updates 162/3000 episodes, total num timesteps 163000/3000000, FPS 118.

Reward for thread 1: [-30.85, -26.66, -26.07] -27.86  Inventory: [0.0, 0.0, 0.0]  Order: [9.82, 9.58, 9.44] Demand: [10.1]
Reward for thread 2: [-126.86, -60.21, -49.43] -78.83  Inventory: [0.0, 0.0, 0.0]  Order: [11.62, 11.46, 11.44] Demand: [14.24]
Reward for thread 3: [-42.29, -30.96, -26.3] -33.18  Inventory: [0.0, 0.0, 0.0]  Order: [10.43, 10.14, 10.11] Demand: [10.705]
Reward for thread 4: [-14.88, -25.34, -25.44] -21.89  Inventory: [3.0, 12.0, 40.0]  Order: [4.94, 4.8, 4.78] Demand: [5.075]
Reward for thread 5: [-71.43, -45.39, -35.23] -50.68  Inventory: [0.0, 0.0, 27.0]  Order: [11.86, 11.68, 11.68] Demand: [12.085]

 Algo happo Exp ippo_seed14_formal_v1 updates 163/3000 episodes, total num timesteps 164000/3000000, FPS 118.

Reward for thread 1: [-14.76, -20.46, -21.42] -18.88  Inventory: [0.0, 0.0, 0.0]  Order: [7.66, 7.62, 7.62] Demand: [7.55]
Reward for thread 2: [-102.82, -68.6, -46.62] -72.68  Inventory: [0.0, 0.0, 65.0]  Order: [12.12, 11.86, 11.96] Demand: [12.28]
Reward for thread 3: [-16.76, -26.14, -25.98] -22.96  Inventory: [8.0, 25.0, 31.0]  Order: [6.48, 6.48, 6.54] Demand: [6.6]
Reward for thread 4: [-16.87, -24.37, -25.38] -22.21  Inventory: [14.0, 39.0, 73.0]  Order: [6.8, 6.74, 6.86] Demand: [6.975]
Reward for thread 5: [-14.36, -18.0, -18.8] -17.05  Inventory: [9.0, 2.0, 0.0]  Order: [8.02, 8.07, 7.98] Demand: [8.03]

 Algo happo Exp ippo_seed14_formal_v1 updates 164/3000 episodes, total num timesteps 165000/3000000, FPS 118.

Reward for thread 1: [-17.92, -25.57, -28.56] -24.02  Inventory: [0.0, 20.0, 2.0]  Order: [5.44, 5.54, 5.5] Demand: [5.64]
Reward for thread 2: [-20.9, -23.23, -23.74] -22.62  Inventory: [0.0, 0.0, 0.0]  Order: [8.77, 8.7, 8.62] Demand: [9.265]
Reward for thread 3: [-18.28, -32.21, -31.59] -27.36  Inventory: [34.0, 62.0, 23.0]  Order: [2.1, 2.16, 2.04] Demand: [2.185]
Reward for thread 4: [-173.36, -121.54, -70.0] -121.63  Inventory: [0.0, 0.0, 0.0]  Order: [14.8, 13.42, 13.33] Demand: [15.08]
Reward for thread 5: [-166.91, -75.83, -58.55] -100.43  Inventory: [0.0, 0.0, 0.0]  Order: [14.07, 13.31, 13.26] Demand: [14.795]

Eval average reward:  -42.272166666666664  Eval ordering fluctuation measurement (downstream to upstream):  [0.9870157539609787, 1.0037375936026167, 1.168603642482022]

 Algo happo Exp ippo_seed14_formal_v1 updates 165/3000 episodes, total num timesteps 166000/3000000, FPS 118.

Reward for thread 1: [-16.71, -23.89, -25.34] -21.98  Inventory: [38.0, 90.0, 60.0]  Order: [7.73, 7.93, 7.98] Demand: [7.775]
Reward for thread 2: [-55.61, -37.79, -30.09] -41.16  Inventory: [0.0, 0.0, 0.0]  Order: [11.68, 11.62, 11.54] Demand: [13.125]
Reward for thread 3: [-21.44, -37.03, -34.41] -30.96  Inventory: [10.0, 45.0, 50.0]  Order: [4.78, 4.76, 4.82] Demand: [4.96]
Reward for thread 4: [-16.32, -22.61, -24.91] -21.28  Inventory: [7.0, 24.0, 17.0]  Order: [5.74, 5.68, 5.6] Demand: [5.915]
Reward for thread 5: [-24.66, -28.26, -24.87] -25.93  Inventory: [0.0, 0.0, 10.0]  Order: [9.02, 9.01, 8.98] Demand: [9.07]

 Algo happo Exp ippo_seed14_formal_v1 updates 166/3000 episodes, total num timesteps 167000/3000000, FPS 118.

Reward for thread 1: [-51.73, -37.27, -33.03] -40.68  Inventory: [0.0, 0.0, 0.0]  Order: [10.54, 10.3, 10.2] Demand: [11.55]
Reward for thread 2: [-15.95, -23.64, -27.29] -22.29  Inventory: [11.0, 11.0, 13.0]  Order: [6.92, 6.88, 6.88] Demand: [7.]
Reward for thread 3: [-16.21, -25.63, -26.79] -22.88  Inventory: [0.0, 0.0, 0.0]  Order: [7.06, 7.06, 7.04] Demand: [7.055]
Reward for thread 4: [-21.37, -28.16, -24.79] -24.77  Inventory: [0.0, 0.0, 0.0]  Order: [5.34, 5.29, 5.24] Demand: [5.945]
Reward for thread 5: [-16.55, -25.21, -28.74] -23.5  Inventory: [0.0, 9.0, 15.0]  Order: [3.29, 3.16, 3.06] Demand: [3.43]

 Algo happo Exp ippo_seed14_formal_v1 updates 167/3000 episodes, total num timesteps 168000/3000000, FPS 118.

Reward for thread 1: [-15.29, -24.95, -25.66] -21.97  Inventory: [10.0, 31.0, 23.0]  Order: [5.51, 5.44, 5.3] Demand: [5.71]
Reward for thread 2: [-24.8, -25.05, -27.64] -25.83  Inventory: [0.0, 0.0, 0.0]  Order: [6.37, 6.39, 6.32] Demand: [7.055]
Reward for thread 3: [-14.92, -22.11, -26.62] -21.22  Inventory: [0.0, 10.0, 18.0]  Order: [5.49, 5.44, 5.28] Demand: [5.635]
Reward for thread 4: [-37.58, -38.71, -34.1] -36.8  Inventory: [1.0, 20.0, 42.0]  Order: [7.95, 7.8, 7.76] Demand: [8.135]
Reward for thread 5: [-17.23, -24.09, -23.09] -21.47  Inventory: [24.0, 67.0, 52.0]  Order: [8.28, 8.36, 8.38] Demand: [8.365]

 Algo happo Exp ippo_seed14_formal_v1 updates 168/3000 episodes, total num timesteps 169000/3000000, FPS 118.

Reward for thread 1: [-22.62, -26.77, -23.83] -24.41  Inventory: [18.0, 50.0, 54.0]  Order: [9.06, 9.09, 9.14] Demand: [9.185]
Reward for thread 2: [-22.71, -28.97, -30.04] -27.24  Inventory: [44.0, 45.0, 62.0]  Order: [2.15, 2.12, 2.18] Demand: [2.145]
Reward for thread 3: [-13.98, -22.09, -22.74] -19.6  Inventory: [0.0, 0.0, 0.0]  Order: [6.08, 6.04, 6.0] Demand: [6.125]
Reward for thread 4: [-47.14, -59.35, -38.59] -48.36  Inventory: [10.0, 35.0, 50.0]  Order: [9.04, 8.98, 9.04] Demand: [9.18]
Reward for thread 5: [-14.83, -22.52, -25.48] -20.94  Inventory: [2.0, 61.0, 59.0]  Order: [3.18, 3.24, 3.28] Demand: [3.325]

 Algo happo Exp ippo_seed14_formal_v1 updates 169/3000 episodes, total num timesteps 170000/3000000, FPS 118.

Reward for thread 1: [-17.94, -26.91, -26.68] -23.84  Inventory: [11.0, 54.0, 48.0]  Order: [6.49, 6.52, 6.52] Demand: [6.68]
Reward for thread 2: [-46.94, -41.76, -31.65] -40.12  Inventory: [0.0, 38.0, 34.0]  Order: [8.16, 8.1, 8.02] Demand: [8.365]
Reward for thread 3: [-23.87, -26.7, -26.92] -25.83  Inventory: [7.0, 28.0, 54.0]  Order: [7.68, 7.6, 7.7] Demand: [7.845]
Reward for thread 4: [-87.16, -75.63, -46.69] -69.83  Inventory: [0.0, 0.0, 0.0]  Order: [13.52, 12.56, 12.54] Demand: [13.9]
Reward for thread 5: [-16.78, -21.94, -21.48] -20.07  Inventory: [11.0, 6.0, 0.0]  Order: [8.79, 8.82, 8.78] Demand: [8.845]

Eval average reward:  -42.686  Eval ordering fluctuation measurement (downstream to upstream):  [1.0019779125986248, 1.0200083315592094, 1.1800298330307286]

 Algo happo Exp ippo_seed14_formal_v1 updates 170/3000 episodes, total num timesteps 171000/3000000, FPS 118.

Reward for thread 1: [-19.12, -26.21, -22.85] -22.73  Inventory: [0.0, 8.0, 13.0]  Order: [9.56, 9.52, 9.44] Demand: [9.565]
Reward for thread 2: [-15.58, -27.55, -28.29] -23.81  Inventory: [0.0, 14.0, 6.0]  Order: [1.88, 1.8, 1.77] Demand: [2.08]
Reward for thread 3: [-68.76, -63.9, -39.92] -57.53  Inventory: [0.0, 0.0, 0.0]  Order: [13.98, 13.69, 13.62] Demand: [14.405]
Reward for thread 4: [-14.8, -21.73, -23.2] -19.91  Inventory: [0.0, 28.0, 27.0]  Order: [5.73, 5.69, 5.59] Demand: [5.925]
Reward for thread 5: [-23.24, -30.9, -28.02] -27.39  Inventory: [0.0, 17.0, 25.0]  Order: [7.9, 7.75, 7.72] Demand: [8.04]

 Algo happo Exp ippo_seed14_formal_v1 updates 171/3000 episodes, total num timesteps 172000/3000000, FPS 118.

Reward for thread 1: [-95.82, -87.64, -49.89] -77.78  Inventory: [0.0, 0.0, 0.0]  Order: [14.56, 13.43, 13.36] Demand: [14.83]
Reward for thread 2: [-18.38, -27.72, -25.99] -24.03  Inventory: [38.0, 84.0, 53.0]  Order: [9.09, 9.32, 9.34] Demand: [9.145]
Reward for thread 3: [-16.47, -21.46, -21.27] -19.73  Inventory: [0.0, 15.0, 0.0]  Order: [8.54, 8.57, 8.54] Demand: [8.63]
Reward for thread 4: [-19.56, -29.92, -27.81] -25.76  Inventory: [36.0, 68.0, 74.0]  Order: [8.2, 8.3, 8.44] Demand: [8.27]
Reward for thread 5: [-15.13, -22.21, -22.52] -19.95  Inventory: [0.0, 0.0, 8.0]  Order: [7.03, 6.93, 6.84] Demand: [7.025]

 Algo happo Exp ippo_seed14_formal_v1 updates 172/3000 episodes, total num timesteps 173000/3000000, FPS 118.

Reward for thread 1: [-38.36, -38.5, -28.78] -35.21  Inventory: [0.0, 0.0, 0.0]  Order: [13.67, 13.58, 13.42] Demand: [13.55]
Reward for thread 2: [-25.41, -44.6, -31.85] -33.95  Inventory: [27.0, 135.0, 30.0]  Order: [2.49, 2.92, 2.82] Demand: [2.575]
Reward for thread 3: [-15.19, -20.8, -23.0] -19.66  Inventory: [25.0, 14.0, 0.0]  Order: [6.73, 7.02, 6.92] Demand: [6.85]
Reward for thread 4: [-13.91, -23.39, -25.07] -20.79  Inventory: [11.0, 35.0, 30.0]  Order: [3.33, 3.27, 3.19] Demand: [3.5]
Reward for thread 5: [-99.41, -113.39, -57.44] -90.08  Inventory: [0.0, 0.0, 0.0]  Order: [13.77, 13.9, 13.88] Demand: [13.935]

 Algo happo Exp ippo_seed14_formal_v1 updates 173/3000 episodes, total num timesteps 174000/3000000, FPS 118.

Reward for thread 1: [-14.54, -22.51, -21.4] -19.48  Inventory: [1.0, 21.0, 0.0]  Order: [7.18, 7.24, 7.24] Demand: [7.265]
Reward for thread 2: [-15.44, -22.55, -23.88] -20.62  Inventory: [15.0, 43.0, 52.0]  Order: [8.59, 8.64, 8.66] Demand: [8.63]
Reward for thread 3: [-14.73, -22.6, -25.26] -20.86  Inventory: [12.0, 7.0, 43.0]  Order: [5.32, 5.2, 5.17] Demand: [5.48]
Reward for thread 4: [-11.75, -21.79, -19.5] -17.68  Inventory: [0.0, 20.0, 33.0]  Order: [3.74, 3.82, 3.78] Demand: [3.72]
Reward for thread 5: [-24.05, -39.28, -40.65] -34.66  Inventory: [0.0, 28.0, 47.0]  Order: [3.85, 3.84, 3.9] Demand: [3.995]

 Algo happo Exp ippo_seed14_formal_v1 updates 174/3000 episodes, total num timesteps 175000/3000000, FPS 118.

Reward for thread 1: [-25.44, -26.7, -23.21] -25.12  Inventory: [0.0, 0.0, 0.0]  Order: [10.8, 10.27, 10.18] Demand: [10.895]
Reward for thread 2: [-14.7, -21.78, -22.22] -19.57  Inventory: [8.0, 17.0, 13.0]  Order: [6.55, 6.46, 6.42] Demand: [6.64]
Reward for thread 3: [-18.15, -28.88, -28.88] -25.3  Inventory: [15.0, 27.0, 10.0]  Order: [6.27, 6.38, 6.36] Demand: [6.35]
Reward for thread 4: [-29.17, -31.07, -29.11] -29.78  Inventory: [0.0, 0.0, 0.0]  Order: [10.88, 10.9, 10.9] Demand: [10.835]
Reward for thread 5: [-21.17, -29.63, -28.7] -26.5  Inventory: [14.0, 29.0, 0.0]  Order: [7.91, 8.06, 7.98] Demand: [8.035]

Eval average reward:  -40.92475  Eval ordering fluctuation measurement (downstream to upstream):  [0.9224261813262521, 1.0270105828691807, 1.1639083927535507]

 Algo happo Exp ippo_seed14_formal_v1 updates 175/3000 episodes, total num timesteps 176000/3000000, FPS 118.

Reward for thread 1: [-258.64, -242.15, -114.34] -205.04  Inventory: [0.0, 0.0, 0.0]  Order: [17.76, 15.28, 15.2] Demand: [16.81]
Reward for thread 2: [-115.35, -88.75, -57.27] -87.12  Inventory: [0.0, 0.0, 0.0]  Order: [15.42, 14.16, 14.04] Demand: [16.215]
Reward for thread 3: [-79.86, -77.64, -44.34] -67.28  Inventory: [0.0, 0.0, 0.0]  Order: [14.56, 13.66, 13.6] Demand: [13.865]
Reward for thread 4: [-47.86, -51.44, -35.83] -45.04  Inventory: [0.0, 0.0, 0.0]  Order: [13.98, 13.36, 13.3] Demand: [13.775]
Reward for thread 5: [-16.79, -23.84, -23.15] -21.26  Inventory: [30.0, 55.0, 8.0]  Order: [8.32, 8.54, 8.56] Demand: [8.41]

 Algo happo Exp ippo_seed14_formal_v1 updates 176/3000 episodes, total num timesteps 177000/3000000, FPS 118.

Reward for thread 1: [-81.8, -100.7, -50.28] -77.59  Inventory: [13.0, 3.0, 13.0]  Order: [14.58, 14.54, 14.56] Demand: [14.5]
Reward for thread 2: [-15.39, -22.95, -25.66] -21.33  Inventory: [0.0, 23.0, 47.0]  Order: [7.17, 7.04, 7.04] Demand: [7.25]
Reward for thread 3: [-56.64, -50.51, -34.39] -47.18  Inventory: [0.0, 0.0, 0.0]  Order: [13.84, 13.34, 13.32] Demand: [14.465]
Reward for thread 4: [-107.58, -66.85, -48.92] -74.45  Inventory: [0.0, 0.0, 0.0]  Order: [14.48, 14.09, 14.08] Demand: [15.915]
Reward for thread 5: [-79.37, -62.94, -44.26] -62.19  Inventory: [0.0, 0.0, 0.0]  Order: [11.7, 10.88, 10.84] Demand: [12.42]

 Algo happo Exp ippo_seed14_formal_v1 updates 177/3000 episodes, total num timesteps 178000/3000000, FPS 118.

Reward for thread 1: [-15.22, -25.2, -28.58] -23.0  Inventory: [5.0, 24.0, 0.0]  Order: [5.4, 5.72, 5.7] Demand: [5.48]
Reward for thread 2: [-32.34, -33.45, -31.61] -32.47  Inventory: [0.0, 0.0, 0.0]  Order: [10.2, 10.04, 9.99] Demand: [10.75]
Reward for thread 3: [-18.86, -28.51, -34.36] -27.24  Inventory: [24.0, 20.0, 60.0]  Order: [4.04, 3.9, 3.94] Demand: [4.145]
Reward for thread 4: [-43.55, -25.35, -28.59] -32.5  Inventory: [0.0, 0.0, 2.0]  Order: [11.45, 11.48, 11.52] Demand: [12.16]
Reward for thread 5: [-39.9, -38.87, -32.49] -37.09  Inventory: [3.0, 46.0, 54.0]  Order: [10.7, 10.68, 10.71] Demand: [10.925]

 Algo happo Exp ippo_seed14_formal_v1 updates 178/3000 episodes, total num timesteps 179000/3000000, FPS 118.

Reward for thread 1: [-15.04, -26.12, -27.77] -22.98  Inventory: [6.0, 35.0, 59.0]  Order: [4.65, 4.58, 4.65] Demand: [4.86]
Reward for thread 2: [-16.03, -31.32, -33.01] -26.79  Inventory: [0.0, 35.0, 52.0]  Order: [3.44, 3.38, 3.4] Demand: [3.665]
Reward for thread 3: [-19.21, -30.44, -48.58] -32.74  Inventory: [5.0, 46.0, 34.0]  Order: [3.24, 3.26, 3.2] Demand: [3.38]
Reward for thread 4: [-18.17, -27.35, -29.1] -24.87  Inventory: [12.0, 29.0, 22.0]  Order: [5.65, 5.61, 5.5] Demand: [5.83]
Reward for thread 5: [-174.06, -143.0, -77.76] -131.61  Inventory: [0.0, 0.0, 0.0]  Order: [15.79, 14.63, 14.61] Demand: [16.82]

 Algo happo Exp ippo_seed14_formal_v1 updates 179/3000 episodes, total num timesteps 180000/3000000, FPS 118.

Reward for thread 1: [-13.32, -19.09, -19.61] -17.34  Inventory: [7.0, 19.0, 0.0]  Order: [8.79, 9.01, 8.93] Demand: [8.835]
Reward for thread 2: [-25.87, -23.23, -23.15] -24.08  Inventory: [0.0, 0.0, 0.0]  Order: [9.65, 9.77, 9.7] Demand: [9.785]
Reward for thread 3: [-16.53, -28.69, -30.62] -25.28  Inventory: [0.0, 29.0, 42.0]  Order: [4.23, 4.13, 4.11] Demand: [4.4]
Reward for thread 4: [-32.24, -23.26, -26.55] -27.35  Inventory: [0.0, 0.0, 0.0]  Order: [10.18, 10.14, 10.1] Demand: [10.715]
Reward for thread 5: [-12.96, -20.49, -21.0] -18.15  Inventory: [3.0, 24.0, 26.0]  Order: [8.28, 8.38, 8.47] Demand: [8.305]

Eval average reward:  -41.50866666666667  Eval ordering fluctuation measurement (downstream to upstream):  [0.9304659395681364, 1.0641123407391002, 1.1586498377962289]

 Algo happo Exp ippo_seed14_formal_v1 updates 180/3000 episodes, total num timesteps 181000/3000000, FPS 118.

Reward for thread 1: [-85.73, -42.85, -43.7] -57.43  Inventory: [0.0, 0.0, 0.0]  Order: [11.81, 11.88, 11.85] Demand: [13.67]
Reward for thread 2: [-57.81, -39.15, -34.09] -43.68  Inventory: [0.0, 0.0, 0.0]  Order: [11.55, 11.68, 11.66] Demand: [11.63]
Reward for thread 3: [-43.53, -28.84, -29.2] -33.86  Inventory: [0.0, 0.0, 0.0]  Order: [9.98, 9.94, 9.96] Demand: [11.095]
Reward for thread 4: [-16.03, -23.19, -24.21] -21.14  Inventory: [1.0, 20.0, 51.0]  Order: [8.44, 8.28, 8.3] Demand: [8.61]
Reward for thread 5: [-15.5, -23.63, -25.36] -21.5  Inventory: [8.0, 0.0, 0.0]  Order: [8.04, 8.1, 7.88] Demand: [8.1]

 Algo happo Exp ippo_seed14_formal_v1 updates 181/3000 episodes, total num timesteps 182000/3000000, FPS 118.

Reward for thread 1: [-28.69, -20.97, -20.62] -23.43  Inventory: [7.0, 33.0, 19.0]  Order: [12.36, 12.53, 12.61] Demand: [12.415]
Reward for thread 2: [-20.89, -21.6, -22.08] -21.52  Inventory: [0.0, 0.0, 0.0]  Order: [10.94, 10.96, 10.9] Demand: [11.18]
Reward for thread 3: [-16.72, -27.16, -29.75] -24.54  Inventory: [0.0, 31.0, 35.0]  Order: [5.06, 5.06, 4.99] Demand: [5.265]
Reward for thread 4: [-18.62, -22.65, -23.62] -21.63  Inventory: [0.0, 0.0, 0.0]  Order: [10.01, 9.96, 9.86] Demand: [9.795]
Reward for thread 5: [-14.89, -20.2, -24.02] -19.7  Inventory: [0.0, 62.0, 18.0]  Order: [8.07, 8.16, 8.0] Demand: [8.22]

 Algo happo Exp ippo_seed14_formal_v1 updates 182/3000 episodes, total num timesteps 183000/3000000, FPS 118.

Reward for thread 1: [-19.55, -26.67, -27.7] -24.64  Inventory: [34.0, 45.0, 71.0]  Order: [8.94, 8.92, 9.02] Demand: [8.995]
Reward for thread 2: [-19.85, -25.65, -24.56] -23.35  Inventory: [0.0, 1.0, 0.0]  Order: [9.76, 9.88, 9.9] Demand: [9.805]
Reward for thread 3: [-17.09, -28.64, -38.6] -28.11  Inventory: [10.0, 4.0, 33.0]  Order: [4.8, 4.8, 4.76] Demand: [4.9]
Reward for thread 4: [-16.13, -22.66, -21.23] -20.01  Inventory: [11.0, 44.0, 56.0]  Order: [9.04, 9.02, 9.04] Demand: [9.205]
Reward for thread 5: [-15.8, -24.7, -26.58] -22.36  Inventory: [1.0, 41.0, 54.0]  Order: [7.32, 7.29, 7.38] Demand: [7.48]

 Algo happo Exp ippo_seed14_formal_v1 updates 183/3000 episodes, total num timesteps 184000/3000000, FPS 118.

Reward for thread 1: [-19.48, -30.42, -31.13] -27.01  Inventory: [10.0, 59.0, 32.0]  Order: [7.37, 7.45, 7.4] Demand: [7.555]
Reward for thread 2: [-58.45, -43.96, -35.47] -45.96  Inventory: [0.0, 0.0, 0.0]  Order: [12.5, 11.9, 11.84] Demand: [13.22]
Reward for thread 3: [-15.03, -22.92, -23.38] -20.44  Inventory: [0.0, 0.0, 0.0]  Order: [8.2, 8.25, 8.22] Demand: [7.98]
Reward for thread 4: [-29.35, -26.49, -25.99] -27.28  Inventory: [0.0, 0.0, 0.0]  Order: [9.92, 9.8, 9.7] Demand: [10.435]
Reward for thread 5: [-14.06, -21.9, -23.86] -19.94  Inventory: [8.0, 38.0, 42.0]  Order: [6.28, 6.24, 6.25] Demand: [6.485]

 Algo happo Exp ippo_seed14_formal_v1 updates 184/3000 episodes, total num timesteps 185000/3000000, FPS 118.

Reward for thread 1: [-39.84, -30.24, -28.41] -32.83  Inventory: [12.0, 19.0, 10.0]  Order: [12.26, 12.3, 12.26] Demand: [12.265]
Reward for thread 2: [-16.43, -23.66, -28.62] -22.9  Inventory: [15.0, 0.0, 0.0]  Order: [6.94, 7.12, 7.04] Demand: [6.9]
Reward for thread 3: [-30.42, -29.52, -27.36] -29.1  Inventory: [0.0, 0.0, 6.0]  Order: [11.58, 11.39, 11.47] Demand: [12.075]
Reward for thread 4: [-16.99, -25.11, -32.67] -24.92  Inventory: [7.0, 23.0, 90.0]  Order: [5.73, 5.6, 5.88] Demand: [5.915]
Reward for thread 5: [-16.51, -25.24, -34.16] -25.3  Inventory: [0.0, 9.0, 41.0]  Order: [3.78, 3.71, 3.72] Demand: [4.015]

Eval average reward:  -55.59975  Eval ordering fluctuation measurement (downstream to upstream):  [0.9706488368596734, 1.0181513123949464, 1.1258182211648147]

 Algo happo Exp ippo_seed14_formal_v1 updates 185/3000 episodes, total num timesteps 186000/3000000, FPS 118.

Reward for thread 1: [-48.69, -32.94, -31.79] -37.81  Inventory: [0.0, 0.0, 0.0]  Order: [10.77, 10.48, 10.46] Demand: [11.97]
Reward for thread 2: [-119.0, -75.87, -53.88] -82.92  Inventory: [0.0, 0.0, 0.0]  Order: [14.45, 13.64, 13.58] Demand: [15.875]
Reward for thread 3: [-15.81, -25.05, -30.31] -23.72  Inventory: [5.0, 26.0, 90.0]  Order: [6.16, 6.04, 6.24] Demand: [6.375]
Reward for thread 4: [-22.01, -23.3, -25.01] -23.44  Inventory: [7.0, 6.0, 3.0]  Order: [10.77, 10.83, 10.76] Demand: [10.81]
Reward for thread 5: [-14.31, -21.16, -28.8] -21.42  Inventory: [1.0, 6.0, 84.0]  Order: [5.69, 5.48, 5.71] Demand: [5.82]

 Algo happo Exp ippo_seed14_formal_v1 updates 186/3000 episodes, total num timesteps 187000/3000000, FPS 118.

Reward for thread 1: [-25.05, -22.76, -27.59] -25.13  Inventory: [0.0, 15.0, 4.0]  Order: [10.8, 10.86, 10.76] Demand: [10.99]
Reward for thread 2: [-13.8, -21.04, -24.49] -19.78  Inventory: [17.0, 34.0, 16.0]  Order: [7.06, 7.18, 7.22] Demand: [7.175]
Reward for thread 3: [-15.71, -24.96, -31.41] -24.03  Inventory: [0.0, 5.0, 0.0]  Order: [6.38, 6.4, 6.36] Demand: [6.43]
Reward for thread 4: [-14.98, -25.12, -33.11] -24.4  Inventory: [5.0, 0.0, 48.0]  Order: [3.18, 3.05, 3.06] Demand: [3.325]
Reward for thread 5: [-86.38, -58.32, -41.91] -62.2  Inventory: [30.0, 56.0, 57.0]  Order: [13.26, 13.32, 13.36] Demand: [13.31]

 Algo happo Exp ippo_seed14_formal_v1 updates 187/3000 episodes, total num timesteps 188000/3000000, FPS 118.

Reward for thread 1: [-13.28, -19.14, -25.82] -19.41  Inventory: [0.0, 0.0, 0.0]  Order: [5.47, 5.38, 5.22] Demand: [5.495]
Reward for thread 2: [-72.36, -34.18, -34.34] -46.96  Inventory: [0.0, 0.0, 10.0]  Order: [12.52, 12.4, 12.44] Demand: [13.32]
Reward for thread 3: [-16.67, -21.89, -21.56] -20.04  Inventory: [0.0, 33.0, 9.0]  Order: [11.06, 11.16, 11.1] Demand: [11.07]
Reward for thread 4: [-16.91, -24.35, -30.01] -23.76  Inventory: [5.0, 19.0, 106.0]  Order: [6.44, 6.31, 6.65] Demand: [6.66]
Reward for thread 5: [-64.17, -43.9, -36.05] -48.04  Inventory: [0.0, 22.0, 30.0]  Order: [13.65, 13.7, 13.66] Demand: [13.7]

 Algo happo Exp ippo_seed14_formal_v1 updates 188/3000 episodes, total num timesteps 189000/3000000, FPS 118.

Reward for thread 1: [-41.72, -27.7, -33.97] -34.46  Inventory: [16.0, 10.0, 0.0]  Order: [9.99, 10.04, 9.93] Demand: [10.06]
Reward for thread 2: [-14.83, -22.35, -28.72] -21.97  Inventory: [11.0, 10.0, 47.0]  Order: [5.03, 4.89, 4.93] Demand: [5.2]
Reward for thread 3: [-16.45, -24.34, -27.78] -22.86  Inventory: [6.0, 20.0, 28.0]  Order: [6.86, 6.84, 6.76] Demand: [7.035]
Reward for thread 4: [-17.25, -26.38, -27.08] -23.57  Inventory: [15.0, 33.0, 45.0]  Order: [8.56, 8.48, 8.45] Demand: [8.68]
Reward for thread 5: [-14.15, -21.8, -24.56] -20.17  Inventory: [5.0, 21.0, 9.0]  Order: [6.6, 6.64, 6.64] Demand: [6.685]

 Algo happo Exp ippo_seed14_formal_v1 updates 189/3000 episodes, total num timesteps 190000/3000000, FPS 118.

Reward for thread 1: [-24.74, -48.09, -48.68] -40.5  Inventory: [14.0, 48.0, 86.0]  Order: [2.26, 2.26, 2.45] Demand: [2.435]
Reward for thread 2: [-13.51, -20.66, -25.63] -19.93  Inventory: [0.0, 21.0, 0.0]  Order: [4.7, 4.74, 4.65] Demand: [4.825]
Reward for thread 3: [-15.39, -25.85, -31.5] -24.25  Inventory: [14.0, 11.0, 28.0]  Order: [4.08, 4.02, 3.92] Demand: [4.235]
Reward for thread 4: [-35.06, -26.43, -28.22] -29.9  Inventory: [0.0, 0.0, 0.0]  Order: [11.14, 11.18, 11.14] Demand: [11.975]
Reward for thread 5: [-18.55, -30.18, -31.72] -26.82  Inventory: [31.0, 60.0, 84.0]  Order: [5.28, 5.34, 5.56] Demand: [5.37]

Eval average reward:  -29.652250000000002  Eval ordering fluctuation measurement (downstream to upstream):  [0.9676243370773523, 1.111017422917429, 1.1862658692244563]
A better model is saved!

 Algo happo Exp ippo_seed14_formal_v1 updates 190/3000 episodes, total num timesteps 191000/3000000, FPS 118.

Reward for thread 1: [-34.96, -33.23, -31.62] -33.27  Inventory: [38.0, 42.0, 7.0]  Order: [10.86, 11.06, 10.88] Demand: [10.915]
Reward for thread 2: [-19.13, -25.49, -28.75] -24.46  Inventory: [0.0, 3.0, 0.0]  Order: [8.33, 8.62, 8.48] Demand: [8.36]
Reward for thread 3: [-137.78, -82.16, -57.62] -92.52  Inventory: [0.0, 0.0, 0.0]  Order: [14.9, 14.14, 14.07] Demand: [15.57]
Reward for thread 4: [-16.84, -21.19, -23.34] -20.46  Inventory: [37.0, 98.0, 53.0]  Order: [10.12, 10.37, 10.38] Demand: [10.17]
Reward for thread 5: [-17.92, -22.17, -22.44] -20.84  Inventory: [0.0, 0.0, 22.0]  Order: [7.58, 7.37, 7.26] Demand: [7.69]

 Algo happo Exp ippo_seed14_formal_v1 updates 191/3000 episodes, total num timesteps 192000/3000000, FPS 118.

Reward for thread 1: [-16.96, -27.09, -25.53] -23.19  Inventory: [0.0, 63.0, 28.0]  Order: [5.24, 5.31, 5.23] Demand: [5.465]
Reward for thread 2: [-13.21, -20.58, -22.94] -18.91  Inventory: [17.0, 17.0, 0.0]  Order: [7.3, 7.58, 7.54] Demand: [7.335]
Reward for thread 3: [-15.86, -23.61, -35.3] -24.92  Inventory: [0.0, 6.0, 69.0]  Order: [4.15, 4.06, 4.15] Demand: [4.34]
Reward for thread 4: [-37.04, -38.97, -34.05] -36.69  Inventory: [4.0, 39.0, 40.0]  Order: [9.09, 9.1, 9.08] Demand: [9.175]
Reward for thread 5: [-15.34, -21.78, -21.52] -19.55  Inventory: [9.0, 6.0, 0.0]  Order: [9.1, 9.0, 8.94] Demand: [9.18]

 Algo happo Exp ippo_seed14_formal_v1 updates 192/3000 episodes, total num timesteps 193000/3000000, FPS 118.

Reward for thread 1: [-13.18, -21.03, -22.1] -18.77  Inventory: [1.0, 28.0, 35.0]  Order: [6.97, 6.9, 6.88] Demand: [7.115]
Reward for thread 2: [-12.04, -20.41, -18.56] -17.0  Inventory: [3.0, 12.0, 0.0]  Order: [5.8, 5.9, 5.88] Demand: [5.935]
Reward for thread 3: [-16.42, -25.9, -27.99] -23.44  Inventory: [0.0, 0.0, 0.0]  Order: [5.7, 5.84, 5.76] Demand: [5.81]
Reward for thread 4: [-94.55, -42.09, -42.65] -59.76  Inventory: [0.0, 43.0, 43.0]  Order: [14.86, 14.96, 15.04] Demand: [14.94]
Reward for thread 5: [-146.06, -95.89, -65.05] -102.33  Inventory: [30.0, 0.0, 0.0]  Order: [14.6, 14.79, 14.71] Demand: [14.175]

 Algo happo Exp ippo_seed14_formal_v1 updates 193/3000 episodes, total num timesteps 194000/3000000, FPS 118.

Reward for thread 1: [-62.44, -42.79, -40.32] -48.52  Inventory: [0.0, 0.0, 0.0]  Order: [12.49, 12.46, 12.4] Demand: [13.635]
Reward for thread 2: [-14.53, -22.02, -25.42] -20.66  Inventory: [0.0, 26.0, 0.0]  Order: [6.58, 6.71, 6.6] Demand: [6.73]
Reward for thread 3: [-14.32, -23.57, -30.98] -22.96  Inventory: [0.0, 24.0, 58.0]  Order: [3.4, 3.28, 3.34] Demand: [3.615]
Reward for thread 4: [-32.08, -27.73, -30.31] -30.04  Inventory: [0.0, 1.0, 0.0]  Order: [11.12, 11.33, 11.24] Demand: [11.915]
Reward for thread 5: [-155.14, -57.71, -53.9] -88.92  Inventory: [0.0, 0.0, 0.0]  Order: [14.23, 14.12, 14.07] Demand: [16.445]

 Algo happo Exp ippo_seed14_formal_v1 updates 194/3000 episodes, total num timesteps 195000/3000000, FPS 118.

Reward for thread 1: [-50.89, -41.4, -38.74] -43.68  Inventory: [0.0, 12.0, 38.0]  Order: [9.06, 8.9, 8.85] Demand: [9.25]
Reward for thread 2: [-14.23, -24.16, -26.04] -21.48  Inventory: [0.0, 15.0, 11.0]  Order: [4.27, 4.12, 3.96] Demand: [4.475]
Reward for thread 3: [-36.67, -25.47, -24.61] -28.92  Inventory: [7.0, 10.0, 0.0]  Order: [12.1, 12.22, 12.09] Demand: [12.165]
Reward for thread 4: [-43.07, -33.87, -31.15] -36.03  Inventory: [0.0, 0.0, 0.0]  Order: [12.52, 12.61, 12.42] Demand: [12.41]
Reward for thread 5: [-79.32, -48.06, -41.51] -56.3  Inventory: [0.0, 0.0, 12.0]  Order: [13.66, 13.66, 13.74] Demand: [15.04]

Eval average reward:  -29.399  Eval ordering fluctuation measurement (downstream to upstream):  [0.8971324515877447, 1.1300392826066914, 1.2207889150296052]
A better model is saved!

 Algo happo Exp ippo_seed14_formal_v1 updates 195/3000 episodes, total num timesteps 196000/3000000, FPS 118.

Reward for thread 1: [-16.02, -27.27, -25.3] -22.86  Inventory: [0.0, 37.0, 35.0]  Order: [7.6, 7.54, 7.47] Demand: [7.805]
Reward for thread 2: [-14.33, -21.22, -19.28] -18.28  Inventory: [4.0, 12.0, 13.0]  Order: [7.32, 7.24, 7.18] Demand: [7.515]
Reward for thread 3: [-17.95, -23.86, -25.27] -22.36  Inventory: [0.0, 0.0, 0.0]  Order: [9.26, 9.46, 9.34] Demand: [9.67]
Reward for thread 4: [-21.82, -25.68, -25.3] -24.27  Inventory: [0.0, 0.0, 0.0]  Order: [9.93, 9.86, 9.85] Demand: [9.995]
Reward for thread 5: [-43.86, -32.87, -35.09] -37.27  Inventory: [14.0, 33.0, 45.0]  Order: [9.86, 9.78, 9.83] Demand: [10.015]

 Algo happo Exp ippo_seed14_formal_v1 updates 196/3000 episodes, total num timesteps 197000/3000000, FPS 118.

Reward for thread 1: [-16.36, -21.36, -21.67] -19.8  Inventory: [4.0, 15.0, 12.0]  Order: [7.82, 7.79, 7.74] Demand: [8.01]
Reward for thread 2: [-17.93, -29.29, -33.49] -26.9  Inventory: [22.0, 91.0, 32.0]  Order: [4.31, 4.55, 4.46] Demand: [4.415]
Reward for thread 3: [-26.99, -32.83, -29.26] -29.69  Inventory: [0.0, 42.0, 38.0]  Order: [8.06, 8.04, 8.01] Demand: [8.27]
Reward for thread 4: [-16.39, -26.12, -25.57] -22.69  Inventory: [0.0, 26.0, 33.0]  Order: [6.06, 5.95, 5.9] Demand: [6.24]
Reward for thread 5: [-35.38, -26.32, -25.44] -29.05  Inventory: [12.0, 28.0, 47.0]  Order: [13.06, 13.02, 13.0] Demand: [13.145]

 Algo happo Exp ippo_seed14_formal_v1 updates 197/3000 episodes, total num timesteps 198000/3000000, FPS 118.

Reward for thread 1: [-13.24, -19.77, -21.71] -18.24  Inventory: [0.0, 2.0, 22.0]  Order: [7.7, 7.66, 7.6] Demand: [7.78]
Reward for thread 2: [-84.63, -39.18, -37.4] -53.74  Inventory: [0.0, 0.0, 0.0]  Order: [15.76, 15.72, 15.68] Demand: [16.025]
Reward for thread 3: [-28.45, -25.79, -26.7] -26.98  Inventory: [0.0, 0.0, 0.0]  Order: [12.34, 12.34, 12.1] Demand: [12.26]
Reward for thread 4: [-11.92, -19.32, -22.27] -17.84  Inventory: [6.0, 35.0, 20.0]  Order: [3.61, 3.55, 3.42] Demand: [3.815]
Reward for thread 5: [-112.51, -58.52, -49.69] -73.57  Inventory: [0.0, 13.0, 6.0]  Order: [14.84, 14.95, 15.01] Demand: [14.935]

 Algo happo Exp ippo_seed14_formal_v1 updates 198/3000 episodes, total num timesteps 199000/3000000, FPS 118.

Reward for thread 1: [-194.81, -65.29, -65.55] -108.55  Inventory: [0.0, 0.0, 0.0]  Order: [15.85, 15.86, 15.86] Demand: [18.15]
Reward for thread 2: [-20.29, -30.77, -28.82] -26.63  Inventory: [20.0, 27.0, 0.0]  Order: [8.05, 8.19, 8.13] Demand: [8.085]
Reward for thread 3: [-16.8, -23.76, -23.96] -21.51  Inventory: [0.0, 0.0, 0.0]  Order: [7.42, 7.34, 7.26] Demand: [7.25]
Reward for thread 4: [-21.6, -29.82, -29.17] -26.86  Inventory: [0.0, 0.0, 0.0]  Order: [7.17, 7.15, 7.02] Demand: [7.2]
Reward for thread 5: [-19.81, -26.73, -28.01] -24.85  Inventory: [17.0, 34.0, 46.0]  Order: [9.09, 9.06, 9.04] Demand: [9.135]

 Algo happo Exp ippo_seed14_formal_v1 updates 199/3000 episodes, total num timesteps 200000/3000000, FPS 118.

Reward for thread 1: [-14.79, -21.3, -19.78] -18.62  Inventory: [5.0, 24.0, 18.0]  Order: [8.83, 8.75, 8.65] Demand: [8.955]
Reward for thread 2: [-34.05, -28.8, -32.14] -31.66  Inventory: [0.0, 0.0, 0.0]  Order: [9.28, 9.29, 9.32] Demand: [9.83]
Reward for thread 3: [-17.2, -20.37, -20.49] -19.35  Inventory: [12.0, 25.0, 32.0]  Order: [7.05, 6.92, 6.84] Demand: [7.225]
Reward for thread 4: [-15.55, -23.92, -24.18] -21.22  Inventory: [6.0, 48.0, 55.0]  Order: [7.62, 7.6, 7.66] Demand: [7.835]
Reward for thread 5: [-53.76, -28.2, -28.38] -36.78  Inventory: [0.0, 0.0, 0.0]  Order: [12.56, 12.56, 12.54] Demand: [13.805]

Eval average reward:  -28.12725  Eval ordering fluctuation measurement (downstream to upstream):  [0.8544154681967573, 1.0912018327982822, 1.200715205214555]
A better model is saved!

 Algo happo Exp ippo_seed14_formal_v1 updates 200/3000 episodes, total num timesteps 201000/3000000, FPS 118.

Reward for thread 1: [-58.39, -46.54, -36.94] -47.29  Inventory: [0.0, 7.0, 0.0]  Order: [12.04, 12.14, 12.06] Demand: [12.06]
Reward for thread 2: [-16.38, -25.47, -26.14] -22.66  Inventory: [10.0, 36.0, 9.0]  Order: [6.92, 6.86, 6.76] Demand: [7.085]
Reward for thread 3: [-43.15, -23.27, -24.26] -30.23  Inventory: [6.0, 14.0, 13.0]  Order: [11.59, 11.54, 11.44] Demand: [11.75]
Reward for thread 4: [-13.4, -20.41, -19.42] -17.74  Inventory: [3.0, 62.0, 36.0]  Order: [5.84, 5.9, 5.86] Demand: [6.05]
Reward for thread 5: [-14.65, -23.13, -23.75] -20.51  Inventory: [0.0, 47.0, 41.0]  Order: [5.56, 5.58, 5.56] Demand: [5.725]

 Algo happo Exp ippo_seed14_formal_v1 updates 201/3000 episodes, total num timesteps 202000/3000000, FPS 118.

Reward for thread 1: [-82.23, -43.41, -40.12] -55.25  Inventory: [8.0, 50.0, 59.0]  Order: [13.92, 13.95, 14.0] Demand: [13.97]
Reward for thread 2: [-16.82, -29.04, -27.55] -24.47  Inventory: [0.0, 8.0, 0.0]  Order: [4.59, 4.6, 4.49] Demand: [4.735]
Reward for thread 3: [-11.71, -18.19, -18.84] -16.25  Inventory: [3.0, 23.0, 19.0]  Order: [4.04, 3.9, 3.77] Demand: [4.255]
Reward for thread 4: [-18.06, -25.45, -25.2] -22.9  Inventory: [0.0, 0.0, 0.0]  Order: [9.06, 8.9, 8.76] Demand: [9.005]
Reward for thread 5: [-165.21, -56.49, -57.01] -92.9  Inventory: [0.0, 0.0, 0.0]  Order: [14.47, 14.5, 14.45] Demand: [15.37]

 Algo happo Exp ippo_seed14_formal_v1 updates 202/3000 episodes, total num timesteps 203000/3000000, FPS 118.

Reward for thread 1: [-13.88, -25.49, -23.1] -20.82  Inventory: [1.0, 68.0, 41.0]  Order: [3.26, 3.36, 3.32] Demand: [3.455]
Reward for thread 2: [-17.16, -23.24, -24.9] -21.77  Inventory: [10.0, 46.0, 4.0]  Order: [8.76, 8.97, 8.96] Demand: [8.765]
Reward for thread 3: [-34.16, -31.99, -31.42] -32.52  Inventory: [0.0, 10.0, 6.0]  Order: [9.85, 9.98, 9.96] Demand: [10.405]
Reward for thread 4: [-18.51, -21.3, -23.33] -21.05  Inventory: [0.0, 3.0, 0.0]  Order: [8.86, 8.96, 8.91] Demand: [9.14]
Reward for thread 5: [-14.61, -23.96, -21.59] -20.05  Inventory: [0.0, 12.0, 31.0]  Order: [5.61, 5.44, 5.37] Demand: [5.76]

 Algo happo Exp ippo_seed14_formal_v1 updates 203/3000 episodes, total num timesteps 204000/3000000, FPS 118.

Reward for thread 1: [-17.6, -24.33, -25.42] -22.45  Inventory: [11.0, 27.0, 0.0]  Order: [8.34, 8.47, 8.33] Demand: [8.475]
Reward for thread 2: [-18.41, -29.23, -29.48] -25.71  Inventory: [23.0, 85.0, 63.0]  Order: [6.15, 6.34, 6.46] Demand: [6.285]
Reward for thread 3: [-47.38, -30.4, -30.25] -36.01  Inventory: [9.0, 0.0, 1.0]  Order: [12.5, 12.39, 12.24] Demand: [12.595]
Reward for thread 4: [-17.81, -31.12, -28.02] -25.65  Inventory: [13.0, 58.0, 45.0]  Order: [5.53, 5.58, 5.55] Demand: [5.67]
Reward for thread 5: [-12.83, -21.4, -22.77] -19.0  Inventory: [9.0, 21.0, 0.0]  Order: [4.0, 3.94, 3.72] Demand: [4.185]

 Algo happo Exp ippo_seed14_formal_v1 updates 204/3000 episodes, total num timesteps 205000/3000000, FPS 118.

Reward for thread 1: [-13.8, -20.72, -22.72] -19.08  Inventory: [10.0, 14.0, 2.0]  Order: [5.7, 5.88, 5.9] Demand: [5.8]
Reward for thread 2: [-19.26, -31.63, -31.32] -27.4  Inventory: [28.0, 59.0, 18.0]  Order: [2.68, 2.73, 2.57] Demand: [2.78]
Reward for thread 3: [-21.54, -21.74, -22.61] -21.96  Inventory: [3.0, 19.0, 37.0]  Order: [7.06, 6.9, 6.84] Demand: [7.265]
Reward for thread 4: [-69.56, -44.9, -40.3] -51.59  Inventory: [29.0, 79.0, 48.0]  Order: [12.63, 12.78, 12.77] Demand: [12.685]
Reward for thread 5: [-64.39, -31.61, -32.39] -42.8  Inventory: [16.0, 48.0, 38.0]  Order: [14.71, 14.78, 14.74] Demand: [14.77]

Eval average reward:  -29.401583333333335  Eval ordering fluctuation measurement (downstream to upstream):  [0.8696552477967471, 1.1189015519820855, 1.1851441309107016]

 Algo happo Exp ippo_seed14_formal_v1 updates 205/3000 episodes, total num timesteps 206000/3000000, FPS 118.

Reward for thread 1: [-15.86, -25.03, -27.2] -22.7  Inventory: [2.0, 0.0, 2.0]  Order: [6.37, 6.29, 6.16] Demand: [6.53]
Reward for thread 2: [-30.09, -41.84, -33.38] -35.1  Inventory: [16.0, 18.0, 0.0]  Order: [10.1, 10.24, 10.14] Demand: [10.18]
Reward for thread 3: [-15.54, -22.09, -24.83] -20.82  Inventory: [4.0, 17.0, 20.0]  Order: [6.96, 6.88, 6.76] Demand: [7.11]
Reward for thread 4: [-17.86, -24.57, -27.67] -23.37  Inventory: [15.0, 41.0, 40.0]  Order: [4.87, 4.84, 4.78] Demand: [5.04]
Reward for thread 5: [-17.26, -24.2, -23.11] -21.52  Inventory: [5.0, 2.0, 0.0]  Order: [9.86, 9.78, 9.65] Demand: [9.94]

 Algo happo Exp ippo_seed14_formal_v1 updates 206/3000 episodes, total num timesteps 207000/3000000, FPS 118.

Reward for thread 1: [-12.12, -19.51, -22.76] -18.13  Inventory: [7.0, 13.0, 55.0]  Order: [3.32, 3.14, 3.16] Demand: [3.49]
Reward for thread 2: [-14.24, -20.25, -22.6] -19.03  Inventory: [0.0, 0.0, 0.0]  Order: [5.68, 5.6, 5.52] Demand: [5.765]
Reward for thread 3: [-20.68, -26.74, -27.3] -24.91  Inventory: [0.0, 0.0, 0.0]  Order: [11.4, 11.46, 11.26] Demand: [11.675]
Reward for thread 4: [-73.61, -38.25, -30.77] -47.54  Inventory: [0.0, 0.0, 8.0]  Order: [15.12, 14.98, 15.05] Demand: [15.915]
Reward for thread 5: [-32.14, -31.82, -28.53] -30.83  Inventory: [0.0, 0.0, 0.0]  Order: [10.36, 10.34, 10.2] Demand: [10.485]

 Algo happo Exp ippo_seed14_formal_v1 updates 207/3000 episodes, total num timesteps 208000/3000000, FPS 118.

Reward for thread 1: [-68.81, -39.78, -33.8] -47.46  Inventory: [0.0, 0.0, 0.0]  Order: [13.54, 13.48, 13.5] Demand: [14.69]
Reward for thread 2: [-17.14, -26.8, -28.31] -24.08  Inventory: [16.0, 9.0, 0.0]  Order: [7.94, 8.14, 8.02] Demand: [7.84]
Reward for thread 3: [-16.29, -21.26, -21.39] -19.65  Inventory: [0.0, 0.0, 0.0]  Order: [10.07, 10.02, 9.91] Demand: [10.]
Reward for thread 4: [-13.75, -19.93, -21.14] -18.27  Inventory: [6.0, 35.0, 72.0]  Order: [7.54, 7.46, 7.59] Demand: [7.68]
Reward for thread 5: [-28.51, -26.19, -25.43] -26.71  Inventory: [0.0, 16.0, 0.0]  Order: [11.64, 11.82, 11.76] Demand: [11.775]

 Algo happo Exp ippo_seed14_formal_v1 updates 208/3000 episodes, total num timesteps 209000/3000000, FPS 118.

Reward for thread 1: [-18.74, -27.21, -27.64] -24.53  Inventory: [5.0, 41.0, 41.0]  Order: [4.19, 4.16, 4.14] Demand: [4.37]
Reward for thread 2: [-136.78, -82.64, -54.15] -91.19  Inventory: [0.0, 0.0, 0.0]  Order: [14.68, 14.53, 14.52] Demand: [14.58]
Reward for thread 3: [-32.63, -26.02, -23.65] -27.43  Inventory: [0.0, 0.0, 0.0]  Order: [13.66, 13.76, 13.74] Demand: [14.08]
Reward for thread 4: [-13.12, -19.99, -23.18] -18.76  Inventory: [10.0, 20.0, 40.0]  Order: [4.88, 4.84, 4.82] Demand: [5.07]
Reward for thread 5: [-93.79, -40.04, -37.46] -57.1  Inventory: [0.0, 0.0, 1.0]  Order: [13.64, 13.5, 13.5] Demand: [15.2]

 Algo happo Exp ippo_seed14_formal_v1 updates 209/3000 episodes, total num timesteps 210000/3000000, FPS 118.

Reward for thread 1: [-32.52, -37.63, -29.42] -33.19  Inventory: [0.0, 29.0, 37.0]  Order: [10.28, 10.18, 10.12] Demand: [10.305]
Reward for thread 2: [-17.58, -22.67, -35.48] -25.24  Inventory: [33.0, 25.0, 39.0]  Order: [2.02, 1.9, 1.85] Demand: [2.1]
Reward for thread 3: [-13.4, -18.92, -25.77] -19.36  Inventory: [5.0, 0.0, 0.0]  Order: [3.97, 4.0, 3.86] Demand: [4.07]
Reward for thread 4: [-26.78, -26.09, -27.25] -26.71  Inventory: [0.0, 0.0, 0.0]  Order: [11.23, 11.05, 11.04] Demand: [11.65]
Reward for thread 5: [-22.52, -29.86, -30.3] -27.56  Inventory: [6.0, 17.0, 15.0]  Order: [9.6, 9.68, 9.65] Demand: [9.615]

Eval average reward:  -25.354833333333335  Eval ordering fluctuation measurement (downstream to upstream):  [0.839049364293453, 1.1074904875273828, 1.1391260685201854]
A better model is saved!

 Algo happo Exp ippo_seed14_formal_v1 updates 210/3000 episodes, total num timesteps 211000/3000000, FPS 118.

Reward for thread 1: [-32.73, -29.03, -27.8] -29.85  Inventory: [3.0, 16.0, 49.0]  Order: [11.44, 11.28, 11.28] Demand: [11.495]
Reward for thread 2: [-25.4, -26.78, -27.88] -26.69  Inventory: [0.0, 29.0, 28.0]  Order: [11.56, 11.62, 11.51] Demand: [11.625]
Reward for thread 3: [-13.73, -21.83, -27.82] -21.13  Inventory: [2.0, 16.0, 25.0]  Order: [5.22, 5.22, 5.23] Demand: [5.365]
Reward for thread 4: [-18.66, -27.91, -27.39] -24.65  Inventory: [0.0, 20.0, 54.0]  Order: [8.82, 8.68, 8.71] Demand: [9.]
Reward for thread 5: [-12.01, -18.53, -21.08] -17.21  Inventory: [0.0, 7.0, 0.0]  Order: [6.41, 6.39, 6.23] Demand: [6.545]

 Algo happo Exp ippo_seed14_formal_v1 updates 211/3000 episodes, total num timesteps 212000/3000000, FPS 118.

Reward for thread 1: [-23.8, -23.61, -27.91] -25.11  Inventory: [0.0, 21.0, 35.0]  Order: [9.24, 9.18, 9.26] Demand: [9.32]
Reward for thread 2: [-13.03, -22.95, -21.78] -19.25  Inventory: [13.0, 15.0, 6.0]  Order: [4.99, 5.01, 4.89] Demand: [5.16]
Reward for thread 3: [-27.36, -23.43, -21.92] -24.24  Inventory: [0.0, 0.0, 11.0]  Order: [12.1, 12.06, 12.14] Demand: [12.475]
Reward for thread 4: [-40.42, -23.99, -24.69] -29.7  Inventory: [0.0, 20.0, 0.0]  Order: [11.55, 11.7, 11.78] Demand: [13.095]
Reward for thread 5: [-23.25, -25.69, -28.2] -25.71  Inventory: [17.0, 27.0, 73.0]  Order: [8.0, 7.89, 8.01] Demand: [8.15]

 Algo happo Exp ippo_seed14_formal_v1 updates 212/3000 episodes, total num timesteps 213000/3000000, FPS 118.

Reward for thread 1: [-13.21, -23.14, -23.67] -20.01  Inventory: [2.0, 27.0, 39.0]  Order: [5.52, 5.42, 5.43] Demand: [5.65]
Reward for thread 2: [-127.93, -52.6, -47.84] -76.12  Inventory: [0.0, 0.0, 2.0]  Order: [15.57, 15.34, 15.42] Demand: [17.595]
Reward for thread 3: [-16.97, -24.4, -25.46] -22.28  Inventory: [20.0, 33.0, 36.0]  Order: [6.58, 6.5, 6.44] Demand: [6.685]
Reward for thread 4: [-49.85, -32.8, -31.16] -37.94  Inventory: [0.0, 32.0, 4.0]  Order: [12.28, 12.48, 12.55] Demand: [13.785]
Reward for thread 5: [-13.15, -20.34, -20.2] -17.9  Inventory: [7.0, 31.0, 23.0]  Order: [6.74, 6.66, 6.62] Demand: [6.85]

 Algo happo Exp ippo_seed14_formal_v1 updates 213/3000 episodes, total num timesteps 214000/3000000, FPS 118.

Reward for thread 1: [-14.17, -21.61, -22.87] -19.55  Inventory: [6.0, 0.0, 6.0]  Order: [5.05, 5.0, 4.92] Demand: [5.17]
Reward for thread 2: [-34.52, -25.87, -24.07] -28.15  Inventory: [0.0, 0.0, 0.0]  Order: [13.64, 13.68, 13.66] Demand: [13.68]
Reward for thread 3: [-16.12, -22.66, -23.36] -20.71  Inventory: [0.0, 0.0, 0.0]  Order: [9.4, 9.3, 9.11] Demand: [9.555]
Reward for thread 4: [-98.93, -39.06, -38.24] -58.74  Inventory: [0.0, 0.0, 0.0]  Order: [14.98, 14.98, 14.94] Demand: [16.165]
Reward for thread 5: [-13.84, -22.66, -25.12] -20.54  Inventory: [5.0, 10.0, 22.0]  Order: [4.21, 4.07, 3.93] Demand: [4.375]

 Algo happo Exp ippo_seed14_formal_v1 updates 214/3000 episodes, total num timesteps 215000/3000000, FPS 118.

Reward for thread 1: [-15.09, -24.23, -23.86] -21.06  Inventory: [24.0, 13.0, 0.0]  Order: [7.31, 7.44, 7.48] Demand: [7.225]
Reward for thread 2: [-17.9, -29.51, -27.42] -24.94  Inventory: [25.0, 62.0, 31.0]  Order: [1.97, 2.04, 1.98] Demand: [2.09]
Reward for thread 3: [-36.06, -28.75, -27.07] -30.63  Inventory: [0.0, 0.0, 0.0]  Order: [11.78, 11.82, 11.72] Demand: [11.94]
Reward for thread 4: [-19.85, -26.22, -25.69] -23.92  Inventory: [0.0, 26.0, 28.0]  Order: [9.13, 9.11, 9.0] Demand: [9.22]
Reward for thread 5: [-16.41, -26.16, -26.64] -23.07  Inventory: [20.0, 29.0, 11.0]  Order: [8.02, 8.05, 8.02] Demand: [8.]

Eval average reward:  -28.439666666666668  Eval ordering fluctuation measurement (downstream to upstream):  [0.8582411208713181, 1.0212307495363038, 1.1214680833697244]

 Algo happo Exp ippo_seed14_formal_v1 updates 215/3000 episodes, total num timesteps 216000/3000000, FPS 118.

Reward for thread 1: [-16.62, -20.79, -22.59] -20.0  Inventory: [0.0, 0.0, 0.0]  Order: [9.26, 9.31, 9.16] Demand: [9.24]
Reward for thread 2: [-14.6, -22.02, -23.0] -19.87  Inventory: [12.0, 39.0, 31.0]  Order: [6.92, 6.94, 6.85] Demand: [7.02]
Reward for thread 3: [-14.87, -22.31, -27.96] -21.71  Inventory: [7.0, 30.0, 40.0]  Order: [6.76, 6.68, 6.64] Demand: [6.89]
Reward for thread 4: [-25.82, -21.2, -19.71] -22.24  Inventory: [0.0, 2.0, 3.0]  Order: [12.54, 12.62, 12.72] Demand: [13.135]
Reward for thread 5: [-27.13, -20.59, -21.7] -23.14  Inventory: [0.0, 0.0, 16.0]  Order: [12.56, 12.44, 12.42] Demand: [12.68]

 Algo happo Exp ippo_seed14_formal_v1 updates 216/3000 episodes, total num timesteps 217000/3000000, FPS 118.

Reward for thread 1: [-13.82, -21.76, -25.85] -20.48  Inventory: [1.0, 37.0, 9.0]  Order: [3.58, 3.59, 3.54] Demand: [3.715]
Reward for thread 2: [-19.77, -28.11, -29.76] -25.88  Inventory: [0.0, 9.0, 26.0]  Order: [7.52, 7.56, 7.48] Demand: [7.545]
Reward for thread 3: [-13.32, -21.91, -24.01] -19.75  Inventory: [1.0, 15.0, 64.0]  Order: [5.88, 5.73, 5.87] Demand: [6.04]
Reward for thread 4: [-11.36, -15.83, -17.64] -14.94  Inventory: [3.0, 43.0, 57.0]  Order: [11.12, 11.1, 11.2] Demand: [11.165]
Reward for thread 5: [-27.86, -21.71, -22.82] -24.13  Inventory: [6.0, 11.0, 0.0]  Order: [10.58, 10.58, 10.54] Demand: [10.665]

 Algo happo Exp ippo_seed14_formal_v1 updates 217/3000 episodes, total num timesteps 218000/3000000, FPS 118.

Reward for thread 1: [-132.23, -104.47, -58.86] -98.52  Inventory: [0.0, 0.0, 0.0]  Order: [16.32, 15.0, 14.9] Demand: [16.38]
Reward for thread 2: [-30.14, -27.65, -31.04] -29.61  Inventory: [0.0, 0.0, 0.0]  Order: [7.26, 7.16, 7.09] Demand: [8.035]
Reward for thread 3: [-13.13, -21.81, -22.92] -19.29  Inventory: [0.0, 57.0, 28.0]  Order: [3.76, 3.8, 3.72] Demand: [3.93]
Reward for thread 4: [-18.62, -23.26, -25.96] -22.61  Inventory: [0.0, 21.0, 67.0]  Order: [9.19, 9.06, 9.18] Demand: [9.275]
Reward for thread 5: [-14.18, -20.84, -28.59] -21.2  Inventory: [13.0, 54.0, 41.0]  Order: [4.88, 4.91, 4.86] Demand: [4.98]

 Algo happo Exp ippo_seed14_formal_v1 updates 218/3000 episodes, total num timesteps 219000/3000000, FPS 118.

Reward for thread 1: [-15.12, -22.35, -23.78] -20.42  Inventory: [3.0, 14.0, 44.0]  Order: [4.42, 4.26, 4.26] Demand: [4.62]
Reward for thread 2: [-16.05, -24.16, -23.2] -21.14  Inventory: [11.0, 77.0, 67.0]  Order: [7.64, 7.82, 7.9] Demand: [7.83]
Reward for thread 3: [-20.77, -25.82, -26.42] -24.34  Inventory: [0.0, 37.0, 21.0]  Order: [8.95, 9.06, 9.04] Demand: [9.01]
Reward for thread 4: [-16.34, -24.77, -29.9] -23.67  Inventory: [34.0, 29.0, 44.0]  Order: [3.14, 3.04, 3.04] Demand: [3.205]
Reward for thread 5: [-50.43, -26.94, -28.03] -35.13  Inventory: [0.0, 0.0, 0.0]  Order: [12.08, 11.99, 12.06] Demand: [13.355]

 Algo happo Exp ippo_seed14_formal_v1 updates 219/3000 episodes, total num timesteps 220000/3000000, FPS 118.

Reward for thread 1: [-66.84, -46.28, -37.9] -50.34  Inventory: [0.0, 0.0, 0.0]  Order: [13.26, 12.88, 12.88] Demand: [13.815]
Reward for thread 2: [-57.07, -29.7, -29.41] -38.73  Inventory: [0.0, 0.0, 0.0]  Order: [14.11, 14.06, 14.04] Demand: [14.18]
Reward for thread 3: [-115.49, -65.23, -48.64] -76.45  Inventory: [0.0, 0.0, 0.0]  Order: [15.64, 15.58, 15.64] Demand: [16.185]
Reward for thread 4: [-13.6, -22.47, -29.9] -21.99  Inventory: [0.0, 12.0, 56.0]  Order: [2.08, 1.93, 1.96] Demand: [2.295]
Reward for thread 5: [-15.02, -21.91, -24.06] -20.33  Inventory: [1.0, 28.0, 51.0]  Order: [5.64, 5.53, 5.54] Demand: [5.825]

Eval average reward:  -28.539166666666663  Eval ordering fluctuation measurement (downstream to upstream):  [0.8391259480491581, 1.0965239370379527, 1.1992391342060253]

 Algo happo Exp ippo_seed14_formal_v1 updates 220/3000 episodes, total num timesteps 221000/3000000, FPS 118.

Reward for thread 1: [-58.07, -40.17, -30.15] -42.8  Inventory: [0.0, 0.0, 0.0]  Order: [14.16, 14.16, 14.18] Demand: [14.93]
Reward for thread 2: [-14.84, -16.89, -19.02] -16.92  Inventory: [0.0, 19.0, 8.0]  Order: [10.86, 10.96, 11.03] Demand: [10.92]
Reward for thread 3: [-17.35, -25.81, -30.84] -24.67  Inventory: [4.0, 11.0, 9.0]  Order: [6.1, 6.06, 5.93] Demand: [6.295]
Reward for thread 4: [-39.9, -27.92, -28.82] -32.21  Inventory: [0.0, 7.0, 0.0]  Order: [12.18, 12.34, 12.42] Demand: [12.18]
Reward for thread 5: [-46.62, -27.76, -27.16] -33.85  Inventory: [12.0, 14.0, 21.0]  Order: [12.81, 12.76, 12.77] Demand: [12.9]

 Algo happo Exp ippo_seed14_formal_v1 updates 221/3000 episodes, total num timesteps 222000/3000000, FPS 118.

Reward for thread 1: [-11.18, -19.42, -18.51] -16.37  Inventory: [5.0, 25.0, 0.0]  Order: [5.16, 5.14, 5.03] Demand: [5.305]
Reward for thread 2: [-17.66, -25.85, -25.75] -23.09  Inventory: [50.0, 92.0, 35.0]  Order: [8.11, 8.38, 8.3] Demand: [8.05]
Reward for thread 3: [-18.79, -31.2, -29.9] -26.63  Inventory: [0.0, 0.0, 0.0]  Order: [6.48, 6.62, 6.48] Demand: [6.5]
Reward for thread 4: [-34.13, -21.28, -21.5] -25.64  Inventory: [0.0, 0.0, 0.0]  Order: [13.5, 13.46, 13.48] Demand: [14.155]
Reward for thread 5: [-20.27, -32.95, -31.26] -28.16  Inventory: [20.0, 43.0, 25.0]  Order: [3.1, 3.12, 3.02] Demand: [3.23]

 Algo happo Exp ippo_seed14_formal_v1 updates 222/3000 episodes, total num timesteps 223000/3000000, FPS 118.

Reward for thread 1: [-63.11, -35.94, -33.91] -44.32  Inventory: [0.0, 0.0, 0.0]  Order: [14.87, 14.62, 14.61] Demand: [16.015]
Reward for thread 2: [-15.07, -22.08, -24.3] -20.48  Inventory: [0.0, 21.0, 31.0]  Order: [5.63, 5.66, 5.58] Demand: [5.7]
Reward for thread 3: [-22.06, -26.18, -24.35] -24.2  Inventory: [0.0, 0.0, 2.0]  Order: [8.02, 7.66, 7.74] Demand: [7.79]
Reward for thread 4: [-100.07, -60.96, -47.28] -69.44  Inventory: [0.0, 0.0, 0.0]  Order: [14.6, 14.34, 14.38] Demand: [15.28]
Reward for thread 5: [-12.1, -19.83, -19.52] -17.15  Inventory: [5.0, 15.0, 0.0]  Order: [3.04, 2.99, 2.8] Demand: [3.255]

 Algo happo Exp ippo_seed14_formal_v1 updates 223/3000 episodes, total num timesteps 224000/3000000, FPS 118.

Reward for thread 1: [-20.02, -31.67, -29.36] -27.02  Inventory: [0.0, 59.0, 34.0]  Order: [6.54, 6.58, 6.5] Demand: [6.685]
Reward for thread 2: [-14.06, -23.29, -26.21] -21.19  Inventory: [9.0, 30.0, 23.0]  Order: [1.86, 1.78, 1.64] Demand: [2.07]
Reward for thread 3: [-24.76, -30.85, -26.82] -27.48  Inventory: [54.0, 69.0, 20.0]  Order: [2.13, 2.23, 2.1] Demand: [2.105]
Reward for thread 4: [-87.23, -63.76, -41.05] -64.01  Inventory: [0.0, 0.0, 0.0]  Order: [15.14, 14.35, 14.42] Demand: [15.585]
Reward for thread 5: [-16.3, -22.19, -22.61] -20.37  Inventory: [0.0, 0.0, 0.0]  Order: [9.82, 9.77, 9.65] Demand: [9.815]

 Algo happo Exp ippo_seed14_formal_v1 updates 224/3000 episodes, total num timesteps 225000/3000000, FPS 118.

Reward for thread 1: [-19.68, -28.44, -28.47] -25.53  Inventory: [10.0, 28.0, 41.0]  Order: [9.64, 9.56, 9.56] Demand: [9.705]
Reward for thread 2: [-19.27, -24.66, -24.76] -22.9  Inventory: [3.0, 58.0, 74.0]  Order: [8.07, 8.13, 8.25] Demand: [8.145]
Reward for thread 3: [-136.67, -67.69, -50.36] -84.91  Inventory: [0.0, 0.0, 0.0]  Order: [16.6, 16.14, 16.24] Demand: [17.87]
Reward for thread 4: [-21.19, -23.44, -22.8] -22.48  Inventory: [0.0, 0.0, 0.0]  Order: [10.62, 10.54, 10.46] Demand: [10.555]
Reward for thread 5: [-15.72, -25.09, -23.4] -21.4  Inventory: [3.0, 25.0, 4.0]  Order: [9.72, 9.86, 9.97] Demand: [9.74]

Eval average reward:  -29.626916666666666  Eval ordering fluctuation measurement (downstream to upstream):  [0.8399186760888288, 1.157363529994055, 1.23905108994762]

 Algo happo Exp ippo_seed14_formal_v1 updates 225/3000 episodes, total num timesteps 226000/3000000, FPS 118.

Reward for thread 1: [-15.49, -24.57, -27.59] -22.55  Inventory: [0.0, 0.0, 0.0]  Order: [4.06, 4.05, 3.93] Demand: [3.805]
Reward for thread 2: [-49.49, -51.21, -37.58] -46.09  Inventory: [0.0, 0.0, 10.0]  Order: [11.56, 10.92, 11.05] Demand: [11.36]
Reward for thread 3: [-43.87, -30.57, -32.83] -35.76  Inventory: [0.0, 0.0, 0.0]  Order: [14.06, 14.04, 14.08] Demand: [14.735]
Reward for thread 4: [-18.34, -25.93, -23.87] -22.71  Inventory: [0.0, 8.0, 20.0]  Order: [10.07, 9.98, 9.97] Demand: [10.13]
Reward for thread 5: [-18.39, -30.12, -28.93] -25.81  Inventory: [14.0, 30.0, 0.0]  Order: [5.85, 5.94, 5.86] Demand: [5.91]

 Algo happo Exp ippo_seed14_formal_v1 updates 226/3000 episodes, total num timesteps 227000/3000000, FPS 118.

Reward for thread 1: [-14.82, -25.41, -25.16] -21.8  Inventory: [1.0, 25.0, 27.0]  Order: [6.66, 6.54, 6.44] Demand: [6.765]
Reward for thread 2: [-45.89, -45.99, -35.25] -42.38  Inventory: [0.0, 5.0, 0.0]  Order: [13.07, 13.16, 13.09] Demand: [13.035]
Reward for thread 3: [-12.56, -19.33, -20.38] -17.42  Inventory: [5.0, 34.0, 30.0]  Order: [6.3, 6.22, 6.12] Demand: [6.515]
Reward for thread 4: [-13.0, -19.07, -20.72] -17.6  Inventory: [0.0, 0.0, 22.0]  Order: [8.05, 7.86, 7.74] Demand: [8.135]
Reward for thread 5: [-64.69, -47.45, -41.42] -51.19  Inventory: [0.0, 0.0, 0.0]  Order: [14.88, 14.81, 14.8] Demand: [15.24]

 Algo happo Exp ippo_seed14_formal_v1 updates 227/3000 episodes, total num timesteps 228000/3000000, FPS 118.

Reward for thread 1: [-122.47, -77.47, -55.73] -85.22  Inventory: [19.0, 25.0, 88.0]  Order: [13.22, 13.09, 13.3] Demand: [13.28]
Reward for thread 2: [-13.6, -23.25, -21.59] -19.48  Inventory: [8.0, 30.0, 15.0]  Order: [6.04, 5.96, 5.78] Demand: [6.24]
Reward for thread 3: [-19.74, -30.83, -28.44] -26.34  Inventory: [0.0, 0.0, 0.0]  Order: [8.65, 8.54, 8.38] Demand: [8.51]
Reward for thread 4: [-31.61, -29.01, -28.16] -29.59  Inventory: [0.0, 0.0, 9.0]  Order: [13.52, 13.45, 13.48] Demand: [13.92]
Reward for thread 5: [-32.66, -33.58, -31.99] -32.74  Inventory: [3.0, 16.0, 0.0]  Order: [11.38, 11.5, 11.36] Demand: [11.56]

 Algo happo Exp ippo_seed14_formal_v1 updates 228/3000 episodes, total num timesteps 229000/3000000, FPS 118.

Reward for thread 1: [-23.36, -26.38, -34.74] -28.16  Inventory: [48.0, 17.0, 64.0]  Order: [2.46, 2.31, 2.38] Demand: [2.45]
Reward for thread 2: [-34.04, -36.52, -32.07] -34.21  Inventory: [8.0, 60.0, 65.0]  Order: [12.32, 12.4, 12.47] Demand: [12.45]
Reward for thread 3: [-19.98, -28.18, -26.86] -25.01  Inventory: [3.0, 63.0, 83.0]  Order: [11.02, 11.09, 11.26] Demand: [11.17]
Reward for thread 4: [-14.17, -19.6, -19.5] -17.76  Inventory: [0.0, 40.0, 9.0]  Order: [10.26, 10.49, 10.38] Demand: [10.36]
Reward for thread 5: [-12.79, -22.32, -19.86] -18.32  Inventory: [9.0, 16.0, 21.0]  Order: [5.03, 4.92, 4.8] Demand: [5.23]

 Algo happo Exp ippo_seed14_formal_v1 updates 229/3000 episodes, total num timesteps 230000/3000000, FPS 118.

Reward for thread 1: [-24.07, -19.01, -20.68] -21.25  Inventory: [1.0, 11.0, 0.0]  Order: [10.64, 10.56, 10.4] Demand: [10.77]
Reward for thread 2: [-13.12, -22.57, -22.62] -19.44  Inventory: [6.0, 27.0, 6.0]  Order: [5.46, 5.68, 5.61] Demand: [5.45]
Reward for thread 3: [-14.26, -22.08, -25.47] -20.6  Inventory: [5.0, 38.0, 53.0]  Order: [5.13, 5.08, 5.1] Demand: [5.32]
Reward for thread 4: [-39.81, -25.54, -27.56] -30.97  Inventory: [8.0, 8.0, 0.0]  Order: [14.06, 14.24, 14.18] Demand: [14.09]
Reward for thread 5: [-71.33, -54.13, -38.13] -54.53  Inventory: [41.0, 12.0, 13.0]  Order: [15.02, 15.14, 15.26] Demand: [14.785]

Eval average reward:  -26.25633333333333  Eval ordering fluctuation measurement (downstream to upstream):  [0.8600740188503802, 1.1377304040007523, 1.2194493558037303]

 Algo happo Exp ippo_seed14_formal_v1 updates 230/3000 episodes, total num timesteps 231000/3000000, FPS 118.

Reward for thread 1: [-36.84, -34.59, -34.04] -35.16  Inventory: [0.0, 13.0, 0.0]  Order: [13.56, 13.92, 13.86] Demand: [13.95]
Reward for thread 2: [-14.84, -24.48, -26.69] -22.0  Inventory: [5.0, 1.0, 0.0]  Order: [4.12, 4.04, 3.89] Demand: [4.28]
Reward for thread 3: [-18.7, -27.55, -24.48] -23.58  Inventory: [0.0, 0.0, 0.0]  Order: [9.88, 9.75, 9.65] Demand: [9.895]
Reward for thread 4: [-20.9, -19.55, -19.18] -19.88  Inventory: [18.0, 7.0, 0.0]  Order: [12.64, 12.64, 12.6] Demand: [12.755]
Reward for thread 5: [-13.54, -21.8, -21.52] -18.95  Inventory: [59.0, 64.0, 28.0]  Order: [3.92, 4.01, 3.94] Demand: [3.875]

 Algo happo Exp ippo_seed14_formal_v1 updates 231/3000 episodes, total num timesteps 232000/3000000, FPS 118.

Reward for thread 1: [-13.16, -22.63, -21.88] -19.22  Inventory: [4.0, 84.0, 31.0]  Order: [4.56, 4.73, 4.64] Demand: [4.775]
Reward for thread 2: [-78.2, -48.12, -39.69] -55.34  Inventory: [0.0, 0.0, 0.0]  Order: [15.76, 15.62, 15.6] Demand: [16.41]
Reward for thread 3: [-14.27, -24.3, -23.73] -20.77  Inventory: [0.0, 11.0, 0.0]  Order: [3.85, 3.82, 3.69] Demand: [4.]
Reward for thread 4: [-13.59, -24.01, -23.82] -20.47  Inventory: [4.0, 28.0, 26.0]  Order: [2.68, 2.74, 2.66] Demand: [2.895]
Reward for thread 5: [-19.38, -24.72, -24.02] -22.71  Inventory: [5.0, 70.0, 50.0]  Order: [10.56, 10.66, 10.66] Demand: [10.74]

 Algo happo Exp ippo_seed14_formal_v1 updates 232/3000 episodes, total num timesteps 233000/3000000, FPS 118.

Reward for thread 1: [-27.57, -24.46, -22.52] -24.85  Inventory: [0.0, 13.0, 0.0]  Order: [12.77, 12.82, 12.88] Demand: [13.31]
Reward for thread 2: [-13.91, -24.23, -25.28] -21.14  Inventory: [7.0, 38.0, 47.0]  Order: [4.58, 4.53, 4.52] Demand: [4.725]
Reward for thread 3: [-14.51, -23.41, -24.33] -20.75  Inventory: [12.0, 21.0, 21.0]  Order: [4.75, 4.62, 4.48] Demand: [4.925]
Reward for thread 4: [-14.43, -24.3, -25.74] -21.49  Inventory: [1.0, 23.0, 42.0]  Order: [3.28, 3.14, 3.1] Demand: [3.5]
Reward for thread 5: [-14.72, -24.78, -25.42] -21.64  Inventory: [1.0, 25.0, 46.0]  Order: [5.14, 5.06, 5.04] Demand: [5.235]

 Algo happo Exp ippo_seed14_formal_v1 updates 233/3000 episodes, total num timesteps 234000/3000000, FPS 118.

Reward for thread 1: [-43.01, -53.49, -33.59] -43.36  Inventory: [109.0, 52.0, 61.0]  Order: [11.04, 11.06, 11.13] Demand: [10.74]
Reward for thread 2: [-79.39, -53.4, -42.67] -58.49  Inventory: [0.0, 0.0, 0.0]  Order: [14.55, 14.24, 14.34] Demand: [15.025]
Reward for thread 3: [-13.52, -23.13, -24.18] -20.28  Inventory: [0.0, 28.0, 48.0]  Order: [3.94, 3.83, 3.82] Demand: [4.045]
Reward for thread 4: [-19.27, -30.14, -29.18] -26.2  Inventory: [0.0, 0.0, 0.0]  Order: [7.28, 7.21, 7.12] Demand: [6.875]
Reward for thread 5: [-17.93, -27.02, -22.2] -22.38  Inventory: [32.0, 41.0, 24.0]  Order: [3.1, 3.06, 2.92] Demand: [3.18]

 Algo happo Exp ippo_seed14_formal_v1 updates 234/3000 episodes, total num timesteps 235000/3000000, FPS 118.

Reward for thread 1: [-37.13, -29.42, -27.59] -31.38  Inventory: [0.0, 0.0, 0.0]  Order: [13.0, 12.84, 12.8] Demand: [13.255]
Reward for thread 2: [-30.9, -43.0, -39.12] -37.67  Inventory: [7.0, 42.0, 60.0]  Order: [5.01, 4.97, 5.03] Demand: [5.225]
Reward for thread 3: [-13.29, -20.16, -21.95] -18.47  Inventory: [3.0, 20.0, 21.0]  Order: [7.54, 7.38, 7.24] Demand: [7.695]
Reward for thread 4: [-14.48, -26.63, -24.75] -21.95  Inventory: [3.0, 15.0, 7.0]  Order: [5.74, 5.7, 5.58] Demand: [5.89]
Reward for thread 5: [-15.75, -22.82, -26.38] -21.65  Inventory: [18.0, 58.0, 34.0]  Order: [7.67, 7.72, 7.64] Demand: [7.8]

Eval average reward:  -27.205916666666667  Eval ordering fluctuation measurement (downstream to upstream):  [0.7864765564925483, 1.134099988042388, 1.2373933931113035]

 Algo happo Exp ippo_seed14_formal_v1 updates 235/3000 episodes, total num timesteps 236000/3000000, FPS 118.

Reward for thread 1: [-15.41, -23.66, -24.2] -21.09  Inventory: [5.0, 13.0, 0.0]  Order: [6.02, 6.2, 6.11] Demand: [6.2]
Reward for thread 2: [-109.5, -78.48, -44.58] -77.52  Inventory: [0.0, 0.0, 0.0]  Order: [16.79, 16.5, 16.6] Demand: [17.265]
Reward for thread 3: [-13.54, -22.57, -24.69] -20.27  Inventory: [4.0, 0.0, 0.0]  Order: [6.04, 5.98, 5.92] Demand: [6.175]
Reward for thread 4: [-80.69, -41.95, -36.86] -53.17  Inventory: [0.0, 0.0, 0.0]  Order: [12.54, 12.18, 12.22] Demand: [13.68]
Reward for thread 5: [-20.07, -32.42, -28.78] -27.09  Inventory: [3.0, 22.0, 0.0]  Order: [8.0, 7.92, 7.79] Demand: [8.14]

 Algo happo Exp ippo_seed14_formal_v1 updates 236/3000 episodes, total num timesteps 237000/3000000, FPS 118.

Reward for thread 1: [-19.62, -25.28, -26.47] -23.79  Inventory: [0.0, 0.0, 0.0]  Order: [11.85, 11.89, 11.82] Demand: [11.805]
Reward for thread 2: [-25.82, -26.78, -26.54] -26.38  Inventory: [7.0, 42.0, 66.0]  Order: [11.93, 11.89, 11.99] Demand: [12.055]
Reward for thread 3: [-23.63, -26.2, -25.61] -25.15  Inventory: [0.0, 0.0, 10.0]  Order: [12.28, 12.25, 12.29] Demand: [12.205]
Reward for thread 4: [-13.21, -23.48, -23.61] -20.1  Inventory: [4.0, 27.0, 9.0]  Order: [3.48, 3.39, 3.18] Demand: [3.65]
Reward for thread 5: [-26.27, -21.29, -23.35] -23.64  Inventory: [0.0, 0.0, 0.0]  Order: [11.58, 11.71, 11.67] Demand: [11.605]

 Algo happo Exp ippo_seed14_formal_v1 updates 237/3000 episodes, total num timesteps 238000/3000000, FPS 118.

Reward for thread 1: [-25.54, -30.78, -28.74] -28.35  Inventory: [0.0, 15.0, 15.0]  Order: [12.04, 12.18, 12.19] Demand: [12.425]
Reward for thread 2: [-64.81, -32.83, -37.12] -44.92  Inventory: [21.0, 46.0, 27.0]  Order: [12.9, 12.93, 12.92] Demand: [13.025]
Reward for thread 3: [-125.31, -55.45, -52.69] -77.82  Inventory: [13.0, 47.0, 41.0]  Order: [15.13, 15.12, 15.08] Demand: [15.28]
Reward for thread 4: [-14.81, -24.27, -25.84] -21.64  Inventory: [4.0, 9.0, 0.0]  Order: [6.64, 6.64, 6.37] Demand: [6.745]
Reward for thread 5: [-17.98, -25.19, -24.8] -22.66  Inventory: [0.0, 0.0, 0.0]  Order: [10.66, 10.72, 10.52] Demand: [10.665]

 Algo happo Exp ippo_seed14_formal_v1 updates 238/3000 episodes, total num timesteps 239000/3000000, FPS 118.

Reward for thread 1: [-16.52, -25.06, -24.91] -22.16  Inventory: [9.0, 61.0, 18.0]  Order: [4.9, 4.97, 4.81] Demand: [5.09]
Reward for thread 2: [-18.77, -28.25, -28.03] -25.02  Inventory: [66.0, 68.0, 19.0]  Order: [4.36, 4.6, 4.47] Demand: [4.23]
Reward for thread 3: [-54.72, -39.27, -32.52] -42.17  Inventory: [0.0, 0.0, 0.0]  Order: [14.02, 13.78, 13.88] Demand: [14.685]
Reward for thread 4: [-13.24, -21.13, -21.74] -18.7  Inventory: [6.0, 21.0, 37.0]  Order: [6.11, 5.97, 5.9] Demand: [6.2]
Reward for thread 5: [-14.0, -20.63, -21.34] -18.66  Inventory: [0.0, 0.0, 0.0]  Order: [8.65, 8.49, 8.29] Demand: [8.705]

 Algo happo Exp ippo_seed14_formal_v1 updates 239/3000 episodes, total num timesteps 240000/3000000, FPS 118.

Reward for thread 1: [-13.44, -20.17, -19.94] -17.85  Inventory: [2.0, 9.0, 3.0]  Order: [5.22, 5.18, 5.0] Demand: [5.385]
Reward for thread 2: [-12.83, -21.58, -26.24] -20.22  Inventory: [1.0, 5.0, 0.0]  Order: [3.4, 3.28, 3.2] Demand: [3.54]
Reward for thread 3: [-18.6, -29.13, -26.17] -24.63  Inventory: [0.0, 0.0, 0.0]  Order: [8.85, 8.86, 8.61] Demand: [8.62]
Reward for thread 4: [-16.57, -26.17, -27.08] -23.27  Inventory: [0.0, 0.0, 25.0]  Order: [7.3, 7.14, 7.02] Demand: [7.41]
Reward for thread 5: [-11.66, -21.42, -18.36] -17.15  Inventory: [7.0, 43.0, 3.0]  Order: [4.59, 4.57, 4.45] Demand: [4.79]

Eval average reward:  -23.7895  Eval ordering fluctuation measurement (downstream to upstream):  [0.7346838579280832, 1.0898617894054747, 1.196691081073245]
A better model is saved!

 Algo happo Exp ippo_seed14_formal_v1 updates 240/3000 episodes, total num timesteps 241000/3000000, FPS 118.

Reward for thread 1: [-14.29, -25.66, -24.38] -21.44  Inventory: [3.0, 11.0, 7.0]  Order: [4.28, 4.42, 4.32] Demand: [4.345]
Reward for thread 2: [-34.25, -26.14, -27.76] -29.38  Inventory: [11.0, 58.0, 54.0]  Order: [13.45, 13.52, 13.54] Demand: [13.575]
Reward for thread 3: [-12.31, -22.73, -19.11] -18.05  Inventory: [25.0, 16.0, 0.0]  Order: [3.06, 3.05, 2.91] Demand: [3.175]
Reward for thread 4: [-60.48, -40.62, -34.84] -45.31  Inventory: [0.0, 0.0, 0.0]  Order: [14.74, 14.62, 14.6] Demand: [15.815]
Reward for thread 5: [-12.86, -21.33, -21.68] -18.62  Inventory: [4.0, 38.0, 39.0]  Order: [5.32, 5.32, 5.28] Demand: [5.475]

 Algo happo Exp ippo_seed14_formal_v1 updates 241/3000 episodes, total num timesteps 242000/3000000, FPS 118.

Reward for thread 1: [-96.42, -45.53, -41.79] -61.25  Inventory: [0.0, 0.0, 0.0]  Order: [15.92, 15.89, 15.88] Demand: [17.325]
Reward for thread 2: [-20.77, -27.13, -32.91] -26.94  Inventory: [6.0, 13.0, 37.0]  Order: [2.45, 2.28, 2.22] Demand: [2.645]
Reward for thread 3: [-19.82, -35.02, -29.37] -28.07  Inventory: [25.0, 131.0, 24.0]  Order: [4.68, 5.09, 4.96] Demand: [4.805]
Reward for thread 4: [-12.34, -20.6, -19.38] -17.44  Inventory: [2.0, 29.0, 24.0]  Order: [4.23, 4.14, 4.0] Demand: [4.445]
Reward for thread 5: [-12.08, -20.1, -21.88] -18.02  Inventory: [0.0, 11.0, 16.0]  Order: [4.76, 4.59, 4.59] Demand: [4.925]

 Algo happo Exp ippo_seed14_formal_v1 updates 242/3000 episodes, total num timesteps 243000/3000000, FPS 118.

Reward for thread 1: [-15.43, -21.69, -21.43] -19.52  Inventory: [0.0, 24.0, 13.0]  Order: [8.16, 8.1, 8.02] Demand: [8.32]
Reward for thread 2: [-15.96, -25.42, -25.94] -22.44  Inventory: [5.0, 2.0, 25.0]  Order: [6.88, 6.82, 6.72] Demand: [6.98]
Reward for thread 3: [-50.02, -43.6, -36.37] -43.33  Inventory: [2.0, 10.0, 14.0]  Order: [13.0, 12.92, 12.83] Demand: [13.16]
Reward for thread 4: [-21.31, -31.17, -32.28] -28.25  Inventory: [22.0, 26.0, 40.0]  Order: [5.42, 5.31, 5.28] Demand: [5.54]
Reward for thread 5: [-47.0, -38.45, -32.66] -39.37  Inventory: [0.0, 0.0, 0.0]  Order: [12.27, 12.14, 12.22] Demand: [13.005]

 Algo happo Exp ippo_seed14_formal_v1 updates 243/3000 episodes, total num timesteps 244000/3000000, FPS 118.

Reward for thread 1: [-15.89, -25.05, -25.71] -22.22  Inventory: [0.0, 0.0, 6.0]  Order: [4.9, 4.76, 4.66] Demand: [5.02]
Reward for thread 2: [-22.85, -23.16, -22.04] -22.68  Inventory: [0.0, 26.0, 0.0]  Order: [11.46, 11.54, 11.44] Demand: [11.58]
Reward for thread 3: [-12.91, -20.41, -22.51] -18.61  Inventory: [0.0, 18.0, 47.0]  Order: [6.9, 6.8, 6.78] Demand: [7.005]
Reward for thread 4: [-27.94, -31.92, -27.78] -29.21  Inventory: [6.0, 23.0, 29.0]  Order: [11.54, 11.48, 11.38] Demand: [11.655]
Reward for thread 5: [-13.62, -20.82, -24.34] -19.59  Inventory: [14.0, 24.0, 38.0]  Order: [3.26, 3.14, 3.09] Demand: [3.425]

 Algo happo Exp ippo_seed14_formal_v1 updates 244/3000 episodes, total num timesteps 245000/3000000, FPS 118.

Reward for thread 1: [-26.82, -25.53, -25.54] -25.96  Inventory: [0.0, 0.0, 0.0]  Order: [10.52, 10.75, 10.7] Demand: [11.16]
Reward for thread 2: [-20.17, -26.97, -27.0] -24.71  Inventory: [7.0, 11.0, 8.0]  Order: [10.32, 10.38, 10.31] Demand: [10.33]
Reward for thread 3: [-21.49, -35.17, -29.52] -28.73  Inventory: [22.0, 36.0, 35.0]  Order: [4.06, 4.0, 3.92] Demand: [4.2]
Reward for thread 4: [-54.42, -39.52, -36.45] -43.46  Inventory: [0.0, 20.0, 0.0]  Order: [12.96, 13.28, 13.26] Demand: [13.845]
Reward for thread 5: [-15.22, -25.83, -25.24] -22.1  Inventory: [2.0, 35.0, 24.0]  Order: [5.6, 5.6, 5.66] Demand: [5.785]

Eval average reward:  -24.8005  Eval ordering fluctuation measurement (downstream to upstream):  [0.705749902746245, 1.110550536337207, 1.2300912306151164]

 Algo happo Exp ippo_seed14_formal_v1 updates 245/3000 episodes, total num timesteps 246000/3000000, FPS 118.

Reward for thread 1: [-128.32, -45.76, -47.56] -73.88  Inventory: [0.0, 39.0, 13.0]  Order: [16.56, 16.73, 16.76] Demand: [16.635]
Reward for thread 2: [-38.61, -30.44, -30.1] -33.05  Inventory: [0.0, 15.0, 4.0]  Order: [12.46, 12.61, 12.66] Demand: [12.855]
Reward for thread 3: [-21.9, -27.64, -27.67] -25.74  Inventory: [0.0, 0.0, 15.0]  Order: [9.58, 9.41, 9.44] Demand: [9.62]
Reward for thread 4: [-13.98, -26.39, -22.7] -21.02  Inventory: [1.0, 23.0, 32.0]  Order: [3.82, 3.7, 3.61] Demand: [4.025]
Reward for thread 5: [-16.42, -25.6, -25.01] -22.34  Inventory: [9.0, 24.0, 41.0]  Order: [8.41, 8.34, 8.29] Demand: [8.49]

 Algo happo Exp ippo_seed14_formal_v1 updates 246/3000 episodes, total num timesteps 247000/3000000, FPS 118.

Reward for thread 1: [-22.8, -25.42, -26.59] -24.94  Inventory: [0.0, 37.0, 60.0]  Order: [10.51, 10.46, 10.52] Demand: [10.66]
Reward for thread 2: [-18.67, -26.12, -25.63] -23.47  Inventory: [0.0, 0.0, 0.0]  Order: [8.82, 8.75, 8.66] Demand: [8.745]
Reward for thread 3: [-30.2, -31.67, -33.9] -31.92  Inventory: [24.0, 62.0, 49.0]  Order: [11.12, 11.18, 11.17] Demand: [11.155]
Reward for thread 4: [-11.6, -19.73, -18.2] -16.51  Inventory: [7.0, 2.0, 11.0]  Order: [5.64, 5.64, 5.63] Demand: [5.66]
Reward for thread 5: [-13.18, -21.87, -24.85] -19.97  Inventory: [2.0, 20.0, 16.0]  Order: [3.36, 3.22, 3.05] Demand: [3.545]

 Algo happo Exp ippo_seed14_formal_v1 updates 247/3000 episodes, total num timesteps 248000/3000000, FPS 118.

Reward for thread 1: [-11.36, -18.09, -19.45] -16.3  Inventory: [0.0, 1.0, 0.0]  Order: [7.04, 7.04, 6.98] Demand: [7.135]
Reward for thread 2: [-31.7, -22.52, -25.92] -26.71  Inventory: [0.0, 8.0, 0.0]  Order: [13.92, 14.12, 14.14] Demand: [14.23]
Reward for thread 3: [-16.03, -24.15, -28.0] -22.73  Inventory: [10.0, 32.0, 43.0]  Order: [3.96, 3.88, 3.91] Demand: [4.15]
Reward for thread 4: [-16.27, -19.69, -21.89] -19.28  Inventory: [0.0, 7.0, 0.0]  Order: [7.7, 7.8, 7.84] Demand: [7.71]
Reward for thread 5: [-32.91, -28.11, -29.78] -30.27  Inventory: [0.0, 0.0, 0.0]  Order: [13.56, 13.73, 13.68] Demand: [14.01]

 Algo happo Exp ippo_seed14_formal_v1 updates 248/3000 episodes, total num timesteps 249000/3000000, FPS 118.

Reward for thread 1: [-76.58, -44.84, -34.36] -51.93  Inventory: [0.0, 0.0, 0.0]  Order: [16.34, 16.18, 16.26] Demand: [17.135]
Reward for thread 2: [-14.22, -24.31, -23.84] -20.79  Inventory: [6.0, 38.0, 40.0]  Order: [6.85, 6.79, 6.74] Demand: [7.03]
Reward for thread 3: [-18.23, -26.83, -27.2] -24.09  Inventory: [0.0, 8.0, 18.0]  Order: [4.99, 4.8, 4.64] Demand: [5.19]
Reward for thread 4: [-26.09, -30.63, -29.97] -28.9  Inventory: [0.0, 0.0, 0.0]  Order: [10.3, 10.23, 10.12] Demand: [10.765]
Reward for thread 5: [-20.02, -29.56, -29.94] -26.51  Inventory: [0.0, 39.0, 53.0]  Order: [9.26, 9.22, 9.24] Demand: [9.35]

 Algo happo Exp ippo_seed14_formal_v1 updates 249/3000 episodes, total num timesteps 250000/3000000, FPS 118.

Reward for thread 1: [-31.67, -27.79, -27.5] -28.99  Inventory: [0.0, 16.0, 0.0]  Order: [12.76, 12.8, 12.78] Demand: [13.39]
Reward for thread 2: [-15.6, -24.6, -25.52] -21.91  Inventory: [28.0, 82.0, 40.0]  Order: [5.65, 5.81, 5.76] Demand: [5.715]
Reward for thread 3: [-11.73, -18.79, -20.55] -17.02  Inventory: [8.0, 10.0, 8.0]  Order: [3.74, 3.62, 3.42] Demand: [3.93]
Reward for thread 4: [-68.69, -45.22, -39.83] -51.25  Inventory: [4.0, 39.0, 37.0]  Order: [11.9, 11.84, 11.78] Demand: [12.12]
Reward for thread 5: [-22.3, -25.91, -25.96] -24.72  Inventory: [0.0, 14.0, 0.0]  Order: [10.99, 11.1, 11.09] Demand: [11.505]

Eval average reward:  -26.444166666666664  Eval ordering fluctuation measurement (downstream to upstream):  [0.805042056836864, 1.0994369392511374, 1.2610199379545783]

 Algo happo Exp ippo_seed14_formal_v1 updates 250/3000 episodes, total num timesteps 251000/3000000, FPS 118.

Reward for thread 1: [-14.26, -19.9, -21.71] -18.62  Inventory: [13.0, 30.0, 29.0]  Order: [10.15, 10.14, 10.18] Demand: [10.3]
Reward for thread 2: [-16.25, -23.42, -22.18] -20.62  Inventory: [0.0, 0.0, 7.0]  Order: [10.86, 10.8, 10.78] Demand: [10.92]
Reward for thread 3: [-28.7, -25.04, -25.6] -26.45  Inventory: [0.0, 1.0, 0.0]  Order: [10.73, 10.94, 10.97] Demand: [11.41]
Reward for thread 4: [-69.27, -35.1, -35.12] -46.5  Inventory: [0.0, 0.0, 0.0]  Order: [14.92, 15.0, 15.02] Demand: [16.095]
Reward for thread 5: [-31.38, -31.11, -29.62] -30.7  Inventory: [0.0, 45.0, 53.0]  Order: [12.36, 12.39, 12.42] Demand: [12.395]

 Algo happo Exp ippo_seed14_formal_v1 updates 251/3000 episodes, total num timesteps 252000/3000000, FPS 118.

Reward for thread 1: [-21.81, -29.72, -28.34] -26.62  Inventory: [0.0, 0.0, 0.0]  Order: [9.25, 9.36, 9.31] Demand: [9.35]
Reward for thread 2: [-11.28, -17.91, -17.92] -15.7  Inventory: [0.0, 0.0, 0.0]  Order: [9.12, 9.17, 9.15] Demand: [9.11]
Reward for thread 3: [-25.94, -29.14, -31.69] -28.92  Inventory: [0.0, 27.0, 31.0]  Order: [11.4, 11.42, 11.33] Demand: [11.41]
Reward for thread 4: [-35.59, -23.14, -24.46] -27.73  Inventory: [0.0, 0.0, 0.0]  Order: [12.94, 13.15, 13.04] Demand: [13.62]
Reward for thread 5: [-14.26, -19.88, -22.0] -18.71  Inventory: [0.0, 0.0, 0.0]  Order: [9.78, 9.88, 9.79] Demand: [9.695]

 Algo happo Exp ippo_seed14_formal_v1 updates 252/3000 episodes, total num timesteps 253000/3000000, FPS 118.

Reward for thread 1: [-13.16, -18.55, -20.65] -17.45  Inventory: [1.0, 0.0, 8.0]  Order: [10.54, 10.41, 10.34] Demand: [10.555]
Reward for thread 2: [-21.05, -31.5, -29.58] -27.38  Inventory: [2.0, 74.0, 34.0]  Order: [5.0, 5.12, 5.06] Demand: [5.215]
Reward for thread 3: [-32.35, -38.77, -35.79] -35.64  Inventory: [0.0, 0.0, 0.0]  Order: [10.5, 10.54, 10.58] Demand: [10.47]
Reward for thread 4: [-15.25, -22.22, -24.2] -20.56  Inventory: [26.0, 65.0, 53.0]  Order: [8.06, 8.14, 8.15] Demand: [8.18]
Reward for thread 5: [-22.71, -29.61, -31.05] -27.79  Inventory: [0.0, 8.0, 0.0]  Order: [8.34, 8.6, 8.51] Demand: [8.55]

 Algo happo Exp ippo_seed14_formal_v1 updates 253/3000 episodes, total num timesteps 254000/3000000, FPS 118.

Reward for thread 1: [-13.55, -21.29, -24.2] -19.68  Inventory: [5.0, 30.0, 24.0]  Order: [7.54, 7.45, 7.32] Demand: [7.735]
Reward for thread 2: [-16.7, -23.92, -26.89] -22.5  Inventory: [0.0, 20.0, 33.0]  Order: [4.34, 4.22, 4.14] Demand: [4.525]
Reward for thread 3: [-13.46, -21.72, -23.45] -19.54  Inventory: [1.0, 37.0, 36.0]  Order: [6.64, 6.57, 6.5] Demand: [6.845]
Reward for thread 4: [-20.98, -30.16, -30.61] -27.25  Inventory: [0.0, 22.0, 21.0]  Order: [8.43, 8.39, 8.45] Demand: [8.575]
Reward for thread 5: [-26.85, -22.29, -23.95] -24.36  Inventory: [0.0, 0.0, 0.0]  Order: [10.63, 10.74, 10.72] Demand: [10.755]

 Algo happo Exp ippo_seed14_formal_v1 updates 254/3000 episodes, total num timesteps 255000/3000000, FPS 118.

Reward for thread 1: [-20.02, -27.81, -26.72] -24.85  Inventory: [0.0, 16.0, 13.0]  Order: [8.88, 8.88, 8.79] Demand: [8.945]
Reward for thread 2: [-31.06, -35.96, -34.73] -33.92  Inventory: [0.0, 14.0, 19.0]  Order: [9.66, 9.78, 9.76] Demand: [10.025]
Reward for thread 3: [-11.11, -17.27, -20.42] -16.27  Inventory: [3.0, 11.0, 15.0]  Order: [5.8, 5.68, 5.54] Demand: [6.005]
Reward for thread 4: [-11.64, -20.61, -21.36] -17.87  Inventory: [0.0, 19.0, 18.0]  Order: [2.92, 2.8, 2.8] Demand: [3.105]
Reward for thread 5: [-20.5, -20.93, -24.47] -21.97  Inventory: [10.0, 3.0, 34.0]  Order: [11.02, 10.82, 10.74] Demand: [11.115]

Eval average reward:  -27.716666666666665  Eval ordering fluctuation measurement (downstream to upstream):  [0.8394149513385682, 1.1150961627022504, 1.2372630258940878]

 Algo happo Exp ippo_seed14_formal_v1 updates 255/3000 episodes, total num timesteps 256000/3000000, FPS 118.

Reward for thread 1: [-14.37, -21.02, -20.08] -18.49  Inventory: [0.0, 0.0, 0.0]  Order: [7.1, 7.2, 7.14] Demand: [7.175]
Reward for thread 2: [-16.43, -22.84, -24.86] -21.38  Inventory: [26.0, 36.0, 57.0]  Order: [7.0, 6.94, 6.97] Demand: [7.09]
Reward for thread 3: [-80.39, -39.6, -37.93] -52.64  Inventory: [0.0, 0.0, 0.0]  Order: [15.5, 15.64, 15.64] Demand: [16.645]
Reward for thread 4: [-10.12, -16.59, -18.69] -15.13  Inventory: [4.0, 34.0, 32.0]  Order: [5.98, 5.9, 5.82] Demand: [6.18]
Reward for thread 5: [-11.79, -21.66, -22.71] -18.72  Inventory: [1.0, 33.0, 29.0]  Order: [4.08, 4.0, 3.96] Demand: [4.255]

 Algo happo Exp ippo_seed14_formal_v1 updates 256/3000 episodes, total num timesteps 257000/3000000, FPS 118.

Reward for thread 1: [-15.77, -21.74, -23.66] -20.39  Inventory: [0.0, 0.0, 0.0]  Order: [10.48, 10.6, 10.58] Demand: [10.565]
Reward for thread 2: [-11.51, -18.75, -22.05] -17.44  Inventory: [13.0, 24.0, 27.0]  Order: [4.01, 4.14, 4.16] Demand: [3.925]
Reward for thread 3: [-10.99, -17.63, -20.55] -16.39  Inventory: [0.0, 0.0, 0.0]  Order: [4.3, 4.17, 4.07] Demand: [4.1]
Reward for thread 4: [-14.8, -23.18, -23.46] -20.48  Inventory: [7.0, 15.0, 4.0]  Order: [8.32, 8.33, 8.18] Demand: [8.39]
Reward for thread 5: [-12.64, -19.38, -23.35] -18.46  Inventory: [0.0, 0.0, 13.0]  Order: [5.12, 4.97, 4.97] Demand: [5.275]

 Algo happo Exp ippo_seed14_formal_v1 updates 257/3000 episodes, total num timesteps 258000/3000000, FPS 118.

Reward for thread 1: [-28.69, -32.74, -30.47] -30.63  Inventory: [56.0, 11.0, 25.0]  Order: [6.46, 6.29, 6.16] Demand: [6.425]
Reward for thread 2: [-17.47, -26.15, -26.6] -23.41  Inventory: [0.0, 0.0, 0.0]  Order: [7.72, 7.64, 7.52] Demand: [7.63]
Reward for thread 3: [-64.21, -28.68, -28.41] -40.43  Inventory: [0.0, 0.0, 0.0]  Order: [15.09, 15.04, 15.12] Demand: [15.685]
Reward for thread 4: [-23.24, -32.52, -31.13] -28.96  Inventory: [0.0, 0.0, 0.0]  Order: [10.04, 10.02, 9.96] Demand: [9.945]
Reward for thread 5: [-15.9, -21.88, -22.97] -20.25  Inventory: [0.0, 26.0, 26.0]  Order: [6.5, 6.38, 6.26] Demand: [6.72]

 Algo happo Exp ippo_seed14_formal_v1 updates 258/3000 episodes, total num timesteps 259000/3000000, FPS 118.

Reward for thread 1: [-14.25, -22.95, -22.99] -20.06  Inventory: [0.0, 0.0, 6.0]  Order: [4.44, 4.28, 4.21] Demand: [4.605]
Reward for thread 2: [-27.76, -36.92, -34.15] -32.94  Inventory: [4.0, 16.0, 27.0]  Order: [11.42, 11.36, 11.38] Demand: [11.56]
Reward for thread 3: [-18.98, -26.43, -28.79] -24.73  Inventory: [5.0, 7.0, 21.0]  Order: [5.76, 5.7, 5.69] Demand: [5.79]
Reward for thread 4: [-16.29, -27.21, -26.5] -23.33  Inventory: [2.0, 53.0, 44.0]  Order: [5.01, 5.12, 5.1] Demand: [5.165]
Reward for thread 5: [-16.84, -26.89, -27.87] -23.87  Inventory: [4.0, 30.0, 17.0]  Order: [3.38, 3.28, 3.12] Demand: [3.605]

 Algo happo Exp ippo_seed14_formal_v1 updates 259/3000 episodes, total num timesteps 260000/3000000, FPS 118.

Reward for thread 1: [-16.71, -25.39, -26.96] -23.02  Inventory: [11.0, 12.0, 39.0]  Order: [5.6, 5.48, 5.48] Demand: [5.785]
Reward for thread 2: [-19.69, -23.94, -23.86] -22.5  Inventory: [0.0, 19.0, 25.0]  Order: [8.39, 8.26, 8.13] Demand: [8.575]
Reward for thread 3: [-65.13, -34.32, -32.02] -43.82  Inventory: [0.0, 0.0, 6.0]  Order: [14.36, 14.28, 14.34] Demand: [14.41]
Reward for thread 4: [-15.99, -22.87, -24.39] -21.08  Inventory: [0.0, 31.0, 0.0]  Order: [8.33, 8.43, 8.47] Demand: [8.405]
Reward for thread 5: [-14.95, -22.01, -25.02] -20.66  Inventory: [9.0, 13.0, 0.0]  Order: [4.46, 4.39, 4.36] Demand: [4.58]

Eval average reward:  -25.914583333333336  Eval ordering fluctuation measurement (downstream to upstream):  [0.7960952686378938, 1.164518569652916, 1.2640140403623938]

 Algo happo Exp ippo_seed14_formal_v1 updates 260/3000 episodes, total num timesteps 261000/3000000, FPS 118.

Reward for thread 1: [-18.6, -27.06, -27.23] -24.3  Inventory: [19.0, 46.0, 32.0]  Order: [9.88, 9.99, 10.1] Demand: [9.865]
Reward for thread 2: [-14.89, -21.47, -23.01] -19.79  Inventory: [0.0, 0.0, 0.0]  Order: [8.57, 8.63, 8.52] Demand: [8.585]
Reward for thread 3: [-118.62, -56.62, -44.76] -73.33  Inventory: [0.0, 0.0, 0.0]  Order: [16.16, 15.83, 15.92] Demand: [16.67]
Reward for thread 4: [-12.69, -18.23, -22.46] -17.79  Inventory: [0.0, 0.0, 0.0]  Order: [6.84, 6.75, 6.69] Demand: [6.85]
Reward for thread 5: [-40.32, -38.15, -35.6] -38.02  Inventory: [0.0, 0.0, 0.0]  Order: [9.54, 9.54, 9.58] Demand: [10.04]

 Algo happo Exp ippo_seed14_formal_v1 updates 261/3000 episodes, total num timesteps 262000/3000000, FPS 118.

Reward for thread 1: [-23.5, -32.37, -34.0] -29.96  Inventory: [20.0, 24.0, 20.0]  Order: [9.9, 9.91, 9.84] Demand: [9.9]
Reward for thread 2: [-18.13, -22.37, -26.31] -22.27  Inventory: [0.0, 0.0, 0.0]  Order: [10.06, 10.22, 10.18] Demand: [10.145]
Reward for thread 3: [-10.96, -16.7, -18.8] -15.49  Inventory: [14.0, 21.0, 27.0]  Order: [8.85, 8.77, 8.7] Demand: [8.96]
Reward for thread 4: [-15.44, -23.54, -25.77] -21.58  Inventory: [1.0, 30.0, 0.0]  Order: [4.66, 4.57, 4.39] Demand: [4.86]
Reward for thread 5: [-49.55, -22.67, -21.62] -31.28  Inventory: [0.0, 3.0, 0.0]  Order: [15.97, 16.07, 16.13] Demand: [16.045]

 Algo happo Exp ippo_seed14_formal_v1 updates 262/3000 episodes, total num timesteps 263000/3000000, FPS 118.

Reward for thread 1: [-19.61, -22.54, -25.81] -22.65  Inventory: [52.0, 13.0, 56.0]  Order: [3.72, 3.54, 3.6] Demand: [3.705]
Reward for thread 2: [-22.24, -34.4, -31.73] -29.46  Inventory: [9.0, 43.0, 23.0]  Order: [3.38, 3.36, 3.24] Demand: [3.575]
Reward for thread 3: [-15.09, -21.08, -25.77] -20.65  Inventory: [27.0, 19.0, 25.0]  Order: [2.85, 2.7, 2.57] Demand: [2.93]
Reward for thread 4: [-13.47, -20.46, -22.35] -18.76  Inventory: [3.0, 22.0, 6.0]  Order: [4.1, 3.96, 3.84] Demand: [4.295]
Reward for thread 5: [-12.42, -19.35, -24.89] -18.89  Inventory: [9.0, 16.0, 16.0]  Order: [2.63, 2.47, 2.3] Demand: [2.815]

 Algo happo Exp ippo_seed14_formal_v1 updates 263/3000 episodes, total num timesteps 264000/3000000, FPS 118.

Reward for thread 1: [-38.79, -28.0, -28.76] -31.85  Inventory: [0.0, 22.0, 35.0]  Order: [14.62, 14.63, 14.76] Demand: [15.33]
Reward for thread 2: [-37.43, -24.76, -29.29] -30.49  Inventory: [0.0, 5.0, 0.0]  Order: [12.43, 12.65, 12.72] Demand: [12.96]
Reward for thread 3: [-15.92, -21.46, -24.92] -20.77  Inventory: [11.0, 9.0, 20.0]  Order: [8.23, 8.12, 8.04] Demand: [8.39]
Reward for thread 4: [-29.97, -20.89, -21.52] -24.13  Inventory: [0.0, 0.0, 5.0]  Order: [13.61, 13.64, 13.6] Demand: [13.645]
Reward for thread 5: [-16.91, -25.04, -27.04] -23.0  Inventory: [37.0, 13.0, 30.0]  Order: [2.03, 1.84, 1.74] Demand: [2.02]

 Algo happo Exp ippo_seed14_formal_v1 updates 264/3000 episodes, total num timesteps 265000/3000000, FPS 118.

Reward for thread 1: [-12.59, -21.46, -21.5] -18.52  Inventory: [2.0, 7.0, 21.0]  Order: [3.92, 3.84, 3.7] Demand: [4.095]
Reward for thread 2: [-26.49, -30.91, -29.86] -29.09  Inventory: [0.0, 0.0, 0.0]  Order: [10.36, 10.48, 10.47] Demand: [10.56]
Reward for thread 3: [-28.41, -26.84, -25.28] -26.84  Inventory: [0.0, 21.0, 22.0]  Order: [12.54, 12.65, 12.68] Demand: [13.2]
Reward for thread 4: [-51.31, -26.23, -24.29] -33.94  Inventory: [0.0, 0.0, 0.0]  Order: [14.09, 14.18, 14.24] Demand: [14.555]
Reward for thread 5: [-83.33, -34.95, -34.09] -50.79  Inventory: [0.0, 0.0, 3.0]  Order: [15.25, 15.23, 15.38] Demand: [16.015]

Eval average reward:  -27.559416666666667  Eval ordering fluctuation measurement (downstream to upstream):  [0.815243648018049, 1.1257203560850846, 1.2030482511586398]

 Algo happo Exp ippo_seed14_formal_v1 updates 265/3000 episodes, total num timesteps 266000/3000000, FPS 117.

Reward for thread 1: [-23.49, -32.01, -30.18] -28.56  Inventory: [0.0, 5.0, 3.0]  Order: [10.28, 10.33, 10.3] Demand: [10.335]
Reward for thread 2: [-10.7, -16.12, -18.71] -15.18  Inventory: [0.0, 0.0, 3.0]  Order: [6.34, 6.36, 6.3] Demand: [6.37]
Reward for thread 3: [-19.95, -29.02, -31.7] -26.89  Inventory: [36.0, 78.0, 50.0]  Order: [6.12, 6.28, 6.28] Demand: [6.135]
Reward for thread 4: [-16.18, -22.93, -25.37] -21.49  Inventory: [0.0, 0.0, 44.0]  Order: [10.14, 9.84, 9.8] Demand: [10.115]
Reward for thread 5: [-20.45, -29.0, -30.23] -26.56  Inventory: [0.0, 0.0, 0.0]  Order: [7.7, 7.59, 7.46] Demand: [7.515]

 Algo happo Exp ippo_seed14_formal_v1 updates 266/3000 episodes, total num timesteps 267000/3000000, FPS 117.

Reward for thread 1: [-14.83, -21.76, -25.93] -20.84  Inventory: [0.0, 0.0, 0.0]  Order: [5.43, 5.24, 5.18] Demand: [5.26]
Reward for thread 2: [-22.73, -27.55, -28.08] -26.12  Inventory: [0.0, 0.0, 0.0]  Order: [11.41, 11.48, 11.49] Demand: [11.2]
Reward for thread 3: [-15.78, -22.33, -24.23] -20.78  Inventory: [0.0, 30.0, 47.0]  Order: [7.67, 7.62, 7.6] Demand: [7.845]
Reward for thread 4: [-22.17, -22.08, -20.7] -21.65  Inventory: [0.0, 0.0, 0.0]  Order: [13.26, 13.15, 13.12] Demand: [13.245]
Reward for thread 5: [-15.02, -21.73, -24.56] -20.44  Inventory: [6.0, 32.0, 35.0]  Order: [6.88, 6.88, 6.84] Demand: [6.995]

 Algo happo Exp ippo_seed14_formal_v1 updates 267/3000 episodes, total num timesteps 268000/3000000, FPS 118.

Reward for thread 1: [-20.8, -28.9, -27.82] -25.84  Inventory: [8.0, 10.0, 20.0]  Order: [8.2, 8.23, 8.28] Demand: [8.175]
Reward for thread 2: [-29.17, -34.26, -34.33] -32.59  Inventory: [0.0, 0.0, 0.0]  Order: [9.51, 9.72, 9.68] Demand: [9.61]
Reward for thread 3: [-16.73, -24.17, -25.84] -22.25  Inventory: [1.0, 0.0, 0.0]  Order: [7.91, 7.9, 7.82] Demand: [7.835]
Reward for thread 4: [-32.75, -32.23, -27.24] -30.74  Inventory: [14.0, 23.0, 36.0]  Order: [11.18, 11.14, 11.23] Demand: [11.195]
Reward for thread 5: [-13.19, -19.58, -21.35] -18.04  Inventory: [0.0, 24.0, 56.0]  Order: [7.22, 7.1, 7.14] Demand: [7.4]

 Algo happo Exp ippo_seed14_formal_v1 updates 268/3000 episodes, total num timesteps 269000/3000000, FPS 118.

Reward for thread 1: [-58.26, -42.86, -30.97] -44.03  Inventory: [0.0, 0.0, 0.0]  Order: [14.2, 14.14, 14.1] Demand: [14.675]
Reward for thread 2: [-17.26, -24.97, -29.41] -23.88  Inventory: [0.0, 13.0, 0.0]  Order: [5.22, 5.12, 4.94] Demand: [5.36]
Reward for thread 3: [-16.67, -23.79, -27.61] -22.69  Inventory: [44.0, 69.0, 46.0]  Order: [6.2, 6.29, 6.32] Demand: [6.225]
Reward for thread 4: [-15.48, -18.36, -25.8] -19.88  Inventory: [35.0, 20.0, 38.0]  Order: [1.58, 1.44, 1.38] Demand: [1.655]
Reward for thread 5: [-24.87, -21.24, -21.17] -22.43  Inventory: [0.0, 6.0, 0.0]  Order: [11.08, 11.23, 11.21] Demand: [11.31]

 Algo happo Exp ippo_seed14_formal_v1 updates 269/3000 episodes, total num timesteps 270000/3000000, FPS 118.

Reward for thread 1: [-15.15, -20.74, -23.72] -19.87  Inventory: [5.0, 16.0, 0.0]  Order: [8.26, 8.28, 8.2] Demand: [8.325]
Reward for thread 2: [-26.68, -21.59, -22.75] -23.67  Inventory: [0.0, 0.0, 0.0]  Order: [9.68, 9.59, 9.4] Demand: [9.775]
Reward for thread 3: [-37.6, -28.9, -25.1] -30.53  Inventory: [0.0, 0.0, 0.0]  Order: [10.19, 10.07, 10.14] Demand: [10.885]
Reward for thread 4: [-20.59, -29.74, -30.77] -27.03  Inventory: [0.0, 0.0, 0.0]  Order: [6.88, 6.86, 6.82] Demand: [6.555]
Reward for thread 5: [-18.32, -23.73, -28.65] -23.57  Inventory: [0.0, 0.0, 0.0]  Order: [7.0, 7.02, 7.05] Demand: [6.97]

Eval average reward:  -24.417666666666666  Eval ordering fluctuation measurement (downstream to upstream):  [0.8128263291588993, 1.1260424232029265, 1.2525444095330953]

 Algo happo Exp ippo_seed14_formal_v1 updates 270/3000 episodes, total num timesteps 271000/3000000, FPS 117.

Reward for thread 1: [-31.98, -32.72, -29.67] -31.46  Inventory: [0.0, 20.0, 14.0]  Order: [11.92, 12.12, 12.2] Demand: [12.32]
Reward for thread 2: [-16.11, -22.35, -25.78] -21.41  Inventory: [7.0, 0.0, 27.0]  Order: [7.54, 7.38, 7.33] Demand: [7.695]
Reward for thread 3: [-9.78, -15.64, -19.45] -14.96  Inventory: [0.0, 38.0, 38.0]  Order: [3.28, 3.22, 3.16] Demand: [3.505]
Reward for thread 4: [-13.57, -19.93, -22.9] -18.8  Inventory: [9.0, 35.0, 43.0]  Order: [5.65, 5.58, 5.55] Demand: [5.74]
Reward for thread 5: [-14.38, -20.54, -24.1] -19.67  Inventory: [10.0, 27.0, 43.0]  Order: [4.16, 4.05, 4.01] Demand: [4.345]

 Algo happo Exp ippo_seed14_formal_v1 updates 271/3000 episodes, total num timesteps 272000/3000000, FPS 117.

Reward for thread 1: [-21.66, -17.69, -20.2] -19.85  Inventory: [0.0, 0.0, 0.0]  Order: [12.49, 12.56, 12.49] Demand: [12.685]
Reward for thread 2: [-10.57, -15.34, -17.14] -14.35  Inventory: [6.0, 27.0, 41.0]  Order: [5.21, 5.11, 5.07] Demand: [5.36]
Reward for thread 3: [-15.51, -21.24, -27.27] -21.34  Inventory: [3.0, 8.0, 24.0]  Order: [3.89, 3.7, 3.57] Demand: [4.06]
Reward for thread 4: [-34.39, -36.4, -27.9] -32.9  Inventory: [5.0, 4.0, 25.0]  Order: [12.97, 12.82, 12.7] Demand: [13.015]
Reward for thread 5: [-21.72, -33.01, -30.49] -28.41  Inventory: [0.0, 24.0, 39.0]  Order: [3.99, 3.88, 3.82] Demand: [4.2]

 Algo happo Exp ippo_seed14_formal_v1 updates 272/3000 episodes, total num timesteps 273000/3000000, FPS 118.

Reward for thread 1: [-26.08, -29.05, -27.47] -27.53  Inventory: [0.0, 0.0, 0.0]  Order: [10.1, 10.1, 10.04] Demand: [10.205]
Reward for thread 2: [-40.07, -29.75, -26.38] -32.07  Inventory: [0.0, 7.0, 0.0]  Order: [14.45, 14.64, 14.74] Demand: [14.615]
Reward for thread 3: [-10.14, -15.56, -19.38] -15.03  Inventory: [0.0, 34.0, 23.0]  Order: [3.1, 3.02, 2.89] Demand: [3.315]
Reward for thread 4: [-46.19, -25.94, -25.69] -32.61  Inventory: [0.0, 0.0, 0.0]  Order: [15.77, 15.92, 15.96] Demand: [16.54]
Reward for thread 5: [-16.86, -20.08, -22.14] -19.69  Inventory: [4.0, 4.0, 35.0]  Order: [10.26, 10.11, 10.07] Demand: [10.38]

 Algo happo Exp ippo_seed14_formal_v1 updates 273/3000 episodes, total num timesteps 274000/3000000, FPS 118.

Reward for thread 1: [-10.55, -16.46, -19.65] -15.55  Inventory: [0.0, 0.0, 0.0]  Order: [5.0, 4.86, 4.64] Demand: [5.16]
Reward for thread 2: [-11.36, -17.14, -19.72] -16.07  Inventory: [0.0, 0.0, 0.0]  Order: [5.0, 5.01, 4.9] Demand: [4.86]
Reward for thread 3: [-56.92, -41.96, -32.78] -43.89  Inventory: [0.0, 0.0, 0.0]  Order: [14.44, 14.21, 14.28] Demand: [14.61]
Reward for thread 4: [-14.15, -17.0, -20.78] -17.31  Inventory: [0.0, 9.0, 7.0]  Order: [8.61, 8.64, 8.57] Demand: [8.69]
Reward for thread 5: [-14.13, -20.33, -23.43] -19.3  Inventory: [0.0, 0.0, 9.0]  Order: [6.46, 6.44, 6.44] Demand: [6.56]

 Algo happo Exp ippo_seed14_formal_v1 updates 274/3000 episodes, total num timesteps 275000/3000000, FPS 118.

Reward for thread 1: [-15.64, -19.21, -23.12] -19.32  Inventory: [0.0, 0.0, 0.0]  Order: [8.41, 8.3, 8.09] Demand: [8.53]
Reward for thread 2: [-17.28, -22.77, -21.82] -20.62  Inventory: [8.0, 0.0, 11.0]  Order: [9.34, 9.2, 9.03] Demand: [9.385]
Reward for thread 3: [-10.16, -15.7, -17.67] -14.51  Inventory: [0.0, 0.0, 15.0]  Order: [4.27, 4.09, 3.94] Demand: [4.405]
Reward for thread 4: [-13.79, -17.75, -19.76] -17.1  Inventory: [21.0, 32.0, 36.0]  Order: [7.5, 7.42, 7.35] Demand: [7.62]
Reward for thread 5: [-32.7, -34.66, -34.42] -33.93  Inventory: [0.0, 20.0, 32.0]  Order: [7.58, 7.44, 7.36] Demand: [7.8]

Eval average reward:  -23.204333333333334  Eval ordering fluctuation measurement (downstream to upstream):  [0.816785764724709, 1.13971440098769, 1.2547094452899237]
A better model is saved!

 Algo happo Exp ippo_seed14_formal_v1 updates 275/3000 episodes, total num timesteps 276000/3000000, FPS 117.

Reward for thread 1: [-12.08, -19.34, -21.48] -17.63  Inventory: [9.0, 16.0, 32.0]  Order: [3.14, 3.04, 2.95] Demand: [3.325]
Reward for thread 2: [-13.45, -19.11, -23.09] -18.55  Inventory: [2.0, 2.0, 23.0]  Order: [5.62, 5.54, 5.5] Demand: [5.645]
Reward for thread 3: [-9.34, -15.92, -15.84] -13.7  Inventory: [0.0, 19.0, 18.0]  Order: [5.11, 4.97, 4.84] Demand: [5.29]
Reward for thread 4: [-11.46, -15.46, -18.84] -15.25  Inventory: [14.0, 9.0, 11.0]  Order: [4.49, 4.3, 4.11] Demand: [4.625]
Reward for thread 5: [-21.98, -24.98, -24.61] -23.86  Inventory: [0.0, 0.0, 0.0]  Order: [11.49, 11.43, 11.52] Demand: [11.63]

 Algo happo Exp ippo_seed14_formal_v1 updates 276/3000 episodes, total num timesteps 277000/3000000, FPS 117.

Reward for thread 1: [-23.16, -23.43, -24.68] -23.76  Inventory: [17.0, 48.0, 29.0]  Order: [10.09, 10.08, 10.12] Demand: [10.235]
Reward for thread 2: [-29.46, -31.46, -30.73] -30.55  Inventory: [0.0, 0.0, 0.0]  Order: [10.06, 10.27, 10.26] Demand: [10.015]
Reward for thread 3: [-12.28, -17.78, -18.44] -16.17  Inventory: [5.0, 6.0, 9.0]  Order: [1.9, 1.76, 1.66] Demand: [2.085]
Reward for thread 4: [-74.29, -52.85, -36.07] -54.4  Inventory: [0.0, 12.0, 21.0]  Order: [14.0, 14.06, 13.99] Demand: [14.125]
Reward for thread 5: [-11.72, -18.64, -20.36] -16.91  Inventory: [4.0, 15.0, 14.0]  Order: [3.74, 3.58, 3.4] Demand: [3.95]

 Algo happo Exp ippo_seed14_formal_v1 updates 277/3000 episodes, total num timesteps 278000/3000000, FPS 117.

Reward for thread 1: [-45.31, -39.14, -31.08] -38.51  Inventory: [0.0, 0.0, 0.0]  Order: [11.68, 11.22, 11.21] Demand: [12.155]
Reward for thread 2: [-11.73, -19.68, -22.97] -18.13  Inventory: [0.0, 24.0, 10.0]  Order: [2.97, 2.92, 2.82] Demand: [3.185]
Reward for thread 3: [-20.78, -28.35, -32.99] -27.37  Inventory: [34.0, 31.0, 40.0]  Order: [1.54, 1.45, 1.4] Demand: [1.62]
Reward for thread 4: [-22.58, -21.31, -19.46] -21.12  Inventory: [0.0, 0.0, 0.0]  Order: [12.68, 12.58, 12.6] Demand: [12.92]
Reward for thread 5: [-10.17, -16.8, -18.37] -15.11  Inventory: [10.0, 6.0, 0.0]  Order: [2.84, 2.85, 2.76] Demand: [2.985]

 Algo happo Exp ippo_seed14_formal_v1 updates 278/3000 episodes, total num timesteps 279000/3000000, FPS 118.

Reward for thread 1: [-69.32, -44.5, -35.2] -49.67  Inventory: [12.0, 13.0, 38.0]  Order: [13.34, 13.22, 13.19] Demand: [13.4]
Reward for thread 2: [-9.87, -13.68, -14.44] -12.66  Inventory: [0.0, 16.0, 8.0]  Order: [4.76, 4.69, 4.61] Demand: [4.92]
Reward for thread 3: [-17.36, -20.89, -21.14] -19.8  Inventory: [9.0, 5.0, 7.0]  Order: [5.64, 5.54, 5.42] Demand: [5.825]
Reward for thread 4: [-55.68, -39.23, -30.38] -41.76  Inventory: [0.0, 0.0, 3.0]  Order: [13.98, 13.75, 13.82] Demand: [14.765]
Reward for thread 5: [-17.06, -21.31, -22.82] -20.4  Inventory: [3.0, 22.0, 35.0]  Order: [9.54, 9.44, 9.38] Demand: [9.705]

 Algo happo Exp ippo_seed14_formal_v1 updates 279/3000 episodes, total num timesteps 280000/3000000, FPS 118.

Reward for thread 1: [-33.47, -26.36, -24.33] -28.05  Inventory: [0.0, 12.0, 19.0]  Order: [10.96, 10.86, 10.8] Demand: [11.195]
Reward for thread 2: [-15.18, -21.79, -23.49] -20.15  Inventory: [8.0, 82.0, 29.0]  Order: [7.01, 7.18, 7.08] Demand: [7.195]
Reward for thread 3: [-13.53, -21.95, -23.96] -19.81  Inventory: [2.0, 9.0, 41.0]  Order: [4.89, 4.7, 4.66] Demand: [5.04]
Reward for thread 4: [-11.37, -17.02, -20.89] -16.43  Inventory: [8.0, 38.0, 37.0]  Order: [4.88, 4.88, 4.84] Demand: [5.02]
Reward for thread 5: [-27.65, -21.14, -22.61] -23.8  Inventory: [0.0, 0.0, 0.0]  Order: [9.33, 9.4, 9.4] Demand: [9.975]

Eval average reward:  -37.80566666666667  Eval ordering fluctuation measurement (downstream to upstream):  [0.8863538016040591, 1.0633882710059201, 1.2527485288279943]

 Algo happo Exp ippo_seed14_formal_v1 updates 280/3000 episodes, total num timesteps 281000/3000000, FPS 117.

Reward for thread 1: [-16.51, -23.38, -23.37] -21.09  Inventory: [0.0, 0.0, 0.0]  Order: [8.56, 8.64, 8.64] Demand: [8.635]
Reward for thread 2: [-12.12, -16.68, -18.22] -15.67  Inventory: [2.0, 12.0, 20.0]  Order: [3.91, 3.74, 3.58] Demand: [4.105]
Reward for thread 3: [-25.53, -24.15, -22.93] -24.2  Inventory: [0.0, 0.0, 3.0]  Order: [11.48, 11.33, 11.4] Demand: [11.355]
Reward for thread 4: [-18.71, -21.55, -23.42] -21.23  Inventory: [6.0, 14.0, 44.0]  Order: [8.76, 8.62, 8.62] Demand: [8.935]
Reward for thread 5: [-9.91, -17.22, -20.28] -15.8  Inventory: [5.0, 18.0, 17.0]  Order: [3.23, 3.08, 2.92] Demand: [3.425]

 Algo happo Exp ippo_seed14_formal_v1 updates 281/3000 episodes, total num timesteps 282000/3000000, FPS 117.

Reward for thread 1: [-25.65, -28.73, -26.45] -26.94  Inventory: [0.0, 10.0, 15.0]  Order: [8.46, 8.33, 8.15] Demand: [8.67]
Reward for thread 2: [-18.86, -19.44, -18.53] -18.94  Inventory: [0.0, 0.0, 0.0]  Order: [12.51, 12.59, 12.6] Demand: [12.505]
Reward for thread 3: [-14.55, -21.02, -21.14] -18.9  Inventory: [0.0, 21.0, 0.0]  Order: [6.72, 6.8, 6.78] Demand: [6.805]
Reward for thread 4: [-12.01, -18.84, -21.6] -17.48  Inventory: [5.0, 34.0, 17.0]  Order: [2.36, 2.28, 2.12] Demand: [2.55]
Reward for thread 5: [-31.68, -31.2, -26.79] -29.89  Inventory: [0.0, 0.0, 0.0]  Order: [10.93, 11.0, 10.98] Demand: [10.94]

 Algo happo Exp ippo_seed14_formal_v1 updates 282/3000 episodes, total num timesteps 283000/3000000, FPS 117.

Reward for thread 1: [-11.74, -17.06, -18.16] -15.65  Inventory: [10.0, 14.0, 13.0]  Order: [5.4, 5.25, 5.07] Demand: [5.56]
Reward for thread 2: [-80.53, -58.41, -37.1] -58.68  Inventory: [0.0, 0.0, 0.0]  Order: [16.04, 15.12, 15.08] Demand: [15.725]
Reward for thread 3: [-12.94, -17.56, -20.66] -17.05  Inventory: [7.0, 0.0, 8.0]  Order: [5.54, 5.32, 5.3] Demand: [5.58]
Reward for thread 4: [-10.76, -16.33, -17.12] -14.74  Inventory: [12.0, 25.0, 22.0]  Order: [2.96, 2.85, 2.71] Demand: [3.14]
Reward for thread 5: [-11.14, -18.28, -19.3] -16.24  Inventory: [5.0, 34.0, 29.0]  Order: [3.93, 3.86, 3.76] Demand: [4.145]

 Algo happo Exp ippo_seed14_formal_v1 updates 283/3000 episodes, total num timesteps 284000/3000000, FPS 117.

Reward for thread 1: [-14.67, -19.19, -21.18] -18.35  Inventory: [0.0, 0.0, 11.0]  Order: [6.47, 6.28, 6.22] Demand: [6.63]
Reward for thread 2: [-29.65, -27.63, -30.41] -29.23  Inventory: [75.0, 16.0, 16.0]  Order: [1.74, 1.6, 1.44] Demand: [1.61]
Reward for thread 3: [-16.78, -23.51, -25.83] -22.04  Inventory: [36.0, 28.0, 31.0]  Order: [3.38, 3.28, 3.19] Demand: [3.455]
Reward for thread 4: [-51.57, -79.09, -36.89] -55.85  Inventory: [65.0, 14.0, 80.0]  Order: [12.18, 12.0, 12.18] Demand: [12.055]
Reward for thread 5: [-13.57, -22.52, -22.36] -19.48  Inventory: [0.0, 0.0, 0.0]  Order: [6.36, 6.15, 6.08] Demand: [6.22]

 Algo happo Exp ippo_seed14_formal_v1 updates 284/3000 episodes, total num timesteps 285000/3000000, FPS 117.

Reward for thread 1: [-15.03, -21.5, -22.23] -19.59  Inventory: [0.0, 19.0, 15.0]  Order: [5.8, 5.75, 5.66] Demand: [5.985]
Reward for thread 2: [-14.14, -21.55, -22.92] -19.54  Inventory: [5.0, 15.0, 14.0]  Order: [4.34, 4.19, 4.01] Demand: [4.535]
Reward for thread 3: [-16.54, -22.09, -22.15] -20.26  Inventory: [28.0, 30.0, 79.0]  Order: [8.61, 8.52, 8.68] Demand: [8.625]
Reward for thread 4: [-14.94, -17.32, -19.32] -17.19  Inventory: [0.0, 0.0, 6.0]  Order: [8.0, 7.96, 7.93] Demand: [8.265]
Reward for thread 5: [-11.7, -17.89, -19.53] -16.37  Inventory: [0.0, 21.0, 36.0]  Order: [5.58, 5.45, 5.38] Demand: [5.83]

Eval average reward:  -44.7995  Eval ordering fluctuation measurement (downstream to upstream):  [0.8781469815079126, 1.0607430585655289, 1.2555289837293233]

 Algo happo Exp ippo_seed14_formal_v1 updates 285/3000 episodes, total num timesteps 286000/3000000, FPS 117.

Reward for thread 1: [-15.0, -21.24, -21.19] -19.14  Inventory: [0.0, 44.0, 44.0]  Order: [6.38, 6.36, 6.33] Demand: [6.595]
Reward for thread 2: [-39.75, -39.72, -26.43] -35.3  Inventory: [0.0, 0.0, 22.0]  Order: [12.82, 12.34, 12.34] Demand: [13.435]
Reward for thread 3: [-15.61, -21.11, -21.59] -19.44  Inventory: [0.0, 15.0, 1.0]  Order: [8.24, 8.15, 7.92] Demand: [8.465]
Reward for thread 4: [-22.74, -26.27, -27.5] -25.5  Inventory: [40.0, 44.0, 53.0]  Order: [9.32, 9.3, 9.32] Demand: [9.34]
Reward for thread 5: [-55.9, -40.63, -28.51] -41.68  Inventory: [0.0, 0.0, 12.0]  Order: [14.37, 13.48, 13.38] Demand: [15.175]

 Algo happo Exp ippo_seed14_formal_v1 updates 286/3000 episodes, total num timesteps 287000/3000000, FPS 117.

Reward for thread 1: [-65.07, -30.09, -29.46] -41.54  Inventory: [0.0, 18.0, 28.0]  Order: [13.4, 13.28, 13.18] Demand: [14.51]
Reward for thread 2: [-11.99, -18.71, -20.26] -16.99  Inventory: [10.0, 1.0, 44.0]  Order: [5.2, 5.06, 5.06] Demand: [5.26]
Reward for thread 3: [-13.12, -17.81, -18.75] -16.56  Inventory: [0.0, 0.0, 0.0]  Order: [10.22, 10.31, 10.34] Demand: [10.34]
Reward for thread 4: [-48.69, -35.01, -28.69] -37.46  Inventory: [0.0, 25.0, 54.0]  Order: [10.84, 10.74, 10.77] Demand: [12.13]
Reward for thread 5: [-12.71, -17.44, -18.53] -16.23  Inventory: [0.0, 0.0, 0.0]  Order: [8.23, 8.2, 8.15] Demand: [8.21]

 Algo happo Exp ippo_seed14_formal_v1 updates 287/3000 episodes, total num timesteps 288000/3000000, FPS 117.

Reward for thread 1: [-12.56, -18.05, -20.1] -16.9  Inventory: [20.0, 20.0, 16.0]  Order: [4.02, 3.89, 3.73] Demand: [4.165]
Reward for thread 2: [-94.0, -46.24, -39.05] -59.76  Inventory: [0.0, 0.0, 0.0]  Order: [12.2, 12.18, 12.24] Demand: [14.79]
Reward for thread 3: [-13.16, -20.7, -22.75] -18.87  Inventory: [0.0, 29.0, 11.0]  Order: [2.98, 2.92, 2.84] Demand: [3.2]
Reward for thread 4: [-14.02, -21.28, -24.9] -20.07  Inventory: [0.0, 8.0, 12.0]  Order: [3.8, 3.68, 3.58] Demand: [3.97]
Reward for thread 5: [-199.07, -80.07, -66.52] -115.22  Inventory: [0.0, 24.0, 0.0]  Order: [12.2, 12.28, 12.28] Demand: [15.775]

 Algo happo Exp ippo_seed14_formal_v1 updates 288/3000 episodes, total num timesteps 289000/3000000, FPS 117.

Reward for thread 1: [-17.74, -24.66, -24.76] -22.39  Inventory: [0.0, 0.0, 0.0]  Order: [7.42, 7.51, 7.6] Demand: [7.48]
Reward for thread 2: [-13.27, -19.67, -23.99] -18.98  Inventory: [0.0, 0.0, 3.0]  Order: [6.1, 5.98, 5.75] Demand: [6.305]
Reward for thread 3: [-17.62, -21.0, -21.07] -19.9  Inventory: [8.0, 30.0, 33.0]  Order: [10.42, 10.42, 10.4] Demand: [10.43]
Reward for thread 4: [-146.58, -125.35, -64.04] -111.99  Inventory: [0.0, 0.0, 12.0]  Order: [14.29, 13.24, 13.16] Demand: [14.83]
Reward for thread 5: [-15.83, -17.99, -20.63] -18.15  Inventory: [0.0, 24.0, 0.0]  Order: [9.94, 10.11, 10.11] Demand: [10.01]

 Algo happo Exp ippo_seed14_formal_v1 updates 289/3000 episodes, total num timesteps 290000/3000000, FPS 117.

Reward for thread 1: [-21.0, -22.17, -22.91] -22.03  Inventory: [9.0, 16.0, 37.0]  Order: [8.12, 7.97, 7.92] Demand: [8.32]
Reward for thread 2: [-15.39, -19.83, -22.66] -19.29  Inventory: [7.0, 8.0, 16.0]  Order: [6.73, 6.54, 6.4] Demand: [6.92]
Reward for thread 3: [-36.1, -24.56, -22.85] -27.84  Inventory: [0.0, 0.0, 5.0]  Order: [12.98, 12.85, 12.83] Demand: [14.005]
Reward for thread 4: [-12.15, -16.36, -18.84] -15.78  Inventory: [0.0, 33.0, 26.0]  Order: [8.6, 8.56, 8.44] Demand: [8.75]
Reward for thread 5: [-160.21, -64.11, -55.43] -93.25  Inventory: [0.0, 0.0, 5.0]  Order: [12.54, 12.46, 12.46] Demand: [15.6]

Eval average reward:  -29.157333333333334  Eval ordering fluctuation measurement (downstream to upstream):  [0.8155761316360088, 1.0664401342444942, 1.2119496675918877]

 Algo happo Exp ippo_seed14_formal_v1 updates 290/3000 episodes, total num timesteps 291000/3000000, FPS 117.

Reward for thread 1: [-36.28, -25.04, -24.58] -28.63  Inventory: [0.0, 0.0, 0.0]  Order: [13.27, 13.22, 13.1] Demand: [13.345]
Reward for thread 2: [-17.64, -26.51, -23.96] -22.7  Inventory: [8.0, 28.0, 18.0]  Order: [6.76, 6.66, 6.56] Demand: [6.92]
Reward for thread 3: [-12.16, -20.26, -20.03] -17.48  Inventory: [8.0, 72.0, 55.0]  Order: [4.97, 5.08, 5.12] Demand: [5.11]
Reward for thread 4: [-15.86, -28.08, -28.13] -24.02  Inventory: [5.0, 25.0, 44.0]  Order: [4.2, 4.08, 4.06] Demand: [4.41]
Reward for thread 5: [-15.34, -27.53, -23.75] -22.21  Inventory: [20.0, 42.0, 25.0]  Order: [3.98, 3.96, 3.85] Demand: [4.125]

 Algo happo Exp ippo_seed14_formal_v1 updates 291/3000 episodes, total num timesteps 292000/3000000, FPS 117.

Reward for thread 1: [-15.93, -27.09, -27.25] -23.42  Inventory: [0.0, 42.0, 51.0]  Order: [4.14, 4.12, 4.13] Demand: [4.35]
Reward for thread 2: [-62.21, -105.75, -45.78] -71.25  Inventory: [27.0, 0.0, 0.0]  Order: [13.09, 12.22, 12.2] Demand: [11.91]
Reward for thread 3: [-15.97, -26.28, -22.97] -21.74  Inventory: [24.0, 45.0, 29.0]  Order: [2.88, 2.87, 2.78] Demand: [2.995]
Reward for thread 4: [-37.33, -39.3, -29.62] -35.42  Inventory: [0.0, 0.0, 0.0]  Order: [12.14, 12.19, 12.01] Demand: [12.1]
Reward for thread 5: [-25.63, -28.27, -26.47] -26.79  Inventory: [0.0, 0.0, 0.0]  Order: [10.4, 10.58, 10.58] Demand: [10.815]

 Algo happo Exp ippo_seed14_formal_v1 updates 292/3000 episodes, total num timesteps 293000/3000000, FPS 117.

Reward for thread 1: [-36.17, -33.26, -28.93] -32.79  Inventory: [0.0, 0.0, 0.0]  Order: [9.28, 8.96, 8.99] Demand: [9.525]
Reward for thread 2: [-16.73, -21.94, -21.75] -20.14  Inventory: [3.0, 23.0, 41.0]  Order: [8.25, 8.14, 8.11] Demand: [8.375]
Reward for thread 3: [-23.2, -24.71, -24.62] -24.18  Inventory: [10.0, 32.0, 39.0]  Order: [11.26, 11.17, 11.12] Demand: [11.42]
Reward for thread 4: [-10.41, -17.88, -17.56] -15.28  Inventory: [0.0, 5.0, 11.0]  Order: [6.24, 6.14, 6.07] Demand: [6.375]
Reward for thread 5: [-41.48, -26.63, -26.46] -31.52  Inventory: [0.0, 36.0, 15.0]  Order: [11.24, 11.4, 11.46] Demand: [11.365]

 Algo happo Exp ippo_seed14_formal_v1 updates 293/3000 episodes, total num timesteps 294000/3000000, FPS 117.

Reward for thread 1: [-23.83, -22.44, -22.01] -22.76  Inventory: [0.0, 0.0, 0.0]  Order: [11.12, 11.2, 11.22] Demand: [11.58]
Reward for thread 2: [-10.68, -17.05, -17.35] -15.03  Inventory: [0.0, 18.0, 7.0]  Order: [3.8, 3.95, 3.9] Demand: [3.99]
Reward for thread 3: [-16.78, -28.36, -27.47] -24.2  Inventory: [0.0, 30.0, 27.0]  Order: [5.48, 5.44, 5.32] Demand: [5.63]
Reward for thread 4: [-15.03, -18.66, -21.04] -18.24  Inventory: [0.0, 0.0, 10.0]  Order: [10.15, 10.02, 10.14] Demand: [10.18]
Reward for thread 5: [-12.6, -22.88, -20.83] -18.77  Inventory: [3.0, 48.0, 6.0]  Order: [3.39, 3.41, 3.2] Demand: [3.595]

 Algo happo Exp ippo_seed14_formal_v1 updates 294/3000 episodes, total num timesteps 295000/3000000, FPS 117.

Reward for thread 1: [-12.96, -20.28, -20.98] -18.07  Inventory: [5.0, 0.0, 0.0]  Order: [7.52, 7.54, 7.48] Demand: [7.395]
Reward for thread 2: [-48.84, -43.65, -33.5] -42.0  Inventory: [3.0, 44.0, 53.0]  Order: [9.8, 9.78, 9.8] Demand: [10.005]
Reward for thread 3: [-13.08, -21.65, -25.09] -19.94  Inventory: [0.0, 2.0, 0.0]  Order: [4.08, 4.14, 4.14] Demand: [4.235]
Reward for thread 4: [-57.31, -59.3, -34.98] -50.53  Inventory: [0.0, 0.0, 10.0]  Order: [14.22, 13.88, 13.92] Demand: [13.965]
Reward for thread 5: [-12.03, -17.24, -19.47] -16.25  Inventory: [0.0, 0.0, 11.0]  Order: [7.51, 7.46, 7.47] Demand: [7.535]

Eval average reward:  -42.429583333333326  Eval ordering fluctuation measurement (downstream to upstream):  [0.8121967511308845, 1.0204935585979729, 1.2180478708319327]

 Algo happo Exp ippo_seed14_formal_v1 updates 295/3000 episodes, total num timesteps 296000/3000000, FPS 117.

Reward for thread 1: [-12.66, -17.92, -20.13] -16.9  Inventory: [0.0, 0.0, 0.0]  Order: [6.86, 6.78, 6.55] Demand: [6.885]
Reward for thread 2: [-9.66, -16.65, -16.91] -14.41  Inventory: [9.0, 19.0, 31.0]  Order: [4.04, 3.88, 3.79] Demand: [4.215]
Reward for thread 3: [-11.3, -18.04, -20.36] -16.57  Inventory: [2.0, 31.0, 18.0]  Order: [5.14, 5.07, 5.01] Demand: [5.29]
Reward for thread 4: [-15.83, -20.51, -19.8] -18.71  Inventory: [0.0, 0.0, 0.0]  Order: [9.16, 9.2, 9.16] Demand: [9.22]
Reward for thread 5: [-12.98, -19.68, -19.84] -17.5  Inventory: [0.0, 0.0, 0.0]  Order: [6.63, 6.57, 6.46] Demand: [6.6]

 Algo happo Exp ippo_seed14_formal_v1 updates 296/3000 episodes, total num timesteps 297000/3000000, FPS 117.

Reward for thread 1: [-27.69, -22.04, -22.2] -23.98  Inventory: [0.0, 0.0, 0.0]  Order: [12.06, 12.2, 12.24] Demand: [12.495]
Reward for thread 2: [-16.03, -20.73, -19.51] -18.76  Inventory: [0.0, 0.0, 0.0]  Order: [8.73, 8.74, 8.76] Demand: [8.605]
Reward for thread 3: [-49.33, -35.95, -31.15] -38.81  Inventory: [0.0, 0.0, 0.0]  Order: [13.76, 13.48, 13.43] Demand: [13.975]
Reward for thread 4: [-15.31, -26.44, -25.89] -22.55  Inventory: [0.0, 37.0, 33.0]  Order: [5.16, 5.1, 5.01] Demand: [5.33]
Reward for thread 5: [-41.95, -36.06, -28.91] -35.64  Inventory: [0.0, 0.0, 0.0]  Order: [13.59, 13.56, 13.6] Demand: [14.035]

 Algo happo Exp ippo_seed14_formal_v1 updates 297/3000 episodes, total num timesteps 298000/3000000, FPS 117.

Reward for thread 1: [-22.18, -28.21, -23.16] -24.52  Inventory: [0.0, 26.0, 14.0]  Order: [9.06, 9.04, 8.99] Demand: [9.22]
Reward for thread 2: [-10.79, -19.25, -17.65] -15.9  Inventory: [10.0, 27.0, 43.0]  Order: [4.3, 4.19, 4.16] Demand: [4.46]
Reward for thread 3: [-16.76, -24.24, -25.08] -22.03  Inventory: [0.0, 0.0, 0.0]  Order: [8.71, 8.67, 8.65] Demand: [8.625]
Reward for thread 4: [-14.34, -23.66, -20.66] -19.55  Inventory: [26.0, 53.0, 17.0]  Order: [3.4, 3.43, 3.28] Demand: [3.505]
Reward for thread 5: [-25.76, -30.9, -25.4] -27.35  Inventory: [8.0, 32.0, 19.0]  Order: [11.24, 11.31, 11.38] Demand: [11.245]

 Algo happo Exp ippo_seed14_formal_v1 updates 298/3000 episodes, total num timesteps 299000/3000000, FPS 117.

Reward for thread 1: [-15.97, -18.48, -20.12] -18.19  Inventory: [0.0, 15.0, 22.0]  Order: [9.8, 9.8, 9.69] Demand: [9.83]
Reward for thread 2: [-15.77, -19.21, -19.43] -18.14  Inventory: [9.0, 3.0, 0.0]  Order: [11.04, 11.24, 11.26] Demand: [11.005]
Reward for thread 3: [-13.5, -21.28, -21.61] -18.8  Inventory: [0.0, 13.0, 29.0]  Order: [6.13, 6.0, 5.9] Demand: [6.27]
Reward for thread 4: [-83.81, -44.47, -39.64] -55.97  Inventory: [0.0, 0.0, 0.0]  Order: [12.35, 12.22, 12.24] Demand: [13.955]
Reward for thread 5: [-14.41, -20.26, -22.62] -19.1  Inventory: [0.0, 0.0, 0.0]  Order: [7.67, 7.64, 7.62] Demand: [7.66]

 Algo happo Exp ippo_seed14_formal_v1 updates 299/3000 episodes, total num timesteps 300000/3000000, FPS 118.

Reward for thread 1: [-26.49, -34.21, -28.3] -29.67  Inventory: [0.0, 0.0, 0.0]  Order: [10.12, 10.03, 10.04] Demand: [10.19]
Reward for thread 2: [-12.57, -21.06, -20.02] -17.88  Inventory: [1.0, 29.0, 11.0]  Order: [6.82, 6.76, 6.66] Demand: [7.01]
Reward for thread 3: [-65.05, -44.44, -34.73] -48.07  Inventory: [0.0, 4.0, 38.0]  Order: [13.86, 13.86, 13.88] Demand: [13.865]
Reward for thread 4: [-23.2, -32.55, -20.38] -25.38  Inventory: [58.0, 66.0, 12.0]  Order: [2.44, 2.53, 2.35] Demand: [2.395]
Reward for thread 5: [-17.13, -23.54, -22.71] -21.13  Inventory: [12.0, 33.0, 26.0]  Order: [6.3, 6.26, 6.16] Demand: [6.45]

Eval average reward:  -31.509583333333335  Eval ordering fluctuation measurement (downstream to upstream):  [0.8884336746699452, 0.9972563188813022, 1.0787519163620514]

 Algo happo Exp ippo_seed14_formal_v1 updates 300/3000 episodes, total num timesteps 301000/3000000, FPS 117.

Reward for thread 1: [-23.17, -25.98, -22.2] -23.78  Inventory: [0.0, 0.0, 3.0]  Order: [7.15, 7.1, 7.06] Demand: [7.235]
Reward for thread 2: [-14.47, -20.5, -21.62] -18.86  Inventory: [16.0, 26.0, 22.0]  Order: [5.64, 5.53, 5.4] Demand: [5.805]
Reward for thread 3: [-22.7, -26.92, -22.41] -24.01  Inventory: [0.0, 2.0, 48.0]  Order: [10.01, 9.78, 9.78] Demand: [10.1]
Reward for thread 4: [-13.56, -22.22, -20.43] -18.74  Inventory: [21.0, 28.0, 25.0]  Order: [4.24, 4.21, 4.1] Demand: [4.39]
Reward for thread 5: [-13.31, -19.88, -20.79] -17.99  Inventory: [8.0, 17.0, 16.0]  Order: [5.12, 4.97, 4.81] Demand: [5.29]

 Algo happo Exp ippo_seed14_formal_v1 updates 301/3000 episodes, total num timesteps 302000/3000000, FPS 117.

Reward for thread 1: [-15.57, -16.84, -17.25] -16.55  Inventory: [3.0, 24.0, 36.0]  Order: [8.33, 8.22, 8.18] Demand: [8.485]
Reward for thread 2: [-13.51, -24.96, -22.53] -20.33  Inventory: [5.0, 30.0, 31.0]  Order: [3.71, 3.61, 3.52] Demand: [3.905]
Reward for thread 3: [-12.85, -21.6, -22.96] -19.14  Inventory: [7.0, 37.0, 26.0]  Order: [3.48, 3.47, 3.38] Demand: [3.69]
Reward for thread 4: [-17.12, -22.66, -21.37] -20.38  Inventory: [3.0, 0.0, 0.0]  Order: [9.37, 9.33, 9.38] Demand: [9.25]
Reward for thread 5: [-15.42, -30.56, -24.87] -23.62  Inventory: [0.0, 24.0, 16.0]  Order: [4.58, 4.54, 4.38] Demand: [4.765]

 Algo happo Exp ippo_seed14_formal_v1 updates 302/3000 episodes, total num timesteps 303000/3000000, FPS 117.

Reward for thread 1: [-12.08, -19.1, -21.02] -17.4  Inventory: [1.0, 26.0, 11.0]  Order: [3.9, 3.94, 3.76] Demand: [4.035]
Reward for thread 2: [-46.81, -45.57, -31.24] -41.21  Inventory: [0.0, 0.0, 0.0]  Order: [13.44, 12.66, 12.66] Demand: [13.33]
Reward for thread 3: [-27.96, -22.69, -22.89] -24.51  Inventory: [0.0, 0.0, 0.0]  Order: [12.9, 12.96, 13.04] Demand: [13.17]
Reward for thread 4: [-17.18, -21.6, -21.32] -20.03  Inventory: [0.0, 0.0, 0.0]  Order: [9.18, 9.2, 9.2] Demand: [9.455]
Reward for thread 5: [-39.4, -27.39, -25.57] -30.79  Inventory: [5.0, 29.0, 10.0]  Order: [15.31, 15.39, 15.38] Demand: [15.395]

 Algo happo Exp ippo_seed14_formal_v1 updates 303/3000 episodes, total num timesteps 304000/3000000, FPS 117.

Reward for thread 1: [-53.18, -31.84, -32.7] -39.24  Inventory: [0.0, 3.0, 2.0]  Order: [9.52, 9.42, 9.22] Demand: [9.645]
Reward for thread 2: [-13.1, -20.65, -22.47] -18.74  Inventory: [9.0, 29.0, 13.0]  Order: [4.44, 4.39, 4.28] Demand: [4.635]
Reward for thread 3: [-38.3, -34.4, -28.93] -33.88  Inventory: [0.0, 17.0, 38.0]  Order: [12.0, 11.97, 11.92] Demand: [12.145]
Reward for thread 4: [-19.8, -25.85, -23.19] -22.95  Inventory: [10.0, 31.0, 0.0]  Order: [7.89, 7.92, 7.84] Demand: [8.06]
Reward for thread 5: [-11.26, -17.01, -18.45] -15.57  Inventory: [13.0, 29.0, 29.0]  Order: [4.03, 3.94, 3.84] Demand: [4.21]

 Algo happo Exp ippo_seed14_formal_v1 updates 304/3000 episodes, total num timesteps 305000/3000000, FPS 118.

Reward for thread 1: [-187.23, -77.78, -64.83] -109.95  Inventory: [0.0, 0.0, 0.0]  Order: [13.9, 13.88, 13.84] Demand: [15.91]
Reward for thread 2: [-14.02, -23.04, -23.31] -20.12  Inventory: [12.0, 26.0, 3.0]  Order: [4.1, 4.05, 4.0] Demand: [4.21]
Reward for thread 3: [-15.04, -22.2, -24.43] -20.56  Inventory: [9.0, 15.0, 29.0]  Order: [5.8, 5.68, 5.58] Demand: [5.98]
Reward for thread 4: [-13.44, -22.18, -22.96] -19.53  Inventory: [3.0, 9.0, 17.0]  Order: [4.38, 4.28, 4.14] Demand: [4.565]
Reward for thread 5: [-17.48, -21.21, -22.39] -20.36  Inventory: [0.0, 15.0, 11.0]  Order: [11.0, 11.0, 11.0] Demand: [11.11]

Eval average reward:  -27.250083333333336  Eval ordering fluctuation measurement (downstream to upstream):  [0.8022992424828248, 1.038875064715676, 1.0652210614064619]

 Algo happo Exp ippo_seed14_formal_v1 updates 305/3000 episodes, total num timesteps 306000/3000000, FPS 117.

Reward for thread 1: [-84.12, -49.39, -42.02] -58.51  Inventory: [0.0, 0.0, 12.0]  Order: [13.48, 13.06, 13.24] Demand: [14.61]
Reward for thread 2: [-15.93, -19.02, -21.27] -18.74  Inventory: [7.0, 33.0, 22.0]  Order: [8.69, 8.67, 8.62] Demand: [8.865]
Reward for thread 3: [-33.26, -28.09, -29.19] -30.18  Inventory: [0.0, 0.0, 0.0]  Order: [12.86, 12.92, 12.86] Demand: [13.065]
Reward for thread 4: [-13.13, -19.23, -18.65] -17.0  Inventory: [0.0, 0.0, 0.0]  Order: [5.96, 6.18, 6.14] Demand: [6.205]
Reward for thread 5: [-94.41, -48.74, -41.17] -61.44  Inventory: [0.0, 0.0, 0.0]  Order: [14.02, 14.01, 14.02] Demand: [16.62]

 Algo happo Exp ippo_seed14_formal_v1 updates 306/3000 episodes, total num timesteps 307000/3000000, FPS 117.

Reward for thread 1: [-27.85, -21.48, -22.17] -23.83  Inventory: [5.0, 23.0, 14.0]  Order: [11.28, 11.28, 11.16] Demand: [11.405]
Reward for thread 2: [-11.38, -17.9, -18.7] -15.99  Inventory: [19.0, 15.0, 27.0]  Order: [5.76, 5.6, 5.48] Demand: [5.855]
Reward for thread 3: [-20.45, -23.88, -24.46] -22.93  Inventory: [0.0, 16.0, 13.0]  Order: [10.39, 10.4, 10.42] Demand: [10.51]
Reward for thread 4: [-50.65, -26.5, -25.95] -34.37  Inventory: [0.0, 15.0, 7.0]  Order: [16.08, 16.16, 16.08] Demand: [16.205]
Reward for thread 5: [-23.34, -23.47, -26.09] -24.3  Inventory: [9.0, 30.0, 0.0]  Order: [9.14, 9.12, 9.04] Demand: [9.305]

 Algo happo Exp ippo_seed14_formal_v1 updates 307/3000 episodes, total num timesteps 308000/3000000, FPS 117.

Reward for thread 1: [-107.22, -80.62, -48.34] -78.73  Inventory: [55.0, 19.0, 77.0]  Order: [14.36, 14.22, 14.36] Demand: [14.295]
Reward for thread 2: [-19.68, -28.74, -25.31] -24.58  Inventory: [0.0, 0.0, 0.0]  Order: [9.07, 9.06, 9.14] Demand: [9.09]
Reward for thread 3: [-39.52, -26.97, -25.66] -30.72  Inventory: [0.0, 0.0, 15.0]  Order: [14.77, 14.67, 14.65] Demand: [15.545]
Reward for thread 4: [-15.29, -24.64, -23.98] -21.3  Inventory: [4.0, 24.0, 0.0]  Order: [6.21, 6.34, 6.21] Demand: [6.245]
Reward for thread 5: [-11.81, -18.86, -19.75] -16.81  Inventory: [0.0, 25.0, 43.0]  Order: [5.94, 5.83, 5.8] Demand: [6.075]

 Algo happo Exp ippo_seed14_formal_v1 updates 308/3000 episodes, total num timesteps 309000/3000000, FPS 117.

Reward for thread 1: [-12.77, -19.01, -20.83] -17.54  Inventory: [8.0, 31.0, 37.0]  Order: [7.28, 7.24, 7.18] Demand: [7.425]
Reward for thread 2: [-46.65, -34.06, -34.13] -38.28  Inventory: [0.0, 0.0, 3.0]  Order: [13.17, 13.13, 13.14] Demand: [14.055]
Reward for thread 3: [-17.36, -20.38, -19.42] -19.05  Inventory: [0.0, 32.0, 27.0]  Order: [11.26, 11.32, 11.38] Demand: [11.28]
Reward for thread 4: [-20.32, -20.58, -20.19] -20.36  Inventory: [13.0, 36.0, 13.0]  Order: [10.32, 10.58, 10.58] Demand: [10.41]
Reward for thread 5: [-33.19, -32.87, -30.91] -32.32  Inventory: [0.0, 0.0, 0.0]  Order: [11.5, 11.46, 11.44] Demand: [11.92]

 Algo happo Exp ippo_seed14_formal_v1 updates 309/3000 episodes, total num timesteps 310000/3000000, FPS 117.

Reward for thread 1: [-34.83, -30.8, -29.76] -31.8  Inventory: [0.0, 0.0, 0.0]  Order: [9.36, 9.24, 9.28] Demand: [10.195]
Reward for thread 2: [-21.84, -30.38, -29.94] -27.39  Inventory: [0.0, 0.0, 0.0]  Order: [7.28, 7.4, 7.37] Demand: [7.22]
Reward for thread 3: [-12.56, -19.3, -18.96] -16.94  Inventory: [0.0, 50.0, 36.0]  Order: [6.6, 6.64, 6.64] Demand: [6.74]
Reward for thread 4: [-62.37, -35.44, -31.18] -43.0  Inventory: [0.0, 2.0, 58.0]  Order: [13.42, 13.28, 13.39] Demand: [14.495]
Reward for thread 5: [-13.1, -21.07, -19.97] -18.05  Inventory: [0.0, 6.0, 12.0]  Order: [2.4, 2.22, 2.06] Demand: [2.58]

Eval average reward:  -26.361666666666668  Eval ordering fluctuation measurement (downstream to upstream):  [0.8028090915636168, 1.0595735920870275, 1.219810369566312]

 Algo happo Exp ippo_seed14_formal_v1 updates 310/3000 episodes, total num timesteps 311000/3000000, FPS 117.

Reward for thread 1: [-12.35, -20.14, -21.21] -17.9  Inventory: [0.0, 0.0, 23.0]  Order: [5.44, 5.3, 5.24] Demand: [5.57]
Reward for thread 2: [-19.68, -27.25, -27.97] -24.97  Inventory: [32.0, 24.0, 47.0]  Order: [3.58, 3.47, 3.46] Demand: [3.67]
Reward for thread 3: [-15.27, -19.01, -20.07] -18.12  Inventory: [7.0, 24.0, 20.0]  Order: [6.18, 6.08, 5.94] Demand: [6.365]
Reward for thread 4: [-46.91, -30.53, -31.18] -36.21  Inventory: [0.0, 0.0, 17.0]  Order: [12.64, 12.4, 12.26] Demand: [12.995]
Reward for thread 5: [-13.31, -19.12, -22.91] -18.45  Inventory: [2.0, 7.0, 0.0]  Order: [5.48, 5.32, 5.12] Demand: [5.64]

 Algo happo Exp ippo_seed14_formal_v1 updates 311/3000 episodes, total num timesteps 312000/3000000, FPS 117.

Reward for thread 1: [-106.22, -49.69, -43.51] -66.47  Inventory: [0.0, 0.0, 0.0]  Order: [14.86, 14.9, 14.96] Demand: [16.765]
Reward for thread 2: [-42.71, -32.32, -30.74] -35.26  Inventory: [0.0, 0.0, 0.0]  Order: [10.62, 10.44, 10.24] Demand: [10.74]
Reward for thread 3: [-85.17, -54.83, -44.96] -61.65  Inventory: [0.0, 0.0, 0.0]  Order: [14.3, 14.14, 14.08] Demand: [15.055]
Reward for thread 4: [-13.28, -21.51, -23.91] -19.57  Inventory: [25.0, 49.0, 37.0]  Order: [5.18, 5.38, 5.36] Demand: [5.195]
Reward for thread 5: [-34.08, -23.86, -22.9] -26.95  Inventory: [0.0, 2.0, 63.0]  Order: [12.44, 12.34, 12.42] Demand: [13.47]

 Algo happo Exp ippo_seed14_formal_v1 updates 312/3000 episodes, total num timesteps 313000/3000000, FPS 117.

Reward for thread 1: [-29.99, -24.27, -22.17] -25.48  Inventory: [0.0, 0.0, 0.0]  Order: [12.46, 12.5, 12.44] Demand: [13.015]
Reward for thread 2: [-53.59, -39.03, -29.86] -40.83  Inventory: [0.0, 0.0, 0.0]  Order: [14.28, 14.22, 14.27] Demand: [14.95]
Reward for thread 3: [-13.9, -21.93, -22.13] -19.32  Inventory: [1.0, 23.0, 32.0]  Order: [3.74, 3.62, 3.55] Demand: [3.91]
Reward for thread 4: [-18.15, -21.52, -21.21] -20.29  Inventory: [2.0, 7.0, 29.0]  Order: [9.98, 9.88, 9.78] Demand: [10.1]
Reward for thread 5: [-34.54, -22.84, -23.57] -26.98  Inventory: [0.0, 0.0, 12.0]  Order: [10.91, 10.98, 11.04] Demand: [11.6]

 Algo happo Exp ippo_seed14_formal_v1 updates 313/3000 episodes, total num timesteps 314000/3000000, FPS 117.

Reward for thread 1: [-12.19, -17.51, -23.23] -17.64  Inventory: [3.0, 6.0, 14.0]  Order: [4.37, 4.26, 4.24] Demand: [4.51]
Reward for thread 2: [-10.95, -17.11, -18.64] -15.57  Inventory: [0.0, 9.0, 6.0]  Order: [3.51, 3.4, 3.2] Demand: [3.71]
Reward for thread 3: [-12.3, -18.52, -19.13] -16.65  Inventory: [11.0, 11.0, 39.0]  Order: [6.83, 6.74, 6.7] Demand: [6.985]
Reward for thread 4: [-15.61, -21.1, -21.2] -19.3  Inventory: [10.0, 23.0, 30.0]  Order: [8.43, 8.34, 8.25] Demand: [8.605]
Reward for thread 5: [-14.5, -21.83, -21.28] -19.2  Inventory: [4.0, 21.0, 18.0]  Order: [7.53, 7.43, 7.28] Demand: [7.7]

 Algo happo Exp ippo_seed14_formal_v1 updates 314/3000 episodes, total num timesteps 315000/3000000, FPS 118.

Reward for thread 1: [-11.74, -18.89, -17.84] -16.16  Inventory: [8.0, 14.0, 24.0]  Order: [3.44, 3.36, 3.25] Demand: [3.63]
Reward for thread 2: [-309.87, -97.24, -98.24] -168.45  Inventory: [0.0, 17.0, 28.0]  Order: [9.46, 9.46, 9.56] Demand: [12.795]
Reward for thread 3: [-45.44, -37.1, -34.52] -39.02  Inventory: [0.0, 21.0, 14.0]  Order: [10.3, 10.35, 10.43] Demand: [10.82]
Reward for thread 4: [-24.42, -20.87, -23.76] -23.02  Inventory: [0.0, 0.0, 0.0]  Order: [13.76, 13.9, 13.96] Demand: [14.075]
Reward for thread 5: [-17.02, -25.39, -26.42] -22.94  Inventory: [0.0, 21.0, 3.0]  Order: [5.98, 6.18, 6.09] Demand: [6.065]

Eval average reward:  -41.864583333333336  Eval ordering fluctuation measurement (downstream to upstream):  [0.8906951769994548, 1.2089814367514546, 1.3236548562357304]

 Algo happo Exp ippo_seed14_formal_v1 updates 315/3000 episodes, total num timesteps 316000/3000000, FPS 117.

Reward for thread 1: [-18.35, -21.83, -22.19] -20.79  Inventory: [19.0, 42.0, 37.0]  Order: [10.48, 10.54, 10.5] Demand: [10.575]
Reward for thread 2: [-35.89, -24.82, -25.78] -28.83  Inventory: [0.0, 18.0, 29.0]  Order: [9.6, 9.6, 9.66] Demand: [10.79]
Reward for thread 3: [-11.15, -17.09, -19.6] -15.95  Inventory: [3.0, 10.0, 8.0]  Order: [6.98, 6.9, 6.86] Demand: [7.09]
Reward for thread 4: [-12.58, -18.3, -20.07] -16.98  Inventory: [3.0, 4.0, 0.0]  Order: [7.14, 7.16, 7.04] Demand: [7.19]
Reward for thread 5: [-13.08, -20.09, -22.22] -18.46  Inventory: [16.0, 6.0, 12.0]  Order: [3.87, 3.68, 3.52] Demand: [4.02]

 Algo happo Exp ippo_seed14_formal_v1 updates 316/3000 episodes, total num timesteps 317000/3000000, FPS 117.

Reward for thread 1: [-17.33, -23.8, -25.23] -22.12  Inventory: [5.0, 0.0, 24.0]  Order: [8.29, 8.13, 8.04] Demand: [8.425]
Reward for thread 2: [-19.79, -24.56, -24.97] -23.11  Inventory: [0.0, 0.0, 0.0]  Order: [10.7, 10.8, 10.81] Demand: [10.79]
Reward for thread 3: [-21.68, -28.65, -28.73] -26.35  Inventory: [0.0, 0.0, 0.0]  Order: [8.5, 8.44, 8.48] Demand: [8.49]
Reward for thread 4: [-12.02, -18.45, -20.39] -16.95  Inventory: [1.0, 1.0, 12.0]  Order: [4.92, 5.02, 4.87] Demand: [4.925]
Reward for thread 5: [-69.88, -35.14, -33.43] -46.15  Inventory: [0.0, 0.0, 0.0]  Order: [13.18, 13.22, 13.16] Demand: [15.53]

 Algo happo Exp ippo_seed14_formal_v1 updates 317/3000 episodes, total num timesteps 318000/3000000, FPS 117.

Reward for thread 1: [-48.8, -31.1, -31.46] -37.12  Inventory: [0.0, 17.0, 0.0]  Order: [10.31, 10.4, 10.41] Demand: [11.93]
Reward for thread 2: [-12.22, -17.49, -18.06] -15.92  Inventory: [7.0, 74.0, 58.0]  Order: [7.22, 7.34, 7.4] Demand: [7.38]
Reward for thread 3: [-33.48, -25.98, -24.47] -27.98  Inventory: [0.0, 42.0, 37.0]  Order: [11.5, 11.56, 11.62] Demand: [12.755]
Reward for thread 4: [-349.34, -106.37, -109.99] -188.57  Inventory: [0.0, 0.0, 0.0]  Order: [9.04, 8.79, 8.69] Demand: [15.96]
Reward for thread 5: [-338.07, -108.73, -103.98] -183.59  Inventory: [0.0, 0.0, 8.0]  Order: [10.06, 9.7, 9.54] Demand: [17.205]

 Algo happo Exp ippo_seed14_formal_v1 updates 318/3000 episodes, total num timesteps 319000/3000000, FPS 117.

Reward for thread 1: [-35.11, -27.62, -27.43] -30.05  Inventory: [0.0, 18.0, 25.0]  Order: [12.14, 12.26, 12.36] Demand: [13.075]
Reward for thread 2: [-12.19, -18.43, -20.05] -16.89  Inventory: [0.0, 0.0, 0.0]  Order: [6.94, 6.94, 6.82] Demand: [6.86]
Reward for thread 3: [-253.56, -80.05, -80.45] -138.02  Inventory: [0.0, 0.0, 0.0]  Order: [9.56, 9.6, 9.66] Demand: [14.665]
Reward for thread 4: [-337.2, -102.49, -102.93] -180.87  Inventory: [0.0, 3.0, 0.0]  Order: [10.27, 10.31, 10.34] Demand: [16.445]
Reward for thread 5: [-18.71, -19.64, -23.92] -20.76  Inventory: [0.0, 0.0, 0.0]  Order: [8.04, 8.18, 8.12] Demand: [8.265]

 Algo happo Exp ippo_seed14_formal_v1 updates 319/3000 episodes, total num timesteps 320000/3000000, FPS 117.

Reward for thread 1: [-427.68, -124.69, -127.07] -226.48  Inventory: [0.0, 14.0, 26.0]  Order: [8.47, 8.37, 8.3] Demand: [13.28]
Reward for thread 2: [-10.95, -17.48, -19.25] -15.89  Inventory: [0.0, 10.0, 4.0]  Order: [6.45, 6.42, 6.4] Demand: [6.585]
Reward for thread 3: [-11.48, -19.28, -21.87] -17.54  Inventory: [2.0, 5.0, 21.0]  Order: [4.0, 3.8, 3.67] Demand: [4.15]
Reward for thread 4: [-82.72, -38.1, -39.73] -53.52  Inventory: [0.0, 39.0, 41.0]  Order: [11.51, 11.56, 11.54] Demand: [14.485]
Reward for thread 5: [-26.43, -25.8, -25.77] -26.0  Inventory: [13.0, 29.0, 42.0]  Order: [10.48, 10.41, 10.38] Demand: [10.635]

Eval average reward:  -26.363  Eval ordering fluctuation measurement (downstream to upstream):  [0.7447903257891376, 1.0934570988158696, 1.175829797486201]

 Algo happo Exp ippo_seed14_formal_v1 updates 320/3000 episodes, total num timesteps 321000/3000000, FPS 117.

Reward for thread 1: [-20.35, -22.41, -22.41] -21.72  Inventory: [5.0, 30.0, 11.0]  Order: [10.69, 10.78, 10.64] Demand: [10.785]
Reward for thread 2: [-41.33, -21.49, -23.54] -28.79  Inventory: [0.0, 0.0, 0.0]  Order: [11.02, 10.89, 10.8] Demand: [11.295]
Reward for thread 3: [-20.65, -23.98, -25.34] -23.32  Inventory: [0.0, 12.0, 0.0]  Order: [9.15, 9.1, 9.07] Demand: [9.255]
Reward for thread 4: [-28.32, -25.97, -23.12] -25.8  Inventory: [0.0, 17.0, 26.0]  Order: [11.09, 11.02, 10.95] Demand: [11.215]
Reward for thread 5: [-64.81, -32.03, -33.21] -43.35  Inventory: [0.0, 7.0, 26.0]  Order: [9.78, 9.61, 9.62] Demand: [12.34]

 Algo happo Exp ippo_seed14_formal_v1 updates 321/3000 episodes, total num timesteps 322000/3000000, FPS 117.

Reward for thread 1: [-12.76, -23.16, -21.83] -19.25  Inventory: [0.0, 24.0, 16.0]  Order: [4.54, 4.47, 4.32] Demand: [4.705]
Reward for thread 2: [-15.28, -22.84, -22.36] -20.16  Inventory: [3.0, 6.0, 16.0]  Order: [8.1, 8.02, 7.87] Demand: [8.165]
Reward for thread 3: [-50.2, -32.06, -30.87] -37.71  Inventory: [0.0, 1.0, 0.0]  Order: [10.26, 10.24, 10.16] Demand: [12.495]
Reward for thread 4: [-105.68, -45.63, -45.88] -65.73  Inventory: [0.0, 12.0, 20.0]  Order: [10.9, 10.8, 10.73] Demand: [12.875]
Reward for thread 5: [-376.76, -110.65, -111.52] -199.64  Inventory: [0.0, 0.0, 14.0]  Order: [8.74, 8.6, 8.57] Demand: [15.31]

 Algo happo Exp ippo_seed14_formal_v1 updates 322/3000 episodes, total num timesteps 323000/3000000, FPS 117.

Reward for thread 1: [-38.6, -26.3, -28.46] -31.12  Inventory: [0.0, 4.0, 16.0]  Order: [11.49, 11.49, 11.54] Demand: [12.895]
Reward for thread 2: [-15.92, -20.78, -21.99] -19.56  Inventory: [4.0, 16.0, 12.0]  Order: [7.68, 7.59, 7.52] Demand: [7.865]
Reward for thread 3: [-12.84, -21.7, -21.55] -18.7  Inventory: [0.0, 14.0, 2.0]  Order: [3.84, 3.74, 3.6] Demand: [4.035]
Reward for thread 4: [-48.16, -30.74, -30.96] -36.62  Inventory: [0.0, 26.0, 39.0]  Order: [12.73, 12.68, 12.65] Demand: [12.95]
Reward for thread 5: [-13.69, -21.85, -24.32] -19.95  Inventory: [0.0, 21.0, 19.0]  Order: [6.04, 6.04, 5.92] Demand: [6.17]

 Algo happo Exp ippo_seed14_formal_v1 updates 323/3000 episodes, total num timesteps 324000/3000000, FPS 117.

Reward for thread 1: [-47.68, -30.34, -28.68] -35.57  Inventory: [0.0, 0.0, 11.0]  Order: [12.92, 12.87, 12.86] Demand: [13.935]
Reward for thread 2: [-15.29, -20.01, -21.85] -19.05  Inventory: [13.0, 41.0, 48.0]  Order: [7.9, 7.9, 7.92] Demand: [7.965]
Reward for thread 3: [-39.97, -28.44, -27.36] -31.92  Inventory: [0.0, 12.0, 6.0]  Order: [10.68, 10.61, 10.5] Demand: [10.8]
Reward for thread 4: [-12.1, -21.13, -20.91] -18.05  Inventory: [13.0, 47.0, 34.0]  Order: [4.86, 4.91, 4.86] Demand: [4.905]
Reward for thread 5: [-89.73, -42.15, -40.96] -57.61  Inventory: [0.0, 21.0, 31.0]  Order: [11.68, 11.75, 11.8] Demand: [14.24]

 Algo happo Exp ippo_seed14_formal_v1 updates 324/3000 episodes, total num timesteps 325000/3000000, FPS 118.

Reward for thread 1: [-17.26, -29.02, -27.3] -24.53  Inventory: [11.0, 50.0, 21.0]  Order: [2.61, 2.61, 2.48] Demand: [2.8]
Reward for thread 2: [-36.51, -24.8, -24.48] -28.6  Inventory: [0.0, 0.0, 31.0]  Order: [13.08, 12.98, 12.98] Demand: [13.565]
Reward for thread 3: [-11.52, -19.65, -22.39] -17.85  Inventory: [2.0, 21.0, 23.0]  Order: [4.51, 4.39, 4.26] Demand: [4.705]
Reward for thread 4: [-20.77, -26.68, -24.92] -24.12  Inventory: [18.0, 26.0, 44.0]  Order: [9.45, 9.44, 9.46] Demand: [9.43]
Reward for thread 5: [-18.13, -21.42, -22.24] -20.6  Inventory: [0.0, 0.0, 0.0]  Order: [10.5, 10.38, 10.32] Demand: [10.375]

Eval average reward:  -25.230416666666663  Eval ordering fluctuation measurement (downstream to upstream):  [0.8125238006801642, 1.093878090066164, 1.2319476759166474]

 Algo happo Exp ippo_seed14_formal_v1 updates 325/3000 episodes, total num timesteps 326000/3000000, FPS 117.

Reward for thread 1: [-18.18, -24.33, -24.61] -22.37  Inventory: [0.0, 0.0, 0.0]  Order: [7.96, 7.9, 7.77] Demand: [8.075]
Reward for thread 2: [-71.67, -42.59, -33.95] -49.4  Inventory: [0.0, 0.0, 0.0]  Order: [12.56, 12.38, 12.34] Demand: [12.8]
Reward for thread 3: [-48.38, -37.91, -33.75] -40.01  Inventory: [0.0, 0.0, 0.0]  Order: [11.6, 11.56, 11.6] Demand: [11.58]
Reward for thread 4: [-23.7, -24.18, -20.87] -22.92  Inventory: [0.0, 0.0, 4.0]  Order: [11.36, 11.38, 11.48] Demand: [11.625]
Reward for thread 5: [-11.81, -17.46, -19.11] -16.13  Inventory: [4.0, 11.0, 20.0]  Order: [6.39, 6.3, 6.2] Demand: [6.545]

 Algo happo Exp ippo_seed14_formal_v1 updates 326/3000 episodes, total num timesteps 327000/3000000, FPS 117.

Reward for thread 1: [-14.26, -20.06, -22.12] -18.81  Inventory: [0.0, 19.0, 16.0]  Order: [9.09, 9.12, 9.2] Demand: [9.09]
Reward for thread 2: [-15.72, -23.96, -26.5] -22.06  Inventory: [1.0, 16.0, 0.0]  Order: [7.14, 7.22, 7.1] Demand: [7.235]
Reward for thread 3: [-19.37, -22.04, -23.98] -21.8  Inventory: [0.0, 0.0, 0.0]  Order: [9.4, 9.49, 9.57] Demand: [9.595]
Reward for thread 4: [-27.7, -28.58, -28.77] -28.35  Inventory: [0.0, 0.0, 0.0]  Order: [10.1, 10.09, 10.12] Demand: [10.55]
Reward for thread 5: [-15.29, -21.42, -20.98] -19.23  Inventory: [0.0, 46.0, 90.0]  Order: [10.34, 10.34, 10.54] Demand: [10.44]

 Algo happo Exp ippo_seed14_formal_v1 updates 327/3000 episodes, total num timesteps 328000/3000000, FPS 117.

Reward for thread 1: [-12.65, -23.5, -21.6] -19.25  Inventory: [1.0, 14.0, 19.0]  Order: [3.76, 3.65, 3.52] Demand: [3.965]
Reward for thread 2: [-11.68, -20.02, -21.65] -17.78  Inventory: [6.0, 26.0, 21.0]  Order: [5.2, 5.18, 5.13] Demand: [5.38]
Reward for thread 3: [-11.48, -18.07, -20.16] -16.57  Inventory: [7.0, 20.0, 15.0]  Order: [3.16, 3.03, 2.86] Demand: [3.365]
Reward for thread 4: [-15.08, -25.82, -28.82] -23.24  Inventory: [0.0, 21.0, 42.0]  Order: [3.02, 2.89, 2.86] Demand: [3.24]
Reward for thread 5: [-41.03, -36.76, -28.09] -35.29  Inventory: [0.0, 0.0, 0.0]  Order: [8.91, 8.74, 8.74] Demand: [9.775]

 Algo happo Exp ippo_seed14_formal_v1 updates 328/3000 episodes, total num timesteps 329000/3000000, FPS 117.

Reward for thread 1: [-68.86, -39.5, -32.61] -46.99  Inventory: [0.0, 38.0, 34.0]  Order: [11.98, 12.0, 11.96] Demand: [12.33]
Reward for thread 2: [-43.52, -24.71, -24.2] -30.81  Inventory: [0.0, 0.0, 13.0]  Order: [13.09, 12.91, 12.94] Demand: [14.22]
Reward for thread 3: [-10.99, -18.78, -19.15] -16.31  Inventory: [0.0, 38.0, 13.0]  Order: [2.72, 2.73, 2.7] Demand: [2.88]
Reward for thread 4: [-38.23, -32.17, -25.94] -32.11  Inventory: [0.0, 0.0, 17.0]  Order: [9.91, 9.66, 9.7] Demand: [10.695]
Reward for thread 5: [-14.56, -19.82, -18.77] -17.72  Inventory: [6.0, 27.0, 32.0]  Order: [8.26, 8.22, 8.14] Demand: [8.34]

 Algo happo Exp ippo_seed14_formal_v1 updates 329/3000 episodes, total num timesteps 330000/3000000, FPS 118.

Reward for thread 1: [-12.45, -20.17, -21.0] -17.87  Inventory: [0.0, 11.0, 7.0]  Order: [5.33, 5.26, 5.04] Demand: [5.54]
Reward for thread 2: [-14.85, -22.66, -21.63] -19.71  Inventory: [8.0, 10.0, 19.0]  Order: [5.78, 5.71, 5.62] Demand: [5.9]
Reward for thread 3: [-12.68, -22.32, -25.38] -20.13  Inventory: [0.0, 21.0, 46.0]  Order: [3.54, 3.44, 3.44] Demand: [3.76]
Reward for thread 4: [-11.93, -20.66, -19.32] -17.3  Inventory: [1.0, 26.0, 3.0]  Order: [5.82, 5.72, 5.51] Demand: [6.025]
Reward for thread 5: [-19.12, -25.97, -25.49] -23.53  Inventory: [0.0, 0.0, 0.0]  Order: [10.02, 9.9, 9.82] Demand: [9.825]

Eval average reward:  -21.792833333333334  Eval ordering fluctuation measurement (downstream to upstream):  [0.767607056237786, 1.0785570828016418, 1.2014650182773283]
A better model is saved!

 Algo happo Exp ippo_seed14_formal_v1 updates 330/3000 episodes, total num timesteps 331000/3000000, FPS 117.

Reward for thread 1: [-94.8, -54.35, -41.36] -63.5  Inventory: [0.0, 0.0, 0.0]  Order: [13.18, 12.82, 12.78] Demand: [14.95]
Reward for thread 2: [-74.58, -41.17, -34.91] -50.22  Inventory: [0.0, 29.0, 24.0]  Order: [14.8, 14.81, 14.83] Demand: [14.97]
Reward for thread 3: [-19.91, -23.13, -24.4] -22.48  Inventory: [0.0, 14.0, 0.0]  Order: [12.26, 12.44, 12.46] Demand: [12.495]
Reward for thread 4: [-13.12, -22.57, -21.55] -19.08  Inventory: [10.0, 31.0, 25.0]  Order: [3.18, 3.14, 3.02] Demand: [3.375]
Reward for thread 5: [-13.28, -20.82, -21.58] -18.56  Inventory: [0.0, 29.0, 21.0]  Order: [4.32, 4.36, 4.25] Demand: [4.45]

 Algo happo Exp ippo_seed14_formal_v1 updates 331/3000 episodes, total num timesteps 332000/3000000, FPS 117.

Reward for thread 1: [-64.11, -36.21, -34.32] -44.88  Inventory: [0.0, 0.0, 0.0]  Order: [14.16, 13.84, 13.88] Demand: [15.485]
Reward for thread 2: [-12.3, -16.59, -18.6] -15.83  Inventory: [0.0, 11.0, 6.0]  Order: [8.01, 8.12, 8.06] Demand: [8.065]
Reward for thread 3: [-17.24, -24.73, -31.25] -24.41  Inventory: [2.0, 16.0, 50.0]  Order: [6.0, 5.84, 5.87] Demand: [6.165]
Reward for thread 4: [-89.21, -41.88, -38.25] -56.45  Inventory: [0.0, 0.0, 0.0]  Order: [15.04, 14.82, 14.82] Demand: [16.2]
Reward for thread 5: [-16.92, -23.95, -25.45] -22.11  Inventory: [0.0, 17.0, 18.0]  Order: [8.82, 8.83, 8.71] Demand: [8.925]

 Algo happo Exp ippo_seed14_formal_v1 updates 332/3000 episodes, total num timesteps 333000/3000000, FPS 117.

Reward for thread 1: [-15.43, -20.24, -18.96] -18.21  Inventory: [7.0, 3.0, 0.0]  Order: [10.7, 10.7, 10.54] Demand: [10.78]
Reward for thread 2: [-73.46, -45.73, -37.46] -52.22  Inventory: [6.0, 31.0, 41.0]  Order: [13.34, 13.26, 13.21] Demand: [13.515]
Reward for thread 3: [-48.62, -28.04, -26.58] -34.41  Inventory: [0.0, 19.0, 0.0]  Order: [13.5, 13.62, 13.61] Demand: [13.57]
Reward for thread 4: [-12.85, -19.28, -18.38] -16.84  Inventory: [8.0, 28.0, 23.0]  Order: [7.01, 7.08, 7.01] Demand: [7.095]
Reward for thread 5: [-22.94, -34.93, -45.03] -34.3  Inventory: [7.0, 23.0, 48.0]  Order: [5.22, 5.09, 5.08] Demand: [5.425]

 Algo happo Exp ippo_seed14_formal_v1 updates 333/3000 episodes, total num timesteps 334000/3000000, FPS 118.

Reward for thread 1: [-21.56, -38.22, -34.62] -31.47  Inventory: [7.0, 51.0, 52.0]  Order: [5.26, 5.28, 5.32] Demand: [5.475]
Reward for thread 2: [-15.84, -22.99, -24.86] -21.23  Inventory: [8.0, 21.0, 19.0]  Order: [7.48, 7.33, 7.18] Demand: [7.67]
Reward for thread 3: [-24.3, -21.7, -25.24] -23.75  Inventory: [0.0, 0.0, 0.0]  Order: [12.38, 12.58, 12.54] Demand: [12.78]
Reward for thread 4: [-14.88, -23.47, -26.54] -21.63  Inventory: [16.0, 44.0, 34.0]  Order: [2.59, 2.58, 2.52] Demand: [2.76]
Reward for thread 5: [-17.99, -20.55, -21.38] -19.97  Inventory: [0.0, 0.0, 0.0]  Order: [11.61, 11.68, 11.65] Demand: [11.385]

 Algo happo Exp ippo_seed14_formal_v1 updates 334/3000 episodes, total num timesteps 335000/3000000, FPS 118.

Reward for thread 1: [-12.8, -20.29, -20.3] -17.8  Inventory: [0.0, 26.0, 0.0]  Order: [9.06, 9.14, 9.08] Demand: [9.11]
Reward for thread 2: [-32.08, -23.92, -24.1] -26.7  Inventory: [0.0, 0.0, 0.0]  Order: [11.37, 11.36, 11.26] Demand: [11.38]
Reward for thread 3: [-29.55, -23.59, -25.23] -26.12  Inventory: [0.0, 33.0, 31.0]  Order: [10.32, 10.28, 10.28] Demand: [10.55]
Reward for thread 4: [-44.21, -30.78, -29.2] -34.73  Inventory: [10.0, 0.0, 0.0]  Order: [15.08, 15.05, 14.87] Demand: [15.105]
Reward for thread 5: [-20.14, -18.61, -20.6] -19.78  Inventory: [0.0, 0.0, 0.0]  Order: [12.94, 13.0, 13.01] Demand: [13.28]

Eval average reward:  -24.23091666666667  Eval ordering fluctuation measurement (downstream to upstream):  [0.8414427976947545, 1.0895525811991533, 1.1993166461430451]

 Algo happo Exp ippo_seed14_formal_v1 updates 335/3000 episodes, total num timesteps 336000/3000000, FPS 117.

Reward for thread 1: [-15.51, -21.72, -23.06] -20.1  Inventory: [0.0, 0.0, 0.0]  Order: [8.02, 8.13, 8.07] Demand: [8.03]
Reward for thread 2: [-21.98, -28.92, -27.58] -26.16  Inventory: [5.0, 20.0, 24.0]  Order: [9.02, 9.04, 9.09] Demand: [9.015]
Reward for thread 3: [-12.25, -20.74, -21.12] -18.04  Inventory: [3.0, 11.0, 11.0]  Order: [3.38, 3.28, 3.1] Demand: [3.525]
Reward for thread 4: [-12.67, -20.96, -20.88] -18.17  Inventory: [4.0, 21.0, 13.0]  Order: [5.5, 5.4, 5.22] Demand: [5.665]
Reward for thread 5: [-11.97, -21.84, -21.09] -18.3  Inventory: [0.0, 0.0, 0.0]  Order: [4.69, 4.47, 4.27] Demand: [4.655]

 Algo happo Exp ippo_seed14_formal_v1 updates 336/3000 episodes, total num timesteps 337000/3000000, FPS 117.

Reward for thread 1: [-16.2, -21.83, -21.22] -19.75  Inventory: [0.0, 0.0, 0.0]  Order: [8.68, 8.61, 8.52] Demand: [8.87]
Reward for thread 2: [-12.78, -22.44, -19.76] -18.33  Inventory: [1.0, 0.0, 27.0]  Order: [5.46, 5.32, 5.21] Demand: [5.555]
Reward for thread 3: [-13.16, -21.63, -22.82] -19.2  Inventory: [2.0, 7.0, 15.0]  Order: [5.88, 5.87, 5.8] Demand: [5.975]
Reward for thread 4: [-16.56, -27.59, -26.8] -23.65  Inventory: [1.0, 44.0, 51.0]  Order: [6.28, 6.3, 6.32] Demand: [6.44]
Reward for thread 5: [-11.48, -19.75, -19.01] -16.75  Inventory: [0.0, 0.0, 0.0]  Order: [3.78, 3.8, 3.66] Demand: [3.885]

 Algo happo Exp ippo_seed14_formal_v1 updates 337/3000 episodes, total num timesteps 338000/3000000, FPS 117.

Reward for thread 1: [-15.64, -17.13, -18.99] -17.25  Inventory: [0.0, 4.0, 5.0]  Order: [10.43, 10.47, 10.49] Demand: [10.48]
Reward for thread 2: [-49.73, -31.38, -33.83] -38.31  Inventory: [0.0, 0.0, 0.0]  Order: [11.94, 11.92, 11.88] Demand: [12.885]
Reward for thread 3: [-13.59, -22.35, -21.85] -19.26  Inventory: [0.0, 28.0, 13.0]  Order: [6.5, 6.51, 6.46] Demand: [6.635]
Reward for thread 4: [-14.18, -26.16, -24.41] -21.58  Inventory: [0.0, 29.0, 14.0]  Order: [5.66, 5.72, 5.67] Demand: [5.74]
Reward for thread 5: [-12.45, -22.54, -20.36] -18.45  Inventory: [6.0, 23.0, 13.0]  Order: [2.8, 2.69, 2.52] Demand: [3.02]

 Algo happo Exp ippo_seed14_formal_v1 updates 338/3000 episodes, total num timesteps 339000/3000000, FPS 118.

Reward for thread 1: [-31.7, -29.1, -26.63] -29.14  Inventory: [0.0, 0.0, 0.0]  Order: [9.54, 9.54, 9.51] Demand: [9.985]
Reward for thread 2: [-26.8, -28.09, -25.16] -26.68  Inventory: [0.0, 0.0, 0.0]  Order: [9.41, 9.35, 9.38] Demand: [9.635]
Reward for thread 3: [-23.28, -20.19, -21.88] -21.78  Inventory: [8.0, 23.0, 38.0]  Order: [9.98, 9.93, 9.88] Demand: [10.035]
Reward for thread 4: [-12.97, -22.19, -21.38] -18.85  Inventory: [0.0, 27.0, 30.0]  Order: [3.48, 3.41, 3.32] Demand: [3.655]
Reward for thread 5: [-50.15, -29.43, -31.83] -37.14  Inventory: [0.0, 0.0, 0.0]  Order: [12.82, 12.72, 12.62] Demand: [14.165]

 Algo happo Exp ippo_seed14_formal_v1 updates 339/3000 episodes, total num timesteps 340000/3000000, FPS 118.

Reward for thread 1: [-19.66, -21.86, -21.28] -20.93  Inventory: [0.0, 0.0, 0.0]  Order: [8.72, 8.78, 8.8] Demand: [8.975]
Reward for thread 2: [-22.22, -18.61, -19.64] -20.16  Inventory: [0.0, 0.0, 0.0]  Order: [13.65, 13.69, 13.6] Demand: [13.665]
Reward for thread 3: [-20.81, -21.1, -21.6] -21.17  Inventory: [0.0, 16.0, 13.0]  Order: [10.76, 10.76, 10.63] Demand: [10.85]
Reward for thread 4: [-74.19, -38.81, -39.91] -50.97  Inventory: [1.0, 28.0, 32.0]  Order: [11.95, 11.94, 11.95] Demand: [12.065]
Reward for thread 5: [-13.63, -19.06, -19.69] -17.46  Inventory: [6.0, 23.0, 12.0]  Order: [9.36, 9.44, 9.36] Demand: [9.405]

Eval average reward:  -27.063083333333335  Eval ordering fluctuation measurement (downstream to upstream):  [0.8149160802712677, 1.0674519924650316, 1.222717428233548]

 Algo happo Exp ippo_seed14_formal_v1 updates 340/3000 episodes, total num timesteps 341000/3000000, FPS 117.

Reward for thread 1: [-12.89, -24.03, -22.73] -19.88  Inventory: [4.0, 24.0, 29.0]  Order: [3.1, 2.96, 2.91] Demand: [3.3]
Reward for thread 2: [-74.77, -41.92, -40.32] -52.34  Inventory: [0.0, 0.0, 0.0]  Order: [12.74, 12.62, 12.63] Demand: [14.27]
Reward for thread 3: [-59.96, -32.82, -34.33] -42.37  Inventory: [11.0, 22.0, 1.0]  Order: [12.13, 12.02, 11.98] Demand: [12.28]
Reward for thread 4: [-17.35, -33.05, -29.1] -26.5  Inventory: [4.0, 9.0, 14.0]  Order: [4.34, 4.18, 4.0] Demand: [4.485]
Reward for thread 5: [-79.37, -51.96, -37.18] -56.17  Inventory: [0.0, 0.0, 0.0]  Order: [14.24, 14.28, 14.22] Demand: [14.49]

 Algo happo Exp ippo_seed14_formal_v1 updates 341/3000 episodes, total num timesteps 342000/3000000, FPS 117.

Reward for thread 1: [-15.8, -26.69, -25.66] -22.72  Inventory: [0.0, 0.0, 0.0]  Order: [6.34, 6.28, 6.06] Demand: [6.38]
Reward for thread 2: [-15.48, -23.01, -22.73] -20.41  Inventory: [0.0, 0.0, 0.0]  Order: [7.28, 7.32, 7.26] Demand: [7.285]
Reward for thread 3: [-27.6, -24.71, -25.96] -26.09  Inventory: [21.0, 26.0, 0.0]  Order: [12.79, 13.0, 12.93] Demand: [12.84]
Reward for thread 4: [-16.25, -25.54, -24.75] -22.18  Inventory: [0.0, 63.0, 60.0]  Order: [7.0, 7.06, 7.11] Demand: [7.145]
Reward for thread 5: [-9.73, -17.2, -14.85] -13.93  Inventory: [10.0, 21.0, 0.0]  Order: [4.16, 4.14, 4.04] Demand: [4.34]

 Algo happo Exp ippo_seed14_formal_v1 updates 342/3000 episodes, total num timesteps 343000/3000000, FPS 117.

Reward for thread 1: [-40.3, -22.07, -23.31] -28.56  Inventory: [0.0, 0.0, 0.0]  Order: [14.17, 14.26, 14.24] Demand: [14.75]
Reward for thread 2: [-15.82, -24.01, -26.61] -22.15  Inventory: [0.0, 0.0, 0.0]  Order: [8.54, 8.34, 8.15] Demand: [8.625]
Reward for thread 3: [-13.36, -23.22, -19.38] -18.65  Inventory: [6.0, 19.0, 28.0]  Order: [4.51, 4.36, 4.26] Demand: [4.7]
Reward for thread 4: [-19.67, -21.84, -22.09] -21.2  Inventory: [2.0, 36.0, 37.0]  Order: [6.62, 6.58, 6.51] Demand: [6.845]
Reward for thread 5: [-10.74, -18.28, -18.39] -15.8  Inventory: [6.0, 5.0, 10.0]  Order: [2.82, 2.71, 2.56] Demand: [2.98]

 Algo happo Exp ippo_seed14_formal_v1 updates 343/3000 episodes, total num timesteps 344000/3000000, FPS 118.

Reward for thread 1: [-13.11, -21.13, -23.2] -19.15  Inventory: [4.0, 45.0, 32.0]  Order: [6.92, 6.94, 6.92] Demand: [7.07]
Reward for thread 2: [-43.02, -25.61, -25.05] -31.23  Inventory: [0.0, 0.0, 0.0]  Order: [14.6, 14.64, 14.58] Demand: [15.57]
Reward for thread 3: [-11.5, -20.76, -19.58] -17.28  Inventory: [7.0, 47.0, 44.0]  Order: [4.67, 4.66, 4.64] Demand: [4.855]
Reward for thread 4: [-13.53, -23.38, -21.44] -19.45  Inventory: [4.0, 25.0, 38.0]  Order: [4.72, 4.62, 4.56] Demand: [4.84]
Reward for thread 5: [-15.62, -21.76, -22.61] -20.0  Inventory: [12.0, 26.0, 11.0]  Order: [7.84, 7.78, 7.74] Demand: [7.945]

 Algo happo Exp ippo_seed14_formal_v1 updates 344/3000 episodes, total num timesteps 345000/3000000, FPS 118.

Reward for thread 1: [-37.96, -22.07, -23.55] -27.86  Inventory: [0.0, 0.0, 0.0]  Order: [13.77, 13.82, 13.8] Demand: [14.72]
Reward for thread 2: [-12.21, -21.64, -20.64] -18.16  Inventory: [10.0, 51.0, 43.0]  Order: [4.22, 4.22, 4.2] Demand: [4.4]
Reward for thread 3: [-33.34, -20.87, -23.84] -26.02  Inventory: [0.0, 12.0, 0.0]  Order: [13.36, 13.44, 13.38] Demand: [14.13]
Reward for thread 4: [-16.61, -19.61, -19.5] -18.57  Inventory: [10.0, 27.0, 0.0]  Order: [11.08, 11.24, 11.11] Demand: [11.095]
Reward for thread 5: [-13.42, -21.1, -21.62] -18.71  Inventory: [4.0, 26.0, 44.0]  Order: [6.9, 6.78, 6.76] Demand: [7.05]

Eval average reward:  -30.22508333333333  Eval ordering fluctuation measurement (downstream to upstream):  [0.8710603091661792, 1.1316332860020428, 1.1913838015027423]

 Algo happo Exp ippo_seed14_formal_v1 updates 345/3000 episodes, total num timesteps 346000/3000000, FPS 117.

Reward for thread 1: [-20.13, -21.34, -25.32] -22.26  Inventory: [0.0, 0.0, 0.0]  Order: [7.84, 8.03, 7.92] Demand: [8.315]
Reward for thread 2: [-14.67, -22.66, -26.22] -21.18  Inventory: [0.0, 3.0, 25.0]  Order: [6.2, 6.08, 5.96] Demand: [6.39]
Reward for thread 3: [-12.26, -18.63, -18.67] -16.52  Inventory: [0.0, 20.0, 21.0]  Order: [5.83, 5.69, 5.56] Demand: [6.045]
Reward for thread 4: [-71.55, -33.45, -35.22] -46.74  Inventory: [0.0, 45.0, 45.0]  Order: [13.05, 13.04, 13.08] Demand: [15.3]
Reward for thread 5: [-28.47, -33.04, -39.82] -33.78  Inventory: [55.0, 46.0, 30.0]  Order: [1.34, 1.32, 1.23] Demand: [1.315]

 Algo happo Exp ippo_seed14_formal_v1 updates 346/3000 episodes, total num timesteps 347000/3000000, FPS 117.

Reward for thread 1: [-17.93, -22.46, -25.63] -22.01  Inventory: [7.0, 14.0, 24.0]  Order: [8.4, 8.23, 8.12] Demand: [8.6]
Reward for thread 2: [-10.87, -18.8, -19.25] -16.31  Inventory: [10.0, 26.0, 39.0]  Order: [2.56, 2.44, 2.4] Demand: [2.755]
Reward for thread 3: [-11.84, -18.54, -23.51] -17.96  Inventory: [0.0, 7.0, 32.0]  Order: [4.04, 3.88, 3.8] Demand: [4.235]
Reward for thread 4: [-16.18, -23.4, -23.82] -21.13  Inventory: [13.0, 11.0, 29.0]  Order: [5.26, 5.14, 5.04] Demand: [5.44]
Reward for thread 5: [-15.3, -19.19, -21.69] -18.73  Inventory: [0.0, 26.0, 16.0]  Order: [11.45, 11.62, 11.68] Demand: [11.505]

 Algo happo Exp ippo_seed14_formal_v1 updates 347/3000 episodes, total num timesteps 348000/3000000, FPS 117.

Reward for thread 1: [-14.85, -23.66, -25.67] -21.39  Inventory: [6.0, 15.0, 39.0]  Order: [5.92, 5.76, 5.71] Demand: [6.11]
Reward for thread 2: [-163.49, -59.7, -61.24] -94.81  Inventory: [0.0, 44.0, 46.0]  Order: [12.96, 12.93, 12.92] Demand: [14.11]
Reward for thread 3: [-14.45, -23.62, -27.05] -21.71  Inventory: [19.0, 39.0, 73.0]  Order: [3.0, 2.94, 3.06] Demand: [3.15]
Reward for thread 4: [-16.44, -26.49, -26.41] -23.11  Inventory: [7.0, 75.0, 46.0]  Order: [5.32, 5.44, 5.43] Demand: [5.49]
Reward for thread 5: [-56.07, -31.59, -32.71] -40.12  Inventory: [0.0, 0.0, 6.0]  Order: [11.51, 11.49, 11.41] Demand: [13.61]

 Algo happo Exp ippo_seed14_formal_v1 updates 348/3000 episodes, total num timesteps 349000/3000000, FPS 118.

Reward for thread 1: [-37.19, -28.5, -30.38] -32.02  Inventory: [0.0, 0.0, 0.0]  Order: [9.96, 9.99, 9.94] Demand: [11.]
Reward for thread 2: [-13.36, -21.2, -23.14] -19.23  Inventory: [0.0, 9.0, 23.0]  Order: [5.32, 5.24, 5.25] Demand: [5.465]
Reward for thread 3: [-20.04, -22.39, -23.73] -22.05  Inventory: [2.0, 0.0, 0.0]  Order: [10.34, 10.27, 10.2] Demand: [10.425]
Reward for thread 4: [-17.67, -23.69, -24.3] -21.89  Inventory: [5.0, 67.0, 60.0]  Order: [10.8, 10.88, 10.95] Demand: [10.895]
Reward for thread 5: [-11.61, -19.78, -21.53] -17.64  Inventory: [0.0, 15.0, 42.0]  Order: [3.48, 3.34, 3.3] Demand: [3.665]

 Algo happo Exp ippo_seed14_formal_v1 updates 349/3000 episodes, total num timesteps 350000/3000000, FPS 118.

Reward for thread 1: [-19.07, -31.32, -30.97] -27.12  Inventory: [0.0, 0.0, 27.0]  Order: [7.28, 7.16, 7.05] Demand: [7.435]
Reward for thread 2: [-36.16, -24.32, -25.92] -28.8  Inventory: [0.0, 11.0, 22.0]  Order: [11.77, 11.83, 11.79] Demand: [13.075]
Reward for thread 3: [-11.81, -17.41, -18.3] -15.84  Inventory: [7.0, 18.0, 0.0]  Order: [7.36, 7.48, 7.43] Demand: [7.335]
Reward for thread 4: [-12.87, -21.02, -22.81] -18.9  Inventory: [4.0, 30.0, 37.0]  Order: [5.01, 4.92, 4.85] Demand: [5.225]
Reward for thread 5: [-11.63, -16.72, -19.75] -16.03  Inventory: [12.0, 26.0, 24.0]  Order: [4.68, 4.57, 4.44] Demand: [4.875]

Eval average reward:  -27.291083333333336  Eval ordering fluctuation measurement (downstream to upstream):  [0.8520700139054724, 1.096568771297801, 1.1709269181666706]

 Algo happo Exp ippo_seed14_formal_v1 updates 350/3000 episodes, total num timesteps 351000/3000000, FPS 117.

Reward for thread 1: [-53.73, -29.97, -32.57] -38.76  Inventory: [0.0, 28.0, 0.0]  Order: [12.67, 13.0, 13.06] Demand: [13.495]
Reward for thread 2: [-13.85, -22.64, -24.67] -20.39  Inventory: [0.0, 0.0, 0.0]  Order: [5.91, 5.98, 5.76] Demand: [5.775]
Reward for thread 3: [-14.71, -19.8, -22.38] -18.96  Inventory: [0.0, 0.0, 0.0]  Order: [10.05, 10.21, 10.12] Demand: [10.05]
Reward for thread 4: [-13.16, -20.29, -21.59] -18.35  Inventory: [0.0, 0.0, 10.0]  Order: [6.9, 6.78, 6.71] Demand: [6.965]
Reward for thread 5: [-134.93, -48.03, -49.69] -77.55  Inventory: [0.0, 34.0, 0.0]  Order: [13.86, 14.0, 14.04] Demand: [17.015]

 Algo happo Exp ippo_seed14_formal_v1 updates 351/3000 episodes, total num timesteps 352000/3000000, FPS 117.

Reward for thread 1: [-13.24, -21.34, -23.92] -19.5  Inventory: [2.0, 23.0, 30.0]  Order: [4.83, 4.7, 4.62] Demand: [5.035]
Reward for thread 2: [-120.43, -50.04, -49.33] -73.27  Inventory: [0.0, 0.0, 0.0]  Order: [14.14, 14.16, 14.12] Demand: [15.91]
Reward for thread 3: [-13.81, -22.9, -24.11] -20.27  Inventory: [1.0, 16.0, 37.0]  Order: [5.8, 5.68, 5.62] Demand: [5.99]
Reward for thread 4: [-13.45, -20.94, -22.39] -18.93  Inventory: [4.0, 14.0, 11.0]  Order: [9.52, 9.55, 9.55] Demand: [9.5]
Reward for thread 5: [-18.46, -23.03, -25.05] -22.18  Inventory: [1.0, 38.0, 34.0]  Order: [9.28, 9.29, 9.29] Demand: [9.365]

 Algo happo Exp ippo_seed14_formal_v1 updates 352/3000 episodes, total num timesteps 353000/3000000, FPS 118.

Reward for thread 1: [-16.27, -22.03, -22.74] -20.35  Inventory: [6.0, 18.0, 33.0]  Order: [10.09, 9.96, 9.9] Demand: [10.275]
Reward for thread 2: [-13.98, -19.09, -21.08] -18.05  Inventory: [7.0, 3.0, 0.0]  Order: [7.74, 7.72, 7.62] Demand: [7.81]
Reward for thread 3: [-12.81, -24.1, -25.15] -20.69  Inventory: [1.0, 12.0, 13.0]  Order: [2.11, 2.02, 1.95] Demand: [2.305]
Reward for thread 4: [-19.77, -25.56, -26.43] -23.92  Inventory: [0.0, 5.0, 0.0]  Order: [9.77, 9.91, 9.94] Demand: [9.795]
Reward for thread 5: [-50.68, -32.34, -33.76] -38.93  Inventory: [0.0, 17.0, 42.0]  Order: [11.26, 11.14, 11.1] Demand: [11.485]

 Algo happo Exp ippo_seed14_formal_v1 updates 353/3000 episodes, total num timesteps 354000/3000000, FPS 118.

Reward for thread 1: [-15.8, -24.86, -25.47] -22.04  Inventory: [0.0, 15.0, 0.0]  Order: [4.47, 4.61, 4.61] Demand: [4.66]
Reward for thread 2: [-19.96, -22.22, -20.48] -20.89  Inventory: [0.0, 0.0, 0.0]  Order: [11.12, 11.24, 11.24] Demand: [11.42]
Reward for thread 3: [-15.73, -22.04, -30.15] -22.64  Inventory: [4.0, 17.0, 19.0]  Order: [5.31, 5.21, 5.2] Demand: [5.505]
Reward for thread 4: [-12.48, -18.52, -20.91] -17.3  Inventory: [8.0, 2.0, 0.0]  Order: [6.36, 6.34, 6.27] Demand: [6.41]
Reward for thread 5: [-16.71, -29.93, -28.28] -24.97  Inventory: [5.0, 25.0, 13.0]  Order: [4.6, 4.5, 4.38] Demand: [4.82]

 Algo happo Exp ippo_seed14_formal_v1 updates 354/3000 episodes, total num timesteps 355000/3000000, FPS 118.

Reward for thread 1: [-16.12, -23.78, -28.39] -22.76  Inventory: [19.0, 17.0, 0.0]  Order: [7.5, 7.75, 7.64] Demand: [7.445]
Reward for thread 2: [-14.48, -19.98, -20.28] -18.25  Inventory: [0.0, 18.0, 12.0]  Order: [10.89, 11.04, 11.07] Demand: [10.895]
Reward for thread 3: [-11.56, -17.35, -19.73] -16.21  Inventory: [0.0, 8.0, 21.0]  Order: [5.14, 5.09, 4.97] Demand: [5.235]
Reward for thread 4: [-15.96, -24.02, -26.9] -22.29  Inventory: [0.0, 0.0, 0.0]  Order: [6.22, 6.32, 6.3] Demand: [6.3]
Reward for thread 5: [-17.58, -28.65, -33.32] -26.52  Inventory: [7.0, 23.0, 40.0]  Order: [4.44, 4.31, 4.28] Demand: [4.64]

Eval average reward:  -26.214416666666665  Eval ordering fluctuation measurement (downstream to upstream):  [0.8456793795910128, 1.112161658696878, 1.1839357615270587]

 Algo happo Exp ippo_seed14_formal_v1 updates 355/3000 episodes, total num timesteps 356000/3000000, FPS 117.

Reward for thread 1: [-25.48, -27.04, -28.5] -27.01  Inventory: [0.0, 28.0, 12.0]  Order: [12.58, 12.7, 12.66] Demand: [12.71]
Reward for thread 2: [-14.09, -23.22, -22.73] -20.01  Inventory: [6.0, 13.0, 17.0]  Order: [5.64, 5.69, 5.73] Demand: [5.675]
Reward for thread 3: [-86.93, -41.36, -40.4] -56.23  Inventory: [0.0, 0.0, 0.0]  Order: [13.59, 13.57, 13.52] Demand: [13.615]
Reward for thread 4: [-13.96, -21.22, -21.85] -19.01  Inventory: [0.0, 23.0, 43.0]  Order: [6.54, 6.54, 6.54] Demand: [6.505]
Reward for thread 5: [-13.25, -20.22, -23.52] -19.0  Inventory: [2.0, 33.0, 26.0]  Order: [3.8, 3.81, 3.79] Demand: [3.985]

 Algo happo Exp ippo_seed14_formal_v1 updates 356/3000 episodes, total num timesteps 357000/3000000, FPS 117.

Reward for thread 1: [-11.26, -17.03, -21.37] -16.55  Inventory: [0.0, 0.0, 0.0]  Order: [3.12, 2.94, 2.78] Demand: [3.155]
Reward for thread 2: [-31.44, -34.08, -33.02] -32.85  Inventory: [0.0, 17.0, 44.0]  Order: [12.9, 12.78, 12.76] Demand: [12.99]
Reward for thread 3: [-60.64, -35.7, -37.24] -44.53  Inventory: [0.0, 0.0, 0.0]  Order: [13.29, 13.42, 13.36] Demand: [14.315]
Reward for thread 4: [-43.14, -30.38, -29.54] -34.35  Inventory: [0.0, 0.0, 1.0]  Order: [11.78, 11.8, 11.76] Demand: [11.795]
Reward for thread 5: [-14.78, -19.88, -19.67] -18.11  Inventory: [0.0, 1.0, 0.0]  Order: [9.08, 9.04, 8.99] Demand: [9.215]

 Algo happo Exp ippo_seed14_formal_v1 updates 357/3000 episodes, total num timesteps 358000/3000000, FPS 118.

Reward for thread 1: [-14.48, -21.44, -21.68] -19.2  Inventory: [13.0, 22.0, 15.0]  Order: [9.42, 9.48, 9.52] Demand: [9.46]
Reward for thread 2: [-16.77, -29.03, -28.33] -24.71  Inventory: [2.0, 52.0, 49.0]  Order: [5.01, 5.04, 5.04] Demand: [5.165]
Reward for thread 3: [-19.65, -26.57, -26.73] -24.32  Inventory: [0.0, 22.0, 51.0]  Order: [9.7, 9.57, 9.59] Demand: [9.805]
Reward for thread 4: [-18.98, -24.17, -23.79] -22.31  Inventory: [0.0, 5.0, 0.0]  Order: [9.34, 9.36, 9.34] Demand: [9.39]
Reward for thread 5: [-28.18, -37.05, -38.59] -34.61  Inventory: [0.0, 0.0, 0.0]  Order: [8.74, 9.12, 8.94] Demand: [8.645]

 Algo happo Exp ippo_seed14_formal_v1 updates 358/3000 episodes, total num timesteps 359000/3000000, FPS 118.

Reward for thread 1: [-36.71, -30.59, -32.89] -33.4  Inventory: [69.0, 78.0, 52.0]  Order: [13.25, 13.48, 13.52] Demand: [13.155]
Reward for thread 2: [-13.97, -20.8, -22.61] -19.13  Inventory: [4.0, 39.0, 7.0]  Order: [7.49, 7.65, 7.64] Demand: [7.59]
Reward for thread 3: [-53.82, -50.21, -45.77] -49.93  Inventory: [0.0, 0.0, 0.0]  Order: [11.34, 11.04, 10.88] Demand: [11.665]
Reward for thread 4: [-15.78, -24.88, -26.65] -22.44  Inventory: [8.0, 29.0, 38.0]  Order: [4.57, 4.46, 4.42] Demand: [4.75]
Reward for thread 5: [-21.47, -24.6, -27.02] -24.36  Inventory: [0.0, 0.0, 0.0]  Order: [9.3, 9.62, 9.49] Demand: [9.595]

 Algo happo Exp ippo_seed14_formal_v1 updates 359/3000 episodes, total num timesteps 360000/3000000, FPS 118.

Reward for thread 1: [-15.59, -25.97, -26.66] -22.74  Inventory: [0.0, 16.0, 48.0]  Order: [5.82, 5.68, 5.68] Demand: [5.985]
Reward for thread 2: [-15.95, -23.27, -24.16] -21.13  Inventory: [1.0, 10.0, 35.0]  Order: [8.28, 8.12, 8.06] Demand: [8.415]
Reward for thread 3: [-13.86, -19.56, -21.68] -18.37  Inventory: [6.0, 15.0, 6.0]  Order: [8.86, 8.84, 8.76] Demand: [8.97]
Reward for thread 4: [-35.71, -31.43, -31.39] -32.84  Inventory: [0.0, 0.0, 0.0]  Order: [10.34, 10.54, 10.43] Demand: [10.845]
Reward for thread 5: [-18.7, -23.41, -25.33] -22.48  Inventory: [2.0, 6.0, 0.0]  Order: [9.46, 9.44, 9.36] Demand: [9.5]

Eval average reward:  -30.839166666666664  Eval ordering fluctuation measurement (downstream to upstream):  [0.8889328464784638, 1.116036615069926, 1.1635848637191955]

 Algo happo Exp ippo_seed14_formal_v1 updates 360/3000 episodes, total num timesteps 361000/3000000, FPS 117.

Reward for thread 1: [-14.35, -20.73, -24.01] -19.7  Inventory: [0.0, 0.0, 0.0]  Order: [5.46, 5.5, 5.36] Demand: [5.525]
Reward for thread 2: [-17.63, -25.35, -27.31] -23.43  Inventory: [2.0, 51.0, 48.0]  Order: [7.38, 7.38, 7.38] Demand: [7.54]
Reward for thread 3: [-16.98, -29.03, -29.67] -25.23  Inventory: [12.0, 50.0, 29.0]  Order: [3.4, 3.42, 3.32] Demand: [3.585]
Reward for thread 4: [-12.01, -20.0, -19.11] -17.04  Inventory: [3.0, 25.0, 33.0]  Order: [5.0, 4.9, 4.84] Demand: [5.195]
Reward for thread 5: [-16.35, -18.46, -19.41] -18.07  Inventory: [3.0, 28.0, 27.0]  Order: [9.78, 9.68, 9.6] Demand: [9.905]

 Algo happo Exp ippo_seed14_formal_v1 updates 361/3000 episodes, total num timesteps 362000/3000000, FPS 117.

Reward for thread 1: [-14.31, -21.72, -25.16] -20.4  Inventory: [0.0, 0.0, 0.0]  Order: [5.38, 5.42, 5.34] Demand: [5.47]
Reward for thread 2: [-12.8, -19.44, -22.31] -18.18  Inventory: [9.0, 22.0, 11.0]  Order: [4.22, 4.11, 4.03] Demand: [4.415]
Reward for thread 3: [-16.42, -23.54, -23.84] -21.27  Inventory: [0.0, 30.0, 42.0]  Order: [7.01, 6.99, 6.96] Demand: [7.13]
Reward for thread 4: [-11.28, -17.43, -20.48] -16.4  Inventory: [3.0, 33.0, 16.0]  Order: [4.64, 4.6, 4.54] Demand: [4.86]
Reward for thread 5: [-78.49, -36.07, -36.78] -50.45  Inventory: [8.0, 20.0, 11.0]  Order: [16.62, 16.72, 16.64] Demand: [16.565]

 Algo happo Exp ippo_seed14_formal_v1 updates 362/3000 episodes, total num timesteps 363000/3000000, FPS 118.

Reward for thread 1: [-13.55, -21.6, -24.45] -19.87  Inventory: [4.0, 8.0, 44.0]  Order: [5.3, 5.1, 5.07] Demand: [5.49]
Reward for thread 2: [-15.83, -22.42, -27.5] -21.92  Inventory: [29.0, 16.0, 32.0]  Order: [4.13, 3.96, 3.88] Demand: [4.225]
Reward for thread 3: [-29.81, -22.87, -24.52] -25.73  Inventory: [0.0, 9.0, 0.0]  Order: [11.48, 11.66, 11.62] Demand: [11.7]
Reward for thread 4: [-16.66, -23.48, -25.88] -22.01  Inventory: [0.0, 9.0, 18.0]  Order: [7.66, 7.59, 7.47] Demand: [7.825]
Reward for thread 5: [-48.07, -36.21, -33.87] -39.38  Inventory: [0.0, 0.0, 0.0]  Order: [12.67, 12.8, 12.78] Demand: [13.61]

 Algo happo Exp ippo_seed14_formal_v1 updates 363/3000 episodes, total num timesteps 364000/3000000, FPS 118.

Reward for thread 1: [-55.83, -35.46, -34.27] -41.85  Inventory: [9.0, 46.0, 22.0]  Order: [14.41, 14.52, 14.5] Demand: [14.475]
Reward for thread 2: [-18.49, -29.75, -31.01] -26.42  Inventory: [5.0, 36.0, 99.0]  Order: [5.9, 5.84, 6.08] Demand: [6.09]
Reward for thread 3: [-18.67, -23.94, -21.07] -21.23  Inventory: [0.0, 0.0, 0.0]  Order: [9.1, 9.08, 9.0] Demand: [9.08]
Reward for thread 4: [-13.36, -19.79, -21.45] -18.2  Inventory: [0.0, 14.0, 26.0]  Order: [4.94, 4.8, 4.71] Demand: [5.145]
Reward for thread 5: [-18.9, -25.05, -29.29] -24.41  Inventory: [0.0, 26.0, 42.0]  Order: [7.54, 7.52, 7.5] Demand: [7.66]

 Algo happo Exp ippo_seed14_formal_v1 updates 364/3000 episodes, total num timesteps 365000/3000000, FPS 118.

Reward for thread 1: [-15.29, -20.05, -20.97] -18.77  Inventory: [0.0, 0.0, 27.0]  Order: [9.22, 9.04, 9.06] Demand: [9.27]
Reward for thread 2: [-14.49, -21.09, -24.31] -19.96  Inventory: [0.0, 5.0, 0.0]  Order: [6.07, 6.07, 5.98] Demand: [6.24]
Reward for thread 3: [-11.44, -17.12, -21.26] -16.61  Inventory: [3.0, 21.0, 25.0]  Order: [3.67, 3.54, 3.46] Demand: [3.865]
Reward for thread 4: [-14.52, -21.51, -26.41] -20.81  Inventory: [2.0, 8.0, 30.0]  Order: [4.46, 4.24, 4.14] Demand: [4.59]
Reward for thread 5: [-14.9, -21.09, -23.53] -19.84  Inventory: [1.0, 20.0, 35.0]  Order: [5.7, 5.58, 5.5] Demand: [5.875]

Eval average reward:  -25.02975  Eval ordering fluctuation measurement (downstream to upstream):  [0.877893451628705, 1.1020048000321556, 1.184478364916693]

 Algo happo Exp ippo_seed14_formal_v1 updates 365/3000 episodes, total num timesteps 366000/3000000, FPS 117.

Reward for thread 1: [-18.09, -20.17, -20.08] -19.45  Inventory: [18.0, 22.0, 0.0]  Order: [9.77, 9.82, 9.72] Demand: [9.79]
Reward for thread 2: [-15.92, -26.24, -27.4] -23.19  Inventory: [0.0, 36.0, 79.0]  Order: [5.3, 5.25, 5.4] Demand: [5.435]
Reward for thread 3: [-22.72, -23.8, -24.4] -23.64  Inventory: [3.0, 17.0, 29.0]  Order: [7.83, 7.68, 7.58] Demand: [8.04]
Reward for thread 4: [-20.13, -22.04, -24.95] -22.37  Inventory: [5.0, 44.0, 48.0]  Order: [9.94, 9.9, 9.91] Demand: [10.005]
Reward for thread 5: [-13.14, -20.33, -20.63] -18.03  Inventory: [1.0, 8.0, 35.0]  Order: [2.5, 2.3, 2.22] Demand: [2.74]

 Algo happo Exp ippo_seed14_formal_v1 updates 366/3000 episodes, total num timesteps 367000/3000000, FPS 117.

Reward for thread 1: [-13.18, -19.61, -20.69] -17.83  Inventory: [9.0, 0.0, 0.0]  Order: [8.87, 8.94, 8.85] Demand: [8.865]
Reward for thread 2: [-36.65, -25.01, -28.17] -29.94  Inventory: [0.0, 8.0, 0.0]  Order: [11.94, 12.2, 12.2] Demand: [12.405]
Reward for thread 3: [-21.37, -27.29, -25.58] -24.75  Inventory: [0.0, 13.0, 41.0]  Order: [7.67, 7.48, 7.46] Demand: [7.865]
Reward for thread 4: [-58.58, -35.1, -39.9] -44.53  Inventory: [0.0, 0.0, 0.0]  Order: [14.86, 14.96, 14.92] Demand: [15.58]
Reward for thread 5: [-19.87, -23.13, -24.99] -22.66  Inventory: [0.0, 36.0, 30.0]  Order: [10.22, 10.31, 10.24] Demand: [10.265]

 Algo happo Exp ippo_seed14_formal_v1 updates 367/3000 episodes, total num timesteps 368000/3000000, FPS 118.

Reward for thread 1: [-35.52, -24.52, -25.74] -28.59  Inventory: [20.0, 52.0, 27.0]  Order: [12.15, 12.18, 12.16] Demand: [12.28]
Reward for thread 2: [-15.24, -17.56, -17.46] -16.75  Inventory: [31.0, 21.0, 14.0]  Order: [1.7, 1.56, 1.38] Demand: [1.795]
Reward for thread 3: [-44.69, -28.84, -30.72] -34.75  Inventory: [0.0, 0.0, 0.0]  Order: [13.42, 13.55, 13.56] Demand: [14.255]
Reward for thread 4: [-18.41, -23.31, -21.05] -20.92  Inventory: [0.0, 0.0, 0.0]  Order: [10.56, 10.57, 10.43] Demand: [10.54]
Reward for thread 5: [-27.19, -27.07, -27.24] -27.17  Inventory: [13.0, 54.0, 32.0]  Order: [12.59, 12.72, 12.83] Demand: [12.645]

 Algo happo Exp ippo_seed14_formal_v1 updates 368/3000 episodes, total num timesteps 369000/3000000, FPS 118.

Reward for thread 1: [-50.41, -30.34, -34.94] -38.56  Inventory: [12.0, 74.0, 52.0]  Order: [14.74, 14.9, 14.94] Demand: [14.79]
Reward for thread 2: [-12.84, -21.45, -22.75] -19.01  Inventory: [1.0, 12.0, 22.0]  Order: [4.26, 4.1, 3.96] Demand: [4.455]
Reward for thread 3: [-15.1, -24.27, -28.09] -22.49  Inventory: [0.0, 12.0, 7.0]  Order: [4.64, 4.59, 4.47] Demand: [4.785]
Reward for thread 4: [-13.74, -19.51, -22.62] -18.62  Inventory: [13.0, 15.0, 32.0]  Order: [3.18, 3.01, 2.92] Demand: [3.355]
Reward for thread 5: [-18.86, -26.63, -24.87] -23.45  Inventory: [0.0, 0.0, 0.0]  Order: [8.32, 8.26, 8.2] Demand: [8.36]

 Algo happo Exp ippo_seed14_formal_v1 updates 369/3000 episodes, total num timesteps 370000/3000000, FPS 118.

Reward for thread 1: [-71.02, -36.92, -35.54] -47.83  Inventory: [1.0, 3.0, 0.0]  Order: [14.24, 14.26, 14.32] Demand: [14.285]
Reward for thread 2: [-36.19, -33.62, -33.63] -34.48  Inventory: [0.0, 0.0, 0.0]  Order: [10.08, 10.06, 9.99] Demand: [10.125]
Reward for thread 3: [-15.86, -18.3, -20.92] -18.36  Inventory: [0.0, 0.0, 0.0]  Order: [9.41, 9.44, 9.39] Demand: [9.66]
Reward for thread 4: [-18.34, -27.28, -25.91] -23.84  Inventory: [0.0, 41.0, 17.0]  Order: [8.56, 8.61, 8.47] Demand: [8.66]
Reward for thread 5: [-12.84, -18.26, -22.52] -17.87  Inventory: [14.0, 32.0, 19.0]  Order: [2.33, 2.24, 2.19] Demand: [2.505]

Eval average reward:  -25.053083333333333  Eval ordering fluctuation measurement (downstream to upstream):  [0.8469816104492776, 1.0478356427868443, 1.1858373512249347]

 Algo happo Exp ippo_seed14_formal_v1 updates 370/3000 episodes, total num timesteps 371000/3000000, FPS 117.

Reward for thread 1: [-12.6, -20.21, -21.8] -18.2  Inventory: [6.0, 17.0, 18.0]  Order: [4.89, 4.76, 4.61] Demand: [5.105]
Reward for thread 2: [-70.49, -41.21, -32.92] -48.21  Inventory: [0.0, 0.0, 0.0]  Order: [16.39, 15.84, 15.9] Demand: [16.095]
Reward for thread 3: [-13.62, -23.11, -21.5] -19.41  Inventory: [0.0, 17.0, 9.0]  Order: [5.86, 5.72, 5.62] Demand: [6.085]
Reward for thread 4: [-40.64, -34.6, -31.02] -35.42  Inventory: [0.0, 12.0, 29.0]  Order: [12.27, 12.29, 12.33] Demand: [12.29]
Reward for thread 5: [-32.92, -20.94, -23.06] -25.64  Inventory: [0.0, 21.0, 2.0]  Order: [11.72, 11.81, 11.85] Demand: [11.845]

 Algo happo Exp ippo_seed14_formal_v1 updates 371/3000 episodes, total num timesteps 372000/3000000, FPS 117.

Reward for thread 1: [-19.68, -26.36, -26.24] -24.09  Inventory: [6.0, 28.0, 47.0]  Order: [6.3, 6.21, 6.22] Demand: [6.435]
Reward for thread 2: [-43.11, -33.98, -35.03] -37.37  Inventory: [0.0, 0.0, 0.0]  Order: [11.86, 12.04, 11.98] Demand: [11.92]
Reward for thread 3: [-22.55, -21.03, -22.9] -22.16  Inventory: [13.0, 32.0, 6.0]  Order: [11.02, 11.21, 11.18] Demand: [11.11]
Reward for thread 4: [-16.56, -28.06, -32.82] -25.81  Inventory: [0.0, 9.0, 11.0]  Order: [3.69, 3.57, 3.52] Demand: [3.9]
Reward for thread 5: [-14.64, -21.32, -20.06] -18.67  Inventory: [7.0, 21.0, 5.0]  Order: [8.66, 8.76, 8.76] Demand: [8.695]

 Algo happo Exp ippo_seed14_formal_v1 updates 372/3000 episodes, total num timesteps 373000/3000000, FPS 118.

Reward for thread 1: [-12.2, -17.34, -20.06] -16.53  Inventory: [7.0, 20.0, 42.0]  Order: [5.24, 5.12, 5.08] Demand: [5.43]
Reward for thread 2: [-48.94, -35.9, -30.24] -38.36  Inventory: [13.0, 35.0, 16.0]  Order: [13.88, 13.83, 13.77] Demand: [14.035]
Reward for thread 3: [-14.7, -23.15, -26.28] -21.38  Inventory: [7.0, 29.0, 48.0]  Order: [3.24, 3.14, 3.13] Demand: [3.44]
Reward for thread 4: [-23.58, -21.83, -22.53] -22.65  Inventory: [0.0, 0.0, 0.0]  Order: [12.5, 12.58, 12.53] Demand: [12.835]
Reward for thread 5: [-53.71, -30.15, -32.73] -38.86  Inventory: [0.0, 0.0, 0.0]  Order: [14.73, 14.7, 14.74] Demand: [15.58]

 Algo happo Exp ippo_seed14_formal_v1 updates 373/3000 episodes, total num timesteps 374000/3000000, FPS 118.

Reward for thread 1: [-53.31, -34.72, -31.32] -39.78  Inventory: [34.0, 64.0, 54.0]  Order: [12.65, 12.72, 12.86] Demand: [12.65]
Reward for thread 2: [-20.04, -24.32, -25.85] -23.4  Inventory: [0.0, 0.0, 0.0]  Order: [8.34, 8.4, 8.4] Demand: [8.45]
Reward for thread 3: [-25.54, -26.11, -25.63] -25.76  Inventory: [0.0, 0.0, 0.0]  Order: [12.15, 12.12, 12.17] Demand: [12.145]
Reward for thread 4: [-92.27, -61.37, -41.99] -65.21  Inventory: [0.0, 0.0, 0.0]  Order: [15.96, 15.46, 15.5] Demand: [16.615]
Reward for thread 5: [-14.06, -20.55, -17.96] -17.52  Inventory: [9.0, 20.0, 16.0]  Order: [8.49, 8.38, 8.22] Demand: [8.625]

 Algo happo Exp ippo_seed14_formal_v1 updates 374/3000 episodes, total num timesteps 375000/3000000, FPS 118.

Reward for thread 1: [-12.08, -20.44, -21.22] -17.91  Inventory: [2.0, 7.0, 1.0]  Order: [3.85, 3.82, 3.68] Demand: [3.925]
Reward for thread 2: [-14.28, -20.75, -20.39] -18.47  Inventory: [10.0, 43.0, 54.0]  Order: [7.81, 7.78, 7.8] Demand: [7.935]
Reward for thread 3: [-24.73, -25.04, -25.31] -25.03  Inventory: [0.0, 0.0, 0.0]  Order: [11.12, 11.04, 10.86] Demand: [11.225]
Reward for thread 4: [-32.51, -27.59, -29.47] -29.86  Inventory: [0.0, 22.0, 0.0]  Order: [11.35, 11.36, 11.24] Demand: [11.495]
Reward for thread 5: [-39.06, -27.08, -31.39] -32.51  Inventory: [0.0, 22.0, 12.0]  Order: [13.68, 13.86, 14.02] Demand: [13.965]

Eval average reward:  -24.837666666666667  Eval ordering fluctuation measurement (downstream to upstream):  [0.8525288535518183, 1.0441481105389134, 1.1740901948270228]

 Algo happo Exp ippo_seed14_formal_v1 updates 375/3000 episodes, total num timesteps 376000/3000000, FPS 117.

Reward for thread 1: [-14.81, -24.52, -23.19] -20.84  Inventory: [0.0, 7.0, 25.0]  Order: [5.59, 5.44, 5.32] Demand: [5.825]
Reward for thread 2: [-31.77, -24.18, -26.1] -27.35  Inventory: [0.0, 5.0, 13.0]  Order: [13.57, 13.61, 13.61] Demand: [13.685]
Reward for thread 3: [-50.46, -32.57, -32.83] -38.62  Inventory: [0.0, 0.0, 0.0]  Order: [13.72, 13.62, 13.5] Demand: [13.77]
Reward for thread 4: [-28.49, -30.18, -28.9] -29.19  Inventory: [0.0, 0.0, 0.0]  Order: [12.68, 12.78, 12.76] Demand: [12.725]
Reward for thread 5: [-108.38, -51.88, -46.37] -68.88  Inventory: [0.0, 0.0, 0.0]  Order: [17.16, 17.04, 17.02] Demand: [17.275]

 Algo happo Exp ippo_seed14_formal_v1 updates 376/3000 episodes, total num timesteps 377000/3000000, FPS 117.

Reward for thread 1: [-13.23, -19.32, -18.11] -16.89  Inventory: [5.0, 11.0, 19.0]  Order: [5.01, 4.83, 4.68] Demand: [5.225]
Reward for thread 2: [-15.11, -21.16, -21.24] -19.17  Inventory: [27.0, 15.0, 18.0]  Order: [8.76, 8.88, 8.97] Demand: [8.73]
Reward for thread 3: [-61.04, -35.88, -32.3] -43.07  Inventory: [0.0, 0.0, 0.0]  Order: [15.46, 15.38, 15.42] Demand: [15.36]
Reward for thread 4: [-17.57, -23.3, -22.64] -21.17  Inventory: [8.0, 22.0, 30.0]  Order: [7.5, 7.41, 7.38] Demand: [7.69]
Reward for thread 5: [-23.81, -21.17, -22.11] -22.36  Inventory: [10.0, 30.0, 22.0]  Order: [14.18, 14.14, 14.02] Demand: [14.255]

 Algo happo Exp ippo_seed14_formal_v1 updates 377/3000 episodes, total num timesteps 378000/3000000, FPS 118.

Reward for thread 1: [-70.13, -32.75, -34.93] -45.94  Inventory: [10.0, 12.0, 3.0]  Order: [15.63, 15.8, 15.85] Demand: [15.545]
Reward for thread 2: [-16.63, -23.35, -22.25] -20.74  Inventory: [1.0, 10.0, 0.0]  Order: [10.52, 10.62, 10.52] Demand: [10.51]
Reward for thread 3: [-12.62, -18.64, -17.54] -16.27  Inventory: [0.0, 0.0, 0.0]  Order: [8.56, 8.56, 8.54] Demand: [8.625]
Reward for thread 4: [-28.17, -23.87, -25.03] -25.69  Inventory: [0.0, 6.0, 20.0]  Order: [12.52, 12.57, 12.62] Demand: [12.59]
Reward for thread 5: [-30.59, -22.49, -21.83] -24.97  Inventory: [0.0, 0.0, 0.0]  Order: [12.17, 12.37, 12.42] Demand: [12.345]

 Algo happo Exp ippo_seed14_formal_v1 updates 378/3000 episodes, total num timesteps 379000/3000000, FPS 118.

Reward for thread 1: [-10.85, -18.56, -16.99] -15.47  Inventory: [0.0, 15.0, 21.0]  Order: [5.46, 5.42, 5.33] Demand: [5.65]
Reward for thread 2: [-24.6, -28.65, -23.8] -25.68  Inventory: [0.0, 17.0, 28.0]  Order: [7.93, 7.83, 7.72] Demand: [8.105]
Reward for thread 3: [-36.85, -28.54, -27.9] -31.1  Inventory: [0.0, 0.0, 0.0]  Order: [12.48, 12.68, 12.66] Demand: [12.73]
Reward for thread 4: [-50.13, -26.09, -27.5] -34.57  Inventory: [14.0, 19.0, 10.0]  Order: [15.78, 15.88, 15.98] Demand: [15.795]
Reward for thread 5: [-12.0, -20.59, -17.85] -16.81  Inventory: [0.0, 20.0, 18.0]  Order: [7.24, 7.26, 7.2] Demand: [7.395]

 Algo happo Exp ippo_seed14_formal_v1 updates 379/3000 episodes, total num timesteps 380000/3000000, FPS 118.

Reward for thread 1: [-12.12, -19.62, -21.34] -17.69  Inventory: [0.0, 14.0, 22.0]  Order: [4.66, 4.56, 4.43] Demand: [4.85]
Reward for thread 2: [-14.15, -20.49, -21.38] -18.67  Inventory: [0.0, 0.0, 0.0]  Order: [8.86, 8.96, 8.88] Demand: [8.875]
Reward for thread 3: [-32.38, -28.37, -28.56] -29.77  Inventory: [0.0, 8.0, 0.0]  Order: [11.82, 11.9, 11.94] Demand: [12.54]
Reward for thread 4: [-12.59, -19.14, -20.48] -17.4  Inventory: [4.0, 12.0, 2.0]  Order: [4.68, 4.64, 4.62] Demand: [4.78]
Reward for thread 5: [-84.97, -45.0, -38.17] -56.05  Inventory: [0.0, 0.0, 0.0]  Order: [16.85, 17.0, 16.97] Demand: [17.22]

Eval average reward:  -24.002583333333337  Eval ordering fluctuation measurement (downstream to upstream):  [0.8208767210329395, 1.0222946716387797, 1.1642984456895202]

 Algo happo Exp ippo_seed14_formal_v1 updates 380/3000 episodes, total num timesteps 381000/3000000, FPS 117.

Reward for thread 1: [-25.67, -22.29, -24.76] -24.24  Inventory: [0.0, 2.0, 5.0]  Order: [13.01, 13.06, 13.04] Demand: [13.085]
Reward for thread 2: [-27.23, -25.63, -23.92] -25.59  Inventory: [5.0, 82.0, 59.0]  Order: [11.98, 12.18, 12.29] Demand: [12.08]
Reward for thread 3: [-21.8, -20.26, -21.6] -21.22  Inventory: [0.0, 0.0, 0.0]  Order: [14.26, 14.28, 14.28] Demand: [14.325]
Reward for thread 4: [-17.34, -23.81, -23.59] -21.58  Inventory: [0.0, 0.0, 0.0]  Order: [9.8, 9.9, 9.93] Demand: [9.785]
Reward for thread 5: [-52.03, -32.01, -32.48] -38.84  Inventory: [0.0, 0.0, 0.0]  Order: [12.9, 12.96, 12.92] Demand: [13.685]

 Algo happo Exp ippo_seed14_formal_v1 updates 381/3000 episodes, total num timesteps 382000/3000000, FPS 118.

Reward for thread 1: [-11.77, -18.21, -21.53] -17.17  Inventory: [0.0, 20.0, 11.0]  Order: [4.7, 4.64, 4.46] Demand: [4.855]
Reward for thread 2: [-33.73, -25.48, -27.51] -28.91  Inventory: [8.0, 22.0, 27.0]  Order: [9.94, 9.8, 9.69] Demand: [10.14]
Reward for thread 3: [-11.33, -18.07, -19.92] -16.44  Inventory: [0.0, 50.0, 20.0]  Order: [3.7, 3.79, 3.74] Demand: [3.8]
Reward for thread 4: [-13.92, -21.61, -22.07] -19.2  Inventory: [0.0, 8.0, 31.0]  Order: [6.76, 6.61, 6.52] Demand: [6.935]
Reward for thread 5: [-13.88, -19.57, -18.87] -17.44  Inventory: [7.0, 25.0, 35.0]  Order: [7.34, 7.22, 7.15] Demand: [7.5]

 Algo happo Exp ippo_seed14_formal_v1 updates 382/3000 episodes, total num timesteps 383000/3000000, FPS 118.

Reward for thread 1: [-35.54, -28.29, -27.44] -30.42  Inventory: [0.0, 0.0, 0.0]  Order: [13.16, 13.18, 13.18] Demand: [13.62]
Reward for thread 2: [-76.31, -34.95, -34.9] -48.72  Inventory: [0.0, 0.0, 0.0]  Order: [14.76, 14.75, 14.7] Demand: [15.53]
Reward for thread 3: [-16.93, -21.12, -20.3] -19.45  Inventory: [13.0, 31.0, 35.0]  Order: [11.04, 11.11, 11.04] Demand: [11.135]
Reward for thread 4: [-10.5, -16.78, -19.16] -15.48  Inventory: [0.0, 13.0, 48.0]  Order: [4.0, 3.82, 3.82] Demand: [4.225]
Reward for thread 5: [-19.27, -22.59, -24.37] -22.08  Inventory: [5.0, 22.0, 20.0]  Order: [11.42, 11.5, 11.53] Demand: [11.435]

 Algo happo Exp ippo_seed14_formal_v1 updates 383/3000 episodes, total num timesteps 384000/3000000, FPS 118.

Reward for thread 1: [-13.47, -21.1, -24.86] -19.81  Inventory: [8.0, 15.0, 22.0]  Order: [3.9, 3.74, 3.6] Demand: [4.085]
Reward for thread 2: [-13.95, -21.25, -23.03] -19.41  Inventory: [0.0, 41.0, 0.0]  Order: [6.68, 6.9, 6.96] Demand: [6.75]
Reward for thread 3: [-16.36, -20.28, -19.63] -18.76  Inventory: [9.0, 18.0, 24.0]  Order: [6.98, 6.82, 6.7] Demand: [7.17]
Reward for thread 4: [-11.0, -18.5, -17.03] -15.51  Inventory: [11.0, 62.0, 50.0]  Order: [7.86, 7.92, 7.94] Demand: [8.015]
Reward for thread 5: [-12.64, -19.74, -19.9] -17.43  Inventory: [0.0, 18.0, 6.0]  Order: [6.44, 6.44, 6.24] Demand: [6.49]

 Algo happo Exp ippo_seed14_formal_v1 updates 384/3000 episodes, total num timesteps 385000/3000000, FPS 118.

Reward for thread 1: [-12.39, -19.96, -20.24] -17.53  Inventory: [19.0, 16.0, 17.0]  Order: [4.76, 4.64, 4.47] Demand: [4.91]
Reward for thread 2: [-9.5, -16.03, -17.02] -14.18  Inventory: [0.0, 0.0, 15.0]  Order: [3.8, 3.64, 3.56] Demand: [3.96]
Reward for thread 3: [-71.97, -34.84, -36.9] -47.9  Inventory: [0.0, 0.0, 0.0]  Order: [16.1, 16.24, 16.26] Demand: [16.27]
Reward for thread 4: [-26.83, -29.03, -28.35] -28.07  Inventory: [0.0, 4.0, 0.0]  Order: [10.13, 10.09, 10.01] Demand: [10.27]
Reward for thread 5: [-11.12, -16.27, -18.49] -15.29  Inventory: [5.0, 1.0, 2.0]  Order: [2.26, 2.07, 1.99] Demand: [2.435]

Eval average reward:  -24.35725  Eval ordering fluctuation measurement (downstream to upstream):  [0.7963136278767072, 1.0268837789275942, 1.177730895072635]

 Algo happo Exp ippo_seed14_formal_v1 updates 385/3000 episodes, total num timesteps 386000/3000000, FPS 117.

Reward for thread 1: [-29.32, -26.49, -28.17] -27.99  Inventory: [1.0, 7.0, 24.0]  Order: [8.8, 8.64, 8.52] Demand: [9.01]
Reward for thread 2: [-37.48, -24.78, -25.55] -29.27  Inventory: [0.0, 33.0, 27.0]  Order: [11.22, 11.24, 11.16] Demand: [11.38]
Reward for thread 3: [-11.6, -15.73, -17.35] -14.89  Inventory: [4.0, 9.0, 25.0]  Order: [1.68, 1.48, 1.36] Demand: [1.895]
Reward for thread 4: [-15.3, -23.44, -24.83] -21.19  Inventory: [0.0, 24.0, 27.0]  Order: [7.27, 7.2, 7.14] Demand: [7.44]
Reward for thread 5: [-15.87, -25.73, -27.86] -23.15  Inventory: [4.0, 32.0, 40.0]  Order: [5.91, 5.82, 5.78] Demand: [6.105]

 Algo happo Exp ippo_seed14_formal_v1 updates 386/3000 episodes, total num timesteps 387000/3000000, FPS 118.

Reward for thread 1: [-21.79, -21.95, -22.27] -22.0  Inventory: [0.0, 0.0, 0.0]  Order: [8.9, 8.98, 8.96] Demand: [9.125]
Reward for thread 2: [-14.94, -22.35, -24.15] -20.48  Inventory: [0.0, 8.0, 0.0]  Order: [5.48, 5.5, 5.42] Demand: [5.575]
Reward for thread 3: [-51.96, -30.99, -29.63] -37.53  Inventory: [0.0, 0.0, 0.0]  Order: [13.36, 13.44, 13.32] Demand: [13.305]
Reward for thread 4: [-12.75, -18.5, -22.34] -17.86  Inventory: [8.0, 24.0, 12.0]  Order: [2.72, 2.59, 2.41] Demand: [2.925]
Reward for thread 5: [-22.84, -21.12, -18.41] -20.79  Inventory: [11.0, 34.0, 36.0]  Order: [10.32, 10.32, 10.26] Demand: [10.445]

 Algo happo Exp ippo_seed14_formal_v1 updates 387/3000 episodes, total num timesteps 388000/3000000, FPS 118.

Reward for thread 1: [-12.94, -19.52, -20.63] -17.7  Inventory: [0.0, 6.0, 30.0]  Order: [5.21, 5.04, 5.02] Demand: [5.33]
Reward for thread 2: [-10.19, -16.64, -16.85] -14.56  Inventory: [0.0, 20.0, 28.0]  Order: [5.14, 5.04, 4.93] Demand: [5.365]
Reward for thread 3: [-14.22, -22.66, -24.95] -20.61  Inventory: [4.0, 18.0, 25.0]  Order: [3.79, 3.63, 3.51] Demand: [3.965]
Reward for thread 4: [-18.33, -23.02, -20.78] -20.71  Inventory: [0.0, 23.0, 20.0]  Order: [6.14, 6.0, 5.88] Demand: [6.36]
Reward for thread 5: [-16.97, -25.42, -30.34] -24.24  Inventory: [0.0, 15.0, 19.0]  Order: [4.02, 3.92, 3.86] Demand: [4.2]

 Algo happo Exp ippo_seed14_formal_v1 updates 388/3000 episodes, total num timesteps 389000/3000000, FPS 118.

Reward for thread 1: [-60.14, -32.5, -30.77] -41.14  Inventory: [0.0, 0.0, 0.0]  Order: [15.04, 15.1, 15.18] Demand: [15.09]
Reward for thread 2: [-22.26, -23.38, -22.75] -22.8  Inventory: [6.0, 34.0, 1.0]  Order: [10.34, 10.31, 10.26] Demand: [10.52]
Reward for thread 3: [-12.16, -19.16, -17.17] -16.16  Inventory: [3.0, 25.0, 44.0]  Order: [6.02, 5.93, 5.96] Demand: [6.205]
Reward for thread 4: [-65.36, -38.73, -35.58] -46.56  Inventory: [0.0, 12.0, 0.0]  Order: [15.22, 15.3, 15.2] Demand: [15.255]
Reward for thread 5: [-11.82, -16.36, -20.96] -16.38  Inventory: [0.0, 13.0, 29.0]  Order: [2.06, 1.88, 1.79] Demand: [2.23]

 Algo happo Exp ippo_seed14_formal_v1 updates 389/3000 episodes, total num timesteps 390000/3000000, FPS 118.

Reward for thread 1: [-13.05, -21.19, -20.04] -18.09  Inventory: [0.0, 0.0, 0.0]  Order: [7.4, 7.19, 6.95] Demand: [7.445]
Reward for thread 2: [-14.3, -18.92, -21.04] -18.09  Inventory: [15.0, 36.0, 56.0]  Order: [7.78, 7.72, 7.76] Demand: [7.955]
Reward for thread 3: [-41.73, -23.57, -24.94] -30.08  Inventory: [0.0, 7.0, 0.0]  Order: [14.28, 14.56, 14.56] Demand: [14.33]
Reward for thread 4: [-14.2, -20.53, -21.45] -18.73  Inventory: [0.0, 21.0, 14.0]  Order: [6.78, 6.74, 6.7] Demand: [6.87]
Reward for thread 5: [-18.73, -21.21, -22.76] -20.9  Inventory: [4.0, 22.0, 27.0]  Order: [11.5, 11.47, 11.44] Demand: [11.6]

Eval average reward:  -24.77116666666667  Eval ordering fluctuation measurement (downstream to upstream):  [0.8700814611053941, 1.0761626186267663, 1.229089456957538]

 Algo happo Exp ippo_seed14_formal_v1 updates 390/3000 episodes, total num timesteps 391000/3000000, FPS 117.

Reward for thread 1: [-33.08, -29.38, -27.46] -29.97  Inventory: [0.0, 0.0, 11.0]  Order: [10.14, 9.99, 9.84] Demand: [10.295]
Reward for thread 2: [-42.62, -22.74, -22.48] -29.28  Inventory: [12.0, 49.0, 4.0]  Order: [12.98, 13.06, 13.06] Demand: [13.06]
Reward for thread 3: [-17.93, -21.82, -22.52] -20.76  Inventory: [0.0, 28.0, 28.0]  Order: [9.82, 9.93, 10.01] Demand: [9.825]
Reward for thread 4: [-17.8, -22.88, -22.32] -21.0  Inventory: [5.0, 18.0, 9.0]  Order: [7.97, 8.02, 7.88] Demand: [7.995]
Reward for thread 5: [-153.05, -112.05, -64.63] -109.91  Inventory: [0.0, 0.0, 0.0]  Order: [15.41, 14.14, 14.12] Demand: [15.79]

 Algo happo Exp ippo_seed14_formal_v1 updates 391/3000 episodes, total num timesteps 392000/3000000, FPS 118.

Reward for thread 1: [-14.92, -21.12, -22.73] -19.59  Inventory: [1.0, 10.0, 0.0]  Order: [7.44, 7.43, 7.38] Demand: [7.58]
Reward for thread 2: [-109.47, -44.39, -43.32] -65.73  Inventory: [0.0, 13.0, 40.0]  Order: [15.5, 15.52, 15.65] Demand: [15.635]
Reward for thread 3: [-10.67, -17.3, -17.43] -15.13  Inventory: [7.0, 13.0, 6.0]  Order: [3.58, 3.45, 3.38] Demand: [3.76]
Reward for thread 4: [-15.18, -24.46, -25.03] -21.56  Inventory: [3.0, 12.0, 2.0]  Order: [6.24, 6.1, 6.02] Demand: [6.375]
Reward for thread 5: [-10.48, -17.85, -18.48] -15.6  Inventory: [3.0, 14.0, 25.0]  Order: [3.45, 3.29, 3.19] Demand: [3.655]

 Algo happo Exp ippo_seed14_formal_v1 updates 392/3000 episodes, total num timesteps 393000/3000000, FPS 118.

Reward for thread 1: [-24.02, -22.77, -22.09] -22.96  Inventory: [5.0, 45.0, 35.0]  Order: [10.02, 10.04, 9.99] Demand: [10.145]
Reward for thread 2: [-18.0, -17.97, -19.47] -18.48  Inventory: [0.0, 0.0, 0.0]  Order: [9.43, 9.62, 9.54] Demand: [9.525]
Reward for thread 3: [-11.82, -17.73, -20.24] -16.6  Inventory: [3.0, 20.0, 21.0]  Order: [2.14, 2.0, 1.86] Demand: [2.365]
Reward for thread 4: [-22.92, -19.72, -21.3] -21.31  Inventory: [0.0, 26.0, 0.0]  Order: [8.74, 8.75, 8.7] Demand: [8.94]
Reward for thread 5: [-125.94, -62.66, -51.97] -80.19  Inventory: [0.0, 0.0, 0.0]  Order: [16.85, 16.53, 16.54] Demand: [17.5]

 Algo happo Exp ippo_seed14_formal_v1 updates 393/3000 episodes, total num timesteps 394000/3000000, FPS 118.

Reward for thread 1: [-17.89, -26.64, -28.28] -24.27  Inventory: [0.0, 0.0, 28.0]  Order: [6.85, 6.7, 6.68] Demand: [6.98]
Reward for thread 2: [-14.2, -22.48, -23.77] -20.15  Inventory: [0.0, 15.0, 5.0]  Order: [4.14, 4.01, 3.86] Demand: [4.345]
Reward for thread 3: [-44.35, -30.49, -28.07] -34.3  Inventory: [0.0, 0.0, 0.0]  Order: [13.02, 13.15, 13.17] Demand: [13.665]
Reward for thread 4: [-12.42, -20.3, -20.24] -17.65  Inventory: [0.0, 5.0, 15.0]  Order: [6.54, 6.4, 6.26] Demand: [6.73]
Reward for thread 5: [-22.75, -20.72, -23.96] -22.48  Inventory: [0.0, 10.0, 24.0]  Order: [13.22, 13.15, 13.11] Demand: [13.255]

 Algo happo Exp ippo_seed14_formal_v1 updates 394/3000 episodes, total num timesteps 395000/3000000, FPS 118.

Reward for thread 1: [-29.25, -23.05, -25.56] -25.95  Inventory: [0.0, 10.0, 19.0]  Order: [13.79, 13.88, 13.91] Demand: [13.84]
Reward for thread 2: [-11.32, -16.66, -18.23] -15.4  Inventory: [8.0, 6.0, 8.0]  Order: [5.64, 5.52, 5.5] Demand: [5.775]
Reward for thread 3: [-33.44, -27.09, -29.89] -30.14  Inventory: [0.0, 0.0, 0.0]  Order: [13.46, 13.44, 13.49] Demand: [14.115]
Reward for thread 4: [-17.24, -24.92, -30.46] -24.21  Inventory: [16.0, 19.0, 49.0]  Order: [6.14, 6.02, 6.02] Demand: [6.3]
Reward for thread 5: [-18.67, -22.02, -23.6] -21.43  Inventory: [0.0, 28.0, 30.0]  Order: [9.24, 9.28, 9.29] Demand: [9.36]

Eval average reward:  -24.009416666666663  Eval ordering fluctuation measurement (downstream to upstream):  [0.8088195005708407, 1.0268518020958153, 1.209296238424288]

 Algo happo Exp ippo_seed14_formal_v1 updates 395/3000 episodes, total num timesteps 396000/3000000, FPS 117.

Reward for thread 1: [-19.12, -19.59, -23.91] -20.87  Inventory: [52.0, 8.0, 35.0]  Order: [1.34, 1.14, 1.1] Demand: [1.335]
Reward for thread 2: [-10.83, -16.32, -18.1] -15.08  Inventory: [0.0, 9.0, 0.0]  Order: [6.12, 6.11, 5.97] Demand: [6.225]
Reward for thread 3: [-30.32, -21.86, -21.81] -24.66  Inventory: [2.0, 11.0, 6.0]  Order: [11.78, 11.8, 11.82] Demand: [11.89]
Reward for thread 4: [-22.35, -24.68, -22.84] -23.29  Inventory: [5.0, 36.0, 46.0]  Order: [9.9, 9.86, 9.84] Demand: [10.015]
Reward for thread 5: [-12.58, -18.36, -16.96] -15.97  Inventory: [14.0, 22.0, 0.0]  Order: [8.94, 9.01, 8.86] Demand: [9.01]

 Algo happo Exp ippo_seed14_formal_v1 updates 396/3000 episodes, total num timesteps 397000/3000000, FPS 118.

Reward for thread 1: [-12.64, -19.35, -22.79] -18.26  Inventory: [0.0, 24.0, 7.0]  Order: [4.02, 3.98, 3.88] Demand: [4.22]
Reward for thread 2: [-41.11, -21.5, -23.69] -28.77  Inventory: [0.0, 0.0, 0.0]  Order: [14.5, 14.65, 14.64] Demand: [15.47]
Reward for thread 3: [-18.86, -21.23, -23.27] -21.12  Inventory: [15.0, 18.0, 17.0]  Order: [8.79, 8.74, 8.74] Demand: [8.91]
Reward for thread 4: [-19.21, -20.86, -21.18] -20.42  Inventory: [0.0, 0.0, 0.0]  Order: [11.38, 11.46, 11.4] Demand: [11.27]
Reward for thread 5: [-13.65, -20.22, -24.49] -19.45  Inventory: [24.0, 10.0, 28.0]  Order: [1.71, 1.58, 1.48] Demand: [1.79]

 Algo happo Exp ippo_seed14_formal_v1 updates 397/3000 episodes, total num timesteps 398000/3000000, FPS 118.

Reward for thread 1: [-18.48, -20.0, -21.7] -20.06  Inventory: [5.0, 20.0, 11.0]  Order: [7.04, 7.04, 7.02] Demand: [7.15]
Reward for thread 2: [-67.16, -32.75, -32.37] -44.09  Inventory: [0.0, 0.0, 0.0]  Order: [14.88, 15.05, 14.94] Demand: [15.015]
Reward for thread 3: [-12.98, -16.05, -16.38] -15.14  Inventory: [23.0, 4.0, 0.0]  Order: [10.02, 10.07, 10.04] Demand: [9.97]
Reward for thread 4: [-11.4, -16.15, -16.15] -14.57  Inventory: [9.0, 27.0, 8.0]  Order: [7.45, 7.45, 7.4] Demand: [7.56]
Reward for thread 5: [-15.15, -18.96, -26.0] -20.04  Inventory: [13.0, 20.0, 50.0]  Order: [2.08, 1.93, 1.94] Demand: [2.26]

 Algo happo Exp ippo_seed14_formal_v1 updates 398/3000 episodes, total num timesteps 399000/3000000, FPS 118.

Reward for thread 1: [-95.19, -48.52, -45.19] -62.97  Inventory: [0.0, 0.0, 0.0]  Order: [16.8, 16.56, 16.6] Demand: [16.965]
Reward for thread 2: [-11.77, -18.83, -20.21] -16.94  Inventory: [7.0, 28.0, 34.0]  Order: [3.73, 3.62, 3.58] Demand: [3.89]
Reward for thread 3: [-63.39, -30.65, -36.25] -43.43  Inventory: [0.0, 0.0, 0.0]  Order: [15.34, 15.4, 15.3] Demand: [16.555]
Reward for thread 4: [-29.66, -22.96, -24.68] -25.77  Inventory: [0.0, 0.0, 0.0]  Order: [13.26, 13.38, 13.32] Demand: [13.57]
Reward for thread 5: [-17.54, -28.42, -26.12] -24.03  Inventory: [2.0, 23.0, 14.0]  Order: [5.84, 5.75, 5.6] Demand: [5.995]

 Algo happo Exp ippo_seed14_formal_v1 updates 399/3000 episodes, total num timesteps 400000/3000000, FPS 118.

Reward for thread 1: [-13.88, -23.28, -24.89] -20.68  Inventory: [44.0, 58.0, 56.0]  Order: [5.46, 5.58, 5.64] Demand: [5.49]
Reward for thread 2: [-15.58, -25.2, -28.99] -23.26  Inventory: [4.0, 13.0, 29.0]  Order: [3.01, 2.86, 2.76] Demand: [3.22]
Reward for thread 3: [-12.31, -16.36, -18.89] -15.85  Inventory: [9.0, 0.0, 11.0]  Order: [9.07, 8.98, 8.98] Demand: [9.07]
Reward for thread 4: [-41.93, -25.44, -24.29] -30.55  Inventory: [0.0, 0.0, 0.0]  Order: [11.95, 12.04, 12.02] Demand: [13.04]
Reward for thread 5: [-13.4, -21.5, -24.78] -19.89  Inventory: [5.0, 15.0, 2.0]  Order: [3.66, 3.61, 3.48] Demand: [3.81]

Eval average reward:  -22.80966666666667  Eval ordering fluctuation measurement (downstream to upstream):  [0.8126053820979694, 1.0364242344910992, 1.212346609033537]

 Algo happo Exp ippo_seed14_formal_v1 updates 400/3000 episodes, total num timesteps 401000/3000000, FPS 118.

Reward for thread 1: [-18.27, -18.05, -20.61] -18.98  Inventory: [12.0, 41.0, 43.0]  Order: [8.7, 8.66, 8.64] Demand: [8.865]
Reward for thread 2: [-12.47, -20.79, -23.64] -18.97  Inventory: [7.0, 26.0, 34.0]  Order: [2.48, 2.37, 2.3] Demand: [2.695]
Reward for thread 3: [-119.33, -47.46, -45.03] -70.61  Inventory: [0.0, 0.0, 0.0]  Order: [16.57, 16.62, 16.68] Demand: [17.415]
Reward for thread 4: [-11.71, -18.35, -18.87] -16.31  Inventory: [1.0, 0.0, 0.0]  Order: [5.56, 5.47, 5.36] Demand: [5.725]
Reward for thread 5: [-13.04, -20.04, -21.94] -18.34  Inventory: [1.0, 11.0, 58.0]  Order: [4.98, 4.8, 4.85] Demand: [5.155]

 Algo happo Exp ippo_seed14_formal_v1 updates 401/3000 episodes, total num timesteps 402000/3000000, FPS 118.

Reward for thread 1: [-17.3, -21.29, -21.32] -19.97  Inventory: [30.0, 33.0, 36.0]  Order: [1.62, 1.54, 1.48] Demand: [1.72]
Reward for thread 2: [-11.45, -17.83, -19.3] -16.19  Inventory: [6.0, 37.0, 17.0]  Order: [5.03, 5.01, 4.86] Demand: [5.19]
Reward for thread 3: [-15.1, -22.08, -21.38] -19.52  Inventory: [10.0, 13.0, 17.0]  Order: [6.63, 6.5, 6.35] Demand: [6.825]
Reward for thread 4: [-12.41, -19.3, -19.58] -17.1  Inventory: [10.0, 23.0, 31.0]  Order: [6.4, 6.35, 6.27] Demand: [6.49]
Reward for thread 5: [-12.53, -17.97, -19.34] -16.61  Inventory: [1.0, 16.0, 11.0]  Order: [5.78, 5.67, 5.6] Demand: [5.99]

 Algo happo Exp ippo_seed14_formal_v1 updates 402/3000 episodes, total num timesteps 403000/3000000, FPS 118.

Reward for thread 1: [-10.99, -16.79, -17.72] -15.17  Inventory: [0.0, 13.0, 25.0]  Order: [7.44, 7.31, 7.18] Demand: [7.62]
Reward for thread 2: [-30.52, -25.85, -24.39] -26.92  Inventory: [7.0, 42.0, 33.0]  Order: [13.66, 13.74, 13.68] Demand: [13.76]
Reward for thread 3: [-16.06, -22.12, -24.53] -20.9  Inventory: [0.0, 22.0, 26.0]  Order: [4.95, 4.82, 4.7] Demand: [5.18]
Reward for thread 4: [-14.31, -22.43, -20.61] -19.12  Inventory: [5.0, 20.0, 11.0]  Order: [7.08, 6.96, 6.78] Demand: [7.265]
Reward for thread 5: [-18.88, -20.78, -21.44] -20.37  Inventory: [0.0, 17.0, 24.0]  Order: [9.94, 9.86, 9.74] Demand: [10.03]

 Algo happo Exp ippo_seed14_formal_v1 updates 403/3000 episodes, total num timesteps 404000/3000000, FPS 118.

Reward for thread 1: [-22.68, -17.89, -19.76] -20.11  Inventory: [0.0, 1.0, 0.0]  Order: [12.86, 12.99, 12.9] Demand: [13.35]
Reward for thread 2: [-51.92, -29.74, -32.34] -38.0  Inventory: [10.0, 11.0, 19.0]  Order: [10.33, 10.24, 10.24] Demand: [10.48]
Reward for thread 3: [-13.36, -19.93, -22.45] -18.58  Inventory: [5.0, 14.0, 29.0]  Order: [5.78, 5.7, 5.7] Demand: [5.965]
Reward for thread 4: [-16.72, -25.31, -28.83] -23.62  Inventory: [13.0, 15.0, 42.0]  Order: [3.26, 3.1, 3.06] Demand: [3.445]
Reward for thread 5: [-12.79, -18.99, -21.6] -17.79  Inventory: [0.0, 26.0, 44.0]  Order: [5.17, 5.07, 5.06] Demand: [5.405]

 Algo happo Exp ippo_seed14_formal_v1 updates 404/3000 episodes, total num timesteps 405000/3000000, FPS 118.

Reward for thread 1: [-39.01, -25.7, -28.8] -31.17  Inventory: [0.0, 0.0, 0.0]  Order: [13.64, 13.72, 13.72] Demand: [14.47]
Reward for thread 2: [-17.99, -26.27, -25.8] -23.35  Inventory: [10.0, 16.0, 27.0]  Order: [6.71, 6.64, 6.59] Demand: [6.765]
Reward for thread 3: [-48.95, -30.91, -31.77] -37.21  Inventory: [0.0, 0.0, 0.0]  Order: [14.54, 14.58, 14.58] Demand: [14.755]
Reward for thread 4: [-12.81, -18.65, -23.61] -18.36  Inventory: [8.0, 0.0, 19.0]  Order: [5.72, 5.64, 5.55] Demand: [5.82]
Reward for thread 5: [-23.34, -24.14, -25.45] -24.31  Inventory: [13.0, 13.0, 0.0]  Order: [12.87, 13.09, 12.96] Demand: [12.91]

Eval average reward:  -26.48675  Eval ordering fluctuation measurement (downstream to upstream):  [0.8633534811722028, 1.0538623930074154, 1.2104745783069997]

 Algo happo Exp ippo_seed14_formal_v1 updates 405/3000 episodes, total num timesteps 406000/3000000, FPS 118.

Reward for thread 1: [-17.42, -23.61, -22.04] -21.02  Inventory: [0.0, 2.0, 0.0]  Order: [8.61, 8.62, 8.48] Demand: [8.685]
Reward for thread 2: [-12.06, -17.92, -18.85] -16.28  Inventory: [14.0, 11.0, 0.0]  Order: [6.12, 6.22, 6.18] Demand: [6.2]
Reward for thread 3: [-15.83, -21.5, -18.96] -18.76  Inventory: [0.0, 0.0, 0.0]  Order: [8.55, 8.47, 8.38] Demand: [8.58]
Reward for thread 4: [-41.0, -26.66, -25.94] -31.2  Inventory: [0.0, 11.0, 0.0]  Order: [13.8, 13.95, 13.84] Demand: [13.89]
Reward for thread 5: [-13.62, -20.5, -21.05] -18.39  Inventory: [0.0, 0.0, 0.0]  Order: [7.55, 7.52, 7.45] Demand: [7.44]

 Algo happo Exp ippo_seed14_formal_v1 updates 406/3000 episodes, total num timesteps 407000/3000000, FPS 118.

Reward for thread 1: [-12.6, -19.69, -18.7] -17.0  Inventory: [9.0, 30.0, 13.0]  Order: [5.53, 5.48, 5.36] Demand: [5.7]
Reward for thread 2: [-16.25, -28.33, -27.87] -24.15  Inventory: [12.0, 48.0, 47.0]  Order: [2.88, 2.86, 2.86] Demand: [3.065]
Reward for thread 3: [-16.07, -17.08, -18.59] -17.25  Inventory: [0.0, 0.0, 1.0]  Order: [10.52, 10.48, 10.54] Demand: [10.555]
Reward for thread 4: [-17.29, -20.68, -19.41] -19.13  Inventory: [8.0, 49.0, 24.0]  Order: [9.76, 9.76, 9.64] Demand: [9.95]
Reward for thread 5: [-91.7, -37.1, -37.33] -55.38  Inventory: [0.0, 14.0, 3.0]  Order: [15.92, 15.88, 15.78] Demand: [15.965]

 Algo happo Exp ippo_seed14_formal_v1 updates 407/3000 episodes, total num timesteps 408000/3000000, FPS 118.

Reward for thread 1: [-15.05, -22.69, -22.96] -20.23  Inventory: [3.0, 25.0, 28.0]  Order: [6.43, 6.34, 6.24] Demand: [6.635]
Reward for thread 2: [-18.79, -23.73, -33.03] -25.18  Inventory: [21.0, 17.0, 65.0]  Order: [3.3, 3.13, 3.22] Demand: [3.44]
Reward for thread 3: [-42.56, -26.52, -25.28] -31.45  Inventory: [4.0, 12.0, 33.0]  Order: [14.54, 14.52, 14.57] Demand: [14.585]
Reward for thread 4: [-24.62, -28.53, -26.97] -26.71  Inventory: [0.0, 0.0, 0.0]  Order: [11.84, 11.84, 11.76] Demand: [11.875]
Reward for thread 5: [-11.17, -17.4, -18.17] -15.58  Inventory: [0.0, 0.0, 25.0]  Order: [5.28, 5.24, 5.14] Demand: [5.33]

 Algo happo Exp ippo_seed14_formal_v1 updates 408/3000 episodes, total num timesteps 409000/3000000, FPS 118.

Reward for thread 1: [-14.69, -19.21, -19.41] -17.77  Inventory: [0.0, 0.0, 0.0]  Order: [8.66, 8.7, 8.64] Demand: [8.715]
Reward for thread 2: [-19.57, -28.91, -29.65] -26.04  Inventory: [18.0, 53.0, 35.0]  Order: [6.94, 6.95, 6.89] Demand: [7.095]
Reward for thread 3: [-15.06, -19.35, -21.05] -18.49  Inventory: [0.0, 24.0, 11.0]  Order: [6.3, 6.26, 6.08] Demand: [6.345]
Reward for thread 4: [-14.64, -19.84, -18.23] -17.57  Inventory: [0.0, 0.0, 0.0]  Order: [9.52, 9.46, 9.5] Demand: [9.41]
Reward for thread 5: [-10.18, -16.71, -18.86] -15.25  Inventory: [4.0, 5.0, 0.0]  Order: [3.98, 3.88, 3.8] Demand: [4.11]

 Algo happo Exp ippo_seed14_formal_v1 updates 409/3000 episodes, total num timesteps 410000/3000000, FPS 118.

Reward for thread 1: [-30.33, -25.37, -25.2] -26.97  Inventory: [0.0, 3.0, 0.0]  Order: [13.01, 13.32, 13.28] Demand: [13.305]
Reward for thread 2: [-27.54, -22.32, -23.0] -24.29  Inventory: [0.0, 0.0, 0.0]  Order: [14.54, 14.65, 14.52] Demand: [14.93]
Reward for thread 3: [-50.82, -31.92, -31.84] -38.19  Inventory: [0.0, 0.0, 0.0]  Order: [15.35, 15.47, 15.46] Demand: [15.875]
Reward for thread 4: [-11.32, -18.34, -17.11] -15.59  Inventory: [8.0, 43.0, 42.0]  Order: [5.38, 5.42, 5.4] Demand: [5.49]
Reward for thread 5: [-11.44, -16.45, -17.08] -14.99  Inventory: [0.0, 0.0, 0.0]  Order: [6.1, 5.9, 5.76] Demand: [6.145]

Eval average reward:  -23.942166666666665  Eval ordering fluctuation measurement (downstream to upstream):  [0.7592152602347105, 0.9958456287632345, 1.2096380576663188]

 Algo happo Exp ippo_seed14_formal_v1 updates 410/3000 episodes, total num timesteps 411000/3000000, FPS 118.

Reward for thread 1: [-37.14, -30.69, -24.43] -30.75  Inventory: [0.0, 0.0, 0.0]  Order: [13.9, 13.7, 13.68] Demand: [14.04]
Reward for thread 2: [-27.01, -28.29, -21.74] -25.68  Inventory: [0.0, 0.0, 0.0]  Order: [11.96, 11.97, 12.0] Demand: [12.255]
Reward for thread 3: [-18.27, -25.76, -29.2] -24.41  Inventory: [11.0, 30.0, 45.0]  Order: [1.45, 1.35, 1.34] Demand: [1.64]
Reward for thread 4: [-15.58, -23.04, -24.07] -20.9  Inventory: [4.0, 12.0, 10.0]  Order: [7.12, 7.02, 6.84] Demand: [7.285]
Reward for thread 5: [-13.84, -22.87, -24.45] -20.39  Inventory: [5.0, 21.0, 29.0]  Order: [3.78, 3.64, 3.55] Demand: [3.99]

 Algo happo Exp ippo_seed14_formal_v1 updates 411/3000 episodes, total num timesteps 412000/3000000, FPS 118.

Reward for thread 1: [-14.87, -21.5, -18.89] -18.42  Inventory: [0.0, 10.0, 14.0]  Order: [6.85, 6.72, 6.57] Demand: [7.055]
Reward for thread 2: [-39.32, -36.62, -27.11] -34.35  Inventory: [0.0, 0.0, 0.0]  Order: [11.95, 11.78, 11.78] Demand: [11.835]
Reward for thread 3: [-11.86, -19.26, -18.12] -16.41  Inventory: [11.0, 41.0, 38.0]  Order: [4.38, 4.36, 4.3] Demand: [4.55]
Reward for thread 4: [-10.62, -16.15, -17.66] -14.81  Inventory: [6.0, 24.0, 16.0]  Order: [2.32, 2.19, 2.04] Demand: [2.53]
Reward for thread 5: [-12.84, -19.48, -17.93] -16.75  Inventory: [0.0, 14.0, 23.0]  Order: [5.4, 5.24, 5.12] Demand: [5.615]

 Algo happo Exp ippo_seed14_formal_v1 updates 412/3000 episodes, total num timesteps 413000/3000000, FPS 118.

Reward for thread 1: [-31.73, -35.25, -25.97] -30.98  Inventory: [0.0, 0.0, 0.0]  Order: [12.56, 12.32, 12.34] Demand: [12.745]
Reward for thread 2: [-17.73, -25.09, -25.0] -22.61  Inventory: [11.0, 29.0, 20.0]  Order: [8.46, 8.41, 8.27] Demand: [8.645]
Reward for thread 3: [-24.42, -28.94, -25.6] -26.32  Inventory: [15.0, 44.0, 58.0]  Order: [7.13, 7.1, 7.16] Demand: [7.305]
Reward for thread 4: [-11.92, -18.18, -18.67] -16.26  Inventory: [4.0, 13.0, 26.0]  Order: [5.08, 4.96, 4.84] Demand: [5.27]
Reward for thread 5: [-103.09, -88.63, -49.4] -80.37  Inventory: [0.0, 0.0, 0.0]  Order: [15.74, 14.36, 14.37] Demand: [15.53]

 Algo happo Exp ippo_seed14_formal_v1 updates 413/3000 episodes, total num timesteps 414000/3000000, FPS 118.

Reward for thread 1: [-11.82, -16.57, -17.01] -15.13  Inventory: [3.0, 21.0, 42.0]  Order: [5.83, 5.69, 5.65] Demand: [6.025]
Reward for thread 2: [-10.78, -17.92, -17.93] -15.54  Inventory: [1.0, 15.0, 32.0]  Order: [3.66, 3.53, 3.44] Demand: [3.82]
Reward for thread 3: [-15.1, -23.95, -25.21] -21.42  Inventory: [3.0, 17.0, 34.0]  Order: [4.89, 4.72, 4.65] Demand: [5.105]
Reward for thread 4: [-12.79, -18.47, -19.17] -16.81  Inventory: [0.0, 3.0, 17.0]  Order: [5.72, 5.59, 5.44] Demand: [5.875]
Reward for thread 5: [-13.22, -20.09, -18.75] -17.35  Inventory: [9.0, 30.0, 13.0]  Order: [7.01, 6.95, 6.83] Demand: [7.2]

 Algo happo Exp ippo_seed14_formal_v1 updates 414/3000 episodes, total num timesteps 415000/3000000, FPS 118.

Reward for thread 1: [-11.57, -17.5, -16.86] -15.31  Inventory: [4.0, 23.0, 30.0]  Order: [7.17, 7.04, 6.96] Demand: [7.355]
Reward for thread 2: [-11.9, -17.18, -17.38] -15.49  Inventory: [0.0, 7.0, 4.0]  Order: [4.49, 4.43, 4.22] Demand: [4.695]
Reward for thread 3: [-25.01, -29.98, -26.22] -27.07  Inventory: [0.0, 0.0, 8.0]  Order: [9.94, 9.83, 9.84] Demand: [10.035]
Reward for thread 4: [-17.09, -22.64, -32.27] -24.0  Inventory: [7.0, 6.0, 50.0]  Order: [2.87, 2.66, 2.72] Demand: [3.06]
Reward for thread 5: [-13.69, -15.74, -17.4] -15.61  Inventory: [8.0, 0.0, 5.0]  Order: [11.54, 11.45, 11.42] Demand: [11.535]

Eval average reward:  -23.387416666666667  Eval ordering fluctuation measurement (downstream to upstream):  [0.8161850725352086, 1.0924078347628474, 1.2268034061791022]

 Algo happo Exp ippo_seed14_formal_v1 updates 415/3000 episodes, total num timesteps 416000/3000000, FPS 118.

Reward for thread 1: [-18.21, -25.35, -23.76] -22.44  Inventory: [0.0, 0.0, 0.0]  Order: [11.5, 11.56, 11.54] Demand: [11.305]
Reward for thread 2: [-11.59, -18.63, -23.63] -17.95  Inventory: [10.0, 9.0, 76.0]  Order: [2.72, 2.54, 2.68] Demand: [2.91]
Reward for thread 3: [-41.84, -38.85, -29.54] -36.74  Inventory: [0.0, 0.0, 0.0]  Order: [12.77, 12.62, 12.62] Demand: [13.215]
Reward for thread 4: [-55.14, -48.37, -33.73] -45.75  Inventory: [0.0, 0.0, 0.0]  Order: [11.77, 11.18, 11.16] Demand: [12.165]
Reward for thread 5: [-13.71, -21.4, -19.43] -18.18  Inventory: [0.0, 0.0, 0.0]  Order: [7.78, 7.59, 7.52] Demand: [7.69]

 Algo happo Exp ippo_seed14_formal_v1 updates 416/3000 episodes, total num timesteps 417000/3000000, FPS 118.

Reward for thread 1: [-9.82, -16.98, -16.97] -14.59  Inventory: [11.0, 16.0, 2.0]  Order: [3.52, 3.51, 3.46] Demand: [3.665]
Reward for thread 2: [-10.69, -17.72, -19.1] -15.84  Inventory: [1.0, 12.0, 26.0]  Order: [3.86, 3.68, 3.56] Demand: [4.035]
Reward for thread 3: [-20.0, -24.42, -21.28] -21.9  Inventory: [0.0, 0.0, 0.0]  Order: [8.16, 8.15, 8.16] Demand: [8.18]
Reward for thread 4: [-14.51, -23.15, -21.21] -19.62  Inventory: [0.0, 0.0, 0.0]  Order: [6.94, 7.01, 6.96] Demand: [6.81]
Reward for thread 5: [-20.34, -21.93, -21.67] -21.31  Inventory: [0.0, 0.0, 0.0]  Order: [10.64, 10.97, 10.78] Demand: [10.83]

 Algo happo Exp ippo_seed14_formal_v1 updates 417/3000 episodes, total num timesteps 418000/3000000, FPS 118.

Reward for thread 1: [-11.45, -17.58, -19.17] -16.07  Inventory: [7.0, 15.0, 31.0]  Order: [2.78, 2.6, 2.5] Demand: [2.98]
Reward for thread 2: [-16.22, -20.15, -18.46] -18.28  Inventory: [4.0, 0.0, 23.0]  Order: [11.29, 11.15, 11.18] Demand: [11.225]
Reward for thread 3: [-14.55, -20.08, -18.68] -17.77  Inventory: [0.0, 17.0, 4.0]  Order: [8.71, 8.7, 8.57] Demand: [8.81]
Reward for thread 4: [-41.49, -25.06, -25.01] -30.52  Inventory: [0.0, 12.0, 0.0]  Order: [11.88, 12.06, 12.0] Demand: [11.96]
Reward for thread 5: [-154.21, -105.98, -61.75] -107.31  Inventory: [0.0, 0.0, 0.0]  Order: [16.26, 15.38, 15.28] Demand: [15.75]

 Algo happo Exp ippo_seed14_formal_v1 updates 418/3000 episodes, total num timesteps 419000/3000000, FPS 118.

Reward for thread 1: [-22.79, -25.69, -23.54] -24.01  Inventory: [0.0, 0.0, 0.0]  Order: [11.74, 11.64, 11.62] Demand: [11.725]
Reward for thread 2: [-28.38, -29.96, -26.44] -28.26  Inventory: [0.0, 0.0, 0.0]  Order: [10.67, 10.86, 10.66] Demand: [10.57]
Reward for thread 3: [-96.72, -74.07, -46.46] -72.42  Inventory: [0.0, 0.0, 0.0]  Order: [14.8, 14.08, 14.04] Demand: [15.145]
Reward for thread 4: [-13.54, -19.3, -18.69] -17.18  Inventory: [0.0, 33.0, 38.0]  Order: [6.54, 6.45, 6.39] Demand: [6.75]
Reward for thread 5: [-13.83, -20.38, -21.19] -18.47  Inventory: [0.0, 0.0, 0.0]  Order: [7.96, 7.94, 7.8] Demand: [7.87]

 Algo happo Exp ippo_seed14_formal_v1 updates 419/3000 episodes, total num timesteps 420000/3000000, FPS 118.

Reward for thread 1: [-60.64, -27.18, -31.27] -39.7  Inventory: [0.0, 3.0, 0.0]  Order: [16.9, 17.12, 17.17] Demand: [17.79]
Reward for thread 2: [-11.75, -15.38, -19.87] -15.67  Inventory: [1.0, 11.0, 33.0]  Order: [4.88, 4.7, 4.62] Demand: [5.105]
Reward for thread 3: [-17.07, -21.82, -19.17] -19.35  Inventory: [0.0, 0.0, 0.0]  Order: [10.72, 10.67, 10.63] Demand: [10.675]
Reward for thread 4: [-12.38, -17.68, -20.9] -16.99  Inventory: [5.0, 23.0, 30.0]  Order: [3.18, 3.04, 2.96] Demand: [3.39]
Reward for thread 5: [-12.91, -18.58, -19.18] -16.89  Inventory: [10.0, 10.0, 10.0]  Order: [3.62, 3.43, 3.3] Demand: [3.795]

Eval average reward:  -26.947583333333334  Eval ordering fluctuation measurement (downstream to upstream):  [0.8497857551607988, 1.095774549241215, 1.206019377953654]

 Algo happo Exp ippo_seed14_formal_v1 updates 420/3000 episodes, total num timesteps 421000/3000000, FPS 118.

Reward for thread 1: [-23.94, -31.06, -25.19] -26.73  Inventory: [0.0, 0.0, 0.0]  Order: [9.46, 9.46, 9.49] Demand: [9.475]
Reward for thread 2: [-32.62, -36.67, -25.02] -31.44  Inventory: [0.0, 0.0, 26.0]  Order: [10.63, 10.44, 10.52] Demand: [10.425]
Reward for thread 3: [-16.23, -19.11, -21.18] -18.84  Inventory: [0.0, 0.0, 0.0]  Order: [7.31, 7.31, 7.23] Demand: [7.475]
Reward for thread 4: [-10.63, -14.44, -15.88] -13.65  Inventory: [0.0, 0.0, 0.0]  Order: [6.0, 6.08, 6.01] Demand: [6.01]
Reward for thread 5: [-36.83, -31.49, -27.95] -32.09  Inventory: [0.0, 0.0, 0.0]  Order: [12.77, 12.67, 12.53] Demand: [12.785]

 Algo happo Exp ippo_seed14_formal_v1 updates 421/3000 episodes, total num timesteps 422000/3000000, FPS 118.

Reward for thread 1: [-35.72, -26.9, -27.4] -30.01  Inventory: [0.0, 0.0, 0.0]  Order: [13.3, 13.3, 13.33] Demand: [13.84]
Reward for thread 2: [-42.72, -37.94, -27.78] -36.15  Inventory: [0.0, 0.0, 0.0]  Order: [14.34, 14.46, 14.4] Demand: [14.325]
Reward for thread 3: [-62.88, -44.9, -40.03] -49.27  Inventory: [0.0, 4.0, 0.0]  Order: [13.92, 14.3, 14.14] Demand: [14.88]
Reward for thread 4: [-14.34, -20.78, -21.98] -19.03  Inventory: [16.0, 40.0, 14.0]  Order: [6.3, 6.31, 6.25] Demand: [6.34]
Reward for thread 5: [-12.99, -18.51, -18.62] -16.71  Inventory: [0.0, 0.0, 0.0]  Order: [6.8, 6.76, 6.68] Demand: [6.74]

 Algo happo Exp ippo_seed14_formal_v1 updates 422/3000 episodes, total num timesteps 423000/3000000, FPS 118.

Reward for thread 1: [-55.51, -46.6, -34.05] -45.39  Inventory: [0.0, 0.0, 0.0]  Order: [14.4, 14.0, 13.98] Demand: [14.57]
Reward for thread 2: [-14.08, -19.43, -20.9] -18.14  Inventory: [0.0, 0.0, 0.0]  Order: [8.78, 8.64, 8.59] Demand: [8.69]
Reward for thread 3: [-14.37, -21.21, -19.14] -18.24  Inventory: [7.0, 31.0, 46.0]  Order: [7.52, 7.45, 7.44] Demand: [7.69]
Reward for thread 4: [-18.45, -26.4, -25.09] -23.31  Inventory: [0.0, 16.0, 20.0]  Order: [9.85, 9.91, 9.86] Demand: [9.915]
Reward for thread 5: [-42.49, -40.65, -30.36] -37.83  Inventory: [5.0, 27.0, 38.0]  Order: [10.61, 10.51, 10.46] Demand: [10.77]

 Algo happo Exp ippo_seed14_formal_v1 updates 423/3000 episodes, total num timesteps 424000/3000000, FPS 118.

Reward for thread 1: [-13.33, -19.75, -20.48] -17.85  Inventory: [5.0, 30.0, 36.0]  Order: [5.56, 5.46, 5.39] Demand: [5.74]
Reward for thread 2: [-10.91, -16.84, -16.32] -14.69  Inventory: [7.0, 25.0, 16.0]  Order: [2.32, 2.21, 2.06] Demand: [2.495]
Reward for thread 3: [-9.29, -14.48, -14.32] -12.7  Inventory: [12.0, 23.0, 25.0]  Order: [3.72, 3.62, 3.5] Demand: [3.865]
Reward for thread 4: [-17.95, -16.16, -17.62] -17.24  Inventory: [0.0, 7.0, 0.0]  Order: [9.6, 9.88, 9.9] Demand: [10.095]
Reward for thread 5: [-16.1, -21.61, -23.66] -20.46  Inventory: [15.0, 24.0, 21.0]  Order: [7.86, 7.74, 7.59] Demand: [8.02]

 Algo happo Exp ippo_seed14_formal_v1 updates 424/3000 episodes, total num timesteps 425000/3000000, FPS 118.

Reward for thread 1: [-25.11, -25.37, -24.78] -25.09  Inventory: [0.0, 26.0, 60.0]  Order: [9.86, 9.74, 9.81] Demand: [10.065]
Reward for thread 2: [-12.98, -18.76, -17.61] -16.45  Inventory: [0.0, 16.0, 36.0]  Order: [4.36, 4.2, 4.16] Demand: [4.56]
Reward for thread 3: [-17.87, -21.73, -22.5] -20.7  Inventory: [2.0, 27.0, 42.0]  Order: [8.02, 7.91, 7.89] Demand: [8.21]
Reward for thread 4: [-13.74, -17.26, -18.84] -16.61  Inventory: [0.0, 12.0, 0.0]  Order: [8.91, 8.93, 8.88] Demand: [8.955]
Reward for thread 5: [-14.83, -20.73, -21.35] -18.97  Inventory: [3.0, 29.0, 37.0]  Order: [5.88, 5.8, 5.74] Demand: [6.035]

Eval average reward:  -26.87725  Eval ordering fluctuation measurement (downstream to upstream):  [0.8459464565927772, 1.1184637706281717, 1.2176232315287092]

 Algo happo Exp ippo_seed14_formal_v1 updates 425/3000 episodes, total num timesteps 426000/3000000, FPS 118.

Reward for thread 1: [-15.7, -23.51, -25.64] -21.62  Inventory: [10.0, 27.0, 33.0]  Order: [6.04, 5.94, 5.86] Demand: [6.21]
Reward for thread 2: [-12.58, -19.86, -19.52] -17.32  Inventory: [2.0, 5.0, 28.0]  Order: [3.18, 2.96, 2.88] Demand: [3.345]
Reward for thread 3: [-22.5, -26.43, -26.51] -25.15  Inventory: [0.0, 0.0, 0.0]  Order: [9.83, 9.95, 9.9] Demand: [9.79]
Reward for thread 4: [-11.04, -16.29, -17.55] -14.96  Inventory: [0.0, 2.0, 27.0]  Order: [5.85, 5.76, 5.76] Demand: [6.06]
Reward for thread 5: [-15.84, -23.49, -26.26] -21.86  Inventory: [0.0, 0.0, 0.0]  Order: [4.51, 4.56, 4.32] Demand: [4.53]

 Algo happo Exp ippo_seed14_formal_v1 updates 426/3000 episodes, total num timesteps 427000/3000000, FPS 118.

Reward for thread 1: [-16.42, -20.21, -20.66] -19.1  Inventory: [0.0, 0.0, 0.0]  Order: [10.24, 10.18, 10.07] Demand: [10.48]
Reward for thread 2: [-16.24, -20.29, -21.69] -19.41  Inventory: [15.0, 5.0, 46.0]  Order: [8.58, 8.51, 8.52] Demand: [8.51]
Reward for thread 3: [-15.27, -23.75, -24.85] -21.29  Inventory: [0.0, 0.0, 0.0]  Order: [5.36, 5.15, 5.1] Demand: [5.23]
Reward for thread 4: [-41.86, -23.3, -25.82] -30.33  Inventory: [0.0, 20.0, 0.0]  Order: [12.78, 13.02, 13.02] Demand: [13.2]
Reward for thread 5: [-15.96, -28.25, -30.88] -25.03  Inventory: [8.0, 36.0, 60.0]  Order: [2.94, 2.87, 2.93] Demand: [3.115]

 Algo happo Exp ippo_seed14_formal_v1 updates 427/3000 episodes, total num timesteps 428000/3000000, FPS 118.

Reward for thread 1: [-12.07, -19.57, -20.46] -17.37  Inventory: [19.0, 63.0, 41.0]  Order: [3.38, 3.46, 3.41] Demand: [3.53]
Reward for thread 2: [-180.54, -151.34, -74.61] -135.5  Inventory: [0.0, 0.0, 0.0]  Order: [16.51, 14.54, 14.5] Demand: [15.975]
Reward for thread 3: [-12.76, -17.81, -18.92] -16.5  Inventory: [14.0, 44.0, 32.0]  Order: [7.18, 7.23, 7.16] Demand: [7.27]
Reward for thread 4: [-10.35, -16.33, -17.28] -14.65  Inventory: [2.0, 15.0, 15.0]  Order: [2.87, 2.7, 2.52] Demand: [3.08]
Reward for thread 5: [-21.75, -20.51, -20.6] -20.95  Inventory: [5.0, 23.0, 15.0]  Order: [11.48, 11.48, 11.5] Demand: [11.54]

 Algo happo Exp ippo_seed14_formal_v1 updates 428/3000 episodes, total num timesteps 429000/3000000, FPS 118.

Reward for thread 1: [-14.91, -21.1, -23.76] -19.92  Inventory: [17.0, 17.0, 45.0]  Order: [5.16, 5.0, 5.0] Demand: [5.31]
Reward for thread 2: [-105.82, -88.12, -49.98] -81.31  Inventory: [0.0, 0.0, 0.0]  Order: [14.6, 13.4, 13.39] Demand: [15.32]
Reward for thread 3: [-41.35, -43.15, -31.18] -38.56  Inventory: [0.0, 0.0, 0.0]  Order: [11.44, 10.66, 10.61] Demand: [11.305]
Reward for thread 4: [-40.56, -25.69, -26.66] -30.97  Inventory: [0.0, 0.0, 11.0]  Order: [11.76, 11.7, 11.7] Demand: [11.67]
Reward for thread 5: [-16.1, -20.1, -20.57] -18.92  Inventory: [16.0, 14.0, 34.0]  Order: [7.92, 7.92, 7.88] Demand: [7.95]

 Algo happo Exp ippo_seed14_formal_v1 updates 429/3000 episodes, total num timesteps 430000/3000000, FPS 118.

Reward for thread 1: [-14.97, -20.89, -22.03] -19.3  Inventory: [16.0, 31.0, 5.0]  Order: [8.9, 8.86, 8.74] Demand: [9.01]
Reward for thread 2: [-13.75, -19.96, -21.0] -18.24  Inventory: [5.0, 26.0, 5.0]  Order: [6.42, 6.42, 6.27] Demand: [6.51]
Reward for thread 3: [-17.32, -23.05, -24.99] -21.79  Inventory: [3.0, 11.0, 10.0]  Order: [4.61, 4.42, 4.24] Demand: [4.81]
Reward for thread 4: [-12.01, -16.6, -20.89] -16.5  Inventory: [9.0, 14.0, 43.0]  Order: [4.49, 4.3, 4.28] Demand: [4.69]
Reward for thread 5: [-19.34, -18.18, -21.83] -19.78  Inventory: [0.0, 0.0, 9.0]  Order: [8.56, 8.6, 8.62] Demand: [8.635]

Eval average reward:  -28.814333333333337  Eval ordering fluctuation measurement (downstream to upstream):  [0.8185532367062555, 1.1249190097944335, 1.1852122089351471]

 Algo happo Exp ippo_seed14_formal_v1 updates 430/3000 episodes, total num timesteps 431000/3000000, FPS 118.

Reward for thread 1: [-12.55, -18.35, -20.82] -17.24  Inventory: [0.0, 8.0, 0.0]  Order: [5.12, 5.14, 5.02] Demand: [5.14]
Reward for thread 2: [-7.92, -12.98, -13.1] -11.33  Inventory: [0.0, 0.0, 0.0]  Order: [3.34, 3.18, 3.03] Demand: [3.49]
Reward for thread 3: [-23.51, -25.68, -22.92] -24.04  Inventory: [0.0, 0.0, 0.0]  Order: [9.3, 9.3, 9.3] Demand: [9.53]
Reward for thread 4: [-15.56, -21.38, -25.74] -20.89  Inventory: [14.0, 23.0, 40.0]  Order: [2.36, 2.22, 2.17] Demand: [2.53]
Reward for thread 5: [-28.14, -28.84, -26.74] -27.91  Inventory: [0.0, 0.0, 0.0]  Order: [7.64, 7.62, 7.64] Demand: [7.86]

 Algo happo Exp ippo_seed14_formal_v1 updates 431/3000 episodes, total num timesteps 432000/3000000, FPS 118.

Reward for thread 1: [-13.37, -20.75, -25.87] -20.0  Inventory: [3.0, 7.0, 20.0]  Order: [2.84, 2.68, 2.54] Demand: [3.055]
Reward for thread 2: [-11.07, -15.82, -15.55] -14.15  Inventory: [33.0, 34.0, 0.0]  Order: [4.78, 4.92, 4.8] Demand: [4.84]
Reward for thread 3: [-75.87, -52.86, -38.9] -55.88  Inventory: [0.0, 0.0, 0.0]  Order: [13.42, 13.26, 13.15] Demand: [13.365]
Reward for thread 4: [-12.68, -17.96, -19.22] -16.62  Inventory: [0.0, 19.0, 0.0]  Order: [5.66, 5.72, 5.68] Demand: [5.735]
Reward for thread 5: [-17.13, -21.38, -22.5] -20.34  Inventory: [7.0, 26.0, 20.0]  Order: [8.84, 8.76, 8.65] Demand: [8.945]

 Algo happo Exp ippo_seed14_formal_v1 updates 432/3000 episodes, total num timesteps 433000/3000000, FPS 118.

Reward for thread 1: [-12.47, -17.0, -18.78] -16.08  Inventory: [5.0, 2.0, 0.0]  Order: [5.33, 5.23, 4.96] Demand: [5.47]
Reward for thread 2: [-12.02, -18.65, -20.25] -16.97  Inventory: [4.0, 29.0, 34.0]  Order: [5.4, 5.3, 5.22] Demand: [5.545]
Reward for thread 3: [-12.52, -19.56, -19.36] -17.15  Inventory: [11.0, 50.0, 28.0]  Order: [4.13, 4.14, 4.04] Demand: [4.275]
Reward for thread 4: [-85.41, -61.84, -40.78] -62.68  Inventory: [0.0, 0.0, 0.0]  Order: [12.97, 12.18, 12.11] Demand: [12.555]
Reward for thread 5: [-11.26, -15.88, -20.83] -15.99  Inventory: [0.0, 18.0, 23.0]  Order: [4.04, 3.94, 3.88] Demand: [4.215]

 Algo happo Exp ippo_seed14_formal_v1 updates 433/3000 episodes, total num timesteps 434000/3000000, FPS 118.

Reward for thread 1: [-8.91, -13.69, -13.36] -11.99  Inventory: [9.0, 13.0, 21.0]  Order: [2.96, 2.78, 2.66] Demand: [3.155]
Reward for thread 2: [-19.18, -24.79, -21.42] -21.8  Inventory: [0.0, 0.0, 0.0]  Order: [7.92, 7.9, 7.8] Demand: [8.04]
Reward for thread 3: [-17.29, -26.1, -22.57] -21.99  Inventory: [0.0, 52.0, 20.0]  Order: [8.38, 8.38, 8.25] Demand: [8.515]
Reward for thread 4: [-15.21, -21.32, -23.68] -20.07  Inventory: [19.0, 0.0, 13.0]  Order: [6.5, 6.31, 6.23] Demand: [6.555]
Reward for thread 5: [-103.34, -89.1, -49.35] -80.6  Inventory: [0.0, 0.0, 0.0]  Order: [14.68, 12.84, 12.79] Demand: [14.45]

 Algo happo Exp ippo_seed14_formal_v1 updates 434/3000 episodes, total num timesteps 435000/3000000, FPS 118.

Reward for thread 1: [-158.5, -127.27, -73.17] -119.65  Inventory: [0.0, 0.0, 0.0]  Order: [14.93, 13.02, 13.04] Demand: [15.54]
Reward for thread 2: [-43.31, -27.9, -26.34] -32.52  Inventory: [0.0, 0.0, 0.0]  Order: [12.67, 12.72, 12.7] Demand: [13.075]
Reward for thread 3: [-68.87, -36.32, -36.87] -47.35  Inventory: [0.0, 0.0, 0.0]  Order: [14.94, 15.11, 15.12] Demand: [15.455]
Reward for thread 4: [-12.34, -18.74, -20.85] -17.31  Inventory: [2.0, 11.0, 24.0]  Order: [5.38, 5.2, 5.1] Demand: [5.595]
Reward for thread 5: [-27.21, -23.1, -22.89] -24.4  Inventory: [0.0, 1.0, 0.0]  Order: [11.74, 11.98, 11.9] Demand: [12.075]

Eval average reward:  -45.427666666666674  Eval ordering fluctuation measurement (downstream to upstream):  [0.8707765790170635, 1.0930726189108988, 1.1830262978216814]

 Algo happo Exp ippo_seed14_formal_v1 updates 435/3000 episodes, total num timesteps 436000/3000000, FPS 118.

Reward for thread 1: [-15.66, -20.68, -22.24] -19.53  Inventory: [1.0, 0.0, 14.0]  Order: [4.8, 4.76, 4.76] Demand: [4.915]
Reward for thread 2: [-16.93, -22.75, -21.9] -20.53  Inventory: [9.0, 12.0, 4.0]  Order: [8.45, 8.38, 8.24] Demand: [8.545]
Reward for thread 3: [-23.56, -23.1, -20.82] -22.49  Inventory: [0.0, 0.0, 0.0]  Order: [10.04, 9.93, 9.76] Demand: [10.125]
Reward for thread 4: [-27.04, -38.52, -26.93] -30.83  Inventory: [10.0, 0.0, 0.0]  Order: [8.78, 8.72, 8.52] Demand: [8.725]
Reward for thread 5: [-10.0, -17.04, -17.57] -14.87  Inventory: [7.0, 22.0, 16.0]  Order: [2.47, 2.38, 2.23] Demand: [2.67]

 Algo happo Exp ippo_seed14_formal_v1 updates 436/3000 episodes, total num timesteps 437000/3000000, FPS 118.

Reward for thread 1: [-104.93, -128.1, -58.47] -97.17  Inventory: [0.0, 0.0, 2.0]  Order: [15.64, 13.04, 13.02] Demand: [14.7]
Reward for thread 2: [-30.48, -25.26, -25.0] -26.91  Inventory: [0.0, 0.0, 0.0]  Order: [11.57, 11.33, 11.35] Demand: [11.995]
Reward for thread 3: [-19.94, -21.95, -22.33] -21.41  Inventory: [0.0, 9.0, 0.0]  Order: [8.52, 8.62, 8.56] Demand: [8.815]
Reward for thread 4: [-80.25, -45.1, -35.98] -53.78  Inventory: [0.0, 0.0, 15.0]  Order: [16.43, 16.43, 16.5] Demand: [16.61]
Reward for thread 5: [-14.8, -16.65, -19.49] -16.98  Inventory: [24.0, 54.0, 31.0]  Order: [7.06, 7.08, 7.0] Demand: [7.155]

 Algo happo Exp ippo_seed14_formal_v1 updates 437/3000 episodes, total num timesteps 438000/3000000, FPS 118.

Reward for thread 1: [-15.16, -21.47, -22.95] -19.86  Inventory: [0.0, 30.0, 8.0]  Order: [7.69, 7.82, 7.66] Demand: [7.835]
Reward for thread 2: [-74.62, -34.6, -37.32] -48.85  Inventory: [0.0, 0.0, 0.0]  Order: [15.58, 15.54, 15.52] Demand: [15.895]
Reward for thread 3: [-13.88, -18.28, -20.56] -17.57  Inventory: [13.0, 38.0, 37.0]  Order: [5.79, 5.74, 5.69] Demand: [5.945]
Reward for thread 4: [-62.05, -60.3, -37.85] -53.4  Inventory: [0.0, 0.0, 9.0]  Order: [11.27, 10.12, 10.15] Demand: [11.175]
Reward for thread 5: [-9.52, -15.38, -19.93] -14.94  Inventory: [2.0, 1.0, 0.0]  Order: [1.86, 1.72, 1.64] Demand: [2.06]

 Algo happo Exp ippo_seed14_formal_v1 updates 438/3000 episodes, total num timesteps 439000/3000000, FPS 118.

Reward for thread 1: [-22.64, -24.66, -22.76] -23.35  Inventory: [0.0, 0.0, 0.0]  Order: [8.07, 8.06, 7.91] Demand: [8.205]
Reward for thread 2: [-13.25, -19.21, -20.05] -17.5  Inventory: [0.0, 0.0, 0.0]  Order: [5.5, 5.46, 5.42] Demand: [5.425]
Reward for thread 3: [-11.62, -16.64, -18.56] -15.61  Inventory: [10.0, 21.0, 32.0]  Order: [7.26, 7.12, 7.06] Demand: [7.385]
Reward for thread 4: [-9.79, -14.73, -18.43] -14.32  Inventory: [7.0, 13.0, 8.0]  Order: [1.58, 1.4, 1.2] Demand: [1.79]
Reward for thread 5: [-16.39, -19.19, -19.36] -18.31  Inventory: [3.0, 17.0, 57.0]  Order: [9.67, 9.51, 9.58] Demand: [9.74]

 Algo happo Exp ippo_seed14_formal_v1 updates 439/3000 episodes, total num timesteps 440000/3000000, FPS 118.

Reward for thread 1: [-13.1, -18.63, -22.17] -17.97  Inventory: [5.0, 16.0, 31.0]  Order: [5.77, 5.6, 5.51] Demand: [5.965]
Reward for thread 2: [-12.02, -17.47, -20.71] -16.73  Inventory: [6.0, 10.0, 34.0]  Order: [5.36, 5.27, 5.21] Demand: [5.495]
Reward for thread 3: [-13.47, -18.23, -21.44] -17.71  Inventory: [17.0, 0.0, 26.0]  Order: [5.6, 5.54, 5.62] Demand: [5.7]
Reward for thread 4: [-10.08, -15.91, -19.04] -15.01  Inventory: [8.0, 16.0, 30.0]  Order: [2.48, 2.32, 2.24] Demand: [2.695]
Reward for thread 5: [-75.69, -91.29, -48.08] -71.69  Inventory: [0.0, 0.0, 16.0]  Order: [12.35, 10.54, 10.52] Demand: [11.3]

Eval average reward:  -29.58741666666667  Eval ordering fluctuation measurement (downstream to upstream):  [0.8770900052790356, 1.0948079695498634, 1.1578735786518428]

 Algo happo Exp ippo_seed14_formal_v1 updates 440/3000 episodes, total num timesteps 441000/3000000, FPS 118.

Reward for thread 1: [-11.86, -16.05, -20.07] -15.99  Inventory: [0.0, 51.0, 38.0]  Order: [3.04, 3.06, 3.02] Demand: [3.285]
Reward for thread 2: [-41.11, -24.72, -23.72] -29.85  Inventory: [0.0, 1.0, 0.0]  Order: [14.08, 14.18, 14.28] Demand: [14.73]
Reward for thread 3: [-37.42, -34.17, -27.15] -32.91  Inventory: [0.0, 0.0, 8.0]  Order: [12.0, 12.02, 12.0] Demand: [12.365]
Reward for thread 4: [-13.69, -17.01, -17.21] -15.97  Inventory: [10.0, 30.0, 27.0]  Order: [7.81, 7.8, 7.75] Demand: [7.9]
Reward for thread 5: [-15.28, -19.31, -21.53] -18.71  Inventory: [0.0, 0.0, 0.0]  Order: [6.29, 6.27, 6.05] Demand: [6.375]

 Algo happo Exp ippo_seed14_formal_v1 updates 441/3000 episodes, total num timesteps 442000/3000000, FPS 118.

Reward for thread 1: [-11.32, -14.51, -22.02] -15.95  Inventory: [9.0, 14.0, 36.0]  Order: [2.17, 1.99, 1.94] Demand: [2.37]
Reward for thread 2: [-14.52, -17.64, -19.66] -17.27  Inventory: [16.0, 19.0, 30.0]  Order: [6.89, 6.74, 6.65] Demand: [7.055]
Reward for thread 3: [-11.35, -16.62, -16.4] -14.79  Inventory: [5.0, 22.0, 21.0]  Order: [4.16, 4.02, 3.9] Demand: [4.355]
Reward for thread 4: [-10.82, -16.0, -18.28] -15.03  Inventory: [12.0, 0.0, 0.0]  Order: [5.6, 5.55, 5.32] Demand: [5.625]
Reward for thread 5: [-14.03, -21.58, -19.38] -18.33  Inventory: [11.0, 27.0, 35.0]  Order: [7.71, 7.62, 7.56] Demand: [7.805]

 Algo happo Exp ippo_seed14_formal_v1 updates 442/3000 episodes, total num timesteps 443000/3000000, FPS 118.

Reward for thread 1: [-38.79, -32.04, -28.28] -33.04  Inventory: [0.0, 0.0, 0.0]  Order: [12.39, 12.08, 12.0] Demand: [12.385]
Reward for thread 2: [-12.54, -17.64, -19.9] -16.69  Inventory: [8.0, 10.0, 45.0]  Order: [5.32, 5.13, 5.12] Demand: [5.51]
Reward for thread 3: [-15.23, -21.28, -24.9] -20.47  Inventory: [2.0, 9.0, 19.0]  Order: [4.8, 4.66, 4.54] Demand: [5.015]
Reward for thread 4: [-21.08, -27.91, -22.02] -23.67  Inventory: [0.0, 0.0, 0.0]  Order: [8.86, 8.56, 8.58] Demand: [8.82]
Reward for thread 5: [-77.19, -84.16, -42.01] -67.79  Inventory: [0.0, 0.0, 0.0]  Order: [13.68, 12.35, 12.42] Demand: [13.57]

 Algo happo Exp ippo_seed14_formal_v1 updates 443/3000 episodes, total num timesteps 444000/3000000, FPS 118.

Reward for thread 1: [-12.34, -17.21, -19.37] -16.31  Inventory: [0.0, 1.0, 0.0]  Order: [5.56, 5.56, 5.36] Demand: [5.665]
Reward for thread 2: [-14.56, -19.96, -22.17] -18.9  Inventory: [10.0, 0.0, 7.0]  Order: [5.75, 5.57, 5.44] Demand: [5.82]
Reward for thread 3: [-22.2, -28.68, -24.2] -25.03  Inventory: [12.0, 2.0, 2.0]  Order: [9.07, 9.08, 9.13] Demand: [9.055]
Reward for thread 4: [-14.37, -20.01, -17.34] -17.24  Inventory: [0.0, 0.0, 0.0]  Order: [8.12, 7.98, 7.88] Demand: [8.175]
Reward for thread 5: [-24.41, -20.49, -24.06] -22.99  Inventory: [0.0, 2.0, 0.0]  Order: [12.12, 12.41, 12.41] Demand: [12.56]

 Algo happo Exp ippo_seed14_formal_v1 updates 444/3000 episodes, total num timesteps 445000/3000000, FPS 118.

Reward for thread 1: [-9.34, -13.31, -15.31] -12.65  Inventory: [0.0, 7.0, 7.0]  Order: [3.54, 3.4, 3.32] Demand: [3.75]
Reward for thread 2: [-11.12, -15.37, -19.98] -15.49  Inventory: [5.0, 21.0, 18.0]  Order: [4.96, 4.82, 4.68] Demand: [5.18]
Reward for thread 3: [-12.19, -16.24, -17.16] -15.2  Inventory: [0.0, 6.0, 11.0]  Order: [6.9, 6.74, 6.56] Demand: [7.085]
Reward for thread 4: [-12.12, -15.56, -16.4] -14.69  Inventory: [5.0, 10.0, 6.0]  Order: [7.18, 7.03, 6.84] Demand: [7.36]
Reward for thread 5: [-24.22, -20.86, -19.88] -21.65  Inventory: [0.0, 0.0, 6.0]  Order: [13.36, 13.18, 13.06] Demand: [13.24]

Eval average reward:  -25.145833333333332  Eval ordering fluctuation measurement (downstream to upstream):  [0.8014533447170342, 1.0486010464927984, 1.1229580440410227]

 Algo happo Exp ippo_seed14_formal_v1 updates 445/3000 episodes, total num timesteps 446000/3000000, FPS 118.

Reward for thread 1: [-12.48, -17.26, -22.19] -17.31  Inventory: [0.0, 8.0, 15.0]  Order: [4.59, 4.42, 4.26] Demand: [4.79]
Reward for thread 2: [-43.37, -34.15, -31.52] -36.35  Inventory: [5.0, 13.0, 45.0]  Order: [11.31, 11.14, 11.13] Demand: [11.5]
Reward for thread 3: [-76.42, -46.31, -40.92] -54.55  Inventory: [0.0, 0.0, 0.0]  Order: [15.82, 15.98, 15.98] Demand: [16.07]
Reward for thread 4: [-32.1, -37.19, -27.65] -32.31  Inventory: [0.0, 0.0, 7.0]  Order: [11.43, 11.25, 11.12] Demand: [11.39]
Reward for thread 5: [-14.12, -19.68, -21.08] -18.29  Inventory: [4.0, 0.0, 19.0]  Order: [6.57, 6.46, 6.4] Demand: [6.705]

 Algo happo Exp ippo_seed14_formal_v1 updates 446/3000 episodes, total num timesteps 447000/3000000, FPS 118.

Reward for thread 1: [-29.69, -30.77, -25.61] -28.69  Inventory: [0.0, 0.0, 0.0]  Order: [9.19, 8.86, 8.74] Demand: [9.065]
Reward for thread 2: [-10.84, -15.97, -20.4] -15.74  Inventory: [3.0, 13.0, 38.0]  Order: [3.24, 3.05, 3.0] Demand: [3.44]
Reward for thread 3: [-12.95, -17.36, -18.72] -16.34  Inventory: [0.0, 0.0, 0.0]  Order: [6.5, 6.33, 6.18] Demand: [6.36]
Reward for thread 4: [-16.95, -20.33, -19.97] -19.08  Inventory: [0.0, 14.0, 20.0]  Order: [9.06, 8.98, 8.87] Demand: [9.145]
Reward for thread 5: [-12.64, -16.08, -18.69] -15.8  Inventory: [0.0, 0.0, 0.0]  Order: [5.46, 5.3, 5.23] Demand: [5.29]

 Algo happo Exp ippo_seed14_formal_v1 updates 447/3000 episodes, total num timesteps 448000/3000000, FPS 118.

Reward for thread 1: [-25.41, -37.96, -36.92] -33.43  Inventory: [30.0, 28.0, 71.0]  Order: [6.21, 6.1, 6.21] Demand: [6.31]
Reward for thread 2: [-11.52, -16.84, -19.35] -15.9  Inventory: [7.0, 20.0, 10.0]  Order: [4.84, 4.72, 4.54] Demand: [4.865]
Reward for thread 3: [-27.32, -23.62, -27.75] -26.23  Inventory: [10.0, 0.0, 12.0]  Order: [11.76, 11.66, 11.62] Demand: [11.645]
Reward for thread 4: [-36.57, -39.16, -33.62] -36.45  Inventory: [0.0, 0.0, 0.0]  Order: [12.22, 11.82, 11.78] Demand: [12.055]
Reward for thread 5: [-23.47, -24.49, -24.69] -24.22  Inventory: [0.0, 0.0, 0.0]  Order: [11.51, 11.58, 11.47] Demand: [11.38]

 Algo happo Exp ippo_seed14_formal_v1 updates 448/3000 episodes, total num timesteps 449000/3000000, FPS 118.

Reward for thread 1: [-23.16, -26.71, -25.0] -24.96  Inventory: [0.0, 0.0, 3.0]  Order: [7.95, 7.8, 7.75] Demand: [8.]
Reward for thread 2: [-25.72, -22.56, -23.29] -23.86  Inventory: [0.0, 0.0, 0.0]  Order: [10.68, 10.97, 10.95] Demand: [10.85]
Reward for thread 3: [-21.74, -28.61, -27.46] -25.94  Inventory: [0.0, 0.0, 0.0]  Order: [6.44, 6.34, 6.21] Demand: [6.465]
Reward for thread 4: [-11.6, -15.87, -17.65] -15.04  Inventory: [0.0, 13.0, 0.0]  Order: [6.12, 6.2, 6.1] Demand: [6.255]
Reward for thread 5: [-11.38, -16.75, -21.49] -16.54  Inventory: [0.0, 24.0, 50.0]  Order: [2.43, 2.3, 2.31] Demand: [2.675]

 Algo happo Exp ippo_seed14_formal_v1 updates 449/3000 episodes, total num timesteps 450000/3000000, FPS 118.

Reward for thread 1: [-17.25, -21.11, -19.5] -19.29  Inventory: [2.0, 25.0, 40.0]  Order: [7.14, 7.08, 7.06] Demand: [7.26]
Reward for thread 2: [-39.75, -36.93, -41.06] -39.25  Inventory: [7.0, 38.0, 35.0]  Order: [11.23, 11.18, 11.12] Demand: [11.365]
Reward for thread 3: [-19.32, -21.83, -22.69] -21.28  Inventory: [1.0, 7.0, 24.0]  Order: [7.85, 7.68, 7.56] Demand: [8.045]
Reward for thread 4: [-47.81, -35.21, -28.48] -37.17  Inventory: [0.0, 0.0, 0.0]  Order: [14.27, 14.37, 14.33] Demand: [14.25]
Reward for thread 5: [-48.45, -50.56, -45.88] -48.3  Inventory: [0.0, 0.0, 0.0]  Order: [11.06, 11.22, 10.92] Demand: [11.07]

Eval average reward:  -23.364  Eval ordering fluctuation measurement (downstream to upstream):  [0.8195854325092901, 1.0323392929140898, 1.1356930036629338]

 Algo happo Exp ippo_seed14_formal_v1 updates 450/3000 episodes, total num timesteps 451000/3000000, FPS 118.

Reward for thread 1: [-97.93, -143.79, -131.2] -124.31  Inventory: [0.0, 0.0, 0.0]  Order: [13.3, 12.86, 10.05] Demand: [12.315]
Reward for thread 2: [-68.88, -51.06, -36.61] -52.18  Inventory: [13.0, 41.0, 57.0]  Order: [15.46, 15.42, 15.46] Demand: [15.56]
Reward for thread 3: [-17.63, -20.48, -20.52] -19.54  Inventory: [1.0, 5.0, 0.0]  Order: [8.77, 8.73, 8.6] Demand: [8.945]
Reward for thread 4: [-15.07, -18.79, -18.34] -17.4  Inventory: [8.0, 6.0, 0.0]  Order: [7.88, 7.78, 7.66] Demand: [8.045]
Reward for thread 5: [-9.91, -13.25, -15.02] -12.73  Inventory: [4.0, 21.0, 3.0]  Order: [4.76, 4.68, 4.55] Demand: [4.93]

 Algo happo Exp ippo_seed14_formal_v1 updates 451/3000 episodes, total num timesteps 452000/3000000, FPS 118.

Reward for thread 1: [-50.55, -23.92, -28.55] -34.34  Inventory: [2.0, 17.0, 15.0]  Order: [12.14, 12.04, 11.99] Demand: [12.31]
Reward for thread 2: [-63.68, -43.89, -36.82] -48.13  Inventory: [0.0, 0.0, 0.0]  Order: [13.53, 13.63, 13.64] Demand: [14.225]
Reward for thread 3: [-15.39, -20.38, -19.12] -18.3  Inventory: [1.0, 20.0, 35.0]  Order: [5.71, 5.68, 5.64] Demand: [5.885]
Reward for thread 4: [-10.33, -15.06, -16.61] -14.0  Inventory: [0.0, 12.0, 12.0]  Order: [3.72, 3.58, 3.48] Demand: [3.915]
Reward for thread 5: [-14.02, -17.84, -20.37] -17.41  Inventory: [0.0, 0.0, 0.0]  Order: [5.14, 5.03, 4.92] Demand: [5.155]

 Algo happo Exp ippo_seed14_formal_v1 updates 452/3000 episodes, total num timesteps 453000/3000000, FPS 118.

Reward for thread 1: [-47.99, -36.13, -31.83] -38.65  Inventory: [0.0, 0.0, 0.0]  Order: [12.54, 12.72, 12.77] Demand: [13.4]
Reward for thread 2: [-21.12, -20.36, -22.36] -21.28  Inventory: [0.0, 0.0, 0.0]  Order: [9.38, 9.35, 9.16] Demand: [9.355]
Reward for thread 3: [-17.31, -17.94, -28.69] -21.31  Inventory: [36.0, 9.0, 46.0]  Order: [4.25, 4.04, 4.07] Demand: [4.32]
Reward for thread 4: [-13.05, -17.0, -22.28] -17.44  Inventory: [5.0, 21.0, 14.0]  Order: [4.79, 4.72, 4.61] Demand: [4.935]
Reward for thread 5: [-16.38, -20.35, -20.85] -19.19  Inventory: [0.0, 9.0, 33.0]  Order: [6.42, 6.26, 6.18] Demand: [6.615]

 Algo happo Exp ippo_seed14_formal_v1 updates 453/3000 episodes, total num timesteps 454000/3000000, FPS 118.

Reward for thread 1: [-27.33, -32.18, -27.47] -28.99  Inventory: [0.0, 0.0, 0.0]  Order: [8.47, 7.98, 7.95] Demand: [8.005]
Reward for thread 2: [-28.23, -20.7, -22.61] -23.85  Inventory: [0.0, 0.0, 0.0]  Order: [12.57, 12.72, 12.78] Demand: [13.11]
Reward for thread 3: [-18.09, -22.09, -22.05] -20.74  Inventory: [0.0, 0.0, 0.0]  Order: [7.76, 7.84, 7.77] Demand: [7.8]
Reward for thread 4: [-17.58, -27.02, -33.02] -25.87  Inventory: [0.0, 3.0, 26.0]  Order: [1.71, 1.54, 1.44] Demand: [1.94]
Reward for thread 5: [-16.67, -22.6, -23.61] -20.96  Inventory: [9.0, 8.0, 31.0]  Order: [5.86, 5.68, 5.6] Demand: [6.04]

 Algo happo Exp ippo_seed14_formal_v1 updates 454/3000 episodes, total num timesteps 455000/3000000, FPS 118.

Reward for thread 1: [-20.95, -23.23, -26.03] -23.4  Inventory: [22.0, 20.0, 69.0]  Order: [6.96, 6.83, 6.94] Demand: [7.025]
Reward for thread 2: [-25.6, -25.04, -25.33] -25.32  Inventory: [0.0, 0.0, 0.0]  Order: [10.43, 10.36, 10.26] Demand: [10.56]
Reward for thread 3: [-45.99, -27.76, -26.01] -33.25  Inventory: [0.0, 0.0, 7.0]  Order: [14.0, 13.95, 14.06] Demand: [14.815]
Reward for thread 4: [-70.9, -84.34, -42.3] -65.85  Inventory: [0.0, 0.0, 0.0]  Order: [13.44, 13.34, 13.28] Demand: [13.23]
Reward for thread 5: [-28.51, -21.06, -21.09] -23.55  Inventory: [0.0, 0.0, 7.0]  Order: [9.2, 9.08, 9.07] Demand: [9.46]

Eval average reward:  -51.03841666666667  Eval ordering fluctuation measurement (downstream to upstream):  [0.7870667636612091, 1.0214364520817805, 1.1735328968808887]

 Algo happo Exp ippo_seed14_formal_v1 updates 455/3000 episodes, total num timesteps 456000/3000000, FPS 118.

Reward for thread 1: [-9.89, -15.05, -18.5] -14.48  Inventory: [2.0, 14.0, 27.0]  Order: [3.36, 3.2, 3.11] Demand: [3.58]
Reward for thread 2: [-13.0, -19.3, -21.03] -17.78  Inventory: [4.0, 19.0, 1.0]  Order: [4.7, 4.72, 4.62] Demand: [4.87]
Reward for thread 3: [-11.2, -17.52, -20.37] -16.36  Inventory: [0.0, 22.0, 32.0]  Order: [3.3, 3.16, 3.08] Demand: [3.515]
Reward for thread 4: [-20.81, -22.29, -22.51] -21.87  Inventory: [0.0, 0.0, 0.0]  Order: [10.24, 10.15, 10.12] Demand: [10.33]
Reward for thread 5: [-380.78, -442.03, -510.59] -444.47  Inventory: [0.0, 0.0, 0.0]  Order: [14.3, 14.64, 6.26] Demand: [13.31]

 Algo happo Exp ippo_seed14_formal_v1 updates 456/3000 episodes, total num timesteps 457000/3000000, FPS 118.

Reward for thread 1: [-104.19, -115.65, -351.13] -190.32  Inventory: [0.0, 76.0, 0.0]  Order: [7.3, 12.53, 7.36] Demand: [7.465]
Reward for thread 2: [-13.67, -15.85, -17.88] -15.8  Inventory: [13.0, 22.0, 28.0]  Order: [8.75, 8.8, 8.71] Demand: [8.815]
Reward for thread 3: [-25.98, -21.62, -22.28] -23.29  Inventory: [0.0, 0.0, 0.0]  Order: [11.7, 11.76, 11.74] Demand: [12.035]
Reward for thread 4: [-39.11, -29.95, -30.66] -33.24  Inventory: [0.0, 0.0, 0.0]  Order: [11.6, 11.76, 11.49] Demand: [12.195]
Reward for thread 5: [-21.31, -23.41, -24.74] -23.15  Inventory: [0.0, 4.0, 0.0]  Order: [9.12, 9.18, 9.02] Demand: [9.125]

 Algo happo Exp ippo_seed14_formal_v1 updates 457/3000 episodes, total num timesteps 458000/3000000, FPS 118.

Reward for thread 1: [-555.58, -538.95, -552.9] -549.14  Inventory: [0.0, 0.0, 0.0]  Order: [15.15, 15.12, 7.36] Demand: [16.26]
Reward for thread 2: [-12.95, -17.15, -17.01] -15.7  Inventory: [0.0, 6.0, 20.0]  Order: [6.44, 6.32, 6.25] Demand: [6.585]
Reward for thread 3: [-49.76, -29.94, -26.55] -35.42  Inventory: [2.0, 7.0, 0.0]  Order: [14.56, 14.51, 14.43] Demand: [14.625]
Reward for thread 4: [-18.57, -22.77, -25.34] -22.23  Inventory: [0.0, 9.0, 30.0]  Order: [6.36, 6.18, 6.08] Demand: [6.56]
Reward for thread 5: [-15.7, -16.07, -18.65] -16.81  Inventory: [3.0, 0.0, 0.0]  Order: [10.1, 10.09, 10.03] Demand: [10.065]

 Algo happo Exp ippo_seed14_formal_v1 updates 458/3000 episodes, total num timesteps 459000/3000000, FPS 118.

Reward for thread 1: [-11.09, -17.12, -19.33] -15.85  Inventory: [7.0, 8.0, 31.0]  Order: [2.62, 2.43, 2.35] Demand: [2.82]
Reward for thread 2: [-35.4, -28.26, -27.21] -30.29  Inventory: [0.0, 0.0, 0.0]  Order: [11.64, 11.67, 11.52] Demand: [11.69]
Reward for thread 3: [-81.53, -77.01, -90.93] -83.16  Inventory: [0.0, 0.0, 0.0]  Order: [13.22, 13.75, 10.78] Demand: [13.705]
Reward for thread 4: [-16.25, -20.69, -23.05] -20.0  Inventory: [10.0, 11.0, 24.0]  Order: [6.55, 6.54, 6.52] Demand: [6.695]
Reward for thread 5: [-12.12, -17.84, -17.15] -15.7  Inventory: [2.0, 13.0, 30.0]  Order: [6.44, 6.32, 6.26] Demand: [6.625]

 Algo happo Exp ippo_seed14_formal_v1 updates 459/3000 episodes, total num timesteps 460000/3000000, FPS 118.

Reward for thread 1: [-19.08, -25.26, -28.35] -24.23  Inventory: [4.0, 9.0, 37.0]  Order: [7.25, 7.16, 7.1] Demand: [7.435]
Reward for thread 2: [-10.22, -15.3, -17.1] -14.21  Inventory: [0.0, 11.0, 12.0]  Order: [3.76, 3.66, 3.52] Demand: [3.93]
Reward for thread 3: [-132.78, -126.28, -133.53] -130.86  Inventory: [0.0, 0.0, 0.0]  Order: [12.74, 13.21, 9.93] Demand: [12.785]
Reward for thread 4: [-10.52, -16.18, -18.17] -14.96  Inventory: [0.0, 20.0, 1.0]  Order: [5.84, 5.74, 5.7] Demand: [6.04]
Reward for thread 5: [-14.15, -19.6, -21.08] -18.28  Inventory: [5.0, 23.0, 35.0]  Order: [6.52, 6.4, 6.32] Demand: [6.735]

Eval average reward:  -65.33375  Eval ordering fluctuation measurement (downstream to upstream):  [0.7488840424816018, 1.0270817860993613, 1.148741218513778]

 Algo happo Exp ippo_seed14_formal_v1 updates 460/3000 episodes, total num timesteps 461000/3000000, FPS 118.

Reward for thread 1: [-11.16, -17.15, -19.17] -15.83  Inventory: [6.0, 24.0, 12.0]  Order: [3.85, 3.78, 3.74] Demand: [4.03]
Reward for thread 2: [-71.18, -33.9, -29.94] -45.01  Inventory: [0.0, 9.0, 0.0]  Order: [13.32, 13.48, 13.51] Demand: [14.505]
Reward for thread 3: [-55.63, -30.97, -28.42] -38.34  Inventory: [0.0, 0.0, 0.0]  Order: [11.83, 11.98, 12.0] Demand: [12.935]
Reward for thread 4: [-24.97, -23.08, -22.45] -23.5  Inventory: [0.0, 0.0, 0.0]  Order: [10.22, 10.09, 9.96] Demand: [10.34]
Reward for thread 5: [-10.06, -14.69, -15.34] -13.36  Inventory: [1.0, 17.0, 2.0]  Order: [6.49, 6.5, 6.38] Demand: [6.525]

 Algo happo Exp ippo_seed14_formal_v1 updates 461/3000 episodes, total num timesteps 462000/3000000, FPS 118.

Reward for thread 1: [-12.85, -19.16, -18.89] -16.97  Inventory: [1.0, 17.0, 45.0]  Order: [8.3, 8.15, 8.14] Demand: [8.405]
Reward for thread 2: [-15.77, -18.48, -20.24] -18.16  Inventory: [0.0, 0.0, 0.0]  Order: [8.76, 8.9, 9.06] Demand: [9.015]
Reward for thread 3: [-14.94, -17.85, -19.46] -17.42  Inventory: [0.0, 0.0, 0.0]  Order: [10.04, 10.24, 10.1] Demand: [10.17]
Reward for thread 4: [-11.82, -22.41, -15.92] -16.72  Inventory: [3.0, 44.0, 19.0]  Order: [3.41, 3.41, 3.26] Demand: [3.635]
Reward for thread 5: [-10.7, -17.14, -14.87] -14.24  Inventory: [18.0, 29.0, 38.0]  Order: [7.06, 6.98, 6.96] Demand: [7.19]

 Algo happo Exp ippo_seed14_formal_v1 updates 462/3000 episodes, total num timesteps 463000/3000000, FPS 118.

Reward for thread 1: [-14.2, -18.78, -19.08] -17.35  Inventory: [0.0, 0.0, 0.0]  Order: [8.78, 8.93, 8.72] Demand: [8.895]
Reward for thread 2: [-32.57, -21.52, -21.34] -25.14  Inventory: [0.0, 9.0, 0.0]  Order: [13.76, 13.86, 13.92] Demand: [13.815]
Reward for thread 3: [-11.72, -17.71, -17.97] -15.8  Inventory: [6.0, 14.0, 16.0]  Order: [2.76, 2.66, 2.52] Demand: [2.94]
Reward for thread 4: [-17.73, -18.79, -18.2] -18.24  Inventory: [0.0, 0.0, 18.0]  Order: [7.5, 7.45, 7.52] Demand: [7.71]
Reward for thread 5: [-12.12, -17.97, -19.53] -16.54  Inventory: [9.0, 13.0, 24.0]  Order: [3.86, 3.72, 3.59] Demand: [4.065]

 Algo happo Exp ippo_seed14_formal_v1 updates 463/3000 episodes, total num timesteps 464000/3000000, FPS 118.

Reward for thread 1: [-32.01, -25.49, -25.23] -27.58  Inventory: [0.0, 0.0, 1.0]  Order: [11.54, 11.56, 11.66] Demand: [11.905]
Reward for thread 2: [-12.21, -19.05, -20.34] -17.2  Inventory: [20.0, 55.0, 45.0]  Order: [4.99, 5.08, 5.08] Demand: [5.07]
Reward for thread 3: [-290.14, -439.74, -524.68] -418.19  Inventory: [0.0, 0.0, 0.0]  Order: [15.83, 17.16, 9.91] Demand: [13.69]
Reward for thread 4: [-11.83, -16.02, -18.86] -15.57  Inventory: [1.0, 11.0, 16.0]  Order: [5.8, 5.71, 5.66] Demand: [5.975]
Reward for thread 5: [-15.25, -19.89, -20.57] -18.57  Inventory: [0.0, 3.0, 20.0]  Order: [6.66, 6.56, 6.43] Demand: [6.655]

 Algo happo Exp ippo_seed14_formal_v1 updates 464/3000 episodes, total num timesteps 465000/3000000, FPS 118.

Reward for thread 1: [-11.34, -16.43, -18.35] -15.37  Inventory: [0.0, 31.0, 22.0]  Order: [5.38, 5.36, 5.28] Demand: [5.495]
Reward for thread 2: [-93.48, -73.62, -88.81] -85.3  Inventory: [0.0, 0.0, 0.0]  Order: [11.12, 11.62, 9.34] Demand: [12.24]
Reward for thread 3: [-14.35, -21.22, -29.76] -21.78  Inventory: [1.0, 18.0, 46.0]  Order: [6.0, 5.86, 5.86] Demand: [6.16]
Reward for thread 4: [-13.75, -20.5, -23.29] -19.18  Inventory: [2.0, 36.0, 43.0]  Order: [4.99, 4.92, 4.89] Demand: [5.195]
Reward for thread 5: [-12.33, -18.37, -22.9] -17.87  Inventory: [8.0, 38.0, 0.0]  Order: [5.18, 5.17, 5.03] Demand: [5.265]

Eval average reward:  -63.243916666666664  Eval ordering fluctuation measurement (downstream to upstream):  [0.7419910946106185, 1.0159070881807106, 1.1245053555617939]

 Algo happo Exp ippo_seed14_formal_v1 updates 465/3000 episodes, total num timesteps 466000/3000000, FPS 118.

Reward for thread 1: [-11.11, -16.02, -16.84] -14.66  Inventory: [11.0, 18.0, 16.0]  Order: [6.94, 6.8, 6.8] Demand: [7.015]
Reward for thread 2: [-17.1, -23.7, -23.13] -21.31  Inventory: [13.0, 42.0, 12.0]  Order: [8.85, 8.82, 8.73] Demand: [8.985]
Reward for thread 3: [-19.57, -19.21, -20.52] -19.77  Inventory: [0.0, 0.0, 0.0]  Order: [10.86, 10.9, 10.98] Demand: [10.855]
Reward for thread 4: [-13.1, -18.26, -21.04] -17.47  Inventory: [8.0, 9.0, 19.0]  Order: [1.92, 1.76, 1.62] Demand: [2.115]
Reward for thread 5: [-20.8, -19.76, -19.98] -20.18  Inventory: [0.0, 0.0, 0.0]  Order: [13.16, 13.16, 13.18] Demand: [13.225]

 Algo happo Exp ippo_seed14_formal_v1 updates 466/3000 episodes, total num timesteps 467000/3000000, FPS 118.

Reward for thread 1: [-22.42, -18.82, -19.45] -20.23  Inventory: [0.0, 0.0, 2.0]  Order: [10.46, 10.52, 10.68] Demand: [10.775]
Reward for thread 2: [-13.53, -21.07, -22.03] -18.88  Inventory: [10.0, 49.0, 34.0]  Order: [2.75, 2.76, 2.7] Demand: [2.895]
Reward for thread 3: [-33.53, -16.88, -19.23] -23.21  Inventory: [0.0, 0.0, 0.0]  Order: [13.25, 13.22, 13.12] Demand: [13.2]
Reward for thread 4: [-12.48, -16.03, -20.57] -16.36  Inventory: [6.0, 14.0, 29.0]  Order: [2.66, 2.49, 2.39] Demand: [2.88]
Reward for thread 5: [-19.04, -20.02, -20.1] -19.72  Inventory: [0.0, 0.0, 0.0]  Order: [11.16, 11.32, 11.4] Demand: [11.12]

 Algo happo Exp ippo_seed14_formal_v1 updates 467/3000 episodes, total num timesteps 468000/3000000, FPS 118.

Reward for thread 1: [-82.42, -61.41, -67.5] -70.44  Inventory: [0.0, 0.0, 0.0]  Order: [12.36, 12.88, 11.15] Demand: [13.535]
Reward for thread 2: [-11.43, -17.1, -17.59] -15.37  Inventory: [0.0, 0.0, 0.0]  Order: [5.08, 5.03, 4.88] Demand: [5.15]
Reward for thread 3: [-12.56, -18.88, -20.33] -17.26  Inventory: [0.0, 6.0, 0.0]  Order: [5.2, 5.22, 5.17] Demand: [5.245]
Reward for thread 4: [-15.56, -20.17, -20.49] -18.74  Inventory: [7.0, 31.0, 27.0]  Order: [6.88, 6.78, 6.68] Demand: [7.07]
Reward for thread 5: [-11.6, -16.84, -18.56] -15.67  Inventory: [8.0, 0.0, 0.0]  Order: [7.91, 7.73, 7.67] Demand: [7.915]

 Algo happo Exp ippo_seed14_formal_v1 updates 468/3000 episodes, total num timesteps 469000/3000000, FPS 118.

Reward for thread 1: [-14.77, -21.35, -23.47] -19.86  Inventory: [0.0, 4.0, 0.0]  Order: [6.88, 6.8, 6.68] Demand: [7.03]
Reward for thread 2: [-54.27, -29.35, -29.65] -37.76  Inventory: [9.0, 9.0, 39.0]  Order: [15.16, 15.06, 15.02] Demand: [15.175]
Reward for thread 3: [-49.73, -26.57, -27.04] -34.45  Inventory: [0.0, 0.0, 0.0]  Order: [14.58, 14.76, 14.82] Demand: [15.27]
Reward for thread 4: [-336.23, -314.32, -335.95] -328.83  Inventory: [0.0, 0.0, 0.0]  Order: [16.66, 17.05, 11.18] Demand: [15.935]
Reward for thread 5: [-33.89, -25.24, -26.95] -28.69  Inventory: [0.0, 0.0, 0.0]  Order: [13.0, 13.23, 13.28] Demand: [13.22]

 Algo happo Exp ippo_seed14_formal_v1 updates 469/3000 episodes, total num timesteps 470000/3000000, FPS 118.

Reward for thread 1: [-55.35, -26.98, -27.41] -36.58  Inventory: [0.0, 0.0, 0.0]  Order: [15.14, 15.31, 15.31] Demand: [15.215]
Reward for thread 2: [-14.09, -19.23, -21.84] -18.39  Inventory: [30.0, 13.0, 27.0]  Order: [3.81, 3.68, 3.58] Demand: [3.89]
Reward for thread 3: [-25.68, -18.93, -20.47] -21.69  Inventory: [7.0, 17.0, 31.0]  Order: [10.36, 10.21, 10.13] Demand: [10.49]
Reward for thread 4: [-9.56, -15.72, -14.05] -13.11  Inventory: [3.0, 20.0, 32.0]  Order: [3.9, 3.78, 3.7] Demand: [4.055]
Reward for thread 5: [-19.41, -20.57, -23.23] -21.07  Inventory: [11.0, 8.0, 8.0]  Order: [10.33, 10.3, 10.17] Demand: [10.44]

Eval average reward:  -29.269583333333333  Eval ordering fluctuation measurement (downstream to upstream):  [0.7944379067103965, 1.0273301122065983, 1.148925026865829]

 Algo happo Exp ippo_seed14_formal_v1 updates 470/3000 episodes, total num timesteps 471000/3000000, FPS 118.

Reward for thread 1: [-16.89, -24.33, -24.94] -22.05  Inventory: [2.0, 31.0, 33.0]  Order: [6.18, 6.09, 6.01] Demand: [6.415]
Reward for thread 2: [-229.34, -192.59, -212.85] -211.59  Inventory: [0.0, 0.0, 0.0]  Order: [15.72, 16.07, 13.4] Demand: [14.9]
Reward for thread 3: [-217.33, -331.32, -333.25] -293.97  Inventory: [0.0, 0.0, 0.0]  Order: [16.12, 15.8, 12.44] Demand: [12.645]
Reward for thread 4: [-14.57, -18.37, -17.75] -16.9  Inventory: [13.0, 41.0, 44.0]  Order: [7.46, 7.43, 7.4] Demand: [7.63]
Reward for thread 5: [-15.64, -26.48, -23.34] -21.82  Inventory: [0.0, 0.0, 0.0]  Order: [3.9, 3.89, 3.81] Demand: [4.04]

 Algo happo Exp ippo_seed14_formal_v1 updates 471/3000 episodes, total num timesteps 472000/3000000, FPS 118.

Reward for thread 1: [-13.22, -19.34, -19.43] -17.33  Inventory: [2.0, 10.0, 0.0]  Order: [6.81, 6.67, 6.55] Demand: [6.965]
Reward for thread 2: [-38.02, -35.73, -40.19] -37.98  Inventory: [0.0, 0.0, 0.0]  Order: [11.93, 12.24, 11.34] Demand: [11.9]
Reward for thread 3: [-24.92, -25.44, -26.27] -25.54  Inventory: [5.0, 44.0, 53.0]  Order: [7.96, 7.93, 7.94] Demand: [8.175]
Reward for thread 4: [-10.27, -15.57, -18.26] -14.7  Inventory: [2.0, 9.0, 31.0]  Order: [3.42, 3.21, 3.12] Demand: [3.645]
Reward for thread 5: [-10.73, -17.75, -18.03] -15.5  Inventory: [2.0, 23.0, 23.0]  Order: [3.08, 2.94, 2.82] Demand: [3.305]

 Algo happo Exp ippo_seed14_formal_v1 updates 472/3000 episodes, total num timesteps 473000/3000000, FPS 118.

Reward for thread 1: [-33.63, -39.09, -40.47] -37.73  Inventory: [12.0, 43.0, 20.0]  Order: [10.29, 10.26, 10.12] Demand: [10.39]
Reward for thread 2: [-72.66, -97.52, -75.84] -82.01  Inventory: [0.0, 116.0, 19.0]  Order: [8.12, 8.44, 8.29] Demand: [8.33]
Reward for thread 3: [-18.44, -25.87, -26.99] -23.77  Inventory: [0.0, 8.0, 0.0]  Order: [8.44, 8.63, 8.4] Demand: [8.555]
Reward for thread 4: [-12.35, -20.99, -23.06] -18.8  Inventory: [4.0, 34.0, 23.0]  Order: [3.26, 3.18, 3.06] Demand: [3.48]
Reward for thread 5: [-90.76, -107.14, -130.87] -109.59  Inventory: [17.0, 100.0, 12.0]  Order: [12.48, 12.74, 12.54] Demand: [12.505]

 Algo happo Exp ippo_seed14_formal_v1 updates 473/3000 episodes, total num timesteps 474000/3000000, FPS 118.

Reward for thread 1: [-20.39, -17.73, -21.48] -19.87  Inventory: [0.0, 17.0, 42.0]  Order: [12.12, 12.13, 12.11] Demand: [12.28]
Reward for thread 2: [-13.18, -16.96, -17.83] -15.99  Inventory: [0.0, 11.0, 10.0]  Order: [7.35, 7.42, 7.31] Demand: [7.37]
Reward for thread 3: [-49.65, -54.83, -78.97] -61.15  Inventory: [0.0, 147.0, 10.0]  Order: [11.4, 11.9, 11.7] Demand: [11.55]
Reward for thread 4: [-73.67, -72.36, -99.38] -81.8  Inventory: [0.0, 13.0, 0.0]  Order: [13.66, 14.06, 13.72] Demand: [13.61]
Reward for thread 5: [-55.08, -26.58, -26.75] -36.14  Inventory: [0.0, 0.0, 0.0]  Order: [15.36, 15.45, 15.38] Demand: [16.05]

 Algo happo Exp ippo_seed14_formal_v1 updates 474/3000 episodes, total num timesteps 475000/3000000, FPS 118.

Reward for thread 1: [-17.54, -18.8, -19.48] -18.61  Inventory: [0.0, 0.0, 0.0]  Order: [7.93, 8.09, 8.06] Demand: [8.03]
Reward for thread 2: [-13.02, -19.3, -17.71] -16.68  Inventory: [6.0, 20.0, 16.0]  Order: [4.91, 4.76, 4.6] Demand: [5.13]
Reward for thread 3: [-13.56, -19.34, -17.58] -16.83  Inventory: [13.0, 21.0, 2.0]  Order: [1.6, 1.46, 1.25] Demand: [1.79]
Reward for thread 4: [-13.83, -18.77, -17.93] -16.84  Inventory: [0.0, 0.0, 0.0]  Order: [7.9, 7.8, 7.8] Demand: [7.97]
Reward for thread 5: [-13.04, -20.71, -18.54] -17.43  Inventory: [3.0, 34.0, 15.0]  Order: [3.26, 3.18, 3.0] Demand: [3.435]

Eval average reward:  -28.481250000000003  Eval ordering fluctuation measurement (downstream to upstream):  [0.8255011170594718, 1.0245368160930104, 1.165859715717905]

 Algo happo Exp ippo_seed14_formal_v1 updates 475/3000 episodes, total num timesteps 476000/3000000, FPS 118.

Reward for thread 1: [-23.42, -20.66, -23.46] -22.51  Inventory: [0.0, 0.0, 0.0]  Order: [10.28, 10.47, 10.42] Demand: [10.375]
Reward for thread 2: [-14.92, -21.4, -23.64] -19.99  Inventory: [14.0, 20.0, 29.0]  Order: [4.78, 4.72, 4.64] Demand: [4.865]
Reward for thread 3: [-12.6, -18.66, -17.18] -16.15  Inventory: [1.0, 25.0, 9.0]  Order: [5.09, 5.04, 5.0] Demand: [5.285]
Reward for thread 4: [-10.95, -16.69, -17.95] -15.2  Inventory: [13.0, 15.0, 11.0]  Order: [2.52, 2.42, 2.37] Demand: [2.695]
Reward for thread 5: [-64.5, -28.29, -29.01] -40.6  Inventory: [0.0, 1.0, 11.0]  Order: [15.95, 16.02, 16.02] Demand: [16.83]

 Algo happo Exp ippo_seed14_formal_v1 updates 476/3000 episodes, total num timesteps 477000/3000000, FPS 118.

Reward for thread 1: [-13.72, -17.74, -21.53] -17.66  Inventory: [0.0, 16.0, 0.0]  Order: [9.98, 10.28, 10.07] Demand: [10.015]
Reward for thread 2: [-9.16, -14.5, -12.26] -11.97  Inventory: [13.0, 17.0, 3.0]  Order: [2.4, 2.33, 2.23] Demand: [2.555]
Reward for thread 3: [-12.92, -17.63, -18.2] -16.25  Inventory: [32.0, 17.0, 14.0]  Order: [1.72, 1.55, 1.38] Demand: [1.805]
Reward for thread 4: [-17.71, -36.55, -21.35] -25.2  Inventory: [5.0, 42.0, 15.0]  Order: [3.36, 3.32, 3.14] Demand: [3.575]
Reward for thread 5: [-74.14, -31.55, -32.6] -46.1  Inventory: [0.0, 0.0, 0.0]  Order: [14.62, 14.72, 14.75] Demand: [15.91]

 Algo happo Exp ippo_seed14_formal_v1 updates 477/3000 episodes, total num timesteps 478000/3000000, FPS 118.

Reward for thread 1: [-109.22, -105.05, -111.39] -108.55  Inventory: [19.0, 183.0, 2.0]  Order: [13.15, 13.84, 13.6] Demand: [13.18]
Reward for thread 2: [-9.61, -15.56, -15.4] -13.52  Inventory: [5.0, 11.0, 0.0]  Order: [3.06, 2.96, 2.9] Demand: [3.26]
Reward for thread 3: [-66.76, -34.3, -33.7] -44.92  Inventory: [0.0, 0.0, 0.0]  Order: [14.69, 14.9, 14.84] Demand: [15.225]
Reward for thread 4: [-16.4, -20.96, -21.47] -19.61  Inventory: [0.0, 0.0, 0.0]  Order: [10.79, 10.74, 10.52] Demand: [10.675]
Reward for thread 5: [-14.8, -18.93, -20.62] -18.12  Inventory: [0.0, 0.0, 0.0]  Order: [7.68, 7.68, 7.66] Demand: [7.73]

 Algo happo Exp ippo_seed14_formal_v1 updates 478/3000 episodes, total num timesteps 479000/3000000, FPS 118.

Reward for thread 1: [-12.99, -18.22, -19.21] -16.81  Inventory: [0.0, 10.0, 21.0]  Order: [6.16, 6.0, 5.87] Demand: [6.365]
Reward for thread 2: [-92.64, -65.33, -86.84] -81.6  Inventory: [0.0, 0.0, 0.0]  Order: [14.18, 14.94, 13.82] Demand: [15.205]
Reward for thread 3: [-14.95, -24.3, -22.11] -20.45  Inventory: [0.0, 14.0, 26.0]  Order: [4.08, 3.92, 3.82] Demand: [4.29]
Reward for thread 4: [-31.08, -31.17, -40.88] -34.38  Inventory: [0.0, 0.0, 0.0]  Order: [11.45, 11.72, 11.16] Demand: [11.655]
Reward for thread 5: [-18.69, -20.91, -23.66] -21.09  Inventory: [0.0, 0.0, 0.0]  Order: [8.96, 9.07, 8.79] Demand: [8.905]

 Algo happo Exp ippo_seed14_formal_v1 updates 479/3000 episodes, total num timesteps 480000/3000000, FPS 118.

Reward for thread 1: [-29.31, -27.13, -21.69] -26.04  Inventory: [5.0, 27.0, 30.0]  Order: [11.36, 11.3, 11.22] Demand: [11.51]
Reward for thread 2: [-10.41, -16.0, -14.29] -13.57  Inventory: [12.0, 23.0, 19.0]  Order: [3.32, 3.19, 3.06] Demand: [3.515]
Reward for thread 3: [-37.87, -25.47, -29.99] -31.11  Inventory: [0.0, 0.0, 0.0]  Order: [14.1, 14.12, 14.18] Demand: [14.84]
Reward for thread 4: [-13.98, -19.88, -22.77] -18.88  Inventory: [20.0, 55.0, 16.0]  Order: [4.36, 4.38, 4.22] Demand: [4.51]
Reward for thread 5: [-59.23, -29.51, -27.2] -38.65  Inventory: [0.0, 0.0, 0.0]  Order: [14.72, 14.78, 14.82] Demand: [14.79]

Eval average reward:  -28.970166666666664  Eval ordering fluctuation measurement (downstream to upstream):  [0.8016638792153623, 1.0009337642115566, 1.1649583459358683]

 Algo happo Exp ippo_seed14_formal_v1 updates 480/3000 episodes, total num timesteps 481000/3000000, FPS 118.

Reward for thread 1: [-13.09, -16.51, -18.93] -16.18  Inventory: [0.0, 0.0, 14.0]  Order: [7.5, 7.34, 7.31] Demand: [7.5]
Reward for thread 2: [-34.59, -22.34, -22.25] -26.39  Inventory: [0.0, 0.0, 0.0]  Order: [12.91, 13.04, 13.09] Demand: [13.505]
Reward for thread 3: [-15.41, -21.06, -22.43] -19.63  Inventory: [0.0, 26.0, 0.0]  Order: [7.68, 7.68, 7.42] Demand: [7.86]
Reward for thread 4: [-17.26, -19.4, -20.75] -19.14  Inventory: [2.0, 8.0, 9.0]  Order: [7.3, 7.22, 7.21] Demand: [7.44]
Reward for thread 5: [-22.88, -21.97, -21.06] -21.97  Inventory: [3.0, 40.0, 21.0]  Order: [9.36, 9.33, 9.2] Demand: [9.515]

 Algo happo Exp ippo_seed14_formal_v1 updates 481/3000 episodes, total num timesteps 482000/3000000, FPS 118.

Reward for thread 1: [-11.25, -16.95, -17.8] -15.33  Inventory: [1.0, 0.0, 3.0]  Order: [6.48, 6.39, 6.18] Demand: [6.535]
Reward for thread 2: [-60.63, -27.03, -29.41] -39.02  Inventory: [0.0, 0.0, 0.0]  Order: [14.71, 14.78, 14.83] Demand: [15.525]
Reward for thread 3: [-19.42, -20.74, -19.29] -19.82  Inventory: [0.0, 8.0, 0.0]  Order: [8.52, 8.8, 8.79] Demand: [8.63]
Reward for thread 4: [-120.69, -91.26, -151.87] -121.27  Inventory: [0.0, 0.0, 0.0]  Order: [16.02, 17.42, 15.85] Demand: [16.16]
Reward for thread 5: [-50.72, -32.16, -32.03] -38.3  Inventory: [1.0, 28.0, 28.0]  Order: [9.82, 9.76, 9.65] Demand: [9.945]

 Algo happo Exp ippo_seed14_formal_v1 updates 482/3000 episodes, total num timesteps 483000/3000000, FPS 118.

Reward for thread 1: [-11.36, -19.4, -20.94] -17.23  Inventory: [5.0, 25.0, 26.0]  Order: [2.85, 2.72, 2.6] Demand: [3.065]
Reward for thread 2: [-25.8, -19.88, -22.57] -22.75  Inventory: [0.0, 0.0, 0.0]  Order: [12.24, 12.3, 12.32] Demand: [12.325]
Reward for thread 3: [-47.07, -24.95, -25.36] -32.46  Inventory: [0.0, 1.0, 0.0]  Order: [13.06, 13.05, 12.81] Demand: [13.15]
Reward for thread 4: [-12.67, -18.45, -19.66] -16.93  Inventory: [0.0, 26.0, 15.0]  Order: [6.52, 6.56, 6.4] Demand: [6.685]
Reward for thread 5: [-249.56, -227.63, -122.19] -199.79  Inventory: [0.0, 0.0, 0.0]  Order: [16.53, 14.39, 14.36] Demand: [17.285]

 Algo happo Exp ippo_seed14_formal_v1 updates 483/3000 episodes, total num timesteps 484000/3000000, FPS 118.

Reward for thread 1: [-21.3, -24.43, -25.39] -23.71  Inventory: [7.0, 21.0, 9.0]  Order: [9.05, 9.03, 8.94] Demand: [9.1]
Reward for thread 2: [-74.64, -39.14, -39.57] -51.12  Inventory: [0.0, 0.0, 0.0]  Order: [14.73, 14.74, 14.72] Demand: [14.725]
Reward for thread 3: [-44.59, -47.73, -45.19] -45.84  Inventory: [40.0, 43.0, 1.0]  Order: [11.64, 11.85, 11.63] Demand: [11.615]
Reward for thread 4: [-17.93, -19.13, -18.67] -18.58  Inventory: [0.0, 0.0, 0.0]  Order: [9.66, 9.67, 9.66] Demand: [9.76]
Reward for thread 5: [-175.1, -119.18, -122.38] -138.89  Inventory: [0.0, 0.0, 0.0]  Order: [15.43, 15.18, 14.48] Demand: [16.845]

 Algo happo Exp ippo_seed14_formal_v1 updates 484/3000 episodes, total num timesteps 485000/3000000, FPS 118.

Reward for thread 1: [-14.26, -19.82, -19.48] -17.85  Inventory: [0.0, 31.0, 0.0]  Order: [6.82, 6.85, 6.84] Demand: [6.97]
Reward for thread 2: [-11.3, -16.92, -16.85] -15.02  Inventory: [6.0, 18.0, 5.0]  Order: [7.08, 7.09, 6.97] Demand: [7.18]
Reward for thread 3: [-15.29, -22.36, -24.15] -20.6  Inventory: [0.0, 0.0, 0.0]  Order: [6.22, 6.19, 6.12] Demand: [6.32]
Reward for thread 4: [-10.76, -20.05, -21.24] -17.35  Inventory: [0.0, 11.0, 21.0]  Order: [2.53, 2.38, 2.24] Demand: [2.75]
Reward for thread 5: [-11.45, -17.86, -18.2] -15.84  Inventory: [0.0, 42.0, 13.0]  Order: [5.53, 5.55, 5.38] Demand: [5.71]

Eval average reward:  -27.246916666666664  Eval ordering fluctuation measurement (downstream to upstream):  [0.7945099770217159, 0.9630790976059915, 1.1679556432413862]

 Algo happo Exp ippo_seed14_formal_v1 updates 485/3000 episodes, total num timesteps 486000/3000000, FPS 118.

Reward for thread 1: [-14.75, -21.44, -21.78] -19.32  Inventory: [0.0, 0.0, 12.0]  Order: [7.46, 7.32, 7.18] Demand: [7.555]
Reward for thread 2: [-68.77, -53.53, -86.7] -69.67  Inventory: [11.0, 137.0, 0.0]  Order: [13.69, 14.21, 14.02] Demand: [13.79]
Reward for thread 3: [-58.76, -39.12, -59.44] -52.44  Inventory: [0.0, 0.0, 0.0]  Order: [13.17, 13.96, 13.24] Demand: [14.195]
Reward for thread 4: [-43.05, -26.74, -25.06] -31.62  Inventory: [0.0, 5.0, 6.0]  Order: [14.84, 14.92, 15.03] Demand: [14.965]
Reward for thread 5: [-144.46, -91.82, -128.84] -121.71  Inventory: [0.0, 0.0, 0.0]  Order: [15.1, 16.1, 14.99] Demand: [15.245]

 Algo happo Exp ippo_seed14_formal_v1 updates 486/3000 episodes, total num timesteps 487000/3000000, FPS 118.

Reward for thread 1: [-11.21, -19.25, -19.1] -16.52  Inventory: [0.0, 16.0, 24.0]  Order: [3.78, 3.62, 3.5] Demand: [4.]
Reward for thread 2: [-11.88, -19.5, -18.92] -16.77  Inventory: [0.0, 0.0, 0.0]  Order: [5.5, 5.38, 5.28] Demand: [5.285]
Reward for thread 3: [-51.74, -26.12, -27.51] -35.12  Inventory: [0.0, 0.0, 0.0]  Order: [12.45, 12.42, 12.3] Demand: [12.555]
Reward for thread 4: [-11.18, -21.03, -20.89] -17.7  Inventory: [0.0, 22.0, 35.0]  Order: [2.89, 2.79, 2.72] Demand: [3.09]
Reward for thread 5: [-11.21, -17.68, -19.9] -16.26  Inventory: [5.0, 18.0, 24.0]  Order: [6.22, 6.12, 5.99] Demand: [6.435]

 Algo happo Exp ippo_seed14_formal_v1 updates 487/3000 episodes, total num timesteps 488000/3000000, FPS 118.

Reward for thread 1: [-15.8, -17.67, -18.32] -17.26  Inventory: [7.0, 27.0, 0.0]  Order: [8.98, 9.06, 8.99] Demand: [9.06]
Reward for thread 2: [-13.35, -19.06, -19.99] -17.47  Inventory: [5.0, 34.0, 33.0]  Order: [7.18, 7.15, 7.1] Demand: [7.375]
Reward for thread 3: [-27.46, -25.36, -28.05] -26.96  Inventory: [6.0, 45.0, 50.0]  Order: [10.4, 10.38, 10.39] Demand: [10.6]
Reward for thread 4: [-9.86, -15.06, -18.1] -14.34  Inventory: [0.0, 0.0, 4.0]  Order: [3.29, 3.16, 2.94] Demand: [3.46]
Reward for thread 5: [-36.81, -22.21, -21.16] -26.73  Inventory: [0.0, 0.0, 0.0]  Order: [14.12, 14.26, 14.38] Demand: [14.685]

 Algo happo Exp ippo_seed14_formal_v1 updates 488/3000 episodes, total num timesteps 489000/3000000, FPS 118.

Reward for thread 1: [-12.81, -17.08, -16.88] -15.59  Inventory: [5.0, 16.0, 30.0]  Order: [6.87, 6.88, 6.82] Demand: [6.95]
Reward for thread 2: [-16.69, -18.45, -20.03] -18.39  Inventory: [0.0, 8.0, 4.0]  Order: [8.07, 8.04, 7.94] Demand: [8.175]
Reward for thread 3: [-22.83, -18.17, -18.06] -19.69  Inventory: [0.0, 0.0, 26.0]  Order: [11.34, 11.32, 11.38] Demand: [11.31]
Reward for thread 4: [-38.52, -42.79, -45.41] -42.24  Inventory: [6.0, 28.0, 28.0]  Order: [11.78, 11.78, 11.69] Demand: [11.92]
Reward for thread 5: [-44.88, -30.41, -27.1] -34.13  Inventory: [0.0, 0.0, 0.0]  Order: [14.4, 14.42, 14.51] Demand: [14.705]

 Algo happo Exp ippo_seed14_formal_v1 updates 489/3000 episodes, total num timesteps 490000/3000000, FPS 118.

Reward for thread 1: [-10.63, -17.24, -17.11] -14.99  Inventory: [0.0, 0.0, 0.0]  Order: [5.16, 5.01, 4.95] Demand: [5.275]
Reward for thread 2: [-10.92, -17.42, -17.39] -15.24  Inventory: [6.0, 30.0, 20.0]  Order: [6.02, 6.0, 5.87] Demand: [6.15]
Reward for thread 3: [-48.44, -27.0, -24.89] -33.44  Inventory: [0.0, 0.0, 0.0]  Order: [12.91, 12.92, 13.02] Demand: [13.95]
Reward for thread 4: [-11.29, -17.32, -16.13] -14.91  Inventory: [0.0, 0.0, 0.0]  Order: [6.62, 6.58, 6.5] Demand: [6.675]
Reward for thread 5: [-13.07, -19.26, -18.76] -17.03  Inventory: [6.0, 6.0, 15.0]  Order: [6.44, 6.36, 6.32] Demand: [6.595]

Eval average reward:  -28.408583333333333  Eval ordering fluctuation measurement (downstream to upstream):  [0.74471057802124, 0.9583068787612623, 1.098341334910534]

 Algo happo Exp ippo_seed14_formal_v1 updates 490/3000 episodes, total num timesteps 491000/3000000, FPS 118.

Reward for thread 1: [-27.25, -21.66, -22.8] -23.9  Inventory: [0.0, 0.0, 3.0]  Order: [12.61, 12.58, 12.6] Demand: [12.64]
Reward for thread 2: [-14.68, -17.68, -18.02] -16.79  Inventory: [0.0, 0.0, 1.0]  Order: [8.44, 8.32, 8.12] Demand: [8.505]
Reward for thread 3: [-14.7, -19.71, -21.36] -18.59  Inventory: [0.0, 22.0, 47.0]  Order: [7.93, 7.8, 7.8] Demand: [8.135]
Reward for thread 4: [-48.5, -31.57, -33.03] -37.7  Inventory: [0.0, 0.0, 0.0]  Order: [8.8, 8.85, 8.85] Demand: [9.88]
Reward for thread 5: [-66.27, -47.15, -34.81] -49.41  Inventory: [0.0, 0.0, 0.0]  Order: [12.38, 12.36, 12.26] Demand: [13.025]

 Algo happo Exp ippo_seed14_formal_v1 updates 491/3000 episodes, total num timesteps 492000/3000000, FPS 118.

Reward for thread 1: [-16.6, -19.8, -20.38] -18.93  Inventory: [0.0, 40.0, 0.0]  Order: [9.86, 9.95, 9.74] Demand: [10.03]
Reward for thread 2: [-12.74, -20.8, -19.66] -17.73  Inventory: [0.0, 16.0, 19.0]  Order: [5.78, 5.67, 5.53] Demand: [6.01]
Reward for thread 3: [-28.23, -29.34, -27.6] -28.39  Inventory: [15.0, 34.0, 22.0]  Order: [9.96, 9.9, 9.78] Demand: [10.11]
Reward for thread 4: [-9.62, -17.78, -16.48] -14.63  Inventory: [2.0, 27.0, 14.0]  Order: [2.86, 2.8, 2.63] Demand: [3.07]
Reward for thread 5: [-57.1, -30.38, -35.92] -41.13  Inventory: [0.0, 0.0, 0.0]  Order: [14.07, 14.26, 14.2] Demand: [15.08]

 Algo happo Exp ippo_seed14_formal_v1 updates 492/3000 episodes, total num timesteps 493000/3000000, FPS 118.

Reward for thread 1: [-10.46, -16.56, -17.27] -14.76  Inventory: [15.0, 20.0, 42.0]  Order: [2.69, 2.54, 2.5] Demand: [2.855]
Reward for thread 2: [-8.98, -15.3, -13.57] -12.62  Inventory: [4.0, 13.0, 17.0]  Order: [4.91, 4.8, 4.68] Demand: [5.05]
Reward for thread 3: [-13.56, -17.23, -16.18] -15.66  Inventory: [0.0, 13.0, 0.0]  Order: [7.11, 7.06, 6.86] Demand: [7.245]
Reward for thread 4: [-41.04, -41.07, -37.6] -39.9  Inventory: [0.0, 0.0, 0.0]  Order: [12.1, 12.0, 11.86] Demand: [11.955]
Reward for thread 5: [-10.59, -18.1, -17.4] -15.36  Inventory: [12.0, 22.0, 21.0]  Order: [3.14, 3.0, 2.86] Demand: [3.335]

 Algo happo Exp ippo_seed14_formal_v1 updates 493/3000 episodes, total num timesteps 494000/3000000, FPS 118.

Reward for thread 1: [-23.53, -31.36, -24.25] -26.38  Inventory: [0.0, 16.0, 5.0]  Order: [5.72, 5.62, 5.42] Demand: [5.875]
Reward for thread 2: [-15.82, -20.4, -20.93] -19.05  Inventory: [1.0, 4.0, 0.0]  Order: [8.02, 8.04, 7.96] Demand: [8.165]
Reward for thread 3: [-21.94, -23.51, -23.9] -23.12  Inventory: [0.0, 0.0, 0.0]  Order: [10.24, 10.28, 10.21] Demand: [10.31]
Reward for thread 4: [-40.96, -41.96, -39.68] -40.87  Inventory: [0.0, 0.0, 0.0]  Order: [9.91, 9.78, 9.49] Demand: [10.105]
Reward for thread 5: [-32.72, -25.58, -28.16] -28.82  Inventory: [0.0, 0.0, 0.0]  Order: [10.4, 10.5, 10.48] Demand: [11.155]

 Algo happo Exp ippo_seed14_formal_v1 updates 494/3000 episodes, total num timesteps 495000/3000000, FPS 118.

Reward for thread 1: [-49.03, -29.73, -26.95] -35.24  Inventory: [0.0, 0.0, 6.0]  Order: [14.56, 14.56, 14.68] Demand: [14.655]
Reward for thread 2: [-41.47, -29.11, -25.97] -32.18  Inventory: [0.0, 0.0, 0.0]  Order: [15.23, 15.26, 15.35] Demand: [15.5]
Reward for thread 3: [-9.7, -16.9, -15.52] -14.04  Inventory: [8.0, 23.0, 20.0]  Order: [3.28, 3.14, 3.0] Demand: [3.48]
Reward for thread 4: [-14.04, -22.5, -23.87] -20.14  Inventory: [2.0, 21.0, 50.0]  Order: [3.94, 3.79, 3.8] Demand: [4.175]
Reward for thread 5: [-13.81, -24.34, -22.4] -20.18  Inventory: [1.0, 13.0, 11.0]  Order: [3.16, 3.0, 2.83] Demand: [3.37]

Eval average reward:  -29.63175  Eval ordering fluctuation measurement (downstream to upstream):  [0.7144027251545336, 0.9536633407585434, 1.1281038797536715]

 Algo happo Exp ippo_seed14_formal_v1 updates 495/3000 episodes, total num timesteps 496000/3000000, FPS 118.

Reward for thread 1: [-28.05, -21.74, -23.8] -24.53  Inventory: [0.0, 4.0, 21.0]  Order: [11.48, 11.42, 11.4] Demand: [11.615]
Reward for thread 2: [-31.95, -28.26, -37.92] -32.71  Inventory: [0.0, 0.0, 0.0]  Order: [12.6, 12.63, 12.43] Demand: [12.66]
Reward for thread 3: [-45.44, -37.03, -41.47] -41.31  Inventory: [0.0, 0.0, 0.0]  Order: [12.13, 12.34, 12.14] Demand: [12.685]
Reward for thread 4: [-10.0, -15.82, -14.82] -13.55  Inventory: [0.0, 7.0, 0.0]  Order: [4.68, 4.62, 4.48] Demand: [4.85]
Reward for thread 5: [-25.25, -22.66, -21.86] -23.26  Inventory: [3.0, 7.0, 5.0]  Order: [12.58, 12.52, 12.36] Demand: [12.675]

 Algo happo Exp ippo_seed14_formal_v1 updates 496/3000 episodes, total num timesteps 497000/3000000, FPS 118.

Reward for thread 1: [-72.79, -31.97, -32.43] -45.73  Inventory: [0.0, 0.0, 0.0]  Order: [14.78, 14.9, 14.92] Demand: [16.17]
Reward for thread 2: [-75.66, -33.98, -34.46] -48.03  Inventory: [3.0, 31.0, 23.0]  Order: [14.05, 13.97, 13.84] Demand: [14.245]
Reward for thread 3: [-19.91, -21.44, -22.8] -21.38  Inventory: [4.0, 15.0, 19.0]  Order: [10.74, 10.81, 10.91] Demand: [10.78]
Reward for thread 4: [-17.57, -25.21, -23.53] -22.1  Inventory: [0.0, 0.0, 0.0]  Order: [6.51, 6.51, 6.22] Demand: [6.51]
Reward for thread 5: [-13.81, -19.26, -19.96] -17.68  Inventory: [22.0, 22.0, 35.0]  Order: [2.46, 2.32, 2.26] Demand: [2.6]

 Algo happo Exp ippo_seed14_formal_v1 updates 497/3000 episodes, total num timesteps 498000/3000000, FPS 118.

Reward for thread 1: [-19.8, -16.66, -20.64] -19.03  Inventory: [0.0, 4.0, 44.0]  Order: [12.3, 12.24, 12.32] Demand: [12.395]
Reward for thread 2: [-25.16, -31.29, -30.01] -28.82  Inventory: [0.0, 57.0, 33.0]  Order: [11.14, 11.28, 11.22] Demand: [11.175]
Reward for thread 3: [-25.1, -25.03, -23.51] -24.55  Inventory: [10.0, 15.0, 30.0]  Order: [13.65, 13.72, 13.82] Demand: [13.64]
Reward for thread 4: [-56.97, -41.02, -36.87] -44.95  Inventory: [0.0, 0.0, 0.0]  Order: [14.58, 14.67, 14.68] Demand: [15.36]
Reward for thread 5: [-11.06, -15.74, -16.22] -14.34  Inventory: [0.0, 2.0, 0.0]  Order: [7.53, 7.38, 7.16] Demand: [7.705]

 Algo happo Exp ippo_seed14_formal_v1 updates 498/3000 episodes, total num timesteps 499000/3000000, FPS 118.

Reward for thread 1: [-11.47, -17.65, -17.77] -15.63  Inventory: [0.0, 22.0, 6.0]  Order: [6.54, 6.52, 6.34] Demand: [6.705]
Reward for thread 2: [-18.07, -20.38, -20.93] -19.79  Inventory: [0.0, 0.0, 0.0]  Order: [7.72, 7.7, 7.66] Demand: [7.905]
Reward for thread 3: [-34.49, -30.27, -31.75] -32.17  Inventory: [0.0, 0.0, 0.0]  Order: [11.72, 11.84, 11.54] Demand: [11.735]
Reward for thread 4: [-19.83, -22.59, -24.22] -22.21  Inventory: [0.0, 13.0, 0.0]  Order: [9.3, 9.27, 9.08] Demand: [9.405]
Reward for thread 5: [-62.89, -34.09, -34.96] -43.98  Inventory: [0.0, 0.0, 0.0]  Order: [12.82, 13.04, 13.0] Demand: [14.13]

 Algo happo Exp ippo_seed14_formal_v1 updates 499/3000 episodes, total num timesteps 500000/3000000, FPS 118.

Reward for thread 1: [-10.57, -17.4, -20.08] -16.02  Inventory: [2.0, 19.0, 11.0]  Order: [3.7, 3.56, 3.38] Demand: [3.915]
Reward for thread 2: [-26.73, -44.97, -31.86] -34.52  Inventory: [0.0, 3.0, 0.0]  Order: [6.76, 6.72, 6.54] Demand: [6.94]
Reward for thread 3: [-23.8, -22.56, -23.74] -23.37  Inventory: [0.0, 0.0, 6.0]  Order: [11.28, 11.34, 11.38] Demand: [11.395]
Reward for thread 4: [-26.3, -22.98, -22.15] -23.81  Inventory: [0.0, 3.0, 0.0]  Order: [13.0, 13.04, 13.12] Demand: [13.055]
Reward for thread 5: [-10.5, -15.94, -18.09] -14.84  Inventory: [0.0, 0.0, 0.0]  Order: [5.9, 5.86, 5.78] Demand: [6.02]

Eval average reward:  -39.917416666666675  Eval ordering fluctuation measurement (downstream to upstream):  [0.7124295238909388, 0.9795753988834154, 1.2025493669682137]

 Algo happo Exp ippo_seed14_formal_v1 updates 500/3000 episodes, total num timesteps 501000/3000000, FPS 118.

Reward for thread 1: [-28.43, -23.16, -23.56] -25.05  Inventory: [0.0, 0.0, 0.0]  Order: [13.12, 13.16, 13.22] Demand: [13.47]
Reward for thread 2: [-13.92, -20.64, -20.17] -18.24  Inventory: [1.0, 16.0, 43.0]  Order: [4.72, 4.57, 4.54] Demand: [4.945]
Reward for thread 3: [-53.27, -36.69, -32.39] -40.78  Inventory: [0.0, 0.0, 0.0]  Order: [13.06, 13.02, 13.04] Demand: [13.7]
Reward for thread 4: [-56.49, -32.83, -34.09] -41.14  Inventory: [0.0, 0.0, 0.0]  Order: [13.0, 13.04, 13.05] Demand: [13.41]
Reward for thread 5: [-19.04, -22.8, -24.0] -21.95  Inventory: [3.0, 38.0, 34.0]  Order: [8.3, 8.28, 8.21] Demand: [8.46]

 Algo happo Exp ippo_seed14_formal_v1 updates 501/3000 episodes, total num timesteps 502000/3000000, FPS 118.

Reward for thread 1: [-23.13, -23.88, -25.29] -24.1  Inventory: [0.0, 0.0, 0.0]  Order: [11.86, 11.82, 11.78] Demand: [11.805]
Reward for thread 2: [-11.04, -17.23, -18.9] -15.72  Inventory: [0.0, 12.0, 24.0]  Order: [4.75, 4.66, 4.54] Demand: [4.93]
Reward for thread 3: [-14.3, -21.71, -28.65] -21.55  Inventory: [0.0, 13.0, 12.0]  Order: [3.46, 3.29, 3.12] Demand: [3.68]
Reward for thread 4: [-13.74, -20.02, -20.05] -17.94  Inventory: [22.0, 25.0, 28.0]  Order: [3.34, 3.22, 3.14] Demand: [3.485]
Reward for thread 5: [-59.66, -26.26, -24.61] -36.84  Inventory: [0.0, 0.0, 0.0]  Order: [13.96, 13.97, 14.02] Demand: [14.805]

 Algo happo Exp ippo_seed14_formal_v1 updates 502/3000 episodes, total num timesteps 503000/3000000, FPS 118.

Reward for thread 1: [-11.54, -19.42, -19.42] -16.79  Inventory: [1.0, 8.0, 14.0]  Order: [4.8, 4.74, 4.6] Demand: [4.93]
Reward for thread 2: [-10.7, -17.82, -16.36] -14.96  Inventory: [0.0, 0.0, 0.0]  Order: [7.0, 6.93, 6.8] Demand: [7.06]
Reward for thread 3: [-216.71, -523.68, -165.16] -301.85  Inventory: [0.0, 0.0, 11.0]  Order: [17.02, 6.46, 6.36] Demand: [8.95]
Reward for thread 4: [-28.34, -27.22, -27.06] -27.54  Inventory: [0.0, 0.0, 0.0]  Order: [10.74, 10.8, 10.76] Demand: [10.99]
Reward for thread 5: [-23.06, -22.81, -24.85] -23.57  Inventory: [0.0, 15.0, 28.0]  Order: [10.32, 10.34, 10.57] Demand: [10.375]

 Algo happo Exp ippo_seed14_formal_v1 updates 503/3000 episodes, total num timesteps 504000/3000000, FPS 118.

Reward for thread 1: [-45.24, -38.54, -28.08] -37.29  Inventory: [0.0, 0.0, 30.0]  Order: [11.78, 11.56, 11.74] Demand: [11.845]
Reward for thread 2: [-14.41, -16.62, -19.76] -16.93  Inventory: [4.0, 17.0, 1.0]  Order: [9.01, 9.01, 8.98] Demand: [9.08]
Reward for thread 3: [-22.06, -19.06, -19.97] -20.36  Inventory: [0.0, 0.0, 0.0]  Order: [7.7, 7.68, 7.73] Demand: [7.81]
Reward for thread 4: [-13.37, -18.79, -21.06] -17.74  Inventory: [7.0, 39.0, 35.0]  Order: [6.76, 6.72, 6.66] Demand: [6.96]
Reward for thread 5: [-24.78, -18.21, -21.24] -21.41  Inventory: [0.0, 0.0, 0.0]  Order: [12.2, 12.27, 12.33] Demand: [12.285]

 Algo happo Exp ippo_seed14_formal_v1 updates 504/3000 episodes, total num timesteps 505000/3000000, FPS 118.

Reward for thread 1: [-120.56, -53.63, -43.24] -72.48  Inventory: [0.0, 0.0, 14.0]  Order: [15.68, 14.96, 15.04] Demand: [16.85]
Reward for thread 2: [-26.23, -19.9, -20.34] -22.16  Inventory: [0.0, 7.0, 0.0]  Order: [10.01, 9.94, 9.7] Demand: [10.135]
Reward for thread 3: [-14.21, -22.15, -21.33] -19.23  Inventory: [14.0, 18.0, 11.0]  Order: [6.42, 6.34, 6.2] Demand: [6.58]
Reward for thread 4: [-586.12, -524.27, -248.3] -452.9  Inventory: [0.0, 0.0, 59.0]  Order: [14.55, 5.03, 5.1] Demand: [16.125]
Reward for thread 5: [-87.1, -39.2, -33.82] -53.37  Inventory: [0.0, 0.0, 0.0]  Order: [14.78, 14.84, 14.9] Demand: [16.305]

Eval average reward:  -42.81641666666667  Eval ordering fluctuation measurement (downstream to upstream):  [0.7109971868208068, 1.029901542716615, 1.2092374089676166]

 Algo happo Exp ippo_seed14_formal_v1 updates 505/3000 episodes, total num timesteps 506000/3000000, FPS 118.

Reward for thread 1: [-11.16, -17.36, -19.52] -16.01  Inventory: [0.0, 8.0, 40.0]  Order: [4.54, 4.36, 4.32] Demand: [4.69]
Reward for thread 2: [-12.03, -19.15, -20.28] -17.15  Inventory: [2.0, 20.0, 24.0]  Order: [5.0, 4.88, 4.76] Demand: [5.23]
Reward for thread 3: [-19.35, -27.52, -23.23] -23.37  Inventory: [0.0, 0.0, 0.0]  Order: [9.6, 9.13, 9.01] Demand: [9.515]
Reward for thread 4: [-10.82, -16.75, -17.05] -14.87  Inventory: [0.0, 0.0, 0.0]  Order: [6.98, 6.86, 6.78] Demand: [7.015]
Reward for thread 5: [-12.91, -21.1, -21.38] -18.46  Inventory: [1.0, 23.0, 29.0]  Order: [4.19, 4.06, 3.96] Demand: [4.42]

 Algo happo Exp ippo_seed14_formal_v1 updates 506/3000 episodes, total num timesteps 507000/3000000, FPS 118.

Reward for thread 1: [-21.28, -28.24, -25.32] -24.95  Inventory: [2.0, 26.0, 19.0]  Order: [9.43, 9.44, 9.52] Demand: [9.475]
Reward for thread 2: [-742.01, -693.04, -298.74] -577.93  Inventory: [0.0, 0.0, 34.0]  Order: [15.3, 5.7, 5.71] Demand: [15.455]
Reward for thread 3: [-16.11, -17.3, -18.75] -17.39  Inventory: [15.0, 19.0, 32.0]  Order: [8.7, 8.73, 8.76] Demand: [8.76]
Reward for thread 4: [-14.33, -20.58, -22.85] -19.25  Inventory: [10.0, 19.0, 37.0]  Order: [4.62, 4.47, 4.42] Demand: [4.82]
Reward for thread 5: [-9.97, -15.73, -16.04] -13.91  Inventory: [6.0, 17.0, 26.0]  Order: [3.6, 3.46, 3.36] Demand: [3.82]

 Algo happo Exp ippo_seed14_formal_v1 updates 507/3000 episodes, total num timesteps 508000/3000000, FPS 118.

Reward for thread 1: [-46.48, -36.47, -28.59] -37.18  Inventory: [0.0, 0.0, 0.0]  Order: [12.97, 12.9, 12.94] Demand: [13.1]
Reward for thread 2: [-11.25, -15.65, -16.45] -14.45  Inventory: [6.0, 2.0, 0.0]  Order: [6.92, 6.91, 6.83] Demand: [7.]
Reward for thread 3: [-17.12, -19.29, -19.66] -18.69  Inventory: [0.0, 0.0, 12.0]  Order: [8.05, 8.03, 8.02] Demand: [8.145]
Reward for thread 4: [-103.75, -48.05, -42.68] -64.83  Inventory: [0.0, 56.0, 45.0]  Order: [12.71, 12.76, 12.74] Demand: [12.895]
Reward for thread 5: [-30.4, -26.44, -25.5] -27.45  Inventory: [0.0, 0.0, 3.0]  Order: [12.74, 12.72, 12.83] Demand: [12.945]

 Algo happo Exp ippo_seed14_formal_v1 updates 508/3000 episodes, total num timesteps 509000/3000000, FPS 118.

Reward for thread 1: [-26.7, -31.96, -27.34] -28.67  Inventory: [0.0, 19.0, 14.0]  Order: [8.77, 8.7, 8.62] Demand: [8.89]
Reward for thread 2: [-478.98, -602.09, -234.99] -438.69  Inventory: [0.0, 0.0, 16.0]  Order: [14.4, 5.04, 5.06] Demand: [10.895]
Reward for thread 3: [-18.4, -24.95, -31.57] -24.97  Inventory: [2.0, 18.0, 41.0]  Order: [4.17, 4.01, 4.01] Demand: [4.395]
Reward for thread 4: [-13.11, -19.67, -20.02] -17.6  Inventory: [3.0, 13.0, 10.0]  Order: [6.23, 6.18, 6.08] Demand: [6.335]
Reward for thread 5: [-43.7, -29.08, -27.56] -33.45  Inventory: [0.0, 0.0, 0.0]  Order: [12.74, 12.74, 12.72] Demand: [13.355]

 Algo happo Exp ippo_seed14_formal_v1 updates 509/3000 episodes, total num timesteps 510000/3000000, FPS 118.

Reward for thread 1: [-9.34, -16.77, -15.07] -13.73  Inventory: [0.0, 34.0, 13.0]  Order: [2.1, 2.02, 1.86] Demand: [2.315]
Reward for thread 2: [-35.84, -53.53, -29.97] -39.78  Inventory: [26.0, 6.0, 0.0]  Order: [8.67, 8.57, 8.43] Demand: [8.715]
Reward for thread 3: [-631.87, -708.08, -277.7] -539.22  Inventory: [0.0, 0.0, 9.0]  Order: [15.53, 5.78, 5.66] Demand: [15.28]
Reward for thread 4: [-11.27, -20.41, -19.77] -17.15  Inventory: [1.0, 43.0, 39.0]  Order: [3.36, 3.34, 3.28] Demand: [3.56]
Reward for thread 5: [-21.88, -29.95, -25.31] -25.71  Inventory: [0.0, 0.0, 12.0]  Order: [8.93, 8.24, 8.18] Demand: [8.91]

Eval average reward:  -53.97125  Eval ordering fluctuation measurement (downstream to upstream):  [0.7458436274768785, 1.054028872735591, 1.1669645584597272]

 Algo happo Exp ippo_seed14_formal_v1 updates 510/3000 episodes, total num timesteps 511000/3000000, FPS 118.

Reward for thread 1: [-631.74, -617.95, -263.66] -504.45  Inventory: [0.0, 0.0, 50.0]  Order: [15.26, 6.82, 6.86] Demand: [14.23]
Reward for thread 2: [-29.43, -32.07, -30.1] -30.53  Inventory: [2.0, 24.0, 51.0]  Order: [8.56, 8.44, 8.44] Demand: [8.775]
Reward for thread 3: [-12.29, -20.0, -19.59] -17.29  Inventory: [11.0, 26.0, 19.0]  Order: [5.69, 5.61, 5.48] Demand: [5.765]
Reward for thread 4: [-36.86, -35.48, -26.29] -32.88  Inventory: [0.0, 0.0, 0.0]  Order: [11.23, 11.3, 11.35] Demand: [11.265]
Reward for thread 5: [-30.7, -20.74, -20.89] -24.11  Inventory: [0.0, 0.0, 0.0]  Order: [12.18, 12.17, 12.15] Demand: [12.24]

 Algo happo Exp ippo_seed14_formal_v1 updates 511/3000 episodes, total num timesteps 512000/3000000, FPS 118.

Reward for thread 1: [-21.87, -22.45, -17.65] -20.66  Inventory: [6.0, 15.0, 15.0]  Order: [11.12, 11.18, 11.15] Demand: [11.105]
Reward for thread 2: [-65.3, -31.94, -29.71] -42.32  Inventory: [0.0, 0.0, 4.0]  Order: [14.63, 14.58, 14.57] Demand: [15.05]
Reward for thread 3: [-10.06, -15.48, -16.88] -14.14  Inventory: [0.0, 18.0, 29.0]  Order: [3.12, 2.96, 2.86] Demand: [3.335]
Reward for thread 4: [-15.98, -19.24, -17.97] -17.73  Inventory: [0.0, 0.0, 0.0]  Order: [6.94, 6.75, 6.77] Demand: [7.13]
Reward for thread 5: [-74.1, -69.42, -40.18] -61.23  Inventory: [0.0, 0.0, 14.0]  Order: [11.34, 9.48, 9.57] Demand: [10.62]

 Algo happo Exp ippo_seed14_formal_v1 updates 512/3000 episodes, total num timesteps 513000/3000000, FPS 118.

Reward for thread 1: [-20.57, -16.19, -17.19] -17.98  Inventory: [6.0, 39.0, 37.0]  Order: [12.69, 12.76, 12.8] Demand: [12.745]
Reward for thread 2: [-11.84, -17.74, -19.38] -16.32  Inventory: [14.0, 23.0, 19.0]  Order: [6.13, 6.07, 6.0] Demand: [6.21]
Reward for thread 3: [-27.64, -33.17, -24.51] -28.44  Inventory: [16.0, 0.0, 18.0]  Order: [11.56, 11.44, 11.36] Demand: [11.375]
Reward for thread 4: [-87.39, -33.91, -34.88] -52.06  Inventory: [0.0, 0.0, 12.0]  Order: [13.64, 13.6, 13.64] Demand: [15.73]
Reward for thread 5: [-12.1, -21.75, -20.94] -18.26  Inventory: [7.0, 49.0, 36.0]  Order: [3.04, 3.04, 3.0] Demand: [3.25]

 Algo happo Exp ippo_seed14_formal_v1 updates 513/3000 episodes, total num timesteps 514000/3000000, FPS 118.

Reward for thread 1: [-14.92, -17.49, -19.71] -17.37  Inventory: [0.0, 0.0, 0.0]  Order: [9.13, 9.04, 9.05] Demand: [9.15]
Reward for thread 2: [-15.64, -18.55, -21.44] -18.54  Inventory: [13.0, 15.0, 40.0]  Order: [8.1, 7.96, 7.9] Demand: [8.27]
Reward for thread 3: [-19.1, -25.31, -36.38] -26.93  Inventory: [26.0, 44.0, 69.0]  Order: [3.18, 3.15, 3.26] Demand: [3.295]
Reward for thread 4: [-12.28, -18.64, -19.25] -16.72  Inventory: [9.0, 9.0, 18.0]  Order: [7.52, 7.47, 7.33] Demand: [7.58]
Reward for thread 5: [-13.84, -17.31, -20.29] -17.15  Inventory: [0.0, 0.0, 0.0]  Order: [9.2, 9.21, 9.28] Demand: [9.215]

 Algo happo Exp ippo_seed14_formal_v1 updates 514/3000 episodes, total num timesteps 515000/3000000, FPS 118.

Reward for thread 1: [-17.52, -16.21, -16.76] -16.83  Inventory: [0.0, 0.0, 19.0]  Order: [11.1, 11.11, 11.2] Demand: [11.235]
Reward for thread 2: [-15.57, -22.32, -23.59] -20.49  Inventory: [0.0, 22.0, 2.0]  Order: [6.94, 6.92, 6.73] Demand: [7.03]
Reward for thread 3: [-14.49, -23.96, -22.76] -20.4  Inventory: [4.0, 3.0, 40.0]  Order: [7.04, 6.82, 6.79] Demand: [7.185]
Reward for thread 4: [-22.74, -20.9, -23.08] -22.24  Inventory: [0.0, 0.0, 23.0]  Order: [10.2, 10.14, 10.15] Demand: [10.24]
Reward for thread 5: [-40.12, -35.78, -29.87] -35.26  Inventory: [0.0, 0.0, 0.0]  Order: [12.96, 13.0, 13.0] Demand: [13.135]

Eval average reward:  -30.51683333333333  Eval ordering fluctuation measurement (downstream to upstream):  [0.7901307304515301, 0.9728896455097965, 1.0933414565955473]

 Algo happo Exp ippo_seed14_formal_v1 updates 515/3000 episodes, total num timesteps 516000/3000000, FPS 118.

Reward for thread 1: [-15.13, -22.54, -22.55] -20.07  Inventory: [7.0, 0.0, 0.0]  Order: [6.34, 6.34, 6.12] Demand: [6.405]
Reward for thread 2: [-13.26, -20.12, -24.41] -19.26  Inventory: [5.0, 8.0, 18.0]  Order: [3.53, 3.38, 3.24] Demand: [3.685]
Reward for thread 3: [-31.61, -27.3, -27.83] -28.91  Inventory: [9.0, 37.0, 85.0]  Order: [12.27, 12.24, 12.42] Demand: [12.4]
Reward for thread 4: [-14.99, -16.16, -19.29] -16.81  Inventory: [0.0, 6.0, 0.0]  Order: [9.98, 9.92, 9.78] Demand: [10.1]
Reward for thread 5: [-22.41, -21.65, -25.4] -23.15  Inventory: [5.0, 32.0, 22.0]  Order: [9.26, 9.18, 9.04] Demand: [9.46]

 Algo happo Exp ippo_seed14_formal_v1 updates 516/3000 episodes, total num timesteps 517000/3000000, FPS 118.

Reward for thread 1: [-72.5, -35.73, -35.22] -47.82  Inventory: [0.0, 17.0, 42.0]  Order: [13.18, 13.04, 13.0] Demand: [13.355]
Reward for thread 2: [-20.71, -19.42, -21.96] -20.7  Inventory: [7.0, 30.0, 37.0]  Order: [10.78, 10.76, 10.74] Demand: [10.88]
Reward for thread 3: [-11.37, -17.46, -17.89] -15.57  Inventory: [0.0, 0.0, 0.0]  Order: [7.08, 7.14, 7.08] Demand: [7.02]
Reward for thread 4: [-44.36, -27.23, -29.0] -33.53  Inventory: [0.0, 0.0, 0.0]  Order: [11.84, 11.96, 11.95] Demand: [11.93]
Reward for thread 5: [-45.07, -26.53, -28.35] -33.32  Inventory: [0.0, 15.0, 12.0]  Order: [13.68, 13.69, 13.72] Demand: [13.75]

 Algo happo Exp ippo_seed14_formal_v1 updates 517/3000 episodes, total num timesteps 518000/3000000, FPS 118.

Reward for thread 1: [-15.76, -22.27, -22.89] -20.31  Inventory: [5.0, 0.0, 0.0]  Order: [7.82, 7.76, 7.66] Demand: [7.9]
Reward for thread 2: [-13.6, -20.89, -24.41] -19.63  Inventory: [14.0, 26.0, 35.0]  Order: [3.26, 3.16, 3.1] Demand: [3.435]
Reward for thread 3: [-13.45, -17.14, -18.73] -16.44  Inventory: [0.0, 31.0, 33.0]  Order: [8.2, 8.12, 8.05] Demand: [8.365]
Reward for thread 4: [-12.23, -20.65, -25.72] -19.53  Inventory: [4.0, 16.0, 39.0]  Order: [3.0, 2.83, 2.79] Demand: [3.23]
Reward for thread 5: [-61.16, -30.62, -29.1] -40.29  Inventory: [0.0, 0.0, 0.0]  Order: [13.06, 12.94, 12.94] Demand: [14.44]

 Algo happo Exp ippo_seed14_formal_v1 updates 518/3000 episodes, total num timesteps 519000/3000000, FPS 118.

Reward for thread 1: [-45.36, -31.74, -33.08] -36.73  Inventory: [0.0, 0.0, 0.0]  Order: [10.46, 10.4, 10.26] Demand: [10.41]
Reward for thread 2: [-31.02, -31.51, -28.36] -30.3  Inventory: [0.0, 0.0, 0.0]  Order: [8.2, 8.31, 8.28] Demand: [8.585]
Reward for thread 3: [-18.66, -21.93, -25.33] -21.97  Inventory: [0.0, 0.0, 0.0]  Order: [9.96, 10.04, 9.96] Demand: [9.865]
Reward for thread 4: [-15.45, -22.95, -24.05] -20.82  Inventory: [0.0, 0.0, 11.0]  Order: [7.42, 7.34, 7.36] Demand: [7.57]
Reward for thread 5: [-15.92, -19.67, -23.15] -19.58  Inventory: [0.0, 0.0, 0.0]  Order: [8.02, 8.06, 8.0] Demand: [7.995]

 Algo happo Exp ippo_seed14_formal_v1 updates 519/3000 episodes, total num timesteps 520000/3000000, FPS 118.

Reward for thread 1: [-51.89, -31.81, -32.44] -38.71  Inventory: [0.0, 6.0, 0.0]  Order: [14.94, 15.06, 15.07] Demand: [14.98]
Reward for thread 2: [-45.82, -24.9, -27.58] -32.77  Inventory: [8.0, 31.0, 52.0]  Order: [12.7, 12.63, 12.65] Demand: [12.855]
Reward for thread 3: [-41.34, -29.34, -28.94] -33.21  Inventory: [7.0, 14.0, 29.0]  Order: [12.39, 12.27, 12.2] Demand: [12.535]
Reward for thread 4: [-15.72, -30.04, -26.36] -24.04  Inventory: [9.0, 66.0, 60.0]  Order: [2.72, 2.8, 2.86] Demand: [2.925]
Reward for thread 5: [-14.46, -20.15, -20.93] -18.51  Inventory: [13.0, 58.0, 60.0]  Order: [8.06, 8.1, 8.16] Demand: [8.19]

Eval average reward:  -29.835416666666667  Eval ordering fluctuation measurement (downstream to upstream):  [0.7316380388180976, 1.0052624677248807, 1.1706420122718832]

 Algo happo Exp ippo_seed14_formal_v1 updates 520/3000 episodes, total num timesteps 521000/3000000, FPS 118.

Reward for thread 1: [-10.91, -16.94, -20.08] -15.98  Inventory: [2.0, 16.0, 33.0]  Order: [4.12, 3.96, 3.88] Demand: [4.325]
Reward for thread 2: [-20.71, -21.1, -20.28] -20.7  Inventory: [7.0, 10.0, 0.0]  Order: [10.15, 10.1, 9.98] Demand: [10.215]
Reward for thread 3: [-33.89, -32.49, -38.03] -34.8  Inventory: [6.0, 24.0, 31.0]  Order: [6.9, 6.78, 6.68] Demand: [7.085]
Reward for thread 4: [-47.57, -29.86, -27.46] -34.96  Inventory: [0.0, 0.0, 0.0]  Order: [14.81, 14.8, 14.8] Demand: [14.845]
Reward for thread 5: [-21.4, -23.66, -25.24] -23.43  Inventory: [0.0, 19.0, 38.0]  Order: [11.1, 11.12, 11.26] Demand: [11.13]

 Algo happo Exp ippo_seed14_formal_v1 updates 521/3000 episodes, total num timesteps 522000/3000000, FPS 118.

Reward for thread 1: [-11.12, -16.47, -17.87] -15.15  Inventory: [5.0, 17.0, 33.0]  Order: [7.06, 6.9, 6.82] Demand: [7.255]
Reward for thread 2: [-14.08, -19.89, -21.18] -18.38  Inventory: [8.0, 48.0, 48.0]  Order: [7.46, 7.5, 7.52] Demand: [7.54]
Reward for thread 3: [-11.59, -18.37, -21.41] -17.12  Inventory: [3.0, 46.0, 52.0]  Order: [3.31, 3.3, 3.32] Demand: [3.525]
Reward for thread 4: [-11.83, -16.74, -19.62] -16.06  Inventory: [0.0, 5.0, 4.0]  Order: [6.39, 6.35, 6.32] Demand: [6.51]
Reward for thread 5: [-48.71, -32.71, -28.58] -36.67  Inventory: [0.0, 0.0, 0.0]  Order: [13.8, 13.75, 13.8] Demand: [14.69]

 Algo happo Exp ippo_seed14_formal_v1 updates 522/3000 episodes, total num timesteps 523000/3000000, FPS 118.

Reward for thread 1: [-96.72, -39.61, -37.47] -57.93  Inventory: [0.0, 0.0, 0.0]  Order: [14.5, 14.58, 14.54] Demand: [16.42]
Reward for thread 2: [-66.91, -27.8, -28.23] -40.98  Inventory: [0.0, 0.0, 0.0]  Order: [13.94, 13.99, 13.93] Demand: [14.675]
Reward for thread 3: [-218.96, -71.11, -70.81] -120.29  Inventory: [0.0, 5.0, 13.0]  Order: [14.9, 15.0, 15.07] Demand: [17.89]
Reward for thread 4: [-17.07, -24.51, -24.23] -21.94  Inventory: [4.0, 40.0, 31.0]  Order: [5.96, 5.91, 5.82] Demand: [6.08]
Reward for thread 5: [-39.99, -28.05, -26.08] -31.37  Inventory: [0.0, 0.0, 0.0]  Order: [11.58, 11.51, 11.58] Demand: [11.685]

 Algo happo Exp ippo_seed14_formal_v1 updates 523/3000 episodes, total num timesteps 524000/3000000, FPS 118.

Reward for thread 1: [-14.53, -17.81, -22.33] -18.22  Inventory: [0.0, 16.0, 24.0]  Order: [5.88, 5.78, 5.67] Demand: [6.06]
Reward for thread 2: [-34.43, -21.99, -27.07] -27.83  Inventory: [0.0, 0.0, 0.0]  Order: [11.46, 11.46, 11.4] Demand: [12.21]
Reward for thread 3: [-60.64, -29.28, -31.12] -40.35  Inventory: [0.0, 0.0, 0.0]  Order: [13.72, 13.97, 13.88] Demand: [15.18]
Reward for thread 4: [-14.06, -19.43, -25.62] -19.7  Inventory: [1.0, 0.0, 0.0]  Order: [5.6, 5.56, 5.45] Demand: [5.715]
Reward for thread 5: [-14.86, -22.8, -29.81] -22.49  Inventory: [8.0, 22.0, 40.0]  Order: [2.92, 2.78, 2.74] Demand: [3.13]

 Algo happo Exp ippo_seed14_formal_v1 updates 524/3000 episodes, total num timesteps 525000/3000000, FPS 118.

Reward for thread 1: [-62.55, -30.77, -31.93] -41.75  Inventory: [0.0, 0.0, 0.0]  Order: [13.65, 13.71, 13.78] Demand: [15.07]
Reward for thread 2: [-26.03, -22.13, -24.79] -24.32  Inventory: [8.0, 16.0, 30.0]  Order: [12.04, 12.06, 12.14] Demand: [12.05]
Reward for thread 3: [-67.3, -38.41, -41.65] -49.12  Inventory: [0.0, 0.0, 0.0]  Order: [13.56, 13.62, 13.64] Demand: [14.74]
Reward for thread 4: [-10.8, -15.78, -19.19] -15.26  Inventory: [3.0, 22.0, 27.0]  Order: [4.12, 3.98, 3.88] Demand: [4.33]
Reward for thread 5: [-37.03, -23.87, -23.98] -28.29  Inventory: [0.0, 0.0, 0.0]  Order: [11.12, 11.11, 11.1] Demand: [12.12]

Eval average reward:  -28.85925  Eval ordering fluctuation measurement (downstream to upstream):  [0.7273425909921403, 1.0043859748913415, 1.1783994960780468]

 Algo happo Exp ippo_seed14_formal_v1 updates 525/3000 episodes, total num timesteps 526000/3000000, FPS 118.

Reward for thread 1: [-12.18, -15.84, -18.44] -15.49  Inventory: [7.0, 10.0, 5.0]  Order: [9.1, 9.09, 8.92] Demand: [9.145]
Reward for thread 2: [-17.07, -19.7, -19.73] -18.83  Inventory: [0.0, 0.0, 0.0]  Order: [9.52, 9.7, 9.62] Demand: [9.52]
Reward for thread 3: [-14.73, -20.12, -25.85] -20.23  Inventory: [0.0, 22.0, 16.0]  Order: [4.99, 4.89, 4.76] Demand: [5.205]
Reward for thread 4: [-28.09, -35.55, -28.84] -30.83  Inventory: [0.0, 0.0, 0.0]  Order: [8.44, 8.14, 8.16] Demand: [8.235]
Reward for thread 5: [-41.56, -26.31, -29.7] -32.52  Inventory: [0.0, 0.0, 0.0]  Order: [11.48, 11.69, 11.65] Demand: [12.27]

 Algo happo Exp ippo_seed14_formal_v1 updates 526/3000 episodes, total num timesteps 527000/3000000, FPS 118.

Reward for thread 1: [-32.14, -26.02, -25.94] -28.03  Inventory: [0.0, 0.0, 0.0]  Order: [9.47, 9.48, 9.43] Demand: [9.845]
Reward for thread 2: [-11.06, -15.32, -18.55] -14.98  Inventory: [14.0, 15.0, 33.0]  Order: [5.64, 5.51, 5.43] Demand: [5.8]
Reward for thread 3: [-24.63, -25.21, -23.76] -24.53  Inventory: [0.0, 0.0, 0.0]  Order: [10.84, 10.9, 10.84] Demand: [10.845]
Reward for thread 4: [-12.77, -19.79, -24.74] -19.1  Inventory: [0.0, 0.0, 0.0]  Order: [4.3, 4.24, 4.11] Demand: [4.375]
Reward for thread 5: [-12.66, -20.04, -25.25] -19.32  Inventory: [1.0, 13.0, 32.0]  Order: [3.52, 3.36, 3.28] Demand: [3.72]

 Algo happo Exp ippo_seed14_formal_v1 updates 527/3000 episodes, total num timesteps 528000/3000000, FPS 118.

Reward for thread 1: [-33.25, -30.65, -26.08] -29.99  Inventory: [6.0, 9.0, 14.0]  Order: [10.84, 10.74, 10.72] Demand: [10.935]
Reward for thread 2: [-95.18, -38.57, -38.63] -57.46  Inventory: [0.0, 7.0, 0.0]  Order: [12.32, 12.38, 12.36] Demand: [14.39]
Reward for thread 3: [-17.9, -20.5, -21.92] -20.11  Inventory: [0.0, 19.0, 7.0]  Order: [11.77, 11.79, 11.69] Demand: [11.815]
Reward for thread 4: [-11.38, -16.18, -16.31] -14.62  Inventory: [31.0, 15.0, 32.0]  Order: [5.79, 5.63, 5.55] Demand: [5.885]
Reward for thread 5: [-13.9, -17.3, -18.22] -16.47  Inventory: [0.0, 0.0, 0.0]  Order: [8.46, 8.49, 8.51] Demand: [8.45]

 Algo happo Exp ippo_seed14_formal_v1 updates 528/3000 episodes, total num timesteps 529000/3000000, FPS 118.

Reward for thread 1: [-15.71, -20.43, -20.49] -18.88  Inventory: [10.0, 1.0, 0.0]  Order: [9.78, 9.72, 9.64] Demand: [9.81]
Reward for thread 2: [-27.74, -19.06, -20.74] -22.51  Inventory: [0.0, 0.0, 0.0]  Order: [12.9, 12.94, 12.9] Demand: [13.635]
Reward for thread 3: [-12.89, -18.64, -19.8] -17.11  Inventory: [0.0, 0.0, 0.0]  Order: [9.48, 9.5, 9.48] Demand: [9.47]
Reward for thread 4: [-15.06, -19.28, -21.0] -18.45  Inventory: [0.0, 0.0, 0.0]  Order: [8.27, 8.26, 8.24] Demand: [8.29]
Reward for thread 5: [-21.89, -20.1, -21.33] -21.11  Inventory: [6.0, 21.0, 44.0]  Order: [11.12, 11.0, 10.98] Demand: [11.25]

 Algo happo Exp ippo_seed14_formal_v1 updates 529/3000 episodes, total num timesteps 530000/3000000, FPS 118.

Reward for thread 1: [-129.13, -54.49, -53.82] -79.15  Inventory: [3.0, 22.0, 33.0]  Order: [13.32, 13.2, 13.12] Demand: [13.515]
Reward for thread 2: [-47.18, -56.94, -37.48] -47.2  Inventory: [0.0, 0.0, 0.0]  Order: [12.96, 12.88, 12.73] Demand: [12.835]
Reward for thread 3: [-24.55, -23.09, -26.39] -24.68  Inventory: [9.0, 1.0, 0.0]  Order: [12.06, 12.2, 12.06] Demand: [12.005]
Reward for thread 4: [-13.4, -21.43, -22.29] -19.04  Inventory: [2.0, 46.0, 12.0]  Order: [3.94, 3.93, 3.76] Demand: [4.15]
Reward for thread 5: [-20.14, -21.55, -22.22] -21.3  Inventory: [12.0, 22.0, 28.0]  Order: [10.05, 10.01, 10.0] Demand: [10.2]

Eval average reward:  -28.973333333333336  Eval ordering fluctuation measurement (downstream to upstream):  [0.7454277117946292, 0.9606318104845265, 1.1942098553654286]
Training finished because of no imporvement for 40 evaluations
LEARNING_CURVE_COMPLETED {"actual_algorithm": "ippo", "seed": 14, "requested_budget": 3000000, "completed_steps": 530000, "stop_reason": "official_early_stop", "initial_eval_cost": 231.7543333333333, "final_eval_cost": 28.973333333333336, "best_observed_evaluation": {"step": 330000, "phase": "evaluation", "mean_actor_period_cost": 21.792833333333334}, "official_best_cost": 21.792833333333334, "best_scheduled_evaluation": {"step": 330000, "phase": "evaluation", "mean_actor_period_cost": 21.792833333333334}, "final_model_directory": "C:\\Users\\13384\\.codex\\worktrees\\zaiqu-formal-bc\\external\\results\\MyEnv\\Emergency_Replenishment_Compatibility\\happo\\ippo_seed14_formal_v1\\run_seed_15\\final_models", "max_reload_error": 0.0, "eval_traces": 20, "interpretation": "single-seed learning observation, not convergence or superiority evidence", "stability": {"stable": false, "steps": 530000, "minimum_steps": 100000, "window": 10, "median_change_limit": 0.01, "recent_cv_limit": 0.05, "best_change_limit": 0.01, "median_change": 0.010366934547575847, "best_change": 0.16619229013296793, "recent_cv": 0.243957442038771}}
