Gym has been unmaintained since 2022 and does not support NumPy 2.0 amongst other critical functionality.
Please upgrade to Gymnasium, the maintained drop-in replacement of Gym, or contact the authors of your software and request that they upgrade.
Users of this version of Gym should be able to simply replace 'import gym' with 'import gymnasium as gym' in the vast majority of cases.
See the migration guide at https://gymnasium.farama.org/introduction/migration_guide/ for additional information.
all config:  Namespace(algorithm_name='happo', scenario_name='Emergency_Replenishment_Compatibility', num_landmarks=3, num_agents=3, use_single_network=False, experiment_name='ippo_seed15_formal_v1', seed=[15], seed_specify=True, running_id=1, cuda=True, cuda_deterministic=True, n_training_threads=1, n_rollout_threads=5, n_eval_rollout_threads=1, n_render_rollout_threads=1, num_env_steps=3000000, n_warmup_evaluations=10, n_no_improvement_thres=40, user_name='marl', env_name='MyEnv', use_obs_instead_of_state=False, episode_length=200, share_policy=False, use_centralized_V=False, stacked_frames=1, use_stacked_frames=False, hidden_size=128, layer_N=2, use_ReLU=True, use_popart=False, use_valuenorm=True, use_feature_normalization=False, use_orthogonal=True, gain=0.01, use_naive_recurrent_policy=True, use_recurrent_policy=False, recurrent_N=2, data_chunk_length=10, lr=0.0001, critic_lr=0.0001, opti_eps=1e-05, weight_decay=0, kl_threshold=0.01, ls_step=10, accept_ratio=0.5, ppo_epoch=15, use_clipped_value_loss=True, clip_param=0.2, num_mini_batch=1, entropy_coef=0.01, value_loss_coef=0.5, use_max_grad_norm=False, max_grad_norm=0.5, use_gae=True, gamma=0.95, gae_lambda=0.95, use_proper_time_limits=True, use_huber_loss=True, use_value_active_masks=False, use_policy_active_masks=False, huber_delta=10.0, use_linear_lr_decay=False, save_interval=1, log_interval=1, model_dir=None, use_eval=True, eval_interval=5, save_gifs=False, use_render=False, render_episodes=5, ifi=0.1)
choose to use cpu...
-------------------------------------------------Training starts for seed: 15---------------------------------------------------
share_observation_space:  [Box(-inf, inf, (21,), float32), Box(-inf, inf, (21,), float32), Box(-inf, inf, (21,), float32)]
observation_space:  [Box(-inf, inf, (7,), float32), Box(-inf, inf, (7,), float32), Box(-inf, inf, (7,), float32)]
action_space:  [Discrete(21), Discrete(21), Discrete(21)]

Eval average reward:  -232.64208333333335  Eval ordering fluctuation measurement (downstream to upstream):  [0.5287476004329277, 0.5267615394223736, 0.3083312530499217]

 Algo happo Exp ippo_seed15_formal_v1 updates 0/3000 episodes, total num timesteps 1000/3000000, FPS 74.

Reward for thread 1: [-122.75, -79.74, -66.82] -89.77  Inventory: [559.0, 62.0, 148.0]  Order: [9.54, 9.79, 10.36] Demand: [6.81]
Reward for thread 2: [-173.81, -111.23, -92.18] -125.74  Inventory: [632.0, 0.0, 0.0]  Order: [10.38, 10.34, 9.6] Demand: [6.625]
Reward for thread 3: [-431.4, -150.11, -179.93] -253.81  Inventory: [1350.0, 0.0, 0.0]  Order: [10.24, 10.37, 9.7] Demand: [3.16]
Reward for thread 4: [-165.27, -72.04, -109.42] -115.58  Inventory: [54.0, 0.0, 0.0]  Order: [9.96, 10.72, 9.68] Demand: [9.75]
Reward for thread 5: [-329.67, -123.27, -116.89] -189.94  Inventory: [1022.0, 0.0, 120.0]  Order: [10.7, 9.9, 10.32] Demand: [4.96]

 Algo happo Exp ippo_seed15_formal_v1 updates 1/3000 episodes, total num timesteps 2000/3000000, FPS 97.

Reward for thread 1: [-185.56, -89.03, -143.66] -139.42  Inventory: [0.0, 92.0, 0.0]  Order: [9.53, 11.12, 10.14] Demand: [10.055]
Reward for thread 2: [-322.58, -134.0, -158.02] -204.87  Inventory: [1185.0, 0.0, 0.0]  Order: [9.88, 10.34, 9.49] Demand: [3.905]
Reward for thread 3: [-430.44, -141.67, -130.89] -234.33  Inventory: [0.0, 0.0, 28.0]  Order: [10.09, 9.87, 9.99] Demand: [17.315]
Reward for thread 4: [-218.58, -73.87, -77.51] -123.32  Inventory: [647.0, 73.0, 8.0]  Order: [9.73, 10.03, 9.96] Demand: [6.535]
Reward for thread 5: [-176.06, -82.37, -71.48] -109.97  Inventory: [0.0, 0.0, 0.0]  Order: [10.64, 10.57, 10.0] Demand: [12.735]

 Algo happo Exp ippo_seed15_formal_v1 updates 2/3000 episodes, total num timesteps 3000/3000000, FPS 108.

Reward for thread 1: [-409.67, -178.73, -153.48] -247.29  Inventory: [1155.0, 0.0, 0.0]  Order: [10.95, 10.38, 9.65] Demand: [3.96]
Reward for thread 2: [-203.03, -94.16, -80.69] -125.96  Inventory: [835.0, 0.0, 8.0]  Order: [10.62, 10.04, 9.96] Demand: [5.925]
Reward for thread 3: [-123.1, -84.92, -68.91] -92.31  Inventory: [369.0, 170.0, 0.0]  Order: [9.24, 10.24, 9.9] Demand: [7.405]
Reward for thread 4: [-323.28, -164.23, -161.37] -216.29  Inventory: [980.0, 227.0, 0.0]  Order: [8.86, 11.42, 9.88] Demand: [4.065]
Reward for thread 5: [-104.49, -51.92, -46.55] -67.65  Inventory: [0.0, 97.0, 0.0]  Order: [9.94, 10.47, 10.43] Demand: [13.305]

 Algo happo Exp ippo_seed15_formal_v1 updates 3/3000 episodes, total num timesteps 4000/3000000, FPS 115.

Reward for thread 1: [-125.42, -78.39, -65.91] -89.91  Inventory: [448.0, 0.0, 29.0]  Order: [10.04, 9.7, 9.76] Demand: [7.43]
Reward for thread 2: [-176.13, -73.69, -63.22] -104.35  Inventory: [0.0, 118.0, 58.0]  Order: [9.96, 10.44, 10.62] Demand: [11.155]
Reward for thread 3: [-274.31, -100.86, -116.36] -163.84  Inventory: [0.0, 0.0, 18.0]  Order: [9.71, 9.59, 9.64] Demand: [15.655]
Reward for thread 4: [-327.18, -106.59, -120.62] -184.8  Inventory: [0.0, 0.0, 179.0]  Order: [9.78, 9.52, 10.42] Demand: [16.4]
Reward for thread 5: [-214.77, -97.34, -82.46] -131.52  Inventory: [759.0, 141.0, 0.0]  Order: [9.57, 10.62, 10.14] Demand: [5.81]

 Algo happo Exp ippo_seed15_formal_v1 updates 4/3000 episodes, total num timesteps 5000/3000000, FPS 119.

Reward for thread 1: [-110.54, -44.19, -47.71] -67.48  Inventory: [0.0, 0.0, 6.0]  Order: [9.95, 9.86, 9.82] Demand: [12.395]
Reward for thread 2: [-73.75, -48.86, -51.13] -57.91  Inventory: [0.0, 0.0, 0.0]  Order: [10.67, 10.52, 10.28] Demand: [12.125]
Reward for thread 3: [-260.78, -119.67, -91.96] -157.47  Inventory: [1065.0, 169.0, 0.0]  Order: [9.36, 10.24, 10.03] Demand: [4.095]
Reward for thread 4: [-206.58, -91.87, -92.94] -130.46  Inventory: [662.0, 69.0, 57.0]  Order: [9.77, 9.96, 10.18] Demand: [6.555]
Reward for thread 5: [-237.72, -75.88, -75.67] -129.76  Inventory: [870.0, 71.0, 0.0]  Order: [9.8, 10.36, 10.02] Demand: [5.495]

Eval average reward:  -518.0978333333333  Eval ordering fluctuation measurement (downstream to upstream):  [0.10388736385271406, 0.2545512816546976, 0.2684215205448364]
A better model is saved!

 Algo happo Exp ippo_seed15_formal_v1 updates 5/3000 episodes, total num timesteps 6000/3000000, FPS 109.

Reward for thread 1: [-90.34, -71.98, -50.49] -70.94  Inventory: [450.0, 17.0, 48.0]  Order: [10.34, 10.36, 10.48] Demand: [8.245]
Reward for thread 2: [-222.62, -80.78, -77.43] -126.94  Inventory: [0.0, 0.0, 0.0]  Order: [9.98, 10.0, 9.75] Demand: [10.62]
Reward for thread 3: [-376.88, -129.24, -116.94] -207.69  Inventory: [0.0, 0.0, 11.0]  Order: [10.12, 9.96, 9.87] Demand: [15.92]
Reward for thread 4: [-281.24, -89.44, -91.5] -154.06  Inventory: [1059.0, 0.0, 0.0]  Order: [10.54, 10.58, 10.36] Demand: [5.065]
Reward for thread 5: [-424.23, -130.23, -129.37] -227.94  Inventory: [1547.0, 0.0, 11.0]  Order: [10.01, 9.94, 9.86] Demand: [2.28]

 Algo happo Exp ippo_seed15_formal_v1 updates 6/3000 episodes, total num timesteps 7000/3000000, FPS 112.

Reward for thread 1: [-171.2, -87.6, -74.3] -111.03  Inventory: [140.0, 0.0, 83.0]  Order: [9.78, 9.64, 9.96] Demand: [9.015]
Reward for thread 2: [-173.87, -78.92, -65.97] -106.25  Inventory: [873.0, 73.0, 62.0]  Order: [9.93, 10.17, 10.36] Demand: [5.635]
Reward for thread 3: [-228.55, -74.79, -78.38] -127.24  Inventory: [485.0, 0.0, 14.0]  Order: [10.0, 9.74, 9.85] Demand: [7.485]
Reward for thread 4: [-28.69, -31.58, -31.3] -30.52  Inventory: [20.0, 62.0, 0.0]  Order: [10.1, 10.52, 10.36] Demand: [10.095]
Reward for thread 5: [-161.08, -70.32, -66.6] -99.33  Inventory: [698.0, 0.0, 12.0]  Order: [9.91, 9.75, 9.68] Demand: [6.32]

 Algo happo Exp ippo_seed15_formal_v1 updates 7/3000 episodes, total num timesteps 8000/3000000, FPS 115.

Reward for thread 1: [-336.96, -133.76, -109.66] -193.46  Inventory: [737.0, 0.0, 0.0]  Order: [10.88, 10.48, 10.2] Demand: [6.715]
Reward for thread 2: [-297.28, -133.3, -117.29] -182.62  Inventory: [0.0, 13.0, 1.0]  Order: [10.12, 10.22, 10.24] Demand: [15.69]
Reward for thread 3: [-188.89, -77.38, -65.71] -110.66  Inventory: [0.0, 56.0, 0.0]  Order: [9.89, 10.34, 10.0] Demand: [11.325]
Reward for thread 4: [-111.86, -53.94, -50.75] -72.18  Inventory: [491.0, 6.0, 0.0]  Order: [10.04, 10.11, 10.01] Demand: [7.68]
Reward for thread 5: [-203.55, -70.09, -68.72] -114.12  Inventory: [265.0, 1.0, 0.0]  Order: [9.68, 9.68, 9.54] Demand: [8.31]

 Algo happo Exp ippo_seed15_formal_v1 updates 8/3000 episodes, total num timesteps 9000/3000000, FPS 117.

Reward for thread 1: [-124.1, -73.87, -75.98] -91.32  Inventory: [152.0, 0.0, 53.0]  Order: [10.8, 10.1, 10.28] Demand: [9.535]
Reward for thread 2: [-201.74, -69.68, -67.93] -113.12  Inventory: [0.0, 75.0, 5.0]  Order: [10.1, 10.36, 10.22] Demand: [11.96]
Reward for thread 3: [-389.95, -136.14, -122.57] -216.22  Inventory: [0.0, 0.0, 102.0]  Order: [9.95, 9.76, 10.18] Demand: [13.49]
Reward for thread 4: [-132.25, -75.43, -50.55] -86.08  Inventory: [511.0, 118.0, 16.0]  Order: [9.81, 10.31, 10.44] Demand: [7.425]
Reward for thread 5: [-127.71, -64.56, -50.26] -80.84  Inventory: [346.0, 0.0, 8.0]  Order: [10.34, 10.34, 10.38] Demand: [8.525]

 Algo happo Exp ippo_seed15_formal_v1 updates 9/3000 episodes, total num timesteps 10000/3000000, FPS 119.

Reward for thread 1: [-47.16, -35.71, -26.92] -36.6  Inventory: [266.0, 0.0, 7.0]  Order: [10.36, 10.02, 9.95] Demand: [8.775]
Reward for thread 2: [-399.85, -124.22, -116.01] -213.36  Inventory: [1433.0, 0.0, 24.0]  Order: [10.1, 9.82, 9.82] Demand: [2.78]
Reward for thread 3: [-337.69, -105.97, -103.06] -182.24  Inventory: [382.0, 55.0, 0.0]  Order: [10.32, 10.64, 10.45] Demand: [8.41]
Reward for thread 4: [-101.68, -38.25, -41.36] -60.43  Inventory: [454.0, 0.0, 25.0]  Order: [10.44, 10.31, 10.32] Demand: [8.075]
Reward for thread 5: [-296.1, -118.93, -94.25] -169.76  Inventory: [1076.0, 140.0, 5.0]  Order: [9.68, 10.35, 10.38] Demand: [4.43]

Eval average reward:  -203.83600000000004  Eval ordering fluctuation measurement (downstream to upstream):  [0.47636781100681763, 0.3662404324684486, 0.25600742865960546]
A better model is saved!

 Algo happo Exp ippo_seed15_formal_v1 updates 10/3000 episodes, total num timesteps 11000/3000000, FPS 113.

Reward for thread 1: [-202.9, -91.59, -74.27] -122.92  Inventory: [0.0, 104.0, 0.0]  Order: [9.98, 10.5, 10.22] Demand: [13.215]
Reward for thread 2: [-75.25, -41.18, -32.75] -49.73  Inventory: [0.0, 119.0, 20.0]  Order: [9.81, 10.32, 10.5] Demand: [12.32]
Reward for thread 3: [-350.26, -108.75, -101.66] -186.89  Inventory: [1199.0, 0.0, 7.0]  Order: [10.26, 9.93, 9.94] Demand: [3.965]
Reward for thread 4: [-169.21, -74.6, -56.13] -99.98  Inventory: [0.0, 136.0, 0.0]  Order: [10.14, 10.84, 10.82] Demand: [14.73]
Reward for thread 5: [-181.34, -74.05, -65.67] -107.02  Inventory: [0.0, 0.0, 0.0]  Order: [10.92, 11.1, 10.98] Demand: [14.34]

 Algo happo Exp ippo_seed15_formal_v1 updates 11/3000 episodes, total num timesteps 12000/3000000, FPS 115.

Reward for thread 1: [-178.53, -133.63, -83.21] -131.79  Inventory: [620.0, 110.0, 50.0]  Order: [9.41, 9.93, 10.11] Demand: [6.315]
Reward for thread 2: [-286.58, -127.94, -97.73] -170.75  Inventory: [1128.0, 7.0, 74.0]  Order: [10.09, 10.1, 10.39] Demand: [4.465]
Reward for thread 3: [-155.31, -67.0, -56.77] -93.03  Inventory: [604.0, 74.0, 17.0]  Order: [10.39, 10.7, 10.66] Demand: [7.4]
Reward for thread 4: [-55.47, -73.42, -43.92] -57.6  Inventory: [0.0, 121.0, 25.0]  Order: [9.89, 10.48, 10.5] Demand: [11.385]
Reward for thread 5: [-323.28, -114.66, -100.84] -179.59  Inventory: [0.0, 75.0, 8.0]  Order: [9.72, 10.02, 9.94] Demand: [13.18]

 Algo happo Exp ippo_seed15_formal_v1 updates 12/3000 episodes, total num timesteps 13000/3000000, FPS 116.

Reward for thread 1: [-355.08, -113.04, -139.18] -202.43  Inventory: [1344.0, 15.0, 0.0]  Order: [10.58, 11.08, 10.62] Demand: [3.965]
Reward for thread 2: [-193.31, -160.47, -152.5] -168.76  Inventory: [730.0, 0.0, 99.0]  Order: [10.56, 9.33, 9.72] Demand: [5.74]
Reward for thread 3: [-295.65, -118.13, -117.69] -177.16  Inventory: [1180.0, 0.0, 92.0]  Order: [10.16, 9.68, 9.99] Demand: [3.91]
Reward for thread 4: [-75.86, -62.46, -48.98] -62.43  Inventory: [0.0, 11.0, 14.0]  Order: [10.32, 10.26, 10.41] Demand: [11.71]
Reward for thread 5: [-86.56, -73.7, -53.35] -71.2  Inventory: [0.0, 161.0, 9.0]  Order: [9.77, 10.54, 10.44] Demand: [9.995]

 Algo happo Exp ippo_seed15_formal_v1 updates 13/3000 episodes, total num timesteps 14000/3000000, FPS 117.

Reward for thread 1: [-366.7, -122.58, -121.88] -203.72  Inventory: [0.0, 21.0, 45.0]  Order: [10.27, 10.36, 10.52] Demand: [16.285]
Reward for thread 2: [-209.61, -69.31, -72.88] -117.27  Inventory: [504.0, 7.0, 0.0]  Order: [10.48, 10.8, 10.58] Demand: [7.945]
Reward for thread 3: [-161.25, -80.89, -56.1] -99.41  Inventory: [171.0, 86.0, 13.0]  Order: [9.63, 10.06, 10.22] Demand: [8.875]
Reward for thread 4: [-47.34, -31.85, -30.08] -36.42  Inventory: [27.0, 86.0, 0.0]  Order: [10.32, 10.73, 10.66] Demand: [10.245]
Reward for thread 5: [-251.01, -96.47, -81.84] -143.11  Inventory: [894.0, 93.0, 58.0]  Order: [9.79, 10.18, 10.47] Demand: [5.385]

 Algo happo Exp ippo_seed15_formal_v1 updates 14/3000 episodes, total num timesteps 15000/3000000, FPS 118.

Reward for thread 1: [-72.06, -36.64, -41.36] -50.02  Inventory: [0.0, 35.0, 21.0]  Order: [10.24, 10.34, 10.4] Demand: [12.335]
Reward for thread 2: [-133.6, -90.66, -58.77] -94.34  Inventory: [353.0, 149.0, 0.0]  Order: [9.57, 10.48, 10.32] Demand: [7.995]
Reward for thread 3: [-337.63, -101.59, -100.94] -180.05  Inventory: [1209.0, 39.0, 0.0]  Order: [9.94, 10.36, 10.2] Demand: [3.885]
Reward for thread 4: [-179.99, -81.53, -66.18] -109.23  Inventory: [767.0, 109.0, 29.0]  Order: [9.51, 9.96, 10.03] Demand: [5.68]
Reward for thread 5: [-76.71, -122.62, -58.29] -85.87  Inventory: [0.0, 131.0, 9.0]  Order: [9.96, 10.58, 10.62] Demand: [10.555]

Eval average reward:  -100.91275  Eval ordering fluctuation measurement (downstream to upstream):  [0.24510476619098398, 0.6591677413988545, 0.48611277183193613]
A better model is saved!

 Algo happo Exp ippo_seed15_formal_v1 updates 15/3000 episodes, total num timesteps 16000/3000000, FPS 114.

Reward for thread 1: [-287.1, -152.25, -100.62] -179.99  Inventory: [957.0, 98.0, 25.0]  Order: [9.51, 9.94, 9.98] Demand: [4.7]
Reward for thread 2: [-155.82, -60.88, -63.61] -93.44  Inventory: [844.0, 98.0, 44.0]  Order: [10.36, 10.78, 10.88] Demand: [6.31]
Reward for thread 3: [-264.41, -94.48, -92.56] -150.48  Inventory: [1024.0, 73.0, 1.0]  Order: [9.82, 10.15, 10.14] Demand: [4.765]
Reward for thread 4: [-463.1, -132.6, -137.61] -244.44  Inventory: [1529.0, 7.0, 26.0]  Order: [9.9, 9.85, 9.95] Demand: [2.32]
Reward for thread 5: [-36.44, -28.44, -22.35] -29.08  Inventory: [0.0, 66.0, 14.0]  Order: [10.18, 10.47, 10.48] Demand: [10.75]

 Algo happo Exp ippo_seed15_formal_v1 updates 16/3000 episodes, total num timesteps 17000/3000000, FPS 116.

Reward for thread 1: [-179.64, -61.11, -71.35] -104.03  Inventory: [328.0, 22.0, 74.0]  Order: [9.83, 9.81, 10.07] Demand: [8.28]
Reward for thread 2: [-155.05, -61.08, -63.21] -93.11  Inventory: [0.0, 0.0, 103.0]  Order: [9.41, 8.96, 9.51] Demand: [9.54]
Reward for thread 3: [-66.01, -42.92, -35.9] -48.28  Inventory: [0.0, 0.0, 60.0]  Order: [10.63, 10.4, 10.58] Demand: [11.875]
Reward for thread 4: [-236.23, -144.42, -95.06] -158.57  Inventory: [812.0, 253.0, 26.0]  Order: [9.12, 10.28, 10.36] Demand: [5.215]
Reward for thread 5: [-341.44, -106.54, -103.54] -183.84  Inventory: [1072.0, 12.0, 57.0]  Order: [10.14, 10.11, 10.3] Demand: [4.725]

 Algo happo Exp ippo_seed15_formal_v1 updates 17/3000 episodes, total num timesteps 18000/3000000, FPS 117.

Reward for thread 1: [-230.78, -79.7, -79.88] -130.12  Inventory: [778.0, 0.0, 0.0]  Order: [10.33, 10.34, 10.16] Demand: [6.37]
Reward for thread 2: [-270.52, -96.69, -94.14] -153.78  Inventory: [1104.0, 0.0, 0.0]  Order: [9.46, 9.46, 9.26] Demand: [3.95]
Reward for thread 3: [-383.78, -115.42, -116.61] -205.27  Inventory: [1376.0, 39.0, 45.0]  Order: [9.4, 9.47, 9.72] Demand: [2.62]
Reward for thread 4: [-319.36, -111.54, -99.27] -176.72  Inventory: [0.0, 0.0, 0.0]  Order: [10.47, 10.29, 10.24] Demand: [15.69]
Reward for thread 5: [-320.91, -117.64, -106.05] -181.53  Inventory: [0.0, 0.0, 0.0]  Order: [10.72, 10.18, 10.14] Demand: [14.09]

 Algo happo Exp ippo_seed15_formal_v1 updates 18/3000 episodes, total num timesteps 19000/3000000, FPS 118.

Reward for thread 1: [-388.33, -118.91, -114.35] -207.2  Inventory: [1282.0, 14.0, 0.0]  Order: [9.71, 9.74, 9.58] Demand: [3.285]
Reward for thread 2: [-57.86, -33.99, -35.19] -42.35  Inventory: [0.0, 0.0, 0.0]  Order: [10.27, 10.34, 10.15] Demand: [11.44]
Reward for thread 3: [-360.85, -179.65, -122.48] -220.99  Inventory: [0.0, 0.0, 0.0]  Order: [12.06, 11.18, 11.04] Demand: [16.725]
Reward for thread 4: [-215.1, -83.7, -71.75] -123.52  Inventory: [0.0, 0.0, 0.0]  Order: [10.78, 10.6, 10.52] Demand: [11.86]
Reward for thread 5: [-123.26, -70.28, -66.81] -86.78  Inventory: [434.0, 80.0, 13.0]  Order: [8.88, 9.16, 9.22] Demand: [6.865]

 Algo happo Exp ippo_seed15_formal_v1 updates 19/3000 episodes, total num timesteps 20000/3000000, FPS 119.

Reward for thread 1: [-289.39, -92.03, -93.41] -158.28  Inventory: [924.0, 19.0, 13.0]  Order: [10.11, 10.1, 10.04] Demand: [5.5]
Reward for thread 2: [-108.68, -42.6, -49.07] -66.78  Inventory: [305.0, 0.0, 28.0]  Order: [9.6, 9.25, 9.28] Demand: [7.92]
Reward for thread 3: [-252.42, -84.75, -80.71] -139.29  Inventory: [0.0, 0.0, 16.0]  Order: [10.96, 10.62, 10.51] Demand: [13.285]
Reward for thread 4: [-144.6, -74.47, -59.94] -93.0  Inventory: [261.0, 0.0, 28.0]  Order: [10.36, 10.07, 10.2] Demand: [8.885]
Reward for thread 5: [-366.31, -123.03, -132.12] -207.15  Inventory: [1235.0, 0.0, 0.0]  Order: [9.24, 9.02, 8.91] Demand: [2.89]

Eval average reward:  -169.29766666666666  Eval ordering fluctuation measurement (downstream to upstream):  [0.22121016423538603, 0.36949598272412987, 0.45419925361181407]

 Algo happo Exp ippo_seed15_formal_v1 updates 20/3000 episodes, total num timesteps 21000/3000000, FPS 116.

Reward for thread 1: [-142.23, -51.29, -58.24] -83.92  Inventory: [168.0, 56.0, 42.0]  Order: [9.52, 9.78, 9.82] Demand: [8.725]
Reward for thread 2: [-457.49, -149.32, -140.36] -249.06  Inventory: [0.0, 0.0, 26.0]  Order: [10.86, 10.25, 10.26] Demand: [15.005]
Reward for thread 3: [-48.26, -28.78, -37.79] -38.28  Inventory: [0.0, 3.0, 35.0]  Order: [9.74, 9.68, 9.74] Demand: [10.735]
Reward for thread 4: [-40.23, -26.84, -30.98] -32.68  Inventory: [73.0, 0.0, 3.0]  Order: [9.65, 9.51, 9.44] Demand: [9.22]
Reward for thread 5: [-382.32, -128.44, -125.23] -212.0  Inventory: [1093.0, 0.0, 43.0]  Order: [10.44, 9.6, 9.65] Demand: [4.23]

 Algo happo Exp ippo_seed15_formal_v1 updates 21/3000 episodes, total num timesteps 22000/3000000, FPS 117.

Reward for thread 1: [-223.17, -70.62, -73.26] -122.35  Inventory: [0.0, 52.0, 47.0]  Order: [9.89, 10.03, 10.24] Demand: [14.885]
Reward for thread 2: [-61.0, -30.6, -32.02] -41.21  Inventory: [181.0, 0.0, 89.0]  Order: [10.09, 9.89, 10.2] Demand: [9.13]
Reward for thread 3: [-63.72, -37.36, -35.27] -45.45  Inventory: [0.0, 0.0, 0.0]  Order: [10.54, 10.51, 10.38] Demand: [10.54]
Reward for thread 4: [-132.8, -60.96, -57.18] -83.65  Inventory: [0.0, 0.0, 35.0]  Order: [10.77, 10.62, 10.74] Demand: [11.77]
Reward for thread 5: [-121.24, -47.03, -50.28] -72.85  Inventory: [410.0, 0.0, 21.0]  Order: [9.34, 9.14, 9.14] Demand: [7.29]

 Algo happo Exp ippo_seed15_formal_v1 updates 22/3000 episodes, total num timesteps 23000/3000000, FPS 117.

Reward for thread 1: [-271.65, -86.24, -86.76] -148.22  Inventory: [612.0, 4.0, 12.0]  Order: [9.71, 9.68, 9.67] Demand: [6.62]
Reward for thread 2: [-222.49, -80.19, -73.84] -125.51  Inventory: [0.0, 0.0, 1.0]  Order: [10.68, 10.6, 10.57] Demand: [15.055]
Reward for thread 3: [-322.06, -104.44, -102.57] -176.36  Inventory: [0.0, 28.0, 44.0]  Order: [10.63, 10.62, 10.8] Demand: [14.585]
Reward for thread 4: [-231.73, -80.49, -84.9] -132.37  Inventory: [170.0, 21.0, 0.0]  Order: [9.87, 10.02, 10.01] Demand: [9.135]
Reward for thread 5: [-200.66, -77.95, -85.76] -121.46  Inventory: [564.0, 0.0, 114.0]  Order: [9.59, 9.52, 9.96] Demand: [6.785]

 Algo happo Exp ippo_seed15_formal_v1 updates 23/3000 episodes, total num timesteps 24000/3000000, FPS 118.

Reward for thread 1: [-347.18, -106.52, -104.47] -186.06  Inventory: [0.0, 19.0, 34.0]  Order: [10.46, 10.44, 10.64] Demand: [15.595]
Reward for thread 2: [-276.52, -84.56, -87.74] -149.61  Inventory: [626.0, 47.0, 1.0]  Order: [9.09, 9.29, 9.32] Demand: [6.095]
Reward for thread 3: [-242.25, -83.88, -80.15] -135.43  Inventory: [747.0, 42.0, 39.0]  Order: [9.21, 9.28, 9.38] Demand: [5.485]
Reward for thread 4: [-358.24, -104.14, -110.44] -190.94  Inventory: [1151.0, 0.0, 0.0]  Order: [9.71, 9.8, 9.57] Demand: [3.755]
Reward for thread 5: [-243.84, -76.2, -83.0] -134.35  Inventory: [1108.0, 0.0, 6.0]  Order: [10.16, 10.14, 10.19] Demand: [4.615]

 Algo happo Exp ippo_seed15_formal_v1 updates 24/3000 episodes, total num timesteps 25000/3000000, FPS 119.

Reward for thread 1: [-255.71, -83.17, -81.98] -140.29  Inventory: [0.0, 11.0, 42.0]  Order: [10.52, 10.51, 10.54] Demand: [13.575]
Reward for thread 2: [-277.39, -88.48, -88.21] -151.36  Inventory: [0.0, 44.0, 6.0]  Order: [10.15, 10.33, 10.36] Demand: [14.775]
Reward for thread 3: [-217.5, -68.01, -76.53] -120.68  Inventory: [864.0, 8.0, 0.0]  Order: [9.74, 9.82, 9.72] Demand: [5.505]
Reward for thread 4: [-76.81, -42.02, -44.16] -54.33  Inventory: [0.0, 0.0, 3.0]  Order: [9.85, 9.74, 9.64] Demand: [10.355]
Reward for thread 5: [-152.35, -62.12, -57.5] -90.66  Inventory: [374.0, 32.0, 16.0]  Order: [10.02, 10.04, 10.12] Demand: [8.195]

Eval average reward:  -178.4334166666667  Eval ordering fluctuation measurement (downstream to upstream):  [0.3210328687170141, 0.5083480060380475, 0.3558432504516205]

 Algo happo Exp ippo_seed15_formal_v1 updates 25/3000 episodes, total num timesteps 26000/3000000, FPS 116.

Reward for thread 1: [-146.62, -56.95, -52.32] -85.3  Inventory: [0.0, 37.0, 23.0]  Order: [9.22, 9.46, 9.42] Demand: [9.67]
Reward for thread 2: [-99.02, -51.23, -47.62] -65.96  Inventory: [0.0, 0.0, 0.0]  Order: [11.79, 11.24, 11.1] Demand: [13.05]
Reward for thread 3: [-103.15, -57.3, -45.51] -68.65  Inventory: [430.0, 49.0, 15.0]  Order: [10.22, 10.3, 10.3] Demand: [8.25]
Reward for thread 4: [-114.03, -59.7, -49.58] -74.44  Inventory: [0.0, 0.0, 0.0]  Order: [10.62, 10.31, 10.29] Demand: [11.48]
Reward for thread 5: [-405.25, -133.38, -140.34] -226.32  Inventory: [1357.0, 43.0, 32.0]  Order: [10.34, 10.44, 10.52] Demand: [3.61]

 Algo happo Exp ippo_seed15_formal_v1 updates 26/3000 episodes, total num timesteps 27000/3000000, FPS 117.

Reward for thread 1: [-120.14, -54.07, -60.69] -78.3  Inventory: [0.0, 0.0, 0.0]  Order: [9.1, 8.8, 8.66] Demand: [9.345]
Reward for thread 2: [-191.01, -76.73, -70.13] -112.62  Inventory: [501.0, 65.0, 55.0]  Order: [9.02, 9.35, 9.53] Demand: [6.495]
Reward for thread 3: [-213.71, -77.92, -71.96] -121.2  Inventory: [810.0, 0.0, 18.0]  Order: [10.37, 10.42, 10.48] Demand: [6.345]
Reward for thread 4: [-404.5, -116.06, -116.75] -212.44  Inventory: [1320.0, 47.0, 37.0]  Order: [8.9, 9.07, 9.09] Demand: [2.4]
Reward for thread 5: [-55.23, -26.89, -29.81] -37.31  Inventory: [0.0, 0.0, 6.0]  Order: [10.18, 10.04, 10.06] Demand: [11.115]

 Algo happo Exp ippo_seed15_formal_v1 updates 27/3000 episodes, total num timesteps 28000/3000000, FPS 118.

Reward for thread 1: [-189.3, -70.88, -75.78] -111.99  Inventory: [0.0, 0.0, 0.0]  Order: [9.44, 9.44, 9.48] Demand: [13.655]
Reward for thread 2: [-163.01, -80.76, -62.55] -102.11  Inventory: [745.0, 98.0, 17.0]  Order: [9.99, 10.53, 10.52] Demand: [6.395]
Reward for thread 3: [-95.59, -50.48, -48.34] -64.8  Inventory: [455.0, 70.0, 19.0]  Order: [9.78, 10.01, 10.04] Demand: [7.525]
Reward for thread 4: [-87.58, -44.38, -43.64] -58.53  Inventory: [0.0, 28.0, 6.0]  Order: [9.22, 9.26, 9.3] Demand: [11.675]
Reward for thread 5: [-144.93, -68.46, -58.9] -90.76  Inventory: [644.0, 40.0, 38.0]  Order: [8.82, 8.82, 8.83] Demand: [5.665]

 Algo happo Exp ippo_seed15_formal_v1 updates 28/3000 episodes, total num timesteps 29000/3000000, FPS 118.

Reward for thread 1: [-115.38, -44.19, -44.55] -68.04  Inventory: [0.0, 0.0, 0.0]  Order: [10.49, 10.46, 10.32] Demand: [13.545]
Reward for thread 2: [-220.04, -73.42, -84.68] -126.05  Inventory: [784.0, 14.0, 27.0]  Order: [8.88, 8.93, 8.94] Demand: [5.03]
Reward for thread 3: [-104.69, -53.21, -51.54] -69.81  Inventory: [0.0, 0.0, 5.0]  Order: [9.5, 9.41, 9.36] Demand: [10.22]
Reward for thread 4: [-241.36, -76.77, -78.74] -132.29  Inventory: [782.0, 0.0, 29.0]  Order: [9.4, 9.3, 9.32] Demand: [5.49]
Reward for thread 5: [-59.56, -31.49, -33.05] -41.37  Inventory: [0.0, 13.0, 0.0]  Order: [9.11, 9.36, 9.17] Demand: [10.19]

 Algo happo Exp ippo_seed15_formal_v1 updates 29/3000 episodes, total num timesteps 30000/3000000, FPS 119.

Reward for thread 1: [-144.15, -71.94, -65.88] -93.99  Inventory: [456.0, 45.0, 94.0]  Order: [8.36, 8.47, 8.76] Demand: [6.12]
Reward for thread 2: [-45.91, -36.94, -33.03] -38.63  Inventory: [118.0, 0.0, 0.0]  Order: [10.26, 10.48, 10.22] Demand: [9.545]
Reward for thread 3: [-158.85, -69.6, -63.86] -97.44  Inventory: [641.0, 36.0, 49.0]  Order: [9.45, 9.56, 9.76] Demand: [6.35]
Reward for thread 4: [-121.52, -63.56, -56.49] -80.52  Inventory: [0.0, 0.0, 0.0]  Order: [11.36, 10.92, 10.76] Demand: [12.77]
Reward for thread 5: [-208.07, -67.38, -78.01] -117.82  Inventory: [129.0, 0.0, 87.0]  Order: [8.65, 8.43, 8.72] Demand: [7.96]

Eval average reward:  -127.51058333333334  Eval ordering fluctuation measurement (downstream to upstream):  [0.33811410799714003, 0.7820428682892764, 0.8100070071912148]

 Algo happo Exp ippo_seed15_formal_v1 updates 30/3000 episodes, total num timesteps 31000/3000000, FPS 117.

Reward for thread 1: [-57.55, -45.3, -36.18] -46.34  Inventory: [0.0, 0.0, 0.0]  Order: [10.92, 10.82, 10.78] Demand: [11.245]
Reward for thread 2: [-221.37, -76.51, -74.4] -124.09  Inventory: [441.0, 40.0, 33.0]  Order: [9.8, 9.9, 9.87] Demand: [7.77]
Reward for thread 3: [-176.65, -66.08, -67.44] -103.39  Inventory: [572.0, 126.0, 0.0]  Order: [9.02, 9.65, 9.58] Demand: [6.345]
Reward for thread 4: [-127.59, -56.26, -59.5] -81.12  Inventory: [417.0, 52.0, 0.0]  Order: [7.92, 8.06, 8.04] Demand: [5.97]
Reward for thread 5: [-174.92, -64.65, -72.89] -104.15  Inventory: [636.0, 0.0, 0.0]  Order: [8.9, 8.84, 8.73] Demand: [5.625]

 Algo happo Exp ippo_seed15_formal_v1 updates 31/3000 episodes, total num timesteps 32000/3000000, FPS 117.

Reward for thread 1: [-174.42, -65.19, -74.5] -104.7  Inventory: [276.0, 0.0, 5.0]  Order: [8.18, 8.07, 8.14] Demand: [6.855]
Reward for thread 2: [-178.94, -92.43, -65.98] -112.45  Inventory: [0.0, 0.0, 26.0]  Order: [11.52, 11.12, 11.21] Demand: [14.435]
Reward for thread 3: [-275.7, -83.63, -93.73] -151.02  Inventory: [844.0, 0.0, 37.0]  Order: [8.72, 8.62, 8.7] Demand: [4.54]
Reward for thread 4: [-345.62, -104.4, -110.38] -186.8  Inventory: [1273.0, 22.0, 61.0]  Order: [8.83, 8.82, 8.96] Demand: [2.52]
Reward for thread 5: [-143.3, -52.18, -58.81] -84.76  Inventory: [432.0, 0.0, 18.0]  Order: [7.6, 7.54, 7.48] Demand: [5.405]

 Algo happo Exp ippo_seed15_formal_v1 updates 32/3000 episodes, total num timesteps 33000/3000000, FPS 118.

Reward for thread 1: [-167.8, -69.9, -60.36] -99.35  Inventory: [0.0, 0.0, 0.0]  Order: [11.24, 11.08, 11.06] Demand: [14.195]
Reward for thread 2: [-276.76, -83.56, -91.78] -150.7  Inventory: [802.0, 0.0, 25.0]  Order: [8.7, 8.6, 8.67] Demand: [4.635]
Reward for thread 3: [-237.24, -84.83, -85.76] -135.94  Inventory: [332.0, 0.0, 42.0]  Order: [7.55, 7.4, 7.48] Demand: [6.025]
Reward for thread 4: [-286.07, -107.06, -94.47] -162.53  Inventory: [0.0, 0.0, 0.0]  Order: [11.62, 11.52, 11.5] Demand: [13.74]
Reward for thread 5: [-218.97, -73.04, -76.79] -122.93  Inventory: [540.0, 0.0, 0.0]  Order: [8.65, 8.56, 8.48] Demand: [5.935]

 Algo happo Exp ippo_seed15_formal_v1 updates 33/3000 episodes, total num timesteps 34000/3000000, FPS 118.

Reward for thread 1: [-302.36, -89.7, -97.62] -163.23  Inventory: [1024.0, 0.0, 85.0]  Order: [8.62, 8.3, 8.5] Demand: [3.44]
Reward for thread 2: [-59.63, -63.83, -41.24] -54.9  Inventory: [0.0, 0.0, 24.0]  Order: [11.88, 11.36, 11.55] Demand: [12.735]
Reward for thread 3: [-265.52, -95.01, -90.46] -150.33  Inventory: [0.0, 61.0, 41.0]  Order: [10.92, 11.06, 11.14] Demand: [15.835]
Reward for thread 4: [-207.46, -67.06, -72.54] -115.69  Inventory: [748.0, 0.0, 55.0]  Order: [8.26, 8.16, 8.34] Demand: [4.585]
Reward for thread 5: [-182.69, -77.06, -63.1] -107.62  Inventory: [0.0, 0.0, 15.0]  Order: [11.93, 11.72, 11.84] Demand: [11.775]

 Algo happo Exp ippo_seed15_formal_v1 updates 34/3000 episodes, total num timesteps 35000/3000000, FPS 119.

Reward for thread 1: [-217.93, -74.13, -75.64] -122.57  Inventory: [687.0, 41.0, 49.0]  Order: [8.15, 8.2, 8.29] Demand: [4.855]
Reward for thread 2: [-307.32, -96.23, -102.14] -168.56  Inventory: [1111.0, 50.0, 2.0]  Order: [7.84, 8.0, 7.98] Demand: [2.415]
Reward for thread 3: [-118.65, -47.28, -52.07] -72.67  Inventory: [342.0, 10.0, 14.0]  Order: [8.22, 8.1, 8.1] Demand: [6.645]
Reward for thread 4: [-62.96, -39.16, -33.21] -45.11  Inventory: [216.0, 33.0, 40.0]  Order: [9.24, 9.22, 9.27] Demand: [8.24]
Reward for thread 5: [-144.74, -59.46, -63.91] -89.37  Inventory: [499.0, 46.0, 70.0]  Order: [8.53, 8.65, 8.87] Demand: [6.15]

Eval average reward:  -149.0838333333333  Eval ordering fluctuation measurement (downstream to upstream):  [0.7112761401110562, 0.5703564529693694, 1.0109582276170672]

 Algo happo Exp ippo_seed15_formal_v1 updates 35/3000 episodes, total num timesteps 36000/3000000, FPS 117.

Reward for thread 1: [-141.8, -58.69, -56.23] -85.57  Inventory: [315.0, 24.0, 0.0]  Order: [8.02, 8.14, 7.96] Demand: [6.55]
Reward for thread 2: [-35.77, -48.07, -31.33] -38.39  Inventory: [112.0, 0.0, 0.0]  Order: [11.04, 10.8, 10.7] Demand: [10.175]
Reward for thread 3: [-86.52, -44.87, -41.03] -57.47  Inventory: [0.0, 0.0, 28.0]  Order: [11.07, 10.86, 10.92] Demand: [12.18]
Reward for thread 4: [-203.56, -124.68, -78.61] -135.62  Inventory: [0.0, 0.0, 0.0]  Order: [12.43, 11.66, 11.55] Demand: [15.305]
Reward for thread 5: [-76.25, -48.17, -41.39] -55.27  Inventory: [44.0, 0.0, 38.0]  Order: [10.38, 10.16, 10.15] Demand: [10.185]

 Algo happo Exp ippo_seed15_formal_v1 updates 36/3000 episodes, total num timesteps 37000/3000000, FPS 117.

Reward for thread 1: [-204.54, -67.75, -72.78] -115.02  Inventory: [808.0, 8.0, 19.0]  Order: [8.69, 8.64, 8.64] Demand: [4.73]
Reward for thread 2: [-128.11, -50.19, -55.24] -77.85  Inventory: [26.0, 27.0, 12.0]  Order: [7.94, 7.98, 8.01] Demand: [7.91]
Reward for thread 3: [-77.74, -43.6, -41.42] -54.25  Inventory: [352.0, 10.0, 36.0]  Order: [8.99, 8.93, 9.02] Demand: [7.33]
Reward for thread 4: [-219.28, -89.52, -76.44] -128.41  Inventory: [546.0, 0.0, 46.0]  Order: [7.42, 7.26, 7.28] Demand: [4.77]
Reward for thread 5: [-313.6, -94.72, -100.34] -169.55  Inventory: [975.0, 0.0, 54.0]  Order: [8.55, 8.44, 8.51] Demand: [3.705]

 Algo happo Exp ippo_seed15_formal_v1 updates 37/3000 episodes, total num timesteps 38000/3000000, FPS 118.

Reward for thread 1: [-236.15, -89.63, -82.17] -135.98  Inventory: [874.0, 24.0, 39.0]  Order: [8.62, 8.6, 8.62] Demand: [4.325]
Reward for thread 2: [-97.98, -61.11, -47.33] -68.81  Inventory: [0.0, 0.0, 2.0]  Order: [10.52, 10.52, 10.64] Demand: [12.385]
Reward for thread 3: [-112.2, -61.72, -54.56] -76.16  Inventory: [0.0, 0.0, 9.0]  Order: [10.16, 9.4, 9.3] Demand: [10.83]
Reward for thread 4: [-166.5, -59.56, -67.82] -97.96  Inventory: [230.0, 34.0, 0.0]  Order: [8.02, 8.27, 8.3] Demand: [6.945]
Reward for thread 5: [-112.92, -61.27, -47.04] -73.74  Inventory: [0.0, 0.0, 26.0]  Order: [11.14, 10.58, 10.7] Demand: [11.485]

 Algo happo Exp ippo_seed15_formal_v1 updates 38/3000 episodes, total num timesteps 39000/3000000, FPS 118.

Reward for thread 1: [-272.67, -159.66, -100.5] -177.61  Inventory: [0.0, 0.0, 0.0]  Order: [11.78, 10.55, 10.51] Demand: [15.925]
Reward for thread 2: [-27.46, -37.86, -24.66] -29.99  Inventory: [9.0, 0.0, 0.0]  Order: [11.18, 10.79, 10.68] Demand: [10.675]
Reward for thread 3: [-109.23, -57.49, -46.58] -71.1  Inventory: [0.0, 80.0, 30.0]  Order: [7.64, 7.94, 7.88] Demand: [8.155]
Reward for thread 4: [-226.29, -87.71, -78.27] -130.76  Inventory: [880.0, 3.0, 66.0]  Order: [8.6, 8.56, 8.72] Demand: [4.23]
Reward for thread 5: [-230.04, -96.49, -76.16] -134.23  Inventory: [0.0, 0.0, 0.0]  Order: [12.3, 12.06, 12.0] Demand: [13.59]

 Algo happo Exp ippo_seed15_formal_v1 updates 39/3000 episodes, total num timesteps 40000/3000000, FPS 119.

Reward for thread 1: [-337.42, -114.73, -102.12] -184.76  Inventory: [0.0, 0.0, 0.0]  Order: [10.94, 10.88, 10.64] Demand: [15.73]
Reward for thread 2: [-143.44, -72.32, -65.28] -93.68  Inventory: [138.0, 15.0, 46.0]  Order: [8.12, 8.16, 8.29] Demand: [7.615]
Reward for thread 3: [-150.0, -55.52, -60.04] -88.52  Inventory: [521.0, 0.0, 36.0]  Order: [8.42, 8.22, 8.18] Demand: [5.67]
Reward for thread 4: [-291.76, -91.54, -93.84] -159.05  Inventory: [923.0, 9.0, 0.0]  Order: [7.79, 7.76, 7.7] Demand: [3.17]
Reward for thread 5: [-125.3, -58.04, -48.38] -77.24  Inventory: [201.0, 17.0, 23.0]  Order: [11.16, 11.1, 11.12] Demand: [10.21]

Eval average reward:  -168.28858333333335  Eval ordering fluctuation measurement (downstream to upstream):  [0.5938947580500359, 0.37576836000609803, 0.8630326621430127]

 Algo happo Exp ippo_seed15_formal_v1 updates 40/3000 episodes, total num timesteps 41000/3000000, FPS 117.

Reward for thread 1: [-102.34, -43.14, -41.64] -62.37  Inventory: [297.0, 0.0, 0.0]  Order: [9.44, 9.46, 9.38] Demand: [8.04]
Reward for thread 2: [-280.58, -107.57, -91.46] -159.87  Inventory: [0.0, 0.0, 0.0]  Order: [11.27, 10.85, 10.62] Demand: [15.515]
Reward for thread 3: [-62.89, -43.53, -35.9] -47.44  Inventory: [0.0, 0.0, 3.0]  Order: [11.44, 11.09, 11.2] Demand: [12.61]
Reward for thread 4: [-60.66, -34.3, -32.74] -42.57  Inventory: [358.0, 11.0, 37.0]  Order: [9.28, 9.24, 9.26] Demand: [7.63]
Reward for thread 5: [-281.98, -95.78, -109.06] -162.27  Inventory: [1014.0, 16.0, 79.0]  Order: [7.92, 7.8, 8.03] Demand: [2.865]

 Algo happo Exp ippo_seed15_formal_v1 updates 41/3000 episodes, total num timesteps 42000/3000000, FPS 118.

Reward for thread 1: [-222.68, -80.39, -72.24] -125.1  Inventory: [0.0, 0.0, 0.0]  Order: [11.27, 11.18, 11.09] Demand: [15.955]
Reward for thread 2: [-309.28, -99.42, -97.18] -168.63  Inventory: [1007.0, 37.0, 0.0]  Order: [8.14, 8.2, 8.15] Demand: [3.165]
Reward for thread 3: [-167.19, -67.46, -65.61] -100.09  Inventory: [600.0, 0.0, 0.0]  Order: [8.65, 8.69, 8.59] Demand: [5.57]
Reward for thread 4: [-214.09, -75.35, -74.32] -121.25  Inventory: [616.0, 39.0, 13.0]  Order: [7.7, 7.82, 7.68] Demand: [4.735]
Reward for thread 5: [-68.94, -43.29, -43.6] -51.94  Inventory: [0.0, 0.0, 35.0]  Order: [9.38, 9.04, 9.02] Demand: [9.425]

 Algo happo Exp ippo_seed15_formal_v1 updates 42/3000 episodes, total num timesteps 43000/3000000, FPS 118.

Reward for thread 1: [-98.41, -47.67, -45.72] -63.93  Inventory: [431.0, 37.0, 45.0]  Order: [8.51, 8.6, 8.72] Demand: [6.44]
Reward for thread 2: [-57.06, -30.26, -32.24] -39.85  Inventory: [209.0, 33.0, 0.0]  Order: [8.56, 8.77, 8.78] Demand: [7.655]
Reward for thread 3: [-138.24, -53.02, -54.84] -82.03  Inventory: [576.0, 14.0, 0.0]  Order: [8.45, 8.67, 8.54] Demand: [5.555]
Reward for thread 4: [-319.69, -96.89, -101.42] -172.67  Inventory: [1016.0, 0.0, 0.0]  Order: [7.8, 7.9, 7.6] Demand: [2.59]
Reward for thread 5: [-162.3, -77.3, -66.92] -102.17  Inventory: [0.0, 0.0, 2.0]  Order: [11.5, 11.36, 11.32] Demand: [12.665]

 Algo happo Exp ippo_seed15_formal_v1 updates 43/3000 episodes, total num timesteps 44000/3000000, FPS 118.

Reward for thread 1: [-33.59, -47.59, -30.46] -37.21  Inventory: [59.0, 0.0, 38.0]  Order: [10.83, 10.66, 10.78] Demand: [10.665]
Reward for thread 2: [-169.86, -69.27, -63.24] -100.79  Inventory: [0.0, 0.0, 11.0]  Order: [10.4, 10.16, 10.22] Demand: [13.83]
Reward for thread 3: [-172.0, -96.69, -78.19] -115.63  Inventory: [0.0, 0.0, 0.0]  Order: [12.04, 11.54, 11.4] Demand: [14.44]
Reward for thread 4: [-148.72, -57.26, -55.03] -87.0  Inventory: [421.0, 40.0, 52.0]  Order: [9.66, 9.74, 9.8] Demand: [7.725]
Reward for thread 5: [-100.98, -69.05, -51.21] -73.75  Inventory: [10.0, 11.0, 27.0]  Order: [7.54, 7.56, 7.48] Demand: [7.58]

 Algo happo Exp ippo_seed15_formal_v1 updates 44/3000 episodes, total num timesteps 45000/3000000, FPS 119.

Reward for thread 1: [-67.22, -43.18, -51.23] -53.88  Inventory: [0.0, 0.0, 29.0]  Order: [8.94, 8.61, 8.72] Demand: [10.725]
Reward for thread 2: [-66.85, -46.21, -39.19] -50.75  Inventory: [308.0, 59.0, 83.0]  Order: [9.33, 9.44, 9.74] Demand: [7.875]
Reward for thread 3: [-189.18, -74.0, -70.7] -111.29  Inventory: [0.0, 0.0, 4.0]  Order: [11.48, 11.44, 11.47] Demand: [13.08]
Reward for thread 4: [-114.18, -52.51, -45.7] -70.8  Inventory: [0.0, 0.0, 0.0]  Order: [10.11, 10.04, 10.03] Demand: [12.77]
Reward for thread 5: [-298.4, -98.79, -93.08] -163.42  Inventory: [0.0, 0.0, 0.0]  Order: [11.02, 10.94, 10.92] Demand: [13.425]

Eval average reward:  -152.86008333333334  Eval ordering fluctuation measurement (downstream to upstream):  [0.694044076839132, 1.4015829525956154, 1.279494089221933]

 Algo happo Exp ippo_seed15_formal_v1 updates 45/3000 episodes, total num timesteps 46000/3000000, FPS 117.

Reward for thread 1: [-171.16, -90.36, -81.58] -114.37  Inventory: [494.0, 59.0, 33.0]  Order: [7.11, 7.34, 7.37] Demand: [4.71]
Reward for thread 2: [-126.59, -86.84, -74.39] -95.94  Inventory: [339.0, 55.0, 59.0]  Order: [6.95, 7.11, 7.28] Demand: [5.27]
Reward for thread 3: [-92.48, -55.51, -42.79] -63.59  Inventory: [0.0, 0.0, 0.0]  Order: [11.91, 11.64, 11.4] Demand: [12.78]
Reward for thread 4: [-179.66, -64.3, -65.51] -103.16  Inventory: [396.0, 52.0, 0.0]  Order: [7.3, 7.51, 7.52] Demand: [5.51]
Reward for thread 5: [-114.74, -78.07, -52.35] -81.72  Inventory: [395.0, 119.0, 44.0]  Order: [8.95, 9.43, 9.48] Demand: [7.155]

 Algo happo Exp ippo_seed15_formal_v1 updates 46/3000 episodes, total num timesteps 47000/3000000, FPS 118.

Reward for thread 1: [-73.12, -48.23, -41.07] -54.14  Inventory: [277.0, 28.0, 13.0]  Order: [7.46, 7.49, 7.51] Demand: [6.25]
Reward for thread 2: [-36.12, -40.3, -29.18] -35.2  Inventory: [94.0, 0.0, 0.0]  Order: [10.42, 10.38, 10.32] Demand: [9.775]
Reward for thread 3: [-233.82, -84.46, -84.44] -134.24  Inventory: [724.0, 0.0, 89.0]  Order: [6.9, 6.76, 7.09] Demand: [3.32]
Reward for thread 4: [-91.11, -38.97, -40.85] -56.98  Inventory: [0.0, 0.0, 0.0]  Order: [8.62, 8.7, 8.57] Demand: [10.02]
Reward for thread 5: [-105.48, -57.88, -50.12] -71.16  Inventory: [417.0, 130.0, 54.0]  Order: [8.84, 9.38, 9.46] Demand: [6.865]

 Algo happo Exp ippo_seed15_formal_v1 updates 47/3000 episodes, total num timesteps 48000/3000000, FPS 118.

Reward for thread 1: [-168.48, -69.45, -65.47] -101.13  Inventory: [120.0, 26.0, 18.0]  Order: [11.2, 11.18, 11.28] Demand: [10.8]
Reward for thread 2: [-226.05, -132.71, -88.56] -149.11  Inventory: [659.0, 173.0, 22.0]  Order: [6.23, 6.97, 6.9] Demand: [3.015]
Reward for thread 3: [-165.92, -64.6, -62.72] -97.75  Inventory: [0.0, 0.0, 0.0]  Order: [9.68, 9.48, 9.23] Demand: [13.475]
Reward for thread 4: [-116.64, -51.97, -58.42] -75.68  Inventory: [415.0, 43.0, 33.0]  Order: [7.39, 7.49, 7.46] Demand: [5.45]
Reward for thread 5: [-111.23, -83.25, -51.66] -82.05  Inventory: [0.0, 0.0, 7.0]  Order: [8.67, 8.54, 8.64] Demand: [10.98]

 Algo happo Exp ippo_seed15_formal_v1 updates 48/3000 episodes, total num timesteps 49000/3000000, FPS 119.

Reward for thread 1: [-75.08, -42.85, -40.92] -52.95  Inventory: [30.0, 27.0, 4.0]  Order: [9.76, 9.89, 9.74] Demand: [9.665]
Reward for thread 2: [-86.6, -42.87, -39.46] -56.31  Inventory: [0.0, 0.0, 14.0]  Order: [9.86, 9.51, 9.48] Demand: [11.72]
Reward for thread 3: [-103.72, -54.13, -46.56] -68.14  Inventory: [297.0, 100.0, 40.0]  Order: [9.78, 10.1, 10.12] Demand: [8.435]
Reward for thread 4: [-167.75, -103.34, -70.37] -113.82  Inventory: [376.0, 205.0, 19.0]  Order: [6.95, 7.81, 7.76] Demand: [5.185]
Reward for thread 5: [-160.54, -149.18, -77.24] -128.99  Inventory: [461.0, 336.0, 0.0]  Order: [6.3, 8.07, 8.06] Demand: [4.1]

 Algo happo Exp ippo_seed15_formal_v1 updates 49/3000 episodes, total num timesteps 50000/3000000, FPS 119.

Reward for thread 1: [-126.56, -120.57, -63.29] -103.47  Inventory: [393.0, 332.0, 61.0]  Order: [7.48, 9.06, 9.17] Demand: [5.635]
Reward for thread 2: [-51.46, -50.75, -36.86] -46.36  Inventory: [113.0, 135.0, 79.0]  Order: [9.12, 9.62, 9.86] Demand: [8.715]
Reward for thread 3: [-215.54, -84.76, -80.27] -126.86  Inventory: [0.0, 0.0, 0.0]  Order: [10.64, 10.58, 10.44] Demand: [14.88]
Reward for thread 4: [-27.56, -27.01, -26.01] -26.86  Inventory: [0.0, 0.0, 0.0]  Order: [8.65, 8.68, 8.6] Demand: [8.645]
Reward for thread 5: [-74.13, -44.35, -36.18] -51.55  Inventory: [0.0, 0.0, 33.0]  Order: [9.3, 9.13, 9.08] Demand: [10.54]

Eval average reward:  -200.21016666666668  Eval ordering fluctuation measurement (downstream to upstream):  [0.5934337833793635, 1.3892763540479298, 0.6701982568437492]

 Algo happo Exp ippo_seed15_formal_v1 updates 50/3000 episodes, total num timesteps 51000/3000000, FPS 118.

Reward for thread 1: [-141.35, -55.67, -51.67] -82.9  Inventory: [0.0, 0.0, 0.0]  Order: [9.59, 9.46, 9.2] Demand: [13.605]
Reward for thread 2: [-117.67, -120.72, -62.63] -100.34  Inventory: [0.0, 111.0, 47.0]  Order: [7.44, 7.78, 7.88] Demand: [8.34]
Reward for thread 3: [-197.79, -65.83, -65.39] -109.67  Inventory: [0.0, 0.0, 8.0]  Order: [10.14, 10.07, 9.94] Demand: [11.94]
Reward for thread 4: [-125.91, -102.41, -60.96] -96.43  Inventory: [344.0, 311.0, 25.0]  Order: [6.68, 8.14, 8.19] Demand: [5.12]
Reward for thread 5: [-113.42, -50.05, -48.04] -70.5  Inventory: [314.0, 8.0, 0.0]  Order: [10.06, 10.2, 10.16] Demand: [8.54]

 Algo happo Exp ippo_seed15_formal_v1 updates 51/3000 episodes, total num timesteps 52000/3000000, FPS 118.

Reward for thread 1: [-83.91, -88.25, -50.8] -74.32  Inventory: [0.0, 133.0, 16.0]  Order: [7.4, 7.9, 7.9] Demand: [8.515]
Reward for thread 2: [-232.83, -78.25, -75.82] -128.97  Inventory: [0.0, 0.0, 8.0]  Order: [10.7, 10.58, 10.46] Demand: [14.855]
Reward for thread 3: [-193.44, -82.23, -68.24] -114.64  Inventory: [65.0, 0.0, 15.0]  Order: [10.98, 10.6, 10.62] Demand: [10.33]
Reward for thread 4: [-53.35, -48.77, -34.31] -45.48  Inventory: [0.0, 0.0, 0.0]  Order: [8.78, 8.77, 8.41] Demand: [10.19]
Reward for thread 5: [-185.99, -135.28, -79.94] -133.74  Inventory: [406.0, 231.0, 27.0]  Order: [6.79, 7.94, 7.92] Demand: [4.8]

 Algo happo Exp ippo_seed15_formal_v1 updates 52/3000 episodes, total num timesteps 53000/3000000, FPS 118.

Reward for thread 1: [-140.38, -65.14, -56.02] -87.18  Inventory: [0.0, 0.0, 0.0]  Order: [11.77, 11.5, 11.34] Demand: [13.21]
Reward for thread 2: [-250.73, -110.2, -87.77] -149.57  Inventory: [0.0, 0.0, 29.0]  Order: [11.82, 10.68, 10.73] Demand: [13.005]
Reward for thread 3: [-269.23, -107.36, -87.0] -154.53  Inventory: [0.0, 0.0, 0.0]  Order: [12.22, 12.0, 11.76] Demand: [16.295]
Reward for thread 4: [-28.27, -46.37, -26.96] -33.87  Inventory: [0.0, 48.0, 20.0]  Order: [8.34, 8.54, 8.46] Demand: [8.505]
Reward for thread 5: [-243.25, -126.7, -85.63] -151.86  Inventory: [627.0, 219.0, 44.0]  Order: [6.66, 7.6, 7.74] Demand: [3.715]

 Algo happo Exp ippo_seed15_formal_v1 updates 53/3000 episodes, total num timesteps 54000/3000000, FPS 119.

Reward for thread 1: [-122.86, -132.46, -65.61] -106.98  Inventory: [341.0, 306.0, 57.0]  Order: [7.05, 8.53, 8.7] Demand: [5.495]
Reward for thread 2: [-118.42, -188.49, -75.97] -127.63  Inventory: [244.0, 554.0, 25.0]  Order: [5.85, 8.48, 8.44] Demand: [4.715]
Reward for thread 3: [-98.33, -56.95, -44.47] -66.58  Inventory: [0.0, 0.0, 25.0]  Order: [10.72, 10.34, 10.42] Demand: [13.265]
Reward for thread 4: [-43.84, -48.75, -36.36] -42.98  Inventory: [88.0, 178.0, 56.0]  Order: [7.6, 8.43, 8.54] Demand: [7.325]
Reward for thread 5: [-28.79, -31.15, -31.98] -30.64  Inventory: [0.0, 0.0, 3.0]  Order: [10.2, 10.14, 10.26] Demand: [10.45]

 Algo happo Exp ippo_seed15_formal_v1 updates 54/3000 episodes, total num timesteps 55000/3000000, FPS 119.

Reward for thread 1: [-185.29, -138.27, -78.97] -134.18  Inventory: [628.0, 349.0, 38.0]  Order: [6.98, 8.64, 8.64] Demand: [3.98]
Reward for thread 2: [-98.46, -95.52, -54.22] -82.73  Inventory: [0.0, 0.0, 28.0]  Order: [7.26, 7.03, 7.05] Demand: [7.075]
Reward for thread 3: [-100.99, -69.0, -44.33] -71.44  Inventory: [0.0, 0.0, 0.0]  Order: [12.6, 12.48, 12.28] Demand: [13.975]
Reward for thread 4: [-91.98, -68.61, -50.94] -70.51  Inventory: [312.0, 218.0, 94.0]  Order: [8.38, 9.32, 9.65] Demand: [6.955]
Reward for thread 5: [-53.7, -52.05, -44.27] -50.01  Inventory: [0.0, 58.0, 11.0]  Order: [9.61, 9.75, 9.72] Demand: [9.68]

Eval average reward:  -104.91641666666668  Eval ordering fluctuation measurement (downstream to upstream):  [0.6636665468628703, 0.5144101374540515, 0.7715207118603975]

 Algo happo Exp ippo_seed15_formal_v1 updates 55/3000 episodes, total num timesteps 56000/3000000, FPS 118.

Reward for thread 1: [-126.02, -57.72, -52.56] -78.77  Inventory: [0.0, 0.0, 0.0]  Order: [11.24, 11.08, 11.02] Demand: [11.655]
Reward for thread 2: [-119.22, -118.79, -72.98] -103.66  Inventory: [356.0, 170.0, 18.0]  Order: [6.8, 7.52, 7.46] Demand: [5.165]
Reward for thread 3: [-190.32, -99.82, -79.27] -123.14  Inventory: [366.0, 159.0, 34.0]  Order: [5.92, 6.65, 6.64] Demand: [4.2]
Reward for thread 4: [-346.42, -122.26, -106.92] -191.87  Inventory: [0.0, 0.0, 19.0]  Order: [12.18, 12.09, 12.16] Demand: [17.245]
Reward for thread 5: [-164.2, -144.66, -88.01] -132.29  Inventory: [361.0, 257.0, 23.0]  Order: [5.86, 7.13, 7.17] Demand: [4.22]

 Algo happo Exp ippo_seed15_formal_v1 updates 56/3000 episodes, total num timesteps 57000/3000000, FPS 118.

Reward for thread 1: [-105.72, -51.99, -47.55] -68.42  Inventory: [0.0, 0.0, 13.0]  Order: [10.71, 10.42, 10.32] Demand: [13.3]
Reward for thread 2: [-147.34, -121.64, -72.24] -113.74  Inventory: [289.0, 215.0, 38.0]  Order: [5.94, 6.88, 7.03] Demand: [4.67]
Reward for thread 3: [-53.51, -49.67, -33.3] -45.49  Inventory: [35.0, 47.0, 27.0]  Order: [9.89, 10.05, 10.12] Demand: [9.845]
Reward for thread 4: [-100.74, -46.83, -42.02] -63.2  Inventory: [0.0, 0.0, 0.0]  Order: [11.66, 11.38, 11.42] Demand: [13.62]
Reward for thread 5: [-156.9, -129.65, -76.86] -121.14  Inventory: [570.0, 312.0, 0.0]  Order: [5.73, 7.26, 7.0] Demand: [3.095]

 Algo happo Exp ippo_seed15_formal_v1 updates 57/3000 episodes, total num timesteps 58000/3000000, FPS 118.

Reward for thread 1: [-61.85, -67.15, -63.07] -64.02  Inventory: [68.0, 104.0, 98.0]  Order: [7.04, 7.4, 7.77] Demand: [6.78]
Reward for thread 2: [-103.77, -55.06, -48.37] -69.07  Inventory: [400.0, 25.0, 56.0]  Order: [8.24, 8.25, 8.44] Demand: [6.465]
Reward for thread 3: [-151.5, -115.31, -74.92] -113.91  Inventory: [559.0, 153.0, 32.0]  Order: [6.34, 6.92, 6.9] Demand: [3.68]
Reward for thread 4: [-148.85, -101.21, -98.16] -116.07  Inventory: [401.0, 64.0, 92.0]  Order: [5.96, 6.18, 6.5] Demand: [4.075]
Reward for thread 5: [-293.54, -89.28, -101.69] -161.5  Inventory: [915.0, 0.0, 38.0]  Order: [7.3, 7.22, 7.3] Demand: [2.83]

 Algo happo Exp ippo_seed15_formal_v1 updates 58/3000 episodes, total num timesteps 59000/3000000, FPS 119.

Reward for thread 1: [-67.69, -57.3, -42.35] -55.78  Inventory: [31.0, 51.0, 41.0]  Order: [7.45, 7.54, 7.67] Demand: [7.46]
Reward for thread 2: [-52.48, -68.04, -37.49] -52.67  Inventory: [102.0, 0.0, 0.0]  Order: [9.86, 9.75, 9.68] Demand: [9.215]
Reward for thread 3: [-116.12, -67.71, -46.89] -76.91  Inventory: [0.0, 0.0, 0.0]  Order: [11.5, 10.66, 10.64] Demand: [12.91]
Reward for thread 4: [-149.88, -98.12, -86.35] -111.45  Inventory: [535.0, 146.0, 71.0]  Order: [6.06, 6.6, 6.78] Demand: [3.455]
Reward for thread 5: [-48.81, -38.82, -29.89] -39.17  Inventory: [106.0, 116.0, 51.0]  Order: [8.56, 8.94, 9.12] Demand: [8.15]

 Algo happo Exp ippo_seed15_formal_v1 updates 59/3000 episodes, total num timesteps 60000/3000000, FPS 119.

Reward for thread 1: [-127.81, -71.64, -48.46] -82.64  Inventory: [0.0, 0.0, 0.0]  Order: [11.78, 11.36, 11.22] Demand: [14.14]
Reward for thread 2: [-203.8, -110.4, -71.56] -128.59  Inventory: [0.0, 0.0, 0.0]  Order: [11.69, 10.68, 10.75] Demand: [14.845]
Reward for thread 3: [-139.36, -57.66, -49.36] -82.13  Inventory: [0.0, 0.0, 0.0]  Order: [9.88, 9.8, 9.84] Demand: [12.97]
Reward for thread 4: [-291.22, -127.65, -95.08] -171.32  Inventory: [0.0, 0.0, 7.0]  Order: [12.56, 11.78, 11.76] Demand: [11.925]
Reward for thread 5: [-172.71, -175.5, -85.42] -144.54  Inventory: [501.0, 429.0, 46.0]  Order: [5.23, 7.3, 7.41] Demand: [2.8]

Eval average reward:  -94.76508333333334  Eval ordering fluctuation measurement (downstream to upstream):  [0.6650194504599544, 0.5266758790984867, 0.6868426311354459]
A better model is saved!

 Algo happo Exp ippo_seed15_formal_v1 updates 60/3000 episodes, total num timesteps 61000/3000000, FPS 118.

Reward for thread 1: [-186.24, -138.4, -84.2] -136.28  Inventory: [617.0, 304.0, 22.0]  Order: [5.56, 6.99, 6.96] Demand: [2.695]
Reward for thread 2: [-78.13, -74.2, -46.03] -66.12  Inventory: [107.0, 201.0, 69.0]  Order: [9.0, 9.81, 10.01] Demand: [8.645]
Reward for thread 3: [-60.28, -69.57, -40.5] -56.78  Inventory: [102.0, 84.0, 92.0]  Order: [9.86, 10.3, 10.54] Demand: [9.49]
Reward for thread 4: [-252.3, -85.27, -80.79] -139.45  Inventory: [0.0, 0.0, 0.0]  Order: [11.33, 11.22, 11.12] Demand: [15.86]
Reward for thread 5: [-44.76, -34.79, -34.7] -38.08  Inventory: [0.0, 0.0, 0.0]  Order: [10.18, 10.02, 9.87] Demand: [10.955]

 Algo happo Exp ippo_seed15_formal_v1 updates 61/3000 episodes, total num timesteps 62000/3000000, FPS 118.

Reward for thread 1: [-30.34, -32.05, -27.6] -30.0  Inventory: [0.0, 0.0, 4.0]  Order: [9.4, 9.17, 9.23] Demand: [10.205]
Reward for thread 2: [-69.33, -42.1, -33.78] -48.4  Inventory: [0.0, 0.0, 13.0]  Order: [10.54, 10.4, 10.4] Demand: [12.685]
Reward for thread 3: [-50.76, -38.57, -36.7] -42.01  Inventory: [0.0, 0.0, 0.0]  Order: [8.32, 8.32, 8.28] Demand: [9.025]
Reward for thread 4: [-28.68, -42.65, -32.52] -34.62  Inventory: [0.0, 36.0, 67.0]  Order: [9.84, 9.86, 10.04] Demand: [9.92]
Reward for thread 5: [-108.97, -57.67, -54.61] -73.75  Inventory: [0.0, 0.0, 0.0]  Order: [9.6, 9.43, 9.47] Demand: [12.115]

 Algo happo Exp ippo_seed15_formal_v1 updates 62/3000 episodes, total num timesteps 63000/3000000, FPS 118.

Reward for thread 1: [-64.21, -107.36, -55.68] -75.75  Inventory: [14.0, 221.0, 1.0]  Order: [6.04, 7.02, 7.03] Demand: [6.05]
Reward for thread 2: [-79.23, -78.88, -57.29] -71.8  Inventory: [176.0, 160.0, 43.0]  Order: [5.8, 6.48, 6.55] Demand: [5.035]
Reward for thread 3: [-93.35, -70.43, -47.12] -70.3  Inventory: [0.0, 0.0, 0.0]  Order: [10.74, 10.34, 10.2] Demand: [12.18]
Reward for thread 4: [-195.34, -78.51, -72.69] -115.51  Inventory: [0.0, 0.0, 0.0]  Order: [11.0, 10.82, 10.7] Demand: [14.775]
Reward for thread 5: [-30.72, -41.71, -25.48] -32.64  Inventory: [27.0, 0.0, 21.0]  Order: [8.36, 8.32, 8.36] Demand: [8.19]

 Algo happo Exp ippo_seed15_formal_v1 updates 63/3000 episodes, total num timesteps 64000/3000000, FPS 119.

Reward for thread 1: [-77.22, -59.18, -37.88] -58.09  Inventory: [0.0, 9.0, 0.0]  Order: [12.19, 12.32, 12.2] Demand: [14.39]
Reward for thread 2: [-46.26, -92.42, -41.09] -59.92  Inventory: [0.0, 63.0, 52.0]  Order: [7.16, 7.45, 7.52] Demand: [7.75]
Reward for thread 3: [-205.81, -73.18, -73.73] -117.57  Inventory: [0.0, 0.0, 0.0]  Order: [10.7, 10.46, 10.28] Demand: [15.27]
Reward for thread 4: [-57.81, -46.3, -35.31] -46.47  Inventory: [0.0, 0.0, 0.0]  Order: [11.0, 10.9, 10.8] Demand: [10.87]
Reward for thread 5: [-97.15, -56.78, -40.35] -64.76  Inventory: [0.0, 0.0, 6.0]  Order: [12.54, 12.27, 12.26] Demand: [12.88]

 Algo happo Exp ippo_seed15_formal_v1 updates 64/3000 episodes, total num timesteps 65000/3000000, FPS 119.

Reward for thread 1: [-188.69, -76.57, -66.98] -110.75  Inventory: [0.0, 0.0, 17.0]  Order: [11.76, 11.58, 11.49] Demand: [13.575]
Reward for thread 2: [-199.36, -77.38, -70.07] -115.6  Inventory: [0.0, 0.0, 0.0]  Order: [11.54, 11.4, 11.5] Demand: [15.955]
Reward for thread 3: [-101.65, -144.23, -64.47] -103.45  Inventory: [270.0, 451.0, 47.0]  Order: [6.66, 8.74, 8.82] Demand: [5.41]
Reward for thread 4: [-145.81, -57.31, -54.0] -85.71  Inventory: [0.0, 0.0, 0.0]  Order: [11.25, 11.14, 11.09] Demand: [12.835]
Reward for thread 5: [-98.45, -49.8, -42.47] -63.57  Inventory: [0.0, 0.0, 0.0]  Order: [10.47, 10.12, 9.97] Demand: [12.335]

Eval average reward:  -69.39308333333332  Eval ordering fluctuation measurement (downstream to upstream):  [0.6944966205197564, 0.6306733856410834, 0.7430807904438688]
A better model is saved!

 Algo happo Exp ippo_seed15_formal_v1 updates 65/3000 episodes, total num timesteps 66000/3000000, FPS 118.

Reward for thread 1: [-43.34, -54.49, -42.08] -46.64  Inventory: [0.0, 0.0, 5.0]  Order: [9.46, 9.3, 9.3] Demand: [9.63]
Reward for thread 2: [-43.8, -60.5, -45.91] -50.07  Inventory: [0.0, 0.0, 0.0]  Order: [7.82, 7.86, 7.79] Demand: [8.24]
Reward for thread 3: [-47.48, -63.7, -54.31] -55.16  Inventory: [95.0, 175.0, 42.0]  Order: [5.88, 6.68, 6.66] Demand: [5.585]
Reward for thread 4: [-319.77, -99.41, -96.35] -171.84  Inventory: [0.0, 0.0, 21.0]  Order: [12.7, 12.4, 12.4] Demand: [16.34]
Reward for thread 5: [-207.03, -136.81, -94.85] -146.23  Inventory: [563.0, 298.0, 17.0]  Order: [4.48, 5.78, 5.72] Demand: [1.785]

 Algo happo Exp ippo_seed15_formal_v1 updates 66/3000 episodes, total num timesteps 67000/3000000, FPS 118.

Reward for thread 1: [-83.17, -54.24, -43.23] -60.21  Inventory: [52.0, 156.0, 3.0]  Order: [9.23, 9.94, 9.8] Demand: [9.095]
Reward for thread 2: [-26.59, -49.14, -27.11] -34.28  Inventory: [0.0, 96.0, 32.0]  Order: [7.54, 7.9, 7.99] Demand: [7.435]
Reward for thread 3: [-63.24, -77.56, -46.53] -62.44  Inventory: [236.0, 172.0, 29.0]  Order: [5.65, 6.4, 6.4] Demand: [4.655]
Reward for thread 4: [-116.69, -86.04, -57.58] -86.77  Inventory: [418.0, 202.0, 42.0]  Order: [6.82, 7.7, 7.77] Demand: [4.9]
Reward for thread 5: [-48.44, -66.01, -46.16] -53.54  Inventory: [52.0, 98.0, 85.0]  Order: [7.2, 7.48, 7.73] Demand: [7.13]

 Algo happo Exp ippo_seed15_formal_v1 updates 67/3000 episodes, total num timesteps 68000/3000000, FPS 118.

Reward for thread 1: [-103.46, -60.61, -47.48] -70.52  Inventory: [0.0, 0.0, 0.0]  Order: [12.45, 12.1, 11.88] Demand: [14.135]
Reward for thread 2: [-177.94, -72.41, -62.55] -104.3  Inventory: [0.0, 0.0, 0.0]  Order: [12.34, 12.26, 12.14] Demand: [15.815]
Reward for thread 3: [-97.28, -147.98, -112.61] -119.29  Inventory: [244.0, 291.0, 112.0]  Order: [4.19, 5.6, 5.98] Demand: [3.14]
Reward for thread 4: [-33.63, -36.95, -29.54] -33.37  Inventory: [37.0, 59.0, 44.0]  Order: [10.14, 10.24, 10.38] Demand: [10.155]
Reward for thread 5: [-50.41, -65.27, -49.15] -54.94  Inventory: [34.0, 231.0, 30.0]  Order: [5.29, 6.36, 6.31] Demand: [5.34]

 Algo happo Exp ippo_seed15_formal_v1 updates 68/3000 episodes, total num timesteps 69000/3000000, FPS 119.

Reward for thread 1: [-44.46, -50.57, -38.45] -44.49  Inventory: [26.0, 164.0, 68.0]  Order: [7.51, 8.17, 8.41] Demand: [7.6]
Reward for thread 2: [-342.84, -188.06, -117.75] -216.22  Inventory: [0.0, 0.0, 19.0]  Order: [13.28, 12.26, 12.32] Demand: [17.36]
Reward for thread 3: [-29.77, -36.24, -27.76] -31.26  Inventory: [0.0, 19.0, 78.0]  Order: [10.7, 10.59, 10.85] Demand: [10.81]
Reward for thread 4: [-38.28, -41.87, -41.18] -40.44  Inventory: [7.0, 0.0, 11.0]  Order: [6.58, 6.42, 6.36] Demand: [6.535]
Reward for thread 5: [-113.17, -95.22, -56.32] -88.24  Inventory: [168.0, 201.0, 14.0]  Order: [8.52, 9.38, 9.35] Demand: [7.905]

 Algo happo Exp ippo_seed15_formal_v1 updates 69/3000 episodes, total num timesteps 70000/3000000, FPS 119.

Reward for thread 1: [-183.83, -64.99, -64.05] -104.29  Inventory: [0.0, 0.0, 0.0]  Order: [12.14, 12.04, 11.9] Demand: [13.225]
Reward for thread 2: [-32.46, -44.15, -61.06] -45.89  Inventory: [0.0, 38.0, 49.0]  Order: [7.05, 7.08, 7.2] Demand: [7.17]
Reward for thread 3: [-50.11, -94.4, -69.49] -71.33  Inventory: [48.0, 213.0, 107.0]  Order: [4.81, 5.66, 6.0] Demand: [4.725]
Reward for thread 4: [-25.84, -36.66, -31.35] -31.28  Inventory: [61.0, 111.0, 40.0]  Order: [6.53, 6.87, 6.98] Demand: [6.37]
Reward for thread 5: [-134.98, -52.17, -54.23] -80.46  Inventory: [0.0, 0.0, 0.0]  Order: [10.84, 10.83, 10.78] Demand: [14.46]

Eval average reward:  -70.94616666666666  Eval ordering fluctuation measurement (downstream to upstream):  [0.8116634915108465, 0.7133131888796626, 0.6134635138532303]

 Algo happo Exp ippo_seed15_formal_v1 updates 70/3000 episodes, total num timesteps 71000/3000000, FPS 118.

Reward for thread 1: [-140.98, -136.07, -90.41] -122.49  Inventory: [332.0, 344.0, 117.0]  Order: [4.14, 5.74, 6.18] Demand: [2.61]
Reward for thread 2: [-88.14, -44.58, -43.36] -58.69  Inventory: [0.0, 0.0, 0.0]  Order: [10.64, 10.47, 10.45] Demand: [10.815]
Reward for thread 3: [-88.32, -85.17, -55.71] -76.4  Inventory: [251.0, 244.0, 106.0]  Order: [6.48, 7.54, 8.0] Demand: [5.33]
Reward for thread 4: [-65.08, -105.34, -61.82] -77.41  Inventory: [80.0, 303.0, 84.0]  Order: [4.33, 5.66, 5.94] Demand: [4.15]
Reward for thread 5: [-45.54, -44.44, -34.81] -41.6  Inventory: [20.0, 14.0, 0.0]  Order: [9.82, 9.88, 9.72] Demand: [9.82]

 Algo happo Exp ippo_seed15_formal_v1 updates 71/3000 episodes, total num timesteps 72000/3000000, FPS 118.

Reward for thread 1: [-104.66, -96.16, -58.77] -86.53  Inventory: [345.0, 231.0, 41.0]  Order: [6.37, 7.39, 7.4] Demand: [4.84]
Reward for thread 2: [-41.51, -40.05, -40.33] -40.63  Inventory: [0.0, 0.0, 1.0]  Order: [8.24, 8.14, 8.22] Demand: [9.13]
Reward for thread 3: [-32.38, -37.08, -33.59] -34.35  Inventory: [0.0, 0.0, 9.0]  Order: [8.57, 8.3, 8.22] Demand: [8.935]
Reward for thread 4: [-43.71, -28.8, -26.96] -33.16  Inventory: [0.0, 11.0, 22.0]  Order: [10.82, 10.74, 10.7] Demand: [12.315]
Reward for thread 5: [-42.71, -55.47, -35.03] -44.4  Inventory: [121.0, 38.0, 63.0]  Order: [9.3, 9.4, 9.62] Demand: [8.89]

 Algo happo Exp ippo_seed15_formal_v1 updates 72/3000 episodes, total num timesteps 73000/3000000, FPS 118.

Reward for thread 1: [-29.67, -31.48, -27.1] -29.42  Inventory: [0.0, 10.0, 14.0]  Order: [11.34, 11.28, 11.29] Demand: [11.705]
Reward for thread 2: [-43.05, -35.77, -25.82] -34.88  Inventory: [0.0, 0.0, 0.0]  Order: [9.93, 9.86, 9.91] Demand: [10.645]
Reward for thread 3: [-37.79, -39.75, -34.16] -37.23  Inventory: [84.0, 50.0, 91.0]  Order: [7.71, 7.76, 8.1] Demand: [7.485]
Reward for thread 4: [-70.27, -140.25, -67.79] -92.77  Inventory: [30.0, 268.0, 25.0]  Order: [4.4, 5.62, 5.63] Demand: [4.355]
Reward for thread 5: [-60.72, -72.56, -74.11] -69.13  Inventory: [127.0, 171.0, 170.0]  Order: [4.54, 5.2, 5.86] Demand: [4.035]

 Algo happo Exp ippo_seed15_formal_v1 updates 73/3000 episodes, total num timesteps 74000/3000000, FPS 118.

Reward for thread 1: [-159.99, -62.76, -52.73] -91.83  Inventory: [0.0, 0.0, 0.0]  Order: [12.62, 12.46, 12.26] Demand: [14.885]
Reward for thread 2: [-27.23, -39.7, -30.92] -32.62  Inventory: [0.0, 0.0, 0.0]  Order: [10.41, 9.86, 9.86] Demand: [9.79]
Reward for thread 3: [-138.03, -63.22, -49.66] -83.64  Inventory: [0.0, 0.0, 1.0]  Order: [12.44, 11.88, 11.92] Demand: [13.435]
Reward for thread 4: [-132.37, -114.82, -119.88] -122.36  Inventory: [442.0, 177.0, 193.0]  Order: [3.96, 4.66, 5.44] Demand: [1.925]
Reward for thread 5: [-53.48, -41.87, -38.76] -44.7  Inventory: [0.0, 0.0, 0.0]  Order: [10.48, 10.54, 10.46] Demand: [11.185]

 Algo happo Exp ippo_seed15_formal_v1 updates 74/3000 episodes, total num timesteps 75000/3000000, FPS 119.

Reward for thread 1: [-169.14, -67.93, -60.99] -99.35  Inventory: [0.0, 0.0, 0.0]  Order: [11.96, 11.74, 11.64] Demand: [13.005]
Reward for thread 2: [-107.04, -56.71, -50.9] -71.55  Inventory: [0.0, 0.0, 0.0]  Order: [11.46, 11.26, 11.19] Demand: [14.13]
Reward for thread 3: [-26.45, -49.95, -33.42] -36.61  Inventory: [33.0, 86.0, 47.0]  Order: [5.26, 5.54, 5.61] Demand: [5.255]
Reward for thread 4: [-75.98, -48.09, -37.76] -53.94  Inventory: [0.0, 0.0, 12.0]  Order: [9.82, 9.55, 9.56] Demand: [11.745]
Reward for thread 5: [-139.82, -92.98, -66.41] -99.74  Inventory: [471.0, 124.0, 62.0]  Order: [5.42, 5.94, 6.14] Demand: [3.285]

Eval average reward:  -89.79616666666665  Eval ordering fluctuation measurement (downstream to upstream):  [0.9386202217028037, 0.6032134196266672, 0.858244063106784]

 Algo happo Exp ippo_seed15_formal_v1 updates 75/3000 episodes, total num timesteps 76000/3000000, FPS 118.

Reward for thread 1: [-51.57, -108.09, -54.17] -71.28  Inventory: [123.0, 280.0, 44.0]  Order: [4.22, 5.44, 5.58] Demand: [3.78]
Reward for thread 2: [-38.22, -37.8, -34.58] -36.87  Inventory: [110.0, 36.0, 56.0]  Order: [8.62, 8.61, 8.7] Demand: [8.245]
Reward for thread 3: [-46.84, -81.06, -51.63] -59.84  Inventory: [27.0, 246.0, 39.0]  Order: [4.06, 5.2, 5.18] Demand: [4.125]
Reward for thread 4: [-119.08, -61.4, -58.64] -79.71  Inventory: [467.0, 100.0, 28.0]  Order: [6.7, 7.05, 7.0] Demand: [4.55]
Reward for thread 5: [-60.65, -44.29, -34.0] -46.31  Inventory: [0.0, 0.0, 0.0]  Order: [9.12, 9.33, 9.23] Demand: [10.33]

 Algo happo Exp ippo_seed15_formal_v1 updates 76/3000 episodes, total num timesteps 77000/3000000, FPS 118.

Reward for thread 1: [-23.41, -38.25, -26.86] -29.51  Inventory: [0.0, 88.0, 25.0]  Order: [7.7, 7.92, 7.98] Demand: [7.865]
Reward for thread 2: [-84.04, -38.76, -39.26] -54.02  Inventory: [0.0, 0.0, 0.0]  Order: [10.0, 9.95, 9.91] Demand: [12.8]
Reward for thread 3: [-61.51, -47.83, -42.85] -50.73  Inventory: [31.0, 70.0, 45.0]  Order: [8.78, 9.01, 9.04] Demand: [8.655]
Reward for thread 4: [-110.66, -42.1, -40.01] -64.26  Inventory: [0.0, 2.0, 0.0]  Order: [10.8, 10.8, 10.86] Demand: [12.795]
Reward for thread 5: [-73.9, -38.99, -40.29] -51.06  Inventory: [0.0, 0.0, 0.0]  Order: [11.77, 11.78, 11.64] Demand: [12.47]

 Algo happo Exp ippo_seed15_formal_v1 updates 77/3000 episodes, total num timesteps 78000/3000000, FPS 118.

Reward for thread 1: [-81.27, -58.48, -41.49] -60.41  Inventory: [0.0, 234.0, 13.0]  Order: [9.6, 10.65, 10.7] Demand: [9.775]
Reward for thread 2: [-53.53, -135.99, -58.7] -82.74  Inventory: [27.0, 435.0, 52.0]  Order: [3.54, 5.52, 5.62] Demand: [3.605]
Reward for thread 3: [-128.99, -50.84, -48.37] -76.07  Inventory: [0.0, 0.0, 0.0]  Order: [11.14, 10.98, 10.91] Demand: [14.025]
Reward for thread 4: [-28.83, -44.87, -33.34] -35.68  Inventory: [0.0, 19.0, 27.0]  Order: [6.88, 6.84, 6.77] Demand: [7.015]
Reward for thread 5: [-133.4, -71.88, -56.56] -87.28  Inventory: [0.0, 12.0, 0.0]  Order: [9.26, 9.34, 9.16] Demand: [11.035]

 Algo happo Exp ippo_seed15_formal_v1 updates 78/3000 episodes, total num timesteps 79000/3000000, FPS 118.

Reward for thread 1: [-32.48, -29.65, -30.13] -30.75  Inventory: [0.0, 50.0, 19.0]  Order: [10.09, 10.2, 10.11] Demand: [10.08]
Reward for thread 2: [-88.19, -120.33, -63.44] -90.65  Inventory: [225.0, 381.0, 66.0]  Order: [5.34, 7.06, 7.26] Demand: [4.46]
Reward for thread 3: [-85.47, -62.15, -46.12] -64.58  Inventory: [0.0, 0.0, 0.0]  Order: [8.36, 8.46, 8.36] Demand: [10.88]
Reward for thread 4: [-48.08, -29.41, -31.05] -36.18  Inventory: [0.0, 11.0, 0.0]  Order: [11.7, 11.76, 11.76] Demand: [12.635]
Reward for thread 5: [-98.09, -51.6, -45.29] -64.99  Inventory: [0.0, 0.0, 17.0]  Order: [10.39, 10.32, 10.26] Demand: [11.685]

 Algo happo Exp ippo_seed15_formal_v1 updates 79/3000 episodes, total num timesteps 80000/3000000, FPS 119.

Reward for thread 1: [-47.98, -29.42, -30.05] -35.82  Inventory: [0.0, 41.0, 37.0]  Order: [8.62, 8.7, 8.78] Demand: [10.55]
Reward for thread 2: [-44.51, -43.26, -46.68] -44.82  Inventory: [162.0, 103.0, 113.0]  Order: [5.35, 5.64, 6.02] Demand: [4.765]
Reward for thread 3: [-25.45, -33.59, -29.79] -29.61  Inventory: [61.0, 0.0, 0.0]  Order: [7.84, 7.82, 7.72] Demand: [7.435]
Reward for thread 4: [-57.4, -90.95, -57.43] -68.59  Inventory: [41.0, 248.0, 72.0]  Order: [4.99, 6.04, 6.2] Demand: [4.98]
Reward for thread 5: [-311.5, -107.64, -96.48] -171.87  Inventory: [0.0, 23.0, 13.0]  Order: [12.21, 12.19, 12.1] Demand: [16.955]

Eval average reward:  -103.89033333333333  Eval ordering fluctuation measurement (downstream to upstream):  [0.9220403949190796, 0.8883993997487023, 1.2504460852161026]

 Algo happo Exp ippo_seed15_formal_v1 updates 80/3000 episodes, total num timesteps 81000/3000000, FPS 118.

Reward for thread 1: [-31.04, -54.99, -64.65] -50.23  Inventory: [15.0, 151.0, 82.0]  Order: [4.07, 4.67, 4.89] Demand: [4.21]
Reward for thread 2: [-22.92, -42.08, -41.12] -35.37  Inventory: [6.0, 108.0, 43.0]  Order: [4.88, 5.36, 5.45] Demand: [5.065]
Reward for thread 3: [-21.1, -32.44, -32.39] -28.64  Inventory: [3.0, 54.0, 44.0]  Order: [7.0, 7.11, 7.12] Demand: [7.115]
Reward for thread 4: [-77.77, -39.24, -39.99] -52.33  Inventory: [0.0, 0.0, 0.0]  Order: [11.37, 11.36, 11.42] Demand: [12.705]
Reward for thread 5: [-134.09, -62.48, -47.83] -81.47  Inventory: [0.0, 0.0, 0.0]  Order: [12.44, 12.56, 12.42] Demand: [14.94]

 Algo happo Exp ippo_seed15_formal_v1 updates 81/3000 episodes, total num timesteps 82000/3000000, FPS 118.

Reward for thread 1: [-128.42, -48.52, -45.52] -74.15  Inventory: [0.0, 0.0, 14.0]  Order: [11.3, 11.21, 11.19] Demand: [12.355]
Reward for thread 2: [-21.04, -35.11, -31.85] -29.33  Inventory: [0.0, 0.0, 0.0]  Order: [6.62, 6.58, 6.36] Demand: [6.625]
Reward for thread 3: [-28.8, -47.71, -34.08] -36.86  Inventory: [9.0, 92.0, 42.0]  Order: [6.23, 6.48, 6.49] Demand: [6.36]
Reward for thread 4: [-22.0, -34.9, -27.44] -28.11  Inventory: [3.0, 68.0, 45.0]  Order: [6.33, 6.44, 6.46] Demand: [6.505]
Reward for thread 5: [-179.66, -63.04, -58.82] -100.51  Inventory: [0.0, 0.0, 0.0]  Order: [11.08, 11.12, 11.02] Demand: [15.565]

 Algo happo Exp ippo_seed15_formal_v1 updates 82/3000 episodes, total num timesteps 83000/3000000, FPS 118.

Reward for thread 1: [-28.37, -54.55, -32.81] -38.58  Inventory: [26.0, 195.0, 19.0]  Order: [6.04, 6.82, 6.76] Demand: [6.135]
Reward for thread 2: [-63.24, -92.2, -49.13] -68.19  Inventory: [120.0, 258.0, 37.0]  Order: [3.68, 4.79, 4.78] Demand: [3.275]
Reward for thread 3: [-22.24, -44.77, -33.47] -33.49  Inventory: [6.0, 174.0, 52.0]  Order: [6.1, 6.8, 6.84] Demand: [6.325]
Reward for thread 4: [-25.87, -36.27, -29.96] -30.7  Inventory: [1.0, 41.0, 52.0]  Order: [7.36, 7.44, 7.47] Demand: [7.44]
Reward for thread 5: [-158.78, -58.37, -56.14] -91.1  Inventory: [0.0, 18.0, 27.0]  Order: [11.12, 11.13, 11.12] Demand: [14.24]

 Algo happo Exp ippo_seed15_formal_v1 updates 83/3000 episodes, total num timesteps 84000/3000000, FPS 119.

Reward for thread 1: [-224.27, -90.26, -72.62] -129.05  Inventory: [0.0, 18.0, 0.0]  Order: [12.24, 12.33, 12.37] Demand: [14.44]
Reward for thread 2: [-21.94, -37.46, -31.24] -30.21  Inventory: [3.0, 56.0, 59.0]  Order: [7.78, 7.86, 7.92] Demand: [7.9]
Reward for thread 3: [-26.24, -52.73, -43.96] -40.98  Inventory: [4.0, 175.0, 39.0]  Order: [4.2, 4.91, 4.96] Demand: [4.365]
Reward for thread 4: [-18.4, -35.05, -32.09] -28.51  Inventory: [0.0, 8.0, 21.0]  Order: [6.26, 6.23, 6.24] Demand: [6.285]
Reward for thread 5: [-20.49, -40.92, -29.52] -30.31  Inventory: [0.0, 77.0, 57.0]  Order: [6.3, 6.5, 6.65] Demand: [6.43]

 Algo happo Exp ippo_seed15_formal_v1 updates 84/3000 episodes, total num timesteps 85000/3000000, FPS 119.

Reward for thread 1: [-25.22, -46.1, -33.18] -34.83  Inventory: [16.0, 181.0, 23.0]  Order: [5.3, 6.02, 5.98] Demand: [5.465]
Reward for thread 2: [-23.95, -42.28, -32.78] -33.0  Inventory: [14.0, 20.0, 56.0]  Order: [6.22, 6.13, 6.22] Demand: [6.24]
Reward for thread 3: [-21.13, -30.31, -32.87] -28.1  Inventory: [0.0, 7.0, 24.0]  Order: [6.72, 6.74, 6.74] Demand: [6.81]
Reward for thread 4: [-326.32, -94.39, -94.37] -171.69  Inventory: [0.0, 6.0, 2.0]  Order: [11.28, 11.34, 11.34] Demand: [15.685]
Reward for thread 5: [-44.38, -72.73, -64.17] -60.43  Inventory: [65.0, 199.0, 115.0]  Order: [4.85, 5.66, 6.02] Demand: [4.745]

Eval average reward:  -127.18275  Eval ordering fluctuation measurement (downstream to upstream):  [0.7281366025247851, 0.9992196126772743, 0.9634518534512448]

 Algo happo Exp ippo_seed15_formal_v1 updates 85/3000 episodes, total num timesteps 86000/3000000, FPS 118.

Reward for thread 1: [-25.25, -29.37, -29.93] -28.18  Inventory: [0.0, 0.0, 0.0]  Order: [8.2, 8.07, 7.99] Demand: [8.65]
Reward for thread 2: [-295.48, -91.34, -87.24] -158.02  Inventory: [0.0, 21.0, 35.0]  Order: [11.42, 11.46, 11.52] Demand: [14.525]
Reward for thread 3: [-313.92, -94.92, -94.02] -167.62  Inventory: [0.0, 0.0, 1.0]  Order: [11.7, 11.64, 11.7] Demand: [13.165]
Reward for thread 4: [-45.31, -34.02, -41.05] -40.13  Inventory: [0.0, 0.0, 33.0]  Order: [8.15, 8.09, 8.06] Demand: [8.81]
Reward for thread 5: [-108.94, -55.2, -55.04] -73.06  Inventory: [0.0, 0.0, 41.0]  Order: [9.57, 9.54, 9.61] Demand: [11.605]

 Algo happo Exp ippo_seed15_formal_v1 updates 86/3000 episodes, total num timesteps 87000/3000000, FPS 118.

Reward for thread 1: [-27.38, -45.75, -46.08] -39.74  Inventory: [23.0, 142.0, 141.0]  Order: [5.32, 5.82, 6.38] Demand: [5.45]
Reward for thread 2: [-61.35, -45.78, -38.63] -48.59  Inventory: [0.0, 0.0, 0.0]  Order: [10.64, 10.52, 10.38] Demand: [11.545]
Reward for thread 3: [-124.62, -48.52, -45.99] -73.04  Inventory: [0.0, 0.0, 5.0]  Order: [10.52, 10.3, 10.27] Demand: [13.795]
Reward for thread 4: [-34.13, -49.48, -29.62] -37.74  Inventory: [0.0, 154.0, 34.0]  Order: [7.37, 7.98, 7.93] Demand: [7.59]
Reward for thread 5: [-256.38, -83.26, -85.35] -141.66  Inventory: [0.0, 0.0, 0.0]  Order: [10.88, 10.88, 10.82] Demand: [15.82]

 Algo happo Exp ippo_seed15_formal_v1 updates 87/3000 episodes, total num timesteps 88000/3000000, FPS 118.

Reward for thread 1: [-95.07, -114.3, -78.36] -95.91  Inventory: [276.0, 244.0, 59.0]  Order: [2.66, 3.76, 3.92] Demand: [1.485]
Reward for thread 2: [-145.99, -51.65, -50.46] -82.7  Inventory: [0.0, 0.0, 5.0]  Order: [10.66, 10.62, 10.68] Demand: [12.7]
Reward for thread 3: [-21.24, -33.7, -27.88] -27.61  Inventory: [0.0, 160.0, 27.0]  Order: [7.7, 8.35, 8.31] Demand: [7.845]
Reward for thread 4: [-36.23, -93.81, -50.08] -60.04  Inventory: [3.0, 331.0, 50.0]  Order: [3.12, 4.61, 4.68] Demand: [3.31]
Reward for thread 5: [-38.05, -39.7, -38.61] -38.79  Inventory: [5.0, 14.0, 78.0]  Order: [8.56, 8.52, 8.83] Demand: [8.665]

 Algo happo Exp ippo_seed15_formal_v1 updates 88/3000 episodes, total num timesteps 89000/3000000, FPS 119.

Reward for thread 1: [-20.64, -31.57, -30.68] -27.63  Inventory: [3.0, 15.0, 23.0]  Order: [7.75, 7.7, 7.72] Demand: [7.885]
Reward for thread 2: [-31.1, -39.65, -37.32] -36.02  Inventory: [0.0, 49.0, 69.0]  Order: [8.71, 8.72, 8.94] Demand: [8.885]
Reward for thread 3: [-26.3, -29.72, -27.6] -27.87  Inventory: [9.0, 45.0, 56.0]  Order: [7.72, 7.77, 7.86] Demand: [7.835]
Reward for thread 4: [-29.57, -48.48, -68.45] -48.83  Inventory: [43.0, 49.0, 116.0]  Order: [4.92, 4.98, 5.41] Demand: [4.95]
Reward for thread 5: [-26.59, -33.51, -27.4] -29.17  Inventory: [13.0, 96.0, 75.0]  Order: [8.43, 8.68, 8.83] Demand: [8.485]

 Algo happo Exp ippo_seed15_formal_v1 updates 89/3000 episodes, total num timesteps 90000/3000000, FPS 119.

Reward for thread 1: [-29.61, -30.99, -26.62] -29.07  Inventory: [114.0, 24.0, 27.0]  Order: [9.42, 9.53, 9.6] Demand: [9.035]
Reward for thread 2: [-257.53, -86.79, -78.18] -140.83  Inventory: [0.0, 16.0, 59.0]  Order: [12.24, 12.12, 12.24] Demand: [15.83]
Reward for thread 3: [-26.92, -40.35, -41.96] -36.41  Inventory: [15.0, 76.0, 71.0]  Order: [5.98, 6.14, 6.3] Demand: [6.135]
Reward for thread 4: [-17.22, -21.88, -24.39] -21.16  Inventory: [12.0, 37.0, 34.0]  Order: [8.83, 8.82, 8.88] Demand: [8.795]
Reward for thread 5: [-28.35, -35.63, -42.12] -35.37  Inventory: [3.0, 78.0, 155.0]  Order: [7.24, 7.42, 8.11] Demand: [7.46]

Eval average reward:  -117.022  Eval ordering fluctuation measurement (downstream to upstream):  [0.7487749610613761, 0.937416724553046, 1.1960041867322286]

 Algo happo Exp ippo_seed15_formal_v1 updates 90/3000 episodes, total num timesteps 91000/3000000, FPS 118.

Reward for thread 1: [-68.03, -73.02, -77.38] -72.81  Inventory: [0.0, 0.0, 42.0]  Order: [6.67, 6.52, 6.57] Demand: [8.64]
Reward for thread 2: [-143.3, -49.66, -49.12] -80.69  Inventory: [0.0, 0.0, 2.0]  Order: [11.48, 11.39, 11.52] Demand: [13.405]
Reward for thread 3: [-24.7, -26.96, -28.65] -26.77  Inventory: [0.0, 0.0, 19.0]  Order: [8.72, 8.6, 8.54] Demand: [8.775]
Reward for thread 4: [-57.69, -64.0, -100.93] -74.21  Inventory: [77.0, 149.0, 183.0]  Order: [4.07, 4.68, 5.44] Demand: [3.84]
Reward for thread 5: [-30.67, -38.75, -37.89] -35.77  Inventory: [13.0, 106.0, 38.0]  Order: [4.85, 5.2, 5.28] Demand: [4.99]

 Algo happo Exp ippo_seed15_formal_v1 updates 91/3000 episodes, total num timesteps 92000/3000000, FPS 118.

Reward for thread 1: [-19.76, -23.31, -29.16] -24.08  Inventory: [0.0, 0.0, 0.0]  Order: [8.58, 8.49, 8.37] Demand: [8.82]
Reward for thread 2: [-34.49, -53.65, -55.83] -47.99  Inventory: [0.0, 50.0, 124.0]  Order: [4.88, 4.95, 5.36] Demand: [4.96]
Reward for thread 3: [-25.06, -30.02, -26.67] -27.25  Inventory: [22.0, 97.0, 33.0]  Order: [8.13, 8.51, 8.51] Demand: [8.19]
Reward for thread 4: [-74.57, -42.57, -45.36] -54.17  Inventory: [0.0, 0.0, 0.0]  Order: [10.3, 10.2, 10.1] Demand: [12.405]
Reward for thread 5: [-25.7, -35.38, -36.93] -32.67  Inventory: [54.0, 111.0, 83.0]  Order: [5.38, 5.76, 6.0] Demand: [5.34]

 Algo happo Exp ippo_seed15_formal_v1 updates 92/3000 episodes, total num timesteps 93000/3000000, FPS 118.

Reward for thread 1: [-74.94, -197.53, -74.3] -115.59  Inventory: [9.0, 539.0, 41.0]  Order: [2.04, 4.58, 4.63] Demand: [2.205]
Reward for thread 2: [-23.24, -24.79, -26.12] -24.72  Inventory: [12.0, 44.0, 24.0]  Order: [8.03, 8.04, 8.04] Demand: [8.22]
Reward for thread 3: [-45.69, -27.53, -27.65] -33.62  Inventory: [0.0, 0.0, 5.0]  Order: [11.28, 11.22, 11.08] Demand: [12.39]
Reward for thread 4: [-41.36, -107.98, -54.97] -68.1  Inventory: [26.0, 366.0, 44.0]  Order: [3.56, 5.18, 5.22] Demand: [3.665]
Reward for thread 5: [-20.11, -41.6, -31.93] -31.21  Inventory: [10.0, 127.0, 35.0]  Order: [5.83, 6.27, 6.28] Demand: [5.97]

 Algo happo Exp ippo_seed15_formal_v1 updates 93/3000 episodes, total num timesteps 94000/3000000, FPS 119.

Reward for thread 1: [-19.98, -32.67, -34.26] -28.97  Inventory: [5.0, 0.0, 16.0]  Order: [6.69, 6.65, 6.56] Demand: [6.675]
Reward for thread 2: [-26.07, -26.05, -24.46] -25.53  Inventory: [9.0, 97.0, 34.0]  Order: [8.75, 9.05, 9.07] Demand: [8.925]
Reward for thread 3: [-16.93, -31.05, -27.65] -25.21  Inventory: [12.0, 92.0, 30.0]  Order: [6.1, 6.34, 6.34] Demand: [6.27]
Reward for thread 4: [-95.82, -54.79, -46.66] -65.76  Inventory: [0.0, 0.0, 0.0]  Order: [10.72, 10.56, 10.36] Demand: [12.21]
Reward for thread 5: [-399.36, -115.6, -116.71] -210.56  Inventory: [0.0, 0.0, 2.0]  Order: [10.98, 10.9, 10.82] Demand: [17.1]

 Algo happo Exp ippo_seed15_formal_v1 updates 94/3000 episodes, total num timesteps 95000/3000000, FPS 119.

Reward for thread 1: [-179.83, -65.08, -62.03] -102.31  Inventory: [0.0, 41.0, 40.0]  Order: [11.04, 11.08, 11.2] Demand: [15.415]
Reward for thread 2: [-116.46, -58.13, -49.07] -74.55  Inventory: [0.0, 0.0, 6.0]  Order: [10.81, 10.64, 10.66] Demand: [13.315]
Reward for thread 3: [-31.39, -43.08, -38.32] -37.6  Inventory: [0.0, 4.0, 65.0]  Order: [8.32, 8.18, 8.31] Demand: [8.505]
Reward for thread 4: [-28.37, -60.69, -41.4] -43.49  Inventory: [14.0, 249.0, 35.0]  Order: [5.88, 7.0, 7.01] Demand: [6.035]
Reward for thread 5: [-33.52, -47.04, -34.4] -38.32  Inventory: [20.0, 200.0, 16.0]  Order: [6.58, 7.47, 7.34] Demand: [6.73]

Eval average reward:  -86.67783333333334  Eval ordering fluctuation measurement (downstream to upstream):  [0.996608183006013, 0.7601476188848594, 1.0614056897951776]

 Algo happo Exp ippo_seed15_formal_v1 updates 95/3000 episodes, total num timesteps 96000/3000000, FPS 118.

Reward for thread 1: [-312.87, -95.67, -93.8] -167.45  Inventory: [0.0, 35.0, 44.0]  Order: [12.13, 12.18, 12.36] Demand: [17.8]
Reward for thread 2: [-30.12, -42.24, -34.6] -35.65  Inventory: [0.0, 31.0, 24.0]  Order: [6.9, 7.04, 7.06] Demand: [6.995]
Reward for thread 3: [-296.88, -95.22, -88.2] -160.1  Inventory: [0.0, 0.0, 0.0]  Order: [12.21, 12.1, 11.98] Demand: [15.065]
Reward for thread 4: [-130.34, -53.38, -52.54] -78.75  Inventory: [0.0, 0.0, 26.0]  Order: [10.54, 10.48, 10.46] Demand: [14.11]
Reward for thread 5: [-19.2, -30.81, -32.52] -27.51  Inventory: [0.0, 53.0, 60.0]  Order: [5.84, 5.9, 6.04] Demand: [5.99]

 Algo happo Exp ippo_seed15_formal_v1 updates 96/3000 episodes, total num timesteps 97000/3000000, FPS 118.

Reward for thread 1: [-45.64, -34.87, -36.86] -39.12  Inventory: [0.0, 0.0, 0.0]  Order: [11.11, 11.19, 10.88] Demand: [11.375]
Reward for thread 2: [-20.28, -24.43, -28.59] -24.43  Inventory: [14.0, 59.0, 40.0]  Order: [7.74, 7.83, 7.82] Demand: [7.905]
Reward for thread 3: [-116.26, -50.63, -43.31] -70.07  Inventory: [0.0, 0.0, 0.0]  Order: [12.08, 11.94, 11.87] Demand: [11.785]
Reward for thread 4: [-23.07, -38.33, -31.37] -30.92  Inventory: [3.0, 67.0, 39.0]  Order: [6.2, 6.34, 6.38] Demand: [6.365]
Reward for thread 5: [-70.25, -52.11, -41.22] -54.53  Inventory: [0.0, 0.0, 0.0]  Order: [9.48, 9.1, 9.04] Demand: [10.62]

 Algo happo Exp ippo_seed15_formal_v1 updates 97/3000 episodes, total num timesteps 98000/3000000, FPS 118.

Reward for thread 1: [-25.05, -34.42, -30.97] -30.15  Inventory: [0.0, 0.0, 0.0]  Order: [8.44, 8.41, 8.27] Demand: [8.575]
Reward for thread 2: [-32.29, -41.67, -32.83] -35.6  Inventory: [0.0, 0.0, 0.0]  Order: [7.93, 7.96, 7.94] Demand: [8.745]
Reward for thread 3: [-111.7, -51.86, -45.29] -69.62  Inventory: [0.0, 0.0, 0.0]  Order: [11.18, 11.27, 11.22] Demand: [13.465]
Reward for thread 4: [-44.65, -57.56, -36.83] -46.35  Inventory: [7.0, 124.0, 49.0]  Order: [8.14, 8.58, 8.62] Demand: [8.35]
Reward for thread 5: [-32.04, -57.71, -48.72] -46.16  Inventory: [32.0, 219.0, 64.0]  Order: [3.13, 4.01, 4.11] Demand: [3.22]

 Algo happo Exp ippo_seed15_formal_v1 updates 98/3000 episodes, total num timesteps 99000/3000000, FPS 118.

Reward for thread 1: [-157.72, -50.29, -50.67] -86.23  Inventory: [0.0, 0.0, 0.0]  Order: [11.5, 11.54, 11.46] Demand: [11.65]
Reward for thread 2: [-280.92, -98.62, -93.55] -157.7  Inventory: [0.0, 0.0, 0.0]  Order: [12.06, 12.18, 12.1] Demand: [15.225]
Reward for thread 3: [-27.25, -68.2, -43.36] -46.27  Inventory: [0.0, 145.0, 44.0]  Order: [4.82, 5.32, 5.3] Demand: [5.035]
Reward for thread 4: [-13.36, -20.56, -22.49] -18.8  Inventory: [1.0, 4.0, 0.0]  Order: [7.72, 7.75, 7.7] Demand: [7.81]
Reward for thread 5: [-42.32, -93.48, -49.78] -61.86  Inventory: [26.0, 313.0, 86.0]  Order: [4.03, 5.4, 5.64] Demand: [4.15]

 Algo happo Exp ippo_seed15_formal_v1 updates 99/3000 episodes, total num timesteps 100000/3000000, FPS 119.

Reward for thread 1: [-22.52, -48.19, -30.91] -33.87  Inventory: [15.0, 187.0, 23.0]  Order: [4.28, 5.04, 5.04] Demand: [4.43]
Reward for thread 2: [-36.22, -24.11, -22.87] -27.73  Inventory: [0.0, 0.0, 0.0]  Order: [10.38, 10.44, 10.41] Demand: [10.925]
Reward for thread 3: [-54.67, -24.99, -26.99] -35.55  Inventory: [18.0, 15.0, 0.0]  Order: [10.47, 10.58, 10.6] Demand: [10.42]
Reward for thread 4: [-155.68, -52.25, -53.22] -87.05  Inventory: [0.0, 0.0, 0.0]  Order: [10.79, 10.72, 10.68] Demand: [14.56]
Reward for thread 5: [-153.78, -53.99, -53.61] -87.13  Inventory: [0.0, 0.0, 0.0]  Order: [11.16, 11.12, 10.98] Demand: [15.115]

Eval average reward:  -50.448416666666674  Eval ordering fluctuation measurement (downstream to upstream):  [0.9081373183134638, 0.7064512636305438, 1.2079754197265078]
A better model is saved!

 Algo happo Exp ippo_seed15_formal_v1 updates 100/3000 episodes, total num timesteps 101000/3000000, FPS 118.

Reward for thread 1: [-16.36, -25.92, -24.15] -22.14  Inventory: [0.0, 0.0, 2.0]  Order: [8.64, 8.56, 8.52] Demand: [8.7]
Reward for thread 2: [-26.41, -59.69, -36.39] -40.83  Inventory: [10.0, 297.0, 31.0]  Order: [4.36, 5.66, 5.7] Demand: [4.565]
Reward for thread 3: [-18.17, -35.07, -30.79] -28.01  Inventory: [21.0, 20.0, 6.0]  Order: [4.61, 4.79, 4.93] Demand: [4.645]
Reward for thread 4: [-19.81, -31.23, -25.95] -25.66  Inventory: [2.0, 48.0, 20.0]  Order: [6.75, 6.82, 6.68] Demand: [6.88]
Reward for thread 5: [-247.22, -73.42, -74.78] -131.81  Inventory: [0.0, 0.0, 43.0]  Order: [12.24, 12.07, 12.14] Demand: [16.22]

 Algo happo Exp ippo_seed15_formal_v1 updates 101/3000 episodes, total num timesteps 102000/3000000, FPS 118.

Reward for thread 1: [-18.8, -31.73, -28.37] -26.3  Inventory: [24.0, 70.0, 64.0]  Order: [5.92, 6.04, 6.14] Demand: [6.025]
Reward for thread 2: [-114.87, -65.85, -55.11] -78.61  Inventory: [62.0, 127.0, 42.0]  Order: [8.88, 9.33, 9.34] Demand: [8.79]
Reward for thread 3: [-16.29, -25.75, -28.27] -23.44  Inventory: [7.0, 12.0, 0.0]  Order: [6.97, 7.1, 7.08] Demand: [7.015]
Reward for thread 4: [-25.14, -46.84, -38.84] -36.94  Inventory: [0.0, 162.0, 77.0]  Order: [5.59, 6.19, 6.38] Demand: [5.795]
Reward for thread 5: [-21.11, -32.82, -26.33] -26.75  Inventory: [9.0, 60.0, 8.0]  Order: [7.05, 7.18, 7.04] Demand: [7.23]

 Algo happo Exp ippo_seed15_formal_v1 updates 102/3000 episodes, total num timesteps 103000/3000000, FPS 118.

Reward for thread 1: [-60.43, -44.7, -34.68] -46.6  Inventory: [0.0, 19.0, 50.0]  Order: [9.9, 9.85, 9.88] Demand: [11.635]
Reward for thread 2: [-33.98, -36.55, -34.84] -35.12  Inventory: [0.0, 26.0, 66.0]  Order: [10.04, 9.98, 10.12] Demand: [10.34]
Reward for thread 3: [-27.05, -44.54, -33.7] -35.1  Inventory: [0.0, 0.0, 10.0]  Order: [8.51, 8.47, 8.44] Demand: [8.435]
Reward for thread 4: [-31.31, -77.39, -38.58] -49.09  Inventory: [7.0, 227.0, 18.0]  Order: [5.24, 6.16, 6.03] Demand: [5.41]
Reward for thread 5: [-22.23, -42.04, -29.67] -31.31  Inventory: [0.0, 0.0, 0.0]  Order: [7.88, 7.78, 7.61] Demand: [7.585]

 Algo happo Exp ippo_seed15_formal_v1 updates 103/3000 episodes, total num timesteps 104000/3000000, FPS 119.

Reward for thread 1: [-218.16, -68.51, -66.83] -117.83  Inventory: [0.0, 0.0, 0.0]  Order: [12.45, 12.37, 12.25] Demand: [16.31]
Reward for thread 2: [-20.15, -35.11, -30.6] -28.62  Inventory: [2.0, 80.0, 36.0]  Order: [6.53, 6.72, 6.7] Demand: [6.65]
Reward for thread 3: [-18.75, -30.15, -26.1] -25.0  Inventory: [0.0, 12.0, 24.0]  Order: [7.94, 7.84, 7.78] Demand: [8.01]
Reward for thread 4: [-24.54, -56.22, -34.01] -38.26  Inventory: [0.0, 173.0, 28.0]  Order: [5.39, 6.07, 6.09] Demand: [5.57]
Reward for thread 5: [-157.0, -56.54, -54.03] -89.19  Inventory: [0.0, 0.0, 0.0]  Order: [12.91, 13.01, 12.97] Demand: [13.37]

 Algo happo Exp ippo_seed15_formal_v1 updates 104/3000 episodes, total num timesteps 105000/3000000, FPS 119.

Reward for thread 1: [-53.72, -38.54, -28.4] -40.22  Inventory: [0.0, 0.0, 0.0]  Order: [11.26, 11.2, 11.22] Demand: [11.99]
Reward for thread 2: [-137.22, -55.25, -55.03] -82.5  Inventory: [0.0, 0.0, 0.0]  Order: [12.53, 12.48, 12.44] Demand: [13.58]
Reward for thread 3: [-79.43, -41.1, -41.2] -53.91  Inventory: [0.0, 0.0, 0.0]  Order: [10.42, 10.43, 10.45] Demand: [13.]
Reward for thread 4: [-122.87, -48.32, -49.7] -73.63  Inventory: [0.0, 0.0, 0.0]  Order: [12.49, 12.44, 12.47] Demand: [12.65]
Reward for thread 5: [-329.23, -103.1, -97.71] -176.68  Inventory: [0.0, 0.0, 0.0]  Order: [13.1, 12.96, 12.86] Demand: [16.395]

Eval average reward:  -51.63475  Eval ordering fluctuation measurement (downstream to upstream):  [0.9964631478635798, 0.7130876000294977, 1.2252025931586572]

 Algo happo Exp ippo_seed15_formal_v1 updates 105/3000 episodes, total num timesteps 106000/3000000, FPS 118.

Reward for thread 1: [-16.71, -29.94, -24.81] -23.82  Inventory: [6.0, 36.0, 62.0]  Order: [6.26, 6.24, 6.39] Demand: [6.405]
Reward for thread 2: [-51.83, -34.58, -32.5] -39.64  Inventory: [6.0, 70.0, 33.0]  Order: [10.84, 10.97, 10.9] Demand: [10.99]
Reward for thread 3: [-28.31, -37.25, -31.24] -32.27  Inventory: [0.0, 48.0, 25.0]  Order: [7.41, 7.44, 7.44] Demand: [7.54]
Reward for thread 4: [-21.68, -42.07, -31.32] -31.69  Inventory: [0.0, 0.0, 0.0]  Order: [5.36, 5.2, 5.22] Demand: [5.48]
Reward for thread 5: [-53.41, -36.23, -29.38] -39.67  Inventory: [47.0, 61.0, 19.0]  Order: [9.02, 9.23, 9.18] Demand: [9.03]

 Algo happo Exp ippo_seed15_formal_v1 updates 106/3000 episodes, total num timesteps 107000/3000000, FPS 118.

Reward for thread 1: [-49.29, -36.59, -31.29] -39.06  Inventory: [0.0, 0.0, 0.0]  Order: [11.23, 11.35, 11.06] Demand: [12.66]
Reward for thread 2: [-27.59, -63.33, -40.31] -43.74  Inventory: [5.0, 175.0, 43.0]  Order: [3.38, 4.11, 4.12] Demand: [3.605]
Reward for thread 3: [-45.45, -90.28, -54.4] -63.38  Inventory: [60.0, 316.0, 55.0]  Order: [3.12, 4.47, 4.59] Demand: [3.07]
Reward for thread 4: [-26.08, -41.54, -29.64] -32.42  Inventory: [14.0, 27.0, 0.0]  Order: [6.44, 6.39, 6.4] Demand: [6.535]
Reward for thread 5: [-50.1, -34.75, -31.17] -38.67  Inventory: [0.0, 0.0, 0.0]  Order: [11.04, 11.02, 10.9] Demand: [11.51]

 Algo happo Exp ippo_seed15_formal_v1 updates 107/3000 episodes, total num timesteps 108000/3000000, FPS 119.

Reward for thread 1: [-21.06, -30.08, -25.96] -25.7  Inventory: [0.0, 5.0, 1.0]  Order: [7.96, 7.98, 8.1] Demand: [8.095]
Reward for thread 2: [-63.55, -35.86, -36.78] -45.4  Inventory: [0.0, 0.0, 0.0]  Order: [11.18, 11.2, 11.1] Demand: [12.915]
Reward for thread 3: [-23.66, -25.76, -25.1] -24.84  Inventory: [28.0, 39.0, 11.0]  Order: [10.41, 10.5, 10.34] Demand: [10.38]
Reward for thread 4: [-169.23, -63.72, -64.28] -99.08  Inventory: [0.0, 0.0, 0.0]  Order: [12.66, 12.8, 12.48] Demand: [12.785]
Reward for thread 5: [-19.6, -40.36, -29.92] -29.96  Inventory: [24.0, 41.0, 39.0]  Order: [5.24, 5.29, 5.27] Demand: [5.335]

 Algo happo Exp ippo_seed15_formal_v1 updates 108/3000 episodes, total num timesteps 109000/3000000, FPS 119.

Reward for thread 1: [-21.42, -28.51, -24.81] -24.91  Inventory: [0.0, 31.0, 33.0]  Order: [8.8, 8.9, 9.02] Demand: [8.88]
Reward for thread 2: [-25.95, -23.69, -22.49] -24.04  Inventory: [13.0, 12.0, 2.0]  Order: [9.54, 9.52, 9.52] Demand: [9.55]
Reward for thread 3: [-107.5, -47.34, -44.53] -66.46  Inventory: [16.0, 20.0, 19.0]  Order: [12.29, 12.28, 12.3] Demand: [12.225]
Reward for thread 4: [-23.36, -31.59, -29.31] -28.09  Inventory: [17.0, 53.0, 2.0]  Order: [7.74, 7.81, 7.9] Demand: [7.88]
Reward for thread 5: [-266.3, -84.53, -83.4] -144.74  Inventory: [0.0, 0.0, 5.0]  Order: [12.28, 12.15, 12.12] Demand: [17.3]

 Algo happo Exp ippo_seed15_formal_v1 updates 109/3000 episodes, total num timesteps 110000/3000000, FPS 119.

Reward for thread 1: [-26.54, -42.6, -32.81] -33.98  Inventory: [0.0, 0.0, 8.0]  Order: [3.99, 3.9, 3.74] Demand: [4.03]
Reward for thread 2: [-16.16, -29.07, -22.15] -22.46  Inventory: [20.0, 122.0, 5.0]  Order: [5.24, 5.68, 5.48] Demand: [5.39]
Reward for thread 3: [-37.4, -47.21, -36.04] -40.22  Inventory: [0.0, 0.0, 0.0]  Order: [8.26, 8.13, 8.14] Demand: [8.305]
Reward for thread 4: [-27.65, -54.94, -39.61] -40.73  Inventory: [7.0, 130.0, 41.0]  Order: [4.7, 5.2, 5.22] Demand: [4.89]
Reward for thread 5: [-41.68, -83.77, -53.23] -59.56  Inventory: [21.0, 147.0, 21.0]  Order: [3.25, 3.78, 3.66] Demand: [3.37]

Eval average reward:  -59.83808333333333  Eval ordering fluctuation measurement (downstream to upstream):  [1.013596856399318, 0.6768293324528206, 1.2259693543029875]

 Algo happo Exp ippo_seed15_formal_v1 updates 110/3000 episodes, total num timesteps 111000/3000000, FPS 119.

Reward for thread 1: [-90.5, -107.0, -55.88] -84.46  Inventory: [219.0, 218.0, 49.0]  Order: [2.34, 3.21, 3.22] Demand: [1.395]
Reward for thread 2: [-22.29, -35.62, -30.18] -29.36  Inventory: [18.0, 77.0, 39.0]  Order: [6.06, 6.27, 6.28] Demand: [6.22]
Reward for thread 3: [-22.64, -28.21, -24.78] -25.21  Inventory: [3.0, 0.0, 0.0]  Order: [8.98, 8.9, 8.93] Demand: [8.73]
Reward for thread 4: [-197.06, -114.79, -73.06] -128.3  Inventory: [0.0, 0.0, 0.0]  Order: [13.81, 13.38, 13.34] Demand: [15.875]
Reward for thread 5: [-25.63, -34.83, -27.81] -29.42  Inventory: [0.0, 18.0, 0.0]  Order: [8.07, 8.16, 7.91] Demand: [8.125]

 Algo happo Exp ippo_seed15_formal_v1 updates 111/3000 episodes, total num timesteps 112000/3000000, FPS 119.

Reward for thread 1: [-152.71, -59.4, -51.34] -87.82  Inventory: [0.0, 0.0, 0.0]  Order: [12.37, 12.24, 12.24] Demand: [15.675]
Reward for thread 2: [-16.84, -27.25, -24.09] -22.73  Inventory: [0.0, 0.0, 5.0]  Order: [7.3, 7.14, 7.12] Demand: [7.405]
Reward for thread 3: [-22.47, -29.41, -24.0] -25.29  Inventory: [0.0, 4.0, 0.0]  Order: [8.08, 8.06, 7.86] Demand: [8.195]
Reward for thread 4: [-47.18, -43.54, -35.47] -42.06  Inventory: [28.0, 52.0, 25.0]  Order: [7.39, 7.46, 7.34] Demand: [7.43]
Reward for thread 5: [-18.65, -22.79, -22.91] -21.45  Inventory: [0.0, 7.0, 0.0]  Order: [8.94, 9.01, 8.94] Demand: [9.13]

 Algo happo Exp ippo_seed15_formal_v1 updates 112/3000 episodes, total num timesteps 113000/3000000, FPS 119.

Reward for thread 1: [-27.86, -24.74, -23.29] -25.3  Inventory: [45.0, 15.0, 11.0]  Order: [9.34, 9.36, 9.46] Demand: [9.15]
Reward for thread 2: [-30.6, -31.2, -24.42] -28.74  Inventory: [1.0, 51.0, 9.0]  Order: [10.0, 10.1, 10.02] Demand: [10.165]
Reward for thread 3: [-95.24, -42.87, -37.01] -58.37  Inventory: [0.0, 10.0, 19.0]  Order: [10.28, 10.2, 10.18] Demand: [13.255]
Reward for thread 4: [-16.34, -27.78, -22.59] -22.24  Inventory: [10.0, 61.0, 30.0]  Order: [7.14, 7.24, 7.17] Demand: [7.16]
Reward for thread 5: [-116.04, -48.51, -45.01] -69.85  Inventory: [0.0, 0.0, 0.0]  Order: [12.12, 12.08, 12.05] Demand: [14.34]

 Algo happo Exp ippo_seed15_formal_v1 updates 113/3000 episodes, total num timesteps 114000/3000000, FPS 119.

Reward for thread 1: [-19.8, -37.63, -25.93] -27.79  Inventory: [8.0, 87.0, 26.0]  Order: [4.6, 4.8, 4.74] Demand: [4.78]
Reward for thread 2: [-20.05, -35.53, -28.89] -28.16  Inventory: [4.0, 49.0, 60.0]  Order: [5.6, 5.62, 5.75] Demand: [5.68]
Reward for thread 3: [-47.32, -39.1, -32.01] -39.48  Inventory: [23.0, 74.0, 26.0]  Order: [10.04, 10.16, 10.04] Demand: [10.045]
Reward for thread 4: [-224.74, -76.14, -71.61] -124.16  Inventory: [0.0, 0.0, 4.0]  Order: [12.9, 12.82, 12.8] Demand: [13.29]
Reward for thread 5: [-70.02, -60.76, -40.67] -57.15  Inventory: [121.0, 170.0, 14.0]  Order: [7.54, 8.15, 8.11] Demand: [7.18]

 Algo happo Exp ippo_seed15_formal_v1 updates 114/3000 episodes, total num timesteps 115000/3000000, FPS 119.

Reward for thread 1: [-26.33, -35.13, -29.6] -30.35  Inventory: [26.0, 77.0, 10.0]  Order: [7.0, 7.3, 7.34] Demand: [7.09]
Reward for thread 2: [-23.52, -36.56, -31.89] -30.66  Inventory: [55.0, 95.0, 51.0]  Order: [5.34, 5.6, 5.63] Demand: [5.27]
Reward for thread 3: [-234.47, -84.18, -72.8] -130.48  Inventory: [0.0, 0.0, 0.0]  Order: [13.84, 13.78, 13.75] Demand: [15.035]
Reward for thread 4: [-48.44, -34.07, -25.11] -35.87  Inventory: [0.0, 0.0, 0.0]  Order: [13.8, 13.8, 13.7] Demand: [14.54]
Reward for thread 5: [-15.97, -23.2, -25.41] -21.53  Inventory: [7.0, 27.0, 33.0]  Order: [7.91, 7.92, 8.01] Demand: [7.965]

Eval average reward:  -98.73508333333334  Eval ordering fluctuation measurement (downstream to upstream):  [0.9459633065635664, 1.121975582990305, 1.4572129739233097]

 Algo happo Exp ippo_seed15_formal_v1 updates 115/3000 episodes, total num timesteps 116000/3000000, FPS 119.

Reward for thread 1: [-27.65, -56.3, -39.89] -41.28  Inventory: [0.0, 33.0, 0.0]  Order: [2.52, 2.65, 2.65] Demand: [2.675]
Reward for thread 2: [-22.86, -28.13, -22.3] -24.43  Inventory: [0.0, 0.0, 0.0]  Order: [10.91, 10.98, 10.98] Demand: [10.865]
Reward for thread 3: [-119.35, -48.77, -41.3] -69.81  Inventory: [0.0, 0.0, 0.0]  Order: [12.75, 12.6, 12.56] Demand: [15.12]
Reward for thread 4: [-27.92, -39.18, -27.74] -31.61  Inventory: [0.0, 0.0, 0.0]  Order: [8.54, 8.48, 8.33] Demand: [8.655]
Reward for thread 5: [-35.3, -35.25, -25.38] -31.98  Inventory: [0.0, 0.0, 0.0]  Order: [11.41, 11.22, 11.15] Demand: [11.735]

 Algo happo Exp ippo_seed15_formal_v1 updates 116/3000 episodes, total num timesteps 117000/3000000, FPS 119.

Reward for thread 1: [-18.35, -31.73, -24.91] -25.0  Inventory: [16.0, 64.0, 47.0]  Order: [6.34, 6.46, 6.44] Demand: [6.46]
Reward for thread 2: [-18.95, -25.88, -21.32] -22.05  Inventory: [0.0, 0.0, 0.0]  Order: [9.78, 9.71, 9.66] Demand: [9.64]
Reward for thread 3: [-19.82, -32.09, -29.93] -27.28  Inventory: [20.0, 40.0, 24.0]  Order: [4.95, 4.93, 4.8] Demand: [5.1]
Reward for thread 4: [-141.74, -55.48, -52.01] -83.08  Inventory: [0.0, 0.0, 0.0]  Order: [11.22, 11.12, 11.08] Demand: [14.635]
Reward for thread 5: [-175.87, -60.81, -56.46] -97.71  Inventory: [0.0, 0.0, 0.0]  Order: [12.84, 12.76, 12.64] Demand: [14.22]

 Algo happo Exp ippo_seed15_formal_v1 updates 117/3000 episodes, total num timesteps 118000/3000000, FPS 119.

Reward for thread 1: [-23.45, -48.95, -30.6] -34.33  Inventory: [20.0, 71.0, 14.0]  Order: [5.31, 5.45, 5.31] Demand: [5.445]
Reward for thread 2: [-19.29, -32.92, -26.16] -26.12  Inventory: [5.0, 57.0, 33.0]  Order: [7.12, 7.22, 7.24] Demand: [7.235]
Reward for thread 3: [-21.87, -30.85, -29.22] -27.31  Inventory: [18.0, 99.0, 56.0]  Order: [8.88, 9.22, 9.26] Demand: [9.025]
Reward for thread 4: [-15.56, -21.05, -20.98] -19.2  Inventory: [0.0, 0.0, 0.0]  Order: [9.23, 9.1, 9.1] Demand: [9.05]
Reward for thread 5: [-19.5, -27.72, -22.25] -23.16  Inventory: [3.0, 2.0, 0.0]  Order: [8.72, 8.68, 8.57] Demand: [8.785]

 Algo happo Exp ippo_seed15_formal_v1 updates 118/3000 episodes, total num timesteps 119000/3000000, FPS 120.

Reward for thread 1: [-18.92, -33.03, -24.68] -25.54  Inventory: [0.0, 0.0, 13.0]  Order: [5.92, 5.86, 5.76] Demand: [5.935]
Reward for thread 2: [-102.47, -65.47, -45.22] -71.05  Inventory: [0.0, 0.0, 0.0]  Order: [12.74, 12.14, 12.12] Demand: [12.93]
Reward for thread 3: [-33.81, -48.64, -30.96] -37.8  Inventory: [0.0, 0.0, 0.0]  Order: [10.29, 10.28, 10.16] Demand: [10.27]
Reward for thread 4: [-20.14, -39.58, -26.51] -28.74  Inventory: [3.0, 91.0, 17.0]  Order: [4.64, 4.89, 4.74] Demand: [4.805]
Reward for thread 5: [-21.22, -33.35, -26.75] -27.11  Inventory: [16.0, 0.0, 0.0]  Order: [9.38, 9.29, 9.18] Demand: [8.985]

 Algo happo Exp ippo_seed15_formal_v1 updates 119/3000 episodes, total num timesteps 120000/3000000, FPS 120.

Reward for thread 1: [-58.12, -104.6, -54.14] -72.29  Inventory: [91.0, 270.0, 0.0]  Order: [1.78, 2.96, 2.86] Demand: [1.475]
Reward for thread 2: [-12.7, -19.74, -19.9] -17.45  Inventory: [0.0, 33.0, 41.0]  Order: [9.22, 9.28, 9.28] Demand: [9.27]
Reward for thread 3: [-17.22, -27.41, -29.47] -24.7  Inventory: [2.0, 0.0, 0.0]  Order: [6.22, 6.18, 5.98] Demand: [6.31]
Reward for thread 4: [-47.68, -53.87, -30.07] -43.87  Inventory: [15.0, 24.0, 26.0]  Order: [12.07, 12.08, 12.15] Demand: [12.105]
Reward for thread 5: [-23.62, -48.83, -32.74] -35.06  Inventory: [5.0, 134.0, 65.0]  Order: [3.75, 4.18, 4.28] Demand: [3.965]

Eval average reward:  -41.3115  Eval ordering fluctuation measurement (downstream to upstream):  [1.0394598291587838, 0.9356648074311644, 1.2620198436733987]
A better model is saved!

 Algo happo Exp ippo_seed15_formal_v1 updates 120/3000 episodes, total num timesteps 121000/3000000, FPS 119.

Reward for thread 1: [-23.46, -47.51, -36.32] -35.76  Inventory: [0.0, 68.0, 55.0]  Order: [4.74, 4.84, 4.86] Demand: [4.86]
Reward for thread 2: [-154.4, -63.02, -51.5] -89.64  Inventory: [0.0, 0.0, 0.0]  Order: [13.92, 13.64, 13.56] Demand: [15.065]
Reward for thread 3: [-120.7, -63.11, -49.36] -77.72  Inventory: [0.0, 0.0, 0.0]  Order: [11.16, 10.82, 10.89] Demand: [13.615]
Reward for thread 4: [-16.77, -31.02, -31.93] -26.57  Inventory: [0.0, 18.0, 36.0]  Order: [5.98, 5.99, 5.92] Demand: [6.105]
Reward for thread 5: [-47.08, -84.71, -45.5] -59.1  Inventory: [101.0, 208.0, 54.0]  Order: [2.88, 3.67, 3.75] Demand: [2.62]

 Algo happo Exp ippo_seed15_formal_v1 updates 121/3000 episodes, total num timesteps 122000/3000000, FPS 119.

Reward for thread 1: [-120.97, -54.33, -48.07] -74.46  Inventory: [0.0, 0.0, 0.0]  Order: [12.9, 12.68, 12.66] Demand: [15.445]
Reward for thread 2: [-35.75, -40.67, -26.57] -34.33  Inventory: [0.0, 1.0, 0.0]  Order: [11.78, 11.84, 11.78] Demand: [11.85]
Reward for thread 3: [-55.49, -33.26, -30.04] -39.6  Inventory: [0.0, 0.0, 0.0]  Order: [10.16, 9.98, 9.93] Demand: [11.61]
Reward for thread 4: [-114.28, -50.05, -43.98] -69.44  Inventory: [0.0, 0.0, 0.0]  Order: [12.52, 12.45, 12.45] Demand: [13.5]
Reward for thread 5: [-65.92, -46.03, -36.19] -49.38  Inventory: [15.0, 41.0, 56.0]  Order: [12.66, 12.65, 12.73] Demand: [12.76]

 Algo happo Exp ippo_seed15_formal_v1 updates 122/3000 episodes, total num timesteps 123000/3000000, FPS 120.

Reward for thread 1: [-22.21, -29.36, -27.04] -26.2  Inventory: [0.0, 0.0, 5.0]  Order: [8.85, 8.91, 8.98] Demand: [9.285]
Reward for thread 2: [-301.35, -90.16, -85.94] -159.15  Inventory: [0.0, 0.0, 0.0]  Order: [12.84, 12.56, 12.58] Demand: [15.63]
Reward for thread 3: [-17.38, -29.53, -29.57] -25.49  Inventory: [19.0, 66.0, 10.0]  Order: [6.26, 6.4, 6.22] Demand: [6.365]
Reward for thread 4: [-152.04, -53.67, -51.12] -85.61  Inventory: [0.0, 0.0, 0.0]  Order: [11.86, 11.76, 11.66] Demand: [14.01]
Reward for thread 5: [-53.7, -32.05, -28.93] -38.23  Inventory: [0.0, 0.0, 0.0]  Order: [10.8, 10.78, 10.76] Demand: [12.18]

 Algo happo Exp ippo_seed15_formal_v1 updates 123/3000 episodes, total num timesteps 124000/3000000, FPS 120.

Reward for thread 1: [-19.3, -37.72, -30.94] -29.32  Inventory: [15.0, 75.0, 32.0]  Order: [4.45, 4.62, 4.54] Demand: [4.625]
Reward for thread 2: [-20.69, -30.29, -25.77] -25.58  Inventory: [0.0, 8.0, 0.0]  Order: [9.35, 9.32, 9.2] Demand: [9.42]
Reward for thread 3: [-27.12, -41.72, -34.59] -34.48  Inventory: [8.0, 69.0, 24.0]  Order: [8.38, 8.51, 8.4] Demand: [8.525]
Reward for thread 4: [-18.76, -33.14, -27.78] -26.56  Inventory: [7.0, 2.0, 0.0]  Order: [6.51, 6.76, 6.68] Demand: [6.6]
Reward for thread 5: [-25.86, -41.05, -34.43] -33.78  Inventory: [10.0, 107.0, 51.0]  Order: [6.62, 6.92, 6.97] Demand: [6.82]

 Algo happo Exp ippo_seed15_formal_v1 updates 124/3000 episodes, total num timesteps 125000/3000000, FPS 120.

Reward for thread 1: [-38.62, -64.17, -41.08] -47.96  Inventory: [14.0, 158.0, 29.0]  Order: [4.94, 5.52, 5.41] Demand: [5.12]
Reward for thread 2: [-20.74, -37.54, -32.81] -30.36  Inventory: [5.0, 47.0, 4.0]  Order: [5.78, 5.81, 5.78] Demand: [5.895]
Reward for thread 3: [-18.45, -35.35, -29.93] -27.91  Inventory: [2.0, 76.0, 8.0]  Order: [5.4, 5.64, 5.66] Demand: [5.53]
Reward for thread 4: [-22.39, -31.81, -26.32] -26.84  Inventory: [3.0, 0.0, 0.0]  Order: [9.26, 9.2, 8.98] Demand: [9.28]
Reward for thread 5: [-45.51, -39.38, -30.82] -38.57  Inventory: [0.0, 0.0, 0.0]  Order: [12.18, 12.11, 12.18] Demand: [13.31]

Eval average reward:  -93.4225  Eval ordering fluctuation measurement (downstream to upstream):  [1.0289376377857116, 0.8440420630824373, 1.2291694710351506]

 Algo happo Exp ippo_seed15_formal_v1 updates 125/3000 episodes, total num timesteps 126000/3000000, FPS 120.

Reward for thread 1: [-38.65, -49.23, -30.8] -39.56  Inventory: [0.0, 0.0, 0.0]  Order: [11.36, 11.18, 11.24] Demand: [11.805]
Reward for thread 2: [-185.79, -73.3, -62.83] -107.31  Inventory: [0.0, 0.0, 12.0]  Order: [13.53, 13.34, 13.34] Demand: [15.785]
Reward for thread 3: [-33.48, -32.26, -28.54] -31.43  Inventory: [0.0, 0.0, 4.0]  Order: [9.84, 9.79, 9.81] Demand: [10.965]
Reward for thread 4: [-162.47, -94.53, -61.56] -106.19  Inventory: [0.0, 0.0, 0.0]  Order: [14.44, 14.14, 14.08] Demand: [16.59]
Reward for thread 5: [-111.58, -98.96, -52.28] -87.61  Inventory: [0.0, 0.0, 0.0]  Order: [14.26, 13.56, 13.48] Demand: [15.01]

 Algo happo Exp ippo_seed15_formal_v1 updates 126/3000 episodes, total num timesteps 127000/3000000, FPS 120.

Reward for thread 1: [-18.98, -30.22, -25.88] -25.03  Inventory: [21.0, 67.0, 37.0]  Order: [5.62, 5.73, 5.66] Demand: [5.76]
Reward for thread 2: [-21.68, -43.32, -32.76] -32.59  Inventory: [0.0, 22.0, 9.0]  Order: [4.04, 3.99, 3.96] Demand: [4.17]
Reward for thread 3: [-18.7, -32.57, -27.62] -26.3  Inventory: [10.0, 0.0, 0.0]  Order: [8.62, 8.54, 8.46] Demand: [8.135]
Reward for thread 4: [-20.84, -31.43, -25.52] -25.93  Inventory: [3.0, 25.0, 2.0]  Order: [10.3, 10.36, 10.37] Demand: [10.405]
Reward for thread 5: [-21.13, -42.21, -34.14] -32.49  Inventory: [14.0, 104.0, 48.0]  Order: [5.14, 5.46, 5.46] Demand: [5.31]

 Algo happo Exp ippo_seed15_formal_v1 updates 127/3000 episodes, total num timesteps 128000/3000000, FPS 120.

Reward for thread 1: [-98.06, -55.22, -41.76] -65.01  Inventory: [0.0, 0.0, 0.0]  Order: [13.21, 12.9, 12.88] Demand: [15.31]
Reward for thread 2: [-36.8, -37.33, -26.85] -33.66  Inventory: [2.0, 18.0, 0.0]  Order: [11.46, 11.76, 11.79] Demand: [11.545]
Reward for thread 3: [-30.93, -49.4, -34.56] -38.3  Inventory: [18.0, 153.0, 15.0]  Order: [5.75, 6.28, 6.11] Demand: [5.91]
Reward for thread 4: [-20.61, -37.33, -29.33] -29.09  Inventory: [54.0, 55.0, 61.0]  Order: [5.44, 5.56, 5.64] Demand: [5.39]
Reward for thread 5: [-22.72, -48.18, -32.83] -34.58  Inventory: [15.0, 105.0, 16.0]  Order: [2.51, 2.84, 2.69] Demand: [2.67]

 Algo happo Exp ippo_seed15_formal_v1 updates 128/3000 episodes, total num timesteps 129000/3000000, FPS 120.

Reward for thread 1: [-272.23, -131.77, -90.09] -164.7  Inventory: [0.0, 0.0, 0.0]  Order: [14.6, 14.27, 14.26] Demand: [16.64]
Reward for thread 2: [-26.08, -33.9, -26.82] -28.93  Inventory: [0.0, 31.0, 0.0]  Order: [9.02, 9.14, 9.18] Demand: [9.075]
Reward for thread 3: [-21.08, -32.82, -28.42] -27.44  Inventory: [0.0, 42.0, 17.0]  Order: [7.5, 7.55, 7.72] Demand: [7.57]
Reward for thread 4: [-21.88, -40.18, -28.97] -30.34  Inventory: [17.0, 79.0, 19.0]  Order: [4.28, 4.56, 4.42] Demand: [4.45]
Reward for thread 5: [-18.74, -28.98, -26.92] -24.88  Inventory: [0.0, 48.0, 48.0]  Order: [6.52, 6.58, 6.59] Demand: [6.715]

 Algo happo Exp ippo_seed15_formal_v1 updates 129/3000 episodes, total num timesteps 130000/3000000, FPS 120.

Reward for thread 1: [-118.74, -66.3, -50.15] -78.4  Inventory: [0.0, 0.0, 0.0]  Order: [13.46, 13.34, 13.35] Demand: [15.88]
Reward for thread 2: [-66.84, -43.62, -38.66] -49.71  Inventory: [0.0, 0.0, 23.0]  Order: [10.07, 9.88, 9.82] Demand: [11.83]
Reward for thread 3: [-22.73, -43.24, -33.57] -33.18  Inventory: [19.0, 121.0, 19.0]  Order: [4.54, 4.91, 4.82] Demand: [4.685]
Reward for thread 4: [-16.67, -29.48, -23.76] -23.3  Inventory: [0.0, 18.0, 15.0]  Order: [6.23, 6.15, 5.98] Demand: [6.375]
Reward for thread 5: [-30.26, -38.4, -29.08] -32.58  Inventory: [21.0, 69.0, 62.0]  Order: [7.8, 7.93, 8.02] Demand: [7.95]

Eval average reward:  -35.064  Eval ordering fluctuation measurement (downstream to upstream):  [1.026665936051979, 0.8439828688727337, 1.1819253196659383]
A better model is saved!

 Algo happo Exp ippo_seed15_formal_v1 updates 130/3000 episodes, total num timesteps 131000/3000000, FPS 120.

Reward for thread 1: [-157.18, -88.14, -67.53] -104.28  Inventory: [0.0, 7.0, 6.0]  Order: [14.86, 14.96, 15.04] Demand: [16.39]
Reward for thread 2: [-48.46, -45.89, -30.22] -41.52  Inventory: [0.0, 0.0, 0.0]  Order: [11.98, 11.67, 11.71] Demand: [12.2]
Reward for thread 3: [-27.92, -34.94, -30.31] -31.06  Inventory: [0.0, 0.0, 0.0]  Order: [10.53, 10.24, 10.24] Demand: [10.83]
Reward for thread 4: [-30.14, -28.46, -26.03] -28.21  Inventory: [17.0, 40.0, 34.0]  Order: [7.78, 7.78, 7.7] Demand: [7.92]
Reward for thread 5: [-33.15, -46.48, -33.84] -37.82  Inventory: [29.0, 77.0, 17.0]  Order: [7.4, 7.55, 7.4] Demand: [7.495]

 Algo happo Exp ippo_seed15_formal_v1 updates 131/3000 episodes, total num timesteps 132000/3000000, FPS 120.

Reward for thread 1: [-103.25, -56.81, -47.32] -69.13  Inventory: [0.0, 0.0, 0.0]  Order: [11.16, 10.9, 10.84] Demand: [13.26]
Reward for thread 2: [-17.78, -31.88, -30.12] -26.59  Inventory: [0.0, 0.0, 5.0]  Order: [4.64, 4.51, 4.54] Demand: [4.53]
Reward for thread 3: [-22.1, -40.39, -32.01] -31.5  Inventory: [3.0, 9.0, 8.0]  Order: [3.2, 3.31, 3.33] Demand: [3.27]
Reward for thread 4: [-32.63, -39.89, -30.34] -34.29  Inventory: [0.0, 0.0, 0.0]  Order: [11.12, 11.0, 10.93] Demand: [11.25]
Reward for thread 5: [-22.56, -42.0, -32.96] -32.51  Inventory: [0.0, 107.0, 41.0]  Order: [6.27, 6.59, 6.54] Demand: [6.425]

 Algo happo Exp ippo_seed15_formal_v1 updates 132/3000 episodes, total num timesteps 133000/3000000, FPS 120.

Reward for thread 1: [-191.61, -68.74, -62.03] -107.46  Inventory: [0.0, 0.0, 0.0]  Order: [14.28, 14.11, 13.95] Demand: [15.97]
Reward for thread 2: [-19.21, -27.75, -24.0] -23.65  Inventory: [0.0, 0.0, 4.0]  Order: [10.04, 9.86, 9.9] Demand: [10.15]
Reward for thread 3: [-20.69, -36.06, -33.25] -30.0  Inventory: [3.0, 68.0, 23.0]  Order: [5.43, 5.62, 5.48] Demand: [5.615]
Reward for thread 4: [-21.1, -31.72, -28.89] -27.24  Inventory: [5.0, 50.0, 17.0]  Order: [7.83, 7.86, 7.8] Demand: [8.015]
Reward for thread 5: [-78.93, -63.87, -45.8] -62.87  Inventory: [0.0, 0.0, 0.0]  Order: [12.31, 12.22, 12.16] Demand: [12.715]

 Algo happo Exp ippo_seed15_formal_v1 updates 133/3000 episodes, total num timesteps 134000/3000000, FPS 120.

Reward for thread 1: [-28.37, -54.75, -36.08] -39.73  Inventory: [39.0, 133.0, 39.0]  Order: [3.25, 3.68, 3.63] Demand: [3.295]
Reward for thread 2: [-27.69, -27.54, -24.17] -26.47  Inventory: [0.0, 0.0, 0.0]  Order: [11.8, 11.6, 11.58] Demand: [11.85]
Reward for thread 3: [-16.5, -25.58, -25.58] -22.55  Inventory: [14.0, 40.0, 60.0]  Order: [8.1, 8.08, 8.13] Demand: [8.2]
Reward for thread 4: [-16.57, -31.7, -26.62] -24.96  Inventory: [6.0, 58.0, 10.0]  Order: [3.89, 4.02, 3.82] Demand: [4.08]
Reward for thread 5: [-23.49, -30.99, -28.66] -27.71  Inventory: [0.0, 0.0, 0.0]  Order: [9.86, 9.86, 9.77] Demand: [9.9]

 Algo happo Exp ippo_seed15_formal_v1 updates 134/3000 episodes, total num timesteps 135000/3000000, FPS 121.

Reward for thread 1: [-18.24, -29.19, -26.65] -24.69  Inventory: [0.0, 0.0, 7.0]  Order: [8.4, 8.15, 8.26] Demand: [8.35]
Reward for thread 2: [-19.42, -28.34, -26.68] -24.81  Inventory: [10.0, 45.0, 17.0]  Order: [7.97, 8.06, 7.92] Demand: [8.095]
Reward for thread 3: [-22.16, -37.1, -34.09] -31.12  Inventory: [0.0, 0.0, 13.0]  Order: [5.48, 5.3, 5.32] Demand: [5.355]
Reward for thread 4: [-25.53, -27.81, -23.72] -25.69  Inventory: [1.0, 0.0, 0.0]  Order: [11.32, 11.29, 11.17] Demand: [11.25]
Reward for thread 5: [-144.34, -69.05, -52.43] -88.61  Inventory: [0.0, 0.0, 0.0]  Order: [14.4, 14.06, 14.04] Demand: [16.24]

Eval average reward:  -34.00733333333333  Eval ordering fluctuation measurement (downstream to upstream):  [0.9112698490968107, 0.823839091200185, 1.1992355135378638]
A better model is saved!

 Algo happo Exp ippo_seed15_formal_v1 updates 135/3000 episodes, total num timesteps 136000/3000000, FPS 120.

Reward for thread 1: [-23.61, -29.58, -25.48] -26.22  Inventory: [3.0, 29.0, 0.0]  Order: [10.4, 10.64, 10.58] Demand: [10.45]
Reward for thread 2: [-18.97, -31.8, -26.57] -25.78  Inventory: [4.0, 36.0, 37.0]  Order: [5.73, 5.69, 5.62] Demand: [5.83]
Reward for thread 3: [-19.11, -27.85, -27.38] -24.78  Inventory: [0.0, 4.0, 0.0]  Order: [8.29, 8.49, 8.41] Demand: [8.34]
Reward for thread 4: [-33.43, -30.84, -24.75] -29.67  Inventory: [0.0, 0.0, 0.0]  Order: [11.64, 11.6, 11.49] Demand: [12.24]
Reward for thread 5: [-14.53, -23.06, -21.43] -19.67  Inventory: [5.0, 0.0, 0.0]  Order: [8.84, 8.85, 8.66] Demand: [8.83]

 Algo happo Exp ippo_seed15_formal_v1 updates 136/3000 episodes, total num timesteps 137000/3000000, FPS 120.

Reward for thread 1: [-15.21, -25.13, -25.84] -22.06  Inventory: [5.0, 9.0, 27.0]  Order: [7.5, 7.46, 7.35] Demand: [7.645]
Reward for thread 2: [-229.21, -83.99, -74.82] -129.34  Inventory: [0.0, 0.0, 0.0]  Order: [13.7, 13.68, 13.62] Demand: [16.5]
Reward for thread 3: [-17.24, -25.12, -23.08] -21.81  Inventory: [0.0, 0.0, 0.0]  Order: [9.93, 9.96, 9.93] Demand: [10.225]
Reward for thread 4: [-12.74, -20.13, -21.06] -17.98  Inventory: [0.0, 15.0, 32.0]  Order: [9.3, 9.32, 9.43] Demand: [9.42]
Reward for thread 5: [-19.09, -28.66, -26.35] -24.7  Inventory: [0.0, 0.0, 25.0]  Order: [7.8, 7.7, 7.64] Demand: [7.845]

 Algo happo Exp ippo_seed15_formal_v1 updates 137/3000 episodes, total num timesteps 138000/3000000, FPS 120.

Reward for thread 1: [-58.74, -37.15, -32.47] -42.79  Inventory: [0.0, 0.0, 0.0]  Order: [11.8, 11.62, 11.63] Demand: [12.075]
Reward for thread 2: [-14.51, -22.82, -23.13] -20.15  Inventory: [13.0, 26.0, 57.0]  Order: [6.24, 6.16, 6.22] Demand: [6.385]
Reward for thread 3: [-32.7, -32.4, -27.05] -30.72  Inventory: [10.0, 35.0, 40.0]  Order: [9.85, 9.82, 9.78] Demand: [10.01]
Reward for thread 4: [-20.34, -36.4, -31.09] -29.28  Inventory: [11.0, 52.0, 24.0]  Order: [4.38, 4.42, 4.3] Demand: [4.52]
Reward for thread 5: [-178.75, -71.78, -60.86] -103.8  Inventory: [0.0, 0.0, 0.0]  Order: [14.34, 14.22, 14.2] Demand: [14.69]

 Algo happo Exp ippo_seed15_formal_v1 updates 138/3000 episodes, total num timesteps 139000/3000000, FPS 121.

Reward for thread 1: [-18.32, -30.99, -26.63] -25.31  Inventory: [10.0, 70.0, 61.0]  Order: [4.14, 4.24, 4.3] Demand: [4.315]
Reward for thread 2: [-24.33, -24.92, -25.51] -24.92  Inventory: [6.0, 39.0, 13.0]  Order: [9.09, 9.24, 9.24] Demand: [9.205]
Reward for thread 3: [-21.45, -32.91, -25.88] -26.75  Inventory: [21.0, 85.0, 3.0]  Order: [7.32, 7.58, 7.59] Demand: [7.46]
Reward for thread 4: [-17.16, -27.27, -28.35] -24.26  Inventory: [0.0, 35.0, 19.0]  Order: [8.32, 8.34, 8.19] Demand: [8.405]
Reward for thread 5: [-21.91, -32.86, -31.35] -28.71  Inventory: [6.0, 43.0, 27.0]  Order: [5.72, 5.72, 5.61] Demand: [5.865]

 Algo happo Exp ippo_seed15_formal_v1 updates 139/3000 episodes, total num timesteps 140000/3000000, FPS 121.

Reward for thread 1: [-22.54, -27.63, -26.35] -25.51  Inventory: [61.0, 76.0, 67.0]  Order: [8.32, 8.49, 8.61] Demand: [8.26]
Reward for thread 2: [-42.21, -38.97, -26.27] -35.82  Inventory: [24.0, 64.0, 35.0]  Order: [11.9, 11.97, 12.0] Demand: [11.99]
Reward for thread 3: [-110.36, -53.6, -42.89] -68.95  Inventory: [0.0, 0.0, 0.0]  Order: [13.88, 13.9, 13.82] Demand: [14.715]
Reward for thread 4: [-18.94, -34.71, -29.06] -27.57  Inventory: [4.0, 33.0, 55.0]  Order: [2.98, 2.96, 2.99] Demand: [3.065]
Reward for thread 5: [-18.44, -31.21, -27.52] -25.72  Inventory: [0.0, 8.0, 0.0]  Order: [4.38, 4.56, 4.64] Demand: [4.395]

Eval average reward:  -35.81116666666667  Eval ordering fluctuation measurement (downstream to upstream):  [0.8854018608558031, 0.8178357369527319, 1.1477572815567962]

 Algo happo Exp ippo_seed15_formal_v1 updates 140/3000 episodes, total num timesteps 141000/3000000, FPS 120.

Reward for thread 1: [-43.81, -39.9, -32.25] -38.65  Inventory: [8.0, 28.0, 10.0]  Order: [7.27, 7.22, 7.03] Demand: [7.435]
Reward for thread 2: [-26.57, -42.93, -29.11] -32.87  Inventory: [18.0, 57.0, 13.0]  Order: [5.58, 5.72, 5.55] Demand: [5.74]
Reward for thread 3: [-81.63, -45.65, -35.85] -54.38  Inventory: [0.0, 0.0, 4.0]  Order: [11.84, 11.8, 11.85] Demand: [12.5]
Reward for thread 4: [-16.82, -20.31, -19.83] -18.99  Inventory: [4.0, 24.0, 14.0]  Order: [9.45, 9.41, 9.26] Demand: [9.535]
Reward for thread 5: [-21.07, -33.13, -30.72] -28.31  Inventory: [22.0, 77.0, 21.0]  Order: [4.1, 4.23, 4.11] Demand: [4.22]

 Algo happo Exp ippo_seed15_formal_v1 updates 141/3000 episodes, total num timesteps 142000/3000000, FPS 121.

Reward for thread 1: [-15.48, -22.16, -21.66] -19.77  Inventory: [14.0, 29.0, 3.0]  Order: [7.88, 7.92, 7.98] Demand: [8.005]
Reward for thread 2: [-21.81, -28.48, -25.04] -25.11  Inventory: [10.0, 52.0, 36.0]  Order: [8.89, 8.94, 8.9] Demand: [9.01]
Reward for thread 3: [-54.61, -33.61, -27.75] -38.66  Inventory: [0.0, 0.0, 0.0]  Order: [12.84, 12.72, 12.66] Demand: [13.37]
Reward for thread 4: [-57.73, -41.94, -31.71] -43.79  Inventory: [0.0, 0.0, 0.0]  Order: [12.52, 12.42, 12.42] Demand: [13.205]
Reward for thread 5: [-19.67, -28.75, -24.94] -24.45  Inventory: [17.0, 30.0, 51.0]  Order: [9.57, 9.51, 9.6] Demand: [9.61]

 Algo happo Exp ippo_seed15_formal_v1 updates 142/3000 episodes, total num timesteps 143000/3000000, FPS 121.

Reward for thread 1: [-48.2, -35.36, -27.45] -37.0  Inventory: [21.0, 51.0, 42.0]  Order: [12.4, 12.42, 12.39] Demand: [12.46]
Reward for thread 2: [-27.09, -34.6, -27.77] -29.82  Inventory: [17.0, 85.0, 30.0]  Order: [10.36, 10.6, 10.5] Demand: [10.51]
Reward for thread 3: [-210.88, -71.6, -63.85] -115.44  Inventory: [0.0, 19.0, 5.0]  Order: [13.56, 13.62, 13.66] Demand: [16.125]
Reward for thread 4: [-21.05, -25.39, -26.73] -24.39  Inventory: [13.0, 9.0, 0.0]  Order: [8.8, 8.82, 8.8] Demand: [8.84]
Reward for thread 5: [-21.9, -39.18, -34.11] -31.73  Inventory: [9.0, 70.0, 16.0]  Order: [2.78, 2.9, 2.74] Demand: [2.95]

 Algo happo Exp ippo_seed15_formal_v1 updates 143/3000 episodes, total num timesteps 144000/3000000, FPS 121.

Reward for thread 1: [-40.01, -31.41, -28.95] -33.46  Inventory: [0.0, 0.0, 0.0]  Order: [12.74, 12.66, 12.66] Demand: [12.685]
Reward for thread 2: [-27.47, -51.5, -33.52] -37.5  Inventory: [27.0, 107.0, 14.0]  Order: [3.74, 4.04, 3.94] Demand: [3.84]
Reward for thread 3: [-17.86, -27.94, -31.78] -25.86  Inventory: [2.0, 23.0, 55.0]  Order: [4.93, 4.88, 4.91] Demand: [5.085]
Reward for thread 4: [-18.5, -27.94, -28.07] -24.84  Inventory: [11.0, 11.0, 41.0]  Order: [4.5, 4.35, 4.32] Demand: [4.575]
Reward for thread 5: [-23.43, -30.88, -28.15] -27.49  Inventory: [2.0, 31.0, 19.0]  Order: [10.58, 10.6, 10.53] Demand: [10.645]

 Algo happo Exp ippo_seed15_formal_v1 updates 144/3000 episodes, total num timesteps 145000/3000000, FPS 121.

Reward for thread 1: [-22.79, -25.06, -22.53] -23.46  Inventory: [22.0, 0.0, 0.0]  Order: [10.76, 10.76, 10.74] Demand: [10.54]
Reward for thread 2: [-36.66, -31.2, -26.51] -31.46  Inventory: [15.0, 27.0, 27.0]  Order: [9.24, 9.22, 9.11] Demand: [9.31]
Reward for thread 3: [-21.13, -37.15, -31.91] -30.06  Inventory: [6.0, 32.0, 45.0]  Order: [3.8, 3.73, 3.71] Demand: [3.975]
Reward for thread 4: [-17.73, -27.55, -25.8] -23.69  Inventory: [0.0, 24.0, 70.0]  Order: [7.66, 7.55, 7.67] Demand: [7.7]
Reward for thread 5: [-22.56, -34.95, -38.89] -32.13  Inventory: [18.0, 43.0, 30.0]  Order: [3.22, 3.22, 3.12] Demand: [3.38]

Eval average reward:  -35.10766666666667  Eval ordering fluctuation measurement (downstream to upstream):  [0.8149913785144317, 0.862162987743982, 1.1647754822611198]

 Algo happo Exp ippo_seed15_formal_v1 updates 145/3000 episodes, total num timesteps 146000/3000000, FPS 121.

Reward for thread 1: [-18.62, -30.74, -28.18] -25.85  Inventory: [5.0, 27.0, 73.0]  Order: [4.68, 4.6, 4.72] Demand: [4.82]
Reward for thread 2: [-23.88, -30.22, -32.87] -28.99  Inventory: [6.0, 19.0, 63.0]  Order: [7.52, 7.4, 7.47] Demand: [7.65]
Reward for thread 3: [-14.64, -22.26, -23.63] -20.18  Inventory: [8.0, 14.0, 26.0]  Order: [5.54, 5.6, 5.52] Demand: [5.595]
Reward for thread 4: [-273.72, -89.66, -81.55] -148.31  Inventory: [0.0, 0.0, 0.0]  Order: [13.93, 13.69, 13.68] Demand: [15.445]
Reward for thread 5: [-55.05, -34.78, -33.39] -41.07  Inventory: [0.0, 0.0, 0.0]  Order: [11.7, 11.62, 11.62] Demand: [12.98]

 Algo happo Exp ippo_seed15_formal_v1 updates 146/3000 episodes, total num timesteps 147000/3000000, FPS 121.

Reward for thread 1: [-27.98, -32.62, -25.72] -28.77  Inventory: [10.0, 11.0, 43.0]  Order: [10.18, 9.98, 10.0] Demand: [10.23]
Reward for thread 2: [-53.23, -28.95, -26.41] -36.2  Inventory: [0.0, 0.0, 8.0]  Order: [11.02, 10.87, 10.82] Demand: [12.68]
Reward for thread 3: [-21.26, -25.01, -22.79] -23.02  Inventory: [0.0, 1.0, 0.0]  Order: [8.88, 8.94, 8.98] Demand: [9.24]
Reward for thread 4: [-82.6, -48.21, -36.98] -55.93  Inventory: [0.0, 0.0, 0.0]  Order: [11.17, 11.14, 11.2] Demand: [12.995]
Reward for thread 5: [-24.48, -31.73, -29.83] -28.68  Inventory: [15.0, 15.0, 17.0]  Order: [9.22, 9.18, 9.04] Demand: [9.34]

 Algo happo Exp ippo_seed15_formal_v1 updates 147/3000 episodes, total num timesteps 148000/3000000, FPS 121.

Reward for thread 1: [-22.22, -34.63, -34.6] -30.48  Inventory: [7.0, 11.0, 15.0]  Order: [3.54, 3.38, 3.22] Demand: [3.675]
Reward for thread 2: [-23.75, -27.51, -21.03] -24.1  Inventory: [15.0, 29.0, 5.0]  Order: [12.13, 12.24, 12.22] Demand: [12.14]
Reward for thread 3: [-30.9, -23.23, -21.74] -25.29  Inventory: [0.0, 0.0, 0.0]  Order: [11.21, 11.1, 11.13] Demand: [11.735]
Reward for thread 4: [-18.75, -25.45, -22.76] -22.32  Inventory: [2.0, 0.0, 0.0]  Order: [10.69, 10.57, 10.51] Demand: [10.645]
Reward for thread 5: [-25.49, -27.85, -23.07] -25.47  Inventory: [0.0, 0.0, 0.0]  Order: [9.9, 9.68, 9.67] Demand: [9.91]

 Algo happo Exp ippo_seed15_formal_v1 updates 148/3000 episodes, total num timesteps 149000/3000000, FPS 121.

Reward for thread 1: [-20.39, -30.6, -26.26] -25.75  Inventory: [0.0, 0.0, 0.0]  Order: [8.52, 8.38, 8.36] Demand: [8.555]
Reward for thread 2: [-16.15, -25.54, -28.06] -23.25  Inventory: [2.0, 17.0, 31.0]  Order: [6.76, 6.66, 6.6] Demand: [6.9]
Reward for thread 3: [-77.04, -40.69, -37.93] -51.89  Inventory: [0.0, 0.0, 0.0]  Order: [10.1, 10.01, 9.95] Demand: [12.085]
Reward for thread 4: [-18.9, -29.18, -31.01] -26.36  Inventory: [6.0, 57.0, 41.0]  Order: [5.46, 5.51, 5.46] Demand: [5.64]
Reward for thread 5: [-21.76, -21.13, -20.18] -21.02  Inventory: [10.0, 12.0, 37.0]  Order: [10.94, 10.88, 10.82] Demand: [10.9]

 Algo happo Exp ippo_seed15_formal_v1 updates 149/3000 episodes, total num timesteps 150000/3000000, FPS 121.

Reward for thread 1: [-63.97, -33.34, -30.19] -42.5  Inventory: [0.0, 0.0, 0.0]  Order: [12.86, 12.96, 12.96] Demand: [12.7]
Reward for thread 2: [-80.09, -39.54, -34.66] -51.43  Inventory: [0.0, 0.0, 0.0]  Order: [13.82, 13.7, 13.7] Demand: [15.685]
Reward for thread 3: [-126.91, -52.16, -47.67] -75.58  Inventory: [48.0, 53.0, 19.0]  Order: [12.77, 13.05, 13.1] Demand: [12.72]
Reward for thread 4: [-32.1, -24.17, -24.77] -27.01  Inventory: [0.0, 0.0, 0.0]  Order: [11.68, 11.74, 11.64] Demand: [12.05]
Reward for thread 5: [-34.89, -32.04, -33.38] -33.44  Inventory: [7.0, 34.0, 18.0]  Order: [7.68, 7.66, 7.5] Demand: [7.81]

Eval average reward:  -33.51891666666667  Eval ordering fluctuation measurement (downstream to upstream):  [0.8251635461388129, 0.9389789046049659, 1.1789063096333572]
A better model is saved!

 Algo happo Exp ippo_seed15_formal_v1 updates 150/3000 episodes, total num timesteps 151000/3000000, FPS 121.

Reward for thread 1: [-47.76, -34.36, -32.31] -38.14  Inventory: [0.0, 0.0, 0.0]  Order: [10.5, 10.36, 10.4] Demand: [11.815]
Reward for thread 2: [-185.27, -59.46, -57.3] -100.68  Inventory: [0.0, 0.0, 0.0]  Order: [13.84, 13.86, 13.78] Demand: [15.775]
Reward for thread 3: [-20.65, -37.12, -29.94] -29.24  Inventory: [6.0, 47.0, 27.0]  Order: [5.08, 5.08, 4.97] Demand: [5.27]
Reward for thread 4: [-21.36, -29.65, -28.51] -26.51  Inventory: [0.0, 0.0, 0.0]  Order: [7.28, 7.2, 7.12] Demand: [7.175]
Reward for thread 5: [-17.53, -27.27, -26.06] -23.62  Inventory: [0.0, 11.0, 0.0]  Order: [6.4, 6.43, 6.36] Demand: [6.465]

 Algo happo Exp ippo_seed15_formal_v1 updates 151/3000 episodes, total num timesteps 152000/3000000, FPS 121.

Reward for thread 1: [-16.45, -25.95, -24.62] -22.34  Inventory: [0.0, 0.0, 17.0]  Order: [6.63, 6.68, 6.72] Demand: [6.69]
Reward for thread 2: [-217.89, -69.43, -68.09] -118.47  Inventory: [0.0, 0.0, 6.0]  Order: [13.43, 13.41, 13.36] Demand: [16.835]
Reward for thread 3: [-22.04, -25.62, -23.65] -23.77  Inventory: [0.0, 0.0, 0.0]  Order: [8.6, 8.51, 8.3] Demand: [8.65]
Reward for thread 4: [-36.7, -30.42, -30.22] -32.45  Inventory: [0.0, 0.0, 10.0]  Order: [8.68, 8.66, 8.78] Demand: [9.97]
Reward for thread 5: [-17.63, -26.54, -30.48] -24.88  Inventory: [23.0, 79.0, 55.0]  Order: [4.7, 4.89, 4.93] Demand: [4.83]

 Algo happo Exp ippo_seed15_formal_v1 updates 152/3000 episodes, total num timesteps 153000/3000000, FPS 121.

Reward for thread 1: [-37.03, -27.14, -23.88] -29.35  Inventory: [0.0, 0.0, 21.0]  Order: [11.78, 11.68, 11.75] Demand: [12.82]
Reward for thread 2: [-18.52, -28.32, -29.82] -25.55  Inventory: [4.0, 24.0, 59.0]  Order: [5.16, 5.11, 5.17] Demand: [5.265]
Reward for thread 3: [-12.36, -19.94, -17.34] -16.55  Inventory: [2.0, 37.0, 26.0]  Order: [9.31, 9.36, 9.38] Demand: [9.35]
Reward for thread 4: [-24.26, -27.33, -28.53] -26.71  Inventory: [0.0, 0.0, 0.0]  Order: [8.04, 8.07, 8.02] Demand: [8.395]
Reward for thread 5: [-16.37, -26.43, -26.46] -23.09  Inventory: [9.0, 55.0, 90.0]  Order: [5.84, 5.88, 6.08] Demand: [6.03]

 Algo happo Exp ippo_seed15_formal_v1 updates 153/3000 episodes, total num timesteps 154000/3000000, FPS 121.

Reward for thread 1: [-66.23, -31.79, -29.34] -42.45  Inventory: [0.0, 25.0, 25.0]  Order: [12.42, 12.46, 12.45] Demand: [14.3]
Reward for thread 2: [-27.83, -22.62, -22.59] -24.35  Inventory: [0.0, 0.0, 5.0]  Order: [8.68, 8.64, 8.64] Demand: [9.645]
Reward for thread 3: [-77.46, -34.7, -32.89] -48.35  Inventory: [0.0, 0.0, 0.0]  Order: [11.86, 11.82, 11.83] Demand: [13.845]
Reward for thread 4: [-19.52, -32.02, -29.68] -27.07  Inventory: [2.0, 43.0, 35.0]  Order: [7.84, 7.98, 8.06] Demand: [7.94]
Reward for thread 5: [-18.47, -28.42, -26.5] -24.46  Inventory: [19.0, 50.0, 49.0]  Order: [9.46, 9.52, 9.53] Demand: [9.52]

 Algo happo Exp ippo_seed15_formal_v1 updates 154/3000 episodes, total num timesteps 155000/3000000, FPS 121.

Reward for thread 1: [-240.75, -86.51, -74.25] -133.84  Inventory: [0.0, 0.0, 18.0]  Order: [14.21, 14.07, 14.16] Demand: [17.335]
Reward for thread 2: [-21.86, -31.3, -27.91] -27.02  Inventory: [0.0, 0.0, 0.0]  Order: [9.07, 9.06, 8.94] Demand: [8.885]
Reward for thread 3: [-45.16, -36.62, -29.36] -37.05  Inventory: [18.0, 4.0, 0.0]  Order: [12.44, 12.52, 12.58] Demand: [12.41]
Reward for thread 4: [-84.75, -42.53, -42.73] -56.67  Inventory: [0.0, 0.0, 0.0]  Order: [10.21, 10.1, 9.99] Demand: [12.655]
Reward for thread 5: [-16.34, -25.27, -23.73] -21.78  Inventory: [6.0, 27.0, 80.0]  Order: [8.54, 8.44, 8.61] Demand: [8.635]

Eval average reward:  -33.89616666666667  Eval ordering fluctuation measurement (downstream to upstream):  [0.8598226304711017, 0.99125322165632, 1.1393555715481376]

 Algo happo Exp ippo_seed15_formal_v1 updates 155/3000 episodes, total num timesteps 156000/3000000, FPS 121.

Reward for thread 1: [-28.1, -30.06, -26.02] -28.06  Inventory: [0.0, 0.0, 0.0]  Order: [8.51, 8.44, 8.46] Demand: [9.145]
Reward for thread 2: [-49.49, -44.86, -33.3] -42.55  Inventory: [5.0, 6.0, 32.0]  Order: [9.44, 9.24, 9.18] Demand: [9.545]
Reward for thread 3: [-95.08, -46.98, -44.24] -62.1  Inventory: [0.0, 0.0, 0.0]  Order: [11.41, 11.36, 11.26] Demand: [13.835]
Reward for thread 4: [-20.61, -32.75, -28.25] -27.2  Inventory: [0.0, 0.0, 0.0]  Order: [8.15, 8.09, 7.9] Demand: [8.235]
Reward for thread 5: [-30.69, -30.69, -29.82] -30.4  Inventory: [19.0, 1.0, 16.0]  Order: [10.22, 10.16, 10.1] Demand: [10.225]

 Algo happo Exp ippo_seed15_formal_v1 updates 156/3000 episodes, total num timesteps 157000/3000000, FPS 121.

Reward for thread 1: [-15.22, -20.61, -21.59] -19.14  Inventory: [20.0, 46.0, 0.0]  Order: [9.8, 9.93, 10.02] Demand: [9.865]
Reward for thread 2: [-18.21, -28.58, -28.62] -25.14  Inventory: [9.0, 59.0, 36.0]  Order: [5.44, 5.49, 5.47] Demand: [5.63]
Reward for thread 3: [-27.58, -28.83, -24.11] -26.84  Inventory: [7.0, 34.0, 28.0]  Order: [10.19, 10.14, 10.05] Demand: [10.235]
Reward for thread 4: [-17.3, -28.62, -27.62] -24.51  Inventory: [0.0, 0.0, 19.0]  Order: [6.06, 6.0, 6.02] Demand: [5.97]
Reward for thread 5: [-157.22, -69.9, -56.76] -94.63  Inventory: [0.0, 0.0, 12.0]  Order: [13.71, 13.64, 13.62] Demand: [15.68]

 Algo happo Exp ippo_seed15_formal_v1 updates 157/3000 episodes, total num timesteps 158000/3000000, FPS 121.

Reward for thread 1: [-62.44, -36.26, -31.55] -43.42  Inventory: [0.0, 0.0, 0.0]  Order: [10.9, 10.94, 10.79] Demand: [12.69]
Reward for thread 2: [-21.49, -33.6, -40.68] -31.92  Inventory: [7.0, 55.0, 99.0]  Order: [3.78, 3.82, 4.07] Demand: [3.99]
Reward for thread 3: [-20.79, -29.14, -27.39] -25.77  Inventory: [15.0, 23.0, 30.0]  Order: [5.44, 5.34, 5.27] Demand: [5.525]
Reward for thread 4: [-94.84, -51.62, -45.36] -63.94  Inventory: [8.0, 40.0, 8.0]  Order: [12.34, 12.33, 12.31] Demand: [12.4]
Reward for thread 5: [-18.75, -28.11, -29.76] -25.54  Inventory: [0.0, 0.0, 0.0]  Order: [5.48, 5.48, 5.41] Demand: [5.315]

 Algo happo Exp ippo_seed15_formal_v1 updates 158/3000 episodes, total num timesteps 159000/3000000, FPS 121.

Reward for thread 1: [-26.87, -39.76, -47.88] -38.17  Inventory: [19.0, 100.0, 56.0]  Order: [2.49, 2.81, 2.86] Demand: [2.645]
Reward for thread 2: [-144.89, -55.6, -51.7] -84.06  Inventory: [0.0, 0.0, 0.0]  Order: [14.1, 14.05, 14.04] Demand: [15.035]
Reward for thread 3: [-21.2, -38.53, -33.2] -30.98  Inventory: [6.0, 19.0, 53.0]  Order: [5.32, 5.32, 5.37] Demand: [5.455]
Reward for thread 4: [-43.81, -33.14, -30.71] -35.89  Inventory: [14.0, 46.0, 78.0]  Order: [10.06, 10.06, 10.24] Demand: [10.13]
Reward for thread 5: [-94.4, -44.29, -39.19] -59.29  Inventory: [0.0, 0.0, 0.0]  Order: [12.72, 12.5, 12.42] Demand: [14.625]

 Algo happo Exp ippo_seed15_formal_v1 updates 159/3000 episodes, total num timesteps 160000/3000000, FPS 122.

Reward for thread 1: [-21.38, -28.89, -28.02] -26.1  Inventory: [8.0, 75.0, 12.0]  Order: [7.4, 7.54, 7.42] Demand: [7.6]
Reward for thread 2: [-25.33, -28.58, -23.35] -25.75  Inventory: [10.0, 36.0, 41.0]  Order: [11.22, 11.27, 11.3] Demand: [11.325]
Reward for thread 3: [-19.28, -24.38, -22.8] -22.15  Inventory: [0.0, 0.0, 0.0]  Order: [9.2, 9.17, 9.16] Demand: [9.065]
Reward for thread 4: [-24.91, -24.72, -20.76] -23.46  Inventory: [0.0, 14.0, 12.0]  Order: [12.98, 13.07, 13.08] Demand: [13.01]
Reward for thread 5: [-33.35, -23.57, -24.69] -27.2  Inventory: [2.0, 44.0, 78.0]  Order: [10.91, 10.88, 11.06] Demand: [11.07]

Eval average reward:  -34.772  Eval ordering fluctuation measurement (downstream to upstream):  [0.8391250242606011, 0.9723587265740148, 1.167948272524071]

 Algo happo Exp ippo_seed15_formal_v1 updates 160/3000 episodes, total num timesteps 161000/3000000, FPS 121.

Reward for thread 1: [-102.02, -47.97, -42.66] -64.22  Inventory: [0.0, 0.0, 0.0]  Order: [12.97, 12.98, 12.94] Demand: [15.235]
Reward for thread 2: [-84.27, -46.67, -38.78] -56.57  Inventory: [0.0, 0.0, 0.0]  Order: [12.57, 12.56, 12.58] Demand: [14.38]
Reward for thread 3: [-20.21, -33.25, -31.48] -28.31  Inventory: [10.0, 40.0, 29.0]  Order: [6.1, 6.14, 6.2] Demand: [6.1]
Reward for thread 4: [-19.84, -26.74, -29.24] -25.27  Inventory: [0.0, 0.0, 0.0]  Order: [8.13, 8.22, 8.22] Demand: [8.135]
Reward for thread 5: [-21.59, -32.26, -32.4] -28.75  Inventory: [17.0, 42.0, 44.0]  Order: [3.16, 3.16, 3.15] Demand: [3.325]

 Algo happo Exp ippo_seed15_formal_v1 updates 161/3000 episodes, total num timesteps 162000/3000000, FPS 121.

Reward for thread 1: [-38.9, -33.43, -28.1] -33.48  Inventory: [1.0, 60.0, 55.0]  Order: [11.57, 11.62, 11.66] Demand: [11.655]
Reward for thread 2: [-14.01, -21.45, -22.55] -19.34  Inventory: [26.0, 0.0, 0.0]  Order: [7.65, 7.75, 7.77] Demand: [7.585]
Reward for thread 3: [-41.61, -28.75, -32.64] -34.33  Inventory: [25.0, 14.0, 25.0]  Order: [9.48, 9.52, 9.44] Demand: [9.58]
Reward for thread 4: [-199.66, -79.22, -68.56] -115.81  Inventory: [0.0, 0.0, 0.0]  Order: [14.36, 14.21, 14.14] Demand: [16.845]
Reward for thread 5: [-19.16, -28.86, -34.49] -27.5  Inventory: [24.0, 46.0, 32.0]  Order: [3.14, 3.12, 3.06] Demand: [3.27]

 Algo happo Exp ippo_seed15_formal_v1 updates 162/3000 episodes, total num timesteps 163000/3000000, FPS 122.

Reward for thread 1: [-23.87, -37.12, -39.4] -33.46  Inventory: [5.0, 24.0, 69.0]  Order: [4.83, 4.71, 4.82] Demand: [4.84]
Reward for thread 2: [-15.09, -21.97, -20.97] -19.34  Inventory: [0.0, 0.0, 0.0]  Order: [8.16, 8.14, 8.1] Demand: [8.03]
Reward for thread 3: [-19.23, -31.92, -34.31] -28.49  Inventory: [17.0, 53.0, 32.0]  Order: [4.8, 4.83, 4.77] Demand: [4.97]
Reward for thread 4: [-29.01, -47.76, -56.56] -44.44  Inventory: [9.0, 79.0, 145.0]  Order: [3.3, 3.45, 3.94] Demand: [3.5]
Reward for thread 5: [-19.4, -22.06, -23.37] -21.61  Inventory: [0.0, 0.0, 0.0]  Order: [10.02, 10.21, 10.2] Demand: [10.465]

 Algo happo Exp ippo_seed15_formal_v1 updates 163/3000 episodes, total num timesteps 164000/3000000, FPS 122.

Reward for thread 1: [-29.26, -25.05, -21.43] -25.25  Inventory: [24.0, 44.0, 35.0]  Order: [11.66, 11.7, 11.71] Demand: [11.66]
Reward for thread 2: [-18.1, -27.12, -30.61] -25.28  Inventory: [8.0, 37.0, 53.0]  Order: [4.55, 4.54, 4.58] Demand: [4.715]
Reward for thread 3: [-24.44, -31.42, -27.04] -27.63  Inventory: [22.0, 52.0, 51.0]  Order: [9.54, 9.58, 9.59] Demand: [9.655]
Reward for thread 4: [-16.03, -25.06, -27.55] -22.88  Inventory: [3.0, 44.0, 27.0]  Order: [5.06, 5.1, 5.06] Demand: [5.18]
Reward for thread 5: [-46.67, -31.0, -27.38] -35.02  Inventory: [0.0, 0.0, 0.0]  Order: [11.86, 11.59, 11.62] Demand: [12.63]

 Algo happo Exp ippo_seed15_formal_v1 updates 164/3000 episodes, total num timesteps 165000/3000000, FPS 122.

Reward for thread 1: [-16.4, -23.06, -22.38] -20.61  Inventory: [9.0, 22.0, 33.0]  Order: [7.89, 7.82, 7.74] Demand: [8.05]
Reward for thread 2: [-17.24, -26.6, -30.02] -24.62  Inventory: [7.0, 53.0, 70.0]  Order: [3.36, 3.38, 3.48] Demand: [3.5]
Reward for thread 3: [-19.7, -31.14, -32.32] -27.72  Inventory: [11.0, 59.0, 4.0]  Order: [2.86, 2.98, 2.76] Demand: [3.04]
Reward for thread 4: [-22.59, -27.41, -25.25] -25.08  Inventory: [22.0, 23.0, 44.0]  Order: [10.91, 10.82, 10.84] Demand: [10.91]
Reward for thread 5: [-25.74, -31.87, -52.01] -36.54  Inventory: [23.0, 37.0, 92.0]  Order: [3.16, 3.13, 3.37] Demand: [3.285]

Eval average reward:  -34.586916666666674  Eval ordering fluctuation measurement (downstream to upstream):  [0.8273955001071386, 0.9757224342739039, 1.1025536804845175]

 Algo happo Exp ippo_seed15_formal_v1 updates 165/3000 episodes, total num timesteps 166000/3000000, FPS 121.

Reward for thread 1: [-28.54, -34.49, -33.02] -32.02  Inventory: [10.0, 22.0, 72.0]  Order: [8.82, 8.69, 8.82] Demand: [8.935]
Reward for thread 2: [-18.21, -25.29, -27.93] -23.81  Inventory: [12.0, 53.0, 36.0]  Order: [4.9, 4.93, 4.92] Demand: [5.075]
Reward for thread 3: [-76.13, -43.51, -35.14] -51.59  Inventory: [0.0, 0.0, 0.0]  Order: [14.65, 14.52, 14.52] Demand: [16.12]
Reward for thread 4: [-50.58, -36.23, -29.58] -38.8  Inventory: [0.0, 17.0, 11.0]  Order: [13.66, 13.78, 13.84] Demand: [13.615]
Reward for thread 5: [-22.13, -25.09, -27.51] -24.91  Inventory: [3.0, 31.0, 82.0]  Order: [8.0, 7.91, 8.09] Demand: [8.205]

 Algo happo Exp ippo_seed15_formal_v1 updates 166/3000 episodes, total num timesteps 167000/3000000, FPS 122.

Reward for thread 1: [-158.7, -63.91, -55.01] -92.54  Inventory: [0.0, 0.0, 0.0]  Order: [15.04, 15.06, 15.08] Demand: [15.29]
Reward for thread 2: [-15.7, -22.53, -22.61] -20.28  Inventory: [23.0, 28.0, 29.0]  Order: [8.31, 8.31, 8.24] Demand: [8.375]
Reward for thread 3: [-143.01, -69.78, -56.63] -89.81  Inventory: [0.0, 0.0, 0.0]  Order: [13.44, 13.38, 13.36] Demand: [15.925]
Reward for thread 4: [-23.22, -28.92, -25.02] -25.72  Inventory: [4.0, 4.0, 65.0]  Order: [10.15, 10.06, 10.14] Demand: [10.175]
Reward for thread 5: [-17.14, -24.29, -26.59] -22.67  Inventory: [11.0, 20.0, 1.0]  Order: [7.26, 7.26, 7.3] Demand: [7.375]

 Algo happo Exp ippo_seed15_formal_v1 updates 167/3000 episodes, total num timesteps 168000/3000000, FPS 122.

Reward for thread 1: [-19.83, -29.16, -36.37] -28.45  Inventory: [12.0, 39.0, 52.0]  Order: [2.64, 2.59, 2.62] Demand: [2.835]
Reward for thread 2: [-18.88, -27.3, -29.84] -25.34  Inventory: [1.0, 2.0, 2.0]  Order: [7.74, 7.74, 7.63] Demand: [7.765]
Reward for thread 3: [-19.03, -29.06, -28.04] -25.38  Inventory: [9.0, 23.0, 10.0]  Order: [4.46, 4.54, 4.43] Demand: [4.555]
Reward for thread 4: [-16.33, -25.4, -28.79] -23.51  Inventory: [11.0, 28.0, 30.0]  Order: [4.34, 4.24, 4.14] Demand: [4.49]
Reward for thread 5: [-19.59, -31.83, -37.01] -29.48  Inventory: [1.0, 10.0, 8.0]  Order: [5.61, 5.62, 5.53] Demand: [5.65]

 Algo happo Exp ippo_seed15_formal_v1 updates 168/3000 episodes, total num timesteps 169000/3000000, FPS 122.

Reward for thread 1: [-43.07, -36.94, -31.06] -37.02  Inventory: [1.0, 21.0, 36.0]  Order: [9.02, 8.98, 8.91] Demand: [9.15]
Reward for thread 2: [-42.24, -32.03, -30.78] -35.02  Inventory: [0.0, 0.0, 0.0]  Order: [9.19, 9.1, 9.11] Demand: [10.085]
Reward for thread 3: [-15.0, -22.12, -24.46] -20.53  Inventory: [29.0, 10.0, 6.0]  Order: [5.5, 5.57, 5.62] Demand: [5.585]
Reward for thread 4: [-17.15, -24.6, -28.18] -23.31  Inventory: [13.0, 67.0, 75.0]  Order: [5.5, 5.67, 5.8] Demand: [5.655]
Reward for thread 5: [-17.68, -25.27, -29.12] -24.02  Inventory: [21.0, 58.0, 57.0]  Order: [5.2, 5.26, 5.32] Demand: [5.34]

 Algo happo Exp ippo_seed15_formal_v1 updates 169/3000 episodes, total num timesteps 170000/3000000, FPS 122.

Reward for thread 1: [-48.11, -42.98, -39.78] -43.62  Inventory: [0.0, 0.0, 0.0]  Order: [8.47, 8.14, 8.04] Demand: [8.25]
Reward for thread 2: [-113.45, -51.6, -43.12] -69.39  Inventory: [0.0, 0.0, 0.0]  Order: [13.26, 13.32, 13.32] Demand: [15.61]
Reward for thread 3: [-16.64, -25.11, -24.93] -22.23  Inventory: [8.0, 19.0, 43.0]  Order: [5.75, 5.6, 5.58] Demand: [5.92]
Reward for thread 4: [-163.23, -59.25, -54.3] -92.26  Inventory: [0.0, 0.0, 0.0]  Order: [13.15, 13.14, 13.2] Demand: [15.505]
Reward for thread 5: [-145.92, -54.04, -47.52] -82.49  Inventory: [38.0, 19.0, 19.0]  Order: [13.84, 13.84, 13.94] Demand: [13.65]

Eval average reward:  -33.41941666666666  Eval ordering fluctuation measurement (downstream to upstream):  [0.7944125221965417, 0.9292958191073479, 1.2091335814316904]
A better model is saved!

 Algo happo Exp ippo_seed15_formal_v1 updates 170/3000 episodes, total num timesteps 171000/3000000, FPS 122.

Reward for thread 1: [-21.59, -33.79, -34.08] -29.82  Inventory: [10.0, 22.0, 36.0]  Order: [5.3, 5.23, 5.17] Demand: [5.48]
Reward for thread 2: [-20.95, -27.02, -25.58] -24.52  Inventory: [0.0, 0.0, 0.0]  Order: [7.74, 7.7, 7.64] Demand: [7.58]
Reward for thread 3: [-248.42, -83.87, -77.47] -136.59  Inventory: [0.0, 0.0, 0.0]  Order: [14.34, 14.42, 14.44] Demand: [17.845]
Reward for thread 4: [-63.99, -37.85, -36.22] -46.02  Inventory: [52.0, 62.0, 67.0]  Order: [11.22, 11.29, 11.53] Demand: [11.185]
Reward for thread 5: [-43.4, -29.77, -25.39] -32.85  Inventory: [0.0, 0.0, 8.0]  Order: [13.26, 13.12, 13.11] Demand: [14.425]

 Algo happo Exp ippo_seed15_formal_v1 updates 171/3000 episodes, total num timesteps 172000/3000000, FPS 122.

Reward for thread 1: [-20.83, -28.66, -27.56] -25.68  Inventory: [13.0, 18.0, 13.0]  Order: [6.86, 6.8, 6.83] Demand: [6.95]
Reward for thread 2: [-105.08, -44.14, -39.46] -62.89  Inventory: [0.0, 0.0, 0.0]  Order: [14.31, 14.34, 14.31] Demand: [15.47]
Reward for thread 3: [-61.06, -33.04, -31.08] -41.73  Inventory: [0.0, 0.0, 0.0]  Order: [12.06, 11.94, 11.82] Demand: [11.815]
Reward for thread 4: [-14.83, -21.37, -22.86] -19.69  Inventory: [7.0, 0.0, 8.0]  Order: [7.12, 7.14, 6.98] Demand: [7.2]
Reward for thread 5: [-20.93, -29.9, -27.39] -26.07  Inventory: [7.0, 29.0, 48.0]  Order: [8.15, 8.1, 8.14] Demand: [8.325]

 Algo happo Exp ippo_seed15_formal_v1 updates 172/3000 episodes, total num timesteps 173000/3000000, FPS 122.

Reward for thread 1: [-20.16, -29.96, -31.26] -27.13  Inventory: [17.0, 20.0, 26.0]  Order: [6.32, 6.26, 6.15] Demand: [6.485]
Reward for thread 2: [-18.77, -29.86, -29.11] -25.91  Inventory: [8.0, 73.0, 40.0]  Order: [5.62, 5.76, 5.71] Demand: [5.83]
Reward for thread 3: [-80.72, -36.38, -36.06] -51.05  Inventory: [0.0, 0.0, 0.0]  Order: [13.52, 13.56, 13.47] Demand: [14.39]
Reward for thread 4: [-17.67, -22.35, -23.8] -21.27  Inventory: [0.0, 0.0, 0.0]  Order: [7.56, 7.44, 7.48] Demand: [7.96]
Reward for thread 5: [-22.85, -30.02, -27.4] -26.76  Inventory: [0.0, 0.0, 0.0]  Order: [9.32, 9.22, 9.2] Demand: [9.605]

 Algo happo Exp ippo_seed15_formal_v1 updates 173/3000 episodes, total num timesteps 174000/3000000, FPS 122.

Reward for thread 1: [-45.17, -40.43, -34.2] -39.93  Inventory: [0.0, 0.0, 0.0]  Order: [10.01, 9.9, 9.98] Demand: [10.005]
Reward for thread 2: [-224.37, -75.03, -69.81] -123.07  Inventory: [0.0, 0.0, 0.0]  Order: [13.37, 13.48, 13.46] Demand: [15.425]
Reward for thread 3: [-22.39, -34.06, -40.99] -32.48  Inventory: [28.0, 37.0, 8.0]  Order: [3.86, 3.94, 3.78] Demand: [3.85]
Reward for thread 4: [-59.79, -42.45, -39.44] -47.23  Inventory: [0.0, 0.0, 7.0]  Order: [9.12, 9.06, 9.07] Demand: [10.725]
Reward for thread 5: [-35.56, -28.55, -26.79] -30.3  Inventory: [0.0, 0.0, 0.0]  Order: [11.4, 11.54, 11.53] Demand: [11.515]

 Algo happo Exp ippo_seed15_formal_v1 updates 174/3000 episodes, total num timesteps 175000/3000000, FPS 122.

Reward for thread 1: [-22.53, -34.08, -43.38] -33.33  Inventory: [18.0, 66.0, 91.0]  Order: [2.88, 2.98, 3.18] Demand: [3.035]
Reward for thread 2: [-23.79, -32.72, -31.63] -29.38  Inventory: [17.0, 26.0, 0.0]  Order: [6.76, 6.74, 6.7] Demand: [6.875]
Reward for thread 3: [-16.52, -21.94, -25.3] -21.25  Inventory: [0.0, 13.0, 0.0]  Order: [8.32, 8.5, 8.57] Demand: [8.38]
Reward for thread 4: [-91.8, -41.29, -37.98] -57.02  Inventory: [0.0, 0.0, 12.0]  Order: [12.68, 12.46, 12.44] Demand: [14.26]
Reward for thread 5: [-15.98, -22.92, -25.89] -21.6  Inventory: [27.0, 37.0, 15.0]  Order: [5.56, 5.6, 5.57] Demand: [5.67]

Eval average reward:  -34.995  Eval ordering fluctuation measurement (downstream to upstream):  [0.8075401884059257, 0.9020960511634415, 1.2416955510435552]

 Algo happo Exp ippo_seed15_formal_v1 updates 175/3000 episodes, total num timesteps 176000/3000000, FPS 122.

Reward for thread 1: [-77.78, -42.62, -40.76] -53.72  Inventory: [0.0, 0.0, 0.0]  Order: [11.63, 11.47, 11.28] Demand: [11.5]
Reward for thread 2: [-15.52, -27.71, -24.07] -22.43  Inventory: [1.0, 60.0, 47.0]  Order: [3.84, 3.9, 3.89] Demand: [4.05]
Reward for thread 3: [-21.42, -24.0, -25.15] -23.52  Inventory: [0.0, 0.0, 0.0]  Order: [9.09, 9.07, 9.17] Demand: [9.3]
Reward for thread 4: [-38.36, -26.86, -26.59] -30.6  Inventory: [0.0, 0.0, 6.0]  Order: [10.54, 10.59, 10.62] Demand: [11.6]
Reward for thread 5: [-89.06, -42.45, -36.91] -56.14  Inventory: [0.0, 10.0, 0.0]  Order: [10.92, 10.98, 10.88] Demand: [12.365]

 Algo happo Exp ippo_seed15_formal_v1 updates 176/3000 episodes, total num timesteps 177000/3000000, FPS 122.

Reward for thread 1: [-16.06, -20.37, -23.96] -20.13  Inventory: [0.0, 4.0, 2.0]  Order: [7.48, 7.51, 7.43] Demand: [7.69]
Reward for thread 2: [-19.75, -30.0, -30.2] -26.65  Inventory: [0.0, 65.0, 75.0]  Order: [7.02, 7.1, 7.26] Demand: [7.]
Reward for thread 3: [-22.03, -35.16, -27.24] -28.14  Inventory: [15.0, 78.0, 17.0]  Order: [3.99, 4.16, 4.0] Demand: [4.15]
Reward for thread 4: [-32.99, -20.66, -22.58] -25.41  Inventory: [0.0, 0.0, 0.0]  Order: [11.2, 11.34, 11.31] Demand: [11.195]
Reward for thread 5: [-17.92, -22.1, -23.15] -21.06  Inventory: [0.0, 0.0, 22.0]  Order: [10.48, 10.46, 10.35] Demand: [10.61]

 Algo happo Exp ippo_seed15_formal_v1 updates 177/3000 episodes, total num timesteps 178000/3000000, FPS 122.

Reward for thread 1: [-16.76, -20.37, -21.97] -19.7  Inventory: [0.0, 23.0, 33.0]  Order: [6.62, 6.53, 6.5] Demand: [6.815]
Reward for thread 2: [-132.51, -42.29, -41.89] -72.23  Inventory: [0.0, 15.0, 0.0]  Order: [13.87, 13.98, 13.94] Demand: [15.405]
Reward for thread 3: [-27.06, -43.37, -53.53] -41.32  Inventory: [23.0, 86.0, 53.0]  Order: [2.26, 2.46, 2.51] Demand: [2.4]
Reward for thread 4: [-49.57, -31.7, -29.45] -36.91  Inventory: [0.0, 26.0, 11.0]  Order: [12.96, 13.09, 13.14] Demand: [14.21]
Reward for thread 5: [-23.38, -35.38, -43.15] -33.97  Inventory: [7.0, 22.0, 55.0]  Order: [2.4, 2.3, 2.34] Demand: [2.55]

 Algo happo Exp ippo_seed15_formal_v1 updates 178/3000 episodes, total num timesteps 179000/3000000, FPS 122.

Reward for thread 1: [-17.73, -23.52, -29.43] -23.56  Inventory: [19.0, 0.0, 0.0]  Order: [4.97, 4.99, 4.88] Demand: [4.995]
Reward for thread 2: [-17.66, -22.0, -22.51] -20.72  Inventory: [5.0, 1.0, 14.0]  Order: [9.26, 9.24, 9.3] Demand: [9.23]
Reward for thread 3: [-57.57, -34.15, -31.97] -41.23  Inventory: [0.0, 0.0, 24.0]  Order: [10.55, 10.49, 10.48] Demand: [12.015]
Reward for thread 4: [-146.28, -50.67, -49.15] -82.03  Inventory: [0.0, 0.0, 4.0]  Order: [14.21, 14.22, 14.22] Demand: [15.555]
Reward for thread 5: [-13.76, -19.43, -25.26] -19.48  Inventory: [0.0, 13.0, 36.0]  Order: [4.42, 4.31, 4.27] Demand: [4.57]

 Algo happo Exp ippo_seed15_formal_v1 updates 179/3000 episodes, total num timesteps 180000/3000000, FPS 122.

Reward for thread 1: [-16.33, -21.02, -25.03] -20.79  Inventory: [1.0, 8.0, 59.0]  Order: [6.53, 6.32, 6.41] Demand: [6.615]
Reward for thread 2: [-138.22, -49.98, -48.31] -78.84  Inventory: [0.0, 0.0, 12.0]  Order: [14.2, 14.15, 14.14] Demand: [14.185]
Reward for thread 3: [-21.88, -34.75, -34.8] -30.48  Inventory: [3.0, 46.0, 63.0]  Order: [4.42, 4.42, 4.5] Demand: [4.62]
Reward for thread 4: [-18.64, -22.36, -25.32] -22.11  Inventory: [28.0, 57.0, 42.0]  Order: [8.6, 8.65, 8.7] Demand: [8.7]
Reward for thread 5: [-18.12, -24.6, -23.12] -21.95  Inventory: [0.0, 0.0, 0.0]  Order: [10.0, 10.05, 10.02] Demand: [10.08]

Eval average reward:  -34.72883333333333  Eval ordering fluctuation measurement (downstream to upstream):  [0.7683588875856711, 0.9840588639518595, 1.2477661675593452]

 Algo happo Exp ippo_seed15_formal_v1 updates 180/3000 episodes, total num timesteps 181000/3000000, FPS 122.

Reward for thread 1: [-22.58, -33.85, -39.37] -31.93  Inventory: [2.0, 35.0, 93.0]  Order: [5.98, 5.9, 6.14] Demand: [6.125]
Reward for thread 2: [-21.8, -29.8, -32.62] -28.07  Inventory: [6.0, 19.0, 12.0]  Order: [7.28, 7.29, 7.27] Demand: [7.325]
Reward for thread 3: [-19.24, -25.01, -26.62] -23.62  Inventory: [0.0, 0.0, 18.0]  Order: [7.65, 7.63, 7.61] Demand: [7.595]
Reward for thread 4: [-18.05, -21.9, -25.44] -21.8  Inventory: [0.0, 0.0, 0.0]  Order: [8.16, 8.18, 8.05] Demand: [8.095]
Reward for thread 5: [-25.49, -20.72, -19.68] -21.96  Inventory: [0.0, 0.0, 0.0]  Order: [12.34, 12.33, 12.34] Demand: [12.655]

 Algo happo Exp ippo_seed15_formal_v1 updates 181/3000 episodes, total num timesteps 182000/3000000, FPS 122.

Reward for thread 1: [-19.0, -24.85, -24.59] -22.81  Inventory: [0.0, 0.0, 0.0]  Order: [8.9, 8.72, 8.76] Demand: [8.76]
Reward for thread 2: [-78.95, -35.02, -32.74] -48.9  Inventory: [1.0, 4.0, 21.0]  Order: [14.24, 14.25, 14.14] Demand: [14.32]
Reward for thread 3: [-15.91, -23.5, -29.64] -23.02  Inventory: [0.0, 19.0, 9.0]  Order: [5.26, 5.26, 5.07] Demand: [5.41]
Reward for thread 4: [-25.23, -21.64, -21.99] -22.95  Inventory: [0.0, 6.0, 24.0]  Order: [11.26, 11.22, 11.2] Demand: [11.38]
Reward for thread 5: [-26.44, -20.83, -20.35] -22.54  Inventory: [0.0, 0.0, 0.0]  Order: [11.38, 11.2, 11.13] Demand: [11.975]

 Algo happo Exp ippo_seed15_formal_v1 updates 182/3000 episodes, total num timesteps 183000/3000000, FPS 122.

Reward for thread 1: [-15.37, -23.43, -27.96] -22.25  Inventory: [17.0, 23.0, 75.0]  Order: [6.18, 6.06, 6.29] Demand: [6.35]
Reward for thread 2: [-111.23, -39.6, -37.45] -62.76  Inventory: [0.0, 0.0, 0.0]  Order: [13.7, 13.7, 13.7] Demand: [16.09]
Reward for thread 3: [-16.93, -21.69, -27.37] -22.0  Inventory: [5.0, 13.0, 31.0]  Order: [5.42, 5.28, 5.2] Demand: [5.555]
Reward for thread 4: [-19.57, -21.24, -23.89] -21.57  Inventory: [0.0, 6.0, 0.0]  Order: [9.36, 9.48, 9.5] Demand: [9.735]
Reward for thread 5: [-21.38, -20.66, -20.0] -20.68  Inventory: [7.0, 10.0, 16.0]  Order: [12.01, 11.96, 12.07] Demand: [12.08]

 Algo happo Exp ippo_seed15_formal_v1 updates 183/3000 episodes, total num timesteps 184000/3000000, FPS 122.

Reward for thread 1: [-17.13, -25.58, -30.8] -24.5  Inventory: [5.0, 27.0, 35.0]  Order: [4.36, 4.28, 4.22] Demand: [4.49]
Reward for thread 2: [-15.92, -20.64, -32.9] -23.15  Inventory: [7.0, 8.0, 44.0]  Order: [4.96, 4.92, 4.9] Demand: [5.165]
Reward for thread 3: [-213.31, -64.32, -63.34] -113.66  Inventory: [0.0, 1.0, 0.0]  Order: [13.72, 13.84, 13.81] Demand: [16.495]
Reward for thread 4: [-17.93, -22.2, -25.15] -21.76  Inventory: [20.0, 25.0, 38.0]  Order: [3.16, 3.07, 3.03] Demand: [3.235]
Reward for thread 5: [-91.41, -39.01, -36.53] -55.65  Inventory: [0.0, 0.0, 0.0]  Order: [12.32, 12.44, 12.46] Demand: [14.715]

 Algo happo Exp ippo_seed15_formal_v1 updates 184/3000 episodes, total num timesteps 185000/3000000, FPS 122.

Reward for thread 1: [-19.84, -23.81, -25.59] -23.08  Inventory: [5.0, 16.0, 64.0]  Order: [8.68, 8.51, 8.6] Demand: [8.8]
Reward for thread 2: [-24.27, -39.43, -40.9] -34.87  Inventory: [0.0, 85.0, 102.0]  Order: [5.1, 5.28, 5.54] Demand: [5.245]
Reward for thread 3: [-23.17, -21.87, -25.47] -23.5  Inventory: [0.0, 0.0, 0.0]  Order: [10.34, 10.44, 10.53] Demand: [11.1]
Reward for thread 4: [-17.63, -22.62, -32.18] -24.14  Inventory: [5.0, 14.0, 42.0]  Order: [3.32, 3.14, 3.13] Demand: [3.51]
Reward for thread 5: [-21.83, -34.5, -34.47] -30.27  Inventory: [8.0, 30.0, 59.0]  Order: [5.0, 4.92, 4.99] Demand: [5.17]

Eval average reward:  -33.29275  Eval ordering fluctuation measurement (downstream to upstream):  [0.7334110994668408, 0.9669898698112597, 1.2257149140303314]
A better model is saved!

 Algo happo Exp ippo_seed15_formal_v1 updates 185/3000 episodes, total num timesteps 186000/3000000, FPS 122.

Reward for thread 1: [-14.91, -18.1, -22.58] -18.53  Inventory: [0.0, 0.0, 0.0]  Order: [7.88, 7.92, 7.8] Demand: [8.255]
Reward for thread 2: [-23.84, -23.81, -21.53] -23.06  Inventory: [24.0, 47.0, 44.0]  Order: [12.43, 12.57, 12.71] Demand: [12.42]
Reward for thread 3: [-20.94, -28.01, -43.76] -30.9  Inventory: [5.0, 0.0, 2.0]  Order: [3.64, 3.54, 3.48] Demand: [3.655]
Reward for thread 4: [-15.41, -22.5, -30.96] -22.96  Inventory: [0.0, 5.0, 69.0]  Order: [4.46, 4.28, 4.41] Demand: [4.645]
Reward for thread 5: [-18.57, -27.82, -38.35] -28.25  Inventory: [6.0, 40.0, 95.0]  Order: [3.23, 3.18, 3.47] Demand: [3.45]

 Algo happo Exp ippo_seed15_formal_v1 updates 186/3000 episodes, total num timesteps 187000/3000000, FPS 122.

Reward for thread 1: [-61.41, -33.34, -32.69] -42.48  Inventory: [0.0, 19.0, 4.0]  Order: [12.85, 12.94, 12.92] Demand: [13.835]
Reward for thread 2: [-18.06, -25.9, -36.1] -26.69  Inventory: [20.0, 24.0, 63.0]  Order: [4.05, 3.93, 4.01] Demand: [4.185]
Reward for thread 3: [-15.65, -22.58, -30.13] -22.79  Inventory: [11.0, 26.0, 44.0]  Order: [3.24, 3.13, 3.14] Demand: [3.405]
Reward for thread 4: [-36.17, -23.4, -24.85] -28.14  Inventory: [0.0, 0.0, 0.0]  Order: [10.42, 10.56, 10.54] Demand: [11.295]
Reward for thread 5: [-19.1, -24.38, -29.79] -24.42  Inventory: [7.0, 0.0, 6.0]  Order: [6.3, 6.25, 6.24] Demand: [6.395]

 Algo happo Exp ippo_seed15_formal_v1 updates 187/3000 episodes, total num timesteps 188000/3000000, FPS 122.

Reward for thread 1: [-39.56, -24.28, -26.3] -30.05  Inventory: [3.0, 17.0, 24.0]  Order: [9.44, 9.46, 9.52] Demand: [9.555]
Reward for thread 2: [-17.38, -22.5, -29.15] -23.01  Inventory: [14.0, 1.0, 9.0]  Order: [5.76, 5.74, 5.72] Demand: [5.78]
Reward for thread 3: [-46.27, -24.23, -23.69] -31.4  Inventory: [0.0, 14.0, 20.0]  Order: [12.66, 12.68, 12.76] Demand: [14.26]
Reward for thread 4: [-18.74, -23.32, -26.19] -22.75  Inventory: [4.0, 23.0, 44.0]  Order: [8.14, 8.06, 8.04] Demand: [8.3]
Reward for thread 5: [-38.15, -41.44, -84.73] -54.77  Inventory: [72.0, 21.0, 205.0]  Order: [1.51, 1.38, 2.19] Demand: [1.4]

 Algo happo Exp ippo_seed15_formal_v1 updates 188/3000 episodes, total num timesteps 189000/3000000, FPS 122.

Reward for thread 1: [-17.56, -22.57, -25.44] -21.86  Inventory: [0.0, 0.0, 17.0]  Order: [9.52, 9.38, 9.26] Demand: [9.555]
Reward for thread 2: [-21.96, -21.54, -24.86] -22.79  Inventory: [15.0, 20.0, 57.0]  Order: [9.18, 9.18, 9.28] Demand: [9.28]
Reward for thread 3: [-21.48, -22.3, -23.0] -22.26  Inventory: [0.0, 0.0, 14.0]  Order: [11.18, 11.21, 11.21] Demand: [11.61]
Reward for thread 4: [-24.24, -29.47, -39.42] -31.04  Inventory: [3.0, 20.0, 38.0]  Order: [5.54, 5.49, 5.43] Demand: [5.715]
Reward for thread 5: [-18.53, -25.82, -31.86] -25.4  Inventory: [11.0, 50.0, 66.0]  Order: [6.3, 6.32, 6.42] Demand: [6.435]

 Algo happo Exp ippo_seed15_formal_v1 updates 189/3000 episodes, total num timesteps 190000/3000000, FPS 122.

Reward for thread 1: [-15.04, -19.6, -25.45] -20.03  Inventory: [3.0, 16.0, 0.0]  Order: [6.92, 6.96, 6.9] Demand: [7.04]
Reward for thread 2: [-96.33, -37.99, -34.69] -56.34  Inventory: [0.0, 21.0, 2.0]  Order: [13.72, 13.9, 13.93] Demand: [14.735]
Reward for thread 3: [-22.08, -27.32, -47.62] -32.34  Inventory: [3.0, 27.0, 98.0]  Order: [2.88, 2.76, 3.05] Demand: [3.1]
Reward for thread 4: [-21.36, -25.63, -30.66] -25.88  Inventory: [4.0, 50.0, 56.0]  Order: [6.26, 6.28, 6.36] Demand: [6.4]
Reward for thread 5: [-32.7, -29.54, -25.75] -29.33  Inventory: [2.0, 57.0, 68.0]  Order: [10.89, 10.94, 11.04] Demand: [10.995]

Eval average reward:  -36.971833333333336  Eval ordering fluctuation measurement (downstream to upstream):  [0.7314360206603789, 0.9765312386955151, 0.9714098948582794]

 Algo happo Exp ippo_seed15_formal_v1 updates 190/3000 episodes, total num timesteps 191000/3000000, FPS 122.

Reward for thread 1: [-80.95, -36.48, -33.58] -50.34  Inventory: [0.0, 16.0, 1.0]  Order: [13.89, 13.91, 13.94] Demand: [14.2]
Reward for thread 2: [-119.64, -43.88, -42.39] -68.64  Inventory: [0.0, 0.0, 0.0]  Order: [14.11, 14.14, 14.14] Demand: [14.745]
Reward for thread 3: [-16.8, -22.08, -25.7] -21.53  Inventory: [28.0, 41.0, 51.0]  Order: [8.08, 8.06, 8.14] Demand: [8.065]
Reward for thread 4: [-19.58, -26.9, -34.74] -27.07  Inventory: [72.0, 69.0, 42.0]  Order: [6.86, 7.02, 7.16] Demand: [6.725]
Reward for thread 5: [-19.13, -25.19, -31.14] -25.15  Inventory: [0.0, 0.0, 66.0]  Order: [7.68, 7.6, 7.7] Demand: [7.775]

 Algo happo Exp ippo_seed15_formal_v1 updates 191/3000 episodes, total num timesteps 192000/3000000, FPS 122.

Reward for thread 1: [-103.78, -37.0, -36.0] -58.93  Inventory: [0.0, 0.0, 0.0]  Order: [13.34, 13.47, 13.54] Demand: [15.445]
Reward for thread 2: [-17.0, -22.94, -29.59] -23.18  Inventory: [2.0, 17.0, 47.0]  Order: [5.02, 4.86, 4.91] Demand: [5.125]
Reward for thread 3: [-121.37, -44.94, -48.06] -71.46  Inventory: [0.0, 21.0, 0.0]  Order: [10.24, 10.38, 10.42] Demand: [13.03]
Reward for thread 4: [-16.32, -20.61, -26.85] -21.26  Inventory: [0.0, 0.0, 0.0]  Order: [6.24, 6.31, 6.38] Demand: [6.275]
Reward for thread 5: [-20.14, -26.17, -34.08] -26.8  Inventory: [0.0, 52.0, 84.0]  Order: [7.0, 7.02, 7.22] Demand: [7.225]

 Algo happo Exp ippo_seed15_formal_v1 updates 192/3000 episodes, total num timesteps 193000/3000000, FPS 122.

Reward for thread 1: [-13.98, -18.96, -22.79] -18.58  Inventory: [1.0, 0.0, 7.0]  Order: [7.44, 7.38, 7.31] Demand: [7.46]
Reward for thread 2: [-132.03, -47.57, -47.39] -75.66  Inventory: [6.0, 18.0, 28.0]  Order: [11.78, 11.81, 11.72] Demand: [11.94]
Reward for thread 3: [-17.67, -21.23, -24.38] -21.09  Inventory: [0.0, 30.0, 12.0]  Order: [8.98, 9.15, 9.18] Demand: [9.02]
Reward for thread 4: [-199.39, -64.15, -63.46] -109.0  Inventory: [0.0, 8.0, 0.0]  Order: [13.86, 14.07, 14.12] Demand: [16.855]
Reward for thread 5: [-19.49, -20.06, -20.98] -20.18  Inventory: [11.0, 30.0, 63.0]  Order: [10.02, 9.92, 9.99] Demand: [10.16]

 Algo happo Exp ippo_seed15_formal_v1 updates 193/3000 episodes, total num timesteps 194000/3000000, FPS 122.

Reward for thread 1: [-28.38, -21.42, -25.63] -25.14  Inventory: [0.0, 0.0, 0.0]  Order: [9.09, 9.14, 9.14] Demand: [9.08]
Reward for thread 2: [-15.24, -20.39, -29.23] -21.62  Inventory: [2.0, 30.0, 26.0]  Order: [4.88, 4.86, 4.94] Demand: [4.98]
Reward for thread 3: [-19.19, -24.36, -30.67] -24.74  Inventory: [13.0, 53.0, 36.0]  Order: [6.87, 7.02, 7.0] Demand: [6.99]
Reward for thread 4: [-170.16, -56.7, -53.71] -93.52  Inventory: [0.0, 0.0, 0.0]  Order: [14.59, 14.58, 14.62] Demand: [15.255]
Reward for thread 5: [-108.21, -38.4, -39.88] -62.16  Inventory: [0.0, 2.0, 21.0]  Order: [13.32, 13.24, 13.28] Demand: [13.345]

 Algo happo Exp ippo_seed15_formal_v1 updates 194/3000 episodes, total num timesteps 195000/3000000, FPS 122.

Reward for thread 1: [-105.43, -42.76, -39.6] -62.6  Inventory: [0.0, 0.0, 6.0]  Order: [12.78, 12.74, 12.74] Demand: [12.835]
Reward for thread 2: [-14.1, -18.76, -23.74] -18.87  Inventory: [23.0, 27.0, 44.0]  Order: [8.04, 7.98, 7.99] Demand: [8.15]
Reward for thread 3: [-28.33, -32.66, -30.63] -30.54  Inventory: [0.0, 13.0, 0.0]  Order: [11.74, 11.93, 11.94] Demand: [12.03]
Reward for thread 4: [-27.15, -22.42, -25.99] -25.19  Inventory: [0.0, 2.0, 0.0]  Order: [10.43, 10.56, 10.59] Demand: [10.62]
Reward for thread 5: [-32.3, -27.04, -23.47] -27.6  Inventory: [17.0, 10.0, 29.0]  Order: [11.99, 11.95, 12.06] Demand: [12.095]

Eval average reward:  -36.84758333333333  Eval ordering fluctuation measurement (downstream to upstream):  [0.7785302344779808, 1.0091349971457513, 0.9764524217465844]

 Algo happo Exp ippo_seed15_formal_v1 updates 195/3000 episodes, total num timesteps 196000/3000000, FPS 122.

Reward for thread 1: [-19.18, -26.18, -37.86] -27.74  Inventory: [11.0, 62.0, 79.0]  Order: [3.7, 3.76, 3.94] Demand: [3.9]
Reward for thread 2: [-25.95, -33.8, -51.03] -36.93  Inventory: [33.0, 40.0, 148.0]  Order: [2.92, 2.87, 3.38] Demand: [2.98]
Reward for thread 3: [-26.48, -29.55, -30.04] -28.69  Inventory: [17.0, 10.0, 46.0]  Order: [9.65, 9.58, 9.6] Demand: [9.705]
Reward for thread 4: [-52.69, -30.91, -27.07] -36.89  Inventory: [0.0, 0.0, 4.0]  Order: [13.36, 13.1, 13.03] Demand: [14.095]
Reward for thread 5: [-19.79, -29.29, -38.96] -29.35  Inventory: [9.0, 44.0, 83.0]  Order: [3.1, 3.06, 3.27] Demand: [3.285]

 Algo happo Exp ippo_seed15_formal_v1 updates 196/3000 episodes, total num timesteps 197000/3000000, FPS 122.

Reward for thread 1: [-74.58, -36.25, -32.44] -47.76  Inventory: [4.0, 0.0, 0.0]  Order: [13.8, 13.8, 13.72] Demand: [13.74]
Reward for thread 2: [-18.7, -23.95, -24.32] -22.32  Inventory: [0.0, 6.0, 9.0]  Order: [8.67, 8.66, 8.54] Demand: [8.745]
Reward for thread 3: [-14.33, -18.31, -21.27] -17.97  Inventory: [8.0, 25.0, 35.0]  Order: [8.4, 8.43, 8.44] Demand: [8.38]
Reward for thread 4: [-22.51, -22.46, -23.54] -22.84  Inventory: [0.0, 0.0, 0.0]  Order: [10.39, 10.24, 10.24] Demand: [10.33]
Reward for thread 5: [-18.67, -26.3, -31.32] -25.43  Inventory: [6.0, 0.0, 24.0]  Order: [8.15, 8.12, 8.1] Demand: [8.24]

 Algo happo Exp ippo_seed15_formal_v1 updates 197/3000 episodes, total num timesteps 198000/3000000, FPS 122.

Reward for thread 1: [-13.35, -16.82, -20.07] -16.75  Inventory: [7.0, 6.0, 11.0]  Order: [8.17, 8.09, 8.01] Demand: [8.305]
Reward for thread 2: [-82.14, -32.02, -33.65] -49.27  Inventory: [0.0, 0.0, 3.0]  Order: [12.98, 12.92, 12.86] Demand: [13.99]
Reward for thread 3: [-16.14, -20.94, -29.14] -22.07  Inventory: [2.0, 15.0, 33.0]  Order: [4.04, 3.92, 3.92] Demand: [4.22]
Reward for thread 4: [-16.16, -22.54, -29.44] -22.71  Inventory: [1.0, 9.0, 27.0]  Order: [6.16, 6.03, 6.1] Demand: [6.22]
Reward for thread 5: [-20.19, -27.14, -28.53] -25.29  Inventory: [0.0, 11.0, 3.0]  Order: [8.48, 8.42, 8.48] Demand: [8.535]

 Algo happo Exp ippo_seed15_formal_v1 updates 198/3000 episodes, total num timesteps 199000/3000000, FPS 122.

Reward for thread 1: [-17.21, -22.02, -26.33] -21.85  Inventory: [11.0, 14.0, 7.0]  Order: [7.37, 7.36, 7.36] Demand: [7.45]
Reward for thread 2: [-15.42, -21.4, -21.26] -19.36  Inventory: [0.0, 0.0, 0.0]  Order: [9.74, 9.72, 9.7] Demand: [9.81]
Reward for thread 3: [-68.51, -38.2, -32.89] -46.53  Inventory: [0.0, 0.0, 0.0]  Order: [12.28, 12.2, 12.22] Demand: [13.49]
Reward for thread 4: [-37.56, -33.98, -26.42] -32.65  Inventory: [0.0, 0.0, 0.0]  Order: [12.34, 12.1, 12.02] Demand: [12.96]
Reward for thread 5: [-32.16, -28.19, -30.52] -30.29  Inventory: [0.0, 0.0, 0.0]  Order: [8.41, 8.23, 8.24] Demand: [8.89]

 Algo happo Exp ippo_seed15_formal_v1 updates 199/3000 episodes, total num timesteps 200000/3000000, FPS 123.

Reward for thread 1: [-17.92, -22.4, -29.05] -23.12  Inventory: [13.0, 20.0, 40.0]  Order: [5.47, 5.34, 5.33] Demand: [5.63]
Reward for thread 2: [-38.96, -29.54, -25.7] -31.4  Inventory: [0.0, 0.0, 0.0]  Order: [10.02, 9.94, 10.02] Demand: [11.015]
Reward for thread 3: [-21.41, -26.32, -30.91] -26.21  Inventory: [37.0, 33.0, 43.0]  Order: [4.22, 4.14, 4.13] Demand: [4.29]
Reward for thread 4: [-22.31, -31.56, -35.94] -29.94  Inventory: [13.0, 16.0, 0.0]  Order: [6.8, 6.88, 6.91] Demand: [6.815]
Reward for thread 5: [-14.56, -18.14, -20.75] -17.82  Inventory: [13.0, 60.0, 54.0]  Order: [8.48, 8.56, 8.61] Demand: [8.56]

Eval average reward:  -32.00141666666667  Eval ordering fluctuation measurement (downstream to upstream):  [0.7954105328641357, 1.0746195486136232, 1.2065794075647673]
A better model is saved!

 Algo happo Exp ippo_seed15_formal_v1 updates 200/3000 episodes, total num timesteps 201000/3000000, FPS 122.

Reward for thread 1: [-19.23, -31.01, -36.52] -28.92  Inventory: [17.0, 33.0, 69.0]  Order: [2.98, 2.9, 2.99] Demand: [3.145]
Reward for thread 2: [-18.82, -25.44, -32.17] -25.48  Inventory: [3.0, 16.0, 66.0]  Order: [6.08, 5.91, 6.0] Demand: [6.21]
Reward for thread 3: [-77.3, -32.17, -31.73] -47.07  Inventory: [0.0, 31.0, 14.0]  Order: [12.57, 12.68, 12.71] Demand: [14.495]
Reward for thread 4: [-16.34, -21.47, -23.17] -20.33  Inventory: [6.0, 15.0, 20.0]  Order: [10.15, 10.16, 10.04] Demand: [10.165]
Reward for thread 5: [-29.55, -24.6, -23.27] -25.81  Inventory: [21.0, 35.0, 52.0]  Order: [12.03, 11.96, 11.99] Demand: [12.09]

 Algo happo Exp ippo_seed15_formal_v1 updates 201/3000 episodes, total num timesteps 202000/3000000, FPS 122.

Reward for thread 1: [-83.56, -42.81, -39.12] -55.16  Inventory: [0.0, 0.0, 0.0]  Order: [12.62, 12.64, 12.67] Demand: [14.57]
Reward for thread 2: [-22.32, -27.22, -26.65] -25.4  Inventory: [19.0, 30.0, 74.0]  Order: [8.28, 8.18, 8.32] Demand: [8.16]
Reward for thread 3: [-18.33, -22.16, -26.01] -22.17  Inventory: [4.0, 26.0, 30.0]  Order: [7.68, 7.6, 7.52] Demand: [7.775]
Reward for thread 4: [-15.64, -21.22, -30.26] -22.37  Inventory: [8.0, 25.0, 53.0]  Order: [4.3, 4.17, 4.22] Demand: [4.485]
Reward for thread 5: [-21.58, -26.63, -26.96] -25.06  Inventory: [0.0, 0.0, 0.0]  Order: [9.82, 9.98, 10.01] Demand: [9.74]

 Algo happo Exp ippo_seed15_formal_v1 updates 202/3000 episodes, total num timesteps 203000/3000000, FPS 122.

Reward for thread 1: [-23.08, -24.05, -24.34] -23.82  Inventory: [0.0, 0.0, 0.0]  Order: [10.68, 10.75, 10.78] Demand: [11.055]
Reward for thread 2: [-13.97, -21.14, -28.17] -21.09  Inventory: [4.0, 11.0, 20.0]  Order: [3.46, 3.37, 3.26] Demand: [3.64]
Reward for thread 3: [-18.12, -25.93, -31.48] -25.18  Inventory: [7.0, 15.0, 50.0]  Order: [4.57, 4.39, 4.4] Demand: [4.77]
Reward for thread 4: [-17.43, -24.15, -28.79] -23.46  Inventory: [26.0, 17.0, 56.0]  Order: [3.82, 3.66, 3.7] Demand: [3.885]
Reward for thread 5: [-87.45, -38.24, -37.83] -54.51  Inventory: [0.0, 6.0, 0.0]  Order: [12.51, 12.73, 12.78] Demand: [14.685]

 Algo happo Exp ippo_seed15_formal_v1 updates 203/3000 episodes, total num timesteps 204000/3000000, FPS 123.

Reward for thread 1: [-32.13, -21.68, -24.38] -26.06  Inventory: [0.0, 1.0, 0.0]  Order: [10.28, 10.43, 10.4] Demand: [11.455]
Reward for thread 2: [-116.76, -40.26, -40.32] -65.78  Inventory: [0.0, 0.0, 0.0]  Order: [14.3, 14.3, 14.3] Demand: [14.435]
Reward for thread 3: [-64.73, -33.75, -31.96] -43.48  Inventory: [0.0, 0.0, 0.0]  Order: [11.78, 11.87, 11.8] Demand: [12.92]
Reward for thread 4: [-29.71, -24.54, -24.18] -26.14  Inventory: [0.0, 0.0, 0.0]  Order: [11.08, 11.18, 11.18] Demand: [11.055]
Reward for thread 5: [-16.64, -27.94, -31.28] -25.29  Inventory: [2.0, 53.0, 55.0]  Order: [3.82, 3.84, 3.87] Demand: [4.045]

 Algo happo Exp ippo_seed15_formal_v1 updates 204/3000 episodes, total num timesteps 205000/3000000, FPS 123.

Reward for thread 1: [-32.08, -21.01, -21.01] -24.7  Inventory: [0.0, 31.0, 33.0]  Order: [12.5, 12.5, 12.46] Demand: [12.845]
Reward for thread 2: [-14.16, -18.09, -21.57] -17.94  Inventory: [0.0, 0.0, 0.0]  Order: [7.45, 7.46, 7.44] Demand: [7.51]
Reward for thread 3: [-24.15, -22.55, -27.58] -24.76  Inventory: [4.0, 24.0, 0.0]  Order: [8.85, 8.8, 8.7] Demand: [9.005]
Reward for thread 4: [-19.24, -25.98, -29.57] -24.93  Inventory: [16.0, 18.0, 38.0]  Order: [6.54, 6.44, 6.43] Demand: [6.7]
Reward for thread 5: [-15.18, -20.64, -25.75] -20.52  Inventory: [10.0, 42.0, 42.0]  Order: [4.91, 4.88, 4.86] Demand: [5.11]

Eval average reward:  -32.72125  Eval ordering fluctuation measurement (downstream to upstream):  [0.7048018825418928, 1.0252270724612558, 1.1896435197468607]

 Algo happo Exp ippo_seed15_formal_v1 updates 205/3000 episodes, total num timesteps 206000/3000000, FPS 122.

Reward for thread 1: [-14.82, -20.16, -22.18] -19.05  Inventory: [5.0, 19.0, 27.0]  Order: [8.43, 8.33, 8.33] Demand: [8.505]
Reward for thread 2: [-14.18, -17.95, -19.96] -17.36  Inventory: [2.0, 39.0, 34.0]  Order: [8.23, 8.2, 8.12] Demand: [8.44]
Reward for thread 3: [-14.25, -19.73, -27.65] -20.54  Inventory: [6.0, 13.0, 0.0]  Order: [2.97, 2.94, 2.9] Demand: [3.125]
Reward for thread 4: [-28.88, -28.2, -28.82] -28.63  Inventory: [0.0, 0.0, 0.0]  Order: [8.69, 8.75, 8.74] Demand: [9.355]
Reward for thread 5: [-28.85, -26.96, -33.76] -29.86  Inventory: [2.0, 25.0, 15.0]  Order: [8.32, 8.26, 8.29] Demand: [8.485]

 Algo happo Exp ippo_seed15_formal_v1 updates 206/3000 episodes, total num timesteps 207000/3000000, FPS 122.

Reward for thread 1: [-20.24, -23.92, -25.16] -23.11  Inventory: [0.0, 0.0, 0.0]  Order: [10.57, 10.64, 10.67] Demand: [10.67]
Reward for thread 2: [-17.78, -22.2, -22.97] -20.98  Inventory: [0.0, 0.0, 0.0]  Order: [11.56, 11.58, 11.58] Demand: [11.56]
Reward for thread 3: [-22.09, -27.28, -26.12] -25.16  Inventory: [10.0, 0.0, 0.0]  Order: [10.26, 10.42, 10.38] Demand: [10.29]
Reward for thread 4: [-71.67, -30.96, -31.25] -44.63  Inventory: [0.0, 0.0, 0.0]  Order: [12.36, 12.45, 12.4] Demand: [12.565]
Reward for thread 5: [-73.11, -36.11, -36.18] -48.47  Inventory: [0.0, 31.0, 0.0]  Order: [13.63, 13.82, 13.76] Demand: [15.54]

 Algo happo Exp ippo_seed15_formal_v1 updates 207/3000 episodes, total num timesteps 208000/3000000, FPS 123.

Reward for thread 1: [-13.95, -19.21, -22.14] -18.43  Inventory: [6.0, 30.0, 6.0]  Order: [8.46, 8.68, 8.71] Demand: [8.47]
Reward for thread 2: [-16.78, -24.72, -30.29] -23.93  Inventory: [14.0, 11.0, 21.0]  Order: [4.54, 4.54, 4.42] Demand: [4.63]
Reward for thread 3: [-14.87, -21.27, -21.79] -19.31  Inventory: [0.0, 26.0, 29.0]  Order: [7.85, 7.76, 7.66] Demand: [7.99]
Reward for thread 4: [-113.6, -45.21, -41.58] -66.8  Inventory: [0.0, 0.0, 0.0]  Order: [13.16, 13.18, 13.12] Demand: [15.625]
Reward for thread 5: [-14.23, -19.91, -24.27] -19.47  Inventory: [0.0, 0.0, 0.0]  Order: [7.09, 7.09, 7.06] Demand: [7.165]

 Algo happo Exp ippo_seed15_formal_v1 updates 208/3000 episodes, total num timesteps 209000/3000000, FPS 123.

Reward for thread 1: [-14.15, -19.97, -25.28] -19.8  Inventory: [2.0, 0.0, 0.0]  Order: [5.58, 5.55, 5.45] Demand: [5.54]
Reward for thread 2: [-19.98, -30.26, -34.02] -28.09  Inventory: [36.0, 31.0, 54.0]  Order: [1.86, 1.8, 1.83] Demand: [1.86]
Reward for thread 3: [-13.88, -21.14, -22.9] -19.31  Inventory: [28.0, 41.0, 93.0]  Order: [4.46, 4.42, 4.64] Demand: [4.52]
Reward for thread 4: [-17.95, -21.71, -22.28] -20.65  Inventory: [9.0, 2.0, 10.0]  Order: [9.96, 9.88, 9.88] Demand: [9.98]
Reward for thread 5: [-23.91, -25.02, -21.42] -23.45  Inventory: [0.0, 0.0, 0.0]  Order: [11.43, 11.42, 11.4] Demand: [11.51]

 Algo happo Exp ippo_seed15_formal_v1 updates 209/3000 episodes, total num timesteps 210000/3000000, FPS 123.

Reward for thread 1: [-17.92, -23.67, -22.36] -21.32  Inventory: [3.0, 11.0, 35.0]  Order: [7.06, 6.88, 6.82] Demand: [7.205]
Reward for thread 2: [-16.47, -27.63, -25.1] -23.07  Inventory: [5.0, 46.0, 20.0]  Order: [5.04, 5.06, 4.92] Demand: [5.24]
Reward for thread 3: [-139.85, -50.2, -47.24] -79.1  Inventory: [0.0, 0.0, 0.0]  Order: [14.15, 14.23, 14.29] Demand: [16.885]
Reward for thread 4: [-16.25, -23.24, -26.53] -22.01  Inventory: [45.0, 82.0, 61.0]  Order: [5.56, 5.74, 5.82] Demand: [5.545]
Reward for thread 5: [-22.0, -22.0, -23.17] -22.39  Inventory: [0.0, 0.0, 0.0]  Order: [10.37, 10.3, 10.2] Demand: [10.47]

Eval average reward:  -31.428499999999996  Eval ordering fluctuation measurement (downstream to upstream):  [0.671766937597517, 0.9737905370780606, 1.1706576512862408]
A better model is saved!

 Algo happo Exp ippo_seed15_formal_v1 updates 210/3000 episodes, total num timesteps 211000/3000000, FPS 122.

Reward for thread 1: [-38.69, -28.68, -28.42] -31.93  Inventory: [0.0, 0.0, 0.0]  Order: [9.46, 9.39, 9.35] Demand: [10.47]
Reward for thread 2: [-15.15, -22.75, -26.22] -21.37  Inventory: [14.0, 34.0, 16.0]  Order: [3.64, 3.56, 3.38] Demand: [3.805]
Reward for thread 3: [-18.27, -23.65, -25.09] -22.34  Inventory: [17.0, 35.0, 29.0]  Order: [6.04, 5.98, 5.88] Demand: [6.175]
Reward for thread 4: [-95.95, -52.08, -45.81] -64.61  Inventory: [14.0, 28.0, 77.0]  Order: [14.08, 14.0, 14.16] Demand: [14.12]
Reward for thread 5: [-61.65, -45.18, -33.67] -46.83  Inventory: [0.0, 0.0, 0.0]  Order: [12.88, 12.74, 12.6] Demand: [13.78]

 Algo happo Exp ippo_seed15_formal_v1 updates 211/3000 episodes, total num timesteps 212000/3000000, FPS 123.

Reward for thread 1: [-13.35, -19.67, -22.52] -18.51  Inventory: [5.0, 41.0, 50.0]  Order: [4.14, 4.11, 4.12] Demand: [4.28]
Reward for thread 2: [-120.39, -55.72, -51.48] -75.86  Inventory: [0.0, 0.0, 0.0]  Order: [13.04, 13.1, 13.07] Demand: [15.605]
Reward for thread 3: [-81.12, -45.81, -39.48] -55.47  Inventory: [0.0, 0.0, 0.0]  Order: [13.48, 13.54, 13.4] Demand: [14.085]
Reward for thread 4: [-19.92, -22.7, -23.16] -21.93  Inventory: [0.0, 0.0, 0.0]  Order: [9.78, 9.72, 9.72] Demand: [10.11]
Reward for thread 5: [-51.41, -33.16, -29.38] -37.98  Inventory: [0.0, 0.0, 0.0]  Order: [13.78, 13.81, 13.8] Demand: [14.33]

 Algo happo Exp ippo_seed15_formal_v1 updates 212/3000 episodes, total num timesteps 213000/3000000, FPS 123.

Reward for thread 1: [-15.7, -27.9, -28.15] -23.92  Inventory: [9.0, 21.0, 0.0]  Order: [3.06, 3.02, 2.79] Demand: [3.225]
Reward for thread 2: [-124.36, -54.27, -46.41] -75.01  Inventory: [0.0, 0.0, 0.0]  Order: [15.08, 15.02, 14.96] Demand: [16.915]
Reward for thread 3: [-54.49, -32.41, -26.19] -37.7  Inventory: [0.0, 0.0, 0.0]  Order: [13.08, 13.12, 13.04] Demand: [14.105]
Reward for thread 4: [-63.51, -34.9, -28.42] -42.28  Inventory: [0.0, 21.0, 39.0]  Order: [12.39, 12.26, 12.25] Demand: [12.505]
Reward for thread 5: [-15.96, -24.25, -27.81] -22.67  Inventory: [13.0, 19.0, 0.0]  Order: [5.66, 5.64, 5.59] Demand: [5.785]

 Algo happo Exp ippo_seed15_formal_v1 updates 213/3000 episodes, total num timesteps 214000/3000000, FPS 123.

Reward for thread 1: [-17.13, -19.45, -19.98] -18.85  Inventory: [0.0, 0.0, 0.0]  Order: [9.16, 9.15, 9.23] Demand: [9.335]
Reward for thread 2: [-58.5, -33.46, -30.6] -40.85  Inventory: [0.0, 0.0, 0.0]  Order: [12.12, 12.0, 11.96] Demand: [12.04]
Reward for thread 3: [-19.38, -23.7, -24.92] -22.67  Inventory: [0.0, 0.0, 0.0]  Order: [8.73, 8.7, 8.65] Demand: [8.755]
Reward for thread 4: [-15.81, -24.22, -26.5] -22.18  Inventory: [7.0, 28.0, 23.0]  Order: [6.28, 6.21, 6.08] Demand: [6.425]
Reward for thread 5: [-25.93, -31.43, -28.28] -28.55  Inventory: [14.0, 35.0, 9.0]  Order: [8.07, 8.02, 7.98] Demand: [8.25]

 Algo happo Exp ippo_seed15_formal_v1 updates 214/3000 episodes, total num timesteps 215000/3000000, FPS 123.

Reward for thread 1: [-14.73, -21.81, -29.17] -21.9  Inventory: [16.0, 41.0, 29.0]  Order: [3.41, 3.43, 3.44] Demand: [3.565]
Reward for thread 2: [-27.02, -25.68, -22.43] -25.04  Inventory: [8.0, 30.0, 33.0]  Order: [11.74, 11.74, 11.75] Demand: [11.81]
Reward for thread 3: [-114.95, -64.88, -46.86] -75.56  Inventory: [23.0, 40.0, 53.0]  Order: [12.67, 12.63, 12.64] Demand: [12.685]
Reward for thread 4: [-19.1, -25.13, -21.75] -21.99  Inventory: [2.0, 22.0, 3.0]  Order: [9.12, 9.18, 9.06] Demand: [9.17]
Reward for thread 5: [-15.14, -20.56, -22.96] -19.55  Inventory: [14.0, 28.0, 16.0]  Order: [6.28, 6.22, 6.19] Demand: [6.41]

Eval average reward:  -31.12525  Eval ordering fluctuation measurement (downstream to upstream):  [0.7261577083600652, 0.9470197204767041, 1.2006905259930813]
A better model is saved!

 Algo happo Exp ippo_seed15_formal_v1 updates 215/3000 episodes, total num timesteps 216000/3000000, FPS 123.

Reward for thread 1: [-18.99, -25.28, -30.42] -24.9  Inventory: [9.0, 5.0, 66.0]  Order: [5.24, 5.1, 5.18] Demand: [5.34]
Reward for thread 2: [-21.34, -24.5, -21.97] -22.6  Inventory: [0.0, 0.0, 0.0]  Order: [10.98, 10.94, 10.92] Demand: [11.01]
Reward for thread 3: [-14.95, -20.32, -20.52] -18.6  Inventory: [20.0, 48.0, 58.0]  Order: [8.98, 9.01, 9.04] Demand: [9.11]
Reward for thread 4: [-16.16, -22.23, -28.36] -22.25  Inventory: [2.0, 25.0, 29.0]  Order: [5.78, 5.69, 5.66] Demand: [5.97]
Reward for thread 5: [-14.6, -18.18, -21.23] -18.0  Inventory: [0.0, 0.0, 0.0]  Order: [5.66, 5.58, 5.62] Demand: [5.91]

 Algo happo Exp ippo_seed15_formal_v1 updates 216/3000 episodes, total num timesteps 217000/3000000, FPS 123.

Reward for thread 1: [-15.11, -21.56, -26.61] -21.09  Inventory: [0.0, 34.0, 52.0]  Order: [6.45, 6.4, 6.42] Demand: [6.57]
Reward for thread 2: [-35.14, -29.17, -25.06] -29.79  Inventory: [0.0, 0.0, 0.0]  Order: [11.6, 11.46, 11.44] Demand: [12.425]
Reward for thread 3: [-159.07, -85.38, -61.17] -101.87  Inventory: [0.0, 0.0, 0.0]  Order: [14.27, 13.89, 13.78] Demand: [16.23]
Reward for thread 4: [-15.49, -21.6, -25.45] -20.85  Inventory: [0.0, 0.0, 0.0]  Order: [4.6, 4.54, 4.46] Demand: [4.63]
Reward for thread 5: [-130.95, -88.81, -53.62] -91.13  Inventory: [15.0, 0.0, 0.0]  Order: [15.31, 15.36, 15.4] Demand: [15.1]

 Algo happo Exp ippo_seed15_formal_v1 updates 217/3000 episodes, total num timesteps 218000/3000000, FPS 123.

Reward for thread 1: [-186.55, -73.54, -64.41] -108.17  Inventory: [0.0, 22.0, 21.0]  Order: [13.54, 13.64, 13.66] Demand: [16.445]
Reward for thread 2: [-73.15, -50.82, -40.65] -54.87  Inventory: [0.0, 0.0, 0.0]  Order: [11.82, 11.52, 11.44] Demand: [12.895]
Reward for thread 3: [-104.75, -59.23, -44.02] -69.33  Inventory: [112.0, 36.0, 42.0]  Order: [12.23, 12.17, 12.14] Demand: [11.9]
Reward for thread 4: [-21.88, -21.9, -21.83] -21.87  Inventory: [0.0, 0.0, 11.0]  Order: [11.55, 11.4, 11.44] Demand: [11.69]
Reward for thread 5: [-15.97, -21.37, -27.65] -21.66  Inventory: [3.0, 0.0, 40.0]  Order: [4.84, 4.74, 4.76] Demand: [4.965]

 Algo happo Exp ippo_seed15_formal_v1 updates 218/3000 episodes, total num timesteps 219000/3000000, FPS 123.

Reward for thread 1: [-16.19, -24.15, -25.95] -22.1  Inventory: [0.0, 0.0, 15.0]  Order: [6.61, 6.4, 6.26] Demand: [6.655]
Reward for thread 2: [-26.18, -30.22, -26.24] -27.55  Inventory: [0.0, 0.0, 0.0]  Order: [10.13, 9.99, 10.04] Demand: [10.38]
Reward for thread 3: [-62.1, -39.3, -33.2] -44.87  Inventory: [0.0, 0.0, 0.0]  Order: [12.46, 12.22, 12.27] Demand: [13.16]
Reward for thread 4: [-12.88, -19.23, -21.6] -17.9  Inventory: [9.0, 17.0, 26.0]  Order: [4.13, 4.06, 4.0] Demand: [4.275]
Reward for thread 5: [-18.29, -25.12, -26.32] -23.24  Inventory: [0.0, 0.0, 0.0]  Order: [8.56, 8.38, 8.27] Demand: [8.475]

 Algo happo Exp ippo_seed15_formal_v1 updates 219/3000 episodes, total num timesteps 220000/3000000, FPS 123.

Reward for thread 1: [-110.33, -42.55, -42.2] -65.03  Inventory: [0.0, 0.0, 0.0]  Order: [12.22, 12.12, 12.15] Demand: [14.525]
Reward for thread 2: [-35.17, -24.52, -23.9] -27.86  Inventory: [0.0, 0.0, 0.0]  Order: [9.39, 9.38, 9.28] Demand: [10.365]
Reward for thread 3: [-48.92, -33.64, -26.79] -36.45  Inventory: [0.0, 0.0, 0.0]  Order: [12.78, 12.7, 12.67] Demand: [13.825]
Reward for thread 4: [-25.82, -26.36, -26.78] -26.32  Inventory: [10.0, 27.0, 77.0]  Order: [7.96, 7.84, 8.0] Demand: [8.11]
Reward for thread 5: [-29.22, -33.94, -27.91] -30.36  Inventory: [0.0, 0.0, 1.0]  Order: [9.54, 9.57, 9.47] Demand: [9.52]

Eval average reward:  -31.29225  Eval ordering fluctuation measurement (downstream to upstream):  [0.6617882348265369, 0.9397445157492772, 1.2198474841522535]

 Algo happo Exp ippo_seed15_formal_v1 updates 220/3000 episodes, total num timesteps 221000/3000000, FPS 123.

Reward for thread 1: [-209.62, -94.65, -70.07] -124.78  Inventory: [0.0, 0.0, 0.0]  Order: [15.48, 15.35, 15.32] Demand: [15.725]
Reward for thread 2: [-15.37, -20.51, -24.88] -20.25  Inventory: [10.0, 0.0, 38.0]  Order: [5.71, 5.58, 5.56] Demand: [5.855]
Reward for thread 3: [-11.61, -16.81, -17.87] -15.43  Inventory: [9.0, 17.0, 26.0]  Order: [6.4, 6.36, 6.36] Demand: [6.47]
Reward for thread 4: [-66.89, -47.58, -34.44] -49.64  Inventory: [0.0, 12.0, 0.0]  Order: [12.43, 12.46, 12.34] Demand: [12.57]
Reward for thread 5: [-20.9, -24.99, -26.32] -24.07  Inventory: [47.0, 30.0, 30.0]  Order: [8.54, 8.51, 8.54] Demand: [8.49]

 Algo happo Exp ippo_seed15_formal_v1 updates 221/3000 episodes, total num timesteps 222000/3000000, FPS 123.

Reward for thread 1: [-19.53, -22.97, -21.83] -21.44  Inventory: [0.0, 0.0, 0.0]  Order: [9.62, 9.62, 9.6] Demand: [9.84]
Reward for thread 2: [-14.66, -19.04, -20.83] -18.18  Inventory: [2.0, 21.0, 25.0]  Order: [7.1, 7.03, 7.06] Demand: [7.21]
Reward for thread 3: [-24.52, -21.92, -26.04] -24.16  Inventory: [64.0, 30.0, 44.0]  Order: [2.68, 2.6, 2.57] Demand: [2.61]
Reward for thread 4: [-49.44, -30.36, -29.87] -36.56  Inventory: [0.0, 0.0, 0.0]  Order: [11.82, 11.94, 11.94] Demand: [11.655]
Reward for thread 5: [-99.45, -52.66, -42.15] -64.75  Inventory: [0.0, 0.0, 0.0]  Order: [13.34, 13.28, 13.31] Demand: [15.36]

 Algo happo Exp ippo_seed15_formal_v1 updates 222/3000 episodes, total num timesteps 223000/3000000, FPS 123.

Reward for thread 1: [-17.19, -21.02, -23.35] -20.52  Inventory: [14.0, 15.0, 5.0]  Order: [8.88, 8.83, 8.72] Demand: [9.015]
Reward for thread 2: [-33.51, -27.47, -27.66] -29.55  Inventory: [0.0, 19.0, 18.0]  Order: [12.52, 12.62, 12.62] Demand: [12.795]
Reward for thread 3: [-72.27, -44.55, -35.6] -50.81  Inventory: [0.0, 0.0, 0.0]  Order: [13.52, 13.48, 13.46] Demand: [14.94]
Reward for thread 4: [-55.06, -31.61, -27.29] -37.99  Inventory: [0.0, 39.0, 30.0]  Order: [13.58, 13.57, 13.63] Demand: [13.7]
Reward for thread 5: [-15.77, -21.58, -27.57] -21.64  Inventory: [0.0, 3.0, 40.0]  Order: [4.89, 4.78, 4.74] Demand: [5.1]

 Algo happo Exp ippo_seed15_formal_v1 updates 223/3000 episodes, total num timesteps 224000/3000000, FPS 123.

Reward for thread 1: [-127.06, -54.34, -46.7] -76.03  Inventory: [0.0, 0.0, 0.0]  Order: [14.72, 14.76, 14.82] Demand: [16.89]
Reward for thread 2: [-14.14, -19.36, -19.85] -17.78  Inventory: [7.0, 44.0, 33.0]  Order: [8.88, 8.86, 8.78] Demand: [9.08]
Reward for thread 3: [-12.69, -18.49, -20.16] -17.11  Inventory: [7.0, 15.0, 10.0]  Order: [6.64, 6.63, 6.49] Demand: [6.78]
Reward for thread 4: [-15.54, -21.56, -28.76] -21.95  Inventory: [0.0, 8.0, 9.0]  Order: [4.46, 4.44, 4.34] Demand: [4.585]
Reward for thread 5: [-28.05, -21.67, -23.46] -24.39  Inventory: [0.0, 15.0, 0.0]  Order: [9.32, 9.51, 9.53] Demand: [10.285]

 Algo happo Exp ippo_seed15_formal_v1 updates 224/3000 episodes, total num timesteps 225000/3000000, FPS 123.

Reward for thread 1: [-25.7, -23.75, -21.01] -23.49  Inventory: [0.0, 39.0, 1.0]  Order: [12.14, 12.32, 12.3] Demand: [12.705]
Reward for thread 2: [-17.58, -16.83, -18.37] -17.59  Inventory: [15.0, 43.0, 38.0]  Order: [10.94, 10.92, 10.86] Demand: [11.025]
Reward for thread 3: [-36.08, -31.45, -32.49] -33.34  Inventory: [56.0, 33.0, 26.0]  Order: [4.22, 4.15, 4.03] Demand: [4.18]
Reward for thread 4: [-53.51, -25.32, -26.05] -34.96  Inventory: [0.0, 37.0, 21.0]  Order: [13.28, 13.48, 13.6] Demand: [14.475]
Reward for thread 5: [-19.03, -26.22, -28.51] -24.59  Inventory: [11.0, 43.0, 54.0]  Order: [3.93, 3.9, 3.92] Demand: [4.125]

Eval average reward:  -33.14  Eval ordering fluctuation measurement (downstream to upstream):  [0.658512202251714, 1.0247136491806834, 1.1896862789960465]

 Algo happo Exp ippo_seed15_formal_v1 updates 225/3000 episodes, total num timesteps 226000/3000000, FPS 123.

Reward for thread 1: [-24.29, -23.11, -26.06] -24.49  Inventory: [15.0, 49.0, 49.0]  Order: [9.35, 9.35, 9.36] Demand: [9.495]
Reward for thread 2: [-14.99, -21.36, -22.12] -19.49  Inventory: [20.0, 23.0, 24.0]  Order: [2.98, 2.85, 2.72] Demand: [3.105]
Reward for thread 3: [-11.83, -17.02, -21.91] -16.92  Inventory: [0.0, 0.0, 0.0]  Order: [5.74, 5.74, 5.62] Demand: [5.73]
Reward for thread 4: [-13.6, -19.32, -24.54] -19.15  Inventory: [6.0, 22.0, 25.0]  Order: [3.04, 2.92, 2.87] Demand: [3.22]
Reward for thread 5: [-13.29, -17.48, -20.81] -17.19  Inventory: [11.0, 1.0, 0.0]  Order: [3.06, 2.96, 2.86] Demand: [3.2]

 Algo happo Exp ippo_seed15_formal_v1 updates 226/3000 episodes, total num timesteps 227000/3000000, FPS 123.

Reward for thread 1: [-114.33, -42.87, -43.27] -66.82  Inventory: [0.0, 0.0, 0.0]  Order: [12.96, 12.92, 12.88] Demand: [15.24]
Reward for thread 2: [-18.53, -23.2, -25.5] -22.41  Inventory: [0.0, 0.0, 0.0]  Order: [8.2, 8.12, 8.01] Demand: [8.285]
Reward for thread 3: [-19.2, -26.78, -28.78] -24.92  Inventory: [5.0, 33.0, 56.0]  Order: [8.07, 8.0, 8.04] Demand: [8.2]
Reward for thread 4: [-15.61, -21.26, -23.84] -20.24  Inventory: [9.0, 39.0, 28.0]  Order: [7.75, 7.76, 7.78] Demand: [7.845]
Reward for thread 5: [-18.46, -29.59, -35.02] -27.69  Inventory: [11.0, 30.0, 51.0]  Order: [4.82, 4.73, 4.78] Demand: [4.94]

 Algo happo Exp ippo_seed15_formal_v1 updates 227/3000 episodes, total num timesteps 228000/3000000, FPS 123.

Reward for thread 1: [-26.36, -29.83, -27.36] -27.85  Inventory: [33.0, 99.0, 43.0]  Order: [6.76, 7.01, 7.0] Demand: [6.84]
Reward for thread 2: [-15.83, -22.6, -23.61] -20.68  Inventory: [0.0, 0.0, 0.0]  Order: [6.84, 6.84, 6.84] Demand: [6.68]
Reward for thread 3: [-25.3, -23.97, -24.3] -24.52  Inventory: [26.0, 42.0, 35.0]  Order: [11.04, 11.1, 11.22] Demand: [11.05]
Reward for thread 4: [-37.91, -29.39, -33.09] -33.46  Inventory: [0.0, 56.0, 25.0]  Order: [11.12, 11.3, 11.39] Demand: [12.16]
Reward for thread 5: [-15.36, -22.01, -21.28] -19.55  Inventory: [3.0, 0.0, 29.0]  Order: [9.99, 9.94, 9.87] Demand: [10.02]

 Algo happo Exp ippo_seed15_formal_v1 updates 228/3000 episodes, total num timesteps 229000/3000000, FPS 123.

Reward for thread 1: [-16.47, -22.6, -24.52] -21.2  Inventory: [16.0, 29.0, 31.0]  Order: [6.72, 6.62, 6.53] Demand: [6.89]
Reward for thread 2: [-21.88, -30.65, -30.41] -27.65  Inventory: [16.0, 10.0, 36.0]  Order: [7.27, 7.18, 7.12] Demand: [7.365]
Reward for thread 3: [-12.81, -16.0, -19.41] -16.07  Inventory: [0.0, 7.0, 0.0]  Order: [8.25, 8.46, 8.47] Demand: [8.28]
Reward for thread 4: [-53.29, -33.3, -36.7] -41.1  Inventory: [0.0, 32.0, 0.0]  Order: [11.74, 11.93, 11.98] Demand: [13.13]
Reward for thread 5: [-71.86, -41.37, -36.44] -49.89  Inventory: [0.0, 0.0, 0.0]  Order: [14.87, 14.86, 14.92] Demand: [15.955]

 Algo happo Exp ippo_seed15_formal_v1 updates 229/3000 episodes, total num timesteps 230000/3000000, FPS 123.

Reward for thread 1: [-73.44, -28.84, -32.62] -44.97  Inventory: [0.0, 13.0, 0.0]  Order: [12.16, 12.4, 12.44] Demand: [14.155]
Reward for thread 2: [-13.55, -19.73, -22.63] -18.64  Inventory: [3.0, 0.0, 0.0]  Order: [5.6, 5.62, 5.46] Demand: [5.72]
Reward for thread 3: [-16.63, -23.41, -26.48] -22.17  Inventory: [0.0, 0.0, 0.0]  Order: [5.58, 5.52, 5.44] Demand: [5.68]
Reward for thread 4: [-125.08, -41.18, -42.13] -69.46  Inventory: [0.0, 0.0, 0.0]  Order: [13.82, 13.96, 13.92] Demand: [15.65]
Reward for thread 5: [-16.75, -22.58, -26.74] -22.02  Inventory: [13.0, 10.0, 19.0]  Order: [3.12, 2.96, 2.81] Demand: [3.29]

Eval average reward:  -32.7535  Eval ordering fluctuation measurement (downstream to upstream):  [0.657774716465332, 1.0946827515296025, 1.1739313346187576]

 Algo happo Exp ippo_seed15_formal_v1 updates 230/3000 episodes, total num timesteps 231000/3000000, FPS 123.

Reward for thread 1: [-153.83, -49.84, -50.22] -84.63  Inventory: [0.0, 1.0, 2.0]  Order: [15.24, 15.35, 15.39] Demand: [15.445]
Reward for thread 2: [-13.27, -18.07, -21.23] -17.52  Inventory: [10.0, 9.0, 11.0]  Order: [8.81, 8.79, 8.7] Demand: [8.95]
Reward for thread 3: [-39.15, -32.74, -25.83] -32.57  Inventory: [0.0, 0.0, 0.0]  Order: [12.75, 12.61, 12.61] Demand: [13.555]
Reward for thread 4: [-37.82, -37.49, -40.02] -38.44  Inventory: [69.0, 66.0, 20.0]  Order: [1.52, 1.6, 1.48] Demand: [1.415]
Reward for thread 5: [-41.62, -27.76, -27.33] -32.24  Inventory: [0.0, 0.0, 0.0]  Order: [13.22, 13.22, 13.1] Demand: [13.255]

 Algo happo Exp ippo_seed15_formal_v1 updates 231/3000 episodes, total num timesteps 232000/3000000, FPS 123.

Reward for thread 1: [-21.95, -25.57, -29.12] -25.55  Inventory: [1.0, 9.0, 40.0]  Order: [9.04, 8.96, 8.92] Demand: [9.2]
Reward for thread 2: [-14.82, -21.99, -26.3] -21.04  Inventory: [6.0, 29.0, 29.0]  Order: [3.08, 2.98, 2.88] Demand: [3.295]
Reward for thread 3: [-75.99, -35.42, -34.58] -48.66  Inventory: [0.0, 9.0, 0.0]  Order: [13.62, 13.72, 13.71] Demand: [15.145]
Reward for thread 4: [-13.02, -19.16, -21.76] -17.98  Inventory: [16.0, 36.0, 30.0]  Order: [6.26, 6.4, 6.49] Demand: [6.24]
Reward for thread 5: [-87.59, -41.84, -35.07] -54.83  Inventory: [16.0, 17.0, 0.0]  Order: [13.87, 13.98, 13.96] Demand: [13.93]

 Algo happo Exp ippo_seed15_formal_v1 updates 232/3000 episodes, total num timesteps 233000/3000000, FPS 123.

Reward for thread 1: [-20.11, -26.82, -27.36] -24.76  Inventory: [0.0, 7.0, 4.0]  Order: [10.07, 10.1, 10.2] Demand: [10.085]
Reward for thread 2: [-14.02, -20.59, -25.04] -19.88  Inventory: [15.0, 13.0, 37.0]  Order: [6.18, 6.18, 6.3] Demand: [6.315]
Reward for thread 3: [-52.31, -32.26, -30.19] -38.25  Inventory: [0.0, 0.0, 0.0]  Order: [12.28, 12.3, 12.29] Demand: [13.62]
Reward for thread 4: [-25.16, -21.94, -23.82] -23.64  Inventory: [0.0, 31.0, 37.0]  Order: [9.38, 9.31, 9.3] Demand: [9.57]
Reward for thread 5: [-14.81, -17.06, -19.14] -17.0  Inventory: [0.0, 0.0, 26.0]  Order: [9.07, 8.9, 8.92] Demand: [9.17]

 Algo happo Exp ippo_seed15_formal_v1 updates 233/3000 episodes, total num timesteps 234000/3000000, FPS 123.

Reward for thread 1: [-15.87, -23.85, -26.85] -22.19  Inventory: [16.0, 31.0, 45.0]  Order: [7.76, 7.68, 7.65] Demand: [7.88]
Reward for thread 2: [-12.47, -17.8, -20.71] -16.99  Inventory: [0.0, 18.0, 11.0]  Order: [7.43, 7.57, 7.5] Demand: [7.41]
Reward for thread 3: [-14.52, -19.24, -22.46] -18.74  Inventory: [0.0, 19.0, 39.0]  Order: [6.54, 6.5, 6.52] Demand: [6.5]
Reward for thread 4: [-18.51, -26.73, -27.71] -24.32  Inventory: [5.0, 23.0, 33.0]  Order: [6.3, 6.17, 6.08] Demand: [6.49]
Reward for thread 5: [-28.2, -18.31, -18.79] -21.77  Inventory: [0.0, 13.0, 0.0]  Order: [13.46, 13.55, 13.48] Demand: [13.845]

 Algo happo Exp ippo_seed15_formal_v1 updates 234/3000 episodes, total num timesteps 235000/3000000, FPS 123.

Reward for thread 1: [-24.4, -24.74, -23.49] -24.21  Inventory: [0.0, 0.0, 0.0]  Order: [10.49, 10.6, 10.62] Demand: [10.965]
Reward for thread 2: [-15.47, -22.7, -27.2] -21.79  Inventory: [1.0, 35.0, 66.0]  Order: [4.88, 4.81, 4.9] Demand: [5.09]
Reward for thread 3: [-23.76, -23.74, -20.73] -22.74  Inventory: [27.0, 27.0, 33.0]  Order: [11.12, 11.18, 11.3] Demand: [11.17]
Reward for thread 4: [-21.46, -30.7, -32.68] -28.28  Inventory: [4.0, 58.0, 60.0]  Order: [6.65, 6.7, 6.76] Demand: [6.815]
Reward for thread 5: [-13.03, -18.85, -21.27] -17.72  Inventory: [0.0, 12.0, 6.0]  Order: [5.78, 5.75, 5.8] Demand: [5.925]

Eval average reward:  -32.153083333333335  Eval ordering fluctuation measurement (downstream to upstream):  [0.6815240169804444, 1.1080647343409293, 1.2094914103191734]

 Algo happo Exp ippo_seed15_formal_v1 updates 235/3000 episodes, total num timesteps 236000/3000000, FPS 123.

Reward for thread 1: [-21.46, -21.18, -23.3] -21.98  Inventory: [19.0, 44.0, 51.0]  Order: [9.3, 9.27, 9.28] Demand: [9.415]
Reward for thread 2: [-22.98, -19.14, -19.91] -20.68  Inventory: [0.0, 0.0, 0.0]  Order: [13.5, 13.58, 13.62] Demand: [13.89]
Reward for thread 3: [-42.32, -28.14, -30.74] -33.73  Inventory: [11.0, 22.0, 16.0]  Order: [9.72, 9.76, 9.83] Demand: [9.875]
Reward for thread 4: [-23.05, -20.76, -21.26] -21.69  Inventory: [0.0, 0.0, 1.0]  Order: [10.22, 10.29, 10.24] Demand: [10.23]
Reward for thread 5: [-29.67, -20.22, -19.99] -23.29  Inventory: [0.0, 0.0, 0.0]  Order: [12.5, 12.4, 12.39] Demand: [12.475]

 Algo happo Exp ippo_seed15_formal_v1 updates 236/3000 episodes, total num timesteps 237000/3000000, FPS 123.

Reward for thread 1: [-20.49, -19.86, -20.66] -20.34  Inventory: [0.0, 19.0, 4.0]  Order: [12.58, 12.78, 12.82] Demand: [12.755]
Reward for thread 2: [-15.01, -22.63, -27.26] -21.63  Inventory: [3.0, 41.0, 47.0]  Order: [5.26, 5.23, 5.24] Demand: [5.475]
Reward for thread 3: [-16.37, -19.03, -22.15] -19.18  Inventory: [7.0, 8.0, 1.0]  Order: [10.52, 10.55, 10.54] Demand: [10.58]
Reward for thread 4: [-17.97, -27.23, -34.46] -26.55  Inventory: [2.0, 25.0, 49.0]  Order: [1.85, 1.72, 1.72] Demand: [2.08]
Reward for thread 5: [-18.02, -23.35, -26.96] -22.78  Inventory: [3.0, 7.0, 33.0]  Order: [5.57, 5.42, 5.34] Demand: [5.765]

 Algo happo Exp ippo_seed15_formal_v1 updates 237/3000 episodes, total num timesteps 238000/3000000, FPS 123.

Reward for thread 1: [-71.03, -27.08, -27.41] -41.84  Inventory: [0.0, 0.0, 13.0]  Order: [13.08, 13.12, 13.14] Demand: [14.91]
Reward for thread 2: [-19.5, -28.07, -30.79] -26.12  Inventory: [7.0, 15.0, 54.0]  Order: [6.2, 6.03, 6.05] Demand: [6.38]
Reward for thread 3: [-39.91, -24.13, -25.12] -29.72  Inventory: [0.0, 0.0, 0.0]  Order: [11.82, 11.92, 11.91] Demand: [12.425]
Reward for thread 4: [-32.43, -26.05, -27.34] -28.61  Inventory: [9.0, 37.0, 64.0]  Order: [9.78, 9.71, 9.82] Demand: [9.875]
Reward for thread 5: [-60.78, -31.0, -29.6] -40.46  Inventory: [7.0, 38.0, 32.0]  Order: [12.69, 12.8, 12.8] Demand: [12.69]

 Algo happo Exp ippo_seed15_formal_v1 updates 238/3000 episodes, total num timesteps 239000/3000000, FPS 123.

Reward for thread 1: [-42.31, -22.06, -23.38] -29.25  Inventory: [19.0, 38.0, 33.0]  Order: [12.57, 12.52, 12.43] Demand: [12.67]
Reward for thread 2: [-19.61, -21.53, -25.36] -22.17  Inventory: [7.0, 28.0, 51.0]  Order: [8.91, 8.83, 8.84] Demand: [9.065]
Reward for thread 3: [-13.1, -19.25, -24.6] -18.98  Inventory: [1.0, 30.0, 24.0]  Order: [4.67, 4.61, 4.66] Demand: [4.855]
Reward for thread 4: [-12.87, -18.64, -20.6] -17.37  Inventory: [13.0, 15.0, 7.0]  Order: [5.94, 5.85, 5.83] Demand: [6.09]
Reward for thread 5: [-18.05, -27.13, -32.07] -25.75  Inventory: [6.0, 7.0, 40.0]  Order: [5.14, 5.08, 5.04] Demand: [5.23]

 Algo happo Exp ippo_seed15_formal_v1 updates 239/3000 episodes, total num timesteps 240000/3000000, FPS 123.

Reward for thread 1: [-31.97, -24.42, -23.45] -26.61  Inventory: [0.0, 0.0, 0.0]  Order: [12.22, 12.11, 12.14] Demand: [12.89]
Reward for thread 2: [-82.84, -33.15, -33.31] -49.77  Inventory: [0.0, 11.0, 0.0]  Order: [12.78, 12.88, 12.86] Demand: [14.915]
Reward for thread 3: [-16.55, -22.75, -31.32] -23.54  Inventory: [18.0, 17.0, 40.0]  Order: [2.22, 2.06, 2.02] Demand: [2.37]
Reward for thread 4: [-15.86, -20.33, -28.72] -21.64  Inventory: [26.0, 22.0, 32.0]  Order: [3.32, 3.2, 3.12] Demand: [3.445]
Reward for thread 5: [-17.87, -26.04, -32.31] -25.41  Inventory: [25.0, 56.0, 40.0]  Order: [2.52, 2.56, 2.52] Demand: [2.645]

Eval average reward:  -29.839249999999996  Eval ordering fluctuation measurement (downstream to upstream):  [0.6092986246670817, 1.0665073847170492, 1.212466933564556]
A better model is saved!

 Algo happo Exp ippo_seed15_formal_v1 updates 240/3000 episodes, total num timesteps 241000/3000000, FPS 123.

Reward for thread 1: [-31.24, -23.09, -23.28] -25.87  Inventory: [1.0, 0.0, 9.0]  Order: [12.54, 12.5, 12.49] Demand: [12.575]
Reward for thread 2: [-17.15, -22.84, -27.07] -22.35  Inventory: [18.0, 46.0, 43.0]  Order: [6.64, 6.62, 6.59] Demand: [6.795]
Reward for thread 3: [-12.22, -18.77, -24.04] -18.34  Inventory: [6.0, 15.0, 31.0]  Order: [2.69, 2.52, 2.44] Demand: [2.91]
Reward for thread 4: [-18.35, -24.86, -26.2] -23.14  Inventory: [18.0, 29.0, 38.0]  Order: [8.45, 8.44, 8.41] Demand: [8.425]
Reward for thread 5: [-55.96, -31.54, -30.2] -39.23  Inventory: [0.0, 0.0, 0.0]  Order: [12.39, 12.47, 12.52] Demand: [12.87]

 Algo happo Exp ippo_seed15_formal_v1 updates 241/3000 episodes, total num timesteps 242000/3000000, FPS 123.

Reward for thread 1: [-52.08, -24.91, -26.36] -34.45  Inventory: [7.0, 58.0, 74.0]  Order: [12.25, 12.29, 12.41] Demand: [12.36]
Reward for thread 2: [-19.65, -19.07, -20.82] -19.85  Inventory: [0.0, 0.0, 13.0]  Order: [11.55, 11.45, 11.46] Demand: [11.835]
Reward for thread 3: [-13.59, -18.68, -22.93] -18.4  Inventory: [6.0, 38.0, 37.0]  Order: [6.12, 6.08, 6.03] Demand: [6.29]
Reward for thread 4: [-12.36, -18.76, -21.48] -17.53  Inventory: [1.0, 4.0, 23.0]  Order: [5.41, 5.28, 5.16] Demand: [5.595]
Reward for thread 5: [-13.54, -19.37, -24.35] -19.09  Inventory: [3.0, 18.0, 51.0]  Order: [3.6, 3.44, 3.44] Demand: [3.79]

 Algo happo Exp ippo_seed15_formal_v1 updates 242/3000 episodes, total num timesteps 243000/3000000, FPS 123.

Reward for thread 1: [-20.0, -29.98, -37.8] -29.26  Inventory: [10.0, 30.0, 19.0]  Order: [4.75, 4.66, 4.61] Demand: [4.93]
Reward for thread 2: [-15.69, -19.51, -26.12] -20.44  Inventory: [9.0, 25.0, 52.0]  Order: [5.71, 5.58, 5.6] Demand: [5.83]
Reward for thread 3: [-15.39, -19.32, -29.77] -21.49  Inventory: [7.0, 0.0, 7.0]  Order: [4.38, 4.28, 4.16] Demand: [4.515]
Reward for thread 4: [-20.8, -24.51, -34.62] -26.64  Inventory: [38.0, 40.0, 29.0]  Order: [2.9, 2.85, 2.77] Demand: [2.96]
Reward for thread 5: [-46.88, -26.63, -26.7] -33.4  Inventory: [0.0, 0.0, 0.0]  Order: [12.52, 12.48, 12.45] Demand: [13.75]

 Algo happo Exp ippo_seed15_formal_v1 updates 243/3000 episodes, total num timesteps 244000/3000000, FPS 123.

Reward for thread 1: [-37.81, -24.1, -25.58] -29.16  Inventory: [0.0, 0.0, 0.0]  Order: [11.62, 11.8, 11.82] Demand: [11.715]
Reward for thread 2: [-17.32, -21.73, -26.24] -21.76  Inventory: [9.0, 10.0, 1.0]  Order: [5.7, 5.62, 5.55] Demand: [5.79]
Reward for thread 3: [-19.68, -23.8, -29.23] -24.24  Inventory: [4.0, 14.0, 46.0]  Order: [6.36, 6.2, 6.2] Demand: [6.53]
Reward for thread 4: [-28.99, -20.02, -21.02] -23.34  Inventory: [0.0, 0.0, 0.0]  Order: [11.79, 11.92, 11.93] Demand: [11.915]
Reward for thread 5: [-17.67, -25.28, -27.68] -23.54  Inventory: [10.0, 3.0, 37.0]  Order: [5.72, 5.64, 5.7] Demand: [5.79]

 Algo happo Exp ippo_seed15_formal_v1 updates 244/3000 episodes, total num timesteps 245000/3000000, FPS 123.

Reward for thread 1: [-23.04, -23.63, -26.49] -24.39  Inventory: [1.0, 7.0, 0.0]  Order: [10.11, 10.12, 10.08] Demand: [10.115]
Reward for thread 2: [-23.64, -20.23, -21.3] -21.72  Inventory: [9.0, 3.0, 15.0]  Order: [10.88, 10.81, 10.65] Demand: [10.94]
Reward for thread 3: [-19.11, -23.93, -25.04] -22.69  Inventory: [19.0, 35.0, 27.0]  Order: [10.18, 10.24, 10.27] Demand: [10.15]
Reward for thread 4: [-16.43, -19.78, -27.18] -21.13  Inventory: [0.0, 10.0, 47.0]  Order: [4.92, 4.78, 4.8] Demand: [5.065]
Reward for thread 5: [-15.26, -19.31, -27.74] -20.77  Inventory: [7.0, 22.0, 54.0]  Order: [4.89, 4.76, 4.78] Demand: [5.035]

Eval average reward:  -25.89975  Eval ordering fluctuation measurement (downstream to upstream):  [0.7126556913916766, 1.0073878974591213, 1.140561228881737]
A better model is saved!

 Algo happo Exp ippo_seed15_formal_v1 updates 245/3000 episodes, total num timesteps 246000/3000000, FPS 123.

Reward for thread 1: [-15.82, -18.99, -24.79] -19.87  Inventory: [9.0, 0.0, 30.0]  Order: [6.19, 6.05, 5.96] Demand: [6.315]
Reward for thread 2: [-14.93, -19.78, -23.44] -19.38  Inventory: [0.0, 0.0, 3.0]  Order: [8.1, 7.91, 7.76] Demand: [8.14]
Reward for thread 3: [-51.94, -26.1, -26.17] -34.74  Inventory: [0.0, 11.0, 9.0]  Order: [10.51, 10.57, 10.66] Demand: [12.21]
Reward for thread 4: [-14.87, -16.94, -18.34] -16.72  Inventory: [14.0, 58.0, 70.0]  Order: [8.14, 8.18, 8.3] Demand: [8.255]
Reward for thread 5: [-16.44, -18.33, -20.98] -18.58  Inventory: [0.0, 0.0, 0.0]  Order: [11.3, 11.32, 11.4] Demand: [11.375]

 Algo happo Exp ippo_seed15_formal_v1 updates 246/3000 episodes, total num timesteps 247000/3000000, FPS 123.

Reward for thread 1: [-15.14, -19.46, -25.14] -19.91  Inventory: [0.0, 0.0, 0.0]  Order: [8.11, 8.14, 8.08] Demand: [8.07]
Reward for thread 2: [-14.02, -17.59, -21.7] -17.77  Inventory: [0.0, 0.0, 0.0]  Order: [4.96, 5.04, 4.99] Demand: [5.015]
Reward for thread 3: [-11.17, -14.72, -18.4] -14.76  Inventory: [15.0, 14.0, 19.0]  Order: [6.36, 6.42, 6.46] Demand: [6.43]
Reward for thread 4: [-135.12, -55.69, -47.73] -79.51  Inventory: [0.0, 23.0, 38.0]  Order: [14.62, 14.59, 14.55] Demand: [14.745]
Reward for thread 5: [-15.04, -19.26, -25.9] -20.07  Inventory: [1.0, 23.0, 32.0]  Order: [2.88, 2.74, 2.76] Demand: [3.1]

 Algo happo Exp ippo_seed15_formal_v1 updates 247/3000 episodes, total num timesteps 248000/3000000, FPS 123.

Reward for thread 1: [-20.43, -21.8, -19.91] -20.71  Inventory: [17.0, 25.0, 19.0]  Order: [12.23, 12.34, 12.45] Demand: [12.15]
Reward for thread 2: [-62.6, -33.04, -30.46] -42.03  Inventory: [0.0, 0.0, 0.0]  Order: [13.56, 13.62, 13.64] Demand: [15.18]
Reward for thread 3: [-45.43, -28.91, -28.45] -34.26  Inventory: [12.0, 31.0, 30.0]  Order: [10.7, 10.61, 10.62] Demand: [10.83]
Reward for thread 4: [-46.68, -35.57, -28.93] -37.06  Inventory: [0.0, 0.0, 0.0]  Order: [11.1, 11.0, 10.98] Demand: [11.835]
Reward for thread 5: [-39.54, -33.92, -30.03] -34.5  Inventory: [0.0, 0.0, 16.0]  Order: [10.15, 10.12, 10.11] Demand: [10.16]

 Algo happo Exp ippo_seed15_formal_v1 updates 248/3000 episodes, total num timesteps 249000/3000000, FPS 123.

Reward for thread 1: [-12.88, -16.83, -23.13] -17.61  Inventory: [17.0, 23.0, 31.0]  Order: [3.66, 3.53, 3.46] Demand: [3.815]
Reward for thread 2: [-15.19, -19.64, -24.28] -19.7  Inventory: [0.0, 0.0, 2.0]  Order: [7.01, 6.95, 6.96] Demand: [6.94]
Reward for thread 3: [-16.58, -20.26, -23.88] -20.24  Inventory: [7.0, 29.0, 29.0]  Order: [6.24, 6.15, 6.04] Demand: [6.45]
Reward for thread 4: [-14.16, -17.13, -24.46] -18.58  Inventory: [12.0, 45.0, 32.0]  Order: [6.21, 6.26, 6.4] Demand: [6.265]
Reward for thread 5: [-16.28, -17.49, -20.86] -18.21  Inventory: [0.0, 0.0, 0.0]  Order: [9.18, 9.3, 9.31] Demand: [9.295]

 Algo happo Exp ippo_seed15_formal_v1 updates 249/3000 episodes, total num timesteps 250000/3000000, FPS 124.

Reward for thread 1: [-29.88, -26.8, -27.72] -28.13  Inventory: [5.0, 19.0, 49.0]  Order: [8.74, 8.6, 8.6] Demand: [8.91]
Reward for thread 2: [-29.46, -28.75, -27.1] -28.44  Inventory: [13.0, 4.0, 25.0]  Order: [11.8, 11.72, 11.7] Demand: [11.905]
Reward for thread 3: [-13.72, -16.73, -23.05] -17.83  Inventory: [5.0, 0.0, 9.0]  Order: [5.98, 5.96, 5.94] Demand: [6.08]
Reward for thread 4: [-15.64, -20.63, -29.14] -21.8  Inventory: [0.0, 0.0, 24.0]  Order: [5.24, 5.1, 5.07] Demand: [5.39]
Reward for thread 5: [-19.12, -25.66, -27.09] -23.96  Inventory: [16.0, 40.0, 81.0]  Order: [8.63, 8.58, 8.74] Demand: [8.725]

Eval average reward:  -30.8785  Eval ordering fluctuation measurement (downstream to upstream):  [0.8405753235324642, 0.9997341962125226, 1.1459898568296623]

 Algo happo Exp ippo_seed15_formal_v1 updates 250/3000 episodes, total num timesteps 251000/3000000, FPS 123.

Reward for thread 1: [-39.3, -31.85, -23.73] -31.63  Inventory: [40.0, 70.0, 102.0]  Order: [13.59, 13.69, 13.96] Demand: [13.635]
Reward for thread 2: [-14.23, -18.5, -20.45] -17.73  Inventory: [4.0, 22.0, 48.0]  Order: [9.04, 8.96, 8.98] Demand: [9.05]
Reward for thread 3: [-20.85, -27.04, -35.57] -27.82  Inventory: [20.0, 24.0, 70.0]  Order: [3.59, 3.46, 3.58] Demand: [3.725]
Reward for thread 4: [-16.95, -21.38, -24.54] -20.96  Inventory: [0.0, 0.0, 0.0]  Order: [8.52, 8.8, 8.72] Demand: [8.455]
Reward for thread 5: [-63.53, -31.43, -27.1] -40.69  Inventory: [0.0, 0.0, 5.0]  Order: [13.52, 13.44, 13.44] Demand: [14.19]

 Algo happo Exp ippo_seed15_formal_v1 updates 251/3000 episodes, total num timesteps 252000/3000000, FPS 123.

Reward for thread 1: [-20.68, -22.79, -21.75] -21.74  Inventory: [0.0, 0.0, 0.0]  Order: [9.79, 9.7, 9.67] Demand: [9.795]
Reward for thread 2: [-22.26, -22.92, -24.71] -23.3  Inventory: [0.0, 8.0, 34.0]  Order: [7.74, 7.66, 7.72] Demand: [7.9]
Reward for thread 3: [-14.82, -18.8, -23.91] -19.18  Inventory: [10.0, 22.0, 52.0]  Order: [6.58, 6.5, 6.54] Demand: [6.695]
Reward for thread 4: [-19.89, -24.79, -27.53] -24.07  Inventory: [13.0, 17.0, 39.0]  Order: [7.39, 7.3, 7.24] Demand: [7.51]
Reward for thread 5: [-15.33, -16.58, -20.76] -17.56  Inventory: [16.0, 28.0, 47.0]  Order: [8.02, 8.04, 8.1] Demand: [8.03]

 Algo happo Exp ippo_seed15_formal_v1 updates 252/3000 episodes, total num timesteps 253000/3000000, FPS 123.

Reward for thread 1: [-13.34, -18.93, -21.44] -17.9  Inventory: [0.0, 8.0, 0.0]  Order: [3.66, 3.67, 3.6] Demand: [3.77]
Reward for thread 2: [-16.36, -20.76, -27.19] -21.44  Inventory: [14.0, 27.0, 50.0]  Order: [5.52, 5.41, 5.42] Demand: [5.61]
Reward for thread 3: [-19.62, -23.4, -31.89] -24.97  Inventory: [9.0, 18.0, 58.0]  Order: [4.62, 4.46, 4.51] Demand: [4.795]
Reward for thread 4: [-19.88, -19.46, -19.97] -19.77  Inventory: [0.0, 10.0, 0.0]  Order: [9.43, 9.54, 9.51] Demand: [9.52]
Reward for thread 5: [-16.31, -19.72, -20.6] -18.88  Inventory: [45.0, 56.0, 43.0]  Order: [8.78, 8.89, 9.0] Demand: [8.755]

 Algo happo Exp ippo_seed15_formal_v1 updates 253/3000 episodes, total num timesteps 254000/3000000, FPS 124.

Reward for thread 1: [-16.21, -22.94, -31.1] -23.42  Inventory: [0.0, 12.0, 60.0]  Order: [5.7, 5.6, 5.65] Demand: [5.905]
Reward for thread 2: [-16.25, -22.51, -29.34] -22.7  Inventory: [2.0, 47.0, 51.0]  Order: [3.59, 3.58, 3.59] Demand: [3.785]
Reward for thread 3: [-15.11, -20.22, -22.91] -19.41  Inventory: [22.0, 45.0, 64.0]  Order: [6.91, 6.88, 6.96] Demand: [7.025]
Reward for thread 4: [-17.6, -22.78, -28.24] -22.87  Inventory: [6.0, 12.0, 8.0]  Order: [6.61, 6.51, 6.42] Demand: [6.82]
Reward for thread 5: [-16.33, -23.7, -27.97] -22.67  Inventory: [0.0, 24.0, 83.0]  Order: [5.7, 5.58, 5.75] Demand: [5.895]

 Algo happo Exp ippo_seed15_formal_v1 updates 254/3000 episodes, total num timesteps 255000/3000000, FPS 124.

Reward for thread 1: [-18.91, -23.61, -27.16] -23.23  Inventory: [0.0, 0.0, 0.0]  Order: [7.48, 7.35, 7.34] Demand: [7.43]
Reward for thread 2: [-15.08, -19.69, -25.99] -20.25  Inventory: [3.0, 18.0, 52.0]  Order: [4.01, 3.85, 3.88] Demand: [4.235]
Reward for thread 3: [-16.76, -21.52, -22.53] -20.27  Inventory: [8.0, 0.0, 20.0]  Order: [9.98, 9.89, 9.94] Demand: [10.005]
Reward for thread 4: [-14.2, -19.93, -28.71] -20.95  Inventory: [16.0, 27.0, 50.0]  Order: [2.64, 2.52, 2.52] Demand: [2.81]
Reward for thread 5: [-26.78, -25.02, -26.26] -26.02  Inventory: [6.0, 14.0, 39.0]  Order: [8.43, 8.26, 8.21] Demand: [8.635]

Eval average reward:  -34.32841666666667  Eval ordering fluctuation measurement (downstream to upstream):  [0.6880470838929862, 0.8936140072527359, 1.1731377974274584]

 Algo happo Exp ippo_seed15_formal_v1 updates 255/3000 episodes, total num timesteps 256000/3000000, FPS 123.

Reward for thread 1: [-17.44, -20.46, -22.03] -19.98  Inventory: [0.0, 0.0, 0.0]  Order: [8.45, 8.3, 8.28] Demand: [8.705]
Reward for thread 2: [-80.05, -52.32, -40.33] -57.57  Inventory: [17.0, 18.0, 41.0]  Order: [10.74, 10.62, 10.57] Demand: [10.85]
Reward for thread 3: [-21.38, -27.92, -26.46] -25.25  Inventory: [0.0, 0.0, 17.0]  Order: [8.77, 8.5, 8.48] Demand: [8.605]
Reward for thread 4: [-17.6, -21.62, -24.01] -21.08  Inventory: [5.0, 35.0, 60.0]  Order: [8.38, 8.34, 8.39] Demand: [8.425]
Reward for thread 5: [-18.39, -24.88, -40.99] -28.09  Inventory: [9.0, 24.0, 37.0]  Order: [2.08, 1.96, 1.9] Demand: [2.275]

 Algo happo Exp ippo_seed15_formal_v1 updates 256/3000 episodes, total num timesteps 257000/3000000, FPS 123.

Reward for thread 1: [-156.45, -91.95, -58.23] -102.21  Inventory: [0.0, 0.0, 0.0]  Order: [15.58, 15.22, 15.1] Demand: [17.07]
Reward for thread 2: [-12.59, -16.64, -21.12] -16.78  Inventory: [0.0, 0.0, 0.0]  Order: [6.78, 6.75, 6.73] Demand: [6.765]
Reward for thread 3: [-12.94, -17.03, -18.24] -16.07  Inventory: [0.0, 0.0, 0.0]  Order: [10.3, 10.28, 10.24] Demand: [10.14]
Reward for thread 4: [-14.45, -21.05, -28.38] -21.29  Inventory: [5.0, 3.0, 20.0]  Order: [3.89, 3.8, 3.76] Demand: [4.07]
Reward for thread 5: [-10.44, -13.0, -16.12] -13.19  Inventory: [8.0, 17.0, 9.0]  Order: [7.58, 7.5, 7.51] Demand: [7.6]

 Algo happo Exp ippo_seed15_formal_v1 updates 257/3000 episodes, total num timesteps 258000/3000000, FPS 124.

Reward for thread 1: [-15.61, -21.62, -24.23] -20.49  Inventory: [2.0, 0.0, 8.0]  Order: [8.88, 8.81, 8.76] Demand: [8.975]
Reward for thread 2: [-16.78, -21.92, -34.18] -24.29  Inventory: [11.0, 19.0, 57.0]  Order: [3.4, 3.24, 3.29] Demand: [3.585]
Reward for thread 3: [-102.24, -60.37, -41.84] -68.15  Inventory: [0.0, 0.0, 0.0]  Order: [14.21, 13.78, 13.74] Demand: [15.92]
Reward for thread 4: [-24.68, -24.89, -22.17] -23.91  Inventory: [0.0, 0.0, 0.0]  Order: [10.28, 10.07, 10.08] Demand: [10.64]
Reward for thread 5: [-16.72, -24.46, -29.1] -23.43  Inventory: [4.0, 29.0, 51.0]  Order: [4.27, 4.17, 4.18] Demand: [4.45]

 Algo happo Exp ippo_seed15_formal_v1 updates 258/3000 episodes, total num timesteps 259000/3000000, FPS 124.

Reward for thread 1: [-15.72, -19.42, -20.54] -18.56  Inventory: [12.0, 48.0, 42.0]  Order: [7.34, 7.33, 7.3] Demand: [7.46]
Reward for thread 2: [-21.03, -22.46, -21.87] -21.79  Inventory: [19.0, 39.0, 62.0]  Order: [9.01, 8.95, 9.06] Demand: [9.125]
Reward for thread 3: [-149.62, -70.97, -52.74] -91.11  Inventory: [0.0, 0.0, 0.0]  Order: [13.77, 13.37, 13.42] Demand: [15.635]
Reward for thread 4: [-70.28, -44.46, -32.51] -49.08  Inventory: [0.0, 0.0, 0.0]  Order: [13.36, 13.24, 13.25] Demand: [13.695]
Reward for thread 5: [-12.88, -18.29, -20.91] -17.36  Inventory: [0.0, 0.0, 0.0]  Order: [5.22, 5.16, 5.06] Demand: [5.285]

 Algo happo Exp ippo_seed15_formal_v1 updates 259/3000 episodes, total num timesteps 260000/3000000, FPS 124.

Reward for thread 1: [-20.93, -24.46, -24.37] -23.25  Inventory: [0.0, 8.0, 7.0]  Order: [7.49, 7.44, 7.32] Demand: [7.62]
Reward for thread 2: [-77.6, -46.35, -33.14] -52.36  Inventory: [0.0, 0.0, 0.0]  Order: [13.24, 13.04, 13.04] Demand: [14.725]
Reward for thread 3: [-17.82, -26.13, -29.86] -24.6  Inventory: [4.0, 22.0, 38.0]  Order: [5.32, 5.18, 5.12] Demand: [5.545]
Reward for thread 4: [-15.08, -19.24, -22.49] -18.94  Inventory: [8.0, 9.0, 52.0]  Order: [6.03, 5.82, 5.84] Demand: [6.21]
Reward for thread 5: [-53.22, -36.02, -30.02] -39.75  Inventory: [0.0, 0.0, 0.0]  Order: [11.12, 11.12, 11.12] Demand: [12.465]

Eval average reward:  -32.230916666666666  Eval ordering fluctuation measurement (downstream to upstream):  [0.69735855175931, 0.9202609294554829, 1.1460741336866942]

 Algo happo Exp ippo_seed15_formal_v1 updates 260/3000 episodes, total num timesteps 261000/3000000, FPS 123.

Reward for thread 1: [-14.83, -21.09, -25.0] -20.31  Inventory: [0.0, 0.0, 0.0]  Order: [6.52, 6.33, 6.32] Demand: [6.48]
Reward for thread 2: [-20.1, -29.14, -32.04] -27.09  Inventory: [9.0, 18.0, 32.0]  Order: [6.56, 6.48, 6.42] Demand: [6.675]
Reward for thread 3: [-62.49, -44.79, -33.24] -46.84  Inventory: [10.0, 33.0, 54.0]  Order: [10.66, 10.58, 10.6] Demand: [10.765]
Reward for thread 4: [-13.78, -18.6, -17.65] -16.68  Inventory: [8.0, 15.0, 22.0]  Order: [10.4, 10.4, 10.43] Demand: [10.415]
Reward for thread 5: [-21.6, -31.8, -30.86] -28.09  Inventory: [0.0, 0.0, 0.0]  Order: [6.34, 6.09, 5.9] Demand: [6.27]

 Algo happo Exp ippo_seed15_formal_v1 updates 261/3000 episodes, total num timesteps 262000/3000000, FPS 124.

Reward for thread 1: [-17.27, -24.74, -27.53] -23.18  Inventory: [5.0, 17.0, 16.0]  Order: [6.38, 6.33, 6.19] Demand: [6.56]
Reward for thread 2: [-107.38, -62.15, -44.97] -71.5  Inventory: [0.0, 0.0, 0.0]  Order: [14.26, 14.1, 14.12] Demand: [15.705]
Reward for thread 3: [-102.54, -56.35, -46.2] -68.36  Inventory: [0.0, 0.0, 35.0]  Order: [13.27, 13.22, 13.24] Demand: [13.235]
Reward for thread 4: [-46.66, -37.42, -29.62] -37.9  Inventory: [0.0, 0.0, 6.0]  Order: [12.17, 12.0, 12.14] Demand: [13.15]
Reward for thread 5: [-15.88, -21.52, -21.72] -19.71  Inventory: [0.0, 0.0, 0.0]  Order: [9.44, 9.36, 9.35] Demand: [9.545]

 Algo happo Exp ippo_seed15_formal_v1 updates 262/3000 episodes, total num timesteps 263000/3000000, FPS 124.

Reward for thread 1: [-14.42, -19.74, -26.15] -20.1  Inventory: [20.0, 48.0, 56.0]  Order: [4.79, 4.78, 4.84] Demand: [4.875]
Reward for thread 2: [-24.2, -24.71, -23.18] -24.03  Inventory: [0.0, 0.0, 0.0]  Order: [9.62, 9.62, 9.59] Demand: [9.685]
Reward for thread 3: [-14.91, -19.13, -25.1] -19.71  Inventory: [5.0, 23.0, 23.0]  Order: [5.35, 5.22, 5.09] Demand: [5.57]
Reward for thread 4: [-13.26, -18.49, -24.46] -18.74  Inventory: [1.0, 12.0, 10.0]  Order: [4.78, 4.76, 4.57] Demand: [4.935]
Reward for thread 5: [-16.91, -22.41, -26.75] -22.02  Inventory: [3.0, 6.0, 13.0]  Order: [6.08, 5.96, 5.78] Demand: [6.19]

 Algo happo Exp ippo_seed15_formal_v1 updates 263/3000 episodes, total num timesteps 264000/3000000, FPS 124.

Reward for thread 1: [-14.82, -20.83, -23.44] -19.7  Inventory: [0.0, 0.0, 0.0]  Order: [7.86, 7.84, 7.75] Demand: [7.87]
Reward for thread 2: [-135.37, -78.05, -53.68] -89.03  Inventory: [0.0, 0.0, 0.0]  Order: [13.54, 12.75, 12.7] Demand: [15.37]
Reward for thread 3: [-20.4, -30.03, -40.1] -30.18  Inventory: [8.0, 30.0, 81.0]  Order: [3.86, 3.76, 3.93] Demand: [4.045]
Reward for thread 4: [-17.04, -21.72, -24.45] -21.07  Inventory: [12.0, 40.0, 59.0]  Order: [7.49, 7.44, 7.51] Demand: [7.61]
Reward for thread 5: [-16.8, -21.85, -25.02] -21.22  Inventory: [8.0, 27.0, 49.0]  Order: [5.73, 5.62, 5.61] Demand: [5.935]

 Algo happo Exp ippo_seed15_formal_v1 updates 264/3000 episodes, total num timesteps 265000/3000000, FPS 124.

Reward for thread 1: [-24.88, -28.09, -24.37] -25.78  Inventory: [2.0, 0.0, 52.0]  Order: [10.3, 10.18, 10.2] Demand: [10.355]
Reward for thread 2: [-61.55, -38.72, -30.02] -43.43  Inventory: [0.0, 0.0, 0.0]  Order: [12.6, 12.24, 12.2] Demand: [13.675]
Reward for thread 3: [-25.85, -28.74, -23.45] -26.01  Inventory: [6.0, 14.0, 48.0]  Order: [10.96, 10.88, 10.91] Demand: [10.98]
Reward for thread 4: [-13.46, -19.77, -20.96] -18.06  Inventory: [13.0, 62.0, 41.0]  Order: [5.42, 5.48, 5.44] Demand: [5.61]
Reward for thread 5: [-16.0, -23.16, -26.34] -21.83  Inventory: [2.0, 4.0, 9.0]  Order: [5.74, 5.66, 5.64] Demand: [5.895]

Eval average reward:  -31.529916666666672  Eval ordering fluctuation measurement (downstream to upstream):  [0.7000690569111859, 0.9394828592240847, 1.1178782433737695]

 Algo happo Exp ippo_seed15_formal_v1 updates 265/3000 episodes, total num timesteps 266000/3000000, FPS 124.

Reward for thread 1: [-36.43, -33.17, -28.22] -32.61  Inventory: [8.0, 13.0, 0.0]  Order: [9.8, 9.91, 9.7] Demand: [9.92]
Reward for thread 2: [-27.01, -26.58, -27.2] -26.93  Inventory: [0.0, 0.0, 0.0]  Order: [8.35, 8.26, 8.26] Demand: [8.34]
Reward for thread 3: [-17.38, -23.14, -20.59] -20.37  Inventory: [0.0, 0.0, 0.0]  Order: [10.02, 10.02, 9.9] Demand: [10.01]
Reward for thread 4: [-17.15, -20.13, -22.27] -19.85  Inventory: [0.0, 10.0, 7.0]  Order: [8.36, 8.45, 8.53] Demand: [8.46]
Reward for thread 5: [-20.58, -21.6, -21.2] -21.13  Inventory: [16.0, 27.0, 47.0]  Order: [9.88, 9.77, 9.81] Demand: [9.985]

 Algo happo Exp ippo_seed15_formal_v1 updates 266/3000 episodes, total num timesteps 267000/3000000, FPS 124.

Reward for thread 1: [-14.46, -19.09, -25.4] -19.65  Inventory: [11.0, 2.0, 19.0]  Order: [5.51, 5.46, 5.38] Demand: [5.625]
Reward for thread 2: [-41.12, -29.15, -23.08] -31.12  Inventory: [22.0, 44.0, 32.0]  Order: [13.12, 13.1, 13.08] Demand: [13.21]
Reward for thread 3: [-52.99, -37.7, -25.14] -38.61  Inventory: [0.0, 0.0, 0.0]  Order: [14.56, 14.5, 14.44] Demand: [14.64]
Reward for thread 4: [-14.38, -20.8, -21.63] -18.94  Inventory: [8.0, 49.0, 43.0]  Order: [6.69, 6.68, 6.66] Demand: [6.86]
Reward for thread 5: [-18.4, -23.21, -26.26] -22.62  Inventory: [1.0, 0.0, 31.0]  Order: [7.62, 7.56, 7.48] Demand: [7.745]

 Algo happo Exp ippo_seed15_formal_v1 updates 267/3000 episodes, total num timesteps 268000/3000000, FPS 124.

Reward for thread 1: [-27.58, -28.57, -26.4] -27.52  Inventory: [1.0, 25.0, 35.0]  Order: [9.98, 9.93, 9.9] Demand: [10.07]
Reward for thread 2: [-16.56, -18.81, -17.56] -17.64  Inventory: [2.0, 3.0, 30.0]  Order: [10.08, 9.99, 9.9] Demand: [10.145]
Reward for thread 3: [-19.94, -22.33, -33.69] -25.32  Inventory: [26.0, 31.0, 77.0]  Order: [1.96, 1.87, 2.01] Demand: [2.08]
Reward for thread 4: [-14.3, -19.65, -21.78] -18.58  Inventory: [14.0, 16.0, 29.0]  Order: [6.79, 6.72, 6.65] Demand: [6.87]
Reward for thread 5: [-39.79, -32.23, -26.9] -32.97  Inventory: [0.0, 0.0, 0.0]  Order: [10.92, 10.94, 10.92] Demand: [11.92]

 Algo happo Exp ippo_seed15_formal_v1 updates 268/3000 episodes, total num timesteps 269000/3000000, FPS 124.

Reward for thread 1: [-13.53, -20.24, -21.81] -18.53  Inventory: [0.0, 0.0, 10.0]  Order: [6.38, 6.36, 6.28] Demand: [6.42]
Reward for thread 2: [-13.52, -18.47, -20.65] -17.55  Inventory: [0.0, 0.0, 0.0]  Order: [7.48, 7.44, 7.39] Demand: [7.53]
Reward for thread 3: [-13.79, -19.9, -25.2] -19.63  Inventory: [6.0, 16.0, 25.0]  Order: [4.59, 4.51, 4.47] Demand: [4.715]
Reward for thread 4: [-36.79, -30.93, -25.28] -31.0  Inventory: [6.0, 21.0, 41.0]  Order: [11.84, 11.78, 11.78] Demand: [11.96]
Reward for thread 5: [-13.38, -20.08, -21.6] -18.35  Inventory: [16.0, 36.0, 45.0]  Order: [5.99, 6.02, 6.02] Demand: [6.075]

 Algo happo Exp ippo_seed15_formal_v1 updates 269/3000 episodes, total num timesteps 270000/3000000, FPS 124.

Reward for thread 1: [-15.61, -21.74, -24.45] -20.6  Inventory: [7.0, 29.0, 43.0]  Order: [7.16, 7.16, 7.22] Demand: [7.23]
Reward for thread 2: [-18.43, -21.44, -21.67] -20.51  Inventory: [0.0, 0.0, 0.0]  Order: [10.6, 10.6, 10.55] Demand: [10.57]
Reward for thread 3: [-27.55, -30.99, -28.68] -29.07  Inventory: [14.0, 23.0, 69.0]  Order: [10.11, 9.98, 10.08] Demand: [10.23]
Reward for thread 4: [-29.01, -27.81, -25.89] -27.57  Inventory: [0.0, 0.0, 0.0]  Order: [11.16, 11.14, 11.16] Demand: [11.72]
Reward for thread 5: [-47.32, -36.43, -27.68] -37.14  Inventory: [0.0, 0.0, 0.0]  Order: [13.54, 13.5, 13.52] Demand: [13.565]

Eval average reward:  -28.808583333333335  Eval ordering fluctuation measurement (downstream to upstream):  [0.7058557066238548, 0.9046231129989473, 1.1294039694133275]

 Algo happo Exp ippo_seed15_formal_v1 updates 270/3000 episodes, total num timesteps 271000/3000000, FPS 124.

Reward for thread 1: [-100.43, -50.55, -39.48] -63.49  Inventory: [0.0, 0.0, 0.0]  Order: [14.66, 14.64, 14.64] Demand: [16.235]
Reward for thread 2: [-37.96, -28.01, -24.02] -30.0  Inventory: [0.0, 0.0, 30.0]  Order: [13.64, 13.58, 13.56] Demand: [13.765]
Reward for thread 3: [-46.4, -33.14, -28.86] -36.13  Inventory: [0.0, 0.0, 0.0]  Order: [12.9, 12.95, 12.96] Demand: [12.955]
Reward for thread 4: [-32.48, -27.33, -22.91] -27.57  Inventory: [0.0, 12.0, 4.0]  Order: [11.02, 11.0, 10.9] Demand: [11.12]
Reward for thread 5: [-13.74, -19.73, -22.05] -18.51  Inventory: [0.0, 0.0, 9.0]  Order: [7.72, 7.61, 7.52] Demand: [7.8]

 Algo happo Exp ippo_seed15_formal_v1 updates 271/3000 episodes, total num timesteps 272000/3000000, FPS 124.

Reward for thread 1: [-16.68, -24.06, -29.32] -23.35  Inventory: [0.0, 0.0, 0.0]  Order: [6.74, 6.58, 6.49] Demand: [6.74]
Reward for thread 2: [-13.02, -19.8, -24.76] -19.19  Inventory: [8.0, 4.0, 30.0]  Order: [2.34, 2.16, 2.06] Demand: [2.54]
Reward for thread 3: [-13.46, -20.41, -21.84] -18.57  Inventory: [10.0, 16.0, 17.0]  Order: [3.0, 2.85, 2.7] Demand: [3.2]
Reward for thread 4: [-36.08, -31.4, -25.51] -31.0  Inventory: [0.0, 0.0, 0.0]  Order: [13.17, 13.18, 13.17] Demand: [13.6]
Reward for thread 5: [-21.56, -32.14, -35.86] -29.85  Inventory: [33.0, 58.0, 63.0]  Order: [6.79, 6.86, 7.0] Demand: [6.805]

 Algo happo Exp ippo_seed15_formal_v1 updates 272/3000 episodes, total num timesteps 273000/3000000, FPS 124.

Reward for thread 1: [-74.36, -43.12, -33.31] -50.26  Inventory: [0.0, 0.0, 0.0]  Order: [13.94, 13.96, 14.0] Demand: [14.745]
Reward for thread 2: [-52.72, -28.37, -25.87] -35.65  Inventory: [0.0, 0.0, 0.0]  Order: [11.75, 11.7, 11.68] Demand: [12.94]
Reward for thread 3: [-78.74, -43.96, -35.34] -52.68  Inventory: [0.0, 0.0, 0.0]  Order: [11.0, 10.92, 10.98] Demand: [12.57]
Reward for thread 4: [-12.88, -18.35, -23.21] -18.15  Inventory: [9.0, 16.0, 12.0]  Order: [5.32, 5.26, 5.26] Demand: [5.47]
Reward for thread 5: [-19.55, -20.98, -19.72] -20.08  Inventory: [13.0, 14.0, 42.0]  Order: [11.1, 11.03, 11.02] Demand: [11.15]

 Algo happo Exp ippo_seed15_formal_v1 updates 273/3000 episodes, total num timesteps 274000/3000000, FPS 124.

Reward for thread 1: [-14.89, -19.73, -23.27] -19.3  Inventory: [12.0, 2.0, 12.0]  Order: [7.15, 7.05, 7.06] Demand: [7.235]
Reward for thread 2: [-53.13, -34.37, -29.07] -38.86  Inventory: [0.0, 0.0, 0.0]  Order: [12.94, 12.85, 12.9] Demand: [13.96]
Reward for thread 3: [-14.72, -20.77, -24.36] -19.95  Inventory: [0.0, 13.0, 49.0]  Order: [6.22, 6.16, 6.16] Demand: [6.275]
Reward for thread 4: [-39.68, -29.92, -24.75] -31.45  Inventory: [40.0, 99.0, 59.0]  Order: [10.87, 11.12, 11.26] Demand: [10.91]
Reward for thread 5: [-72.28, -39.43, -30.58] -47.43  Inventory: [0.0, 0.0, 5.0]  Order: [13.84, 13.81, 13.89] Demand: [15.015]

 Algo happo Exp ippo_seed15_formal_v1 updates 274/3000 episodes, total num timesteps 275000/3000000, FPS 124.

Reward for thread 1: [-84.06, -45.57, -35.52] -55.05  Inventory: [0.0, 0.0, 0.0]  Order: [14.68, 14.6, 14.58] Demand: [14.905]
Reward for thread 2: [-19.06, -21.83, -22.85] -21.25  Inventory: [7.0, 7.0, 12.0]  Order: [7.86, 7.8, 7.8] Demand: [7.955]
Reward for thread 3: [-26.27, -25.79, -20.87] -24.31  Inventory: [7.0, 13.0, 0.0]  Order: [11.12, 11.23, 11.26] Demand: [11.11]
Reward for thread 4: [-16.9, -25.0, -25.17] -22.36  Inventory: [9.0, 0.0, 0.0]  Order: [9.48, 9.43, 9.35] Demand: [9.53]
Reward for thread 5: [-25.0, -21.9, -21.2] -22.7  Inventory: [0.0, 0.0, 0.0]  Order: [9.62, 9.6, 9.62] Demand: [10.245]

Eval average reward:  -26.885  Eval ordering fluctuation measurement (downstream to upstream):  [0.6183975374174855, 0.9005204407818723, 1.1623597319174683]

 Algo happo Exp ippo_seed15_formal_v1 updates 275/3000 episodes, total num timesteps 276000/3000000, FPS 124.

Reward for thread 1: [-13.92, -19.85, -21.85] -18.54  Inventory: [0.0, 25.0, 22.0]  Order: [6.8, 6.72, 6.68] Demand: [6.97]
Reward for thread 2: [-17.47, -24.82, -25.62] -22.64  Inventory: [15.0, 30.0, 50.0]  Order: [6.5, 6.41, 6.41] Demand: [6.615]
Reward for thread 3: [-15.7, -19.9, -20.38] -18.66  Inventory: [2.0, 0.0, 11.0]  Order: [9.14, 9.07, 9.04] Demand: [9.28]
Reward for thread 4: [-46.32, -33.15, -28.72] -36.06  Inventory: [0.0, 0.0, 0.0]  Order: [10.88, 10.71, 10.72] Demand: [11.965]
Reward for thread 5: [-20.05, -19.78, -22.95] -20.93  Inventory: [6.0, 19.0, 21.0]  Order: [8.1, 8.04, 7.98] Demand: [8.3]

 Algo happo Exp ippo_seed15_formal_v1 updates 276/3000 episodes, total num timesteps 277000/3000000, FPS 124.

Reward for thread 1: [-20.86, -21.27, -19.56] -20.56  Inventory: [0.0, 1.0, 0.0]  Order: [8.48, 8.42, 8.31] Demand: [8.575]
Reward for thread 2: [-15.79, -23.4, -27.04] -22.08  Inventory: [10.0, 17.0, 28.0]  Order: [4.24, 4.12, 4.02] Demand: [4.405]
Reward for thread 3: [-13.63, -19.87, -26.24] -19.91  Inventory: [1.0, 9.0, 0.0]  Order: [3.94, 3.82, 3.76] Demand: [4.07]
Reward for thread 4: [-73.97, -39.68, -33.02] -48.89  Inventory: [0.0, 0.0, 0.0]  Order: [12.13, 12.02, 12.05] Demand: [13.465]
Reward for thread 5: [-83.51, -34.21, -32.88] -50.2  Inventory: [0.0, 0.0, 0.0]  Order: [14.38, 14.38, 14.32] Demand: [16.1]

 Algo happo Exp ippo_seed15_formal_v1 updates 277/3000 episodes, total num timesteps 278000/3000000, FPS 124.

Reward for thread 1: [-13.92, -20.52, -20.73] -18.39  Inventory: [0.0, 29.0, 3.0]  Order: [7.42, 7.57, 7.54] Demand: [7.47]
Reward for thread 2: [-12.12, -16.26, -16.42] -14.93  Inventory: [0.0, 11.0, 4.0]  Order: [9.72, 9.7, 9.64] Demand: [9.81]
Reward for thread 3: [-45.2, -29.17, -26.62] -33.66  Inventory: [0.0, 0.0, 0.0]  Order: [10.69, 10.72, 10.69] Demand: [11.68]
Reward for thread 4: [-13.41, -19.85, -22.53] -18.6  Inventory: [2.0, 38.0, 35.0]  Order: [4.53, 4.46, 4.39] Demand: [4.75]
Reward for thread 5: [-15.71, -20.2, -18.88] -18.26  Inventory: [4.0, 0.0, 0.0]  Order: [10.88, 10.92, 10.92] Demand: [10.785]

 Algo happo Exp ippo_seed15_formal_v1 updates 278/3000 episodes, total num timesteps 279000/3000000, FPS 124.

Reward for thread 1: [-93.73, -38.16, -34.73] -55.54  Inventory: [0.0, 0.0, 3.0]  Order: [14.66, 14.67, 14.66] Demand: [14.64]
Reward for thread 2: [-15.0, -22.19, -24.35] -20.51  Inventory: [16.0, 35.0, 40.0]  Order: [6.98, 7.08, 7.18] Demand: [7.11]
Reward for thread 3: [-13.22, -19.61, -23.66] -18.83  Inventory: [12.0, 21.0, 20.0]  Order: [3.82, 3.85, 3.76] Demand: [3.935]
Reward for thread 4: [-12.53, -19.23, -20.7] -17.49  Inventory: [10.0, 38.0, 43.0]  Order: [3.91, 3.86, 3.85] Demand: [4.095]
Reward for thread 5: [-15.81, -24.4, -23.84] -21.35  Inventory: [0.0, 17.0, 0.0]  Order: [9.88, 9.94, 9.94] Demand: [9.915]

 Algo happo Exp ippo_seed15_formal_v1 updates 279/3000 episodes, total num timesteps 280000/3000000, FPS 124.

Reward for thread 1: [-24.25, -17.16, -15.99] -19.13  Inventory: [13.0, 38.0, 35.0]  Order: [12.52, 12.62, 12.66] Demand: [12.495]
Reward for thread 2: [-17.23, -21.13, -28.67] -22.34  Inventory: [17.0, 24.0, 37.0]  Order: [1.96, 1.85, 1.8] Demand: [2.105]
Reward for thread 3: [-32.28, -25.49, -22.62] -26.8  Inventory: [0.0, 18.0, 12.0]  Order: [11.16, 11.2, 11.16] Demand: [11.35]
Reward for thread 4: [-16.8, -24.55, -30.79] -24.05  Inventory: [9.0, 38.0, 81.0]  Order: [2.38, 2.32, 2.48] Demand: [2.575]
Reward for thread 5: [-53.68, -31.56, -29.72] -38.32  Inventory: [9.0, 29.0, 32.0]  Order: [10.25, 10.18, 10.1] Demand: [10.4]

Eval average reward:  -26.574  Eval ordering fluctuation measurement (downstream to upstream):  [0.6799871931152156, 0.8230800986436924, 1.1319886529702887]

 Algo happo Exp ippo_seed15_formal_v1 updates 280/3000 episodes, total num timesteps 281000/3000000, FPS 124.

Reward for thread 1: [-24.8, -19.13, -19.22] -21.05  Inventory: [0.0, 0.0, 3.0]  Order: [11.08, 11.09, 11.12] Demand: [11.25]
Reward for thread 2: [-14.5, -20.8, -21.18] -18.83  Inventory: [4.0, 23.0, 38.0]  Order: [8.1, 8.04, 7.99] Demand: [8.155]
Reward for thread 3: [-84.62, -37.35, -32.92] -51.63  Inventory: [0.0, 0.0, 0.0]  Order: [12.82, 12.82, 12.83] Demand: [14.155]
Reward for thread 4: [-13.49, -18.65, -20.68] -17.61  Inventory: [9.0, 8.0, 40.0]  Order: [6.46, 6.31, 6.26] Demand: [6.625]
Reward for thread 5: [-16.57, -22.41, -25.9] -21.63  Inventory: [0.0, 0.0, 4.0]  Order: [6.34, 6.32, 6.32] Demand: [6.375]

 Algo happo Exp ippo_seed15_formal_v1 updates 281/3000 episodes, total num timesteps 282000/3000000, FPS 124.

Reward for thread 1: [-21.18, -24.27, -23.46] -22.97  Inventory: [6.0, 0.0, 11.0]  Order: [9.01, 8.88, 8.87] Demand: [9.14]
Reward for thread 2: [-71.56, -37.22, -31.91] -46.9  Inventory: [0.0, 0.0, 1.0]  Order: [12.63, 12.64, 12.68] Demand: [13.515]
Reward for thread 3: [-16.48, -25.64, -25.6] -22.57  Inventory: [5.0, 6.0, 27.0]  Order: [6.61, 6.54, 6.47] Demand: [6.73]
Reward for thread 4: [-18.6, -22.51, -21.29] -20.8  Inventory: [0.0, 0.0, 11.0]  Order: [9.22, 9.2, 9.31] Demand: [9.12]
Reward for thread 5: [-128.34, -49.05, -43.29] -73.56  Inventory: [0.0, 65.0, 12.0]  Order: [14.54, 14.68, 14.68] Demand: [14.65]

 Algo happo Exp ippo_seed15_formal_v1 updates 282/3000 episodes, total num timesteps 283000/3000000, FPS 124.

Reward for thread 1: [-21.86, -22.61, -21.7] -22.06  Inventory: [0.0, 0.0, 18.0]  Order: [7.58, 7.47, 7.38] Demand: [7.7]
Reward for thread 2: [-62.97, -36.64, -29.55] -43.05  Inventory: [0.0, 0.0, 0.0]  Order: [13.82, 13.77, 13.87] Demand: [14.45]
Reward for thread 3: [-22.28, -27.06, -25.91] -25.08  Inventory: [20.0, 36.0, 33.0]  Order: [1.34, 1.26, 1.18] Demand: [1.48]
Reward for thread 4: [-13.52, -19.63, -23.3] -18.82  Inventory: [0.0, 17.0, 47.0]  Order: [3.92, 3.78, 3.78] Demand: [4.12]
Reward for thread 5: [-12.93, -18.47, -22.01] -17.8  Inventory: [2.0, 15.0, 4.0]  Order: [4.06, 3.96, 3.88] Demand: [4.22]

 Algo happo Exp ippo_seed15_formal_v1 updates 283/3000 episodes, total num timesteps 284000/3000000, FPS 124.

Reward for thread 1: [-102.57, -44.4, -37.72] -61.56  Inventory: [0.0, 0.0, 0.0]  Order: [14.24, 14.21, 14.25] Demand: [14.545]
Reward for thread 2: [-18.16, -23.3, -24.53] -22.0  Inventory: [0.0, 26.0, 17.0]  Order: [6.36, 6.34, 6.29] Demand: [6.53]
Reward for thread 3: [-54.45, -36.83, -32.2] -41.16  Inventory: [12.0, 60.0, 62.0]  Order: [11.82, 11.86, 11.92] Demand: [11.915]
Reward for thread 4: [-13.53, -19.52, -23.57] -18.87  Inventory: [8.0, 13.0, 1.0]  Order: [6.35, 6.34, 6.2] Demand: [6.49]
Reward for thread 5: [-55.93, -32.96, -27.84] -38.91  Inventory: [1.0, 0.0, 7.0]  Order: [11.7, 11.62, 11.54] Demand: [11.765]

 Algo happo Exp ippo_seed15_formal_v1 updates 284/3000 episodes, total num timesteps 285000/3000000, FPS 124.

Reward for thread 1: [-12.66, -19.54, -22.37] -18.19  Inventory: [5.0, 13.0, 2.0]  Order: [4.32, 4.24, 4.12] Demand: [4.54]
Reward for thread 2: [-21.81, -23.3, -21.82] -22.31  Inventory: [12.0, 57.0, 72.0]  Order: [9.64, 9.67, 9.8] Demand: [9.675]
Reward for thread 3: [-55.66, -34.65, -32.96] -41.09  Inventory: [0.0, 0.0, 0.0]  Order: [11.86, 11.96, 11.99] Demand: [11.975]
Reward for thread 4: [-22.44, -23.44, -25.27] -23.72  Inventory: [13.0, 45.0, 67.0]  Order: [9.86, 9.83, 9.93] Demand: [9.895]
Reward for thread 5: [-20.31, -24.14, -22.49] -22.31  Inventory: [0.0, 0.0, 0.0]  Order: [9.74, 9.79, 9.71] Demand: [9.88]

Eval average reward:  -27.91625  Eval ordering fluctuation measurement (downstream to upstream):  [0.728988366012529, 0.8353405004644152, 1.1366601729434547]

 Algo happo Exp ippo_seed15_formal_v1 updates 285/3000 episodes, total num timesteps 286000/3000000, FPS 124.

Reward for thread 1: [-133.51, -58.82, -46.54] -79.62  Inventory: [0.0, 32.0, 17.0]  Order: [14.96, 15.04, 15.04] Demand: [15.185]
Reward for thread 2: [-82.43, -39.74, -35.4] -52.52  Inventory: [0.0, 0.0, 0.0]  Order: [13.36, 13.4, 13.46] Demand: [14.99]
Reward for thread 3: [-19.56, -27.76, -31.15] -26.16  Inventory: [0.0, 8.0, 32.0]  Order: [2.89, 2.74, 2.7] Demand: [3.025]
Reward for thread 4: [-16.34, -22.43, -21.91] -20.23  Inventory: [10.0, 9.0, 2.0]  Order: [8.16, 8.13, 7.96] Demand: [8.215]
Reward for thread 5: [-15.93, -18.06, -20.08] -18.02  Inventory: [1.0, 0.0, 16.0]  Order: [6.76, 6.64, 6.66] Demand: [6.93]

 Algo happo Exp ippo_seed15_formal_v1 updates 286/3000 episodes, total num timesteps 287000/3000000, FPS 124.

Reward for thread 1: [-16.89, -21.29, -23.37] -20.52  Inventory: [16.0, 10.0, 18.0]  Order: [6.7, 6.58, 6.5] Demand: [6.84]
Reward for thread 2: [-86.06, -41.95, -38.01] -55.34  Inventory: [0.0, 0.0, 0.0]  Order: [13.66, 13.68, 13.6] Demand: [15.015]
Reward for thread 3: [-74.94, -38.62, -34.69] -49.42  Inventory: [0.0, 0.0, 0.0]  Order: [13.03, 13.04, 13.0] Demand: [14.265]
Reward for thread 4: [-13.37, -18.38, -20.37] -17.37  Inventory: [11.0, 41.0, 25.0]  Order: [5.92, 5.9, 5.83] Demand: [6.08]
Reward for thread 5: [-11.62, -15.25, -18.84] -15.24  Inventory: [0.0, 19.0, 35.0]  Order: [6.34, 6.28, 6.22] Demand: [6.47]

 Algo happo Exp ippo_seed15_formal_v1 updates 287/3000 episodes, total num timesteps 288000/3000000, FPS 124.

Reward for thread 1: [-48.85, -36.1, -30.15] -38.37  Inventory: [0.0, 0.0, 18.0]  Order: [12.52, 12.48, 12.45] Demand: [13.53]
Reward for thread 2: [-17.53, -21.67, -22.19] -20.46  Inventory: [0.0, 0.0, 0.0]  Order: [7.34, 7.4, 7.34] Demand: [7.48]
Reward for thread 3: [-29.18, -23.92, -21.16] -24.75  Inventory: [0.0, 0.0, 0.0]  Order: [11.72, 11.79, 11.82] Demand: [11.76]
Reward for thread 4: [-54.12, -33.48, -31.25] -39.62  Inventory: [0.0, 1.0, 0.0]  Order: [13.62, 13.7, 13.8] Demand: [14.61]
Reward for thread 5: [-19.14, -22.77, -23.9] -21.94  Inventory: [2.0, 3.0, 13.0]  Order: [7.48, 7.26, 7.08] Demand: [7.62]

 Algo happo Exp ippo_seed15_formal_v1 updates 288/3000 episodes, total num timesteps 289000/3000000, FPS 124.

Reward for thread 1: [-13.65, -18.18, -21.06] -17.63  Inventory: [0.0, 0.0, 8.0]  Order: [6.18, 6.18, 6.08] Demand: [6.26]
Reward for thread 2: [-16.76, -23.65, -25.42] -21.94  Inventory: [10.0, 18.0, 5.0]  Order: [6.43, 6.36, 6.32] Demand: [6.545]
Reward for thread 3: [-42.29, -33.15, -28.31] -34.58  Inventory: [0.0, 0.0, 0.0]  Order: [11.81, 11.74, 11.68] Demand: [11.725]
Reward for thread 4: [-18.32, -19.02, -20.93] -19.42  Inventory: [0.0, 11.0, 22.0]  Order: [8.14, 8.0, 7.9] Demand: [8.275]
Reward for thread 5: [-28.42, -25.16, -24.44] -26.01  Inventory: [3.0, 4.0, 11.0]  Order: [9.89, 9.8, 9.7] Demand: [10.05]

 Algo happo Exp ippo_seed15_formal_v1 updates 289/3000 episodes, total num timesteps 290000/3000000, FPS 124.

Reward for thread 1: [-21.83, -21.02, -20.16] -21.0  Inventory: [24.0, 54.0, 17.0]  Order: [9.24, 9.51, 9.52] Demand: [9.275]
Reward for thread 2: [-22.96, -20.85, -21.34] -21.72  Inventory: [0.0, 23.0, 0.0]  Order: [9.45, 9.53, 9.52] Demand: [9.615]
Reward for thread 3: [-24.4, -21.37, -23.0] -22.92  Inventory: [45.0, 22.0, 9.0]  Order: [6.62, 6.51, 6.36] Demand: [6.63]
Reward for thread 4: [-18.34, -27.74, -32.18] -26.09  Inventory: [4.0, 18.0, 63.0]  Order: [4.72, 4.58, 4.64] Demand: [4.87]
Reward for thread 5: [-15.02, -20.9, -19.45] -18.46  Inventory: [0.0, 0.0, 0.0]  Order: [8.76, 8.67, 8.7] Demand: [8.92]

Eval average reward:  -28.112666666666666  Eval ordering fluctuation measurement (downstream to upstream):  [0.7304357456893522, 0.8541669587558924, 1.1741111556108614]

 Algo happo Exp ippo_seed15_formal_v1 updates 290/3000 episodes, total num timesteps 291000/3000000, FPS 124.

Reward for thread 1: [-16.56, -22.26, -22.04] -20.29  Inventory: [0.0, 31.0, 49.0]  Order: [8.8, 8.76, 8.76] Demand: [8.87]
Reward for thread 2: [-13.68, -20.62, -21.55] -18.62  Inventory: [21.0, 20.0, 15.0]  Order: [3.97, 3.98, 3.94] Demand: [4.09]
Reward for thread 3: [-18.27, -25.45, -24.64] -22.79  Inventory: [0.0, 40.0, 32.0]  Order: [5.11, 5.06, 4.97] Demand: [5.285]
Reward for thread 4: [-14.58, -19.02, -19.72] -17.77  Inventory: [6.0, 27.0, 45.0]  Order: [7.9, 7.79, 7.77] Demand: [8.05]
Reward for thread 5: [-13.32, -19.16, -21.5] -17.99  Inventory: [12.0, 21.0, 35.0]  Order: [3.32, 3.18, 3.11] Demand: [3.505]

 Algo happo Exp ippo_seed15_formal_v1 updates 291/3000 episodes, total num timesteps 292000/3000000, FPS 124.

Reward for thread 1: [-11.63, -17.35, -16.77] -15.25  Inventory: [9.0, 35.0, 8.0]  Order: [4.82, 4.74, 4.53] Demand: [5.01]
Reward for thread 2: [-96.38, -38.24, -38.19] -57.6  Inventory: [0.0, 2.0, 0.0]  Order: [12.17, 12.32, 12.3] Demand: [14.17]
Reward for thread 3: [-25.1, -27.56, -25.82] -26.16  Inventory: [0.0, 13.0, 4.0]  Order: [9.82, 9.86, 9.78] Demand: [10.095]
Reward for thread 4: [-14.52, -18.83, -18.6] -17.32  Inventory: [0.0, 7.0, 32.0]  Order: [6.88, 6.9, 6.96] Demand: [6.83]
Reward for thread 5: [-19.81, -22.26, -23.01] -21.69  Inventory: [0.0, 0.0, 0.0]  Order: [9.3, 9.37, 9.39] Demand: [9.595]

 Algo happo Exp ippo_seed15_formal_v1 updates 292/3000 episodes, total num timesteps 293000/3000000, FPS 124.

Reward for thread 1: [-46.67, -31.17, -28.12] -35.32  Inventory: [0.0, 0.0, 0.0]  Order: [13.33, 13.3, 13.3] Demand: [13.26]
Reward for thread 2: [-141.36, -46.05, -47.22] -78.21  Inventory: [0.0, 0.0, 0.0]  Order: [15.9, 16.01, 16.07] Demand: [16.715]
Reward for thread 3: [-17.27, -22.41, -20.93] -20.2  Inventory: [14.0, 44.0, 46.0]  Order: [8.21, 8.25, 8.26] Demand: [8.32]
Reward for thread 4: [-45.94, -26.96, -25.98] -32.96  Inventory: [0.0, 49.0, 56.0]  Order: [12.9, 12.9, 12.94] Demand: [13.06]
Reward for thread 5: [-60.3, -33.21, -29.29] -40.93  Inventory: [0.0, 0.0, 0.0]  Order: [14.61, 14.66, 14.66] Demand: [15.34]

 Algo happo Exp ippo_seed15_formal_v1 updates 293/3000 episodes, total num timesteps 294000/3000000, FPS 124.

Reward for thread 1: [-11.9, -15.5, -18.02] -15.14  Inventory: [5.0, 18.0, 28.0]  Order: [4.93, 4.8, 4.73] Demand: [5.055]
Reward for thread 2: [-12.43, -20.56, -20.42] -17.8  Inventory: [0.0, 2.0, 0.0]  Order: [3.02, 2.95, 2.85] Demand: [3.2]
Reward for thread 3: [-21.33, -29.0, -30.4] -26.91  Inventory: [5.0, 21.0, 33.0]  Order: [6.83, 6.69, 6.64] Demand: [7.04]
Reward for thread 4: [-32.21, -20.85, -21.66] -24.91  Inventory: [0.0, 0.0, 0.0]  Order: [12.24, 12.35, 12.34] Demand: [12.585]
Reward for thread 5: [-17.54, -27.6, -24.56] -23.23  Inventory: [0.0, 0.0, 12.0]  Order: [8.31, 8.11, 7.98] Demand: [8.275]

 Algo happo Exp ippo_seed15_formal_v1 updates 294/3000 episodes, total num timesteps 295000/3000000, FPS 124.

Reward for thread 1: [-17.64, -27.01, -23.69] -22.78  Inventory: [14.0, 46.0, 24.0]  Order: [1.07, 1.05, 0.97] Demand: [1.235]
Reward for thread 2: [-122.0, -45.33, -43.88] -70.4  Inventory: [0.0, 11.0, 0.0]  Order: [14.72, 14.92, 14.95] Demand: [16.425]
Reward for thread 3: [-21.07, -29.72, -26.4] -25.73  Inventory: [2.0, 25.0, 7.0]  Order: [5.69, 5.62, 5.42] Demand: [5.855]
Reward for thread 4: [-14.8, -20.59, -21.63] -19.01  Inventory: [5.0, 21.0, 17.0]  Order: [7.94, 7.92, 7.96] Demand: [8.01]
Reward for thread 5: [-15.26, -21.9, -21.67] -19.61  Inventory: [5.0, 25.0, 28.0]  Order: [6.34, 6.23, 6.12] Demand: [6.535]

Eval average reward:  -28.46025  Eval ordering fluctuation measurement (downstream to upstream):  [0.7212453989160342, 0.8672243706080911, 1.1807073819768332]

 Algo happo Exp ippo_seed15_formal_v1 updates 295/3000 episodes, total num timesteps 296000/3000000, FPS 124.

Reward for thread 1: [-14.63, -21.49, -23.24] -19.79  Inventory: [0.0, 0.0, 0.0]  Order: [4.69, 4.54, 4.44] Demand: [4.705]
Reward for thread 2: [-49.11, -28.23, -26.4] -34.58  Inventory: [0.0, 0.0, 1.0]  Order: [13.34, 13.26, 13.21] Demand: [13.495]
Reward for thread 3: [-14.14, -21.28, -21.71] -19.04  Inventory: [7.0, 16.0, 19.0]  Order: [5.36, 5.28, 5.12] Demand: [5.495]
Reward for thread 4: [-70.59, -31.99, -30.8] -44.46  Inventory: [0.0, 6.0, 28.0]  Order: [14.26, 14.24, 14.24] Demand: [14.37]
Reward for thread 5: [-13.24, -17.5, -19.55] -16.76  Inventory: [22.0, 16.0, 15.0]  Order: [2.99, 2.84, 2.68] Demand: [3.11]

 Algo happo Exp ippo_seed15_formal_v1 updates 296/3000 episodes, total num timesteps 297000/3000000, FPS 124.

Reward for thread 1: [-51.37, -27.4, -25.92] -34.9  Inventory: [0.0, 57.0, 79.0]  Order: [13.22, 13.26, 13.42] Demand: [13.39]
Reward for thread 2: [-42.89, -27.51, -25.05] -31.82  Inventory: [6.0, 24.0, 21.0]  Order: [12.59, 12.54, 12.4] Demand: [12.73]
Reward for thread 3: [-13.8, -22.9, -20.42] -19.04  Inventory: [7.0, 44.0, 30.0]  Order: [3.24, 3.21, 3.12] Demand: [3.44]
Reward for thread 4: [-138.33, -45.32, -44.92] -76.19  Inventory: [0.0, 7.0, 7.0]  Order: [15.56, 15.63, 15.69] Demand: [16.17]
Reward for thread 5: [-87.39, -34.45, -33.75] -51.86  Inventory: [0.0, 0.0, 0.0]  Order: [14.29, 14.41, 14.42] Demand: [16.04]

 Algo happo Exp ippo_seed15_formal_v1 updates 297/3000 episodes, total num timesteps 298000/3000000, FPS 124.

Reward for thread 1: [-13.64, -20.08, -20.36] -18.03  Inventory: [6.0, 39.0, 12.0]  Order: [5.22, 5.18, 4.99] Demand: [5.44]
Reward for thread 2: [-12.32, -15.8, -17.34] -15.15  Inventory: [5.0, 12.0, 29.0]  Order: [6.0, 5.82, 5.72] Demand: [6.21]
Reward for thread 3: [-104.89, -39.32, -38.56] -60.92  Inventory: [0.0, 0.0, 0.0]  Order: [13.34, 13.4, 13.44] Demand: [14.985]
Reward for thread 4: [-22.62, -22.21, -21.84] -22.22  Inventory: [0.0, 19.0, 25.0]  Order: [6.8, 6.7, 6.6] Demand: [7.]
Reward for thread 5: [-11.24, -18.45, -17.5] -15.73  Inventory: [6.0, 6.0, 20.0]  Order: [5.08, 4.99, 4.84] Demand: [5.26]

 Algo happo Exp ippo_seed15_formal_v1 updates 298/3000 episodes, total num timesteps 299000/3000000, FPS 124.

Reward for thread 1: [-13.5, -19.51, -21.88] -18.3  Inventory: [5.0, 20.0, 22.0]  Order: [4.81, 4.68, 4.54] Demand: [4.985]
Reward for thread 2: [-16.52, -21.94, -21.52] -19.99  Inventory: [8.0, 15.0, 32.0]  Order: [7.8, 7.69, 7.6] Demand: [7.9]
Reward for thread 3: [-78.16, -34.9, -32.12] -48.39  Inventory: [0.0, 6.0, 0.0]  Order: [15.16, 15.2, 15.16] Demand: [15.295]
Reward for thread 4: [-20.15, -21.44, -19.94] -20.51  Inventory: [0.0, 0.0, 0.0]  Order: [8.9, 8.95, 8.86] Demand: [8.855]
Reward for thread 5: [-19.44, -25.77, -24.43] -23.21  Inventory: [6.0, 6.0, 33.0]  Order: [7.98, 7.76, 7.67] Demand: [8.125]

 Algo happo Exp ippo_seed15_formal_v1 updates 299/3000 episodes, total num timesteps 300000/3000000, FPS 124.

Reward for thread 1: [-30.17, -27.0, -25.26] -27.48  Inventory: [0.0, 0.0, 0.0]  Order: [11.0, 10.89, 10.78] Demand: [10.905]
Reward for thread 2: [-17.93, -25.71, -26.03] -23.22  Inventory: [9.0, 23.0, 24.0]  Order: [4.76, 4.62, 4.54] Demand: [4.95]
Reward for thread 3: [-13.19, -18.61, -20.14] -17.31  Inventory: [14.0, 21.0, 37.0]  Order: [6.08, 5.99, 5.93] Demand: [6.24]
Reward for thread 4: [-32.28, -23.58, -19.85] -25.24  Inventory: [4.0, 13.0, 6.0]  Order: [11.84, 11.83, 11.82] Demand: [11.915]
Reward for thread 5: [-10.14, -15.13, -15.77] -13.68  Inventory: [0.0, 26.0, 19.0]  Order: [4.66, 4.62, 4.47] Demand: [4.79]

Eval average reward:  -28.956916666666665  Eval ordering fluctuation measurement (downstream to upstream):  [0.750204041625589, 0.8263720840802057, 1.1627847834060954]

 Algo happo Exp ippo_seed15_formal_v1 updates 300/3000 episodes, total num timesteps 301000/3000000, FPS 124.

Reward for thread 1: [-12.19, -20.33, -18.95] -17.16  Inventory: [4.0, 8.0, 22.0]  Order: [2.1, 1.99, 1.96] Demand: [2.23]
Reward for thread 2: [-17.46, -20.74, -19.73] -19.31  Inventory: [2.0, 0.0, 0.0]  Order: [8.86, 8.82, 8.82] Demand: [8.83]
Reward for thread 3: [-144.86, -53.25, -51.91] -83.34  Inventory: [0.0, 0.0, 0.0]  Order: [14.16, 14.26, 14.32] Demand: [15.17]
Reward for thread 4: [-10.87, -15.46, -18.0] -14.78  Inventory: [23.0, 44.0, 66.0]  Order: [4.27, 4.26, 4.42] Demand: [4.345]
Reward for thread 5: [-14.59, -18.05, -17.89] -16.84  Inventory: [0.0, 22.0, 40.0]  Order: [8.31, 8.23, 8.18] Demand: [8.445]

 Algo happo Exp ippo_seed15_formal_v1 updates 301/3000 episodes, total num timesteps 302000/3000000, FPS 124.

Reward for thread 1: [-69.78, -39.89, -36.58] -48.75  Inventory: [0.0, 0.0, 0.0]  Order: [13.24, 13.36, 13.44] Demand: [14.49]
Reward for thread 2: [-14.05, -20.08, -21.85] -18.66  Inventory: [15.0, 16.0, 29.0]  Order: [5.96, 5.82, 5.82] Demand: [6.09]
Reward for thread 3: [-25.64, -18.31, -17.61] -20.52  Inventory: [0.0, 0.0, 0.0]  Order: [12.12, 12.2, 12.2] Demand: [12.08]
Reward for thread 4: [-12.33, -16.63, -18.45] -15.8  Inventory: [0.0, 0.0, 0.0]  Order: [6.24, 6.33, 6.28] Demand: [6.33]
Reward for thread 5: [-12.6, -17.13, -18.94] -16.22  Inventory: [0.0, 9.0, 39.0]  Order: [3.83, 3.64, 3.58] Demand: [4.03]

 Algo happo Exp ippo_seed15_formal_v1 updates 302/3000 episodes, total num timesteps 303000/3000000, FPS 124.

Reward for thread 1: [-29.73, -22.58, -22.22] -24.84  Inventory: [0.0, 0.0, 0.0]  Order: [9.76, 9.8, 9.76] Demand: [10.3]
Reward for thread 2: [-11.04, -15.67, -17.24] -14.65  Inventory: [2.0, 12.0, 20.0]  Order: [6.13, 6.02, 5.91] Demand: [6.305]
Reward for thread 3: [-51.41, -29.58, -27.84] -36.28  Inventory: [0.0, 14.0, 0.0]  Order: [12.78, 12.97, 12.96] Demand: [13.67]
Reward for thread 4: [-30.65, -24.2, -22.87] -25.91  Inventory: [0.0, 32.0, 10.0]  Order: [9.43, 9.63, 9.64] Demand: [9.97]
Reward for thread 5: [-19.96, -29.97, -28.37] -26.1  Inventory: [9.0, 51.0, 21.0]  Order: [4.54, 4.55, 4.4] Demand: [4.745]

 Algo happo Exp ippo_seed15_formal_v1 updates 303/3000 episodes, total num timesteps 304000/3000000, FPS 124.

Reward for thread 1: [-31.44, -24.99, -21.71] -26.05  Inventory: [0.0, 0.0, 0.0]  Order: [12.2, 12.26, 12.35] Demand: [12.74]
Reward for thread 2: [-30.1, -28.02, -24.11] -27.41  Inventory: [0.0, 13.0, 6.0]  Order: [12.08, 12.13, 12.14] Demand: [12.175]
Reward for thread 3: [-33.13, -22.05, -20.33] -25.17  Inventory: [0.0, 0.0, 0.0]  Order: [11.8, 11.88, 11.9] Demand: [12.505]
Reward for thread 4: [-11.81, -16.31, -19.24] -15.79  Inventory: [9.0, 25.0, 39.0]  Order: [5.53, 5.42, 5.38] Demand: [5.68]
Reward for thread 5: [-16.64, -18.37, -19.47] -18.16  Inventory: [6.0, 14.0, 28.0]  Order: [9.0, 8.9, 8.8] Demand: [9.065]

 Algo happo Exp ippo_seed15_formal_v1 updates 304/3000 episodes, total num timesteps 305000/3000000, FPS 124.

Reward for thread 1: [-103.88, -46.24, -45.23] -65.12  Inventory: [0.0, 0.0, 0.0]  Order: [14.12, 14.2, 14.28] Demand: [15.975]
Reward for thread 2: [-12.58, -15.64, -17.1] -15.11  Inventory: [0.0, 5.0, 0.0]  Order: [9.02, 9.12, 9.04] Demand: [9.125]
Reward for thread 3: [-14.81, -21.19, -21.79] -19.26  Inventory: [16.0, 28.0, 0.0]  Order: [4.3, 4.28, 4.19] Demand: [4.375]
Reward for thread 4: [-18.42, -29.28, -26.6] -24.77  Inventory: [6.0, 17.0, 28.0]  Order: [6.84, 6.7, 6.6] Demand: [6.97]
Reward for thread 5: [-16.08, -22.12, -20.95] -19.72  Inventory: [3.0, 19.0, 32.0]  Order: [6.61, 6.51, 6.42] Demand: [6.77]

Eval average reward:  -27.356833333333327  Eval ordering fluctuation measurement (downstream to upstream):  [0.8130524713708354, 0.8487148584633033, 1.186375425317029]

 Algo happo Exp ippo_seed15_formal_v1 updates 305/3000 episodes, total num timesteps 306000/3000000, FPS 124.

Reward for thread 1: [-34.56, -24.29, -23.27] -27.37  Inventory: [0.0, 12.0, 0.0]  Order: [12.36, 12.53, 12.64] Demand: [12.805]
Reward for thread 2: [-23.13, -27.69, -26.8] -25.87  Inventory: [23.0, 54.0, 54.0]  Order: [6.44, 6.47, 6.49] Demand: [6.565]
Reward for thread 3: [-11.94, -17.88, -20.85] -16.89  Inventory: [6.0, 29.0, 35.0]  Order: [3.99, 3.9, 3.9] Demand: [4.145]
Reward for thread 4: [-11.21, -16.36, -17.31] -14.96  Inventory: [6.0, 29.0, 30.0]  Order: [5.52, 5.54, 5.48] Demand: [5.62]
Reward for thread 5: [-12.51, -17.08, -17.85] -15.81  Inventory: [6.0, 6.0, 0.0]  Order: [6.59, 6.55, 6.48] Demand: [6.73]

 Algo happo Exp ippo_seed15_formal_v1 updates 306/3000 episodes, total num timesteps 307000/3000000, FPS 124.

Reward for thread 1: [-23.64, -26.84, -25.2] -25.23  Inventory: [8.0, 18.0, 19.0]  Order: [7.68, 7.54, 7.44] Demand: [7.86]
Reward for thread 2: [-72.78, -34.79, -37.81] -48.46  Inventory: [0.0, 0.0, 0.0]  Order: [12.88, 12.99, 12.98] Demand: [13.975]
Reward for thread 3: [-49.71, -39.6, -34.08] -41.13  Inventory: [0.0, 0.0, 0.0]  Order: [12.55, 12.64, 12.59] Demand: [13.33]
Reward for thread 4: [-12.45, -19.27, -20.62] -17.45  Inventory: [8.0, 43.0, 40.0]  Order: [4.18, 4.14, 4.1] Demand: [4.36]
Reward for thread 5: [-77.99, -40.66, -33.02] -50.56  Inventory: [0.0, 0.0, 0.0]  Order: [14.38, 14.52, 14.54] Demand: [15.82]

 Algo happo Exp ippo_seed15_formal_v1 updates 307/3000 episodes, total num timesteps 308000/3000000, FPS 124.

Reward for thread 1: [-28.38, -25.55, -21.62] -25.18  Inventory: [0.0, 17.0, 26.0]  Order: [11.89, 11.88, 11.89] Demand: [11.925]
Reward for thread 2: [-12.43, -16.02, -18.22] -15.56  Inventory: [0.0, 4.0, 3.0]  Order: [4.16, 4.05, 3.92] Demand: [4.335]
Reward for thread 3: [-13.3, -20.22, -20.28] -17.93  Inventory: [12.0, 24.0, 18.0]  Order: [2.76, 2.64, 2.48] Demand: [2.945]
Reward for thread 4: [-27.07, -19.59, -19.77] -22.14  Inventory: [0.0, 0.0, 0.0]  Order: [11.34, 11.42, 11.52] Demand: [11.925]
Reward for thread 5: [-15.62, -24.93, -25.16] -21.9  Inventory: [5.0, 5.0, 31.0]  Order: [6.4, 6.25, 6.16] Demand: [6.595]

 Algo happo Exp ippo_seed15_formal_v1 updates 308/3000 episodes, total num timesteps 309000/3000000, FPS 124.

Reward for thread 1: [-15.66, -23.69, -23.76] -21.04  Inventory: [0.0, 38.0, 22.0]  Order: [2.77, 2.73, 2.59] Demand: [2.98]
Reward for thread 2: [-30.02, -26.53, -24.87] -27.14  Inventory: [2.0, 29.0, 0.0]  Order: [11.82, 11.96, 11.96] Demand: [11.855]
Reward for thread 3: [-13.12, -17.27, -17.34] -15.91  Inventory: [2.0, 2.0, 22.0]  Order: [9.12, 9.01, 8.92] Demand: [9.17]
Reward for thread 4: [-14.08, -20.69, -19.9] -18.22  Inventory: [0.0, 11.0, 28.0]  Order: [6.86, 6.74, 6.64] Demand: [7.06]
Reward for thread 5: [-12.4, -17.48, -16.79] -15.56  Inventory: [14.0, 19.0, 23.0]  Order: [7.26, 7.13, 7.04] Demand: [7.345]

 Algo happo Exp ippo_seed15_formal_v1 updates 309/3000 episodes, total num timesteps 310000/3000000, FPS 124.

Reward for thread 1: [-56.61, -40.1, -32.6] -43.1  Inventory: [0.0, 0.0, 0.0]  Order: [14.74, 14.72, 14.79] Demand: [15.055]
Reward for thread 2: [-13.51, -17.75, -19.32] -16.86  Inventory: [8.0, 15.0, 36.0]  Order: [6.04, 5.88, 5.82] Demand: [6.2]
Reward for thread 3: [-20.32, -20.79, -19.66] -20.26  Inventory: [13.0, 0.0, 0.0]  Order: [10.04, 9.99, 9.9] Demand: [10.06]
Reward for thread 4: [-10.34, -13.98, -16.04] -13.45  Inventory: [9.0, 27.0, 33.0]  Order: [4.9, 4.84, 4.76] Demand: [5.035]
Reward for thread 5: [-91.3, -51.46, -41.48] -61.41  Inventory: [0.0, 0.0, 0.0]  Order: [15.06, 14.96, 14.94] Demand: [16.24]

Eval average reward:  -25.923583333333333  Eval ordering fluctuation measurement (downstream to upstream):  [0.8161949685994194, 0.8330182285804278, 1.1876608360467178]

 Algo happo Exp ippo_seed15_formal_v1 updates 310/3000 episodes, total num timesteps 311000/3000000, FPS 124.

Reward for thread 1: [-12.62, -17.98, -18.85] -16.48  Inventory: [7.0, 10.0, 0.0]  Order: [6.44, 6.44, 6.4] Demand: [6.53]
Reward for thread 2: [-12.79, -17.59, -18.58] -16.32  Inventory: [1.0, 5.0, 21.0]  Order: [5.4, 5.26, 5.2] Demand: [5.59]
Reward for thread 3: [-29.69, -25.74, -21.18] -25.54  Inventory: [18.0, 24.0, 0.0]  Order: [12.54, 12.68, 12.6] Demand: [12.515]
Reward for thread 4: [-11.91, -17.4, -19.26] -16.19  Inventory: [0.0, 11.0, 20.0]  Order: [3.16, 3.04, 2.9] Demand: [3.335]
Reward for thread 5: [-13.57, -19.26, -19.23] -17.35  Inventory: [6.0, 23.0, 27.0]  Order: [6.83, 6.72, 6.6] Demand: [7.005]

 Algo happo Exp ippo_seed15_formal_v1 updates 311/3000 episodes, total num timesteps 312000/3000000, FPS 124.

Reward for thread 1: [-61.21, -45.75, -37.67] -48.21  Inventory: [0.0, 0.0, 0.0]  Order: [12.74, 12.61, 12.62] Demand: [13.62]
Reward for thread 2: [-18.3, -23.41, -22.27] -21.33  Inventory: [0.0, 0.0, 0.0]  Order: [8.27, 8.07, 8.01] Demand: [8.19]
Reward for thread 3: [-50.46, -33.49, -29.43] -37.79  Inventory: [0.0, 0.0, 14.0]  Order: [13.65, 13.7, 13.8] Demand: [14.095]
Reward for thread 4: [-12.75, -18.82, -18.81] -16.79  Inventory: [2.0, 4.0, 3.0]  Order: [3.37, 3.22, 3.1] Demand: [3.535]
Reward for thread 5: [-20.63, -29.87, -22.29] -24.26  Inventory: [24.0, 72.0, 23.0]  Order: [0.92, 1.03, 0.94] Demand: [1.045]

 Algo happo Exp ippo_seed15_formal_v1 updates 312/3000 episodes, total num timesteps 313000/3000000, FPS 124.

Reward for thread 1: [-82.26, -36.19, -38.3] -52.25  Inventory: [0.0, 12.0, 29.0]  Order: [13.14, 13.25, 13.3] Demand: [14.465]
Reward for thread 2: [-35.76, -27.4, -22.16] -28.44  Inventory: [0.0, 12.0, 1.0]  Order: [12.85, 12.8, 12.66] Demand: [12.98]
Reward for thread 3: [-13.13, -20.82, -18.35] -17.43  Inventory: [0.0, 3.0, 7.0]  Order: [2.38, 2.23, 2.02] Demand: [2.555]
Reward for thread 4: [-18.21, -23.27, -23.58] -21.69  Inventory: [0.0, 0.0, 0.0]  Order: [9.31, 9.18, 9.09] Demand: [9.355]
Reward for thread 5: [-18.08, -21.58, -19.75] -19.8  Inventory: [0.0, 0.0, 0.0]  Order: [11.54, 11.44, 11.42] Demand: [11.55]

 Algo happo Exp ippo_seed15_formal_v1 updates 313/3000 episodes, total num timesteps 314000/3000000, FPS 124.

Reward for thread 1: [-11.11, -17.55, -17.2] -15.29  Inventory: [7.0, 14.0, 27.0]  Order: [3.31, 3.21, 3.1] Demand: [3.515]
Reward for thread 2: [-11.45, -15.95, -14.87] -14.09  Inventory: [12.0, 5.0, 0.0]  Order: [6.62, 6.59, 6.56] Demand: [6.71]
Reward for thread 3: [-18.0, -24.86, -22.82] -21.89  Inventory: [0.0, 3.0, 25.0]  Order: [8.46, 8.48, 8.52] Demand: [8.38]
Reward for thread 4: [-84.4, -40.02, -37.32] -53.91  Inventory: [0.0, 0.0, 16.0]  Order: [13.83, 13.79, 13.88] Demand: [15.03]
Reward for thread 5: [-36.72, -26.71, -24.59] -29.34  Inventory: [0.0, 0.0, 0.0]  Order: [13.42, 13.31, 13.2] Demand: [13.47]

 Algo happo Exp ippo_seed15_formal_v1 updates 314/3000 episodes, total num timesteps 315000/3000000, FPS 124.

Reward for thread 1: [-68.56, -34.81, -32.92] -45.43  Inventory: [0.0, 11.0, 18.0]  Order: [12.7, 12.62, 12.6] Demand: [12.735]
Reward for thread 2: [-11.04, -14.96, -15.73] -13.91  Inventory: [4.0, 12.0, 12.0]  Order: [5.2, 5.12, 5.03] Demand: [5.375]
Reward for thread 3: [-16.65, -21.11, -21.74] -19.83  Inventory: [0.0, 13.0, 0.0]  Order: [7.14, 7.19, 7.18] Demand: [7.325]
Reward for thread 4: [-39.83, -25.4, -21.46] -28.9  Inventory: [0.0, 0.0, 0.0]  Order: [13.22, 13.32, 13.3] Demand: [13.2]
Reward for thread 5: [-32.12, -25.38, -24.26] -27.25  Inventory: [0.0, 2.0, 0.0]  Order: [10.84, 10.76, 10.63] Demand: [10.895]

Eval average reward:  -27.2505  Eval ordering fluctuation measurement (downstream to upstream):  [0.825869415852053, 0.8948308184587056, 1.17044270387297]

 Algo happo Exp ippo_seed15_formal_v1 updates 315/3000 episodes, total num timesteps 316000/3000000, FPS 124.

Reward for thread 1: [-12.9, -18.41, -19.06] -16.79  Inventory: [11.0, 22.0, 25.0]  Order: [5.27, 5.19, 5.08] Demand: [5.37]
Reward for thread 2: [-27.79, -24.24, -23.6] -25.21  Inventory: [0.0, 5.0, 0.0]  Order: [10.84, 10.9, 10.97] Demand: [11.25]
Reward for thread 3: [-12.09, -16.97, -18.45] -15.84  Inventory: [2.0, 28.0, 31.0]  Order: [5.27, 5.16, 5.07] Demand: [5.49]
Reward for thread 4: [-89.49, -37.55, -34.63] -53.89  Inventory: [0.0, 0.0, 0.0]  Order: [14.35, 14.41, 14.46] Demand: [16.285]
Reward for thread 5: [-33.7, -24.59, -23.52] -27.27  Inventory: [0.0, 0.0, 0.0]  Order: [11.32, 11.36, 11.42] Demand: [12.205]

 Algo happo Exp ippo_seed15_formal_v1 updates 316/3000 episodes, total num timesteps 317000/3000000, FPS 124.

Reward for thread 1: [-19.85, -21.12, -21.79] -20.92  Inventory: [9.0, 19.0, 26.0]  Order: [8.68, 8.78, 8.81] Demand: [8.7]
Reward for thread 2: [-14.24, -20.96, -19.68] -18.29  Inventory: [13.0, 28.0, 35.0]  Order: [4.26, 4.22, 4.15] Demand: [4.415]
Reward for thread 3: [-38.04, -26.28, -25.88] -30.07  Inventory: [0.0, 0.0, 7.0]  Order: [11.94, 11.96, 11.98] Demand: [12.31]
Reward for thread 4: [-12.05, -18.45, -17.42] -15.97  Inventory: [1.0, 3.0, 0.0]  Order: [6.74, 6.56, 6.44] Demand: [6.95]
Reward for thread 5: [-15.03, -22.24, -23.86] -20.38  Inventory: [9.0, 6.0, 0.0]  Order: [7.06, 7.14, 7.16] Demand: [6.995]

 Algo happo Exp ippo_seed15_formal_v1 updates 317/3000 episodes, total num timesteps 318000/3000000, FPS 124.

Reward for thread 1: [-10.87, -16.84, -17.94] -15.22  Inventory: [3.0, 5.0, 23.0]  Order: [2.54, 2.31, 2.17] Demand: [2.71]
Reward for thread 2: [-13.31, -17.7, -18.08] -16.36  Inventory: [0.0, 0.0, 22.0]  Order: [7.63, 7.61, 7.59] Demand: [7.645]
Reward for thread 3: [-15.23, -20.22, -18.71] -18.05  Inventory: [0.0, 0.0, 0.0]  Order: [8.14, 8.06, 7.95] Demand: [8.25]
Reward for thread 4: [-14.45, -19.76, -19.89] -18.03  Inventory: [6.0, 10.0, 20.0]  Order: [8.03, 7.9, 7.82] Demand: [8.15]
Reward for thread 5: [-17.36, -21.48, -19.64] -19.49  Inventory: [3.0, 5.0, 0.0]  Order: [8.78, 8.7, 8.65] Demand: [8.965]

 Algo happo Exp ippo_seed15_formal_v1 updates 318/3000 episodes, total num timesteps 319000/3000000, FPS 124.

Reward for thread 1: [-20.79, -35.66, -28.79] -28.41  Inventory: [1.0, 15.0, 30.0]  Order: [3.2, 3.04, 2.94] Demand: [3.405]
Reward for thread 2: [-88.42, -48.44, -37.57] -58.14  Inventory: [0.0, 0.0, 0.0]  Order: [13.14, 13.06, 13.1] Demand: [14.68]
Reward for thread 3: [-85.5, -37.59, -33.19] -52.09  Inventory: [0.0, 0.0, 0.0]  Order: [15.55, 15.58, 15.59] Demand: [16.49]
Reward for thread 4: [-14.05, -18.25, -18.56] -16.95  Inventory: [7.0, 18.0, 30.0]  Order: [6.91, 6.76, 6.66] Demand: [7.09]
Reward for thread 5: [-51.92, -29.64, -25.9] -35.82  Inventory: [0.0, 1.0, 0.0]  Order: [13.86, 13.98, 14.11] Demand: [14.38]

 Algo happo Exp ippo_seed15_formal_v1 updates 319/3000 episodes, total num timesteps 320000/3000000, FPS 124.

Reward for thread 1: [-32.32, -25.13, -24.05] -27.17  Inventory: [0.0, 61.0, 53.0]  Order: [13.26, 13.42, 13.54] Demand: [13.425]
Reward for thread 2: [-12.05, -17.8, -20.77] -16.87  Inventory: [10.0, 15.0, 27.0]  Order: [3.38, 3.2, 3.08] Demand: [3.575]
Reward for thread 3: [-21.07, -19.14, -17.77] -19.33  Inventory: [0.0, 0.0, 15.0]  Order: [9.9, 9.76, 9.59] Demand: [9.965]
Reward for thread 4: [-11.9, -17.61, -18.81] -16.11  Inventory: [7.0, 23.0, 29.0]  Order: [3.91, 3.78, 3.68] Demand: [4.095]
Reward for thread 5: [-72.42, -34.54, -30.75] -45.9  Inventory: [0.0, 0.0, 0.0]  Order: [15.2, 15.2, 15.2] Demand: [15.69]

Eval average reward:  -27.103833333333334  Eval ordering fluctuation measurement (downstream to upstream):  [0.8280302925478711, 0.8938275718579008, 1.1657619209758947]

 Algo happo Exp ippo_seed15_formal_v1 updates 320/3000 episodes, total num timesteps 321000/3000000, FPS 124.

Reward for thread 1: [-20.66, -27.67, -24.99] -24.44  Inventory: [6.0, 20.0, 20.0]  Order: [7.26, 7.12, 6.98] Demand: [7.425]
Reward for thread 2: [-14.95, -20.02, -21.07] -18.68  Inventory: [16.0, 43.0, 20.0]  Order: [8.64, 8.8, 8.76] Demand: [8.685]
Reward for thread 3: [-74.94, -33.29, -31.37] -46.53  Inventory: [0.0, 17.0, 41.0]  Order: [13.25, 13.24, 13.26] Demand: [13.29]
Reward for thread 4: [-19.08, -19.24, -18.86] -19.06  Inventory: [0.0, 13.0, 0.0]  Order: [12.64, 12.72, 12.72] Demand: [12.715]
Reward for thread 5: [-40.51, -33.1, -29.7] -34.44  Inventory: [0.0, 0.0, 0.0]  Order: [12.65, 12.68, 12.68] Demand: [13.085]

 Algo happo Exp ippo_seed15_formal_v1 updates 321/3000 episodes, total num timesteps 322000/3000000, FPS 124.

Reward for thread 1: [-12.12, -16.33, -18.14] -15.53  Inventory: [11.0, 17.0, 32.0]  Order: [4.59, 4.46, 4.37] Demand: [4.735]
Reward for thread 2: [-21.0, -21.06, -20.57] -20.88  Inventory: [10.0, 35.0, 31.0]  Order: [9.82, 9.74, 9.65] Demand: [9.945]
Reward for thread 3: [-12.23, -16.87, -19.88] -16.33  Inventory: [3.0, 7.0, 4.0]  Order: [3.58, 3.4, 3.3] Demand: [3.74]
Reward for thread 4: [-21.16, -25.75, -23.05] -23.32  Inventory: [14.0, 6.0, 22.0]  Order: [9.7, 9.59, 9.52] Demand: [9.715]
Reward for thread 5: [-16.62, -24.7, -23.61] -21.64  Inventory: [1.0, 10.0, 16.0]  Order: [5.36, 5.16, 5.0] Demand: [5.58]

 Algo happo Exp ippo_seed15_formal_v1 updates 322/3000 episodes, total num timesteps 323000/3000000, FPS 124.

Reward for thread 1: [-29.67, -32.95, -29.21] -30.61  Inventory: [1.0, 2.0, 26.0]  Order: [9.01, 8.86, 8.75] Demand: [9.17]
Reward for thread 2: [-151.28, -53.89, -48.7] -84.62  Inventory: [0.0, 0.0, 0.0]  Order: [16.5, 16.55, 16.58] Demand: [17.035]
Reward for thread 3: [-16.18, -21.29, -21.09] -19.52  Inventory: [10.0, 29.0, 32.0]  Order: [7.05, 6.94, 6.86] Demand: [7.24]
Reward for thread 4: [-23.61, -23.3, -26.43] -24.45  Inventory: [12.0, 19.0, 25.0]  Order: [6.74, 6.62, 6.5] Demand: [6.925]
Reward for thread 5: [-14.1, -20.63, -21.8] -18.84  Inventory: [0.0, 0.0, 0.0]  Order: [5.88, 5.76, 5.64] Demand: [5.95]

 Algo happo Exp ippo_seed15_formal_v1 updates 323/3000 episodes, total num timesteps 324000/3000000, FPS 124.

Reward for thread 1: [-16.56, -22.33, -22.3] -20.4  Inventory: [7.0, 0.0, 0.0]  Order: [6.05, 5.97, 5.85] Demand: [6.185]
Reward for thread 2: [-68.54, -34.32, -31.97] -44.94  Inventory: [0.0, 6.0, 0.0]  Order: [12.68, 12.85, 12.84] Demand: [14.075]
Reward for thread 3: [-20.6, -23.6, -23.83] -22.68  Inventory: [21.0, 15.0, 48.0]  Order: [7.79, 7.72, 7.72] Demand: [7.91]
Reward for thread 4: [-9.84, -13.64, -16.17] -13.22  Inventory: [7.0, 11.0, 36.0]  Order: [4.56, 4.39, 4.33] Demand: [4.705]
Reward for thread 5: [-11.4, -14.62, -18.12] -14.71  Inventory: [0.0, 6.0, 29.0]  Order: [2.92, 2.72, 2.65] Demand: [3.05]

 Algo happo Exp ippo_seed15_formal_v1 updates 324/3000 episodes, total num timesteps 325000/3000000, FPS 124.

Reward for thread 1: [-12.35, -17.24, -17.28] -15.62  Inventory: [0.0, 0.0, 0.0]  Order: [7.82, 7.8, 7.75] Demand: [7.625]
Reward for thread 2: [-12.94, -17.7, -18.3] -16.31  Inventory: [6.0, 16.0, 35.0]  Order: [8.0, 7.89, 7.83] Demand: [8.05]
Reward for thread 3: [-147.22, -52.93, -46.9] -82.35  Inventory: [0.0, 0.0, 0.0]  Order: [15.9, 15.98, 16.0] Demand: [17.845]
Reward for thread 4: [-12.79, -20.17, -21.53] -18.16  Inventory: [4.0, 8.0, 9.0]  Order: [4.0, 3.86, 3.74] Demand: [4.185]
Reward for thread 5: [-13.6, -19.38, -20.98] -17.99  Inventory: [7.0, 34.0, 2.0]  Order: [5.58, 5.52, 5.35] Demand: [5.755]

Eval average reward:  -28.25875  Eval ordering fluctuation measurement (downstream to upstream):  [0.8159792349196214, 0.8903554828953789, 1.148995721449036]

 Algo happo Exp ippo_seed15_formal_v1 updates 325/3000 episodes, total num timesteps 326000/3000000, FPS 124.

Reward for thread 1: [-17.64, -25.45, -25.46] -22.85  Inventory: [0.0, 0.0, 0.0]  Order: [7.14, 7.04, 7.0] Demand: [7.06]
Reward for thread 2: [-124.02, -44.14, -43.94] -70.7  Inventory: [0.0, 0.0, 3.0]  Order: [14.83, 14.92, 14.92] Demand: [15.52]
Reward for thread 3: [-24.14, -29.32, -27.43] -26.96  Inventory: [0.0, 20.0, 0.0]  Order: [9.95, 10.1, 10.0] Demand: [10.095]
Reward for thread 4: [-24.56, -21.84, -21.11] -22.5  Inventory: [2.0, 15.0, 42.0]  Order: [9.34, 9.22, 9.18] Demand: [9.52]
Reward for thread 5: [-64.06, -31.67, -28.83] -41.52  Inventory: [0.0, 0.0, 0.0]  Order: [14.34, 14.38, 14.36] Demand: [15.685]

 Algo happo Exp ippo_seed15_formal_v1 updates 326/3000 episodes, total num timesteps 327000/3000000, FPS 124.

Reward for thread 1: [-14.45, -20.4, -23.85] -19.57  Inventory: [5.0, 15.0, 10.0]  Order: [4.82, 4.7, 4.5] Demand: [4.955]
Reward for thread 2: [-51.54, -28.34, -26.7] -35.53  Inventory: [0.0, 0.0, 0.0]  Order: [13.35, 13.44, 13.54] Demand: [14.425]
Reward for thread 3: [-64.8, -30.1, -28.7] -41.2  Inventory: [0.0, 0.0, 8.0]  Order: [14.92, 14.96, 15.08] Demand: [15.44]
Reward for thread 4: [-18.39, -28.75, -32.11] -26.42  Inventory: [6.0, 17.0, 48.0]  Order: [4.61, 4.47, 4.46] Demand: [4.82]
Reward for thread 5: [-13.81, -19.61, -20.68] -18.03  Inventory: [12.0, 22.0, 37.0]  Order: [4.12, 3.99, 3.92] Demand: [4.3]

 Algo happo Exp ippo_seed15_formal_v1 updates 327/3000 episodes, total num timesteps 328000/3000000, FPS 124.

Reward for thread 1: [-12.66, -16.08, -17.27] -15.34  Inventory: [0.0, 0.0, 0.0]  Order: [6.82, 6.77, 6.72] Demand: [6.905]
Reward for thread 2: [-123.64, -45.4, -44.0] -71.01  Inventory: [0.0, 0.0, 0.0]  Order: [16.09, 16.18, 16.12] Demand: [16.31]
Reward for thread 3: [-13.0, -19.03, -22.82] -18.28  Inventory: [0.0, 9.0, 0.0]  Order: [3.17, 3.14, 2.99] Demand: [3.37]
Reward for thread 4: [-12.93, -19.23, -20.61] -17.59  Inventory: [16.0, 24.0, 23.0]  Order: [8.98, 8.91, 8.86] Demand: [9.07]
Reward for thread 5: [-17.01, -19.6, -20.29] -18.97  Inventory: [0.0, 0.0, 0.0]  Order: [7.6, 7.82, 7.78] Demand: [7.68]

 Algo happo Exp ippo_seed15_formal_v1 updates 328/3000 episodes, total num timesteps 329000/3000000, FPS 124.

Reward for thread 1: [-35.65, -23.48, -21.36] -26.83  Inventory: [0.0, 0.0, 6.0]  Order: [12.38, 12.38, 12.44] Demand: [13.16]
Reward for thread 2: [-46.65, -24.4, -25.07] -32.04  Inventory: [0.0, 0.0, 0.0]  Order: [13.72, 13.88, 13.88] Demand: [14.63]
Reward for thread 3: [-16.27, -21.04, -20.57] -19.29  Inventory: [2.0, 13.0, 7.0]  Order: [7.96, 7.87, 7.78] Demand: [8.125]
Reward for thread 4: [-11.77, -15.13, -16.36] -14.42  Inventory: [0.0, 0.0, 0.0]  Order: [8.96, 8.91, 8.85] Demand: [8.95]
Reward for thread 5: [-31.97, -27.19, -26.61] -28.59  Inventory: [0.0, 27.0, 11.0]  Order: [12.13, 12.18, 12.19] Demand: [12.205]

 Algo happo Exp ippo_seed15_formal_v1 updates 329/3000 episodes, total num timesteps 330000/3000000, FPS 125.

Reward for thread 1: [-136.56, -44.26, -43.54] -74.79  Inventory: [0.0, 0.0, 0.0]  Order: [16.1, 16.2, 16.3] Demand: [16.52]
Reward for thread 2: [-14.74, -19.64, -21.0] -18.46  Inventory: [0.0, 18.0, 22.0]  Order: [4.5, 4.34, 4.2] Demand: [4.72]
Reward for thread 3: [-28.43, -21.08, -18.52] -22.68  Inventory: [0.0, 0.0, 0.0]  Order: [10.96, 10.98, 10.93] Demand: [11.335]
Reward for thread 4: [-13.89, -18.08, -20.26] -17.41  Inventory: [8.0, 19.0, 22.0]  Order: [5.18, 5.14, 5.01] Demand: [5.35]
Reward for thread 5: [-13.78, -20.02, -24.23] -19.34  Inventory: [0.0, 5.0, 0.0]  Order: [4.34, 4.28, 4.2] Demand: [4.5]

Eval average reward:  -24.99533333333333  Eval ordering fluctuation measurement (downstream to upstream):  [0.7804226219460617, 0.9228660561797406, 1.1569234986677295]
A better model is saved!

 Algo happo Exp ippo_seed15_formal_v1 updates 330/3000 episodes, total num timesteps 331000/3000000, FPS 124.

Reward for thread 1: [-15.48, -21.16, -20.12] -18.92  Inventory: [14.0, 40.0, 30.0]  Order: [10.44, 10.42, 10.34] Demand: [10.49]
Reward for thread 2: [-27.62, -25.36, -26.27] -26.42  Inventory: [11.0, 18.0, 25.0]  Order: [7.03, 6.87, 6.74] Demand: [7.225]
Reward for thread 3: [-13.03, -20.04, -20.69] -17.92  Inventory: [4.0, 6.0, 0.0]  Order: [3.38, 3.34, 3.23] Demand: [3.555]
Reward for thread 4: [-19.17, -25.86, -29.02] -24.68  Inventory: [13.0, 22.0, 13.0]  Order: [5.28, 5.14, 4.96] Demand: [5.47]
Reward for thread 5: [-27.57, -29.26, -29.16] -28.66  Inventory: [6.0, 0.0, 25.0]  Order: [8.88, 8.76, 8.64] Demand: [9.]

 Algo happo Exp ippo_seed15_formal_v1 updates 331/3000 episodes, total num timesteps 332000/3000000, FPS 124.

Reward for thread 1: [-18.93, -16.1, -16.19] -17.07  Inventory: [10.0, 6.0, 19.0]  Order: [11.82, 11.75, 11.74] Demand: [11.8]
Reward for thread 2: [-14.86, -20.59, -20.87] -18.77  Inventory: [2.0, 12.0, 10.0]  Order: [6.1, 5.97, 5.87] Demand: [6.265]
Reward for thread 3: [-42.48, -30.18, -24.16] -32.27  Inventory: [30.0, 50.0, 4.0]  Order: [13.69, 13.93, 13.8] Demand: [13.62]
Reward for thread 4: [-13.95, -19.06, -21.48] -18.16  Inventory: [0.0, 0.0, 0.0]  Order: [5.18, 5.2, 5.24] Demand: [5.205]
Reward for thread 5: [-15.22, -21.14, -20.46] -18.94  Inventory: [16.0, 19.0, 36.0]  Order: [10.32, 10.36, 10.4] Demand: [10.305]

 Algo happo Exp ippo_seed15_formal_v1 updates 332/3000 episodes, total num timesteps 333000/3000000, FPS 124.

Reward for thread 1: [-16.07, -22.71, -24.31] -21.03  Inventory: [8.0, 14.0, 46.0]  Order: [7.92, 7.76, 7.75] Demand: [8.095]
Reward for thread 2: [-13.75, -15.68, -17.5] -15.64  Inventory: [0.0, 3.0, 17.0]  Order: [10.54, 10.46, 10.38] Demand: [10.56]
Reward for thread 3: [-14.0, -17.53, -17.71] -16.41  Inventory: [0.0, 0.0, 0.0]  Order: [8.9, 8.84, 8.89] Demand: [9.065]
Reward for thread 4: [-14.12, -19.24, -23.26] -18.87  Inventory: [4.0, 14.0, 31.0]  Order: [4.8, 4.62, 4.54] Demand: [5.02]
Reward for thread 5: [-18.98, -28.57, -26.75] -24.77  Inventory: [4.0, 18.0, 8.0]  Order: [7.96, 8.14, 8.16] Demand: [7.915]

 Algo happo Exp ippo_seed15_formal_v1 updates 333/3000 episodes, total num timesteps 334000/3000000, FPS 125.

Reward for thread 1: [-15.81, -23.27, -25.58] -21.55  Inventory: [10.0, 19.0, 22.0]  Order: [5.11, 4.96, 4.88] Demand: [5.285]
Reward for thread 2: [-90.42, -33.9, -34.11] -52.81  Inventory: [6.0, 22.0, 31.0]  Order: [15.0, 15.02, 14.94] Demand: [15.065]
Reward for thread 3: [-26.31, -24.11, -24.47] -24.96  Inventory: [0.0, 0.0, 0.0]  Order: [8.08, 8.14, 8.09] Demand: [8.61]
Reward for thread 4: [-99.59, -34.24, -32.62] -55.48  Inventory: [0.0, 0.0, 2.0]  Order: [14.8, 14.8, 14.89] Demand: [16.4]
Reward for thread 5: [-32.53, -22.84, -20.81] -25.39  Inventory: [8.0, 10.0, 22.0]  Order: [11.74, 11.7, 11.58] Demand: [11.855]

 Algo happo Exp ippo_seed15_formal_v1 updates 334/3000 episodes, total num timesteps 335000/3000000, FPS 125.

Reward for thread 1: [-13.36, -18.03, -18.31] -16.57  Inventory: [2.0, 19.0, 17.0]  Order: [7.91, 7.94, 7.89] Demand: [7.975]
Reward for thread 2: [-19.97, -24.64, -23.96] -22.86  Inventory: [0.0, 0.0, 17.0]  Order: [7.22, 7.1, 7.12] Demand: [7.305]
Reward for thread 3: [-11.36, -16.19, -16.82] -14.79  Inventory: [0.0, 7.0, 26.0]  Order: [6.1, 6.02, 5.95] Demand: [6.135]
Reward for thread 4: [-13.83, -19.16, -23.58] -18.86  Inventory: [1.0, 14.0, 16.0]  Order: [4.76, 4.6, 4.43] Demand: [4.97]
Reward for thread 5: [-17.41, -20.96, -22.36] -20.24  Inventory: [9.0, 20.0, 42.0]  Order: [5.85, 5.72, 5.7] Demand: [5.985]

Eval average reward:  -26.69175  Eval ordering fluctuation measurement (downstream to upstream):  [0.7569775268689339, 0.8755038066151576, 1.1523287214066789]

 Algo happo Exp ippo_seed15_formal_v1 updates 335/3000 episodes, total num timesteps 336000/3000000, FPS 124.

Reward for thread 1: [-14.17, -19.03, -20.31] -17.84  Inventory: [4.0, 2.0, 6.0]  Order: [8.09, 8.06, 7.97] Demand: [8.21]
Reward for thread 2: [-25.01, -25.45, -22.54] -24.33  Inventory: [0.0, 8.0, 12.0]  Order: [13.38, 13.32, 13.25] Demand: [13.42]
Reward for thread 3: [-17.4, -20.88, -21.08] -19.79  Inventory: [0.0, 0.0, 2.0]  Order: [7.98, 7.96, 7.98] Demand: [7.97]
Reward for thread 4: [-20.2, -20.32, -21.22] -20.58  Inventory: [39.0, 77.0, 22.0]  Order: [8.41, 8.64, 8.56] Demand: [8.45]
Reward for thread 5: [-12.29, -17.35, -17.69] -15.78  Inventory: [0.0, 4.0, 0.0]  Order: [5.46, 5.42, 5.33] Demand: [5.615]

 Algo happo Exp ippo_seed15_formal_v1 updates 336/3000 episodes, total num timesteps 337000/3000000, FPS 124.

Reward for thread 1: [-14.4, -18.04, -20.04] -17.49  Inventory: [9.0, 18.0, 48.0]  Order: [7.2, 7.04, 7.02] Demand: [7.325]
Reward for thread 2: [-46.45, -24.38, -24.92] -31.92  Inventory: [0.0, 0.0, 0.0]  Order: [13.48, 13.64, 13.58] Demand: [14.44]
Reward for thread 3: [-13.81, -15.6, -16.79] -15.4  Inventory: [13.0, 7.0, 0.0]  Order: [7.5, 7.52, 7.42] Demand: [7.505]
Reward for thread 4: [-10.43, -13.18, -15.66] -13.09  Inventory: [2.0, 20.0, 35.0]  Order: [5.58, 5.46, 5.4] Demand: [5.76]
Reward for thread 5: [-25.01, -21.16, -18.69] -21.62  Inventory: [0.0, 0.0, 0.0]  Order: [13.9, 13.99, 13.96] Demand: [13.81]

 Algo happo Exp ippo_seed15_formal_v1 updates 337/3000 episodes, total num timesteps 338000/3000000, FPS 124.

Reward for thread 1: [-11.63, -15.41, -17.54] -14.86  Inventory: [1.0, 6.0, 10.0]  Order: [3.06, 2.95, 2.9] Demand: [3.25]
Reward for thread 2: [-20.62, -21.5, -21.14] -21.09  Inventory: [0.0, 0.0, 0.0]  Order: [11.51, 11.46, 11.4] Demand: [11.47]
Reward for thread 3: [-46.34, -36.72, -26.82] -36.63  Inventory: [0.0, 0.0, 0.0]  Order: [14.39, 14.36, 14.3] Demand: [14.37]
Reward for thread 4: [-15.47, -18.97, -19.01] -17.82  Inventory: [0.0, 0.0, 0.0]  Order: [8.16, 8.18, 8.06] Demand: [8.34]
Reward for thread 5: [-20.52, -17.91, -18.05] -18.83  Inventory: [0.0, 0.0, 5.0]  Order: [11.38, 11.3, 11.3] Demand: [11.475]

 Algo happo Exp ippo_seed15_formal_v1 updates 338/3000 episodes, total num timesteps 339000/3000000, FPS 125.

Reward for thread 1: [-30.24, -30.6, -30.46] -30.43  Inventory: [0.0, 0.0, 0.0]  Order: [10.22, 10.11, 10.08] Demand: [10.365]
Reward for thread 2: [-11.98, -16.95, -19.56] -16.16  Inventory: [0.0, 0.0, 0.0]  Order: [5.61, 5.52, 5.34] Demand: [5.695]
Reward for thread 3: [-48.64, -32.11, -30.52] -37.09  Inventory: [0.0, 0.0, 0.0]  Order: [12.09, 12.2, 12.2] Demand: [13.05]
Reward for thread 4: [-32.79, -24.57, -23.89] -27.08  Inventory: [0.0, 0.0, 7.0]  Order: [10.4, 10.48, 10.6] Demand: [11.15]
Reward for thread 5: [-10.88, -15.64, -18.94] -15.15  Inventory: [2.0, 30.0, 14.0]  Order: [4.8, 4.99, 5.04] Demand: [4.795]

 Algo happo Exp ippo_seed15_formal_v1 updates 339/3000 episodes, total num timesteps 340000/3000000, FPS 125.

Reward for thread 1: [-12.37, -18.25, -23.56] -18.06  Inventory: [6.0, 32.0, 45.0]  Order: [2.96, 2.87, 2.84] Demand: [3.17]
Reward for thread 2: [-14.19, -15.97, -17.5] -15.89  Inventory: [7.0, 9.0, 14.0]  Order: [8.44, 8.44, 8.43] Demand: [8.505]
Reward for thread 3: [-23.62, -25.47, -21.95] -23.68  Inventory: [0.0, 4.0, 0.0]  Order: [9.88, 10.04, 10.12] Demand: [9.885]
Reward for thread 4: [-58.38, -28.3, -25.01] -37.23  Inventory: [0.0, 0.0, 0.0]  Order: [14.66, 14.71, 14.7] Demand: [14.68]
Reward for thread 5: [-31.19, -26.74, -26.31] -28.08  Inventory: [0.0, 0.0, 0.0]  Order: [9.41, 9.38, 9.32] Demand: [9.99]

Eval average reward:  -23.4025  Eval ordering fluctuation measurement (downstream to upstream):  [0.700786247105757, 0.8975850457149269, 1.1562926983614756]
A better model is saved!

 Algo happo Exp ippo_seed15_formal_v1 updates 340/3000 episodes, total num timesteps 341000/3000000, FPS 124.

Reward for thread 1: [-13.08, -18.43, -21.49] -17.67  Inventory: [6.0, 3.0, 16.0]  Order: [6.54, 6.39, 6.26] Demand: [6.685]
Reward for thread 2: [-13.3, -17.83, -21.44] -17.52  Inventory: [10.0, 10.0, 51.0]  Order: [5.68, 5.48, 5.49] Demand: [5.865]
Reward for thread 3: [-60.62, -24.66, -24.25] -36.51  Inventory: [0.0, 0.0, 0.0]  Order: [14.2, 14.26, 14.34] Demand: [14.455]
Reward for thread 4: [-19.83, -19.43, -20.49] -19.92  Inventory: [10.0, 20.0, 40.0]  Order: [10.45, 10.49, 10.51] Demand: [10.42]
Reward for thread 5: [-15.77, -20.35, -22.86] -19.66  Inventory: [6.0, 12.0, 27.0]  Order: [5.09, 4.91, 4.8] Demand: [5.295]

 Algo happo Exp ippo_seed15_formal_v1 updates 341/3000 episodes, total num timesteps 342000/3000000, FPS 124.

Reward for thread 1: [-82.52, -33.85, -29.37] -48.58  Inventory: [0.0, 0.0, 2.0]  Order: [15.34, 15.33, 15.36] Demand: [16.405]
Reward for thread 2: [-14.59, -21.23, -23.29] -19.7  Inventory: [5.0, 22.0, 54.0]  Order: [3.68, 3.54, 3.56] Demand: [3.87]
Reward for thread 3: [-17.89, -20.42, -21.94] -20.08  Inventory: [0.0, 22.0, 14.0]  Order: [9.4, 9.4, 9.49] Demand: [9.475]
Reward for thread 4: [-15.86, -19.73, -22.37] -19.32  Inventory: [14.0, 28.0, 48.0]  Order: [5.81, 5.73, 5.72] Demand: [5.955]
Reward for thread 5: [-53.97, -27.01, -28.73] -36.57  Inventory: [0.0, 0.0, 0.0]  Order: [11.09, 11.24, 11.23] Demand: [12.185]

 Algo happo Exp ippo_seed15_formal_v1 updates 342/3000 episodes, total num timesteps 343000/3000000, FPS 125.

Reward for thread 1: [-101.59, -36.6, -35.11] -57.77  Inventory: [0.0, 25.0, 40.0]  Order: [14.94, 14.9, 14.9] Demand: [15.02]
Reward for thread 2: [-19.61, -25.01, -26.28] -23.63  Inventory: [17.0, 15.0, 43.0]  Order: [7.5, 7.45, 7.45] Demand: [7.605]
Reward for thread 3: [-50.72, -32.9, -26.95] -36.86  Inventory: [0.0, 9.0, 24.0]  Order: [13.84, 13.82, 13.69] Demand: [13.905]
Reward for thread 4: [-27.37, -31.48, -32.75] -30.53  Inventory: [10.0, 17.0, 64.0]  Order: [8.65, 8.49, 8.56] Demand: [8.825]
Reward for thread 5: [-29.26, -24.17, -20.76] -24.73  Inventory: [22.0, 11.0, 16.0]  Order: [12.19, 12.24, 12.34] Demand: [12.16]

 Algo happo Exp ippo_seed15_formal_v1 updates 343/3000 episodes, total num timesteps 344000/3000000, FPS 125.

Reward for thread 1: [-76.24, -31.42, -31.36] -46.34  Inventory: [0.0, 0.0, 19.0]  Order: [13.14, 13.16, 13.26] Demand: [14.845]
Reward for thread 2: [-20.0, -24.98, -22.92] -22.63  Inventory: [24.0, 21.0, 23.0]  Order: [9.74, 9.66, 9.58] Demand: [9.805]
Reward for thread 3: [-12.96, -17.33, -21.67] -17.32  Inventory: [8.0, 1.0, 0.0]  Order: [3.1, 2.98, 2.92] Demand: [3.21]
Reward for thread 4: [-66.17, -41.29, -34.87] -47.44  Inventory: [0.0, 0.0, 10.0]  Order: [9.96, 9.96, 10.09] Demand: [11.225]
Reward for thread 5: [-13.71, -16.89, -17.87] -16.16  Inventory: [4.0, 17.0, 23.0]  Order: [10.28, 10.24, 10.12] Demand: [10.43]

 Algo happo Exp ippo_seed15_formal_v1 updates 344/3000 episodes, total num timesteps 345000/3000000, FPS 125.

Reward for thread 1: [-20.5, -23.77, -24.49] -22.92  Inventory: [21.0, 40.0, 52.0]  Order: [9.44, 9.4, 9.41] Demand: [9.565]
Reward for thread 2: [-41.37, -24.5, -23.5] -29.79  Inventory: [0.0, 0.0, 0.0]  Order: [12.64, 12.68, 12.68] Demand: [13.345]
Reward for thread 3: [-39.26, -31.07, -29.3] -33.21  Inventory: [0.0, 0.0, 0.0]  Order: [13.36, 13.36, 13.42] Demand: [13.75]
Reward for thread 4: [-18.34, -20.35, -21.67] -20.12  Inventory: [6.0, 0.0, 6.0]  Order: [8.9, 8.84, 8.77] Demand: [9.03]
Reward for thread 5: [-12.79, -19.58, -22.53] -18.3  Inventory: [2.0, 32.0, 32.0]  Order: [2.42, 2.34, 2.24] Demand: [2.61]

Eval average reward:  -22.86275  Eval ordering fluctuation measurement (downstream to upstream):  [0.7650872998757222, 0.9096703562613074, 1.1737772168556457]
A better model is saved!

 Algo happo Exp ippo_seed15_formal_v1 updates 345/3000 episodes, total num timesteps 346000/3000000, FPS 124.

Reward for thread 1: [-20.98, -19.92, -20.5] -20.47  Inventory: [0.0, 0.0, 14.0]  Order: [8.64, 8.64, 8.7] Demand: [9.125]
Reward for thread 2: [-51.78, -36.16, -27.33] -38.42  Inventory: [22.0, 22.0, 70.0]  Order: [14.47, 14.36, 14.46] Demand: [14.545]
Reward for thread 3: [-13.02, -16.49, -19.58] -16.36  Inventory: [0.0, 4.0, 9.0]  Order: [5.18, 5.03, 4.85] Demand: [5.37]
Reward for thread 4: [-14.93, -18.27, -26.47] -19.89  Inventory: [0.0, 6.0, 18.0]  Order: [4.05, 3.92, 3.8] Demand: [4.275]
Reward for thread 5: [-47.63, -32.72, -25.36] -35.24  Inventory: [0.0, 0.0, 3.0]  Order: [12.56, 12.51, 12.67] Demand: [13.43]

 Algo happo Exp ippo_seed15_formal_v1 updates 346/3000 episodes, total num timesteps 347000/3000000, FPS 125.

Reward for thread 1: [-12.88, -18.38, -20.7] -17.32  Inventory: [11.0, 92.0, 47.0]  Order: [5.7, 5.9, 5.9] Demand: [5.83]
Reward for thread 2: [-19.14, -19.08, -18.54] -18.92  Inventory: [4.0, 4.0, 4.0]  Order: [11.4, 11.48, 11.56] Demand: [11.295]
Reward for thread 3: [-37.7, -25.29, -21.67] -28.22  Inventory: [0.0, 0.0, 5.0]  Order: [13.86, 13.86, 13.94] Demand: [14.185]
Reward for thread 4: [-13.09, -16.42, -18.31] -15.94  Inventory: [4.0, 16.0, 0.0]  Order: [7.16, 7.11, 6.97] Demand: [7.33]
Reward for thread 5: [-84.76, -33.97, -34.03] -50.92  Inventory: [9.0, 28.0, 71.0]  Order: [13.61, 13.5, 13.6] Demand: [13.76]

 Algo happo Exp ippo_seed15_formal_v1 updates 347/3000 episodes, total num timesteps 348000/3000000, FPS 125.

Reward for thread 1: [-11.48, -17.05, -20.96] -16.5  Inventory: [0.0, 16.0, 33.0]  Order: [3.57, 3.4, 3.32] Demand: [3.76]
Reward for thread 2: [-12.75, -18.2, -23.22] -18.06  Inventory: [5.0, 18.0, 28.0]  Order: [3.8, 3.64, 3.54] Demand: [4.005]
Reward for thread 3: [-19.52, -20.37, -23.18] -21.02  Inventory: [0.0, 25.0, 36.0]  Order: [7.6, 7.48, 7.42] Demand: [7.805]
Reward for thread 4: [-13.44, -18.82, -23.2] -18.49  Inventory: [0.0, 23.0, 30.0]  Order: [4.57, 4.44, 4.34] Demand: [4.785]
Reward for thread 5: [-14.17, -18.09, -21.38] -17.88  Inventory: [0.0, 0.0, 21.0]  Order: [6.44, 6.42, 6.44] Demand: [6.595]

 Algo happo Exp ippo_seed15_formal_v1 updates 348/3000 episodes, total num timesteps 349000/3000000, FPS 125.

Reward for thread 1: [-27.28, -29.98, -29.16] -28.81  Inventory: [5.0, 0.0, 4.0]  Order: [11.44, 11.22, 11.08] Demand: [11.485]
Reward for thread 2: [-14.1, -20.22, -29.64] -21.32  Inventory: [1.0, 11.0, 48.0]  Order: [3.6, 3.42, 3.41] Demand: [3.825]
Reward for thread 3: [-11.26, -14.05, -18.21] -14.51  Inventory: [28.0, 0.0, 17.0]  Order: [2.53, 2.28, 2.13] Demand: [2.615]
Reward for thread 4: [-14.26, -20.52, -22.49] -19.09  Inventory: [0.0, 15.0, 47.0]  Order: [6.36, 6.22, 6.22] Demand: [6.495]
Reward for thread 5: [-16.01, -16.25, -19.9] -17.39  Inventory: [0.0, 0.0, 0.0]  Order: [10.34, 10.34, 10.43] Demand: [10.395]

 Algo happo Exp ippo_seed15_formal_v1 updates 349/3000 episodes, total num timesteps 350000/3000000, FPS 125.

Reward for thread 1: [-12.58, -17.48, -22.16] -17.41  Inventory: [1.0, 22.0, 36.0]  Order: [5.84, 5.7, 5.67] Demand: [6.03]
Reward for thread 2: [-34.03, -29.71, -26.9] -30.21  Inventory: [7.0, 33.0, 100.0]  Order: [13.0, 12.92, 13.18] Demand: [13.09]
Reward for thread 3: [-10.05, -15.1, -18.4] -14.52  Inventory: [0.0, 28.0, 54.0]  Order: [3.73, 3.62, 3.64] Demand: [3.975]
Reward for thread 4: [-30.77, -23.77, -23.27] -25.94  Inventory: [0.0, 0.0, 27.0]  Order: [12.78, 12.7, 12.81] Demand: [12.79]
Reward for thread 5: [-106.62, -49.29, -39.62] -65.18  Inventory: [0.0, 0.0, 21.0]  Order: [15.56, 15.54, 15.79] Demand: [17.185]

Eval average reward:  -28.488083333333332  Eval ordering fluctuation measurement (downstream to upstream):  [0.8083408180260726, 0.8988508326049995, 1.1794050394398217]

 Algo happo Exp ippo_seed15_formal_v1 updates 350/3000 episodes, total num timesteps 351000/3000000, FPS 125.

Reward for thread 1: [-14.05, -19.65, -25.5] -19.73  Inventory: [0.0, 0.0, 0.0]  Order: [5.7, 5.58, 5.38] Demand: [5.83]
Reward for thread 2: [-15.33, -19.39, -24.58] -19.77  Inventory: [4.0, 18.0, 30.0]  Order: [4.4, 4.3, 4.28] Demand: [4.565]
Reward for thread 3: [-42.28, -39.84, -28.26] -36.79  Inventory: [0.0, 0.0, 10.0]  Order: [12.31, 11.92, 12.06] Demand: [12.1]
Reward for thread 4: [-25.15, -27.72, -25.49] -26.12  Inventory: [17.0, 36.0, 52.0]  Order: [11.04, 10.96, 10.98] Demand: [11.135]
Reward for thread 5: [-14.29, -18.78, -23.37] -18.81  Inventory: [1.0, 2.0, 31.0]  Order: [6.56, 6.4, 6.31] Demand: [6.74]

 Algo happo Exp ippo_seed15_formal_v1 updates 351/3000 episodes, total num timesteps 352000/3000000, FPS 125.

Reward for thread 1: [-12.55, -17.44, -19.94] -16.64  Inventory: [10.0, 16.0, 16.0]  Order: [3.62, 3.46, 3.28] Demand: [3.815]
Reward for thread 2: [-12.56, -16.27, -19.48] -16.1  Inventory: [0.0, 14.0, 0.0]  Order: [7.22, 7.34, 7.34] Demand: [7.41]
Reward for thread 3: [-13.89, -16.7, -21.35] -17.31  Inventory: [3.0, 19.0, 9.0]  Order: [8.46, 8.53, 8.68] Demand: [8.505]
Reward for thread 4: [-17.38, -19.82, -22.02] -19.74  Inventory: [15.0, 18.0, 34.0]  Order: [8.6, 8.55, 8.52] Demand: [8.655]
Reward for thread 5: [-12.16, -17.62, -18.84] -16.21  Inventory: [0.0, 9.0, 12.0]  Order: [4.38, 4.25, 4.06] Demand: [4.615]

 Algo happo Exp ippo_seed15_formal_v1 updates 352/3000 episodes, total num timesteps 353000/3000000, FPS 125.

Reward for thread 1: [-14.11, -17.8, -20.07] -17.33  Inventory: [0.0, 0.0, 0.0]  Order: [7.31, 7.22, 7.09] Demand: [7.375]
Reward for thread 2: [-13.12, -16.33, -20.7] -16.72  Inventory: [0.0, 0.0, 0.0]  Order: [6.86, 6.88, 6.84] Demand: [6.84]
Reward for thread 3: [-12.58, -16.4, -19.45] -16.14  Inventory: [11.0, 27.0, 26.0]  Order: [8.49, 8.55, 8.55] Demand: [8.535]
Reward for thread 4: [-59.98, -35.36, -29.68] -41.67  Inventory: [0.0, 0.0, 25.0]  Order: [16.38, 16.38, 16.46] Demand: [16.51]
Reward for thread 5: [-16.82, -19.3, -20.44] -18.85  Inventory: [0.0, 7.0, 14.0]  Order: [10.28, 10.3, 10.18] Demand: [10.38]

 Algo happo Exp ippo_seed15_formal_v1 updates 353/3000 episodes, total num timesteps 354000/3000000, FPS 125.

Reward for thread 1: [-54.84, -32.69, -30.3] -39.28  Inventory: [11.0, 11.0, 45.0]  Order: [13.58, 13.56, 13.6] Demand: [13.535]
Reward for thread 2: [-46.27, -27.12, -25.64] -33.01  Inventory: [0.0, 0.0, 13.0]  Order: [13.6, 13.57, 13.74] Demand: [14.335]
Reward for thread 3: [-14.44, -17.79, -21.86] -18.03  Inventory: [28.0, 16.0, 33.0]  Order: [3.74, 3.58, 3.5] Demand: [3.845]
Reward for thread 4: [-13.82, -19.95, -27.28] -20.35  Inventory: [7.0, 23.0, 38.0]  Order: [3.39, 3.26, 3.21] Demand: [3.585]
Reward for thread 5: [-11.88, -17.7, -20.2] -16.59  Inventory: [18.0, 11.0, 20.0]  Order: [5.9, 5.8, 5.76] Demand: [5.985]

 Algo happo Exp ippo_seed15_formal_v1 updates 354/3000 episodes, total num timesteps 355000/3000000, FPS 125.

Reward for thread 1: [-13.48, -19.36, -20.66] -17.83  Inventory: [0.0, 6.0, 0.0]  Order: [5.15, 5.05, 5.06] Demand: [5.345]
Reward for thread 2: [-15.34, -19.18, -24.19] -19.57  Inventory: [1.0, 11.0, 22.0]  Order: [5.62, 5.44, 5.31] Demand: [5.835]
Reward for thread 3: [-22.79, -21.68, -24.79] -23.09  Inventory: [0.0, 0.0, 0.0]  Order: [9.38, 9.3, 9.21] Demand: [9.505]
Reward for thread 4: [-17.89, -24.14, -27.59] -23.21  Inventory: [3.0, 10.0, 0.0]  Order: [5.58, 5.58, 5.45] Demand: [5.79]
Reward for thread 5: [-14.98, -17.87, -23.5] -18.78  Inventory: [3.0, 4.0, 30.0]  Order: [2.25, 2.1, 2.02] Demand: [2.46]

Eval average reward:  -28.75175  Eval ordering fluctuation measurement (downstream to upstream):  [0.8268333423254756, 0.9534472398167164, 1.199355010563663]

 Algo happo Exp ippo_seed15_formal_v1 updates 355/3000 episodes, total num timesteps 356000/3000000, FPS 125.

Reward for thread 1: [-37.52, -38.86, -28.43] -34.94  Inventory: [0.0, 0.0, 3.0]  Order: [13.7, 13.51, 13.62] Demand: [13.49]
Reward for thread 2: [-19.89, -22.14, -20.95] -20.99  Inventory: [0.0, 0.0, 0.0]  Order: [10.09, 9.99, 10.05] Demand: [10.035]
Reward for thread 3: [-32.55, -41.32, -31.21] -35.03  Inventory: [10.0, 20.0, 33.0]  Order: [9.96, 9.83, 9.74] Demand: [10.145]
Reward for thread 4: [-26.29, -29.87, -25.42] -27.19  Inventory: [0.0, 0.0, 0.0]  Order: [12.41, 12.43, 12.51] Demand: [12.735]
Reward for thread 5: [-19.75, -23.09, -21.75] -21.53  Inventory: [0.0, 0.0, 0.0]  Order: [11.96, 11.9, 11.7] Demand: [11.92]

 Algo happo Exp ippo_seed15_formal_v1 updates 356/3000 episodes, total num timesteps 357000/3000000, FPS 125.

Reward for thread 1: [-14.58, -19.0, -21.4] -18.33  Inventory: [12.0, 27.0, 49.0]  Order: [6.62, 6.5, 6.5] Demand: [6.77]
Reward for thread 2: [-41.39, -29.13, -23.66] -31.39  Inventory: [13.0, 60.0, 59.0]  Order: [15.04, 15.18, 15.38] Demand: [15.03]
Reward for thread 3: [-15.35, -20.43, -21.74] -19.17  Inventory: [11.0, 36.0, 38.0]  Order: [6.44, 6.37, 6.31] Demand: [6.58]
Reward for thread 4: [-16.37, -17.15, -17.55] -17.02  Inventory: [0.0, 25.0, 39.0]  Order: [10.37, 10.34, 10.34] Demand: [10.51]
Reward for thread 5: [-18.13, -20.58, -23.29] -20.67  Inventory: [0.0, 0.0, 9.0]  Order: [8.24, 8.18, 8.18] Demand: [8.335]

 Algo happo Exp ippo_seed15_formal_v1 updates 357/3000 episodes, total num timesteps 358000/3000000, FPS 125.

Reward for thread 1: [-15.26, -21.11, -23.19] -19.85  Inventory: [12.0, 57.0, 89.0]  Order: [7.58, 7.62, 7.82] Demand: [7.715]
Reward for thread 2: [-42.42, -21.75, -21.4] -28.52  Inventory: [0.0, 0.0, 0.0]  Order: [15.94, 15.98, 16.08] Demand: [16.01]
Reward for thread 3: [-33.8, -25.37, -26.92] -28.7  Inventory: [6.0, 1.0, 3.0]  Order: [10.4, 10.26, 10.12] Demand: [10.595]
Reward for thread 4: [-41.62, -27.68, -30.61] -33.3  Inventory: [0.0, 7.0, 11.0]  Order: [8.64, 8.78, 8.89] Demand: [9.59]
Reward for thread 5: [-12.45, -16.96, -20.65] -16.69  Inventory: [9.0, 29.0, 22.0]  Order: [5.76, 5.74, 5.62] Demand: [5.965]

 Algo happo Exp ippo_seed15_formal_v1 updates 358/3000 episodes, total num timesteps 359000/3000000, FPS 125.

Reward for thread 1: [-23.04, -20.42, -21.78] -21.75  Inventory: [14.0, 23.0, 9.0]  Order: [12.4, 12.46, 12.38] Demand: [12.42]
Reward for thread 2: [-32.77, -22.82, -21.56] -25.72  Inventory: [0.0, 8.0, 14.0]  Order: [13.66, 13.78, 13.84] Demand: [13.725]
Reward for thread 3: [-59.53, -31.69, -29.96] -40.39  Inventory: [0.0, 8.0, 0.0]  Order: [15.68, 15.72, 15.7] Demand: [15.77]
Reward for thread 4: [-15.39, -24.61, -28.74] -22.91  Inventory: [11.0, 7.0, 36.0]  Order: [2.38, 2.16, 2.1] Demand: [2.57]
Reward for thread 5: [-15.79, -21.16, -22.8] -19.92  Inventory: [8.0, 20.0, 29.0]  Order: [6.9, 6.74, 6.64] Demand: [7.085]

 Algo happo Exp ippo_seed15_formal_v1 updates 359/3000 episodes, total num timesteps 360000/3000000, FPS 125.

Reward for thread 1: [-11.74, -18.22, -19.47] -16.48  Inventory: [0.0, 6.0, 1.0]  Order: [3.24, 3.06, 2.9] Demand: [3.47]
Reward for thread 2: [-86.76, -45.15, -37.93] -56.61  Inventory: [0.0, 6.0, 2.0]  Order: [14.4, 14.53, 14.6] Demand: [15.635]
Reward for thread 3: [-12.68, -20.39, -21.88] -18.32  Inventory: [5.0, 22.0, 21.0]  Order: [2.4, 2.26, 2.12] Demand: [2.585]
Reward for thread 4: [-49.05, -35.51, -35.52] -40.03  Inventory: [7.0, 0.0, 21.0]  Order: [13.73, 13.7, 13.72] Demand: [13.7]
Reward for thread 5: [-14.82, -19.74, -20.34] -18.3  Inventory: [2.0, 0.0, 0.0]  Order: [5.64, 5.54, 5.46] Demand: [5.805]

Eval average reward:  -25.141166666666663  Eval ordering fluctuation measurement (downstream to upstream):  [0.7932550400149612, 1.024153841518248, 1.1872344294205581]

 Algo happo Exp ippo_seed15_formal_v1 updates 360/3000 episodes, total num timesteps 361000/3000000, FPS 125.

Reward for thread 1: [-11.82, -17.45, -20.7] -16.66  Inventory: [2.0, 0.0, 18.0]  Order: [3.18, 3.01, 2.86] Demand: [3.355]
Reward for thread 2: [-25.3, -23.72, -23.99] -24.34  Inventory: [4.0, 5.0, 8.0]  Order: [10.33, 10.14, 9.95] Demand: [10.445]
Reward for thread 3: [-19.25, -21.55, -23.5] -21.43  Inventory: [0.0, 0.0, 0.0]  Order: [8.82, 8.92, 8.84] Demand: [8.99]
Reward for thread 4: [-14.15, -21.06, -22.17] -19.13  Inventory: [0.0, 0.0, 0.0]  Order: [7.53, 7.54, 7.48] Demand: [7.515]
Reward for thread 5: [-18.08, -21.83, -23.83] -21.25  Inventory: [0.0, 0.0, 0.0]  Order: [10.88, 11.02, 10.96] Demand: [10.87]

 Algo happo Exp ippo_seed15_formal_v1 updates 361/3000 episodes, total num timesteps 362000/3000000, FPS 125.

Reward for thread 1: [-20.04, -24.19, -23.21] -22.48  Inventory: [18.0, 41.0, 56.0]  Order: [10.5, 10.46, 10.48] Demand: [10.56]
Reward for thread 2: [-13.33, -19.79, -21.27] -18.13  Inventory: [3.0, 0.0, 20.0]  Order: [5.21, 4.98, 4.83] Demand: [5.36]
Reward for thread 3: [-18.61, -18.99, -22.91] -20.17  Inventory: [0.0, 0.0, 0.0]  Order: [8.9, 9.12, 9.16] Demand: [8.91]
Reward for thread 4: [-13.25, -16.29, -17.94] -15.83  Inventory: [27.0, 20.0, 36.0]  Order: [1.85, 1.7, 1.64] Demand: [1.96]
Reward for thread 5: [-12.38, -19.05, -21.23] -17.55  Inventory: [0.0, 0.0, 0.0]  Order: [3.8, 3.78, 3.72] Demand: [3.945]

 Algo happo Exp ippo_seed15_formal_v1 updates 362/3000 episodes, total num timesteps 363000/3000000, FPS 125.

Reward for thread 1: [-71.48, -33.07, -34.21] -46.25  Inventory: [0.0, 0.0, 0.0]  Order: [14.86, 15.07, 15.14] Demand: [15.985]
Reward for thread 2: [-31.58, -26.21, -27.26] -28.35  Inventory: [0.0, 0.0, 4.0]  Order: [12.18, 12.24, 12.34] Demand: [12.765]
Reward for thread 3: [-48.62, -24.12, -21.68] -31.47  Inventory: [0.0, 0.0, 10.0]  Order: [15.48, 15.56, 15.76] Demand: [16.03]
Reward for thread 4: [-19.08, -28.04, -30.06] -25.73  Inventory: [15.0, 3.0, 0.0]  Order: [7.08, 7.18, 7.12] Demand: [7.17]
Reward for thread 5: [-14.39, -21.73, -21.63] -19.25  Inventory: [9.0, 15.0, 0.0]  Order: [5.15, 5.04, 4.83] Demand: [5.285]

 Algo happo Exp ippo_seed15_formal_v1 updates 363/3000 episodes, total num timesteps 364000/3000000, FPS 125.

Reward for thread 1: [-13.14, -16.72, -16.79] -15.55  Inventory: [0.0, 37.0, 28.0]  Order: [9.96, 10.09, 10.15] Demand: [10.095]
Reward for thread 2: [-32.59, -29.98, -29.13] -30.57  Inventory: [0.0, 0.0, 0.0]  Order: [12.19, 12.22, 12.14] Demand: [12.14]
Reward for thread 3: [-46.38, -23.57, -24.08] -31.34  Inventory: [0.0, 0.0, 0.0]  Order: [15.52, 15.6, 15.58] Demand: [15.95]
Reward for thread 4: [-12.9, -19.34, -21.16] -17.8  Inventory: [0.0, 15.0, 0.0]  Order: [6.18, 6.1, 6.08] Demand: [6.34]
Reward for thread 5: [-25.91, -23.51, -21.16] -23.53  Inventory: [11.0, 23.0, 0.0]  Order: [11.11, 11.12, 11.12] Demand: [11.16]

 Algo happo Exp ippo_seed15_formal_v1 updates 364/3000 episodes, total num timesteps 365000/3000000, FPS 125.

Reward for thread 1: [-15.06, -20.52, -22.88] -19.49  Inventory: [0.0, 14.0, 25.0]  Order: [6.72, 6.82, 6.92] Demand: [6.82]
Reward for thread 2: [-30.39, -23.0, -21.87] -25.09  Inventory: [0.0, 0.0, 6.0]  Order: [12.2, 12.28, 12.44] Demand: [12.7]
Reward for thread 3: [-23.84, -30.56, -30.95] -28.45  Inventory: [0.0, 0.0, 0.0]  Order: [8.96, 8.94, 9.01] Demand: [8.885]
Reward for thread 4: [-15.97, -17.8, -19.57] -17.78  Inventory: [0.0, 0.0, 0.0]  Order: [10.0, 9.96, 10.01] Demand: [10.205]
Reward for thread 5: [-13.12, -20.69, -24.78] -19.53  Inventory: [0.0, 0.0, 0.0]  Order: [4.82, 4.84, 4.79] Demand: [4.9]

Eval average reward:  -22.095666666666666  Eval ordering fluctuation measurement (downstream to upstream):  [0.7756724837504427, 0.944187281513457, 1.1685316859893997]
A better model is saved!

 Algo happo Exp ippo_seed15_formal_v1 updates 365/3000 episodes, total num timesteps 366000/3000000, FPS 125.

Reward for thread 1: [-14.64, -22.28, -21.36] -19.43  Inventory: [4.0, 12.0, 16.0]  Order: [5.14, 4.96, 4.8] Demand: [5.36]
Reward for thread 2: [-19.43, -20.91, -20.72] -20.35  Inventory: [6.0, 18.0, 34.0]  Order: [10.38, 10.32, 10.26] Demand: [10.45]
Reward for thread 3: [-22.63, -29.01, -26.46] -26.03  Inventory: [0.0, 0.0, 0.0]  Order: [9.9, 9.76, 9.74] Demand: [9.855]
Reward for thread 4: [-98.76, -35.42, -34.66] -56.28  Inventory: [0.0, 16.0, 16.0]  Order: [16.67, 16.86, 17.05] Demand: [17.045]
Reward for thread 5: [-19.33, -23.12, -24.26] -22.24  Inventory: [0.0, 0.0, 0.0]  Order: [9.19, 9.26, 9.32] Demand: [9.225]

 Algo happo Exp ippo_seed15_formal_v1 updates 366/3000 episodes, total num timesteps 367000/3000000, FPS 125.

Reward for thread 1: [-20.86, -26.34, -25.29] -24.16  Inventory: [5.0, 0.0, 0.0]  Order: [7.93, 8.06, 8.04] Demand: [7.955]
Reward for thread 2: [-11.5, -17.12, -19.43] -16.02  Inventory: [17.0, 15.0, 13.0]  Order: [4.23, 4.18, 4.16] Demand: [4.355]
Reward for thread 3: [-25.16, -26.74, -24.68] -25.53  Inventory: [12.0, 46.0, 72.0]  Order: [11.62, 11.6, 11.71] Demand: [11.71]
Reward for thread 4: [-19.34, -22.17, -19.98] -20.5  Inventory: [11.0, 47.0, 34.0]  Order: [11.14, 11.32, 11.42] Demand: [11.165]
Reward for thread 5: [-59.46, -35.32, -31.71] -42.16  Inventory: [0.0, 21.0, 29.0]  Order: [14.12, 14.26, 14.42] Demand: [14.14]

 Algo happo Exp ippo_seed15_formal_v1 updates 367/3000 episodes, total num timesteps 368000/3000000, FPS 125.

Reward for thread 1: [-11.0, -14.42, -14.68] -13.37  Inventory: [0.0, 11.0, 0.0]  Order: [10.14, 10.28, 10.41] Demand: [10.305]
Reward for thread 2: [-13.68, -17.31, -20.5] -17.16  Inventory: [4.0, 23.0, 0.0]  Order: [7.36, 7.28, 7.14] Demand: [7.55]
Reward for thread 3: [-20.28, -25.14, -24.97] -23.46  Inventory: [17.0, 34.0, 65.0]  Order: [8.62, 8.56, 8.76] Demand: [8.595]
Reward for thread 4: [-17.15, -21.12, -22.42] -20.23  Inventory: [0.0, 0.0, 0.0]  Order: [10.16, 10.23, 10.19] Demand: [10.025]
Reward for thread 5: [-14.18, -19.51, -21.85] -18.51  Inventory: [10.0, 10.0, 0.0]  Order: [6.15, 6.14, 6.06] Demand: [6.31]

 Algo happo Exp ippo_seed15_formal_v1 updates 368/3000 episodes, total num timesteps 369000/3000000, FPS 125.

Reward for thread 1: [-12.13, -17.75, -18.93] -16.27  Inventory: [3.0, 0.0, 0.0]  Order: [3.95, 4.04, 3.92] Demand: [4.005]
Reward for thread 2: [-14.1, -21.56, -21.08] -18.91  Inventory: [0.0, 0.0, 10.0]  Order: [8.8, 8.77, 8.66] Demand: [8.785]
Reward for thread 3: [-45.04, -24.01, -24.09] -31.05  Inventory: [12.0, 30.0, 25.0]  Order: [14.66, 14.68, 14.59] Demand: [14.68]
Reward for thread 4: [-15.92, -19.98, -19.71] -18.54  Inventory: [19.0, 46.0, 55.0]  Order: [9.73, 9.72, 9.74] Demand: [9.715]
Reward for thread 5: [-16.03, -20.33, -21.04] -19.13  Inventory: [0.0, 13.0, 13.0]  Order: [9.01, 9.03, 9.06] Demand: [9.055]

 Algo happo Exp ippo_seed15_formal_v1 updates 369/3000 episodes, total num timesteps 370000/3000000, FPS 125.

Reward for thread 1: [-12.82, -13.92, -17.8] -14.85  Inventory: [10.0, 22.0, 12.0]  Order: [2.05, 1.91, 1.72] Demand: [2.25]
Reward for thread 2: [-25.9, -19.57, -20.31] -21.93  Inventory: [0.0, 7.0, 14.0]  Order: [12.54, 12.67, 12.84] Demand: [13.095]
Reward for thread 3: [-37.13, -20.56, -20.11] -25.93  Inventory: [0.0, 30.0, 23.0]  Order: [13.93, 14.18, 14.4] Demand: [14.74]
Reward for thread 4: [-24.22, -29.7, -28.71] -27.54  Inventory: [47.0, 23.0, 27.0]  Order: [2.69, 2.56, 2.44] Demand: [2.705]
Reward for thread 5: [-13.59, -20.02, -22.44] -18.68  Inventory: [0.0, 30.0, 54.0]  Order: [5.04, 5.07, 5.11] Demand: [5.125]

Eval average reward:  -24.777666666666665  Eval ordering fluctuation measurement (downstream to upstream):  [0.7548428750057569, 0.9522855156752528, 1.1503776490029571]

 Algo happo Exp ippo_seed15_formal_v1 updates 370/3000 episodes, total num timesteps 371000/3000000, FPS 125.

Reward for thread 1: [-19.88, -28.72, -31.5] -26.7  Inventory: [10.0, 12.0, 20.0]  Order: [4.18, 4.04, 3.9] Demand: [4.375]
Reward for thread 2: [-49.8, -32.34, -30.24] -37.46  Inventory: [0.0, 23.0, 12.0]  Order: [13.33, 13.46, 13.53] Demand: [13.35]
Reward for thread 3: [-15.95, -16.79, -25.38] -19.37  Inventory: [26.0, 7.0, 28.0]  Order: [1.95, 1.74, 1.64] Demand: [2.05]
Reward for thread 4: [-14.47, -19.58, -20.56] -18.2  Inventory: [6.0, 9.0, 26.0]  Order: [5.42, 5.24, 5.14] Demand: [5.6]
Reward for thread 5: [-18.88, -23.92, -26.68] -23.16  Inventory: [12.0, 21.0, 0.0]  Order: [7.8, 7.88, 7.91] Demand: [7.695]

 Algo happo Exp ippo_seed15_formal_v1 updates 371/3000 episodes, total num timesteps 372000/3000000, FPS 125.

Reward for thread 1: [-63.78, -34.4, -29.22] -42.47  Inventory: [0.0, 0.0, 21.0]  Order: [12.86, 12.7, 12.85] Demand: [14.005]
Reward for thread 2: [-69.98, -38.32, -34.71] -47.67  Inventory: [0.0, 0.0, 12.0]  Order: [14.54, 14.5, 14.61] Demand: [15.845]
Reward for thread 3: [-20.23, -22.61, -22.42] -21.75  Inventory: [0.0, 0.0, 4.0]  Order: [9.68, 9.68, 9.81] Demand: [9.695]
Reward for thread 4: [-18.33, -21.55, -25.81] -21.9  Inventory: [0.0, 6.0, 0.0]  Order: [7.26, 7.38, 7.28] Demand: [7.41]
Reward for thread 5: [-43.22, -24.63, -23.05] -30.3  Inventory: [0.0, 0.0, 13.0]  Order: [15.6, 15.38, 15.58] Demand: [15.64]

 Algo happo Exp ippo_seed15_formal_v1 updates 372/3000 episodes, total num timesteps 373000/3000000, FPS 125.

Reward for thread 1: [-16.45, -18.73, -21.04] -18.74  Inventory: [0.0, 0.0, 0.0]  Order: [10.34, 10.32, 10.32] Demand: [10.43]
Reward for thread 2: [-23.87, -19.9, -21.17] -21.65  Inventory: [0.0, 0.0, 15.0]  Order: [12.4, 12.31, 12.42] Demand: [12.52]
Reward for thread 3: [-15.42, -19.96, -25.21] -20.2  Inventory: [5.0, 18.0, 30.0]  Order: [4.3, 4.29, 4.19] Demand: [4.41]
Reward for thread 4: [-111.64, -58.42, -42.18] -70.75  Inventory: [9.0, 9.0, 37.0]  Order: [15.47, 15.3, 15.25] Demand: [15.555]
Reward for thread 5: [-80.68, -56.09, -42.31] -59.69  Inventory: [0.0, 0.0, 1.0]  Order: [13.6, 13.32, 13.38] Demand: [14.61]

 Algo happo Exp ippo_seed15_formal_v1 updates 373/3000 episodes, total num timesteps 374000/3000000, FPS 125.

Reward for thread 1: [-31.35, -22.74, -24.86] -26.32  Inventory: [4.0, 12.0, 33.0]  Order: [9.14, 8.96, 8.87] Demand: [9.325]
Reward for thread 2: [-14.74, -21.99, -27.37] -21.37  Inventory: [7.0, 0.0, 0.0]  Order: [3.54, 3.44, 3.31] Demand: [3.565]
Reward for thread 3: [-23.79, -27.15, -21.73] -24.22  Inventory: [2.0, 17.0, 19.0]  Order: [12.04, 12.04, 11.92] Demand: [12.1]
Reward for thread 4: [-15.21, -21.63, -27.3] -21.38  Inventory: [6.0, 6.0, 30.0]  Order: [5.09, 4.88, 4.78] Demand: [5.235]
Reward for thread 5: [-19.29, -21.84, -21.28] -20.8  Inventory: [0.0, 0.0, 0.0]  Order: [12.26, 12.22, 12.24] Demand: [12.125]

 Algo happo Exp ippo_seed15_formal_v1 updates 374/3000 episodes, total num timesteps 375000/3000000, FPS 125.

Reward for thread 1: [-15.18, -21.73, -22.69] -19.87  Inventory: [8.0, 5.0, 10.0]  Order: [5.07, 4.96, 4.9] Demand: [5.16]
Reward for thread 2: [-16.59, -22.14, -21.27] -20.0  Inventory: [12.0, 24.0, 19.0]  Order: [9.99, 9.94, 9.92] Demand: [10.01]
Reward for thread 3: [-16.71, -20.86, -22.33] -19.97  Inventory: [0.0, 14.0, 0.0]  Order: [9.62, 9.66, 9.68] Demand: [9.755]
Reward for thread 4: [-14.43, -21.12, -21.36] -18.97  Inventory: [6.0, 28.0, 31.0]  Order: [5.91, 5.8, 5.71] Demand: [6.06]
Reward for thread 5: [-14.33, -20.34, -21.68] -18.78  Inventory: [0.0, 18.0, 24.0]  Order: [7.06, 7.1, 7.22] Demand: [7.09]

Eval average reward:  -21.51425  Eval ordering fluctuation measurement (downstream to upstream):  [0.7676138546939411, 0.9551878874532754, 1.150354680367132]
A better model is saved!

 Algo happo Exp ippo_seed15_formal_v1 updates 375/3000 episodes, total num timesteps 376000/3000000, FPS 125.

Reward for thread 1: [-32.26, -31.88, -24.68] -29.61  Inventory: [0.0, 0.0, 14.0]  Order: [11.23, 11.11, 11.21] Demand: [11.06]
Reward for thread 2: [-14.28, -17.36, -19.23] -16.96  Inventory: [0.0, 0.0, 0.0]  Order: [9.99, 10.04, 10.08] Demand: [10.1]
Reward for thread 3: [-25.74, -26.93, -28.15] -26.94  Inventory: [16.0, 30.0, 2.0]  Order: [8.68, 8.68, 8.59] Demand: [8.785]
Reward for thread 4: [-42.37, -26.87, -25.12] -31.45  Inventory: [0.0, 0.0, 9.0]  Order: [13.66, 13.7, 13.9] Demand: [14.38]
Reward for thread 5: [-13.74, -19.13, -26.03] -19.63  Inventory: [4.0, 0.0, 0.0]  Order: [3.82, 3.79, 3.72] Demand: [3.89]

 Algo happo Exp ippo_seed15_formal_v1 updates 376/3000 episodes, total num timesteps 377000/3000000, FPS 125.

Reward for thread 1: [-33.19, -20.19, -19.91] -24.43  Inventory: [14.0, 41.0, 98.0]  Order: [15.41, 15.36, 15.61] Demand: [15.5]
Reward for thread 2: [-72.94, -33.17, -31.2] -45.77  Inventory: [0.0, 0.0, 0.0]  Order: [14.67, 14.86, 14.91] Demand: [14.86]
Reward for thread 3: [-23.61, -20.56, -20.42] -21.53  Inventory: [0.0, 12.0, 21.0]  Order: [10.28, 10.27, 10.24] Demand: [10.355]
Reward for thread 4: [-14.23, -20.07, -22.79] -19.03  Inventory: [5.0, 30.0, 23.0]  Order: [4.8, 4.7, 4.58] Demand: [4.945]
Reward for thread 5: [-14.94, -21.25, -22.98] -19.72  Inventory: [18.0, 29.0, 14.0]  Order: [5.79, 5.78, 5.69] Demand: [5.895]

 Algo happo Exp ippo_seed15_formal_v1 updates 377/3000 episodes, total num timesteps 378000/3000000, FPS 125.

Reward for thread 1: [-14.59, -16.05, -21.69] -17.44  Inventory: [19.0, 9.0, 24.0]  Order: [1.56, 1.36, 1.23] Demand: [1.71]
Reward for thread 2: [-39.96, -22.78, -20.73] -27.82  Inventory: [0.0, 19.0, 0.0]  Order: [14.73, 14.9, 14.82] Demand: [14.855]
Reward for thread 3: [-65.06, -27.98, -24.76] -39.27  Inventory: [0.0, 3.0, 0.0]  Order: [15.56, 15.68, 15.81] Demand: [15.83]
Reward for thread 4: [-15.66, -19.56, -18.78] -18.0  Inventory: [0.0, 2.0, 0.0]  Order: [10.66, 10.8, 10.9] Demand: [10.61]
Reward for thread 5: [-11.7, -15.02, -17.99] -14.9  Inventory: [0.0, 11.0, 22.0]  Order: [1.88, 1.68, 1.54] Demand: [2.11]

 Algo happo Exp ippo_seed15_formal_v1 updates 378/3000 episodes, total num timesteps 379000/3000000, FPS 125.

Reward for thread 1: [-67.5, -34.37, -30.87] -44.25  Inventory: [0.0, 0.0, 0.0]  Order: [16.26, 16.38, 16.38] Demand: [16.935]
Reward for thread 2: [-14.81, -20.09, -25.48] -20.13  Inventory: [4.0, 19.0, 7.0]  Order: [3.54, 3.38, 3.24] Demand: [3.695]
Reward for thread 3: [-17.15, -16.68, -15.41] -16.41  Inventory: [17.0, 49.0, 40.0]  Order: [14.24, 14.29, 14.33] Demand: [14.275]
Reward for thread 4: [-37.27, -20.0, -20.09] -25.79  Inventory: [0.0, 0.0, 0.0]  Order: [15.12, 15.19, 15.3] Demand: [15.56]
Reward for thread 5: [-11.16, -15.97, -16.87] -14.67  Inventory: [0.0, 0.0, 0.0]  Order: [8.38, 8.3, 8.32] Demand: [8.215]

 Algo happo Exp ippo_seed15_formal_v1 updates 379/3000 episodes, total num timesteps 380000/3000000, FPS 125.

Reward for thread 1: [-17.49, -23.35, -26.3] -22.38  Inventory: [33.0, 53.0, 56.0]  Order: [6.98, 7.12, 7.16] Demand: [6.945]
Reward for thread 2: [-18.8, -19.42, -18.02] -18.75  Inventory: [0.0, 0.0, 0.0]  Order: [10.72, 10.64, 10.62] Demand: [10.815]
Reward for thread 3: [-11.3, -16.41, -16.82] -14.84  Inventory: [5.0, 2.0, 0.0]  Order: [7.6, 7.54, 7.41] Demand: [7.7]
Reward for thread 4: [-32.55, -35.22, -24.68] -30.82  Inventory: [0.0, 0.0, 0.0]  Order: [13.58, 13.38, 13.49] Demand: [13.38]
Reward for thread 5: [-14.25, -19.38, -25.26] -19.63  Inventory: [2.0, 33.0, 31.0]  Order: [5.61, 5.58, 5.5] Demand: [5.77]

Eval average reward:  -25.22225  Eval ordering fluctuation measurement (downstream to upstream):  [0.784205716933732, 0.9467084962559872, 1.1561020042216692]

 Algo happo Exp ippo_seed15_formal_v1 updates 380/3000 episodes, total num timesteps 381000/3000000, FPS 125.

Reward for thread 1: [-13.5, -20.27, -21.13] -18.3  Inventory: [7.0, 10.0, 0.0]  Order: [6.0, 5.99, 5.96] Demand: [6.145]
Reward for thread 2: [-18.34, -24.4, -28.98] -23.91  Inventory: [0.0, 4.0, 52.0]  Order: [6.66, 6.42, 6.44] Demand: [6.855]
Reward for thread 3: [-11.5, -18.82, -20.68] -17.0  Inventory: [3.0, 0.0, 18.0]  Order: [4.42, 4.32, 4.18] Demand: [4.525]
Reward for thread 4: [-21.11, -20.85, -21.83] -21.26  Inventory: [0.0, 0.0, 0.0]  Order: [12.42, 12.41, 12.5] Demand: [12.675]
Reward for thread 5: [-14.98, -24.14, -25.86] -21.66  Inventory: [0.0, 25.0, 24.0]  Order: [5.03, 4.92, 4.8] Demand: [5.205]

 Algo happo Exp ippo_seed15_formal_v1 updates 381/3000 episodes, total num timesteps 382000/3000000, FPS 125.

Reward for thread 1: [-33.44, -22.88, -21.9] -26.07  Inventory: [0.0, 32.0, 10.0]  Order: [12.78, 13.01, 13.14] Demand: [13.145]
Reward for thread 2: [-42.62, -23.7, -22.56] -29.63  Inventory: [13.0, 44.0, 21.0]  Order: [14.46, 14.6, 14.62] Demand: [14.49]
Reward for thread 3: [-31.51, -32.13, -26.05] -29.9  Inventory: [12.0, 16.0, 32.0]  Order: [10.93, 10.84, 10.75] Demand: [10.99]
Reward for thread 4: [-14.0, -20.98, -23.32] -19.43  Inventory: [0.0, 0.0, 0.0]  Order: [4.9, 5.11, 4.86] Demand: [5.045]
Reward for thread 5: [-13.72, -20.42, -22.78] -18.97  Inventory: [16.0, 59.0, 38.0]  Order: [6.38, 6.5, 6.48] Demand: [6.48]

 Algo happo Exp ippo_seed15_formal_v1 updates 382/3000 episodes, total num timesteps 383000/3000000, FPS 125.

Reward for thread 1: [-46.72, -22.8, -23.47] -31.0  Inventory: [0.0, 0.0, 0.0]  Order: [15.48, 15.54, 15.65] Demand: [16.22]
Reward for thread 2: [-10.66, -15.49, -15.36] -13.84  Inventory: [0.0, 15.0, 27.0]  Order: [2.96, 2.8, 2.68] Demand: [3.195]
Reward for thread 3: [-20.57, -22.73, -24.61] -22.64  Inventory: [0.0, 0.0, 13.0]  Order: [9.88, 9.93, 10.07] Demand: [9.89]
Reward for thread 4: [-15.64, -23.1, -23.46] -20.73  Inventory: [39.0, 66.0, 51.0]  Order: [7.23, 7.32, 7.32] Demand: [7.275]
Reward for thread 5: [-13.55, -20.39, -22.71] -18.88  Inventory: [13.0, 22.0, 0.0]  Order: [4.74, 4.73, 4.64] Demand: [4.855]

 Algo happo Exp ippo_seed15_formal_v1 updates 383/3000 episodes, total num timesteps 384000/3000000, FPS 125.

Reward for thread 1: [-29.28, -31.76, -28.63] -29.89  Inventory: [0.0, 0.0, 0.0]  Order: [10.28, 10.09, 10.13] Demand: [10.425]
Reward for thread 2: [-11.87, -18.48, -18.3] -16.22  Inventory: [3.0, 26.0, 0.0]  Order: [8.14, 8.13, 8.02] Demand: [8.23]
Reward for thread 3: [-41.92, -36.17, -26.67] -34.92  Inventory: [0.0, 3.0, 0.0]  Order: [12.97, 12.94, 12.77] Demand: [13.095]
Reward for thread 4: [-12.71, -17.87, -20.51] -17.03  Inventory: [0.0, 19.0, 18.0]  Order: [5.86, 5.72, 5.62] Demand: [6.055]
Reward for thread 5: [-16.16, -21.97, -21.69] -19.94  Inventory: [0.0, 0.0, 0.0]  Order: [5.69, 5.86, 5.72] Demand: [5.735]

 Algo happo Exp ippo_seed15_formal_v1 updates 384/3000 episodes, total num timesteps 385000/3000000, FPS 125.

Reward for thread 1: [-17.89, -22.05, -19.34] -19.76  Inventory: [0.0, 7.0, 5.0]  Order: [10.56, 10.72, 10.81] Demand: [10.535]
Reward for thread 2: [-15.11, -19.02, -21.05] -18.39  Inventory: [0.0, 0.0, 0.0]  Order: [5.78, 5.82, 5.7] Demand: [5.76]
Reward for thread 3: [-36.02, -36.88, -31.65] -34.85  Inventory: [0.0, 0.0, 0.0]  Order: [11.26, 11.26, 11.29] Demand: [11.64]
Reward for thread 4: [-18.08, -20.4, -17.73] -18.74  Inventory: [0.0, 0.0, 0.0]  Order: [13.1, 13.26, 13.3] Demand: [12.995]
Reward for thread 5: [-100.52, -55.12, -39.67] -65.1  Inventory: [0.0, 0.0, 0.0]  Order: [15.11, 14.86, 14.94] Demand: [15.94]

Eval average reward:  -25.07175  Eval ordering fluctuation measurement (downstream to upstream):  [0.7860045054406012, 0.9278278989950468, 1.1154754604743955]

 Algo happo Exp ippo_seed15_formal_v1 updates 385/3000 episodes, total num timesteps 386000/3000000, FPS 125.

Reward for thread 1: [-20.08, -22.8, -23.38] -22.09  Inventory: [0.0, 0.0, 0.0]  Order: [9.2, 9.22, 9.3] Demand: [9.455]
Reward for thread 2: [-50.61, -32.96, -24.47] -36.01  Inventory: [0.0, 6.0, 7.0]  Order: [16.14, 16.27, 16.39] Demand: [16.515]
Reward for thread 3: [-72.22, -44.78, -36.11] -51.04  Inventory: [0.0, 0.0, 14.0]  Order: [14.97, 14.95, 15.07] Demand: [14.94]
Reward for thread 4: [-21.74, -19.87, -18.59] -20.07  Inventory: [0.0, 4.0, 0.0]  Order: [13.0, 13.2, 13.28] Demand: [13.19]
Reward for thread 5: [-18.89, -26.7, -25.99] -23.86  Inventory: [7.0, 27.0, 28.0]  Order: [8.44, 8.53, 8.64] Demand: [8.475]

 Algo happo Exp ippo_seed15_formal_v1 updates 386/3000 episodes, total num timesteps 387000/3000000, FPS 125.

Reward for thread 1: [-12.09, -16.41, -18.18] -15.56  Inventory: [10.0, 13.0, 37.0]  Order: [5.26, 5.09, 5.03] Demand: [5.455]
Reward for thread 2: [-16.77, -21.25, -20.02] -19.35  Inventory: [0.0, 0.0, 0.0]  Order: [8.12, 8.1, 8.11] Demand: [8.215]
Reward for thread 3: [-23.64, -18.48, -15.89] -19.34  Inventory: [28.0, 79.0, 74.0]  Order: [15.36, 15.5, 15.62] Demand: [15.385]
Reward for thread 4: [-25.16, -27.32, -25.46] -25.98  Inventory: [0.0, 0.0, 0.0]  Order: [12.22, 12.32, 12.26] Demand: [12.25]
Reward for thread 5: [-12.32, -19.52, -21.39] -17.74  Inventory: [3.0, 20.0, 20.0]  Order: [6.86, 6.74, 6.59] Demand: [7.015]

 Algo happo Exp ippo_seed15_formal_v1 updates 387/3000 episodes, total num timesteps 388000/3000000, FPS 125.

Reward for thread 1: [-13.66, -20.89, -21.48] -18.68  Inventory: [0.0, 0.0, 0.0]  Order: [5.54, 5.55, 5.36] Demand: [5.645]
Reward for thread 2: [-76.15, -33.29, -30.87] -46.77  Inventory: [0.0, 0.0, 0.0]  Order: [15.45, 15.56, 15.62] Demand: [16.355]
Reward for thread 3: [-53.66, -26.52, -29.35] -36.51  Inventory: [0.0, 4.0, 0.0]  Order: [13.68, 13.6, 13.56] Demand: [13.74]
Reward for thread 4: [-22.27, -21.0, -23.49] -22.25  Inventory: [0.0, 7.0, 1.0]  Order: [8.66, 8.83, 8.85] Demand: [9.195]
Reward for thread 5: [-15.08, -22.85, -22.17] -20.03  Inventory: [0.0, 32.0, 31.0]  Order: [6.51, 6.46, 6.42] Demand: [6.63]

 Algo happo Exp ippo_seed15_formal_v1 updates 388/3000 episodes, total num timesteps 389000/3000000, FPS 125.

Reward for thread 1: [-35.48, -17.94, -18.32] -23.91  Inventory: [0.0, 0.0, 0.0]  Order: [14.74, 14.84, 14.87] Demand: [14.935]
Reward for thread 2: [-17.5, -24.77, -24.87] -22.38  Inventory: [0.0, 2.0, 0.0]  Order: [9.29, 9.48, 9.54] Demand: [9.425]
Reward for thread 3: [-25.74, -20.73, -21.69] -22.72  Inventory: [22.0, 48.0, 19.0]  Order: [12.32, 12.36, 12.36] Demand: [12.38]
Reward for thread 4: [-20.0, -20.32, -18.32] -19.55  Inventory: [21.0, 53.0, 51.0]  Order: [12.7, 12.82, 12.87] Demand: [12.72]
Reward for thread 5: [-13.66, -17.85, -16.57] -16.03  Inventory: [0.0, 0.0, 0.0]  Order: [8.88, 8.94, 8.96] Demand: [9.18]

 Algo happo Exp ippo_seed15_formal_v1 updates 389/3000 episodes, total num timesteps 390000/3000000, FPS 125.

Reward for thread 1: [-15.89, -25.14, -23.3] -21.44  Inventory: [12.0, 45.0, 34.0]  Order: [6.68, 6.66, 6.58] Demand: [6.85]
Reward for thread 2: [-38.91, -22.12, -22.59] -27.87  Inventory: [0.0, 0.0, 0.0]  Order: [11.66, 11.76, 11.82] Demand: [12.425]
Reward for thread 3: [-42.34, -23.4, -21.72] -29.15  Inventory: [0.0, 16.0, 9.0]  Order: [14.89, 15.05, 15.11] Demand: [15.435]
Reward for thread 4: [-12.69, -20.7, -20.89] -18.09  Inventory: [11.0, 60.0, 68.0]  Order: [2.5, 2.54, 2.64] Demand: [2.67]
Reward for thread 5: [-13.3, -22.7, -21.72] -19.24  Inventory: [10.0, 21.0, 16.0]  Order: [3.25, 3.12, 2.94] Demand: [3.44]

Eval average reward:  -24.0095  Eval ordering fluctuation measurement (downstream to upstream):  [0.7740023432697404, 0.9322792871384091, 1.135010272701524]

 Algo happo Exp ippo_seed15_formal_v1 updates 390/3000 episodes, total num timesteps 391000/3000000, FPS 125.

Reward for thread 1: [-22.88, -24.74, -22.98] -23.53  Inventory: [0.0, 1.0, 0.0]  Order: [11.22, 11.12, 10.94] Demand: [11.395]
Reward for thread 2: [-23.9, -18.46, -19.34] -20.57  Inventory: [0.0, 0.0, 0.0]  Order: [11.39, 11.5, 11.62] Demand: [11.925]
Reward for thread 3: [-12.32, -20.76, -20.37] -17.82  Inventory: [6.0, 16.0, 12.0]  Order: [3.1, 2.94, 2.8] Demand: [3.325]
Reward for thread 4: [-19.31, -22.14, -25.69] -22.38  Inventory: [3.0, 16.0, 19.0]  Order: [5.78, 5.62, 5.46] Demand: [6.005]
Reward for thread 5: [-15.32, -21.83, -21.46] -19.54  Inventory: [1.0, 7.0, 22.0]  Order: [5.46, 5.3, 5.17] Demand: [5.66]

 Algo happo Exp ippo_seed15_formal_v1 updates 391/3000 episodes, total num timesteps 392000/3000000, FPS 125.

Reward for thread 1: [-11.33, -17.73, -17.28] -15.45  Inventory: [3.0, 0.0, 0.0]  Order: [7.06, 7.14, 7.19] Demand: [7.06]
Reward for thread 2: [-58.87, -29.84, -29.35] -39.35  Inventory: [0.0, 10.0, 4.0]  Order: [12.9, 13.08, 13.2] Demand: [13.65]
Reward for thread 3: [-12.86, -20.7, -20.18] -17.91  Inventory: [5.0, 21.0, 8.0]  Order: [7.1, 7.12, 7.04] Demand: [7.115]
Reward for thread 4: [-14.49, -20.48, -21.12] -18.7  Inventory: [1.0, 0.0, 0.0]  Order: [8.6, 8.69, 8.6] Demand: [8.625]
Reward for thread 5: [-31.66, -22.58, -21.41] -25.22  Inventory: [0.0, 12.0, 5.0]  Order: [13.15, 13.29, 13.4] Demand: [13.735]

 Algo happo Exp ippo_seed15_formal_v1 updates 392/3000 episodes, total num timesteps 393000/3000000, FPS 125.

Reward for thread 1: [-47.3, -25.6, -26.38] -33.09  Inventory: [0.0, 0.0, 0.0]  Order: [14.45, 14.66, 14.66] Demand: [15.4]
Reward for thread 2: [-15.25, -22.44, -23.81] -20.5  Inventory: [5.0, 26.0, 34.0]  Order: [6.04, 5.99, 5.92] Demand: [6.15]
Reward for thread 3: [-30.49, -28.15, -27.86] -28.83  Inventory: [0.0, 0.0, 0.0]  Order: [11.5, 11.47, 11.32] Demand: [11.585]
Reward for thread 4: [-13.0, -19.92, -20.9] -17.94  Inventory: [5.0, 10.0, 3.0]  Order: [5.36, 5.36, 5.26] Demand: [5.51]
Reward for thread 5: [-12.63, -17.43, -17.79] -15.95  Inventory: [16.0, 20.0, 18.0]  Order: [2.18, 2.04, 1.92] Demand: [2.335]

 Algo happo Exp ippo_seed15_formal_v1 updates 393/3000 episodes, total num timesteps 394000/3000000, FPS 125.

Reward for thread 1: [-17.35, -20.28, -19.56] -19.06  Inventory: [0.0, 0.0, 4.0]  Order: [11.14, 11.13, 11.18] Demand: [11.215]
Reward for thread 2: [-21.03, -23.03, -23.98] -22.68  Inventory: [9.0, 23.0, 19.0]  Order: [8.96, 9.1, 9.3] Demand: [8.915]
Reward for thread 3: [-62.16, -30.03, -30.9] -41.03  Inventory: [0.0, 0.0, 0.0]  Order: [14.02, 14.13, 14.19] Demand: [15.135]
Reward for thread 4: [-10.65, -17.67, -18.7] -15.67  Inventory: [0.0, 0.0, 20.0]  Order: [4.66, 4.51, 4.4] Demand: [4.76]
Reward for thread 5: [-9.57, -16.29, -15.8] -13.89  Inventory: [0.0, 23.0, 17.0]  Order: [2.86, 2.73, 2.72] Demand: [3.08]

 Algo happo Exp ippo_seed15_formal_v1 updates 394/3000 episodes, total num timesteps 395000/3000000, FPS 125.

Reward for thread 1: [-13.68, -20.9, -22.74] -19.11  Inventory: [2.0, 24.0, 33.0]  Order: [5.86, 5.84, 5.75] Demand: [5.96]
Reward for thread 2: [-41.34, -25.23, -23.37] -29.98  Inventory: [0.0, 13.0, 0.0]  Order: [14.62, 14.67, 14.59] Demand: [14.695]
Reward for thread 3: [-11.4, -18.74, -18.97] -16.37  Inventory: [6.0, 14.0, 21.0]  Order: [1.82, 1.64, 1.5] Demand: [2.03]
Reward for thread 4: [-23.85, -26.78, -22.57] -24.4  Inventory: [15.0, 30.0, 5.0]  Order: [12.25, 12.38, 12.26] Demand: [12.26]
Reward for thread 5: [-16.09, -21.52, -21.94] -19.85  Inventory: [9.0, 58.0, 21.0]  Order: [9.12, 9.41, 9.48] Demand: [9.12]

Eval average reward:  -24.381666666666664  Eval ordering fluctuation measurement (downstream to upstream):  [0.7689138838229509, 0.9170852263739162, 1.148918586918852]

 Algo happo Exp ippo_seed15_formal_v1 updates 395/3000 episodes, total num timesteps 396000/3000000, FPS 125.

Reward for thread 1: [-15.11, -21.32, -19.31] -18.58  Inventory: [28.0, 48.0, 42.0]  Order: [8.34, 8.43, 8.54] Demand: [8.42]
Reward for thread 2: [-27.02, -24.64, -23.46] -25.04  Inventory: [27.0, 76.0, 72.0]  Order: [9.83, 9.97, 10.08] Demand: [9.94]
Reward for thread 3: [-18.8, -22.65, -21.73] -21.06  Inventory: [5.0, 3.0, 15.0]  Order: [7.96, 7.91, 7.84] Demand: [8.055]
Reward for thread 4: [-13.26, -18.55, -19.39] -17.07  Inventory: [0.0, 8.0, 13.0]  Order: [7.9, 7.85, 7.8] Demand: [7.96]
Reward for thread 5: [-10.01, -15.34, -17.48] -14.28  Inventory: [10.0, 26.0, 14.0]  Order: [4.76, 4.68, 4.67] Demand: [4.88]

 Algo happo Exp ippo_seed15_formal_v1 updates 396/3000 episodes, total num timesteps 397000/3000000, FPS 125.

Reward for thread 1: [-12.03, -18.24, -19.34] -16.54  Inventory: [7.0, 15.0, 3.0]  Order: [7.24, 7.13, 7.06] Demand: [7.34]
Reward for thread 2: [-17.47, -17.54, -16.29] -17.1  Inventory: [0.0, 0.0, 10.0]  Order: [11.11, 11.08, 11.27] Demand: [11.06]
Reward for thread 3: [-23.15, -27.17, -25.54] -25.29  Inventory: [14.0, 34.0, 33.0]  Order: [9.82, 9.8, 9.77] Demand: [9.89]
Reward for thread 4: [-19.51, -20.66, -19.41] -19.86  Inventory: [1.0, 0.0, 0.0]  Order: [11.48, 11.46, 11.32] Demand: [11.43]
Reward for thread 5: [-14.96, -17.31, -20.13] -17.47  Inventory: [13.0, 41.0, 50.0]  Order: [9.43, 9.38, 9.38] Demand: [9.57]

 Algo happo Exp ippo_seed15_formal_v1 updates 397/3000 episodes, total num timesteps 398000/3000000, FPS 125.

Reward for thread 1: [-13.18, -21.85, -20.75] -18.59  Inventory: [6.0, 38.0, 48.0]  Order: [5.99, 5.96, 5.94] Demand: [6.18]
Reward for thread 2: [-13.69, -20.38, -20.95] -18.34  Inventory: [0.0, 0.0, 0.0]  Order: [6.54, 6.54, 6.52] Demand: [6.395]
Reward for thread 3: [-13.24, -17.31, -19.7] -16.75  Inventory: [0.0, 10.0, 12.0]  Order: [7.24, 7.24, 7.22] Demand: [7.325]
Reward for thread 4: [-37.26, -37.59, -30.28] -35.04  Inventory: [0.0, 21.0, 23.0]  Order: [11.4, 11.34, 11.26] Demand: [11.54]
Reward for thread 5: [-10.28, -17.07, -18.88] -15.41  Inventory: [7.0, 6.0, 14.0]  Order: [2.74, 2.54, 2.37] Demand: [2.925]

 Algo happo Exp ippo_seed15_formal_v1 updates 398/3000 episodes, total num timesteps 399000/3000000, FPS 125.

Reward for thread 1: [-18.32, -23.89, -23.52] -21.91  Inventory: [0.0, 1.0, 16.0]  Order: [8.64, 8.67, 8.68] Demand: [8.76]
Reward for thread 2: [-12.07, -20.2, -20.33] -17.53  Inventory: [4.0, 15.0, 26.0]  Order: [2.44, 2.26, 2.15] Demand: [2.635]
Reward for thread 3: [-47.88, -39.08, -37.29] -41.42  Inventory: [0.0, 0.0, 0.0]  Order: [13.26, 13.32, 13.39] Demand: [13.95]
Reward for thread 4: [-56.94, -34.48, -27.4] -39.61  Inventory: [9.0, 21.0, 50.0]  Order: [13.46, 13.41, 13.41] Demand: [13.545]
Reward for thread 5: [-12.83, -20.16, -20.96] -17.98  Inventory: [0.0, 21.0, 10.0]  Order: [2.63, 2.51, 2.32] Demand: [2.87]

 Algo happo Exp ippo_seed15_formal_v1 updates 399/3000 episodes, total num timesteps 400000/3000000, FPS 125.

Reward for thread 1: [-21.06, -26.53, -26.25] -24.61  Inventory: [8.0, 3.0, 0.0]  Order: [8.54, 8.56, 8.58] Demand: [8.665]
Reward for thread 2: [-12.16, -17.51, -20.09] -16.59  Inventory: [7.0, 16.0, 14.0]  Order: [4.26, 4.11, 3.93] Demand: [4.465]
Reward for thread 3: [-14.1, -22.74, -21.57] -19.47  Inventory: [5.0, 32.0, 16.0]  Order: [6.82, 6.75, 6.59] Demand: [6.965]
Reward for thread 4: [-19.15, -27.15, -26.65] -24.32  Inventory: [33.0, 98.0, 47.0]  Order: [7.97, 8.21, 8.2] Demand: [7.985]
Reward for thread 5: [-21.77, -24.52, -22.03] -22.77  Inventory: [0.0, 0.0, 0.0]  Order: [12.3, 12.3, 12.2] Demand: [12.37]

Eval average reward:  -24.64125  Eval ordering fluctuation measurement (downstream to upstream):  [0.7962930755178811, 0.8918966400540981, 1.1396563310362766]

 Algo happo Exp ippo_seed15_formal_v1 updates 400/3000 episodes, total num timesteps 401000/3000000, FPS 125.

Reward for thread 1: [-14.68, -19.42, -20.3] -18.13  Inventory: [14.0, 2.0, 0.0]  Order: [8.48, 8.46, 8.33] Demand: [8.52]
Reward for thread 2: [-32.95, -30.28, -25.63] -29.62  Inventory: [10.0, 0.0, 0.0]  Order: [12.82, 13.02, 13.04] Demand: [12.755]
Reward for thread 3: [-11.92, -16.11, -15.0] -14.34  Inventory: [4.0, 36.0, 34.0]  Order: [7.6, 7.71, 7.74] Demand: [7.61]
Reward for thread 4: [-13.7, -20.8, -22.78] -19.09  Inventory: [14.0, 39.0, 35.0]  Order: [4.64, 4.58, 4.51] Demand: [4.785]
Reward for thread 5: [-14.78, -18.65, -17.09] -16.84  Inventory: [4.0, 4.0, 5.0]  Order: [9.66, 9.7, 9.66] Demand: [9.805]

 Algo happo Exp ippo_seed15_formal_v1 updates 401/3000 episodes, total num timesteps 402000/3000000, FPS 125.

Reward for thread 1: [-55.17, -29.42, -25.57] -36.72  Inventory: [0.0, 0.0, 0.0]  Order: [13.52, 13.54, 13.61] Demand: [14.34]
Reward for thread 2: [-41.82, -25.4, -23.24] -30.15  Inventory: [0.0, 0.0, 0.0]  Order: [14.16, 14.19, 14.22] Demand: [14.74]
Reward for thread 3: [-10.59, -17.58, -15.59] -14.59  Inventory: [5.0, 9.0, 15.0]  Order: [4.08, 3.97, 3.8] Demand: [4.24]
Reward for thread 4: [-34.87, -27.48, -23.49] -28.61  Inventory: [0.0, 0.0, 0.0]  Order: [12.38, 12.35, 12.26] Demand: [12.27]
Reward for thread 5: [-11.98, -18.74, -19.01] -16.58  Inventory: [6.0, 17.0, 0.0]  Order: [5.32, 5.27, 5.09] Demand: [5.38]

 Algo happo Exp ippo_seed15_formal_v1 updates 402/3000 episodes, total num timesteps 403000/3000000, FPS 125.

Reward for thread 1: [-36.77, -23.16, -22.89] -27.61  Inventory: [0.0, 6.0, 0.0]  Order: [11.08, 11.22, 11.26] Demand: [11.95]
Reward for thread 2: [-29.46, -24.07, -26.92] -26.82  Inventory: [20.0, 27.0, 27.0]  Order: [12.81, 12.82, 12.85] Demand: [12.895]
Reward for thread 3: [-24.61, -20.99, -20.31] -21.97  Inventory: [0.0, 10.0, 0.0]  Order: [11.6, 11.78, 11.88] Demand: [12.085]
Reward for thread 4: [-11.54, -18.46, -17.74] -15.91  Inventory: [3.0, 11.0, 7.0]  Order: [5.62, 5.6, 5.46] Demand: [5.76]
Reward for thread 5: [-97.87, -52.29, -40.5] -63.55  Inventory: [5.0, 14.0, 9.0]  Order: [15.3, 15.32, 15.2] Demand: [15.415]

 Algo happo Exp ippo_seed15_formal_v1 updates 403/3000 episodes, total num timesteps 404000/3000000, FPS 125.

Reward for thread 1: [-12.96, -15.81, -16.5] -15.09  Inventory: [22.0, 20.0, 15.0]  Order: [3.58, 3.42, 3.25] Demand: [3.71]
Reward for thread 2: [-23.78, -22.93, -23.08] -23.26  Inventory: [9.0, 48.0, 47.0]  Order: [12.76, 12.84, 12.84] Demand: [12.855]
Reward for thread 3: [-18.88, -20.65, -21.71] -20.41  Inventory: [0.0, 0.0, 0.0]  Order: [10.14, 10.14, 9.97] Demand: [10.195]
Reward for thread 4: [-12.33, -18.81, -20.84] -17.33  Inventory: [12.0, 26.0, 3.0]  Order: [4.66, 4.61, 4.56] Demand: [4.795]
Reward for thread 5: [-61.18, -41.08, -33.47] -45.24  Inventory: [0.0, 18.0, 23.0]  Order: [15.1, 15.1, 15.15] Demand: [15.13]

 Algo happo Exp ippo_seed15_formal_v1 updates 404/3000 episodes, total num timesteps 405000/3000000, FPS 125.

Reward for thread 1: [-26.72, -21.24, -20.68] -22.88  Inventory: [0.0, 0.0, 10.0]  Order: [12.02, 12.12, 12.27] Demand: [12.52]
Reward for thread 2: [-35.39, -21.59, -24.12] -27.03  Inventory: [21.0, 45.0, 52.0]  Order: [13.26, 13.26, 13.29] Demand: [13.315]
Reward for thread 3: [-21.48, -21.05, -19.7] -20.74  Inventory: [9.0, 43.0, 64.0]  Order: [13.54, 13.5, 13.58] Demand: [13.69]
Reward for thread 4: [-11.55, -14.31, -15.5] -13.79  Inventory: [0.0, 0.0, 29.0]  Order: [7.56, 7.59, 7.69] Demand: [7.495]
Reward for thread 5: [-11.78, -16.06, -21.02] -16.29  Inventory: [3.0, 26.0, 38.0]  Order: [3.88, 3.88, 3.88] Demand: [3.955]

Eval average reward:  -23.819666666666663  Eval ordering fluctuation measurement (downstream to upstream):  [0.7272295482298099, 0.8741428071297899, 1.1294358706847414]

 Algo happo Exp ippo_seed15_formal_v1 updates 405/3000 episodes, total num timesteps 406000/3000000, FPS 125.

Reward for thread 1: [-76.25, -32.35, -36.93] -48.51  Inventory: [0.0, 0.0, 0.0]  Order: [14.17, 14.38, 14.39] Demand: [15.32]
Reward for thread 2: [-79.3, -40.17, -35.86] -51.78  Inventory: [10.0, 36.0, 12.0]  Order: [14.36, 14.36, 14.3] Demand: [14.52]
Reward for thread 3: [-12.02, -17.84, -16.8] -15.55  Inventory: [4.0, 24.0, 25.0]  Order: [2.35, 2.24, 2.12] Demand: [2.52]
Reward for thread 4: [-19.89, -24.34, -23.76] -22.66  Inventory: [0.0, 0.0, 0.0]  Order: [9.71, 9.71, 9.74] Demand: [9.775]
Reward for thread 5: [-10.59, -15.57, -17.2] -14.45  Inventory: [0.0, 0.0, 24.0]  Order: [4.42, 4.32, 4.32] Demand: [4.51]

 Algo happo Exp ippo_seed15_formal_v1 updates 406/3000 episodes, total num timesteps 407000/3000000, FPS 125.

Reward for thread 1: [-35.43, -25.8, -27.04] -29.42  Inventory: [0.0, 0.0, 0.0]  Order: [11.64, 11.82, 11.9] Demand: [11.895]
Reward for thread 2: [-12.01, -18.87, -18.75] -16.54  Inventory: [6.0, 20.0, 31.0]  Order: [5.01, 4.9, 4.81] Demand: [5.145]
Reward for thread 3: [-94.26, -37.27, -43.48] -58.34  Inventory: [0.0, 9.0, 0.0]  Order: [14.57, 14.94, 14.88] Demand: [15.985]
Reward for thread 4: [-16.32, -22.16, -23.06] -20.51  Inventory: [0.0, 3.0, 0.0]  Order: [8.34, 8.56, 8.54] Demand: [8.385]
Reward for thread 5: [-12.91, -20.59, -20.78] -18.09  Inventory: [9.0, 25.0, 14.0]  Order: [6.62, 6.63, 6.67] Demand: [6.68]

 Algo happo Exp ippo_seed15_formal_v1 updates 407/3000 episodes, total num timesteps 408000/3000000, FPS 125.

Reward for thread 1: [-26.08, -22.14, -22.89] -23.7  Inventory: [7.0, 17.0, 0.0]  Order: [10.52, 10.47, 10.26] Demand: [10.685]
Reward for thread 2: [-65.01, -24.76, -24.5] -38.09  Inventory: [0.0, 18.0, 0.0]  Order: [15.44, 15.66, 15.74] Demand: [16.195]
Reward for thread 3: [-17.33, -23.34, -25.48] -22.05  Inventory: [8.0, 26.0, 29.0]  Order: [3.42, 3.32, 3.22] Demand: [3.585]
Reward for thread 4: [-11.58, -17.57, -18.53] -15.89  Inventory: [0.0, 0.0, 0.0]  Order: [7.75, 7.65, 7.44] Demand: [7.795]
Reward for thread 5: [-17.89, -20.82, -23.37] -20.69  Inventory: [0.0, 23.0, 2.0]  Order: [12.2, 12.44, 12.54] Demand: [12.25]

 Algo happo Exp ippo_seed15_formal_v1 updates 408/3000 episodes, total num timesteps 409000/3000000, FPS 125.

Reward for thread 1: [-26.47, -28.81, -25.15] -26.81  Inventory: [20.0, 36.0, 60.0]  Order: [12.36, 12.47, 12.53] Demand: [12.435]
Reward for thread 2: [-44.58, -23.88, -21.17] -29.88  Inventory: [0.0, 0.0, 0.0]  Order: [14.25, 14.39, 14.5] Demand: [14.25]
Reward for thread 3: [-13.88, -19.88, -21.66] -18.47  Inventory: [8.0, 29.0, 40.0]  Order: [7.56, 7.48, 7.46] Demand: [7.71]
Reward for thread 4: [-31.92, -23.83, -20.23] -25.33  Inventory: [0.0, 0.0, 0.0]  Order: [13.3, 13.38, 13.48] Demand: [13.7]
Reward for thread 5: [-11.02, -14.95, -16.44] -14.14  Inventory: [0.0, 0.0, 0.0]  Order: [6.04, 5.84, 5.66] Demand: [6.06]

 Algo happo Exp ippo_seed15_formal_v1 updates 409/3000 episodes, total num timesteps 410000/3000000, FPS 125.

Reward for thread 1: [-11.61, -15.45, -17.78] -14.95  Inventory: [0.0, 0.0, 0.0]  Order: [8.8, 8.96, 8.96] Demand: [8.735]
Reward for thread 2: [-15.63, -28.67, -24.6] -22.97  Inventory: [12.0, 59.0, 17.0]  Order: [2.82, 2.86, 2.7] Demand: [3.005]
Reward for thread 3: [-10.66, -15.97, -16.48] -14.37  Inventory: [9.0, 18.0, 23.0]  Order: [4.66, 4.56, 4.48] Demand: [4.795]
Reward for thread 4: [-37.48, -22.51, -23.73] -27.91  Inventory: [0.0, 0.0, 0.0]  Order: [13.16, 13.3, 13.34] Demand: [14.005]
Reward for thread 5: [-27.42, -18.23, -19.1] -21.58  Inventory: [0.0, 11.0, 0.0]  Order: [14.96, 15.14, 15.24] Demand: [15.125]

Eval average reward:  -23.70625  Eval ordering fluctuation measurement (downstream to upstream):  [0.7164456111106328, 0.864398586027942, 1.1384941239339479]

 Algo happo Exp ippo_seed15_formal_v1 updates 410/3000 episodes, total num timesteps 411000/3000000, FPS 125.

Reward for thread 1: [-24.94, -19.67, -19.14] -21.25  Inventory: [23.0, 54.0, 83.0]  Order: [14.36, 14.43, 14.6] Demand: [14.42]
Reward for thread 2: [-38.34, -26.79, -29.06] -31.4  Inventory: [0.0, 9.0, 0.0]  Order: [10.4, 10.62, 10.64] Demand: [11.17]
Reward for thread 3: [-28.11, -28.28, -25.92] -27.44  Inventory: [15.0, 34.0, 39.0]  Order: [10.64, 10.67, 10.68] Demand: [10.66]
Reward for thread 4: [-69.61, -29.94, -29.17] -42.91  Inventory: [0.0, 15.0, 10.0]  Order: [12.92, 13.08, 13.15] Demand: [14.35]
Reward for thread 5: [-13.1, -16.37, -18.22] -15.9  Inventory: [12.0, 29.0, 20.0]  Order: [6.31, 6.24, 6.1] Demand: [6.475]

 Algo happo Exp ippo_seed15_formal_v1 updates 411/3000 episodes, total num timesteps 412000/3000000, FPS 125.

Reward for thread 1: [-15.94, -20.62, -21.62] -19.39  Inventory: [13.0, 31.0, 15.0]  Order: [2.98, 2.88, 2.72] Demand: [3.15]
Reward for thread 2: [-17.74, -23.41, -24.25] -21.8  Inventory: [22.0, 39.0, 15.0]  Order: [2.32, 2.27, 2.1] Demand: [2.45]
Reward for thread 3: [-24.64, -21.84, -21.16] -22.55  Inventory: [4.0, 4.0, 0.0]  Order: [9.44, 9.38, 9.22] Demand: [9.57]
Reward for thread 4: [-12.58, -19.14, -19.21] -16.98  Inventory: [3.0, 13.0, 20.0]  Order: [6.56, 6.4, 6.26] Demand: [6.755]
Reward for thread 5: [-16.88, -23.65, -24.51] -21.68  Inventory: [11.0, 5.0, 0.0]  Order: [8.88, 8.85, 8.72] Demand: [8.985]

 Algo happo Exp ippo_seed15_formal_v1 updates 412/3000 episodes, total num timesteps 413000/3000000, FPS 125.

Reward for thread 1: [-14.87, -22.09, -22.92] -19.96  Inventory: [0.0, 11.0, 15.0]  Order: [4.58, 4.47, 4.32] Demand: [4.76]
Reward for thread 2: [-19.56, -20.67, -18.82] -19.68  Inventory: [45.0, 30.0, 14.0]  Order: [1.82, 1.72, 1.56] Demand: [1.84]
Reward for thread 3: [-21.0, -26.72, -27.16] -24.96  Inventory: [12.0, 38.0, 16.0]  Order: [8.78, 8.9, 8.88] Demand: [8.81]
Reward for thread 4: [-20.44, -23.68, -24.74] -22.95  Inventory: [0.0, 0.0, 0.0]  Order: [9.59, 9.44, 9.4] Demand: [9.705]
Reward for thread 5: [-13.54, -18.89, -21.25] -17.89  Inventory: [0.0, 12.0, 11.0]  Order: [3.6, 3.44, 3.26] Demand: [3.8]

 Algo happo Exp ippo_seed15_formal_v1 updates 413/3000 episodes, total num timesteps 414000/3000000, FPS 125.

Reward for thread 1: [-21.72, -21.67, -21.3] -21.56  Inventory: [0.0, 6.0, 0.0]  Order: [10.88, 11.06, 11.19] Demand: [11.155]
Reward for thread 2: [-17.5, -19.16, -21.08] -19.25  Inventory: [0.0, 5.0, 0.0]  Order: [8.72, 8.76, 8.67] Demand: [8.755]
Reward for thread 3: [-14.65, -23.96, -24.45] -21.02  Inventory: [3.0, 22.0, 19.0]  Order: [2.56, 2.46, 2.31] Demand: [2.75]
Reward for thread 4: [-9.49, -14.59, -15.73] -13.27  Inventory: [9.0, 13.0, 17.0]  Order: [4.7, 4.61, 4.49] Demand: [4.87]
Reward for thread 5: [-12.25, -18.67, -19.71] -16.88  Inventory: [2.0, 7.0, 10.0]  Order: [8.3, 8.32, 8.35] Demand: [8.375]

 Algo happo Exp ippo_seed15_formal_v1 updates 414/3000 episodes, total num timesteps 415000/3000000, FPS 125.

Reward for thread 1: [-29.84, -24.72, -24.84] -26.47  Inventory: [0.0, 4.0, 0.0]  Order: [11.14, 11.27, 11.32] Demand: [11.59]
Reward for thread 2: [-14.86, -17.41, -18.18] -16.82  Inventory: [18.0, 23.0, 33.0]  Order: [9.56, 9.54, 9.52] Demand: [9.635]
Reward for thread 3: [-49.59, -33.45, -32.47] -38.5  Inventory: [0.0, 74.0, 46.0]  Order: [13.4, 13.58, 13.58] Demand: [13.47]
Reward for thread 4: [-14.28, -16.73, -19.04] -16.68  Inventory: [0.0, 0.0, 0.0]  Order: [8.74, 8.82, 8.93] Demand: [8.75]
Reward for thread 5: [-21.89, -26.94, -25.15] -24.66  Inventory: [13.0, 12.0, 0.0]  Order: [9.94, 9.94, 9.86] Demand: [9.985]

Eval average reward:  -24.389083333333335  Eval ordering fluctuation measurement (downstream to upstream):  [0.714055693898622, 0.9246939777628125, 1.1748869021566808]

 Algo happo Exp ippo_seed15_formal_v1 updates 415/3000 episodes, total num timesteps 416000/3000000, FPS 125.

Reward for thread 1: [-10.88, -15.46, -17.24] -14.53  Inventory: [4.0, 21.0, 34.0]  Order: [4.43, 4.3, 4.22] Demand: [4.605]
Reward for thread 2: [-10.65, -18.1, -17.52] -15.42  Inventory: [2.0, 15.0, 27.0]  Order: [2.5, 2.37, 2.26] Demand: [2.695]
Reward for thread 3: [-23.34, -26.46, -24.34] -24.71  Inventory: [7.0, 30.0, 12.0]  Order: [11.33, 11.35, 11.48] Demand: [11.35]
Reward for thread 4: [-15.97, -22.35, -24.64] -20.99  Inventory: [0.0, 0.0, 0.0]  Order: [7.85, 7.86, 7.79] Demand: [7.96]
Reward for thread 5: [-31.71, -31.64, -22.23] -28.53  Inventory: [18.0, 52.0, 60.0]  Order: [12.9, 13.05, 13.2] Demand: [12.895]

 Algo happo Exp ippo_seed15_formal_v1 updates 416/3000 episodes, total num timesteps 417000/3000000, FPS 125.

Reward for thread 1: [-40.3, -22.05, -22.04] -28.13  Inventory: [0.0, 17.0, 3.0]  Order: [13.82, 14.04, 14.14] Demand: [14.675]
Reward for thread 2: [-32.65, -26.05, -25.53] -28.08  Inventory: [9.0, 0.0, 1.0]  Order: [11.99, 11.96, 11.91] Demand: [12.055]
Reward for thread 3: [-17.19, -23.52, -24.92] -21.88  Inventory: [3.0, 34.0, 53.0]  Order: [8.12, 8.06, 8.07] Demand: [8.275]
Reward for thread 4: [-42.78, -19.46, -19.04] -27.09  Inventory: [8.0, 1.0, 0.0]  Order: [14.4, 14.52, 14.44] Demand: [14.365]
Reward for thread 5: [-15.96, -24.43, -23.68] -21.36  Inventory: [7.0, 9.0, 28.0]  Order: [7.03, 6.98, 6.88] Demand: [7.11]

 Algo happo Exp ippo_seed15_formal_v1 updates 417/3000 episodes, total num timesteps 418000/3000000, FPS 125.

Reward for thread 1: [-17.49, -18.81, -19.96] -18.75  Inventory: [0.0, 0.0, 6.0]  Order: [9.52, 9.46, 9.32] Demand: [9.555]
Reward for thread 2: [-24.61, -24.16, -23.44] -24.07  Inventory: [0.0, 0.0, 0.0]  Order: [10.15, 10.27, 10.39] Demand: [10.535]
Reward for thread 3: [-11.31, -15.86, -15.74] -14.3  Inventory: [0.0, 8.0, 12.0]  Order: [7.59, 7.49, 7.4] Demand: [7.685]
Reward for thread 4: [-17.7, -20.26, -20.02] -19.33  Inventory: [0.0, 0.0, 0.0]  Order: [10.36, 10.35, 10.34] Demand: [10.495]
Reward for thread 5: [-13.93, -20.4, -19.37] -17.9  Inventory: [0.0, 2.0, 18.0]  Order: [6.24, 6.11, 6.1] Demand: [6.385]

 Algo happo Exp ippo_seed15_formal_v1 updates 418/3000 episodes, total num timesteps 419000/3000000, FPS 125.

Reward for thread 1: [-11.99, -16.99, -20.11] -16.36  Inventory: [7.0, 19.0, 33.0]  Order: [2.35, 2.24, 2.17] Demand: [2.515]
Reward for thread 2: [-29.5, -26.31, -22.51] -26.11  Inventory: [0.0, 29.0, 16.0]  Order: [13.44, 13.6, 13.65] Demand: [13.485]
Reward for thread 3: [-19.28, -21.49, -23.3] -21.36  Inventory: [0.0, 3.0, 0.0]  Order: [8.41, 8.39, 8.26] Demand: [8.545]
Reward for thread 4: [-17.43, -23.16, -23.54] -21.38  Inventory: [0.0, 0.0, 0.0]  Order: [9.45, 9.44, 9.39] Demand: [9.49]
Reward for thread 5: [-20.15, -22.99, -24.23] -22.46  Inventory: [0.0, 0.0, 26.0]  Order: [8.67, 8.54, 8.52] Demand: [8.74]

 Algo happo Exp ippo_seed15_formal_v1 updates 419/3000 episodes, total num timesteps 420000/3000000, FPS 125.

Reward for thread 1: [-31.18, -26.16, -23.75] -27.03  Inventory: [0.0, 0.0, 0.0]  Order: [12.29, 12.27, 12.3] Demand: [12.335]
Reward for thread 2: [-35.51, -30.97, -29.89] -32.12  Inventory: [0.0, 0.0, 0.0]  Order: [11.01, 11.16, 11.17] Demand: [11.64]
Reward for thread 3: [-10.85, -15.47, -17.77] -14.7  Inventory: [9.0, 22.0, 28.0]  Order: [4.45, 4.38, 4.38] Demand: [4.58]
Reward for thread 4: [-11.76, -16.57, -18.3] -15.54  Inventory: [20.0, 1.0, 19.0]  Order: [5.44, 5.24, 5.08] Demand: [5.56]
Reward for thread 5: [-26.41, -24.24, -24.3] -24.98  Inventory: [12.0, 60.0, 68.0]  Order: [10.38, 10.44, 10.53] Demand: [10.415]

Eval average reward:  -25.40083333333333  Eval ordering fluctuation measurement (downstream to upstream):  [0.7186636774197592, 0.9624226008082637, 1.1900580749978222]

 Algo happo Exp ippo_seed15_formal_v1 updates 420/3000 episodes, total num timesteps 421000/3000000, FPS 125.

Reward for thread 1: [-15.26, -19.21, -23.36] -19.28  Inventory: [0.0, 0.0, 0.0]  Order: [5.31, 5.16, 4.99] Demand: [5.385]
Reward for thread 2: [-14.0, -14.1, -16.11] -14.74  Inventory: [36.0, 23.0, 10.0]  Order: [1.44, 1.32, 1.2] Demand: [1.515]
Reward for thread 3: [-12.71, -18.42, -20.3] -17.14  Inventory: [26.0, 57.0, 61.0]  Order: [5.66, 5.7, 5.76] Demand: [5.775]
Reward for thread 4: [-28.46, -23.58, -23.46] -25.17  Inventory: [0.0, 0.0, 0.0]  Order: [13.21, 13.38, 13.46] Demand: [13.395]
Reward for thread 5: [-39.09, -27.24, -25.19] -30.51  Inventory: [0.0, 0.0, 0.0]  Order: [13.3, 13.2, 13.14] Demand: [13.325]

 Algo happo Exp ippo_seed15_formal_v1 updates 421/3000 episodes, total num timesteps 422000/3000000, FPS 125.

Reward for thread 1: [-14.39, -20.4, -21.26] -18.68  Inventory: [0.0, 0.0, 0.0]  Order: [7.63, 7.52, 7.44] Demand: [7.62]
Reward for thread 2: [-16.88, -20.2, -21.1] -19.39  Inventory: [0.0, 0.0, 7.0]  Order: [7.33, 7.13, 6.95] Demand: [7.515]
Reward for thread 3: [-11.45, -17.14, -18.92] -15.84  Inventory: [1.0, 10.0, 26.0]  Order: [6.7, 6.57, 6.48] Demand: [6.8]
Reward for thread 4: [-14.46, -21.1, -22.32] -19.29  Inventory: [9.0, 24.0, 31.0]  Order: [5.52, 5.39, 5.3] Demand: [5.705]
Reward for thread 5: [-11.04, -16.64, -19.02] -15.57  Inventory: [0.0, 30.0, 35.0]  Order: [4.31, 4.26, 4.2] Demand: [4.455]

 Algo happo Exp ippo_seed15_formal_v1 updates 422/3000 episodes, total num timesteps 423000/3000000, FPS 125.

Reward for thread 1: [-12.21, -17.9, -20.39] -16.83  Inventory: [23.0, 11.0, 28.0]  Order: [4.63, 4.56, 4.55] Demand: [4.72]
Reward for thread 2: [-19.57, -19.01, -19.49] -19.36  Inventory: [13.0, 28.0, 23.0]  Order: [12.35, 12.37, 12.4] Demand: [12.44]
Reward for thread 3: [-23.42, -19.83, -20.04] -21.1  Inventory: [0.0, 11.0, 16.0]  Order: [9.62, 9.57, 9.51] Demand: [9.765]
Reward for thread 4: [-39.05, -23.12, -23.98] -28.72  Inventory: [0.0, 12.0, 0.0]  Order: [15.5, 15.7, 15.77] Demand: [15.76]
Reward for thread 5: [-12.97, -21.48, -22.62] -19.02  Inventory: [0.0, 0.0, 0.0]  Order: [5.74, 5.82, 5.8] Demand: [5.795]

 Algo happo Exp ippo_seed15_formal_v1 updates 423/3000 episodes, total num timesteps 424000/3000000, FPS 125.

Reward for thread 1: [-23.03, -20.79, -22.95] -22.26  Inventory: [0.0, 0.0, 0.0]  Order: [9.93, 10.1, 10.16] Demand: [10.285]
Reward for thread 2: [-23.79, -21.66, -24.36] -23.27  Inventory: [0.0, 15.0, 18.0]  Order: [8.36, 8.48, 8.54] Demand: [8.52]
Reward for thread 3: [-11.43, -16.1, -15.95] -14.49  Inventory: [22.0, 29.0, 82.0]  Order: [7.83, 7.73, 7.89] Demand: [7.825]
Reward for thread 4: [-11.81, -18.49, -19.22] -16.51  Inventory: [0.0, 0.0, 0.0]  Order: [4.91, 5.16, 5.14] Demand: [4.815]
Reward for thread 5: [-14.79, -17.46, -20.26] -17.5  Inventory: [0.0, 25.0, 28.0]  Order: [10.94, 11.05, 11.02] Demand: [11.12]

 Algo happo Exp ippo_seed15_formal_v1 updates 424/3000 episodes, total num timesteps 425000/3000000, FPS 125.

Reward for thread 1: [-13.13, -20.96, -21.92] -18.67  Inventory: [7.0, 17.0, 24.0]  Order: [3.62, 3.46, 3.32] Demand: [3.83]
Reward for thread 2: [-30.91, -21.08, -23.01] -25.0  Inventory: [0.0, 8.0, 8.0]  Order: [13.5, 13.64, 13.82] Demand: [13.9]
Reward for thread 3: [-14.38, -19.55, -21.27] -18.4  Inventory: [1.0, 2.0, 0.0]  Order: [8.0, 8.18, 8.16] Demand: [8.045]
Reward for thread 4: [-19.68, -16.88, -18.5] -18.35  Inventory: [0.0, 30.0, 37.0]  Order: [10.32, 10.38, 10.52] Demand: [10.4]
Reward for thread 5: [-22.64, -24.2, -21.75] -22.86  Inventory: [0.0, 10.0, 0.0]  Order: [11.7, 11.96, 12.04] Demand: [12.16]

Eval average reward:  -24.39575  Eval ordering fluctuation measurement (downstream to upstream):  [0.6913162980305654, 0.9134579330593068, 1.1833060160730602]

 Algo happo Exp ippo_seed15_formal_v1 updates 425/3000 episodes, total num timesteps 426000/3000000, FPS 125.

Reward for thread 1: [-19.01, -21.08, -21.77] -20.62  Inventory: [1.0, 34.0, 42.0]  Order: [9.9, 9.86, 9.82] Demand: [9.935]
Reward for thread 2: [-14.77, -19.13, -19.84] -17.91  Inventory: [0.0, 0.0, 0.0]  Order: [8.7, 8.78, 8.82] Demand: [8.65]
Reward for thread 3: [-46.55, -24.67, -24.01] -31.74  Inventory: [0.0, 2.0, 26.0]  Order: [14.86, 14.9, 14.86] Demand: [14.85]
Reward for thread 4: [-10.86, -17.28, -17.79] -15.31  Inventory: [11.0, 22.0, 15.0]  Order: [3.84, 3.72, 3.57] Demand: [4.02]
Reward for thread 5: [-9.88, -16.1, -15.58] -13.85  Inventory: [0.0, 1.0, 1.0]  Order: [3.36, 3.18, 2.95] Demand: [3.56]

 Algo happo Exp ippo_seed15_formal_v1 updates 426/3000 episodes, total num timesteps 427000/3000000, FPS 125.

Reward for thread 1: [-14.02, -18.1, -20.9] -17.67  Inventory: [5.0, 0.0, 0.0]  Order: [6.94, 6.8, 6.71] Demand: [7.005]
Reward for thread 2: [-16.7, -21.73, -25.48] -21.3  Inventory: [7.0, 0.0, 28.0]  Order: [7.24, 7.2, 7.22] Demand: [7.22]
Reward for thread 3: [-57.78, -28.35, -29.69] -38.61  Inventory: [0.0, 22.0, 24.0]  Order: [14.3, 14.38, 14.32] Demand: [14.295]
Reward for thread 4: [-16.58, -24.74, -25.19] -22.17  Inventory: [5.0, 24.0, 34.0]  Order: [5.55, 5.42, 5.34] Demand: [5.715]
Reward for thread 5: [-18.27, -21.7, -24.51] -21.49  Inventory: [33.0, 22.0, 18.0]  Order: [2.71, 2.58, 2.42] Demand: [2.785]

 Algo happo Exp ippo_seed15_formal_v1 updates 427/3000 episodes, total num timesteps 428000/3000000, FPS 125.

Reward for thread 1: [-22.27, -16.28, -19.36] -19.3  Inventory: [0.0, 1.0, 0.0]  Order: [11.86, 11.96, 12.04] Demand: [12.125]
Reward for thread 2: [-16.93, -23.72, -27.35] -22.67  Inventory: [3.0, 29.0, 37.0]  Order: [7.66, 7.56, 7.5] Demand: [7.815]
Reward for thread 3: [-13.24, -16.83, -17.86] -15.98  Inventory: [6.0, 8.0, 0.0]  Order: [9.12, 9.15, 9.14] Demand: [9.11]
Reward for thread 4: [-11.05, -18.17, -20.38] -16.53  Inventory: [9.0, 12.0, 17.0]  Order: [2.45, 2.26, 2.1] Demand: [2.65]
Reward for thread 5: [-15.17, -20.98, -22.04] -19.4  Inventory: [0.0, 0.0, 0.0]  Order: [6.25, 6.28, 6.21] Demand: [6.31]

 Algo happo Exp ippo_seed15_formal_v1 updates 428/3000 episodes, total num timesteps 429000/3000000, FPS 125.

Reward for thread 1: [-48.73, -22.97, -22.2] -31.3  Inventory: [0.0, 3.0, 8.0]  Order: [14.8, 14.92, 15.06] Demand: [15.405]
Reward for thread 2: [-35.28, -29.32, -26.56] -30.39  Inventory: [0.0, 0.0, 0.0]  Order: [10.62, 10.67, 10.8] Demand: [11.15]
Reward for thread 3: [-18.89, -26.22, -26.0] -23.7  Inventory: [0.0, 19.0, 23.0]  Order: [8.1, 7.96, 7.82] Demand: [8.26]
Reward for thread 4: [-12.66, -19.57, -21.95] -18.06  Inventory: [8.0, 21.0, 34.0]  Order: [4.1, 4.0, 3.92] Demand: [4.295]
Reward for thread 5: [-14.32, -20.64, -20.55] -18.5  Inventory: [13.0, 0.0, 11.0]  Order: [5.54, 5.39, 5.32] Demand: [5.69]

 Algo happo Exp ippo_seed15_formal_v1 updates 429/3000 episodes, total num timesteps 430000/3000000, FPS 125.

Reward for thread 1: [-67.59, -29.59, -28.47] -41.88  Inventory: [0.0, 0.0, 6.0]  Order: [15.26, 15.32, 15.41] Demand: [15.38]
Reward for thread 2: [-13.83, -17.61, -20.77] -17.4  Inventory: [17.0, 24.0, 54.0]  Order: [6.98, 6.84, 6.86] Demand: [7.095]
Reward for thread 3: [-15.98, -19.53, -21.43] -18.98  Inventory: [55.0, 96.0, 63.0]  Order: [5.74, 5.98, 6.04] Demand: [5.71]
Reward for thread 4: [-42.03, -29.81, -28.7] -33.51  Inventory: [0.0, 12.0, 47.0]  Order: [11.02, 10.9, 10.88] Demand: [11.15]
Reward for thread 5: [-56.26, -29.23, -29.13] -38.21  Inventory: [4.0, 0.0, 0.0]  Order: [13.5, 13.58, 13.54] Demand: [13.435]

Eval average reward:  -23.994416666666663  Eval ordering fluctuation measurement (downstream to upstream):  [0.7017535529167394, 0.955223985771952, 1.1642977392668687]

 Algo happo Exp ippo_seed15_formal_v1 updates 430/3000 episodes, total num timesteps 431000/3000000, FPS 125.

Reward for thread 1: [-23.58, -18.5, -20.56] -20.88  Inventory: [0.0, 0.0, 0.0]  Order: [10.24, 10.3, 10.35] Demand: [10.68]
Reward for thread 2: [-11.84, -18.15, -19.77] -16.59  Inventory: [5.0, 34.0, 32.0]  Order: [5.76, 5.68, 5.6] Demand: [5.95]
Reward for thread 3: [-122.57, -45.37, -41.89] -69.94  Inventory: [14.0, 58.0, 90.0]  Order: [16.26, 16.3, 16.5] Demand: [16.41]
Reward for thread 4: [-55.18, -30.76, -23.74] -36.56  Inventory: [0.0, 0.0, 0.0]  Order: [16.72, 16.7, 16.75] Demand: [17.085]
Reward for thread 5: [-17.29, -26.14, -29.77] -24.4  Inventory: [4.0, 19.0, 5.0]  Order: [6.04, 5.9, 5.86] Demand: [6.185]

 Algo happo Exp ippo_seed15_formal_v1 updates 431/3000 episodes, total num timesteps 432000/3000000, FPS 125.

Reward for thread 1: [-11.52, -17.88, -18.06] -15.82  Inventory: [8.0, 14.0, 13.0]  Order: [3.28, 3.12, 2.94] Demand: [3.455]
Reward for thread 2: [-68.56, -33.66, -31.78] -44.67  Inventory: [0.0, 0.0, 0.0]  Order: [13.0, 12.98, 13.1] Demand: [14.09]
Reward for thread 3: [-27.2, -29.22, -28.06] -28.16  Inventory: [5.0, 0.0, 0.0]  Order: [12.2, 12.22, 12.12] Demand: [12.185]
Reward for thread 4: [-12.89, -17.76, -16.96] -15.87  Inventory: [0.0, 0.0, 0.0]  Order: [7.5, 7.46, 7.4] Demand: [7.59]
Reward for thread 5: [-10.21, -15.68, -18.25] -14.71  Inventory: [0.0, 6.0, 0.0]  Order: [5.12, 5.03, 4.89] Demand: [5.31]

 Algo happo Exp ippo_seed15_formal_v1 updates 432/3000 episodes, total num timesteps 433000/3000000, FPS 125.

Reward for thread 1: [-14.91, -19.53, -19.82] -18.09  Inventory: [10.0, 34.0, 22.0]  Order: [7.58, 7.54, 7.5] Demand: [7.72]
Reward for thread 2: [-49.4, -30.75, -26.3] -35.48  Inventory: [0.0, 0.0, 0.0]  Order: [15.74, 15.7, 15.73] Demand: [15.98]
Reward for thread 3: [-38.54, -27.54, -26.08] -30.72  Inventory: [0.0, 0.0, 0.0]  Order: [13.48, 13.52, 13.58] Demand: [13.955]
Reward for thread 4: [-43.99, -26.62, -25.05] -31.89  Inventory: [0.0, 0.0, 0.0]  Order: [15.36, 15.42, 15.42] Demand: [16.14]
Reward for thread 5: [-22.19, -24.22, -25.84] -24.08  Inventory: [0.0, 14.0, 0.0]  Order: [10.48, 10.5, 10.44] Demand: [10.58]

 Algo happo Exp ippo_seed15_formal_v1 updates 433/3000 episodes, total num timesteps 434000/3000000, FPS 125.

Reward for thread 1: [-61.59, -39.19, -31.71] -44.16  Inventory: [0.0, 0.0, 0.0]  Order: [12.92, 12.82, 12.82] Demand: [13.835]
Reward for thread 2: [-15.97, -20.62, -22.39] -19.66  Inventory: [0.0, 0.0, 0.0]  Order: [8.78, 8.78, 8.74] Demand: [8.705]
Reward for thread 3: [-13.26, -18.39, -23.35] -18.33  Inventory: [1.0, 22.0, 51.0]  Order: [7.74, 7.62, 7.63] Demand: [7.83]
Reward for thread 4: [-43.04, -23.15, -23.08] -29.76  Inventory: [4.0, 10.0, 28.0]  Order: [12.66, 12.57, 12.58] Demand: [12.755]
Reward for thread 5: [-60.83, -27.06, -27.46] -38.45  Inventory: [0.0, 0.0, 0.0]  Order: [15.69, 15.8, 15.8] Demand: [16.6]

 Algo happo Exp ippo_seed15_formal_v1 updates 434/3000 episodes, total num timesteps 435000/3000000, FPS 125.

Reward for thread 1: [-20.41, -23.11, -24.99] -22.84  Inventory: [3.0, 8.0, 23.0]  Order: [8.56, 8.37, 8.24] Demand: [8.765]
Reward for thread 2: [-15.67, -17.54, -19.02] -17.41  Inventory: [20.0, 53.0, 52.0]  Order: [9.04, 9.07, 9.12] Demand: [9.13]
Reward for thread 3: [-8.84, -13.54, -15.86] -12.75  Inventory: [5.0, 17.0, 29.0]  Order: [3.0, 2.84, 2.73] Demand: [3.19]
Reward for thread 4: [-20.29, -20.43, -20.82] -20.51  Inventory: [0.0, 19.0, 4.0]  Order: [11.1, 11.26, 11.3] Demand: [11.055]
Reward for thread 5: [-11.51, -15.85, -18.1] -15.15  Inventory: [4.0, 12.0, 33.0]  Order: [5.28, 5.09, 5.0] Demand: [5.44]

Eval average reward:  -23.469333333333335  Eval ordering fluctuation measurement (downstream to upstream):  [0.669560750265404, 0.9392695356808358, 1.1689199510607358]

 Algo happo Exp ippo_seed15_formal_v1 updates 435/3000 episodes, total num timesteps 436000/3000000, FPS 125.

Reward for thread 1: [-33.98, -28.04, -27.05] -29.69  Inventory: [0.0, 13.0, 1.0]  Order: [10.84, 11.02, 11.09] Demand: [11.095]
Reward for thread 2: [-22.14, -21.25, -19.82] -21.07  Inventory: [0.0, 0.0, 5.0]  Order: [11.64, 11.54, 11.47] Demand: [11.6]
Reward for thread 3: [-72.74, -35.49, -35.31] -47.85  Inventory: [13.0, 0.0, 27.0]  Order: [14.14, 13.93, 13.9] Demand: [14.16]
Reward for thread 4: [-16.09, -23.64, -23.14] -20.96  Inventory: [0.0, 8.0, 10.0]  Order: [6.14, 6.08, 6.04] Demand: [6.23]
Reward for thread 5: [-30.96, -29.29, -22.04] -27.43  Inventory: [0.0, 0.0, 0.0]  Order: [14.18, 14.2, 14.3] Demand: [14.565]

 Algo happo Exp ippo_seed15_formal_v1 updates 436/3000 episodes, total num timesteps 437000/3000000, FPS 125.

Reward for thread 1: [-35.3, -27.68, -26.17] -29.72  Inventory: [0.0, 16.0, 0.0]  Order: [12.04, 12.2, 12.26] Demand: [12.28]
Reward for thread 2: [-12.15, -17.8, -20.44] -16.8  Inventory: [4.0, 9.0, 28.0]  Order: [5.71, 5.52, 5.42] Demand: [5.9]
Reward for thread 3: [-11.33, -14.19, -17.7] -14.41  Inventory: [1.0, 10.0, 15.0]  Order: [1.95, 1.79, 1.62] Demand: [2.165]
Reward for thread 4: [-47.69, -32.96, -24.36] -35.0  Inventory: [0.0, 0.0, 0.0]  Order: [15.58, 15.61, 15.66] Demand: [16.015]
Reward for thread 5: [-19.56, -21.59, -22.03] -21.06  Inventory: [0.0, 6.0, 12.0]  Order: [11.2, 11.13, 11.05] Demand: [11.26]

 Algo happo Exp ippo_seed15_formal_v1 updates 437/3000 episodes, total num timesteps 438000/3000000, FPS 125.

Reward for thread 1: [-15.16, -17.88, -18.98] -17.34  Inventory: [0.0, 0.0, 7.0]  Order: [10.38, 10.29, 10.22] Demand: [10.465]
Reward for thread 2: [-17.59, -18.82, -19.21] -18.54  Inventory: [0.0, 0.0, 0.0]  Order: [10.18, 10.16, 10.11] Demand: [10.325]
Reward for thread 3: [-16.06, -21.44, -20.91] -19.47  Inventory: [8.0, 21.0, 32.0]  Order: [6.76, 6.61, 6.52] Demand: [6.94]
Reward for thread 4: [-60.65, -40.08, -28.06] -42.93  Inventory: [0.0, 0.0, 5.0]  Order: [15.78, 15.63, 15.77] Demand: [16.205]
Reward for thread 5: [-16.74, -18.83, -20.65] -18.74  Inventory: [0.0, 0.0, 0.0]  Order: [6.68, 6.66, 6.51] Demand: [6.795]

 Algo happo Exp ippo_seed15_formal_v1 updates 438/3000 episodes, total num timesteps 439000/3000000, FPS 125.

Reward for thread 1: [-17.56, -21.19, -21.21] -19.99  Inventory: [0.0, 0.0, 0.0]  Order: [8.32, 8.33, 8.35] Demand: [8.28]
Reward for thread 2: [-16.7, -18.21, -16.91] -17.27  Inventory: [0.0, 0.0, 7.0]  Order: [10.74, 10.66, 10.74] Demand: [10.645]
Reward for thread 3: [-16.04, -17.42, -18.95] -17.47  Inventory: [0.0, 0.0, 0.0]  Order: [9.78, 9.72, 9.66] Demand: [9.76]
Reward for thread 4: [-11.07, -16.38, -21.0] -16.15  Inventory: [6.0, 15.0, 15.0]  Order: [3.21, 3.06, 2.88] Demand: [3.395]
Reward for thread 5: [-13.14, -18.37, -21.08] -17.53  Inventory: [7.0, 7.0, 0.0]  Order: [5.73, 5.73, 5.59] Demand: [5.785]

 Algo happo Exp ippo_seed15_formal_v1 updates 439/3000 episodes, total num timesteps 440000/3000000, FPS 125.

Reward for thread 1: [-27.31, -23.74, -20.98] -24.01  Inventory: [0.0, 0.0, 0.0]  Order: [10.36, 10.32, 10.4] Demand: [10.445]
Reward for thread 2: [-12.17, -16.74, -20.31] -16.41  Inventory: [0.0, 17.0, 0.0]  Order: [6.65, 6.76, 6.68] Demand: [6.7]
Reward for thread 3: [-19.79, -17.44, -17.99] -18.41  Inventory: [0.0, 0.0, 0.0]  Order: [12.36, 12.33, 12.32] Demand: [12.6]
Reward for thread 4: [-29.76, -32.21, -25.48] -29.15  Inventory: [0.0, 0.0, 0.0]  Order: [12.24, 12.15, 12.2] Demand: [12.02]
Reward for thread 5: [-39.35, -27.21, -25.42] -30.66  Inventory: [0.0, 0.0, 1.0]  Order: [11.18, 11.08, 11.18] Demand: [11.85]

Eval average reward:  -25.860333333333337  Eval ordering fluctuation measurement (downstream to upstream):  [0.6479470520250379, 0.9219808581423404, 1.1730206210314404]

 Algo happo Exp ippo_seed15_formal_v1 updates 440/3000 episodes, total num timesteps 441000/3000000, FPS 125.

Reward for thread 1: [-22.21, -22.39, -19.81] -21.47  Inventory: [4.0, 8.0, 15.0]  Order: [12.82, 12.78, 12.62] Demand: [12.875]
Reward for thread 2: [-11.57, -17.1, -21.43] -16.7  Inventory: [7.0, 10.0, 33.0]  Order: [3.94, 3.8, 3.71] Demand: [4.1]
Reward for thread 3: [-41.93, -27.74, -25.27] -31.65  Inventory: [0.0, 0.0, 0.0]  Order: [14.52, 14.52, 14.62] Demand: [15.255]
Reward for thread 4: [-12.5, -17.32, -21.06] -16.96  Inventory: [10.0, 0.0, 17.0]  Order: [5.74, 5.52, 5.4] Demand: [5.865]
Reward for thread 5: [-37.63, -27.23, -19.62] -28.16  Inventory: [0.0, 0.0, 0.0]  Order: [16.67, 16.66, 16.68] Demand: [16.65]

 Algo happo Exp ippo_seed15_formal_v1 updates 441/3000 episodes, total num timesteps 442000/3000000, FPS 125.

Reward for thread 1: [-10.66, -15.84, -17.86] -14.79  Inventory: [2.0, 13.0, 27.0]  Order: [6.76, 6.6, 6.48] Demand: [6.92]
Reward for thread 2: [-9.6, -13.66, -16.39] -13.22  Inventory: [12.0, 4.0, 18.0]  Order: [3.45, 3.22, 3.06] Demand: [3.64]
Reward for thread 3: [-18.51, -22.59, -24.86] -21.99  Inventory: [0.0, 8.0, 0.0]  Order: [8.23, 8.2, 7.97] Demand: [8.395]
Reward for thread 4: [-21.22, -20.63, -21.91] -21.25  Inventory: [12.0, 24.0, 25.0]  Order: [12.08, 12.04, 12.02] Demand: [12.135]
Reward for thread 5: [-21.73, -21.38, -22.61] -21.91  Inventory: [22.0, 48.0, 62.0]  Order: [10.14, 10.15, 10.21] Demand: [10.19]

 Algo happo Exp ippo_seed15_formal_v1 updates 442/3000 episodes, total num timesteps 443000/3000000, FPS 125.

Reward for thread 1: [-32.33, -26.64, -24.23] -27.73  Inventory: [0.0, 0.0, 0.0]  Order: [12.52, 12.38, 12.39] Demand: [12.52]
Reward for thread 2: [-10.5, -14.2, -16.43] -13.71  Inventory: [6.0, 18.0, 26.0]  Order: [6.18, 6.02, 5.9] Demand: [6.335]
Reward for thread 3: [-11.83, -15.1, -18.36] -15.1  Inventory: [0.0, 5.0, 12.0]  Order: [7.74, 7.72, 7.64] Demand: [7.825]
Reward for thread 4: [-26.67, -20.31, -20.04] -22.34  Inventory: [0.0, 0.0, 0.0]  Order: [11.22, 11.28, 11.36] Demand: [11.705]
Reward for thread 5: [-18.59, -20.12, -20.07] -19.59  Inventory: [0.0, 6.0, 23.0]  Order: [9.59, 9.46, 9.36] Demand: [9.67]

 Algo happo Exp ippo_seed15_formal_v1 updates 443/3000 episodes, total num timesteps 444000/3000000, FPS 125.

Reward for thread 1: [-32.01, -26.14, -24.75] -27.63  Inventory: [0.0, 0.0, 0.0]  Order: [12.34, 12.34, 12.42] Demand: [12.55]
Reward for thread 2: [-17.68, -18.28, -19.1] -18.35  Inventory: [30.0, 15.0, 7.0]  Order: [4.74, 4.58, 4.38] Demand: [4.84]
Reward for thread 3: [-9.73, -13.09, -15.66] -12.83  Inventory: [3.0, 17.0, 13.0]  Order: [6.56, 6.4, 6.22] Demand: [6.735]
Reward for thread 4: [-22.41, -17.33, -19.4] -19.71  Inventory: [0.0, 19.0, 22.0]  Order: [10.38, 10.36, 10.31] Demand: [10.475]
Reward for thread 5: [-15.99, -18.81, -20.96] -18.59  Inventory: [8.0, 32.0, 52.0]  Order: [8.2, 8.1, 8.12] Demand: [8.365]

 Algo happo Exp ippo_seed15_formal_v1 updates 444/3000 episodes, total num timesteps 445000/3000000, FPS 125.

Reward for thread 1: [-80.73, -35.67, -31.21] -49.2  Inventory: [0.0, 0.0, 0.0]  Order: [15.62, 15.7, 15.76] Demand: [16.67]
Reward for thread 2: [-15.13, -18.11, -19.87] -17.7  Inventory: [7.0, 14.0, 24.0]  Order: [5.72, 5.54, 5.42] Demand: [5.875]
Reward for thread 3: [-13.59, -16.3, -17.26] -15.72  Inventory: [5.0, 0.0, 5.0]  Order: [7.23, 7.1, 7.08] Demand: [7.315]
Reward for thread 4: [-33.16, -33.76, -23.99] -30.3  Inventory: [0.0, 0.0, 1.0]  Order: [13.8, 13.76, 13.81] Demand: [13.965]
Reward for thread 5: [-54.27, -29.14, -26.05] -36.49  Inventory: [0.0, 0.0, 0.0]  Order: [12.66, 12.7, 12.81] Demand: [13.38]

Eval average reward:  -26.767833333333336  Eval ordering fluctuation measurement (downstream to upstream):  [0.6568988531973623, 0.8988675786996383, 1.1772070933669176]

 Algo happo Exp ippo_seed15_formal_v1 updates 445/3000 episodes, total num timesteps 446000/3000000, FPS 125.

Reward for thread 1: [-43.87, -28.68, -30.34] -34.3  Inventory: [0.0, 0.0, 0.0]  Order: [11.58, 11.7, 11.72] Demand: [11.98]
Reward for thread 2: [-10.25, -12.69, -16.22] -13.05  Inventory: [0.0, 0.0, 0.0]  Order: [7.28, 7.48, 7.32] Demand: [7.335]
Reward for thread 3: [-18.99, -20.33, -22.85] -20.72  Inventory: [0.0, 13.0, 23.0]  Order: [9.32, 9.28, 9.15] Demand: [9.435]
Reward for thread 4: [-11.6, -16.84, -18.05] -15.5  Inventory: [10.0, 16.0, 25.0]  Order: [5.66, 5.55, 5.58] Demand: [5.735]
Reward for thread 5: [-42.91, -34.13, -29.2] -35.41  Inventory: [0.0, 0.0, 0.0]  Order: [12.84, 12.72, 12.82] Demand: [13.4]

 Algo happo Exp ippo_seed15_formal_v1 updates 446/3000 episodes, total num timesteps 447000/3000000, FPS 125.

Reward for thread 1: [-14.19, -16.21, -17.16] -15.85  Inventory: [0.0, 0.0, 0.0]  Order: [10.72, 10.73, 10.66] Demand: [10.915]
Reward for thread 2: [-12.78, -18.24, -19.58] -16.87  Inventory: [1.0, 13.0, 16.0]  Order: [6.5, 6.34, 6.22] Demand: [6.635]
Reward for thread 3: [-21.03, -22.8, -26.06] -23.3  Inventory: [0.0, 0.0, 0.0]  Order: [8.36, 8.32, 8.37] Demand: [8.53]
Reward for thread 4: [-68.64, -30.24, -27.4] -42.09  Inventory: [0.0, 11.0, 11.0]  Order: [15.76, 15.84, 15.9] Demand: [15.725]
Reward for thread 5: [-11.3, -14.45, -16.5] -14.08  Inventory: [0.0, 0.0, 0.0]  Order: [7.8, 7.82, 7.78] Demand: [7.88]

 Algo happo Exp ippo_seed15_formal_v1 updates 447/3000 episodes, total num timesteps 448000/3000000, FPS 125.

Reward for thread 1: [-23.56, -18.14, -18.45] -20.05  Inventory: [0.0, 0.0, 0.0]  Order: [11.9, 12.05, 12.09] Demand: [12.29]
Reward for thread 2: [-81.82, -33.12, -33.44] -49.46  Inventory: [9.0, 32.0, 17.0]  Order: [14.32, 14.22, 14.06] Demand: [14.495]
Reward for thread 3: [-11.85, -16.88, -20.04] -16.26  Inventory: [8.0, 6.0, 15.0]  Order: [3.24, 3.02, 2.84] Demand: [3.43]
Reward for thread 4: [-29.9, -30.03, -22.51] -27.48  Inventory: [0.0, 0.0, 5.0]  Order: [13.71, 13.62, 13.44] Demand: [13.795]
Reward for thread 5: [-10.47, -14.77, -16.76] -14.0  Inventory: [12.0, 23.0, 22.0]  Order: [4.18, 4.04, 3.9] Demand: [4.37]

 Algo happo Exp ippo_seed15_formal_v1 updates 448/3000 episodes, total num timesteps 449000/3000000, FPS 125.

Reward for thread 1: [-51.05, -26.04, -24.14] -33.74  Inventory: [0.0, 0.0, 0.0]  Order: [15.64, 15.7, 15.78] Demand: [15.995]
Reward for thread 2: [-16.32, -19.55, -22.87] -19.58  Inventory: [10.0, 26.0, 51.0]  Order: [8.73, 8.64, 8.65] Demand: [8.87]
Reward for thread 3: [-77.46, -69.3, -35.03] -60.6  Inventory: [0.0, 0.0, 0.0]  Order: [17.26, 16.86, 17.0] Demand: [16.9]
Reward for thread 4: [-9.39, -14.02, -16.23] -13.21  Inventory: [13.0, 31.0, 28.0]  Order: [6.72, 6.68, 6.76] Demand: [6.815]
Reward for thread 5: [-22.86, -19.94, -18.24] -20.35  Inventory: [0.0, 0.0, 0.0]  Order: [12.84, 12.93, 13.02] Demand: [13.025]

 Algo happo Exp ippo_seed15_formal_v1 updates 449/3000 episodes, total num timesteps 450000/3000000, FPS 125.

Reward for thread 1: [-67.26, -33.59, -29.6] -43.48  Inventory: [0.0, 0.0, 2.0]  Order: [16.0, 15.86, 15.95] Demand: [16.915]
Reward for thread 2: [-116.51, -46.66, -40.02] -67.73  Inventory: [0.0, 0.0, 0.0]  Order: [15.72, 15.7, 15.78] Demand: [16.4]
Reward for thread 3: [-12.62, -16.06, -17.37] -15.35  Inventory: [8.0, 7.0, 5.0]  Order: [6.42, 6.35, 6.26] Demand: [6.525]
Reward for thread 4: [-12.5, -19.2, -20.66] -17.45  Inventory: [3.0, 3.0, 10.0]  Order: [2.51, 2.37, 2.2] Demand: [2.7]
Reward for thread 5: [-17.03, -15.51, -18.77] -17.1  Inventory: [0.0, 0.0, 0.0]  Order: [9.82, 9.9, 9.95] Demand: [10.04]

Eval average reward:  -27.7385  Eval ordering fluctuation measurement (downstream to upstream):  [0.6529390829268273, 0.9180415582803721, 1.1542311731532826]

 Algo happo Exp ippo_seed15_formal_v1 updates 450/3000 episodes, total num timesteps 451000/3000000, FPS 125.

Reward for thread 1: [-12.64, -16.82, -20.48] -16.65  Inventory: [8.0, 11.0, 14.0]  Order: [7.35, 7.2, 7.02] Demand: [7.52]
Reward for thread 2: [-39.14, -23.98, -22.58] -28.57  Inventory: [0.0, 0.0, 0.0]  Order: [12.48, 12.5, 12.64] Demand: [13.195]
Reward for thread 3: [-11.33, -17.52, -20.87] -16.57  Inventory: [8.0, 28.0, 22.0]  Order: [4.88, 4.78, 4.66] Demand: [5.075]
Reward for thread 4: [-32.79, -25.47, -23.35] -27.2  Inventory: [0.0, 0.0, 0.0]  Order: [11.7, 11.78, 11.82] Demand: [12.4]
Reward for thread 5: [-9.38, -13.7, -14.57] -12.55  Inventory: [11.0, 6.0, 12.0]  Order: [5.72, 5.6, 5.54] Demand: [5.86]

 Algo happo Exp ippo_seed15_formal_v1 updates 451/3000 episodes, total num timesteps 452000/3000000, FPS 125.

Reward for thread 1: [-9.21, -13.63, -16.84] -13.23  Inventory: [8.0, 21.0, 15.0]  Order: [3.04, 2.92, 2.75] Demand: [3.255]
Reward for thread 2: [-11.15, -15.83, -19.34] -15.44  Inventory: [4.0, 20.0, 35.0]  Order: [4.88, 4.77, 4.7] Demand: [5.04]
Reward for thread 3: [-10.84, -12.06, -14.18] -12.36  Inventory: [10.0, 8.0, 23.0]  Order: [5.61, 5.4, 5.26] Demand: [5.805]
Reward for thread 4: [-9.69, -13.71, -14.56] -12.65  Inventory: [0.0, 3.0, 0.0]  Order: [5.36, 5.28, 5.1] Demand: [5.46]
Reward for thread 5: [-14.47, -16.71, -19.75] -16.98  Inventory: [28.0, 16.0, 10.0]  Order: [4.62, 4.46, 4.27] Demand: [4.73]

 Algo happo Exp ippo_seed15_formal_v1 updates 452/3000 episodes, total num timesteps 453000/3000000, FPS 125.

Reward for thread 1: [-36.97, -25.3, -25.97] -29.41  Inventory: [0.0, 29.0, 55.0]  Order: [10.12, 10.02, 10.04] Demand: [10.335]
Reward for thread 2: [-54.01, -34.41, -31.28] -39.9  Inventory: [3.0, 3.0, 0.0]  Order: [12.12, 12.04, 11.79] Demand: [12.255]
Reward for thread 3: [-9.48, -12.72, -15.4] -12.53  Inventory: [0.0, 0.0, 20.0]  Order: [4.36, 4.22, 4.23] Demand: [4.435]
Reward for thread 4: [-42.22, -26.06, -23.71] -30.66  Inventory: [0.0, 0.0, 0.0]  Order: [15.48, 15.46, 15.56] Demand: [15.495]
Reward for thread 5: [-10.62, -14.88, -17.21] -14.24  Inventory: [0.0, 0.0, 0.0]  Order: [3.3, 3.18, 3.06] Demand: [3.42]

 Algo happo Exp ippo_seed15_formal_v1 updates 453/3000 episodes, total num timesteps 454000/3000000, FPS 125.

Reward for thread 1: [-10.16, -14.52, -15.63] -13.44  Inventory: [4.0, 12.0, 19.0]  Order: [5.23, 5.08, 4.94] Demand: [5.395]
Reward for thread 2: [-10.99, -14.88, -16.96] -14.28  Inventory: [11.0, 10.0, 22.0]  Order: [3.68, 3.48, 3.34] Demand: [3.87]
Reward for thread 3: [-10.84, -15.58, -18.46] -14.96  Inventory: [0.0, 19.0, 27.0]  Order: [6.03, 6.02, 6.0] Demand: [6.175]
Reward for thread 4: [-16.63, -20.01, -23.32] -19.99  Inventory: [0.0, 0.0, 15.0]  Order: [8.8, 8.81, 8.91] Demand: [8.87]
Reward for thread 5: [-15.05, -17.82, -20.51] -17.79  Inventory: [27.0, 41.0, 35.0]  Order: [2.38, 2.35, 2.28] Demand: [2.5]

 Algo happo Exp ippo_seed15_formal_v1 updates 454/3000 episodes, total num timesteps 455000/3000000, FPS 125.

Reward for thread 1: [-31.39, -19.54, -21.06] -24.0  Inventory: [18.0, 35.0, 35.0]  Order: [12.12, 12.06, 12.04] Demand: [12.265]
Reward for thread 2: [-17.94, -21.62, -22.08] -20.55  Inventory: [10.0, 0.0, 0.0]  Order: [7.11, 7.16, 7.09] Demand: [7.26]
Reward for thread 3: [-48.3, -22.4, -23.07] -31.26  Inventory: [1.0, 7.0, 33.0]  Order: [13.81, 13.67, 13.6] Demand: [13.88]
Reward for thread 4: [-24.18, -22.46, -25.25] -23.96  Inventory: [9.0, 0.0, 0.0]  Order: [7.56, 7.58, 7.58] Demand: [7.665]
Reward for thread 5: [-11.38, -13.73, -18.06] -14.39  Inventory: [9.0, 34.0, 23.0]  Order: [5.66, 5.59, 5.5] Demand: [5.79]

Eval average reward:  -27.586333333333332  Eval ordering fluctuation measurement (downstream to upstream):  [0.6719858879191798, 0.9267782538889306, 1.1436424785257384]

 Algo happo Exp ippo_seed15_formal_v1 updates 455/3000 episodes, total num timesteps 456000/3000000, FPS 125.

Reward for thread 1: [-25.64, -20.8, -20.39] -22.28  Inventory: [0.0, 0.0, 0.0]  Order: [13.22, 13.22, 13.31] Demand: [13.395]
Reward for thread 2: [-92.6, -67.32, -39.64] -66.52  Inventory: [14.0, 0.0, 21.0]  Order: [15.86, 15.56, 15.71] Demand: [15.41]
Reward for thread 3: [-33.95, -26.26, -25.01] -28.41  Inventory: [10.0, 19.0, 34.0]  Order: [8.81, 8.65, 8.58] Demand: [9.01]
Reward for thread 4: [-9.78, -14.79, -19.08] -14.55  Inventory: [0.0, 11.0, 12.0]  Order: [3.02, 2.88, 2.7] Demand: [3.24]
Reward for thread 5: [-9.68, -13.54, -16.22] -13.15  Inventory: [0.0, 2.0, 9.0]  Order: [4.54, 4.34, 4.16] Demand: [4.72]

 Algo happo Exp ippo_seed15_formal_v1 updates 456/3000 episodes, total num timesteps 457000/3000000, FPS 125.

Reward for thread 1: [-11.24, -15.33, -18.83] -15.13  Inventory: [7.0, 13.0, 5.0]  Order: [6.86, 6.78, 6.64] Demand: [6.985]
Reward for thread 2: [-22.55, -20.1, -22.31] -21.65  Inventory: [0.0, 0.0, 0.0]  Order: [10.8, 10.6, 10.58] Demand: [10.985]
Reward for thread 3: [-83.39, -38.08, -31.22] -50.9  Inventory: [0.0, 0.0, 0.0]  Order: [16.07, 15.95, 16.02] Demand: [17.105]
Reward for thread 4: [-10.75, -16.43, -18.07] -15.08  Inventory: [3.0, 38.0, 32.0]  Order: [4.16, 4.1, 4.01] Demand: [4.375]
Reward for thread 5: [-45.85, -37.06, -27.39] -36.77  Inventory: [0.0, 0.0, 15.0]  Order: [16.04, 15.88, 15.98] Demand: [15.89]

 Algo happo Exp ippo_seed15_formal_v1 updates 457/3000 episodes, total num timesteps 458000/3000000, FPS 125.

Reward for thread 1: [-23.55, -18.6, -19.5] -20.55  Inventory: [0.0, 0.0, 5.0]  Order: [10.49, 10.55, 10.66] Demand: [11.015]
Reward for thread 2: [-13.78, -18.49, -21.62] -17.96  Inventory: [0.0, 0.0, 0.0]  Order: [6.8, 6.8, 6.68] Demand: [6.82]
Reward for thread 3: [-16.62, -22.71, -23.52] -20.95  Inventory: [0.0, 0.0, 0.0]  Order: [7.2, 7.24, 7.2] Demand: [7.235]
Reward for thread 4: [-12.54, -16.66, -19.43] -16.21  Inventory: [0.0, 0.0, 0.0]  Order: [7.34, 7.28, 7.22] Demand: [7.41]
Reward for thread 5: [-15.97, -18.41, -21.36] -18.58  Inventory: [8.0, 36.0, 43.0]  Order: [9.99, 9.94, 9.92] Demand: [10.17]

 Algo happo Exp ippo_seed15_formal_v1 updates 458/3000 episodes, total num timesteps 459000/3000000, FPS 125.

Reward for thread 1: [-13.91, -16.91, -20.99] -17.27  Inventory: [5.0, 8.0, 0.0]  Order: [7.78, 7.83, 7.84] Demand: [7.785]
Reward for thread 2: [-10.94, -16.08, -19.9] -15.64  Inventory: [7.0, 17.0, 36.0]  Order: [3.95, 3.8, 3.73] Demand: [4.15]
Reward for thread 3: [-34.03, -25.53, -24.39] -27.98  Inventory: [2.0, 38.0, 28.0]  Order: [11.74, 11.68, 11.58] Demand: [11.92]
Reward for thread 4: [-45.84, -25.94, -28.13] -33.3  Inventory: [6.0, 25.0, 25.0]  Order: [9.02, 8.95, 8.83] Demand: [9.165]
Reward for thread 5: [-33.98, -22.63, -25.83] -27.48  Inventory: [0.0, 11.0, 0.0]  Order: [13.24, 13.47, 13.48] Demand: [13.435]

 Algo happo Exp ippo_seed15_formal_v1 updates 459/3000 episodes, total num timesteps 460000/3000000, FPS 125.

Reward for thread 1: [-10.41, -14.29, -19.17] -14.62  Inventory: [3.0, 12.0, 32.0]  Order: [3.33, 3.16, 3.06] Demand: [3.495]
Reward for thread 2: [-10.57, -16.12, -19.54] -15.41  Inventory: [8.0, 22.0, 19.0]  Order: [3.7, 3.56, 3.4] Demand: [3.9]
Reward for thread 3: [-31.59, -24.9, -26.26] -27.58  Inventory: [9.0, 12.0, 12.0]  Order: [10.69, 10.56, 10.48] Demand: [10.875]
Reward for thread 4: [-12.57, -16.55, -17.6] -15.57  Inventory: [0.0, 0.0, 27.0]  Order: [5.96, 5.84, 5.94] Demand: [5.98]
Reward for thread 5: [-9.48, -13.64, -15.33] -12.82  Inventory: [13.0, 34.0, 38.0]  Order: [4.18, 4.18, 4.14] Demand: [4.305]

Eval average reward:  -26.774833333333333  Eval ordering fluctuation measurement (downstream to upstream):  [0.6667826623079879, 0.9185055138442729, 1.1570875365261724]

 Algo happo Exp ippo_seed15_formal_v1 updates 460/3000 episodes, total num timesteps 461000/3000000, FPS 125.

Reward for thread 1: [-53.81, -28.61, -30.01] -37.48  Inventory: [0.0, 1.0, 0.0]  Order: [9.87, 9.94, 9.93] Demand: [11.29]
Reward for thread 2: [-12.11, -16.07, -19.23] -15.8  Inventory: [16.0, 31.0, 16.0]  Order: [3.83, 3.74, 3.59] Demand: [3.995]
Reward for thread 3: [-13.46, -15.98, -18.72] -16.05  Inventory: [33.0, 21.0, 10.0]  Order: [1.8, 1.7, 1.52] Demand: [1.88]
Reward for thread 4: [-109.72, -40.52, -40.25] -63.5  Inventory: [9.0, 21.0, 29.0]  Order: [14.72, 14.71, 14.7] Demand: [14.755]
Reward for thread 5: [-10.79, -14.38, -17.09] -14.09  Inventory: [8.0, 29.0, 46.0]  Order: [6.08, 5.98, 5.96] Demand: [6.255]

 Algo happo Exp ippo_seed15_formal_v1 updates 461/3000 episodes, total num timesteps 462000/3000000, FPS 125.

Reward for thread 1: [-12.93, -16.44, -19.4] -16.26  Inventory: [13.0, 23.0, 22.0]  Order: [2.53, 2.4, 2.26] Demand: [2.715]
Reward for thread 2: [-97.02, -39.13, -40.45] -58.87  Inventory: [0.0, 22.0, 31.0]  Order: [12.16, 12.08, 12.03] Demand: [12.3]
Reward for thread 3: [-10.06, -13.12, -17.06] -13.41  Inventory: [4.0, 15.0, 21.0]  Order: [4.83, 4.66, 4.52] Demand: [5.02]
Reward for thread 4: [-118.53, -43.58, -42.75] -68.29  Inventory: [10.0, 54.0, 92.0]  Order: [13.88, 13.9, 14.12] Demand: [13.975]
Reward for thread 5: [-38.25, -20.78, -21.97] -27.0  Inventory: [0.0, 11.0, 0.0]  Order: [15.36, 15.58, 15.66] Demand: [15.755]

 Algo happo Exp ippo_seed15_formal_v1 updates 462/3000 episodes, total num timesteps 463000/3000000, FPS 125.

Reward for thread 1: [-15.02, -17.61, -21.65] -18.09  Inventory: [7.0, 16.0, 27.0]  Order: [8.18, 8.04, 7.94] Demand: [8.365]
Reward for thread 2: [-47.67, -30.62, -29.37] -35.89  Inventory: [0.0, 0.0, 0.0]  Order: [12.74, 12.76, 12.69] Demand: [12.82]
Reward for thread 3: [-34.02, -23.41, -22.66] -26.7  Inventory: [11.0, 15.0, 31.0]  Order: [14.08, 14.04, 14.11] Demand: [14.16]
Reward for thread 4: [-12.14, -16.42, -17.78] -15.45  Inventory: [11.0, 26.0, 38.0]  Order: [3.22, 3.1, 3.04] Demand: [3.405]
Reward for thread 5: [-23.8, -19.12, -20.48] -21.13  Inventory: [0.0, 0.0, 0.0]  Order: [11.32, 11.18, 11.03] Demand: [11.31]

 Algo happo Exp ippo_seed15_formal_v1 updates 463/3000 episodes, total num timesteps 464000/3000000, FPS 125.

Reward for thread 1: [-32.16, -24.92, -25.89] -27.66  Inventory: [0.0, 13.0, 4.0]  Order: [9.84, 10.02, 10.14] Demand: [10.675]
Reward for thread 2: [-19.29, -22.8, -26.0] -22.7  Inventory: [1.0, 3.0, 22.0]  Order: [6.66, 6.53, 6.4] Demand: [6.79]
Reward for thread 3: [-53.25, -28.46, -27.44] -36.38  Inventory: [1.0, 14.0, 31.0]  Order: [12.34, 12.25, 12.16] Demand: [12.465]
Reward for thread 4: [-34.49, -17.66, -20.6] -24.25  Inventory: [1.0, 19.0, 48.0]  Order: [11.37, 11.28, 11.26] Demand: [11.49]
Reward for thread 5: [-28.63, -25.82, -24.64] -26.36  Inventory: [28.0, 53.0, 44.0]  Order: [12.58, 12.65, 12.74] Demand: [12.57]

 Algo happo Exp ippo_seed15_formal_v1 updates 464/3000 episodes, total num timesteps 465000/3000000, FPS 125.

Reward for thread 1: [-14.22, -16.97, -20.39] -17.19  Inventory: [8.0, 3.0, 10.0]  Order: [6.94, 6.74, 6.6] Demand: [7.115]
Reward for thread 2: [-11.49, -15.78, -20.13] -15.8  Inventory: [5.0, 18.0, 28.0]  Order: [5.34, 5.2, 5.09] Demand: [5.515]
Reward for thread 3: [-17.56, -20.24, -22.44] -20.08  Inventory: [11.0, 17.0, 21.0]  Order: [8.35, 8.26, 8.11] Demand: [8.485]
Reward for thread 4: [-63.48, -30.5, -32.76] -42.25  Inventory: [18.0, 29.0, 42.0]  Order: [13.7, 13.67, 13.63] Demand: [13.805]
Reward for thread 5: [-12.3, -15.03, -16.19] -14.51  Inventory: [12.0, 13.0, 20.0]  Order: [3.0, 2.81, 2.66] Demand: [3.18]

Eval average reward:  -29.46808333333333  Eval ordering fluctuation measurement (downstream to upstream):  [0.6876419371803497, 0.9536218851080618, 1.1602304403028356]

 Algo happo Exp ippo_seed15_formal_v1 updates 465/3000 episodes, total num timesteps 466000/3000000, FPS 125.

Reward for thread 1: [-13.97, -16.77, -19.39] -16.71  Inventory: [1.0, 6.0, 16.0]  Order: [5.12, 4.94, 4.78] Demand: [5.33]
Reward for thread 2: [-20.51, -24.52, -25.12] -23.38  Inventory: [0.0, 0.0, 0.0]  Order: [9.07, 9.01, 8.88] Demand: [9.095]
Reward for thread 3: [-20.5, -19.45, -19.58] -19.84  Inventory: [20.0, 25.0, 47.0]  Order: [9.07, 8.96, 8.94] Demand: [9.195]
Reward for thread 4: [-15.72, -18.19, -23.28] -19.06  Inventory: [11.0, 0.0, 0.0]  Order: [7.23, 7.28, 7.2] Demand: [7.325]
Reward for thread 5: [-19.97, -18.99, -20.37] -19.78  Inventory: [0.0, 0.0, 0.0]  Order: [9.98, 10.11, 10.1] Demand: [10.06]

 Algo happo Exp ippo_seed15_formal_v1 updates 466/3000 episodes, total num timesteps 467000/3000000, FPS 125.

Reward for thread 1: [-15.42, -19.26, -21.44] -18.71  Inventory: [6.0, 28.0, 36.0]  Order: [7.88, 7.78, 7.79] Demand: [8.]
Reward for thread 2: [-12.16, -15.54, -18.63] -15.44  Inventory: [3.0, 17.0, 9.0]  Order: [5.38, 5.22, 5.03] Demand: [5.59]
Reward for thread 3: [-20.63, -17.83, -20.02] -19.49  Inventory: [0.0, 6.0, 0.0]  Order: [6.47, 6.57, 6.54] Demand: [6.51]
Reward for thread 4: [-13.05, -15.65, -17.48] -15.39  Inventory: [5.0, 12.0, 22.0]  Order: [5.0, 4.82, 4.68] Demand: [5.23]
Reward for thread 5: [-9.47, -12.56, -15.22] -12.42  Inventory: [0.0, 7.0, 0.0]  Order: [6.78, 6.71, 6.62] Demand: [6.925]

 Algo happo Exp ippo_seed15_formal_v1 updates 467/3000 episodes, total num timesteps 468000/3000000, FPS 125.

Reward for thread 1: [-9.57, -14.01, -15.43] -13.0  Inventory: [1.0, 9.0, 13.0]  Order: [4.41, 4.3, 4.18] Demand: [4.59]
Reward for thread 2: [-44.79, -26.71, -25.96] -32.49  Inventory: [0.0, 0.0, 0.0]  Order: [12.6, 12.66, 12.68] Demand: [13.465]
Reward for thread 3: [-13.46, -19.28, -22.47] -18.4  Inventory: [1.0, 17.0, 22.0]  Order: [3.94, 3.77, 3.64] Demand: [4.175]
Reward for thread 4: [-30.96, -24.12, -23.36] -26.15  Inventory: [16.0, 37.0, 34.0]  Order: [9.56, 9.62, 9.62] Demand: [9.525]
Reward for thread 5: [-8.45, -13.29, -14.91] -12.22  Inventory: [2.0, 18.0, 31.0]  Order: [3.95, 3.79, 3.7] Demand: [4.17]

 Algo happo Exp ippo_seed15_formal_v1 updates 468/3000 episodes, total num timesteps 469000/3000000, FPS 125.

Reward for thread 1: [-13.07, -18.06, -20.18] -17.1  Inventory: [11.0, 31.0, 40.0]  Order: [6.1, 6.04, 5.99] Demand: [6.215]
Reward for thread 2: [-107.82, -41.09, -43.96] -64.29  Inventory: [0.0, 0.0, 0.0]  Order: [14.04, 14.18, 14.13] Demand: [15.085]
Reward for thread 3: [-25.84, -26.39, -29.87] -27.37  Inventory: [2.0, 0.0, 0.0]  Order: [9.04, 9.15, 9.1] Demand: [9.]
Reward for thread 4: [-22.53, -22.08, -24.98] -23.2  Inventory: [9.0, 15.0, 0.0]  Order: [8.52, 8.5, 8.35] Demand: [8.695]
Reward for thread 5: [-40.8, -24.17, -25.8] -30.26  Inventory: [0.0, 0.0, 0.0]  Order: [9.85, 9.9, 9.88] Demand: [10.94]

 Algo happo Exp ippo_seed15_formal_v1 updates 469/3000 episodes, total num timesteps 470000/3000000, FPS 126.

Reward for thread 1: [-12.03, -16.52, -19.51] -16.02  Inventory: [0.0, 1.0, 3.0]  Order: [6.34, 6.22, 5.99] Demand: [6.54]
Reward for thread 2: [-16.34, -19.75, -22.92] -19.67  Inventory: [7.0, 14.0, 11.0]  Order: [7.38, 7.26, 7.11] Demand: [7.59]
Reward for thread 3: [-32.33, -23.96, -22.86] -26.38  Inventory: [0.0, 0.0, 0.0]  Order: [12.66, 12.77, 12.86] Demand: [12.815]
Reward for thread 4: [-10.69, -16.48, -19.45] -15.54  Inventory: [2.0, 27.0, 36.0]  Order: [4.14, 4.04, 3.98] Demand: [4.305]
Reward for thread 5: [-17.12, -22.47, -26.37] -21.99  Inventory: [2.0, 8.0, 23.0]  Order: [4.38, 4.18, 4.04] Demand: [4.62]

Eval average reward:  -29.28475  Eval ordering fluctuation measurement (downstream to upstream):  [0.6791279050008784, 1.0104404524975517, 1.1950529487504495]

 Algo happo Exp ippo_seed15_formal_v1 updates 470/3000 episodes, total num timesteps 471000/3000000, FPS 125.

Reward for thread 1: [-30.47, -20.35, -23.07] -24.63  Inventory: [0.0, 0.0, 0.0]  Order: [12.82, 12.85, 12.74] Demand: [13.]
Reward for thread 2: [-21.92, -25.88, -29.18] -25.66  Inventory: [2.0, 12.0, 13.0]  Order: [5.24, 5.1, 4.92] Demand: [5.365]
Reward for thread 3: [-25.07, -23.22, -23.73] -24.01  Inventory: [2.0, 0.0, 0.0]  Order: [11.46, 11.46, 11.32] Demand: [11.535]
Reward for thread 4: [-14.46, -19.79, -21.91] -18.72  Inventory: [0.0, 4.0, 0.0]  Order: [7.16, 7.01, 6.82] Demand: [7.335]
Reward for thread 5: [-29.43, -18.82, -21.46] -23.24  Inventory: [0.0, 5.0, 10.0]  Order: [12.14, 12.21, 12.27] Demand: [12.675]

 Algo happo Exp ippo_seed15_formal_v1 updates 471/3000 episodes, total num timesteps 472000/3000000, FPS 125.

Reward for thread 1: [-32.92, -21.3, -23.05] -25.76  Inventory: [0.0, 0.0, 0.0]  Order: [12.44, 12.4, 12.23] Demand: [12.46]
Reward for thread 2: [-20.0, -27.07, -27.78] -24.95  Inventory: [7.0, 14.0, 24.0]  Order: [4.2, 4.02, 3.9] Demand: [4.4]
Reward for thread 3: [-15.99, -19.7, -21.34] -19.01  Inventory: [0.0, 0.0, 0.0]  Order: [8.12, 8.14, 7.93] Demand: [8.23]
Reward for thread 4: [-9.4, -14.73, -15.42] -13.18  Inventory: [6.0, 15.0, 28.0]  Order: [4.3, 4.14, 4.09] Demand: [4.49]
Reward for thread 5: [-58.29, -27.08, -26.88] -37.42  Inventory: [0.0, 0.0, 0.0]  Order: [14.74, 14.78, 14.82] Demand: [16.095]

 Algo happo Exp ippo_seed15_formal_v1 updates 472/3000 episodes, total num timesteps 473000/3000000, FPS 125.

Reward for thread 1: [-14.8, -21.08, -20.65] -18.84  Inventory: [0.0, 15.0, 1.0]  Order: [5.4, 5.24, 5.04] Demand: [5.605]
Reward for thread 2: [-25.68, -19.63, -20.12] -21.81  Inventory: [3.0, 38.0, 46.0]  Order: [12.99, 13.0, 13.12] Demand: [13.025]
Reward for thread 3: [-16.82, -18.42, -20.96] -18.73  Inventory: [5.0, 33.0, 25.0]  Order: [6.43, 6.36, 6.24] Demand: [6.65]
Reward for thread 4: [-21.12, -19.15, -20.68] -20.32  Inventory: [0.0, 0.0, 6.0]  Order: [10.16, 10.16, 10.16] Demand: [10.145]
Reward for thread 5: [-14.0, -16.15, -17.31] -15.82  Inventory: [0.0, 0.0, 0.0]  Order: [8.44, 8.56, 8.36] Demand: [8.565]

 Algo happo Exp ippo_seed15_formal_v1 updates 473/3000 episodes, total num timesteps 474000/3000000, FPS 125.

Reward for thread 1: [-108.98, -40.7, -45.77] -65.15  Inventory: [0.0, 14.0, 46.0]  Order: [12.92, 12.88, 12.86] Demand: [13.08]
Reward for thread 2: [-32.05, -23.69, -24.34] -26.69  Inventory: [0.0, 6.0, 0.0]  Order: [14.91, 15.1, 15.14] Demand: [15.37]
Reward for thread 3: [-93.15, -35.52, -39.28] -55.98  Inventory: [0.0, 0.0, 0.0]  Order: [14.76, 14.88, 14.83] Demand: [15.035]
Reward for thread 4: [-51.39, -25.42, -26.76] -34.52  Inventory: [0.0, 21.0, 0.0]  Order: [10.15, 10.28, 10.2] Demand: [11.44]
Reward for thread 5: [-20.41, -23.22, -22.59] -22.07  Inventory: [6.0, 15.0, 0.0]  Order: [8.94, 8.85, 8.71] Demand: [9.025]

 Algo happo Exp ippo_seed15_formal_v1 updates 474/3000 episodes, total num timesteps 475000/3000000, FPS 126.

Reward for thread 1: [-9.07, -14.78, -17.6] -13.82  Inventory: [14.0, 29.0, 29.0]  Order: [3.04, 2.94, 2.83] Demand: [3.215]
Reward for thread 2: [-22.23, -24.36, -27.08] -24.56  Inventory: [17.0, 56.0, 55.0]  Order: [8.54, 8.57, 8.62] Demand: [8.69]
Reward for thread 3: [-17.18, -19.06, -18.83] -18.36  Inventory: [0.0, 0.0, 0.0]  Order: [7.42, 7.42, 7.45] Demand: [7.435]
Reward for thread 4: [-22.05, -20.89, -22.24] -21.73  Inventory: [4.0, 18.0, 15.0]  Order: [9.56, 9.49, 9.42] Demand: [9.68]
Reward for thread 5: [-18.03, -19.12, -21.33] -19.49  Inventory: [0.0, 0.0, 0.0]  Order: [7.4, 7.5, 7.42] Demand: [7.4]

Eval average reward:  -34.47191666666667  Eval ordering fluctuation measurement (downstream to upstream):  [0.6338136826621161, 0.972638041151573, 1.2095690507175667]

 Algo happo Exp ippo_seed15_formal_v1 updates 475/3000 episodes, total num timesteps 476000/3000000, FPS 125.

Reward for thread 1: [-49.59, -26.35, -28.79] -34.91  Inventory: [0.0, 0.0, 0.0]  Order: [11.24, 11.34, 11.36] Demand: [12.735]
Reward for thread 2: [-54.48, -24.55, -26.71] -35.25  Inventory: [0.0, 0.0, 0.0]  Order: [13.48, 13.6, 13.59] Demand: [14.725]
Reward for thread 3: [-45.01, -22.92, -24.44] -30.79  Inventory: [0.0, 0.0, 0.0]  Order: [14.26, 14.32, 14.34] Demand: [15.245]
Reward for thread 4: [-12.69, -14.04, -15.79] -14.17  Inventory: [0.0, 8.0, 2.0]  Order: [8.88, 8.81, 8.6] Demand: [9.055]
Reward for thread 5: [-9.0, -12.2, -15.65] -12.28  Inventory: [13.0, 18.0, 8.0]  Order: [2.34, 2.18, 1.99] Demand: [2.525]

 Algo happo Exp ippo_seed15_formal_v1 updates 476/3000 episodes, total num timesteps 477000/3000000, FPS 125.

Reward for thread 1: [-13.11, -15.95, -20.08] -16.38  Inventory: [0.0, 0.0, 0.0]  Order: [8.28, 8.38, 8.38] Demand: [8.305]
Reward for thread 2: [-17.8, -22.34, -24.01] -21.38  Inventory: [11.0, 53.0, 61.0]  Order: [8.35, 8.37, 8.44] Demand: [8.46]
Reward for thread 3: [-10.23, -15.96, -18.16] -14.78  Inventory: [5.0, 7.0, 17.0]  Order: [3.21, 3.02, 2.86] Demand: [3.42]
Reward for thread 4: [-23.82, -17.3, -19.14] -20.09  Inventory: [0.0, 0.0, 10.0]  Order: [9.41, 9.44, 9.5] Demand: [9.95]
Reward for thread 5: [-25.4, -17.11, -19.65] -20.72  Inventory: [0.0, 0.0, 6.0]  Order: [12.3, 12.33, 12.36] Demand: [12.4]

 Algo happo Exp ippo_seed15_formal_v1 updates 477/3000 episodes, total num timesteps 478000/3000000, FPS 125.

Reward for thread 1: [-19.96, -21.07, -23.73] -21.59  Inventory: [0.0, 11.0, 27.0]  Order: [9.81, 9.74, 9.7] Demand: [9.94]
Reward for thread 2: [-14.14, -16.28, -18.62] -16.35  Inventory: [6.0, 9.0, 8.0]  Order: [2.79, 2.58, 2.38] Demand: [2.99]
Reward for thread 3: [-12.57, -15.05, -17.11] -14.91  Inventory: [0.0, 5.0, 0.0]  Order: [6.66, 6.56, 6.4] Demand: [6.84]
Reward for thread 4: [-9.59, -12.68, -17.72] -13.33  Inventory: [2.0, 4.0, 13.0]  Order: [4.12, 3.98, 3.9] Demand: [4.26]
Reward for thread 5: [-15.37, -29.35, -30.9] -25.21  Inventory: [0.0, 22.0, 0.0]  Order: [1.74, 1.73, 1.5] Demand: [1.935]

 Algo happo Exp ippo_seed15_formal_v1 updates 478/3000 episodes, total num timesteps 479000/3000000, FPS 126.

Reward for thread 1: [-8.61, -12.94, -16.46] -12.67  Inventory: [3.0, 17.0, 51.0]  Order: [2.22, 2.06, 2.08] Demand: [2.42]
Reward for thread 2: [-138.89, -48.8, -51.03] -79.57  Inventory: [0.0, 35.0, 19.0]  Order: [14.23, 14.36, 14.48] Demand: [15.955]
Reward for thread 3: [-17.92, -20.84, -22.76] -20.51  Inventory: [15.0, 33.0, 36.0]  Order: [7.44, 7.38, 7.32] Demand: [7.61]
Reward for thread 4: [-11.59, -16.29, -20.08] -15.99  Inventory: [7.0, 38.0, 58.0]  Order: [3.76, 3.7, 3.74] Demand: [3.96]
Reward for thread 5: [-21.73, -20.62, -23.17] -21.84  Inventory: [0.0, 0.0, 0.0]  Order: [10.02, 10.1, 10.16] Demand: [10.525]

 Algo happo Exp ippo_seed15_formal_v1 updates 479/3000 episodes, total num timesteps 480000/3000000, FPS 126.

Reward for thread 1: [-14.93, -15.66, -18.12] -16.24  Inventory: [0.0, 21.0, 16.0]  Order: [5.62, 5.7, 5.72] Demand: [5.695]
Reward for thread 2: [-20.05, -21.36, -22.52] -21.31  Inventory: [9.0, 7.0, 21.0]  Order: [10.35, 10.22, 10.26] Demand: [10.46]
Reward for thread 3: [-15.9, -14.76, -19.93] -16.86  Inventory: [7.0, 14.0, 13.0]  Order: [6.64, 6.46, 6.29] Demand: [6.85]
Reward for thread 4: [-17.15, -19.6, -20.39] -19.05  Inventory: [17.0, 18.0, 5.0]  Order: [4.12, 4.01, 3.8] Demand: [4.28]
Reward for thread 5: [-37.71, -25.61, -26.72] -30.01  Inventory: [9.0, 3.0, 25.0]  Order: [12.12, 11.94, 11.86] Demand: [12.17]

Eval average reward:  -72.24608333333335  Eval ordering fluctuation measurement (downstream to upstream):  [0.6906889742423781, 0.8984237029806742, 1.2562002524842109]

 Algo happo Exp ippo_seed15_formal_v1 updates 480/3000 episodes, total num timesteps 481000/3000000, FPS 125.

Reward for thread 1: [-157.1, -198.48, -79.2] -144.93  Inventory: [0.0, 0.0, 20.0]  Order: [15.54, 12.64, 12.66] Demand: [14.915]
Reward for thread 2: [-11.13, -14.17, -18.02] -14.44  Inventory: [4.0, 2.0, 15.0]  Order: [5.18, 5.0, 4.84] Demand: [5.37]
Reward for thread 3: [-21.67, -21.45, -22.94] -22.02  Inventory: [0.0, 11.0, 39.0]  Order: [8.65, 8.46, 8.4] Demand: [8.87]
Reward for thread 4: [-10.21, -15.57, -19.26] -15.01  Inventory: [6.0, 14.0, 17.0]  Order: [3.32, 3.14, 2.98] Demand: [3.515]
Reward for thread 5: [-16.21, -19.82, -27.06] -21.03  Inventory: [6.0, 11.0, 52.0]  Order: [6.04, 5.85, 5.86] Demand: [6.235]

 Algo happo Exp ippo_seed15_formal_v1 updates 481/3000 episodes, total num timesteps 482000/3000000, FPS 125.

Reward for thread 1: [-162.53, -242.8, -88.94] -164.76  Inventory: [0.0, 0.0, 1.0]  Order: [14.88, 10.91, 10.95] Demand: [11.88]
Reward for thread 2: [-119.17, -146.06, -62.62] -109.28  Inventory: [0.0, 0.0, 3.0]  Order: [14.09, 11.02, 11.03] Demand: [12.44]
Reward for thread 3: [-179.01, -202.56, -85.13] -155.57  Inventory: [0.0, 0.0, 0.0]  Order: [14.8, 11.28, 11.22] Demand: [14.205]
Reward for thread 4: [-312.18, -328.06, -135.02] -258.42  Inventory: [0.0, 0.0, 26.0]  Order: [15.04, 10.42, 10.46] Demand: [12.935]
Reward for thread 5: [-15.95, -19.19, -21.69] -18.94  Inventory: [0.0, 6.0, 1.0]  Order: [7.76, 7.68, 7.54] Demand: [7.895]

 Algo happo Exp ippo_seed15_formal_v1 updates 482/3000 episodes, total num timesteps 483000/3000000, FPS 126.

Reward for thread 1: [-41.34, -20.56, -23.57] -28.49  Inventory: [0.0, 0.0, 0.0]  Order: [11.52, 11.63, 11.67] Demand: [12.065]
Reward for thread 2: [-16.96, -18.44, -21.76] -19.05  Inventory: [3.0, 12.0, 7.0]  Order: [5.64, 5.5, 5.38] Demand: [5.825]
Reward for thread 3: [-33.7, -23.35, -21.05] -26.03  Inventory: [0.0, 0.0, 2.0]  Order: [11.36, 11.45, 11.56] Demand: [11.67]
Reward for thread 4: [-13.12, -16.22, -18.57] -15.97  Inventory: [14.0, 35.0, 29.0]  Order: [6.82, 6.75, 6.64] Demand: [6.925]
Reward for thread 5: [-16.23, -19.8, -21.1] -19.04  Inventory: [0.0, 4.0, 41.0]  Order: [8.68, 8.5, 8.48] Demand: [8.81]

 Algo happo Exp ippo_seed15_formal_v1 updates 483/3000 episodes, total num timesteps 484000/3000000, FPS 126.

Reward for thread 1: [-29.67, -31.7, -26.68] -29.35  Inventory: [0.0, 0.0, 0.0]  Order: [9.92, 9.4, 9.48] Demand: [9.83]
Reward for thread 2: [-11.83, -15.21, -18.35] -15.13  Inventory: [3.0, 0.0, 0.0]  Order: [5.2, 5.2, 5.0] Demand: [5.355]
Reward for thread 3: [-9.74, -13.17, -19.2] -14.04  Inventory: [10.0, 25.0, 19.0]  Order: [3.32, 3.22, 3.14] Demand: [3.48]
Reward for thread 4: [-21.88, -23.44, -24.68] -23.33  Inventory: [12.0, 43.0, 58.0]  Order: [8.98, 8.96, 9.01] Demand: [9.015]
Reward for thread 5: [-15.15, -17.39, -20.25] -17.6  Inventory: [0.0, 20.0, 25.0]  Order: [6.46, 6.44, 6.42] Demand: [6.595]

 Algo happo Exp ippo_seed15_formal_v1 updates 484/3000 episodes, total num timesteps 485000/3000000, FPS 126.

Reward for thread 1: [-41.97, -81.83, -32.92] -52.24  Inventory: [65.0, 0.0, 0.0]  Order: [12.7, 12.35, 12.25] Demand: [12.06]
Reward for thread 2: [-76.0, -30.91, -31.4] -46.1  Inventory: [0.0, 27.0, 17.0]  Order: [12.74, 12.86, 12.86] Demand: [13.835]
Reward for thread 3: [-254.76, -176.24, -94.57] -175.19  Inventory: [0.0, 0.0, 18.0]  Order: [14.06, 11.62, 11.67] Demand: [15.19]
Reward for thread 4: [-13.96, -18.1, -19.8] -17.29  Inventory: [0.0, 11.0, 58.0]  Order: [5.66, 5.54, 5.6] Demand: [5.72]
Reward for thread 5: [-13.4, -17.49, -19.2] -16.7  Inventory: [1.0, 12.0, 12.0]  Order: [5.94, 5.81, 5.65] Demand: [6.105]

Eval average reward:  -37.28458333333333  Eval ordering fluctuation measurement (downstream to upstream):  [0.7319365956774322, 0.94624385391967, 1.1749168025966967]

 Algo happo Exp ippo_seed15_formal_v1 updates 485/3000 episodes, total num timesteps 486000/3000000, FPS 125.

Reward for thread 1: [-34.18, -32.11, -27.74] -31.34  Inventory: [0.0, 0.0, 21.0]  Order: [9.17, 8.77, 8.76] Demand: [9.875]
Reward for thread 2: [-14.16, -16.65, -17.5] -16.1  Inventory: [0.0, 0.0, 0.0]  Order: [6.82, 6.69, 6.66] Demand: [6.85]
Reward for thread 3: [-102.56, -34.71, -37.21] -58.16  Inventory: [0.0, 0.0, 0.0]  Order: [15.93, 16.19, 16.18] Demand: [16.47]
Reward for thread 4: [-133.75, -149.84, -66.13] -116.57  Inventory: [0.0, 0.0, 37.0]  Order: [13.12, 10.55, 10.64] Demand: [13.25]
Reward for thread 5: [-147.08, -46.02, -47.55] -80.22  Inventory: [0.0, 0.0, 0.0]  Order: [14.73, 14.78, 14.72] Demand: [14.775]

 Algo happo Exp ippo_seed15_formal_v1 updates 486/3000 episodes, total num timesteps 487000/3000000, FPS 125.

Reward for thread 1: [-11.04, -14.82, -17.56] -14.47  Inventory: [0.0, 15.0, 0.0]  Order: [5.72, 5.64, 5.36] Demand: [5.885]
Reward for thread 2: [-237.8, -168.97, -93.24] -166.67  Inventory: [0.0, 0.0, 45.0]  Order: [13.64, 10.58, 10.56] Demand: [15.545]
Reward for thread 3: [-14.35, -16.75, -21.01] -17.37  Inventory: [1.0, 16.0, 13.0]  Order: [6.5, 6.38, 6.23] Demand: [6.67]
Reward for thread 4: [-15.57, -18.57, -18.43] -17.52  Inventory: [0.0, 0.0, 0.0]  Order: [8.32, 8.2, 8.18] Demand: [8.315]
Reward for thread 5: [-65.13, -56.32, -38.73] -53.39  Inventory: [0.0, 0.0, 0.0]  Order: [8.22, 7.03, 7.02] Demand: [9.035]

 Algo happo Exp ippo_seed15_formal_v1 updates 487/3000 episodes, total num timesteps 488000/3000000, FPS 126.

Reward for thread 1: [-25.22, -27.04, -27.2] -26.49  Inventory: [10.0, 25.0, 39.0]  Order: [5.78, 5.66, 5.6] Demand: [5.97]
Reward for thread 2: [-16.02, -18.1, -15.62] -16.58  Inventory: [35.0, 26.0, 6.0]  Order: [2.5, 2.38, 2.17] Demand: [2.58]
Reward for thread 3: [-14.3, -18.23, -18.2] -16.91  Inventory: [0.0, 0.0, 0.0]  Order: [5.27, 5.11, 5.08] Demand: [5.305]
Reward for thread 4: [-16.54, -19.96, -21.78] -19.43  Inventory: [4.0, 6.0, 9.0]  Order: [5.76, 5.76, 5.6] Demand: [5.895]
Reward for thread 5: [-15.38, -17.6, -19.83] -17.6  Inventory: [1.0, 6.0, 22.0]  Order: [6.9, 6.69, 6.58] Demand: [6.975]

 Algo happo Exp ippo_seed15_formal_v1 updates 488/3000 episodes, total num timesteps 489000/3000000, FPS 126.

Reward for thread 1: [-115.39, -85.62, -54.49] -85.17  Inventory: [0.0, 0.0, 0.0]  Order: [14.3, 13.12, 13.13] Demand: [15.25]
Reward for thread 2: [-12.98, -19.89, -18.94] -17.27  Inventory: [0.0, 3.0, 0.0]  Order: [5.45, 5.35, 5.25] Demand: [5.67]
Reward for thread 3: [-142.8, -111.9, -61.0] -105.23  Inventory: [0.0, 0.0, 19.0]  Order: [13.63, 11.34, 11.37] Demand: [14.975]
Reward for thread 4: [-15.65, -19.04, -21.92] -18.87  Inventory: [1.0, 9.0, 0.0]  Order: [7.54, 7.45, 7.3] Demand: [7.67]
Reward for thread 5: [-9.79, -13.77, -15.85] -13.14  Inventory: [9.0, 24.0, 7.0]  Order: [5.68, 5.56, 5.35] Demand: [5.875]

 Algo happo Exp ippo_seed15_formal_v1 updates 489/3000 episodes, total num timesteps 490000/3000000, FPS 126.

Reward for thread 1: [-19.1, -20.0, -23.09] -20.73  Inventory: [0.0, 7.0, 43.0]  Order: [8.93, 8.82, 8.82] Demand: [9.035]
Reward for thread 2: [-12.23, -18.13, -18.99] -16.45  Inventory: [0.0, 0.0, 16.0]  Order: [5.34, 5.13, 5.07] Demand: [5.31]
Reward for thread 3: [-10.32, -13.41, -18.0] -13.91  Inventory: [3.0, 3.0, 1.0]  Order: [2.45, 2.35, 2.19] Demand: [2.645]
Reward for thread 4: [-60.01, -52.42, -30.74] -47.72  Inventory: [0.0, 0.0, 25.0]  Order: [10.01, 8.72, 8.74] Demand: [10.83]
Reward for thread 5: [-13.86, -16.0, -15.86] -15.24  Inventory: [4.0, 19.0, 10.0]  Order: [6.25, 6.1, 5.9] Demand: [6.46]

Eval average reward:  -34.7245  Eval ordering fluctuation measurement (downstream to upstream):  [0.7381131211456939, 0.9672496684820091, 1.1744471928413462]

 Algo happo Exp ippo_seed15_formal_v1 updates 490/3000 episodes, total num timesteps 491000/3000000, FPS 125.

Reward for thread 1: [-32.15, -31.86, -26.54] -30.18  Inventory: [0.0, 0.0, 0.0]  Order: [13.43, 13.42, 13.54] Demand: [13.39]
Reward for thread 2: [-16.3, -18.4, -20.9] -18.53  Inventory: [13.0, 16.0, 6.0]  Order: [9.52, 9.52, 9.44] Demand: [9.57]
Reward for thread 3: [-15.44, -20.02, -20.2] -18.55  Inventory: [2.0, 0.0, 0.0]  Order: [7.0, 6.85, 6.66] Demand: [7.125]
Reward for thread 4: [-25.4, -29.15, -23.01] -25.85  Inventory: [0.0, 0.0, 0.0]  Order: [9.29, 9.32, 9.06] Demand: [9.39]
Reward for thread 5: [-30.11, -35.3, -27.07] -30.83  Inventory: [1.0, 0.0, 43.0]  Order: [8.77, 8.69, 8.73] Demand: [8.825]

 Algo happo Exp ippo_seed15_formal_v1 updates 491/3000 episodes, total num timesteps 492000/3000000, FPS 126.

Reward for thread 1: [-63.55, -50.78, -34.99] -49.77  Inventory: [0.0, 0.0, 0.0]  Order: [12.31, 11.89, 11.9] Demand: [13.115]
Reward for thread 2: [-142.7, -131.05, -63.7] -112.48  Inventory: [0.0, 0.0, 23.0]  Order: [13.74, 11.47, 11.61] Demand: [14.2]
Reward for thread 3: [-16.24, -22.63, -20.91] -19.93  Inventory: [7.0, 21.0, 26.0]  Order: [4.36, 4.22, 4.11] Demand: [4.545]
Reward for thread 4: [-74.7, -57.52, -43.06] -58.43  Inventory: [7.0, 25.0, 18.0]  Order: [9.8, 9.68, 9.56] Demand: [9.945]
Reward for thread 5: [-9.54, -12.29, -12.13] -11.32  Inventory: [1.0, 6.0, 47.0]  Order: [4.91, 4.7, 4.69] Demand: [5.07]

 Algo happo Exp ippo_seed15_formal_v1 updates 492/3000 episodes, total num timesteps 493000/3000000, FPS 126.

Reward for thread 1: [-247.0, -131.73, -85.74] -154.82  Inventory: [0.0, 0.0, 0.0]  Order: [15.34, 14.08, 14.02] Demand: [16.245]
Reward for thread 2: [-81.11, -43.65, -40.28] -55.01  Inventory: [0.0, 14.0, 3.0]  Order: [12.22, 12.38, 12.39] Demand: [13.775]
Reward for thread 3: [-31.37, -32.7, -26.01] -30.03  Inventory: [0.0, 0.0, 0.0]  Order: [9.68, 9.69, 9.64] Demand: [9.87]
Reward for thread 4: [-45.42, -45.86, -38.2] -43.16  Inventory: [0.0, 0.0, 0.0]  Order: [10.85, 10.58, 10.58] Demand: [10.725]
Reward for thread 5: [-32.89, -24.31, -22.7] -26.63  Inventory: [0.0, 7.0, 9.0]  Order: [7.63, 7.42, 7.24] Demand: [7.825]

 Algo happo Exp ippo_seed15_formal_v1 updates 493/3000 episodes, total num timesteps 494000/3000000, FPS 126.

Reward for thread 1: [-13.06, -15.94, -19.75] -16.25  Inventory: [5.0, 16.0, 18.0]  Order: [6.78, 6.68, 6.54] Demand: [6.935]
Reward for thread 2: [-14.34, -20.11, -21.83] -18.76  Inventory: [0.0, 14.0, 10.0]  Order: [5.37, 5.27, 5.08] Demand: [5.51]
Reward for thread 3: [-19.01, -24.83, -24.49] -22.78  Inventory: [0.0, 0.0, 25.0]  Order: [9.35, 9.16, 9.13] Demand: [9.36]
Reward for thread 4: [-10.56, -12.42, -15.62] -12.87  Inventory: [0.0, 0.0, 0.0]  Order: [7.84, 7.76, 7.56] Demand: [7.92]
Reward for thread 5: [-27.69, -25.75, -24.21] -25.88  Inventory: [0.0, 0.0, 0.0]  Order: [10.77, 10.9, 10.95] Demand: [10.77]

 Algo happo Exp ippo_seed15_formal_v1 updates 494/3000 episodes, total num timesteps 495000/3000000, FPS 126.

Reward for thread 1: [-9.45, -12.96, -13.7] -12.04  Inventory: [9.0, 5.0, 11.0]  Order: [3.76, 3.54, 3.34] Demand: [3.96]
Reward for thread 2: [-173.95, -186.88, -82.24] -147.69  Inventory: [0.0, 0.0, 16.0]  Order: [15.69, 12.58, 12.62] Demand: [13.565]
Reward for thread 3: [-17.26, -18.63, -21.03] -18.97  Inventory: [0.0, 8.0, 23.0]  Order: [8.75, 8.68, 8.67] Demand: [8.845]
Reward for thread 4: [-13.56, -15.03, -18.05] -15.55  Inventory: [1.0, 0.0, 18.0]  Order: [7.48, 7.39, 7.24] Demand: [7.58]
Reward for thread 5: [-9.93, -14.08, -15.46] -13.16  Inventory: [5.0, 41.0, 6.0]  Order: [3.72, 3.68, 3.55] Demand: [3.895]

Eval average reward:  -33.37233333333334  Eval ordering fluctuation measurement (downstream to upstream):  [0.6790903647973229, 0.9672208288508213, 1.1788533764432807]

 Algo happo Exp ippo_seed15_formal_v1 updates 495/3000 episodes, total num timesteps 496000/3000000, FPS 126.

Reward for thread 1: [-55.0, -38.35, -34.5] -42.62  Inventory: [3.0, 14.0, 8.0]  Order: [9.35, 9.25, 9.11] Demand: [9.52]
Reward for thread 2: [-145.15, -48.5, -50.09] -81.25  Inventory: [0.0, 13.0, 0.0]  Order: [13.12, 13.26, 13.31] Demand: [15.57]
Reward for thread 3: [-8.98, -11.92, -15.19] -12.03  Inventory: [6.0, 35.0, 15.0]  Order: [4.99, 4.96, 4.78] Demand: [5.17]
Reward for thread 4: [-23.04, -25.02, -25.92] -24.66  Inventory: [8.0, 18.0, 31.0]  Order: [7.68, 7.52, 7.44] Demand: [7.87]
Reward for thread 5: [-47.25, -27.32, -26.24] -33.6  Inventory: [0.0, 0.0, 0.0]  Order: [12.77, 12.7, 12.68] Demand: [13.48]

 Algo happo Exp ippo_seed15_formal_v1 updates 496/3000 episodes, total num timesteps 497000/3000000, FPS 126.

Reward for thread 1: [-10.32, -14.29, -14.23] -12.95  Inventory: [14.0, 16.0, 19.0]  Order: [3.95, 3.79, 3.64] Demand: [4.115]
Reward for thread 2: [-46.95, -43.54, -32.21] -40.9  Inventory: [0.0, 0.0, 8.0]  Order: [11.01, 10.42, 10.38] Demand: [11.655]
Reward for thread 3: [-42.84, -56.73, -30.13] -43.23  Inventory: [0.0, 0.0, 5.0]  Order: [11.2, 9.88, 9.86] Demand: [10.74]
Reward for thread 4: [-20.68, -29.93, -20.28] -23.63  Inventory: [0.0, 0.0, 0.0]  Order: [9.1, 8.72, 8.61] Demand: [8.7]
Reward for thread 5: [-14.51, -21.86, -19.36] -18.58  Inventory: [0.0, 0.0, 5.0]  Order: [3.86, 3.66, 3.48] Demand: [4.03]

 Algo happo Exp ippo_seed15_formal_v1 updates 497/3000 episodes, total num timesteps 498000/3000000, FPS 126.

Reward for thread 1: [-93.39, -66.94, -41.02] -67.12  Inventory: [0.0, 0.0, 1.0]  Order: [13.72, 12.33, 12.31] Demand: [14.26]
Reward for thread 2: [-18.35, -21.04, -24.94] -21.44  Inventory: [15.0, 8.0, 21.0]  Order: [6.21, 6.04, 5.9] Demand: [6.35]
Reward for thread 3: [-9.2, -12.09, -14.39] -11.89  Inventory: [5.0, 10.0, 11.0]  Order: [2.36, 2.16, 1.98] Demand: [2.575]
Reward for thread 4: [-10.87, -12.15, -14.46] -12.49  Inventory: [35.0, 0.0, 9.0]  Order: [2.81, 2.62, 2.42] Demand: [2.845]
Reward for thread 5: [-17.35, -19.46, -18.56] -18.46  Inventory: [4.0, 21.0, 9.0]  Order: [6.2, 6.05, 5.85] Demand: [6.42]

 Algo happo Exp ippo_seed15_formal_v1 updates 498/3000 episodes, total num timesteps 499000/3000000, FPS 126.

Reward for thread 1: [-147.05, -140.13, -66.81] -118.0  Inventory: [0.0, 0.0, 0.0]  Order: [15.64, 11.96, 11.9] Demand: [15.82]
Reward for thread 2: [-46.02, -54.98, -33.38] -44.79  Inventory: [0.0, 0.0, 7.0]  Order: [11.44, 9.79, 9.82] Demand: [11.27]
Reward for thread 3: [-13.56, -17.62, -19.74] -16.97  Inventory: [24.0, 31.0, 31.0]  Order: [5.28, 5.2, 5.1] Demand: [5.405]
Reward for thread 4: [-498.99, -515.37, -213.44] -409.27  Inventory: [0.0, 0.0, 22.0]  Order: [16.26, 7.7, 7.76] Demand: [16.905]
Reward for thread 5: [-28.16, -25.7, -25.59] -26.48  Inventory: [8.0, 7.0, 4.0]  Order: [6.8, 6.62, 6.48] Demand: [6.995]

 Algo happo Exp ippo_seed15_formal_v1 updates 499/3000 episodes, total num timesteps 500000/3000000, FPS 126.

Reward for thread 1: [-17.79, -23.93, -22.86] -21.53  Inventory: [0.0, 0.0, 0.0]  Order: [8.14, 8.14, 7.95] Demand: [8.16]
Reward for thread 2: [-10.36, -16.46, -16.52] -14.45  Inventory: [5.0, 8.0, 0.0]  Order: [4.12, 4.11, 3.89] Demand: [4.245]
Reward for thread 3: [-84.83, -41.48, -36.33] -54.21  Inventory: [0.0, 0.0, 0.0]  Order: [16.11, 15.82, 15.89] Demand: [16.325]
Reward for thread 4: [-32.78, -29.72, -25.74] -29.41  Inventory: [0.0, 0.0, 0.0]  Order: [12.11, 12.12, 12.0] Demand: [12.2]
Reward for thread 5: [-15.65, -20.02, -21.79] -19.15  Inventory: [0.0, 24.0, 0.0]  Order: [7.0, 7.04, 6.84] Demand: [7.06]

Eval average reward:  -36.19233333333333  Eval ordering fluctuation measurement (downstream to upstream):  [0.6841637859466796, 0.9746120628425263, 1.2156753236876567]

 Algo happo Exp ippo_seed15_formal_v1 updates 500/3000 episodes, total num timesteps 501000/3000000, FPS 126.

Reward for thread 1: [-95.37, -49.32, -39.83] -61.51  Inventory: [0.0, 0.0, 0.0]  Order: [13.12, 13.08, 13.18] Demand: [13.985]
Reward for thread 2: [-20.73, -21.59, -22.8] -21.71  Inventory: [0.0, 0.0, 0.0]  Order: [8.8, 8.9, 8.81] Demand: [9.205]
Reward for thread 3: [-26.93, -37.38, -27.67] -30.66  Inventory: [0.0, 0.0, 14.0]  Order: [9.44, 9.16, 9.32] Demand: [9.125]
Reward for thread 4: [-10.89, -17.56, -19.25] -15.9  Inventory: [0.0, 21.0, 11.0]  Order: [4.2, 4.08, 3.92] Demand: [4.38]
Reward for thread 5: [-9.48, -16.45, -13.99] -13.31  Inventory: [7.0, 33.0, 16.0]  Order: [1.98, 1.9, 1.72] Demand: [2.18]

 Algo happo Exp ippo_seed15_formal_v1 updates 501/3000 episodes, total num timesteps 502000/3000000, FPS 126.

Reward for thread 1: [-8.86, -13.22, -13.07] -11.72  Inventory: [4.0, 23.0, 14.0]  Order: [5.94, 5.82, 5.65] Demand: [6.14]
Reward for thread 2: [-57.2, -27.91, -29.05] -38.05  Inventory: [6.0, 6.0, 30.0]  Order: [12.68, 12.66, 12.65] Demand: [12.705]
Reward for thread 3: [-17.63, -17.85, -16.79] -17.42  Inventory: [0.0, 13.0, 0.0]  Order: [11.1, 11.18, 11.18] Demand: [11.155]
Reward for thread 4: [-36.27, -29.32, -24.99] -30.19  Inventory: [0.0, 5.0, 0.0]  Order: [12.17, 12.2, 12.08] Demand: [12.32]
Reward for thread 5: [-49.79, -28.54, -28.89] -35.74  Inventory: [0.0, 17.0, 1.0]  Order: [12.37, 12.47, 12.52] Demand: [13.1]

 Algo happo Exp ippo_seed15_formal_v1 updates 502/3000 episodes, total num timesteps 503000/3000000, FPS 126.

Reward for thread 1: [-98.76, -37.19, -41.17] -59.04  Inventory: [5.0, 12.0, 30.0]  Order: [13.15, 13.03, 12.97] Demand: [13.27]
Reward for thread 2: [-10.05, -15.34, -17.18] -14.19  Inventory: [9.0, 20.0, 11.0]  Order: [1.78, 1.64, 1.46] Demand: [1.985]
Reward for thread 3: [-9.73, -15.6, -15.19] -13.51  Inventory: [0.0, 11.0, 26.0]  Order: [5.18, 5.01, 4.89] Demand: [5.385]
Reward for thread 4: [-14.05, -27.19, -19.14] -20.13  Inventory: [7.0, 33.0, 20.0]  Order: [2.37, 2.29, 2.14] Demand: [2.565]
Reward for thread 5: [-8.77, -13.14, -15.93] -12.61  Inventory: [0.0, 0.0, 0.0]  Order: [5.74, 5.68, 5.44] Demand: [5.755]

 Algo happo Exp ippo_seed15_formal_v1 updates 503/3000 episodes, total num timesteps 504000/3000000, FPS 126.

Reward for thread 1: [-17.3, -20.82, -20.73] -19.62  Inventory: [1.0, 0.0, 24.0]  Order: [8.88, 8.82, 8.86] Demand: [8.95]
Reward for thread 2: [-263.03, -360.16, -136.08] -253.09  Inventory: [0.0, 0.0, 0.0]  Order: [15.35, 7.39, 7.3] Demand: [12.775]
Reward for thread 3: [-10.02, -13.92, -14.71] -12.88  Inventory: [3.0, 21.0, 25.0]  Order: [5.16, 5.04, 4.91] Demand: [5.37]
Reward for thread 4: [-73.94, -141.52, -59.52] -91.66  Inventory: [0.0, 0.0, 52.0]  Order: [13.7, 8.96, 8.98] Demand: [10.27]
Reward for thread 5: [-10.59, -17.89, -17.15] -15.21  Inventory: [5.0, 35.0, 15.0]  Order: [4.47, 4.4, 4.23] Demand: [4.7]

 Algo happo Exp ippo_seed15_formal_v1 updates 504/3000 episodes, total num timesteps 505000/3000000, FPS 126.

Reward for thread 1: [-12.19, -16.55, -16.32] -15.02  Inventory: [31.0, 49.0, 25.0]  Order: [5.42, 5.42, 5.29] Demand: [5.44]
Reward for thread 2: [-11.05, -17.93, -14.93] -14.64  Inventory: [6.0, 14.0, 10.0]  Order: [4.59, 4.43, 4.24] Demand: [4.795]
Reward for thread 3: [-12.61, -17.43, -19.33] -16.46  Inventory: [0.0, 0.0, 0.0]  Order: [6.36, 6.48, 6.24] Demand: [6.285]
Reward for thread 4: [-103.41, -53.95, -46.53] -67.96  Inventory: [0.0, 0.0, 0.0]  Order: [13.18, 13.16, 13.22] Demand: [15.145]
Reward for thread 5: [-73.04, -165.02, -59.67] -99.24  Inventory: [0.0, 0.0, 0.0]  Order: [10.51, 8.64, 8.38] Demand: [8.97]

Eval average reward:  -33.81616666666667  Eval ordering fluctuation measurement (downstream to upstream):  [0.6479958296545941, 0.8954180984054112, 1.1351309986662006]

 Algo happo Exp ippo_seed15_formal_v1 updates 505/3000 episodes, total num timesteps 506000/3000000, FPS 126.

Reward for thread 1: [-10.91, -14.15, -17.06] -14.04  Inventory: [22.0, 27.0, 48.0]  Order: [6.91, 6.86, 6.86] Demand: [7.02]
Reward for thread 2: [-29.44, -31.62, -25.89] -28.98  Inventory: [0.0, 0.0, 0.0]  Order: [11.35, 11.24, 11.24] Demand: [11.34]
Reward for thread 3: [-9.98, -14.69, -14.25] -12.97  Inventory: [3.0, 16.0, 0.0]  Order: [5.87, 5.88, 5.73] Demand: [6.07]
Reward for thread 4: [-9.91, -15.02, -16.04] -13.66  Inventory: [0.0, 6.0, 7.0]  Order: [3.67, 3.66, 3.57] Demand: [3.81]
Reward for thread 5: [-10.19, -15.99, -14.45] -13.54  Inventory: [0.0, 2.0, 0.0]  Order: [5.18, 5.07, 4.8] Demand: [5.37]

 Algo happo Exp ippo_seed15_formal_v1 updates 506/3000 episodes, total num timesteps 507000/3000000, FPS 126.

Reward for thread 1: [-9.39, -16.08, -16.69] -14.05  Inventory: [4.0, 10.0, 0.0]  Order: [3.06, 2.92, 2.74] Demand: [3.24]
Reward for thread 2: [-12.91, -17.72, -19.43] -16.69  Inventory: [28.0, 49.0, 7.0]  Order: [5.14, 5.14, 4.93] Demand: [5.25]
Reward for thread 3: [-9.81, -15.15, -13.94] -12.97  Inventory: [1.0, 7.0, 0.0]  Order: [2.74, 2.68, 2.5] Demand: [2.92]
Reward for thread 4: [-15.54, -24.3, -19.25] -19.7  Inventory: [33.0, 51.0, 17.0]  Order: [2.35, 2.36, 2.19] Demand: [2.43]
Reward for thread 5: [-14.23, -19.49, -19.12] -17.61  Inventory: [3.0, 20.0, 5.0]  Order: [5.74, 5.6, 5.38] Demand: [5.965]

 Algo happo Exp ippo_seed15_formal_v1 updates 507/3000 episodes, total num timesteps 508000/3000000, FPS 126.

Reward for thread 1: [-22.71, -25.83, -27.47] -25.34  Inventory: [0.0, 15.0, 5.0]  Order: [7.23, 7.1, 6.88] Demand: [7.415]
Reward for thread 2: [-9.43, -14.66, -14.74] -12.94  Inventory: [2.0, 17.0, 5.0]  Order: [2.81, 2.65, 2.42] Demand: [3.045]
Reward for thread 3: [-49.12, -47.93, -38.53] -45.19  Inventory: [4.0, 14.0, 25.0]  Order: [9.3, 9.16, 9.04] Demand: [9.425]
Reward for thread 4: [-10.26, -18.19, -14.78] -14.41  Inventory: [5.0, 10.0, 10.0]  Order: [2.84, 2.7, 2.5] Demand: [3.05]
Reward for thread 5: [-145.17, -151.83, -70.76] -122.59  Inventory: [0.0, 0.0, 29.0]  Order: [15.79, 12.4, 12.44] Demand: [15.895]

 Algo happo Exp ippo_seed15_formal_v1 updates 508/3000 episodes, total num timesteps 509000/3000000, FPS 126.

Reward for thread 1: [-16.05, -20.02, -19.84] -18.64  Inventory: [6.0, 12.0, 29.0]  Order: [7.9, 7.94, 8.13] Demand: [7.805]
Reward for thread 2: [-24.67, -30.31, -25.68] -26.89  Inventory: [0.0, 5.0, 14.0]  Order: [9.36, 9.22, 9.04] Demand: [9.555]
Reward for thread 3: [-206.39, -217.57, -92.98] -172.31  Inventory: [0.0, 0.0, 5.0]  Order: [16.48, 12.4, 12.48] Demand: [14.595]
Reward for thread 4: [-16.38, -19.53, -19.9] -18.6  Inventory: [0.0, 0.0, 25.0]  Order: [8.07, 7.88, 7.8] Demand: [8.14]
Reward for thread 5: [-15.83, -22.31, -20.65] -19.6  Inventory: [42.0, 30.0, 7.0]  Order: [2.54, 2.44, 2.22] Demand: [2.575]

 Algo happo Exp ippo_seed15_formal_v1 updates 509/3000 episodes, total num timesteps 510000/3000000, FPS 126.

Reward for thread 1: [-28.23, -19.99, -20.1] -22.77  Inventory: [0.0, 0.0, 23.0]  Order: [13.17, 13.16, 13.26] Demand: [13.345]
Reward for thread 2: [-8.45, -13.12, -10.9] -10.82  Inventory: [7.0, 0.0, 26.0]  Order: [4.52, 4.34, 4.22] Demand: [4.675]
Reward for thread 3: [-127.72, -167.81, -70.97] -122.17  Inventory: [0.0, 0.0, 45.0]  Order: [15.86, 11.88, 11.96] Demand: [14.53]
Reward for thread 4: [-24.39, -26.22, -26.44] -25.68  Inventory: [15.0, 6.0, 27.0]  Order: [6.5, 6.28, 6.17] Demand: [6.665]
Reward for thread 5: [-23.98, -24.0, -20.4] -22.79  Inventory: [4.0, 17.0, 6.0]  Order: [9.04, 8.99, 8.78] Demand: [9.18]

Eval average reward:  -29.210083333333333  Eval ordering fluctuation measurement (downstream to upstream):  [0.701966250995332, 0.9511600403721518, 1.1498569410784867]

 Algo happo Exp ippo_seed15_formal_v1 updates 510/3000 episodes, total num timesteps 511000/3000000, FPS 126.

Reward for thread 1: [-26.08, -27.67, -22.95] -25.57  Inventory: [8.0, 27.0, 21.0]  Order: [11.4, 11.38, 11.34] Demand: [11.465]
Reward for thread 2: [-19.25, -21.44, -22.08] -20.92  Inventory: [0.0, 0.0, 0.0]  Order: [7.98, 8.14, 8.03] Demand: [8.435]
Reward for thread 3: [-52.92, -33.07, -30.28] -38.76  Inventory: [0.0, 0.0, 0.0]  Order: [12.01, 12.14, 12.14] Demand: [13.2]
Reward for thread 4: [-26.51, -30.87, -28.77] -28.72  Inventory: [4.0, 0.0, 10.0]  Order: [9.16, 8.99, 9.02] Demand: [8.985]
Reward for thread 5: [-15.3, -22.85, -21.27] -19.81  Inventory: [0.0, 0.0, 0.0]  Order: [5.11, 5.03, 4.86] Demand: [5.165]

 Algo happo Exp ippo_seed15_formal_v1 updates 511/3000 episodes, total num timesteps 512000/3000000, FPS 126.

Reward for thread 1: [-9.24, -13.08, -13.06] -11.79  Inventory: [2.0, 11.0, 7.0]  Order: [3.28, 3.1, 2.89] Demand: [3.51]
Reward for thread 2: [-16.22, -20.26, -21.67] -19.38  Inventory: [10.0, 22.0, 0.0]  Order: [6.32, 6.23, 6.0] Demand: [6.49]
Reward for thread 3: [-17.51, -23.77, -24.38] -21.89  Inventory: [0.0, 0.0, 0.0]  Order: [8.02, 8.15, 8.0] Demand: [7.96]
Reward for thread 4: [-22.72, -23.93, -23.17] -23.27  Inventory: [0.0, 0.0, 0.0]  Order: [12.4, 12.42, 12.38] Demand: [12.24]
Reward for thread 5: [-11.22, -18.23, -17.16] -15.54  Inventory: [40.0, 55.0, 27.0]  Order: [4.57, 4.6, 4.48] Demand: [4.605]

 Algo happo Exp ippo_seed15_formal_v1 updates 512/3000 episodes, total num timesteps 513000/3000000, FPS 126.

Reward for thread 1: [-32.32, -23.3, -21.23] -25.62  Inventory: [30.0, 22.0, 40.0]  Order: [13.78, 13.87, 13.98] Demand: [13.78]
Reward for thread 2: [-164.71, -58.2, -55.6] -92.84  Inventory: [0.0, 1.0, 0.0]  Order: [14.04, 14.14, 14.12] Demand: [16.8]
Reward for thread 3: [-12.13, -16.6, -16.73] -15.15  Inventory: [1.0, 24.0, 24.0]  Order: [6.52, 6.51, 6.48] Demand: [6.515]
Reward for thread 4: [-9.54, -15.53, -16.22] -13.76  Inventory: [2.0, 12.0, 18.0]  Order: [3.99, 3.8, 3.66] Demand: [4.22]
Reward for thread 5: [-95.93, -36.87, -34.88] -55.89  Inventory: [0.0, 0.0, 0.0]  Order: [13.8, 13.92, 13.96] Demand: [15.835]

 Algo happo Exp ippo_seed15_formal_v1 updates 513/3000 episodes, total num timesteps 514000/3000000, FPS 126.

Reward for thread 1: [-13.98, -17.27, -18.12] -16.46  Inventory: [0.0, 13.0, 25.0]  Order: [6.3, 6.3, 6.26] Demand: [6.445]
Reward for thread 2: [-133.6, -41.75, -42.11] -72.49  Inventory: [0.0, 1.0, 0.0]  Order: [14.7, 14.79, 14.88] Demand: [15.79]
Reward for thread 3: [-167.19, -50.24, -50.76] -89.4  Inventory: [0.0, 1.0, 0.0]  Order: [14.06, 14.14, 14.22] Demand: [15.51]
Reward for thread 4: [-8.99, -14.35, -15.75] -13.03  Inventory: [0.0, 25.0, 25.0]  Order: [4.72, 4.61, 4.49] Demand: [4.925]
Reward for thread 5: [-14.24, -16.61, -18.21] -16.35  Inventory: [0.0, 0.0, 0.0]  Order: [6.18, 6.06, 6.03] Demand: [6.395]

 Algo happo Exp ippo_seed15_formal_v1 updates 514/3000 episodes, total num timesteps 515000/3000000, FPS 126.

Reward for thread 1: [-29.93, -32.75, -30.5] -31.06  Inventory: [0.0, 0.0, 0.0]  Order: [8.3, 8.38, 8.4] Demand: [8.495]
Reward for thread 2: [-115.7, -39.15, -39.32] -64.72  Inventory: [0.0, 0.0, 0.0]  Order: [14.43, 14.49, 14.44] Demand: [16.205]
Reward for thread 3: [-33.79, -22.52, -22.52] -26.28  Inventory: [7.0, 4.0, 0.0]  Order: [7.83, 7.74, 7.54] Demand: [7.975]
Reward for thread 4: [-9.97, -14.79, -15.98] -13.58  Inventory: [2.0, 3.0, 7.0]  Order: [6.03, 5.92, 5.78] Demand: [6.23]
Reward for thread 5: [-63.99, -33.46, -29.51] -42.32  Inventory: [0.0, 3.0, 5.0]  Order: [13.41, 13.54, 13.59] Demand: [13.905]

Eval average reward:  -28.620333333333335  Eval ordering fluctuation measurement (downstream to upstream):  [0.6665441631449165, 0.9402272048768084, 1.1699163812446973]

 Algo happo Exp ippo_seed15_formal_v1 updates 515/3000 episodes, total num timesteps 516000/3000000, FPS 126.

Reward for thread 1: [-20.39, -19.22, -21.92] -20.51  Inventory: [1.0, 0.0, 3.0]  Order: [10.12, 10.06, 9.97] Demand: [10.205]
Reward for thread 2: [-16.95, -21.09, -20.89] -19.64  Inventory: [0.0, 0.0, 13.0]  Order: [9.24, 9.22, 9.2] Demand: [9.205]
Reward for thread 3: [-89.37, -39.39, -34.95] -54.57  Inventory: [0.0, 15.0, 22.0]  Order: [14.06, 14.11, 14.22] Demand: [15.665]
Reward for thread 4: [-18.26, -19.15, -19.25] -18.89  Inventory: [3.0, 7.0, 44.0]  Order: [10.1, 10.08, 10.22] Demand: [10.075]
Reward for thread 5: [-24.35, -29.21, -25.66] -26.41  Inventory: [1.0, 29.0, 29.0]  Order: [10.02, 9.96, 9.9] Demand: [10.2]

 Algo happo Exp ippo_seed15_formal_v1 updates 516/3000 episodes, total num timesteps 517000/3000000, FPS 126.

Reward for thread 1: [-38.61, -36.57, -29.22] -34.8  Inventory: [0.0, 0.0, 0.0]  Order: [11.3, 11.34, 11.34] Demand: [12.13]
Reward for thread 2: [-23.62, -28.7, -24.63] -25.65  Inventory: [8.0, 0.0, 34.0]  Order: [9.61, 9.45, 9.52] Demand: [9.51]
Reward for thread 3: [-15.09, -19.89, -22.45] -19.14  Inventory: [0.0, 0.0, 0.0]  Order: [8.62, 8.7, 8.54] Demand: [8.6]
Reward for thread 4: [-13.16, -18.7, -18.05] -16.64  Inventory: [9.0, 11.0, 0.0]  Order: [6.2, 6.22, 6.07] Demand: [6.385]
Reward for thread 5: [-11.63, -19.6, -14.64] -15.29  Inventory: [6.0, 44.0, 6.0]  Order: [2.92, 2.9, 2.68] Demand: [3.14]

 Algo happo Exp ippo_seed15_formal_v1 updates 517/3000 episodes, total num timesteps 518000/3000000, FPS 126.

Reward for thread 1: [-13.67, -19.2, -19.58] -17.48  Inventory: [11.0, 25.0, 3.0]  Order: [6.14, 6.1, 6.0] Demand: [6.195]
Reward for thread 2: [-16.63, -19.59, -20.02] -18.75  Inventory: [0.0, 7.0, 7.0]  Order: [7.19, 7.17, 7.06] Demand: [7.365]
Reward for thread 3: [-12.71, -17.22, -19.94] -16.62  Inventory: [0.0, 24.0, 10.0]  Order: [6.74, 6.76, 6.66] Demand: [6.9]
Reward for thread 4: [-20.32, -24.77, -23.02] -22.7  Inventory: [15.0, 24.0, 23.0]  Order: [9.76, 9.74, 9.66] Demand: [9.85]
Reward for thread 5: [-9.87, -16.22, -15.75] -13.95  Inventory: [0.0, 0.0, 0.0]  Order: [4.73, 4.67, 4.64] Demand: [4.83]

 Algo happo Exp ippo_seed15_formal_v1 updates 518/3000 episodes, total num timesteps 519000/3000000, FPS 126.

Reward for thread 1: [-12.23, -17.24, -15.66] -15.04  Inventory: [13.0, 52.0, 23.0]  Order: [5.32, 5.35, 5.22] Demand: [5.5]
Reward for thread 2: [-37.89, -24.98, -25.56] -29.48  Inventory: [7.0, 0.0, 31.0]  Order: [8.74, 8.57, 8.48] Demand: [8.825]
Reward for thread 3: [-12.59, -16.77, -15.84] -15.07  Inventory: [15.0, 38.0, 19.0]  Order: [5.3, 5.26, 5.11] Demand: [5.445]
Reward for thread 4: [-50.27, -29.0, -28.05] -35.77  Inventory: [0.0, 0.0, 0.0]  Order: [11.08, 11.18, 11.16] Demand: [12.455]
Reward for thread 5: [-23.8, -25.48, -24.51] -24.6  Inventory: [31.0, 60.0, 42.0]  Order: [10.05, 10.12, 10.18] Demand: [10.095]

 Algo happo Exp ippo_seed15_formal_v1 updates 519/3000 episodes, total num timesteps 520000/3000000, FPS 126.

Reward for thread 1: [-9.81, -13.51, -15.27] -12.86  Inventory: [0.0, 0.0, 6.0]  Order: [5.66, 5.54, 5.38] Demand: [5.81]
Reward for thread 2: [-9.39, -14.32, -14.32] -12.68  Inventory: [2.0, 12.0, 3.0]  Order: [4.66, 4.52, 4.38] Demand: [4.865]
Reward for thread 3: [-23.59, -27.64, -26.47] -25.9  Inventory: [7.0, 0.0, 13.0]  Order: [11.46, 11.28, 11.24] Demand: [11.465]
Reward for thread 4: [-13.83, -18.75, -19.97] -17.52  Inventory: [6.0, 7.0, 1.0]  Order: [5.46, 5.4, 5.26] Demand: [5.64]
Reward for thread 5: [-13.57, -17.44, -18.65] -16.55  Inventory: [0.0, 0.0, 0.0]  Order: [7.58, 7.54, 7.44] Demand: [7.495]

Eval average reward:  -33.17308333333334  Eval ordering fluctuation measurement (downstream to upstream):  [0.7378833969263568, 0.9389501325900855, 1.1347961174058339]

 Algo happo Exp ippo_seed15_formal_v1 updates 520/3000 episodes, total num timesteps 521000/3000000, FPS 126.

Reward for thread 1: [-15.21, -19.5, -19.79] -18.17  Inventory: [0.0, 4.0, 0.0]  Order: [8.88, 8.91, 8.78] Demand: [8.95]
Reward for thread 2: [-16.02, -22.11, -20.48] -19.54  Inventory: [0.0, 14.0, 19.0]  Order: [7.91, 7.75, 7.6] Demand: [8.13]
Reward for thread 3: [-8.67, -14.29, -14.54] -12.5  Inventory: [0.0, 0.0, 0.0]  Order: [2.62, 2.62, 2.49] Demand: [2.74]
Reward for thread 4: [-68.41, -47.9, -33.04] -49.78  Inventory: [0.0, 0.0, 8.0]  Order: [13.92, 13.62, 13.79] Demand: [15.175]
Reward for thread 5: [-9.01, -15.03, -14.72] -12.92  Inventory: [4.0, 0.0, 0.0]  Order: [3.2, 3.07, 2.87] Demand: [3.39]

 Algo happo Exp ippo_seed15_formal_v1 updates 521/3000 episodes, total num timesteps 522000/3000000, FPS 126.

Reward for thread 1: [-142.02, -49.85, -45.55] -79.14  Inventory: [0.0, 0.0, 11.0]  Order: [14.82, 14.76, 14.84] Demand: [16.935]
Reward for thread 2: [-12.27, -18.37, -18.18] -16.27  Inventory: [15.0, 0.0, 0.0]  Order: [5.8, 5.73, 5.72] Demand: [5.6]
Reward for thread 3: [-8.79, -13.19, -13.6] -11.86  Inventory: [0.0, 17.0, 20.0]  Order: [4.04, 3.88, 3.74] Demand: [4.25]
Reward for thread 4: [-11.62, -18.18, -19.42] -16.41  Inventory: [2.0, 31.0, 18.0]  Order: [4.32, 4.24, 4.08] Demand: [4.515]
Reward for thread 5: [-42.46, -28.71, -20.97] -30.71  Inventory: [0.0, 0.0, 5.0]  Order: [13.65, 13.66, 13.76] Demand: [14.245]

 Algo happo Exp ippo_seed15_formal_v1 updates 522/3000 episodes, total num timesteps 523000/3000000, FPS 126.

Reward for thread 1: [-18.75, -26.02, -27.35] -24.04  Inventory: [0.0, 1.0, 0.0]  Order: [7.3, 7.25, 6.92] Demand: [7.465]
Reward for thread 2: [-19.29, -23.63, -22.96] -21.96  Inventory: [12.0, 52.0, 44.0]  Order: [8.96, 8.97, 8.94] Demand: [9.09]
Reward for thread 3: [-14.7, -18.18, -17.17] -16.68  Inventory: [0.0, 0.0, 0.0]  Order: [8.72, 8.57, 8.4] Demand: [8.665]
Reward for thread 4: [-62.27, -30.56, -28.25] -40.36  Inventory: [0.0, 0.0, 0.0]  Order: [15.58, 15.76, 15.75] Demand: [15.74]
Reward for thread 5: [-62.58, -32.4, -29.79] -41.59  Inventory: [0.0, 0.0, 0.0]  Order: [12.5, 12.52, 12.54] Demand: [13.96]

 Algo happo Exp ippo_seed15_formal_v1 updates 523/3000 episodes, total num timesteps 524000/3000000, FPS 126.

Reward for thread 1: [-18.74, -25.97, -25.62] -23.44  Inventory: [0.0, 6.0, 0.0]  Order: [6.85, 6.8, 6.64] Demand: [6.95]
Reward for thread 2: [-16.99, -17.81, -16.77] -17.19  Inventory: [0.0, 0.0, 0.0]  Order: [7.01, 7.12, 7.12] Demand: [7.36]
Reward for thread 3: [-68.38, -32.72, -29.8] -43.63  Inventory: [0.0, 0.0, 3.0]  Order: [12.8, 12.74, 12.74] Demand: [14.465]
Reward for thread 4: [-10.19, -16.31, -16.25] -14.25  Inventory: [12.0, 14.0, 0.0]  Order: [4.17, 4.29, 4.06] Demand: [4.305]
Reward for thread 5: [-12.41, -18.72, -21.27] -17.47  Inventory: [0.0, 4.0, 9.0]  Order: [5.6, 5.4, 5.2] Demand: [5.795]

 Algo happo Exp ippo_seed15_formal_v1 updates 524/3000 episodes, total num timesteps 525000/3000000, FPS 126.

Reward for thread 1: [-19.62, -24.15, -22.41] -22.06  Inventory: [0.0, 6.0, 5.0]  Order: [9.07, 8.96, 8.74] Demand: [9.235]
Reward for thread 2: [-92.39, -42.62, -37.84] -57.62  Inventory: [0.0, 0.0, 8.0]  Order: [15.32, 15.03, 15.12] Demand: [16.45]
Reward for thread 3: [-8.74, -12.77, -14.2] -11.9  Inventory: [1.0, 6.0, 0.0]  Order: [4.2, 4.11, 4.05] Demand: [4.375]
Reward for thread 4: [-18.91, -20.12, -20.76] -19.93  Inventory: [0.0, 0.0, 0.0]  Order: [9.18, 9.13, 8.94] Demand: [9.33]
Reward for thread 5: [-24.09, -26.41, -24.09] -24.86  Inventory: [21.0, 1.0, 0.0]  Order: [13.15, 13.16, 13.18] Demand: [12.975]

Eval average reward:  -32.53708333333333  Eval ordering fluctuation measurement (downstream to upstream):  [0.6687349825094241, 0.9103576468158868, 1.1457849767629864]

 Algo happo Exp ippo_seed15_formal_v1 updates 525/3000 episodes, total num timesteps 526000/3000000, FPS 126.

Reward for thread 1: [-14.3, -19.95, -20.36] -18.2  Inventory: [13.0, 55.0, 17.0]  Order: [6.44, 6.48, 6.31] Demand: [6.605]
Reward for thread 2: [-16.1, -21.75, -22.03] -19.96  Inventory: [0.0, 0.0, 0.0]  Order: [8.12, 8.1, 8.06] Demand: [7.875]
Reward for thread 3: [-21.23, -24.14, -24.81] -23.39  Inventory: [0.0, 0.0, 0.0]  Order: [7.68, 7.6, 7.34] Demand: [7.765]
Reward for thread 4: [-40.28, -32.18, -31.69] -34.72  Inventory: [0.0, 0.0, 5.0]  Order: [11.76, 11.7, 11.85] Demand: [12.645]
Reward for thread 5: [-15.9, -24.42, -19.31] -19.88  Inventory: [37.0, 30.0, 18.0]  Order: [2.74, 2.66, 2.5] Demand: [2.805]

 Algo happo Exp ippo_seed15_formal_v1 updates 526/3000 episodes, total num timesteps 527000/3000000, FPS 126.

Reward for thread 1: [-38.56, -39.0, -34.85] -37.47  Inventory: [3.0, 11.0, 9.0]  Order: [6.19, 6.0, 5.8] Demand: [6.41]
Reward for thread 2: [-30.04, -26.22, -27.95] -28.07  Inventory: [0.0, 0.0, 0.0]  Order: [10.9, 10.78, 10.63] Demand: [11.11]
Reward for thread 3: [-68.42, -33.68, -30.87] -44.32  Inventory: [0.0, 0.0, 0.0]  Order: [14.67, 14.64, 14.74] Demand: [15.28]
Reward for thread 4: [-11.61, -19.1, -17.67] -16.13  Inventory: [3.0, 26.0, 53.0]  Order: [5.84, 5.73, 5.74] Demand: [5.955]
Reward for thread 5: [-178.1, -60.02, -59.94] -99.35  Inventory: [13.0, 40.0, 71.0]  Order: [13.94, 13.9, 14.02] Demand: [14.08]

 Algo happo Exp ippo_seed15_formal_v1 updates 527/3000 episodes, total num timesteps 528000/3000000, FPS 126.

Reward for thread 1: [-10.46, -14.6, -17.02] -14.03  Inventory: [6.0, 0.0, 0.0]  Order: [5.93, 6.02, 5.88] Demand: [5.885]
Reward for thread 2: [-65.6, -44.6, -33.84] -48.01  Inventory: [0.0, 0.0, 0.0]  Order: [12.86, 12.5, 12.56] Demand: [14.005]
Reward for thread 3: [-11.96, -14.23, -16.31] -14.17  Inventory: [0.0, 0.0, 0.0]  Order: [6.82, 6.66, 6.62] Demand: [6.94]
Reward for thread 4: [-12.9, -16.28, -18.09] -15.76  Inventory: [0.0, 0.0, 0.0]  Order: [7.45, 7.55, 7.42] Demand: [7.61]
Reward for thread 5: [-10.22, -17.04, -16.94] -14.73  Inventory: [0.0, 14.0, 22.0]  Order: [5.12, 5.07, 4.92] Demand: [5.265]

 Algo happo Exp ippo_seed15_formal_v1 updates 528/3000 episodes, total num timesteps 529000/3000000, FPS 126.

Reward for thread 1: [-11.57, -18.03, -17.25] -15.62  Inventory: [0.0, 0.0, 0.0]  Order: [6.38, 6.22, 6.05] Demand: [6.42]
Reward for thread 2: [-19.2, -19.43, -20.31] -19.65  Inventory: [5.0, 0.0, 2.0]  Order: [9.51, 9.4, 9.28] Demand: [9.62]
Reward for thread 3: [-10.98, -18.34, -17.16] -15.49  Inventory: [8.0, 42.0, 18.0]  Order: [2.87, 2.84, 2.69] Demand: [3.07]
Reward for thread 4: [-14.66, -19.49, -19.56] -17.9  Inventory: [3.0, 21.0, 0.0]  Order: [5.04, 5.03, 4.94] Demand: [5.225]
Reward for thread 5: [-9.88, -18.51, -14.49] -14.29  Inventory: [4.0, 13.0, 0.0]  Order: [2.22, 2.13, 2.0] Demand: [2.415]

 Algo happo Exp ippo_seed15_formal_v1 updates 529/3000 episodes, total num timesteps 530000/3000000, FPS 126.

Reward for thread 1: [-18.95, -22.82, -23.93] -21.9  Inventory: [9.0, 28.0, 15.0]  Order: [6.0, 5.92, 5.76] Demand: [6.15]
Reward for thread 2: [-86.6, -36.24, -34.7] -52.51  Inventory: [0.0, 0.0, 0.0]  Order: [13.76, 13.84, 13.82] Demand: [14.44]
Reward for thread 3: [-17.23, -18.56, -18.64] -18.14  Inventory: [0.0, 0.0, 0.0]  Order: [11.56, 11.48, 11.42] Demand: [11.485]
Reward for thread 4: [-54.44, -27.82, -26.82] -36.36  Inventory: [0.0, 0.0, 11.0]  Order: [11.06, 10.97, 11.04] Demand: [12.515]
Reward for thread 5: [-23.32, -20.46, -19.98] -21.25  Inventory: [3.0, 16.0, 30.0]  Order: [9.58, 9.46, 9.36] Demand: [9.71]

Eval average reward:  -28.776083333333332  Eval ordering fluctuation measurement (downstream to upstream):  [0.6626651793272349, 0.8926229073597114, 1.0901692295306886]

 Algo happo Exp ippo_seed15_formal_v1 updates 530/3000 episodes, total num timesteps 531000/3000000, FPS 126.

Reward for thread 1: [-16.44, -26.37, -24.03] -22.28  Inventory: [7.0, 17.0, 12.0]  Order: [5.82, 5.68, 5.53] Demand: [5.99]
Reward for thread 2: [-43.7, -27.62, -29.14] -33.49  Inventory: [0.0, 2.0, 0.0]  Order: [14.03, 14.14, 14.08] Demand: [14.885]
Reward for thread 3: [-49.28, -27.62, -32.94] -36.61  Inventory: [0.0, 0.0, 19.0]  Order: [10.58, 10.46, 10.38] Demand: [10.79]
Reward for thread 4: [-13.97, -19.01, -18.22] -17.07  Inventory: [5.0, 18.0, 0.0]  Order: [7.44, 7.38, 7.14] Demand: [7.595]
Reward for thread 5: [-22.27, -19.94, -18.65] -20.29  Inventory: [0.0, 0.0, 0.0]  Order: [11.52, 11.52, 11.58] Demand: [11.965]

 Algo happo Exp ippo_seed15_formal_v1 updates 531/3000 episodes, total num timesteps 532000/3000000, FPS 126.

Reward for thread 1: [-223.92, -65.89, -64.26] -118.02  Inventory: [0.0, 0.0, 6.0]  Order: [14.86, 14.9, 15.02] Demand: [16.83]
Reward for thread 2: [-17.0, -22.17, -21.16] -20.11  Inventory: [6.0, 15.0, 12.0]  Order: [9.97, 9.91, 9.86] Demand: [10.115]
Reward for thread 3: [-11.57, -20.26, -17.5] -16.44  Inventory: [4.0, 11.0, 16.0]  Order: [3.24, 3.1, 2.92] Demand: [3.45]
Reward for thread 4: [-49.5, -24.33, -22.88] -32.24  Inventory: [4.0, 22.0, 30.0]  Order: [13.32, 13.36, 13.46] Demand: [13.375]
Reward for thread 5: [-41.75, -24.39, -24.32] -30.15  Inventory: [0.0, 0.0, 0.0]  Order: [13.44, 13.39, 13.28] Demand: [14.23]

 Algo happo Exp ippo_seed15_formal_v1 updates 532/3000 episodes, total num timesteps 533000/3000000, FPS 126.

Reward for thread 1: [-12.61, -18.84, -17.8] -16.42  Inventory: [0.0, 20.0, 23.0]  Order: [5.16, 5.01, 4.88] Demand: [5.38]
Reward for thread 2: [-11.74, -18.0, -19.08] -16.27  Inventory: [13.0, 17.0, 0.0]  Order: [6.66, 6.82, 6.62] Demand: [6.8]
Reward for thread 3: [-9.19, -16.15, -14.19] -13.18  Inventory: [3.0, 42.0, 23.0]  Order: [2.22, 2.2, 2.07] Demand: [2.445]
Reward for thread 4: [-14.78, -20.82, -18.33] -17.98  Inventory: [2.0, 24.0, 22.0]  Order: [6.75, 6.66, 6.52] Demand: [6.975]
Reward for thread 5: [-104.14, -49.74, -52.15] -68.68  Inventory: [0.0, 0.0, 0.0]  Order: [11.64, 11.72, 11.76] Demand: [13.675]

 Algo happo Exp ippo_seed15_formal_v1 updates 533/3000 episodes, total num timesteps 534000/3000000, FPS 126.

Reward for thread 1: [-58.69, -31.58, -32.55] -40.94  Inventory: [0.0, 0.0, 0.0]  Order: [13.76, 13.74, 13.78] Demand: [14.62]
Reward for thread 2: [-20.86, -22.08, -19.39] -20.78  Inventory: [0.0, 0.0, 0.0]  Order: [9.62, 9.6, 9.56] Demand: [10.115]
Reward for thread 3: [-11.34, -15.84, -15.78] -14.32  Inventory: [0.0, 16.0, 16.0]  Order: [6.08, 6.09, 6.12] Demand: [6.175]
Reward for thread 4: [-28.09, -22.36, -23.74] -24.73  Inventory: [0.0, 4.0, 12.0]  Order: [11.06, 11.12, 11.2] Demand: [11.7]
Reward for thread 5: [-10.44, -14.93, -16.84] -14.07  Inventory: [1.0, 0.0, 0.0]  Order: [8.05, 8.02, 8.02] Demand: [8.015]

 Algo happo Exp ippo_seed15_formal_v1 updates 534/3000 episodes, total num timesteps 535000/3000000, FPS 126.

Reward for thread 1: [-12.14, -14.25, -16.29] -14.23  Inventory: [3.0, 0.0, 0.0]  Order: [7.61, 7.48, 7.37] Demand: [7.655]
Reward for thread 2: [-25.99, -22.65, -17.68] -22.11  Inventory: [14.0, 14.0, 0.0]  Order: [12.72, 12.82, 12.89] Demand: [12.605]
Reward for thread 3: [-10.43, -14.14, -14.29] -12.95  Inventory: [7.0, 25.0, 8.0]  Order: [5.32, 5.2, 4.99] Demand: [5.53]
Reward for thread 4: [-35.8, -23.98, -23.75] -27.84  Inventory: [5.0, 2.0, 0.0]  Order: [6.96, 6.84, 6.66] Demand: [7.13]
Reward for thread 5: [-10.9, -16.36, -21.6] -16.29  Inventory: [5.0, 9.0, 9.0]  Order: [2.39, 2.19, 1.98] Demand: [2.6]

Eval average reward:  -28.371666666666673  Eval ordering fluctuation measurement (downstream to upstream):  [0.6747808500009341, 0.8998960230281092, 1.1434949723047274]

 Algo happo Exp ippo_seed15_formal_v1 updates 535/3000 episodes, total num timesteps 536000/3000000, FPS 126.

Reward for thread 1: [-28.27, -27.0, -28.76] -28.01  Inventory: [33.0, 0.0, 22.0]  Order: [11.1, 11.09, 11.12] Demand: [10.88]
Reward for thread 2: [-11.19, -16.01, -15.74] -14.31  Inventory: [5.0, 7.0, 6.0]  Order: [5.41, 5.22, 5.0] Demand: [5.58]
Reward for thread 3: [-12.8, -16.88, -19.66] -16.45  Inventory: [4.0, 43.0, 36.0]  Order: [6.65, 6.62, 6.56] Demand: [6.805]
Reward for thread 4: [-54.9, -29.37, -25.27] -36.51  Inventory: [0.0, 0.0, 0.0]  Order: [14.56, 14.6, 14.66] Demand: [14.755]
Reward for thread 5: [-48.78, -59.99, -38.81] -49.19  Inventory: [0.0, 0.0, 0.0]  Order: [12.56, 12.36, 12.35] Demand: [12.485]

 Algo happo Exp ippo_seed15_formal_v1 updates 536/3000 episodes, total num timesteps 537000/3000000, FPS 126.

Reward for thread 1: [-109.14, -44.52, -42.39] -65.35  Inventory: [0.0, 0.0, 0.0]  Order: [14.12, 14.3, 14.34] Demand: [16.28]
Reward for thread 2: [-162.11, -51.88, -48.57] -87.52  Inventory: [0.0, 0.0, 7.0]  Order: [14.7, 14.68, 14.74] Demand: [16.85]
Reward for thread 3: [-10.32, -15.02, -17.22] -14.19  Inventory: [3.0, 7.0, 11.0]  Order: [4.08, 3.86, 3.68] Demand: [4.28]
Reward for thread 4: [-137.25, -47.73, -45.94] -76.97  Inventory: [0.0, 0.0, 5.0]  Order: [14.94, 14.98, 14.99] Demand: [15.685]
Reward for thread 5: [-12.24, -17.83, -18.48] -16.18  Inventory: [0.0, 0.0, 0.0]  Order: [5.82, 5.71, 5.56] Demand: [5.885]

 Algo happo Exp ippo_seed15_formal_v1 updates 537/3000 episodes, total num timesteps 538000/3000000, FPS 126.

Reward for thread 1: [-14.96, -19.08, -18.23] -17.42  Inventory: [0.0, 0.0, 1.0]  Order: [9.46, 9.33, 9.3] Demand: [9.275]
Reward for thread 2: [-98.34, -51.03, -45.4] -64.92  Inventory: [0.0, 0.0, 0.0]  Order: [13.49, 13.64, 13.64] Demand: [15.315]
Reward for thread 3: [-131.03, -47.76, -45.12] -74.64  Inventory: [18.0, 3.0, 38.0]  Order: [14.64, 14.56, 14.56] Demand: [14.57]
Reward for thread 4: [-55.61, -30.92, -25.3] -37.28  Inventory: [13.0, 63.0, 70.0]  Order: [13.93, 14.01, 14.12] Demand: [14.07]
Reward for thread 5: [-9.09, -15.02, -13.21] -12.44  Inventory: [12.0, 40.0, 34.0]  Order: [3.04, 3.0, 2.92] Demand: [3.205]

 Algo happo Exp ippo_seed15_formal_v1 updates 538/3000 episodes, total num timesteps 539000/3000000, FPS 126.

Reward for thread 1: [-12.86, -20.91, -17.16] -16.98  Inventory: [21.0, 38.0, 3.0]  Order: [3.05, 3.02, 2.86] Demand: [3.185]
Reward for thread 2: [-61.57, -31.3, -28.3] -40.39  Inventory: [0.0, 3.0, 0.0]  Order: [12.98, 13.16, 12.96] Demand: [13.07]
Reward for thread 3: [-14.47, -19.12, -19.32] -17.64  Inventory: [0.0, 0.0, 0.0]  Order: [5.12, 5.01, 4.76] Demand: [5.275]
Reward for thread 4: [-52.23, -28.41, -26.24] -35.63  Inventory: [0.0, 0.0, 0.0]  Order: [13.52, 13.63, 13.64] Demand: [14.745]
Reward for thread 5: [-17.86, -21.22, -19.58] -19.55  Inventory: [8.0, 38.0, 32.0]  Order: [7.58, 7.53, 7.46] Demand: [7.75]

 Algo happo Exp ippo_seed15_formal_v1 updates 539/3000 episodes, total num timesteps 540000/3000000, FPS 126.

Reward for thread 1: [-26.62, -28.78, -26.69] -27.36  Inventory: [5.0, 13.0, 18.0]  Order: [6.22, 6.04, 5.88] Demand: [6.415]
Reward for thread 2: [-173.96, -60.69, -52.92] -95.86  Inventory: [0.0, 0.0, 0.0]  Order: [15.62, 15.7, 15.73] Demand: [16.59]
Reward for thread 3: [-10.86, -14.54, -16.84] -14.08  Inventory: [0.0, 16.0, 19.0]  Order: [7.06, 6.96, 6.82] Demand: [7.18]
Reward for thread 4: [-29.88, -26.89, -24.76] -27.18  Inventory: [0.0, 0.0, 0.0]  Order: [11.18, 11.17, 11.12] Demand: [11.49]
Reward for thread 5: [-27.96, -22.83, -20.48] -23.76  Inventory: [0.0, 0.0, 0.0]  Order: [10.36, 10.39, 10.3] Demand: [10.27]

Eval average reward:  -40.30258333333333  Eval ordering fluctuation measurement (downstream to upstream):  [0.6610354357192533, 0.898274744033991, 1.1756453101359774]

 Algo happo Exp ippo_seed15_formal_v1 updates 540/3000 episodes, total num timesteps 541000/3000000, FPS 126.

Reward for thread 1: [-94.19, -77.84, -70.47] -80.83  Inventory: [0.0, 0.0, 0.0]  Order: [11.7, 11.31, 9.3] Demand: [12.515]
Reward for thread 2: [-35.59, -21.58, -23.36] -26.84  Inventory: [0.0, 0.0, 6.0]  Order: [9.68, 9.6, 9.44] Demand: [9.83]
Reward for thread 3: [-9.52, -13.31, -14.14] -12.32  Inventory: [13.0, 7.0, 14.0]  Order: [3.31, 3.19, 3.08] Demand: [3.465]
Reward for thread 4: [-18.35, -21.96, -23.8] -21.37  Inventory: [0.0, 11.0, 4.0]  Order: [11.01, 11.12, 11.15] Demand: [11.05]
Reward for thread 5: [-91.83, -161.58, -186.76] -146.72  Inventory: [0.0, 0.0, 0.0]  Order: [9.43, 9.37, 4.04] Demand: [5.62]

 Algo happo Exp ippo_seed15_formal_v1 updates 541/3000 episodes, total num timesteps 542000/3000000, FPS 126.

Reward for thread 1: [-12.85, -19.35, -18.14] -16.78  Inventory: [0.0, 0.0, 0.0]  Order: [4.36, 4.49, 4.14] Demand: [4.465]
Reward for thread 2: [-12.6, -18.46, -19.85] -16.97  Inventory: [0.0, 11.0, 0.0]  Order: [8.26, 8.2, 8.0] Demand: [8.24]
Reward for thread 3: [-11.1, -17.21, -15.68] -14.66  Inventory: [10.0, 9.0, 9.0]  Order: [3.13, 2.94, 2.78] Demand: [3.325]
Reward for thread 4: [-44.67, -27.31, -24.65] -32.21  Inventory: [0.0, 0.0, 0.0]  Order: [14.01, 14.0, 14.02] Demand: [14.88]
Reward for thread 5: [-28.13, -23.89, -23.71] -25.24  Inventory: [0.0, 16.0, 10.0]  Order: [10.34, 10.3, 10.28] Demand: [10.37]

 Algo happo Exp ippo_seed15_formal_v1 updates 542/3000 episodes, total num timesteps 543000/3000000, FPS 126.

Reward for thread 1: [-83.66, -143.51, -148.89] -125.35  Inventory: [0.0, 0.0, 0.0]  Order: [11.06, 10.88, 5.94] Demand: [7.855]
Reward for thread 2: [-10.45, -16.31, -16.95] -14.57  Inventory: [7.0, 14.0, 0.0]  Order: [4.94, 4.88, 4.72] Demand: [5.095]
Reward for thread 3: [-15.02, -17.33, -18.18] -16.84  Inventory: [3.0, 16.0, 10.0]  Order: [6.52, 6.44, 6.28] Demand: [6.675]
Reward for thread 4: [-69.37, -28.74, -29.72] -42.61  Inventory: [0.0, 0.0, 0.0]  Order: [13.88, 13.98, 13.99] Demand: [15.03]
Reward for thread 5: [-13.32, -19.48, -17.31] -16.7  Inventory: [18.0, 18.0, 0.0]  Order: [2.15, 2.15, 1.74] Demand: [2.295]

 Algo happo Exp ippo_seed15_formal_v1 updates 543/3000 episodes, total num timesteps 544000/3000000, FPS 126.

Reward for thread 1: [-12.58, -16.99, -15.67] -15.08  Inventory: [20.0, 8.0, 9.0]  Order: [3.88, 3.68, 3.48] Demand: [4.02]
Reward for thread 2: [-13.47, -18.63, -19.21] -17.1  Inventory: [0.0, 0.0, 0.0]  Order: [6.92, 6.9, 6.66] Demand: [6.905]
Reward for thread 3: [-13.45, -20.25, -18.85] -17.52  Inventory: [7.0, 41.0, 24.0]  Order: [5.78, 5.74, 5.62] Demand: [5.99]
Reward for thread 4: [-12.71, -18.46, -19.37] -16.85  Inventory: [6.0, 10.0, 0.0]  Order: [7.32, 7.38, 7.28] Demand: [7.48]
Reward for thread 5: [-16.64, -20.31, -22.23] -19.73  Inventory: [14.0, 21.0, 0.0]  Order: [6.99, 7.1, 6.86] Demand: [7.11]

 Algo happo Exp ippo_seed15_formal_v1 updates 544/3000 episodes, total num timesteps 545000/3000000, FPS 126.

Reward for thread 1: [-106.42, -34.74, -35.64] -58.93  Inventory: [0.0, 0.0, 8.0]  Order: [14.32, 14.36, 14.4] Demand: [14.965]
Reward for thread 2: [-99.34, -39.12, -37.32] -58.59  Inventory: [0.0, 0.0, 6.0]  Order: [14.92, 14.94, 15.0] Demand: [15.31]
Reward for thread 3: [-14.37, -15.57, -16.3] -15.41  Inventory: [6.0, 32.0, 50.0]  Order: [9.42, 9.35, 9.35] Demand: [9.52]
Reward for thread 4: [-15.58, -15.42, -16.37] -15.79  Inventory: [0.0, 0.0, 0.0]  Order: [10.13, 10.3, 10.3] Demand: [10.62]
Reward for thread 5: [-59.17, -25.13, -26.35] -36.88  Inventory: [0.0, 2.0, 0.0]  Order: [14.45, 14.62, 14.6] Demand: [14.56]

Eval average reward:  -27.702083333333334  Eval ordering fluctuation measurement (downstream to upstream):  [0.6064475377770369, 0.8891182179873018, 1.136661583736396]

 Algo happo Exp ippo_seed15_formal_v1 updates 545/3000 episodes, total num timesteps 546000/3000000, FPS 126.

Reward for thread 1: [-14.47, -19.07, -20.78] -18.11  Inventory: [4.0, 20.0, 22.0]  Order: [8.09, 7.95, 7.81] Demand: [8.265]
Reward for thread 2: [-14.04, -18.84, -18.57] -17.15  Inventory: [28.0, 52.0, 10.0]  Order: [4.14, 4.16, 3.96] Demand: [4.245]
Reward for thread 3: [-14.99, -16.8, -17.32] -16.37  Inventory: [11.0, 10.0, 15.0]  Order: [6.68, 6.58, 6.42] Demand: [6.84]
Reward for thread 4: [-53.91, -22.74, -23.78] -33.48  Inventory: [0.0, 0.0, 0.0]  Order: [12.75, 12.92, 12.95] Demand: [14.42]
Reward for thread 5: [-12.81, -17.74, -19.98] -16.84  Inventory: [9.0, 8.0, 24.0]  Order: [7.68, 7.62, 7.6] Demand: [7.665]

 Algo happo Exp ippo_seed15_formal_v1 updates 546/3000 episodes, total num timesteps 547000/3000000, FPS 126.

Reward for thread 1: [-125.96, -42.27, -43.13] -70.45  Inventory: [0.0, 6.0, 0.0]  Order: [14.04, 14.22, 14.22] Demand: [16.085]
Reward for thread 2: [-14.72, -15.52, -15.1] -15.11  Inventory: [3.0, 0.0, 0.0]  Order: [10.1, 10.15, 10.12] Demand: [9.94]
Reward for thread 3: [-19.39, -18.08, -20.23] -19.23  Inventory: [13.0, 14.0, 22.0]  Order: [8.88, 8.73, 8.59] Demand: [9.06]
Reward for thread 4: [-31.77, -17.21, -17.6] -22.19  Inventory: [20.0, 46.0, 38.0]  Order: [13.12, 13.15, 13.28] Demand: [13.1]
Reward for thread 5: [-11.96, -16.74, -18.1] -15.6  Inventory: [5.0, 16.0, 24.0]  Order: [7.49, 7.36, 7.24] Demand: [7.625]

 Algo happo Exp ippo_seed15_formal_v1 updates 547/3000 episodes, total num timesteps 548000/3000000, FPS 126.

Reward for thread 1: [-64.79, -28.96, -29.31] -41.02  Inventory: [0.0, 5.0, 0.0]  Order: [12.22, 12.32, 12.3] Demand: [13.935]
Reward for thread 2: [-12.98, -18.57, -18.39] -16.65  Inventory: [17.0, 33.0, 56.0]  Order: [7.28, 7.28, 7.31] Demand: [7.305]
Reward for thread 3: [-100.67, -45.14, -41.66] -62.49  Inventory: [0.0, 0.0, 0.0]  Order: [13.3, 13.36, 13.35] Demand: [15.275]
Reward for thread 4: [-23.22, -23.02, -22.26] -22.83  Inventory: [0.0, 0.0, 0.0]  Order: [10.67, 10.67, 10.56] Demand: [10.735]
Reward for thread 5: [-13.4, -16.3, -19.02] -16.24  Inventory: [0.0, 0.0, 0.0]  Order: [8.26, 8.28, 8.14] Demand: [8.24]

 Algo happo Exp ippo_seed15_formal_v1 updates 548/3000 episodes, total num timesteps 549000/3000000, FPS 126.

Reward for thread 1: [-75.54, -112.35, -167.36] -118.42  Inventory: [0.0, 0.0, 0.0]  Order: [7.8, 9.34, 4.07] Demand: [5.47]
Reward for thread 2: [-51.03, -28.14, -26.97] -35.38  Inventory: [0.0, 0.0, 0.0]  Order: [11.93, 11.99, 12.08] Demand: [12.915]
Reward for thread 3: [-12.3, -16.69, -15.72] -14.9  Inventory: [20.0, 24.0, 19.0]  Order: [2.73, 2.61, 2.46] Demand: [2.855]
Reward for thread 4: [-16.65, -25.05, -23.78] -21.83  Inventory: [0.0, 0.0, 0.0]  Order: [4.73, 4.84, 4.54] Demand: [4.845]
Reward for thread 5: [-20.89, -26.16, -19.59] -22.21  Inventory: [58.0, 24.0, 18.0]  Order: [2.28, 2.16, 2.0] Demand: [2.235]

 Algo happo Exp ippo_seed15_formal_v1 updates 549/3000 episodes, total num timesteps 550000/3000000, FPS 126.

Reward for thread 1: [-13.95, -18.68, -18.7] -17.11  Inventory: [0.0, 0.0, 0.0]  Order: [10.02, 10.12, 10.03] Demand: [9.92]
Reward for thread 2: [-11.31, -16.38, -15.74] -14.48  Inventory: [2.0, 20.0, 0.0]  Order: [3.48, 3.54, 3.42] Demand: [3.64]
Reward for thread 3: [-11.78, -14.73, -16.5] -14.34  Inventory: [0.0, 0.0, 6.0]  Order: [7.19, 7.1, 7.08] Demand: [7.255]
Reward for thread 4: [-17.17, -22.32, -19.73] -19.74  Inventory: [5.0, 14.0, 20.0]  Order: [8.6, 8.51, 8.36] Demand: [8.735]
Reward for thread 5: [-31.99, -22.18, -20.52] -24.9  Inventory: [0.0, 20.0, 15.0]  Order: [11.23, 11.13, 11.01] Demand: [11.41]

Eval average reward:  -28.136083333333332  Eval ordering fluctuation measurement (downstream to upstream):  [0.6250551029461529, 0.8876646751315889, 1.1105852835229226]

 Algo happo Exp ippo_seed15_formal_v1 updates 550/3000 episodes, total num timesteps 551000/3000000, FPS 126.

Reward for thread 1: [-30.06, -23.17, -21.4] -24.88  Inventory: [5.0, 7.0, 23.0]  Order: [11.14, 11.1, 11.08] Demand: [11.25]
Reward for thread 2: [-23.77, -18.23, -20.16] -20.72  Inventory: [0.0, 0.0, 0.0]  Order: [10.68, 10.74, 10.69] Demand: [10.79]
Reward for thread 3: [-10.94, -16.43, -16.98] -14.78  Inventory: [6.0, 12.0, 0.0]  Order: [3.54, 3.52, 3.32] Demand: [3.71]
Reward for thread 4: [-132.38, -46.71, -43.82] -74.3  Inventory: [0.0, 0.0, 0.0]  Order: [14.14, 14.16, 14.21] Demand: [16.12]
Reward for thread 5: [-15.06, -17.59, -18.04] -16.9  Inventory: [2.0, 24.0, 18.0]  Order: [9.73, 9.7, 9.54] Demand: [9.89]

 Algo happo Exp ippo_seed15_formal_v1 updates 551/3000 episodes, total num timesteps 552000/3000000, FPS 126.

Reward for thread 1: [-11.2, -15.14, -16.44] -14.26  Inventory: [9.0, 19.0, 17.0]  Order: [8.57, 8.49, 8.36] Demand: [8.61]
Reward for thread 2: [-14.8, -19.82, -22.28] -18.97  Inventory: [0.0, 7.0, 0.0]  Order: [5.7, 5.6, 5.52] Demand: [5.82]
Reward for thread 3: [-14.17, -17.13, -19.71] -17.0  Inventory: [15.0, 16.0, 24.0]  Order: [6.68, 6.51, 6.38] Demand: [6.83]
Reward for thread 4: [-13.12, -18.67, -18.9] -16.9  Inventory: [10.0, 39.0, 29.0]  Order: [5.87, 5.86, 5.76] Demand: [6.03]
Reward for thread 5: [-84.74, -68.96, -81.22] -78.31  Inventory: [0.0, 0.0, 0.0]  Order: [9.7, 9.82, 7.12] Demand: [10.96]

 Algo happo Exp ippo_seed15_formal_v1 updates 552/3000 episodes, total num timesteps 553000/3000000, FPS 126.

Reward for thread 1: [-11.69, -17.82, -18.55] -16.02  Inventory: [6.0, 32.0, 41.0]  Order: [5.02, 4.99, 4.94] Demand: [5.135]
Reward for thread 2: [-93.06, -32.42, -33.73] -53.07  Inventory: [0.0, 1.0, 12.0]  Order: [14.31, 14.36, 14.36] Demand: [15.99]
Reward for thread 3: [-12.98, -16.27, -19.61] -16.29  Inventory: [11.0, 34.0, 43.0]  Order: [3.8, 3.74, 3.7] Demand: [3.92]
Reward for thread 4: [-15.33, -23.69, -22.51] -20.51  Inventory: [8.0, 9.0, 12.0]  Order: [5.96, 5.81, 5.62] Demand: [6.13]
Reward for thread 5: [-16.91, -17.99, -20.15] -18.35  Inventory: [31.0, 9.0, 8.0]  Order: [2.0, 1.8, 1.59] Demand: [2.045]

 Algo happo Exp ippo_seed15_formal_v1 updates 553/3000 episodes, total num timesteps 554000/3000000, FPS 126.

Reward for thread 1: [-15.72, -19.96, -19.71] -18.46  Inventory: [0.0, 0.0, 4.0]  Order: [9.55, 9.51, 9.59] Demand: [9.725]
Reward for thread 2: [-13.46, -20.13, -21.22] -18.27  Inventory: [0.0, 15.0, 5.0]  Order: [7.3, 7.34, 7.28] Demand: [7.33]
Reward for thread 3: [-13.04, -17.53, -16.37] -15.65  Inventory: [27.0, 9.0, 13.0]  Order: [6.04, 5.85, 5.67] Demand: [6.14]
Reward for thread 4: [-11.65, -17.07, -17.11] -15.28  Inventory: [13.0, 23.0, 30.0]  Order: [7.48, 7.35, 7.25] Demand: [7.615]
Reward for thread 5: [-30.9, -20.21, -21.13] -24.08  Inventory: [0.0, 0.0, 0.0]  Order: [11.3, 11.36, 11.4] Demand: [12.115]

 Algo happo Exp ippo_seed15_formal_v1 updates 554/3000 episodes, total num timesteps 555000/3000000, FPS 126.

Reward for thread 1: [-19.07, -26.43, -28.52] -24.67  Inventory: [0.0, 23.0, 31.0]  Order: [5.68, 5.56, 5.46] Demand: [5.78]
Reward for thread 2: [-74.59, -30.78, -31.43] -45.6  Inventory: [0.0, 0.0, 0.0]  Order: [12.24, 12.26, 12.26] Demand: [14.145]
Reward for thread 3: [-11.67, -17.1, -18.17] -15.65  Inventory: [7.0, 1.0, 0.0]  Order: [6.64, 6.5, 6.4] Demand: [6.78]
Reward for thread 4: [-18.65, -19.64, -18.4] -18.9  Inventory: [0.0, 27.0, 49.0]  Order: [10.21, 10.12, 10.11] Demand: [10.315]
Reward for thread 5: [-17.83, -16.27, -18.33] -17.48  Inventory: [0.0, 1.0, 0.0]  Order: [11.49, 11.6, 11.62] Demand: [12.055]

Eval average reward:  -29.21525  Eval ordering fluctuation measurement (downstream to upstream):  [0.6785535231986168, 0.9098145565834628, 1.09965425410431]

 Algo happo Exp ippo_seed15_formal_v1 updates 555/3000 episodes, total num timesteps 556000/3000000, FPS 126.

Reward for thread 1: [-13.25, -19.25, -21.37] -17.96  Inventory: [1.0, 0.0, 23.0]  Order: [5.82, 5.64, 5.53] Demand: [6.02]
Reward for thread 2: [-12.55, -17.58, -20.81] -16.98  Inventory: [12.0, 16.0, 8.0]  Order: [6.26, 6.32, 6.3] Demand: [6.32]
Reward for thread 3: [-19.66, -20.87, -22.43] -20.99  Inventory: [7.0, 10.0, 30.0]  Order: [7.41, 7.22, 7.12] Demand: [7.54]
Reward for thread 4: [-13.28, -19.06, -21.84] -18.06  Inventory: [7.0, 19.0, 40.0]  Order: [5.08, 4.94, 4.89] Demand: [5.28]
Reward for thread 5: [-12.11, -17.69, -19.02] -16.27  Inventory: [0.0, 0.0, 0.0]  Order: [5.75, 5.68, 5.56] Demand: [5.85]

 Algo happo Exp ippo_seed15_formal_v1 updates 556/3000 episodes, total num timesteps 557000/3000000, FPS 126.

Reward for thread 1: [-187.71, -56.66, -57.07] -100.48  Inventory: [0.0, 0.0, 0.0]  Order: [14.28, 14.32, 14.41] Demand: [17.305]
Reward for thread 2: [-31.75, -22.27, -19.55] -24.52  Inventory: [0.0, 14.0, 0.0]  Order: [11.61, 11.82, 11.84] Demand: [12.57]
Reward for thread 3: [-12.96, -18.21, -20.36] -17.18  Inventory: [0.0, 0.0, 0.0]  Order: [8.93, 8.94, 8.9] Demand: [8.93]
Reward for thread 4: [-14.96, -19.76, -23.4] -19.37  Inventory: [35.0, 28.0, 54.0]  Order: [4.6, 4.49, 4.51] Demand: [4.67]
Reward for thread 5: [-16.55, -21.12, -19.1] -18.92  Inventory: [8.0, 7.0, 2.0]  Order: [11.23, 11.25, 11.18] Demand: [11.21]

 Algo happo Exp ippo_seed15_formal_v1 updates 557/3000 episodes, total num timesteps 558000/3000000, FPS 126.

Reward for thread 1: [-14.41, -19.85, -22.08] -18.78  Inventory: [11.0, 18.0, 51.0]  Order: [5.32, 5.18, 5.18] Demand: [5.47]
Reward for thread 2: [-12.25, -17.18, -21.75] -17.06  Inventory: [8.0, 23.0, 40.0]  Order: [4.62, 4.5, 4.44] Demand: [4.82]
Reward for thread 3: [-11.94, -17.4, -24.16] -17.83  Inventory: [1.0, 22.0, 32.0]  Order: [3.38, 3.24, 3.18] Demand: [3.595]
Reward for thread 4: [-12.27, -16.84, -19.1] -16.07  Inventory: [0.0, 0.0, 11.0]  Order: [7.55, 7.41, 7.42] Demand: [7.49]
Reward for thread 5: [-15.95, -19.56, -17.23] -17.58  Inventory: [0.0, 9.0, 4.0]  Order: [8.79, 8.88, 8.9] Demand: [8.95]

 Algo happo Exp ippo_seed15_formal_v1 updates 558/3000 episodes, total num timesteps 559000/3000000, FPS 126.

Reward for thread 1: [-10.55, -15.65, -17.65] -14.62  Inventory: [4.0, 16.0, 7.0]  Order: [2.68, 2.58, 2.55] Demand: [2.855]
Reward for thread 2: [-11.69, -17.44, -18.88] -16.0  Inventory: [0.0, 3.0, 8.0]  Order: [6.22, 6.18, 6.18] Demand: [6.225]
Reward for thread 3: [-10.61, -16.26, -17.24] -14.7  Inventory: [0.0, 0.0, 0.0]  Order: [4.5, 4.37, 4.25] Demand: [4.605]
Reward for thread 4: [-20.54, -18.77, -21.66] -20.32  Inventory: [41.0, 22.0, 13.0]  Order: [4.51, 4.38, 4.21] Demand: [4.55]
Reward for thread 5: [-12.14, -16.31, -16.84] -15.1  Inventory: [16.0, 43.0, 45.0]  Order: [8.26, 8.27, 8.26] Demand: [8.36]

 Algo happo Exp ippo_seed15_formal_v1 updates 559/3000 episodes, total num timesteps 560000/3000000, FPS 126.

Reward for thread 1: [-11.9, -14.2, -16.49] -14.2  Inventory: [0.0, 0.0, 0.0]  Order: [8.72, 8.65, 8.58] Demand: [8.83]
Reward for thread 2: [-52.66, -28.64, -26.08] -35.79  Inventory: [0.0, 20.0, 6.0]  Order: [13.8, 13.93, 13.96] Demand: [14.94]
Reward for thread 3: [-96.39, -39.11, -41.35] -58.95  Inventory: [2.0, 17.0, 37.0]  Order: [11.5, 11.34, 11.32] Demand: [11.685]
Reward for thread 4: [-12.23, -17.11, -18.88] -16.07  Inventory: [4.0, 22.0, 20.0]  Order: [6.77, 6.72, 6.56] Demand: [6.92]
Reward for thread 5: [-27.56, -22.94, -23.83] -24.78  Inventory: [0.0, 10.0, 34.0]  Order: [12.06, 11.94, 11.86] Demand: [12.16]

Eval average reward:  -27.41508333333333  Eval ordering fluctuation measurement (downstream to upstream):  [0.656999118093888, 0.8562475310306613, 1.1108492446873017]

 Algo happo Exp ippo_seed15_formal_v1 updates 560/3000 episodes, total num timesteps 561000/3000000, FPS 126.

Reward for thread 1: [-291.9, -287.79, -275.52] -285.07  Inventory: [0.0, 0.0, 0.0]  Order: [12.38, 11.38, 5.86] Demand: [13.82]
Reward for thread 2: [-17.65, -21.39, -20.49] -19.84  Inventory: [18.0, 34.0, 45.0]  Order: [8.43, 8.35, 8.33] Demand: [8.55]
Reward for thread 3: [-11.76, -15.68, -18.9] -15.45  Inventory: [9.0, 13.0, 24.0]  Order: [3.28, 3.1, 2.98] Demand: [3.485]
Reward for thread 4: [-13.15, -18.71, -19.14] -17.0  Inventory: [0.0, 0.0, 0.0]  Order: [7.34, 7.35, 7.2] Demand: [7.31]
Reward for thread 5: [-20.88, -24.34, -24.4] -23.21  Inventory: [10.0, 17.0, 18.0]  Order: [8.19, 8.11, 8.06] Demand: [8.325]

 Algo happo Exp ippo_seed15_formal_v1 updates 561/3000 episodes, total num timesteps 562000/3000000, FPS 126.

Reward for thread 1: [-75.14, -34.83, -35.31] -48.43  Inventory: [0.0, 0.0, 2.0]  Order: [10.94, 10.9, 10.98] Demand: [12.67]
Reward for thread 2: [-12.26, -14.87, -20.93] -16.02  Inventory: [7.0, 23.0, 35.0]  Order: [1.64, 1.51, 1.44] Demand: [1.855]
Reward for thread 3: [-13.14, -17.07, -16.99] -15.73  Inventory: [9.0, 18.0, 40.0]  Order: [8.06, 7.92, 7.92] Demand: [8.2]
Reward for thread 4: [-69.71, -33.93, -29.49] -44.38  Inventory: [12.0, 18.0, 38.0]  Order: [12.0, 11.94, 11.92] Demand: [12.105]
Reward for thread 5: [-13.03, -18.42, -20.3] -17.25  Inventory: [9.0, 15.0, 21.0]  Order: [5.09, 4.92, 4.78] Demand: [5.295]

 Algo happo Exp ippo_seed15_formal_v1 updates 562/3000 episodes, total num timesteps 563000/3000000, FPS 126.

Reward for thread 1: [-25.54, -20.14, -18.71] -21.46  Inventory: [0.0, 0.0, 0.0]  Order: [13.64, 13.64, 13.62] Demand: [13.795]
Reward for thread 2: [-62.31, -29.42, -28.17] -39.97  Inventory: [0.0, 0.0, 0.0]  Order: [12.8, 12.68, 12.7] Demand: [12.955]
Reward for thread 3: [-32.51, -22.27, -21.46] -25.41  Inventory: [0.0, 0.0, 0.0]  Order: [8.48, 8.58, 8.64] Demand: [9.2]
Reward for thread 4: [-12.04, -16.79, -22.84] -17.22  Inventory: [8.0, 0.0, 0.0]  Order: [7.08, 7.56, 6.76] Demand: [7.03]
Reward for thread 5: [-10.59, -14.88, -16.83] -14.1  Inventory: [5.0, 10.0, 5.0]  Order: [4.5, 4.44, 4.37] Demand: [4.625]

 Algo happo Exp ippo_seed15_formal_v1 updates 563/3000 episodes, total num timesteps 564000/3000000, FPS 126.

Reward for thread 1: [-34.51, -23.65, -21.77] -26.64  Inventory: [0.0, 0.0, 7.0]  Order: [12.59, 12.54, 12.58] Demand: [12.805]
Reward for thread 2: [-134.36, -50.18, -45.73] -76.76  Inventory: [0.0, 0.0, 0.0]  Order: [14.69, 14.82, 14.8] Demand: [14.9]
Reward for thread 3: [-23.48, -21.52, -18.29] -21.1  Inventory: [1.0, 38.0, 59.0]  Order: [11.4, 11.34, 11.44] Demand: [11.42]
Reward for thread 4: [-15.66, -18.38, -18.61] -17.55  Inventory: [14.0, 15.0, 26.0]  Order: [4.85, 4.68, 4.56] Demand: [5.015]
Reward for thread 5: [-27.12, -23.9, -26.6] -25.87  Inventory: [0.0, 0.0, 0.0]  Order: [6.2, 6.5, 6.2] Demand: [6.94]

 Algo happo Exp ippo_seed15_formal_v1 updates 564/3000 episodes, total num timesteps 565000/3000000, FPS 126.

Reward for thread 1: [-20.7, -21.73, -22.79] -21.74  Inventory: [3.0, 0.0, 8.0]  Order: [8.51, 8.4, 8.2] Demand: [8.505]
Reward for thread 2: [-15.25, -18.32, -20.48] -18.02  Inventory: [0.0, 2.0, 0.0]  Order: [6.84, 6.97, 7.01] Demand: [6.93]
Reward for thread 3: [-24.32, -19.54, -18.45] -20.77  Inventory: [0.0, 0.0, 8.0]  Order: [12.0, 12.04, 12.04] Demand: [12.27]
Reward for thread 4: [-135.98, -64.79, -48.33] -83.03  Inventory: [0.0, 0.0, 0.0]  Order: [14.1, 14.18, 14.23] Demand: [16.15]
Reward for thread 5: [-14.5, -20.24, -21.85] -18.86  Inventory: [1.0, 14.0, 24.0]  Order: [5.68, 5.6, 5.49] Demand: [5.77]

Eval average reward:  -28.10475  Eval ordering fluctuation measurement (downstream to upstream):  [0.6605357833588222, 0.8764166344916131, 1.0749463820868288]

 Algo happo Exp ippo_seed15_formal_v1 updates 565/3000 episodes, total num timesteps 566000/3000000, FPS 126.

Reward for thread 1: [-56.58, -28.34, -28.3] -37.74  Inventory: [0.0, 0.0, 0.0]  Order: [11.48, 11.4, 11.3] Demand: [11.49]
Reward for thread 2: [-11.85, -17.08, -17.46] -15.46  Inventory: [5.0, 8.0, 21.0]  Order: [4.08, 3.94, 3.8] Demand: [4.19]
Reward for thread 3: [-50.51, -37.54, -28.67] -38.91  Inventory: [0.0, 0.0, 0.0]  Order: [11.56, 11.62, 11.62] Demand: [12.765]
Reward for thread 4: [-13.77, -19.74, -23.61] -19.04  Inventory: [11.0, 17.0, 32.0]  Order: [4.72, 4.57, 4.47] Demand: [4.89]
Reward for thread 5: [-13.42, -18.87, -19.48] -17.26  Inventory: [4.0, 10.0, 46.0]  Order: [7.02, 6.83, 6.81] Demand: [7.165]

 Algo happo Exp ippo_seed15_formal_v1 updates 566/3000 episodes, total num timesteps 567000/3000000, FPS 126.

Reward for thread 1: [-13.61, -17.57, -26.17] -19.12  Inventory: [7.0, 14.0, 27.0]  Order: [2.68, 2.5, 2.39] Demand: [2.86]
Reward for thread 2: [-13.06, -17.09, -18.27] -16.14  Inventory: [15.0, 11.0, 0.0]  Order: [6.88, 6.87, 6.76] Demand: [6.98]
Reward for thread 3: [-32.93, -21.11, -22.04] -25.36  Inventory: [8.0, 40.0, 60.0]  Order: [11.78, 11.74, 11.84] Demand: [11.895]
Reward for thread 4: [-12.59, -17.45, -18.96] -16.33  Inventory: [10.0, 15.0, 16.0]  Order: [3.4, 3.3, 3.14] Demand: [3.5]
Reward for thread 5: [-11.67, -17.15, -20.28] -16.37  Inventory: [6.0, 12.0, 0.0]  Order: [3.88, 3.8, 3.65] Demand: [4.02]

 Algo happo Exp ippo_seed15_formal_v1 updates 567/3000 episodes, total num timesteps 568000/3000000, FPS 126.

Reward for thread 1: [-13.8, -18.23, -17.81] -16.61  Inventory: [11.0, 17.0, 27.0]  Order: [6.28, 6.12, 6.0] Demand: [6.455]
Reward for thread 2: [-11.69, -16.76, -17.78] -15.41  Inventory: [5.0, 15.0, 18.0]  Order: [4.46, 4.3, 4.14] Demand: [4.67]
Reward for thread 3: [-14.06, -17.75, -16.92] -16.24  Inventory: [0.0, 0.0, 0.0]  Order: [9.3, 9.18, 9.2] Demand: [9.345]
Reward for thread 4: [-36.21, -24.48, -24.44] -28.38  Inventory: [0.0, 0.0, 0.0]  Order: [12.6, 12.68, 12.65] Demand: [13.355]
Reward for thread 5: [-10.67, -14.64, -16.7] -14.0  Inventory: [21.0, 32.0, 34.0]  Order: [3.5, 3.55, 3.48] Demand: [3.605]

 Algo happo Exp ippo_seed15_formal_v1 updates 568/3000 episodes, total num timesteps 569000/3000000, FPS 126.

Reward for thread 1: [-13.69, -15.31, -17.03] -15.34  Inventory: [0.0, 0.0, 28.0]  Order: [10.15, 10.08, 10.02] Demand: [10.21]
Reward for thread 2: [-11.22, -16.46, -18.65] -15.44  Inventory: [1.0, 0.0, 0.0]  Order: [5.07, 5.08, 4.9] Demand: [5.14]
Reward for thread 3: [-87.1, -38.37, -36.3] -53.92  Inventory: [0.0, 3.0, 0.0]  Order: [14.34, 14.47, 14.4] Demand: [16.125]
Reward for thread 4: [-12.04, -16.7, -17.39] -15.38  Inventory: [1.0, 6.0, 0.0]  Order: [6.66, 6.72, 6.55] Demand: [6.765]
Reward for thread 5: [-65.8, -31.34, -29.09] -42.08  Inventory: [0.0, 0.0, 0.0]  Order: [13.98, 14.13, 14.12] Demand: [14.02]

 Algo happo Exp ippo_seed15_formal_v1 updates 569/3000 episodes, total num timesteps 570000/3000000, FPS 126.

Reward for thread 1: [-18.51, -16.34, -17.68] -17.51  Inventory: [0.0, 1.0, 14.0]  Order: [10.97, 10.98, 10.89] Demand: [11.14]
Reward for thread 2: [-32.26, -20.83, -22.46] -25.18  Inventory: [0.0, 17.0, 5.0]  Order: [11.88, 12.02, 12.04] Demand: [12.705]
Reward for thread 3: [-11.48, -15.71, -16.3] -14.5  Inventory: [16.0, 34.0, 36.0]  Order: [7.02, 7.06, 7.03] Demand: [7.09]
Reward for thread 4: [-10.42, -13.71, -15.39] -13.17  Inventory: [0.0, 0.0, 0.0]  Order: [6.27, 6.27, 6.18] Demand: [6.35]
Reward for thread 5: [-119.49, -46.58, -50.11] -72.06  Inventory: [0.0, 0.0, 9.0]  Order: [13.76, 13.69, 13.77] Demand: [16.155]

Eval average reward:  -27.638666666666666  Eval ordering fluctuation measurement (downstream to upstream):  [0.6801935180826421, 0.855807055212835, 1.0888942073551433]

 Algo happo Exp ippo_seed15_formal_v1 updates 570/3000 episodes, total num timesteps 571000/3000000, FPS 126.

Reward for thread 1: [-21.27, -20.54, -18.39] -20.07  Inventory: [22.0, 26.0, 30.0]  Order: [9.95, 9.94, 9.85] Demand: [10.025]
Reward for thread 2: [-13.5, -14.03, -17.78] -15.1  Inventory: [7.0, 9.0, 17.0]  Order: [1.69, 1.5, 1.35] Demand: [1.905]
Reward for thread 3: [-48.24, -65.79, -71.16] -61.73  Inventory: [0.0, 0.0, 0.0]  Order: [10.38, 10.56, 7.9] Demand: [9.13]
Reward for thread 4: [-12.14, -15.42, -19.32] -15.63  Inventory: [8.0, 35.0, 35.0]  Order: [2.97, 2.9, 2.82] Demand: [3.145]
Reward for thread 5: [-73.01, -35.24, -34.39] -47.55  Inventory: [0.0, 0.0, 0.0]  Order: [10.63, 10.71, 10.74] Demand: [12.21]

 Algo happo Exp ippo_seed15_formal_v1 updates 571/3000 episodes, total num timesteps 572000/3000000, FPS 126.

Reward for thread 1: [-91.67, -41.39, -36.68] -56.58  Inventory: [5.0, 0.0, 0.0]  Order: [13.62, 13.53, 13.44] Demand: [13.7]
Reward for thread 2: [-30.44, -22.85, -22.22] -25.17  Inventory: [0.0, 16.0, 7.0]  Order: [10.04, 10.13, 10.15] Demand: [10.48]
Reward for thread 3: [-12.97, -17.23, -17.2] -15.8  Inventory: [8.0, 2.0, 0.0]  Order: [7.14, 7.09, 6.87] Demand: [7.24]
Reward for thread 4: [-86.22, -38.74, -34.62] -53.19  Inventory: [0.0, 0.0, 0.0]  Order: [12.26, 12.28, 12.27] Demand: [13.68]
Reward for thread 5: [-12.06, -16.56, -17.07] -15.23  Inventory: [5.0, 15.0, 31.0]  Order: [6.81, 6.66, 6.58] Demand: [6.98]

 Algo happo Exp ippo_seed15_formal_v1 updates 572/3000 episodes, total num timesteps 573000/3000000, FPS 126.

Reward for thread 1: [-14.18, -17.27, -17.81] -16.42  Inventory: [0.0, 0.0, 0.0]  Order: [8.88, 8.88, 8.82] Demand: [9.165]
Reward for thread 2: [-14.53, -18.97, -18.21] -17.24  Inventory: [10.0, 12.0, 0.0]  Order: [9.21, 9.18, 9.1] Demand: [9.3]
Reward for thread 3: [-118.69, -47.32, -46.71] -70.91  Inventory: [0.0, 0.0, 0.0]  Order: [15.08, 15.13, 15.17] Demand: [15.885]
Reward for thread 4: [-27.4, -17.07, -20.8] -21.76  Inventory: [89.0, 9.0, 7.0]  Order: [3.08, 2.9, 2.74] Demand: [2.86]
Reward for thread 5: [-14.77, -18.7, -19.4] -17.62  Inventory: [12.0, 20.0, 23.0]  Order: [6.7, 6.58, 6.46] Demand: [6.865]

 Algo happo Exp ippo_seed15_formal_v1 updates 573/3000 episodes, total num timesteps 574000/3000000, FPS 126.

Reward for thread 1: [-53.28, -35.53, -34.06] -40.96  Inventory: [1.0, 0.0, 0.0]  Order: [10.12, 9.96, 9.88] Demand: [10.065]
Reward for thread 2: [-80.23, -44.15, -36.66] -53.68  Inventory: [7.0, 0.0, 0.0]  Order: [14.11, 14.04, 14.02] Demand: [14.15]
Reward for thread 3: [-33.1, -26.85, -22.37] -27.44  Inventory: [0.0, 0.0, 0.0]  Order: [11.83, 11.78, 11.79] Demand: [11.97]
Reward for thread 4: [-21.08, -20.93, -22.07] -21.36  Inventory: [9.0, 26.0, 33.0]  Order: [10.01, 9.91, 9.86] Demand: [10.155]
Reward for thread 5: [-70.24, -34.18, -34.14] -46.19  Inventory: [3.0, 0.0, 16.0]  Order: [12.32, 12.18, 12.08] Demand: [12.395]

 Algo happo Exp ippo_seed15_formal_v1 updates 574/3000 episodes, total num timesteps 575000/3000000, FPS 126.

Reward for thread 1: [-12.46, -17.52, -21.28] -17.09  Inventory: [7.0, 16.0, 53.0]  Order: [3.24, 3.07, 3.08] Demand: [3.405]
Reward for thread 2: [-23.35, -20.6, -19.41] -21.12  Inventory: [20.0, 54.0, 51.0]  Order: [11.7, 11.76, 11.85] Demand: [11.775]
Reward for thread 3: [-50.78, -27.65, -26.96] -35.13  Inventory: [0.0, 0.0, 0.0]  Order: [13.9, 13.95, 13.91] Demand: [13.905]
Reward for thread 4: [-44.2, -31.22, -25.06] -33.49  Inventory: [0.0, 0.0, 10.0]  Order: [10.94, 10.89, 10.89] Demand: [11.065]
Reward for thread 5: [-55.36, -30.14, -27.49] -37.66  Inventory: [2.0, 0.0, 9.0]  Order: [12.84, 12.72, 12.54] Demand: [12.96]

Eval average reward:  -25.90975  Eval ordering fluctuation measurement (downstream to upstream):  [0.7099240704440504, 0.9246401772346768, 1.076114661042826]
Training finished because of no imporvement for 40 evaluations
LEARNING_CURVE_COMPLETED {"actual_algorithm": "ippo", "seed": 15, "requested_budget": 3000000, "completed_steps": 575000, "stop_reason": "official_early_stop", "initial_eval_cost": 232.64208333333335, "final_eval_cost": 25.90975, "best_observed_evaluation": {"step": 375000, "phase": "evaluation", "mean_actor_period_cost": 21.51425}, "official_best_cost": 21.51425, "best_scheduled_evaluation": {"step": 375000, "phase": "evaluation", "mean_actor_period_cost": 21.51425}, "final_model_directory": "C:\\Users\\13384\\.codex\\worktrees\\zaiqu-formal-bc\\external\\results\\MyEnv\\Emergency_Replenishment_Compatibility\\happo\\ippo_seed15_formal_v1\\run_seed_16\\final_models", "max_reload_error": 0.0, "eval_traces": 20, "interpretation": "single-seed learning observation, not convergence or superiority evidence", "stability": {"stable": false, "steps": 575000, "minimum_steps": 100000, "window": 10, "median_change_limit": 0.01, "recent_cv_limit": 0.05, "best_change_limit": 0.01, "median_change": 0.16293959035648475, "best_change": 0.09470830761346836, "recent_cv": 0.13066143773731145}}
