Gym has been unmaintained since 2022 and does not support NumPy 2.0 amongst other critical functionality.
Please upgrade to Gymnasium, the maintained drop-in replacement of Gym, or contact the authors of your software and request that they upgrade.
Users of this version of Gym should be able to simply replace 'import gym' with 'import gymnasium as gym' in the vast majority of cases.
See the migration guide at https://gymnasium.farama.org/introduction/migration_guide/ for additional information.
all config:  Namespace(algorithm_name='happo', scenario_name='Emergency_Replenishment_Compatibility', num_landmarks=3, num_agents=3, use_single_network=False, experiment_name='ippo_seed11_formal_v1', seed=[11], seed_specify=True, running_id=1, cuda=True, cuda_deterministic=True, n_training_threads=1, n_rollout_threads=5, n_eval_rollout_threads=1, n_render_rollout_threads=1, num_env_steps=3000000, n_warmup_evaluations=10, n_no_improvement_thres=40, user_name='marl', env_name='MyEnv', use_obs_instead_of_state=False, episode_length=200, share_policy=False, use_centralized_V=False, stacked_frames=1, use_stacked_frames=False, hidden_size=128, layer_N=2, use_ReLU=True, use_popart=False, use_valuenorm=True, use_feature_normalization=False, use_orthogonal=True, gain=0.01, use_naive_recurrent_policy=True, use_recurrent_policy=False, recurrent_N=2, data_chunk_length=10, lr=0.0001, critic_lr=0.0001, opti_eps=1e-05, weight_decay=0, kl_threshold=0.01, ls_step=10, accept_ratio=0.5, ppo_epoch=15, use_clipped_value_loss=True, clip_param=0.2, num_mini_batch=1, entropy_coef=0.01, value_loss_coef=0.5, use_max_grad_norm=False, max_grad_norm=0.5, use_gae=True, gamma=0.95, gae_lambda=0.95, use_proper_time_limits=True, use_huber_loss=True, use_value_active_masks=False, use_policy_active_masks=False, huber_delta=10.0, use_linear_lr_decay=False, save_interval=1, log_interval=1, model_dir=None, use_eval=True, eval_interval=5, save_gifs=False, use_render=False, render_episodes=5, ifi=0.1)
choose to use cpu...
-------------------------------------------------Training starts for seed: 11---------------------------------------------------
share_observation_space:  [Box(-inf, inf, (21,), float32), Box(-inf, inf, (21,), float32), Box(-inf, inf, (21,), float32)]
observation_space:  [Box(-inf, inf, (7,), float32), Box(-inf, inf, (7,), float32), Box(-inf, inf, (7,), float32)]
action_space:  [Discrete(21), Discrete(21), Discrete(21)]

Eval average reward:  -294.7013333333333  Eval ordering fluctuation measurement (downstream to upstream):  [0.4420098538429774, 0.5990829432803714, 0.023783072418853534]

 Algo happo Exp ippo_seed11_formal_v1 updates 0/3000 episodes, total num timesteps 1000/3000000, FPS 75.

Reward for thread 1: [-99.24, -77.0, -108.55] -94.93  Inventory: [0.0, 0.0, 0.0]  Order: [9.85, 10.44, 9.78] Demand: [11.835]
Reward for thread 2: [-107.13, -94.93, -74.47] -92.18  Inventory: [317.0, 0.0, 138.0]  Order: [10.3, 9.44, 10.11] Demand: [7.82]
Reward for thread 3: [-190.11, -110.58, -117.64] -139.44  Inventory: [0.0, 71.0, 257.0]  Order: [9.56, 9.94, 11.28] Demand: [14.145]
Reward for thread 4: [-362.59, -153.31, -124.08] -213.33  Inventory: [0.0, 139.0, 59.0]  Order: [9.65, 10.25, 10.39] Demand: [16.39]
Reward for thread 5: [-319.69, -141.09, -130.71] -197.16  Inventory: [0.0, 191.0, 0.0]  Order: [9.06, 10.32, 9.91] Demand: [13.685]

 Algo happo Exp ippo_seed11_formal_v1 updates 1/3000 episodes, total num timesteps 2000/3000000, FPS 94.

Reward for thread 1: [-340.93, -124.19, -127.46] -197.53  Inventory: [1337.0, 21.0, 0.0]  Order: [9.74, 10.04, 9.62] Demand: [3.15]
Reward for thread 2: [-319.97, -146.92, -117.7] -194.86  Inventory: [988.0, 0.0, 0.0]  Order: [10.42, 9.74, 9.31] Demand: [4.655]
Reward for thread 3: [-119.42, -108.58, -72.7] -100.23  Inventory: [309.0, 0.0, 37.0]  Order: [10.23, 9.75, 9.91] Demand: [8.28]
Reward for thread 4: [-107.81, -63.1, -73.52] -81.48  Inventory: [0.0, 0.0, 0.0]  Order: [9.43, 10.53, 9.22] Demand: [9.735]
Reward for thread 5: [-390.37, -118.59, -119.74] -209.57  Inventory: [0.0, 58.0, 0.0]  Order: [10.09, 10.38, 10.23] Demand: [16.13]

 Algo happo Exp ippo_seed11_formal_v1 updates 2/3000 episodes, total num timesteps 3000/3000000, FPS 104.

Reward for thread 1: [-98.94, -51.92, -59.71] -70.19  Inventory: [440.0, 75.0, 0.0]  Order: [9.7, 10.37, 9.89] Demand: [7.65]
Reward for thread 2: [-258.14, -103.68, -93.07] -151.63  Inventory: [998.0, 0.0, 0.0]  Order: [10.8, 10.22, 9.89] Demand: [5.075]
Reward for thread 3: [-96.27, -49.67, -65.56] -70.5  Inventory: [0.0, 0.0, 0.0]  Order: [9.73, 9.92, 9.46] Demand: [11.57]
Reward for thread 4: [-292.38, -92.04, -91.42] -158.61  Inventory: [1188.0, 0.0, 0.0]  Order: [10.28, 10.19, 10.11] Demand: [4.23]
Reward for thread 5: [-347.2, -166.65, -137.87] -217.24  Inventory: [1198.0, 95.0, 0.0]  Order: [9.38, 10.36, 9.75] Demand: [3.405]

 Algo happo Exp ippo_seed11_formal_v1 updates 3/3000 episodes, total num timesteps 4000/3000000, FPS 109.

Reward for thread 1: [-133.72, -94.86, -82.5] -103.69  Inventory: [138.0, 22.0, 37.0]  Order: [10.22, 10.25, 10.36] Demand: [9.58]
Reward for thread 2: [-103.26, -71.8, -73.17] -82.74  Inventory: [0.0, 0.0, 0.0]  Order: [10.12, 9.96, 9.49] Demand: [11.055]
Reward for thread 3: [-273.96, -94.25, -126.09] -164.77  Inventory: [0.0, 0.0, 154.0]  Order: [10.14, 9.97, 10.61] Demand: [15.51]
Reward for thread 4: [-234.86, -127.42, -90.48] -150.92  Inventory: [0.0, 0.0, 2.0]  Order: [10.38, 9.48, 9.44] Demand: [14.18]
Reward for thread 5: [-122.63, -81.96, -66.04] -90.21  Inventory: [606.0, 27.0, 95.0]  Order: [9.82, 9.81, 10.16] Demand: [6.865]

 Algo happo Exp ippo_seed11_formal_v1 updates 4/3000 episodes, total num timesteps 5000/3000000, FPS 113.

Reward for thread 1: [-266.73, -104.16, -124.59] -165.16  Inventory: [1049.0, 5.0, 0.0]  Order: [9.92, 10.54, 10.04] Demand: [4.645]
Reward for thread 2: [-290.15, -120.06, -105.34] -171.85  Inventory: [0.0, 0.0, 0.0]  Order: [10.58, 10.33, 10.2] Demand: [13.41]
Reward for thread 3: [-327.11, -122.53, -108.5] -186.05  Inventory: [980.0, 150.0, 8.0]  Order: [9.55, 10.3, 10.26] Demand: [4.78]
Reward for thread 4: [-130.75, -52.03, -70.41] -84.4  Inventory: [464.0, 0.0, 0.0]  Order: [9.36, 9.67, 9.18] Demand: [6.97]
Reward for thread 5: [-34.1, -34.07, -33.83] -34.0  Inventory: [0.0, 0.0, 114.0]  Order: [10.2, 9.56, 10.07] Demand: [9.795]

Eval average reward:  -302.15883333333335  Eval ordering fluctuation measurement (downstream to upstream):  [0.18886429837279758, 0.09303845139066237, 0.37084110031603057]
A better model is saved!

 Algo happo Exp ippo_seed11_formal_v1 updates 5/3000 episodes, total num timesteps 6000/3000000, FPS 104.

Reward for thread 1: [-73.22, -127.26, -66.69] -89.06  Inventory: [133.0, 175.0, 6.0]  Order: [9.74, 10.5, 10.37] Demand: [9.055]
Reward for thread 2: [-55.48, -37.92, -47.62] -47.01  Inventory: [164.0, 0.0, 0.0]  Order: [10.76, 10.74, 10.48] Demand: [9.895]
Reward for thread 3: [-118.84, -67.24, -52.37] -79.48  Inventory: [481.0, 0.0, 0.0]  Order: [10.04, 9.96, 9.68] Demand: [7.43]
Reward for thread 4: [-368.35, -174.92, -142.77] -228.68  Inventory: [1074.0, 303.0, 0.0]  Order: [8.64, 10.29, 10.09] Demand: [3.395]
Reward for thread 5: [-89.84, -49.12, -56.39] -65.12  Inventory: [4.0, 0.0, 0.0]  Order: [9.65, 10.1, 9.24] Demand: [9.515]

 Algo happo Exp ippo_seed11_formal_v1 updates 6/3000 episodes, total num timesteps 7000/3000000, FPS 107.

Reward for thread 1: [-108.58, -77.67, -54.61] -80.29  Inventory: [0.0, 0.0, 19.0]  Order: [10.78, 10.3, 10.32] Demand: [10.82]
Reward for thread 2: [-221.34, -130.44, -93.33] -148.37  Inventory: [0.0, 0.0, 0.0]  Order: [10.42, 9.85, 9.62] Demand: [13.06]
Reward for thread 3: [-85.54, -35.35, -36.02] -52.3  Inventory: [0.0, 10.0, 33.0]  Order: [10.12, 10.02, 10.1] Demand: [11.205]
Reward for thread 4: [-247.13, -84.52, -100.73] -144.13  Inventory: [843.0, 0.0, 0.0]  Order: [10.43, 10.64, 10.0] Demand: [5.89]
Reward for thread 5: [-277.72, -101.21, -109.27] -162.73  Inventory: [976.0, 0.0, 56.0]  Order: [10.37, 9.93, 10.16] Demand: [5.215]

 Algo happo Exp ippo_seed11_formal_v1 updates 7/3000 episodes, total num timesteps 8000/3000000, FPS 110.

Reward for thread 1: [-129.09, -56.06, -56.46] -80.54  Inventory: [0.0, 69.0, 66.0]  Order: [9.63, 9.91, 10.22] Demand: [13.06]
Reward for thread 2: [-130.39, -70.86, -82.62] -94.62  Inventory: [290.0, 40.0, 0.0]  Order: [9.86, 10.32, 9.85] Demand: [8.455]
Reward for thread 3: [-358.26, -109.82, -110.76] -192.95  Inventory: [0.0, 0.0, 67.0]  Order: [10.14, 9.94, 10.18] Demand: [14.245]
Reward for thread 4: [-155.29, -68.79, -65.78] -96.62  Inventory: [697.0, 42.0, 0.0]  Order: [10.14, 10.56, 10.23] Demand: [6.635]
Reward for thread 5: [-203.2, -118.29, -81.65] -134.38  Inventory: [521.0, 167.0, 18.0]  Order: [9.57, 10.38, 10.32] Demand: [7.]

 Algo happo Exp ippo_seed11_formal_v1 updates 8/3000 episodes, total num timesteps 9000/3000000, FPS 112.

Reward for thread 1: [-134.41, -55.93, -66.72] -85.69  Inventory: [0.0, 10.0, 0.0]  Order: [10.37, 10.47, 10.39] Demand: [12.8]
Reward for thread 2: [-524.09, -180.44, -161.47] -288.67  Inventory: [1609.0, 161.0, 66.0]  Order: [9.56, 10.2, 10.52] Demand: [1.545]
Reward for thread 3: [-96.84, -47.5, -50.07] -64.8  Inventory: [230.0, 34.0, 0.0]  Order: [10.29, 10.5, 10.41] Demand: [9.09]
Reward for thread 4: [-96.68, -42.95, -42.81] -60.81  Inventory: [0.0, 69.0, 3.0]  Order: [9.82, 10.21, 10.14] Demand: [10.81]
Reward for thread 5: [-195.65, -82.33, -73.11] -117.03  Inventory: [0.0, 84.0, 3.0]  Order: [10.08, 10.49, 10.48] Demand: [14.365]

 Algo happo Exp ippo_seed11_formal_v1 updates 9/3000 episodes, total num timesteps 10000/3000000, FPS 114.

Reward for thread 1: [-304.8, -104.15, -103.8] -170.92  Inventory: [0.0, 0.0, 0.0]  Order: [10.63, 10.46, 10.28] Demand: [14.925]
Reward for thread 2: [-102.96, -41.0, -50.3] -64.75  Inventory: [267.0, 54.0, 0.0]  Order: [10.01, 10.4, 10.24] Demand: [8.785]
Reward for thread 3: [-115.11, -55.84, -49.47] -73.47  Inventory: [0.0, 0.0, 0.0]  Order: [10.02, 9.93, 9.85] Demand: [12.875]
Reward for thread 4: [-385.82, -114.74, -119.63] -206.73  Inventory: [1360.0, 0.0, 0.0]  Order: [10.44, 10.44, 10.41] Demand: [3.595]
Reward for thread 5: [-134.38, -62.68, -61.7] -86.25  Inventory: [0.0, 0.0, 124.0]  Order: [10.68, 10.42, 10.96] Demand: [13.26]

Eval average reward:  -358.733  Eval ordering fluctuation measurement (downstream to upstream):  [0.07444916813612308, 0.12133561045011274, 0.3354316734967888]

 Algo happo Exp ippo_seed11_formal_v1 updates 10/3000 episodes, total num timesteps 11000/3000000, FPS 108.

Reward for thread 1: [-102.96, -49.76, -41.73] -64.82  Inventory: [0.0, 0.0, 0.0]  Order: [10.78, 10.32, 10.32] Demand: [11.305]
Reward for thread 2: [-134.73, -72.04, -56.32] -87.7  Inventory: [142.0, 0.0, 27.0]  Order: [9.8, 9.74, 9.8] Demand: [9.04]
Reward for thread 3: [-94.41, -60.04, -52.07] -68.84  Inventory: [0.0, 0.0, 7.0]  Order: [10.68, 10.2, 10.18] Demand: [11.49]
Reward for thread 4: [-93.35, -55.36, -45.87] -64.86  Inventory: [275.0, 0.0, 0.0]  Order: [10.76, 10.42, 10.15] Demand: [8.93]
Reward for thread 5: [-302.86, -99.28, -96.37] -166.17  Inventory: [0.0, 8.0, 0.0]  Order: [10.4, 10.36, 10.33] Demand: [11.045]

 Algo happo Exp ippo_seed11_formal_v1 updates 11/3000 episodes, total num timesteps 12000/3000000, FPS 110.

Reward for thread 1: [-106.74, -39.63, -42.28] -62.88  Inventory: [197.0, 14.0, 12.0]  Order: [10.36, 10.4, 10.42] Demand: [9.41]
Reward for thread 2: [-114.99, -43.24, -41.53] -66.59  Inventory: [0.0, 17.0, 0.0]  Order: [9.98, 10.08, 9.82] Demand: [13.36]
Reward for thread 3: [-439.71, -152.41, -127.66] -239.93  Inventory: [0.0, 0.0, 0.0]  Order: [10.48, 9.87, 9.8] Demand: [16.02]
Reward for thread 4: [-80.2, -98.4, -57.34] -78.65  Inventory: [0.0, 0.0, 4.0]  Order: [10.98, 9.44, 9.31] Demand: [10.265]
Reward for thread 5: [-283.42, -97.91, -95.61] -158.98  Inventory: [0.0, 71.0, 13.0]  Order: [9.6, 9.87, 9.91] Demand: [14.055]

 Algo happo Exp ippo_seed11_formal_v1 updates 12/3000 episodes, total num timesteps 13000/3000000, FPS 112.

Reward for thread 1: [-64.78, -56.49, -39.28] -53.52  Inventory: [294.0, 89.0, 3.0]  Order: [10.24, 10.72, 10.66] Demand: [8.78]
Reward for thread 2: [-302.28, -106.76, -101.84] -170.29  Inventory: [1009.0, 0.0, 2.0]  Order: [10.6, 10.3, 10.34] Demand: [5.32]
Reward for thread 3: [-56.22, -48.41, -43.52] -49.38  Inventory: [131.0, 27.0, 35.0]  Order: [10.32, 10.38, 10.43] Demand: [9.685]
Reward for thread 4: [-80.0, -51.98, -38.06] -56.68  Inventory: [0.0, 78.0, 0.0]  Order: [9.7, 10.07, 10.04] Demand: [10.015]
Reward for thread 5: [-214.22, -88.75, -90.48] -131.15  Inventory: [701.0, 65.0, 0.0]  Order: [11.0, 11.45, 11.26] Demand: [7.51]

 Algo happo Exp ippo_seed11_formal_v1 updates 13/3000 episodes, total num timesteps 14000/3000000, FPS 113.

Reward for thread 1: [-532.62, -149.8, -150.78] -277.73  Inventory: [1598.0, 11.0, 13.0]  Order: [10.72, 10.72, 10.72] Demand: [2.77]
Reward for thread 2: [-210.74, -85.7, -84.9] -127.11  Inventory: [813.0, 0.0, 0.0]  Order: [10.43, 10.32, 10.36] Demand: [6.13]
Reward for thread 3: [-87.5, -47.46, -52.35] -62.44  Inventory: [0.0, 0.0, 0.0]  Order: [11.1, 10.96, 10.91] Demand: [11.495]
Reward for thread 4: [-212.29, -130.8, -105.12] -149.4  Inventory: [0.0, 0.0, 0.0]  Order: [10.5, 10.2, 9.65] Demand: [13.275]
Reward for thread 5: [-187.74, -68.42, -74.1] -110.09  Inventory: [740.0, 0.0, 0.0]  Order: [10.04, 10.08, 9.88] Demand: [6.305]

 Algo happo Exp ippo_seed11_formal_v1 updates 14/3000 episodes, total num timesteps 15000/3000000, FPS 115.

Reward for thread 1: [-475.0, -168.26, -152.48] -265.25  Inventory: [1506.0, 0.0, 0.0]  Order: [11.22, 11.03, 10.88] Demand: [3.515]
Reward for thread 2: [-102.6, -51.56, -53.05] -69.07  Inventory: [206.0, 87.0, 0.0]  Order: [10.31, 10.74, 10.64] Demand: [9.29]
Reward for thread 3: [-423.59, -136.42, -133.78] -231.26  Inventory: [1494.0, 26.0, 0.0]  Order: [11.12, 11.2, 11.02] Demand: [3.625]
Reward for thread 4: [-135.91, -58.15, -59.7] -84.59  Inventory: [0.0, 1.0, 0.0]  Order: [11.06, 11.0, 10.92] Demand: [11.19]
Reward for thread 5: [-418.98, -125.21, -127.0] -223.73  Inventory: [0.0, 0.0, 42.0]  Order: [10.71, 10.54, 10.71] Demand: [14.15]

Eval average reward:  -327.42325  Eval ordering fluctuation measurement (downstream to upstream):  [0.036392784264008264, 0.18118079392513348, 0.21194145055445376]

 Algo happo Exp ippo_seed11_formal_v1 updates 15/3000 episodes, total num timesteps 16000/3000000, FPS 111.

Reward for thread 1: [-161.8, -63.66, -65.01] -96.82  Inventory: [0.0, 0.0, 0.0]  Order: [10.15, 10.32, 10.24] Demand: [13.565]
Reward for thread 2: [-288.52, -99.2, -95.74] -161.15  Inventory: [1119.0, 0.0, 18.0]  Order: [9.84, 9.72, 9.7] Demand: [4.19]
Reward for thread 3: [-178.84, -69.96, -64.7] -104.5  Inventory: [0.0, 0.0, 0.0]  Order: [10.64, 10.66, 10.53] Demand: [13.605]
Reward for thread 4: [-397.68, -124.86, -139.55] -220.7  Inventory: [1148.0, 16.0, 42.0]  Order: [10.32, 10.36, 10.61] Demand: [4.625]
Reward for thread 5: [-312.44, -98.52, -100.59] -170.52  Inventory: [1178.0, 0.0, 0.0]  Order: [10.24, 10.01, 9.68] Demand: [4.225]

 Algo happo Exp ippo_seed11_formal_v1 updates 16/3000 episodes, total num timesteps 17000/3000000, FPS 112.

Reward for thread 1: [-313.12, -136.18, -110.29] -186.53  Inventory: [1159.0, 0.0, 0.0]  Order: [11.22, 11.34, 10.84] Demand: [5.06]
Reward for thread 2: [-127.32, -54.68, -47.94] -76.65  Inventory: [0.0, 0.0, 31.0]  Order: [10.4, 10.06, 10.13] Demand: [13.42]
Reward for thread 3: [-297.76, -97.9, -94.04] -163.23  Inventory: [1175.0, 0.0, 0.0]  Order: [10.44, 10.34, 10.31] Demand: [4.445]
Reward for thread 4: [-196.58, -66.66, -66.4] -109.88  Inventory: [0.0, 7.0, 32.0]  Order: [10.6, 10.53, 10.66] Demand: [14.89]
Reward for thread 5: [-119.75, -69.4, -51.29] -80.15  Inventory: [0.0, 0.0, 0.0]  Order: [10.69, 10.57, 10.56] Demand: [13.97]

 Algo happo Exp ippo_seed11_formal_v1 updates 17/3000 episodes, total num timesteps 18000/3000000, FPS 113.

Reward for thread 1: [-227.31, -73.28, -75.14] -125.24  Inventory: [941.0, 0.0, 0.0]  Order: [10.36, 10.01, 9.86] Demand: [5.395]
Reward for thread 2: [-74.56, -58.99, -42.96] -58.84  Inventory: [0.0, 103.0, 0.0]  Order: [10.06, 10.64, 10.6] Demand: [10.15]
Reward for thread 3: [-256.5, -77.24, -76.69] -136.81  Inventory: [979.0, 58.0, 37.0]  Order: [9.4, 9.64, 9.82] Demand: [4.575]
Reward for thread 4: [-242.8, -75.01, -76.57] -131.46  Inventory: [724.0, 0.0, 0.0]  Order: [10.31, 10.3, 10.2] Demand: [6.57]
Reward for thread 5: [-132.69, -56.15, -55.13] -81.32  Inventory: [0.0, 0.0, 94.0]  Order: [9.72, 9.74, 10.1] Demand: [12.795]

 Algo happo Exp ippo_seed11_formal_v1 updates 18/3000 episodes, total num timesteps 19000/3000000, FPS 114.

Reward for thread 1: [-498.82, -169.68, -150.19] -272.9  Inventory: [1608.0, 0.0, 0.0]  Order: [11.43, 11.2, 11.27] Demand: [3.095]
Reward for thread 2: [-313.66, -93.69, -96.07] -167.81  Inventory: [1165.0, 0.0, 15.0]  Order: [10.46, 10.28, 10.26] Demand: [4.605]
Reward for thread 3: [-171.84, -81.28, -66.98] -106.7  Inventory: [0.0, 0.0, 18.0]  Order: [10.9, 10.64, 10.56] Demand: [11.415]
Reward for thread 4: [-158.67, -82.09, -62.78] -101.18  Inventory: [0.0, 0.0, 0.0]  Order: [10.86, 10.66, 10.54] Demand: [14.565]
Reward for thread 5: [-252.18, -98.19, -84.95] -145.11  Inventory: [823.0, 0.0, 0.0]  Order: [11.06, 11.16, 10.96] Demand: [6.76]

 Algo happo Exp ippo_seed11_formal_v1 updates 19/3000 episodes, total num timesteps 20000/3000000, FPS 115.

Reward for thread 1: [-211.74, -78.08, -74.53] -121.45  Inventory: [0.0, 0.0, 0.0]  Order: [10.86, 10.56, 10.56] Demand: [14.955]
Reward for thread 2: [-335.16, -110.75, -114.27] -186.73  Inventory: [1295.0, 0.0, 8.0]  Order: [9.88, 9.71, 9.79] Demand: [3.34]
Reward for thread 3: [-253.78, -94.13, -83.87] -143.93  Inventory: [513.0, 0.0, 2.0]  Order: [10.48, 10.3, 10.18] Demand: [7.92]
Reward for thread 4: [-544.78, -164.52, -156.51] -288.6  Inventory: [1837.0, 0.0, 48.0]  Order: [10.56, 10.42, 10.55] Demand: [1.44]
Reward for thread 5: [-202.73, -87.21, -78.67] -122.87  Inventory: [0.0, 0.0, 0.0]  Order: [11.38, 10.96, 10.77] Demand: [13.56]

Eval average reward:  -188.842  Eval ordering fluctuation measurement (downstream to upstream):  [1.0121602565129633, 0.1797477132950671, 0.7225153940622349]
A better model is saved!

 Algo happo Exp ippo_seed11_formal_v1 updates 20/3000 episodes, total num timesteps 21000/3000000, FPS 112.

Reward for thread 1: [-148.71, -87.64, -67.85] -101.4  Inventory: [0.0, 0.0, 28.0]  Order: [11.48, 11.19, 11.26] Demand: [14.48]
Reward for thread 2: [-193.11, -84.72, -76.21] -118.01  Inventory: [631.0, 0.0, 0.0]  Order: [10.84, 10.56, 10.36] Demand: [7.365]
Reward for thread 3: [-181.6, -73.18, -72.97] -109.25  Inventory: [0.0, 0.0, 0.0]  Order: [11.34, 11.42, 11.14] Demand: [14.575]
Reward for thread 4: [-234.74, -83.27, -80.2] -132.74  Inventory: [498.0, 15.0, 40.0]  Order: [10.48, 10.53, 10.54] Demand: [8.095]
Reward for thread 5: [-427.75, -147.68, -136.04] -237.16  Inventory: [0.0, 0.0, 22.0]  Order: [11.73, 11.4, 11.41] Demand: [17.735]

 Algo happo Exp ippo_seed11_formal_v1 updates 21/3000 episodes, total num timesteps 22000/3000000, FPS 113.

Reward for thread 1: [-160.73, -69.47, -58.58] -96.26  Inventory: [654.0, 0.0, 0.0]  Order: [10.95, 10.62, 10.32] Demand: [7.41]
Reward for thread 2: [-97.4, -52.28, -52.05] -67.24  Inventory: [0.0, 10.0, 0.0]  Order: [9.93, 10.23, 10.01] Demand: [11.04]
Reward for thread 3: [-196.39, -65.85, -65.34] -109.19  Inventory: [713.0, 0.0, 0.0]  Order: [9.7, 9.73, 9.64] Demand: [6.04]
Reward for thread 4: [-182.03, -71.48, -62.16] -105.22  Inventory: [0.0, 0.0, 0.0]  Order: [10.29, 10.28, 10.06] Demand: [10.515]
Reward for thread 5: [-153.77, -78.98, -65.1] -99.28  Inventory: [0.0, 11.0, 0.0]  Order: [10.52, 10.56, 10.35] Demand: [11.205]

 Algo happo Exp ippo_seed11_formal_v1 updates 22/3000 episodes, total num timesteps 23000/3000000, FPS 114.

Reward for thread 1: [-123.44, -59.21, -49.08] -77.24  Inventory: [0.0, 19.0, 0.0]  Order: [9.93, 10.04, 10.02] Demand: [11.605]
Reward for thread 2: [-130.08, -119.47, -64.14] -104.56  Inventory: [342.0, 0.0, 20.0]  Order: [10.84, 10.34, 10.38] Demand: [8.61]
Reward for thread 3: [-229.65, -80.55, -73.89] -128.03  Inventory: [885.0, 0.0, 4.0]  Order: [10.62, 10.37, 10.2] Demand: [6.07]
Reward for thread 4: [-183.8, -75.38, -70.25] -109.81  Inventory: [479.0, 21.0, 0.0]  Order: [9.6, 9.78, 9.62] Demand: [7.235]
Reward for thread 5: [-186.18, -132.96, -81.67] -133.6  Inventory: [0.0, 0.0, 10.0]  Order: [11.48, 10.4, 10.44] Demand: [13.765]

 Algo happo Exp ippo_seed11_formal_v1 updates 23/3000 episodes, total num timesteps 24000/3000000, FPS 115.

Reward for thread 1: [-248.25, -138.43, -95.18] -160.62  Inventory: [0.0, 0.0, 0.0]  Order: [11.32, 10.72, 10.57] Demand: [15.13]
Reward for thread 2: [-125.66, -77.52, -56.52] -86.57  Inventory: [0.0, 0.0, 0.0]  Order: [10.78, 10.44, 10.34] Demand: [12.85]
Reward for thread 3: [-102.93, -51.2, -45.14] -66.42  Inventory: [0.0, 0.0, 26.0]  Order: [9.91, 9.64, 9.72] Demand: [11.28]
Reward for thread 4: [-341.51, -104.71, -102.42] -182.88  Inventory: [1223.0, 102.0, 0.0]  Order: [9.19, 9.72, 9.66] Demand: [3.21]
Reward for thread 5: [-216.4, -86.48, -74.63] -125.84  Inventory: [943.0, 45.0, 33.0]  Order: [9.74, 9.9, 10.02] Demand: [4.95]

 Algo happo Exp ippo_seed11_formal_v1 updates 24/3000 episodes, total num timesteps 25000/3000000, FPS 116.

Reward for thread 1: [-96.72, -53.02, -49.91] -66.55  Inventory: [390.0, 0.0, 27.0]  Order: [10.38, 10.23, 10.24] Demand: [8.45]
Reward for thread 2: [-178.55, -78.78, -68.36] -108.56  Inventory: [569.0, 63.0, 0.0]  Order: [10.18, 10.51, 10.26] Demand: [7.49]
Reward for thread 3: [-157.99, -75.17, -58.93] -97.36  Inventory: [683.0, 0.0, 0.0]  Order: [10.04, 9.94, 9.87] Demand: [6.57]
Reward for thread 4: [-179.72, -65.62, -62.22] -102.52  Inventory: [624.0, 39.0, 0.0]  Order: [9.18, 9.52, 9.36] Demand: [6.02]
Reward for thread 5: [-183.12, -63.94, -68.1] -105.05  Inventory: [379.0, 31.0, 0.0]  Order: [9.47, 9.57, 9.51] Demand: [7.62]

Eval average reward:  -108.14616666666666  Eval ordering fluctuation measurement (downstream to upstream):  [0.5115158807629672, 0.42710892708393666, 0.8757328666100482]
A better model is saved!

 Algo happo Exp ippo_seed11_formal_v1 updates 25/3000 episodes, total num timesteps 26000/3000000, FPS 113.

Reward for thread 1: [-193.31, -88.57, -69.29] -117.06  Inventory: [805.0, 52.0, 17.0]  Order: [9.52, 9.64, 9.6] Demand: [5.49]
Reward for thread 2: [-315.71, -117.03, -96.59] -176.44  Inventory: [0.0, 0.0, 0.0]  Order: [10.19, 10.1, 9.93] Demand: [16.435]
Reward for thread 3: [-253.47, -83.32, -81.7] -139.5  Inventory: [872.0, 70.0, 6.0]  Order: [8.88, 9.1, 8.99] Demand: [4.48]
Reward for thread 4: [-78.85, -37.58, -39.31] -51.91  Inventory: [102.0, 25.0, 54.0]  Order: [9.08, 9.09, 9.28] Demand: [8.615]
Reward for thread 5: [-272.38, -129.47, -96.51] -166.12  Inventory: [960.0, 109.0, 64.0]  Order: [8.76, 9.23, 9.48] Demand: [3.985]

 Algo happo Exp ippo_seed11_formal_v1 updates 26/3000 episodes, total num timesteps 27000/3000000, FPS 114.

Reward for thread 1: [-106.08, -49.66, -48.39] -68.04  Inventory: [159.0, 26.0, 50.0]  Order: [9.47, 9.44, 9.62] Demand: [8.73]
Reward for thread 2: [-136.3, -69.23, -59.12] -88.22  Inventory: [299.0, 1.0, 0.0]  Order: [8.99, 8.98, 8.83] Demand: [7.535]
Reward for thread 3: [-262.41, -84.3, -82.54] -143.08  Inventory: [779.0, 37.0, 0.0]  Order: [9.29, 9.49, 9.33] Demand: [5.42]
Reward for thread 4: [-355.64, -111.3, -107.12] -191.35  Inventory: [1361.0, 0.0, 0.0]  Order: [10.01, 9.88, 9.73] Demand: [2.985]
Reward for thread 5: [-281.14, -105.29, -93.47] -159.97  Inventory: [0.0, 0.0, 0.0]  Order: [10.6, 10.12, 10.04] Demand: [14.805]

 Algo happo Exp ippo_seed11_formal_v1 updates 27/3000 episodes, total num timesteps 28000/3000000, FPS 115.

Reward for thread 1: [-104.41, -53.24, -47.02] -68.22  Inventory: [0.0, 24.0, 0.0]  Order: [11.05, 11.2, 11.16] Demand: [13.01]
Reward for thread 2: [-92.25, -65.52, -48.6] -68.79  Inventory: [410.0, 4.0, 0.0]  Order: [8.46, 8.74, 8.61] Demand: [6.5]
Reward for thread 3: [-79.49, -41.2, -41.59] -54.09  Inventory: [49.0, 13.0, 0.0]  Order: [11.04, 11.18, 10.94] Demand: [10.715]
Reward for thread 4: [-299.88, -95.0, -93.1] -162.66  Inventory: [1091.0, 50.0, 3.0]  Order: [9.56, 9.85, 9.83] Demand: [4.185]
Reward for thread 5: [-75.72, -42.3, -37.43] -51.82  Inventory: [0.0, 0.0, 0.0]  Order: [10.09, 9.98, 9.9] Demand: [10.64]

 Algo happo Exp ippo_seed11_formal_v1 updates 28/3000 episodes, total num timesteps 29000/3000000, FPS 116.

Reward for thread 1: [-141.29, -78.58, -66.91] -95.59  Inventory: [358.0, 34.0, 38.0]  Order: [8.88, 8.96, 9.09] Demand: [7.08]
Reward for thread 2: [-118.6, -58.38, -49.33] -75.44  Inventory: [107.0, 0.0, 0.0]  Order: [10.12, 10.0, 9.72] Demand: [9.33]
Reward for thread 3: [-175.7, -67.11, -68.72] -103.84  Inventory: [0.0, 16.0, 151.0]  Order: [10.54, 10.42, 11.08] Demand: [13.675]
Reward for thread 4: [-139.68, -61.79, -56.07] -85.85  Inventory: [542.0, 5.0, 101.0]  Order: [9.98, 9.98, 10.4] Demand: [7.35]
Reward for thread 5: [-73.69, -33.68, -36.62] -48.0  Inventory: [236.0, 0.0, 0.0]  Order: [9.46, 9.35, 9.38] Demand: [8.34]

 Algo happo Exp ippo_seed11_formal_v1 updates 29/3000 episodes, total num timesteps 30000/3000000, FPS 116.

Reward for thread 1: [-266.41, -134.09, -96.11] -165.54  Inventory: [757.0, 106.0, 0.0]  Order: [8.68, 9.11, 9.06] Demand: [5.09]
Reward for thread 2: [-232.65, -81.63, -78.99] -131.09  Inventory: [0.0, 0.0, 0.0]  Order: [10.04, 10.04, 9.84] Demand: [15.03]
Reward for thread 3: [-275.28, -104.93, -88.54] -156.25  Inventory: [890.0, 106.0, 52.0]  Order: [8.55, 8.96, 9.21] Demand: [4.17]
Reward for thread 4: [-109.5, -57.81, -45.49] -70.93  Inventory: [0.0, 0.0, 0.0]  Order: [10.32, 9.57, 9.52] Demand: [12.91]
Reward for thread 5: [-226.04, -110.28, -79.04] -138.45  Inventory: [0.0, 0.0, 0.0]  Order: [11.98, 11.54, 11.41] Demand: [16.145]

Eval average reward:  -89.58266666666665  Eval ordering fluctuation measurement (downstream to upstream):  [0.4847670949789917, 0.5097508025794872, 0.6774994581194625]
A better model is saved!

 Algo happo Exp ippo_seed11_formal_v1 updates 30/3000 episodes, total num timesteps 31000/3000000, FPS 114.

Reward for thread 1: [-223.22, -87.85, -89.22] -133.43  Inventory: [0.0, 41.0, 48.0]  Order: [11.08, 11.12, 11.28] Demand: [14.46]
Reward for thread 2: [-197.05, -77.76, -65.98] -113.6  Inventory: [541.0, 22.0, 0.0]  Order: [8.38, 8.45, 8.31] Demand: [5.785]
Reward for thread 3: [-103.49, -59.37, -45.42] -69.43  Inventory: [115.0, 111.0, 42.0]  Order: [7.98, 8.46, 8.71] Demand: [7.545]
Reward for thread 4: [-86.79, -61.27, -47.47] -65.18  Inventory: [0.0, 0.0, 0.0]  Order: [11.34, 11.04, 10.69] Demand: [13.1]
Reward for thread 5: [-87.9, -49.8, -46.15] -61.28  Inventory: [0.0, 0.0, 0.0]  Order: [10.02, 9.66, 9.43] Demand: [11.3]

 Algo happo Exp ippo_seed11_formal_v1 updates 31/3000 episodes, total num timesteps 32000/3000000, FPS 115.

Reward for thread 1: [-26.16, -26.48, -21.66] -24.77  Inventory: [0.0, 0.0, 0.0]  Order: [10.91, 10.87, 10.72] Demand: [11.57]
Reward for thread 2: [-54.3, -29.37, -32.63] -38.77  Inventory: [192.0, 33.0, 0.0]  Order: [8.98, 9.1, 8.99] Demand: [8.075]
Reward for thread 3: [-140.34, -78.53, -54.27] -91.05  Inventory: [0.0, 0.0, 0.0]  Order: [11.28, 11.02, 10.74] Demand: [14.265]
Reward for thread 4: [-226.97, -81.02, -76.06] -128.02  Inventory: [0.0, 0.0, 12.0]  Order: [10.84, 10.55, 10.46] Demand: [14.45]
Reward for thread 5: [-211.55, -109.91, -78.94] -133.47  Inventory: [878.0, 123.0, 24.0]  Order: [9.49, 9.97, 9.93] Demand: [5.125]

 Algo happo Exp ippo_seed11_formal_v1 updates 32/3000 episodes, total num timesteps 33000/3000000, FPS 115.

Reward for thread 1: [-219.26, -94.64, -82.66] -132.19  Inventory: [0.0, 0.0, 0.0]  Order: [10.42, 10.18, 10.11] Demand: [14.535]
Reward for thread 2: [-188.82, -80.52, -70.89] -113.41  Inventory: [0.0, 0.0, 51.0]  Order: [11.28, 11.12, 11.28] Demand: [14.51]
Reward for thread 3: [-251.05, -103.5, -79.15] -144.57  Inventory: [899.0, 189.0, 0.0]  Order: [8.64, 9.54, 9.44] Demand: [4.165]
Reward for thread 4: [-36.72, -39.84, -31.51] -36.02  Inventory: [37.0, 38.0, 54.0]  Order: [9.1, 9.2, 9.28] Demand: [8.845]
Reward for thread 5: [-84.66, -47.07, -50.17] -60.63  Inventory: [7.0, 43.0, 0.0]  Order: [8.29, 8.48, 8.4] Demand: [8.41]

 Algo happo Exp ippo_seed11_formal_v1 updates 33/3000 episodes, total num timesteps 34000/3000000, FPS 116.

Reward for thread 1: [-98.25, -80.82, -52.62] -77.23  Inventory: [0.0, 0.0, 0.0]  Order: [11.54, 11.22, 11.05] Demand: [13.425]
Reward for thread 2: [-68.07, -47.67, -43.58] -53.11  Inventory: [0.0, 0.0, 0.0]  Order: [9.38, 8.57, 8.64] Demand: [10.905]
Reward for thread 3: [-143.03, -79.08, -56.85] -92.99  Inventory: [385.0, 85.0, 26.0]  Order: [9.19, 9.48, 9.59] Demand: [7.395]
Reward for thread 4: [-191.96, -68.73, -73.39] -111.36  Inventory: [615.0, 0.0, 20.0]  Order: [8.35, 8.33, 8.25] Demand: [5.405]
Reward for thread 5: [-99.29, -57.31, -54.8] -70.47  Inventory: [0.0, 9.0, 3.0]  Order: [9.08, 9.14, 9.07] Demand: [9.515]

 Algo happo Exp ippo_seed11_formal_v1 updates 34/3000 episodes, total num timesteps 35000/3000000, FPS 116.

Reward for thread 1: [-158.36, -61.02, -60.98] -93.45  Inventory: [647.0, 56.0, 51.0]  Order: [8.46, 8.6, 8.63] Demand: [5.19]
Reward for thread 2: [-202.63, -96.73, -73.58] -124.31  Inventory: [0.0, 0.0, 0.0]  Order: [11.6, 11.5, 11.26] Demand: [14.425]
Reward for thread 3: [-98.4, -51.33, -44.28] -64.67  Inventory: [0.0, 0.0, 7.0]  Order: [9.94, 9.91, 10.07] Demand: [11.255]
Reward for thread 4: [-318.42, -212.02, -119.46] -216.63  Inventory: [959.0, 257.0, 27.0]  Order: [8.71, 9.88, 10.02] Demand: [3.965]
Reward for thread 5: [-158.21, -91.87, -66.77] -105.62  Inventory: [0.0, 0.0, 0.0]  Order: [11.09, 10.4, 10.1] Demand: [11.585]

Eval average reward:  -98.95925  Eval ordering fluctuation measurement (downstream to upstream):  [0.7034606515683428, 0.7675601368549698, 0.8448540583986592]

 Algo happo Exp ippo_seed11_formal_v1 updates 35/3000 episodes, total num timesteps 36000/3000000, FPS 114.

Reward for thread 1: [-99.33, -90.66, -61.32] -83.77  Inventory: [0.0, 95.0, 3.0]  Order: [9.68, 10.12, 10.04] Demand: [9.94]
Reward for thread 2: [-133.96, -83.91, -61.8] -93.22  Inventory: [543.0, 37.0, 71.0]  Order: [10.18, 10.28, 10.5] Demand: [7.555]
Reward for thread 3: [-62.72, -35.3, -39.94] -45.99  Inventory: [100.0, 14.0, 0.0]  Order: [8.62, 8.7, 8.74] Demand: [8.13]
Reward for thread 4: [-168.4, -81.27, -66.2] -105.29  Inventory: [716.0, 30.0, 80.0]  Order: [8.23, 8.36, 8.72] Demand: [4.745]
Reward for thread 5: [-365.79, -137.55, -118.77] -207.37  Inventory: [1218.0, 7.0, 7.0]  Order: [8.0, 7.95, 7.83] Demand: [1.985]

 Algo happo Exp ippo_seed11_formal_v1 updates 36/3000 episodes, total num timesteps 37000/3000000, FPS 115.

Reward for thread 1: [-154.91, -67.83, -103.75] -108.83  Inventory: [641.0, 0.0, 147.0]  Order: [7.99, 7.82, 8.33] Demand: [4.85]
Reward for thread 2: [-136.27, -46.48, -52.98] -78.58  Inventory: [355.0, 2.0, 19.0]  Order: [8.18, 8.05, 8.12] Demand: [6.46]
Reward for thread 3: [-36.59, -40.52, -34.28] -37.13  Inventory: [1.0, 0.0, 0.0]  Order: [10.89, 10.76, 10.7] Demand: [10.56]
Reward for thread 4: [-91.74, -55.27, -45.98] -64.33  Inventory: [0.0, 79.0, 72.0]  Order: [9.14, 9.32, 9.6] Demand: [9.24]
Reward for thread 5: [-165.87, -90.53, -69.36] -108.59  Inventory: [701.0, 105.0, 4.0]  Order: [9.19, 9.7, 9.51] Demand: [5.855]

 Algo happo Exp ippo_seed11_formal_v1 updates 37/3000 episodes, total num timesteps 38000/3000000, FPS 115.

Reward for thread 1: [-310.87, -97.54, -97.93] -168.78  Inventory: [994.0, 13.0, 29.0]  Order: [7.68, 7.59, 7.59] Demand: [2.795]
Reward for thread 2: [-123.57, -76.52, -55.17] -85.09  Inventory: [45.0, 5.0, 0.0]  Order: [12.32, 12.49, 12.51] Demand: [12.04]
Reward for thread 3: [-60.55, -82.58, -44.77] -62.63  Inventory: [37.0, 178.0, 64.0]  Order: [7.62, 8.49, 8.74] Demand: [7.5]
Reward for thread 4: [-402.68, -158.57, -129.14] -230.13  Inventory: [0.0, 0.0, 0.0]  Order: [12.34, 12.4, 12.08] Demand: [17.055]
Reward for thread 5: [-126.26, -72.71, -63.6] -87.52  Inventory: [378.0, 70.0, 38.0]  Order: [8.51, 8.65, 8.74] Demand: [6.73]

 Algo happo Exp ippo_seed11_formal_v1 updates 38/3000 episodes, total num timesteps 39000/3000000, FPS 116.

Reward for thread 1: [-154.87, -89.94, -63.28] -102.7  Inventory: [425.0, 4.0, 39.0]  Order: [11.58, 11.58, 11.68] Demand: [9.51]
Reward for thread 2: [-162.8, -79.91, -63.8] -102.17  Inventory: [55.0, 0.0, 0.0]  Order: [12.25, 12.12, 12.16] Demand: [11.685]
Reward for thread 3: [-143.71, -68.11, -60.03] -90.62  Inventory: [0.0, 20.0, 0.0]  Order: [10.44, 10.56, 10.64] Demand: [12.84]
Reward for thread 4: [-165.9, -67.6, -68.67] -100.72  Inventory: [658.0, 0.0, 15.0]  Order: [7.14, 6.94, 6.95] Demand: [3.825]
Reward for thread 5: [-213.55, -96.4, -87.95] -132.63  Inventory: [0.0, 0.0, 20.0]  Order: [11.3, 10.78, 10.9] Demand: [13.17]

 Algo happo Exp ippo_seed11_formal_v1 updates 39/3000 episodes, total num timesteps 40000/3000000, FPS 116.

Reward for thread 1: [-124.93, -53.46, -50.25] -76.21  Inventory: [0.0, 0.0, 0.0]  Order: [8.86, 8.62, 8.46] Demand: [9.485]
Reward for thread 2: [-111.4, -59.05, -56.25] -75.57  Inventory: [506.0, 130.0, 38.0]  Order: [6.9, 7.5, 7.58] Demand: [4.525]
Reward for thread 3: [-201.45, -79.05, -74.99] -118.5  Inventory: [629.0, 26.0, 35.0]  Order: [8.76, 8.81, 8.77] Demand: [5.765]
Reward for thread 4: [-247.22, -131.24, -92.73] -157.06  Inventory: [855.0, 202.0, 84.0]  Order: [6.94, 7.9, 8.21] Demand: [2.845]
Reward for thread 5: [-38.81, -39.5, -28.67] -35.66  Inventory: [7.0, 0.0, 58.0]  Order: [10.83, 10.46, 10.64] Demand: [10.755]

Eval average reward:  -76.43166666666667  Eval ordering fluctuation measurement (downstream to upstream):  [0.6117515428815403, 0.7604944868783892, 0.9835563156163731]
A better model is saved!

 Algo happo Exp ippo_seed11_formal_v1 updates 40/3000 episodes, total num timesteps 41000/3000000, FPS 115.

Reward for thread 1: [-229.41, -91.99, -89.17] -136.86  Inventory: [686.0, 95.0, 37.0]  Order: [7.8, 8.21, 8.38] Demand: [4.535]
Reward for thread 2: [-127.57, -67.24, -58.08] -84.3  Inventory: [0.0, 0.0, 0.0]  Order: [10.06, 9.82, 9.66] Demand: [12.905]
Reward for thread 3: [-38.37, -41.68, -42.74] -40.93  Inventory: [164.0, 2.0, 146.0]  Order: [9.26, 9.16, 9.72] Demand: [8.59]
Reward for thread 4: [-453.68, -152.15, -134.29] -246.71  Inventory: [0.0, 0.0, 0.0]  Order: [11.22, 11.05, 11.02] Demand: [15.87]
Reward for thread 5: [-115.38, -71.54, -56.73] -81.22  Inventory: [318.0, 30.0, 121.0]  Order: [10.36, 10.33, 10.76] Demand: [8.82]

 Algo happo Exp ippo_seed11_formal_v1 updates 41/3000 episodes, total num timesteps 42000/3000000, FPS 115.

Reward for thread 1: [-122.37, -55.41, -63.77] -80.52  Inventory: [425.0, 33.0, 138.0]  Order: [8.24, 8.24, 8.76] Demand: [6.185]
Reward for thread 2: [-260.54, -115.9, -90.48] -155.64  Inventory: [0.0, 0.0, 0.0]  Order: [13.38, 12.59, 12.31] Demand: [15.345]
Reward for thread 3: [-342.58, -111.0, -128.52] -194.03  Inventory: [1106.0, 11.0, 104.0]  Order: [7.3, 7.22, 7.6] Demand: [1.86]
Reward for thread 4: [-179.8, -140.23, -88.35] -136.13  Inventory: [0.0, 0.0, 24.0]  Order: [12.27, 11.43, 11.44] Demand: [14.63]
Reward for thread 5: [-200.52, -96.58, -78.27] -125.12  Inventory: [530.0, 31.0, 53.0]  Order: [8.02, 8.03, 8.24] Demand: [5.43]

 Algo happo Exp ippo_seed11_formal_v1 updates 42/3000 episodes, total num timesteps 43000/3000000, FPS 116.

Reward for thread 1: [-99.14, -68.73, -50.6] -72.82  Inventory: [0.0, 0.0, 0.0]  Order: [11.52, 11.28, 11.22] Demand: [11.35]
Reward for thread 2: [-128.16, -86.21, -60.96] -91.78  Inventory: [0.0, 0.0, 22.0]  Order: [12.86, 12.46, 12.47] Demand: [13.82]
Reward for thread 3: [-66.85, -56.48, -50.28] -57.87  Inventory: [0.0, 9.0, 120.0]  Order: [7.85, 7.7, 8.18] Demand: [8.2]
Reward for thread 4: [-183.94, -82.99, -72.52] -113.15  Inventory: [0.0, 0.0, 0.0]  Order: [12.6, 12.55, 12.62] Demand: [13.93]
Reward for thread 5: [-216.97, -77.54, -83.96] -126.16  Inventory: [790.0, 50.0, 113.0]  Order: [8.17, 8.27, 8.64] Demand: [4.265]

 Algo happo Exp ippo_seed11_formal_v1 updates 43/3000 episodes, total num timesteps 44000/3000000, FPS 116.

Reward for thread 1: [-76.69, -67.62, -46.58] -63.63  Inventory: [0.0, 0.0, 0.0]  Order: [9.91, 9.3, 9.25] Demand: [10.06]
Reward for thread 2: [-241.31, -108.51, -85.08] -144.97  Inventory: [0.0, 0.0, 5.0]  Order: [12.66, 12.16, 12.18] Demand: [14.95]
Reward for thread 3: [-297.18, -116.45, -98.16] -170.6  Inventory: [1087.0, 47.0, 93.0]  Order: [8.98, 9.07, 9.44] Demand: [3.71]
Reward for thread 4: [-121.3, -62.56, -55.92] -79.93  Inventory: [453.0, 0.0, 30.0]  Order: [9.16, 9.04, 9.1] Demand: [6.88]
Reward for thread 5: [-251.12, -86.97, -83.32] -140.47  Inventory: [911.0, 101.0, 77.0]  Order: [8.72, 9.18, 9.4] Demand: [4.28]

 Algo happo Exp ippo_seed11_formal_v1 updates 44/3000 episodes, total num timesteps 45000/3000000, FPS 117.

Reward for thread 1: [-224.89, -81.65, -84.55] -130.36  Inventory: [713.0, 23.0, 85.0]  Order: [7.37, 7.44, 7.78] Demand: [3.88]
Reward for thread 2: [-91.52, -56.59, -49.9] -66.0  Inventory: [378.0, 32.0, 49.0]  Order: [8.96, 8.98, 9.09] Demand: [7.08]
Reward for thread 3: [-131.04, -57.25, -77.99] -88.76  Inventory: [272.0, 13.0, 87.0]  Order: [6.65, 6.59, 6.84] Demand: [5.46]
Reward for thread 4: [-91.2, -44.16, -43.63] -59.66  Inventory: [331.0, 16.0, 10.0]  Order: [9.13, 9.08, 9.13] Demand: [7.64]
Reward for thread 5: [-135.71, -64.43, -63.6] -87.91  Inventory: [552.0, 0.0, 146.0]  Order: [9.06, 8.86, 9.44] Demand: [6.35]

Eval average reward:  -71.19208333333333  Eval ordering fluctuation measurement (downstream to upstream):  [0.5513464126281915, 0.7186600769488285, 0.9207444416671503]
A better model is saved!

 Algo happo Exp ippo_seed11_formal_v1 updates 45/3000 episodes, total num timesteps 46000/3000000, FPS 115.

Reward for thread 1: [-243.38, -93.03, -87.66] -141.36  Inventory: [748.0, 44.0, 0.0]  Order: [8.54, 8.68, 8.51] Demand: [4.985]
Reward for thread 2: [-313.78, -97.65, -101.29] -170.91  Inventory: [1055.0, 0.0, 7.0]  Order: [7.94, 7.86, 7.95] Demand: [2.8]
Reward for thread 3: [-107.89, -59.93, -50.83] -72.88  Inventory: [0.0, 0.0, 25.0]  Order: [9.88, 9.22, 9.26] Demand: [10.01]
Reward for thread 4: [-182.43, -60.32, -69.32] -104.02  Inventory: [447.0, 0.0, 0.0]  Order: [7.54, 7.39, 7.25] Demand: [5.205]
Reward for thread 5: [-31.43, -35.74, -30.71] -32.63  Inventory: [20.0, 0.0, 28.0]  Order: [9.72, 9.38, 9.38] Demand: [9.375]

 Algo happo Exp ippo_seed11_formal_v1 updates 46/3000 episodes, total num timesteps 47000/3000000, FPS 116.

Reward for thread 1: [-114.61, -47.14, -52.52] -71.42  Inventory: [174.0, 11.0, 80.0]  Order: [7.58, 7.5, 7.69] Demand: [6.895]
Reward for thread 2: [-178.08, -75.17, -69.17] -107.47  Inventory: [0.0, 0.0, 0.0]  Order: [11.4, 11.0, 10.84] Demand: [15.27]
Reward for thread 3: [-77.25, -39.9, -57.06] -58.07  Inventory: [160.0, 21.0, 124.0]  Order: [7.64, 7.64, 8.15] Demand: [6.97]
Reward for thread 4: [-273.78, -96.17, -94.73] -154.89  Inventory: [760.0, 98.0, 34.0]  Order: [7.18, 7.55, 7.58] Demand: [3.51]
Reward for thread 5: [-43.12, -53.57, -37.8] -44.83  Inventory: [0.0, 0.0, 0.0]  Order: [11.17, 10.34, 10.34] Demand: [10.29]

 Algo happo Exp ippo_seed11_formal_v1 updates 47/3000 episodes, total num timesteps 48000/3000000, FPS 116.

Reward for thread 1: [-328.46, -128.85, -104.26] -187.19  Inventory: [0.0, 0.0, 21.0]  Order: [12.65, 12.08, 12.19] Demand: [16.165]
Reward for thread 2: [-157.24, -65.54, -70.84] -97.87  Inventory: [594.0, 40.0, 48.0]  Order: [8.55, 8.65, 8.88] Demand: [5.74]
Reward for thread 3: [-178.02, -74.45, -82.61] -111.69  Inventory: [451.0, 5.0, 25.0]  Order: [8.18, 8.16, 8.22] Demand: [5.96]
Reward for thread 4: [-86.15, -63.47, -46.14] -65.25  Inventory: [0.0, 0.0, 19.0]  Order: [11.76, 11.27, 11.34] Demand: [12.015]
Reward for thread 5: [-309.99, -126.38, -100.92] -179.1  Inventory: [0.0, 0.0, 0.0]  Order: [13.12, 12.83, 12.67] Demand: [17.3]

 Algo happo Exp ippo_seed11_formal_v1 updates 48/3000 episodes, total num timesteps 49000/3000000, FPS 116.

Reward for thread 1: [-118.52, -47.1, -55.19] -73.6  Inventory: [278.0, 28.0, 100.0]  Order: [7.31, 7.3, 7.74] Demand: [6.105]
Reward for thread 2: [-166.01, -72.37, -84.65] -107.68  Inventory: [566.0, 0.0, 48.0]  Order: [7.91, 7.77, 7.96] Demand: [5.2]
Reward for thread 3: [-252.23, -79.19, -83.29] -138.24  Inventory: [946.0, 10.0, 39.0]  Order: [7.8, 7.72, 7.78] Demand: [3.19]
Reward for thread 4: [-73.73, -48.29, -37.74] -53.25  Inventory: [243.0, 0.0, 27.0]  Order: [9.95, 9.86, 9.83] Demand: [8.78]
Reward for thread 5: [-84.35, -57.82, -43.29] -61.82  Inventory: [0.0, 0.0, 8.0]  Order: [10.58, 10.1, 10.11] Demand: [11.425]

 Algo happo Exp ippo_seed11_formal_v1 updates 49/3000 episodes, total num timesteps 50000/3000000, FPS 117.

Reward for thread 1: [-182.4, -119.31, -72.12] -124.61  Inventory: [0.0, 0.0, 1.0]  Order: [13.15, 12.22, 12.2] Demand: [15.675]
Reward for thread 2: [-36.84, -42.7, -35.92] -38.49  Inventory: [74.0, 15.0, 51.0]  Order: [11.16, 11.08, 11.22] Demand: [10.88]
Reward for thread 3: [-179.72, -98.54, -64.24] -114.17  Inventory: [0.0, 0.0, 0.0]  Order: [13.0, 12.55, 12.49] Demand: [16.09]
Reward for thread 4: [-341.41, -166.46, -114.16] -207.34  Inventory: [0.0, 0.0, 0.0]  Order: [12.96, 12.3, 12.2] Demand: [15.31]
Reward for thread 5: [-209.95, -108.6, -81.05] -133.2  Inventory: [0.0, 0.0, 0.0]  Order: [12.6, 12.16, 12.1] Demand: [13.81]

Eval average reward:  -85.01791666666665  Eval ordering fluctuation measurement (downstream to upstream):  [0.5276259384300823, 0.6509638069736151, 0.7401233494905006]

 Algo happo Exp ippo_seed11_formal_v1 updates 50/3000 episodes, total num timesteps 51000/3000000, FPS 115.

Reward for thread 1: [-86.85, -61.58, -43.75] -64.06  Inventory: [0.0, 0.0, 0.0]  Order: [10.78, 10.47, 10.42] Demand: [12.05]
Reward for thread 2: [-185.8, -68.09, -67.57] -107.15  Inventory: [638.0, 0.0, 13.0]  Order: [8.6, 8.42, 8.32] Demand: [5.415]
Reward for thread 3: [-206.87, -87.6, -73.86] -122.78  Inventory: [0.0, 0.0, 0.0]  Order: [12.68, 12.38, 12.36] Demand: [15.685]
Reward for thread 4: [-152.36, -68.39, -67.23] -95.99  Inventory: [596.0, 43.0, 55.0]  Order: [6.72, 6.84, 6.98] Demand: [3.89]
Reward for thread 5: [-115.83, -54.84, -62.29] -77.65  Inventory: [579.0, 34.0, 18.0]  Order: [6.84, 6.83, 6.87] Demand: [4.15]

 Algo happo Exp ippo_seed11_formal_v1 updates 51/3000 episodes, total num timesteps 52000/3000000, FPS 116.

Reward for thread 1: [-55.29, -46.02, -44.6] -48.64  Inventory: [94.0, 108.0, 70.0]  Order: [9.88, 10.24, 10.54] Demand: [9.57]
Reward for thread 2: [-71.2, -39.93, -51.41] -54.18  Inventory: [40.0, 6.0, 65.0]  Order: [7.05, 6.96, 7.12] Demand: [7.045]
Reward for thread 3: [-74.55, -62.03, -45.62] -60.73  Inventory: [166.0, 0.0, 17.0]  Order: [11.2, 11.16, 11.16] Demand: [10.44]
Reward for thread 4: [-198.48, -85.97, -84.84] -123.1  Inventory: [757.0, 53.0, 97.0]  Order: [6.73, 6.8, 7.08] Demand: [3.155]
Reward for thread 5: [-158.42, -60.47, -64.0] -94.3  Inventory: [543.0, 18.0, 27.0]  Order: [8.1, 8.0, 8.01] Demand: [5.47]

 Algo happo Exp ippo_seed11_formal_v1 updates 52/3000 episodes, total num timesteps 53000/3000000, FPS 116.

Reward for thread 1: [-191.33, -98.69, -70.07] -120.03  Inventory: [0.0, 0.0, 7.0]  Order: [13.18, 12.64, 12.62] Demand: [14.54]
Reward for thread 2: [-141.1, -59.8, -57.8] -86.23  Inventory: [411.0, 46.0, 50.0]  Order: [6.65, 6.78, 6.88] Demand: [4.795]
Reward for thread 3: [-101.42, -73.27, -89.71] -88.13  Inventory: [416.0, 35.0, 60.0]  Order: [5.69, 5.86, 6.05] Demand: [3.805]
Reward for thread 4: [-59.21, -56.74, -56.31] -57.42  Inventory: [0.0, 0.0, 56.0]  Order: [8.34, 8.11, 8.26] Demand: [9.015]
Reward for thread 5: [-113.27, -65.34, -94.37] -90.99  Inventory: [168.0, 19.0, 150.0]  Order: [5.88, 5.81, 6.54] Demand: [5.105]

 Algo happo Exp ippo_seed11_formal_v1 updates 53/3000 episodes, total num timesteps 54000/3000000, FPS 116.

Reward for thread 1: [-47.39, -45.46, -33.13] -41.99  Inventory: [0.0, 0.0, 0.0]  Order: [11.67, 11.44, 11.33] Demand: [12.69]
Reward for thread 2: [-239.56, -121.21, -120.21] -160.33  Inventory: [537.0, 11.0, 166.0]  Order: [6.68, 6.68, 7.33] Demand: [4.165]
Reward for thread 3: [-131.34, -59.87, -78.19] -89.8  Inventory: [252.0, 89.0, 20.0]  Order: [6.3, 6.66, 6.62] Demand: [5.23]
Reward for thread 4: [-106.42, -56.2, -49.67] -70.76  Inventory: [0.0, 0.0, 0.0]  Order: [10.64, 10.42, 10.2] Demand: [12.905]
Reward for thread 5: [-249.68, -115.77, -96.98] -154.14  Inventory: [751.0, 118.0, 20.0]  Order: [5.46, 6.04, 5.93] Demand: [1.83]

 Algo happo Exp ippo_seed11_formal_v1 updates 54/3000 episodes, total num timesteps 55000/3000000, FPS 117.

Reward for thread 1: [-161.59, -81.77, -61.06] -101.47  Inventory: [0.0, 0.0, 0.0]  Order: [12.83, 12.35, 12.24] Demand: [14.78]
Reward for thread 2: [-89.26, -51.29, -45.22] -61.92  Inventory: [288.0, 40.0, 43.0]  Order: [9.91, 9.95, 10.02] Demand: [8.68]
Reward for thread 3: [-156.21, -73.12, -68.58] -99.3  Inventory: [544.0, 48.0, 43.0]  Order: [6.8, 6.88, 6.9] Demand: [4.245]
Reward for thread 4: [-70.13, -75.61, -48.76] -64.83  Inventory: [0.0, 0.0, 7.0]  Order: [8.46, 8.16, 8.23] Demand: [8.405]
Reward for thread 5: [-60.1, -70.32, -52.42] -60.95  Inventory: [126.0, 86.0, 44.0]  Order: [7.9, 8.23, 8.26] Demand: [7.43]

Eval average reward:  -76.50591666666668  Eval ordering fluctuation measurement (downstream to upstream):  [0.6510968988178469, 0.8076667639920349, 0.8104548551677144]

 Algo happo Exp ippo_seed11_formal_v1 updates 55/3000 episodes, total num timesteps 56000/3000000, FPS 116.

Reward for thread 1: [-84.11, -50.78, -42.98] -59.29  Inventory: [212.0, 74.0, 49.0]  Order: [8.2, 8.34, 8.54] Demand: [7.305]
Reward for thread 2: [-175.6, -112.83, -97.37] -128.6  Inventory: [565.0, 108.0, 148.0]  Order: [5.52, 5.86, 6.46] Demand: [2.865]
Reward for thread 3: [-33.67, -45.33, -41.1] -40.03  Inventory: [55.0, 48.0, 110.0]  Order: [7.16, 7.3, 7.65] Demand: [7.035]
Reward for thread 4: [-58.52, -55.5, -39.82] -51.28  Inventory: [87.0, 0.0, 0.0]  Order: [11.44, 11.23, 11.16] Demand: [10.64]
Reward for thread 5: [-31.37, -41.3, -36.82] -36.5  Inventory: [19.0, 48.0, 62.0]  Order: [9.4, 9.5, 9.65] Demand: [9.47]

 Algo happo Exp ippo_seed11_formal_v1 updates 56/3000 episodes, total num timesteps 57000/3000000, FPS 116.

Reward for thread 1: [-62.32, -79.32, -50.84] -64.16  Inventory: [0.0, 103.0, 57.0]  Order: [6.64, 7.01, 7.16] Demand: [6.66]
Reward for thread 2: [-39.75, -57.27, -53.37] -50.13  Inventory: [0.0, 0.0, 0.0]  Order: [7.55, 7.52, 7.23] Demand: [7.95]
Reward for thread 3: [-76.72, -65.35, -52.07] -64.71  Inventory: [171.0, 45.0, 50.0]  Order: [9.78, 9.88, 9.98] Demand: [9.06]
Reward for thread 4: [-77.96, -108.0, -71.74] -85.9  Inventory: [0.0, 123.0, 141.0]  Order: [6.36, 6.74, 7.28] Demand: [6.43]
Reward for thread 5: [-64.96, -66.78, -79.39] -70.38  Inventory: [0.0, 0.0, 0.0]  Order: [8.41, 8.06, 7.76] Demand: [8.64]

 Algo happo Exp ippo_seed11_formal_v1 updates 57/3000 episodes, total num timesteps 58000/3000000, FPS 116.

Reward for thread 1: [-60.88, -53.27, -41.54] -51.9  Inventory: [0.0, 0.0, 0.0]  Order: [11.4, 11.5, 11.44] Demand: [11.39]
Reward for thread 2: [-27.75, -35.23, -29.28] -30.75  Inventory: [21.0, 21.0, 31.0]  Order: [7.88, 7.93, 7.85] Demand: [7.895]
Reward for thread 3: [-75.24, -57.72, -50.42] -61.13  Inventory: [0.0, 62.0, 72.0]  Order: [5.42, 5.6, 5.82] Demand: [5.43]
Reward for thread 4: [-148.64, -70.79, -62.5] -93.98  Inventory: [0.0, 0.0, 0.0]  Order: [10.65, 10.84, 10.62] Demand: [13.49]
Reward for thread 5: [-121.27, -75.55, -59.1] -85.31  Inventory: [402.0, 188.0, 0.0]  Order: [5.29, 6.12, 5.92] Demand: [3.48]

 Algo happo Exp ippo_seed11_formal_v1 updates 58/3000 episodes, total num timesteps 59000/3000000, FPS 116.

Reward for thread 1: [-251.77, -115.33, -119.99] -162.36  Inventory: [685.0, 57.0, 159.0]  Order: [5.22, 5.31, 5.94] Demand: [1.88]
Reward for thread 2: [-200.18, -73.56, -72.61] -115.45  Inventory: [680.0, 112.0, 35.0]  Order: [5.44, 5.81, 5.82] Demand: [2.225]
Reward for thread 3: [-81.91, -65.21, -52.09] -66.4  Inventory: [267.0, 139.0, 35.0]  Order: [8.47, 8.98, 8.96] Demand: [7.33]
Reward for thread 4: [-121.06, -65.42, -54.74] -80.41  Inventory: [0.0, 0.0, 0.0]  Order: [9.31, 9.18, 9.12] Demand: [12.055]
Reward for thread 5: [-59.22, -49.37, -39.03] -49.21  Inventory: [0.0, 0.0, 0.0]  Order: [8.43, 8.52, 8.18] Demand: [10.125]

 Algo happo Exp ippo_seed11_formal_v1 updates 59/3000 episodes, total num timesteps 60000/3000000, FPS 117.

Reward for thread 1: [-100.99, -76.09, -61.5] -79.53  Inventory: [316.0, 58.0, 113.0]  Order: [5.9, 6.0, 6.45] Demand: [4.53]
Reward for thread 2: [-23.39, -29.64, -30.12] -27.72  Inventory: [59.0, 59.0, 30.0]  Order: [6.6, 6.75, 6.75] Demand: [6.48]
Reward for thread 3: [-176.1, -74.38, -67.21] -105.9  Inventory: [0.0, 0.0, 0.0]  Order: [12.26, 12.48, 12.15] Demand: [15.005]
Reward for thread 4: [-79.07, -47.06, -42.48] -56.2  Inventory: [0.0, 0.0, 0.0]  Order: [11.71, 11.36, 11.32] Demand: [11.265]
Reward for thread 5: [-100.86, -71.56, -48.1] -73.51  Inventory: [202.0, 53.0, 39.0]  Order: [5.1, 5.2, 5.2] Demand: [4.235]

Eval average reward:  -79.36741666666666  Eval ordering fluctuation measurement (downstream to upstream):  [0.6712577129141029, 1.0732745709713725, 1.0326296335234444]

 Algo happo Exp ippo_seed11_formal_v1 updates 60/3000 episodes, total num timesteps 61000/3000000, FPS 116.

Reward for thread 1: [-100.48, -68.34, -47.56] -72.13  Inventory: [203.0, 52.0, 36.0]  Order: [6.86, 6.96, 6.98] Demand: [5.92]
Reward for thread 2: [-117.25, -63.02, -63.72] -81.33  Inventory: [159.0, 83.0, 136.0]  Order: [6.4, 6.66, 7.15] Demand: [5.78]
Reward for thread 3: [-25.56, -25.55, -25.09] -25.4  Inventory: [38.0, 24.0, 13.0]  Order: [6.86, 6.86, 6.75] Demand: [6.77]
Reward for thread 4: [-126.99, -74.0, -51.37] -84.12  Inventory: [352.0, 111.0, 34.0]  Order: [5.96, 6.36, 6.38] Demand: [4.4]
Reward for thread 5: [-86.29, -62.68, -58.63] -69.2  Inventory: [222.0, 118.0, 48.0]  Order: [4.98, 5.44, 5.55] Demand: [4.01]

 Algo happo Exp ippo_seed11_formal_v1 updates 61/3000 episodes, total num timesteps 62000/3000000, FPS 116.

Reward for thread 1: [-63.64, -49.72, -42.98] -52.11  Inventory: [0.0, 0.0, 2.0]  Order: [10.9, 10.66, 10.6] Demand: [12.345]
Reward for thread 2: [-57.96, -50.75, -43.28] -50.66  Inventory: [119.0, 140.0, 27.0]  Order: [6.76, 7.28, 7.31] Demand: [6.395]
Reward for thread 3: [-38.09, -58.52, -39.9] -45.5  Inventory: [14.0, 0.0, 0.0]  Order: [7.1, 7.12, 7.0] Demand: [6.845]
Reward for thread 4: [-52.32, -41.7, -45.87] -46.63  Inventory: [59.0, 90.0, 9.0]  Order: [6.59, 6.94, 6.84] Demand: [6.505]
Reward for thread 5: [-190.43, -101.96, -125.04] -139.14  Inventory: [574.0, 36.0, 270.0]  Order: [4.89, 4.84, 6.07] Demand: [2.125]

 Algo happo Exp ippo_seed11_formal_v1 updates 62/3000 episodes, total num timesteps 63000/3000000, FPS 116.

Reward for thread 1: [-121.72, -64.73, -58.89] -81.78  Inventory: [0.0, 0.0, 22.0]  Order: [12.1, 12.04, 12.08] Demand: [14.59]
Reward for thread 2: [-66.29, -76.24, -54.46] -65.66  Inventory: [0.0, 0.0, 123.0]  Order: [6.82, 6.66, 7.12] Demand: [6.86]
Reward for thread 3: [-109.2, -71.16, -55.67] -78.68  Inventory: [0.0, 0.0, 0.0]  Order: [9.44, 9.35, 9.22] Demand: [10.97]
Reward for thread 4: [-54.54, -59.78, -43.73] -52.68  Inventory: [199.0, 6.0, 74.0]  Order: [7.94, 7.8, 7.99] Demand: [7.095]
Reward for thread 5: [-53.39, -45.94, -41.42] -46.92  Inventory: [80.0, 55.0, 71.0]  Order: [4.51, 4.63, 4.84] Demand: [4.32]

 Algo happo Exp ippo_seed11_formal_v1 updates 63/3000 episodes, total num timesteps 64000/3000000, FPS 116.

Reward for thread 1: [-43.88, -56.98, -36.3] -45.72  Inventory: [63.0, 49.0, 0.0]  Order: [6.08, 6.32, 6.06] Demand: [5.88]
Reward for thread 2: [-103.49, -67.23, -62.91] -77.88  Inventory: [240.0, 22.0, 100.0]  Order: [6.76, 6.66, 7.06] Demand: [5.755]
Reward for thread 3: [-62.26, -56.5, -65.4] -61.39  Inventory: [160.0, 67.0, 100.0]  Order: [5.68, 5.88, 6.2] Demand: [5.08]
Reward for thread 4: [-76.18, -73.91, -57.04] -69.04  Inventory: [214.0, 150.0, 77.0]  Order: [6.14, 6.68, 6.9] Demand: [5.25]
Reward for thread 5: [-48.5, -45.87, -37.2] -43.86  Inventory: [147.0, 66.0, 66.0]  Order: [6.56, 6.68, 6.88] Demand: [6.04]

 Algo happo Exp ippo_seed11_formal_v1 updates 64/3000 episodes, total num timesteps 65000/3000000, FPS 117.

Reward for thread 1: [-131.8, -86.0, -66.22] -94.67  Inventory: [0.0, 0.0, 0.0]  Order: [12.35, 12.1, 12.02] Demand: [14.305]
Reward for thread 2: [-41.76, -53.34, -37.31] -44.14  Inventory: [77.0, 119.0, 19.0]  Order: [9.4, 9.86, 9.84] Demand: [9.215]
Reward for thread 3: [-84.83, -83.18, -54.59] -74.2  Inventory: [165.0, 91.0, 78.0]  Order: [4.24, 4.57, 4.77] Demand: [3.55]
Reward for thread 4: [-127.24, -73.6, -58.42] -86.42  Inventory: [0.0, 0.0, 0.0]  Order: [12.24, 11.98, 11.76] Demand: [14.505]
Reward for thread 5: [-61.19, -62.2, -41.9] -55.1  Inventory: [258.0, 79.0, 6.0]  Order: [8.99, 9.21, 9.04] Demand: [7.825]

Eval average reward:  -77.03658333333333  Eval ordering fluctuation measurement (downstream to upstream):  [0.6916666383616079, 1.076786530946778, 0.9776210267065713]

 Algo happo Exp ippo_seed11_formal_v1 updates 65/3000 episodes, total num timesteps 66000/3000000, FPS 116.

Reward for thread 1: [-77.22, -77.82, -54.65] -69.9  Inventory: [232.0, 248.0, 14.0]  Order: [3.68, 4.72, 4.62] Demand: [2.72]
Reward for thread 2: [-63.86, -87.32, -43.88] -65.02  Inventory: [125.0, 212.0, 25.0]  Order: [5.21, 6.02, 5.98] Demand: [4.805]
Reward for thread 3: [-49.14, -73.54, -47.72] -56.8  Inventory: [32.0, 99.0, 23.0]  Order: [5.74, 6.05, 6.02] Demand: [5.775]
Reward for thread 4: [-50.39, -55.62, -39.9] -48.64  Inventory: [26.0, 0.0, 0.0]  Order: [10.72, 10.26, 10.17] Demand: [9.945]
Reward for thread 5: [-55.87, -65.61, -67.38] -62.95  Inventory: [52.0, 101.0, 153.0]  Order: [5.4, 5.68, 6.3] Demand: [5.325]

 Algo happo Exp ippo_seed11_formal_v1 updates 66/3000 episodes, total num timesteps 67000/3000000, FPS 116.

Reward for thread 1: [-28.45, -53.95, -31.78] -38.06  Inventory: [21.0, 95.0, 7.0]  Order: [7.34, 7.74, 7.62] Demand: [7.325]
Reward for thread 2: [-41.14, -40.88, -39.52] -40.51  Inventory: [0.0, 0.0, 28.0]  Order: [10.38, 10.22, 10.19] Demand: [10.575]
Reward for thread 3: [-30.4, -48.4, -36.42] -38.41  Inventory: [28.0, 39.0, 54.0]  Order: [7.01, 7.0, 7.2] Demand: [7.08]
Reward for thread 4: [-34.03, -40.95, -30.54] -35.17  Inventory: [0.0, 0.0, 0.0]  Order: [8.35, 8.31, 8.09] Demand: [8.23]
Reward for thread 5: [-122.86, -61.58, -51.6] -78.68  Inventory: [0.0, 0.0, 0.0]  Order: [11.5, 11.46, 11.39] Demand: [13.59]

 Algo happo Exp ippo_seed11_formal_v1 updates 67/3000 episodes, total num timesteps 68000/3000000, FPS 116.

Reward for thread 1: [-47.56, -66.78, -41.08] -51.81  Inventory: [133.0, 157.0, 0.0]  Order: [5.91, 6.73, 6.52] Demand: [5.355]
Reward for thread 2: [-280.46, -108.4, -94.58] -161.15  Inventory: [0.0, 0.0, 0.0]  Order: [12.78, 12.77, 12.74] Demand: [16.755]
Reward for thread 3: [-41.91, -48.47, -39.45] -43.28  Inventory: [28.0, 121.0, 47.0]  Order: [7.78, 8.2, 8.29] Demand: [7.85]
Reward for thread 4: [-116.62, -62.21, -52.79] -77.21  Inventory: [0.0, 0.0, 0.0]  Order: [12.11, 11.96, 11.72] Demand: [11.95]
Reward for thread 5: [-31.73, -35.76, -25.55] -31.01  Inventory: [0.0, 0.0, 0.0]  Order: [9.28, 9.26, 9.1] Demand: [9.595]

 Algo happo Exp ippo_seed11_formal_v1 updates 68/3000 episodes, total num timesteps 69000/3000000, FPS 117.

Reward for thread 1: [-35.48, -43.3, -34.36] -37.71  Inventory: [73.0, 88.0, 41.0]  Order: [9.35, 9.62, 9.66] Demand: [9.19]
Reward for thread 2: [-24.35, -33.71, -25.07] -27.71  Inventory: [32.0, 141.0, 0.0]  Order: [8.51, 9.02, 8.89] Demand: [8.56]
Reward for thread 3: [-51.28, -119.01, -55.48] -75.26  Inventory: [21.0, 394.0, 5.0]  Order: [5.04, 6.98, 6.86] Demand: [5.06]
Reward for thread 4: [-38.42, -62.13, -32.91] -44.49  Inventory: [43.0, 105.0, 50.0]  Order: [4.47, 4.75, 4.83] Demand: [4.435]
Reward for thread 5: [-27.53, -63.97, -31.35] -40.95  Inventory: [3.0, 57.0, 0.0]  Order: [5.24, 5.35, 5.22] Demand: [5.385]

 Algo happo Exp ippo_seed11_formal_v1 updates 69/3000 episodes, total num timesteps 70000/3000000, FPS 117.

Reward for thread 1: [-69.42, -96.24, -44.43] -70.03  Inventory: [256.0, 378.0, 28.0]  Order: [4.36, 6.18, 6.15] Demand: [3.255]
Reward for thread 2: [-315.91, -111.35, -100.74] -176.0  Inventory: [0.0, 0.0, 9.0]  Order: [12.28, 12.17, 12.21] Demand: [12.935]
Reward for thread 3: [-79.45, -54.65, -44.32] -59.47  Inventory: [15.0, 7.0, 0.0]  Order: [11.02, 10.98, 10.82] Demand: [11.08]
Reward for thread 4: [-106.45, -54.22, -49.75] -70.14  Inventory: [0.0, 2.0, 29.0]  Order: [12.45, 12.26, 12.23] Demand: [12.97]
Reward for thread 5: [-30.85, -46.26, -30.69] -35.93  Inventory: [43.0, 100.0, 5.0]  Order: [6.78, 7.14, 7.02] Demand: [6.775]

Eval average reward:  -63.22816666666667  Eval ordering fluctuation measurement (downstream to upstream):  [0.6755889327690912, 0.9592115861551361, 0.9818109305189273]
A better model is saved!

 Algo happo Exp ippo_seed11_formal_v1 updates 70/3000 episodes, total num timesteps 71000/3000000, FPS 116.

Reward for thread 1: [-114.32, -55.94, -50.52] -73.59  Inventory: [0.0, 0.0, 0.0]  Order: [11.07, 11.3, 11.24] Demand: [11.125]
Reward for thread 2: [-302.63, -115.06, -103.89] -173.86  Inventory: [0.0, 0.0, 0.0]  Order: [13.0, 12.91, 12.84] Demand: [17.015]
Reward for thread 3: [-57.34, -50.26, -35.35] -47.65  Inventory: [0.0, 0.0, 0.0]  Order: [11.98, 12.08, 11.8] Demand: [12.83]
Reward for thread 4: [-18.7, -28.87, -22.87] -23.48  Inventory: [3.0, 35.0, 14.0]  Order: [7.3, 7.25, 7.12] Demand: [7.375]
Reward for thread 5: [-43.78, -61.01, -48.68] -51.16  Inventory: [0.0, 0.0, 74.0]  Order: [6.49, 6.26, 6.52] Demand: [6.58]

 Algo happo Exp ippo_seed11_formal_v1 updates 71/3000 episodes, total num timesteps 72000/3000000, FPS 116.

Reward for thread 1: [-55.14, -57.07, -39.71] -50.64  Inventory: [188.0, 95.0, 9.0]  Order: [6.03, 6.54, 6.48] Demand: [5.225]
Reward for thread 2: [-118.59, -60.76, -52.28] -77.21  Inventory: [80.0, 36.0, 52.0]  Order: [11.5, 11.6, 11.7] Demand: [11.25]
Reward for thread 3: [-284.82, -103.69, -92.52] -160.34  Inventory: [0.0, 0.0, 0.0]  Order: [13.24, 13.3, 13.27] Demand: [17.415]
Reward for thread 4: [-32.1, -45.19, -30.7] -36.0  Inventory: [44.0, 112.0, 42.0]  Order: [8.34, 8.71, 8.76] Demand: [8.3]
Reward for thread 5: [-51.42, -63.06, -46.73] -53.74  Inventory: [28.0, 138.0, 0.0]  Order: [8.32, 9.04, 8.86] Demand: [8.395]

 Algo happo Exp ippo_seed11_formal_v1 updates 72/3000 episodes, total num timesteps 73000/3000000, FPS 116.

Reward for thread 1: [-34.98, -51.51, -32.75] -39.75  Inventory: [0.0, 0.0, 0.0]  Order: [9.49, 9.22, 9.07] Demand: [9.54]
Reward for thread 2: [-31.81, -55.48, -30.78] -39.36  Inventory: [58.0, 150.0, 35.0]  Order: [5.94, 6.51, 6.48] Demand: [5.86]
Reward for thread 3: [-48.43, -75.54, -42.78] -55.58  Inventory: [49.0, 193.0, 22.0]  Order: [6.74, 7.51, 7.44] Demand: [6.62]
Reward for thread 4: [-27.73, -32.79, -24.84] -28.45  Inventory: [0.0, 0.0, 18.0]  Order: [8.14, 8.0, 7.94] Demand: [8.255]
Reward for thread 5: [-134.25, -66.46, -59.0] -86.57  Inventory: [0.0, 0.0, 0.0]  Order: [10.58, 10.5, 10.33] Demand: [12.6]

 Algo happo Exp ippo_seed11_formal_v1 updates 73/3000 episodes, total num timesteps 74000/3000000, FPS 117.

Reward for thread 1: [-29.69, -44.54, -39.06] -37.76  Inventory: [0.0, 47.0, 54.0]  Order: [6.46, 6.52, 6.6] Demand: [6.575]
Reward for thread 2: [-70.42, -60.79, -52.97] -61.39  Inventory: [216.0, 106.0, 32.0]  Order: [4.51, 4.91, 4.86] Demand: [3.51]
Reward for thread 3: [-128.15, -63.78, -53.3] -81.74  Inventory: [0.0, 0.0, 0.0]  Order: [12.04, 12.01, 11.9] Demand: [14.12]
Reward for thread 4: [-47.34, -62.77, -35.84] -48.65  Inventory: [152.0, 49.0, 16.0]  Order: [9.66, 9.8, 9.7] Demand: [9.125]
Reward for thread 5: [-26.5, -35.18, -28.95] -30.21  Inventory: [59.0, 122.0, 3.0]  Order: [5.94, 6.38, 6.24] Demand: [5.855]

 Algo happo Exp ippo_seed11_formal_v1 updates 74/3000 episodes, total num timesteps 75000/3000000, FPS 117.

Reward for thread 1: [-52.45, -67.93, -40.31] -53.56  Inventory: [13.0, 255.0, 21.0]  Order: [8.43, 9.5, 9.45] Demand: [8.505]
Reward for thread 2: [-60.92, -136.87, -54.0] -83.93  Inventory: [56.0, 421.0, 26.0]  Order: [4.22, 6.19, 6.22] Demand: [4.16]
Reward for thread 3: [-227.18, -87.8, -78.39] -131.12  Inventory: [0.0, 0.0, 0.0]  Order: [12.72, 12.67, 12.56] Demand: [15.885]
Reward for thread 4: [-137.08, -68.41, -55.07] -86.85  Inventory: [0.0, 0.0, 0.0]  Order: [12.44, 12.24, 12.3] Demand: [14.96]
Reward for thread 5: [-112.04, -54.58, -46.36] -70.99  Inventory: [0.0, 0.0, 0.0]  Order: [11.92, 11.86, 11.65] Demand: [14.45]

Eval average reward:  -62.496833333333335  Eval ordering fluctuation measurement (downstream to upstream):  [0.6901449091727505, 1.0893251056947624, 0.9597364653068142]
A better model is saved!

 Algo happo Exp ippo_seed11_formal_v1 updates 75/3000 episodes, total num timesteps 76000/3000000, FPS 116.

Reward for thread 1: [-91.26, -62.18, -52.1] -68.51  Inventory: [0.0, 0.0, 0.0]  Order: [9.12, 8.93, 8.8] Demand: [11.295]
Reward for thread 2: [-68.32, -74.42, -41.13] -61.29  Inventory: [297.0, 209.0, 0.0]  Order: [5.28, 6.26, 6.28] Demand: [3.975]
Reward for thread 3: [-25.88, -35.96, -28.01] -29.95  Inventory: [14.0, 57.0, 38.0]  Order: [7.45, 7.6, 7.66] Demand: [7.505]
Reward for thread 4: [-61.97, -72.44, -45.15] -59.85  Inventory: [226.0, 170.0, 12.0]  Order: [3.64, 4.46, 4.3] Demand: [2.71]
Reward for thread 5: [-44.31, -68.26, -36.37] -49.65  Inventory: [80.0, 244.0, 40.0]  Order: [4.05, 5.07, 5.08] Demand: [3.87]

 Algo happo Exp ippo_seed11_formal_v1 updates 76/3000 episodes, total num timesteps 77000/3000000, FPS 116.

Reward for thread 1: [-26.29, -41.43, -27.79] -31.84  Inventory: [0.0, 0.0, 0.0]  Order: [8.58, 8.43, 8.21] Demand: [8.52]
Reward for thread 2: [-76.17, -96.94, -57.79] -76.97  Inventory: [187.0, 290.0, 49.0]  Order: [4.16, 5.37, 5.45] Demand: [3.43]
Reward for thread 3: [-81.15, -52.82, -41.86] -58.61  Inventory: [0.0, 0.0, 0.0]  Order: [11.05, 11.07, 10.96] Demand: [13.225]
Reward for thread 4: [-29.62, -42.38, -34.74] -35.58  Inventory: [28.0, 67.0, 18.0]  Order: [8.42, 8.59, 8.59] Demand: [8.495]
Reward for thread 5: [-35.15, -34.18, -31.21] -33.51  Inventory: [0.0, 0.0, 0.0]  Order: [10.88, 10.68, 10.61] Demand: [10.37]

 Algo happo Exp ippo_seed11_formal_v1 updates 77/3000 episodes, total num timesteps 78000/3000000, FPS 116.

Reward for thread 1: [-78.69, -51.47, -40.36] -56.84  Inventory: [0.0, 0.0, 0.0]  Order: [13.4, 13.28, 13.24] Demand: [13.51]
Reward for thread 2: [-46.76, -99.36, -83.16] -76.43  Inventory: [15.0, 152.0, 196.0]  Order: [3.71, 4.23, 5.01] Demand: [3.815]
Reward for thread 3: [-77.17, -48.1, -37.93] -54.4  Inventory: [32.0, 71.0, 0.0]  Order: [11.72, 12.06, 11.88] Demand: [11.775]
Reward for thread 4: [-84.02, -132.5, -83.39] -99.97  Inventory: [139.0, 304.0, 126.0]  Order: [3.72, 5.08, 5.56] Demand: [3.23]
Reward for thread 5: [-62.19, -41.14, -36.16] -46.5  Inventory: [0.0, 3.0, 29.0]  Order: [10.4, 10.34, 10.31] Demand: [12.185]

 Algo happo Exp ippo_seed11_formal_v1 updates 78/3000 episodes, total num timesteps 79000/3000000, FPS 117.

Reward for thread 1: [-38.11, -60.53, -48.45] -49.03  Inventory: [65.0, 99.0, 165.0]  Order: [4.39, 4.68, 5.37] Demand: [4.28]
Reward for thread 2: [-64.05, -59.96, -38.98] -54.33  Inventory: [154.0, 216.0, 31.0]  Order: [8.4, 9.24, 9.26] Demand: [7.845]
Reward for thread 3: [-191.35, -85.64, -68.85] -115.28  Inventory: [0.0, 0.0, 19.0]  Order: [13.2, 13.0, 12.88] Demand: [14.715]
Reward for thread 4: [-45.71, -41.24, -33.31] -40.09  Inventory: [0.0, 0.0, 0.0]  Order: [10.97, 10.88, 10.72] Demand: [12.195]
Reward for thread 5: [-62.58, -42.36, -32.71] -45.88  Inventory: [38.0, 1.0, 0.0]  Order: [10.58, 10.85, 10.78] Demand: [10.52]

 Algo happo Exp ippo_seed11_formal_v1 updates 79/3000 episodes, total num timesteps 80000/3000000, FPS 117.

Reward for thread 1: [-22.39, -41.04, -25.21] -29.55  Inventory: [35.0, 113.0, 38.0]  Order: [6.1, 6.48, 6.47] Demand: [6.1]
Reward for thread 2: [-45.94, -61.91, -65.48] -57.78  Inventory: [0.0, 0.0, 0.0]  Order: [6.88, 6.87, 6.85] Demand: [7.215]
Reward for thread 3: [-41.05, -39.1, -27.28] -35.81  Inventory: [0.0, 0.0, 0.0]  Order: [11.82, 11.3, 11.28] Demand: [11.89]
Reward for thread 4: [-296.79, -104.27, -95.99] -165.68  Inventory: [0.0, 0.0, 9.0]  Order: [12.68, 12.52, 12.46] Demand: [16.94]
Reward for thread 5: [-40.58, -71.33, -55.62] -55.84  Inventory: [109.0, 197.0, 98.0]  Order: [3.95, 4.88, 5.16] Demand: [3.635]

Eval average reward:  -56.78258333333333  Eval ordering fluctuation measurement (downstream to upstream):  [0.6985544870176096, 0.9860051375441422, 0.876002143998732]
A better model is saved!

 Algo happo Exp ippo_seed11_formal_v1 updates 80/3000 episodes, total num timesteps 81000/3000000, FPS 116.

Reward for thread 1: [-163.53, -76.96, -62.71] -101.07  Inventory: [0.0, 0.0, 0.0]  Order: [11.92, 11.8, 11.8] Demand: [15.045]
Reward for thread 2: [-115.01, -62.41, -47.3] -74.91  Inventory: [0.0, 0.0, 0.0]  Order: [12.32, 12.24, 12.2] Demand: [13.195]
Reward for thread 3: [-18.96, -29.69, -21.25] -23.3  Inventory: [13.0, 75.0, 39.0]  Order: [7.96, 8.14, 8.22] Demand: [8.115]
Reward for thread 4: [-54.29, -65.75, -52.16] -57.4  Inventory: [145.0, 90.0, 165.0]  Order: [5.78, 6.09, 6.72] Demand: [5.265]
Reward for thread 5: [-24.89, -32.67, -26.96] -28.17  Inventory: [26.0, 68.0, 43.0]  Order: [7.11, 7.26, 7.26] Demand: [7.2]

 Algo happo Exp ippo_seed11_formal_v1 updates 81/3000 episodes, total num timesteps 82000/3000000, FPS 116.

Reward for thread 1: [-35.82, -56.25, -46.47] -46.18  Inventory: [34.0, 120.0, 124.0]  Order: [7.06, 7.43, 7.92] Demand: [7.125]
Reward for thread 2: [-27.8, -37.78, -31.03] -32.2  Inventory: [0.0, 30.0, 58.0]  Order: [8.32, 8.31, 8.42] Demand: [8.375]
Reward for thread 3: [-57.08, -56.56, -56.13] -56.59  Inventory: [0.0, 0.0, 0.0]  Order: [8.68, 8.54, 8.5] Demand: [9.245]
Reward for thread 4: [-19.23, -25.29, -23.94] -22.82  Inventory: [18.0, 62.0, 0.0]  Order: [6.58, 6.79, 6.71] Demand: [6.705]
Reward for thread 5: [-72.91, -42.35, -37.99] -51.08  Inventory: [0.0, 0.0, 0.0]  Order: [10.67, 10.78, 10.78] Demand: [12.69]

 Algo happo Exp ippo_seed11_formal_v1 updates 82/3000 episodes, total num timesteps 83000/3000000, FPS 116.

Reward for thread 1: [-48.15, -47.68, -41.02] -45.62  Inventory: [68.0, 94.0, 104.0]  Order: [8.0, 8.22, 8.56] Demand: [7.89]
Reward for thread 2: [-130.56, -60.82, -53.49] -81.62  Inventory: [0.0, 0.0, 0.0]  Order: [12.0, 11.8, 11.78] Demand: [13.59]
Reward for thread 3: [-58.73, -39.48, -34.02] -44.08  Inventory: [16.0, 24.0, 14.0]  Order: [11.12, 11.06, 11.02] Demand: [11.125]
Reward for thread 4: [-39.16, -61.85, -69.17] -56.73  Inventory: [61.0, 104.0, 177.0]  Order: [4.62, 4.89, 5.57] Demand: [4.52]
Reward for thread 5: [-30.36, -30.31, -25.35] -28.67  Inventory: [0.0, 0.0, 0.0]  Order: [9.78, 9.68, 9.54] Demand: [10.705]

 Algo happo Exp ippo_seed11_formal_v1 updates 83/3000 episodes, total num timesteps 84000/3000000, FPS 117.

Reward for thread 1: [-61.75, -46.7, -36.8] -48.42  Inventory: [53.0, 82.0, 55.0]  Order: [10.07, 10.32, 10.38] Demand: [10.01]
Reward for thread 2: [-35.43, -51.63, -44.69] -43.92  Inventory: [48.0, 44.0, 115.0]  Order: [5.44, 5.52, 5.96] Demand: [5.355]
Reward for thread 3: [-22.79, -39.82, -28.43] -30.35  Inventory: [27.0, 37.0, 75.0]  Order: [6.0, 6.0, 6.2] Demand: [6.01]
Reward for thread 4: [-51.47, -40.58, -30.13] -40.73  Inventory: [84.0, 47.0, 8.0]  Order: [8.04, 8.16, 8.05] Demand: [7.8]
Reward for thread 5: [-133.47, -57.81, -54.89] -82.06  Inventory: [0.0, 0.0, 0.0]  Order: [11.44, 11.48, 11.41] Demand: [12.295]

 Algo happo Exp ippo_seed11_formal_v1 updates 84/3000 episodes, total num timesteps 85000/3000000, FPS 117.

Reward for thread 1: [-26.21, -41.27, -33.6] -33.69  Inventory: [18.0, 25.0, 0.0]  Order: [8.14, 8.18, 8.02] Demand: [8.215]
Reward for thread 2: [-55.08, -92.6, -93.24] -80.31  Inventory: [64.0, 120.0, 225.0]  Order: [3.43, 3.86, 4.84] Demand: [3.33]
Reward for thread 3: [-22.56, -35.4, -21.62] -26.53  Inventory: [9.0, 0.0, 15.0]  Order: [8.94, 8.78, 8.69] Demand: [9.025]
Reward for thread 4: [-29.68, -52.69, -46.78] -43.05  Inventory: [10.0, 100.0, 45.0]  Order: [6.14, 6.46, 6.56] Demand: [6.225]
Reward for thread 5: [-72.29, -58.82, -56.86] -62.66  Inventory: [122.0, 66.0, 127.0]  Order: [7.46, 7.65, 8.1] Demand: [6.98]

Eval average reward:  -49.64525  Eval ordering fluctuation measurement (downstream to upstream):  [0.756060637383196, 0.8922946191541499, 0.8370320320090231]
A better model is saved!

 Algo happo Exp ippo_seed11_formal_v1 updates 85/3000 episodes, total num timesteps 86000/3000000, FPS 116.

Reward for thread 1: [-29.72, -57.01, -43.25] -43.33  Inventory: [13.0, 113.0, 122.0]  Order: [4.7, 5.06, 5.51] Demand: [4.845]
Reward for thread 2: [-45.16, -71.68, -57.88] -58.24  Inventory: [87.0, 161.0, 75.0]  Order: [4.34, 4.89, 5.07] Demand: [4.135]
Reward for thread 3: [-26.58, -28.93, -23.15] -26.22  Inventory: [9.0, 0.0, 0.0]  Order: [9.68, 9.6, 9.54] Demand: [9.675]
Reward for thread 4: [-85.92, -48.48, -41.18] -58.53  Inventory: [0.0, 0.0, 0.0]  Order: [11.14, 11.06, 10.98] Demand: [13.34]
Reward for thread 5: [-34.51, -68.9, -56.09] -53.17  Inventory: [26.0, 102.0, 164.0]  Order: [3.74, 4.0, 4.65] Demand: [3.845]

 Algo happo Exp ippo_seed11_formal_v1 updates 86/3000 episodes, total num timesteps 87000/3000000, FPS 116.

Reward for thread 1: [-185.89, -86.55, -71.15] -114.53  Inventory: [0.0, 0.0, 0.0]  Order: [14.04, 14.04, 13.87] Demand: [15.97]
Reward for thread 2: [-114.79, -134.38, -156.99] -135.39  Inventory: [196.0, 240.0, 376.0]  Order: [2.62, 3.64, 5.38] Demand: [1.895]
Reward for thread 3: [-34.74, -46.95, -40.65] -40.78  Inventory: [28.0, 78.0, 37.0]  Order: [6.68, 6.86, 6.86] Demand: [6.755]
Reward for thread 4: [-21.32, -33.52, -21.84] -25.56  Inventory: [28.0, 71.0, 30.0]  Order: [8.31, 8.48, 8.44] Demand: [8.38]
Reward for thread 5: [-17.97, -32.87, -21.92] -24.25  Inventory: [0.0, 38.0, 34.0]  Order: [5.31, 5.33, 5.3] Demand: [5.385]

 Algo happo Exp ippo_seed11_formal_v1 updates 87/3000 episodes, total num timesteps 88000/3000000, FPS 116.

Reward for thread 1: [-42.86, -70.79, -63.0] -58.88  Inventory: [10.0, 148.0, 186.0]  Order: [4.04, 4.7, 5.48] Demand: [4.235]
Reward for thread 2: [-45.54, -68.33, -99.63] -71.17  Inventory: [15.0, 54.0, 144.0]  Order: [4.92, 5.04, 5.58] Demand: [5.035]
Reward for thread 3: [-20.81, -31.3, -25.76] -25.96  Inventory: [0.0, 3.0, 24.0]  Order: [8.54, 8.48, 8.38] Demand: [8.535]
Reward for thread 4: [-214.81, -80.45, -73.3] -122.85  Inventory: [0.0, 0.0, 0.0]  Order: [11.76, 11.7, 11.57] Demand: [15.695]
Reward for thread 5: [-18.71, -35.01, -21.23] -24.98  Inventory: [14.0, 54.0, 62.0]  Order: [6.55, 6.62, 6.74] Demand: [6.625]

 Algo happo Exp ippo_seed11_formal_v1 updates 88/3000 episodes, total num timesteps 89000/3000000, FPS 117.

Reward for thread 1: [-20.62, -31.35, -32.17] -28.05  Inventory: [54.0, 83.0, 71.0]  Order: [5.4, 5.66, 5.82] Demand: [5.36]
Reward for thread 2: [-44.28, -63.3, -39.69] -49.09  Inventory: [61.0, 160.0, 109.0]  Order: [5.94, 6.5, 6.86] Demand: [5.815]
Reward for thread 3: [-20.8, -32.11, -29.61] -27.51  Inventory: [13.0, 12.0, 19.0]  Order: [7.31, 7.4, 7.44] Demand: [7.2]
Reward for thread 4: [-26.53, -46.14, -52.02] -41.56  Inventory: [18.0, 31.0, 52.0]  Order: [4.86, 4.8, 4.86] Demand: [4.935]
Reward for thread 5: [-108.45, -119.6, -125.74] -117.93  Inventory: [220.0, 231.0, 307.0]  Order: [2.44, 3.36, 4.7] Demand: [1.57]

 Algo happo Exp ippo_seed11_formal_v1 updates 89/3000 episodes, total num timesteps 90000/3000000, FPS 117.

Reward for thread 1: [-18.45, -26.04, -22.18] -22.22  Inventory: [12.0, 81.0, 44.0]  Order: [7.75, 8.01, 8.07] Demand: [7.85]
Reward for thread 2: [-219.79, -80.91, -79.63] -126.78  Inventory: [0.0, 0.0, 0.0]  Order: [12.78, 12.72, 12.63] Demand: [16.035]
Reward for thread 3: [-98.06, -65.76, -57.29] -73.7  Inventory: [20.0, 144.0, 139.0]  Order: [8.26, 8.78, 9.26] Demand: [8.34]
Reward for thread 4: [-36.79, -32.99, -27.97] -32.58  Inventory: [0.0, 0.0, 0.0]  Order: [7.31, 7.3, 7.07] Demand: [8.625]
Reward for thread 5: [-41.66, -34.6, -29.41] -35.22  Inventory: [0.0, 0.0, 0.0]  Order: [11.9, 12.04, 11.92] Demand: [12.605]

Eval average reward:  -54.46691666666667  Eval ordering fluctuation measurement (downstream to upstream):  [0.8340693927733497, 1.107359931433281, 0.7899962293546202]

 Algo happo Exp ippo_seed11_formal_v1 updates 90/3000 episodes, total num timesteps 91000/3000000, FPS 116.

Reward for thread 1: [-84.74, -50.57, -42.17] -59.16  Inventory: [0.0, 0.0, 0.0]  Order: [10.17, 10.06, 10.01] Demand: [12.425]
Reward for thread 2: [-207.36, -87.27, -74.33] -122.99  Inventory: [0.0, 0.0, 0.0]  Order: [12.92, 12.86, 12.59] Demand: [14.865]
Reward for thread 3: [-364.18, -129.61, -122.29] -205.36  Inventory: [0.0, 0.0, 0.0]  Order: [12.9, 12.6, 12.54] Demand: [14.95]
Reward for thread 4: [-272.03, -101.13, -89.68] -154.28  Inventory: [0.0, 0.0, 0.0]  Order: [12.93, 12.89, 12.81] Demand: [17.28]
Reward for thread 5: [-34.3, -33.82, -27.61] -31.91  Inventory: [0.0, 0.0, 0.0]  Order: [9.27, 9.06, 8.9] Demand: [10.105]

 Algo happo Exp ippo_seed11_formal_v1 updates 91/3000 episodes, total num timesteps 92000/3000000, FPS 116.

Reward for thread 1: [-39.19, -32.84, -28.02] -33.35  Inventory: [0.0, 0.0, 1.0]  Order: [11.14, 11.06, 10.94] Demand: [11.885]
Reward for thread 2: [-15.0, -20.82, -19.56] -18.46  Inventory: [15.0, 64.0, 44.0]  Order: [7.16, 7.31, 7.34] Demand: [7.275]
Reward for thread 3: [-53.6, -38.81, -34.84] -42.42  Inventory: [0.0, 0.0, 0.0]  Order: [11.0, 10.86, 10.76] Demand: [12.125]
Reward for thread 4: [-22.97, -37.93, -44.74] -35.21  Inventory: [1.0, 67.0, 189.0]  Order: [4.25, 4.34, 5.08] Demand: [4.425]
Reward for thread 5: [-38.54, -46.62, -40.01] -41.72  Inventory: [14.0, 69.0, 118.0]  Order: [7.18, 7.37, 7.86] Demand: [7.35]

 Algo happo Exp ippo_seed11_formal_v1 updates 92/3000 episodes, total num timesteps 93000/3000000, FPS 116.

Reward for thread 1: [-40.91, -59.08, -72.14] -57.38  Inventory: [0.0, 40.0, 150.0]  Order: [5.99, 5.99, 6.6] Demand: [6.115]
Reward for thread 2: [-135.43, -68.61, -59.99] -88.01  Inventory: [0.0, 0.0, 0.0]  Order: [10.99, 11.0, 10.9] Demand: [13.875]
Reward for thread 3: [-38.13, -28.62, -23.67] -30.14  Inventory: [0.0, 0.0, 0.0]  Order: [8.86, 8.6, 8.41] Demand: [9.47]
Reward for thread 4: [-20.79, -32.47, -29.66] -27.64  Inventory: [11.0, 40.0, 90.0]  Order: [6.33, 6.34, 6.6] Demand: [6.45]
Reward for thread 5: [-28.04, -45.18, -63.76] -45.66  Inventory: [6.0, 51.0, 234.0]  Order: [3.91, 3.94, 4.91] Demand: [4.1]

 Algo happo Exp ippo_seed11_formal_v1 updates 93/3000 episodes, total num timesteps 94000/3000000, FPS 117.

Reward for thread 1: [-28.97, -41.11, -71.53] -47.2  Inventory: [0.0, 0.0, 120.0]  Order: [4.8, 4.75, 5.14] Demand: [4.85]
Reward for thread 2: [-32.77, -39.37, -33.02] -35.05  Inventory: [0.0, 1.0, 39.0]  Order: [9.8, 9.65, 9.65] Demand: [9.945]
Reward for thread 3: [-26.71, -45.96, -44.5] -39.06  Inventory: [0.0, 108.0, 56.0]  Order: [3.88, 4.32, 4.54] Demand: [4.03]
Reward for thread 4: [-93.42, -47.94, -40.69] -60.68  Inventory: [5.0, 25.0, 36.0]  Order: [11.28, 11.28, 11.26] Demand: [11.41]
Reward for thread 5: [-41.88, -74.18, -88.58] -68.21  Inventory: [19.0, 121.0, 273.0]  Order: [2.92, 3.28, 4.46] Demand: [3.055]

 Algo happo Exp ippo_seed11_formal_v1 updates 94/3000 episodes, total num timesteps 95000/3000000, FPS 117.

Reward for thread 1: [-52.04, -66.5, -101.8] -73.45  Inventory: [36.0, 86.0, 316.0]  Order: [3.6, 3.8, 5.2] Demand: [3.665]
Reward for thread 2: [-37.28, -30.46, -27.06] -31.6  Inventory: [0.0, 0.0, 0.0]  Order: [9.8, 9.59, 9.53] Demand: [11.]
Reward for thread 3: [-42.09, -37.04, -31.28] -36.8  Inventory: [32.0, 52.0, 56.0]  Order: [11.57, 11.65, 11.74] Demand: [11.57]
Reward for thread 4: [-50.98, -68.41, -135.17] -84.85  Inventory: [23.0, 66.0, 435.0]  Order: [2.38, 2.46, 4.44] Demand: [2.51]
Reward for thread 5: [-21.37, -31.82, -40.78] -31.32  Inventory: [5.0, 56.0, 55.0]  Order: [5.03, 5.13, 5.3] Demand: [5.21]

Eval average reward:  -52.91341666666666  Eval ordering fluctuation measurement (downstream to upstream):  [0.8903756310662194, 1.1121430071148275, 0.8104123421461507]

 Algo happo Exp ippo_seed11_formal_v1 updates 95/3000 episodes, total num timesteps 96000/3000000, FPS 116.

Reward for thread 1: [-285.68, -105.01, -93.06] -161.25  Inventory: [0.0, 0.0, 0.0]  Order: [13.16, 13.2, 12.89] Demand: [15.535]
Reward for thread 2: [-276.61, -105.62, -90.94] -157.72  Inventory: [0.0, 0.0, 0.0]  Order: [12.88, 12.79, 12.66] Demand: [17.125]
Reward for thread 3: [-116.13, -53.6, -45.34] -71.69  Inventory: [0.0, 0.0, 15.0]  Order: [12.67, 12.52, 12.55] Demand: [13.155]
Reward for thread 4: [-27.37, -40.82, -58.91] -42.37  Inventory: [33.0, 65.0, 256.0]  Order: [3.9, 3.98, 5.09] Demand: [3.985]
Reward for thread 5: [-33.94, -42.63, -41.21] -39.26  Inventory: [0.0, 0.0, 0.0]  Order: [8.48, 8.23, 8.14] Demand: [8.605]

 Algo happo Exp ippo_seed11_formal_v1 updates 96/3000 episodes, total num timesteps 97000/3000000, FPS 116.

Reward for thread 1: [-219.16, -78.71, -72.6] -123.49  Inventory: [0.0, 0.0, 0.0]  Order: [11.54, 11.29, 11.2] Demand: [14.725]
Reward for thread 2: [-26.34, -45.76, -50.14] -40.75  Inventory: [10.0, 86.0, 226.0]  Order: [4.98, 5.16, 6.1] Demand: [5.16]
Reward for thread 3: [-28.7, -44.9, -66.12] -46.57  Inventory: [0.0, 35.0, 232.0]  Order: [3.28, 3.26, 4.22] Demand: [3.49]
Reward for thread 4: [-24.46, -34.45, -33.84] -30.92  Inventory: [0.0, 0.0, 0.0]  Order: [7.46, 7.37, 7.28] Demand: [7.56]
Reward for thread 5: [-26.06, -36.48, -27.56] -30.03  Inventory: [12.0, 77.0, 85.0]  Order: [9.11, 9.25, 9.48] Demand: [9.29]

 Algo happo Exp ippo_seed11_formal_v1 updates 97/3000 episodes, total num timesteps 98000/3000000, FPS 116.

Reward for thread 1: [-62.98, -75.64, -148.22] -95.61  Inventory: [84.0, 34.0, 495.0]  Order: [3.0, 2.92, 5.2] Demand: [2.77]
Reward for thread 2: [-189.05, -81.35, -70.36] -113.59  Inventory: [0.0, 0.0, 11.0]  Order: [13.17, 13.08, 12.98] Demand: [16.32]
Reward for thread 3: [-70.11, -45.98, -38.49] -51.53  Inventory: [0.0, 0.0, 0.0]  Order: [12.56, 12.43, 12.34] Demand: [13.]
Reward for thread 4: [-29.51, -43.05, -68.01] -46.86  Inventory: [0.0, 23.0, 45.0]  Order: [4.0, 3.94, 3.99] Demand: [4.085]
Reward for thread 5: [-69.33, -40.98, -41.14] -50.48  Inventory: [0.0, 0.0, 0.0]  Order: [9.25, 9.12, 9.11] Demand: [11.435]

 Algo happo Exp ippo_seed11_formal_v1 updates 98/3000 episodes, total num timesteps 99000/3000000, FPS 117.

Reward for thread 1: [-15.85, -25.19, -21.01] -20.68  Inventory: [0.0, 0.0, 0.0]  Order: [6.64, 6.62, 6.45] Demand: [6.665]
Reward for thread 2: [-44.96, -77.05, -116.44] -79.48  Inventory: [11.0, 7.0, 407.0]  Order: [3.28, 3.13, 4.97] Demand: [3.36]
Reward for thread 3: [-31.83, -26.48, -21.85] -26.72  Inventory: [0.0, 0.0, 0.0]  Order: [10.98, 10.72, 10.71] Demand: [12.145]
Reward for thread 4: [-40.26, -48.0, -53.94] -47.4  Inventory: [28.0, 59.0, 186.0]  Order: [7.13, 7.18, 7.92] Demand: [7.215]
Reward for thread 5: [-26.02, -38.06, -44.68] -36.25  Inventory: [14.0, 82.0, 24.0]  Order: [5.9, 6.09, 6.06] Demand: [5.985]

 Algo happo Exp ippo_seed11_formal_v1 updates 99/3000 episodes, total num timesteps 100000/3000000, FPS 117.

Reward for thread 1: [-180.16, -70.64, -69.88] -106.89  Inventory: [0.0, 0.0, 0.0]  Order: [12.51, 12.48, 12.42] Demand: [15.315]
Reward for thread 2: [-36.2, -32.65, -27.09] -31.98  Inventory: [0.0, 0.0, 0.0]  Order: [10.0, 9.87, 9.82] Demand: [11.005]
Reward for thread 3: [-21.11, -35.67, -34.87] -30.55  Inventory: [14.0, 33.0, 56.0]  Order: [5.81, 5.74, 5.81] Demand: [5.87]
Reward for thread 4: [-141.32, -74.75, -62.44] -92.84  Inventory: [11.0, 144.0, 116.0]  Order: [10.14, 10.65, 11.05] Demand: [10.32]
Reward for thread 5: [-251.45, -79.17, -78.31] -136.31  Inventory: [0.0, 0.0, 2.0]  Order: [11.85, 11.86, 11.81] Demand: [16.52]

Eval average reward:  -54.06225  Eval ordering fluctuation measurement (downstream to upstream):  [0.8573293499133852, 1.135588945160241, 0.7815705535786781]

 Algo happo Exp ippo_seed11_formal_v1 updates 100/3000 episodes, total num timesteps 101000/3000000, FPS 116.

Reward for thread 1: [-27.4, -39.44, -34.72] -33.85  Inventory: [22.0, 95.0, 48.0]  Order: [5.78, 6.1, 6.22] Demand: [5.92]
Reward for thread 2: [-72.19, -49.33, -42.15] -54.56  Inventory: [0.0, 0.0, 0.0]  Order: [12.58, 12.53, 12.4] Demand: [14.02]
Reward for thread 3: [-23.26, -39.23, -42.16] -34.88  Inventory: [1.0, 61.0, 34.0]  Order: [5.33, 5.48, 5.51] Demand: [5.47]
Reward for thread 4: [-28.53, -35.13, -28.32] -30.66  Inventory: [8.0, 83.0, 66.0]  Order: [10.3, 10.48, 10.65] Demand: [10.515]
Reward for thread 5: [-233.45, -87.05, -78.11] -132.87  Inventory: [0.0, 0.0, 0.0]  Order: [13.06, 13.06, 12.93] Demand: [13.815]

 Algo happo Exp ippo_seed11_formal_v1 updates 101/3000 episodes, total num timesteps 102000/3000000, FPS 116.

Reward for thread 1: [-85.5, -52.14, -51.17] -62.94  Inventory: [3.0, 23.0, 45.0]  Order: [8.53, 8.47, 8.52] Demand: [8.68]
Reward for thread 2: [-38.19, -30.48, -29.86] -32.84  Inventory: [0.0, 0.0, 0.0]  Order: [9.1, 9.15, 9.04] Demand: [10.1]
Reward for thread 3: [-28.28, -43.01, -58.72] -43.34  Inventory: [29.0, 106.0, 167.0]  Order: [4.42, 4.72, 5.44] Demand: [4.475]
Reward for thread 4: [-30.62, -47.67, -59.84] -46.04  Inventory: [26.0, 29.0, 253.0]  Order: [4.13, 4.04, 5.12] Demand: [4.25]
Reward for thread 5: [-181.8, -71.76, -65.47] -106.34  Inventory: [0.0, 0.0, 0.0]  Order: [12.14, 12.32, 11.96] Demand: [14.515]

 Algo happo Exp ippo_seed11_formal_v1 updates 102/3000 episodes, total num timesteps 103000/3000000, FPS 117.

Reward for thread 1: [-64.33, -41.67, -34.05] -46.68  Inventory: [0.0, 0.0, 0.0]  Order: [11.74, 11.68, 11.66] Demand: [12.415]
Reward for thread 2: [-51.61, -68.22, -142.89] -87.57  Inventory: [24.0, 34.0, 237.0]  Order: [3.35, 3.42, 4.42] Demand: [3.435]
Reward for thread 3: [-35.75, -51.46, -59.84] -49.02  Inventory: [33.0, 37.0, 90.0]  Order: [6.6, 6.63, 6.89] Demand: [6.68]
Reward for thread 4: [-14.96, -22.37, -25.56] -20.96  Inventory: [21.0, 41.0, 32.0]  Order: [6.6, 6.6, 6.64] Demand: [6.68]
Reward for thread 5: [-30.59, -35.56, -35.09] -33.75  Inventory: [21.0, 3.0, 91.0]  Order: [8.62, 8.51, 8.77] Demand: [8.71]

 Algo happo Exp ippo_seed11_formal_v1 updates 103/3000 episodes, total num timesteps 104000/3000000, FPS 117.

Reward for thread 1: [-324.46, -107.69, -101.53] -177.89  Inventory: [0.0, 0.0, 0.0]  Order: [13.2, 13.02, 12.88] Demand: [16.77]
Reward for thread 2: [-18.33, -25.46, -24.48] -22.76  Inventory: [13.0, 59.0, 48.0]  Order: [6.69, 6.78, 6.82] Demand: [6.87]
Reward for thread 3: [-125.9, -56.46, -49.96] -77.44  Inventory: [0.0, 0.0, 0.0]  Order: [12.46, 12.42, 12.26] Demand: [13.945]
Reward for thread 4: [-21.57, -32.3, -31.66] -28.51  Inventory: [19.0, 59.0, 105.0]  Order: [5.09, 5.16, 5.49] Demand: [5.245]
Reward for thread 5: [-84.38, -57.19, -41.89] -61.15  Inventory: [0.0, 0.0, 0.0]  Order: [13.22, 13.04, 12.92] Demand: [13.1]

 Algo happo Exp ippo_seed11_formal_v1 updates 104/3000 episodes, total num timesteps 105000/3000000, FPS 117.

Reward for thread 1: [-36.1, -52.67, -90.83] -59.87  Inventory: [7.0, 30.0, 193.0]  Order: [2.7, 2.68, 3.48] Demand: [2.825]
Reward for thread 2: [-30.34, -34.96, -28.58] -31.29  Inventory: [0.0, 0.0, 0.0]  Order: [10.77, 10.65, 10.55] Demand: [11.09]
Reward for thread 3: [-22.61, -31.68, -44.46] -32.92  Inventory: [4.0, 25.0, 34.0]  Order: [6.42, 6.33, 6.32] Demand: [6.5]
Reward for thread 4: [-17.21, -26.96, -24.54] -22.9  Inventory: [5.0, 1.0, 26.0]  Order: [5.95, 5.9, 5.92] Demand: [5.975]
Reward for thread 5: [-88.3, -50.55, -66.49] -68.45  Inventory: [0.0, 0.0, 0.0]  Order: [8.78, 8.78, 8.66] Demand: [11.11]

Eval average reward:  -53.103  Eval ordering fluctuation measurement (downstream to upstream):  [0.8741292853963584, 1.1007159619489495, 0.8341095797056968]

 Algo happo Exp ippo_seed11_formal_v1 updates 105/3000 episodes, total num timesteps 106000/3000000, FPS 116.

Reward for thread 1: [-34.33, -50.74, -68.33] -51.13  Inventory: [33.0, 51.0, 225.0]  Order: [5.43, 5.48, 6.44] Demand: [5.505]
Reward for thread 2: [-17.95, -27.19, -21.07] -22.07  Inventory: [10.0, 59.0, 24.0]  Order: [8.7, 8.82, 8.77] Demand: [8.815]
Reward for thread 3: [-17.81, -25.71, -26.52] -23.35  Inventory: [0.0, 44.0, 76.0]  Order: [5.64, 5.66, 5.83] Demand: [5.75]
Reward for thread 4: [-27.73, -40.63, -54.43] -40.93  Inventory: [15.0, 19.0, 178.0]  Order: [6.04, 5.97, 6.66] Demand: [6.185]
Reward for thread 5: [-20.48, -29.75, -27.28] -25.84  Inventory: [23.0, 49.0, 78.0]  Order: [6.5, 6.5, 6.76] Demand: [6.565]

 Algo happo Exp ippo_seed11_formal_v1 updates 106/3000 episodes, total num timesteps 107000/3000000, FPS 116.

Reward for thread 1: [-29.68, -48.32, -70.17] -49.39  Inventory: [28.0, 37.0, 122.0]  Order: [3.22, 3.16, 3.6] Demand: [3.23]
Reward for thread 2: [-24.36, -40.94, -48.03] -37.78  Inventory: [11.0, 20.0, 0.0]  Order: [4.72, 4.69, 4.66] Demand: [4.79]
Reward for thread 3: [-165.92, -65.93, -60.21] -97.35  Inventory: [0.0, 0.0, 0.0]  Order: [12.05, 12.03, 11.9] Demand: [12.38]
Reward for thread 4: [-31.17, -44.97, -67.41] -47.85  Inventory: [4.0, 94.0, 182.0]  Order: [4.67, 4.89, 5.6] Demand: [4.89]
Reward for thread 5: [-107.47, -45.14, -42.82] -65.14  Inventory: [0.0, 0.0, 0.0]  Order: [10.44, 10.34, 10.34] Demand: [13.25]

 Algo happo Exp ippo_seed11_formal_v1 updates 107/3000 episodes, total num timesteps 108000/3000000, FPS 117.

Reward for thread 1: [-313.99, -102.21, -94.92] -170.37  Inventory: [0.0, 0.0, 0.0]  Order: [12.48, 12.39, 12.15] Demand: [17.245]
Reward for thread 2: [-26.43, -34.91, -44.29] -35.21  Inventory: [0.0, 7.0, 70.0]  Order: [5.56, 5.54, 5.76] Demand: [5.62]
Reward for thread 3: [-58.04, -37.37, -29.61] -41.67  Inventory: [0.0, 0.0, 0.0]  Order: [11.28, 11.22, 11.12] Demand: [12.43]
Reward for thread 4: [-17.44, -24.22, -24.28] -21.98  Inventory: [0.0, 0.0, 52.0]  Order: [7.44, 7.24, 7.3] Demand: [7.485]
Reward for thread 5: [-22.05, -31.62, -32.36] -28.68  Inventory: [67.0, 42.0, 52.0]  Order: [8.08, 8.08, 8.18] Demand: [7.995]

 Algo happo Exp ippo_seed11_formal_v1 updates 108/3000 episodes, total num timesteps 109000/3000000, FPS 117.

Reward for thread 1: [-22.18, -31.76, -35.07] -29.67  Inventory: [22.0, 31.0, 121.0]  Order: [6.19, 6.13, 6.55] Demand: [6.305]
Reward for thread 2: [-18.63, -26.41, -28.53] -24.52  Inventory: [0.0, 0.0, 20.0]  Order: [6.99, 6.84, 6.82] Demand: [6.985]
Reward for thread 3: [-17.71, -25.11, -25.72] -22.85  Inventory: [14.0, 42.0, 39.0]  Order: [4.6, 4.58, 4.56] Demand: [4.77]
Reward for thread 4: [-29.74, -39.82, -72.04] -47.2  Inventory: [15.0, 52.0, 209.0]  Order: [3.0, 3.06, 3.92] Demand: [3.175]
Reward for thread 5: [-17.06, -25.37, -21.9] -21.44  Inventory: [27.0, 4.0, 0.0]  Order: [7.62, 7.74, 7.58] Demand: [7.5]

 Algo happo Exp ippo_seed11_formal_v1 updates 109/3000 episodes, total num timesteps 110000/3000000, FPS 117.

Reward for thread 1: [-16.08, -23.9, -24.8] -21.59  Inventory: [6.0, 6.0, 98.0]  Order: [5.76, 5.56, 5.84] Demand: [5.85]
Reward for thread 2: [-20.23, -30.42, -34.7] -28.45  Inventory: [40.0, 33.0, 151.0]  Order: [5.46, 5.37, 5.94] Demand: [5.505]
Reward for thread 3: [-204.08, -73.28, -66.56] -114.64  Inventory: [0.0, 0.0, 0.0]  Order: [11.78, 11.75, 11.59] Demand: [15.595]
Reward for thread 4: [-36.04, -33.71, -29.49] -33.08  Inventory: [14.0, 0.0, 0.0]  Order: [9.46, 9.43, 9.4] Demand: [9.295]
Reward for thread 5: [-88.78, -44.7, -44.41] -59.3  Inventory: [0.0, 0.0, 0.0]  Order: [9.74, 9.81, 9.78] Demand: [12.065]

Eval average reward:  -51.88608333333333  Eval ordering fluctuation measurement (downstream to upstream):  [0.8888073729469381, 1.1126159113036322, 0.8389375173473088]

 Algo happo Exp ippo_seed11_formal_v1 updates 110/3000 episodes, total num timesteps 111000/3000000, FPS 116.

Reward for thread 1: [-45.01, -35.25, -31.0] -37.09  Inventory: [0.0, 0.0, 0.0]  Order: [10.31, 10.34, 10.15] Demand: [10.27]
Reward for thread 2: [-19.92, -30.14, -34.34] -28.13  Inventory: [5.0, 21.0, 44.0]  Order: [5.06, 5.0, 5.03] Demand: [5.17]
Reward for thread 3: [-17.36, -26.72, -21.85] -21.98  Inventory: [25.0, 32.0, 31.0]  Order: [6.84, 6.78, 6.76] Demand: [6.94]
Reward for thread 4: [-28.43, -34.94, -36.17] -33.18  Inventory: [0.0, 26.0, 50.0]  Order: [6.07, 6.04, 6.08] Demand: [6.215]
Reward for thread 5: [-41.29, -45.27, -97.59] -61.38  Inventory: [20.0, 65.0, 232.0]  Order: [2.69, 2.82, 3.78] Demand: [2.84]

 Algo happo Exp ippo_seed11_formal_v1 updates 111/3000 episodes, total num timesteps 112000/3000000, FPS 116.

Reward for thread 1: [-19.61, -27.62, -28.2] -25.14  Inventory: [3.0, 46.0, 88.0]  Order: [5.54, 5.54, 5.78] Demand: [5.755]
Reward for thread 2: [-20.65, -31.07, -34.91] -28.88  Inventory: [8.0, 41.0, 7.0]  Order: [4.58, 4.72, 4.6] Demand: [4.69]
Reward for thread 3: [-185.04, -70.4, -64.74] -106.73  Inventory: [0.0, 0.0, 0.0]  Order: [13.42, 13.24, 13.18] Demand: [15.895]
Reward for thread 4: [-25.43, -35.39, -55.26] -38.69  Inventory: [6.0, 1.0, 246.0]  Order: [3.95, 3.7, 4.72] Demand: [4.05]
Reward for thread 5: [-25.65, -36.51, -48.43] -36.86  Inventory: [13.0, 37.0, 28.0]  Order: [4.68, 4.72, 4.66] Demand: [4.85]

 Algo happo Exp ippo_seed11_formal_v1 updates 112/3000 episodes, total num timesteps 113000/3000000, FPS 117.

Reward for thread 1: [-20.73, -33.61, -32.73] -29.02  Inventory: [4.0, 82.0, 106.0]  Order: [5.58, 5.74, 6.07] Demand: [5.805]
Reward for thread 2: [-20.26, -26.58, -27.13] -24.66  Inventory: [35.0, 92.0, 83.0]  Order: [6.04, 6.25, 6.5] Demand: [6.07]
Reward for thread 3: [-52.27, -36.52, -31.72] -40.17  Inventory: [0.0, 0.0, 0.0]  Order: [12.9, 12.77, 12.64] Demand: [12.92]
Reward for thread 4: [-42.93, -50.54, -82.76] -58.74  Inventory: [55.0, 84.0, 220.0]  Order: [2.48, 2.66, 3.56] Demand: [2.46]
Reward for thread 5: [-24.47, -37.45, -36.47] -32.8  Inventory: [1.0, 9.0, 107.0]  Order: [5.66, 5.48, 5.82] Demand: [5.75]

 Algo happo Exp ippo_seed11_formal_v1 updates 113/3000 episodes, total num timesteps 114000/3000000, FPS 117.

Reward for thread 1: [-44.34, -35.21, -31.13] -36.89  Inventory: [0.0, 0.0, 0.0]  Order: [10.57, 10.56, 10.45] Demand: [11.]
Reward for thread 2: [-24.83, -34.46, -33.69] -30.99  Inventory: [4.0, 0.0, 0.0]  Order: [8.25, 8.26, 8.13] Demand: [8.01]
Reward for thread 3: [-24.1, -31.58, -27.58] -27.75  Inventory: [0.0, 0.0, 4.0]  Order: [9.38, 9.3, 9.32] Demand: [9.485]
Reward for thread 4: [-23.21, -28.79, -30.61] -27.54  Inventory: [13.0, 6.0, 38.0]  Order: [8.65, 8.58, 8.59] Demand: [8.745]
Reward for thread 5: [-99.56, -51.3, -51.44] -67.43  Inventory: [0.0, 0.0, 0.0]  Order: [9.8, 9.86, 9.8] Demand: [12.13]

 Algo happo Exp ippo_seed11_formal_v1 updates 114/3000 episodes, total num timesteps 115000/3000000, FPS 117.

Reward for thread 1: [-20.45, -30.94, -33.88] -28.42  Inventory: [12.0, 64.0, 90.0]  Order: [6.29, 6.42, 6.68] Demand: [6.48]
Reward for thread 2: [-22.22, -34.64, -43.56] -33.47  Inventory: [4.0, 11.0, 115.0]  Order: [3.42, 3.34, 3.72] Demand: [3.555]
Reward for thread 3: [-19.86, -25.66, -25.94] -23.82  Inventory: [0.0, 0.0, 0.0]  Order: [7.66, 7.52, 7.54] Demand: [7.875]
Reward for thread 4: [-22.2, -35.29, -44.31] -33.93  Inventory: [12.0, 49.0, 86.0]  Order: [4.18, 4.2, 4.43] Demand: [4.32]
Reward for thread 5: [-148.74, -64.63, -58.34] -90.57  Inventory: [0.0, 0.0, 0.0]  Order: [11.8, 11.68, 11.55] Demand: [14.96]

Eval average reward:  -53.4395  Eval ordering fluctuation measurement (downstream to upstream):  [0.8916952646040631, 1.0826922753757058, 0.8451717710453781]

 Algo happo Exp ippo_seed11_formal_v1 updates 115/3000 episodes, total num timesteps 116000/3000000, FPS 116.

Reward for thread 1: [-54.51, -38.08, -34.03] -42.21  Inventory: [0.0, 0.0, 0.0]  Order: [12.87, 12.84, 12.68] Demand: [13.6]
Reward for thread 2: [-20.45, -30.36, -35.46] -28.76  Inventory: [26.0, 78.0, 37.0]  Order: [4.56, 4.71, 4.7] Demand: [4.675]
Reward for thread 3: [-34.17, -30.93, -28.34] -31.15  Inventory: [0.0, 0.0, 0.0]  Order: [10.35, 10.41, 10.33] Demand: [10.965]
Reward for thread 4: [-217.92, -82.18, -75.32] -125.14  Inventory: [0.0, 0.0, 0.0]  Order: [13.41, 13.32, 13.27] Demand: [15.32]
Reward for thread 5: [-47.69, -34.51, -32.53] -38.24  Inventory: [8.0, 38.0, 0.0]  Order: [10.52, 10.62, 10.43] Demand: [10.63]

 Algo happo Exp ippo_seed11_formal_v1 updates 116/3000 episodes, total num timesteps 117000/3000000, FPS 116.

Reward for thread 1: [-18.92, -26.06, -25.75] -23.58  Inventory: [4.0, 33.0, 0.0]  Order: [7.32, 7.37, 7.28] Demand: [7.475]
Reward for thread 2: [-24.68, -39.78, -53.91] -39.46  Inventory: [23.0, 65.0, 131.0]  Order: [3.42, 3.52, 3.98] Demand: [3.525]
Reward for thread 3: [-27.43, -36.89, -38.28] -34.2  Inventory: [12.0, 41.0, 139.0]  Order: [5.89, 5.86, 6.36] Demand: [6.07]
Reward for thread 4: [-21.16, -27.49, -30.46] -26.37  Inventory: [0.0, 0.0, 0.0]  Order: [9.26, 9.25, 9.2] Demand: [9.355]
Reward for thread 5: [-21.71, -33.15, -39.95] -31.6  Inventory: [1.0, 13.0, 116.0]  Order: [4.22, 4.06, 4.46] Demand: [4.35]

 Algo happo Exp ippo_seed11_formal_v1 updates 117/3000 episodes, total num timesteps 118000/3000000, FPS 117.

Reward for thread 1: [-72.88, -42.17, -36.97] -50.67  Inventory: [0.0, 0.0, 0.0]  Order: [10.32, 10.26, 10.15] Demand: [12.265]
Reward for thread 2: [-16.68, -23.68, -28.23] -22.86  Inventory: [6.0, 0.0, 0.0]  Order: [7.15, 7.3, 7.18] Demand: [7.115]
Reward for thread 3: [-20.1, -27.98, -37.52] -28.53  Inventory: [0.0, 13.0, 64.0]  Order: [5.46, 5.32, 5.44] Demand: [5.555]
Reward for thread 4: [-14.89, -21.13, -22.52] -19.51  Inventory: [0.0, 0.0, 0.0]  Order: [6.89, 6.93, 6.76] Demand: [6.81]
Reward for thread 5: [-45.07, -64.05, -119.08] -76.07  Inventory: [15.0, 68.0, 369.0]  Order: [1.68, 1.79, 3.44] Demand: [1.86]

 Algo happo Exp ippo_seed11_formal_v1 updates 118/3000 episodes, total num timesteps 119000/3000000, FPS 117.

Reward for thread 1: [-16.97, -25.56, -27.54] -23.36  Inventory: [0.0, 0.0, 0.0]  Order: [6.66, 6.65, 6.62] Demand: [6.46]
Reward for thread 2: [-43.11, -34.86, -29.3] -35.76  Inventory: [0.0, 0.0, 1.0]  Order: [10.58, 10.52, 10.53] Demand: [10.5]
Reward for thread 3: [-37.95, -60.06, -85.98] -61.33  Inventory: [3.0, 81.0, 281.0]  Order: [2.56, 2.74, 3.95] Demand: [2.76]
Reward for thread 4: [-21.39, -32.64, -41.05] -31.69  Inventory: [10.0, 14.0, 125.0]  Order: [4.86, 4.72, 5.14] Demand: [5.005]
Reward for thread 5: [-18.46, -25.54, -37.47] -27.16  Inventory: [13.0, 53.0, 92.0]  Order: [4.91, 5.04, 5.33] Demand: [5.08]

 Algo happo Exp ippo_seed11_formal_v1 updates 119/3000 episodes, total num timesteps 120000/3000000, FPS 117.

Reward for thread 1: [-239.99, -78.4, -75.64] -131.34  Inventory: [0.0, 0.0, 0.0]  Order: [12.98, 12.99, 12.9] Demand: [15.28]
Reward for thread 2: [-16.81, -24.65, -30.66] -24.04  Inventory: [17.0, 19.0, 95.0]  Order: [5.22, 5.09, 5.38] Demand: [5.365]
Reward for thread 3: [-46.17, -33.68, -29.58] -36.48  Inventory: [0.0, 0.0, 0.0]  Order: [10.12, 10.22, 10.14] Demand: [9.99]
Reward for thread 4: [-31.73, -45.11, -83.83] -53.56  Inventory: [26.0, 0.0, 262.0]  Order: [2.9, 2.73, 3.84] Demand: [3.]
Reward for thread 5: [-17.77, -27.76, -32.53] -26.02  Inventory: [0.0, 0.0, 0.0]  Order: [5.56, 5.48, 5.42] Demand: [5.505]

Eval average reward:  -49.736916666666666  Eval ordering fluctuation measurement (downstream to upstream):  [0.8779352132699444, 1.0596203670149358, 0.8592344664112191]

 Algo happo Exp ippo_seed11_formal_v1 updates 120/3000 episodes, total num timesteps 121000/3000000, FPS 116.

Reward for thread 1: [-35.38, -31.12, -27.93] -31.48  Inventory: [0.0, 0.0, 0.0]  Order: [10.04, 9.94, 9.85] Demand: [10.73]
Reward for thread 2: [-21.55, -31.94, -32.33] -28.61  Inventory: [11.0, 10.0, 0.0]  Order: [6.2, 6.32, 6.24] Demand: [6.225]
Reward for thread 3: [-202.84, -77.08, -66.45] -115.46  Inventory: [0.0, 0.0, 0.0]  Order: [13.47, 13.37, 13.3] Demand: [15.915]
Reward for thread 4: [-22.29, -22.44, -22.9] -22.54  Inventory: [0.0, 0.0, 0.0]  Order: [9.04, 8.93, 8.8] Demand: [9.145]
Reward for thread 5: [-18.91, -29.47, -26.84] -25.07  Inventory: [5.0, 0.0, 72.0]  Order: [6.32, 6.03, 6.2] Demand: [6.375]

 Algo happo Exp ippo_seed11_formal_v1 updates 121/3000 episodes, total num timesteps 122000/3000000, FPS 116.

Reward for thread 1: [-42.51, -29.85, -25.47] -32.61  Inventory: [0.0, 0.0, 0.0]  Order: [12.44, 12.36, 12.28] Demand: [12.695]
Reward for thread 2: [-50.62, -36.34, -32.48] -39.81  Inventory: [0.0, 0.0, 0.0]  Order: [10.65, 10.5, 10.37] Demand: [12.035]
Reward for thread 3: [-48.01, -41.3, -31.93] -40.41  Inventory: [0.0, 0.0, 0.0]  Order: [11.36, 11.26, 11.18] Demand: [11.9]
Reward for thread 4: [-19.91, -27.91, -27.13] -24.98  Inventory: [0.0, 0.0, 0.0]  Order: [8.39, 8.34, 8.2] Demand: [8.285]
Reward for thread 5: [-23.85, -34.31, -57.32] -38.49  Inventory: [13.0, 45.0, 123.0]  Order: [3.81, 3.8, 4.22] Demand: [3.995]

 Algo happo Exp ippo_seed11_formal_v1 updates 122/3000 episodes, total num timesteps 123000/3000000, FPS 117.

Reward for thread 1: [-30.4, -47.4, -72.37] -50.06  Inventory: [30.0, 77.0, 46.0]  Order: [3.24, 3.41, 3.44] Demand: [3.335]
Reward for thread 2: [-18.31, -29.92, -36.62] -28.28  Inventory: [5.0, 19.0, 106.0]  Order: [5.78, 5.66, 5.98] Demand: [5.925]
Reward for thread 3: [-35.25, -39.35, -35.19] -36.6  Inventory: [17.0, 29.0, 63.0]  Order: [7.56, 7.52, 7.64] Demand: [7.6]
Reward for thread 4: [-16.99, -27.58, -24.94] -23.17  Inventory: [9.0, 96.0, 83.0]  Order: [7.16, 7.4, 7.66] Demand: [7.365]
Reward for thread 5: [-40.54, -71.67, -77.27] -63.16  Inventory: [13.0, 158.0, 226.0]  Order: [3.18, 3.73, 4.67] Demand: [3.365]

 Algo happo Exp ippo_seed11_formal_v1 updates 123/3000 episodes, total num timesteps 124000/3000000, FPS 117.

Reward for thread 1: [-161.81, -56.02, -57.01] -91.61  Inventory: [0.0, 0.0, 0.0]  Order: [11.54, 11.65, 11.53] Demand: [15.285]
Reward for thread 2: [-334.96, -99.78, -99.0] -177.91  Inventory: [0.0, 7.0, 22.0]  Order: [12.73, 12.7, 12.64] Demand: [17.59]
Reward for thread 3: [-22.34, -32.3, -49.06] -34.57  Inventory: [3.0, 44.0, 92.0]  Order: [5.32, 5.35, 5.64] Demand: [5.47]
Reward for thread 4: [-27.4, -21.89, -23.12] -24.14  Inventory: [0.0, 0.0, 0.0]  Order: [10.77, 10.78, 10.75] Demand: [11.26]
Reward for thread 5: [-219.97, -73.62, -73.1] -122.23  Inventory: [0.0, 0.0, 0.0]  Order: [13.45, 13.65, 13.55] Demand: [13.67]

 Algo happo Exp ippo_seed11_formal_v1 updates 124/3000 episodes, total num timesteps 125000/3000000, FPS 117.

Reward for thread 1: [-22.17, -31.69, -42.9] -32.25  Inventory: [3.0, 13.0, 61.0]  Order: [5.06, 4.95, 5.05] Demand: [5.195]
Reward for thread 2: [-24.97, -40.99, -50.88] -38.95  Inventory: [12.0, 43.0, 164.0]  Order: [4.08, 4.14, 4.74] Demand: [4.275]
Reward for thread 3: [-52.11, -32.91, -35.02] -40.01  Inventory: [0.0, 0.0, 0.0]  Order: [7.96, 7.88, 7.82] Demand: [9.575]
Reward for thread 4: [-24.63, -35.16, -32.51] -30.77  Inventory: [4.0, 0.0, 22.0]  Order: [7.96, 7.84, 7.9] Demand: [7.96]
Reward for thread 5: [-210.4, -73.49, -72.02] -118.64  Inventory: [0.0, 0.0, 0.0]  Order: [12.19, 12.29, 12.22] Demand: [15.385]

Eval average reward:  -45.72083333333333  Eval ordering fluctuation measurement (downstream to upstream):  [0.8846838636780376, 1.0546315107970607, 0.9197050427818197]
A better model is saved!

 Algo happo Exp ippo_seed11_formal_v1 updates 125/3000 episodes, total num timesteps 126000/3000000, FPS 116.

Reward for thread 1: [-44.48, -55.52, -106.18] -68.73  Inventory: [43.0, 65.0, 294.0]  Order: [2.68, 2.8, 4.13] Demand: [2.705]
Reward for thread 2: [-51.57, -43.19, -38.26] -44.34  Inventory: [0.0, 0.0, 0.0]  Order: [10.44, 10.46, 10.43] Demand: [11.775]
Reward for thread 3: [-135.28, -50.7, -53.57] -79.85  Inventory: [0.0, 0.0, 0.0]  Order: [12.7, 12.84, 12.74] Demand: [13.31]
Reward for thread 4: [-222.36, -80.44, -78.09] -126.96  Inventory: [0.0, 0.0, 0.0]  Order: [13.03, 12.93, 12.82] Demand: [14.76]
Reward for thread 5: [-219.97, -71.16, -72.07] -121.07  Inventory: [0.0, 0.0, 0.0]  Order: [13.82, 13.82, 13.76] Demand: [14.]

 Algo happo Exp ippo_seed11_formal_v1 updates 126/3000 episodes, total num timesteps 127000/3000000, FPS 116.

Reward for thread 1: [-36.85, -28.42, -29.89] -31.72  Inventory: [0.0, 17.0, 0.0]  Order: [10.35, 10.47, 10.4] Demand: [11.345]
Reward for thread 2: [-23.47, -33.26, -34.12] -30.28  Inventory: [25.0, 31.0, 37.0]  Order: [5.99, 6.03, 6.11] Demand: [6.095]
Reward for thread 3: [-77.72, -39.98, -41.99] -53.23  Inventory: [0.0, 0.0, 0.0]  Order: [11.44, 11.4, 11.38] Demand: [13.55]
Reward for thread 4: [-212.85, -73.11, -73.3] -119.75  Inventory: [0.0, 0.0, 0.0]  Order: [12.56, 12.54, 12.28] Demand: [15.395]
Reward for thread 5: [-16.36, -18.99, -19.87] -18.41  Inventory: [0.0, 0.0, 0.0]  Order: [9.58, 9.73, 9.65] Demand: [9.605]

 Algo happo Exp ippo_seed11_formal_v1 updates 127/3000 episodes, total num timesteps 128000/3000000, FPS 117.

Reward for thread 1: [-24.35, -32.36, -34.59] -30.43  Inventory: [12.0, 33.0, 26.0]  Order: [8.38, 8.32, 8.24] Demand: [8.525]
Reward for thread 2: [-103.6, -48.61, -49.41] -67.21  Inventory: [0.0, 0.0, 0.0]  Order: [12.68, 12.78, 12.7] Demand: [15.135]
Reward for thread 3: [-25.44, -30.2, -32.14] -29.26  Inventory: [11.0, 30.0, 83.0]  Order: [9.05, 9.02, 9.24] Demand: [9.235]
Reward for thread 4: [-34.18, -46.18, -92.94] -57.77  Inventory: [26.0, 42.0, 149.0]  Order: [2.58, 2.59, 3.14] Demand: [2.605]
Reward for thread 5: [-15.86, -23.4, -23.13] -20.8  Inventory: [0.0, 10.0, 9.0]  Order: [7.68, 7.64, 7.52] Demand: [7.74]

 Algo happo Exp ippo_seed11_formal_v1 updates 128/3000 episodes, total num timesteps 129000/3000000, FPS 117.

Reward for thread 1: [-207.56, -67.63, -69.51] -114.9  Inventory: [0.0, 12.0, 7.0]  Order: [13.24, 13.36, 13.26] Demand: [16.59]
Reward for thread 2: [-166.01, -55.17, -59.17] -93.45  Inventory: [0.0, 0.0, 8.0]  Order: [13.72, 13.7, 13.7] Demand: [14.645]
Reward for thread 3: [-27.04, -26.32, -24.64] -26.0  Inventory: [0.0, 0.0, 0.0]  Order: [10.94, 11.12, 10.98] Demand: [10.885]
Reward for thread 4: [-19.92, -32.54, -38.01] -30.16  Inventory: [13.0, 32.0, 95.0]  Order: [3.28, 3.24, 3.54] Demand: [3.465]
Reward for thread 5: [-161.03, -60.8, -58.66] -93.5  Inventory: [0.0, 0.0, 0.0]  Order: [12.58, 12.69, 12.58] Demand: [15.77]

 Algo happo Exp ippo_seed11_formal_v1 updates 129/3000 episodes, total num timesteps 130000/3000000, FPS 117.

Reward for thread 1: [-50.77, -34.08, -33.23] -39.36  Inventory: [12.0, 20.0, 0.0]  Order: [11.04, 11.09, 11.1] Demand: [11.01]
Reward for thread 2: [-129.71, -47.8, -47.24] -74.92  Inventory: [0.0, 0.0, 11.0]  Order: [12.5, 12.46, 12.55] Demand: [15.615]
Reward for thread 3: [-65.58, -40.5, -37.91] -48.0  Inventory: [0.0, 0.0, 0.0]  Order: [13.69, 13.72, 13.52] Demand: [14.5]
Reward for thread 4: [-18.66, -25.62, -32.89] -25.72  Inventory: [23.0, 4.0, 36.0]  Order: [6.44, 6.42, 6.38] Demand: [6.51]
Reward for thread 5: [-27.05, -42.16, -60.78] -43.33  Inventory: [0.0, 48.0, 217.0]  Order: [3.04, 3.06, 3.94] Demand: [3.17]

Eval average reward:  -42.06441666666667  Eval ordering fluctuation measurement (downstream to upstream):  [0.872981511136833, 0.9855662298663089, 0.9057247170150706]
A better model is saved!

 Algo happo Exp ippo_seed11_formal_v1 updates 130/3000 episodes, total num timesteps 131000/3000000, FPS 116.

Reward for thread 1: [-48.27, -36.44, -32.69] -39.13  Inventory: [0.0, 0.0, 0.0]  Order: [11.71, 11.78, 11.53] Demand: [12.395]
Reward for thread 2: [-22.05, -28.81, -31.24] -27.37  Inventory: [0.0, 0.0, 0.0]  Order: [8.28, 8.32, 8.22] Demand: [8.36]
Reward for thread 3: [-29.84, -29.29, -28.54] -29.22  Inventory: [0.0, 0.0, 1.0]  Order: [10.86, 10.83, 10.68] Demand: [11.295]
Reward for thread 4: [-21.86, -32.37, -38.82] -31.02  Inventory: [0.0, 29.0, 49.0]  Order: [5.54, 5.46, 5.56] Demand: [5.66]
Reward for thread 5: [-210.78, -64.48, -67.83] -114.36  Inventory: [0.0, 0.0, 0.0]  Order: [13.42, 13.42, 13.3] Demand: [16.165]

 Algo happo Exp ippo_seed11_formal_v1 updates 131/3000 episodes, total num timesteps 132000/3000000, FPS 116.

Reward for thread 1: [-21.72, -31.89, -31.36] -28.32  Inventory: [12.0, 16.0, 107.0]  Order: [8.04, 7.89, 8.24] Demand: [8.235]
Reward for thread 2: [-37.73, -26.5, -26.55] -30.26  Inventory: [0.0, 0.0, 0.0]  Order: [10.86, 11.03, 10.87] Demand: [11.93]
Reward for thread 3: [-138.97, -51.59, -53.85] -81.47  Inventory: [0.0, 0.0, 0.0]  Order: [12.42, 12.5, 12.44] Demand: [15.155]
Reward for thread 4: [-15.84, -23.89, -23.3] -21.01  Inventory: [17.0, 16.0, 25.0]  Order: [7.4, 7.36, 7.3] Demand: [7.44]
Reward for thread 5: [-66.58, -40.94, -38.02] -48.51  Inventory: [8.0, 0.0, 0.0]  Order: [12.43, 12.55, 12.5] Demand: [12.335]

 Algo happo Exp ippo_seed11_formal_v1 updates 132/3000 episodes, total num timesteps 133000/3000000, FPS 117.

Reward for thread 1: [-37.82, -48.24, -90.38] -58.81  Inventory: [42.0, 66.0, 249.0]  Order: [2.73, 2.86, 3.9] Demand: [2.76]
Reward for thread 2: [-47.18, -30.74, -29.3] -35.74  Inventory: [50.0, 7.0, 0.0]  Order: [11.41, 11.58, 11.58] Demand: [11.325]
Reward for thread 3: [-33.27, -44.49, -86.3] -54.69  Inventory: [21.0, 50.0, 197.0]  Order: [2.84, 2.9, 3.68] Demand: [2.97]
Reward for thread 4: [-28.09, -40.61, -63.42] -44.04  Inventory: [23.0, 40.0, 215.0]  Order: [4.5, 4.46, 5.32] Demand: [4.63]
Reward for thread 5: [-17.99, -22.16, -21.2] -20.45  Inventory: [0.0, 41.0, 35.0]  Order: [10.2, 10.26, 10.23] Demand: [10.245]

 Algo happo Exp ippo_seed11_formal_v1 updates 133/3000 episodes, total num timesteps 134000/3000000, FPS 117.

Reward for thread 1: [-27.62, -29.72, -35.2] -30.85  Inventory: [23.0, 66.0, 69.0]  Order: [7.48, 7.6, 7.75] Demand: [7.605]
Reward for thread 2: [-20.96, -31.97, -39.9] -30.94  Inventory: [6.0, 0.0, 35.0]  Order: [4.51, 4.36, 4.35] Demand: [4.49]
Reward for thread 3: [-19.14, -29.2, -29.34] -25.89  Inventory: [7.0, 44.0, 69.0]  Order: [6.1, 6.1, 6.24] Demand: [6.245]
Reward for thread 4: [-24.02, -25.34, -25.52] -24.96  Inventory: [35.0, 59.0, 52.0]  Order: [9.44, 9.52, 9.67] Demand: [9.485]
Reward for thread 5: [-48.76, -31.6, -32.9] -37.75  Inventory: [0.0, 0.0, 0.0]  Order: [10.8, 10.81, 10.76] Demand: [12.29]

 Algo happo Exp ippo_seed11_formal_v1 updates 134/3000 episodes, total num timesteps 135000/3000000, FPS 117.

Reward for thread 1: [-17.48, -24.14, -23.6] -21.74  Inventory: [5.0, 16.0, 37.0]  Order: [5.58, 5.54, 5.54] Demand: [5.72]
Reward for thread 2: [-17.55, -26.93, -25.58] -23.35  Inventory: [0.0, 0.0, 0.0]  Order: [8.71, 8.63, 8.6] Demand: [8.635]
Reward for thread 3: [-24.3, -32.58, -27.92] -28.27  Inventory: [2.0, 2.0, 54.0]  Order: [8.62, 8.43, 8.51] Demand: [8.745]
Reward for thread 4: [-14.85, -24.15, -23.43] -20.81  Inventory: [9.0, 38.0, 26.0]  Order: [7.26, 7.34, 7.43] Demand: [7.345]
Reward for thread 5: [-63.53, -55.4, -117.93] -78.95  Inventory: [112.0, 21.0, 305.0]  Order: [2.17, 2.1, 3.5] Demand: [1.81]

Eval average reward:  -45.26941666666667  Eval ordering fluctuation measurement (downstream to upstream):  [0.8519692154391214, 0.8119334029767578, 0.7767689898851835]

 Algo happo Exp ippo_seed11_formal_v1 updates 135/3000 episodes, total num timesteps 136000/3000000, FPS 116.

Reward for thread 1: [-13.16, -20.84, -23.36] -19.12  Inventory: [0.0, 34.0, 50.0]  Order: [5.92, 5.94, 6.0] Demand: [6.065]
Reward for thread 2: [-40.39, -33.14, -29.7] -34.41  Inventory: [2.0, 24.0, 40.0]  Order: [11.72, 11.74, 11.8] Demand: [11.86]
Reward for thread 3: [-45.57, -33.57, -29.65] -36.26  Inventory: [0.0, 0.0, 0.0]  Order: [11.35, 11.32, 11.28] Demand: [11.37]
Reward for thread 4: [-106.59, -49.96, -47.02] -67.86  Inventory: [0.0, 0.0, 2.0]  Order: [11.36, 11.33, 11.26] Demand: [14.015]
Reward for thread 5: [-32.47, -33.64, -30.19] -32.1  Inventory: [0.0, 0.0, 0.0]  Order: [9.79, 9.72, 9.56] Demand: [9.8]

 Algo happo Exp ippo_seed11_formal_v1 updates 136/3000 episodes, total num timesteps 137000/3000000, FPS 117.

Reward for thread 1: [-20.15, -34.45, -40.66] -31.75  Inventory: [0.0, 0.0, 13.0]  Order: [4.53, 4.44, 4.38] Demand: [4.63]
Reward for thread 2: [-110.24, -48.17, -43.31] -67.24  Inventory: [0.0, 0.0, 0.0]  Order: [12.54, 12.42, 12.26] Demand: [12.725]
Reward for thread 3: [-66.64, -69.86, -114.76] -83.75  Inventory: [171.0, 61.0, 278.0]  Order: [2.35, 2.42, 3.64] Demand: [1.645]
Reward for thread 4: [-18.83, -30.07, -32.96] -27.29  Inventory: [0.0, 12.0, 12.0]  Order: [6.76, 6.74, 6.69] Demand: [6.855]
Reward for thread 5: [-17.21, -26.12, -25.6] -22.98  Inventory: [6.0, 21.0, 67.0]  Order: [7.11, 7.02, 7.16] Demand: [7.16]

 Algo happo Exp ippo_seed11_formal_v1 updates 137/3000 episodes, total num timesteps 138000/3000000, FPS 117.

Reward for thread 1: [-32.15, -55.44, -55.65] -47.75  Inventory: [20.0, 115.0, 154.0]  Order: [3.26, 3.58, 4.18] Demand: [3.405]
Reward for thread 2: [-18.65, -26.52, -24.74] -23.3  Inventory: [0.0, 0.0, 0.0]  Order: [8.64, 8.64, 8.61] Demand: [8.47]
Reward for thread 3: [-16.56, -24.77, -25.72] -22.35  Inventory: [6.0, 27.0, 69.0]  Order: [7.6, 7.53, 7.71] Demand: [7.745]
Reward for thread 4: [-22.47, -28.14, -24.9] -25.17  Inventory: [2.0, 34.0, 39.0]  Order: [7.25, 7.3, 7.29] Demand: [7.43]
Reward for thread 5: [-25.44, -38.14, -52.84] -38.81  Inventory: [7.0, 42.0, 127.0]  Order: [3.15, 3.21, 3.64] Demand: [3.355]

 Algo happo Exp ippo_seed11_formal_v1 updates 138/3000 episodes, total num timesteps 139000/3000000, FPS 117.

Reward for thread 1: [-17.75, -27.04, -32.02] -25.6  Inventory: [15.0, 22.0, 59.0]  Order: [4.25, 4.27, 4.36] Demand: [4.395]
Reward for thread 2: [-36.52, -31.12, -27.55] -31.73  Inventory: [19.0, 16.0, 3.0]  Order: [12.12, 12.18, 12.21] Demand: [11.985]
Reward for thread 3: [-15.88, -26.5, -28.89] -23.76  Inventory: [5.0, 5.0, 110.0]  Order: [5.87, 5.76, 6.1] Demand: [6.04]
Reward for thread 4: [-132.98, -53.87, -51.03] -79.29  Inventory: [47.0, 67.0, 65.0]  Order: [12.27, 12.37, 12.5] Demand: [12.235]
Reward for thread 5: [-45.88, -30.64, -28.69] -35.07  Inventory: [0.0, 0.0, 0.0]  Order: [11.62, 11.48, 11.44] Demand: [12.445]

 Algo happo Exp ippo_seed11_formal_v1 updates 139/3000 episodes, total num timesteps 140000/3000000, FPS 117.

Reward for thread 1: [-19.62, -27.33, -29.52] -25.49  Inventory: [0.0, 50.0, 47.0]  Order: [7.4, 7.42, 7.48] Demand: [7.575]
Reward for thread 2: [-42.14, -48.27, -74.43] -54.95  Inventory: [47.0, 87.0, 185.0]  Order: [2.62, 2.9, 3.62] Demand: [2.62]
Reward for thread 3: [-21.76, -28.46, -50.29] -33.5  Inventory: [0.0, 0.0, 0.0]  Order: [3.9, 3.81, 3.64] Demand: [3.965]
Reward for thread 4: [-33.87, -24.52, -28.14] -28.84  Inventory: [14.0, 0.0, 0.0]  Order: [9.88, 9.96, 9.87] Demand: [9.885]
Reward for thread 5: [-16.03, -25.25, -27.21] -22.83  Inventory: [14.0, 18.0, 78.0]  Order: [7.5, 7.42, 7.62] Demand: [7.645]

Eval average reward:  -54.10091666666667  Eval ordering fluctuation measurement (downstream to upstream):  [0.8914542438180095, 0.8500681992234108, 0.7841309026898278]

 Algo happo Exp ippo_seed11_formal_v1 updates 140/3000 episodes, total num timesteps 141000/3000000, FPS 116.

Reward for thread 1: [-55.44, -42.66, -33.84] -43.98  Inventory: [0.0, 0.0, 0.0]  Order: [14.1, 14.09, 14.06] Demand: [14.41]
Reward for thread 2: [-27.1, -33.16, -32.21] -30.82  Inventory: [17.0, 69.0, 65.0]  Order: [8.7, 8.82, 8.94] Demand: [8.785]
Reward for thread 3: [-70.72, -38.29, -35.42] -48.14  Inventory: [0.0, 0.0, 0.0]  Order: [11.75, 11.86, 11.78] Demand: [13.575]
Reward for thread 4: [-39.46, -35.87, -30.17] -35.17  Inventory: [0.0, 0.0, 0.0]  Order: [9.71, 9.56, 9.51] Demand: [10.25]
Reward for thread 5: [-21.18, -31.15, -30.66] -27.66  Inventory: [21.0, 42.0, 65.0]  Order: [7.04, 7.01, 7.14] Demand: [7.165]

 Algo happo Exp ippo_seed11_formal_v1 updates 141/3000 episodes, total num timesteps 142000/3000000, FPS 117.

Reward for thread 1: [-22.45, -23.37, -20.9] -22.24  Inventory: [0.0, 0.0, 0.0]  Order: [11.56, 11.54, 11.45] Demand: [11.955]
Reward for thread 2: [-108.15, -48.23, -47.34] -67.91  Inventory: [31.0, 33.0, 31.0]  Order: [12.06, 12.16, 12.2] Demand: [12.125]
Reward for thread 3: [-50.04, -37.66, -33.89] -40.53  Inventory: [0.0, 0.0, 0.0]  Order: [10.28, 10.3, 10.2] Demand: [11.57]
Reward for thread 4: [-20.03, -26.11, -26.08] -24.07  Inventory: [1.0, 15.0, 51.0]  Order: [8.52, 8.46, 8.56] Demand: [8.635]
Reward for thread 5: [-121.28, -54.76, -49.0] -75.01  Inventory: [0.0, 0.0, 0.0]  Order: [13.46, 13.54, 13.41] Demand: [14.725]

 Algo happo Exp ippo_seed11_formal_v1 updates 142/3000 episodes, total num timesteps 143000/3000000, FPS 117.

Reward for thread 1: [-19.7, -29.26, -29.35] -26.1  Inventory: [16.0, 37.0, 24.0]  Order: [6.95, 6.9, 6.82] Demand: [7.08]
Reward for thread 2: [-33.04, -27.5, -24.31] -28.28  Inventory: [0.0, 0.0, 0.0]  Order: [11.66, 11.57, 11.51] Demand: [11.76]
Reward for thread 3: [-92.07, -44.88, -41.75] -59.57  Inventory: [0.0, 19.0, 6.0]  Order: [13.13, 13.16, 13.22] Demand: [14.865]
Reward for thread 4: [-21.95, -22.47, -20.52] -21.65  Inventory: [0.0, 0.0, 0.0]  Order: [10.99, 11.02, 10.96] Demand: [11.015]
Reward for thread 5: [-18.05, -26.68, -27.15] -23.96  Inventory: [11.0, 37.0, 62.0]  Order: [7.22, 7.2, 7.3] Demand: [7.36]

 Algo happo Exp ippo_seed11_formal_v1 updates 143/3000 episodes, total num timesteps 144000/3000000, FPS 117.

Reward for thread 1: [-33.01, -42.0, -82.78] -52.6  Inventory: [5.0, 17.0, 269.0]  Order: [2.38, 2.25, 3.39] Demand: [2.555]
Reward for thread 2: [-31.97, -36.48, -36.05] -34.83  Inventory: [25.0, 74.0, 96.0]  Order: [7.9, 8.02, 8.28] Demand: [8.]
Reward for thread 3: [-31.51, -24.02, -24.6] -26.71  Inventory: [2.0, 41.0, 48.0]  Order: [8.4, 8.45, 8.48] Demand: [8.53]
Reward for thread 4: [-134.54, -57.24, -51.67] -81.15  Inventory: [0.0, 0.0, 0.0]  Order: [12.86, 12.88, 12.82] Demand: [14.89]
Reward for thread 5: [-14.76, -22.44, -31.93] -23.04  Inventory: [4.0, 9.0, 98.0]  Order: [4.53, 4.34, 4.62] Demand: [4.65]

 Algo happo Exp ippo_seed11_formal_v1 updates 144/3000 episodes, total num timesteps 145000/3000000, FPS 117.

Reward for thread 1: [-16.11, -24.87, -29.82] -23.6  Inventory: [0.0, 0.0, 0.0]  Order: [5.1, 4.93, 4.89] Demand: [5.145]
Reward for thread 2: [-19.23, -29.85, -27.74] -25.61  Inventory: [16.0, 43.0, 66.0]  Order: [7.24, 7.26, 7.4] Demand: [7.405]
Reward for thread 3: [-221.92, -78.66, -73.82] -124.8  Inventory: [0.0, 0.0, 0.0]  Order: [13.24, 13.23, 13.2] Demand: [17.]
Reward for thread 4: [-15.42, -24.58, -26.42] -22.14  Inventory: [0.0, 0.0, 1.0]  Order: [7.06, 6.98, 6.86] Demand: [7.03]
Reward for thread 5: [-149.74, -51.71, -52.83] -84.76  Inventory: [0.0, 0.0, 0.0]  Order: [12.17, 12.22, 12.16] Demand: [15.49]

Eval average reward:  -42.20166666666666  Eval ordering fluctuation measurement (downstream to upstream):  [0.8794231426756663, 0.9204115984883003, 0.887939197768814]

 Algo happo Exp ippo_seed11_formal_v1 updates 145/3000 episodes, total num timesteps 146000/3000000, FPS 116.

Reward for thread 1: [-42.62, -31.37, -28.01] -34.0  Inventory: [0.0, 0.0, 0.0]  Order: [10.42, 10.38, 10.38] Demand: [10.57]
Reward for thread 2: [-81.11, -38.9, -38.52] -52.84  Inventory: [0.0, 0.0, 0.0]  Order: [10.27, 10.29, 10.28] Demand: [12.615]
Reward for thread 3: [-85.08, -37.99, -38.24] -53.77  Inventory: [0.0, 0.0, 6.0]  Order: [11.24, 11.23, 11.14] Demand: [13.605]
Reward for thread 4: [-16.64, -25.27, -30.39] -24.1  Inventory: [17.0, 43.0, 35.0]  Order: [4.39, 4.39, 4.36] Demand: [4.53]
Reward for thread 5: [-17.39, -28.82, -39.41] -28.54  Inventory: [10.0, 40.0, 103.0]  Order: [4.25, 4.22, 4.53] Demand: [4.44]

 Algo happo Exp ippo_seed11_formal_v1 updates 146/3000 episodes, total num timesteps 147000/3000000, FPS 117.

Reward for thread 1: [-15.63, -21.56, -18.83] -18.67  Inventory: [0.0, 0.0, 0.0]  Order: [8.78, 8.82, 8.8] Demand: [8.625]
Reward for thread 2: [-23.25, -32.81, -48.21] -34.76  Inventory: [33.0, 61.0, 138.0]  Order: [4.16, 4.24, 4.78] Demand: [4.24]
Reward for thread 3: [-39.39, -51.43, -96.91] -62.58  Inventory: [14.0, 52.0, 174.0]  Order: [3.3, 3.31, 3.98] Demand: [3.47]
Reward for thread 4: [-47.34, -36.05, -30.92] -38.1  Inventory: [0.0, 0.0, 0.0]  Order: [11.12, 11.14, 11.1] Demand: [12.405]
Reward for thread 5: [-12.54, -18.75, -19.44] -16.91  Inventory: [0.0, 3.0, 12.0]  Order: [7.02, 7.01, 6.85] Demand: [7.105]

 Algo happo Exp ippo_seed11_formal_v1 updates 147/3000 episodes, total num timesteps 148000/3000000, FPS 117.

Reward for thread 1: [-19.6, -32.14, -36.1] -29.28  Inventory: [0.0, 28.0, 71.0]  Order: [4.26, 4.16, 4.32] Demand: [4.39]
Reward for thread 2: [-40.36, -33.46, -29.29] -34.37  Inventory: [16.0, 8.0, 0.0]  Order: [11.24, 11.5, 11.5] Demand: [11.085]
Reward for thread 3: [-21.5, -33.09, -41.98] -32.19  Inventory: [0.0, 18.0, 156.0]  Order: [5.84, 5.68, 6.25] Demand: [6.005]
Reward for thread 4: [-42.5, -33.36, -31.74] -35.87  Inventory: [12.0, 16.0, 46.0]  Order: [9.3, 9.25, 9.26] Demand: [9.335]
Reward for thread 5: [-30.01, -41.87, -66.88] -46.25  Inventory: [6.0, 11.0, 241.0]  Order: [4.69, 4.51, 5.55] Demand: [4.905]

 Algo happo Exp ippo_seed11_formal_v1 updates 148/3000 episodes, total num timesteps 149000/3000000, FPS 117.

Reward for thread 1: [-137.58, -47.8, -48.23] -77.87  Inventory: [0.0, 0.0, 0.0]  Order: [12.57, 12.54, 12.5] Demand: [15.935]
Reward for thread 2: [-59.23, -31.34, -31.11] -40.56  Inventory: [54.0, 79.0, 37.0]  Order: [10.38, 10.58, 10.57] Demand: [10.35]
Reward for thread 3: [-18.79, -24.36, -24.68] -22.61  Inventory: [5.0, 28.0, 6.0]  Order: [7.83, 7.9, 7.82] Demand: [7.965]
Reward for thread 4: [-15.37, -21.66, -21.18] -19.4  Inventory: [0.0, 13.0, 3.0]  Order: [8.66, 8.68, 8.65] Demand: [8.67]
Reward for thread 5: [-25.58, -41.72, -52.63] -39.98  Inventory: [9.0, 55.0, 160.0]  Order: [3.7, 3.72, 4.32] Demand: [3.855]

 Algo happo Exp ippo_seed11_formal_v1 updates 149/3000 episodes, total num timesteps 150000/3000000, FPS 117.

Reward for thread 1: [-28.0, -32.68, -33.68] -31.45  Inventory: [28.0, 60.0, 117.0]  Order: [7.18, 7.24, 7.6] Demand: [7.295]
Reward for thread 2: [-13.03, -16.49, -18.43] -15.98  Inventory: [0.0, 0.0, 0.0]  Order: [9.26, 9.24, 9.12] Demand: [9.22]
Reward for thread 3: [-25.73, -40.14, -59.45] -41.77  Inventory: [0.0, 6.0, 223.0]  Order: [3.33, 3.16, 4.07] Demand: [3.51]
Reward for thread 4: [-33.19, -28.88, -23.97] -28.68  Inventory: [10.0, 3.0, 0.0]  Order: [11.88, 11.95, 11.88] Demand: [11.885]
Reward for thread 5: [-18.79, -26.51, -28.08] -24.46  Inventory: [0.0, 13.0, 23.0]  Order: [5.78, 5.72, 5.7] Demand: [5.935]

Eval average reward:  -41.84983333333333  Eval ordering fluctuation measurement (downstream to upstream):  [0.9134941226555086, 0.9703829926798676, 0.8982624785658787]
A better model is saved!

 Algo happo Exp ippo_seed11_formal_v1 updates 150/3000 episodes, total num timesteps 151000/3000000, FPS 116.

Reward for thread 1: [-22.71, -25.27, -24.49] -24.16  Inventory: [31.0, 27.0, 20.0]  Order: [10.72, 10.76, 10.88] Demand: [10.735]
Reward for thread 2: [-17.36, -26.19, -28.71] -24.09  Inventory: [13.0, 35.0, 39.0]  Order: [6.08, 6.02, 6.04] Demand: [6.26]
Reward for thread 3: [-21.73, -33.0, -49.19] -34.64  Inventory: [6.0, 14.0, 147.0]  Order: [3.53, 3.35, 3.92] Demand: [3.705]
Reward for thread 4: [-16.26, -27.84, -28.22] -24.11  Inventory: [10.0, 11.0, 47.0]  Order: [4.42, 4.4, 4.43] Demand: [4.575]
Reward for thread 5: [-17.83, -23.78, -21.86] -21.16  Inventory: [0.0, 0.0, 0.0]  Order: [10.52, 10.64, 10.55] Demand: [10.56]

 Algo happo Exp ippo_seed11_formal_v1 updates 151/3000 episodes, total num timesteps 152000/3000000, FPS 117.

Reward for thread 1: [-31.49, -29.69, -25.47] -28.88  Inventory: [0.0, 0.0, 0.0]  Order: [8.88, 8.58, 8.48] Demand: [8.69]
Reward for thread 2: [-24.69, -37.86, -58.63] -40.39  Inventory: [9.0, 54.0, 118.0]  Order: [3.57, 3.6, 3.98] Demand: [3.765]
Reward for thread 3: [-18.18, -28.61, -30.98] -25.92  Inventory: [25.0, 45.0, 36.0]  Order: [5.52, 5.55, 5.61] Demand: [5.64]
Reward for thread 4: [-21.19, -33.94, -28.16] -27.76  Inventory: [0.0, 42.0, 38.0]  Order: [6.76, 6.74, 6.72] Demand: [6.84]
Reward for thread 5: [-19.67, -27.1, -38.61] -28.46  Inventory: [7.0, 26.0, 19.0]  Order: [4.57, 4.49, 4.42] Demand: [4.68]

 Algo happo Exp ippo_seed11_formal_v1 updates 152/3000 episodes, total num timesteps 153000/3000000, FPS 117.

Reward for thread 1: [-19.3, -23.74, -22.92] -21.99  Inventory: [0.0, 0.0, 11.0]  Order: [7.56, 7.48, 7.45] Demand: [7.88]
Reward for thread 2: [-20.92, -33.75, -44.49] -33.05  Inventory: [17.0, 31.0, 135.0]  Order: [3.7, 3.6, 4.07] Demand: [3.855]
Reward for thread 3: [-78.23, -47.49, -36.49] -54.07  Inventory: [0.0, 13.0, 12.0]  Order: [12.55, 12.5, 12.6] Demand: [12.665]
Reward for thread 4: [-22.36, -32.62, -32.9] -29.29  Inventory: [23.0, 47.0, 40.0]  Order: [7.22, 7.26, 7.26] Demand: [7.345]
Reward for thread 5: [-61.8, -34.44, -32.26] -42.83  Inventory: [0.0, 0.0, 0.0]  Order: [9.38, 9.2, 9.23] Demand: [10.69]

 Algo happo Exp ippo_seed11_formal_v1 updates 153/3000 episodes, total num timesteps 154000/3000000, FPS 117.

Reward for thread 1: [-35.9, -29.78, -26.12] -30.6  Inventory: [51.0, 58.0, 42.0]  Order: [9.4, 9.55, 9.56] Demand: [9.39]
Reward for thread 2: [-19.29, -27.28, -32.43] -26.33  Inventory: [5.0, 18.0, 3.0]  Order: [6.63, 6.54, 6.56] Demand: [6.685]
Reward for thread 3: [-93.28, -41.84, -39.39] -58.17  Inventory: [32.0, 84.0, 43.0]  Order: [12.67, 12.94, 12.95] Demand: [12.755]
Reward for thread 4: [-54.1, -36.51, -33.18] -41.26  Inventory: [3.0, 44.0, 34.0]  Order: [10.43, 10.42, 10.38] Demand: [10.585]
Reward for thread 5: [-15.42, -24.52, -24.27] -21.4  Inventory: [4.0, 0.0, 37.0]  Order: [6.4, 6.28, 6.26] Demand: [6.48]

 Algo happo Exp ippo_seed11_formal_v1 updates 154/3000 episodes, total num timesteps 155000/3000000, FPS 117.

Reward for thread 1: [-32.31, -37.23, -38.6] -36.05  Inventory: [7.0, 20.0, 56.0]  Order: [8.0, 7.85, 7.96] Demand: [8.19]
Reward for thread 2: [-17.77, -27.31, -30.81] -25.3  Inventory: [0.0, 0.0, 0.0]  Order: [6.06, 6.04, 5.98] Demand: [6.085]
Reward for thread 3: [-17.47, -22.61, -19.97] -20.02  Inventory: [0.0, 0.0, 0.0]  Order: [10.47, 10.29, 10.15] Demand: [10.73]
Reward for thread 4: [-88.57, -36.68, -37.18] -54.14  Inventory: [0.0, 0.0, 0.0]  Order: [10.74, 10.74, 10.69] Demand: [12.075]
Reward for thread 5: [-117.99, -44.93, -45.92] -69.61  Inventory: [0.0, 0.0, 21.0]  Order: [12.33, 12.26, 12.31] Demand: [14.085]

Eval average reward:  -45.66191666666666  Eval ordering fluctuation measurement (downstream to upstream):  [0.9436120431776743, 0.9976143970549259, 0.8004090916286636]

 Algo happo Exp ippo_seed11_formal_v1 updates 155/3000 episodes, total num timesteps 156000/3000000, FPS 116.

Reward for thread 1: [-25.6, -28.14, -32.63] -28.79  Inventory: [28.0, 51.0, 78.0]  Order: [7.08, 7.12, 7.31] Demand: [7.195]
Reward for thread 2: [-23.86, -31.47, -52.82] -36.05  Inventory: [1.0, 41.0, 186.0]  Order: [5.8, 5.76, 6.5] Demand: [5.955]
Reward for thread 3: [-109.79, -43.6, -44.49] -65.96  Inventory: [0.0, 6.0, 6.0]  Order: [12.38, 12.44, 12.38] Demand: [15.23]
Reward for thread 4: [-72.58, -32.65, -32.98] -46.07  Inventory: [0.0, 0.0, 0.0]  Order: [12.23, 12.32, 12.21] Demand: [14.505]
Reward for thread 5: [-16.87, -24.89, -28.14] -23.3  Inventory: [0.0, 35.0, 73.0]  Order: [6.72, 6.64, 6.86] Demand: [6.86]

 Algo happo Exp ippo_seed11_formal_v1 updates 156/3000 episodes, total num timesteps 157000/3000000, FPS 117.

Reward for thread 1: [-45.97, -33.34, -31.06] -36.79  Inventory: [2.0, 17.0, 30.0]  Order: [10.34, 10.32, 10.32] Demand: [10.415]
Reward for thread 2: [-26.44, -31.52, -40.02] -32.66  Inventory: [16.0, 84.0, 98.0]  Order: [6.44, 6.71, 7.01] Demand: [6.615]
Reward for thread 3: [-53.56, -33.36, -32.29] -39.74  Inventory: [5.0, 0.0, 0.0]  Order: [11.76, 11.85, 11.89] Demand: [11.54]
Reward for thread 4: [-35.4, -52.82, -68.93] -52.38  Inventory: [28.0, 87.0, 245.0]  Order: [4.87, 5.06, 6.08] Demand: [4.95]
Reward for thread 5: [-19.95, -29.65, -26.7] -25.43  Inventory: [0.0, 13.0, 2.0]  Order: [9.28, 9.3, 9.38] Demand: [9.375]

 Algo happo Exp ippo_seed11_formal_v1 updates 157/3000 episodes, total num timesteps 158000/3000000, FPS 117.

Reward for thread 1: [-13.38, -23.18, -23.94] -20.17  Inventory: [1.0, 6.0, 28.0]  Order: [5.63, 5.58, 5.52] Demand: [5.715]
Reward for thread 2: [-19.17, -32.35, -38.59] -30.04  Inventory: [21.0, 56.0, 87.0]  Order: [4.54, 4.58, 4.84] Demand: [4.685]
Reward for thread 3: [-34.27, -29.08, -25.05] -29.47  Inventory: [0.0, 0.0, 0.0]  Order: [11.36, 11.32, 11.24] Demand: [11.695]
Reward for thread 4: [-17.97, -24.01, -23.55] -21.84  Inventory: [16.0, 15.0, 28.0]  Order: [9.38, 9.24, 9.16] Demand: [9.44]
Reward for thread 5: [-50.11, -63.4, -84.89] -66.13  Inventory: [84.0, 95.0, 265.0]  Order: [2.1, 2.34, 3.46] Demand: [1.91]

 Algo happo Exp ippo_seed11_formal_v1 updates 158/3000 episodes, total num timesteps 159000/3000000, FPS 117.

Reward for thread 1: [-19.05, -28.62, -33.15] -26.94  Inventory: [7.0, 39.0, 126.0]  Order: [6.56, 6.5, 6.92] Demand: [6.765]
Reward for thread 2: [-43.49, -28.89, -29.19] -33.86  Inventory: [0.0, 1.0, 0.0]  Order: [9.31, 9.36, 9.28] Demand: [10.62]
Reward for thread 3: [-43.26, -32.22, -30.17] -35.22  Inventory: [11.0, 35.0, 67.0]  Order: [10.1, 10.04, 10.16] Demand: [10.24]
Reward for thread 4: [-70.1, -35.96, -33.97] -46.68  Inventory: [0.0, 0.0, 0.0]  Order: [13.0, 12.94, 12.97] Demand: [14.3]
Reward for thread 5: [-145.64, -58.31, -52.86] -85.6  Inventory: [0.0, 0.0, 0.0]  Order: [13.86, 13.94, 13.8] Demand: [15.495]

 Algo happo Exp ippo_seed11_formal_v1 updates 159/3000 episodes, total num timesteps 160000/3000000, FPS 117.

Reward for thread 1: [-169.48, -65.39, -60.23] -98.37  Inventory: [0.0, 0.0, 0.0]  Order: [13.1, 13.24, 13.22] Demand: [15.83]
Reward for thread 2: [-14.16, -22.89, -22.51] -19.85  Inventory: [12.0, 27.0, 2.0]  Order: [6.1, 6.14, 6.18] Demand: [6.245]
Reward for thread 3: [-14.18, -22.57, -24.01] -20.25  Inventory: [0.0, 10.0, 11.0]  Order: [4.9, 4.88, 4.72] Demand: [5.035]
Reward for thread 4: [-16.23, -27.19, -30.39] -24.6  Inventory: [10.0, 10.0, 22.0]  Order: [3.38, 3.3, 3.28] Demand: [3.505]
Reward for thread 5: [-20.66, -29.59, -47.56] -32.6  Inventory: [0.0, 7.0, 179.0]  Order: [3.49, 3.32, 4.02] Demand: [3.715]

Eval average reward:  -37.18716666666667  Eval ordering fluctuation measurement (downstream to upstream):  [1.0274593598858495, 1.001607319762225, 0.7516518382889305]
A better model is saved!

 Algo happo Exp ippo_seed11_formal_v1 updates 160/3000 episodes, total num timesteps 161000/3000000, FPS 117.

Reward for thread 1: [-40.93, -58.17, -78.02] -59.04  Inventory: [67.0, 62.0, 272.0]  Order: [1.64, 1.7, 2.86] Demand: [1.55]
Reward for thread 2: [-16.54, -25.4, -25.16] -22.37  Inventory: [6.0, 16.0, 17.0]  Order: [6.98, 6.97, 7.0] Demand: [6.97]
Reward for thread 3: [-14.48, -23.39, -24.58] -20.82  Inventory: [9.0, 26.0, 60.0]  Order: [5.06, 5.01, 5.11] Demand: [5.16]
Reward for thread 4: [-121.23, -49.79, -48.89] -73.3  Inventory: [0.0, 0.0, 0.0]  Order: [11.02, 10.98, 10.91] Demand: [13.785]
Reward for thread 5: [-25.94, -41.27, -60.21] -42.47  Inventory: [16.0, 21.0, 197.0]  Order: [3.86, 3.78, 4.58] Demand: [4.01]

 Algo happo Exp ippo_seed11_formal_v1 updates 161/3000 episodes, total num timesteps 162000/3000000, FPS 117.

Reward for thread 1: [-31.46, -42.39, -69.84] -47.9  Inventory: [28.0, 55.0, 239.0]  Order: [2.46, 2.51, 3.5] Demand: [2.57]
Reward for thread 2: [-18.98, -28.15, -24.06] -23.73  Inventory: [8.0, 47.0, 21.0]  Order: [8.69, 8.7, 8.6] Demand: [8.895]
Reward for thread 3: [-27.22, -33.14, -27.97] -29.44  Inventory: [0.0, 16.0, 11.0]  Order: [9.74, 9.72, 9.7] Demand: [9.92]
Reward for thread 4: [-25.2, -29.04, -27.59] -27.28  Inventory: [29.0, 70.0, 26.0]  Order: [9.37, 9.49, 9.44] Demand: [9.445]
Reward for thread 5: [-21.07, -25.46, -24.24] -23.59  Inventory: [0.0, 7.0, 19.0]  Order: [9.76, 9.66, 9.57] Demand: [9.855]

 Algo happo Exp ippo_seed11_formal_v1 updates 162/3000 episodes, total num timesteps 163000/3000000, FPS 117.

Reward for thread 1: [-34.51, -31.55, -26.42] -30.83  Inventory: [0.0, 0.0, 0.0]  Order: [13.14, 13.04, 13.03] Demand: [12.9]
Reward for thread 2: [-17.36, -24.54, -27.27] -23.06  Inventory: [10.0, 11.0, 23.0]  Order: [6.44, 6.42, 6.35] Demand: [6.615]
Reward for thread 3: [-16.06, -25.12, -26.28] -22.49  Inventory: [5.0, 35.0, 9.0]  Order: [5.45, 5.48, 5.32] Demand: [5.59]
Reward for thread 4: [-21.69, -37.51, -42.19] -33.8  Inventory: [7.0, 41.0, 105.0]  Order: [3.58, 3.54, 3.86] Demand: [3.705]
Reward for thread 5: [-14.62, -21.51, -21.72] -19.28  Inventory: [0.0, 0.0, 0.0]  Order: [8.44, 8.4, 8.38] Demand: [8.45]

 Algo happo Exp ippo_seed11_formal_v1 updates 163/3000 episodes, total num timesteps 164000/3000000, FPS 117.

Reward for thread 1: [-32.73, -23.68, -22.38] -26.26  Inventory: [0.0, 30.0, 0.0]  Order: [11.26, 11.32, 11.34] Demand: [11.37]
Reward for thread 2: [-66.0, -35.8, -34.94] -45.58  Inventory: [0.0, 0.0, 0.0]  Order: [12.96, 13.03, 12.86] Demand: [13.67]
Reward for thread 3: [-15.59, -25.27, -25.49] -22.12  Inventory: [0.0, 4.0, 57.0]  Order: [6.04, 5.88, 5.93] Demand: [6.185]
Reward for thread 4: [-13.95, -24.11, -24.12] -20.73  Inventory: [2.0, 13.0, 5.0]  Order: [4.2, 4.15, 4.04] Demand: [4.305]
Reward for thread 5: [-19.31, -29.74, -39.04] -29.36  Inventory: [3.0, 39.0, 31.0]  Order: [3.59, 3.6, 3.54] Demand: [3.76]

 Algo happo Exp ippo_seed11_formal_v1 updates 164/3000 episodes, total num timesteps 165000/3000000, FPS 117.

Reward for thread 1: [-44.29, -27.4, -24.16] -31.95  Inventory: [0.0, 0.0, 0.0]  Order: [12.96, 12.95, 12.92] Demand: [13.44]
Reward for thread 2: [-13.1, -20.7, -23.58] -19.13  Inventory: [8.0, 38.0, 25.0]  Order: [5.24, 5.23, 5.14] Demand: [5.445]
Reward for thread 3: [-17.55, -26.25, -28.88] -24.23  Inventory: [2.0, 38.0, 52.0]  Order: [5.8, 5.74, 5.8] Demand: [5.945]
Reward for thread 4: [-25.59, -40.5, -56.66] -40.92  Inventory: [1.0, 19.0, 144.0]  Order: [3.83, 3.77, 4.29] Demand: [3.875]
Reward for thread 5: [-15.07, -25.41, -30.37] -23.62  Inventory: [10.0, 17.0, 51.0]  Order: [4.5, 4.42, 4.46] Demand: [4.635]

Eval average reward:  -34.02158333333334  Eval ordering fluctuation measurement (downstream to upstream):  [0.9640280545406419, 1.0311968475943698, 0.8775029410120274]
A better model is saved!

 Algo happo Exp ippo_seed11_formal_v1 updates 165/3000 episodes, total num timesteps 166000/3000000, FPS 117.

Reward for thread 1: [-60.12, -29.21, -27.76] -39.03  Inventory: [0.0, 0.0, 0.0]  Order: [12.96, 13.0, 12.92] Demand: [14.445]
Reward for thread 2: [-14.46, -19.83, -19.37] -17.89  Inventory: [7.0, 6.0, 14.0]  Order: [8.85, 8.91, 8.96] Demand: [8.835]
Reward for thread 3: [-105.2, -48.56, -45.33] -66.36  Inventory: [0.0, 0.0, 0.0]  Order: [12.12, 12.13, 12.1] Demand: [15.06]
Reward for thread 4: [-18.32, -26.3, -24.7] -23.11  Inventory: [18.0, 39.0, 38.0]  Order: [8.38, 8.36, 8.34] Demand: [8.47]
Reward for thread 5: [-31.53, -27.17, -27.64] -28.78  Inventory: [0.0, 0.0, 0.0]  Order: [10.1, 10.05, 9.98] Demand: [10.06]

 Algo happo Exp ippo_seed11_formal_v1 updates 166/3000 episodes, total num timesteps 167000/3000000, FPS 117.

Reward for thread 1: [-14.32, -22.51, -24.04] -20.29  Inventory: [14.0, 27.0, 76.0]  Order: [6.08, 6.0, 6.18] Demand: [6.175]
Reward for thread 2: [-18.47, -23.24, -22.0] -21.24  Inventory: [0.0, 0.0, 0.0]  Order: [9.24, 9.24, 9.2] Demand: [9.325]
Reward for thread 3: [-29.98, -51.85, -59.52] -47.12  Inventory: [19.0, 48.0, 184.0]  Order: [3.6, 3.59, 4.31] Demand: [3.75]
Reward for thread 4: [-14.73, -23.7, -28.34] -22.26  Inventory: [11.0, 27.0, 66.0]  Order: [5.11, 4.99, 5.11] Demand: [5.285]
Reward for thread 5: [-13.88, -22.08, -26.32] -20.76  Inventory: [6.0, 37.0, 23.0]  Order: [5.18, 5.16, 5.08] Demand: [5.345]

 Algo happo Exp ippo_seed11_formal_v1 updates 167/3000 episodes, total num timesteps 168000/3000000, FPS 117.

Reward for thread 1: [-18.59, -29.09, -35.37] -27.68  Inventory: [15.0, 26.0, 18.0]  Order: [4.18, 4.18, 4.24] Demand: [4.345]
Reward for thread 2: [-28.0, -26.53, -22.96] -25.83  Inventory: [0.0, 0.0, 0.0]  Order: [10.68, 10.68, 10.68] Demand: [11.33]
Reward for thread 3: [-46.28, -34.72, -34.1] -38.37  Inventory: [9.0, 0.0, 49.0]  Order: [10.12, 9.91, 9.96] Demand: [10.205]
Reward for thread 4: [-15.71, -24.11, -28.35] -22.72  Inventory: [0.0, 7.0, 0.0]  Order: [5.51, 5.46, 5.45] Demand: [5.65]
Reward for thread 5: [-16.44, -24.5, -23.98] -21.64  Inventory: [2.0, 31.0, 25.0]  Order: [6.5, 6.5, 6.5] Demand: [6.715]

 Algo happo Exp ippo_seed11_formal_v1 updates 168/3000 episodes, total num timesteps 169000/3000000, FPS 117.

Reward for thread 1: [-19.91, -33.1, -40.85] -31.29  Inventory: [9.0, 80.0, 125.0]  Order: [3.26, 3.45, 3.84] Demand: [3.465]
Reward for thread 2: [-157.74, -58.74, -57.15] -91.21  Inventory: [0.0, 0.0, 0.0]  Order: [13.36, 13.24, 13.18] Demand: [15.975]
Reward for thread 3: [-197.45, -70.67, -66.58] -111.57  Inventory: [0.0, 0.0, 0.0]  Order: [13.78, 13.9, 13.88] Demand: [15.2]
Reward for thread 4: [-173.6, -66.8, -62.5] -100.97  Inventory: [0.0, 0.0, 0.0]  Order: [14.24, 14.24, 14.15] Demand: [15.04]
Reward for thread 5: [-22.29, -27.21, -25.34] -24.95  Inventory: [4.0, 26.0, 82.0]  Order: [9.29, 9.18, 9.4] Demand: [9.47]

 Algo happo Exp ippo_seed11_formal_v1 updates 169/3000 episodes, total num timesteps 170000/3000000, FPS 117.

Reward for thread 1: [-45.6, -39.42, -36.21] -40.41  Inventory: [0.0, 0.0, 0.0]  Order: [9.64, 9.53, 9.41] Demand: [9.35]
Reward for thread 2: [-17.64, -22.74, -20.48] -20.29  Inventory: [0.0, 0.0, 0.0]  Order: [10.53, 10.44, 10.31] Demand: [10.475]
Reward for thread 3: [-35.47, -47.42, -80.78] -54.56  Inventory: [50.0, 31.0, 221.0]  Order: [2.72, 2.66, 3.55] Demand: [2.72]
Reward for thread 4: [-17.66, -25.61, -24.25] -22.51  Inventory: [17.0, 9.0, 0.0]  Order: [8.91, 9.12, 9.06] Demand: [8.99]
Reward for thread 5: [-47.36, -29.87, -31.55] -36.26  Inventory: [0.0, 0.0, 0.0]  Order: [13.49, 13.49, 13.38] Demand: [13.615]

Eval average reward:  -37.159916666666675  Eval ordering fluctuation measurement (downstream to upstream):  [0.9820966042931311, 1.0955965349123007, 0.894048798942106]

 Algo happo Exp ippo_seed11_formal_v1 updates 170/3000 episodes, total num timesteps 171000/3000000, FPS 117.

Reward for thread 1: [-71.36, -35.61, -36.53] -47.83  Inventory: [42.0, 82.0, 35.0]  Order: [12.42, 12.72, 12.68] Demand: [12.46]
Reward for thread 2: [-50.77, -46.72, -37.61] -45.03  Inventory: [10.0, 93.0, 37.0]  Order: [9.56, 9.78, 9.78] Demand: [9.755]
Reward for thread 3: [-19.3, -31.32, -25.59] -25.4  Inventory: [3.0, 34.0, 44.0]  Order: [5.56, 5.53, 5.52] Demand: [5.69]
Reward for thread 4: [-15.8, -24.35, -23.5] -21.22  Inventory: [0.0, 0.0, 1.0]  Order: [6.78, 6.72, 6.66] Demand: [6.87]
Reward for thread 5: [-39.11, -26.97, -27.68] -31.25  Inventory: [6.0, 0.0, 37.0]  Order: [12.34, 12.14, 12.1] Demand: [12.465]

 Algo happo Exp ippo_seed11_formal_v1 updates 171/3000 episodes, total num timesteps 172000/3000000, FPS 117.

Reward for thread 1: [-16.1, -21.15, -21.87] -19.71  Inventory: [0.0, 0.0, 0.0]  Order: [7.08, 7.02, 6.92] Demand: [7.155]
Reward for thread 2: [-34.19, -25.48, -25.33] -28.33  Inventory: [0.0, 0.0, 0.0]  Order: [10.12, 10.07, 9.94] Demand: [9.995]
Reward for thread 3: [-16.26, -26.43, -30.84] -24.51  Inventory: [1.0, 29.0, 21.0]  Order: [4.54, 4.53, 4.49] Demand: [4.665]
Reward for thread 4: [-20.81, -22.85, -21.57] -21.74  Inventory: [0.0, 0.0, 0.0]  Order: [11.11, 10.82, 10.8] Demand: [11.015]
Reward for thread 5: [-38.02, -21.59, -21.34] -26.98  Inventory: [0.0, 0.0, 0.0]  Order: [10.82, 10.78, 10.73] Demand: [12.28]

 Algo happo Exp ippo_seed11_formal_v1 updates 172/3000 episodes, total num timesteps 173000/3000000, FPS 117.

Reward for thread 1: [-20.0, -27.77, -24.84] -24.2  Inventory: [3.0, 35.0, 51.0]  Order: [7.38, 7.33, 7.38] Demand: [7.525]
Reward for thread 2: [-94.77, -44.66, -44.75] -61.39  Inventory: [4.0, 44.0, 0.0]  Order: [11.76, 11.82, 11.86] Demand: [11.85]
Reward for thread 3: [-13.94, -20.34, -20.54] -18.27  Inventory: [7.0, 47.0, 27.0]  Order: [7.0, 7.03, 7.02] Demand: [7.21]
Reward for thread 4: [-16.24, -25.02, -26.55] -22.6  Inventory: [2.0, 25.0, 19.0]  Order: [6.14, 6.12, 6.0] Demand: [6.275]
Reward for thread 5: [-14.78, -20.54, -22.02] -19.11  Inventory: [22.0, 81.0, 52.0]  Order: [7.38, 7.55, 7.59] Demand: [7.48]

 Algo happo Exp ippo_seed11_formal_v1 updates 173/3000 episodes, total num timesteps 174000/3000000, FPS 117.

Reward for thread 1: [-220.94, -78.54, -75.46] -124.98  Inventory: [0.0, 0.0, 0.0]  Order: [14.06, 13.98, 13.8] Demand: [14.735]
Reward for thread 2: [-133.21, -55.59, -52.76] -80.52  Inventory: [0.0, 0.0, 0.0]  Order: [11.76, 11.8, 11.64] Demand: [12.465]
Reward for thread 3: [-21.43, -29.94, -33.13] -28.17  Inventory: [16.0, 36.0, 69.0]  Order: [5.63, 5.58, 5.72] Demand: [5.76]
Reward for thread 4: [-37.23, -81.53, -41.86] -53.54  Inventory: [48.0, 199.0, 34.0]  Order: [2.21, 2.97, 2.93] Demand: [2.2]
Reward for thread 5: [-194.09, -73.24, -68.11] -111.81  Inventory: [0.0, 0.0, 0.0]  Order: [13.35, 13.32, 13.21] Demand: [16.36]

 Algo happo Exp ippo_seed11_formal_v1 updates 174/3000 episodes, total num timesteps 175000/3000000, FPS 117.

Reward for thread 1: [-21.26, -29.87, -29.46] -26.86  Inventory: [0.0, 0.0, 41.0]  Order: [5.96, 5.74, 5.74] Demand: [6.095]
Reward for thread 2: [-37.8, -31.51, -30.54] -33.28  Inventory: [0.0, 12.0, 15.0]  Order: [11.64, 11.58, 11.6] Demand: [11.72]
Reward for thread 3: [-14.66, -23.0, -25.5] -21.05  Inventory: [0.0, 38.0, 48.0]  Order: [5.9, 5.85, 5.95] Demand: [6.07]
Reward for thread 4: [-23.39, -41.39, -32.32] -32.37  Inventory: [0.0, 65.0, 57.0]  Order: [4.95, 5.05, 5.18] Demand: [5.125]
Reward for thread 5: [-16.63, -22.33, -24.82] -21.26  Inventory: [0.0, 0.0, 0.0]  Order: [6.04, 6.17, 6.06] Demand: [6.165]

Eval average reward:  -35.42775  Eval ordering fluctuation measurement (downstream to upstream):  [0.9706375927671698, 1.0428931309777487, 0.94453703721279]

 Algo happo Exp ippo_seed11_formal_v1 updates 175/3000 episodes, total num timesteps 176000/3000000, FPS 116.

Reward for thread 1: [-22.42, -31.7, -27.29] -27.14  Inventory: [31.0, 60.0, 23.0]  Order: [9.88, 9.99, 9.9] Demand: [9.915]
Reward for thread 2: [-64.5, -37.42, -32.87] -44.93  Inventory: [0.0, 0.0, 0.0]  Order: [11.9, 11.9, 11.88] Demand: [12.94]
Reward for thread 3: [-186.47, -64.59, -62.77] -104.61  Inventory: [0.0, 0.0, 8.0]  Order: [13.98, 13.95, 13.92] Demand: [15.585]
Reward for thread 4: [-13.7, -21.01, -24.47] -19.73  Inventory: [0.0, 0.0, 0.0]  Order: [4.41, 4.36, 4.28] Demand: [4.38]
Reward for thread 5: [-80.51, -42.49, -41.32] -54.77  Inventory: [0.0, 0.0, 0.0]  Order: [13.26, 13.28, 13.22] Demand: [14.515]

 Algo happo Exp ippo_seed11_formal_v1 updates 176/3000 episodes, total num timesteps 177000/3000000, FPS 117.

Reward for thread 1: [-23.49, -27.75, -24.22] -25.15  Inventory: [0.0, 0.0, 0.0]  Order: [10.75, 10.74, 10.64] Demand: [10.64]
Reward for thread 2: [-40.92, -28.73, -28.19] -32.61  Inventory: [0.0, 0.0, 0.0]  Order: [12.66, 12.64, 12.56] Demand: [13.165]
Reward for thread 3: [-13.13, -19.29, -21.12] -17.85  Inventory: [10.0, 22.0, 23.0]  Order: [7.26, 7.25, 7.18] Demand: [7.365]
Reward for thread 4: [-22.62, -24.46, -20.11] -22.4  Inventory: [0.0, 0.0, 0.0]  Order: [10.57, 10.42, 10.36] Demand: [10.6]
Reward for thread 5: [-13.98, -20.75, -19.83] -18.19  Inventory: [0.0, 0.0, 5.0]  Order: [7.18, 7.02, 7.02] Demand: [7.285]

 Algo happo Exp ippo_seed11_formal_v1 updates 177/3000 episodes, total num timesteps 178000/3000000, FPS 117.

Reward for thread 1: [-29.46, -25.84, -26.08] -27.13  Inventory: [6.0, 39.0, 27.0]  Order: [10.15, 10.26, 10.24] Demand: [10.16]
Reward for thread 2: [-20.18, -30.77, -27.63] -26.19  Inventory: [5.0, 40.0, 35.0]  Order: [7.6, 7.56, 7.53] Demand: [7.78]
Reward for thread 3: [-18.44, -24.83, -23.87] -22.38  Inventory: [0.0, 0.0, 0.0]  Order: [9.82, 9.74, 9.61] Demand: [9.455]
Reward for thread 4: [-17.29, -24.37, -22.27] -21.31  Inventory: [0.0, 19.0, 50.0]  Order: [8.88, 8.77, 8.8] Demand: [9.08]
Reward for thread 5: [-17.31, -21.73, -21.24] -20.09  Inventory: [20.0, 7.0, 15.0]  Order: [8.9, 8.85, 8.82] Demand: [8.915]

 Algo happo Exp ippo_seed11_formal_v1 updates 178/3000 episodes, total num timesteps 179000/3000000, FPS 117.

Reward for thread 1: [-36.28, -28.76, -27.92] -30.99  Inventory: [0.0, 0.0, 0.0]  Order: [10.64, 10.64, 10.57] Demand: [11.49]
Reward for thread 2: [-19.44, -28.54, -31.75] -26.58  Inventory: [2.0, 26.0, 83.0]  Order: [5.26, 5.14, 5.33] Demand: [5.43]
Reward for thread 3: [-86.14, -49.25, -45.65] -60.35  Inventory: [23.0, 66.0, 20.0]  Order: [10.98, 11.14, 11.02] Demand: [11.11]
Reward for thread 4: [-31.64, -27.37, -23.37] -27.46  Inventory: [0.0, 0.0, 0.0]  Order: [11.6, 11.51, 11.44] Demand: [12.005]
Reward for thread 5: [-243.51, -84.67, -80.81] -136.33  Inventory: [0.0, 0.0, 0.0]  Order: [14.17, 14.08, 14.03] Demand: [17.285]

 Algo happo Exp ippo_seed11_formal_v1 updates 179/3000 episodes, total num timesteps 180000/3000000, FPS 117.

Reward for thread 1: [-23.85, -30.72, -28.7] -27.76  Inventory: [0.0, 0.0, 0.0]  Order: [8.2, 8.24, 8.16] Demand: [8.285]
Reward for thread 2: [-18.69, -34.84, -26.88] -26.8  Inventory: [8.0, 69.0, 52.0]  Order: [5.2, 5.3, 5.3] Demand: [5.34]
Reward for thread 3: [-38.14, -32.3, -29.91] -33.45  Inventory: [0.0, 0.0, 0.0]  Order: [9.96, 9.97, 9.82] Demand: [10.905]
Reward for thread 4: [-15.94, -24.09, -26.7] -22.24  Inventory: [0.0, 0.0, 22.0]  Order: [5.14, 5.06, 4.99] Demand: [5.235]
Reward for thread 5: [-12.58, -19.72, -20.83] -17.71  Inventory: [23.0, 26.0, 16.0]  Order: [6.47, 6.48, 6.39] Demand: [6.585]

Eval average reward:  -34.36091666666667  Eval ordering fluctuation measurement (downstream to upstream):  [1.0465206161491534, 1.0947123617240417, 1.220398181631446]

 Algo happo Exp ippo_seed11_formal_v1 updates 180/3000 episodes, total num timesteps 181000/3000000, FPS 116.

Reward for thread 1: [-19.6, -28.22, -29.3] -25.71  Inventory: [0.0, 2.0, 1.0]  Order: [5.46, 5.35, 5.16] Demand: [5.575]
Reward for thread 2: [-31.87, -34.77, -33.03] -33.22  Inventory: [12.0, 1.0, 37.0]  Order: [9.17, 9.12, 9.06] Demand: [9.255]
Reward for thread 3: [-99.85, -49.36, -44.96] -64.72  Inventory: [0.0, 0.0, 0.0]  Order: [12.9, 12.9, 12.84] Demand: [15.06]
Reward for thread 4: [-20.71, -30.24, -28.28] -26.41  Inventory: [0.0, 0.0, 0.0]  Order: [9.18, 9.04, 8.9] Demand: [8.99]
Reward for thread 5: [-58.06, -41.5, -36.31] -45.29  Inventory: [0.0, 0.0, 0.0]  Order: [12.1, 12.02, 11.98] Demand: [13.13]

 Algo happo Exp ippo_seed11_formal_v1 updates 181/3000 episodes, total num timesteps 182000/3000000, FPS 117.

Reward for thread 1: [-16.05, -25.14, -29.38] -23.52  Inventory: [17.0, 5.0, 2.0]  Order: [3.99, 3.96, 3.86] Demand: [4.12]
Reward for thread 2: [-23.3, -27.15, -24.7] -25.05  Inventory: [0.0, 0.0, 0.0]  Order: [11.42, 11.44, 11.38] Demand: [11.365]
Reward for thread 3: [-15.28, -24.8, -25.65] -21.91  Inventory: [0.0, 17.0, 41.0]  Order: [4.62, 4.64, 4.63] Demand: [4.73]
Reward for thread 4: [-77.56, -51.2, -41.89] -56.88  Inventory: [0.0, 0.0, 0.0]  Order: [14.36, 14.3, 14.22] Demand: [14.535]
Reward for thread 5: [-16.09, -25.52, -25.63] -22.41  Inventory: [7.0, 75.0, 24.0]  Order: [5.14, 5.28, 5.16] Demand: [5.33]

 Algo happo Exp ippo_seed11_formal_v1 updates 182/3000 episodes, total num timesteps 183000/3000000, FPS 117.

Reward for thread 1: [-13.92, -20.9, -21.34] -18.72  Inventory: [16.0, 36.0, 45.0]  Order: [7.32, 7.24, 7.25] Demand: [7.465]
Reward for thread 2: [-20.05, -26.73, -27.18] -24.65  Inventory: [0.0, 0.0, 6.0]  Order: [6.92, 6.78, 6.84] Demand: [6.985]
Reward for thread 3: [-46.68, -34.34, -33.55] -38.19  Inventory: [11.0, 3.0, 7.0]  Order: [11.37, 11.46, 11.46] Demand: [11.45]
Reward for thread 4: [-50.98, -41.99, -37.9] -43.62  Inventory: [0.0, 12.0, 0.0]  Order: [11.68, 11.72, 11.7] Demand: [11.76]
Reward for thread 5: [-14.67, -23.21, -21.94] -19.94  Inventory: [19.0, 44.0, 38.0]  Order: [4.93, 4.93, 4.88] Demand: [5.075]

 Algo happo Exp ippo_seed11_formal_v1 updates 183/3000 episodes, total num timesteps 184000/3000000, FPS 117.

Reward for thread 1: [-28.23, -26.86, -25.05] -26.71  Inventory: [0.0, 0.0, 0.0]  Order: [11.96, 11.98, 11.91] Demand: [12.66]
Reward for thread 2: [-21.22, -26.64, -31.17] -26.34  Inventory: [32.0, 24.0, 55.0]  Order: [3.71, 3.58, 3.65] Demand: [3.795]
Reward for thread 3: [-19.86, -23.78, -31.67] -25.1  Inventory: [16.0, 24.0, 43.0]  Order: [2.7, 2.6, 2.58] Demand: [2.85]
Reward for thread 4: [-15.52, -22.69, -27.47] -21.89  Inventory: [9.0, 12.0, 51.0]  Order: [4.99, 4.8, 4.8] Demand: [5.12]
Reward for thread 5: [-16.04, -22.23, -22.71] -20.33  Inventory: [0.0, 0.0, 0.0]  Order: [8.48, 8.46, 8.29] Demand: [8.475]

 Algo happo Exp ippo_seed11_formal_v1 updates 184/3000 episodes, total num timesteps 185000/3000000, FPS 117.

Reward for thread 1: [-108.52, -48.81, -46.04] -67.79  Inventory: [0.0, 0.0, 0.0]  Order: [13.42, 13.63, 13.47] Demand: [15.775]
Reward for thread 2: [-54.29, -34.69, -35.64] -41.54  Inventory: [0.0, 0.0, 0.0]  Order: [12.81, 12.78, 12.8] Demand: [13.56]
Reward for thread 3: [-16.39, -24.1, -26.57] -22.35  Inventory: [0.0, 0.0, 0.0]  Order: [5.9, 5.94, 5.84] Demand: [5.82]
Reward for thread 4: [-35.28, -35.61, -30.56] -33.82  Inventory: [0.0, 0.0, 0.0]  Order: [13.36, 13.28, 13.22] Demand: [13.205]
Reward for thread 5: [-97.64, -53.15, -44.67] -65.15  Inventory: [16.0, 90.0, 6.0]  Order: [11.37, 11.63, 11.62] Demand: [11.53]

Eval average reward:  -32.83516666666667  Eval ordering fluctuation measurement (downstream to upstream):  [1.0334342223970392, 1.068128308082724, 1.2279031386375063]
A better model is saved!

 Algo happo Exp ippo_seed11_formal_v1 updates 185/3000 episodes, total num timesteps 186000/3000000, FPS 116.

Reward for thread 1: [-16.14, -25.57, -28.35] -23.35  Inventory: [14.0, 52.0, 60.0]  Order: [5.01, 5.06, 5.11] Demand: [5.17]
Reward for thread 2: [-26.62, -30.14, -26.39] -27.72  Inventory: [5.0, 10.0, 41.0]  Order: [9.18, 9.09, 9.13] Demand: [9.22]
Reward for thread 3: [-19.02, -29.48, -30.8] -26.43  Inventory: [23.0, 13.0, 60.0]  Order: [3.52, 3.36, 3.42] Demand: [3.615]
Reward for thread 4: [-30.12, -27.98, -28.21] -28.77  Inventory: [0.0, 0.0, 0.0]  Order: [10.42, 10.42, 10.32] Demand: [10.655]
Reward for thread 5: [-13.25, -19.13, -21.1] -17.83  Inventory: [23.0, 32.0, 12.0]  Order: [5.31, 5.32, 5.39] Demand: [5.42]

 Algo happo Exp ippo_seed11_formal_v1 updates 186/3000 episodes, total num timesteps 187000/3000000, FPS 116.

Reward for thread 1: [-27.68, -31.39, -27.52] -28.86  Inventory: [0.0, 0.0, 0.0]  Order: [8.7, 8.82, 8.74] Demand: [8.71]
Reward for thread 2: [-15.0, -22.94, -23.88] -20.61  Inventory: [13.0, 52.0, 46.0]  Order: [5.29, 5.34, 5.35] Demand: [5.36]
Reward for thread 3: [-43.91, -35.0, -30.99] -36.63  Inventory: [0.0, 0.0, 0.0]  Order: [12.17, 12.22, 12.12] Demand: [12.2]
Reward for thread 4: [-16.28, -22.99, -20.55] -19.94  Inventory: [4.0, 28.0, 41.0]  Order: [7.86, 7.74, 7.74] Demand: [8.005]
Reward for thread 5: [-81.97, -52.3, -44.01] -59.43  Inventory: [0.0, 0.0, 0.0]  Order: [12.49, 12.54, 12.5] Demand: [13.21]

 Algo happo Exp ippo_seed11_formal_v1 updates 187/3000 episodes, total num timesteps 188000/3000000, FPS 117.

Reward for thread 1: [-22.42, -31.05, -39.72] -31.06  Inventory: [18.0, 38.0, 68.0]  Order: [5.84, 5.8, 5.95] Demand: [5.96]
Reward for thread 2: [-31.13, -30.89, -44.56] -35.53  Inventory: [91.0, 23.0, 111.0]  Order: [3.68, 3.56, 3.9] Demand: [3.41]
Reward for thread 3: [-38.8, -33.2, -49.19] -40.4  Inventory: [121.0, 35.0, 93.0]  Order: [3.71, 3.64, 3.87] Demand: [3.32]
Reward for thread 4: [-18.84, -26.22, -31.66] -25.57  Inventory: [7.0, 33.0, 69.0]  Order: [4.94, 4.88, 5.0] Demand: [5.07]
Reward for thread 5: [-18.72, -25.96, -34.51] -26.4  Inventory: [14.0, 30.0, 58.0]  Order: [3.69, 3.66, 3.71] Demand: [3.8]

 Algo happo Exp ippo_seed11_formal_v1 updates 188/3000 episodes, total num timesteps 189000/3000000, FPS 117.

Reward for thread 1: [-14.55, -21.73, -21.15] -19.14  Inventory: [16.0, 41.0, 0.0]  Order: [7.59, 7.8, 7.7] Demand: [7.755]
Reward for thread 2: [-166.44, -62.8, -61.45] -96.9  Inventory: [0.0, 0.0, 0.0]  Order: [14.63, 14.6, 14.58] Demand: [16.725]
Reward for thread 3: [-16.33, -24.08, -22.31] -20.91  Inventory: [0.0, 3.0, 0.0]  Order: [9.41, 9.44, 9.31] Demand: [9.48]
Reward for thread 4: [-20.52, -29.18, -24.09] -24.6  Inventory: [13.0, 46.0, 21.0]  Order: [7.82, 7.88, 7.81] Demand: [7.925]
Reward for thread 5: [-33.0, -32.2, -30.59] -31.93  Inventory: [0.0, 0.0, 0.0]  Order: [12.82, 12.8, 12.69] Demand: [12.85]

 Algo happo Exp ippo_seed11_formal_v1 updates 189/3000 episodes, total num timesteps 190000/3000000, FPS 117.

Reward for thread 1: [-27.8, -30.43, -34.74] -30.99  Inventory: [93.0, 17.0, 59.0]  Order: [6.69, 6.58, 6.64] Demand: [6.455]
Reward for thread 2: [-16.05, -24.61, -25.82] -22.16  Inventory: [39.0, 22.0, 77.0]  Order: [4.64, 4.5, 4.64] Demand: [4.675]
Reward for thread 3: [-24.32, -25.57, -24.08] -24.66  Inventory: [7.0, 37.0, 41.0]  Order: [10.48, 10.42, 10.42] Demand: [10.59]
Reward for thread 4: [-41.01, -41.49, -62.84] -48.45  Inventory: [91.0, 33.0, 110.0]  Order: [3.52, 3.48, 3.82] Demand: [3.3]
Reward for thread 5: [-46.09, -30.95, -32.72] -36.59  Inventory: [0.0, 20.0, 42.0]  Order: [10.72, 10.61, 10.6] Demand: [10.825]

Eval average reward:  -30.53425  Eval ordering fluctuation measurement (downstream to upstream):  [0.9895017151945898, 1.0874187763323855, 1.202361435196105]
A better model is saved!

 Algo happo Exp ippo_seed11_formal_v1 updates 190/3000 episodes, total num timesteps 191000/3000000, FPS 116.

Reward for thread 1: [-40.91, -30.8, -28.38] -33.36  Inventory: [0.0, 0.0, 0.0]  Order: [13.72, 13.74, 13.7] Demand: [14.41]
Reward for thread 2: [-12.19, -21.21, -19.73] -17.71  Inventory: [9.0, 25.0, 38.0]  Order: [6.84, 6.81, 6.77] Demand: [7.015]
Reward for thread 3: [-24.75, -28.11, -43.8] -32.22  Inventory: [62.0, 20.0, 80.0]  Order: [3.57, 3.42, 3.6] Demand: [3.495]
Reward for thread 4: [-21.82, -29.84, -26.25] -25.97  Inventory: [7.0, 0.0, 0.0]  Order: [9.42, 9.48, 9.29] Demand: [9.38]
Reward for thread 5: [-21.77, -29.53, -32.91] -28.07  Inventory: [25.0, 31.0, 62.0]  Order: [5.95, 5.86, 5.96] Demand: [6.035]

 Algo happo Exp ippo_seed11_formal_v1 updates 191/3000 episodes, total num timesteps 192000/3000000, FPS 117.

Reward for thread 1: [-12.99, -21.22, -20.1] -18.1  Inventory: [0.0, 0.0, 29.0]  Order: [6.34, 6.22, 6.17] Demand: [6.4]
Reward for thread 2: [-18.89, -28.1, -35.09] -27.36  Inventory: [0.0, 8.0, 39.0]  Order: [4.99, 4.85, 4.86] Demand: [5.095]
Reward for thread 3: [-95.99, -45.34, -42.84] -61.39  Inventory: [15.0, 24.0, 0.0]  Order: [14.52, 14.55, 14.58] Demand: [14.575]
Reward for thread 4: [-73.04, -42.33, -38.85] -51.41  Inventory: [0.0, 0.0, 0.0]  Order: [14.12, 14.16, 14.03] Demand: [14.995]
Reward for thread 5: [-119.15, -49.62, -49.78] -72.85  Inventory: [0.0, 0.0, 0.0]  Order: [13.55, 13.76, 13.72] Demand: [15.72]

 Algo happo Exp ippo_seed11_formal_v1 updates 192/3000 episodes, total num timesteps 193000/3000000, FPS 117.

Reward for thread 1: [-11.59, -18.36, -19.22] -16.39  Inventory: [3.0, 14.0, 0.0]  Order: [6.64, 6.94, 6.86] Demand: [6.7]
Reward for thread 2: [-23.12, -30.04, -37.3] -30.15  Inventory: [26.0, 35.0, 73.0]  Order: [3.46, 3.39, 3.54] Demand: [3.57]
Reward for thread 3: [-20.7, -24.26, -22.85] -22.6  Inventory: [11.0, 39.0, 50.0]  Order: [9.2, 9.14, 9.18] Demand: [9.375]
Reward for thread 4: [-36.67, -32.49, -42.58] -37.25  Inventory: [120.0, 39.0, 34.0]  Order: [2.88, 2.88, 2.94] Demand: [2.47]
Reward for thread 5: [-47.71, -29.94, -32.13] -36.59  Inventory: [5.0, 11.0, 6.0]  Order: [11.18, 11.17, 11.18] Demand: [11.315]

 Algo happo Exp ippo_seed11_formal_v1 updates 193/3000 episodes, total num timesteps 194000/3000000, FPS 117.

Reward for thread 1: [-26.33, -36.65, -41.85] -34.94  Inventory: [21.0, 42.0, 111.0]  Order: [2.9, 2.86, 3.24] Demand: [3.025]
Reward for thread 2: [-21.19, -31.39, -27.28] -26.62  Inventory: [0.0, 47.0, 36.0]  Order: [6.48, 6.49, 6.46] Demand: [6.625]
Reward for thread 3: [-12.8, -20.98, -18.63] -17.47  Inventory: [11.0, 81.0, 51.0]  Order: [7.26, 7.42, 7.44] Demand: [7.41]
Reward for thread 4: [-28.73, -26.73, -26.28] -27.25  Inventory: [0.0, 0.0, 0.0]  Order: [11.72, 11.68, 11.64] Demand: [11.695]
Reward for thread 5: [-12.59, -19.09, -19.32] -17.0  Inventory: [16.0, 32.0, 49.0]  Order: [6.2, 6.11, 6.13] Demand: [6.335]

 Algo happo Exp ippo_seed11_formal_v1 updates 194/3000 episodes, total num timesteps 195000/3000000, FPS 117.

Reward for thread 1: [-17.74, -25.04, -27.59] -23.46  Inventory: [8.0, 26.0, 54.0]  Order: [7.74, 7.64, 7.7] Demand: [7.865]
Reward for thread 2: [-17.86, -26.33, -27.66] -23.95  Inventory: [0.0, 0.0, 0.0]  Order: [5.57, 5.6, 5.51] Demand: [5.59]
Reward for thread 3: [-21.15, -28.26, -27.08] -25.5  Inventory: [0.0, 3.0, 22.0]  Order: [8.73, 8.77, 8.74] Demand: [8.765]
Reward for thread 4: [-19.74, -27.75, -37.17] -28.22  Inventory: [26.0, 27.0, 23.0]  Order: [3.62, 3.55, 3.48] Demand: [3.72]
Reward for thread 5: [-14.63, -21.74, -20.73] -19.03  Inventory: [0.0, 0.0, 0.0]  Order: [8.11, 8.22, 8.04] Demand: [8.19]

Eval average reward:  -31.226666666666663  Eval ordering fluctuation measurement (downstream to upstream):  [0.9785241470552914, 1.0583761184478315, 1.176302385756666]

 Algo happo Exp ippo_seed11_formal_v1 updates 195/3000 episodes, total num timesteps 196000/3000000, FPS 116.

Reward for thread 1: [-66.08, -36.16, -36.65] -46.3  Inventory: [0.0, 0.0, 0.0]  Order: [12.65, 12.68, 12.67] Demand: [14.185]
Reward for thread 2: [-29.54, -27.42, -27.98] -28.31  Inventory: [0.0, 35.0, 62.0]  Order: [11.02, 10.96, 11.05] Demand: [11.13]
Reward for thread 3: [-19.75, -26.45, -23.84] -23.35  Inventory: [0.0, 0.0, 3.0]  Order: [8.19, 8.24, 8.22] Demand: [8.39]
Reward for thread 4: [-16.76, -23.67, -21.4] -20.61  Inventory: [0.0, 0.0, 0.0]  Order: [7.12, 6.93, 6.86] Demand: [7.18]
Reward for thread 5: [-12.78, -20.24, -19.77] -17.6  Inventory: [0.0, 46.0, 77.0]  Order: [6.34, 6.33, 6.5] Demand: [6.495]

 Algo happo Exp ippo_seed11_formal_v1 updates 196/3000 episodes, total num timesteps 197000/3000000, FPS 117.

Reward for thread 1: [-32.41, -40.21, -72.91] -48.51  Inventory: [10.0, 37.0, 167.0]  Order: [2.22, 2.22, 2.86] Demand: [2.385]
Reward for thread 2: [-18.71, -27.86, -28.69] -25.09  Inventory: [21.0, 47.0, 40.0]  Order: [6.1, 6.1, 6.06] Demand: [6.23]
Reward for thread 3: [-31.11, -28.16, -26.53] -28.6  Inventory: [0.0, 0.0, 0.0]  Order: [10.2, 10.3, 10.25] Demand: [10.785]
Reward for thread 4: [-14.07, -20.07, -23.65] -19.26  Inventory: [0.0, 0.0, 0.0]  Order: [7.0, 6.89, 6.78] Demand: [7.07]
Reward for thread 5: [-90.18, -42.84, -43.2] -58.74  Inventory: [0.0, 0.0, 0.0]  Order: [13.52, 13.5, 13.46] Demand: [15.32]

 Algo happo Exp ippo_seed11_formal_v1 updates 197/3000 episodes, total num timesteps 198000/3000000, FPS 117.

Reward for thread 1: [-98.66, -45.25, -45.01] -62.97  Inventory: [0.0, 0.0, 2.0]  Order: [12.96, 12.99, 12.88] Demand: [14.915]
Reward for thread 2: [-29.41, -34.96, -27.99] -30.79  Inventory: [31.0, 21.0, 2.0]  Order: [11.37, 11.55, 11.63] Demand: [11.18]
Reward for thread 3: [-11.98, -16.36, -18.71] -15.68  Inventory: [1.0, 15.0, 20.0]  Order: [7.08, 7.06, 7.08] Demand: [7.225]
Reward for thread 4: [-18.56, -26.33, -35.05] -26.65  Inventory: [11.0, 45.0, 75.0]  Order: [4.54, 4.51, 4.67] Demand: [4.725]
Reward for thread 5: [-14.85, -17.85, -16.88] -16.53  Inventory: [0.0, 0.0, 0.0]  Order: [9.78, 9.92, 9.85] Demand: [9.795]

 Algo happo Exp ippo_seed11_formal_v1 updates 198/3000 episodes, total num timesteps 199000/3000000, FPS 117.

Reward for thread 1: [-14.14, -22.37, -20.77] -19.09  Inventory: [0.0, 15.0, 23.0]  Order: [6.08, 6.04, 5.95] Demand: [6.18]
Reward for thread 2: [-17.81, -26.2, -25.17] -23.06  Inventory: [14.0, 35.0, 29.0]  Order: [8.46, 8.62, 8.68] Demand: [8.43]
Reward for thread 3: [-58.04, -30.92, -30.94] -39.97  Inventory: [0.0, 39.0, 21.0]  Order: [13.67, 13.76, 13.73] Demand: [13.75]
Reward for thread 4: [-22.92, -35.44, -46.65] -35.0  Inventory: [12.0, 29.0, 124.0]  Order: [3.32, 3.21, 3.62] Demand: [3.49]
Reward for thread 5: [-35.83, -44.55, -80.99] -53.79  Inventory: [50.0, 45.0, 201.0]  Order: [1.8, 1.82, 2.62] Demand: [1.755]

 Algo happo Exp ippo_seed11_formal_v1 updates 199/3000 episodes, total num timesteps 200000/3000000, FPS 117.

Reward for thread 1: [-20.28, -28.22, -32.63] -27.04  Inventory: [5.0, 15.0, 102.0]  Order: [4.72, 4.54, 4.83] Demand: [4.89]
Reward for thread 2: [-26.35, -31.24, -29.49] -29.03  Inventory: [16.0, 35.0, 19.0]  Order: [9.2, 9.18, 9.28] Demand: [9.32]
Reward for thread 3: [-28.54, -24.58, -25.96] -26.36  Inventory: [0.0, 10.0, 12.0]  Order: [9.82, 9.74, 9.68] Demand: [10.01]
Reward for thread 4: [-45.18, -30.22, -28.52] -34.64  Inventory: [0.0, 0.0, 0.0]  Order: [10.24, 10.25, 10.2] Demand: [11.48]
Reward for thread 5: [-40.87, -25.73, -30.26] -32.29  Inventory: [0.0, 0.0, 0.0]  Order: [10.18, 10.34, 10.34] Demand: [11.245]

Eval average reward:  -31.45758333333333  Eval ordering fluctuation measurement (downstream to upstream):  [1.0084075174130873, 1.0926199252956932, 1.1848850726674591]

 Algo happo Exp ippo_seed11_formal_v1 updates 200/3000 episodes, total num timesteps 201000/3000000, FPS 116.

Reward for thread 1: [-22.67, -29.93, -33.72] -28.77  Inventory: [10.0, 23.0, 27.0]  Order: [9.09, 9.1, 9.09] Demand: [9.25]
Reward for thread 2: [-27.99, -23.93, -27.73] -26.55  Inventory: [9.0, 58.0, 38.0]  Order: [9.22, 9.29, 9.38] Demand: [9.415]
Reward for thread 3: [-51.85, -32.4, -35.29] -39.85  Inventory: [32.0, 76.0, 43.0]  Order: [11.59, 11.8, 11.78] Demand: [11.665]
Reward for thread 4: [-16.43, -25.56, -28.46] -23.48  Inventory: [3.0, 0.0, 0.0]  Order: [4.4, 4.38, 4.26] Demand: [4.31]
Reward for thread 5: [-14.57, -21.44, -21.27] -19.09  Inventory: [5.0, 37.0, 40.0]  Order: [7.49, 7.45, 7.41] Demand: [7.565]

 Algo happo Exp ippo_seed11_formal_v1 updates 201/3000 episodes, total num timesteps 202000/3000000, FPS 117.

Reward for thread 1: [-20.47, -28.18, -28.43] -25.69  Inventory: [7.0, 14.0, 11.0]  Order: [6.44, 6.44, 6.48] Demand: [6.565]
Reward for thread 2: [-39.45, -41.66, -60.44] -47.18  Inventory: [88.0, 38.0, 147.0]  Order: [3.22, 3.16, 3.66] Demand: [3.015]
Reward for thread 3: [-20.0, -27.7, -30.35] -26.02  Inventory: [22.0, 3.0, 12.0]  Order: [5.42, 5.43, 5.36] Demand: [5.53]
Reward for thread 4: [-12.33, -18.03, -19.01] -16.46  Inventory: [0.0, 30.0, 0.0]  Order: [5.14, 5.37, 5.3] Demand: [5.3]
Reward for thread 5: [-32.83, -32.94, -33.89] -33.22  Inventory: [0.0, 0.0, 0.0]  Order: [12.6, 12.74, 12.66] Demand: [12.835]

 Algo happo Exp ippo_seed11_formal_v1 updates 202/3000 episodes, total num timesteps 203000/3000000, FPS 117.

Reward for thread 1: [-11.87, -18.71, -19.43] -16.67  Inventory: [10.0, 28.0, 50.0]  Order: [6.22, 6.14, 6.18] Demand: [6.325]
Reward for thread 2: [-43.11, -39.09, -33.19] -38.46  Inventory: [0.0, 67.0, 30.0]  Order: [12.24, 12.36, 12.28] Demand: [12.295]
Reward for thread 3: [-20.28, -29.55, -28.3] -26.04  Inventory: [5.0, 16.0, 32.0]  Order: [7.3, 7.22, 7.18] Demand: [7.41]
Reward for thread 4: [-40.39, -33.02, -32.28] -35.23  Inventory: [5.0, 2.0, 9.0]  Order: [11.74, 11.66, 11.61] Demand: [11.85]
Reward for thread 5: [-15.1, -20.47, -24.2] -19.92  Inventory: [12.0, 36.0, 25.0]  Order: [5.2, 5.17, 5.2] Demand: [5.335]

 Algo happo Exp ippo_seed11_formal_v1 updates 203/3000 episodes, total num timesteps 204000/3000000, FPS 117.

Reward for thread 1: [-19.1, -25.39, -24.63] -23.04  Inventory: [14.0, 38.0, 38.0]  Order: [9.12, 9.08, 9.08] Demand: [9.25]
Reward for thread 2: [-81.28, -40.14, -44.42] -55.28  Inventory: [0.0, 0.0, 0.0]  Order: [14.74, 14.7, 14.68] Demand: [16.22]
Reward for thread 3: [-20.31, -29.72, -38.94] -29.66  Inventory: [11.0, 1.0, 44.0]  Order: [3.84, 3.69, 3.7] Demand: [3.9]
Reward for thread 4: [-22.33, -28.22, -27.85] -26.13  Inventory: [0.0, 0.0, 7.0]  Order: [10.36, 10.29, 10.33] Demand: [10.435]
Reward for thread 5: [-20.07, -27.11, -26.73] -24.64  Inventory: [6.0, 30.0, 34.0]  Order: [10.26, 10.22, 10.24] Demand: [10.4]

 Algo happo Exp ippo_seed11_formal_v1 updates 204/3000 episodes, total num timesteps 205000/3000000, FPS 117.

Reward for thread 1: [-48.97, -27.73, -30.16] -35.62  Inventory: [0.0, 0.0, 0.0]  Order: [13.26, 13.35, 13.35] Demand: [14.24]
Reward for thread 2: [-31.2, -30.9, -31.97] -31.36  Inventory: [0.0, 0.0, 0.0]  Order: [9.98, 10.18, 10.04] Demand: [10.505]
Reward for thread 3: [-18.67, -24.17, -31.47] -24.77  Inventory: [5.0, 37.0, 87.0]  Order: [3.24, 3.19, 3.42] Demand: [3.46]
Reward for thread 4: [-24.65, -23.56, -23.26] -23.82  Inventory: [0.0, 9.0, 30.0]  Order: [11.17, 11.2, 11.2] Demand: [11.24]
Reward for thread 5: [-31.06, -32.68, -30.67] -31.47  Inventory: [27.0, 77.0, 42.0]  Order: [11.11, 11.28, 11.26] Demand: [11.175]

Eval average reward:  -34.00741666666667  Eval ordering fluctuation measurement (downstream to upstream):  [1.0359533228707356, 1.0863927510895803, 0.9216606103465089]

 Algo happo Exp ippo_seed11_formal_v1 updates 205/3000 episodes, total num timesteps 206000/3000000, FPS 117.

Reward for thread 1: [-167.32, -55.92, -59.35] -94.2  Inventory: [0.0, 0.0, 0.0]  Order: [14.98, 15.13, 15.16] Demand: [17.505]
Reward for thread 2: [-32.97, -35.56, -50.59] -39.71  Inventory: [64.0, 41.0, 118.0]  Order: [2.92, 2.87, 3.25] Demand: [2.835]
Reward for thread 3: [-22.8, -25.69, -30.12] -26.2  Inventory: [13.0, 12.0, 52.0]  Order: [8.6, 8.48, 8.53] Demand: [8.78]
Reward for thread 4: [-53.87, -32.79, -33.75] -40.14  Inventory: [0.0, 0.0, 0.0]  Order: [13.49, 13.62, 13.6] Demand: [14.74]
Reward for thread 5: [-23.26, -33.7, -37.05] -31.34  Inventory: [2.0, 16.0, 86.0]  Order: [4.34, 4.17, 4.38] Demand: [4.49]

 Algo happo Exp ippo_seed11_formal_v1 updates 206/3000 episodes, total num timesteps 207000/3000000, FPS 117.

Reward for thread 1: [-16.66, -19.84, -20.04] -18.85  Inventory: [0.0, 0.0, 5.0]  Order: [10.94, 10.88, 10.85] Demand: [10.96]
Reward for thread 2: [-54.25, -33.52, -32.48] -40.08  Inventory: [0.0, 23.0, 21.0]  Order: [13.92, 14.02, 14.1] Demand: [15.205]
Reward for thread 3: [-74.27, -34.79, -37.21] -48.76  Inventory: [0.0, 8.0, 0.0]  Order: [15.1, 15.24, 15.16] Demand: [15.77]
Reward for thread 4: [-14.85, -21.56, -26.99] -21.13  Inventory: [5.0, 17.0, 54.0]  Order: [5.16, 5.0, 5.06] Demand: [5.365]
Reward for thread 5: [-64.21, -30.35, -32.93] -42.5  Inventory: [3.0, 21.0, 2.0]  Order: [13.52, 13.52, 13.38] Demand: [13.64]

 Algo happo Exp ippo_seed11_formal_v1 updates 207/3000 episodes, total num timesteps 208000/3000000, FPS 117.

Reward for thread 1: [-25.85, -31.77, -40.83] -32.82  Inventory: [7.0, 26.0, 77.0]  Order: [4.39, 4.28, 4.5] Demand: [4.6]
Reward for thread 2: [-14.32, -19.32, -24.56] -19.4  Inventory: [6.0, 2.0, 43.0]  Order: [4.76, 4.59, 4.58] Demand: [4.915]
Reward for thread 3: [-25.73, -32.17, -62.15] -40.02  Inventory: [9.0, 14.0, 180.0]  Order: [2.22, 2.04, 2.78] Demand: [2.42]
Reward for thread 4: [-57.48, -33.85, -35.45] -42.26  Inventory: [0.0, 15.0, 0.0]  Order: [14.48, 14.7, 14.68] Demand: [15.47]
Reward for thread 5: [-24.15, -27.42, -25.82] -25.8  Inventory: [0.0, 0.0, 0.0]  Order: [9.76, 9.78, 9.7] Demand: [9.845]

 Algo happo Exp ippo_seed11_formal_v1 updates 208/3000 episodes, total num timesteps 209000/3000000, FPS 117.

Reward for thread 1: [-157.98, -54.08, -54.46] -88.84  Inventory: [0.0, 0.0, 0.0]  Order: [15.26, 15.31, 15.26] Demand: [17.075]
Reward for thread 2: [-14.08, -19.56, -21.9] -18.51  Inventory: [9.0, 30.0, 64.0]  Order: [6.18, 6.08, 6.19] Demand: [6.275]
Reward for thread 3: [-13.54, -17.38, -19.33] -16.75  Inventory: [47.0, 85.0, 47.0]  Order: [6.82, 7.04, 7.06] Demand: [6.775]
Reward for thread 4: [-16.09, -22.14, -34.15] -24.13  Inventory: [0.0, 0.0, 32.0]  Order: [3.56, 3.52, 3.46] Demand: [3.675]
Reward for thread 5: [-17.04, -23.95, -27.1] -22.7  Inventory: [0.0, 0.0, 0.0]  Order: [7.53, 7.36, 7.32] Demand: [7.45]

 Algo happo Exp ippo_seed11_formal_v1 updates 209/3000 episodes, total num timesteps 210000/3000000, FPS 117.

Reward for thread 1: [-149.77, -57.08, -53.6] -86.82  Inventory: [0.0, 0.0, 0.0]  Order: [15.54, 15.53, 15.5] Demand: [16.78]
Reward for thread 2: [-55.99, -37.67, -33.01] -42.22  Inventory: [9.0, 8.0, 36.0]  Order: [12.12, 11.98, 11.92] Demand: [12.175]
Reward for thread 3: [-17.98, -21.6, -22.39] -20.66  Inventory: [0.0, 0.0, 0.0]  Order: [9.12, 9.12, 9.06] Demand: [9.085]
Reward for thread 4: [-19.7, -21.04, -22.21] -20.98  Inventory: [0.0, 0.0, 0.0]  Order: [8.26, 8.15, 8.04] Demand: [8.155]
Reward for thread 5: [-12.21, -17.63, -18.02] -15.95  Inventory: [0.0, 0.0, 4.0]  Order: [7.8, 7.78, 7.73] Demand: [8.045]

Eval average reward:  -32.032833333333336  Eval ordering fluctuation measurement (downstream to upstream):  [1.0362243755991059, 1.0734888354401966, 0.898373289033213]

 Algo happo Exp ippo_seed11_formal_v1 updates 210/3000 episodes, total num timesteps 211000/3000000, FPS 117.

Reward for thread 1: [-29.69, -39.33, -63.39] -44.14  Inventory: [3.0, 9.0, 126.0]  Order: [2.22, 2.18, 2.58] Demand: [2.365]
Reward for thread 2: [-25.04, -31.4, -33.41] -29.95  Inventory: [15.0, 21.0, 46.0]  Order: [7.06, 6.94, 6.96] Demand: [7.135]
Reward for thread 3: [-15.33, -21.9, -21.29] -19.51  Inventory: [4.0, 31.0, 50.0]  Order: [8.25, 8.27, 8.32] Demand: [8.29]
Reward for thread 4: [-17.61, -25.1, -29.13] -23.95  Inventory: [5.0, 21.0, 11.0]  Order: [5.22, 5.17, 5.01] Demand: [5.365]
Reward for thread 5: [-17.07, -21.3, -23.19] -20.52  Inventory: [0.0, 0.0, 0.0]  Order: [8.44, 8.54, 8.48] Demand: [8.655]

 Algo happo Exp ippo_seed11_formal_v1 updates 211/3000 episodes, total num timesteps 212000/3000000, FPS 117.

Reward for thread 1: [-154.83, -59.75, -52.52] -89.03  Inventory: [0.0, 0.0, 0.0]  Order: [14.96, 14.96, 15.02] Demand: [15.21]
Reward for thread 2: [-17.78, -24.43, -29.92] -24.04  Inventory: [29.0, 63.0, 54.0]  Order: [5.04, 5.14, 5.19] Demand: [5.115]
Reward for thread 3: [-52.88, -26.16, -27.04] -35.36  Inventory: [0.0, 0.0, 4.0]  Order: [12.56, 12.56, 12.54] Demand: [12.955]
Reward for thread 4: [-15.12, -20.46, -22.69] -19.42  Inventory: [1.0, 0.0, 35.0]  Order: [6.58, 6.42, 6.4] Demand: [6.665]
Reward for thread 5: [-25.81, -36.95, -56.22] -39.66  Inventory: [23.0, 45.0, 151.0]  Order: [2.72, 2.72, 3.28] Demand: [2.835]

 Algo happo Exp ippo_seed11_formal_v1 updates 212/3000 episodes, total num timesteps 213000/3000000, FPS 117.

Reward for thread 1: [-27.18, -26.85, -22.85] -25.63  Inventory: [5.0, 4.0, 18.0]  Order: [10.36, 10.34, 10.2] Demand: [10.32]
Reward for thread 2: [-15.94, -23.78, -26.55] -22.09  Inventory: [9.0, 13.0, 50.0]  Order: [4.01, 3.86, 3.88] Demand: [4.165]
Reward for thread 3: [-18.27, -24.79, -25.42] -22.83  Inventory: [5.0, 12.0, 63.0]  Order: [7.94, 7.74, 7.84] Demand: [8.08]
Reward for thread 4: [-42.91, -32.34, -29.2] -34.82  Inventory: [0.0, 0.0, 0.0]  Order: [12.5, 12.58, 12.63] Demand: [12.725]
Reward for thread 5: [-21.46, -22.2, -21.63] -21.76  Inventory: [6.0, 17.0, 16.0]  Order: [11.46, 11.34, 11.38] Demand: [11.545]

 Algo happo Exp ippo_seed11_formal_v1 updates 213/3000 episodes, total num timesteps 214000/3000000, FPS 117.

Reward for thread 1: [-28.72, -24.13, -23.82] -25.56  Inventory: [0.0, 0.0, 0.0]  Order: [11.38, 11.48, 11.49] Demand: [11.27]
Reward for thread 2: [-15.13, -23.36, -26.0] -21.5  Inventory: [3.0, 13.0, 41.0]  Order: [4.77, 4.61, 4.61] Demand: [4.9]
Reward for thread 3: [-18.39, -22.97, -28.02] -23.13  Inventory: [0.0, 0.0, 0.0]  Order: [5.82, 5.97, 5.92] Demand: [6.315]
Reward for thread 4: [-17.46, -24.92, -27.81] -23.4  Inventory: [2.0, 40.0, 58.0]  Order: [5.88, 5.86, 5.92] Demand: [6.015]
Reward for thread 5: [-90.02, -38.53, -37.05] -55.2  Inventory: [0.0, 0.0, 0.0]  Order: [12.84, 12.87, 12.85] Demand: [14.79]

 Algo happo Exp ippo_seed11_formal_v1 updates 214/3000 episodes, total num timesteps 215000/3000000, FPS 117.

Reward for thread 1: [-16.94, -23.62, -27.8] -22.79  Inventory: [20.0, 0.0, 16.0]  Order: [6.24, 6.16, 6.16] Demand: [6.355]
Reward for thread 2: [-18.12, -27.42, -34.35] -26.63  Inventory: [0.0, 0.0, 0.0]  Order: [5.8, 5.82, 5.78] Demand: [5.905]
Reward for thread 3: [-17.91, -23.8, -36.75] -26.15  Inventory: [0.0, 0.0, 47.0]  Order: [4.05, 3.84, 3.86] Demand: [4.175]
Reward for thread 4: [-44.86, -26.31, -29.23] -33.47  Inventory: [0.0, 5.0, 6.0]  Order: [11.96, 12.02, 11.95] Demand: [13.135]
Reward for thread 5: [-14.41, -20.9, -29.39] -21.57  Inventory: [0.0, 0.0, 0.0]  Order: [5.4, 5.46, 5.42] Demand: [5.45]

Eval average reward:  -31.196583333333333  Eval ordering fluctuation measurement (downstream to upstream):  [1.004541911291732, 1.0353877930068045, 0.8870295551770113]

 Algo happo Exp ippo_seed11_formal_v1 updates 215/3000 episodes, total num timesteps 216000/3000000, FPS 117.

Reward for thread 1: [-20.91, -23.94, -27.48] -24.11  Inventory: [0.0, 0.0, 0.0]  Order: [9.5, 9.64, 9.74] Demand: [9.54]
Reward for thread 2: [-67.38, -30.83, -34.08] -44.1  Inventory: [0.0, 0.0, 0.0]  Order: [12.08, 12.02, 12.0] Demand: [12.155]
Reward for thread 3: [-13.91, -20.25, -25.78] -19.98  Inventory: [5.0, 0.0, 40.0]  Order: [4.81, 4.7, 4.7] Demand: [4.92]
Reward for thread 4: [-12.86, -19.28, -18.77] -16.97  Inventory: [1.0, 0.0, 2.0]  Order: [8.32, 8.18, 8.12] Demand: [8.325]
Reward for thread 5: [-28.83, -25.91, -26.44] -27.06  Inventory: [0.0, 0.0, 0.0]  Order: [8.88, 8.88, 8.78] Demand: [9.535]

 Algo happo Exp ippo_seed11_formal_v1 updates 216/3000 episodes, total num timesteps 217000/3000000, FPS 117.

Reward for thread 1: [-15.84, -23.73, -26.64] -22.07  Inventory: [1.0, 13.0, 14.0]  Order: [4.81, 4.66, 4.58] Demand: [4.92]
Reward for thread 2: [-17.24, -19.51, -22.01] -19.59  Inventory: [0.0, 0.0, 0.0]  Order: [10.18, 10.32, 10.22] Demand: [10.16]
Reward for thread 3: [-95.34, -38.61, -40.97] -58.31  Inventory: [0.0, 0.0, 0.0]  Order: [12.81, 12.93, 12.91] Demand: [15.21]
Reward for thread 4: [-19.88, -27.09, -36.85] -27.94  Inventory: [4.0, 3.0, 64.0]  Order: [4.62, 4.46, 4.54] Demand: [4.745]
Reward for thread 5: [-16.64, -21.82, -24.28] -20.91  Inventory: [0.0, 48.0, 40.0]  Order: [7.62, 7.78, 7.9] Demand: [7.75]

 Algo happo Exp ippo_seed11_formal_v1 updates 217/3000 episodes, total num timesteps 218000/3000000, FPS 117.

Reward for thread 1: [-22.71, -35.12, -51.99] -36.61  Inventory: [10.0, 43.0, 137.0]  Order: [2.34, 2.32, 2.82] Demand: [2.52]
Reward for thread 2: [-51.0, -28.24, -27.82] -35.69  Inventory: [0.0, 0.0, 0.0]  Order: [11.38, 11.51, 11.41] Demand: [12.37]
Reward for thread 3: [-113.7, -41.67, -41.41] -65.59  Inventory: [0.0, 0.0, 0.0]  Order: [14.26, 14.34, 14.32] Demand: [15.6]
Reward for thread 4: [-24.01, -20.4, -23.02] -22.48  Inventory: [0.0, 0.0, 0.0]  Order: [9.7, 9.8, 9.68] Demand: [9.86]
Reward for thread 5: [-53.02, -29.64, -29.43] -37.36  Inventory: [14.0, 60.0, 25.0]  Order: [10.62, 10.72, 10.66] Demand: [10.78]

 Algo happo Exp ippo_seed11_formal_v1 updates 218/3000 episodes, total num timesteps 219000/3000000, FPS 117.

Reward for thread 1: [-20.34, -34.12, -33.62] -29.36  Inventory: [10.0, 63.0, 80.0]  Order: [2.58, 2.65, 2.84] Demand: [2.78]
Reward for thread 2: [-16.33, -23.61, -32.13] -24.02  Inventory: [4.0, 39.0, 63.0]  Order: [3.22, 3.18, 3.27] Demand: [3.445]
Reward for thread 3: [-24.86, -22.57, -21.92] -23.12  Inventory: [0.0, 0.0, 0.0]  Order: [12.26, 12.3, 12.27] Demand: [12.285]
Reward for thread 4: [-17.97, -19.64, -17.76] -18.46  Inventory: [0.0, 4.0, 0.0]  Order: [11.24, 11.34, 11.34] Demand: [11.41]
Reward for thread 5: [-21.34, -24.68, -25.26] -23.76  Inventory: [0.0, 0.0, 0.0]  Order: [9.35, 9.4, 9.44] Demand: [9.77]

 Algo happo Exp ippo_seed11_formal_v1 updates 219/3000 episodes, total num timesteps 220000/3000000, FPS 117.

Reward for thread 1: [-16.72, -24.25, -29.15] -23.37  Inventory: [3.0, 18.0, 60.0]  Order: [4.9, 4.74, 4.82] Demand: [5.08]
Reward for thread 2: [-15.11, -20.67, -21.22] -19.0  Inventory: [35.0, 44.0, 20.0]  Order: [8.82, 8.84, 8.8] Demand: [8.885]
Reward for thread 3: [-18.3, -22.07, -23.06] -21.14  Inventory: [7.0, 32.0, 33.0]  Order: [8.97, 8.91, 8.92] Demand: [9.08]
Reward for thread 4: [-17.43, -21.96, -22.32] -20.57  Inventory: [0.0, 0.0, 0.0]  Order: [8.68, 8.84, 8.9] Demand: [8.585]
Reward for thread 5: [-18.95, -23.82, -30.32] -24.36  Inventory: [21.0, 28.0, 51.0]  Order: [6.03, 5.94, 5.98] Demand: [6.175]

Eval average reward:  -26.398333333333337  Eval ordering fluctuation measurement (downstream to upstream):  [0.9923026741822367, 0.9765781970345555, 1.1619755609784275]
A better model is saved!

 Algo happo Exp ippo_seed11_formal_v1 updates 220/3000 episodes, total num timesteps 221000/3000000, FPS 117.

Reward for thread 1: [-13.77, -20.91, -24.06] -19.58  Inventory: [4.0, 35.0, 32.0]  Order: [5.14, 5.08, 4.99] Demand: [5.37]
Reward for thread 2: [-92.83, -40.9, -39.27] -57.67  Inventory: [0.0, 0.0, 0.0]  Order: [14.26, 14.26, 14.19] Demand: [16.155]
Reward for thread 3: [-41.63, -28.91, -28.83] -33.12  Inventory: [0.0, 0.0, 0.0]  Order: [11.65, 11.71, 11.7] Demand: [12.62]
Reward for thread 4: [-103.82, -40.64, -40.67] -61.71  Inventory: [0.0, 5.0, 23.0]  Order: [14.1, 14.12, 14.16] Demand: [16.28]
Reward for thread 5: [-13.71, -18.69, -21.81] -18.07  Inventory: [0.0, 10.0, 21.0]  Order: [7.02, 6.92, 6.86] Demand: [7.105]

 Algo happo Exp ippo_seed11_formal_v1 updates 221/3000 episodes, total num timesteps 222000/3000000, FPS 117.

Reward for thread 1: [-19.15, -22.13, -22.49] -21.26  Inventory: [0.0, 29.0, 30.0]  Order: [9.09, 9.1, 9.07] Demand: [9.17]
Reward for thread 2: [-22.04, -25.85, -23.55] -23.81  Inventory: [4.0, 34.0, 69.0]  Order: [9.3, 9.27, 9.38] Demand: [9.275]
Reward for thread 3: [-12.54, -16.57, -19.67] -16.26  Inventory: [10.0, 19.0, 31.0]  Order: [5.09, 4.97, 4.92] Demand: [5.245]
Reward for thread 4: [-42.16, -29.71, -27.96] -33.28  Inventory: [0.0, 0.0, 0.0]  Order: [12.17, 12.22, 12.16] Demand: [12.99]
Reward for thread 5: [-16.48, -22.55, -27.72] -22.25  Inventory: [16.0, 43.0, 75.0]  Order: [4.11, 4.11, 4.27] Demand: [4.235]

 Algo happo Exp ippo_seed11_formal_v1 updates 222/3000 episodes, total num timesteps 223000/3000000, FPS 117.

Reward for thread 1: [-13.06, -18.75, -19.98] -17.26  Inventory: [7.0, 0.0, 9.0]  Order: [6.31, 6.14, 6.04] Demand: [6.4]
Reward for thread 2: [-91.04, -42.58, -41.56] -58.39  Inventory: [0.0, 0.0, 22.0]  Order: [13.53, 13.44, 13.34] Demand: [15.455]
Reward for thread 3: [-19.06, -22.06, -20.85] -20.66  Inventory: [0.0, 0.0, 0.0]  Order: [8.87, 8.84, 8.71] Demand: [9.045]
Reward for thread 4: [-15.68, -19.15, -20.05] -18.29  Inventory: [10.0, 43.0, 3.0]  Order: [9.04, 9.14, 9.09] Demand: [9.14]
Reward for thread 5: [-171.87, -58.65, -59.52] -96.68  Inventory: [0.0, 0.0, 0.0]  Order: [13.52, 13.58, 13.5] Demand: [16.2]

 Algo happo Exp ippo_seed11_formal_v1 updates 223/3000 episodes, total num timesteps 224000/3000000, FPS 117.

Reward for thread 1: [-17.02, -22.7, -24.34] -21.35  Inventory: [7.0, 42.0, 49.0]  Order: [7.58, 7.56, 7.62] Demand: [7.72]
Reward for thread 2: [-15.26, -18.52, -21.09] -18.29  Inventory: [8.0, 31.0, 43.0]  Order: [7.3, 7.26, 7.3] Demand: [7.455]
Reward for thread 3: [-15.38, -21.01, -24.22] -20.2  Inventory: [7.0, 0.0, 10.0]  Order: [5.38, 5.18, 5.0] Demand: [5.5]
Reward for thread 4: [-52.5, -28.49, -30.04] -37.01  Inventory: [0.0, 0.0, 4.0]  Order: [10.02, 9.96, 9.97] Demand: [11.545]
Reward for thread 5: [-15.05, -22.78, -26.03] -21.29  Inventory: [15.0, 33.0, 37.0]  Order: [3.37, 3.3, 3.25] Demand: [3.545]

 Algo happo Exp ippo_seed11_formal_v1 updates 224/3000 episodes, total num timesteps 225000/3000000, FPS 117.

Reward for thread 1: [-123.12, -44.95, -47.06] -71.71  Inventory: [0.0, 17.0, 18.0]  Order: [15.04, 15.1, 15.12] Demand: [15.29]
Reward for thread 2: [-19.49, -34.86, -35.74] -30.03  Inventory: [1.0, 22.0, 32.0]  Order: [2.42, 2.32, 2.22] Demand: [2.595]
Reward for thread 3: [-76.32, -37.54, -35.83] -49.9  Inventory: [0.0, 0.0, 0.0]  Order: [13.36, 13.41, 13.34] Demand: [13.23]
Reward for thread 4: [-37.39, -26.44, -27.66] -30.5  Inventory: [0.0, 24.0, 0.0]  Order: [13.76, 13.86, 13.75] Demand: [13.895]
Reward for thread 5: [-13.26, -20.13, -21.9] -18.43  Inventory: [0.0, 0.0, 0.0]  Order: [5.34, 5.41, 5.32] Demand: [5.255]

Eval average reward:  -26.930166666666665  Eval ordering fluctuation measurement (downstream to upstream):  [1.0376633542096891, 1.0141497928534489, 1.1569988455926923]

 Algo happo Exp ippo_seed11_formal_v1 updates 225/3000 episodes, total num timesteps 226000/3000000, FPS 117.

Reward for thread 1: [-17.6, -20.38, -23.59] -20.52  Inventory: [0.0, 0.0, 0.0]  Order: [7.07, 7.1, 7.08] Demand: [7.195]
Reward for thread 2: [-42.18, -26.89, -28.41] -32.49  Inventory: [0.0, 0.0, 17.0]  Order: [10.63, 10.69, 10.57] Demand: [11.79]
Reward for thread 3: [-16.38, -25.45, -25.63] -22.49  Inventory: [8.0, 79.0, 50.0]  Order: [4.9, 5.07, 5.1] Demand: [5.05]
Reward for thread 4: [-17.9, -21.62, -22.9] -20.81  Inventory: [0.0, 0.0, 0.0]  Order: [7.53, 7.36, 7.38] Demand: [7.485]
Reward for thread 5: [-50.11, -33.25, -32.25] -38.54  Inventory: [0.0, 13.0, 15.0]  Order: [12.7, 12.81, 12.65] Demand: [12.665]

 Algo happo Exp ippo_seed11_formal_v1 updates 226/3000 episodes, total num timesteps 227000/3000000, FPS 117.

Reward for thread 1: [-27.18, -30.48, -28.54] -28.73  Inventory: [0.0, 0.0, 0.0]  Order: [7.32, 7.32, 7.25] Demand: [7.43]
Reward for thread 2: [-38.89, -26.68, -27.15] -30.91  Inventory: [0.0, 0.0, 0.0]  Order: [10.9, 10.94, 10.98] Demand: [11.78]
Reward for thread 3: [-22.38, -25.6, -25.88] -24.62  Inventory: [0.0, 0.0, 0.0]  Order: [9.96, 10.02, 9.86] Demand: [10.06]
Reward for thread 4: [-28.61, -26.38, -26.78] -27.26  Inventory: [0.0, 0.0, 0.0]  Order: [9.1, 9.2, 9.12] Demand: [9.685]
Reward for thread 5: [-31.24, -30.92, -29.99] -30.72  Inventory: [29.0, 0.0, 0.0]  Order: [12.46, 12.62, 12.61] Demand: [12.14]

 Algo happo Exp ippo_seed11_formal_v1 updates 227/3000 episodes, total num timesteps 228000/3000000, FPS 117.

Reward for thread 1: [-155.98, -51.98, -55.2] -87.72  Inventory: [0.0, 0.0, 0.0]  Order: [15.68, 15.83, 15.82] Demand: [17.53]
Reward for thread 2: [-70.95, -35.56, -38.51] -48.34  Inventory: [0.0, 7.0, 10.0]  Order: [14.26, 14.39, 14.33] Demand: [15.625]
Reward for thread 3: [-20.48, -20.84, -22.22] -21.18  Inventory: [3.0, 13.0, 31.0]  Order: [8.88, 8.8, 8.7] Demand: [9.06]
Reward for thread 4: [-60.11, -29.56, -31.63] -40.43  Inventory: [0.0, 0.0, 0.0]  Order: [15.66, 15.78, 15.74] Demand: [15.99]
Reward for thread 5: [-16.05, -22.98, -25.47] -21.5  Inventory: [1.0, 29.0, 48.0]  Order: [4.24, 4.14, 4.14] Demand: [4.42]

 Algo happo Exp ippo_seed11_formal_v1 updates 228/3000 episodes, total num timesteps 229000/3000000, FPS 117.

Reward for thread 1: [-30.49, -28.79, -27.67] -28.98  Inventory: [0.0, 0.0, 0.0]  Order: [12.19, 12.14, 12.08] Demand: [12.715]
Reward for thread 2: [-17.83, -21.18, -26.23] -21.75  Inventory: [15.0, 0.0, 0.0]  Order: [3.58, 3.45, 3.3] Demand: [3.61]
Reward for thread 3: [-31.69, -31.4, -28.72] -30.6  Inventory: [0.0, 3.0, 0.0]  Order: [10.7, 10.93, 10.76] Demand: [10.765]
Reward for thread 4: [-38.83, -30.07, -40.22] -36.37  Inventory: [107.0, 8.0, 53.0]  Order: [2.44, 2.23, 2.26] Demand: [2.09]
Reward for thread 5: [-112.39, -44.26, -49.19] -68.61  Inventory: [0.0, 0.0, 0.0]  Order: [15.97, 16.16, 16.12] Demand: [16.715]

 Algo happo Exp ippo_seed11_formal_v1 updates 229/3000 episodes, total num timesteps 230000/3000000, FPS 117.

Reward for thread 1: [-27.28, -25.82, -26.28] -26.46  Inventory: [0.0, 4.0, 0.0]  Order: [11.77, 11.96, 11.86] Demand: [12.38]
Reward for thread 2: [-34.42, -25.39, -26.86] -28.89  Inventory: [16.0, 78.0, 67.0]  Order: [14.44, 14.59, 14.68] Demand: [14.525]
Reward for thread 3: [-16.27, -22.4, -23.33] -20.67  Inventory: [9.0, 23.0, 30.0]  Order: [7.3, 7.18, 7.12] Demand: [7.49]
Reward for thread 4: [-20.01, -24.32, -25.37] -23.23  Inventory: [20.0, 23.0, 39.0]  Order: [3.99, 3.86, 3.8] Demand: [4.14]
Reward for thread 5: [-24.84, -24.98, -27.4] -25.74  Inventory: [0.0, 0.0, 0.0]  Order: [11.56, 11.66, 11.64] Demand: [11.655]

Eval average reward:  -30.89908333333333  Eval ordering fluctuation measurement (downstream to upstream):  [1.0560070729938011, 1.0954598955148616, 1.1879813607454388]

 Algo happo Exp ippo_seed11_formal_v1 updates 230/3000 episodes, total num timesteps 231000/3000000, FPS 117.

Reward for thread 1: [-35.56, -23.03, -25.33] -27.97  Inventory: [0.0, 0.0, 0.0]  Order: [12.99, 13.08, 13.12] Demand: [12.955]
Reward for thread 2: [-18.83, -25.22, -25.21] -23.09  Inventory: [0.0, 32.0, 36.0]  Order: [10.14, 10.28, 10.3] Demand: [10.295]
Reward for thread 3: [-20.91, -23.46, -24.09] -22.82  Inventory: [5.0, 7.0, 0.0]  Order: [10.07, 10.02, 9.96] Demand: [10.095]
Reward for thread 4: [-52.5, -39.44, -37.66] -43.2  Inventory: [0.0, 2.0, 15.0]  Order: [13.4, 13.49, 13.46] Demand: [14.4]
Reward for thread 5: [-30.91, -25.92, -25.93] -27.59  Inventory: [0.0, 0.0, 0.0]  Order: [12.08, 12.14, 12.18] Demand: [11.975]

 Algo happo Exp ippo_seed11_formal_v1 updates 231/3000 episodes, total num timesteps 232000/3000000, FPS 117.

Reward for thread 1: [-18.65, -23.8, -31.59] -24.68  Inventory: [2.0, 11.0, 42.0]  Order: [3.9, 3.74, 3.72] Demand: [4.085]
Reward for thread 2: [-17.07, -20.34, -21.24] -19.55  Inventory: [10.0, 10.0, 21.0]  Order: [9.48, 9.32, 9.28] Demand: [9.57]
Reward for thread 3: [-20.55, -25.64, -24.98] -23.72  Inventory: [0.0, 0.0, 0.0]  Order: [9.63, 9.7, 9.6] Demand: [9.445]
Reward for thread 4: [-30.55, -27.67, -26.8] -28.34  Inventory: [7.0, 22.0, 36.0]  Order: [10.84, 10.76, 10.74] Demand: [10.955]
Reward for thread 5: [-25.04, -33.92, -36.42] -31.79  Inventory: [16.0, 40.0, 77.0]  Order: [5.24, 5.19, 5.34] Demand: [5.4]

 Algo happo Exp ippo_seed11_formal_v1 updates 232/3000 episodes, total num timesteps 233000/3000000, FPS 117.

Reward for thread 1: [-20.97, -22.76, -23.96] -22.56  Inventory: [0.0, 0.0, 0.0]  Order: [10.4, 10.5, 10.39] Demand: [10.455]
Reward for thread 2: [-20.31, -21.37, -24.82] -22.17  Inventory: [8.0, 13.0, 37.0]  Order: [5.28, 5.18, 5.14] Demand: [5.4]
Reward for thread 3: [-20.73, -23.59, -23.41] -22.58  Inventory: [0.0, 0.0, 0.0]  Order: [12.12, 12.08, 11.95] Demand: [12.09]
Reward for thread 4: [-19.6, -24.04, -30.91] -24.85  Inventory: [33.0, 25.0, 35.0]  Order: [2.35, 2.22, 2.16] Demand: [2.43]
Reward for thread 5: [-50.05, -27.1, -29.3] -35.48  Inventory: [19.0, 33.0, 29.0]  Order: [12.1, 12.02, 11.93] Demand: [12.16]

 Algo happo Exp ippo_seed11_formal_v1 updates 233/3000 episodes, total num timesteps 234000/3000000, FPS 117.

Reward for thread 1: [-18.15, -25.56, -26.7] -23.47  Inventory: [0.0, 0.0, 0.0]  Order: [6.66, 6.61, 6.58] Demand: [6.775]
Reward for thread 2: [-27.97, -31.76, -33.43] -31.05  Inventory: [88.0, 59.0, 32.0]  Order: [3.61, 3.66, 3.6] Demand: [3.415]
Reward for thread 3: [-30.68, -33.83, -32.87] -32.46  Inventory: [9.0, 19.0, 38.0]  Order: [8.44, 8.33, 8.27] Demand: [8.52]
Reward for thread 4: [-16.41, -23.37, -29.4] -23.06  Inventory: [8.0, 49.0, 37.0]  Order: [3.66, 3.68, 3.61] Demand: [3.86]
Reward for thread 5: [-124.02, -47.73, -47.09] -72.95  Inventory: [0.0, 0.0, 0.0]  Order: [15.92, 15.94, 15.98] Demand: [17.565]

 Algo happo Exp ippo_seed11_formal_v1 updates 234/3000 episodes, total num timesteps 235000/3000000, FPS 117.

Reward for thread 1: [-15.98, -22.38, -23.4] -20.59  Inventory: [11.0, 14.0, 14.0]  Order: [5.07, 4.99, 4.92] Demand: [5.18]
Reward for thread 2: [-15.97, -22.48, -23.11] -20.52  Inventory: [0.0, 0.0, 0.0]  Order: [7.14, 7.14, 7.1] Demand: [7.01]
Reward for thread 3: [-34.41, -28.75, -27.42] -30.19  Inventory: [10.0, 0.0, 0.0]  Order: [11.14, 11.04, 10.9] Demand: [11.19]
Reward for thread 4: [-33.15, -30.97, -28.38] -30.83  Inventory: [0.0, 0.0, 0.0]  Order: [10.91, 10.86, 10.8] Demand: [11.19]
Reward for thread 5: [-17.51, -22.99, -25.0] -21.83  Inventory: [8.0, 14.0, 0.0]  Order: [4.34, 4.47, 4.46] Demand: [4.465]

Eval average reward:  -30.6005  Eval ordering fluctuation measurement (downstream to upstream):  [1.0619961893556218, 1.1298489343680056, 1.2010620185550904]

 Algo happo Exp ippo_seed11_formal_v1 updates 235/3000 episodes, total num timesteps 236000/3000000, FPS 117.

Reward for thread 1: [-85.95, -38.97, -39.86] -54.93  Inventory: [0.0, 33.0, 21.0]  Order: [13.42, 13.48, 13.37] Demand: [13.505]
Reward for thread 2: [-14.02, -17.77, -19.59] -17.13  Inventory: [38.0, 43.0, 49.0]  Order: [5.66, 5.67, 5.66] Demand: [5.725]
Reward for thread 3: [-21.08, -23.11, -24.01] -22.73  Inventory: [0.0, 0.0, 0.0]  Order: [10.96, 11.19, 11.14] Demand: [11.01]
Reward for thread 4: [-29.79, -34.1, -33.16] -32.35  Inventory: [0.0, 0.0, 0.0]  Order: [8.16, 8.26, 8.33] Demand: [8.67]
Reward for thread 5: [-23.72, -27.95, -26.35] -26.01  Inventory: [5.0, 13.0, 8.0]  Order: [9.96, 10.13, 10.24] Demand: [9.86]

 Algo happo Exp ippo_seed11_formal_v1 updates 236/3000 episodes, total num timesteps 237000/3000000, FPS 117.

Reward for thread 1: [-35.74, -30.24, -31.35] -32.44  Inventory: [0.0, 1.0, 0.0]  Order: [12.48, 12.61, 12.5] Demand: [12.555]
Reward for thread 2: [-30.41, -26.33, -24.39] -27.04  Inventory: [0.0, 0.0, 0.0]  Order: [11.86, 11.99, 11.94] Demand: [12.185]
Reward for thread 3: [-28.58, -27.11, -27.11] -27.6  Inventory: [4.0, 6.0, 0.0]  Order: [13.0, 13.16, 13.05] Demand: [13.085]
Reward for thread 4: [-14.88, -20.29, -20.27] -18.48  Inventory: [0.0, 28.0, 3.0]  Order: [5.88, 5.9, 5.86] Demand: [6.065]
Reward for thread 5: [-28.82, -29.51, -31.56] -29.96  Inventory: [25.0, 32.0, 59.0]  Order: [1.86, 1.78, 1.84] Demand: [1.985]

 Algo happo Exp ippo_seed11_formal_v1 updates 237/3000 episodes, total num timesteps 238000/3000000, FPS 117.

Reward for thread 1: [-115.31, -46.14, -48.73] -70.06  Inventory: [0.0, 0.0, 0.0]  Order: [13.28, 13.32, 13.34] Demand: [15.13]
Reward for thread 2: [-18.94, -23.03, -21.74] -21.24  Inventory: [0.0, 0.0, 0.0]  Order: [10.17, 10.12, 10.02] Demand: [10.14]
Reward for thread 3: [-18.17, -23.97, -27.78] -23.31  Inventory: [3.0, 19.0, 67.0]  Order: [3.62, 3.46, 3.57] Demand: [3.835]
Reward for thread 4: [-16.32, -21.49, -21.87] -19.89  Inventory: [0.0, 0.0, 1.0]  Order: [7.24, 7.16, 7.12] Demand: [7.295]
Reward for thread 5: [-16.97, -22.2, -21.85] -20.34  Inventory: [12.0, 8.0, 6.0]  Order: [9.68, 9.65, 9.62] Demand: [9.675]

 Algo happo Exp ippo_seed11_formal_v1 updates 238/3000 episodes, total num timesteps 239000/3000000, FPS 117.

Reward for thread 1: [-16.63, -22.83, -22.4] -20.62  Inventory: [0.0, 0.0, 0.0]  Order: [6.84, 6.7, 6.6] Demand: [6.765]
Reward for thread 2: [-16.55, -22.09, -24.19] -20.94  Inventory: [24.0, 37.0, 56.0]  Order: [2.38, 2.33, 2.38] Demand: [2.5]
Reward for thread 3: [-77.11, -41.5, -41.45] -53.35  Inventory: [0.0, 0.0, 0.0]  Order: [14.12, 14.23, 14.14] Demand: [14.08]
Reward for thread 4: [-42.73, -29.02, -31.44] -34.4  Inventory: [0.0, 0.0, 0.0]  Order: [13.5, 13.62, 13.61] Demand: [14.375]
Reward for thread 5: [-90.59, -42.25, -44.35] -59.06  Inventory: [0.0, 0.0, 0.0]  Order: [13.92, 13.95, 13.88] Demand: [15.685]

 Algo happo Exp ippo_seed11_formal_v1 updates 239/3000 episodes, total num timesteps 240000/3000000, FPS 117.

Reward for thread 1: [-15.69, -18.76, -18.65] -17.7  Inventory: [21.0, 13.0, 0.0]  Order: [9.33, 9.38, 9.28] Demand: [9.42]
Reward for thread 2: [-22.94, -23.28, -21.66] -22.63  Inventory: [0.0, 0.0, 0.0]  Order: [11.9, 12.07, 12.04] Demand: [11.805]
Reward for thread 3: [-37.14, -36.11, -31.3] -34.85  Inventory: [0.0, 0.0, 0.0]  Order: [10.02, 10.12, 9.95] Demand: [9.945]
Reward for thread 4: [-62.84, -29.67, -33.85] -42.12  Inventory: [0.0, 0.0, 0.0]  Order: [15.24, 15.44, 15.38] Demand: [15.535]
Reward for thread 5: [-45.81, -32.38, -29.86] -36.02  Inventory: [0.0, 0.0, 0.0]  Order: [10.26, 10.28, 10.2] Demand: [11.215]

Eval average reward:  -31.273833333333336  Eval ordering fluctuation measurement (downstream to upstream):  [1.0341615964278992, 1.1278456712809146, 1.2179581282254976]

 Algo happo Exp ippo_seed11_formal_v1 updates 240/3000 episodes, total num timesteps 241000/3000000, FPS 117.

Reward for thread 1: [-14.59, -20.56, -21.9] -19.02  Inventory: [9.0, 21.0, 24.0]  Order: [5.6, 5.6, 5.56] Demand: [5.655]
Reward for thread 2: [-15.42, -21.11, -22.18] -19.57  Inventory: [4.0, 16.0, 4.0]  Order: [6.3, 6.26, 6.14] Demand: [6.385]
Reward for thread 3: [-18.61, -23.95, -24.46] -22.34  Inventory: [2.0, 26.0, 38.0]  Order: [5.75, 5.63, 5.58] Demand: [5.935]
Reward for thread 4: [-27.68, -27.42, -27.47] -27.52  Inventory: [0.0, 0.0, 0.0]  Order: [11.18, 11.13, 11.06] Demand: [11.28]
Reward for thread 5: [-20.92, -28.86, -26.07] -25.28  Inventory: [24.0, 37.0, 37.0]  Order: [3.64, 3.62, 3.58] Demand: [3.765]

 Algo happo Exp ippo_seed11_formal_v1 updates 241/3000 episodes, total num timesteps 242000/3000000, FPS 117.

Reward for thread 1: [-14.76, -20.19, -21.07] -18.67  Inventory: [4.0, 13.0, 0.0]  Order: [5.96, 5.98, 5.85] Demand: [6.12]
Reward for thread 2: [-25.66, -28.04, -26.46] -26.72  Inventory: [0.0, 0.0, 0.0]  Order: [10.57, 10.74, 10.68] Demand: [10.63]
Reward for thread 3: [-18.68, -25.54, -25.74] -23.32  Inventory: [0.0, 0.0, 17.0]  Order: [5.68, 5.5, 5.44] Demand: [5.8]
Reward for thread 4: [-29.23, -26.94, -24.43] -26.87  Inventory: [0.0, 0.0, 0.0]  Order: [11.72, 11.8, 11.78] Demand: [12.07]
Reward for thread 5: [-14.16, -19.49, -19.82] -17.82  Inventory: [15.0, 11.0, 10.0]  Order: [5.62, 5.52, 5.32] Demand: [5.675]

 Algo happo Exp ippo_seed11_formal_v1 updates 242/3000 episodes, total num timesteps 243000/3000000, FPS 117.

Reward for thread 1: [-14.02, -19.11, -20.94] -18.02  Inventory: [20.0, 23.0, 34.0]  Order: [4.88, 4.78, 4.72] Demand: [4.99]
Reward for thread 2: [-76.46, -42.13, -40.11] -52.9  Inventory: [0.0, 0.0, 0.0]  Order: [14.9, 15.08, 15.01] Demand: [16.325]
Reward for thread 3: [-77.6, -37.92, -40.62] -52.05  Inventory: [0.0, 0.0, 0.0]  Order: [14.94, 15.03, 14.94] Demand: [15.92]
Reward for thread 4: [-17.05, -21.88, -25.83] -21.59  Inventory: [18.0, 31.0, 38.0]  Order: [6.48, 6.4, 6.36] Demand: [6.63]
Reward for thread 5: [-32.4, -25.04, -27.41] -28.28  Inventory: [0.0, 0.0, 0.0]  Order: [12.14, 12.04, 11.95] Demand: [12.185]

 Algo happo Exp ippo_seed11_formal_v1 updates 243/3000 episodes, total num timesteps 244000/3000000, FPS 117.

Reward for thread 1: [-15.32, -21.57, -20.94] -19.28  Inventory: [3.0, 33.0, 36.0]  Order: [7.29, 7.2, 7.15] Demand: [7.495]
Reward for thread 2: [-76.36, -34.86, -38.01] -49.74  Inventory: [0.0, 0.0, 0.0]  Order: [13.82, 13.88, 13.86] Demand: [13.91]
Reward for thread 3: [-23.09, -28.26, -27.98] -26.44  Inventory: [4.0, 17.0, 25.0]  Order: [9.99, 9.97, 9.93] Demand: [10.09]
Reward for thread 4: [-12.58, -18.56, -19.29] -16.81  Inventory: [8.0, 13.0, 15.0]  Order: [6.88, 6.8, 6.83] Demand: [7.005]
Reward for thread 5: [-23.57, -30.91, -30.18] -28.22  Inventory: [9.0, 36.0, 58.0]  Order: [8.38, 8.32, 8.44] Demand: [8.585]

 Algo happo Exp ippo_seed11_formal_v1 updates 244/3000 episodes, total num timesteps 245000/3000000, FPS 117.

Reward for thread 1: [-13.75, -17.24, -18.24] -16.41  Inventory: [14.0, 14.0, 15.0]  Order: [8.79, 8.84, 8.68] Demand: [8.825]
Reward for thread 2: [-14.23, -21.39, -24.76] -20.13  Inventory: [16.0, 21.0, 30.0]  Order: [2.22, 2.15, 2.08] Demand: [2.39]
Reward for thread 3: [-14.6, -19.66, -23.13] -19.13  Inventory: [16.0, 5.0, 5.0]  Order: [3.48, 3.42, 3.3] Demand: [3.57]
Reward for thread 4: [-18.11, -19.17, -20.9] -19.39  Inventory: [9.0, 1.0, 49.0]  Order: [10.26, 10.2, 10.24] Demand: [10.25]
Reward for thread 5: [-17.03, -21.0, -22.18] -20.07  Inventory: [10.0, 14.0, 0.0]  Order: [8.52, 8.52, 8.53] Demand: [8.61]

Eval average reward:  -30.640666666666664  Eval ordering fluctuation measurement (downstream to upstream):  [0.9454580784752069, 1.1472982869008406, 1.2097798143089546]

 Algo happo Exp ippo_seed11_formal_v1 updates 245/3000 episodes, total num timesteps 246000/3000000, FPS 117.

Reward for thread 1: [-23.62, -29.18, -29.59] -27.46  Inventory: [5.0, 16.0, 10.0]  Order: [8.1, 8.09, 8.04] Demand: [8.21]
Reward for thread 2: [-14.71, -20.77, -22.96] -19.48  Inventory: [23.0, 23.0, 29.0]  Order: [4.41, 4.3, 4.21] Demand: [4.54]
Reward for thread 3: [-25.52, -25.91, -26.8] -26.08  Inventory: [8.0, 16.0, 4.0]  Order: [9.51, 9.52, 9.57] Demand: [9.615]
Reward for thread 4: [-46.08, -32.68, -34.17] -37.64  Inventory: [13.0, 14.0, 19.0]  Order: [12.9, 12.87, 12.82] Demand: [12.94]
Reward for thread 5: [-17.76, -19.49, -20.3] -19.18  Inventory: [1.0, 9.0, 17.0]  Order: [7.46, 7.41, 7.38] Demand: [7.595]

 Algo happo Exp ippo_seed11_formal_v1 updates 246/3000 episodes, total num timesteps 247000/3000000, FPS 117.

Reward for thread 1: [-22.75, -25.46, -23.86] -24.02  Inventory: [20.0, 34.0, 33.0]  Order: [10.06, 10.03, 10.05] Demand: [10.15]
Reward for thread 2: [-23.54, -27.4, -25.63] -25.52  Inventory: [9.0, 29.0, 40.0]  Order: [9.53, 9.44, 9.41] Demand: [9.62]
Reward for thread 3: [-11.48, -17.49, -18.1] -15.69  Inventory: [7.0, 32.0, 37.0]  Order: [4.66, 4.6, 4.54] Demand: [4.84]
Reward for thread 4: [-12.89, -17.35, -18.9] -16.38  Inventory: [8.0, 27.0, 32.0]  Order: [8.02, 7.93, 8.1] Demand: [8.13]
Reward for thread 5: [-60.67, -32.37, -33.16] -42.07  Inventory: [0.0, 9.0, 0.0]  Order: [13.64, 13.64, 13.57] Demand: [13.755]

 Algo happo Exp ippo_seed11_formal_v1 updates 247/3000 episodes, total num timesteps 248000/3000000, FPS 117.

Reward for thread 1: [-63.59, -32.59, -35.25] -43.81  Inventory: [0.0, 0.0, 0.0]  Order: [14.24, 14.42, 14.42] Demand: [15.145]
Reward for thread 2: [-23.44, -23.54, -24.47] -23.82  Inventory: [8.0, 1.0, 3.0]  Order: [9.86, 9.82, 9.76] Demand: [9.97]
Reward for thread 3: [-33.97, -25.96, -26.39] -28.77  Inventory: [0.0, 0.0, 0.0]  Order: [11.58, 11.66, 11.61] Demand: [11.97]
Reward for thread 4: [-13.78, -20.51, -21.36] -18.55  Inventory: [14.0, 21.0, 31.0]  Order: [2.89, 2.78, 2.69] Demand: [3.04]
Reward for thread 5: [-126.22, -48.03, -46.99] -73.75  Inventory: [0.0, 17.0, 0.0]  Order: [14.98, 15.07, 15.0] Demand: [17.055]

 Algo happo Exp ippo_seed11_formal_v1 updates 248/3000 episodes, total num timesteps 249000/3000000, FPS 117.

Reward for thread 1: [-21.87, -19.06, -21.01] -20.65  Inventory: [0.0, 39.0, 34.0]  Order: [11.85, 11.94, 11.95] Demand: [11.94]
Reward for thread 2: [-16.94, -25.87, -22.98] -21.93  Inventory: [1.0, 67.0, 35.0]  Order: [4.2, 4.28, 4.27] Demand: [4.425]
Reward for thread 3: [-44.2, -48.32, -54.93] -49.15  Inventory: [92.0, 32.0, 130.0]  Order: [2.42, 2.33, 2.74] Demand: [2.2]
Reward for thread 4: [-12.98, -18.85, -22.45] -18.09  Inventory: [7.0, 0.0, 2.0]  Order: [5.46, 5.32, 5.2] Demand: [5.54]
Reward for thread 5: [-23.91, -26.26, -26.26] -25.48  Inventory: [21.0, 34.0, 70.0]  Order: [9.65, 9.57, 9.68] Demand: [9.79]

 Algo happo Exp ippo_seed11_formal_v1 updates 249/3000 episodes, total num timesteps 250000/3000000, FPS 117.

Reward for thread 1: [-15.24, -18.77, -21.43] -18.48  Inventory: [0.0, 8.0, 23.0]  Order: [6.9, 6.86, 6.87] Demand: [7.]
Reward for thread 2: [-59.68, -29.71, -31.39] -40.26  Inventory: [0.0, 0.0, 0.0]  Order: [15.45, 15.58, 15.58] Demand: [15.995]
Reward for thread 3: [-19.95, -23.49, -24.07] -22.5  Inventory: [26.0, 35.0, 31.0]  Order: [10.02, 10.01, 9.98] Demand: [10.07]
Reward for thread 4: [-14.13, -19.15, -20.24] -17.84  Inventory: [0.0, 0.0, 0.0]  Order: [5.08, 5.04, 4.88] Demand: [5.155]
Reward for thread 5: [-34.89, -27.79, -26.92] -29.87  Inventory: [7.0, 14.0, 0.0]  Order: [11.94, 11.94, 11.85] Demand: [11.97]

Eval average reward:  -25.0915  Eval ordering fluctuation measurement (downstream to upstream):  [0.8020704026995269, 1.0197282418237337, 1.166885181380992]
A better model is saved!

 Algo happo Exp ippo_seed11_formal_v1 updates 250/3000 episodes, total num timesteps 251000/3000000, FPS 117.

Reward for thread 1: [-15.72, -22.31, -23.94] -20.66  Inventory: [22.0, 39.0, 40.0]  Order: [2.8, 2.77, 2.78] Demand: [2.905]
Reward for thread 2: [-15.29, -23.06, -26.01] -21.45  Inventory: [8.0, 10.0, 43.0]  Order: [5.28, 5.12, 5.14] Demand: [5.38]
Reward for thread 3: [-17.56, -23.36, -26.33] -22.42  Inventory: [15.0, 32.0, 54.0]  Order: [4.74, 4.65, 4.67] Demand: [4.91]
Reward for thread 4: [-20.65, -20.8, -18.74] -20.06  Inventory: [0.0, 0.0, 0.0]  Order: [10.6, 10.53, 10.52] Demand: [10.92]
Reward for thread 5: [-29.0, -29.2, -29.43] -29.21  Inventory: [28.0, 17.0, 22.0]  Order: [10.85, 10.76, 10.7] Demand: [10.96]

 Algo happo Exp ippo_seed11_formal_v1 updates 251/3000 episodes, total num timesteps 252000/3000000, FPS 117.

Reward for thread 1: [-60.83, -34.51, -30.18] -41.84  Inventory: [0.0, 0.0, 0.0]  Order: [13.58, 13.61, 13.66] Demand: [13.775]
Reward for thread 2: [-46.62, -22.03, -23.74] -30.8  Inventory: [0.0, 13.0, 0.0]  Order: [11.69, 11.91, 11.9] Demand: [12.775]
Reward for thread 3: [-56.7, -35.99, -30.25] -40.98  Inventory: [0.0, 0.0, 0.0]  Order: [13.26, 13.24, 13.24] Demand: [13.165]
Reward for thread 4: [-16.23, -22.02, -24.38] -20.88  Inventory: [0.0, 0.0, 0.0]  Order: [6.2, 6.31, 6.1] Demand: [6.055]
Reward for thread 5: [-27.2, -21.48, -21.36] -23.35  Inventory: [0.0, 0.0, 0.0]  Order: [11.62, 11.6, 11.64] Demand: [12.255]

 Algo happo Exp ippo_seed11_formal_v1 updates 252/3000 episodes, total num timesteps 253000/3000000, FPS 117.

Reward for thread 1: [-17.08, -21.4, -21.09] -19.86  Inventory: [20.0, 24.0, 24.0]  Order: [7.74, 7.7, 7.65] Demand: [7.865]
Reward for thread 2: [-13.92, -22.12, -21.92] -19.32  Inventory: [5.0, 21.0, 29.0]  Order: [3.45, 3.34, 3.24] Demand: [3.625]
Reward for thread 3: [-30.57, -22.03, -21.85] -24.82  Inventory: [7.0, 33.0, 0.0]  Order: [12.82, 12.88, 12.86] Demand: [12.865]
Reward for thread 4: [-13.22, -17.9, -20.0] -17.04  Inventory: [0.0, 6.0, 0.0]  Order: [7.37, 7.37, 7.26] Demand: [7.395]
Reward for thread 5: [-19.79, -23.64, -20.45] -21.29  Inventory: [0.0, 8.0, 0.0]  Order: [9.38, 9.41, 9.3] Demand: [9.505]

 Algo happo Exp ippo_seed11_formal_v1 updates 253/3000 episodes, total num timesteps 254000/3000000, FPS 117.

Reward for thread 1: [-16.99, -26.99, -25.5] -23.16  Inventory: [16.0, 35.0, 21.0]  Order: [5.0, 4.96, 4.82] Demand: [5.155]
Reward for thread 2: [-15.14, -18.11, -17.37] -16.87  Inventory: [8.0, 32.0, 10.0]  Order: [9.25, 9.24, 9.18] Demand: [9.36]
Reward for thread 3: [-15.54, -22.56, -22.35] -20.15  Inventory: [5.0, 35.0, 31.0]  Order: [3.19, 3.12, 3.04] Demand: [3.415]
Reward for thread 4: [-15.39, -21.64, -26.04] -21.02  Inventory: [20.0, 39.0, 51.0]  Order: [4.24, 4.18, 4.2] Demand: [4.335]
Reward for thread 5: [-24.56, -24.24, -22.89] -23.9  Inventory: [0.0, 28.0, 28.0]  Order: [10.71, 10.77, 10.69] Demand: [10.9]

 Algo happo Exp ippo_seed11_formal_v1 updates 254/3000 episodes, total num timesteps 255000/3000000, FPS 117.

Reward for thread 1: [-15.21, -20.48, -22.39] -19.36  Inventory: [0.0, 0.0, 0.0]  Order: [5.16, 5.14, 5.01] Demand: [5.18]
Reward for thread 2: [-19.9, -22.91, -22.41] -21.74  Inventory: [8.0, 25.0, 15.0]  Order: [9.56, 9.48, 9.46] Demand: [9.655]
Reward for thread 3: [-84.02, -45.58, -41.71] -57.1  Inventory: [0.0, 0.0, 0.0]  Order: [13.92, 14.0, 14.0] Demand: [14.045]
Reward for thread 4: [-18.56, -25.51, -28.11] -24.06  Inventory: [16.0, 33.0, 16.0]  Order: [5.85, 5.87, 5.78] Demand: [5.99]
Reward for thread 5: [-19.67, -21.05, -19.93] -20.22  Inventory: [0.0, 0.0, 0.0]  Order: [10.7, 10.72, 10.66] Demand: [10.685]

Eval average reward:  -23.259416666666667  Eval ordering fluctuation measurement (downstream to upstream):  [0.8469223793466284, 1.0081383636768015, 1.142569576397826]
A better model is saved!

 Algo happo Exp ippo_seed11_formal_v1 updates 255/3000 episodes, total num timesteps 256000/3000000, FPS 117.

Reward for thread 1: [-13.78, -18.3, -19.93] -17.34  Inventory: [7.0, 24.0, 0.0]  Order: [4.93, 4.94, 4.88] Demand: [5.04]
Reward for thread 2: [-14.0, -22.76, -21.44] -19.4  Inventory: [22.0, 28.0, 22.0]  Order: [4.11, 4.02, 3.93] Demand: [4.215]
Reward for thread 3: [-31.29, -28.45, -28.04] -29.26  Inventory: [0.0, 0.0, 0.0]  Order: [11.46, 11.48, 11.45] Demand: [11.565]
Reward for thread 4: [-23.44, -18.95, -20.98] -21.12  Inventory: [11.0, 0.0, 6.0]  Order: [10.1, 10.02, 9.9] Demand: [10.22]
Reward for thread 5: [-27.57, -23.54, -22.54] -24.55  Inventory: [0.0, 0.0, 0.0]  Order: [11.1, 11.08, 11.1] Demand: [11.635]

 Algo happo Exp ippo_seed11_formal_v1 updates 256/3000 episodes, total num timesteps 257000/3000000, FPS 117.

Reward for thread 1: [-11.04, -16.02, -16.91] -14.66  Inventory: [0.0, 3.0, 26.0]  Order: [5.78, 5.76, 5.72] Demand: [5.825]
Reward for thread 2: [-48.78, -27.6, -28.6] -34.99  Inventory: [16.0, 47.0, 56.0]  Order: [12.14, 12.18, 12.24] Demand: [12.225]
Reward for thread 3: [-27.42, -23.8, -22.55] -24.59  Inventory: [0.0, 0.0, 0.0]  Order: [11.62, 11.54, 11.48] Demand: [11.855]
Reward for thread 4: [-79.96, -33.34, -35.83] -49.71  Inventory: [0.0, 0.0, 0.0]  Order: [14.0, 14.18, 14.2] Demand: [15.065]
Reward for thread 5: [-13.4, -20.24, -22.41] -18.68  Inventory: [0.0, 0.0, 0.0]  Order: [4.44, 4.37, 4.27] Demand: [4.54]

 Algo happo Exp ippo_seed11_formal_v1 updates 257/3000 episodes, total num timesteps 258000/3000000, FPS 117.

Reward for thread 1: [-23.12, -25.87, -24.9] -24.63  Inventory: [0.0, 3.0, 0.0]  Order: [11.92, 11.96, 11.87] Demand: [12.06]
Reward for thread 2: [-13.39, -20.14, -21.2] -18.24  Inventory: [17.0, 21.0, 23.0]  Order: [6.53, 6.48, 6.4] Demand: [6.655]
Reward for thread 3: [-14.87, -21.8, -25.42] -20.7  Inventory: [9.0, 22.0, 41.0]  Order: [3.16, 3.02, 3.0] Demand: [3.355]
Reward for thread 4: [-17.31, -21.55, -21.82] -20.23  Inventory: [26.0, 34.0, 38.0]  Order: [7.08, 7.11, 7.06] Demand: [7.11]
Reward for thread 5: [-14.7, -19.61, -22.12] -18.81  Inventory: [15.0, 42.0, 60.0]  Order: [7.3, 7.28, 7.36] Demand: [7.435]

 Algo happo Exp ippo_seed11_formal_v1 updates 258/3000 episodes, total num timesteps 259000/3000000, FPS 117.

Reward for thread 1: [-19.85, -19.18, -21.7] -20.24  Inventory: [10.0, 0.0, 4.0]  Order: [7.92, 7.85, 7.68] Demand: [8.02]
Reward for thread 2: [-24.43, -22.15, -23.17] -23.25  Inventory: [0.0, 0.0, 0.0]  Order: [10.45, 10.56, 10.56] Demand: [10.965]
Reward for thread 3: [-13.03, -15.46, -18.3] -15.6  Inventory: [0.0, 0.0, 0.0]  Order: [8.6, 8.52, 8.5] Demand: [8.595]
Reward for thread 4: [-40.91, -23.73, -25.04] -29.89  Inventory: [0.0, 0.0, 0.0]  Order: [13.32, 13.33, 13.32] Demand: [14.17]
Reward for thread 5: [-21.61, -30.46, -37.99] -30.02  Inventory: [7.0, 15.0, 12.0]  Order: [3.12, 2.96, 2.87] Demand: [3.25]

 Algo happo Exp ippo_seed11_formal_v1 updates 259/3000 episodes, total num timesteps 260000/3000000, FPS 117.

Reward for thread 1: [-55.81, -29.91, -30.61] -38.78  Inventory: [9.0, 7.0, 2.0]  Order: [12.55, 12.52, 12.41] Demand: [12.66]
Reward for thread 2: [-123.78, -46.46, -46.99] -72.41  Inventory: [0.0, 0.0, 0.0]  Order: [14.24, 14.17, 14.22] Demand: [16.175]
Reward for thread 3: [-17.73, -20.96, -22.57] -20.42  Inventory: [0.0, 0.0, 0.0]  Order: [9.44, 9.48, 9.36] Demand: [9.505]
Reward for thread 4: [-125.18, -52.46, -49.1] -75.58  Inventory: [0.0, 0.0, 0.0]  Order: [15.92, 15.88, 15.88] Demand: [17.51]
Reward for thread 5: [-12.61, -18.77, -20.51] -17.3  Inventory: [5.0, 6.0, 0.0]  Order: [6.5, 6.44, 6.3] Demand: [6.555]

Eval average reward:  -25.96525  Eval ordering fluctuation measurement (downstream to upstream):  [0.8013927500211688, 1.0725063717410757, 1.0830786610204772]

 Algo happo Exp ippo_seed11_formal_v1 updates 260/3000 episodes, total num timesteps 261000/3000000, FPS 117.

Reward for thread 1: [-62.5, -32.52, -32.71] -42.58  Inventory: [0.0, 0.0, 0.0]  Order: [14.16, 14.36, 14.3] Demand: [15.42]
Reward for thread 2: [-17.45, -20.18, -24.81] -20.81  Inventory: [0.0, 0.0, 0.0]  Order: [9.64, 9.9, 9.84] Demand: [9.61]
Reward for thread 3: [-40.6, -27.43, -26.07] -31.37  Inventory: [0.0, 0.0, 0.0]  Order: [12.2, 12.09, 11.94] Demand: [12.11]
Reward for thread 4: [-67.92, -36.25, -32.22] -45.46  Inventory: [0.0, 0.0, 0.0]  Order: [12.27, 12.32, 12.27] Demand: [13.935]
Reward for thread 5: [-13.35, -17.65, -21.21] -17.4  Inventory: [0.0, 5.0, 0.0]  Order: [5.7, 5.68, 5.57] Demand: [5.815]

 Algo happo Exp ippo_seed11_formal_v1 updates 261/3000 episodes, total num timesteps 262000/3000000, FPS 117.

Reward for thread 1: [-13.92, -20.08, -24.24] -19.41  Inventory: [14.0, 15.0, 14.0]  Order: [3.37, 3.26, 3.2] Demand: [3.5]
Reward for thread 2: [-11.57, -15.43, -19.86] -15.62  Inventory: [0.0, 0.0, 0.0]  Order: [7.32, 7.34, 7.34] Demand: [7.28]
Reward for thread 3: [-17.85, -23.44, -36.99] -26.09  Inventory: [9.0, 26.0, 29.0]  Order: [3.32, 3.21, 3.2] Demand: [3.475]
Reward for thread 4: [-15.08, -18.43, -23.41] -18.97  Inventory: [0.0, 31.0, 38.0]  Order: [7.2, 7.2, 7.26] Demand: [7.285]
Reward for thread 5: [-17.81, -24.1, -27.8] -23.24  Inventory: [4.0, 24.0, 58.0]  Order: [6.66, 6.52, 6.59] Demand: [6.84]

 Algo happo Exp ippo_seed11_formal_v1 updates 262/3000 episodes, total num timesteps 263000/3000000, FPS 117.

Reward for thread 1: [-14.92, -18.29, -19.34] -17.52  Inventory: [11.0, 30.0, 20.0]  Order: [9.19, 9.14, 9.14] Demand: [9.255]
Reward for thread 2: [-15.18, -19.86, -23.58] -19.54  Inventory: [0.0, 17.0, 34.0]  Order: [5.01, 4.92, 4.89] Demand: [5.165]
Reward for thread 3: [-17.05, -22.6, -23.48] -21.04  Inventory: [13.0, 25.0, 38.0]  Order: [7.79, 7.74, 7.7] Demand: [7.945]
Reward for thread 4: [-12.58, -17.23, -20.54] -16.78  Inventory: [8.0, 13.0, 37.0]  Order: [4.93, 4.8, 4.74] Demand: [4.99]
Reward for thread 5: [-16.67, -24.52, -29.45] -23.55  Inventory: [11.0, 41.0, 50.0]  Order: [2.81, 2.76, 2.76] Demand: [3.005]

 Algo happo Exp ippo_seed11_formal_v1 updates 263/3000 episodes, total num timesteps 264000/3000000, FPS 117.

Reward for thread 1: [-25.16, -25.7, -22.03] -24.3  Inventory: [0.0, 0.0, 0.0]  Order: [10.97, 10.9, 10.9] Demand: [10.815]
Reward for thread 2: [-16.75, -21.71, -22.03] -20.16  Inventory: [0.0, 19.0, 13.0]  Order: [7.43, 7.5, 7.53] Demand: [7.435]
Reward for thread 3: [-125.59, -47.65, -45.97] -73.07  Inventory: [0.0, 0.0, 0.0]  Order: [14.72, 14.74, 14.76] Demand: [16.305]
Reward for thread 4: [-30.89, -21.01, -21.68] -24.53  Inventory: [0.0, 0.0, 0.0]  Order: [11.82, 11.97, 11.91] Demand: [12.36]
Reward for thread 5: [-13.9, -18.78, -22.14] -18.27  Inventory: [8.0, 4.0, 31.0]  Order: [5.2, 5.0, 5.03] Demand: [5.3]

 Algo happo Exp ippo_seed11_formal_v1 updates 264/3000 episodes, total num timesteps 265000/3000000, FPS 117.

Reward for thread 1: [-13.47, -19.86, -25.83] -19.72  Inventory: [8.0, 44.0, 45.0]  Order: [3.86, 3.86, 3.88] Demand: [3.975]
Reward for thread 2: [-13.52, -19.16, -19.98] -17.55  Inventory: [8.0, 0.0, 0.0]  Order: [8.33, 8.3, 8.36] Demand: [8.3]
Reward for thread 3: [-16.78, -25.84, -30.39] -24.34  Inventory: [0.0, 18.0, 82.0]  Order: [3.2, 3.04, 3.22] Demand: [3.385]
Reward for thread 4: [-52.89, -27.33, -30.44] -36.89  Inventory: [0.0, 16.0, 0.0]  Order: [12.02, 12.18, 12.2] Demand: [13.425]
Reward for thread 5: [-27.69, -25.32, -21.67] -24.89  Inventory: [13.0, 35.0, 44.0]  Order: [11.04, 11.02, 11.0] Demand: [11.19]

Eval average reward:  -24.8575  Eval ordering fluctuation measurement (downstream to upstream):  [0.7913190034317239, 1.019465973050472, 1.1543595452696835]

 Algo happo Exp ippo_seed11_formal_v1 updates 265/3000 episodes, total num timesteps 266000/3000000, FPS 117.

Reward for thread 1: [-12.22, -16.91, -19.58] -16.24  Inventory: [9.0, 14.0, 42.0]  Order: [4.2, 4.04, 4.01] Demand: [4.325]
Reward for thread 2: [-14.34, -19.86, -24.45] -19.55  Inventory: [0.0, 0.0, 0.0]  Order: [6.78, 6.74, 6.64] Demand: [6.56]
Reward for thread 3: [-13.25, -18.82, -22.63] -18.23  Inventory: [8.0, 2.0, 0.0]  Order: [3.91, 4.08, 3.86] Demand: [4.03]
Reward for thread 4: [-18.6, -22.1, -20.88] -20.53  Inventory: [13.0, 42.0, 34.0]  Order: [11.74, 11.82, 11.77] Demand: [11.78]
Reward for thread 5: [-16.27, -22.06, -21.33] -19.89  Inventory: [8.0, 28.0, 15.0]  Order: [6.86, 6.8, 6.67] Demand: [7.06]

 Algo happo Exp ippo_seed11_formal_v1 updates 266/3000 episodes, total num timesteps 267000/3000000, FPS 117.

Reward for thread 1: [-12.18, -16.74, -19.37] -16.1  Inventory: [0.0, 0.0, 0.0]  Order: [6.6, 6.5, 6.45] Demand: [6.64]
Reward for thread 2: [-42.97, -24.32, -24.45] -30.58  Inventory: [0.0, 6.0, 0.0]  Order: [13.94, 14.11, 14.13] Demand: [14.495]
Reward for thread 3: [-24.95, -22.27, -22.82] -23.35  Inventory: [0.0, 0.0, 3.0]  Order: [10.58, 10.64, 10.64] Demand: [10.725]
Reward for thread 4: [-12.07, -17.28, -18.51] -15.95  Inventory: [14.0, 40.0, 37.0]  Order: [4.8, 4.75, 4.71] Demand: [4.97]
Reward for thread 5: [-20.92, -27.69, -27.23] -25.28  Inventory: [32.0, 39.0, 44.0]  Order: [6.46, 6.42, 6.38] Demand: [6.54]

 Algo happo Exp ippo_seed11_formal_v1 updates 267/3000 episodes, total num timesteps 268000/3000000, FPS 117.

Reward for thread 1: [-15.52, -22.7, -23.65] -20.62  Inventory: [19.0, 37.0, 35.0]  Order: [2.84, 2.78, 2.71] Demand: [2.995]
Reward for thread 2: [-17.32, -19.72, -19.76] -18.93  Inventory: [12.0, 18.0, 27.0]  Order: [10.24, 10.14, 10.08] Demand: [10.315]
Reward for thread 3: [-42.54, -20.52, -22.79] -28.62  Inventory: [0.0, 10.0, 0.0]  Order: [14.29, 14.52, 14.56] Demand: [14.335]
Reward for thread 4: [-11.68, -16.25, -17.08] -15.0  Inventory: [1.0, 0.0, 0.0]  Order: [6.76, 6.69, 6.54] Demand: [6.73]
Reward for thread 5: [-21.1, -24.15, -22.48] -22.58  Inventory: [0.0, 17.0, 23.0]  Order: [5.94, 5.82, 5.71] Demand: [6.14]

 Algo happo Exp ippo_seed11_formal_v1 updates 268/3000 episodes, total num timesteps 269000/3000000, FPS 117.

Reward for thread 1: [-120.23, -73.99, -50.18] -81.47  Inventory: [0.0, 0.0, 0.0]  Order: [14.86, 14.66, 14.66] Demand: [15.22]
Reward for thread 2: [-15.21, -20.81, -21.66] -19.23  Inventory: [2.0, 37.0, 50.0]  Order: [9.1, 9.04, 9.07] Demand: [9.3]
Reward for thread 3: [-11.88, -16.09, -16.96] -14.98  Inventory: [4.0, 0.0, 0.0]  Order: [9.4, 9.38, 9.32] Demand: [9.505]
Reward for thread 4: [-24.87, -19.48, -20.53] -21.63  Inventory: [0.0, 0.0, 0.0]  Order: [13.63, 13.76, 13.73] Demand: [13.715]
Reward for thread 5: [-42.87, -31.05, -26.32] -33.41  Inventory: [0.0, 0.0, 0.0]  Order: [13.92, 13.92, 13.92] Demand: [13.985]

 Algo happo Exp ippo_seed11_formal_v1 updates 269/3000 episodes, total num timesteps 270000/3000000, FPS 117.

Reward for thread 1: [-16.17, -22.67, -24.52] -21.12  Inventory: [1.0, 21.0, 38.0]  Order: [5.6, 5.56, 5.5] Demand: [5.735]
Reward for thread 2: [-48.47, -29.2, -30.32] -36.0  Inventory: [0.0, 0.0, 0.0]  Order: [13.8, 13.92, 13.94] Demand: [14.9]
Reward for thread 3: [-66.71, -36.36, -32.48] -45.18  Inventory: [0.0, 0.0, 0.0]  Order: [12.48, 12.58, 12.63] Demand: [12.845]
Reward for thread 4: [-28.24, -32.92, -42.48] -34.55  Inventory: [6.0, 20.0, 72.0]  Order: [4.05, 3.9, 4.01] Demand: [4.235]
Reward for thread 5: [-14.47, -20.21, -20.78] -18.49  Inventory: [0.0, 0.0, 10.0]  Order: [8.02, 7.96, 7.82] Demand: [8.145]

Eval average reward:  -28.549083333333336  Eval ordering fluctuation measurement (downstream to upstream):  [0.7801996839158093, 1.0822345209543371, 1.1484166193574035]

 Algo happo Exp ippo_seed11_formal_v1 updates 270/3000 episodes, total num timesteps 271000/3000000, FPS 117.

Reward for thread 1: [-38.79, -26.66, -29.89] -31.78  Inventory: [0.0, 0.0, 0.0]  Order: [12.1, 12.32, 12.28] Demand: [12.83]
Reward for thread 2: [-13.99, -21.57, -24.79] -20.12  Inventory: [2.0, 16.0, 16.0]  Order: [2.28, 2.15, 2.09] Demand: [2.46]
Reward for thread 3: [-39.05, -24.32, -26.41] -29.93  Inventory: [0.0, 0.0, 0.0]  Order: [13.63, 13.72, 13.76] Demand: [13.88]
Reward for thread 4: [-27.63, -34.4, -32.4] -31.48  Inventory: [1.0, 36.0, 34.0]  Order: [5.89, 5.84, 5.76] Demand: [6.075]
Reward for thread 5: [-13.34, -19.67, -21.28] -18.1  Inventory: [4.0, 11.0, 16.0]  Order: [6.9, 6.84, 6.68] Demand: [6.935]

 Algo happo Exp ippo_seed11_formal_v1 updates 271/3000 episodes, total num timesteps 272000/3000000, FPS 117.

Reward for thread 1: [-32.92, -25.46, -25.58] -27.99  Inventory: [9.0, 22.0, 23.0]  Order: [12.28, 12.22, 12.09] Demand: [12.395]
Reward for thread 2: [-35.62, -27.68, -28.27] -30.52  Inventory: [0.0, 45.0, 26.0]  Order: [12.22, 12.45, 12.54] Demand: [12.455]
Reward for thread 3: [-12.8, -19.43, -23.73] -18.65  Inventory: [1.0, 15.0, 31.0]  Order: [3.91, 3.83, 3.82] Demand: [4.14]
Reward for thread 4: [-14.84, -20.26, -24.67] -19.92  Inventory: [23.0, 24.0, 15.0]  Order: [5.52, 5.68, 5.6] Demand: [5.635]
Reward for thread 5: [-15.22, -21.27, -24.7] -20.4  Inventory: [13.0, 39.0, 48.0]  Order: [5.38, 5.32, 5.33] Demand: [5.465]

 Algo happo Exp ippo_seed11_formal_v1 updates 272/3000 episodes, total num timesteps 273000/3000000, FPS 117.

Reward for thread 1: [-17.5, -19.91, -22.33] -19.91  Inventory: [11.0, 21.0, 16.0]  Order: [7.19, 7.06, 6.98] Demand: [7.37]
Reward for thread 2: [-15.22, -19.68, -22.55] -19.15  Inventory: [15.0, 4.0, 15.0]  Order: [8.6, 8.58, 8.52] Demand: [8.655]
Reward for thread 3: [-11.71, -16.78, -20.05] -16.18  Inventory: [15.0, 3.0, 0.0]  Order: [7.01, 7.02, 6.82] Demand: [7.075]
Reward for thread 4: [-12.15, -16.47, -19.7] -16.11  Inventory: [4.0, 7.0, 33.0]  Order: [3.89, 3.72, 3.64] Demand: [4.075]
Reward for thread 5: [-34.94, -23.38, -27.18] -28.5  Inventory: [0.0, 0.0, 0.0]  Order: [9.55, 9.7, 9.72] Demand: [10.415]

 Algo happo Exp ippo_seed11_formal_v1 updates 273/3000 episodes, total num timesteps 274000/3000000, FPS 117.

Reward for thread 1: [-62.2, -30.3, -33.7] -42.07  Inventory: [11.0, 18.0, 78.0]  Order: [14.56, 14.41, 14.57] Demand: [14.645]
Reward for thread 2: [-17.01, -21.62, -23.27] -20.63  Inventory: [5.0, 14.0, 28.0]  Order: [7.53, 7.38, 7.28] Demand: [7.715]
Reward for thread 3: [-49.11, -34.33, -33.37] -38.94  Inventory: [0.0, 15.0, 0.0]  Order: [12.88, 13.02, 13.09] Demand: [13.65]
Reward for thread 4: [-23.73, -22.14, -28.37] -24.75  Inventory: [9.0, 10.0, 36.0]  Order: [9.26, 9.1, 9.1] Demand: [9.375]
Reward for thread 5: [-96.37, -36.26, -36.78] -56.47  Inventory: [0.0, 0.0, 0.0]  Order: [15.6, 15.68, 15.71] Demand: [16.315]

 Algo happo Exp ippo_seed11_formal_v1 updates 274/3000 episodes, total num timesteps 275000/3000000, FPS 117.

Reward for thread 1: [-44.01, -26.88, -29.79] -33.56  Inventory: [0.0, 0.0, 0.0]  Order: [13.03, 13.2, 13.12] Demand: [13.01]
Reward for thread 2: [-17.71, -24.25, -23.9] -21.95  Inventory: [8.0, 5.0, 34.0]  Order: [7.64, 7.52, 7.44] Demand: [7.705]
Reward for thread 3: [-13.55, -18.18, -20.37] -17.37  Inventory: [13.0, 26.0, 22.0]  Order: [7.2, 7.16, 7.1] Demand: [7.32]
Reward for thread 4: [-16.16, -24.12, -26.99] -22.42  Inventory: [16.0, 19.0, 52.0]  Order: [5.26, 5.11, 5.12] Demand: [5.43]
Reward for thread 5: [-16.77, -21.47, -24.28] -20.84  Inventory: [32.0, 23.0, 42.0]  Order: [2.68, 2.56, 2.54] Demand: [2.76]

Eval average reward:  -28.406916666666664  Eval ordering fluctuation measurement (downstream to upstream):  [0.8394943988281384, 1.1236581200879723, 1.1443741098667748]

 Algo happo Exp ippo_seed11_formal_v1 updates 275/3000 episodes, total num timesteps 276000/3000000, FPS 117.

Reward for thread 1: [-18.88, -19.62, -21.25] -19.92  Inventory: [0.0, 0.0, 0.0]  Order: [10.57, 10.64, 10.44] Demand: [10.53]
Reward for thread 2: [-14.0, -20.04, -22.97] -19.0  Inventory: [3.0, 10.0, 36.0]  Order: [5.89, 5.72, 5.66] Demand: [6.08]
Reward for thread 3: [-25.28, -21.49, -23.18] -23.32  Inventory: [0.0, 28.0, 44.0]  Order: [11.78, 11.76, 11.74] Demand: [11.785]
Reward for thread 4: [-14.5, -20.08, -25.18] -19.92  Inventory: [2.0, 0.0, 0.0]  Order: [4.9, 4.76, 4.67] Demand: [4.945]
Reward for thread 5: [-87.9, -37.85, -41.13] -55.63  Inventory: [0.0, 13.0, 0.0]  Order: [15.85, 16.04, 15.99] Demand: [16.995]

 Algo happo Exp ippo_seed11_formal_v1 updates 276/3000 episodes, total num timesteps 277000/3000000, FPS 117.

Reward for thread 1: [-18.49, -27.91, -31.05] -25.82  Inventory: [8.0, 29.0, 44.0]  Order: [4.51, 4.4, 4.38] Demand: [4.715]
Reward for thread 2: [-16.44, -20.7, -23.05] -20.06  Inventory: [39.0, 63.0, 39.0]  Order: [9.8, 9.86, 9.84] Demand: [9.83]
Reward for thread 3: [-17.93, -18.97, -20.71] -19.2  Inventory: [0.0, 18.0, 0.0]  Order: [9.46, 9.59, 9.65] Demand: [9.5]
Reward for thread 4: [-18.41, -24.62, -27.0] -23.34  Inventory: [0.0, 0.0, 0.0]  Order: [8.24, 8.24, 8.3] Demand: [8.35]
Reward for thread 5: [-12.94, -17.93, -20.2] -17.02  Inventory: [0.0, 0.0, 0.0]  Order: [6.34, 6.46, 6.32] Demand: [6.355]

 Algo happo Exp ippo_seed11_formal_v1 updates 277/3000 episodes, total num timesteps 278000/3000000, FPS 117.

Reward for thread 1: [-14.6, -19.81, -22.76] -19.06  Inventory: [21.0, 13.0, 7.0]  Order: [5.32, 5.21, 5.09] Demand: [5.41]
Reward for thread 2: [-15.0, -20.72, -29.61] -21.78  Inventory: [1.0, 11.0, 59.0]  Order: [1.98, 1.85, 1.91] Demand: [2.19]
Reward for thread 3: [-53.28, -35.03, -34.67] -40.99  Inventory: [0.0, 0.0, 0.0]  Order: [12.62, 12.58, 12.57] Demand: [13.58]
Reward for thread 4: [-27.2, -25.32, -29.7] -27.41  Inventory: [5.0, 0.0, 0.0]  Order: [7.64, 7.62, 7.49] Demand: [7.75]
Reward for thread 5: [-17.21, -25.23, -28.01] -23.48  Inventory: [5.0, 25.0, 27.0]  Order: [4.07, 3.96, 3.87] Demand: [4.285]

 Algo happo Exp ippo_seed11_formal_v1 updates 278/3000 episodes, total num timesteps 279000/3000000, FPS 117.

Reward for thread 1: [-27.25, -34.45, -33.29] -31.66  Inventory: [29.0, 41.0, 53.0]  Order: [8.82, 8.85, 8.86] Demand: [8.85]
Reward for thread 2: [-112.49, -39.6, -39.62] -63.9  Inventory: [0.0, 0.0, 0.0]  Order: [15.0, 15.06, 15.04] Demand: [15.235]
Reward for thread 3: [-21.31, -27.4, -29.18] -25.96  Inventory: [12.0, 8.0, 52.0]  Order: [8.37, 8.18, 8.2] Demand: [8.515]
Reward for thread 4: [-128.72, -50.1, -44.9] -74.57  Inventory: [20.0, 38.0, 55.0]  Order: [15.26, 15.28, 15.32] Demand: [15.3]
Reward for thread 5: [-69.01, -33.61, -34.44] -45.69  Inventory: [0.0, 0.0, 0.0]  Order: [12.48, 12.68, 12.64] Demand: [14.125]

 Algo happo Exp ippo_seed11_formal_v1 updates 279/3000 episodes, total num timesteps 280000/3000000, FPS 117.

Reward for thread 1: [-16.6, -20.81, -24.77] -20.73  Inventory: [13.0, 1.0, 2.0]  Order: [6.48, 6.41, 6.37] Demand: [6.54]
Reward for thread 2: [-18.16, -21.29, -23.25] -20.9  Inventory: [29.0, 27.0, 35.0]  Order: [2.16, 2.04, 1.97] Demand: [2.25]
Reward for thread 3: [-32.37, -26.02, -25.92] -28.1  Inventory: [0.0, 0.0, 13.0]  Order: [13.9, 13.95, 14.0] Demand: [14.155]
Reward for thread 4: [-19.5, -21.8, -22.59] -21.3  Inventory: [0.0, 0.0, 0.0]  Order: [10.96, 11.03, 11.04] Demand: [11.1]
Reward for thread 5: [-20.13, -21.48, -22.2] -21.27  Inventory: [0.0, 19.0, 30.0]  Order: [10.72, 10.65, 10.56] Demand: [10.815]

Eval average reward:  -31.656916666666664  Eval ordering fluctuation measurement (downstream to upstream):  [0.8145256868060224, 1.1327765247549333, 1.1587827310603571]

 Algo happo Exp ippo_seed11_formal_v1 updates 280/3000 episodes, total num timesteps 281000/3000000, FPS 117.

Reward for thread 1: [-18.72, -22.9, -24.01] -21.88  Inventory: [13.0, 40.0, 75.0]  Order: [9.78, 9.74, 9.87] Demand: [9.915]
Reward for thread 2: [-20.24, -25.57, -28.13] -24.65  Inventory: [23.0, 50.0, 61.0]  Order: [9.06, 9.06, 9.15] Demand: [9.155]
Reward for thread 3: [-13.64, -16.98, -19.86] -16.83  Inventory: [3.0, 19.0, 50.0]  Order: [7.64, 7.5, 7.5] Demand: [7.79]
Reward for thread 4: [-17.56, -24.18, -26.67] -22.8  Inventory: [12.0, 1.0, 0.0]  Order: [6.22, 6.4, 6.2] Demand: [6.295]
Reward for thread 5: [-46.45, -31.54, -29.0] -35.66  Inventory: [0.0, 5.0, 0.0]  Order: [11.26, 11.46, 11.52] Demand: [12.505]

 Algo happo Exp ippo_seed11_formal_v1 updates 281/3000 episodes, total num timesteps 282000/3000000, FPS 117.

Reward for thread 1: [-34.73, -21.08, -25.74] -27.18  Inventory: [0.0, 0.0, 0.0]  Order: [13.48, 13.66, 13.62] Demand: [13.74]
Reward for thread 2: [-18.24, -26.04, -27.02] -23.77  Inventory: [33.0, 29.0, 47.0]  Order: [7.94, 7.87, 7.86] Demand: [7.945]
Reward for thread 3: [-17.08, -20.23, -22.53] -19.95  Inventory: [37.0, 34.0, 31.0]  Order: [7.92, 7.94, 8.04] Demand: [7.835]
Reward for thread 4: [-120.37, -44.59, -46.49] -70.48  Inventory: [0.0, 19.0, 8.0]  Order: [14.64, 14.78, 14.75] Demand: [16.425]
Reward for thread 5: [-37.01, -28.98, -29.33] -31.77  Inventory: [0.0, 0.0, 12.0]  Order: [9.87, 9.94, 9.9] Demand: [10.84]

 Algo happo Exp ippo_seed11_formal_v1 updates 282/3000 episodes, total num timesteps 283000/3000000, FPS 117.

Reward for thread 1: [-26.06, -28.66, -28.42] -27.71  Inventory: [5.0, 50.0, 44.0]  Order: [11.2, 11.28, 11.3] Demand: [11.255]
Reward for thread 2: [-22.4, -31.5, -42.59] -32.16  Inventory: [7.0, 14.0, 40.0]  Order: [4.32, 4.14, 4.08] Demand: [4.49]
Reward for thread 3: [-111.18, -42.17, -44.94] -66.1  Inventory: [0.0, 0.0, 0.0]  Order: [14.66, 14.76, 14.68] Demand: [14.66]
Reward for thread 4: [-58.82, -32.69, -34.44] -41.98  Inventory: [0.0, 0.0, 0.0]  Order: [10.99, 11.06, 11.09] Demand: [12.61]
Reward for thread 5: [-38.84, -29.28, -27.38] -31.83  Inventory: [0.0, 0.0, 0.0]  Order: [14.02, 14.06, 14.0] Demand: [14.55]

 Algo happo Exp ippo_seed11_formal_v1 updates 283/3000 episodes, total num timesteps 284000/3000000, FPS 117.

Reward for thread 1: [-20.26, -23.52, -20.91] -21.56  Inventory: [14.0, 41.0, 41.0]  Order: [11.34, 11.34, 11.33] Demand: [11.415]
Reward for thread 2: [-39.71, -34.26, -35.74] -36.57  Inventory: [62.0, 23.0, 28.0]  Order: [5.49, 5.36, 5.28] Demand: [5.42]
Reward for thread 3: [-13.33, -19.81, -22.1] -18.41  Inventory: [18.0, 47.0, 41.0]  Order: [5.66, 5.66, 5.64] Demand: [5.8]
Reward for thread 4: [-47.68, -28.74, -28.83] -35.08  Inventory: [0.0, 15.0, 0.0]  Order: [13.77, 14.0, 14.06] Demand: [14.255]
Reward for thread 5: [-12.54, -15.8, -18.13] -15.49  Inventory: [29.0, 6.0, 18.0]  Order: [4.72, 4.56, 4.42] Demand: [4.82]

 Algo happo Exp ippo_seed11_formal_v1 updates 284/3000 episodes, total num timesteps 285000/3000000, FPS 117.

Reward for thread 1: [-58.72, -28.43, -28.11] -38.42  Inventory: [0.0, 46.0, 22.0]  Order: [14.92, 14.96, 14.96] Demand: [15.005]
Reward for thread 2: [-39.06, -30.98, -30.51] -33.52  Inventory: [0.0, 0.0, 0.0]  Order: [11.85, 11.86, 11.92] Demand: [12.75]
Reward for thread 3: [-11.65, -16.67, -20.07] -16.13  Inventory: [15.0, 5.0, 0.0]  Order: [2.55, 2.46, 2.32] Demand: [2.68]
Reward for thread 4: [-15.18, -19.5, -22.25] -18.98  Inventory: [5.0, 0.0, 2.0]  Order: [8.48, 8.4, 8.37] Demand: [8.535]
Reward for thread 5: [-16.22, -21.32, -23.56] -20.37  Inventory: [4.0, 13.0, 4.0]  Order: [5.54, 5.46, 5.26] Demand: [5.665]

Eval average reward:  -31.985749999999996  Eval ordering fluctuation measurement (downstream to upstream):  [0.8962503215171204, 1.1613003619921083, 1.1807343633513048]

 Algo happo Exp ippo_seed11_formal_v1 updates 285/3000 episodes, total num timesteps 286000/3000000, FPS 117.

Reward for thread 1: [-24.42, -25.8, -28.29] -26.17  Inventory: [3.0, 24.0, 41.0]  Order: [8.76, 8.64, 8.6] Demand: [8.945]
Reward for thread 2: [-50.87, -28.27, -27.31] -35.48  Inventory: [0.0, 0.0, 0.0]  Order: [13.26, 13.46, 13.42] Demand: [14.26]
Reward for thread 3: [-15.26, -19.99, -20.05] -18.43  Inventory: [15.0, 64.0, 57.0]  Order: [6.46, 6.53, 6.56] Demand: [6.615]
Reward for thread 4: [-17.47, -24.66, -23.47] -21.87  Inventory: [0.0, 0.0, 0.0]  Order: [7.24, 7.35, 7.3] Demand: [7.255]
Reward for thread 5: [-33.6, -25.11, -24.58] -27.76  Inventory: [0.0, 8.0, 0.0]  Order: [14.62, 14.81, 14.79] Demand: [14.65]

 Algo happo Exp ippo_seed11_formal_v1 updates 286/3000 episodes, total num timesteps 287000/3000000, FPS 117.

Reward for thread 1: [-59.21, -40.47, -30.99] -43.56  Inventory: [0.0, 13.0, 0.0]  Order: [15.58, 15.86, 15.86] Demand: [16.175]
Reward for thread 2: [-38.44, -20.94, -22.38] -27.25  Inventory: [0.0, 18.0, 3.0]  Order: [11.16, 11.27, 11.24] Demand: [12.025]
Reward for thread 3: [-22.36, -24.86, -25.48] -24.23  Inventory: [0.0, 0.0, 2.0]  Order: [9.46, 9.54, 9.64] Demand: [9.47]
Reward for thread 4: [-13.98, -17.5, -23.3] -18.26  Inventory: [12.0, 18.0, 24.0]  Order: [3.96, 3.88, 3.74] Demand: [4.12]
Reward for thread 5: [-19.11, -23.92, -26.38] -23.14  Inventory: [0.0, 0.0, 0.0]  Order: [8.43, 8.4, 8.22] Demand: [8.265]

 Algo happo Exp ippo_seed11_formal_v1 updates 287/3000 episodes, total num timesteps 288000/3000000, FPS 117.

Reward for thread 1: [-17.47, -22.81, -28.52] -22.93  Inventory: [0.0, 9.0, 41.0]  Order: [6.7, 6.58, 6.54] Demand: [6.85]
Reward for thread 2: [-17.06, -21.13, -22.5] -20.23  Inventory: [12.0, 15.0, 35.0]  Order: [7.92, 7.79, 7.72] Demand: [8.015]
Reward for thread 3: [-14.66, -20.36, -22.96] -19.33  Inventory: [0.0, 46.0, 44.0]  Order: [3.34, 3.32, 3.32] Demand: [3.49]
Reward for thread 4: [-37.85, -27.36, -26.4] -30.54  Inventory: [0.0, 0.0, 0.0]  Order: [13.34, 13.34, 13.35] Demand: [13.71]
Reward for thread 5: [-36.92, -24.17, -24.3] -28.46  Inventory: [0.0, 31.0, 42.0]  Order: [12.53, 12.58, 12.64] Demand: [12.96]

 Algo happo Exp ippo_seed11_formal_v1 updates 288/3000 episodes, total num timesteps 289000/3000000, FPS 117.

Reward for thread 1: [-17.73, -24.05, -26.12] -22.63  Inventory: [0.0, 35.0, 65.0]  Order: [6.52, 6.46, 6.56] Demand: [6.765]
Reward for thread 2: [-54.85, -33.51, -30.14] -39.5  Inventory: [0.0, 0.0, 0.0]  Order: [11.9, 11.95, 12.04] Demand: [13.055]
Reward for thread 3: [-79.31, -35.29, -31.31] -48.64  Inventory: [0.0, 0.0, 0.0]  Order: [15.48, 15.49, 15.48] Demand: [15.675]
Reward for thread 4: [-136.7, -52.56, -49.68] -79.65  Inventory: [18.0, 66.0, 52.0]  Order: [14.15, 14.24, 14.25] Demand: [14.305]
Reward for thread 5: [-13.62, -18.66, -20.56] -17.61  Inventory: [12.0, 13.0, 34.0]  Order: [4.34, 4.16, 4.11] Demand: [4.48]

 Algo happo Exp ippo_seed11_formal_v1 updates 289/3000 episodes, total num timesteps 290000/3000000, FPS 117.

Reward for thread 1: [-18.99, -21.91, -21.17] -20.69  Inventory: [0.0, 0.0, 0.0]  Order: [7.18, 6.96, 6.94] Demand: [7.235]
Reward for thread 2: [-20.77, -24.09, -26.03] -23.63  Inventory: [0.0, 9.0, 14.0]  Order: [8.52, 8.44, 8.28] Demand: [8.66]
Reward for thread 3: [-49.31, -25.32, -25.89] -33.51  Inventory: [0.0, 0.0, 0.0]  Order: [13.87, 14.06, 14.04] Demand: [14.64]
Reward for thread 4: [-19.44, -24.42, -24.17] -22.68  Inventory: [21.0, 10.0, 0.0]  Order: [8.87, 9.08, 9.1] Demand: [8.765]
Reward for thread 5: [-21.35, -20.82, -22.14] -21.44  Inventory: [8.0, 41.0, 31.0]  Order: [11.7, 11.8, 11.72] Demand: [11.715]

Eval average reward:  -27.15425  Eval ordering fluctuation measurement (downstream to upstream):  [0.8259299278512593, 1.1504989437331115, 1.1618498306686627]

 Algo happo Exp ippo_seed11_formal_v1 updates 290/3000 episodes, total num timesteps 291000/3000000, FPS 117.

Reward for thread 1: [-65.55, -28.85, -30.59] -41.66  Inventory: [0.0, 16.0, 30.0]  Order: [13.86, 13.92, 14.04] Demand: [15.57]
Reward for thread 2: [-47.26, -29.16, -28.1] -34.84  Inventory: [5.0, 26.0, 0.0]  Order: [10.59, 10.62, 10.56] Demand: [10.74]
Reward for thread 3: [-14.75, -20.76, -26.32] -20.61  Inventory: [4.0, 19.0, 43.0]  Order: [2.46, 2.32, 2.29] Demand: [2.675]
Reward for thread 4: [-17.59, -22.38, -24.95] -21.64  Inventory: [4.0, 8.0, 24.0]  Order: [4.88, 4.76, 4.64] Demand: [5.04]
Reward for thread 5: [-13.09, -17.47, -20.52] -17.03  Inventory: [0.0, 34.0, 27.0]  Order: [7.61, 7.7, 7.68] Demand: [7.66]

 Algo happo Exp ippo_seed11_formal_v1 updates 291/3000 episodes, total num timesteps 292000/3000000, FPS 117.

Reward for thread 1: [-25.3, -24.35, -24.83] -24.83  Inventory: [0.0, 0.0, 0.0]  Order: [10.92, 11.02, 11.04] Demand: [10.93]
Reward for thread 2: [-54.61, -29.36, -29.07] -37.68  Inventory: [0.0, 30.0, 26.0]  Order: [13.81, 13.9, 14.0] Demand: [14.845]
Reward for thread 3: [-41.13, -23.44, -20.8] -28.46  Inventory: [0.0, 0.0, 0.0]  Order: [14.76, 14.9, 14.9] Demand: [15.25]
Reward for thread 4: [-20.66, -19.01, -21.54] -20.4  Inventory: [0.0, 0.0, 0.0]  Order: [11.78, 11.94, 11.9] Demand: [11.805]
Reward for thread 5: [-231.37, -71.13, -70.39] -124.3  Inventory: [0.0, 0.0, 0.0]  Order: [15.34, 15.45, 15.46] Demand: [17.45]

 Algo happo Exp ippo_seed11_formal_v1 updates 292/3000 episodes, total num timesteps 293000/3000000, FPS 117.

Reward for thread 1: [-19.26, -27.12, -28.52] -24.97  Inventory: [15.0, 48.0, 28.0]  Order: [4.27, 4.3, 4.22] Demand: [4.445]
Reward for thread 2: [-43.3, -27.94, -27.15] -32.8  Inventory: [0.0, 35.0, 29.0]  Order: [10.28, 10.39, 10.42] Demand: [10.3]
Reward for thread 3: [-25.72, -26.06, -27.1] -26.29  Inventory: [17.0, 20.0, 9.0]  Order: [9.53, 9.41, 9.32] Demand: [9.675]
Reward for thread 4: [-16.42, -22.89, -25.15] -21.49  Inventory: [13.0, 18.0, 0.0]  Order: [4.09, 4.09, 3.94] Demand: [4.16]
Reward for thread 5: [-29.5, -24.55, -25.94] -26.66  Inventory: [0.0, 0.0, 0.0]  Order: [10.86, 10.94, 10.98] Demand: [10.955]

 Algo happo Exp ippo_seed11_formal_v1 updates 293/3000 episodes, total num timesteps 294000/3000000, FPS 117.

Reward for thread 1: [-27.7, -28.35, -30.2] -28.75  Inventory: [1.0, 31.0, 5.0]  Order: [12.68, 12.82, 12.76] Demand: [12.725]
Reward for thread 2: [-20.66, -23.61, -25.03] -23.1  Inventory: [17.0, 27.0, 28.0]  Order: [5.54, 5.42, 5.34] Demand: [5.7]
Reward for thread 3: [-17.72, -21.77, -23.84] -21.11  Inventory: [0.0, 0.0, 0.0]  Order: [7.07, 7.06, 6.98] Demand: [7.215]
Reward for thread 4: [-24.03, -30.23, -34.43] -29.56  Inventory: [3.0, 18.0, 61.0]  Order: [3.58, 3.5, 3.58] Demand: [3.76]
Reward for thread 5: [-27.07, -22.5, -24.44] -24.67  Inventory: [0.0, 0.0, 0.0]  Order: [11.34, 11.32, 11.26] Demand: [12.06]

 Algo happo Exp ippo_seed11_formal_v1 updates 294/3000 episodes, total num timesteps 295000/3000000, FPS 117.

Reward for thread 1: [-25.6, -27.68, -26.87] -26.72  Inventory: [0.0, 0.0, 0.0]  Order: [9.89, 9.66, 9.66] Demand: [9.715]
Reward for thread 2: [-17.33, -23.17, -23.74] -21.41  Inventory: [0.0, 0.0, 0.0]  Order: [9.94, 9.9, 9.88] Demand: [9.93]
Reward for thread 3: [-12.61, -16.08, -20.34] -16.34  Inventory: [0.0, 16.0, 2.0]  Order: [4.94, 4.92, 4.78] Demand: [5.12]
Reward for thread 4: [-15.38, -21.24, -21.8] -19.47  Inventory: [10.0, 70.0, 42.0]  Order: [5.32, 5.42, 5.38] Demand: [5.515]
Reward for thread 5: [-15.79, -24.13, -26.98] -22.3  Inventory: [7.0, 25.0, 45.0]  Order: [3.87, 3.74, 3.72] Demand: [4.085]

Eval average reward:  -26.748166666666663  Eval ordering fluctuation measurement (downstream to upstream):  [0.8178558586345913, 1.166837321711291, 1.1613995745689878]

 Algo happo Exp ippo_seed11_formal_v1 updates 295/3000 episodes, total num timesteps 296000/3000000, FPS 117.

Reward for thread 1: [-17.18, -21.65, -25.47] -21.43  Inventory: [10.0, 26.0, 58.0]  Order: [3.82, 3.7, 3.74] Demand: [4.02]
Reward for thread 2: [-16.77, -22.53, -25.7] -21.67  Inventory: [3.0, 13.0, 44.0]  Order: [4.08, 3.9, 3.87] Demand: [4.305]
Reward for thread 3: [-65.43, -30.86, -30.81] -42.37  Inventory: [0.0, 0.0, 0.0]  Order: [15.33, 15.43, 15.48] Demand: [15.815]
Reward for thread 4: [-27.9, -26.75, -28.57] -27.74  Inventory: [0.0, 0.0, 0.0]  Order: [9.74, 9.71, 9.72] Demand: [9.715]
Reward for thread 5: [-16.39, -21.5, -24.08] -20.66  Inventory: [5.0, 35.0, 50.0]  Order: [7.77, 7.7, 7.71] Demand: [7.975]

 Algo happo Exp ippo_seed11_formal_v1 updates 296/3000 episodes, total num timesteps 297000/3000000, FPS 117.

Reward for thread 1: [-47.07, -32.18, -30.23] -36.49  Inventory: [0.0, 0.0, 0.0]  Order: [13.72, 13.84, 13.92] Demand: [14.2]
Reward for thread 2: [-14.29, -18.16, -22.07] -18.17  Inventory: [0.0, 0.0, 11.0]  Order: [6.08, 5.98, 5.97] Demand: [6.09]
Reward for thread 3: [-95.3, -36.83, -37.34] -56.49  Inventory: [0.0, 27.0, 9.0]  Order: [15.48, 15.62, 15.6] Demand: [16.035]
Reward for thread 4: [-18.75, -21.85, -22.21] -20.94  Inventory: [13.0, 9.0, 31.0]  Order: [8.69, 8.56, 8.59] Demand: [8.77]
Reward for thread 5: [-38.47, -23.77, -24.8] -29.01  Inventory: [0.0, 1.0, 15.0]  Order: [12.58, 12.54, 12.45] Demand: [12.665]

 Algo happo Exp ippo_seed11_formal_v1 updates 297/3000 episodes, total num timesteps 298000/3000000, FPS 117.

Reward for thread 1: [-13.83, -23.56, -26.58] -21.32  Inventory: [0.0, 25.0, 18.0]  Order: [2.74, 2.66, 2.56] Demand: [2.965]
Reward for thread 2: [-62.11, -28.56, -29.47] -40.05  Inventory: [0.0, 17.0, 2.0]  Order: [14.67, 14.84, 14.96] Demand: [16.295]
Reward for thread 3: [-65.99, -31.22, -29.49] -42.23  Inventory: [0.0, 0.0, 0.0]  Order: [15.59, 15.72, 15.71] Demand: [16.92]
Reward for thread 4: [-30.87, -26.92, -40.37] -32.72  Inventory: [52.0, 35.0, 63.0]  Order: [1.22, 1.14, 1.21] Demand: [1.2]
Reward for thread 5: [-15.65, -19.44, -18.58] -17.89  Inventory: [0.0, 0.0, 0.0]  Order: [9.68, 9.72, 9.71] Demand: [9.575]

 Algo happo Exp ippo_seed11_formal_v1 updates 298/3000 episodes, total num timesteps 299000/3000000, FPS 117.

Reward for thread 1: [-33.4, -29.41, -28.23] -30.35  Inventory: [0.0, 0.0, 0.0]  Order: [10.76, 10.8, 10.74] Demand: [11.555]
Reward for thread 2: [-44.99, -37.69, -28.45] -37.04  Inventory: [26.0, 62.0, 63.0]  Order: [12.22, 12.29, 12.36] Demand: [12.31]
Reward for thread 3: [-14.47, -22.77, -25.43] -20.89  Inventory: [1.0, 29.0, 13.0]  Order: [4.62, 4.54, 4.43] Demand: [4.825]
Reward for thread 4: [-33.01, -26.06, -27.06] -28.71  Inventory: [4.0, 15.0, 16.0]  Order: [9.65, 9.52, 9.46] Demand: [9.77]
Reward for thread 5: [-20.5, -19.9, -20.36] -20.25  Inventory: [0.0, 0.0, 0.0]  Order: [7.32, 7.22, 7.22] Demand: [7.68]

 Algo happo Exp ippo_seed11_formal_v1 updates 299/3000 episodes, total num timesteps 300000/3000000, FPS 117.

Reward for thread 1: [-17.46, -20.27, -22.13] -19.95  Inventory: [0.0, 0.0, 0.0]  Order: [8.76, 8.79, 8.68] Demand: [8.735]
Reward for thread 2: [-15.41, -20.57, -22.42] -19.47  Inventory: [19.0, 12.0, 2.0]  Order: [7.68, 7.76, 7.84] Demand: [7.66]
Reward for thread 3: [-11.63, -17.32, -21.44] -16.8  Inventory: [0.0, 3.0, 0.0]  Order: [3.74, 3.6, 3.44] Demand: [3.91]
Reward for thread 4: [-34.54, -25.87, -26.14] -28.85  Inventory: [0.0, 0.0, 0.0]  Order: [12.32, 12.42, 12.48] Demand: [12.935]
Reward for thread 5: [-18.12, -25.38, -28.76] -24.09  Inventory: [5.0, 0.0, 0.0]  Order: [6.05, 6.02, 6.02] Demand: [6.05]

Eval average reward:  -24.576833333333333  Eval ordering fluctuation measurement (downstream to upstream):  [0.8586842833992836, 1.1383661603673962, 1.1697229671735418]

 Algo happo Exp ippo_seed11_formal_v1 updates 300/3000 episodes, total num timesteps 301000/3000000, FPS 117.

Reward for thread 1: [-12.67, -18.59, -19.98] -17.08  Inventory: [0.0, 0.0, 12.0]  Order: [4.7, 4.64, 4.56] Demand: [4.795]
Reward for thread 2: [-11.48, -18.78, -18.36] -16.21  Inventory: [18.0, 42.0, 23.0]  Order: [3.06, 3.1, 3.0] Demand: [3.215]
Reward for thread 3: [-11.48, -20.55, -20.07] -17.37  Inventory: [8.0, 34.0, 20.0]  Order: [2.18, 2.14, 2.14] Demand: [2.39]
Reward for thread 4: [-13.92, -19.2, -22.15] -18.42  Inventory: [7.0, 32.0, 21.0]  Order: [5.26, 5.18, 5.1] Demand: [5.43]
Reward for thread 5: [-17.75, -22.28, -23.96] -21.33  Inventory: [16.0, 24.0, 41.0]  Order: [7.54, 7.42, 7.38] Demand: [7.7]

 Algo happo Exp ippo_seed11_formal_v1 updates 301/3000 episodes, total num timesteps 302000/3000000, FPS 117.

Reward for thread 1: [-12.69, -19.88, -24.26] -18.94  Inventory: [10.0, 37.0, 42.0]  Order: [2.57, 2.5, 2.52] Demand: [2.76]
Reward for thread 2: [-16.98, -23.06, -24.43] -21.49  Inventory: [18.0, 35.0, 36.0]  Order: [7.39, 7.35, 7.3] Demand: [7.51]
Reward for thread 3: [-16.55, -29.42, -29.78] -25.25  Inventory: [4.0, 27.0, 49.0]  Order: [2.54, 2.42, 2.42] Demand: [2.76]
Reward for thread 4: [-35.59, -31.87, -26.24] -31.23  Inventory: [16.0, 0.0, 8.0]  Order: [13.91, 13.89, 14.04] Demand: [13.65]
Reward for thread 5: [-23.65, -27.68, -26.3] -25.88  Inventory: [1.0, 12.0, 33.0]  Order: [7.29, 7.14, 7.06] Demand: [7.49]

 Algo happo Exp ippo_seed11_formal_v1 updates 302/3000 episodes, total num timesteps 303000/3000000, FPS 117.

Reward for thread 1: [-21.1, -25.44, -25.05] -23.86  Inventory: [0.0, 0.0, 0.0]  Order: [6.56, 6.54, 6.49] Demand: [6.83]
Reward for thread 2: [-17.52, -22.7, -20.98] -20.4  Inventory: [0.0, 0.0, 0.0]  Order: [7.43, 7.34, 7.3] Demand: [7.465]
Reward for thread 3: [-53.19, -42.18, -29.08] -41.48  Inventory: [9.0, 0.0, 0.0]  Order: [15.32, 15.32, 15.4] Demand: [15.11]
Reward for thread 4: [-12.4, -19.55, -20.1] -17.35  Inventory: [10.0, 7.0, 3.0]  Order: [3.86, 3.77, 3.7] Demand: [3.95]
Reward for thread 5: [-13.76, -22.57, -24.09] -20.14  Inventory: [4.0, 34.0, 37.0]  Order: [1.8, 1.72, 1.65] Demand: [2.01]

 Algo happo Exp ippo_seed11_formal_v1 updates 303/3000 episodes, total num timesteps 304000/3000000, FPS 117.

Reward for thread 1: [-11.41, -16.95, -18.47] -15.61  Inventory: [0.0, 0.0, 0.0]  Order: [4.68, 4.56, 4.35] Demand: [4.575]
Reward for thread 2: [-13.63, -21.5, -22.51] -19.21  Inventory: [0.0, 2.0, 16.0]  Order: [3.46, 3.22, 3.07] Demand: [3.64]
Reward for thread 3: [-19.97, -23.76, -20.21] -21.31  Inventory: [0.0, 0.0, 0.0]  Order: [9.98, 9.86, 9.68] Demand: [9.9]
Reward for thread 4: [-18.29, -25.11, -25.32] -22.91  Inventory: [7.0, 13.0, 14.0]  Order: [6.31, 6.29, 6.16] Demand: [6.31]
Reward for thread 5: [-32.53, -24.16, -25.59] -27.43  Inventory: [14.0, 55.0, 52.0]  Order: [11.61, 11.64, 11.66] Demand: [11.745]

 Algo happo Exp ippo_seed11_formal_v1 updates 304/3000 episodes, total num timesteps 305000/3000000, FPS 117.

Reward for thread 1: [-102.16, -39.85, -39.97] -60.66  Inventory: [0.0, 0.0, 0.0]  Order: [16.02, 15.85, 15.86] Demand: [16.95]
Reward for thread 2: [-16.18, -19.9, -18.48] -18.19  Inventory: [7.0, 27.0, 41.0]  Order: [7.62, 7.6, 7.59] Demand: [7.735]
Reward for thread 3: [-13.15, -21.58, -23.75] -19.49  Inventory: [6.0, 30.0, 31.0]  Order: [3.51, 3.42, 3.33] Demand: [3.715]
Reward for thread 4: [-15.91, -17.61, -19.89] -17.8  Inventory: [0.0, 0.0, 0.0]  Order: [9.48, 9.57, 9.54] Demand: [9.7]
Reward for thread 5: [-27.32, -21.37, -20.97] -23.22  Inventory: [8.0, 6.0, 29.0]  Order: [13.25, 13.19, 13.1] Demand: [13.27]

Eval average reward:  -26.77225  Eval ordering fluctuation measurement (downstream to upstream):  [0.922664389429252, 1.1244744392100636, 1.1730826692925231]

 Algo happo Exp ippo_seed11_formal_v1 updates 305/3000 episodes, total num timesteps 306000/3000000, FPS 117.

Reward for thread 1: [-57.48, -27.85, -28.29] -37.87  Inventory: [11.0, 24.0, 31.0]  Order: [11.52, 11.42, 11.4] Demand: [11.7]
Reward for thread 2: [-33.08, -24.78, -22.53] -26.8  Inventory: [0.0, 9.0, 36.0]  Order: [15.22, 15.16, 15.1] Demand: [15.235]
Reward for thread 3: [-11.44, -19.74, -21.14] -17.44  Inventory: [0.0, 18.0, 29.0]  Order: [3.18, 3.07, 2.99] Demand: [3.42]
Reward for thread 4: [-103.53, -35.68, -36.9] -58.7  Inventory: [0.0, 0.0, 0.0]  Order: [16.34, 16.5, 16.52] Demand: [17.54]
Reward for thread 5: [-26.38, -25.28, -24.44] -25.37  Inventory: [13.0, 0.0, 0.0]  Order: [11.16, 11.35, 11.2] Demand: [11.125]

 Algo happo Exp ippo_seed11_formal_v1 updates 306/3000 episodes, total num timesteps 307000/3000000, FPS 117.

Reward for thread 1: [-11.67, -18.24, -17.89] -15.93  Inventory: [1.0, 28.0, 31.0]  Order: [4.31, 4.2, 4.11] Demand: [4.55]
Reward for thread 2: [-11.03, -15.8, -18.03] -14.95  Inventory: [0.0, 0.0, 0.0]  Order: [4.0, 3.87, 3.7] Demand: [4.09]
Reward for thread 3: [-22.27, -28.18, -30.76] -27.07  Inventory: [0.0, 0.0, 0.0]  Order: [6.55, 6.66, 6.62] Demand: [6.405]
Reward for thread 4: [-15.28, -19.09, -20.43] -18.27  Inventory: [0.0, 0.0, 0.0]  Order: [8.7, 8.71, 8.68] Demand: [8.66]
Reward for thread 5: [-20.35, -21.27, -23.27] -21.63  Inventory: [0.0, 0.0, 0.0]  Order: [11.04, 11.17, 11.2] Demand: [11.555]

 Algo happo Exp ippo_seed11_formal_v1 updates 307/3000 episodes, total num timesteps 308000/3000000, FPS 117.

Reward for thread 1: [-36.1, -27.11, -27.1] -30.1  Inventory: [0.0, 1.0, 0.0]  Order: [11.8, 11.91, 11.92] Demand: [11.73]
Reward for thread 2: [-30.15, -25.58, -23.98] -26.57  Inventory: [0.0, 0.0, 0.0]  Order: [8.98, 8.92, 8.95] Demand: [9.37]
Reward for thread 3: [-26.44, -23.37, -23.32] -24.38  Inventory: [10.0, 16.0, 36.0]  Order: [12.7, 12.66, 12.62] Demand: [12.73]
Reward for thread 4: [-22.25, -19.87, -20.07] -20.73  Inventory: [0.0, 0.0, 0.0]  Order: [9.01, 8.98, 8.94] Demand: [9.145]
Reward for thread 5: [-12.0, -15.76, -16.32] -14.69  Inventory: [18.0, 20.0, 23.0]  Order: [5.54, 5.41, 5.28] Demand: [5.68]

 Algo happo Exp ippo_seed11_formal_v1 updates 308/3000 episodes, total num timesteps 309000/3000000, FPS 117.

Reward for thread 1: [-81.26, -43.62, -32.65] -52.51  Inventory: [0.0, 0.0, 0.0]  Order: [16.22, 16.3, 16.32] Demand: [17.235]
Reward for thread 2: [-47.92, -32.32, -31.77] -37.34  Inventory: [33.0, 49.0, 53.0]  Order: [13.61, 13.6, 13.62] Demand: [13.61]
Reward for thread 3: [-11.3, -16.42, -17.98] -15.23  Inventory: [0.0, 14.0, 9.0]  Order: [5.21, 5.08, 5.06] Demand: [5.405]
Reward for thread 4: [-17.25, -24.64, -26.98] -22.96  Inventory: [0.0, 2.0, 14.0]  Order: [4.5, 4.35, 4.17] Demand: [4.64]
Reward for thread 5: [-60.28, -36.2, -30.6] -42.36  Inventory: [0.0, 0.0, 0.0]  Order: [15.57, 15.71, 15.72] Demand: [16.055]

 Algo happo Exp ippo_seed11_formal_v1 updates 309/3000 episodes, total num timesteps 310000/3000000, FPS 117.

Reward for thread 1: [-12.96, -17.82, -18.41] -16.4  Inventory: [12.0, 45.0, 32.0]  Order: [7.26, 7.44, 7.48] Demand: [7.37]
Reward for thread 2: [-15.82, -19.8, -19.52] -18.38  Inventory: [0.0, 1.0, 9.0]  Order: [6.92, 6.82, 6.72] Demand: [7.09]
Reward for thread 3: [-30.77, -27.7, -23.32] -27.26  Inventory: [8.0, 6.0, 49.0]  Order: [9.01, 8.82, 8.82] Demand: [9.155]
Reward for thread 4: [-16.8, -18.55, -19.44] -18.26  Inventory: [2.0, 21.0, 19.0]  Order: [5.72, 5.6, 5.46] Demand: [5.945]
Reward for thread 5: [-17.64, -22.32, -22.82] -20.93  Inventory: [0.0, 35.0, 27.0]  Order: [4.02, 3.95, 3.85] Demand: [4.27]

Eval average reward:  -26.887083333333333  Eval ordering fluctuation measurement (downstream to upstream):  [0.9306876934952057, 1.1169569950210634, 1.1845946194879249]

 Algo happo Exp ippo_seed11_formal_v1 updates 310/3000 episodes, total num timesteps 311000/3000000, FPS 117.

Reward for thread 1: [-24.7, -25.72, -24.73] -25.05  Inventory: [0.0, 0.0, 0.0]  Order: [10.2, 10.1, 10.12] Demand: [10.345]
Reward for thread 2: [-13.22, -19.4, -20.07] -17.56  Inventory: [2.0, 19.0, 28.0]  Order: [3.79, 3.64, 3.53] Demand: [4.]
Reward for thread 3: [-16.9, -21.08, -22.8] -20.26  Inventory: [40.0, 19.0, 32.0]  Order: [2.42, 2.28, 2.18] Demand: [2.46]
Reward for thread 4: [-66.66, -28.26, -28.71] -41.21  Inventory: [0.0, 0.0, 0.0]  Order: [15.48, 15.62, 15.6] Demand: [16.44]
Reward for thread 5: [-13.83, -19.88, -20.55] -18.09  Inventory: [0.0, 0.0, 8.0]  Order: [3.84, 3.62, 3.5] Demand: [3.97]

 Algo happo Exp ippo_seed11_formal_v1 updates 311/3000 episodes, total num timesteps 312000/3000000, FPS 117.

Reward for thread 1: [-15.68, -21.04, -22.16] -19.63  Inventory: [4.0, 0.0, 0.0]  Order: [9.7, 9.64, 9.7] Demand: [9.71]
Reward for thread 2: [-49.89, -37.43, -27.46] -38.26  Inventory: [0.0, 0.0, 0.0]  Order: [14.38, 14.4, 14.36] Demand: [14.26]
Reward for thread 3: [-15.37, -21.01, -21.39] -19.26  Inventory: [10.0, 0.0, 0.0]  Order: [5.76, 5.86, 5.71] Demand: [5.825]
Reward for thread 4: [-14.03, -18.63, -20.07] -17.58  Inventory: [0.0, 0.0, 0.0]  Order: [7.86, 7.82, 7.8] Demand: [7.75]
Reward for thread 5: [-82.89, -51.5, -35.49] -56.63  Inventory: [0.0, 6.0, 0.0]  Order: [15.26, 15.38, 15.39] Demand: [15.28]

 Algo happo Exp ippo_seed11_formal_v1 updates 312/3000 episodes, total num timesteps 313000/3000000, FPS 117.

Reward for thread 1: [-22.72, -29.19, -29.17] -27.03  Inventory: [0.0, 22.0, 0.0]  Order: [9.68, 10.01, 9.97] Demand: [9.65]
Reward for thread 2: [-17.14, -21.13, -21.23] -19.83  Inventory: [30.0, 25.0, 41.0]  Order: [5.56, 5.45, 5.4] Demand: [5.645]
Reward for thread 3: [-34.71, -22.03, -20.7] -25.81  Inventory: [0.0, 0.0, 0.0]  Order: [13.26, 13.32, 13.36] Demand: [13.28]
Reward for thread 4: [-15.26, -20.07, -19.33] -18.22  Inventory: [5.0, 8.0, 13.0]  Order: [6.57, 6.44, 6.32] Demand: [6.635]
Reward for thread 5: [-25.02, -25.01, -23.73] -24.59  Inventory: [0.0, 0.0, 0.0]  Order: [10.98, 10.99, 10.98] Demand: [10.825]

 Algo happo Exp ippo_seed11_formal_v1 updates 313/3000 episodes, total num timesteps 314000/3000000, FPS 117.

Reward for thread 1: [-53.48, -30.84, -31.26] -38.53  Inventory: [0.0, 0.0, 0.0]  Order: [13.88, 14.06, 14.0] Demand: [13.695]
Reward for thread 2: [-71.7, -35.44, -33.13] -46.76  Inventory: [16.0, 9.0, 49.0]  Order: [13.93, 13.8, 13.8] Demand: [14.065]
Reward for thread 3: [-18.28, -23.79, -26.32] -22.8  Inventory: [11.0, 23.0, 38.0]  Order: [5.36, 5.24, 5.18] Demand: [5.535]
Reward for thread 4: [-17.21, -21.82, -24.8] -21.28  Inventory: [9.0, 10.0, 19.0]  Order: [5.94, 5.82, 5.7] Demand: [6.095]
Reward for thread 5: [-18.57, -26.43, -26.58] -23.86  Inventory: [12.0, 51.0, 33.0]  Order: [6.55, 6.6, 6.52] Demand: [6.625]

 Algo happo Exp ippo_seed11_formal_v1 updates 314/3000 episodes, total num timesteps 315000/3000000, FPS 117.

Reward for thread 1: [-42.55, -33.62, -30.87] -35.68  Inventory: [9.0, 43.0, 39.0]  Order: [10.61, 10.71, 10.71] Demand: [10.67]
Reward for thread 2: [-14.29, -18.75, -19.43] -17.49  Inventory: [15.0, 22.0, 25.0]  Order: [3.82, 3.72, 3.64] Demand: [3.99]
Reward for thread 3: [-20.29, -25.74, -24.74] -23.59  Inventory: [3.0, 0.0, 0.0]  Order: [7.58, 7.6, 7.42] Demand: [7.53]
Reward for thread 4: [-23.93, -24.04, -23.85] -23.94  Inventory: [19.0, 27.0, 48.0]  Order: [12.12, 12.08, 12.09] Demand: [12.18]
Reward for thread 5: [-98.07, -40.58, -38.02] -58.89  Inventory: [0.0, 0.0, 0.0]  Order: [16.48, 16.53, 16.57] Demand: [17.725]

Eval average reward:  -25.346333333333334  Eval ordering fluctuation measurement (downstream to upstream):  [0.9176668113133587, 1.0433938461989702, 1.1586100304481746]

 Algo happo Exp ippo_seed11_formal_v1 updates 315/3000 episodes, total num timesteps 316000/3000000, FPS 117.

Reward for thread 1: [-18.4, -22.59, -23.22] -21.4  Inventory: [4.0, 10.0, 0.0]  Order: [7.9, 7.8, 7.68] Demand: [8.035]
Reward for thread 2: [-52.12, -28.19, -28.77] -36.36  Inventory: [0.0, 0.0, 0.0]  Order: [14.36, 14.45, 14.46] Demand: [15.405]
Reward for thread 3: [-43.73, -27.26, -27.69] -32.89  Inventory: [0.0, 0.0, 6.0]  Order: [13.56, 13.54, 13.57] Demand: [14.075]
Reward for thread 4: [-21.16, -28.19, -25.84] -25.06  Inventory: [14.0, 20.0, 0.0]  Order: [5.58, 5.52, 5.4] Demand: [5.755]
Reward for thread 5: [-22.18, -27.93, -27.86] -25.99  Inventory: [0.0, 6.0, 0.0]  Order: [8.36, 8.54, 8.64] Demand: [8.33]

 Algo happo Exp ippo_seed11_formal_v1 updates 316/3000 episodes, total num timesteps 317000/3000000, FPS 117.

Reward for thread 1: [-14.29, -19.42, -21.18] -18.3  Inventory: [6.0, 18.0, 18.0]  Order: [2.28, 2.17, 2.02] Demand: [2.47]
Reward for thread 2: [-40.95, -27.02, -27.37] -31.78  Inventory: [0.0, 0.0, 0.0]  Order: [10.74, 10.89, 10.96] Demand: [11.72]
Reward for thread 3: [-85.5, -35.95, -33.36] -51.6  Inventory: [28.0, 38.0, 57.0]  Order: [15.74, 15.79, 15.84] Demand: [15.725]
Reward for thread 4: [-44.18, -29.72, -27.68] -33.86  Inventory: [0.0, 17.0, 4.0]  Order: [11.64, 11.84, 11.86] Demand: [12.455]
Reward for thread 5: [-46.52, -27.21, -26.98] -33.57  Inventory: [0.0, 17.0, 0.0]  Order: [11.76, 11.95, 11.98] Demand: [12.675]

 Algo happo Exp ippo_seed11_formal_v1 updates 317/3000 episodes, total num timesteps 318000/3000000, FPS 117.

Reward for thread 1: [-16.38, -21.12, -20.84] -19.45  Inventory: [36.0, 32.0, 13.0]  Order: [9.84, 9.91, 9.88] Demand: [9.75]
Reward for thread 2: [-20.53, -24.65, -27.48] -24.22  Inventory: [47.0, 19.0, 55.0]  Order: [2.43, 2.28, 2.31] Demand: [2.415]
Reward for thread 3: [-19.31, -22.88, -23.65] -21.95  Inventory: [35.0, 54.0, 52.0]  Order: [7.78, 7.82, 7.84] Demand: [7.805]
Reward for thread 4: [-12.15, -17.05, -19.95] -16.38  Inventory: [4.0, 9.0, 8.0]  Order: [3.52, 3.36, 3.22] Demand: [3.645]
Reward for thread 5: [-14.84, -22.4, -27.04] -21.43  Inventory: [6.0, 24.0, 68.0]  Order: [2.1, 1.96, 2.06] Demand: [2.315]

 Algo happo Exp ippo_seed11_formal_v1 updates 318/3000 episodes, total num timesteps 319000/3000000, FPS 117.

Reward for thread 1: [-12.65, -18.91, -18.3] -16.62  Inventory: [0.0, 0.0, 0.0]  Order: [4.6, 4.62, 4.49] Demand: [4.59]
Reward for thread 2: [-18.68, -25.17, -23.31] -22.39  Inventory: [3.0, 11.0, 7.0]  Order: [6.62, 6.53, 6.37] Demand: [6.79]
Reward for thread 3: [-23.93, -17.71, -18.61] -20.08  Inventory: [15.0, 72.0, 61.0]  Order: [13.63, 13.8, 13.86] Demand: [13.695]
Reward for thread 4: [-18.19, -22.16, -21.77] -20.71  Inventory: [14.0, 45.0, 20.0]  Order: [11.12, 11.3, 11.41] Demand: [11.1]
Reward for thread 5: [-13.65, -19.36, -20.68] -17.9  Inventory: [12.0, 0.0, 3.0]  Order: [7.88, 7.75, 7.62] Demand: [7.96]

 Algo happo Exp ippo_seed11_formal_v1 updates 319/3000 episodes, total num timesteps 320000/3000000, FPS 117.

Reward for thread 1: [-29.29, -24.27, -25.4] -26.32  Inventory: [1.0, 13.0, 17.0]  Order: [13.42, 13.4, 13.35] Demand: [13.445]
Reward for thread 2: [-49.74, -30.03, -29.16] -36.31  Inventory: [0.0, 1.0, 3.0]  Order: [13.49, 13.63, 13.73] Demand: [14.565]
Reward for thread 3: [-19.26, -24.84, -22.13] -22.08  Inventory: [0.0, 18.0, 15.0]  Order: [8.49, 8.57, 8.48] Demand: [8.495]
Reward for thread 4: [-11.0, -16.36, -17.31] -14.89  Inventory: [0.0, 15.0, 33.0]  Order: [3.97, 3.84, 3.76] Demand: [4.19]
Reward for thread 5: [-21.58, -25.37, -24.36] -23.77  Inventory: [20.0, 34.0, 34.0]  Order: [8.48, 8.48, 8.44] Demand: [8.495]

Eval average reward:  -26.846416666666666  Eval ordering fluctuation measurement (downstream to upstream):  [0.9281236767621316, 1.069390119962223, 1.1812339432644827]

 Algo happo Exp ippo_seed11_formal_v1 updates 320/3000 episodes, total num timesteps 321000/3000000, FPS 117.

Reward for thread 1: [-22.4, -27.12, -25.11] -24.88  Inventory: [0.0, 0.0, 5.0]  Order: [10.09, 10.18, 10.3] Demand: [10.04]
Reward for thread 2: [-68.18, -35.17, -33.11] -45.49  Inventory: [4.0, 0.0, 0.0]  Order: [14.42, 14.45, 14.29] Demand: [14.385]
Reward for thread 3: [-58.25, -30.09, -28.9] -39.08  Inventory: [0.0, 0.0, 0.0]  Order: [14.99, 15.14, 15.16] Demand: [16.22]
Reward for thread 4: [-14.2, -21.78, -22.04] -19.34  Inventory: [0.0, 5.0, 8.0]  Order: [6.12, 5.98, 5.8] Demand: [6.315]
Reward for thread 5: [-16.56, -23.17, -23.55] -21.09  Inventory: [10.0, 16.0, 21.0]  Order: [6.34, 6.21, 6.1] Demand: [6.525]

 Algo happo Exp ippo_seed11_formal_v1 updates 321/3000 episodes, total num timesteps 322000/3000000, FPS 117.

Reward for thread 1: [-16.33, -24.15, -26.93] -22.47  Inventory: [22.0, 23.0, 29.0]  Order: [1.76, 1.63, 1.52] Demand: [1.9]
Reward for thread 2: [-18.1, -26.75, -29.34] -24.73  Inventory: [6.0, 26.0, 49.0]  Order: [2.7, 2.58, 2.59] Demand: [2.915]
Reward for thread 3: [-27.66, -23.95, -22.7] -24.77  Inventory: [11.0, 12.0, 30.0]  Order: [9.08, 8.92, 8.83] Demand: [9.205]
Reward for thread 4: [-20.42, -21.92, -20.9] -21.08  Inventory: [0.0, 0.0, 2.0]  Order: [9.66, 9.71, 9.59] Demand: [9.745]
Reward for thread 5: [-25.54, -26.15, -24.82] -25.5  Inventory: [1.0, 24.0, 44.0]  Order: [12.08, 12.0, 11.98] Demand: [12.195]

 Algo happo Exp ippo_seed11_formal_v1 updates 322/3000 episodes, total num timesteps 323000/3000000, FPS 117.

Reward for thread 1: [-25.88, -28.74, -27.59] -27.4  Inventory: [35.0, 52.0, 73.0]  Order: [10.32, 10.38, 10.49] Demand: [10.26]
Reward for thread 2: [-18.46, -17.13, -18.59] -18.06  Inventory: [0.0, 4.0, 16.0]  Order: [10.78, 10.86, 10.92] Demand: [10.895]
Reward for thread 3: [-78.61, -33.42, -34.54] -48.86  Inventory: [0.0, 25.0, 0.0]  Order: [14.05, 14.28, 14.35] Demand: [14.06]
Reward for thread 4: [-30.07, -22.5, -22.46] -25.01  Inventory: [0.0, 7.0, 0.0]  Order: [13.97, 14.22, 14.3] Demand: [14.5]
Reward for thread 5: [-13.11, -19.11, -20.24] -17.49  Inventory: [0.0, 31.0, 13.0]  Order: [4.01, 4.1, 3.95] Demand: [4.045]

 Algo happo Exp ippo_seed11_formal_v1 updates 323/3000 episodes, total num timesteps 324000/3000000, FPS 117.

Reward for thread 1: [-19.09, -25.42, -27.11] -23.87  Inventory: [19.0, 18.0, 42.0]  Order: [3.9, 3.74, 3.7] Demand: [4.03]
Reward for thread 2: [-14.16, -17.27, -18.21] -16.55  Inventory: [9.0, 16.0, 2.0]  Order: [9.59, 9.48, 9.46] Demand: [9.71]
Reward for thread 3: [-15.48, -21.47, -20.89] -19.28  Inventory: [9.0, 6.0, 32.0]  Order: [8.7, 8.63, 8.64] Demand: [8.83]
Reward for thread 4: [-17.12, -20.93, -21.42] -19.82  Inventory: [0.0, 10.0, 26.0]  Order: [8.94, 8.91, 8.86] Demand: [9.115]
Reward for thread 5: [-18.22, -22.38, -21.86] -20.82  Inventory: [9.0, 18.0, 9.0]  Order: [9.06, 9.26, 9.34] Demand: [8.975]

 Algo happo Exp ippo_seed11_formal_v1 updates 324/3000 episodes, total num timesteps 325000/3000000, FPS 117.

Reward for thread 1: [-11.82, -15.24, -17.05] -14.7  Inventory: [0.0, 22.0, 0.0]  Order: [2.76, 2.68, 2.48] Demand: [3.005]
Reward for thread 2: [-74.94, -44.46, -35.7] -51.7  Inventory: [0.0, 0.0, 1.0]  Order: [15.34, 15.25, 15.39] Demand: [15.56]
Reward for thread 3: [-36.74, -32.08, -31.54] -33.45  Inventory: [0.0, 0.0, 0.0]  Order: [9.04, 8.8, 8.61] Demand: [8.9]
Reward for thread 4: [-23.0, -24.52, -21.82] -23.11  Inventory: [0.0, 0.0, 0.0]  Order: [5.91, 5.79, 5.56] Demand: [5.85]
Reward for thread 5: [-61.53, -39.75, -31.91] -44.4  Inventory: [3.0, 13.0, 0.0]  Order: [13.69, 13.62, 13.6] Demand: [13.81]

Eval average reward:  -28.082583333333332  Eval ordering fluctuation measurement (downstream to upstream):  [0.9266426774858078, 1.0993128543940922, 1.1895341409845235]

 Algo happo Exp ippo_seed11_formal_v1 updates 325/3000 episodes, total num timesteps 326000/3000000, FPS 117.

Reward for thread 1: [-16.58, -26.38, -25.3] -22.75  Inventory: [15.0, 36.0, 23.0]  Order: [6.88, 6.81, 6.68] Demand: [7.035]
Reward for thread 2: [-27.08, -23.81, -23.69] -24.86  Inventory: [0.0, 0.0, 0.0]  Order: [12.4, 12.53, 12.53] Demand: [12.365]
Reward for thread 3: [-18.44, -27.78, -24.74] -23.65  Inventory: [0.0, 16.0, 30.0]  Order: [8.8, 8.7, 8.64] Demand: [8.86]
Reward for thread 4: [-27.47, -23.63, -23.42] -24.84  Inventory: [0.0, 0.0, 0.0]  Order: [8.75, 8.87, 8.92] Demand: [9.225]
Reward for thread 5: [-23.83, -25.95, -25.65] -25.14  Inventory: [0.0, 0.0, 0.0]  Order: [11.8, 11.96, 11.93] Demand: [11.75]

 Algo happo Exp ippo_seed11_formal_v1 updates 326/3000 episodes, total num timesteps 327000/3000000, FPS 117.

Reward for thread 1: [-18.87, -24.0, -23.68] -22.18  Inventory: [12.0, 25.0, 43.0]  Order: [6.56, 6.44, 6.4] Demand: [6.74]
Reward for thread 2: [-14.12, -19.24, -20.97] -18.11  Inventory: [0.0, 0.0, 0.0]  Order: [5.5, 5.58, 5.48] Demand: [5.33]
Reward for thread 3: [-21.13, -27.53, -26.05] -24.9  Inventory: [40.0, 25.0, 18.0]  Order: [6.95, 6.96, 6.88] Demand: [6.91]
Reward for thread 4: [-14.89, -21.45, -22.98] -19.77  Inventory: [8.0, 21.0, 43.0]  Order: [6.63, 6.5, 6.47] Demand: [6.83]
Reward for thread 5: [-13.32, -18.2, -18.64] -16.72  Inventory: [0.0, 0.0, 0.0]  Order: [8.68, 8.68, 8.61] Demand: [8.57]

 Algo happo Exp ippo_seed11_formal_v1 updates 327/3000 episodes, total num timesteps 328000/3000000, FPS 117.

Reward for thread 1: [-17.97, -22.36, -21.76] -20.7  Inventory: [0.0, 17.0, 7.0]  Order: [9.77, 9.67, 9.61] Demand: [9.855]
Reward for thread 2: [-26.15, -26.69, -29.33] -27.39  Inventory: [69.0, 19.0, 24.0]  Order: [1.78, 1.64, 1.5] Demand: [1.665]
Reward for thread 3: [-16.54, -20.0, -19.26] -18.6  Inventory: [0.0, 8.0, 8.0]  Order: [10.71, 10.84, 10.9] Demand: [10.825]
Reward for thread 4: [-52.96, -31.49, -30.8] -38.42  Inventory: [0.0, 0.0, 0.0]  Order: [13.62, 13.6, 13.62] Demand: [14.615]
Reward for thread 5: [-22.42, -23.49, -22.14] -22.68  Inventory: [28.0, 56.0, 55.0]  Order: [10.8, 10.94, 10.96] Demand: [10.8]

 Algo happo Exp ippo_seed11_formal_v1 updates 328/3000 episodes, total num timesteps 329000/3000000, FPS 117.

Reward for thread 1: [-24.3, -28.74, -26.4] -26.48  Inventory: [8.0, 18.0, 24.0]  Order: [8.66, 8.54, 8.48] Demand: [8.785]
Reward for thread 2: [-18.73, -23.76, -23.3] -21.93  Inventory: [19.0, 53.0, 42.0]  Order: [9.2, 9.22, 9.19] Demand: [9.26]
Reward for thread 3: [-29.15, -23.17, -21.63] -24.65  Inventory: [0.0, 0.0, 0.0]  Order: [11.39, 11.36, 11.34] Demand: [12.08]
Reward for thread 4: [-57.23, -28.71, -28.32] -38.09  Inventory: [0.0, 0.0, 0.0]  Order: [11.65, 11.72, 11.74] Demand: [13.02]
Reward for thread 5: [-17.5, -24.75, -23.73] -21.99  Inventory: [5.0, 7.0, 0.0]  Order: [5.16, 5.0, 4.86] Demand: [5.26]

 Algo happo Exp ippo_seed11_formal_v1 updates 329/3000 episodes, total num timesteps 330000/3000000, FPS 117.

Reward for thread 1: [-13.27, -17.37, -21.24] -17.29  Inventory: [22.0, 20.0, 35.0]  Order: [4.21, 4.28, 4.3] Demand: [4.275]
Reward for thread 2: [-67.19, -29.72, -30.02] -42.31  Inventory: [0.0, 0.0, 0.0]  Order: [12.96, 13.02, 13.04] Demand: [14.405]
Reward for thread 3: [-22.86, -22.43, -21.1] -22.13  Inventory: [0.0, 0.0, 0.0]  Order: [10.66, 10.68, 10.68] Demand: [10.675]
Reward for thread 4: [-15.41, -20.38, -20.5] -18.76  Inventory: [0.0, 1.0, 0.0]  Order: [4.84, 4.69, 4.61] Demand: [5.005]
Reward for thread 5: [-16.18, -19.32, -21.58] -19.03  Inventory: [0.0, 8.0, 0.0]  Order: [10.34, 10.43, 10.49] Demand: [10.605]

Eval average reward:  -25.168833333333335  Eval ordering fluctuation measurement (downstream to upstream):  [0.8608426577074415, 1.0296036662083574, 1.161827048119869]

 Algo happo Exp ippo_seed11_formal_v1 updates 330/3000 episodes, total num timesteps 331000/3000000, FPS 117.

Reward for thread 1: [-28.12, -26.78, -23.53] -26.14  Inventory: [0.0, 0.0, 0.0]  Order: [10.4, 10.38, 10.14] Demand: [10.405]
Reward for thread 2: [-17.49, -21.85, -20.25] -19.86  Inventory: [7.0, 14.0, 12.0]  Order: [8.38, 8.29, 8.26] Demand: [8.515]
Reward for thread 3: [-22.54, -23.86, -20.64] -22.35  Inventory: [0.0, 0.0, 0.0]  Order: [10.01, 10.01, 10.06] Demand: [10.32]
Reward for thread 4: [-13.92, -18.76, -17.31] -16.66  Inventory: [9.0, 20.0, 0.0]  Order: [7.45, 7.48, 7.45] Demand: [7.525]
Reward for thread 5: [-34.07, -21.09, -22.19] -25.78  Inventory: [16.0, 19.0, 0.0]  Order: [14.36, 14.5, 14.49] Demand: [14.315]

 Algo happo Exp ippo_seed11_formal_v1 updates 331/3000 episodes, total num timesteps 332000/3000000, FPS 117.

Reward for thread 1: [-41.82, -29.32, -29.4] -33.51  Inventory: [0.0, 0.0, 0.0]  Order: [12.28, 12.38, 12.34] Demand: [12.26]
Reward for thread 2: [-12.88, -18.6, -17.74] -16.41  Inventory: [0.0, 16.0, 22.0]  Order: [6.26, 6.2, 6.08] Demand: [6.435]
Reward for thread 3: [-12.58, -17.84, -16.14] -15.52  Inventory: [10.0, 29.0, 39.0]  Order: [5.01, 4.92, 4.87] Demand: [5.185]
Reward for thread 4: [-16.26, -19.08, -21.19] -18.84  Inventory: [0.0, 0.0, 0.0]  Order: [9.78, 9.88, 9.9] Demand: [9.865]
Reward for thread 5: [-12.36, -17.0, -15.68] -15.01  Inventory: [13.0, 32.0, 29.0]  Order: [8.35, 8.32, 8.22] Demand: [8.485]

 Algo happo Exp ippo_seed11_formal_v1 updates 332/3000 episodes, total num timesteps 333000/3000000, FPS 117.

Reward for thread 1: [-68.43, -39.98, -37.86] -48.76  Inventory: [3.0, 25.0, 11.0]  Order: [10.2, 10.11, 9.96] Demand: [10.435]
Reward for thread 2: [-18.88, -22.95, -27.07] -22.97  Inventory: [30.0, 18.0, 15.0]  Order: [8.22, 8.3, 8.24] Demand: [8.175]
Reward for thread 3: [-24.12, -22.2, -20.6] -22.31  Inventory: [0.0, 0.0, 0.0]  Order: [12.04, 12.1, 12.04] Demand: [12.215]
Reward for thread 4: [-47.7, -33.36, -41.12] -40.73  Inventory: [123.0, 38.0, 35.0]  Order: [1.27, 1.22, 1.14] Demand: [0.91]
Reward for thread 5: [-16.87, -20.67, -19.33] -18.96  Inventory: [39.0, 60.0, 61.0]  Order: [11.72, 11.86, 11.96] Demand: [11.69]

 Algo happo Exp ippo_seed11_formal_v1 updates 333/3000 episodes, total num timesteps 334000/3000000, FPS 117.

Reward for thread 1: [-20.51, -18.41, -18.91] -19.28  Inventory: [0.0, 14.0, 0.0]  Order: [12.58, 12.77, 12.85] Demand: [12.84]
Reward for thread 2: [-30.01, -18.14, -18.74] -22.3  Inventory: [0.0, 0.0, 0.0]  Order: [12.7, 12.78, 12.82] Demand: [13.525]
Reward for thread 3: [-20.98, -24.66, -25.8] -23.81  Inventory: [21.0, 18.0, 42.0]  Order: [1.62, 1.46, 1.44] Demand: [1.72]
Reward for thread 4: [-21.03, -26.14, -28.35] -25.17  Inventory: [11.0, 27.0, 9.0]  Order: [4.29, 4.22, 4.16] Demand: [4.455]
Reward for thread 5: [-11.8, -15.68, -16.43] -14.64  Inventory: [0.0, 0.0, 2.0]  Order: [7.22, 7.17, 7.12] Demand: [7.26]

 Algo happo Exp ippo_seed11_formal_v1 updates 334/3000 episodes, total num timesteps 335000/3000000, FPS 117.

Reward for thread 1: [-34.6, -25.12, -22.6] -27.44  Inventory: [0.0, 0.0, 24.0]  Order: [13.34, 13.25, 13.26] Demand: [14.06]
Reward for thread 2: [-12.85, -17.05, -17.73] -15.88  Inventory: [19.0, 53.0, 37.0]  Order: [4.93, 4.97, 4.99] Demand: [5.01]
Reward for thread 3: [-15.55, -21.82, -22.01] -19.79  Inventory: [7.0, 26.0, 29.0]  Order: [2.34, 2.22, 2.13] Demand: [2.535]
Reward for thread 4: [-9.92, -14.04, -15.54] -13.17  Inventory: [2.0, 13.0, 20.0]  Order: [3.27, 3.14, 3.0] Demand: [3.44]
Reward for thread 5: [-39.68, -21.66, -21.37] -27.57  Inventory: [0.0, 0.0, 0.0]  Order: [15.04, 15.06, 15.14] Demand: [15.455]

Eval average reward:  -23.802583333333335  Eval ordering fluctuation measurement (downstream to upstream):  [0.8577202897803897, 1.0352103018859469, 1.1773307174790122]

 Algo happo Exp ippo_seed11_formal_v1 updates 335/3000 episodes, total num timesteps 336000/3000000, FPS 117.

Reward for thread 1: [-30.46, -24.75, -22.1] -25.77  Inventory: [0.0, 4.0, 6.0]  Order: [12.22, 12.27, 12.26] Demand: [12.195]
Reward for thread 2: [-83.47, -39.92, -32.58] -51.99  Inventory: [0.0, 0.0, 0.0]  Order: [14.85, 14.64, 14.72] Demand: [15.855]
Reward for thread 3: [-38.24, -24.76, -21.74] -28.25  Inventory: [0.0, 5.0, 0.0]  Order: [14.78, 14.94, 14.97] Demand: [14.79]
Reward for thread 4: [-12.86, -19.74, -21.59] -18.06  Inventory: [1.0, 22.0, 52.0]  Order: [4.5, 4.36, 4.39] Demand: [4.735]
Reward for thread 5: [-13.04, -18.11, -17.75] -16.3  Inventory: [31.0, 41.0, 49.0]  Order: [6.02, 5.98, 5.98] Demand: [6.105]

 Algo happo Exp ippo_seed11_formal_v1 updates 336/3000 episodes, total num timesteps 337000/3000000, FPS 117.

Reward for thread 1: [-16.29, -19.9, -20.5] -18.9  Inventory: [8.0, 17.0, 8.0]  Order: [8.24, 8.15, 8.13] Demand: [8.365]
Reward for thread 2: [-20.83, -21.09, -21.52] -21.15  Inventory: [11.0, 20.0, 46.0]  Order: [7.38, 7.28, 7.32] Demand: [7.415]
Reward for thread 3: [-62.63, -28.01, -27.67] -39.44  Inventory: [0.0, 0.0, 0.0]  Order: [15.41, 15.43, 15.49] Demand: [16.335]
Reward for thread 4: [-26.64, -24.48, -25.36] -25.49  Inventory: [0.0, 6.0, 0.0]  Order: [10.25, 10.36, 10.38] Demand: [10.31]
Reward for thread 5: [-91.13, -37.06, -35.43] -54.54  Inventory: [22.0, 39.0, 22.0]  Order: [14.42, 14.39, 14.26] Demand: [14.535]

 Algo happo Exp ippo_seed11_formal_v1 updates 337/3000 episodes, total num timesteps 338000/3000000, FPS 117.

Reward for thread 1: [-14.95, -17.49, -18.19] -16.88  Inventory: [19.0, 15.0, 26.0]  Order: [7.02, 6.91, 6.8] Demand: [7.165]
Reward for thread 2: [-13.98, -18.39, -20.59] -17.65  Inventory: [0.0, 0.0, 0.0]  Order: [6.87, 6.93, 6.86] Demand: [6.585]
Reward for thread 3: [-19.86, -21.37, -20.97] -20.73  Inventory: [9.0, 20.0, 31.0]  Order: [11.22, 11.2, 11.17] Demand: [11.315]
Reward for thread 4: [-13.06, -19.11, -17.76] -16.64  Inventory: [0.0, 7.0, 5.0]  Order: [2.56, 2.4, 2.26] Demand: [2.795]
Reward for thread 5: [-14.73, -17.52, -16.99] -16.41  Inventory: [11.0, 0.0, 0.0]  Order: [10.68, 10.8, 10.72] Demand: [10.59]

 Algo happo Exp ippo_seed11_formal_v1 updates 338/3000 episodes, total num timesteps 339000/3000000, FPS 117.

Reward for thread 1: [-33.49, -22.5, -22.92] -26.3  Inventory: [0.0, 0.0, 12.0]  Order: [10.81, 10.84, 10.94] Demand: [11.69]
Reward for thread 2: [-39.43, -27.77, -22.46] -29.89  Inventory: [0.0, 0.0, 0.0]  Order: [14.6, 14.57, 14.68] Demand: [14.58]
Reward for thread 3: [-14.56, -19.44, -19.67] -17.89  Inventory: [0.0, 0.0, 9.0]  Order: [9.22, 9.2, 9.16] Demand: [9.21]
Reward for thread 4: [-11.43, -14.72, -16.61] -14.25  Inventory: [4.0, 15.0, 16.0]  Order: [5.67, 5.57, 5.52] Demand: [5.825]
Reward for thread 5: [-12.93, -19.26, -17.98] -16.72  Inventory: [0.0, 27.0, 19.0]  Order: [4.64, 4.6, 4.58] Demand: [4.8]

 Algo happo Exp ippo_seed11_formal_v1 updates 339/3000 episodes, total num timesteps 340000/3000000, FPS 117.

Reward for thread 1: [-86.14, -43.62, -36.43] -55.4  Inventory: [0.0, 0.0, 0.0]  Order: [13.58, 13.75, 13.76] Demand: [14.675]
Reward for thread 2: [-14.41, -19.89, -20.7] -18.33  Inventory: [2.0, 25.0, 20.0]  Order: [6.44, 6.44, 6.32] Demand: [6.6]
Reward for thread 3: [-14.09, -18.88, -18.07] -17.01  Inventory: [5.0, 19.0, 29.0]  Order: [7.86, 7.78, 7.68] Demand: [8.04]
Reward for thread 4: [-16.4, -20.11, -22.14] -19.55  Inventory: [9.0, 10.0, 26.0]  Order: [7.04, 6.88, 6.76] Demand: [7.15]
Reward for thread 5: [-14.34, -22.15, -21.96] -19.48  Inventory: [11.0, 27.0, 21.0]  Order: [2.3, 2.19, 2.12] Demand: [2.47]

Eval average reward:  -25.51225  Eval ordering fluctuation measurement (downstream to upstream):  [0.9194331657317368, 1.0367577637177532, 1.1612843785656364]

 Algo happo Exp ippo_seed11_formal_v1 updates 340/3000 episodes, total num timesteps 341000/3000000, FPS 117.

Reward for thread 1: [-13.98, -19.6, -17.8] -17.13  Inventory: [1.0, 0.0, 7.0]  Order: [7.34, 7.18, 7.1] Demand: [7.415]
Reward for thread 2: [-22.42, -22.19, -22.2] -22.27  Inventory: [15.0, 30.0, 14.0]  Order: [8.21, 8.15, 8.06] Demand: [8.37]
Reward for thread 3: [-14.42, -23.02, -25.96] -21.13  Inventory: [16.0, 29.0, 58.0]  Order: [1.36, 1.25, 1.3] Demand: [1.53]
Reward for thread 4: [-15.16, -18.67, -18.41] -17.41  Inventory: [9.0, 10.0, 17.0]  Order: [7.74, 7.72, 7.64] Demand: [7.725]
Reward for thread 5: [-19.57, -23.79, -24.61] -22.66  Inventory: [0.0, 0.0, 0.0]  Order: [6.64, 6.52, 6.32] Demand: [6.735]

 Algo happo Exp ippo_seed11_formal_v1 updates 341/3000 episodes, total num timesteps 342000/3000000, FPS 117.

Reward for thread 1: [-16.77, -22.74, -23.87] -21.13  Inventory: [0.0, 25.0, 60.0]  Order: [7.42, 7.36, 7.44] Demand: [7.49]
Reward for thread 2: [-16.88, -19.66, -18.4] -18.31  Inventory: [12.0, 17.0, 27.0]  Order: [9.45, 9.35, 9.26] Demand: [9.34]
Reward for thread 3: [-10.84, -16.33, -15.7] -14.29  Inventory: [0.0, 0.0, 23.0]  Order: [3.48, 3.3, 3.18] Demand: [3.67]
Reward for thread 4: [-16.08, -17.33, -19.35] -17.59  Inventory: [10.0, 12.0, 26.0]  Order: [7.16, 7.12, 7.04] Demand: [7.33]
Reward for thread 5: [-13.43, -18.22, -19.66] -17.1  Inventory: [3.0, 7.0, 6.0]  Order: [4.18, 4.04, 3.83] Demand: [4.405]

 Algo happo Exp ippo_seed11_formal_v1 updates 342/3000 episodes, total num timesteps 343000/3000000, FPS 117.

Reward for thread 1: [-13.88, -15.4, -14.96] -14.75  Inventory: [19.0, 54.0, 35.0]  Order: [8.44, 8.49, 8.6] Demand: [8.455]
Reward for thread 2: [-26.51, -21.05, -20.57] -22.71  Inventory: [0.0, 17.0, 12.0]  Order: [11.2, 11.36, 11.48] Demand: [11.325]
Reward for thread 3: [-24.95, -20.06, -22.99] -22.67  Inventory: [0.0, 0.0, 0.0]  Order: [11.04, 11.14, 11.2] Demand: [11.535]
Reward for thread 4: [-34.02, -21.34, -21.62] -25.66  Inventory: [0.0, 0.0, 0.0]  Order: [12.0, 11.94, 11.7] Demand: [12.02]
Reward for thread 5: [-21.23, -23.44, -22.4] -22.36  Inventory: [0.0, 0.0, 0.0]  Order: [10.78, 10.85, 10.86] Demand: [11.125]

 Algo happo Exp ippo_seed11_formal_v1 updates 343/3000 episodes, total num timesteps 344000/3000000, FPS 117.

Reward for thread 1: [-14.87, -19.73, -23.19] -19.26  Inventory: [0.0, 22.0, 57.0]  Order: [3.82, 3.68, 3.73] Demand: [4.075]
Reward for thread 2: [-17.91, -19.82, -19.92] -19.22  Inventory: [0.0, 14.0, 0.0]  Order: [9.54, 9.7, 9.72] Demand: [9.56]
Reward for thread 3: [-102.07, -41.18, -40.38] -61.21  Inventory: [0.0, 32.0, 40.0]  Order: [12.18, 12.22, 12.21] Demand: [14.325]
Reward for thread 4: [-13.24, -17.82, -22.28] -17.78  Inventory: [0.0, 8.0, 34.0]  Order: [4.52, 4.38, 4.3] Demand: [4.73]
Reward for thread 5: [-16.56, -21.02, -20.71] -19.43  Inventory: [0.0, 0.0, 0.0]  Order: [7.95, 7.89, 7.84] Demand: [8.03]

 Algo happo Exp ippo_seed11_formal_v1 updates 344/3000 episodes, total num timesteps 345000/3000000, FPS 117.

Reward for thread 1: [-38.84, -27.53, -22.79] -29.72  Inventory: [0.0, 0.0, 0.0]  Order: [11.67, 11.77, 11.76] Demand: [11.605]
Reward for thread 2: [-15.66, -20.03, -20.58] -18.76  Inventory: [2.0, 0.0, 17.0]  Order: [6.42, 6.35, 6.32] Demand: [6.355]
Reward for thread 3: [-21.55, -21.81, -21.61] -21.66  Inventory: [8.0, 32.0, 48.0]  Order: [7.37, 7.28, 7.28] Demand: [7.555]
Reward for thread 4: [-100.34, -38.08, -39.25] -59.22  Inventory: [0.0, 0.0, 0.0]  Order: [11.02, 11.06, 11.12] Demand: [13.72]
Reward for thread 5: [-13.64, -19.04, -21.41] -18.03  Inventory: [6.0, 24.0, 14.0]  Order: [4.3, 4.25, 4.16] Demand: [4.355]

Eval average reward:  -24.889083333333335  Eval ordering fluctuation measurement (downstream to upstream):  [0.8376511524053779, 1.012871841518512, 1.135612674041821]

 Algo happo Exp ippo_seed11_formal_v1 updates 345/3000 episodes, total num timesteps 346000/3000000, FPS 117.

Reward for thread 1: [-18.63, -21.02, -20.45] -20.03  Inventory: [14.0, 20.0, 8.0]  Order: [8.96, 8.98, 8.9] Demand: [9.09]
Reward for thread 2: [-32.18, -22.74, -21.49] -25.47  Inventory: [0.0, 0.0, 0.0]  Order: [12.64, 12.75, 12.79] Demand: [13.295]
Reward for thread 3: [-13.84, -19.7, -20.65] -18.06  Inventory: [27.0, 21.0, 19.0]  Order: [1.81, 1.69, 1.55] Demand: [1.91]
Reward for thread 4: [-15.7, -18.91, -20.3] -18.3  Inventory: [9.0, 7.0, 10.0]  Order: [8.19, 8.09, 8.05] Demand: [8.335]
Reward for thread 5: [-25.47, -28.59, -39.67] -31.24  Inventory: [46.0, 29.0, 57.0]  Order: [2.4, 2.3, 2.35] Demand: [2.415]

 Algo happo Exp ippo_seed11_formal_v1 updates 346/3000 episodes, total num timesteps 347000/3000000, FPS 117.

Reward for thread 1: [-184.03, -59.11, -60.49] -101.21  Inventory: [0.0, 7.0, 17.0]  Order: [9.7, 9.6, 9.59] Demand: [10.905]
Reward for thread 2: [-14.63, -21.15, -22.99] -19.59  Inventory: [0.0, 24.0, 17.0]  Order: [5.33, 5.21, 5.04] Demand: [5.525]
Reward for thread 3: [-72.69, -30.28, -31.4] -44.79  Inventory: [0.0, 13.0, 27.0]  Order: [10.6, 10.59, 10.54] Demand: [12.695]
Reward for thread 4: [-292.08, -87.52, -88.67] -156.09  Inventory: [0.0, 26.0, 29.0]  Order: [9.6, 9.52, 9.54] Demand: [14.43]
Reward for thread 5: [-15.18, -22.13, -25.75] -21.02  Inventory: [2.0, 32.0, 29.0]  Order: [2.4, 2.31, 2.2] Demand: [2.635]

 Algo happo Exp ippo_seed11_formal_v1 updates 347/3000 episodes, total num timesteps 348000/3000000, FPS 117.

Reward for thread 1: [-12.66, -17.81, -18.26] -16.24  Inventory: [6.0, 23.0, 32.0]  Order: [4.88, 4.8, 4.71] Demand: [5.005]
Reward for thread 2: [-13.94, -19.8, -21.91] -18.55  Inventory: [8.0, 8.0, 20.0]  Order: [6.18, 6.14, 6.0] Demand: [6.33]
Reward for thread 3: [-184.19, -60.15, -59.66] -101.33  Inventory: [0.0, 36.0, 35.0]  Order: [10.4, 10.42, 10.5] Demand: [13.44]
Reward for thread 4: [-58.65, -32.51, -32.57] -41.24  Inventory: [0.0, 35.0, 24.0]  Order: [10.3, 10.34, 10.35] Demand: [12.62]
Reward for thread 5: [-175.8, -57.2, -60.05] -97.68  Inventory: [0.0, 40.0, 38.0]  Order: [9.39, 9.34, 9.28] Demand: [9.65]

 Algo happo Exp ippo_seed11_formal_v1 updates 348/3000 episodes, total num timesteps 349000/3000000, FPS 117.

Reward for thread 1: [-10.88, -15.57, -17.42] -14.62  Inventory: [0.0, 0.0, 0.0]  Order: [3.34, 3.27, 3.08] Demand: [3.47]
Reward for thread 2: [-12.88, -18.72, -19.35] -16.98  Inventory: [3.0, 25.0, 29.0]  Order: [5.6, 5.49, 5.46] Demand: [5.705]
Reward for thread 3: [-24.3, -24.56, -24.85] -24.57  Inventory: [18.0, 33.0, 29.0]  Order: [10.4, 10.34, 10.27] Demand: [10.445]
Reward for thread 4: [-111.12, -40.34, -43.01] -64.82  Inventory: [0.0, 0.0, 4.0]  Order: [11.34, 11.34, 11.22] Demand: [12.99]
Reward for thread 5: [-14.06, -16.58, -17.07] -15.9  Inventory: [7.0, 22.0, 32.0]  Order: [8.12, 7.99, 7.9] Demand: [8.275]

 Algo happo Exp ippo_seed11_formal_v1 updates 349/3000 episodes, total num timesteps 350000/3000000, FPS 117.

Reward for thread 1: [-16.0, -21.11, -20.61] -19.24  Inventory: [6.0, 10.0, 10.0]  Order: [6.92, 6.86, 6.86] Demand: [6.975]
Reward for thread 2: [-17.96, -20.74, -18.68] -19.13  Inventory: [11.0, 30.0, 4.0]  Order: [6.51, 6.48, 6.38] Demand: [6.68]
Reward for thread 3: [-10.75, -16.19, -19.72] -15.55  Inventory: [1.0, 24.0, 13.0]  Order: [2.72, 2.62, 2.46] Demand: [2.95]
Reward for thread 4: [-171.7, -58.87, -59.27] -96.61  Inventory: [0.0, 0.0, 0.0]  Order: [11.04, 11.16, 11.06] Demand: [15.055]
Reward for thread 5: [-32.23, -23.15, -23.56] -26.31  Inventory: [2.0, 33.0, 28.0]  Order: [5.81, 5.73, 5.62] Demand: [6.04]

Eval average reward:  -26.211583333333333  Eval ordering fluctuation measurement (downstream to upstream):  [0.8620987711628777, 1.037954555169064, 1.148594936016206]

 Algo happo Exp ippo_seed11_formal_v1 updates 350/3000 episodes, total num timesteps 351000/3000000, FPS 117.

Reward for thread 1: [-11.13, -16.23, -15.78] -14.38  Inventory: [12.0, 28.0, 5.0]  Order: [6.52, 6.56, 6.52] Demand: [6.57]
Reward for thread 2: [-33.1, -22.16, -22.46] -25.91  Inventory: [0.0, 0.0, 0.0]  Order: [11.31, 11.36, 11.44] Demand: [12.27]
Reward for thread 3: [-12.44, -19.46, -19.18] -17.03  Inventory: [0.0, 20.0, 26.0]  Order: [3.5, 3.36, 3.24] Demand: [3.75]
Reward for thread 4: [-19.23, -19.08, -18.84] -19.05  Inventory: [0.0, 23.0, 40.0]  Order: [11.02, 11.08, 11.12] Demand: [11.52]
Reward for thread 5: [-109.26, -43.7, -43.02] -65.33  Inventory: [0.0, 16.0, 27.0]  Order: [12.28, 12.22, 12.14] Demand: [14.065]

 Algo happo Exp ippo_seed11_formal_v1 updates 351/3000 episodes, total num timesteps 352000/3000000, FPS 117.

Reward for thread 1: [-13.19, -18.06, -18.87] -16.71  Inventory: [7.0, 14.0, 2.0]  Order: [6.85, 6.73, 6.6] Demand: [7.01]
Reward for thread 2: [-203.88, -64.68, -65.46] -111.34  Inventory: [0.0, 22.0, 7.0]  Order: [12.99, 13.04, 13.0] Demand: [17.175]
Reward for thread 3: [-17.8, -23.68, -24.78] -22.09  Inventory: [49.0, 46.0, 46.0]  Order: [6.63, 6.62, 6.62] Demand: [6.62]
Reward for thread 4: [-25.83, -21.34, -20.42] -22.53  Inventory: [0.0, 0.0, 9.0]  Order: [11.57, 11.5, 11.5] Demand: [12.515]
Reward for thread 5: [-155.37, -50.59, -51.57] -85.84  Inventory: [0.0, 0.0, 0.0]  Order: [11.1, 11.14, 11.1] Demand: [14.475]

 Algo happo Exp ippo_seed11_formal_v1 updates 352/3000 episodes, total num timesteps 353000/3000000, FPS 117.

Reward for thread 1: [-11.62, -20.93, -20.54] -17.7  Inventory: [9.0, 21.0, 31.0]  Order: [0.92, 0.78, 0.7] Demand: [1.125]
Reward for thread 2: [-20.1, -19.47, -20.53] -20.03  Inventory: [0.0, 11.0, 23.0]  Order: [9.14, 9.02, 8.94] Demand: [9.245]
Reward for thread 3: [-62.18, -29.75, -30.3] -40.74  Inventory: [0.0, 0.0, 0.0]  Order: [11.78, 11.77, 11.72] Demand: [13.85]
Reward for thread 4: [-10.94, -19.12, -20.39] -16.82  Inventory: [0.0, 15.0, 4.0]  Order: [3.3, 3.27, 3.06] Demand: [3.545]
Reward for thread 5: [-13.1, -17.78, -19.45] -16.78  Inventory: [14.0, 7.0, 35.0]  Order: [6.94, 6.88, 6.8] Demand: [7.105]

 Algo happo Exp ippo_seed11_formal_v1 updates 353/3000 episodes, total num timesteps 354000/3000000, FPS 117.

Reward for thread 1: [-16.73, -24.45, -26.44] -22.54  Inventory: [0.0, 0.0, 0.0]  Order: [5.82, 5.93, 5.88] Demand: [5.875]
Reward for thread 2: [-16.03, -21.09, -18.71] -18.61  Inventory: [0.0, 15.0, 17.0]  Order: [8.3, 8.2, 8.04] Demand: [8.485]
Reward for thread 3: [-12.53, -18.92, -19.46] -16.97  Inventory: [23.0, 70.0, 67.0]  Order: [5.29, 5.39, 5.48] Demand: [5.345]
Reward for thread 4: [-106.57, -41.39, -38.91] -62.29  Inventory: [0.0, 0.0, 0.0]  Order: [12.17, 12.14, 12.12] Demand: [13.75]
Reward for thread 5: [-12.92, -18.35, -19.15] -16.81  Inventory: [0.0, 3.0, 13.0]  Order: [6.9, 6.92, 6.82] Demand: [6.935]

 Algo happo Exp ippo_seed11_formal_v1 updates 354/3000 episodes, total num timesteps 355000/3000000, FPS 117.

Reward for thread 1: [-13.9, -16.5, -18.16] -16.19  Inventory: [11.0, 5.0, 37.0]  Order: [7.33, 7.16, 7.1] Demand: [7.42]
Reward for thread 2: [-13.84, -18.66, -22.1] -18.2  Inventory: [21.0, 15.0, 45.0]  Order: [3.03, 2.88, 2.86] Demand: [3.17]
Reward for thread 3: [-33.47, -25.29, -23.57] -27.44  Inventory: [0.0, 0.0, 5.0]  Order: [12.56, 12.62, 12.74] Demand: [13.15]
Reward for thread 4: [-13.61, -20.34, -22.8] -18.92  Inventory: [2.0, 24.0, 23.0]  Order: [3.21, 3.1, 2.97] Demand: [3.45]
Reward for thread 5: [-54.03, -28.87, -28.81] -37.24  Inventory: [1.0, 37.0, 45.0]  Order: [10.17, 10.1, 10.1] Demand: [10.4]

Eval average reward:  -25.819666666666663  Eval ordering fluctuation measurement (downstream to upstream):  [0.8663614478101481, 1.0343399296332934, 1.148571297860861]

 Algo happo Exp ippo_seed11_formal_v1 updates 355/3000 episodes, total num timesteps 356000/3000000, FPS 117.

Reward for thread 1: [-20.54, -22.91, -22.86] -22.1  Inventory: [0.0, 0.0, 0.0]  Order: [9.55, 9.44, 9.32] Demand: [9.515]
Reward for thread 2: [-16.42, -18.5, -20.58] -18.5  Inventory: [0.0, 0.0, 0.0]  Order: [7.42, 7.4, 7.37] Demand: [7.485]
Reward for thread 3: [-15.86, -18.02, -19.93] -17.94  Inventory: [24.0, 39.0, 41.0]  Order: [8.76, 8.71, 8.68] Demand: [8.79]
Reward for thread 4: [-14.3, -20.44, -22.44] -19.06  Inventory: [4.0, 0.0, 8.0]  Order: [5.77, 5.62, 5.56] Demand: [5.895]
Reward for thread 5: [-15.19, -17.66, -20.74] -17.86  Inventory: [15.0, 5.0, 42.0]  Order: [8.79, 8.6, 8.56] Demand: [8.94]

 Algo happo Exp ippo_seed11_formal_v1 updates 356/3000 episodes, total num timesteps 357000/3000000, FPS 117.

Reward for thread 1: [-26.21, -24.3, -24.92] -25.14  Inventory: [0.0, 2.0, 0.0]  Order: [9.05, 8.95, 8.86] Demand: [9.21]
Reward for thread 2: [-23.97, -23.42, -22.21] -23.2  Inventory: [0.0, 0.0, 0.0]  Order: [10.51, 10.62, 10.63] Demand: [10.62]
Reward for thread 3: [-15.3, -20.11, -21.79] -19.07  Inventory: [50.0, 63.0, 61.0]  Order: [7.22, 7.3, 7.38] Demand: [7.205]
Reward for thread 4: [-19.69, -21.31, -21.53] -20.84  Inventory: [0.0, 0.0, 1.0]  Order: [9.64, 9.66, 9.59] Demand: [9.71]
Reward for thread 5: [-12.49, -20.59, -21.64] -18.24  Inventory: [16.0, 25.0, 34.0]  Order: [1.08, 0.96, 0.89] Demand: [1.245]

 Algo happo Exp ippo_seed11_formal_v1 updates 357/3000 episodes, total num timesteps 358000/3000000, FPS 117.

Reward for thread 1: [-16.1, -23.17, -22.82] -20.7  Inventory: [4.0, 19.0, 18.0]  Order: [6.62, 6.51, 6.35] Demand: [6.805]
Reward for thread 2: [-41.29, -28.9, -22.91] -31.03  Inventory: [0.0, 3.0, 34.0]  Order: [11.96, 11.96, 11.98] Demand: [11.91]
Reward for thread 3: [-11.68, -18.96, -17.65] -16.1  Inventory: [2.0, 28.0, 22.0]  Order: [5.61, 5.52, 5.38] Demand: [5.79]
Reward for thread 4: [-12.49, -20.6, -19.42] -17.5  Inventory: [0.0, 11.0, 0.0]  Order: [3.2, 3.16, 3.0] Demand: [3.43]
Reward for thread 5: [-18.87, -20.5, -20.54] -19.97  Inventory: [0.0, 0.0, 0.0]  Order: [10.6, 10.51, 10.51] Demand: [10.69]

 Algo happo Exp ippo_seed11_formal_v1 updates 358/3000 episodes, total num timesteps 359000/3000000, FPS 117.

Reward for thread 1: [-11.91, -20.48, -19.61] -17.33  Inventory: [5.0, 29.0, 30.0]  Order: [3.02, 2.92, 2.82] Demand: [3.22]
Reward for thread 2: [-15.6, -20.66, -19.87] -18.71  Inventory: [15.0, 53.0, 37.0]  Order: [7.9, 7.91, 7.84] Demand: [8.04]
Reward for thread 3: [-31.9, -26.0, -19.8] -25.9  Inventory: [0.0, 0.0, 0.0]  Order: [13.04, 13.09, 13.18] Demand: [13.49]
Reward for thread 4: [-14.18, -17.93, -18.61] -16.91  Inventory: [0.0, 0.0, 0.0]  Order: [7.21, 7.18, 7.12] Demand: [7.21]
Reward for thread 5: [-13.66, -15.38, -16.1] -15.05  Inventory: [0.0, 0.0, 0.0]  Order: [8.51, 8.47, 8.3] Demand: [8.615]

 Algo happo Exp ippo_seed11_formal_v1 updates 359/3000 episodes, total num timesteps 360000/3000000, FPS 117.

Reward for thread 1: [-37.51, -32.68, -24.1] -31.43  Inventory: [0.0, 0.0, 1.0]  Order: [13.38, 13.18, 13.26] Demand: [13.735]
Reward for thread 2: [-18.15, -20.8, -19.4] -19.45  Inventory: [7.0, 32.0, 24.0]  Order: [9.4, 9.33, 9.22] Demand: [9.6]
Reward for thread 3: [-51.86, -27.77, -27.03] -35.55  Inventory: [0.0, 22.0, 9.0]  Order: [10.67, 10.56, 10.42] Demand: [10.89]
Reward for thread 4: [-14.88, -16.15, -16.25] -15.76  Inventory: [0.0, 0.0, 0.0]  Order: [8.91, 8.9, 8.94] Demand: [9.115]
Reward for thread 5: [-162.18, -97.77, -59.15] -106.37  Inventory: [0.0, 0.0, 0.0]  Order: [15.65, 14.74, 14.77] Demand: [15.225]

Eval average reward:  -26.456916666666668  Eval ordering fluctuation measurement (downstream to upstream):  [0.8893101332512308, 1.0357878226257493, 1.154819801750792]

 Algo happo Exp ippo_seed11_formal_v1 updates 360/3000 episodes, total num timesteps 361000/3000000, FPS 117.

Reward for thread 1: [-17.46, -24.64, -25.89] -22.66  Inventory: [3.0, 29.0, 42.0]  Order: [5.44, 5.34, 5.34] Demand: [5.645]
Reward for thread 2: [-27.93, -21.78, -21.97] -23.89  Inventory: [0.0, 0.0, 9.0]  Order: [10.52, 10.3, 10.26] Demand: [10.59]
Reward for thread 3: [-18.9, -20.39, -19.94] -19.74  Inventory: [13.0, 19.0, 17.0]  Order: [9.32, 9.18, 9.09] Demand: [9.37]
Reward for thread 4: [-12.38, -18.28, -18.1] -16.25  Inventory: [20.0, 43.0, 30.0]  Order: [4.2, 4.2, 4.12] Demand: [4.355]
Reward for thread 5: [-10.47, -16.4, -15.8] -14.22  Inventory: [0.0, 24.0, 24.0]  Order: [3.82, 3.72, 3.59] Demand: [4.06]

 Algo happo Exp ippo_seed11_formal_v1 updates 361/3000 episodes, total num timesteps 362000/3000000, FPS 117.

Reward for thread 1: [-50.87, -28.04, -30.36] -36.42  Inventory: [0.0, 0.0, 0.0]  Order: [11.02, 11.08, 10.94] Demand: [12.51]
Reward for thread 2: [-98.08, -39.5, -39.53] -59.04  Inventory: [0.0, 0.0, 16.0]  Order: [13.18, 13.02, 12.96] Demand: [15.54]
Reward for thread 3: [-49.88, -34.49, -26.55] -36.97  Inventory: [0.0, 14.0, 14.0]  Order: [11.04, 10.94, 10.82] Demand: [11.155]
Reward for thread 4: [-15.93, -24.3, -23.98] -21.4  Inventory: [4.0, 47.0, 20.0]  Order: [3.22, 3.2, 3.05] Demand: [3.445]
Reward for thread 5: [-19.84, -26.37, -25.05] -23.75  Inventory: [0.0, 4.0, 0.0]  Order: [8.11, 8.02, 7.84] Demand: [8.24]

 Algo happo Exp ippo_seed11_formal_v1 updates 362/3000 episodes, total num timesteps 363000/3000000, FPS 117.

Reward for thread 1: [-12.07, -18.77, -17.43] -16.09  Inventory: [2.0, 16.0, 7.0]  Order: [5.11, 5.0, 4.94] Demand: [5.26]
Reward for thread 2: [-13.35, -18.72, -20.2] -17.42  Inventory: [6.0, 14.0, 26.0]  Order: [4.3, 4.16, 4.04] Demand: [4.49]
Reward for thread 3: [-15.25, -21.83, -21.04] -19.37  Inventory: [1.0, 18.0, 21.0]  Order: [9.14, 9.24, 9.23] Demand: [9.085]
Reward for thread 4: [-13.29, -19.54, -18.21] -17.01  Inventory: [7.0, 29.0, 23.0]  Order: [3.82, 3.71, 3.58] Demand: [4.03]
Reward for thread 5: [-13.47, -20.18, -19.85] -17.83  Inventory: [1.0, 43.0, 37.0]  Order: [4.59, 4.57, 4.5] Demand: [4.75]

 Algo happo Exp ippo_seed11_formal_v1 updates 363/3000 episodes, total num timesteps 364000/3000000, FPS 117.

Reward for thread 1: [-80.42, -35.8, -34.1] -50.11  Inventory: [0.0, 0.0, 0.0]  Order: [11.54, 11.51, 11.39] Demand: [13.105]
Reward for thread 2: [-11.2, -15.55, -16.76] -14.5  Inventory: [1.0, 24.0, 42.0]  Order: [6.28, 6.16, 6.12] Demand: [6.385]
Reward for thread 3: [-14.34, -20.9, -18.75] -18.0  Inventory: [7.0, 16.0, 15.0]  Order: [1.73, 1.64, 1.58] Demand: [1.915]
Reward for thread 4: [-16.0, -20.76, -20.96] -19.24  Inventory: [0.0, 0.0, 0.0]  Order: [5.5, 5.34, 5.12] Demand: [5.52]
Reward for thread 5: [-25.75, -32.74, -29.2] -29.23  Inventory: [3.0, 46.0, 33.0]  Order: [5.54, 5.52, 5.44] Demand: [5.775]

 Algo happo Exp ippo_seed11_formal_v1 updates 364/3000 episodes, total num timesteps 365000/3000000, FPS 117.

Reward for thread 1: [-14.06, -16.78, -17.98] -16.27  Inventory: [9.0, 2.0, 0.0]  Order: [8.28, 8.24, 8.14] Demand: [8.4]
Reward for thread 2: [-203.9, -65.36, -66.54] -111.93  Inventory: [0.0, 10.0, 27.0]  Order: [10.68, 10.6, 10.48] Demand: [15.335]
Reward for thread 3: [-18.07, -19.25, -20.42] -19.25  Inventory: [8.0, 33.0, 22.0]  Order: [7.88, 7.82, 7.68] Demand: [8.055]
Reward for thread 4: [-40.72, -23.23, -23.63] -29.19  Inventory: [0.0, 25.0, 17.0]  Order: [10.78, 10.83, 10.84] Demand: [12.14]
Reward for thread 5: [-297.34, -92.03, -90.84] -160.07  Inventory: [0.0, 0.0, 35.0]  Order: [10.05, 9.98, 9.99] Demand: [14.98]

Eval average reward:  -31.217666666666663  Eval ordering fluctuation measurement (downstream to upstream):  [0.974099621891629, 1.0787793970711288, 1.257476996648342]

 Algo happo Exp ippo_seed11_formal_v1 updates 365/3000 episodes, total num timesteps 366000/3000000, FPS 117.

Reward for thread 1: [-22.15, -21.89, -21.36] -21.8  Inventory: [6.0, 13.0, 14.0]  Order: [11.5, 11.48, 11.56] Demand: [11.495]
Reward for thread 2: [-69.03, -31.84, -33.4] -44.76  Inventory: [0.0, 0.0, 0.0]  Order: [10.46, 10.51, 10.34] Demand: [12.975]
Reward for thread 3: [-12.28, -16.42, -17.54] -15.41  Inventory: [5.0, 37.0, 43.0]  Order: [3.82, 3.75, 3.72] Demand: [3.95]
Reward for thread 4: [-194.72, -64.8, -63.68] -107.73  Inventory: [0.0, 0.0, 0.0]  Order: [12.12, 12.13, 11.98] Demand: [16.635]
Reward for thread 5: [-181.06, -62.24, -60.61] -101.3  Inventory: [0.0, 5.0, 19.0]  Order: [9.91, 9.77, 9.65] Demand: [12.515]

 Algo happo Exp ippo_seed11_formal_v1 updates 366/3000 episodes, total num timesteps 367000/3000000, FPS 117.

Reward for thread 1: [-14.17, -19.96, -20.48] -18.2  Inventory: [9.0, 27.0, 23.0]  Order: [6.32, 6.26, 6.14] Demand: [6.43]
Reward for thread 2: [-111.0, -40.53, -39.29] -63.61  Inventory: [0.0, 0.0, 16.0]  Order: [10.34, 10.14, 10.12] Demand: [11.57]
Reward for thread 3: [-223.1, -68.77, -69.13] -120.33  Inventory: [0.0, 5.0, 0.0]  Order: [10.98, 11.0, 10.89] Demand: [15.455]
Reward for thread 4: [-13.47, -19.9, -20.93] -18.1  Inventory: [6.0, 41.0, 17.0]  Order: [4.78, 4.74, 4.62] Demand: [4.98]
Reward for thread 5: [-14.91, -23.29, -25.05] -21.08  Inventory: [0.0, 24.0, 18.0]  Order: [2.13, 2.02, 1.86] Demand: [2.37]

 Algo happo Exp ippo_seed11_formal_v1 updates 367/3000 episodes, total num timesteps 368000/3000000, FPS 117.

Reward for thread 1: [-16.68, -23.32, -24.03] -21.34  Inventory: [0.0, 11.0, 16.0]  Order: [6.05, 5.9, 5.82] Demand: [6.225]
Reward for thread 2: [-50.96, -27.38, -27.3] -35.21  Inventory: [0.0, 19.0, 0.0]  Order: [7.72, 7.77, 7.7] Demand: [9.58]
Reward for thread 3: [-29.96, -21.88, -23.25] -25.03  Inventory: [0.0, 0.0, 0.0]  Order: [11.18, 11.22, 11.2] Demand: [11.995]
Reward for thread 4: [-111.34, -43.79, -42.48] -65.87  Inventory: [0.0, 0.0, 30.0]  Order: [11.82, 11.66, 11.84] Demand: [13.735]
Reward for thread 5: [-13.01, -20.62, -22.36] -18.66  Inventory: [8.0, 34.0, 33.0]  Order: [2.6, 2.52, 2.46] Demand: [2.805]

 Algo happo Exp ippo_seed11_formal_v1 updates 368/3000 episodes, total num timesteps 369000/3000000, FPS 117.

Reward for thread 1: [-14.51, -21.23, -22.69] -19.48  Inventory: [4.0, 25.0, 31.0]  Order: [4.22, 4.1, 4.02] Demand: [4.425]
Reward for thread 2: [-18.46, -18.49, -17.72] -18.22  Inventory: [7.0, 0.0, 0.0]  Order: [8.22, 8.19, 8.24] Demand: [8.225]
Reward for thread 3: [-25.1, -17.16, -17.71] -19.99  Inventory: [0.0, 0.0, 6.0]  Order: [11.28, 11.24, 11.22] Demand: [12.125]
Reward for thread 4: [-18.38, -19.37, -20.05] -19.27  Inventory: [22.0, 0.0, 12.0]  Order: [9.66, 9.6, 9.53] Demand: [9.595]
Reward for thread 5: [-35.81, -23.11, -25.63] -28.18  Inventory: [15.0, 13.0, 13.0]  Order: [9.14, 9.1, 9.01] Demand: [9.295]

 Algo happo Exp ippo_seed11_formal_v1 updates 369/3000 episodes, total num timesteps 370000/3000000, FPS 117.

Reward for thread 1: [-67.84, -39.52, -31.97] -46.44  Inventory: [0.0, 0.0, 10.0]  Order: [11.32, 11.27, 11.31] Demand: [13.075]
Reward for thread 2: [-13.65, -23.14, -20.64] -19.14  Inventory: [0.0, 34.0, 33.0]  Order: [3.44, 3.42, 3.36] Demand: [3.67]
Reward for thread 3: [-59.42, -34.82, -31.98] -42.07  Inventory: [0.0, 30.0, 24.0]  Order: [9.48, 9.39, 9.27] Demand: [9.71]
Reward for thread 4: [-18.4, -23.88, -23.9] -22.06  Inventory: [33.0, 36.0, 18.0]  Order: [2.62, 2.54, 2.38] Demand: [2.7]
Reward for thread 5: [-16.58, -24.23, -29.72] -23.51  Inventory: [9.0, 1.0, 0.0]  Order: [4.0, 3.94, 3.76] Demand: [4.16]

Eval average reward:  -50.06983333333333  Eval ordering fluctuation measurement (downstream to upstream):  [0.8824951991393272, 0.9208030703790453, 1.1995403014156272]

 Algo happo Exp ippo_seed11_formal_v1 updates 370/3000 episodes, total num timesteps 371000/3000000, FPS 117.

Reward for thread 1: [-16.56, -25.97, -24.89] -22.47  Inventory: [0.0, 16.0, 38.0]  Order: [4.94, 4.8, 4.74] Demand: [5.145]
Reward for thread 2: [-80.32, -49.77, -35.86] -55.32  Inventory: [0.0, 0.0, 18.0]  Order: [11.4, 11.08, 11.08] Demand: [13.485]
Reward for thread 3: [-12.41, -17.37, -17.71] -15.83  Inventory: [0.0, 0.0, 0.0]  Order: [5.66, 5.6, 5.54] Demand: [5.615]
Reward for thread 4: [-14.77, -19.73, -19.05] -17.85  Inventory: [0.0, 4.0, 8.0]  Order: [5.24, 5.16, 5.12] Demand: [5.34]
Reward for thread 5: [-249.3, -109.39, -81.37] -146.69  Inventory: [0.0, 0.0, 20.0]  Order: [13.0, 12.8, 12.74] Demand: [15.345]

 Algo happo Exp ippo_seed11_formal_v1 updates 371/3000 episodes, total num timesteps 372000/3000000, FPS 117.

Reward for thread 1: [-108.66, -71.65, -45.61] -75.31  Inventory: [0.0, 0.0, 0.0]  Order: [12.35, 11.88, 11.92] Demand: [12.78]
Reward for thread 2: [-73.9, -47.06, -36.57] -52.51  Inventory: [14.0, 10.0, 47.0]  Order: [10.93, 10.86, 10.84] Demand: [10.89]
Reward for thread 3: [-13.19, -20.42, -19.88] -17.83  Inventory: [5.0, 46.0, 42.0]  Order: [4.0, 3.98, 3.94] Demand: [4.225]
Reward for thread 4: [-17.36, -22.51, -23.88] -21.25  Inventory: [1.0, 0.0, 0.0]  Order: [7.17, 7.06, 6.96] Demand: [7.245]
Reward for thread 5: [-13.23, -15.76, -17.58] -15.52  Inventory: [18.0, 23.0, 28.0]  Order: [8.36, 8.29, 8.3] Demand: [8.42]

 Algo happo Exp ippo_seed11_formal_v1 updates 372/3000 episodes, total num timesteps 373000/3000000, FPS 117.

Reward for thread 1: [-23.43, -24.16, -21.74] -23.11  Inventory: [6.0, 0.0, 0.0]  Order: [9.82, 9.76, 9.66] Demand: [9.84]
Reward for thread 2: [-24.99, -23.02, -22.13] -23.38  Inventory: [0.0, 0.0, 0.0]  Order: [8.65, 8.4, 8.42] Demand: [9.25]
Reward for thread 3: [-14.63, -21.16, -21.34] -19.04  Inventory: [5.0, 23.0, 24.0]  Order: [5.39, 5.28, 5.24] Demand: [5.56]
Reward for thread 4: [-14.54, -21.55, -22.41] -19.5  Inventory: [0.0, 6.0, 0.0]  Order: [2.44, 2.33, 2.14] Demand: [2.66]
Reward for thread 5: [-14.9, -19.1, -22.2] -18.73  Inventory: [4.0, 25.0, 15.0]  Order: [3.8, 3.71, 3.56] Demand: [3.99]

 Algo happo Exp ippo_seed11_formal_v1 updates 373/3000 episodes, total num timesteps 374000/3000000, FPS 117.

Reward for thread 1: [-120.99, -58.13, -47.84] -75.65  Inventory: [17.0, 17.0, 16.0]  Order: [13.33, 13.23, 13.06] Demand: [13.44]
Reward for thread 2: [-127.21, -48.96, -47.75] -74.64  Inventory: [0.0, 0.0, 0.0]  Order: [13.38, 13.34, 13.36] Demand: [15.82]
Reward for thread 3: [-78.32, -41.06, -36.22] -51.87  Inventory: [0.0, 0.0, 0.0]  Order: [13.05, 12.74, 12.72] Demand: [14.475]
Reward for thread 4: [-108.78, -45.42, -41.68] -65.29  Inventory: [0.0, 0.0, 0.0]  Order: [12.82, 12.78, 12.75] Demand: [15.045]
Reward for thread 5: [-12.85, -16.31, -15.93] -15.03  Inventory: [26.0, 47.0, 43.0]  Order: [8.06, 8.12, 8.12] Demand: [8.12]

 Algo happo Exp ippo_seed11_formal_v1 updates 374/3000 episodes, total num timesteps 375000/3000000, FPS 117.

Reward for thread 1: [-12.5, -17.16, -17.77] -15.81  Inventory: [10.0, 25.0, 38.0]  Order: [5.96, 5.83, 5.77] Demand: [6.13]
Reward for thread 2: [-35.26, -26.86, -25.34] -29.15  Inventory: [0.0, 19.0, 9.0]  Order: [13.12, 13.2, 13.22] Demand: [13.155]
Reward for thread 3: [-12.63, -18.3, -17.25] -16.06  Inventory: [0.0, 0.0, 0.0]  Order: [4.81, 4.74, 4.7] Demand: [4.77]
Reward for thread 4: [-18.24, -22.74, -22.47] -21.15  Inventory: [13.0, 51.0, 17.0]  Order: [8.37, 8.4, 8.44] Demand: [8.475]
Reward for thread 5: [-78.7, -40.0, -32.75] -50.48  Inventory: [0.0, 0.0, 0.0]  Order: [14.95, 14.6, 14.59] Demand: [16.03]

Eval average reward:  -24.385  Eval ordering fluctuation measurement (downstream to upstream):  [0.929055738295701, 1.0125248095437995, 1.1633029012627936]

 Algo happo Exp ippo_seed11_formal_v1 updates 375/3000 episodes, total num timesteps 376000/3000000, FPS 117.

Reward for thread 1: [-16.65, -23.23, -25.6] -21.83  Inventory: [11.0, 16.0, 18.0]  Order: [4.4, 4.24, 4.14] Demand: [4.55]
Reward for thread 2: [-12.37, -14.69, -15.97] -14.34  Inventory: [0.0, 10.0, 0.0]  Order: [5.45, 5.34, 5.2] Demand: [5.525]
Reward for thread 3: [-14.51, -16.76, -20.52] -17.26  Inventory: [4.0, 44.0, 47.0]  Order: [5.47, 5.46, 5.5] Demand: [5.52]
Reward for thread 4: [-57.56, -31.92, -29.07] -39.52  Inventory: [0.0, 10.0, 5.0]  Order: [14.03, 14.13, 14.16] Demand: [14.155]
Reward for thread 5: [-43.6, -35.03, -30.58] -36.4  Inventory: [0.0, 0.0, 0.0]  Order: [9.3, 9.15, 9.15] Demand: [10.125]

 Algo happo Exp ippo_seed11_formal_v1 updates 376/3000 episodes, total num timesteps 377000/3000000, FPS 117.

Reward for thread 1: [-16.35, -19.55, -20.64] -18.85  Inventory: [9.0, 13.0, 39.0]  Order: [8.85, 8.71, 8.66] Demand: [8.97]
Reward for thread 2: [-41.9, -27.94, -27.84] -32.56  Inventory: [0.0, 0.0, 0.0]  Order: [13.78, 13.7, 13.72] Demand: [14.08]
Reward for thread 3: [-15.3, -17.9, -19.04] -17.41  Inventory: [14.0, 32.0, 22.0]  Order: [5.32, 5.22, 5.09] Demand: [5.48]
Reward for thread 4: [-32.66, -27.04, -25.48] -28.39  Inventory: [0.0, 6.0, 0.0]  Order: [12.9, 12.94, 12.88] Demand: [12.975]
Reward for thread 5: [-60.29, -32.45, -29.84] -40.86  Inventory: [0.0, 0.0, 0.0]  Order: [14.08, 14.14, 14.18] Demand: [15.075]

 Algo happo Exp ippo_seed11_formal_v1 updates 377/3000 episodes, total num timesteps 378000/3000000, FPS 117.

Reward for thread 1: [-32.13, -25.32, -26.43] -27.96  Inventory: [0.0, 6.0, 21.0]  Order: [11.16, 11.19, 11.14] Demand: [11.31]
Reward for thread 2: [-27.79, -24.71, -23.28] -25.26  Inventory: [0.0, 33.0, 11.0]  Order: [10.73, 10.85, 10.82] Demand: [10.935]
Reward for thread 3: [-17.13, -21.73, -22.29] -20.38  Inventory: [3.0, 28.0, 18.0]  Order: [7.6, 7.65, 7.72] Demand: [7.69]
Reward for thread 4: [-20.57, -21.93, -21.12] -21.21  Inventory: [0.0, 0.0, 0.0]  Order: [9.75, 9.79, 9.64] Demand: [9.765]
Reward for thread 5: [-13.78, -19.63, -22.47] -18.63  Inventory: [10.0, 23.0, 5.0]  Order: [3.54, 3.51, 3.45] Demand: [3.705]

 Algo happo Exp ippo_seed11_formal_v1 updates 378/3000 episodes, total num timesteps 379000/3000000, FPS 117.

Reward for thread 1: [-23.26, -29.96, -44.52] -32.58  Inventory: [28.0, 22.0, 97.0]  Order: [1.25, 1.12, 1.36] Demand: [1.355]
Reward for thread 2: [-47.39, -32.86, -30.19] -36.81  Inventory: [0.0, 0.0, 0.0]  Order: [14.72, 14.63, 14.64] Demand: [15.11]
Reward for thread 3: [-14.41, -17.21, -19.75] -17.12  Inventory: [0.0, 3.0, 33.0]  Order: [8.01, 7.9, 7.86] Demand: [8.07]
Reward for thread 4: [-66.92, -33.08, -32.37] -44.12  Inventory: [0.0, 0.0, 0.0]  Order: [15.42, 15.44, 15.38] Demand: [16.215]
Reward for thread 5: [-58.36, -29.03, -28.64] -38.68  Inventory: [0.0, 53.0, 20.0]  Order: [14.66, 14.83, 14.82] Demand: [14.925]

 Algo happo Exp ippo_seed11_formal_v1 updates 379/3000 episodes, total num timesteps 380000/3000000, FPS 117.

Reward for thread 1: [-89.33, -75.47, -43.4] -69.4  Inventory: [0.0, 0.0, 20.0]  Order: [15.53, 15.16, 15.18] Demand: [15.25]
Reward for thread 2: [-15.16, -21.26, -24.22] -20.21  Inventory: [20.0, 1.0, 7.0]  Order: [5.38, 5.5, 5.54] Demand: [5.415]
Reward for thread 3: [-15.83, -19.76, -21.66] -19.08  Inventory: [17.0, 24.0, 15.0]  Order: [7.04, 7.04, 6.92] Demand: [7.13]
Reward for thread 4: [-20.06, -23.04, -23.1] -22.07  Inventory: [8.0, 14.0, 31.0]  Order: [7.44, 7.3, 7.26] Demand: [7.625]
Reward for thread 5: [-16.76, -20.88, -21.46] -19.7  Inventory: [15.0, 27.0, 34.0]  Order: [8.97, 8.88, 8.84] Demand: [9.11]

Eval average reward:  -23.506833333333336  Eval ordering fluctuation measurement (downstream to upstream):  [0.8818869428847774, 1.0004347002604468, 1.186200111089641]

 Algo happo Exp ippo_seed11_formal_v1 updates 380/3000 episodes, total num timesteps 381000/3000000, FPS 117.

Reward for thread 1: [-59.79, -26.5, -28.71] -38.33  Inventory: [0.0, 42.0, 41.0]  Order: [14.96, 15.06, 15.16] Demand: [15.065]
Reward for thread 2: [-15.68, -18.76, -19.93] -18.12  Inventory: [14.0, 23.0, 36.0]  Order: [10.2, 10.14, 10.08] Demand: [10.225]
Reward for thread 3: [-16.33, -21.19, -23.83] -20.45  Inventory: [25.0, 43.0, 49.0]  Order: [5.46, 5.43, 5.44] Demand: [5.57]
Reward for thread 4: [-64.77, -31.76, -28.83] -41.79  Inventory: [0.0, 8.0, 11.0]  Order: [16.1, 16.21, 16.21] Demand: [16.29]
Reward for thread 5: [-52.31, -32.14, -29.86] -38.1  Inventory: [0.0, 0.0, 0.0]  Order: [15.04, 15.18, 15.19] Demand: [15.625]

 Algo happo Exp ippo_seed11_formal_v1 updates 381/3000 episodes, total num timesteps 382000/3000000, FPS 117.

Reward for thread 1: [-13.25, -16.45, -16.95] -15.55  Inventory: [14.0, 8.0, 22.0]  Order: [7.58, 7.48, 7.42] Demand: [7.66]
Reward for thread 2: [-12.6, -17.24, -18.59] -16.14  Inventory: [9.0, 46.0, 47.0]  Order: [7.16, 7.14, 7.16] Demand: [7.33]
Reward for thread 3: [-14.81, -18.39, -22.67] -18.62  Inventory: [0.0, 0.0, 0.0]  Order: [5.94, 5.81, 5.8] Demand: [5.94]
Reward for thread 4: [-58.9, -35.68, -31.44] -42.01  Inventory: [22.0, 45.0, 57.0]  Order: [13.26, 13.24, 13.3] Demand: [13.385]
Reward for thread 5: [-16.69, -20.65, -22.34] -19.89  Inventory: [17.0, 29.0, 40.0]  Order: [8.88, 8.78, 8.76] Demand: [8.99]

 Algo happo Exp ippo_seed11_formal_v1 updates 382/3000 episodes, total num timesteps 383000/3000000, FPS 117.

Reward for thread 1: [-15.42, -17.69, -18.36] -17.16  Inventory: [0.0, 0.0, 0.0]  Order: [8.6, 8.69, 8.69] Demand: [8.665]
Reward for thread 2: [-45.29, -28.87, -28.95] -34.37  Inventory: [0.0, 0.0, 0.0]  Order: [12.88, 13.0, 12.99] Demand: [13.7]
Reward for thread 3: [-25.42, -23.52, -24.55] -24.5  Inventory: [0.0, 18.0, 0.0]  Order: [11.32, 11.52, 11.5] Demand: [11.4]
Reward for thread 4: [-21.03, -21.65, -21.99] -21.56  Inventory: [0.0, 0.0, 0.0]  Order: [11.91, 12.1, 12.06] Demand: [12.09]
Reward for thread 5: [-18.45, -19.65, -21.86] -19.99  Inventory: [0.0, 0.0, 0.0]  Order: [12.02, 12.17, 12.13] Demand: [12.205]

 Algo happo Exp ippo_seed11_formal_v1 updates 383/3000 episodes, total num timesteps 384000/3000000, FPS 117.

Reward for thread 1: [-19.9, -22.04, -30.0] -23.98  Inventory: [28.0, 18.0, 116.0]  Order: [4.18, 4.02, 4.35] Demand: [4.29]
Reward for thread 2: [-15.44, -20.94, -22.97] -19.78  Inventory: [14.0, 18.0, 44.0]  Order: [7.63, 7.58, 7.58] Demand: [7.62]
Reward for thread 3: [-20.96, -21.97, -20.03] -20.99  Inventory: [15.0, 27.0, 29.0]  Order: [10.14, 10.1, 10.06] Demand: [10.17]
Reward for thread 4: [-15.03, -20.3, -21.56] -18.96  Inventory: [9.0, 27.0, 33.0]  Order: [5.66, 5.6, 5.52] Demand: [5.8]
Reward for thread 5: [-27.86, -28.44, -39.34] -31.88  Inventory: [66.0, 18.0, 91.0]  Order: [2.52, 2.37, 2.58] Demand: [2.435]

 Algo happo Exp ippo_seed11_formal_v1 updates 384/3000 episodes, total num timesteps 385000/3000000, FPS 117.

Reward for thread 1: [-48.76, -50.87, -102.91] -67.51  Inventory: [62.0, 28.0, 259.0]  Order: [2.5, 2.38, 3.45] Demand: [2.435]
Reward for thread 2: [-18.82, -22.93, -22.65] -21.47  Inventory: [10.0, 20.0, 75.0]  Order: [10.1, 9.95, 10.09] Demand: [10.255]
Reward for thread 3: [-14.05, -19.29, -20.27] -17.87  Inventory: [7.0, 29.0, 25.0]  Order: [4.76, 4.68, 4.59] Demand: [4.935]
Reward for thread 4: [-13.76, -17.92, -21.2] -17.63  Inventory: [3.0, 6.0, 21.0]  Order: [7.15, 7.04, 6.98] Demand: [7.29]
Reward for thread 5: [-12.79, -18.08, -19.37] -16.75  Inventory: [9.0, 28.0, 43.0]  Order: [4.24, 4.14, 4.2] Demand: [4.365]

Eval average reward:  -24.200833333333332  Eval ordering fluctuation measurement (downstream to upstream):  [0.8378233781016122, 0.9761446698286983, 1.1250196399883567]

 Algo happo Exp ippo_seed11_formal_v1 updates 385/3000 episodes, total num timesteps 386000/3000000, FPS 117.

Reward for thread 1: [-14.66, -18.93, -26.42] -20.0  Inventory: [13.0, 24.0, 31.0]  Order: [3.2, 3.14, 3.06] Demand: [3.33]
Reward for thread 2: [-14.33, -18.42, -22.84] -18.53  Inventory: [2.0, 17.0, 9.0]  Order: [7.41, 7.42, 7.43] Demand: [7.465]
Reward for thread 3: [-78.28, -53.26, -37.7] -56.41  Inventory: [0.0, 0.0, 15.0]  Order: [15.13, 15.14, 15.27] Demand: [15.055]
Reward for thread 4: [-65.9, -28.27, -29.63] -41.27  Inventory: [0.0, 0.0, 3.0]  Order: [13.98, 14.09, 14.13] Demand: [15.35]
Reward for thread 5: [-20.8, -29.11, -49.46] -33.12  Inventory: [7.0, 34.0, 125.0]  Order: [2.89, 2.81, 3.2] Demand: [3.095]

 Algo happo Exp ippo_seed11_formal_v1 updates 386/3000 episodes, total num timesteps 387000/3000000, FPS 117.

Reward for thread 1: [-16.74, -20.79, -24.1] -20.54  Inventory: [0.0, 0.0, 5.0]  Order: [7.62, 7.49, 7.4] Demand: [7.74]
Reward for thread 2: [-14.02, -19.23, -22.46] -18.57  Inventory: [8.0, 16.0, 16.0]  Order: [4.51, 4.42, 4.35] Demand: [4.67]
Reward for thread 3: [-15.53, -21.6, -28.36] -21.83  Inventory: [0.0, 0.0, 58.0]  Order: [3.69, 3.45, 3.52] Demand: [3.835]
Reward for thread 4: [-21.04, -21.23, -22.62] -21.63  Inventory: [0.0, 7.0, 13.0]  Order: [10.91, 10.96, 10.96] Demand: [11.04]
Reward for thread 5: [-12.56, -19.9, -22.81] -18.42  Inventory: [0.0, 29.0, 33.0]  Order: [2.78, 2.72, 2.66] Demand: [3.015]

 Algo happo Exp ippo_seed11_formal_v1 updates 387/3000 episodes, total num timesteps 388000/3000000, FPS 117.

Reward for thread 1: [-38.79, -24.48, -25.03] -29.43  Inventory: [0.0, 19.0, 21.0]  Order: [11.54, 11.52, 11.44] Demand: [11.7]
Reward for thread 2: [-17.33, -22.1, -21.06] -20.16  Inventory: [6.0, 19.0, 8.0]  Order: [7.22, 7.14, 6.98] Demand: [7.36]
Reward for thread 3: [-13.63, -18.97, -19.74] -17.45  Inventory: [0.0, 14.0, 18.0]  Order: [3.87, 3.74, 3.67] Demand: [4.17]
Reward for thread 4: [-41.18, -25.36, -25.55] -30.7  Inventory: [0.0, 0.0, 0.0]  Order: [14.06, 14.06, 13.99] Demand: [14.295]
Reward for thread 5: [-61.8, -34.31, -32.15] -42.75  Inventory: [35.0, 41.0, 48.0]  Order: [13.7, 13.66, 13.69] Demand: [13.75]

 Algo happo Exp ippo_seed11_formal_v1 updates 388/3000 episodes, total num timesteps 389000/3000000, FPS 117.

Reward for thread 1: [-14.19, -16.88, -22.07] -17.71  Inventory: [1.0, 0.0, 10.0]  Order: [4.58, 4.4, 4.32] Demand: [4.675]
Reward for thread 2: [-17.86, -21.81, -24.23] -21.3  Inventory: [6.0, 34.0, 14.0]  Order: [6.43, 6.39, 6.28] Demand: [6.58]
Reward for thread 3: [-40.34, -33.39, -28.21] -33.98  Inventory: [0.0, 8.0, 0.0]  Order: [13.26, 13.34, 13.32] Demand: [13.475]
Reward for thread 4: [-33.26, -22.61, -24.34] -26.74  Inventory: [0.0, 18.0, 20.0]  Order: [12.02, 12.16, 12.23] Demand: [12.73]
Reward for thread 5: [-18.1, -23.35, -40.79] -27.41  Inventory: [0.0, 29.0, 25.0]  Order: [1.98, 1.91, 1.8] Demand: [2.235]

 Algo happo Exp ippo_seed11_formal_v1 updates 389/3000 episodes, total num timesteps 390000/3000000, FPS 117.

Reward for thread 1: [-22.88, -27.66, -42.44] -30.99  Inventory: [36.0, 20.0, 117.0]  Order: [1.28, 1.14, 1.48] Demand: [1.35]
Reward for thread 2: [-19.69, -19.09, -20.13] -19.64  Inventory: [16.0, 16.0, 28.0]  Order: [10.7, 10.6, 10.5] Demand: [10.79]
Reward for thread 3: [-13.58, -17.01, -20.36] -16.98  Inventory: [0.0, 22.0, 23.0]  Order: [5.3, 5.21, 5.1] Demand: [5.53]
Reward for thread 4: [-42.32, -23.41, -24.99] -30.24  Inventory: [0.0, 18.0, 0.0]  Order: [13.04, 13.28, 13.28] Demand: [13.165]
Reward for thread 5: [-22.32, -23.2, -23.42] -22.98  Inventory: [0.0, 0.0, 0.0]  Order: [9.71, 9.61, 9.67] Demand: [9.915]

Eval average reward:  -22.936  Eval ordering fluctuation measurement (downstream to upstream):  [0.9060147558053755, 1.0230823233458395, 1.1501815494224847]
A better model is saved!

 Algo happo Exp ippo_seed11_formal_v1 updates 390/3000 episodes, total num timesteps 391000/3000000, FPS 117.

Reward for thread 1: [-44.67, -29.88, -31.71] -35.42  Inventory: [0.0, 0.0, 0.0]  Order: [12.67, 12.86, 12.77] Demand: [13.41]
Reward for thread 2: [-15.19, -20.91, -24.64] -20.25  Inventory: [3.0, 21.0, 56.0]  Order: [6.27, 6.19, 6.24] Demand: [6.46]
Reward for thread 3: [-13.65, -17.98, -19.13] -16.92  Inventory: [0.0, 0.0, 6.0]  Order: [7.82, 7.8, 7.76] Demand: [7.815]
Reward for thread 4: [-35.9, -27.92, -28.59] -30.8  Inventory: [0.0, 0.0, 0.0]  Order: [11.64, 11.75, 11.73] Demand: [11.69]
Reward for thread 5: [-28.73, -29.76, -36.16] -31.55  Inventory: [1.0, 9.0, 21.0]  Order: [6.97, 6.82, 6.68] Demand: [7.13]

 Algo happo Exp ippo_seed11_formal_v1 updates 391/3000 episodes, total num timesteps 392000/3000000, FPS 117.

Reward for thread 1: [-13.18, -16.19, -17.31] -15.56  Inventory: [0.0, 0.0, 0.0]  Order: [10.28, 10.24, 10.26] Demand: [10.3]
Reward for thread 2: [-15.48, -18.48, -20.42] -18.13  Inventory: [5.0, 4.0, 0.0]  Order: [10.12, 10.11, 9.96] Demand: [10.205]
Reward for thread 3: [-13.16, -16.63, -19.74] -16.51  Inventory: [7.0, 22.0, 32.0]  Order: [6.0, 5.9, 5.91] Demand: [6.095]
Reward for thread 4: [-50.19, -28.1, -29.34] -35.88  Inventory: [0.0, 0.0, 0.0]  Order: [11.12, 11.28, 11.18] Demand: [12.125]
Reward for thread 5: [-17.72, -22.28, -22.66] -20.89  Inventory: [0.0, 40.0, 14.0]  Order: [9.2, 9.27, 9.24] Demand: [9.27]

 Algo happo Exp ippo_seed11_formal_v1 updates 392/3000 episodes, total num timesteps 393000/3000000, FPS 117.

Reward for thread 1: [-35.3, -23.4, -25.01] -27.9  Inventory: [0.0, 0.0, 0.0]  Order: [12.3, 12.32, 12.35] Demand: [12.66]
Reward for thread 2: [-57.08, -32.71, -36.38] -42.06  Inventory: [7.0, 24.0, 41.0]  Order: [11.19, 11.06, 11.04] Demand: [11.395]
Reward for thread 3: [-38.85, -35.84, -25.86] -33.52  Inventory: [0.0, 26.0, 0.0]  Order: [12.76, 12.87, 12.86] Demand: [12.945]
Reward for thread 4: [-94.49, -80.25, -48.2] -74.31  Inventory: [0.0, 0.0, 0.0]  Order: [14.79, 14.16, 13.98] Demand: [14.92]
Reward for thread 5: [-93.02, -37.9, -38.74] -56.55  Inventory: [0.0, 0.0, 0.0]  Order: [14.34, 14.45, 14.46] Demand: [15.28]

 Algo happo Exp ippo_seed11_formal_v1 updates 393/3000 episodes, total num timesteps 394000/3000000, FPS 117.

Reward for thread 1: [-13.88, -18.56, -20.27] -17.57  Inventory: [25.0, 0.0, 0.0]  Order: [8.22, 8.22, 8.27] Demand: [8.205]
Reward for thread 2: [-78.32, -40.65, -37.08] -52.02  Inventory: [0.0, 0.0, 0.0]  Order: [14.2, 14.33, 14.24] Demand: [14.21]
Reward for thread 3: [-15.99, -22.35, -25.3] -21.21  Inventory: [24.0, 22.0, 43.0]  Order: [4.62, 4.58, 4.56] Demand: [4.655]
Reward for thread 4: [-15.55, -23.43, -26.59] -21.86  Inventory: [15.0, 37.0, 63.0]  Order: [4.62, 4.56, 4.62] Demand: [4.8]
Reward for thread 5: [-18.65, -19.8, -18.09] -18.85  Inventory: [3.0, 18.0, 7.0]  Order: [9.44, 9.38, 9.32] Demand: [9.54]

 Algo happo Exp ippo_seed11_formal_v1 updates 394/3000 episodes, total num timesteps 395000/3000000, FPS 117.

Reward for thread 1: [-18.8, -21.19, -21.52] -20.5  Inventory: [5.0, 13.0, 25.0]  Order: [9.81, 9.78, 9.72] Demand: [9.915]
Reward for thread 2: [-15.2, -18.27, -22.1] -18.52  Inventory: [0.0, 0.0, 0.0]  Order: [7.6, 7.49, 7.42] Demand: [7.475]
Reward for thread 3: [-11.27, -15.61, -20.87] -15.92  Inventory: [0.0, 6.0, 18.0]  Order: [3.88, 3.7, 3.59] Demand: [4.055]
Reward for thread 4: [-111.66, -51.66, -46.46] -69.93  Inventory: [0.0, 0.0, 0.0]  Order: [15.52, 15.54, 15.58] Demand: [17.38]
Reward for thread 5: [-88.66, -50.53, -38.1] -59.1  Inventory: [0.0, 0.0, 0.0]  Order: [14.94, 14.56, 14.54] Demand: [15.04]

Eval average reward:  -25.381333333333338  Eval ordering fluctuation measurement (downstream to upstream):  [0.936828786083033, 1.0577505362535653, 1.163881152046581]

 Algo happo Exp ippo_seed11_formal_v1 updates 395/3000 episodes, total num timesteps 396000/3000000, FPS 117.

Reward for thread 1: [-14.01, -18.2, -26.38] -19.53  Inventory: [0.0, 0.0, 80.0]  Order: [6.34, 6.06, 6.22] Demand: [6.58]
Reward for thread 2: [-130.89, -54.17, -47.53] -77.53  Inventory: [0.0, 0.0, 2.0]  Order: [13.24, 13.1, 13.08] Demand: [15.28]
Reward for thread 3: [-56.3, -33.29, -29.0] -39.53  Inventory: [0.0, 0.0, 0.0]  Order: [13.42, 13.33, 13.32] Demand: [13.99]
Reward for thread 4: [-87.63, -42.01, -36.29] -55.31  Inventory: [0.0, 15.0, 25.0]  Order: [14.68, 14.67, 14.62] Demand: [16.23]
Reward for thread 5: [-257.58, -76.03, -75.98] -136.53  Inventory: [0.0, 0.0, 0.0]  Order: [12.7, 12.8, 12.77] Demand: [16.915]

 Algo happo Exp ippo_seed11_formal_v1 updates 396/3000 episodes, total num timesteps 397000/3000000, FPS 117.

Reward for thread 1: [-16.28, -21.9, -33.19] -23.79  Inventory: [0.0, 23.0, 82.0]  Order: [5.32, 5.18, 5.38] Demand: [5.575]
Reward for thread 2: [-12.42, -17.0, -21.99] -17.14  Inventory: [2.0, 0.0, 25.0]  Order: [4.96, 4.84, 4.78] Demand: [5.12]
Reward for thread 3: [-52.1, -25.5, -27.01] -34.87  Inventory: [0.0, 0.0, 0.0]  Order: [14.52, 14.54, 14.5] Demand: [14.85]
Reward for thread 4: [-14.82, -19.77, -30.88] -21.82  Inventory: [6.0, 19.0, 30.0]  Order: [3.08, 2.98, 2.91] Demand: [3.255]
Reward for thread 5: [-16.41, -20.92, -26.61] -21.31  Inventory: [20.0, 11.0, 82.0]  Order: [5.39, 5.2, 5.38] Demand: [5.535]

 Algo happo Exp ippo_seed11_formal_v1 updates 397/3000 episodes, total num timesteps 398000/3000000, FPS 117.

Reward for thread 1: [-104.75, -46.49, -40.82] -64.02  Inventory: [0.0, 0.0, 0.0]  Order: [15.84, 15.68, 15.74] Demand: [16.79]
Reward for thread 2: [-26.6, -30.81, -68.65] -42.02  Inventory: [1.0, 17.0, 118.0]  Order: [1.66, 1.51, 1.86] Demand: [1.86]
Reward for thread 3: [-65.97, -34.91, -33.52] -44.8  Inventory: [0.0, 0.0, 7.0]  Order: [12.12, 12.08, 12.14] Demand: [13.165]
Reward for thread 4: [-28.58, -25.47, -25.91] -26.65  Inventory: [0.0, 0.0, 0.0]  Order: [11.21, 11.41, 11.38] Demand: [11.285]
Reward for thread 5: [-18.06, -21.62, -37.27] -25.65  Inventory: [0.0, 0.0, 0.0]  Order: [2.62, 2.48, 2.48] Demand: [2.495]

 Algo happo Exp ippo_seed11_formal_v1 updates 398/3000 episodes, total num timesteps 399000/3000000, FPS 117.

Reward for thread 1: [-31.6, -26.16, -25.78] -27.85  Inventory: [0.0, 0.0, 0.0]  Order: [10.36, 10.35, 10.32] Demand: [10.94]
Reward for thread 2: [-54.96, -31.18, -25.53] -37.22  Inventory: [0.0, 0.0, 0.0]  Order: [13.95, 14.03, 13.97] Demand: [13.965]
Reward for thread 3: [-21.96, -25.79, -23.12] -23.62  Inventory: [19.0, 23.0, 37.0]  Order: [10.34, 10.25, 10.2] Demand: [10.36]
Reward for thread 4: [-29.24, -22.52, -23.32] -25.03  Inventory: [7.0, 13.0, 14.0]  Order: [10.24, 10.16, 10.06] Demand: [10.355]
Reward for thread 5: [-14.42, -17.92, -21.29] -17.88  Inventory: [24.0, 11.0, 0.0]  Order: [6.88, 6.86, 6.82] Demand: [6.89]

 Algo happo Exp ippo_seed11_formal_v1 updates 399/3000 episodes, total num timesteps 400000/3000000, FPS 117.

Reward for thread 1: [-26.09, -18.79, -19.04] -21.31  Inventory: [0.0, 0.0, 3.0]  Order: [14.29, 14.36, 14.3] Demand: [14.56]
Reward for thread 2: [-17.14, -19.66, -23.22] -20.01  Inventory: [0.0, 14.0, 6.0]  Order: [8.66, 8.71, 8.73] Demand: [8.8]
Reward for thread 3: [-14.66, -19.29, -22.74] -18.9  Inventory: [8.0, 26.0, 44.0]  Order: [5.65, 5.53, 5.5] Demand: [5.845]
Reward for thread 4: [-13.41, -18.27, -20.76] -17.48  Inventory: [27.0, 30.0, 52.0]  Order: [6.7, 6.6, 6.62] Demand: [6.78]
Reward for thread 5: [-14.76, -20.7, -26.53] -20.66  Inventory: [1.0, 11.0, 60.0]  Order: [3.4, 3.22, 3.28] Demand: [3.585]

Eval average reward:  -26.347749999999998  Eval ordering fluctuation measurement (downstream to upstream):  [0.8990447716213401, 1.0218597670197025, 1.1375779464535207]

 Algo happo Exp ippo_seed11_formal_v1 updates 400/3000 episodes, total num timesteps 401000/3000000, FPS 117.

Reward for thread 1: [-32.77, -27.05, -22.8] -27.54  Inventory: [11.0, 0.0, 0.0]  Order: [13.23, 13.25, 13.31] Demand: [13.13]
Reward for thread 2: [-15.61, -18.23, -19.72] -17.85  Inventory: [7.0, 0.0, 0.0]  Order: [9.41, 9.42, 9.44] Demand: [9.365]
Reward for thread 3: [-12.38, -17.15, -23.41] -17.65  Inventory: [0.0, 2.0, 63.0]  Order: [4.3, 4.06, 4.13] Demand: [4.515]
Reward for thread 4: [-54.95, -29.56, -29.6] -38.04  Inventory: [5.0, 28.0, 38.0]  Order: [12.22, 12.12, 12.08] Demand: [12.425]
Reward for thread 5: [-114.79, -43.87, -41.59] -66.75  Inventory: [0.0, 0.0, 5.0]  Order: [15.5, 15.48, 15.56] Demand: [15.47]

 Algo happo Exp ippo_seed11_formal_v1 updates 401/3000 episodes, total num timesteps 402000/3000000, FPS 117.

Reward for thread 1: [-13.88, -18.34, -30.1] -20.77  Inventory: [9.0, 0.0, 0.0]  Order: [2.79, 2.7, 2.54] Demand: [2.905]
Reward for thread 2: [-14.1, -18.02, -21.38] -17.83  Inventory: [0.0, 1.0, 1.0]  Order: [7.99, 8.12, 8.17] Demand: [8.04]
Reward for thread 3: [-14.79, -19.88, -27.48] -20.72  Inventory: [8.0, 10.0, 44.0]  Order: [4.14, 3.94, 3.93] Demand: [4.3]
Reward for thread 4: [-24.36, -24.31, -27.44] -25.37  Inventory: [14.0, 45.0, 56.0]  Order: [10.02, 9.99, 10.1] Demand: [10.085]
Reward for thread 5: [-18.41, -21.22, -22.01] -20.55  Inventory: [0.0, 0.0, 4.0]  Order: [10.58, 10.61, 10.62] Demand: [10.645]

 Algo happo Exp ippo_seed11_formal_v1 updates 402/3000 episodes, total num timesteps 403000/3000000, FPS 117.

Reward for thread 1: [-12.65, -17.95, -19.58] -16.73  Inventory: [0.0, 0.0, 0.0]  Order: [6.1, 6.2, 6.14] Demand: [6.07]
Reward for thread 2: [-17.89, -21.26, -21.54] -20.23  Inventory: [13.0, 26.0, 46.0]  Order: [9.94, 9.85, 9.86] Demand: [9.96]
Reward for thread 3: [-15.0, -23.44, -27.48] -21.97  Inventory: [4.0, 11.0, 0.0]  Order: [4.64, 4.64, 4.38] Demand: [4.695]
Reward for thread 4: [-29.07, -21.8, -21.5] -24.12  Inventory: [7.0, 7.0, 32.0]  Order: [9.67, 9.46, 9.37] Demand: [9.795]
Reward for thread 5: [-14.53, -20.28, -22.14] -18.98  Inventory: [41.0, 61.0, 57.0]  Order: [6.88, 6.94, 6.99] Demand: [6.885]

 Algo happo Exp ippo_seed11_formal_v1 updates 403/3000 episodes, total num timesteps 404000/3000000, FPS 117.

Reward for thread 1: [-13.38, -18.02, -23.48] -18.29  Inventory: [1.0, 8.0, 22.0]  Order: [4.29, 4.14, 4.01] Demand: [4.465]
Reward for thread 2: [-15.54, -19.87, -19.32] -18.24  Inventory: [0.0, 3.0, 0.0]  Order: [10.58, 10.62, 10.66] Demand: [10.55]
Reward for thread 3: [-21.2, -20.88, -19.07] -20.38  Inventory: [8.0, 14.0, 63.0]  Order: [12.11, 11.94, 12.12] Demand: [12.17]
Reward for thread 4: [-34.08, -24.11, -23.25] -27.15  Inventory: [0.0, 0.0, 0.0]  Order: [14.3, 14.49, 14.44] Demand: [14.955]
Reward for thread 5: [-14.53, -17.88, -19.56] -17.32  Inventory: [0.0, 18.0, 6.0]  Order: [8.43, 8.55, 8.64] Demand: [8.52]

 Algo happo Exp ippo_seed11_formal_v1 updates 404/3000 episodes, total num timesteps 405000/3000000, FPS 117.

Reward for thread 1: [-19.16, -25.26, -26.48] -23.63  Inventory: [16.0, 26.0, 38.0]  Order: [8.19, 8.17, 8.13] Demand: [8.27]
Reward for thread 2: [-22.52, -20.76, -22.73] -22.0  Inventory: [2.0, 5.0, 43.0]  Order: [10.59, 10.46, 10.48] Demand: [10.805]
Reward for thread 3: [-22.58, -25.18, -25.7] -24.49  Inventory: [15.0, 39.0, 61.0]  Order: [11.07, 11.02, 11.07] Demand: [11.195]
Reward for thread 4: [-60.66, -36.45, -32.69] -43.27  Inventory: [0.0, 36.0, 21.0]  Order: [13.95, 14.04, 14.1] Demand: [15.23]
Reward for thread 5: [-11.54, -15.73, -21.03] -16.1  Inventory: [1.0, 21.0, 6.0]  Order: [4.13, 4.11, 4.08] Demand: [4.34]

Eval average reward:  -25.04425  Eval ordering fluctuation measurement (downstream to upstream):  [0.9564201592031283, 1.0729567696747744, 1.2600374586508472]

 Algo happo Exp ippo_seed11_formal_v1 updates 405/3000 episodes, total num timesteps 406000/3000000, FPS 117.

Reward for thread 1: [-17.19, -20.66, -26.16] -21.34  Inventory: [13.0, 19.0, 76.0]  Order: [6.64, 6.48, 6.68] Demand: [6.82]
Reward for thread 2: [-12.27, -16.84, -23.89] -17.67  Inventory: [5.0, 4.0, 28.0]  Order: [2.56, 2.42, 2.31] Demand: [2.68]
Reward for thread 3: [-47.47, -28.91, -28.1] -34.83  Inventory: [0.0, 0.0, 0.0]  Order: [11.32, 11.4, 11.34] Demand: [12.64]
Reward for thread 4: [-12.71, -16.95, -19.34] -16.33  Inventory: [0.0, 10.0, 2.0]  Order: [6.7, 6.55, 6.4] Demand: [6.885]
Reward for thread 5: [-22.36, -22.24, -22.08] -22.23  Inventory: [0.0, 0.0, 0.0]  Order: [11.5, 11.57, 11.62] Demand: [12.06]

 Algo happo Exp ippo_seed11_formal_v1 updates 406/3000 episodes, total num timesteps 407000/3000000, FPS 117.

Reward for thread 1: [-30.93, -26.96, -27.38] -28.42  Inventory: [0.0, 2.0, 16.0]  Order: [11.9, 11.96, 12.19] Demand: [12.045]
Reward for thread 2: [-24.43, -25.39, -24.44] -24.75  Inventory: [0.0, 0.0, 0.0]  Order: [10.48, 10.52, 10.5] Demand: [11.115]
Reward for thread 3: [-14.34, -20.38, -23.65] -19.46  Inventory: [1.0, 26.0, 22.0]  Order: [4.42, 4.33, 4.21] Demand: [4.64]
Reward for thread 4: [-19.26, -26.73, -27.54] -24.51  Inventory: [7.0, 30.0, 52.0]  Order: [6.82, 6.72, 6.74] Demand: [7.02]
Reward for thread 5: [-25.38, -23.14, -23.8] -24.11  Inventory: [0.0, 1.0, 31.0]  Order: [6.82, 6.82, 6.94] Demand: [7.56]

 Algo happo Exp ippo_seed11_formal_v1 updates 407/3000 episodes, total num timesteps 408000/3000000, FPS 117.

Reward for thread 1: [-34.84, -26.6, -25.43] -28.96  Inventory: [0.0, 33.0, 26.0]  Order: [9.03, 9.12, 9.14] Demand: [10.085]
Reward for thread 2: [-14.37, -18.23, -18.34] -16.98  Inventory: [11.0, 29.0, 49.0]  Order: [9.99, 9.89, 9.88] Demand: [10.095]
Reward for thread 3: [-11.42, -17.65, -18.89] -15.99  Inventory: [12.0, 16.0, 12.0]  Order: [4.29, 4.24, 4.18] Demand: [4.47]
Reward for thread 4: [-15.0, -17.03, -19.56] -17.2  Inventory: [26.0, 11.0, 50.0]  Order: [4.0, 3.8, 3.81] Demand: [4.08]
Reward for thread 5: [-184.62, -73.89, -58.9] -105.8  Inventory: [0.0, 47.0, 41.0]  Order: [13.66, 13.74, 13.71] Demand: [17.395]

 Algo happo Exp ippo_seed11_formal_v1 updates 408/3000 episodes, total num timesteps 409000/3000000, FPS 117.

Reward for thread 1: [-15.47, -18.67, -16.35] -16.83  Inventory: [7.0, 10.0, 0.0]  Order: [10.7, 10.72, 10.68] Demand: [10.73]
Reward for thread 2: [-15.28, -18.45, -19.94] -17.89  Inventory: [7.0, 15.0, 28.0]  Order: [6.62, 6.58, 6.61] Demand: [6.69]
Reward for thread 3: [-372.52, -109.71, -106.89] -196.37  Inventory: [0.0, 29.0, 19.0]  Order: [10.8, 10.78, 10.72] Demand: [17.35]
Reward for thread 4: [-287.73, -86.59, -88.33] -154.22  Inventory: [0.0, 45.0, 16.0]  Order: [8.76, 8.89, 8.82] Demand: [12.745]
Reward for thread 5: [-42.41, -22.68, -23.33] -29.47  Inventory: [0.0, 34.0, 8.0]  Order: [12.17, 12.16, 12.16] Demand: [12.3]

 Algo happo Exp ippo_seed11_formal_v1 updates 409/3000 episodes, total num timesteps 410000/3000000, FPS 117.

Reward for thread 1: [-24.08, -18.33, -19.26] -20.56  Inventory: [0.0, 5.0, 15.0]  Order: [13.06, 13.14, 13.18] Demand: [13.2]
Reward for thread 2: [-14.7, -21.12, -25.63] -20.48  Inventory: [11.0, 9.0, 33.0]  Order: [4.94, 4.78, 4.7] Demand: [5.105]
Reward for thread 3: [-15.21, -18.97, -20.98] -18.39  Inventory: [15.0, 3.0, 43.0]  Order: [6.1, 5.96, 5.92] Demand: [6.135]
Reward for thread 4: [-13.51, -19.72, -22.57] -18.6  Inventory: [0.0, 0.0, 31.0]  Order: [7.12, 6.96, 6.92] Demand: [7.2]
Reward for thread 5: [-25.35, -23.35, -20.84] -23.18  Inventory: [0.0, 17.0, 46.0]  Order: [8.28, 8.29, 8.38] Demand: [8.305]

Eval average reward:  -26.2315  Eval ordering fluctuation measurement (downstream to upstream):  [1.0062692728060938, 1.1627473376221924, 1.3781750590745325]

 Algo happo Exp ippo_seed11_formal_v1 updates 410/3000 episodes, total num timesteps 411000/3000000, FPS 117.

Reward for thread 1: [-12.7, -17.99, -23.08] -17.92  Inventory: [0.0, 0.0, 0.0]  Order: [3.04, 3.06, 2.84] Demand: [2.955]
Reward for thread 2: [-11.92, -15.55, -18.59] -15.35  Inventory: [16.0, 9.0, 32.0]  Order: [3.76, 3.62, 3.54] Demand: [3.92]
Reward for thread 3: [-298.01, -89.67, -91.73] -159.8  Inventory: [0.0, 33.0, 28.0]  Order: [8.98, 8.9, 8.8] Demand: [15.455]
Reward for thread 4: [-11.89, -17.81, -22.19] -17.3  Inventory: [0.0, 26.0, 27.0]  Order: [2.62, 2.5, 2.4] Demand: [2.875]
Reward for thread 5: [-10.48, -13.59, -16.31] -13.46  Inventory: [0.0, 0.0, 0.0]  Order: [7.22, 7.24, 7.22] Demand: [7.265]

 Algo happo Exp ippo_seed11_formal_v1 updates 411/3000 episodes, total num timesteps 412000/3000000, FPS 117.

Reward for thread 1: [-312.03, -91.46, -92.86] -165.45  Inventory: [0.0, 11.0, 30.0]  Order: [9.54, 9.37, 9.28] Demand: [17.1]
Reward for thread 2: [-28.01, -20.51, -19.96] -22.83  Inventory: [0.0, 0.0, 0.0]  Order: [13.79, 13.72, 13.71] Demand: [14.22]
Reward for thread 3: [-21.13, -24.12, -24.08] -23.11  Inventory: [1.0, 4.0, 2.0]  Order: [9.81, 9.72, 9.64] Demand: [9.875]
Reward for thread 4: [-34.36, -22.89, -25.06] -27.44  Inventory: [6.0, 32.0, 46.0]  Order: [12.29, 12.22, 12.2] Demand: [12.365]
Reward for thread 5: [-15.36, -18.9, -21.3] -18.52  Inventory: [0.0, 0.0, 0.0]  Order: [3.76, 3.89, 3.94] Demand: [3.895]

 Algo happo Exp ippo_seed11_formal_v1 updates 412/3000 episodes, total num timesteps 413000/3000000, FPS 117.

Reward for thread 1: [-107.73, -59.95, -43.54] -70.41  Inventory: [0.0, 0.0, 0.0]  Order: [10.58, 10.31, 10.18] Demand: [13.3]
Reward for thread 2: [-148.48, -87.45, -57.6] -97.84  Inventory: [0.0, 0.0, 24.0]  Order: [11.34, 10.86, 10.81] Demand: [15.305]
Reward for thread 3: [-13.63, -17.04, -17.9] -16.19  Inventory: [12.0, 0.0, 0.0]  Order: [8.69, 8.68, 8.64] Demand: [8.74]
Reward for thread 4: [-11.97, -16.75, -21.23] -16.65  Inventory: [0.0, 8.0, 20.0]  Order: [3.09, 2.92, 2.78] Demand: [3.31]
Reward for thread 5: [-17.69, -17.96, -18.47] -18.04  Inventory: [21.0, 29.0, 20.0]  Order: [8.58, 8.48, 8.36] Demand: [8.69]

 Algo happo Exp ippo_seed11_formal_v1 updates 413/3000 episodes, total num timesteps 414000/3000000, FPS 117.

Reward for thread 1: [-19.44, -24.33, -19.21] -20.99  Inventory: [18.0, 57.0, 19.0]  Order: [10.78, 10.91, 10.86] Demand: [10.845]
Reward for thread 2: [-22.1, -22.87, -22.64] -22.54  Inventory: [0.0, 0.0, 4.0]  Order: [10.95, 10.98, 11.1] Demand: [11.29]
Reward for thread 3: [-15.18, -21.06, -25.27] -20.5  Inventory: [12.0, 42.0, 51.0]  Order: [4.34, 4.34, 4.39] Demand: [4.475]
Reward for thread 4: [-18.51, -20.68, -22.63] -20.61  Inventory: [0.0, 0.0, 0.0]  Order: [9.36, 9.48, 9.53] Demand: [9.53]
Reward for thread 5: [-31.06, -18.48, -18.97] -22.84  Inventory: [0.0, 2.0, 0.0]  Order: [14.88, 15.0, 15.09] Demand: [14.94]

 Algo happo Exp ippo_seed11_formal_v1 updates 414/3000 episodes, total num timesteps 415000/3000000, FPS 117.

Reward for thread 1: [-21.73, -24.36, -23.48] -23.19  Inventory: [0.0, 0.0, 0.0]  Order: [9.54, 9.63, 9.61] Demand: [9.615]
Reward for thread 2: [-17.46, -23.58, -25.55] -22.2  Inventory: [4.0, 10.0, 10.0]  Order: [6.85, 6.72, 6.56] Demand: [6.995]
Reward for thread 3: [-222.39, -68.99, -71.45] -120.94  Inventory: [0.0, 25.0, 48.0]  Order: [10.77, 10.65, 10.68] Demand: [15.055]
Reward for thread 4: [-18.71, -20.86, -18.82] -19.46  Inventory: [0.0, 0.0, 0.0]  Order: [11.02, 10.83, 10.86] Demand: [10.89]
Reward for thread 5: [-19.96, -15.46, -17.66] -17.69  Inventory: [0.0, 0.0, 0.0]  Order: [13.55, 13.52, 13.52] Demand: [13.655]

Eval average reward:  -24.259333333333334  Eval ordering fluctuation measurement (downstream to upstream):  [0.9013716162115953, 1.0341671525058505, 1.196584927443766]

 Algo happo Exp ippo_seed11_formal_v1 updates 415/3000 episodes, total num timesteps 416000/3000000, FPS 117.

Reward for thread 1: [-44.51, -25.66, -25.63] -31.93  Inventory: [0.0, 6.0, 0.0]  Order: [11.6, 11.69, 11.73] Demand: [12.915]
Reward for thread 2: [-11.64, -16.4, -18.48] -15.51  Inventory: [25.0, 41.0, 21.0]  Order: [6.24, 6.24, 6.17] Demand: [6.225]
Reward for thread 3: [-204.84, -69.7, -66.45] -113.66  Inventory: [0.0, 20.0, 0.0]  Order: [11.18, 11.36, 11.28] Demand: [15.62]
Reward for thread 4: [-23.93, -19.99, -21.19] -21.7  Inventory: [7.0, 11.0, 0.0]  Order: [8.19, 8.24, 8.17] Demand: [8.25]
Reward for thread 5: [-35.07, -23.71, -23.52] -27.43  Inventory: [0.0, 3.0, 0.0]  Order: [11.76, 11.86, 11.86] Demand: [12.62]

 Algo happo Exp ippo_seed11_formal_v1 updates 416/3000 episodes, total num timesteps 417000/3000000, FPS 117.

Reward for thread 1: [-13.4, -18.73, -19.98] -17.37  Inventory: [2.0, 21.0, 38.0]  Order: [7.79, 7.65, 7.59] Demand: [8.015]
Reward for thread 2: [-17.02, -20.95, -27.22] -21.73  Inventory: [16.0, 17.0, 20.0]  Order: [4.11, 3.98, 3.86] Demand: [4.195]
Reward for thread 3: [-27.02, -37.6, -30.37] -31.66  Inventory: [0.0, 0.0, 0.0]  Order: [7.1, 7.06, 6.98] Demand: [7.015]
Reward for thread 4: [-12.56, -18.99, -23.26] -18.27  Inventory: [8.0, 19.0, 14.0]  Order: [2.04, 1.88, 1.75] Demand: [2.21]
Reward for thread 5: [-86.91, -71.77, -43.9] -67.53  Inventory: [0.0, 0.0, 24.0]  Order: [11.52, 10.64, 10.61] Demand: [13.04]

 Algo happo Exp ippo_seed11_formal_v1 updates 417/3000 episodes, total num timesteps 418000/3000000, FPS 117.

Reward for thread 1: [-12.44, -17.73, -21.12] -17.1  Inventory: [14.0, 17.0, 9.0]  Order: [3.64, 3.53, 3.46] Demand: [3.81]
Reward for thread 2: [-11.26, -17.7, -18.71] -15.89  Inventory: [0.0, 14.0, 30.0]  Order: [6.84, 6.66, 6.58] Demand: [7.03]
Reward for thread 3: [-49.44, -41.88, -29.24] -40.19  Inventory: [0.0, 0.0, 21.0]  Order: [13.62, 13.1, 13.1] Demand: [13.96]
Reward for thread 4: [-12.84, -18.4, -21.0] -17.41  Inventory: [9.0, 35.0, 30.0]  Order: [5.7, 5.68, 5.66] Demand: [5.82]
Reward for thread 5: [-19.0, -24.51, -20.9] -21.47  Inventory: [0.0, 0.0, 0.0]  Order: [9.44, 9.16, 9.28] Demand: [9.47]

 Algo happo Exp ippo_seed11_formal_v1 updates 418/3000 episodes, total num timesteps 419000/3000000, FPS 117.

Reward for thread 1: [-114.81, -49.32, -41.39] -68.51  Inventory: [0.0, 0.0, 0.0]  Order: [13.82, 13.4, 13.37] Demand: [16.175]
Reward for thread 2: [-16.8, -22.17, -23.8] -20.92  Inventory: [0.0, 0.0, 0.0]  Order: [8.29, 8.15, 8.21] Demand: [8.17]
Reward for thread 3: [-48.41, -45.36, -35.23] -43.0  Inventory: [0.0, 0.0, 2.0]  Order: [10.66, 9.78, 9.74] Demand: [11.345]
Reward for thread 4: [-27.56, -23.91, -40.29] -30.59  Inventory: [63.0, 24.0, 48.0]  Order: [1.68, 1.56, 1.56] Demand: [1.615]
Reward for thread 5: [-18.38, -20.24, -20.09] -19.57  Inventory: [0.0, 0.0, 0.0]  Order: [9.64, 9.63, 9.58] Demand: [9.855]

 Algo happo Exp ippo_seed11_formal_v1 updates 419/3000 episodes, total num timesteps 420000/3000000, FPS 117.

Reward for thread 1: [-13.62, -19.77, -26.74] -20.04  Inventory: [21.0, 19.0, 46.0]  Order: [3.01, 2.88, 2.86] Demand: [3.14]
Reward for thread 2: [-12.07, -18.52, -24.37] -18.32  Inventory: [16.0, 9.0, 38.0]  Order: [3.4, 3.24, 3.2] Demand: [3.555]
Reward for thread 3: [-22.02, -28.95, -23.18] -24.72  Inventory: [22.0, 0.0, 32.0]  Order: [9.81, 9.38, 9.33] Demand: [9.5]
Reward for thread 4: [-71.17, -55.48, -37.76] -54.8  Inventory: [0.0, 0.0, 33.0]  Order: [13.1, 12.22, 12.18] Demand: [13.595]
Reward for thread 5: [-10.35, -14.19, -16.66] -13.73  Inventory: [5.0, 6.0, 30.0]  Order: [7.56, 7.43, 7.39] Demand: [7.695]

Eval average reward:  -23.211166666666667  Eval ordering fluctuation measurement (downstream to upstream):  [0.8682972936442596, 0.9842421292718033, 1.1427205278481183]

 Algo happo Exp ippo_seed11_formal_v1 updates 420/3000 episodes, total num timesteps 421000/3000000, FPS 117.

Reward for thread 1: [-17.43, -23.23, -29.58] -23.41  Inventory: [6.0, 18.0, 65.0]  Order: [2.76, 2.64, 2.72] Demand: [2.97]
Reward for thread 2: [-11.69, -15.88, -20.28] -15.95  Inventory: [4.0, 21.0, 41.0]  Order: [6.26, 6.12, 6.08] Demand: [6.4]
Reward for thread 3: [-14.89, -18.24, -21.18] -18.1  Inventory: [8.0, 8.0, 64.0]  Order: [7.82, 7.64, 7.72] Demand: [8.]
Reward for thread 4: [-13.51, -20.91, -26.3] -20.24  Inventory: [3.0, 24.0, 24.0]  Order: [2.96, 2.84, 2.82] Demand: [3.185]
Reward for thread 5: [-12.22, -16.14, -19.13] -15.83  Inventory: [18.0, 29.0, 48.0]  Order: [5.32, 5.24, 5.24] Demand: [5.425]

 Algo happo Exp ippo_seed11_formal_v1 updates 421/3000 episodes, total num timesteps 422000/3000000, FPS 117.

Reward for thread 1: [-22.17, -27.71, -26.8] -25.56  Inventory: [8.0, 17.0, 37.0]  Order: [6.92, 6.79, 6.74] Demand: [7.055]
Reward for thread 2: [-36.1, -20.66, -20.73] -25.83  Inventory: [0.0, 15.0, 0.0]  Order: [11.88, 12.08, 12.09] Demand: [12.635]
Reward for thread 3: [-22.77, -18.62, -20.19] -20.53  Inventory: [0.0, 0.0, 0.0]  Order: [10.92, 11.06, 11.08] Demand: [11.405]
Reward for thread 4: [-48.46, -28.6, -27.72] -34.93  Inventory: [0.0, 0.0, 0.0]  Order: [13.66, 13.72, 13.61] Demand: [14.615]
Reward for thread 5: [-11.6, -16.38, -19.22] -15.73  Inventory: [0.0, 0.0, 35.0]  Order: [4.51, 4.33, 4.34] Demand: [4.56]

 Algo happo Exp ippo_seed11_formal_v1 updates 422/3000 episodes, total num timesteps 423000/3000000, FPS 117.

Reward for thread 1: [-15.53, -19.99, -24.45] -19.99  Inventory: [0.0, 26.0, 34.0]  Order: [5.96, 5.84, 5.78] Demand: [6.18]
Reward for thread 2: [-12.16, -14.23, -16.27] -14.22  Inventory: [0.0, 0.0, 0.0]  Order: [10.11, 10.3, 10.26] Demand: [10.225]
Reward for thread 3: [-30.84, -21.04, -21.36] -24.41  Inventory: [0.0, 40.0, 57.0]  Order: [9.76, 9.74, 9.81] Demand: [10.745]
Reward for thread 4: [-14.56, -20.43, -26.86] -20.62  Inventory: [4.0, 49.0, 27.0]  Order: [5.04, 5.08, 5.0] Demand: [5.22]
Reward for thread 5: [-12.33, -16.55, -17.09] -15.32  Inventory: [8.0, 14.0, 0.0]  Order: [7.12, 7.08, 6.97] Demand: [7.17]

 Algo happo Exp ippo_seed11_formal_v1 updates 423/3000 episodes, total num timesteps 424000/3000000, FPS 117.

Reward for thread 1: [-18.41, -24.23, -20.27] -20.97  Inventory: [0.0, 0.0, 0.0]  Order: [7.96, 7.89, 7.9] Demand: [8.145]
Reward for thread 2: [-59.83, -32.64, -29.39] -40.62  Inventory: [0.0, 0.0, 0.0]  Order: [12.22, 12.11, 12.04] Demand: [13.765]
Reward for thread 3: [-124.74, -49.68, -46.65] -73.69  Inventory: [0.0, 0.0, 17.0]  Order: [13.66, 13.54, 13.56] Demand: [13.705]
Reward for thread 4: [-20.77, -21.93, -22.01] -21.57  Inventory: [14.0, 26.0, 20.0]  Order: [10.62, 10.55, 10.45] Demand: [10.765]
Reward for thread 5: [-13.16, -18.04, -20.6] -17.27  Inventory: [0.0, 0.0, 0.0]  Order: [6.64, 6.61, 6.51] Demand: [6.635]

 Algo happo Exp ippo_seed11_formal_v1 updates 424/3000 episodes, total num timesteps 425000/3000000, FPS 117.

Reward for thread 1: [-15.33, -21.18, -25.64] -20.72  Inventory: [0.0, 3.0, 32.0]  Order: [5.94, 5.76, 5.68] Demand: [6.13]
Reward for thread 2: [-47.21, -24.71, -24.35] -32.09  Inventory: [0.0, 0.0, 1.0]  Order: [13.1, 13.12, 13.18] Demand: [14.415]
Reward for thread 3: [-109.83, -39.56, -39.33] -62.91  Inventory: [0.0, 0.0, 24.0]  Order: [14.19, 14.17, 14.26] Demand: [16.155]
Reward for thread 4: [-14.8, -19.34, -22.89] -19.01  Inventory: [0.0, 0.0, 0.0]  Order: [6.98, 6.9, 6.79] Demand: [7.015]
Reward for thread 5: [-22.35, -16.8, -17.3] -18.82  Inventory: [0.0, 11.0, 10.0]  Order: [14.1, 14.22, 14.18] Demand: [14.57]

Eval average reward:  -27.532833333333333  Eval ordering fluctuation measurement (downstream to upstream):  [0.8703400434823759, 0.9978378016080098, 1.1706879968037858]

 Algo happo Exp ippo_seed11_formal_v1 updates 425/3000 episodes, total num timesteps 426000/3000000, FPS 117.

Reward for thread 1: [-16.11, -21.24, -30.61] -22.65  Inventory: [29.0, 18.0, 73.0]  Order: [2.06, 1.9, 2.02] Demand: [2.155]
Reward for thread 2: [-15.14, -20.6, -23.7] -19.81  Inventory: [0.0, 0.0, 0.0]  Order: [4.46, 4.36, 4.26] Demand: [4.545]
Reward for thread 3: [-18.59, -19.21, -20.75] -19.52  Inventory: [0.0, 0.0, 0.0]  Order: [7.5, 7.4, 7.44] Demand: [7.48]
Reward for thread 4: [-13.91, -15.84, -17.34] -15.7  Inventory: [0.0, 0.0, 0.0]  Order: [11.11, 11.16, 11.28] Demand: [11.33]
Reward for thread 5: [-14.48, -22.3, -31.65] -22.81  Inventory: [0.0, 8.0, 10.0]  Order: [2.96, 2.8, 2.66] Demand: [3.135]

 Algo happo Exp ippo_seed11_formal_v1 updates 426/3000 episodes, total num timesteps 427000/3000000, FPS 117.

Reward for thread 1: [-20.98, -21.34, -23.76] -22.03  Inventory: [6.0, 14.0, 19.0]  Order: [8.93, 8.86, 8.74] Demand: [9.055]
Reward for thread 2: [-78.77, -77.71, -45.39] -67.29  Inventory: [0.0, 0.0, 21.0]  Order: [11.65, 9.68, 9.68] Demand: [12.81]
Reward for thread 3: [-10.53, -16.07, -18.66] -15.09  Inventory: [0.0, 0.0, 21.0]  Order: [3.76, 3.6, 3.46] Demand: [3.925]
Reward for thread 4: [-19.42, -19.3, -20.23] -19.65  Inventory: [4.0, 0.0, 32.0]  Order: [12.31, 12.18, 12.12] Demand: [12.32]
Reward for thread 5: [-12.76, -16.93, -19.54] -16.41  Inventory: [0.0, 0.0, 0.0]  Order: [7.29, 7.27, 7.28] Demand: [7.215]

 Algo happo Exp ippo_seed11_formal_v1 updates 427/3000 episodes, total num timesteps 428000/3000000, FPS 117.

Reward for thread 1: [-11.7, -16.87, -21.15] -16.57  Inventory: [2.0, 0.0, 19.0]  Order: [3.89, 3.8, 3.68] Demand: [4.075]
Reward for thread 2: [-17.62, -32.4, -23.55] -24.52  Inventory: [0.0, 0.0, 17.0]  Order: [6.7, 5.82, 5.84] Demand: [6.025]
Reward for thread 3: [-54.26, -25.86, -26.52] -35.55  Inventory: [0.0, 7.0, 1.0]  Order: [13.34, 13.28, 13.3] Demand: [15.105]
Reward for thread 4: [-13.61, -17.92, -23.28] -18.27  Inventory: [15.0, 26.0, 64.0]  Order: [3.91, 3.79, 3.9] Demand: [4.08]
Reward for thread 5: [-286.53, -331.13, -137.48] -251.71  Inventory: [0.0, 0.0, 22.0]  Order: [12.58, 6.93, 6.96] Demand: [12.805]

 Algo happo Exp ippo_seed11_formal_v1 updates 428/3000 episodes, total num timesteps 429000/3000000, FPS 117.

Reward for thread 1: [-17.93, -21.27, -22.02] -20.41  Inventory: [17.0, 17.0, 52.0]  Order: [9.7, 9.68, 9.86] Demand: [9.675]
Reward for thread 2: [-19.99, -26.37, -24.36] -23.57  Inventory: [0.0, 27.0, 35.0]  Order: [9.26, 9.27, 9.22] Demand: [9.3]
Reward for thread 3: [-10.81, -15.77, -19.31] -15.3  Inventory: [22.0, 47.0, 43.0]  Order: [3.96, 4.05, 4.16] Demand: [4.045]
Reward for thread 4: [-391.43, -388.96, -166.15] -315.51  Inventory: [0.0, 0.0, 0.0]  Order: [12.76, 7.76, 7.74] Demand: [14.375]
Reward for thread 5: [-20.14, -30.32, -29.78] -26.75  Inventory: [25.0, 30.0, 35.0]  Order: [5.5, 5.41, 5.4] Demand: [5.585]

 Algo happo Exp ippo_seed11_formal_v1 updates 429/3000 episodes, total num timesteps 430000/3000000, FPS 117.

Reward for thread 1: [-18.06, -20.22, -22.78] -20.35  Inventory: [20.0, 30.0, 38.0]  Order: [7.33, 7.23, 7.18] Demand: [7.475]
Reward for thread 2: [-52.38, -51.71, -34.18] -46.09  Inventory: [0.0, 0.0, 14.0]  Order: [11.96, 10.8, 10.87] Demand: [12.15]
Reward for thread 3: [-125.55, -48.33, -50.04] -74.64  Inventory: [0.0, 0.0, 0.0]  Order: [12.67, 12.61, 12.54] Demand: [16.255]
Reward for thread 4: [-13.38, -17.33, -17.5] -16.07  Inventory: [0.0, 0.0, 0.0]  Order: [9.46, 9.37, 9.4] Demand: [9.44]
Reward for thread 5: [-18.65, -24.37, -27.03] -23.35  Inventory: [11.0, 16.0, 56.0]  Order: [6.96, 6.79, 6.82] Demand: [7.12]

Eval average reward:  -23.90275  Eval ordering fluctuation measurement (downstream to upstream):  [0.8718834716425542, 0.9859172380833996, 1.1240245072015613]

 Algo happo Exp ippo_seed11_formal_v1 updates 430/3000 episodes, total num timesteps 431000/3000000, FPS 117.

Reward for thread 1: [-14.54, -19.57, -21.37] -18.49  Inventory: [16.0, 0.0, 18.0]  Order: [8.06, 7.98, 7.94] Demand: [7.985]
Reward for thread 2: [-22.04, -24.63, -32.91] -26.53  Inventory: [7.0, 7.0, 10.0]  Order: [4.01, 3.9, 3.81] Demand: [4.155]
Reward for thread 3: [-29.83, -26.35, -22.32] -26.17  Inventory: [0.0, 0.0, 1.0]  Order: [11.93, 12.02, 12.12] Demand: [12.345]
Reward for thread 4: [-24.59, -24.79, -26.92] -25.43  Inventory: [0.0, 19.0, 42.0]  Order: [9.09, 8.96, 8.94] Demand: [9.31]
Reward for thread 5: [-25.19, -23.61, -24.01] -24.27  Inventory: [9.0, 0.0, 7.0]  Order: [8.64, 8.55, 8.48] Demand: [8.7]

 Algo happo Exp ippo_seed11_formal_v1 updates 431/3000 episodes, total num timesteps 432000/3000000, FPS 117.

Reward for thread 1: [-16.36, -15.76, -17.49] -16.54  Inventory: [13.0, 25.0, 37.0]  Order: [9.72, 9.63, 9.64] Demand: [9.79]
Reward for thread 2: [-33.49, -34.59, -29.32] -32.47  Inventory: [0.0, 0.0, 0.0]  Order: [11.42, 11.36, 11.32] Demand: [11.455]
Reward for thread 3: [-12.6, -16.94, -19.9] -16.48  Inventory: [0.0, 0.0, 0.0]  Order: [4.36, 4.38, 4.36] Demand: [4.32]
Reward for thread 4: [-158.2, -168.38, -78.16] -134.91  Inventory: [0.0, 0.0, 3.0]  Order: [10.53, 8.19, 8.21] Demand: [11.585]
Reward for thread 5: [-14.29, -19.14, -23.94] -19.12  Inventory: [10.0, 32.0, 0.0]  Order: [5.1, 5.05, 4.95] Demand: [5.265]

 Algo happo Exp ippo_seed11_formal_v1 updates 432/3000 episodes, total num timesteps 433000/3000000, FPS 117.

Reward for thread 1: [-12.36, -17.37, -21.83] -17.19  Inventory: [3.0, 22.0, 32.0]  Order: [3.76, 3.62, 3.52] Demand: [3.95]
Reward for thread 2: [-56.41, -60.69, -37.13] -51.41  Inventory: [0.0, 0.0, 0.0]  Order: [10.93, 9.76, 9.64] Demand: [11.545]
Reward for thread 3: [-60.7, -89.06, -41.23] -63.66  Inventory: [0.0, 0.0, 0.0]  Order: [12.66, 10.72, 10.72] Demand: [12.705]
Reward for thread 4: [-18.28, -25.68, -25.02] -22.99  Inventory: [4.0, 12.0, 0.0]  Order: [8.56, 8.59, 8.54] Demand: [8.655]
Reward for thread 5: [-18.54, -24.07, -32.05] -24.89  Inventory: [0.0, 0.0, 0.0]  Order: [6.34, 6.1, 5.99] Demand: [6.09]

 Algo happo Exp ippo_seed11_formal_v1 updates 433/3000 episodes, total num timesteps 434000/3000000, FPS 117.

Reward for thread 1: [-19.52, -24.86, -25.12] -23.17  Inventory: [0.0, 0.0, 0.0]  Order: [7.23, 7.4, 7.36] Demand: [7.2]
Reward for thread 2: [-22.48, -27.72, -24.54] -24.91  Inventory: [0.0, 0.0, 0.0]  Order: [11.24, 11.16, 11.19] Demand: [11.2]
Reward for thread 3: [-23.6, -24.83, -33.18] -27.2  Inventory: [58.0, 14.0, 65.0]  Order: [2.58, 2.47, 2.56] Demand: [2.535]
Reward for thread 4: [-28.46, -28.77, -50.49] -35.91  Inventory: [62.0, 29.0, 83.0]  Order: [2.42, 2.31, 2.5] Demand: [2.35]
Reward for thread 5: [-28.1, -28.59, -25.42] -27.37  Inventory: [0.0, 0.0, 2.0]  Order: [11.48, 11.46, 11.36] Demand: [11.5]

 Algo happo Exp ippo_seed11_formal_v1 updates 434/3000 episodes, total num timesteps 435000/3000000, FPS 117.

Reward for thread 1: [-21.25, -26.57, -23.62] -23.81  Inventory: [19.0, 36.0, 30.0]  Order: [8.86, 8.94, 8.98] Demand: [8.91]
Reward for thread 2: [-15.06, -19.94, -19.82] -18.27  Inventory: [8.0, 8.0, 27.0]  Order: [9.82, 9.68, 9.61] Demand: [9.92]
Reward for thread 3: [-16.21, -21.35, -22.81] -20.12  Inventory: [0.0, 0.0, 0.0]  Order: [8.12, 8.04, 8.08] Demand: [8.06]
Reward for thread 4: [-12.07, -16.58, -17.17] -15.27  Inventory: [13.0, 0.0, 0.0]  Order: [8.96, 8.96, 8.82] Demand: [8.945]
Reward for thread 5: [-14.02, -18.15, -21.29] -17.82  Inventory: [10.0, 10.0, 4.0]  Order: [8.47, 8.38, 8.23] Demand: [8.625]

Eval average reward:  -22.973916666666668  Eval ordering fluctuation measurement (downstream to upstream):  [0.7919692616074766, 0.9394323120537609, 1.0944119529917726]

 Algo happo Exp ippo_seed11_formal_v1 updates 435/3000 episodes, total num timesteps 436000/3000000, FPS 117.

Reward for thread 1: [-19.73, -26.64, -24.89] -23.75  Inventory: [3.0, 19.0, 3.0]  Order: [10.16, 10.1, 10.08] Demand: [10.225]
Reward for thread 2: [-15.51, -21.11, -22.84] -19.82  Inventory: [6.0, 20.0, 15.0]  Order: [8.7, 8.64, 8.62] Demand: [8.855]
Reward for thread 3: [-16.16, -21.35, -34.84] -24.12  Inventory: [12.0, 21.0, 46.0]  Order: [2.49, 2.38, 2.37] Demand: [2.64]
Reward for thread 4: [-14.98, -20.3, -23.5] -19.59  Inventory: [20.0, 14.0, 52.0]  Order: [4.54, 4.36, 4.45] Demand: [4.645]
Reward for thread 5: [-14.55, -18.81, -22.6] -18.65  Inventory: [29.0, 42.0, 56.0]  Order: [4.72, 4.69, 4.72] Demand: [4.785]

 Algo happo Exp ippo_seed11_formal_v1 updates 436/3000 episodes, total num timesteps 437000/3000000, FPS 117.

Reward for thread 1: [-17.87, -22.7, -27.93] -22.83  Inventory: [4.0, 25.0, 44.0]  Order: [5.69, 5.58, 5.6] Demand: [5.895]
Reward for thread 2: [-14.04, -19.17, -20.62] -17.94  Inventory: [0.0, 0.0, 0.0]  Order: [8.13, 8.26, 8.24] Demand: [8.33]
Reward for thread 3: [-12.47, -17.72, -20.3] -16.83  Inventory: [10.0, 34.0, 50.0]  Order: [6.05, 5.97, 5.98] Demand: [6.195]
Reward for thread 4: [-22.38, -19.64, -19.85] -20.62  Inventory: [0.0, 2.0, 0.0]  Order: [12.7, 12.85, 12.87] Demand: [12.97]
Reward for thread 5: [-19.69, -24.22, -26.1] -23.34  Inventory: [16.0, 39.0, 76.0]  Order: [9.64, 9.59, 9.74] Demand: [9.725]

 Algo happo Exp ippo_seed11_formal_v1 updates 437/3000 episodes, total num timesteps 438000/3000000, FPS 117.

Reward for thread 1: [-24.86, -25.8, -25.33] -25.33  Inventory: [3.0, 0.0, 20.0]  Order: [11.06, 10.96, 10.88] Demand: [11.135]
Reward for thread 2: [-13.84, -18.91, -19.79] -17.51  Inventory: [1.0, 35.0, 34.0]  Order: [8.32, 8.41, 8.35] Demand: [8.37]
Reward for thread 3: [-15.25, -21.11, -25.41] -20.59  Inventory: [0.0, 0.0, 0.0]  Order: [5.99, 6.06, 6.02] Demand: [5.855]
Reward for thread 4: [-16.4, -26.03, -26.42] -22.95  Inventory: [2.0, 15.0, 27.0]  Order: [5.84, 5.7, 5.59] Demand: [6.04]
Reward for thread 5: [-14.63, -21.04, -26.26] -20.64  Inventory: [9.0, 28.0, 44.0]  Order: [3.14, 3.05, 3.04] Demand: [3.335]

 Algo happo Exp ippo_seed11_formal_v1 updates 438/3000 episodes, total num timesteps 439000/3000000, FPS 117.

Reward for thread 1: [-16.24, -22.74, -28.7] -22.56  Inventory: [14.0, 30.0, 17.0]  Order: [4.68, 4.62, 4.5] Demand: [4.8]
Reward for thread 2: [-116.51, -52.76, -44.17] -71.15  Inventory: [0.0, 0.0, 0.0]  Order: [13.03, 12.96, 12.84] Demand: [15.76]
Reward for thread 3: [-15.59, -22.32, -24.4] -20.77  Inventory: [4.0, 11.0, 32.0]  Order: [5.54, 5.44, 5.38] Demand: [5.735]
Reward for thread 4: [-15.61, -20.84, -23.41] -19.95  Inventory: [6.0, 8.0, 7.0]  Order: [9.39, 9.32, 9.24] Demand: [9.525]
Reward for thread 5: [-17.38, -23.56, -20.7] -20.55  Inventory: [2.0, 10.0, 22.0]  Order: [8.55, 8.49, 8.41] Demand: [8.605]

 Algo happo Exp ippo_seed11_formal_v1 updates 439/3000 episodes, total num timesteps 440000/3000000, FPS 117.

Reward for thread 1: [-14.45, -16.78, -17.92] -16.38  Inventory: [0.0, 0.0, 0.0]  Order: [7.85, 8.01, 8.02] Demand: [8.145]
Reward for thread 2: [-12.91, -19.03, -23.15] -18.36  Inventory: [4.0, 11.0, 29.0]  Order: [3.44, 3.32, 3.21] Demand: [3.645]
Reward for thread 3: [-61.2, -31.94, -31.64] -41.59  Inventory: [0.0, 0.0, 15.0]  Order: [15.78, 15.74, 15.74] Demand: [15.765]
Reward for thread 4: [-15.51, -19.59, -23.43] -19.51  Inventory: [13.0, 6.0, 38.0]  Order: [7.84, 7.62, 7.6] Demand: [7.935]
Reward for thread 5: [-172.73, -59.49, -56.86] -96.36  Inventory: [0.0, 22.0, 25.0]  Order: [12.94, 12.87, 12.78] Demand: [16.73]

Eval average reward:  -22.45641666666667  Eval ordering fluctuation measurement (downstream to upstream):  [0.8441971180440551, 0.9497503348058043, 1.078762914146554]
A better model is saved!

 Algo happo Exp ippo_seed11_formal_v1 updates 440/3000 episodes, total num timesteps 441000/3000000, FPS 117.

Reward for thread 1: [-15.67, -22.94, -20.82] -19.81  Inventory: [3.0, 30.0, 45.0]  Order: [9.36, 9.3, 9.28] Demand: [9.505]
Reward for thread 2: [-13.46, -18.34, -19.04] -16.95  Inventory: [24.0, 17.0, 2.0]  Order: [6.42, 6.45, 6.38] Demand: [6.475]
Reward for thread 3: [-13.18, -18.98, -19.21] -17.12  Inventory: [0.0, 0.0, 0.0]  Order: [6.26, 6.26, 6.2] Demand: [6.345]
Reward for thread 4: [-16.09, -22.65, -22.91] -20.55  Inventory: [56.0, 54.0, 44.0]  Order: [6.72, 6.74, 6.73] Demand: [6.67]
Reward for thread 5: [-15.65, -23.9, -31.81] -23.79  Inventory: [3.0, 32.0, 74.0]  Order: [3.88, 3.8, 3.98] Demand: [4.11]

 Algo happo Exp ippo_seed11_formal_v1 updates 441/3000 episodes, total num timesteps 442000/3000000, FPS 117.

Reward for thread 1: [-18.96, -19.61, -23.64] -20.74  Inventory: [0.0, 3.0, 11.0]  Order: [7.84, 7.7, 7.57] Demand: [7.885]
Reward for thread 2: [-16.23, -23.55, -31.42] -23.73  Inventory: [1.0, 15.0, 36.0]  Order: [3.49, 3.44, 3.4] Demand: [3.65]
Reward for thread 3: [-13.14, -17.56, -19.93] -16.88  Inventory: [1.0, 8.0, 0.0]  Order: [7.92, 7.98, 7.88] Demand: [8.05]
Reward for thread 4: [-27.99, -18.83, -21.3] -22.71  Inventory: [0.0, 26.0, 14.0]  Order: [12.8, 12.96, 12.87] Demand: [12.82]
Reward for thread 5: [-15.6, -25.45, -25.92] -22.32  Inventory: [5.0, 20.0, 43.0]  Order: [6.28, 6.14, 6.1] Demand: [6.435]

 Algo happo Exp ippo_seed11_formal_v1 updates 442/3000 episodes, total num timesteps 443000/3000000, FPS 117.

Reward for thread 1: [-17.91, -21.49, -22.75] -20.72  Inventory: [7.0, 0.0, 0.0]  Order: [9.4, 9.4, 9.28] Demand: [9.4]
Reward for thread 2: [-13.74, -20.91, -23.61] -19.42  Inventory: [11.0, 34.0, 25.0]  Order: [4.32, 4.26, 4.14] Demand: [4.51]
Reward for thread 3: [-33.94, -22.98, -22.68] -26.53  Inventory: [0.0, 0.0, 0.0]  Order: [11.28, 11.24, 11.32] Demand: [12.11]
Reward for thread 4: [-21.85, -29.31, -30.51] -27.22  Inventory: [6.0, 36.0, 51.0]  Order: [8.63, 8.56, 8.6] Demand: [8.755]
Reward for thread 5: [-10.82, -15.13, -16.3] -14.08  Inventory: [7.0, 9.0, 31.0]  Order: [9.95, 9.89, 9.95] Demand: [9.995]

 Algo happo Exp ippo_seed11_formal_v1 updates 443/3000 episodes, total num timesteps 444000/3000000, FPS 117.

Reward for thread 1: [-19.84, -24.18, -23.06] -22.36  Inventory: [4.0, 7.0, 25.0]  Order: [6.99, 6.84, 6.72] Demand: [7.15]
Reward for thread 2: [-23.44, -24.13, -22.3] -23.29  Inventory: [27.0, 37.0, 76.0]  Order: [11.62, 11.56, 11.72] Demand: [11.7]
Reward for thread 3: [-12.92, -19.59, -20.04] -17.52  Inventory: [5.0, 15.0, 5.0]  Order: [5.88, 5.8, 5.78] Demand: [6.03]
Reward for thread 4: [-13.99, -21.08, -23.66] -19.58  Inventory: [7.0, 23.0, 37.0]  Order: [3.11, 3.02, 2.97] Demand: [3.31]
Reward for thread 5: [-13.34, -18.85, -21.37] -17.85  Inventory: [1.0, 0.0, 0.0]  Order: [6.22, 6.1, 5.92] Demand: [6.31]

 Algo happo Exp ippo_seed11_formal_v1 updates 444/3000 episodes, total num timesteps 445000/3000000, FPS 117.

Reward for thread 1: [-24.79, -33.73, -28.07] -28.86  Inventory: [8.0, 17.0, 36.0]  Order: [6.78, 6.66, 6.68] Demand: [6.92]
Reward for thread 2: [-29.94, -27.45, -25.73] -27.71  Inventory: [0.0, 27.0, 0.0]  Order: [12.76, 13.01, 13.07] Demand: [12.77]
Reward for thread 3: [-26.36, -25.17, -25.01] -25.51  Inventory: [7.0, 23.0, 48.0]  Order: [10.61, 10.48, 10.5] Demand: [10.75]
Reward for thread 4: [-28.6, -30.54, -27.6] -28.91  Inventory: [0.0, 0.0, 0.0]  Order: [8.32, 8.22, 8.21] Demand: [8.46]
Reward for thread 5: [-11.75, -16.38, -18.07] -15.4  Inventory: [5.0, 27.0, 30.0]  Order: [4.94, 4.88, 4.84] Demand: [5.055]

Eval average reward:  -24.878833333333336  Eval ordering fluctuation measurement (downstream to upstream):  [0.8779387728327246, 0.9025453918027051, 1.0672033486130508]

 Algo happo Exp ippo_seed11_formal_v1 updates 445/3000 episodes, total num timesteps 446000/3000000, FPS 117.

Reward for thread 1: [-25.9, -21.16, -23.04] -23.37  Inventory: [13.0, 24.0, 0.0]  Order: [12.24, 12.32, 12.36] Demand: [12.335]
Reward for thread 2: [-16.38, -24.18, -26.68] -22.41  Inventory: [0.0, 0.0, 0.0]  Order: [5.9, 5.86, 5.68] Demand: [5.73]
Reward for thread 3: [-75.15, -33.83, -32.59] -47.19  Inventory: [0.0, 30.0, 26.0]  Order: [14.82, 14.86, 15.03] Demand: [14.895]
Reward for thread 4: [-13.61, -19.21, -26.5] -19.77  Inventory: [4.0, 25.0, 66.0]  Order: [2.31, 2.2, 2.3] Demand: [2.52]
Reward for thread 5: [-12.26, -16.8, -18.49] -15.85  Inventory: [1.0, 13.0, 7.0]  Order: [6.08, 5.98, 5.77] Demand: [6.26]

 Algo happo Exp ippo_seed11_formal_v1 updates 446/3000 episodes, total num timesteps 447000/3000000, FPS 117.

Reward for thread 1: [-16.99, -25.79, -28.56] -23.78  Inventory: [1.0, 20.0, 33.0]  Order: [3.45, 3.33, 3.26] Demand: [3.65]
Reward for thread 2: [-14.45, -17.37, -18.98] -16.93  Inventory: [14.0, 34.0, 21.0]  Order: [9.91, 9.98, 9.94] Demand: [10.01]
Reward for thread 3: [-15.7, -21.71, -24.57] -20.66  Inventory: [2.0, 27.0, 41.0]  Order: [5.84, 5.74, 5.74] Demand: [6.005]
Reward for thread 4: [-81.44, -43.03, -38.8] -54.42  Inventory: [0.0, 0.0, 22.0]  Order: [13.5, 13.28, 13.29] Demand: [15.02]
Reward for thread 5: [-65.18, -52.19, -32.61] -49.99  Inventory: [0.0, 0.0, 31.0]  Order: [15.53, 15.1, 15.26] Demand: [16.295]

 Algo happo Exp ippo_seed11_formal_v1 updates 447/3000 episodes, total num timesteps 448000/3000000, FPS 117.

Reward for thread 1: [-23.77, -30.9, -26.11] -26.93  Inventory: [10.0, 26.0, 7.0]  Order: [8.1, 8.05, 8.04] Demand: [8.18]
Reward for thread 2: [-13.85, -20.04, -22.22] -18.7  Inventory: [3.0, 16.0, 30.0]  Order: [7.58, 7.46, 7.38] Demand: [7.735]
Reward for thread 3: [-18.52, -22.74, -22.84] -21.37  Inventory: [10.0, 38.0, 35.0]  Order: [10.13, 10.07, 10.04] Demand: [10.285]
Reward for thread 4: [-15.42, -20.92, -19.71] -18.68  Inventory: [0.0, 12.0, 0.0]  Order: [9.19, 9.12, 9.04] Demand: [9.28]
Reward for thread 5: [-14.79, -21.12, -22.39] -19.43  Inventory: [21.0, 35.0, 79.0]  Order: [5.52, 5.46, 5.63] Demand: [5.655]

 Algo happo Exp ippo_seed11_formal_v1 updates 448/3000 episodes, total num timesteps 449000/3000000, FPS 117.

Reward for thread 1: [-12.61, -18.39, -21.56] -17.52  Inventory: [9.0, 19.0, 8.0]  Order: [3.77, 3.68, 3.58] Demand: [3.955]
Reward for thread 2: [-101.32, -36.07, -37.18] -58.19  Inventory: [0.0, 0.0, 0.0]  Order: [13.52, 13.56, 13.54] Demand: [15.41]
Reward for thread 3: [-31.43, -22.48, -20.7] -24.87  Inventory: [5.0, 24.0, 34.0]  Order: [13.78, 13.81, 13.78] Demand: [13.86]
Reward for thread 4: [-14.92, -20.85, -23.68] -19.82  Inventory: [0.0, 0.0, 13.0]  Order: [7.1, 7.02, 6.88] Demand: [7.13]
Reward for thread 5: [-15.18, -19.26, -20.66] -18.37  Inventory: [10.0, 38.0, 24.0]  Order: [8.55, 8.5, 8.37] Demand: [8.735]

 Algo happo Exp ippo_seed11_formal_v1 updates 449/3000 episodes, total num timesteps 450000/3000000, FPS 117.

Reward for thread 1: [-63.32, -27.45, -26.22] -39.0  Inventory: [0.0, 0.0, 12.0]  Order: [12.92, 12.84, 12.88] Demand: [14.42]
Reward for thread 2: [-11.19, -15.15, -15.19] -13.84  Inventory: [0.0, 0.0, 0.0]  Order: [6.84, 6.81, 6.82] Demand: [6.795]
Reward for thread 3: [-14.42, -23.72, -27.43] -21.86  Inventory: [9.0, 43.0, 63.0]  Order: [2.49, 2.46, 2.56] Demand: [2.685]
Reward for thread 4: [-14.54, -21.38, -21.77] -19.23  Inventory: [6.0, 4.0, 26.0]  Order: [6.28, 6.28, 6.19] Demand: [6.38]
Reward for thread 5: [-48.28, -32.59, -25.31] -35.39  Inventory: [0.0, 1.0, 6.0]  Order: [13.24, 13.38, 13.42] Demand: [14.09]

Eval average reward:  -26.20425  Eval ordering fluctuation measurement (downstream to upstream):  [0.8815899479995803, 0.9494646284126302, 1.0936407946177256]

 Algo happo Exp ippo_seed11_formal_v1 updates 450/3000 episodes, total num timesteps 451000/3000000, FPS 117.

Reward for thread 1: [-12.77, -18.27, -19.35] -16.8  Inventory: [0.0, 13.0, 3.0]  Order: [7.1, 7.07, 6.98] Demand: [7.265]
Reward for thread 2: [-12.36, -17.03, -19.18] -16.19  Inventory: [0.0, 0.0, 0.0]  Order: [7.68, 7.71, 7.56] Demand: [7.545]
Reward for thread 3: [-11.26, -15.88, -17.11] -14.75  Inventory: [10.0, 23.0, 21.0]  Order: [6.64, 6.58, 6.5] Demand: [6.635]
Reward for thread 4: [-19.57, -23.48, -23.65] -22.23  Inventory: [0.0, 19.0, 17.0]  Order: [8.64, 8.52, 8.44] Demand: [8.77]
Reward for thread 5: [-14.98, -20.99, -22.37] -19.45  Inventory: [0.0, 0.0, 0.0]  Order: [7.79, 7.8, 7.66] Demand: [7.685]

 Algo happo Exp ippo_seed11_formal_v1 updates 451/3000 episodes, total num timesteps 452000/3000000, FPS 117.

Reward for thread 1: [-13.9, -20.65, -21.86] -18.8  Inventory: [2.0, 31.0, 20.0]  Order: [4.78, 4.7, 4.62] Demand: [4.99]
Reward for thread 2: [-10.99, -16.3, -15.26] -14.18  Inventory: [1.0, 14.0, 15.0]  Order: [5.34, 5.22, 5.08] Demand: [5.49]
Reward for thread 3: [-31.9, -30.16, -24.24] -28.77  Inventory: [0.0, 9.0, 12.0]  Order: [11.88, 12.03, 12.16] Demand: [12.19]
Reward for thread 4: [-11.07, -16.36, -19.93] -15.79  Inventory: [8.0, 17.0, 7.0]  Order: [3.48, 3.36, 3.2] Demand: [3.68]
Reward for thread 5: [-35.38, -25.23, -24.07] -28.23  Inventory: [0.0, 4.0, 0.0]  Order: [9.37, 9.49, 9.52] Demand: [10.34]

 Algo happo Exp ippo_seed11_formal_v1 updates 452/3000 episodes, total num timesteps 453000/3000000, FPS 117.

Reward for thread 1: [-39.14, -23.13, -25.12] -29.13  Inventory: [0.0, 1.0, 0.0]  Order: [10.57, 10.64, 10.76] Demand: [11.61]
Reward for thread 2: [-11.3, -16.11, -18.15] -15.19  Inventory: [10.0, 0.0, 10.0]  Order: [6.3, 6.32, 6.34] Demand: [6.34]
Reward for thread 3: [-19.66, -16.36, -15.57] -17.2  Inventory: [0.0, 0.0, 0.0]  Order: [10.84, 10.82, 10.9] Demand: [10.89]
Reward for thread 4: [-35.84, -29.5, -24.39] -29.91  Inventory: [0.0, 5.0, 0.0]  Order: [13.66, 13.86, 13.92] Demand: [13.935]
Reward for thread 5: [-12.43, -18.54, -19.56] -16.84  Inventory: [2.0, 0.0, 0.0]  Order: [4.28, 4.14, 3.93] Demand: [4.28]

 Algo happo Exp ippo_seed11_formal_v1 updates 453/3000 episodes, total num timesteps 454000/3000000, FPS 117.

Reward for thread 1: [-11.17, -15.84, -17.48] -14.83  Inventory: [0.0, 22.0, 19.0]  Order: [5.2, 5.08, 4.98] Demand: [5.405]
Reward for thread 2: [-15.93, -26.15, -26.94] -23.01  Inventory: [9.0, 21.0, 0.0]  Order: [4.13, 4.1, 3.94] Demand: [4.305]
Reward for thread 3: [-11.39, -18.94, -17.42] -15.92  Inventory: [0.0, 0.0, 8.0]  Order: [3.86, 3.73, 3.66] Demand: [3.995]
Reward for thread 4: [-19.95, -18.79, -22.87] -20.54  Inventory: [7.0, 0.0, 0.0]  Order: [10.92, 11.15, 10.96] Demand: [11.005]
Reward for thread 5: [-12.0, -20.5, -19.18] -17.23  Inventory: [0.0, 32.0, 9.0]  Order: [2.74, 2.68, 2.5] Demand: [2.965]

 Algo happo Exp ippo_seed11_formal_v1 updates 454/3000 episodes, total num timesteps 455000/3000000, FPS 117.

Reward for thread 1: [-67.2, -32.06, -31.17] -43.48  Inventory: [0.0, 0.0, 0.0]  Order: [14.05, 14.15, 14.16] Demand: [15.065]
Reward for thread 2: [-12.8, -18.42, -19.73] -16.98  Inventory: [6.0, 25.0, 30.0]  Order: [8.04, 7.98, 7.9] Demand: [8.18]
Reward for thread 3: [-14.01, -20.23, -20.11] -18.12  Inventory: [12.0, 5.0, 0.0]  Order: [7.4, 7.26, 7.14] Demand: [7.48]
Reward for thread 4: [-12.32, -16.76, -18.4] -15.83  Inventory: [0.0, 4.0, 5.0]  Order: [6.5, 6.43, 6.3] Demand: [6.655]
Reward for thread 5: [-22.36, -27.94, -25.73] -25.34  Inventory: [0.0, 0.0, 0.0]  Order: [9.94, 9.77, 9.85] Demand: [10.025]

Eval average reward:  -25.656666666666666  Eval ordering fluctuation measurement (downstream to upstream):  [0.8629586987092498, 0.9420890475046088, 1.1179490281960232]

 Algo happo Exp ippo_seed11_formal_v1 updates 455/3000 episodes, total num timesteps 456000/3000000, FPS 117.

Reward for thread 1: [-39.6, -22.89, -23.79] -28.76  Inventory: [3.0, 42.0, 44.0]  Order: [14.72, 14.76, 14.75] Demand: [14.845]
Reward for thread 2: [-44.82, -26.51, -27.86] -33.06  Inventory: [0.0, 0.0, 0.0]  Order: [13.69, 13.79, 13.86] Demand: [14.63]
Reward for thread 3: [-18.96, -27.2, -25.48] -23.88  Inventory: [5.0, 22.0, 20.0]  Order: [7.96, 7.84, 7.72] Demand: [8.145]
Reward for thread 4: [-95.13, -34.47, -32.6] -54.07  Inventory: [0.0, 9.0, 4.0]  Order: [16.52, 16.68, 16.77] Demand: [17.155]
Reward for thread 5: [-55.83, -33.17, -27.38] -38.79  Inventory: [0.0, 2.0, 0.0]  Order: [11.22, 11.36, 11.48] Demand: [12.345]

 Algo happo Exp ippo_seed11_formal_v1 updates 456/3000 episodes, total num timesteps 457000/3000000, FPS 117.

Reward for thread 1: [-14.84, -20.05, -21.89] -18.93  Inventory: [0.0, 0.0, 0.0]  Order: [8.19, 8.17, 8.13] Demand: [8.225]
Reward for thread 2: [-16.57, -17.35, -17.9] -17.27  Inventory: [0.0, 0.0, 0.0]  Order: [11.2, 11.11, 11.0] Demand: [11.205]
Reward for thread 3: [-15.25, -22.88, -22.02] -20.05  Inventory: [9.0, 13.0, 0.0]  Order: [7.52, 7.8, 7.64] Demand: [7.545]
Reward for thread 4: [-13.64, -23.08, -19.26] -18.66  Inventory: [3.0, 29.0, 33.0]  Order: [3.89, 3.8, 3.72] Demand: [4.09]
Reward for thread 5: [-33.03, -25.42, -23.04] -27.16  Inventory: [0.0, 0.0, 0.0]  Order: [13.08, 13.06, 13.18] Demand: [13.36]

 Algo happo Exp ippo_seed11_formal_v1 updates 457/3000 episodes, total num timesteps 458000/3000000, FPS 117.

Reward for thread 1: [-12.25, -20.82, -18.77] -17.28  Inventory: [6.0, 0.0, 0.0]  Order: [3.44, 3.44, 3.26] Demand: [3.58]
Reward for thread 2: [-12.22, -18.99, -19.4] -16.87  Inventory: [3.0, 7.0, 13.0]  Order: [7.7, 7.58, 7.45] Demand: [7.82]
Reward for thread 3: [-11.87, -22.95, -17.32] -17.38  Inventory: [14.0, 44.0, 14.0]  Order: [1.77, 1.74, 1.56] Demand: [1.95]
Reward for thread 4: [-17.62, -20.61, -20.5] -19.58  Inventory: [0.0, 0.0, 0.0]  Order: [10.2, 10.11, 9.94] Demand: [10.305]
Reward for thread 5: [-79.01, -33.38, -29.49] -47.29  Inventory: [0.0, 0.0, 0.0]  Order: [15.9, 15.96, 15.98] Demand: [16.015]

 Algo happo Exp ippo_seed11_formal_v1 updates 458/3000 episodes, total num timesteps 459000/3000000, FPS 117.

Reward for thread 1: [-20.05, -28.5, -25.09] -24.55  Inventory: [9.0, 53.0, 14.0]  Order: [4.42, 4.44, 4.28] Demand: [4.62]
Reward for thread 2: [-16.06, -20.94, -21.44] -19.48  Inventory: [0.0, 0.0, 7.0]  Order: [8.3, 8.3, 8.26] Demand: [8.145]
Reward for thread 3: [-12.06, -20.31, -20.05] -17.47  Inventory: [6.0, 21.0, 27.0]  Order: [4.22, 4.08, 3.98] Demand: [4.38]
Reward for thread 4: [-32.59, -26.08, -25.58] -28.08  Inventory: [0.0, 0.0, 0.0]  Order: [12.32, 12.4, 12.53] Demand: [12.43]
Reward for thread 5: [-30.04, -34.02, -32.56] -32.21  Inventory: [1.0, 27.0, 27.0]  Order: [9.12, 9.02, 8.9] Demand: [9.265]

 Algo happo Exp ippo_seed11_formal_v1 updates 459/3000 episodes, total num timesteps 460000/3000000, FPS 117.

Reward for thread 1: [-16.41, -21.17, -24.0] -20.53  Inventory: [14.0, 19.0, 10.0]  Order: [5.98, 5.92, 5.89] Demand: [6.085]
Reward for thread 2: [-64.83, -34.32, -30.92] -43.36  Inventory: [0.0, 0.0, 0.0]  Order: [14.1, 14.08, 14.1] Demand: [14.05]
Reward for thread 3: [-17.71, -17.37, -19.36] -18.15  Inventory: [0.0, 0.0, 0.0]  Order: [8.83, 8.86, 8.93] Demand: [8.995]
Reward for thread 4: [-15.34, -18.6, -18.82] -17.59  Inventory: [0.0, 0.0, 0.0]  Order: [8.8, 8.84, 8.85] Demand: [8.825]
Reward for thread 5: [-111.52, -110.12, -58.08] -93.24  Inventory: [0.0, 0.0, 21.0]  Order: [14.82, 12.39, 12.34] Demand: [14.685]

Eval average reward:  -25.411  Eval ordering fluctuation measurement (downstream to upstream):  [0.8750440317924844, 0.9721681027290862, 1.1119168450101449]

 Algo happo Exp ippo_seed11_formal_v1 updates 460/3000 episodes, total num timesteps 461000/3000000, FPS 117.

Reward for thread 1: [-11.72, -18.0, -19.68] -16.47  Inventory: [4.0, 40.0, 15.0]  Order: [5.14, 5.1, 4.96] Demand: [5.35]
Reward for thread 2: [-32.29, -25.0, -24.21] -27.17  Inventory: [0.0, 3.0, 8.0]  Order: [11.2, 11.3, 11.48] Demand: [11.945]
Reward for thread 3: [-17.98, -20.63, -23.3] -20.64  Inventory: [0.0, 0.0, 13.0]  Order: [11.34, 11.32, 11.36] Demand: [11.365]
Reward for thread 4: [-12.5, -23.36, -21.59] -19.15  Inventory: [1.0, 32.0, 20.0]  Order: [2.83, 2.74, 2.6] Demand: [3.06]
Reward for thread 5: [-72.16, -53.29, -42.01] -55.82  Inventory: [0.0, 7.0, 12.0]  Order: [14.95, 15.06, 15.22] Demand: [15.17]

 Algo happo Exp ippo_seed11_formal_v1 updates 461/3000 episodes, total num timesteps 462000/3000000, FPS 117.

Reward for thread 1: [-16.32, -23.13, -25.44] -21.63  Inventory: [0.0, 0.0, 0.0]  Order: [5.74, 5.56, 5.31] Demand: [5.85]
Reward for thread 2: [-16.31, -30.48, -29.63] -25.47  Inventory: [3.0, 17.0, 21.0]  Order: [3.62, 3.5, 3.4] Demand: [3.755]
Reward for thread 3: [-12.44, -22.15, -20.29] -18.29  Inventory: [15.0, 27.0, 33.0]  Order: [2.88, 2.81, 2.76] Demand: [3.03]
Reward for thread 4: [-13.13, -21.27, -23.52] -19.31  Inventory: [0.0, 16.0, 35.0]  Order: [4.0, 3.88, 3.82] Demand: [4.155]
Reward for thread 5: [-16.26, -21.12, -20.98] -19.45  Inventory: [12.0, 17.0, 0.0]  Order: [8.62, 8.62, 8.5] Demand: [8.74]

 Algo happo Exp ippo_seed11_formal_v1 updates 462/3000 episodes, total num timesteps 463000/3000000, FPS 117.

Reward for thread 1: [-76.76, -111.17, -49.87] -79.27  Inventory: [0.0, 0.0, 25.0]  Order: [11.16, 7.7, 7.58] Demand: [9.475]
Reward for thread 2: [-40.42, -40.25, -35.23] -38.63  Inventory: [40.0, 0.0, 45.0]  Order: [11.5, 11.3, 11.38] Demand: [11.435]
Reward for thread 3: [-74.66, -150.88, -56.35] -93.96  Inventory: [188.0, 0.0, 18.0]  Order: [9.88, 9.08, 9.01] Demand: [8.54]
Reward for thread 4: [-30.35, -23.13, -25.95] -26.48  Inventory: [0.0, 15.0, 11.0]  Order: [12.78, 12.78, 12.88] Demand: [12.8]
Reward for thread 5: [-11.32, -15.7, -17.84] -14.95  Inventory: [0.0, 0.0, 18.0]  Order: [3.85, 3.68, 3.6] Demand: [3.96]

 Algo happo Exp ippo_seed11_formal_v1 updates 463/3000 episodes, total num timesteps 464000/3000000, FPS 117.

Reward for thread 1: [-17.13, -23.72, -25.17] -22.01  Inventory: [9.0, 0.0, 2.0]  Order: [7.64, 7.64, 7.58] Demand: [7.655]
Reward for thread 2: [-11.95, -19.81, -20.42] -17.39  Inventory: [5.0, 43.0, 10.0]  Order: [3.7, 3.69, 3.5] Demand: [3.92]
Reward for thread 3: [-58.44, -36.32, -33.02] -42.59  Inventory: [10.0, 39.0, 28.0]  Order: [12.72, 12.7, 12.58] Demand: [12.9]
Reward for thread 4: [-18.59, -26.57, -25.96] -23.71  Inventory: [17.0, 55.0, 26.0]  Order: [6.48, 6.56, 6.54] Demand: [6.6]
Reward for thread 5: [-236.14, -341.11, -126.83] -234.69  Inventory: [0.0, 0.0, 0.0]  Order: [14.01, 8.1, 7.91] Demand: [9.625]

 Algo happo Exp ippo_seed11_formal_v1 updates 464/3000 episodes, total num timesteps 465000/3000000, FPS 117.

Reward for thread 1: [-137.73, -215.08, -83.23] -145.35  Inventory: [0.0, 0.0, 0.0]  Order: [13.43, 8.46, 8.36] Demand: [9.57]
Reward for thread 2: [-31.4, -51.22, -31.68] -38.1  Inventory: [0.0, 0.0, 0.0]  Order: [12.72, 11.1, 10.88] Demand: [11.48]
Reward for thread 3: [-31.38, -42.52, -30.33] -34.74  Inventory: [0.0, 0.0, 12.0]  Order: [11.06, 9.54, 9.43] Demand: [10.34]
Reward for thread 4: [-183.18, -215.12, -94.28] -164.19  Inventory: [0.0, 0.0, 11.0]  Order: [15.48, 10.45, 10.36] Demand: [15.15]
Reward for thread 5: [-52.18, -25.52, -26.24] -34.65  Inventory: [0.0, 10.0, 19.0]  Order: [13.73, 13.82, 14.0] Demand: [14.945]

Eval average reward:  -26.171833333333332  Eval ordering fluctuation measurement (downstream to upstream):  [0.8349944841548652, 0.9869864952041241, 1.1263596404266392]

 Algo happo Exp ippo_seed11_formal_v1 updates 465/3000 episodes, total num timesteps 466000/3000000, FPS 117.

Reward for thread 1: [-48.08, -106.98, -43.41] -66.16  Inventory: [136.0, 0.0, 24.0]  Order: [8.34, 7.8, 7.84] Demand: [7.42]
Reward for thread 2: [-22.3, -24.71, -25.4] -24.14  Inventory: [8.0, 0.0, 47.0]  Order: [12.26, 12.07, 12.08] Demand: [12.195]
Reward for thread 3: [-23.06, -30.91, -27.07] -27.01  Inventory: [1.0, 20.0, 36.0]  Order: [7.09, 6.98, 6.92] Demand: [7.305]
Reward for thread 4: [-21.89, -27.07, -22.41] -23.79  Inventory: [0.0, 0.0, 0.0]  Order: [9.93, 9.86, 9.98] Demand: [9.965]
Reward for thread 5: [-24.44, -26.63, -23.25] -24.77  Inventory: [0.0, 7.0, 16.0]  Order: [7.72, 7.64, 7.52] Demand: [7.88]

 Algo happo Exp ippo_seed11_formal_v1 updates 466/3000 episodes, total num timesteps 467000/3000000, FPS 117.

Reward for thread 1: [-18.39, -20.37, -21.07] -19.94  Inventory: [1.0, 5.0, 1.0]  Order: [9.31, 9.25, 9.02] Demand: [9.41]
Reward for thread 2: [-12.47, -21.28, -21.69] -18.48  Inventory: [3.0, 44.0, 25.0]  Order: [5.66, 5.66, 5.58] Demand: [5.89]
Reward for thread 3: [-24.54, -27.41, -25.19] -25.71  Inventory: [9.0, 32.0, 31.0]  Order: [7.88, 7.84, 7.75] Demand: [8.03]
Reward for thread 4: [-24.29, -24.48, -25.49] -24.75  Inventory: [6.0, 20.0, 86.0]  Order: [9.28, 9.22, 9.45] Demand: [9.27]
Reward for thread 5: [-16.59, -23.07, -21.28] -20.31  Inventory: [0.0, 0.0, 0.0]  Order: [8.46, 8.28, 8.36] Demand: [8.64]

 Algo happo Exp ippo_seed11_formal_v1 updates 467/3000 episodes, total num timesteps 468000/3000000, FPS 117.

Reward for thread 1: [-11.65, -21.16, -20.25] -17.69  Inventory: [0.0, 16.0, 40.0]  Order: [2.68, 2.52, 2.56] Demand: [2.88]
Reward for thread 2: [-35.09, -22.18, -19.88] -25.72  Inventory: [0.0, 0.0, 9.0]  Order: [14.31, 14.4, 14.5] Demand: [14.895]
Reward for thread 3: [-62.22, -37.7, -29.24] -43.05  Inventory: [0.0, 1.0, 6.0]  Order: [14.22, 14.31, 14.45] Demand: [14.725]
Reward for thread 4: [-39.64, -28.22, -26.61] -31.49  Inventory: [2.0, 19.0, 9.0]  Order: [11.69, 11.7, 11.63] Demand: [11.825]
Reward for thread 5: [-175.12, -163.88, -76.55] -138.52  Inventory: [0.0, 0.0, 0.0]  Order: [16.38, 12.88, 12.7] Demand: [14.405]

 Algo happo Exp ippo_seed11_formal_v1 updates 468/3000 episodes, total num timesteps 469000/3000000, FPS 117.

Reward for thread 1: [-13.78, -17.5, -21.1] -17.46  Inventory: [15.0, 4.0, 40.0]  Order: [4.64, 4.52, 4.5] Demand: [4.75]
Reward for thread 2: [-24.72, -25.2, -26.16] -25.36  Inventory: [0.0, 0.0, 0.0]  Order: [10.15, 10.2, 10.32] Demand: [10.58]
Reward for thread 3: [-15.35, -22.11, -23.08] -20.18  Inventory: [3.0, 28.0, 28.0]  Order: [6.21, 6.12, 6.06] Demand: [6.415]
Reward for thread 4: [-15.54, -22.93, -24.77] -21.08  Inventory: [0.0, 14.0, 0.0]  Order: [6.4, 6.38, 6.31] Demand: [6.465]
Reward for thread 5: [-12.8, -21.37, -17.98] -17.38  Inventory: [20.0, 0.0, 26.0]  Order: [4.01, 3.8, 3.77] Demand: [3.99]

 Algo happo Exp ippo_seed11_formal_v1 updates 469/3000 episodes, total num timesteps 470000/3000000, FPS 117.

Reward for thread 1: [-14.72, -25.73, -22.2] -20.88  Inventory: [0.0, 16.0, 0.0]  Order: [3.25, 3.16, 2.95] Demand: [3.42]
Reward for thread 2: [-10.73, -19.41, -18.44] -16.19  Inventory: [2.0, 47.0, 40.0]  Order: [3.76, 3.75, 3.72] Demand: [3.93]
Reward for thread 3: [-14.99, -19.53, -22.89] -19.14  Inventory: [0.0, 14.0, 44.0]  Order: [7.04, 6.88, 6.86] Demand: [7.175]
Reward for thread 4: [-25.06, -32.02, -21.12] -26.07  Inventory: [0.0, 0.0, 0.0]  Order: [11.27, 10.8, 10.88] Demand: [11.485]
Reward for thread 5: [-18.39, -33.98, -31.66] -28.01  Inventory: [3.0, 42.0, 26.0]  Order: [2.1, 2.08, 1.99] Demand: [2.335]

Eval average reward:  -43.97758333333334  Eval ordering fluctuation measurement (downstream to upstream):  [0.7961461822783404, 1.0331830072172934, 1.1667849263488876]

 Algo happo Exp ippo_seed11_formal_v1 updates 470/3000 episodes, total num timesteps 471000/3000000, FPS 117.

Reward for thread 1: [-27.81, -36.64, -26.12] -30.19  Inventory: [0.0, 0.0, 36.0]  Order: [12.7, 12.01, 12.04] Demand: [12.795]
Reward for thread 2: [-107.23, -94.11, -51.02] -84.12  Inventory: [0.0, 0.0, 9.0]  Order: [13.43, 11.02, 10.94] Demand: [13.18]
Reward for thread 3: [-97.48, -99.96, -53.45] -83.63  Inventory: [0.0, 0.0, 14.0]  Order: [9.6, 6.96, 6.82] Demand: [10.45]
Reward for thread 4: [-26.65, -21.89, -20.22] -22.92  Inventory: [4.0, 40.0, 0.0]  Order: [11.78, 12.01, 12.14] Demand: [11.82]
Reward for thread 5: [-443.0, -414.78, -183.42] -347.07  Inventory: [0.0, 0.0, 0.0]  Order: [14.57, 7.91, 7.72] Demand: [16.1]

 Algo happo Exp ippo_seed11_formal_v1 updates 471/3000 episodes, total num timesteps 472000/3000000, FPS 117.

Reward for thread 1: [-12.02, -16.02, -18.21] -15.42  Inventory: [0.0, 0.0, 2.0]  Order: [8.46, 8.37, 8.38] Demand: [8.45]
Reward for thread 2: [-49.6, -24.36, -23.03] -32.33  Inventory: [0.0, 0.0, 12.0]  Order: [15.65, 15.6, 15.74] Demand: [15.485]
Reward for thread 3: [-36.7, -31.77, -28.86] -32.44  Inventory: [0.0, 0.0, 13.0]  Order: [11.68, 11.72, 11.88] Demand: [12.415]
Reward for thread 4: [-11.37, -19.36, -18.56] -16.43  Inventory: [0.0, 30.0, 46.0]  Order: [4.8, 4.76, 4.75] Demand: [4.96]
Reward for thread 5: [-12.96, -19.38, -17.77] -16.7  Inventory: [0.0, 0.0, 0.0]  Order: [7.02, 7.01, 6.9] Demand: [6.92]

 Algo happo Exp ippo_seed11_formal_v1 updates 472/3000 episodes, total num timesteps 473000/3000000, FPS 117.

Reward for thread 1: [-12.77, -19.92, -19.37] -17.35  Inventory: [9.0, 21.0, 28.0]  Order: [5.88, 5.87, 5.82] Demand: [6.005]
Reward for thread 2: [-24.73, -27.36, -23.39] -25.16  Inventory: [0.0, 2.0, 0.0]  Order: [11.88, 11.91, 11.92] Demand: [11.96]
Reward for thread 3: [-51.75, -28.43, -30.5] -36.89  Inventory: [8.0, 21.0, 28.0]  Order: [11.58, 11.47, 11.4] Demand: [11.73]
Reward for thread 4: [-194.32, -133.68, -76.72] -134.91  Inventory: [0.0, 0.0, 23.0]  Order: [14.18, 11.37, 11.39] Demand: [16.17]
Reward for thread 5: [-12.4, -20.53, -20.53] -17.82  Inventory: [16.0, 2.0, 0.0]  Order: [5.72, 5.9, 5.9] Demand: [5.835]

 Algo happo Exp ippo_seed11_formal_v1 updates 473/3000 episodes, total num timesteps 474000/3000000, FPS 117.

Reward for thread 1: [-51.02, -39.98, -30.66] -40.55  Inventory: [0.0, 0.0, 0.0]  Order: [12.24, 12.1, 12.01] Demand: [12.945]
Reward for thread 2: [-81.87, -153.54, -60.6] -98.67  Inventory: [0.0, 0.0, 30.0]  Order: [12.3, 8.1, 8.08] Demand: [9.35]
Reward for thread 3: [-16.26, -21.82, -22.45] -20.18  Inventory: [0.0, 0.0, 0.0]  Order: [7.8, 8.01, 7.92] Demand: [7.705]
Reward for thread 4: [-22.02, -18.04, -18.11] -19.39  Inventory: [0.0, 2.0, 14.0]  Order: [11.98, 12.08, 12.16] Demand: [12.06]
Reward for thread 5: [-37.07, -22.6, -23.28] -27.65  Inventory: [0.0, 8.0, 24.0]  Order: [11.62, 11.7, 11.88] Demand: [12.6]

 Algo happo Exp ippo_seed11_formal_v1 updates 474/3000 episodes, total num timesteps 475000/3000000, FPS 117.

Reward for thread 1: [-44.82, -77.76, -37.4] -53.33  Inventory: [0.0, 0.0, 0.0]  Order: [9.76, 6.92, 6.89] Demand: [8.27]
Reward for thread 2: [-13.55, -19.99, -21.44] -18.33  Inventory: [4.0, 34.0, 4.0]  Order: [7.02, 7.06, 6.93] Demand: [7.165]
Reward for thread 3: [-12.39, -20.73, -18.84] -17.32  Inventory: [0.0, 0.0, 0.0]  Order: [5.94, 5.84, 5.77] Demand: [5.635]
Reward for thread 4: [-496.73, -586.72, -227.17] -436.87  Inventory: [0.0, 0.0, 13.0]  Order: [16.3, 7.12, 7.0] Demand: [15.035]
Reward for thread 5: [-142.54, -94.44, -59.24] -98.74  Inventory: [0.0, 0.0, 10.0]  Order: [16.08, 13.54, 13.44] Demand: [16.905]

Eval average reward:  -25.351666666666667  Eval ordering fluctuation measurement (downstream to upstream):  [0.8022148879095289, 0.9225784818989281, 1.092383345491529]

 Algo happo Exp ippo_seed11_formal_v1 updates 475/3000 episodes, total num timesteps 476000/3000000, FPS 117.

Reward for thread 1: [-13.28, -21.64, -21.16] -18.69  Inventory: [2.0, 4.0, 0.0]  Order: [5.34, 5.23, 5.04] Demand: [5.47]
Reward for thread 2: [-14.74, -26.31, -22.9] -21.32  Inventory: [18.0, 59.0, 11.0]  Order: [3.47, 3.54, 3.42] Demand: [3.61]
Reward for thread 3: [-59.23, -25.09, -26.05] -36.79  Inventory: [0.0, 0.0, 0.0]  Order: [15.08, 14.94, 14.84] Demand: [14.8]
Reward for thread 4: [-35.91, -25.87, -21.9] -27.89  Inventory: [1.0, 10.0, 8.0]  Order: [12.82, 12.76, 12.75] Demand: [12.845]
Reward for thread 5: [-15.72, -21.94, -19.43] -19.03  Inventory: [49.0, 14.0, 96.0]  Order: [8.28, 8.11, 8.36] Demand: [8.13]

 Algo happo Exp ippo_seed11_formal_v1 updates 476/3000 episodes, total num timesteps 477000/3000000, FPS 117.

Reward for thread 1: [-22.88, -23.37, -23.22] -23.16  Inventory: [0.0, 0.0, 0.0]  Order: [10.2, 10.24, 10.3] Demand: [10.645]
Reward for thread 2: [-27.66, -32.0, -27.28] -28.98  Inventory: [0.0, 0.0, 0.0]  Order: [13.12, 13.14, 13.24] Demand: [13.32]
Reward for thread 3: [-61.37, -28.61, -28.54] -39.51  Inventory: [0.0, 0.0, 0.0]  Order: [14.05, 14.13, 14.24] Demand: [15.32]
Reward for thread 4: [-88.67, -32.64, -30.54] -50.62  Inventory: [0.0, 0.0, 8.0]  Order: [15.58, 15.7, 15.84] Demand: [16.23]
Reward for thread 5: [-19.38, -21.77, -22.08] -21.08  Inventory: [9.0, 21.0, 16.0]  Order: [10.78, 10.76, 10.71] Demand: [10.895]

 Algo happo Exp ippo_seed11_formal_v1 updates 477/3000 episodes, total num timesteps 478000/3000000, FPS 117.

Reward for thread 1: [-35.25, -28.9, -28.59] -30.91  Inventory: [21.0, 91.0, 63.0]  Order: [11.61, 11.86, 12.06] Demand: [11.71]
Reward for thread 2: [-35.64, -37.84, -29.45] -34.31  Inventory: [16.0, 25.0, 64.0]  Order: [12.76, 12.7, 12.78] Demand: [12.9]
Reward for thread 3: [-15.7, -22.41, -24.81] -20.97  Inventory: [0.0, 0.0, 0.0]  Order: [8.44, 8.39, 8.16] Demand: [8.49]
Reward for thread 4: [-12.69, -21.43, -20.29] -18.14  Inventory: [0.0, 5.0, 0.0]  Order: [5.07, 4.94, 4.73] Demand: [5.2]
Reward for thread 5: [-102.02, -49.14, -38.91] -63.36  Inventory: [16.0, 21.0, 11.0]  Order: [15.84, 15.93, 16.03] Demand: [15.86]

 Algo happo Exp ippo_seed11_formal_v1 updates 478/3000 episodes, total num timesteps 479000/3000000, FPS 117.

Reward for thread 1: [-17.6, -22.85, -24.07] -21.51  Inventory: [7.0, 33.0, 27.0]  Order: [7.02, 6.96, 6.86] Demand: [7.215]
Reward for thread 2: [-17.05, -23.06, -25.08] -21.73  Inventory: [6.0, 19.0, 31.0]  Order: [8.49, 8.4, 8.35] Demand: [8.66]
Reward for thread 3: [-20.4, -39.04, -28.94] -29.46  Inventory: [9.0, 69.0, 27.0]  Order: [4.12, 4.24, 4.12] Demand: [4.32]
Reward for thread 4: [-14.55, -22.57, -25.72] -20.95  Inventory: [0.0, 36.0, 58.0]  Order: [5.8, 5.76, 5.8] Demand: [6.035]
Reward for thread 5: [-43.96, -20.06, -21.88] -28.63  Inventory: [0.0, 5.0, 6.0]  Order: [15.46, 15.58, 15.76] Demand: [16.075]

 Algo happo Exp ippo_seed11_formal_v1 updates 479/3000 episodes, total num timesteps 480000/3000000, FPS 117.

Reward for thread 1: [-17.99, -25.08, -26.36] -23.14  Inventory: [6.0, 43.0, 20.0]  Order: [6.34, 6.34, 6.2] Demand: [6.545]
Reward for thread 2: [-114.41, -39.3, -39.62] -64.44  Inventory: [0.0, 0.0, 5.0]  Order: [15.2, 15.24, 15.41] Demand: [16.065]
Reward for thread 3: [-14.18, -23.66, -21.27] -19.7  Inventory: [6.0, 46.0, 10.0]  Order: [3.73, 3.74, 3.62] Demand: [3.94]
Reward for thread 4: [-18.82, -25.69, -26.78] -23.76  Inventory: [6.0, 20.0, 45.0]  Order: [10.23, 10.1, 10.09] Demand: [10.385]
Reward for thread 5: [-23.65, -20.21, -22.08] -21.98  Inventory: [12.0, 41.0, 94.0]  Order: [12.36, 12.37, 12.59] Demand: [12.44]

Eval average reward:  -22.94325  Eval ordering fluctuation measurement (downstream to upstream):  [0.7738169161416324, 0.8675816817114617, 1.0932209581493502]

 Algo happo Exp ippo_seed11_formal_v1 updates 480/3000 episodes, total num timesteps 481000/3000000, FPS 117.

Reward for thread 1: [-42.38, -22.93, -21.46] -28.92  Inventory: [12.0, 41.0, 37.0]  Order: [13.02, 13.0, 13.08] Demand: [13.13]
Reward for thread 2: [-18.17, -19.4, -21.4] -19.66  Inventory: [0.0, 0.0, 0.0]  Order: [10.74, 10.76, 10.7] Demand: [10.41]
Reward for thread 3: [-22.8, -20.57, -18.15] -20.51  Inventory: [0.0, 9.0, 16.0]  Order: [10.53, 10.64, 10.78] Demand: [10.59]
Reward for thread 4: [-12.46, -19.86, -21.72] -18.01  Inventory: [8.0, 48.0, 33.0]  Order: [4.82, 4.8, 4.74] Demand: [5.005]
Reward for thread 5: [-12.86, -21.21, -23.78] -19.28  Inventory: [4.0, 21.0, 40.0]  Order: [5.96, 5.86, 5.83] Demand: [6.13]

 Algo happo Exp ippo_seed11_formal_v1 updates 481/3000 episodes, total num timesteps 482000/3000000, FPS 117.

Reward for thread 1: [-12.95, -21.88, -24.88] -19.9  Inventory: [6.0, 23.0, 37.0]  Order: [2.87, 2.8, 2.76] Demand: [3.055]
Reward for thread 2: [-13.66, -22.19, -24.32] -20.06  Inventory: [7.0, 26.0, 53.0]  Order: [4.39, 4.31, 4.36] Demand: [4.605]
Reward for thread 3: [-21.88, -21.17, -23.06] -22.04  Inventory: [0.0, 0.0, 0.0]  Order: [9.98, 10.06, 10.18] Demand: [10.435]
Reward for thread 4: [-12.93, -18.09, -18.76] -16.59  Inventory: [1.0, 35.0, 40.0]  Order: [8.21, 8.19, 8.22] Demand: [8.34]
Reward for thread 5: [-13.12, -20.07, -22.13] -18.44  Inventory: [3.0, 9.0, 0.0]  Order: [6.84, 6.81, 6.64] Demand: [6.96]

 Algo happo Exp ippo_seed11_formal_v1 updates 482/3000 episodes, total num timesteps 483000/3000000, FPS 117.

Reward for thread 1: [-16.51, -21.48, -22.21] -20.07  Inventory: [0.0, 0.0, 0.0]  Order: [8.58, 8.64, 8.7] Demand: [8.535]
Reward for thread 2: [-13.8, -23.09, -22.91] -19.93  Inventory: [7.0, 35.0, 55.0]  Order: [2.94, 2.86, 2.94] Demand: [3.13]
Reward for thread 3: [-41.9, -23.21, -23.82] -29.64  Inventory: [0.0, 6.0, 21.0]  Order: [13.9, 14.02, 14.18] Demand: [14.785]
Reward for thread 4: [-16.04, -26.54, -26.05] -22.88  Inventory: [3.0, 25.0, 38.0]  Order: [5.42, 5.32, 5.28] Demand: [5.6]
Reward for thread 5: [-11.88, -16.74, -18.07] -15.56  Inventory: [2.0, 8.0, 6.0]  Order: [8.76, 8.6, 8.55] Demand: [8.845]

 Algo happo Exp ippo_seed11_formal_v1 updates 483/3000 episodes, total num timesteps 484000/3000000, FPS 117.

Reward for thread 1: [-11.16, -19.6, -17.32] -16.03  Inventory: [5.0, 23.0, 0.0]  Order: [2.65, 2.6, 2.49] Demand: [2.815]
Reward for thread 2: [-18.1, -24.81, -27.46] -23.46  Inventory: [0.0, 0.0, 7.0]  Order: [11.55, 11.48, 11.64] Demand: [11.36]
Reward for thread 3: [-36.9, -30.69, -29.22] -32.27  Inventory: [0.0, 0.0, 0.0]  Order: [11.78, 11.92, 11.86] Demand: [12.51]
Reward for thread 4: [-12.65, -20.37, -21.91] -18.31  Inventory: [1.0, 12.0, 30.0]  Order: [3.81, 3.65, 3.55] Demand: [4.005]
Reward for thread 5: [-16.33, -19.03, -19.99] -18.45  Inventory: [0.0, 7.0, 14.0]  Order: [9.48, 9.47, 9.41] Demand: [9.48]

 Algo happo Exp ippo_seed11_formal_v1 updates 484/3000 episodes, total num timesteps 485000/3000000, FPS 117.

Reward for thread 1: [-13.46, -18.6, -22.16] -18.07  Inventory: [4.0, 24.0, 24.0]  Order: [6.57, 6.48, 6.36] Demand: [6.775]
Reward for thread 2: [-14.02, -23.02, -26.84] -21.29  Inventory: [0.0, 32.0, 19.0]  Order: [3.42, 3.32, 3.22] Demand: [3.615]
Reward for thread 3: [-31.23, -29.9, -31.77] -30.97  Inventory: [0.0, 0.0, 0.0]  Order: [14.4, 14.55, 14.54] Demand: [14.58]
Reward for thread 4: [-47.37, -28.32, -30.13] -35.27  Inventory: [0.0, 6.0, 0.0]  Order: [11.72, 11.95, 11.95] Demand: [12.69]
Reward for thread 5: [-17.82, -25.86, -28.29] -23.99  Inventory: [16.0, 35.0, 31.0]  Order: [5.84, 5.78, 5.71] Demand: [5.995]

Eval average reward:  -28.85925  Eval ordering fluctuation measurement (downstream to upstream):  [0.7888054188208558, 0.9247410202078665, 1.0826043629458408]

 Algo happo Exp ippo_seed11_formal_v1 updates 485/3000 episodes, total num timesteps 486000/3000000, FPS 117.

Reward for thread 1: [-18.29, -24.56, -24.37] -22.41  Inventory: [0.0, 31.0, 27.0]  Order: [9.88, 9.83, 9.72] Demand: [10.035]
Reward for thread 2: [-13.32, -22.21, -24.18] -19.9  Inventory: [0.0, 0.0, 0.0]  Order: [4.26, 4.32, 4.36] Demand: [4.16]
Reward for thread 3: [-20.13, -24.81, -25.63] -23.52  Inventory: [13.0, 21.0, 27.0]  Order: [9.72, 9.78, 9.82] Demand: [9.765]
Reward for thread 4: [-19.82, -26.0, -30.96] -25.59  Inventory: [1.0, 13.0, 23.0]  Order: [7.66, 7.55, 7.42] Demand: [7.855]
Reward for thread 5: [-17.27, -22.53, -24.13] -21.31  Inventory: [0.0, 2.0, 5.0]  Order: [9.15, 9.22, 9.18] Demand: [9.22]

 Algo happo Exp ippo_seed11_formal_v1 updates 486/3000 episodes, total num timesteps 487000/3000000, FPS 117.

Reward for thread 1: [-11.38, -19.34, -19.51] -16.74  Inventory: [9.0, 24.0, 34.0]  Order: [3.22, 3.09, 3.01] Demand: [3.395]
Reward for thread 2: [-13.66, -18.3, -20.26] -17.41  Inventory: [0.0, 0.0, 0.0]  Order: [7.94, 8.04, 7.93] Demand: [7.86]
Reward for thread 3: [-13.76, -20.98, -24.25] -19.66  Inventory: [16.0, 38.0, 28.0]  Order: [2.18, 2.12, 2.02] Demand: [2.35]
Reward for thread 4: [-29.27, -30.58, -25.88] -28.58  Inventory: [0.0, 0.0, 0.0]  Order: [12.56, 12.28, 12.39] Demand: [12.53]
Reward for thread 5: [-15.77, -21.79, -22.07] -19.88  Inventory: [0.0, 3.0, 35.0]  Order: [7.96, 7.84, 7.8] Demand: [7.96]

 Algo happo Exp ippo_seed11_formal_v1 updates 487/3000 episodes, total num timesteps 488000/3000000, FPS 117.

Reward for thread 1: [-48.08, -47.06, -27.81] -40.98  Inventory: [19.0, 0.0, 67.0]  Order: [13.75, 13.53, 13.63] Demand: [13.625]
Reward for thread 2: [-33.71, -33.26, -26.29] -31.09  Inventory: [0.0, 0.0, 1.0]  Order: [12.0, 11.74, 11.88] Demand: [12.43]
Reward for thread 3: [-13.31, -18.17, -22.42] -17.97  Inventory: [13.0, 31.0, 69.0]  Order: [6.52, 6.43, 6.56] Demand: [6.68]
Reward for thread 4: [-11.7, -17.9, -17.88] -15.83  Inventory: [1.0, 16.0, 0.0]  Order: [5.34, 5.36, 5.24] Demand: [5.505]
Reward for thread 5: [-11.94, -19.28, -24.59] -18.6  Inventory: [1.0, 17.0, 14.0]  Order: [1.98, 1.84, 1.68] Demand: [2.2]

 Algo happo Exp ippo_seed11_formal_v1 updates 488/3000 episodes, total num timesteps 489000/3000000, FPS 117.

Reward for thread 1: [-22.16, -29.26, -28.56] -26.66  Inventory: [10.0, 0.0, 15.0]  Order: [9.62, 9.56, 9.57] Demand: [9.63]
Reward for thread 2: [-57.13, -35.52, -38.43] -43.69  Inventory: [13.0, 1.0, 12.0]  Order: [13.78, 13.74, 13.72] Demand: [13.77]
Reward for thread 3: [-11.73, -17.2, -19.02] -15.98  Inventory: [24.0, 58.0, 68.0]  Order: [6.6, 6.64, 6.74] Demand: [6.7]
Reward for thread 4: [-54.88, -30.02, -27.52] -37.47  Inventory: [0.0, 1.0, 9.0]  Order: [12.26, 12.36, 12.5] Demand: [13.235]
Reward for thread 5: [-16.87, -23.48, -25.22] -21.86  Inventory: [16.0, 4.0, 8.0]  Order: [7.4, 7.48, 7.46] Demand: [7.225]

 Algo happo Exp ippo_seed11_formal_v1 updates 489/3000 episodes, total num timesteps 490000/3000000, FPS 117.

Reward for thread 1: [-101.53, -39.07, -41.24] -60.61  Inventory: [0.0, 0.0, 0.0]  Order: [15.82, 15.9, 15.9] Demand: [16.965]
Reward for thread 2: [-18.64, -23.92, -25.24] -22.6  Inventory: [4.0, 12.0, 32.0]  Order: [9.54, 9.51, 9.48] Demand: [9.505]
Reward for thread 3: [-11.97, -15.75, -18.92] -15.55  Inventory: [5.0, 19.0, 27.0]  Order: [5.5, 5.34, 5.25] Demand: [5.665]
Reward for thread 4: [-17.6, -21.87, -23.27] -20.91  Inventory: [0.0, 15.0, 0.0]  Order: [10.88, 10.84, 10.79] Demand: [11.01]
Reward for thread 5: [-22.76, -28.07, -26.6] -25.81  Inventory: [18.0, 48.0, 55.0]  Order: [10.22, 10.22, 10.28] Demand: [10.36]

Eval average reward:  -23.065583333333336  Eval ordering fluctuation measurement (downstream to upstream):  [0.7967459502000371, 0.961089285014455, 1.0637765165163837]

 Algo happo Exp ippo_seed11_formal_v1 updates 490/3000 episodes, total num timesteps 491000/3000000, FPS 117.

Reward for thread 1: [-13.23, -19.42, -22.42] -18.36  Inventory: [2.0, 23.0, 27.0]  Order: [5.04, 4.92, 4.82] Demand: [5.275]
Reward for thread 2: [-14.97, -18.69, -20.4] -18.02  Inventory: [0.0, 0.0, 0.0]  Order: [7.94, 7.98, 7.83] Demand: [7.975]
Reward for thread 3: [-25.34, -27.19, -28.0] -26.84  Inventory: [0.0, 0.0, 3.0]  Order: [11.72, 11.7, 11.59] Demand: [11.74]
Reward for thread 4: [-21.69, -25.66, -25.99] -24.45  Inventory: [0.0, 20.0, 11.0]  Order: [10.6, 10.72, 10.72] Demand: [10.575]
Reward for thread 5: [-19.6, -19.35, -27.73] -22.23  Inventory: [0.0, 9.0, 0.0]  Order: [11.7, 12.1, 11.87] Demand: [11.67]

 Algo happo Exp ippo_seed11_formal_v1 updates 491/3000 episodes, total num timesteps 492000/3000000, FPS 117.

Reward for thread 1: [-21.88, -25.85, -25.32] -24.35  Inventory: [0.0, 4.0, 18.0]  Order: [10.76, 10.74, 10.68] Demand: [10.84]
Reward for thread 2: [-16.17, -20.26, -19.94] -18.79  Inventory: [0.0, 0.0, 0.0]  Order: [6.72, 6.7, 6.7] Demand: [6.875]
Reward for thread 3: [-40.1, -35.11, -28.09] -34.43  Inventory: [0.0, 0.0, 16.0]  Order: [12.62, 12.56, 12.57] Demand: [13.19]
Reward for thread 4: [-36.34, -24.28, -26.29] -28.97  Inventory: [11.0, 14.0, 0.0]  Order: [11.62, 11.72, 11.65] Demand: [11.695]
Reward for thread 5: [-27.4, -22.87, -20.92] -23.73  Inventory: [0.0, 4.0, 5.0]  Order: [13.39, 13.52, 13.64] Demand: [13.79]

 Algo happo Exp ippo_seed11_formal_v1 updates 492/3000 episodes, total num timesteps 493000/3000000, FPS 117.

Reward for thread 1: [-26.66, -31.5, -30.32] -29.49  Inventory: [9.0, 20.0, 42.0]  Order: [9.62, 9.52, 9.49] Demand: [9.725]
Reward for thread 2: [-12.26, -20.05, -20.33] -17.55  Inventory: [1.0, 29.0, 25.0]  Order: [4.09, 3.98, 3.88] Demand: [4.3]
Reward for thread 3: [-19.8, -30.13, -42.41] -30.78  Inventory: [1.0, 24.0, 102.0]  Order: [4.05, 3.92, 4.22] Demand: [4.275]
Reward for thread 4: [-14.57, -18.5, -21.49] -18.19  Inventory: [2.0, 9.0, 63.0]  Order: [7.02, 6.99, 7.07] Demand: [7.17]
Reward for thread 5: [-30.16, -21.34, -21.62] -24.37  Inventory: [0.0, 0.0, 0.0]  Order: [14.12, 14.21, 14.3] Demand: [14.49]

 Algo happo Exp ippo_seed11_formal_v1 updates 493/3000 episodes, total num timesteps 494000/3000000, FPS 117.

Reward for thread 1: [-15.26, -20.32, -21.59] -19.06  Inventory: [0.0, 0.0, 0.0]  Order: [6.21, 6.24, 6.12] Demand: [6.14]
Reward for thread 2: [-33.69, -26.11, -35.3] -31.7  Inventory: [0.0, 0.0, 0.0]  Order: [11.86, 12.29, 12.11] Demand: [12.41]
Reward for thread 3: [-18.22, -24.89, -24.04] -22.38  Inventory: [0.0, 27.0, 22.0]  Order: [9.04, 8.98, 8.86] Demand: [9.18]
Reward for thread 4: [-10.14, -17.84, -16.73] -14.9  Inventory: [1.0, 20.0, 28.0]  Order: [4.07, 3.92, 3.82] Demand: [4.285]
Reward for thread 5: [-13.04, -19.99, -20.84] -17.96  Inventory: [2.0, 31.0, 32.0]  Order: [4.56, 4.47, 4.38] Demand: [4.77]

 Algo happo Exp ippo_seed11_formal_v1 updates 494/3000 episodes, total num timesteps 495000/3000000, FPS 117.

Reward for thread 1: [-45.95, -23.56, -23.01] -30.84  Inventory: [0.0, 0.0, 0.0]  Order: [15.1, 15.18, 15.26] Demand: [15.925]
Reward for thread 2: [-33.3, -22.74, -25.04] -27.03  Inventory: [0.0, 0.0, 0.0]  Order: [11.67, 11.86, 11.87] Demand: [12.34]
Reward for thread 3: [-31.23, -28.86, -31.31] -30.47  Inventory: [16.0, 20.0, 11.0]  Order: [10.0, 9.99, 9.97] Demand: [10.09]
Reward for thread 4: [-13.09, -18.78, -21.3] -17.72  Inventory: [4.0, 23.0, 24.0]  Order: [7.44, 7.3, 7.18] Demand: [7.6]
Reward for thread 5: [-18.3, -21.91, -23.88] -21.36  Inventory: [12.0, 50.0, 85.0]  Order: [9.35, 9.35, 9.54] Demand: [9.48]

Eval average reward:  -21.029333333333337  Eval ordering fluctuation measurement (downstream to upstream):  [0.7904066061752746, 0.9448092267802914, 1.081155110819027]
A better model is saved!

 Algo happo Exp ippo_seed11_formal_v1 updates 495/3000 episodes, total num timesteps 496000/3000000, FPS 117.

Reward for thread 1: [-35.36, -19.28, -20.87] -25.17  Inventory: [0.0, 10.0, 2.0]  Order: [12.68, 12.82, 12.9] Demand: [13.56]
Reward for thread 2: [-52.24, -35.13, -35.49] -40.95  Inventory: [0.0, 0.0, 0.0]  Order: [15.61, 15.76, 15.66] Demand: [16.25]
Reward for thread 3: [-48.02, -32.08, -39.36] -39.82  Inventory: [0.0, 0.0, 0.0]  Order: [12.32, 12.51, 12.45] Demand: [12.94]
Reward for thread 4: [-13.69, -21.52, -23.13] -19.45  Inventory: [0.0, 7.0, 4.0]  Order: [4.4, 4.22, 4.06] Demand: [4.595]
Reward for thread 5: [-22.91, -24.16, -24.99] -24.02  Inventory: [0.0, 0.0, 0.0]  Order: [11.64, 11.66, 11.79] Demand: [11.62]

 Algo happo Exp ippo_seed11_formal_v1 updates 496/3000 episodes, total num timesteps 497000/3000000, FPS 117.

Reward for thread 1: [-14.38, -17.3, -19.71] -17.13  Inventory: [6.0, 28.0, 4.0]  Order: [6.64, 6.58, 6.48] Demand: [6.84]
Reward for thread 2: [-9.94, -15.21, -17.13] -14.09  Inventory: [2.0, 16.0, 27.0]  Order: [4.62, 4.47, 4.36] Demand: [4.835]
Reward for thread 3: [-12.44, -17.44, -21.1] -16.99  Inventory: [0.0, 0.0, 0.0]  Order: [7.3, 7.38, 7.2] Demand: [7.27]
Reward for thread 4: [-24.27, -22.58, -26.16] -24.34  Inventory: [3.0, 14.0, 17.0]  Order: [7.34, 7.19, 7.04] Demand: [7.525]
Reward for thread 5: [-41.02, -26.51, -24.72] -30.75  Inventory: [0.0, 0.0, 0.0]  Order: [13.27, 13.28, 13.08] Demand: [13.37]

 Algo happo Exp ippo_seed11_formal_v1 updates 497/3000 episodes, total num timesteps 498000/3000000, FPS 117.

Reward for thread 1: [-15.41, -22.17, -24.13] -20.57  Inventory: [11.0, 24.0, 0.0]  Order: [5.82, 5.79, 5.68] Demand: [6.]
Reward for thread 2: [-13.82, -19.54, -22.79] -18.72  Inventory: [0.0, 13.0, 43.0]  Order: [7.94, 7.85, 7.88] Demand: [7.95]
Reward for thread 3: [-22.34, -18.08, -19.72] -20.05  Inventory: [0.0, 0.0, 0.0]  Order: [13.01, 13.18, 13.14] Demand: [13.45]
Reward for thread 4: [-10.09, -16.02, -18.09] -14.73  Inventory: [7.0, 19.0, 24.0]  Order: [2.42, 2.26, 2.13] Demand: [2.605]
Reward for thread 5: [-10.73, -15.93, -17.48] -14.71  Inventory: [0.0, 6.0, 3.0]  Order: [4.33, 4.26, 4.03] Demand: [4.49]

 Algo happo Exp ippo_seed11_formal_v1 updates 498/3000 episodes, total num timesteps 499000/3000000, FPS 117.

Reward for thread 1: [-10.34, -15.26, -17.88] -14.49  Inventory: [6.0, 12.0, 32.0]  Order: [4.68, 4.72, 4.74] Demand: [4.785]
Reward for thread 2: [-18.52, -17.2, -16.36] -17.36  Inventory: [0.0, 2.0, 0.0]  Order: [11.3, 11.22, 11.17] Demand: [11.365]
Reward for thread 3: [-36.94, -34.16, -23.95] -31.68  Inventory: [0.0, 0.0, 19.0]  Order: [13.07, 12.85, 12.9] Demand: [13.31]
Reward for thread 4: [-14.31, -21.08, -32.55] -22.65  Inventory: [7.0, 24.0, 59.0]  Order: [1.82, 1.68, 1.73] Demand: [2.03]
Reward for thread 5: [-28.47, -19.05, -20.07] -22.53  Inventory: [0.0, 30.0, 71.0]  Order: [15.22, 15.21, 15.32] Demand: [15.43]

 Algo happo Exp ippo_seed11_formal_v1 updates 499/3000 episodes, total num timesteps 500000/3000000, FPS 117.

Reward for thread 1: [-12.77, -19.66, -21.52] -17.98  Inventory: [0.0, 0.0, 0.0]  Order: [4.06, 4.07, 3.92] Demand: [4.035]
Reward for thread 2: [-104.25, -54.87, -59.85] -72.99  Inventory: [0.0, 0.0, 0.0]  Order: [16.11, 16.54, 16.29] Demand: [17.27]
Reward for thread 3: [-9.88, -16.39, -15.91] -14.06  Inventory: [0.0, 26.0, 23.0]  Order: [3.72, 3.6, 3.47] Demand: [3.95]
Reward for thread 4: [-15.39, -25.41, -25.46] -22.09  Inventory: [0.0, 13.0, 10.0]  Order: [4.27, 4.2, 4.08] Demand: [4.465]
Reward for thread 5: [-13.88, -18.98, -23.49] -18.78  Inventory: [0.0, 0.0, 0.0]  Order: [8.3, 8.34, 8.37] Demand: [8.275]

Eval average reward:  -21.409083333333335  Eval ordering fluctuation measurement (downstream to upstream):  [0.8302827098710173, 0.9639413848519354, 1.0994669047613377]

 Algo happo Exp ippo_seed11_formal_v1 updates 500/3000 episodes, total num timesteps 501000/3000000, FPS 117.

Reward for thread 1: [-36.75, -26.22, -25.79] -29.59  Inventory: [0.0, 0.0, 9.0]  Order: [12.12, 12.2, 12.34] Demand: [12.755]
Reward for thread 2: [-24.02, -24.26, -25.54] -24.61  Inventory: [0.0, 22.0, 0.0]  Order: [12.92, 13.11, 13.08] Demand: [12.99]
Reward for thread 3: [-18.41, -21.0, -22.36] -20.59  Inventory: [0.0, 0.0, 0.0]  Order: [11.05, 11.1, 11.14] Demand: [11.]
Reward for thread 4: [-19.42, -20.85, -23.11] -21.13  Inventory: [0.0, 22.0, 10.0]  Order: [10.82, 10.86, 10.85] Demand: [10.855]
Reward for thread 5: [-12.06, -18.9, -21.53] -17.5  Inventory: [5.0, 17.0, 25.0]  Order: [3.36, 3.22, 3.1] Demand: [3.56]

 Algo happo Exp ippo_seed11_formal_v1 updates 501/3000 episodes, total num timesteps 502000/3000000, FPS 117.

Reward for thread 1: [-15.63, -21.64, -28.12] -21.8  Inventory: [9.0, 29.0, 30.0]  Order: [6.06, 6.06, 6.0] Demand: [6.145]
Reward for thread 2: [-100.49, -39.41, -39.66] -59.85  Inventory: [9.0, 26.0, 67.0]  Order: [12.95, 12.86, 12.96] Demand: [13.085]
Reward for thread 3: [-23.64, -24.2, -26.82] -24.89  Inventory: [0.0, 0.0, 0.0]  Order: [9.91, 10.12, 10.06] Demand: [10.215]
Reward for thread 4: [-33.94, -22.16, -24.21] -26.77  Inventory: [0.0, 0.0, 0.0]  Order: [13.27, 13.65, 13.47] Demand: [13.95]
Reward for thread 5: [-27.07, -20.34, -19.2] -22.2  Inventory: [0.0, 0.0, 0.0]  Order: [10.52, 10.64, 10.64] Demand: [10.52]

 Algo happo Exp ippo_seed11_formal_v1 updates 502/3000 episodes, total num timesteps 503000/3000000, FPS 117.

Reward for thread 1: [-12.95, -18.39, -21.98] -17.77  Inventory: [2.0, 35.0, 52.0]  Order: [6.42, 6.37, 6.42] Demand: [6.555]
Reward for thread 2: [-17.72, -21.52, -23.84] -21.03  Inventory: [0.0, 0.0, 0.0]  Order: [7.86, 7.99, 8.06] Demand: [7.965]
Reward for thread 3: [-42.3, -45.31, -43.9] -43.84  Inventory: [5.0, 30.0, 83.0]  Order: [11.04, 10.94, 11.11] Demand: [11.225]
Reward for thread 4: [-17.53, -24.26, -26.68] -22.82  Inventory: [12.0, 31.0, 16.0]  Order: [8.54, 8.52, 8.41] Demand: [8.7]
Reward for thread 5: [-11.79, -16.88, -21.73] -16.8  Inventory: [5.0, 3.0, 4.0]  Order: [4.58, 4.41, 4.41] Demand: [4.69]

 Algo happo Exp ippo_seed11_formal_v1 updates 503/3000 episodes, total num timesteps 504000/3000000, FPS 117.

Reward for thread 1: [-15.92, -21.27, -27.16] -21.45  Inventory: [2.0, 19.0, 22.0]  Order: [7.28, 7.14, 7.02] Demand: [7.46]
Reward for thread 2: [-14.61, -22.45, -25.36] -20.81  Inventory: [0.0, 10.0, 11.0]  Order: [7.38, 7.32, 7.26] Demand: [7.51]
Reward for thread 3: [-17.23, -22.78, -23.59] -21.2  Inventory: [0.0, 0.0, 0.0]  Order: [8.3, 8.4, 8.49] Demand: [8.42]
Reward for thread 4: [-52.44, -47.27, -31.33] -43.68  Inventory: [0.0, 0.0, 0.0]  Order: [13.81, 13.76, 13.82] Demand: [14.385]
Reward for thread 5: [-21.46, -24.47, -31.42] -25.78  Inventory: [2.0, 0.0, 0.0]  Order: [9.84, 9.78, 9.68] Demand: [9.97]

 Algo happo Exp ippo_seed11_formal_v1 updates 504/3000 episodes, total num timesteps 505000/3000000, FPS 117.

Reward for thread 1: [-20.75, -22.02, -23.13] -21.97  Inventory: [0.0, 0.0, 26.0]  Order: [9.77, 9.74, 9.7] Demand: [9.805]
Reward for thread 2: [-22.77, -26.65, -28.88] -26.1  Inventory: [0.0, 33.0, 70.0]  Order: [8.32, 8.26, 8.36] Demand: [8.465]
Reward for thread 3: [-13.71, -21.66, -24.93] -20.1  Inventory: [5.0, 27.0, 3.0]  Order: [5.2, 5.14, 5.06] Demand: [5.395]
Reward for thread 4: [-19.35, -22.02, -23.0] -21.46  Inventory: [1.0, 27.0, 38.0]  Order: [9.01, 9.07, 9.15] Demand: [9.015]
Reward for thread 5: [-16.75, -23.86, -38.04] -26.22  Inventory: [13.0, 31.0, 67.0]  Order: [2.54, 2.45, 2.54] Demand: [2.73]

Eval average reward:  -22.458  Eval ordering fluctuation measurement (downstream to upstream):  [0.8230818411400913, 0.9729579779555669, 1.1587412154690355]

 Algo happo Exp ippo_seed11_formal_v1 updates 505/3000 episodes, total num timesteps 506000/3000000, FPS 117.

Reward for thread 1: [-16.47, -22.24, -26.39] -21.7  Inventory: [8.0, 19.0, 25.0]  Order: [6.67, 6.56, 6.58] Demand: [6.785]
Reward for thread 2: [-13.22, -19.3, -20.05] -17.52  Inventory: [0.0, 19.0, 20.0]  Order: [4.9, 4.82, 4.75] Demand: [5.065]
Reward for thread 3: [-13.28, -17.09, -19.35] -16.57  Inventory: [1.0, 0.0, 11.0]  Order: [7.57, 7.54, 7.46] Demand: [7.67]
Reward for thread 4: [-11.14, -18.3, -18.23] -15.89  Inventory: [0.0, 0.0, 21.0]  Order: [5.32, 5.2, 5.16] Demand: [5.385]
Reward for thread 5: [-24.42, -20.42, -22.24] -22.36  Inventory: [0.0, 0.0, 0.0]  Order: [12.96, 12.86, 12.74] Demand: [13.045]

 Algo happo Exp ippo_seed11_formal_v1 updates 506/3000 episodes, total num timesteps 507000/3000000, FPS 117.

Reward for thread 1: [-34.61, -37.2, -38.9] -36.9  Inventory: [0.0, 0.0, 0.0]  Order: [14.5, 14.65, 14.5] Demand: [14.535]
Reward for thread 2: [-11.72, -16.93, -18.28] -15.64  Inventory: [0.0, 18.0, 17.0]  Order: [6.78, 6.76, 6.72] Demand: [6.95]
Reward for thread 3: [-11.84, -19.0, -21.17] -17.34  Inventory: [0.0, 5.0, 17.0]  Order: [6.38, 6.25, 6.1] Demand: [6.555]
Reward for thread 4: [-14.02, -22.86, -24.78] -20.55  Inventory: [0.0, 15.0, 8.0]  Order: [4.47, 4.44, 4.38] Demand: [4.615]
Reward for thread 5: [-34.94, -29.0, -33.96] -32.63  Inventory: [0.0, 0.0, 0.0]  Order: [11.54, 11.84, 11.6] Demand: [12.11]

 Algo happo Exp ippo_seed11_formal_v1 updates 507/3000 episodes, total num timesteps 508000/3000000, FPS 117.

Reward for thread 1: [-20.75, -18.34, -20.62] -19.9  Inventory: [5.0, 20.0, 36.0]  Order: [11.45, 11.38, 11.35] Demand: [11.6]
Reward for thread 2: [-12.46, -20.28, -25.33] -19.36  Inventory: [1.0, 25.0, 39.0]  Order: [2.92, 2.79, 2.74] Demand: [3.145]
Reward for thread 3: [-17.87, -28.33, -30.61] -25.6  Inventory: [0.0, 51.0, 45.0]  Order: [7.08, 7.17, 7.14] Demand: [7.245]
Reward for thread 4: [-16.13, -28.99, -29.58] -24.9  Inventory: [0.0, 63.0, 65.0]  Order: [4.38, 4.44, 4.54] Demand: [4.6]
Reward for thread 5: [-123.05, -51.08, -56.19] -76.77  Inventory: [0.0, 17.0, 10.0]  Order: [13.5, 13.4, 13.38] Demand: [16.365]

 Algo happo Exp ippo_seed11_formal_v1 updates 508/3000 episodes, total num timesteps 509000/3000000, FPS 117.

Reward for thread 1: [-12.59, -18.92, -20.75] -17.42  Inventory: [3.0, 42.0, 57.0]  Order: [5.61, 5.62, 5.72] Demand: [5.735]
Reward for thread 2: [-46.43, -26.2, -28.11] -33.58  Inventory: [0.0, 10.0, 17.0]  Order: [12.84, 12.85, 12.91] Demand: [13.55]
Reward for thread 3: [-11.11, -18.74, -17.83] -15.89  Inventory: [0.0, 0.0, 4.0]  Order: [4.14, 3.98, 3.76] Demand: [4.24]
Reward for thread 4: [-43.65, -31.59, -30.83] -35.36  Inventory: [0.0, 16.0, 21.0]  Order: [14.3, 14.43, 14.54] Demand: [14.875]
Reward for thread 5: [-16.98, -21.94, -21.66] -20.19  Inventory: [0.0, 0.0, 0.0]  Order: [9.79, 9.87, 9.92] Demand: [9.635]

 Algo happo Exp ippo_seed11_formal_v1 updates 509/3000 episodes, total num timesteps 510000/3000000, FPS 117.

Reward for thread 1: [-18.44, -23.14, -25.82] -22.47  Inventory: [0.0, 0.0, 0.0]  Order: [9.67, 9.68, 9.53] Demand: [9.67]
Reward for thread 2: [-14.99, -20.03, -21.15] -18.72  Inventory: [7.0, 13.0, 12.0]  Order: [8.12, 8.02, 7.86] Demand: [8.32]
Reward for thread 3: [-35.35, -27.52, -34.54] -32.47  Inventory: [0.0, 0.0, 0.0]  Order: [12.06, 12.36, 12.25] Demand: [12.5]
Reward for thread 4: [-11.98, -16.42, -19.89] -16.1  Inventory: [0.0, 0.0, 0.0]  Order: [9.99, 9.93, 9.82] Demand: [10.07]
Reward for thread 5: [-16.96, -27.72, -29.08] -24.59  Inventory: [16.0, 42.0, 58.0]  Order: [1.64, 1.61, 1.66] Demand: [1.815]

Eval average reward:  -24.014833333333332  Eval ordering fluctuation measurement (downstream to upstream):  [0.8574778556924428, 0.9693461431177115, 1.1145374008577298]

 Algo happo Exp ippo_seed11_formal_v1 updates 510/3000 episodes, total num timesteps 511000/3000000, FPS 117.

Reward for thread 1: [-21.51, -23.93, -24.24] -23.23  Inventory: [0.0, 0.0, 0.0]  Order: [11.69, 11.76, 11.62] Demand: [11.63]
Reward for thread 2: [-13.04, -19.37, -20.48] -17.63  Inventory: [0.0, 3.0, 0.0]  Order: [7.32, 7.47, 7.46] Demand: [7.25]
Reward for thread 3: [-11.28, -18.55, -23.19] -17.67  Inventory: [0.0, 16.0, 18.0]  Order: [4.68, 4.51, 4.42] Demand: [4.86]
Reward for thread 4: [-14.04, -19.86, -21.9] -18.6  Inventory: [17.0, 28.0, 35.0]  Order: [6.6, 6.58, 6.56] Demand: [6.69]
Reward for thread 5: [-23.03, -24.21, -22.77] -23.34  Inventory: [0.0, 0.0, 0.0]  Order: [9.25, 9.03, 9.01] Demand: [9.4]

 Algo happo Exp ippo_seed11_formal_v1 updates 511/3000 episodes, total num timesteps 512000/3000000, FPS 117.

Reward for thread 1: [-19.54, -19.74, -19.63] -19.64  Inventory: [0.0, 0.0, 0.0]  Order: [14.22, 14.27, 14.32] Demand: [14.37]
Reward for thread 2: [-36.89, -22.12, -23.29] -27.43  Inventory: [0.0, 0.0, 0.0]  Order: [14.82, 14.92, 14.92] Demand: [15.185]
Reward for thread 3: [-16.57, -25.22, -30.24] -24.01  Inventory: [1.0, 18.0, 55.0]  Order: [5.44, 5.29, 5.32] Demand: [5.59]
Reward for thread 4: [-14.0, -20.43, -21.48] -18.64  Inventory: [5.0, 3.0, 24.0]  Order: [6.06, 5.9, 5.8] Demand: [6.18]
Reward for thread 5: [-32.98, -25.86, -24.7] -27.85  Inventory: [0.0, 0.0, 3.0]  Order: [14.23, 14.3, 14.41] Demand: [14.905]

 Algo happo Exp ippo_seed11_formal_v1 updates 512/3000 episodes, total num timesteps 513000/3000000, FPS 117.

Reward for thread 1: [-20.9, -27.39, -28.22] -25.5  Inventory: [0.0, 7.0, 0.0]  Order: [6.68, 6.58, 6.5] Demand: [6.86]
Reward for thread 2: [-44.01, -25.4, -29.77] -33.06  Inventory: [0.0, 0.0, 6.0]  Order: [12.71, 12.75, 12.79] Demand: [13.72]
Reward for thread 3: [-17.01, -22.02, -26.87] -21.97  Inventory: [0.0, 10.0, 51.0]  Order: [10.1, 10.07, 10.08] Demand: [10.22]
Reward for thread 4: [-27.11, -19.23, -20.67] -22.34  Inventory: [0.0, 0.0, 17.0]  Order: [10.3, 10.26, 10.38] Demand: [10.745]
Reward for thread 5: [-9.93, -14.89, -16.57] -13.8  Inventory: [0.0, 0.0, 0.0]  Order: [6.08, 5.98, 5.86] Demand: [6.175]

 Algo happo Exp ippo_seed11_formal_v1 updates 513/3000 episodes, total num timesteps 514000/3000000, FPS 117.

Reward for thread 1: [-11.4, -14.79, -17.76] -14.65  Inventory: [0.0, 3.0, 22.0]  Order: [10.13, 10.12, 10.16] Demand: [10.13]
Reward for thread 2: [-45.2, -36.93, -30.85] -37.66  Inventory: [0.0, 0.0, 0.0]  Order: [14.12, 14.16, 14.17] Demand: [14.03]
Reward for thread 3: [-31.86, -30.95, -30.65] -31.15  Inventory: [9.0, 3.0, 5.0]  Order: [11.5, 11.4, 11.38] Demand: [11.6]
Reward for thread 4: [-14.0, -21.48, -22.05] -19.18  Inventory: [0.0, 17.0, 16.0]  Order: [6.64, 6.48, 6.32] Demand: [6.865]
Reward for thread 5: [-19.79, -27.5, -27.01] -24.77  Inventory: [34.0, 42.0, 54.0]  Order: [5.76, 5.72, 5.75] Demand: [5.79]

 Algo happo Exp ippo_seed11_formal_v1 updates 514/3000 episodes, total num timesteps 515000/3000000, FPS 117.

Reward for thread 1: [-31.07, -22.2, -24.72] -26.0  Inventory: [0.0, 0.0, 0.0]  Order: [11.46, 11.66, 11.67] Demand: [12.085]
Reward for thread 2: [-10.35, -17.0, -17.36] -14.9  Inventory: [8.0, 31.0, 7.0]  Order: [5.04, 5.14, 5.18] Demand: [5.14]
Reward for thread 3: [-14.29, -21.5, -23.42] -19.74  Inventory: [2.0, 15.0, 7.0]  Order: [7.99, 7.98, 7.82] Demand: [8.035]
Reward for thread 4: [-12.72, -20.46, -20.59] -17.92  Inventory: [8.0, 8.0, 19.0]  Order: [5.78, 5.66, 5.53] Demand: [5.875]
Reward for thread 5: [-28.02, -31.27, -29.93] -29.74  Inventory: [0.0, 0.0, 2.0]  Order: [12.56, 12.6, 12.54] Demand: [12.605]

Eval average reward:  -27.135333333333335  Eval ordering fluctuation measurement (downstream to upstream):  [0.8857212352092434, 1.0509945630705098, 1.167751114806832]

 Algo happo Exp ippo_seed11_formal_v1 updates 515/3000 episodes, total num timesteps 516000/3000000, FPS 117.

Reward for thread 1: [-9.56, -13.81, -15.92] -13.1  Inventory: [5.0, 11.0, 0.0]  Order: [6.8, 6.76, 6.66] Demand: [6.935]
Reward for thread 2: [-11.04, -18.5, -19.6] -16.38  Inventory: [7.0, 31.0, 37.0]  Order: [4.16, 4.1, 4.04] Demand: [4.34]
Reward for thread 3: [-12.09, -20.71, -26.41] -19.74  Inventory: [7.0, 26.0, 53.0]  Order: [3.86, 3.74, 3.76] Demand: [4.065]
Reward for thread 4: [-19.96, -23.45, -25.11] -22.84  Inventory: [3.0, 8.0, 0.0]  Order: [11.64, 11.8, 11.68] Demand: [11.7]
Reward for thread 5: [-10.37, -17.38, -16.9] -14.88  Inventory: [0.0, 17.0, 19.0]  Order: [5.29, 5.14, 5.0] Demand: [5.495]

 Algo happo Exp ippo_seed11_formal_v1 updates 516/3000 episodes, total num timesteps 517000/3000000, FPS 117.

Reward for thread 1: [-9.49, -15.7, -17.3] -14.16  Inventory: [0.0, 0.0, 0.0]  Order: [4.08, 4.04, 3.9] Demand: [4.195]
Reward for thread 2: [-17.01, -17.35, -18.91] -17.76  Inventory: [8.0, 32.0, 39.0]  Order: [12.24, 12.26, 12.34] Demand: [12.31]
Reward for thread 3: [-13.52, -20.66, -22.31] -18.83  Inventory: [5.0, 41.0, 45.0]  Order: [5.71, 5.68, 5.68] Demand: [5.9]
Reward for thread 4: [-79.31, -32.02, -32.23] -47.85  Inventory: [0.0, 3.0, 5.0]  Order: [14.66, 14.56, 14.52] Demand: [16.94]
Reward for thread 5: [-14.74, -18.19, -19.92] -17.62  Inventory: [4.0, 42.0, 78.0]  Order: [10.12, 10.18, 10.4] Demand: [10.145]

 Algo happo Exp ippo_seed11_formal_v1 updates 517/3000 episodes, total num timesteps 518000/3000000, FPS 117.

Reward for thread 1: [-96.96, -39.6, -37.31] -57.96  Inventory: [0.0, 4.0, 0.0]  Order: [13.76, 13.72, 13.7] Demand: [16.685]
Reward for thread 2: [-16.74, -19.7, -21.27] -19.24  Inventory: [3.0, 0.0, 0.0]  Order: [11.2, 11.26, 11.09] Demand: [11.21]
Reward for thread 3: [-12.88, -17.13, -19.1] -16.37  Inventory: [26.0, 25.0, 31.0]  Order: [3.96, 3.84, 3.76] Demand: [4.08]
Reward for thread 4: [-35.02, -30.46, -26.79] -30.76  Inventory: [0.0, 3.0, 4.0]  Order: [13.56, 13.68, 13.85] Demand: [13.965]
Reward for thread 5: [-12.55, -20.0, -23.39] -18.65  Inventory: [0.0, 24.0, 14.0]  Order: [3.3, 3.17, 3.0] Demand: [3.54]

 Algo happo Exp ippo_seed11_formal_v1 updates 518/3000 episodes, total num timesteps 519000/3000000, FPS 117.

Reward for thread 1: [-11.7, -19.12, -22.54] -17.79  Inventory: [3.0, 32.0, 40.0]  Order: [4.22, 4.16, 4.11] Demand: [4.39]
Reward for thread 2: [-53.74, -31.5, -30.27] -38.5  Inventory: [0.0, 12.0, 13.0]  Order: [13.54, 13.63, 13.74] Demand: [14.9]
Reward for thread 3: [-11.54, -17.28, -22.53] -17.12  Inventory: [6.0, 22.0, 33.0]  Order: [3.76, 3.62, 3.56] Demand: [3.975]
Reward for thread 4: [-14.02, -21.1, -26.32] -20.48  Inventory: [18.0, 21.0, 41.0]  Order: [6.36, 6.34, 6.3] Demand: [6.415]
Reward for thread 5: [-27.71, -19.41, -22.08] -23.07  Inventory: [0.0, 0.0, 0.0]  Order: [15.44, 15.45, 15.44] Demand: [15.31]

 Algo happo Exp ippo_seed11_formal_v1 updates 519/3000 episodes, total num timesteps 520000/3000000, FPS 117.

Reward for thread 1: [-35.05, -24.41, -26.6] -28.69  Inventory: [0.0, 8.0, 0.0]  Order: [13.5, 13.66, 13.74] Demand: [14.28]
Reward for thread 2: [-20.23, -26.7, -26.56] -24.5  Inventory: [0.0, 0.0, 0.0]  Order: [8.8, 8.81, 8.76] Demand: [8.94]
Reward for thread 3: [-14.53, -16.38, -18.06] -16.32  Inventory: [0.0, 13.0, 20.0]  Order: [8.74, 8.77, 8.72] Demand: [8.77]
Reward for thread 4: [-11.68, -17.69, -19.94] -16.44  Inventory: [5.0, 31.0, 0.0]  Order: [5.53, 5.48, 5.51] Demand: [5.685]
Reward for thread 5: [-12.08, -18.79, -19.57] -16.81  Inventory: [7.0, 12.0, 23.0]  Order: [3.64, 3.46, 3.38] Demand: [3.83]

Eval average reward:  -23.96325  Eval ordering fluctuation measurement (downstream to upstream):  [0.8104109236874711, 1.0335551050733538, 1.1228539416442385]

 Algo happo Exp ippo_seed11_formal_v1 updates 520/3000 episodes, total num timesteps 521000/3000000, FPS 117.

Reward for thread 1: [-19.04, -21.65, -20.29] -20.33  Inventory: [0.0, 0.0, 0.0]  Order: [10.82, 10.84, 10.93] Demand: [10.84]
Reward for thread 2: [-15.07, -21.46, -25.11] -20.55  Inventory: [8.0, 58.0, 49.0]  Order: [8.68, 8.75, 8.74] Demand: [8.725]
Reward for thread 3: [-15.68, -21.27, -24.4] -20.45  Inventory: [0.0, 0.0, 0.0]  Order: [9.59, 9.6, 9.63] Demand: [9.475]
Reward for thread 4: [-15.96, -22.95, -26.59] -21.83  Inventory: [11.0, 29.0, 17.0]  Order: [7.14, 7.11, 7.02] Demand: [7.275]
Reward for thread 5: [-24.51, -21.4, -21.79] -22.57  Inventory: [0.0, 0.0, 5.0]  Order: [12.02, 12.14, 12.26] Demand: [12.28]

 Algo happo Exp ippo_seed11_formal_v1 updates 521/3000 episodes, total num timesteps 522000/3000000, FPS 117.

Reward for thread 1: [-13.16, -19.68, -23.6] -18.81  Inventory: [0.0, 0.0, 3.0]  Order: [7.62, 7.68, 7.65] Demand: [7.665]
Reward for thread 2: [-37.98, -26.12, -29.19] -31.1  Inventory: [4.0, 11.0, 15.0]  Order: [9.9, 9.8, 9.67] Demand: [10.085]
Reward for thread 3: [-11.45, -17.27, -19.12] -15.95  Inventory: [5.0, 33.0, 32.0]  Order: [3.65, 3.59, 3.5] Demand: [3.845]
Reward for thread 4: [-10.95, -17.09, -18.17] -15.4  Inventory: [8.0, 25.0, 32.0]  Order: [4.5, 4.51, 4.49] Demand: [4.6]
Reward for thread 5: [-22.82, -20.01, -21.63] -21.49  Inventory: [25.0, 53.0, 63.0]  Order: [10.46, 10.56, 10.86] Demand: [10.465]

 Algo happo Exp ippo_seed11_formal_v1 updates 522/3000 episodes, total num timesteps 523000/3000000, FPS 117.

Reward for thread 1: [-12.2, -17.03, -19.89] -16.37  Inventory: [2.0, 9.0, 0.0]  Order: [7.87, 7.9, 7.82] Demand: [7.965]
Reward for thread 2: [-11.59, -17.61, -20.55] -16.58  Inventory: [2.0, 12.0, 12.0]  Order: [5.65, 5.5, 5.32] Demand: [5.85]
Reward for thread 3: [-15.56, -21.9, -27.8] -21.75  Inventory: [1.0, 16.0, 36.0]  Order: [5.07, 4.89, 4.84] Demand: [5.275]
Reward for thread 4: [-28.73, -20.39, -21.3] -23.47  Inventory: [0.0, 9.0, 0.0]  Order: [12.18, 12.26, 12.24] Demand: [12.81]
Reward for thread 5: [-10.64, -15.58, -17.59] -14.6  Inventory: [0.0, 0.0, 0.0]  Order: [6.9, 6.86, 6.68] Demand: [7.005]

 Algo happo Exp ippo_seed11_formal_v1 updates 523/3000 episodes, total num timesteps 524000/3000000, FPS 117.

Reward for thread 1: [-21.24, -22.41, -26.14] -23.26  Inventory: [0.0, 2.0, 3.0]  Order: [10.78, 10.86, 11.0] Demand: [10.94]
Reward for thread 2: [-12.57, -20.34, -22.96] -18.62  Inventory: [3.0, 1.0, 9.0]  Order: [4.14, 4.08, 3.95] Demand: [4.33]
Reward for thread 3: [-174.5, -56.04, -58.08] -96.21  Inventory: [0.0, 22.0, 3.0]  Order: [10.51, 10.62, 10.66] Demand: [13.315]
Reward for thread 4: [-11.76, -22.11, -20.09] -17.99  Inventory: [0.0, 1.0, 7.0]  Order: [2.35, 2.22, 2.01] Demand: [2.485]
Reward for thread 5: [-10.03, -16.81, -16.5] -14.45  Inventory: [7.0, 12.0, 12.0]  Order: [4.38, 4.24, 4.08] Demand: [4.58]

 Algo happo Exp ippo_seed11_formal_v1 updates 524/3000 episodes, total num timesteps 525000/3000000, FPS 117.

Reward for thread 1: [-75.22, -37.14, -41.1] -51.15  Inventory: [4.0, 18.0, 65.0]  Order: [10.06, 9.91, 9.99] Demand: [10.27]
Reward for thread 2: [-10.3, -16.25, -17.18] -14.58  Inventory: [2.0, 9.0, 12.0]  Order: [4.67, 4.6, 4.4] Demand: [4.82]
Reward for thread 3: [-23.5, -27.11, -25.36] -25.32  Inventory: [0.0, 0.0, 0.0]  Order: [10.52, 10.51, 10.5] Demand: [10.37]
Reward for thread 4: [-103.6, -43.86, -48.7] -65.39  Inventory: [0.0, 6.0, 0.0]  Order: [11.76, 11.68, 11.5] Demand: [11.88]
Reward for thread 5: [-23.15, -24.36, -22.9] -23.47  Inventory: [0.0, 30.0, 9.0]  Order: [9.72, 9.83, 9.83] Demand: [10.195]

Eval average reward:  -29.663166666666665  Eval ordering fluctuation measurement (downstream to upstream):  [0.8852433551925577, 1.0525811757406909, 1.097879012001395]

 Algo happo Exp ippo_seed11_formal_v1 updates 525/3000 episodes, total num timesteps 526000/3000000, FPS 117.

Reward for thread 1: [-16.38, -22.81, -26.63] -21.94  Inventory: [1.0, 29.0, 22.0]  Order: [6.6, 6.5, 6.36] Demand: [6.805]
Reward for thread 2: [-22.13, -20.66, -21.66] -21.48  Inventory: [0.0, 0.0, 0.0]  Order: [11.78, 11.94, 11.96] Demand: [11.76]
Reward for thread 3: [-11.86, -18.54, -21.83] -17.41  Inventory: [0.0, 0.0, 0.0]  Order: [4.02, 4.07, 3.96] Demand: [4.105]
Reward for thread 4: [-23.39, -22.15, -22.94] -22.83  Inventory: [0.0, 0.0, 0.0]  Order: [13.12, 13.12, 13.1] Demand: [13.205]
Reward for thread 5: [-37.81, -26.87, -29.13] -31.27  Inventory: [0.0, 0.0, 0.0]  Order: [13.74, 13.59, 13.54] Demand: [13.615]

 Algo happo Exp ippo_seed11_formal_v1 updates 526/3000 episodes, total num timesteps 527000/3000000, FPS 117.

Reward for thread 1: [-20.34, -30.85, -28.47] -26.55  Inventory: [5.0, 21.0, 27.0]  Order: [6.9, 6.77, 6.66] Demand: [7.07]
Reward for thread 2: [-63.28, -37.5, -35.3] -45.36  Inventory: [16.0, 0.0, 0.0]  Order: [13.66, 13.81, 13.84] Demand: [13.7]
Reward for thread 3: [-17.21, -23.04, -26.49] -22.25  Inventory: [1.0, 11.0, 33.0]  Order: [7.92, 7.85, 7.78] Demand: [8.04]
Reward for thread 4: [-16.55, -24.87, -25.94] -22.45  Inventory: [0.0, 0.0, 0.0]  Order: [8.2, 8.14, 7.94] Demand: [8.205]
Reward for thread 5: [-18.9, -27.07, -28.08] -24.68  Inventory: [0.0, 12.0, 46.0]  Order: [7.26, 7.12, 7.15] Demand: [7.475]

 Algo happo Exp ippo_seed11_formal_v1 updates 527/3000 episodes, total num timesteps 528000/3000000, FPS 117.

Reward for thread 1: [-34.39, -31.44, -34.54] -33.46  Inventory: [0.0, 0.0, 0.0]  Order: [14.06, 14.19, 14.16] Demand: [13.975]
Reward for thread 2: [-19.22, -28.34, -30.19] -25.92  Inventory: [0.0, 0.0, 0.0]  Order: [9.16, 9.15, 8.96] Demand: [9.065]
Reward for thread 3: [-23.97, -34.39, -33.11] -30.49  Inventory: [0.0, 0.0, 0.0]  Order: [8.14, 8.07, 7.91] Demand: [8.15]
Reward for thread 4: [-10.5, -16.07, -16.42] -14.33  Inventory: [0.0, 0.0, 0.0]  Order: [6.8, 6.72, 6.66] Demand: [6.785]
Reward for thread 5: [-19.22, -27.18, -28.39] -24.93  Inventory: [0.0, 29.0, 22.0]  Order: [8.63, 8.56, 8.42] Demand: [8.755]

 Algo happo Exp ippo_seed11_formal_v1 updates 528/3000 episodes, total num timesteps 529000/3000000, FPS 117.

Reward for thread 1: [-23.43, -28.85, -30.37] -27.55  Inventory: [0.0, 1.0, 15.0]  Order: [11.84, 11.9, 11.88] Demand: [11.835]
Reward for thread 2: [-12.31, -19.18, -20.99] -17.49  Inventory: [0.0, 4.0, 24.0]  Order: [6.03, 5.86, 5.78] Demand: [6.105]
Reward for thread 3: [-29.67, -36.41, -33.5] -33.19  Inventory: [5.0, 24.0, 42.0]  Order: [9.77, 9.65, 9.62] Demand: [9.95]
Reward for thread 4: [-12.18, -20.01, -21.15] -17.78  Inventory: [6.0, 5.0, 0.0]  Order: [5.25, 5.36, 5.16] Demand: [5.38]
Reward for thread 5: [-15.49, -23.84, -20.72] -20.02  Inventory: [10.0, 41.0, 28.0]  Order: [6.5, 6.46, 6.36] Demand: [6.7]

 Algo happo Exp ippo_seed11_formal_v1 updates 529/3000 episodes, total num timesteps 530000/3000000, FPS 117.

Reward for thread 1: [-16.17, -21.84, -25.12] -21.04  Inventory: [11.0, 0.0, 0.0]  Order: [10.24, 10.42, 10.34] Demand: [10.215]
Reward for thread 2: [-11.04, -18.32, -19.82] -16.39  Inventory: [0.0, 30.0, 3.0]  Order: [3.73, 3.7, 3.62] Demand: [3.915]
Reward for thread 3: [-15.83, -22.1, -22.1] -20.01  Inventory: [9.0, 49.0, 40.0]  Order: [7.62, 7.63, 7.59] Demand: [7.79]
Reward for thread 4: [-10.43, -17.37, -17.52] -15.11  Inventory: [0.0, 15.0, 8.0]  Order: [4.22, 4.17, 4.04] Demand: [4.435]
Reward for thread 5: [-12.35, -19.95, -19.86] -17.39  Inventory: [1.0, 13.0, 0.0]  Order: [5.98, 5.99, 5.84] Demand: [6.095]

Eval average reward:  -25.844500000000004  Eval ordering fluctuation measurement (downstream to upstream):  [0.9452227169258492, 1.0606315564911781, 1.1571668951068301]

 Algo happo Exp ippo_seed11_formal_v1 updates 530/3000 episodes, total num timesteps 531000/3000000, FPS 117.

Reward for thread 1: [-17.01, -19.32, -20.38] -18.9  Inventory: [13.0, 47.0, 64.0]  Order: [9.13, 9.15, 9.3] Demand: [9.13]
Reward for thread 2: [-12.18, -20.43, -23.03] -18.55  Inventory: [0.0, 25.0, 37.0]  Order: [3.28, 3.17, 3.11] Demand: [3.47]
Reward for thread 3: [-11.1, -19.95, -17.93] -16.33  Inventory: [3.0, 40.0, 23.0]  Order: [2.25, 2.2, 2.08] Demand: [2.485]
Reward for thread 4: [-28.66, -25.7, -27.81] -27.39  Inventory: [0.0, 0.0, 7.0]  Order: [13.24, 13.3, 13.4] Demand: [13.495]
Reward for thread 5: [-21.5, -26.88, -29.22] -25.87  Inventory: [8.0, 0.0, 0.0]  Order: [10.53, 10.48, 10.49] Demand: [10.45]

 Algo happo Exp ippo_seed11_formal_v1 updates 531/3000 episodes, total num timesteps 532000/3000000, FPS 117.

Reward for thread 1: [-20.62, -22.41, -21.12] -21.38  Inventory: [2.0, 11.0, 0.0]  Order: [11.18, 11.16, 11.08] Demand: [11.27]
Reward for thread 2: [-12.0, -19.6, -19.2] -16.93  Inventory: [0.0, 25.0, 11.0]  Order: [4.24, 4.13, 3.94] Demand: [4.48]
Reward for thread 3: [-33.13, -22.51, -23.54] -26.39  Inventory: [0.0, 12.0, 21.0]  Order: [10.7, 10.74, 10.76] Demand: [11.685]
Reward for thread 4: [-17.61, -24.43, -25.86] -22.63  Inventory: [5.0, 22.0, 29.0]  Order: [7.76, 7.63, 7.56] Demand: [7.97]
Reward for thread 5: [-11.54, -17.35, -18.78] -15.89  Inventory: [15.0, 65.0, 11.0]  Order: [5.01, 5.12, 4.94] Demand: [5.125]

 Algo happo Exp ippo_seed11_formal_v1 updates 532/3000 episodes, total num timesteps 533000/3000000, FPS 117.

Reward for thread 1: [-27.72, -24.73, -23.32] -25.26  Inventory: [15.0, 30.0, 52.0]  Order: [11.06, 11.14, 11.28] Demand: [11.105]
Reward for thread 2: [-13.1, -20.07, -18.84] -17.34  Inventory: [6.0, 0.0, 0.0]  Order: [6.14, 6.02, 5.86] Demand: [6.28]
Reward for thread 3: [-50.72, -28.97, -28.16] -35.95  Inventory: [0.0, 0.0, 0.0]  Order: [10.6, 10.74, 10.7] Demand: [12.19]
Reward for thread 4: [-12.32, -19.19, -19.91] -17.14  Inventory: [4.0, 35.0, 29.0]  Order: [4.18, 4.12, 4.01] Demand: [4.41]
Reward for thread 5: [-55.32, -32.91, -32.8] -40.34  Inventory: [9.0, 47.0, 31.0]  Order: [9.76, 9.76, 9.72] Demand: [9.915]

 Algo happo Exp ippo_seed11_formal_v1 updates 533/3000 episodes, total num timesteps 534000/3000000, FPS 117.

Reward for thread 1: [-12.4, -17.42, -18.55] -16.12  Inventory: [22.0, 77.0, 38.0]  Order: [6.74, 6.88, 6.82] Demand: [6.87]
Reward for thread 2: [-16.82, -20.3, -21.43] -19.52  Inventory: [0.0, 0.0, 0.0]  Order: [9.65, 9.56, 9.44] Demand: [9.64]
Reward for thread 3: [-11.49, -17.74, -19.44] -16.22  Inventory: [7.0, 25.0, 25.0]  Order: [4.14, 4.04, 3.92] Demand: [4.325]
Reward for thread 4: [-68.96, -30.96, -30.8] -43.57  Inventory: [0.0, 8.0, 29.0]  Order: [13.11, 13.09, 13.01] Demand: [15.18]
Reward for thread 5: [-17.36, -20.23, -22.69] -20.09  Inventory: [3.0, 0.0, 7.0]  Order: [12.42, 12.4, 12.34] Demand: [12.38]

 Algo happo Exp ippo_seed11_formal_v1 updates 534/3000 episodes, total num timesteps 535000/3000000, FPS 117.

Reward for thread 1: [-17.77, -21.84, -21.27] -20.29  Inventory: [0.0, 0.0, 0.0]  Order: [8.62, 8.44, 8.26] Demand: [8.745]
Reward for thread 2: [-15.87, -21.6, -26.03] -21.17  Inventory: [0.0, 0.0, 0.0]  Order: [7.6, 7.68, 7.58] Demand: [7.58]
Reward for thread 3: [-12.21, -16.22, -19.1] -15.84  Inventory: [5.0, 38.0, 43.0]  Order: [8.26, 8.26, 8.32] Demand: [8.355]
Reward for thread 4: [-21.74, -25.88, -22.74] -23.45  Inventory: [13.0, 46.0, 35.0]  Order: [0.84, 0.82, 0.74] Demand: [1.025]
Reward for thread 5: [-10.7, -17.91, -17.54] -15.38  Inventory: [3.0, 50.0, 37.0]  Order: [3.8, 3.82, 3.75] Demand: [4.015]

Eval average reward:  -27.2395  Eval ordering fluctuation measurement (downstream to upstream):  [0.9710686591872448, 1.1882421131157228, 1.3785119910383972]

 Algo happo Exp ippo_seed11_formal_v1 updates 535/3000 episodes, total num timesteps 536000/3000000, FPS 117.

Reward for thread 1: [-23.08, -24.18, -25.72] -24.33  Inventory: [0.0, 0.0, 4.0]  Order: [12.08, 12.2, 12.31] Demand: [12.365]
Reward for thread 2: [-9.95, -16.05, -17.53] -14.51  Inventory: [15.0, 24.0, 38.0]  Order: [5.58, 5.56, 5.5] Demand: [5.665]
Reward for thread 3: [-63.18, -28.99, -29.79] -40.65  Inventory: [0.0, 6.0, 0.0]  Order: [10.74, 10.72, 10.62] Demand: [11.49]
Reward for thread 4: [-12.63, -18.2, -20.83] -17.22  Inventory: [4.0, 17.0, 33.0]  Order: [4.39, 4.24, 4.15] Demand: [4.625]
Reward for thread 5: [-13.9, -20.43, -20.81] -18.38  Inventory: [2.0, 13.0, 0.0]  Order: [8.09, 8.11, 7.97] Demand: [8.185]

 Algo happo Exp ippo_seed11_formal_v1 updates 536/3000 episodes, total num timesteps 537000/3000000, FPS 117.

Reward for thread 1: [-68.85, -33.66, -35.16] -45.89  Inventory: [1.0, 57.0, 15.0]  Order: [9.98, 10.04, 9.89] Demand: [10.09]
Reward for thread 2: [-22.7, -18.85, -16.94] -19.5  Inventory: [0.0, 0.0, 0.0]  Order: [14.44, 14.54, 14.45] Demand: [14.84]
Reward for thread 3: [-90.1, -33.95, -33.87] -52.64  Inventory: [0.0, 0.0, 0.0]  Order: [13.22, 13.18, 13.07] Demand: [14.875]
Reward for thread 4: [-16.53, -26.02, -26.16] -22.9  Inventory: [18.0, 65.0, 46.0]  Order: [5.7, 5.78, 5.79] Demand: [5.81]
Reward for thread 5: [-15.65, -20.15, -21.42] -19.07  Inventory: [5.0, 19.0, 20.0]  Order: [7.96, 7.88, 7.76] Demand: [8.1]

 Algo happo Exp ippo_seed11_formal_v1 updates 537/3000 episodes, total num timesteps 538000/3000000, FPS 117.

Reward for thread 1: [-15.08, -19.68, -21.85] -18.87  Inventory: [0.0, 0.0, 0.0]  Order: [9.68, 9.65, 9.64] Demand: [9.745]
Reward for thread 2: [-9.41, -16.67, -13.8] -13.29  Inventory: [4.0, 12.0, 7.0]  Order: [2.42, 2.24, 2.04] Demand: [2.655]
Reward for thread 3: [-9.92, -18.37, -16.93] -15.07  Inventory: [0.0, 0.0, 3.0]  Order: [2.65, 2.4, 2.33] Demand: [2.76]
Reward for thread 4: [-14.05, -22.45, -22.36] -19.62  Inventory: [6.0, 17.0, 17.0]  Order: [5.86, 5.74, 5.58] Demand: [6.02]
Reward for thread 5: [-13.99, -15.93, -18.6] -16.17  Inventory: [0.0, 4.0, 0.0]  Order: [10.94, 11.04, 11.08] Demand: [10.965]

 Algo happo Exp ippo_seed11_formal_v1 updates 538/3000 episodes, total num timesteps 539000/3000000, FPS 117.

Reward for thread 1: [-30.18, -20.9, -20.76] -23.95  Inventory: [0.0, 0.0, 0.0]  Order: [12.32, 12.38, 12.49] Demand: [13.175]
Reward for thread 2: [-12.58, -17.73, -20.8] -17.04  Inventory: [5.0, 14.0, 41.0]  Order: [7.32, 7.26, 7.25] Demand: [7.45]
Reward for thread 3: [-55.46, -29.85, -29.18] -38.16  Inventory: [0.0, 18.0, 0.0]  Order: [12.82, 12.84, 12.66] Demand: [12.96]
Reward for thread 4: [-26.0, -22.63, -22.32] -23.65  Inventory: [0.0, 0.0, 0.0]  Order: [13.17, 13.23, 13.28] Demand: [13.27]
Reward for thread 5: [-27.33, -21.41, -20.58] -23.11  Inventory: [1.0, 17.0, 5.0]  Order: [9.59, 9.52, 9.38] Demand: [9.77]

 Algo happo Exp ippo_seed11_formal_v1 updates 539/3000 episodes, total num timesteps 540000/3000000, FPS 117.

Reward for thread 1: [-65.31, -27.85, -28.72] -40.63  Inventory: [0.0, 0.0, 0.0]  Order: [12.49, 12.55, 12.61] Demand: [14.285]
Reward for thread 2: [-12.86, -24.29, -23.73] -20.29  Inventory: [5.0, 35.0, 22.0]  Order: [3.9, 3.84, 3.7] Demand: [4.13]
Reward for thread 3: [-20.74, -20.43, -23.48] -21.55  Inventory: [0.0, 40.0, 35.0]  Order: [10.04, 10.14, 10.22] Demand: [10.22]
Reward for thread 4: [-11.0, -16.23, -19.9] -15.71  Inventory: [0.0, 3.0, 6.0]  Order: [6.72, 6.6, 6.48] Demand: [6.84]
Reward for thread 5: [-27.28, -24.19, -29.72] -27.06  Inventory: [4.0, 21.0, 45.0]  Order: [9.36, 9.22, 9.2] Demand: [9.585]

Eval average reward:  -23.048583333333337  Eval ordering fluctuation measurement (downstream to upstream):  [0.8534033223198971, 0.9691399515608211, 1.1415309938190221]

 Algo happo Exp ippo_seed11_formal_v1 updates 540/3000 episodes, total num timesteps 541000/3000000, FPS 117.

Reward for thread 1: [-18.48, -20.2, -17.34] -18.67  Inventory: [0.0, 0.0, 0.0]  Order: [13.76, 13.76, 13.84] Demand: [13.77]
Reward for thread 2: [-18.56, -24.26, -24.75] -22.52  Inventory: [3.0, 13.0, 18.0]  Order: [8.6, 8.55, 8.48] Demand: [8.635]
Reward for thread 3: [-13.66, -18.18, -19.64] -17.16  Inventory: [0.0, 0.0, 17.0]  Order: [6.96, 6.84, 6.72] Demand: [7.135]
Reward for thread 4: [-12.8, -18.64, -19.42] -16.95  Inventory: [0.0, 0.0, 36.0]  Order: [5.92, 5.78, 5.96] Demand: [5.945]
Reward for thread 5: [-58.49, -35.95, -26.09] -40.18  Inventory: [0.0, 0.0, 8.0]  Order: [15.46, 15.45, 15.56] Demand: [15.42]

 Algo happo Exp ippo_seed11_formal_v1 updates 541/3000 episodes, total num timesteps 542000/3000000, FPS 117.

Reward for thread 1: [-17.34, -32.79, -28.34] -26.16  Inventory: [0.0, 38.0, 33.0]  Order: [3.64, 3.58, 3.5] Demand: [3.87]
Reward for thread 2: [-15.91, -21.8, -27.02] -21.58  Inventory: [4.0, 7.0, 9.0]  Order: [6.12, 6.0, 5.88] Demand: [6.27]
Reward for thread 3: [-13.22, -19.12, -24.62] -18.99  Inventory: [0.0, 9.0, 18.0]  Order: [4.92, 4.79, 4.76] Demand: [5.08]
Reward for thread 4: [-30.84, -23.78, -22.92] -25.85  Inventory: [0.0, 0.0, 0.0]  Order: [10.74, 10.78, 10.86] Demand: [11.515]
Reward for thread 5: [-23.61, -20.6, -22.16] -22.12  Inventory: [0.0, 0.0, 0.0]  Order: [11.91, 11.9, 11.96] Demand: [12.195]

 Algo happo Exp ippo_seed11_formal_v1 updates 542/3000 episodes, total num timesteps 543000/3000000, FPS 117.

Reward for thread 1: [-23.98, -19.48, -22.19] -21.88  Inventory: [0.0, 0.0, 0.0]  Order: [11.8, 11.74, 11.82] Demand: [11.675]
Reward for thread 2: [-24.16, -18.82, -18.76] -20.58  Inventory: [9.0, 32.0, 34.0]  Order: [13.37, 13.37, 13.32] Demand: [13.435]
Reward for thread 3: [-142.68, -48.11, -46.65] -79.15  Inventory: [0.0, 0.0, 0.0]  Order: [14.55, 14.53, 14.42] Demand: [16.68]
Reward for thread 4: [-12.1, -15.87, -19.1] -15.69  Inventory: [19.0, 20.0, 18.0]  Order: [8.7, 8.65, 8.64] Demand: [8.795]
Reward for thread 5: [-10.98, -17.16, -19.36] -15.83  Inventory: [2.0, 2.0, 0.0]  Order: [4.26, 4.14, 4.05] Demand: [4.41]

 Algo happo Exp ippo_seed11_formal_v1 updates 543/3000 episodes, total num timesteps 544000/3000000, FPS 117.

Reward for thread 1: [-15.8, -20.06, -20.02] -18.63  Inventory: [0.0, 30.0, 10.0]  Order: [8.11, 8.15, 8.05] Demand: [8.295]
Reward for thread 2: [-13.69, -17.08, -20.52] -17.1  Inventory: [0.0, 0.0, 0.0]  Order: [8.34, 8.36, 8.26] Demand: [8.415]
Reward for thread 3: [-12.25, -16.58, -18.29] -15.71  Inventory: [6.0, 11.0, 0.0]  Order: [6.6, 6.52, 6.37] Demand: [6.775]
Reward for thread 4: [-12.71, -19.27, -27.43] -19.8  Inventory: [12.0, 29.0, 27.0]  Order: [2.38, 2.27, 2.15] Demand: [2.535]
Reward for thread 5: [-25.66, -20.89, -19.51] -22.02  Inventory: [3.0, 15.0, 16.0]  Order: [11.44, 11.31, 11.18] Demand: [11.64]

 Algo happo Exp ippo_seed11_formal_v1 updates 544/3000 episodes, total num timesteps 545000/3000000, FPS 117.

Reward for thread 1: [-13.4, -19.06, -22.54] -18.33  Inventory: [0.0, 0.0, 38.0]  Order: [6.72, 6.54, 6.52] Demand: [6.775]
Reward for thread 2: [-10.11, -16.95, -17.16] -14.74  Inventory: [5.0, 10.0, 7.0]  Order: [2.39, 2.23, 2.02] Demand: [2.59]
Reward for thread 3: [-30.55, -23.32, -24.24] -26.04  Inventory: [0.0, 13.0, 14.0]  Order: [11.55, 11.55, 11.38] Demand: [11.6]
Reward for thread 4: [-19.96, -20.62, -21.74] -20.77  Inventory: [0.0, 0.0, 0.0]  Order: [10.51, 10.34, 10.22] Demand: [10.38]
Reward for thread 5: [-16.11, -21.07, -28.33] -21.84  Inventory: [2.0, 16.0, 16.0]  Order: [6.11, 5.96, 5.79] Demand: [6.33]

Eval average reward:  -22.904  Eval ordering fluctuation measurement (downstream to upstream):  [0.7756198701380532, 0.9241170916063609, 1.1452465633124764]

 Algo happo Exp ippo_seed11_formal_v1 updates 545/3000 episodes, total num timesteps 546000/3000000, FPS 117.

Reward for thread 1: [-16.3, -20.58, -21.96] -19.61  Inventory: [16.0, 40.0, 44.0]  Order: [7.87, 7.82, 7.8] Demand: [8.035]
Reward for thread 2: [-12.28, -16.03, -17.74] -15.35  Inventory: [0.0, 0.0, 16.0]  Order: [9.24, 9.2, 9.2] Demand: [9.255]
Reward for thread 3: [-12.05, -17.64, -19.49] -16.39  Inventory: [2.0, 27.0, 28.0]  Order: [6.32, 6.32, 6.31] Demand: [6.295]
Reward for thread 4: [-19.95, -22.79, -24.85] -22.53  Inventory: [0.0, 15.0, 10.0]  Order: [10.2, 10.12, 9.93] Demand: [10.395]
Reward for thread 5: [-11.66, -16.67, -18.76] -15.7  Inventory: [0.0, 9.0, 0.0]  Order: [5.46, 5.47, 5.31] Demand: [5.57]

 Algo happo Exp ippo_seed11_formal_v1 updates 546/3000 episodes, total num timesteps 547000/3000000, FPS 117.

Reward for thread 1: [-11.24, -19.79, -18.1] -16.38  Inventory: [0.0, 0.0, 0.0]  Order: [4.03, 3.9, 3.71] Demand: [4.25]
Reward for thread 2: [-14.71, -15.7, -17.03] -15.81  Inventory: [0.0, 19.0, 5.0]  Order: [9.48, 9.41, 9.18] Demand: [9.65]
Reward for thread 3: [-19.3, -22.0, -24.56] -21.95  Inventory: [0.0, 0.0, 0.0]  Order: [9.54, 9.59, 9.63] Demand: [9.89]
Reward for thread 4: [-33.56, -20.85, -18.75] -24.39  Inventory: [0.0, 8.0, 31.0]  Order: [13.77, 13.72, 13.75] Demand: [13.99]
Reward for thread 5: [-30.63, -24.58, -21.08] -25.43  Inventory: [0.0, 25.0, 7.0]  Order: [13.83, 14.04, 14.14] Demand: [13.915]

 Algo happo Exp ippo_seed11_formal_v1 updates 547/3000 episodes, total num timesteps 548000/3000000, FPS 117.

Reward for thread 1: [-12.98, -17.93, -21.66] -17.52  Inventory: [3.0, 51.0, 44.0]  Order: [5.35, 5.36, 5.32] Demand: [5.56]
Reward for thread 2: [-12.22, -17.48, -20.76] -16.82  Inventory: [5.0, 17.0, 14.0]  Order: [4.04, 3.92, 3.74] Demand: [4.22]
Reward for thread 3: [-12.4, -22.37, -19.56] -18.11  Inventory: [0.0, 15.0, 15.0]  Order: [2.82, 2.64, 2.46] Demand: [3.06]
Reward for thread 4: [-11.71, -17.78, -19.45] -16.31  Inventory: [12.0, 41.0, 24.0]  Order: [5.11, 5.08, 5.01] Demand: [5.295]
Reward for thread 5: [-11.8, -16.93, -17.18] -15.3  Inventory: [2.0, 16.0, 7.0]  Order: [6.22, 6.2, 6.0] Demand: [6.28]

 Algo happo Exp ippo_seed11_formal_v1 updates 548/3000 episodes, total num timesteps 549000/3000000, FPS 117.

Reward for thread 1: [-20.57, -26.16, -24.93] -23.89  Inventory: [0.0, 0.0, 0.0]  Order: [7.43, 7.26, 7.14] Demand: [7.285]
Reward for thread 2: [-9.32, -14.44, -15.35] -13.04  Inventory: [4.0, 11.0, 20.0]  Order: [4.91, 4.72, 4.57] Demand: [5.06]
Reward for thread 3: [-15.47, -20.49, -21.19] -19.05  Inventory: [0.0, 0.0, 0.0]  Order: [7.12, 7.12, 6.98] Demand: [7.17]
Reward for thread 4: [-11.1, -18.3, -16.95] -15.45  Inventory: [0.0, 33.0, 14.0]  Order: [3.12, 3.04, 2.87] Demand: [3.355]
Reward for thread 5: [-15.47, -24.26, -23.55] -21.09  Inventory: [7.0, 21.0, 12.0]  Order: [3.68, 3.54, 3.36] Demand: [3.89]

 Algo happo Exp ippo_seed11_formal_v1 updates 549/3000 episodes, total num timesteps 550000/3000000, FPS 117.

Reward for thread 1: [-57.65, -26.82, -25.96] -36.81  Inventory: [0.0, 0.0, 2.0]  Order: [14.08, 14.1, 14.16] Demand: [15.11]
Reward for thread 2: [-13.84, -16.01, -16.14] -15.33  Inventory: [0.0, 22.0, 32.0]  Order: [8.84, 8.72, 8.62] Demand: [8.975]
Reward for thread 3: [-12.78, -22.7, -17.9] -17.79  Inventory: [10.0, 61.0, 21.0]  Order: [2.31, 2.36, 2.23] Demand: [2.505]
Reward for thread 4: [-204.42, -198.73, -93.42] -165.52  Inventory: [0.0, 0.0, 0.0]  Order: [12.19, 7.48, 7.32] Demand: [13.455]
Reward for thread 5: [-93.87, -52.7, -46.4] -64.32  Inventory: [0.0, 9.0, 18.0]  Order: [12.58, 12.66, 12.74] Demand: [14.34]

Eval average reward:  -22.996583333333337  Eval ordering fluctuation measurement (downstream to upstream):  [0.7490220426775894, 0.8621889894841737, 1.1383463884577276]

 Algo happo Exp ippo_seed11_formal_v1 updates 550/3000 episodes, total num timesteps 551000/3000000, FPS 117.

Reward for thread 1: [-111.1, -42.49, -40.59] -64.73  Inventory: [0.0, 14.0, 0.0]  Order: [13.2, 13.3, 13.38] Demand: [15.68]
Reward for thread 2: [-23.8, -18.91, -19.0] -20.57  Inventory: [5.0, 26.0, 29.0]  Order: [11.3, 11.24, 11.13] Demand: [11.43]
Reward for thread 3: [-11.49, -13.85, -15.13] -13.49  Inventory: [5.0, 16.0, 10.0]  Order: [10.56, 10.6, 10.54] Demand: [10.655]
Reward for thread 4: [-11.83, -13.68, -18.82] -14.78  Inventory: [3.0, 10.0, 41.0]  Order: [9.3, 9.15, 9.11] Demand: [9.47]
Reward for thread 5: [-15.04, -21.55, -23.92] -20.17  Inventory: [0.0, 16.0, 22.0]  Order: [6.1, 6.08, 6.0] Demand: [6.25]

 Algo happo Exp ippo_seed11_formal_v1 updates 551/3000 episodes, total num timesteps 552000/3000000, FPS 117.

Reward for thread 1: [-13.47, -19.35, -20.28] -17.7  Inventory: [8.0, 6.0, 16.0]  Order: [6.7, 6.62, 6.52] Demand: [6.8]
Reward for thread 2: [-13.2, -17.96, -19.82] -16.99  Inventory: [0.0, 0.0, 0.0]  Order: [9.17, 9.06, 9.07] Demand: [8.98]
Reward for thread 3: [-12.57, -19.11, -19.76] -17.15  Inventory: [1.0, 16.0, 9.0]  Order: [4.4, 4.28, 4.18] Demand: [4.575]
Reward for thread 4: [-11.43, -19.21, -19.47] -16.7  Inventory: [0.0, 1.0, 0.0]  Order: [3.48, 3.55, 3.34] Demand: [3.59]
Reward for thread 5: [-14.34, -14.92, -15.6] -14.95  Inventory: [0.0, 10.0, 0.0]  Order: [10.98, 11.06, 11.06] Demand: [11.065]

 Algo happo Exp ippo_seed11_formal_v1 updates 552/3000 episodes, total num timesteps 553000/3000000, FPS 117.

Reward for thread 1: [-11.59, -17.14, -17.53] -15.42  Inventory: [4.0, 23.0, 32.0]  Order: [6.66, 6.54, 6.46] Demand: [6.855]
Reward for thread 2: [-187.68, -62.73, -59.43] -103.28  Inventory: [0.0, 2.0, 14.0]  Order: [13.49, 13.53, 13.59] Demand: [14.29]
Reward for thread 3: [-13.9, -16.48, -18.35] -16.24  Inventory: [0.0, 0.0, 0.0]  Order: [7.52, 7.48, 7.57] Demand: [7.735]
Reward for thread 4: [-62.15, -29.21, -28.16] -39.84  Inventory: [11.0, 10.0, 7.0]  Order: [13.8, 13.79, 13.8] Demand: [13.79]
Reward for thread 5: [-37.71, -22.02, -20.46] -26.73  Inventory: [0.0, 0.0, 0.0]  Order: [13.7, 13.64, 13.66] Demand: [14.01]

 Algo happo Exp ippo_seed11_formal_v1 updates 553/3000 episodes, total num timesteps 554000/3000000, FPS 117.

Reward for thread 1: [-28.54, -19.02, -22.34] -23.3  Inventory: [4.0, 9.0, 33.0]  Order: [10.38, 10.2, 10.12] Demand: [10.49]
Reward for thread 2: [-11.62, -17.84, -19.84] -16.43  Inventory: [0.0, 15.0, 0.0]  Order: [4.35, 4.46, 4.37] Demand: [4.41]
Reward for thread 3: [-12.38, -15.69, -17.3] -15.12  Inventory: [4.0, 18.0, 36.0]  Order: [8.6, 8.46, 8.38] Demand: [8.75]
Reward for thread 4: [-24.69, -20.9, -21.92] -22.5  Inventory: [9.0, 11.0, 0.0]  Order: [9.43, 9.56, 9.51] Demand: [9.52]
Reward for thread 5: [-12.71, -19.92, -21.8] -18.14  Inventory: [0.0, 0.0, 0.0]  Order: [4.88, 5.01, 4.86] Demand: [4.88]

 Algo happo Exp ippo_seed11_formal_v1 updates 554/3000 episodes, total num timesteps 555000/3000000, FPS 117.

Reward for thread 1: [-15.76, -19.42, -19.87] -18.35  Inventory: [11.0, 22.0, 18.0]  Order: [5.8, 5.66, 5.51] Demand: [5.995]
Reward for thread 2: [-49.59, -27.46, -26.95] -34.67  Inventory: [0.0, 0.0, 0.0]  Order: [13.6, 13.5, 13.37] Demand: [13.61]
Reward for thread 3: [-11.84, -15.21, -16.55] -14.53  Inventory: [21.0, 38.0, 31.0]  Order: [9.06, 9.18, 9.28] Demand: [9.08]
Reward for thread 4: [-16.24, -16.25, -19.13] -17.21  Inventory: [11.0, 44.0, 45.0]  Order: [8.94, 8.92, 8.9] Demand: [9.06]
Reward for thread 5: [-23.69, -18.75, -16.78] -19.74  Inventory: [1.0, 15.0, 13.0]  Order: [11.13, 11.16, 11.18] Demand: [11.165]

Eval average reward:  -22.15675  Eval ordering fluctuation measurement (downstream to upstream):  [0.7025967631226233, 0.8725118346978931, 1.1004095673894692]

 Algo happo Exp ippo_seed11_formal_v1 updates 555/3000 episodes, total num timesteps 556000/3000000, FPS 117.

Reward for thread 1: [-10.28, -16.36, -15.75] -14.13  Inventory: [5.0, 16.0, 17.0]  Order: [3.02, 2.86, 2.7] Demand: [3.21]
Reward for thread 2: [-107.66, -41.68, -39.38] -62.91  Inventory: [0.0, 1.0, 0.0]  Order: [14.29, 14.54, 14.5] Demand: [14.565]
Reward for thread 3: [-15.46, -18.98, -18.88] -17.77  Inventory: [0.0, 1.0, 17.0]  Order: [7.82, 7.82, 7.8] Demand: [7.88]
Reward for thread 4: [-14.82, -20.65, -23.78] -19.75  Inventory: [5.0, 17.0, 48.0]  Order: [6.77, 6.64, 6.63] Demand: [6.925]
Reward for thread 5: [-10.21, -15.13, -16.63] -13.99  Inventory: [1.0, 16.0, 17.0]  Order: [7.66, 7.59, 7.48] Demand: [7.79]

 Algo happo Exp ippo_seed11_formal_v1 updates 556/3000 episodes, total num timesteps 557000/3000000, FPS 117.

Reward for thread 1: [-16.17, -16.69, -17.96] -16.94  Inventory: [9.0, 16.0, 11.0]  Order: [10.12, 10.09, 10.1] Demand: [10.16]
Reward for thread 2: [-57.25, -26.64, -27.4] -37.1  Inventory: [11.0, 23.0, 0.0]  Order: [13.18, 13.32, 13.32] Demand: [13.235]
Reward for thread 3: [-13.35, -16.07, -18.53] -15.98  Inventory: [22.0, 21.0, 25.0]  Order: [8.26, 8.24, 8.2] Demand: [8.315]
Reward for thread 4: [-14.92, -19.72, -19.74] -18.13  Inventory: [11.0, 36.0, 35.0]  Order: [8.63, 8.59, 8.54] Demand: [8.735]
Reward for thread 5: [-36.46, -21.68, -19.98] -26.04  Inventory: [0.0, 0.0, 1.0]  Order: [13.86, 13.88, 13.97] Demand: [14.095]

 Algo happo Exp ippo_seed11_formal_v1 updates 557/3000 episodes, total num timesteps 558000/3000000, FPS 117.

Reward for thread 1: [-15.87, -21.91, -21.05] -19.61  Inventory: [15.0, 31.0, 18.0]  Order: [6.16, 6.06, 5.91] Demand: [6.33]
Reward for thread 2: [-12.02, -16.69, -18.05] -15.59  Inventory: [0.0, 0.0, 0.0]  Order: [7.03, 7.04, 7.07] Demand: [7.055]
Reward for thread 3: [-120.21, -46.01, -39.59] -68.6  Inventory: [0.0, 4.0, 16.0]  Order: [15.63, 15.7, 15.86] Demand: [16.27]
Reward for thread 4: [-9.87, -14.82, -13.42] -12.7  Inventory: [5.0, 38.0, 20.0]  Order: [3.67, 3.61, 3.47] Demand: [3.885]
Reward for thread 5: [-65.08, -29.6, -24.56] -39.75  Inventory: [0.0, 0.0, 17.0]  Order: [15.5, 15.4, 15.46] Demand: [15.68]

 Algo happo Exp ippo_seed11_formal_v1 updates 558/3000 episodes, total num timesteps 559000/3000000, FPS 117.

Reward for thread 1: [-52.04, -32.95, -27.17] -37.39  Inventory: [3.0, 6.0, 0.0]  Order: [11.34, 11.28, 11.22] Demand: [11.405]
Reward for thread 2: [-11.31, -18.39, -17.65] -15.78  Inventory: [11.0, 20.0, 13.0]  Order: [3.58, 3.45, 3.28] Demand: [3.775]
Reward for thread 3: [-39.35, -25.6, -21.83] -28.93  Inventory: [0.0, 0.0, 24.0]  Order: [13.25, 13.24, 13.32] Demand: [13.965]
Reward for thread 4: [-19.71, -18.49, -19.15] -19.12  Inventory: [0.0, 19.0, 10.0]  Order: [10.96, 11.06, 11.04] Demand: [10.995]
Reward for thread 5: [-9.92, -13.44, -14.49] -12.62  Inventory: [0.0, 0.0, 0.0]  Order: [7.64, 7.54, 7.4] Demand: [7.6]

 Algo happo Exp ippo_seed11_formal_v1 updates 559/3000 episodes, total num timesteps 560000/3000000, FPS 117.

Reward for thread 1: [-17.24, -16.93, -16.18] -16.78  Inventory: [0.0, 0.0, 10.0]  Order: [10.26, 10.22, 10.33] Demand: [10.5]
Reward for thread 2: [-340.61, -353.0, -148.45] -280.69  Inventory: [0.0, 0.0, 20.0]  Order: [12.59, 5.81, 5.76] Demand: [13.74]
Reward for thread 3: [-41.41, -25.76, -26.17] -31.11  Inventory: [3.0, 6.0, 3.0]  Order: [11.99, 12.0, 11.93] Demand: [12.02]
Reward for thread 4: [-32.97, -23.13, -21.02] -25.71  Inventory: [0.0, 0.0, 9.0]  Order: [10.84, 10.92, 11.01] Demand: [11.625]
Reward for thread 5: [-45.7, -24.26, -24.08] -31.35  Inventory: [0.0, 14.0, 18.0]  Order: [13.12, 13.21, 13.4] Demand: [14.31]

Eval average reward:  -21.737  Eval ordering fluctuation measurement (downstream to upstream):  [0.6880102902983023, 0.7920461294953266, 1.1121480278605291]

 Algo happo Exp ippo_seed11_formal_v1 updates 560/3000 episodes, total num timesteps 561000/3000000, FPS 117.

Reward for thread 1: [-16.81, -15.92, -17.16] -16.63  Inventory: [7.0, 8.0, 26.0]  Order: [10.88, 10.83, 10.81] Demand: [10.905]
Reward for thread 2: [-13.51, -17.52, -19.25] -16.76  Inventory: [0.0, 0.0, 0.0]  Order: [6.22, 6.33, 6.23] Demand: [6.21]
Reward for thread 3: [-11.78, -17.44, -18.04] -15.75  Inventory: [5.0, 7.0, 10.0]  Order: [4.85, 4.67, 4.47] Demand: [5.025]
Reward for thread 4: [-14.39, -20.43, -21.75] -18.86  Inventory: [5.0, 31.0, 36.0]  Order: [6.23, 6.15, 6.08] Demand: [6.4]
Reward for thread 5: [-118.52, -40.38, -39.1] -66.0  Inventory: [0.0, 0.0, 19.0]  Order: [14.3, 14.33, 14.42] Demand: [15.055]

 Algo happo Exp ippo_seed11_formal_v1 updates 561/3000 episodes, total num timesteps 562000/3000000, FPS 117.

Reward for thread 1: [-14.9, -15.28, -16.48] -15.55  Inventory: [0.0, 0.0, 0.0]  Order: [8.5, 8.44, 8.52] Demand: [8.645]
Reward for thread 2: [-11.79, -15.41, -16.61] -14.6  Inventory: [9.0, 0.0, 0.0]  Order: [7.5, 7.42, 7.25] Demand: [7.48]
Reward for thread 3: [-25.0, -19.86, -20.89] -21.92  Inventory: [0.0, 19.0, 36.0]  Order: [10.58, 10.61, 10.64] Demand: [10.835]
Reward for thread 4: [-12.64, -18.62, -21.2] -17.49  Inventory: [9.0, 21.0, 28.0]  Order: [3.32, 3.2, 3.09] Demand: [3.53]
Reward for thread 5: [-14.67, -17.06, -19.29] -17.01  Inventory: [0.0, 6.0, 35.0]  Order: [9.08, 9.0, 8.94] Demand: [9.335]

 Algo happo Exp ippo_seed11_formal_v1 updates 562/3000 episodes, total num timesteps 563000/3000000, FPS 117.

Reward for thread 1: [-10.17, -13.79, -14.23] -12.73  Inventory: [0.0, 5.0, 17.0]  Order: [7.88, 7.84, 7.68] Demand: [7.96]
Reward for thread 2: [-20.72, -21.24, -22.36] -21.44  Inventory: [0.0, 5.0, 17.0]  Order: [8.34, 8.31, 8.37] Demand: [8.58]
Reward for thread 3: [-279.93, -565.61, -180.2] -341.91  Inventory: [0.0, 0.0, 12.0]  Order: [15.24, 5.25, 5.14] Demand: [10.125]
Reward for thread 4: [-12.42, -20.72, -19.93] -17.69  Inventory: [6.0, 29.0, 11.0]  Order: [4.76, 4.72, 4.72] Demand: [4.89]
Reward for thread 5: [-13.18, -17.67, -18.85] -16.57  Inventory: [13.0, 7.0, 0.0]  Order: [7.02, 6.98, 6.93] Demand: [7.125]

 Algo happo Exp ippo_seed11_formal_v1 updates 563/3000 episodes, total num timesteps 564000/3000000, FPS 117.

Reward for thread 1: [-15.6, -20.15, -19.75] -18.5  Inventory: [1.0, 31.0, 41.0]  Order: [5.32, 5.22, 5.18] Demand: [5.56]
Reward for thread 2: [-11.58, -17.88, -16.44] -15.3  Inventory: [13.0, 41.0, 35.0]  Order: [6.32, 6.31, 6.28] Demand: [6.4]
Reward for thread 3: [-12.12, -15.32, -14.99] -14.14  Inventory: [0.0, 0.0, 2.0]  Order: [7.6, 7.6, 7.68] Demand: [7.85]
Reward for thread 4: [-84.76, -31.19, -31.31] -49.09  Inventory: [0.0, 0.0, 0.0]  Order: [13.64, 13.54, 13.44] Demand: [13.67]
Reward for thread 5: [-17.46, -18.36, -18.02] -17.95  Inventory: [0.0, 12.0, 7.0]  Order: [8.52, 8.59, 8.62] Demand: [8.575]

 Algo happo Exp ippo_seed11_formal_v1 updates 564/3000 episodes, total num timesteps 565000/3000000, FPS 117.

Reward for thread 1: [-11.18, -17.33, -19.0] -15.84  Inventory: [9.0, 0.0, 0.0]  Order: [6.62, 6.62, 6.55] Demand: [6.7]
Reward for thread 2: [-16.01, -22.05, -20.96] -19.67  Inventory: [0.0, 0.0, 0.0]  Order: [7.25, 7.3, 7.36] Demand: [7.305]
Reward for thread 3: [-43.06, -23.41, -22.51] -29.66  Inventory: [0.0, 16.0, 0.0]  Order: [11.98, 12.08, 12.08] Demand: [12.1]
Reward for thread 4: [-20.19, -17.91, -17.02] -18.37  Inventory: [0.0, 0.0, 11.0]  Order: [10.24, 10.28, 10.36] Demand: [10.585]
Reward for thread 5: [-14.45, -18.71, -20.42] -17.86  Inventory: [1.0, 34.0, 35.0]  Order: [7.76, 7.7, 7.64] Demand: [7.88]

Eval average reward:  -26.640583333333336  Eval ordering fluctuation measurement (downstream to upstream):  [0.7963721506609981, 0.855353836920243, 1.1056881885338232]

 Algo happo Exp ippo_seed11_formal_v1 updates 565/3000 episodes, total num timesteps 566000/3000000, FPS 117.

Reward for thread 1: [-51.82, -33.72, -27.47] -37.67  Inventory: [0.0, 0.0, 0.0]  Order: [12.6, 12.6, 12.66] Demand: [13.23]
Reward for thread 2: [-10.91, -17.68, -18.83] -15.81  Inventory: [0.0, 15.0, 7.0]  Order: [4.04, 3.9, 3.79] Demand: [4.25]
Reward for thread 3: [-354.89, -340.59, -152.33] -282.6  Inventory: [0.0, 0.0, 7.0]  Order: [13.1, 6.21, 6.04] Demand: [13.74]
Reward for thread 4: [-13.88, -16.7, -17.5] -16.03  Inventory: [0.0, 23.0, 24.0]  Order: [8.1, 8.02, 7.9] Demand: [8.265]
Reward for thread 5: [-14.23, -18.29, -18.17] -16.9  Inventory: [7.0, 29.0, 46.0]  Order: [7.76, 7.68, 7.66] Demand: [7.875]

 Algo happo Exp ippo_seed11_formal_v1 updates 566/3000 episodes, total num timesteps 567000/3000000, FPS 117.

Reward for thread 1: [-70.71, -34.72, -30.77] -45.4  Inventory: [0.0, 12.0, 38.0]  Order: [13.96, 13.9, 13.87] Demand: [14.08]
Reward for thread 2: [-31.94, -30.53, -24.2] -28.89  Inventory: [0.0, 0.0, 0.0]  Order: [10.76, 10.79, 10.87] Demand: [10.95]
Reward for thread 3: [-12.25, -15.91, -16.47] -14.88  Inventory: [0.0, 9.0, 16.0]  Order: [5.6, 5.66, 5.68] Demand: [5.79]
Reward for thread 4: [-11.7, -18.09, -20.16] -16.65  Inventory: [9.0, 21.0, 30.0]  Order: [4.0, 3.86, 3.8] Demand: [4.195]
Reward for thread 5: [-17.69, -22.25, -22.49] -20.81  Inventory: [7.0, 27.0, 25.0]  Order: [8.13, 8.02, 7.9] Demand: [8.325]

 Algo happo Exp ippo_seed11_formal_v1 updates 567/3000 episodes, total num timesteps 568000/3000000, FPS 117.

Reward for thread 1: [-30.26, -24.06, -22.24] -25.52  Inventory: [0.0, 0.0, 0.0]  Order: [11.64, 11.66, 11.56] Demand: [12.12]
Reward for thread 2: [-73.92, -31.62, -29.75] -45.1  Inventory: [0.0, 0.0, 0.0]  Order: [14.5, 14.56, 14.42] Demand: [14.41]
Reward for thread 3: [-20.33, -20.39, -18.96] -19.89  Inventory: [0.0, 4.0, 22.0]  Order: [10.69, 10.64, 10.7] Demand: [10.725]
Reward for thread 4: [-12.91, -15.26, -14.64] -14.27  Inventory: [0.0, 15.0, 14.0]  Order: [7.91, 7.96, 8.02] Demand: [7.96]
Reward for thread 5: [-58.25, -32.04, -29.28] -39.86  Inventory: [0.0, 0.0, 0.0]  Order: [15.01, 15.12, 15.02] Demand: [15.355]

 Algo happo Exp ippo_seed11_formal_v1 updates 568/3000 episodes, total num timesteps 569000/3000000, FPS 117.

Reward for thread 1: [-67.46, -42.19, -28.72] -46.12  Inventory: [0.0, 0.0, 0.0]  Order: [15.54, 14.54, 14.48] Demand: [16.335]
Reward for thread 2: [-30.42, -21.04, -20.19] -23.88  Inventory: [0.0, 0.0, 6.0]  Order: [12.78, 12.78, 12.84] Demand: [13.025]
Reward for thread 3: [-60.87, -117.68, -47.63] -75.39  Inventory: [92.0, 0.0, 38.0]  Order: [11.32, 9.35, 9.29] Demand: [9.305]
Reward for thread 4: [-11.53, -19.0, -18.6] -16.38  Inventory: [5.0, 27.0, 21.0]  Order: [5.72, 5.62, 5.48] Demand: [5.93]
Reward for thread 5: [-21.69, -18.74, -17.93] -19.45  Inventory: [0.0, 0.0, 0.0]  Order: [9.53, 9.55, 9.38] Demand: [9.66]

 Algo happo Exp ippo_seed11_formal_v1 updates 569/3000 episodes, total num timesteps 570000/3000000, FPS 117.

Reward for thread 1: [-39.41, -28.18, -22.92] -30.17  Inventory: [0.0, 34.0, 22.0]  Order: [11.6, 11.8, 11.98] Demand: [11.77]
Reward for thread 2: [-421.46, -485.1, -189.96] -365.51  Inventory: [0.0, 0.0, 25.0]  Order: [15.58, 7.92, 7.86] Demand: [12.97]
Reward for thread 3: [-15.25, -20.21, -18.35] -17.94  Inventory: [9.0, 32.0, 23.0]  Order: [7.72, 7.7, 7.58] Demand: [7.825]
Reward for thread 4: [-11.46, -17.48, -17.38] -15.44  Inventory: [4.0, 18.0, 37.0]  Order: [4.3, 4.14, 4.08] Demand: [4.405]
Reward for thread 5: [-10.6, -17.91, -17.0] -15.17  Inventory: [0.0, 11.0, 20.0]  Order: [3.51, 3.34, 3.21] Demand: [3.725]

Eval average reward:  -24.913666666666668  Eval ordering fluctuation measurement (downstream to upstream):  [0.7681229319444558, 0.7816501223407543, 1.090453597467722]

 Algo happo Exp ippo_seed11_formal_v1 updates 570/3000 episodes, total num timesteps 571000/3000000, FPS 117.

Reward for thread 1: [-42.75, -25.63, -21.71] -30.03  Inventory: [0.0, 12.0, 25.0]  Order: [11.59, 11.63, 11.7] Demand: [12.25]
Reward for thread 2: [-11.73, -17.17, -18.77] -15.89  Inventory: [4.0, 22.0, 30.0]  Order: [4.28, 4.14, 4.06] Demand: [4.45]
Reward for thread 3: [-106.52, -44.49, -38.31] -63.11  Inventory: [0.0, 0.0, 0.0]  Order: [15.95, 15.96, 15.98] Demand: [16.33]
Reward for thread 4: [-31.28, -25.21, -18.91] -25.13  Inventory: [25.0, 58.0, 25.0]  Order: [12.8, 12.88, 12.86] Demand: [12.915]
Reward for thread 5: [-17.0, -19.31, -17.72] -18.01  Inventory: [6.0, 26.0, 40.0]  Order: [9.4, 9.29, 9.25] Demand: [9.535]

 Algo happo Exp ippo_seed11_formal_v1 updates 571/3000 episodes, total num timesteps 572000/3000000, FPS 117.

Reward for thread 1: [-12.78, -17.15, -16.24] -15.39  Inventory: [10.0, 11.0, 2.0]  Order: [7.63, 7.74, 7.81] Demand: [7.575]
Reward for thread 2: [-32.21, -26.76, -21.98] -26.98  Inventory: [4.0, 39.0, 25.0]  Order: [10.7, 10.66, 10.54] Demand: [10.925]
Reward for thread 3: [-13.16, -21.68, -19.67] -18.17  Inventory: [12.0, 16.0, 0.0]  Order: [3.28, 3.22, 3.18] Demand: [3.435]
Reward for thread 4: [-15.16, -16.32, -16.8] -16.09  Inventory: [2.0, 41.0, 31.0]  Order: [10.3, 10.34, 10.35] Demand: [10.445]
Reward for thread 5: [-31.54, -20.1, -18.79] -23.48  Inventory: [6.0, 34.0, 27.0]  Order: [10.52, 10.73, 10.8] Demand: [10.585]

 Algo happo Exp ippo_seed11_formal_v1 updates 572/3000 episodes, total num timesteps 573000/3000000, FPS 117.

Reward for thread 1: [-12.7, -17.64, -17.21] -15.85  Inventory: [6.0, 9.0, 47.0]  Order: [7.41, 7.25, 7.24] Demand: [7.515]
Reward for thread 2: [-25.11, -23.13, -23.27] -23.84  Inventory: [0.0, 14.0, 19.0]  Order: [9.14, 8.99, 8.86] Demand: [9.335]
Reward for thread 3: [-34.72, -22.92, -20.64] -26.09  Inventory: [0.0, 4.0, 8.0]  Order: [13.27, 13.24, 13.26] Demand: [13.455]
Reward for thread 4: [-14.22, -21.14, -20.28] -18.55  Inventory: [4.0, 43.0, 39.0]  Order: [3.61, 3.58, 3.53] Demand: [3.84]
Reward for thread 5: [-13.74, -21.29, -20.63] -18.55  Inventory: [14.0, 19.0, 20.0]  Order: [4.51, 4.42, 4.3] Demand: [4.675]

 Algo happo Exp ippo_seed11_formal_v1 updates 573/3000 episodes, total num timesteps 574000/3000000, FPS 117.

Reward for thread 1: [-21.64, -29.6, -36.01] -29.08  Inventory: [22.0, 19.0, 63.0]  Order: [1.84, 1.7, 1.76] Demand: [1.975]
Reward for thread 2: [-107.61, -51.42, -60.4] -73.14  Inventory: [0.0, 0.0, 0.0]  Order: [15.48, 15.95, 15.49] Demand: [17.105]
Reward for thread 3: [-189.87, -143.69, -77.39] -136.98  Inventory: [0.0, 0.0, 0.0]  Order: [14.39, 10.7, 10.6] Demand: [16.]
Reward for thread 4: [-18.81, -19.12, -16.67] -18.2  Inventory: [0.0, 24.0, 4.0]  Order: [8.72, 8.83, 8.88] Demand: [8.8]
Reward for thread 5: [-11.09, -18.66, -19.37] -16.37  Inventory: [6.0, 17.0, 27.0]  Order: [2.98, 2.85, 2.74] Demand: [3.2]

 Algo happo Exp ippo_seed11_formal_v1 updates 574/3000 episodes, total num timesteps 575000/3000000, FPS 117.

Reward for thread 1: [-26.26, -22.96, -25.2] -24.81  Inventory: [2.0, 11.0, 0.0]  Order: [10.09, 9.98, 9.88] Demand: [10.205]
Reward for thread 2: [-14.84, -21.65, -20.7] -19.06  Inventory: [0.0, 0.0, 0.0]  Order: [6.35, 6.3, 6.19] Demand: [6.2]
Reward for thread 3: [-14.35, -18.38, -20.2] -17.64  Inventory: [0.0, 6.0, 7.0]  Order: [6.87, 6.88, 6.88] Demand: [6.94]
Reward for thread 4: [-29.23, -20.2, -17.83] -22.42  Inventory: [0.0, 0.0, 0.0]  Order: [13.43, 13.53, 13.62] Demand: [13.66]
Reward for thread 5: [-16.2, -20.7, -21.86] -19.59  Inventory: [6.0, 10.0, 4.0]  Order: [8.25, 8.25, 8.2] Demand: [8.37]

Eval average reward:  -25.978583333333333  Eval ordering fluctuation measurement (downstream to upstream):  [0.7879856343552654, 0.804844218766168, 1.130450891344656]

 Algo happo Exp ippo_seed11_formal_v1 updates 575/3000 episodes, total num timesteps 576000/3000000, FPS 117.

Reward for thread 1: [-48.76, -27.87, -25.1] -33.91  Inventory: [0.0, 22.0, 20.0]  Order: [12.92, 13.04, 13.16] Demand: [13.96]
Reward for thread 2: [-18.11, -19.66, -22.85] -20.21  Inventory: [0.0, 0.0, 0.0]  Order: [6.7, 6.74, 6.66] Demand: [7.065]
Reward for thread 3: [-24.41, -22.59, -19.37] -22.12  Inventory: [0.0, 0.0, 0.0]  Order: [10.84, 10.94, 11.0] Demand: [10.9]
Reward for thread 4: [-17.42, -18.95, -19.21] -18.53  Inventory: [0.0, 19.0, 0.0]  Order: [8.32, 8.54, 8.54] Demand: [8.405]
Reward for thread 5: [-35.98, -20.67, -20.52] -25.72  Inventory: [0.0, 20.0, 0.0]  Order: [10.8, 10.96, 11.06] Demand: [11.785]

 Algo happo Exp ippo_seed11_formal_v1 updates 576/3000 episodes, total num timesteps 577000/3000000, FPS 117.

Reward for thread 1: [-25.83, -24.59, -21.92] -24.11  Inventory: [0.0, 11.0, 22.0]  Order: [10.15, 10.12, 10.06] Demand: [10.24]
Reward for thread 2: [-23.86, -23.19, -19.48] -22.18  Inventory: [1.0, 10.0, 8.0]  Order: [10.66, 10.48, 10.28] Demand: [10.835]
Reward for thread 3: [-38.48, -34.86, -31.01] -34.78  Inventory: [0.0, 0.0, 0.0]  Order: [11.7, 11.48, 11.32] Demand: [11.65]
Reward for thread 4: [-62.55, -29.34, -27.85] -39.91  Inventory: [0.0, 30.0, 29.0]  Order: [12.27, 12.23, 12.12] Demand: [12.395]
Reward for thread 5: [-11.12, -16.43, -17.0] -14.85  Inventory: [0.0, 20.0, 24.0]  Order: [6.1, 6.1, 6.11] Demand: [6.155]

 Algo happo Exp ippo_seed11_formal_v1 updates 577/3000 episodes, total num timesteps 578000/3000000, FPS 117.

Reward for thread 1: [-15.31, -20.56, -19.32] -18.4  Inventory: [0.0, 0.0, 0.0]  Order: [7.38, 7.28, 7.1] Demand: [7.5]
Reward for thread 2: [-231.3, -229.4, -108.3] -189.67  Inventory: [0.0, 0.0, 9.0]  Order: [15.95, 12.83, 12.9] Demand: [13.48]
Reward for thread 3: [-12.09, -17.93, -18.42] -16.15  Inventory: [11.0, 32.0, 28.0]  Order: [4.78, 4.78, 4.7] Demand: [4.915]
Reward for thread 4: [-14.34, -16.84, -18.4] -16.53  Inventory: [4.0, 0.0, 3.0]  Order: [6.78, 6.69, 6.62] Demand: [6.915]
Reward for thread 5: [-67.79, -63.18, -44.06] -58.34  Inventory: [0.0, 0.0, 0.0]  Order: [13.85, 12.66, 12.62] Demand: [14.375]

 Algo happo Exp ippo_seed11_formal_v1 updates 578/3000 episodes, total num timesteps 579000/3000000, FPS 117.

Reward for thread 1: [-9.58, -16.24, -15.83] -13.88  Inventory: [5.0, 20.0, 5.0]  Order: [2.5, 2.38, 2.27] Demand: [2.71]
Reward for thread 2: [-21.07, -23.2, -19.01] -21.09  Inventory: [0.0, 2.0, 0.0]  Order: [11.21, 11.42, 11.42] Demand: [11.265]
Reward for thread 3: [-18.2, -16.18, -14.96] -16.45  Inventory: [0.0, 0.0, 11.0]  Order: [12.83, 12.84, 12.86] Demand: [12.8]
Reward for thread 4: [-9.42, -15.77, -16.04] -13.74  Inventory: [0.0, 1.0, 6.0]  Order: [2.68, 2.48, 2.33] Demand: [2.86]
Reward for thread 5: [-34.45, -25.33, -23.41] -27.73  Inventory: [7.0, 36.0, 28.0]  Order: [12.16, 12.16, 12.05] Demand: [12.29]

 Algo happo Exp ippo_seed11_formal_v1 updates 579/3000 episodes, total num timesteps 580000/3000000, FPS 117.

Reward for thread 1: [-19.82, -18.33, -16.49] -18.21  Inventory: [0.0, 0.0, 0.0]  Order: [10.92, 11.02, 11.0] Demand: [11.375]
Reward for thread 2: [-11.75, -17.49, -17.63] -15.62  Inventory: [0.0, 32.0, 1.0]  Order: [7.39, 7.52, 7.46] Demand: [7.445]
Reward for thread 3: [-89.06, -33.05, -31.79] -51.3  Inventory: [0.0, 0.0, 0.0]  Order: [14.55, 14.72, 14.7] Demand: [15.53]
Reward for thread 4: [-10.49, -15.72, -16.16] -14.12  Inventory: [4.0, 4.0, 0.0]  Order: [4.77, 4.74, 4.64] Demand: [4.94]
Reward for thread 5: [-10.02, -16.15, -17.4] -14.52  Inventory: [10.0, 36.0, 26.0]  Order: [3.16, 3.12, 3.0] Demand: [3.345]

Eval average reward:  -28.688000000000002  Eval ordering fluctuation measurement (downstream to upstream):  [0.7666569615798274, 0.8026405263902353, 1.125490563325633]

 Algo happo Exp ippo_seed11_formal_v1 updates 580/3000 episodes, total num timesteps 581000/3000000, FPS 117.

Reward for thread 1: [-15.19, -24.01, -22.55] -20.58  Inventory: [10.0, 33.0, 19.0]  Order: [3.22, 3.14, 3.0] Demand: [3.42]
Reward for thread 2: [-77.61, -68.94, -57.07] -67.87  Inventory: [0.0, 0.0, 0.0]  Order: [12.18, 11.25, 10.87] Demand: [12.23]
Reward for thread 3: [-92.45, -75.25, -65.16] -77.62  Inventory: [12.0, 45.0, 19.0]  Order: [10.24, 10.22, 10.11] Demand: [10.39]
Reward for thread 4: [-109.17, -73.47, -70.88] -84.51  Inventory: [0.0, 0.0, 0.0]  Order: [13.44, 13.16, 12.52] Demand: [14.8]
Reward for thread 5: [-17.42, -22.74, -21.98] -20.71  Inventory: [9.0, 8.0, 0.0]  Order: [6.36, 6.24, 6.07] Demand: [6.535]

 Algo happo Exp ippo_seed11_formal_v1 updates 581/3000 episodes, total num timesteps 582000/3000000, FPS 117.

Reward for thread 1: [-13.62, -20.41, -20.07] -18.03  Inventory: [0.0, 32.0, 31.0]  Order: [4.38, 4.32, 4.23] Demand: [4.595]
Reward for thread 2: [-12.46, -16.29, -14.77] -14.51  Inventory: [14.0, 9.0, 6.0]  Order: [11.3, 11.25, 11.22] Demand: [11.32]
Reward for thread 3: [-14.66, -22.38, -23.02] -20.02  Inventory: [0.0, 9.0, 0.0]  Order: [6.66, 6.66, 6.45] Demand: [6.79]
Reward for thread 4: [-11.66, -19.64, -19.82] -17.04  Inventory: [6.0, 22.0, 20.0]  Order: [3.3, 3.18, 3.05] Demand: [3.52]
Reward for thread 5: [-26.8, -22.49, -19.97] -23.09  Inventory: [0.0, 8.0, 5.0]  Order: [11.84, 12.0, 12.02] Demand: [12.32]

 Algo happo Exp ippo_seed11_formal_v1 updates 582/3000 episodes, total num timesteps 583000/3000000, FPS 117.

Reward for thread 1: [-13.05, -19.6, -19.84] -17.5  Inventory: [8.0, 14.0, 1.0]  Order: [6.32, 6.22, 6.12] Demand: [6.48]
Reward for thread 2: [-17.65, -24.37, -21.77] -21.26  Inventory: [19.0, 26.0, 24.0]  Order: [5.82, 5.8, 5.67] Demand: [5.97]
Reward for thread 3: [-13.2, -18.98, -20.26] -17.48  Inventory: [6.0, 40.0, 49.0]  Order: [7.42, 7.38, 7.38] Demand: [7.505]
Reward for thread 4: [-14.78, -20.0, -18.94] -17.91  Inventory: [3.0, 20.0, 22.0]  Order: [7.2, 7.08, 6.95] Demand: [7.39]
Reward for thread 5: [-151.97, -113.06, -98.6] -121.21  Inventory: [0.0, 0.0, 0.0]  Order: [14.43, 13.72, 13.04] Demand: [15.97]

 Algo happo Exp ippo_seed11_formal_v1 updates 583/3000 episodes, total num timesteps 584000/3000000, FPS 117.

Reward for thread 1: [-12.46, -15.74, -17.31] -15.17  Inventory: [9.0, 0.0, 0.0]  Order: [9.02, 8.93, 8.78] Demand: [9.095]
Reward for thread 2: [-12.44, -18.52, -17.32] -16.09  Inventory: [2.0, 20.0, 34.0]  Order: [8.04, 8.02, 8.02] Demand: [8.105]
Reward for thread 3: [-9.58, -14.38, -14.7] -12.89  Inventory: [3.0, 17.0, 15.0]  Order: [8.04, 7.96, 7.88] Demand: [8.155]
Reward for thread 4: [-53.78, -53.19, -63.57] -56.85  Inventory: [0.0, 0.0, 0.0]  Order: [13.07, 13.14, 13.11] Demand: [13.235]
Reward for thread 5: [-39.37, -22.77, -23.37] -28.5  Inventory: [0.0, 0.0, 0.0]  Order: [11.41, 11.48, 11.39] Demand: [11.455]

 Algo happo Exp ippo_seed11_formal_v1 updates 584/3000 episodes, total num timesteps 585000/3000000, FPS 117.

Reward for thread 1: [-78.22, -34.46, -44.61] -52.43  Inventory: [0.0, 0.0, 0.0]  Order: [14.62, 15.12, 14.5] Demand: [15.85]
Reward for thread 2: [-14.24, -22.78, -24.75] -20.59  Inventory: [0.0, 19.0, 14.0]  Order: [3.32, 3.19, 3.09] Demand: [3.565]
Reward for thread 3: [-17.48, -20.91, -18.59] -18.99  Inventory: [5.0, 19.0, 20.0]  Order: [8.06, 7.94, 7.8] Demand: [8.225]
Reward for thread 4: [-23.16, -20.33, -27.45] -23.65  Inventory: [0.0, 16.0, 20.0]  Order: [11.7, 11.76, 11.78] Demand: [11.745]
Reward for thread 5: [-82.24, -45.76, -51.15] -59.72  Inventory: [0.0, 0.0, 0.0]  Order: [15.54, 15.79, 15.21] Demand: [16.75]

Eval average reward:  -22.78591666666667  Eval ordering fluctuation measurement (downstream to upstream):  [0.7130645491103871, 0.785116829950479, 1.1199737263634482]

 Algo happo Exp ippo_seed11_formal_v1 updates 585/3000 episodes, total num timesteps 586000/3000000, FPS 117.

Reward for thread 1: [-74.98, -28.9, -29.26] -44.38  Inventory: [0.0, 0.0, 0.0]  Order: [16.3, 16.3, 16.34] Demand: [17.455]
Reward for thread 2: [-61.49, -46.02, -77.89] -61.8  Inventory: [0.0, 0.0, 0.0]  Order: [15.47, 16.09, 15.36] Demand: [15.38]
Reward for thread 3: [-16.02, -23.87, -22.91] -20.93  Inventory: [3.0, 43.0, 47.0]  Order: [5.09, 5.06, 5.04] Demand: [5.18]
Reward for thread 4: [-14.96, -16.27, -16.63] -15.95  Inventory: [15.0, 0.0, 0.0]  Order: [8.02, 7.96, 7.75] Demand: [8.07]
Reward for thread 5: [-14.37, -20.77, -20.4] -18.51  Inventory: [10.0, 3.0, 0.0]  Order: [6.91, 6.84, 6.67] Demand: [7.09]

 Algo happo Exp ippo_seed11_formal_v1 updates 586/3000 episodes, total num timesteps 587000/3000000, FPS 117.

Reward for thread 1: [-13.71, -18.8, -19.25] -17.25  Inventory: [12.0, 29.0, 38.0]  Order: [5.17, 5.08, 5.01] Demand: [5.36]
Reward for thread 2: [-29.64, -21.61, -22.5] -24.58  Inventory: [8.0, 60.0, 15.0]  Order: [12.16, 12.39, 12.4] Demand: [12.19]
Reward for thread 3: [-18.99, -24.72, -21.97] -21.89  Inventory: [0.0, 0.0, 0.0]  Order: [8.45, 8.49, 8.56] Demand: [8.74]
Reward for thread 4: [-25.04, -32.98, -28.8] -28.94  Inventory: [3.0, 20.0, 28.0]  Order: [7.95, 8.01, 7.94] Demand: [7.985]
Reward for thread 5: [-77.98, -43.24, -45.87] -55.7  Inventory: [0.0, 0.0, 0.0]  Order: [13.88, 14.18, 13.74] Demand: [15.3]

 Algo happo Exp ippo_seed11_formal_v1 updates 587/3000 episodes, total num timesteps 588000/3000000, FPS 117.

Reward for thread 1: [-19.01, -25.82, -26.19] -23.67  Inventory: [16.0, 10.0, 10.0]  Order: [7.62, 7.59, 7.55] Demand: [7.73]
Reward for thread 2: [-11.9, -17.86, -17.95] -15.9  Inventory: [0.0, 11.0, 0.0]  Order: [5.26, 5.3, 5.3] Demand: [5.445]
Reward for thread 3: [-45.64, -27.3, -25.77] -32.9  Inventory: [0.0, 0.0, 26.0]  Order: [13.26, 13.12, 13.01] Demand: [13.38]
Reward for thread 4: [-11.78, -18.89, -17.89] -16.19  Inventory: [0.0, 0.0, 11.0]  Order: [6.63, 6.55, 6.46] Demand: [6.625]
Reward for thread 5: [-37.81, -30.44, -28.94] -32.4  Inventory: [2.0, 16.0, 20.0]  Order: [12.28, 12.19, 12.06] Demand: [12.405]

 Algo happo Exp ippo_seed11_formal_v1 updates 588/3000 episodes, total num timesteps 589000/3000000, FPS 117.

Reward for thread 1: [-11.08, -16.36, -15.93] -14.46  Inventory: [0.0, 8.0, 0.0]  Order: [5.84, 5.88, 5.89] Demand: [5.845]
Reward for thread 2: [-10.65, -16.62, -17.68] -14.98  Inventory: [4.0, 8.0, 8.0]  Order: [3.74, 3.61, 3.54] Demand: [3.935]
Reward for thread 3: [-9.08, -12.3, -12.71] -11.36  Inventory: [0.0, 0.0, 0.0]  Order: [8.68, 8.72, 8.68] Demand: [8.725]
Reward for thread 4: [-11.57, -17.97, -18.1] -15.88  Inventory: [2.0, 11.0, 27.0]  Order: [5.54, 5.36, 5.24] Demand: [5.69]
Reward for thread 5: [-11.62, -18.15, -16.6] -15.46  Inventory: [0.0, 23.0, 34.0]  Order: [5.84, 5.71, 5.64] Demand: [6.01]

 Algo happo Exp ippo_seed11_formal_v1 updates 589/3000 episodes, total num timesteps 590000/3000000, FPS 117.

Reward for thread 1: [-14.15, -14.19, -15.01] -14.45  Inventory: [7.0, 18.0, 14.0]  Order: [9.69, 9.65, 9.58] Demand: [9.815]
Reward for thread 2: [-12.42, -20.94, -18.58] -17.31  Inventory: [16.0, 49.0, 64.0]  Order: [3.56, 3.6, 3.66] Demand: [3.57]
Reward for thread 3: [-124.24, -91.79, -135.98] -117.34  Inventory: [0.0, 0.0, 0.0]  Order: [15.88, 16.4, 15.15] Demand: [16.86]
Reward for thread 4: [-18.04, -24.0, -25.83] -22.62  Inventory: [0.0, 16.0, 15.0]  Order: [4.65, 4.51, 4.34] Demand: [4.825]
Reward for thread 5: [-67.32, -33.17, -30.04] -43.51  Inventory: [0.0, 0.0, 0.0]  Order: [12.85, 12.84, 12.97] Demand: [14.145]

Eval average reward:  -20.468833333333336  Eval ordering fluctuation measurement (downstream to upstream):  [0.7196918943151187, 0.8001910316954722, 1.0826915121169742]
A better model is saved!

 Algo happo Exp ippo_seed11_formal_v1 updates 590/3000 episodes, total num timesteps 591000/3000000, FPS 117.

Reward for thread 1: [-58.58, -36.05, -35.4] -43.34  Inventory: [9.0, 0.0, 42.0]  Order: [13.32, 13.23, 13.3] Demand: [13.435]
Reward for thread 2: [-51.39, -27.21, -27.48] -35.36  Inventory: [0.0, 0.0, 0.0]  Order: [9.87, 9.96, 9.98] Demand: [11.175]
Reward for thread 3: [-12.63, -21.17, -24.15] -19.32  Inventory: [9.0, 24.0, 24.0]  Order: [3.22, 3.12, 3.04] Demand: [3.375]
Reward for thread 4: [-44.32, -25.57, -24.8] -31.56  Inventory: [0.0, 8.0, 10.0]  Order: [11.76, 11.75, 11.73] Demand: [11.865]
Reward for thread 5: [-17.9, -22.6, -22.13] -20.88  Inventory: [13.0, 42.0, 43.0]  Order: [8.06, 8.06, 8.1] Demand: [8.14]

 Algo happo Exp ippo_seed11_formal_v1 updates 591/3000 episodes, total num timesteps 592000/3000000, FPS 117.

Reward for thread 1: [-58.58, -32.86, -26.65] -39.36  Inventory: [0.0, 0.0, 2.0]  Order: [12.17, 12.23, 12.24] Demand: [13.525]
Reward for thread 2: [-11.83, -19.08, -18.16] -16.36  Inventory: [7.0, 49.0, 29.0]  Order: [4.12, 4.13, 4.03] Demand: [4.29]
Reward for thread 3: [-12.19, -19.2, -19.08] -16.82  Inventory: [1.0, 8.0, 17.0]  Order: [5.86, 5.68, 5.58] Demand: [6.015]
Reward for thread 4: [-80.82, -38.75, -37.92] -52.5  Inventory: [0.0, 0.0, 0.0]  Order: [13.27, 13.34, 13.35] Demand: [14.89]
Reward for thread 5: [-9.75, -14.98, -14.14] -12.96  Inventory: [25.0, 31.0, 33.0]  Order: [4.51, 4.46, 4.41] Demand: [4.605]

 Algo happo Exp ippo_seed11_formal_v1 updates 592/3000 episodes, total num timesteps 593000/3000000, FPS 117.

Reward for thread 1: [-13.92, -19.42, -19.56] -17.63  Inventory: [3.0, 9.0, 9.0]  Order: [7.74, 7.7, 7.64] Demand: [7.785]
Reward for thread 2: [-14.83, -19.91, -22.22] -18.99  Inventory: [8.0, 6.0, 27.0]  Order: [6.63, 6.64, 6.61] Demand: [6.74]
Reward for thread 3: [-58.37, -28.84, -28.24] -38.48  Inventory: [0.0, 0.0, 0.0]  Order: [15.38, 15.54, 15.6] Demand: [15.62]
Reward for thread 4: [-20.91, -19.6, -18.0] -19.5  Inventory: [5.0, 1.0, 0.0]  Order: [10.95, 10.86, 10.72] Demand: [11.055]
Reward for thread 5: [-20.54, -20.82, -20.41] -20.59  Inventory: [0.0, 0.0, 0.0]  Order: [11.1, 11.19, 11.22] Demand: [11.32]

 Algo happo Exp ippo_seed11_formal_v1 updates 593/3000 episodes, total num timesteps 594000/3000000, FPS 117.

Reward for thread 1: [-14.72, -17.26, -18.05] -16.68  Inventory: [0.0, 2.0, 12.0]  Order: [10.85, 10.81, 10.84] Demand: [10.925]
Reward for thread 2: [-23.46, -19.9, -18.24] -20.53  Inventory: [0.0, 10.0, 0.0]  Order: [9.62, 9.79, 9.9] Demand: [10.08]
Reward for thread 3: [-12.81, -18.78, -18.87] -16.82  Inventory: [2.0, 4.0, 26.0]  Order: [4.83, 4.7, 4.65] Demand: [4.945]
Reward for thread 4: [-26.06, -21.34, -18.89] -22.1  Inventory: [0.0, 20.0, 24.0]  Order: [11.68, 11.82, 11.94] Demand: [11.695]
Reward for thread 5: [-16.31, -19.57, -20.14] -18.67  Inventory: [0.0, 0.0, 10.0]  Order: [10.3, 10.19, 10.02] Demand: [10.3]

 Algo happo Exp ippo_seed11_formal_v1 updates 594/3000 episodes, total num timesteps 595000/3000000, FPS 117.

Reward for thread 1: [-13.59, -22.26, -19.86] -18.57  Inventory: [4.0, 30.0, 16.0]  Order: [2.99, 2.91, 2.74] Demand: [3.19]
Reward for thread 2: [-13.55, -19.69, -21.45] -18.23  Inventory: [0.0, 31.0, 23.0]  Order: [4.94, 4.9, 4.82] Demand: [5.145]
Reward for thread 3: [-49.74, -34.92, -29.11] -37.92  Inventory: [0.0, 0.0, 0.0]  Order: [14.21, 14.33, 14.44] Demand: [14.975]
Reward for thread 4: [-21.02, -21.37, -21.01] -21.13  Inventory: [0.0, 0.0, 0.0]  Order: [11.03, 11.19, 11.12] Demand: [10.945]
Reward for thread 5: [-11.41, -18.16, -17.29] -15.62  Inventory: [11.0, 18.0, 15.0]  Order: [6.12, 6.09, 6.07] Demand: [6.245]

Eval average reward:  -19.389416666666666  Eval ordering fluctuation measurement (downstream to upstream):  [0.7198626157083161, 0.8376052751792173, 1.124751916883312]
A better model is saved!

 Algo happo Exp ippo_seed11_formal_v1 updates 595/3000 episodes, total num timesteps 596000/3000000, FPS 117.

Reward for thread 1: [-105.76, -35.53, -34.59] -58.63  Inventory: [0.0, 0.0, 0.0]  Order: [13.48, 13.5, 13.5] Demand: [14.635]
Reward for thread 2: [-14.41, -16.59, -18.41] -16.47  Inventory: [18.0, 19.0, 28.0]  Order: [7.84, 7.78, 7.76] Demand: [7.93]
Reward for thread 3: [-13.92, -21.71, -19.65] -18.43  Inventory: [7.0, 35.0, 27.0]  Order: [3.24, 3.16, 3.06] Demand: [3.44]
Reward for thread 4: [-23.78, -24.57, -24.75] -24.37  Inventory: [3.0, 44.0, 43.0]  Order: [9.74, 9.72, 9.68] Demand: [9.89]
Reward for thread 5: [-23.13, -23.22, -23.48] -23.28  Inventory: [1.0, 10.0, 25.0]  Order: [6.94, 6.78, 6.65] Demand: [7.135]

 Algo happo Exp ippo_seed11_formal_v1 updates 596/3000 episodes, total num timesteps 597000/3000000, FPS 117.

Reward for thread 1: [-59.85, -28.94, -27.88] -38.89  Inventory: [0.0, 0.0, 0.0]  Order: [13.14, 13.16, 13.14] Demand: [14.33]
Reward for thread 2: [-29.97, -29.89, -29.69] -29.85  Inventory: [0.0, 0.0, 0.0]  Order: [9.99, 9.99, 9.8] Demand: [10.46]
Reward for thread 3: [-14.04, -18.23, -17.94] -16.74  Inventory: [0.0, 0.0, 2.0]  Order: [10.52, 10.52, 10.54] Demand: [10.56]
Reward for thread 4: [-30.29, -28.78, -25.92] -28.33  Inventory: [3.0, 0.0, 0.0]  Order: [12.08, 12.12, 12.21] Demand: [11.995]
Reward for thread 5: [-10.69, -16.25, -19.58] -15.51  Inventory: [9.0, 22.0, 0.0]  Order: [4.72, 4.76, 4.68] Demand: [4.82]

 Algo happo Exp ippo_seed11_formal_v1 updates 597/3000 episodes, total num timesteps 598000/3000000, FPS 117.

Reward for thread 1: [-10.67, -16.55, -16.67] -14.63  Inventory: [6.0, 25.0, 11.0]  Order: [5.0, 4.93, 4.81] Demand: [5.18]
Reward for thread 2: [-12.43, -17.53, -18.77] -16.24  Inventory: [10.0, 24.0, 13.0]  Order: [6.24, 6.12, 6.02] Demand: [6.37]
Reward for thread 3: [-13.52, -22.84, -17.82] -18.06  Inventory: [23.0, 45.0, 17.0]  Order: [4.14, 4.12, 3.96] Demand: [4.245]
Reward for thread 4: [-46.6, -22.07, -18.71] -29.13  Inventory: [0.0, 5.0, 14.0]  Order: [16.01, 16.08, 16.16] Demand: [16.68]
Reward for thread 5: [-58.27, -27.85, -25.98] -37.37  Inventory: [0.0, 5.0, 3.0]  Order: [11.37, 11.51, 11.58] Demand: [12.645]

 Algo happo Exp ippo_seed11_formal_v1 updates 598/3000 episodes, total num timesteps 599000/3000000, FPS 117.

Reward for thread 1: [-36.04, -19.66, -18.51] -24.74  Inventory: [0.0, 0.0, 0.0]  Order: [13.92, 14.02, 14.15] Demand: [14.755]
Reward for thread 2: [-281.66, -235.1, -113.08] -209.95  Inventory: [0.0, 0.0, 18.0]  Order: [16.29, 12.71, 12.82] Demand: [16.435]
Reward for thread 3: [-38.53, -25.16, -22.52] -28.74  Inventory: [3.0, 0.0, 0.0]  Order: [12.36, 12.46, 12.3] Demand: [12.435]
Reward for thread 4: [-14.37, -19.58, -20.68] -18.21  Inventory: [6.0, 42.0, 18.0]  Order: [4.26, 4.28, 4.14] Demand: [4.465]
Reward for thread 5: [-13.75, -21.51, -19.77] -18.34  Inventory: [23.0, 48.0, 42.0]  Order: [6.86, 6.88, 6.86] Demand: [6.97]

 Algo happo Exp ippo_seed11_formal_v1 updates 599/3000 episodes, total num timesteps 600000/3000000, FPS 117.

Reward for thread 1: [-13.22, -20.21, -20.29] -17.91  Inventory: [0.0, 9.0, 16.0]  Order: [6.67, 6.62, 6.51] Demand: [6.75]
Reward for thread 2: [-25.79, -20.63, -21.3] -22.57  Inventory: [6.0, 25.0, 10.0]  Order: [11.81, 11.89, 11.98] Demand: [11.895]
Reward for thread 3: [-24.37, -21.29, -20.76] -22.14  Inventory: [3.0, 11.0, 9.0]  Order: [11.13, 11.03, 10.9] Demand: [11.275]
Reward for thread 4: [-13.88, -19.64, -20.28] -17.93  Inventory: [14.0, 33.0, 48.0]  Order: [5.88, 5.8, 5.82] Demand: [5.98]
Reward for thread 5: [-12.19, -20.9, -16.88] -16.66  Inventory: [0.0, 5.0, 9.0]  Order: [2.08, 1.94, 1.81] Demand: [2.285]

Eval average reward:  -20.0755  Eval ordering fluctuation measurement (downstream to upstream):  [0.733045001904119, 0.9079914125885937, 1.1159968607398114]

 Algo happo Exp ippo_seed11_formal_v1 updates 600/3000 episodes, total num timesteps 601000/3000000, FPS 117.

Reward for thread 1: [-12.52, -15.26, -16.76] -14.85  Inventory: [0.0, 25.0, 19.0]  Order: [9.02, 9.11, 9.1] Demand: [9.05]
Reward for thread 2: [-14.32, -20.57, -21.21] -18.7  Inventory: [0.0, 33.0, 13.0]  Order: [7.26, 7.3, 7.23] Demand: [7.34]
Reward for thread 3: [-22.03, -18.58, -17.71] -19.44  Inventory: [0.0, 0.0, 0.0]  Order: [10.94, 10.98, 10.98] Demand: [11.35]
Reward for thread 4: [-21.86, -19.79, -20.3] -20.65  Inventory: [0.0, 0.0, 9.0]  Order: [10.8, 10.76, 10.74] Demand: [10.805]
Reward for thread 5: [-158.74, -135.03, -68.49] -120.75  Inventory: [0.0, 0.0, 20.0]  Order: [14.36, 11.77, 11.72] Demand: [15.295]

 Algo happo Exp ippo_seed11_formal_v1 updates 601/3000 episodes, total num timesteps 602000/3000000, FPS 117.

Reward for thread 1: [-30.9, -24.17, -20.78] -25.28  Inventory: [0.0, 0.0, 0.0]  Order: [13.44, 13.45, 13.43] Demand: [13.7]
Reward for thread 2: [-79.81, -31.2, -28.56] -46.52  Inventory: [0.0, 0.0, 0.0]  Order: [14.6, 14.58, 14.54] Demand: [16.02]
Reward for thread 3: [-30.89, -31.86, -28.58] -30.44  Inventory: [6.0, 4.0, 0.0]  Order: [7.66, 7.61, 7.53] Demand: [7.825]
Reward for thread 4: [-14.82, -21.28, -20.38] -18.83  Inventory: [3.0, 36.0, 19.0]  Order: [6.93, 6.86, 6.72] Demand: [7.16]
Reward for thread 5: [-29.96, -29.36, -25.14] -28.15  Inventory: [0.0, 4.0, 0.0]  Order: [8.64, 8.52, 8.28] Demand: [8.86]

 Algo happo Exp ippo_seed11_formal_v1 updates 602/3000 episodes, total num timesteps 603000/3000000, FPS 117.

Reward for thread 1: [-280.6, -233.35, -112.89] -208.95  Inventory: [0.0, 0.0, 1.0]  Order: [16.63, 13.17, 13.18] Demand: [17.645]
Reward for thread 2: [-13.44, -15.97, -16.44] -15.28  Inventory: [7.0, 22.0, 18.0]  Order: [9.46, 9.43, 9.38] Demand: [9.525]
Reward for thread 3: [-48.16, -29.33, -24.51] -34.0  Inventory: [0.0, 0.0, 0.0]  Order: [15.5, 15.58, 15.67] Demand: [15.61]
Reward for thread 4: [-30.6, -22.41, -19.76] -24.26  Inventory: [0.0, 3.0, 0.0]  Order: [13.68, 13.8, 13.85] Demand: [14.115]
Reward for thread 5: [-11.13, -16.57, -17.33] -15.01  Inventory: [2.0, 6.0, 24.0]  Order: [5.03, 4.84, 4.7] Demand: [5.225]

 Algo happo Exp ippo_seed11_formal_v1 updates 603/3000 episodes, total num timesteps 604000/3000000, FPS 117.

Reward for thread 1: [-21.99, -22.64, -23.87] -22.83  Inventory: [2.0, 25.0, 40.0]  Order: [10.04, 9.94, 9.98] Demand: [10.17]
Reward for thread 2: [-19.54, -21.9, -18.53] -19.99  Inventory: [0.0, 0.0, 14.0]  Order: [10.76, 10.72, 10.82] Demand: [10.65]
Reward for thread 3: [-88.7, -39.87, -35.88] -54.82  Inventory: [0.0, 0.0, 0.0]  Order: [13.78, 13.87, 13.92] Demand: [15.225]
Reward for thread 4: [-12.13, -16.42, -18.74] -15.76  Inventory: [0.0, 0.0, 0.0]  Order: [6.52, 6.43, 6.27] Demand: [6.56]
Reward for thread 5: [-79.32, -30.78, -30.74] -46.95  Inventory: [0.0, 0.0, 0.0]  Order: [13.8, 13.86, 13.93] Demand: [14.225]

 Algo happo Exp ippo_seed11_formal_v1 updates 604/3000 episodes, total num timesteps 605000/3000000, FPS 117.

Reward for thread 1: [-38.24, -26.92, -22.58] -29.25  Inventory: [0.0, 7.0, 0.0]  Order: [14.08, 14.08, 14.12] Demand: [14.195]
Reward for thread 2: [-11.58, -18.09, -19.12] -16.26  Inventory: [4.0, 20.0, 28.0]  Order: [4.88, 4.75, 4.65] Demand: [5.08]
Reward for thread 3: [-17.61, -20.22, -20.2] -19.34  Inventory: [0.0, 4.0, 10.0]  Order: [9.26, 9.17, 8.99] Demand: [9.385]
Reward for thread 4: [-12.19, -16.62, -21.34] -16.72  Inventory: [9.0, 11.0, 18.0]  Order: [5.64, 5.54, 5.48] Demand: [5.79]
Reward for thread 5: [-25.08, -21.49, -19.39] -21.99  Inventory: [0.0, 4.0, 13.0]  Order: [12.04, 11.96, 11.89] Demand: [12.16]

Eval average reward:  -32.74575  Eval ordering fluctuation measurement (downstream to upstream):  [0.7693129024513935, 0.9269842902984857, 1.0808080187898803]

 Algo happo Exp ippo_seed11_formal_v1 updates 605/3000 episodes, total num timesteps 606000/3000000, FPS 117.

Reward for thread 1: [-10.57, -17.44, -17.67] -15.23  Inventory: [0.0, 18.0, 27.0]  Order: [3.29, 3.16, 3.04] Demand: [3.485]
Reward for thread 2: [-10.36, -17.49, -19.55] -15.8  Inventory: [7.0, 25.0, 42.0]  Order: [1.85, 1.74, 1.7] Demand: [2.065]
Reward for thread 3: [-19.15, -23.47, -19.04] -20.55  Inventory: [0.0, 0.0, 0.0]  Order: [11.36, 11.32, 11.24] Demand: [11.465]
Reward for thread 4: [-11.12, -15.42, -15.22] -13.92  Inventory: [2.0, 0.0, 0.0]  Order: [8.16, 8.1, 8.09] Demand: [8.105]
Reward for thread 5: [-13.97, -15.5, -14.71] -14.73  Inventory: [0.0, 0.0, 0.0]  Order: [11.32, 11.32, 11.14] Demand: [11.37]

 Algo happo Exp ippo_seed11_formal_v1 updates 606/3000 episodes, total num timesteps 607000/3000000, FPS 117.

Reward for thread 1: [-15.55, -19.86, -21.44] -18.95  Inventory: [12.0, 25.0, 9.0]  Order: [5.08, 4.96, 4.76] Demand: [5.26]
Reward for thread 2: [-12.46, -17.64, -18.18] -16.09  Inventory: [17.0, 21.0, 3.0]  Order: [6.26, 6.26, 6.14] Demand: [6.32]
Reward for thread 3: [-12.52, -19.66, -19.53] -17.24  Inventory: [1.0, 28.0, 23.0]  Order: [3.27, 3.16, 3.04] Demand: [3.505]
Reward for thread 4: [-16.66, -22.44, -24.46] -21.19  Inventory: [0.0, 11.0, 23.0]  Order: [6.3, 6.12, 5.99] Demand: [6.535]
Reward for thread 5: [-9.82, -13.86, -13.32] -12.33  Inventory: [3.0, 0.0, 0.0]  Order: [8.93, 8.91, 8.91] Demand: [8.845]

 Algo happo Exp ippo_seed11_formal_v1 updates 607/3000 episodes, total num timesteps 608000/3000000, FPS 117.

Reward for thread 1: [-20.29, -22.45, -20.97] -21.24  Inventory: [21.0, 18.0, 20.0]  Order: [8.95, 8.9, 8.85] Demand: [9.075]
Reward for thread 2: [-13.1, -20.92, -19.46] -17.83  Inventory: [4.0, 23.0, 38.0]  Order: [6.32, 6.2, 6.14] Demand: [6.515]
Reward for thread 3: [-59.37, -52.58, -30.74] -47.56  Inventory: [0.0, 9.0, 3.0]  Order: [15.12, 15.26, 15.36] Demand: [15.315]
Reward for thread 4: [-15.76, -20.28, -18.66] -18.23  Inventory: [0.0, 5.0, 15.0]  Order: [8.02, 7.88, 7.84] Demand: [8.2]
Reward for thread 5: [-11.28, -14.03, -15.26] -13.52  Inventory: [0.0, 0.0, 0.0]  Order: [9.26, 9.25, 9.15] Demand: [9.28]

 Algo happo Exp ippo_seed11_formal_v1 updates 608/3000 episodes, total num timesteps 609000/3000000, FPS 117.

Reward for thread 1: [-15.28, -20.44, -20.25] -18.66  Inventory: [5.0, 30.0, 33.0]  Order: [9.14, 9.06, 8.98] Demand: [9.305]
Reward for thread 2: [-20.2, -25.26, -25.38] -23.61  Inventory: [0.0, 0.0, 0.0]  Order: [11.24, 11.38, 10.66] Demand: [11.325]
Reward for thread 3: [-13.43, -20.39, -19.56] -17.79  Inventory: [5.0, 27.0, 20.0]  Order: [5.24, 5.13, 4.98] Demand: [5.465]
Reward for thread 4: [-18.59, -24.93, -24.86] -22.79  Inventory: [0.0, 0.0, 0.0]  Order: [8.56, 8.64, 8.19] Demand: [8.58]
Reward for thread 5: [-13.46, -19.5, -18.52] -17.16  Inventory: [0.0, 19.0, 26.0]  Order: [8.52, 8.61, 8.67] Demand: [8.515]

 Algo happo Exp ippo_seed11_formal_v1 updates 609/3000 episodes, total num timesteps 610000/3000000, FPS 117.

Reward for thread 1: [-60.63, -87.68, -79.68] -76.0  Inventory: [115.0, 0.0, 0.0]  Order: [10.96, 11.0, 10.54] Demand: [9.94]
Reward for thread 2: [-16.63, -18.7, -20.01] -18.45  Inventory: [8.0, 0.0, 3.0]  Order: [8.9, 8.75, 8.66] Demand: [9.08]
Reward for thread 3: [-322.82, -333.8, -273.17] -309.93  Inventory: [0.0, 0.0, 0.0]  Order: [16.68, 14.36, 12.72] Demand: [15.59]
Reward for thread 4: [-14.86, -21.34, -20.69] -18.96  Inventory: [0.0, 5.0, 0.0]  Order: [8.16, 8.2, 8.24] Demand: [8.205]
Reward for thread 5: [-20.07, -31.95, -22.26] -24.76  Inventory: [37.0, 30.0, 3.0]  Order: [10.73, 10.78, 10.88] Demand: [10.73]

Eval average reward:  -62.352166666666655  Eval ordering fluctuation measurement (downstream to upstream):  [0.7121271793103633, 0.9208055742386069, 1.0899370526353591]

 Algo happo Exp ippo_seed11_formal_v1 updates 610/3000 episodes, total num timesteps 611000/3000000, FPS 117.

Reward for thread 1: [-193.93, -178.75, -130.67] -167.78  Inventory: [0.0, 0.0, 0.0]  Order: [14.72, 12.66, 11.52] Demand: [14.805]
Reward for thread 2: [-22.82, -33.46, -42.23] -32.84  Inventory: [8.0, 31.0, 75.0]  Order: [3.18, 3.1, 3.22] Demand: [3.395]
Reward for thread 3: [-11.13, -15.82, -18.47] -15.14  Inventory: [14.0, 16.0, 20.0]  Order: [4.2, 4.04, 3.9] Demand: [4.38]
Reward for thread 4: [-10.28, -15.32, -16.48] -14.03  Inventory: [0.0, 3.0, 17.0]  Order: [5.9, 5.7, 5.57] Demand: [6.095]
Reward for thread 5: [-14.05, -20.63, -21.8] -18.83  Inventory: [4.0, 0.0, 10.0]  Order: [6.19, 6.1, 6.12] Demand: [6.22]

 Algo happo Exp ippo_seed11_formal_v1 updates 611/3000 episodes, total num timesteps 612000/3000000, FPS 117.

Reward for thread 1: [-11.65, -16.92, -18.28] -15.62  Inventory: [6.0, 29.0, 24.0]  Order: [5.02, 4.96, 4.96] Demand: [5.095]
Reward for thread 2: [-11.49, -18.22, -19.68] -16.46  Inventory: [0.0, 10.0, 7.0]  Order: [3.85, 3.72, 3.66] Demand: [4.045]
Reward for thread 3: [-221.21, -218.73, -94.88] -178.27  Inventory: [0.0, 0.0, 0.0]  Order: [15.86, 12.12, 12.16] Demand: [16.25]
Reward for thread 4: [-11.94, -17.81, -19.4] -16.38  Inventory: [1.0, 21.0, 19.0]  Order: [4.19, 4.07, 4.01] Demand: [4.39]
Reward for thread 5: [-28.69, -24.54, -18.64] -23.96  Inventory: [0.0, 0.0, 0.0]  Order: [13.92, 13.95, 14.06] Demand: [14.2]

 Algo happo Exp ippo_seed11_formal_v1 updates 612/3000 episodes, total num timesteps 613000/3000000, FPS 117.

Reward for thread 1: [-35.76, -27.24, -33.24] -32.08  Inventory: [1.0, 12.0, 7.0]  Order: [9.14, 9.04, 9.05] Demand: [9.275]
Reward for thread 2: [-14.96, -21.3, -20.57] -18.94  Inventory: [3.0, 12.0, 0.0]  Order: [6.18, 6.14, 6.08] Demand: [6.28]
Reward for thread 3: [-224.77, -241.23, -126.91] -197.64  Inventory: [0.0, 0.0, 1.0]  Order: [17.24, 13.9, 13.9] Demand: [15.61]
Reward for thread 4: [-12.04, -18.5, -20.78] -17.11  Inventory: [0.0, 11.0, 0.0]  Order: [5.06, 5.01, 4.87] Demand: [5.22]
Reward for thread 5: [-14.41, -16.86, -16.05] -15.77  Inventory: [7.0, 8.0, 8.0]  Order: [9.54, 9.49, 9.44] Demand: [9.57]

 Algo happo Exp ippo_seed11_formal_v1 updates 613/3000 episodes, total num timesteps 614000/3000000, FPS 117.

Reward for thread 1: [-11.92, -18.92, -21.11] -17.32  Inventory: [2.0, 17.0, 35.0]  Order: [5.2, 5.12, 5.05] Demand: [5.35]
Reward for thread 2: [-51.12, -59.05, -39.01] -49.73  Inventory: [0.0, 0.0, 0.0]  Order: [14.89, 13.84, 13.78] Demand: [13.97]
Reward for thread 3: [-11.95, -18.15, -16.67] -15.59  Inventory: [9.0, 21.0, 20.0]  Order: [6.86, 6.73, 6.61] Demand: [6.975]
Reward for thread 4: [-198.99, -142.34, -94.15] -145.16  Inventory: [0.0, 0.0, 2.0]  Order: [16.74, 14.7, 14.72] Demand: [15.655]
Reward for thread 5: [-31.8, -25.42, -23.12] -26.78  Inventory: [6.0, 13.0, 35.0]  Order: [10.04, 9.89, 9.82] Demand: [10.235]

 Algo happo Exp ippo_seed11_formal_v1 updates 614/3000 episodes, total num timesteps 615000/3000000, FPS 117.

Reward for thread 1: [-16.95, -23.89, -26.43] -22.42  Inventory: [6.0, 26.0, 32.0]  Order: [7.3, 7.2, 7.17] Demand: [7.385]
Reward for thread 2: [-11.31, -18.07, -19.91] -16.43  Inventory: [10.0, 24.0, 23.0]  Order: [3.99, 3.86, 3.72] Demand: [4.19]
Reward for thread 3: [-39.56, -44.82, -36.93] -40.44  Inventory: [37.0, 58.0, 23.0]  Order: [2.16, 2.21, 2.1] Demand: [2.22]
Reward for thread 4: [-17.38, -28.26, -25.23] -23.62  Inventory: [25.0, 0.0, 0.0]  Order: [7.1, 7.09, 7.02] Demand: [6.95]
Reward for thread 5: [-10.48, -17.61, -20.57] -16.22  Inventory: [5.0, 23.0, 23.0]  Order: [3.46, 3.34, 3.2] Demand: [3.665]

Eval average reward:  -20.074416666666664  Eval ordering fluctuation measurement (downstream to upstream):  [0.7636485203415428, 0.9559542291199922, 1.101341440931583]

 Algo happo Exp ippo_seed11_formal_v1 updates 615/3000 episodes, total num timesteps 616000/3000000, FPS 117.

Reward for thread 1: [-10.88, -18.63, -17.7] -15.74  Inventory: [0.0, 34.0, 32.0]  Order: [3.46, 3.38, 3.3] Demand: [3.695]
Reward for thread 2: [-38.0, -47.94, -29.31] -38.42  Inventory: [0.0, 0.0, 0.0]  Order: [11.3, 11.18, 11.16] Demand: [11.315]
Reward for thread 3: [-233.39, -240.94, -175.39] -216.57  Inventory: [0.0, 0.0, 0.0]  Order: [15.9, 14.13, 13.05] Demand: [14.63]
Reward for thread 4: [-14.51, -20.69, -19.85] -18.35  Inventory: [0.0, 4.0, 0.0]  Order: [6.94, 6.9, 6.72] Demand: [7.07]
Reward for thread 5: [-65.1, -53.44, -34.73] -51.09  Inventory: [0.0, 0.0, 17.0]  Order: [11.76, 10.71, 10.62] Demand: [12.62]

 Algo happo Exp ippo_seed11_formal_v1 updates 616/3000 episodes, total num timesteps 617000/3000000, FPS 117.

Reward for thread 1: [-27.06, -18.6, -19.32] -21.66  Inventory: [0.0, 3.0, 2.0]  Order: [14.12, 14.22, 14.23] Demand: [14.53]
Reward for thread 2: [-14.32, -23.82, -25.46] -21.2  Inventory: [2.0, 42.0, 31.0]  Order: [4.2, 4.17, 4.08] Demand: [4.435]
Reward for thread 3: [-9.76, -15.68, -15.8] -13.75  Inventory: [0.0, 11.0, 0.0]  Order: [5.74, 5.76, 5.64] Demand: [5.775]
Reward for thread 4: [-231.83, -229.86, -101.89] -187.86  Inventory: [0.0, 0.0, 0.0]  Order: [16.01, 13.16, 13.23] Demand: [16.63]
Reward for thread 5: [-10.03, -15.84, -16.24] -14.04  Inventory: [11.0, 17.0, 3.0]  Order: [5.31, 5.22, 5.08] Demand: [5.495]

 Algo happo Exp ippo_seed11_formal_v1 updates 617/3000 episodes, total num timesteps 618000/3000000, FPS 117.

Reward for thread 1: [-20.22, -25.44, -22.74] -22.8  Inventory: [0.0, 21.0, 32.0]  Order: [7.9, 7.81, 7.72] Demand: [8.055]
Reward for thread 2: [-14.46, -17.22, -19.08] -16.92  Inventory: [0.0, 0.0, 0.0]  Order: [7.52, 7.54, 7.55] Demand: [7.82]
Reward for thread 3: [-11.44, -17.26, -16.4] -15.03  Inventory: [2.0, 0.0, 0.0]  Order: [6.66, 6.57, 6.48] Demand: [6.59]
Reward for thread 4: [-22.29, -29.56, -26.91] -26.25  Inventory: [27.0, 54.0, 53.0]  Order: [8.68, 8.71, 8.78] Demand: [8.79]
Reward for thread 5: [-90.93, -104.62, -46.2] -80.58  Inventory: [0.0, 0.0, 15.0]  Order: [15.16, 13.36, 13.5] Demand: [13.575]

 Algo happo Exp ippo_seed11_formal_v1 updates 618/3000 episodes, total num timesteps 619000/3000000, FPS 117.

Reward for thread 1: [-23.03, -19.7, -17.81] -20.18  Inventory: [0.0, 0.0, 0.0]  Order: [12.1, 12.12, 12.16] Demand: [12.425]
Reward for thread 2: [-41.63, -20.24, -19.29] -27.05  Inventory: [0.0, 0.0, 9.0]  Order: [14.0, 14.0, 14.1] Demand: [14.4]
Reward for thread 3: [-13.27, -19.62, -20.22] -17.7  Inventory: [18.0, 22.0, 22.0]  Order: [3.14, 3.01, 2.88] Demand: [3.295]
Reward for thread 4: [-39.31, -38.81, -53.11] -43.74  Inventory: [0.0, 0.0, 0.0]  Order: [14.84, 14.85, 14.72] Demand: [14.78]
Reward for thread 5: [-12.78, -19.79, -18.09] -16.89  Inventory: [8.0, 39.0, 38.0]  Order: [5.76, 5.71, 5.68] Demand: [5.945]

 Algo happo Exp ippo_seed11_formal_v1 updates 619/3000 episodes, total num timesteps 620000/3000000, FPS 117.

Reward for thread 1: [-61.04, -83.7, -41.04] -61.93  Inventory: [0.0, 0.0, 0.0]  Order: [10.44, 10.37, 10.32] Demand: [10.4]
Reward for thread 2: [-111.75, -90.8, -50.96] -84.5  Inventory: [0.0, 0.0, 0.0]  Order: [14.42, 12.98, 13.11] Demand: [15.31]
Reward for thread 3: [-87.58, -142.75, -54.78] -95.04  Inventory: [0.0, 0.0, 16.0]  Order: [15.97, 14.08, 14.12] Demand: [14.685]
Reward for thread 4: [-11.49, -17.5, -16.96] -15.32  Inventory: [0.0, 0.0, 0.0]  Order: [6.48, 6.48, 6.43] Demand: [6.51]
Reward for thread 5: [-11.68, -18.44, -18.55] -16.22  Inventory: [0.0, 25.0, 2.0]  Order: [5.18, 5.16, 5.01] Demand: [5.355]

Eval average reward:  -20.876083333333334  Eval ordering fluctuation measurement (downstream to upstream):  [0.7403528632087457, 1.0039862493359997, 1.0943793372177129]

 Algo happo Exp ippo_seed11_formal_v1 updates 620/3000 episodes, total num timesteps 621000/3000000, FPS 117.

Reward for thread 1: [-62.22, -29.18, -29.2] -40.2  Inventory: [0.0, 0.0, 0.0]  Order: [15.34, 15.5, 15.52] Demand: [16.26]
Reward for thread 2: [-27.44, -36.22, -24.44] -29.37  Inventory: [0.0, 0.0, 21.0]  Order: [11.18, 10.64, 10.63] Demand: [10.98]
Reward for thread 3: [-21.21, -22.4, -21.72] -21.78  Inventory: [0.0, 0.0, 0.0]  Order: [12.19, 12.27, 12.04] Demand: [12.075]
Reward for thread 4: [-19.36, -23.26, -23.3] -21.97  Inventory: [0.0, 10.0, 2.0]  Order: [10.8, 10.89, 10.86] Demand: [10.845]
Reward for thread 5: [-87.91, -28.64, -29.38] -48.64  Inventory: [0.0, 0.0, 0.0]  Order: [16.15, 16.22, 16.27] Demand: [17.305]

 Algo happo Exp ippo_seed11_formal_v1 updates 621/3000 episodes, total num timesteps 622000/3000000, FPS 117.

Reward for thread 1: [-13.98, -19.2, -19.94] -17.71  Inventory: [7.0, 19.0, 36.0]  Order: [8.2, 8.15, 8.18] Demand: [8.235]
Reward for thread 2: [-89.7, -51.22, -62.79] -67.9  Inventory: [0.0, 0.0, 0.0]  Order: [14.87, 15.06, 14.63] Demand: [15.105]
Reward for thread 3: [-19.14, -19.6, -17.14] -18.63  Inventory: [0.0, 0.0, 6.0]  Order: [13.68, 13.72, 13.76] Demand: [13.72]
Reward for thread 4: [-48.23, -38.85, -38.02] -41.7  Inventory: [0.0, 0.0, 0.0]  Order: [12.28, 12.11, 11.92] Demand: [13.08]
Reward for thread 5: [-11.69, -17.28, -19.4] -16.12  Inventory: [7.0, 20.0, 43.0]  Order: [6.7, 6.56, 6.52] Demand: [6.915]

 Algo happo Exp ippo_seed11_formal_v1 updates 622/3000 episodes, total num timesteps 623000/3000000, FPS 117.

Reward for thread 1: [-12.54, -17.84, -19.91] -16.76  Inventory: [8.0, 2.0, 9.0]  Order: [8.48, 8.39, 8.28] Demand: [8.63]
Reward for thread 2: [-17.48, -21.38, -20.77] -19.88  Inventory: [21.0, 56.0, 66.0]  Order: [10.01, 10.07, 10.17] Demand: [10.05]
Reward for thread 3: [-25.62, -30.95, -26.37] -27.65  Inventory: [15.0, 44.0, 55.0]  Order: [11.59, 11.62, 11.65] Demand: [11.63]
Reward for thread 4: [-12.02, -18.37, -20.05] -16.81  Inventory: [6.0, 23.0, 21.0]  Order: [6.2, 6.08, 6.02] Demand: [6.38]
Reward for thread 5: [-75.03, -42.73, -31.36] -49.71  Inventory: [0.0, 0.0, 5.0]  Order: [13.94, 13.71, 13.76] Demand: [14.13]

 Algo happo Exp ippo_seed11_formal_v1 updates 623/3000 episodes, total num timesteps 624000/3000000, FPS 117.

Reward for thread 1: [-31.74, -26.27, -23.31] -27.11  Inventory: [0.0, 1.0, 0.0]  Order: [13.08, 13.26, 13.32] Demand: [13.555]
Reward for thread 2: [-26.06, -20.58, -18.92] -21.85  Inventory: [4.0, 36.0, 21.0]  Order: [11.42, 11.5, 11.54] Demand: [11.53]
Reward for thread 3: [-23.16, -25.81, -22.82] -23.93  Inventory: [0.0, 0.0, 0.0]  Order: [12.32, 11.99, 12.05] Demand: [11.96]
Reward for thread 4: [-13.99, -19.33, -18.8] -17.37  Inventory: [22.0, 24.0, 13.0]  Order: [8.68, 8.65, 8.55] Demand: [8.815]
Reward for thread 5: [-16.6, -19.82, -19.95] -18.79  Inventory: [4.0, 21.0, 54.0]  Order: [10.18, 10.07, 10.1] Demand: [10.285]

 Algo happo Exp ippo_seed11_formal_v1 updates 624/3000 episodes, total num timesteps 625000/3000000, FPS 117.

Reward for thread 1: [-27.47, -21.17, -21.78] -23.47  Inventory: [0.0, 0.0, 0.0]  Order: [11.12, 11.11, 10.97] Demand: [11.17]
Reward for thread 2: [-11.49, -18.06, -17.47] -15.67  Inventory: [23.0, 42.0, 12.0]  Order: [7.81, 7.94, 7.84] Demand: [7.9]
Reward for thread 3: [-10.73, -16.94, -18.82] -15.5  Inventory: [0.0, 18.0, 9.0]  Order: [4.09, 4.0, 3.8] Demand: [4.245]
Reward for thread 4: [-31.1, -29.83, -24.02] -28.32  Inventory: [0.0, 0.0, 0.0]  Order: [12.5, 12.08, 12.14] Demand: [12.57]
Reward for thread 5: [-86.11, -31.07, -28.7] -48.63  Inventory: [0.0, 0.0, 10.0]  Order: [15.17, 15.24, 15.36] Demand: [16.335]

Eval average reward:  -20.897166666666664  Eval ordering fluctuation measurement (downstream to upstream):  [0.7132594881562642, 1.0009771091675557, 1.0987734923760997]

 Algo happo Exp ippo_seed11_formal_v1 updates 625/3000 episodes, total num timesteps 626000/3000000, FPS 117.

Reward for thread 1: [-11.05, -17.72, -18.93] -15.9  Inventory: [0.0, 0.0, 14.0]  Order: [4.54, 4.34, 4.17] Demand: [4.645]
Reward for thread 2: [-12.73, -18.68, -20.56] -17.32  Inventory: [2.0, 47.0, 46.0]  Order: [7.0, 6.99, 6.97] Demand: [7.16]
Reward for thread 3: [-16.93, -24.72, -22.87] -21.51  Inventory: [5.0, 9.0, 0.0]  Order: [7.38, 7.34, 7.16] Demand: [7.48]
Reward for thread 4: [-34.2, -27.49, -27.58] -29.76  Inventory: [0.0, 15.0, 25.0]  Order: [9.35, 9.23, 9.13] Demand: [9.535]
Reward for thread 5: [-25.52, -19.58, -17.26] -20.79  Inventory: [0.0, 32.0, 31.0]  Order: [13.57, 13.56, 13.49] Demand: [13.63]

 Algo happo Exp ippo_seed11_formal_v1 updates 626/3000 episodes, total num timesteps 627000/3000000, FPS 117.

Reward for thread 1: [-15.88, -20.42, -21.77] -19.36  Inventory: [0.0, 0.0, 14.0]  Order: [9.28, 9.36, 9.46] Demand: [9.53]
Reward for thread 2: [-27.18, -32.08, -28.47] -29.24  Inventory: [0.0, 33.0, 37.0]  Order: [9.34, 9.26, 9.2] Demand: [9.46]
Reward for thread 3: [-11.09, -17.04, -18.31] -15.48  Inventory: [0.0, 20.0, 29.0]  Order: [2.3, 2.16, 2.06] Demand: [2.505]
Reward for thread 4: [-32.9, -27.19, -23.21] -27.77  Inventory: [0.0, 0.0, 0.0]  Order: [13.76, 13.87, 13.92] Demand: [14.395]
Reward for thread 5: [-34.44, -22.9, -21.25] -26.2  Inventory: [6.0, 22.0, 70.0]  Order: [12.54, 12.4, 12.5] Demand: [12.665]

 Algo happo Exp ippo_seed11_formal_v1 updates 627/3000 episodes, total num timesteps 628000/3000000, FPS 117.

Reward for thread 1: [-16.69, -21.92, -21.83] -20.15  Inventory: [5.0, 17.0, 19.0]  Order: [8.77, 8.61, 8.49] Demand: [8.96]
Reward for thread 2: [-9.28, -17.12, -16.48] -14.29  Inventory: [13.0, 26.0, 8.0]  Order: [3.18, 3.18, 3.12] Demand: [3.27]
Reward for thread 3: [-14.78, -22.55, -22.28] -19.87  Inventory: [5.0, 21.0, 27.0]  Order: [7.14, 7.11, 7.02] Demand: [7.28]
Reward for thread 4: [-65.76, -32.79, -29.65] -42.73  Inventory: [0.0, 0.0, 0.0]  Order: [13.01, 13.08, 13.15] Demand: [14.195]
Reward for thread 5: [-12.03, -18.72, -19.65] -16.8  Inventory: [5.0, 29.0, 10.0]  Order: [5.57, 5.48, 5.28] Demand: [5.79]

 Algo happo Exp ippo_seed11_formal_v1 updates 628/3000 episodes, total num timesteps 629000/3000000, FPS 117.

Reward for thread 1: [-12.54, -18.04, -21.54] -17.37  Inventory: [15.0, 16.0, 26.0]  Order: [6.24, 6.1, 5.98] Demand: [6.4]
Reward for thread 2: [-12.8, -20.74, -21.52] -18.35  Inventory: [7.0, 7.0, 35.0]  Order: [3.5, 3.3, 3.22] Demand: [3.715]
Reward for thread 3: [-13.04, -21.82, -22.61] -19.16  Inventory: [18.0, 33.0, 34.0]  Order: [3.72, 3.67, 3.59] Demand: [3.865]
Reward for thread 4: [-25.27, -23.89, -24.05] -24.4  Inventory: [2.0, 32.0, 20.0]  Order: [10.51, 10.44, 10.44] Demand: [10.615]
Reward for thread 5: [-12.53, -18.46, -19.86] -16.95  Inventory: [0.0, 23.0, 15.0]  Order: [7.22, 7.29, 7.25] Demand: [7.26]

 Algo happo Exp ippo_seed11_formal_v1 updates 629/3000 episodes, total num timesteps 630000/3000000, FPS 117.

Reward for thread 1: [-19.47, -22.83, -22.62] -21.64  Inventory: [0.0, 8.0, 6.0]  Order: [9.8, 9.78, 9.59] Demand: [9.925]
Reward for thread 2: [-25.96, -22.82, -22.27] -23.68  Inventory: [21.0, 45.0, 36.0]  Order: [12.22, 12.24, 12.28] Demand: [12.295]
Reward for thread 3: [-54.97, -25.75, -23.54] -34.75  Inventory: [0.0, 0.0, 7.0]  Order: [13.33, 13.42, 13.5] Demand: [14.445]
Reward for thread 4: [-16.03, -23.57, -23.34] -20.98  Inventory: [0.0, 19.0, 32.0]  Order: [7.4, 7.36, 7.27] Demand: [7.415]
Reward for thread 5: [-16.75, -20.46, -20.73] -19.31  Inventory: [10.0, 17.0, 39.0]  Order: [11.6, 11.58, 11.53] Demand: [11.705]

Eval average reward:  -20.8445  Eval ordering fluctuation measurement (downstream to upstream):  [0.7473417867218299, 1.018843359402792, 1.1126653537832882]

 Algo happo Exp ippo_seed11_formal_v1 updates 630/3000 episodes, total num timesteps 631000/3000000, FPS 117.

Reward for thread 1: [-15.11, -22.01, -21.41] -19.51  Inventory: [15.0, 85.0, 34.0]  Order: [5.4, 5.58, 5.5] Demand: [5.56]
Reward for thread 2: [-18.59, -19.65, -20.24] -19.49  Inventory: [11.0, 20.0, 17.0]  Order: [12.74, 12.78, 12.7] Demand: [12.73]
Reward for thread 3: [-11.61, -16.91, -17.44] -15.32  Inventory: [5.0, 9.0, 14.0]  Order: [6.86, 6.7, 6.55] Demand: [7.075]
Reward for thread 4: [-11.33, -17.15, -18.11] -15.53  Inventory: [6.0, 20.0, 20.0]  Order: [2.86, 2.72, 2.58] Demand: [3.08]
Reward for thread 5: [-30.93, -30.25, -28.0] -29.73  Inventory: [6.0, 87.0, 62.0]  Order: [10.01, 10.2, 10.29] Demand: [10.18]

 Algo happo Exp ippo_seed11_formal_v1 updates 631/3000 episodes, total num timesteps 632000/3000000, FPS 117.

Reward for thread 1: [-9.95, -15.51, -18.69] -14.72  Inventory: [0.0, 39.0, 41.0]  Order: [2.37, 2.32, 2.33] Demand: [2.6]
Reward for thread 2: [-12.35, -19.58, -23.79] -18.57  Inventory: [4.0, 15.0, 50.0]  Order: [3.16, 3.0, 3.0] Demand: [3.36]
Reward for thread 3: [-12.85, -19.83, -19.35] -17.34  Inventory: [0.0, 23.0, 0.0]  Order: [7.84, 7.83, 7.78] Demand: [7.915]
Reward for thread 4: [-16.07, -20.58, -20.52] -19.06  Inventory: [4.0, 50.0, 28.0]  Order: [9.83, 9.87, 9.9] Demand: [9.97]
Reward for thread 5: [-13.72, -22.04, -24.72] -20.16  Inventory: [4.0, 23.0, 34.0]  Order: [5.32, 5.23, 5.22] Demand: [5.525]

 Algo happo Exp ippo_seed11_formal_v1 updates 632/3000 episodes, total num timesteps 633000/3000000, FPS 117.

Reward for thread 1: [-9.27, -15.22, -18.27] -14.25  Inventory: [12.0, 7.0, 0.0]  Order: [2.98, 2.86, 2.7] Demand: [3.14]
Reward for thread 2: [-18.23, -25.34, -23.95] -22.51  Inventory: [0.0, 33.0, 48.0]  Order: [9.02, 8.96, 8.96] Demand: [9.09]
Reward for thread 3: [-11.76, -17.4, -17.61] -15.59  Inventory: [10.0, 0.0, 0.0]  Order: [7.09, 7.08, 7.1] Demand: [7.12]
Reward for thread 4: [-120.7, -108.17, -68.53] -99.13  Inventory: [0.0, 0.0, 0.0]  Order: [15.09, 14.32, 13.99] Demand: [15.79]
Reward for thread 5: [-109.15, -90.62, -60.33] -86.7  Inventory: [3.0, 60.0, 53.0]  Order: [12.55, 12.6, 12.62] Demand: [12.7]

 Algo happo Exp ippo_seed11_formal_v1 updates 633/3000 episodes, total num timesteps 634000/3000000, FPS 117.

Reward for thread 1: [-24.19, -27.08, -24.17] -25.15  Inventory: [0.0, 19.0, 0.0]  Order: [11.24, 11.45, 11.48] Demand: [11.39]
Reward for thread 2: [-11.33, -17.87, -18.59] -15.93  Inventory: [3.0, 4.0, 12.0]  Order: [7.64, 7.56, 7.42] Demand: [7.715]
Reward for thread 3: [-20.0, -24.94, -22.3] -22.41  Inventory: [22.0, 49.0, 18.0]  Order: [12.99, 13.21, 13.33] Demand: [12.96]
Reward for thread 4: [-25.26, -26.11, -23.52] -24.96  Inventory: [0.0, 0.0, 0.0]  Order: [10.54, 10.53, 10.44] Demand: [10.51]
Reward for thread 5: [-13.92, -21.77, -18.39] -18.03  Inventory: [7.0, 22.0, 33.0]  Order: [7.19, 7.05, 6.96] Demand: [7.37]

 Algo happo Exp ippo_seed11_formal_v1 updates 634/3000 episodes, total num timesteps 635000/3000000, FPS 117.

Reward for thread 1: [-13.02, -18.99, -19.13] -17.05  Inventory: [32.0, 19.0, 17.0]  Order: [2.79, 2.64, 2.5] Demand: [2.87]
Reward for thread 2: [-11.84, -17.96, -19.56] -16.45  Inventory: [0.0, 8.0, 0.0]  Order: [7.6, 7.63, 7.56] Demand: [7.7]
Reward for thread 3: [-11.11, -18.55, -20.13] -16.6  Inventory: [1.0, 10.0, 27.0]  Order: [5.28, 5.13, 5.03] Demand: [5.465]
Reward for thread 4: [-55.85, -26.86, -26.13] -36.28  Inventory: [0.0, 0.0, 0.0]  Order: [15.01, 15.24, 15.24] Demand: [16.225]
Reward for thread 5: [-19.49, -24.18, -25.89] -23.19  Inventory: [0.0, 0.0, 0.0]  Order: [9.44, 9.56, 9.38] Demand: [9.45]

Eval average reward:  -22.44633333333333  Eval ordering fluctuation measurement (downstream to upstream):  [0.7312420650870365, 0.9883072283878811, 1.1030508832053165]

 Algo happo Exp ippo_seed11_formal_v1 updates 635/3000 episodes, total num timesteps 636000/3000000, FPS 117.

Reward for thread 1: [-11.17, -15.03, -15.93] -14.04  Inventory: [0.0, 0.0, 0.0]  Order: [7.95, 8.06, 8.07] Demand: [8.025]
Reward for thread 2: [-12.1, -18.17, -18.28] -16.18  Inventory: [6.0, 25.0, 26.0]  Order: [8.28, 8.31, 8.36] Demand: [8.355]
Reward for thread 3: [-11.0, -15.64, -16.2] -14.28  Inventory: [0.0, 11.0, 19.0]  Order: [6.88, 6.77, 6.67] Demand: [6.995]
Reward for thread 4: [-130.44, -96.82, -55.85] -94.37  Inventory: [0.0, 0.0, 5.0]  Order: [15.16, 14.31, 14.44] Demand: [14.51]
Reward for thread 5: [-13.07, -21.15, -23.24] -19.15  Inventory: [3.0, 14.0, 40.0]  Order: [4.44, 4.27, 4.22] Demand: [4.66]

 Algo happo Exp ippo_seed11_formal_v1 updates 636/3000 episodes, total num timesteps 637000/3000000, FPS 117.

Reward for thread 1: [-55.67, -35.82, -36.4] -42.63  Inventory: [0.0, 0.0, 0.0]  Order: [12.88, 13.18, 12.92] Demand: [13.83]
Reward for thread 2: [-92.75, -42.87, -63.77] -66.46  Inventory: [21.0, 106.0, 40.0]  Order: [15.71, 16.03, 16.0] Demand: [15.8]
Reward for thread 3: [-55.98, -26.55, -26.13] -36.22  Inventory: [0.0, 1.0, 0.0]  Order: [16.52, 16.65, 16.73] Demand: [17.15]
Reward for thread 4: [-20.77, -26.45, -35.68] -27.63  Inventory: [0.0, 17.0, 33.0]  Order: [5.22, 5.08, 5.0] Demand: [5.455]
Reward for thread 5: [-13.62, -23.36, -23.41] -20.13  Inventory: [0.0, 4.0, 1.0]  Order: [6.01, 6.09, 6.02] Demand: [6.025]

 Algo happo Exp ippo_seed11_formal_v1 updates 637/3000 episodes, total num timesteps 638000/3000000, FPS 117.

Reward for thread 1: [-123.72, -101.31, -53.7] -92.91  Inventory: [0.0, 0.0, 0.0]  Order: [15.61, 14.16, 14.2] Demand: [15.115]
Reward for thread 2: [-20.43, -21.36, -19.86] -20.55  Inventory: [0.0, 0.0, 0.0]  Order: [11.56, 11.58, 11.52] Demand: [11.62]
Reward for thread 3: [-9.25, -15.23, -18.38] -14.29  Inventory: [2.0, 10.0, 10.0]  Order: [2.9, 2.72, 2.56] Demand: [3.115]
Reward for thread 4: [-17.44, -21.52, -20.71] -19.89  Inventory: [0.0, 16.0, 1.0]  Order: [9.74, 9.76, 9.78] Demand: [9.92]
Reward for thread 5: [-19.21, -24.34, -23.23] -22.26  Inventory: [1.0, 42.0, 45.0]  Order: [8.52, 8.51, 8.48] Demand: [8.665]

 Algo happo Exp ippo_seed11_formal_v1 updates 638/3000 episodes, total num timesteps 639000/3000000, FPS 117.

Reward for thread 1: [-11.7, -18.47, -19.75] -16.64  Inventory: [0.0, 11.0, 0.0]  Order: [5.36, 5.28, 5.17] Demand: [5.485]
Reward for thread 2: [-12.32, -19.67, -18.68] -16.89  Inventory: [4.0, 18.0, 16.0]  Order: [6.72, 6.75, 6.79] Demand: [6.795]
Reward for thread 3: [-13.31, -17.43, -16.72] -15.82  Inventory: [6.0, 0.0, 0.0]  Order: [11.11, 11.12, 11.04] Demand: [11.05]
Reward for thread 4: [-14.12, -16.7, -16.03] -15.62  Inventory: [0.0, 0.0, 0.0]  Order: [12.51, 12.59, 12.6] Demand: [12.47]
Reward for thread 5: [-10.39, -16.19, -20.44] -15.67  Inventory: [1.0, 0.0, 28.0]  Order: [5.08, 4.84, 4.72] Demand: [5.245]

 Algo happo Exp ippo_seed11_formal_v1 updates 639/3000 episodes, total num timesteps 640000/3000000, FPS 117.

Reward for thread 1: [-9.68, -15.4, -16.57] -13.88  Inventory: [8.0, 8.0, 24.0]  Order: [1.79, 1.58, 1.45] Demand: [1.98]
Reward for thread 2: [-10.75, -16.95, -18.32] -15.34  Inventory: [6.0, 32.0, 41.0]  Order: [5.14, 5.06, 5.01] Demand: [5.345]
Reward for thread 3: [-24.55, -18.91, -19.03] -20.83  Inventory: [0.0, 0.0, 0.0]  Order: [12.63, 12.8, 12.76] Demand: [13.19]
Reward for thread 4: [-28.55, -30.06, -30.33] -29.65  Inventory: [0.0, 0.0, 0.0]  Order: [11.86, 12.08, 11.94] Demand: [12.165]
Reward for thread 5: [-123.83, -51.5, -62.98] -79.44  Inventory: [0.0, 0.0, 0.0]  Order: [15.99, 16.46, 16.18] Demand: [16.92]

Eval average reward:  -21.836916666666664  Eval ordering fluctuation measurement (downstream to upstream):  [0.7063036474675155, 0.9655660839654961, 1.1096513231615546]

 Algo happo Exp ippo_seed11_formal_v1 updates 640/3000 episodes, total num timesteps 641000/3000000, FPS 117.

Reward for thread 1: [-22.9, -26.87, -26.14] -25.3  Inventory: [0.0, 0.0, 0.0]  Order: [11.74, 11.79, 11.78] Demand: [11.86]
Reward for thread 2: [-12.25, -19.41, -21.38] -17.68  Inventory: [0.0, 14.0, 1.0]  Order: [3.71, 3.62, 3.54] Demand: [3.9]
Reward for thread 3: [-12.89, -19.13, -18.14] -16.72  Inventory: [2.0, 18.0, 34.0]  Order: [7.82, 7.68, 7.6] Demand: [8.]
Reward for thread 4: [-34.15, -29.97, -29.38] -31.17  Inventory: [2.0, 0.0, 0.0]  Order: [11.18, 11.18, 11.09] Demand: [11.205]
Reward for thread 5: [-10.76, -17.4, -18.07] -15.41  Inventory: [11.0, 40.0, 7.0]  Order: [5.0, 5.0, 5.05] Demand: [5.115]

 Algo happo Exp ippo_seed11_formal_v1 updates 641/3000 episodes, total num timesteps 642000/3000000, FPS 117.

Reward for thread 1: [-53.83, -28.33, -38.69] -40.28  Inventory: [0.0, 7.0, 0.0]  Order: [15.87, 16.45, 16.14] Demand: [16.43]
Reward for thread 2: [-20.64, -27.75, -24.67] -24.35  Inventory: [12.0, 13.0, 7.0]  Order: [7.06, 7.08, 7.11] Demand: [7.16]
Reward for thread 3: [-15.69, -24.26, -26.24] -22.06  Inventory: [2.0, 20.0, 51.0]  Order: [7.12, 6.98, 6.98] Demand: [7.345]
Reward for thread 4: [-19.58, -28.02, -25.82] -24.47  Inventory: [16.0, 46.0, 51.0]  Order: [8.7, 8.68, 8.69] Demand: [8.77]
Reward for thread 5: [-28.46, -32.88, -28.77] -30.04  Inventory: [0.0, 0.0, 0.0]  Order: [11.34, 11.45, 11.28] Demand: [11.61]

 Algo happo Exp ippo_seed11_formal_v1 updates 642/3000 episodes, total num timesteps 643000/3000000, FPS 117.

Reward for thread 1: [-14.47, -16.94, -16.23] -15.88  Inventory: [2.0, 0.0, 6.0]  Order: [9.22, 9.28, 9.26] Demand: [9.285]
Reward for thread 2: [-52.08, -29.15, -31.47] -37.57  Inventory: [0.0, 0.0, 0.0]  Order: [16.62, 16.82, 16.71] Demand: [16.57]
Reward for thread 3: [-15.87, -19.52, -19.39] -18.26  Inventory: [0.0, 16.0, 5.0]  Order: [10.09, 10.24, 10.31] Demand: [10.235]
Reward for thread 4: [-37.01, -25.6, -31.39] -31.33  Inventory: [0.0, 0.0, 0.0]  Order: [13.14, 13.58, 13.28] Demand: [13.84]
Reward for thread 5: [-16.61, -21.33, -20.18] -19.37  Inventory: [0.0, 52.0, 43.0]  Order: [10.22, 10.23, 10.2] Demand: [10.285]

 Algo happo Exp ippo_seed11_formal_v1 updates 643/3000 episodes, total num timesteps 644000/3000000, FPS 117.

Reward for thread 1: [-11.29, -15.7, -15.83] -14.27  Inventory: [0.0, 0.0, 0.0]  Order: [7.54, 7.52, 7.48] Demand: [7.58]
Reward for thread 2: [-15.26, -16.37, -17.06] -16.23  Inventory: [0.0, 5.0, 0.0]  Order: [9.91, 10.02, 9.95] Demand: [9.945]
Reward for thread 3: [-18.09, -17.37, -18.6] -18.02  Inventory: [0.0, 0.0, 0.0]  Order: [13.2, 13.36, 13.31] Demand: [13.405]
Reward for thread 4: [-33.56, -25.28, -22.02] -26.95  Inventory: [0.0, 0.0, 0.0]  Order: [11.2, 11.36, 11.42] Demand: [11.825]
Reward for thread 5: [-15.68, -25.33, -24.53] -21.85  Inventory: [1.0, 16.0, 28.0]  Order: [7.02, 6.89, 6.8] Demand: [7.2]

 Algo happo Exp ippo_seed11_formal_v1 updates 644/3000 episodes, total num timesteps 645000/3000000, FPS 117.

Reward for thread 1: [-12.58, -22.41, -21.44] -18.81  Inventory: [1.0, 25.0, 12.0]  Order: [4.0, 3.9, 3.75] Demand: [4.22]
Reward for thread 2: [-54.84, -32.06, -35.29] -40.73  Inventory: [0.0, 0.0, 3.0]  Order: [13.66, 13.67, 13.7] Demand: [13.74]
Reward for thread 3: [-29.1, -21.16, -21.34] -23.87  Inventory: [0.0, 0.0, 0.0]  Order: [13.4, 13.61, 13.53] Demand: [13.865]
Reward for thread 4: [-10.76, -17.91, -16.72] -15.13  Inventory: [10.0, 18.0, 28.0]  Order: [3.68, 3.53, 3.42] Demand: [3.835]
Reward for thread 5: [-52.79, -28.07, -23.58] -34.81  Inventory: [0.0, 4.0, 1.0]  Order: [14.68, 14.78, 14.92] Demand: [15.565]

Eval average reward:  -20.35033333333333  Eval ordering fluctuation measurement (downstream to upstream):  [0.6838005088327321, 0.9474906906000966, 1.1533953618029351]

 Algo happo Exp ippo_seed11_formal_v1 updates 645/3000 episodes, total num timesteps 646000/3000000, FPS 117.

Reward for thread 1: [-16.52, -22.24, -20.87] -19.88  Inventory: [0.0, 5.0, 2.0]  Order: [9.4, 9.39, 9.21] Demand: [9.465]
Reward for thread 2: [-31.67, -31.09, -29.8] -30.85  Inventory: [0.0, 3.0, 0.0]  Order: [12.56, 12.87, 12.82] Demand: [12.675]
Reward for thread 3: [-9.55, -15.0, -17.93] -14.16  Inventory: [1.0, 3.0, 15.0]  Order: [3.47, 3.3, 3.13] Demand: [3.63]
Reward for thread 4: [-27.08, -20.69, -21.32] -23.03  Inventory: [0.0, 13.0, 0.0]  Order: [12.67, 12.99, 12.96] Demand: [13.155]
Reward for thread 5: [-14.01, -24.13, -26.58] -21.57  Inventory: [11.0, 38.0, 49.0]  Order: [3.05, 3.0, 3.02] Demand: [3.175]

 Algo happo Exp ippo_seed11_formal_v1 updates 646/3000 episodes, total num timesteps 647000/3000000, FPS 117.

Reward for thread 1: [-14.39, -17.83, -17.91] -16.71  Inventory: [0.0, 0.0, 0.0]  Order: [8.48, 8.43, 8.41] Demand: [8.675]
Reward for thread 2: [-23.88, -26.28, -21.08] -23.75  Inventory: [0.0, 13.0, 21.0]  Order: [9.6, 9.46, 9.32] Demand: [9.775]
Reward for thread 3: [-12.33, -16.26, -16.66] -15.08  Inventory: [2.0, 14.0, 10.0]  Order: [6.49, 6.35, 6.16] Demand: [6.695]
Reward for thread 4: [-11.48, -18.19, -18.85] -16.17  Inventory: [5.0, 32.0, 29.0]  Order: [7.76, 7.71, 7.6] Demand: [7.97]
Reward for thread 5: [-32.37, -27.36, -23.74] -27.82  Inventory: [3.0, 0.0, 0.0]  Order: [13.31, 13.25, 13.24] Demand: [13.12]

 Algo happo Exp ippo_seed11_formal_v1 updates 647/3000 episodes, total num timesteps 648000/3000000, FPS 117.

Reward for thread 1: [-29.44, -24.61, -26.43] -26.83  Inventory: [7.0, 37.0, 52.0]  Order: [11.42, 11.38, 11.42] Demand: [11.545]
Reward for thread 2: [-71.02, -27.95, -27.4] -42.12  Inventory: [0.0, 0.0, 0.0]  Order: [14.02, 14.14, 14.23] Demand: [15.24]
Reward for thread 3: [-14.98, -22.16, -23.4] -20.18  Inventory: [3.0, 34.0, 35.0]  Order: [6.69, 6.73, 6.69] Demand: [6.825]
Reward for thread 4: [-73.14, -30.21, -33.83] -45.73  Inventory: [8.0, 45.0, 33.0]  Order: [16.17, 16.23, 16.18] Demand: [16.235]
Reward for thread 5: [-11.15, -18.68, -17.47] -15.77  Inventory: [2.0, 21.0, 15.0]  Order: [5.34, 5.22, 5.06] Demand: [5.555]

 Algo happo Exp ippo_seed11_formal_v1 updates 648/3000 episodes, total num timesteps 649000/3000000, FPS 117.

Reward for thread 1: [-11.18, -16.16, -18.5] -15.28  Inventory: [0.0, 2.0, 7.0]  Order: [6.44, 6.35, 6.26] Demand: [6.575]
Reward for thread 2: [-10.47, -16.4, -17.23] -14.7  Inventory: [4.0, 56.0, 61.0]  Order: [4.64, 4.72, 4.77] Demand: [4.775]
Reward for thread 3: [-10.3, -17.0, -18.9] -15.4  Inventory: [0.0, 19.0, 0.0]  Order: [5.12, 5.06, 4.88] Demand: [5.255]
Reward for thread 4: [-14.92, -20.95, -20.22] -18.7  Inventory: [0.0, 11.0, 9.0]  Order: [8.98, 9.12, 9.23] Demand: [8.94]
Reward for thread 5: [-8.81, -13.75, -15.79] -12.78  Inventory: [0.0, 15.0, 20.0]  Order: [3.08, 2.93, 2.79] Demand: [3.24]

 Algo happo Exp ippo_seed11_formal_v1 updates 649/3000 episodes, total num timesteps 650000/3000000, FPS 117.

Reward for thread 1: [-47.7, -31.31, -31.01] -36.67  Inventory: [0.0, 20.0, 8.0]  Order: [13.3, 13.4, 13.4] Demand: [14.205]
Reward for thread 2: [-10.67, -16.84, -17.93] -15.15  Inventory: [0.0, 0.0, 0.0]  Order: [6.6, 6.5, 6.45] Demand: [6.58]
Reward for thread 3: [-12.27, -18.5, -20.2] -16.99  Inventory: [0.0, 15.0, 19.0]  Order: [5.56, 5.52, 5.36] Demand: [5.665]
Reward for thread 4: [-13.6, -20.35, -19.27] -17.74  Inventory: [0.0, 0.0, 0.0]  Order: [5.66, 5.43, 5.3] Demand: [5.73]
Reward for thread 5: [-32.38, -45.04, -24.6] -34.01  Inventory: [0.0, 8.0, 7.0]  Order: [12.18, 12.17, 12.06] Demand: [12.32]

Eval average reward:  -23.6455  Eval ordering fluctuation measurement (downstream to upstream):  [0.7593254947307413, 0.9970445886079362, 1.159223633649829]

 Algo happo Exp ippo_seed11_formal_v1 updates 650/3000 episodes, total num timesteps 651000/3000000, FPS 117.

Reward for thread 1: [-10.18, -15.75, -17.49] -14.47  Inventory: [10.0, 24.0, 10.0]  Order: [4.87, 4.74, 4.54] Demand: [5.065]
Reward for thread 2: [-9.4, -14.64, -16.95] -13.66  Inventory: [3.0, 19.0, 45.0]  Order: [6.08, 5.96, 5.94] Demand: [6.245]
Reward for thread 3: [-10.13, -15.78, -17.37] -14.43  Inventory: [4.0, 0.0, 0.0]  Order: [6.89, 6.89, 6.86] Demand: [6.81]
Reward for thread 4: [-21.77, -24.55, -22.03] -22.78  Inventory: [11.0, 14.0, 22.0]  Order: [10.42, 10.36, 10.42] Demand: [10.435]
Reward for thread 5: [-87.65, -38.85, -44.14] -56.88  Inventory: [0.0, 0.0, 0.0]  Order: [14.64, 14.77, 14.72] Demand: [16.19]

 Algo happo Exp ippo_seed11_formal_v1 updates 651/3000 episodes, total num timesteps 652000/3000000, FPS 117.

Reward for thread 1: [-78.4, -30.32, -28.82] -45.85  Inventory: [0.0, 0.0, 0.0]  Order: [15.46, 15.53, 15.54] Demand: [16.45]
Reward for thread 2: [-20.99, -27.43, -27.59] -25.34  Inventory: [4.0, 20.0, 26.0]  Order: [4.54, 4.42, 4.32] Demand: [4.74]
Reward for thread 3: [-22.6, -21.53, -21.27] -21.8  Inventory: [11.0, 19.0, 39.0]  Order: [11.15, 11.18, 11.28] Demand: [11.225]
Reward for thread 4: [-38.88, -28.25, -33.38] -33.5  Inventory: [0.0, 1.0, 0.0]  Order: [13.24, 13.29, 13.14] Demand: [13.3]
Reward for thread 5: [-22.38, -16.19, -18.01] -18.86  Inventory: [0.0, 0.0, 0.0]  Order: [14.31, 14.48, 14.5] Demand: [14.54]

 Algo happo Exp ippo_seed11_formal_v1 updates 652/3000 episodes, total num timesteps 653000/3000000, FPS 117.

Reward for thread 1: [-43.83, -25.15, -25.2] -31.39  Inventory: [0.0, 0.0, 3.0]  Order: [14.1, 14.18, 14.32] Demand: [14.145]
Reward for thread 2: [-9.96, -18.92, -16.81] -15.23  Inventory: [0.0, 38.0, 9.0]  Order: [1.98, 1.94, 1.78] Demand: [2.215]
Reward for thread 3: [-32.2, -26.38, -25.87] -28.15  Inventory: [0.0, 0.0, 0.0]  Order: [13.26, 13.26, 13.32] Demand: [13.265]
Reward for thread 4: [-15.82, -22.53, -20.33] -19.56  Inventory: [15.0, 73.0, 17.0]  Order: [4.64, 4.78, 4.62] Demand: [4.82]
Reward for thread 5: [-53.63, -32.23, -33.3] -39.72  Inventory: [0.0, 28.0, 41.0]  Order: [15.46, 15.41, 15.38] Demand: [15.49]

 Algo happo Exp ippo_seed11_formal_v1 updates 653/3000 episodes, total num timesteps 654000/3000000, FPS 117.

Reward for thread 1: [-32.68, -28.16, -30.19] -30.34  Inventory: [0.0, 0.0, 0.0]  Order: [11.94, 12.34, 12.18] Demand: [11.9]
Reward for thread 2: [-25.28, -26.57, -24.35] -25.4  Inventory: [28.0, 32.0, 22.0]  Order: [12.0, 12.05, 12.13] Demand: [12.045]
Reward for thread 3: [-13.74, -18.99, -21.18] -17.97  Inventory: [0.0, 0.0, 0.0]  Order: [7.02, 6.85, 6.86] Demand: [6.975]
Reward for thread 4: [-14.68, -27.88, -23.81] -22.12  Inventory: [12.0, 5.0, 9.0]  Order: [3.15, 3.01, 2.92] Demand: [3.315]
Reward for thread 5: [-72.54, -35.18, -37.85] -48.52  Inventory: [0.0, 10.0, 0.0]  Order: [15.6, 15.86, 15.82] Demand: [16.55]

 Algo happo Exp ippo_seed11_formal_v1 updates 654/3000 episodes, total num timesteps 655000/3000000, FPS 117.

Reward for thread 1: [-12.62, -16.57, -17.34] -15.51  Inventory: [8.0, 12.0, 24.0]  Order: [6.99, 6.84, 6.78] Demand: [7.12]
Reward for thread 2: [-13.01, -17.15, -19.18] -16.45  Inventory: [3.0, 30.0, 1.0]  Order: [8.93, 8.98, 8.94] Demand: [9.]
Reward for thread 3: [-15.02, -17.91, -18.84] -17.26  Inventory: [1.0, 19.0, 9.0]  Order: [9.14, 9.11, 8.99] Demand: [9.205]
Reward for thread 4: [-9.95, -15.98, -18.58] -14.84  Inventory: [1.0, 15.0, 17.0]  Order: [3.72, 3.56, 3.41] Demand: [3.955]
Reward for thread 5: [-14.68, -20.33, -20.37] -18.46  Inventory: [0.0, 17.0, 41.0]  Order: [7.61, 7.49, 7.5] Demand: [7.715]

Eval average reward:  -22.33233333333333  Eval ordering fluctuation measurement (downstream to upstream):  [0.8133171766190614, 0.9719893915881593, 1.136387897445678]

 Algo happo Exp ippo_seed11_formal_v1 updates 655/3000 episodes, total num timesteps 656000/3000000, FPS 117.

Reward for thread 1: [-24.52, -23.86, -24.81] -24.4  Inventory: [0.0, 0.0, 0.0]  Order: [10.94, 11.16, 11.16] Demand: [11.205]
Reward for thread 2: [-26.52, -22.0, -21.41] -23.31  Inventory: [3.0, 26.0, 12.0]  Order: [10.02, 9.9, 9.71] Demand: [10.24]
Reward for thread 3: [-15.69, -23.78, -24.64] -21.37  Inventory: [18.0, 30.0, 27.0]  Order: [5.14, 5.07, 4.96] Demand: [5.28]
Reward for thread 4: [-10.74, -15.66, -18.66] -15.02  Inventory: [0.0, 0.0, 13.0]  Order: [5.2, 5.06, 5.08] Demand: [5.275]
Reward for thread 5: [-39.52, -26.43, -26.89] -30.95  Inventory: [0.0, 0.0, 5.0]  Order: [14.06, 13.98, 13.97] Demand: [14.02]

 Algo happo Exp ippo_seed11_formal_v1 updates 656/3000 episodes, total num timesteps 657000/3000000, FPS 117.

Reward for thread 1: [-10.25, -15.1, -17.6] -14.32  Inventory: [6.0, 26.0, 14.0]  Order: [3.52, 3.4, 3.26] Demand: [3.735]
Reward for thread 2: [-18.43, -22.53, -21.13] -20.7  Inventory: [4.0, 0.0, 0.0]  Order: [8.32, 8.19, 8.1] Demand: [8.335]
Reward for thread 3: [-10.74, -14.94, -16.98] -14.22  Inventory: [1.0, 3.0, 11.0]  Order: [5.5, 5.39, 5.28] Demand: [5.68]
Reward for thread 4: [-11.63, -17.63, -19.96] -16.41  Inventory: [2.0, 7.0, 0.0]  Order: [5.06, 5.01, 4.94] Demand: [5.235]
Reward for thread 5: [-13.08, -18.66, -20.78] -17.51  Inventory: [0.0, 0.0, 0.0]  Order: [7.39, 7.39, 7.27] Demand: [7.435]

 Algo happo Exp ippo_seed11_formal_v1 updates 657/3000 episodes, total num timesteps 658000/3000000, FPS 117.

Reward for thread 1: [-22.12, -22.19, -22.78] -22.36  Inventory: [0.0, 0.0, 0.0]  Order: [9.53, 9.68, 9.64] Demand: [9.7]
Reward for thread 2: [-12.27, -16.94, -17.91] -15.71  Inventory: [5.0, 18.0, 39.0]  Order: [6.28, 6.14, 6.1] Demand: [6.48]
Reward for thread 3: [-13.59, -18.33, -20.98] -17.63  Inventory: [9.0, 5.0, 0.0]  Order: [7.61, 7.5, 7.35] Demand: [7.8]
Reward for thread 4: [-57.16, -44.08, -32.28] -44.51  Inventory: [0.0, 0.0, 0.0]  Order: [14.75, 14.57, 14.59] Demand: [15.35]
Reward for thread 5: [-9.24, -14.93, -16.7] -13.62  Inventory: [0.0, 18.0, 21.0]  Order: [3.92, 3.78, 3.64] Demand: [4.15]

 Algo happo Exp ippo_seed11_formal_v1 updates 658/3000 episodes, total num timesteps 659000/3000000, FPS 117.

Reward for thread 1: [-48.91, -31.54, -31.05] -37.17  Inventory: [12.0, 30.0, 35.0]  Order: [13.81, 13.8, 13.74] Demand: [13.935]
Reward for thread 2: [-14.43, -22.18, -22.92] -19.84  Inventory: [0.0, 0.0, 29.0]  Order: [5.66, 5.59, 5.62] Demand: [5.635]
Reward for thread 3: [-40.35, -33.19, -25.36] -32.97  Inventory: [0.0, 12.0, 9.0]  Order: [9.64, 9.46, 9.28] Demand: [9.86]
Reward for thread 4: [-11.9, -25.02, -17.97] -18.3  Inventory: [13.0, 43.0, 18.0]  Order: [1.32, 1.3, 1.15] Demand: [1.505]
Reward for thread 5: [-15.67, -20.13, -20.53] -18.78  Inventory: [7.0, 33.0, 27.0]  Order: [9.14, 9.09, 8.98] Demand: [9.315]

 Algo happo Exp ippo_seed11_formal_v1 updates 659/3000 episodes, total num timesteps 660000/3000000, FPS 117.

Reward for thread 1: [-14.23, -20.21, -20.1] -18.18  Inventory: [52.0, 77.0, 32.0]  Order: [6.3, 6.44, 6.36] Demand: [6.26]
Reward for thread 2: [-28.26, -28.97, -27.08] -28.1  Inventory: [0.0, 0.0, 9.0]  Order: [11.5, 11.5, 11.54] Demand: [11.615]
Reward for thread 3: [-12.68, -19.54, -16.96] -16.39  Inventory: [19.0, 42.0, 10.0]  Order: [3.0, 2.96, 2.78] Demand: [3.15]
Reward for thread 4: [-16.06, -19.23, -21.96] -19.08  Inventory: [0.0, 0.0, 0.0]  Order: [8.1, 8.2, 8.19] Demand: [8.3]
Reward for thread 5: [-12.34, -16.21, -19.63] -16.06  Inventory: [5.0, 12.0, 6.0]  Order: [6.35, 6.23, 6.12] Demand: [6.525]

Eval average reward:  -25.011833333333332  Eval ordering fluctuation measurement (downstream to upstream):  [0.8218508400132288, 1.034663270802074, 1.1263800683263385]

 Algo happo Exp ippo_seed11_formal_v1 updates 660/3000 episodes, total num timesteps 661000/3000000, FPS 117.

Reward for thread 1: [-9.42, -14.45, -19.63] -14.5  Inventory: [4.0, 20.0, 17.0]  Order: [3.22, 3.1, 2.97] Demand: [3.42]
Reward for thread 2: [-17.96, -19.54, -21.49] -19.66  Inventory: [0.0, 0.0, 0.0]  Order: [10.26, 10.46, 10.34] Demand: [10.365]
Reward for thread 3: [-12.35, -19.23, -20.33] -17.3  Inventory: [13.0, 15.0, 16.0]  Order: [7.38, 7.3, 7.33] Demand: [7.48]
Reward for thread 4: [-21.25, -26.36, -23.22] -23.61  Inventory: [0.0, 0.0, 6.0]  Order: [7.87, 7.8, 7.94] Demand: [8.055]
Reward for thread 5: [-22.13, -22.86, -19.01] -21.33  Inventory: [3.0, 9.0, 39.0]  Order: [13.47, 13.44, 13.44] Demand: [13.525]

 Algo happo Exp ippo_seed11_formal_v1 updates 661/3000 episodes, total num timesteps 662000/3000000, FPS 117.

Reward for thread 1: [-10.49, -16.1, -18.15] -14.91  Inventory: [11.0, 23.0, 25.0]  Order: [2.24, 2.12, 2.02] Demand: [2.44]
Reward for thread 2: [-14.16, -20.25, -19.9] -18.1  Inventory: [26.0, 43.0, 13.0]  Order: [1.62, 1.6, 1.44] Demand: [1.74]
Reward for thread 3: [-11.6, -16.11, -18.58] -15.43  Inventory: [9.0, 17.0, 7.0]  Order: [5.72, 5.65, 5.59] Demand: [5.9]
Reward for thread 4: [-22.35, -21.25, -19.66] -21.09  Inventory: [0.0, 7.0, 17.0]  Order: [12.83, 12.83, 12.94] Demand: [12.805]
Reward for thread 5: [-11.8, -16.13, -18.58] -15.5  Inventory: [17.0, 39.0, 55.0]  Order: [4.29, 4.28, 4.32] Demand: [4.35]

 Algo happo Exp ippo_seed11_formal_v1 updates 662/3000 episodes, total num timesteps 663000/3000000, FPS 117.

Reward for thread 1: [-14.17, -21.14, -21.89] -19.07  Inventory: [4.0, 24.0, 56.0]  Order: [7.18, 7.06, 7.1] Demand: [7.38]
Reward for thread 2: [-36.85, -29.91, -23.5] -30.09  Inventory: [0.0, 0.0, 0.0]  Order: [12.8, 12.78, 12.78] Demand: [13.405]
Reward for thread 3: [-14.57, -19.32, -24.06] -19.32  Inventory: [0.0, 0.0, 0.0]  Order: [6.07, 5.96, 5.8] Demand: [6.19]
Reward for thread 4: [-17.53, -21.85, -22.12] -20.5  Inventory: [26.0, 25.0, 25.0]  Order: [8.54, 8.59, 8.62] Demand: [8.61]
Reward for thread 5: [-11.56, -18.43, -18.94] -16.31  Inventory: [0.0, 0.0, 5.0]  Order: [6.98, 6.9, 6.94] Demand: [6.915]

 Algo happo Exp ippo_seed11_formal_v1 updates 663/3000 episodes, total num timesteps 664000/3000000, FPS 117.

Reward for thread 1: [-47.79, -32.64, -35.3] -38.58  Inventory: [0.0, 12.0, 9.0]  Order: [14.12, 14.26, 14.34] Demand: [14.13]
Reward for thread 2: [-21.38, -28.47, -30.92] -26.92  Inventory: [11.0, 30.0, 47.0]  Order: [6.44, 6.38, 6.37] Demand: [6.5]
Reward for thread 3: [-9.52, -15.09, -14.31] -12.97  Inventory: [24.0, 18.0, 13.0]  Order: [2.66, 2.5, 2.35] Demand: [2.785]
Reward for thread 4: [-11.74, -17.33, -20.25] -16.44  Inventory: [13.0, 40.0, 35.0]  Order: [3.82, 3.78, 3.7] Demand: [4.]
Reward for thread 5: [-48.57, -31.95, -26.5] -35.67  Inventory: [0.0, 0.0, 0.0]  Order: [15.96, 15.84, 15.84] Demand: [16.34]

 Algo happo Exp ippo_seed11_formal_v1 updates 664/3000 episodes, total num timesteps 665000/3000000, FPS 117.

Reward for thread 1: [-11.24, -18.79, -21.21] -17.08  Inventory: [0.0, 13.0, 28.0]  Order: [4.15, 3.98, 3.87] Demand: [4.355]
Reward for thread 2: [-10.53, -16.17, -16.65] -14.45  Inventory: [0.0, 19.0, 18.0]  Order: [5.62, 5.58, 5.7] Demand: [5.72]
Reward for thread 3: [-12.86, -17.96, -17.68] -16.17  Inventory: [10.0, 25.0, 16.0]  Order: [8.82, 8.83, 8.76] Demand: [8.975]
Reward for thread 4: [-16.55, -19.96, -18.41] -18.31  Inventory: [0.0, 0.0, 9.0]  Order: [10.15, 10.01, 9.96] Demand: [10.145]
Reward for thread 5: [-11.24, -16.82, -20.06] -16.04  Inventory: [0.0, 25.0, 14.0]  Order: [5.88, 5.83, 5.72] Demand: [6.1]

Eval average reward:  -25.005083333333335  Eval ordering fluctuation measurement (downstream to upstream):  [0.8145450350848126, 1.0058263406192185, 1.1260447872213357]

 Algo happo Exp ippo_seed11_formal_v1 updates 665/3000 episodes, total num timesteps 666000/3000000, FPS 117.

Reward for thread 1: [-16.41, -21.9, -21.76] -20.02  Inventory: [0.0, 0.0, 4.0]  Order: [7.98, 7.76, 7.67] Demand: [7.82]
Reward for thread 2: [-40.89, -34.35, -25.01] -33.42  Inventory: [0.0, 0.0, 1.0]  Order: [15.23, 15.24, 15.24] Demand: [15.23]
Reward for thread 3: [-19.37, -23.8, -22.24] -21.8  Inventory: [0.0, 0.0, 4.0]  Order: [10.8, 10.7, 10.82] Demand: [10.735]
Reward for thread 4: [-16.59, -23.02, -21.68] -20.43  Inventory: [0.0, 21.0, 23.0]  Order: [8.46, 8.34, 8.28] Demand: [8.65]
Reward for thread 5: [-62.66, -43.31, -32.33] -46.1  Inventory: [0.0, 0.0, 0.0]  Order: [13.8, 13.8, 13.86] Demand: [14.475]

 Algo happo Exp ippo_seed11_formal_v1 updates 666/3000 episodes, total num timesteps 667000/3000000, FPS 117.

Reward for thread 1: [-19.3, -25.21, -22.06] -22.19  Inventory: [0.0, 0.0, 0.0]  Order: [9.66, 9.72, 9.72] Demand: [9.44]
Reward for thread 2: [-14.05, -19.91, -20.8] -18.25  Inventory: [9.0, 43.0, 15.0]  Order: [6.52, 6.52, 6.46] Demand: [6.665]
Reward for thread 3: [-10.36, -17.92, -17.19] -15.16  Inventory: [4.0, 21.0, 0.0]  Order: [3.1, 3.11, 3.03] Demand: [3.285]
Reward for thread 4: [-26.72, -24.45, -20.73] -23.97  Inventory: [0.0, 0.0, 0.0]  Order: [13.42, 13.48, 13.46] Demand: [13.695]
Reward for thread 5: [-16.52, -24.57, -21.04] -20.71  Inventory: [3.0, 19.0, 50.0]  Order: [7.78, 7.66, 7.67] Demand: [7.92]

 Algo happo Exp ippo_seed11_formal_v1 updates 667/3000 episodes, total num timesteps 668000/3000000, FPS 117.

Reward for thread 1: [-11.0, -18.61, -18.68] -16.1  Inventory: [0.0, 0.0, 18.0]  Order: [6.15, 6.02, 5.98] Demand: [6.335]
Reward for thread 2: [-23.23, -24.52, -26.42] -24.72  Inventory: [0.0, 0.0, 0.0]  Order: [10.45, 10.67, 10.58] Demand: [10.765]
Reward for thread 3: [-15.41, -19.89, -22.67] -19.32  Inventory: [8.0, 8.0, 16.0]  Order: [6.52, 6.36, 6.22] Demand: [6.715]
Reward for thread 4: [-15.42, -27.46, -25.34] -22.74  Inventory: [0.0, 8.0, 0.0]  Order: [2.94, 2.9, 2.78] Demand: [3.145]
Reward for thread 5: [-18.95, -17.57, -19.49] -18.67  Inventory: [6.0, 23.0, 33.0]  Order: [12.71, 12.68, 12.64] Demand: [12.83]

 Algo happo Exp ippo_seed11_formal_v1 updates 668/3000 episodes, total num timesteps 669000/3000000, FPS 117.

Reward for thread 1: [-14.38, -17.74, -20.61] -17.58  Inventory: [8.0, 20.0, 24.0]  Order: [9.22, 9.09, 8.96] Demand: [9.42]
Reward for thread 2: [-12.04, -16.71, -17.06] -15.27  Inventory: [0.0, 12.0, 33.0]  Order: [7.04, 6.93, 6.96] Demand: [7.14]
Reward for thread 3: [-55.52, -29.6, -27.26] -37.46  Inventory: [0.0, 8.0, 0.0]  Order: [13.36, 13.51, 13.62] Demand: [14.305]
Reward for thread 4: [-28.92, -21.07, -23.75] -24.58  Inventory: [0.0, 12.0, 0.0]  Order: [12.2, 12.42, 12.47] Demand: [12.725]
Reward for thread 5: [-25.11, -17.51, -19.14] -20.59  Inventory: [0.0, 2.0, 1.0]  Order: [9.6, 9.74, 9.84] Demand: [10.235]

 Algo happo Exp ippo_seed11_formal_v1 updates 669/3000 episodes, total num timesteps 670000/3000000, FPS 117.

Reward for thread 1: [-11.17, -17.78, -18.93] -15.96  Inventory: [0.0, 30.0, 24.0]  Order: [6.15, 6.17, 6.2] Demand: [6.19]
Reward for thread 2: [-15.76, -21.95, -20.35] -19.35  Inventory: [0.0, 0.0, 0.0]  Order: [7.58, 7.42, 7.34] Demand: [7.5]
Reward for thread 3: [-9.31, -16.12, -16.1] -13.84  Inventory: [2.0, 5.0, 16.0]  Order: [2.78, 2.63, 2.51] Demand: [2.95]
Reward for thread 4: [-10.65, -15.91, -19.26] -15.27  Inventory: [4.0, 25.0, 31.0]  Order: [5.73, 5.63, 5.54] Demand: [5.925]
Reward for thread 5: [-25.45, -22.82, -18.38] -22.22  Inventory: [7.0, 12.0, 1.0]  Order: [12.69, 12.56, 12.48] Demand: [12.805]

Eval average reward:  -26.241083333333332  Eval ordering fluctuation measurement (downstream to upstream):  [0.873034374466366, 1.0460659121444815, 1.1245827073121406]

 Algo happo Exp ippo_seed11_formal_v1 updates 670/3000 episodes, total num timesteps 671000/3000000, FPS 117.

Reward for thread 1: [-9.32, -17.13, -17.61] -14.69  Inventory: [3.0, 11.0, 18.0]  Order: [3.8, 3.62, 3.5] Demand: [3.99]
Reward for thread 2: [-11.16, -16.02, -16.71] -14.63  Inventory: [2.0, 4.0, 0.0]  Order: [8.62, 8.66, 8.66] Demand: [8.52]
Reward for thread 3: [-10.02, -15.02, -15.62] -13.55  Inventory: [0.0, 13.0, 11.0]  Order: [5.58, 5.65, 5.58] Demand: [5.645]
Reward for thread 4: [-35.99, -32.67, -25.81] -31.49  Inventory: [0.0, 0.0, 0.0]  Order: [11.0, 10.79, 10.88] Demand: [11.495]
Reward for thread 5: [-40.64, -24.69, -23.96] -29.76  Inventory: [0.0, 10.0, 14.0]  Order: [11.69, 11.66, 11.54] Demand: [11.8]

 Algo happo Exp ippo_seed11_formal_v1 updates 671/3000 episodes, total num timesteps 672000/3000000, FPS 117.

Reward for thread 1: [-77.41, -35.02, -35.44] -49.29  Inventory: [0.0, 19.0, 0.0]  Order: [14.97, 15.18, 15.29] Demand: [15.42]
Reward for thread 2: [-11.17, -17.41, -18.48] -15.69  Inventory: [14.0, 23.0, 18.0]  Order: [2.15, 2.02, 1.86] Demand: [2.305]
Reward for thread 3: [-11.62, -19.26, -19.89] -16.92  Inventory: [0.0, 1.0, 4.0]  Order: [5.46, 5.38, 5.3] Demand: [5.665]
Reward for thread 4: [-12.08, -18.77, -17.86] -16.24  Inventory: [0.0, 0.0, 0.0]  Order: [6.72, 6.7, 6.55] Demand: [6.885]
Reward for thread 5: [-35.43, -28.26, -25.34] -29.68  Inventory: [2.0, 10.0, 29.0]  Order: [13.32, 13.32, 13.3] Demand: [13.335]

 Algo happo Exp ippo_seed11_formal_v1 updates 672/3000 episodes, total num timesteps 673000/3000000, FPS 117.

Reward for thread 1: [-14.12, -21.17, -20.65] -18.65  Inventory: [0.0, 24.0, 30.0]  Order: [6.6, 6.6, 6.58] Demand: [6.685]
Reward for thread 2: [-31.64, -27.86, -24.34] -27.95  Inventory: [11.0, 23.0, 10.0]  Order: [9.41, 9.38, 9.26] Demand: [9.59]
Reward for thread 3: [-18.86, -21.62, -19.39] -19.96  Inventory: [7.0, 32.0, 19.0]  Order: [9.74, 9.68, 9.64] Demand: [9.87]
Reward for thread 4: [-89.66, -60.63, -39.25] -63.18  Inventory: [0.0, 0.0, 0.0]  Order: [13.98, 13.65, 13.73] Demand: [14.715]
Reward for thread 5: [-9.6, -15.93, -16.99] -14.17  Inventory: [0.0, 0.0, 0.0]  Order: [3.28, 3.19, 3.06] Demand: [3.265]

 Algo happo Exp ippo_seed11_formal_v1 updates 673/3000 episodes, total num timesteps 674000/3000000, FPS 117.

Reward for thread 1: [-10.1, -16.09, -16.3] -14.16  Inventory: [12.0, 16.0, 5.0]  Order: [3.34, 3.2, 3.1] Demand: [3.53]
Reward for thread 2: [-14.4, -19.34, -18.13] -17.29  Inventory: [4.0, 20.0, 15.0]  Order: [7.64, 7.56, 7.46] Demand: [7.8]
Reward for thread 3: [-26.35, -30.28, -21.84] -26.16  Inventory: [0.0, 0.0, 11.0]  Order: [11.22, 11.22, 11.18] Demand: [11.105]
Reward for thread 4: [-10.86, -17.8, -17.06] -15.24  Inventory: [2.0, 8.0, 23.0]  Order: [3.1, 2.92, 2.79] Demand: [3.31]
Reward for thread 5: [-13.6, -18.89, -19.8] -17.43  Inventory: [0.0, 42.0, 40.0]  Order: [7.24, 7.32, 7.36] Demand: [7.32]

 Algo happo Exp ippo_seed11_formal_v1 updates 674/3000 episodes, total num timesteps 675000/3000000, FPS 117.

Reward for thread 1: [-15.29, -18.92, -19.99] -18.07  Inventory: [0.0, 0.0, 0.0]  Order: [7.22, 7.24, 7.24] Demand: [7.33]
Reward for thread 2: [-39.67, -35.15, -25.85] -33.56  Inventory: [0.0, 0.0, 0.0]  Order: [12.36, 12.23, 12.34] Demand: [12.955]
Reward for thread 3: [-15.61, -20.46, -20.79] -18.95  Inventory: [0.0, 5.0, 13.0]  Order: [6.06, 5.94, 5.9] Demand: [6.21]
Reward for thread 4: [-15.37, -21.47, -19.53] -18.79  Inventory: [15.0, 42.0, 37.0]  Order: [6.12, 6.12, 6.06] Demand: [6.23]
Reward for thread 5: [-11.86, -16.78, -18.55] -15.73  Inventory: [17.0, 32.0, 45.0]  Order: [6.92, 6.85, 6.96] Demand: [6.96]

Eval average reward:  -24.75991666666667  Eval ordering fluctuation measurement (downstream to upstream):  [0.8142547298509493, 1.0076160554586164, 1.1109554502151828]

 Algo happo Exp ippo_seed11_formal_v1 updates 675/3000 episodes, total num timesteps 676000/3000000, FPS 117.

Reward for thread 1: [-12.91, -16.47, -17.68] -15.69  Inventory: [4.0, 28.0, 41.0]  Order: [8.12, 8.04, 8.02] Demand: [8.285]
Reward for thread 2: [-11.13, -17.95, -19.77] -16.28  Inventory: [0.0, 7.0, 9.0]  Order: [5.57, 5.42, 5.24] Demand: [5.78]
Reward for thread 3: [-15.16, -20.69, -19.37] -18.41  Inventory: [13.0, 50.0, 11.0]  Order: [5.96, 5.98, 5.81] Demand: [6.145]
Reward for thread 4: [-11.99, -13.15, -14.99] -13.38  Inventory: [13.0, 15.0, 12.0]  Order: [7.92, 7.88, 7.88] Demand: [8.04]
Reward for thread 5: [-32.19, -25.4, -20.44] -26.01  Inventory: [0.0, 0.0, 11.0]  Order: [14.02, 13.97, 13.96] Demand: [13.97]

 Algo happo Exp ippo_seed11_formal_v1 updates 676/3000 episodes, total num timesteps 677000/3000000, FPS 117.

Reward for thread 1: [-87.43, -66.76, -37.0] -63.73  Inventory: [0.0, 0.0, 38.0]  Order: [15.89, 15.6, 15.74] Demand: [15.705]
Reward for thread 2: [-67.17, -52.65, -32.43] -50.75  Inventory: [0.0, 0.0, 0.0]  Order: [15.44, 15.11, 15.16] Demand: [15.845]
Reward for thread 3: [-10.86, -17.0, -18.41] -15.42  Inventory: [5.0, 18.0, 26.0]  Order: [6.86, 6.7, 6.58] Demand: [7.06]
Reward for thread 4: [-14.33, -18.61, -19.09] -17.34  Inventory: [0.0, 0.0, 0.0]  Order: [8.83, 8.74, 8.69] Demand: [8.95]
Reward for thread 5: [-21.51, -21.72, -19.3] -20.84  Inventory: [0.0, 0.0, 0.0]  Order: [12.02, 11.82, 11.84] Demand: [12.155]

 Algo happo Exp ippo_seed11_formal_v1 updates 677/3000 episodes, total num timesteps 678000/3000000, FPS 117.

Reward for thread 1: [-35.18, -21.95, -20.0] -25.71  Inventory: [0.0, 0.0, 17.0]  Order: [16.2, 16.22, 16.27] Demand: [16.515]
Reward for thread 2: [-15.51, -22.09, -21.91] -19.84  Inventory: [0.0, 0.0, 0.0]  Order: [7.52, 7.45, 7.4] Demand: [7.4]
Reward for thread 3: [-18.02, -22.58, -20.51] -20.37  Inventory: [0.0, 0.0, 18.0]  Order: [10.5, 10.3, 10.42] Demand: [10.335]
Reward for thread 4: [-28.42, -35.34, -26.27] -30.01  Inventory: [6.0, 11.0, 0.0]  Order: [9.98, 9.88, 9.81] Demand: [10.065]
Reward for thread 5: [-18.67, -23.92, -19.25] -20.61  Inventory: [0.0, 0.0, 0.0]  Order: [10.09, 9.76, 9.74] Demand: [9.94]

 Algo happo Exp ippo_seed11_formal_v1 updates 678/3000 episodes, total num timesteps 679000/3000000, FPS 117.

Reward for thread 1: [-12.6, -18.23, -18.52] -16.45  Inventory: [15.0, 27.0, 17.0]  Order: [1.14, 1.03, 0.93] Demand: [1.315]
Reward for thread 2: [-26.36, -32.86, -22.37] -27.2  Inventory: [0.0, 0.0, 0.0]  Order: [10.78, 10.72, 10.58] Demand: [10.755]
Reward for thread 3: [-9.92, -16.03, -17.63] -14.53  Inventory: [4.0, 20.0, 4.0]  Order: [4.97, 4.84, 4.76] Demand: [5.14]
Reward for thread 4: [-10.78, -16.93, -18.51] -15.41  Inventory: [1.0, 20.0, 36.0]  Order: [4.62, 4.54, 4.47] Demand: [4.755]
Reward for thread 5: [-21.13, -27.1, -23.57] -23.93  Inventory: [7.0, 29.0, 35.0]  Order: [9.32, 9.28, 9.34] Demand: [9.465]

 Algo happo Exp ippo_seed11_formal_v1 updates 679/3000 episodes, total num timesteps 680000/3000000, FPS 117.

Reward for thread 1: [-39.43, -36.17, -26.66] -34.09  Inventory: [5.0, 16.0, 33.0]  Order: [15.06, 15.03, 15.02] Demand: [15.16]
Reward for thread 2: [-10.26, -15.61, -17.55] -14.47  Inventory: [9.0, 0.0, 0.0]  Order: [7.02, 6.9, 6.76] Demand: [7.145]
Reward for thread 3: [-26.35, -23.56, -21.66] -23.86  Inventory: [0.0, 0.0, 0.0]  Order: [12.92, 12.72, 12.82] Demand: [12.975]
Reward for thread 4: [-15.29, -21.45, -23.96] -20.23  Inventory: [5.0, 26.0, 51.0]  Order: [8.1, 8.01, 8.02] Demand: [8.215]
Reward for thread 5: [-14.14, -20.59, -22.86] -19.2  Inventory: [0.0, 0.0, 0.0]  Order: [7.03, 6.98, 6.94] Demand: [6.895]

Eval average reward:  -23.206833333333332  Eval ordering fluctuation measurement (downstream to upstream):  [0.8003569534456265, 1.0693699923072577, 1.1094814937902622]

 Algo happo Exp ippo_seed11_formal_v1 updates 680/3000 episodes, total num timesteps 681000/3000000, FPS 117.

Reward for thread 1: [-10.48, -15.46, -17.4] -14.45  Inventory: [9.0, 11.0, 11.0]  Order: [4.68, 4.5, 4.36] Demand: [4.88]
Reward for thread 2: [-10.45, -16.43, -19.62] -15.5  Inventory: [4.0, 20.0, 10.0]  Order: [3.68, 3.76, 3.75] Demand: [3.875]
Reward for thread 3: [-15.27, -20.61, -21.51] -19.13  Inventory: [2.0, 7.0, 15.0]  Order: [7.5, 7.38, 7.28] Demand: [7.66]
Reward for thread 4: [-11.67, -17.2, -22.55] -17.14  Inventory: [3.0, 9.0, 14.0]  Order: [6.18, 6.18, 6.18] Demand: [6.215]
Reward for thread 5: [-22.61, -26.94, -19.13] -22.89  Inventory: [0.0, 0.0, 0.0]  Order: [12.48, 12.26, 12.35] Demand: [12.475]

 Algo happo Exp ippo_seed11_formal_v1 updates 681/3000 episodes, total num timesteps 682000/3000000, FPS 117.

Reward for thread 1: [-45.86, -29.77, -29.56] -35.06  Inventory: [0.0, 0.0, 0.0]  Order: [12.65, 12.73, 12.76] Demand: [12.85]
Reward for thread 2: [-18.79, -20.74, -19.97] -19.83  Inventory: [0.0, 0.0, 0.0]  Order: [11.09, 11.04, 10.99] Demand: [11.075]
Reward for thread 3: [-16.14, -16.9, -18.18] -17.07  Inventory: [6.0, 21.0, 16.0]  Order: [9.98, 9.94, 9.82] Demand: [10.15]
Reward for thread 4: [-10.32, -15.31, -18.04] -14.56  Inventory: [0.0, 5.0, 20.0]  Order: [5.12, 5.16, 5.15] Demand: [5.225]
Reward for thread 5: [-60.77, -32.91, -29.57] -41.08  Inventory: [0.0, 14.0, 3.0]  Order: [15.96, 16.1, 16.13] Demand: [16.045]

 Algo happo Exp ippo_seed11_formal_v1 updates 682/3000 episodes, total num timesteps 683000/3000000, FPS 117.

Reward for thread 1: [-21.93, -23.4, -19.72] -21.68  Inventory: [0.0, 0.0, 0.0]  Order: [11.7, 11.68, 11.62] Demand: [11.74]
Reward for thread 2: [-38.72, -34.48, -23.89] -32.36  Inventory: [0.0, 0.0, 0.0]  Order: [13.76, 13.67, 13.53] Demand: [13.79]
Reward for thread 3: [-10.22, -15.31, -17.2] -14.24  Inventory: [0.0, 0.0, 0.0]  Order: [5.16, 5.32, 5.24] Demand: [5.33]
Reward for thread 4: [-11.7, -17.69, -20.4] -16.6  Inventory: [5.0, 37.0, 36.0]  Order: [3.58, 3.52, 3.45] Demand: [3.775]
Reward for thread 5: [-10.93, -16.48, -18.38] -15.26  Inventory: [3.0, 2.0, 0.0]  Order: [6.58, 6.51, 6.4] Demand: [6.75]

 Algo happo Exp ippo_seed11_formal_v1 updates 683/3000 episodes, total num timesteps 684000/3000000, FPS 117.

Reward for thread 1: [-23.45, -25.89, -26.39] -25.24  Inventory: [0.0, 0.0, 0.0]  Order: [9.48, 9.54, 9.46] Demand: [9.67]
Reward for thread 2: [-11.65, -17.29, -20.6] -16.51  Inventory: [16.0, 0.0, 0.0]  Order: [5.87, 5.86, 5.8] Demand: [5.975]
Reward for thread 3: [-12.16, -17.82, -20.28] -16.75  Inventory: [0.0, 50.0, 35.0]  Order: [7.12, 7.18, 7.2] Demand: [7.245]
Reward for thread 4: [-11.25, -17.87, -20.11] -16.41  Inventory: [10.0, 17.0, 25.0]  Order: [3.38, 3.24, 3.11] Demand: [3.555]
Reward for thread 5: [-51.94, -22.46, -23.76] -32.72  Inventory: [0.0, 4.0, 7.0]  Order: [13.66, 13.76, 13.93] Demand: [14.215]

 Algo happo Exp ippo_seed11_formal_v1 updates 684/3000 episodes, total num timesteps 685000/3000000, FPS 117.

Reward for thread 1: [-15.16, -19.23, -20.33] -18.24  Inventory: [6.0, 20.0, 27.0]  Order: [8.98, 8.96, 8.88] Demand: [9.135]
Reward for thread 2: [-10.01, -14.44, -17.97] -14.14  Inventory: [4.0, 15.0, 22.0]  Order: [2.14, 2.0, 1.9] Demand: [2.305]
Reward for thread 3: [-35.71, -26.17, -24.14] -28.67  Inventory: [0.0, 0.0, 0.0]  Order: [14.08, 14.16, 14.14] Demand: [14.175]
Reward for thread 4: [-24.8, -27.55, -23.87] -25.41  Inventory: [8.0, 25.0, 32.0]  Order: [9.88, 9.79, 9.82] Demand: [9.99]
Reward for thread 5: [-25.93, -22.62, -19.25] -22.6  Inventory: [0.0, 0.0, 11.0]  Order: [12.55, 12.6, 12.7] Demand: [12.82]

Eval average reward:  -21.902833333333337  Eval ordering fluctuation measurement (downstream to upstream):  [0.8015348301904732, 1.0492259995588085, 1.1060886340065816]

 Algo happo Exp ippo_seed11_formal_v1 updates 685/3000 episodes, total num timesteps 686000/3000000, FPS 117.

Reward for thread 1: [-13.42, -18.48, -19.95] -17.28  Inventory: [13.0, 45.0, 36.0]  Order: [8.21, 8.22, 8.21] Demand: [8.31]
Reward for thread 2: [-9.59, -13.59, -15.94] -13.04  Inventory: [9.0, 15.0, 6.0]  Order: [2.02, 1.87, 1.8] Demand: [2.21]
Reward for thread 3: [-13.71, -20.06, -23.29] -19.02  Inventory: [1.0, 9.0, 10.0]  Order: [6.6, 6.52, 6.46] Demand: [6.68]
Reward for thread 4: [-22.34, -22.0, -24.56] -22.97  Inventory: [0.0, 10.0, 0.0]  Order: [11.26, 11.48, 11.58] Demand: [11.39]
Reward for thread 5: [-11.39, -17.21, -19.63] -16.08  Inventory: [0.0, 4.0, 15.0]  Order: [4.88, 4.78, 4.7] Demand: [5.04]

 Algo happo Exp ippo_seed11_formal_v1 updates 686/3000 episodes, total num timesteps 687000/3000000, FPS 117.

Reward for thread 1: [-101.16, -43.61, -40.1] -61.62  Inventory: [0.0, 11.0, 0.0]  Order: [13.28, 13.5, 13.6] Demand: [14.905]
Reward for thread 2: [-18.32, -20.7, -22.14] -20.39  Inventory: [0.0, 5.0, 0.0]  Order: [9.45, 9.45, 9.28] Demand: [9.515]
Reward for thread 3: [-29.42, -27.47, -24.61] -27.17  Inventory: [0.0, 0.0, 0.0]  Order: [12.22, 12.24, 12.2] Demand: [12.23]
Reward for thread 4: [-15.69, -20.27, -20.82] -18.93  Inventory: [0.0, 0.0, 0.0]  Order: [7.54, 7.6, 7.5] Demand: [7.75]
Reward for thread 5: [-14.15, -16.62, -16.93] -15.9  Inventory: [0.0, 3.0, 5.0]  Order: [10.78, 10.92, 10.96] Demand: [10.955]

 Algo happo Exp ippo_seed11_formal_v1 updates 687/3000 episodes, total num timesteps 688000/3000000, FPS 117.

Reward for thread 1: [-70.83, -28.7, -27.93] -42.49  Inventory: [0.0, 27.0, 5.0]  Order: [15.98, 16.22, 16.34] Demand: [17.165]
Reward for thread 2: [-15.49, -20.07, -21.39] -18.98  Inventory: [1.0, 4.0, 18.0]  Order: [9.07, 8.96, 8.89] Demand: [9.27]
Reward for thread 3: [-12.3, -17.65, -20.81] -16.92  Inventory: [6.0, 11.0, 43.0]  Order: [8.36, 8.27, 8.27] Demand: [8.48]
Reward for thread 4: [-32.18, -28.72, -28.24] -29.71  Inventory: [0.0, 0.0, 0.0]  Order: [12.09, 12.26, 12.2] Demand: [12.315]
Reward for thread 5: [-10.72, -17.47, -19.76] -15.98  Inventory: [9.0, 34.0, 25.0]  Order: [4.01, 3.94, 3.82] Demand: [4.215]

 Algo happo Exp ippo_seed11_formal_v1 updates 688/3000 episodes, total num timesteps 689000/3000000, FPS 117.

Reward for thread 1: [-26.02, -25.13, -24.7] -25.28  Inventory: [0.0, 2.0, 0.0]  Order: [11.24, 11.22, 11.14] Demand: [11.35]
Reward for thread 2: [-27.1, -23.09, -22.73] -24.31  Inventory: [6.0, 21.0, 19.0]  Order: [11.45, 11.43, 11.41] Demand: [11.565]
Reward for thread 3: [-22.54, -17.83, -15.86] -18.74  Inventory: [0.0, 9.0, 9.0]  Order: [13.94, 14.05, 14.08] Demand: [13.945]
Reward for thread 4: [-49.4, -33.33, -28.44] -37.06  Inventory: [0.0, 0.0, 0.0]  Order: [14.7, 14.72, 14.74] Demand: [15.105]
Reward for thread 5: [-33.0, -22.93, -23.28] -26.4  Inventory: [6.0, 18.0, 23.0]  Order: [11.24, 11.2, 11.06] Demand: [11.385]

 Algo happo Exp ippo_seed11_formal_v1 updates 689/3000 episodes, total num timesteps 690000/3000000, FPS 117.

Reward for thread 1: [-14.36, -18.87, -26.77] -20.0  Inventory: [4.0, 17.0, 20.0]  Order: [2.36, 2.22, 2.1] Demand: [2.55]
Reward for thread 2: [-26.53, -18.91, -19.54] -21.66  Inventory: [0.0, 12.0, 1.0]  Order: [14.38, 14.55, 14.66] Demand: [14.815]
Reward for thread 3: [-20.92, -19.97, -21.02] -20.64  Inventory: [14.0, 27.0, 11.0]  Order: [8.95, 8.88, 8.84] Demand: [9.105]
Reward for thread 4: [-10.62, -16.8, -18.7] -15.37  Inventory: [6.0, 19.0, 38.0]  Order: [6.64, 6.5, 6.44] Demand: [6.775]
Reward for thread 5: [-18.24, -22.06, -24.19] -21.5  Inventory: [0.0, 15.0, 50.0]  Order: [9.96, 9.8, 9.8] Demand: [10.11]

Eval average reward:  -22.415166666666668  Eval ordering fluctuation measurement (downstream to upstream):  [0.7804826744335799, 1.0700263400790369, 1.0635941765632293]

 Algo happo Exp ippo_seed11_formal_v1 updates 690/3000 episodes, total num timesteps 691000/3000000, FPS 117.

Reward for thread 1: [-10.52, -16.16, -20.32] -15.67  Inventory: [0.0, 15.0, 0.0]  Order: [4.82, 4.76, 4.66] Demand: [5.]
Reward for thread 2: [-37.5, -26.92, -26.7] -30.37  Inventory: [0.0, 17.0, 24.0]  Order: [11.76, 11.88, 12.02] Demand: [12.295]
Reward for thread 3: [-39.65, -23.12, -24.21] -28.99  Inventory: [0.0, 43.0, 55.0]  Order: [13.27, 13.31, 13.34] Demand: [13.315]
Reward for thread 4: [-55.09, -29.92, -29.19] -38.07  Inventory: [0.0, 33.0, 18.0]  Order: [15.48, 15.54, 15.58] Demand: [15.6]
Reward for thread 5: [-18.71, -24.19, -21.78] -21.56  Inventory: [24.0, 52.0, 50.0]  Order: [9.94, 10.09, 10.16] Demand: [10.03]

 Algo happo Exp ippo_seed11_formal_v1 updates 691/3000 episodes, total num timesteps 692000/3000000, FPS 117.

Reward for thread 1: [-17.35, -17.97, -19.29] -18.2  Inventory: [0.0, 0.0, 18.0]  Order: [10.67, 10.63, 10.62] Demand: [10.7]
Reward for thread 2: [-10.33, -16.01, -18.49] -14.94  Inventory: [0.0, 13.0, 10.0]  Order: [3.98, 3.96, 3.84] Demand: [4.115]
Reward for thread 3: [-17.16, -22.55, -24.62] -21.44  Inventory: [0.0, 13.0, 10.0]  Order: [7.55, 7.52, 7.48] Demand: [7.67]
Reward for thread 4: [-13.39, -17.13, -17.89] -16.14  Inventory: [0.0, 0.0, 0.0]  Order: [8.65, 8.74, 8.78] Demand: [8.835]
Reward for thread 5: [-16.23, -21.52, -22.61] -20.12  Inventory: [0.0, 2.0, 0.0]  Order: [8.46, 8.48, 8.35] Demand: [8.53]

 Algo happo Exp ippo_seed11_formal_v1 updates 692/3000 episodes, total num timesteps 693000/3000000, FPS 117.

Reward for thread 1: [-10.65, -15.38, -19.25] -15.09  Inventory: [11.0, 9.0, 4.0]  Order: [4.66, 4.62, 4.5] Demand: [4.835]
Reward for thread 2: [-24.5, -24.16, -24.06] -24.24  Inventory: [0.0, 8.0, 16.0]  Order: [10.94, 11.06, 11.19] Demand: [10.965]
Reward for thread 3: [-17.12, -21.84, -23.03] -20.66  Inventory: [0.0, 0.0, 3.0]  Order: [9.44, 9.49, 9.41] Demand: [9.425]
Reward for thread 4: [-48.43, -25.95, -24.5] -32.96  Inventory: [0.0, 7.0, 5.0]  Order: [11.86, 12.0, 12.14] Demand: [12.71]
Reward for thread 5: [-14.79, -21.7, -25.16] -20.55  Inventory: [11.0, 35.0, 12.0]  Order: [5.4, 5.34, 5.19] Demand: [5.585]

 Algo happo Exp ippo_seed11_formal_v1 updates 693/3000 episodes, total num timesteps 694000/3000000, FPS 117.

Reward for thread 1: [-10.97, -17.39, -20.76] -16.37  Inventory: [12.0, 37.0, 11.0]  Order: [3.64, 3.6, 3.58] Demand: [3.74]
Reward for thread 2: [-11.7, -18.02, -20.61] -16.78  Inventory: [8.0, 57.0, 30.0]  Order: [5.14, 5.2, 5.1] Demand: [5.3]
Reward for thread 3: [-10.01, -15.46, -17.2] -14.22  Inventory: [8.0, 5.0, 14.0]  Order: [4.04, 3.85, 3.68] Demand: [4.24]
Reward for thread 4: [-11.61, -16.67, -23.43] -17.24  Inventory: [0.0, 26.0, 27.0]  Order: [4.82, 4.74, 4.63] Demand: [5.01]
Reward for thread 5: [-26.02, -19.65, -19.57] -21.75  Inventory: [0.0, 0.0, 1.0]  Order: [12.06, 12.16, 12.28] Demand: [12.58]

 Algo happo Exp ippo_seed11_formal_v1 updates 694/3000 episodes, total num timesteps 695000/3000000, FPS 117.

Reward for thread 1: [-11.88, -16.36, -19.02] -15.75  Inventory: [0.0, 7.0, 0.0]  Order: [10.2, 10.29, 10.28] Demand: [10.21]
Reward for thread 2: [-81.54, -29.93, -28.27] -46.58  Inventory: [0.0, 8.0, 16.0]  Order: [15.08, 15.18, 15.28] Demand: [15.435]
Reward for thread 3: [-44.92, -25.21, -26.19] -32.11  Inventory: [2.0, 17.0, 22.0]  Order: [12.73, 12.56, 12.46] Demand: [12.92]
Reward for thread 4: [-22.17, -22.84, -26.12] -23.71  Inventory: [6.0, 11.0, 21.0]  Order: [9.23, 9.05, 8.9] Demand: [9.425]
Reward for thread 5: [-103.09, -38.69, -34.79] -58.86  Inventory: [0.0, 0.0, 0.0]  Order: [17.38, 17.48, 17.58] Demand: [18.22]

Eval average reward:  -23.04475  Eval ordering fluctuation measurement (downstream to upstream):  [0.7632661171620969, 1.0540805260929074, 1.0691642972790045]

 Algo happo Exp ippo_seed11_formal_v1 updates 695/3000 episodes, total num timesteps 696000/3000000, FPS 117.

Reward for thread 1: [-44.64, -23.32, -23.56] -30.51  Inventory: [0.0, 0.0, 7.0]  Order: [13.02, 13.1, 13.1] Demand: [13.75]
Reward for thread 2: [-72.92, -41.54, -31.21] -48.56  Inventory: [0.0, 0.0, 0.0]  Order: [12.95, 13.05, 13.08] Demand: [13.68]
Reward for thread 3: [-27.32, -22.02, -22.57] -23.97  Inventory: [0.0, 0.0, 27.0]  Order: [13.38, 13.31, 13.34] Demand: [13.44]
Reward for thread 4: [-20.95, -21.24, -21.41] -21.2  Inventory: [0.0, 0.0, 0.0]  Order: [10.74, 10.86, 10.84] Demand: [10.95]
Reward for thread 5: [-14.54, -21.17, -24.97] -20.23  Inventory: [8.0, 26.0, 20.0]  Order: [6.09, 6.1, 5.96] Demand: [6.15]

 Algo happo Exp ippo_seed11_formal_v1 updates 696/3000 episodes, total num timesteps 697000/3000000, FPS 117.

Reward for thread 1: [-23.18, -19.62, -19.7] -20.83  Inventory: [0.0, 0.0, 0.0]  Order: [13.98, 13.96, 13.89] Demand: [13.865]
Reward for thread 2: [-18.4, -19.18, -19.69] -19.09  Inventory: [0.0, 11.0, 19.0]  Order: [10.58, 10.44, 10.28] Demand: [10.75]
Reward for thread 3: [-24.17, -23.91, -24.48] -24.19  Inventory: [0.0, 0.0, 0.0]  Order: [10.18, 10.19, 10.21] Demand: [10.605]
Reward for thread 4: [-11.34, -15.36, -16.4] -14.37  Inventory: [3.0, 26.0, 22.0]  Order: [7.5, 7.42, 7.28] Demand: [7.665]
Reward for thread 5: [-23.29, -31.0, -24.46] -26.25  Inventory: [0.0, 0.0, 0.0]  Order: [12.36, 12.29, 12.26] Demand: [12.22]

 Algo happo Exp ippo_seed11_formal_v1 updates 697/3000 episodes, total num timesteps 698000/3000000, FPS 117.

Reward for thread 1: [-14.8, -23.32, -22.04] -20.05  Inventory: [4.0, 11.0, 9.0]  Order: [5.8, 5.64, 5.54] Demand: [5.95]
Reward for thread 2: [-18.13, -21.0, -21.55] -20.23  Inventory: [0.0, 0.0, 0.0]  Order: [11.52, 11.7, 11.66] Demand: [11.38]
Reward for thread 3: [-14.79, -19.97, -20.29] -18.35  Inventory: [0.0, 0.0, 0.0]  Order: [6.72, 6.89, 6.96] Demand: [6.95]
Reward for thread 4: [-20.88, -21.38, -21.73] -21.33  Inventory: [6.0, 0.0, 41.0]  Order: [8.81, 8.73, 8.78] Demand: [8.82]
Reward for thread 5: [-12.81, -18.37, -21.85] -17.68  Inventory: [10.0, 10.0, 29.0]  Order: [5.2, 5.05, 5.0] Demand: [5.385]

 Algo happo Exp ippo_seed11_formal_v1 updates 698/3000 episodes, total num timesteps 699000/3000000, FPS 117.

Reward for thread 1: [-51.51, -25.24, -27.01] -34.59  Inventory: [0.0, 32.0, 0.0]  Order: [14.97, 15.38, 15.39] Demand: [16.055]
Reward for thread 2: [-11.18, -15.89, -20.64] -15.9  Inventory: [7.0, 30.0, 21.0]  Order: [3.59, 3.52, 3.44] Demand: [3.8]
Reward for thread 3: [-13.72, -21.67, -22.48] -19.29  Inventory: [11.0, 21.0, 36.0]  Order: [6.88, 6.74, 6.68] Demand: [7.005]
Reward for thread 4: [-12.23, -18.32, -22.6] -17.72  Inventory: [11.0, 35.0, 26.0]  Order: [3.99, 3.92, 3.8] Demand: [4.16]
Reward for thread 5: [-36.09, -23.68, -23.18] -27.65  Inventory: [0.0, 10.0, 21.0]  Order: [12.2, 12.22, 12.22] Demand: [12.28]

 Algo happo Exp ippo_seed11_formal_v1 updates 699/3000 episodes, total num timesteps 700000/3000000, FPS 117.

Reward for thread 1: [-14.48, -16.54, -17.29] -16.1  Inventory: [9.0, 46.0, 57.0]  Order: [9.43, 9.42, 9.46] Demand: [9.555]
Reward for thread 2: [-20.51, -22.81, -22.75] -22.02  Inventory: [63.0, 62.0, 57.0]  Order: [8.82, 8.88, 8.92] Demand: [8.76]
Reward for thread 3: [-60.88, -25.54, -25.78] -37.4  Inventory: [0.0, 48.0, 27.0]  Order: [13.92, 14.12, 14.35] Demand: [14.015]
Reward for thread 4: [-15.38, -21.18, -23.34] -19.97  Inventory: [9.0, 26.0, 27.0]  Order: [8.1, 8.0, 7.88] Demand: [8.29]
Reward for thread 5: [-58.4, -21.3, -22.98] -34.23  Inventory: [0.0, 26.0, 11.0]  Order: [15.43, 15.51, 15.52] Demand: [15.51]

Eval average reward:  -22.896333333333335  Eval ordering fluctuation measurement (downstream to upstream):  [0.7728141063681864, 1.099564201176047, 1.089903888459697]

 Algo happo Exp ippo_seed11_formal_v1 updates 700/3000 episodes, total num timesteps 701000/3000000, FPS 117.

Reward for thread 1: [-25.97, -26.92, -23.82] -25.57  Inventory: [4.0, 18.0, 47.0]  Order: [8.53, 8.38, 8.36] Demand: [8.73]
Reward for thread 2: [-12.32, -17.86, -20.16] -16.78  Inventory: [10.0, 22.0, 33.0]  Order: [5.47, 5.34, 5.26] Demand: [5.67]
Reward for thread 3: [-55.28, -26.17, -27.47] -36.31  Inventory: [0.0, 1.0, 0.0]  Order: [13.88, 14.02, 14.12] Demand: [14.955]
Reward for thread 4: [-20.97, -18.48, -19.72] -19.72  Inventory: [0.0, 0.0, 0.0]  Order: [12.28, 12.38, 12.38] Demand: [12.26]
Reward for thread 5: [-12.11, -16.78, -18.4] -15.76  Inventory: [3.0, 48.0, 31.0]  Order: [8.13, 8.12, 8.03] Demand: [8.285]

 Algo happo Exp ippo_seed11_formal_v1 updates 701/3000 episodes, total num timesteps 702000/3000000, FPS 117.

Reward for thread 1: [-19.49, -21.89, -22.09] -21.16  Inventory: [6.0, 0.0, 7.0]  Order: [7.67, 7.48, 7.34] Demand: [7.87]
Reward for thread 2: [-13.9, -24.41, -21.94] -20.08  Inventory: [6.0, 49.0, 18.0]  Order: [3.98, 3.98, 3.82] Demand: [4.195]
Reward for thread 3: [-17.47, -21.9, -22.24] -20.54  Inventory: [5.0, 45.0, 65.0]  Order: [8.81, 8.8, 8.88] Demand: [8.885]
Reward for thread 4: [-12.13, -17.55, -20.88] -16.85  Inventory: [6.0, 1.0, 0.0]  Order: [5.16, 4.96, 4.84] Demand: [5.355]
Reward for thread 5: [-26.11, -19.25, -19.86] -21.74  Inventory: [0.0, 0.0, 0.0]  Order: [12.24, 12.4, 12.38] Demand: [12.39]

 Algo happo Exp ippo_seed11_formal_v1 updates 702/3000 episodes, total num timesteps 703000/3000000, FPS 117.

Reward for thread 1: [-11.86, -18.7, -18.31] -16.29  Inventory: [5.0, 17.0, 41.0]  Order: [4.39, 4.24, 4.19] Demand: [4.565]
Reward for thread 2: [-47.51, -25.18, -24.83] -32.51  Inventory: [0.0, 6.0, 0.0]  Order: [15.96, 16.1, 16.2] Demand: [16.62]
Reward for thread 3: [-55.3, -26.15, -24.77] -35.41  Inventory: [0.0, 4.0, 0.0]  Order: [13.43, 13.58, 13.62] Demand: [14.34]
Reward for thread 4: [-13.34, -20.45, -23.47] -19.09  Inventory: [2.0, 0.0, 0.0]  Order: [7.04, 6.9, 6.64] Demand: [7.075]
Reward for thread 5: [-27.03, -19.6, -22.55] -23.06  Inventory: [0.0, 0.0, 0.0]  Order: [12.6, 12.82, 12.78] Demand: [12.87]

 Algo happo Exp ippo_seed11_formal_v1 updates 703/3000 episodes, total num timesteps 704000/3000000, FPS 117.

Reward for thread 1: [-11.9, -19.52, -20.47] -17.3  Inventory: [0.0, 0.0, 0.0]  Order: [4.14, 4.1, 3.9] Demand: [4.315]
Reward for thread 2: [-68.29, -29.6, -26.9] -41.6  Inventory: [0.0, 0.0, 0.0]  Order: [16.42, 16.5, 16.6] Demand: [17.165]
Reward for thread 3: [-42.05, -22.66, -25.9] -30.2  Inventory: [0.0, 0.0, 0.0]  Order: [12.79, 12.94, 13.02] Demand: [13.775]
Reward for thread 4: [-20.95, -17.99, -17.77] -18.9  Inventory: [0.0, 0.0, 3.0]  Order: [9.93, 10.04, 10.12] Demand: [10.435]
Reward for thread 5: [-12.97, -20.33, -23.21] -18.84  Inventory: [0.0, 0.0, 0.0]  Order: [6.98, 6.88, 6.7] Demand: [6.985]

 Algo happo Exp ippo_seed11_formal_v1 updates 704/3000 episodes, total num timesteps 705000/3000000, FPS 117.

Reward for thread 1: [-11.02, -18.42, -16.81] -15.42  Inventory: [4.0, 10.0, 12.0]  Order: [3.14, 2.96, 2.78] Demand: [3.345]
Reward for thread 2: [-14.14, -25.38, -21.71] -20.41  Inventory: [5.0, 35.0, 20.0]  Order: [4.68, 4.61, 4.46] Demand: [4.845]
Reward for thread 3: [-10.95, -16.32, -17.93] -15.07  Inventory: [9.0, 0.0, 4.0]  Order: [5.22, 5.07, 5.07] Demand: [5.33]
Reward for thread 4: [-34.2, -32.78, -32.09] -33.02  Inventory: [4.0, 18.0, 37.0]  Order: [10.96, 10.8, 10.74] Demand: [11.08]
Reward for thread 5: [-19.04, -24.08, -23.73] -22.28  Inventory: [6.0, 29.0, 24.0]  Order: [8.05, 7.96, 7.82] Demand: [8.235]

Eval average reward:  -22.13025  Eval ordering fluctuation measurement (downstream to upstream):  [0.7530050545345689, 1.043138850447821, 1.0719608705920234]

 Algo happo Exp ippo_seed11_formal_v1 updates 705/3000 episodes, total num timesteps 706000/3000000, FPS 117.

Reward for thread 1: [-13.24, -17.43, -20.02] -16.9  Inventory: [5.0, 13.0, 22.0]  Order: [6.74, 6.62, 6.5] Demand: [6.91]
Reward for thread 2: [-16.53, -22.39, -22.61] -20.51  Inventory: [21.0, 40.0, 41.0]  Order: [7.66, 7.64, 7.6] Demand: [7.755]
Reward for thread 3: [-16.77, -15.68, -17.54] -16.66  Inventory: [0.0, 0.0, 0.0]  Order: [10.41, 10.5, 10.56] Demand: [10.685]
Reward for thread 4: [-10.68, -16.44, -19.79] -15.64  Inventory: [9.0, 12.0, 33.0]  Order: [3.18, 3.0, 2.92] Demand: [3.385]
Reward for thread 5: [-12.45, -19.23, -19.99] -17.22  Inventory: [8.0, 6.0, 23.0]  Order: [3.63, 3.42, 3.29] Demand: [3.815]

 Algo happo Exp ippo_seed11_formal_v1 updates 706/3000 episodes, total num timesteps 707000/3000000, FPS 117.

Reward for thread 1: [-15.71, -20.12, -21.65] -19.16  Inventory: [0.0, 0.0, 0.0]  Order: [8.57, 8.65, 8.64] Demand: [8.685]
Reward for thread 2: [-11.91, -18.51, -20.53] -16.98  Inventory: [0.0, 17.0, 17.0]  Order: [5.57, 5.51, 5.48] Demand: [5.645]
Reward for thread 3: [-10.28, -16.73, -17.6] -14.87  Inventory: [5.0, 30.0, 37.0]  Order: [4.01, 3.92, 3.86] Demand: [4.22]
Reward for thread 4: [-9.01, -12.74, -16.0] -12.58  Inventory: [8.0, 3.0, 21.0]  Order: [2.68, 2.47, 2.33] Demand: [2.88]
Reward for thread 5: [-31.66, -18.69, -19.25] -23.2  Inventory: [0.0, 2.0, 0.0]  Order: [13.17, 13.2, 13.08] Demand: [13.23]

 Algo happo Exp ippo_seed11_formal_v1 updates 707/3000 episodes, total num timesteps 708000/3000000, FPS 117.

Reward for thread 1: [-65.27, -26.5, -25.3] -39.02  Inventory: [0.0, 16.0, 23.0]  Order: [15.74, 15.77, 15.69] Demand: [15.775]
Reward for thread 2: [-14.62, -19.87, -23.33] -19.27  Inventory: [8.0, 32.0, 52.0]  Order: [7.14, 7.07, 7.08] Demand: [7.27]
Reward for thread 3: [-31.44, -27.41, -28.18] -29.01  Inventory: [0.0, 0.0, 0.0]  Order: [12.27, 12.28, 12.35] Demand: [12.34]
Reward for thread 4: [-107.2, -38.39, -38.21] -61.27  Inventory: [0.0, 0.0, 1.0]  Order: [15.28, 15.31, 15.4] Demand: [16.77]
Reward for thread 5: [-9.01, -14.66, -16.85] -13.51  Inventory: [0.0, 6.0, 0.0]  Order: [4.24, 4.24, 4.07] Demand: [4.415]

 Algo happo Exp ippo_seed11_formal_v1 updates 708/3000 episodes, total num timesteps 709000/3000000, FPS 117.

Reward for thread 1: [-12.47, -19.15, -19.78] -17.13  Inventory: [14.0, 23.0, 8.0]  Order: [6.57, 6.6, 6.65] Demand: [6.645]
Reward for thread 2: [-17.24, -21.77, -24.26] -21.09  Inventory: [0.0, 13.0, 8.0]  Order: [8.93, 8.99, 8.88] Demand: [9.]
Reward for thread 3: [-13.21, -17.62, -19.66] -16.83  Inventory: [0.0, 7.0, 0.0]  Order: [7.84, 8.01, 8.04] Demand: [7.965]
Reward for thread 4: [-26.11, -23.07, -22.74] -23.97  Inventory: [0.0, 0.0, 5.0]  Order: [13.2, 13.21, 13.34] Demand: [13.45]
Reward for thread 5: [-10.31, -15.53, -19.6] -15.15  Inventory: [0.0, 24.0, 14.0]  Order: [5.14, 5.01, 4.97] Demand: [5.24]

 Algo happo Exp ippo_seed11_formal_v1 updates 709/3000 episodes, total num timesteps 710000/3000000, FPS 117.

Reward for thread 1: [-11.87, -16.54, -19.28] -15.9  Inventory: [0.0, 12.0, 0.0]  Order: [7.06, 7.2, 7.3] Demand: [7.06]
Reward for thread 2: [-13.72, -21.04, -22.76] -19.17  Inventory: [4.0, 9.0, 12.0]  Order: [7.36, 7.24, 7.21] Demand: [7.455]
Reward for thread 3: [-29.12, -21.55, -23.87] -24.85  Inventory: [8.0, 34.0, 41.0]  Order: [11.26, 11.19, 11.15] Demand: [11.41]
Reward for thread 4: [-10.82, -15.57, -19.09] -15.16  Inventory: [8.0, 27.0, 28.0]  Order: [3.6, 3.49, 3.4] Demand: [3.805]
Reward for thread 5: [-14.36, -21.46, -22.22] -19.35  Inventory: [14.0, 41.0, 25.0]  Order: [5.12, 5.09, 5.12] Demand: [5.245]

Eval average reward:  -22.613666666666663  Eval ordering fluctuation measurement (downstream to upstream):  [0.7548070644238278, 1.052870488978828, 1.0893562931520555]

 Algo happo Exp ippo_seed11_formal_v1 updates 710/3000 episodes, total num timesteps 711000/3000000, FPS 117.

Reward for thread 1: [-19.55, -24.27, -25.19] -23.0  Inventory: [5.0, 19.0, 26.0]  Order: [8.41, 8.28, 8.16] Demand: [8.585]
Reward for thread 2: [-13.7, -17.54, -17.36] -16.2  Inventory: [0.0, 0.0, 0.0]  Order: [10.04, 9.98, 9.9] Demand: [10.075]
Reward for thread 3: [-92.52, -34.18, -35.75] -54.15  Inventory: [0.0, 10.0, 0.0]  Order: [14.8, 14.98, 15.04] Demand: [16.485]
Reward for thread 4: [-10.38, -15.47, -18.15] -14.67  Inventory: [0.0, 3.0, 16.0]  Order: [2.44, 2.21, 2.1] Demand: [2.64]
Reward for thread 5: [-15.18, -20.13, -22.26] -19.19  Inventory: [1.0, 21.0, 30.0]  Order: [8.62, 8.49, 8.4] Demand: [8.84]

 Algo happo Exp ippo_seed11_formal_v1 updates 711/3000 episodes, total num timesteps 712000/3000000, FPS 117.

Reward for thread 1: [-13.6, -21.03, -20.03] -18.22  Inventory: [10.0, 58.0, 9.0]  Order: [5.56, 5.7, 5.66] Demand: [5.72]
Reward for thread 2: [-11.36, -18.18, -20.43] -16.66  Inventory: [2.0, 24.0, 32.0]  Order: [5.92, 5.83, 5.74] Demand: [6.07]
Reward for thread 3: [-11.43, -15.44, -16.01] -14.29  Inventory: [16.0, 18.0, 11.0]  Order: [3.08, 2.93, 2.74] Demand: [3.25]
Reward for thread 4: [-11.97, -17.86, -18.37] -16.07  Inventory: [0.0, 7.0, 0.0]  Order: [7.28, 7.34, 7.31] Demand: [7.43]
Reward for thread 5: [-12.41, -19.95, -20.05] -17.47  Inventory: [4.0, 52.0, 28.0]  Order: [5.9, 5.91, 5.8] Demand: [6.03]

 Algo happo Exp ippo_seed11_formal_v1 updates 712/3000 episodes, total num timesteps 713000/3000000, FPS 117.

Reward for thread 1: [-15.54, -22.18, -25.33] -21.02  Inventory: [10.0, 34.0, 45.0]  Order: [6.35, 6.28, 6.25] Demand: [6.55]
Reward for thread 2: [-15.17, -19.17, -23.24] -19.19  Inventory: [11.0, 11.0, 0.0]  Order: [8.29, 8.56, 8.44] Demand: [8.355]
Reward for thread 3: [-11.73, -16.13, -20.84] -16.23  Inventory: [5.0, 20.0, 14.0]  Order: [4.04, 3.9, 3.72] Demand: [4.24]
Reward for thread 4: [-12.13, -19.53, -20.02] -17.23  Inventory: [6.0, 16.0, 34.0]  Order: [6.16, 6.15, 6.14] Demand: [6.3]
Reward for thread 5: [-10.78, -14.95, -17.37] -14.37  Inventory: [10.0, 5.0, 7.0]  Order: [8.46, 8.43, 8.4] Demand: [8.58]

 Algo happo Exp ippo_seed11_formal_v1 updates 713/3000 episodes, total num timesteps 714000/3000000, FPS 117.

Reward for thread 1: [-20.69, -26.03, -26.25] -24.32  Inventory: [0.0, 15.0, 17.0]  Order: [7.76, 7.59, 7.44] Demand: [7.955]
Reward for thread 2: [-9.89, -17.21, -17.06] -14.72  Inventory: [6.0, 27.0, 21.0]  Order: [3.7, 3.61, 3.46] Demand: [3.9]
Reward for thread 3: [-75.96, -35.72, -32.25] -47.98  Inventory: [0.0, 0.0, 0.0]  Order: [13.72, 13.74, 13.76] Demand: [14.81]
Reward for thread 4: [-14.31, -21.71, -23.52] -19.85  Inventory: [6.0, 49.0, 61.0]  Order: [7.14, 7.16, 7.22] Demand: [7.225]
Reward for thread 5: [-11.46, -15.97, -19.5] -15.64  Inventory: [0.0, 29.0, 30.0]  Order: [4.72, 4.63, 4.53] Demand: [4.97]

 Algo happo Exp ippo_seed11_formal_v1 updates 714/3000 episodes, total num timesteps 715000/3000000, FPS 117.

Reward for thread 1: [-38.57, -24.66, -23.3] -28.84  Inventory: [0.0, 0.0, 0.0]  Order: [9.4, 9.39, 9.22] Demand: [9.52]
Reward for thread 2: [-12.03, -17.17, -19.91] -16.37  Inventory: [0.0, 9.0, 21.0]  Order: [5.44, 5.26, 5.12] Demand: [5.69]
Reward for thread 3: [-11.58, -19.62, -20.55] -17.25  Inventory: [5.0, 33.0, 12.0]  Order: [3.01, 2.92, 2.74] Demand: [3.22]
Reward for thread 4: [-17.36, -20.0, -21.76] -19.71  Inventory: [0.0, 0.0, 0.0]  Order: [10.14, 10.11, 10.02] Demand: [10.425]
Reward for thread 5: [-38.35, -43.66, -27.84] -36.62  Inventory: [0.0, 0.0, 2.0]  Order: [14.56, 14.22, 14.27] Demand: [14.12]

Eval average reward:  -23.416833333333333  Eval ordering fluctuation measurement (downstream to upstream):  [0.8260427794219163, 1.0149086370738176, 1.110480918099678]

 Algo happo Exp ippo_seed11_formal_v1 updates 715/3000 episodes, total num timesteps 716000/3000000, FPS 117.

Reward for thread 1: [-133.69, -97.98, -56.83] -96.17  Inventory: [0.0, 0.0, 0.0]  Order: [15.16, 14.24, 14.22] Demand: [15.64]
Reward for thread 2: [-16.21, -18.85, -18.61] -17.89  Inventory: [4.0, 40.0, 48.0]  Order: [9.71, 9.68, 9.66] Demand: [9.855]
Reward for thread 3: [-33.19, -30.53, -26.49] -30.07  Inventory: [0.0, 0.0, 0.0]  Order: [10.74, 10.75, 10.61] Demand: [10.815]
Reward for thread 4: [-13.14, -19.33, -21.91] -18.13  Inventory: [10.0, 23.0, 17.0]  Order: [7.4, 7.28, 7.23] Demand: [7.495]
Reward for thread 5: [-45.43, -27.0, -22.68] -31.7  Inventory: [0.0, 0.0, 0.0]  Order: [13.99, 14.02, 14.02] Demand: [14.01]

 Algo happo Exp ippo_seed11_formal_v1 updates 716/3000 episodes, total num timesteps 717000/3000000, FPS 117.

Reward for thread 1: [-109.9, -65.43, -42.82] -72.72  Inventory: [0.0, 0.0, 9.0]  Order: [16.97, 16.32, 16.46] Demand: [16.365]
Reward for thread 2: [-10.95, -15.92, -16.27] -14.38  Inventory: [18.0, 23.0, 4.0]  Order: [1.94, 1.81, 1.58] Demand: [2.1]
Reward for thread 3: [-17.46, -20.9, -22.71] -20.36  Inventory: [0.0, 23.0, 21.0]  Order: [7.84, 7.71, 7.61] Demand: [8.005]
Reward for thread 4: [-12.55, -18.99, -21.75] -17.76  Inventory: [4.0, 0.0, 33.0]  Order: [6.1, 6.07, 6.02] Demand: [6.]
Reward for thread 5: [-19.52, -22.36, -22.98] -21.62  Inventory: [0.0, 0.0, 0.0]  Order: [8.1, 8.16, 8.14] Demand: [8.355]

 Algo happo Exp ippo_seed11_formal_v1 updates 717/3000 episodes, total num timesteps 718000/3000000, FPS 117.

Reward for thread 1: [-20.47, -21.8, -23.07] -21.78  Inventory: [0.0, 0.0, 0.0]  Order: [10.59, 10.68, 10.64] Demand: [10.575]
Reward for thread 2: [-43.1, -46.78, -30.1] -39.99  Inventory: [0.0, 11.0, 30.0]  Order: [8.9, 8.71, 8.61] Demand: [9.1]
Reward for thread 3: [-29.95, -27.35, -25.92] -27.74  Inventory: [0.0, 0.0, 0.0]  Order: [11.28, 11.12, 11.12] Demand: [11.385]
Reward for thread 4: [-14.15, -19.29, -21.39] -18.28  Inventory: [9.0, 18.0, 13.0]  Order: [7.92, 7.79, 7.72] Demand: [8.11]
Reward for thread 5: [-60.03, -43.35, -29.67] -44.35  Inventory: [0.0, 0.0, 0.0]  Order: [14.38, 13.82, 13.89] Demand: [15.18]

 Algo happo Exp ippo_seed11_formal_v1 updates 718/3000 episodes, total num timesteps 719000/3000000, FPS 117.

Reward for thread 1: [-20.84, -18.39, -16.45] -18.56  Inventory: [50.0, 26.0, 9.0]  Order: [1.16, 1.04, 0.84] Demand: [1.155]
Reward for thread 2: [-16.58, -21.39, -22.0] -19.99  Inventory: [11.0, 19.0, 0.0]  Order: [9.76, 9.78, 9.7] Demand: [9.86]
Reward for thread 3: [-39.89, -23.34, -24.82] -29.35  Inventory: [0.0, 0.0, 0.0]  Order: [13.14, 13.26, 13.3] Demand: [13.92]
Reward for thread 4: [-15.93, -19.37, -20.03] -18.44  Inventory: [12.0, 36.0, 38.0]  Order: [9.98, 10.04, 10.1] Demand: [10.035]
Reward for thread 5: [-26.19, -24.07, -21.35] -23.87  Inventory: [0.0, 0.0, 0.0]  Order: [12.43, 12.52, 12.47] Demand: [12.48]

 Algo happo Exp ippo_seed11_formal_v1 updates 719/3000 episodes, total num timesteps 720000/3000000, FPS 117.

Reward for thread 1: [-20.83, -23.62, -24.66] -23.04  Inventory: [0.0, 0.0, 0.0]  Order: [8.14, 8.28, 8.28] Demand: [8.465]
Reward for thread 2: [-17.4, -20.77, -21.71] -19.96  Inventory: [0.0, 13.0, 0.0]  Order: [10.12, 10.36, 10.34] Demand: [10.135]
Reward for thread 3: [-67.32, -31.28, -26.46] -41.69  Inventory: [11.0, 8.0, 0.0]  Order: [14.86, 14.94, 14.79] Demand: [14.9]
Reward for thread 4: [-49.92, -23.9, -24.14] -32.65  Inventory: [0.0, 0.0, 8.0]  Order: [13.62, 13.63, 13.77] Demand: [14.69]
Reward for thread 5: [-10.71, -17.07, -19.16] -15.65  Inventory: [4.0, 30.0, 19.0]  Order: [5.79, 5.8, 5.66] Demand: [5.905]

Eval average reward:  -23.058583333333335  Eval ordering fluctuation measurement (downstream to upstream):  [0.7951306052171939, 1.0377357220395877, 1.1115238332709885]

 Algo happo Exp ippo_seed11_formal_v1 updates 720/3000 episodes, total num timesteps 721000/3000000, FPS 117.

Reward for thread 1: [-13.31, -17.68, -19.07] -16.69  Inventory: [0.0, 7.0, 23.0]  Order: [8.97, 9.0, 8.93] Demand: [8.98]
Reward for thread 2: [-25.9, -22.6, -25.44] -24.65  Inventory: [0.0, 0.0, 0.0]  Order: [10.49, 10.54, 10.44] Demand: [10.455]
Reward for thread 3: [-16.27, -21.83, -23.36] -20.49  Inventory: [0.0, 0.0, 0.0]  Order: [10.06, 10.01, 10.02] Demand: [10.09]
Reward for thread 4: [-12.55, -19.13, -20.97] -17.55  Inventory: [9.0, 40.0, 30.0]  Order: [6.62, 6.58, 6.48] Demand: [6.77]
Reward for thread 5: [-11.93, -19.06, -22.49] -17.83  Inventory: [2.0, 12.0, 16.0]  Order: [2.84, 2.68, 2.58] Demand: [3.02]

 Algo happo Exp ippo_seed11_formal_v1 updates 721/3000 episodes, total num timesteps 722000/3000000, FPS 117.

Reward for thread 1: [-20.08, -23.53, -22.06] -21.89  Inventory: [0.0, 9.0, 55.0]  Order: [9.3, 9.26, 9.32] Demand: [9.305]
Reward for thread 2: [-69.01, -38.76, -32.24] -46.67  Inventory: [0.0, 0.0, 0.0]  Order: [15.66, 15.68, 15.71] Demand: [15.625]
Reward for thread 3: [-18.74, -25.01, -22.25] -22.0  Inventory: [0.0, 0.0, 0.0]  Order: [8.32, 8.25, 8.19] Demand: [8.105]
Reward for thread 4: [-10.29, -19.75, -18.24] -16.09  Inventory: [9.0, 62.0, 39.0]  Order: [3.58, 3.64, 3.58] Demand: [3.775]
Reward for thread 5: [-18.84, -27.35, -26.67] -24.29  Inventory: [8.0, 50.0, 28.0]  Order: [5.17, 5.18, 5.07] Demand: [5.375]

 Algo happo Exp ippo_seed11_formal_v1 updates 722/3000 episodes, total num timesteps 723000/3000000, FPS 117.

Reward for thread 1: [-9.22, -13.26, -16.5] -12.99  Inventory: [0.0, 28.0, 0.0]  Order: [3.58, 3.67, 3.46] Demand: [3.7]
Reward for thread 2: [-24.38, -23.96, -22.03] -23.46  Inventory: [0.0, 0.0, 0.0]  Order: [11.72, 11.64, 11.6] Demand: [12.02]
Reward for thread 3: [-13.72, -21.52, -22.12] -19.12  Inventory: [12.0, 17.0, 29.0]  Order: [2.1, 1.94, 1.84] Demand: [2.28]
Reward for thread 4: [-12.01, -19.1, -22.46] -17.86  Inventory: [2.0, 11.0, 19.0]  Order: [3.94, 3.76, 3.62] Demand: [4.145]
Reward for thread 5: [-67.72, -33.56, -28.58] -43.29  Inventory: [0.0, 0.0, 0.0]  Order: [15.72, 15.72, 15.74] Demand: [15.78]

 Algo happo Exp ippo_seed11_formal_v1 updates 723/3000 episodes, total num timesteps 724000/3000000, FPS 117.

Reward for thread 1: [-15.14, -23.52, -28.1] -22.25  Inventory: [7.0, 22.0, 25.0]  Order: [3.84, 3.7, 3.58] Demand: [4.045]
Reward for thread 2: [-22.67, -20.81, -20.84] -21.44  Inventory: [0.0, 0.0, 0.0]  Order: [12.36, 12.2, 12.07] Demand: [12.42]
Reward for thread 3: [-11.12, -18.29, -19.48] -16.3  Inventory: [3.0, 44.0, 53.0]  Order: [5.7, 5.66, 5.68] Demand: [5.825]
Reward for thread 4: [-38.3, -25.44, -22.74] -28.83  Inventory: [0.0, 0.0, 0.0]  Order: [12.65, 12.6, 12.64] Demand: [13.36]
Reward for thread 5: [-9.53, -16.04, -17.22] -14.26  Inventory: [4.0, 4.0, 14.0]  Order: [2.79, 2.58, 2.42] Demand: [2.995]

 Algo happo Exp ippo_seed11_formal_v1 updates 724/3000 episodes, total num timesteps 725000/3000000, FPS 117.

Reward for thread 1: [-12.42, -16.96, -18.09] -15.82  Inventory: [17.0, 30.0, 9.0]  Order: [2.68, 2.6, 2.41] Demand: [2.85]
Reward for thread 2: [-10.43, -16.39, -20.93] -15.92  Inventory: [13.0, 14.0, 34.0]  Order: [2.52, 2.35, 2.27] Demand: [2.685]
Reward for thread 3: [-41.99, -25.88, -26.05] -31.31  Inventory: [0.0, 0.0, 0.0]  Order: [14.24, 14.15, 14.19] Demand: [14.38]
Reward for thread 4: [-33.6, -27.42, -25.59] -28.87  Inventory: [0.0, 29.0, 30.0]  Order: [11.81, 11.74, 11.73] Demand: [11.965]
Reward for thread 5: [-9.04, -13.7, -16.73] -13.16  Inventory: [14.0, 24.0, 0.0]  Order: [4.61, 4.68, 4.66] Demand: [4.775]

Eval average reward:  -22.149583333333336  Eval ordering fluctuation measurement (downstream to upstream):  [0.7884391605455352, 0.9885576150236399, 1.0769621401310956]

 Algo happo Exp ippo_seed11_formal_v1 updates 725/3000 episodes, total num timesteps 726000/3000000, FPS 117.

Reward for thread 1: [-15.95, -17.36, -20.52] -17.94  Inventory: [0.0, 16.0, 10.0]  Order: [10.98, 11.02, 10.94] Demand: [11.04]
Reward for thread 2: [-18.0, -20.63, -20.1] -19.58  Inventory: [0.0, 11.0, 24.0]  Order: [11.3, 11.29, 11.22] Demand: [11.44]
Reward for thread 3: [-14.4, -19.94, -19.52] -17.95  Inventory: [0.0, 3.0, 14.0]  Order: [9.06, 9.06, 9.15] Demand: [9.08]
Reward for thread 4: [-10.86, -18.05, -19.55] -16.15  Inventory: [4.0, 19.0, 33.0]  Order: [5.64, 5.52, 5.44] Demand: [5.81]
Reward for thread 5: [-38.12, -22.65, -22.88] -27.88  Inventory: [0.0, 0.0, 0.0]  Order: [11.58, 11.54, 11.64] Demand: [12.395]

 Algo happo Exp ippo_seed11_formal_v1 updates 726/3000 episodes, total num timesteps 727000/3000000, FPS 117.

Reward for thread 1: [-21.51, -19.05, -20.45] -20.34  Inventory: [5.0, 13.0, 19.0]  Order: [9.93, 9.75, 9.6] Demand: [10.095]
Reward for thread 2: [-13.63, -21.2, -21.21] -18.68  Inventory: [0.0, 0.0, 0.0]  Order: [5.97, 5.98, 5.92] Demand: [6.015]
Reward for thread 3: [-19.75, -21.5, -21.9] -21.05  Inventory: [0.0, 0.0, 7.0]  Order: [11.81, 11.82, 11.9] Demand: [11.775]
Reward for thread 4: [-17.61, -20.31, -19.99] -19.3  Inventory: [5.0, 22.0, 24.0]  Order: [9.81, 9.9, 10.05] Demand: [9.835]
Reward for thread 5: [-9.46, -14.29, -15.42] -13.06  Inventory: [0.0, 1.0, 0.0]  Order: [2.8, 2.59, 2.38] Demand: [3.005]

 Algo happo Exp ippo_seed11_formal_v1 updates 727/3000 episodes, total num timesteps 728000/3000000, FPS 117.

Reward for thread 1: [-14.77, -19.67, -20.03] -18.16  Inventory: [17.0, 14.0, 7.0]  Order: [9.02, 8.98, 8.89] Demand: [9.18]
Reward for thread 2: [-35.31, -24.29, -22.72] -27.44  Inventory: [0.0, 0.0, 0.0]  Order: [13.44, 13.54, 13.6] Demand: [13.715]
Reward for thread 3: [-19.68, -22.07, -22.85] -21.53  Inventory: [0.0, 7.0, 0.0]  Order: [11.7, 11.87, 11.92] Demand: [11.84]
Reward for thread 4: [-22.88, -22.11, -21.81] -22.27  Inventory: [0.0, 1.0, 0.0]  Order: [10.76, 10.7, 10.56] Demand: [10.965]
Reward for thread 5: [-20.93, -15.6, -17.27] -17.93  Inventory: [0.0, 0.0, 0.0]  Order: [12.44, 12.55, 12.54] Demand: [12.635]

 Algo happo Exp ippo_seed11_formal_v1 updates 728/3000 episodes, total num timesteps 729000/3000000, FPS 117.

Reward for thread 1: [-12.78, -19.65, -21.33] -17.92  Inventory: [1.0, 16.0, 17.0]  Order: [5.28, 5.12, 4.95] Demand: [5.515]
Reward for thread 2: [-9.98, -16.29, -18.11] -14.79  Inventory: [0.0, 17.0, 15.0]  Order: [4.14, 4.0, 3.87] Demand: [4.355]
Reward for thread 3: [-12.3, -17.56, -18.59] -16.15  Inventory: [10.0, 29.0, 58.0]  Order: [6.71, 6.62, 6.66] Demand: [6.73]
Reward for thread 4: [-42.42, -26.18, -25.52] -31.37  Inventory: [0.0, 0.0, 0.0]  Order: [11.74, 11.76, 11.84] Demand: [12.605]
Reward for thread 5: [-14.95, -19.6, -20.35] -18.3  Inventory: [3.0, 30.0, 4.0]  Order: [8.1, 8.04, 7.94] Demand: [8.29]

 Algo happo Exp ippo_seed11_formal_v1 updates 729/3000 episodes, total num timesteps 730000/3000000, FPS 117.

Reward for thread 1: [-10.13, -16.25, -17.57] -14.65  Inventory: [0.0, 0.0, 0.0]  Order: [4.96, 4.92, 4.74] Demand: [5.105]
Reward for thread 2: [-65.05, -31.52, -30.26] -42.28  Inventory: [0.0, 0.0, 0.0]  Order: [15.2, 15.17, 15.22] Demand: [15.455]
Reward for thread 3: [-20.4, -20.69, -21.35] -20.81  Inventory: [16.0, 48.0, 18.0]  Order: [9.66, 9.72, 9.73] Demand: [9.76]
Reward for thread 4: [-42.47, -28.39, -24.59] -31.82  Inventory: [0.0, 0.0, 0.0]  Order: [13.84, 13.87, 13.92] Demand: [14.365]
Reward for thread 5: [-12.9, -18.96, -20.75] -17.54  Inventory: [18.0, 49.0, 38.0]  Order: [7.16, 7.16, 7.12] Demand: [7.25]

Eval average reward:  -24.125583333333335  Eval ordering fluctuation measurement (downstream to upstream):  [0.805325691100235, 1.04188819606772, 1.1199052070252675]

 Algo happo Exp ippo_seed11_formal_v1 updates 730/3000 episodes, total num timesteps 731000/3000000, FPS 117.

Reward for thread 1: [-15.44, -21.09, -22.31] -19.61  Inventory: [14.0, 21.0, 24.0]  Order: [3.01, 2.88, 2.75] Demand: [3.175]
Reward for thread 2: [-12.29, -20.39, -21.32] -18.0  Inventory: [2.0, 16.0, 31.0]  Order: [5.96, 5.81, 5.72] Demand: [6.16]
Reward for thread 3: [-15.24, -19.32, -20.03] -18.2  Inventory: [0.0, 0.0, 14.0]  Order: [10.67, 10.62, 10.54] Demand: [10.755]
Reward for thread 4: [-56.57, -26.51, -27.78] -36.95  Inventory: [0.0, 0.0, 0.0]  Order: [14.98, 15.07, 15.15] Demand: [16.055]
Reward for thread 5: [-9.69, -17.7, -18.76] -15.38  Inventory: [0.0, 6.0, 12.0]  Order: [3.95, 3.76, 3.58] Demand: [4.19]

 Algo happo Exp ippo_seed11_formal_v1 updates 731/3000 episodes, total num timesteps 732000/3000000, FPS 117.

Reward for thread 1: [-56.88, -35.8, -31.68] -41.45  Inventory: [0.0, 3.0, 0.0]  Order: [11.36, 11.24, 11.04] Demand: [11.575]
Reward for thread 2: [-35.9, -23.27, -23.97] -27.71  Inventory: [0.0, 0.0, 0.0]  Order: [13.64, 13.7, 13.7] Demand: [14.205]
Reward for thread 3: [-9.81, -15.15, -17.6] -14.19  Inventory: [0.0, 6.0, 1.0]  Order: [4.9, 4.72, 4.5] Demand: [5.15]
Reward for thread 4: [-11.24, -17.76, -19.92] -16.31  Inventory: [2.0, 42.0, 42.0]  Order: [3.48, 3.44, 3.4] Demand: [3.655]
Reward for thread 5: [-47.69, -26.58, -24.92] -33.06  Inventory: [0.0, 0.0, 0.0]  Order: [15.72, 15.85, 15.88] Demand: [16.]

 Algo happo Exp ippo_seed11_formal_v1 updates 732/3000 episodes, total num timesteps 733000/3000000, FPS 117.

Reward for thread 1: [-12.08, -16.03, -18.62] -15.58  Inventory: [0.0, 6.0, 13.0]  Order: [10.09, 10.06, 10.01] Demand: [10.145]
Reward for thread 2: [-13.96, -20.78, -18.55] -17.76  Inventory: [1.0, 30.0, 36.0]  Order: [6.4, 6.32, 6.24] Demand: [6.615]
Reward for thread 3: [-53.98, -41.31, -32.05] -42.45  Inventory: [0.0, 8.0, 0.0]  Order: [14.26, 14.46, 14.48] Demand: [14.695]
Reward for thread 4: [-14.75, -17.91, -17.96] -16.87  Inventory: [0.0, 33.0, 24.0]  Order: [8.56, 8.48, 8.36] Demand: [8.755]
Reward for thread 5: [-16.04, -18.56, -20.06] -18.22  Inventory: [0.0, 0.0, 0.0]  Order: [10.72, 10.7, 10.62] Demand: [10.72]

 Algo happo Exp ippo_seed11_formal_v1 updates 733/3000 episodes, total num timesteps 734000/3000000, FPS 117.

Reward for thread 1: [-10.62, -16.63, -19.26] -15.5  Inventory: [0.0, 10.0, 9.0]  Order: [6.28, 6.1, 5.93] Demand: [6.515]
Reward for thread 2: [-9.04, -14.45, -15.04] -12.84  Inventory: [0.0, 12.0, 17.0]  Order: [2.88, 2.71, 2.54] Demand: [3.08]
Reward for thread 3: [-14.38, -19.3, -22.33] -18.67  Inventory: [0.0, 0.0, 0.0]  Order: [8.29, 8.34, 8.24] Demand: [8.4]
Reward for thread 4: [-20.17, -27.2, -27.13] -24.83  Inventory: [0.0, 5.0, 0.0]  Order: [7.09, 7.16, 7.14] Demand: [7.145]
Reward for thread 5: [-63.16, -30.37, -29.22] -40.92  Inventory: [0.0, 1.0, 0.0]  Order: [15.56, 15.68, 15.76] Demand: [16.55]

 Algo happo Exp ippo_seed11_formal_v1 updates 734/3000 episodes, total num timesteps 735000/3000000, FPS 117.

Reward for thread 1: [-11.7, -16.69, -17.93] -15.44  Inventory: [2.0, 22.0, 15.0]  Order: [6.36, 6.34, 6.24] Demand: [6.525]
Reward for thread 2: [-41.4, -24.51, -26.12] -30.68  Inventory: [0.0, 11.0, 0.0]  Order: [11.99, 12.16, 12.19] Demand: [12.97]
Reward for thread 3: [-20.55, -19.81, -19.44] -19.93  Inventory: [0.0, 0.0, 3.0]  Order: [9.85, 9.88, 10.01] Demand: [10.15]
Reward for thread 4: [-15.64, -18.76, -19.54] -17.98  Inventory: [0.0, 0.0, 0.0]  Order: [8.78, 8.74, 8.62] Demand: [8.595]
Reward for thread 5: [-9.93, -17.41, -15.06] -14.13  Inventory: [7.0, 27.0, 31.0]  Order: [4.99, 4.87, 4.79] Demand: [5.17]

Eval average reward:  -23.933333333333334  Eval ordering fluctuation measurement (downstream to upstream):  [0.7813908437963357, 1.0135309955695295, 1.11095414706844]

 Algo happo Exp ippo_seed11_formal_v1 updates 735/3000 episodes, total num timesteps 736000/3000000, FPS 117.

Reward for thread 1: [-19.87, -22.75, -21.96] -21.53  Inventory: [0.0, 0.0, 0.0]  Order: [11.78, 11.72, 11.5] Demand: [11.765]
Reward for thread 2: [-12.75, -18.92, -20.04] -17.24  Inventory: [0.0, 5.0, 0.0]  Order: [5.52, 5.38, 5.22] Demand: [5.675]
Reward for thread 3: [-14.09, -20.75, -17.3] -17.38  Inventory: [25.0, 44.0, 18.0]  Order: [2.0, 1.98, 1.84] Demand: [2.125]
Reward for thread 4: [-71.19, -34.03, -32.88] -46.03  Inventory: [0.0, 0.0, 4.0]  Order: [15.86, 15.9, 15.99] Demand: [17.045]
Reward for thread 5: [-56.53, -32.38, -30.28] -39.73  Inventory: [0.0, 0.0, 0.0]  Order: [15.59, 15.62, 15.68] Demand: [15.75]

 Algo happo Exp ippo_seed11_formal_v1 updates 736/3000 episodes, total num timesteps 737000/3000000, FPS 117.

Reward for thread 1: [-12.5, -22.54, -21.74] -18.93  Inventory: [0.0, 22.0, 15.0]  Order: [3.95, 3.82, 3.65] Demand: [4.195]
Reward for thread 2: [-11.11, -18.6, -17.49] -15.73  Inventory: [0.0, 0.0, 0.0]  Order: [3.46, 3.38, 3.22] Demand: [3.23]
Reward for thread 3: [-17.58, -21.59, -22.18] -20.45  Inventory: [0.0, 0.0, 4.0]  Order: [11.16, 11.2, 11.14] Demand: [11.17]
Reward for thread 4: [-10.16, -15.8, -16.79] -14.25  Inventory: [0.0, 29.0, 12.0]  Order: [5.54, 5.45, 5.29] Demand: [5.785]
Reward for thread 5: [-15.2, -24.09, -26.79] -22.03  Inventory: [10.0, 12.0, 0.0]  Order: [4.64, 4.58, 4.4] Demand: [4.83]

 Algo happo Exp ippo_seed11_formal_v1 updates 737/3000 episodes, total num timesteps 738000/3000000, FPS 117.

Reward for thread 1: [-43.43, -24.07, -25.28] -30.93  Inventory: [0.0, 0.0, 5.0]  Order: [12.66, 12.68, 12.78] Demand: [13.645]
Reward for thread 2: [-44.58, -24.69, -24.28] -31.18  Inventory: [0.0, 0.0, 4.0]  Order: [10.76, 10.83, 10.94] Demand: [11.89]
Reward for thread 3: [-15.73, -20.69, -21.29] -19.24  Inventory: [0.0, 0.0, 0.0]  Order: [7.84, 7.88, 7.84] Demand: [7.85]
Reward for thread 4: [-10.42, -17.56, -16.01] -14.66  Inventory: [0.0, 0.0, 0.0]  Order: [2.68, 2.69, 2.54] Demand: [2.81]
Reward for thread 5: [-71.56, -41.14, -36.62] -49.77  Inventory: [0.0, 0.0, 9.0]  Order: [14.19, 14.26, 14.37] Demand: [15.51]

 Algo happo Exp ippo_seed11_formal_v1 updates 738/3000 episodes, total num timesteps 739000/3000000, FPS 117.

Reward for thread 1: [-10.9, -17.85, -20.82] -16.52  Inventory: [4.0, 17.0, 39.0]  Order: [5.93, 5.8, 5.74] Demand: [6.095]
Reward for thread 2: [-42.98, -28.79, -25.78] -32.52  Inventory: [0.0, 0.0, 0.0]  Order: [12.64, 12.77, 12.82] Demand: [13.34]
Reward for thread 3: [-81.03, -37.66, -33.52] -50.74  Inventory: [0.0, 0.0, 0.0]  Order: [13.42, 13.49, 13.5] Demand: [13.75]
Reward for thread 4: [-22.52, -21.66, -24.88] -23.02  Inventory: [0.0, 0.0, 0.0]  Order: [9.78, 9.9, 9.88] Demand: [10.03]
Reward for thread 5: [-101.18, -44.72, -37.46] -61.12  Inventory: [0.0, 0.0, 1.0]  Order: [14.27, 14.31, 14.4] Demand: [15.935]

 Algo happo Exp ippo_seed11_formal_v1 updates 739/3000 episodes, total num timesteps 740000/3000000, FPS 117.

Reward for thread 1: [-25.61, -20.42, -19.29] -21.77  Inventory: [0.0, 0.0, 0.0]  Order: [10.68, 10.71, 10.76] Demand: [11.22]
Reward for thread 2: [-14.5, -19.62, -19.69] -17.94  Inventory: [0.0, 12.0, 0.0]  Order: [9.48, 9.46, 9.33] Demand: [9.58]
Reward for thread 3: [-43.65, -33.7, -30.64] -36.0  Inventory: [0.0, 0.0, 0.0]  Order: [12.67, 12.67, 12.7] Demand: [13.42]
Reward for thread 4: [-18.74, -18.95, -19.1] -18.93  Inventory: [0.0, 7.0, 21.0]  Order: [11.41, 11.46, 11.4] Demand: [11.42]
Reward for thread 5: [-9.1, -15.17, -15.97] -13.41  Inventory: [5.0, 29.0, 27.0]  Order: [4.44, 4.35, 4.24] Demand: [4.645]

Eval average reward:  -22.080333333333332  Eval ordering fluctuation measurement (downstream to upstream):  [0.7687844515835435, 1.0132139526555277, 1.070728071070557]

 Algo happo Exp ippo_seed11_formal_v1 updates 740/3000 episodes, total num timesteps 741000/3000000, FPS 117.

Reward for thread 1: [-24.18, -23.62, -25.71] -24.5  Inventory: [0.0, 32.0, 32.0]  Order: [8.72, 8.8, 8.74] Demand: [8.91]
Reward for thread 2: [-34.5, -25.48, -25.23] -28.4  Inventory: [0.0, 0.0, 0.0]  Order: [12.6, 12.71, 12.82] Demand: [13.28]
Reward for thread 3: [-24.3, -23.57, -23.44] -23.77  Inventory: [0.0, 0.0, 0.0]  Order: [11.12, 11.2, 11.18] Demand: [11.25]
Reward for thread 4: [-93.6, -37.29, -34.99] -55.29  Inventory: [0.0, 0.0, 15.0]  Order: [14.42, 14.34, 14.36] Demand: [15.91]
Reward for thread 5: [-21.51, -20.98, -19.42] -20.64  Inventory: [2.0, 33.0, 39.0]  Order: [11.7, 11.63, 11.58] Demand: [11.83]

 Algo happo Exp ippo_seed11_formal_v1 updates 741/3000 episodes, total num timesteps 742000/3000000, FPS 117.

Reward for thread 1: [-9.63, -16.22, -17.36] -14.4  Inventory: [1.0, 1.0, 0.0]  Order: [5.26, 5.2, 5.0] Demand: [5.435]
Reward for thread 2: [-13.04, -18.55, -18.48] -16.69  Inventory: [0.0, 0.0, 9.0]  Order: [8.76, 8.73, 8.78] Demand: [8.86]
Reward for thread 3: [-13.7, -20.3, -20.7] -18.23  Inventory: [17.0, 50.0, 14.0]  Order: [7.93, 7.96, 7.87] Demand: [8.035]
Reward for thread 4: [-20.6, -19.17, -19.99] -19.92  Inventory: [0.0, 0.0, 0.0]  Order: [9.51, 9.62, 9.73] Demand: [9.68]
Reward for thread 5: [-11.39, -18.89, -18.68] -16.32  Inventory: [10.0, 33.0, 35.0]  Order: [6.49, 6.42, 6.36] Demand: [6.615]

 Algo happo Exp ippo_seed11_formal_v1 updates 742/3000 episodes, total num timesteps 743000/3000000, FPS 117.

Reward for thread 1: [-23.98, -21.78, -21.56] -22.44  Inventory: [0.0, 0.0, 0.0]  Order: [13.07, 12.84, 12.78] Demand: [12.995]
Reward for thread 2: [-31.66, -24.55, -22.6] -26.27  Inventory: [0.0, 25.0, 21.0]  Order: [11.95, 11.87, 11.74] Demand: [12.065]
Reward for thread 3: [-27.55, -22.29, -21.4] -23.75  Inventory: [0.0, 0.0, 0.0]  Order: [11.73, 11.79, 11.91] Demand: [12.19]
Reward for thread 4: [-12.55, -18.43, -19.62] -16.87  Inventory: [6.0, 9.0, 16.0]  Order: [4.36, 4.22, 4.05] Demand: [4.535]
Reward for thread 5: [-17.44, -19.11, -20.83] -19.13  Inventory: [0.0, 0.0, 0.0]  Order: [10.24, 10.34, 10.28] Demand: [10.32]

 Algo happo Exp ippo_seed11_formal_v1 updates 743/3000 episodes, total num timesteps 744000/3000000, FPS 117.

Reward for thread 1: [-21.47, -18.28, -19.56] -19.77  Inventory: [0.0, 1.0, 4.0]  Order: [12.47, 12.45, 12.38] Demand: [12.585]
Reward for thread 2: [-24.52, -20.73, -21.31] -22.19  Inventory: [3.0, 7.0, 0.0]  Order: [10.96, 10.97, 10.84] Demand: [11.11]
Reward for thread 3: [-64.29, -31.33, -31.46] -42.36  Inventory: [0.0, 0.0, 0.0]  Order: [12.56, 12.62, 12.44] Demand: [12.765]
Reward for thread 4: [-10.6, -17.77, -17.31] -15.23  Inventory: [1.0, 37.0, 29.0]  Order: [3.68, 3.61, 3.5] Demand: [3.86]
Reward for thread 5: [-11.28, -17.66, -20.23] -16.39  Inventory: [1.0, 8.0, 0.0]  Order: [8.43, 8.43, 8.3] Demand: [8.53]

 Algo happo Exp ippo_seed11_formal_v1 updates 744/3000 episodes, total num timesteps 745000/3000000, FPS 117.

Reward for thread 1: [-56.25, -25.37, -26.68] -36.1  Inventory: [0.0, 0.0, 0.0]  Order: [14.24, 14.24, 14.34] Demand: [15.49]
Reward for thread 2: [-9.06, -14.95, -16.14] -13.38  Inventory: [9.0, 18.0, 16.0]  Order: [3.6, 3.44, 3.27] Demand: [3.8]
Reward for thread 3: [-55.16, -26.56, -25.26] -35.66  Inventory: [0.0, 0.0, 13.0]  Order: [12.94, 12.96, 13.04] Demand: [14.015]
Reward for thread 4: [-10.75, -16.49, -18.44] -15.23  Inventory: [0.0, 8.0, 10.0]  Order: [5.22, 5.11, 5.0] Demand: [5.4]
Reward for thread 5: [-16.39, -21.35, -23.21] -20.32  Inventory: [0.0, 0.0, 0.0]  Order: [10.17, 10.18, 10.11] Demand: [10.125]

Eval average reward:  -21.99975  Eval ordering fluctuation measurement (downstream to upstream):  [0.7971450564209998, 1.0344437049438846, 1.1254095106800057]

 Algo happo Exp ippo_seed11_formal_v1 updates 745/3000 episodes, total num timesteps 746000/3000000, FPS 117.

Reward for thread 1: [-63.2, -30.05, -30.8] -41.35  Inventory: [0.0, 5.0, 0.0]  Order: [13.07, 13.24, 13.34] Demand: [14.195]
Reward for thread 2: [-16.79, -23.97, -26.19] -22.32  Inventory: [10.0, 33.0, 25.0]  Order: [8.09, 8.06, 8.01] Demand: [8.25]
Reward for thread 3: [-10.18, -16.47, -17.33] -14.66  Inventory: [0.0, 28.0, 39.0]  Order: [4.34, 4.22, 4.19] Demand: [4.51]
Reward for thread 4: [-10.94, -18.62, -18.32] -15.96  Inventory: [0.0, 24.0, 28.0]  Order: [6.32, 6.22, 6.12] Demand: [6.5]
Reward for thread 5: [-14.04, -25.61, -23.08] -20.91  Inventory: [7.0, 44.0, 20.0]  Order: [4.75, 4.72, 4.58] Demand: [4.96]

 Algo happo Exp ippo_seed11_formal_v1 updates 746/3000 episodes, total num timesteps 747000/3000000, FPS 117.

Reward for thread 1: [-10.08, -16.81, -17.72] -14.87  Inventory: [0.0, 6.0, 0.0]  Order: [4.11, 3.98, 3.8] Demand: [4.33]
Reward for thread 2: [-10.8, -17.32, -19.34] -15.82  Inventory: [0.0, 6.0, 32.0]  Order: [4.57, 4.46, 4.38] Demand: [4.76]
Reward for thread 3: [-10.57, -15.9, -18.56] -15.01  Inventory: [0.0, 15.0, 17.0]  Order: [5.52, 5.55, 5.46] Demand: [5.605]
Reward for thread 4: [-12.01, -18.31, -20.45] -16.92  Inventory: [2.0, 12.0, 19.0]  Order: [5.94, 5.78, 5.62] Demand: [6.16]
Reward for thread 5: [-12.68, -20.4, -22.71] -18.6  Inventory: [0.0, 19.0, 27.0]  Order: [4.78, 4.64, 4.54] Demand: [5.025]

 Algo happo Exp ippo_seed11_formal_v1 updates 747/3000 episodes, total num timesteps 748000/3000000, FPS 117.

Reward for thread 1: [-12.64, -17.86, -22.23] -17.58  Inventory: [0.0, 6.0, 44.0]  Order: [4.72, 4.53, 4.51] Demand: [4.87]
Reward for thread 2: [-13.61, -20.21, -21.11] -18.31  Inventory: [0.0, 21.0, 16.0]  Order: [7.27, 7.16, 7.12] Demand: [7.465]
Reward for thread 3: [-19.39, -21.63, -20.18] -20.4  Inventory: [0.0, 0.0, 0.0]  Order: [12.52, 12.46, 12.5] Demand: [12.42]
Reward for thread 4: [-16.47, -21.48, -22.42] -20.12  Inventory: [9.0, 13.0, 24.0]  Order: [10.39, 10.32, 10.34] Demand: [10.43]
Reward for thread 5: [-11.48, -17.19, -21.12] -16.6  Inventory: [0.0, 10.0, 34.0]  Order: [5.48, 5.28, 5.22] Demand: [5.705]

 Algo happo Exp ippo_seed11_formal_v1 updates 748/3000 episodes, total num timesteps 749000/3000000, FPS 117.

Reward for thread 1: [-9.56, -14.46, -15.68] -13.23  Inventory: [0.0, 0.0, 4.0]  Order: [5.54, 5.38, 5.25] Demand: [5.68]
Reward for thread 2: [-11.43, -18.31, -20.93] -16.89  Inventory: [0.0, 0.0, 4.0]  Order: [6.84, 6.76, 6.7] Demand: [6.975]
Reward for thread 3: [-9.88, -15.44, -19.27] -14.86  Inventory: [0.0, 20.0, 31.0]  Order: [3.02, 2.88, 2.78] Demand: [3.265]
Reward for thread 4: [-12.15, -19.02, -19.86] -17.01  Inventory: [5.0, 27.0, 24.0]  Order: [6.55, 6.45, 6.33] Demand: [6.72]
Reward for thread 5: [-101.37, -41.15, -37.58] -60.03  Inventory: [0.0, 0.0, 0.0]  Order: [15.96, 15.94, 15.97] Demand: [17.135]

 Algo happo Exp ippo_seed11_formal_v1 updates 749/3000 episodes, total num timesteps 750000/3000000, FPS 117.

Reward for thread 1: [-17.09, -21.39, -20.61] -19.7  Inventory: [0.0, 16.0, 22.0]  Order: [9.44, 9.39, 9.28] Demand: [9.615]
Reward for thread 2: [-15.49, -20.28, -22.46] -19.41  Inventory: [3.0, 10.0, 42.0]  Order: [8.54, 8.35, 8.32] Demand: [8.695]
Reward for thread 3: [-58.59, -45.68, -34.34] -46.2  Inventory: [0.0, 0.0, 0.0]  Order: [14.63, 14.22, 14.32] Demand: [15.42]
Reward for thread 4: [-9.71, -16.47, -15.63] -13.94  Inventory: [12.0, 29.0, 24.0]  Order: [1.46, 1.36, 1.24] Demand: [1.65]
Reward for thread 5: [-14.23, -17.94, -18.72] -16.96  Inventory: [0.0, 12.0, 0.0]  Order: [7.62, 7.6, 7.43] Demand: [7.75]

Eval average reward:  -23.03666666666667  Eval ordering fluctuation measurement (downstream to upstream):  [0.7712683729278416, 1.022943450756849, 1.1175077271227805]

 Algo happo Exp ippo_seed11_formal_v1 updates 750/3000 episodes, total num timesteps 751000/3000000, FPS 117.

Reward for thread 1: [-75.07, -38.78, -31.56] -48.47  Inventory: [0.0, 0.0, 0.0]  Order: [16.82, 16.9, 16.99] Demand: [16.85]
Reward for thread 2: [-59.76, -38.17, -34.3] -44.08  Inventory: [0.0, 0.0, 12.0]  Order: [12.02, 11.98, 12.02] Demand: [12.58]
Reward for thread 3: [-26.22, -20.8, -21.79] -22.94  Inventory: [0.0, 0.0, 0.0]  Order: [11.84, 11.92, 11.84] Demand: [12.235]
Reward for thread 4: [-22.36, -25.09, -22.9] -23.45  Inventory: [5.0, 28.0, 20.0]  Order: [9.37, 9.37, 9.32] Demand: [9.45]
Reward for thread 5: [-69.91, -51.66, -36.09] -52.55  Inventory: [0.0, 0.0, 0.0]  Order: [15.24, 15.04, 15.12] Demand: [15.255]

 Algo happo Exp ippo_seed11_formal_v1 updates 751/3000 episodes, total num timesteps 752000/3000000, FPS 117.

Reward for thread 1: [-10.41, -18.66, -19.27] -16.11  Inventory: [7.0, 37.0, 8.0]  Order: [5.12, 5.07, 4.95] Demand: [5.34]
Reward for thread 2: [-10.96, -19.14, -18.04] -16.05  Inventory: [0.0, 10.0, 0.0]  Order: [4.95, 4.88, 4.78] Demand: [5.14]
Reward for thread 3: [-84.16, -44.5, -37.85] -55.5  Inventory: [0.0, 0.0, 0.0]  Order: [15.26, 15.36, 15.46] Demand: [15.92]
Reward for thread 4: [-16.88, -18.88, -20.02] -18.59  Inventory: [0.0, 21.0, 18.0]  Order: [10.95, 10.85, 10.7] Demand: [11.08]
Reward for thread 5: [-50.87, -26.52, -26.76] -34.72  Inventory: [11.0, 36.0, 10.0]  Order: [12.88, 13.0, 13.02] Demand: [12.95]

 Algo happo Exp ippo_seed11_formal_v1 updates 752/3000 episodes, total num timesteps 753000/3000000, FPS 117.

Reward for thread 1: [-11.56, -19.8, -19.96] -17.11  Inventory: [3.0, 10.0, 22.0]  Order: [4.24, 4.06, 3.92] Demand: [4.465]
Reward for thread 2: [-15.41, -17.95, -17.8] -17.05  Inventory: [0.0, 0.0, 0.0]  Order: [10.29, 10.32, 10.28] Demand: [10.42]
Reward for thread 3: [-18.91, -18.24, -18.21] -18.45  Inventory: [0.0, 25.0, 11.0]  Order: [12.52, 12.44, 12.38] Demand: [12.685]
Reward for thread 4: [-32.13, -24.96, -20.4] -25.83  Inventory: [2.0, 0.0, 36.0]  Order: [14.56, 14.44, 14.47] Demand: [14.54]
Reward for thread 5: [-41.17, -28.93, -24.48] -31.53  Inventory: [0.0, 0.0, 5.0]  Order: [14.46, 14.42, 14.58] Demand: [14.995]

 Algo happo Exp ippo_seed11_formal_v1 updates 753/3000 episodes, total num timesteps 754000/3000000, FPS 117.

Reward for thread 1: [-9.74, -15.16, -19.81] -14.9  Inventory: [0.0, 16.0, 30.0]  Order: [2.16, 2.02, 1.92] Demand: [2.385]
Reward for thread 2: [-18.99, -20.9, -22.02] -20.64  Inventory: [0.0, 0.0, 0.0]  Order: [10.64, 10.66, 10.74] Demand: [10.66]
Reward for thread 3: [-15.36, -20.65, -19.06] -18.36  Inventory: [0.0, 0.0, 0.0]  Order: [8.24, 8.1, 8.12] Demand: [8.22]
Reward for thread 4: [-8.93, -14.83, -15.41] -13.06  Inventory: [2.0, 11.0, 0.0]  Order: [4.55, 4.46, 4.32] Demand: [4.72]
Reward for thread 5: [-13.98, -18.26, -18.53] -16.92  Inventory: [0.0, 0.0, 0.0]  Order: [9.76, 9.82, 9.85] Demand: [9.755]

 Algo happo Exp ippo_seed11_formal_v1 updates 754/3000 episodes, total num timesteps 755000/3000000, FPS 117.

Reward for thread 1: [-41.39, -33.82, -28.29] -34.5  Inventory: [0.0, 0.0, 0.0]  Order: [11.29, 11.12, 11.12] Demand: [12.005]
Reward for thread 2: [-18.86, -20.4, -22.13] -20.46  Inventory: [0.0, 0.0, 0.0]  Order: [10.19, 10.12, 10.05] Demand: [10.165]
Reward for thread 3: [-42.17, -40.07, -26.64] -36.29  Inventory: [0.0, 0.0, 0.0]  Order: [14.59, 14.51, 14.6] Demand: [14.68]
Reward for thread 4: [-9.51, -14.67, -14.56] -12.91  Inventory: [0.0, 16.0, 0.0]  Order: [8.0, 8.07, 8.04] Demand: [8.105]
Reward for thread 5: [-17.26, -19.94, -19.21] -18.8  Inventory: [1.0, 14.0, 0.0]  Order: [9.05, 8.93, 8.83] Demand: [9.21]

Eval average reward:  -22.718166666666665  Eval ordering fluctuation measurement (downstream to upstream):  [0.8024037369325383, 1.0375784697518127, 1.1077107187538187]

 Algo happo Exp ippo_seed11_formal_v1 updates 755/3000 episodes, total num timesteps 756000/3000000, FPS 117.

Reward for thread 1: [-13.87, -17.01, -17.37] -16.08  Inventory: [0.0, 0.0, 0.0]  Order: [7.88, 7.86, 7.8] Demand: [7.905]
Reward for thread 2: [-67.25, -34.7, -29.38] -43.78  Inventory: [0.0, 0.0, 26.0]  Order: [14.96, 14.89, 15.0] Demand: [15.135]
Reward for thread 3: [-35.39, -29.44, -23.43] -29.42  Inventory: [0.0, 14.0, 11.0]  Order: [14.02, 14.04, 13.96] Demand: [14.035]
Reward for thread 4: [-9.84, -16.43, -16.33] -14.2  Inventory: [4.0, 27.0, 0.0]  Order: [4.52, 4.42, 4.25] Demand: [4.75]
Reward for thread 5: [-14.71, -19.76, -19.22] -17.9  Inventory: [21.0, 74.0, 45.0]  Order: [9.41, 9.54, 9.52] Demand: [9.535]

 Algo happo Exp ippo_seed11_formal_v1 updates 756/3000 episodes, total num timesteps 757000/3000000, FPS 117.

Reward for thread 1: [-19.33, -21.4, -20.72] -20.48  Inventory: [0.0, 27.0, 24.0]  Order: [10.2, 10.26, 10.19] Demand: [10.275]
Reward for thread 2: [-11.26, -16.22, -18.94] -15.47  Inventory: [0.0, 36.0, 44.0]  Order: [8.65, 8.72, 8.76] Demand: [8.745]
Reward for thread 3: [-12.89, -19.46, -19.2] -17.18  Inventory: [0.0, 0.0, 33.0]  Order: [7.2, 7.14, 7.09] Demand: [7.215]
Reward for thread 4: [-12.36, -16.77, -18.31] -15.81  Inventory: [0.0, 56.0, 32.0]  Order: [6.07, 6.16, 6.09] Demand: [6.25]
Reward for thread 5: [-9.84, -16.23, -17.53] -14.53  Inventory: [4.0, 15.0, 22.0]  Order: [3.4, 3.24, 3.1] Demand: [3.625]

 Algo happo Exp ippo_seed11_formal_v1 updates 757/3000 episodes, total num timesteps 758000/3000000, FPS 117.

Reward for thread 1: [-140.99, -87.11, -56.47] -94.86  Inventory: [0.0, 0.0, 6.0]  Order: [15.3, 14.84, 14.98] Demand: [16.015]
Reward for thread 2: [-10.69, -16.99, -19.03] -15.57  Inventory: [0.0, 2.0, 17.0]  Order: [3.32, 3.13, 2.98] Demand: [3.52]
Reward for thread 3: [-11.73, -18.87, -20.55] -17.05  Inventory: [1.0, 18.0, 21.0]  Order: [5.42, 5.28, 5.14] Demand: [5.62]
Reward for thread 4: [-15.74, -20.24, -20.1] -18.69  Inventory: [0.0, 40.0, 32.0]  Order: [9.4, 9.44, 9.36] Demand: [9.49]
Reward for thread 5: [-18.12, -23.37, -21.4] -20.96  Inventory: [0.0, 16.0, 29.0]  Order: [8.22, 8.07, 7.98] Demand: [8.415]

 Algo happo Exp ippo_seed11_formal_v1 updates 758/3000 episodes, total num timesteps 759000/3000000, FPS 117.

Reward for thread 1: [-36.96, -28.02, -22.35] -29.11  Inventory: [0.0, 0.0, 15.0]  Order: [13.46, 13.44, 13.45] Demand: [13.58]
Reward for thread 2: [-13.7, -20.19, -20.06] -17.98  Inventory: [4.0, 27.0, 20.0]  Order: [8.28, 8.26, 8.16] Demand: [8.425]
Reward for thread 3: [-10.2, -15.71, -16.09] -14.0  Inventory: [17.0, 32.0, 12.0]  Order: [2.36, 2.27, 2.08] Demand: [2.525]
Reward for thread 4: [-12.65, -16.4, -17.39] -15.48  Inventory: [4.0, 14.0, 11.0]  Order: [5.92, 5.84, 5.65] Demand: [6.07]
Reward for thread 5: [-15.77, -21.29, -22.68] -19.91  Inventory: [0.0, 0.0, 0.0]  Order: [10.08, 10.12, 10.11] Demand: [10.065]

 Algo happo Exp ippo_seed11_formal_v1 updates 759/3000 episodes, total num timesteps 760000/3000000, FPS 117.

Reward for thread 1: [-48.53, -23.53, -23.7] -31.92  Inventory: [0.0, 0.0, 0.0]  Order: [14.58, 14.58, 14.66] Demand: [14.715]
Reward for thread 2: [-9.22, -15.15, -16.03] -13.47  Inventory: [0.0, 2.0, 13.0]  Order: [4.03, 3.88, 3.75] Demand: [4.21]
Reward for thread 3: [-14.35, -20.01, -21.32] -18.56  Inventory: [0.0, 10.0, 27.0]  Order: [9.08, 8.99, 8.88] Demand: [9.16]
Reward for thread 4: [-67.83, -48.02, -35.1] -50.32  Inventory: [0.0, 0.0, 6.0]  Order: [15.06, 14.9, 15.04] Demand: [15.58]
Reward for thread 5: [-8.54, -14.97, -15.29] -12.93  Inventory: [0.0, 0.0, 0.0]  Order: [4.12, 4.12, 3.95] Demand: [4.24]
LEARNING_CURVE_COMPLETED {"actual_algorithm": "ippo", "seed": 11, "requested_budget": 3000000, "completed_steps": 760000, "stop_reason": "empirical_plateau", "initial_eval_cost": 294.7013333333333, "final_eval_cost": 24.856083333333334, "best_observed_evaluation": {"step": 595000, "phase": "evaluation", "mean_actor_period_cost": 19.389416666666666}, "official_best_cost": 19.389416666666666, "best_scheduled_evaluation": {"step": 595000, "phase": "evaluation", "mean_actor_period_cost": 19.389416666666666}, "final_model_directory": "C:\\Users\\13384\\.codex\\worktrees\\zaiqu-formal-bc\\external\\results\\MyEnv\\Emergency_Replenishment_Compatibility\\happo\\ippo_seed11_formal_v1\\run_seed_12\\final_models", "max_reload_error": 0.0, "eval_traces": 20, "interpretation": "single-seed learning observation, not convergence or superiority evidence", "stability": {"stable": true, "steps": 760000, "minimum_steps": 100000, "window": 10, "median_change_limit": 0.01, "recent_cv_limit": 0.05, "best_change_limit": 0.01, "median_change": 0.0033557473067860875, "best_change": 0.004424846100580365, "recent_cv": 0.03918857110728667}}
