Gym has been unmaintained since 2022 and does not support NumPy 2.0 amongst other critical functionality.
Please upgrade to Gymnasium, the maintained drop-in replacement of Gym, or contact the authors of your software and request that they upgrade.
Users of this version of Gym should be able to simply replace 'import gym' with 'import gymnasium as gym' in the vast majority of cases.
See the migration guide at https://gymnasium.farama.org/introduction/migration_guide/ for additional information.
all config:  Namespace(algorithm_name='happo', scenario_name='Emergency_Replenishment_Compatibility', num_landmarks=3, num_agents=3, use_single_network=False, experiment_name='ippo_seed13_formal_v1', seed=[13], seed_specify=True, running_id=1, cuda=True, cuda_deterministic=True, n_training_threads=1, n_rollout_threads=5, n_eval_rollout_threads=1, n_render_rollout_threads=1, num_env_steps=3000000, n_warmup_evaluations=10, n_no_improvement_thres=40, user_name='marl', env_name='MyEnv', use_obs_instead_of_state=False, episode_length=200, share_policy=False, use_centralized_V=False, stacked_frames=1, use_stacked_frames=False, hidden_size=128, layer_N=2, use_ReLU=True, use_popart=False, use_valuenorm=True, use_feature_normalization=False, use_orthogonal=True, gain=0.01, use_naive_recurrent_policy=True, use_recurrent_policy=False, recurrent_N=2, data_chunk_length=10, lr=0.0001, critic_lr=0.0001, opti_eps=1e-05, weight_decay=0, kl_threshold=0.01, ls_step=10, accept_ratio=0.5, ppo_epoch=15, use_clipped_value_loss=True, clip_param=0.2, num_mini_batch=1, entropy_coef=0.01, value_loss_coef=0.5, use_max_grad_norm=False, max_grad_norm=0.5, use_gae=True, gamma=0.95, gae_lambda=0.95, use_proper_time_limits=True, use_huber_loss=True, use_value_active_masks=False, use_policy_active_masks=False, huber_delta=10.0, use_linear_lr_decay=False, save_interval=1, log_interval=1, model_dir=None, use_eval=True, eval_interval=5, save_gifs=False, use_render=False, render_episodes=5, ifi=0.1)
choose to use cpu...
-------------------------------------------------Training starts for seed: 13---------------------------------------------------
share_observation_space:  [Box(-inf, inf, (21,), float32), Box(-inf, inf, (21,), float32), Box(-inf, inf, (21,), float32)]
observation_space:  [Box(-inf, inf, (7,), float32), Box(-inf, inf, (7,), float32), Box(-inf, inf, (7,), float32)]
action_space:  [Discrete(21), Discrete(21), Discrete(21)]

Eval average reward:  -570.2488333333333  Eval ordering fluctuation measurement (downstream to upstream):  [1.3539616054900254, 0.7649960787885957, 0.1932742377231076]

 Algo happo Exp ippo_seed13_formal_v1 updates 0/3000 episodes, total num timesteps 1000/3000000, FPS 77.

Reward for thread 1: [-51.3, -40.74, -42.87] -44.97  Inventory: [0.0, 0.0, 0.0]  Order: [10.14, 9.82, 9.68] Demand: [10.75]
Reward for thread 2: [-209.43, -87.31, -88.09] -128.28  Inventory: [0.0, 0.0, 0.0]  Order: [10.52, 10.32, 10.11] Demand: [10.225]
Reward for thread 3: [-145.28, -83.86, -136.73] -121.96  Inventory: [0.0, 0.0, 242.0]  Order: [9.36, 8.9, 10.02] Demand: [12.145]
Reward for thread 4: [-183.1, -101.4, -89.72] -124.74  Inventory: [0.0, 0.0, 50.0]  Order: [10.0, 9.62, 9.86] Demand: [13.265]
Reward for thread 5: [-240.72, -130.96, -136.61] -169.43  Inventory: [0.0, 0.0, 0.0]  Order: [10.2, 10.38, 9.28] Demand: [11.77]

 Algo happo Exp ippo_seed13_formal_v1 updates 1/3000 episodes, total num timesteps 2000/3000000, FPS 99.

Reward for thread 1: [-181.01, -106.67, -87.12] -124.93  Inventory: [0.0, 99.0, 152.0]  Order: [9.3, 9.65, 10.37] Demand: [10.]
Reward for thread 2: [-48.9, -41.29, -51.37] -47.19  Inventory: [0.0, 20.0, 22.0]  Order: [9.74, 9.78, 9.84] Demand: [10.355]
Reward for thread 3: [-138.8, -62.76, -113.71] -105.09  Inventory: [0.0, 0.0, 282.0]  Order: [10.01, 9.64, 11.09] Demand: [13.09]
Reward for thread 4: [-142.26, -60.57, -84.09] -95.64  Inventory: [0.0, 0.0, 180.0]  Order: [9.66, 9.14, 10.02] Demand: [13.165]
Reward for thread 5: [-270.07, -87.45, -96.62] -151.38  Inventory: [0.0, 53.0, 48.0]  Order: [9.77, 9.94, 10.14] Demand: [14.505]

 Algo happo Exp ippo_seed13_formal_v1 updates 2/3000 episodes, total num timesteps 3000/3000000, FPS 109.

Reward for thread 1: [-180.77, -99.1, -82.42] -120.76  Inventory: [805.0, 0.0, 41.0]  Order: [10.24, 10.04, 10.18] Demand: [6.2]
Reward for thread 2: [-179.1, -85.91, -82.45] -115.82  Inventory: [84.0, 102.0, 31.0]  Order: [9.93, 10.38, 10.56] Demand: [9.595]
Reward for thread 3: [-194.68, -95.72, -92.62] -127.67  Inventory: [88.0, 0.0, 55.0]  Order: [10.42, 9.59, 9.76] Demand: [9.365]
Reward for thread 4: [-210.6, -94.9, -143.44] -149.65  Inventory: [725.0, 0.0, 165.0]  Order: [9.94, 9.71, 10.44] Demand: [6.195]
Reward for thread 5: [-280.41, -100.31, -107.23] -162.65  Inventory: [0.0, 0.0, 8.0]  Order: [10.32, 10.14, 10.07] Demand: [13.145]

 Algo happo Exp ippo_seed13_formal_v1 updates 3/3000 episodes, total num timesteps 4000/3000000, FPS 114.

Reward for thread 1: [-122.69, -75.66, -56.7] -85.02  Inventory: [0.0, 0.0, 0.0]  Order: [10.14, 9.93, 9.23] Demand: [12.195]
Reward for thread 2: [-102.23, -51.83, -60.27] -71.44  Inventory: [0.0, 50.0, 18.0]  Order: [9.31, 9.49, 9.59] Demand: [10.005]
Reward for thread 3: [-178.36, -91.02, -76.13] -115.17  Inventory: [169.0, 73.0, 0.0]  Order: [9.74, 10.07, 10.1] Demand: [8.91]
Reward for thread 4: [-104.67, -45.5, -44.26] -64.81  Inventory: [428.0, 26.0, 8.0]  Order: [9.78, 9.9, 9.9] Demand: [7.705]
Reward for thread 5: [-79.44, -41.69, -46.2] -55.78  Inventory: [321.0, 0.0, 76.0]  Order: [9.65, 9.39, 9.61] Demand: [8.06]

 Algo happo Exp ippo_seed13_formal_v1 updates 4/3000 episodes, total num timesteps 5000/3000000, FPS 119.

Reward for thread 1: [-292.61, -84.69, -89.63] -155.64  Inventory: [0.0, 0.0, 8.0]  Order: [10.14, 10.04, 10.1] Demand: [14.09]
Reward for thread 2: [-345.57, -105.91, -104.36] -185.28  Inventory: [0.0, 0.0, 58.0]  Order: [9.62, 9.27, 9.59] Demand: [12.425]
Reward for thread 3: [-375.8, -113.96, -116.78] -202.18  Inventory: [1244.0, 0.0, 17.0]  Order: [9.62, 9.59, 9.61] Demand: [3.41]
Reward for thread 4: [-209.55, -145.54, -96.71] -150.6  Inventory: [0.0, 0.0, 36.0]  Order: [9.98, 8.93, 9.01] Demand: [10.49]
Reward for thread 5: [-68.11, -40.82, -41.49] -50.14  Inventory: [245.0, 112.0, 0.0]  Order: [9.24, 9.88, 9.7] Demand: [8.115]

Eval average reward:  -280.43816666666663  Eval ordering fluctuation measurement (downstream to upstream):  [0.5560082063338716, 0.39779009245958213, 0.3232585453168354]
A better model is saved!

 Algo happo Exp ippo_seed13_formal_v1 updates 5/3000 episodes, total num timesteps 6000/3000000, FPS 109.

Reward for thread 1: [-211.64, -75.85, -72.54] -120.01  Inventory: [0.0, 11.0, 1.0]  Order: [9.76, 9.74, 9.66] Demand: [12.415]
Reward for thread 2: [-165.15, -121.34, -77.97] -121.49  Inventory: [0.0, 194.0, 0.0]  Order: [9.53, 10.56, 10.26] Demand: [13.28]
Reward for thread 3: [-361.44, -112.4, -108.5] -194.11  Inventory: [988.0, 46.0, 1.0]  Order: [10.18, 10.38, 10.4] Demand: [5.3]
Reward for thread 4: [-199.28, -121.31, -132.75] -151.11  Inventory: [761.0, 165.0, 0.0]  Order: [9.51, 11.01, 10.23] Demand: [5.725]
Reward for thread 5: [-412.46, -134.27, -134.1] -226.94  Inventory: [1364.0, 0.0, 0.0]  Order: [9.92, 9.74, 9.46] Demand: [2.695]

 Algo happo Exp ippo_seed13_formal_v1 updates 6/3000 episodes, total num timesteps 7000/3000000, FPS 112.

Reward for thread 1: [-355.46, -146.28, -111.26] -204.33  Inventory: [1119.0, 93.0, 9.0]  Order: [9.42, 9.82, 9.72] Demand: [3.815]
Reward for thread 2: [-270.44, -110.5, -92.94] -157.96  Inventory: [0.0, 0.0, 0.0]  Order: [10.44, 10.11, 9.86] Demand: [14.48]
Reward for thread 3: [-320.69, -125.74, -105.96] -184.13  Inventory: [1300.0, 141.0, 0.0]  Order: [9.92, 10.63, 10.5] Demand: [3.445]
Reward for thread 4: [-398.83, -143.02, -128.07] -223.31  Inventory: [0.0, 0.0, 52.0]  Order: [9.68, 9.24, 9.4] Demand: [14.495]
Reward for thread 5: [-303.44, -101.8, -99.44] -168.23  Inventory: [1008.0, 70.0, 10.0]  Order: [9.76, 10.06, 10.14] Demand: [4.835]

 Algo happo Exp ippo_seed13_formal_v1 updates 7/3000 episodes, total num timesteps 8000/3000000, FPS 115.

Reward for thread 1: [-206.62, -74.89, -73.74] -118.42  Inventory: [876.0, 92.0, 0.0]  Order: [10.0, 10.56, 10.38] Demand: [5.65]
Reward for thread 2: [-259.64, -143.95, -97.12] -166.9  Inventory: [917.0, 196.0, 56.0]  Order: [9.15, 10.11, 10.22] Demand: [4.6]
Reward for thread 3: [-284.01, -98.32, -92.57] -158.3  Inventory: [1036.0, 62.0, 0.0]  Order: [9.62, 9.91, 9.74] Demand: [4.47]
Reward for thread 4: [-475.63, -178.6, -143.43] -265.89  Inventory: [0.0, 0.0, 11.0]  Order: [10.1, 9.46, 9.51] Demand: [14.925]
Reward for thread 5: [-243.77, -79.65, -76.26] -133.23  Inventory: [0.0, 49.0, 0.0]  Order: [9.41, 9.72, 9.59] Demand: [12.95]

 Algo happo Exp ippo_seed13_formal_v1 updates 8/3000 episodes, total num timesteps 9000/3000000, FPS 117.

Reward for thread 1: [-341.4, -121.31, -107.89] -190.2  Inventory: [0.0, 0.0, 0.0]  Order: [9.94, 9.85, 9.76] Demand: [14.46]
Reward for thread 2: [-290.79, -117.62, -95.16] -167.86  Inventory: [1001.0, 60.0, 48.0]  Order: [9.72, 9.94, 9.97] Demand: [4.83]
Reward for thread 3: [-358.61, -110.0, -108.81] -192.47  Inventory: [0.0, 0.0, 0.0]  Order: [10.11, 10.08, 10.0] Demand: [14.315]
Reward for thread 4: [-76.09, -101.95, -52.17] -76.74  Inventory: [0.0, 0.0, 0.0]  Order: [10.76, 10.28, 9.78] Demand: [9.915]
Reward for thread 5: [-213.62, -129.51, -88.97] -144.03  Inventory: [803.0, 251.0, 0.0]  Order: [9.26, 10.65, 10.35] Demand: [5.24]

 Algo happo Exp ippo_seed13_formal_v1 updates 9/3000 episodes, total num timesteps 10000/3000000, FPS 119.

Reward for thread 1: [-182.13, -97.97, -75.44] -118.51  Inventory: [142.0, 0.0, 7.0]  Order: [11.26, 10.82, 10.88] Demand: [10.12]
Reward for thread 2: [-268.02, -179.12, -104.17] -183.77  Inventory: [1067.0, 288.0, 0.0]  Order: [9.36, 10.78, 10.68] Demand: [4.12]
Reward for thread 3: [-272.01, -92.8, -85.36] -150.06  Inventory: [919.0, 62.0, 0.0]  Order: [9.28, 9.82, 9.62] Demand: [4.765]
Reward for thread 4: [-408.09, -182.76, -128.88] -239.91  Inventory: [0.0, 0.0, 0.0]  Order: [11.58, 10.62, 10.23] Demand: [15.785]
Reward for thread 5: [-461.02, -175.4, -141.26] -259.23  Inventory: [1476.0, 225.0, 0.0]  Order: [9.46, 10.66, 10.57] Demand: [2.205]

Eval average reward:  -188.47833333333335  Eval ordering fluctuation measurement (downstream to upstream):  [0.20493144279671854, 0.232798235499804, 0.41560415644683896]
A better model is saved!

 Algo happo Exp ippo_seed13_formal_v1 updates 10/3000 episodes, total num timesteps 11000/3000000, FPS 113.

Reward for thread 1: [-65.71, -43.3, -33.67] -47.56  Inventory: [128.0, 9.0, 3.0]  Order: [9.6, 9.59, 9.5] Demand: [9.005]
Reward for thread 2: [-77.38, -49.65, -38.8] -55.28  Inventory: [0.0, 83.0, 0.0]  Order: [9.68, 10.26, 10.1] Demand: [11.06]
Reward for thread 3: [-205.45, -82.43, -67.02] -118.3  Inventory: [948.0, 97.0, 0.0]  Order: [10.34, 10.92, 10.67] Demand: [5.73]
Reward for thread 4: [-111.75, -57.14, -55.67] -74.85  Inventory: [0.0, 0.0, 20.0]  Order: [11.0, 10.88, 10.88] Demand: [13.49]
Reward for thread 5: [-315.59, -137.71, -103.13] -185.48  Inventory: [972.0, 144.0, 0.0]  Order: [9.44, 10.35, 10.2] Demand: [4.65]

 Algo happo Exp ippo_seed13_formal_v1 updates 11/3000 episodes, total num timesteps 12000/3000000, FPS 115.

Reward for thread 1: [-106.12, -50.36, -42.08] -66.19  Inventory: [0.0, 0.0, 0.0]  Order: [9.98, 10.07, 9.86] Demand: [10.85]
Reward for thread 2: [-78.18, -38.78, -33.89] -50.28  Inventory: [514.0, 22.0, 0.0]  Order: [9.7, 9.88, 9.68] Demand: [7.245]
Reward for thread 3: [-71.73, -58.39, -49.37] -59.83  Inventory: [349.0, 0.0, 0.0]  Order: [10.5, 10.26, 10.04] Demand: [8.24]
Reward for thread 4: [-233.37, -78.27, -72.69] -128.11  Inventory: [0.0, 43.0, 34.0]  Order: [10.3, 10.4, 10.58] Demand: [14.42]
Reward for thread 5: [-396.89, -135.39, -120.03] -217.44  Inventory: [1291.0, 58.0, 8.0]  Order: [9.87, 10.01, 9.9] Demand: [3.555]

 Algo happo Exp ippo_seed13_formal_v1 updates 12/3000 episodes, total num timesteps 13000/3000000, FPS 117.

Reward for thread 1: [-224.76, -101.67, -83.17] -136.53  Inventory: [23.0, 0.0, 0.0]  Order: [10.58, 9.96, 9.9] Demand: [9.69]
Reward for thread 2: [-230.8, -80.23, -82.44] -131.16  Inventory: [738.0, 12.0, 0.0]  Order: [9.26, 9.34, 9.18] Demand: [5.685]
Reward for thread 3: [-97.81, -153.46, -63.8] -105.02  Inventory: [116.0, 0.0, 0.0]  Order: [11.19, 9.74, 9.46] Demand: [8.91]
Reward for thread 4: [-157.03, -80.88, -60.85] -99.59  Inventory: [0.0, 0.0, 6.0]  Order: [10.5, 9.72, 9.7] Demand: [11.675]
Reward for thread 5: [-408.14, -149.08, -120.4] -225.87  Inventory: [0.0, 0.0, 14.0]  Order: [10.52, 9.93, 10.04] Demand: [15.545]

 Algo happo Exp ippo_seed13_formal_v1 updates 13/3000 episodes, total num timesteps 14000/3000000, FPS 118.

Reward for thread 1: [-166.64, -62.98, -65.06] -98.23  Inventory: [769.0, 11.0, 97.0]  Order: [9.15, 9.16, 9.57] Demand: [5.36]
Reward for thread 2: [-463.76, -194.94, -145.51] -268.07  Inventory: [0.0, 0.0, 0.0]  Order: [11.12, 10.45, 10.34] Demand: [16.995]
Reward for thread 3: [-85.39, -58.31, -39.84] -61.18  Inventory: [392.0, 3.0, 0.0]  Order: [10.32, 10.4, 10.22] Demand: [8.355]
Reward for thread 4: [-383.13, -179.87, -135.65] -232.88  Inventory: [0.0, 0.0, 0.0]  Order: [11.45, 11.03, 10.68] Demand: [15.805]
Reward for thread 5: [-201.8, -111.86, -79.6] -131.09  Inventory: [521.0, 115.0, 20.0]  Order: [9.02, 9.38, 9.39] Demand: [6.485]

 Algo happo Exp ippo_seed13_formal_v1 updates 14/3000 episodes, total num timesteps 15000/3000000, FPS 119.

Reward for thread 1: [-83.89, -86.75, -46.46] -72.37  Inventory: [140.0, 0.0, 9.0]  Order: [11.32, 9.87, 9.82] Demand: [9.385]
Reward for thread 2: [-92.5, -54.17, -41.77] -62.81  Inventory: [386.0, 2.0, 25.0]  Order: [9.99, 9.87, 9.9] Demand: [8.11]
Reward for thread 3: [-85.83, -76.3, -46.25] -69.46  Inventory: [0.0, 0.0, 48.0]  Order: [10.92, 10.38, 10.43] Demand: [11.42]
Reward for thread 4: [-77.2, -49.2, -39.19] -55.2  Inventory: [166.0, 0.0, 0.0]  Order: [9.34, 9.38, 9.24] Demand: [8.545]
Reward for thread 5: [-53.96, -44.21, -32.48] -43.55  Inventory: [123.0, 92.0, 0.0]  Order: [8.74, 9.11, 8.96] Demand: [8.235]

Eval average reward:  -475.1930833333333  Eval ordering fluctuation measurement (downstream to upstream):  [0.28251204830724713, 0.3360856857386238, 0.9540501126908071]

 Algo happo Exp ippo_seed13_formal_v1 updates 15/3000 episodes, total num timesteps 16000/3000000, FPS 115.

Reward for thread 1: [-79.66, -42.79, -37.5] -53.32  Inventory: [0.0, 0.0, 25.0]  Order: [9.44, 9.38, 9.44] Demand: [10.265]
Reward for thread 2: [-239.09, -156.62, -91.17] -162.29  Inventory: [0.0, 0.0, 0.0]  Order: [11.49, 10.2, 10.16] Demand: [12.635]
Reward for thread 3: [-71.59, -37.77, -37.1] -48.82  Inventory: [424.0, 0.0, 51.0]  Order: [9.6, 9.38, 9.62] Demand: [7.45]
Reward for thread 4: [-364.79, -167.71, -117.86] -216.79  Inventory: [0.0, 0.0, 0.0]  Order: [10.64, 10.06, 10.02] Demand: [16.295]
Reward for thread 5: [-160.85, -173.08, -78.67] -137.53  Inventory: [420.0, 0.0, 0.0]  Order: [11.18, 9.76, 9.69] Demand: [7.675]

 Algo happo Exp ippo_seed13_formal_v1 updates 16/3000 episodes, total num timesteps 17000/3000000, FPS 116.

Reward for thread 1: [-272.05, -86.28, -81.42] -146.58  Inventory: [1048.0, 78.0, 0.0]  Order: [9.68, 9.98, 9.76] Demand: [4.51]
Reward for thread 2: [-242.38, -85.51, -85.79] -137.89  Inventory: [914.0, 0.0, 53.0]  Order: [9.96, 9.8, 9.89] Demand: [5.275]
Reward for thread 3: [-275.24, -102.94, -86.61] -154.93  Inventory: [0.0, 0.0, 0.0]  Order: [11.7, 11.07, 10.86] Demand: [15.23]
Reward for thread 4: [-98.66, -64.26, -54.0] -72.31  Inventory: [0.0, 0.0, 34.0]  Order: [9.14, 8.66, 8.74] Demand: [9.225]
Reward for thread 5: [-113.19, -49.44, -49.81] -70.81  Inventory: [189.0, 14.0, 34.0]  Order: [9.12, 9.22, 9.23] Demand: [8.145]

 Algo happo Exp ippo_seed13_formal_v1 updates 17/3000 episodes, total num timesteps 18000/3000000, FPS 117.

Reward for thread 1: [-137.7, -79.61, -58.63] -91.98  Inventory: [0.0, 0.0, 44.0]  Order: [10.04, 9.35, 9.35] Demand: [12.46]
Reward for thread 2: [-153.02, -78.47, -60.18] -97.22  Inventory: [0.0, 0.0, 0.0]  Order: [11.39, 10.56, 10.4] Demand: [14.9]
Reward for thread 3: [-176.99, -67.67, -59.56] -101.41  Inventory: [608.0, 0.0, 37.0]  Order: [9.36, 9.12, 9.38] Demand: [6.22]
Reward for thread 4: [-216.08, -105.25, -79.84] -133.72  Inventory: [1005.0, 0.0, 7.0]  Order: [9.58, 9.38, 9.47] Demand: [4.54]
Reward for thread 5: [-113.65, -74.81, -52.66] -80.37  Inventory: [0.0, 0.0, 7.0]  Order: [11.04, 9.88, 9.9] Demand: [13.13]

 Algo happo Exp ippo_seed13_formal_v1 updates 18/3000 episodes, total num timesteps 19000/3000000, FPS 118.

Reward for thread 1: [-207.99, -79.02, -72.73] -119.91  Inventory: [714.0, 121.0, 0.0]  Order: [8.79, 9.52, 9.36] Demand: [5.325]
Reward for thread 2: [-49.91, -56.16, -35.1] -47.06  Inventory: [3.0, 0.0, 0.0]  Order: [9.79, 9.8, 9.47] Demand: [9.675]
Reward for thread 3: [-64.48, -41.05, -35.18] -46.9  Inventory: [260.0, 37.0, 5.0]  Order: [8.41, 8.57, 8.6] Demand: [7.235]
Reward for thread 4: [-63.88, -54.27, -45.61] -54.59  Inventory: [297.0, 43.0, 0.0]  Order: [8.93, 9.22, 9.22] Demand: [7.595]
Reward for thread 5: [-229.92, -111.44, -82.22] -141.19  Inventory: [727.0, 133.0, 47.0]  Order: [8.14, 8.68, 8.82] Demand: [4.615]

 Algo happo Exp ippo_seed13_formal_v1 updates 19/3000 episodes, total num timesteps 20000/3000000, FPS 119.

Reward for thread 1: [-292.47, -102.01, -95.28] -163.25  Inventory: [0.0, 3.0, 0.0]  Order: [11.12, 11.26, 11.2] Demand: [15.65]
Reward for thread 2: [-197.04, -74.07, -69.53] -113.55  Inventory: [289.0, 22.0, 0.0]  Order: [9.21, 9.22, 9.0] Demand: [7.81]
Reward for thread 3: [-159.63, -71.41, -60.48] -97.17  Inventory: [0.0, 0.0, 4.0]  Order: [11.02, 10.9, 10.98] Demand: [14.45]
Reward for thread 4: [-69.78, -47.77, -37.47] -51.67  Inventory: [0.0, 0.0, 9.0]  Order: [9.78, 9.14, 9.14] Demand: [10.64]
Reward for thread 5: [-61.87, -61.95, -34.38] -52.73  Inventory: [0.0, 113.0, 0.0]  Order: [8.2, 8.81, 8.71] Demand: [8.345]

Eval average reward:  -176.66383333333332  Eval ordering fluctuation measurement (downstream to upstream):  [0.4349719502999655, 0.09429110710480118, 0.3093573437242937]
A better model is saved!

 Algo happo Exp ippo_seed13_formal_v1 updates 20/3000 episodes, total num timesteps 21000/3000000, FPS 116.

Reward for thread 1: [-227.3, -106.2, -88.24] -140.58  Inventory: [651.0, 119.0, 14.0]  Order: [8.02, 8.56, 8.57] Demand: [4.88]
Reward for thread 2: [-127.88, -87.53, -56.27] -90.56  Inventory: [204.0, 106.0, 40.0]  Order: [8.18, 8.66, 8.74] Demand: [7.195]
Reward for thread 3: [-53.39, -51.72, -31.2] -45.44  Inventory: [133.0, 147.0, 54.0]  Order: [8.64, 9.43, 9.52] Demand: [8.055]
Reward for thread 4: [-96.96, -51.21, -44.26] -64.14  Inventory: [87.0, 0.0, 8.0]  Order: [10.38, 10.15, 10.02] Demand: [9.875]
Reward for thread 5: [-133.91, -52.01, -49.22] -78.38  Inventory: [537.0, 0.0, 0.0]  Order: [9.7, 9.59, 9.52] Demand: [6.865]

 Algo happo Exp ippo_seed13_formal_v1 updates 21/3000 episodes, total num timesteps 22000/3000000, FPS 117.

Reward for thread 1: [-89.2, -48.89, -50.25] -62.78  Inventory: [525.0, 46.0, 6.0]  Order: [8.61, 8.8, 8.93] Demand: [6.1]
Reward for thread 2: [-61.83, -39.09, -31.03] -43.98  Inventory: [0.0, 0.0, 0.0]  Order: [9.78, 9.56, 9.57] Demand: [11.38]
Reward for thread 3: [-157.13, -71.48, -61.11] -96.57  Inventory: [291.0, 95.0, 8.0]  Order: [10.68, 11.12, 10.96] Demand: [9.3]
Reward for thread 4: [-161.0, -81.15, -65.06] -102.4  Inventory: [704.0, 77.0, 0.0]  Order: [9.14, 9.51, 9.36] Demand: [5.675]
Reward for thread 5: [-70.6, -89.68, -42.5] -67.59  Inventory: [229.0, 155.0, 30.0]  Order: [8.5, 9.16, 9.22] Demand: [7.42]

 Algo happo Exp ippo_seed13_formal_v1 updates 22/3000 episodes, total num timesteps 23000/3000000, FPS 118.

Reward for thread 1: [-384.36, -165.05, -126.01] -225.14  Inventory: [1334.0, 107.0, 12.0]  Order: [8.64, 9.07, 9.05] Demand: [1.935]
Reward for thread 2: [-47.3, -121.07, -44.77] -71.05  Inventory: [57.0, 295.0, 4.0]  Order: [8.57, 9.92, 9.86] Demand: [8.46]
Reward for thread 3: [-142.47, -73.59, -56.05] -90.7  Inventory: [619.0, 85.0, 0.0]  Order: [9.62, 10.0, 9.9] Demand: [6.59]
Reward for thread 4: [-325.96, -163.99, -109.37] -199.77  Inventory: [1106.0, 166.0, 29.0]  Order: [8.89, 9.66, 9.72] Demand: [3.325]
Reward for thread 5: [-60.83, -118.27, -48.09] -75.73  Inventory: [73.0, 338.0, 0.0]  Order: [8.41, 10.18, 10.04] Demand: [8.22]

 Algo happo Exp ippo_seed13_formal_v1 updates 23/3000 episodes, total num timesteps 24000/3000000, FPS 118.

Reward for thread 1: [-291.83, -94.0, -92.12] -159.32  Inventory: [0.0, 0.0, 0.0]  Order: [11.06, 10.88, 10.85] Demand: [14.61]
Reward for thread 2: [-255.34, -88.28, -79.56] -141.06  Inventory: [973.0, 29.0, 0.0]  Order: [8.52, 8.81, 8.64] Demand: [3.595]
Reward for thread 3: [-88.33, -59.47, -44.28] -64.03  Inventory: [333.0, 77.0, 18.0]  Order: [9.24, 9.69, 9.65] Demand: [7.685]
Reward for thread 4: [-306.2, -132.97, -101.94] -180.37  Inventory: [1062.0, 106.0, 21.0]  Order: [8.99, 9.32, 9.46] Demand: [3.795]
Reward for thread 5: [-283.88, -134.96, -98.22] -172.35  Inventory: [0.0, 0.0, 0.0]  Order: [11.06, 9.96, 9.82] Demand: [14.055]

 Algo happo Exp ippo_seed13_formal_v1 updates 24/3000 episodes, total num timesteps 25000/3000000, FPS 119.

Reward for thread 1: [-266.78, -120.3, -93.28] -160.12  Inventory: [865.0, 148.0, 3.0]  Order: [8.53, 9.24, 9.22] Demand: [4.37]
Reward for thread 2: [-275.32, -154.57, -99.58] -176.49  Inventory: [891.0, 272.0, 13.0]  Order: [8.26, 9.52, 9.51] Demand: [3.905]
Reward for thread 3: [-42.89, -38.6, -26.8] -36.1  Inventory: [40.0, 24.0, 0.0]  Order: [9.4, 9.69, 9.56] Demand: [9.335]
Reward for thread 4: [-124.18, -104.93, -56.0] -95.04  Inventory: [0.0, 0.0, 0.0]  Order: [11.66, 10.49, 10.49] Demand: [12.765]
Reward for thread 5: [-93.55, -50.38, -47.81] -63.91  Inventory: [0.0, 0.0, 0.0]  Order: [9.34, 9.19, 9.06] Demand: [9.385]

Eval average reward:  -219.74425  Eval ordering fluctuation measurement (downstream to upstream):  [0.24000709991843033, 0.14529529715289202, 0.4277154458173686]

 Algo happo Exp ippo_seed13_formal_v1 updates 25/3000 episodes, total num timesteps 26000/3000000, FPS 116.

Reward for thread 1: [-115.22, -53.71, -44.88] -71.27  Inventory: [415.0, 0.0, 7.0]  Order: [10.72, 10.6, 10.44] Demand: [8.495]
Reward for thread 2: [-421.11, -135.46, -131.63] -229.4  Inventory: [1414.0, 33.0, 33.0]  Order: [8.54, 8.65, 8.66] Demand: [1.54]
Reward for thread 3: [-237.98, -106.8, -79.68] -141.49  Inventory: [0.0, 0.0, 0.0]  Order: [11.0, 10.49, 10.4] Demand: [14.505]
Reward for thread 4: [-172.24, -105.76, -68.06] -115.35  Inventory: [490.0, 260.0, 4.0]  Order: [8.93, 10.24, 10.28] Demand: [6.595]
Reward for thread 5: [-315.65, -160.42, -108.12] -194.73  Inventory: [1120.0, 209.0, 0.0]  Order: [8.6, 9.82, 9.68] Demand: [3.]

 Algo happo Exp ippo_seed13_formal_v1 updates 26/3000 episodes, total num timesteps 27000/3000000, FPS 117.

Reward for thread 1: [-87.55, -88.13, -45.73] -73.8  Inventory: [0.0, 20.0, 2.0]  Order: [9.36, 9.39, 9.43] Demand: [9.445]
Reward for thread 2: [-345.24, -161.79, -114.29] -207.11  Inventory: [1027.0, 98.0, 64.0]  Order: [8.22, 8.66, 8.87] Demand: [3.14]
Reward for thread 3: [-75.26, -57.23, -38.87] -57.12  Inventory: [375.0, 0.0, 0.0]  Order: [10.15, 10.14, 9.99] Demand: [8.07]
Reward for thread 4: [-312.12, -144.87, -101.02] -186.0  Inventory: [941.0, 153.0, 0.0]  Order: [8.64, 9.46, 9.44] Demand: [4.05]
Reward for thread 5: [-238.47, -76.64, -78.44] -131.18  Inventory: [0.0, 0.0, 0.0]  Order: [11.41, 11.22, 11.2] Demand: [12.46]

 Algo happo Exp ippo_seed13_formal_v1 updates 27/3000 episodes, total num timesteps 28000/3000000, FPS 118.

Reward for thread 1: [-287.67, -139.98, -97.76] -175.14  Inventory: [0.0, 0.0, 0.0]  Order: [11.25, 10.03, 10.0] Demand: [15.925]
Reward for thread 2: [-93.22, -57.68, -46.54] -65.81  Inventory: [0.0, 0.0, 0.0]  Order: [10.69, 10.06, 9.95] Demand: [11.745]
Reward for thread 3: [-89.66, -96.98, -49.47] -78.7  Inventory: [265.0, 0.0, 0.0]  Order: [11.26, 11.12, 10.93] Demand: [9.76]
Reward for thread 4: [-177.87, -75.13, -66.17] -106.39  Inventory: [464.0, 79.0, 40.0]  Order: [9.51, 9.74, 9.84] Demand: [7.35]
Reward for thread 5: [-141.11, -127.22, -64.29] -110.87  Inventory: [561.0, 0.0, 0.0]  Order: [10.4, 10.02, 9.96] Demand: [7.3]

 Algo happo Exp ippo_seed13_formal_v1 updates 28/3000 episodes, total num timesteps 29000/3000000, FPS 118.

Reward for thread 1: [-244.85, -155.36, -91.29] -163.83  Inventory: [756.0, 197.0, 62.0]  Order: [8.32, 9.2, 9.38] Demand: [4.565]
Reward for thread 2: [-344.13, -109.94, -111.87] -188.65  Inventory: [0.0, 0.0, 36.0]  Order: [11.22, 11.13, 11.14] Demand: [14.4]
Reward for thread 3: [-229.09, -86.26, -78.4] -131.25  Inventory: [853.0, 40.0, 0.0]  Order: [8.73, 8.82, 8.74] Demand: [4.475]
Reward for thread 4: [-124.42, -64.95, -49.76] -79.71  Inventory: [0.0, 1.0, 13.0]  Order: [9.03, 8.94, 8.84] Demand: [9.57]
Reward for thread 5: [-117.05, -64.45, -48.41] -76.64  Inventory: [664.0, 48.0, 0.0]  Order: [10.34, 10.55, 10.58] Demand: [7.07]

 Algo happo Exp ippo_seed13_formal_v1 updates 29/3000 episodes, total num timesteps 30000/3000000, FPS 119.

Reward for thread 1: [-192.53, -119.08, -82.68] -131.43  Inventory: [613.0, 273.0, 13.0]  Order: [9.01, 10.3, 10.35] Demand: [6.035]
Reward for thread 2: [-76.01, -58.57, -42.23] -58.94  Inventory: [373.0, 142.0, 0.0]  Order: [9.38, 10.14, 10.07] Demand: [7.475]
Reward for thread 3: [-247.55, -118.36, -88.76] -151.56  Inventory: [382.0, 161.0, 37.0]  Order: [7.77, 8.48, 8.44] Demand: [5.98]
Reward for thread 4: [-74.98, -36.24, -41.25] -50.82  Inventory: [0.0, 0.0, 0.0]  Order: [11.42, 11.36, 11.26] Demand: [13.445]
Reward for thread 5: [-92.84, -52.06, -41.92] -62.27  Inventory: [260.0, 0.0, 28.0]  Order: [9.56, 9.35, 9.43] Demand: [8.18]

Eval average reward:  -187.97791666666666  Eval ordering fluctuation measurement (downstream to upstream):  [0.48784708974226926, 0.6468598263046417, 0.7110490619581642]

 Algo happo Exp ippo_seed13_formal_v1 updates 30/3000 episodes, total num timesteps 31000/3000000, FPS 117.

Reward for thread 1: [-165.76, -74.67, -64.6] -101.68  Inventory: [599.0, 30.0, 0.0]  Order: [8.34, 8.39, 8.3] Demand: [5.42]
Reward for thread 2: [-91.52, -40.83, -38.72] -57.02  Inventory: [336.0, 5.0, 0.0]  Order: [10.38, 10.48, 10.54] Demand: [8.745]
Reward for thread 3: [-83.11, -55.13, -43.71] -60.65  Inventory: [256.0, 123.0, 9.0]  Order: [9.08, 9.62, 9.66] Demand: [7.835]
Reward for thread 4: [-88.2, -39.5, -40.79] -56.16  Inventory: [79.0, 0.0, 0.0]  Order: [10.78, 10.95, 10.76] Demand: [10.275]
Reward for thread 5: [-51.19, -37.83, -40.12] -43.05  Inventory: [21.0, 0.0, 0.0]  Order: [8.44, 8.49, 8.3] Demand: [8.425]

 Algo happo Exp ippo_seed13_formal_v1 updates 31/3000 episodes, total num timesteps 32000/3000000, FPS 117.

Reward for thread 1: [-36.9, -50.2, -28.36] -38.49  Inventory: [115.0, 22.0, 0.0]  Order: [9.98, 9.98, 9.98] Demand: [9.52]
Reward for thread 2: [-203.93, -76.74, -69.33] -116.67  Inventory: [394.0, 77.0, 0.0]  Order: [8.47, 9.02, 8.9] Demand: [6.615]
Reward for thread 3: [-297.14, -104.55, -95.37] -165.69  Inventory: [930.0, 48.0, 36.0]  Order: [8.9, 9.06, 9.14] Demand: [4.335]
Reward for thread 4: [-200.46, -92.79, -72.75] -122.0  Inventory: [607.0, 102.0, 35.0]  Order: [8.38, 8.76, 8.78] Demand: [5.47]
Reward for thread 5: [-252.99, -109.96, -87.64] -150.2  Inventory: [896.0, 160.0, 7.0]  Order: [8.11, 8.83, 8.89] Demand: [3.81]

 Algo happo Exp ippo_seed13_formal_v1 updates 32/3000 episodes, total num timesteps 33000/3000000, FPS 118.

Reward for thread 1: [-173.21, -78.9, -71.61] -107.91  Inventory: [0.0, 0.0, 0.0]  Order: [9.89, 9.45, 9.23] Demand: [12.69]
Reward for thread 2: [-213.8, -82.52, -74.94] -123.75  Inventory: [712.0, 51.0, 3.0]  Order: [7.74, 7.92, 7.78] Demand: [4.205]
Reward for thread 3: [-45.92, -36.56, -27.24] -36.57  Inventory: [0.0, 0.0, 0.0]  Order: [9.66, 9.81, 9.62] Demand: [10.055]
Reward for thread 4: [-47.01, -32.04, -26.76] -35.27  Inventory: [0.0, 0.0, 0.0]  Order: [9.42, 9.23, 9.15] Demand: [9.995]
Reward for thread 5: [-130.49, -58.29, -54.43] -81.07  Inventory: [0.0, 0.0, 0.0]  Order: [9.22, 9.07, 8.88] Demand: [12.225]

 Algo happo Exp ippo_seed13_formal_v1 updates 33/3000 episodes, total num timesteps 34000/3000000, FPS 118.

Reward for thread 1: [-198.63, -81.22, -75.14] -118.33  Inventory: [659.0, 12.0, 0.0]  Order: [7.45, 7.54, 7.5] Demand: [4.255]
Reward for thread 2: [-135.1, -101.8, -56.34] -97.75  Inventory: [0.0, 0.0, 0.0]  Order: [11.46, 10.7, 10.7] Demand: [12.725]
Reward for thread 3: [-222.69, -83.22, -81.98] -129.3  Inventory: [647.0, 42.0, 0.0]  Order: [7.66, 7.76, 7.81] Demand: [4.515]
Reward for thread 4: [-157.11, -83.48, -66.89] -102.49  Inventory: [637.0, 82.0, 26.0]  Order: [7.51, 7.76, 7.71] Demand: [4.445]
Reward for thread 5: [-265.64, -106.64, -89.65] -153.98  Inventory: [717.0, 2.0, 0.0]  Order: [8.91, 8.87, 8.86] Demand: [5.35]

 Algo happo Exp ippo_seed13_formal_v1 updates 34/3000 episodes, total num timesteps 35000/3000000, FPS 119.

Reward for thread 1: [-92.5, -41.55, -41.12] -58.39  Inventory: [0.0, 0.0, 0.0]  Order: [10.02, 9.88, 9.77] Demand: [12.695]
Reward for thread 2: [-209.64, -81.01, -71.29] -120.65  Inventory: [621.0, 128.0, 24.0]  Order: [7.47, 7.98, 8.04] Demand: [4.505]
Reward for thread 3: [-295.15, -104.0, -91.71] -163.62  Inventory: [930.0, 0.0, 0.0]  Order: [8.52, 8.5, 8.38] Demand: [3.94]
Reward for thread 4: [-221.7, -119.15, -82.14] -141.0  Inventory: [573.0, 144.0, 14.0]  Order: [8.57, 9.09, 9.04] Demand: [5.855]
Reward for thread 5: [-200.91, -80.86, -71.05] -117.61  Inventory: [637.0, 29.0, 45.0]  Order: [7.5, 7.64, 7.78] Demand: [4.435]

Eval average reward:  -114.91816666666668  Eval ordering fluctuation measurement (downstream to upstream):  [0.1822241435669541, 0.8634368110701749, 0.9556840698618961]
A better model is saved!

 Algo happo Exp ippo_seed13_formal_v1 updates 35/3000 episodes, total num timesteps 36000/3000000, FPS 117.

Reward for thread 1: [-200.01, -81.33, -74.26] -118.53  Inventory: [786.0, 26.0, 44.0]  Order: [9.38, 9.38, 9.44] Demand: [5.525]
Reward for thread 2: [-158.14, -66.56, -64.33] -96.34  Inventory: [727.0, 116.0, 10.0]  Order: [7.81, 8.24, 8.22] Demand: [4.3]
Reward for thread 3: [-107.0, -52.04, -47.45] -68.83  Inventory: [428.0, 0.0, 1.0]  Order: [9.16, 9.15, 8.98] Demand: [7.095]
Reward for thread 4: [-124.96, -62.31, -50.12] -79.13  Inventory: [435.0, 55.0, 50.0]  Order: [8.9, 9.0, 9.12] Demand: [6.845]
Reward for thread 5: [-136.81, -68.83, -56.06] -87.23  Inventory: [0.0, 0.0, 0.0]  Order: [10.76, 10.12, 10.1] Demand: [13.69]

 Algo happo Exp ippo_seed13_formal_v1 updates 36/3000 episodes, total num timesteps 37000/3000000, FPS 118.

Reward for thread 1: [-189.21, -86.71, -88.29] -121.4  Inventory: [536.0, 83.0, 68.0]  Order: [10.32, 10.66, 10.86] Demand: [7.79]
Reward for thread 2: [-206.27, -69.32, -75.22] -116.94  Inventory: [573.0, 4.0, 0.0]  Order: [8.72, 8.97, 8.77] Demand: [5.88]
Reward for thread 3: [-119.69, -62.57, -54.21] -78.82  Inventory: [0.0, 0.0, 0.0]  Order: [9.3, 8.86, 8.82] Demand: [11.06]
Reward for thread 4: [-160.01, -60.17, -63.87] -94.68  Inventory: [780.0, 29.0, 30.0]  Order: [8.9, 9.02, 9.02] Demand: [5.175]
Reward for thread 5: [-177.94, -63.84, -74.13] -105.3  Inventory: [544.0, 24.0, 0.0]  Order: [7.84, 7.96, 7.73] Demand: [5.265]

 Algo happo Exp ippo_seed13_formal_v1 updates 37/3000 episodes, total num timesteps 38000/3000000, FPS 118.

Reward for thread 1: [-111.73, -45.82, -49.59] -69.05  Inventory: [413.0, 25.0, 0.0]  Order: [8.44, 8.48, 8.44] Demand: [6.5]
Reward for thread 2: [-124.78, -47.58, -48.74] -73.7  Inventory: [484.0, 5.0, 4.0]  Order: [7.42, 7.42, 7.34] Demand: [5.075]
Reward for thread 3: [-189.06, -65.04, -68.89] -107.66  Inventory: [479.0, 9.0, 41.0]  Order: [8.18, 8.05, 8.12] Demand: [5.875]
Reward for thread 4: [-250.06, -171.01, -96.93] -172.67  Inventory: [0.0, 0.0, 0.0]  Order: [11.41, 10.68, 10.46] Demand: [10.99]
Reward for thread 5: [-64.76, -38.76, -39.01] -47.51  Inventory: [151.0, 11.0, 34.0]  Order: [7.87, 7.79, 7.8] Demand: [7.215]

 Algo happo Exp ippo_seed13_formal_v1 updates 38/3000 episodes, total num timesteps 39000/3000000, FPS 118.

Reward for thread 1: [-175.02, -65.13, -65.12] -101.76  Inventory: [688.0, 21.0, 26.0]  Order: [8.01, 8.1, 8.09] Demand: [4.68]
Reward for thread 2: [-43.36, -34.69, -32.1] -36.72  Inventory: [42.0, 49.0, 36.0]  Order: [9.94, 10.1, 10.16] Demand: [9.79]
Reward for thread 3: [-198.49, -88.48, -82.52] -123.16  Inventory: [0.0, 0.0, 0.0]  Order: [11.12, 10.72, 10.64] Demand: [14.905]
Reward for thread 4: [-118.12, -48.86, -47.46] -71.48  Inventory: [671.0, 5.0, 0.0]  Order: [8.83, 8.99, 8.87] Demand: [5.46]
Reward for thread 5: [-50.14, -30.15, -31.09] -37.13  Inventory: [81.0, 47.0, 38.0]  Order: [8.56, 8.68, 8.82] Demand: [8.25]

 Algo happo Exp ippo_seed13_formal_v1 updates 39/3000 episodes, total num timesteps 40000/3000000, FPS 119.

Reward for thread 1: [-169.44, -61.56, -65.91] -98.97  Inventory: [397.0, 0.0, 0.0]  Order: [8.49, 8.8, 8.54] Demand: [6.485]
Reward for thread 2: [-89.54, -46.45, -41.41] -59.13  Inventory: [513.0, 58.0, 61.0]  Order: [8.93, 9.06, 9.18] Demand: [6.51]
Reward for thread 3: [-232.15, -74.21, -77.56] -127.97  Inventory: [636.0, 9.0, 0.0]  Order: [7.87, 7.94, 7.91] Demand: [4.84]
Reward for thread 4: [-172.88, -68.9, -78.35] -106.71  Inventory: [532.0, 26.0, 63.0]  Order: [7.68, 7.62, 7.82] Demand: [5.145]
Reward for thread 5: [-45.82, -26.63, -26.52] -32.99  Inventory: [24.0, 33.0, 35.0]  Order: [9.44, 9.4, 9.45] Demand: [9.47]

Eval average reward:  -105.5735  Eval ordering fluctuation measurement (downstream to upstream):  [0.30806053873186173, 0.8013004227044025, 0.9927259022943924]
A better model is saved!

 Algo happo Exp ippo_seed13_formal_v1 updates 40/3000 episodes, total num timesteps 41000/3000000, FPS 117.

Reward for thread 1: [-268.52, -82.05, -80.33] -143.63  Inventory: [864.0, 50.0, 23.0]  Order: [8.46, 8.56, 8.54] Demand: [4.225]
Reward for thread 2: [-193.19, -62.93, -67.65] -107.92  Inventory: [675.0, 0.0, 0.0]  Order: [8.86, 9.04, 8.87] Demand: [5.47]
Reward for thread 3: [-70.92, -39.11, -35.74] -48.59  Inventory: [0.0, 13.0, 39.0]  Order: [9.97, 9.92, 10.1] Demand: [12.61]
Reward for thread 4: [-109.5, -55.68, -63.22] -76.13  Inventory: [0.0, 61.0, 12.0]  Order: [10.35, 10.6, 10.66] Demand: [13.645]
Reward for thread 5: [-152.43, -68.65, -77.37] -99.48  Inventory: [696.0, 8.0, 86.0]  Order: [8.86, 8.82, 9.14] Demand: [5.495]

 Algo happo Exp ippo_seed13_formal_v1 updates 41/3000 episodes, total num timesteps 42000/3000000, FPS 118.

Reward for thread 1: [-177.63, -62.79, -61.85] -100.76  Inventory: [770.0, 34.0, 27.0]  Order: [9.02, 9.04, 9.12] Demand: [5.315]
Reward for thread 2: [-39.62, -23.74, -29.86] -31.07  Inventory: [0.0, 0.0, 0.0]  Order: [9.59, 9.77, 9.56] Demand: [10.695]
Reward for thread 3: [-212.31, -71.82, -73.82] -119.32  Inventory: [823.0, 18.0, 43.0]  Order: [8.62, 8.59, 8.66] Demand: [4.515]
Reward for thread 4: [-68.0, -41.43, -38.57] -49.33  Inventory: [367.0, 0.0, 58.0]  Order: [8.7, 8.65, 8.84] Demand: [6.995]
Reward for thread 5: [-159.03, -57.42, -60.04] -92.16  Inventory: [508.0, 38.0, 35.0]  Order: [8.56, 8.65, 8.86] Demand: [6.15]

 Algo happo Exp ippo_seed13_formal_v1 updates 42/3000 episodes, total num timesteps 43000/3000000, FPS 118.

Reward for thread 1: [-127.31, -52.97, -55.72] -78.67  Inventory: [586.0, 8.0, 29.0]  Order: [8.66, 8.65, 8.72] Demand: [5.8]
Reward for thread 2: [-232.02, -73.52, -74.08] -126.54  Inventory: [874.0, 6.0, 28.0]  Order: [8.78, 8.73, 8.72] Demand: [4.545]
Reward for thread 3: [-318.88, -118.34, -119.37] -185.53  Inventory: [0.0, 0.0, 0.0]  Order: [12.32, 12.58, 12.1] Demand: [15.15]
Reward for thread 4: [-148.09, -68.02, -58.84] -91.65  Inventory: [173.0, 48.0, 31.0]  Order: [11.02, 11.18, 11.26] Demand: [10.285]
Reward for thread 5: [-154.92, -67.58, -64.17] -95.56  Inventory: [0.0, 0.0, 23.0]  Order: [10.86, 10.65, 10.74] Demand: [13.21]

 Algo happo Exp ippo_seed13_formal_v1 updates 43/3000 episodes, total num timesteps 44000/3000000, FPS 118.

Reward for thread 1: [-133.57, -51.12, -51.98] -78.89  Inventory: [0.0, 0.0, 51.0]  Order: [7.94, 7.74, 7.74] Demand: [8.22]
Reward for thread 2: [-144.79, -60.9, -57.36] -87.68  Inventory: [34.0, 24.0, 52.0]  Order: [10.94, 10.88, 10.98] Demand: [10.895]
Reward for thread 3: [-176.08, -58.09, -61.17] -98.45  Inventory: [247.0, 0.0, 21.0]  Order: [9.27, 9.26, 9.25] Demand: [7.97]
Reward for thread 4: [-107.03, -54.54, -46.26] -69.28  Inventory: [0.0, 0.0, 0.0]  Order: [10.48, 10.29, 10.26] Demand: [11.9]
Reward for thread 5: [-105.73, -46.76, -40.41] -64.3  Inventory: [0.0, 0.0, 0.0]  Order: [11.86, 11.66, 11.6] Demand: [12.27]

 Algo happo Exp ippo_seed13_formal_v1 updates 44/3000 episodes, total num timesteps 45000/3000000, FPS 119.

Reward for thread 1: [-243.81, -84.37, -79.81] -136.0  Inventory: [0.0, 0.0, 0.0]  Order: [11.42, 11.52, 11.48] Demand: [13.045]
Reward for thread 2: [-77.65, -38.64, -39.19] -51.83  Inventory: [0.0, 0.0, 0.0]  Order: [9.09, 9.18, 8.96] Demand: [9.23]
Reward for thread 3: [-290.74, -101.15, -91.54] -161.14  Inventory: [0.0, 0.0, 0.0]  Order: [12.3, 12.18, 12.1] Demand: [15.3]
Reward for thread 4: [-111.21, -45.03, -51.0] -69.08  Inventory: [577.0, 35.0, 2.0]  Order: [7.68, 7.85, 7.73] Demand: [4.93]
Reward for thread 5: [-121.24, -47.16, -58.62] -75.67  Inventory: [416.0, 0.0, 24.0]  Order: [8.04, 8.04, 7.97] Demand: [5.98]

Eval average reward:  -113.83483333333335  Eval ordering fluctuation measurement (downstream to upstream):  [0.255767347715339, 0.8927951522376663, 1.028407043856838]

 Algo happo Exp ippo_seed13_formal_v1 updates 45/3000 episodes, total num timesteps 46000/3000000, FPS 117.

Reward for thread 1: [-63.01, -31.51, -38.4] -44.31  Inventory: [193.0, 0.0, 31.0]  Order: [9.19, 9.14, 9.13] Demand: [8.37]
Reward for thread 2: [-349.2, -108.71, -103.76] -187.22  Inventory: [0.0, 0.0, 0.0]  Order: [11.29, 11.06, 10.95] Demand: [17.005]
Reward for thread 3: [-208.26, -69.96, -66.69] -114.97  Inventory: [0.0, 0.0, 0.0]  Order: [10.72, 10.6, 10.33] Demand: [15.335]
Reward for thread 4: [-218.9, -75.66, -76.84] -123.8  Inventory: [541.0, 4.0, 62.0]  Order: [7.52, 7.47, 7.62] Demand: [4.88]
Reward for thread 5: [-100.32, -39.3, -44.0] -61.21  Inventory: [395.0, 15.0, 1.0]  Order: [8.5, 8.52, 8.44] Demand: [6.66]

 Algo happo Exp ippo_seed13_formal_v1 updates 46/3000 episodes, total num timesteps 47000/3000000, FPS 118.

Reward for thread 1: [-68.97, -35.61, -35.89] -46.82  Inventory: [296.0, 0.0, 0.0]  Order: [8.7, 8.6, 8.39] Demand: [7.14]
Reward for thread 2: [-142.26, -60.1, -59.43] -87.26  Inventory: [552.0, 48.0, 24.0]  Order: [7.53, 7.72, 7.78] Demand: [4.955]
Reward for thread 3: [-49.65, -32.35, -29.56] -37.19  Inventory: [235.0, 0.0, 0.0]  Order: [7.59, 7.58, 7.45] Demand: [6.495]
Reward for thread 4: [-59.32, -38.88, -37.58] -45.26  Inventory: [151.0, 55.0, 26.0]  Order: [6.3, 6.4, 6.4] Demand: [5.68]
Reward for thread 5: [-45.85, -37.45, -35.55] -39.62  Inventory: [12.0, 24.0, 75.0]  Order: [10.09, 10.07, 10.26] Demand: [10.]

 Algo happo Exp ippo_seed13_formal_v1 updates 47/3000 episodes, total num timesteps 48000/3000000, FPS 118.

Reward for thread 1: [-259.42, -87.56, -85.54] -144.17  Inventory: [730.0, 14.0, 34.0]  Order: [7.8, 7.65, 7.79] Demand: [4.17]
Reward for thread 2: [-44.52, -30.53, -27.89] -34.31  Inventory: [123.0, 0.0, 0.0]  Order: [7.78, 7.76, 7.53] Demand: [7.235]
Reward for thread 3: [-168.67, -70.61, -73.49] -104.26  Inventory: [704.0, 37.0, 32.0]  Order: [8.35, 8.43, 8.43] Demand: [4.945]
Reward for thread 4: [-97.16, -52.03, -49.01] -66.07  Inventory: [0.0, 0.0, 0.0]  Order: [7.84, 7.72, 7.58] Demand: [9.75]
Reward for thread 5: [-102.08, -44.7, -49.36] -65.38  Inventory: [0.0, 0.0, 1.0]  Order: [11.0, 10.89, 10.84] Demand: [14.315]

 Algo happo Exp ippo_seed13_formal_v1 updates 48/3000 episodes, total num timesteps 49000/3000000, FPS 118.

Reward for thread 1: [-44.7, -27.54, -29.95] -34.06  Inventory: [0.0, 49.0, 34.0]  Order: [7.58, 7.69, 7.66] Demand: [7.98]
Reward for thread 2: [-120.47, -43.85, -44.05] -69.46  Inventory: [0.0, 0.0, 25.0]  Order: [9.75, 9.67, 9.76] Demand: [11.37]
Reward for thread 3: [-71.75, -33.52, -32.82] -46.03  Inventory: [0.0, 13.0, 31.0]  Order: [8.53, 8.54, 8.54] Demand: [11.24]
Reward for thread 4: [-121.76, -43.48, -44.26] -69.83  Inventory: [0.0, 0.0, 0.0]  Order: [10.42, 10.38, 10.26] Demand: [13.04]
Reward for thread 5: [-45.14, -25.12, -25.09] -31.78  Inventory: [0.0, 9.0, 0.0]  Order: [9.32, 9.44, 9.32] Demand: [10.36]

 Algo happo Exp ippo_seed13_formal_v1 updates 49/3000 episodes, total num timesteps 50000/3000000, FPS 119.

Reward for thread 1: [-110.71, -50.64, -49.29] -70.21  Inventory: [511.0, 52.0, 35.0]  Order: [6.99, 7.14, 7.2] Demand: [4.49]
Reward for thread 2: [-266.05, -84.64, -85.22] -145.3  Inventory: [889.0, 0.0, 17.0]  Order: [7.6, 7.58, 7.6] Demand: [3.185]
Reward for thread 3: [-50.35, -28.6, -27.37] -35.44  Inventory: [0.0, 28.0, 22.0]  Order: [8.18, 8.13, 8.07] Demand: [8.555]
Reward for thread 4: [-67.7, -36.26, -37.27] -47.08  Inventory: [8.0, 25.0, 50.0]  Order: [8.06, 7.96, 8.0] Demand: [8.165]
Reward for thread 5: [-55.24, -30.84, -30.09] -38.72  Inventory: [191.0, 14.0, 5.0]  Order: [10.03, 10.04, 9.96] Demand: [9.225]

Eval average reward:  -81.5205  Eval ordering fluctuation measurement (downstream to upstream):  [0.29400888281330523, 0.6922412074607176, 0.7670148954635144]
A better model is saved!

 Algo happo Exp ippo_seed13_formal_v1 updates 50/3000 episodes, total num timesteps 51000/3000000, FPS 117.

Reward for thread 1: [-49.62, -31.91, -28.34] -36.62  Inventory: [61.0, 0.0, 2.0]  Order: [7.7, 7.66, 7.65] Demand: [7.37]
Reward for thread 2: [-65.73, -39.71, -35.88] -47.11  Inventory: [0.0, 0.0, 0.0]  Order: [7.38, 7.52, 7.25] Demand: [7.98]
Reward for thread 3: [-106.76, -44.06, -42.91] -64.58  Inventory: [416.0, 0.0, 0.0]  Order: [9.24, 9.18, 9.2] Demand: [7.24]
Reward for thread 4: [-113.47, -52.43, -45.0] -70.3  Inventory: [396.0, 53.0, 6.0]  Order: [9.18, 9.4, 9.25] Demand: [7.31]
Reward for thread 5: [-95.78, -54.53, -41.55] -63.95  Inventory: [434.0, 143.0, 24.0]  Order: [8.84, 9.46, 9.38] Demand: [6.77]

 Algo happo Exp ippo_seed13_formal_v1 updates 51/3000 episodes, total num timesteps 52000/3000000, FPS 118.

Reward for thread 1: [-91.0, -41.97, -42.37] -58.45  Inventory: [0.0, 0.0, 0.0]  Order: [10.18, 10.2, 10.06] Demand: [11.855]
Reward for thread 2: [-20.82, -21.47, -22.6] -21.63  Inventory: [0.0, 0.0, 29.0]  Order: [9.05, 8.94, 8.96] Demand: [9.085]
Reward for thread 3: [-65.42, -36.89, -38.06] -46.79  Inventory: [309.0, 0.0, 0.0]  Order: [7.36, 7.7, 7.46] Demand: [5.805]
Reward for thread 4: [-122.33, -56.38, -52.34] -77.02  Inventory: [633.0, 12.0, 12.0]  Order: [9.54, 9.54, 9.38] Demand: [6.495]
Reward for thread 5: [-74.13, -49.96, -43.89] -55.99  Inventory: [367.0, 0.0, 4.0]  Order: [11.06, 10.9, 10.69] Demand: [9.195]

 Algo happo Exp ippo_seed13_formal_v1 updates 52/3000 episodes, total num timesteps 53000/3000000, FPS 118.

Reward for thread 1: [-329.53, -97.01, -98.47] -175.0  Inventory: [1072.0, 20.0, 32.0]  Order: [8.44, 8.42, 8.41] Demand: [3.125]
Reward for thread 2: [-130.97, -53.2, -51.27] -78.48  Inventory: [587.0, 31.0, 46.0]  Order: [8.78, 8.75, 8.88] Demand: [5.895]
Reward for thread 3: [-46.86, -30.85, -31.07] -36.26  Inventory: [189.0, 18.0, 75.0]  Order: [8.14, 8.04, 8.24] Demand: [7.325]
Reward for thread 4: [-99.23, -54.7, -47.62] -67.18  Inventory: [0.0, 18.0, 27.0]  Order: [11.55, 11.62, 11.66] Demand: [12.43]
Reward for thread 5: [-105.06, -51.32, -46.69] -67.69  Inventory: [0.0, 0.0, 0.0]  Order: [11.48, 11.3, 11.22] Demand: [11.94]

 Algo happo Exp ippo_seed13_formal_v1 updates 53/3000 episodes, total num timesteps 54000/3000000, FPS 118.

Reward for thread 1: [-40.66, -31.57, -31.93] -34.72  Inventory: [22.0, 16.0, 72.0]  Order: [7.29, 7.16, 7.38] Demand: [7.3]
Reward for thread 2: [-107.53, -47.35, -45.6] -66.83  Inventory: [415.0, 38.0, 7.0]  Order: [8.13, 8.24, 8.16] Demand: [6.145]
Reward for thread 3: [-66.1, -55.01, -50.57] -57.23  Inventory: [130.0, 141.0, 22.0]  Order: [10.8, 11.47, 11.37] Demand: [10.19]
Reward for thread 4: [-246.8, -77.07, -80.17] -134.68  Inventory: [833.0, 16.0, 20.0]  Order: [8.02, 7.98, 7.99] Demand: [3.945]
Reward for thread 5: [-30.18, -24.28, -28.53] -27.66  Inventory: [0.0, 0.0, 0.0]  Order: [7.6, 7.5, 7.4] Demand: [8.065]

 Algo happo Exp ippo_seed13_formal_v1 updates 54/3000 episodes, total num timesteps 55000/3000000, FPS 119.

Reward for thread 1: [-111.94, -53.2, -53.59] -72.91  Inventory: [0.0, 0.0, 26.0]  Order: [9.62, 9.51, 9.58] Demand: [11.465]
Reward for thread 2: [-42.18, -36.32, -40.56] -39.69  Inventory: [0.0, 0.0, 0.0]  Order: [10.3, 10.22, 10.09] Demand: [10.055]
Reward for thread 3: [-233.8, -84.42, -82.97] -133.73  Inventory: [901.0, 27.0, 76.0]  Order: [8.06, 7.98, 8.17] Demand: [3.695]
Reward for thread 4: [-76.65, -43.43, -39.34] -53.14  Inventory: [0.0, 0.0, 0.0]  Order: [10.06, 9.9, 9.86] Demand: [11.865]
Reward for thread 5: [-58.12, -46.58, -49.08] -51.26  Inventory: [0.0, 0.0, 0.0]  Order: [8.62, 8.78, 8.65] Demand: [9.55]

Eval average reward:  -140.8193333333333  Eval ordering fluctuation measurement (downstream to upstream):  [0.5575418876632844, 0.8050615695032499, 0.7099963192573762]

 Algo happo Exp ippo_seed13_formal_v1 updates 55/3000 episodes, total num timesteps 56000/3000000, FPS 117.

Reward for thread 1: [-152.23, -53.51, -56.82] -87.52  Inventory: [538.0, 4.0, 0.0]  Order: [7.45, 7.42, 7.38] Demand: [4.78]
Reward for thread 2: [-151.98, -57.5, -58.62] -89.37  Inventory: [600.0, 4.0, 0.0]  Order: [7.1, 7.17, 7.08] Demand: [4.195]
Reward for thread 3: [-33.73, -26.18, -29.12] -29.68  Inventory: [23.0, 0.0, 0.0]  Order: [10.52, 10.44, 10.31] Demand: [10.37]
Reward for thread 4: [-150.17, -58.9, -62.46] -90.51  Inventory: [574.0, 5.0, 34.0]  Order: [6.79, 6.81, 6.8] Demand: [3.905]
Reward for thread 5: [-111.54, -54.0, -43.77] -69.77  Inventory: [0.0, 0.0, 0.0]  Order: [12.42, 12.27, 12.22] Demand: [13.035]

 Algo happo Exp ippo_seed13_formal_v1 updates 56/3000 episodes, total num timesteps 57000/3000000, FPS 118.

Reward for thread 1: [-94.78, -44.83, -42.02] -60.54  Inventory: [0.0, 0.0, 14.0]  Order: [8.02, 8.0, 7.86] Demand: [8.25]
Reward for thread 2: [-112.22, -49.13, -47.79] -69.71  Inventory: [0.0, 0.0, 0.0]  Order: [11.32, 11.26, 11.25] Demand: [14.21]
Reward for thread 3: [-121.16, -54.66, -54.68] -76.83  Inventory: [586.0, 0.0, 0.0]  Order: [7.27, 7.2, 7.09] Demand: [4.215]
Reward for thread 4: [-56.24, -38.03, -33.59] -42.62  Inventory: [0.0, 6.0, 2.0]  Order: [9.67, 9.7, 9.56] Demand: [9.725]
Reward for thread 5: [-49.19, -30.9, -30.33] -36.81  Inventory: [30.0, 11.0, 25.0]  Order: [8.9, 8.82, 8.76] Demand: [8.91]

 Algo happo Exp ippo_seed13_formal_v1 updates 57/3000 episodes, total num timesteps 58000/3000000, FPS 118.

Reward for thread 1: [-44.65, -33.93, -44.41] -41.0  Inventory: [70.0, 21.0, 2.0]  Order: [6.98, 7.11, 7.1] Demand: [6.7]
Reward for thread 2: [-33.96, -31.97, -31.06] -32.33  Inventory: [163.0, 22.0, 0.0]  Order: [7.86, 7.94, 7.9] Demand: [7.195]
Reward for thread 3: [-32.01, -27.19, -27.25] -28.82  Inventory: [1.0, 16.0, 0.0]  Order: [5.95, 6.06, 5.94] Demand: [6.04]
Reward for thread 4: [-281.6, -93.28, -89.61] -154.83  Inventory: [868.0, 8.0, 0.0]  Order: [7.94, 7.96, 7.92] Demand: [3.69]
Reward for thread 5: [-36.66, -31.71, -30.23] -32.87  Inventory: [34.0, 8.0, 18.0]  Order: [9.19, 9.2, 9.27] Demand: [8.995]

 Algo happo Exp ippo_seed13_formal_v1 updates 58/3000 episodes, total num timesteps 59000/3000000, FPS 118.

Reward for thread 1: [-55.71, -39.11, -37.4] -44.07  Inventory: [32.0, 35.0, 3.0]  Order: [5.84, 5.86, 5.75] Demand: [5.85]
Reward for thread 2: [-34.11, -29.84, -32.24] -32.06  Inventory: [32.0, 2.0, 11.0]  Order: [8.44, 8.46, 8.38] Demand: [8.38]
Reward for thread 3: [-209.37, -77.53, -72.82] -119.91  Inventory: [0.0, 0.0, 0.0]  Order: [11.59, 11.6, 11.4] Demand: [14.895]
Reward for thread 4: [-76.71, -38.94, -36.34] -50.66  Inventory: [54.0, 38.0, 51.0]  Order: [11.34, 11.38, 11.44] Demand: [11.22]
Reward for thread 5: [-50.05, -40.44, -42.61] -44.37  Inventory: [0.0, 0.0, 0.0]  Order: [7.34, 7.28, 7.24] Demand: [7.87]

 Algo happo Exp ippo_seed13_formal_v1 updates 59/3000 episodes, total num timesteps 60000/3000000, FPS 119.

Reward for thread 1: [-49.41, -43.09, -33.51] -42.0  Inventory: [0.0, 21.0, 50.0]  Order: [9.93, 9.82, 9.98] Demand: [10.04]
Reward for thread 2: [-35.76, -32.07, -27.7] -31.84  Inventory: [44.0, 32.0, 49.0]  Order: [7.96, 7.98, 8.03] Demand: [7.925]
Reward for thread 3: [-165.03, -64.83, -57.42] -95.76  Inventory: [0.0, 0.0, 12.0]  Order: [10.5, 10.39, 10.34] Demand: [13.755]
Reward for thread 4: [-135.29, -53.87, -54.5] -81.22  Inventory: [477.0, 0.0, 17.0]  Order: [6.88, 6.72, 6.64] Demand: [4.49]
Reward for thread 5: [-186.05, -71.89, -62.86] -106.93  Inventory: [0.0, 0.0, 0.0]  Order: [11.88, 11.77, 11.7] Demand: [12.39]

Eval average reward:  -95.58008333333333  Eval ordering fluctuation measurement (downstream to upstream):  [0.8552864913237135, 0.8614521903282212, 0.9598997470642117]

 Algo happo Exp ippo_seed13_formal_v1 updates 60/3000 episodes, total num timesteps 61000/3000000, FPS 118.

Reward for thread 1: [-15.74, -17.28, -19.49] -17.5  Inventory: [0.0, 0.0, 0.0]  Order: [8.07, 7.96, 7.9] Demand: [8.095]
Reward for thread 2: [-143.53, -55.52, -55.64] -84.9  Inventory: [527.0, 0.0, 0.0]  Order: [8.64, 8.49, 8.44] Demand: [5.78]
Reward for thread 3: [-29.17, -28.06, -26.89] -28.04  Inventory: [40.0, 35.0, 85.0]  Order: [8.25, 8.24, 8.51] Demand: [8.275]
Reward for thread 4: [-73.34, -36.82, -34.88] -48.35  Inventory: [137.0, 33.0, 45.0]  Order: [9.26, 9.2, 9.22] Demand: [8.72]
Reward for thread 5: [-82.01, -48.47, -41.1] -57.19  Inventory: [0.0, 0.0, 0.0]  Order: [9.82, 9.62, 9.4] Demand: [11.935]

 Algo happo Exp ippo_seed13_formal_v1 updates 61/3000 episodes, total num timesteps 62000/3000000, FPS 118.

Reward for thread 1: [-105.02, -60.13, -49.95] -71.7  Inventory: [0.0, 0.0, 0.0]  Order: [10.19, 10.16, 10.05] Demand: [12.345]
Reward for thread 2: [-33.3, -32.16, -29.05] -31.5  Inventory: [57.0, 40.0, 11.0]  Order: [6.22, 6.28, 6.14] Demand: [6.11]
Reward for thread 3: [-24.51, -27.36, -23.2] -25.02  Inventory: [0.0, 0.0, 40.0]  Order: [7.66, 7.48, 7.52] Demand: [7.785]
Reward for thread 4: [-29.63, -37.33, -28.09] -31.68  Inventory: [50.0, 60.0, 10.0]  Order: [7.42, 7.52, 7.47] Demand: [7.355]
Reward for thread 5: [-311.49, -105.51, -96.23] -171.08  Inventory: [0.0, 0.0, 0.0]  Order: [12.83, 12.78, 12.57] Demand: [17.34]

 Algo happo Exp ippo_seed13_formal_v1 updates 62/3000 episodes, total num timesteps 63000/3000000, FPS 118.

Reward for thread 1: [-95.38, -47.16, -39.4] -60.65  Inventory: [166.0, 0.0, 28.0]  Order: [10.28, 10.18, 10.13] Demand: [9.515]
Reward for thread 2: [-254.98, -118.38, -94.99] -156.12  Inventory: [0.0, 0.0, 0.0]  Order: [13.01, 12.69, 12.66] Demand: [15.74]
Reward for thread 3: [-231.94, -95.15, -80.38] -135.82  Inventory: [0.0, 0.0, 0.0]  Order: [11.76, 11.46, 11.44] Demand: [15.93]
Reward for thread 4: [-138.05, -57.75, -48.76] -81.52  Inventory: [0.0, 0.0, 0.0]  Order: [10.25, 10.02, 9.98] Demand: [13.46]
Reward for thread 5: [-65.94, -36.66, -30.36] -44.32  Inventory: [0.0, 0.0, 0.0]  Order: [10.23, 10.06, 10.09] Demand: [12.235]

 Algo happo Exp ippo_seed13_formal_v1 updates 63/3000 episodes, total num timesteps 64000/3000000, FPS 118.

Reward for thread 1: [-128.98, -48.74, -50.48] -76.07  Inventory: [652.0, 0.0, 0.0]  Order: [7.62, 7.58, 7.48] Demand: [4.485]
Reward for thread 2: [-24.65, -23.73, -22.89] -23.76  Inventory: [0.0, 20.0, 22.0]  Order: [9.6, 9.66, 9.74] Demand: [9.755]
Reward for thread 3: [-84.82, -50.47, -39.9] -58.4  Inventory: [192.0, 74.0, 17.0]  Order: [10.94, 11.22, 11.14] Demand: [10.155]
Reward for thread 4: [-72.79, -50.48, -36.03] -53.1  Inventory: [0.0, 0.0, 3.0]  Order: [12.16, 11.67, 11.62] Demand: [12.59]
Reward for thread 5: [-90.88, -51.0, -39.62] -60.5  Inventory: [0.0, 0.0, 0.0]  Order: [11.01, 10.9, 10.78] Demand: [12.265]

 Algo happo Exp ippo_seed13_formal_v1 updates 64/3000 episodes, total num timesteps 65000/3000000, FPS 119.

Reward for thread 1: [-317.86, -111.11, -97.25] -175.41  Inventory: [0.0, 0.0, 0.0]  Order: [11.91, 11.66, 11.56] Demand: [16.66]
Reward for thread 2: [-36.18, -30.39, -24.94] -30.5  Inventory: [152.0, 16.0, 16.0]  Order: [7.21, 7.13, 7.0] Demand: [6.615]
Reward for thread 3: [-380.36, -118.05, -110.41] -202.94  Inventory: [0.0, 0.0, 0.0]  Order: [12.18, 12.07, 12.08] Demand: [17.345]
Reward for thread 4: [-396.17, -120.74, -115.33] -210.75  Inventory: [0.0, 0.0, 12.0]  Order: [12.13, 11.83, 11.84] Demand: [17.645]
Reward for thread 5: [-255.75, -88.52, -83.57] -142.61  Inventory: [0.0, 0.0, 0.0]  Order: [12.42, 12.14, 12.1] Demand: [14.46]

Eval average reward:  -96.80233333333332  Eval ordering fluctuation measurement (downstream to upstream):  [0.46073255607777097, 0.920027892833606, 0.9687087223972352]

 Algo happo Exp ippo_seed13_formal_v1 updates 65/3000 episodes, total num timesteps 66000/3000000, FPS 118.

Reward for thread 1: [-340.74, -102.73, -102.81] -182.09  Inventory: [997.0, 0.0, 0.0]  Order: [8.14, 8.02, 7.96] Demand: [3.025]
Reward for thread 2: [-118.88, -49.44, -46.11] -71.48  Inventory: [0.0, 0.0, 0.0]  Order: [7.96, 7.86, 7.65] Demand: [8.4]
Reward for thread 3: [-49.67, -60.85, -33.81] -48.11  Inventory: [82.0, 218.0, 11.0]  Order: [8.3, 9.29, 9.14] Demand: [7.995]
Reward for thread 4: [-260.5, -80.19, -80.13] -140.27  Inventory: [774.0, 7.0, 20.0]  Order: [8.43, 8.38, 8.39] Demand: [4.555]
Reward for thread 5: [-164.21, -75.06, -59.01] -99.43  Inventory: [445.0, 0.0, 0.0]  Order: [11.57, 11.51, 11.44] Demand: [9.215]

 Algo happo Exp ippo_seed13_formal_v1 updates 66/3000 episodes, total num timesteps 67000/3000000, FPS 118.

Reward for thread 1: [-238.92, -94.88, -77.97] -137.26  Inventory: [0.0, 0.0, 0.0]  Order: [12.33, 12.05, 11.8] Demand: [14.055]
Reward for thread 2: [-96.5, -48.22, -44.65] -63.12  Inventory: [522.0, 0.0, 9.0]  Order: [7.11, 6.94, 6.89] Demand: [4.485]
Reward for thread 3: [-30.79, -26.05, -23.36] -26.73  Inventory: [0.0, 0.0, 14.0]  Order: [8.06, 7.89, 7.8] Demand: [8.235]
Reward for thread 4: [-44.41, -44.63, -33.64] -40.89  Inventory: [15.0, 12.0, 1.0]  Order: [7.64, 7.62, 7.48] Demand: [7.56]
Reward for thread 5: [-59.42, -88.15, -43.08] -63.55  Inventory: [122.0, 193.0, 22.0]  Order: [6.19, 7.01, 6.94] Demand: [5.69]

 Algo happo Exp ippo_seed13_formal_v1 updates 67/3000 episodes, total num timesteps 68000/3000000, FPS 118.

Reward for thread 1: [-38.43, -43.62, -29.35] -37.13  Inventory: [99.0, 55.0, 47.0]  Order: [6.92, 7.09, 7.14] Demand: [6.645]
Reward for thread 2: [-63.27, -43.22, -34.73] -47.07  Inventory: [0.0, 20.0, 22.0]  Order: [9.91, 9.91, 10.02] Demand: [10.405]
Reward for thread 3: [-252.49, -79.6, -77.3] -136.46  Inventory: [1112.0, 0.0, 0.0]  Order: [8.29, 8.32, 8.3] Demand: [2.74]
Reward for thread 4: [-48.78, -37.61, -35.8] -40.73  Inventory: [39.0, 68.0, 36.0]  Order: [10.24, 10.4, 10.38] Demand: [10.085]
Reward for thread 5: [-140.14, -83.63, -60.67] -94.81  Inventory: [567.0, 0.0, 0.0]  Order: [6.48, 6.37, 6.18] Demand: [3.515]

 Algo happo Exp ippo_seed13_formal_v1 updates 68/3000 episodes, total num timesteps 69000/3000000, FPS 118.

Reward for thread 1: [-40.52, -56.43, -31.74] -42.9  Inventory: [0.0, 115.0, 26.0]  Order: [6.77, 7.24, 7.18] Demand: [7.275]
Reward for thread 2: [-89.24, -118.05, -49.74] -85.68  Inventory: [346.0, 250.0, 0.0]  Order: [5.82, 7.04, 6.96] Demand: [4.265]
Reward for thread 3: [-43.71, -68.36, -32.19] -48.09  Inventory: [0.0, 101.0, 39.0]  Order: [7.3, 7.62, 7.68] Demand: [7.575]
Reward for thread 4: [-19.55, -30.91, -21.69] -24.05  Inventory: [11.0, 0.0, 12.0]  Order: [8.25, 8.12, 8.01] Demand: [8.22]
Reward for thread 5: [-121.89, -55.28, -52.68] -76.62  Inventory: [0.0, 0.0, 0.0]  Order: [10.72, 10.7, 10.54] Demand: [13.77]

 Algo happo Exp ippo_seed13_formal_v1 updates 69/3000 episodes, total num timesteps 70000/3000000, FPS 119.

Reward for thread 1: [-76.27, -91.48, -46.6] -71.45  Inventory: [336.0, 211.0, 32.0]  Order: [6.34, 7.24, 7.28] Demand: [4.74]
Reward for thread 2: [-48.17, -45.02, -40.48] -44.56  Inventory: [4.0, 103.0, 16.0]  Order: [11.16, 11.56, 11.48] Demand: [11.33]
Reward for thread 3: [-34.68, -50.43, -29.38] -38.16  Inventory: [17.0, 226.0, 34.0]  Order: [6.22, 7.2, 7.18] Demand: [6.365]
Reward for thread 4: [-121.83, -63.44, -53.24] -79.5  Inventory: [0.0, 0.0, 0.0]  Order: [10.38, 10.38, 10.3] Demand: [13.23]
Reward for thread 5: [-58.2, -57.83, -36.25] -50.76  Inventory: [0.0, 0.0, 0.0]  Order: [9.6, 9.35, 9.18] Demand: [9.87]

Eval average reward:  -104.80883333333334  Eval ordering fluctuation measurement (downstream to upstream):  [0.8365783532748816, 0.5826871347625248, 0.7618421393860507]

 Algo happo Exp ippo_seed13_formal_v1 updates 70/3000 episodes, total num timesteps 71000/3000000, FPS 118.

Reward for thread 1: [-100.02, -60.58, -47.63] -69.41  Inventory: [0.0, 0.0, 0.0]  Order: [10.84, 10.86, 10.72] Demand: [13.22]
Reward for thread 2: [-40.18, -52.15, -41.39] -44.57  Inventory: [26.0, 3.0, 0.0]  Order: [9.64, 9.91, 9.7] Demand: [9.485]
Reward for thread 3: [-155.52, -59.24, -57.64] -90.8  Inventory: [53.0, 45.0, 20.0]  Order: [11.92, 12.08, 12.11] Demand: [11.81]
Reward for thread 4: [-26.58, -30.22, -24.99] -27.26  Inventory: [0.0, 0.0, 0.0]  Order: [9.76, 9.78, 9.65] Demand: [10.155]
Reward for thread 5: [-173.84, -75.37, -63.45] -104.22  Inventory: [0.0, 0.0, 0.0]  Order: [13.0, 12.78, 12.74] Demand: [15.59]

 Algo happo Exp ippo_seed13_formal_v1 updates 71/3000 episodes, total num timesteps 72000/3000000, FPS 118.

Reward for thread 1: [-122.49, -110.52, -64.07] -99.03  Inventory: [460.0, 22.0, 33.0]  Order: [5.77, 5.7, 5.7] Demand: [3.46]
Reward for thread 2: [-153.82, -60.88, -56.19] -90.3  Inventory: [0.0, 0.0, 0.0]  Order: [13.06, 12.78, 12.57] Demand: [13.705]
Reward for thread 3: [-36.37, -47.5, -34.65] -39.51  Inventory: [21.0, 73.0, 0.0]  Order: [8.82, 9.07, 8.99] Demand: [8.845]
Reward for thread 4: [-117.71, -76.13, -52.74] -82.19  Inventory: [586.0, 19.0, 19.0]  Order: [6.25, 6.18, 6.16] Demand: [3.325]
Reward for thread 5: [-54.68, -36.84, -31.72] -41.08  Inventory: [0.0, 0.0, 0.0]  Order: [10.62, 10.51, 10.37] Demand: [10.665]

 Algo happo Exp ippo_seed13_formal_v1 updates 72/3000 episodes, total num timesteps 73000/3000000, FPS 118.

Reward for thread 1: [-90.46, -47.57, -43.99] -60.67  Inventory: [0.0, 0.0, 0.0]  Order: [12.9, 12.88, 12.82] Demand: [13.205]
Reward for thread 2: [-73.12, -41.98, -45.37] -53.49  Inventory: [0.0, 26.0, 0.0]  Order: [10.37, 10.48, 10.34] Demand: [10.49]
Reward for thread 3: [-101.5, -64.9, -46.51] -70.97  Inventory: [552.0, 15.0, 22.0]  Order: [7.72, 7.77, 7.78] Demand: [5.]
Reward for thread 4: [-183.85, -71.64, -71.46] -108.98  Inventory: [0.0, 0.0, 0.0]  Order: [13.24, 13.22, 13.18] Demand: [16.24]
Reward for thread 5: [-64.64, -46.43, -33.24] -48.1  Inventory: [354.0, 44.0, 0.0]  Order: [7.67, 7.84, 7.67] Demand: [6.025]

 Algo happo Exp ippo_seed13_formal_v1 updates 73/3000 episodes, total num timesteps 74000/3000000, FPS 118.

Reward for thread 1: [-186.92, -66.88, -62.19] -105.33  Inventory: [0.0, 0.0, 1.0]  Order: [13.36, 13.09, 13.12] Demand: [16.355]
Reward for thread 2: [-88.09, -48.3, -47.06] -61.15  Inventory: [0.0, 0.0, 0.0]  Order: [10.61, 10.72, 10.46] Demand: [12.815]
Reward for thread 3: [-93.37, -48.11, -41.69] -61.06  Inventory: [0.0, 0.0, 0.0]  Order: [10.04, 9.94, 9.88] Demand: [12.45]
Reward for thread 4: [-296.12, -102.89, -95.72] -164.91  Inventory: [0.0, 0.0, 0.0]  Order: [12.65, 12.57, 12.34] Demand: [16.055]
Reward for thread 5: [-30.2, -50.35, -35.42] -38.66  Inventory: [26.0, 92.0, 35.0]  Order: [7.03, 7.36, 7.35] Demand: [7.045]

 Algo happo Exp ippo_seed13_formal_v1 updates 74/3000 episodes, total num timesteps 75000/3000000, FPS 119.

Reward for thread 1: [-102.31, -55.72, -50.21] -69.41  Inventory: [627.0, 0.0, 0.0]  Order: [6.72, 6.68, 6.59] Demand: [3.605]
Reward for thread 2: [-345.8, -102.73, -102.55] -183.69  Inventory: [0.0, 0.0, 0.0]  Order: [12.29, 12.23, 12.2] Demand: [15.465]
Reward for thread 3: [-117.42, -51.43, -46.58] -71.81  Inventory: [719.0, 0.0, 0.0]  Order: [8.32, 8.36, 8.35] Demand: [4.7]
Reward for thread 4: [-173.55, -72.09, -64.68] -103.44  Inventory: [478.0, 16.0, 9.0]  Order: [9.32, 9.28, 9.14] Demand: [6.975]
Reward for thread 5: [-443.34, -130.68, -128.87] -234.3  Inventory: [1654.0, 7.0, 0.0]  Order: [9.71, 9.67, 9.66] Demand: [1.39]

Eval average reward:  -64.40066666666667  Eval ordering fluctuation measurement (downstream to upstream):  [0.8374335851605572, 0.7978210858294881, 0.9716176963086474]
A better model is saved!

 Algo happo Exp ippo_seed13_formal_v1 updates 75/3000 episodes, total num timesteps 76000/3000000, FPS 118.

Reward for thread 1: [-35.53, -52.43, -48.4] -45.45  Inventory: [5.0, 20.0, 3.0]  Order: [6.34, 6.36, 6.45] Demand: [6.365]
Reward for thread 2: [-206.08, -63.6, -65.4] -111.69  Inventory: [0.0, 11.0, 0.0]  Order: [11.26, 11.42, 11.34] Demand: [14.61]
Reward for thread 3: [-97.28, -49.82, -47.96] -65.02  Inventory: [633.0, 0.0, 0.0]  Order: [8.3, 8.42, 8.22] Demand: [4.93]
Reward for thread 4: [-130.23, -61.08, -56.4] -82.57  Inventory: [829.0, 0.0, 0.0]  Order: [7.96, 8.04, 8.0] Demand: [3.735]
Reward for thread 5: [-141.53, -53.84, -53.73] -83.03  Inventory: [0.0, 22.0, 0.0]  Order: [10.76, 10.82, 10.8] Demand: [14.495]

 Algo happo Exp ippo_seed13_formal_v1 updates 76/3000 episodes, total num timesteps 77000/3000000, FPS 118.

Reward for thread 1: [-36.79, -39.85, -32.47] -36.37  Inventory: [167.0, 41.0, 0.0]  Order: [6.27, 6.46, 6.36] Demand: [5.66]
Reward for thread 2: [-195.41, -83.05, -72.75] -117.07  Inventory: [900.0, 28.0, 9.0]  Order: [7.56, 7.63, 7.55] Demand: [3.135]
Reward for thread 3: [-140.44, -60.45, -58.38] -86.42  Inventory: [690.0, 0.0, 0.0]  Order: [8.6, 8.48, 8.33] Demand: [5.095]
Reward for thread 4: [-42.1, -44.14, -37.61] -41.28  Inventory: [3.0, 3.0, 0.0]  Order: [7.06, 7.04, 6.93] Demand: [7.085]
Reward for thread 5: [-235.86, -74.91, -74.6] -128.46  Inventory: [0.0, 12.0, 0.0]  Order: [11.61, 11.84, 11.8] Demand: [15.35]

 Algo happo Exp ippo_seed13_formal_v1 updates 77/3000 episodes, total num timesteps 78000/3000000, FPS 118.

Reward for thread 1: [-69.63, -40.87, -36.02] -48.84  Inventory: [0.0, 0.0, 2.0]  Order: [11.36, 11.29, 11.31] Demand: [12.42]
Reward for thread 2: [-166.17, -66.11, -60.73] -97.67  Inventory: [771.0, 0.0, 6.0]  Order: [8.02, 7.9, 7.74] Demand: [4.22]
Reward for thread 3: [-63.12, -41.51, -36.72] -47.12  Inventory: [0.0, 43.0, 0.0]  Order: [10.74, 11.06, 10.98] Demand: [12.275]
Reward for thread 4: [-22.86, -36.77, -27.55] -29.06  Inventory: [0.0, 9.0, 38.0]  Order: [7.04, 6.98, 6.92] Demand: [7.215]
Reward for thread 5: [-30.38, -51.16, -34.78] -38.77  Inventory: [6.0, 0.0, 0.0]  Order: [6.64, 6.78, 6.75] Demand: [6.67]

 Algo happo Exp ippo_seed13_formal_v1 updates 78/3000 episodes, total num timesteps 79000/3000000, FPS 119.

Reward for thread 1: [-26.03, -28.95, -27.54] -27.51  Inventory: [79.0, 73.0, 32.0]  Order: [10.58, 10.84, 10.87] Demand: [10.345]
Reward for thread 2: [-103.28, -62.72, -50.35] -72.12  Inventory: [0.0, 0.0, 0.0]  Order: [12.71, 12.69, 12.47] Demand: [14.62]
Reward for thread 3: [-291.33, -95.64, -91.66] -159.54  Inventory: [0.0, 0.0, 0.0]  Order: [13.16, 12.96, 12.78] Demand: [17.195]
Reward for thread 4: [-158.28, -67.84, -62.04] -96.05  Inventory: [599.0, 22.0, 46.0]  Order: [7.14, 7.14, 7.25] Demand: [4.27]
Reward for thread 5: [-250.97, -87.04, -83.32] -140.44  Inventory: [0.0, 0.0, 0.0]  Order: [13.04, 12.8, 12.78] Demand: [16.9]

 Algo happo Exp ippo_seed13_formal_v1 updates 79/3000 episodes, total num timesteps 80000/3000000, FPS 119.

Reward for thread 1: [-203.34, -87.89, -88.28] -126.5  Inventory: [0.0, 0.0, 0.0]  Order: [12.85, 13.08, 12.94] Demand: [16.495]
Reward for thread 2: [-61.09, -47.73, -43.22] -50.68  Inventory: [0.0, 0.0, 0.0]  Order: [11.26, 11.26, 11.18] Demand: [12.645]
Reward for thread 3: [-160.95, -64.52, -62.28] -95.92  Inventory: [0.0, 0.0, 0.0]  Order: [12.48, 12.86, 12.39] Demand: [13.71]
Reward for thread 4: [-37.08, -53.79, -41.44] -44.1  Inventory: [105.0, 130.0, 92.0]  Order: [6.06, 6.56, 6.92] Demand: [5.755]
Reward for thread 5: [-104.36, -47.08, -42.86] -64.77  Inventory: [0.0, 0.0, 0.0]  Order: [12.65, 12.52, 12.39] Demand: [14.495]

Eval average reward:  -139.47733333333335  Eval ordering fluctuation measurement (downstream to upstream):  [0.8930151460049084, 0.867770503730379, 0.5010168511379228]

 Algo happo Exp ippo_seed13_formal_v1 updates 80/3000 episodes, total num timesteps 81000/3000000, FPS 118.

Reward for thread 1: [-92.38, -40.9, -40.17] -57.82  Inventory: [0.0, 0.0, 21.0]  Order: [11.83, 11.77, 11.8] Demand: [12.425]
Reward for thread 2: [-155.78, -73.21, -56.94] -95.31  Inventory: [0.0, 0.0, 0.0]  Order: [13.58, 13.47, 13.38] Demand: [16.07]
Reward for thread 3: [-102.31, -56.4, -55.13] -71.28  Inventory: [516.0, 7.0, 0.0]  Order: [7.13, 7.12, 7.04] Demand: [4.565]
Reward for thread 4: [-66.49, -44.88, -38.18] -49.85  Inventory: [0.0, 0.0, 0.0]  Order: [11.92, 12.03, 11.72] Demand: [11.755]
Reward for thread 5: [-281.9, -97.5, -93.14] -157.51  Inventory: [0.0, 0.0, 0.0]  Order: [13.39, 13.34, 13.13] Demand: [16.67]

 Algo happo Exp ippo_seed13_formal_v1 updates 81/3000 episodes, total num timesteps 82000/3000000, FPS 118.

Reward for thread 1: [-82.49, -49.32, -38.63] -56.81  Inventory: [0.0, 70.0, 36.0]  Order: [11.18, 11.38, 11.33] Demand: [11.195]
Reward for thread 2: [-123.0, -54.76, -46.33] -74.7  Inventory: [0.0, 0.0, 0.0]  Order: [12.92, 12.92, 12.9] Demand: [14.115]
Reward for thread 3: [-26.4, -33.12, -31.53] -30.35  Inventory: [33.0, 59.0, 21.0]  Order: [8.83, 9.04, 8.99] Demand: [8.82]
Reward for thread 4: [-34.35, -39.24, -32.98] -35.52  Inventory: [0.0, 0.0, 0.0]  Order: [8.35, 8.22, 8.14] Demand: [8.235]
Reward for thread 5: [-193.62, -76.57, -63.56] -111.25  Inventory: [0.0, 1.0, 15.0]  Order: [13.26, 13.23, 13.08] Demand: [13.85]

 Algo happo Exp ippo_seed13_formal_v1 updates 82/3000 episodes, total num timesteps 83000/3000000, FPS 118.

Reward for thread 1: [-25.87, -37.81, -28.48] -30.72  Inventory: [0.0, 95.0, 11.0]  Order: [7.98, 8.29, 8.26] Demand: [8.185]
Reward for thread 2: [-83.14, -74.83, -43.82] -67.26  Inventory: [454.0, 109.0, 19.0]  Order: [6.42, 6.78, 6.88] Demand: [4.255]
Reward for thread 3: [-63.25, -152.12, -60.81] -92.06  Inventory: [12.0, 426.0, 72.0]  Order: [4.8, 6.74, 6.98] Demand: [4.8]
Reward for thread 4: [-88.14, -119.98, -55.8] -87.97  Inventory: [236.0, 250.0, 54.0]  Order: [6.76, 7.81, 7.9] Demand: [5.68]
Reward for thread 5: [-60.77, -71.78, -40.28] -57.61  Inventory: [330.0, 65.0, 0.0]  Order: [6.18, 6.46, 6.28] Demand: [4.615]

 Algo happo Exp ippo_seed13_formal_v1 updates 83/3000 episodes, total num timesteps 84000/3000000, FPS 118.

Reward for thread 1: [-24.98, -24.72, -21.1] -23.6  Inventory: [0.0, 29.0, 40.0]  Order: [10.1, 10.12, 10.26] Demand: [10.355]
Reward for thread 2: [-25.26, -35.42, -30.53] -30.4  Inventory: [0.0, 0.0, 0.0]  Order: [8.96, 9.01, 8.68] Demand: [8.99]
Reward for thread 3: [-36.06, -55.2, -37.24] -42.83  Inventory: [70.0, 145.0, 0.0]  Order: [7.56, 8.3, 8.19] Demand: [7.31]
Reward for thread 4: [-27.16, -38.8, -27.25] -31.07  Inventory: [0.0, 4.0, 12.0]  Order: [7.75, 7.66, 7.52] Demand: [7.805]
Reward for thread 5: [-118.68, -60.55, -50.33] -76.52  Inventory: [0.0, 3.0, 0.0]  Order: [11.72, 11.87, 11.9] Demand: [13.145]

 Algo happo Exp ippo_seed13_formal_v1 updates 84/3000 episodes, total num timesteps 85000/3000000, FPS 119.

Reward for thread 1: [-202.34, -80.42, -78.32] -120.36  Inventory: [970.0, 0.0, 0.0]  Order: [8.55, 8.53, 8.41] Demand: [3.56]
Reward for thread 2: [-50.33, -91.33, -44.43] -62.03  Inventory: [160.0, 224.0, 27.0]  Order: [5.34, 6.3, 6.36] Demand: [4.665]
Reward for thread 3: [-79.55, -62.67, -42.47] -61.56  Inventory: [108.0, 72.0, 13.0]  Order: [7.8, 8.07, 7.96] Demand: [7.48]
Reward for thread 4: [-52.06, -52.54, -34.9] -46.5  Inventory: [49.0, 147.0, 16.0]  Order: [10.44, 11.09, 10.96] Demand: [10.255]
Reward for thread 5: [-220.45, -75.48, -69.76] -121.9  Inventory: [0.0, 0.0, 0.0]  Order: [12.98, 12.8, 12.68] Demand: [15.07]

Eval average reward:  -91.23858333333332  Eval ordering fluctuation measurement (downstream to upstream):  [0.9294819579979589, 0.919648747677823, 0.6298865781604105]

 Algo happo Exp ippo_seed13_formal_v1 updates 85/3000 episodes, total num timesteps 86000/3000000, FPS 118.

Reward for thread 1: [-68.61, -50.03, -36.89] -51.84  Inventory: [0.0, 0.0, 0.0]  Order: [11.3, 11.14, 11.04] Demand: [12.23]
Reward for thread 2: [-174.44, -89.3, -70.09] -111.28  Inventory: [561.0, 0.0, 0.0]  Order: [8.28, 8.49, 8.29] Demand: [5.275]
Reward for thread 3: [-87.48, -53.72, -42.84] -61.35  Inventory: [0.0, 0.0, 12.0]  Order: [12.6, 12.26, 12.26] Demand: [13.44]
Reward for thread 4: [-65.12, -131.14, -54.26] -83.51  Inventory: [158.0, 335.0, 34.0]  Order: [4.5, 6.08, 6.06] Demand: [3.805]
Reward for thread 5: [-197.93, -115.97, -77.46] -130.45  Inventory: [1053.0, 0.0, 0.0]  Order: [7.67, 7.63, 7.55] Demand: [2.155]

 Algo happo Exp ippo_seed13_formal_v1 updates 86/3000 episodes, total num timesteps 87000/3000000, FPS 118.

Reward for thread 1: [-31.95, -50.97, -33.79] -38.9  Inventory: [3.0, 71.0, 25.0]  Order: [6.23, 6.4, 6.38] Demand: [6.415]
Reward for thread 2: [-78.46, -54.53, -39.05] -57.35  Inventory: [0.0, 0.0, 0.0]  Order: [13.24, 13.02, 13.01] Demand: [14.225]
Reward for thread 3: [-39.89, -34.79, -28.27] -34.32  Inventory: [0.0, 1.0, 26.0]  Order: [11.59, 11.63, 11.62] Demand: [11.66]
Reward for thread 4: [-33.85, -36.47, -27.64] -32.65  Inventory: [0.0, 73.0, 27.0]  Order: [9.8, 10.0, 9.91] Demand: [9.835]
Reward for thread 5: [-83.57, -61.91, -48.01] -64.5  Inventory: [426.0, 48.0, 19.0]  Order: [6.2, 6.26, 6.19] Demand: [4.125]

 Algo happo Exp ippo_seed13_formal_v1 updates 87/3000 episodes, total num timesteps 88000/3000000, FPS 118.

Reward for thread 1: [-88.99, -52.79, -44.97] -62.25  Inventory: [0.0, 0.0, 0.0]  Order: [11.3, 11.42, 11.32] Demand: [13.32]
Reward for thread 2: [-103.62, -88.07, -55.25] -82.31  Inventory: [494.0, 35.0, 19.0]  Order: [7.32, 7.36, 7.31] Demand: [4.865]
Reward for thread 3: [-42.29, -93.94, -46.58] -60.94  Inventory: [13.0, 349.0, 29.0]  Order: [4.94, 6.56, 6.66] Demand: [5.08]
Reward for thread 4: [-99.13, -90.51, -56.63] -82.09  Inventory: [624.0, 9.0, 0.0]  Order: [6.72, 6.9, 6.78] Demand: [3.63]
Reward for thread 5: [-136.97, -58.35, -50.96] -82.09  Inventory: [0.0, 0.0, 0.0]  Order: [14.14, 14.1, 13.98] Demand: [16.64]

 Algo happo Exp ippo_seed13_formal_v1 updates 88/3000 episodes, total num timesteps 89000/3000000, FPS 119.

Reward for thread 1: [-61.75, -44.89, -35.28] -47.31  Inventory: [0.0, 0.0, 0.0]  Order: [9.72, 9.5, 9.46] Demand: [11.37]
Reward for thread 2: [-80.1, -52.14, -37.17] -56.47  Inventory: [0.0, 0.0, 0.0]  Order: [13.19, 12.7, 12.5] Demand: [13.645]
Reward for thread 3: [-179.95, -71.43, -64.1] -105.16  Inventory: [0.0, 0.0, 0.0]  Order: [12.4, 12.42, 12.42] Demand: [15.83]
Reward for thread 4: [-26.63, -51.02, -31.05] -36.23  Inventory: [0.0, 162.0, 50.0]  Order: [6.8, 7.44, 7.46] Demand: [6.945]
Reward for thread 5: [-47.62, -43.71, -31.94] -41.09  Inventory: [14.0, 0.0, 0.0]  Order: [12.36, 12.19, 12.18] Demand: [11.85]

 Algo happo Exp ippo_seed13_formal_v1 updates 89/3000 episodes, total num timesteps 90000/3000000, FPS 119.

Reward for thread 1: [-53.63, -81.88, -53.94] -63.15  Inventory: [43.0, 196.0, 59.0]  Order: [8.22, 9.02, 9.15] Demand: [8.245]
Reward for thread 2: [-126.95, -58.11, -47.6] -77.55  Inventory: [0.0, 0.0, 0.0]  Order: [12.7, 12.48, 12.45] Demand: [15.485]
Reward for thread 3: [-17.87, -30.22, -24.09] -24.06  Inventory: [7.0, 58.0, 23.0]  Order: [8.18, 8.37, 8.34] Demand: [8.25]
Reward for thread 4: [-55.98, -57.87, -37.55] -50.47  Inventory: [0.0, 0.0, 0.0]  Order: [9.03, 8.72, 8.7] Demand: [9.91]
Reward for thread 5: [-24.34, -32.58, -33.49] -30.14  Inventory: [0.0, 14.0, 15.0]  Order: [7.84, 7.87, 7.7] Demand: [7.935]

Eval average reward:  -59.71391666666667  Eval ordering fluctuation measurement (downstream to upstream):  [1.013168017831871, 0.9232622241646655, 1.0830615324650992]
A better model is saved!

 Algo happo Exp ippo_seed13_formal_v1 updates 90/3000 episodes, total num timesteps 91000/3000000, FPS 118.

Reward for thread 1: [-84.56, -55.05, -40.4] -60.0  Inventory: [73.0, 65.0, 52.0]  Order: [10.04, 10.21, 10.26] Demand: [9.835]
Reward for thread 2: [-133.82, -65.35, -53.64] -84.27  Inventory: [0.0, 0.0, 0.0]  Order: [12.82, 12.68, 12.69] Demand: [13.455]
Reward for thread 3: [-111.7, -66.22, -50.23] -76.05  Inventory: [610.0, 0.0, 0.0]  Order: [7.4, 7.48, 7.38] Demand: [4.13]
Reward for thread 4: [-71.03, -80.4, -43.22] -64.88  Inventory: [0.0, 0.0, 0.0]  Order: [9.05, 8.49, 8.44] Demand: [10.22]
Reward for thread 5: [-67.52, -42.02, -33.07] -47.54  Inventory: [75.0, 62.0, 50.0]  Order: [12.44, 12.62, 12.72] Demand: [12.23]

 Algo happo Exp ippo_seed13_formal_v1 updates 91/3000 episodes, total num timesteps 92000/3000000, FPS 118.

Reward for thread 1: [-36.73, -38.19, -25.88] -33.6  Inventory: [39.0, 62.0, 69.0]  Order: [9.25, 9.38, 9.55] Demand: [9.295]
Reward for thread 2: [-25.51, -27.72, -24.63] -25.95  Inventory: [0.0, 0.0, 0.0]  Order: [10.09, 10.04, 9.94] Demand: [10.35]
Reward for thread 3: [-40.23, -59.33, -33.35] -44.3  Inventory: [69.0, 184.0, 46.0]  Order: [7.1, 7.98, 8.04] Demand: [6.855]
Reward for thread 4: [-25.85, -37.62, -30.68] -31.38  Inventory: [0.0, 0.0, 0.0]  Order: [6.6, 6.68, 6.67] Demand: [7.01]
Reward for thread 5: [-26.73, -52.81, -29.23] -36.26  Inventory: [13.0, 244.0, 14.0]  Order: [5.19, 6.33, 6.38] Demand: [5.295]

 Algo happo Exp ippo_seed13_formal_v1 updates 92/3000 episodes, total num timesteps 93000/3000000, FPS 118.

Reward for thread 1: [-106.13, -59.66, -50.04] -71.94  Inventory: [0.0, 0.0, 0.0]  Order: [12.93, 12.94, 12.76] Demand: [15.035]
Reward for thread 2: [-132.29, -77.85, -55.75] -88.63  Inventory: [0.0, 0.0, 0.0]  Order: [12.58, 12.01, 12.01] Demand: [14.785]
Reward for thread 3: [-87.75, -112.47, -52.48] -84.23  Inventory: [497.0, 59.0, 5.0]  Order: [5.9, 6.03, 5.94] Demand: [3.435]
Reward for thread 4: [-31.2, -63.82, -32.42] -42.48  Inventory: [34.0, 221.0, 16.0]  Order: [5.36, 6.26, 6.22] Demand: [5.375]
Reward for thread 5: [-213.18, -110.22, -78.81] -134.07  Inventory: [0.0, 0.0, 0.0]  Order: [14.61, 14.69, 14.69] Demand: [14.885]

 Algo happo Exp ippo_seed13_formal_v1 updates 93/3000 episodes, total num timesteps 94000/3000000, FPS 119.

Reward for thread 1: [-38.1, -69.64, -38.36] -48.7  Inventory: [100.0, 176.0, 28.0]  Order: [6.51, 7.22, 7.24] Demand: [6.2]
Reward for thread 2: [-21.01, -35.66, -26.29] -27.65  Inventory: [31.0, 29.0, 4.0]  Order: [7.51, 7.72, 7.84] Demand: [7.52]
Reward for thread 3: [-37.13, -60.54, -37.83] -45.17  Inventory: [27.0, 127.0, 36.0]  Order: [4.8, 5.27, 5.32] Demand: [4.815]
Reward for thread 4: [-26.56, -41.17, -26.82] -31.52  Inventory: [0.0, 0.0, 0.0]  Order: [7.5, 7.36, 7.32] Demand: [7.8]
Reward for thread 5: [-25.81, -38.98, -28.7] -31.16  Inventory: [50.0, 80.0, 34.0]  Order: [8.1, 8.35, 8.41] Demand: [8.045]

 Algo happo Exp ippo_seed13_formal_v1 updates 94/3000 episodes, total num timesteps 95000/3000000, FPS 119.

Reward for thread 1: [-35.19, -78.78, -42.0] -51.99  Inventory: [0.0, 47.0, 0.0]  Order: [5.88, 6.14, 6.07] Demand: [5.99]
Reward for thread 2: [-121.55, -50.89, -44.85] -72.43  Inventory: [0.0, 0.0, 7.0]  Order: [11.42, 11.33, 11.31] Demand: [14.025]
Reward for thread 3: [-47.09, -76.83, -47.17] -57.03  Inventory: [84.0, 222.0, 24.0]  Order: [6.24, 7.18, 7.14] Demand: [5.95]
Reward for thread 4: [-28.3, -45.19, -31.75] -35.08  Inventory: [0.0, 0.0, 0.0]  Order: [7.48, 7.25, 7.11] Demand: [7.445]
Reward for thread 5: [-35.44, -78.01, -39.76] -51.07  Inventory: [2.0, 88.0, 19.0]  Order: [4.65, 5.03, 5.08] Demand: [4.64]

Eval average reward:  -49.562583333333336  Eval ordering fluctuation measurement (downstream to upstream):  [1.0580926872136298, 0.7178975876900532, 1.0685971760315867]
A better model is saved!

 Algo happo Exp ippo_seed13_formal_v1 updates 95/3000 episodes, total num timesteps 96000/3000000, FPS 118.

Reward for thread 1: [-22.9, -51.3, -30.72] -34.97  Inventory: [30.0, 24.0, 25.0]  Order: [6.26, 6.35, 6.4] Demand: [6.195]
Reward for thread 2: [-75.3, -52.98, -39.58] -55.95  Inventory: [453.0, 0.0, 0.0]  Order: [6.44, 6.26, 6.18] Demand: [3.985]
Reward for thread 3: [-251.24, -94.95, -79.54] -141.91  Inventory: [0.0, 0.0, 0.0]  Order: [14.06, 14.02, 14.0] Demand: [15.755]
Reward for thread 4: [-54.61, -31.55, -27.48] -37.88  Inventory: [0.0, 0.0, 0.0]  Order: [11.89, 11.72, 11.7] Demand: [13.03]
Reward for thread 5: [-85.03, -53.49, -39.5] -59.34  Inventory: [0.0, 0.0, 0.0]  Order: [11.86, 11.65, 11.61] Demand: [13.8]

 Algo happo Exp ippo_seed13_formal_v1 updates 96/3000 episodes, total num timesteps 97000/3000000, FPS 118.

Reward for thread 1: [-126.89, -74.71, -58.77] -86.79  Inventory: [0.0, 0.0, 0.0]  Order: [10.96, 11.04, 10.85] Demand: [13.355]
Reward for thread 2: [-26.68, -57.24, -30.76] -38.23  Inventory: [4.0, 152.0, 31.0]  Order: [4.82, 5.42, 5.35] Demand: [5.055]
Reward for thread 3: [-15.48, -24.84, -21.53] -20.62  Inventory: [12.0, 51.0, 41.0]  Order: [7.56, 7.65, 7.7] Demand: [7.685]
Reward for thread 4: [-164.28, -69.29, -56.3] -96.62  Inventory: [0.0, 0.0, 0.0]  Order: [13.61, 13.6, 13.54] Demand: [16.67]
Reward for thread 5: [-66.4, -40.7, -33.38] -46.83  Inventory: [0.0, 0.0, 0.0]  Order: [13.06, 13.03, 13.04] Demand: [13.275]

 Algo happo Exp ippo_seed13_formal_v1 updates 97/3000 episodes, total num timesteps 98000/3000000, FPS 118.

Reward for thread 1: [-52.67, -137.21, -59.92] -83.27  Inventory: [45.0, 442.0, 29.0]  Order: [3.14, 5.23, 5.22] Demand: [3.055]
Reward for thread 2: [-44.47, -44.4, -34.03] -40.97  Inventory: [0.0, 26.0, 19.0]  Order: [9.07, 9.2, 9.11] Demand: [9.15]
Reward for thread 3: [-22.86, -25.84, -24.53] -24.41  Inventory: [25.0, 0.0, 0.0]  Order: [8.82, 8.9, 8.82] Demand: [8.69]
Reward for thread 4: [-35.63, -44.15, -28.14] -35.97  Inventory: [0.0, 0.0, 0.0]  Order: [8.05, 7.76, 7.74] Demand: [8.565]
Reward for thread 5: [-95.27, -146.2, -63.3] -101.59  Inventory: [486.0, 162.0, 32.0]  Order: [4.71, 5.34, 5.36] Demand: [2.35]

 Algo happo Exp ippo_seed13_formal_v1 updates 98/3000 episodes, total num timesteps 99000/3000000, FPS 119.

Reward for thread 1: [-45.24, -70.97, -38.48] -51.56  Inventory: [232.0, 111.0, 1.0]  Order: [5.16, 5.64, 5.59] Demand: [4.09]
Reward for thread 2: [-23.81, -38.62, -27.35] -29.93  Inventory: [0.0, 78.0, 22.0]  Order: [5.5, 5.68, 5.58] Demand: [5.65]
Reward for thread 3: [-50.95, -79.46, -47.35] -59.25  Inventory: [0.0, 34.0, 15.0]  Order: [6.3, 6.36, 6.24] Demand: [6.33]
Reward for thread 4: [-115.59, -52.46, -48.29] -72.11  Inventory: [0.0, 0.0, 0.0]  Order: [11.57, 11.52, 11.4] Demand: [14.095]
Reward for thread 5: [-147.08, -90.87, -59.36] -99.1  Inventory: [0.0, 0.0, 8.0]  Order: [14.56, 14.27, 14.24] Demand: [15.215]

 Algo happo Exp ippo_seed13_formal_v1 updates 99/3000 episodes, total num timesteps 100000/3000000, FPS 119.

Reward for thread 1: [-61.31, -44.09, -33.75] -46.38  Inventory: [0.0, 0.0, 0.0]  Order: [12.57, 12.28, 12.24] Demand: [13.01]
Reward for thread 2: [-21.43, -30.69, -27.34] -26.49  Inventory: [31.0, 54.0, 49.0]  Order: [6.44, 6.56, 6.64] Demand: [6.485]
Reward for thread 3: [-49.94, -39.16, -40.45] -43.18  Inventory: [280.0, 3.0, 0.0]  Order: [7.38, 7.36, 7.26] Demand: [6.065]
Reward for thread 4: [-169.26, -77.04, -62.44] -102.91  Inventory: [0.0, 0.0, 0.0]  Order: [13.82, 13.76, 13.64] Demand: [16.095]
Reward for thread 5: [-26.06, -47.93, -31.44] -35.14  Inventory: [13.0, 25.0, 38.0]  Order: [5.58, 5.55, 5.62] Demand: [5.585]

Eval average reward:  -44.9145  Eval ordering fluctuation measurement (downstream to upstream):  [0.91953479772294, 0.8426701736242244, 1.095089795311493]
A better model is saved!

 Algo happo Exp ippo_seed13_formal_v1 updates 100/3000 episodes, total num timesteps 101000/3000000, FPS 118.

Reward for thread 1: [-24.58, -29.05, -22.11] -25.25  Inventory: [12.0, 1.0, 17.0]  Order: [9.8, 9.7, 9.8] Demand: [9.65]
Reward for thread 2: [-97.3, -78.19, -46.71] -74.07  Inventory: [109.0, 27.0, 44.0]  Order: [12.44, 12.46, 12.66] Demand: [11.98]
Reward for thread 3: [-179.15, -71.13, -62.32] -104.2  Inventory: [0.0, 0.0, 0.0]  Order: [13.74, 13.46, 13.46] Demand: [14.9]
Reward for thread 4: [-18.78, -27.04, -22.53] -22.78  Inventory: [0.0, 17.0, 0.0]  Order: [7.91, 7.92, 7.87] Demand: [7.995]
Reward for thread 5: [-55.3, -77.52, -40.78] -57.87  Inventory: [278.0, 92.0, 25.0]  Order: [6.59, 6.88, 6.85] Demand: [5.2]

 Algo happo Exp ippo_seed13_formal_v1 updates 101/3000 episodes, total num timesteps 102000/3000000, FPS 118.

Reward for thread 1: [-23.42, -31.33, -25.82] -26.86  Inventory: [15.0, 64.0, 27.0]  Order: [8.74, 8.93, 8.89] Demand: [8.91]
Reward for thread 2: [-268.01, -88.74, -81.4] -146.05  Inventory: [0.0, 0.0, 0.0]  Order: [13.52, 13.4, 13.34] Demand: [17.465]
Reward for thread 3: [-110.93, -63.87, -48.35] -74.38  Inventory: [802.0, 0.0, 0.0]  Order: [7.52, 7.4, 7.42] Demand: [3.44]
Reward for thread 4: [-49.65, -37.31, -30.45] -39.14  Inventory: [0.0, 0.0, 0.0]  Order: [11.5, 11.48, 11.38] Demand: [11.55]
Reward for thread 5: [-28.17, -27.88, -25.3] -27.12  Inventory: [0.0, 0.0, 0.0]  Order: [10.01, 10.03, 9.94] Demand: [10.135]

 Algo happo Exp ippo_seed13_formal_v1 updates 102/3000 episodes, total num timesteps 103000/3000000, FPS 118.

Reward for thread 1: [-21.71, -34.13, -31.12] -28.99  Inventory: [17.0, 20.0, 25.0]  Order: [7.34, 7.41, 7.4] Demand: [7.345]
Reward for thread 2: [-78.38, -83.08, -55.87] -72.44  Inventory: [463.0, 0.0, 0.0]  Order: [6.11, 6.12, 6.09] Demand: [3.705]
Reward for thread 3: [-63.33, -42.63, -38.57] -48.18  Inventory: [433.0, 0.0, 0.0]  Order: [6.43, 6.52, 6.52] Demand: [4.21]
Reward for thread 4: [-22.19, -36.36, -29.3] -29.28  Inventory: [0.0, 94.0, 20.0]  Order: [6.48, 6.82, 6.77] Demand: [6.57]
Reward for thread 5: [-26.11, -45.26, -31.26] -34.21  Inventory: [35.0, 83.0, 34.0]  Order: [5.9, 6.12, 6.1] Demand: [5.955]

 Algo happo Exp ippo_seed13_formal_v1 updates 103/3000 episodes, total num timesteps 104000/3000000, FPS 119.

Reward for thread 1: [-41.5, -113.42, -47.05] -67.32  Inventory: [0.0, 172.0, 11.0]  Order: [3.6, 4.32, 4.22] Demand: [3.655]
Reward for thread 2: [-42.41, -111.86, -49.32] -67.86  Inventory: [7.0, 227.0, 14.0]  Order: [3.62, 4.58, 4.57] Demand: [3.68]
Reward for thread 3: [-26.69, -27.3, -23.05] -25.68  Inventory: [0.0, 0.0, 0.0]  Order: [9.22, 9.12, 9.04] Demand: [9.85]
Reward for thread 4: [-58.12, -97.38, -55.16] -70.22  Inventory: [239.0, 102.0, 16.0]  Order: [3.47, 3.82, 3.72] Demand: [2.42]
Reward for thread 5: [-135.09, -64.59, -50.8] -83.49  Inventory: [0.0, 0.0, 0.0]  Order: [13.27, 13.18, 13.15] Demand: [14.245]

 Algo happo Exp ippo_seed13_formal_v1 updates 104/3000 episodes, total num timesteps 105000/3000000, FPS 119.

Reward for thread 1: [-32.2, -45.15, -37.72] -38.36  Inventory: [0.0, 0.0, 0.0]  Order: [8.82, 8.78, 8.72] Demand: [8.965]
Reward for thread 2: [-20.9, -31.6, -25.33] -25.94  Inventory: [9.0, 35.0, 0.0]  Order: [10.36, 10.41, 10.36] Demand: [10.385]
Reward for thread 3: [-21.82, -25.08, -22.74] -23.21  Inventory: [0.0, 10.0, 20.0]  Order: [9.48, 9.5, 9.41] Demand: [9.835]
Reward for thread 4: [-58.17, -39.47, -31.3] -42.98  Inventory: [0.0, 0.0, 0.0]  Order: [11.76, 11.59, 11.46] Demand: [12.57]
Reward for thread 5: [-103.34, -55.07, -42.75] -67.05  Inventory: [0.0, 0.0, 0.0]  Order: [13.66, 13.61, 13.54] Demand: [15.47]

Eval average reward:  -46.07025  Eval ordering fluctuation measurement (downstream to upstream):  [0.8064066955527643, 0.7481166865013289, 1.0460641562683786]

 Algo happo Exp ippo_seed13_formal_v1 updates 105/3000 episodes, total num timesteps 106000/3000000, FPS 118.

Reward for thread 1: [-242.94, -89.85, -77.58] -136.79  Inventory: [0.0, 0.0, 0.0]  Order: [14.12, 13.96, 13.9] Demand: [17.74]
Reward for thread 2: [-35.08, -90.87, -38.8] -54.92  Inventory: [26.0, 316.0, 24.0]  Order: [4.43, 5.89, 5.86] Demand: [4.53]
Reward for thread 3: [-19.44, -32.03, -22.88] -24.78  Inventory: [32.0, 39.0, 2.0]  Order: [6.44, 6.49, 6.42] Demand: [6.48]
Reward for thread 4: [-97.24, -45.47, -41.0] -61.24  Inventory: [0.0, 0.0, 0.0]  Order: [11.54, 11.46, 11.4] Demand: [14.125]
Reward for thread 5: [-51.14, -137.87, -65.86] -84.96  Inventory: [16.0, 335.0, 32.0]  Order: [3.86, 5.36, 5.32] Demand: [3.88]

 Algo happo Exp ippo_seed13_formal_v1 updates 106/3000 episodes, total num timesteps 107000/3000000, FPS 118.

Reward for thread 1: [-20.38, -29.4, -26.46] -25.41  Inventory: [7.0, 26.0, 66.0]  Order: [7.97, 7.9, 8.01] Demand: [8.03]
Reward for thread 2: [-28.82, -32.65, -25.39] -28.95  Inventory: [0.0, 0.0, 0.0]  Order: [9.24, 9.09, 9.03] Demand: [9.98]
Reward for thread 3: [-216.6, -91.3, -75.95] -127.95  Inventory: [0.0, 0.0, 0.0]  Order: [13.99, 13.69, 13.72] Demand: [16.88]
Reward for thread 4: [-45.72, -38.33, -29.03] -37.69  Inventory: [2.0, 0.0, 5.0]  Order: [10.24, 10.24, 10.36] Demand: [10.1]
Reward for thread 5: [-62.31, -31.72, -28.58] -40.87  Inventory: [0.0, 0.0, 0.0]  Order: [12.94, 12.75, 12.64] Demand: [13.915]

 Algo happo Exp ippo_seed13_formal_v1 updates 107/3000 episodes, total num timesteps 108000/3000000, FPS 118.

Reward for thread 1: [-48.13, -31.74, -27.75] -35.87  Inventory: [0.0, 0.0, 1.0]  Order: [11.45, 11.46, 11.51] Demand: [12.33]
Reward for thread 2: [-19.79, -26.84, -24.1] -23.58  Inventory: [0.0, 0.0, 0.0]  Order: [7.77, 7.72, 7.62] Demand: [7.92]
Reward for thread 3: [-99.5, -53.71, -43.51] -65.57  Inventory: [0.0, 13.0, 0.0]  Order: [11.24, 11.33, 11.3] Demand: [11.51]
Reward for thread 4: [-28.3, -44.89, -38.9] -37.36  Inventory: [48.0, 107.0, 53.0]  Order: [4.9, 5.3, 5.38] Demand: [4.88]
Reward for thread 5: [-33.19, -85.45, -40.38] -53.01  Inventory: [1.0, 183.0, 31.0]  Order: [4.08, 4.78, 4.78] Demand: [4.245]

 Algo happo Exp ippo_seed13_formal_v1 updates 108/3000 episodes, total num timesteps 109000/3000000, FPS 119.

Reward for thread 1: [-23.55, -38.31, -31.93] -31.26  Inventory: [4.0, 114.0, 33.0]  Order: [6.77, 7.16, 7.18] Demand: [7.]
Reward for thread 2: [-25.9, -46.35, -29.04] -33.76  Inventory: [34.0, 115.0, 58.0]  Order: [4.72, 5.08, 5.13] Demand: [4.795]
Reward for thread 3: [-28.29, -54.39, -37.24] -39.97  Inventory: [6.0, 0.0, 0.0]  Order: [5.53, 5.68, 5.6] Demand: [5.535]
Reward for thread 4: [-114.83, -64.4, -50.89] -76.71  Inventory: [688.0, 0.0, 0.0]  Order: [6.56, 6.58, 6.66] Demand: [2.885]
Reward for thread 5: [-137.92, -53.55, -48.49] -79.99  Inventory: [0.0, 0.0, 0.0]  Order: [13.74, 13.78, 13.7] Demand: [16.7]

 Algo happo Exp ippo_seed13_formal_v1 updates 109/3000 episodes, total num timesteps 110000/3000000, FPS 119.

Reward for thread 1: [-32.93, -31.65, -27.29] -30.62  Inventory: [0.0, 2.0, 0.0]  Order: [11.06, 11.14, 11.04] Demand: [11.71]
Reward for thread 2: [-29.23, -38.33, -28.75] -32.1  Inventory: [34.0, 75.0, 44.0]  Order: [9.22, 9.42, 9.48] Demand: [9.305]
Reward for thread 3: [-24.37, -34.04, -26.0] -28.14  Inventory: [7.0, 56.0, 30.0]  Order: [9.36, 9.44, 9.39] Demand: [9.495]
Reward for thread 4: [-19.52, -30.02, -24.38] -24.64  Inventory: [0.0, 63.0, 39.0]  Order: [7.48, 7.56, 7.58] Demand: [7.665]
Reward for thread 5: [-33.83, -77.55, -38.17] -49.85  Inventory: [7.0, 262.0, 2.0]  Order: [3.64, 4.78, 4.6] Demand: [3.855]

Eval average reward:  -40.2105  Eval ordering fluctuation measurement (downstream to upstream):  [1.0692665549055984, 0.8042627320725695, 1.1440629851505133]
A better model is saved!

 Algo happo Exp ippo_seed13_formal_v1 updates 110/3000 episodes, total num timesteps 111000/3000000, FPS 118.

Reward for thread 1: [-35.38, -28.46, -25.02] -29.62  Inventory: [0.0, 0.0, 0.0]  Order: [11.96, 11.88, 11.86] Demand: [12.535]
Reward for thread 2: [-32.54, -38.89, -30.79] -34.07  Inventory: [0.0, 0.0, 0.0]  Order: [9.78, 9.49, 9.56] Demand: [10.195]
Reward for thread 3: [-25.74, -33.65, -30.38] -29.92  Inventory: [0.0, 32.0, 42.0]  Order: [9.24, 9.22, 9.31] Demand: [9.4]
Reward for thread 4: [-42.96, -42.87, -37.3] -41.04  Inventory: [0.0, 0.0, 3.0]  Order: [9.77, 9.55, 9.64] Demand: [10.58]
Reward for thread 5: [-20.51, -33.95, -27.52] -27.33  Inventory: [22.0, 55.0, 11.0]  Order: [6.24, 6.39, 6.32] Demand: [6.355]

 Algo happo Exp ippo_seed13_formal_v1 updates 111/3000 episodes, total num timesteps 112000/3000000, FPS 118.

Reward for thread 1: [-21.56, -35.78, -26.24] -27.86  Inventory: [0.0, 22.0, 16.0]  Order: [6.73, 6.79, 6.72] Demand: [6.76]
Reward for thread 2: [-82.83, -90.64, -54.37] -75.95  Inventory: [533.0, 0.0, 0.0]  Order: [5.74, 5.79, 5.79] Demand: [2.86]
Reward for thread 3: [-24.54, -27.5, -21.48] -24.51  Inventory: [0.0, 0.0, 0.0]  Order: [11.31, 11.26, 11.18] Demand: [11.295]
Reward for thread 4: [-20.72, -33.98, -25.7] -26.8  Inventory: [22.0, 35.0, 22.0]  Order: [6.1, 6.24, 6.12] Demand: [6.12]
Reward for thread 5: [-68.33, -45.92, -34.23] -49.49  Inventory: [520.0, 0.0, 1.0]  Order: [7.11, 7.17, 7.16] Demand: [4.405]

 Algo happo Exp ippo_seed13_formal_v1 updates 112/3000 episodes, total num timesteps 113000/3000000, FPS 118.

Reward for thread 1: [-95.11, -51.78, -41.16] -62.68  Inventory: [0.0, 0.0, 0.0]  Order: [11.84, 11.52, 11.47] Demand: [13.765]
Reward for thread 2: [-26.68, -24.14, -19.39] -23.4  Inventory: [0.0, 0.0, 12.0]  Order: [9.46, 9.4, 9.45] Demand: [10.025]
Reward for thread 3: [-28.36, -55.0, -37.22] -40.19  Inventory: [34.0, 155.0, 43.0]  Order: [4.64, 5.18, 5.22] Demand: [4.715]
Reward for thread 4: [-36.38, -30.88, -22.89] -30.05  Inventory: [22.0, 3.0, 29.0]  Order: [10.53, 10.39, 10.33] Demand: [10.42]
Reward for thread 5: [-36.1, -31.24, -23.62] -30.32  Inventory: [28.0, 52.0, 86.0]  Order: [11.78, 11.81, 12.02] Demand: [11.87]

 Algo happo Exp ippo_seed13_formal_v1 updates 113/3000 episodes, total num timesteps 114000/3000000, FPS 119.

Reward for thread 1: [-129.71, -54.36, -47.57] -77.21  Inventory: [0.0, 0.0, 0.0]  Order: [12.34, 12.17, 12.15] Demand: [15.28]
Reward for thread 2: [-22.68, -40.99, -31.2] -31.62  Inventory: [16.0, 93.0, 53.0]  Order: [3.5, 3.76, 3.78] Demand: [3.625]
Reward for thread 3: [-28.88, -33.5, -27.52] -29.97  Inventory: [54.0, 57.0, 53.0]  Order: [10.42, 10.53, 10.58] Demand: [10.375]
Reward for thread 4: [-25.93, -27.12, -26.72] -26.59  Inventory: [4.0, 7.0, 0.0]  Order: [9.38, 9.32, 9.22] Demand: [9.36]
Reward for thread 5: [-22.75, -42.48, -26.81] -30.68  Inventory: [35.0, 120.0, 36.0]  Order: [5.34, 5.7, 5.64] Demand: [5.42]

 Algo happo Exp ippo_seed13_formal_v1 updates 114/3000 episodes, total num timesteps 115000/3000000, FPS 119.

Reward for thread 1: [-22.93, -34.22, -32.62] -29.92  Inventory: [17.0, 72.0, 53.0]  Order: [4.98, 5.11, 5.14] Demand: [5.14]
Reward for thread 2: [-17.86, -26.58, -24.63] -23.02  Inventory: [31.0, 78.0, 64.0]  Order: [7.8, 7.96, 8.05] Demand: [7.885]
Reward for thread 3: [-92.59, -102.7, -61.9] -85.73  Inventory: [544.0, 0.0, 0.0]  Order: [4.17, 4.28, 4.16] Demand: [1.46]
Reward for thread 4: [-53.75, -46.97, -36.32] -45.68  Inventory: [37.0, 77.0, 69.0]  Order: [8.04, 8.2, 8.36] Demand: [8.08]
Reward for thread 5: [-28.69, -32.57, -25.78] -29.01  Inventory: [0.0, 37.0, 35.0]  Order: [9.78, 9.74, 9.68] Demand: [9.905]

Eval average reward:  -42.240333333333325  Eval ordering fluctuation measurement (downstream to upstream):  [1.0144506551381989, 0.8076203922625295, 1.1794072852587814]

 Algo happo Exp ippo_seed13_formal_v1 updates 115/3000 episodes, total num timesteps 116000/3000000, FPS 118.

Reward for thread 1: [-33.91, -75.82, -35.97] -48.57  Inventory: [29.0, 161.0, 6.0]  Order: [3.08, 3.72, 3.6] Demand: [3.16]
Reward for thread 2: [-24.5, -43.95, -35.77] -34.74  Inventory: [23.0, 117.0, 38.0]  Order: [4.38, 4.8, 4.84] Demand: [4.52]
Reward for thread 3: [-20.87, -29.01, -23.37] -24.42  Inventory: [3.0, 41.0, 30.0]  Order: [8.55, 8.6, 8.53] Demand: [8.7]
Reward for thread 4: [-165.02, -65.36, -57.58] -95.99  Inventory: [5.0, 1.0, 0.0]  Order: [13.58, 13.73, 13.68] Demand: [13.47]
Reward for thread 5: [-32.62, -44.3, -35.53] -37.48  Inventory: [0.0, 50.0, 14.0]  Order: [7.77, 7.89, 7.85] Demand: [7.9]

 Algo happo Exp ippo_seed13_formal_v1 updates 116/3000 episodes, total num timesteps 117000/3000000, FPS 118.

Reward for thread 1: [-32.3, -71.47, -35.0] -46.26  Inventory: [54.0, 170.0, 44.0]  Order: [3.2, 3.85, 3.86] Demand: [3.07]
Reward for thread 2: [-26.58, -57.33, -38.29] -40.73  Inventory: [8.0, 178.0, 19.0]  Order: [3.12, 3.78, 3.64] Demand: [3.33]
Reward for thread 3: [-32.32, -27.96, -25.58] -28.62  Inventory: [0.0, 0.0, 0.0]  Order: [11.84, 11.82, 11.78] Demand: [11.91]
Reward for thread 4: [-62.4, -41.69, -30.38] -44.82  Inventory: [0.0, 0.0, 0.0]  Order: [14.6, 14.52, 14.52] Demand: [15.6]
Reward for thread 5: [-31.18, -75.46, -46.25] -50.96  Inventory: [2.0, 202.0, 33.0]  Order: [2.74, 3.53, 3.5] Demand: [2.865]

 Algo happo Exp ippo_seed13_formal_v1 updates 117/3000 episodes, total num timesteps 118000/3000000, FPS 119.

Reward for thread 1: [-81.62, -43.62, -34.93] -53.39  Inventory: [0.0, 0.0, 0.0]  Order: [14.05, 14.09, 14.08] Demand: [15.33]
Reward for thread 2: [-44.23, -34.65, -26.6] -35.16  Inventory: [0.0, 21.0, 0.0]  Order: [11.26, 11.58, 11.57] Demand: [11.39]
Reward for thread 3: [-17.22, -25.8, -22.84] -21.95  Inventory: [0.0, 12.0, 27.0]  Order: [7.18, 7.21, 7.12] Demand: [7.22]
Reward for thread 4: [-26.26, -57.99, -35.2] -39.82  Inventory: [27.0, 92.0, 18.0]  Order: [3.63, 3.86, 3.78] Demand: [3.69]
Reward for thread 5: [-17.86, -28.48, -26.4] -24.25  Inventory: [1.0, 22.0, 0.0]  Order: [8.16, 8.32, 8.31] Demand: [8.19]

 Algo happo Exp ippo_seed13_formal_v1 updates 118/3000 episodes, total num timesteps 119000/3000000, FPS 119.

Reward for thread 1: [-19.97, -34.6, -29.4] -27.99  Inventory: [7.0, 50.0, 67.0]  Order: [6.0, 6.02, 6.16] Demand: [6.145]
Reward for thread 2: [-183.34, -75.23, -63.21] -107.26  Inventory: [11.0, 98.0, 56.0]  Order: [12.16, 12.42, 12.47] Demand: [12.32]
Reward for thread 3: [-18.42, -27.19, -25.97] -23.86  Inventory: [0.0, 47.0, 68.0]  Order: [8.2, 8.22, 8.35] Demand: [8.355]
Reward for thread 4: [-34.59, -26.89, -22.19] -27.89  Inventory: [13.0, 26.0, 0.0]  Order: [10.3, 10.37, 10.32] Demand: [10.365]
Reward for thread 5: [-21.64, -43.25, -29.46] -31.45  Inventory: [0.0, 2.0, 0.0]  Order: [6.08, 6.13, 6.13] Demand: [6.11]

 Algo happo Exp ippo_seed13_formal_v1 updates 119/3000 episodes, total num timesteps 120000/3000000, FPS 119.

Reward for thread 1: [-23.79, -50.97, -30.29] -35.02  Inventory: [12.0, 105.0, 50.0]  Order: [4.51, 4.82, 4.88] Demand: [4.675]
Reward for thread 2: [-24.83, -27.28, -23.78] -25.3  Inventory: [0.0, 0.0, 10.0]  Order: [8.49, 8.48, 8.5] Demand: [9.225]
Reward for thread 3: [-32.0, -63.73, -38.72] -44.82  Inventory: [75.0, 190.0, 48.0]  Order: [3.82, 4.57, 4.61] Demand: [3.645]
Reward for thread 4: [-21.22, -32.85, -25.82] -26.63  Inventory: [32.0, 50.0, 0.0]  Order: [7.4, 7.54, 7.56] Demand: [7.48]
Reward for thread 5: [-87.55, -51.93, -40.95] -60.14  Inventory: [567.0, 27.0, 0.0]  Order: [9.57, 9.8, 9.78] Demand: [6.735]

Eval average reward:  -38.957166666666666  Eval ordering fluctuation measurement (downstream to upstream):  [1.0264516395793346, 0.9373746729746248, 1.170953994692023]
A better model is saved!

 Algo happo Exp ippo_seed13_formal_v1 updates 120/3000 episodes, total num timesteps 121000/3000000, FPS 118.

Reward for thread 1: [-21.08, -28.08, -25.4] -24.85  Inventory: [2.0, 91.0, 51.0]  Order: [8.12, 8.39, 8.47] Demand: [8.315]
Reward for thread 2: [-42.63, -75.52, -37.41] -51.85  Inventory: [72.0, 189.0, 12.0]  Order: [3.67, 4.41, 4.27] Demand: [3.395]
Reward for thread 3: [-26.36, -54.94, -34.76] -38.69  Inventory: [22.0, 74.0, 16.0]  Order: [4.3, 4.47, 4.3] Demand: [4.43]
Reward for thread 4: [-59.01, -41.58, -32.62] -44.4  Inventory: [0.0, 15.0, 17.0]  Order: [11.79, 11.76, 11.64] Demand: [11.82]
Reward for thread 5: [-33.0, -56.05, -37.19] -42.08  Inventory: [40.0, 146.0, 60.0]  Order: [4.79, 5.3, 5.38] Demand: [4.805]

 Algo happo Exp ippo_seed13_formal_v1 updates 121/3000 episodes, total num timesteps 122000/3000000, FPS 118.

Reward for thread 1: [-19.76, -26.7, -19.74] -22.07  Inventory: [0.0, 0.0, 0.0]  Order: [10.61, 10.21, 10.24] Demand: [10.27]
Reward for thread 2: [-22.58, -38.01, -29.79] -30.13  Inventory: [1.0, 73.0, 27.0]  Order: [5.38, 5.54, 5.44] Demand: [5.565]
Reward for thread 3: [-44.43, -34.34, -31.9] -36.89  Inventory: [0.0, 0.0, 0.0]  Order: [12.74, 13.0, 12.9] Demand: [13.255]
Reward for thread 4: [-20.02, -32.89, -26.99] -26.63  Inventory: [8.0, 74.0, 75.0]  Order: [7.19, 7.34, 7.53] Demand: [7.37]
Reward for thread 5: [-47.83, -61.98, -46.39] -52.07  Inventory: [293.0, 0.0, 0.0]  Order: [5.52, 5.7, 5.64] Demand: [4.13]

 Algo happo Exp ippo_seed13_formal_v1 updates 122/3000 episodes, total num timesteps 123000/3000000, FPS 119.

Reward for thread 1: [-21.64, -35.0, -26.58] -27.74  Inventory: [49.0, 90.0, 26.0]  Order: [4.84, 5.1, 5.04] Demand: [4.78]
Reward for thread 2: [-23.62, -26.23, -23.79] -24.55  Inventory: [0.0, 24.0, 5.0]  Order: [10.8, 10.97, 10.86] Demand: [10.845]
Reward for thread 3: [-112.19, -57.17, -42.34] -70.57  Inventory: [32.0, 0.0, 0.0]  Order: [14.49, 14.61, 14.6] Demand: [14.325]
Reward for thread 4: [-193.21, -75.75, -65.27] -111.41  Inventory: [0.0, 0.0, 0.0]  Order: [14.08, 13.96, 13.97] Demand: [16.83]
Reward for thread 5: [-36.81, -43.44, -31.47] -37.24  Inventory: [154.0, 40.0, 49.0]  Order: [4.71, 4.74, 4.76] Demand: [4.075]

 Algo happo Exp ippo_seed13_formal_v1 updates 123/3000 episodes, total num timesteps 124000/3000000, FPS 119.

Reward for thread 1: [-17.17, -26.29, -24.33] -22.6  Inventory: [0.0, 33.0, 22.0]  Order: [6.28, 6.27, 6.18] Demand: [6.395]
Reward for thread 2: [-20.95, -36.47, -25.63] -27.68  Inventory: [14.0, 128.0, 27.0]  Order: [7.06, 7.47, 7.41] Demand: [7.235]
Reward for thread 3: [-66.45, -41.42, -34.01] -47.29  Inventory: [0.0, 0.0, 0.0]  Order: [11.57, 11.38, 11.3] Demand: [13.115]
Reward for thread 4: [-107.44, -61.62, -41.31] -70.12  Inventory: [0.0, 0.0, 9.0]  Order: [14.81, 14.58, 14.48] Demand: [14.91]
Reward for thread 5: [-27.29, -52.52, -38.73] -39.51  Inventory: [16.0, 77.0, 62.0]  Order: [3.64, 3.81, 3.94] Demand: [3.71]

 Algo happo Exp ippo_seed13_formal_v1 updates 124/3000 episodes, total num timesteps 125000/3000000, FPS 119.

Reward for thread 1: [-82.0, -49.6, -36.86] -56.15  Inventory: [0.0, 0.0, 5.0]  Order: [10.44, 10.26, 10.38] Demand: [12.075]
Reward for thread 2: [-19.38, -28.63, -28.84] -25.62  Inventory: [13.0, 24.0, 46.0]  Order: [7.59, 7.5, 7.5] Demand: [7.68]
Reward for thread 3: [-21.37, -29.33, -25.94] -25.55  Inventory: [21.0, 53.0, 3.0]  Order: [7.32, 7.4, 7.3] Demand: [7.365]
Reward for thread 4: [-33.14, -48.46, -30.3] -37.3  Inventory: [62.0, 125.0, 7.0]  Order: [4.14, 4.61, 4.43] Demand: [4.045]
Reward for thread 5: [-95.82, -47.97, -40.62] -61.47  Inventory: [674.0, 0.0, 18.0]  Order: [6.31, 6.34, 6.36] Demand: [2.815]

Eval average reward:  -37.6695  Eval ordering fluctuation measurement (downstream to upstream):  [1.034230052149684, 0.9917367459316226, 1.2128762787595093]
A better model is saved!

 Algo happo Exp ippo_seed13_formal_v1 updates 125/3000 episodes, total num timesteps 126000/3000000, FPS 118.

Reward for thread 1: [-32.78, -34.07, -26.3] -31.05  Inventory: [16.0, 71.0, 37.0]  Order: [10.65, 10.84, 10.86] Demand: [10.82]
Reward for thread 2: [-165.67, -66.11, -56.11] -95.96  Inventory: [71.0, 62.0, 68.0]  Order: [13.64, 13.74, 13.9] Demand: [13.47]
Reward for thread 3: [-20.64, -30.08, -25.58] -25.43  Inventory: [35.0, 97.0, 65.0]  Order: [7.9, 8.24, 8.35] Demand: [7.91]
Reward for thread 4: [-27.78, -31.59, -28.4] -29.26  Inventory: [0.0, 0.0, 0.0]  Order: [10.06, 9.91, 9.91] Demand: [10.04]
Reward for thread 5: [-21.3, -30.66, -27.57] -26.51  Inventory: [0.0, 83.0, 27.0]  Order: [9.2, 9.5, 9.4] Demand: [9.285]

 Algo happo Exp ippo_seed13_formal_v1 updates 126/3000 episodes, total num timesteps 127000/3000000, FPS 118.

Reward for thread 1: [-109.49, -42.6, -42.05] -64.71  Inventory: [0.0, 0.0, 0.0]  Order: [13.69, 13.8, 13.78] Demand: [16.26]
Reward for thread 2: [-31.44, -30.6, -23.61] -28.55  Inventory: [19.0, 32.0, 38.0]  Order: [10.35, 10.44, 10.48] Demand: [10.26]
Reward for thread 3: [-32.57, -29.12, -26.38] -29.36  Inventory: [0.0, 0.0, 0.0]  Order: [12.06, 12.15, 12.18] Demand: [12.115]
Reward for thread 4: [-23.06, -30.96, -27.98] -27.33  Inventory: [0.0, 7.0, 0.0]  Order: [9.2, 9.22, 9.22] Demand: [9.215]
Reward for thread 5: [-87.33, -44.23, -37.42] -56.33  Inventory: [0.0, 0.0, 0.0]  Order: [12.9, 12.92, 12.9] Demand: [14.67]

 Algo happo Exp ippo_seed13_formal_v1 updates 127/3000 episodes, total num timesteps 128000/3000000, FPS 119.

Reward for thread 1: [-30.22, -44.38, -37.14] -37.25  Inventory: [19.0, 100.0, 51.0]  Order: [3.62, 3.9, 3.92] Demand: [3.775]
Reward for thread 2: [-36.82, -38.06, -31.96] -35.61  Inventory: [143.0, 38.0, 31.0]  Order: [6.54, 6.55, 6.51] Demand: [5.985]
Reward for thread 3: [-19.95, -28.9, -24.21] -24.35  Inventory: [26.0, 42.0, 57.0]  Order: [6.48, 6.48, 6.52] Demand: [6.585]
Reward for thread 4: [-32.03, -62.91, -38.52] -44.49  Inventory: [78.0, 162.0, 0.0]  Order: [2.83, 3.5, 3.41] Demand: [2.56]
Reward for thread 5: [-17.73, -25.21, -23.78] -22.24  Inventory: [9.0, 0.0, 0.0]  Order: [7.14, 7.2, 7.16] Demand: [7.185]

 Algo happo Exp ippo_seed13_formal_v1 updates 128/3000 episodes, total num timesteps 129000/3000000, FPS 119.

Reward for thread 1: [-69.45, -30.55, -31.33] -43.78  Inventory: [0.0, 3.0, 0.0]  Order: [13.22, 13.25, 13.22] Demand: [14.71]
Reward for thread 2: [-21.99, -28.22, -30.12] -26.78  Inventory: [14.0, 71.0, 81.0]  Order: [10.3, 10.44, 10.64] Demand: [10.455]
Reward for thread 3: [-164.2, -54.24, -56.1] -91.51  Inventory: [0.0, 0.0, 0.0]  Order: [12.46, 12.6, 12.53] Demand: [15.625]
Reward for thread 4: [-18.9, -21.42, -21.54] -20.62  Inventory: [0.0, 42.0, 24.0]  Order: [9.8, 9.96, 9.92] Demand: [9.915]
Reward for thread 5: [-23.3, -44.97, -28.91] -32.39  Inventory: [20.0, 52.0, 1.0]  Order: [5.13, 5.28, 5.24] Demand: [5.27]

 Algo happo Exp ippo_seed13_formal_v1 updates 129/3000 episodes, total num timesteps 130000/3000000, FPS 119.

Reward for thread 1: [-24.91, -46.19, -32.95] -34.68  Inventory: [7.0, 81.0, 18.0]  Order: [4.25, 4.42, 4.26] Demand: [4.41]
Reward for thread 2: [-107.14, -46.02, -45.08] -66.08  Inventory: [0.0, 0.0, 0.0]  Order: [13.64, 13.69, 13.7] Demand: [15.84]
Reward for thread 3: [-58.87, -40.42, -36.33] -45.21  Inventory: [12.0, 6.0, 39.0]  Order: [11.38, 11.34, 11.29] Demand: [11.415]
Reward for thread 4: [-17.48, -26.59, -21.5] -21.86  Inventory: [33.0, 37.0, 18.0]  Order: [6.63, 6.6, 6.46] Demand: [6.68]
Reward for thread 5: [-119.68, -46.32, -43.4] -69.8  Inventory: [0.0, 0.0, 0.0]  Order: [13.39, 13.32, 13.23] Demand: [15.965]

Eval average reward:  -33.3785  Eval ordering fluctuation measurement (downstream to upstream):  [0.8202191831182754, 0.9891338035283089, 1.2299781624524053]
A better model is saved!

 Algo happo Exp ippo_seed13_formal_v1 updates 130/3000 episodes, total num timesteps 131000/3000000, FPS 118.

Reward for thread 1: [-20.94, -30.23, -29.09] -26.75  Inventory: [3.0, 28.0, 21.0]  Order: [8.8, 8.82, 8.78] Demand: [8.765]
Reward for thread 2: [-19.32, -35.65, -25.35] -26.77  Inventory: [12.0, 12.0, 0.0]  Order: [5.5, 5.52, 5.39] Demand: [5.53]
Reward for thread 3: [-84.73, -37.53, -34.61] -52.29  Inventory: [0.0, 0.0, 0.0]  Order: [13.46, 13.36, 13.39] Demand: [14.415]
Reward for thread 4: [-30.04, -24.65, -26.12] -26.94  Inventory: [0.0, 0.0, 0.0]  Order: [10.0, 9.99, 9.98] Demand: [10.835]
Reward for thread 5: [-36.59, -31.77, -28.23] -32.2  Inventory: [0.0, 0.0, 0.0]  Order: [11.82, 11.56, 11.59] Demand: [12.105]

 Algo happo Exp ippo_seed13_formal_v1 updates 131/3000 episodes, total num timesteps 132000/3000000, FPS 118.

Reward for thread 1: [-23.84, -40.12, -34.67] -32.88  Inventory: [9.0, 89.0, 15.0]  Order: [5.04, 5.27, 5.12] Demand: [5.21]
Reward for thread 2: [-43.92, -33.27, -25.66] -34.28  Inventory: [0.0, 0.0, 0.0]  Order: [11.72, 11.37, 11.39] Demand: [12.57]
Reward for thread 3: [-24.79, -35.66, -32.83] -31.09  Inventory: [0.0, 0.0, 0.0]  Order: [7.58, 7.32, 7.42] Demand: [7.215]
Reward for thread 4: [-103.03, -42.24, -40.67] -61.98  Inventory: [0.0, 0.0, 2.0]  Order: [11.58, 11.59, 11.63] Demand: [13.85]
Reward for thread 5: [-117.82, -49.51, -42.27] -69.87  Inventory: [0.0, 0.0, 0.0]  Order: [12.78, 12.72, 12.7] Demand: [15.315]

 Algo happo Exp ippo_seed13_formal_v1 updates 132/3000 episodes, total num timesteps 133000/3000000, FPS 119.

Reward for thread 1: [-33.88, -39.8, -46.12] -39.93  Inventory: [71.0, 66.0, 54.0]  Order: [3.14, 3.26, 3.3] Demand: [2.995]
Reward for thread 2: [-40.89, -37.83, -28.27] -35.66  Inventory: [0.0, 0.0, 0.0]  Order: [12.95, 12.64, 12.66] Demand: [13.645]
Reward for thread 3: [-24.34, -37.15, -33.65] -31.71  Inventory: [6.0, 23.0, 17.0]  Order: [4.46, 4.56, 4.54] Demand: [4.495]
Reward for thread 4: [-22.78, -29.82, -28.45] -27.02  Inventory: [23.0, 40.0, 3.0]  Order: [7.4, 7.42, 7.36] Demand: [7.49]
Reward for thread 5: [-69.13, -51.06, -59.56] -59.92  Inventory: [406.0, 2.0, 0.0]  Order: [5.14, 5.24, 5.36] Demand: [3.]

 Algo happo Exp ippo_seed13_formal_v1 updates 133/3000 episodes, total num timesteps 134000/3000000, FPS 119.

Reward for thread 1: [-16.54, -22.41, -23.69] -20.88  Inventory: [3.0, 36.0, 18.0]  Order: [7.14, 7.19, 7.08] Demand: [7.255]
Reward for thread 2: [-59.2, -33.16, -30.41] -40.92  Inventory: [0.0, 0.0, 0.0]  Order: [12.34, 12.18, 12.23] Demand: [13.84]
Reward for thread 3: [-38.77, -38.86, -28.64] -35.42  Inventory: [0.0, 0.0, 0.0]  Order: [12.7, 12.76, 12.68] Demand: [12.77]
Reward for thread 4: [-19.64, -25.16, -28.1] -24.3  Inventory: [20.0, 38.0, 45.0]  Order: [6.1, 6.09, 6.12] Demand: [6.215]
Reward for thread 5: [-15.14, -15.54, -14.31] -15.0  Inventory: [0.0, 3.0, 0.0]  Order: [11.3, 11.42, 11.32] Demand: [11.36]

 Algo happo Exp ippo_seed13_formal_v1 updates 134/3000 episodes, total num timesteps 135000/3000000, FPS 119.

Reward for thread 1: [-38.47, -51.22, -53.65] -47.78  Inventory: [109.0, 63.0, 176.0]  Order: [2.81, 2.88, 3.59] Demand: [2.435]
Reward for thread 2: [-25.56, -23.84, -22.7] -24.03  Inventory: [0.0, 0.0, 0.0]  Order: [11.66, 11.54, 11.57] Demand: [11.535]
Reward for thread 3: [-141.49, -59.49, -51.77] -84.25  Inventory: [0.0, 0.0, 0.0]  Order: [14.66, 14.44, 14.4] Demand: [15.84]
Reward for thread 4: [-21.92, -31.62, -31.92] -28.49  Inventory: [15.0, 74.0, 54.0]  Order: [5.72, 5.88, 5.96] Demand: [5.82]
Reward for thread 5: [-23.27, -24.92, -23.68] -23.96  Inventory: [0.0, 0.0, 12.0]  Order: [10.42, 10.44, 10.44] Demand: [10.615]

Eval average reward:  -31.94625  Eval ordering fluctuation measurement (downstream to upstream):  [0.9102004572403652, 1.0426129688360324, 1.1675733042635101]
A better model is saved!

 Algo happo Exp ippo_seed13_formal_v1 updates 135/3000 episodes, total num timesteps 136000/3000000, FPS 118.

Reward for thread 1: [-52.58, -43.89, -36.35] -44.27  Inventory: [7.0, 70.0, 66.0]  Order: [9.98, 10.1, 10.25] Demand: [10.125]
Reward for thread 2: [-62.12, -37.43, -34.19] -44.58  Inventory: [0.0, 0.0, 0.0]  Order: [11.92, 11.84, 11.82] Demand: [13.245]
Reward for thread 3: [-19.59, -32.14, -29.31] -27.01  Inventory: [18.0, 51.0, 63.0]  Order: [3.98, 4.03, 4.24] Demand: [4.135]
Reward for thread 4: [-18.89, -32.83, -24.84] -25.52  Inventory: [0.0, 39.0, 34.0]  Order: [5.36, 5.38, 5.36] Demand: [5.48]
Reward for thread 5: [-23.78, -40.67, -42.52] -35.66  Inventory: [9.0, 81.0, 76.0]  Order: [3.88, 4.06, 4.2] Demand: [4.05]

 Algo happo Exp ippo_seed13_formal_v1 updates 136/3000 episodes, total num timesteps 137000/3000000, FPS 118.

Reward for thread 1: [-154.0, -59.38, -51.25] -88.21  Inventory: [0.0, 0.0, 0.0]  Order: [14.9, 14.84, 14.89] Demand: [17.18]
Reward for thread 2: [-20.36, -31.32, -25.98] -25.89  Inventory: [17.0, 58.0, 15.0]  Order: [4.63, 4.74, 4.61] Demand: [4.79]
Reward for thread 3: [-32.33, -35.05, -35.99] -34.46  Inventory: [3.0, 53.0, 52.0]  Order: [7.17, 7.2, 7.22] Demand: [7.38]
Reward for thread 4: [-37.3, -28.22, -25.38] -30.3  Inventory: [0.0, 0.0, 0.0]  Order: [12.6, 12.61, 12.58] Demand: [13.15]
Reward for thread 5: [-40.15, -24.64, -23.08] -29.29  Inventory: [0.0, 0.0, 0.0]  Order: [13.54, 13.48, 13.4] Demand: [13.65]

 Algo happo Exp ippo_seed13_formal_v1 updates 137/3000 episodes, total num timesteps 138000/3000000, FPS 119.

Reward for thread 1: [-27.31, -41.16, -33.51] -33.99  Inventory: [8.0, 90.0, 38.0]  Order: [6.56, 6.82, 6.86] Demand: [6.725]
Reward for thread 2: [-50.22, -30.67, -28.63] -36.51  Inventory: [0.0, 0.0, 0.0]  Order: [12.08, 12.13, 12.04] Demand: [13.215]
Reward for thread 3: [-19.24, -32.18, -28.03] -26.48  Inventory: [20.0, 49.0, 41.0]  Order: [4.17, 4.2, 4.17] Demand: [4.29]
Reward for thread 4: [-38.21, -48.73, -30.33] -39.09  Inventory: [0.0, 0.0, 0.0]  Order: [11.54, 11.59, 11.48] Demand: [11.43]
Reward for thread 5: [-30.13, -32.76, -28.07] -30.32  Inventory: [4.0, 9.0, 0.0]  Order: [10.43, 10.46, 10.4] Demand: [10.5]

 Algo happo Exp ippo_seed13_formal_v1 updates 138/3000 episodes, total num timesteps 139000/3000000, FPS 119.

Reward for thread 1: [-74.73, -46.94, -35.46] -52.38  Inventory: [0.0, 0.0, 0.0]  Order: [13.62, 13.66, 13.68] Demand: [15.22]
Reward for thread 2: [-21.26, -32.94, -33.0] -29.07  Inventory: [16.0, 38.0, 36.0]  Order: [4.3, 4.26, 4.22] Demand: [4.44]
Reward for thread 3: [-25.38, -38.86, -29.16] -31.13  Inventory: [21.0, 107.0, 32.0]  Order: [3.46, 3.78, 3.72] Demand: [3.605]
Reward for thread 4: [-22.81, -22.8, -23.2] -22.94  Inventory: [36.0, 11.0, 20.0]  Order: [11.4, 11.5, 11.61] Demand: [11.385]
Reward for thread 5: [-19.95, -27.94, -26.59] -24.83  Inventory: [0.0, 12.0, 17.0]  Order: [6.72, 6.83, 6.98] Demand: [6.815]

 Algo happo Exp ippo_seed13_formal_v1 updates 139/3000 episodes, total num timesteps 140000/3000000, FPS 119.

Reward for thread 1: [-61.96, -39.94, -32.87] -44.92  Inventory: [13.0, 47.0, 36.0]  Order: [11.89, 11.92, 11.87] Demand: [11.975]
Reward for thread 2: [-41.68, -35.13, -31.32] -36.04  Inventory: [0.0, 0.0, 0.0]  Order: [11.72, 11.6, 11.51] Demand: [11.83]
Reward for thread 3: [-165.62, -63.19, -56.61] -95.14  Inventory: [0.0, 0.0, 16.0]  Order: [14.32, 14.27, 14.28] Demand: [16.57]
Reward for thread 4: [-23.15, -39.4, -33.8] -32.12  Inventory: [13.0, 79.0, 52.0]  Order: [3.48, 3.68, 3.7] Demand: [3.64]
Reward for thread 5: [-150.88, -55.55, -50.68] -85.7  Inventory: [0.0, 0.0, 23.0]  Order: [14.5, 14.5, 14.54] Demand: [17.03]

Eval average reward:  -39.68975  Eval ordering fluctuation measurement (downstream to upstream):  [0.9010112429594186, 1.0037083310937394, 1.1781645400182204]

 Algo happo Exp ippo_seed13_formal_v1 updates 140/3000 episodes, total num timesteps 141000/3000000, FPS 118.

Reward for thread 1: [-21.09, -33.57, -37.63] -30.76  Inventory: [4.0, 36.0, 60.0]  Order: [3.51, 3.47, 3.56] Demand: [3.71]
Reward for thread 2: [-23.54, -32.67, -34.79] -30.33  Inventory: [16.0, 78.0, 75.0]  Order: [3.84, 4.01, 4.16] Demand: [3.985]
Reward for thread 3: [-26.76, -28.76, -27.63] -27.72  Inventory: [29.0, 44.0, 42.0]  Order: [9.99, 10.07, 10.19] Demand: [10.]
Reward for thread 4: [-21.84, -28.62, -29.12] -26.53  Inventory: [10.0, 59.0, 48.0]  Order: [4.4, 4.47, 4.51] Demand: [4.6]
Reward for thread 5: [-16.98, -20.56, -19.98] -19.17  Inventory: [3.0, 23.0, 13.0]  Order: [12.05, 12.1, 12.06] Demand: [12.045]

 Algo happo Exp ippo_seed13_formal_v1 updates 141/3000 episodes, total num timesteps 142000/3000000, FPS 118.

Reward for thread 1: [-25.78, -33.51, -34.64] -31.31  Inventory: [1.0, 17.0, 9.0]  Order: [7.28, 7.24, 7.06] Demand: [7.4]
Reward for thread 2: [-21.2, -28.47, -29.49] -26.39  Inventory: [14.0, 16.0, 20.0]  Order: [6.99, 6.92, 6.88] Demand: [7.095]
Reward for thread 3: [-22.27, -30.33, -30.63] -27.74  Inventory: [23.0, 100.0, 85.0]  Order: [6.42, 6.7, 6.88] Demand: [6.525]
Reward for thread 4: [-22.16, -20.83, -20.72] -21.24  Inventory: [0.0, 0.0, 0.0]  Order: [10.64, 10.57, 10.58] Demand: [11.31]
Reward for thread 5: [-21.47, -29.76, -34.87] -28.7  Inventory: [41.0, 59.0, 50.0]  Order: [5.94, 6.04, 6.09] Demand: [5.98]

 Algo happo Exp ippo_seed13_formal_v1 updates 142/3000 episodes, total num timesteps 143000/3000000, FPS 119.

Reward for thread 1: [-24.41, -29.29, -25.75] -26.48  Inventory: [0.0, 0.0, 0.0]  Order: [8.99, 8.93, 8.9] Demand: [8.935]
Reward for thread 2: [-23.42, -28.52, -32.15] -28.03  Inventory: [21.0, 36.0, 17.0]  Order: [6.96, 6.98, 6.82] Demand: [7.09]
Reward for thread 3: [-32.25, -26.59, -26.69] -28.51  Inventory: [4.0, 29.0, 67.0]  Order: [10.48, 10.46, 10.56] Demand: [10.55]
Reward for thread 4: [-23.32, -35.96, -35.29] -31.52  Inventory: [20.0, 60.0, 34.0]  Order: [5.0, 5.1, 5.07] Demand: [5.09]
Reward for thread 5: [-22.79, -27.49, -24.92] -25.07  Inventory: [11.0, 50.0, 65.0]  Order: [11.38, 11.41, 11.53] Demand: [11.425]

 Algo happo Exp ippo_seed13_formal_v1 updates 143/3000 episodes, total num timesteps 144000/3000000, FPS 119.

Reward for thread 1: [-21.67, -26.77, -24.38] -24.27  Inventory: [9.0, 21.0, 21.0]  Order: [6.82, 6.72, 6.6] Demand: [6.95]
Reward for thread 2: [-24.6, -25.97, -27.5] -26.02  Inventory: [0.0, 0.0, 8.0]  Order: [6.72, 6.54, 6.36] Demand: [6.795]
Reward for thread 3: [-34.15, -59.84, -46.0] -46.66  Inventory: [12.0, 112.0, 38.0]  Order: [2.98, 3.34, 3.28] Demand: [3.165]
Reward for thread 4: [-22.34, -27.08, -27.32] -25.58  Inventory: [15.0, 31.0, 12.0]  Order: [7.98, 7.9, 7.76] Demand: [8.125]
Reward for thread 5: [-82.29, -48.09, -41.02] -57.13  Inventory: [589.0, 0.0, 0.0]  Order: [4.81, 4.86, 4.88] Demand: [1.675]

 Algo happo Exp ippo_seed13_formal_v1 updates 144/3000 episodes, total num timesteps 145000/3000000, FPS 119.

Reward for thread 1: [-44.74, -43.49, -30.29] -39.51  Inventory: [0.0, 0.0, 11.0]  Order: [9.14, 8.72, 8.74] Demand: [9.735]
Reward for thread 2: [-22.94, -30.26, -28.51] -27.24  Inventory: [13.0, 34.0, 53.0]  Order: [7.89, 7.82, 7.86] Demand: [8.05]
Reward for thread 3: [-21.96, -27.14, -27.93] -25.68  Inventory: [0.0, 16.0, 18.0]  Order: [7.44, 7.34, 7.24] Demand: [7.48]
Reward for thread 4: [-19.42, -28.28, -23.93] -23.88  Inventory: [18.0, 75.0, 24.0]  Order: [4.59, 4.75, 4.66] Demand: [4.74]
Reward for thread 5: [-170.26, -78.46, -60.76] -103.16  Inventory: [0.0, 0.0, 0.0]  Order: [13.53, 13.46, 13.49] Demand: [15.55]

Eval average reward:  -39.50091666666667  Eval ordering fluctuation measurement (downstream to upstream):  [1.0743946684488008, 1.0298504475079575, 1.2131214619408757]

 Algo happo Exp ippo_seed13_formal_v1 updates 145/3000 episodes, total num timesteps 146000/3000000, FPS 118.

Reward for thread 1: [-100.09, -47.94, -38.25] -62.09  Inventory: [7.0, 24.0, 27.0]  Order: [14.83, 14.8, 14.8] Demand: [15.015]
Reward for thread 2: [-20.17, -27.05, -27.16] -24.79  Inventory: [2.0, 15.0, 19.0]  Order: [4.83, 4.84, 4.71] Demand: [4.985]
Reward for thread 3: [-262.83, -86.35, -81.93] -143.7  Inventory: [1307.0, 0.0, 6.0]  Order: [8.86, 8.82, 8.88] Demand: [2.265]
Reward for thread 4: [-18.66, -23.34, -23.56] -21.85  Inventory: [0.0, 0.0, 26.0]  Order: [10.76, 10.56, 10.45] Demand: [10.765]
Reward for thread 5: [-23.74, -31.35, -27.89] -27.66  Inventory: [5.0, 36.0, 54.0]  Order: [7.4, 7.33, 7.38] Demand: [7.455]

 Algo happo Exp ippo_seed13_formal_v1 updates 146/3000 episodes, total num timesteps 147000/3000000, FPS 118.

Reward for thread 1: [-16.89, -22.19, -25.21] -21.43  Inventory: [17.0, 0.0, 25.0]  Order: [8.74, 8.67, 8.58] Demand: [8.65]
Reward for thread 2: [-25.71, -28.74, -24.66] -26.37  Inventory: [0.0, 0.0, 0.0]  Order: [11.9, 11.7, 11.73] Demand: [12.]
Reward for thread 3: [-49.38, -36.92, -29.17] -38.49  Inventory: [4.0, 30.0, 18.0]  Order: [12.96, 12.96, 12.85] Demand: [13.01]
Reward for thread 4: [-78.74, -38.12, -34.42] -50.43  Inventory: [19.0, 57.0, 64.0]  Order: [14.14, 14.22, 14.32] Demand: [14.13]
Reward for thread 5: [-16.6, -19.08, -19.93] -18.54  Inventory: [0.0, 0.0, 0.0]  Order: [9.8, 9.84, 9.8] Demand: [9.855]

 Algo happo Exp ippo_seed13_formal_v1 updates 147/3000 episodes, total num timesteps 148000/3000000, FPS 119.

Reward for thread 1: [-52.46, -38.04, -29.78] -40.09  Inventory: [0.0, 0.0, 0.0]  Order: [12.78, 12.83, 12.84] Demand: [14.075]
Reward for thread 2: [-18.48, -28.7, -30.53] -25.9  Inventory: [0.0, 2.0, 24.0]  Order: [7.87, 7.85, 7.78] Demand: [7.925]
Reward for thread 3: [-29.73, -28.95, -24.95] -27.88  Inventory: [0.0, 0.0, 0.0]  Order: [12.82, 12.65, 12.65] Demand: [12.7]
Reward for thread 4: [-17.54, -28.34, -26.8] -24.23  Inventory: [5.0, 47.0, 17.0]  Order: [3.71, 3.7, 3.66] Demand: [3.89]
Reward for thread 5: [-37.88, -34.04, -30.46] -34.13  Inventory: [18.0, 10.0, 8.0]  Order: [10.01, 9.94, 9.88] Demand: [10.095]

 Algo happo Exp ippo_seed13_formal_v1 updates 148/3000 episodes, total num timesteps 149000/3000000, FPS 119.

Reward for thread 1: [-28.86, -31.1, -26.45] -28.8  Inventory: [0.0, 0.0, 0.0]  Order: [11.34, 11.04, 11.08] Demand: [11.69]
Reward for thread 2: [-27.89, -52.01, -38.52] -39.47  Inventory: [26.0, 150.0, 48.0]  Order: [2.92, 3.44, 3.44] Demand: [3.015]
Reward for thread 3: [-25.78, -42.97, -30.37] -33.04  Inventory: [0.0, 96.0, 36.0]  Order: [2.36, 2.62, 2.56] Demand: [2.575]
Reward for thread 4: [-31.31, -53.61, -36.3] -40.41  Inventory: [30.0, 128.0, 44.0]  Order: [3.66, 4.11, 4.11] Demand: [3.73]
Reward for thread 5: [-20.11, -31.39, -29.75] -27.08  Inventory: [0.0, 0.0, 1.0]  Order: [6.36, 6.18, 6.03] Demand: [6.42]

 Algo happo Exp ippo_seed13_formal_v1 updates 149/3000 episodes, total num timesteps 150000/3000000, FPS 119.

Reward for thread 1: [-107.01, -68.84, -48.0] -74.62  Inventory: [0.0, 0.0, 0.0]  Order: [12.54, 11.96, 12.07] Demand: [14.275]
Reward for thread 2: [-19.22, -27.43, -29.0] -25.22  Inventory: [8.0, 9.0, 17.0]  Order: [6.4, 6.36, 6.22] Demand: [6.495]
Reward for thread 3: [-38.33, -80.24, -64.99] -61.19  Inventory: [17.0, 215.0, 103.0]  Order: [1.8, 2.64, 2.91] Demand: [1.97]
Reward for thread 4: [-54.83, -47.66, -36.52] -46.34  Inventory: [0.0, 0.0, 0.0]  Order: [11.6, 11.64, 11.62] Demand: [11.61]
Reward for thread 5: [-83.18, -80.65, -41.6] -68.48  Inventory: [10.0, 0.0, 0.0]  Order: [13.88, 14.0, 13.94] Demand: [13.88]

Eval average reward:  -35.27441666666667  Eval ordering fluctuation measurement (downstream to upstream):  [0.8700384126957941, 1.0792218397358846, 1.1988270310582672]

 Algo happo Exp ippo_seed13_formal_v1 updates 150/3000 episodes, total num timesteps 151000/3000000, FPS 118.

Reward for thread 1: [-20.53, -29.58, -41.64] -30.58  Inventory: [2.0, 21.0, 6.0]  Order: [3.72, 3.67, 3.51] Demand: [3.87]
Reward for thread 2: [-47.73, -63.17, -35.35] -48.75  Inventory: [0.0, 0.0, 0.0]  Order: [9.74, 8.72, 8.82] Demand: [9.585]
Reward for thread 3: [-109.33, -56.77, -46.38] -70.83  Inventory: [15.0, 76.0, 64.0]  Order: [14.28, 14.44, 14.54] Demand: [14.34]
Reward for thread 4: [-18.27, -23.33, -21.31] -20.97  Inventory: [0.0, 0.0, 0.0]  Order: [8.51, 8.35, 8.43] Demand: [8.535]
Reward for thread 5: [-22.0, -27.21, -26.9] -25.37  Inventory: [36.0, 40.0, 37.0]  Order: [9.51, 9.47, 9.48] Demand: [9.575]

 Algo happo Exp ippo_seed13_formal_v1 updates 151/3000 episodes, total num timesteps 152000/3000000, FPS 118.

Reward for thread 1: [-93.33, -46.82, -45.84] -62.0  Inventory: [665.0, 0.0, 0.0]  Order: [6.12, 6.21, 6.14] Demand: [2.79]
Reward for thread 2: [-19.65, -27.87, -25.9] -24.47  Inventory: [3.0, 19.0, 25.0]  Order: [6.68, 6.54, 6.42] Demand: [6.815]
Reward for thread 3: [-40.49, -40.68, -33.62] -38.26  Inventory: [17.0, 6.0, 34.0]  Order: [9.98, 9.87, 9.86] Demand: [10.025]
Reward for thread 4: [-17.76, -28.64, -24.96] -23.79  Inventory: [7.0, 19.0, 26.0]  Order: [6.74, 6.76, 6.79] Demand: [6.805]
Reward for thread 5: [-58.56, -41.96, -35.7] -45.41  Inventory: [0.0, 0.0, 0.0]  Order: [13.5, 13.5, 13.43] Demand: [14.43]

 Algo happo Exp ippo_seed13_formal_v1 updates 152/3000 episodes, total num timesteps 153000/3000000, FPS 119.

Reward for thread 1: [-17.05, -20.64, -21.54] -19.74  Inventory: [0.0, 0.0, 0.0]  Order: [9.88, 9.94, 9.88] Demand: [9.91]
Reward for thread 2: [-48.62, -31.36, -30.97] -36.98  Inventory: [0.0, 0.0, 0.0]  Order: [12.06, 12.12, 12.06] Demand: [12.99]
Reward for thread 3: [-21.67, -35.75, -28.86] -28.76  Inventory: [9.0, 20.0, 24.0]  Order: [5.1, 4.99, 4.95] Demand: [5.255]
Reward for thread 4: [-24.79, -30.92, -27.64] -27.78  Inventory: [15.0, 14.0, 30.0]  Order: [9.68, 9.62, 9.65] Demand: [9.74]
Reward for thread 5: [-29.54, -22.29, -22.89] -24.91  Inventory: [0.0, 0.0, 0.0]  Order: [12.04, 12.09, 12.0] Demand: [12.165]

 Algo happo Exp ippo_seed13_formal_v1 updates 153/3000 episodes, total num timesteps 154000/3000000, FPS 119.

Reward for thread 1: [-121.25, -60.28, -47.18] -76.24  Inventory: [0.0, 0.0, 0.0]  Order: [14.27, 14.3, 14.33] Demand: [15.27]
Reward for thread 2: [-44.69, -32.17, -31.18] -36.01  Inventory: [72.0, 57.0, 77.0]  Order: [12.66, 12.73, 12.9] Demand: [12.48]
Reward for thread 3: [-34.34, -43.2, -41.94] -39.83  Inventory: [8.0, 24.0, 28.0]  Order: [7.57, 7.68, 7.76] Demand: [7.58]
Reward for thread 4: [-19.49, -27.1, -30.13] -25.57  Inventory: [0.0, 0.0, 0.0]  Order: [7.48, 7.58, 7.5] Demand: [7.695]
Reward for thread 5: [-18.77, -28.92, -30.01] -25.9  Inventory: [11.0, 70.0, 11.0]  Order: [5.38, 5.52, 5.34] Demand: [5.575]

 Algo happo Exp ippo_seed13_formal_v1 updates 154/3000 episodes, total num timesteps 155000/3000000, FPS 119.

Reward for thread 1: [-32.45, -34.25, -25.75] -30.82  Inventory: [0.0, 0.0, 0.0]  Order: [9.43, 9.56, 9.57] Demand: [9.305]
Reward for thread 2: [-21.03, -30.05, -36.82] -29.3  Inventory: [7.0, 34.0, 1.0]  Order: [5.12, 5.13, 5.08] Demand: [5.27]
Reward for thread 3: [-91.6, -38.46, -38.8] -56.29  Inventory: [0.0, 0.0, 0.0]  Order: [11.29, 11.27, 11.26] Demand: [12.765]
Reward for thread 4: [-21.13, -44.9, -32.92] -32.98  Inventory: [0.0, 155.0, 27.0]  Order: [4.68, 5.22, 5.13] Demand: [4.95]
Reward for thread 5: [-51.07, -32.19, -31.7] -38.32  Inventory: [26.0, 59.0, 48.0]  Order: [11.02, 11.1, 11.16] Demand: [11.08]

Eval average reward:  -45.1775  Eval ordering fluctuation measurement (downstream to upstream):  [1.0005242523279445, 0.6557540712737231, 0.9544362131171379]

 Algo happo Exp ippo_seed13_formal_v1 updates 155/3000 episodes, total num timesteps 156000/3000000, FPS 118.

Reward for thread 1: [-43.14, -31.99, -28.37] -34.5  Inventory: [0.0, 0.0, 0.0]  Order: [13.53, 13.64, 13.64] Demand: [14.095]
Reward for thread 2: [-34.68, -29.52, -27.1] -30.43  Inventory: [0.0, 0.0, 0.0]  Order: [10.48, 10.57, 10.54] Demand: [10.73]
Reward for thread 3: [-27.57, -29.96, -27.51] -28.35  Inventory: [14.0, 50.0, 29.0]  Order: [12.12, 12.2, 12.1] Demand: [12.15]
Reward for thread 4: [-18.87, -25.9, -24.18] -22.98  Inventory: [0.0, 28.0, 59.0]  Order: [6.66, 6.58, 6.68] Demand: [6.68]
Reward for thread 5: [-20.38, -26.52, -25.94] -24.28  Inventory: [18.0, 38.0, 29.0]  Order: [7.71, 7.7, 7.79] Demand: [7.785]

 Algo happo Exp ippo_seed13_formal_v1 updates 156/3000 episodes, total num timesteps 157000/3000000, FPS 118.

Reward for thread 1: [-61.53, -30.2, -32.46] -41.4  Inventory: [0.0, 0.0, 0.0]  Order: [13.68, 13.57, 13.59] Demand: [13.875]
Reward for thread 2: [-16.26, -26.78, -21.95] -21.66  Inventory: [0.0, 61.0, 19.0]  Order: [5.7, 5.8, 5.67] Demand: [5.875]
Reward for thread 3: [-24.05, -24.9, -24.68] -24.54  Inventory: [24.0, 52.0, 48.0]  Order: [10.02, 10.1, 10.11] Demand: [10.095]
Reward for thread 4: [-54.2, -39.4, -31.03] -41.54  Inventory: [26.0, 30.0, 8.0]  Order: [11.02, 11.09, 11.14] Demand: [11.035]
Reward for thread 5: [-19.63, -41.07, -31.1] -30.6  Inventory: [0.0, 119.0, 8.0]  Order: [3.12, 3.56, 3.44] Demand: [3.335]

 Algo happo Exp ippo_seed13_formal_v1 updates 157/3000 episodes, total num timesteps 158000/3000000, FPS 118.

Reward for thread 1: [-25.56, -70.0, -32.17] -42.58  Inventory: [13.0, 176.0, 30.0]  Order: [2.04, 2.7, 2.68] Demand: [2.22]
Reward for thread 2: [-17.19, -28.19, -24.14] -23.17  Inventory: [4.0, 54.0, 14.0]  Order: [4.64, 4.72, 4.72] Demand: [4.8]
Reward for thread 3: [-17.81, -31.7, -24.9] -24.8  Inventory: [1.0, 82.0, 22.0]  Order: [3.56, 3.76, 3.63] Demand: [3.81]
Reward for thread 4: [-16.67, -25.83, -25.85] -22.78  Inventory: [0.0, 22.0, 24.0]  Order: [5.9, 5.92, 5.92] Demand: [5.99]
Reward for thread 5: [-27.78, -32.15, -26.98] -28.97  Inventory: [0.0, 0.0, 0.0]  Order: [8.68, 8.38, 8.35] Demand: [9.035]

 Algo happo Exp ippo_seed13_formal_v1 updates 158/3000 episodes, total num timesteps 159000/3000000, FPS 119.

Reward for thread 1: [-31.74, -29.19, -26.07] -29.0  Inventory: [0.0, 0.0, 0.0]  Order: [12.55, 12.34, 12.34] Demand: [12.275]
Reward for thread 2: [-38.98, -32.2, -26.58] -32.59  Inventory: [0.0, 0.0, 0.0]  Order: [11.36, 11.24, 11.29] Demand: [12.205]
Reward for thread 3: [-18.17, -23.28, -25.11] -22.19  Inventory: [16.0, 36.0, 11.0]  Order: [7.4, 7.66, 7.76] Demand: [7.37]
Reward for thread 4: [-17.23, -24.74, -25.64] -22.54  Inventory: [0.0, 14.0, 0.0]  Order: [6.94, 7.01, 7.04] Demand: [7.005]
Reward for thread 5: [-22.18, -26.6, -24.87] -24.55  Inventory: [9.0, 0.0, 0.0]  Order: [8.04, 7.92, 7.88] Demand: [8.13]

 Algo happo Exp ippo_seed13_formal_v1 updates 159/3000 episodes, total num timesteps 160000/3000000, FPS 119.

Reward for thread 1: [-95.05, -38.5, -36.57] -56.71  Inventory: [0.0, 0.0, 6.0]  Order: [14.08, 14.12, 14.15] Demand: [15.67]
Reward for thread 2: [-32.83, -25.57, -26.58] -28.33  Inventory: [0.0, 21.0, 56.0]  Order: [11.0, 10.94, 11.06] Demand: [11.08]
Reward for thread 3: [-113.64, -55.15, -42.0] -70.26  Inventory: [0.0, 0.0, 0.0]  Order: [14.08, 13.77, 13.74] Demand: [15.37]
Reward for thread 4: [-56.24, -50.51, -37.85] -48.2  Inventory: [14.0, 73.0, 38.0]  Order: [9.98, 10.18, 10.13] Demand: [10.165]
Reward for thread 5: [-25.73, -25.22, -25.77] -25.57  Inventory: [0.0, 17.0, 35.0]  Order: [11.82, 11.71, 11.65] Demand: [11.92]

Eval average reward:  -42.03216666666666  Eval ordering fluctuation measurement (downstream to upstream):  [1.0244340796982636, 0.6459280402323506, 0.9434833378071584]

 Algo happo Exp ippo_seed13_formal_v1 updates 160/3000 episodes, total num timesteps 161000/3000000, FPS 118.

Reward for thread 1: [-54.69, -29.24, -29.49] -37.81  Inventory: [0.0, 2.0, 19.0]  Order: [13.64, 13.61, 13.62] Demand: [15.065]
Reward for thread 2: [-25.79, -22.77, -21.54] -23.37  Inventory: [0.0, 0.0, 0.0]  Order: [9.96, 10.0, 10.02] Demand: [10.65]
Reward for thread 3: [-23.98, -44.29, -40.75] -36.34  Inventory: [6.0, 88.0, 21.0]  Order: [3.61, 3.86, 3.72] Demand: [3.8]
Reward for thread 4: [-69.54, -32.44, -31.82] -44.6  Inventory: [0.0, 0.0, 0.0]  Order: [13.48, 13.32, 13.28] Demand: [13.4]
Reward for thread 5: [-74.92, -33.67, -35.29] -47.96  Inventory: [0.0, 0.0, 0.0]  Order: [14.0, 14.02, 14.0] Demand: [15.595]

 Algo happo Exp ippo_seed13_formal_v1 updates 161/3000 episodes, total num timesteps 162000/3000000, FPS 118.

Reward for thread 1: [-22.95, -21.91, -24.23] -23.03  Inventory: [20.0, 71.0, 42.0]  Order: [9.59, 9.74, 9.74] Demand: [9.71]
Reward for thread 2: [-16.14, -20.67, -24.58] -20.46  Inventory: [5.0, 0.0, 2.0]  Order: [8.2, 8.12, 8.14] Demand: [8.275]
Reward for thread 3: [-26.69, -36.44, -26.95] -30.03  Inventory: [12.0, 67.0, 16.0]  Order: [7.89, 8.02, 7.86] Demand: [8.08]
Reward for thread 4: [-118.55, -51.17, -46.03] -71.92  Inventory: [0.0, 0.0, 0.0]  Order: [13.06, 13.12, 13.18] Demand: [15.38]
Reward for thread 5: [-57.05, -72.13, -40.63] -56.6  Inventory: [310.0, 0.0, 0.0]  Order: [3.11, 3.11, 3.03] Demand: [1.565]

 Algo happo Exp ippo_seed13_formal_v1 updates 162/3000 episodes, total num timesteps 163000/3000000, FPS 118.

Reward for thread 1: [-18.96, -28.07, -25.75] -24.26  Inventory: [15.0, 36.0, 23.0]  Order: [7.14, 7.12, 7.01] Demand: [7.29]
Reward for thread 2: [-21.87, -23.87, -24.51] -23.42  Inventory: [0.0, 0.0, 0.0]  Order: [10.07, 10.11, 10.04] Demand: [10.225]
Reward for thread 3: [-24.97, -35.04, -27.13] -29.05  Inventory: [5.0, 136.0, 29.0]  Order: [6.88, 7.36, 7.27] Demand: [7.11]
Reward for thread 4: [-22.26, -42.64, -36.97] -33.96  Inventory: [3.0, 100.0, 35.0]  Order: [3.51, 3.8, 3.75] Demand: [3.725]
Reward for thread 5: [-15.05, -20.49, -21.72] -19.09  Inventory: [0.0, 0.0, 0.0]  Order: [8.39, 8.47, 8.41] Demand: [8.425]

 Algo happo Exp ippo_seed13_formal_v1 updates 163/3000 episodes, total num timesteps 164000/3000000, FPS 119.

Reward for thread 1: [-21.81, -28.47, -22.47] -24.25  Inventory: [0.0, 53.0, 31.0]  Order: [7.48, 7.54, 7.46] Demand: [7.685]
Reward for thread 2: [-20.68, -35.65, -33.32] -29.88  Inventory: [7.0, 39.0, 77.0]  Order: [4.24, 4.24, 4.42] Demand: [4.415]
Reward for thread 3: [-20.03, -24.97, -23.37] -22.79  Inventory: [23.0, 34.0, 19.0]  Order: [10.15, 10.14, 9.99] Demand: [10.255]
Reward for thread 4: [-88.27, -46.17, -42.39] -58.94  Inventory: [0.0, 0.0, 0.0]  Order: [14.46, 14.41, 14.4] Demand: [15.05]
Reward for thread 5: [-61.99, -31.2, -30.13] -41.11  Inventory: [0.0, 0.0, 0.0]  Order: [11.53, 11.64, 11.7] Demand: [13.19]

 Algo happo Exp ippo_seed13_formal_v1 updates 164/3000 episodes, total num timesteps 165000/3000000, FPS 119.

Reward for thread 1: [-23.95, -30.91, -27.52] -27.46  Inventory: [0.0, 0.0, 0.0]  Order: [9.5, 9.51, 9.52] Demand: [9.66]
Reward for thread 2: [-17.27, -26.2, -23.57] -22.35  Inventory: [3.0, 38.0, 9.0]  Order: [4.64, 4.64, 4.5] Demand: [4.795]
Reward for thread 3: [-18.09, -24.65, -29.41] -24.05  Inventory: [15.0, 51.0, 80.0]  Order: [4.46, 4.52, 4.68] Demand: [4.635]
Reward for thread 4: [-78.38, -37.56, -35.1] -50.35  Inventory: [18.0, 35.0, 16.0]  Order: [10.96, 10.97, 10.84] Demand: [11.11]
Reward for thread 5: [-35.0, -27.99, -27.1] -30.03  Inventory: [0.0, 0.0, 0.0]  Order: [9.02, 9.07, 9.14] Demand: [9.855]

Eval average reward:  -43.66575  Eval ordering fluctuation measurement (downstream to upstream):  [1.0459682527384615, 0.656364181189343, 0.9141070308490692]

 Algo happo Exp ippo_seed13_formal_v1 updates 165/3000 episodes, total num timesteps 166000/3000000, FPS 118.

Reward for thread 1: [-73.45, -37.54, -34.3] -48.43  Inventory: [0.0, 0.0, 0.0]  Order: [13.27, 13.29, 13.32] Demand: [14.895]
Reward for thread 2: [-19.48, -26.99, -26.03] -24.17  Inventory: [14.0, 18.0, 38.0]  Order: [10.12, 10.05, 10.0] Demand: [10.025]
Reward for thread 3: [-50.61, -34.29, -31.32] -38.74  Inventory: [19.0, 21.0, 7.0]  Order: [11.43, 11.42, 11.4] Demand: [11.55]
Reward for thread 4: [-19.2, -29.64, -25.03] -24.62  Inventory: [29.0, 87.0, 36.0]  Order: [3.26, 3.46, 3.41] Demand: [3.35]
Reward for thread 5: [-34.67, -60.3, -36.66] -43.88  Inventory: [12.0, 121.0, 13.0]  Order: [3.74, 4.13, 3.99] Demand: [3.9]

 Algo happo Exp ippo_seed13_formal_v1 updates 166/3000 episodes, total num timesteps 167000/3000000, FPS 118.

Reward for thread 1: [-74.19, -35.66, -36.3] -48.72  Inventory: [0.0, 0.0, 0.0]  Order: [11.19, 11.2, 11.24] Demand: [12.915]
Reward for thread 2: [-19.46, -25.2, -25.84] -23.5  Inventory: [10.0, 6.0, 22.0]  Order: [8.2, 8.01, 7.88] Demand: [8.215]
Reward for thread 3: [-18.92, -25.98, -27.3] -24.07  Inventory: [6.0, 30.0, 69.0]  Order: [5.38, 5.31, 5.42] Demand: [5.535]
Reward for thread 4: [-19.3, -26.95, -23.32] -23.19  Inventory: [0.0, 43.0, 7.0]  Order: [7.68, 7.72, 7.56] Demand: [7.845]
Reward for thread 5: [-17.83, -22.38, -22.54] -20.92  Inventory: [5.0, 41.0, 22.0]  Order: [8.19, 8.26, 8.13] Demand: [8.31]

 Algo happo Exp ippo_seed13_formal_v1 updates 167/3000 episodes, total num timesteps 168000/3000000, FPS 118.

Reward for thread 1: [-24.61, -23.39, -25.24] -24.41  Inventory: [18.0, 28.0, 36.0]  Order: [8.08, 8.0, 7.92] Demand: [8.215]
Reward for thread 2: [-119.59, -46.31, -44.55] -70.15  Inventory: [0.0, 0.0, 0.0]  Order: [13.4, 13.4, 13.34] Demand: [15.62]
Reward for thread 3: [-20.0, -28.43, -29.92] -26.12  Inventory: [26.0, 52.0, 63.0]  Order: [5.6, 5.63, 5.76] Demand: [5.715]
Reward for thread 4: [-18.31, -24.69, -26.65] -23.22  Inventory: [9.0, 26.0, 35.0]  Order: [6.66, 6.7, 6.63] Demand: [6.74]
Reward for thread 5: [-18.36, -23.84, -26.02] -22.74  Inventory: [17.0, 15.0, 0.0]  Order: [6.69, 6.76, 6.78] Demand: [6.745]

 Algo happo Exp ippo_seed13_formal_v1 updates 168/3000 episodes, total num timesteps 169000/3000000, FPS 119.

Reward for thread 1: [-19.72, -38.1, -26.85] -28.22  Inventory: [0.0, 0.0, 0.0]  Order: [4.33, 4.31, 4.27] Demand: [4.22]
Reward for thread 2: [-22.05, -28.01, -28.5] -26.19  Inventory: [10.0, 17.0, 9.0]  Order: [9.28, 9.24, 9.19] Demand: [9.355]
Reward for thread 3: [-16.85, -27.68, -27.77] -24.1  Inventory: [13.0, 49.0, 40.0]  Order: [5.17, 5.26, 5.3] Demand: [5.25]
Reward for thread 4: [-20.74, -28.87, -24.46] -24.69  Inventory: [0.0, 0.0, 0.0]  Order: [9.54, 9.64, 9.6] Demand: [9.5]
Reward for thread 5: [-16.2, -22.71, -23.98] -20.96  Inventory: [0.0, 19.0, 8.0]  Order: [4.84, 4.82, 4.64] Demand: [5.]

 Algo happo Exp ippo_seed13_formal_v1 updates 169/3000 episodes, total num timesteps 170000/3000000, FPS 119.

Reward for thread 1: [-20.96, -36.87, -29.75] -29.19  Inventory: [2.0, 38.0, 27.0]  Order: [5.9, 5.9, 5.95] Demand: [6.08]
Reward for thread 2: [-23.94, -45.77, -30.74] -33.48  Inventory: [7.0, 157.0, 15.0]  Order: [3.2, 3.78, 3.64] Demand: [3.415]
Reward for thread 3: [-18.9, -31.95, -29.3] -26.72  Inventory: [4.0, 15.0, 20.0]  Order: [4.96, 5.03, 4.93] Demand: [4.915]
Reward for thread 4: [-18.77, -24.03, -23.13] -21.98  Inventory: [30.0, 59.0, 64.0]  Order: [10.26, 10.34, 10.42] Demand: [10.22]
Reward for thread 5: [-34.94, -34.22, -32.13] -33.76  Inventory: [1.0, 42.0, 37.0]  Order: [9.99, 10.07, 10.03] Demand: [10.13]

Eval average reward:  -35.479166666666664  Eval ordering fluctuation measurement (downstream to upstream):  [1.0293684678395512, 1.037003583727736, 1.1750244650647617]

 Algo happo Exp ippo_seed13_formal_v1 updates 170/3000 episodes, total num timesteps 171000/3000000, FPS 118.

Reward for thread 1: [-32.98, -31.93, -29.22] -31.38  Inventory: [145.0, 0.0, 40.0]  Order: [3.52, 3.28, 3.28] Demand: [2.865]
Reward for thread 2: [-18.46, -25.76, -27.57] -23.93  Inventory: [0.0, 0.0, 12.0]  Order: [6.11, 5.88, 5.7] Demand: [6.15]
Reward for thread 3: [-14.78, -21.87, -24.01] -20.22  Inventory: [36.0, 33.0, 26.0]  Order: [5.48, 5.6, 5.66] Demand: [5.465]
Reward for thread 4: [-27.86, -30.5, -29.95] -29.44  Inventory: [0.0, 0.0, 25.0]  Order: [8.14, 8.04, 7.92] Demand: [8.19]
Reward for thread 5: [-16.54, -20.64, -25.9] -21.03  Inventory: [0.0, 0.0, 0.0]  Order: [6.77, 6.89, 6.89] Demand: [7.07]

 Algo happo Exp ippo_seed13_formal_v1 updates 171/3000 episodes, total num timesteps 172000/3000000, FPS 118.

Reward for thread 1: [-16.17, -23.63, -23.34] -21.05  Inventory: [6.0, 58.0, 53.0]  Order: [7.84, 7.92, 7.94] Demand: [7.975]
Reward for thread 2: [-123.43, -46.87, -44.21] -71.5  Inventory: [0.0, 0.0, 0.0]  Order: [14.22, 14.27, 14.26] Demand: [15.885]
Reward for thread 3: [-28.0, -25.77, -26.62] -26.8  Inventory: [2.0, 31.0, 63.0]  Order: [11.9, 11.82, 11.89] Demand: [11.935]
Reward for thread 4: [-21.7, -28.0, -23.1] -24.27  Inventory: [0.0, 0.0, 0.0]  Order: [11.59, 11.34, 11.4] Demand: [11.6]
Reward for thread 5: [-26.78, -37.76, -31.75] -32.1  Inventory: [6.0, 64.0, 23.0]  Order: [8.51, 8.6, 8.48] Demand: [8.705]

 Algo happo Exp ippo_seed13_formal_v1 updates 172/3000 episodes, total num timesteps 173000/3000000, FPS 118.

Reward for thread 1: [-74.37, -36.91, -34.86] -48.71  Inventory: [17.0, 44.0, 101.0]  Order: [13.08, 13.06, 13.31] Demand: [13.22]
Reward for thread 2: [-52.23, -30.52, -29.99] -37.58  Inventory: [0.0, 0.0, 2.0]  Order: [10.88, 11.0, 11.02] Demand: [12.555]
Reward for thread 3: [-67.05, -31.69, -31.66] -43.47  Inventory: [3.0, 0.0, 23.0]  Order: [13.0, 12.91, 12.88] Demand: [13.04]
Reward for thread 4: [-19.32, -21.22, -19.7] -20.08  Inventory: [22.0, 24.0, 72.0]  Order: [11.1, 11.01, 11.12] Demand: [11.205]
Reward for thread 5: [-112.75, -43.21, -44.34] -66.77  Inventory: [0.0, 0.0, 0.0]  Order: [12.82, 12.84, 12.86] Demand: [15.165]

 Algo happo Exp ippo_seed13_formal_v1 updates 173/3000 episodes, total num timesteps 174000/3000000, FPS 119.

Reward for thread 1: [-154.0, -63.55, -65.93] -94.49  Inventory: [807.0, 0.0, 0.0]  Order: [8.57, 8.52, 8.52] Demand: [4.33]
Reward for thread 2: [-161.7, -64.47, -57.16] -94.44  Inventory: [0.0, 0.0, 0.0]  Order: [14.14, 14.2, 14.23] Demand: [16.685]
Reward for thread 3: [-176.37, -62.5, -54.12] -97.66  Inventory: [0.0, 0.0, 22.0]  Order: [15.06, 15.02, 15.12] Demand: [16.96]
Reward for thread 4: [-35.1, -28.84, -24.2] -29.38  Inventory: [19.0, 10.0, 0.0]  Order: [12.9, 13.1, 13.15] Demand: [12.72]
Reward for thread 5: [-48.0, -33.23, -29.66] -36.96  Inventory: [0.0, 0.0, 0.0]  Order: [10.42, 10.5, 10.48] Demand: [11.505]

 Algo happo Exp ippo_seed13_formal_v1 updates 174/3000 episodes, total num timesteps 175000/3000000, FPS 119.

Reward for thread 1: [-16.55, -23.47, -25.46] -21.83  Inventory: [12.0, 49.0, 78.0]  Order: [7.34, 7.36, 7.51] Demand: [7.41]
Reward for thread 2: [-66.44, -42.83, -31.83] -47.03  Inventory: [0.0, 0.0, 0.0]  Order: [14.42, 14.27, 14.3] Demand: [14.615]
Reward for thread 3: [-23.13, -52.34, -40.45] -38.64  Inventory: [22.0, 88.0, 77.0]  Order: [1.4, 1.64, 1.78] Demand: [1.545]
Reward for thread 4: [-13.04, -19.79, -21.33] -18.05  Inventory: [0.0, 0.0, 0.0]  Order: [6.08, 6.15, 6.1] Demand: [6.055]
Reward for thread 5: [-22.75, -28.08, -26.01] -25.61  Inventory: [0.0, 0.0, 0.0]  Order: [11.34, 11.22, 11.1] Demand: [11.575]

Eval average reward:  -40.516416666666665  Eval ordering fluctuation measurement (downstream to upstream):  [1.1102888758566287, 1.0759367692255206, 1.2137905722661047]

 Algo happo Exp ippo_seed13_formal_v1 updates 175/3000 episodes, total num timesteps 176000/3000000, FPS 118.

Reward for thread 1: [-20.55, -43.73, -36.42] -33.57  Inventory: [5.0, 74.0, 31.0]  Order: [2.59, 2.76, 2.67] Demand: [2.79]
Reward for thread 2: [-46.42, -33.26, -27.92] -35.87  Inventory: [0.0, 21.0, 43.0]  Order: [13.6, 13.52, 13.54] Demand: [13.99]
Reward for thread 3: [-50.14, -47.11, -33.35] -43.53  Inventory: [0.0, 0.0, 0.0]  Order: [13.58, 13.6, 13.64] Demand: [14.12]
Reward for thread 4: [-49.2, -29.83, -27.34] -35.46  Inventory: [0.0, 0.0, 0.0]  Order: [11.43, 11.56, 11.54] Demand: [12.245]
Reward for thread 5: [-212.94, -66.59, -63.53] -114.35  Inventory: [0.0, 0.0, 2.0]  Order: [15.1, 15.11, 15.16] Demand: [17.755]

 Algo happo Exp ippo_seed13_formal_v1 updates 176/3000 episodes, total num timesteps 177000/3000000, FPS 118.

Reward for thread 1: [-22.24, -31.92, -33.66] -29.27  Inventory: [0.0, 0.0, 0.0]  Order: [9.34, 9.3, 9.26] Demand: [9.23]
Reward for thread 2: [-18.65, -30.58, -33.09] -27.44  Inventory: [0.0, 49.0, 67.0]  Order: [5.06, 5.07, 5.16] Demand: [5.295]
Reward for thread 3: [-26.83, -31.01, -28.09] -28.64  Inventory: [0.0, 0.0, 0.0]  Order: [10.15, 10.09, 10.08] Demand: [10.525]
Reward for thread 4: [-15.67, -21.73, -26.03] -21.14  Inventory: [0.0, 0.0, 0.0]  Order: [6.71, 6.8, 6.93] Demand: [6.565]
Reward for thread 5: [-27.67, -30.84, -29.37] -29.29  Inventory: [0.0, 0.0, 0.0]  Order: [11.09, 11.06, 11.04] Demand: [11.535]

 Algo happo Exp ippo_seed13_formal_v1 updates 177/3000 episodes, total num timesteps 178000/3000000, FPS 118.

Reward for thread 1: [-50.48, -29.69, -26.9] -35.69  Inventory: [0.0, 0.0, 18.0]  Order: [10.62, 10.63, 10.66] Demand: [12.075]
Reward for thread 2: [-26.78, -28.51, -27.86] -27.72  Inventory: [0.0, 2.0, 0.0]  Order: [7.9, 8.0, 7.9] Demand: [7.98]
Reward for thread 3: [-17.79, -26.33, -26.44] -23.52  Inventory: [2.0, 73.0, 52.0]  Order: [7.13, 7.26, 7.32] Demand: [7.36]
Reward for thread 4: [-51.51, -38.63, -28.73] -39.62  Inventory: [0.0, 0.0, 0.0]  Order: [14.9, 14.74, 14.83] Demand: [14.595]
Reward for thread 5: [-68.84, -45.37, -31.12] -48.44  Inventory: [0.0, 0.0, 0.0]  Order: [14.12, 14.18, 14.2] Demand: [15.18]

 Algo happo Exp ippo_seed13_formal_v1 updates 178/3000 episodes, total num timesteps 179000/3000000, FPS 119.

Reward for thread 1: [-12.3, -17.45, -23.54] -17.76  Inventory: [0.0, 0.0, 0.0]  Order: [6.1, 6.02, 5.94] Demand: [5.96]
Reward for thread 2: [-106.26, -46.97, -37.77] -63.67  Inventory: [0.0, 0.0, 0.0]  Order: [14.38, 14.34, 14.38] Demand: [16.4]
Reward for thread 3: [-19.45, -30.19, -26.85] -25.5  Inventory: [0.0, 0.0, 0.0]  Order: [8.8, 8.46, 8.52] Demand: [8.25]
Reward for thread 4: [-75.35, -49.37, -39.94] -54.89  Inventory: [0.0, 0.0, 0.0]  Order: [11.68, 11.56, 11.58] Demand: [13.235]
Reward for thread 5: [-20.94, -27.39, -22.97] -23.77  Inventory: [4.0, 5.0, 36.0]  Order: [10.35, 10.16, 10.12] Demand: [10.45]

 Algo happo Exp ippo_seed13_formal_v1 updates 179/3000 episodes, total num timesteps 180000/3000000, FPS 119.

Reward for thread 1: [-18.1, -29.54, -25.98] -24.54  Inventory: [15.0, 66.0, 41.0]  Order: [7.0, 7.08, 7.04] Demand: [7.15]
Reward for thread 2: [-15.76, -22.95, -27.78] -22.16  Inventory: [9.0, 23.0, 61.0]  Order: [6.44, 6.34, 6.46] Demand: [6.495]
Reward for thread 3: [-28.17, -32.74, -27.52] -29.48  Inventory: [49.0, 48.0, 55.0]  Order: [10.6, 10.7, 10.83] Demand: [10.555]
Reward for thread 4: [-158.28, -53.69, -51.38] -87.78  Inventory: [0.0, 0.0, 0.0]  Order: [14.8, 14.78, 14.75] Demand: [14.735]
Reward for thread 5: [-27.62, -31.72, -27.28] -28.87  Inventory: [0.0, 0.0, 0.0]  Order: [11.0, 10.94, 10.92] Demand: [11.595]

Eval average reward:  -41.44541666666667  Eval ordering fluctuation measurement (downstream to upstream):  [1.0317199540444824, 0.9757959995464432, 1.1849111119573756]

 Algo happo Exp ippo_seed13_formal_v1 updates 180/3000 episodes, total num timesteps 181000/3000000, FPS 118.

Reward for thread 1: [-30.36, -33.33, -27.9] -30.53  Inventory: [0.0, 0.0, 0.0]  Order: [12.16, 12.16, 12.14] Demand: [12.67]
Reward for thread 2: [-29.88, -33.12, -25.44] -29.48  Inventory: [0.0, 0.0, 0.0]  Order: [13.09, 12.98, 12.8] Demand: [12.655]
Reward for thread 3: [-18.53, -26.49, -30.4] -25.14  Inventory: [37.0, 73.0, 72.0]  Order: [5.79, 5.92, 6.04] Demand: [5.72]
Reward for thread 4: [-25.46, -26.64, -28.54] -26.88  Inventory: [0.0, 0.0, 0.0]  Order: [8.94, 8.68, 8.69] Demand: [9.325]
Reward for thread 5: [-22.79, -25.71, -24.2] -24.23  Inventory: [16.0, 21.0, 10.0]  Order: [10.45, 10.39, 10.27] Demand: [10.605]

 Algo happo Exp ippo_seed13_formal_v1 updates 181/3000 episodes, total num timesteps 182000/3000000, FPS 118.

Reward for thread 1: [-156.39, -61.08, -51.79] -89.75  Inventory: [0.0, 0.0, 0.0]  Order: [15.15, 14.92, 14.91] Demand: [16.915]
Reward for thread 2: [-68.85, -35.1, -30.62] -44.86  Inventory: [0.0, 0.0, 0.0]  Order: [12.66, 12.72, 12.76] Demand: [13.205]
Reward for thread 3: [-24.77, -29.31, -28.08] -27.39  Inventory: [0.0, 0.0, 0.0]  Order: [10.66, 10.65, 10.63] Demand: [10.83]
Reward for thread 4: [-30.9, -25.14, -21.4] -25.81  Inventory: [0.0, 0.0, 1.0]  Order: [13.1, 13.04, 13.12] Demand: [13.1]
Reward for thread 5: [-34.42, -30.62, -21.56] -28.87  Inventory: [0.0, 0.0, 0.0]  Order: [14.44, 14.43, 14.4] Demand: [14.74]

 Algo happo Exp ippo_seed13_formal_v1 updates 182/3000 episodes, total num timesteps 183000/3000000, FPS 118.

Reward for thread 1: [-16.18, -25.85, -28.62] -23.55  Inventory: [8.0, 0.0, 31.0]  Order: [4.2, 4.13, 4.06] Demand: [4.305]
Reward for thread 2: [-53.67, -32.09, -30.2] -38.65  Inventory: [0.0, 0.0, 0.0]  Order: [11.54, 11.48, 11.58] Demand: [12.53]
Reward for thread 3: [-31.73, -34.86, -31.92] -32.84  Inventory: [0.0, 0.0, 0.0]  Order: [10.38, 10.36, 10.38] Demand: [10.52]
Reward for thread 4: [-18.9, -41.85, -33.54] -31.43  Inventory: [0.0, 91.0, 48.0]  Order: [1.78, 2.02, 2.02] Demand: [2.04]
Reward for thread 5: [-21.93, -33.67, -33.02] -29.54  Inventory: [13.0, 86.0, 70.0]  Order: [5.61, 5.8, 5.92] Demand: [5.785]

 Algo happo Exp ippo_seed13_formal_v1 updates 183/3000 episodes, total num timesteps 184000/3000000, FPS 119.

Reward for thread 1: [-57.8, -34.9, -34.09] -42.26  Inventory: [0.0, 0.0, 0.0]  Order: [11.58, 11.52, 11.46] Demand: [11.505]
Reward for thread 2: [-23.0, -36.72, -35.25] -31.66  Inventory: [0.0, 31.0, 27.0]  Order: [8.6, 8.52, 8.42] Demand: [8.805]
Reward for thread 3: [-23.85, -30.18, -27.77] -27.27  Inventory: [13.0, 0.0, 4.0]  Order: [10.22, 10.18, 10.08] Demand: [10.22]
Reward for thread 4: [-126.43, -53.33, -44.58] -74.78  Inventory: [97.0, 58.0, 72.0]  Order: [13.78, 13.84, 14.01] Demand: [13.52]
Reward for thread 5: [-20.95, -26.58, -22.85] -23.46  Inventory: [0.0, 0.0, 0.0]  Order: [11.24, 11.14, 11.1] Demand: [11.365]

 Algo happo Exp ippo_seed13_formal_v1 updates 184/3000 episodes, total num timesteps 185000/3000000, FPS 119.

Reward for thread 1: [-26.25, -58.85, -33.61] -39.57  Inventory: [26.0, 177.0, 7.0]  Order: [2.13, 2.8, 2.69] Demand: [2.255]
Reward for thread 2: [-20.1, -35.77, -27.78] -27.88  Inventory: [0.0, 53.0, 0.0]  Order: [5.98, 6.06, 5.9] Demand: [6.175]
Reward for thread 3: [-22.25, -32.94, -28.1] -27.76  Inventory: [0.0, 7.0, 35.0]  Order: [8.56, 8.52, 8.56] Demand: [8.605]
Reward for thread 4: [-17.37, -27.81, -32.58] -25.92  Inventory: [10.0, 28.0, 60.0]  Order: [3.8, 3.72, 3.76] Demand: [3.97]
Reward for thread 5: [-17.27, -29.46, -28.35] -25.03  Inventory: [3.0, 0.0, 13.0]  Order: [6.7, 6.52, 6.4] Demand: [6.71]

Eval average reward:  -41.242583333333336  Eval ordering fluctuation measurement (downstream to upstream):  [1.041548922082859, 1.0639670273369815, 1.173257266154541]

 Algo happo Exp ippo_seed13_formal_v1 updates 185/3000 episodes, total num timesteps 186000/3000000, FPS 118.

Reward for thread 1: [-19.19, -33.03, -33.42] -28.55  Inventory: [10.0, 40.0, 36.0]  Order: [4.7, 4.67, 4.61] Demand: [4.895]
Reward for thread 2: [-56.72, -39.68, -35.28] -43.89  Inventory: [0.0, 15.0, 53.0]  Order: [9.98, 9.82, 9.86] Demand: [10.155]
Reward for thread 3: [-79.29, -37.44, -36.65] -51.13  Inventory: [0.0, 0.0, 0.0]  Order: [11.78, 11.71, 11.67] Demand: [13.82]
Reward for thread 4: [-24.88, -55.47, -34.61] -38.32  Inventory: [25.0, 162.0, 13.0]  Order: [1.22, 1.81, 1.68] Demand: [1.34]
Reward for thread 5: [-16.04, -25.05, -31.6] -24.23  Inventory: [0.0, 39.0, 36.0]  Order: [3.48, 3.45, 3.38] Demand: [3.725]

 Algo happo Exp ippo_seed13_formal_v1 updates 186/3000 episodes, total num timesteps 187000/3000000, FPS 118.

Reward for thread 1: [-38.0, -27.04, -28.84] -31.29  Inventory: [0.0, 0.0, 2.0]  Order: [9.64, 9.68, 9.73] Demand: [10.715]
Reward for thread 2: [-69.29, -34.72, -30.33] -44.78  Inventory: [14.0, 49.0, 50.0]  Order: [13.69, 13.78, 13.84] Demand: [13.76]
Reward for thread 3: [-14.86, -25.84, -28.53] -23.08  Inventory: [8.0, 31.0, 0.0]  Order: [3.74, 3.76, 3.7] Demand: [3.935]
Reward for thread 4: [-18.74, -31.6, -29.3] -26.55  Inventory: [13.0, 94.0, 30.0]  Order: [5.55, 5.8, 5.76] Demand: [5.735]
Reward for thread 5: [-70.98, -41.1, -31.61] -47.9  Inventory: [0.0, 0.0, 3.0]  Order: [12.7, 12.71, 12.68] Demand: [13.735]

 Algo happo Exp ippo_seed13_formal_v1 updates 187/3000 episodes, total num timesteps 188000/3000000, FPS 118.

Reward for thread 1: [-16.55, -21.83, -22.11] -20.16  Inventory: [0.0, 0.0, 0.0]  Order: [11.22, 11.14, 11.2] Demand: [11.095]
Reward for thread 2: [-24.32, -29.41, -29.69] -27.81  Inventory: [31.0, 38.0, 38.0]  Order: [9.22, 9.36, 9.41] Demand: [9.225]
Reward for thread 3: [-65.29, -47.89, -32.07] -48.42  Inventory: [1.0, 0.0, 13.0]  Order: [14.88, 14.84, 14.9] Demand: [14.77]
Reward for thread 4: [-15.72, -23.34, -27.62] -22.23  Inventory: [0.0, 50.0, 16.0]  Order: [4.04, 4.06, 3.96] Demand: [4.3]
Reward for thread 5: [-14.76, -19.57, -22.77] -19.03  Inventory: [0.0, 0.0, 0.0]  Order: [10.54, 10.56, 10.44] Demand: [10.46]

 Algo happo Exp ippo_seed13_formal_v1 updates 188/3000 episodes, total num timesteps 189000/3000000, FPS 119.

Reward for thread 1: [-20.41, -22.61, -24.81] -22.61  Inventory: [0.0, 0.0, 10.0]  Order: [9.01, 9.01, 8.95] Demand: [8.99]
Reward for thread 2: [-17.1, -31.1, -33.48] -27.23  Inventory: [3.0, 33.0, 31.0]  Order: [3.25, 3.18, 3.1] Demand: [3.41]
Reward for thread 3: [-14.66, -24.54, -24.75] -21.32  Inventory: [15.0, 41.0, 37.0]  Order: [4.22, 4.22, 4.36] Demand: [4.375]
Reward for thread 4: [-17.68, -30.51, -28.38] -25.52  Inventory: [6.0, 23.0, 7.0]  Order: [5.76, 5.72, 5.68] Demand: [5.895]
Reward for thread 5: [-111.35, -38.55, -38.13] -62.68  Inventory: [0.0, 0.0, 0.0]  Order: [13.91, 13.98, 13.91] Demand: [16.25]

 Algo happo Exp ippo_seed13_formal_v1 updates 189/3000 episodes, total num timesteps 190000/3000000, FPS 119.

Reward for thread 1: [-17.4, -26.36, -29.66] -24.47  Inventory: [10.0, 58.0, 37.0]  Order: [6.64, 6.71, 6.67] Demand: [6.81]
Reward for thread 2: [-18.53, -27.77, -31.15] -25.82  Inventory: [19.0, 33.0, 43.0]  Order: [4.84, 4.78, 4.75] Demand: [4.99]
Reward for thread 3: [-14.9, -24.1, -24.33] -21.11  Inventory: [6.0, 0.0, 8.0]  Order: [5.87, 5.77, 5.58] Demand: [5.97]
Reward for thread 4: [-17.12, -26.53, -25.25] -22.97  Inventory: [11.0, 37.0, 40.0]  Order: [6.24, 6.29, 6.36] Demand: [6.235]
Reward for thread 5: [-23.19, -30.25, -26.1] -26.51  Inventory: [0.0, 0.0, 0.0]  Order: [12.42, 12.48, 12.5] Demand: [12.395]

Eval average reward:  -39.10841666666667  Eval ordering fluctuation measurement (downstream to upstream):  [1.0053027611772336, 1.072873866720808, 1.1257720365007309]

 Algo happo Exp ippo_seed13_formal_v1 updates 190/3000 episodes, total num timesteps 191000/3000000, FPS 118.

Reward for thread 1: [-16.26, -23.96, -26.5] -22.24  Inventory: [0.0, 0.0, 2.0]  Order: [8.06, 8.06, 8.02] Demand: [8.1]
Reward for thread 2: [-16.57, -28.29, -27.43] -24.1  Inventory: [13.0, 46.0, 5.0]  Order: [4.04, 4.06, 3.93] Demand: [4.22]
Reward for thread 3: [-13.76, -21.37, -20.43] -18.52  Inventory: [17.0, 37.0, 44.0]  Order: [8.92, 8.94, 9.04] Demand: [8.995]
Reward for thread 4: [-16.95, -31.03, -31.97] -26.65  Inventory: [4.0, 50.0, 30.0]  Order: [3.62, 3.64, 3.56] Demand: [3.845]
Reward for thread 5: [-19.95, -26.58, -26.38] -24.3  Inventory: [14.0, 10.0, 1.0]  Order: [8.65, 8.57, 8.52] Demand: [8.82]

 Algo happo Exp ippo_seed13_formal_v1 updates 191/3000 episodes, total num timesteps 192000/3000000, FPS 118.

Reward for thread 1: [-18.67, -19.11, -19.73] -19.17  Inventory: [12.0, 40.0, 8.0]  Order: [10.47, 10.62, 10.72] Demand: [10.495]
Reward for thread 2: [-13.53, -19.02, -23.99] -18.85  Inventory: [12.0, 12.0, 25.0]  Order: [6.54, 6.48, 6.56] Demand: [6.71]
Reward for thread 3: [-16.68, -20.95, -24.81] -20.81  Inventory: [9.0, 26.0, 22.0]  Order: [8.02, 8.01, 8.08] Demand: [8.17]
Reward for thread 4: [-15.04, -25.51, -30.46] -23.67  Inventory: [2.0, 38.0, 47.0]  Order: [3.92, 3.88, 3.88] Demand: [4.13]
Reward for thread 5: [-18.08, -31.07, -31.08] -26.74  Inventory: [2.0, 61.0, 50.0]  Order: [5.72, 5.78, 5.8] Demand: [5.875]

 Algo happo Exp ippo_seed13_formal_v1 updates 192/3000 episodes, total num timesteps 193000/3000000, FPS 118.

Reward for thread 1: [-99.49, -44.67, -38.04] -60.73  Inventory: [9.0, 0.0, 0.0]  Order: [15.14, 15.24, 15.26] Demand: [15.025]
Reward for thread 2: [-52.74, -35.01, -34.53] -40.76  Inventory: [0.0, 0.0, 0.0]  Order: [12.08, 12.08, 12.16] Demand: [13.36]
Reward for thread 3: [-182.71, -61.15, -57.22] -100.36  Inventory: [0.0, 0.0, 0.0]  Order: [14.98, 15.04, 15.14] Demand: [16.78]
Reward for thread 4: [-18.28, -23.32, -22.76] -21.45  Inventory: [9.0, 0.0, 12.0]  Order: [8.78, 8.74, 8.76] Demand: [8.695]
Reward for thread 5: [-53.54, -33.34, -26.12] -37.67  Inventory: [0.0, 0.0, 0.0]  Order: [14.58, 14.44, 14.44] Demand: [14.915]

 Algo happo Exp ippo_seed13_formal_v1 updates 193/3000 episodes, total num timesteps 194000/3000000, FPS 119.

Reward for thread 1: [-16.92, -28.23, -34.58] -26.58  Inventory: [0.0, 17.0, 51.0]  Order: [4.6, 4.44, 4.46] Demand: [4.825]
Reward for thread 2: [-15.89, -22.28, -23.96] -20.71  Inventory: [5.0, 29.0, 54.0]  Order: [8.46, 8.36, 8.38] Demand: [8.68]
Reward for thread 3: [-14.87, -23.59, -27.8] -22.09  Inventory: [6.0, 12.0, 17.0]  Order: [6.36, 6.34, 6.22] Demand: [6.56]
Reward for thread 4: [-37.28, -30.64, -27.91] -31.94  Inventory: [0.0, 0.0, 0.0]  Order: [11.25, 11.32, 11.38] Demand: [12.075]
Reward for thread 5: [-30.46, -30.49, -28.63] -29.86  Inventory: [8.0, 31.0, 42.0]  Order: [8.24, 8.15, 8.12] Demand: [8.445]

 Algo happo Exp ippo_seed13_formal_v1 updates 194/3000 episodes, total num timesteps 195000/3000000, FPS 119.

Reward for thread 1: [-14.22, -22.04, -26.94] -21.07  Inventory: [0.0, 0.0, 8.0]  Order: [4.38, 4.3, 4.11] Demand: [4.485]
Reward for thread 2: [-102.78, -43.31, -42.36] -62.82  Inventory: [0.0, 0.0, 0.0]  Order: [13.46, 13.52, 13.52] Demand: [15.93]
Reward for thread 3: [-13.81, -22.19, -26.07] -20.69  Inventory: [15.0, 21.0, 0.0]  Order: [3.84, 3.84, 3.82] Demand: [3.945]
Reward for thread 4: [-28.48, -29.65, -32.15] -30.09  Inventory: [0.0, 0.0, 75.0]  Order: [9.94, 9.7, 9.82] Demand: [10.015]
Reward for thread 5: [-13.79, -20.89, -25.4] -20.03  Inventory: [17.0, 55.0, 60.0]  Order: [4.61, 4.65, 4.7] Demand: [4.725]

Eval average reward:  -40.89966666666667  Eval ordering fluctuation measurement (downstream to upstream):  [1.0375065381655646, 1.0611565669999767, 1.16558232261716]

 Algo happo Exp ippo_seed13_formal_v1 updates 195/3000 episodes, total num timesteps 196000/3000000, FPS 118.

Reward for thread 1: [-20.48, -25.16, -27.81] -24.48  Inventory: [2.0, 4.0, 24.0]  Order: [8.64, 8.53, 8.41] Demand: [8.745]
Reward for thread 2: [-13.13, -22.22, -25.81] -20.39  Inventory: [0.0, 39.0, 41.0]  Order: [3.41, 3.36, 3.32] Demand: [3.64]
Reward for thread 3: [-12.77, -20.1, -22.84] -18.57  Inventory: [10.0, 44.0, 47.0]  Order: [8.86, 8.9, 8.91] Demand: [8.895]
Reward for thread 4: [-20.15, -27.63, -28.18] -25.32  Inventory: [13.0, 48.0, 66.0]  Order: [8.85, 8.84, 8.92] Demand: [9.005]
Reward for thread 5: [-13.36, -20.97, -25.11] -19.81  Inventory: [2.0, 20.0, 21.0]  Order: [5.65, 5.61, 5.66] Demand: [5.85]

 Algo happo Exp ippo_seed13_formal_v1 updates 196/3000 episodes, total num timesteps 197000/3000000, FPS 118.

Reward for thread 1: [-201.87, -62.11, -62.59] -108.86  Inventory: [0.0, 0.0, 0.0]  Order: [14.21, 14.24, 14.3] Demand: [16.45]
Reward for thread 2: [-13.56, -22.97, -24.1] -20.21  Inventory: [10.0, 33.0, 38.0]  Order: [6.78, 6.72, 6.74] Demand: [6.93]
Reward for thread 3: [-17.91, -26.21, -28.04] -24.05  Inventory: [7.0, 23.0, 33.0]  Order: [7.38, 7.36, 7.36] Demand: [7.47]
Reward for thread 4: [-15.63, -22.21, -26.03] -21.29  Inventory: [6.0, 37.0, 24.0]  Order: [6.22, 6.16, 6.07] Demand: [6.425]
Reward for thread 5: [-17.24, -26.49, -29.78] -24.5  Inventory: [0.0, 25.0, 34.0]  Order: [4.61, 4.54, 4.46] Demand: [4.835]

 Algo happo Exp ippo_seed13_formal_v1 updates 197/3000 episodes, total num timesteps 198000/3000000, FPS 118.

Reward for thread 1: [-90.12, -36.03, -35.46] -53.87  Inventory: [27.0, 61.0, 85.0]  Order: [13.93, 13.98, 14.16] Demand: [13.985]
Reward for thread 2: [-17.43, -28.41, -31.32] -25.72  Inventory: [0.0, 12.0, 0.0]  Order: [5.6, 5.76, 5.76] Demand: [5.725]
Reward for thread 3: [-14.41, -22.46, -24.67] -20.51  Inventory: [2.0, 10.0, 31.0]  Order: [7.26, 7.16, 7.12] Demand: [7.345]
Reward for thread 4: [-14.61, -22.99, -30.41] -22.67  Inventory: [2.0, 36.0, 37.0]  Order: [3.71, 3.65, 3.6] Demand: [3.935]
Reward for thread 5: [-12.08, -18.48, -21.34] -17.3  Inventory: [0.0, 23.0, 34.0]  Order: [4.58, 4.46, 4.38] Demand: [4.82]

 Algo happo Exp ippo_seed13_formal_v1 updates 198/3000 episodes, total num timesteps 199000/3000000, FPS 118.

Reward for thread 1: [-15.76, -25.56, -28.4] -23.24  Inventory: [1.0, 20.0, 20.0]  Order: [2.89, 2.76, 2.61] Demand: [3.06]
Reward for thread 2: [-17.13, -27.88, -29.14] -24.72  Inventory: [4.0, 54.0, 57.0]  Order: [4.32, 4.34, 4.39] Demand: [4.46]
Reward for thread 3: [-16.69, -22.64, -21.26] -20.2  Inventory: [2.0, 13.0, 11.0]  Order: [10.99, 10.98, 10.9] Demand: [11.07]
Reward for thread 4: [-14.45, -23.47, -27.52] -21.81  Inventory: [13.0, 34.0, 40.0]  Order: [5.5, 5.42, 5.38] Demand: [5.65]
Reward for thread 5: [-16.97, -22.05, -24.21] -21.08  Inventory: [0.0, 11.0, 21.0]  Order: [7.75, 7.76, 7.88] Demand: [7.9]

 Algo happo Exp ippo_seed13_formal_v1 updates 199/3000 episodes, total num timesteps 200000/3000000, FPS 119.

Reward for thread 1: [-50.99, -35.81, -30.28] -39.03  Inventory: [0.0, 0.0, 0.0]  Order: [13.54, 13.61, 13.54] Demand: [13.665]
Reward for thread 2: [-18.16, -27.48, -31.92] -25.85  Inventory: [5.0, 10.0, 56.0]  Order: [6.69, 6.5, 6.54] Demand: [6.815]
Reward for thread 3: [-13.46, -21.17, -25.14] -19.92  Inventory: [3.0, 33.0, 44.0]  Order: [5.54, 5.51, 5.48] Demand: [5.7]
Reward for thread 4: [-26.38, -44.43, -42.09] -37.63  Inventory: [8.0, 40.0, 44.0]  Order: [5.23, 5.2, 5.18] Demand: [5.42]
Reward for thread 5: [-14.39, -21.56, -25.43] -20.46  Inventory: [0.0, 6.0, 8.0]  Order: [5.35, 5.22, 5.03] Demand: [5.44]

Eval average reward:  -38.98833333333333  Eval ordering fluctuation measurement (downstream to upstream):  [0.9667421779754755, 0.983692407755117, 1.2560104441459639]

 Algo happo Exp ippo_seed13_formal_v1 updates 200/3000 episodes, total num timesteps 201000/3000000, FPS 118.

Reward for thread 1: [-11.96, -19.77, -20.42] -17.38  Inventory: [6.0, 0.0, 0.0]  Order: [7.24, 7.36, 7.42] Demand: [7.28]
Reward for thread 2: [-15.44, -23.87, -27.24] -22.18  Inventory: [15.0, 30.0, 9.0]  Order: [3.86, 3.88, 3.86] Demand: [4.015]
Reward for thread 3: [-31.04, -19.37, -19.89] -23.43  Inventory: [1.0, 10.0, 6.0]  Order: [11.7, 11.7, 11.69] Demand: [11.755]
Reward for thread 4: [-13.87, -20.59, -23.16] -19.21  Inventory: [4.0, 18.0, 66.0]  Order: [6.02, 5.88, 5.96] Demand: [6.155]
Reward for thread 5: [-92.63, -35.77, -36.33] -54.91  Inventory: [0.0, 9.0, 31.0]  Order: [11.95, 11.94, 11.93] Demand: [14.56]

 Algo happo Exp ippo_seed13_formal_v1 updates 201/3000 episodes, total num timesteps 202000/3000000, FPS 118.

Reward for thread 1: [-18.7, -24.38, -28.0] -23.69  Inventory: [5.0, 0.0, 12.0]  Order: [8.32, 8.22, 8.06] Demand: [8.445]
Reward for thread 2: [-76.21, -33.9, -35.88] -48.66  Inventory: [0.0, 0.0, 0.0]  Order: [9.96, 9.97, 9.96] Demand: [12.09]
Reward for thread 3: [-15.78, -21.11, -24.16] -20.35  Inventory: [0.0, 0.0, 32.0]  Order: [7.28, 7.2, 7.12] Demand: [7.395]
Reward for thread 4: [-14.71, -21.95, -22.24] -19.63  Inventory: [0.0, 0.0, 0.0]  Order: [5.5, 5.44, 5.44] Demand: [5.405]
Reward for thread 5: [-14.89, -22.67, -25.96] -21.17  Inventory: [3.0, 26.0, 27.0]  Order: [4.31, 4.22, 4.18] Demand: [4.455]

 Algo happo Exp ippo_seed13_formal_v1 updates 202/3000 episodes, total num timesteps 203000/3000000, FPS 118.

Reward for thread 1: [-20.97, -24.3, -25.97] -23.75  Inventory: [0.0, 0.0, 0.0]  Order: [10.09, 10.06, 9.98] Demand: [9.96]
Reward for thread 2: [-15.29, -20.82, -19.3] -18.47  Inventory: [6.0, 40.0, 45.0]  Order: [10.42, 10.47, 10.53] Demand: [10.525]
Reward for thread 3: [-15.51, -27.31, -23.03] -21.95  Inventory: [13.0, 54.0, 34.0]  Order: [4.29, 4.36, 4.3] Demand: [4.475]
Reward for thread 4: [-19.82, -33.66, -29.26] -27.58  Inventory: [26.0, 52.0, 39.0]  Order: [3.56, 3.64, 3.65] Demand: [3.66]
Reward for thread 5: [-77.0, -32.28, -31.68] -46.99  Inventory: [8.0, 28.0, 22.0]  Order: [12.2, 12.13, 12.16] Demand: [12.32]

 Algo happo Exp ippo_seed13_formal_v1 updates 203/3000 episodes, total num timesteps 204000/3000000, FPS 118.

Reward for thread 1: [-36.64, -27.95, -26.45] -30.35  Inventory: [0.0, 2.0, 21.0]  Order: [10.38, 10.33, 10.43] Demand: [11.205]
Reward for thread 2: [-18.7, -31.56, -34.88] -28.38  Inventory: [0.0, 6.0, 0.0]  Order: [4.56, 4.58, 4.42] Demand: [4.745]
Reward for thread 3: [-14.43, -21.77, -25.4] -20.53  Inventory: [24.0, 0.0, 0.0]  Order: [6.92, 7.12, 7.08] Demand: [6.955]
Reward for thread 4: [-13.96, -19.77, -21.31] -18.35  Inventory: [7.0, 11.0, 7.0]  Order: [8.34, 8.48, 8.64] Demand: [8.35]
Reward for thread 5: [-13.92, -20.31, -19.26] -17.83  Inventory: [12.0, 35.0, 3.0]  Order: [10.1, 10.18, 10.13] Demand: [10.165]

 Algo happo Exp ippo_seed13_formal_v1 updates 204/3000 episodes, total num timesteps 205000/3000000, FPS 119.

Reward for thread 1: [-14.7, -20.58, -25.64] -20.31  Inventory: [6.0, 28.0, 45.0]  Order: [5.82, 5.79, 5.83] Demand: [5.93]
Reward for thread 2: [-79.72, -42.33, -40.3] -54.12  Inventory: [0.0, 0.0, 0.0]  Order: [11.25, 11.21, 11.22] Demand: [12.995]
Reward for thread 3: [-42.17, -31.46, -29.41] -34.35  Inventory: [0.0, 0.0, 0.0]  Order: [11.48, 11.42, 11.42] Demand: [12.505]
Reward for thread 4: [-20.39, -26.88, -24.98] -24.08  Inventory: [5.0, 47.0, 47.0]  Order: [1.91, 1.9, 1.94] Demand: [2.115]
Reward for thread 5: [-14.58, -22.07, -25.45] -20.7  Inventory: [0.0, 26.0, 8.0]  Order: [2.96, 2.85, 2.64] Demand: [3.11]

Eval average reward:  -42.537416666666665  Eval ordering fluctuation measurement (downstream to upstream):  [0.9998696767679555, 1.0207140297262784, 1.2401289098386807]

 Algo happo Exp ippo_seed13_formal_v1 updates 205/3000 episodes, total num timesteps 206000/3000000, FPS 118.

Reward for thread 1: [-20.53, -32.66, -33.08] -28.76  Inventory: [8.0, 53.0, 24.0]  Order: [2.44, 2.46, 2.34] Demand: [2.645]
Reward for thread 2: [-172.45, -59.49, -55.76] -95.9  Inventory: [0.0, 0.0, 0.0]  Order: [14.82, 14.86, 14.84] Demand: [15.99]
Reward for thread 3: [-48.84, -36.31, -33.62] -39.59  Inventory: [0.0, 0.0, 0.0]  Order: [11.26, 11.25, 11.27] Demand: [12.555]
Reward for thread 4: [-99.69, -43.43, -38.06] -60.39  Inventory: [0.0, 0.0, 0.0]  Order: [15.26, 15.48, 15.45] Demand: [15.28]
Reward for thread 5: [-19.6, -28.89, -32.71] -27.07  Inventory: [28.0, 76.0, 72.0]  Order: [6.92, 7.07, 7.22] Demand: [7.015]

 Algo happo Exp ippo_seed13_formal_v1 updates 206/3000 episodes, total num timesteps 207000/3000000, FPS 118.

Reward for thread 1: [-18.94, -33.88, -32.33] -28.38  Inventory: [0.0, 0.0, 0.0]  Order: [4.7, 4.68, 4.64] Demand: [4.785]
Reward for thread 2: [-15.1, -21.05, -19.97] -18.71  Inventory: [22.0, 26.0, 5.0]  Order: [1.84, 1.73, 1.63] Demand: [1.97]
Reward for thread 3: [-22.1, -32.52, -31.29] -28.64  Inventory: [10.0, 57.0, 63.0]  Order: [5.71, 5.76, 5.83] Demand: [5.845]
Reward for thread 4: [-90.62, -40.92, -35.94] -55.83  Inventory: [6.0, 11.0, 23.0]  Order: [14.46, 14.46, 14.41] Demand: [14.555]
Reward for thread 5: [-74.93, -37.74, -31.78] -48.15  Inventory: [0.0, 0.0, 0.0]  Order: [14.76, 14.86, 14.94] Demand: [14.965]

 Algo happo Exp ippo_seed13_formal_v1 updates 207/3000 episodes, total num timesteps 208000/3000000, FPS 118.

Reward for thread 1: [-15.94, -23.92, -30.95] -23.6  Inventory: [8.0, 35.0, 4.0]  Order: [3.61, 3.54, 3.38] Demand: [3.82]
Reward for thread 2: [-18.3, -29.12, -35.21] -27.54  Inventory: [9.0, 15.0, 15.0]  Order: [6.1, 6.02, 6.06] Demand: [6.215]
Reward for thread 3: [-17.45, -23.89, -27.38] -22.91  Inventory: [0.0, 0.0, 7.0]  Order: [7.47, 7.42, 7.42] Demand: [7.475]
Reward for thread 4: [-40.51, -29.58, -24.49] -31.53  Inventory: [0.0, 0.0, 0.0]  Order: [12.42, 12.34, 12.32] Demand: [12.715]
Reward for thread 5: [-45.89, -24.68, -24.66] -31.74  Inventory: [0.0, 0.0, 0.0]  Order: [13.36, 13.4, 13.41] Demand: [14.215]

 Algo happo Exp ippo_seed13_formal_v1 updates 208/3000 episodes, total num timesteps 209000/3000000, FPS 118.

Reward for thread 1: [-111.62, -50.37, -40.58] -67.52  Inventory: [0.0, 0.0, 0.0]  Order: [14.89, 14.84, 14.85] Demand: [15.665]
Reward for thread 2: [-99.63, -42.97, -36.66] -59.75  Inventory: [0.0, 0.0, 6.0]  Order: [14.64, 14.64, 14.66] Demand: [16.455]
Reward for thread 3: [-15.39, -23.56, -24.34] -21.1  Inventory: [29.0, 22.0, 35.0]  Order: [3.04, 2.92, 2.85] Demand: [3.115]
Reward for thread 4: [-21.81, -29.79, -30.45] -27.35  Inventory: [62.0, 31.0, 26.0]  Order: [2.53, 2.5, 2.38] Demand: [2.425]
Reward for thread 5: [-24.41, -29.39, -28.73] -27.51  Inventory: [7.0, 26.0, 37.0]  Order: [8.66, 8.72, 8.74] Demand: [8.775]

 Algo happo Exp ippo_seed13_formal_v1 updates 209/3000 episodes, total num timesteps 210000/3000000, FPS 119.

Reward for thread 1: [-24.94, -26.4, -30.96] -27.43  Inventory: [0.0, 0.0, 0.0]  Order: [7.36, 7.44, 7.51] Demand: [7.705]
Reward for thread 2: [-20.54, -27.67, -31.35] -26.52  Inventory: [0.0, 27.0, 70.0]  Order: [3.84, 3.8, 3.9] Demand: [3.9]
Reward for thread 3: [-13.16, -19.53, -23.44] -18.71  Inventory: [17.0, 19.0, 0.0]  Order: [6.22, 6.28, 6.3] Demand: [6.335]
Reward for thread 4: [-139.84, -65.46, -53.98] -86.43  Inventory: [0.0, 0.0, 0.0]  Order: [15.38, 15.38, 15.35] Demand: [16.965]
Reward for thread 5: [-16.95, -30.93, -30.47] -26.12  Inventory: [10.0, 35.0, 54.0]  Order: [2.11, 2.07, 2.09] Demand: [2.305]

Eval average reward:  -44.66983333333334  Eval ordering fluctuation measurement (downstream to upstream):  [0.9531225594020029, 1.0049524744632028, 1.1634323012925694]

 Algo happo Exp ippo_seed13_formal_v1 updates 210/3000 episodes, total num timesteps 211000/3000000, FPS 118.

Reward for thread 1: [-17.77, -23.91, -24.49] -22.06  Inventory: [64.0, 49.0, 66.0]  Order: [9.02, 9.04, 9.22] Demand: [8.855]
Reward for thread 2: [-46.68, -31.46, -27.57] -35.24  Inventory: [0.0, 0.0, 10.0]  Order: [11.47, 11.47, 11.34] Demand: [11.545]
Reward for thread 3: [-26.56, -28.47, -26.76] -27.26  Inventory: [0.0, 0.0, 0.0]  Order: [12.33, 12.3, 12.33] Demand: [12.675]
Reward for thread 4: [-13.85, -23.4, -26.19] -21.15  Inventory: [23.0, 39.0, 19.0]  Order: [1.94, 1.9, 1.75] Demand: [2.05]
Reward for thread 5: [-17.89, -28.61, -33.9] -26.8  Inventory: [8.0, 3.0, 14.0]  Order: [5.2, 5.14, 5.0] Demand: [5.33]

 Algo happo Exp ippo_seed13_formal_v1 updates 211/3000 episodes, total num timesteps 212000/3000000, FPS 118.

Reward for thread 1: [-25.64, -24.86, -27.07] -25.86  Inventory: [0.0, 0.0, 0.0]  Order: [9.06, 9.07, 9.15] Demand: [9.305]
Reward for thread 2: [-14.95, -25.31, -26.56] -22.27  Inventory: [0.0, 21.0, 36.0]  Order: [1.87, 1.74, 1.68] Demand: [2.035]
Reward for thread 3: [-15.51, -23.08, -25.8] -21.46  Inventory: [17.0, 19.0, 36.0]  Order: [5.15, 5.04, 4.97] Demand: [5.315]
Reward for thread 4: [-18.68, -26.44, -31.85] -25.66  Inventory: [14.0, 25.0, 25.0]  Order: [4.27, 4.16, 4.04] Demand: [4.45]
Reward for thread 5: [-21.95, -30.46, -34.06] -28.82  Inventory: [2.0, 0.0, 45.0]  Order: [7.53, 7.37, 7.38] Demand: [7.635]

 Algo happo Exp ippo_seed13_formal_v1 updates 212/3000 episodes, total num timesteps 213000/3000000, FPS 118.

Reward for thread 1: [-28.29, -30.82, -27.18] -28.76  Inventory: [10.0, 18.0, 10.0]  Order: [10.48, 10.34, 10.16] Demand: [10.62]
Reward for thread 2: [-16.08, -23.13, -28.26] -22.49  Inventory: [5.0, 10.0, 0.0]  Order: [7.23, 7.26, 7.02] Demand: [7.325]
Reward for thread 3: [-53.11, -37.65, -33.95] -41.57  Inventory: [0.0, 0.0, 0.0]  Order: [13.34, 13.35, 13.39] Demand: [14.085]
Reward for thread 4: [-84.36, -41.97, -34.16] -53.5  Inventory: [24.0, 46.0, 50.0]  Order: [14.32, 14.44, 14.56] Demand: [14.355]
Reward for thread 5: [-39.28, -33.05, -34.64] -35.66  Inventory: [0.0, 0.0, 9.0]  Order: [9.85, 9.78, 9.78] Demand: [10.135]

 Algo happo Exp ippo_seed13_formal_v1 updates 213/3000 episodes, total num timesteps 214000/3000000, FPS 118.

Reward for thread 1: [-12.41, -19.74, -23.25] -18.47  Inventory: [2.0, 5.0, 0.0]  Order: [4.01, 3.96, 3.7] Demand: [4.14]
Reward for thread 2: [-34.89, -29.69, -30.54] -31.71  Inventory: [5.0, 18.0, 25.0]  Order: [11.52, 11.59, 11.5] Demand: [11.575]
Reward for thread 3: [-20.38, -31.36, -25.8] -25.85  Inventory: [53.0, 41.0, 24.0]  Order: [2.95, 2.94, 2.84] Demand: [2.895]
Reward for thread 4: [-16.74, -22.21, -30.37] -23.11  Inventory: [35.0, 20.0, 46.0]  Order: [2.33, 2.23, 2.22] Demand: [2.39]
Reward for thread 5: [-26.69, -30.69, -27.27] -28.22  Inventory: [3.0, 10.0, 0.0]  Order: [7.86, 7.78, 7.54] Demand: [8.025]

 Algo happo Exp ippo_seed13_formal_v1 updates 214/3000 episodes, total num timesteps 215000/3000000, FPS 119.

Reward for thread 1: [-15.43, -23.56, -28.23] -22.41  Inventory: [27.0, 35.0, 43.0]  Order: [1.8, 1.72, 1.7] Demand: [1.905]
Reward for thread 2: [-14.81, -23.08, -26.63] -21.51  Inventory: [9.0, 6.0, 13.0]  Order: [8.25, 8.34, 8.48] Demand: [8.085]
Reward for thread 3: [-19.3, -23.23, -23.53] -22.02  Inventory: [6.0, 42.0, 53.0]  Order: [10.83, 10.8, 10.84] Demand: [10.995]
Reward for thread 4: [-16.81, -24.36, -36.04] -25.74  Inventory: [13.0, 29.0, 44.0]  Order: [3.44, 3.34, 3.32] Demand: [3.625]
Reward for thread 5: [-18.94, -28.15, -38.69] -28.59  Inventory: [10.0, 27.0, 93.0]  Order: [5.09, 4.98, 5.2] Demand: [5.27]

Eval average reward:  -40.82525  Eval ordering fluctuation measurement (downstream to upstream):  [1.0121094124771655, 1.0455620748200807, 1.2038070766622369]

 Algo happo Exp ippo_seed13_formal_v1 updates 215/3000 episodes, total num timesteps 216000/3000000, FPS 118.

Reward for thread 1: [-13.58, -19.19, -24.94] -19.24  Inventory: [0.0, 0.0, 0.0]  Order: [8.3, 8.17, 8.08] Demand: [8.]
Reward for thread 2: [-17.36, -24.42, -29.12] -23.63  Inventory: [8.0, 36.0, 20.0]  Order: [8.03, 8.1, 8.02] Demand: [8.07]
Reward for thread 3: [-24.22, -33.38, -57.58] -38.39  Inventory: [9.0, 33.0, 119.0]  Order: [1.9, 1.83, 2.17] Demand: [2.1]
Reward for thread 4: [-18.12, -27.3, -31.5] -25.64  Inventory: [10.0, 8.0, 49.0]  Order: [4.69, 4.58, 4.6] Demand: [4.855]
Reward for thread 5: [-42.55, -35.09, -45.49] -41.04  Inventory: [231.0, 0.0, 0.0]  Order: [5.13, 5.11, 5.04] Demand: [3.965]

 Algo happo Exp ippo_seed13_formal_v1 updates 216/3000 episodes, total num timesteps 217000/3000000, FPS 118.

Reward for thread 1: [-13.53, -23.01, -26.32] -20.95  Inventory: [4.0, 40.0, 22.0]  Order: [3.04, 3.06, 2.92] Demand: [3.265]
Reward for thread 2: [-14.29, -22.02, -26.6] -20.97  Inventory: [2.0, 13.0, 44.0]  Order: [2.9, 2.72, 2.69] Demand: [3.06]
Reward for thread 3: [-15.79, -23.92, -29.01] -22.91  Inventory: [0.0, 26.0, 101.0]  Order: [7.08, 6.98, 7.32] Demand: [7.275]
Reward for thread 4: [-56.86, -46.66, -35.98] -46.5  Inventory: [0.0, 0.0, 0.0]  Order: [13.32, 13.1, 13.18] Demand: [13.545]
Reward for thread 5: [-84.4, -55.14, -39.69] -59.74  Inventory: [0.0, 0.0, 0.0]  Order: [14.56, 14.4, 14.45] Demand: [14.38]

 Algo happo Exp ippo_seed13_formal_v1 updates 217/3000 episodes, total num timesteps 218000/3000000, FPS 118.

Reward for thread 1: [-14.23, -20.96, -26.38] -20.52  Inventory: [0.0, 0.0, 0.0]  Order: [5.49, 5.69, 5.6] Demand: [5.545]
Reward for thread 2: [-21.47, -31.55, -39.13] -30.72  Inventory: [0.0, 12.0, 31.0]  Order: [6.27, 6.18, 6.13] Demand: [6.365]
Reward for thread 3: [-46.86, -33.87, -27.92] -36.22  Inventory: [0.0, 0.0, 0.0]  Order: [11.44, 11.24, 11.29] Demand: [12.36]
Reward for thread 4: [-17.77, -26.93, -27.81] -24.17  Inventory: [0.0, 5.0, 0.0]  Order: [8.97, 8.95, 8.9] Demand: [8.995]
Reward for thread 5: [-18.8, -29.19, -34.63] -27.54  Inventory: [0.0, 6.0, 5.0]  Order: [5.11, 5.08, 5.0] Demand: [5.295]

 Algo happo Exp ippo_seed13_formal_v1 updates 218/3000 episodes, total num timesteps 219000/3000000, FPS 118.

Reward for thread 1: [-14.61, -20.75, -22.75] -19.37  Inventory: [4.0, 0.0, 14.0]  Order: [7.28, 7.16, 7.08] Demand: [7.34]
Reward for thread 2: [-26.92, -31.08, -30.79] -29.6  Inventory: [0.0, 0.0, 0.0]  Order: [8.14, 7.96, 7.96] Demand: [8.52]
Reward for thread 3: [-37.58, -38.31, -32.18] -36.02  Inventory: [0.0, 0.0, 0.0]  Order: [11.7, 11.38, 11.48] Demand: [12.175]
Reward for thread 4: [-15.57, -24.04, -30.85] -23.49  Inventory: [14.0, 0.0, 0.0]  Order: [6.11, 6.37, 6.2] Demand: [6.1]
Reward for thread 5: [-51.27, -48.79, -30.72] -43.59  Inventory: [29.0, 11.0, 45.0]  Order: [13.08, 13.02, 12.99] Demand: [13.07]

 Algo happo Exp ippo_seed13_formal_v1 updates 219/3000 episodes, total num timesteps 220000/3000000, FPS 119.

Reward for thread 1: [-23.92, -27.18, -28.29] -26.46  Inventory: [14.0, 60.0, 84.0]  Order: [8.84, 8.91, 9.09] Demand: [8.99]
Reward for thread 2: [-56.33, -42.95, -31.02] -43.43  Inventory: [0.0, 0.0, 0.0]  Order: [13.1, 12.83, 12.87] Demand: [14.]
Reward for thread 3: [-16.39, -21.41, -22.26] -20.02  Inventory: [0.0, 0.0, 0.0]  Order: [10.03, 9.97, 9.91] Demand: [9.875]
Reward for thread 4: [-16.19, -22.28, -30.18] -22.88  Inventory: [0.0, 4.0, 6.0]  Order: [4.99, 4.81, 4.67] Demand: [5.095]
Reward for thread 5: [-24.38, -22.93, -19.82] -22.38  Inventory: [27.0, 40.0, 2.0]  Order: [12.64, 12.75, 12.82] Demand: [12.59]

Eval average reward:  -34.751333333333335  Eval ordering fluctuation measurement (downstream to upstream):  [0.8628719150275488, 1.0580564561150068, 1.2056957158310708]

 Algo happo Exp ippo_seed13_formal_v1 updates 220/3000 episodes, total num timesteps 221000/3000000, FPS 118.

Reward for thread 1: [-24.88, -32.28, -25.28] -27.48  Inventory: [0.0, 0.0, 0.0]  Order: [12.16, 12.0, 12.1] Demand: [12.37]
Reward for thread 2: [-37.97, -28.24, -27.73] -31.31  Inventory: [0.0, 0.0, 0.0]  Order: [12.43, 12.38, 12.4] Demand: [12.43]
Reward for thread 3: [-14.52, -22.45, -24.39] -20.45  Inventory: [7.0, 49.0, 35.0]  Order: [6.4, 6.42, 6.37] Demand: [6.6]
Reward for thread 4: [-22.09, -24.93, -26.52] -24.51  Inventory: [3.0, 32.0, 32.0]  Order: [7.94, 7.87, 7.78] Demand: [8.16]
Reward for thread 5: [-14.01, -21.84, -28.35] -21.4  Inventory: [6.0, 3.0, 0.0]  Order: [7.55, 7.59, 7.44] Demand: [7.64]

 Algo happo Exp ippo_seed13_formal_v1 updates 221/3000 episodes, total num timesteps 222000/3000000, FPS 118.

Reward for thread 1: [-27.64, -33.02, -30.24] -30.3  Inventory: [21.0, 68.0, 47.0]  Order: [8.67, 8.76, 8.75] Demand: [8.815]
Reward for thread 2: [-21.24, -42.16, -43.99] -35.8  Inventory: [0.0, 17.0, 21.0]  Order: [2.46, 2.38, 2.26] Demand: [2.665]
Reward for thread 3: [-21.15, -22.97, -22.01] -22.04  Inventory: [0.0, 0.0, 0.0]  Order: [10.14, 10.2, 10.28] Demand: [10.3]
Reward for thread 4: [-23.44, -35.73, -36.16] -31.78  Inventory: [6.0, 1.0, 22.0]  Order: [8.01, 8.02, 8.03] Demand: [8.095]
Reward for thread 5: [-14.87, -25.25, -30.62] -23.58  Inventory: [15.0, 26.0, 20.0]  Order: [3.92, 3.81, 3.66] Demand: [4.1]

 Algo happo Exp ippo_seed13_formal_v1 updates 222/3000 episodes, total num timesteps 223000/3000000, FPS 118.

Reward for thread 1: [-18.54, -28.56, -29.08] -25.39  Inventory: [0.0, 0.0, 0.0]  Order: [6.89, 7.01, 7.0] Demand: [6.83]
Reward for thread 2: [-54.02, -37.41, -30.29] -40.57  Inventory: [0.0, 0.0, 0.0]  Order: [13.56, 13.48, 13.46] Demand: [14.46]
Reward for thread 3: [-20.72, -31.67, -36.63] -29.67  Inventory: [1.0, 28.0, 10.0]  Order: [4.17, 4.12, 3.92] Demand: [4.39]
Reward for thread 4: [-50.49, -56.36, -38.38] -48.41  Inventory: [0.0, 0.0, 22.0]  Order: [13.12, 12.37, 12.44] Demand: [13.345]
Reward for thread 5: [-18.36, -22.5, -21.38] -20.75  Inventory: [0.0, 26.0, 24.0]  Order: [10.72, 10.7, 10.66] Demand: [10.88]

 Algo happo Exp ippo_seed13_formal_v1 updates 223/3000 episodes, total num timesteps 224000/3000000, FPS 118.

Reward for thread 1: [-15.27, -23.17, -23.91] -20.78  Inventory: [37.0, 0.0, 0.0]  Order: [8.36, 8.54, 8.64] Demand: [8.035]
Reward for thread 2: [-23.82, -32.46, -37.76] -31.35  Inventory: [0.0, 15.0, 11.0]  Order: [7.08, 7.08, 6.98] Demand: [7.205]
Reward for thread 3: [-111.24, -53.49, -50.15] -71.63  Inventory: [734.0, 0.0, 19.0]  Order: [9.48, 9.35, 9.4] Demand: [5.64]
Reward for thread 4: [-15.22, -25.56, -26.17] -22.32  Inventory: [4.0, 21.0, 0.0]  Order: [6.02, 5.98, 5.72] Demand: [6.165]
Reward for thread 5: [-16.38, -22.4, -27.32] -22.03  Inventory: [0.0, 0.0, 24.0]  Order: [6.75, 6.5, 6.4] Demand: [6.805]

 Algo happo Exp ippo_seed13_formal_v1 updates 224/3000 episodes, total num timesteps 225000/3000000, FPS 119.

Reward for thread 1: [-25.43, -25.07, -22.45] -24.32  Inventory: [0.0, 0.0, 0.0]  Order: [12.17, 12.19, 12.24] Demand: [12.42]
Reward for thread 2: [-29.41, -37.4, -40.04] -35.62  Inventory: [0.0, 0.0, 0.0]  Order: [9.94, 9.83, 9.85] Demand: [10.015]
Reward for thread 3: [-23.21, -35.54, -40.49] -33.08  Inventory: [46.0, 25.0, 14.0]  Order: [4.24, 4.16, 3.98] Demand: [4.24]
Reward for thread 4: [-22.49, -29.54, -30.94] -27.66  Inventory: [9.0, 42.0, 16.0]  Order: [8.51, 8.48, 8.32] Demand: [8.68]
Reward for thread 5: [-23.52, -31.78, -39.56] -31.62  Inventory: [5.0, 12.0, 21.0]  Order: [7.03, 6.92, 6.78] Demand: [7.19]

Eval average reward:  -31.291416666666663  Eval ordering fluctuation measurement (downstream to upstream):  [0.9165276426135657, 1.0362406011740206, 1.1933761929814524]
A better model is saved!

 Algo happo Exp ippo_seed13_formal_v1 updates 225/3000 episodes, total num timesteps 226000/3000000, FPS 118.

Reward for thread 1: [-20.34, -26.02, -23.19] -23.18  Inventory: [0.0, 0.0, 0.0]  Order: [10.81, 10.84, 10.9] Demand: [10.665]
Reward for thread 2: [-24.2, -40.4, -30.17] -31.59  Inventory: [23.0, 103.0, 20.0]  Order: [2.32, 2.63, 2.48] Demand: [2.45]
Reward for thread 3: [-16.58, -28.19, -27.1] -23.96  Inventory: [18.0, 60.0, 17.0]  Order: [3.73, 3.78, 3.62] Demand: [3.89]
Reward for thread 4: [-88.5, -53.7, -36.6] -59.6  Inventory: [0.0, 0.0, 0.0]  Order: [14.88, 14.5, 14.59] Demand: [14.315]
Reward for thread 5: [-15.03, -23.76, -31.73] -23.51  Inventory: [6.0, 18.0, 35.0]  Order: [5.92, 5.85, 5.78] Demand: [6.075]

 Algo happo Exp ippo_seed13_formal_v1 updates 226/3000 episodes, total num timesteps 227000/3000000, FPS 118.

Reward for thread 1: [-74.01, -52.46, -36.5] -54.32  Inventory: [8.0, 50.0, 48.0]  Order: [12.45, 12.46, 12.49] Demand: [12.605]
Reward for thread 2: [-19.96, -21.36, -20.17] -20.5  Inventory: [2.0, 31.0, 49.0]  Order: [10.59, 10.58, 10.57] Demand: [10.745]
Reward for thread 3: [-20.91, -39.15, -35.47] -31.84  Inventory: [5.0, 126.0, 54.0]  Order: [4.29, 4.68, 4.7] Demand: [4.49]
Reward for thread 4: [-22.87, -25.52, -24.79] -24.39  Inventory: [7.0, 48.0, 54.0]  Order: [9.3, 9.3, 9.41] Demand: [9.45]
Reward for thread 5: [-15.68, -24.02, -30.46] -23.39  Inventory: [0.0, 0.0, 0.0]  Order: [5.15, 5.16, 5.16] Demand: [5.155]

 Algo happo Exp ippo_seed13_formal_v1 updates 227/3000 episodes, total num timesteps 228000/3000000, FPS 118.

Reward for thread 1: [-16.09, -18.29, -19.28] -17.89  Inventory: [0.0, 22.0, 57.0]  Order: [9.09, 9.08, 9.14] Demand: [9.2]
Reward for thread 2: [-78.86, -42.3, -34.71] -51.96  Inventory: [0.0, 16.0, 61.0]  Order: [13.98, 13.89, 14.18] Demand: [15.875]
Reward for thread 3: [-10.44, -17.55, -18.38] -15.46  Inventory: [0.0, 15.0, 39.0]  Order: [4.5, 4.34, 4.36] Demand: [4.665]
Reward for thread 4: [-83.67, -43.09, -35.12] -53.96  Inventory: [0.0, 0.0, 0.0]  Order: [13.17, 13.05, 13.1] Demand: [14.94]
Reward for thread 5: [-17.31, -24.68, -29.6] -23.86  Inventory: [10.0, 36.0, 49.0]  Order: [7.26, 7.22, 7.23] Demand: [7.36]

 Algo happo Exp ippo_seed13_formal_v1 updates 228/3000 episodes, total num timesteps 229000/3000000, FPS 118.

Reward for thread 1: [-27.42, -25.17, -23.45] -25.35  Inventory: [0.0, 19.0, 11.0]  Order: [8.68, 8.64, 8.52] Demand: [8.84]
Reward for thread 2: [-11.88, -18.61, -20.94] -17.14  Inventory: [1.0, 3.0, 23.0]  Order: [3.51, 3.38, 3.28] Demand: [3.67]
Reward for thread 3: [-20.15, -27.35, -27.12] -24.87  Inventory: [4.0, 15.0, 46.0]  Order: [10.46, 10.36, 10.34] Demand: [10.555]
Reward for thread 4: [-12.58, -22.32, -24.6] -19.83  Inventory: [0.0, 17.0, 35.0]  Order: [2.51, 2.38, 2.3] Demand: [2.755]
Reward for thread 5: [-31.36, -26.8, -29.15] -29.1  Inventory: [0.0, 31.0, 59.0]  Order: [10.94, 10.9, 10.94] Demand: [11.135]

 Algo happo Exp ippo_seed13_formal_v1 updates 229/3000 episodes, total num timesteps 230000/3000000, FPS 118.

Reward for thread 1: [-66.95, -33.13, -30.45] -43.51  Inventory: [21.0, 38.0, 42.0]  Order: [11.7, 11.82, 12.0] Demand: [11.735]
Reward for thread 2: [-64.25, -34.98, -34.56] -44.6  Inventory: [0.0, 0.0, 0.0]  Order: [11.45, 11.6, 11.48] Demand: [11.505]
Reward for thread 3: [-14.44, -22.52, -26.57] -21.18  Inventory: [5.0, 14.0, 16.0]  Order: [6.64, 6.51, 6.38] Demand: [6.825]
Reward for thread 4: [-26.96, -24.49, -27.17] -26.21  Inventory: [7.0, 22.0, 69.0]  Order: [8.9, 8.76, 8.86] Demand: [9.095]
Reward for thread 5: [-18.46, -26.62, -28.78] -24.62  Inventory: [1.0, 17.0, 46.0]  Order: [7.22, 7.06, 7.04] Demand: [7.38]

Eval average reward:  -31.568666666666665  Eval ordering fluctuation measurement (downstream to upstream):  [0.9256160377658562, 1.0378326576150783, 1.1854500573651205]

 Algo happo Exp ippo_seed13_formal_v1 updates 230/3000 episodes, total num timesteps 231000/3000000, FPS 118.

Reward for thread 1: [-17.5, -24.02, -26.99] -22.84  Inventory: [0.0, 0.0, 0.0]  Order: [9.94, 10.13, 10.22] Demand: [9.91]
Reward for thread 2: [-18.97, -23.83, -28.3] -23.7  Inventory: [7.0, 29.0, 58.0]  Order: [7.07, 6.97, 7.02] Demand: [7.27]
Reward for thread 3: [-14.61, -22.0, -29.86] -22.16  Inventory: [0.0, 3.0, 0.0]  Order: [4.24, 4.15, 4.06] Demand: [4.465]
Reward for thread 4: [-16.76, -25.5, -30.54] -24.27  Inventory: [0.0, 10.0, 12.0]  Order: [6.99, 6.94, 6.75] Demand: [7.165]
Reward for thread 5: [-13.23, -19.61, -28.87] -20.57  Inventory: [0.0, 27.0, 58.0]  Order: [2.9, 2.8, 2.84] Demand: [3.15]

 Algo happo Exp ippo_seed13_formal_v1 updates 231/3000 episodes, total num timesteps 232000/3000000, FPS 118.

Reward for thread 1: [-27.93, -22.27, -17.33] -22.51  Inventory: [0.0, 10.0, 0.0]  Order: [14.38, 14.52, 14.6] Demand: [14.785]
Reward for thread 2: [-42.2, -28.09, -24.58] -31.62  Inventory: [0.0, 24.0, 44.0]  Order: [13.94, 13.94, 13.91] Demand: [14.025]
Reward for thread 3: [-21.53, -28.27, -29.63] -26.48  Inventory: [7.0, 17.0, 39.0]  Order: [9.06, 8.98, 8.92] Demand: [9.17]
Reward for thread 4: [-10.96, -18.7, -22.69] -17.45  Inventory: [0.0, 20.0, 50.0]  Order: [2.08, 1.96, 1.98] Demand: [2.31]
Reward for thread 5: [-18.37, -23.1, -21.21] -20.89  Inventory: [63.0, 16.0, 15.0]  Order: [2.3, 2.13, 2.08] Demand: [2.125]

 Algo happo Exp ippo_seed13_formal_v1 updates 232/3000 episodes, total num timesteps 233000/3000000, FPS 118.

Reward for thread 1: [-13.1, -21.15, -23.99] -19.41  Inventory: [10.0, 29.0, 14.0]  Order: [4.24, 4.13, 3.96] Demand: [4.415]
Reward for thread 2: [-19.13, -27.78, -33.23] -26.71  Inventory: [4.0, 21.0, 12.0]  Order: [5.38, 5.26, 5.08] Demand: [5.6]
Reward for thread 3: [-127.49, -50.16, -46.02] -74.56  Inventory: [0.0, 0.0, 0.0]  Order: [13.48, 13.46, 13.49] Demand: [15.655]
Reward for thread 4: [-44.31, -26.68, -24.89] -31.96  Inventory: [5.0, 12.0, 0.0]  Order: [12.53, 12.78, 12.78] Demand: [12.595]
Reward for thread 5: [-33.43, -36.69, -33.18] -34.43  Inventory: [0.0, 0.0, 0.0]  Order: [10.16, 10.12, 10.12] Demand: [10.495]

 Algo happo Exp ippo_seed13_formal_v1 updates 233/3000 episodes, total num timesteps 234000/3000000, FPS 118.

Reward for thread 1: [-23.49, -21.12, -21.2] -21.94  Inventory: [0.0, 0.0, 0.0]  Order: [10.7, 10.5, 10.56] Demand: [10.58]
Reward for thread 2: [-23.02, -26.49, -28.96] -26.16  Inventory: [0.0, 12.0, 31.0]  Order: [8.74, 8.64, 8.57] Demand: [8.895]
Reward for thread 3: [-11.47, -18.21, -21.06] -16.91  Inventory: [3.0, 0.0, 29.0]  Order: [6.88, 6.84, 6.84] Demand: [6.925]
Reward for thread 4: [-20.14, -28.11, -31.34] -26.53  Inventory: [15.0, 63.0, 108.0]  Order: [6.52, 6.6, 6.89] Demand: [6.69]
Reward for thread 5: [-17.14, -24.4, -25.6] -22.38  Inventory: [0.0, 0.0, 20.0]  Order: [8.46, 8.36, 8.27] Demand: [8.56]

 Algo happo Exp ippo_seed13_formal_v1 updates 234/3000 episodes, total num timesteps 235000/3000000, FPS 118.

Reward for thread 1: [-12.9, -21.47, -23.49] -19.29  Inventory: [0.0, 0.0, 0.0]  Order: [7.63, 7.66, 7.68] Demand: [7.47]
Reward for thread 2: [-23.59, -24.69, -25.36] -24.55  Inventory: [2.0, 38.0, 25.0]  Order: [11.25, 11.33, 11.46] Demand: [11.315]
Reward for thread 3: [-17.63, -30.2, -32.49] -26.77  Inventory: [0.0, 43.0, 16.0]  Order: [3.78, 3.76, 3.6] Demand: [3.995]
Reward for thread 4: [-14.35, -28.25, -26.94] -23.18  Inventory: [3.0, 13.0, 32.0]  Order: [2.32, 2.26, 2.17] Demand: [2.445]
Reward for thread 5: [-56.78, -28.91, -29.87] -38.52  Inventory: [0.0, 0.0, 0.0]  Order: [11.22, 11.1, 11.12] Demand: [12.595]

Eval average reward:  -29.245833333333337  Eval ordering fluctuation measurement (downstream to upstream):  [0.9984512186720671, 1.0663811014449607, 1.2158740354283102]
A better model is saved!

 Algo happo Exp ippo_seed13_formal_v1 updates 235/3000 episodes, total num timesteps 236000/3000000, FPS 118.

Reward for thread 1: [-19.13, -22.08, -25.01] -22.07  Inventory: [0.0, 0.0, 0.0]  Order: [10.25, 10.31, 10.22] Demand: [10.28]
Reward for thread 2: [-70.98, -33.12, -30.31] -44.8  Inventory: [0.0, 13.0, 25.0]  Order: [14.28, 14.3, 14.21] Demand: [14.375]
Reward for thread 3: [-15.14, -22.38, -28.67] -22.06  Inventory: [6.0, 33.0, 15.0]  Order: [5.0, 4.92, 4.75] Demand: [5.21]
Reward for thread 4: [-20.54, -27.43, -29.1] -25.69  Inventory: [0.0, 7.0, 0.0]  Order: [8.88, 8.87, 8.72] Demand: [8.95]
Reward for thread 5: [-102.12, -44.41, -37.01] -61.18  Inventory: [0.0, 0.0, 0.0]  Order: [15.6, 15.66, 15.72] Demand: [17.095]

 Algo happo Exp ippo_seed13_formal_v1 updates 236/3000 episodes, total num timesteps 237000/3000000, FPS 118.

Reward for thread 1: [-12.16, -18.8, -24.03] -18.33  Inventory: [3.0, 19.0, 55.0]  Order: [5.6, 5.59, 5.66] Demand: [5.78]
Reward for thread 2: [-39.99, -28.68, -25.66] -31.44  Inventory: [34.0, 25.0, 73.0]  Order: [12.62, 12.51, 12.72] Demand: [12.615]
Reward for thread 3: [-24.89, -22.95, -20.79] -22.88  Inventory: [0.0, 0.0, 0.0]  Order: [12.94, 12.92, 12.89] Demand: [12.92]
Reward for thread 4: [-13.36, -19.8, -25.39] -19.52  Inventory: [5.0, 29.0, 28.0]  Order: [4.94, 4.84, 4.73] Demand: [5.14]
Reward for thread 5: [-18.42, -29.5, -37.32] -28.41  Inventory: [2.0, 4.0, 8.0]  Order: [5.23, 5.03, 4.88] Demand: [5.35]

 Algo happo Exp ippo_seed13_formal_v1 updates 237/3000 episodes, total num timesteps 238000/3000000, FPS 118.

Reward for thread 1: [-38.42, -31.99, -28.58] -33.0  Inventory: [0.0, 0.0, 11.0]  Order: [12.17, 12.09, 12.1] Demand: [12.415]
Reward for thread 2: [-18.87, -25.6, -23.91] -22.79  Inventory: [0.0, 0.0, 0.0]  Order: [10.4, 10.27, 10.27] Demand: [10.27]
Reward for thread 3: [-16.79, -21.12, -23.44] -20.45  Inventory: [0.0, 0.0, 8.0]  Order: [8.74, 8.65, 8.66] Demand: [8.845]
Reward for thread 4: [-19.81, -28.17, -29.91] -25.96  Inventory: [0.0, 0.0, 0.0]  Order: [7.62, 7.41, 7.41] Demand: [7.44]
Reward for thread 5: [-27.77, -36.7, -25.73] -30.07  Inventory: [0.0, 0.0, 0.0]  Order: [12.62, 12.38, 12.33] Demand: [12.41]

 Algo happo Exp ippo_seed13_formal_v1 updates 238/3000 episodes, total num timesteps 239000/3000000, FPS 118.

Reward for thread 1: [-47.51, -35.76, -33.85] -39.04  Inventory: [0.0, 0.0, 0.0]  Order: [10.26, 10.08, 10.13] Demand: [11.24]
Reward for thread 2: [-10.26, -16.12, -19.97] -15.45  Inventory: [8.0, 22.0, 54.0]  Order: [2.32, 2.18, 2.2] Demand: [2.51]
Reward for thread 3: [-19.24, -25.18, -26.7] -23.71  Inventory: [0.0, 0.0, 0.0]  Order: [10.3, 10.29, 10.3] Demand: [10.335]
Reward for thread 4: [-18.88, -25.13, -26.77] -23.59  Inventory: [8.0, 12.0, 8.0]  Order: [9.54, 9.5, 9.48] Demand: [9.685]
Reward for thread 5: [-15.16, -21.33, -28.51] -21.67  Inventory: [0.0, 7.0, 63.0]  Order: [4.3, 4.1, 4.19] Demand: [4.515]

 Algo happo Exp ippo_seed13_formal_v1 updates 239/3000 episodes, total num timesteps 240000/3000000, FPS 118.

Reward for thread 1: [-13.2, -19.37, -23.67] -18.75  Inventory: [3.0, 30.0, 35.0]  Order: [4.42, 4.34, 4.27] Demand: [4.64]
Reward for thread 2: [-14.52, -20.03, -23.85] -19.47  Inventory: [3.0, 21.0, 34.0]  Order: [7.99, 7.85, 7.77] Demand: [8.205]
Reward for thread 3: [-93.93, -41.86, -33.81] -56.53  Inventory: [0.0, 0.0, 0.0]  Order: [15.44, 15.37, 15.41] Demand: [15.62]
Reward for thread 4: [-15.92, -23.95, -26.96] -22.28  Inventory: [4.0, 23.0, 22.0]  Order: [5.08, 5.08, 4.95] Demand: [5.27]
Reward for thread 5: [-16.36, -21.14, -21.92] -19.81  Inventory: [0.0, 0.0, 10.0]  Order: [9.2, 9.08, 8.96] Demand: [9.26]

Eval average reward:  -33.54358333333333  Eval ordering fluctuation measurement (downstream to upstream):  [0.9560167794186659, 1.0663711324049836, 1.2402240266251265]

 Algo happo Exp ippo_seed13_formal_v1 updates 240/3000 episodes, total num timesteps 241000/3000000, FPS 118.

Reward for thread 1: [-14.61, -21.1, -28.68] -21.46  Inventory: [4.0, 15.0, 44.0]  Order: [6.22, 6.05, 6.05] Demand: [6.42]
Reward for thread 2: [-25.17, -24.7, -25.27] -25.05  Inventory: [8.0, 20.0, 42.0]  Order: [10.96, 10.83, 10.79] Demand: [11.11]
Reward for thread 3: [-17.47, -20.31, -27.25] -21.68  Inventory: [51.0, 19.0, 21.0]  Order: [2.12, 1.98, 1.86] Demand: [2.095]
Reward for thread 4: [-18.27, -25.47, -30.25] -24.66  Inventory: [7.0, 29.0, 66.0]  Order: [7.57, 7.51, 7.6] Demand: [7.775]
Reward for thread 5: [-18.77, -24.05, -24.68] -22.5  Inventory: [11.0, 1.0, 8.0]  Order: [9.15, 9.02, 8.88] Demand: [9.345]

 Algo happo Exp ippo_seed13_formal_v1 updates 241/3000 episodes, total num timesteps 242000/3000000, FPS 118.

Reward for thread 1: [-19.83, -26.5, -34.15] -26.83  Inventory: [9.0, 18.0, 25.0]  Order: [6.9, 6.8, 6.67] Demand: [7.065]
Reward for thread 2: [-17.27, -26.57, -31.65] -25.16  Inventory: [7.0, 6.0, 57.0]  Order: [5.88, 5.7, 5.76] Demand: [6.045]
Reward for thread 3: [-16.81, -23.68, -27.47] -22.65  Inventory: [13.0, 26.0, 43.0]  Order: [8.2, 8.25, 8.36] Demand: [8.265]
Reward for thread 4: [-57.74, -30.83, -29.15] -39.24  Inventory: [0.0, 0.0, 3.0]  Order: [12.92, 12.99, 13.12] Demand: [14.085]
Reward for thread 5: [-11.88, -19.56, -23.45] -18.3  Inventory: [0.0, 21.0, 37.0]  Order: [5.39, 5.28, 5.37] Demand: [5.505]

 Algo happo Exp ippo_seed13_formal_v1 updates 242/3000 episodes, total num timesteps 243000/3000000, FPS 118.

Reward for thread 1: [-68.3, -43.61, -33.47] -48.46  Inventory: [8.0, 33.0, 84.0]  Order: [13.78, 13.72, 13.89] Demand: [13.95]
Reward for thread 2: [-12.14, -17.25, -22.1] -17.16  Inventory: [12.0, 33.0, 45.0]  Order: [4.68, 4.6, 4.58] Demand: [4.86]
Reward for thread 3: [-20.44, -21.61, -19.1] -20.38  Inventory: [2.0, 31.0, 17.0]  Order: [11.73, 11.84, 11.84] Demand: [11.85]
Reward for thread 4: [-13.54, -21.14, -20.37] -18.35  Inventory: [0.0, 6.0, 0.0]  Order: [10.07, 10.05, 9.97] Demand: [10.185]
Reward for thread 5: [-40.24, -27.95, -24.92] -31.04  Inventory: [0.0, 0.0, 0.0]  Order: [14.24, 14.22, 14.24] Demand: [14.725]

 Algo happo Exp ippo_seed13_formal_v1 updates 243/3000 episodes, total num timesteps 244000/3000000, FPS 118.

Reward for thread 1: [-84.08, -42.01, -34.9] -53.66  Inventory: [49.0, 60.0, 56.0]  Order: [14.8, 14.88, 15.03] Demand: [14.77]
Reward for thread 2: [-18.21, -28.55, -29.9] -25.55  Inventory: [26.0, 106.0, 61.0]  Order: [4.34, 4.62, 4.68] Demand: [4.405]
Reward for thread 3: [-16.36, -24.78, -32.09] -24.41  Inventory: [0.0, 3.0, 24.0]  Order: [5.8, 5.72, 5.58] Demand: [5.925]
Reward for thread 4: [-13.95, -22.0, -27.38] -21.11  Inventory: [1.0, 16.0, 50.0]  Order: [4.66, 4.51, 4.51] Demand: [4.865]
Reward for thread 5: [-18.39, -26.08, -27.42] -23.96  Inventory: [7.0, 6.0, 42.0]  Order: [9.18, 9.07, 9.06] Demand: [9.26]

 Algo happo Exp ippo_seed13_formal_v1 updates 244/3000 episodes, total num timesteps 245000/3000000, FPS 118.

Reward for thread 1: [-25.33, -29.33, -33.7] -29.45  Inventory: [6.0, 39.0, 52.0]  Order: [6.74, 6.82, 6.84] Demand: [6.81]
Reward for thread 2: [-184.42, -193.05, -89.74] -155.74  Inventory: [0.0, 0.0, 6.0]  Order: [12.42, 8.07, 7.96] Demand: [11.475]
Reward for thread 3: [-18.66, -27.21, -30.42] -25.43  Inventory: [2.0, 14.0, 36.0]  Order: [4.9, 4.74, 4.66] Demand: [5.11]
Reward for thread 4: [-44.76, -31.59, -28.02] -34.79  Inventory: [8.0, 27.0, 8.0]  Order: [10.32, 10.26, 10.26] Demand: [10.49]
Reward for thread 5: [-16.69, -25.72, -27.74] -23.38  Inventory: [6.0, 13.0, 23.0]  Order: [7.53, 7.39, 7.26] Demand: [7.685]

Eval average reward:  -95.39391666666666  Eval ordering fluctuation measurement (downstream to upstream):  [0.9570117318391684, 1.227897885964649, 1.3783125818672795]

 Algo happo Exp ippo_seed13_formal_v1 updates 245/3000 episodes, total num timesteps 246000/3000000, FPS 118.

Reward for thread 1: [-15.11, -22.01, -27.02] -21.38  Inventory: [0.0, 0.0, 19.0]  Order: [7.14, 7.06, 7.06] Demand: [7.23]
Reward for thread 2: [-22.15, -26.46, -33.02] -27.21  Inventory: [7.0, 13.0, 16.0]  Order: [4.22, 4.06, 3.93] Demand: [4.405]
Reward for thread 3: [-66.19, -43.62, -29.93] -46.58  Inventory: [0.0, 0.0, 2.0]  Order: [15.08, 14.96, 15.01] Demand: [15.175]
Reward for thread 4: [-21.29, -27.53, -32.3] -27.04  Inventory: [0.0, 7.0, 48.0]  Order: [5.64, 5.42, 5.42] Demand: [5.845]
Reward for thread 5: [-18.15, -23.99, -28.38] -23.51  Inventory: [4.0, 45.0, 57.0]  Order: [5.98, 5.96, 6.0] Demand: [6.145]

 Algo happo Exp ippo_seed13_formal_v1 updates 246/3000 episodes, total num timesteps 247000/3000000, FPS 118.

Reward for thread 1: [-14.94, -19.82, -22.53] -19.1  Inventory: [8.0, 24.0, 33.0]  Order: [6.8, 6.68, 6.73] Demand: [6.97]
Reward for thread 2: [-12.22, -17.03, -21.96] -17.07  Inventory: [0.0, 0.0, 0.0]  Order: [6.12, 6.0, 6.03] Demand: [6.085]
Reward for thread 3: [-20.43, -27.34, -24.03] -23.93  Inventory: [0.0, 9.0, 39.0]  Order: [10.56, 10.42, 10.36] Demand: [10.665]
Reward for thread 4: [-15.12, -21.3, -27.8] -21.41  Inventory: [13.0, 23.0, 50.0]  Order: [4.72, 4.59, 4.59] Demand: [4.91]
Reward for thread 5: [-19.6, -19.83, -18.71] -19.38  Inventory: [4.0, 25.0, 11.0]  Order: [11.18, 11.22, 11.05] Demand: [11.235]

 Algo happo Exp ippo_seed13_formal_v1 updates 247/3000 episodes, total num timesteps 248000/3000000, FPS 118.

Reward for thread 1: [-28.11, -27.66, -26.44] -27.4  Inventory: [0.0, 0.0, 20.0]  Order: [10.62, 10.62, 10.71] Demand: [11.18]
Reward for thread 2: [-22.16, -25.02, -24.86] -24.01  Inventory: [7.0, 28.0, 28.0]  Order: [7.44, 7.34, 7.22] Demand: [7.66]
Reward for thread 3: [-14.4, -23.0, -26.48] -21.29  Inventory: [5.0, 20.0, 38.0]  Order: [5.86, 5.72, 5.66] Demand: [6.065]
Reward for thread 4: [-41.35, -31.6, -25.56] -32.84  Inventory: [0.0, 0.0, 0.0]  Order: [13.56, 13.54, 13.6] Demand: [13.805]
Reward for thread 5: [-12.68, -21.45, -23.65] -19.26  Inventory: [0.0, 3.0, 46.0]  Order: [4.2, 3.98, 3.98] Demand: [4.42]

 Algo happo Exp ippo_seed13_formal_v1 updates 248/3000 episodes, total num timesteps 249000/3000000, FPS 118.

Reward for thread 1: [-12.63, -19.39, -22.39] -18.14  Inventory: [0.0, 19.0, 40.0]  Order: [4.96, 4.82, 4.78] Demand: [5.175]
Reward for thread 2: [-21.28, -27.56, -31.4] -26.75  Inventory: [0.0, 9.0, 26.0]  Order: [7.5, 7.38, 7.34] Demand: [7.575]
Reward for thread 3: [-54.1, -50.28, -37.26] -47.21  Inventory: [71.0, 20.0, 50.0]  Order: [11.22, 11.08, 11.12] Demand: [11.085]
Reward for thread 4: [-18.61, -26.28, -28.76] -24.55  Inventory: [1.0, 14.0, 2.0]  Order: [8.57, 8.54, 8.51] Demand: [8.635]
Reward for thread 5: [-14.42, -18.42, -30.4] -21.08  Inventory: [3.0, 26.0, 35.0]  Order: [2.48, 2.37, 2.29] Demand: [2.67]

 Algo happo Exp ippo_seed13_formal_v1 updates 249/3000 episodes, total num timesteps 250000/3000000, FPS 118.

Reward for thread 1: [-12.4, -19.11, -22.53] -18.01  Inventory: [0.0, 0.0, 0.0]  Order: [5.14, 5.18, 5.2] Demand: [5.235]
Reward for thread 2: [-16.07, -24.32, -24.98] -21.79  Inventory: [0.0, 16.0, 67.0]  Order: [8.32, 8.2, 8.3] Demand: [8.46]
Reward for thread 3: [-16.4, -25.57, -30.14] -24.04  Inventory: [5.0, 40.0, 39.0]  Order: [5.81, 5.78, 5.74] Demand: [6.025]
Reward for thread 4: [-70.38, -36.21, -28.82] -45.14  Inventory: [0.0, 0.0, 0.0]  Order: [14.3, 14.32, 14.42] Demand: [15.33]
Reward for thread 5: [-20.94, -30.3, -38.1] -29.78  Inventory: [7.0, 48.0, 86.0]  Order: [4.36, 4.36, 4.61] Demand: [4.525]

Eval average reward:  -36.711333333333336  Eval ordering fluctuation measurement (downstream to upstream):  [0.96708290738252, 1.0761600650901098, 1.1929394428508284]

 Algo happo Exp ippo_seed13_formal_v1 updates 250/3000 episodes, total num timesteps 251000/3000000, FPS 118.

Reward for thread 1: [-31.42, -30.66, -33.17] -31.75  Inventory: [0.0, 0.0, 17.0]  Order: [8.93, 8.79, 8.67] Demand: [9.015]
Reward for thread 2: [-19.67, -30.12, -32.09] -27.29  Inventory: [1.0, 30.0, 50.0]  Order: [7.36, 7.3, 7.3] Demand: [7.49]
Reward for thread 3: [-30.88, -29.0, -29.72] -29.87  Inventory: [110.0, 29.0, 0.0]  Order: [9.4, 9.39, 9.35] Demand: [9.095]
Reward for thread 4: [-50.39, -29.49, -27.19] -35.69  Inventory: [0.0, 0.0, 0.0]  Order: [12.16, 12.15, 12.23] Demand: [13.57]
Reward for thread 5: [-19.1, -26.56, -31.94] -25.87  Inventory: [0.0, 14.0, 29.0]  Order: [5.56, 5.38, 5.27] Demand: [5.72]

 Algo happo Exp ippo_seed13_formal_v1 updates 251/3000 episodes, total num timesteps 252000/3000000, FPS 118.

Reward for thread 1: [-16.47, -31.97, -34.88] -27.77  Inventory: [8.0, 26.0, 57.0]  Order: [2.02, 1.92, 1.96] Demand: [2.235]
Reward for thread 2: [-17.46, -25.68, -31.93] -25.02  Inventory: [5.0, 13.0, 39.0]  Order: [5.78, 5.6, 5.57] Demand: [5.945]
Reward for thread 3: [-29.32, -41.8, -30.5] -33.87  Inventory: [0.0, 0.0, 28.0]  Order: [11.66, 10.79, 10.86] Demand: [11.485]
Reward for thread 4: [-23.51, -21.07, -18.39] -20.99  Inventory: [65.0, 76.0, 63.0]  Order: [12.96, 13.11, 13.22] Demand: [12.89]
Reward for thread 5: [-19.69, -27.27, -26.62] -24.53  Inventory: [0.0, 31.0, 24.0]  Order: [9.14, 9.18, 9.06] Demand: [9.245]

 Algo happo Exp ippo_seed13_formal_v1 updates 252/3000 episodes, total num timesteps 253000/3000000, FPS 118.

Reward for thread 1: [-15.12, -23.5, -27.51] -22.04  Inventory: [0.0, 4.0, 1.0]  Order: [4.6, 4.46, 4.28] Demand: [4.82]
Reward for thread 2: [-239.92, -83.52, -82.11] -135.18  Inventory: [1330.0, 0.0, 0.0]  Order: [10.0, 9.86, 9.93] Demand: [3.075]
Reward for thread 3: [-14.82, -20.62, -23.16] -19.53  Inventory: [1.0, 13.0, 0.0]  Order: [8.96, 8.99, 8.92] Demand: [9.04]
Reward for thread 4: [-13.07, -20.91, -29.84] -21.27  Inventory: [12.0, 9.0, 48.0]  Order: [3.74, 3.56, 3.57] Demand: [3.895]
Reward for thread 5: [-20.6, -30.99, -32.98] -28.19  Inventory: [3.0, 10.0, 33.0]  Order: [7.16, 7.06, 6.98] Demand: [7.335]

 Algo happo Exp ippo_seed13_formal_v1 updates 253/3000 episodes, total num timesteps 254000/3000000, FPS 118.

Reward for thread 1: [-10.52, -15.87, -20.05] -15.48  Inventory: [5.0, 5.0, 12.0]  Order: [5.56, 5.5, 5.48] Demand: [5.685]
Reward for thread 2: [-16.46, -27.51, -27.88] -23.95  Inventory: [0.0, 0.0, 0.0]  Order: [6.3, 6.2, 5.96] Demand: [6.4]
Reward for thread 3: [-20.1, -25.99, -20.33] -22.14  Inventory: [0.0, 10.0, 0.0]  Order: [11.28, 11.4, 11.42] Demand: [11.325]
Reward for thread 4: [-15.95, -24.54, -25.79] -22.09  Inventory: [1.0, 25.0, 49.0]  Order: [7.97, 7.86, 7.88] Demand: [8.1]
Reward for thread 5: [-16.89, -24.27, -23.23] -21.46  Inventory: [10.0, 35.0, 37.0]  Order: [8.18, 8.12, 8.06] Demand: [8.305]

 Algo happo Exp ippo_seed13_formal_v1 updates 254/3000 episodes, total num timesteps 255000/3000000, FPS 118.

Reward for thread 1: [-23.76, -28.17, -35.68] -29.2  Inventory: [10.0, 33.0, 42.0]  Order: [5.5, 5.43, 5.42] Demand: [5.705]
Reward for thread 2: [-15.62, -23.65, -25.97] -21.75  Inventory: [16.0, 35.0, 70.0]  Order: [7.32, 7.26, 7.36] Demand: [7.47]
Reward for thread 3: [-52.5, -29.63, -26.06] -36.06  Inventory: [0.0, 8.0, 0.0]  Order: [13.76, 13.84, 13.87] Demand: [13.855]
Reward for thread 4: [-12.33, -19.62, -21.76] -17.9  Inventory: [5.0, 20.0, 9.0]  Order: [2.98, 3.02, 3.1] Demand: [3.12]
Reward for thread 5: [-17.18, -26.15, -28.23] -23.85  Inventory: [6.0, 5.0, 24.0]  Order: [3.06, 2.94, 2.82] Demand: [3.245]

Eval average reward:  -24.823916666666666  Eval ordering fluctuation measurement (downstream to upstream):  [0.8928314521183145, 1.073385910052801, 1.1522103035057556]
A better model is saved!

 Algo happo Exp ippo_seed13_formal_v1 updates 255/3000 episodes, total num timesteps 256000/3000000, FPS 118.

Reward for thread 1: [-20.45, -24.53, -26.88] -23.95  Inventory: [2.0, 19.0, 37.0]  Order: [9.18, 9.06, 8.99] Demand: [9.295]
Reward for thread 2: [-38.79, -25.68, -22.38] -28.95  Inventory: [0.0, 0.0, 0.0]  Order: [14.65, 14.64, 14.67] Demand: [14.615]
Reward for thread 3: [-15.11, -21.96, -24.72] -20.6  Inventory: [5.0, 8.0, 4.0]  Order: [6.82, 6.81, 6.69] Demand: [6.945]
Reward for thread 4: [-17.86, -23.22, -23.32] -21.47  Inventory: [9.0, 26.0, 51.0]  Order: [10.07, 9.95, 9.96] Demand: [10.165]
Reward for thread 5: [-11.58, -18.22, -23.66] -17.82  Inventory: [0.0, 26.0, 43.0]  Order: [3.82, 3.7, 3.66] Demand: [4.06]

 Algo happo Exp ippo_seed13_formal_v1 updates 256/3000 episodes, total num timesteps 257000/3000000, FPS 118.

Reward for thread 1: [-34.11, -26.53, -23.98] -28.21  Inventory: [0.0, 0.0, 0.0]  Order: [11.62, 11.59, 11.66] Demand: [12.465]
Reward for thread 2: [-29.88, -27.04, -24.3] -27.07  Inventory: [0.0, 0.0, 14.0]  Order: [12.94, 12.9, 13.0] Demand: [13.115]
Reward for thread 3: [-26.45, -27.67, -26.84] -26.99  Inventory: [0.0, 0.0, 0.0]  Order: [11.32, 11.34, 11.38] Demand: [11.44]
Reward for thread 4: [-56.5, -30.24, -26.59] -37.78  Inventory: [0.0, 0.0, 0.0]  Order: [13.46, 13.5, 13.53] Demand: [14.265]
Reward for thread 5: [-48.63, -33.33, -31.76] -37.91  Inventory: [0.0, 7.0, 9.0]  Order: [10.18, 10.16, 10.07] Demand: [10.3]

 Algo happo Exp ippo_seed13_formal_v1 updates 257/3000 episodes, total num timesteps 258000/3000000, FPS 118.

Reward for thread 1: [-15.27, -22.62, -24.26] -20.72  Inventory: [0.0, 17.0, 12.0]  Order: [5.82, 5.76, 5.74] Demand: [5.975]
Reward for thread 2: [-19.7, -22.53, -24.53] -22.25  Inventory: [65.0, 1.0, 16.0]  Order: [5.19, 5.03, 4.87] Demand: [5.]
Reward for thread 3: [-20.73, -30.18, -29.38] -26.76  Inventory: [10.0, 0.0, 34.0]  Order: [8.95, 8.8, 8.77] Demand: [9.095]
Reward for thread 4: [-36.62, -31.62, -31.09] -33.11  Inventory: [26.0, 19.0, 87.0]  Order: [11.58, 11.46, 11.65] Demand: [11.675]
Reward for thread 5: [-14.74, -22.88, -24.56] -20.73  Inventory: [10.0, 42.0, 23.0]  Order: [2.46, 2.44, 2.3] Demand: [2.655]

 Algo happo Exp ippo_seed13_formal_v1 updates 258/3000 episodes, total num timesteps 259000/3000000, FPS 118.

Reward for thread 1: [-97.62, -67.95, -48.66] -71.41  Inventory: [0.0, 0.0, 19.0]  Order: [13.02, 11.88, 11.92] Demand: [13.88]
Reward for thread 2: [-31.34, -28.0, -24.33] -27.89  Inventory: [0.0, 0.0, 0.0]  Order: [12.3, 12.2, 12.21] Demand: [12.93]
Reward for thread 3: [-17.29, -25.32, -24.38] -22.33  Inventory: [0.0, 9.0, 0.0]  Order: [9.24, 9.2, 8.96] Demand: [9.365]
Reward for thread 4: [-19.18, -24.44, -24.58] -22.73  Inventory: [4.0, 0.0, 25.0]  Order: [8.38, 8.34, 8.32] Demand: [8.47]
Reward for thread 5: [-13.0, -19.22, -24.02] -18.75  Inventory: [0.0, 0.0, 11.0]  Order: [5.29, 5.16, 5.11] Demand: [5.335]

 Algo happo Exp ippo_seed13_formal_v1 updates 259/3000 episodes, total num timesteps 260000/3000000, FPS 118.

Reward for thread 1: [-15.79, -17.8, -17.38] -16.99  Inventory: [0.0, 0.0, 0.0]  Order: [11.72, 11.82, 11.78] Demand: [12.01]
Reward for thread 2: [-69.94, -41.45, -34.25] -48.55  Inventory: [0.0, 0.0, 0.0]  Order: [12.59, 12.7, 12.72] Demand: [13.645]
Reward for thread 3: [-34.33, -29.12, -24.57] -29.34  Inventory: [0.0, 0.0, 0.0]  Order: [13.96, 13.88, 13.96] Demand: [13.835]
Reward for thread 4: [-17.18, -24.09, -26.79] -22.69  Inventory: [3.0, 6.0, 3.0]  Order: [7.26, 7.22, 7.25] Demand: [7.385]
Reward for thread 5: [-15.54, -21.59, -22.86] -20.0  Inventory: [0.0, 37.0, 50.0]  Order: [8.22, 8.2, 8.2] Demand: [8.33]

Eval average reward:  -37.27858333333334  Eval ordering fluctuation measurement (downstream to upstream):  [0.8522601143031571, 0.994047405876174, 1.051164256402874]

 Algo happo Exp ippo_seed13_formal_v1 updates 260/3000 episodes, total num timesteps 261000/3000000, FPS 118.

Reward for thread 1: [-16.39, -21.57, -26.63] -21.53  Inventory: [54.0, 5.0, 28.0]  Order: [4.93, 4.7, 4.61] Demand: [4.86]
Reward for thread 2: [-15.1, -23.6, -27.08] -21.93  Inventory: [6.0, 29.0, 45.0]  Order: [3.9, 3.81, 3.78] Demand: [4.035]
Reward for thread 3: [-14.8, -21.96, -24.64] -20.47  Inventory: [0.0, 8.0, 44.0]  Order: [7.28, 7.08, 7.06] Demand: [7.485]
Reward for thread 4: [-10.92, -17.36, -19.48] -15.92  Inventory: [1.0, 1.0, 16.0]  Order: [4.96, 5.0, 5.01] Demand: [5.14]
Reward for thread 5: [-12.57, -19.38, -23.15] -18.37  Inventory: [14.0, 21.0, 49.0]  Order: [4.74, 4.6, 4.6] Demand: [4.925]

 Algo happo Exp ippo_seed13_formal_v1 updates 261/3000 episodes, total num timesteps 262000/3000000, FPS 118.

Reward for thread 1: [-10.83, -15.34, -20.98] -15.72  Inventory: [7.0, 19.0, 36.0]  Order: [3.35, 3.2, 3.19] Demand: [3.525]
Reward for thread 2: [-14.48, -22.42, -23.34] -20.08  Inventory: [7.0, 54.0, 61.0]  Order: [8.04, 8.06, 8.12] Demand: [8.185]
Reward for thread 3: [-51.87, -29.43, -24.81] -35.37  Inventory: [0.0, 0.0, 0.0]  Order: [14.54, 14.51, 14.56] Demand: [15.605]
Reward for thread 4: [-26.03, -27.96, -29.16] -27.72  Inventory: [0.0, 0.0, 0.0]  Order: [10.1, 9.98, 10.08] Demand: [10.445]
Reward for thread 5: [-16.6, -23.76, -27.36] -22.57  Inventory: [0.0, 14.0, 38.0]  Order: [6.84, 6.73, 6.71] Demand: [7.045]

 Algo happo Exp ippo_seed13_formal_v1 updates 262/3000 episodes, total num timesteps 263000/3000000, FPS 118.

Reward for thread 1: [-29.97, -30.75, -29.43] -30.05  Inventory: [0.0, 0.0, 0.0]  Order: [11.5, 11.5, 11.54] Demand: [11.86]
Reward for thread 2: [-28.71, -28.14, -25.78] -27.54  Inventory: [0.0, 0.0, 0.0]  Order: [10.57, 10.68, 10.72] Demand: [11.18]
Reward for thread 3: [-12.78, -19.64, -20.09] -17.5  Inventory: [1.0, 6.0, 14.0]  Order: [5.99, 5.81, 5.7] Demand: [6.205]
Reward for thread 4: [-20.43, -28.65, -30.86] -26.65  Inventory: [1.0, 18.0, 37.0]  Order: [7.96, 7.9, 7.84] Demand: [8.09]
Reward for thread 5: [-12.38, -17.9, -18.34] -16.21  Inventory: [6.0, 26.0, 30.0]  Order: [9.23, 9.12, 9.08] Demand: [9.34]

 Algo happo Exp ippo_seed13_formal_v1 updates 263/3000 episodes, total num timesteps 264000/3000000, FPS 118.

Reward for thread 1: [-23.18, -26.92, -23.51] -24.54  Inventory: [0.0, 0.0, 5.0]  Order: [10.7, 10.62, 10.69] Demand: [10.98]
Reward for thread 2: [-10.88, -17.71, -18.61] -15.73  Inventory: [0.0, 0.0, 0.0]  Order: [6.41, 6.55, 6.48] Demand: [6.31]
Reward for thread 3: [-15.82, -20.01, -17.65] -17.83  Inventory: [0.0, 20.0, 11.0]  Order: [10.59, 10.54, 10.46] Demand: [10.685]
Reward for thread 4: [-25.76, -33.94, -31.79] -30.5  Inventory: [20.0, 62.0, 91.0]  Order: [8.16, 8.24, 8.45] Demand: [8.275]
Reward for thread 5: [-28.38, -29.54, -29.44] -29.12  Inventory: [0.0, 0.0, 0.0]  Order: [9.38, 9.12, 9.12] Demand: [9.73]

 Algo happo Exp ippo_seed13_formal_v1 updates 264/3000 episodes, total num timesteps 265000/3000000, FPS 118.

Reward for thread 1: [-11.07, -18.09, -19.84] -16.33  Inventory: [0.0, 19.0, 4.0]  Order: [4.86, 4.85, 4.72] Demand: [4.98]
Reward for thread 2: [-10.62, -18.06, -20.77] -16.48  Inventory: [0.0, 12.0, 14.0]  Order: [4.81, 4.8, 4.66] Demand: [4.945]
Reward for thread 3: [-57.84, -30.0, -27.92] -38.59  Inventory: [0.0, 0.0, 0.0]  Order: [11.55, 11.56, 11.62] Demand: [13.01]
Reward for thread 4: [-12.64, -20.37, -21.85] -18.29  Inventory: [0.0, 16.0, 21.0]  Order: [3.5, 3.34, 3.2] Demand: [3.73]
Reward for thread 5: [-10.9, -17.4, -21.26] -16.52  Inventory: [1.0, 17.0, 31.0]  Order: [4.07, 3.9, 3.81] Demand: [4.295]

Eval average reward:  -27.769916666666667  Eval ordering fluctuation measurement (downstream to upstream):  [0.9311662956755404, 1.075028879214568, 1.1621574408917563]

 Algo happo Exp ippo_seed13_formal_v1 updates 265/3000 episodes, total num timesteps 266000/3000000, FPS 118.

Reward for thread 1: [-11.21, -18.88, -23.38] -17.82  Inventory: [9.0, 30.0, 33.0]  Order: [2.52, 2.46, 2.38] Demand: [2.72]
Reward for thread 2: [-222.36, -149.12, -83.23] -151.57  Inventory: [0.0, 0.0, 16.0]  Order: [15.34, 13.19, 13.29] Demand: [15.38]
Reward for thread 3: [-26.97, -27.56, -26.06] -26.86  Inventory: [6.0, 12.0, 15.0]  Order: [10.96, 10.88, 10.74] Demand: [11.06]
Reward for thread 4: [-20.27, -26.62, -25.38] -24.09  Inventory: [0.0, 0.0, 0.0]  Order: [10.7, 10.7, 10.7] Demand: [10.83]
Reward for thread 5: [-25.81, -35.21, -33.54] -31.52  Inventory: [0.0, 0.0, 0.0]  Order: [7.91, 7.68, 7.74] Demand: [7.925]

 Algo happo Exp ippo_seed13_formal_v1 updates 266/3000 episodes, total num timesteps 267000/3000000, FPS 118.

Reward for thread 1: [-17.1, -25.23, -21.73] -21.35  Inventory: [0.0, 37.0, 15.0]  Order: [6.3, 6.27, 6.1] Demand: [6.56]
Reward for thread 2: [-17.65, -22.62, -22.54] -20.94  Inventory: [0.0, 0.0, 1.0]  Order: [9.9, 9.72, 9.77] Demand: [9.74]
Reward for thread 3: [-11.12, -20.04, -20.28] -17.15  Inventory: [2.0, 20.0, 20.0]  Order: [2.96, 2.85, 2.72] Demand: [3.205]
Reward for thread 4: [-60.67, -33.4, -31.55] -41.87  Inventory: [0.0, 0.0, 14.0]  Order: [13.2, 13.14, 13.22] Demand: [13.73]
Reward for thread 5: [-11.99, -16.76, -18.84] -15.86  Inventory: [0.0, 0.0, 0.0]  Order: [8.3, 8.36, 8.36] Demand: [8.315]

 Algo happo Exp ippo_seed13_formal_v1 updates 267/3000 episodes, total num timesteps 268000/3000000, FPS 118.

Reward for thread 1: [-13.21, -21.24, -24.2] -19.55  Inventory: [12.0, 29.0, 43.0]  Order: [4.8, 4.77, 4.74] Demand: [4.985]
Reward for thread 2: [-16.22, -24.64, -27.52] -22.79  Inventory: [12.0, 31.0, 36.0]  Order: [7.45, 7.39, 7.32] Demand: [7.605]
Reward for thread 3: [-37.31, -36.67, -33.08] -35.69  Inventory: [189.0, 4.0, 0.0]  Order: [6.16, 6.2, 6.1] Demand: [5.26]
Reward for thread 4: [-15.57, -24.11, -27.15] -22.28  Inventory: [9.0, 36.0, 54.0]  Order: [6.64, 6.64, 6.66] Demand: [6.795]
Reward for thread 5: [-19.56, -18.68, -18.66] -18.97  Inventory: [0.0, 0.0, 0.0]  Order: [11.12, 11.2, 11.24] Demand: [11.085]

 Algo happo Exp ippo_seed13_formal_v1 updates 268/3000 episodes, total num timesteps 269000/3000000, FPS 118.

Reward for thread 1: [-19.33, -22.96, -23.38] -21.89  Inventory: [0.0, 0.0, 11.0]  Order: [6.38, 6.28, 6.36] Demand: [6.455]
Reward for thread 2: [-21.45, -23.9, -23.86] -23.07  Inventory: [9.0, 22.0, 33.0]  Order: [10.4, 10.28, 10.2] Demand: [10.55]
Reward for thread 3: [-22.3, -21.34, -21.48] -21.71  Inventory: [0.0, 38.0, 32.0]  Order: [11.47, 11.54, 11.58] Demand: [11.605]
Reward for thread 4: [-26.59, -21.48, -20.35] -22.81  Inventory: [0.0, 0.0, 7.0]  Order: [13.36, 13.45, 13.54] Demand: [13.335]
Reward for thread 5: [-22.01, -31.23, -29.65] -27.63  Inventory: [29.0, 35.0, 64.0]  Order: [9.01, 8.95, 9.02] Demand: [9.045]

 Algo happo Exp ippo_seed13_formal_v1 updates 269/3000 episodes, total num timesteps 270000/3000000, FPS 118.

Reward for thread 1: [-13.9, -21.53, -28.46] -21.3  Inventory: [0.0, 0.0, 0.0]  Order: [5.74, 5.7, 5.48] Demand: [5.655]
Reward for thread 2: [-12.92, -19.11, -19.48] -17.17  Inventory: [0.0, 0.0, 0.0]  Order: [7.76, 7.6, 7.54] Demand: [7.695]
Reward for thread 3: [-11.52, -17.16, -19.3] -15.99  Inventory: [0.0, 0.0, 13.0]  Order: [7.45, 7.34, 7.24] Demand: [7.61]
Reward for thread 4: [-14.25, -21.24, -21.95] -19.15  Inventory: [0.0, 27.0, 32.0]  Order: [8.52, 8.64, 8.74] Demand: [8.56]
Reward for thread 5: [-14.73, -21.79, -26.1] -20.87  Inventory: [6.0, 0.0, 2.0]  Order: [5.04, 4.99, 4.99] Demand: [5.125]

Eval average reward:  -24.388  Eval ordering fluctuation measurement (downstream to upstream):  [0.9431005423514165, 1.0619370369084902, 1.126531435278841]
A better model is saved!

 Algo happo Exp ippo_seed13_formal_v1 updates 270/3000 episodes, total num timesteps 271000/3000000, FPS 118.

Reward for thread 1: [-42.4, -30.84, -28.6] -33.95  Inventory: [0.0, 38.0, 35.0]  Order: [12.17, 12.24, 12.34] Demand: [12.235]
Reward for thread 2: [-17.76, -26.41, -26.25] -23.47  Inventory: [6.0, 24.0, 29.0]  Order: [9.1, 9.08, 8.98] Demand: [9.23]
Reward for thread 3: [-81.89, -37.52, -31.69] -50.37  Inventory: [0.0, 0.0, 16.0]  Order: [14.98, 14.89, 14.99] Demand: [14.98]
Reward for thread 4: [-13.67, -19.98, -23.14] -18.93  Inventory: [1.0, 14.0, 39.0]  Order: [6.2, 6.1, 6.04] Demand: [6.36]
Reward for thread 5: [-53.23, -40.35, -28.97] -40.85  Inventory: [0.0, 0.0, 29.0]  Order: [13.31, 13.3, 13.24] Demand: [13.345]

 Algo happo Exp ippo_seed13_formal_v1 updates 271/3000 episodes, total num timesteps 272000/3000000, FPS 118.

Reward for thread 1: [-19.51, -26.18, -23.29] -22.99  Inventory: [1.0, 17.0, 6.0]  Order: [10.72, 10.66, 10.61] Demand: [10.87]
Reward for thread 2: [-19.56, -26.3, -23.84] -23.23  Inventory: [0.0, 14.0, 19.0]  Order: [9.47, 9.4, 9.36] Demand: [9.64]
Reward for thread 3: [-15.83, -25.46, -28.1] -23.13  Inventory: [1.0, 36.0, 21.0]  Order: [4.5, 4.43, 4.3] Demand: [4.73]
Reward for thread 4: [-17.55, -22.01, -24.58] -21.38  Inventory: [47.0, 37.0, 39.0]  Order: [7.78, 7.8, 7.76] Demand: [7.77]
Reward for thread 5: [-29.29, -27.37, -27.08] -27.91  Inventory: [0.0, 0.0, 0.0]  Order: [12.37, 12.4, 12.44] Demand: [13.075]

 Algo happo Exp ippo_seed13_formal_v1 updates 272/3000 episodes, total num timesteps 273000/3000000, FPS 118.

Reward for thread 1: [-31.81, -32.86, -31.88] -32.18  Inventory: [0.0, 1.0, 15.0]  Order: [10.66, 10.71, 10.89] Demand: [10.7]
Reward for thread 2: [-92.49, -50.04, -46.06] -62.86  Inventory: [790.0, 0.0, 0.0]  Order: [9.12, 9.21, 9.32] Demand: [4.96]
Reward for thread 3: [-42.9, -31.66, -31.57] -35.38  Inventory: [318.0, 0.0, 13.0]  Order: [7.58, 7.38, 7.5] Demand: [5.56]
Reward for thread 4: [-26.6, -24.2, -23.37] -24.72  Inventory: [3.0, 28.0, 12.0]  Order: [11.66, 11.73, 11.64] Demand: [11.795]
Reward for thread 5: [-44.5, -28.62, -29.91] -34.34  Inventory: [470.0, 0.0, 0.0]  Order: [5.22, 5.22, 5.24] Demand: [2.575]

 Algo happo Exp ippo_seed13_formal_v1 updates 273/3000 episodes, total num timesteps 274000/3000000, FPS 118.

Reward for thread 1: [-33.99, -28.16, -23.38] -28.51  Inventory: [10.0, 12.0, 11.0]  Order: [12.86, 12.79, 12.7] Demand: [13.]
Reward for thread 2: [-14.2, -20.22, -20.91] -18.44  Inventory: [68.0, 59.0, 41.0]  Order: [7.98, 8.04, 8.18] Demand: [7.8]
Reward for thread 3: [-15.44, -21.89, -24.9] -20.74  Inventory: [1.0, 21.0, 16.0]  Order: [4.04, 3.96, 3.91] Demand: [4.265]
Reward for thread 4: [-16.73, -21.9, -22.73] -20.45  Inventory: [0.0, 0.0, 0.0]  Order: [6.89, 6.84, 6.76] Demand: [7.06]
Reward for thread 5: [-16.6, -23.86, -24.78] -21.75  Inventory: [36.0, 29.0, 31.0]  Order: [5.86, 5.78, 5.7] Demand: [5.835]

 Algo happo Exp ippo_seed13_formal_v1 updates 274/3000 episodes, total num timesteps 275000/3000000, FPS 118.

Reward for thread 1: [-115.08, -43.61, -36.54] -65.08  Inventory: [0.0, 0.0, 0.0]  Order: [15.66, 15.56, 15.72] Demand: [17.47]
Reward for thread 2: [-392.1, -115.96, -111.57] -206.54  Inventory: [1918.0, 0.0, 2.0]  Order: [11.26, 11.23, 11.33] Demand: [1.41]
Reward for thread 3: [-14.9, -20.91, -25.05] -20.29  Inventory: [10.0, 25.0, 32.0]  Order: [6.68, 6.56, 6.48] Demand: [6.855]
Reward for thread 4: [-48.15, -62.93, -32.0] -47.69  Inventory: [0.0, 0.0, 16.0]  Order: [15.2, 13.46, 13.45] Demand: [13.685]
Reward for thread 5: [-253.64, -89.44, -78.06] -140.38  Inventory: [1179.0, 0.0, 19.0]  Order: [14.02, 13.88, 14.0] Demand: [7.88]

Eval average reward:  -36.511583333333334  Eval ordering fluctuation measurement (downstream to upstream):  [0.9752979234285091, 1.026123473492599, 1.1277284579979012]

 Algo happo Exp ippo_seed13_formal_v1 updates 275/3000 episodes, total num timesteps 276000/3000000, FPS 118.

Reward for thread 1: [-32.49, -27.74, -26.83] -29.02  Inventory: [169.0, 0.0, 7.0]  Order: [8.96, 8.85, 8.88] Demand: [8.09]
Reward for thread 2: [-18.46, -24.39, -23.91] -22.25  Inventory: [56.0, 17.0, 37.0]  Order: [8.96, 8.96, 8.94] Demand: [8.87]
Reward for thread 3: [-14.53, -21.09, -23.47] -19.7  Inventory: [0.0, 10.0, 11.0]  Order: [6.42, 6.37, 6.18] Demand: [6.56]
Reward for thread 4: [-12.96, -19.52, -21.92] -18.13  Inventory: [0.0, 1.0, 9.0]  Order: [5.4, 5.38, 5.34] Demand: [5.5]
Reward for thread 5: [-11.16, -17.15, -18.47] -15.59  Inventory: [6.0, 23.0, 40.0]  Order: [8.28, 8.32, 8.36] Demand: [8.34]

 Algo happo Exp ippo_seed13_formal_v1 updates 276/3000 episodes, total num timesteps 277000/3000000, FPS 118.

Reward for thread 1: [-11.35, -16.11, -19.53] -15.66  Inventory: [0.0, 0.0, 18.0]  Order: [8.39, 8.28, 8.3] Demand: [8.46]
Reward for thread 2: [-25.52, -27.64, -25.29] -26.15  Inventory: [14.0, 7.0, 1.0]  Order: [11.84, 11.82, 11.77] Demand: [11.86]
Reward for thread 3: [-137.15, -53.24, -48.96] -79.78  Inventory: [1057.0, 0.0, 0.0]  Order: [7.56, 7.58, 7.68] Demand: [2.075]
Reward for thread 4: [-19.11, -38.0, -31.77] -29.63  Inventory: [11.0, 73.0, 7.0]  Order: [2.67, 2.79, 2.66] Demand: [2.865]
Reward for thread 5: [-11.83, -17.24, -18.57] -15.88  Inventory: [4.0, 5.0, 18.0]  Order: [5.65, 5.5, 5.34] Demand: [5.805]

 Algo happo Exp ippo_seed13_formal_v1 updates 277/3000 episodes, total num timesteps 278000/3000000, FPS 118.

Reward for thread 1: [-14.5, -19.16, -19.02] -17.56  Inventory: [0.0, 8.0, 5.0]  Order: [7.21, 7.1, 6.89] Demand: [7.4]
Reward for thread 2: [-25.2, -25.39, -23.94] -24.84  Inventory: [0.0, 0.0, 0.0]  Order: [11.98, 11.94, 11.99] Demand: [12.1]
Reward for thread 3: [-61.9, -40.9, -30.26] -44.35  Inventory: [0.0, 0.0, 0.0]  Order: [13.28, 13.06, 13.14] Demand: [14.28]
Reward for thread 4: [-18.65, -25.39, -24.63] -22.89  Inventory: [3.0, 17.0, 43.0]  Order: [10.03, 10.05, 10.02] Demand: [10.025]
Reward for thread 5: [-23.34, -27.13, -26.68] -25.72  Inventory: [0.0, 10.0, 0.0]  Order: [8.38, 8.56, 8.5] Demand: [8.465]

 Algo happo Exp ippo_seed13_formal_v1 updates 278/3000 episodes, total num timesteps 279000/3000000, FPS 118.

Reward for thread 1: [-26.29, -27.14, -25.7] -26.38  Inventory: [0.0, 0.0, 0.0]  Order: [10.66, 10.55, 10.56] Demand: [10.535]
Reward for thread 2: [-36.58, -36.64, -27.16] -33.46  Inventory: [0.0, 0.0, 0.0]  Order: [13.38, 13.26, 13.14] Demand: [13.4]
Reward for thread 3: [-14.44, -25.38, -27.82] -22.55  Inventory: [0.0, 10.0, 31.0]  Order: [4.88, 4.76, 4.66] Demand: [5.07]
Reward for thread 4: [-15.87, -19.95, -23.96] -19.93  Inventory: [12.0, 36.0, 48.0]  Order: [6.8, 6.76, 6.76] Demand: [6.96]
Reward for thread 5: [-23.86, -24.51, -26.41] -24.93  Inventory: [129.0, 13.0, 29.0]  Order: [6.94, 6.84, 6.83] Demand: [6.37]

 Algo happo Exp ippo_seed13_formal_v1 updates 279/3000 episodes, total num timesteps 280000/3000000, FPS 118.

Reward for thread 1: [-12.79, -22.02, -21.66] -18.82  Inventory: [0.0, 5.0, 0.0]  Order: [3.31, 3.2, 2.96] Demand: [3.48]
Reward for thread 2: [-52.04, -37.83, -31.16] -40.34  Inventory: [0.0, 0.0, 0.0]  Order: [11.47, 11.46, 11.54] Demand: [11.675]
Reward for thread 3: [-15.16, -25.54, -27.51] -22.74  Inventory: [0.0, 0.0, 0.0]  Order: [5.75, 5.63, 5.42] Demand: [5.79]
Reward for thread 4: [-24.7, -27.22, -20.53] -24.15  Inventory: [0.0, 0.0, 0.0]  Order: [9.42, 9.24, 9.32] Demand: [9.475]
Reward for thread 5: [-329.65, -102.27, -97.77] -176.56  Inventory: [1665.0, 0.0, 0.0]  Order: [12.84, 12.9, 12.98] Demand: [4.36]

Eval average reward:  -45.89416666666666  Eval ordering fluctuation measurement (downstream to upstream):  [0.8611617302723372, 0.8631978829920417, 0.954825073747015]

 Algo happo Exp ippo_seed13_formal_v1 updates 280/3000 episodes, total num timesteps 281000/3000000, FPS 118.

Reward for thread 1: [-92.84, -45.93, -44.6] -61.12  Inventory: [803.0, 0.0, 6.0]  Order: [6.6, 6.64, 6.74] Demand: [2.455]
Reward for thread 2: [-73.74, -38.29, -34.17] -48.73  Inventory: [766.0, 0.0, 5.0]  Order: [5.66, 5.59, 5.66] Demand: [1.64]
Reward for thread 3: [-38.27, -35.56, -26.54] -33.46  Inventory: [1.0, 0.0, 0.0]  Order: [10.34, 10.24, 10.05] Demand: [10.345]
Reward for thread 4: [-62.5, -38.68, -28.41] -43.2  Inventory: [0.0, 26.0, 5.0]  Order: [12.78, 12.78, 12.6] Demand: [12.89]
Reward for thread 5: [-16.04, -26.87, -24.43] -22.45  Inventory: [1.0, 18.0, 9.0]  Order: [3.56, 3.42, 3.28] Demand: [3.79]

 Algo happo Exp ippo_seed13_formal_v1 updates 281/3000 episodes, total num timesteps 282000/3000000, FPS 118.

Reward for thread 1: [-27.09, -23.41, -22.38] -24.29  Inventory: [0.0, 0.0, 0.0]  Order: [10.46, 10.5, 10.56] Demand: [10.995]
Reward for thread 2: [-148.37, -62.42, -54.51] -88.43  Inventory: [1009.0, 0.0, 0.0]  Order: [10.74, 10.56, 10.56] Demand: [5.32]
Reward for thread 3: [-10.82, -19.23, -20.21] -16.75  Inventory: [0.0, 10.0, 5.0]  Order: [3.86, 3.78, 3.6] Demand: [4.01]
Reward for thread 4: [-14.58, -25.01, -21.21] -20.27  Inventory: [8.0, 42.0, 15.0]  Order: [5.88, 5.88, 5.76] Demand: [6.01]
Reward for thread 5: [-24.04, -28.17, -26.96] -26.39  Inventory: [188.0, 0.0, 0.0]  Order: [7.56, 7.4, 7.33] Demand: [6.255]

 Algo happo Exp ippo_seed13_formal_v1 updates 282/3000 episodes, total num timesteps 283000/3000000, FPS 118.

Reward for thread 1: [-262.59, -319.64, -126.64] -236.29  Inventory: [0.0, 0.0, 29.0]  Order: [17.68, 11.42, 11.4] Demand: [14.555]
Reward for thread 2: [-10.72, -17.13, -17.71] -15.19  Inventory: [0.0, 0.0, 0.0]  Order: [5.94, 5.9, 5.86] Demand: [5.92]
Reward for thread 3: [-23.9, -27.85, -23.36] -25.04  Inventory: [8.0, 25.0, 45.0]  Order: [12.8, 12.82, 12.89] Demand: [12.815]
Reward for thread 4: [-15.28, -22.88, -21.79] -19.98  Inventory: [12.0, 65.0, 57.0]  Order: [5.62, 5.71, 5.74] Demand: [5.795]
Reward for thread 5: [-92.31, -69.78, -40.46] -67.52  Inventory: [0.0, 0.0, 7.0]  Order: [13.64, 12.02, 11.98] Demand: [14.565]

 Algo happo Exp ippo_seed13_formal_v1 updates 283/3000 episodes, total num timesteps 284000/3000000, FPS 118.

Reward for thread 1: [-119.06, -84.25, -48.79] -84.03  Inventory: [0.0, 0.0, 17.0]  Order: [16.4, 14.76, 14.8] Demand: [17.27]
Reward for thread 2: [-147.84, -291.82, -98.66] -179.44  Inventory: [26.0, 0.0, 39.0]  Order: [16.04, 10.32, 10.36] Demand: [10.45]
Reward for thread 3: [-17.45, -23.43, -20.68] -20.52  Inventory: [5.0, 12.0, 43.0]  Order: [9.54, 9.52, 9.6] Demand: [9.61]
Reward for thread 4: [-33.55, -30.7, -29.64] -31.3  Inventory: [76.0, 0.0, 0.0]  Order: [8.26, 8.32, 8.32] Demand: [8.07]
Reward for thread 5: [-32.32, -34.93, -22.49] -29.91  Inventory: [0.0, 0.0, 0.0]  Order: [12.94, 12.85, 12.8] Demand: [12.955]

 Algo happo Exp ippo_seed13_formal_v1 updates 284/3000 episodes, total num timesteps 285000/3000000, FPS 118.

Reward for thread 1: [-137.01, -304.92, -103.98] -181.97  Inventory: [0.0, 0.0, 28.0]  Order: [14.68, 7.7, 7.61] Demand: [10.29]
Reward for thread 2: [-56.26, -56.11, -34.55] -48.97  Inventory: [565.0, 0.0, 0.0]  Order: [5.28, 4.88, 4.96] Demand: [1.78]
Reward for thread 3: [-22.88, -27.55, -26.34] -25.59  Inventory: [28.0, 43.0, 27.0]  Order: [9.54, 9.72, 9.7] Demand: [9.49]
Reward for thread 4: [-10.02, -16.51, -16.95] -14.49  Inventory: [0.0, 0.0, 0.0]  Order: [4.69, 4.7, 4.55] Demand: [4.815]
Reward for thread 5: [-15.85, -23.36, -23.42] -20.88  Inventory: [0.0, 0.0, 9.0]  Order: [6.5, 6.46, 6.42] Demand: [6.565]

Eval average reward:  -77.6225  Eval ordering fluctuation measurement (downstream to upstream):  [0.8778502180663532, 0.9249966791260796, 1.044247049114279]

 Algo happo Exp ippo_seed13_formal_v1 updates 285/3000 episodes, total num timesteps 286000/3000000, FPS 118.

Reward for thread 1: [-20.02, -27.37, -23.8] -23.73  Inventory: [0.0, 0.0, 0.0]  Order: [8.3, 8.27, 8.16] Demand: [8.405]
Reward for thread 2: [-16.68, -28.46, -25.37] -23.5  Inventory: [7.0, 46.0, 26.0]  Order: [5.16, 5.16, 5.04] Demand: [5.34]
Reward for thread 3: [-13.28, -25.34, -22.2] -20.27  Inventory: [7.0, 47.0, 40.0]  Order: [2.93, 2.93, 2.88] Demand: [3.145]
Reward for thread 4: [-103.86, -153.78, -64.46] -107.37  Inventory: [454.0, 0.0, 28.0]  Order: [13.34, 10.02, 10.12] Demand: [8.02]
Reward for thread 5: [-29.01, -45.27, -29.76] -34.68  Inventory: [0.0, 0.0, 0.0]  Order: [11.7, 11.5, 11.26] Demand: [11.49]

 Algo happo Exp ippo_seed13_formal_v1 updates 286/3000 episodes, total num timesteps 287000/3000000, FPS 118.

Reward for thread 1: [-10.43, -18.2, -17.36] -15.33  Inventory: [6.0, 29.0, 43.0]  Order: [2.65, 2.54, 2.51] Demand: [2.855]
Reward for thread 2: [-15.13, -22.05, -22.37] -19.85  Inventory: [14.0, 22.0, 20.0]  Order: [4.53, 4.4, 4.28] Demand: [4.71]
Reward for thread 3: [-9.98, -17.65, -16.95] -14.86  Inventory: [3.0, 27.0, 11.0]  Order: [4.78, 4.7, 4.53] Demand: [4.98]
Reward for thread 4: [-10.09, -18.18, -17.44] -15.24  Inventory: [0.0, 26.0, 16.0]  Order: [3.03, 2.94, 2.78] Demand: [3.28]
Reward for thread 5: [-14.3, -19.82, -20.92] -18.35  Inventory: [0.0, 0.0, 0.0]  Order: [7.25, 7.22, 7.2] Demand: [7.125]

 Algo happo Exp ippo_seed13_formal_v1 updates 287/3000 episodes, total num timesteps 288000/3000000, FPS 118.

Reward for thread 1: [-27.32, -32.94, -27.4] -29.22  Inventory: [27.0, 32.0, 47.0]  Order: [11.94, 11.99, 12.03] Demand: [11.935]
Reward for thread 2: [-417.65, -184.95, -134.35] -245.65  Inventory: [1081.0, 0.0, 9.0]  Order: [16.28, 13.21, 13.01] Demand: [8.11]
Reward for thread 3: [-19.23, -25.83, -24.14] -23.07  Inventory: [3.0, 21.0, 13.0]  Order: [8.86, 8.85, 8.78] Demand: [8.91]
Reward for thread 4: [-17.27, -30.63, -22.59] -23.5  Inventory: [11.0, 70.0, 9.0]  Order: [4.7, 4.82, 4.66] Demand: [4.895]
Reward for thread 5: [-44.82, -36.85, -27.53] -36.4  Inventory: [0.0, 0.0, 9.0]  Order: [13.36, 13.32, 13.46] Demand: [13.605]

 Algo happo Exp ippo_seed13_formal_v1 updates 288/3000 episodes, total num timesteps 289000/3000000, FPS 118.

Reward for thread 1: [-10.29, -14.68, -15.21] -13.39  Inventory: [3.0, 2.0, 0.0]  Order: [8.56, 8.64, 8.51] Demand: [8.57]
Reward for thread 2: [-25.67, -25.72, -22.54] -24.64  Inventory: [231.0, 0.0, 0.0]  Order: [4.54, 4.47, 4.36] Demand: [2.88]
Reward for thread 3: [-100.95, -49.47, -41.28] -63.9  Inventory: [864.0, 0.0, 0.0]  Order: [7.3, 7.24, 7.24] Demand: [2.65]
Reward for thread 4: [-28.16, -33.71, -28.83] -30.23  Inventory: [0.0, 0.0, 0.0]  Order: [10.46, 10.3, 10.2] Demand: [10.3]
Reward for thread 5: [-22.62, -29.07, -26.3] -26.0  Inventory: [23.0, 32.0, 33.0]  Order: [8.6, 8.54, 8.56] Demand: [8.69]

 Algo happo Exp ippo_seed13_formal_v1 updates 289/3000 episodes, total num timesteps 290000/3000000, FPS 118.

Reward for thread 1: [-46.92, -35.87, -29.6] -37.46  Inventory: [0.0, 0.0, 10.0]  Order: [14.17, 14.1, 14.2] Demand: [14.945]
Reward for thread 2: [-11.99, -20.89, -20.42] -17.77  Inventory: [13.0, 17.0, 25.0]  Order: [5.54, 5.44, 5.32] Demand: [5.705]
Reward for thread 3: [-13.41, -20.88, -21.0] -18.43  Inventory: [5.0, 25.0, 31.0]  Order: [4.72, 4.61, 4.53] Demand: [4.94]
Reward for thread 4: [-12.54, -23.62, -22.86] -19.67  Inventory: [0.0, 46.0, 38.0]  Order: [3.74, 3.72, 3.72] Demand: [3.98]
Reward for thread 5: [-328.27, -118.33, -105.45] -184.02  Inventory: [1639.0, 0.0, 0.0]  Order: [13.23, 12.57, 12.58] Demand: [4.305]

Eval average reward:  -91.29016666666665  Eval ordering fluctuation measurement (downstream to upstream):  [0.7995990177910887, 0.8792036847933777, 1.0205582036107428]

 Algo happo Exp ippo_seed13_formal_v1 updates 290/3000 episodes, total num timesteps 291000/3000000, FPS 118.

Reward for thread 1: [-131.19, -99.41, -65.4] -98.67  Inventory: [557.0, 0.0, 30.0]  Order: [10.48, 7.98, 7.94] Demand: [5.41]
Reward for thread 2: [-54.74, -62.83, -37.09] -51.55  Inventory: [0.0, 0.0, 6.0]  Order: [13.04, 11.13, 11.1] Demand: [12.095]
Reward for thread 3: [-10.22, -18.27, -17.57] -15.35  Inventory: [8.0, 21.0, 13.0]  Order: [4.3, 4.24, 4.16] Demand: [4.405]
Reward for thread 4: [-22.99, -27.85, -23.26] -24.7  Inventory: [0.0, 0.0, 0.0]  Order: [9.11, 9.02, 9.02] Demand: [8.99]
Reward for thread 5: [-12.51, -24.6, -21.5] -19.54  Inventory: [4.0, 39.0, 29.0]  Order: [4.6, 4.55, 4.44] Demand: [4.81]

 Algo happo Exp ippo_seed13_formal_v1 updates 291/3000 episodes, total num timesteps 292000/3000000, FPS 118.

Reward for thread 1: [-13.39, -21.41, -21.2] -18.67  Inventory: [0.0, 10.0, 23.0]  Order: [4.53, 4.34, 4.21] Demand: [4.725]
Reward for thread 2: [-15.63, -24.02, -23.77] -21.14  Inventory: [9.0, 9.0, 5.0]  Order: [5.5, 5.42, 5.38] Demand: [5.675]
Reward for thread 3: [-25.47, -26.2, -24.02] -25.23  Inventory: [0.0, 0.0, 0.0]  Order: [11.51, 11.52, 11.58] Demand: [11.655]
Reward for thread 4: [-40.94, -32.04, -32.09] -35.02  Inventory: [6.0, 64.0, 24.0]  Order: [13.61, 13.76, 13.74] Demand: [13.6]
Reward for thread 5: [-12.92, -20.83, -19.21] -17.65  Inventory: [12.0, 0.0, 25.0]  Order: [5.45, 5.36, 5.36] Demand: [5.48]

 Algo happo Exp ippo_seed13_formal_v1 updates 292/3000 episodes, total num timesteps 293000/3000000, FPS 118.

Reward for thread 1: [-24.68, -28.01, -24.51] -25.73  Inventory: [5.0, 19.0, 0.0]  Order: [11.01, 11.1, 11.11] Demand: [11.11]
Reward for thread 2: [-15.26, -24.41, -22.12] -20.6  Inventory: [4.0, 32.0, 19.0]  Order: [5.04, 4.96, 4.8] Demand: [5.27]
Reward for thread 3: [-15.13, -21.58, -21.39] -19.37  Inventory: [7.0, 39.0, 0.0]  Order: [10.2, 10.26, 10.18] Demand: [10.325]
Reward for thread 4: [-69.43, -40.19, -32.39] -47.34  Inventory: [0.0, 0.0, 0.0]  Order: [15.53, 15.53, 15.67] Demand: [16.64]
Reward for thread 5: [-12.8, -21.58, -19.63] -18.0  Inventory: [8.0, 30.0, 51.0]  Order: [6.41, 6.36, 6.36] Demand: [6.56]

 Algo happo Exp ippo_seed13_formal_v1 updates 293/3000 episodes, total num timesteps 294000/3000000, FPS 118.

Reward for thread 1: [-11.41, -19.45, -17.71] -16.19  Inventory: [6.0, 7.0, 5.0]  Order: [6.48, 6.47, 6.42] Demand: [6.555]
Reward for thread 2: [-15.77, -24.87, -23.68] -21.44  Inventory: [6.0, 31.0, 39.0]  Order: [6.0, 5.94, 5.9] Demand: [6.075]
Reward for thread 3: [-19.96, -23.93, -21.46] -21.78  Inventory: [0.0, 9.0, 8.0]  Order: [9.35, 9.4, 9.26] Demand: [9.375]
Reward for thread 4: [-38.45, -31.58, -24.77] -31.6  Inventory: [0.0, 0.0, 0.0]  Order: [11.98, 12.06, 12.08] Demand: [12.835]
Reward for thread 5: [-19.43, -24.79, -22.22] -22.15  Inventory: [6.0, 30.0, 15.0]  Order: [9.34, 9.3, 9.23] Demand: [9.51]

 Algo happo Exp ippo_seed13_formal_v1 updates 294/3000 episodes, total num timesteps 295000/3000000, FPS 118.

Reward for thread 1: [-42.46, -27.49, -28.93] -32.96  Inventory: [0.0, 15.0, 19.0]  Order: [9.8, 9.63, 9.48] Demand: [10.01]
Reward for thread 2: [-13.58, -18.63, -18.0] -16.74  Inventory: [7.0, 30.0, 45.0]  Order: [10.72, 10.68, 10.7] Demand: [10.86]
Reward for thread 3: [-14.9, -20.13, -18.89] -17.97  Inventory: [0.0, 0.0, 0.0]  Order: [10.28, 10.18, 10.13] Demand: [10.17]
Reward for thread 4: [-10.54, -18.57, -19.36] -16.16  Inventory: [0.0, 0.0, 0.0]  Order: [3.48, 3.4, 3.29] Demand: [3.62]
Reward for thread 5: [-50.06, -35.22, -35.48] -40.25  Inventory: [0.0, 56.0, 55.0]  Order: [11.1, 11.14, 11.16] Demand: [11.335]

Eval average reward:  -134.37925  Eval ordering fluctuation measurement (downstream to upstream):  [0.7433280255070638, 1.232429306771811, 1.4881234203891556]

 Algo happo Exp ippo_seed13_formal_v1 updates 295/3000 episodes, total num timesteps 296000/3000000, FPS 118.

Reward for thread 1: [-20.39, -22.61, -20.77] -21.26  Inventory: [0.0, 16.0, 10.0]  Order: [10.12, 10.12, 10.12] Demand: [10.19]
Reward for thread 2: [-33.38, -26.83, -25.91] -28.71  Inventory: [0.0, 0.0, 0.0]  Order: [12.92, 13.0, 13.03] Demand: [13.2]
Reward for thread 3: [-122.77, -48.99, -42.67] -71.48  Inventory: [0.0, 0.0, 0.0]  Order: [12.85, 12.96, 12.96] Demand: [15.935]
Reward for thread 4: [-11.13, -20.73, -20.17] -17.34  Inventory: [0.0, 0.0, 2.0]  Order: [3.41, 3.24, 3.13] Demand: [3.49]
Reward for thread 5: [-13.67, -23.12, -21.87] -19.55  Inventory: [4.0, 29.0, 17.0]  Order: [4.62, 4.52, 4.36] Demand: [4.815]

 Algo happo Exp ippo_seed13_formal_v1 updates 296/3000 episodes, total num timesteps 297000/3000000, FPS 118.

Reward for thread 1: [-33.36, -24.32, -23.35] -27.01  Inventory: [145.0, 0.0, 7.0]  Order: [8.11, 7.88, 7.82] Demand: [7.25]
Reward for thread 2: [-12.57, -18.05, -16.79] -15.8  Inventory: [0.0, 0.0, 0.0]  Order: [8.72, 8.8, 8.68] Demand: [8.76]
Reward for thread 3: [-15.91, -33.93, -23.25] -24.36  Inventory: [7.0, 68.0, 24.0]  Order: [4.07, 4.16, 4.04] Demand: [4.285]
Reward for thread 4: [-12.96, -19.45, -19.54] -17.32  Inventory: [0.0, 7.0, 28.0]  Order: [7.4, 7.26, 7.17] Demand: [7.535]
Reward for thread 5: [-12.55, -21.98, -20.78] -18.44  Inventory: [0.0, 5.0, 9.0]  Order: [4.52, 4.34, 4.17] Demand: [4.69]

 Algo happo Exp ippo_seed13_formal_v1 updates 297/3000 episodes, total num timesteps 298000/3000000, FPS 118.

Reward for thread 1: [-12.87, -18.75, -17.71] -16.44  Inventory: [0.0, 15.0, 0.0]  Order: [6.48, 6.44, 6.3] Demand: [6.62]
Reward for thread 2: [-172.26, -259.71, -99.13] -177.03  Inventory: [0.0, 0.0, 18.0]  Order: [13.04, 8.88, 8.88] Demand: [11.105]
Reward for thread 3: [-17.27, -24.51, -23.78] -21.85  Inventory: [0.0, 0.0, 0.0]  Order: [8.44, 8.43, 8.46] Demand: [8.51]
Reward for thread 4: [-14.53, -24.19, -23.51] -20.74  Inventory: [0.0, 16.0, 31.0]  Order: [6.35, 6.21, 6.12] Demand: [6.48]
Reward for thread 5: [-14.41, -22.0, -22.98] -19.8  Inventory: [0.0, 0.0, 0.0]  Order: [6.12, 6.07, 5.88] Demand: [6.295]

 Algo happo Exp ippo_seed13_formal_v1 updates 298/3000 episodes, total num timesteps 299000/3000000, FPS 118.

Reward for thread 1: [-12.93, -22.66, -23.15] -19.58  Inventory: [0.0, 16.0, 26.0]  Order: [4.14, 4.0, 3.89] Demand: [4.36]
Reward for thread 2: [-40.47, -27.44, -25.25] -31.05  Inventory: [0.0, 0.0, 0.0]  Order: [13.32, 13.35, 13.4] Demand: [13.265]
Reward for thread 3: [-253.59, -79.95, -80.46] -138.0  Inventory: [0.0, 1.0, 32.0]  Order: [13.07, 13.02, 13.05] Demand: [15.54]
Reward for thread 4: [-377.02, -334.03, -153.18] -288.08  Inventory: [0.0, 0.0, 33.0]  Order: [12.88, 8.23, 8.18] Demand: [13.975]
Reward for thread 5: [-16.54, -19.84, -18.67] -18.35  Inventory: [12.0, 0.0, 0.0]  Order: [10.9, 10.99, 10.96] Demand: [10.695]

 Algo happo Exp ippo_seed13_formal_v1 updates 299/3000 episodes, total num timesteps 300000/3000000, FPS 118.

Reward for thread 1: [-33.19, -29.29, -29.7] -30.73  Inventory: [0.0, 41.0, 60.0]  Order: [11.46, 11.47, 11.52] Demand: [11.605]
Reward for thread 2: [-54.77, -36.29, -31.7] -40.92  Inventory: [0.0, 0.0, 0.0]  Order: [13.49, 13.45, 13.39] Demand: [14.38]
Reward for thread 3: [-12.6, -18.16, -17.47] -16.08  Inventory: [0.0, 7.0, 0.0]  Order: [6.42, 6.4, 6.29] Demand: [6.6]
Reward for thread 4: [-343.42, -283.21, -136.6] -254.41  Inventory: [0.0, 0.0, 2.0]  Order: [13.89, 9.02, 8.9] Demand: [15.16]
Reward for thread 5: [-12.49, -19.94, -19.1] -17.18  Inventory: [13.0, 38.0, 32.0]  Order: [5.36, 5.34, 5.29] Demand: [5.515]

Eval average reward:  -153.95658333333336  Eval ordering fluctuation measurement (downstream to upstream):  [0.9097057311265984, 0.9758499739926172, 1.2105843351137682]

 Algo happo Exp ippo_seed13_formal_v1 updates 300/3000 episodes, total num timesteps 301000/3000000, FPS 118.

Reward for thread 1: [-39.94, -41.38, -28.61] -36.64  Inventory: [0.0, 0.0, 9.0]  Order: [13.9, 13.06, 13.14] Demand: [14.075]
Reward for thread 2: [-54.14, -52.29, -32.9] -46.44  Inventory: [0.0, 0.0, 45.0]  Order: [12.21, 10.52, 10.52] Demand: [12.65]
Reward for thread 3: [-97.49, -155.62, -61.57] -104.89  Inventory: [232.0, 0.0, 0.0]  Order: [13.18, 9.78, 9.78] Demand: [8.845]
Reward for thread 4: [-59.08, -30.38, -29.87] -39.78  Inventory: [0.0, 0.0, 0.0]  Order: [14.08, 14.1, 14.1] Demand: [15.655]
Reward for thread 5: [-127.5, -191.74, -73.15] -130.8  Inventory: [0.0, 0.0, 8.0]  Order: [10.88, 7.46, 7.46] Demand: [8.675]

 Algo happo Exp ippo_seed13_formal_v1 updates 301/3000 episodes, total num timesteps 302000/3000000, FPS 118.

Reward for thread 1: [-99.86, -39.53, -38.33] -59.24  Inventory: [0.0, 0.0, 0.0]  Order: [14.43, 14.46, 14.46] Demand: [16.89]
Reward for thread 2: [-10.11, -17.63, -15.3] -14.35  Inventory: [4.0, 26.0, 16.0]  Order: [2.56, 2.44, 2.27] Demand: [2.785]
Reward for thread 3: [-24.02, -31.49, -32.67] -29.39  Inventory: [10.0, 51.0, 41.0]  Order: [7.76, 7.78, 7.74] Demand: [7.96]
Reward for thread 4: [-23.93, -24.45, -20.85] -23.08  Inventory: [0.0, 0.0, 0.0]  Order: [12.32, 12.22, 12.16] Demand: [12.46]
Reward for thread 5: [-32.15, -31.85, -27.91] -30.64  Inventory: [0.0, 0.0, 0.0]  Order: [10.97, 10.86, 10.66] Demand: [11.025]

 Algo happo Exp ippo_seed13_formal_v1 updates 302/3000 episodes, total num timesteps 303000/3000000, FPS 118.

Reward for thread 1: [-12.12, -21.96, -20.24] -18.11  Inventory: [6.0, 26.0, 26.0]  Order: [4.09, 4.0, 3.95] Demand: [4.265]
Reward for thread 2: [-17.75, -21.59, -22.29] -20.54  Inventory: [6.0, 45.0, 20.0]  Order: [8.91, 8.91, 8.77] Demand: [9.12]
Reward for thread 3: [-12.52, -17.86, -20.04] -16.81  Inventory: [22.0, 31.0, 45.0]  Order: [6.58, 6.48, 6.46] Demand: [6.68]
Reward for thread 4: [-13.7, -18.32, -20.09] -17.37  Inventory: [0.0, 9.0, 18.0]  Order: [8.54, 8.61, 8.62] Demand: [8.635]
Reward for thread 5: [-44.43, -24.53, -22.78] -30.58  Inventory: [0.0, 0.0, 0.0]  Order: [15.56, 15.6, 15.53] Demand: [15.635]

 Algo happo Exp ippo_seed13_formal_v1 updates 303/3000 episodes, total num timesteps 304000/3000000, FPS 118.

Reward for thread 1: [-11.41, -17.73, -19.27] -16.14  Inventory: [0.0, 0.0, 0.0]  Order: [5.99, 6.17, 6.17] Demand: [5.985]
Reward for thread 2: [-11.63, -19.15, -18.51] -16.43  Inventory: [1.0, 3.0, 0.0]  Order: [6.84, 6.94, 6.99] Demand: [6.85]
Reward for thread 3: [-41.18, -30.0, -32.39] -34.52  Inventory: [0.0, 0.0, 0.0]  Order: [11.38, 11.56, 11.52] Demand: [12.29]
Reward for thread 4: [-29.26, -28.68, -26.92] -28.29  Inventory: [1.0, 18.0, 0.0]  Order: [11.14, 11.15, 11.01] Demand: [11.205]
Reward for thread 5: [-12.02, -21.99, -21.93] -18.65  Inventory: [0.0, 39.0, 49.0]  Order: [3.28, 3.26, 3.27] Demand: [3.46]

 Algo happo Exp ippo_seed13_formal_v1 updates 304/3000 episodes, total num timesteps 305000/3000000, FPS 118.

Reward for thread 1: [-12.07, -22.51, -22.24] -18.94  Inventory: [0.0, 11.0, 0.0]  Order: [2.96, 2.9, 2.68] Demand: [3.135]
Reward for thread 2: [-17.98, -21.23, -21.74] -20.32  Inventory: [0.0, 0.0, 0.0]  Order: [10.4, 10.37, 10.23] Demand: [10.5]
Reward for thread 3: [-11.82, -18.92, -20.37] -17.04  Inventory: [6.0, 17.0, 44.0]  Order: [6.39, 6.24, 6.22] Demand: [6.495]
Reward for thread 4: [-25.93, -29.73, -27.58] -27.75  Inventory: [56.0, 12.0, 11.0]  Order: [8.72, 8.56, 8.4] Demand: [8.535]
Reward for thread 5: [-196.22, -443.84, -139.5] -259.85  Inventory: [0.0, 0.0, 40.0]  Order: [14.21, 7.16, 7.12] Demand: [8.865]

Eval average reward:  -99.21283333333335  Eval ordering fluctuation measurement (downstream to upstream):  [0.6278776251398226, 1.085853428730832, 1.3198249403651672]

 Algo happo Exp ippo_seed13_formal_v1 updates 305/3000 episodes, total num timesteps 306000/3000000, FPS 118.

Reward for thread 1: [-18.64, -25.28, -22.74] -22.22  Inventory: [14.0, 23.0, 55.0]  Order: [11.22, 11.2, 11.23] Demand: [11.21]
Reward for thread 2: [-122.29, -116.18, -60.26] -99.58  Inventory: [0.0, 0.0, 25.0]  Order: [12.2, 8.81, 8.78] Demand: [13.165]
Reward for thread 3: [-15.92, -22.94, -19.99] -19.62  Inventory: [0.0, 7.0, 28.0]  Order: [7.66, 7.6, 7.5] Demand: [7.72]
Reward for thread 4: [-118.14, -39.96, -42.39] -66.83  Inventory: [0.0, 0.0, 0.0]  Order: [13.5, 13.57, 13.56] Demand: [14.92]
Reward for thread 5: [-13.93, -20.36, -22.79] -19.03  Inventory: [1.0, 0.0, 0.0]  Order: [6.6, 6.63, 6.6] Demand: [6.705]

 Algo happo Exp ippo_seed13_formal_v1 updates 306/3000 episodes, total num timesteps 307000/3000000, FPS 118.

Reward for thread 1: [-44.47, -23.72, -23.26] -30.48  Inventory: [14.0, 34.0, 37.0]  Order: [14.27, 14.34, 14.46] Demand: [14.3]
Reward for thread 2: [-17.74, -22.19, -22.33] -20.75  Inventory: [14.0, 45.0, 40.0]  Order: [11.44, 11.44, 11.4] Demand: [11.585]
Reward for thread 3: [-18.07, -22.2, -22.36] -20.88  Inventory: [3.0, 42.0, 21.0]  Order: [9.26, 9.24, 9.14] Demand: [9.4]
Reward for thread 4: [-18.6, -24.23, -23.39] -22.07  Inventory: [20.0, 45.0, 57.0]  Order: [8.98, 8.96, 9.02] Demand: [9.11]
Reward for thread 5: [-20.23, -26.62, -26.47] -24.44  Inventory: [7.0, 50.0, 68.0]  Order: [8.32, 8.33, 8.42] Demand: [8.52]

 Algo happo Exp ippo_seed13_formal_v1 updates 307/3000 episodes, total num timesteps 308000/3000000, FPS 118.

Reward for thread 1: [-25.45, -20.74, -19.27] -21.82  Inventory: [0.0, 0.0, 0.0]  Order: [11.08, 11.16, 11.2] Demand: [11.22]
Reward for thread 2: [-41.59, -24.67, -23.77] -30.01  Inventory: [0.0, 0.0, 0.0]  Order: [15.06, 15.1, 15.1] Demand: [15.395]
Reward for thread 3: [-18.98, -25.91, -27.55] -24.15  Inventory: [0.0, 4.0, 48.0]  Order: [5.04, 4.88, 4.86] Demand: [5.175]
Reward for thread 4: [-12.82, -21.86, -24.86] -19.85  Inventory: [4.0, 25.0, 28.0]  Order: [3.29, 3.18, 3.06] Demand: [3.5]
Reward for thread 5: [-10.14, -15.06, -17.39] -14.2  Inventory: [4.0, 29.0, 35.0]  Order: [4.71, 4.61, 4.54] Demand: [4.915]

 Algo happo Exp ippo_seed13_formal_v1 updates 308/3000 episodes, total num timesteps 309000/3000000, FPS 118.

Reward for thread 1: [-24.84, -24.86, -24.24] -24.65  Inventory: [0.0, 0.0, 0.0]  Order: [10.86, 10.89, 10.92] Demand: [10.86]
Reward for thread 2: [-73.25, -35.31, -33.17] -47.24  Inventory: [0.0, 0.0, 0.0]  Order: [15.06, 15.12, 15.08] Demand: [16.4]
Reward for thread 3: [-38.88, -25.49, -26.0] -30.12  Inventory: [0.0, 0.0, 0.0]  Order: [10.41, 10.42, 10.36] Demand: [11.415]
Reward for thread 4: [-35.33, -25.66, -23.98] -28.32  Inventory: [0.0, 0.0, 0.0]  Order: [13.15, 13.22, 13.28] Demand: [13.95]
Reward for thread 5: [-18.16, -23.52, -23.06] -21.58  Inventory: [0.0, 0.0, 0.0]  Order: [9.74, 9.86, 9.8] Demand: [9.96]

 Algo happo Exp ippo_seed13_formal_v1 updates 309/3000 episodes, total num timesteps 310000/3000000, FPS 118.

Reward for thread 1: [-39.0, -31.04, -27.6] -32.55  Inventory: [0.0, 17.0, 0.0]  Order: [11.22, 11.38, 11.34] Demand: [12.18]
Reward for thread 2: [-111.02, -97.3, -54.06] -87.46  Inventory: [0.0, 0.0, 19.0]  Order: [14.59, 12.4, 12.52] Demand: [14.395]
Reward for thread 3: [-22.79, -21.08, -20.33] -21.4  Inventory: [35.0, 11.0, 51.0]  Order: [11.38, 11.32, 11.34] Demand: [11.45]
Reward for thread 4: [-16.05, -22.44, -25.35] -21.28  Inventory: [1.0, 0.0, 0.0]  Order: [5.72, 5.61, 5.36] Demand: [5.82]
Reward for thread 5: [-20.74, -27.82, -30.11] -26.22  Inventory: [7.0, 40.0, 34.0]  Order: [7.77, 7.72, 7.64] Demand: [7.94]

Eval average reward:  -26.933333333333334  Eval ordering fluctuation measurement (downstream to upstream):  [0.619230854869732, 0.9618638479604453, 1.1556682591071352]

 Algo happo Exp ippo_seed13_formal_v1 updates 310/3000 episodes, total num timesteps 311000/3000000, FPS 118.

Reward for thread 1: [-13.56, -22.85, -25.54] -20.65  Inventory: [0.0, 30.0, 60.0]  Order: [2.49, 2.4, 2.44] Demand: [2.715]
Reward for thread 2: [-12.3, -19.09, -21.86] -17.75  Inventory: [11.0, 21.0, 25.0]  Order: [5.5, 5.38, 5.4] Demand: [5.635]
Reward for thread 3: [-12.17, -17.87, -20.54] -16.86  Inventory: [0.0, 8.0, 22.0]  Order: [4.9, 4.88, 4.74] Demand: [5.005]
Reward for thread 4: [-24.77, -24.38, -22.02] -23.72  Inventory: [7.0, 43.0, 71.0]  Order: [11.06, 11.04, 11.15] Demand: [11.185]
Reward for thread 5: [-14.42, -21.01, -26.51] -20.65  Inventory: [14.0, 11.0, 0.0]  Order: [6.35, 6.24, 6.1] Demand: [6.49]

 Algo happo Exp ippo_seed13_formal_v1 updates 311/3000 episodes, total num timesteps 312000/3000000, FPS 118.

Reward for thread 1: [-81.28, -40.22, -33.77] -51.76  Inventory: [0.0, 12.0, 0.0]  Order: [14.32, 14.57, 14.56] Demand: [15.515]
Reward for thread 2: [-39.79, -26.12, -28.16] -31.36  Inventory: [0.0, 0.0, 0.0]  Order: [10.38, 10.26, 10.18] Demand: [11.615]
Reward for thread 3: [-87.02, -75.19, -46.33] -69.51  Inventory: [0.0, 0.0, 6.0]  Order: [12.81, 11.25, 11.3] Demand: [13.4]
Reward for thread 4: [-11.66, -17.83, -21.98] -17.16  Inventory: [7.0, 8.0, 16.0]  Order: [4.1, 3.98, 3.8] Demand: [4.28]
Reward for thread 5: [-16.2, -20.5, -23.44] -20.05  Inventory: [5.0, 12.0, 29.0]  Order: [9.0, 8.95, 8.86] Demand: [9.055]

 Algo happo Exp ippo_seed13_formal_v1 updates 312/3000 episodes, total num timesteps 313000/3000000, FPS 118.

Reward for thread 1: [-31.53, -22.03, -24.32] -25.96  Inventory: [22.0, 43.0, 53.0]  Order: [11.52, 11.51, 11.52] Demand: [11.55]
Reward for thread 2: [-138.01, -46.85, -47.68] -77.51  Inventory: [0.0, 31.0, 26.0]  Order: [14.14, 14.3, 14.38] Demand: [16.89]
Reward for thread 3: [-114.76, -47.08, -43.85] -68.56  Inventory: [18.0, 54.0, 50.0]  Order: [12.88, 12.94, 12.94] Demand: [12.99]
Reward for thread 4: [-23.62, -22.19, -20.69] -22.17  Inventory: [12.0, 26.0, 46.0]  Order: [10.51, 10.4, 10.38] Demand: [10.635]
Reward for thread 5: [-13.76, -18.5, -20.42] -17.56  Inventory: [0.0, 16.0, 16.0]  Order: [7.27, 7.2, 7.02] Demand: [7.43]

 Algo happo Exp ippo_seed13_formal_v1 updates 313/3000 episodes, total num timesteps 314000/3000000, FPS 118.

Reward for thread 1: [-17.59, -22.26, -24.88] -21.58  Inventory: [12.0, 0.0, 36.0]  Order: [9.84, 9.74, 9.67] Demand: [9.785]
Reward for thread 2: [-19.92, -25.17, -24.22] -23.1  Inventory: [0.0, 0.0, 0.0]  Order: [10.32, 10.26, 10.22] Demand: [10.335]
Reward for thread 3: [-52.2, -28.08, -29.76] -36.68  Inventory: [0.0, 0.0, 0.0]  Order: [11.06, 11.16, 11.18] Demand: [11.685]
Reward for thread 4: [-18.7, -24.27, -25.86] -22.94  Inventory: [19.0, 24.0, 41.0]  Order: [7.58, 7.56, 7.51] Demand: [7.6]
Reward for thread 5: [-13.75, -23.38, -27.74] -21.62  Inventory: [6.0, 52.0, 34.0]  Order: [2.42, 2.66, 2.68] Demand: [2.615]

 Algo happo Exp ippo_seed13_formal_v1 updates 314/3000 episodes, total num timesteps 315000/3000000, FPS 118.

Reward for thread 1: [-72.71, -34.9, -34.32] -47.31  Inventory: [0.0, 0.0, 0.0]  Order: [14.1, 14.2, 14.22] Demand: [15.67]
Reward for thread 2: [-16.3, -22.97, -28.3] -22.52  Inventory: [7.0, 23.0, 51.0]  Order: [5.44, 5.39, 5.4] Demand: [5.555]
Reward for thread 3: [-19.02, -26.96, -25.24] -23.74  Inventory: [0.0, 0.0, 0.0]  Order: [7.58, 7.76, 7.68] Demand: [7.55]
Reward for thread 4: [-12.17, -17.52, -21.1] -16.93  Inventory: [8.0, 7.0, 18.0]  Order: [4.95, 4.87, 4.8] Demand: [5.085]
Reward for thread 5: [-14.39, -20.16, -21.64] -18.73  Inventory: [10.0, 12.0, 0.0]  Order: [5.24, 5.24, 5.21] Demand: [5.34]

Eval average reward:  -27.646  Eval ordering fluctuation measurement (downstream to upstream):  [0.6364857196409979, 0.9855924237858116, 1.1799511799945992]

 Algo happo Exp ippo_seed13_formal_v1 updates 315/3000 episodes, total num timesteps 316000/3000000, FPS 118.

Reward for thread 1: [-26.97, -22.57, -22.62] -24.05  Inventory: [0.0, 17.0, 15.0]  Order: [10.68, 10.69, 10.58] Demand: [10.79]
Reward for thread 2: [-14.77, -20.96, -23.3] -19.68  Inventory: [3.0, 21.0, 42.0]  Order: [5.84, 5.7, 5.69] Demand: [6.]
Reward for thread 3: [-23.02, -25.21, -26.28] -24.84  Inventory: [0.0, 0.0, 0.0]  Order: [10.24, 10.22, 10.25] Demand: [10.45]
Reward for thread 4: [-14.56, -18.76, -23.52] -18.95  Inventory: [5.0, 9.0, 29.0]  Order: [7.22, 7.05, 6.94] Demand: [7.25]
Reward for thread 5: [-280.83, -132.11, -93.54] -168.83  Inventory: [1330.0, 0.0, 0.0]  Order: [11.75, 9.85, 9.86] Demand: [3.23]

 Algo happo Exp ippo_seed13_formal_v1 updates 316/3000 episodes, total num timesteps 317000/3000000, FPS 118.

Reward for thread 1: [-120.37, -197.62, -76.87] -131.62  Inventory: [21.0, 0.0, 0.0]  Order: [13.53, 10.82, 10.78] Demand: [10.695]
Reward for thread 2: [-13.66, -21.02, -23.93] -19.54  Inventory: [1.0, 27.0, 44.0]  Order: [4.74, 4.62, 4.65] Demand: [4.945]
Reward for thread 3: [-32.34, -22.75, -23.92] -26.34  Inventory: [0.0, 0.0, 0.0]  Order: [11.27, 11.39, 11.37] Demand: [11.89]
Reward for thread 4: [-16.96, -18.35, -17.25] -17.52  Inventory: [0.0, 0.0, 0.0]  Order: [11.12, 11.2, 11.2] Demand: [11.095]
Reward for thread 5: [-44.18, -28.78, -27.79] -33.58  Inventory: [8.0, 22.0, 52.0]  Order: [12.98, 12.92, 12.93] Demand: [13.07]

 Algo happo Exp ippo_seed13_formal_v1 updates 317/3000 episodes, total num timesteps 318000/3000000, FPS 118.

Reward for thread 1: [-15.57, -20.34, -23.39] -19.77  Inventory: [23.0, 36.0, 50.0]  Order: [7.57, 7.5, 7.57] Demand: [7.645]
Reward for thread 2: [-31.39, -22.87, -21.86] -25.37  Inventory: [0.0, 5.0, 0.0]  Order: [12.95, 13.05, 13.08] Demand: [12.95]
Reward for thread 3: [-33.82, -31.24, -31.24] -32.1  Inventory: [0.0, 0.0, 0.0]  Order: [11.08, 10.85, 10.82] Demand: [10.89]
Reward for thread 4: [-15.08, -23.5, -29.57] -22.72  Inventory: [12.0, 41.0, 21.0]  Order: [3.21, 3.16, 3.02] Demand: [3.4]
Reward for thread 5: [-13.03, -17.01, -20.08] -16.71  Inventory: [8.0, 4.0, 21.0]  Order: [6.89, 6.8, 6.78] Demand: [6.94]

 Algo happo Exp ippo_seed13_formal_v1 updates 318/3000 episodes, total num timesteps 319000/3000000, FPS 118.

Reward for thread 1: [-17.42, -29.53, -27.43] -24.79  Inventory: [10.0, 67.0, 20.0]  Order: [1.92, 2.06, 1.91] Demand: [2.115]
Reward for thread 2: [-22.42, -23.78, -22.88] -23.03  Inventory: [0.0, 0.0, 0.0]  Order: [10.14, 10.14, 10.12] Demand: [10.525]
Reward for thread 3: [-14.69, -20.74, -24.56] -20.0  Inventory: [9.0, 19.0, 19.0]  Order: [5.2, 5.16, 5.2] Demand: [5.28]
Reward for thread 4: [-143.84, -55.07, -52.01] -83.64  Inventory: [1035.0, 0.0, 0.0]  Order: [10.76, 10.88, 10.92] Demand: [5.43]
Reward for thread 5: [-18.4, -24.14, -25.36] -22.63  Inventory: [2.0, 12.0, 0.0]  Order: [8.14, 8.14, 7.97] Demand: [8.24]

 Algo happo Exp ippo_seed13_formal_v1 updates 319/3000 episodes, total num timesteps 320000/3000000, FPS 118.

Reward for thread 1: [-21.44, -23.05, -23.96] -22.82  Inventory: [7.0, 16.0, 22.0]  Order: [9.09, 8.94, 8.8] Demand: [9.285]
Reward for thread 2: [-46.6, -30.85, -29.61] -35.69  Inventory: [18.0, 56.0, 61.0]  Order: [14.1, 14.14, 14.22] Demand: [14.19]
Reward for thread 3: [-16.99, -22.98, -27.8] -22.59  Inventory: [9.0, 44.0, 30.0]  Order: [6.41, 6.42, 6.34] Demand: [6.605]
Reward for thread 4: [-121.66, -45.73, -43.81] -70.4  Inventory: [0.0, 0.0, 0.0]  Order: [13.09, 13.12, 13.12] Demand: [14.555]
Reward for thread 5: [-46.17, -29.72, -30.87] -35.59  Inventory: [2.0, 8.0, 25.0]  Order: [11.3, 11.22, 11.18] Demand: [11.365]

Eval average reward:  -24.422416666666667  Eval ordering fluctuation measurement (downstream to upstream):  [0.718498055657396, 1.0353430999380207, 1.2169665391226185]

 Algo happo Exp ippo_seed13_formal_v1 updates 320/3000 episodes, total num timesteps 321000/3000000, FPS 118.

Reward for thread 1: [-26.74, -30.31, -30.61] -29.22  Inventory: [0.0, 0.0, 0.0]  Order: [9.51, 9.56, 9.38] Demand: [9.35]
Reward for thread 2: [-27.72, -24.03, -25.21] -25.65  Inventory: [0.0, 0.0, 0.0]  Order: [12.86, 13.1, 13.08] Demand: [13.27]
Reward for thread 3: [-15.99, -20.93, -23.59] -20.17  Inventory: [10.0, 44.0, 42.0]  Order: [7.82, 7.8, 7.76] Demand: [7.99]
Reward for thread 4: [-16.14, -21.75, -23.75] -20.55  Inventory: [0.0, 0.0, 0.0]  Order: [7.58, 7.56, 7.41] Demand: [7.66]
Reward for thread 5: [-12.29, -17.69, -23.17] -17.72  Inventory: [18.0, 14.0, 32.0]  Order: [3.5, 3.32, 3.24] Demand: [3.645]

 Algo happo Exp ippo_seed13_formal_v1 updates 321/3000 episodes, total num timesteps 322000/3000000, FPS 118.

Reward for thread 1: [-17.05, -23.66, -24.57] -21.76  Inventory: [0.0, 8.0, 22.0]  Order: [8.71, 8.71, 8.6] Demand: [8.805]
Reward for thread 2: [-13.17, -17.37, -19.79] -16.78  Inventory: [0.0, 0.0, 0.0]  Order: [7.2, 7.2, 7.18] Demand: [7.08]
Reward for thread 3: [-40.55, -30.78, -32.74] -34.69  Inventory: [1.0, 15.0, 11.0]  Order: [13.52, 13.48, 13.4] Demand: [13.54]
Reward for thread 4: [-11.76, -18.12, -22.21] -17.36  Inventory: [10.0, 10.0, 0.0]  Order: [3.13, 3.14, 3.09] Demand: [3.295]
Reward for thread 5: [-15.67, -21.59, -23.04] -20.1  Inventory: [14.0, 14.0, 27.0]  Order: [5.54, 5.5, 5.5] Demand: [5.645]

 Algo happo Exp ippo_seed13_formal_v1 updates 322/3000 episodes, total num timesteps 323000/3000000, FPS 118.

Reward for thread 1: [-475.74, -140.31, -140.47] -252.17  Inventory: [2069.0, 0.0, 0.0]  Order: [12.68, 12.76, 12.8] Demand: [2.115]
Reward for thread 2: [-17.75, -25.46, -28.29] -23.83  Inventory: [7.0, 30.0, 41.0]  Order: [7.18, 7.08, 7.05] Demand: [7.27]
Reward for thread 3: [-32.9, -24.65, -24.25] -27.27  Inventory: [3.0, 8.0, 0.0]  Order: [11.15, 11.14, 11.03] Demand: [11.285]
Reward for thread 4: [-27.74, -26.73, -26.72] -27.06  Inventory: [24.0, 39.0, 52.0]  Order: [11.36, 11.38, 11.44] Demand: [11.43]
Reward for thread 5: [-51.47, -36.68, -33.22] -40.46  Inventory: [11.0, 36.0, 67.0]  Order: [11.88, 11.82, 11.9] Demand: [12.02]

 Algo happo Exp ippo_seed13_formal_v1 updates 323/3000 episodes, total num timesteps 324000/3000000, FPS 118.

Reward for thread 1: [-14.04, -20.8, -26.47] -20.44  Inventory: [1.0, 71.0, 47.0]  Order: [3.48, 3.58, 3.58] Demand: [3.615]
Reward for thread 2: [-15.96, -20.25, -22.54] -19.58  Inventory: [7.0, 20.0, 20.0]  Order: [4.35, 4.2, 4.05] Demand: [4.56]
Reward for thread 3: [-13.63, -19.61, -23.58] -18.94  Inventory: [0.0, 0.0, 0.0]  Order: [4.5, 4.65, 4.47] Demand: [4.575]
Reward for thread 4: [-47.75, -30.13, -27.4] -35.09  Inventory: [0.0, 0.0, 0.0]  Order: [13.5, 13.61, 13.63] Demand: [13.615]
Reward for thread 5: [-16.97, -21.9, -22.96] -20.61  Inventory: [22.0, 11.0, 24.0]  Order: [7.81, 7.64, 7.53] Demand: [7.915]

 Algo happo Exp ippo_seed13_formal_v1 updates 324/3000 episodes, total num timesteps 325000/3000000, FPS 118.

Reward for thread 1: [-11.67, -16.1, -22.04] -16.6  Inventory: [0.0, 7.0, 36.0]  Order: [4.51, 4.41, 4.34] Demand: [4.705]
Reward for thread 2: [-35.18, -33.6, -29.3] -32.69  Inventory: [0.0, 0.0, 0.0]  Order: [12.6, 12.65, 12.62] Demand: [12.645]
Reward for thread 3: [-30.89, -25.96, -24.68] -27.18  Inventory: [0.0, 0.0, 0.0]  Order: [12.9, 12.9, 12.9] Demand: [13.195]
Reward for thread 4: [-11.54, -15.76, -19.68] -15.66  Inventory: [0.0, 35.0, 33.0]  Order: [3.8, 3.72, 3.64] Demand: [4.005]
Reward for thread 5: [-55.46, -30.06, -30.51] -38.68  Inventory: [0.0, 0.0, 0.0]  Order: [12.12, 12.1, 12.06] Demand: [13.625]

Eval average reward:  -26.71175  Eval ordering fluctuation measurement (downstream to upstream):  [0.7623505927896931, 1.0576214960119028, 1.187360705717431]

 Algo happo Exp ippo_seed13_formal_v1 updates 325/3000 episodes, total num timesteps 326000/3000000, FPS 118.

Reward for thread 1: [-12.22, -20.41, -23.03] -18.55  Inventory: [5.0, 35.0, 24.0]  Order: [1.78, 1.72, 1.59] Demand: [1.985]
Reward for thread 2: [-13.94, -19.75, -23.32] -19.0  Inventory: [7.0, 0.0, 0.0]  Order: [5.56, 5.74, 5.63] Demand: [5.665]
Reward for thread 3: [-32.87, -31.43, -30.69] -31.66  Inventory: [10.0, 27.0, 37.0]  Order: [5.58, 5.48, 5.42] Demand: [5.72]
Reward for thread 4: [-13.28, -17.07, -22.99] -17.78  Inventory: [4.0, 20.0, 0.0]  Order: [6.34, 6.52, 6.62] Demand: [6.29]
Reward for thread 5: [-13.67, -17.82, -19.42] -16.97  Inventory: [0.0, 34.0, 45.0]  Order: [6.86, 6.86, 6.92] Demand: [7.025]

 Algo happo Exp ippo_seed13_formal_v1 updates 326/3000 episodes, total num timesteps 327000/3000000, FPS 118.

Reward for thread 1: [-33.78, -30.16, -26.43] -30.12  Inventory: [5.0, 8.0, 12.0]  Order: [14.1, 14.14, 14.24] Demand: [14.075]
Reward for thread 2: [-12.91, -18.39, -23.43] -18.24  Inventory: [0.0, 14.0, 10.0]  Order: [4.08, 4.0, 3.82] Demand: [4.23]
Reward for thread 3: [-14.71, -18.34, -21.75] -18.27  Inventory: [5.0, 28.0, 26.0]  Order: [6.61, 6.58, 6.56] Demand: [6.73]
Reward for thread 4: [-17.13, -21.72, -22.86] -20.57  Inventory: [4.0, 25.0, 28.0]  Order: [7.46, 7.36, 7.25] Demand: [7.675]
Reward for thread 5: [-12.64, -19.81, -21.21] -17.89  Inventory: [5.0, 36.0, 29.0]  Order: [3.16, 3.09, 3.0] Demand: [3.375]

 Algo happo Exp ippo_seed13_formal_v1 updates 327/3000 episodes, total num timesteps 328000/3000000, FPS 118.

Reward for thread 1: [-12.53, -18.46, -22.54] -17.84  Inventory: [0.0, 16.0, 8.0]  Order: [6.2, 6.17, 5.98] Demand: [6.325]
Reward for thread 2: [-13.68, -19.92, -24.8] -19.47  Inventory: [5.0, 9.0, 32.0]  Order: [3.71, 3.54, 3.46] Demand: [3.905]
Reward for thread 3: [-16.22, -17.52, -19.35] -17.7  Inventory: [20.0, 35.0, 26.0]  Order: [9.8, 9.74, 9.64] Demand: [9.875]
Reward for thread 4: [-10.62, -15.88, -17.76] -14.75  Inventory: [17.0, 21.0, 10.0]  Order: [2.6, 2.5, 2.56] Demand: [2.755]
Reward for thread 5: [-12.98, -20.43, -23.59] -19.0  Inventory: [3.0, 19.0, 29.0]  Order: [1.98, 1.84, 1.74] Demand: [2.175]

 Algo happo Exp ippo_seed13_formal_v1 updates 328/3000 episodes, total num timesteps 329000/3000000, FPS 118.

Reward for thread 1: [-14.03, -19.86, -23.48] -19.12  Inventory: [0.0, 0.0, 0.0]  Order: [6.5, 6.6, 6.56] Demand: [6.49]
Reward for thread 2: [-26.14, -27.44, -27.45] -27.01  Inventory: [0.0, 0.0, 0.0]  Order: [9.02, 8.96, 8.97] Demand: [9.065]
Reward for thread 3: [-14.45, -19.72, -26.63] -20.27  Inventory: [20.0, 42.0, 42.0]  Order: [4.32, 4.28, 4.39] Demand: [4.435]
Reward for thread 4: [-28.3, -25.24, -23.81] -25.78  Inventory: [0.0, 0.0, 0.0]  Order: [12.14, 12.04, 12.0] Demand: [12.5]
Reward for thread 5: [-12.81, -19.78, -25.9] -19.5  Inventory: [13.0, 5.0, 8.0]  Order: [2.84, 2.74, 2.6] Demand: [2.985]

 Algo happo Exp ippo_seed13_formal_v1 updates 329/3000 episodes, total num timesteps 330000/3000000, FPS 118.

Reward for thread 1: [-14.98, -23.73, -25.84] -21.52  Inventory: [0.0, 5.0, 23.0]  Order: [4.33, 4.2, 4.08] Demand: [4.51]
Reward for thread 2: [-27.34, -24.87, -24.96] -25.72  Inventory: [0.0, 0.0, 0.0]  Order: [11.8, 11.86, 11.88] Demand: [11.905]
Reward for thread 3: [-13.02, -21.58, -22.91] -19.17  Inventory: [4.0, 27.0, 19.0]  Order: [2.7, 2.6, 2.45] Demand: [2.935]
Reward for thread 4: [-38.62, -22.94, -23.75] -28.44  Inventory: [0.0, 0.0, 0.0]  Order: [11.9, 11.9, 11.88] Demand: [11.94]
Reward for thread 5: [-14.05, -20.43, -23.13] -19.2  Inventory: [7.0, 2.0, 0.0]  Order: [6.37, 6.3, 6.2] Demand: [6.51]

Eval average reward:  -39.50091666666667  Eval ordering fluctuation measurement (downstream to upstream):  [0.7039927843109424, 1.0456458948032576, 1.229417736046591]

 Algo happo Exp ippo_seed13_formal_v1 updates 330/3000 episodes, total num timesteps 331000/3000000, FPS 118.

Reward for thread 1: [-63.81, -30.21, -29.06] -41.03  Inventory: [12.0, 22.0, 0.0]  Order: [14.25, 14.43, 14.37] Demand: [14.27]
Reward for thread 2: [-37.24, -27.34, -29.44] -31.34  Inventory: [285.0, 0.0, 0.0]  Order: [6.82, 6.8, 6.74] Demand: [5.24]
Reward for thread 3: [-179.16, -55.51, -55.23] -96.63  Inventory: [0.0, 8.0, 0.0]  Order: [13.37, 13.44, 13.46] Demand: [16.32]
Reward for thread 4: [-12.05, -17.34, -20.28] -16.56  Inventory: [0.0, 0.0, 1.0]  Order: [5.44, 5.3, 5.11] Demand: [5.585]
Reward for thread 5: [-12.42, -17.72, -22.46] -17.53  Inventory: [6.0, 18.0, 12.0]  Order: [5.2, 5.12, 5.14] Demand: [5.225]

 Algo happo Exp ippo_seed13_formal_v1 updates 331/3000 episodes, total num timesteps 332000/3000000, FPS 118.

Reward for thread 1: [-13.73, -20.03, -21.3] -18.35  Inventory: [3.0, 13.0, 20.0]  Order: [6.54, 6.44, 6.28] Demand: [6.695]
Reward for thread 2: [-36.36, -23.6, -24.46] -28.14  Inventory: [0.0, 5.0, 0.0]  Order: [12.11, 12.25, 12.23] Demand: [12.68]
Reward for thread 3: [-89.0, -36.25, -37.19] -54.15  Inventory: [0.0, 0.0, 0.0]  Order: [13.98, 14.02, 14.02] Demand: [15.5]
Reward for thread 4: [-120.0, -44.54, -43.26] -69.27  Inventory: [0.0, 0.0, 0.0]  Order: [14.52, 14.45, 14.44] Demand: [16.65]
Reward for thread 5: [-53.34, -30.09, -29.54] -37.66  Inventory: [0.0, 53.0, 71.0]  Order: [11.13, 11.18, 11.28] Demand: [11.305]

 Algo happo Exp ippo_seed13_formal_v1 updates 332/3000 episodes, total num timesteps 333000/3000000, FPS 118.

Reward for thread 1: [-11.22, -15.22, -20.8] -15.75  Inventory: [14.0, 14.0, 16.0]  Order: [4.43, 4.38, 4.43] Demand: [4.525]
Reward for thread 2: [-24.06, -20.23, -19.75] -21.35  Inventory: [4.0, 0.0, 0.0]  Order: [12.6, 12.61, 12.5] Demand: [12.6]
Reward for thread 3: [-13.45, -19.32, -18.98] -17.25  Inventory: [8.0, 0.0, 6.0]  Order: [9.02, 8.96, 8.86] Demand: [9.1]
Reward for thread 4: [-27.48, -19.36, -21.22] -22.69  Inventory: [0.0, 5.0, 0.0]  Order: [11.24, 11.38, 11.4] Demand: [11.41]
Reward for thread 5: [-45.99, -24.0, -24.16] -31.38  Inventory: [0.0, 0.0, 0.0]  Order: [13.14, 13.26, 13.22] Demand: [14.54]

 Algo happo Exp ippo_seed13_formal_v1 updates 333/3000 episodes, total num timesteps 334000/3000000, FPS 118.

Reward for thread 1: [-24.08, -28.24, -29.83] -27.38  Inventory: [0.0, 10.0, 0.0]  Order: [7.86, 8.04, 8.02] Demand: [8.18]
Reward for thread 2: [-21.33, -22.64, -23.2] -22.39  Inventory: [0.0, 0.0, 0.0]  Order: [10.56, 10.5, 10.41] Demand: [10.61]
Reward for thread 3: [-15.42, -20.24, -28.07] -21.24  Inventory: [0.0, 11.0, 24.0]  Order: [2.5, 2.32, 2.19] Demand: [2.705]
Reward for thread 4: [-12.54, -20.41, -24.12] -19.02  Inventory: [7.0, 4.0, 21.0]  Order: [2.5, 2.38, 2.24] Demand: [2.665]
Reward for thread 5: [-29.33, -20.8, -21.02] -23.72  Inventory: [0.0, 3.0, 6.0]  Order: [12.92, 12.98, 13.0] Demand: [13.695]

 Algo happo Exp ippo_seed13_formal_v1 updates 334/3000 episodes, total num timesteps 335000/3000000, FPS 118.

Reward for thread 1: [-12.65, -19.59, -24.58] -18.94  Inventory: [8.0, 21.0, 26.0]  Order: [1.52, 1.38, 1.26] Demand: [1.735]
Reward for thread 2: [-17.7, -21.46, -21.24] -20.13  Inventory: [0.0, 0.0, 0.0]  Order: [9.77, 9.75, 9.82] Demand: [9.67]
Reward for thread 3: [-15.34, -20.6, -20.44] -18.79  Inventory: [0.0, 0.0, 24.0]  Order: [11.02, 11.01, 10.98] Demand: [11.05]
Reward for thread 4: [-17.44, -24.54, -23.4] -21.79  Inventory: [0.0, 0.0, 0.0]  Order: [9.26, 9.09, 9.06] Demand: [9.04]
Reward for thread 5: [-133.66, -45.34, -45.35] -74.78  Inventory: [0.0, 0.0, 0.0]  Order: [14.35, 14.36, 14.29] Demand: [15.645]

Eval average reward:  -39.738  Eval ordering fluctuation measurement (downstream to upstream):  [0.7405890364493377, 1.0341408402295686, 1.2199371395715022]

 Algo happo Exp ippo_seed13_formal_v1 updates 335/3000 episodes, total num timesteps 336000/3000000, FPS 118.

Reward for thread 1: [-17.5, -24.57, -24.3] -22.12  Inventory: [0.0, 7.0, 9.0]  Order: [6.86, 6.8, 6.65] Demand: [6.97]
Reward for thread 2: [-63.64, -32.54, -31.37] -42.52  Inventory: [0.0, 0.0, 0.0]  Order: [11.58, 11.62, 11.6] Demand: [12.545]
Reward for thread 3: [-12.16, -16.23, -19.47] -15.95  Inventory: [0.0, 0.0, 0.0]  Order: [7.96, 7.86, 7.81] Demand: [7.885]
Reward for thread 4: [-55.38, -36.07, -29.76] -40.4  Inventory: [0.0, 14.0, 0.0]  Order: [13.32, 13.47, 13.52] Demand: [13.77]
Reward for thread 5: [-12.34, -18.53, -25.92] -18.93  Inventory: [1.0, 6.0, 16.0]  Order: [2.61, 2.48, 2.36] Demand: [2.81]

 Algo happo Exp ippo_seed13_formal_v1 updates 336/3000 episodes, total num timesteps 337000/3000000, FPS 118.

Reward for thread 1: [-13.55, -18.2, -21.36] -17.7  Inventory: [0.0, 0.0, 0.0]  Order: [6.28, 6.13, 6.0] Demand: [6.27]
Reward for thread 2: [-13.41, -16.25, -16.44] -15.37  Inventory: [0.0, 6.0, 19.0]  Order: [10.22, 10.28, 10.23] Demand: [10.305]
Reward for thread 3: [-17.94, -20.85, -23.66] -20.82  Inventory: [18.0, 5.0, 5.0]  Order: [9.28, 9.18, 9.1] Demand: [9.29]
Reward for thread 4: [-21.36, -23.31, -23.86] -22.84  Inventory: [0.0, 0.0, 2.0]  Order: [10.18, 10.1, 9.99] Demand: [10.26]
Reward for thread 5: [-14.66, -19.54, -21.51] -18.57  Inventory: [63.0, 18.0, 61.0]  Order: [6.6, 6.44, 6.51] Demand: [6.455]

 Algo happo Exp ippo_seed13_formal_v1 updates 337/3000 episodes, total num timesteps 338000/3000000, FPS 118.

Reward for thread 1: [-77.07, -35.25, -31.23] -47.85  Inventory: [0.0, 2.0, 7.0]  Order: [14.98, 15.0, 15.06] Demand: [15.295]
Reward for thread 2: [-35.02, -24.12, -21.14] -26.76  Inventory: [0.0, 13.0, 7.0]  Order: [11.88, 11.99, 12.04] Demand: [11.925]
Reward for thread 3: [-80.47, -34.69, -32.92] -49.36  Inventory: [0.0, 0.0, 0.0]  Order: [14.66, 14.65, 14.72] Demand: [15.265]
Reward for thread 4: [-13.15, -18.24, -19.98] -17.12  Inventory: [11.0, 61.0, 49.0]  Order: [5.82, 5.89, 5.92] Demand: [5.925]
Reward for thread 5: [-38.21, -25.95, -21.88] -28.68  Inventory: [0.0, 0.0, 7.0]  Order: [13.46, 13.47, 13.47] Demand: [13.675]

 Algo happo Exp ippo_seed13_formal_v1 updates 338/3000 episodes, total num timesteps 339000/3000000, FPS 118.

Reward for thread 1: [-23.65, -21.36, -21.64] -22.22  Inventory: [0.0, 39.0, 3.0]  Order: [10.35, 10.58, 10.48] Demand: [11.18]
Reward for thread 2: [-15.28, -18.8, -21.6] -18.56  Inventory: [8.0, 0.0, 18.0]  Order: [5.9, 5.78, 5.64] Demand: [6.015]
Reward for thread 3: [-15.45, -22.89, -25.8] -21.38  Inventory: [8.0, 42.0, 43.0]  Order: [3.83, 3.79, 3.76] Demand: [4.04]
Reward for thread 4: [-43.46, -23.39, -23.35] -30.07  Inventory: [0.0, 0.0, 0.0]  Order: [13.52, 13.58, 13.63] Demand: [14.315]
Reward for thread 5: [-44.66, -25.26, -25.53] -31.82  Inventory: [0.0, 0.0, 0.0]  Order: [12.43, 12.51, 12.52] Demand: [13.485]

 Algo happo Exp ippo_seed13_formal_v1 updates 339/3000 episodes, total num timesteps 340000/3000000, FPS 118.

Reward for thread 1: [-13.64, -18.3, -20.16] -17.37  Inventory: [9.0, 7.0, 24.0]  Order: [9.28, 9.24, 9.12] Demand: [9.385]
Reward for thread 2: [-31.97, -19.16, -19.01] -23.38  Inventory: [0.0, 4.0, 0.0]  Order: [12.79, 12.95, 12.96] Demand: [13.81]
Reward for thread 3: [-16.65, -19.18, -19.29] -18.37  Inventory: [0.0, 0.0, 0.0]  Order: [10.67, 10.74, 10.75] Demand: [10.64]
Reward for thread 4: [-33.03, -26.63, -28.43] -29.36  Inventory: [0.0, 6.0, 11.0]  Order: [8.54, 8.62, 8.7] Demand: [8.88]
Reward for thread 5: [-16.69, -21.56, -22.49] -20.25  Inventory: [0.0, 0.0, 0.0]  Order: [9.43, 9.5, 9.49] Demand: [9.535]

Eval average reward:  -35.274583333333325  Eval ordering fluctuation measurement (downstream to upstream):  [0.7851879834661312, 1.0813947583845345, 1.1863531744781188]

 Algo happo Exp ippo_seed13_formal_v1 updates 340/3000 episodes, total num timesteps 341000/3000000, FPS 118.

Reward for thread 1: [-16.26, -22.38, -24.95] -21.2  Inventory: [0.0, 0.0, 20.0]  Order: [6.2, 6.11, 5.96] Demand: [6.36]
Reward for thread 2: [-18.11, -20.43, -20.92] -19.82  Inventory: [0.0, 0.0, 0.0]  Order: [10.32, 10.27, 10.3] Demand: [10.33]
Reward for thread 3: [-47.28, -30.73, -26.36] -34.79  Inventory: [0.0, 0.0, 0.0]  Order: [12.02, 11.83, 11.78] Demand: [12.55]
Reward for thread 4: [-26.73, -23.19, -24.57] -24.83  Inventory: [4.0, 0.0, 4.0]  Order: [10.45, 10.44, 10.46] Demand: [10.395]
Reward for thread 5: [-14.22, -19.12, -25.42] -19.59  Inventory: [12.0, 12.0, 44.0]  Order: [4.96, 4.78, 4.76] Demand: [5.12]

 Algo happo Exp ippo_seed13_formal_v1 updates 341/3000 episodes, total num timesteps 342000/3000000, FPS 118.

Reward for thread 1: [-24.09, -19.66, -21.7] -21.82  Inventory: [0.0, 0.0, 0.0]  Order: [11.62, 11.78, 11.82] Demand: [11.595]
Reward for thread 2: [-15.94, -20.9, -22.94] -19.93  Inventory: [18.0, 32.0, 40.0]  Order: [7.31, 7.23, 7.18] Demand: [7.44]
Reward for thread 3: [-16.42, -18.07, -17.44] -17.31  Inventory: [0.0, 0.0, 0.0]  Order: [12.19, 12.27, 12.24] Demand: [12.405]
Reward for thread 4: [-13.43, -18.23, -22.22] -17.96  Inventory: [9.0, 18.0, 36.0]  Order: [5.2, 5.06, 5.0] Demand: [5.4]
Reward for thread 5: [-14.15, -17.22, -24.07] -18.48  Inventory: [12.0, 17.0, 25.0]  Order: [5.31, 5.16, 5.04] Demand: [5.47]

 Algo happo Exp ippo_seed13_formal_v1 updates 342/3000 episodes, total num timesteps 343000/3000000, FPS 118.

Reward for thread 1: [-15.53, -22.57, -25.6] -21.23  Inventory: [0.0, 3.0, 0.0]  Order: [7.25, 7.37, 7.24] Demand: [7.37]
Reward for thread 2: [-119.52, -44.21, -42.32] -68.68  Inventory: [0.0, 6.0, 0.0]  Order: [14.74, 14.92, 15.0] Demand: [16.735]
Reward for thread 3: [-13.43, -19.8, -25.8] -19.68  Inventory: [12.0, 27.0, 32.0]  Order: [3.34, 3.27, 3.18] Demand: [3.525]
Reward for thread 4: [-29.69, -21.24, -25.74] -25.56  Inventory: [207.0, 0.0, 0.0]  Order: [5.62, 5.44, 5.43] Demand: [4.465]
Reward for thread 5: [-15.8, -20.2, -28.46] -21.49  Inventory: [10.0, 39.0, 33.0]  Order: [3.99, 3.94, 3.86] Demand: [4.19]

 Algo happo Exp ippo_seed13_formal_v1 updates 343/3000 episodes, total num timesteps 344000/3000000, FPS 118.

Reward for thread 1: [-11.47, -14.23, -17.56] -14.42  Inventory: [6.0, 24.0, 37.0]  Order: [6.71, 6.6, 6.54] Demand: [6.905]
Reward for thread 2: [-12.51, -17.61, -22.23] -17.45  Inventory: [10.0, 27.0, 52.0]  Order: [4.38, 4.28, 4.31] Demand: [4.5]
Reward for thread 3: [-17.81, -21.59, -23.85] -21.08  Inventory: [0.0, 0.0, 0.0]  Order: [8.38, 8.37, 8.34] Demand: [8.45]
Reward for thread 4: [-22.83, -21.53, -22.39] -22.25  Inventory: [0.0, 40.0, 0.0]  Order: [7.1, 7.3, 7.29] Demand: [8.1]
Reward for thread 5: [-11.42, -15.91, -19.32] -15.55  Inventory: [0.0, 12.0, 0.0]  Order: [5.2, 5.22, 5.07] Demand: [5.395]

 Algo happo Exp ippo_seed13_formal_v1 updates 344/3000 episodes, total num timesteps 345000/3000000, FPS 118.

Reward for thread 1: [-428.77, -147.05, -131.5] -235.77  Inventory: [0.0, 41.0, 57.0]  Order: [5.38, 5.34, 5.48] Demand: [12.065]
Reward for thread 2: [-38.75, -25.06, -24.79] -29.53  Inventory: [0.0, 0.0, 0.0]  Order: [11.79, 11.84, 11.76] Demand: [12.05]
Reward for thread 3: [-455.68, -131.08, -134.44] -240.4  Inventory: [0.0, 33.0, 67.0]  Order: [7.16, 7.08, 7.16] Demand: [17.17]
Reward for thread 4: [-198.99, -68.56, -72.48] -113.34  Inventory: [0.0, 23.0, 26.0]  Order: [6.4, 6.26, 6.14] Demand: [9.47]
Reward for thread 5: [-76.81, -39.45, -36.86] -51.04  Inventory: [0.0, 57.0, 54.0]  Order: [11.4, 11.44, 11.46] Demand: [15.105]

Eval average reward:  -64.897  Eval ordering fluctuation measurement (downstream to upstream):  [0.9326089463508103, 1.223331533579587, 1.3564306774706674]

 Algo happo Exp ippo_seed13_formal_v1 updates 345/3000 episodes, total num timesteps 346000/3000000, FPS 118.

Reward for thread 1: [-16.3, -17.05, -16.84] -16.73  Inventory: [0.0, 0.0, 0.0]  Order: [10.47, 10.65, 10.69] Demand: [10.685]
Reward for thread 2: [-20.04, -24.8, -23.72] -22.85  Inventory: [12.0, 25.0, 15.0]  Order: [9.72, 9.9, 10.02] Demand: [9.72]
Reward for thread 3: [-13.92, -17.53, -20.48] -17.31  Inventory: [0.0, 0.0, 0.0]  Order: [5.09, 4.98, 4.96] Demand: [5.1]
Reward for thread 4: [-30.54, -22.49, -21.59] -24.87  Inventory: [0.0, 19.0, 1.0]  Order: [12.94, 13.16, 13.23] Demand: [13.07]
Reward for thread 5: [-90.05, -41.91, -40.34] -57.43  Inventory: [0.0, 20.0, 23.0]  Order: [11.83, 11.74, 11.62] Demand: [14.565]

 Algo happo Exp ippo_seed13_formal_v1 updates 346/3000 episodes, total num timesteps 347000/3000000, FPS 118.

Reward for thread 1: [-16.82, -22.75, -25.24] -21.6  Inventory: [12.0, 16.0, 24.0]  Order: [6.46, 6.36, 6.28] Demand: [6.6]
Reward for thread 2: [-16.62, -22.66, -24.8] -21.36  Inventory: [3.0, 18.0, 0.0]  Order: [6.5, 6.52, 6.46] Demand: [6.54]
Reward for thread 3: [-174.75, -59.27, -60.67] -98.23  Inventory: [0.0, 21.0, 51.0]  Order: [8.87, 8.81, 8.84] Demand: [11.74]
Reward for thread 4: [-14.2, -20.38, -25.49] -20.02  Inventory: [7.0, 27.0, 20.0]  Order: [4.04, 4.01, 3.9] Demand: [4.135]
Reward for thread 5: [-14.77, -18.38, -22.18] -18.44  Inventory: [21.0, 27.0, 22.0]  Order: [5.41, 5.46, 5.44] Demand: [5.475]

 Algo happo Exp ippo_seed13_formal_v1 updates 347/3000 episodes, total num timesteps 348000/3000000, FPS 118.

Reward for thread 1: [-245.62, -86.88, -82.5] -138.33  Inventory: [0.0, 5.0, 43.0]  Order: [8.07, 7.92, 7.88] Demand: [9.97]
Reward for thread 2: [-40.1, -29.08, -24.82] -31.33  Inventory: [0.0, 12.0, 0.0]  Order: [13.48, 13.63, 13.59] Demand: [13.92]
Reward for thread 3: [-11.96, -17.16, -19.78] -16.3  Inventory: [12.0, 34.0, 45.0]  Order: [5.45, 5.38, 5.36] Demand: [5.595]
Reward for thread 4: [-125.12, -52.1, -50.5] -75.91  Inventory: [0.0, 8.0, 13.0]  Order: [11.3, 11.21, 11.05] Demand: [14.51]
Reward for thread 5: [-13.45, -19.67, -18.82] -17.31  Inventory: [0.0, 0.0, 0.0]  Order: [8.36, 8.23, 8.25] Demand: [8.195]

 Algo happo Exp ippo_seed13_formal_v1 updates 348/3000 episodes, total num timesteps 349000/3000000, FPS 118.

Reward for thread 1: [-10.22, -14.43, -18.15] -14.27  Inventory: [4.0, 0.0, 0.0]  Order: [3.9, 3.84, 3.84] Demand: [3.955]
Reward for thread 2: [-14.24, -21.42, -23.16] -19.61  Inventory: [5.0, 29.0, 21.0]  Order: [4.53, 4.44, 4.31] Demand: [4.735]
Reward for thread 3: [-24.66, -30.13, -23.75] -26.18  Inventory: [16.0, 38.0, 36.0]  Order: [10.58, 10.52, 10.46] Demand: [10.74]
Reward for thread 4: [-15.23, -17.38, -19.01] -17.21  Inventory: [30.0, 40.0, 12.0]  Order: [9.39, 9.64, 9.72] Demand: [9.35]
Reward for thread 5: [-13.8, -18.58, -19.25] -17.21  Inventory: [9.0, 7.0, 11.0]  Order: [8.68, 8.61, 8.64] Demand: [8.73]

 Algo happo Exp ippo_seed13_formal_v1 updates 349/3000 episodes, total num timesteps 350000/3000000, FPS 118.

Reward for thread 1: [-10.59, -14.98, -16.65] -14.07  Inventory: [0.0, 0.0, 0.0]  Order: [7.5, 7.5, 7.39] Demand: [7.595]
Reward for thread 2: [-273.08, -87.2, -88.43] -149.57  Inventory: [0.0, 51.0, 50.0]  Order: [9.3, 9.31, 9.4] Demand: [14.53]
Reward for thread 3: [-66.25, -30.61, -32.99] -43.28  Inventory: [0.0, 2.0, 28.0]  Order: [12.19, 12.11, 12.11] Demand: [14.59]
Reward for thread 4: [-14.34, -18.17, -18.71] -17.07  Inventory: [5.0, 5.0, 0.0]  Order: [8.28, 8.3, 8.3] Demand: [8.4]
Reward for thread 5: [-25.85, -22.04, -23.68] -23.86  Inventory: [0.0, 0.0, 0.0]  Order: [11.9, 12.04, 12.03] Demand: [11.94]

Eval average reward:  -41.384  Eval ordering fluctuation measurement (downstream to upstream):  [0.8302773362175175, 1.0637208002672953, 1.122383087227802]

 Algo happo Exp ippo_seed13_formal_v1 updates 350/3000 episodes, total num timesteps 351000/3000000, FPS 118.

Reward for thread 1: [-53.18, -31.0, -29.96] -38.05  Inventory: [0.0, 52.0, 38.0]  Order: [12.44, 12.56, 12.69] Demand: [14.255]
Reward for thread 2: [-25.5, -24.83, -23.2] -24.51  Inventory: [0.0, 60.0, 52.0]  Order: [8.59, 8.72, 8.8] Demand: [9.66]
Reward for thread 3: [-15.9, -22.2, -18.62] -18.91  Inventory: [37.0, 0.0, 32.0]  Order: [9.7, 9.54, 9.55] Demand: [9.635]
Reward for thread 4: [-11.4, -15.1, -17.45] -14.65  Inventory: [4.0, 25.0, 46.0]  Order: [8.15, 8.07, 8.06] Demand: [8.175]
Reward for thread 5: [-220.03, -72.87, -72.27] -121.72  Inventory: [0.0, 0.0, 17.0]  Order: [6.38, 6.16, 6.03] Demand: [8.705]

 Algo happo Exp ippo_seed13_formal_v1 updates 351/3000 episodes, total num timesteps 352000/3000000, FPS 118.

Reward for thread 1: [-194.35, -60.74, -66.04] -107.04  Inventory: [0.0, 0.0, 19.0]  Order: [8.5, 8.25, 8.1] Demand: [14.09]
Reward for thread 2: [-12.66, -21.43, -22.01] -18.7  Inventory: [9.0, 39.0, 48.0]  Order: [3.86, 3.82, 3.82] Demand: [4.05]
Reward for thread 3: [-28.21, -33.65, -26.84] -29.57  Inventory: [0.0, 0.0, 0.0]  Order: [9.2, 9.21, 9.22] Demand: [9.455]
Reward for thread 4: [-15.32, -20.33, -22.48] -19.38  Inventory: [43.0, 0.0, 49.0]  Order: [4.47, 4.3, 4.32] Demand: [4.42]
Reward for thread 5: [-13.31, -19.99, -23.0] -18.77  Inventory: [0.0, 10.0, 44.0]  Order: [3.67, 3.54, 3.54] Demand: [3.8]

 Algo happo Exp ippo_seed13_formal_v1 updates 352/3000 episodes, total num timesteps 353000/3000000, FPS 118.

Reward for thread 1: [-139.29, -90.02, -61.02] -96.78  Inventory: [0.0, 8.0, 9.0]  Order: [10.04, 9.94, 9.88] Demand: [13.725]
Reward for thread 2: [-23.16, -22.73, -26.75] -24.21  Inventory: [1.0, 2.0, 21.0]  Order: [8.52, 8.33, 8.18] Demand: [8.69]
Reward for thread 3: [-37.89, -31.55, -29.74] -33.06  Inventory: [0.0, 26.0, 3.0]  Order: [11.97, 12.04, 11.96] Demand: [12.06]
Reward for thread 4: [-33.32, -26.54, -25.51] -28.46  Inventory: [7.0, 22.0, 56.0]  Order: [12.48, 12.37, 12.4] Demand: [12.605]
Reward for thread 5: [-17.5, -21.89, -24.96] -21.45  Inventory: [0.0, 17.0, 20.0]  Order: [5.48, 5.36, 5.22] Demand: [5.635]

 Algo happo Exp ippo_seed13_formal_v1 updates 353/3000 episodes, total num timesteps 354000/3000000, FPS 118.

Reward for thread 1: [-14.4, -20.59, -21.41] -18.8  Inventory: [0.0, 33.0, 4.0]  Order: [7.54, 7.71, 7.83] Demand: [7.535]
Reward for thread 2: [-547.69, -164.05, -154.66] -288.8  Inventory: [0.0, 16.0, 9.0]  Order: [6.0, 5.88, 5.77] Demand: [16.435]
Reward for thread 3: [-12.16, -16.55, -18.06] -15.59  Inventory: [9.0, 36.0, 27.0]  Order: [7.1, 7.1, 7.0] Demand: [7.26]
Reward for thread 4: [-14.78, -19.89, -21.62] -18.76  Inventory: [19.0, 24.0, 44.0]  Order: [6.9, 6.82, 6.83] Demand: [7.015]
Reward for thread 5: [-93.87, -44.48, -40.88] -59.74  Inventory: [0.0, 39.0, 22.0]  Order: [12.64, 12.6, 12.46] Demand: [15.46]

 Algo happo Exp ippo_seed13_formal_v1 updates 354/3000 episodes, total num timesteps 355000/3000000, FPS 118.

Reward for thread 1: [-35.61, -32.78, -35.6] -34.66  Inventory: [23.0, 17.0, 43.0]  Order: [8.12, 7.95, 7.92] Demand: [8.24]
Reward for thread 2: [-15.21, -20.35, -20.73] -18.76  Inventory: [12.0, 0.0, 19.0]  Order: [9.9, 9.74, 9.68] Demand: [9.93]
Reward for thread 3: [-44.46, -31.94, -28.5] -34.97  Inventory: [0.0, 0.0, 0.0]  Order: [12.08, 12.02, 11.93] Demand: [12.125]
Reward for thread 4: [-56.27, -28.64, -27.61] -37.51  Inventory: [0.0, 0.0, 0.0]  Order: [14.24, 14.2, 14.17] Demand: [15.705]
Reward for thread 5: [-419.88, -125.21, -129.81] -224.97  Inventory: [0.0, 23.0, 66.0]  Order: [7.64, 7.51, 7.59] Demand: [16.275]

Eval average reward:  -38.43658333333333  Eval ordering fluctuation measurement (downstream to upstream):  [0.7305431157252851, 0.8725698796142518, 0.92196839841114]

 Algo happo Exp ippo_seed13_formal_v1 updates 355/3000 episodes, total num timesteps 356000/3000000, FPS 118.

Reward for thread 1: [-30.35, -30.31, -31.77] -30.81  Inventory: [0.0, 25.0, 31.0]  Order: [7.08, 6.99, 6.9] Demand: [7.28]
Reward for thread 2: [-80.12, -43.14, -40.31] -54.52  Inventory: [0.0, 20.0, 56.0]  Order: [12.64, 12.62, 12.68] Demand: [15.2]
Reward for thread 3: [-83.7, -33.35, -34.94] -50.66  Inventory: [0.0, 46.0, 43.0]  Order: [9.88, 9.91, 9.91] Demand: [12.895]
Reward for thread 4: [-61.74, -29.99, -28.72] -40.15  Inventory: [0.0, 1.0, 0.0]  Order: [13.38, 13.56, 13.62] Demand: [13.8]
Reward for thread 5: [-16.15, -19.76, -25.16] -20.36  Inventory: [5.0, 2.0, 47.0]  Order: [6.23, 6.1, 6.18] Demand: [6.22]

 Algo happo Exp ippo_seed13_formal_v1 updates 356/3000 episodes, total num timesteps 357000/3000000, FPS 118.

Reward for thread 1: [-17.52, -22.16, -24.21] -21.3  Inventory: [22.0, 9.0, 25.0]  Order: [8.66, 8.66, 8.62] Demand: [8.755]
Reward for thread 2: [-18.85, -19.87, -21.26] -19.99  Inventory: [0.0, 0.0, 0.0]  Order: [8.54, 8.38, 8.35] Demand: [8.915]
Reward for thread 3: [-25.5, -28.67, -35.2] -29.79  Inventory: [2.0, 14.0, 62.0]  Order: [5.18, 5.01, 5.1] Demand: [5.395]
Reward for thread 4: [-15.97, -23.56, -25.48] -21.67  Inventory: [13.0, 18.0, 37.0]  Order: [6.32, 6.25, 6.2] Demand: [6.475]
Reward for thread 5: [-19.4, -25.33, -24.87] -23.2  Inventory: [0.0, 9.0, 0.0]  Order: [9.3, 9.46, 9.45] Demand: [9.365]

 Algo happo Exp ippo_seed13_formal_v1 updates 357/3000 episodes, total num timesteps 358000/3000000, FPS 118.

Reward for thread 1: [-18.44, -23.4, -27.93] -23.26  Inventory: [4.0, 0.0, 18.0]  Order: [7.86, 7.56, 7.65] Demand: [7.545]
Reward for thread 2: [-16.53, -22.76, -24.76] -21.35  Inventory: [4.0, 3.0, 36.0]  Order: [7.64, 7.41, 7.36] Demand: [7.72]
Reward for thread 3: [-18.14, -20.88, -26.7] -21.91  Inventory: [52.0, 20.0, 50.0]  Order: [4.71, 4.58, 4.58] Demand: [4.64]
Reward for thread 4: [-246.55, -89.83, -81.34] -139.24  Inventory: [0.0, 0.0, 0.0]  Order: [10.16, 10.05, 9.88] Demand: [14.44]
Reward for thread 5: [-11.77, -16.68, -17.11] -15.19  Inventory: [0.0, 0.0, 0.0]  Order: [7.56, 7.5, 7.36] Demand: [7.595]

 Algo happo Exp ippo_seed13_formal_v1 updates 358/3000 episodes, total num timesteps 359000/3000000, FPS 118.

Reward for thread 1: [-26.16, -24.77, -27.59] -26.17  Inventory: [47.0, 21.0, 43.0]  Order: [7.82, 7.68, 7.64] Demand: [7.76]
Reward for thread 2: [-86.96, -42.78, -39.28] -56.34  Inventory: [10.0, 42.0, 14.0]  Order: [13.3, 13.35, 13.42] Demand: [13.365]
Reward for thread 3: [-11.39, -17.13, -20.12] -16.21  Inventory: [0.0, 7.0, 9.0]  Order: [2.83, 2.69, 2.6] Demand: [3.035]
Reward for thread 4: [-15.86, -21.44, -20.95] -19.42  Inventory: [15.0, 62.0, 45.0]  Order: [8.43, 8.62, 8.66] Demand: [8.42]
Reward for thread 5: [-43.97, -31.89, -25.98] -33.95  Inventory: [7.0, 16.0, 6.0]  Order: [14.68, 14.66, 14.64] Demand: [14.75]

 Algo happo Exp ippo_seed13_formal_v1 updates 359/3000 episodes, total num timesteps 360000/3000000, FPS 118.

Reward for thread 1: [-20.9, -28.01, -25.34] -24.75  Inventory: [0.0, 0.0, 0.0]  Order: [10.52, 10.49, 10.38] Demand: [10.74]
Reward for thread 2: [-14.98, -19.82, -16.43] -17.08  Inventory: [8.0, 9.0, 31.0]  Order: [10.16, 10.1, 10.19] Demand: [10.045]
Reward for thread 3: [-23.57, -27.58, -24.98] -25.38  Inventory: [0.0, 0.0, 0.0]  Order: [10.82, 11.05, 11.04] Demand: [11.075]
Reward for thread 4: [-14.31, -21.48, -22.77] -19.52  Inventory: [3.0, 0.0, 11.0]  Order: [5.07, 4.88, 4.7] Demand: [5.15]
Reward for thread 5: [-20.61, -26.22, -22.39] -23.07  Inventory: [18.0, 37.0, 48.0]  Order: [10.46, 10.44, 10.52] Demand: [10.555]

Eval average reward:  -36.25658333333333  Eval ordering fluctuation measurement (downstream to upstream):  [0.7032620855697187, 0.9256278020017265, 1.0545050201511814]

 Algo happo Exp ippo_seed13_formal_v1 updates 360/3000 episodes, total num timesteps 361000/3000000, FPS 118.

Reward for thread 1: [-23.67, -34.16, -29.54] -29.12  Inventory: [24.0, 0.0, 27.0]  Order: [9.48, 9.29, 9.3] Demand: [9.41]
Reward for thread 2: [-16.04, -20.3, -23.44] -19.93  Inventory: [0.0, 11.0, 3.0]  Order: [5.98, 5.88, 5.76] Demand: [6.115]
Reward for thread 3: [-16.94, -24.28, -27.5] -22.91  Inventory: [0.0, 0.0, 4.0]  Order: [6.83, 6.66, 6.54] Demand: [6.94]
Reward for thread 4: [-12.96, -17.09, -16.91] -15.65  Inventory: [15.0, 6.0, 0.0]  Order: [8.1, 7.97, 7.81] Demand: [8.2]
Reward for thread 5: [-30.05, -27.62, -28.79] -28.82  Inventory: [15.0, 28.0, 33.0]  Order: [7.92, 7.81, 7.73] Demand: [8.08]

 Algo happo Exp ippo_seed13_formal_v1 updates 361/3000 episodes, total num timesteps 362000/3000000, FPS 118.

Reward for thread 1: [-11.84, -16.77, -19.04] -15.88  Inventory: [5.0, 15.0, 20.0]  Order: [2.36, 2.21, 2.1] Demand: [2.585]
Reward for thread 2: [-10.45, -15.09, -18.52] -14.69  Inventory: [4.0, 18.0, 18.0]  Order: [5.27, 5.22, 5.16] Demand: [5.395]
Reward for thread 3: [-12.49, -17.87, -20.62] -16.99  Inventory: [12.0, 4.0, 17.0]  Order: [4.16, 4.0, 3.86] Demand: [4.31]
Reward for thread 4: [-13.78, -18.38, -20.25] -17.47  Inventory: [18.0, 23.0, 26.0]  Order: [2.65, 2.52, 2.41] Demand: [2.795]
Reward for thread 5: [-106.87, -64.99, -49.17] -73.68  Inventory: [0.0, 38.0, 54.0]  Order: [10.78, 10.73, 10.77] Demand: [14.935]

 Algo happo Exp ippo_seed13_formal_v1 updates 362/3000 episodes, total num timesteps 363000/3000000, FPS 118.

Reward for thread 1: [-19.38, -25.79, -25.76] -23.64  Inventory: [74.0, 17.0, 30.0]  Order: [1.64, 1.56, 1.46] Demand: [1.44]
Reward for thread 2: [-105.84, -53.28, -42.11] -67.08  Inventory: [0.0, 11.0, 39.0]  Order: [13.94, 13.97, 14.02] Demand: [16.24]
Reward for thread 3: [-49.04, -33.51, -29.52] -37.36  Inventory: [342.0, 0.0, 0.0]  Order: [6.64, 5.98, 5.94] Demand: [4.33]
Reward for thread 4: [-213.62, -90.04, -73.06] -125.57  Inventory: [0.0, 0.0, 23.0]  Order: [11.34, 11.16, 11.07] Demand: [16.185]
Reward for thread 5: [-145.41, -341.48, -106.31] -197.73  Inventory: [0.0, 0.0, 0.0]  Order: [15.96, 11.19, 11.12] Demand: [11.245]

 Algo happo Exp ippo_seed13_formal_v1 updates 363/3000 episodes, total num timesteps 364000/3000000, FPS 118.

Reward for thread 1: [-97.8, -55.45, -41.92] -65.06  Inventory: [666.0, 0.0, 17.0]  Order: [9.49, 8.52, 8.52] Demand: [5.13]
Reward for thread 2: [-52.8, -73.32, -41.16] -55.76  Inventory: [0.0, 0.0, 32.0]  Order: [11.1, 9.32, 9.26] Demand: [10.935]
Reward for thread 3: [-107.47, -72.98, -45.25] -75.23  Inventory: [0.0, 0.0, 0.0]  Order: [12.36, 11.54, 11.48] Demand: [14.33]
Reward for thread 4: [-11.02, -17.84, -19.76] -16.21  Inventory: [1.0, 20.0, 38.0]  Order: [4.11, 4.01, 3.95] Demand: [4.285]
Reward for thread 5: [-14.35, -20.21, -26.6] -20.39  Inventory: [0.0, 0.0, 45.0]  Order: [5.28, 5.16, 5.16] Demand: [5.345]

 Algo happo Exp ippo_seed13_formal_v1 updates 364/3000 episodes, total num timesteps 365000/3000000, FPS 118.

Reward for thread 1: [-67.62, -43.92, -35.47] -49.0  Inventory: [0.0, 36.0, 63.0]  Order: [12.24, 12.22, 12.35] Demand: [14.205]
Reward for thread 2: [-28.59, -34.23, -27.02] -29.95  Inventory: [0.0, 0.0, 9.0]  Order: [9.1, 8.58, 8.6] Demand: [9.26]
Reward for thread 3: [-10.36, -15.16, -18.01] -14.51  Inventory: [3.0, 26.0, 9.0]  Order: [4.5, 4.4, 4.3] Demand: [4.68]
Reward for thread 4: [-79.09, -56.37, -40.38] -58.61  Inventory: [3.0, 49.0, 60.0]  Order: [9.89, 9.9, 9.94] Demand: [10.06]
Reward for thread 5: [-52.09, -33.41, -27.44] -37.65  Inventory: [0.0, 17.0, 5.0]  Order: [14.38, 14.47, 14.48] Demand: [14.955]

Eval average reward:  -55.3675  Eval ordering fluctuation measurement (downstream to upstream):  [0.7344582300724039, 0.914505919828738, 0.9932358857134419]

 Algo happo Exp ippo_seed13_formal_v1 updates 365/3000 episodes, total num timesteps 366000/3000000, FPS 118.

Reward for thread 1: [-63.52, -49.62, -33.98] -49.04  Inventory: [0.0, 0.0, 0.0]  Order: [13.71, 13.38, 13.44] Demand: [15.055]
Reward for thread 2: [-215.7, -73.89, -70.92] -120.17  Inventory: [0.0, 10.0, 25.0]  Order: [10.12, 9.93, 9.81] Demand: [15.205]
Reward for thread 3: [-11.88, -20.44, -21.36] -17.89  Inventory: [5.0, 19.0, 30.0]  Order: [3.53, 3.4, 3.3] Demand: [3.745]
Reward for thread 4: [-12.02, -18.65, -19.42] -16.7  Inventory: [0.0, 14.0, 24.0]  Order: [5.1, 4.99, 4.88] Demand: [5.285]
Reward for thread 5: [-200.39, -88.27, -68.31] -118.99  Inventory: [0.0, 0.0, 35.0]  Order: [10.82, 10.67, 10.68] Demand: [16.265]

 Algo happo Exp ippo_seed13_formal_v1 updates 366/3000 episodes, total num timesteps 367000/3000000, FPS 118.

Reward for thread 1: [-14.11, -20.04, -21.71] -18.62  Inventory: [9.0, 36.0, 51.0]  Order: [6.76, 6.72, 6.82] Demand: [6.83]
Reward for thread 2: [-16.1, -28.43, -23.68] -22.74  Inventory: [21.0, 49.0, 23.0]  Order: [3.86, 3.86, 3.73] Demand: [4.01]
Reward for thread 3: [-15.57, -23.78, -25.46] -21.6  Inventory: [3.0, 37.0, 46.0]  Order: [4.54, 4.47, 4.46] Demand: [4.725]
Reward for thread 4: [-81.54, -38.2, -36.38] -52.04  Inventory: [0.0, 35.0, 32.0]  Order: [10.92, 10.88, 10.84] Demand: [13.82]
Reward for thread 5: [-149.69, -217.5, -83.0] -150.06  Inventory: [0.0, 0.0, 0.0]  Order: [14.07, 11.76, 11.81] Demand: [14.205]

 Algo happo Exp ippo_seed13_formal_v1 updates 367/3000 episodes, total num timesteps 368000/3000000, FPS 118.

Reward for thread 1: [-17.77, -22.86, -24.28] -21.64  Inventory: [0.0, 0.0, 0.0]  Order: [6.55, 6.3, 6.2] Demand: [6.35]
Reward for thread 2: [-157.94, -126.84, -68.23] -117.67  Inventory: [838.0, 0.0, 0.0]  Order: [13.3, 13.32, 13.33] Demand: [8.795]
Reward for thread 3: [-31.55, -48.72, -28.47] -36.25  Inventory: [0.0, 0.0, 0.0]  Order: [7.98, 7.99, 7.99] Demand: [8.015]
Reward for thread 4: [-43.45, -25.46, -24.32] -31.08  Inventory: [0.0, 0.0, 0.0]  Order: [13.42, 13.52, 13.53] Demand: [14.595]
Reward for thread 5: [-47.6, -43.08, -33.09] -41.26  Inventory: [87.0, 0.0, 40.0]  Order: [9.18, 8.96, 8.94] Demand: [8.815]

 Algo happo Exp ippo_seed13_formal_v1 updates 368/3000 episodes, total num timesteps 369000/3000000, FPS 118.

Reward for thread 1: [-229.12, -101.4, -79.73] -136.75  Inventory: [0.0, 30.0, 19.0]  Order: [11.61, 11.67, 11.77] Demand: [15.62]
Reward for thread 2: [-10.9, -18.96, -19.98] -16.61  Inventory: [11.0, 8.0, 23.0]  Order: [3.96, 3.78, 3.66] Demand: [4.145]
Reward for thread 3: [-14.26, -22.39, -23.74] -20.13  Inventory: [0.0, 24.0, 10.0]  Order: [3.55, 3.5, 3.35] Demand: [3.785]
Reward for thread 4: [-27.66, -30.12, -24.41] -27.4  Inventory: [0.0, 0.0, 2.0]  Order: [10.64, 10.38, 10.34] Demand: [10.455]
Reward for thread 5: [-53.95, -77.64, -37.83] -56.47  Inventory: [0.0, 0.0, 3.0]  Order: [10.7, 10.34, 10.3] Demand: [10.555]

 Algo happo Exp ippo_seed13_formal_v1 updates 369/3000 episodes, total num timesteps 370000/3000000, FPS 118.

Reward for thread 1: [-112.93, -73.56, -48.92] -78.47  Inventory: [0.0, 0.0, 0.0]  Order: [11.01, 10.8, 10.75] Demand: [13.575]
Reward for thread 2: [-11.61, -20.76, -20.46] -17.61  Inventory: [4.0, 23.0, 13.0]  Order: [2.5, 2.42, 2.3] Demand: [2.73]
Reward for thread 3: [-129.62, -155.2, -68.39] -117.74  Inventory: [0.0, 0.0, 5.0]  Order: [12.94, 11.1, 11.18] Demand: [13.625]
Reward for thread 4: [-28.52, -48.42, -31.22] -36.05  Inventory: [0.0, 0.0, 0.0]  Order: [11.9, 10.8, 10.76] Demand: [10.805]
Reward for thread 5: [-10.57, -18.89, -17.82] -15.76  Inventory: [0.0, 21.0, 9.0]  Order: [4.2, 4.1, 3.96] Demand: [4.42]

Eval average reward:  -49.2865  Eval ordering fluctuation measurement (downstream to upstream):  [0.7487620656205154, 0.9129903100719039, 0.9883699723831978]

 Algo happo Exp ippo_seed13_formal_v1 updates 370/3000 episodes, total num timesteps 371000/3000000, FPS 118.

Reward for thread 1: [-13.67, -17.02, -16.48] -15.72  Inventory: [27.0, 35.0, 61.0]  Order: [10.92, 10.88, 10.96] Demand: [10.905]
Reward for thread 2: [-15.11, -21.76, -22.71] -19.86  Inventory: [33.0, 18.0, 46.0]  Order: [6.42, 6.38, 6.39] Demand: [6.43]
Reward for thread 3: [-31.34, -28.32, -34.11] -31.26  Inventory: [23.0, 0.0, 7.0]  Order: [9.93, 9.86, 9.8] Demand: [9.865]
Reward for thread 4: [-15.6, -30.37, -26.27] -24.08  Inventory: [11.0, 56.0, 19.0]  Order: [4.38, 4.43, 4.28] Demand: [4.565]
Reward for thread 5: [-127.06, -83.27, -51.06] -87.13  Inventory: [543.0, 0.0, 0.0]  Order: [12.38, 12.41, 12.44] Demand: [9.53]

 Algo happo Exp ippo_seed13_formal_v1 updates 371/3000 episodes, total num timesteps 372000/3000000, FPS 118.

Reward for thread 1: [-133.99, -89.92, -55.69] -93.2  Inventory: [0.0, 0.0, 3.0]  Order: [12.56, 12.28, 12.34] Demand: [14.5]
Reward for thread 2: [-22.0, -45.13, -22.74] -29.96  Inventory: [0.0, 0.0, 0.0]  Order: [9.12, 8.07, 8.07] Demand: [7.99]
Reward for thread 3: [-28.67, -38.46, -27.8] -31.64  Inventory: [30.0, 0.0, 3.0]  Order: [9.27, 9.02, 8.98] Demand: [8.92]
Reward for thread 4: [-407.44, -202.13, -133.17] -247.58  Inventory: [1491.0, 0.0, 0.0]  Order: [13.22, 11.3, 11.31] Demand: [3.67]
Reward for thread 5: [-13.36, -19.33, -21.07] -17.92  Inventory: [0.0, 0.0, 0.0]  Order: [8.5, 8.46, 8.39] Demand: [8.51]

 Algo happo Exp ippo_seed13_formal_v1 updates 372/3000 episodes, total num timesteps 373000/3000000, FPS 118.

Reward for thread 1: [-34.5, -44.72, -28.71] -35.98  Inventory: [0.0, 0.0, 0.0]  Order: [12.05, 11.08, 11.04] Demand: [11.76]
Reward for thread 2: [-39.35, -52.46, -31.44] -41.08  Inventory: [0.0, 0.0, 0.0]  Order: [10.32, 9.36, 9.32] Demand: [9.645]
Reward for thread 3: [-113.61, -69.12, -50.67] -77.8  Inventory: [0.0, 0.0, 0.0]  Order: [11.07, 10.92, 10.76] Demand: [11.33]
Reward for thread 4: [-174.92, -63.25, -60.51] -99.56  Inventory: [0.0, 0.0, 0.0]  Order: [12.18, 12.14, 12.15] Demand: [16.495]
Reward for thread 5: [-15.17, -25.35, -24.85] -21.79  Inventory: [8.0, 50.0, 22.0]  Order: [4.33, 4.34, 4.23] Demand: [4.51]

 Algo happo Exp ippo_seed13_formal_v1 updates 373/3000 episodes, total num timesteps 374000/3000000, FPS 118.

Reward for thread 1: [-18.78, -25.59, -24.51] -22.96  Inventory: [6.0, 0.0, 0.0]  Order: [8.02, 8.02, 8.01] Demand: [8.02]
Reward for thread 2: [-21.33, -45.06, -40.58] -35.66  Inventory: [22.0, 62.0, 28.0]  Order: [1.68, 1.75, 1.64] Demand: [1.8]
Reward for thread 3: [-78.06, -32.65, -31.51] -47.41  Inventory: [0.0, 69.0, 39.0]  Order: [13.64, 13.83, 13.94] Demand: [16.08]
Reward for thread 4: [-18.67, -26.57, -24.82] -23.35  Inventory: [28.0, 42.0, 33.0]  Order: [7.66, 7.66, 7.62] Demand: [7.705]
Reward for thread 5: [-43.28, -53.22, -30.57] -42.36  Inventory: [0.0, 0.0, 0.0]  Order: [12.86, 12.75, 12.68] Demand: [13.515]

 Algo happo Exp ippo_seed13_formal_v1 updates 374/3000 episodes, total num timesteps 375000/3000000, FPS 118.

Reward for thread 1: [-115.16, -57.51, -45.8] -72.82  Inventory: [0.0, 49.0, 15.0]  Order: [13.86, 14.06, 14.02] Demand: [15.875]
Reward for thread 2: [-113.0, -71.33, -49.74] -78.02  Inventory: [2.0, 44.0, 91.0]  Order: [12.6, 12.63, 12.84] Demand: [12.77]
Reward for thread 3: [-21.48, -27.83, -24.13] -24.48  Inventory: [117.0, 1.0, 0.0]  Order: [3.75, 3.78, 3.6] Demand: [3.24]
Reward for thread 4: [-14.38, -23.54, -21.72] -19.88  Inventory: [8.0, 44.0, 35.0]  Order: [5.88, 5.9, 5.86] Demand: [6.09]
Reward for thread 5: [-16.36, -25.59, -22.91] -21.62  Inventory: [52.0, 32.0, 75.0]  Order: [6.38, 6.37, 6.53] Demand: [6.29]

Eval average reward:  -29.92908333333333  Eval ordering fluctuation measurement (downstream to upstream):  [0.8235543727154685, 0.9988656139535683, 1.0534113811946657]

 Algo happo Exp ippo_seed13_formal_v1 updates 375/3000 episodes, total num timesteps 376000/3000000, FPS 118.

Reward for thread 1: [-63.21, -66.24, -39.32] -56.26  Inventory: [0.0, 0.0, 0.0]  Order: [13.25, 12.46, 12.45] Demand: [14.095]
Reward for thread 2: [-79.33, -50.65, -36.99] -55.66  Inventory: [0.0, 0.0, 0.0]  Order: [13.1, 13.07, 12.92] Demand: [14.27]
Reward for thread 3: [-24.64, -32.24, -25.28] -27.39  Inventory: [8.0, 27.0, 25.0]  Order: [10.04, 10.09, 10.01] Demand: [10.165]
Reward for thread 4: [-10.98, -18.86, -18.47] -16.1  Inventory: [4.0, 23.0, 31.0]  Order: [3.76, 3.65, 3.58] Demand: [3.975]
Reward for thread 5: [-39.81, -26.16, -26.3] -30.76  Inventory: [325.0, 0.0, 8.0]  Order: [6.92, 6.84, 7.0] Demand: [5.01]

 Algo happo Exp ippo_seed13_formal_v1 updates 376/3000 episodes, total num timesteps 377000/3000000, FPS 118.

Reward for thread 1: [-16.38, -29.44, -28.21] -24.68  Inventory: [3.0, 16.0, 28.0]  Order: [2.66, 2.51, 2.46] Demand: [2.785]
Reward for thread 2: [-17.17, -25.15, -25.69] -22.67  Inventory: [10.0, 51.0, 38.0]  Order: [6.76, 6.77, 6.74] Demand: [6.955]
Reward for thread 3: [-18.61, -22.6, -24.42] -21.88  Inventory: [4.0, 25.0, 3.0]  Order: [7.25, 7.32, 7.28] Demand: [7.42]
Reward for thread 4: [-11.93, -19.94, -20.92] -17.6  Inventory: [0.0, 12.0, 24.0]  Order: [3.92, 3.81, 3.72] Demand: [4.09]
Reward for thread 5: [-15.28, -27.52, -30.15] -24.32  Inventory: [0.0, 5.0, 0.0]  Order: [3.02, 2.92, 2.92] Demand: [3.135]

 Algo happo Exp ippo_seed13_formal_v1 updates 377/3000 episodes, total num timesteps 378000/3000000, FPS 118.

Reward for thread 1: [-19.66, -22.06, -21.19] -20.97  Inventory: [0.0, 2.0, 22.0]  Order: [9.94, 9.97, 9.94] Demand: [10.015]
Reward for thread 2: [-44.09, -47.75, -34.14] -41.99  Inventory: [3.0, 10.0, 23.0]  Order: [10.7, 10.66, 10.57] Demand: [10.755]
Reward for thread 3: [-28.13, -25.63, -22.9] -25.55  Inventory: [0.0, 0.0, 0.0]  Order: [11.98, 11.98, 12.02] Demand: [11.875]
Reward for thread 4: [-13.25, -23.59, -27.21] -21.35  Inventory: [1.0, 20.0, 57.0]  Order: [2.24, 2.12, 2.16] Demand: [2.445]
Reward for thread 5: [-38.35, -39.1, -30.04] -35.83  Inventory: [0.0, 0.0, 0.0]  Order: [13.54, 13.56, 13.58] Demand: [13.615]

 Algo happo Exp ippo_seed13_formal_v1 updates 378/3000 episodes, total num timesteps 379000/3000000, FPS 118.

Reward for thread 1: [-16.08, -23.31, -22.04] -20.48  Inventory: [14.0, 0.0, 0.0]  Order: [7.54, 7.38, 7.37] Demand: [7.09]
Reward for thread 2: [-23.08, -23.35, -24.02] -23.48  Inventory: [0.0, 9.0, 47.0]  Order: [10.56, 10.39, 10.41] Demand: [10.535]
Reward for thread 3: [-14.54, -25.0, -31.05] -23.53  Inventory: [4.0, 36.0, 31.0]  Order: [3.0, 2.94, 2.88] Demand: [3.22]
Reward for thread 4: [-21.0, -28.08, -24.65] -24.58  Inventory: [36.0, 27.0, 27.0]  Order: [8.18, 8.1, 8.0] Demand: [8.215]
Reward for thread 5: [-19.69, -24.65, -24.57] -22.97  Inventory: [20.0, 34.0, 39.0]  Order: [7.98, 7.93, 7.9] Demand: [8.1]

 Algo happo Exp ippo_seed13_formal_v1 updates 379/3000 episodes, total num timesteps 380000/3000000, FPS 118.

Reward for thread 1: [-12.43, -20.31, -20.01] -17.58  Inventory: [2.0, 9.0, 0.0]  Order: [6.06, 5.98, 5.91] Demand: [6.145]
Reward for thread 2: [-17.78, -26.79, -20.51] -21.69  Inventory: [0.0, 0.0, 6.0]  Order: [10.68, 10.5, 10.54] Demand: [10.475]
Reward for thread 3: [-58.36, -35.88, -29.98] -41.41  Inventory: [119.0, 16.0, 0.0]  Order: [8.48, 8.47, 8.31] Demand: [7.915]
Reward for thread 4: [-23.98, -22.29, -19.77] -22.01  Inventory: [0.0, 0.0, 0.0]  Order: [11.12, 11.05, 11.06] Demand: [11.4]
Reward for thread 5: [-21.09, -24.56, -26.67] -24.11  Inventory: [0.0, 2.0, 38.0]  Order: [8.21, 8.16, 8.15] Demand: [8.295]

Eval average reward:  -29.130083333333328  Eval ordering fluctuation measurement (downstream to upstream):  [0.7822375453861031, 0.9259680011532246, 1.0777289688797114]

 Algo happo Exp ippo_seed13_formal_v1 updates 380/3000 episodes, total num timesteps 381000/3000000, FPS 118.

Reward for thread 1: [-44.9, -34.61, -27.48] -35.66  Inventory: [0.0, 0.0, 21.0]  Order: [10.97, 10.92, 11.0] Demand: [11.945]
Reward for thread 2: [-206.04, -84.46, -70.01] -120.17  Inventory: [0.0, 0.0, 0.0]  Order: [14.39, 14.26, 14.26] Demand: [14.705]
Reward for thread 3: [-27.12, -31.46, -25.34] -27.97  Inventory: [0.0, 0.0, 0.0]  Order: [9.14, 8.99, 8.74] Demand: [9.23]
Reward for thread 4: [-15.63, -23.38, -25.05] -21.35  Inventory: [0.0, 27.0, 38.0]  Order: [7.68, 7.58, 7.54] Demand: [7.88]
Reward for thread 5: [-95.3, -51.92, -43.47] -63.56  Inventory: [1.0, 18.0, 27.0]  Order: [12.38, 12.35, 12.27] Demand: [12.5]

 Algo happo Exp ippo_seed13_formal_v1 updates 381/3000 episodes, total num timesteps 382000/3000000, FPS 118.

Reward for thread 1: [-25.38, -25.63, -23.76] -24.92  Inventory: [0.0, 0.0, 0.0]  Order: [9.99, 9.9, 9.9] Demand: [10.58]
Reward for thread 2: [-14.34, -21.7, -26.81] -20.95  Inventory: [1.0, 0.0, 16.0]  Order: [7.06, 6.98, 6.94] Demand: [7.185]
Reward for thread 3: [-21.96, -38.53, -42.35] -34.28  Inventory: [1.0, 41.0, 78.0]  Order: [3.62, 3.59, 3.77] Demand: [3.84]
Reward for thread 4: [-26.41, -33.49, -29.62] -29.84  Inventory: [6.0, 28.0, 20.0]  Order: [7.14, 7.07, 6.94] Demand: [7.315]
Reward for thread 5: [-39.01, -32.82, -26.27] -32.7  Inventory: [0.0, 0.0, 0.0]  Order: [14.08, 13.88, 13.74] Demand: [14.22]

 Algo happo Exp ippo_seed13_formal_v1 updates 382/3000 episodes, total num timesteps 383000/3000000, FPS 118.

Reward for thread 1: [-18.64, -23.45, -20.89] -20.99  Inventory: [0.0, 0.0, 0.0]  Order: [10.74, 10.64, 10.66] Demand: [10.92]
Reward for thread 2: [-19.73, -23.23, -18.88] -20.61  Inventory: [173.0, 0.0, 0.0]  Order: [3.14, 2.99, 2.84] Demand: [2.315]
Reward for thread 3: [-18.75, -22.95, -23.04] -21.58  Inventory: [0.0, 13.0, 0.0]  Order: [8.96, 9.1, 9.04] Demand: [8.96]
Reward for thread 4: [-10.16, -17.04, -16.58] -14.59  Inventory: [9.0, 37.0, 1.0]  Order: [5.42, 5.39, 5.28] Demand: [5.545]
Reward for thread 5: [-19.38, -23.34, -20.78] -21.17  Inventory: [20.0, 46.0, 40.0]  Order: [10.38, 10.38, 10.34] Demand: [10.445]

 Algo happo Exp ippo_seed13_formal_v1 updates 383/3000 episodes, total num timesteps 384000/3000000, FPS 118.

Reward for thread 1: [-37.15, -25.1, -22.41] -28.22  Inventory: [12.0, 62.0, 43.0]  Order: [12.87, 12.94, 12.94] Demand: [13.04]
Reward for thread 2: [-52.8, -54.73, -32.39] -46.64  Inventory: [0.0, 0.0, 0.0]  Order: [14.12, 13.36, 13.4] Demand: [13.615]
Reward for thread 3: [-17.85, -25.84, -25.7] -23.13  Inventory: [26.0, 4.0, 50.0]  Order: [6.86, 6.74, 6.74] Demand: [6.915]
Reward for thread 4: [-123.4, -43.06, -43.62] -70.03  Inventory: [0.0, 0.0, 0.0]  Order: [13.4, 13.4, 13.34] Demand: [14.575]
Reward for thread 5: [-35.16, -23.65, -21.5] -26.77  Inventory: [0.0, 20.0, 7.0]  Order: [10.28, 10.38, 10.4] Demand: [11.51]

 Algo happo Exp ippo_seed13_formal_v1 updates 384/3000 episodes, total num timesteps 385000/3000000, FPS 118.

Reward for thread 1: [-13.66, -21.07, -21.76] -18.83  Inventory: [10.0, 48.0, 27.0]  Order: [6.8, 6.88, 6.87] Demand: [6.955]
Reward for thread 2: [-13.1, -17.6, -21.65] -17.45  Inventory: [1.0, 0.0, 0.0]  Order: [7.65, 7.74, 7.76] Demand: [7.605]
Reward for thread 3: [-14.52, -25.5, -26.67] -22.23  Inventory: [30.0, 44.0, 16.0]  Order: [2.78, 2.76, 2.59] Demand: [2.845]
Reward for thread 4: [-11.44, -25.94, -18.85] -18.74  Inventory: [1.0, 49.0, 19.0]  Order: [1.9, 1.91, 1.8] Demand: [2.145]
Reward for thread 5: [-12.32, -19.23, -19.37] -16.97  Inventory: [10.0, 7.0, 0.0]  Order: [7.1, 7.13, 7.08] Demand: [7.21]

Eval average reward:  -30.209833333333336  Eval ordering fluctuation measurement (downstream to upstream):  [0.7758905784435391, 0.9915326912772882, 1.100987775928924]

 Algo happo Exp ippo_seed13_formal_v1 updates 385/3000 episodes, total num timesteps 386000/3000000, FPS 118.

Reward for thread 1: [-47.08, -27.36, -24.16] -32.87  Inventory: [0.0, 9.0, 0.0]  Order: [14.42, 14.56, 14.54] Demand: [15.535]
Reward for thread 2: [-12.51, -24.71, -23.35] -20.19  Inventory: [0.0, 16.0, 16.0]  Order: [1.83, 1.75, 1.6] Demand: [2.055]
Reward for thread 3: [-16.84, -20.68, -24.23] -20.58  Inventory: [15.0, 31.0, 35.0]  Order: [8.85, 8.8, 8.78] Demand: [8.9]
Reward for thread 4: [-12.61, -24.8, -23.36] -20.26  Inventory: [0.0, 15.0, 15.0]  Order: [3.14, 3.02, 2.86] Demand: [3.355]
Reward for thread 5: [-16.76, -22.63, -23.86] -21.08  Inventory: [10.0, 28.0, 46.0]  Order: [10.04, 10.0, 10.04] Demand: [9.99]

 Algo happo Exp ippo_seed13_formal_v1 updates 386/3000 episodes, total num timesteps 387000/3000000, FPS 118.

Reward for thread 1: [-12.64, -19.69, -22.1] -18.14  Inventory: [0.0, 0.0, 0.0]  Order: [5.28, 5.2, 5.2] Demand: [5.3]
Reward for thread 2: [-13.92, -24.62, -24.92] -21.15  Inventory: [0.0, 14.0, 19.0]  Order: [2.42, 2.25, 2.16] Demand: [2.65]
Reward for thread 3: [-45.37, -29.67, -28.49] -34.51  Inventory: [0.0, 0.0, 7.0]  Order: [13.1, 13.04, 13.12] Demand: [13.475]
Reward for thread 4: [-15.6, -22.84, -23.58] -20.67  Inventory: [1.0, 15.0, 26.0]  Order: [5.84, 5.7, 5.6] Demand: [6.04]
Reward for thread 5: [-14.89, -33.86, -22.06] -23.6  Inventory: [7.0, 79.0, 9.0]  Order: [1.72, 1.88, 1.68] Demand: [1.93]

 Algo happo Exp ippo_seed13_formal_v1 updates 387/3000 episodes, total num timesteps 388000/3000000, FPS 118.

Reward for thread 1: [-15.86, -25.18, -27.18] -22.74  Inventory: [3.0, 29.0, 14.0]  Order: [4.36, 4.28, 4.12] Demand: [4.565]
Reward for thread 2: [-111.55, -51.34, -44.35] -69.08  Inventory: [9.0, 3.0, 0.0]  Order: [13.54, 13.68, 13.57] Demand: [13.595]
Reward for thread 3: [-11.44, -18.94, -19.12] -16.5  Inventory: [0.0, 7.0, 51.0]  Order: [6.32, 6.12, 6.14] Demand: [6.51]
Reward for thread 4: [-10.67, -17.8, -17.9] -15.46  Inventory: [7.0, 58.0, 60.0]  Order: [4.76, 4.8, 4.88] Demand: [4.9]
Reward for thread 5: [-11.34, -17.87, -18.71] -15.97  Inventory: [0.0, 0.0, 0.0]  Order: [7.46, 7.33, 7.26] Demand: [7.525]

 Algo happo Exp ippo_seed13_formal_v1 updates 388/3000 episodes, total num timesteps 389000/3000000, FPS 118.

Reward for thread 1: [-17.48, -24.2, -22.94] -21.54  Inventory: [9.0, 26.0, 65.0]  Order: [7.61, 7.53, 7.63] Demand: [7.785]
Reward for thread 2: [-46.8, -34.63, -31.33] -37.59  Inventory: [0.0, 0.0, 0.0]  Order: [12.6, 12.65, 12.6] Demand: [13.545]
Reward for thread 3: [-12.57, -20.3, -20.04] -17.64  Inventory: [6.0, 35.0, 40.0]  Order: [5.56, 5.5, 5.47] Demand: [5.76]
Reward for thread 4: [-335.39, -209.19, -119.05] -221.21  Inventory: [0.0, 0.0, 0.0]  Order: [15.44, 14.71, 14.7] Demand: [15.865]
Reward for thread 5: [-80.8, -71.17, -42.69] -64.89  Inventory: [0.0, 0.0, 0.0]  Order: [12.1, 10.78, 10.8] Demand: [12.98]

 Algo happo Exp ippo_seed13_formal_v1 updates 389/3000 episodes, total num timesteps 390000/3000000, FPS 118.

Reward for thread 1: [-29.53, -30.34, -25.74] -28.54  Inventory: [35.0, 38.0, 33.0]  Order: [11.92, 12.0, 11.97] Demand: [11.87]
Reward for thread 2: [-11.87, -22.14, -21.8] -18.6  Inventory: [7.0, 5.0, 11.0]  Order: [4.16, 4.0, 3.85] Demand: [4.37]
Reward for thread 3: [-13.32, -15.75, -17.26] -15.44  Inventory: [0.0, 0.0, 0.0]  Order: [10.68, 10.76, 10.68] Demand: [10.64]
Reward for thread 4: [-16.08, -29.02, -33.98] -26.36  Inventory: [0.0, 31.0, 30.0]  Order: [2.96, 2.88, 2.79] Demand: [3.185]
Reward for thread 5: [-17.24, -24.68, -23.2] -21.71  Inventory: [0.0, 0.0, 9.0]  Order: [9.15, 9.07, 8.99] Demand: [8.995]

Eval average reward:  -31.375083333333333  Eval ordering fluctuation measurement (downstream to upstream):  [0.7794687299504024, 0.9443563213761624, 1.1045639745863018]

 Algo happo Exp ippo_seed13_formal_v1 updates 390/3000 episodes, total num timesteps 391000/3000000, FPS 118.

Reward for thread 1: [-14.67, -35.13, -19.97] -23.26  Inventory: [6.0, 75.0, 9.0]  Order: [2.93, 3.08, 2.87] Demand: [3.15]
Reward for thread 2: [-223.81, -153.23, -85.93] -154.32  Inventory: [0.0, 0.0, 0.0]  Order: [16.06, 15.08, 14.95] Demand: [16.27]
Reward for thread 3: [-10.93, -19.45, -19.94] -16.77  Inventory: [0.0, 22.0, 41.0]  Order: [2.82, 2.7, 2.66] Demand: [3.]
Reward for thread 4: [-24.98, -23.03, -20.74] -22.92  Inventory: [14.0, 23.0, 0.0]  Order: [11.9, 12.02, 11.96] Demand: [11.94]
Reward for thread 5: [-26.4, -25.4, -23.34] -25.05  Inventory: [0.0, 0.0, 0.0]  Order: [13.12, 12.92, 12.86] Demand: [13.47]

 Algo happo Exp ippo_seed13_formal_v1 updates 391/3000 episodes, total num timesteps 392000/3000000, FPS 118.

Reward for thread 1: [-17.3, -24.98, -27.34] -23.21  Inventory: [1.0, 4.0, 9.0]  Order: [5.56, 5.48, 5.32] Demand: [5.75]
Reward for thread 2: [-132.89, -55.26, -49.77] -79.31  Inventory: [0.0, 1.0, 0.0]  Order: [13.12, 13.22, 13.18] Demand: [14.955]
Reward for thread 3: [-96.35, -196.49, -67.51] -120.12  Inventory: [0.0, 0.0, 0.0]  Order: [15.88, 13.24, 13.22] Demand: [13.62]
Reward for thread 4: [-81.23, -48.06, -36.96] -55.42  Inventory: [0.0, 0.0, 0.0]  Order: [16.06, 15.96, 15.98] Demand: [16.675]
Reward for thread 5: [-26.29, -23.53, -23.52] -24.45  Inventory: [0.0, 0.0, 0.0]  Order: [12.01, 11.96, 11.88] Demand: [12.695]

 Algo happo Exp ippo_seed13_formal_v1 updates 392/3000 episodes, total num timesteps 393000/3000000, FPS 118.

Reward for thread 1: [-13.37, -22.14, -22.09] -19.2  Inventory: [1.0, 13.0, 31.0]  Order: [5.33, 5.18, 5.09] Demand: [5.47]
Reward for thread 2: [-14.08, -22.38, -21.39] -19.28  Inventory: [0.0, 0.0, 0.0]  Order: [8.71, 8.62, 8.54] Demand: [8.5]
Reward for thread 3: [-17.91, -45.59, -25.84] -29.78  Inventory: [0.0, 64.0, 10.0]  Order: [2.39, 2.48, 2.29] Demand: [2.615]
Reward for thread 4: [-20.54, -25.8, -27.98] -24.77  Inventory: [10.0, 19.0, 25.0]  Order: [6.93, 6.83, 6.72] Demand: [7.125]
Reward for thread 5: [-10.91, -18.06, -18.83] -15.93  Inventory: [0.0, 0.0, 11.0]  Order: [4.99, 4.9, 4.72] Demand: [5.105]

 Algo happo Exp ippo_seed13_formal_v1 updates 393/3000 episodes, total num timesteps 394000/3000000, FPS 118.

Reward for thread 1: [-11.3, -17.92, -18.04] -15.75  Inventory: [0.0, 15.0, 8.0]  Order: [5.16, 5.12, 4.96] Demand: [5.275]
Reward for thread 2: [-16.34, -24.49, -25.06] -21.96  Inventory: [0.0, 0.0, 0.0]  Order: [7.34, 7.17, 7.1] Demand: [7.055]
Reward for thread 3: [-16.02, -18.72, -17.92] -17.55  Inventory: [0.0, 0.0, 0.0]  Order: [8.99, 9.05, 9.02] Demand: [9.34]
Reward for thread 4: [-48.97, -39.68, -30.48] -39.71  Inventory: [0.0, 0.0, 0.0]  Order: [12.8, 12.78, 12.76] Demand: [13.76]
Reward for thread 5: [-162.77, -71.84, -57.76] -97.46  Inventory: [0.0, 0.0, 0.0]  Order: [14.42, 14.42, 14.38] Demand: [16.61]

 Algo happo Exp ippo_seed13_formal_v1 updates 394/3000 episodes, total num timesteps 395000/3000000, FPS 118.

Reward for thread 1: [-29.12, -25.35, -22.88] -25.78  Inventory: [4.0, 45.0, 34.0]  Order: [10.6, 10.6, 10.58] Demand: [10.725]
Reward for thread 2: [-43.68, -35.76, -30.3] -36.58  Inventory: [0.0, 0.0, 0.0]  Order: [14.68, 14.76, 14.7] Demand: [14.54]
Reward for thread 3: [-44.81, -42.89, -30.42] -39.37  Inventory: [0.0, 0.0, 0.0]  Order: [14.31, 14.1, 14.12] Demand: [14.01]
Reward for thread 4: [-12.76, -23.39, -19.88] -18.68  Inventory: [14.0, 52.0, 12.0]  Order: [2.92, 2.94, 2.78] Demand: [3.095]
Reward for thread 5: [-14.78, -25.25, -22.05] -20.69  Inventory: [0.0, 27.0, 17.0]  Order: [4.67, 4.58, 4.43] Demand: [4.875]

Eval average reward:  -29.36775  Eval ordering fluctuation measurement (downstream to upstream):  [0.8185901538168648, 0.9596904514624134, 1.1623942861573708]

 Algo happo Exp ippo_seed13_formal_v1 updates 395/3000 episodes, total num timesteps 396000/3000000, FPS 118.

Reward for thread 1: [-18.91, -26.8, -22.43] -22.71  Inventory: [8.0, 38.0, 8.0]  Order: [4.86, 4.86, 4.66] Demand: [5.07]
Reward for thread 2: [-15.59, -26.1, -26.87] -22.85  Inventory: [0.0, 0.0, 0.0]  Order: [6.02, 6.04, 5.98] Demand: [6.01]
Reward for thread 3: [-195.77, -180.51, -86.58] -154.29  Inventory: [0.0, 0.0, 0.0]  Order: [17.09, 15.54, 15.51] Demand: [15.7]
Reward for thread 4: [-13.2, -22.98, -24.86] -20.35  Inventory: [1.0, 20.0, 34.0]  Order: [3.57, 3.44, 3.36] Demand: [3.77]
Reward for thread 5: [-15.28, -21.64, -23.94] -20.29  Inventory: [21.0, 51.0, 23.0]  Order: [6.1, 6.18, 6.16] Demand: [6.23]

 Algo happo Exp ippo_seed13_formal_v1 updates 396/3000 episodes, total num timesteps 397000/3000000, FPS 118.

Reward for thread 1: [-13.38, -21.38, -24.68] -19.81  Inventory: [0.0, 0.0, 0.0]  Order: [4.25, 4.2, 4.02] Demand: [4.32]
Reward for thread 2: [-18.74, -32.45, -23.22] -24.8  Inventory: [48.0, 54.0, 13.0]  Order: [1.38, 1.42, 1.24] Demand: [1.31]
Reward for thread 3: [-32.34, -24.18, -22.0] -26.17  Inventory: [0.0, 0.0, 0.0]  Order: [14.15, 14.03, 14.0] Demand: [14.715]
Reward for thread 4: [-32.26, -23.4, -23.68] -26.45  Inventory: [0.0, 0.0, 0.0]  Order: [12.44, 12.4, 12.42] Demand: [13.01]
Reward for thread 5: [-9.87, -16.88, -16.73] -14.49  Inventory: [0.0, 3.0, 0.0]  Order: [4.35, 4.32, 4.24] Demand: [4.415]

 Algo happo Exp ippo_seed13_formal_v1 updates 397/3000 episodes, total num timesteps 398000/3000000, FPS 118.

Reward for thread 1: [-199.22, -99.97, -73.14] -124.11  Inventory: [0.0, 0.0, 0.0]  Order: [15.23, 15.36, 15.34] Demand: [16.88]
Reward for thread 2: [-53.55, -39.84, -33.7] -42.36  Inventory: [0.0, 0.0, 0.0]  Order: [13.78, 13.64, 13.62] Demand: [14.49]
Reward for thread 3: [-12.38, -20.73, -20.46] -17.86  Inventory: [0.0, 26.0, 14.0]  Order: [5.4, 5.3, 5.12] Demand: [5.565]
Reward for thread 4: [-53.19, -47.51, -31.77] -44.16  Inventory: [0.0, 0.0, 0.0]  Order: [12.7, 12.22, 12.17] Demand: [13.385]
Reward for thread 5: [-17.19, -20.33, -19.99] -19.17  Inventory: [16.0, 0.0, 0.0]  Order: [11.82, 11.96, 11.97] Demand: [11.67]

 Algo happo Exp ippo_seed13_formal_v1 updates 398/3000 episodes, total num timesteps 399000/3000000, FPS 118.

Reward for thread 1: [-32.43, -26.42, -25.73] -28.19  Inventory: [0.0, 0.0, 2.0]  Order: [10.43, 10.5, 10.5] Demand: [11.435]
Reward for thread 2: [-21.25, -27.83, -26.12] -25.07  Inventory: [6.0, 10.0, 3.0]  Order: [8.06, 8.1, 8.07] Demand: [8.16]
Reward for thread 3: [-62.3, -47.21, -34.3] -47.94  Inventory: [0.0, 0.0, 0.0]  Order: [12.09, 11.32, 11.38] Demand: [12.425]
Reward for thread 4: [-14.47, -23.52, -24.94] -20.98  Inventory: [0.0, 3.0, 0.0]  Order: [5.25, 5.28, 5.13] Demand: [5.37]
Reward for thread 5: [-13.91, -19.42, -18.35] -17.23  Inventory: [2.0, 12.0, 2.0]  Order: [8.65, 8.59, 8.45] Demand: [8.8]

 Algo happo Exp ippo_seed13_formal_v1 updates 399/3000 episodes, total num timesteps 400000/3000000, FPS 118.

Reward for thread 1: [-13.13, -24.81, -23.08] -20.34  Inventory: [1.0, 14.0, 46.0]  Order: [4.37, 4.22, 4.22] Demand: [4.495]
Reward for thread 2: [-25.75, -31.54, -28.84] -28.71  Inventory: [15.0, 0.0, 6.0]  Order: [8.38, 8.28, 8.36] Demand: [8.04]
Reward for thread 3: [-36.67, -41.25, -31.19] -36.37  Inventory: [0.0, 0.0, 0.0]  Order: [12.47, 12.04, 12.02] Demand: [12.635]
Reward for thread 4: [-25.09, -32.72, -27.23] -28.35  Inventory: [27.0, 8.0, 28.0]  Order: [9.16, 9.12, 9.16] Demand: [8.98]
Reward for thread 5: [-64.5, -51.42, -36.51] -50.81  Inventory: [0.0, 0.0, 0.0]  Order: [13.32, 13.16, 13.19] Demand: [14.28]

Eval average reward:  -28.382499999999997  Eval ordering fluctuation measurement (downstream to upstream):  [0.7643129547584351, 0.9367500107852088, 1.1708425071363153]

 Algo happo Exp ippo_seed13_formal_v1 updates 400/3000 episodes, total num timesteps 401000/3000000, FPS 118.

Reward for thread 1: [-21.3, -22.52, -19.35] -21.06  Inventory: [41.0, 85.0, 39.0]  Order: [12.27, 12.54, 12.55] Demand: [12.3]
Reward for thread 2: [-14.77, -18.28, -19.22] -17.42  Inventory: [0.0, 0.0, 0.0]  Order: [10.09, 10.22, 10.22] Demand: [10.03]
Reward for thread 3: [-13.13, -21.95, -22.7] -19.26  Inventory: [10.0, 30.0, 24.0]  Order: [4.81, 4.74, 4.63] Demand: [5.]
Reward for thread 4: [-11.51, -17.23, -17.38] -15.37  Inventory: [4.0, 8.0, 3.0]  Order: [7.18, 7.25, 7.21] Demand: [7.205]
Reward for thread 5: [-12.04, -22.46, -18.76] -17.75  Inventory: [7.0, 4.0, 0.0]  Order: [4.18, 4.15, 4.18] Demand: [4.34]

 Algo happo Exp ippo_seed13_formal_v1 updates 401/3000 episodes, total num timesteps 402000/3000000, FPS 118.

Reward for thread 1: [-31.34, -25.06, -21.5] -25.97  Inventory: [0.0, 11.0, 4.0]  Order: [12.42, 12.39, 12.33] Demand: [12.515]
Reward for thread 2: [-20.48, -26.46, -24.92] -23.95  Inventory: [0.0, 5.0, 0.0]  Order: [9.72, 9.68, 9.52] Demand: [9.8]
Reward for thread 3: [-36.64, -31.09, -26.24] -31.32  Inventory: [0.0, 0.0, 0.0]  Order: [13.78, 13.68, 13.64] Demand: [14.145]
Reward for thread 4: [-14.59, -20.15, -21.5] -18.75  Inventory: [0.0, 0.0, 0.0]  Order: [7.44, 7.42, 7.36] Demand: [7.555]
Reward for thread 5: [-9.75, -15.7, -15.49] -13.65  Inventory: [2.0, 29.0, 29.0]  Order: [3.99, 3.9, 3.8] Demand: [4.21]

 Algo happo Exp ippo_seed13_formal_v1 updates 402/3000 episodes, total num timesteps 403000/3000000, FPS 118.

Reward for thread 1: [-14.35, -24.48, -25.61] -21.48  Inventory: [1.0, 16.0, 22.0]  Order: [4.68, 4.55, 4.41] Demand: [4.905]
Reward for thread 2: [-54.26, -44.03, -37.98] -45.42  Inventory: [12.0, 17.0, 10.0]  Order: [7.66, 7.56, 7.42] Demand: [7.82]
Reward for thread 3: [-11.86, -20.32, -20.76] -17.65  Inventory: [0.0, 0.0, 0.0]  Order: [3.57, 3.5, 3.4] Demand: [3.65]
Reward for thread 4: [-18.33, -45.03, -28.62] -30.66  Inventory: [0.0, 40.0, 23.0]  Order: [3.22, 3.18, 3.06] Demand: [3.415]
Reward for thread 5: [-12.13, -18.86, -20.45] -17.15  Inventory: [0.0, 26.0, 16.0]  Order: [4.65, 4.57, 4.4] Demand: [4.815]

 Algo happo Exp ippo_seed13_formal_v1 updates 403/3000 episodes, total num timesteps 404000/3000000, FPS 118.

Reward for thread 1: [-33.27, -23.27, -21.57] -26.04  Inventory: [0.0, 0.0, 0.0]  Order: [13.06, 13.09, 13.08] Demand: [13.795]
Reward for thread 2: [-61.35, -37.77, -38.1] -45.74  Inventory: [0.0, 0.0, 2.0]  Order: [13.72, 13.64, 13.52] Demand: [13.835]
Reward for thread 3: [-12.63, -26.57, -18.37] -19.19  Inventory: [9.0, 95.0, 23.0]  Order: [2.3, 2.54, 2.44] Demand: [2.505]
Reward for thread 4: [-11.9, -19.12, -21.45] -17.49  Inventory: [6.0, 27.0, 21.0]  Order: [5.14, 5.04, 4.91] Demand: [5.355]
Reward for thread 5: [-10.15, -17.96, -15.15] -14.42  Inventory: [9.0, 53.0, 7.0]  Order: [3.32, 3.36, 3.18] Demand: [3.53]

 Algo happo Exp ippo_seed13_formal_v1 updates 404/3000 episodes, total num timesteps 405000/3000000, FPS 118.

Reward for thread 1: [-26.75, -24.74, -27.52] -26.34  Inventory: [4.0, 0.0, 0.0]  Order: [10.64, 10.74, 10.67] Demand: [10.675]
Reward for thread 2: [-23.82, -27.72, -31.52] -27.69  Inventory: [9.0, 0.0, 0.0]  Order: [8.31, 8.3, 8.18] Demand: [8.375]
Reward for thread 3: [-15.14, -23.28, -22.06] -20.16  Inventory: [13.0, 0.0, 0.0]  Order: [8.12, 8.23, 8.13] Demand: [8.145]
Reward for thread 4: [-19.11, -24.76, -21.39] -21.75  Inventory: [0.0, 7.0, 10.0]  Order: [9.09, 8.94, 8.76] Demand: [9.195]
Reward for thread 5: [-90.7, -41.53, -36.09] -56.11  Inventory: [51.0, 75.0, 58.0]  Order: [13.81, 14.0, 14.16] Demand: [13.76]

Eval average reward:  -29.4205  Eval ordering fluctuation measurement (downstream to upstream):  [0.8158193161933507, 1.02647059013211, 1.1642051308936905]

 Algo happo Exp ippo_seed13_formal_v1 updates 405/3000 episodes, total num timesteps 406000/3000000, FPS 118.

Reward for thread 1: [-26.96, -32.28, -28.24] -29.16  Inventory: [51.0, 54.0, 59.0]  Order: [10.86, 10.89, 11.0] Demand: [10.735]
Reward for thread 2: [-16.92, -21.89, -21.78] -20.2  Inventory: [0.0, 8.0, 27.0]  Order: [7.41, 7.34, 7.24] Demand: [7.54]
Reward for thread 3: [-18.46, -27.2, -28.04] -24.57  Inventory: [11.0, 0.0, 0.0]  Order: [8.74, 8.51, 8.56] Demand: [8.315]
Reward for thread 4: [-17.52, -25.48, -27.48] -23.49  Inventory: [6.0, 20.0, 17.0]  Order: [2.96, 2.84, 2.68] Demand: [3.17]
Reward for thread 5: [-13.19, -20.42, -22.2] -18.6  Inventory: [0.0, 9.0, 29.0]  Order: [6.08, 6.02, 6.01] Demand: [6.065]

 Algo happo Exp ippo_seed13_formal_v1 updates 406/3000 episodes, total num timesteps 407000/3000000, FPS 118.

Reward for thread 1: [-30.63, -26.15, -24.23] -27.0  Inventory: [5.0, 7.0, 0.0]  Order: [9.16, 9.08, 8.98] Demand: [9.35]
Reward for thread 2: [-23.54, -29.61, -32.16] -28.44  Inventory: [0.0, 0.0, 0.0]  Order: [8.94, 9.02, 8.99] Demand: [9.085]
Reward for thread 3: [-17.27, -18.71, -17.53] -17.84  Inventory: [4.0, 0.0, 2.0]  Order: [10.37, 10.18, 10.18] Demand: [10.315]
Reward for thread 4: [-11.58, -17.74, -19.09] -16.14  Inventory: [0.0, 0.0, 0.0]  Order: [6.69, 6.64, 6.48] Demand: [6.76]
Reward for thread 5: [-12.46, -16.6, -18.53] -15.86  Inventory: [6.0, 0.0, 7.0]  Order: [7.76, 7.76, 7.66] Demand: [7.73]

 Algo happo Exp ippo_seed13_formal_v1 updates 407/3000 episodes, total num timesteps 408000/3000000, FPS 118.

Reward for thread 1: [-13.79, -23.6, -24.94] -20.78  Inventory: [5.0, 17.0, 0.0]  Order: [3.39, 3.28, 3.24] Demand: [3.6]
Reward for thread 2: [-14.44, -21.58, -22.09] -19.37  Inventory: [7.0, 19.0, 19.0]  Order: [6.6, 6.45, 6.32] Demand: [6.815]
Reward for thread 3: [-15.37, -22.08, -23.0] -20.15  Inventory: [0.0, 0.0, 0.0]  Order: [7.02, 7.1, 7.06] Demand: [7.11]
Reward for thread 4: [-11.69, -18.72, -19.87] -16.76  Inventory: [5.0, 26.0, 23.0]  Order: [3.92, 3.8, 3.69] Demand: [4.14]
Reward for thread 5: [-290.84, -100.81, -94.08] -161.91  Inventory: [1413.0, 0.0, 0.0]  Order: [11.84, 11.95, 11.96] Demand: [4.66]

 Algo happo Exp ippo_seed13_formal_v1 updates 408/3000 episodes, total num timesteps 409000/3000000, FPS 118.

Reward for thread 1: [-51.02, -46.77, -31.57] -43.12  Inventory: [35.0, 28.0, 10.0]  Order: [12.88, 12.96, 12.88] Demand: [12.845]
Reward for thread 2: [-116.98, -70.22, -51.06] -79.42  Inventory: [0.0, 0.0, 0.0]  Order: [13.94, 13.68, 13.7] Demand: [14.945]
Reward for thread 3: [-14.0, -20.84, -19.06] -17.97  Inventory: [6.0, 22.0, 45.0]  Order: [7.0, 6.94, 6.96] Demand: [7.13]
Reward for thread 4: [-13.0, -19.93, -22.57] -18.5  Inventory: [1.0, 0.0, 10.0]  Order: [4.35, 4.18, 4.07] Demand: [4.475]
Reward for thread 5: [-14.4, -20.07, -20.3] -18.26  Inventory: [3.0, 37.0, 57.0]  Order: [7.78, 7.72, 7.76] Demand: [7.99]

 Algo happo Exp ippo_seed13_formal_v1 updates 409/3000 episodes, total num timesteps 410000/3000000, FPS 118.

Reward for thread 1: [-60.8, -35.08, -29.56] -41.81  Inventory: [0.0, 5.0, 0.0]  Order: [13.88, 14.03, 14.02] Demand: [13.83]
Reward for thread 2: [-20.96, -22.64, -20.16] -21.25  Inventory: [7.0, 3.0, 0.0]  Order: [13.12, 13.18, 13.18] Demand: [13.045]
Reward for thread 3: [-27.69, -27.77, -22.53] -26.0  Inventory: [30.0, 17.0, 8.0]  Order: [10.8, 10.86, 10.88] Demand: [10.725]
Reward for thread 4: [-84.16, -42.45, -35.81] -54.14  Inventory: [0.0, 0.0, 0.0]  Order: [15.12, 14.77, 14.8] Demand: [15.76]
Reward for thread 5: [-86.74, -36.06, -38.3] -53.7  Inventory: [0.0, 0.0, 0.0]  Order: [13.46, 13.52, 13.48] Demand: [15.305]

Eval average reward:  -28.05875  Eval ordering fluctuation measurement (downstream to upstream):  [0.8182890266699262, 1.0288304752063828, 1.1814311899113306]

 Algo happo Exp ippo_seed13_formal_v1 updates 410/3000 episodes, total num timesteps 411000/3000000, FPS 118.

Reward for thread 1: [-15.07, -25.4, -24.6] -21.69  Inventory: [3.0, 21.0, 26.0]  Order: [4.99, 4.84, 4.72] Demand: [5.195]
Reward for thread 2: [-13.39, -20.82, -24.86] -19.69  Inventory: [6.0, 17.0, 7.0]  Order: [5.16, 5.02, 4.88] Demand: [5.36]
Reward for thread 3: [-41.47, -25.71, -24.3] -30.49  Inventory: [0.0, 0.0, 0.0]  Order: [11.66, 11.72, 11.66] Demand: [13.05]
Reward for thread 4: [-11.52, -19.85, -18.65] -16.67  Inventory: [0.0, 11.0, 16.0]  Order: [4.99, 4.82, 4.64] Demand: [5.175]
Reward for thread 5: [-15.76, -24.18, -23.1] -21.01  Inventory: [0.0, 49.0, 71.0]  Order: [7.18, 7.18, 7.3] Demand: [7.38]

 Algo happo Exp ippo_seed13_formal_v1 updates 411/3000 episodes, total num timesteps 412000/3000000, FPS 118.

Reward for thread 1: [-118.92, -43.82, -44.59] -69.11  Inventory: [0.0, 0.0, 13.0]  Order: [13.17, 13.18, 13.16] Demand: [13.89]
Reward for thread 2: [-13.83, -20.54, -21.35] -18.57  Inventory: [13.0, 18.0, 10.0]  Order: [5.76, 5.62, 5.54] Demand: [5.925]
Reward for thread 3: [-11.4, -18.55, -19.06] -16.34  Inventory: [0.0, 20.0, 30.0]  Order: [4.1, 4.03, 3.94] Demand: [4.245]
Reward for thread 4: [-13.63, -26.6, -23.86] -21.36  Inventory: [17.0, 31.0, 26.0]  Order: [2.66, 2.58, 2.48] Demand: [2.825]
Reward for thread 5: [-60.97, -38.73, -33.0] -44.23  Inventory: [17.0, 18.0, 16.0]  Order: [13.03, 13.04, 12.94] Demand: [13.14]

 Algo happo Exp ippo_seed13_formal_v1 updates 412/3000 episodes, total num timesteps 413000/3000000, FPS 118.

Reward for thread 1: [-12.36, -20.22, -20.82] -17.8  Inventory: [4.0, 22.0, 39.0]  Order: [5.23, 5.21, 5.18] Demand: [5.315]
Reward for thread 2: [-54.96, -35.75, -30.38] -40.36  Inventory: [269.0, 0.0, 0.0]  Order: [9.84, 9.7, 9.72] Demand: [8.26]
Reward for thread 3: [-25.98, -24.42, -21.63] -24.01  Inventory: [7.0, 41.0, 25.0]  Order: [10.82, 10.86, 10.74] Demand: [10.95]
Reward for thread 4: [-98.08, -38.9, -37.32] -58.1  Inventory: [0.0, 0.0, 0.0]  Order: [14.06, 14.14, 14.1] Demand: [13.98]
Reward for thread 5: [-37.93, -25.18, -23.4] -28.84  Inventory: [11.0, 34.0, 30.0]  Order: [12.3, 12.37, 12.38] Demand: [12.35]

 Algo happo Exp ippo_seed13_formal_v1 updates 413/3000 episodes, total num timesteps 414000/3000000, FPS 118.

Reward for thread 1: [-51.67, -34.03, -28.87] -38.19  Inventory: [0.0, 19.0, 2.0]  Order: [11.38, 11.53, 11.56] Demand: [12.86]
Reward for thread 2: [-146.26, -49.35, -47.89] -81.17  Inventory: [0.0, 0.0, 0.0]  Order: [13.08, 13.08, 13.1] Demand: [15.995]
Reward for thread 3: [-13.2, -20.09, -22.97] -18.75  Inventory: [0.0, 0.0, 0.0]  Order: [5.33, 5.38, 5.28] Demand: [5.205]
Reward for thread 4: [-82.51, -39.63, -33.02] -51.72  Inventory: [32.0, 62.0, 54.0]  Order: [14.44, 14.52, 14.58] Demand: [14.5]
Reward for thread 5: [-12.97, -18.21, -18.2] -16.46  Inventory: [0.0, 17.0, 33.0]  Order: [8.97, 8.83, 8.76] Demand: [9.08]

 Algo happo Exp ippo_seed13_formal_v1 updates 414/3000 episodes, total num timesteps 415000/3000000, FPS 118.

Reward for thread 1: [-133.67, -55.12, -49.22] -79.34  Inventory: [0.0, 0.0, 2.0]  Order: [13.44, 13.45, 13.44] Demand: [15.61]
Reward for thread 2: [-15.89, -25.4, -24.38] -21.89  Inventory: [12.0, 0.0, 0.0]  Order: [6.34, 6.36, 6.38] Demand: [6.325]
Reward for thread 3: [-13.67, -22.68, -23.94] -20.1  Inventory: [0.0, 22.0, 29.0]  Order: [4.4, 4.26, 4.16] Demand: [4.625]
Reward for thread 4: [-15.81, -24.13, -24.14] -21.36  Inventory: [0.0, 22.0, 26.0]  Order: [5.86, 5.72, 5.62] Demand: [6.05]
Reward for thread 5: [-14.14, -21.23, -21.09] -18.82  Inventory: [0.0, 19.0, 24.0]  Order: [6.76, 6.72, 6.59] Demand: [6.895]

Eval average reward:  -29.895999999999997  Eval ordering fluctuation measurement (downstream to upstream):  [0.8584193386936507, 1.0338729061907739, 1.1590493706530507]

 Algo happo Exp ippo_seed13_formal_v1 updates 415/3000 episodes, total num timesteps 416000/3000000, FPS 118.

Reward for thread 1: [-28.08, -30.13, -24.16] -27.46  Inventory: [0.0, 0.0, 0.0]  Order: [13.34, 13.34, 13.34] Demand: [13.595]
Reward for thread 2: [-21.58, -25.64, -22.87] -23.36  Inventory: [21.0, 71.0, 37.0]  Order: [10.3, 10.52, 10.58] Demand: [10.42]
Reward for thread 3: [-26.17, -20.92, -21.16] -22.75  Inventory: [0.0, 0.0, 0.0]  Order: [9.51, 9.49, 9.41] Demand: [9.485]
Reward for thread 4: [-14.5, -21.49, -18.88] -18.29  Inventory: [8.0, 40.0, 38.0]  Order: [6.91, 6.88, 6.82] Demand: [7.035]
Reward for thread 5: [-12.71, -17.9, -17.16] -15.92  Inventory: [15.0, 25.0, 17.0]  Order: [9.9, 10.01, 10.07] Demand: [9.98]

 Algo happo Exp ippo_seed13_formal_v1 updates 416/3000 episodes, total num timesteps 417000/3000000, FPS 118.

Reward for thread 1: [-17.1, -23.48, -23.85] -21.48  Inventory: [0.0, 0.0, 0.0]  Order: [7.74, 7.71, 7.68] Demand: [7.76]
Reward for thread 2: [-44.34, -31.73, -30.28] -35.45  Inventory: [178.0, 31.0, 11.0]  Order: [6.68, 6.72, 6.75] Demand: [5.94]
Reward for thread 3: [-11.0, -20.94, -20.78] -17.57  Inventory: [10.0, 30.0, 6.0]  Order: [2.28, 2.22, 2.12] Demand: [2.485]
Reward for thread 4: [-34.23, -29.76, -25.56] -29.85  Inventory: [0.0, 0.0, 0.0]  Order: [12.98, 12.89, 12.8] Demand: [12.905]
Reward for thread 5: [-13.08, -20.31, -19.49] -17.63  Inventory: [0.0, 13.0, 14.0]  Order: [3.9, 3.83, 3.65] Demand: [4.045]

 Algo happo Exp ippo_seed13_formal_v1 updates 417/3000 episodes, total num timesteps 418000/3000000, FPS 118.

Reward for thread 1: [-127.83, -44.18, -42.43] -71.48  Inventory: [0.0, 12.0, 18.0]  Order: [13.94, 14.04, 14.1] Demand: [14.625]
Reward for thread 2: [-21.72, -23.34, -20.48] -21.85  Inventory: [0.0, 0.0, 0.0]  Order: [8.91, 8.9, 8.89] Demand: [9.39]
Reward for thread 3: [-45.47, -27.85, -26.42] -33.25  Inventory: [0.0, 0.0, 0.0]  Order: [13.24, 13.3, 13.26] Demand: [14.42]
Reward for thread 4: [-54.14, -30.66, -25.82] -36.87  Inventory: [0.0, 5.0, 16.0]  Order: [14.76, 14.8, 14.73] Demand: [15.14]
Reward for thread 5: [-19.83, -25.3, -22.07] -22.4  Inventory: [0.0, 8.0, 19.0]  Order: [9.72, 9.52, 9.38] Demand: [9.84]

 Algo happo Exp ippo_seed13_formal_v1 updates 418/3000 episodes, total num timesteps 419000/3000000, FPS 118.

Reward for thread 1: [-111.84, -47.46, -41.43] -66.91  Inventory: [0.0, 0.0, 0.0]  Order: [14.8, 14.84, 14.82] Demand: [16.675]
Reward for thread 2: [-40.33, -29.65, -27.23] -32.4  Inventory: [5.0, 14.0, 4.0]  Order: [9.91, 9.84, 9.76] Demand: [10.025]
Reward for thread 3: [-11.83, -23.51, -17.72] -17.69  Inventory: [1.0, 36.0, 11.0]  Order: [3.38, 3.34, 3.16] Demand: [3.575]
Reward for thread 4: [-14.32, -22.54, -20.71] -19.19  Inventory: [12.0, 26.0, 19.0]  Order: [5.93, 5.94, 5.9] Demand: [6.075]
Reward for thread 5: [-34.16, -26.66, -22.36] -27.73  Inventory: [0.0, 0.0, 0.0]  Order: [14.14, 14.16, 14.08] Demand: [14.11]

 Algo happo Exp ippo_seed13_formal_v1 updates 419/3000 episodes, total num timesteps 420000/3000000, FPS 118.

Reward for thread 1: [-14.69, -22.35, -21.74] -19.59  Inventory: [10.0, 27.0, 26.0]  Order: [6.78, 6.68, 6.66] Demand: [6.93]
Reward for thread 2: [-113.72, -46.57, -41.87] -67.39  Inventory: [0.0, 0.0, 0.0]  Order: [14.38, 14.34, 14.32] Demand: [16.79]
Reward for thread 3: [-18.44, -21.7, -20.4] -20.18  Inventory: [23.0, 17.0, 7.0]  Order: [12.77, 12.83, 12.83] Demand: [12.665]
Reward for thread 4: [-11.44, -18.47, -17.61] -15.84  Inventory: [0.0, 16.0, 17.0]  Order: [5.44, 5.34, 5.19] Demand: [5.69]
Reward for thread 5: [-23.47, -31.81, -23.5] -26.26  Inventory: [0.0, 0.0, 0.0]  Order: [9.29, 9.24, 9.18] Demand: [9.07]

Eval average reward:  -30.434916666666663  Eval ordering fluctuation measurement (downstream to upstream):  [0.8741954938498528, 1.023626671426539, 1.1588039212904906]

 Algo happo Exp ippo_seed13_formal_v1 updates 420/3000 episodes, total num timesteps 421000/3000000, FPS 118.

Reward for thread 1: [-45.19, -36.46, -29.56] -37.07  Inventory: [3.0, 23.0, 32.0]  Order: [11.64, 11.52, 11.44] Demand: [11.85]
Reward for thread 2: [-15.35, -22.96, -23.5] -20.6  Inventory: [8.0, 18.0, 61.0]  Order: [6.84, 6.69, 6.78] Demand: [6.99]
Reward for thread 3: [-49.51, -44.39, -32.23] -42.04  Inventory: [18.0, 22.0, 40.0]  Order: [13.53, 13.4, 13.35] Demand: [13.665]
Reward for thread 4: [-11.7, -19.57, -19.31] -16.86  Inventory: [0.0, 36.0, 20.0]  Order: [4.24, 4.18, 4.04] Demand: [4.475]
Reward for thread 5: [-22.89, -30.03, -24.56] -25.83  Inventory: [37.0, 54.0, 53.0]  Order: [11.28, 11.32, 11.34] Demand: [11.265]

 Algo happo Exp ippo_seed13_formal_v1 updates 421/3000 episodes, total num timesteps 422000/3000000, FPS 118.

Reward for thread 1: [-13.77, -22.24, -22.07] -19.36  Inventory: [0.0, 0.0, 0.0]  Order: [5.68, 5.64, 5.67] Demand: [5.56]
Reward for thread 2: [-24.44, -27.73, -24.41] -25.53  Inventory: [0.0, 0.0, 0.0]  Order: [10.87, 10.9, 11.0] Demand: [10.705]
Reward for thread 3: [-36.6, -30.63, -26.23] -31.15  Inventory: [5.0, 21.0, 29.0]  Order: [13.44, 13.3, 13.2] Demand: [13.57]
Reward for thread 4: [-10.04, -16.11, -16.92] -14.36  Inventory: [0.0, 25.0, 35.0]  Order: [4.66, 4.54, 4.48] Demand: [4.855]
Reward for thread 5: [-12.8, -20.69, -18.16] -17.22  Inventory: [19.0, 31.0, 38.0]  Order: [7.65, 7.57, 7.54] Demand: [7.72]

 Algo happo Exp ippo_seed13_formal_v1 updates 422/3000 episodes, total num timesteps 423000/3000000, FPS 118.

Reward for thread 1: [-12.71, -19.71, -22.07] -18.16  Inventory: [2.0, 22.0, 17.0]  Order: [4.8, 4.68, 4.52] Demand: [5.045]
Reward for thread 2: [-17.93, -25.08, -22.64] -21.88  Inventory: [4.0, 0.0, 0.0]  Order: [9.66, 9.68, 9.67] Demand: [9.605]
Reward for thread 3: [-55.16, -40.02, -32.65] -42.61  Inventory: [0.0, 0.0, 0.0]  Order: [14.06, 13.86, 13.82] Demand: [14.91]
Reward for thread 4: [-65.0, -40.43, -33.62] -46.35  Inventory: [0.0, 0.0, 0.0]  Order: [14.1, 14.12, 14.08] Demand: [15.035]
Reward for thread 5: [-382.47, -137.02, -116.21] -211.9  Inventory: [1621.0, 0.0, 0.0]  Order: [12.86, 12.36, 12.38] Demand: [4.035]

 Algo happo Exp ippo_seed13_formal_v1 updates 423/3000 episodes, total num timesteps 424000/3000000, FPS 118.

Reward for thread 1: [-13.95, -22.9, -26.69] -21.18  Inventory: [1.0, 14.0, 22.0]  Order: [3.55, 3.38, 3.26] Demand: [3.77]
Reward for thread 2: [-11.07, -20.27, -20.89] -17.41  Inventory: [5.0, 0.0, 0.0]  Order: [2.76, 2.75, 2.66] Demand: [2.88]
Reward for thread 3: [-12.26, -21.65, -21.59] -18.5  Inventory: [10.0, 31.0, 32.0]  Order: [3.32, 3.22, 3.26] Demand: [3.405]
Reward for thread 4: [-14.82, -20.07, -21.14] -18.68  Inventory: [4.0, 10.0, 25.0]  Order: [7.06, 6.96, 6.89] Demand: [7.13]
Reward for thread 5: [-32.35, -38.49, -28.0] -32.95  Inventory: [0.0, 0.0, 0.0]  Order: [12.52, 12.38, 12.38] Demand: [12.405]

 Algo happo Exp ippo_seed13_formal_v1 updates 424/3000 episodes, total num timesteps 425000/3000000, FPS 118.

Reward for thread 1: [-42.56, -39.26, -27.56] -36.46  Inventory: [0.0, 0.0, 0.0]  Order: [13.11, 13.14, 13.12] Demand: [13.38]
Reward for thread 2: [-60.28, -38.81, -31.99] -43.69  Inventory: [17.0, 67.0, 81.0]  Order: [13.04, 13.13, 13.33] Demand: [13.15]
Reward for thread 3: [-15.15, -23.48, -21.06] -19.9  Inventory: [0.0, 51.0, 18.0]  Order: [5.58, 5.59, 5.44] Demand: [5.83]
Reward for thread 4: [-62.07, -33.79, -30.17] -42.01  Inventory: [0.0, 0.0, 0.0]  Order: [12.39, 12.48, 12.49] Demand: [13.845]
Reward for thread 5: [-12.92, -18.82, -19.65] -17.13  Inventory: [4.0, 37.0, 5.0]  Order: [5.55, 5.5, 5.37] Demand: [5.775]

Eval average reward:  -31.745916666666663  Eval ordering fluctuation measurement (downstream to upstream):  [0.8753659383286919, 1.0589245541571117, 1.1515788578416273]

 Algo happo Exp ippo_seed13_formal_v1 updates 425/3000 episodes, total num timesteps 426000/3000000, FPS 118.

Reward for thread 1: [-20.54, -30.7, -27.81] -26.35  Inventory: [44.0, 28.0, 40.0]  Order: [8.27, 8.2, 8.18] Demand: [8.25]
Reward for thread 2: [-20.98, -29.27, -20.89] -23.71  Inventory: [0.0, 0.0, 0.0]  Order: [13.28, 13.23, 13.26] Demand: [13.295]
Reward for thread 3: [-28.63, -31.47, -27.1] -29.07  Inventory: [0.0, 0.0, 0.0]  Order: [11.66, 11.4, 11.38] Demand: [11.83]
Reward for thread 4: [-15.72, -23.72, -24.56] -21.33  Inventory: [7.0, 28.0, 14.0]  Order: [7.06, 7.04, 6.88] Demand: [7.27]
Reward for thread 5: [-35.58, -30.49, -23.15] -29.74  Inventory: [25.0, 44.0, 18.0]  Order: [13.8, 13.98, 14.0] Demand: [13.86]

 Algo happo Exp ippo_seed13_formal_v1 updates 426/3000 episodes, total num timesteps 427000/3000000, FPS 118.

Reward for thread 1: [-12.98, -18.4, -20.13] -17.17  Inventory: [0.0, 19.0, 45.0]  Order: [6.97, 6.82, 6.82] Demand: [7.11]
Reward for thread 2: [-63.07, -46.21, -32.31] -47.2  Inventory: [0.0, 0.0, 0.0]  Order: [15.78, 15.42, 15.36] Demand: [16.55]
Reward for thread 3: [-14.55, -19.8, -19.63] -17.99  Inventory: [0.0, 0.0, 1.0]  Order: [7.46, 7.41, 7.38] Demand: [7.6]
Reward for thread 4: [-13.58, -19.82, -23.38] -18.93  Inventory: [32.0, 38.0, 51.0]  Order: [7.08, 7.05, 7.08] Demand: [7.135]
Reward for thread 5: [-11.93, -19.4, -20.54] -17.29  Inventory: [1.0, 36.0, 53.0]  Order: [5.54, 5.5, 5.54] Demand: [5.725]

 Algo happo Exp ippo_seed13_formal_v1 updates 427/3000 episodes, total num timesteps 428000/3000000, FPS 118.

Reward for thread 1: [-15.42, -20.77, -22.06] -19.42  Inventory: [20.0, 37.0, 36.0]  Order: [6.19, 6.14, 6.08] Demand: [6.33]
Reward for thread 2: [-11.73, -18.55, -22.0] -17.43  Inventory: [0.0, 15.0, 25.0]  Order: [3.36, 3.2, 3.08] Demand: [3.615]
Reward for thread 3: [-11.19, -15.83, -21.09] -16.04  Inventory: [11.0, 19.0, 20.0]  Order: [6.56, 6.44, 6.44] Demand: [6.675]
Reward for thread 4: [-12.89, -19.53, -21.66] -18.03  Inventory: [0.0, 0.0, 0.0]  Order: [6.78, 6.8, 6.69] Demand: [6.82]
Reward for thread 5: [-13.99, -20.53, -21.83] -18.78  Inventory: [0.0, 0.0, 0.0]  Order: [6.13, 5.98, 5.98] Demand: [6.105]

 Algo happo Exp ippo_seed13_formal_v1 updates 428/3000 episodes, total num timesteps 429000/3000000, FPS 118.

Reward for thread 1: [-14.14, -19.68, -19.76] -17.86  Inventory: [0.0, 0.0, 0.0]  Order: [7.13, 6.92, 6.76] Demand: [7.11]
Reward for thread 2: [-125.86, -53.39, -48.1] -75.78  Inventory: [0.0, 0.0, 0.0]  Order: [15.1, 15.2, 15.12] Demand: [16.58]
Reward for thread 3: [-41.54, -34.78, -27.74] -34.69  Inventory: [8.0, 31.0, 20.0]  Order: [15.02, 15.21, 15.27] Demand: [15.075]
Reward for thread 4: [-12.15, -18.64, -23.62] -18.14  Inventory: [9.0, 23.0, 42.0]  Order: [2.46, 2.37, 2.35] Demand: [2.65]
Reward for thread 5: [-25.74, -40.56, -27.46] -31.25  Inventory: [0.0, 0.0, 0.0]  Order: [9.56, 9.34, 9.32] Demand: [9.17]

 Algo happo Exp ippo_seed13_formal_v1 updates 429/3000 episodes, total num timesteps 430000/3000000, FPS 118.

Reward for thread 1: [-13.79, -20.2, -23.15] -19.05  Inventory: [0.0, 0.0, 0.0]  Order: [6.22, 6.02, 5.88] Demand: [6.215]
Reward for thread 2: [-48.09, -57.32, -34.44] -46.62  Inventory: [0.0, 0.0, 0.0]  Order: [13.84, 13.17, 13.16] Demand: [13.46]
Reward for thread 3: [-19.93, -24.41, -23.89] -22.74  Inventory: [0.0, 12.0, 43.0]  Order: [11.1, 10.92, 10.9] Demand: [11.245]
Reward for thread 4: [-13.97, -22.54, -26.35] -20.95  Inventory: [2.0, 21.0, 29.0]  Order: [4.46, 4.33, 4.24] Demand: [4.66]
Reward for thread 5: [-28.83, -33.24, -27.01] -29.69  Inventory: [6.0, 0.0, 0.0]  Order: [12.65, 12.46, 12.49] Demand: [12.305]

Eval average reward:  -30.34058333333333  Eval ordering fluctuation measurement (downstream to upstream):  [0.877972653115297, 1.0878940770333334, 1.0696372317298268]

 Algo happo Exp ippo_seed13_formal_v1 updates 430/3000 episodes, total num timesteps 431000/3000000, FPS 118.

Reward for thread 1: [-15.83, -20.34, -19.41] -18.53  Inventory: [12.0, 0.0, 0.0]  Order: [9.59, 9.52, 9.37] Demand: [9.625]
Reward for thread 2: [-14.95, -25.12, -30.32] -23.46  Inventory: [5.0, 36.0, 75.0]  Order: [3.68, 3.62, 3.76] Demand: [3.91]
Reward for thread 3: [-37.19, -28.05, -26.72] -30.65  Inventory: [0.0, 0.0, 0.0]  Order: [13.64, 13.52, 13.46] Demand: [13.685]
Reward for thread 4: [-36.74, -33.66, -28.86] -33.09  Inventory: [8.0, 0.0, 25.0]  Order: [9.55, 9.32, 9.22] Demand: [9.75]
Reward for thread 5: [-10.79, -17.45, -21.84] -16.69  Inventory: [7.0, 22.0, 32.0]  Order: [2.93, 2.79, 2.72] Demand: [3.135]

 Algo happo Exp ippo_seed13_formal_v1 updates 431/3000 episodes, total num timesteps 432000/3000000, FPS 118.

Reward for thread 1: [-28.32, -33.47, -25.96] -29.25  Inventory: [8.0, 20.0, 30.0]  Order: [7.68, 7.54, 7.46] Demand: [7.885]
Reward for thread 2: [-80.85, -69.63, -41.38] -63.95  Inventory: [2.0, 0.0, 0.0]  Order: [14.63, 14.12, 14.14] Demand: [13.8]
Reward for thread 3: [-12.96, -19.41, -19.0] -17.12  Inventory: [8.0, 16.0, 21.0]  Order: [6.42, 6.3, 6.22] Demand: [6.545]
Reward for thread 4: [-13.53, -17.92, -20.63] -17.36  Inventory: [0.0, 0.0, 0.0]  Order: [7.07, 7.18, 7.14] Demand: [7.015]
Reward for thread 5: [-12.0, -19.98, -21.92] -17.97  Inventory: [1.0, 12.0, 21.0]  Order: [4.54, 4.43, 4.32] Demand: [4.71]

 Algo happo Exp ippo_seed13_formal_v1 updates 432/3000 episodes, total num timesteps 433000/3000000, FPS 118.

Reward for thread 1: [-36.74, -32.62, -28.04] -32.47  Inventory: [0.0, 0.0, 0.0]  Order: [12.06, 12.05, 12.06] Demand: [12.5]
Reward for thread 2: [-53.11, -35.95, -31.66] -40.24  Inventory: [0.0, 0.0, 0.0]  Order: [13.84, 13.8, 13.78] Demand: [13.705]
Reward for thread 3: [-20.89, -26.9, -26.08] -24.62  Inventory: [0.0, 0.0, 17.0]  Order: [7.86, 7.58, 7.56] Demand: [7.68]
Reward for thread 4: [-156.49, -86.26, -60.63] -101.13  Inventory: [0.0, 0.0, 0.0]  Order: [14.36, 14.19, 14.19] Demand: [15.99]
Reward for thread 5: [-13.27, -18.99, -24.63] -18.96  Inventory: [27.0, 23.0, 62.0]  Order: [3.66, 3.54, 3.62] Demand: [3.775]

 Algo happo Exp ippo_seed13_formal_v1 updates 433/3000 episodes, total num timesteps 434000/3000000, FPS 118.

Reward for thread 1: [-14.22, -21.37, -23.01] -19.53  Inventory: [3.0, 29.0, 58.0]  Order: [5.83, 5.8, 5.88] Demand: [5.955]
Reward for thread 2: [-16.5, -22.79, -25.51] -21.6  Inventory: [7.0, 10.0, 20.0]  Order: [7.98, 7.93, 7.98] Demand: [8.07]
Reward for thread 3: [-30.54, -23.64, -21.67] -25.28  Inventory: [0.0, 0.0, 0.0]  Order: [12.29, 12.26, 12.28] Demand: [12.83]
Reward for thread 4: [-16.48, -23.11, -23.35] -20.98  Inventory: [0.0, 0.0, 13.0]  Order: [7.7, 7.54, 7.38] Demand: [7.785]
Reward for thread 5: [-20.23, -28.11, -27.03] -25.12  Inventory: [0.0, 4.0, 33.0]  Order: [7.08, 7.04, 7.06] Demand: [7.13]

 Algo happo Exp ippo_seed13_formal_v1 updates 434/3000 episodes, total num timesteps 435000/3000000, FPS 118.

Reward for thread 1: [-15.78, -22.25, -23.56] -20.53  Inventory: [0.0, 0.0, 0.0]  Order: [8.7, 8.66, 8.56] Demand: [8.67]
Reward for thread 2: [-47.33, -22.57, -22.88] -30.93  Inventory: [0.0, 18.0, 0.0]  Order: [13.17, 13.38, 13.34] Demand: [14.44]
Reward for thread 3: [-14.86, -22.25, -28.74] -21.95  Inventory: [30.0, 17.0, 47.0]  Order: [3.12, 2.98, 2.98] Demand: [3.225]
Reward for thread 4: [-17.42, -23.15, -20.68] -20.42  Inventory: [0.0, 21.0, 53.0]  Order: [6.95, 6.8, 6.84] Demand: [7.16]
Reward for thread 5: [-31.13, -33.07, -27.93] -30.71  Inventory: [0.0, 43.0, 54.0]  Order: [9.28, 9.26, 9.31] Demand: [9.43]

Eval average reward:  -24.108583333333335  Eval ordering fluctuation measurement (downstream to upstream):  [0.8435065941725348, 1.0613879254347447, 1.004278977865304]
A better model is saved!

 Algo happo Exp ippo_seed13_formal_v1 updates 435/3000 episodes, total num timesteps 436000/3000000, FPS 118.

Reward for thread 1: [-22.98, -26.26, -28.55] -25.93  Inventory: [2.0, 26.0, 33.0]  Order: [6.12, 6.02, 5.96] Demand: [6.36]
Reward for thread 2: [-19.48, -23.89, -34.51] -25.96  Inventory: [1.0, 4.0, 22.0]  Order: [3.96, 3.84, 3.71] Demand: [4.14]
Reward for thread 3: [-31.34, -29.08, -23.11] -27.84  Inventory: [0.0, 0.0, 0.0]  Order: [12.74, 12.68, 12.6] Demand: [13.05]
Reward for thread 4: [-101.82, -41.85, -38.05] -60.57  Inventory: [0.0, 0.0, 0.0]  Order: [15.58, 15.48, 15.52] Demand: [15.56]
Reward for thread 5: [-24.83, -19.83, -18.67] -21.11  Inventory: [0.0, 0.0, 0.0]  Order: [9.34, 9.41, 9.4] Demand: [9.785]

 Algo happo Exp ippo_seed13_formal_v1 updates 436/3000 episodes, total num timesteps 437000/3000000, FPS 118.

Reward for thread 1: [-19.71, -23.75, -21.2] -21.55  Inventory: [0.0, 0.0, 0.0]  Order: [10.49, 10.32, 10.3] Demand: [10.225]
Reward for thread 2: [-57.19, -35.39, -27.63] -40.07  Inventory: [0.0, 17.0, 4.0]  Order: [13.64, 13.74, 13.62] Demand: [13.73]
Reward for thread 3: [-12.18, -17.72, -18.7] -16.2  Inventory: [0.0, 10.0, 2.0]  Order: [6.88, 7.0, 6.92] Demand: [6.975]
Reward for thread 4: [-15.44, -23.93, -22.02] -20.46  Inventory: [4.0, 26.0, 30.0]  Order: [6.98, 6.94, 6.86] Demand: [7.21]
Reward for thread 5: [-22.46, -21.45, -21.41] -21.77  Inventory: [0.0, 0.0, 0.0]  Order: [12.08, 12.02, 11.97] Demand: [12.03]

 Algo happo Exp ippo_seed13_formal_v1 updates 437/3000 episodes, total num timesteps 438000/3000000, FPS 118.

Reward for thread 1: [-15.57, -33.35, -27.73] -25.55  Inventory: [3.0, 77.0, 52.0]  Order: [2.75, 2.9, 2.94] Demand: [2.985]
Reward for thread 2: [-20.52, -34.08, -42.4] -32.33  Inventory: [1.0, 29.0, 44.0]  Order: [4.36, 4.26, 4.23] Demand: [4.54]
Reward for thread 3: [-96.48, -37.78, -37.29] -57.18  Inventory: [0.0, 0.0, 0.0]  Order: [14.11, 14.08, 14.11] Demand: [15.935]
Reward for thread 4: [-11.69, -20.76, -23.01] -18.49  Inventory: [0.0, 38.0, 10.0]  Order: [3.09, 3.06, 2.88] Demand: [3.34]
Reward for thread 5: [-14.64, -21.01, -19.95] -18.53  Inventory: [28.0, 43.0, 47.0]  Order: [8.42, 8.48, 8.48] Demand: [8.425]

 Algo happo Exp ippo_seed13_formal_v1 updates 438/3000 episodes, total num timesteps 439000/3000000, FPS 118.

Reward for thread 1: [-76.64, -44.06, -35.59] -52.1  Inventory: [0.0, 2.0, 0.0]  Order: [14.4, 14.59, 14.62] Demand: [15.15]
Reward for thread 2: [-16.19, -21.37, -19.9] -19.15  Inventory: [16.0, 36.0, 22.0]  Order: [10.17, 10.14, 10.12] Demand: [10.32]
Reward for thread 3: [-13.87, -21.3, -21.84] -19.0  Inventory: [8.0, 1.0, 10.0]  Order: [6.38, 6.34, 6.29] Demand: [6.52]
Reward for thread 4: [-17.23, -24.02, -20.0] -20.42  Inventory: [11.0, 18.0, 13.0]  Order: [9.52, 9.49, 9.52] Demand: [9.615]
Reward for thread 5: [-9.82, -16.72, -17.77] -14.77  Inventory: [0.0, 8.0, 0.0]  Order: [4.3, 4.32, 4.19] Demand: [4.44]

 Algo happo Exp ippo_seed13_formal_v1 updates 439/3000 episodes, total num timesteps 440000/3000000, FPS 118.

Reward for thread 1: [-46.71, -24.61, -24.45] -31.92  Inventory: [10.0, 0.0, 9.0]  Order: [13.82, 13.67, 13.58] Demand: [13.915]
Reward for thread 2: [-11.53, -19.89, -21.69] -17.7  Inventory: [3.0, 26.0, 47.0]  Order: [4.74, 4.62, 4.62] Demand: [4.94]
Reward for thread 3: [-13.52, -12.77, -13.95] -13.41  Inventory: [0.0, 0.0, 0.0]  Order: [11.7, 11.78, 11.74] Demand: [12.1]
Reward for thread 4: [-11.01, -18.45, -18.06] -15.84  Inventory: [0.0, 0.0, 41.0]  Order: [4.78, 4.54, 4.5] Demand: [4.945]
Reward for thread 5: [-14.24, -22.77, -30.87] -22.63  Inventory: [2.0, 34.0, 47.0]  Order: [3.96, 3.88, 3.89] Demand: [4.195]

Eval average reward:  -23.72125  Eval ordering fluctuation measurement (downstream to upstream):  [0.7772146828324781, 0.956715505192211, 1.0269597260941379]
A better model is saved!

 Algo happo Exp ippo_seed13_formal_v1 updates 440/3000 episodes, total num timesteps 441000/3000000, FPS 118.

Reward for thread 1: [-61.57, -37.23, -31.18] -43.33  Inventory: [0.0, 0.0, 0.0]  Order: [14.31, 14.21, 14.2] Demand: [15.32]
Reward for thread 2: [-20.47, -42.1, -37.35] -33.31  Inventory: [14.0, 94.0, 74.0]  Order: [2.44, 2.68, 2.81] Demand: [2.62]
Reward for thread 3: [-11.66, -20.03, -18.62] -16.77  Inventory: [0.0, 5.0, 0.0]  Order: [3.97, 3.92, 3.74] Demand: [4.06]
Reward for thread 4: [-18.05, -19.48, -19.19] -18.91  Inventory: [0.0, 0.0, 0.0]  Order: [10.4, 10.34, 10.34] Demand: [10.76]
Reward for thread 5: [-28.09, -20.63, -21.21] -23.31  Inventory: [0.0, 3.0, 2.0]  Order: [12.19, 12.26, 12.23] Demand: [12.17]

 Algo happo Exp ippo_seed13_formal_v1 updates 441/3000 episodes, total num timesteps 442000/3000000, FPS 118.

Reward for thread 1: [-24.69, -27.04, -24.32] -25.35  Inventory: [0.0, 0.0, 0.0]  Order: [11.93, 11.96, 11.94] Demand: [12.29]
Reward for thread 2: [-100.86, -40.94, -40.26] -60.69  Inventory: [0.0, 3.0, 0.0]  Order: [15.58, 15.78, 15.86] Demand: [16.43]
Reward for thread 3: [-72.76, -31.31, -31.68] -45.25  Inventory: [0.0, 0.0, 0.0]  Order: [14.49, 14.58, 14.54] Demand: [16.22]
Reward for thread 4: [-26.09, -36.23, -46.35] -36.22  Inventory: [26.0, 76.0, 100.0]  Order: [3.92, 4.06, 4.32] Demand: [4.03]
Reward for thread 5: [-18.48, -20.92, -19.29] -19.56  Inventory: [6.0, 6.0, 0.0]  Order: [13.16, 13.36, 13.39] Demand: [13.115]

 Algo happo Exp ippo_seed13_formal_v1 updates 442/3000 episodes, total num timesteps 443000/3000000, FPS 118.

Reward for thread 1: [-12.43, -21.43, -19.65] -17.84  Inventory: [4.0, 29.0, 33.0]  Order: [6.52, 6.44, 6.42] Demand: [6.67]
Reward for thread 2: [-14.45, -31.41, -25.71] -23.86  Inventory: [2.0, 74.0, 58.0]  Order: [4.3, 4.44, 4.52] Demand: [4.53]
Reward for thread 3: [-16.24, -25.68, -38.49] -26.8  Inventory: [15.0, 47.0, 85.0]  Order: [1.79, 1.84, 2.04] Demand: [1.965]
Reward for thread 4: [-89.32, -39.07, -36.7] -55.03  Inventory: [10.0, 24.0, 22.0]  Order: [13.56, 13.58, 13.54] Demand: [13.675]
Reward for thread 5: [-27.72, -21.54, -21.53] -23.6  Inventory: [0.0, 13.0, 10.0]  Order: [12.64, 12.62, 12.44] Demand: [12.745]

 Algo happo Exp ippo_seed13_formal_v1 updates 443/3000 episodes, total num timesteps 444000/3000000, FPS 118.

Reward for thread 1: [-122.38, -42.9, -42.96] -69.41  Inventory: [0.0, 0.0, 0.0]  Order: [15.14, 15.27, 15.31] Demand: [16.375]
Reward for thread 2: [-14.44, -19.12, -19.3] -17.62  Inventory: [0.0, 0.0, 0.0]  Order: [8.62, 8.83, 8.74] Demand: [8.865]
Reward for thread 3: [-84.52, -31.96, -33.05] -49.84  Inventory: [0.0, 0.0, 0.0]  Order: [14.42, 14.56, 14.64] Demand: [14.605]
Reward for thread 4: [-16.46, -21.83, -24.01] -20.77  Inventory: [0.0, 23.0, 18.0]  Order: [7.82, 7.8, 7.69] Demand: [7.965]
Reward for thread 5: [-17.38, -23.02, -21.52] -20.64  Inventory: [0.0, 34.0, 4.0]  Order: [10.56, 10.68, 10.6] Demand: [10.585]

 Algo happo Exp ippo_seed13_formal_v1 updates 444/3000 episodes, total num timesteps 445000/3000000, FPS 118.

Reward for thread 1: [-13.93, -21.22, -21.77] -18.97  Inventory: [1.0, 11.0, 6.0]  Order: [6.71, 6.6, 6.51] Demand: [6.84]
Reward for thread 2: [-12.36, -22.0, -21.32] -18.56  Inventory: [0.0, 0.0, 0.0]  Order: [6.08, 5.98, 5.97] Demand: [6.18]
Reward for thread 3: [-13.26, -21.85, -24.4] -19.84  Inventory: [0.0, 24.0, 47.0]  Order: [5.37, 5.25, 5.26] Demand: [5.6]
Reward for thread 4: [-16.98, -19.22, -19.46] -18.55  Inventory: [4.0, 11.0, 0.0]  Order: [11.58, 11.56, 11.48] Demand: [11.735]
Reward for thread 5: [-11.81, -19.54, -19.84] -17.06  Inventory: [4.0, 14.0, 17.0]  Order: [5.35, 5.3, 5.25] Demand: [5.54]

Eval average reward:  -23.49175  Eval ordering fluctuation measurement (downstream to upstream):  [0.7153356606216377, 0.9654459992479163, 1.0086804359473385]
A better model is saved!

 Algo happo Exp ippo_seed13_formal_v1 updates 445/3000 episodes, total num timesteps 446000/3000000, FPS 118.

Reward for thread 1: [-27.08, -26.14, -25.44] -26.22  Inventory: [0.0, 7.0, 9.0]  Order: [12.18, 12.3, 12.36] Demand: [12.475]
Reward for thread 2: [-11.02, -18.03, -16.38] -15.14  Inventory: [6.0, 23.0, 3.0]  Order: [8.92, 8.97, 8.9] Demand: [8.97]
Reward for thread 3: [-16.49, -25.2, -25.89] -22.53  Inventory: [0.0, 14.0, 28.0]  Order: [5.48, 5.42, 5.32] Demand: [5.63]
Reward for thread 4: [-13.33, -23.93, -25.77] -21.01  Inventory: [0.0, 0.0, 20.0]  Order: [3.16, 3.04, 3.0] Demand: [3.28]
Reward for thread 5: [-17.4, -23.53, -20.68] -20.54  Inventory: [19.0, 31.0, 50.0]  Order: [8.22, 8.14, 8.14] Demand: [8.38]

 Algo happo Exp ippo_seed13_formal_v1 updates 446/3000 episodes, total num timesteps 447000/3000000, FPS 118.

Reward for thread 1: [-14.88, -24.83, -24.85] -21.52  Inventory: [1.0, 17.0, 42.0]  Order: [5.92, 5.76, 5.74] Demand: [6.085]
Reward for thread 2: [-31.1, -25.17, -23.32] -26.53  Inventory: [0.0, 0.0, 0.0]  Order: [11.52, 11.69, 11.66] Demand: [12.21]
Reward for thread 3: [-11.85, -20.58, -20.26] -17.56  Inventory: [2.0, 35.0, 34.0]  Order: [4.92, 4.86, 4.78] Demand: [5.115]
Reward for thread 4: [-14.53, -20.21, -20.25] -18.33  Inventory: [0.0, 20.0, 0.0]  Order: [9.85, 9.99, 10.04] Demand: [9.915]
Reward for thread 5: [-101.56, -52.35, -44.18] -66.03  Inventory: [7.0, 32.0, 72.0]  Order: [13.96, 13.88, 14.0] Demand: [14.065]

 Algo happo Exp ippo_seed13_formal_v1 updates 447/3000 episodes, total num timesteps 448000/3000000, FPS 118.

Reward for thread 1: [-25.4, -31.31, -29.06] -28.59  Inventory: [14.0, 48.0, 18.0]  Order: [8.72, 8.74, 8.7] Demand: [8.885]
Reward for thread 2: [-48.95, -34.34, -30.32] -37.87  Inventory: [0.0, 0.0, 0.0]  Order: [11.13, 11.2, 11.22] Demand: [11.625]
Reward for thread 3: [-12.79, -24.21, -23.92] -20.31  Inventory: [0.0, 41.0, 46.0]  Order: [4.58, 4.55, 4.56] Demand: [4.755]
Reward for thread 4: [-11.1, -17.09, -17.09] -15.09  Inventory: [0.0, 8.0, 8.0]  Order: [7.12, 7.12, 7.11] Demand: [7.215]
Reward for thread 5: [-21.82, -31.1, -28.79] -27.24  Inventory: [1.0, 28.0, 54.0]  Order: [7.37, 7.28, 7.32] Demand: [7.555]

 Algo happo Exp ippo_seed13_formal_v1 updates 448/3000 episodes, total num timesteps 449000/3000000, FPS 118.

Reward for thread 1: [-14.87, -25.08, -32.16] -24.04  Inventory: [18.0, 30.0, 18.0]  Order: [3.46, 3.54, 3.54] Demand: [3.595]
Reward for thread 2: [-77.85, -32.67, -35.55] -48.69  Inventory: [0.0, 28.0, 13.0]  Order: [15.82, 16.03, 16.06] Demand: [17.13]
Reward for thread 3: [-17.26, -25.74, -26.82] -23.27  Inventory: [15.0, 48.0, 47.0]  Order: [5.56, 5.56, 5.57] Demand: [5.715]
Reward for thread 4: [-36.31, -27.72, -27.06] -30.36  Inventory: [0.0, 0.0, 0.0]  Order: [15.34, 15.51, 15.4] Demand: [15.83]
Reward for thread 5: [-174.55, -62.97, -59.76] -99.09  Inventory: [0.0, 0.0, 0.0]  Order: [16.02, 16.08, 16.06] Demand: [16.76]

 Algo happo Exp ippo_seed13_formal_v1 updates 449/3000 episodes, total num timesteps 450000/3000000, FPS 118.

Reward for thread 1: [-39.51, -26.49, -26.5] -30.83  Inventory: [13.0, 49.0, 29.0]  Order: [11.85, 11.89, 11.79] Demand: [12.03]
Reward for thread 2: [-19.21, -26.71, -21.73] -22.55  Inventory: [0.0, 7.0, 14.0]  Order: [8.59, 8.49, 8.41] Demand: [8.75]
Reward for thread 3: [-34.73, -24.49, -26.45] -28.56  Inventory: [0.0, 0.0, 0.0]  Order: [15.16, 15.26, 15.26] Demand: [15.16]
Reward for thread 4: [-20.27, -22.43, -21.86] -21.52  Inventory: [0.0, 0.0, 0.0]  Order: [9.12, 9.26, 9.18] Demand: [9.47]
Reward for thread 5: [-12.28, -19.65, -18.21] -16.71  Inventory: [2.0, 32.0, 26.0]  Order: [7.94, 7.92, 7.96] Demand: [8.04]

Eval average reward:  -27.61825  Eval ordering fluctuation measurement (downstream to upstream):  [0.8168162840871009, 0.9820782527986305, 0.9084463523060189]

 Algo happo Exp ippo_seed13_formal_v1 updates 450/3000 episodes, total num timesteps 451000/3000000, FPS 118.

Reward for thread 1: [-55.57, -45.92, -37.5] -46.33  Inventory: [0.0, 0.0, 0.0]  Order: [13.88, 13.9, 13.88] Demand: [13.63]
Reward for thread 2: [-12.0, -19.77, -21.51] -17.76  Inventory: [9.0, 28.0, 37.0]  Order: [5.14, 5.04, 5.0] Demand: [5.34]
Reward for thread 3: [-12.58, -21.85, -22.9] -19.11  Inventory: [12.0, 11.0, 6.0]  Order: [3.0, 2.92, 2.8] Demand: [3.155]
Reward for thread 4: [-68.86, -30.9, -31.24] -43.67  Inventory: [0.0, 0.0, 0.0]  Order: [12.19, 12.4, 12.38] Demand: [13.66]
Reward for thread 5: [-17.5, -24.16, -26.07] -22.58  Inventory: [0.0, 5.0, 45.0]  Order: [6.26, 6.13, 6.15] Demand: [6.47]

 Algo happo Exp ippo_seed13_formal_v1 updates 451/3000 episodes, total num timesteps 452000/3000000, FPS 118.

Reward for thread 1: [-14.63, -22.34, -19.75] -18.91  Inventory: [0.0, 37.0, 25.0]  Order: [6.92, 6.88, 6.8] Demand: [7.065]
Reward for thread 2: [-107.16, -72.45, -48.02] -75.88  Inventory: [0.0, 7.0, 0.0]  Order: [14.16, 14.2, 14.09] Demand: [14.275]
Reward for thread 3: [-10.95, -15.71, -16.76] -14.47  Inventory: [0.0, 11.0, 28.0]  Order: [8.06, 7.92, 7.84] Demand: [8.16]
Reward for thread 4: [-26.41, -25.89, -22.58] -24.96  Inventory: [0.0, 0.0, 0.0]  Order: [13.02, 13.1, 13.11] Demand: [13.035]
Reward for thread 5: [-35.35, -32.68, -28.59] -32.21  Inventory: [0.0, 0.0, 0.0]  Order: [13.69, 13.82, 13.82] Demand: [13.73]

 Algo happo Exp ippo_seed13_formal_v1 updates 452/3000 episodes, total num timesteps 453000/3000000, FPS 118.

Reward for thread 1: [-16.21, -26.21, -29.91] -24.11  Inventory: [30.0, 61.0, 55.0]  Order: [3.62, 3.7, 3.76] Demand: [3.72]
Reward for thread 2: [-19.14, -20.11, -19.93] -19.73  Inventory: [0.0, 3.0, 0.0]  Order: [9.25, 9.4, 9.51] Demand: [9.225]
Reward for thread 3: [-12.49, -21.58, -20.54] -18.2  Inventory: [0.0, 44.0, 51.0]  Order: [5.28, 5.24, 5.28] Demand: [5.495]
Reward for thread 4: [-26.32, -28.59, -27.25] -27.39  Inventory: [7.0, 31.0, 16.0]  Order: [11.75, 11.76, 11.66] Demand: [11.89]
Reward for thread 5: [-11.23, -17.86, -17.44] -15.51  Inventory: [2.0, 19.0, 0.0]  Order: [7.18, 7.21, 7.18] Demand: [7.205]

 Algo happo Exp ippo_seed13_formal_v1 updates 453/3000 episodes, total num timesteps 454000/3000000, FPS 118.

Reward for thread 1: [-20.31, -21.03, -21.74] -21.03  Inventory: [38.0, 65.0, 52.0]  Order: [12.77, 12.91, 12.95] Demand: [12.81]
Reward for thread 2: [-22.06, -21.45, -21.4] -21.64  Inventory: [0.0, 0.0, 0.0]  Order: [11.69, 11.84, 11.82] Demand: [11.985]
Reward for thread 3: [-20.08, -26.64, -22.33] -23.02  Inventory: [1.0, 104.0, 47.0]  Order: [7.16, 7.46, 7.46] Demand: [7.275]
Reward for thread 4: [-13.25, -21.92, -26.74] -20.64  Inventory: [5.0, 44.0, 42.0]  Order: [3.16, 3.14, 3.13] Demand: [3.38]
Reward for thread 5: [-12.96, -19.6, -21.09] -17.88  Inventory: [0.0, 0.0, 30.0]  Order: [6.38, 6.18, 6.12] Demand: [6.52]

 Algo happo Exp ippo_seed13_formal_v1 updates 454/3000 episodes, total num timesteps 455000/3000000, FPS 118.

Reward for thread 1: [-19.22, -32.37, -24.85] -25.48  Inventory: [0.0, 0.0, 0.0]  Order: [9.13, 8.96, 8.86] Demand: [8.94]
Reward for thread 2: [-22.83, -24.46, -21.65] -22.98  Inventory: [20.0, 17.0, 0.0]  Order: [13.74, 13.96, 14.02] Demand: [13.58]
Reward for thread 3: [-17.62, -25.22, -24.68] -22.51  Inventory: [3.0, 41.0, 54.0]  Order: [8.86, 8.82, 8.9] Demand: [9.05]
Reward for thread 4: [-13.18, -19.27, -26.12] -19.52  Inventory: [16.0, 28.0, 15.0]  Order: [4.31, 4.26, 4.16] Demand: [4.47]
Reward for thread 5: [-17.26, -22.39, -22.19] -20.61  Inventory: [0.0, 11.0, 13.0]  Order: [7.8, 7.72, 7.64] Demand: [7.845]

Eval average reward:  -28.115666666666673  Eval ordering fluctuation measurement (downstream to upstream):  [0.8177392898331636, 1.0651549073804518, 0.9147059875787242]

 Algo happo Exp ippo_seed13_formal_v1 updates 455/3000 episodes, total num timesteps 456000/3000000, FPS 118.

Reward for thread 1: [-73.59, -37.88, -35.4] -48.96  Inventory: [0.0, 0.0, 0.0]  Order: [13.88, 13.96, 13.88] Demand: [14.885]
Reward for thread 2: [-13.39, -18.94, -18.71] -17.01  Inventory: [3.0, 6.0, 12.0]  Order: [7.92, 7.91, 7.87] Demand: [8.01]
Reward for thread 3: [-16.83, -26.19, -26.53] -23.18  Inventory: [0.0, 10.0, 45.0]  Order: [4.82, 4.62, 4.62] Demand: [4.99]
Reward for thread 4: [-103.27, -41.02, -41.98] -62.09  Inventory: [0.0, 0.0, 0.0]  Order: [15.52, 15.62, 15.62] Demand: [16.86]
Reward for thread 5: [-16.67, -24.07, -21.58] -20.77  Inventory: [1.0, 20.0, 32.0]  Order: [7.44, 7.32, 7.27] Demand: [7.615]

 Algo happo Exp ippo_seed13_formal_v1 updates 456/3000 episodes, total num timesteps 457000/3000000, FPS 118.

Reward for thread 1: [-21.74, -30.87, -29.62] -27.41  Inventory: [0.0, 47.0, 53.0]  Order: [8.74, 8.72, 8.78] Demand: [8.895]
Reward for thread 2: [-11.51, -19.07, -19.61] -16.73  Inventory: [4.0, 15.0, 19.0]  Order: [5.6, 5.57, 5.44] Demand: [5.7]
Reward for thread 3: [-12.01, -20.59, -23.3] -18.63  Inventory: [0.0, 14.0, 1.0]  Order: [4.93, 4.99, 4.9] Demand: [5.015]
Reward for thread 4: [-19.25, -34.29, -39.69] -31.08  Inventory: [1.0, 22.0, 114.0]  Order: [3.06, 2.93, 3.3] Demand: [3.275]
Reward for thread 5: [-27.11, -27.15, -23.34] -25.87  Inventory: [0.0, 0.0, 0.0]  Order: [8.73, 8.76, 8.67] Demand: [9.37]

 Algo happo Exp ippo_seed13_formal_v1 updates 457/3000 episodes, total num timesteps 458000/3000000, FPS 118.

Reward for thread 1: [-30.61, -36.43, -31.84] -32.96  Inventory: [5.0, 44.0, 30.0]  Order: [14.18, 14.33, 14.31] Demand: [14.18]
Reward for thread 2: [-44.07, -28.96, -29.91] -34.31  Inventory: [2.0, 28.0, 18.0]  Order: [11.54, 11.57, 11.52] Demand: [11.66]
Reward for thread 3: [-13.85, -22.15, -23.95] -19.98  Inventory: [5.0, 16.0, 25.0]  Order: [4.72, 4.62, 4.51] Demand: [4.935]
Reward for thread 4: [-112.19, -64.82, -52.53] -76.51  Inventory: [0.0, 0.0, 0.0]  Order: [16.22, 16.39, 16.44] Demand: [17.085]
Reward for thread 5: [-12.68, -20.68, -25.52] -19.63  Inventory: [0.0, 0.0, 59.0]  Order: [3.31, 3.1, 3.18] Demand: [3.48]

 Algo happo Exp ippo_seed13_formal_v1 updates 458/3000 episodes, total num timesteps 459000/3000000, FPS 118.

Reward for thread 1: [-59.1, -35.19, -37.12] -43.8  Inventory: [0.0, 0.0, 0.0]  Order: [16.23, 16.37, 16.28] Demand: [16.445]
Reward for thread 2: [-27.47, -30.11, -29.24] -28.94  Inventory: [0.0, 0.0, 0.0]  Order: [11.28, 11.46, 11.37] Demand: [11.1]
Reward for thread 3: [-27.61, -27.29, -26.41] -27.1  Inventory: [0.0, 5.0, 0.0]  Order: [11.18, 11.22, 11.12] Demand: [11.25]
Reward for thread 4: [-22.4, -26.07, -26.09] -24.85  Inventory: [0.0, 34.0, 10.0]  Order: [7.48, 7.52, 7.4] Demand: [7.605]
Reward for thread 5: [-75.19, -36.4, -35.94] -49.18  Inventory: [0.0, 0.0, 0.0]  Order: [12.64, 12.77, 12.72] Demand: [13.875]

 Algo happo Exp ippo_seed13_formal_v1 updates 459/3000 episodes, total num timesteps 460000/3000000, FPS 118.

Reward for thread 1: [-11.91, -18.37, -18.96] -16.41  Inventory: [0.0, 15.0, 14.0]  Order: [7.24, 7.17, 7.14] Demand: [7.34]
Reward for thread 2: [-48.5, -37.5, -34.23] -40.08  Inventory: [0.0, 0.0, 0.0]  Order: [13.6, 13.82, 13.82] Demand: [13.84]
Reward for thread 3: [-15.24, -26.29, -25.8] -22.44  Inventory: [11.0, 32.0, 17.0]  Order: [5.5, 5.47, 5.4] Demand: [5.675]
Reward for thread 4: [-10.57, -17.9, -18.74] -15.74  Inventory: [0.0, 0.0, 0.0]  Order: [5.07, 4.92, 4.87] Demand: [5.155]
Reward for thread 5: [-15.23, -23.18, -21.97] -20.13  Inventory: [44.0, 51.0, 29.0]  Order: [8.7, 8.78, 8.78] Demand: [8.61]

Eval average reward:  -30.504166666666666  Eval ordering fluctuation measurement (downstream to upstream):  [0.8363128072312337, 1.0617938052176092, 0.9436116288865589]

 Algo happo Exp ippo_seed13_formal_v1 updates 460/3000 episodes, total num timesteps 461000/3000000, FPS 118.

Reward for thread 1: [-19.7, -28.14, -28.89] -25.58  Inventory: [0.0, 4.0, 15.0]  Order: [6.58, 6.46, 6.3] Demand: [6.685]
Reward for thread 2: [-15.92, -27.42, -31.82] -25.05  Inventory: [5.0, 28.0, 64.0]  Order: [2.9, 2.82, 2.9] Demand: [3.125]
Reward for thread 3: [-13.66, -18.23, -20.68] -17.52  Inventory: [0.0, 0.0, 0.0]  Order: [7.84, 7.74, 7.72] Demand: [7.85]
Reward for thread 4: [-82.56, -49.61, -43.5] -58.56  Inventory: [0.0, 6.0, 0.0]  Order: [14.56, 14.89, 14.86] Demand: [15.595]
Reward for thread 5: [-21.55, -26.2, -25.64] -24.46  Inventory: [0.0, 0.0, 0.0]  Order: [13.0, 13.06, 13.1] Demand: [13.035]

 Algo happo Exp ippo_seed13_formal_v1 updates 461/3000 episodes, total num timesteps 462000/3000000, FPS 118.

Reward for thread 1: [-11.75, -20.2, -21.31] -17.75  Inventory: [0.0, 14.0, 41.0]  Order: [3.5, 3.34, 3.3] Demand: [3.705]
Reward for thread 2: [-17.09, -23.58, -20.31] -20.33  Inventory: [3.0, 38.0, 28.0]  Order: [7.52, 7.47, 7.38] Demand: [7.72]
Reward for thread 3: [-10.61, -16.52, -18.03] -15.05  Inventory: [12.0, 45.0, 25.0]  Order: [5.44, 5.44, 5.44] Demand: [5.605]
Reward for thread 4: [-55.86, -32.22, -36.89] -41.66  Inventory: [0.0, 0.0, 0.0]  Order: [15.98, 16.07, 16.06] Demand: [16.895]
Reward for thread 5: [-18.88, -27.88, -27.78] -24.85  Inventory: [1.0, 16.0, 12.0]  Order: [8.06, 8.14, 8.06] Demand: [8.1]

 Algo happo Exp ippo_seed13_formal_v1 updates 462/3000 episodes, total num timesteps 463000/3000000, FPS 118.

Reward for thread 1: [-11.9, -19.6, -22.59] -18.03  Inventory: [7.0, 36.0, 75.0]  Order: [4.62, 4.56, 4.72] Demand: [4.84]
Reward for thread 2: [-27.2, -27.11, -27.67] -27.33  Inventory: [0.0, 0.0, 0.0]  Order: [12.9, 12.83, 12.77] Demand: [13.315]
Reward for thread 3: [-12.63, -16.2, -17.18] -15.34  Inventory: [0.0, 0.0, 2.0]  Order: [9.1, 9.12, 9.1] Demand: [9.2]
Reward for thread 4: [-11.79, -18.24, -18.79] -16.27  Inventory: [24.0, 24.0, 35.0]  Order: [5.97, 5.86, 5.8] Demand: [6.1]
Reward for thread 5: [-9.81, -15.69, -16.54] -14.01  Inventory: [1.0, 5.0, 5.0]  Order: [5.44, 5.38, 5.2] Demand: [5.585]

 Algo happo Exp ippo_seed13_formal_v1 updates 463/3000 episodes, total num timesteps 464000/3000000, FPS 118.

Reward for thread 1: [-10.69, -15.65, -17.68] -14.67  Inventory: [0.0, 6.0, 0.0]  Order: [7.01, 7.08, 7.04] Demand: [7.065]
Reward for thread 2: [-36.6, -26.78, -31.7] -31.69  Inventory: [1.0, 35.0, 59.0]  Order: [13.79, 13.73, 13.82] Demand: [13.965]
Reward for thread 3: [-11.34, -18.81, -18.74] -16.3  Inventory: [9.0, 55.0, 51.0]  Order: [4.22, 4.28, 4.3] Demand: [4.415]
Reward for thread 4: [-33.58, -34.69, -28.52] -32.26  Inventory: [48.0, 69.0, 33.0]  Order: [12.17, 12.36, 12.3] Demand: [12.145]
Reward for thread 5: [-16.87, -22.32, -23.34] -20.84  Inventory: [0.0, 18.0, 11.0]  Order: [6.45, 6.48, 6.38] Demand: [6.56]

 Algo happo Exp ippo_seed13_formal_v1 updates 464/3000 episodes, total num timesteps 465000/3000000, FPS 118.

Reward for thread 1: [-11.31, -17.96, -17.55] -15.61  Inventory: [0.0, 0.0, 0.0]  Order: [6.98, 6.99, 6.9] Demand: [6.925]
Reward for thread 2: [-36.1, -30.42, -30.5] -32.34  Inventory: [0.0, 20.0, 22.0]  Order: [11.88, 11.92, 11.82] Demand: [11.87]
Reward for thread 3: [-25.44, -35.05, -30.43] -30.31  Inventory: [0.0, 23.0, 18.0]  Order: [10.42, 10.36, 10.34] Demand: [10.55]
Reward for thread 4: [-28.61, -39.7, -35.19] -34.5  Inventory: [0.0, 0.0, 1.0]  Order: [9.56, 9.4, 9.32] Demand: [9.655]
Reward for thread 5: [-49.23, -33.66, -31.34] -38.08  Inventory: [0.0, 0.0, 0.0]  Order: [14.0, 14.28, 14.22] Demand: [14.315]

Eval average reward:  -28.502333333333336  Eval ordering fluctuation measurement (downstream to upstream):  [0.808318930636489, 0.9508685666100085, 1.0557525064107225]

 Algo happo Exp ippo_seed13_formal_v1 updates 465/3000 episodes, total num timesteps 466000/3000000, FPS 118.

Reward for thread 1: [-39.24, -36.96, -36.89] -37.7  Inventory: [10.0, 36.0, 30.0]  Order: [13.1, 13.08, 13.0] Demand: [13.2]
Reward for thread 2: [-12.11, -15.71, -16.82] -14.88  Inventory: [0.0, 7.0, 3.0]  Order: [6.21, 6.26, 6.2] Demand: [6.695]
Reward for thread 3: [-16.44, -22.53, -21.54] -20.17  Inventory: [0.0, 10.0, 0.0]  Order: [7.36, 7.48, 7.38] Demand: [7.62]
Reward for thread 4: [-17.17, -23.28, -21.4] -20.62  Inventory: [0.0, 0.0, 0.0]  Order: [9.29, 9.46, 9.38] Demand: [9.27]
Reward for thread 5: [-18.25, -25.67, -21.72] -21.88  Inventory: [0.0, 0.0, 0.0]  Order: [10.02, 10.04, 9.96] Demand: [10.035]

 Algo happo Exp ippo_seed13_formal_v1 updates 466/3000 episodes, total num timesteps 467000/3000000, FPS 118.

Reward for thread 1: [-13.88, -23.12, -21.62] -19.54  Inventory: [0.0, 11.0, 0.0]  Order: [4.82, 4.76, 4.64] Demand: [4.97]
Reward for thread 2: [-64.15, -32.22, -35.44] -43.94  Inventory: [0.0, 18.0, 0.0]  Order: [14.06, 14.31, 14.26] Demand: [14.755]
Reward for thread 3: [-24.63, -24.03, -25.37] -24.68  Inventory: [9.0, 56.0, 55.0]  Order: [13.52, 13.59, 13.62] Demand: [13.6]
Reward for thread 4: [-13.64, -22.33, -22.42] -19.46  Inventory: [0.0, 0.0, 29.0]  Order: [5.5, 5.28, 5.2] Demand: [5.61]
Reward for thread 5: [-24.15, -27.66, -27.02] -26.28  Inventory: [6.0, 7.0, 16.0]  Order: [9.39, 9.41, 9.38] Demand: [9.5]

 Algo happo Exp ippo_seed13_formal_v1 updates 467/3000 episodes, total num timesteps 468000/3000000, FPS 118.

Reward for thread 1: [-12.71, -20.06, -19.08] -17.28  Inventory: [0.0, 21.0, 51.0]  Order: [5.96, 5.83, 5.85] Demand: [6.17]
Reward for thread 2: [-80.87, -39.89, -46.03] -55.6  Inventory: [15.0, 22.0, 7.0]  Order: [13.35, 13.32, 13.2] Demand: [13.46]
Reward for thread 3: [-16.0, -17.21, -18.73] -17.31  Inventory: [14.0, 18.0, 1.0]  Order: [10.82, 10.79, 10.74] Demand: [10.925]
Reward for thread 4: [-11.62, -17.76, -16.03] -15.14  Inventory: [0.0, 0.0, 10.0]  Order: [8.34, 8.24, 8.3] Demand: [8.4]
Reward for thread 5: [-11.02, -18.84, -18.31] -16.06  Inventory: [10.0, 11.0, 18.0]  Order: [4.15, 4.03, 3.9] Demand: [4.315]

 Algo happo Exp ippo_seed13_formal_v1 updates 468/3000 episodes, total num timesteps 469000/3000000, FPS 118.

Reward for thread 1: [-17.13, -27.32, -24.65] -23.03  Inventory: [2.0, 34.0, 23.0]  Order: [4.9, 4.82, 4.7] Demand: [5.13]
Reward for thread 2: [-14.62, -23.97, -25.15] -21.25  Inventory: [1.0, 37.0, 21.0]  Order: [2.98, 2.94, 2.8] Demand: [3.185]
Reward for thread 3: [-80.09, -35.17, -36.55] -50.6  Inventory: [11.0, 53.0, 45.0]  Order: [14.2, 14.29, 14.29] Demand: [14.355]
Reward for thread 4: [-76.11, -36.53, -35.34] -49.33  Inventory: [0.0, 11.0, 11.0]  Order: [13.27, 13.37, 13.43] Demand: [14.83]
Reward for thread 5: [-18.54, -26.7, -25.49] -23.58  Inventory: [1.0, 22.0, 36.0]  Order: [6.78, 6.65, 6.64] Demand: [6.92]

 Algo happo Exp ippo_seed13_formal_v1 updates 469/3000 episodes, total num timesteps 470000/3000000, FPS 118.

Reward for thread 1: [-45.28, -22.36, -26.86] -31.5  Inventory: [16.0, 12.0, 0.0]  Order: [15.21, 15.45, 15.5] Demand: [15.1]
Reward for thread 2: [-20.9, -19.45, -20.44] -20.26  Inventory: [0.0, 0.0, 0.0]  Order: [11.48, 11.57, 11.48] Demand: [11.595]
Reward for thread 3: [-11.58, -18.72, -18.71] -16.34  Inventory: [3.0, 36.0, 22.0]  Order: [4.27, 4.22, 4.09] Demand: [4.5]
Reward for thread 4: [-10.79, -17.07, -17.09] -14.98  Inventory: [5.0, 23.0, 22.0]  Order: [6.02, 5.94, 5.84] Demand: [6.2]
Reward for thread 5: [-15.86, -24.85, -26.45] -22.39  Inventory: [0.0, 0.0, 22.0]  Order: [6.12, 5.94, 5.84] Demand: [6.29]

Eval average reward:  -27.25691666666667  Eval ordering fluctuation measurement (downstream to upstream):  [0.7357115887159434, 1.0043991187220855, 1.0740191929867828]

 Algo happo Exp ippo_seed13_formal_v1 updates 470/3000 episodes, total num timesteps 471000/3000000, FPS 118.

Reward for thread 1: [-22.56, -25.22, -24.03] -23.94  Inventory: [0.0, 3.0, 0.0]  Order: [13.41, 13.56, 13.64] Demand: [13.45]
Reward for thread 2: [-27.15, -24.0, -24.26] -25.14  Inventory: [0.0, 0.0, 0.0]  Order: [14.02, 14.1, 14.04] Demand: [14.565]
Reward for thread 3: [-24.08, -32.17, -27.5] -27.92  Inventory: [0.0, 0.0, 0.0]  Order: [11.88, 11.95, 11.86] Demand: [11.785]
Reward for thread 4: [-11.93, -18.22, -20.47] -16.87  Inventory: [6.0, 19.0, 23.0]  Order: [6.2, 6.11, 6.16] Demand: [6.325]
Reward for thread 5: [-11.94, -19.9, -19.24] -17.03  Inventory: [6.0, 10.0, 45.0]  Order: [6.45, 6.25, 6.24] Demand: [6.645]

 Algo happo Exp ippo_seed13_formal_v1 updates 471/3000 episodes, total num timesteps 472000/3000000, FPS 118.

Reward for thread 1: [-18.72, -28.39, -29.92] -25.68  Inventory: [6.0, 19.0, 63.0]  Order: [7.58, 7.44, 7.52] Demand: [7.795]
Reward for thread 2: [-21.6, -26.54, -23.75] -23.96  Inventory: [0.0, 0.0, 0.0]  Order: [9.02, 8.94, 8.84] Demand: [9.125]
Reward for thread 3: [-11.69, -19.05, -18.86] -16.53  Inventory: [0.0, 0.0, 0.0]  Order: [6.22, 6.19, 6.1] Demand: [6.045]
Reward for thread 4: [-18.22, -22.21, -22.67] -21.03  Inventory: [0.0, 56.0, 40.0]  Order: [4.79, 4.84, 4.96] Demand: [4.97]
Reward for thread 5: [-13.79, -22.59, -22.67] -19.68  Inventory: [9.0, 31.0, 24.0]  Order: [6.98, 6.94, 6.82] Demand: [7.07]

 Algo happo Exp ippo_seed13_formal_v1 updates 472/3000 episodes, total num timesteps 473000/3000000, FPS 118.

Reward for thread 1: [-11.01, -19.19, -20.48] -16.89  Inventory: [11.0, 12.0, 11.0]  Order: [3.84, 3.74, 3.58] Demand: [4.03]
Reward for thread 2: [-12.64, -20.66, -21.41] -18.24  Inventory: [2.0, 20.0, 17.0]  Order: [5.56, 5.42, 5.26] Demand: [5.74]
Reward for thread 3: [-14.9, -23.26, -20.8] -19.65  Inventory: [3.0, 15.0, 11.0]  Order: [6.44, 6.3, 6.16] Demand: [6.635]
Reward for thread 4: [-42.5, -38.82, -35.34] -38.89  Inventory: [0.0, 0.0, 0.0]  Order: [12.32, 12.48, 12.47] Demand: [12.605]
Reward for thread 5: [-12.91, -21.1, -22.72] -18.91  Inventory: [22.0, 28.0, 28.0]  Order: [1.76, 1.66, 1.56] Demand: [1.9]

 Algo happo Exp ippo_seed13_formal_v1 updates 473/3000 episodes, total num timesteps 474000/3000000, FPS 118.

Reward for thread 1: [-53.91, -35.54, -31.47] -40.31  Inventory: [0.0, 29.0, 0.0]  Order: [14.54, 14.74, 14.78] Demand: [15.34]
Reward for thread 2: [-22.13, -30.22, -28.48] -26.94  Inventory: [0.0, 0.0, 0.0]  Order: [7.44, 7.38, 7.22] Demand: [7.475]
Reward for thread 3: [-20.09, -23.62, -23.3] -22.34  Inventory: [0.0, 0.0, 0.0]  Order: [11.16, 11.28, 11.2] Demand: [11.245]
Reward for thread 4: [-19.19, -24.98, -25.6] -23.26  Inventory: [8.0, 23.0, 22.0]  Order: [8.06, 7.94, 7.8] Demand: [8.26]
Reward for thread 5: [-17.68, -26.3, -26.13] -23.37  Inventory: [3.0, 26.0, 48.0]  Order: [9.12, 9.0, 9.0] Demand: [9.27]

 Algo happo Exp ippo_seed13_formal_v1 updates 474/3000 episodes, total num timesteps 475000/3000000, FPS 118.

Reward for thread 1: [-14.31, -24.42, -22.62] -20.45  Inventory: [0.0, 8.0, 29.0]  Order: [4.92, 4.81, 4.7] Demand: [5.04]
Reward for thread 2: [-24.34, -29.56, -27.91] -27.27  Inventory: [1.0, 9.0, 11.0]  Order: [6.22, 6.11, 5.93] Demand: [6.39]
Reward for thread 3: [-48.53, -31.41, -34.32] -38.09  Inventory: [0.0, 0.0, 0.0]  Order: [14.06, 13.91, 13.78] Demand: [14.125]
Reward for thread 4: [-48.55, -35.04, -35.48] -39.69  Inventory: [0.0, 0.0, 0.0]  Order: [13.42, 13.52, 13.52] Demand: [14.095]
Reward for thread 5: [-14.27, -21.03, -20.01] -18.44  Inventory: [0.0, 0.0, 13.0]  Order: [7.44, 7.41, 7.33] Demand: [7.385]

Eval average reward:  -27.47725  Eval ordering fluctuation measurement (downstream to upstream):  [0.801333666781715, 1.0460541889795547, 1.1736799775136426]

 Algo happo Exp ippo_seed13_formal_v1 updates 475/3000 episodes, total num timesteps 476000/3000000, FPS 118.

Reward for thread 1: [-16.3, -23.75, -23.06] -21.04  Inventory: [8.0, 46.0, 69.0]  Order: [8.76, 8.79, 8.91] Demand: [8.835]
Reward for thread 2: [-16.75, -26.05, -23.71] -22.17  Inventory: [0.0, 0.0, 0.0]  Order: [6.68, 6.62, 6.43] Demand: [6.8]
Reward for thread 3: [-42.05, -29.17, -30.03] -33.75  Inventory: [10.0, 48.0, 52.0]  Order: [13.65, 13.66, 13.68] Demand: [13.695]
Reward for thread 4: [-12.51, -19.95, -21.93] -18.13  Inventory: [0.0, 4.0, 0.0]  Order: [6.48, 6.38, 6.24] Demand: [6.67]
Reward for thread 5: [-68.32, -76.91, -41.48] -62.24  Inventory: [0.0, 0.0, 0.0]  Order: [12.2, 11.42, 11.38] Demand: [12.03]

 Algo happo Exp ippo_seed13_formal_v1 updates 476/3000 episodes, total num timesteps 477000/3000000, FPS 118.

Reward for thread 1: [-46.87, -31.22, -28.18] -35.42  Inventory: [10.0, 4.0, 0.0]  Order: [11.36, 11.32, 11.17] Demand: [11.465]
Reward for thread 2: [-17.52, -21.2, -22.22] -20.31  Inventory: [0.0, 12.0, 16.0]  Order: [8.31, 8.22, 8.06] Demand: [8.455]
Reward for thread 3: [-11.76, -19.53, -20.11] -17.13  Inventory: [0.0, 0.0, 3.0]  Order: [7.23, 7.08, 7.06] Demand: [7.325]
Reward for thread 4: [-15.12, -21.4, -20.74] -19.09  Inventory: [1.0, 5.0, 2.0]  Order: [8.7, 8.59, 8.35] Demand: [8.84]
Reward for thread 5: [-13.48, -20.26, -23.61] -19.12  Inventory: [2.0, 5.0, 40.0]  Order: [5.52, 5.36, 5.31] Demand: [5.66]

 Algo happo Exp ippo_seed13_formal_v1 updates 477/3000 episodes, total num timesteps 478000/3000000, FPS 118.

Reward for thread 1: [-39.63, -38.77, -25.68] -34.69  Inventory: [0.0, 0.0, 0.0]  Order: [13.81, 13.62, 13.64] Demand: [13.725]
Reward for thread 2: [-13.26, -17.87, -17.52] -16.22  Inventory: [0.0, 0.0, 0.0]  Order: [8.09, 8.15, 8.06] Demand: [8.185]
Reward for thread 3: [-16.25, -28.16, -21.33] -21.91  Inventory: [5.0, 55.0, 24.0]  Order: [3.26, 3.3, 3.18] Demand: [3.48]
Reward for thread 4: [-21.14, -30.08, -30.86] -27.36  Inventory: [4.0, 34.0, 26.0]  Order: [7.62, 7.56, 7.44] Demand: [7.835]
Reward for thread 5: [-15.44, -23.69, -24.42] -21.18  Inventory: [1.0, 20.0, 32.0]  Order: [7.52, 7.48, 7.45] Demand: [7.615]

 Algo happo Exp ippo_seed13_formal_v1 updates 478/3000 episodes, total num timesteps 479000/3000000, FPS 118.

Reward for thread 1: [-13.66, -20.93, -21.26] -18.62  Inventory: [7.0, 0.0, 0.0]  Order: [7.23, 7.22, 7.13] Demand: [7.265]
Reward for thread 2: [-10.64, -18.5, -18.93] -16.02  Inventory: [0.0, 0.0, 0.0]  Order: [4.53, 4.5, 4.32] Demand: [4.615]
Reward for thread 3: [-30.94, -35.65, -28.36] -31.65  Inventory: [0.0, 0.0, 0.0]  Order: [11.54, 11.52, 11.44] Demand: [11.805]
Reward for thread 4: [-29.84, -28.41, -26.61] -28.29  Inventory: [0.0, 8.0, 4.0]  Order: [12.0, 12.03, 12.12] Demand: [12.565]
Reward for thread 5: [-61.24, -37.09, -33.57] -43.97  Inventory: [0.0, 0.0, 0.0]  Order: [14.88, 15.0, 14.96] Demand: [15.4]

 Algo happo Exp ippo_seed13_formal_v1 updates 479/3000 episodes, total num timesteps 480000/3000000, FPS 118.

Reward for thread 1: [-21.32, -22.11, -21.58] -21.67  Inventory: [0.0, 6.0, 0.0]  Order: [13.35, 13.66, 13.6] Demand: [13.62]
Reward for thread 2: [-18.55, -24.45, -22.96] -21.99  Inventory: [9.0, 6.0, 12.0]  Order: [11.36, 11.2, 11.18] Demand: [11.415]
Reward for thread 3: [-13.65, -22.5, -20.89] -19.01  Inventory: [0.0, 24.0, 17.0]  Order: [4.77, 4.67, 4.5] Demand: [4.975]
Reward for thread 4: [-45.48, -33.52, -31.69] -36.9  Inventory: [0.0, 0.0, 0.0]  Order: [14.62, 14.71, 14.67] Demand: [15.54]
Reward for thread 5: [-22.84, -23.0, -24.42] -23.42  Inventory: [11.0, 35.0, 32.0]  Order: [11.84, 11.78, 11.7] Demand: [11.96]

Eval average reward:  -25.001333333333335  Eval ordering fluctuation measurement (downstream to upstream):  [0.7531294755483297, 1.0047657464510222, 1.2000210748594715]

 Algo happo Exp ippo_seed13_formal_v1 updates 480/3000 episodes, total num timesteps 481000/3000000, FPS 118.

Reward for thread 1: [-19.91, -41.45, -29.38] -30.25  Inventory: [19.0, 106.0, 15.0]  Order: [1.86, 2.13, 1.96] Demand: [1.99]
Reward for thread 2: [-20.66, -26.3, -28.27] -25.08  Inventory: [0.0, 0.0, 0.0]  Order: [10.74, 10.86, 10.79] Demand: [10.81]
Reward for thread 3: [-12.69, -22.96, -23.86] -19.84  Inventory: [0.0, 23.0, 28.0]  Order: [3.96, 3.84, 3.74] Demand: [4.17]
Reward for thread 4: [-94.71, -44.03, -43.01] -60.58  Inventory: [0.0, 0.0, 0.0]  Order: [14.22, 14.09, 13.97] Demand: [14.215]
Reward for thread 5: [-42.28, -55.71, -34.77] -44.25  Inventory: [128.0, 6.0, 0.0]  Order: [9.18, 9.12, 9.11] Demand: [8.725]

 Algo happo Exp ippo_seed13_formal_v1 updates 481/3000 episodes, total num timesteps 482000/3000000, FPS 118.

Reward for thread 1: [-15.5, -22.85, -24.52] -20.96  Inventory: [9.0, 41.0, 30.0]  Order: [5.56, 5.56, 5.49] Demand: [5.735]
Reward for thread 2: [-35.88, -22.22, -24.43] -27.51  Inventory: [0.0, 15.0, 0.0]  Order: [13.28, 13.64, 13.64] Demand: [13.85]
Reward for thread 3: [-11.51, -18.58, -20.57] -16.89  Inventory: [0.0, 0.0, 21.0]  Order: [6.74, 6.48, 6.33] Demand: [6.865]
Reward for thread 4: [-20.71, -16.81, -19.72] -19.08  Inventory: [0.0, 3.0, 0.0]  Order: [14.36, 14.48, 14.4] Demand: [14.375]
Reward for thread 5: [-13.54, -18.29, -19.28] -17.04  Inventory: [18.0, 31.0, 31.0]  Order: [6.32, 6.38, 6.44] Demand: [6.27]

 Algo happo Exp ippo_seed13_formal_v1 updates 482/3000 episodes, total num timesteps 483000/3000000, FPS 118.

Reward for thread 1: [-14.68, -20.73, -25.04] -20.15  Inventory: [1.0, 33.0, 56.0]  Order: [2.52, 2.44, 2.49] Demand: [2.64]
Reward for thread 2: [-18.22, -22.47, -22.56] -21.08  Inventory: [0.0, 9.0, 57.0]  Order: [10.36, 10.21, 10.26] Demand: [10.425]
Reward for thread 3: [-32.83, -20.5, -22.31] -25.21  Inventory: [0.0, 10.0, 5.0]  Order: [14.58, 14.64, 14.66] Demand: [15.125]
Reward for thread 4: [-14.18, -24.36, -23.82] -20.79  Inventory: [0.0, 30.0, 23.0]  Order: [5.98, 5.9, 5.78] Demand: [6.12]
Reward for thread 5: [-27.35, -29.89, -26.55] -27.93  Inventory: [37.0, 65.0, 63.0]  Order: [10.14, 10.24, 10.3] Demand: [10.19]

 Algo happo Exp ippo_seed13_formal_v1 updates 483/3000 episodes, total num timesteps 484000/3000000, FPS 118.

Reward for thread 1: [-38.92, -31.9, -31.1] -33.97  Inventory: [4.0, 0.0, 0.0]  Order: [13.36, 13.59, 13.62] Demand: [13.26]
Reward for thread 2: [-42.88, -22.91, -24.79] -30.19  Inventory: [0.0, 2.0, 0.0]  Order: [13.34, 13.58, 13.62] Demand: [13.47]
Reward for thread 3: [-80.82, -32.11, -34.24] -49.06  Inventory: [0.0, 12.0, 0.0]  Order: [15.2, 15.44, 15.48] Demand: [16.185]
Reward for thread 4: [-12.97, -20.08, -21.98] -18.34  Inventory: [0.0, 5.0, 23.0]  Order: [5.7, 5.63, 5.5] Demand: [5.785]
Reward for thread 5: [-87.02, -40.11, -39.48] -55.54  Inventory: [0.0, 0.0, 0.0]  Order: [14.79, 14.87, 14.8] Demand: [14.87]

 Algo happo Exp ippo_seed13_formal_v1 updates 484/3000 episodes, total num timesteps 485000/3000000, FPS 118.

Reward for thread 1: [-15.36, -23.17, -24.39] -20.97  Inventory: [0.0, 16.0, 40.0]  Order: [6.86, 6.74, 6.7] Demand: [7.005]
Reward for thread 2: [-60.91, -31.25, -30.81] -40.99  Inventory: [0.0, 2.0, 0.0]  Order: [11.34, 11.64, 11.64] Demand: [12.665]
Reward for thread 3: [-11.62, -18.89, -22.75] -17.75  Inventory: [4.0, 7.0, 18.0]  Order: [3.44, 3.26, 3.31] Demand: [3.58]
Reward for thread 4: [-37.06, -36.6, -33.49] -35.72  Inventory: [6.0, 60.0, 78.0]  Order: [9.22, 9.33, 9.49] Demand: [9.265]
Reward for thread 5: [-18.52, -27.44, -26.04] -24.0  Inventory: [21.0, 31.0, 47.0]  Order: [6.56, 6.5, 6.49] Demand: [6.68]

Eval average reward:  -42.673  Eval ordering fluctuation measurement (downstream to upstream):  [0.7545184790506025, 0.9896406555272452, 1.1939518338215165]

 Algo happo Exp ippo_seed13_formal_v1 updates 485/3000 episodes, total num timesteps 486000/3000000, FPS 118.

Reward for thread 1: [-11.7, -17.63, -20.56] -16.63  Inventory: [8.0, 19.0, 20.0]  Order: [3.04, 2.93, 2.79] Demand: [3.235]
Reward for thread 2: [-17.47, -19.58, -20.82] -19.29  Inventory: [0.0, 0.0, 0.0]  Order: [9.96, 10.0, 9.94] Demand: [9.98]
Reward for thread 3: [-34.23, -32.66, -24.61] -30.5  Inventory: [0.0, 0.0, 0.0]  Order: [13.82, 13.72, 13.67] Demand: [14.13]
Reward for thread 4: [-36.05, -30.89, -25.72] -30.89  Inventory: [0.0, 0.0, 0.0]  Order: [9.44, 9.14, 9.16] Demand: [10.17]
Reward for thread 5: [-10.21, -15.79, -19.4] -15.13  Inventory: [3.0, 12.0, 50.0]  Order: [4.78, 4.7, 4.7] Demand: [4.915]

 Algo happo Exp ippo_seed13_formal_v1 updates 486/3000 episodes, total num timesteps 487000/3000000, FPS 118.

Reward for thread 1: [-30.85, -28.06, -27.77] -28.89  Inventory: [13.0, 12.0, 14.0]  Order: [5.3, 5.12, 4.94] Demand: [5.45]
Reward for thread 2: [-113.55, -84.93, -48.2] -82.23  Inventory: [0.0, 0.0, 0.0]  Order: [14.1, 12.88, 12.86] Demand: [13.545]
Reward for thread 3: [-23.0, -44.88, -26.39] -31.42  Inventory: [29.0, 0.0, 52.0]  Order: [10.23, 9.86, 9.88] Demand: [10.07]
Reward for thread 4: [-27.76, -61.07, -29.27] -39.37  Inventory: [11.0, 0.0, 0.0]  Order: [12.23, 11.24, 11.22] Demand: [11.21]
Reward for thread 5: [-15.67, -20.27, -19.83] -18.59  Inventory: [0.0, 15.0, 8.0]  Order: [8.15, 8.08, 8.0] Demand: [8.23]

 Algo happo Exp ippo_seed13_formal_v1 updates 487/3000 episodes, total num timesteps 488000/3000000, FPS 118.

Reward for thread 1: [-10.25, -15.78, -19.39] -15.14  Inventory: [0.0, 11.0, 16.0]  Order: [3.02, 2.91, 2.74] Demand: [3.195]
Reward for thread 2: [-16.49, -24.07, -23.24] -21.27  Inventory: [0.0, 0.0, 0.0]  Order: [8.52, 8.46, 8.43] Demand: [8.51]
Reward for thread 3: [-14.4, -20.42, -21.18] -18.67  Inventory: [6.0, 13.0, 7.0]  Order: [8.58, 8.59, 8.46] Demand: [8.705]
Reward for thread 4: [-13.15, -23.04, -19.85] -18.68  Inventory: [14.0, 20.0, 0.0]  Order: [4.61, 4.51, 4.42] Demand: [4.765]
Reward for thread 5: [-14.62, -24.2, -25.53] -21.45  Inventory: [15.0, 12.0, 45.0]  Order: [4.24, 4.06, 4.04] Demand: [4.405]

 Algo happo Exp ippo_seed13_formal_v1 updates 488/3000 episodes, total num timesteps 489000/3000000, FPS 118.

Reward for thread 1: [-111.51, -118.38, -54.1] -94.66  Inventory: [79.0, 0.0, 15.0]  Order: [12.65, 12.38, 12.32] Demand: [12.23]
Reward for thread 2: [-18.0, -25.02, -25.02] -22.68  Inventory: [0.0, 47.0, 43.0]  Order: [5.35, 5.36, 5.34] Demand: [5.505]
Reward for thread 3: [-29.76, -23.9, -24.1] -25.92  Inventory: [0.0, 0.0, 0.0]  Order: [8.66, 8.54, 8.54] Demand: [9.085]
Reward for thread 4: [-15.26, -20.78, -18.04] -18.03  Inventory: [0.0, 0.0, 0.0]  Order: [11.32, 11.24, 11.22] Demand: [11.185]
Reward for thread 5: [-129.96, -142.9, -62.04] -111.63  Inventory: [0.0, 0.0, 0.0]  Order: [14.83, 12.82, 12.83] Demand: [14.61]

 Algo happo Exp ippo_seed13_formal_v1 updates 489/3000 episodes, total num timesteps 490000/3000000, FPS 118.

Reward for thread 1: [-10.63, -19.84, -18.34] -16.27  Inventory: [14.0, 17.0, 18.0]  Order: [3.26, 3.16, 3.08] Demand: [3.43]
Reward for thread 2: [-13.16, -18.96, -21.86] -17.99  Inventory: [2.0, 10.0, 19.0]  Order: [4.25, 4.06, 3.9] Demand: [4.485]
Reward for thread 3: [-21.78, -27.68, -25.41] -24.96  Inventory: [5.0, 12.0, 25.0]  Order: [8.6, 8.44, 8.36] Demand: [8.725]
Reward for thread 4: [-11.55, -17.39, -17.82] -15.59  Inventory: [28.0, 30.0, 54.0]  Order: [6.88, 6.82, 6.86] Demand: [6.935]
Reward for thread 5: [-12.16, -19.95, -20.88] -17.66  Inventory: [2.0, 0.0, 10.0]  Order: [5.75, 5.54, 5.37] Demand: [5.905]

Eval average reward:  -38.81566666666667  Eval ordering fluctuation measurement (downstream to upstream):  [0.7660473693888793, 0.9909447933812789, 1.2067882348569803]

 Algo happo Exp ippo_seed13_formal_v1 updates 490/3000 episodes, total num timesteps 491000/3000000, FPS 118.

Reward for thread 1: [-37.15, -21.52, -21.0] -26.56  Inventory: [0.0, 0.0, 8.0]  Order: [11.17, 11.08, 11.08] Demand: [12.04]
Reward for thread 2: [-39.15, -65.18, -30.66] -45.0  Inventory: [0.0, 0.0, 7.0]  Order: [12.67, 12.18, 12.1] Demand: [12.605]
Reward for thread 3: [-56.48, -33.62, -26.53] -38.88  Inventory: [0.0, 0.0, 2.0]  Order: [14.54, 14.41, 14.38] Demand: [15.595]
Reward for thread 4: [-59.28, -40.8, -29.25] -43.11  Inventory: [0.0, 0.0, 9.0]  Order: [13.16, 12.66, 12.74] Demand: [14.02]
Reward for thread 5: [-183.84, -150.27, -75.52] -136.54  Inventory: [0.0, 0.0, 0.0]  Order: [15.92, 14.56, 14.6] Demand: [14.41]

 Algo happo Exp ippo_seed13_formal_v1 updates 491/3000 episodes, total num timesteps 492000/3000000, FPS 118.

Reward for thread 1: [-195.17, -164.55, -82.17] -147.3  Inventory: [0.0, 0.0, 1.0]  Order: [14.12, 12.16, 12.24] Demand: [14.57]
Reward for thread 2: [-10.91, -17.23, -18.03] -15.39  Inventory: [6.0, 31.0, 44.0]  Order: [7.84, 7.79, 7.83] Demand: [7.955]
Reward for thread 3: [-21.27, -27.44, -22.45] -23.72  Inventory: [0.0, 0.0, 0.0]  Order: [10.59, 10.4, 10.44] Demand: [10.91]
Reward for thread 4: [-10.91, -17.24, -19.81] -15.99  Inventory: [7.0, 20.0, 29.0]  Order: [4.76, 4.62, 4.53] Demand: [4.96]
Reward for thread 5: [-61.19, -46.16, -30.86] -46.07  Inventory: [70.0, 0.0, 29.0]  Order: [13.35, 13.04, 13.02] Demand: [12.935]

 Algo happo Exp ippo_seed13_formal_v1 updates 492/3000 episodes, total num timesteps 493000/3000000, FPS 118.

Reward for thread 1: [-97.35, -49.14, -43.52] -63.34  Inventory: [0.0, 46.0, 40.0]  Order: [13.02, 13.0, 12.95] Demand: [13.21]
Reward for thread 2: [-28.22, -33.52, -25.04] -28.93  Inventory: [56.0, 0.0, 39.0]  Order: [9.88, 9.81, 9.78] Demand: [9.725]
Reward for thread 3: [-14.2, -21.71, -21.77] -19.23  Inventory: [5.0, 18.0, 31.0]  Order: [4.12, 3.97, 3.88] Demand: [4.34]
Reward for thread 4: [-15.07, -19.69, -20.33] -18.36  Inventory: [24.0, 4.0, 18.0]  Order: [8.43, 8.26, 8.11] Demand: [8.51]
Reward for thread 5: [-81.42, -33.22, -32.83] -49.16  Inventory: [0.0, 0.0, 0.0]  Order: [14.62, 14.63, 14.55] Demand: [16.185]

 Algo happo Exp ippo_seed13_formal_v1 updates 493/3000 episodes, total num timesteps 494000/3000000, FPS 118.

Reward for thread 1: [-11.02, -16.3, -20.49] -15.94  Inventory: [32.0, 41.0, 34.0]  Order: [5.77, 5.74, 5.71] Demand: [5.85]
Reward for thread 2: [-10.37, -18.13, -20.54] -16.35  Inventory: [4.0, 28.0, 39.0]  Order: [4.68, 4.58, 4.53] Demand: [4.865]
Reward for thread 3: [-41.52, -71.81, -34.45] -49.26  Inventory: [0.0, 0.0, 17.0]  Order: [12.5, 11.62, 11.61] Demand: [12.32]
Reward for thread 4: [-11.12, -18.72, -21.45] -17.1  Inventory: [4.0, 18.0, 33.0]  Order: [3.18, 3.15, 3.19] Demand: [3.365]
Reward for thread 5: [-15.34, -20.5, -21.46] -19.1  Inventory: [10.0, 0.0, 12.0]  Order: [7.06, 6.97, 6.88] Demand: [7.17]

 Algo happo Exp ippo_seed13_formal_v1 updates 494/3000 episodes, total num timesteps 495000/3000000, FPS 118.

Reward for thread 1: [-45.38, -26.43, -23.65] -31.82  Inventory: [0.0, 0.0, 0.0]  Order: [13.96, 14.02, 14.04] Demand: [13.94]
Reward for thread 2: [-20.79, -26.29, -23.78] -23.62  Inventory: [0.0, 0.0, 0.0]  Order: [8.38, 8.25, 8.2] Demand: [8.06]
Reward for thread 3: [-13.77, -19.04, -18.48] -17.1  Inventory: [0.0, 22.0, 12.0]  Order: [8.68, 8.72, 8.67] Demand: [8.715]
Reward for thread 4: [-17.67, -24.5, -22.04] -21.4  Inventory: [0.0, 0.0, 0.0]  Order: [9.73, 9.74, 9.62] Demand: [9.725]
Reward for thread 5: [-328.88, -100.99, -101.41] -177.09  Inventory: [1642.0, 0.0, 0.0]  Order: [10.33, 10.4, 10.32] Demand: [2.015]

Eval average reward:  -39.80683333333333  Eval ordering fluctuation measurement (downstream to upstream):  [0.7745136866085265, 1.0434673033235, 1.1731236809701002]

 Algo happo Exp ippo_seed13_formal_v1 updates 495/3000 episodes, total num timesteps 496000/3000000, FPS 118.

Reward for thread 1: [-64.73, -48.6, -35.34] -49.56  Inventory: [0.0, 0.0, 0.0]  Order: [13.34, 12.86, 12.78] Demand: [14.08]
Reward for thread 2: [-16.18, -19.05, -19.1] -18.11  Inventory: [0.0, 0.0, 24.0]  Order: [8.46, 8.22, 8.09] Demand: [8.605]
Reward for thread 3: [-22.52, -24.42, -24.42] -23.79  Inventory: [50.0, 54.0, 32.0]  Order: [3.98, 4.01, 3.93] Demand: [3.885]
Reward for thread 4: [-34.94, -52.41, -30.0] -39.12  Inventory: [0.0, 0.0, 0.0]  Order: [11.34, 10.64, 10.58] Demand: [10.495]
Reward for thread 5: [-41.18, -37.92, -27.55] -35.55  Inventory: [0.0, 0.0, 0.0]  Order: [11.52, 11.32, 11.24] Demand: [12.295]

 Algo happo Exp ippo_seed13_formal_v1 updates 496/3000 episodes, total num timesteps 497000/3000000, FPS 118.

Reward for thread 1: [-13.77, -22.81, -21.75] -19.44  Inventory: [0.0, 22.0, 1.0]  Order: [5.92, 5.93, 5.76] Demand: [6.065]
Reward for thread 2: [-18.24, -28.56, -22.49] -23.1  Inventory: [0.0, 27.0, 11.0]  Order: [9.3, 9.45, 9.41] Demand: [9.33]
Reward for thread 3: [-31.31, -21.27, -21.32] -24.63  Inventory: [0.0, 0.0, 13.0]  Order: [13.14, 13.16, 13.3] Demand: [13.805]
Reward for thread 4: [-28.56, -27.01, -23.1] -26.22  Inventory: [0.0, 0.0, 0.0]  Order: [12.31, 12.19, 12.18] Demand: [12.425]
Reward for thread 5: [-198.33, -151.4, -80.71] -143.48  Inventory: [0.0, 0.0, 0.0]  Order: [15.48, 13.83, 13.86] Demand: [15.47]

 Algo happo Exp ippo_seed13_formal_v1 updates 497/3000 episodes, total num timesteps 498000/3000000, FPS 118.

Reward for thread 1: [-15.07, -19.86, -22.54] -19.16  Inventory: [4.0, 0.0, 1.0]  Order: [3.78, 3.64, 3.46] Demand: [3.95]
Reward for thread 2: [-10.27, -18.04, -20.05] -16.12  Inventory: [0.0, 12.0, 23.0]  Order: [1.44, 1.26, 1.13] Demand: [1.645]
Reward for thread 3: [-13.43, -23.42, -21.71] -19.52  Inventory: [4.0, 24.0, 24.0]  Order: [5.34, 5.26, 5.13] Demand: [5.51]
Reward for thread 4: [-15.88, -21.59, -20.88] -19.45  Inventory: [4.0, 2.0, 20.0]  Order: [8.56, 8.41, 8.4] Demand: [8.705]
Reward for thread 5: [-156.79, -97.49, -63.02] -105.77  Inventory: [631.0, 31.0, 30.0]  Order: [11.34, 11.44, 11.48] Demand: [8.28]

 Algo happo Exp ippo_seed13_formal_v1 updates 498/3000 episodes, total num timesteps 499000/3000000, FPS 118.

Reward for thread 1: [-125.22, -79.75, -50.93] -85.3  Inventory: [411.0, 16.0, 7.0]  Order: [11.36, 11.36, 11.32] Demand: [9.37]
Reward for thread 2: [-11.31, -16.24, -17.64] -15.06  Inventory: [0.0, 37.0, 35.0]  Order: [8.18, 8.24, 8.19] Demand: [8.255]
Reward for thread 3: [-114.4, -153.49, -63.05] -110.31  Inventory: [0.0, 0.0, 0.0]  Order: [15.5, 13.66, 13.6] Demand: [15.615]
Reward for thread 4: [-25.2, -21.61, -25.35] -24.05  Inventory: [18.0, 59.0, 37.0]  Order: [6.48, 6.54, 6.5] Demand: [6.635]
Reward for thread 5: [-11.32, -18.52, -21.4] -17.08  Inventory: [0.0, 8.0, 34.0]  Order: [4.1, 3.91, 3.84] Demand: [4.28]

 Algo happo Exp ippo_seed13_formal_v1 updates 499/3000 episodes, total num timesteps 500000/3000000, FPS 118.

Reward for thread 1: [-13.78, -21.98, -23.57] -19.78  Inventory: [6.0, 3.0, 25.0]  Order: [7.36, 7.3, 7.2] Demand: [7.545]
Reward for thread 2: [-198.05, -92.67, -68.05] -119.59  Inventory: [0.0, 0.0, 0.0]  Order: [15.64, 14.7, 14.6] Demand: [16.61]
Reward for thread 3: [-127.87, -120.93, -59.56] -102.79  Inventory: [160.0, 2.0, 20.0]  Order: [12.26, 12.12, 12.06] Demand: [11.63]
Reward for thread 4: [-78.43, -99.18, -44.72] -74.11  Inventory: [32.0, 19.0, 16.0]  Order: [12.22, 12.13, 11.96] Demand: [12.215]
Reward for thread 5: [-14.64, -21.84, -24.13] -20.2  Inventory: [4.0, 24.0, 38.0]  Order: [6.61, 6.5, 6.45] Demand: [6.825]

Eval average reward:  -35.990916666666664  Eval ordering fluctuation measurement (downstream to upstream):  [0.7813277646948771, 1.0304901883482218, 1.1799645081363705]

 Algo happo Exp ippo_seed13_formal_v1 updates 500/3000 episodes, total num timesteps 501000/3000000, FPS 118.

Reward for thread 1: [-13.44, -19.94, -22.37] -18.58  Inventory: [12.0, 21.0, 35.0]  Order: [6.56, 6.48, 6.42] Demand: [6.685]
Reward for thread 2: [-12.72, -16.48, -16.85] -15.35  Inventory: [0.0, 0.0, 0.0]  Order: [8.91, 8.87, 8.8] Demand: [8.97]
Reward for thread 3: [-11.28, -18.52, -20.25] -16.68  Inventory: [7.0, 0.0, 4.0]  Order: [5.14, 4.92, 4.96] Demand: [5.06]
Reward for thread 4: [-25.96, -24.27, -23.32] -24.52  Inventory: [0.0, 0.0, 0.0]  Order: [9.01, 9.07, 9.09] Demand: [9.545]
Reward for thread 5: [-59.42, -61.12, -36.35] -52.3  Inventory: [0.0, 0.0, 0.0]  Order: [11.88, 11.01, 10.92] Demand: [12.435]

 Algo happo Exp ippo_seed13_formal_v1 updates 501/3000 episodes, total num timesteps 502000/3000000, FPS 118.

Reward for thread 1: [-12.01, -17.5, -21.51] -17.01  Inventory: [3.0, 9.0, 27.0]  Order: [4.72, 4.51, 4.42] Demand: [4.84]
Reward for thread 2: [-24.65, -26.98, -27.4] -26.34  Inventory: [32.0, 6.0, 11.0]  Order: [7.3, 7.1, 6.9] Demand: [7.345]
Reward for thread 3: [-17.23, -18.58, -22.39] -19.4  Inventory: [34.0, 16.0, 5.0]  Order: [6.24, 6.14, 6.04] Demand: [6.275]
Reward for thread 4: [-43.86, -46.88, -29.56] -40.1  Inventory: [0.0, 23.0, 8.0]  Order: [12.84, 12.92, 12.98] Demand: [12.89]
Reward for thread 5: [-11.58, -18.55, -16.59] -15.57  Inventory: [7.0, 24.0, 0.0]  Order: [9.12, 9.15, 9.05] Demand: [9.2]

 Algo happo Exp ippo_seed13_formal_v1 updates 502/3000 episodes, total num timesteps 503000/3000000, FPS 118.

Reward for thread 1: [-11.26, -18.73, -19.08] -16.36  Inventory: [0.0, 22.0, 0.0]  Order: [7.24, 7.28, 7.16] Demand: [7.345]
Reward for thread 2: [-40.69, -26.06, -25.1] -30.62  Inventory: [0.0, 0.0, 0.0]  Order: [13.68, 13.76, 13.76] Demand: [13.72]
Reward for thread 3: [-109.82, -131.55, -58.23] -99.87  Inventory: [0.0, 0.0, 20.0]  Order: [14.29, 13.92, 13.94] Demand: [14.265]
Reward for thread 4: [-10.35, -18.0, -16.4] -14.92  Inventory: [0.0, 29.0, 5.0]  Order: [8.37, 8.46, 8.33] Demand: [8.405]
Reward for thread 5: [-15.57, -18.5, -19.98] -18.02  Inventory: [1.0, 11.0, 3.0]  Order: [9.05, 9.04, 8.99] Demand: [9.15]

 Algo happo Exp ippo_seed13_formal_v1 updates 503/3000 episodes, total num timesteps 504000/3000000, FPS 118.

Reward for thread 1: [-11.61, -18.91, -19.48] -16.67  Inventory: [0.0, 0.0, 0.0]  Order: [8.26, 8.22, 8.22] Demand: [8.335]
Reward for thread 2: [-11.9, -20.06, -18.95] -16.97  Inventory: [0.0, 0.0, 25.0]  Order: [8.64, 8.44, 8.41] Demand: [8.585]
Reward for thread 3: [-24.3, -26.78, -27.28] -26.12  Inventory: [15.0, 21.0, 23.0]  Order: [7.68, 7.56, 7.42] Demand: [7.83]
Reward for thread 4: [-49.26, -51.56, -31.6] -44.14  Inventory: [0.0, 0.0, 0.0]  Order: [11.74, 10.92, 10.96] Demand: [11.555]
Reward for thread 5: [-114.42, -62.98, -46.76] -74.72  Inventory: [0.0, 0.0, 0.0]  Order: [16.0, 15.2, 15.14] Demand: [16.855]

 Algo happo Exp ippo_seed13_formal_v1 updates 504/3000 episodes, total num timesteps 505000/3000000, FPS 118.

Reward for thread 1: [-60.84, -43.46, -32.71] -45.67  Inventory: [0.0, 0.0, 3.0]  Order: [12.66, 12.37, 12.44] Demand: [13.535]
Reward for thread 2: [-87.11, -83.95, -47.9] -72.99  Inventory: [0.0, 0.0, 0.0]  Order: [15.42, 14.6, 14.44] Demand: [14.435]
Reward for thread 3: [-13.87, -19.06, -21.84] -18.26  Inventory: [5.0, 13.0, 16.0]  Order: [7.48, 7.34, 7.18] Demand: [7.625]
Reward for thread 4: [-35.26, -22.03, -23.98] -27.09  Inventory: [0.0, 18.0, 0.0]  Order: [12.92, 13.2, 13.16] Demand: [13.79]
Reward for thread 5: [-89.78, -57.57, -39.23] -62.19  Inventory: [0.0, 0.0, 0.0]  Order: [15.4, 14.74, 14.74] Demand: [16.305]

Eval average reward:  -31.227250000000005  Eval ordering fluctuation measurement (downstream to upstream):  [0.7624532161133167, 1.1129042663332138, 1.1803467849572722]

 Algo happo Exp ippo_seed13_formal_v1 updates 505/3000 episodes, total num timesteps 506000/3000000, FPS 118.

Reward for thread 1: [-21.32, -20.56, -20.6] -20.83  Inventory: [0.0, 31.0, 21.0]  Order: [12.3, 12.34, 12.3] Demand: [12.43]
Reward for thread 2: [-21.14, -21.64, -22.48] -21.75  Inventory: [0.0, 0.0, 0.0]  Order: [9.8, 9.58, 9.5] Demand: [9.64]
Reward for thread 3: [-36.78, -25.39, -27.86] -30.01  Inventory: [0.0, 0.0, 0.0]  Order: [12.64, 12.89, 12.88] Demand: [12.85]
Reward for thread 4: [-38.9, -31.66, -26.8] -32.45  Inventory: [0.0, 0.0, 0.0]  Order: [10.38, 9.99, 9.96] Demand: [11.245]
Reward for thread 5: [-233.07, -172.92, -91.72] -165.9  Inventory: [0.0, 0.0, 0.0]  Order: [15.9, 14.24, 14.26] Demand: [17.275]

 Algo happo Exp ippo_seed13_formal_v1 updates 506/3000 episodes, total num timesteps 507000/3000000, FPS 118.

Reward for thread 1: [-11.96, -20.85, -20.04] -17.62  Inventory: [4.0, 13.0, 20.0]  Order: [5.48, 5.36, 5.24] Demand: [5.69]
Reward for thread 2: [-20.96, -19.44, -17.95] -19.45  Inventory: [6.0, 11.0, 12.0]  Order: [12.53, 12.66, 12.78] Demand: [12.475]
Reward for thread 3: [-19.58, -19.93, -19.95] -19.82  Inventory: [7.0, 19.0, 16.0]  Order: [13.04, 13.13, 13.06] Demand: [13.16]
Reward for thread 4: [-11.6, -21.13, -20.53] -17.75  Inventory: [4.0, 39.0, 32.0]  Order: [5.94, 5.9, 5.86] Demand: [6.15]
Reward for thread 5: [-12.93, -19.96, -21.55] -18.15  Inventory: [1.0, 13.0, 39.0]  Order: [7.19, 7.1, 7.04] Demand: [7.365]

 Algo happo Exp ippo_seed13_formal_v1 updates 507/3000 episodes, total num timesteps 508000/3000000, FPS 118.

Reward for thread 1: [-14.26, -21.57, -24.42] -20.08  Inventory: [0.0, 14.0, 34.0]  Order: [6.59, 6.55, 6.47] Demand: [6.745]
Reward for thread 2: [-12.91, -23.2, -22.56] -19.56  Inventory: [4.0, 35.0, 41.0]  Order: [5.96, 5.88, 5.84] Demand: [6.155]
Reward for thread 3: [-16.34, -23.24, -23.06] -20.88  Inventory: [3.0, 17.0, 41.0]  Order: [7.35, 7.21, 7.17] Demand: [7.53]
Reward for thread 4: [-14.99, -23.04, -24.99] -21.01  Inventory: [7.0, 32.0, 36.0]  Order: [5.37, 5.3, 5.23] Demand: [5.555]
Reward for thread 5: [-12.33, -18.17, -25.69] -18.73  Inventory: [6.0, 14.0, 12.0]  Order: [2.9, 2.74, 2.55] Demand: [3.105]

 Algo happo Exp ippo_seed13_formal_v1 updates 508/3000 episodes, total num timesteps 509000/3000000, FPS 118.

Reward for thread 1: [-13.99, -22.51, -23.1] -19.87  Inventory: [5.0, 49.0, 1.0]  Order: [9.02, 9.28, 9.35] Demand: [9.12]
Reward for thread 2: [-12.76, -19.54, -20.86] -17.72  Inventory: [0.0, 0.0, 0.0]  Order: [6.24, 6.38, 6.33] Demand: [6.26]
Reward for thread 3: [-12.93, -20.56, -22.81] -18.77  Inventory: [19.0, 26.0, 26.0]  Order: [2.59, 2.47, 2.36] Demand: [2.74]
Reward for thread 4: [-10.47, -17.63, -21.2] -16.43  Inventory: [0.0, 1.0, 13.0]  Order: [3.69, 3.54, 3.44] Demand: [3.865]
Reward for thread 5: [-16.11, -23.6, -23.51] -21.07  Inventory: [0.0, 0.0, 7.0]  Order: [5.67, 5.42, 5.45] Demand: [5.645]

 Algo happo Exp ippo_seed13_formal_v1 updates 509/3000 episodes, total num timesteps 510000/3000000, FPS 118.

Reward for thread 1: [-33.26, -60.79, -30.82] -41.62  Inventory: [0.0, 0.0, 0.0]  Order: [10.18, 8.97, 9.05] Demand: [9.895]
Reward for thread 2: [-11.12, -18.7, -15.65] -15.16  Inventory: [0.0, 10.0, 0.0]  Order: [9.44, 9.5, 9.51] Demand: [9.43]
Reward for thread 3: [-142.58, -111.58, -60.86] -105.01  Inventory: [531.0, 12.0, 0.0]  Order: [10.34, 10.38, 10.31] Demand: [7.675]
Reward for thread 4: [-21.58, -32.69, -23.72] -26.0  Inventory: [0.0, 0.0, 0.0]  Order: [9.5, 9.76, 9.72] Demand: [9.585]
Reward for thread 5: [-12.6, -19.02, -23.2] -18.27  Inventory: [14.0, 17.0, 35.0]  Order: [3.16, 3.01, 2.94] Demand: [3.34]

Eval average reward:  -40.06708333333333  Eval ordering fluctuation measurement (downstream to upstream):  [0.8636276630300973, 1.1078540133225505, 1.1965364175986748]

 Algo happo Exp ippo_seed13_formal_v1 updates 510/3000 episodes, total num timesteps 511000/3000000, FPS 118.

Reward for thread 1: [-11.91, -20.83, -19.74] -17.49  Inventory: [0.0, 0.0, 0.0]  Order: [9.0, 8.92, 8.9] Demand: [8.98]
Reward for thread 2: [-31.38, -37.58, -26.54] -31.83  Inventory: [56.0, 10.0, 31.0]  Order: [11.46, 11.38, 11.3] Demand: [11.38]
Reward for thread 3: [-53.58, -50.42, -34.59] -46.2  Inventory: [0.0, 0.0, 0.0]  Order: [9.88, 8.84, 8.83] Demand: [10.41]
Reward for thread 4: [-134.34, -104.48, -59.56] -99.46  Inventory: [0.0, 0.0, 0.0]  Order: [15.6, 13.92, 13.89] Demand: [13.9]
Reward for thread 5: [-13.01, -18.58, -22.1] -17.9  Inventory: [6.0, 16.0, 28.0]  Order: [2.86, 2.7, 2.6] Demand: [3.045]

 Algo happo Exp ippo_seed13_formal_v1 updates 511/3000 episodes, total num timesteps 512000/3000000, FPS 118.

Reward for thread 1: [-13.96, -21.32, -21.01] -18.76  Inventory: [7.0, 34.0, 49.0]  Order: [5.89, 5.82, 5.83] Demand: [6.03]
Reward for thread 2: [-37.01, -28.8, -36.92] -34.24  Inventory: [212.0, 0.0, 0.0]  Order: [2.79, 2.89, 2.73] Demand: [1.87]
Reward for thread 3: [-13.21, -23.61, -21.71] -19.51  Inventory: [2.0, 51.0, 55.0]  Order: [6.94, 6.96, 7.0] Demand: [7.135]
Reward for thread 4: [-12.52, -20.96, -22.76] -18.75  Inventory: [5.0, 16.0, 19.0]  Order: [5.96, 5.78, 5.63] Demand: [6.175]
Reward for thread 5: [-10.28, -16.8, -18.95] -15.34  Inventory: [4.0, 21.0, 39.0]  Order: [3.05, 2.91, 2.86] Demand: [3.25]

 Algo happo Exp ippo_seed13_formal_v1 updates 512/3000 episodes, total num timesteps 513000/3000000, FPS 118.

Reward for thread 1: [-10.44, -17.38, -17.66] -15.16  Inventory: [0.0, 16.0, 11.0]  Order: [2.5, 2.4, 2.25] Demand: [2.685]
Reward for thread 2: [-135.14, -109.22, -58.67] -101.01  Inventory: [0.0, 0.0, 0.0]  Order: [14.24, 12.45, 12.45] Demand: [14.69]
Reward for thread 3: [-15.78, -25.03, -23.19] -21.33  Inventory: [0.0, 0.0, 2.0]  Order: [7.06, 6.91, 6.75] Demand: [7.18]
Reward for thread 4: [-27.78, -31.02, -24.04] -27.61  Inventory: [0.0, 12.0, 0.0]  Order: [12.66, 12.96, 12.83] Demand: [12.73]
Reward for thread 5: [-14.27, -21.1, -20.6] -18.66  Inventory: [5.0, 13.0, 32.0]  Order: [5.04, 4.86, 4.76] Demand: [5.205]

 Algo happo Exp ippo_seed13_formal_v1 updates 513/3000 episodes, total num timesteps 514000/3000000, FPS 118.

Reward for thread 1: [-127.09, -101.66, -59.9] -96.22  Inventory: [0.0, 0.0, 0.0]  Order: [13.26, 11.94, 11.86] Demand: [14.585]
Reward for thread 2: [-68.48, -33.7, -36.01] -46.06  Inventory: [463.0, 0.0, 0.0]  Order: [4.36, 4.4, 4.4] Demand: [2.065]
Reward for thread 3: [-122.24, -48.07, -51.47] -73.93  Inventory: [0.0, 15.0, 0.0]  Order: [13.8, 14.18, 14.15] Demand: [14.81]
Reward for thread 4: [-10.98, -18.46, -19.58] -16.34  Inventory: [4.0, 14.0, 24.0]  Order: [4.05, 3.87, 3.74] Demand: [4.22]
Reward for thread 5: [-12.68, -19.74, -20.02] -17.48  Inventory: [5.0, 15.0, 18.0]  Order: [8.74, 8.75, 8.72] Demand: [8.825]

 Algo happo Exp ippo_seed13_formal_v1 updates 514/3000 episodes, total num timesteps 515000/3000000, FPS 118.

Reward for thread 1: [-13.8, -20.16, -18.63] -17.53  Inventory: [0.0, 24.0, 19.0]  Order: [10.26, 10.36, 10.32] Demand: [10.28]
Reward for thread 2: [-27.12, -36.3, -24.6] -29.34  Inventory: [48.0, 59.0, 16.0]  Order: [10.55, 10.63, 10.62] Demand: [10.53]
Reward for thread 3: [-13.01, -19.67, -18.72] -17.13  Inventory: [0.0, 25.0, 21.0]  Order: [8.82, 8.94, 8.86] Demand: [8.875]
Reward for thread 4: [-46.79, -42.11, -31.66] -40.19  Inventory: [0.0, 0.0, 0.0]  Order: [11.07, 10.48, 10.46] Demand: [11.425]
Reward for thread 5: [-86.52, -34.29, -37.72] -52.84  Inventory: [0.0, 0.0, 0.0]  Order: [16.05, 16.18, 16.12] Demand: [16.155]

Eval average reward:  -31.533333333333335  Eval ordering fluctuation measurement (downstream to upstream):  [0.7302002466001978, 1.1086968352718514, 1.2018188083329044]

 Algo happo Exp ippo_seed13_formal_v1 updates 515/3000 episodes, total num timesteps 516000/3000000, FPS 118.

Reward for thread 1: [-12.06, -20.49, -21.09] -17.88  Inventory: [0.0, 9.0, 9.0]  Order: [6.18, 6.1, 5.97] Demand: [6.3]
Reward for thread 2: [-30.78, -30.2, -25.46] -28.81  Inventory: [0.0, 0.0, 4.0]  Order: [12.42, 11.98, 11.99] Demand: [12.11]
Reward for thread 3: [-12.12, -21.85, -21.48] -18.48  Inventory: [2.0, 13.0, 38.0]  Order: [5.5, 5.34, 5.28] Demand: [5.7]
Reward for thread 4: [-12.22, -19.3, -21.42] -17.65  Inventory: [7.0, 20.0, 12.0]  Order: [3.46, 3.34, 3.17] Demand: [3.65]
Reward for thread 5: [-10.95, -17.8, -17.27] -15.34  Inventory: [0.0, 8.0, 27.0]  Order: [6.38, 6.29, 6.26] Demand: [6.535]

 Algo happo Exp ippo_seed13_formal_v1 updates 516/3000 episodes, total num timesteps 517000/3000000, FPS 118.

Reward for thread 1: [-78.64, -87.22, -49.08] -71.65  Inventory: [0.0, 0.0, 0.0]  Order: [13.47, 12.81, 12.72] Demand: [13.8]
Reward for thread 2: [-11.48, -18.49, -21.22] -17.06  Inventory: [3.0, 9.0, 4.0]  Order: [4.18, 4.06, 3.96] Demand: [4.34]
Reward for thread 3: [-9.97, -16.65, -15.94] -14.19  Inventory: [11.0, 26.0, 8.0]  Order: [6.47, 6.54, 6.61] Demand: [6.585]
Reward for thread 4: [-11.67, -19.1, -20.65] -17.14  Inventory: [3.0, 19.0, 1.0]  Order: [4.6, 4.46, 4.34] Demand: [4.78]
Reward for thread 5: [-16.8, -18.43, -17.0] -17.41  Inventory: [0.0, 0.0, 0.0]  Order: [12.06, 12.27, 12.26] Demand: [12.375]

 Algo happo Exp ippo_seed13_formal_v1 updates 517/3000 episodes, total num timesteps 518000/3000000, FPS 118.

Reward for thread 1: [-38.38, -24.57, -26.01] -29.65  Inventory: [0.0, 0.0, 0.0]  Order: [14.46, 14.62, 14.58] Demand: [15.135]
Reward for thread 2: [-13.08, -18.44, -20.68] -17.4  Inventory: [2.0, 6.0, 3.0]  Order: [4.88, 4.74, 4.59] Demand: [5.035]
Reward for thread 3: [-11.61, -18.34, -20.22] -16.72  Inventory: [10.0, 23.0, 30.0]  Order: [4.09, 3.97, 3.89] Demand: [4.275]
Reward for thread 4: [-11.62, -17.96, -18.87] -16.15  Inventory: [13.0, 23.0, 20.0]  Order: [7.38, 7.26, 7.12] Demand: [7.55]
Reward for thread 5: [-11.55, -19.3, -18.64] -16.5  Inventory: [9.0, 28.0, 16.0]  Order: [3.12, 3.04, 2.87] Demand: [3.31]

 Algo happo Exp ippo_seed13_formal_v1 updates 518/3000 episodes, total num timesteps 519000/3000000, FPS 118.

Reward for thread 1: [-65.53, -33.27, -32.01] -43.6  Inventory: [0.0, 0.0, 0.0]  Order: [13.62, 13.78, 13.77] Demand: [14.605]
Reward for thread 2: [-22.93, -22.24, -22.56] -22.58  Inventory: [0.0, 41.0, 8.0]  Order: [12.63, 12.86, 12.82] Demand: [12.675]
Reward for thread 3: [-26.16, -29.01, -28.81] -27.99  Inventory: [40.0, 30.0, 19.0]  Order: [7.64, 7.56, 7.42] Demand: [7.655]
Reward for thread 4: [-21.9, -22.69, -22.45] -22.35  Inventory: [0.0, 0.0, 0.0]  Order: [10.12, 10.1, 10.17] Demand: [9.94]
Reward for thread 5: [-12.08, -16.83, -18.38] -15.76  Inventory: [7.0, 4.0, 14.0]  Order: [5.6, 5.58, 5.72] Demand: [5.59]

 Algo happo Exp ippo_seed13_formal_v1 updates 519/3000 episodes, total num timesteps 520000/3000000, FPS 118.

Reward for thread 1: [-11.66, -17.67, -20.72] -16.68  Inventory: [5.0, 0.0, 14.0]  Order: [7.06, 6.85, 6.75] Demand: [7.11]
Reward for thread 2: [-16.37, -21.78, -20.57] -19.57  Inventory: [0.0, 0.0, 0.0]  Order: [10.48, 10.38, 10.38] Demand: [10.455]
Reward for thread 3: [-20.13, -26.88, -22.88] -23.3  Inventory: [0.0, 0.0, 0.0]  Order: [7.2, 6.87, 6.8] Demand: [6.81]
Reward for thread 4: [-20.64, -22.39, -24.09] -22.37  Inventory: [0.0, 0.0, 0.0]  Order: [9.15, 9.49, 9.4] Demand: [9.535]
Reward for thread 5: [-19.05, -23.08, -20.41] -20.85  Inventory: [0.0, 12.0, 20.0]  Order: [10.76, 10.83, 10.77] Demand: [10.8]

Eval average reward:  -27.519583333333337  Eval ordering fluctuation measurement (downstream to upstream):  [0.713633957025331, 1.1411435070573166, 1.18168875593776]

 Algo happo Exp ippo_seed13_formal_v1 updates 520/3000 episodes, total num timesteps 521000/3000000, FPS 118.

Reward for thread 1: [-15.31, -21.09, -21.93] -19.44  Inventory: [9.0, 21.0, 26.0]  Order: [8.68, 8.6, 8.64] Demand: [8.81]
Reward for thread 2: [-31.26, -38.13, -31.86] -33.75  Inventory: [4.0, 17.0, 25.0]  Order: [7.62, 7.48, 7.4] Demand: [7.77]
Reward for thread 3: [-12.79, -18.35, -18.41] -16.52  Inventory: [34.0, 11.0, 15.0]  Order: [2.23, 2.06, 1.9] Demand: [2.27]
Reward for thread 4: [-55.41, -60.43, -39.1] -51.65  Inventory: [0.0, 0.0, 8.0]  Order: [11.8, 11.67, 11.59] Demand: [11.915]
Reward for thread 5: [-48.37, -28.43, -31.13] -35.98  Inventory: [0.0, 0.0, 0.0]  Order: [14.63, 14.83, 14.72] Demand: [15.195]

 Algo happo Exp ippo_seed13_formal_v1 updates 521/3000 episodes, total num timesteps 522000/3000000, FPS 118.

Reward for thread 1: [-21.09, -28.19, -24.72] -24.67  Inventory: [13.0, 32.0, 22.0]  Order: [10.55, 10.6, 10.58] Demand: [10.515]
Reward for thread 2: [-13.17, -18.77, -19.27] -17.07  Inventory: [1.0, 27.0, 50.0]  Order: [8.64, 8.54, 8.55] Demand: [8.78]
Reward for thread 3: [-43.16, -33.65, -30.64] -35.82  Inventory: [17.0, 52.0, 63.0]  Order: [12.68, 12.79, 12.98] Demand: [12.735]
Reward for thread 4: [-39.35, -42.53, -29.69] -37.19  Inventory: [0.0, 0.0, 0.0]  Order: [14.96, 15.04, 14.97] Demand: [14.96]
Reward for thread 5: [-12.56, -19.21, -19.96] -17.24  Inventory: [0.0, 10.0, 21.0]  Order: [4.7, 4.61, 4.47] Demand: [4.85]

 Algo happo Exp ippo_seed13_formal_v1 updates 522/3000 episodes, total num timesteps 523000/3000000, FPS 118.

Reward for thread 1: [-15.98, -21.98, -21.48] -19.81  Inventory: [6.0, 13.0, 37.0]  Order: [6.81, 6.63, 6.58] Demand: [7.03]
Reward for thread 2: [-9.98, -15.38, -17.18] -14.18  Inventory: [8.0, 20.0, 23.0]  Order: [3.87, 3.73, 3.62] Demand: [4.08]
Reward for thread 3: [-11.67, -17.28, -18.13] -15.69  Inventory: [0.0, 17.0, 22.0]  Order: [3.08, 2.92, 2.78] Demand: [3.28]
Reward for thread 4: [-13.62, -22.4, -20.12] -18.71  Inventory: [6.0, 10.0, 48.0]  Order: [5.78, 5.58, 5.58] Demand: [5.985]
Reward for thread 5: [-47.67, -56.6, -36.93] -47.07  Inventory: [0.0, 0.0, 4.0]  Order: [11.38, 10.74, 10.84] Demand: [11.25]

 Algo happo Exp ippo_seed13_formal_v1 updates 523/3000 episodes, total num timesteps 524000/3000000, FPS 118.

Reward for thread 1: [-12.14, -18.1, -19.36] -16.53  Inventory: [6.0, 15.0, 0.0]  Order: [4.62, 4.57, 4.5] Demand: [4.79]
Reward for thread 2: [-14.53, -20.7, -21.92] -19.05  Inventory: [5.0, 2.0, 4.0]  Order: [5.3, 5.2, 5.08] Demand: [5.455]
Reward for thread 3: [-10.21, -15.92, -17.39] -14.51  Inventory: [6.0, 25.0, 4.0]  Order: [5.44, 5.34, 5.22] Demand: [5.62]
Reward for thread 4: [-58.58, -35.84, -33.96] -42.79  Inventory: [6.0, 29.0, 48.0]  Order: [12.38, 12.3, 12.3] Demand: [12.495]
Reward for thread 5: [-74.4, -34.07, -37.93] -48.8  Inventory: [0.0, 4.0, 6.0]  Order: [14.66, 14.6, 14.48] Demand: [14.805]

 Algo happo Exp ippo_seed13_formal_v1 updates 524/3000 episodes, total num timesteps 525000/3000000, FPS 118.

Reward for thread 1: [-10.89, -17.09, -16.9] -14.96  Inventory: [12.0, 43.0, 45.0]  Order: [7.64, 7.66, 7.66] Demand: [7.75]
Reward for thread 2: [-13.17, -19.22, -22.56] -18.32  Inventory: [6.0, 13.0, 24.0]  Order: [3.09, 2.92, 2.78] Demand: [3.305]
Reward for thread 3: [-27.84, -26.09, -24.77] -26.23  Inventory: [0.0, 0.0, 0.0]  Order: [13.98, 14.16, 14.07] Demand: [14.18]
Reward for thread 4: [-31.47, -29.07, -28.28] -29.61  Inventory: [0.0, 0.0, 0.0]  Order: [14.26, 14.42, 14.27] Demand: [14.445]
Reward for thread 5: [-47.37, -25.56, -27.96] -33.63  Inventory: [0.0, 0.0, 0.0]  Order: [11.44, 11.65, 11.58] Demand: [12.605]

Eval average reward:  -29.429916666666664  Eval ordering fluctuation measurement (downstream to upstream):  [0.7291978716630411, 1.1314790681746472, 1.1813181366826944]

 Algo happo Exp ippo_seed13_formal_v1 updates 525/3000 episodes, total num timesteps 526000/3000000, FPS 118.

Reward for thread 1: [-18.07, -20.5, -20.63] -19.73  Inventory: [5.0, 16.0, 26.0]  Order: [9.99, 9.88, 9.76] Demand: [10.135]
Reward for thread 2: [-27.09, -36.72, -27.37] -30.39  Inventory: [0.0, 0.0, 0.0]  Order: [8.82, 8.9, 8.83] Demand: [8.885]
Reward for thread 3: [-68.29, -38.87, -36.91] -48.02  Inventory: [0.0, 0.0, 0.0]  Order: [13.38, 13.7, 13.59] Demand: [14.7]
Reward for thread 4: [-37.08, -21.6, -23.08] -27.25  Inventory: [242.0, 20.0, 35.0]  Order: [2.97, 2.95, 2.88] Demand: [1.9]
Reward for thread 5: [-38.68, -37.28, -28.48] -34.81  Inventory: [0.0, 0.0, 0.0]  Order: [10.77, 10.84, 10.78] Demand: [11.025]

 Algo happo Exp ippo_seed13_formal_v1 updates 526/3000 episodes, total num timesteps 527000/3000000, FPS 118.

Reward for thread 1: [-127.97, -86.66, -62.5] -92.38  Inventory: [0.0, 0.0, 0.0]  Order: [16.14, 16.2, 16.16] Demand: [16.795]
Reward for thread 2: [-89.22, -46.47, -43.16] -59.62  Inventory: [0.0, 13.0, 12.0]  Order: [14.88, 14.89, 14.75] Demand: [14.95]
Reward for thread 3: [-13.88, -22.35, -26.3] -20.84  Inventory: [11.0, 32.0, 27.0]  Order: [2.57, 2.49, 2.38] Demand: [2.755]
Reward for thread 4: [-17.21, -21.55, -21.48] -20.08  Inventory: [4.0, 0.0, 6.0]  Order: [9.64, 9.49, 9.36] Demand: [9.79]
Reward for thread 5: [-176.06, -78.7, -65.23] -106.66  Inventory: [901.0, 0.0, 0.0]  Order: [12.0, 12.12, 12.12] Demand: [7.44]

 Algo happo Exp ippo_seed13_formal_v1 updates 527/3000 episodes, total num timesteps 528000/3000000, FPS 118.

Reward for thread 1: [-11.11, -18.53, -16.59] -15.41  Inventory: [11.0, 27.0, 16.0]  Order: [2.94, 2.83, 2.68] Demand: [3.11]
Reward for thread 2: [-11.71, -17.29, -17.7] -15.57  Inventory: [8.0, 12.0, 31.0]  Order: [5.28, 5.11, 5.07] Demand: [5.4]
Reward for thread 3: [-9.78, -13.28, -17.53] -13.53  Inventory: [1.0, 5.0, 48.0]  Order: [3.52, 3.31, 3.3] Demand: [3.725]
Reward for thread 4: [-13.7, -20.36, -18.58] -17.55  Inventory: [3.0, 7.0, 15.0]  Order: [7.64, 7.51, 7.44] Demand: [7.775]
Reward for thread 5: [-21.54, -37.72, -25.64] -28.3  Inventory: [0.0, 0.0, 0.0]  Order: [9.96, 9.73, 9.64] Demand: [9.595]

 Algo happo Exp ippo_seed13_formal_v1 updates 528/3000 episodes, total num timesteps 529000/3000000, FPS 118.

Reward for thread 1: [-98.02, -53.6, -46.9] -66.17  Inventory: [0.0, 0.0, 0.0]  Order: [13.6, 13.57, 13.45] Demand: [13.695]
Reward for thread 2: [-13.32, -20.07, -20.05] -17.81  Inventory: [31.0, 37.0, 40.0]  Order: [5.34, 5.38, 5.44] Demand: [5.41]
Reward for thread 3: [-41.57, -27.33, -27.98] -32.29  Inventory: [0.0, 30.0, 20.0]  Order: [12.56, 12.68, 12.72] Demand: [13.44]
Reward for thread 4: [-21.24, -21.32, -20.5] -21.02  Inventory: [0.0, 0.0, 0.0]  Order: [11.81, 11.92, 11.87] Demand: [11.81]
Reward for thread 5: [-77.66, -37.82, -38.36] -51.28  Inventory: [0.0, 0.0, 0.0]  Order: [14.63, 14.51, 14.38] Demand: [14.81]

 Algo happo Exp ippo_seed13_formal_v1 updates 529/3000 episodes, total num timesteps 530000/3000000, FPS 118.

Reward for thread 1: [-60.08, -46.41, -40.21] -48.9  Inventory: [0.0, 0.0, 0.0]  Order: [11.32, 11.35, 11.28] Demand: [12.125]
Reward for thread 2: [-11.09, -17.07, -19.62] -15.93  Inventory: [10.0, 18.0, 18.0]  Order: [2.1, 1.94, 1.78] Demand: [2.285]
Reward for thread 3: [-71.59, -36.18, -36.73] -48.17  Inventory: [3.0, 38.0, 32.0]  Order: [14.6, 14.54, 14.46] Demand: [14.74]
Reward for thread 4: [-19.7, -20.31, -19.93] -19.98  Inventory: [2.0, 12.0, 23.0]  Order: [9.94, 9.78, 9.64] Demand: [10.07]
Reward for thread 5: [-54.14, -37.26, -34.7] -42.03  Inventory: [0.0, 0.0, 0.0]  Order: [12.68, 12.84, 12.66] Demand: [13.595]

Eval average reward:  -28.504  Eval ordering fluctuation measurement (downstream to upstream):  [0.7361430231713814, 1.1521502334106593, 1.1843516746517317]

 Algo happo Exp ippo_seed13_formal_v1 updates 530/3000 episodes, total num timesteps 531000/3000000, FPS 118.

Reward for thread 1: [-11.48, -14.84, -17.46] -14.59  Inventory: [34.0, 15.0, 27.0]  Order: [2.76, 2.59, 2.51] Demand: [2.795]
Reward for thread 2: [-33.82, -25.28, -25.32] -28.14  Inventory: [0.0, 30.0, 20.0]  Order: [14.8, 14.8, 14.74] Demand: [14.835]
Reward for thread 3: [-52.3, -27.09, -29.43] -36.27  Inventory: [189.0, 14.0, 37.0]  Order: [6.48, 6.38, 6.39] Demand: [5.655]
Reward for thread 4: [-10.24, -14.48, -17.81] -14.18  Inventory: [7.0, 6.0, 12.0]  Order: [3.51, 3.39, 3.26] Demand: [3.665]
Reward for thread 5: [-17.1, -23.95, -22.23] -21.09  Inventory: [5.0, 29.0, 12.0]  Order: [11.24, 11.3, 11.3] Demand: [11.315]

 Algo happo Exp ippo_seed13_formal_v1 updates 531/3000 episodes, total num timesteps 532000/3000000, FPS 118.

Reward for thread 1: [-128.34, -71.95, -57.72] -86.0  Inventory: [1.0, 63.0, 38.0]  Order: [15.91, 16.02, 15.98] Demand: [15.965]
Reward for thread 2: [-12.64, -16.66, -19.38] -16.23  Inventory: [0.0, 13.0, 20.0]  Order: [8.29, 8.21, 8.06] Demand: [8.345]
Reward for thread 3: [-36.02, -28.16, -28.2] -30.79  Inventory: [0.0, 1.0, 0.0]  Order: [11.04, 11.23, 11.23] Demand: [11.795]
Reward for thread 4: [-79.78, -40.71, -39.03] -53.17  Inventory: [0.0, 1.0, 0.0]  Order: [14.96, 15.17, 15.14] Demand: [15.36]
Reward for thread 5: [-21.0, -25.52, -22.95] -23.16  Inventory: [11.0, 15.0, 39.0]  Order: [12.28, 12.17, 12.16] Demand: [12.385]

 Algo happo Exp ippo_seed13_formal_v1 updates 532/3000 episodes, total num timesteps 533000/3000000, FPS 118.

Reward for thread 1: [-45.06, -26.04, -27.3] -32.8  Inventory: [293.0, 0.0, 0.0]  Order: [3.74, 3.49, 3.48] Demand: [2.11]
Reward for thread 2: [-14.95, -19.01, -20.38] -18.11  Inventory: [14.0, 16.0, 60.0]  Order: [4.08, 3.92, 3.98] Demand: [4.23]
Reward for thread 3: [-13.24, -18.69, -19.55] -17.16  Inventory: [0.0, 0.0, 19.0]  Order: [8.07, 7.9, 7.77] Demand: [8.22]
Reward for thread 4: [-13.01, -19.62, -23.64] -18.76  Inventory: [3.0, 8.0, 11.0]  Order: [2.83, 2.68, 2.54] Demand: [3.04]
Reward for thread 5: [-11.54, -15.68, -18.85] -15.36  Inventory: [10.0, 4.0, 12.0]  Order: [4.32, 4.19, 4.1] Demand: [4.475]

 Algo happo Exp ippo_seed13_formal_v1 updates 533/3000 episodes, total num timesteps 534000/3000000, FPS 118.

Reward for thread 1: [-31.7, -37.4, -31.51] -33.54  Inventory: [0.0, 0.0, 0.0]  Order: [12.02, 12.14, 12.09] Demand: [12.26]
Reward for thread 2: [-43.71, -41.62, -33.02] -39.45  Inventory: [0.0, 0.0, 0.0]  Order: [11.86, 11.24, 11.2] Demand: [11.27]
Reward for thread 3: [-13.82, -18.44, -18.68] -16.98  Inventory: [2.0, 10.0, 0.0]  Order: [7.78, 7.81, 7.68] Demand: [7.845]
Reward for thread 4: [-26.46, -32.27, -26.61] -28.45  Inventory: [7.0, 33.0, 47.0]  Order: [9.6, 9.67, 9.67] Demand: [9.635]
Reward for thread 5: [-16.8, -24.18, -23.61] -21.53  Inventory: [0.0, 5.0, 16.0]  Order: [6.26, 6.18, 6.1] Demand: [6.455]

 Algo happo Exp ippo_seed13_formal_v1 updates 534/3000 episodes, total num timesteps 535000/3000000, FPS 118.

Reward for thread 1: [-47.22, -31.17, -30.68] -36.36  Inventory: [11.0, 43.0, 27.0]  Order: [13.8, 13.8, 13.84] Demand: [13.9]
Reward for thread 2: [-23.54, -29.78, -27.04] -26.79  Inventory: [186.0, 0.0, 2.0]  Order: [5.4, 5.29, 5.18] Demand: [4.485]
Reward for thread 3: [-10.32, -14.83, -17.43] -14.19  Inventory: [15.0, 12.0, 24.0]  Order: [3.34, 3.16, 3.04] Demand: [3.495]
Reward for thread 4: [-25.12, -27.59, -26.11] -26.27  Inventory: [0.0, 0.0, 3.0]  Order: [8.98, 8.69, 8.56] Demand: [9.06]
Reward for thread 5: [-45.06, -20.86, -24.5] -30.14  Inventory: [311.0, 7.0, 15.0]  Order: [3.26, 3.19, 3.22] Demand: [1.76]

Eval average reward:  -29.4245  Eval ordering fluctuation measurement (downstream to upstream):  [0.7684972607969431, 1.1188702056094373, 1.1852903834643587]

 Algo happo Exp ippo_seed13_formal_v1 updates 535/3000 episodes, total num timesteps 536000/3000000, FPS 118.

Reward for thread 1: [-27.86, -21.38, -22.28] -23.84  Inventory: [163.0, 23.0, 37.0]  Order: [4.16, 4.05, 4.04] Demand: [3.51]
Reward for thread 2: [-12.8, -18.42, -21.91] -17.71  Inventory: [5.0, 11.0, 29.0]  Order: [6.28, 6.08, 5.98] Demand: [6.48]
Reward for thread 3: [-18.87, -20.06, -23.67] -20.87  Inventory: [0.0, 5.0, 20.0]  Order: [8.36, 8.22, 8.12] Demand: [8.46]
Reward for thread 4: [-48.79, -26.53, -28.51] -34.61  Inventory: [0.0, 0.0, 0.0]  Order: [13.7, 13.8, 13.82] Demand: [14.47]
Reward for thread 5: [-56.19, -70.22, -40.7] -55.7  Inventory: [0.0, 0.0, 0.0]  Order: [12.61, 12.16, 12.05] Demand: [12.69]

 Algo happo Exp ippo_seed13_formal_v1 updates 536/3000 episodes, total num timesteps 537000/3000000, FPS 118.

Reward for thread 1: [-29.26, -25.61, -24.22] -26.36  Inventory: [0.0, 0.0, 0.0]  Order: [11.24, 11.28, 11.32] Demand: [11.97]
Reward for thread 2: [-27.1, -36.18, -27.1] -30.13  Inventory: [2.0, 9.0, 24.0]  Order: [8.38, 8.19, 8.06] Demand: [8.6]
Reward for thread 3: [-18.3, -19.68, -22.53] -20.17  Inventory: [0.0, 5.0, 2.0]  Order: [9.02, 9.07, 9.16] Demand: [9.385]
Reward for thread 4: [-31.07, -29.97, -24.45] -28.5  Inventory: [0.0, 0.0, 0.0]  Order: [13.28, 13.28, 13.28] Demand: [13.45]
Reward for thread 5: [-53.58, -32.83, -30.61] -39.01  Inventory: [0.0, 0.0, 0.0]  Order: [15.14, 15.17, 15.12] Demand: [15.14]

 Algo happo Exp ippo_seed13_formal_v1 updates 537/3000 episodes, total num timesteps 538000/3000000, FPS 118.

Reward for thread 1: [-11.07, -16.12, -20.25] -15.81  Inventory: [2.0, 0.0, 0.0]  Order: [3.52, 3.4, 3.22] Demand: [3.6]
Reward for thread 2: [-32.52, -20.75, -22.0] -25.09  Inventory: [210.0, 15.0, 15.0]  Order: [2.92, 2.84, 2.7] Demand: [2.02]
Reward for thread 3: [-11.28, -18.23, -19.07] -16.19  Inventory: [9.0, 11.0, 44.0]  Order: [4.25, 4.09, 4.08] Demand: [4.385]
Reward for thread 4: [-25.09, -23.81, -23.34] -24.08  Inventory: [0.0, 0.0, 0.0]  Order: [12.36, 12.22, 12.12] Demand: [12.61]
Reward for thread 5: [-88.16, -38.34, -37.9] -54.8  Inventory: [0.0, 0.0, 0.0]  Order: [14.93, 14.92, 14.86] Demand: [15.235]

 Algo happo Exp ippo_seed13_formal_v1 updates 538/3000 episodes, total num timesteps 539000/3000000, FPS 118.

Reward for thread 1: [-11.32, -16.12, -18.01] -15.15  Inventory: [11.0, 14.0, 2.0]  Order: [7.34, 7.18, 7.1] Demand: [7.49]
Reward for thread 2: [-20.96, -20.25, -19.33] -20.18  Inventory: [0.0, 0.0, 0.0]  Order: [10.45, 10.5, 10.48] Demand: [10.45]
Reward for thread 3: [-21.16, -24.6, -24.96] -23.57  Inventory: [22.0, 19.0, 44.0]  Order: [9.19, 9.06, 9.04] Demand: [9.29]
Reward for thread 4: [-34.88, -49.34, -34.29] -39.5  Inventory: [0.0, 0.0, 0.0]  Order: [9.24, 8.98, 9.03] Demand: [9.075]
Reward for thread 5: [-23.6, -24.76, -26.23] -24.86  Inventory: [0.0, 0.0, 0.0]  Order: [9.51, 9.62, 9.56] Demand: [9.91]

 Algo happo Exp ippo_seed13_formal_v1 updates 539/3000 episodes, total num timesteps 540000/3000000, FPS 118.

Reward for thread 1: [-25.31, -35.92, -24.41] -28.55  Inventory: [0.0, 0.0, 0.0]  Order: [11.35, 11.12, 11.1] Demand: [11.045]
Reward for thread 2: [-19.07, -24.81, -25.97] -23.28  Inventory: [6.0, 27.0, 36.0]  Order: [7.96, 7.86, 7.78] Demand: [8.15]
Reward for thread 3: [-71.29, -48.3, -38.97] -52.85  Inventory: [63.0, 47.0, 61.0]  Order: [15.32, 15.32, 15.39] Demand: [15.225]
Reward for thread 4: [-10.36, -15.19, -16.66] -14.07  Inventory: [0.0, 0.0, 0.0]  Order: [3.78, 3.62, 3.44] Demand: [3.925]
Reward for thread 5: [-21.0, -31.22, -25.16] -25.79  Inventory: [9.0, 12.0, 24.0]  Order: [7.25, 7.14, 7.18] Demand: [7.38]

Eval average reward:  -29.009500000000003  Eval ordering fluctuation measurement (downstream to upstream):  [0.749653789824292, 1.1173129752467146, 1.1946354923470448]

 Algo happo Exp ippo_seed13_formal_v1 updates 540/3000 episodes, total num timesteps 541000/3000000, FPS 118.

Reward for thread 1: [-23.59, -21.58, -21.78] -22.32  Inventory: [15.0, 0.0, 7.0]  Order: [11.5, 11.5, 11.52] Demand: [11.52]
Reward for thread 2: [-32.46, -26.94, -25.0] -28.13  Inventory: [39.0, 25.0, 65.0]  Order: [14.25, 14.22, 14.3] Demand: [14.21]
Reward for thread 3: [-64.6, -54.78, -39.94] -53.11  Inventory: [188.0, 27.0, 45.0]  Order: [7.77, 7.68, 7.71] Demand: [7.015]
Reward for thread 4: [-12.08, -19.07, -24.08] -18.41  Inventory: [0.0, 21.0, 18.0]  Order: [2.24, 2.1, 1.94] Demand: [2.45]
Reward for thread 5: [-19.31, -24.5, -23.39] -22.4  Inventory: [32.0, 21.0, 27.0]  Order: [9.61, 9.52, 9.43] Demand: [9.645]

 Algo happo Exp ippo_seed13_formal_v1 updates 541/3000 episodes, total num timesteps 542000/3000000, FPS 118.

Reward for thread 1: [-9.99, -14.4, -17.6] -14.0  Inventory: [0.0, 0.0, 0.0]  Order: [5.57, 5.49, 5.5] Demand: [5.565]
Reward for thread 2: [-77.06, -46.64, -38.0] -53.9  Inventory: [31.0, 68.0, 79.0]  Order: [13.54, 13.64, 13.81] Demand: [13.585]
Reward for thread 3: [-47.2, -48.3, -34.46] -43.32  Inventory: [0.0, 0.0, 0.0]  Order: [13.25, 13.06, 13.03] Demand: [13.085]
Reward for thread 4: [-27.63, -29.24, -26.24] -27.7  Inventory: [0.0, 0.0, 0.0]  Order: [10.56, 10.49, 10.48] Demand: [10.53]
Reward for thread 5: [-79.23, -46.08, -37.39] -54.23  Inventory: [0.0, 0.0, 0.0]  Order: [16.02, 16.02, 15.92] Demand: [17.37]

 Algo happo Exp ippo_seed13_formal_v1 updates 542/3000 episodes, total num timesteps 543000/3000000, FPS 118.

Reward for thread 1: [-46.64, -48.9, -35.17] -43.57  Inventory: [0.0, 0.0, 0.0]  Order: [12.46, 12.44, 12.44] Demand: [12.84]
Reward for thread 2: [-14.93, -21.83, -23.0] -19.92  Inventory: [6.0, 13.0, 9.0]  Order: [7.58, 7.59, 7.42] Demand: [7.645]
Reward for thread 3: [-12.38, -19.7, -19.61] -17.23  Inventory: [1.0, 11.0, 36.0]  Order: [7.36, 7.2, 7.12] Demand: [7.495]
Reward for thread 4: [-13.43, -20.6, -22.12] -18.72  Inventory: [0.0, 20.0, 30.0]  Order: [7.64, 7.68, 7.6] Demand: [7.695]
Reward for thread 5: [-12.6, -18.89, -22.76] -18.08  Inventory: [8.0, 56.0, 47.0]  Order: [4.33, 4.36, 4.35] Demand: [4.525]

 Algo happo Exp ippo_seed13_formal_v1 updates 543/3000 episodes, total num timesteps 544000/3000000, FPS 118.

Reward for thread 1: [-15.38, -21.2, -22.23] -19.6  Inventory: [9.0, 21.0, 10.0]  Order: [8.36, 8.42, 8.48] Demand: [8.405]
Reward for thread 2: [-14.06, -20.31, -21.47] -18.61  Inventory: [0.0, 0.0, 0.0]  Order: [6.98, 6.84, 6.6] Demand: [7.16]
Reward for thread 3: [-11.1, -16.58, -20.0] -15.89  Inventory: [10.0, 28.0, 35.0]  Order: [6.58, 6.48, 6.42] Demand: [6.76]
Reward for thread 4: [-10.44, -17.3, -16.27] -14.67  Inventory: [1.0, 23.0, 20.0]  Order: [2.13, 2.01, 1.86] Demand: [2.355]
Reward for thread 5: [-72.15, -32.22, -34.24] -46.2  Inventory: [0.0, 0.0, 0.0]  Order: [15.34, 15.38, 15.37] Demand: [16.3]

 Algo happo Exp ippo_seed13_formal_v1 updates 544/3000 episodes, total num timesteps 545000/3000000, FPS 118.

Reward for thread 1: [-17.06, -19.75, -18.01] -18.27  Inventory: [0.0, 0.0, 0.0]  Order: [11.11, 11.08, 10.98] Demand: [11.09]
Reward for thread 2: [-10.59, -16.95, -19.22] -15.59  Inventory: [3.0, 14.0, 29.0]  Order: [4.2, 4.12, 4.07] Demand: [4.325]
Reward for thread 3: [-21.1, -25.33, -25.95] -24.13  Inventory: [8.0, 37.0, 45.0]  Order: [9.9, 9.84, 9.82] Demand: [10.075]
Reward for thread 4: [-32.88, -42.14, -36.74] -37.25  Inventory: [0.0, 0.0, 0.0]  Order: [10.92, 10.64, 10.62] Demand: [10.725]
Reward for thread 5: [-11.28, -19.58, -22.66] -17.84  Inventory: [4.0, 4.0, 7.0]  Order: [3.38, 3.24, 3.11] Demand: [3.575]

Eval average reward:  -26.475083333333338  Eval ordering fluctuation measurement (downstream to upstream):  [0.7390420021399594, 1.1419214797751533, 1.1856348204862708]

 Algo happo Exp ippo_seed13_formal_v1 updates 545/3000 episodes, total num timesteps 546000/3000000, FPS 118.

Reward for thread 1: [-85.2, -53.17, -43.49] -60.62  Inventory: [51.0, 44.0, 57.0]  Order: [15.76, 15.76, 15.81] Demand: [15.69]
Reward for thread 2: [-18.86, -24.55, -24.82] -22.74  Inventory: [0.0, 26.0, 30.0]  Order: [6.06, 5.94, 5.84] Demand: [6.285]
Reward for thread 3: [-57.79, -51.63, -34.9] -48.11  Inventory: [0.0, 4.0, 16.0]  Order: [13.06, 13.08, 13.1] Demand: [13.21]
Reward for thread 4: [-18.52, -24.24, -26.68] -23.15  Inventory: [0.0, 0.0, 14.0]  Order: [5.3, 5.15, 5.15] Demand: [5.275]
Reward for thread 5: [-13.36, -20.85, -25.6] -19.94  Inventory: [8.0, 25.0, 40.0]  Order: [5.52, 5.39, 5.34] Demand: [5.72]

 Algo happo Exp ippo_seed13_formal_v1 updates 546/3000 episodes, total num timesteps 547000/3000000, FPS 118.

Reward for thread 1: [-24.67, -34.15, -28.02] -28.95  Inventory: [0.0, 0.0, 0.0]  Order: [7.72, 7.65, 7.63] Demand: [7.74]
Reward for thread 2: [-14.46, -21.69, -24.46] -20.2  Inventory: [19.0, 27.0, 33.0]  Order: [3.83, 3.72, 3.63] Demand: [3.97]
Reward for thread 3: [-11.91, -19.24, -22.76] -17.97  Inventory: [6.0, 21.0, 32.0]  Order: [2.76, 2.62, 2.53] Demand: [2.975]
Reward for thread 4: [-47.84, -48.7, -32.22] -42.92  Inventory: [9.0, 0.0, 0.0]  Order: [16.39, 16.24, 16.24] Demand: [15.925]
Reward for thread 5: [-14.03, -18.75, -22.01] -18.26  Inventory: [1.0, 39.0, 12.0]  Order: [8.56, 8.73, 8.76] Demand: [8.56]

 Algo happo Exp ippo_seed13_formal_v1 updates 547/3000 episodes, total num timesteps 548000/3000000, FPS 118.

Reward for thread 1: [-38.2, -29.02, -27.49] -31.57  Inventory: [0.0, 0.0, 0.0]  Order: [14.92, 14.98, 14.96] Demand: [15.07]
Reward for thread 2: [-34.34, -19.85, -22.23] -25.47  Inventory: [253.0, 1.0, 36.0]  Order: [2.7, 2.58, 2.64] Demand: [1.565]
Reward for thread 3: [-14.12, -20.27, -20.36] -18.25  Inventory: [0.0, 49.0, 44.0]  Order: [2.32, 2.34, 2.32] Demand: [2.545]
Reward for thread 4: [-74.93, -38.74, -37.06] -50.24  Inventory: [0.0, 0.0, 0.0]  Order: [14.92, 14.92, 14.9] Demand: [15.535]
Reward for thread 5: [-94.94, -98.24, -52.73] -81.97  Inventory: [0.0, 0.0, 0.0]  Order: [15.75, 15.27, 15.17] Demand: [15.17]

 Algo happo Exp ippo_seed13_formal_v1 updates 548/3000 episodes, total num timesteps 549000/3000000, FPS 118.

Reward for thread 1: [-21.77, -29.61, -25.7] -25.69  Inventory: [8.0, 35.0, 38.0]  Order: [10.62, 10.66, 10.76] Demand: [10.71]
Reward for thread 2: [-14.75, -17.24, -18.43] -16.81  Inventory: [0.0, 0.0, 0.0]  Order: [10.66, 10.84, 10.86] Demand: [10.955]
Reward for thread 3: [-21.43, -26.04, -25.09] -24.19  Inventory: [2.0, 21.0, 31.0]  Order: [11.24, 11.22, 11.13] Demand: [11.31]
Reward for thread 4: [-21.04, -27.18, -24.27] -24.16  Inventory: [6.0, 22.0, 20.0]  Order: [4.43, 4.4, 4.38] Demand: [4.56]
Reward for thread 5: [-13.03, -22.66, -22.24] -19.31  Inventory: [15.0, 11.0, 28.0]  Order: [6.56, 6.48, 6.5] Demand: [6.465]

 Algo happo Exp ippo_seed13_formal_v1 updates 549/3000 episodes, total num timesteps 550000/3000000, FPS 118.

Reward for thread 1: [-13.77, -24.46, -25.49] -21.24  Inventory: [3.0, 16.0, 26.0]  Order: [3.0, 2.83, 2.72] Demand: [3.21]
Reward for thread 2: [-12.78, -26.2, -23.27] -20.75  Inventory: [0.0, 23.0, 31.0]  Order: [2.7, 2.59, 2.5] Demand: [2.915]
Reward for thread 3: [-28.77, -33.54, -32.08] -31.46  Inventory: [12.0, 47.0, 21.0]  Order: [10.2, 10.21, 10.15] Demand: [10.375]
Reward for thread 4: [-12.51, -20.2, -19.1] -17.27  Inventory: [3.0, 40.0, 46.0]  Order: [9.08, 9.1, 9.14] Demand: [9.205]
Reward for thread 5: [-16.36, -25.29, -28.45] -23.37  Inventory: [12.0, 33.0, 71.0]  Order: [6.16, 6.08, 6.18] Demand: [6.345]

Eval average reward:  -30.021833333333337  Eval ordering fluctuation measurement (downstream to upstream):  [0.8268934862426279, 1.1196654503738794, 1.2061514380230793]

 Algo happo Exp ippo_seed13_formal_v1 updates 550/3000 episodes, total num timesteps 551000/3000000, FPS 118.

Reward for thread 1: [-96.37, -73.55, -50.18] -73.37  Inventory: [0.0, 0.0, 0.0]  Order: [13.85, 13.41, 13.44] Demand: [13.905]
Reward for thread 2: [-9.34, -14.64, -15.22] -13.07  Inventory: [9.0, 19.0, 0.0]  Order: [7.02, 7.14, 7.2] Demand: [7.05]
Reward for thread 3: [-14.72, -22.53, -21.65] -19.63  Inventory: [0.0, 10.0, 26.0]  Order: [9.09, 8.99, 8.87] Demand: [9.235]
Reward for thread 4: [-12.83, -20.72, -20.88] -18.14  Inventory: [0.0, 19.0, 20.0]  Order: [5.42, 5.28, 5.14] Demand: [5.655]
Reward for thread 5: [-11.49, -18.73, -22.3] -17.51  Inventory: [8.0, 26.0, 27.0]  Order: [4.04, 4.0, 3.93] Demand: [4.15]

 Algo happo Exp ippo_seed13_formal_v1 updates 551/3000 episodes, total num timesteps 552000/3000000, FPS 118.

Reward for thread 1: [-29.14, -26.76, -25.11] -27.0  Inventory: [0.0, 0.0, 0.0]  Order: [14.66, 14.72, 14.58] Demand: [14.58]
Reward for thread 2: [-15.18, -22.3, -22.41] -19.96  Inventory: [0.0, 50.0, 44.0]  Order: [9.02, 9.04, 9.02] Demand: [9.18]
Reward for thread 3: [-11.88, -21.12, -18.31] -17.1  Inventory: [6.0, 23.0, 41.0]  Order: [4.14, 4.01, 3.99] Demand: [4.335]
Reward for thread 4: [-16.31, -26.58, -27.35] -23.41  Inventory: [3.0, 14.0, 41.0]  Order: [5.87, 5.7, 5.66] Demand: [6.03]
Reward for thread 5: [-15.04, -22.62, -22.19] -19.95  Inventory: [0.0, 10.0, 0.0]  Order: [7.38, 7.34, 7.17] Demand: [7.535]

 Algo happo Exp ippo_seed13_formal_v1 updates 552/3000 episodes, total num timesteps 553000/3000000, FPS 118.

Reward for thread 1: [-14.05, -22.87, -29.91] -22.28  Inventory: [25.0, 15.0, 23.0]  Order: [1.87, 1.7, 1.58] Demand: [1.97]
Reward for thread 2: [-24.29, -24.75, -23.69] -24.24  Inventory: [14.0, 38.0, 26.0]  Order: [10.38, 10.36, 10.25] Demand: [10.555]
Reward for thread 3: [-15.03, -22.71, -21.66] -19.8  Inventory: [4.0, 20.0, 0.0]  Order: [10.31, 10.4, 10.22] Demand: [10.33]
Reward for thread 4: [-67.82, -48.26, -38.0] -51.36  Inventory: [0.0, 0.0, 0.0]  Order: [14.78, 14.34, 14.3] Demand: [14.915]
Reward for thread 5: [-12.63, -21.26, -22.72] -18.87  Inventory: [4.0, 29.0, 7.0]  Order: [5.48, 5.4, 5.3] Demand: [5.665]

 Algo happo Exp ippo_seed13_formal_v1 updates 553/3000 episodes, total num timesteps 554000/3000000, FPS 118.

Reward for thread 1: [-52.37, -54.27, -33.81] -46.82  Inventory: [0.0, 9.0, 0.0]  Order: [13.36, 13.37, 13.32] Demand: [13.445]
Reward for thread 2: [-19.01, -20.79, -21.21] -20.34  Inventory: [2.0, 21.0, 11.0]  Order: [11.64, 11.61, 11.47] Demand: [11.74]
Reward for thread 3: [-24.85, -25.99, -27.83] -26.22  Inventory: [0.0, 19.0, 35.0]  Order: [11.14, 11.18, 11.16] Demand: [11.22]
Reward for thread 4: [-17.33, -25.84, -22.74] -21.97  Inventory: [5.0, 0.0, 0.0]  Order: [9.53, 9.72, 9.68] Demand: [9.455]
Reward for thread 5: [-11.05, -17.92, -20.22] -16.4  Inventory: [0.0, 7.0, 1.0]  Order: [3.68, 3.57, 3.36] Demand: [3.865]

 Algo happo Exp ippo_seed13_formal_v1 updates 554/3000 episodes, total num timesteps 555000/3000000, FPS 118.

Reward for thread 1: [-19.1, -23.52, -23.94] -22.19  Inventory: [0.0, 0.0, 0.0]  Order: [4.38, 4.34, 4.42] Demand: [4.205]
Reward for thread 2: [-12.68, -20.94, -22.79] -18.8  Inventory: [0.0, 6.0, 26.0]  Order: [6.46, 6.34, 6.27] Demand: [6.62]
Reward for thread 3: [-12.41, -19.37, -20.63] -17.47  Inventory: [38.0, 27.0, 6.0]  Order: [4.51, 4.5, 4.43] Demand: [4.52]
Reward for thread 4: [-11.97, -18.67, -21.34] -17.33  Inventory: [2.0, 15.0, 10.0]  Order: [2.96, 2.8, 2.61] Demand: [3.165]
Reward for thread 5: [-13.73, -21.15, -18.48] -17.79  Inventory: [0.0, 0.0, 0.0]  Order: [11.3, 11.36, 11.42] Demand: [11.335]

Eval average reward:  -25.189916666666665  Eval ordering fluctuation measurement (downstream to upstream):  [0.777523908207548, 1.0840858472024102, 1.2122444042487936]

 Algo happo Exp ippo_seed13_formal_v1 updates 555/3000 episodes, total num timesteps 556000/3000000, FPS 118.

Reward for thread 1: [-41.97, -41.63, -32.47] -38.69  Inventory: [1.0, 6.0, 12.0]  Order: [10.58, 10.45, 10.42] Demand: [10.7]
Reward for thread 2: [-13.64, -21.44, -24.56] -19.88  Inventory: [5.0, 0.0, 24.0]  Order: [5.54, 5.4, 5.34] Demand: [5.61]
Reward for thread 3: [-114.58, -100.26, -57.37] -90.74  Inventory: [0.0, 0.0, 0.0]  Order: [17.02, 15.86, 15.78] Demand: [16.06]
Reward for thread 4: [-19.88, -24.29, -26.95] -23.71  Inventory: [68.0, 11.0, 32.0]  Order: [3.82, 3.66, 3.58] Demand: [3.66]
Reward for thread 5: [-16.82, -24.6, -23.01] -21.48  Inventory: [5.0, 16.0, 0.0]  Order: [9.94, 9.89, 9.79] Demand: [10.09]

 Algo happo Exp ippo_seed13_formal_v1 updates 556/3000 episodes, total num timesteps 557000/3000000, FPS 118.

Reward for thread 1: [-42.75, -70.11, -35.29] -49.38  Inventory: [0.0, 0.0, 0.0]  Order: [13.24, 13.22, 13.27] Demand: [13.205]
Reward for thread 2: [-75.35, -76.82, -43.57] -65.25  Inventory: [0.0, 0.0, 0.0]  Order: [15.84, 15.72, 15.72] Demand: [16.14]
Reward for thread 3: [-30.73, -34.24, -28.4] -31.12  Inventory: [9.0, 24.0, 23.0]  Order: [13.61, 13.75, 13.82] Demand: [13.645]
Reward for thread 4: [-11.4, -16.19, -23.56] -17.05  Inventory: [10.0, 11.0, 64.0]  Order: [4.34, 4.16, 4.24] Demand: [4.48]
Reward for thread 5: [-13.26, -21.05, -24.27] -19.53  Inventory: [0.0, 0.0, 40.0]  Order: [5.08, 4.93, 4.96] Demand: [5.175]

 Algo happo Exp ippo_seed13_formal_v1 updates 557/3000 episodes, total num timesteps 558000/3000000, FPS 118.

Reward for thread 1: [-30.18, -27.31, -26.47] -27.99  Inventory: [0.0, 0.0, 0.0]  Order: [12.14, 12.27, 12.22] Demand: [12.565]
Reward for thread 2: [-28.56, -29.0, -27.6] -28.39  Inventory: [0.0, 0.0, 0.0]  Order: [12.22, 12.21, 12.18] Demand: [12.175]
Reward for thread 3: [-11.5, -18.01, -20.07] -16.53  Inventory: [24.0, 8.0, 0.0]  Order: [4.8, 4.7, 4.63] Demand: [4.875]
Reward for thread 4: [-11.9, -18.53, -20.48] -16.97  Inventory: [0.0, 14.0, 8.0]  Order: [5.6, 5.44, 5.36] Demand: [5.79]
Reward for thread 5: [-10.37, -13.99, -18.0] -14.12  Inventory: [16.0, 32.0, 11.0]  Order: [2.48, 2.46, 2.44] Demand: [2.635]

 Algo happo Exp ippo_seed13_formal_v1 updates 558/3000 episodes, total num timesteps 559000/3000000, FPS 118.

Reward for thread 1: [-18.07, -25.77, -28.65] -24.16  Inventory: [6.0, 41.0, 56.0]  Order: [7.58, 7.56, 7.61] Demand: [7.75]
Reward for thread 2: [-11.82, -21.64, -20.22] -17.89  Inventory: [1.0, 12.0, 25.0]  Order: [1.9, 1.72, 1.6] Demand: [2.14]
Reward for thread 3: [-28.01, -27.52, -23.64] -26.39  Inventory: [0.0, 0.0, 0.0]  Order: [14.97, 15.1, 15.06] Demand: [14.905]
Reward for thread 4: [-32.05, -34.54, -31.0] -32.53  Inventory: [0.0, 0.0, 0.0]  Order: [11.39, 11.36, 11.36] Demand: [11.505]
Reward for thread 5: [-12.95, -18.14, -19.76] -16.95  Inventory: [14.0, 18.0, 19.0]  Order: [3.13, 3.0, 2.84] Demand: [3.305]

 Algo happo Exp ippo_seed13_formal_v1 updates 559/3000 episodes, total num timesteps 560000/3000000, FPS 118.

Reward for thread 1: [-13.29, -20.43, -22.32] -18.68  Inventory: [0.0, 0.0, 0.0]  Order: [7.58, 7.49, 7.35] Demand: [7.425]
Reward for thread 2: [-17.52, -16.99, -19.62] -18.04  Inventory: [0.0, 0.0, 0.0]  Order: [9.94, 10.1, 10.12] Demand: [10.4]
Reward for thread 3: [-20.36, -26.61, -24.64] -23.87  Inventory: [7.0, 4.0, 0.0]  Order: [9.57, 9.75, 9.72] Demand: [9.56]
Reward for thread 4: [-39.7, -28.56, -28.2] -32.15  Inventory: [0.0, 0.0, 0.0]  Order: [11.84, 11.8, 11.76] Demand: [12.535]
Reward for thread 5: [-79.99, -79.41, -44.63] -68.01  Inventory: [0.0, 0.0, 0.0]  Order: [15.98, 15.98, 15.88] Demand: [15.96]

Eval average reward:  -25.26308333333333  Eval ordering fluctuation measurement (downstream to upstream):  [0.7512815732987705, 0.9602556378114034, 1.2193857985526966]

 Algo happo Exp ippo_seed13_formal_v1 updates 560/3000 episodes, total num timesteps 561000/3000000, FPS 118.

Reward for thread 1: [-13.94, -20.95, -21.07] -18.65  Inventory: [0.0, 0.0, 0.0]  Order: [7.34, 7.15, 7.0] Demand: [7.255]
Reward for thread 2: [-11.31, -18.9, -18.74] -16.32  Inventory: [4.0, 22.0, 19.0]  Order: [2.3, 2.16, 2.01] Demand: [2.485]
Reward for thread 3: [-64.96, -49.65, -36.69] -50.43  Inventory: [0.0, 0.0, 0.0]  Order: [15.5, 15.24, 15.24] Demand: [15.9]
Reward for thread 4: [-13.35, -20.81, -18.27] -17.48  Inventory: [20.0, 57.0, 23.0]  Order: [9.79, 9.94, 9.96] Demand: [9.875]
Reward for thread 5: [-17.3, -23.48, -24.18] -21.65  Inventory: [5.0, 34.0, 50.0]  Order: [9.49, 9.44, 9.45] Demand: [9.565]

 Algo happo Exp ippo_seed13_formal_v1 updates 561/3000 episodes, total num timesteps 562000/3000000, FPS 118.

Reward for thread 1: [-12.84, -20.1, -20.85] -17.93  Inventory: [9.0, 61.0, 53.0]  Order: [6.22, 6.29, 6.31] Demand: [6.39]
Reward for thread 2: [-14.26, -18.94, -19.31] -17.5  Inventory: [0.0, 16.0, 36.0]  Order: [11.7, 11.72, 11.74] Demand: [11.755]
Reward for thread 3: [-14.54, -22.93, -23.13] -20.2  Inventory: [6.0, 32.0, 24.0]  Order: [6.4, 6.32, 6.2] Demand: [6.605]
Reward for thread 4: [-12.54, -20.11, -20.2] -17.62  Inventory: [1.0, 22.0, 25.0]  Order: [7.44, 7.4, 7.39] Demand: [7.565]
Reward for thread 5: [-15.48, -20.02, -21.46] -18.99  Inventory: [0.0, 29.0, 6.0]  Order: [9.06, 9.22, 9.3] Demand: [9.105]

 Algo happo Exp ippo_seed13_formal_v1 updates 562/3000 episodes, total num timesteps 563000/3000000, FPS 118.

Reward for thread 1: [-12.95, -20.62, -24.0] -19.19  Inventory: [6.0, 10.0, 17.0]  Order: [3.49, 3.3, 3.14] Demand: [3.685]
Reward for thread 2: [-31.9, -29.16, -28.26] -29.77  Inventory: [13.0, 7.0, 15.0]  Order: [5.64, 5.54, 5.51] Demand: [5.635]
Reward for thread 3: [-16.45, -22.29, -24.38] -21.04  Inventory: [0.0, 0.0, 16.0]  Order: [7.02, 6.88, 6.74] Demand: [7.18]
Reward for thread 4: [-80.78, -60.65, -41.46] -60.96  Inventory: [136.0, 10.0, 65.0]  Order: [15.44, 15.28, 15.37] Demand: [14.975]
Reward for thread 5: [-14.28, -22.57, -24.22] -20.36  Inventory: [6.0, 4.0, 10.0]  Order: [5.8, 5.62, 5.62] Demand: [5.93]

 Algo happo Exp ippo_seed13_formal_v1 updates 563/3000 episodes, total num timesteps 564000/3000000, FPS 118.

Reward for thread 1: [-65.0, -45.46, -33.7] -48.05  Inventory: [1.0, 0.0, 0.0]  Order: [16.44, 16.44, 16.42] Demand: [16.285]
Reward for thread 2: [-75.13, -55.23, -37.9] -56.09  Inventory: [0.0, 0.0, 0.0]  Order: [13.14, 12.72, 12.74] Demand: [13.945]
Reward for thread 3: [-19.42, -22.06, -21.74] -21.07  Inventory: [4.0, 38.0, 43.0]  Order: [6.74, 6.7, 6.66] Demand: [6.955]
Reward for thread 4: [-58.82, -34.34, -30.17] -41.11  Inventory: [2.0, 0.0, 0.0]  Order: [16.13, 16.19, 16.22] Demand: [16.04]
Reward for thread 5: [-11.39, -16.67, -19.42] -15.83  Inventory: [14.0, 13.0, 27.0]  Order: [6.35, 6.19, 6.13] Demand: [6.53]

 Algo happo Exp ippo_seed13_formal_v1 updates 564/3000 episodes, total num timesteps 565000/3000000, FPS 118.

Reward for thread 1: [-18.05, -26.55, -26.99] -23.86  Inventory: [6.0, 6.0, 5.0]  Order: [7.38, 7.28, 7.22] Demand: [7.555]
Reward for thread 2: [-20.94, -28.96, -25.72] -25.21  Inventory: [0.0, 14.0, 0.0]  Order: [9.86, 9.87, 9.83] Demand: [9.875]
Reward for thread 3: [-10.77, -15.86, -16.05] -14.23  Inventory: [29.0, 42.0, 32.0]  Order: [9.41, 9.44, 9.57] Demand: [9.37]
Reward for thread 4: [-11.75, -19.01, -21.6] -17.45  Inventory: [3.0, 37.0, 21.0]  Order: [3.7, 3.66, 3.51] Demand: [3.93]
Reward for thread 5: [-13.94, -19.52, -19.83] -17.76  Inventory: [5.0, 11.0, 10.0]  Order: [7.08, 7.05, 7.05] Demand: [7.275]

Eval average reward:  -23.791416666666667  Eval ordering fluctuation measurement (downstream to upstream):  [0.7578304068654361, 0.9756194350482106, 1.2308444385061086]

 Algo happo Exp ippo_seed13_formal_v1 updates 565/3000 episodes, total num timesteps 566000/3000000, FPS 118.

Reward for thread 1: [-40.24, -38.09, -28.47] -35.6  Inventory: [0.0, 25.0, 15.0]  Order: [15.41, 15.6, 15.61] Demand: [15.385]
Reward for thread 2: [-118.01, -68.96, -49.2] -78.72  Inventory: [26.0, 7.0, 14.0]  Order: [15.68, 15.68, 15.78] Demand: [15.5]
Reward for thread 3: [-63.85, -43.06, -36.55] -47.82  Inventory: [0.0, 0.0, 0.0]  Order: [12.19, 12.09, 12.04] Demand: [12.915]
Reward for thread 4: [-15.84, -21.78, -21.59] -19.74  Inventory: [0.0, 0.0, 0.0]  Order: [8.73, 8.71, 8.64] Demand: [8.57]
Reward for thread 5: [-12.14, -16.77, -22.3] -17.07  Inventory: [9.0, 6.0, 23.0]  Order: [4.96, 4.8, 4.75] Demand: [5.105]

 Algo happo Exp ippo_seed13_formal_v1 updates 566/3000 episodes, total num timesteps 567000/3000000, FPS 118.

Reward for thread 1: [-28.12, -22.56, -25.31] -25.33  Inventory: [0.0, 1.0, 0.0]  Order: [10.36, 10.56, 10.59] Demand: [10.91]
Reward for thread 2: [-15.35, -21.01, -26.21] -20.86  Inventory: [5.0, 14.0, 46.0]  Order: [9.26, 9.09, 9.12] Demand: [9.4]
Reward for thread 3: [-19.12, -22.32, -23.41] -21.62  Inventory: [19.0, 74.0, 53.0]  Order: [11.34, 11.5, 11.54] Demand: [11.425]
Reward for thread 4: [-10.3, -16.29, -18.48] -15.02  Inventory: [12.0, 21.0, 33.0]  Order: [3.04, 2.91, 2.84] Demand: [3.215]
Reward for thread 5: [-12.15, -21.17, -24.17] -19.16  Inventory: [5.0, 22.0, 37.0]  Order: [2.44, 2.33, 2.27] Demand: [2.65]

 Algo happo Exp ippo_seed13_formal_v1 updates 567/3000 episodes, total num timesteps 568000/3000000, FPS 118.

Reward for thread 1: [-12.17, -19.17, -23.1] -18.15  Inventory: [0.0, 18.0, 26.0]  Order: [4.28, 4.15, 4.08] Demand: [4.465]
Reward for thread 2: [-34.19, -28.83, -27.0] -30.01  Inventory: [0.0, 0.0, 0.0]  Order: [13.5, 13.6, 13.61] Demand: [14.115]
Reward for thread 3: [-11.09, -17.87, -20.64] -16.53  Inventory: [13.0, 34.0, 39.0]  Order: [3.52, 3.46, 3.42] Demand: [3.68]
Reward for thread 4: [-10.32, -14.7, -18.25] -14.42  Inventory: [5.0, 12.0, 20.0]  Order: [4.89, 4.72, 4.58] Demand: [5.085]
Reward for thread 5: [-13.08, -20.36, -21.31] -18.25  Inventory: [2.0, 0.0, 0.0]  Order: [6.71, 6.66, 6.71] Demand: [6.595]

 Algo happo Exp ippo_seed13_formal_v1 updates 568/3000 episodes, total num timesteps 569000/3000000, FPS 118.

Reward for thread 1: [-20.79, -20.43, -23.15] -21.46  Inventory: [0.0, 0.0, 4.0]  Order: [5.14, 4.89, 4.76] Demand: [5.165]
Reward for thread 2: [-107.94, -41.6, -41.88] -63.81  Inventory: [0.0, 0.0, 4.0]  Order: [15.91, 15.9, 16.0] Demand: [17.455]
Reward for thread 3: [-21.18, -21.01, -22.85] -21.68  Inventory: [3.0, 17.0, 7.0]  Order: [9.32, 9.28, 9.2] Demand: [9.455]
Reward for thread 4: [-23.72, -27.81, -24.82] -25.45  Inventory: [0.0, 1.0, 0.0]  Order: [12.34, 12.56, 12.5] Demand: [12.565]
Reward for thread 5: [-14.42, -21.34, -22.97] -19.58  Inventory: [0.0, 0.0, 0.0]  Order: [9.46, 9.57, 9.42] Demand: [9.38]

 Algo happo Exp ippo_seed13_formal_v1 updates 569/3000 episodes, total num timesteps 570000/3000000, FPS 118.

Reward for thread 1: [-16.27, -20.9, -20.28] -19.15  Inventory: [0.0, 12.0, 9.0]  Order: [10.5, 10.54, 10.58] Demand: [10.485]
Reward for thread 2: [-55.51, -31.48, -29.76] -38.92  Inventory: [0.0, 0.0, 0.0]  Order: [14.26, 14.26, 14.23] Demand: [15.075]
Reward for thread 3: [-32.67, -22.82, -22.08] -25.86  Inventory: [0.0, 12.0, 0.0]  Order: [15.92, 16.01, 16.0] Demand: [16.035]
Reward for thread 4: [-13.92, -22.09, -25.35] -20.45  Inventory: [4.0, 21.0, 25.0]  Order: [5.06, 4.93, 4.82] Demand: [5.235]
Reward for thread 5: [-27.57, -28.67, -26.95] -27.73  Inventory: [0.0, 0.0, 0.0]  Order: [11.62, 11.48, 11.48] Demand: [11.72]

Eval average reward:  -24.233583333333332  Eval ordering fluctuation measurement (downstream to upstream):  [0.757576991087449, 1.0760647727566923, 1.211232197794166]

 Algo happo Exp ippo_seed13_formal_v1 updates 570/3000 episodes, total num timesteps 571000/3000000, FPS 118.

Reward for thread 1: [-25.66, -23.25, -24.47] -24.46  Inventory: [0.0, 0.0, 0.0]  Order: [10.84, 10.81, 10.64] Demand: [10.85]
Reward for thread 2: [-20.87, -28.67, -31.94] -27.16  Inventory: [0.0, 0.0, 2.0]  Order: [4.86, 4.67, 4.62] Demand: [4.925]
Reward for thread 3: [-11.27, -19.2, -23.42] -17.96  Inventory: [3.0, 29.0, 28.0]  Order: [2.61, 2.5, 2.4] Demand: [2.83]
Reward for thread 4: [-18.39, -21.96, -23.08] -21.14  Inventory: [31.0, 61.0, 73.0]  Order: [10.7, 10.8, 10.92] Demand: [10.76]
Reward for thread 5: [-9.6, -16.09, -18.26] -14.65  Inventory: [6.0, 18.0, 27.0]  Order: [2.9, 2.74, 2.63] Demand: [3.1]

 Algo happo Exp ippo_seed13_formal_v1 updates 571/3000 episodes, total num timesteps 572000/3000000, FPS 118.

Reward for thread 1: [-17.56, -23.52, -23.57] -21.55  Inventory: [7.0, 35.0, 54.0]  Order: [10.5, 10.46, 10.58] Demand: [10.605]
Reward for thread 2: [-43.71, -26.19, -27.94] -32.61  Inventory: [2.0, 0.0, 17.0]  Order: [10.72, 10.6, 10.6] Demand: [10.87]
Reward for thread 3: [-15.55, -21.75, -20.75] -19.35  Inventory: [0.0, 0.0, 0.0]  Order: [10.7, 10.69, 10.69] Demand: [10.685]
Reward for thread 4: [-22.41, -32.68, -30.75] -28.61  Inventory: [0.0, 0.0, 0.0]  Order: [6.92, 7.03, 7.04] Demand: [6.78]
Reward for thread 5: [-80.42, -30.5, -32.92] -47.95  Inventory: [0.0, 0.0, 0.0]  Order: [15.24, 15.36, 15.38] Demand: [15.205]

 Algo happo Exp ippo_seed13_formal_v1 updates 572/3000 episodes, total num timesteps 573000/3000000, FPS 118.

Reward for thread 1: [-75.87, -36.02, -36.85] -49.58  Inventory: [2.0, 10.0, 31.0]  Order: [13.5, 13.32, 13.32] Demand: [13.575]
Reward for thread 2: [-27.79, -25.83, -23.08] -25.57  Inventory: [0.0, 0.0, 0.0]  Order: [12.52, 12.6, 12.62] Demand: [12.755]
Reward for thread 3: [-14.22, -21.33, -23.72] -19.76  Inventory: [0.0, 12.0, 25.0]  Order: [5.97, 5.84, 5.72] Demand: [6.115]
Reward for thread 4: [-15.4, -22.36, -23.69] -20.48  Inventory: [21.0, 49.0, 47.0]  Order: [8.49, 8.54, 8.6] Demand: [8.595]
Reward for thread 5: [-13.27, -18.94, -23.38] -18.53  Inventory: [3.0, 0.0, 24.0]  Order: [4.35, 4.16, 4.07] Demand: [4.51]

 Algo happo Exp ippo_seed13_formal_v1 updates 573/3000 episodes, total num timesteps 574000/3000000, FPS 118.

Reward for thread 1: [-13.19, -20.15, -22.82] -18.72  Inventory: [0.0, 0.0, 33.0]  Order: [5.85, 5.68, 5.6] Demand: [5.94]
Reward for thread 2: [-11.18, -16.92, -18.04] -15.38  Inventory: [0.0, 0.0, 0.0]  Order: [4.92, 4.76, 4.58] Demand: [5.005]
Reward for thread 3: [-10.64, -15.42, -19.64] -15.23  Inventory: [2.0, 2.0, 17.0]  Order: [4.91, 4.75, 4.6] Demand: [5.1]
Reward for thread 4: [-10.72, -14.16, -19.24] -14.71  Inventory: [6.0, 11.0, 12.0]  Order: [3.98, 3.82, 3.62] Demand: [4.165]
Reward for thread 5: [-15.01, -19.78, -21.81] -18.87  Inventory: [13.0, 36.0, 44.0]  Order: [6.26, 6.22, 6.2] Demand: [6.395]

 Algo happo Exp ippo_seed13_formal_v1 updates 574/3000 episodes, total num timesteps 575000/3000000, FPS 118.

Reward for thread 1: [-20.35, -25.02, -24.22] -23.2  Inventory: [0.0, 12.0, 27.0]  Order: [9.48, 9.4, 9.29] Demand: [9.52]
Reward for thread 2: [-11.85, -20.54, -20.72] -17.7  Inventory: [2.0, 9.0, 29.0]  Order: [3.32, 3.24, 3.24] Demand: [3.515]
Reward for thread 3: [-39.01, -27.91, -25.99] -30.97  Inventory: [9.0, 3.0, 0.0]  Order: [12.82, 12.74, 12.69] Demand: [12.905]
Reward for thread 4: [-31.08, -31.79, -28.26] -30.38  Inventory: [0.0, 0.0, 0.0]  Order: [12.84, 12.8, 12.84] Demand: [12.7]
Reward for thread 5: [-67.03, -43.75, -35.47] -48.75  Inventory: [25.0, 90.0, 48.0]  Order: [14.88, 15.1, 15.1] Demand: [14.98]

Eval average reward:  -23.08175  Eval ordering fluctuation measurement (downstream to upstream):  [0.7274246971179473, 1.0513894959681924, 1.2155262314733861]
A better model is saved!

 Algo happo Exp ippo_seed13_formal_v1 updates 575/3000 episodes, total num timesteps 576000/3000000, FPS 118.

Reward for thread 1: [-39.24, -28.83, -26.16] -31.41  Inventory: [0.0, 3.0, 5.0]  Order: [14.0, 14.09, 14.04] Demand: [13.98]
Reward for thread 2: [-13.72, -16.32, -19.66] -16.57  Inventory: [0.0, 0.0, 0.0]  Order: [7.31, 7.38, 7.4] Demand: [7.36]
Reward for thread 3: [-32.41, -29.85, -25.34] -29.2  Inventory: [0.0, 0.0, 0.0]  Order: [11.26, 11.26, 11.26] Demand: [11.665]
Reward for thread 4: [-12.37, -18.74, -21.96] -17.69  Inventory: [5.0, 7.0, 0.0]  Order: [6.28, 6.22, 6.12] Demand: [6.495]
Reward for thread 5: [-13.24, -22.0, -19.59] -18.28  Inventory: [16.0, 35.0, 18.0]  Order: [2.12, 2.06, 1.9] Demand: [2.285]

 Algo happo Exp ippo_seed13_formal_v1 updates 576/3000 episodes, total num timesteps 577000/3000000, FPS 118.

Reward for thread 1: [-16.23, -19.73, -21.56] -19.17  Inventory: [6.0, 5.0, 0.0]  Order: [8.87, 8.85, 8.82] Demand: [9.03]
Reward for thread 2: [-14.1, -18.78, -21.3] -18.06  Inventory: [0.0, 0.0, 0.0]  Order: [9.78, 9.7, 9.57] Demand: [9.78]
Reward for thread 3: [-46.66, -27.86, -27.25] -33.92  Inventory: [0.0, 0.0, 28.0]  Order: [13.26, 13.24, 13.28] Demand: [13.175]
Reward for thread 4: [-22.04, -28.61, -24.84] -25.16  Inventory: [2.0, 24.0, 37.0]  Order: [11.5, 11.45, 11.39] Demand: [11.595]
Reward for thread 5: [-114.61, -47.0, -48.76] -70.12  Inventory: [542.0, 12.0, 23.0]  Order: [6.86, 6.84, 6.76] Demand: [4.245]

 Algo happo Exp ippo_seed13_formal_v1 updates 577/3000 episodes, total num timesteps 578000/3000000, FPS 118.

Reward for thread 1: [-30.95, -28.75, -22.66] -27.45  Inventory: [0.0, 0.0, 0.0]  Order: [14.08, 14.09, 14.19] Demand: [14.23]
Reward for thread 2: [-16.47, -18.75, -23.42] -19.55  Inventory: [7.0, 5.0, 0.0]  Order: [7.8, 7.94, 7.96] Demand: [7.65]
Reward for thread 3: [-20.2, -20.81, -21.61] -20.87  Inventory: [0.0, 14.0, 0.0]  Order: [11.71, 11.86, 11.86] Demand: [12.185]
Reward for thread 4: [-28.4, -30.63, -21.81] -26.95  Inventory: [13.0, 28.0, 31.0]  Order: [11.54, 11.44, 11.34] Demand: [11.695]
Reward for thread 5: [-92.63, -52.88, -41.93] -62.48  Inventory: [0.0, 0.0, 0.0]  Order: [13.66, 13.39, 13.42] Demand: [14.74]

 Algo happo Exp ippo_seed13_formal_v1 updates 578/3000 episodes, total num timesteps 579000/3000000, FPS 118.

Reward for thread 1: [-11.82, -19.04, -19.8] -16.89  Inventory: [0.0, 35.0, 25.0]  Order: [5.04, 4.96, 4.84] Demand: [5.22]
Reward for thread 2: [-15.5, -21.3, -21.23] -19.34  Inventory: [14.0, 0.0, 0.0]  Order: [4.57, 4.51, 4.56] Demand: [4.665]
Reward for thread 3: [-10.27, -15.94, -17.12] -14.44  Inventory: [0.0, 5.0, 22.0]  Order: [4.49, 4.37, 4.26] Demand: [4.615]
Reward for thread 4: [-19.8, -24.65, -20.81] -21.75  Inventory: [0.0, 20.0, 12.0]  Order: [11.33, 11.45, 11.47] Demand: [11.34]
Reward for thread 5: [-12.35, -18.72, -17.99] -16.35  Inventory: [5.0, 21.0, 38.0]  Order: [6.6, 6.46, 6.4] Demand: [6.745]

 Algo happo Exp ippo_seed13_formal_v1 updates 579/3000 episodes, total num timesteps 580000/3000000, FPS 118.

Reward for thread 1: [-21.75, -22.98, -22.16] -22.3  Inventory: [0.0, 0.0, 0.0]  Order: [9.06, 9.09, 9.1] Demand: [9.11]
Reward for thread 2: [-14.18, -18.05, -18.8] -17.01  Inventory: [16.0, 40.0, 24.0]  Order: [7.42, 7.6, 7.68] Demand: [7.405]
Reward for thread 3: [-10.34, -14.66, -20.37] -15.12  Inventory: [3.0, 0.0, 0.0]  Order: [2.55, 2.38, 2.14] Demand: [2.68]
Reward for thread 4: [-14.65, -19.43, -19.07] -17.72  Inventory: [11.0, 33.0, 0.0]  Order: [11.31, 11.36, 11.3] Demand: [11.415]
Reward for thread 5: [-15.47, -20.62, -28.06] -21.38  Inventory: [0.0, 0.0, 0.0]  Order: [7.26, 7.16, 6.98] Demand: [7.305]

Eval average reward:  -23.35575  Eval ordering fluctuation measurement (downstream to upstream):  [0.694238757186431, 1.051259480514712, 1.2262212218912865]

 Algo happo Exp ippo_seed13_formal_v1 updates 580/3000 episodes, total num timesteps 581000/3000000, FPS 118.

Reward for thread 1: [-17.02, -22.26, -23.56] -20.95  Inventory: [17.0, 74.0, 61.0]  Order: [9.98, 10.2, 10.34] Demand: [9.98]
Reward for thread 2: [-21.03, -26.26, -25.06] -24.12  Inventory: [10.0, 40.0, 43.0]  Order: [8.28, 8.26, 8.24] Demand: [8.335]
Reward for thread 3: [-54.79, -37.01, -34.16] -41.99  Inventory: [8.0, 29.0, 49.0]  Order: [13.01, 13.04, 13.08] Demand: [13.045]
Reward for thread 4: [-15.87, -20.76, -23.89] -20.17  Inventory: [3.0, 21.0, 32.0]  Order: [7.3, 7.26, 7.26] Demand: [7.385]
Reward for thread 5: [-54.88, -27.85, -29.49] -37.41  Inventory: [2.0, 9.0, 0.0]  Order: [11.64, 11.58, 11.5] Demand: [11.755]

 Algo happo Exp ippo_seed13_formal_v1 updates 581/3000 episodes, total num timesteps 582000/3000000, FPS 118.

Reward for thread 1: [-16.33, -23.12, -24.29] -21.25  Inventory: [2.0, 51.0, 67.0]  Order: [8.66, 8.7, 8.79] Demand: [8.78]
Reward for thread 2: [-18.21, -24.99, -25.01] -22.74  Inventory: [41.0, 12.0, 38.0]  Order: [5.88, 5.88, 5.83] Demand: [5.835]
Reward for thread 3: [-13.15, -17.5, -18.57] -16.41  Inventory: [17.0, 28.0, 82.0]  Order: [6.82, 6.74, 6.92] Demand: [6.89]
Reward for thread 4: [-13.5, -19.27, -22.16] -18.31  Inventory: [7.0, 13.0, 20.0]  Order: [6.57, 6.4, 6.25] Demand: [6.755]
Reward for thread 5: [-23.21, -26.36, -26.17] -25.25  Inventory: [8.0, 17.0, 18.0]  Order: [8.58, 8.44, 8.28] Demand: [8.765]

 Algo happo Exp ippo_seed13_formal_v1 updates 582/3000 episodes, total num timesteps 583000/3000000, FPS 118.

Reward for thread 1: [-12.86, -19.77, -21.21] -17.95  Inventory: [2.0, 31.0, 49.0]  Order: [3.84, 3.76, 3.76] Demand: [4.025]
Reward for thread 2: [-14.22, -20.49, -22.29] -19.0  Inventory: [3.0, 0.0, 0.0]  Order: [7.06, 7.24, 7.12] Demand: [6.96]
Reward for thread 3: [-15.5, -20.19, -24.33] -20.01  Inventory: [2.0, 10.0, 28.0]  Order: [6.7, 6.52, 6.42] Demand: [6.88]
Reward for thread 4: [-17.64, -23.52, -24.86] -22.01  Inventory: [5.0, 14.0, 58.0]  Order: [8.97, 8.85, 8.88] Demand: [9.065]
Reward for thread 5: [-15.77, -20.08, -20.0] -18.62  Inventory: [0.0, 8.0, 35.0]  Order: [9.6, 9.44, 9.36] Demand: [9.73]

 Algo happo Exp ippo_seed13_formal_v1 updates 583/3000 episodes, total num timesteps 584000/3000000, FPS 118.

Reward for thread 1: [-49.47, -29.24, -26.73] -35.15  Inventory: [0.0, 0.0, 0.0]  Order: [15.53, 15.47, 15.46] Demand: [16.085]
Reward for thread 2: [-114.0, -49.21, -43.87] -69.03  Inventory: [0.0, 0.0, 0.0]  Order: [15.26, 15.44, 15.44] Demand: [15.21]
Reward for thread 3: [-36.4, -23.19, -22.85] -27.48  Inventory: [0.0, 0.0, 0.0]  Order: [11.92, 11.96, 11.97] Demand: [12.815]
Reward for thread 4: [-13.92, -19.96, -18.44] -17.44  Inventory: [19.0, 45.0, 12.0]  Order: [2.28, 2.27, 2.09] Demand: [2.415]
Reward for thread 5: [-49.66, -23.89, -25.8] -33.12  Inventory: [0.0, 4.0, 0.0]  Order: [15.0, 15.24, 15.28] Demand: [15.31]

 Algo happo Exp ippo_seed13_formal_v1 updates 584/3000 episodes, total num timesteps 585000/3000000, FPS 118.

Reward for thread 1: [-18.11, -26.34, -25.15] -23.2  Inventory: [4.0, 1.0, 0.0]  Order: [6.82, 6.88, 6.64] Demand: [6.96]
Reward for thread 2: [-15.73, -24.69, -27.46] -22.63  Inventory: [7.0, 40.0, 31.0]  Order: [6.24, 6.2, 6.11] Demand: [6.43]
Reward for thread 3: [-21.86, -26.7, -25.41] -24.66  Inventory: [0.0, 4.0, 0.0]  Order: [10.81, 10.96, 10.98] Demand: [10.815]
Reward for thread 4: [-15.02, -20.04, -24.19] -19.75  Inventory: [4.0, 24.0, 19.0]  Order: [1.4, 1.27, 1.12] Demand: [1.615]
Reward for thread 5: [-25.63, -27.21, -23.3] -25.38  Inventory: [16.0, 18.0, 56.0]  Order: [10.15, 10.0, 10.04] Demand: [10.28]

Eval average reward:  -23.354  Eval ordering fluctuation measurement (downstream to upstream):  [0.6220747808890298, 0.9673954802181107, 1.1754965278683784]

 Algo happo Exp ippo_seed13_formal_v1 updates 585/3000 episodes, total num timesteps 586000/3000000, FPS 118.

Reward for thread 1: [-36.34, -24.35, -26.15] -28.95  Inventory: [0.0, 8.0, 0.0]  Order: [13.27, 13.52, 13.5] Demand: [13.97]
Reward for thread 2: [-16.09, -21.17, -22.41] -19.89  Inventory: [0.0, 0.0, 6.0]  Order: [8.47, 8.41, 8.39] Demand: [8.53]
Reward for thread 3: [-15.04, -21.6, -23.41] -20.02  Inventory: [10.0, 24.0, 0.0]  Order: [5.16, 5.1, 4.94] Demand: [5.265]
Reward for thread 4: [-13.89, -20.68, -24.28] -19.62  Inventory: [7.0, 12.0, 21.0]  Order: [4.34, 4.16, 4.01] Demand: [4.52]
Reward for thread 5: [-13.87, -19.51, -21.54] -18.31  Inventory: [2.0, 19.0, 16.0]  Order: [5.18, 5.05, 4.88] Demand: [5.385]

 Algo happo Exp ippo_seed13_formal_v1 updates 586/3000 episodes, total num timesteps 587000/3000000, FPS 118.

Reward for thread 1: [-40.91, -30.55, -29.99] -33.82  Inventory: [0.0, 0.0, 0.0]  Order: [13.36, 13.34, 13.26] Demand: [13.33]
Reward for thread 2: [-19.01, -22.57, -26.88] -22.82  Inventory: [0.0, 12.0, 22.0]  Order: [5.4, 5.28, 5.2] Demand: [5.56]
Reward for thread 3: [-10.27, -15.62, -17.22] -14.37  Inventory: [0.0, 0.0, 0.0]  Order: [4.74, 4.64, 4.58] Demand: [4.805]
Reward for thread 4: [-21.99, -21.34, -21.7] -21.68  Inventory: [0.0, 0.0, 0.0]  Order: [9.96, 10.02, 10.1] Demand: [10.33]
Reward for thread 5: [-11.98, -18.15, -17.82] -15.98  Inventory: [6.0, 29.0, 8.0]  Order: [1.5, 1.4, 1.2] Demand: [1.68]

 Algo happo Exp ippo_seed13_formal_v1 updates 587/3000 episodes, total num timesteps 588000/3000000, FPS 118.

Reward for thread 1: [-14.09, -20.33, -23.34] -19.25  Inventory: [0.0, 0.0, 2.0]  Order: [5.22, 5.17, 5.16] Demand: [5.345]
Reward for thread 2: [-15.97, -20.32, -26.98] -21.09  Inventory: [2.0, 19.0, 0.0]  Order: [5.6, 5.49, 5.3] Demand: [5.815]
Reward for thread 3: [-10.52, -15.96, -18.99] -15.16  Inventory: [6.0, 16.0, 0.0]  Order: [4.5, 4.4, 4.27] Demand: [4.655]
Reward for thread 4: [-14.21, -19.69, -20.42] -18.11  Inventory: [0.0, 32.0, 0.0]  Order: [8.56, 8.76, 8.86] Demand: [8.64]
Reward for thread 5: [-27.09, -33.27, -29.06] -29.81  Inventory: [0.0, 0.0, 0.0]  Order: [12.72, 12.7, 12.57] Demand: [12.59]

 Algo happo Exp ippo_seed13_formal_v1 updates 588/3000 episodes, total num timesteps 589000/3000000, FPS 118.

Reward for thread 1: [-18.2, -19.94, -22.64] -20.26  Inventory: [1.0, 24.0, 28.0]  Order: [8.34, 8.23, 8.12] Demand: [8.48]
Reward for thread 2: [-23.46, -28.61, -24.54] -25.54  Inventory: [6.0, 0.0, 20.0]  Order: [9.64, 9.48, 9.36] Demand: [9.705]
Reward for thread 3: [-31.27, -29.65, -28.5] -29.81  Inventory: [0.0, 0.0, 0.0]  Order: [8.96, 8.71, 8.68] Demand: [9.45]
Reward for thread 4: [-12.26, -19.3, -22.9] -18.15  Inventory: [0.0, 0.0, 0.0]  Order: [5.33, 5.43, 5.22] Demand: [5.42]
Reward for thread 5: [-10.53, -15.53, -19.83] -15.3  Inventory: [1.0, 11.0, 45.0]  Order: [4.96, 4.8, 4.78] Demand: [5.09]

 Algo happo Exp ippo_seed13_formal_v1 updates 589/3000 episodes, total num timesteps 590000/3000000, FPS 118.

Reward for thread 1: [-16.48, -19.47, -21.67] -19.21  Inventory: [0.0, 0.0, 0.0]  Order: [9.26, 9.3, 9.24] Demand: [9.35]
Reward for thread 2: [-13.15, -20.13, -22.25] -18.51  Inventory: [1.0, 22.0, 28.0]  Order: [7.14, 7.02, 6.92] Demand: [7.3]
Reward for thread 3: [-12.72, -18.71, -19.94] -17.12  Inventory: [25.0, 31.0, 17.0]  Order: [7.45, 7.52, 7.6] Demand: [7.515]
Reward for thread 4: [-35.86, -31.21, -28.42] -31.83  Inventory: [4.0, 35.0, 51.0]  Order: [10.92, 10.89, 10.9] Demand: [11.005]
Reward for thread 5: [-25.08, -33.28, -24.97] -27.78  Inventory: [0.0, 0.0, 0.0]  Order: [10.11, 9.81, 9.8] Demand: [9.885]

Eval average reward:  -22.547666666666665  Eval ordering fluctuation measurement (downstream to upstream):  [0.6838343497977409, 0.9351012966019704, 1.184964302416693]
A better model is saved!

 Algo happo Exp ippo_seed13_formal_v1 updates 590/3000 episodes, total num timesteps 591000/3000000, FPS 118.

Reward for thread 1: [-10.84, -17.57, -21.44] -16.62  Inventory: [12.0, 17.0, 31.0]  Order: [4.2, 4.05, 3.96] Demand: [4.39]
Reward for thread 2: [-19.65, -22.76, -24.28] -22.23  Inventory: [0.0, 0.0, 0.0]  Order: [9.56, 9.78, 9.8] Demand: [9.56]
Reward for thread 3: [-9.78, -17.7, -16.45] -14.64  Inventory: [3.0, 36.0, 10.0]  Order: [2.81, 2.76, 2.56] Demand: [3.04]
Reward for thread 4: [-47.01, -39.27, -34.05] -40.11  Inventory: [6.0, 23.0, 3.0]  Order: [13.7, 13.58, 13.44] Demand: [13.83]
Reward for thread 5: [-46.07, -28.42, -27.38] -33.96  Inventory: [0.0, 0.0, 0.0]  Order: [15.14, 15.29, 15.3] Demand: [15.765]

 Algo happo Exp ippo_seed13_formal_v1 updates 591/3000 episodes, total num timesteps 592000/3000000, FPS 118.

Reward for thread 1: [-104.7, -42.28, -41.74] -62.91  Inventory: [585.0, 0.0, 15.0]  Order: [7.86, 7.77, 7.76] Demand: [4.715]
Reward for thread 2: [-8.26, -15.33, -14.15] -12.58  Inventory: [0.0, 12.0, 9.0]  Order: [3.1, 2.95, 2.8] Demand: [3.295]
Reward for thread 3: [-25.88, -28.79, -26.56] -27.08  Inventory: [14.0, 51.0, 23.0]  Order: [8.04, 8.06, 7.93] Demand: [8.22]
Reward for thread 4: [-122.54, -56.64, -50.02] -76.4  Inventory: [0.0, 0.0, 0.0]  Order: [16.1, 16.26, 16.27] Demand: [17.17]
Reward for thread 5: [-14.82, -22.68, -21.63] -19.71  Inventory: [3.0, 16.0, 16.0]  Order: [7.39, 7.24, 7.07] Demand: [7.625]

 Algo happo Exp ippo_seed13_formal_v1 updates 592/3000 episodes, total num timesteps 593000/3000000, FPS 118.

Reward for thread 1: [-11.23, -20.06, -18.95] -16.75  Inventory: [5.0, 14.0, 13.0]  Order: [3.24, 3.07, 2.88] Demand: [3.455]
Reward for thread 2: [-12.9, -21.36, -18.02] -17.43  Inventory: [3.0, 21.0, 27.0]  Order: [3.15, 3.02, 2.91] Demand: [3.375]
Reward for thread 3: [-94.48, -35.3, -37.75] -55.84  Inventory: [0.0, 0.0, 0.0]  Order: [15.34, 15.37, 15.4] Demand: [16.805]
Reward for thread 4: [-11.34, -16.75, -19.92] -16.0  Inventory: [8.0, 18.0, 13.0]  Order: [5.06, 4.92, 4.73] Demand: [5.265]
Reward for thread 5: [-37.62, -24.92, -25.03] -29.19  Inventory: [0.0, 9.0, 0.0]  Order: [10.7, 10.84, 10.92] Demand: [11.33]

 Algo happo Exp ippo_seed13_formal_v1 updates 593/3000 episodes, total num timesteps 594000/3000000, FPS 118.

Reward for thread 1: [-20.11, -22.97, -22.35] -21.81  Inventory: [0.0, 0.0, 0.0]  Order: [7.69, 7.66, 7.62] Demand: [7.615]
Reward for thread 2: [-25.7, -21.16, -24.82] -23.89  Inventory: [0.0, 11.0, 30.0]  Order: [8.85, 8.68, 8.6] Demand: [8.995]
Reward for thread 3: [-19.43, -24.35, -21.13] -21.64  Inventory: [1.0, 23.0, 32.0]  Order: [7.78, 7.74, 7.69] Demand: [7.885]
Reward for thread 4: [-10.31, -17.81, -17.63] -15.25  Inventory: [2.0, 19.0, 15.0]  Order: [2.9, 2.76, 2.58] Demand: [3.13]
Reward for thread 5: [-11.36, -17.2, -19.3] -15.95  Inventory: [2.0, 22.0, 30.0]  Order: [5.62, 5.5, 5.4] Demand: [5.805]

 Algo happo Exp ippo_seed13_formal_v1 updates 594/3000 episodes, total num timesteps 595000/3000000, FPS 118.

Reward for thread 1: [-20.1, -27.88, -26.39] -24.79  Inventory: [2.0, 15.0, 8.0]  Order: [6.76, 6.6, 6.42] Demand: [6.95]
Reward for thread 2: [-15.72, -21.67, -21.65] -19.68  Inventory: [4.0, 9.0, 16.0]  Order: [5.9, 5.86, 5.82] Demand: [6.055]
Reward for thread 3: [-10.06, -15.76, -15.14] -13.65  Inventory: [11.0, 19.0, 12.0]  Order: [4.13, 3.99, 3.81] Demand: [4.32]
Reward for thread 4: [-19.96, -23.7, -20.55] -21.4  Inventory: [0.0, 0.0, 0.0]  Order: [12.56, 12.69, 12.66] Demand: [12.555]
Reward for thread 5: [-9.05, -14.6, -16.41] -13.35  Inventory: [0.0, 0.0, 0.0]  Order: [4.03, 3.96, 3.86] Demand: [4.12]

Eval average reward:  -21.713083333333337  Eval ordering fluctuation measurement (downstream to upstream):  [0.6876182264194372, 0.8792242496668132, 1.1528838298723274]
A better model is saved!

 Algo happo Exp ippo_seed13_formal_v1 updates 595/3000 episodes, total num timesteps 596000/3000000, FPS 118.

Reward for thread 1: [-45.9, -32.34, -27.64] -35.29  Inventory: [0.0, 0.0, 0.0]  Order: [13.98, 13.92, 13.94] Demand: [14.05]
Reward for thread 2: [-32.3, -29.18, -26.63] -29.37  Inventory: [0.0, 3.0, 26.0]  Order: [12.53, 12.56, 12.62] Demand: [12.49]
Reward for thread 3: [-21.38, -26.35, -23.61] -23.78  Inventory: [0.0, 16.0, 26.0]  Order: [9.34, 9.28, 9.26] Demand: [9.465]
Reward for thread 4: [-19.85, -25.55, -26.36] -23.92  Inventory: [5.0, 47.0, 62.0]  Order: [9.22, 9.28, 9.34] Demand: [9.29]
Reward for thread 5: [-32.76, -24.64, -23.42] -26.94  Inventory: [4.0, 24.0, 51.0]  Order: [11.56, 11.44, 11.48] Demand: [11.705]

 Algo happo Exp ippo_seed13_formal_v1 updates 596/3000 episodes, total num timesteps 597000/3000000, FPS 118.

Reward for thread 1: [-17.96, -26.44, -22.71] -22.37  Inventory: [0.0, 0.0, 0.0]  Order: [10.52, 10.6, 10.57] Demand: [10.475]
Reward for thread 2: [-15.62, -20.95, -23.25] -19.94  Inventory: [0.0, 3.0, 4.0]  Order: [7.84, 7.68, 7.54] Demand: [8.065]
Reward for thread 3: [-53.33, -39.96, -29.95] -41.08  Inventory: [0.0, 0.0, 0.0]  Order: [12.45, 12.34, 12.38] Demand: [13.205]
Reward for thread 4: [-49.81, -43.22, -31.73] -41.59  Inventory: [0.0, 0.0, 0.0]  Order: [12.45, 12.22, 12.23] Demand: [12.905]
Reward for thread 5: [-10.05, -14.79, -16.94] -13.93  Inventory: [0.0, 0.0, 0.0]  Order: [6.8, 6.78, 6.62] Demand: [6.89]

 Algo happo Exp ippo_seed13_formal_v1 updates 597/3000 episodes, total num timesteps 598000/3000000, FPS 118.

Reward for thread 1: [-12.31, -19.33, -21.22] -17.62  Inventory: [4.0, 25.0, 24.0]  Order: [5.85, 5.74, 5.64] Demand: [6.]
Reward for thread 2: [-104.43, -51.09, -43.28] -66.27  Inventory: [0.0, 0.0, 0.0]  Order: [15.3, 15.31, 15.32] Demand: [16.89]
Reward for thread 3: [-11.36, -17.4, -18.68] -15.81  Inventory: [9.0, 17.0, 23.0]  Order: [7.07, 6.94, 6.8] Demand: [7.23]
Reward for thread 4: [-66.23, -55.85, -36.35] -52.81  Inventory: [0.0, 0.0, 0.0]  Order: [15.04, 14.82, 14.79] Demand: [15.65]
Reward for thread 5: [-16.91, -22.91, -21.59] -20.47  Inventory: [6.0, 32.0, 29.0]  Order: [9.66, 9.58, 9.48] Demand: [9.825]

 Algo happo Exp ippo_seed13_formal_v1 updates 598/3000 episodes, total num timesteps 599000/3000000, FPS 118.

Reward for thread 1: [-51.33, -37.54, -31.2] -40.02  Inventory: [0.0, 0.0, 0.0]  Order: [11.7, 11.68, 11.64] Demand: [12.42]
Reward for thread 2: [-16.59, -23.22, -24.82] -21.54  Inventory: [0.0, 51.0, 40.0]  Order: [6.61, 6.68, 6.68] Demand: [6.68]
Reward for thread 3: [-58.63, -45.81, -37.13] -47.19  Inventory: [0.0, 0.0, 0.0]  Order: [14.05, 13.88, 13.92] Demand: [14.855]
Reward for thread 4: [-10.66, -15.86, -18.05] -14.86  Inventory: [0.0, 30.0, 59.0]  Order: [11.12, 11.12, 11.22] Demand: [11.27]
Reward for thread 5: [-18.08, -19.37, -22.44] -19.96  Inventory: [1.0, 14.0, 0.0]  Order: [5.26, 5.32, 5.2] Demand: [5.3]

 Algo happo Exp ippo_seed13_formal_v1 updates 599/3000 episodes, total num timesteps 600000/3000000, FPS 118.

Reward for thread 1: [-37.16, -25.69, -24.32] -29.06  Inventory: [0.0, 0.0, 0.0]  Order: [14.32, 14.44, 14.48] Demand: [14.26]
Reward for thread 2: [-9.97, -15.16, -17.66] -14.26  Inventory: [2.0, 0.0, 26.0]  Order: [5.35, 5.24, 5.2] Demand: [5.44]
Reward for thread 3: [-20.71, -24.58, -21.17] -22.15  Inventory: [13.0, 13.0, 11.0]  Order: [10.06, 10.09, 10.16] Demand: [9.995]
Reward for thread 4: [-52.82, -36.23, -30.29] -39.78  Inventory: [0.0, 0.0, 0.0]  Order: [15.26, 15.36, 15.38] Demand: [15.9]
Reward for thread 5: [-9.51, -13.48, -17.05] -13.35  Inventory: [2.0, 17.0, 40.0]  Order: [5.3, 5.16, 5.12] Demand: [5.48]

Eval average reward:  -23.0875  Eval ordering fluctuation measurement (downstream to upstream):  [0.7351568699984736, 0.926131278936959, 1.206907801073467]

 Algo happo Exp ippo_seed13_formal_v1 updates 600/3000 episodes, total num timesteps 601000/3000000, FPS 118.

Reward for thread 1: [-20.27, -23.45, -23.35] -22.36  Inventory: [36.0, 22.0, 25.0]  Order: [8.41, 8.28, 8.16] Demand: [8.45]
Reward for thread 2: [-19.23, -28.2, -24.75] -24.06  Inventory: [34.0, 0.0, 32.0]  Order: [10.18, 10.11, 10.2] Demand: [9.82]
Reward for thread 3: [-12.06, -18.57, -20.5] -17.04  Inventory: [6.0, 14.0, 0.0]  Order: [4.93, 4.9, 4.83] Demand: [5.07]
Reward for thread 4: [-40.83, -36.68, -31.3] -36.27  Inventory: [0.0, 0.0, 0.0]  Order: [11.33, 11.32, 11.32] Demand: [11.81]
Reward for thread 5: [-19.02, -27.68, -24.39] -23.7  Inventory: [1.0, 0.0, 11.0]  Order: [7.56, 7.23, 7.26] Demand: [7.12]

 Algo happo Exp ippo_seed13_formal_v1 updates 601/3000 episodes, total num timesteps 602000/3000000, FPS 118.

Reward for thread 1: [-12.23, -18.62, -19.56] -16.8  Inventory: [4.0, 39.0, 55.0]  Order: [5.36, 5.33, 5.38] Demand: [5.56]
Reward for thread 2: [-44.78, -27.38, -28.11] -33.42  Inventory: [0.0, 0.0, 0.0]  Order: [15.14, 15.02, 15.02] Demand: [15.755]
Reward for thread 3: [-13.1, -17.92, -19.49] -16.84  Inventory: [0.0, 0.0, 0.0]  Order: [8.87, 8.9, 8.9] Demand: [8.81]
Reward for thread 4: [-101.44, -82.74, -45.64] -76.61  Inventory: [0.0, 0.0, 0.0]  Order: [16.58, 15.78, 15.86] Demand: [15.965]
Reward for thread 5: [-59.35, -44.72, -33.43] -45.83  Inventory: [0.0, 0.0, 0.0]  Order: [11.79, 11.44, 11.5] Demand: [12.075]

 Algo happo Exp ippo_seed13_formal_v1 updates 602/3000 episodes, total num timesteps 603000/3000000, FPS 118.

Reward for thread 1: [-40.67, -27.1, -26.45] -31.41  Inventory: [0.0, 3.0, 0.0]  Order: [16.14, 16.34, 16.42] Demand: [16.595]
Reward for thread 2: [-9.56, -19.85, -17.05] -15.49  Inventory: [0.0, 26.0, 14.0]  Order: [1.96, 1.85, 1.67] Demand: [2.205]
Reward for thread 3: [-9.99, -19.83, -17.68] -15.83  Inventory: [0.0, 13.0, 16.0]  Order: [2.52, 2.35, 2.18] Demand: [2.735]
Reward for thread 4: [-17.14, -24.74, -23.08] -21.65  Inventory: [1.0, 17.0, 14.0]  Order: [7.62, 7.46, 7.31] Demand: [7.815]
Reward for thread 5: [-12.36, -18.08, -18.31] -16.25  Inventory: [0.0, 23.0, 47.0]  Order: [8.77, 8.69, 8.68] Demand: [8.825]

 Algo happo Exp ippo_seed13_formal_v1 updates 603/3000 episodes, total num timesteps 604000/3000000, FPS 118.

Reward for thread 1: [-10.66, -17.34, -19.1] -15.7  Inventory: [0.0, 0.0, 0.0]  Order: [4.12, 4.08, 3.96] Demand: [4.295]
Reward for thread 2: [-53.05, -33.03, -27.68] -37.92  Inventory: [0.0, 0.0, 3.0]  Order: [13.81, 13.72, 13.78] Demand: [14.57]
Reward for thread 3: [-69.44, -58.36, -39.72] -55.84  Inventory: [0.0, 0.0, 0.0]  Order: [14.15, 13.8, 13.78] Demand: [14.635]
Reward for thread 4: [-8.72, -14.56, -16.43] -13.24  Inventory: [0.0, 0.0, 0.0]  Order: [4.24, 4.21, 4.06] Demand: [4.415]
Reward for thread 5: [-15.85, -23.39, -27.75] -22.33  Inventory: [1.0, 2.0, 18.0]  Order: [7.18, 7.02, 6.92] Demand: [7.365]

 Algo happo Exp ippo_seed13_formal_v1 updates 604/3000 episodes, total num timesteps 605000/3000000, FPS 118.

Reward for thread 1: [-10.9, -22.72, -17.6] -17.07  Inventory: [0.0, 8.0, 23.0]  Order: [2.49, 2.38, 2.33] Demand: [2.645]
Reward for thread 2: [-10.35, -16.34, -19.44] -15.38  Inventory: [6.0, 0.0, 13.0]  Order: [6.28, 6.25, 6.26] Demand: [6.255]
Reward for thread 3: [-13.82, -21.08, -20.82] -18.57  Inventory: [7.0, 54.0, 27.0]  Order: [5.49, 5.54, 5.43] Demand: [5.7]
Reward for thread 4: [-41.23, -36.76, -30.61] -36.2  Inventory: [8.0, 44.0, 28.0]  Order: [13.0, 12.98, 13.01] Demand: [13.135]
Reward for thread 5: [-13.25, -20.92, -19.85] -18.01  Inventory: [0.0, 0.0, 0.0]  Order: [10.28, 10.18, 10.12] Demand: [10.33]

Eval average reward:  -24.23275  Eval ordering fluctuation measurement (downstream to upstream):  [0.702953838950003, 0.91550979926569, 1.2016175692093634]

 Algo happo Exp ippo_seed13_formal_v1 updates 605/3000 episodes, total num timesteps 606000/3000000, FPS 118.

Reward for thread 1: [-10.86, -17.49, -20.43] -16.26  Inventory: [0.0, 2.0, 0.0]  Order: [5.3, 5.21, 5.03] Demand: [5.445]
Reward for thread 2: [-7.59, -12.1, -14.21] -11.3  Inventory: [0.0, 0.0, 0.0]  Order: [3.64, 3.5, 3.34] Demand: [3.695]
Reward for thread 3: [-20.44, -27.14, -23.64] -23.74  Inventory: [8.0, 21.0, 27.0]  Order: [6.55, 6.42, 6.38] Demand: [6.725]
Reward for thread 4: [-12.58, -17.9, -18.92] -16.47  Inventory: [8.0, 18.0, 17.0]  Order: [4.89, 4.74, 4.58] Demand: [5.08]
Reward for thread 5: [-15.88, -21.72, -22.81] -20.14  Inventory: [0.0, 0.0, 5.0]  Order: [8.0, 7.74, 7.71] Demand: [8.055]

 Algo happo Exp ippo_seed13_formal_v1 updates 606/3000 episodes, total num timesteps 607000/3000000, FPS 118.

Reward for thread 1: [-47.62, -32.71, -31.52] -37.28  Inventory: [79.0, 21.0, 39.0]  Order: [8.2, 8.09, 8.04] Demand: [7.96]
Reward for thread 2: [-42.4, -27.1, -26.54] -32.01  Inventory: [0.0, 0.0, 0.0]  Order: [10.84, 10.92, 11.0] Demand: [11.805]
Reward for thread 3: [-27.95, -29.32, -24.5] -27.26  Inventory: [0.0, 0.0, 0.0]  Order: [13.24, 13.26, 13.3] Demand: [13.015]
Reward for thread 4: [-20.5, -35.72, -27.07] -27.76  Inventory: [0.0, 0.0, 0.0]  Order: [8.84, 8.46, 8.46] Demand: [8.645]
Reward for thread 5: [-35.06, -30.14, -27.6] -30.93  Inventory: [0.0, 0.0, 0.0]  Order: [12.96, 13.18, 13.16] Demand: [13.335]

 Algo happo Exp ippo_seed13_formal_v1 updates 607/3000 episodes, total num timesteps 608000/3000000, FPS 118.

Reward for thread 1: [-20.89, -20.76, -20.53] -20.73  Inventory: [0.0, 0.0, 0.0]  Order: [9.34, 9.19, 9.21] Demand: [9.715]
Reward for thread 2: [-19.26, -25.48, -22.3] -22.35  Inventory: [2.0, 2.0, 0.0]  Order: [10.41, 10.49, 10.4] Demand: [10.485]
Reward for thread 3: [-26.37, -24.82, -26.18] -25.79  Inventory: [0.0, 0.0, 0.0]  Order: [12.59, 12.89, 12.86] Demand: [12.645]
Reward for thread 4: [-10.76, -16.89, -18.71] -15.45  Inventory: [9.0, 31.0, 29.0]  Order: [5.32, 5.25, 5.14] Demand: [5.485]
Reward for thread 5: [-33.72, -32.17, -28.2] -31.36  Inventory: [0.0, 0.0, 0.0]  Order: [11.38, 11.28, 11.28] Demand: [11.715]

 Algo happo Exp ippo_seed13_formal_v1 updates 608/3000 episodes, total num timesteps 609000/3000000, FPS 118.

Reward for thread 1: [-33.41, -58.23, -31.4] -41.01  Inventory: [0.0, 0.0, 0.0]  Order: [11.44, 10.41, 10.36] Demand: [10.14]
Reward for thread 2: [-12.77, -18.93, -20.07] -17.26  Inventory: [0.0, 0.0, 0.0]  Order: [5.62, 5.49, 5.45] Demand: [5.535]
Reward for thread 3: [-21.14, -25.67, -24.93] -23.91  Inventory: [10.0, 21.0, 24.0]  Order: [5.99, 5.86, 5.74] Demand: [6.18]
Reward for thread 4: [-21.04, -22.33, -23.07] -22.15  Inventory: [7.0, 43.0, 34.0]  Order: [5.48, 5.47, 5.4] Demand: [5.615]
Reward for thread 5: [-12.98, -19.96, -20.8] -17.91  Inventory: [0.0, 16.0, 29.0]  Order: [6.26, 6.1, 6.0] Demand: [6.47]

 Algo happo Exp ippo_seed13_formal_v1 updates 609/3000 episodes, total num timesteps 610000/3000000, FPS 118.

Reward for thread 1: [-14.41, -21.62, -21.2] -19.08  Inventory: [0.0, 0.0, 0.0]  Order: [6.0, 5.83, 5.86] Demand: [6.155]
Reward for thread 2: [-11.12, -18.32, -20.52] -16.65  Inventory: [4.0, 24.0, 17.0]  Order: [4.22, 4.1, 3.94] Demand: [4.445]
Reward for thread 3: [-16.72, -18.87, -20.23] -18.61  Inventory: [0.0, 0.0, 0.0]  Order: [9.79, 9.98, 9.96] Demand: [9.855]
Reward for thread 4: [-14.04, -19.17, -19.65] -17.62  Inventory: [15.0, 14.0, 15.0]  Order: [3.98, 3.8, 3.63] Demand: [4.14]
Reward for thread 5: [-33.91, -27.93, -26.76] -29.53  Inventory: [0.0, 0.0, 0.0]  Order: [15.04, 15.26, 15.26] Demand: [15.54]

Eval average reward:  -22.64675  Eval ordering fluctuation measurement (downstream to upstream):  [0.6868848832216476, 0.9413849040318318, 1.2091054318123065]

 Algo happo Exp ippo_seed13_formal_v1 updates 610/3000 episodes, total num timesteps 611000/3000000, FPS 118.

Reward for thread 1: [-11.16, -17.04, -17.86] -15.35  Inventory: [0.0, 0.0, 0.0]  Order: [5.73, 5.55, 5.47] Demand: [5.78]
Reward for thread 2: [-11.67, -18.02, -21.1] -16.93  Inventory: [0.0, 0.0, 21.0]  Order: [5.94, 5.8, 5.65] Demand: [6.1]
Reward for thread 3: [-16.54, -20.72, -21.52] -19.59  Inventory: [0.0, 0.0, 0.0]  Order: [10.38, 10.31, 10.22] Demand: [10.26]
Reward for thread 4: [-14.61, -21.09, -21.15] -18.95  Inventory: [8.0, 19.0, 15.0]  Order: [4.61, 4.47, 4.32] Demand: [4.815]
Reward for thread 5: [-13.87, -22.16, -21.31] -19.11  Inventory: [0.0, 0.0, 0.0]  Order: [6.68, 6.52, 6.36] Demand: [6.86]

 Algo happo Exp ippo_seed13_formal_v1 updates 611/3000 episodes, total num timesteps 612000/3000000, FPS 118.

Reward for thread 1: [-18.57, -19.64, -20.23] -19.48  Inventory: [21.0, 33.0, 67.0]  Order: [12.62, 12.57, 12.7] Demand: [12.685]
Reward for thread 2: [-14.32, -19.58, -20.49] -18.13  Inventory: [0.0, 0.0, 0.0]  Order: [7.86, 7.88, 7.74] Demand: [8.005]
Reward for thread 3: [-13.57, -18.42, -20.34] -17.44  Inventory: [2.0, 0.0, 1.0]  Order: [5.82, 5.79, 5.76] Demand: [5.925]
Reward for thread 4: [-16.25, -21.21, -22.74] -20.07  Inventory: [15.0, 4.0, 19.0]  Order: [9.46, 9.35, 9.35] Demand: [9.555]
Reward for thread 5: [-18.67, -27.41, -23.2] -23.09  Inventory: [0.0, 0.0, 0.0]  Order: [11.34, 11.4, 11.39] Demand: [11.35]

 Algo happo Exp ippo_seed13_formal_v1 updates 612/3000 episodes, total num timesteps 613000/3000000, FPS 118.

Reward for thread 1: [-25.34, -26.74, -24.35] -25.48  Inventory: [0.0, 0.0, 0.0]  Order: [11.37, 11.22, 11.19] Demand: [11.49]
Reward for thread 2: [-14.44, -21.79, -23.09] -19.77  Inventory: [0.0, 15.0, 28.0]  Order: [6.54, 6.38, 6.28] Demand: [6.735]
Reward for thread 3: [-40.51, -33.27, -31.27] -35.02  Inventory: [156.0, 7.0, 30.0]  Order: [8.6, 8.51, 8.44] Demand: [7.995]
Reward for thread 4: [-23.52, -44.07, -29.08] -32.22  Inventory: [45.0, 0.0, 6.0]  Order: [8.82, 8.67, 8.64] Demand: [8.725]
Reward for thread 5: [-10.71, -15.45, -17.92] -14.69  Inventory: [8.0, 0.0, 15.0]  Order: [5.41, 5.35, 5.36] Demand: [5.5]

 Algo happo Exp ippo_seed13_formal_v1 updates 613/3000 episodes, total num timesteps 614000/3000000, FPS 118.

Reward for thread 1: [-53.05, -29.2, -28.14] -36.8  Inventory: [0.0, 0.0, 0.0]  Order: [12.36, 12.3, 12.27] Demand: [13.525]
Reward for thread 2: [-36.07, -37.33, -26.41] -33.27  Inventory: [5.0, 37.0, 61.0]  Order: [10.58, 10.54, 10.64] Demand: [10.67]
Reward for thread 3: [-69.77, -56.62, -37.36] -54.58  Inventory: [3.0, 66.0, 23.0]  Order: [13.86, 13.96, 13.84] Demand: [14.045]
Reward for thread 4: [-12.76, -17.67, -18.31] -16.25  Inventory: [5.0, 8.0, 0.0]  Order: [9.52, 9.52, 9.44] Demand: [9.565]
Reward for thread 5: [-27.94, -43.74, -26.8] -32.83  Inventory: [0.0, 0.0, 0.0]  Order: [10.33, 9.48, 9.52] Demand: [9.48]

 Algo happo Exp ippo_seed13_formal_v1 updates 614/3000 episodes, total num timesteps 615000/3000000, FPS 118.

Reward for thread 1: [-31.49, -26.56, -26.98] -28.34  Inventory: [5.0, 17.0, 40.0]  Order: [12.76, 12.6, 12.56] Demand: [12.88]
Reward for thread 2: [-71.37, -38.21, -36.84] -48.81  Inventory: [0.0, 0.0, 0.0]  Order: [14.3, 14.55, 14.53] Demand: [15.37]
Reward for thread 3: [-68.54, -32.74, -34.7] -45.33  Inventory: [2.0, 31.0, 34.0]  Order: [15.18, 15.16, 15.08] Demand: [15.205]
Reward for thread 4: [-10.2, -15.78, -16.15] -14.04  Inventory: [0.0, 0.0, 9.0]  Order: [6.68, 6.48, 6.54] Demand: [6.545]
Reward for thread 5: [-12.57, -20.02, -21.31] -17.97  Inventory: [0.0, 18.0, 0.0]  Order: [8.0, 7.98, 7.88] Demand: [8.09]

Eval average reward:  -23.819833333333335  Eval ordering fluctuation measurement (downstream to upstream):  [0.6913877430855278, 0.9347818184842591, 1.202180812991592]

 Algo happo Exp ippo_seed13_formal_v1 updates 615/3000 episodes, total num timesteps 616000/3000000, FPS 118.

Reward for thread 1: [-12.05, -18.36, -19.74] -16.72  Inventory: [4.0, 3.0, 0.0]  Order: [7.23, 7.17, 7.13] Demand: [7.345]
Reward for thread 2: [-33.81, -22.96, -24.96] -27.24  Inventory: [1.0, 0.0, 0.0]  Order: [12.09, 12.06, 12.0] Demand: [12.14]
Reward for thread 3: [-10.59, -17.72, -17.98] -15.43  Inventory: [10.0, 42.0, 17.0]  Order: [6.3, 6.29, 6.14] Demand: [6.48]
Reward for thread 4: [-69.68, -58.58, -37.71] -55.32  Inventory: [108.0, 24.0, 7.0]  Order: [13.2, 13.14, 13.07] Demand: [12.85]
Reward for thread 5: [-47.98, -31.8, -30.62] -36.8  Inventory: [0.0, 7.0, 0.0]  Order: [13.15, 13.42, 13.42] Demand: [13.805]

 Algo happo Exp ippo_seed13_formal_v1 updates 616/3000 episodes, total num timesteps 617000/3000000, FPS 118.

Reward for thread 1: [-30.08, -36.75, -29.06] -31.96  Inventory: [0.0, 0.0, 0.0]  Order: [9.92, 9.28, 9.37] Demand: [9.27]
Reward for thread 2: [-63.35, -45.34, -37.1] -48.6  Inventory: [0.0, 0.0, 0.0]  Order: [13.94, 13.95, 13.87] Demand: [14.02]
Reward for thread 3: [-26.3, -27.69, -25.87] -26.62  Inventory: [0.0, 0.0, 0.0]  Order: [14.38, 14.66, 14.64] Demand: [14.34]
Reward for thread 4: [-10.28, -16.22, -16.41] -14.3  Inventory: [7.0, 28.0, 29.0]  Order: [3.42, 3.32, 3.24] Demand: [3.625]
Reward for thread 5: [-78.82, -36.84, -36.17] -50.61  Inventory: [0.0, 0.0, 0.0]  Order: [14.54, 14.37, 14.44] Demand: [14.415]

 Algo happo Exp ippo_seed13_formal_v1 updates 617/3000 episodes, total num timesteps 618000/3000000, FPS 118.

Reward for thread 1: [-23.93, -25.13, -24.96] -24.67  Inventory: [4.0, 1.0, 6.0]  Order: [10.4, 10.46, 10.52] Demand: [10.495]
Reward for thread 2: [-11.25, -19.83, -18.18] -16.42  Inventory: [12.0, 49.0, 16.0]  Order: [2.7, 2.7, 2.54] Demand: [2.895]
Reward for thread 3: [-11.0, -18.34, -19.66] -16.33  Inventory: [0.0, 10.0, 20.0]  Order: [4.92, 4.76, 4.67] Demand: [5.14]
Reward for thread 4: [-14.42, -20.06, -21.2] -18.56  Inventory: [0.0, 0.0, 0.0]  Order: [9.25, 9.22, 9.16] Demand: [9.265]
Reward for thread 5: [-101.41, -84.16, -48.02] -77.86  Inventory: [0.0, 0.0, 0.0]  Order: [13.79, 12.72, 12.7] Demand: [14.74]

 Algo happo Exp ippo_seed13_formal_v1 updates 618/3000 episodes, total num timesteps 619000/3000000, FPS 118.

Reward for thread 1: [-10.71, -24.68, -17.86] -17.75  Inventory: [0.0, 6.0, 6.0]  Order: [2.5, 2.33, 2.12] Demand: [2.725]
Reward for thread 2: [-53.75, -86.6, -40.04] -60.13  Inventory: [0.0, 0.0, 0.0]  Order: [13.12, 11.66, 11.6] Demand: [12.325]
Reward for thread 3: [-8.81, -14.84, -16.79] -13.48  Inventory: [3.0, 15.0, 16.0]  Order: [3.26, 3.1, 2.94] Demand: [3.49]
Reward for thread 4: [-41.35, -30.77, -29.9] -34.01  Inventory: [0.0, 9.0, 0.0]  Order: [12.76, 12.94, 12.88] Demand: [13.465]
Reward for thread 5: [-17.39, -22.07, -22.91] -20.79  Inventory: [2.0, 7.0, 17.0]  Order: [6.91, 6.88, 6.79] Demand: [7.]

 Algo happo Exp ippo_seed13_formal_v1 updates 619/3000 episodes, total num timesteps 620000/3000000, FPS 118.

Reward for thread 1: [-10.79, -17.22, -16.12] -14.71  Inventory: [0.0, 0.0, 0.0]  Order: [4.47, 4.16, 4.06] Demand: [4.365]
Reward for thread 2: [-102.74, -76.56, -49.35] -76.22  Inventory: [333.0, 20.0, 11.0]  Order: [10.61, 10.54, 10.5] Demand: [9.07]
Reward for thread 3: [-30.95, -35.74, -28.63] -31.77  Inventory: [4.0, 37.0, 35.0]  Order: [13.74, 13.82, 13.94] Demand: [13.76]
Reward for thread 4: [-12.94, -18.64, -20.58] -17.39  Inventory: [1.0, 4.0, 20.0]  Order: [5.1, 4.89, 4.74] Demand: [5.26]
Reward for thread 5: [-43.25, -46.46, -34.33] -41.35  Inventory: [223.0, 3.0, 40.0]  Order: [8.25, 8.07, 8.03] Demand: [7.265]

Eval average reward:  -23.453916666666665  Eval ordering fluctuation measurement (downstream to upstream):  [0.7206401578972433, 1.0049323274554534, 1.2286582338411132]

 Algo happo Exp ippo_seed13_formal_v1 updates 620/3000 episodes, total num timesteps 621000/3000000, FPS 118.

Reward for thread 1: [-12.75, -18.67, -18.78] -16.73  Inventory: [2.0, 7.0, 19.0]  Order: [8.04, 7.91, 7.76] Demand: [8.195]
Reward for thread 2: [-10.11, -15.14, -18.18] -14.48  Inventory: [1.0, 7.0, 13.0]  Order: [3.09, 2.88, 2.7] Demand: [3.31]
Reward for thread 3: [-18.43, -22.81, -21.25] -20.83  Inventory: [0.0, 0.0, 0.0]  Order: [11.6, 11.59, 11.6] Demand: [11.49]
Reward for thread 4: [-10.43, -15.09, -18.75] -14.76  Inventory: [11.0, 16.0, 11.0]  Order: [2.84, 2.76, 2.64] Demand: [3.015]
Reward for thread 5: [-35.87, -48.26, -28.54] -37.56  Inventory: [30.0, 0.0, 5.0]  Order: [12.87, 12.38, 12.44] Demand: [12.48]

 Algo happo Exp ippo_seed13_formal_v1 updates 621/3000 episodes, total num timesteps 622000/3000000, FPS 118.

Reward for thread 1: [-13.09, -17.49, -18.97] -16.52  Inventory: [0.0, 0.0, 0.0]  Order: [9.06, 8.91, 9.01] Demand: [9.005]
Reward for thread 2: [-60.4, -44.56, -34.5] -46.49  Inventory: [0.0, 0.0, 0.0]  Order: [14.46, 14.21, 14.23] Demand: [15.14]
Reward for thread 3: [-16.62, -22.7, -22.41] -20.58  Inventory: [4.0, 16.0, 9.0]  Order: [4.14, 4.04, 3.87] Demand: [4.355]
Reward for thread 4: [-53.1, -101.95, -41.16] -65.4  Inventory: [1.0, 9.0, 16.0]  Order: [11.68, 11.6, 11.5] Demand: [11.725]
Reward for thread 5: [-14.74, -22.15, -21.04] -19.31  Inventory: [7.0, 18.0, 9.0]  Order: [8.34, 8.3, 8.24] Demand: [8.465]

 Algo happo Exp ippo_seed13_formal_v1 updates 622/3000 episodes, total num timesteps 623000/3000000, FPS 118.

Reward for thread 1: [-73.36, -29.43, -30.9] -44.56  Inventory: [0.0, 0.0, 0.0]  Order: [15.78, 15.74, 15.84] Demand: [16.79]
Reward for thread 2: [-58.51, -28.73, -30.32] -39.19  Inventory: [0.0, 0.0, 0.0]  Order: [15.7, 15.84, 15.84] Demand: [16.66]
Reward for thread 3: [-9.84, -15.89, -16.59] -14.11  Inventory: [3.0, 16.0, 13.0]  Order: [4.08, 3.92, 3.74] Demand: [4.31]
Reward for thread 4: [-27.81, -41.42, -26.93] -32.05  Inventory: [0.0, 0.0, 0.0]  Order: [13.12, 12.76, 12.81] Demand: [12.925]
Reward for thread 5: [-9.14, -18.5, -16.55] -14.73  Inventory: [4.0, 13.0, 29.0]  Order: [2.2, 2.04, 1.94] Demand: [2.41]

 Algo happo Exp ippo_seed13_formal_v1 updates 623/3000 episodes, total num timesteps 624000/3000000, FPS 118.

Reward for thread 1: [-18.48, -22.82, -25.28] -22.19  Inventory: [47.0, 35.0, 52.0]  Order: [11.0, 10.98, 10.98] Demand: [10.93]
Reward for thread 2: [-72.35, -85.24, -42.14] -66.58  Inventory: [71.0, 0.0, 18.0]  Order: [12.6, 12.0, 11.96] Demand: [11.785]
Reward for thread 3: [-31.65, -41.76, -29.2] -34.2  Inventory: [1.0, 21.0, 21.0]  Order: [11.36, 11.3, 11.31] Demand: [11.44]
Reward for thread 4: [-11.48, -16.84, -18.42] -15.58  Inventory: [0.0, 24.0, 46.0]  Order: [5.52, 5.42, 5.4] Demand: [5.635]
Reward for thread 5: [-41.91, -31.59, -29.38] -34.29  Inventory: [0.0, 1.0, 0.0]  Order: [14.42, 14.68, 14.68] Demand: [14.775]

 Algo happo Exp ippo_seed13_formal_v1 updates 624/3000 episodes, total num timesteps 625000/3000000, FPS 118.

Reward for thread 1: [-18.33, -22.83, -23.15] -21.44  Inventory: [10.0, 46.0, 38.0]  Order: [9.68, 9.68, 9.62] Demand: [9.86]
Reward for thread 2: [-69.92, -51.24, -36.69] -52.62  Inventory: [0.0, 0.0, 0.0]  Order: [13.29, 12.94, 13.0] Demand: [14.2]
Reward for thread 3: [-14.19, -19.23, -19.28] -17.57  Inventory: [4.0, 0.0, 26.0]  Order: [8.35, 8.3, 8.36] Demand: [8.295]
Reward for thread 4: [-16.72, -26.3, -21.06] -21.36  Inventory: [3.0, 35.0, 21.0]  Order: [7.72, 7.65, 7.52] Demand: [7.91]
Reward for thread 5: [-44.98, -43.8, -30.76] -39.85  Inventory: [0.0, 0.0, 0.0]  Order: [10.92, 10.16, 10.22] Demand: [11.395]

Eval average reward:  -21.81475  Eval ordering fluctuation measurement (downstream to upstream):  [0.6945764326546403, 0.9969432308631209, 1.23276835070394]

 Algo happo Exp ippo_seed13_formal_v1 updates 625/3000 episodes, total num timesteps 626000/3000000, FPS 118.

Reward for thread 1: [-32.71, -29.8, -25.79] -29.43  Inventory: [12.0, 22.0, 9.0]  Order: [12.82, 12.82, 12.84] Demand: [12.98]
Reward for thread 2: [-47.26, -28.16, -30.1] -35.17  Inventory: [0.0, 0.0, 0.0]  Order: [15.46, 15.7, 15.72] Demand: [15.78]
Reward for thread 3: [-31.63, -36.57, -28.98] -32.39  Inventory: [0.0, 0.0, 7.0]  Order: [8.69, 8.21, 8.28] Demand: [8.835]
Reward for thread 4: [-59.98, -54.76, -35.6] -50.11  Inventory: [0.0, 0.0, 0.0]  Order: [10.9, 10.8, 10.76] Demand: [10.98]
Reward for thread 5: [-13.86, -19.3, -19.84] -17.67  Inventory: [19.0, 33.0, 39.0]  Order: [10.36, 10.33, 10.34] Demand: [10.455]

 Algo happo Exp ippo_seed13_formal_v1 updates 626/3000 episodes, total num timesteps 627000/3000000, FPS 118.

Reward for thread 1: [-26.63, -23.34, -26.66] -25.54  Inventory: [0.0, 0.0, 0.0]  Order: [13.2, 13.01, 12.84] Demand: [13.275]
Reward for thread 2: [-26.66, -26.15, -24.98] -25.93  Inventory: [13.0, 22.0, 16.0]  Order: [6.83, 6.84, 6.68] Demand: [6.975]
Reward for thread 3: [-24.36, -25.01, -23.85] -24.41  Inventory: [0.0, 0.0, 0.0]  Order: [11.04, 10.9, 10.88] Demand: [10.945]
Reward for thread 4: [-29.62, -26.59, -26.96] -27.72  Inventory: [0.0, 0.0, 0.0]  Order: [14.73, 14.79, 14.66] Demand: [14.72]
Reward for thread 5: [-119.11, -110.69, -55.74] -95.18  Inventory: [0.0, 0.0, 0.0]  Order: [17.37, 16.43, 16.41] Demand: [17.505]

 Algo happo Exp ippo_seed13_formal_v1 updates 627/3000 episodes, total num timesteps 628000/3000000, FPS 118.

Reward for thread 1: [-10.46, -15.68, -16.68] -14.27  Inventory: [1.0, 2.0, 0.0]  Order: [4.42, 4.34, 4.06] Demand: [4.58]
Reward for thread 2: [-63.48, -45.67, -35.82] -48.32  Inventory: [0.0, 0.0, 0.0]  Order: [10.59, 10.66, 10.59] Demand: [10.535]
Reward for thread 3: [-24.36, -28.9, -28.09] -27.12  Inventory: [0.0, 0.0, 0.0]  Order: [8.54, 8.3, 8.32] Demand: [8.61]
Reward for thread 4: [-9.84, -15.02, -17.48] -14.11  Inventory: [0.0, 3.0, 22.0]  Order: [3.72, 3.54, 3.45] Demand: [3.9]
Reward for thread 5: [-42.03, -39.01, -31.2] -37.41  Inventory: [21.0, 22.0, 29.0]  Order: [9.12, 9.01, 8.91] Demand: [9.21]

 Algo happo Exp ippo_seed13_formal_v1 updates 628/3000 episodes, total num timesteps 629000/3000000, FPS 118.

Reward for thread 1: [-15.0, -20.96, -23.07] -19.68  Inventory: [12.0, 32.0, 21.0]  Order: [8.16, 8.1, 8.09] Demand: [8.335]
Reward for thread 2: [-12.97, -17.92, -22.63] -17.84  Inventory: [0.0, 5.0, 5.0]  Order: [6.6, 6.51, 6.46] Demand: [6.69]
Reward for thread 3: [-30.15, -20.55, -24.76] -25.15  Inventory: [0.0, 30.0, 31.0]  Order: [12.98, 13.09, 13.16] Demand: [13.01]
Reward for thread 4: [-11.56, -16.38, -20.9] -16.28  Inventory: [0.0, 0.0, 8.0]  Order: [2.98, 2.88, 2.82] Demand: [3.18]
Reward for thread 5: [-17.09, -23.12, -23.25] -21.15  Inventory: [1.0, 20.0, 15.0]  Order: [5.04, 4.92, 4.74] Demand: [5.265]

 Algo happo Exp ippo_seed13_formal_v1 updates 629/3000 episodes, total num timesteps 630000/3000000, FPS 118.

Reward for thread 1: [-21.02, -18.85, -20.32] -20.06  Inventory: [0.0, 11.0, 0.0]  Order: [11.47, 11.64, 11.64] Demand: [11.45]
Reward for thread 2: [-13.58, -17.32, -19.59] -16.83  Inventory: [4.0, 14.0, 1.0]  Order: [8.7, 8.63, 8.6] Demand: [8.8]
Reward for thread 3: [-46.13, -29.48, -26.09] -33.9  Inventory: [0.0, 0.0, 30.0]  Order: [11.82, 11.66, 11.56] Demand: [11.885]
Reward for thread 4: [-60.63, -61.08, -38.17] -53.29  Inventory: [0.0, 0.0, 4.0]  Order: [13.39, 13.14, 13.13] Demand: [13.815]
Reward for thread 5: [-53.33, -91.16, -41.0] -61.83  Inventory: [0.0, 0.0, 19.0]  Order: [13.66, 13.14, 13.28] Demand: [13.185]

Eval average reward:  -21.091166666666663  Eval ordering fluctuation measurement (downstream to upstream):  [0.6473287408121517, 0.9806437678117339, 1.1987211428156122]
A better model is saved!

 Algo happo Exp ippo_seed13_formal_v1 updates 630/3000 episodes, total num timesteps 631000/3000000, FPS 118.

Reward for thread 1: [-26.32, -23.9, -23.4] -24.54  Inventory: [20.0, 63.0, 69.0]  Order: [13.32, 13.41, 13.5] Demand: [13.37]
Reward for thread 2: [-37.29, -34.32, -30.9] -34.17  Inventory: [0.0, 0.0, 0.0]  Order: [12.49, 12.44, 12.42] Demand: [12.975]
Reward for thread 3: [-36.79, -33.07, -28.68] -32.85  Inventory: [0.0, 0.0, 0.0]  Order: [13.14, 13.1, 13.1] Demand: [12.99]
Reward for thread 4: [-10.35, -14.65, -16.22] -13.74  Inventory: [13.0, 16.0, 51.0]  Order: [6.74, 6.72, 6.72] Demand: [6.825]
Reward for thread 5: [-13.09, -17.02, -18.57] -16.23  Inventory: [0.0, 0.0, 0.0]  Order: [6.87, 6.96, 6.83] Demand: [7.145]

 Algo happo Exp ippo_seed13_formal_v1 updates 631/3000 episodes, total num timesteps 632000/3000000, FPS 118.

Reward for thread 1: [-28.97, -23.48, -23.48] -25.31  Inventory: [0.0, 1.0, 0.0]  Order: [12.29, 12.42, 12.47] Demand: [12.29]
Reward for thread 2: [-14.79, -19.68, -21.08] -18.52  Inventory: [5.0, 21.0, 15.0]  Order: [5.4, 5.26, 5.1] Demand: [5.625]
Reward for thread 3: [-12.79, -16.96, -17.36] -15.7  Inventory: [2.0, 16.0, 7.0]  Order: [7.26, 7.16, 7.16] Demand: [7.435]
Reward for thread 4: [-27.49, -25.34, -24.18] -25.67  Inventory: [9.0, 12.0, 0.0]  Order: [8.04, 8.04, 7.98] Demand: [8.175]
Reward for thread 5: [-37.54, -25.75, -27.07] -30.12  Inventory: [0.0, 0.0, 0.0]  Order: [12.67, 12.93, 12.92] Demand: [13.345]

 Algo happo Exp ippo_seed13_formal_v1 updates 632/3000 episodes, total num timesteps 633000/3000000, FPS 118.

Reward for thread 1: [-9.38, -15.32, -17.03] -13.91  Inventory: [0.0, 20.0, 24.0]  Order: [2.44, 2.31, 2.18] Demand: [2.66]
Reward for thread 2: [-11.44, -14.91, -18.93] -15.09  Inventory: [18.0, 16.0, 37.0]  Order: [2.69, 2.54, 2.47] Demand: [2.845]
Reward for thread 3: [-11.78, -17.58, -18.8] -16.05  Inventory: [21.0, 31.0, 13.0]  Order: [2.12, 2.04, 1.89] Demand: [2.255]
Reward for thread 4: [-16.66, -22.01, -20.75] -19.81  Inventory: [1.0, 0.0, 19.0]  Order: [10.41, 10.28, 10.2] Demand: [10.415]
Reward for thread 5: [-78.37, -44.62, -39.34] -54.11  Inventory: [47.0, 45.0, 66.0]  Order: [14.18, 14.17, 14.26] Demand: [14.14]

 Algo happo Exp ippo_seed13_formal_v1 updates 633/3000 episodes, total num timesteps 634000/3000000, FPS 118.

Reward for thread 1: [-77.95, -77.59, -41.54] -65.69  Inventory: [0.0, 0.0, 7.0]  Order: [14.1, 13.3, 13.37] Demand: [14.335]
Reward for thread 2: [-68.83, -58.62, -37.3] -54.92  Inventory: [0.0, 0.0, 0.0]  Order: [12.64, 12.1, 12.08] Demand: [13.375]
Reward for thread 3: [-14.11, -19.61, -22.7] -18.81  Inventory: [0.0, 3.0, 42.0]  Order: [5.44, 5.28, 5.25] Demand: [5.555]
Reward for thread 4: [-48.7, -26.38, -26.63] -33.9  Inventory: [0.0, 13.0, 0.0]  Order: [14.94, 15.16, 15.18] Demand: [15.74]
Reward for thread 5: [-32.74, -39.66, -26.19] -32.86  Inventory: [14.0, 12.0, 31.0]  Order: [10.74, 10.63, 10.58] Demand: [10.825]

 Algo happo Exp ippo_seed13_formal_v1 updates 634/3000 episodes, total num timesteps 635000/3000000, FPS 118.

Reward for thread 1: [-27.54, -22.36, -25.62] -25.17  Inventory: [7.0, 16.0, 30.0]  Order: [11.65, 11.68, 11.65] Demand: [11.71]
Reward for thread 2: [-16.81, -21.14, -24.4] -20.78  Inventory: [0.0, 0.0, 0.0]  Order: [11.86, 12.02, 11.94] Demand: [11.755]
Reward for thread 3: [-10.89, -17.91, -23.36] -17.39  Inventory: [2.0, 5.0, 7.0]  Order: [1.94, 1.76, 1.62] Demand: [2.165]
Reward for thread 4: [-11.2, -17.15, -18.79] -15.71  Inventory: [10.0, 7.0, 0.0]  Order: [4.51, 4.56, 4.46] Demand: [4.64]
Reward for thread 5: [-13.42, -18.56, -22.39] -18.12  Inventory: [13.0, 17.0, 1.0]  Order: [8.11, 8.25, 8.28] Demand: [8.19]

Eval average reward:  -20.924  Eval ordering fluctuation measurement (downstream to upstream):  [0.6763422725608268, 0.9774372107529896, 1.1927469968541422]
A better model is saved!

 Algo happo Exp ippo_seed13_formal_v1 updates 635/3000 episodes, total num timesteps 636000/3000000, FPS 118.

Reward for thread 1: [-17.11, -17.11, -18.94] -17.72  Inventory: [0.0, 0.0, 0.0]  Order: [11.36, 11.43, 11.36] Demand: [11.49]
Reward for thread 2: [-11.45, -17.09, -20.13] -16.22  Inventory: [1.0, 34.0, 18.0]  Order: [7.36, 7.32, 7.17] Demand: [7.54]
Reward for thread 3: [-9.49, -16.07, -17.65] -14.4  Inventory: [3.0, 24.0, 14.0]  Order: [1.86, 1.74, 1.56] Demand: [2.1]
Reward for thread 4: [-13.44, -20.84, -22.99] -19.09  Inventory: [9.0, 62.0, 44.0]  Order: [5.88, 5.95, 6.0] Demand: [5.975]
Reward for thread 5: [-139.28, -77.52, -53.12] -89.97  Inventory: [0.0, 0.0, 6.0]  Order: [15.63, 15.02, 15.08] Demand: [15.83]

 Algo happo Exp ippo_seed13_formal_v1 updates 636/3000 episodes, total num timesteps 637000/3000000, FPS 118.

Reward for thread 1: [-11.18, -17.52, -21.04] -16.58  Inventory: [9.0, 29.0, 42.0]  Order: [3.77, 3.68, 3.64] Demand: [3.97]
Reward for thread 2: [-11.06, -15.76, -18.99] -15.27  Inventory: [6.0, 13.0, 21.0]  Order: [6.7, 6.62, 6.61] Demand: [6.835]
Reward for thread 3: [-13.82, -20.21, -21.53] -18.52  Inventory: [0.0, 46.0, 37.0]  Order: [6.66, 6.64, 6.58] Demand: [6.79]
Reward for thread 4: [-11.56, -17.07, -19.53] -16.05  Inventory: [3.0, 9.0, 44.0]  Order: [5.12, 4.93, 4.9] Demand: [5.27]
Reward for thread 5: [-10.14, -17.88, -16.77] -14.93  Inventory: [0.0, 15.0, 16.0]  Order: [4.56, 4.39, 4.27] Demand: [4.815]

 Algo happo Exp ippo_seed13_formal_v1 updates 637/3000 episodes, total num timesteps 638000/3000000, FPS 118.

Reward for thread 1: [-15.74, -21.1, -22.23] -19.69  Inventory: [0.0, 0.0, 0.0]  Order: [8.48, 8.42, 8.38] Demand: [8.36]
Reward for thread 2: [-72.87, -60.67, -36.64] -56.73  Inventory: [0.0, 0.0, 0.0]  Order: [13.16, 12.26, 12.2] Demand: [13.825]
Reward for thread 3: [-9.33, -13.44, -15.02] -12.6  Inventory: [0.0, 4.0, 4.0]  Order: [5.72, 5.58, 5.52] Demand: [5.875]
Reward for thread 4: [-11.11, -16.89, -19.94] -15.98  Inventory: [0.0, 0.0, 0.0]  Order: [4.72, 4.66, 4.42] Demand: [4.83]
Reward for thread 5: [-13.0, -20.14, -20.26] -17.8  Inventory: [5.0, 0.0, 0.0]  Order: [6.64, 6.49, 6.53] Demand: [6.465]

 Algo happo Exp ippo_seed13_formal_v1 updates 638/3000 episodes, total num timesteps 639000/3000000, FPS 118.

Reward for thread 1: [-15.66, -21.93, -23.79] -20.46  Inventory: [0.0, 0.0, 0.0]  Order: [8.84, 8.86, 8.83] Demand: [8.875]
Reward for thread 2: [-22.49, -24.61, -25.28] -24.13  Inventory: [0.0, 0.0, 0.0]  Order: [10.92, 11.06, 11.02] Demand: [11.01]
Reward for thread 3: [-10.35, -14.59, -18.11] -14.35  Inventory: [3.0, 25.0, 22.0]  Order: [3.95, 3.84, 3.7] Demand: [4.18]
Reward for thread 4: [-31.68, -33.52, -25.16] -30.12  Inventory: [7.0, 11.0, 40.0]  Order: [9.78, 9.61, 9.57] Demand: [9.9]
Reward for thread 5: [-10.54, -18.25, -18.5] -15.76  Inventory: [6.0, 13.0, 13.0]  Order: [4.28, 4.12, 3.94] Demand: [4.49]

 Algo happo Exp ippo_seed13_formal_v1 updates 639/3000 episodes, total num timesteps 640000/3000000, FPS 118.

Reward for thread 1: [-13.52, -20.65, -21.19] -18.45  Inventory: [3.0, 22.0, 19.0]  Order: [5.18, 5.05, 4.89] Demand: [5.41]
Reward for thread 2: [-10.18, -16.0, -17.96] -14.71  Inventory: [2.0, 37.0, 47.0]  Order: [5.49, 5.44, 5.42] Demand: [5.655]
Reward for thread 3: [-13.08, -18.75, -21.46] -17.76  Inventory: [3.0, 7.0, 24.0]  Order: [7.36, 7.22, 7.17] Demand: [7.51]
Reward for thread 4: [-22.47, -28.18, -28.08] -26.24  Inventory: [28.0, 45.0, 68.0]  Order: [9.58, 9.6, 9.69] Demand: [9.655]
Reward for thread 5: [-11.37, -17.03, -19.59] -16.0  Inventory: [6.0, 25.0, 17.0]  Order: [4.18, 4.08, 3.92] Demand: [4.39]

Eval average reward:  -20.399833333333333  Eval ordering fluctuation measurement (downstream to upstream):  [0.6602212370231283, 0.9775007893923193, 1.2327933323144262]
A better model is saved!

 Algo happo Exp ippo_seed13_formal_v1 updates 640/3000 episodes, total num timesteps 641000/3000000, FPS 118.

Reward for thread 1: [-13.54, -16.94, -17.46] -15.98  Inventory: [8.0, 11.0, 29.0]  Order: [9.72, 9.65, 9.69] Demand: [9.86]
Reward for thread 2: [-18.4, -29.08, -23.19] -23.56  Inventory: [0.0, 27.0, 24.0]  Order: [6.14, 6.04, 5.92] Demand: [6.295]
Reward for thread 3: [-12.2, -19.01, -19.3] -16.84  Inventory: [16.0, 9.0, 23.0]  Order: [4.92, 4.74, 4.62] Demand: [5.085]
Reward for thread 4: [-9.38, -15.11, -16.98] -13.82  Inventory: [3.0, 11.0, 17.0]  Order: [3.18, 3.0, 2.85] Demand: [3.41]
Reward for thread 5: [-47.24, -26.46, -28.05] -33.92  Inventory: [0.0, 9.0, 0.0]  Order: [11.56, 11.76, 11.84] Demand: [12.495]

 Algo happo Exp ippo_seed13_formal_v1 updates 641/3000 episodes, total num timesteps 642000/3000000, FPS 118.

Reward for thread 1: [-17.75, -21.29, -20.34] -19.79  Inventory: [2.0, 21.0, 0.0]  Order: [10.86, 10.89, 10.92] Demand: [10.865]
Reward for thread 2: [-14.33, -21.21, -23.52] -19.69  Inventory: [0.0, 23.0, 16.0]  Order: [5.3, 5.24, 5.16] Demand: [5.515]
Reward for thread 3: [-52.1, -33.3, -28.69] -38.03  Inventory: [0.0, 0.0, 0.0]  Order: [11.82, 11.86, 11.94] Demand: [12.725]
Reward for thread 4: [-16.35, -21.48, -23.29] -20.37  Inventory: [9.0, 2.0, 11.0]  Order: [8.57, 8.44, 8.44] Demand: [8.69]
Reward for thread 5: [-20.69, -23.91, -23.11] -22.57  Inventory: [82.0, 0.0, 0.0]  Order: [2.3, 2.15, 1.97] Demand: [2.07]

 Algo happo Exp ippo_seed13_formal_v1 updates 642/3000 episodes, total num timesteps 643000/3000000, FPS 118.

Reward for thread 1: [-55.96, -54.55, -34.28] -48.26  Inventory: [0.0, 0.0, 0.0]  Order: [13.81, 13.02, 13.06] Demand: [13.61]
Reward for thread 2: [-25.07, -29.74, -24.89] -26.57  Inventory: [16.0, 39.0, 41.0]  Order: [9.85, 9.82, 9.77] Demand: [9.94]
Reward for thread 3: [-17.96, -20.52, -19.94] -19.47  Inventory: [35.0, 0.0, 39.0]  Order: [11.67, 11.56, 11.58] Demand: [11.65]
Reward for thread 4: [-15.79, -22.89, -22.53] -20.4  Inventory: [15.0, 0.0, 23.0]  Order: [6.64, 6.54, 6.44] Demand: [6.7]
Reward for thread 5: [-12.37, -17.66, -18.03] -16.02  Inventory: [3.0, 53.0, 32.0]  Order: [5.56, 5.58, 5.54] Demand: [5.775]

 Algo happo Exp ippo_seed13_formal_v1 updates 643/3000 episodes, total num timesteps 644000/3000000, FPS 118.

Reward for thread 1: [-13.32, -21.99, -21.43] -18.91  Inventory: [23.0, 29.0, 33.0]  Order: [3.68, 3.62, 3.54] Demand: [3.785]
Reward for thread 2: [-9.84, -14.16, -15.89] -13.3  Inventory: [4.0, 17.0, 17.0]  Order: [7.06, 6.92, 6.8] Demand: [7.215]
Reward for thread 3: [-9.9, -14.5, -17.3] -13.9  Inventory: [0.0, 13.0, 13.0]  Order: [5.06, 5.0, 4.96] Demand: [5.255]
Reward for thread 4: [-11.72, -17.75, -18.65] -16.04  Inventory: [25.0, 12.0, 18.0]  Order: [5.84, 5.8, 5.86] Demand: [5.765]
Reward for thread 5: [-12.6, -19.99, -19.9] -17.5  Inventory: [3.0, 31.0, 39.0]  Order: [5.11, 5.04, 4.98] Demand: [5.285]

 Algo happo Exp ippo_seed13_formal_v1 updates 644/3000 episodes, total num timesteps 645000/3000000, FPS 118.

Reward for thread 1: [-11.54, -16.18, -17.98] -15.23  Inventory: [8.0, 22.0, 1.0]  Order: [5.62, 5.55, 5.44] Demand: [5.805]
Reward for thread 2: [-21.66, -23.97, -26.57] -24.07  Inventory: [3.0, 2.0, 0.0]  Order: [9.62, 9.57, 9.49] Demand: [9.715]
Reward for thread 3: [-22.35, -20.53, -21.98] -21.62  Inventory: [0.0, 0.0, 5.0]  Order: [11.61, 11.54, 11.62] Demand: [11.715]
Reward for thread 4: [-11.06, -16.68, -19.22] -15.65  Inventory: [0.0, 0.0, 0.0]  Order: [5.68, 5.58, 5.48] Demand: [5.55]
Reward for thread 5: [-51.08, -21.96, -24.09] -32.38  Inventory: [0.0, 1.0, 3.0]  Order: [15.7, 15.84, 15.88] Demand: [16.395]

Eval average reward:  -36.85075  Eval ordering fluctuation measurement (downstream to upstream):  [0.729024821751989, 0.9662737611590894, 1.2119638313667724]

 Algo happo Exp ippo_seed13_formal_v1 updates 645/3000 episodes, total num timesteps 646000/3000000, FPS 118.

Reward for thread 1: [-13.09, -19.1, -21.27] -17.82  Inventory: [9.0, 0.0, 28.0]  Order: [5.96, 5.72, 5.62] Demand: [6.105]
Reward for thread 2: [-48.88, -23.74, -26.88] -33.17  Inventory: [17.0, 27.0, 19.0]  Order: [16.43, 16.58, 16.69] Demand: [16.36]
Reward for thread 3: [-10.76, -18.82, -17.68] -15.75  Inventory: [0.0, 47.0, 25.0]  Order: [3.78, 3.8, 3.67] Demand: [4.]
Reward for thread 4: [-18.39, -26.55, -22.96] -22.63  Inventory: [48.0, 0.0, 62.0]  Order: [8.02, 7.82, 7.89] Demand: [7.895]
Reward for thread 5: [-15.22, -17.16, -19.72] -17.37  Inventory: [71.0, 19.0, 30.0]  Order: [2.84, 2.72, 2.62] Demand: [2.66]

 Algo happo Exp ippo_seed13_formal_v1 updates 646/3000 episodes, total num timesteps 647000/3000000, FPS 118.

Reward for thread 1: [-19.11, -25.84, -24.31] -23.09  Inventory: [0.0, 0.0, 18.0]  Order: [10.04, 9.56, 9.62] Demand: [9.895]
Reward for thread 2: [-35.58, -26.46, -24.67] -28.9  Inventory: [0.0, 3.0, 0.0]  Order: [14.19, 14.44, 14.45] Demand: [14.805]
Reward for thread 3: [-190.37, -178.2, -83.7] -150.76  Inventory: [0.0, 0.0, 0.0]  Order: [14.15, 11.82, 11.76] Demand: [14.325]
Reward for thread 4: [-16.71, -21.9, -22.32] -20.31  Inventory: [7.0, 48.0, 71.0]  Order: [11.46, 11.48, 11.58] Demand: [11.56]
Reward for thread 5: [-13.08, -19.23, -19.24] -17.18  Inventory: [2.0, 37.0, 43.0]  Order: [6.28, 6.24, 6.21] Demand: [6.42]

 Algo happo Exp ippo_seed13_formal_v1 updates 647/3000 episodes, total num timesteps 648000/3000000, FPS 118.

Reward for thread 1: [-17.52, -25.15, -25.14] -22.6  Inventory: [0.0, 3.0, 17.0]  Order: [8.65, 8.58, 8.42] Demand: [8.77]
Reward for thread 2: [-212.78, -202.44, -94.92] -170.05  Inventory: [0.0, 0.0, 27.0]  Order: [13.82, 11.28, 11.44] Demand: [13.375]
Reward for thread 3: [-15.13, -20.62, -20.31] -18.69  Inventory: [0.0, 0.0, 0.0]  Order: [8.7, 8.8, 8.82] Demand: [8.755]
Reward for thread 4: [-24.23, -19.03, -19.71] -20.99  Inventory: [159.0, 18.0, 16.0]  Order: [3.84, 3.69, 3.61] Demand: [3.205]
Reward for thread 5: [-13.77, -19.27, -21.84] -18.29  Inventory: [11.0, 6.0, 0.0]  Order: [7.6, 7.54, 7.42] Demand: [7.735]

 Algo happo Exp ippo_seed13_formal_v1 updates 648/3000 episodes, total num timesteps 649000/3000000, FPS 118.

Reward for thread 1: [-13.04, -20.75, -20.66] -18.15  Inventory: [8.0, 24.0, 25.0]  Order: [5.32, 5.3, 5.28] Demand: [5.4]
Reward for thread 2: [-13.03, -18.34, -19.28] -16.88  Inventory: [4.0, 49.0, 33.0]  Order: [7.64, 7.64, 7.6] Demand: [7.81]
Reward for thread 3: [-14.74, -19.51, -22.3] -18.85  Inventory: [19.0, 70.0, 63.0]  Order: [10.12, 10.24, 10.3] Demand: [10.21]
Reward for thread 4: [-87.88, -77.66, -43.18] -69.57  Inventory: [0.0, 0.0, 0.0]  Order: [15.23, 14.08, 14.15] Demand: [15.795]
Reward for thread 5: [-22.71, -29.91, -25.31] -25.98  Inventory: [1.0, 0.0, 0.0]  Order: [12.3, 12.18, 12.04] Demand: [12.255]

 Algo happo Exp ippo_seed13_formal_v1 updates 649/3000 episodes, total num timesteps 650000/3000000, FPS 118.

Reward for thread 1: [-13.96, -26.06, -22.52] -20.85  Inventory: [6.0, 33.0, 14.0]  Order: [2.8, 2.72, 2.55] Demand: [3.01]
Reward for thread 2: [-17.51, -27.8, -23.88] -23.06  Inventory: [0.0, 0.0, 0.0]  Order: [7.12, 7.14, 7.18] Demand: [6.975]
Reward for thread 3: [-12.71, -18.88, -17.92] -16.5  Inventory: [0.0, 0.0, 0.0]  Order: [5.91, 5.78, 5.7] Demand: [5.86]
Reward for thread 4: [-13.15, -18.36, -19.1] -16.87  Inventory: [17.0, 38.0, 55.0]  Order: [7.66, 7.66, 7.7] Demand: [7.75]
Reward for thread 5: [-11.18, -19.92, -19.93] -17.01  Inventory: [7.0, 33.0, 27.0]  Order: [1.94, 1.88, 1.8] Demand: [2.145]

Eval average reward:  -21.967  Eval ordering fluctuation measurement (downstream to upstream):  [0.7337116283841794, 0.9729786443640018, 1.2132814466488673]

 Algo happo Exp ippo_seed13_formal_v1 updates 650/3000 episodes, total num timesteps 651000/3000000, FPS 118.

Reward for thread 1: [-16.93, -22.14, -21.16] -20.08  Inventory: [0.0, 16.0, 37.0]  Order: [8.84, 8.94, 8.98] Demand: [8.84]
Reward for thread 2: [-19.36, -22.86, -22.39] -21.54  Inventory: [11.0, 34.0, 22.0]  Order: [9.82, 9.89, 9.96] Demand: [9.835]
Reward for thread 3: [-12.07, -16.65, -16.49] -15.07  Inventory: [0.0, 0.0, 0.0]  Order: [8.59, 8.57, 8.57] Demand: [8.72]
Reward for thread 4: [-19.52, -22.74, -21.82] -21.36  Inventory: [0.0, 0.0, 0.0]  Order: [12.22, 12.32, 12.32] Demand: [12.24]
Reward for thread 5: [-29.88, -19.38, -20.87] -23.38  Inventory: [0.0, 0.0, 0.0]  Order: [13.52, 13.68, 13.62] Demand: [14.09]

 Algo happo Exp ippo_seed13_formal_v1 updates 651/3000 episodes, total num timesteps 652000/3000000, FPS 118.

Reward for thread 1: [-27.33, -25.17, -27.43] -26.64  Inventory: [0.0, 0.0, 0.0]  Order: [7.98, 8.05, 8.05] Demand: [8.06]
Reward for thread 2: [-12.69, -20.66, -20.24] -17.86  Inventory: [1.0, 38.0, 32.0]  Order: [6.25, 6.21, 6.12] Demand: [6.475]
Reward for thread 3: [-10.96, -17.8, -21.87] -16.88  Inventory: [0.0, 4.0, 14.0]  Order: [4.47, 4.28, 4.14] Demand: [4.65]
Reward for thread 4: [-38.66, -26.69, -28.03] -31.13  Inventory: [0.0, 0.0, 41.0]  Order: [14.62, 14.48, 14.46] Demand: [14.715]
Reward for thread 5: [-32.02, -21.1, -23.72] -25.61  Inventory: [0.0, 0.0, 0.0]  Order: [14.32, 14.54, 14.49] Demand: [14.925]

 Algo happo Exp ippo_seed13_formal_v1 updates 652/3000 episodes, total num timesteps 653000/3000000, FPS 118.

Reward for thread 1: [-13.69, -17.13, -18.75] -16.52  Inventory: [8.0, 36.0, 33.0]  Order: [9.13, 9.09, 9.01] Demand: [9.27]
Reward for thread 2: [-17.74, -29.91, -23.69] -23.78  Inventory: [7.0, 88.0, 19.0]  Order: [4.38, 4.6, 4.44] Demand: [4.595]
Reward for thread 3: [-10.62, -16.56, -16.47] -14.55  Inventory: [17.0, 30.0, 16.0]  Order: [2.84, 2.75, 2.59] Demand: [2.995]
Reward for thread 4: [-10.36, -16.17, -17.48] -14.67  Inventory: [12.0, 12.0, 26.0]  Order: [3.23, 3.06, 2.96] Demand: [3.4]
Reward for thread 5: [-17.94, -23.06, -22.37] -21.12  Inventory: [8.0, 6.0, 0.0]  Order: [8.24, 8.2, 8.06] Demand: [8.32]

 Algo happo Exp ippo_seed13_formal_v1 updates 653/3000 episodes, total num timesteps 654000/3000000, FPS 118.

Reward for thread 1: [-14.21, -17.57, -17.78] -16.52  Inventory: [29.0, 45.0, 35.0]  Order: [10.32, 10.34, 10.3] Demand: [10.375]
Reward for thread 2: [-115.74, -63.76, -46.51] -75.34  Inventory: [386.0, 0.0, 0.0]  Order: [8.03, 7.91, 7.96] Demand: [6.195]
Reward for thread 3: [-199.09, -220.05, -93.86] -171.0  Inventory: [0.0, 0.0, 6.0]  Order: [15.95, 13.67, 13.71] Demand: [15.36]
Reward for thread 4: [-14.48, -20.78, -22.55] -19.27  Inventory: [22.0, 43.0, 55.0]  Order: [7.48, 7.49, 7.52] Demand: [7.575]
Reward for thread 5: [-16.94, -23.77, -22.38] -21.03  Inventory: [0.0, 7.0, 29.0]  Order: [7.92, 7.89, 7.8] Demand: [8.025]

 Algo happo Exp ippo_seed13_formal_v1 updates 654/3000 episodes, total num timesteps 655000/3000000, FPS 118.

Reward for thread 1: [-30.41, -34.87, -27.54] -30.94  Inventory: [5.0, 3.0, 33.0]  Order: [12.8, 12.73, 12.75] Demand: [12.895]
Reward for thread 2: [-13.41, -19.26, -20.33] -17.67  Inventory: [5.0, 25.0, 26.0]  Order: [7.94, 7.92, 7.9] Demand: [8.035]
Reward for thread 3: [-10.63, -17.26, -16.24] -14.71  Inventory: [0.0, 7.0, 16.0]  Order: [5.49, 5.34, 5.3] Demand: [5.6]
Reward for thread 4: [-12.87, -16.6, -19.18] -16.22  Inventory: [0.0, 0.0, 0.0]  Order: [9.87, 10.02, 9.99] Demand: [9.68]
Reward for thread 5: [-10.63, -17.54, -17.28] -15.15  Inventory: [13.0, 16.0, 28.0]  Order: [4.18, 4.09, 4.1] Demand: [4.285]

Eval average reward:  -20.89175  Eval ordering fluctuation measurement (downstream to upstream):  [0.688948586231056, 0.9328871518490868, 1.2035686490251707]

 Algo happo Exp ippo_seed13_formal_v1 updates 655/3000 episodes, total num timesteps 656000/3000000, FPS 118.

Reward for thread 1: [-10.03, -14.82, -17.91] -14.25  Inventory: [4.0, 26.0, 34.0]  Order: [4.82, 4.74, 4.66] Demand: [4.96]
Reward for thread 2: [-17.68, -20.56, -21.93] -20.06  Inventory: [0.0, 17.0, 16.0]  Order: [9.93, 9.86, 9.72] Demand: [10.1]
Reward for thread 3: [-12.23, -17.3, -18.76] -16.1  Inventory: [0.0, 0.0, 10.0]  Order: [6.72, 6.62, 6.64] Demand: [6.76]
Reward for thread 4: [-12.28, -18.79, -19.14] -16.74  Inventory: [0.0, 15.0, 0.0]  Order: [7.28, 7.25, 7.08] Demand: [7.41]
Reward for thread 5: [-29.76, -39.68, -28.06] -32.5  Inventory: [12.0, 52.0, 19.0]  Order: [8.01, 8.04, 7.89] Demand: [8.185]

 Algo happo Exp ippo_seed13_formal_v1 updates 656/3000 episodes, total num timesteps 657000/3000000, FPS 118.

Reward for thread 1: [-18.49, -27.92, -23.03] -23.15  Inventory: [0.0, 0.0, 0.0]  Order: [7.41, 7.06, 7.19] Demand: [7.105]
Reward for thread 2: [-11.02, -17.32, -17.65] -15.33  Inventory: [1.0, 14.0, 2.0]  Order: [4.78, 4.68, 4.56] Demand: [4.945]
Reward for thread 3: [-22.94, -19.64, -21.45] -21.34  Inventory: [0.0, 0.0, 0.0]  Order: [13.37, 13.42, 13.52] Demand: [13.515]
Reward for thread 4: [-9.18, -13.39, -15.15] -12.57  Inventory: [0.0, 0.0, 0.0]  Order: [6.76, 6.67, 6.52] Demand: [6.905]
Reward for thread 5: [-19.76, -22.59, -20.99] -21.11  Inventory: [0.0, 0.0, 17.0]  Order: [10.54, 10.41, 10.42] Demand: [10.595]

 Algo happo Exp ippo_seed13_formal_v1 updates 657/3000 episodes, total num timesteps 658000/3000000, FPS 118.

Reward for thread 1: [-10.8, -16.02, -17.7] -14.84  Inventory: [4.0, 28.0, 0.0]  Order: [6.08, 6.11, 5.98] Demand: [6.21]
Reward for thread 2: [-28.65, -29.49, -23.6] -27.25  Inventory: [0.0, 0.0, 18.0]  Order: [9.58, 9.18, 9.32] Demand: [9.56]
Reward for thread 3: [-12.9, -20.6, -20.78] -18.09  Inventory: [3.0, 1.0, 36.0]  Order: [5.86, 5.66, 5.6] Demand: [6.055]
Reward for thread 4: [-9.48, -16.2, -15.61] -13.76  Inventory: [3.0, 22.0, 25.0]  Order: [3.33, 3.22, 3.1] Demand: [3.535]
Reward for thread 5: [-46.22, -24.27, -23.4] -31.3  Inventory: [0.0, 0.0, 0.0]  Order: [12.84, 12.86, 12.88] Demand: [13.805]

 Algo happo Exp ippo_seed13_formal_v1 updates 658/3000 episodes, total num timesteps 659000/3000000, FPS 118.

Reward for thread 1: [-68.58, -66.91, -37.47] -57.65  Inventory: [0.0, 0.0, 0.0]  Order: [12.1, 11.33, 11.27] Demand: [12.735]
Reward for thread 2: [-102.33, -42.43, -39.47] -61.41  Inventory: [0.0, 0.0, 0.0]  Order: [14.45, 14.44, 14.48] Demand: [16.28]
Reward for thread 3: [-11.97, -17.37, -17.77] -15.7  Inventory: [0.0, 0.0, 15.0]  Order: [7.94, 7.88, 7.87] Demand: [8.]
Reward for thread 4: [-17.39, -23.3, -22.35] -21.01  Inventory: [0.0, 11.0, 11.0]  Order: [7.64, 7.52, 7.32] Demand: [7.805]
Reward for thread 5: [-14.82, -18.34, -20.92] -18.03  Inventory: [0.0, 0.0, 0.0]  Order: [8.88, 8.88, 8.93] Demand: [8.91]

 Algo happo Exp ippo_seed13_formal_v1 updates 659/3000 episodes, total num timesteps 660000/3000000, FPS 118.

Reward for thread 1: [-56.34, -26.57, -29.08] -37.33  Inventory: [19.0, 8.0, 2.0]  Order: [14.71, 14.88, 14.96] Demand: [14.71]
Reward for thread 2: [-42.63, -25.75, -26.08] -31.49  Inventory: [0.0, 0.0, 0.0]  Order: [13.32, 13.38, 13.4] Demand: [14.35]
Reward for thread 3: [-145.12, -53.25, -49.25] -82.54  Inventory: [0.0, 5.0, 0.0]  Order: [13.26, 13.29, 13.15] Demand: [15.26]
Reward for thread 4: [-95.9, -41.09, -38.91] -58.63  Inventory: [0.0, 1.0, 0.0]  Order: [15.02, 15.2, 15.18] Demand: [16.995]
Reward for thread 5: [-12.46, -17.44, -17.18] -15.69  Inventory: [10.0, 21.0, 17.0]  Order: [10.08, 10.07, 9.92] Demand: [10.08]

Eval average reward:  -20.86491666666667  Eval ordering fluctuation measurement (downstream to upstream):  [0.7407537629309128, 0.9449396975264175, 1.1957971480968634]

 Algo happo Exp ippo_seed13_formal_v1 updates 660/3000 episodes, total num timesteps 661000/3000000, FPS 118.

Reward for thread 1: [-19.71, -21.07, -20.07] -20.28  Inventory: [0.0, 0.0, 0.0]  Order: [7.88, 7.96, 7.92] Demand: [8.23]
Reward for thread 2: [-22.27, -20.87, -22.02] -21.72  Inventory: [0.0, 14.0, 0.0]  Order: [10.5, 10.72, 10.86] Demand: [10.665]
Reward for thread 3: [-13.97, -30.33, -22.75] -22.35  Inventory: [0.0, 54.0, 28.0]  Order: [3.1, 3.13, 3.03] Demand: [3.32]
Reward for thread 4: [-11.86, -19.7, -18.8] -16.79  Inventory: [6.0, 27.0, 11.0]  Order: [4.46, 4.41, 4.26] Demand: [4.625]
Reward for thread 5: [-32.05, -25.81, -24.06] -27.31  Inventory: [0.0, 0.0, 0.0]  Order: [10.44, 10.52, 10.38] Demand: [10.6]

 Algo happo Exp ippo_seed13_formal_v1 updates 661/3000 episodes, total num timesteps 662000/3000000, FPS 118.

Reward for thread 1: [-17.4, -24.82, -22.56] -21.59  Inventory: [0.0, 0.0, 0.0]  Order: [8.72, 8.91, 8.89] Demand: [8.695]
Reward for thread 2: [-26.24, -23.6, -24.73] -24.86  Inventory: [0.0, 0.0, 0.0]  Order: [10.71, 10.86, 10.78] Demand: [10.745]
Reward for thread 3: [-13.03, -17.13, -17.4] -15.85  Inventory: [6.0, 9.0, 25.0]  Order: [6.4, 6.3, 6.29] Demand: [6.485]
Reward for thread 4: [-12.71, -14.26, -16.22] -14.4  Inventory: [0.0, 0.0, 0.0]  Order: [8.88, 9.05, 9.09] Demand: [8.94]
Reward for thread 5: [-16.13, -23.11, -22.21] -20.48  Inventory: [11.0, 22.0, 22.0]  Order: [5.4, 5.27, 5.13] Demand: [5.575]

 Algo happo Exp ippo_seed13_formal_v1 updates 662/3000 episodes, total num timesteps 663000/3000000, FPS 118.

Reward for thread 1: [-9.73, -17.32, -16.77] -14.61  Inventory: [0.0, 0.0, 2.0]  Order: [3.68, 3.56, 3.44] Demand: [3.785]
Reward for thread 2: [-20.66, -31.87, -22.8] -25.11  Inventory: [10.0, 15.0, 1.0]  Order: [8.65, 8.69, 8.6] Demand: [8.74]
Reward for thread 3: [-11.65, -18.37, -16.59] -15.54  Inventory: [2.0, 43.0, 13.0]  Order: [5.67, 5.66, 5.47] Demand: [5.88]
Reward for thread 4: [-9.93, -17.02, -17.28] -14.74  Inventory: [8.0, 10.0, 26.0]  Order: [3.72, 3.59, 3.48] Demand: [3.815]
Reward for thread 5: [-41.71, -22.12, -24.1] -29.31  Inventory: [0.0, 21.0, 17.0]  Order: [14.49, 14.68, 14.85] Demand: [14.66]

 Algo happo Exp ippo_seed13_formal_v1 updates 663/3000 episodes, total num timesteps 664000/3000000, FPS 118.

Reward for thread 1: [-67.59, -30.99, -31.6] -43.39  Inventory: [0.0, 0.0, 0.0]  Order: [15.48, 15.59, 15.54] Demand: [16.385]
Reward for thread 2: [-10.3, -18.81, -17.94] -15.68  Inventory: [0.0, 0.0, 0.0]  Order: [3.86, 3.82, 3.72] Demand: [3.92]
Reward for thread 3: [-34.67, -28.75, -24.94] -29.45  Inventory: [4.0, 0.0, 14.0]  Order: [10.73, 10.58, 10.4] Demand: [10.855]
Reward for thread 4: [-32.07, -36.12, -24.44] -30.88  Inventory: [0.0, 0.0, 0.0]  Order: [10.26, 10.09, 10.14] Demand: [10.735]
Reward for thread 5: [-18.93, -21.28, -21.92] -20.71  Inventory: [0.0, 12.0, 0.0]  Order: [10.89, 11.06, 11.15] Demand: [11.105]

 Algo happo Exp ippo_seed13_formal_v1 updates 664/3000 episodes, total num timesteps 665000/3000000, FPS 118.

Reward for thread 1: [-10.57, -18.5, -16.84] -15.3  Inventory: [5.0, 17.0, 21.0]  Order: [3.22, 3.08, 2.94] Demand: [3.41]
Reward for thread 2: [-11.89, -19.15, -19.38] -16.81  Inventory: [2.0, 17.0, 34.0]  Order: [6.65, 6.52, 6.45] Demand: [6.82]
Reward for thread 3: [-11.52, -18.0, -18.19] -15.9  Inventory: [6.0, 16.0, 12.0]  Order: [5.08, 4.92, 4.74] Demand: [5.265]
Reward for thread 4: [-51.45, -28.99, -28.05] -36.16  Inventory: [0.0, 36.0, 16.0]  Order: [13.15, 13.29, 13.43] Demand: [14.005]
Reward for thread 5: [-17.52, -17.45, -20.9] -18.62  Inventory: [0.0, 0.0, 0.0]  Order: [13.34, 13.41, 13.42] Demand: [13.385]

Eval average reward:  -21.2025  Eval ordering fluctuation measurement (downstream to upstream):  [0.730654760475211, 0.9835875007444569, 1.1973561657020704]

 Algo happo Exp ippo_seed13_formal_v1 updates 665/3000 episodes, total num timesteps 666000/3000000, FPS 118.

Reward for thread 1: [-43.17, -25.68, -26.74] -31.86  Inventory: [0.0, 0.0, 0.0]  Order: [11.74, 11.88, 11.92] Demand: [12.255]
Reward for thread 2: [-31.3, -23.3, -24.73] -26.44  Inventory: [0.0, 0.0, 0.0]  Order: [13.2, 13.19, 13.09] Demand: [13.105]
Reward for thread 3: [-10.28, -17.08, -18.13] -15.16  Inventory: [9.0, 13.0, 8.0]  Order: [4.3, 4.17, 3.96] Demand: [4.485]
Reward for thread 4: [-17.62, -20.01, -19.35] -18.99  Inventory: [0.0, 18.0, 18.0]  Order: [12.0, 12.12, 12.26] Demand: [12.02]
Reward for thread 5: [-11.1, -15.0, -18.96] -15.02  Inventory: [11.0, 25.0, 1.0]  Order: [6.42, 6.37, 6.25] Demand: [6.565]

 Algo happo Exp ippo_seed13_formal_v1 updates 666/3000 episodes, total num timesteps 667000/3000000, FPS 118.

Reward for thread 1: [-11.35, -16.83, -16.78] -14.99  Inventory: [4.0, 19.0, 23.0]  Order: [6.34, 6.2, 6.06] Demand: [6.49]
Reward for thread 2: [-13.82, -18.39, -19.89] -17.37  Inventory: [5.0, 12.0, 2.0]  Order: [9.72, 9.65, 9.54] Demand: [9.905]
Reward for thread 3: [-21.75, -21.24, -23.82] -22.27  Inventory: [0.0, 0.0, 0.0]  Order: [12.18, 12.28, 12.3] Demand: [12.37]
Reward for thread 4: [-12.84, -22.81, -21.25] -18.97  Inventory: [10.0, 36.0, 17.0]  Order: [4.75, 4.69, 4.53] Demand: [4.95]
Reward for thread 5: [-11.14, -17.68, -18.56] -15.79  Inventory: [0.0, 16.0, 0.0]  Order: [6.16, 6.1, 5.87] Demand: [6.275]

 Algo happo Exp ippo_seed13_formal_v1 updates 667/3000 episodes, total num timesteps 668000/3000000, FPS 118.

Reward for thread 1: [-11.1, -15.92, -17.32] -14.78  Inventory: [0.0, 3.0, 0.0]  Order: [6.0, 5.96, 5.8] Demand: [6.115]
Reward for thread 2: [-12.83, -21.99, -19.79] -18.2  Inventory: [7.0, 36.0, 0.0]  Order: [6.26, 6.26, 6.12] Demand: [6.445]
Reward for thread 3: [-12.25, -25.04, -17.73] -18.34  Inventory: [16.0, 71.0, 13.0]  Order: [2.86, 2.98, 2.8] Demand: [3.035]
Reward for thread 4: [-170.66, -59.59, -59.0] -96.42  Inventory: [0.0, 19.0, 19.0]  Order: [13.68, 13.74, 13.74] Demand: [16.43]
Reward for thread 5: [-8.33, -14.05, -14.48] -12.29  Inventory: [0.0, 0.0, 0.0]  Order: [4.28, 4.22, 4.08] Demand: [4.375]

 Algo happo Exp ippo_seed13_formal_v1 updates 668/3000 episodes, total num timesteps 669000/3000000, FPS 118.

Reward for thread 1: [-36.29, -28.57, -27.25] -30.7  Inventory: [24.0, 59.0, 54.0]  Order: [13.26, 13.44, 13.47] Demand: [13.295]
Reward for thread 2: [-23.92, -19.63, -22.7] -22.08  Inventory: [0.0, 0.0, 0.0]  Order: [14.26, 14.44, 14.52] Demand: [14.245]
Reward for thread 3: [-9.87, -13.04, -15.01] -12.64  Inventory: [0.0, 0.0, 13.0]  Order: [9.01, 8.77, 8.68] Demand: [9.035]
Reward for thread 4: [-9.78, -17.56, -15.88] -14.41  Inventory: [17.0, 56.0, 24.0]  Order: [4.61, 4.66, 4.54] Demand: [4.75]
Reward for thread 5: [-10.07, -16.67, -17.53] -14.76  Inventory: [0.0, 0.0, 0.0]  Order: [5.58, 5.46, 5.25] Demand: [5.715]

 Algo happo Exp ippo_seed13_formal_v1 updates 669/3000 episodes, total num timesteps 670000/3000000, FPS 118.

Reward for thread 1: [-13.56, -17.55, -19.15] -16.75  Inventory: [4.0, 17.0, 0.0]  Order: [8.93, 8.91, 8.69] Demand: [9.005]
Reward for thread 2: [-11.92, -18.04, -20.01] -16.66  Inventory: [0.0, 18.0, 5.0]  Order: [7.34, 7.26, 7.16] Demand: [7.49]
Reward for thread 3: [-40.93, -22.83, -25.36] -29.71  Inventory: [0.0, 0.0, 0.0]  Order: [11.43, 11.58, 11.46] Demand: [12.495]
Reward for thread 4: [-12.08, -18.28, -18.84] -16.4  Inventory: [6.0, 5.0, 7.0]  Order: [6.72, 6.54, 6.38] Demand: [6.91]
Reward for thread 5: [-9.64, -14.9, -14.58] -13.04  Inventory: [1.0, 33.0, 28.0]  Order: [4.02, 3.94, 3.84] Demand: [4.24]

Eval average reward:  -21.0475  Eval ordering fluctuation measurement (downstream to upstream):  [0.7059852290877148, 0.9791317686003846, 1.2183753237914288]

 Algo happo Exp ippo_seed13_formal_v1 updates 670/3000 episodes, total num timesteps 671000/3000000, FPS 118.

Reward for thread 1: [-11.94, -17.66, -19.26] -16.29  Inventory: [5.0, 19.0, 24.0]  Order: [7.1, 6.99, 6.87] Demand: [7.245]
Reward for thread 2: [-11.82, -15.72, -18.0] -15.18  Inventory: [3.0, 20.0, 15.0]  Order: [7.97, 7.99, 8.0] Demand: [8.095]
Reward for thread 3: [-12.41, -17.05, -19.71] -16.39  Inventory: [1.0, 16.0, 12.0]  Order: [8.48, 8.43, 8.33] Demand: [8.605]
Reward for thread 4: [-12.41, -20.41, -20.96] -17.93  Inventory: [2.0, 27.0, 16.0]  Order: [5.66, 5.58, 5.48] Demand: [5.82]
Reward for thread 5: [-10.29, -14.56, -18.66] -14.5  Inventory: [1.0, 3.0, 0.0]  Order: [4.12, 4.0, 3.82] Demand: [4.29]

 Algo happo Exp ippo_seed13_formal_v1 updates 671/3000 episodes, total num timesteps 672000/3000000, FPS 118.

Reward for thread 1: [-14.66, -18.4, -20.06] -17.71  Inventory: [6.0, 26.0, 27.0]  Order: [5.68, 5.62, 5.52] Demand: [5.865]
Reward for thread 2: [-18.36, -24.3, -25.03] -22.56  Inventory: [10.0, 0.0, 13.0]  Order: [6.18, 5.98, 5.84] Demand: [6.305]
Reward for thread 3: [-8.88, -13.64, -15.45] -12.66  Inventory: [0.0, 0.0, 5.0]  Order: [5.84, 5.71, 5.6] Demand: [6.015]
Reward for thread 4: [-82.12, -37.56, -38.18] -52.62  Inventory: [0.0, 0.0, 0.0]  Order: [16.28, 16.38, 16.34] Demand: [16.725]
Reward for thread 5: [-21.94, -19.14, -22.96] -21.35  Inventory: [0.0, 0.0, 1.0]  Order: [12.14, 12.24, 12.38] Demand: [12.135]

 Algo happo Exp ippo_seed13_formal_v1 updates 672/3000 episodes, total num timesteps 673000/3000000, FPS 118.

Reward for thread 1: [-11.36, -17.8, -17.95] -15.7  Inventory: [0.0, 0.0, 0.0]  Order: [5.28, 5.22, 5.01] Demand: [5.215]
Reward for thread 2: [-19.88, -28.61, -24.01] -24.17  Inventory: [0.0, 0.0, 0.0]  Order: [8.2, 8.24, 8.36] Demand: [8.075]
Reward for thread 3: [-10.17, -15.07, -15.71] -13.65  Inventory: [8.0, 27.0, 27.0]  Order: [6.06, 5.97, 5.94] Demand: [6.235]
Reward for thread 4: [-11.43, -18.5, -17.98] -15.97  Inventory: [0.0, 10.0, 21.0]  Order: [5.14, 4.97, 4.83] Demand: [5.285]
Reward for thread 5: [-14.6, -19.84, -19.25] -17.9  Inventory: [6.0, 10.0, 2.0]  Order: [8.23, 8.17, 8.22] Demand: [8.345]

 Algo happo Exp ippo_seed13_formal_v1 updates 673/3000 episodes, total num timesteps 674000/3000000, FPS 118.

Reward for thread 1: [-10.64, -16.4, -16.18] -14.41  Inventory: [0.0, 0.0, 0.0]  Order: [5.93, 5.85, 5.6] Demand: [5.93]
Reward for thread 2: [-21.29, -27.49, -21.63] -23.47  Inventory: [0.0, 0.0, 31.0]  Order: [9.97, 9.82, 10.01] Demand: [10.025]
Reward for thread 3: [-28.02, -23.16, -21.25] -24.14  Inventory: [13.0, 21.0, 14.0]  Order: [11.08, 11.0, 11.0] Demand: [11.225]
Reward for thread 4: [-13.3, -16.25, -18.03] -15.86  Inventory: [0.0, 12.0, 3.0]  Order: [8.38, 8.35, 8.19] Demand: [8.55]
Reward for thread 5: [-48.87, -30.61, -28.12] -35.87  Inventory: [0.0, 5.0, 16.0]  Order: [15.32, 15.4, 15.42] Demand: [15.555]

 Algo happo Exp ippo_seed13_formal_v1 updates 674/3000 episodes, total num timesteps 675000/3000000, FPS 118.

Reward for thread 1: [-38.47, -37.28, -29.3] -35.02  Inventory: [7.0, 17.0, 3.0]  Order: [9.01, 8.93, 8.9] Demand: [9.155]
Reward for thread 2: [-15.29, -18.27, -19.33] -17.63  Inventory: [0.0, 0.0, 0.0]  Order: [10.74, 10.86, 10.86] Demand: [10.725]
Reward for thread 3: [-76.03, -62.03, -40.19] -59.42  Inventory: [130.0, 0.0, 29.0]  Order: [13.0, 12.86, 12.81] Demand: [12.475]
Reward for thread 4: [-19.59, -23.38, -23.67] -22.21  Inventory: [0.0, 0.0, 0.0]  Order: [10.11, 10.1, 10.16] Demand: [10.16]
Reward for thread 5: [-11.08, -16.74, -16.12] -14.65  Inventory: [2.0, 6.0, 2.0]  Order: [6.8, 6.78, 6.8] Demand: [6.91]

Eval average reward:  -25.33425  Eval ordering fluctuation measurement (downstream to upstream):  [0.7625963270564985, 1.009746226324185, 1.1924004920347988]

 Algo happo Exp ippo_seed13_formal_v1 updates 675/3000 episodes, total num timesteps 676000/3000000, FPS 118.

Reward for thread 1: [-9.24, -15.69, -16.79] -13.91  Inventory: [2.0, 27.0, 9.0]  Order: [3.27, 3.18, 3.08] Demand: [3.49]
Reward for thread 2: [-8.22, -11.77, -15.04] -11.68  Inventory: [8.0, 23.0, 22.0]  Order: [4.32, 4.21, 4.08] Demand: [4.505]
Reward for thread 3: [-111.75, -72.21, -48.58] -77.51  Inventory: [0.0, 0.0, 0.0]  Order: [14.48, 13.88, 13.82] Demand: [15.47]
Reward for thread 4: [-10.38, -14.69, -16.15] -13.74  Inventory: [0.0, 0.0, 0.0]  Order: [7.47, 7.44, 7.28] Demand: [7.59]
Reward for thread 5: [-27.89, -25.18, -27.22] -26.76  Inventory: [89.0, 11.0, 10.0]  Order: [8.66, 8.51, 8.41] Demand: [8.385]

 Algo happo Exp ippo_seed13_formal_v1 updates 676/3000 episodes, total num timesteps 677000/3000000, FPS 118.

Reward for thread 1: [-37.03, -31.12, -25.61] -31.25  Inventory: [0.0, 0.0, 1.0]  Order: [10.36, 9.8, 9.94] Demand: [10.745]
Reward for thread 2: [-29.79, -27.85, -25.6] -27.75  Inventory: [0.0, 7.0, 0.0]  Order: [10.49, 10.55, 10.48] Demand: [10.51]
Reward for thread 3: [-24.28, -25.29, -25.94] -25.17  Inventory: [0.0, 0.0, 16.0]  Order: [8.61, 8.43, 8.3] Demand: [8.79]
Reward for thread 4: [-13.12, -18.37, -23.54] -18.34  Inventory: [3.0, 28.0, 21.0]  Order: [4.47, 4.4, 4.26] Demand: [4.69]
Reward for thread 5: [-19.75, -24.62, -22.61] -22.33  Inventory: [0.0, 0.0, 0.0]  Order: [9.51, 9.59, 9.62] Demand: [9.76]

 Algo happo Exp ippo_seed13_formal_v1 updates 677/3000 episodes, total num timesteps 678000/3000000, FPS 118.

Reward for thread 1: [-23.25, -26.04, -24.32] -24.54  Inventory: [0.0, 0.0, 0.0]  Order: [10.3, 10.38, 10.38] Demand: [10.3]
Reward for thread 2: [-15.75, -23.23, -23.37] -20.78  Inventory: [3.0, 28.0, 33.0]  Order: [6.18, 6.08, 6.0] Demand: [6.39]
Reward for thread 3: [-33.43, -27.55, -24.87] -28.62  Inventory: [0.0, 0.0, 0.0]  Order: [13.27, 13.08, 13.08] Demand: [13.035]
Reward for thread 4: [-12.03, -18.62, -19.72] -16.79  Inventory: [0.0, 4.0, 14.0]  Order: [5.34, 5.22, 5.13] Demand: [5.485]
Reward for thread 5: [-9.32, -15.09, -16.17] -13.53  Inventory: [12.0, 20.0, 12.0]  Order: [3.48, 3.36, 3.2] Demand: [3.66]

 Algo happo Exp ippo_seed13_formal_v1 updates 678/3000 episodes, total num timesteps 679000/3000000, FPS 118.

Reward for thread 1: [-19.59, -26.25, -25.1] -23.65  Inventory: [4.0, 30.0, 30.0]  Order: [5.44, 5.34, 5.26] Demand: [5.665]
Reward for thread 2: [-121.6, -59.83, -53.46] -78.3  Inventory: [5.0, 29.0, 44.0]  Order: [13.08, 13.0, 12.98] Demand: [13.265]
Reward for thread 3: [-11.86, -16.96, -16.69] -15.17  Inventory: [1.0, 15.0, 2.0]  Order: [7.28, 7.21, 7.02] Demand: [7.455]
Reward for thread 4: [-17.91, -17.8, -19.95] -18.55  Inventory: [0.0, 0.0, 0.0]  Order: [9.62, 9.65, 9.57] Demand: [9.865]
Reward for thread 5: [-18.98, -19.86, -20.12] -19.65  Inventory: [0.0, 0.0, 0.0]  Order: [11.11, 10.96, 10.92] Demand: [11.42]

 Algo happo Exp ippo_seed13_formal_v1 updates 679/3000 episodes, total num timesteps 680000/3000000, FPS 118.

Reward for thread 1: [-190.76, -137.44, -76.62] -134.94  Inventory: [0.0, 0.0, 0.0]  Order: [16.18, 15.34, 15.37] Demand: [16.17]
Reward for thread 2: [-9.32, -15.66, -16.35] -13.78  Inventory: [10.0, 23.0, 12.0]  Order: [3.21, 3.1, 2.96] Demand: [3.405]
Reward for thread 3: [-17.69, -19.93, -19.11] -18.91  Inventory: [24.0, 30.0, 11.0]  Order: [9.05, 8.98, 8.84] Demand: [9.17]
Reward for thread 4: [-46.7, -52.68, -31.86] -43.75  Inventory: [8.0, 0.0, 0.0]  Order: [14.88, 14.88, 14.72] Demand: [14.94]
Reward for thread 5: [-10.45, -15.7, -16.11] -14.09  Inventory: [0.0, 0.0, 0.0]  Order: [5.57, 5.46, 5.3] Demand: [5.595]

Eval average reward:  -27.623833333333337  Eval ordering fluctuation measurement (downstream to upstream):  [0.8299598786479431, 1.021424052205707, 1.2142535888949557]

 Algo happo Exp ippo_seed13_formal_v1 updates 680/3000 episodes, total num timesteps 681000/3000000, FPS 118.

Reward for thread 1: [-11.5, -14.0, -15.34] -13.61  Inventory: [2.0, 35.0, 16.0]  Order: [7.82, 7.86, 7.84] Demand: [7.955]
Reward for thread 2: [-38.7, -43.55, -28.79] -37.01  Inventory: [0.0, 0.0, 0.0]  Order: [12.4, 12.28, 12.3] Demand: [12.11]
Reward for thread 3: [-22.3, -25.38, -25.03] -24.24  Inventory: [8.0, 16.0, 0.0]  Order: [6.65, 6.65, 6.54] Demand: [6.805]
Reward for thread 4: [-10.45, -15.27, -15.17] -13.63  Inventory: [9.0, 33.0, 20.0]  Order: [5.51, 5.44, 5.41] Demand: [5.68]
Reward for thread 5: [-16.64, -21.77, -19.56] -19.32  Inventory: [0.0, 0.0, 0.0]  Order: [6.7, 6.71, 6.66] Demand: [6.775]

 Algo happo Exp ippo_seed13_formal_v1 updates 681/3000 episodes, total num timesteps 682000/3000000, FPS 118.

Reward for thread 1: [-19.39, -23.03, -19.73] -20.72  Inventory: [0.0, 17.0, 0.0]  Order: [10.06, 10.15, 10.05] Demand: [10.16]
Reward for thread 2: [-35.94, -30.04, -24.85] -30.28  Inventory: [0.0, 0.0, 0.0]  Order: [10.25, 9.96, 9.95] Demand: [10.825]
Reward for thread 3: [-18.16, -22.12, -20.87] -20.38  Inventory: [0.0, 18.0, 17.0]  Order: [7.22, 7.12, 6.97] Demand: [7.42]
Reward for thread 4: [-11.28, -16.9, -18.35] -15.51  Inventory: [0.0, 10.0, 28.0]  Order: [4.04, 3.87, 3.76] Demand: [4.245]
Reward for thread 5: [-26.41, -24.73, -25.19] -25.44  Inventory: [0.0, 0.0, 0.0]  Order: [10.48, 10.46, 10.47] Demand: [10.99]

 Algo happo Exp ippo_seed13_formal_v1 updates 682/3000 episodes, total num timesteps 683000/3000000, FPS 118.

Reward for thread 1: [-11.02, -15.78, -17.14] -14.65  Inventory: [6.0, 12.0, 21.0]  Order: [7.76, 7.66, 7.57] Demand: [7.94]
Reward for thread 2: [-10.9, -18.14, -18.55] -15.86  Inventory: [6.0, 27.0, 33.0]  Order: [3.41, 3.3, 3.22] Demand: [3.62]
Reward for thread 3: [-38.25, -33.46, -27.07] -32.93  Inventory: [1.0, 21.0, 32.0]  Order: [10.92, 10.84, 10.76] Demand: [11.06]
Reward for thread 4: [-65.4, -33.65, -29.29] -42.78  Inventory: [0.0, 0.0, 0.0]  Order: [16.24, 16.27, 16.22] Demand: [16.62]
Reward for thread 5: [-9.26, -13.12, -14.47] -12.28  Inventory: [0.0, 0.0, 7.0]  Order: [5.72, 5.64, 5.52] Demand: [5.745]

 Algo happo Exp ippo_seed13_formal_v1 updates 683/3000 episodes, total num timesteps 684000/3000000, FPS 118.

Reward for thread 1: [-114.38, -100.6, -53.31] -89.43  Inventory: [75.0, 25.0, 38.0]  Order: [14.16, 14.08, 14.12] Demand: [13.995]
Reward for thread 2: [-16.01, -19.45, -20.57] -18.68  Inventory: [0.0, 2.0, 31.0]  Order: [8.3, 8.27, 8.26] Demand: [8.36]
Reward for thread 3: [-10.03, -17.65, -17.17] -14.95  Inventory: [7.0, 31.0, 20.0]  Order: [3.03, 2.94, 2.8] Demand: [3.24]
Reward for thread 4: [-13.42, -19.48, -21.14] -18.01  Inventory: [18.0, 24.0, 0.0]  Order: [6.26, 6.22, 6.1] Demand: [6.395]
Reward for thread 5: [-14.31, -15.94, -17.34] -15.86  Inventory: [0.0, 0.0, 0.0]  Order: [7.2, 7.22, 7.24] Demand: [7.385]

 Algo happo Exp ippo_seed13_formal_v1 updates 684/3000 episodes, total num timesteps 685000/3000000, FPS 118.

Reward for thread 1: [-45.03, -24.29, -25.18] -31.5  Inventory: [0.0, 0.0, 12.0]  Order: [12.62, 12.62, 12.62] Demand: [13.52]
Reward for thread 2: [-12.03, -18.1, -17.64] -15.92  Inventory: [0.0, 20.0, 0.0]  Order: [5.1, 5.15, 5.07] Demand: [5.285]
Reward for thread 3: [-10.64, -16.45, -17.02] -14.7  Inventory: [0.0, 0.0, 6.0]  Order: [5.07, 4.91, 4.82] Demand: [5.215]
Reward for thread 4: [-11.36, -19.01, -20.39] -16.92  Inventory: [2.0, 25.0, 12.0]  Order: [2.38, 2.28, 2.15] Demand: [2.58]
Reward for thread 5: [-55.01, -35.17, -28.03] -39.4  Inventory: [0.0, 0.0, 0.0]  Order: [16.01, 16.11, 16.23] Demand: [16.45]

Eval average reward:  -26.27875  Eval ordering fluctuation measurement (downstream to upstream):  [0.7925713454836748, 0.9881418576382348, 1.1802490924419198]

 Algo happo Exp ippo_seed13_formal_v1 updates 685/3000 episodes, total num timesteps 686000/3000000, FPS 118.

Reward for thread 1: [-8.94, -14.78, -15.27] -13.0  Inventory: [0.0, 6.0, 14.0]  Order: [4.26, 4.1, 4.04] Demand: [4.465]
Reward for thread 2: [-24.23, -27.33, -28.4] -26.65  Inventory: [7.0, 19.0, 40.0]  Order: [9.44, 9.34, 9.3] Demand: [9.54]
Reward for thread 3: [-11.56, -17.87, -17.79] -15.74  Inventory: [4.0, 16.0, 20.0]  Order: [5.34, 5.32, 5.26] Demand: [5.455]
Reward for thread 4: [-11.82, -19.56, -20.95] -17.44  Inventory: [3.0, 25.0, 21.0]  Order: [2.95, 2.84, 2.69] Demand: [3.165]
Reward for thread 5: [-9.68, -14.08, -15.65] -13.14  Inventory: [0.0, 10.0, 25.0]  Order: [4.2, 4.02, 3.9] Demand: [4.4]

 Algo happo Exp ippo_seed13_formal_v1 updates 686/3000 episodes, total num timesteps 687000/3000000, FPS 118.

Reward for thread 1: [-9.12, -13.05, -15.44] -12.54  Inventory: [28.0, 21.0, 13.0]  Order: [4.14, 4.15, 4.17] Demand: [4.23]
Reward for thread 2: [-71.54, -35.78, -36.48] -47.93  Inventory: [0.0, 0.0, 4.0]  Order: [11.82, 11.92, 12.09] Demand: [13.41]
Reward for thread 3: [-11.33, -15.94, -18.04] -15.1  Inventory: [0.0, 32.0, 25.0]  Order: [5.56, 5.5, 5.38] Demand: [5.775]
Reward for thread 4: [-18.64, -21.8, -21.46] -20.63  Inventory: [0.0, 0.0, 0.0]  Order: [10.94, 10.78, 10.58] Demand: [10.98]
Reward for thread 5: [-14.43, -17.08, -18.2] -16.57  Inventory: [1.0, 0.0, 0.0]  Order: [9.4, 9.43, 9.35] Demand: [9.365]

 Algo happo Exp ippo_seed13_formal_v1 updates 687/3000 episodes, total num timesteps 688000/3000000, FPS 118.

Reward for thread 1: [-9.79, -14.14, -15.47] -13.13  Inventory: [0.0, 19.0, 18.0]  Order: [5.2, 5.16, 5.01] Demand: [5.35]
Reward for thread 2: [-14.0, -18.57, -20.06] -17.54  Inventory: [0.0, 0.0, 0.0]  Order: [5.73, 5.51, 5.37] Demand: [5.66]
Reward for thread 3: [-68.13, -35.52, -32.12] -45.26  Inventory: [0.0, 0.0, 0.0]  Order: [14.82, 14.95, 14.99] Demand: [15.03]
Reward for thread 4: [-37.04, -21.88, -24.23] -27.72  Inventory: [0.0, 0.0, 8.0]  Order: [9.28, 9.3, 9.41] Demand: [10.12]
Reward for thread 5: [-23.4, -26.84, -28.37] -26.2  Inventory: [1.0, 34.0, 33.0]  Order: [7.26, 7.22, 7.14] Demand: [7.485]

 Algo happo Exp ippo_seed13_formal_v1 updates 688/3000 episodes, total num timesteps 689000/3000000, FPS 118.

Reward for thread 1: [-41.86, -39.66, -29.99] -37.17  Inventory: [0.0, 0.0, 0.0]  Order: [12.08, 11.56, 11.64] Demand: [12.46]
Reward for thread 2: [-11.51, -14.97, -14.89] -13.79  Inventory: [8.0, 10.0, 16.0]  Order: [7.94, 7.95, 7.84] Demand: [7.945]
Reward for thread 3: [-13.95, -17.41, -19.5] -16.95  Inventory: [5.0, 11.0, 10.0]  Order: [9.14, 9.04, 9.06] Demand: [9.22]
Reward for thread 4: [-12.13, -16.48, -18.29] -15.63  Inventory: [2.0, 22.0, 31.0]  Order: [6.28, 6.16, 6.06] Demand: [6.515]
Reward for thread 5: [-29.07, -32.86, -28.08] -30.0  Inventory: [0.0, 0.0, 0.0]  Order: [10.58, 10.35, 10.4] Demand: [10.335]

 Algo happo Exp ippo_seed13_formal_v1 updates 689/3000 episodes, total num timesteps 690000/3000000, FPS 118.

Reward for thread 1: [-12.96, -19.25, -19.44] -17.22  Inventory: [0.0, 0.0, 0.0]  Order: [6.99, 7.04, 7.01] Demand: [7.14]
Reward for thread 2: [-19.77, -25.3, -20.71] -21.93  Inventory: [65.0, 32.0, 13.0]  Order: [2.4, 2.34, 2.16] Demand: [2.29]
Reward for thread 3: [-23.71, -17.54, -19.35] -20.2  Inventory: [0.0, 1.0, 0.0]  Order: [12.66, 12.88, 12.86] Demand: [12.93]
Reward for thread 4: [-118.85, -58.84, -50.23] -75.97  Inventory: [0.0, 0.0, 0.0]  Order: [13.74, 13.38, 13.4] Demand: [15.335]
Reward for thread 5: [-63.16, -45.22, -32.78] -47.05  Inventory: [0.0, 13.0, 1.0]  Order: [11.16, 11.07, 10.83] Demand: [11.33]

Eval average reward:  -36.30808333333333  Eval ordering fluctuation measurement (downstream to upstream):  [0.7657698888497054, 0.9691787862819174, 1.1991188520247618]

 Algo happo Exp ippo_seed13_formal_v1 updates 690/3000 episodes, total num timesteps 691000/3000000, FPS 118.

Reward for thread 1: [-130.43, -73.08, -52.3] -85.27  Inventory: [0.0, 0.0, 12.0]  Order: [13.72, 13.33, 13.53] Demand: [15.625]
Reward for thread 2: [-10.62, -16.32, -16.86] -14.6  Inventory: [0.0, 0.0, 0.0]  Order: [4.92, 4.87, 4.71] Demand: [5.025]
Reward for thread 3: [-88.44, -40.54, -40.28] -56.42  Inventory: [0.0, 0.0, 0.0]  Order: [13.34, 13.31, 13.22] Demand: [14.285]
Reward for thread 4: [-30.97, -24.86, -27.53] -27.79  Inventory: [0.0, 16.0, 0.0]  Order: [10.57, 10.5, 10.38] Demand: [10.705]
Reward for thread 5: [-17.94, -20.7, -20.23] -19.62  Inventory: [6.0, 20.0, 7.0]  Order: [8.06, 7.94, 7.74] Demand: [8.28]

 Algo happo Exp ippo_seed13_formal_v1 updates 691/3000 episodes, total num timesteps 692000/3000000, FPS 118.

Reward for thread 1: [-12.16, -23.87, -21.94] -19.32  Inventory: [1.0, 31.0, 19.0]  Order: [1.15, 1.08, 0.93] Demand: [1.375]
Reward for thread 2: [-13.24, -17.38, -20.5] -17.04  Inventory: [0.0, 0.0, 2.0]  Order: [7.22, 7.1, 7.04] Demand: [7.275]
Reward for thread 3: [-8.92, -13.68, -14.95] -12.52  Inventory: [0.0, 2.0, 18.0]  Order: [5.68, 5.46, 5.34] Demand: [5.835]
Reward for thread 4: [-9.58, -17.16, -16.51] -14.42  Inventory: [3.0, 30.0, 18.0]  Order: [3.0, 2.92, 2.78] Demand: [3.215]
Reward for thread 5: [-11.74, -17.58, -19.38] -16.23  Inventory: [0.0, 0.0, 0.0]  Order: [6.25, 6.19, 6.04] Demand: [6.25]

 Algo happo Exp ippo_seed13_formal_v1 updates 692/3000 episodes, total num timesteps 693000/3000000, FPS 118.

Reward for thread 1: [-14.84, -20.82, -20.68] -18.78  Inventory: [6.0, 24.0, 31.0]  Order: [6.3, 6.18, 6.08] Demand: [6.5]
Reward for thread 2: [-92.81, -38.46, -39.78] -57.02  Inventory: [0.0, 0.0, 0.0]  Order: [15.95, 16.01, 15.84] Demand: [16.995]
Reward for thread 3: [-11.53, -17.35, -16.54] -15.14  Inventory: [35.0, 9.0, 8.0]  Order: [2.62, 2.48, 2.38] Demand: [2.7]
Reward for thread 4: [-14.18, -17.78, -18.51] -16.82  Inventory: [0.0, 0.0, 0.0]  Order: [7.14, 7.09, 7.08] Demand: [7.31]
Reward for thread 5: [-14.71, -20.44, -21.85] -19.0  Inventory: [2.0, 0.0, 0.0]  Order: [8.51, 8.38, 8.28] Demand: [8.55]

 Algo happo Exp ippo_seed13_formal_v1 updates 693/3000 episodes, total num timesteps 694000/3000000, FPS 118.

Reward for thread 1: [-178.58, -72.02, -66.16] -105.59  Inventory: [0.0, 22.0, 38.0]  Order: [11.34, 11.22, 11.16] Demand: [11.505]
Reward for thread 2: [-15.87, -23.57, -24.54] -21.33  Inventory: [0.0, 0.0, 0.0]  Order: [7.82, 7.85, 7.64] Demand: [7.755]
Reward for thread 3: [-86.68, -42.15, -43.92] -57.58  Inventory: [0.0, 0.0, 0.0]  Order: [14.54, 14.71, 14.74] Demand: [15.62]
Reward for thread 4: [-9.52, -15.35, -17.35] -14.07  Inventory: [0.0, 6.0, 16.0]  Order: [4.63, 4.42, 4.26] Demand: [4.82]
Reward for thread 5: [-14.55, -25.18, -20.0] -19.91  Inventory: [22.0, 69.0, 13.0]  Order: [2.74, 2.84, 2.67] Demand: [2.87]

 Algo happo Exp ippo_seed13_formal_v1 updates 694/3000 episodes, total num timesteps 695000/3000000, FPS 118.

Reward for thread 1: [-27.96, -27.23, -26.43] -27.21  Inventory: [0.0, 0.0, 0.0]  Order: [13.4, 13.46, 13.35] Demand: [13.565]
Reward for thread 2: [-11.33, -17.29, -19.73] -16.12  Inventory: [0.0, 0.0, 32.0]  Order: [5.89, 5.66, 5.58] Demand: [6.045]
Reward for thread 3: [-48.38, -33.79, -31.88] -38.02  Inventory: [7.0, 62.0, 68.0]  Order: [13.09, 13.2, 13.3] Demand: [13.23]
Reward for thread 4: [-10.96, -19.04, -19.31] -16.44  Inventory: [0.0, 7.0, 14.0]  Order: [3.28, 3.16, 3.02] Demand: [3.51]
Reward for thread 5: [-10.89, -16.04, -19.64] -15.52  Inventory: [2.0, 16.0, 33.0]  Order: [5.56, 5.42, 5.34] Demand: [5.765]

Eval average reward:  -26.040666666666667  Eval ordering fluctuation measurement (downstream to upstream):  [0.8164547332041987, 1.0149786768175033, 1.2006136428517364]

 Algo happo Exp ippo_seed13_formal_v1 updates 695/3000 episodes, total num timesteps 696000/3000000, FPS 118.

Reward for thread 1: [-48.22, -27.38, -28.56] -34.72  Inventory: [0.0, 0.0, 0.0]  Order: [14.11, 14.14, 14.21] Demand: [15.01]
Reward for thread 2: [-16.75, -22.52, -21.7] -20.32  Inventory: [4.0, 0.0, 12.0]  Order: [7.74, 7.64, 7.64] Demand: [7.71]
Reward for thread 3: [-26.75, -25.69, -24.22] -25.55  Inventory: [18.0, 7.0, 19.0]  Order: [9.76, 9.69, 9.65] Demand: [9.835]
Reward for thread 4: [-12.94, -20.81, -18.2] -17.32  Inventory: [26.0, 35.0, 13.0]  Order: [1.72, 1.64, 1.46] Demand: [1.825]
Reward for thread 5: [-12.02, -18.11, -18.67] -16.27  Inventory: [35.0, 47.0, 39.0]  Order: [3.43, 3.42, 3.36] Demand: [3.49]

 Algo happo Exp ippo_seed13_formal_v1 updates 696/3000 episodes, total num timesteps 697000/3000000, FPS 118.

Reward for thread 1: [-29.81, -32.49, -27.46] -29.92  Inventory: [0.0, 0.0, 0.0]  Order: [11.44, 10.99, 11.02] Demand: [11.525]
Reward for thread 2: [-12.74, -18.97, -19.46] -17.06  Inventory: [0.0, 0.0, 8.0]  Order: [5.3, 5.16, 5.0] Demand: [5.48]
Reward for thread 3: [-101.68, -48.61, -41.95] -64.08  Inventory: [0.0, 0.0, 0.0]  Order: [15.66, 15.71, 15.8] Demand: [16.705]
Reward for thread 4: [-21.5, -26.69, -26.23] -24.81  Inventory: [1.0, 20.0, 29.0]  Order: [9.0, 8.91, 8.84] Demand: [9.125]
Reward for thread 5: [-18.05, -23.06, -25.67] -22.26  Inventory: [5.0, 0.0, 22.0]  Order: [6.6, 6.44, 6.3] Demand: [6.725]

 Algo happo Exp ippo_seed13_formal_v1 updates 697/3000 episodes, total num timesteps 698000/3000000, FPS 118.

Reward for thread 1: [-28.29, -26.46, -28.66] -27.8  Inventory: [0.0, 0.0, 0.0]  Order: [12.42, 12.5, 12.44] Demand: [12.74]
Reward for thread 2: [-203.8, -205.2, -90.06] -166.35  Inventory: [0.0, 0.0, 0.0]  Order: [16.52, 13.88, 13.93] Demand: [14.]
Reward for thread 3: [-20.02, -24.67, -24.28] -22.99  Inventory: [7.0, 8.0, 25.0]  Order: [7.43, 7.23, 7.11] Demand: [7.615]
Reward for thread 4: [-48.78, -30.78, -27.65] -35.74  Inventory: [0.0, 0.0, 0.0]  Order: [12.3, 12.38, 12.34] Demand: [13.115]
Reward for thread 5: [-55.9, -33.45, -34.23] -41.19  Inventory: [0.0, 6.0, 25.0]  Order: [12.6, 12.5, 12.42] Demand: [12.69]

 Algo happo Exp ippo_seed13_formal_v1 updates 698/3000 episodes, total num timesteps 699000/3000000, FPS 118.

Reward for thread 1: [-18.77, -21.14, -23.53] -21.15  Inventory: [11.0, 1.0, 9.0]  Order: [7.7, 7.63, 7.56] Demand: [7.855]
Reward for thread 2: [-74.42, -55.02, -35.84] -55.09  Inventory: [0.0, 0.0, 0.0]  Order: [12.76, 12.05, 11.98] Demand: [13.745]
Reward for thread 3: [-61.75, -34.42, -32.36] -42.84  Inventory: [0.0, 0.0, 0.0]  Order: [17.07, 17.29, 17.34] Demand: [17.645]
Reward for thread 4: [-58.35, -42.56, -31.98] -44.3  Inventory: [0.0, 0.0, 0.0]  Order: [15.38, 15.57, 15.54] Demand: [16.]
Reward for thread 5: [-12.64, -16.34, -19.1] -16.03  Inventory: [0.0, 0.0, 0.0]  Order: [6.62, 6.6, 6.5] Demand: [6.745]

 Algo happo Exp ippo_seed13_formal_v1 updates 699/3000 episodes, total num timesteps 700000/3000000, FPS 118.

Reward for thread 1: [-39.54, -22.06, -23.85] -28.48  Inventory: [0.0, 0.0, 0.0]  Order: [15.11, 15.27, 15.34] Demand: [15.58]
Reward for thread 2: [-19.19, -21.91, -23.2] -21.43  Inventory: [0.0, 0.0, 0.0]  Order: [10.07, 10.16, 10.1] Demand: [10.17]
Reward for thread 3: [-16.41, -19.16, -21.88] -19.15  Inventory: [0.0, 0.0, 2.0]  Order: [9.6, 9.46, 9.35] Demand: [9.67]
Reward for thread 4: [-68.45, -39.22, -39.67] -49.11  Inventory: [53.0, 53.0, 90.0]  Order: [8.52, 8.56, 8.81] Demand: [8.48]
Reward for thread 5: [-15.64, -20.46, -21.07] -19.06  Inventory: [0.0, 5.0, 6.0]  Order: [6.56, 6.47, 6.32] Demand: [6.725]

Eval average reward:  -38.65316666666667  Eval ordering fluctuation measurement (downstream to upstream):  [0.8142458195733552, 0.9954090157815711, 1.1897254105162074]

 Algo happo Exp ippo_seed13_formal_v1 updates 700/3000 episodes, total num timesteps 701000/3000000, FPS 118.

Reward for thread 1: [-41.24, -27.28, -27.88] -32.13  Inventory: [4.0, 0.0, 47.0]  Order: [13.42, 13.18, 13.35] Demand: [13.185]
Reward for thread 2: [-12.66, -17.29, -18.67] -16.21  Inventory: [0.0, 12.0, 36.0]  Order: [9.42, 9.3, 9.24] Demand: [9.565]
Reward for thread 3: [-46.16, -31.61, -31.22] -36.33  Inventory: [19.0, 30.0, 37.0]  Order: [13.82, 13.81, 13.94] Demand: [13.83]
Reward for thread 4: [-10.25, -15.92, -16.18] -14.12  Inventory: [2.0, 30.0, 23.0]  Order: [4.36, 4.26, 4.13] Demand: [4.595]
Reward for thread 5: [-34.9, -22.51, -24.94] -27.45  Inventory: [0.0, 5.0, 1.0]  Order: [13.86, 13.96, 14.1] Demand: [14.35]

 Algo happo Exp ippo_seed13_formal_v1 updates 701/3000 episodes, total num timesteps 702000/3000000, FPS 118.

Reward for thread 1: [-40.82, -25.24, -24.8] -30.29  Inventory: [0.0, 0.0, 0.0]  Order: [13.03, 13.17, 13.22] Demand: [13.065]
Reward for thread 2: [-12.04, -16.88, -18.28] -15.73  Inventory: [9.0, 27.0, 33.0]  Order: [7.76, 7.76, 7.68] Demand: [7.935]
Reward for thread 3: [-11.58, -17.17, -18.13] -15.63  Inventory: [3.0, 0.0, 0.0]  Order: [4.72, 4.62, 4.57] Demand: [4.845]
Reward for thread 4: [-20.33, -29.12, -22.88] -24.11  Inventory: [6.0, 27.0, 12.0]  Order: [11.01, 11.0, 10.93] Demand: [11.175]
Reward for thread 5: [-18.42, -20.71, -23.54] -20.89  Inventory: [6.0, 22.0, 63.0]  Order: [10.63, 10.52, 10.6] Demand: [10.73]

 Algo happo Exp ippo_seed13_formal_v1 updates 702/3000 episodes, total num timesteps 703000/3000000, FPS 118.

Reward for thread 1: [-8.73, -13.82, -15.5] -12.68  Inventory: [7.0, 0.0, 6.0]  Order: [4.38, 4.26, 4.31] Demand: [4.515]
Reward for thread 2: [-29.91, -25.75, -27.3] -27.65  Inventory: [0.0, 24.0, 33.0]  Order: [11.84, 11.81, 11.78] Demand: [11.99]
Reward for thread 3: [-38.08, -25.75, -26.31] -30.05  Inventory: [0.0, 0.0, 13.0]  Order: [13.93, 14.02, 14.17] Demand: [14.375]
Reward for thread 4: [-37.41, -39.29, -30.88] -35.86  Inventory: [0.0, 0.0, 0.0]  Order: [12.52, 12.27, 12.29] Demand: [12.955]
Reward for thread 5: [-9.84, -14.37, -16.61] -13.61  Inventory: [4.0, 12.0, 30.0]  Order: [6.32, 6.15, 6.05] Demand: [6.46]

 Algo happo Exp ippo_seed13_formal_v1 updates 703/3000 episodes, total num timesteps 704000/3000000, FPS 118.

Reward for thread 1: [-8.75, -12.96, -14.86] -12.19  Inventory: [5.0, 0.0, 11.0]  Order: [5.3, 5.19, 5.15] Demand: [5.445]
Reward for thread 2: [-11.73, -17.64, -19.89] -16.42  Inventory: [0.0, 5.0, 26.0]  Order: [4.74, 4.58, 4.46] Demand: [4.91]
Reward for thread 3: [-11.75, -18.31, -20.15] -16.74  Inventory: [5.0, 25.0, 37.0]  Order: [5.28, 5.18, 5.26] Demand: [5.38]
Reward for thread 4: [-11.06, -16.16, -18.38] -15.2  Inventory: [10.0, 29.0, 15.0]  Order: [6.52, 6.45, 6.32] Demand: [6.7]
Reward for thread 5: [-11.38, -15.16, -16.71] -14.42  Inventory: [0.0, 0.0, 19.0]  Order: [4.88, 4.79, 4.68] Demand: [4.975]

 Algo happo Exp ippo_seed13_formal_v1 updates 704/3000 episodes, total num timesteps 705000/3000000, FPS 118.

Reward for thread 1: [-24.66, -25.81, -26.86] -25.78  Inventory: [0.0, 0.0, 0.0]  Order: [7.63, 7.72, 7.64] Demand: [7.69]
Reward for thread 2: [-89.51, -39.47, -39.32] -56.1  Inventory: [0.0, 0.0, 0.0]  Order: [14.89, 15.01, 15.08] Demand: [15.59]
Reward for thread 3: [-10.92, -16.18, -18.54] -15.21  Inventory: [2.0, 16.0, 41.0]  Order: [5.0, 4.83, 4.78] Demand: [5.195]
Reward for thread 4: [-21.9, -22.19, -25.87] -23.32  Inventory: [9.0, 7.0, 0.0]  Order: [10.84, 10.8, 10.7] Demand: [10.97]
Reward for thread 5: [-9.88, -15.45, -19.3] -14.88  Inventory: [0.0, 0.0, 6.0]  Order: [3.02, 2.8, 2.7] Demand: [3.115]

Eval average reward:  -28.30625  Eval ordering fluctuation measurement (downstream to upstream):  [0.8541375545143911, 1.065462238193988, 1.1904604852468315]

 Algo happo Exp ippo_seed13_formal_v1 updates 705/3000 episodes, total num timesteps 706000/3000000, FPS 118.

Reward for thread 1: [-35.74, -29.16, -28.58] -31.16  Inventory: [0.0, 0.0, 16.0]  Order: [10.54, 10.47, 10.4] Demand: [10.645]
Reward for thread 2: [-9.75, -15.54, -18.94] -14.74  Inventory: [0.0, 27.0, 17.0]  Order: [3.48, 3.38, 3.21] Demand: [3.73]
Reward for thread 3: [-42.03, -38.54, -31.96] -37.51  Inventory: [0.0, 0.0, 0.0]  Order: [9.07, 9.06, 9.09] Demand: [9.35]
Reward for thread 4: [-59.09, -36.93, -34.84] -43.62  Inventory: [39.0, 32.0, 19.0]  Order: [11.04, 10.98, 10.92] Demand: [11.085]
Reward for thread 5: [-10.72, -18.39, -20.03] -16.38  Inventory: [6.0, 32.0, 22.0]  Order: [3.81, 3.72, 3.58] Demand: [4.03]

 Algo happo Exp ippo_seed13_formal_v1 updates 706/3000 episodes, total num timesteps 707000/3000000, FPS 118.

Reward for thread 1: [-20.86, -26.84, -24.72] -24.14  Inventory: [0.0, 0.0, 0.0]  Order: [8.95, 8.8, 8.73] Demand: [9.11]
Reward for thread 2: [-12.09, -16.23, -17.44] -15.25  Inventory: [0.0, 0.0, 17.0]  Order: [5.95, 5.83, 5.84] Demand: [5.92]
Reward for thread 3: [-16.98, -20.81, -23.8] -20.53  Inventory: [0.0, 0.0, 0.0]  Order: [7.42, 7.5, 7.4] Demand: [7.48]
Reward for thread 4: [-153.06, -66.44, -60.58] -93.36  Inventory: [0.0, 0.0, 9.0]  Order: [13.06, 13.02, 13.12] Demand: [13.53]
Reward for thread 5: [-208.19, -87.71, -75.17] -123.69  Inventory: [32.0, 28.0, 66.0]  Order: [12.74, 12.62, 12.7] Demand: [12.8]

 Algo happo Exp ippo_seed13_formal_v1 updates 707/3000 episodes, total num timesteps 708000/3000000, FPS 118.

Reward for thread 1: [-11.59, -17.81, -22.56] -17.32  Inventory: [6.0, 16.0, 22.0]  Order: [2.53, 2.37, 2.24] Demand: [2.75]
Reward for thread 2: [-88.22, -42.25, -39.02] -56.5  Inventory: [0.0, 0.0, 0.0]  Order: [11.1, 11.06, 11.08] Demand: [13.025]
Reward for thread 3: [-13.25, -19.8, -21.83] -18.29  Inventory: [5.0, 9.0, 0.0]  Order: [5.18, 5.24, 5.1] Demand: [5.295]
Reward for thread 4: [-12.17, -16.25, -19.63] -16.02  Inventory: [0.0, 1.0, 6.0]  Order: [7.72, 7.55, 7.52] Demand: [7.875]
Reward for thread 5: [-8.27, -12.15, -15.6] -12.01  Inventory: [0.0, 0.0, 0.0]  Order: [4.53, 4.42, 4.38] Demand: [4.66]

 Algo happo Exp ippo_seed13_formal_v1 updates 708/3000 episodes, total num timesteps 709000/3000000, FPS 118.

Reward for thread 1: [-16.47, -19.51, -18.66] -18.21  Inventory: [0.0, 0.0, 6.0]  Order: [6.46, 6.34, 6.4] Demand: [6.585]
Reward for thread 2: [-42.15, -23.49, -24.16] -29.93  Inventory: [0.0, 15.0, 9.0]  Order: [9.49, 9.67, 9.86] Demand: [10.59]
Reward for thread 3: [-21.43, -24.52, -23.6] -23.18  Inventory: [12.0, 17.0, 8.0]  Order: [6.32, 6.22, 6.06] Demand: [6.51]
Reward for thread 4: [-16.42, -22.33, -22.69] -20.48  Inventory: [0.0, 0.0, 0.0]  Order: [6.34, 6.13, 6.07] Demand: [6.325]
Reward for thread 5: [-40.77, -29.49, -29.03] -33.1  Inventory: [5.0, 2.0, 18.0]  Order: [9.99, 9.8, 9.68] Demand: [10.125]

 Algo happo Exp ippo_seed13_formal_v1 updates 709/3000 episodes, total num timesteps 710000/3000000, FPS 118.

Reward for thread 1: [-12.04, -16.76, -17.29] -15.36  Inventory: [29.0, 0.0, 0.0]  Order: [5.03, 4.96, 5.04] Demand: [4.94]
Reward for thread 2: [-35.04, -36.04, -28.46] -33.18  Inventory: [0.0, 0.0, 0.0]  Order: [11.34, 11.18, 11.28] Demand: [11.65]
Reward for thread 3: [-9.82, -15.11, -17.48] -14.14  Inventory: [3.0, 16.0, 33.0]  Order: [3.58, 3.41, 3.32] Demand: [3.805]
Reward for thread 4: [-13.06, -18.21, -18.75] -16.67  Inventory: [0.0, 8.0, 0.0]  Order: [6.3, 6.29, 6.18] Demand: [6.46]
Reward for thread 5: [-24.85, -28.13, -26.3] -26.43  Inventory: [0.0, 0.0, 4.0]  Order: [11.68, 11.68, 11.54] Demand: [11.77]

Eval average reward:  -37.0275  Eval ordering fluctuation measurement (downstream to upstream):  [0.9012013948526111, 0.9865190845554146, 1.1884323646852262]

 Algo happo Exp ippo_seed13_formal_v1 updates 710/3000 episodes, total num timesteps 711000/3000000, FPS 118.

Reward for thread 1: [-9.9, -15.02, -17.77] -14.23  Inventory: [3.0, 14.0, 31.0]  Order: [5.4, 5.24, 5.14] Demand: [5.585]
Reward for thread 2: [-59.62, -33.94, -34.95] -42.84  Inventory: [0.0, 22.0, 79.0]  Order: [14.4, 14.28, 14.43] Demand: [14.57]
Reward for thread 3: [-25.82, -22.25, -22.93] -23.67  Inventory: [4.0, 10.0, 9.0]  Order: [8.22, 8.38, 8.57] Demand: [8.1]
Reward for thread 4: [-23.06, -17.1, -21.13] -20.43  Inventory: [0.0, 0.0, 0.0]  Order: [10.07, 10.15, 10.24] Demand: [10.46]
Reward for thread 5: [-40.72, -26.99, -27.42] -31.71  Inventory: [0.0, 0.0, 0.0]  Order: [13.68, 13.8, 13.61] Demand: [14.015]

 Algo happo Exp ippo_seed13_formal_v1 updates 711/3000 episodes, total num timesteps 712000/3000000, FPS 118.

Reward for thread 1: [-73.12, -40.4, -37.74] -50.42  Inventory: [262.0, 4.0, 0.0]  Order: [5.74, 5.74, 5.58] Demand: [4.555]
Reward for thread 2: [-9.45, -12.63, -17.76] -13.28  Inventory: [0.0, 0.0, 28.0]  Order: [3.68, 3.42, 3.32] Demand: [3.81]
Reward for thread 3: [-21.47, -23.27, -21.02] -21.92  Inventory: [10.0, 26.0, 38.0]  Order: [9.98, 9.87, 9.82] Demand: [10.16]
Reward for thread 4: [-38.81, -39.27, -32.99] -37.02  Inventory: [10.0, 25.0, 18.0]  Order: [8.93, 8.82, 8.78] Demand: [9.125]
Reward for thread 5: [-20.39, -23.87, -21.56] -21.94  Inventory: [0.0, 0.0, 0.0]  Order: [7.62, 7.56, 7.54] Demand: [7.725]

 Algo happo Exp ippo_seed13_formal_v1 updates 712/3000 episodes, total num timesteps 713000/3000000, FPS 118.

Reward for thread 1: [-10.37, -14.49, -18.39] -14.42  Inventory: [3.0, 16.0, 25.0]  Order: [5.13, 4.99, 4.88] Demand: [5.36]
Reward for thread 2: [-11.87, -15.47, -16.53] -14.62  Inventory: [5.0, 0.0, 0.0]  Order: [7.18, 7.2, 7.12] Demand: [7.27]
Reward for thread 3: [-59.26, -43.94, -37.14] -46.78  Inventory: [0.0, 2.0, 0.0]  Order: [15.9, 16.2, 16.2] Demand: [16.005]
Reward for thread 4: [-59.48, -53.72, -33.2] -48.8  Inventory: [0.0, 0.0, 0.0]  Order: [13.32, 12.65, 12.65] Demand: [13.735]
Reward for thread 5: [-101.61, -84.28, -48.92] -78.27  Inventory: [0.0, 0.0, 11.0]  Order: [14.02, 13.34, 13.54] Demand: [14.76]

 Algo happo Exp ippo_seed13_formal_v1 updates 713/3000 episodes, total num timesteps 714000/3000000, FPS 118.

Reward for thread 1: [-30.96, -26.74, -25.29] -27.66  Inventory: [2.0, 21.0, 14.0]  Order: [4.32, 4.18, 4.03] Demand: [4.555]
Reward for thread 2: [-15.92, -18.93, -19.66] -18.17  Inventory: [11.0, 7.0, 6.0]  Order: [6.07, 5.94, 5.85] Demand: [6.25]
Reward for thread 3: [-22.59, -23.51, -25.54] -23.88  Inventory: [7.0, 30.0, 22.0]  Order: [9.58, 9.48, 9.35] Demand: [9.775]
Reward for thread 4: [-27.86, -27.06, -23.1] -26.01  Inventory: [0.0, 0.0, 0.0]  Order: [11.33, 11.4, 11.53] Demand: [11.275]
Reward for thread 5: [-9.0, -15.18, -18.33] -14.17  Inventory: [3.0, 21.0, 21.0]  Order: [3.25, 3.1, 2.96] Demand: [3.48]

 Algo happo Exp ippo_seed13_formal_v1 updates 714/3000 episodes, total num timesteps 715000/3000000, FPS 118.

Reward for thread 1: [-239.14, -173.88, -98.34] -170.45  Inventory: [0.0, 0.0, 0.0]  Order: [15.55, 13.7, 13.61] Demand: [16.87]
Reward for thread 2: [-38.0, -44.66, -34.61] -39.09  Inventory: [3.0, 22.0, 17.0]  Order: [8.9, 8.82, 8.7] Demand: [9.045]
Reward for thread 3: [-22.9, -23.29, -24.91] -23.7  Inventory: [0.0, 10.0, 0.0]  Order: [8.32, 8.28, 8.17] Demand: [8.53]
Reward for thread 4: [-42.28, -40.03, -32.99] -38.43  Inventory: [0.0, 0.0, 16.0]  Order: [10.42, 9.88, 10.02] Demand: [10.74]
Reward for thread 5: [-34.4, -30.99, -26.19] -30.53  Inventory: [4.0, 21.0, 21.0]  Order: [7.15, 7.02, 6.88] Demand: [7.35]

Eval average reward:  -52.40866666666666  Eval ordering fluctuation measurement (downstream to upstream):  [0.9522335132889059, 0.9926435363610565, 1.136263493771842]

 Algo happo Exp ippo_seed13_formal_v1 updates 715/3000 episodes, total num timesteps 716000/3000000, FPS 118.

Reward for thread 1: [-24.57, -22.95, -22.83] -23.45  Inventory: [0.0, 15.0, 0.0]  Order: [9.07, 9.08, 9.02] Demand: [9.225]
Reward for thread 2: [-16.25, -20.3, -19.8] -18.78  Inventory: [0.0, 5.0, 7.0]  Order: [6.56, 6.39, 6.26] Demand: [6.69]
Reward for thread 3: [-27.95, -27.2, -26.79] -27.31  Inventory: [2.0, 17.0, 24.0]  Order: [8.75, 8.6, 8.48] Demand: [8.97]
Reward for thread 4: [-52.51, -79.83, -42.44] -58.26  Inventory: [0.0, 0.0, 0.0]  Order: [13.87, 13.31, 13.32] Demand: [13.425]
Reward for thread 5: [-70.04, -83.9, -43.47] -65.8  Inventory: [11.0, 26.0, 3.0]  Order: [13.2, 13.18, 13.09] Demand: [13.31]

 Algo happo Exp ippo_seed13_formal_v1 updates 716/3000 episodes, total num timesteps 717000/3000000, FPS 118.

Reward for thread 1: [-8.39, -13.87, -15.88] -12.71  Inventory: [0.0, 18.0, 36.0]  Order: [3.09, 2.94, 2.88] Demand: [3.33]
Reward for thread 2: [-44.34, -37.7, -31.92] -37.99  Inventory: [0.0, 0.0, 0.0]  Order: [12.91, 12.91, 12.89] Demand: [12.94]
Reward for thread 3: [-245.05, -76.1, -75.02] -132.06  Inventory: [0.0, 6.0, 0.0]  Order: [9.72, 9.7, 9.51] Demand: [15.29]
Reward for thread 4: [-10.49, -14.66, -16.56] -13.9  Inventory: [0.0, 0.0, 27.0]  Order: [6.48, 6.28, 6.18] Demand: [6.595]
Reward for thread 5: [-18.53, -19.76, -18.28] -18.86  Inventory: [0.0, 0.0, 0.0]  Order: [10.27, 10.28, 10.38] Demand: [10.225]

 Algo happo Exp ippo_seed13_formal_v1 updates 717/3000 episodes, total num timesteps 718000/3000000, FPS 118.

Reward for thread 1: [-28.26, -23.04, -24.9] -25.4  Inventory: [0.0, 1.0, 0.0]  Order: [14.07, 14.18, 14.15] Demand: [14.115]
Reward for thread 2: [-162.58, -58.43, -57.56] -92.86  Inventory: [0.0, 0.0, 13.0]  Order: [9.7, 9.57, 9.6] Demand: [10.38]
Reward for thread 3: [-8.51, -15.13, -16.55] -13.4  Inventory: [5.0, 19.0, 20.0]  Order: [4.13, 3.98, 3.84] Demand: [4.335]
Reward for thread 4: [-140.69, -59.31, -50.9] -83.63  Inventory: [0.0, 0.0, 13.0]  Order: [9.9, 9.68, 9.66] Demand: [10.06]
Reward for thread 5: [-51.03, -30.35, -32.4] -37.93  Inventory: [0.0, 0.0, 0.0]  Order: [14.87, 15.0, 14.98] Demand: [16.185]

 Algo happo Exp ippo_seed13_formal_v1 updates 718/3000 episodes, total num timesteps 719000/3000000, FPS 118.

Reward for thread 1: [-19.97, -24.18, -23.28] -22.48  Inventory: [2.0, 29.0, 29.0]  Order: [9.64, 9.56, 9.46] Demand: [9.79]
Reward for thread 2: [-15.86, -20.96, -22.2] -19.67  Inventory: [0.0, 26.0, 36.0]  Order: [6.82, 6.7, 6.63] Demand: [7.04]
Reward for thread 3: [-14.47, -22.53, -21.14] -19.38  Inventory: [0.0, 0.0, 0.0]  Order: [9.41, 9.38, 9.53] Demand: [9.12]
Reward for thread 4: [-138.68, -58.47, -51.69] -82.95  Inventory: [0.0, 0.0, 3.0]  Order: [11.84, 11.66, 11.72] Demand: [13.43]
Reward for thread 5: [-31.08, -31.78, -26.69] -29.85  Inventory: [11.0, 22.0, 16.0]  Order: [11.36, 11.32, 11.34] Demand: [11.465]

 Algo happo Exp ippo_seed13_formal_v1 updates 719/3000 episodes, total num timesteps 720000/3000000, FPS 118.

Reward for thread 1: [-12.1, -18.54, -20.59] -17.08  Inventory: [0.0, 0.0, 0.0]  Order: [2.16, 2.0, 1.92] Demand: [2.255]
Reward for thread 2: [-12.32, -14.92, -16.24] -14.49  Inventory: [0.0, 6.0, 0.0]  Order: [7.66, 7.73, 7.58] Demand: [7.795]
Reward for thread 3: [-38.43, -31.37, -25.83] -31.88  Inventory: [0.0, 0.0, 0.0]  Order: [10.42, 10.44, 10.46] Demand: [10.525]
Reward for thread 4: [-15.27, -19.24, -19.6] -18.04  Inventory: [0.0, 15.0, 19.0]  Order: [6.28, 6.14, 6.06] Demand: [6.45]
Reward for thread 5: [-12.76, -14.15, -17.06] -14.66  Inventory: [5.0, 12.0, 27.0]  Order: [5.73, 5.54, 5.46] Demand: [5.92]

Eval average reward:  -57.520083333333325  Eval ordering fluctuation measurement (downstream to upstream):  [1.057803665622593, 1.1058741039597553, 1.1956315141548624]

 Algo happo Exp ippo_seed13_formal_v1 updates 720/3000 episodes, total num timesteps 721000/3000000, FPS 118.

Reward for thread 1: [-125.48, -79.04, -52.26] -85.59  Inventory: [22.0, 23.0, 31.0]  Order: [14.64, 14.7, 14.64] Demand: [14.74]
Reward for thread 2: [-99.76, -53.45, -45.44] -66.22  Inventory: [0.0, 0.0, 27.0]  Order: [11.88, 11.3, 11.48] Demand: [13.71]
Reward for thread 3: [-10.22, -16.86, -19.63] -15.57  Inventory: [0.0, 13.0, 18.0]  Order: [2.06, 1.88, 1.75] Demand: [2.295]
Reward for thread 4: [-49.87, -63.6, -37.66] -50.38  Inventory: [0.0, 0.0, 25.0]  Order: [10.9, 10.46, 10.34] Demand: [12.055]
Reward for thread 5: [-7.8, -12.94, -17.31] -12.68  Inventory: [0.0, 8.0, 14.0]  Order: [2.1, 1.91, 1.74] Demand: [2.33]

 Algo happo Exp ippo_seed13_formal_v1 updates 721/3000 episodes, total num timesteps 722000/3000000, FPS 118.

Reward for thread 1: [-9.49, -12.7, -14.41] -12.2  Inventory: [9.0, 19.0, 21.0]  Order: [5.66, 5.52, 5.46] Demand: [5.825]
Reward for thread 2: [-33.25, -26.14, -23.5] -27.63  Inventory: [0.0, 0.0, 18.0]  Order: [12.35, 12.4, 12.58] Demand: [12.705]
Reward for thread 3: [-12.63, -16.5, -19.04] -16.06  Inventory: [0.0, 0.0, 0.0]  Order: [3.84, 3.7, 3.56] Demand: [3.865]
Reward for thread 4: [-67.26, -35.27, -35.9] -46.14  Inventory: [0.0, 0.0, 8.0]  Order: [11.74, 11.6, 11.56] Demand: [14.235]
Reward for thread 5: [-47.93, -30.02, -27.68] -35.21  Inventory: [0.0, 0.0, 0.0]  Order: [13.04, 13.04, 13.16] Demand: [13.685]

 Algo happo Exp ippo_seed13_formal_v1 updates 722/3000 episodes, total num timesteps 723000/3000000, FPS 118.

Reward for thread 1: [-21.46, -21.42, -23.8] -22.23  Inventory: [15.0, 11.0, 33.0]  Order: [8.52, 8.54, 8.6] Demand: [8.545]
Reward for thread 2: [-8.97, -13.49, -17.8] -13.42  Inventory: [2.0, 15.0, 17.0]  Order: [3.74, 3.64, 3.66] Demand: [3.94]
Reward for thread 3: [-13.41, -16.95, -25.39] -18.58  Inventory: [0.0, 12.0, 30.0]  Order: [1.68, 1.5, 1.41] Demand: [1.91]
Reward for thread 4: [-47.42, -38.98, -29.7] -38.7  Inventory: [7.0, 40.0, 61.0]  Order: [11.58, 11.55, 11.62] Demand: [11.645]
Reward for thread 5: [-119.46, -64.26, -49.26] -77.66  Inventory: [0.0, 0.0, 0.0]  Order: [12.14, 11.95, 11.82] Demand: [13.09]

 Algo happo Exp ippo_seed13_formal_v1 updates 723/3000 episodes, total num timesteps 724000/3000000, FPS 118.

Reward for thread 1: [-14.53, -18.46, -19.94] -17.64  Inventory: [0.0, 30.0, 11.0]  Order: [10.01, 10.04, 10.09] Demand: [10.115]
Reward for thread 2: [-13.18, -15.38, -19.37] -15.98  Inventory: [2.0, 13.0, 12.0]  Order: [3.68, 3.5, 3.38] Demand: [3.895]
Reward for thread 3: [-17.51, -24.6, -31.58] -24.56  Inventory: [0.0, 15.0, 28.0]  Order: [4.57, 4.4, 4.32] Demand: [4.82]
Reward for thread 4: [-22.56, -21.72, -20.22] -21.5  Inventory: [11.0, 53.0, 46.0]  Order: [11.08, 11.1, 11.08] Demand: [11.205]
Reward for thread 5: [-11.5, -17.9, -18.77] -16.06  Inventory: [0.0, 0.0, 7.0]  Order: [5.82, 5.68, 5.52] Demand: [6.02]

 Algo happo Exp ippo_seed13_formal_v1 updates 724/3000 episodes, total num timesteps 725000/3000000, FPS 118.

Reward for thread 1: [-9.55, -17.34, -18.69] -15.19  Inventory: [1.0, 15.0, 11.0]  Order: [2.67, 2.52, 2.33] Demand: [2.91]
Reward for thread 2: [-18.74, -23.84, -21.42] -21.33  Inventory: [0.0, 19.0, 0.0]  Order: [7.44, 7.42, 7.43] Demand: [7.605]
Reward for thread 3: [-125.42, -57.48, -50.93] -77.94  Inventory: [0.0, 0.0, 0.0]  Order: [11.9, 11.88, 11.9] Demand: [14.665]
Reward for thread 4: [-54.76, -38.66, -33.28] -42.23  Inventory: [0.0, 24.0, 24.0]  Order: [8.97, 8.85, 8.72] Demand: [9.21]
Reward for thread 5: [-12.17, -15.62, -17.19] -14.99  Inventory: [5.0, 0.0, 0.0]  Order: [5.84, 5.72, 5.66] Demand: [5.95]

Eval average reward:  -41.0005  Eval ordering fluctuation measurement (downstream to upstream):  [0.943584353490326, 1.0602700193967982, 1.1803062121284325]

 Algo happo Exp ippo_seed13_formal_v1 updates 725/3000 episodes, total num timesteps 726000/3000000, FPS 118.

Reward for thread 1: [-13.41, -15.92, -15.73] -15.02  Inventory: [8.0, 14.0, 29.0]  Order: [8.73, 8.68, 8.66] Demand: [8.785]
Reward for thread 2: [-15.36, -20.28, -21.92] -19.19  Inventory: [0.0, 5.0, 11.0]  Order: [5.82, 5.89, 5.87] Demand: [5.985]
Reward for thread 3: [-23.94, -19.87, -21.24] -21.68  Inventory: [0.0, 6.0, 4.0]  Order: [13.0, 12.97, 13.0] Demand: [13.095]
Reward for thread 4: [-16.47, -14.98, -16.57] -16.01  Inventory: [0.0, 3.0, 6.0]  Order: [7.32, 7.44, 7.48] Demand: [7.43]
Reward for thread 5: [-91.62, -38.98, -38.9] -56.5  Inventory: [8.0, 24.0, 6.0]  Order: [12.88, 12.9, 12.86] Demand: [12.985]

 Algo happo Exp ippo_seed13_formal_v1 updates 726/3000 episodes, total num timesteps 727000/3000000, FPS 118.

Reward for thread 1: [-17.82, -23.65, -21.89] -21.12  Inventory: [0.0, 15.0, 36.0]  Order: [7.72, 7.56, 7.48] Demand: [7.885]
Reward for thread 2: [-8.52, -13.53, -15.16] -12.4  Inventory: [0.0, 18.0, 21.0]  Order: [4.42, 4.3, 4.15] Demand: [4.625]
Reward for thread 3: [-11.25, -17.05, -18.85] -15.72  Inventory: [3.0, 24.0, 34.0]  Order: [3.64, 3.52, 3.44] Demand: [3.87]
Reward for thread 4: [-26.12, -28.82, -26.83] -27.26  Inventory: [12.0, 35.0, 21.0]  Order: [9.44, 9.51, 9.44] Demand: [9.59]
Reward for thread 5: [-10.18, -15.06, -16.85] -14.03  Inventory: [1.0, 14.0, 16.0]  Order: [5.04, 5.08, 5.12] Demand: [5.15]

 Algo happo Exp ippo_seed13_formal_v1 updates 727/3000 episodes, total num timesteps 728000/3000000, FPS 118.

Reward for thread 1: [-26.13, -21.98, -23.24] -23.78  Inventory: [0.0, 17.0, 25.0]  Order: [5.15, 5.01, 5.03] Demand: [5.315]
Reward for thread 2: [-17.49, -19.01, -20.36] -18.95  Inventory: [0.0, 9.0, 23.0]  Order: [8.94, 8.86, 8.74] Demand: [9.035]
Reward for thread 3: [-12.61, -17.3, -16.74] -15.55  Inventory: [0.0, 26.0, 9.0]  Order: [6.36, 6.48, 6.44] Demand: [6.465]
Reward for thread 4: [-11.96, -18.66, -20.56] -17.06  Inventory: [1.0, 39.0, 14.0]  Order: [7.82, 8.0, 7.9] Demand: [7.96]
Reward for thread 5: [-10.08, -17.76, -17.07] -14.97  Inventory: [0.0, 20.0, 27.0]  Order: [4.02, 3.87, 3.82] Demand: [4.21]

 Algo happo Exp ippo_seed13_formal_v1 updates 728/3000 episodes, total num timesteps 729000/3000000, FPS 118.

Reward for thread 1: [-10.95, -16.27, -19.72] -15.65  Inventory: [0.0, 14.0, 0.0]  Order: [4.74, 4.69, 4.5] Demand: [4.955]
Reward for thread 2: [-17.14, -20.67, -18.66] -18.82  Inventory: [0.0, 0.0, 0.0]  Order: [8.34, 8.4, 8.26] Demand: [8.45]
Reward for thread 3: [-20.4, -22.02, -24.7] -22.37  Inventory: [0.0, 0.0, 0.0]  Order: [9.64, 9.47, 9.34] Demand: [9.705]
Reward for thread 4: [-10.6, -16.24, -17.03] -14.62  Inventory: [0.0, 13.0, 11.0]  Order: [4.51, 4.46, 4.42] Demand: [4.725]
Reward for thread 5: [-124.82, -54.37, -45.75] -74.98  Inventory: [0.0, 0.0, 0.0]  Order: [11.36, 11.13, 11.0] Demand: [13.2]

 Algo happo Exp ippo_seed13_formal_v1 updates 729/3000 episodes, total num timesteps 730000/3000000, FPS 118.

Reward for thread 1: [-10.98, -17.05, -17.97] -15.33  Inventory: [1.0, 25.0, 39.0]  Order: [5.78, 5.68, 5.63] Demand: [5.935]
Reward for thread 2: [-143.39, -59.77, -53.74] -85.63  Inventory: [0.0, 0.0, 0.0]  Order: [14.42, 14.35, 14.36] Demand: [15.235]
Reward for thread 3: [-20.57, -35.42, -24.6] -26.86  Inventory: [25.0, 13.0, 31.0]  Order: [6.36, 6.36, 6.39] Demand: [6.255]
Reward for thread 4: [-14.81, -19.64, -25.03] -19.83  Inventory: [0.0, 0.0, 0.0]  Order: [4.03, 3.86, 3.6] Demand: [4.2]
Reward for thread 5: [-9.51, -16.11, -19.15] -14.92  Inventory: [0.0, 7.0, 15.0]  Order: [2.72, 2.6, 2.48] Demand: [2.88]

Eval average reward:  -44.67425  Eval ordering fluctuation measurement (downstream to upstream):  [0.8717852733428917, 1.0043022388722143, 1.1586522378593682]

 Algo happo Exp ippo_seed13_formal_v1 updates 730/3000 episodes, total num timesteps 731000/3000000, FPS 118.

Reward for thread 1: [-25.28, -20.62, -24.24] -23.38  Inventory: [0.0, 10.0, 10.0]  Order: [12.66, 12.78, 12.84] Demand: [12.905]
Reward for thread 2: [-15.88, -22.27, -23.09] -20.41  Inventory: [0.0, 0.0, 0.0]  Order: [5.18, 4.96, 4.78] Demand: [5.295]
Reward for thread 3: [-146.17, -64.11, -55.0] -88.43  Inventory: [0.0, 0.0, 0.0]  Order: [15.15, 14.98, 15.0] Demand: [17.02]
Reward for thread 4: [-16.09, -18.14, -21.16] -18.46  Inventory: [3.0, 5.0, 32.0]  Order: [6.5, 6.3, 6.22] Demand: [6.68]
Reward for thread 5: [-298.71, -94.59, -91.85] -161.72  Inventory: [0.0, 0.0, 23.0]  Order: [9.54, 9.52, 9.52] Demand: [14.915]

 Algo happo Exp ippo_seed13_formal_v1 updates 731/3000 episodes, total num timesteps 732000/3000000, FPS 118.

Reward for thread 1: [-9.02, -15.22, -17.94] -14.06  Inventory: [2.0, 18.0, 10.0]  Order: [3.44, 3.36, 3.22] Demand: [3.645]
Reward for thread 2: [-15.57, -21.15, -18.35] -18.36  Inventory: [0.0, 27.0, 15.0]  Order: [7.24, 7.36, 7.32] Demand: [7.44]
Reward for thread 3: [-9.69, -16.65, -17.87] -14.74  Inventory: [0.0, 7.0, 44.0]  Order: [2.76, 2.56, 2.54] Demand: [2.94]
Reward for thread 4: [-10.73, -15.66, -16.62] -14.34  Inventory: [0.0, 0.0, 0.0]  Order: [6.52, 6.41, 6.32] Demand: [6.56]
Reward for thread 5: [-150.47, -76.52, -56.94] -94.64  Inventory: [0.0, 0.0, 0.0]  Order: [14.21, 14.23, 14.1] Demand: [14.275]

 Algo happo Exp ippo_seed13_formal_v1 updates 732/3000 episodes, total num timesteps 733000/3000000, FPS 118.

Reward for thread 1: [-10.28, -16.2, -17.79] -14.76  Inventory: [7.0, 19.0, 22.0]  Order: [3.97, 3.82, 3.69] Demand: [4.175]
Reward for thread 2: [-60.97, -49.17, -35.87] -48.67  Inventory: [0.0, 0.0, 0.0]  Order: [13.42, 13.04, 13.01] Demand: [13.53]
Reward for thread 3: [-9.69, -15.67, -17.68] -14.35  Inventory: [0.0, 7.0, 15.0]  Order: [3.5, 3.39, 3.32] Demand: [3.69]
Reward for thread 4: [-65.7, -40.41, -34.2] -46.77  Inventory: [0.0, 0.0, 8.0]  Order: [12.11, 11.85, 11.98] Demand: [12.625]
Reward for thread 5: [-39.06, -32.42, -28.09] -33.19  Inventory: [0.0, 0.0, 22.0]  Order: [8.38, 8.24, 8.44] Demand: [9.305]

 Algo happo Exp ippo_seed13_formal_v1 updates 733/3000 episodes, total num timesteps 734000/3000000, FPS 118.

Reward for thread 1: [-67.77, -45.06, -40.09] -50.97  Inventory: [0.0, 0.0, 4.0]  Order: [7.66, 7.65, 7.61] Demand: [7.76]
Reward for thread 2: [-9.08, -14.38, -15.97] -13.14  Inventory: [0.0, 1.0, 3.0]  Order: [4.3, 4.14, 4.01] Demand: [4.525]
Reward for thread 3: [-17.59, -28.78, -26.71] -24.36  Inventory: [35.0, 52.0, 25.0]  Order: [1.76, 1.77, 1.65] Demand: [1.82]
Reward for thread 4: [-14.41, -17.21, -19.84] -17.15  Inventory: [0.0, 0.0, 17.0]  Order: [5.63, 5.37, 5.34] Demand: [5.785]
Reward for thread 5: [-13.08, -16.13, -16.79] -15.33  Inventory: [0.0, 0.0, 0.0]  Order: [8.04, 8.14, 8.19] Demand: [8.085]

 Algo happo Exp ippo_seed13_formal_v1 updates 734/3000 episodes, total num timesteps 735000/3000000, FPS 118.

Reward for thread 1: [-9.47, -14.21, -16.47] -13.38  Inventory: [5.0, 22.0, 20.0]  Order: [4.36, 4.24, 4.16] Demand: [4.585]
Reward for thread 2: [-34.59, -30.21, -27.36] -30.72  Inventory: [1.0, 9.0, 7.0]  Order: [9.59, 9.43, 9.22] Demand: [9.78]
Reward for thread 3: [-91.89, -45.83, -38.16] -58.63  Inventory: [0.0, 0.0, 5.0]  Order: [16.14, 15.82, 15.86] Demand: [17.215]
Reward for thread 4: [-48.8, -48.27, -29.82] -42.3  Inventory: [0.0, 0.0, 0.0]  Order: [13.48, 12.52, 12.53] Demand: [12.925]
Reward for thread 5: [-17.31, -18.19, -18.42] -17.97  Inventory: [9.0, 56.0, 53.0]  Order: [9.88, 9.93, 9.94] Demand: [9.94]

Eval average reward:  -48.2905  Eval ordering fluctuation measurement (downstream to upstream):  [0.855772366308242, 1.0116817920564656, 1.1750973236624562]

 Algo happo Exp ippo_seed13_formal_v1 updates 735/3000 episodes, total num timesteps 736000/3000000, FPS 118.

Reward for thread 1: [-10.92, -14.92, -18.16] -14.67  Inventory: [4.0, 11.0, 34.0]  Order: [4.96, 4.77, 4.69] Demand: [5.165]
Reward for thread 2: [-9.67, -15.17, -16.58] -13.81  Inventory: [0.0, 24.0, 33.0]  Order: [3.52, 3.48, 3.4] Demand: [3.67]
Reward for thread 3: [-19.37, -22.38, -19.94] -20.56  Inventory: [0.0, 0.0, 6.0]  Order: [8.32, 8.21, 8.35] Demand: [8.24]
Reward for thread 4: [-12.2, -20.07, -19.88] -17.38  Inventory: [3.0, 11.0, 33.0]  Order: [3.66, 3.5, 3.41] Demand: [3.86]
Reward for thread 5: [-14.71, -19.6, -19.93] -18.08  Inventory: [0.0, 19.0, 23.0]  Order: [7.44, 7.31, 7.19] Demand: [7.615]

 Algo happo Exp ippo_seed13_formal_v1 updates 736/3000 episodes, total num timesteps 737000/3000000, FPS 118.

Reward for thread 1: [-19.27, -19.01, -18.88] -19.05  Inventory: [0.0, 0.0, 0.0]  Order: [9.44, 9.2, 9.04] Demand: [9.725]
Reward for thread 2: [-12.72, -18.03, -18.59] -16.45  Inventory: [27.0, 22.0, 24.0]  Order: [3.14, 3.03, 2.9] Demand: [3.26]
Reward for thread 3: [-22.8, -23.63, -21.04] -22.49  Inventory: [0.0, 0.0, 0.0]  Order: [10.56, 10.64, 10.64] Demand: [10.54]
Reward for thread 4: [-10.59, -15.38, -18.13] -14.7  Inventory: [13.0, 15.0, 0.0]  Order: [4.69, 4.64, 4.58] Demand: [4.845]
Reward for thread 5: [-9.38, -13.16, -15.32] -12.62  Inventory: [16.0, 20.0, 19.0]  Order: [4.46, 4.33, 4.2] Demand: [4.63]

 Algo happo Exp ippo_seed13_formal_v1 updates 737/3000 episodes, total num timesteps 738000/3000000, FPS 118.

Reward for thread 1: [-9.59, -15.02, -16.09] -13.57  Inventory: [4.0, 7.0, 0.0]  Order: [3.86, 3.72, 3.55] Demand: [3.945]
Reward for thread 2: [-113.91, -97.32, -53.42] -88.22  Inventory: [0.0, 0.0, 9.0]  Order: [16.48, 14.88, 15.02] Demand: [16.775]
Reward for thread 3: [-10.32, -15.76, -17.39] -14.49  Inventory: [2.0, 13.0, 34.0]  Order: [4.6, 4.42, 4.34] Demand: [4.75]
Reward for thread 4: [-21.31, -26.24, -23.64] -23.73  Inventory: [0.0, 27.0, 28.0]  Order: [8.4, 8.28, 8.2] Demand: [8.6]
Reward for thread 5: [-13.37, -14.39, -17.14] -14.97  Inventory: [4.0, 0.0, 21.0]  Order: [7.92, 7.76, 7.63] Demand: [8.065]

 Algo happo Exp ippo_seed13_formal_v1 updates 738/3000 episodes, total num timesteps 739000/3000000, FPS 118.

Reward for thread 1: [-11.15, -17.65, -18.32] -15.71  Inventory: [9.0, 32.0, 22.0]  Order: [1.66, 1.57, 1.44] Demand: [1.86]
Reward for thread 2: [-66.31, -58.87, -37.47] -54.22  Inventory: [0.0, 0.0, 9.0]  Order: [14.72, 13.96, 14.14] Demand: [14.66]
Reward for thread 3: [-11.75, -13.89, -15.52] -13.72  Inventory: [0.0, 0.0, 0.0]  Order: [8.14, 8.29, 8.24] Demand: [8.305]
Reward for thread 4: [-10.91, -14.48, -17.06] -14.15  Inventory: [0.0, 3.0, 22.0]  Order: [5.84, 5.72, 5.6] Demand: [5.96]
Reward for thread 5: [-9.12, -14.09, -15.77] -12.99  Inventory: [5.0, 21.0, 14.0]  Order: [3.53, 3.42, 3.29] Demand: [3.74]

 Algo happo Exp ippo_seed13_formal_v1 updates 739/3000 episodes, total num timesteps 740000/3000000, FPS 118.

Reward for thread 1: [-24.66, -25.48, -24.7] -24.95  Inventory: [2.0, 23.0, 21.0]  Order: [11.0, 11.0, 11.06] Demand: [11.07]
Reward for thread 2: [-10.18, -16.13, -17.56] -14.62  Inventory: [0.0, 0.0, 0.0]  Order: [4.57, 4.45, 4.32] Demand: [4.655]
Reward for thread 3: [-10.92, -17.4, -17.2] -15.17  Inventory: [0.0, 2.0, 28.0]  Order: [3.28, 3.1, 3.02] Demand: [3.435]
Reward for thread 4: [-34.47, -29.33, -25.94] -29.91  Inventory: [0.0, 0.0, 0.0]  Order: [12.69, 12.4, 12.42] Demand: [13.155]
Reward for thread 5: [-12.21, -20.1, -21.08] -17.8  Inventory: [10.0, 22.0, 19.0]  Order: [3.63, 3.58, 3.48] Demand: [3.81]

Eval average reward:  -25.642416666666666  Eval ordering fluctuation measurement (downstream to upstream):  [0.8317619528399648, 1.0128219903455675, 1.1459868356059413]

 Algo happo Exp ippo_seed13_formal_v1 updates 740/3000 episodes, total num timesteps 741000/3000000, FPS 118.

Reward for thread 1: [-28.76, -23.91, -24.06] -25.58  Inventory: [0.0, 0.0, 0.0]  Order: [9.62, 9.56, 9.62] Demand: [9.94]
Reward for thread 2: [-16.67, -16.69, -18.2] -17.19  Inventory: [0.0, 0.0, 0.0]  Order: [6.74, 6.76, 6.83] Demand: [7.285]
Reward for thread 3: [-11.9, -17.99, -18.41] -16.1  Inventory: [11.0, 33.0, 17.0]  Order: [5.25, 5.2, 5.18] Demand: [5.385]
Reward for thread 4: [-14.16, -15.68, -18.08] -15.97  Inventory: [10.0, 33.0, 0.0]  Order: [8.86, 9.06, 9.01] Demand: [8.83]
Reward for thread 5: [-18.72, -21.21, -23.54] -21.16  Inventory: [0.0, 55.0, 46.0]  Order: [12.28, 12.46, 12.59] Demand: [12.395]

 Algo happo Exp ippo_seed13_formal_v1 updates 741/3000 episodes, total num timesteps 742000/3000000, FPS 118.

Reward for thread 1: [-25.04, -20.51, -21.25] -22.27  Inventory: [0.0, 0.0, 0.0]  Order: [11.53, 11.54, 11.56] Demand: [11.91]
Reward for thread 2: [-205.52, -161.36, -82.44] -149.77  Inventory: [0.0, 0.0, 14.0]  Order: [15.88, 13.86, 13.9] Demand: [15.115]
Reward for thread 3: [-8.82, -15.29, -15.15] -13.09  Inventory: [0.0, 24.0, 39.0]  Order: [3.5, 3.38, 3.34] Demand: [3.715]
Reward for thread 4: [-25.73, -22.75, -25.52] -24.67  Inventory: [0.0, 22.0, 0.0]  Order: [10.44, 10.58, 10.58] Demand: [10.91]
Reward for thread 5: [-10.05, -16.88, -18.16] -15.03  Inventory: [9.0, 25.0, 20.0]  Order: [3.26, 3.14, 2.99] Demand: [3.46]

 Algo happo Exp ippo_seed13_formal_v1 updates 742/3000 episodes, total num timesteps 743000/3000000, FPS 118.

Reward for thread 1: [-9.59, -14.22, -15.22] -13.01  Inventory: [0.0, 7.0, 0.0]  Order: [5.3, 5.27, 5.1] Demand: [5.43]
Reward for thread 2: [-26.62, -28.26, -26.11] -27.0  Inventory: [0.0, 30.0, 12.0]  Order: [9.82, 9.74, 9.71] Demand: [9.99]
Reward for thread 3: [-11.13, -15.59, -18.69] -15.14  Inventory: [0.0, 8.0, 5.0]  Order: [6.12, 6.03, 5.86] Demand: [6.31]
Reward for thread 4: [-58.29, -28.36, -28.77] -38.47  Inventory: [0.0, 0.0, 0.0]  Order: [11.87, 11.93, 11.97] Demand: [13.255]
Reward for thread 5: [-13.31, -20.48, -21.3] -18.36  Inventory: [0.0, 4.0, 30.0]  Order: [6.51, 6.28, 6.19] Demand: [6.67]

 Algo happo Exp ippo_seed13_formal_v1 updates 743/3000 episodes, total num timesteps 744000/3000000, FPS 118.

Reward for thread 1: [-58.63, -34.15, -29.48] -40.75  Inventory: [0.0, 0.0, 34.0]  Order: [11.98, 12.0, 12.2] Demand: [13.055]
Reward for thread 2: [-20.47, -22.27, -21.3] -21.35  Inventory: [0.0, 29.0, 15.0]  Order: [9.37, 9.51, 9.56] Demand: [9.47]
Reward for thread 3: [-8.78, -14.8, -16.16] -13.25  Inventory: [0.0, 6.0, 18.0]  Order: [3.6, 3.45, 3.31] Demand: [3.77]
Reward for thread 4: [-12.26, -19.44, -20.58] -17.43  Inventory: [0.0, 8.0, 1.0]  Order: [6.06, 5.99, 5.82] Demand: [6.245]
Reward for thread 5: [-35.41, -29.33, -26.84] -30.53  Inventory: [2.0, 29.0, 31.0]  Order: [8.66, 8.71, 8.62] Demand: [8.79]

 Algo happo Exp ippo_seed13_formal_v1 updates 744/3000 episodes, total num timesteps 745000/3000000, FPS 118.

Reward for thread 1: [-19.06, -22.55, -23.84] -21.82  Inventory: [0.0, 0.0, 10.0]  Order: [6.98, 6.81, 6.62] Demand: [7.145]
Reward for thread 2: [-10.8, -17.32, -17.9] -15.34  Inventory: [2.0, 19.0, 17.0]  Order: [3.66, 3.5, 3.34] Demand: [3.87]
Reward for thread 3: [-15.86, -18.65, -21.09] -18.53  Inventory: [0.0, 22.0, 18.0]  Order: [7.06, 6.93, 6.87] Demand: [7.27]
Reward for thread 4: [-66.97, -34.67, -31.21] -44.28  Inventory: [0.0, 0.0, 0.0]  Order: [13.6, 13.61, 13.7] Demand: [14.665]
Reward for thread 5: [-25.34, -22.78, -24.4] -24.17  Inventory: [0.0, 0.0, 0.0]  Order: [10.62, 10.64, 10.56] Demand: [10.695]

Eval average reward:  -24.86583333333333  Eval ordering fluctuation measurement (downstream to upstream):  [0.8230745537673674, 1.0295002134597373, 1.1570674026382297]

 Algo happo Exp ippo_seed13_formal_v1 updates 745/3000 episodes, total num timesteps 746000/3000000, FPS 118.

Reward for thread 1: [-10.81, -18.45, -20.46] -16.57  Inventory: [0.0, 0.0, 20.0]  Order: [4.04, 3.96, 3.86] Demand: [4.125]
Reward for thread 2: [-10.08, -17.02, -17.16] -14.75  Inventory: [3.0, 23.0, 26.0]  Order: [3.48, 3.36, 3.24] Demand: [3.655]
Reward for thread 3: [-38.14, -23.34, -22.96] -28.15  Inventory: [0.0, 19.0, 20.0]  Order: [11.17, 11.31, 11.37] Demand: [11.69]
Reward for thread 4: [-129.75, -48.9, -49.79] -76.15  Inventory: [0.0, 0.0, 0.0]  Order: [10.01, 9.9, 9.79] Demand: [12.175]
Reward for thread 5: [-10.52, -15.06, -15.96] -13.85  Inventory: [3.0, 8.0, 15.0]  Order: [5.8, 5.75, 5.6] Demand: [5.95]

 Algo happo Exp ippo_seed13_formal_v1 updates 746/3000 episodes, total num timesteps 747000/3000000, FPS 118.

Reward for thread 1: [-19.06, -19.72, -20.95] -19.91  Inventory: [0.0, 9.0, 0.0]  Order: [9.99, 9.9, 9.64] Demand: [10.125]
Reward for thread 2: [-21.51, -19.9, -19.52] -20.31  Inventory: [0.0, 15.0, 16.0]  Order: [9.17, 9.25, 9.36] Demand: [9.635]
Reward for thread 3: [-38.53, -24.35, -24.23] -29.04  Inventory: [0.0, 17.0, 18.0]  Order: [11.65, 11.66, 11.58] Demand: [11.735]
Reward for thread 4: [-16.37, -22.83, -23.64] -20.95  Inventory: [8.0, 12.0, 20.0]  Order: [6.86, 6.72, 6.58] Demand: [7.04]
Reward for thread 5: [-12.69, -21.61, -21.73] -18.68  Inventory: [1.0, 12.0, 17.0]  Order: [3.06, 2.94, 2.82] Demand: [3.26]

 Algo happo Exp ippo_seed13_formal_v1 updates 747/3000 episodes, total num timesteps 748000/3000000, FPS 118.

Reward for thread 1: [-8.79, -13.64, -14.66] -12.36  Inventory: [1.0, 20.0, 22.0]  Order: [4.42, 4.28, 4.15] Demand: [4.61]
Reward for thread 2: [-14.38, -19.92, -20.21] -18.17  Inventory: [8.0, 5.0, 5.0]  Order: [8.26, 8.14, 8.09] Demand: [8.34]
Reward for thread 3: [-21.73, -20.53, -20.85] -21.04  Inventory: [0.0, 0.0, 0.0]  Order: [7.82, 7.73, 7.56] Demand: [7.94]
Reward for thread 4: [-30.95, -23.57, -24.02] -26.18  Inventory: [0.0, 0.0, 6.0]  Order: [8.23, 8.14, 8.1] Demand: [9.655]
Reward for thread 5: [-19.72, -23.04, -21.56] -21.44  Inventory: [6.0, 23.0, 4.0]  Order: [5.22, 5.08, 4.96] Demand: [5.42]

 Algo happo Exp ippo_seed13_formal_v1 updates 748/3000 episodes, total num timesteps 749000/3000000, FPS 118.

Reward for thread 1: [-8.04, -13.63, -14.42] -12.03  Inventory: [0.0, 5.0, 10.0]  Order: [3.18, 3.04, 2.85] Demand: [3.4]
Reward for thread 2: [-64.77, -37.73, -33.57] -45.36  Inventory: [0.0, 19.0, 21.0]  Order: [11.51, 11.46, 11.4] Demand: [11.665]
Reward for thread 3: [-16.68, -23.5, -25.09] -21.76  Inventory: [4.0, 32.0, 27.0]  Order: [6.1, 6.03, 5.92] Demand: [6.315]
Reward for thread 4: [-18.69, -24.07, -25.2] -22.65  Inventory: [0.0, 18.0, 18.0]  Order: [9.35, 9.43, 9.54] Demand: [9.405]
Reward for thread 5: [-9.06, -13.72, -17.16] -13.31  Inventory: [5.0, 12.0, 29.0]  Order: [4.66, 4.51, 4.42] Demand: [4.88]

 Algo happo Exp ippo_seed13_formal_v1 updates 749/3000 episodes, total num timesteps 750000/3000000, FPS 118.

Reward for thread 1: [-90.14, -42.85, -38.2] -57.06  Inventory: [0.0, 37.0, 32.0]  Order: [11.18, 11.3, 11.43] Demand: [12.995]
Reward for thread 2: [-15.58, -18.51, -18.76] -17.62  Inventory: [0.0, 20.0, 5.0]  Order: [8.71, 8.88, 8.9] Demand: [8.75]
Reward for thread 3: [-57.59, -32.31, -29.97] -39.96  Inventory: [0.0, 0.0, 0.0]  Order: [12.94, 12.85, 12.74] Demand: [14.27]
Reward for thread 4: [-22.82, -22.47, -22.24] -22.51  Inventory: [0.0, 0.0, 0.0]  Order: [9.65, 9.79, 9.82] Demand: [10.125]
Reward for thread 5: [-88.11, -40.89, -37.14] -55.38  Inventory: [0.0, 0.0, 0.0]  Order: [13.16, 13.02, 13.01] Demand: [14.085]

Eval average reward:  -26.521833333333337  Eval ordering fluctuation measurement (downstream to upstream):  [0.8008792502850973, 1.0191429606582372, 1.1416887562902756]

 Algo happo Exp ippo_seed13_formal_v1 updates 750/3000 episodes, total num timesteps 751000/3000000, FPS 118.

Reward for thread 1: [-15.58, -19.59, -22.59] -19.25  Inventory: [8.0, 19.0, 31.0]  Order: [5.92, 5.76, 5.68] Demand: [6.125]
Reward for thread 2: [-13.36, -17.81, -19.38] -16.85  Inventory: [16.0, 57.0, 78.0]  Order: [8.74, 8.78, 8.94] Demand: [8.82]
Reward for thread 3: [-9.76, -14.87, -16.39] -13.67  Inventory: [11.0, 37.0, 33.0]  Order: [5.12, 5.11, 5.03] Demand: [5.31]
Reward for thread 4: [-15.84, -19.2, -20.84] -18.63  Inventory: [0.0, 9.0, 2.0]  Order: [7.88, 8.01, 8.11] Demand: [8.27]
Reward for thread 5: [-9.43, -14.56, -15.92] -13.3  Inventory: [0.0, 6.0, 6.0]  Order: [4.86, 4.7, 4.57] Demand: [4.955]

 Algo happo Exp ippo_seed13_formal_v1 updates 751/3000 episodes, total num timesteps 752000/3000000, FPS 118.

Reward for thread 1: [-13.87, -19.62, -19.26] -17.58  Inventory: [3.0, 24.0, 0.0]  Order: [5.97, 5.86, 5.78] Demand: [6.18]
Reward for thread 2: [-11.48, -16.83, -18.76] -15.69  Inventory: [0.0, 12.0, 26.0]  Order: [5.96, 5.87, 5.76] Demand: [6.16]
Reward for thread 3: [-9.32, -15.19, -17.69] -14.07  Inventory: [5.0, 27.0, 25.0]  Order: [2.69, 2.6, 2.48] Demand: [2.915]
Reward for thread 4: [-30.13, -23.06, -22.62] -25.27  Inventory: [10.0, 33.0, 32.0]  Order: [12.18, 12.1, 12.02] Demand: [12.35]
Reward for thread 5: [-25.37, -25.83, -21.9] -24.37  Inventory: [0.0, 0.0, 10.0]  Order: [10.65, 10.56, 10.5] Demand: [10.78]

 Algo happo Exp ippo_seed13_formal_v1 updates 752/3000 episodes, total num timesteps 753000/3000000, FPS 118.

Reward for thread 1: [-91.36, -68.54, -44.09] -68.0  Inventory: [0.0, 0.0, 12.0]  Order: [13.87, 13.76, 13.92] Demand: [14.335]
Reward for thread 2: [-16.76, -20.71, -20.77] -19.41  Inventory: [10.0, 35.0, 3.0]  Order: [8.8, 8.89, 8.82] Demand: [8.905]
Reward for thread 3: [-128.1, -81.61, -52.72] -87.48  Inventory: [0.0, 0.0, 0.0]  Order: [14.47, 13.84, 13.83] Demand: [15.465]
Reward for thread 4: [-126.46, -69.34, -48.36] -81.39  Inventory: [0.0, 0.0, 0.0]  Order: [15.69, 15.79, 15.79] Demand: [16.07]
Reward for thread 5: [-87.18, -44.35, -39.68] -57.07  Inventory: [0.0, 0.0, 0.0]  Order: [13.84, 13.92, 13.96] Demand: [13.99]

 Algo happo Exp ippo_seed13_formal_v1 updates 753/3000 episodes, total num timesteps 754000/3000000, FPS 118.

Reward for thread 1: [-9.64, -15.91, -14.78] -13.44  Inventory: [0.0, 4.0, 8.0]  Order: [4.2, 4.04, 4.02] Demand: [4.36]
Reward for thread 2: [-8.93, -13.92, -16.35] -13.07  Inventory: [16.0, 38.0, 18.0]  Order: [2.64, 2.61, 2.45] Demand: [2.815]
Reward for thread 3: [-25.1, -25.91, -26.46] -25.82  Inventory: [4.0, 0.0, 13.0]  Order: [10.58, 10.45, 10.39] Demand: [10.605]
Reward for thread 4: [-46.6, -29.96, -26.67] -34.41  Inventory: [0.0, 0.0, 4.0]  Order: [13.28, 13.06, 13.13] Demand: [14.04]
Reward for thread 5: [-10.03, -17.7, -19.86] -15.86  Inventory: [0.0, 8.0, 13.0]  Order: [3.38, 3.21, 3.12] Demand: [3.53]

 Algo happo Exp ippo_seed13_formal_v1 updates 754/3000 episodes, total num timesteps 755000/3000000, FPS 118.

Reward for thread 1: [-23.73, -24.16, -21.45] -23.11  Inventory: [0.0, 0.0, 0.0]  Order: [9.26, 9.12, 9.08] Demand: [9.22]
Reward for thread 2: [-12.4, -17.84, -19.3] -16.51  Inventory: [8.0, 11.0, 13.0]  Order: [5.62, 5.45, 5.28] Demand: [5.8]
Reward for thread 3: [-19.24, -29.79, -28.16] -25.73  Inventory: [7.0, 17.0, 17.0]  Order: [6.87, 6.72, 6.56] Demand: [7.07]
Reward for thread 4: [-11.24, -17.76, -16.9] -15.3  Inventory: [30.0, 3.0, 39.0]  Order: [5.65, 5.46, 5.42] Demand: [5.72]
Reward for thread 5: [-67.14, -39.01, -38.0] -48.05  Inventory: [0.0, 0.0, 0.0]  Order: [13.68, 13.76, 13.72] Demand: [14.75]

Eval average reward:  -23.831916666666668  Eval ordering fluctuation measurement (downstream to upstream):  [0.7714597575843177, 0.9927402410046913, 1.1829849444338127]

 Algo happo Exp ippo_seed13_formal_v1 updates 755/3000 episodes, total num timesteps 756000/3000000, FPS 118.

Reward for thread 1: [-16.66, -23.42, -24.15] -21.41  Inventory: [4.0, 14.0, 34.0]  Order: [7.88, 7.72, 7.64] Demand: [8.035]
Reward for thread 2: [-39.1, -25.33, -24.42] -29.62  Inventory: [0.0, 36.0, 40.0]  Order: [11.31, 11.34, 11.52] Demand: [11.52]
Reward for thread 3: [-56.85, -33.98, -29.7] -40.18  Inventory: [0.0, 0.0, 0.0]  Order: [13.46, 13.44, 13.53] Demand: [14.31]
Reward for thread 4: [-12.16, -20.49, -19.2] -17.28  Inventory: [18.0, 48.0, 35.0]  Order: [4.64, 4.64, 4.57] Demand: [4.785]
Reward for thread 5: [-15.56, -20.53, -19.1] -18.4  Inventory: [2.0, 13.0, 35.0]  Order: [8.51, 8.43, 8.45] Demand: [8.495]

 Algo happo Exp ippo_seed13_formal_v1 updates 756/3000 episodes, total num timesteps 757000/3000000, FPS 118.

Reward for thread 1: [-25.62, -21.6, -22.96] -23.39  Inventory: [7.0, 15.0, 13.0]  Order: [11.1, 11.12, 10.98] Demand: [11.195]
Reward for thread 2: [-31.78, -29.82, -24.74] -28.78  Inventory: [0.0, 0.0, 7.0]  Order: [10.58, 10.28, 10.44] Demand: [10.43]
Reward for thread 3: [-20.96, -22.02, -22.52] -21.83  Inventory: [6.0, 22.0, 22.0]  Order: [8.88, 8.74, 8.61] Demand: [9.095]
Reward for thread 4: [-8.49, -13.96, -14.61] -12.35  Inventory: [4.0, 4.0, 0.0]  Order: [3.58, 3.52, 3.31] Demand: [3.765]
Reward for thread 5: [-27.7, -22.69, -21.48] -23.96  Inventory: [0.0, 20.0, 0.0]  Order: [11.05, 11.12, 11.12] Demand: [11.335]

 Algo happo Exp ippo_seed13_formal_v1 updates 757/3000 episodes, total num timesteps 758000/3000000, FPS 118.

Reward for thread 1: [-10.54, -18.32, -17.39] -15.42  Inventory: [6.0, 8.0, 15.0]  Order: [4.8, 4.6, 4.42] Demand: [5.005]
Reward for thread 2: [-11.63, -16.74, -18.96] -15.78  Inventory: [13.0, 15.0, 21.0]  Order: [2.59, 2.44, 2.31] Demand: [2.77]
Reward for thread 3: [-12.97, -17.7, -17.68] -16.12  Inventory: [1.0, 3.0, 7.0]  Order: [4.66, 4.53, 4.37] Demand: [4.84]
Reward for thread 4: [-36.59, -28.61, -25.06] -30.09  Inventory: [0.0, 0.0, 10.0]  Order: [11.04, 10.78, 10.94] Demand: [11.545]
Reward for thread 5: [-9.56, -14.44, -17.62] -13.87  Inventory: [1.0, 8.0, 13.0]  Order: [4.34, 4.24, 4.08] Demand: [4.54]

 Algo happo Exp ippo_seed13_formal_v1 updates 758/3000 episodes, total num timesteps 759000/3000000, FPS 118.

Reward for thread 1: [-54.02, -32.59, -30.86] -39.16  Inventory: [0.0, 43.0, 52.0]  Order: [11.89, 11.86, 11.87] Demand: [12.03]
Reward for thread 2: [-22.8, -20.35, -21.65] -21.6  Inventory: [0.0, 0.0, 1.0]  Order: [8.85, 8.83, 8.87] Demand: [9.02]
Reward for thread 3: [-21.38, -21.14, -23.56] -22.03  Inventory: [0.0, 0.0, 6.0]  Order: [6.9, 6.76, 6.68] Demand: [7.]
Reward for thread 4: [-10.46, -17.61, -18.08] -15.38  Inventory: [0.0, 14.0, 32.0]  Order: [5.54, 5.38, 5.3] Demand: [5.74]
Reward for thread 5: [-12.39, -17.18, -18.96] -16.18  Inventory: [7.0, 4.0, 17.0]  Order: [6.7, 6.57, 6.48] Demand: [6.85]

 Algo happo Exp ippo_seed13_formal_v1 updates 759/3000 episodes, total num timesteps 760000/3000000, FPS 118.

Reward for thread 1: [-28.64, -26.31, -26.63] -27.19  Inventory: [1.0, 58.0, 63.0]  Order: [9.85, 9.89, 9.96] Demand: [9.99]
Reward for thread 2: [-11.71, -16.29, -17.47] -15.16  Inventory: [0.0, 23.0, 25.0]  Order: [5.68, 5.57, 5.46] Demand: [5.825]
Reward for thread 3: [-13.42, -19.42, -22.25] -18.36  Inventory: [3.0, 16.0, 29.0]  Order: [5.36, 5.18, 5.08] Demand: [5.58]
Reward for thread 4: [-230.92, -77.51, -72.71] -127.05  Inventory: [0.0, 0.0, 14.0]  Order: [13.45, 13.3, 13.49] Demand: [17.2]
Reward for thread 5: [-37.6, -24.52, -25.17] -29.1  Inventory: [0.0, 9.0, 22.0]  Order: [12.05, 12.11, 12.24] Demand: [12.885]

Eval average reward:  -22.551000000000002  Eval ordering fluctuation measurement (downstream to upstream):  [0.7456477481558068, 1.0118232088766244, 1.1680257767893463]

 Algo happo Exp ippo_seed13_formal_v1 updates 760/3000 episodes, total num timesteps 761000/3000000, FPS 118.

Reward for thread 1: [-19.57, -26.21, -33.32] -26.37  Inventory: [2.0, 20.0, 48.0]  Order: [2.14, 1.99, 1.98] Demand: [2.345]
Reward for thread 2: [-30.95, -25.51, -26.54] -27.67  Inventory: [3.0, 11.0, 0.0]  Order: [7.06, 6.95, 6.81] Demand: [7.285]
Reward for thread 3: [-11.25, -16.8, -17.71] -15.25  Inventory: [10.0, 29.0, 44.0]  Order: [4.22, 4.14, 4.11] Demand: [4.375]
Reward for thread 4: [-13.19, -18.6, -19.12] -16.97  Inventory: [0.0, 0.0, 16.0]  Order: [6.84, 6.62, 6.51] Demand: [6.965]
Reward for thread 5: [-23.96, -21.37, -23.72] -23.02  Inventory: [0.0, 7.0, 0.0]  Order: [11.64, 11.76, 11.87] Demand: [11.845]

 Algo happo Exp ippo_seed13_formal_v1 updates 761/3000 episodes, total num timesteps 762000/3000000, FPS 118.

Reward for thread 1: [-17.82, -22.92, -23.65] -21.46  Inventory: [12.0, 30.0, 16.0]  Order: [3.55, 3.45, 3.29] Demand: [3.74]
Reward for thread 2: [-10.26, -14.22, -17.68] -14.05  Inventory: [11.0, 36.0, 3.0]  Order: [5.6, 5.64, 5.55] Demand: [5.765]
Reward for thread 3: [-29.38, -21.67, -22.38] -24.48  Inventory: [1.0, 23.0, 30.0]  Order: [9.94, 9.93, 9.9] Demand: [10.055]
Reward for thread 4: [-16.1, -18.93, -19.89] -18.31  Inventory: [1.0, 9.0, 5.0]  Order: [7.66, 7.5, 7.44] Demand: [7.845]
Reward for thread 5: [-21.77, -20.34, -21.48] -21.2  Inventory: [0.0, 0.0, 0.0]  Order: [9.65, 9.7, 9.72] Demand: [10.22]

 Algo happo Exp ippo_seed13_formal_v1 updates 762/3000 episodes, total num timesteps 763000/3000000, FPS 118.

Reward for thread 1: [-9.62, -16.23, -16.81] -14.22  Inventory: [0.0, 0.0, 10.0]  Order: [3.94, 3.87, 3.86] Demand: [3.935]
Reward for thread 2: [-154.71, -53.17, -52.2] -86.69  Inventory: [0.0, 9.0, 47.0]  Order: [14.36, 14.36, 14.4] Demand: [16.815]
Reward for thread 3: [-11.02, -14.73, -17.83] -14.53  Inventory: [4.0, 0.0, 0.0]  Order: [7.74, 7.77, 7.62] Demand: [7.79]
Reward for thread 4: [-16.12, -22.81, -23.96] -20.96  Inventory: [0.0, 26.0, 51.0]  Order: [7.39, 7.28, 7.28] Demand: [7.515]
Reward for thread 5: [-143.71, -51.35, -50.7] -81.92  Inventory: [0.0, 13.0, 34.0]  Order: [12.18, 12.26, 12.28] Demand: [12.4]

 Algo happo Exp ippo_seed13_formal_v1 updates 763/3000 episodes, total num timesteps 764000/3000000, FPS 118.

Reward for thread 1: [-137.8, -69.44, -52.78] -86.67  Inventory: [0.0, 0.0, 15.0]  Order: [10.38, 10.28, 10.32] Demand: [13.655]
Reward for thread 2: [-9.01, -12.62, -15.02] -12.22  Inventory: [4.0, 28.0, 10.0]  Order: [8.1, 8.09, 8.09] Demand: [8.29]
Reward for thread 3: [-10.17, -15.03, -17.57] -14.26  Inventory: [0.0, 2.0, 9.0]  Order: [5.03, 4.88, 4.85] Demand: [5.2]
Reward for thread 4: [-11.96, -17.67, -19.86] -16.5  Inventory: [13.0, 21.0, 12.0]  Order: [1.4, 1.25, 1.06] Demand: [1.575]
Reward for thread 5: [-27.22, -29.36, -23.98] -26.85  Inventory: [0.0, 0.0, 0.0]  Order: [10.7, 10.72, 10.66] Demand: [10.99]

 Algo happo Exp ippo_seed13_formal_v1 updates 764/3000 episodes, total num timesteps 765000/3000000, FPS 118.

Reward for thread 1: [-13.86, -20.12, -22.53] -18.84  Inventory: [0.0, 18.0, 20.0]  Order: [6.15, 6.09, 5.94] Demand: [6.235]
Reward for thread 2: [-12.65, -17.59, -18.65] -16.3  Inventory: [4.0, 20.0, 21.0]  Order: [5.8, 5.66, 5.52] Demand: [6.03]
Reward for thread 3: [-14.96, -19.4, -22.49] -18.95  Inventory: [0.0, 17.0, 20.0]  Order: [6.28, 6.14, 6.02] Demand: [6.48]
Reward for thread 4: [-13.71, -17.12, -17.6] -16.14  Inventory: [3.0, 34.0, 5.0]  Order: [7.55, 7.54, 7.53] Demand: [7.71]
Reward for thread 5: [-128.42, -54.15, -45.72] -76.1  Inventory: [0.0, 0.0, 0.0]  Order: [14.5, 14.5, 14.38] Demand: [16.995]

Eval average reward:  -28.106416666666668  Eval ordering fluctuation measurement (downstream to upstream):  [0.7101109831397787, 0.9841083803371917, 1.1423928068428242]

 Algo happo Exp ippo_seed13_formal_v1 updates 765/3000 episodes, total num timesteps 766000/3000000, FPS 118.

Reward for thread 1: [-80.85, -39.85, -33.96] -51.55  Inventory: [13.0, 26.0, 0.0]  Order: [13.56, 13.6, 13.53] Demand: [13.635]
Reward for thread 2: [-54.77, -28.17, -30.33] -37.76  Inventory: [0.0, 8.0, 27.0]  Order: [12.06, 12.04, 12.0] Demand: [12.34]
Reward for thread 3: [-10.22, -16.84, -20.15] -15.74  Inventory: [5.0, 17.0, 22.0]  Order: [2.94, 2.8, 2.66] Demand: [3.15]
Reward for thread 4: [-21.81, -19.33, -22.4] -21.18  Inventory: [0.0, 0.0, 6.0]  Order: [9.74, 9.64, 9.59] Demand: [9.865]
Reward for thread 5: [-9.2, -14.68, -19.07] -14.32  Inventory: [3.0, 12.0, 16.0]  Order: [2.6, 2.42, 2.26] Demand: [2.835]

 Algo happo Exp ippo_seed13_formal_v1 updates 766/3000 episodes, total num timesteps 767000/3000000, FPS 118.

Reward for thread 1: [-14.52, -17.19, -19.44] -17.05  Inventory: [12.0, 20.0, 31.0]  Order: [8.59, 8.52, 8.51] Demand: [8.75]
Reward for thread 2: [-20.11, -23.98, -24.08] -22.72  Inventory: [0.0, 0.0, 0.0]  Order: [8.23, 8.27, 8.21] Demand: [8.33]
Reward for thread 3: [-23.15, -20.34, -21.7] -21.73  Inventory: [0.0, 45.0, 48.0]  Order: [11.44, 11.57, 11.67] Demand: [11.47]
Reward for thread 4: [-9.9, -15.8, -18.64] -14.78  Inventory: [1.0, 27.0, 14.0]  Order: [3.38, 3.29, 3.17] Demand: [3.615]
Reward for thread 5: [-79.27, -43.19, -37.57] -53.34  Inventory: [0.0, 4.0, 4.0]  Order: [12.14, 12.06, 12.0] Demand: [12.29]

 Algo happo Exp ippo_seed13_formal_v1 updates 767/3000 episodes, total num timesteps 768000/3000000, FPS 118.

Reward for thread 1: [-60.1, -34.95, -31.84] -42.3  Inventory: [0.0, 0.0, 0.0]  Order: [14.44, 14.45, 14.51] Demand: [14.565]
Reward for thread 2: [-18.98, -19.42, -20.78] -19.73  Inventory: [0.0, 11.0, 16.0]  Order: [9.34, 9.22, 9.14] Demand: [9.545]
Reward for thread 3: [-26.49, -19.51, -20.7] -22.23  Inventory: [0.0, 0.0, 0.0]  Order: [10.8, 10.72, 10.65] Demand: [10.895]
Reward for thread 4: [-43.57, -26.36, -28.48] -32.8  Inventory: [0.0, 0.0, 0.0]  Order: [7.82, 8.08, 8.06] Demand: [8.67]
Reward for thread 5: [-16.24, -19.53, -20.7] -18.82  Inventory: [6.0, 2.0, 0.0]  Order: [9.78, 9.8, 9.79] Demand: [9.795]

 Algo happo Exp ippo_seed13_formal_v1 updates 768/3000 episodes, total num timesteps 769000/3000000, FPS 118.

Reward for thread 1: [-22.64, -17.7, -19.08] -19.81  Inventory: [5.0, 35.0, 29.0]  Order: [12.09, 12.12, 12.07] Demand: [12.2]
Reward for thread 2: [-8.94, -13.98, -15.62] -12.85  Inventory: [0.0, 0.0, 0.0]  Order: [5.24, 5.14, 5.01] Demand: [5.4]
Reward for thread 3: [-16.17, -22.56, -24.2] -20.98  Inventory: [0.0, 22.0, 30.0]  Order: [6.18, 6.08, 5.98] Demand: [6.35]
Reward for thread 4: [-17.61, -20.88, -21.32] -19.94  Inventory: [4.0, 34.0, 36.0]  Order: [9.35, 9.29, 9.22] Demand: [9.52]
Reward for thread 5: [-8.37, -14.21, -16.87] -13.15  Inventory: [2.0, 10.0, 30.0]  Order: [4.28, 4.1, 4.0] Demand: [4.46]

 Algo happo Exp ippo_seed13_formal_v1 updates 769/3000 episodes, total num timesteps 770000/3000000, FPS 118.

Reward for thread 1: [-26.35, -20.39, -21.19] -22.64  Inventory: [2.0, 20.0, 27.0]  Order: [12.69, 12.56, 12.6] Demand: [12.765]
Reward for thread 2: [-16.51, -18.1, -21.14] -18.58  Inventory: [0.0, 4.0, 10.0]  Order: [7.3, 7.32, 7.45] Demand: [7.49]
Reward for thread 3: [-134.85, -48.81, -47.1] -76.92  Inventory: [0.0, 0.0, 0.0]  Order: [14.78, 14.8, 14.78] Demand: [16.205]
Reward for thread 4: [-8.89, -13.61, -15.87] -12.79  Inventory: [7.0, 18.0, 26.0]  Order: [5.49, 5.34, 5.24] Demand: [5.645]
Reward for thread 5: [-10.0, -16.71, -20.0] -15.57  Inventory: [8.0, 9.0, 19.0]  Order: [3.1, 2.92, 2.77] Demand: [3.305]

Eval average reward:  -23.798333333333332  Eval ordering fluctuation measurement (downstream to upstream):  [0.7125782239328238, 1.004746845354195, 1.1960720500212756]

 Algo happo Exp ippo_seed13_formal_v1 updates 770/3000 episodes, total num timesteps 771000/3000000, FPS 118.

Reward for thread 1: [-19.39, -19.1, -22.75] -20.41  Inventory: [0.0, 24.0, 22.0]  Order: [8.78, 8.94, 9.04] Demand: [9.29]
Reward for thread 2: [-27.83, -21.28, -20.71] -23.27  Inventory: [0.0, 0.0, 0.0]  Order: [10.14, 10.18, 10.12] Demand: [10.94]
Reward for thread 3: [-11.65, -16.04, -18.98] -15.56  Inventory: [7.0, 14.0, 30.0]  Order: [5.88, 5.74, 5.65] Demand: [6.025]
Reward for thread 4: [-8.46, -13.32, -16.03] -12.6  Inventory: [5.0, 32.0, 32.0]  Order: [3.77, 3.68, 3.6] Demand: [3.99]
Reward for thread 5: [-113.23, -58.37, -48.86] -73.49  Inventory: [5.0, 23.0, 39.0]  Order: [12.26, 12.13, 12.08] Demand: [12.455]

 Algo happo Exp ippo_seed13_formal_v1 updates 771/3000 episodes, total num timesteps 772000/3000000, FPS 118.

Reward for thread 1: [-11.73, -18.85, -19.61] -16.73  Inventory: [0.0, 24.0, 19.0]  Order: [2.37, 2.24, 2.1] Demand: [2.605]
Reward for thread 2: [-93.89, -55.64, -43.91] -64.48  Inventory: [0.0, 0.0, 0.0]  Order: [11.22, 11.16, 11.1] Demand: [11.24]
Reward for thread 3: [-127.14, -49.13, -47.04] -74.44  Inventory: [3.0, 16.0, 0.0]  Order: [14.88, 14.98, 15.01] Demand: [14.985]
Reward for thread 4: [-95.4, -38.45, -40.15] -58.0  Inventory: [0.0, 9.0, 7.0]  Order: [12.32, 12.39, 12.32] Demand: [13.53]
Reward for thread 5: [-7.74, -12.06, -13.83] -11.21  Inventory: [0.0, 0.0, 0.0]  Order: [3.42, 3.29, 3.1] Demand: [3.535]

 Algo happo Exp ippo_seed13_formal_v1 updates 772/3000 episodes, total num timesteps 773000/3000000, FPS 118.

Reward for thread 1: [-12.43, -16.95, -19.72] -16.37  Inventory: [0.0, 2.0, 0.0]  Order: [7.44, 7.3, 7.09] Demand: [7.61]
Reward for thread 2: [-13.83, -19.0, -21.12] -17.98  Inventory: [2.0, 4.0, 0.0]  Order: [5.32, 5.2, 5.06] Demand: [5.505]
Reward for thread 3: [-11.1, -15.72, -17.67] -14.83  Inventory: [0.0, 5.0, 12.0]  Order: [6.22, 6.05, 5.92] Demand: [6.435]
Reward for thread 4: [-9.27, -15.56, -17.1] -13.98  Inventory: [3.0, 16.0, 15.0]  Order: [3.18, 3.03, 2.86] Demand: [3.395]
Reward for thread 5: [-75.46, -36.03, -35.48] -48.99  Inventory: [0.0, 8.0, 0.0]  Order: [13.88, 14.06, 13.96] Demand: [14.41]

 Algo happo Exp ippo_seed13_formal_v1 updates 773/3000 episodes, total num timesteps 774000/3000000, FPS 118.

Reward for thread 1: [-43.14, -28.29, -29.13] -33.52  Inventory: [0.0, 0.0, 0.0]  Order: [14.06, 14.2, 14.2] Demand: [15.025]
Reward for thread 2: [-22.76, -20.34, -22.43] -21.84  Inventory: [46.0, 17.0, 22.0]  Order: [5.0, 4.84, 4.7] Demand: [5.]
Reward for thread 3: [-87.23, -64.2, -47.46] -66.3  Inventory: [0.0, 0.0, 11.0]  Order: [14.32, 12.88, 12.81] Demand: [15.17]
Reward for thread 4: [-9.18, -14.62, -20.06] -14.62  Inventory: [0.0, 14.0, 26.0]  Order: [3.0, 2.84, 2.73] Demand: [3.23]
Reward for thread 5: [-44.96, -32.71, -31.24] -36.3  Inventory: [0.0, 0.0, 0.0]  Order: [10.05, 9.93, 9.86] Demand: [9.96]

 Algo happo Exp ippo_seed13_formal_v1 updates 774/3000 episodes, total num timesteps 775000/3000000, FPS 118.

Reward for thread 1: [-158.54, -56.1, -55.8] -90.15  Inventory: [0.0, 11.0, 14.0]  Order: [14.9, 14.94, 14.9] Demand: [16.175]
Reward for thread 2: [-9.2, -13.54, -17.92] -13.55  Inventory: [2.0, 15.0, 31.0]  Order: [4.34, 4.18, 4.08] Demand: [4.56]
Reward for thread 3: [-10.68, -15.83, -18.95] -15.15  Inventory: [5.0, 21.0, 27.0]  Order: [4.91, 4.8, 4.7] Demand: [5.115]
Reward for thread 4: [-9.31, -13.04, -17.46] -13.27  Inventory: [1.0, 19.0, 26.0]  Order: [4.28, 4.16, 4.05] Demand: [4.49]
Reward for thread 5: [-70.03, -33.61, -31.24] -44.96  Inventory: [0.0, 0.0, 2.0]  Order: [14.92, 14.9, 14.82] Demand: [15.11]

Eval average reward:  -25.81975  Eval ordering fluctuation measurement (downstream to upstream):  [0.746740739980974, 1.0181976812131872, 1.177070640499953]

 Algo happo Exp ippo_seed13_formal_v1 updates 775/3000 episodes, total num timesteps 776000/3000000, FPS 118.

Reward for thread 1: [-14.13, -19.45, -21.87] -18.48  Inventory: [1.0, 1.0, 22.0]  Order: [7.62, 7.54, 7.4] Demand: [7.76]
Reward for thread 2: [-149.74, -52.46, -54.75] -85.65  Inventory: [0.0, 38.0, 15.0]  Order: [13.66, 13.92, 14.06] Demand: [15.875]
Reward for thread 3: [-27.6, -23.88, -22.71] -24.73  Inventory: [0.0, 19.0, 12.0]  Order: [12.48, 12.58, 12.56] Demand: [12.79]
Reward for thread 4: [-35.61, -24.06, -23.04] -27.57  Inventory: [0.0, 0.0, 0.0]  Order: [10.64, 10.6, 10.56] Demand: [10.54]
Reward for thread 5: [-9.56, -13.3, -16.77] -13.21  Inventory: [5.0, 23.0, 17.0]  Order: [4.57, 4.46, 4.3] Demand: [4.77]

 Algo happo Exp ippo_seed13_formal_v1 updates 776/3000 episodes, total num timesteps 777000/3000000, FPS 118.

Reward for thread 1: [-51.42, -30.87, -28.19] -36.83  Inventory: [0.0, 0.0, 0.0]  Order: [11.16, 11.36, 11.21] Demand: [12.395]
Reward for thread 2: [-17.65, -19.54, -20.93] -19.37  Inventory: [5.0, 13.0, 18.0]  Order: [8.13, 8.0, 7.93] Demand: [8.305]
Reward for thread 3: [-27.0, -21.3, -22.36] -23.55  Inventory: [12.0, 20.0, 25.0]  Order: [9.86, 9.84, 9.82] Demand: [9.975]
Reward for thread 4: [-71.76, -31.08, -32.18] -45.01  Inventory: [0.0, 0.0, 0.0]  Order: [12.5, 12.63, 12.62] Demand: [14.325]
Reward for thread 5: [-12.3, -17.97, -18.87] -16.38  Inventory: [0.0, 0.0, 0.0]  Order: [4.74, 4.58, 4.32] Demand: [4.91]

 Algo happo Exp ippo_seed13_formal_v1 updates 777/3000 episodes, total num timesteps 778000/3000000, FPS 118.

Reward for thread 1: [-15.27, -21.66, -22.23] -19.72  Inventory: [2.0, 12.0, 5.0]  Order: [6.6, 6.52, 6.32] Demand: [6.745]
Reward for thread 2: [-59.92, -87.62, -43.18] -63.57  Inventory: [0.0, 0.0, 0.0]  Order: [10.6, 10.41, 10.26] Demand: [10.495]
Reward for thread 3: [-15.31, -19.24, -19.57] -18.04  Inventory: [3.0, 8.0, 27.0]  Order: [8.4, 8.25, 8.14] Demand: [8.545]
Reward for thread 4: [-124.08, -53.89, -47.92] -75.3  Inventory: [0.0, 3.0, 0.0]  Order: [14.1, 14.34, 14.29] Demand: [15.185]
Reward for thread 5: [-101.88, -45.21, -43.28] -63.46  Inventory: [0.0, 0.0, 30.0]  Order: [12.27, 12.22, 12.25] Demand: [14.66]

 Algo happo Exp ippo_seed13_formal_v1 updates 778/3000 episodes, total num timesteps 779000/3000000, FPS 118.

Reward for thread 1: [-53.21, -27.16, -28.57] -36.31  Inventory: [0.0, 10.0, 0.0]  Order: [13.96, 14.14, 14.18] Demand: [14.975]
Reward for thread 2: [-10.18, -15.01, -18.31] -14.5  Inventory: [5.0, 22.0, 30.0]  Order: [4.23, 4.1, 4.0] Demand: [4.415]
Reward for thread 3: [-21.02, -20.18, -22.11] -21.1  Inventory: [0.0, 0.0, 0.0]  Order: [10.66, 10.6, 10.44] Demand: [10.675]
Reward for thread 4: [-32.03, -23.46, -24.5] -26.66  Inventory: [0.0, 0.0, 0.0]  Order: [13.68, 13.73, 13.71] Demand: [13.62]
Reward for thread 5: [-9.96, -15.75, -18.98] -14.9  Inventory: [0.0, 10.0, 20.0]  Order: [4.72, 4.56, 4.43] Demand: [4.96]

 Algo happo Exp ippo_seed13_formal_v1 updates 779/3000 episodes, total num timesteps 780000/3000000, FPS 118.

Reward for thread 1: [-21.61, -24.39, -23.96] -23.32  Inventory: [4.0, 18.0, 5.0]  Order: [10.2, 10.2, 10.12] Demand: [10.315]
Reward for thread 2: [-15.53, -20.36, -21.24] -19.04  Inventory: [0.0, 0.0, 0.0]  Order: [9.78, 9.84, 9.88] Demand: [9.59]
Reward for thread 3: [-36.01, -19.7, -20.1] -25.27  Inventory: [0.0, 27.0, 0.0]  Order: [11.86, 12.14, 12.15] Demand: [12.89]
Reward for thread 4: [-18.9, -22.76, -24.07] -21.91  Inventory: [0.0, 0.0, 0.0]  Order: [9.7, 9.78, 9.82] Demand: [9.72]
Reward for thread 5: [-11.99, -15.46, -17.67] -15.04  Inventory: [2.0, 22.0, 21.0]  Order: [4.66, 4.53, 4.39] Demand: [4.88]

Eval average reward:  -22.75975  Eval ordering fluctuation measurement (downstream to upstream):  [0.7105079153229419, 0.9915860038238996, 1.185653639360095]

 Algo happo Exp ippo_seed13_formal_v1 updates 780/3000 episodes, total num timesteps 781000/3000000, FPS 118.

Reward for thread 1: [-10.4, -15.72, -18.88] -15.0  Inventory: [2.0, 4.0, 33.0]  Order: [5.73, 5.58, 5.5] Demand: [5.815]
Reward for thread 2: [-14.05, -20.07, -21.79] -18.64  Inventory: [2.0, 13.0, 22.0]  Order: [5.84, 5.68, 5.54] Demand: [6.06]
Reward for thread 3: [-14.17, -19.63, -21.45] -18.42  Inventory: [7.0, 8.0, 0.0]  Order: [5.69, 5.59, 5.48] Demand: [5.88]
Reward for thread 4: [-14.64, -20.96, -19.64] -18.41  Inventory: [0.0, 0.0, 22.0]  Order: [9.3, 9.24, 9.26] Demand: [9.325]
Reward for thread 5: [-8.39, -13.84, -16.71] -12.98  Inventory: [0.0, 15.0, 30.0]  Order: [2.56, 2.42, 2.33] Demand: [2.775]

 Algo happo Exp ippo_seed13_formal_v1 updates 781/3000 episodes, total num timesteps 782000/3000000, FPS 118.

Reward for thread 1: [-14.45, -20.14, -21.75] -18.78  Inventory: [0.0, 0.0, 14.0]  Order: [5.75, 5.7, 5.62] Demand: [5.65]
Reward for thread 2: [-39.42, -35.5, -27.32] -34.08  Inventory: [0.0, 0.0, 9.0]  Order: [9.64, 9.64, 9.68] Demand: [9.725]
Reward for thread 3: [-40.31, -26.04, -26.22] -30.86  Inventory: [0.0, 13.0, 0.0]  Order: [11.85, 12.06, 12.06] Demand: [12.61]
Reward for thread 4: [-72.36, -34.76, -38.53] -48.55  Inventory: [0.0, 4.0, 0.0]  Order: [12.46, 12.68, 12.62] Demand: [13.76]
Reward for thread 5: [-27.35, -23.06, -22.61] -24.34  Inventory: [13.0, 13.0, 12.0]  Order: [10.68, 10.68, 10.7] Demand: [10.72]

 Algo happo Exp ippo_seed13_formal_v1 updates 782/3000 episodes, total num timesteps 783000/3000000, FPS 118.

Reward for thread 1: [-78.31, -35.04, -32.72] -48.69  Inventory: [0.0, 0.0, 0.0]  Order: [14.95, 15.05, 14.92] Demand: [15.085]
Reward for thread 2: [-14.33, -18.95, -21.21] -18.16  Inventory: [0.0, 0.0, 6.0]  Order: [6.3, 6.17, 5.96] Demand: [6.375]
Reward for thread 3: [-61.78, -29.44, -32.37] -41.2  Inventory: [0.0, 0.0, 0.0]  Order: [14.08, 14.03, 13.93] Demand: [14.215]
Reward for thread 4: [-25.69, -21.92, -21.59] -23.07  Inventory: [0.0, 0.0, 0.0]  Order: [9.33, 9.46, 9.43] Demand: [9.695]
Reward for thread 5: [-11.96, -17.78, -19.74] -16.49  Inventory: [0.0, 17.0, 18.0]  Order: [6.68, 6.54, 6.38] Demand: [6.82]

 Algo happo Exp ippo_seed13_formal_v1 updates 783/3000 episodes, total num timesteps 784000/3000000, FPS 118.

Reward for thread 1: [-17.65, -20.13, -22.1] -19.96  Inventory: [0.0, 0.0, 0.0]  Order: [7.86, 7.9, 7.87] Demand: [7.945]
Reward for thread 2: [-21.86, -20.02, -20.42] -20.77  Inventory: [0.0, 0.0, 0.0]  Order: [11.62, 11.67, 11.6] Demand: [11.71]
Reward for thread 3: [-17.92, -21.25, -20.16] -19.78  Inventory: [0.0, 0.0, 0.0]  Order: [7.68, 7.57, 7.54] Demand: [7.625]
Reward for thread 4: [-77.43, -38.29, -40.52] -52.08  Inventory: [0.0, 8.0, 0.0]  Order: [14.91, 15.24, 15.18] Demand: [15.755]
Reward for thread 5: [-75.85, -32.6, -33.75] -47.4  Inventory: [0.0, 0.0, 0.0]  Order: [13.18, 13.36, 13.24] Demand: [15.005]

 Algo happo Exp ippo_seed13_formal_v1 updates 784/3000 episodes, total num timesteps 785000/3000000, FPS 118.

Reward for thread 1: [-10.76, -16.71, -17.83] -15.1  Inventory: [0.0, 11.0, 10.0]  Order: [3.64, 3.52, 3.49] Demand: [3.81]
Reward for thread 2: [-86.42, -37.9, -40.09] -54.8  Inventory: [0.0, 0.0, 0.0]  Order: [15.34, 15.46, 15.39] Demand: [16.525]
Reward for thread 3: [-11.13, -14.84, -17.18] -14.38  Inventory: [4.0, 17.0, 21.0]  Order: [2.56, 2.4, 2.26] Demand: [2.775]
Reward for thread 4: [-11.74, -17.15, -20.14] -16.34  Inventory: [3.0, 12.0, 32.0]  Order: [2.96, 2.8, 2.76] Demand: [3.125]
Reward for thread 5: [-29.68, -22.81, -23.25] -25.25  Inventory: [0.0, 8.0, 10.0]  Order: [7.85, 7.76, 7.69] Demand: [8.035]

Eval average reward:  -23.27283333333333  Eval ordering fluctuation measurement (downstream to upstream):  [0.6450481244393821, 0.9656675812101654, 1.181941946688427]

 Algo happo Exp ippo_seed13_formal_v1 updates 785/3000 episodes, total num timesteps 786000/3000000, FPS 118.

Reward for thread 1: [-16.43, -17.35, -18.59] -17.46  Inventory: [0.0, 0.0, 0.0]  Order: [8.51, 8.54, 8.51] Demand: [8.53]
Reward for thread 2: [-13.75, -18.5, -19.9] -17.38  Inventory: [3.0, 20.0, 35.0]  Order: [4.73, 4.59, 4.51] Demand: [4.92]
Reward for thread 3: [-38.14, -24.27, -23.49] -28.63  Inventory: [0.0, 0.0, 0.0]  Order: [11.23, 11.29, 11.28] Demand: [11.655]
Reward for thread 4: [-14.47, -17.26, -19.44] -17.06  Inventory: [6.0, 19.0, 10.0]  Order: [7.58, 7.46, 7.35] Demand: [7.76]
Reward for thread 5: [-118.48, -48.23, -47.77] -71.49  Inventory: [0.0, 0.0, 0.0]  Order: [14.06, 14.26, 14.3] Demand: [14.81]

 Algo happo Exp ippo_seed13_formal_v1 updates 786/3000 episodes, total num timesteps 787000/3000000, FPS 118.

Reward for thread 1: [-27.49, -20.62, -21.62] -23.24  Inventory: [0.0, 17.0, 3.0]  Order: [13.16, 13.38, 13.46] Demand: [13.22]
Reward for thread 2: [-67.98, -34.91, -34.47] -45.79  Inventory: [0.0, 0.0, 0.0]  Order: [14.42, 14.4, 14.37] Demand: [15.76]
Reward for thread 3: [-15.35, -17.74, -16.71] -16.6  Inventory: [0.0, 0.0, 0.0]  Order: [7.58, 7.51, 7.56] Demand: [7.565]
Reward for thread 4: [-10.12, -16.51, -18.55] -15.06  Inventory: [0.0, 0.0, 2.0]  Order: [3.62, 3.48, 3.34] Demand: [3.76]
Reward for thread 5: [-10.04, -16.4, -16.58] -14.34  Inventory: [1.0, 0.0, 0.0]  Order: [3.9, 3.74, 3.74] Demand: [4.035]

 Algo happo Exp ippo_seed13_formal_v1 updates 787/3000 episodes, total num timesteps 788000/3000000, FPS 118.

Reward for thread 1: [-18.94, -19.65, -20.55] -19.71  Inventory: [0.0, 21.0, 0.0]  Order: [10.25, 10.39, 10.4] Demand: [10.24]
Reward for thread 2: [-18.94, -18.66, -22.46] -20.02  Inventory: [0.0, 0.0, 0.0]  Order: [7.78, 7.62, 7.54] Demand: [7.8]
Reward for thread 3: [-88.24, -51.33, -39.33] -59.63  Inventory: [0.0, 0.0, 0.0]  Order: [14.6, 14.46, 14.46] Demand: [15.2]
Reward for thread 4: [-19.93, -21.57, -20.44] -20.65  Inventory: [15.0, 27.0, 18.0]  Order: [9.21, 9.28, 9.27] Demand: [9.205]
Reward for thread 5: [-33.16, -22.13, -22.84] -26.04  Inventory: [0.0, 0.0, 0.0]  Order: [11.82, 12.02, 12.01] Demand: [12.62]

 Algo happo Exp ippo_seed13_formal_v1 updates 788/3000 episodes, total num timesteps 789000/3000000, FPS 118.

Reward for thread 1: [-9.96, -15.71, -18.34] -14.67  Inventory: [0.0, 17.0, 39.0]  Order: [2.94, 2.78, 2.74] Demand: [3.13]
Reward for thread 2: [-12.38, -17.09, -18.05] -15.84  Inventory: [0.0, 0.0, 1.0]  Order: [7.88, 7.79, 7.65] Demand: [8.065]
Reward for thread 3: [-23.94, -22.91, -23.51] -23.45  Inventory: [0.0, 26.0, 0.0]  Order: [11.38, 11.54, 11.59] Demand: [11.49]
Reward for thread 4: [-13.28, -19.68, -20.85] -17.94  Inventory: [0.0, 0.0, 0.0]  Order: [7.12, 7.14, 6.96] Demand: [7.2]
Reward for thread 5: [-11.88, -16.97, -19.77] -16.21  Inventory: [11.0, 16.0, 24.0]  Order: [2.17, 2.0, 1.88] Demand: [2.35]

 Algo happo Exp ippo_seed13_formal_v1 updates 789/3000 episodes, total num timesteps 790000/3000000, FPS 118.

Reward for thread 1: [-30.49, -22.79, -23.36] -25.55  Inventory: [0.0, 0.0, 0.0]  Order: [10.48, 10.58, 10.58] Demand: [11.155]
Reward for thread 2: [-13.96, -19.41, -22.43] -18.6  Inventory: [5.0, 7.0, 46.0]  Order: [6.29, 6.08, 6.06] Demand: [6.5]
Reward for thread 3: [-9.69, -13.68, -16.16] -13.18  Inventory: [6.0, 16.0, 18.0]  Order: [3.72, 3.59, 3.44] Demand: [3.94]
Reward for thread 4: [-26.65, -24.41, -24.55] -25.2  Inventory: [0.0, 0.0, 0.0]  Order: [10.27, 10.34, 10.3] Demand: [10.15]
Reward for thread 5: [-10.68, -16.13, -17.54] -14.78  Inventory: [0.0, 0.0, 0.0]  Order: [6.45, 6.5, 6.42] Demand: [6.57]

Eval average reward:  -25.9605  Eval ordering fluctuation measurement (downstream to upstream):  [0.7672089224457154, 1.0061409182460372, 1.2068760019788976]

 Algo happo Exp ippo_seed13_formal_v1 updates 790/3000 episodes, total num timesteps 791000/3000000, FPS 118.

Reward for thread 1: [-47.28, -26.56, -26.73] -33.52  Inventory: [0.0, 0.0, 0.0]  Order: [12.05, 11.92, 11.8] Demand: [12.125]
Reward for thread 2: [-16.43, -19.18, -20.33] -18.65  Inventory: [3.0, 6.0, 0.0]  Order: [5.96, 5.85, 5.6] Demand: [6.135]
Reward for thread 3: [-11.77, -16.56, -18.31] -15.55  Inventory: [7.0, 15.0, 10.0]  Order: [5.78, 5.66, 5.52] Demand: [5.92]
Reward for thread 4: [-10.88, -15.1, -19.0] -14.99  Inventory: [2.0, 0.0, 29.0]  Order: [5.51, 5.27, 5.17] Demand: [5.665]
Reward for thread 5: [-14.9, -21.54, -21.43] -19.29  Inventory: [0.0, 6.0, 0.0]  Order: [8.44, 8.48, 8.32] Demand: [8.42]

 Algo happo Exp ippo_seed13_formal_v1 updates 791/3000 episodes, total num timesteps 792000/3000000, FPS 118.

Reward for thread 1: [-15.93, -19.47, -21.02] -18.81  Inventory: [0.0, 0.0, 5.0]  Order: [9.19, 8.98, 8.96] Demand: [9.175]
Reward for thread 2: [-79.16, -33.02, -34.89] -49.02  Inventory: [18.0, 53.0, 26.0]  Order: [14.62, 14.74, 14.72] Demand: [14.705]
Reward for thread 3: [-15.79, -18.41, -20.09] -18.1  Inventory: [1.0, 0.0, 0.0]  Order: [10.55, 10.5, 10.43] Demand: [10.595]
Reward for thread 4: [-11.44, -15.54, -19.17] -15.38  Inventory: [0.0, 0.0, 14.0]  Order: [3.62, 3.42, 3.25] Demand: [3.78]
Reward for thread 5: [-13.44, -17.59, -20.95] -17.33  Inventory: [12.0, 13.0, 17.0]  Order: [5.82, 5.66, 5.58] Demand: [5.955]

 Algo happo Exp ippo_seed13_formal_v1 updates 792/3000 episodes, total num timesteps 793000/3000000, FPS 118.

Reward for thread 1: [-20.73, -18.2, -20.62] -19.85  Inventory: [20.0, 59.0, 26.0]  Order: [9.21, 9.27, 9.16] Demand: [9.345]
Reward for thread 2: [-47.37, -36.36, -30.55] -38.09  Inventory: [0.0, 0.0, 0.0]  Order: [13.14, 13.3, 13.22] Demand: [13.465]
Reward for thread 3: [-10.75, -16.45, -19.3] -15.5  Inventory: [5.0, 9.0, 21.0]  Order: [4.37, 4.18, 4.05] Demand: [4.57]
Reward for thread 4: [-114.37, -51.47, -46.69] -70.84  Inventory: [0.0, 0.0, 0.0]  Order: [15.8, 15.86, 15.91] Demand: [16.42]
Reward for thread 5: [-8.35, -11.28, -16.7] -12.11  Inventory: [3.0, 8.0, 31.0]  Order: [1.87, 1.68, 1.59] Demand: [2.08]

 Algo happo Exp ippo_seed13_formal_v1 updates 793/3000 episodes, total num timesteps 794000/3000000, FPS 118.

Reward for thread 1: [-80.21, -42.6, -37.47] -53.43  Inventory: [0.0, 0.0, 0.0]  Order: [15.16, 14.99, 15.0] Demand: [16.03]
Reward for thread 2: [-8.52, -12.61, -14.84] -11.99  Inventory: [1.0, 11.0, 26.0]  Order: [4.49, 4.39, 4.28] Demand: [4.64]
Reward for thread 3: [-24.5, -22.36, -22.6] -23.15  Inventory: [0.0, 0.0, 0.0]  Order: [11.38, 11.34, 11.25] Demand: [11.35]
Reward for thread 4: [-53.89, -33.01, -30.63] -39.18  Inventory: [0.0, 0.0, 0.0]  Order: [15.67, 15.75, 15.76] Demand: [16.135]
Reward for thread 5: [-8.89, -13.5, -17.96] -13.45  Inventory: [0.0, 6.0, 30.0]  Order: [3.69, 3.48, 3.38] Demand: [3.86]

 Algo happo Exp ippo_seed13_formal_v1 updates 794/3000 episodes, total num timesteps 795000/3000000, FPS 118.

Reward for thread 1: [-10.97, -16.52, -17.55] -15.01  Inventory: [0.0, 31.0, 26.0]  Order: [6.34, 6.27, 6.16] Demand: [6.535]
Reward for thread 2: [-18.43, -17.65, -19.8] -18.63  Inventory: [0.0, 0.0, 0.0]  Order: [9.32, 9.48, 9.48] Demand: [9.36]
Reward for thread 3: [-25.54, -21.8, -24.04] -23.79  Inventory: [0.0, 0.0, 0.0]  Order: [9.38, 9.28, 9.13] Demand: [9.285]
Reward for thread 4: [-13.69, -19.03, -21.22] -17.98  Inventory: [0.0, 0.0, 0.0]  Order: [7.97, 7.86, 7.81] Demand: [7.985]
Reward for thread 5: [-40.01, -30.87, -26.28] -32.39  Inventory: [0.0, 0.0, 0.0]  Order: [14.68, 14.86, 14.9] Demand: [15.3]

Eval average reward:  -21.492  Eval ordering fluctuation measurement (downstream to upstream):  [0.746356416215171, 0.9858194320055406, 1.1721566152593457]

 Algo happo Exp ippo_seed13_formal_v1 updates 795/3000 episodes, total num timesteps 796000/3000000, FPS 118.

Reward for thread 1: [-26.01, -23.95, -26.42] -25.46  Inventory: [0.0, 0.0, 0.0]  Order: [9.83, 9.78, 9.65] Demand: [9.895]
Reward for thread 2: [-46.15, -39.52, -29.32] -38.33  Inventory: [4.0, 12.0, 5.0]  Order: [11.01, 11.0, 10.97] Demand: [11.12]
Reward for thread 3: [-11.72, -16.72, -20.56] -16.33  Inventory: [1.0, 14.0, 0.0]  Order: [4.92, 4.8, 4.68] Demand: [5.105]
Reward for thread 4: [-40.66, -26.79, -31.43] -32.96  Inventory: [0.0, 1.0, 6.0]  Order: [10.22, 10.02, 9.85] Demand: [10.395]
Reward for thread 5: [-14.75, -18.62, -19.8] -17.72  Inventory: [0.0, 18.0, 0.0]  Order: [9.13, 9.17, 9.23] Demand: [9.125]

 Algo happo Exp ippo_seed13_formal_v1 updates 796/3000 episodes, total num timesteps 797000/3000000, FPS 118.

Reward for thread 1: [-56.66, -35.16, -34.41] -42.08  Inventory: [0.0, 1.0, 14.0]  Order: [11.63, 11.5, 11.44] Demand: [11.815]
Reward for thread 2: [-27.11, -19.77, -22.95] -23.28  Inventory: [0.0, 11.0, 0.0]  Order: [13.92, 14.04, 14.14] Demand: [13.915]
Reward for thread 3: [-154.15, -51.88, -53.33] -86.45  Inventory: [0.0, 0.0, 0.0]  Order: [14.98, 15.04, 14.96] Demand: [17.]
Reward for thread 4: [-14.4, -20.78, -22.6] -19.26  Inventory: [5.0, 16.0, 17.0]  Order: [4.14, 3.98, 3.82] Demand: [4.365]
Reward for thread 5: [-38.95, -25.9, -28.16] -31.0  Inventory: [16.0, 41.0, 20.0]  Order: [14.02, 14.06, 14.06] Demand: [14.085]

 Algo happo Exp ippo_seed13_formal_v1 updates 797/3000 episodes, total num timesteps 798000/3000000, FPS 118.

Reward for thread 1: [-18.73, -21.51, -24.5] -21.58  Inventory: [0.0, 3.0, 22.0]  Order: [6.6, 6.38, 6.25] Demand: [6.81]
Reward for thread 2: [-78.48, -34.94, -35.53] -49.65  Inventory: [0.0, 0.0, 0.0]  Order: [15.33, 15.35, 15.36] Demand: [16.04]
Reward for thread 3: [-12.94, -17.52, -18.17] -16.21  Inventory: [5.0, 33.0, 56.0]  Order: [10.7, 10.63, 10.66] Demand: [10.805]
Reward for thread 4: [-31.06, -25.68, -25.49] -27.41  Inventory: [0.0, 11.0, 0.0]  Order: [9.68, 9.54, 9.48] Demand: [9.87]
Reward for thread 5: [-14.48, -19.85, -21.52] -18.62  Inventory: [5.0, 14.0, 1.0]  Order: [8.52, 8.46, 8.34] Demand: [8.62]

 Algo happo Exp ippo_seed13_formal_v1 updates 798/3000 episodes, total num timesteps 799000/3000000, FPS 118.

Reward for thread 1: [-96.71, -38.27, -40.96] -58.65  Inventory: [0.0, 8.0, 0.0]  Order: [14.59, 14.78, 14.84] Demand: [15.765]
Reward for thread 2: [-41.36, -25.7, -25.48] -30.85  Inventory: [0.0, 11.0, 11.0]  Order: [10.06, 9.98, 9.9] Demand: [10.16]
Reward for thread 3: [-11.52, -14.79, -19.09] -15.13  Inventory: [27.0, 14.0, 30.0]  Order: [2.54, 2.36, 2.27] Demand: [2.655]
Reward for thread 4: [-11.37, -17.78, -19.48] -16.21  Inventory: [9.0, 18.0, 30.0]  Order: [5.8, 5.65, 5.55] Demand: [6.005]
Reward for thread 5: [-9.25, -13.87, -16.98] -13.37  Inventory: [0.0, 19.0, 5.0]  Order: [5.82, 5.78, 5.76] Demand: [5.98]

 Algo happo Exp ippo_seed13_formal_v1 updates 799/3000 episodes, total num timesteps 800000/3000000, FPS 118.

Reward for thread 1: [-39.67, -24.65, -25.98] -30.1  Inventory: [0.0, 8.0, 0.0]  Order: [12.8, 12.87, 12.8] Demand: [12.835]
Reward for thread 2: [-56.15, -26.84, -29.2] -37.4  Inventory: [0.0, 0.0, 0.0]  Order: [10.59, 10.78, 10.78] Demand: [11.785]
Reward for thread 3: [-12.2, -18.61, -20.36] -17.06  Inventory: [0.0, 0.0, 23.0]  Order: [5.3, 5.09, 4.97] Demand: [5.49]
Reward for thread 4: [-115.74, -41.76, -45.6] -67.7  Inventory: [0.0, 0.0, 0.0]  Order: [15.92, 16.02, 16.0] Demand: [16.455]
Reward for thread 5: [-11.4, -16.9, -19.3] -15.87  Inventory: [0.0, 0.0, 0.0]  Order: [7.32, 7.48, 7.37] Demand: [7.325]

Eval average reward:  -26.529083333333336  Eval ordering fluctuation measurement (downstream to upstream):  [0.7215629329699211, 0.9766669669699614, 1.1705573260566047]

 Algo happo Exp ippo_seed13_formal_v1 updates 800/3000 episodes, total num timesteps 801000/3000000, FPS 118.

Reward for thread 1: [-45.25, -24.7, -27.47] -32.47  Inventory: [0.0, 26.0, 36.0]  Order: [13.43, 13.42, 13.35] Demand: [13.52]
Reward for thread 2: [-8.13, -12.55, -14.99] -11.89  Inventory: [1.0, 6.0, 20.0]  Order: [4.72, 4.52, 4.38] Demand: [4.91]
Reward for thread 3: [-11.86, -14.6, -18.27] -14.91  Inventory: [18.0, 7.0, 38.0]  Order: [4.76, 4.54, 4.49] Demand: [4.9]
Reward for thread 4: [-60.51, -30.66, -30.79] -40.65  Inventory: [0.0, 18.0, 36.0]  Order: [14.3, 14.25, 14.18] Demand: [14.355]
Reward for thread 5: [-63.77, -29.6, -31.19] -41.52  Inventory: [0.0, 3.0, 0.0]  Order: [15.2, 15.18, 15.2] Demand: [15.275]

 Algo happo Exp ippo_seed13_formal_v1 updates 801/3000 episodes, total num timesteps 802000/3000000, FPS 118.

Reward for thread 1: [-8.97, -15.06, -15.37] -13.13  Inventory: [0.0, 0.0, 0.0]  Order: [3.69, 3.6, 3.39] Demand: [3.805]
Reward for thread 2: [-9.29, -15.09, -15.98] -13.45  Inventory: [0.0, 0.0, 0.0]  Order: [3.8, 3.74, 3.65] Demand: [3.865]
Reward for thread 3: [-10.31, -15.92, -17.83] -14.69  Inventory: [10.0, 15.0, 2.0]  Order: [3.9, 3.86, 3.74] Demand: [4.06]
Reward for thread 4: [-14.57, -17.82, -19.76] -17.38  Inventory: [24.0, 27.0, 28.0]  Order: [1.9, 1.78, 1.7] Demand: [2.025]
Reward for thread 5: [-16.4, -18.32, -19.58] -18.1  Inventory: [0.0, 0.0, 0.0]  Order: [10.22, 10.33, 10.3] Demand: [10.75]

 Algo happo Exp ippo_seed13_formal_v1 updates 802/3000 episodes, total num timesteps 803000/3000000, FPS 118.

Reward for thread 1: [-21.7, -18.7, -20.35] -20.25  Inventory: [0.0, 0.0, 0.0]  Order: [10.04, 10.07, 9.94] Demand: [10.14]
Reward for thread 2: [-29.47, -22.28, -23.56] -25.1  Inventory: [2.0, 1.0, 38.0]  Order: [8.46, 8.26, 8.2] Demand: [8.575]
Reward for thread 3: [-9.96, -14.8, -20.34] -15.03  Inventory: [0.0, 0.0, 0.0]  Order: [2.74, 2.82, 2.65] Demand: [2.91]
Reward for thread 4: [-10.03, -15.98, -20.11] -15.37  Inventory: [9.0, 12.0, 25.0]  Order: [4.15, 4.11, 4.04] Demand: [4.295]
Reward for thread 5: [-42.53, -26.97, -26.64] -32.05  Inventory: [0.0, 0.0, 0.0]  Order: [12.91, 12.96, 12.82] Demand: [12.865]

 Algo happo Exp ippo_seed13_formal_v1 updates 803/3000 episodes, total num timesteps 804000/3000000, FPS 118.

Reward for thread 1: [-12.13, -18.02, -18.89] -16.35  Inventory: [7.0, 29.0, 24.0]  Order: [6.05, 5.96, 5.84] Demand: [6.235]
Reward for thread 2: [-17.81, -20.01, -21.41] -19.74  Inventory: [4.0, 18.0, 0.0]  Order: [7.34, 7.24, 7.1] Demand: [7.535]
Reward for thread 3: [-9.43, -12.15, -14.47] -12.02  Inventory: [9.0, 29.0, 6.0]  Order: [5.3, 5.34, 5.32] Demand: [5.385]
Reward for thread 4: [-11.38, -16.81, -18.3] -15.5  Inventory: [6.0, 0.0, 10.0]  Order: [5.78, 5.8, 5.72] Demand: [5.81]
Reward for thread 5: [-67.01, -31.7, -32.79] -43.83  Inventory: [0.0, 0.0, 0.0]  Order: [13.38, 13.61, 13.58] Demand: [14.21]

 Algo happo Exp ippo_seed13_formal_v1 updates 804/3000 episodes, total num timesteps 805000/3000000, FPS 118.

Reward for thread 1: [-18.15, -22.86, -23.12] -21.38  Inventory: [11.0, 30.0, 38.0]  Order: [10.74, 10.66, 10.62] Demand: [10.89]
Reward for thread 2: [-46.74, -24.99, -26.78] -32.84  Inventory: [0.0, 10.0, 0.0]  Order: [13.98, 14.24, 14.21] Demand: [14.235]
Reward for thread 3: [-36.18, -24.47, -25.48] -28.71  Inventory: [0.0, 0.0, 0.0]  Order: [10.33, 10.48, 10.4] Demand: [11.44]
Reward for thread 4: [-23.92, -22.04, -23.18] -23.05  Inventory: [0.0, 0.0, 0.0]  Order: [11.3, 11.38, 11.36] Demand: [11.445]
Reward for thread 5: [-65.43, -27.8, -31.66] -41.63  Inventory: [0.0, 0.0, 0.0]  Order: [14.3, 14.27, 14.18] Demand: [15.435]

Eval average reward:  -26.926916666666664  Eval ordering fluctuation measurement (downstream to upstream):  [0.6514188230006999, 0.9715743941248631, 1.1751808147075817]

 Algo happo Exp ippo_seed13_formal_v1 updates 805/3000 episodes, total num timesteps 806000/3000000, FPS 118.

Reward for thread 1: [-11.16, -16.33, -17.58] -15.02  Inventory: [5.0, 0.0, 0.0]  Order: [7.46, 7.38, 7.22] Demand: [7.485]
Reward for thread 2: [-8.97, -13.79, -16.21] -12.99  Inventory: [0.0, 0.0, 0.0]  Order: [4.81, 4.64, 4.39] Demand: [5.015]
Reward for thread 3: [-74.22, -36.11, -38.76] -49.7  Inventory: [0.0, 0.0, 0.0]  Order: [11.01, 11.28, 11.18] Demand: [12.795]
Reward for thread 4: [-13.74, -17.77, -17.92] -16.48  Inventory: [13.0, 14.0, 1.0]  Order: [10.43, 10.38, 10.43] Demand: [10.455]
Reward for thread 5: [-144.7, -47.74, -51.36] -81.27  Inventory: [0.0, 0.0, 0.0]  Order: [16.32, 16.5, 16.56] Demand: [17.46]

 Algo happo Exp ippo_seed13_formal_v1 updates 806/3000 episodes, total num timesteps 807000/3000000, FPS 118.

Reward for thread 1: [-13.22, -18.6, -19.23] -17.02  Inventory: [3.0, 25.0, 44.0]  Order: [5.92, 5.8, 5.76] Demand: [6.145]
Reward for thread 2: [-25.81, -22.67, -23.3] -23.93  Inventory: [0.0, 24.0, 13.0]  Order: [10.34, 10.48, 10.56] Demand: [10.74]
Reward for thread 3: [-63.96, -30.59, -31.7] -42.08  Inventory: [0.0, 0.0, 4.0]  Order: [12.2, 12.3, 12.3] Demand: [12.375]
Reward for thread 4: [-15.87, -20.92, -21.57] -19.45  Inventory: [0.0, 0.0, 0.0]  Order: [8.3, 8.26, 8.14] Demand: [8.4]
Reward for thread 5: [-132.5, -48.35, -49.19] -76.68  Inventory: [0.0, 0.0, 0.0]  Order: [15.78, 15.86, 15.83] Demand: [16.89]

 Algo happo Exp ippo_seed13_formal_v1 updates 807/3000 episodes, total num timesteps 808000/3000000, FPS 118.

Reward for thread 1: [-12.53, -15.92, -17.27] -15.24  Inventory: [0.0, 0.0, 0.0]  Order: [5.72, 5.79, 5.74] Demand: [5.88]
Reward for thread 2: [-13.94, -16.58, -16.02] -15.51  Inventory: [0.0, 0.0, 0.0]  Order: [7.16, 7.18, 7.16] Demand: [7.38]
Reward for thread 3: [-11.75, -13.91, -15.28] -13.65  Inventory: [3.0, 1.0, 7.0]  Order: [9.68, 9.62, 9.56] Demand: [9.82]
Reward for thread 4: [-8.69, -11.98, -13.92] -11.53  Inventory: [2.0, 12.0, 0.0]  Order: [6.36, 6.39, 6.27] Demand: [6.46]
Reward for thread 5: [-31.17, -22.43, -24.04] -25.88  Inventory: [7.0, 31.0, 39.0]  Order: [8.74, 8.65, 8.61] Demand: [8.9]

 Algo happo Exp ippo_seed13_formal_v1 updates 808/3000 episodes, total num timesteps 809000/3000000, FPS 118.

Reward for thread 1: [-9.37, -14.38, -20.9] -14.88  Inventory: [0.0, 12.0, 23.0]  Order: [1.34, 1.16, 1.04] Demand: [1.57]
Reward for thread 2: [-29.48, -22.94, -22.37] -24.93  Inventory: [9.0, 26.0, 28.0]  Order: [10.28, 10.3, 10.3] Demand: [10.375]
Reward for thread 3: [-14.26, -19.03, -18.84] -17.38  Inventory: [18.0, 50.0, 43.0]  Order: [8.6, 8.64, 8.62] Demand: [8.69]
Reward for thread 4: [-162.67, -59.47, -59.03] -93.72  Inventory: [0.0, 0.0, 0.0]  Order: [14.39, 14.6, 14.53] Demand: [16.235]
Reward for thread 5: [-13.41, -17.63, -19.69] -16.91  Inventory: [0.0, 0.0, 0.0]  Order: [7.08, 7.2, 7.06] Demand: [7.07]

 Algo happo Exp ippo_seed13_formal_v1 updates 809/3000 episodes, total num timesteps 810000/3000000, FPS 118.

Reward for thread 1: [-52.92, -28.66, -31.13] -37.57  Inventory: [0.0, 15.0, 0.0]  Order: [13.18, 13.35, 13.34] Demand: [13.265]
Reward for thread 2: [-11.68, -16.69, -18.5] -15.62  Inventory: [0.0, 33.0, 28.0]  Order: [8.03, 7.94, 7.84] Demand: [8.235]
Reward for thread 3: [-24.45, -20.88, -21.17] -22.17  Inventory: [0.0, 0.0, 0.0]  Order: [10.28, 10.17, 10.12] Demand: [10.385]
Reward for thread 4: [-19.43, -18.79, -22.13] -20.12  Inventory: [0.0, 0.0, 0.0]  Order: [10.09, 10.12, 9.96] Demand: [10.395]
Reward for thread 5: [-11.62, -18.53, -20.05] -16.73  Inventory: [6.0, 20.0, 33.0]  Order: [4.58, 4.43, 4.38] Demand: [4.785]

Eval average reward:  -27.85025  Eval ordering fluctuation measurement (downstream to upstream):  [0.685532913157946, 0.9912140970079795, 1.155152082826563]

 Algo happo Exp ippo_seed13_formal_v1 updates 810/3000 episodes, total num timesteps 811000/3000000, FPS 118.

Reward for thread 1: [-13.89, -19.79, -21.19] -18.29  Inventory: [1.0, 15.0, 8.0]  Order: [5.64, 5.64, 5.48] Demand: [5.765]
Reward for thread 2: [-44.92, -25.79, -26.04] -32.25  Inventory: [0.0, 0.0, 0.0]  Order: [11.78, 11.8, 11.76] Demand: [12.41]
Reward for thread 3: [-53.54, -36.08, -33.74] -41.12  Inventory: [0.0, 1.0, 27.0]  Order: [13.21, 13.2, 13.2] Demand: [13.16]
Reward for thread 4: [-48.21, -25.92, -27.73] -33.95  Inventory: [0.0, 2.0, 0.0]  Order: [12.35, 12.5, 12.61] Demand: [12.805]
Reward for thread 5: [-188.6, -62.97, -65.33] -105.63  Inventory: [0.0, 0.0, 0.0]  Order: [15.42, 15.6, 15.54] Demand: [16.91]

 Algo happo Exp ippo_seed13_formal_v1 updates 811/3000 episodes, total num timesteps 812000/3000000, FPS 118.

Reward for thread 1: [-20.98, -19.76, -20.55] -20.43  Inventory: [0.0, 22.0, 5.0]  Order: [9.2, 9.36, 9.25] Demand: [9.935]
Reward for thread 2: [-18.2, -19.63, -21.25] -19.69  Inventory: [0.0, 2.0, 0.0]  Order: [8.18, 8.44, 8.44] Demand: [8.665]
Reward for thread 3: [-10.7, -17.34, -19.84] -15.96  Inventory: [2.0, 36.0, 26.0]  Order: [4.82, 4.76, 4.64] Demand: [5.05]
Reward for thread 4: [-8.52, -13.51, -17.65] -13.23  Inventory: [0.0, 0.0, 11.0]  Order: [2.52, 2.29, 2.12] Demand: [2.715]
Reward for thread 5: [-10.56, -16.29, -19.28] -15.38  Inventory: [4.0, 16.0, 22.0]  Order: [5.43, 5.28, 5.18] Demand: [5.63]

 Algo happo Exp ippo_seed13_formal_v1 updates 812/3000 episodes, total num timesteps 813000/3000000, FPS 118.

Reward for thread 1: [-15.12, -17.05, -17.9] -16.69  Inventory: [1.0, 7.0, 0.0]  Order: [9.79, 9.98, 9.86] Demand: [9.815]
Reward for thread 2: [-12.79, -18.41, -21.08] -17.43  Inventory: [0.0, 11.0, 50.0]  Order: [5.07, 4.89, 4.89] Demand: [5.245]
Reward for thread 3: [-73.5, -37.36, -34.91] -48.59  Inventory: [0.0, 0.0, 0.0]  Order: [12.62, 12.5, 12.5] Demand: [13.965]
Reward for thread 4: [-14.18, -20.62, -23.07] -19.29  Inventory: [0.0, 8.0, 47.0]  Order: [6.57, 6.38, 6.36] Demand: [6.755]
Reward for thread 5: [-20.65, -17.6, -19.43] -19.23  Inventory: [0.0, 0.0, 0.0]  Order: [9.57, 9.78, 9.68] Demand: [9.475]

 Algo happo Exp ippo_seed13_formal_v1 updates 813/3000 episodes, total num timesteps 814000/3000000, FPS 118.

Reward for thread 1: [-11.72, -16.22, -17.62] -15.19  Inventory: [0.0, 0.0, 0.0]  Order: [7.52, 7.57, 7.4] Demand: [7.495]
Reward for thread 2: [-75.04, -34.2, -34.95] -48.06  Inventory: [0.0, 0.0, 0.0]  Order: [13.19, 13.26, 13.16] Demand: [13.23]
Reward for thread 3: [-56.52, -27.92, -29.94] -38.13  Inventory: [0.0, 0.0, 0.0]  Order: [12.11, 12.26, 12.22] Demand: [13.52]
Reward for thread 4: [-12.06, -18.16, -19.17] -16.46  Inventory: [2.0, 17.0, 32.0]  Order: [6.5, 6.34, 6.26] Demand: [6.67]
Reward for thread 5: [-111.5, -48.15, -46.09] -68.58  Inventory: [1.0, 50.0, 58.0]  Order: [14.84, 14.85, 14.89] Demand: [14.92]

 Algo happo Exp ippo_seed13_formal_v1 updates 814/3000 episodes, total num timesteps 815000/3000000, FPS 118.

Reward for thread 1: [-18.22, -21.65, -23.23] -21.03  Inventory: [14.0, 10.0, 17.0]  Order: [9.56, 9.58, 9.5] Demand: [9.65]
Reward for thread 2: [-90.99, -37.66, -38.76] -55.8  Inventory: [0.0, 8.0, 8.0]  Order: [15.04, 15.1, 15.18] Demand: [15.825]
Reward for thread 3: [-67.46, -30.79, -32.03] -43.43  Inventory: [0.0, 0.0, 0.0]  Order: [12.92, 13.02, 13.06] Demand: [13.585]
Reward for thread 4: [-10.29, -15.14, -17.16] -14.2  Inventory: [0.0, 25.0, 4.0]  Order: [7.24, 7.27, 7.23] Demand: [7.3]
Reward for thread 5: [-76.26, -30.81, -32.88] -46.65  Inventory: [0.0, 0.0, 0.0]  Order: [14.06, 14.24, 14.24] Demand: [15.57]

Eval average reward:  -23.246583333333334  Eval ordering fluctuation measurement (downstream to upstream):  [0.7091386426915933, 0.9628877975005563, 1.1808067888818]

 Algo happo Exp ippo_seed13_formal_v1 updates 815/3000 episodes, total num timesteps 816000/3000000, FPS 118.

Reward for thread 1: [-11.37, -18.39, -19.08] -16.28  Inventory: [7.0, 1.0, 0.0]  Order: [5.7, 5.58, 5.5] Demand: [5.82]
Reward for thread 2: [-10.35, -16.13, -18.5] -14.99  Inventory: [0.0, 0.0, 0.0]  Order: [5.52, 5.36, 5.26] Demand: [5.665]
Reward for thread 3: [-8.54, -13.41, -16.51] -12.82  Inventory: [1.0, 6.0, 22.0]  Order: [2.41, 2.2, 2.06] Demand: [2.62]
Reward for thread 4: [-14.48, -16.89, -19.6] -16.99  Inventory: [0.0, 8.0, 0.0]  Order: [9.12, 9.34, 9.43] Demand: [9.115]
Reward for thread 5: [-11.84, -20.71, -21.88] -18.14  Inventory: [5.0, 12.0, 31.0]  Order: [3.26, 3.06, 2.97] Demand: [3.47]

 Algo happo Exp ippo_seed13_formal_v1 updates 816/3000 episodes, total num timesteps 817000/3000000, FPS 118.

Reward for thread 1: [-8.68, -14.1, -14.69] -12.49  Inventory: [0.0, 25.0, 23.0]  Order: [5.14, 5.02, 4.92] Demand: [5.355]
Reward for thread 2: [-10.88, -18.41, -18.82] -16.04  Inventory: [1.0, 5.0, 3.0]  Order: [3.04, 2.91, 2.69] Demand: [3.24]
Reward for thread 3: [-40.66, -27.69, -28.16] -32.17  Inventory: [0.0, 0.0, 0.0]  Order: [12.85, 12.96, 12.94] Demand: [12.66]
Reward for thread 4: [-27.82, -25.52, -23.74] -25.69  Inventory: [0.0, 0.0, 0.0]  Order: [11.02, 11.12, 10.96] Demand: [11.785]
Reward for thread 5: [-55.56, -30.27, -29.97] -38.6  Inventory: [0.0, 0.0, 0.0]  Order: [13.58, 13.6, 13.6] Demand: [13.69]

 Algo happo Exp ippo_seed13_formal_v1 updates 817/3000 episodes, total num timesteps 818000/3000000, FPS 118.

Reward for thread 1: [-67.7, -36.14, -32.6] -45.48  Inventory: [0.0, 0.0, 0.0]  Order: [13.65, 13.76, 13.7] Demand: [13.645]
Reward for thread 2: [-16.02, -19.1, -20.84] -18.65  Inventory: [3.0, 28.0, 25.0]  Order: [6.38, 6.28, 6.17] Demand: [6.605]
Reward for thread 3: [-17.52, -19.93, -18.95] -18.8  Inventory: [0.0, 14.0, 0.0]  Order: [12.35, 12.52, 12.43] Demand: [12.405]
Reward for thread 4: [-16.83, -18.57, -20.04] -18.48  Inventory: [0.0, 0.0, 0.0]  Order: [12.14, 12.14, 12.1] Demand: [12.185]
Reward for thread 5: [-53.88, -29.06, -29.72] -37.55  Inventory: [0.0, 0.0, 0.0]  Order: [13.94, 14.0, 14.01] Demand: [14.19]

 Algo happo Exp ippo_seed13_formal_v1 updates 818/3000 episodes, total num timesteps 819000/3000000, FPS 118.

Reward for thread 1: [-48.77, -24.36, -26.98] -33.37  Inventory: [0.0, 0.0, 0.0]  Order: [13.84, 13.89, 13.89] Demand: [14.225]
Reward for thread 2: [-31.81, -24.35, -24.91] -27.02  Inventory: [0.0, 0.0, 0.0]  Order: [11.92, 12.03, 11.92] Demand: [12.015]
Reward for thread 3: [-70.0, -35.68, -34.25] -46.64  Inventory: [0.0, 0.0, 0.0]  Order: [14.32, 14.34, 14.32] Demand: [15.03]
Reward for thread 4: [-11.63, -19.25, -20.24] -17.04  Inventory: [1.0, 11.0, 35.0]  Order: [6.0, 5.8, 5.72] Demand: [6.21]
Reward for thread 5: [-10.02, -17.03, -19.91] -15.65  Inventory: [0.0, 10.0, 16.0]  Order: [3.04, 2.84, 2.71] Demand: [3.26]

 Algo happo Exp ippo_seed13_formal_v1 updates 819/3000 episodes, total num timesteps 820000/3000000, FPS 118.

Reward for thread 1: [-24.71, -21.83, -22.36] -22.97  Inventory: [0.0, 0.0, 1.0]  Order: [13.08, 12.99, 13.04] Demand: [13.295]
Reward for thread 2: [-10.22, -15.97, -18.19] -14.79  Inventory: [4.0, 35.0, 23.0]  Order: [5.12, 5.07, 4.94] Demand: [5.345]
Reward for thread 3: [-9.12, -16.76, -18.29] -14.72  Inventory: [1.0, 23.0, 24.0]  Order: [1.62, 1.49, 1.36] Demand: [1.855]
Reward for thread 4: [-27.02, -22.79, -22.39] -24.07  Inventory: [0.0, 29.0, 25.0]  Order: [8.28, 8.18, 8.06] Demand: [8.515]
Reward for thread 5: [-8.25, -15.25, -15.42] -12.97  Inventory: [3.0, 23.0, 9.0]  Order: [1.95, 1.85, 1.7] Demand: [2.175]

Eval average reward:  -22.987  Eval ordering fluctuation measurement (downstream to upstream):  [0.7202622511598076, 0.9508863361542168, 1.194826858046479]

 Algo happo Exp ippo_seed13_formal_v1 updates 820/3000 episodes, total num timesteps 821000/3000000, FPS 118.

Reward for thread 1: [-12.27, -17.11, -18.45] -15.94  Inventory: [0.0, 0.0, 0.0]  Order: [7.04, 7.18, 7.05] Demand: [7.205]
Reward for thread 2: [-34.44, -24.17, -26.52] -28.38  Inventory: [0.0, 35.0, 21.0]  Order: [12.11, 12.18, 12.08] Demand: [12.125]
Reward for thread 3: [-14.45, -19.81, -18.94] -17.73  Inventory: [5.0, 0.0, 0.0]  Order: [9.52, 9.68, 9.66] Demand: [9.38]
Reward for thread 4: [-52.54, -28.44, -28.85] -36.61  Inventory: [0.0, 0.0, 0.0]  Order: [13.77, 13.87, 13.88] Demand: [14.51]
Reward for thread 5: [-11.2, -16.42, -18.0] -15.21  Inventory: [3.0, 31.0, 17.0]  Order: [2.02, 1.93, 1.78] Demand: [2.245]

 Algo happo Exp ippo_seed13_formal_v1 updates 821/3000 episodes, total num timesteps 822000/3000000, FPS 118.

Reward for thread 1: [-12.37, -18.97, -20.86] -17.4  Inventory: [0.0, 0.0, 0.0]  Order: [8.11, 7.89, 7.68] Demand: [8.125]
Reward for thread 2: [-40.26, -27.76, -26.32] -31.45  Inventory: [0.0, 0.0, 0.0]  Order: [12.82, 12.7, 12.6] Demand: [12.885]
Reward for thread 3: [-16.08, -23.14, -24.07] -21.1  Inventory: [0.0, 0.0, 18.0]  Order: [6.34, 6.2, 6.06] Demand: [6.49]
Reward for thread 4: [-9.77, -16.3, -18.08] -14.72  Inventory: [3.0, 38.0, 36.0]  Order: [4.25, 4.2, 4.14] Demand: [4.475]
Reward for thread 5: [-9.52, -14.52, -17.01] -13.68  Inventory: [0.0, 0.0, 0.0]  Order: [3.88, 3.73, 3.69] Demand: [3.835]

 Algo happo Exp ippo_seed13_formal_v1 updates 822/3000 episodes, total num timesteps 823000/3000000, FPS 118.

Reward for thread 1: [-43.71, -23.77, -27.09] -31.52  Inventory: [0.0, 32.0, 30.0]  Order: [10.98, 11.14, 11.14] Demand: [11.62]
Reward for thread 2: [-9.04, -14.7, -16.25] -13.33  Inventory: [0.0, 15.0, 16.0]  Order: [4.25, 4.14, 4.03] Demand: [4.41]
Reward for thread 3: [-12.29, -21.36, -20.62] -18.09  Inventory: [11.0, 44.0, 25.0]  Order: [1.72, 1.7, 1.57] Demand: [1.92]
Reward for thread 4: [-9.01, -12.76, -14.97] -12.25  Inventory: [6.0, 0.0, 0.0]  Order: [5.13, 5.17, 5.16] Demand: [5.16]
Reward for thread 5: [-102.23, -44.15, -44.04] -63.47  Inventory: [0.0, 4.0, 0.0]  Order: [12.38, 12.62, 12.7] Demand: [13.83]

 Algo happo Exp ippo_seed13_formal_v1 updates 823/3000 episodes, total num timesteps 824000/3000000, FPS 118.

Reward for thread 1: [-18.55, -17.12, -18.12] -17.93  Inventory: [0.0, 0.0, 4.0]  Order: [12.2, 12.08, 12.16] Demand: [12.13]
Reward for thread 2: [-13.51, -17.39, -17.77] -16.22  Inventory: [13.0, 29.0, 16.0]  Order: [7.66, 7.72, 7.75] Demand: [7.7]
Reward for thread 3: [-14.84, -20.15, -22.81] -19.27  Inventory: [0.0, 12.0, 2.0]  Order: [6.5, 6.49, 6.38] Demand: [6.495]
Reward for thread 4: [-62.14, -35.7, -32.9] -43.58  Inventory: [0.0, 0.0, 0.0]  Order: [12.94, 12.77, 12.74] Demand: [14.12]
Reward for thread 5: [-9.67, -13.53, -17.76] -13.65  Inventory: [0.0, 0.0, 14.0]  Order: [4.37, 4.16, 4.0] Demand: [4.575]

 Algo happo Exp ippo_seed13_formal_v1 updates 824/3000 episodes, total num timesteps 825000/3000000, FPS 118.

Reward for thread 1: [-54.6, -29.39, -31.31] -38.43  Inventory: [0.0, 0.0, 0.0]  Order: [11.72, 11.8, 11.8] Demand: [12.995]
Reward for thread 2: [-17.21, -21.14, -20.7] -19.68  Inventory: [0.0, 5.0, 14.0]  Order: [7.08, 7.0, 6.82] Demand: [7.23]
Reward for thread 3: [-9.93, -14.54, -15.52] -13.33  Inventory: [21.0, 44.0, 40.0]  Order: [6.68, 6.69, 6.68] Demand: [6.825]
Reward for thread 4: [-8.76, -14.54, -16.48] -13.26  Inventory: [2.0, 2.0, 9.0]  Order: [2.56, 2.38, 2.18] Demand: [2.77]
Reward for thread 5: [-111.9, -40.91, -44.26] -65.69  Inventory: [0.0, 0.0, 0.0]  Order: [13.82, 14.0, 14.0] Demand: [14.295]

Eval average reward:  -24.183583333333335  Eval ordering fluctuation measurement (downstream to upstream):  [0.7116928731308138, 0.9433030249018579, 1.2268392965663417]

 Algo happo Exp ippo_seed13_formal_v1 updates 825/3000 episodes, total num timesteps 826000/3000000, FPS 118.

Reward for thread 1: [-52.59, -33.83, -31.65] -39.36  Inventory: [10.0, 46.0, 55.0]  Order: [13.34, 13.34, 13.36] Demand: [13.395]
Reward for thread 2: [-63.99, -47.15, -35.36] -48.83  Inventory: [0.0, 0.0, 0.0]  Order: [14.86, 14.7, 14.72] Demand: [15.19]
Reward for thread 3: [-39.52, -34.37, -26.3] -33.4  Inventory: [0.0, 0.0, 0.0]  Order: [12.82, 12.92, 12.89] Demand: [12.955]
Reward for thread 4: [-13.28, -17.75, -17.76] -16.26  Inventory: [6.0, 23.0, 9.0]  Order: [7.88, 7.86, 7.82] Demand: [8.06]
Reward for thread 5: [-9.73, -14.78, -17.67] -14.06  Inventory: [2.0, 11.0, 27.0]  Order: [4.14, 3.96, 3.84] Demand: [4.345]

 Algo happo Exp ippo_seed13_formal_v1 updates 826/3000 episodes, total num timesteps 827000/3000000, FPS 118.

Reward for thread 1: [-8.93, -17.69, -16.64] -14.42  Inventory: [3.0, 16.0, 20.0]  Order: [2.17, 2.01, 1.86] Demand: [2.405]
Reward for thread 2: [-9.92, -14.96, -16.29] -13.72  Inventory: [0.0, 5.0, 7.0]  Order: [5.32, 5.22, 5.08] Demand: [5.475]
Reward for thread 3: [-15.55, -16.9, -18.36] -16.94  Inventory: [0.0, 4.0, 0.0]  Order: [11.72, 11.88, 11.82] Demand: [11.7]
Reward for thread 4: [-12.24, -16.56, -18.53] -15.78  Inventory: [10.0, 26.0, 4.0]  Order: [6.68, 6.78, 6.89] Demand: [6.665]
Reward for thread 5: [-9.96, -15.06, -15.74] -13.59  Inventory: [9.0, 21.0, 28.0]  Order: [5.5, 5.41, 5.3] Demand: [5.635]

 Algo happo Exp ippo_seed13_formal_v1 updates 827/3000 episodes, total num timesteps 828000/3000000, FPS 118.

Reward for thread 1: [-20.92, -17.28, -18.46] -18.89  Inventory: [0.0, 0.0, 7.0]  Order: [12.36, 12.28, 12.28] Demand: [12.685]
Reward for thread 2: [-10.34, -16.67, -16.65] -14.55  Inventory: [7.0, 19.0, 20.0]  Order: [4.99, 4.84, 4.69] Demand: [5.16]
Reward for thread 3: [-58.77, -31.63, -31.28] -40.56  Inventory: [0.0, 0.0, 0.0]  Order: [10.56, 10.46, 10.42] Demand: [11.275]
Reward for thread 4: [-9.16, -13.89, -16.3] -13.12  Inventory: [0.0, 3.0, 0.0]  Order: [4.88, 4.76, 4.68] Demand: [5.045]
Reward for thread 5: [-230.63, -114.74, -80.96] -142.11  Inventory: [0.0, 0.0, 0.0]  Order: [15.65, 15.13, 15.08] Demand: [17.065]

 Algo happo Exp ippo_seed13_formal_v1 updates 828/3000 episodes, total num timesteps 829000/3000000, FPS 118.

Reward for thread 1: [-111.22, -53.64, -45.58] -70.15  Inventory: [23.0, 6.0, 24.0]  Order: [15.05, 15.03, 15.08] Demand: [14.89]
Reward for thread 2: [-91.96, -49.55, -40.88] -60.8  Inventory: [0.0, 0.0, 0.0]  Order: [14.98, 14.84, 14.83] Demand: [16.1]
Reward for thread 3: [-16.91, -16.97, -20.67] -18.18  Inventory: [0.0, 6.0, 0.0]  Order: [9.22, 9.3, 9.36] Demand: [9.295]
Reward for thread 4: [-63.82, -40.98, -33.89] -46.23  Inventory: [0.0, 0.0, 0.0]  Order: [14.3, 14.12, 14.08] Demand: [15.08]
Reward for thread 5: [-11.97, -17.56, -20.65] -16.73  Inventory: [0.0, 18.0, 27.0]  Order: [5.94, 5.79, 5.68] Demand: [6.17]

 Algo happo Exp ippo_seed13_formal_v1 updates 829/3000 episodes, total num timesteps 830000/3000000, FPS 118.

Reward for thread 1: [-181.46, -105.6, -70.32] -119.13  Inventory: [0.0, 0.0, 0.0]  Order: [15.84, 14.44, 14.36] Demand: [15.765]
Reward for thread 2: [-62.07, -36.94, -33.02] -44.01  Inventory: [0.0, 0.0, 0.0]  Order: [13.46, 13.26, 13.24] Demand: [13.945]
Reward for thread 3: [-14.14, -20.22, -19.98] -18.11  Inventory: [0.0, 0.0, 31.0]  Order: [5.68, 5.44, 5.37] Demand: [5.835]
Reward for thread 4: [-28.22, -25.82, -24.01] -26.02  Inventory: [1.0, 0.0, 0.0]  Order: [11.08, 11.19, 11.1] Demand: [11.015]
Reward for thread 5: [-41.52, -24.57, -27.72] -31.27  Inventory: [0.0, 6.0, 19.0]  Order: [11.5, 11.39, 11.24] Demand: [11.635]

Eval average reward:  -27.95825  Eval ordering fluctuation measurement (downstream to upstream):  [0.6987791154410632, 0.9081632308518385, 1.21569060606244]

 Algo happo Exp ippo_seed13_formal_v1 updates 830/3000 episodes, total num timesteps 831000/3000000, FPS 118.

Reward for thread 1: [-18.17, -20.52, -19.55] -19.41  Inventory: [0.0, 0.0, 0.0]  Order: [9.98, 10.01, 9.96] Demand: [9.905]
Reward for thread 2: [-35.91, -24.29, -24.02] -28.07  Inventory: [0.0, 18.0, 0.0]  Order: [13.28, 13.5, 13.42] Demand: [13.54]
Reward for thread 3: [-41.02, -37.91, -27.86] -35.6  Inventory: [20.0, 42.0, 44.0]  Order: [11.14, 11.11, 11.08] Demand: [11.28]
Reward for thread 4: [-70.64, -39.87, -34.43] -48.31  Inventory: [0.0, 0.0, 0.0]  Order: [12.69, 12.36, 12.34] Demand: [13.92]
Reward for thread 5: [-56.37, -30.69, -29.49] -38.85  Inventory: [0.0, 0.0, 0.0]  Order: [11.41, 11.22, 11.2] Demand: [12.145]

 Algo happo Exp ippo_seed13_formal_v1 updates 831/3000 episodes, total num timesteps 832000/3000000, FPS 118.

Reward for thread 1: [-10.32, -16.52, -17.68] -14.84  Inventory: [5.0, 1.0, 0.0]  Order: [4.82, 4.74, 4.65] Demand: [4.985]
Reward for thread 2: [-12.08, -17.28, -16.88] -15.41  Inventory: [0.0, 0.0, 0.0]  Order: [8.16, 8.09, 7.96] Demand: [8.23]
Reward for thread 3: [-28.33, -21.86, -20.6] -23.6  Inventory: [3.0, 19.0, 33.0]  Order: [8.9, 8.78, 8.7] Demand: [9.02]
Reward for thread 4: [-25.1, -22.65, -20.51] -22.75  Inventory: [0.0, 0.0, 7.0]  Order: [11.66, 11.68, 11.74] Demand: [11.815]
Reward for thread 5: [-44.98, -30.97, -29.02] -34.99  Inventory: [0.0, 0.0, 0.0]  Order: [12.02, 12.03, 11.94] Demand: [12.035]

 Algo happo Exp ippo_seed13_formal_v1 updates 832/3000 episodes, total num timesteps 833000/3000000, FPS 118.

Reward for thread 1: [-15.22, -21.62, -21.94] -19.59  Inventory: [0.0, 0.0, 0.0]  Order: [8.0, 7.98, 7.95] Demand: [7.975]
Reward for thread 2: [-26.11, -25.2, -23.91] -25.07  Inventory: [4.0, 28.0, 17.0]  Order: [6.58, 6.48, 6.34] Demand: [6.81]
Reward for thread 3: [-40.87, -28.61, -28.74] -32.74  Inventory: [0.0, 0.0, 0.0]  Order: [11.02, 11.03, 10.97] Demand: [11.69]
Reward for thread 4: [-10.52, -16.76, -18.49] -15.26  Inventory: [0.0, 0.0, 10.0]  Order: [4.5, 4.3, 4.11] Demand: [4.585]
Reward for thread 5: [-29.71, -21.15, -23.64] -24.83  Inventory: [0.0, 0.0, 0.0]  Order: [10.61, 10.78, 10.74] Demand: [11.36]

 Algo happo Exp ippo_seed13_formal_v1 updates 833/3000 episodes, total num timesteps 834000/3000000, FPS 118.

Reward for thread 1: [-8.88, -14.07, -15.54] -12.83  Inventory: [9.0, 27.0, 29.0]  Order: [4.86, 4.76, 4.66] Demand: [5.04]
Reward for thread 2: [-18.17, -16.85, -20.3] -18.44  Inventory: [0.0, 0.0, 0.0]  Order: [10.34, 10.28, 10.24] Demand: [10.405]
Reward for thread 3: [-33.62, -21.28, -22.71] -25.87  Inventory: [0.0, 0.0, 0.0]  Order: [13.82, 13.85, 13.88] Demand: [13.73]
Reward for thread 4: [-77.29, -34.77, -34.83] -48.96  Inventory: [0.0, 0.0, 0.0]  Order: [13.78, 13.82, 13.79] Demand: [15.175]
Reward for thread 5: [-93.11, -52.51, -44.99] -63.54  Inventory: [0.0, 0.0, 4.0]  Order: [12.16, 12.04, 11.93] Demand: [12.335]

 Algo happo Exp ippo_seed13_formal_v1 updates 834/3000 episodes, total num timesteps 835000/3000000, FPS 118.

Reward for thread 1: [-42.68, -25.89, -24.74] -31.1  Inventory: [21.0, 5.0, 21.0]  Order: [13.79, 13.85, 13.8] Demand: [13.71]
Reward for thread 2: [-9.44, -16.11, -16.96] -14.17  Inventory: [0.0, 27.0, 27.0]  Order: [3.58, 3.47, 3.36] Demand: [3.815]
Reward for thread 3: [-10.68, -15.47, -16.27] -14.14  Inventory: [9.0, 37.0, 17.0]  Order: [7.14, 7.1, 7.08] Demand: [7.28]
Reward for thread 4: [-50.68, -30.94, -30.23] -37.28  Inventory: [0.0, 23.0, 5.0]  Order: [9.54, 9.47, 9.4] Demand: [9.76]
Reward for thread 5: [-8.96, -14.4, -16.04] -13.13  Inventory: [2.0, 27.0, 25.0]  Order: [4.18, 4.07, 3.94] Demand: [4.41]

Eval average reward:  -25.477583333333335  Eval ordering fluctuation measurement (downstream to upstream):  [0.7012537322355681, 0.9222826501450865, 1.219449031193567]

 Algo happo Exp ippo_seed13_formal_v1 updates 835/3000 episodes, total num timesteps 836000/3000000, FPS 118.

Reward for thread 1: [-13.33, -19.36, -24.02] -18.9  Inventory: [17.0, 26.0, 34.0]  Order: [2.97, 2.85, 2.78] Demand: [3.135]
Reward for thread 2: [-9.46, -14.91, -15.11] -13.16  Inventory: [0.0, 15.0, 14.0]  Order: [4.33, 4.21, 4.15] Demand: [4.52]
Reward for thread 3: [-10.03, -16.12, -17.74] -14.63  Inventory: [0.0, 15.0, 20.0]  Order: [3.72, 3.56, 3.48] Demand: [3.96]
Reward for thread 4: [-98.19, -38.17, -42.13] -59.5  Inventory: [8.0, 40.0, 5.0]  Order: [12.63, 12.88, 12.96] Demand: [12.64]
Reward for thread 5: [-85.85, -46.39, -41.15] -57.8  Inventory: [1.0, 13.0, 19.0]  Order: [14.4, 14.31, 14.16] Demand: [14.52]

 Algo happo Exp ippo_seed13_formal_v1 updates 836/3000 episodes, total num timesteps 837000/3000000, FPS 118.

Reward for thread 1: [-15.59, -15.58, -18.48] -16.55  Inventory: [5.0, 29.0, 36.0]  Order: [8.24, 8.32, 8.25] Demand: [8.4]
Reward for thread 2: [-81.31, -93.21, -46.54] -73.69  Inventory: [0.0, 0.0, 0.0]  Order: [10.66, 7.82, 7.74] Demand: [10.785]
Reward for thread 3: [-49.34, -31.77, -28.94] -36.68  Inventory: [2.0, 9.0, 34.0]  Order: [10.88, 10.76, 10.72] Demand: [10.97]
Reward for thread 4: [-10.89, -19.66, -20.95] -17.17  Inventory: [0.0, 11.0, 21.0]  Order: [3.16, 2.98, 2.84] Demand: [3.34]
Reward for thread 5: [-175.1, -57.54, -58.81] -97.15  Inventory: [0.0, 0.0, 0.0]  Order: [16.08, 16.19, 16.2] Demand: [17.77]

 Algo happo Exp ippo_seed13_formal_v1 updates 837/3000 episodes, total num timesteps 838000/3000000, FPS 118.

Reward for thread 1: [-74.67, -60.26, -38.41] -57.78  Inventory: [0.0, 0.0, 37.0]  Order: [13.62, 12.0, 12.0] Demand: [13.76]
Reward for thread 2: [-11.9, -20.83, -20.83] -17.85  Inventory: [0.0, 13.0, 18.0]  Order: [3.48, 3.32, 3.17] Demand: [3.695]
Reward for thread 3: [-136.32, -60.92, -50.06] -82.43  Inventory: [0.0, 0.0, 0.0]  Order: [15.78, 15.12, 15.03] Demand: [16.55]
Reward for thread 4: [-15.75, -19.36, -20.0] -18.37  Inventory: [0.0, 0.0, 0.0]  Order: [7.92, 7.84, 7.7] Demand: [8.085]
Reward for thread 5: [-16.49, -22.56, -22.62] -20.56  Inventory: [0.0, 17.0, 7.0]  Order: [7.9, 7.79, 7.59] Demand: [8.115]

 Algo happo Exp ippo_seed13_formal_v1 updates 838/3000 episodes, total num timesteps 839000/3000000, FPS 118.

Reward for thread 1: [-13.77, -22.1, -18.23] -18.03  Inventory: [5.0, 13.0, 22.0]  Order: [2.08, 1.91, 1.78] Demand: [2.27]
Reward for thread 2: [-12.54, -17.76, -15.36] -15.22  Inventory: [0.0, 0.0, 0.0]  Order: [6.68, 6.68, 6.68] Demand: [6.7]
Reward for thread 3: [-12.91, -18.84, -19.03] -16.93  Inventory: [0.0, 0.0, 5.0]  Order: [7.41, 7.34, 7.31] Demand: [7.455]
Reward for thread 4: [-21.01, -19.7, -20.58] -20.43  Inventory: [9.0, 19.0, 1.0]  Order: [10.32, 10.32, 10.25] Demand: [10.465]
Reward for thread 5: [-26.09, -21.86, -22.84] -23.6  Inventory: [0.0, 0.0, 0.0]  Order: [9.18, 9.36, 9.34] Demand: [9.315]

 Algo happo Exp ippo_seed13_formal_v1 updates 839/3000 episodes, total num timesteps 840000/3000000, FPS 118.

Reward for thread 1: [-26.27, -21.84, -22.24] -23.45  Inventory: [0.0, 0.0, 0.0]  Order: [10.36, 10.44, 10.34] Demand: [10.59]
Reward for thread 2: [-25.76, -23.54, -23.9] -24.4  Inventory: [0.0, 18.0, 56.0]  Order: [8.6, 8.46, 8.49] Demand: [8.725]
Reward for thread 3: [-9.67, -16.0, -17.08] -14.25  Inventory: [0.0, 5.0, 20.0]  Order: [3.68, 3.46, 3.32] Demand: [3.865]
Reward for thread 4: [-30.64, -20.02, -22.13] -24.26  Inventory: [0.0, 0.0, 0.0]  Order: [10.82, 10.99, 10.94] Demand: [11.035]
Reward for thread 5: [-12.34, -20.81, -21.37] -18.17  Inventory: [2.0, 4.0, 5.0]  Order: [5.32, 5.3, 5.24] Demand: [5.465]

Eval average reward:  -23.062  Eval ordering fluctuation measurement (downstream to upstream):  [0.7278548543556276, 0.8992883847754491, 1.2189781570510283]
Training finished because of no imporvement for 40 evaluations
LEARNING_CURVE_COMPLETED {"actual_algorithm": "ippo", "seed": 13, "requested_budget": 3000000, "completed_steps": 840000, "stop_reason": "official_early_stop", "initial_eval_cost": 570.2488333333333, "final_eval_cost": 23.062, "best_observed_evaluation": {"step": 640000, "phase": "evaluation", "mean_actor_period_cost": 20.399833333333333}, "official_best_cost": 20.399833333333333, "best_scheduled_evaluation": {"step": 640000, "phase": "evaluation", "mean_actor_period_cost": 20.399833333333333}, "final_model_directory": "C:\\Users\\13384\\.codex\\worktrees\\zaiqu-formal-bc\\external\\results\\MyEnv\\Emergency_Replenishment_Compatibility\\happo\\ippo_seed13_formal_v1\\run_seed_14\\final_models", "max_reload_error": 0.0, "eval_traces": 20, "interpretation": "single-seed learning observation, not convergence or superiority evidence", "stability": {"stable": false, "steps": 840000, "minimum_steps": 100000, "window": 10, "median_change_limit": 0.01, "recent_cv_limit": 0.05, "best_change_limit": 0.01, "median_change": 0.01978359712033255, "best_change": 0.04696022349341497, "recent_cv": 0.08681863841792056}}
